Frame,Time,Object,Type,State,Action,Target,TargetX,TargetY,TargetZ,CurrentX,CurrentY,CurrentZ,NextX,NextY,NextZ,AIType,CPU(ms)
120,0.51,AgentPrefab,Agent,IdleState,Idling,Goal,0.00,0.00,0.00,0.00,0.00,0.00,0.00,0.00,0.00,DStar,
121,0.53,AgentPrefab,Agent,SearchState,Searching,Goal,0.00,0.00,0.00,0.00,0.00,0.00,0.00,0.00,0.00,DStar,
122,0.54,AgentPrefab,Agent,SearchState,Searching,Goal,0.00,0.00,0.00,0.00,0.00,0.00,0.00,0.00,0.00,DStar,
123,0.54,AgentPrefab,Agent,SearchState,Searching,Goal,0.00,0.00,0.00,0.00,0.00,0.00,0.00,0.00,0.00,DStar,
124,0.55,AgentPrefab,Agent,SearchState,Searching,Goal,0.00,0.00,0.00,0.00,0.00,0.00,0.00,0.00,0.00,DStar,
125,0.55,AgentPrefab,Agent,SearchState,Searching,Goal,0.00,0.00,0.00,0.00,0.00,0.00,0.00,0.00,0.00,DStar,
126,0.56,AgentPrefab,Agent,SearchState,Searching,Goal,0.00,0.00,0.00,0.00,0.00,0.00,0.00,0.00,0.00,DStar,
127,0.57,AgentPrefab,Agent,SearchState,Searching,Goal,0.00,0.00,0.00,0.00,0.00,0.00,0.00,0.00,0.00,DStar,
128,0.58,AgentPrefab,Agent,SearchState,Searching,Goal,0.00,0.00,0.00,0.00,0.00,0.00,0.00,0.00,0.00,DStar,
129,0.59,AgentPrefab,Agent,SearchState,Searching,Goal,0.00,0.00,0.00,0.00,0.00,0.00,0.00,0.00,0.00,DStar,
130,0.59,AgentPrefab,Agent,SearchState,Searching,Goal,0.00,0.00,0.00,0.00,0.00,0.00,0.00,0.00,0.00,DStar,
131,0.60,AgentPrefab,Agent,SearchState,Searching,Goal,0.00,0.00,0.00,0.00,0.00,0.00,0.00,0.00,0.00,DStar,
132,0.61,AgentPrefab,Agent,SearchState,Searching,Goal,0.00,0.00,0.00,0.00,0.00,0.00,0.00,0.00,0.00,DStar,
133,0.62,AgentPrefab,Agent,SearchState,Searching,Goal,0.00,0.00,0.00,0.00,0.00,0.00,0.00,0.00,0.00,DStar,
134,0.63,AgentPrefab,Agent,SearchState,Searching,Goal,0.00,0.00,0.00,0.00,0.00,0.00,0.00,0.00,0.00,DStar,
135,0.63,AgentPrefab,Agent,SearchState,Searching,Goal,0.00,0.00,0.00,0.00,0.00,0.00,0.00,0.00,0.00,DStar,
136,0.64,AgentPrefab,Agent,SearchState,Searching,Goal,0.00,0.00,0.00,0.00,0.00,0.00,0.00,0.00,0.00,DStar,
137,0.65,AgentPrefab,Agent,SearchState,Searching,Goal,0.00,0.00,0.00,0.00,0.00,0.00,0.00,0.00,0.00,DStar,
138,0.65,AgentPrefab,Agent,SearchState,Searching,Goal,0.00,0.00,0.00,0.00,0.00,0.00,0.00,0.00,0.00,DStar,
139,0.66,AgentPrefab,Agent,SearchState,Searching,Goal,0.00,0.00,0.00,0.00,0.00,0.00,0.00,0.00,0.00,DStar,
140,0.67,AgentPrefab,Agent,SearchState,Searching,Goal,0.00,0.00,0.00,0.00,0.00,0.00,0.00,0.00,0.00,DStar,
141,0.68,AgentPrefab,Agent,SearchState,Searching,Goal,0.00,0.00,0.00,0.00,0.00,0.00,0.00,0.00,0.00,DStar,
142,0.68,AgentPrefab,Agent,SearchState,Searching,Goal,0.00,0.00,0.00,0.00,0.00,0.00,0.00,0.00,0.00,DStar,
143,0.69,AgentPrefab,Agent,SearchState,Searching,Goal,0.00,0.00,0.00,0.00,0.00,0.00,0.00,0.00,0.00,DStar,
144,0.70,AgentPrefab,Agent,SearchState,Searching,Goal,0.00,0.00,0.00,0.00,0.00,0.00,0.00,0.00,0.00,DStar,
145,0.70,AgentPrefab,Agent,SearchState,Searching,Goal,0.00,0.00,0.00,0.00,0.00,0.00,0.00,0.00,0.00,DStar,
146,0.71,AgentPrefab,Agent,SearchState,Searching,Goal,0.00,0.00,0.00,0.00,0.00,0.00,0.00,0.00,0.00,DStar,
147,0.71,AgentPrefab,Agent,SearchState,Searching,Goal,0.00,0.00,0.00,0.00,0.00,0.00,0.00,0.00,0.00,DStar,
148,0.72,AgentPrefab,Agent,SearchState,Searching,Goal,0.00,0.00,0.00,0.00,0.00,0.00,0.00,0.00,0.00,DStar,
149,0.73,AgentPrefab,Agent,SearchState,Searching,Goal,0.00,0.00,0.00,0.00,0.00,0.00,0.00,0.00,0.00,DStar,
150,0.73,AgentPrefab,Agent,SearchState,Searching,Goal,0.00,0.00,0.00,0.00,0.00,0.00,0.00,0.00,0.00,DStar,
151,0.74,AgentPrefab,Agent,SearchState,Searching,Goal,0.00,0.00,0.00,0.00,0.00,0.00,0.00,0.00,0.00,DStar,
152,0.74,AgentPrefab,Agent,SearchState,Searching,Goal,0.00,0.00,0.00,0.00,0.00,0.00,0.00,0.00,0.00,DStar,
153,0.75,AgentPrefab,Agent,SearchState,Searching,Goal,0.00,0.00,0.00,0.00,0.00,0.00,0.00,0.00,0.00,DStar,
154,0.76,AgentPrefab,Agent,SearchState,Searching,Goal,0.00,0.00,0.00,0.00,0.00,0.00,0.00,0.00,0.00,DStar,
155,0.76,AgentPrefab,Agent,SearchState,Searching,Goal,0.00,0.00,0.00,0.00,0.00,0.00,0.00,0.00,0.00,DStar,
156,0.77,AgentPrefab,Agent,SearchState,Searching,Goal,0.00,0.00,0.00,0.00,0.00,0.00,0.00,0.00,0.00,DStar,
157,0.77,AgentPrefab,Agent,SearchState,Searching,Goal,0.00,0.00,0.00,0.00,0.00,0.00,0.00,0.00,0.00,DStar,
158,0.78,AgentPrefab,Agent,SearchState,Searching,Goal,0.00,0.00,0.00,0.00,0.00,0.00,0.00,0.00,0.00,DStar,
159,0.79,AgentPrefab,Agent,SearchState,Searching,Goal,0.00,0.00,0.00,0.00,0.00,0.00,0.00,0.00,0.00,DStar,
160,0.79,AgentPrefab,Agent,SearchState,Searching,Goal,0.00,0.00,0.00,0.00,0.00,0.00,0.00,0.00,0.00,DStar,
161,0.80,AgentPrefab,Agent,SearchState,Searching,Goal,0.00,0.00,0.00,0.00,0.00,0.00,0.00,0.00,0.00,DStar,
162,0.81,AgentPrefab,Agent,SearchState,Searching,Goal,0.00,0.00,0.00,0.00,0.00,0.00,0.00,0.00,0.00,DStar,
163,0.81,AgentPrefab,Agent,SearchState,Searching,Goal,0.00,0.00,0.00,0.00,0.00,0.00,0.00,0.00,0.00,DStar,
164,0.82,AgentPrefab,Agent,SearchState,Searching,Goal,0.00,0.00,0.00,0.00,0.00,0.00,0.00,0.00,0.00,DStar,
165,0.82,AgentPrefab,Agent,SearchState,Searching,Goal,0.00,0.00,0.00,0.00,0.00,0.00,0.00,0.00,0.00,DStar,
166,0.83,AgentPrefab,Agent,SearchState,Searching,Goal,0.00,0.00,0.00,0.00,0.00,0.00,0.00,0.00,0.00,DStar,
167,0.84,AgentPrefab,Agent,SearchState,Searching,Goal,0.00,0.00,0.00,0.00,0.00,0.00,0.00,0.00,0.00,DStar,
168,0.84,AgentPrefab,Agent,SearchState,Searching,Goal,0.00,0.00,0.00,0.00,0.00,0.00,0.00,0.00,0.00,DStar,
169,0.85,AgentPrefab,Agent,SearchState,Searching,Goal,0.00,0.00,0.00,0.00,0.00,0.00,0.00,0.00,0.00,DStar,
170,0.85,AgentPrefab,Agent,SearchState,Searching,Goal,0.00,0.00,0.00,0.00,0.00,0.00,0.00,0.00,0.00,DStar,
171,0.86,AgentPrefab,Agent,SearchState,Searching,Goal,0.00,0.00,0.00,0.00,0.00,0.00,0.00,0.00,0.00,DStar,
172,0.87,AgentPrefab,Agent,SearchState,Searching,Goal,0.00,0.00,0.00,0.00,0.00,0.00,0.00,0.00,0.00,DStar,
173,0.87,AgentPrefab,Agent,SearchState,Searching,Goal,0.00,0.00,0.00,0.00,0.00,0.00,0.00,0.00,0.00,DStar,
174,0.88,AgentPrefab,Agent,SearchState,Searching,Goal,0.00,0.00,0.00,0.00,0.00,0.00,0.00,0.00,0.00,DStar,
175,0.89,AgentPrefab,Agent,SearchState,Searching,Goal,0.00,0.00,0.00,0.00,0.00,0.00,0.00,0.00,0.00,DStar,
176,0.89,AgentPrefab,Agent,SearchState,Searching,Goal,0.00,0.00,0.00,0.00,0.00,0.00,0.00,0.00,0.00,DStar,
177,0.90,AgentPrefab,Agent,SearchState,Searching,Goal,0.00,0.00,0.00,0.00,0.00,0.00,0.00,0.00,0.00,DStar,
178,0.90,AgentPrefab,Agent,SearchState,Searching,Goal,0.00,0.00,0.00,0.00,0.00,0.00,0.00,0.00,0.00,DStar,
179,0.91,AgentPrefab,Agent,SearchState,Searching,Goal,0.00,0.00,0.00,0.00,0.00,0.00,0.00,0.00,0.00,DStar,
180,0.92,AgentPrefab,Agent,SearchState,Searching,Goal,0.00,0.00,0.00,0.00,0.00,0.00,0.00,0.00,0.00,DStar,
181,0.92,AgentPrefab,Agent,SearchState,Searching,Goal,0.00,0.00,0.00,0.00,0.00,0.00,0.00,0.00,0.00,DStar,
182,0.93,AgentPrefab,Agent,SearchState,Searching,Goal,0.00,0.00,0.00,0.00,0.00,0.00,0.00,0.00,0.00,DStar,
183,0.93,AgentPrefab,Agent,SearchState,Searching,Goal,0.00,0.00,0.00,0.00,0.00,0.00,0.00,0.00,0.00,DStar,
184,0.94,AgentPrefab,Agent,SearchState,Searching,Goal,0.00,0.00,0.00,0.00,0.00,0.00,0.00,0.00,0.00,DStar,
185,0.95,AgentPrefab,Agent,SearchState,Searching,Goal,0.00,0.00,0.00,0.00,0.00,0.00,0.00,0.00,0.00,DStar,
186,0.95,AgentPrefab,Agent,SearchState,Searching,Goal,0.00,0.00,0.00,0.00,0.00,0.00,0.00,0.00,0.00,DStar,
187,0.96,AgentPrefab,Agent,SearchState,Searching,Goal,0.00,0.00,0.00,0.00,0.00,0.00,0.00,0.00,0.00,DStar,
188,0.96,AgentPrefab,Agent,SearchState,Searching,Goal,0.00,0.00,0.00,0.00,0.00,0.00,0.00,0.00,0.00,DStar,
189,0.97,AgentPrefab,Agent,SearchState,Searching,Goal,0.00,0.00,0.00,0.00,0.00,0.00,0.00,0.00,0.00,DStar,
190,0.98,AgentPrefab,Agent,SearchState,Searching,Goal,0.00,0.00,0.00,0.00,0.00,0.00,0.00,0.00,0.00,DStar,
191,0.98,AgentPrefab,Agent,SearchState,Searching,Goal,0.00,0.00,0.00,0.00,0.00,0.00,0.00,0.00,0.00,DStar,
192,0.99,AgentPrefab,Agent,SearchState,Searching,Goal,0.00,0.00,0.00,0.00,0.00,0.00,0.00,0.00,0.00,DStar,
193,0.99,AgentPrefab,Agent,SearchState,Searching,Goal,0.00,0.00,0.00,0.00,0.00,0.00,0.00,0.00,0.00,DStar,
194,1.00,AgentPrefab,Agent,SearchState,Searching,Goal,0.00,0.00,0.00,0.00,0.00,0.00,0.00,0.00,0.00,DStar,
195,1.01,AgentPrefab,Agent,SearchState,Searching,Goal,0.00,0.00,0.00,0.00,0.00,0.00,0.00,0.00,0.00,DStar,
195,1.01,AIManager,Performance,Pathfinding,Executed,DStar,0.00,0.00,0.00,0.00,0.00,0.00,0.00,0.00,0.00,DStar,233.987
196,1.25,AgentPrefab,Agent,SearchState,Searching,Goal,20.00,0.00,10.00,0.00,0.00,0.00,0.00,0.00,0.00,DStar,
196,1.25,AgentPrefab,Agent,MoveState,Moving,Goal,20.00,0.00,10.00,0.00,0.00,0.00,0.00,0.00,0.00,DStar,
197,1.27,AgentPrefab,Agent,MoveState,Moving,Goal,20.00,0.00,10.00,0.00,0.00,0.00,0.00,0.00,0.00,DStar,
198,1.27,AgentPrefab,Agent,MoveState,Moving,Goal,20.00,0.00,10.00,0.00,0.00,0.00,20.00,0.00,10.00,DStar,
199,1.29,AgentPrefab,Agent,MoveState,Moving,Goal,20.00,0.00,10.00,0.01,0.00,0.01,20.00,0.00,10.00,DStar,
200,1.29,AgentPrefab,Agent,MoveState,Moving,Goal,20.00,0.00,10.00,0.04,0.00,0.02,20.00,0.00,10.00,DStar,
201,1.30,AgentPrefab,Agent,MoveState,Moving,Goal,20.00,0.00,10.00,0.05,0.00,0.02,20.00,0.00,10.00,DStar,
202,1.30,AgentPrefab,Agent,MoveState,Moving,Goal,20.00,0.00,10.00,0.06,0.00,0.03,20.00,0.00,10.00,DStar,
203,1.31,AgentPrefab,Agent,MoveState,Moving,Goal,20.00,0.00,10.00,0.07,0.00,0.03,20.00,0.00,10.00,DStar,
204,1.32,AgentPrefab,Agent,MoveState,Moving,Goal,20.00,0.00,10.00,0.08,0.00,0.04,20.00,0.00,10.00,DStar,
205,1.32,AgentPrefab,Agent,MoveState,Moving,Goal,20.00,0.00,10.00,0.09,0.00,0.05,20.00,0.00,10.00,DStar,
206,1.33,AgentPrefab,Agent,MoveState,Moving,Goal,20.00,0.00,10.00,0.10,0.00,0.05,20.00,0.00,10.00,DStar,
207,1.34,AgentPrefab,Agent,MoveState,Moving,Goal,20.00,0.00,10.00,0.12,0.00,0.06,20.00,0.00,10.00,DStar,
208,1.34,AgentPrefab,Agent,MoveState,Moving,Goal,20.00,0.00,10.00,0.13,0.00,0.06,20.00,0.00,10.00,DStar,
209,1.35,AgentPrefab,Agent,MoveState,Moving,Goal,20.00,0.00,10.00,0.14,0.00,0.07,20.00,0.00,10.00,DStar,
210,1.36,AgentPrefab,Agent,MoveState,Moving,Goal,20.00,0.00,10.00,0.15,0.00,0.08,20.00,0.00,10.00,DStar,
211,1.36,AgentPrefab,Agent,MoveState,Moving,Goal,20.00,0.00,10.00,0.16,0.00,0.08,20.00,0.00,10.00,DStar,
212,1.37,AgentPrefab,Agent,MoveState,Moving,Goal,20.00,0.00,10.00,0.17,0.00,0.09,20.00,0.00,10.00,DStar,
213,1.37,AgentPrefab,Agent,MoveState,Moving,Goal,20.00,0.00,10.00,0.18,0.00,0.09,20.00,0.00,10.00,DStar,
214,1.38,AgentPrefab,Agent,MoveState,Moving,Goal,20.00,0.00,10.00,0.20,0.00,0.10,20.00,0.00,10.00,DStar,
215,1.39,AgentPrefab,Agent,MoveState,Moving,Goal,20.00,0.00,10.00,0.21,0.00,0.10,20.00,0.00,10.00,DStar,
216,1.39,AgentPrefab,Agent,MoveState,Moving,Goal,20.00,0.00,10.00,0.22,0.00,0.11,20.00,0.00,10.00,DStar,
217,1.40,AgentPrefab,Agent,MoveState,Moving,Goal,20.00,0.00,10.00,0.23,0.00,0.11,20.00,0.00,10.00,DStar,
218,1.41,AgentPrefab,Agent,MoveState,Moving,Goal,20.00,0.00,10.00,0.24,0.00,0.12,20.00,0.00,10.00,DStar,
219,1.41,AgentPrefab,Agent,MoveState,Moving,Goal,20.00,0.00,10.00,0.25,0.00,0.13,20.00,0.00,10.00,DStar,
220,1.42,AgentPrefab,Agent,MoveState,Moving,Goal,20.00,0.00,10.00,0.26,0.00,0.13,20.00,0.00,10.00,DStar,
221,1.43,AgentPrefab,Agent,MoveState,Moving,Goal,20.00,0.00,10.00,0.28,0.00,0.14,20.00,0.00,10.00,DStar,
222,1.43,AgentPrefab,Agent,MoveState,Moving,Goal,20.00,0.00,10.00,0.29,0.00,0.14,20.00,0.00,10.00,DStar,
223,1.44,AgentPrefab,Agent,MoveState,Moving,Goal,20.00,0.00,10.00,0.30,0.00,0.15,20.00,0.00,10.00,DStar,
224,1.44,AgentPrefab,Agent,MoveState,Moving,Goal,20.00,0.00,10.00,0.31,0.00,0.15,20.00,0.00,10.00,DStar,
225,1.45,AgentPrefab,Agent,MoveState,Moving,Goal,20.00,0.00,10.00,0.32,0.00,0.16,20.00,0.00,10.00,DStar,
226,1.46,AgentPrefab,Agent,MoveState,Moving,Goal,20.00,0.00,10.00,0.33,0.00,0.17,20.00,0.00,10.00,DStar,
227,1.46,AgentPrefab,Agent,MoveState,Moving,Goal,20.00,0.00,10.00,0.34,0.00,0.17,20.00,0.00,10.00,DStar,
228,1.47,AgentPrefab,Agent,MoveState,Moving,Goal,20.00,0.00,10.00,0.36,0.00,0.18,20.00,0.00,10.00,DStar,
229,1.48,AgentPrefab,Agent,MoveState,Moving,Goal,20.00,0.00,10.00,0.37,0.00,0.18,20.00,0.00,10.00,DStar,
230,1.48,AgentPrefab,Agent,MoveState,Moving,Goal,20.00,0.00,10.00,0.38,0.00,0.19,20.00,0.00,10.00,DStar,
231,1.49,AgentPrefab,Agent,MoveState,Moving,Goal,20.00,0.00,10.00,0.39,0.00,0.19,20.00,0.00,10.00,DStar,
232,1.50,AgentPrefab,Agent,MoveState,Moving,Goal,20.00,0.00,10.00,0.40,0.00,0.20,20.00,0.00,10.00,DStar,
233,1.50,AgentPrefab,Agent,MoveState,Moving,Goal,20.00,0.00,10.00,0.41,0.00,0.21,20.00,0.00,10.00,DStar,
234,1.51,AgentPrefab,Agent,MoveState,Moving,Goal,20.00,0.00,10.00,0.42,0.00,0.21,20.00,0.00,10.00,DStar,
235,1.51,AgentPrefab,Agent,MoveState,Moving,Goal,20.00,0.00,10.00,0.43,0.00,0.22,20.00,0.00,10.00,DStar,
236,1.52,AgentPrefab,Agent,MoveState,Moving,Goal,20.00,0.00,10.00,0.44,0.00,0.22,20.00,0.00,10.00,DStar,
237,1.53,AgentPrefab,Agent,MoveState,Moving,Goal,20.00,0.00,10.00,0.46,0.00,0.23,20.00,0.00,10.00,DStar,
238,1.53,AgentPrefab,Agent,MoveState,Moving,Goal,20.00,0.00,10.00,0.47,0.00,0.23,20.00,0.00,10.00,DStar,
239,1.54,AgentPrefab,Agent,MoveState,Moving,Goal,20.00,0.00,10.00,0.48,0.00,0.24,20.00,0.00,10.00,DStar,
240,1.55,AgentPrefab,Agent,MoveState,Moving,Goal,20.00,0.00,10.00,0.49,0.00,0.25,20.00,0.00,10.00,DStar,
241,1.55,AgentPrefab,Agent,MoveState,Moving,Goal,20.00,0.00,10.00,0.50,0.00,0.25,20.00,0.00,10.00,DStar,
242,1.56,AgentPrefab,Agent,MoveState,Moving,Goal,20.00,0.00,10.00,0.51,0.00,0.26,20.00,0.00,10.00,DStar,
243,1.57,AgentPrefab,Agent,MoveState,Moving,Goal,20.00,0.00,10.00,0.52,0.00,0.26,20.00,0.00,10.00,DStar,
244,1.57,AgentPrefab,Agent,MoveState,Moving,Goal,20.00,0.00,10.00,0.54,0.00,0.27,20.00,0.00,10.00,DStar,
245,1.58,AgentPrefab,Agent,MoveState,Moving,Goal,20.00,0.00,10.00,0.55,0.00,0.27,20.00,0.00,10.00,DStar,
246,1.58,AgentPrefab,Agent,MoveState,Moving,Goal,20.00,0.00,10.00,0.56,0.00,0.28,20.00,0.00,10.00,DStar,
247,1.59,AgentPrefab,Agent,MoveState,Moving,Goal,20.00,0.00,10.00,0.57,0.00,0.28,20.00,0.00,10.00,DStar,
248,1.60,AgentPrefab,Agent,MoveState,Moving,Goal,20.00,0.00,10.00,0.58,0.00,0.29,20.00,0.00,10.00,DStar,
249,1.60,AgentPrefab,Agent,MoveState,Moving,Goal,20.00,0.00,10.00,0.59,0.00,0.30,20.00,0.00,10.00,DStar,
250,1.61,AgentPrefab,Agent,MoveState,Moving,Goal,20.00,0.00,10.00,0.60,0.00,0.30,20.00,0.00,10.00,DStar,
251,1.62,AgentPrefab,Agent,MoveState,Moving,Goal,20.00,0.00,10.00,0.61,0.00,0.31,20.00,0.00,10.00,DStar,
252,1.62,AgentPrefab,Agent,MoveState,Moving,Goal,20.00,0.00,10.00,0.63,0.00,0.31,20.00,0.00,10.00,DStar,
253,1.63,AgentPrefab,Agent,MoveState,Moving,Goal,20.00,0.00,10.00,0.64,0.00,0.32,20.00,0.00,10.00,DStar,
254,1.63,AgentPrefab,Agent,MoveState,Moving,Goal,20.00,0.00,10.00,0.65,0.00,0.32,20.00,0.00,10.00,DStar,
255,1.64,AgentPrefab,Agent,MoveState,Moving,Goal,20.00,0.00,10.00,0.66,0.00,0.33,20.00,0.00,10.00,DStar,
256,1.65,AgentPrefab,Agent,MoveState,Moving,Goal,20.00,0.00,10.00,0.67,0.00,0.34,20.00,0.00,10.00,DStar,
257,1.65,AgentPrefab,Agent,MoveState,Moving,Goal,20.00,0.00,10.00,0.68,0.00,0.34,20.00,0.00,10.00,DStar,
258,1.66,AgentPrefab,Agent,MoveState,Moving,Goal,20.00,0.00,10.00,0.69,0.00,0.35,20.00,0.00,10.00,DStar,
259,1.67,AgentPrefab,Agent,MoveState,Moving,Goal,20.00,0.00,10.00,0.70,0.00,0.35,20.00,0.00,10.00,DStar,
260,1.67,AgentPrefab,Agent,MoveState,Moving,Goal,20.00,0.00,10.00,0.72,0.00,0.36,20.00,0.00,10.00,DStar,
261,1.68,AgentPrefab,Agent,MoveState,Moving,Goal,20.00,0.00,10.00,0.73,0.00,0.36,20.00,0.00,10.00,DStar,
262,1.68,AgentPrefab,Agent,MoveState,Moving,Goal,20.00,0.00,10.00,0.74,0.00,0.37,20.00,0.00,10.00,DStar,
263,1.69,AgentPrefab,Agent,MoveState,Moving,Goal,20.00,0.00,10.00,0.75,0.00,0.37,20.00,0.00,10.00,DStar,
264,1.70,AgentPrefab,Agent,MoveState,Moving,Goal,20.00,0.00,10.00,0.76,0.00,0.38,20.00,0.00,10.00,DStar,
265,1.70,AgentPrefab,Agent,MoveState,Moving,Goal,20.00,0.00,10.00,0.77,0.00,0.39,20.00,0.00,10.00,DStar,
266,1.71,AgentPrefab,Agent,MoveState,Moving,Goal,20.00,0.00,10.00,0.78,0.00,0.39,20.00,0.00,10.00,DStar,
267,1.72,AgentPrefab,Agent,MoveState,Moving,Goal,20.00,0.00,10.00,0.79,0.00,0.40,20.00,0.00,10.00,DStar,
268,1.72,AgentPrefab,Agent,MoveState,Moving,Goal,20.00,0.00,10.00,0.80,0.00,0.40,20.00,0.00,10.00,DStar,
269,1.73,AgentPrefab,Agent,MoveState,Moving,Goal,20.00,0.00,10.00,0.82,0.00,0.41,20.00,0.00,10.00,DStar,
270,1.73,AgentPrefab,Agent,MoveState,Moving,Goal,20.00,0.00,10.00,0.83,0.00,0.41,20.00,0.00,10.00,DStar,
271,1.74,AgentPrefab,Agent,MoveState,Moving,Goal,20.00,0.00,10.00,0.84,0.00,0.42,20.00,0.00,10.00,DStar,
272,1.75,AgentPrefab,Agent,MoveState,Moving,Goal,20.00,0.00,10.00,0.85,0.00,0.42,20.00,0.00,10.00,DStar,
273,1.75,AgentPrefab,Agent,MoveState,Moving,Goal,20.00,0.00,10.00,0.86,0.00,0.43,20.00,0.00,10.00,DStar,
274,1.76,AgentPrefab,Agent,MoveState,Moving,Goal,20.00,0.00,10.00,0.87,0.00,0.44,20.00,0.00,10.00,DStar,
275,1.76,AgentPrefab,Agent,MoveState,Moving,Goal,20.00,0.00,10.00,0.88,0.00,0.44,20.00,0.00,10.00,DStar,
276,1.77,AgentPrefab,Agent,MoveState,Moving,Goal,20.00,0.00,10.00,0.89,0.00,0.45,20.00,0.00,10.00,DStar,
277,1.78,AgentPrefab,Agent,MoveState,Moving,Goal,20.00,0.00,10.00,0.90,0.00,0.45,20.00,0.00,10.00,DStar,
278,1.78,AgentPrefab,Agent,MoveState,Moving,Goal,20.00,0.00,10.00,0.91,0.00,0.46,20.00,0.00,10.00,DStar,
279,1.79,AgentPrefab,Agent,MoveState,Moving,Goal,20.00,0.00,10.00,0.93,0.00,0.46,20.00,0.00,10.00,DStar,
280,1.80,AgentPrefab,Agent,MoveState,Moving,Goal,20.00,0.00,10.00,0.94,0.00,0.47,20.00,0.00,10.00,DStar,
281,1.80,AgentPrefab,Agent,MoveState,Moving,Goal,20.00,0.00,10.00,0.95,0.00,0.47,20.00,0.00,10.00,DStar,
282,1.81,AgentPrefab,Agent,MoveState,Moving,Goal,20.00,0.00,10.00,0.96,0.00,0.48,20.00,0.00,10.00,DStar,
283,1.81,AgentPrefab,Agent,MoveState,Moving,Goal,20.00,0.00,10.00,0.97,0.00,0.48,20.00,0.00,10.00,DStar,
284,1.82,AgentPrefab,Agent,MoveState,Moving,Goal,20.00,0.00,10.00,0.98,0.00,0.49,20.00,0.00,10.00,DStar,
285,1.83,AgentPrefab,Agent,MoveState,Moving,Goal,20.00,0.00,10.00,0.99,0.00,0.50,20.00,0.00,10.00,DStar,
286,1.83,AgentPrefab,Agent,MoveState,Moving,Goal,20.00,0.00,10.00,1.00,0.00,0.50,20.00,0.00,10.00,DStar,
287,1.84,AgentPrefab,Agent,MoveState,Moving,Goal,20.00,0.00,10.00,1.01,0.00,0.51,20.00,0.00,10.00,DStar,
288,1.85,AgentPrefab,Agent,MoveState,Moving,Goal,20.00,0.00,10.00,1.03,0.00,0.51,20.00,0.00,10.00,DStar,
289,1.85,AgentPrefab,Agent,MoveState,Moving,Goal,20.00,0.00,10.00,1.04,0.00,0.52,20.00,0.00,10.00,DStar,
290,1.86,AgentPrefab,Agent,MoveState,Moving,Goal,20.00,0.00,10.00,1.05,0.00,0.52,20.00,0.00,10.00,DStar,
291,1.86,AgentPrefab,Agent,MoveState,Moving,Goal,20.00,0.00,10.00,1.06,0.00,0.53,20.00,0.00,10.00,DStar,
292,1.87,AgentPrefab,Agent,MoveState,Moving,Goal,20.00,0.00,10.00,1.07,0.00,0.54,20.00,0.00,10.00,DStar,
293,1.88,AgentPrefab,Agent,MoveState,Moving,Goal,20.00,0.00,10.00,1.08,0.00,0.54,20.00,0.00,10.00,DStar,
294,1.88,AgentPrefab,Agent,MoveState,Moving,Goal,20.00,0.00,10.00,1.09,0.00,0.55,20.00,0.00,10.00,DStar,
295,1.89,AgentPrefab,Agent,MoveState,Moving,Goal,20.00,0.00,10.00,1.10,0.00,0.55,20.00,0.00,10.00,DStar,
296,1.90,AgentPrefab,Agent,MoveState,Moving,Goal,20.00,0.00,10.00,1.12,0.00,0.56,20.00,0.00,10.00,DStar,
297,1.90,AgentPrefab,Agent,MoveState,Moving,Goal,20.00,0.00,10.00,1.13,0.00,0.56,20.00,0.00,10.00,DStar,
298,1.91,AgentPrefab,Agent,MoveState,Moving,Goal,20.00,0.00,10.00,1.14,0.00,0.57,20.00,0.00,10.00,DStar,
299,1.91,AgentPrefab,Agent,MoveState,Moving,Goal,20.00,0.00,10.00,1.15,0.00,0.57,20.00,0.00,10.00,DStar,
300,1.92,AgentPrefab,Agent,MoveState,Moving,Goal,20.00,0.00,10.00,1.16,0.00,0.58,20.00,0.00,10.00,DStar,
301,1.93,AgentPrefab,Agent,MoveState,Moving,Goal,20.00,0.00,10.00,1.17,0.00,0.59,20.00,0.00,10.00,DStar,
302,1.93,AgentPrefab,Agent,MoveState,Moving,Goal,20.00,0.00,10.00,1.18,0.00,0.59,20.00,0.00,10.00,DStar,
303,1.94,AgentPrefab,Agent,MoveState,Moving,Goal,20.00,0.00,10.00,1.19,0.00,0.60,20.00,0.00,10.00,DStar,
304,1.95,AgentPrefab,Agent,MoveState,Moving,Goal,20.00,0.00,10.00,1.21,0.00,0.60,20.00,0.00,10.00,DStar,
305,1.95,AgentPrefab,Agent,MoveState,Moving,Goal,20.00,0.00,10.00,1.22,0.00,0.61,20.00,0.00,10.00,DStar,
306,1.96,AgentPrefab,Agent,MoveState,Moving,Goal,20.00,0.00,10.00,1.23,0.00,0.61,20.00,0.00,10.00,DStar,
307,1.97,AgentPrefab,Agent,MoveState,Moving,Goal,20.00,0.00,10.00,1.24,0.00,0.62,20.00,0.00,10.00,DStar,
308,1.97,AgentPrefab,Agent,MoveState,Moving,Goal,20.00,0.00,10.00,1.25,0.00,0.63,20.00,0.00,10.00,DStar,
309,1.98,AgentPrefab,Agent,MoveState,Moving,Goal,20.00,0.00,10.00,1.26,0.00,0.63,20.00,0.00,10.00,DStar,
310,1.98,AgentPrefab,Agent,MoveState,Moving,Goal,20.00,0.00,10.00,1.27,0.00,0.64,20.00,0.00,10.00,DStar,
311,1.99,AgentPrefab,Agent,MoveState,Moving,Goal,20.00,0.00,10.00,1.29,0.00,0.64,20.00,0.00,10.00,DStar,
312,2.00,AgentPrefab,Agent,MoveState,Moving,Goal,20.00,0.00,10.00,1.30,0.00,0.65,20.00,0.00,10.00,DStar,
313,2.00,AgentPrefab,Agent,MoveState,Moving,Goal,20.00,0.00,10.00,1.31,0.00,0.66,20.00,0.00,10.00,DStar,
314,2.01,AgentPrefab,Agent,MoveState,Moving,Goal,20.00,0.00,10.00,1.32,0.00,0.66,20.00,0.00,10.00,DStar,
315,2.02,AgentPrefab,Agent,MoveState,Moving,Goal,20.00,0.00,10.00,1.33,0.00,0.67,20.00,0.00,10.00,DStar,
316,2.03,AgentPrefab,Agent,MoveState,Moving,Goal,20.00,0.00,10.00,1.35,0.00,0.67,20.00,0.00,10.00,DStar,
317,2.03,AgentPrefab,Agent,MoveState,Moving,Goal,20.00,0.00,10.00,1.36,0.00,0.68,20.00,0.00,10.00,DStar,
318,2.04,AgentPrefab,Agent,MoveState,Moving,Goal,20.00,0.00,10.00,1.37,0.00,0.69,20.00,0.00,10.00,DStar,
319,2.04,AgentPrefab,Agent,MoveState,Moving,Goal,20.00,0.00,10.00,1.38,0.00,0.69,20.00,0.00,10.00,DStar,
320,2.05,AgentPrefab,Agent,MoveState,Moving,Goal,20.00,0.00,10.00,1.39,0.00,0.70,20.00,0.00,10.00,DStar,
321,2.06,AgentPrefab,Agent,MoveState,Moving,Goal,20.00,0.00,10.00,1.41,0.00,0.70,20.00,0.00,10.00,DStar,
322,2.07,AgentPrefab,Agent,MoveState,Moving,Goal,20.00,0.00,10.00,1.42,0.00,0.71,20.00,0.00,10.00,DStar,
323,2.07,AgentPrefab,Agent,MoveState,Moving,Goal,20.00,0.00,10.00,1.43,0.00,0.72,20.00,0.00,10.00,DStar,
324,2.08,AgentPrefab,Agent,MoveState,Moving,Goal,20.00,0.00,10.00,1.44,0.00,0.72,20.00,0.00,10.00,DStar,
325,2.09,AgentPrefab,Agent,MoveState,Moving,Goal,20.00,0.00,10.00,1.45,0.00,0.73,20.00,0.00,10.00,DStar,
326,2.09,AgentPrefab,Agent,MoveState,Moving,Goal,20.00,0.00,10.00,1.47,0.00,0.73,20.00,0.00,10.00,DStar,
327,2.10,AgentPrefab,Agent,MoveState,Moving,Goal,20.00,0.00,10.00,1.48,0.00,0.74,20.00,0.00,10.00,DStar,
328,2.11,AgentPrefab,Agent,MoveState,Moving,Goal,20.00,0.00,10.00,1.49,0.00,0.74,20.00,0.00,10.00,DStar,
329,2.11,AgentPrefab,Agent,MoveState,Moving,Goal,20.00,0.00,10.00,1.50,0.00,0.75,20.00,0.00,10.00,DStar,
330,2.12,AgentPrefab,Agent,MoveState,Moving,Goal,20.00,0.00,10.00,1.51,0.00,0.76,20.00,0.00,10.00,DStar,
331,2.13,AgentPrefab,Agent,MoveState,Moving,Goal,20.00,0.00,10.00,1.53,0.00,0.76,20.00,0.00,10.00,DStar,
332,2.13,AgentPrefab,Agent,MoveState,Moving,Goal,20.00,0.00,10.00,1.54,0.00,0.77,20.00,0.00,10.00,DStar,
333,2.14,AgentPrefab,Agent,MoveState,Moving,Goal,20.00,0.00,10.00,1.55,0.00,0.78,20.00,0.00,10.00,DStar,
334,2.14,AgentPrefab,Agent,MoveState,Moving,Goal,20.00,0.00,10.00,1.56,0.00,0.78,20.00,0.00,10.00,DStar,
335,2.15,AgentPrefab,Agent,MoveState,Moving,Goal,20.00,0.00,10.00,1.57,0.00,0.79,20.00,0.00,10.00,DStar,
336,2.16,AgentPrefab,Agent,MoveState,Moving,Goal,20.00,0.00,10.00,1.59,0.00,0.79,20.00,0.00,10.00,DStar,
337,2.17,AgentPrefab,Agent,MoveState,Moving,Goal,20.00,0.00,10.00,1.60,0.00,0.80,20.00,0.00,10.00,DStar,
338,2.17,AgentPrefab,Agent,MoveState,Moving,Goal,20.00,0.00,10.00,1.61,0.00,0.80,20.00,0.00,10.00,DStar,
339,2.18,AgentPrefab,Agent,MoveState,Moving,Goal,20.00,0.00,10.00,1.62,0.00,0.81,20.00,0.00,10.00,DStar,
340,2.19,AgentPrefab,Agent,MoveState,Moving,Goal,20.00,0.00,10.00,1.63,0.00,0.82,20.00,0.00,10.00,DStar,
341,2.19,AgentPrefab,Agent,MoveState,Moving,Goal,20.00,0.00,10.00,1.65,0.00,0.82,20.00,0.00,10.00,DStar,
342,2.20,AgentPrefab,Agent,MoveState,Moving,Goal,20.00,0.00,10.00,1.66,0.00,0.83,20.00,0.00,10.00,DStar,
343,2.21,AgentPrefab,Agent,MoveState,Moving,Goal,20.00,0.00,10.00,1.67,0.00,0.83,20.00,0.00,10.00,DStar,
344,2.21,AgentPrefab,Agent,MoveState,Moving,Goal,20.00,0.00,10.00,1.68,0.00,0.84,20.00,0.00,10.00,DStar,
345,2.22,AgentPrefab,Agent,MoveState,Moving,Goal,20.00,0.00,10.00,1.69,0.00,0.85,20.00,0.00,10.00,DStar,
346,2.23,AgentPrefab,Agent,MoveState,Moving,Goal,20.00,0.00,10.00,1.70,0.00,0.85,20.00,0.00,10.00,DStar,
347,2.23,AgentPrefab,Agent,MoveState,Moving,Goal,20.00,0.00,10.00,1.72,0.00,0.86,20.00,0.00,10.00,DStar,
348,2.24,AgentPrefab,Agent,MoveState,Moving,Goal,20.00,0.00,10.00,1.73,0.00,0.86,20.00,0.00,10.00,DStar,
349,2.24,AgentPrefab,Agent,MoveState,Moving,Goal,20.00,0.00,10.00,1.74,0.00,0.87,20.00,0.00,10.00,DStar,
350,2.25,AgentPrefab,Agent,MoveState,Moving,Goal,20.00,0.00,10.00,1.75,0.00,0.88,20.00,0.00,10.00,DStar,
351,2.26,AgentPrefab,Agent,MoveState,Moving,Goal,20.00,0.00,10.00,1.76,0.00,0.88,20.00,0.00,10.00,DStar,
352,2.26,AgentPrefab,Agent,MoveState,Moving,Goal,20.00,0.00,10.00,1.77,0.00,0.89,20.00,0.00,10.00,DStar,
353,2.27,AgentPrefab,Agent,MoveState,Moving,Goal,20.00,0.00,10.00,1.79,0.00,0.89,20.00,0.00,10.00,DStar,
354,2.28,AgentPrefab,Agent,MoveState,Moving,Goal,20.00,0.00,10.00,1.80,0.00,0.90,20.00,0.00,10.00,DStar,
355,2.28,AgentPrefab,Agent,MoveState,Moving,Goal,20.00,0.00,10.00,1.81,0.00,0.90,20.00,0.00,10.00,DStar,
356,2.29,AgentPrefab,Agent,MoveState,Moving,Goal,20.00,0.00,10.00,1.82,0.00,0.91,20.00,0.00,10.00,DStar,
357,2.30,AgentPrefab,Agent,MoveState,Moving,Goal,20.00,0.00,10.00,1.83,0.00,0.92,20.00,0.00,10.00,DStar,
358,2.30,AgentPrefab,Agent,MoveState,Moving,Goal,20.00,0.00,10.00,1.84,0.00,0.92,20.00,0.00,10.00,DStar,
359,2.31,AgentPrefab,Agent,MoveState,Moving,Goal,20.00,0.00,10.00,1.85,0.00,0.93,20.00,0.00,10.00,DStar,
360,2.31,AgentPrefab,Agent,MoveState,Moving,Goal,20.00,0.00,10.00,1.86,0.00,0.93,20.00,0.00,10.00,DStar,
361,2.32,AgentPrefab,Agent,MoveState,Moving,Goal,20.00,0.00,10.00,1.88,0.00,0.94,20.00,0.00,10.00,DStar,
362,2.33,AgentPrefab,Agent,MoveState,Moving,Goal,20.00,0.00,10.00,1.89,0.00,0.94,20.00,0.00,10.00,DStar,
363,2.33,AgentPrefab,Agent,MoveState,Moving,Goal,20.00,0.00,10.00,1.90,0.00,0.95,20.00,0.00,10.00,DStar,
364,2.34,AgentPrefab,Agent,MoveState,Moving,Goal,20.00,0.00,10.00,1.91,0.00,0.95,20.00,0.00,10.00,DStar,
365,2.35,AgentPrefab,Agent,MoveState,Moving,Goal,20.00,0.00,10.00,1.92,0.00,0.96,20.00,0.00,10.00,DStar,
366,2.35,AgentPrefab,Agent,MoveState,Moving,Goal,20.00,0.00,10.00,1.93,0.00,0.97,20.00,0.00,10.00,DStar,
367,2.36,AgentPrefab,Agent,MoveState,Moving,Goal,20.00,0.00,10.00,1.94,0.00,0.97,20.00,0.00,10.00,DStar,
368,2.36,AgentPrefab,Agent,MoveState,Moving,Goal,20.00,0.00,10.00,1.96,0.00,0.98,20.00,0.00,10.00,DStar,
369,2.37,AgentPrefab,Agent,MoveState,Moving,Goal,20.00,0.00,10.00,1.97,0.00,0.98,20.00,0.00,10.00,DStar,
370,2.38,AgentPrefab,Agent,MoveState,Moving,Goal,20.00,0.00,10.00,1.98,0.00,0.99,20.00,0.00,10.00,DStar,
371,2.38,AgentPrefab,Agent,MoveState,Moving,Goal,20.00,0.00,10.00,1.99,0.00,0.99,20.00,0.00,10.00,DStar,
372,2.39,AgentPrefab,Agent,MoveState,Moving,Goal,20.00,0.00,10.00,2.00,0.00,1.00,20.00,0.00,10.00,DStar,
373,2.40,AgentPrefab,Agent,MoveState,Moving,Goal,20.00,0.00,10.00,2.01,0.00,1.01,20.00,0.00,10.00,DStar,
374,2.40,AgentPrefab,Agent,MoveState,Moving,Goal,20.00,0.00,10.00,2.02,0.00,1.01,20.00,0.00,10.00,DStar,
375,2.41,AgentPrefab,Agent,MoveState,Moving,Goal,20.00,0.00,10.00,2.03,0.00,1.02,20.00,0.00,10.00,DStar,
376,2.41,AgentPrefab,Agent,MoveState,Moving,Goal,20.00,0.00,10.00,2.04,0.00,1.02,20.00,0.00,10.00,DStar,
377,2.42,AgentPrefab,Agent,MoveState,Moving,Goal,20.00,0.00,10.00,2.06,0.00,1.03,20.00,0.00,10.00,DStar,
378,2.43,AgentPrefab,Agent,MoveState,Moving,Goal,20.00,0.00,10.00,2.07,0.00,1.03,20.00,0.00,10.00,DStar,
379,2.43,AgentPrefab,Agent,MoveState,Moving,Goal,20.00,0.00,10.00,2.08,0.00,1.04,20.00,0.00,10.00,DStar,
380,2.44,AgentPrefab,Agent,MoveState,Moving,Goal,20.00,0.00,10.00,2.09,0.00,1.04,20.00,0.00,10.00,DStar,
381,2.44,AgentPrefab,Agent,MoveState,Moving,Goal,20.00,0.00,10.00,2.10,0.00,1.05,20.00,0.00,10.00,DStar,
382,2.45,AgentPrefab,Agent,MoveState,Moving,Goal,20.00,0.00,10.00,2.11,0.00,1.05,20.00,0.00,10.00,DStar,
383,2.46,AgentPrefab,Agent,MoveState,Moving,Goal,20.00,0.00,10.00,2.12,0.00,1.06,20.00,0.00,10.00,DStar,
384,2.46,AgentPrefab,Agent,MoveState,Moving,Goal,20.00,0.00,10.00,2.13,0.00,1.07,20.00,0.00,10.00,DStar,
385,2.47,AgentPrefab,Agent,MoveState,Moving,Goal,20.00,0.00,10.00,2.14,0.00,1.07,20.00,0.00,10.00,DStar,
386,2.48,AgentPrefab,Agent,MoveState,Moving,Goal,20.00,0.00,10.00,2.16,0.00,1.08,20.00,0.00,10.00,DStar,
387,2.48,AgentPrefab,Agent,MoveState,Moving,Goal,20.00,0.00,10.00,2.17,0.00,1.08,20.00,0.00,10.00,DStar,
388,2.49,AgentPrefab,Agent,MoveState,Moving,Goal,20.00,0.00,10.00,2.18,0.00,1.09,20.00,0.00,10.00,DStar,
389,2.50,AgentPrefab,Agent,MoveState,Moving,Goal,20.00,0.00,10.00,2.19,0.00,1.09,20.00,0.00,10.00,DStar,
390,2.50,AgentPrefab,Agent,MoveState,Moving,Goal,20.00,0.00,10.00,2.20,0.00,1.10,20.00,0.00,10.00,DStar,
391,2.51,AgentPrefab,Agent,MoveState,Moving,Goal,20.00,0.00,10.00,2.21,0.00,1.11,20.00,0.00,10.00,DStar,
392,2.51,AgentPrefab,Agent,MoveState,Moving,Goal,20.00,0.00,10.00,2.22,0.00,1.11,20.00,0.00,10.00,DStar,
393,2.52,AgentPrefab,Agent,MoveState,Moving,Goal,20.00,0.00,10.00,2.23,0.00,1.12,20.00,0.00,10.00,DStar,
394,2.53,AgentPrefab,Agent,MoveState,Moving,Goal,20.00,0.00,10.00,2.24,0.00,1.12,20.00,0.00,10.00,DStar,
395,2.53,AgentPrefab,Agent,MoveState,Moving,Goal,20.00,0.00,10.00,2.25,0.00,1.13,20.00,0.00,10.00,DStar,
396,2.54,AgentPrefab,Agent,MoveState,Moving,Goal,20.00,0.00,10.00,2.27,0.00,1.13,20.00,0.00,10.00,DStar,
397,2.55,AgentPrefab,Agent,MoveState,Moving,Goal,20.00,0.00,10.00,2.28,0.00,1.14,20.00,0.00,10.00,DStar,
398,2.55,AgentPrefab,Agent,MoveState,Moving,Goal,20.00,0.00,10.00,2.29,0.00,1.14,20.00,0.00,10.00,DStar,
399,2.56,AgentPrefab,Agent,MoveState,Moving,Goal,20.00,0.00,10.00,2.30,0.00,1.15,20.00,0.00,10.00,DStar,
400,2.56,AgentPrefab,Agent,MoveState,Moving,Goal,20.00,0.00,10.00,2.31,0.00,1.16,20.00,0.00,10.00,DStar,
401,2.57,AgentPrefab,Agent,MoveState,Moving,Goal,20.00,0.00,10.00,2.32,0.00,1.16,20.00,0.00,10.00,DStar,
402,2.58,AgentPrefab,Agent,MoveState,Moving,Goal,20.00,0.00,10.00,2.33,0.00,1.17,20.00,0.00,10.00,DStar,
403,2.58,AgentPrefab,Agent,MoveState,Moving,Goal,20.00,0.00,10.00,2.34,0.00,1.17,20.00,0.00,10.00,DStar,
404,2.59,AgentPrefab,Agent,MoveState,Moving,Goal,20.00,0.00,10.00,2.36,0.00,1.18,20.00,0.00,10.00,DStar,
405,2.60,AgentPrefab,Agent,MoveState,Moving,Goal,20.00,0.00,10.00,2.37,0.00,1.18,20.00,0.00,10.00,DStar,
406,2.60,AgentPrefab,Agent,MoveState,Moving,Goal,20.00,0.00,10.00,2.38,0.00,1.19,20.00,0.00,10.00,DStar,
407,2.61,AgentPrefab,Agent,MoveState,Moving,Goal,20.00,0.00,10.00,2.39,0.00,1.20,20.00,0.00,10.00,DStar,
408,2.61,AgentPrefab,Agent,MoveState,Moving,Goal,20.00,0.00,10.00,2.40,0.00,1.20,20.00,0.00,10.00,DStar,
409,2.62,AgentPrefab,Agent,MoveState,Moving,Goal,20.00,0.00,10.00,2.41,0.00,1.21,20.00,0.00,10.00,DStar,
410,2.63,AgentPrefab,Agent,MoveState,Moving,Goal,20.00,0.00,10.00,2.42,0.00,1.21,20.00,0.00,10.00,DStar,
411,2.63,AgentPrefab,Agent,MoveState,Moving,Goal,20.00,0.00,10.00,2.44,0.00,1.22,20.00,0.00,10.00,DStar,
412,2.64,AgentPrefab,Agent,MoveState,Moving,Goal,20.00,0.00,10.00,2.45,0.00,1.22,20.00,0.00,10.00,DStar,
413,2.65,AgentPrefab,Agent,MoveState,Moving,Goal,20.00,0.00,10.00,2.46,0.00,1.23,20.00,0.00,10.00,DStar,
414,2.66,AgentPrefab,Agent,MoveState,Moving,Goal,20.00,0.00,10.00,2.48,0.00,1.24,20.00,0.00,10.00,DStar,
415,2.66,AgentPrefab,Agent,MoveState,Moving,Goal,20.00,0.00,10.00,2.49,0.00,1.24,20.00,0.00,10.00,DStar,
416,2.67,AgentPrefab,Agent,MoveState,Moving,Goal,20.00,0.00,10.00,2.50,0.00,1.25,20.00,0.00,10.00,DStar,
417,2.67,AgentPrefab,Agent,MoveState,Moving,Goal,20.00,0.00,10.00,2.51,0.00,1.25,20.00,0.00,10.00,DStar,
418,2.68,AgentPrefab,Agent,MoveState,Moving,Goal,20.00,0.00,10.00,2.52,0.00,1.26,20.00,0.00,10.00,DStar,
419,2.69,AgentPrefab,Agent,MoveState,Moving,Goal,20.00,0.00,10.00,2.53,0.00,1.27,20.00,0.00,10.00,DStar,
420,2.69,AgentPrefab,Agent,MoveState,Moving,Goal,20.00,0.00,10.00,2.54,0.00,1.27,20.00,0.00,10.00,DStar,
421,2.70,AgentPrefab,Agent,MoveState,Moving,Goal,20.00,0.00,10.00,2.55,0.00,1.28,20.00,0.00,10.00,DStar,
422,2.71,AgentPrefab,Agent,MoveState,Moving,Goal,20.00,0.00,10.00,2.56,0.00,1.28,20.00,0.00,10.00,DStar,
423,2.71,AgentPrefab,Agent,MoveState,Moving,Goal,20.00,0.00,10.00,2.58,0.00,1.29,20.00,0.00,10.00,DStar,
424,2.72,AgentPrefab,Agent,MoveState,Moving,Goal,20.00,0.00,10.00,2.59,0.00,1.29,20.00,0.00,10.00,DStar,
425,2.72,AgentPrefab,Agent,MoveState,Moving,Goal,20.00,0.00,10.00,2.60,0.00,1.30,20.00,0.00,10.00,DStar,
426,2.73,AgentPrefab,Agent,MoveState,Moving,Goal,20.00,0.00,10.00,2.61,0.00,1.30,20.00,0.00,10.00,DStar,
427,2.74,AgentPrefab,Agent,MoveState,Moving,Goal,20.00,0.00,10.00,2.62,0.00,1.31,20.00,0.00,10.00,DStar,
428,2.74,AgentPrefab,Agent,MoveState,Moving,Goal,20.00,0.00,10.00,2.63,0.00,1.32,20.00,0.00,10.00,DStar,
429,2.75,AgentPrefab,Agent,MoveState,Moving,Goal,20.00,0.00,10.00,2.64,0.00,1.32,20.00,0.00,10.00,DStar,
430,2.76,AgentPrefab,Agent,MoveState,Moving,Goal,20.00,0.00,10.00,2.65,0.00,1.33,20.00,0.00,10.00,DStar,
431,2.76,AgentPrefab,Agent,MoveState,Moving,Goal,20.00,0.00,10.00,2.66,0.00,1.33,20.00,0.00,10.00,DStar,
432,2.77,AgentPrefab,Agent,MoveState,Moving,Goal,20.00,0.00,10.00,2.67,0.00,1.34,20.00,0.00,10.00,DStar,
433,2.77,AgentPrefab,Agent,MoveState,Moving,Goal,20.00,0.00,10.00,2.69,0.00,1.34,20.00,0.00,10.00,DStar,
434,2.78,AgentPrefab,Agent,MoveState,Moving,Goal,20.00,0.00,10.00,2.70,0.00,1.35,20.00,0.00,10.00,DStar,
435,2.79,AgentPrefab,Agent,MoveState,Moving,Goal,20.00,0.00,10.00,2.71,0.00,1.35,20.00,0.00,10.00,DStar,
436,2.79,AgentPrefab,Agent,MoveState,Moving,Goal,20.00,0.00,10.00,2.72,0.00,1.36,20.00,0.00,10.00,DStar,
437,2.80,AgentPrefab,Agent,MoveState,Moving,Goal,20.00,0.00,10.00,2.73,0.00,1.37,20.00,0.00,10.00,DStar,
438,2.80,AgentPrefab,Agent,MoveState,Moving,Goal,20.00,0.00,10.00,2.74,0.00,1.37,20.00,0.00,10.00,DStar,
439,2.81,AgentPrefab,Agent,MoveState,Moving,Goal,20.00,0.00,10.00,2.75,0.00,1.38,20.00,0.00,10.00,DStar,
440,2.82,AgentPrefab,Agent,MoveState,Moving,Goal,20.00,0.00,10.00,2.76,0.00,1.38,20.00,0.00,10.00,DStar,
441,2.82,AgentPrefab,Agent,MoveState,Moving,Goal,20.00,0.00,10.00,2.77,0.00,1.39,20.00,0.00,10.00,DStar,
442,2.83,AgentPrefab,Agent,MoveState,Moving,Goal,20.00,0.00,10.00,2.79,0.00,1.39,20.00,0.00,10.00,DStar,
443,2.84,AgentPrefab,Agent,MoveState,Moving,Goal,20.00,0.00,10.00,2.80,0.00,1.40,20.00,0.00,10.00,DStar,
444,2.84,AgentPrefab,Agent,MoveState,Moving,Goal,20.00,0.00,10.00,2.81,0.00,1.40,20.00,0.00,10.00,DStar,
445,2.85,AgentPrefab,Agent,MoveState,Moving,Goal,20.00,0.00,10.00,2.82,0.00,1.41,20.00,0.00,10.00,DStar,
446,2.85,AgentPrefab,Agent,MoveState,Moving,Goal,20.00,0.00,10.00,2.83,0.00,1.41,20.00,0.00,10.00,DStar,
447,2.86,AgentPrefab,Agent,MoveState,Moving,Goal,20.00,0.00,10.00,2.84,0.00,1.42,20.00,0.00,10.00,DStar,
448,2.87,AgentPrefab,Agent,MoveState,Moving,Goal,20.00,0.00,10.00,2.85,0.00,1.43,20.00,0.00,10.00,DStar,
449,2.87,AgentPrefab,Agent,MoveState,Moving,Goal,20.00,0.00,10.00,2.86,0.00,1.43,20.00,0.00,10.00,DStar,
450,2.88,AgentPrefab,Agent,MoveState,Moving,Goal,20.00,0.00,10.00,2.88,0.00,1.44,20.00,0.00,10.00,DStar,
451,2.88,AgentPrefab,Agent,MoveState,Moving,Goal,20.00,0.00,10.00,2.89,0.00,1.44,20.00,0.00,10.00,DStar,
452,2.89,AgentPrefab,Agent,MoveState,Moving,Goal,20.00,0.00,10.00,2.90,0.00,1.45,20.00,0.00,10.00,DStar,
453,2.90,AgentPrefab,Agent,MoveState,Moving,Goal,20.00,0.00,10.00,2.91,0.00,1.45,20.00,0.00,10.00,DStar,
454,2.90,AgentPrefab,Agent,MoveState,Moving,Goal,20.00,0.00,10.00,2.92,0.00,1.46,20.00,0.00,10.00,DStar,
455,2.91,AgentPrefab,Agent,MoveState,Moving,Goal,20.00,0.00,10.00,2.93,0.00,1.47,20.00,0.00,10.00,DStar,
456,2.92,AgentPrefab,Agent,MoveState,Moving,Goal,20.00,0.00,10.00,2.94,0.00,1.47,20.00,0.00,10.00,DStar,
457,2.92,AgentPrefab,Agent,MoveState,Moving,Goal,20.00,0.00,10.00,2.95,0.00,1.48,20.00,0.00,10.00,DStar,
458,2.93,AgentPrefab,Agent,MoveState,Moving,Goal,20.00,0.00,10.00,2.96,0.00,1.48,20.00,0.00,10.00,DStar,
459,2.93,AgentPrefab,Agent,MoveState,Moving,Goal,20.00,0.00,10.00,2.97,0.00,1.49,20.00,0.00,10.00,DStar,
460,2.94,AgentPrefab,Agent,MoveState,Moving,Goal,20.00,0.00,10.00,2.99,0.00,1.49,20.00,0.00,10.00,DStar,
461,2.95,AgentPrefab,Agent,MoveState,Moving,Goal,20.00,0.00,10.00,3.00,0.00,1.50,20.00,0.00,10.00,DStar,
462,2.95,AgentPrefab,Agent,MoveState,Moving,Goal,20.00,0.00,10.00,3.01,0.00,1.50,20.00,0.00,10.00,DStar,
463,2.96,AgentPrefab,Agent,MoveState,Moving,Goal,20.00,0.00,10.00,3.02,0.00,1.51,20.00,0.00,10.00,DStar,
464,2.97,AgentPrefab,Agent,MoveState,Moving,Goal,20.00,0.00,10.00,3.03,0.00,1.51,20.00,0.00,10.00,DStar,
465,2.97,AgentPrefab,Agent,MoveState,Moving,Goal,20.00,0.00,10.00,3.04,0.00,1.52,20.00,0.00,10.00,DStar,
466,2.98,AgentPrefab,Agent,MoveState,Moving,Goal,20.00,0.00,10.00,3.05,0.00,1.53,20.00,0.00,10.00,DStar,
467,2.98,AIManager,Performance,Pathfinding,Executed,DStar,0.00,0.00,0.00,0.00,0.00,0.00,0.00,0.00,0.00,DStar,94.628
467,2.98,AgentPrefab,Agent,MoveState,Moving,Goal,20.00,0.00,10.00,3.06,0.00,1.53,3.06,0.00,1.53,DStar,
468,3.09,AgentPrefab,Agent,MoveState,Moving,Goal,20.00,0.00,10.00,3.06,0.00,1.53,11.80,0.00,6.10,DStar,
469,3.10,AgentPrefab,Agent,MoveState,Moving,Goal,20.00,0.00,10.00,3.26,0.00,1.63,11.80,0.00,6.10,DStar,
470,3.11,AgentPrefab,Agent,MoveState,Moving,Goal,20.00,0.00,10.00,3.27,0.00,1.64,11.80,0.00,6.10,DStar,
471,3.11,AgentPrefab,Agent,MoveState,Moving,Goal,20.00,0.00,10.00,3.28,0.00,1.64,11.80,0.00,6.10,DStar,
472,3.12,AgentPrefab,Agent,MoveState,Moving,Goal,20.00,0.00,10.00,3.29,0.00,1.65,11.80,0.00,6.10,DStar,
473,3.12,AgentPrefab,Agent,MoveState,Moving,Goal,20.00,0.00,10.00,3.30,0.00,1.66,11.80,0.00,6.10,DStar,
474,3.13,AgentPrefab,Agent,MoveState,Moving,Goal,20.00,0.00,10.00,3.31,0.00,1.66,11.80,0.00,6.10,DStar,
475,3.14,AgentPrefab,Agent,MoveState,Moving,Goal,20.00,0.00,10.00,3.32,0.00,1.67,11.80,0.00,6.10,DStar,
476,3.14,AgentPrefab,Agent,MoveState,Moving,Goal,20.00,0.00,10.00,3.33,0.00,1.67,11.80,0.00,6.10,DStar,
477,3.15,AgentPrefab,Agent,MoveState,Moving,Goal,20.00,0.00,10.00,3.34,0.00,1.68,11.80,0.00,6.10,DStar,
478,3.16,AgentPrefab,Agent,MoveState,Moving,Goal,20.00,0.00,10.00,3.36,0.00,1.69,11.80,0.00,6.10,DStar,
479,3.16,AgentPrefab,Agent,MoveState,Moving,Goal,20.00,0.00,10.00,3.37,0.00,1.69,11.80,0.00,6.10,DStar,
480,3.17,AgentPrefab,Agent,MoveState,Moving,Goal,20.00,0.00,10.00,3.38,0.00,1.70,11.80,0.00,6.10,DStar,
481,3.17,AgentPrefab,Agent,MoveState,Moving,Goal,20.00,0.00,10.00,3.39,0.00,1.70,11.80,0.00,6.10,DStar,
482,3.18,AgentPrefab,Agent,MoveState,Moving,Goal,20.00,0.00,10.00,3.40,0.00,1.71,11.80,0.00,6.10,DStar,
483,3.19,AgentPrefab,Agent,MoveState,Moving,Goal,20.00,0.00,10.00,3.41,0.00,1.71,11.80,0.00,6.10,DStar,
484,3.19,AgentPrefab,Agent,MoveState,Moving,Goal,20.00,0.00,10.00,3.42,0.00,1.72,11.80,0.00,6.10,DStar,
485,3.20,AgentPrefab,Agent,MoveState,Moving,Goal,20.00,0.00,10.00,3.43,0.00,1.73,11.80,0.00,6.10,DStar,
486,3.21,AgentPrefab,Agent,MoveState,Moving,Goal,20.00,0.00,10.00,3.45,0.00,1.73,11.80,0.00,6.10,DStar,
487,3.21,AgentPrefab,Agent,MoveState,Moving,Goal,20.00,0.00,10.00,3.46,0.00,1.74,11.80,0.00,6.10,DStar,
488,3.22,AgentPrefab,Agent,MoveState,Moving,Goal,20.00,0.00,10.00,3.47,0.00,1.74,11.80,0.00,6.10,DStar,
489,3.22,AgentPrefab,Agent,MoveState,Moving,Goal,20.00,0.00,10.00,3.48,0.00,1.75,11.80,0.00,6.10,DStar,
490,3.23,AgentPrefab,Agent,MoveState,Moving,Goal,20.00,0.00,10.00,3.49,0.00,1.75,11.80,0.00,6.10,DStar,
491,3.24,AgentPrefab,Agent,MoveState,Moving,Goal,20.00,0.00,10.00,3.50,0.00,1.76,11.80,0.00,6.10,DStar,
492,3.24,AgentPrefab,Agent,MoveState,Moving,Goal,20.00,0.00,10.00,3.51,0.00,1.77,11.80,0.00,6.10,DStar,
493,3.25,AgentPrefab,Agent,MoveState,Moving,Goal,20.00,0.00,10.00,3.52,0.00,1.77,11.80,0.00,6.10,DStar,
494,3.26,AgentPrefab,Agent,MoveState,Moving,Goal,20.00,0.00,10.00,3.53,0.00,1.78,11.80,0.00,6.10,DStar,
495,3.26,AgentPrefab,Agent,MoveState,Moving,Goal,20.00,0.00,10.00,3.55,0.00,1.78,11.80,0.00,6.10,DStar,
496,3.27,AgentPrefab,Agent,MoveState,Moving,Goal,20.00,0.00,10.00,3.56,0.00,1.79,11.80,0.00,6.10,DStar,
497,3.27,AgentPrefab,Agent,MoveState,Moving,Goal,20.00,0.00,10.00,3.57,0.00,1.80,11.80,0.00,6.10,DStar,
498,3.28,AgentPrefab,Agent,MoveState,Moving,Goal,20.00,0.00,10.00,3.58,0.00,1.80,11.80,0.00,6.10,DStar,
499,3.29,AgentPrefab,Agent,MoveState,Moving,Goal,20.00,0.00,10.00,3.59,0.00,1.81,11.80,0.00,6.10,DStar,
500,3.29,AgentPrefab,Agent,MoveState,Moving,Goal,20.00,0.00,10.00,3.60,0.00,1.81,11.80,0.00,6.10,DStar,
501,3.30,AgentPrefab,Agent,MoveState,Moving,Goal,20.00,0.00,10.00,3.61,0.00,1.82,11.80,0.00,6.10,DStar,
502,3.31,AgentPrefab,Agent,MoveState,Moving,Goal,20.00,0.00,10.00,3.63,0.00,1.83,11.80,0.00,6.10,DStar,
503,3.31,AgentPrefab,Agent,MoveState,Moving,Goal,20.00,0.00,10.00,3.64,0.00,1.83,11.80,0.00,6.10,DStar,
504,3.32,AgentPrefab,Agent,MoveState,Moving,Goal,20.00,0.00,10.00,3.65,0.00,1.84,11.80,0.00,6.10,DStar,
505,3.33,AgentPrefab,Agent,MoveState,Moving,Goal,20.00,0.00,10.00,3.66,0.00,1.84,11.80,0.00,6.10,DStar,
506,3.33,AgentPrefab,Agent,MoveState,Moving,Goal,20.00,0.00,10.00,3.67,0.00,1.85,11.80,0.00,6.10,DStar,
507,3.34,AgentPrefab,Agent,MoveState,Moving,Goal,20.00,0.00,10.00,3.68,0.00,1.85,11.80,0.00,6.10,DStar,
508,3.34,AgentPrefab,Agent,MoveState,Moving,Goal,20.00,0.00,10.00,3.69,0.00,1.86,11.80,0.00,6.10,DStar,
509,3.35,AgentPrefab,Agent,MoveState,Moving,Goal,20.00,0.00,10.00,3.70,0.00,1.87,11.80,0.00,6.10,DStar,
510,3.36,AgentPrefab,Agent,MoveState,Moving,Goal,20.00,0.00,10.00,3.71,0.00,1.87,11.80,0.00,6.10,DStar,
511,3.36,AgentPrefab,Agent,MoveState,Moving,Goal,20.00,0.00,10.00,3.72,0.00,1.88,11.80,0.00,6.10,DStar,
512,3.37,AgentPrefab,Agent,MoveState,Moving,Goal,20.00,0.00,10.00,3.74,0.00,1.88,11.80,0.00,6.10,DStar,
513,3.38,AgentPrefab,Agent,MoveState,Moving,Goal,20.00,0.00,10.00,3.75,0.00,1.89,11.80,0.00,6.10,DStar,
514,3.38,AgentPrefab,Agent,MoveState,Moving,Goal,20.00,0.00,10.00,3.76,0.00,1.90,11.80,0.00,6.10,DStar,
515,3.39,AgentPrefab,Agent,MoveState,Moving,Goal,20.00,0.00,10.00,3.77,0.00,1.90,11.80,0.00,6.10,DStar,
516,3.40,AgentPrefab,Agent,MoveState,Moving,Goal,20.00,0.00,10.00,3.78,0.00,1.91,11.80,0.00,6.10,DStar,
517,3.40,AgentPrefab,Agent,MoveState,Moving,Goal,20.00,0.00,10.00,3.79,0.00,1.91,11.80,0.00,6.10,DStar,
518,3.41,AgentPrefab,Agent,MoveState,Moving,Goal,20.00,0.00,10.00,3.80,0.00,1.92,11.80,0.00,6.10,DStar,
519,3.41,AgentPrefab,Agent,MoveState,Moving,Goal,20.00,0.00,10.00,3.81,0.00,1.92,11.80,0.00,6.10,DStar,
520,3.42,AgentPrefab,Agent,MoveState,Moving,Goal,20.00,0.00,10.00,3.82,0.00,1.93,11.80,0.00,6.10,DStar,
521,3.43,AgentPrefab,Agent,MoveState,Moving,Goal,20.00,0.00,10.00,3.84,0.00,1.94,11.80,0.00,6.10,DStar,
522,3.43,AgentPrefab,Agent,MoveState,Moving,Goal,20.00,0.00,10.00,3.85,0.00,1.94,11.80,0.00,6.10,DStar,
523,3.44,AgentPrefab,Agent,MoveState,Moving,Goal,20.00,0.00,10.00,3.86,0.00,1.95,11.80,0.00,6.10,DStar,
524,3.44,AgentPrefab,Agent,MoveState,Moving,Goal,20.00,0.00,10.00,3.87,0.00,1.95,11.80,0.00,6.10,DStar,
525,3.45,AgentPrefab,Agent,MoveState,Moving,Goal,20.00,0.00,10.00,3.88,0.00,1.96,11.80,0.00,6.10,DStar,
526,3.46,AgentPrefab,Agent,MoveState,Moving,Goal,20.00,0.00,10.00,3.89,0.00,1.96,11.80,0.00,6.10,DStar,
527,3.46,AgentPrefab,Agent,MoveState,Moving,Goal,20.00,0.00,10.00,3.90,0.00,1.97,11.80,0.00,6.10,DStar,
528,3.47,AgentPrefab,Agent,MoveState,Moving,Goal,20.00,0.00,10.00,3.91,0.00,1.98,11.80,0.00,6.10,DStar,
529,3.48,AgentPrefab,Agent,MoveState,Moving,Goal,20.00,0.00,10.00,3.92,0.00,1.98,11.80,0.00,6.10,DStar,
530,3.48,AgentPrefab,Agent,MoveState,Moving,Goal,20.00,0.00,10.00,3.93,0.00,1.99,11.80,0.00,6.10,DStar,
531,3.49,AgentPrefab,Agent,MoveState,Moving,Goal,20.00,0.00,10.00,3.95,0.00,1.99,11.80,0.00,6.10,DStar,
532,3.49,AgentPrefab,Agent,MoveState,Moving,Goal,20.00,0.00,10.00,3.96,0.00,2.00,11.80,0.00,6.10,DStar,
533,3.50,AgentPrefab,Agent,MoveState,Moving,Goal,20.00,0.00,10.00,3.97,0.00,2.01,11.80,0.00,6.10,DStar,
534,3.51,AgentPrefab,Agent,MoveState,Moving,Goal,20.00,0.00,10.00,3.98,0.00,2.01,11.80,0.00,6.10,DStar,
535,3.51,AgentPrefab,Agent,MoveState,Moving,Goal,20.00,0.00,10.00,3.99,0.00,2.02,11.80,0.00,6.10,DStar,
536,3.52,AgentPrefab,Agent,MoveState,Moving,Goal,20.00,0.00,10.00,4.00,0.00,2.02,11.80,0.00,6.10,DStar,
537,3.53,AgentPrefab,Agent,MoveState,Moving,Goal,20.00,0.00,10.00,4.01,0.00,2.03,11.80,0.00,6.10,DStar,
538,3.53,AgentPrefab,Agent,MoveState,Moving,Goal,20.00,0.00,10.00,4.02,0.00,2.03,11.80,0.00,6.10,DStar,
539,3.54,AgentPrefab,Agent,MoveState,Moving,Goal,20.00,0.00,10.00,4.04,0.00,2.04,11.80,0.00,6.10,DStar,
540,3.55,AgentPrefab,Agent,MoveState,Moving,Goal,20.00,0.00,10.00,4.05,0.00,2.05,11.80,0.00,6.10,DStar,
541,3.55,AgentPrefab,Agent,MoveState,Moving,Goal,20.00,0.00,10.00,4.06,0.00,2.05,11.80,0.00,6.10,DStar,
542,3.56,AgentPrefab,Agent,MoveState,Moving,Goal,20.00,0.00,10.00,4.07,0.00,2.06,11.80,0.00,6.10,DStar,
543,3.56,AgentPrefab,Agent,MoveState,Moving,Goal,20.00,0.00,10.00,4.08,0.00,2.06,11.80,0.00,6.10,DStar,
544,3.57,AgentPrefab,Agent,MoveState,Moving,Goal,20.00,0.00,10.00,4.09,0.00,2.07,11.80,0.00,6.10,DStar,
545,3.58,AgentPrefab,Agent,MoveState,Moving,Goal,20.00,0.00,10.00,4.10,0.00,2.08,11.80,0.00,6.10,DStar,
546,3.58,AgentPrefab,Agent,MoveState,Moving,Goal,20.00,0.00,10.00,4.11,0.00,2.08,11.80,0.00,6.10,DStar,
547,3.59,AgentPrefab,Agent,MoveState,Moving,Goal,20.00,0.00,10.00,4.12,0.00,2.09,11.80,0.00,6.10,DStar,
548,3.60,AgentPrefab,Agent,MoveState,Moving,Goal,20.00,0.00,10.00,4.14,0.00,2.09,11.80,0.00,6.10,DStar,
549,3.60,AgentPrefab,Agent,MoveState,Moving,Goal,20.00,0.00,10.00,4.15,0.00,2.10,11.80,0.00,6.10,DStar,
550,3.61,AgentPrefab,Agent,MoveState,Moving,Goal,20.00,0.00,10.00,4.16,0.00,2.10,11.80,0.00,6.10,DStar,
551,3.61,AgentPrefab,Agent,MoveState,Moving,Goal,20.00,0.00,10.00,4.17,0.00,2.11,11.80,0.00,6.10,DStar,
552,3.62,AgentPrefab,Agent,MoveState,Moving,Goal,20.00,0.00,10.00,4.18,0.00,2.12,11.80,0.00,6.10,DStar,
553,3.63,AgentPrefab,Agent,MoveState,Moving,Goal,20.00,0.00,10.00,4.19,0.00,2.12,11.80,0.00,6.10,DStar,
554,3.64,AgentPrefab,Agent,MoveState,Moving,Goal,20.00,0.00,10.00,4.21,0.00,2.13,11.80,0.00,6.10,DStar,
555,3.64,AgentPrefab,Agent,MoveState,Moving,Goal,20.00,0.00,10.00,4.22,0.00,2.14,11.80,0.00,6.10,DStar,
556,3.65,AgentPrefab,Agent,MoveState,Moving,Goal,20.00,0.00,10.00,4.23,0.00,2.14,11.80,0.00,6.10,DStar,
557,3.65,AgentPrefab,Agent,MoveState,Moving,Goal,20.00,0.00,10.00,4.24,0.00,2.15,11.80,0.00,6.10,DStar,
558,3.66,AgentPrefab,Agent,MoveState,Moving,Goal,20.00,0.00,10.00,4.25,0.00,2.15,11.80,0.00,6.10,DStar,
559,3.67,AgentPrefab,Agent,MoveState,Moving,Goal,20.00,0.00,10.00,4.26,0.00,2.16,11.80,0.00,6.10,DStar,
560,3.67,AgentPrefab,Agent,MoveState,Moving,Goal,20.00,0.00,10.00,4.27,0.00,2.16,11.80,0.00,6.10,DStar,
561,3.68,AgentPrefab,Agent,MoveState,Moving,Goal,20.00,0.00,10.00,4.29,0.00,2.17,11.80,0.00,6.10,DStar,
562,3.69,AgentPrefab,Agent,MoveState,Moving,Goal,20.00,0.00,10.00,4.30,0.00,2.18,11.80,0.00,6.10,DStar,
563,3.69,AgentPrefab,Agent,MoveState,Moving,Goal,20.00,0.00,10.00,4.31,0.00,2.18,11.80,0.00,6.10,DStar,
564,3.70,AgentPrefab,Agent,MoveState,Moving,Goal,20.00,0.00,10.00,4.32,0.00,2.19,11.80,0.00,6.10,DStar,
565,3.71,AgentPrefab,Agent,MoveState,Moving,Goal,20.00,0.00,10.00,4.33,0.00,2.19,11.80,0.00,6.10,DStar,
566,3.71,AgentPrefab,Agent,MoveState,Moving,Goal,20.00,0.00,10.00,4.34,0.00,2.20,11.80,0.00,6.10,DStar,
567,3.72,AgentPrefab,Agent,MoveState,Moving,Goal,20.00,0.00,10.00,4.35,0.00,2.21,11.80,0.00,6.10,DStar,
568,3.72,AgentPrefab,Agent,MoveState,Moving,Goal,20.00,0.00,10.00,4.36,0.00,2.21,11.80,0.00,6.10,DStar,
569,3.73,AgentPrefab,Agent,MoveState,Moving,Goal,20.00,0.00,10.00,4.37,0.00,2.22,11.80,0.00,6.10,DStar,
570,3.74,AgentPrefab,Agent,MoveState,Moving,Goal,20.00,0.00,10.00,4.39,0.00,2.22,11.80,0.00,6.10,DStar,
571,3.74,AgentPrefab,Agent,MoveState,Moving,Goal,20.00,0.00,10.00,4.40,0.00,2.23,11.80,0.00,6.10,DStar,
572,3.75,AgentPrefab,Agent,MoveState,Moving,Goal,20.00,0.00,10.00,4.41,0.00,2.23,11.80,0.00,6.10,DStar,
573,3.75,AgentPrefab,Agent,MoveState,Moving,Goal,20.00,0.00,10.00,4.42,0.00,2.24,11.80,0.00,6.10,DStar,
574,3.76,AgentPrefab,Agent,MoveState,Moving,Goal,20.00,0.00,10.00,4.43,0.00,2.25,11.80,0.00,6.10,DStar,
575,3.77,AgentPrefab,Agent,MoveState,Moving,Goal,20.00,0.00,10.00,4.44,0.00,2.25,11.80,0.00,6.10,DStar,
576,3.77,AgentPrefab,Agent,MoveState,Moving,Goal,20.00,0.00,10.00,4.45,0.00,2.26,11.80,0.00,6.10,DStar,
577,3.78,AgentPrefab,Agent,MoveState,Moving,Goal,20.00,0.00,10.00,4.46,0.00,2.26,11.80,0.00,6.10,DStar,
578,3.79,AgentPrefab,Agent,MoveState,Moving,Goal,20.00,0.00,10.00,4.47,0.00,2.27,11.80,0.00,6.10,DStar,
579,3.79,AgentPrefab,Agent,MoveState,Moving,Goal,20.00,0.00,10.00,4.49,0.00,2.28,11.80,0.00,6.10,DStar,
580,3.80,AgentPrefab,Agent,MoveState,Moving,Goal,20.00,0.00,10.00,4.50,0.00,2.28,11.80,0.00,6.10,DStar,
581,3.81,AgentPrefab,Agent,MoveState,Moving,Goal,20.00,0.00,10.00,4.51,0.00,2.29,11.80,0.00,6.10,DStar,
582,3.81,AgentPrefab,Agent,MoveState,Moving,Goal,20.00,0.00,10.00,4.52,0.00,2.29,11.80,0.00,6.10,DStar,
583,3.82,AgentPrefab,Agent,MoveState,Moving,Goal,20.00,0.00,10.00,4.53,0.00,2.30,11.80,0.00,6.10,DStar,
584,3.82,AgentPrefab,Agent,MoveState,Moving,Goal,20.00,0.00,10.00,4.54,0.00,2.30,11.80,0.00,6.10,DStar,
585,3.83,AgentPrefab,Agent,MoveState,Moving,Goal,20.00,0.00,10.00,4.55,0.00,2.31,11.80,0.00,6.10,DStar,
586,3.84,AgentPrefab,Agent,MoveState,Moving,Goal,20.00,0.00,10.00,4.56,0.00,2.32,11.80,0.00,6.10,DStar,
587,3.84,AgentPrefab,Agent,MoveState,Moving,Goal,20.00,0.00,10.00,4.57,0.00,2.32,11.80,0.00,6.10,DStar,
588,3.85,AgentPrefab,Agent,MoveState,Moving,Goal,20.00,0.00,10.00,4.58,0.00,2.33,11.80,0.00,6.10,DStar,
589,3.86,AgentPrefab,Agent,MoveState,Moving,Goal,20.00,0.00,10.00,4.60,0.00,2.33,11.80,0.00,6.10,DStar,
590,3.86,AgentPrefab,Agent,MoveState,Moving,Goal,20.00,0.00,10.00,4.61,0.00,2.34,11.80,0.00,6.10,DStar,
591,3.87,AgentPrefab,Agent,MoveState,Moving,Goal,20.00,0.00,10.00,4.62,0.00,2.34,11.80,0.00,6.10,DStar,
592,3.87,AgentPrefab,Agent,MoveState,Moving,Goal,20.00,0.00,10.00,4.63,0.00,2.35,11.80,0.00,6.10,DStar,
593,3.88,AgentPrefab,Agent,MoveState,Moving,Goal,20.00,0.00,10.00,4.64,0.00,2.36,11.80,0.00,6.10,DStar,
594,3.89,AgentPrefab,Agent,MoveState,Moving,Goal,20.00,0.00,10.00,4.65,0.00,2.36,11.80,0.00,6.10,DStar,
595,3.89,AgentPrefab,Agent,MoveState,Moving,Goal,20.00,0.00,10.00,4.66,0.00,2.37,11.80,0.00,6.10,DStar,
596,3.90,AgentPrefab,Agent,MoveState,Moving,Goal,20.00,0.00,10.00,4.68,0.00,2.37,11.80,0.00,6.10,DStar,
597,3.91,AgentPrefab,Agent,MoveState,Moving,Goal,20.00,0.00,10.00,4.69,0.00,2.38,11.80,0.00,6.10,DStar,
598,3.91,AgentPrefab,Agent,MoveState,Moving,Goal,20.00,0.00,10.00,4.70,0.00,2.39,11.80,0.00,6.10,DStar,
599,3.92,AgentPrefab,Agent,MoveState,Moving,Goal,20.00,0.00,10.00,4.71,0.00,2.39,11.80,0.00,6.10,DStar,
600,3.92,AgentPrefab,Agent,MoveState,Moving,Goal,20.00,0.00,10.00,4.72,0.00,2.40,11.80,0.00,6.10,DStar,
601,3.93,AgentPrefab,Agent,MoveState,Moving,Goal,20.00,0.00,10.00,4.73,0.00,2.40,11.80,0.00,6.10,DStar,
602,3.94,AgentPrefab,Agent,MoveState,Moving,Goal,20.00,0.00,10.00,4.74,0.00,2.41,11.80,0.00,6.10,DStar,
603,3.94,AgentPrefab,Agent,MoveState,Moving,Goal,20.00,0.00,10.00,4.75,0.00,2.42,11.80,0.00,6.10,DStar,
604,3.95,AgentPrefab,Agent,MoveState,Moving,Goal,20.00,0.00,10.00,4.76,0.00,2.42,11.80,0.00,6.10,DStar,
605,3.96,AgentPrefab,Agent,MoveState,Moving,Goal,20.00,0.00,10.00,4.78,0.00,2.43,11.80,0.00,6.10,DStar,
606,3.96,AgentPrefab,Agent,MoveState,Moving,Goal,20.00,0.00,10.00,4.79,0.00,2.43,11.80,0.00,6.10,DStar,
607,3.97,AgentPrefab,Agent,MoveState,Moving,Goal,20.00,0.00,10.00,4.80,0.00,2.44,11.80,0.00,6.10,DStar,
608,3.97,AgentPrefab,Agent,MoveState,Moving,Goal,20.00,0.00,10.00,4.81,0.00,2.44,11.80,0.00,6.10,DStar,
609,3.98,AgentPrefab,Agent,MoveState,Moving,Goal,20.00,0.00,10.00,4.82,0.00,2.45,11.80,0.00,6.10,DStar,
610,3.99,AgentPrefab,Agent,MoveState,Moving,Goal,20.00,0.00,10.00,4.83,0.00,2.46,11.80,0.00,6.10,DStar,
611,3.99,AgentPrefab,Agent,MoveState,Moving,Goal,20.00,0.00,10.00,4.84,0.00,2.46,11.80,0.00,6.10,DStar,
612,4.00,AgentPrefab,Agent,MoveState,Moving,Goal,20.00,0.00,10.00,4.85,0.00,2.47,11.80,0.00,6.10,DStar,
613,4.01,AgentPrefab,Agent,MoveState,Moving,Goal,20.00,0.00,10.00,4.86,0.00,2.47,11.80,0.00,6.10,DStar,
614,4.01,AgentPrefab,Agent,MoveState,Moving,Goal,20.00,0.00,10.00,4.88,0.00,2.48,11.80,0.00,6.10,DStar,
615,4.02,AgentPrefab,Agent,MoveState,Moving,Goal,20.00,0.00,10.00,4.89,0.00,2.49,11.80,0.00,6.10,DStar,
616,4.03,AgentPrefab,Agent,MoveState,Moving,Goal,20.00,0.00,10.00,4.90,0.00,2.49,11.80,0.00,6.10,DStar,
617,4.03,AgentPrefab,Agent,MoveState,Moving,Goal,20.00,0.00,10.00,4.91,0.00,2.50,11.80,0.00,6.10,DStar,
618,4.04,AgentPrefab,Agent,MoveState,Moving,Goal,20.00,0.00,10.00,4.92,0.00,2.50,11.80,0.00,6.10,DStar,
619,4.04,AgentPrefab,Agent,MoveState,Moving,Goal,20.00,0.00,10.00,4.93,0.00,2.51,11.80,0.00,6.10,DStar,
620,4.05,AgentPrefab,Agent,MoveState,Moving,Goal,20.00,0.00,10.00,4.94,0.00,2.51,11.80,0.00,6.10,DStar,
621,4.06,AgentPrefab,Agent,MoveState,Moving,Goal,20.00,0.00,10.00,4.95,0.00,2.52,11.80,0.00,6.10,DStar,
622,4.07,AgentPrefab,Agent,MoveState,Moving,Goal,20.00,0.00,10.00,4.96,0.00,2.53,11.80,0.00,6.10,DStar,
623,4.08,AgentPrefab,Agent,MoveState,Moving,Goal,20.00,0.00,10.00,4.99,0.00,2.54,11.80,0.00,6.10,DStar,
624,4.09,AgentPrefab,Agent,MoveState,Moving,Goal,20.00,0.00,10.00,5.01,0.00,2.55,11.80,0.00,6.10,DStar,
625,4.10,AgentPrefab,Agent,MoveState,Moving,Goal,20.00,0.00,10.00,5.02,0.00,2.56,11.80,0.00,6.10,DStar,
626,4.11,AgentPrefab,Agent,MoveState,Moving,Goal,20.00,0.00,10.00,5.05,0.00,2.57,11.80,0.00,6.10,DStar,
627,4.12,AgentPrefab,Agent,MoveState,Moving,Goal,20.00,0.00,10.00,5.06,0.00,2.58,11.80,0.00,6.10,DStar,
628,4.12,AgentPrefab,Agent,MoveState,Moving,Goal,20.00,0.00,10.00,5.07,0.00,2.58,11.80,0.00,6.10,DStar,
629,4.13,AgentPrefab,Agent,MoveState,Moving,Goal,20.00,0.00,10.00,5.08,0.00,2.59,11.80,0.00,6.10,DStar,
630,4.14,AgentPrefab,Agent,MoveState,Moving,Goal,20.00,0.00,10.00,5.10,0.00,2.59,11.80,0.00,6.10,DStar,
631,4.14,AgentPrefab,Agent,MoveState,Moving,Goal,20.00,0.00,10.00,5.11,0.00,2.60,11.80,0.00,6.10,DStar,
632,4.15,AgentPrefab,Agent,MoveState,Moving,Goal,20.00,0.00,10.00,5.12,0.00,2.61,11.80,0.00,6.10,DStar,
633,4.16,AgentPrefab,Agent,MoveState,Moving,Goal,20.00,0.00,10.00,5.13,0.00,2.61,11.80,0.00,6.10,DStar,
634,4.16,AgentPrefab,Agent,MoveState,Moving,Goal,20.00,0.00,10.00,5.14,0.00,2.62,11.80,0.00,6.10,DStar,
635,4.17,AgentPrefab,Agent,MoveState,Moving,Goal,20.00,0.00,10.00,5.15,0.00,2.62,11.80,0.00,6.10,DStar,
636,4.17,AgentPrefab,Agent,MoveState,Moving,Goal,20.00,0.00,10.00,5.16,0.00,2.63,11.80,0.00,6.10,DStar,
637,4.18,AgentPrefab,Agent,MoveState,Moving,Goal,20.00,0.00,10.00,5.17,0.00,2.64,11.80,0.00,6.10,DStar,
638,4.19,AgentPrefab,Agent,MoveState,Moving,Goal,20.00,0.00,10.00,5.18,0.00,2.64,11.80,0.00,6.10,DStar,
639,4.19,AgentPrefab,Agent,MoveState,Moving,Goal,20.00,0.00,10.00,5.19,0.00,2.65,11.80,0.00,6.10,DStar,
640,4.20,AgentPrefab,Agent,MoveState,Moving,Goal,20.00,0.00,10.00,5.21,0.00,2.65,11.80,0.00,6.10,DStar,
641,4.21,AgentPrefab,Agent,MoveState,Moving,Goal,20.00,0.00,10.00,5.22,0.00,2.66,11.80,0.00,6.10,DStar,
642,4.21,AgentPrefab,Agent,MoveState,Moving,Goal,20.00,0.00,10.00,5.23,0.00,2.66,11.80,0.00,6.10,DStar,
643,4.22,AgentPrefab,Agent,MoveState,Moving,Goal,20.00,0.00,10.00,5.24,0.00,2.67,11.80,0.00,6.10,DStar,
644,4.23,AgentPrefab,Agent,MoveState,Moving,Goal,20.00,0.00,10.00,5.25,0.00,2.68,11.80,0.00,6.10,DStar,
645,4.23,AgentPrefab,Agent,MoveState,Moving,Goal,20.00,0.00,10.00,5.26,0.00,2.68,11.80,0.00,6.10,DStar,
646,4.24,AgentPrefab,Agent,MoveState,Moving,Goal,20.00,0.00,10.00,5.27,0.00,2.69,11.80,0.00,6.10,DStar,
647,4.24,AgentPrefab,Agent,MoveState,Moving,Goal,20.00,0.00,10.00,5.29,0.00,2.69,11.80,0.00,6.10,DStar,
648,4.25,AgentPrefab,Agent,MoveState,Moving,Goal,20.00,0.00,10.00,5.30,0.00,2.70,11.80,0.00,6.10,DStar,
649,4.26,AgentPrefab,Agent,MoveState,Moving,Goal,20.00,0.00,10.00,5.31,0.00,2.71,11.80,0.00,6.10,DStar,
650,4.26,AgentPrefab,Agent,MoveState,Moving,Goal,20.00,0.00,10.00,5.32,0.00,2.71,11.80,0.00,6.10,DStar,
651,4.27,AgentPrefab,Agent,MoveState,Moving,Goal,20.00,0.00,10.00,5.33,0.00,2.72,11.80,0.00,6.10,DStar,
652,4.27,AgentPrefab,Agent,MoveState,Moving,Goal,20.00,0.00,10.00,5.34,0.00,2.72,11.80,0.00,6.10,DStar,
653,4.28,AgentPrefab,Agent,MoveState,Moving,Goal,20.00,0.00,10.00,5.35,0.00,2.73,11.80,0.00,6.10,DStar,
654,4.29,AgentPrefab,Agent,MoveState,Moving,Goal,20.00,0.00,10.00,5.36,0.00,2.73,11.80,0.00,6.10,DStar,
655,4.29,AgentPrefab,Agent,MoveState,Moving,Goal,20.00,0.00,10.00,5.37,0.00,2.74,11.80,0.00,6.10,DStar,
656,4.30,AgentPrefab,Agent,MoveState,Moving,Goal,20.00,0.00,10.00,5.38,0.00,2.75,11.80,0.00,6.10,DStar,
657,4.31,AgentPrefab,Agent,MoveState,Moving,Goal,20.00,0.00,10.00,5.40,0.00,2.75,11.80,0.00,6.10,DStar,
658,4.31,AgentPrefab,Agent,MoveState,Moving,Goal,20.00,0.00,10.00,5.41,0.00,2.76,11.80,0.00,6.10,DStar,
659,4.32,AgentPrefab,Agent,MoveState,Moving,Goal,20.00,0.00,10.00,5.42,0.00,2.76,11.80,0.00,6.10,DStar,
660,4.33,AgentPrefab,Agent,MoveState,Moving,Goal,20.00,0.00,10.00,5.43,0.00,2.77,11.80,0.00,6.10,DStar,
661,4.33,AgentPrefab,Agent,MoveState,Moving,Goal,20.00,0.00,10.00,5.44,0.00,2.77,11.80,0.00,6.10,DStar,
662,4.34,AgentPrefab,Agent,MoveState,Moving,Goal,20.00,0.00,10.00,5.45,0.00,2.78,11.80,0.00,6.10,DStar,
663,4.34,AgentPrefab,Agent,MoveState,Moving,Goal,20.00,0.00,10.00,5.46,0.00,2.79,11.80,0.00,6.10,DStar,
664,4.35,AgentPrefab,Agent,MoveState,Moving,Goal,20.00,0.00,10.00,5.47,0.00,2.79,11.80,0.00,6.10,DStar,
665,4.36,AgentPrefab,Agent,MoveState,Moving,Goal,20.00,0.00,10.00,5.49,0.00,2.80,11.80,0.00,6.10,DStar,
666,4.36,AgentPrefab,Agent,MoveState,Moving,Goal,20.00,0.00,10.00,5.50,0.00,2.80,11.80,0.00,6.10,DStar,
667,4.37,AgentPrefab,Agent,MoveState,Moving,Goal,20.00,0.00,10.00,5.51,0.00,2.81,11.80,0.00,6.10,DStar,
668,4.38,AgentPrefab,Agent,MoveState,Moving,Goal,20.00,0.00,10.00,5.52,0.00,2.82,11.80,0.00,6.10,DStar,
669,4.38,AgentPrefab,Agent,MoveState,Moving,Goal,20.00,0.00,10.00,5.53,0.00,2.82,11.80,0.00,6.10,DStar,
670,4.39,AgentPrefab,Agent,MoveState,Moving,Goal,20.00,0.00,10.00,5.54,0.00,2.83,11.80,0.00,6.10,DStar,
671,4.40,AgentPrefab,Agent,MoveState,Moving,Goal,20.00,0.00,10.00,5.55,0.00,2.83,11.80,0.00,6.10,DStar,
672,4.40,AgentPrefab,Agent,MoveState,Moving,Goal,20.00,0.00,10.00,5.57,0.00,2.84,11.80,0.00,6.10,DStar,
673,4.41,AgentPrefab,Agent,MoveState,Moving,Goal,20.00,0.00,10.00,5.58,0.00,2.85,11.80,0.00,6.10,DStar,
674,4.42,AgentPrefab,Agent,MoveState,Moving,Goal,20.00,0.00,10.00,5.59,0.00,2.85,11.80,0.00,6.10,DStar,
675,4.42,AgentPrefab,Agent,MoveState,Moving,Goal,20.00,0.00,10.00,5.60,0.00,2.86,11.80,0.00,6.10,DStar,
676,4.43,AgentPrefab,Agent,MoveState,Moving,Goal,20.00,0.00,10.00,5.61,0.00,2.87,11.80,0.00,6.10,DStar,
677,4.44,AgentPrefab,Agent,MoveState,Moving,Goal,20.00,0.00,10.00,5.62,0.00,2.87,11.80,0.00,6.10,DStar,
678,4.44,AgentPrefab,Agent,MoveState,Moving,Goal,20.00,0.00,10.00,5.64,0.00,2.88,11.80,0.00,6.10,DStar,
679,4.45,AgentPrefab,Agent,MoveState,Moving,Goal,20.00,0.00,10.00,5.65,0.00,2.88,11.80,0.00,6.10,DStar,
680,4.45,AgentPrefab,Agent,MoveState,Moving,Goal,20.00,0.00,10.00,5.66,0.00,2.89,11.80,0.00,6.10,DStar,
681,4.46,AgentPrefab,Agent,MoveState,Moving,Goal,20.00,0.00,10.00,5.67,0.00,2.89,11.80,0.00,6.10,DStar,
682,4.47,AgentPrefab,Agent,MoveState,Moving,Goal,20.00,0.00,10.00,5.68,0.00,2.90,11.80,0.00,6.10,DStar,
683,4.47,AgentPrefab,Agent,MoveState,Moving,Goal,20.00,0.00,10.00,5.69,0.00,2.91,11.80,0.00,6.10,DStar,
684,4.48,AgentPrefab,Agent,MoveState,Moving,Goal,20.00,0.00,10.00,5.71,0.00,2.91,11.80,0.00,6.10,DStar,
685,4.49,AgentPrefab,Agent,MoveState,Moving,Goal,20.00,0.00,10.00,5.72,0.00,2.92,11.80,0.00,6.10,DStar,
686,4.49,AgentPrefab,Agent,MoveState,Moving,Goal,20.00,0.00,10.00,5.73,0.00,2.93,11.80,0.00,6.10,DStar,
687,4.50,AgentPrefab,Agent,MoveState,Moving,Goal,20.00,0.00,10.00,5.74,0.00,2.93,11.80,0.00,6.10,DStar,
688,4.51,AgentPrefab,Agent,MoveState,Moving,Goal,20.00,0.00,10.00,5.75,0.00,2.94,11.80,0.00,6.10,DStar,
689,4.51,AgentPrefab,Agent,MoveState,Moving,Goal,20.00,0.00,10.00,5.76,0.00,2.94,11.80,0.00,6.10,DStar,
690,4.52,AgentPrefab,Agent,MoveState,Moving,Goal,20.00,0.00,10.00,5.77,0.00,2.95,11.80,0.00,6.10,DStar,
691,4.53,AgentPrefab,Agent,MoveState,Moving,Goal,20.00,0.00,10.00,5.79,0.00,2.95,11.80,0.00,6.10,DStar,
692,4.53,AgentPrefab,Agent,MoveState,Moving,Goal,20.00,0.00,10.00,5.80,0.00,2.96,11.80,0.00,6.10,DStar,
693,4.54,AgentPrefab,Agent,MoveState,Moving,Goal,20.00,0.00,10.00,5.81,0.00,2.97,11.80,0.00,6.10,DStar,
694,4.54,AgentPrefab,Agent,MoveState,Moving,Goal,20.00,0.00,10.00,5.82,0.00,2.97,11.80,0.00,6.10,DStar,
695,4.55,AgentPrefab,Agent,MoveState,Moving,Goal,20.00,0.00,10.00,5.83,0.00,2.98,11.80,0.00,6.10,DStar,
696,4.56,AgentPrefab,Agent,MoveState,Moving,Goal,20.00,0.00,10.00,5.84,0.00,2.98,11.80,0.00,6.10,DStar,
697,4.56,AgentPrefab,Agent,MoveState,Moving,Goal,20.00,0.00,10.00,5.85,0.00,2.99,11.80,0.00,6.10,DStar,
698,4.57,AgentPrefab,Agent,MoveState,Moving,Goal,20.00,0.00,10.00,5.86,0.00,3.00,11.80,0.00,6.10,DStar,
699,4.58,AgentPrefab,Agent,MoveState,Moving,Goal,20.00,0.00,10.00,5.87,0.00,3.00,11.80,0.00,6.10,DStar,
700,4.58,AgentPrefab,Agent,MoveState,Moving,Goal,20.00,0.00,10.00,5.89,0.00,3.01,11.80,0.00,6.10,DStar,
701,4.59,AgentPrefab,Agent,MoveState,Moving,Goal,20.00,0.00,10.00,5.90,0.00,3.01,11.80,0.00,6.10,DStar,
702,4.59,AgentPrefab,Agent,MoveState,Moving,Goal,20.00,0.00,10.00,5.91,0.00,3.02,11.80,0.00,6.10,DStar,
703,4.60,AgentPrefab,Agent,MoveState,Moving,Goal,20.00,0.00,10.00,5.92,0.00,3.02,11.80,0.00,6.10,DStar,
704,4.61,AgentPrefab,Agent,MoveState,Moving,Goal,20.00,0.00,10.00,5.93,0.00,3.03,11.80,0.00,6.10,DStar,
705,4.61,AgentPrefab,Agent,MoveState,Moving,Goal,20.00,0.00,10.00,5.94,0.00,3.04,11.80,0.00,6.10,DStar,
706,4.62,AgentPrefab,Agent,MoveState,Moving,Goal,20.00,0.00,10.00,5.95,0.00,3.04,11.80,0.00,6.10,DStar,
707,4.63,AgentPrefab,Agent,MoveState,Moving,Goal,20.00,0.00,10.00,5.96,0.00,3.05,11.80,0.00,6.10,DStar,
708,4.63,AgentPrefab,Agent,MoveState,Moving,Goal,20.00,0.00,10.00,5.98,0.00,3.05,11.80,0.00,6.10,DStar,
709,4.64,AgentPrefab,Agent,MoveState,Moving,Goal,20.00,0.00,10.00,5.99,0.00,3.06,11.80,0.00,6.10,DStar,
710,4.65,AgentPrefab,Agent,MoveState,Moving,Goal,20.00,0.00,10.00,6.00,0.00,3.07,11.80,0.00,6.10,DStar,
711,4.65,AgentPrefab,Agent,MoveState,Moving,Goal,20.00,0.00,10.00,6.01,0.00,3.07,11.80,0.00,6.10,DStar,
712,4.66,AgentPrefab,Agent,MoveState,Moving,Goal,20.00,0.00,10.00,6.02,0.00,3.08,11.80,0.00,6.10,DStar,
713,4.67,AgentPrefab,Agent,MoveState,Moving,Goal,20.00,0.00,10.00,6.03,0.00,3.08,11.80,0.00,6.10,DStar,
714,4.67,AgentPrefab,Agent,MoveState,Moving,Goal,20.00,0.00,10.00,6.04,0.00,3.09,11.80,0.00,6.10,DStar,
715,4.68,AgentPrefab,Agent,MoveState,Moving,Goal,20.00,0.00,10.00,6.05,0.00,3.10,11.80,0.00,6.10,DStar,
716,4.68,AgentPrefab,Agent,MoveState,Moving,Goal,20.00,0.00,10.00,6.07,0.00,3.10,11.80,0.00,6.10,DStar,
717,4.69,AgentPrefab,Agent,MoveState,Moving,Goal,20.00,0.00,10.00,6.08,0.00,3.11,11.80,0.00,6.10,DStar,
718,4.70,AgentPrefab,Agent,MoveState,Moving,Goal,20.00,0.00,10.00,6.09,0.00,3.11,11.80,0.00,6.10,DStar,
719,4.70,AgentPrefab,Agent,MoveState,Moving,Goal,20.00,0.00,10.00,6.10,0.00,3.12,11.80,0.00,6.10,DStar,
720,4.71,AgentPrefab,Agent,MoveState,Moving,Goal,20.00,0.00,10.00,6.11,0.00,3.12,11.80,0.00,6.10,DStar,
721,4.72,AgentPrefab,Agent,MoveState,Moving,Goal,20.00,0.00,10.00,6.12,0.00,3.13,11.80,0.00,6.10,DStar,
722,4.72,AgentPrefab,Agent,MoveState,Moving,Goal,20.00,0.00,10.00,6.13,0.00,3.14,11.80,0.00,6.10,DStar,
723,4.73,AgentPrefab,Agent,MoveState,Moving,Goal,20.00,0.00,10.00,6.14,0.00,3.14,11.80,0.00,6.10,DStar,
724,4.73,AgentPrefab,Agent,MoveState,Moving,Goal,20.00,0.00,10.00,6.15,0.00,3.15,11.80,0.00,6.10,DStar,
725,4.74,AgentPrefab,Agent,MoveState,Moving,Goal,20.00,0.00,10.00,6.17,0.00,3.15,11.80,0.00,6.10,DStar,
726,4.75,AgentPrefab,Agent,MoveState,Moving,Goal,20.00,0.00,10.00,6.18,0.00,3.16,11.80,0.00,6.10,DStar,
727,4.75,AgentPrefab,Agent,MoveState,Moving,Goal,20.00,0.00,10.00,6.19,0.00,3.17,11.80,0.00,6.10,DStar,
728,4.76,AgentPrefab,Agent,MoveState,Moving,Goal,20.00,0.00,10.00,6.20,0.00,3.17,11.80,0.00,6.10,DStar,
729,4.77,AgentPrefab,Agent,MoveState,Moving,Goal,20.00,0.00,10.00,6.21,0.00,3.18,11.80,0.00,6.10,DStar,
730,4.77,AgentPrefab,Agent,MoveState,Moving,Goal,20.00,0.00,10.00,6.22,0.00,3.18,11.80,0.00,6.10,DStar,
731,4.78,AgentPrefab,Agent,MoveState,Moving,Goal,20.00,0.00,10.00,6.23,0.00,3.19,11.80,0.00,6.10,DStar,
732,4.79,AgentPrefab,Agent,MoveState,Moving,Goal,20.00,0.00,10.00,6.24,0.00,3.20,11.80,0.00,6.10,DStar,
733,4.79,AgentPrefab,Agent,MoveState,Moving,Goal,20.00,0.00,10.00,6.26,0.00,3.20,11.80,0.00,6.10,DStar,
734,4.80,AgentPrefab,Agent,MoveState,Moving,Goal,20.00,0.00,10.00,6.27,0.00,3.21,11.80,0.00,6.10,DStar,
735,4.80,AgentPrefab,Agent,MoveState,Moving,Goal,20.00,0.00,10.00,6.28,0.00,3.21,11.80,0.00,6.10,DStar,
736,4.81,AgentPrefab,Agent,MoveState,Moving,Goal,20.00,0.00,10.00,6.29,0.00,3.22,11.80,0.00,6.10,DStar,
737,4.82,AgentPrefab,Agent,MoveState,Moving,Goal,20.00,0.00,10.00,6.30,0.00,3.22,11.80,0.00,6.10,DStar,
738,4.82,AgentPrefab,Agent,MoveState,Moving,Goal,20.00,0.00,10.00,6.31,0.00,3.23,11.80,0.00,6.10,DStar,
739,4.83,AgentPrefab,Agent,MoveState,Moving,Goal,20.00,0.00,10.00,6.32,0.00,3.24,11.80,0.00,6.10,DStar,
740,4.84,AgentPrefab,Agent,MoveState,Moving,Goal,20.00,0.00,10.00,6.34,0.00,3.24,11.80,0.00,6.10,DStar,
741,4.84,AgentPrefab,Agent,MoveState,Moving,Goal,20.00,0.00,10.00,6.35,0.00,3.25,11.80,0.00,6.10,DStar,
742,4.85,AgentPrefab,Agent,MoveState,Moving,Goal,20.00,0.00,10.00,6.36,0.00,3.25,11.80,0.00,6.10,DStar,
743,4.86,AgentPrefab,Agent,MoveState,Moving,Goal,20.00,0.00,10.00,6.37,0.00,3.26,11.80,0.00,6.10,DStar,
744,4.86,AgentPrefab,Agent,MoveState,Moving,Goal,20.00,0.00,10.00,6.38,0.00,3.27,11.80,0.00,6.10,DStar,
745,4.87,AgentPrefab,Agent,MoveState,Moving,Goal,20.00,0.00,10.00,6.39,0.00,3.27,11.80,0.00,6.10,DStar,
746,4.87,AgentPrefab,Agent,MoveState,Moving,Goal,20.00,0.00,10.00,6.40,0.00,3.28,11.80,0.00,6.10,DStar,
747,4.88,AgentPrefab,Agent,MoveState,Moving,Goal,20.00,0.00,10.00,6.41,0.00,3.28,11.80,0.00,6.10,DStar,
748,4.89,AgentPrefab,Agent,MoveState,Moving,Goal,20.00,0.00,10.00,6.42,0.00,3.29,11.80,0.00,6.10,DStar,
749,4.89,AgentPrefab,Agent,MoveState,Moving,Goal,20.00,0.00,10.00,6.44,0.00,3.30,11.80,0.00,6.10,DStar,
750,4.90,AgentPrefab,Agent,MoveState,Moving,Goal,20.00,0.00,10.00,6.45,0.00,3.30,11.80,0.00,6.10,DStar,
751,4.91,AgentPrefab,Agent,MoveState,Moving,Goal,20.00,0.00,10.00,6.46,0.00,3.31,11.80,0.00,6.10,DStar,
752,4.91,AgentPrefab,Agent,MoveState,Moving,Goal,20.00,0.00,10.00,6.47,0.00,3.31,11.80,0.00,6.10,DStar,
753,4.92,AgentPrefab,Agent,MoveState,Moving,Goal,20.00,0.00,10.00,6.48,0.00,3.32,11.80,0.00,6.10,DStar,
754,4.92,AgentPrefab,Agent,MoveState,Moving,Goal,20.00,0.00,10.00,6.49,0.00,3.32,11.80,0.00,6.10,DStar,
755,4.93,AgentPrefab,Agent,MoveState,Moving,Goal,20.00,0.00,10.00,6.50,0.00,3.33,11.80,0.00,6.10,DStar,
756,4.94,AgentPrefab,Agent,MoveState,Moving,Goal,20.00,0.00,10.00,6.51,0.00,3.34,11.80,0.00,6.10,DStar,
757,4.94,AgentPrefab,Agent,MoveState,Moving,Goal,20.00,0.00,10.00,6.52,0.00,3.34,11.80,0.00,6.10,DStar,
758,4.95,AgentPrefab,Agent,MoveState,Moving,Goal,20.00,0.00,10.00,6.54,0.00,3.35,11.80,0.00,6.10,DStar,
759,4.96,AgentPrefab,Agent,MoveState,Moving,Goal,20.00,0.00,10.00,6.55,0.00,3.35,11.80,0.00,6.10,DStar,
760,4.96,AgentPrefab,Agent,MoveState,Moving,Goal,20.00,0.00,10.00,6.56,0.00,3.36,11.80,0.00,6.10,DStar,
761,4.97,AgentPrefab,Agent,MoveState,Moving,Goal,20.00,0.00,10.00,6.57,0.00,3.37,11.80,0.00,6.10,DStar,
762,4.97,AgentPrefab,Agent,MoveState,Moving,Goal,20.00,0.00,10.00,6.58,0.00,3.37,11.80,0.00,6.10,DStar,
763,4.98,AgentPrefab,Agent,MoveState,Moving,Goal,20.00,0.00,10.00,6.59,0.00,3.38,11.80,0.00,6.10,DStar,
764,4.99,AIManager,Performance,Pathfinding,Executed,DStar,0.00,0.00,0.00,0.00,0.00,0.00,0.00,0.00,0.00,DStar,30.634
764,4.99,AgentPrefab,Agent,MoveState,Moving,Goal,20.00,0.00,10.00,6.60,0.00,3.38,6.60,0.00,3.38,DStar,
765,5.03,AgentPrefab,Agent,MoveState,Moving,Goal,20.00,0.00,10.00,6.60,0.00,3.38,14.90,0.00,8.70,DStar,
766,5.04,AgentPrefab,Agent,MoveState,Moving,Goal,20.00,0.00,10.00,6.68,0.00,3.43,14.90,0.00,8.70,DStar,
767,5.04,AgentPrefab,Agent,MoveState,Moving,Goal,20.00,0.00,10.00,6.69,0.00,3.44,14.90,0.00,8.70,DStar,
768,5.05,AgentPrefab,Agent,MoveState,Moving,Goal,20.00,0.00,10.00,6.70,0.00,3.44,14.90,0.00,8.70,DStar,
769,5.06,AgentPrefab,Agent,MoveState,Moving,Goal,20.00,0.00,10.00,6.71,0.00,3.45,14.90,0.00,8.70,DStar,
770,5.06,AgentPrefab,Agent,MoveState,Moving,Goal,20.00,0.00,10.00,6.72,0.00,3.46,14.90,0.00,8.70,DStar,
771,5.07,AgentPrefab,Agent,MoveState,Moving,Goal,20.00,0.00,10.00,6.73,0.00,3.46,14.90,0.00,8.70,DStar,
772,5.08,AgentPrefab,Agent,MoveState,Moving,Goal,20.00,0.00,10.00,6.74,0.00,3.47,14.90,0.00,8.70,DStar,
773,5.08,AgentPrefab,Agent,MoveState,Moving,Goal,20.00,0.00,10.00,6.75,0.00,3.48,14.90,0.00,8.70,DStar,
774,5.09,AgentPrefab,Agent,MoveState,Moving,Goal,20.00,0.00,10.00,6.76,0.00,3.48,14.90,0.00,8.70,DStar,
775,5.09,AgentPrefab,Agent,MoveState,Moving,Goal,20.00,0.00,10.00,6.77,0.00,3.49,14.90,0.00,8.70,DStar,
776,5.10,AgentPrefab,Agent,MoveState,Moving,Goal,20.00,0.00,10.00,6.78,0.00,3.50,14.90,0.00,8.70,DStar,
777,5.11,AgentPrefab,Agent,MoveState,Moving,Goal,20.00,0.00,10.00,6.79,0.00,3.51,14.90,0.00,8.70,DStar,
778,5.11,AgentPrefab,Agent,MoveState,Moving,Goal,20.00,0.00,10.00,6.81,0.00,3.51,14.90,0.00,8.70,DStar,
779,5.15,AgentPrefab,Agent,MoveState,Moving,Goal,20.00,0.00,10.00,6.82,0.00,3.52,14.90,0.00,8.70,DStar,
780,5.16,AgentPrefab,Agent,MoveState,Moving,Goal,20.00,0.00,10.00,6.88,0.00,3.56,14.90,0.00,8.70,DStar,
781,5.17,AgentPrefab,Agent,MoveState,Moving,Goal,20.00,0.00,10.00,6.90,0.00,3.57,14.90,0.00,8.70,DStar,
782,5.18,AgentPrefab,Agent,MoveState,Moving,Goal,20.00,0.00,10.00,6.91,0.00,3.58,14.90,0.00,8.70,DStar,
783,5.18,AgentPrefab,Agent,MoveState,Moving,Goal,20.00,0.00,10.00,6.92,0.00,3.59,14.90,0.00,8.70,DStar,
784,5.19,AgentPrefab,Agent,MoveState,Moving,Goal,20.00,0.00,10.00,6.93,0.00,3.59,14.90,0.00,8.70,DStar,
785,5.20,AgentPrefab,Agent,MoveState,Moving,Goal,20.00,0.00,10.00,6.95,0.00,3.60,14.90,0.00,8.70,DStar,
786,5.20,AgentPrefab,Agent,MoveState,Moving,Goal,20.00,0.00,10.00,6.96,0.00,3.61,14.90,0.00,8.70,DStar,
787,5.21,AgentPrefab,Agent,MoveState,Moving,Goal,20.00,0.00,10.00,6.97,0.00,3.62,14.90,0.00,8.70,DStar,
788,5.22,AgentPrefab,Agent,MoveState,Moving,Goal,20.00,0.00,10.00,6.98,0.00,3.62,14.90,0.00,8.70,DStar,
789,5.22,AgentPrefab,Agent,MoveState,Moving,Goal,20.00,0.00,10.00,6.99,0.00,3.63,14.90,0.00,8.70,DStar,
790,5.23,AgentPrefab,Agent,MoveState,Moving,Goal,20.00,0.00,10.00,7.00,0.00,3.64,14.90,0.00,8.70,DStar,
791,5.24,AgentPrefab,Agent,MoveState,Moving,Goal,20.00,0.00,10.00,7.01,0.00,3.64,14.90,0.00,8.70,DStar,
792,5.24,AgentPrefab,Agent,MoveState,Moving,Goal,20.00,0.00,10.00,7.02,0.00,3.65,14.90,0.00,8.70,DStar,
793,5.25,AgentPrefab,Agent,MoveState,Moving,Goal,20.00,0.00,10.00,7.03,0.00,3.66,14.90,0.00,8.70,DStar,
794,5.26,AgentPrefab,Agent,MoveState,Moving,Goal,20.00,0.00,10.00,7.04,0.00,3.67,14.90,0.00,8.70,DStar,
795,5.26,AgentPrefab,Agent,MoveState,Moving,Goal,20.00,0.00,10.00,7.06,0.00,3.67,14.90,0.00,8.70,DStar,
796,5.27,AgentPrefab,Agent,MoveState,Moving,Goal,20.00,0.00,10.00,7.07,0.00,3.68,14.90,0.00,8.70,DStar,
797,5.28,AgentPrefab,Agent,MoveState,Moving,Goal,20.00,0.00,10.00,7.08,0.00,3.69,14.90,0.00,8.70,DStar,
798,5.28,AgentPrefab,Agent,MoveState,Moving,Goal,20.00,0.00,10.00,7.09,0.00,3.69,14.90,0.00,8.70,DStar,
799,5.29,AgentPrefab,Agent,MoveState,Moving,Goal,20.00,0.00,10.00,7.10,0.00,3.70,14.90,0.00,8.70,DStar,
800,5.30,AgentPrefab,Agent,MoveState,Moving,Goal,20.00,0.00,10.00,7.11,0.00,3.71,14.90,0.00,8.70,DStar,
801,5.30,AgentPrefab,Agent,MoveState,Moving,Goal,20.00,0.00,10.00,7.12,0.00,3.71,14.90,0.00,8.70,DStar,
802,5.31,AgentPrefab,Agent,MoveState,Moving,Goal,20.00,0.00,10.00,7.13,0.00,3.72,14.90,0.00,8.70,DStar,
803,5.31,AgentPrefab,Agent,MoveState,Moving,Goal,20.00,0.00,10.00,7.14,0.00,3.73,14.90,0.00,8.70,DStar,
804,5.32,AgentPrefab,Agent,MoveState,Moving,Goal,20.00,0.00,10.00,7.15,0.00,3.74,14.90,0.00,8.70,DStar,
805,5.33,AgentPrefab,Agent,MoveState,Moving,Goal,20.00,0.00,10.00,7.17,0.00,3.74,14.90,0.00,8.70,DStar,
806,5.33,AgentPrefab,Agent,MoveState,Moving,Goal,20.00,0.00,10.00,7.18,0.00,3.75,14.90,0.00,8.70,DStar,
807,5.34,AgentPrefab,Agent,MoveState,Moving,Goal,20.00,0.00,10.00,7.19,0.00,3.76,14.90,0.00,8.70,DStar,
808,5.35,AgentPrefab,Agent,MoveState,Moving,Goal,20.00,0.00,10.00,7.20,0.00,3.76,14.90,0.00,8.70,DStar,
809,5.35,AgentPrefab,Agent,MoveState,Moving,Goal,20.00,0.00,10.00,7.21,0.00,3.77,14.90,0.00,8.70,DStar,
810,5.36,AgentPrefab,Agent,MoveState,Moving,Goal,20.00,0.00,10.00,7.22,0.00,3.78,14.90,0.00,8.70,DStar,
811,5.37,AgentPrefab,Agent,MoveState,Moving,Goal,20.00,0.00,10.00,7.23,0.00,3.78,14.90,0.00,8.70,DStar,
812,5.38,AgentPrefab,Agent,MoveState,Moving,Goal,20.00,0.00,10.00,7.24,0.00,3.79,14.90,0.00,8.70,DStar,
813,5.39,AgentPrefab,Agent,MoveState,Moving,Goal,20.00,0.00,10.00,7.26,0.00,3.81,14.90,0.00,8.70,DStar,
814,5.39,AgentPrefab,Agent,MoveState,Moving,Goal,20.00,0.00,10.00,7.28,0.00,3.81,14.90,0.00,8.70,DStar,
815,5.40,AgentPrefab,Agent,MoveState,Moving,Goal,20.00,0.00,10.00,7.29,0.00,3.82,14.90,0.00,8.70,DStar,
816,5.41,AgentPrefab,Agent,MoveState,Moving,Goal,20.00,0.00,10.00,7.30,0.00,3.83,14.90,0.00,8.70,DStar,
817,5.41,AgentPrefab,Agent,MoveState,Moving,Goal,20.00,0.00,10.00,7.31,0.00,3.83,14.90,0.00,8.70,DStar,
818,5.42,AgentPrefab,Agent,MoveState,Moving,Goal,20.00,0.00,10.00,7.32,0.00,3.84,14.90,0.00,8.70,DStar,
819,5.43,AgentPrefab,Agent,MoveState,Moving,Goal,20.00,0.00,10.00,7.33,0.00,3.85,14.90,0.00,8.70,DStar,
820,5.43,AgentPrefab,Agent,MoveState,Moving,Goal,20.00,0.00,10.00,7.34,0.00,3.86,14.90,0.00,8.70,DStar,
821,5.44,AgentPrefab,Agent,MoveState,Moving,Goal,20.00,0.00,10.00,7.35,0.00,3.86,14.90,0.00,8.70,DStar,
822,5.45,AgentPrefab,Agent,MoveState,Moving,Goal,20.00,0.00,10.00,7.36,0.00,3.87,14.90,0.00,8.70,DStar,
823,5.45,AgentPrefab,Agent,MoveState,Moving,Goal,20.00,0.00,10.00,7.37,0.00,3.88,14.90,0.00,8.70,DStar,
824,5.46,AgentPrefab,Agent,MoveState,Moving,Goal,20.00,0.00,10.00,7.39,0.00,3.88,14.90,0.00,8.70,DStar,
825,5.46,AgentPrefab,Agent,MoveState,Moving,Goal,20.00,0.00,10.00,7.40,0.00,3.89,14.90,0.00,8.70,DStar,
826,5.47,AgentPrefab,Agent,MoveState,Moving,Goal,20.00,0.00,10.00,7.41,0.00,3.90,14.90,0.00,8.70,DStar,
827,5.48,AgentPrefab,Agent,MoveState,Moving,Goal,20.00,0.00,10.00,7.42,0.00,3.90,14.90,0.00,8.70,DStar,
828,5.48,AgentPrefab,Agent,MoveState,Moving,Goal,20.00,0.00,10.00,7.43,0.00,3.91,14.90,0.00,8.70,DStar,
829,5.49,AgentPrefab,Agent,MoveState,Moving,Goal,20.00,0.00,10.00,7.44,0.00,3.92,14.90,0.00,8.70,DStar,
830,5.50,AgentPrefab,Agent,MoveState,Moving,Goal,20.00,0.00,10.00,7.45,0.00,3.93,14.90,0.00,8.70,DStar,
831,5.50,AgentPrefab,Agent,MoveState,Moving,Goal,20.00,0.00,10.00,7.46,0.00,3.93,14.90,0.00,8.70,DStar,
832,5.51,AgentPrefab,Agent,MoveState,Moving,Goal,20.00,0.00,10.00,7.47,0.00,3.94,14.90,0.00,8.70,DStar,
833,5.52,AgentPrefab,Agent,MoveState,Moving,Goal,20.00,0.00,10.00,7.48,0.00,3.95,14.90,0.00,8.70,DStar,
834,5.52,AgentPrefab,Agent,MoveState,Moving,Goal,20.00,0.00,10.00,7.49,0.00,3.95,14.90,0.00,8.70,DStar,
835,5.53,AgentPrefab,Agent,MoveState,Moving,Goal,20.00,0.00,10.00,7.50,0.00,3.96,14.90,0.00,8.70,DStar,
836,5.54,AgentPrefab,Agent,MoveState,Moving,Goal,20.00,0.00,10.00,7.51,0.00,3.97,14.90,0.00,8.70,DStar,
837,5.54,AgentPrefab,Agent,MoveState,Moving,Goal,20.00,0.00,10.00,7.53,0.00,3.97,14.90,0.00,8.70,DStar,
838,5.55,AgentPrefab,Agent,MoveState,Moving,Goal,20.00,0.00,10.00,7.54,0.00,3.98,14.90,0.00,8.70,DStar,
839,5.55,AgentPrefab,Agent,MoveState,Moving,Goal,20.00,0.00,10.00,7.55,0.00,3.99,14.90,0.00,8.70,DStar,
840,5.56,AgentPrefab,Agent,MoveState,Moving,Goal,20.00,0.00,10.00,7.56,0.00,3.99,14.90,0.00,8.70,DStar,
841,5.57,AgentPrefab,Agent,MoveState,Moving,Goal,20.00,0.00,10.00,7.57,0.00,4.00,14.90,0.00,8.70,DStar,
842,5.57,AgentPrefab,Agent,MoveState,Moving,Goal,20.00,0.00,10.00,7.58,0.00,4.01,14.90,0.00,8.70,DStar,
843,5.58,AgentPrefab,Agent,MoveState,Moving,Goal,20.00,0.00,10.00,7.59,0.00,4.02,14.90,0.00,8.70,DStar,
844,5.59,AgentPrefab,Agent,MoveState,Moving,Goal,20.00,0.00,10.00,7.60,0.00,4.02,14.90,0.00,8.70,DStar,
845,5.59,AgentPrefab,Agent,MoveState,Moving,Goal,20.00,0.00,10.00,7.62,0.00,4.03,14.90,0.00,8.70,DStar,
846,5.60,AgentPrefab,Agent,MoveState,Moving,Goal,20.00,0.00,10.00,7.63,0.00,4.04,14.90,0.00,8.70,DStar,
847,5.61,AgentPrefab,Agent,MoveState,Moving,Goal,20.00,0.00,10.00,7.64,0.00,4.05,14.90,0.00,8.70,DStar,
848,5.61,AgentPrefab,Agent,MoveState,Moving,Goal,20.00,0.00,10.00,7.65,0.00,4.05,14.90,0.00,8.70,DStar,
849,5.64,AgentPrefab,Agent,MoveState,Moving,Goal,20.00,0.00,10.00,7.66,0.00,4.06,14.90,0.00,8.70,DStar,
850,5.64,AgentPrefab,Agent,MoveState,Moving,Goal,20.00,0.00,10.00,7.70,0.00,4.08,14.90,0.00,8.70,DStar,
851,5.65,AgentPrefab,Agent,MoveState,Moving,Goal,20.00,0.00,10.00,7.71,0.00,4.09,14.90,0.00,8.70,DStar,
852,5.66,AgentPrefab,Agent,MoveState,Moving,Goal,20.00,0.00,10.00,7.72,0.00,4.10,14.90,0.00,8.70,DStar,
853,5.66,AgentPrefab,Agent,MoveState,Moving,Goal,20.00,0.00,10.00,7.73,0.00,4.11,14.90,0.00,8.70,DStar,
854,5.67,AgentPrefab,Agent,MoveState,Moving,Goal,20.00,0.00,10.00,7.74,0.00,4.11,14.90,0.00,8.70,DStar,
855,5.68,AgentPrefab,Agent,MoveState,Moving,Goal,20.00,0.00,10.00,7.75,0.00,4.12,14.90,0.00,8.70,DStar,
856,5.68,AgentPrefab,Agent,MoveState,Moving,Goal,20.00,0.00,10.00,7.76,0.00,4.13,14.90,0.00,8.70,DStar,
857,5.69,AgentPrefab,Agent,MoveState,Moving,Goal,20.00,0.00,10.00,7.77,0.00,4.13,14.90,0.00,8.70,DStar,
858,5.70,AgentPrefab,Agent,MoveState,Moving,Goal,20.00,0.00,10.00,7.78,0.00,4.14,14.90,0.00,8.70,DStar,
859,5.70,AgentPrefab,Agent,MoveState,Moving,Goal,20.00,0.00,10.00,7.80,0.00,4.15,14.90,0.00,8.70,DStar,
860,5.71,AgentPrefab,Agent,MoveState,Moving,Goal,20.00,0.00,10.00,7.81,0.00,4.15,14.90,0.00,8.70,DStar,
861,5.72,AgentPrefab,Agent,MoveState,Moving,Goal,20.00,0.00,10.00,7.82,0.00,4.16,14.90,0.00,8.70,DStar,
862,5.72,AgentPrefab,Agent,MoveState,Moving,Goal,20.00,0.00,10.00,7.83,0.00,4.17,14.90,0.00,8.70,DStar,
863,5.73,AgentPrefab,Agent,MoveState,Moving,Goal,20.00,0.00,10.00,7.84,0.00,4.18,14.90,0.00,8.70,DStar,
864,5.74,AgentPrefab,Agent,MoveState,Moving,Goal,20.00,0.00,10.00,7.86,0.00,4.19,14.90,0.00,8.70,DStar,
865,5.76,AgentPrefab,Agent,MoveState,Moving,Goal,20.00,0.00,10.00,7.87,0.00,4.19,14.90,0.00,8.70,DStar,
866,5.78,AgentPrefab,Agent,MoveState,Moving,Goal,20.00,0.00,10.00,7.91,0.00,4.22,14.90,0.00,8.70,DStar,
867,5.78,AgentPrefab,Agent,MoveState,Moving,Goal,20.00,0.00,10.00,7.93,0.00,4.24,14.90,0.00,8.70,DStar,
868,5.79,AgentPrefab,Agent,MoveState,Moving,Goal,20.00,0.00,10.00,7.94,0.00,4.24,14.90,0.00,8.70,DStar,
869,5.80,AgentPrefab,Agent,MoveState,Moving,Goal,20.00,0.00,10.00,7.96,0.00,4.25,14.90,0.00,8.70,DStar,
870,5.81,AgentPrefab,Agent,MoveState,Moving,Goal,20.00,0.00,10.00,7.97,0.00,4.26,14.90,0.00,8.70,DStar,
871,5.81,AgentPrefab,Agent,MoveState,Moving,Goal,20.00,0.00,10.00,7.98,0.00,4.27,14.90,0.00,8.70,DStar,
872,5.82,AgentPrefab,Agent,MoveState,Moving,Goal,20.00,0.00,10.00,8.00,0.00,4.27,14.90,0.00,8.70,DStar,
873,5.83,AgentPrefab,Agent,MoveState,Moving,Goal,20.00,0.00,10.00,8.01,0.00,4.28,14.90,0.00,8.70,DStar,
874,5.84,AgentPrefab,Agent,MoveState,Moving,Goal,20.00,0.00,10.00,8.02,0.00,4.29,14.90,0.00,8.70,DStar,
875,5.84,AgentPrefab,Agent,MoveState,Moving,Goal,20.00,0.00,10.00,8.03,0.00,4.30,14.90,0.00,8.70,DStar,
876,5.85,AgentPrefab,Agent,MoveState,Moving,Goal,20.00,0.00,10.00,8.04,0.00,4.31,14.90,0.00,8.70,DStar,
877,5.86,AgentPrefab,Agent,MoveState,Moving,Goal,20.00,0.00,10.00,8.06,0.00,4.32,14.90,0.00,8.70,DStar,
878,5.87,AgentPrefab,Agent,MoveState,Moving,Goal,20.00,0.00,10.00,8.07,0.00,4.32,14.90,0.00,8.70,DStar,
879,5.87,AgentPrefab,Agent,MoveState,Moving,Goal,20.00,0.00,10.00,8.08,0.00,4.33,14.90,0.00,8.70,DStar,
880,5.88,AgentPrefab,Agent,MoveState,Moving,Goal,20.00,0.00,10.00,8.10,0.00,4.34,14.90,0.00,8.70,DStar,
881,5.89,AgentPrefab,Agent,MoveState,Moving,Goal,20.00,0.00,10.00,8.11,0.00,4.35,14.90,0.00,8.70,DStar,
882,5.90,AgentPrefab,Agent,MoveState,Moving,Goal,20.00,0.00,10.00,8.12,0.00,4.36,14.90,0.00,8.70,DStar,
883,5.90,AgentPrefab,Agent,MoveState,Moving,Goal,20.00,0.00,10.00,8.14,0.00,4.36,14.90,0.00,8.70,DStar,
884,5.91,AgentPrefab,Agent,MoveState,Moving,Goal,20.00,0.00,10.00,8.15,0.00,4.37,14.90,0.00,8.70,DStar,
885,5.92,AgentPrefab,Agent,MoveState,Moving,Goal,20.00,0.00,10.00,8.16,0.00,4.38,14.90,0.00,8.70,DStar,
886,5.92,AgentPrefab,Agent,MoveState,Moving,Goal,20.00,0.00,10.00,8.17,0.00,4.38,14.90,0.00,8.70,DStar,
887,5.93,AgentPrefab,Agent,MoveState,Moving,Goal,20.00,0.00,10.00,8.18,0.00,4.39,14.90,0.00,8.70,DStar,
888,5.93,AgentPrefab,Agent,MoveState,Moving,Goal,20.00,0.00,10.00,8.19,0.00,4.40,14.90,0.00,8.70,DStar,
889,5.94,AgentPrefab,Agent,MoveState,Moving,Goal,20.00,0.00,10.00,8.20,0.00,4.41,14.90,0.00,8.70,DStar,
890,5.95,AgentPrefab,Agent,MoveState,Moving,Goal,20.00,0.00,10.00,8.21,0.00,4.41,14.90,0.00,8.70,DStar,
891,5.95,AgentPrefab,Agent,MoveState,Moving,Goal,20.00,0.00,10.00,8.22,0.00,4.42,14.90,0.00,8.70,DStar,
892,5.96,AgentPrefab,Agent,MoveState,Moving,Goal,20.00,0.00,10.00,8.23,0.00,4.43,14.90,0.00,8.70,DStar,
893,5.97,AgentPrefab,Agent,MoveState,Moving,Goal,20.00,0.00,10.00,8.24,0.00,4.43,14.90,0.00,8.70,DStar,
894,5.97,AgentPrefab,Agent,MoveState,Moving,Goal,20.00,0.00,10.00,8.25,0.00,4.44,14.90,0.00,8.70,DStar,
895,5.98,AgentPrefab,Agent,MoveState,Moving,Goal,20.00,0.00,10.00,8.26,0.00,4.45,14.90,0.00,8.70,DStar,
896,5.98,AIManager,Performance,Pathfinding,Executed,DStar,0.00,0.00,0.00,0.00,0.00,0.00,0.00,0.00,0.00,DStar,2.385
896,5.98,AIManager,Performance,Pathfinding,Executed,DStar,0.00,0.00,0.00,0.00,0.00,0.00,0.00,0.00,0.00,DStar,2.133
896,5.98,AgentPrefab,Agent,MoveState,Moving,Goal,20.00,0.00,10.00,8.27,0.00,4.45,8.27,0.00,4.45,DStar,
897,6.00,AgentPrefab,Agent,MoveState,Moving,Goal,20.00,0.00,10.00,8.27,0.00,4.45,20.00,0.00,10.00,DStar,
898,6.01,AgentPrefab,Agent,MoveState,Moving,Goal,20.00,0.00,10.00,8.31,0.00,4.47,20.00,0.00,10.00,DStar,
899,6.02,AgentPrefab,Agent,MoveState,Moving,Goal,20.00,0.00,10.00,8.32,0.00,4.47,20.00,0.00,10.00,DStar,
900,6.02,AgentPrefab,Agent,MoveState,Moving,Goal,20.00,0.00,10.00,8.33,0.00,4.48,20.00,0.00,10.00,DStar,
901,6.03,AgentPrefab,Agent,MoveState,Moving,Goal,20.00,0.00,10.00,8.34,0.00,4.48,20.00,0.00,10.00,DStar,
902,6.04,AgentPrefab,Agent,MoveState,Moving,Goal,20.00,0.00,10.00,8.35,0.00,4.49,20.00,0.00,10.00,DStar,
903,6.04,AgentPrefab,Agent,MoveState,Moving,Goal,20.00,0.00,10.00,8.36,0.00,4.50,20.00,0.00,10.00,DStar,
904,6.05,AgentPrefab,Agent,MoveState,Moving,Goal,20.00,0.00,10.00,8.38,0.00,4.50,20.00,0.00,10.00,DStar,
905,6.05,AgentPrefab,Agent,MoveState,Moving,Goal,20.00,0.00,10.00,8.39,0.00,4.51,20.00,0.00,10.00,DStar,
906,6.06,AgentPrefab,Agent,MoveState,Moving,Goal,20.00,0.00,10.00,8.40,0.00,4.51,20.00,0.00,10.00,DStar,
907,6.07,AgentPrefab,Agent,MoveState,Moving,Goal,20.00,0.00,10.00,8.41,0.00,4.52,20.00,0.00,10.00,DStar,
908,6.07,AgentPrefab,Agent,MoveState,Moving,Goal,20.00,0.00,10.00,8.42,0.00,4.52,20.00,0.00,10.00,DStar,
909,6.08,AgentPrefab,Agent,MoveState,Moving,Goal,20.00,0.00,10.00,8.43,0.00,4.53,20.00,0.00,10.00,DStar,
910,6.09,AgentPrefab,Agent,MoveState,Moving,Goal,20.00,0.00,10.00,8.44,0.00,4.53,20.00,0.00,10.00,DStar,
911,6.09,AgentPrefab,Agent,MoveState,Moving,Goal,20.00,0.00,10.00,8.46,0.00,4.54,20.00,0.00,10.00,DStar,
912,6.10,AgentPrefab,Agent,MoveState,Moving,Goal,20.00,0.00,10.00,8.47,0.00,4.54,20.00,0.00,10.00,DStar,
913,6.11,AgentPrefab,Agent,MoveState,Moving,Goal,20.00,0.00,10.00,8.48,0.00,4.55,20.00,0.00,10.00,DStar,
914,6.11,AgentPrefab,Agent,MoveState,Moving,Goal,20.00,0.00,10.00,8.49,0.00,4.56,20.00,0.00,10.00,DStar,
915,6.12,AgentPrefab,Agent,MoveState,Moving,Goal,20.00,0.00,10.00,8.50,0.00,4.56,20.00,0.00,10.00,DStar,
916,6.12,AgentPrefab,Agent,MoveState,Moving,Goal,20.00,0.00,10.00,8.51,0.00,4.57,20.00,0.00,10.00,DStar,
917,6.13,AgentPrefab,Agent,MoveState,Moving,Goal,20.00,0.00,10.00,8.52,0.00,4.57,20.00,0.00,10.00,DStar,
918,6.14,AgentPrefab,Agent,MoveState,Moving,Goal,20.00,0.00,10.00,8.54,0.00,4.58,20.00,0.00,10.00,DStar,
919,6.14,AgentPrefab,Agent,MoveState,Moving,Goal,20.00,0.00,10.00,8.55,0.00,4.58,20.00,0.00,10.00,DStar,
920,6.15,AgentPrefab,Agent,MoveState,Moving,Goal,20.00,0.00,10.00,8.56,0.00,4.59,20.00,0.00,10.00,DStar,
921,6.16,AgentPrefab,Agent,MoveState,Moving,Goal,20.00,0.00,10.00,8.57,0.00,4.59,20.00,0.00,10.00,DStar,
922,6.16,AgentPrefab,Agent,MoveState,Moving,Goal,20.00,0.00,10.00,8.58,0.00,4.60,20.00,0.00,10.00,DStar,
923,6.17,AgentPrefab,Agent,MoveState,Moving,Goal,20.00,0.00,10.00,8.60,0.00,4.61,20.00,0.00,10.00,DStar,
924,6.18,AgentPrefab,Agent,MoveState,Moving,Goal,20.00,0.00,10.00,8.61,0.00,4.61,20.00,0.00,10.00,DStar,
925,6.18,AgentPrefab,Agent,MoveState,Moving,Goal,20.00,0.00,10.00,8.62,0.00,4.62,20.00,0.00,10.00,DStar,
926,6.19,AgentPrefab,Agent,MoveState,Moving,Goal,20.00,0.00,10.00,8.63,0.00,4.62,20.00,0.00,10.00,DStar,
927,6.20,AgentPrefab,Agent,MoveState,Moving,Goal,20.00,0.00,10.00,8.64,0.00,4.63,20.00,0.00,10.00,DStar,
928,6.20,AgentPrefab,Agent,MoveState,Moving,Goal,20.00,0.00,10.00,8.65,0.00,4.63,20.00,0.00,10.00,DStar,
929,6.21,AgentPrefab,Agent,MoveState,Moving,Goal,20.00,0.00,10.00,8.67,0.00,4.64,20.00,0.00,10.00,DStar,
930,6.22,AgentPrefab,Agent,MoveState,Moving,Goal,20.00,0.00,10.00,8.68,0.00,4.64,20.00,0.00,10.00,DStar,
931,6.22,AgentPrefab,Agent,MoveState,Moving,Goal,20.00,0.00,10.00,8.69,0.00,4.65,20.00,0.00,10.00,DStar,
932,6.23,AgentPrefab,Agent,MoveState,Moving,Goal,20.00,0.00,10.00,8.70,0.00,4.65,20.00,0.00,10.00,DStar,
933,6.23,AgentPrefab,Agent,MoveState,Moving,Goal,20.00,0.00,10.00,8.71,0.00,4.66,20.00,0.00,10.00,DStar,
934,6.24,AgentPrefab,Agent,MoveState,Moving,Goal,20.00,0.00,10.00,8.72,0.00,4.67,20.00,0.00,10.00,DStar,
935,6.25,AgentPrefab,Agent,MoveState,Moving,Goal,20.00,0.00,10.00,8.73,0.00,4.67,20.00,0.00,10.00,DStar,
936,6.25,AgentPrefab,Agent,MoveState,Moving,Goal,20.00,0.00,10.00,8.75,0.00,4.68,20.00,0.00,10.00,DStar,
937,6.26,AgentPrefab,Agent,MoveState,Moving,Goal,20.00,0.00,10.00,8.76,0.00,4.68,20.00,0.00,10.00,DStar,
938,6.27,AgentPrefab,Agent,MoveState,Moving,Goal,20.00,0.00,10.00,8.77,0.00,4.69,20.00,0.00,10.00,DStar,
939,6.28,AgentPrefab,Agent,MoveState,Moving,Goal,20.00,0.00,10.00,8.79,0.00,4.70,20.00,0.00,10.00,DStar,
940,6.30,AgentPrefab,Agent,MoveState,Moving,Goal,20.00,0.00,10.00,8.81,0.00,4.71,20.00,0.00,10.00,DStar,
941,6.30,AgentPrefab,Agent,MoveState,Moving,Goal,20.00,0.00,10.00,8.83,0.00,4.72,20.00,0.00,10.00,DStar,
942,6.31,AgentPrefab,Agent,MoveState,Moving,Goal,20.00,0.00,10.00,8.85,0.00,4.72,20.00,0.00,10.00,DStar,
943,6.32,AgentPrefab,Agent,MoveState,Moving,Goal,20.00,0.00,10.00,8.86,0.00,4.73,20.00,0.00,10.00,DStar,
944,6.32,AgentPrefab,Agent,MoveState,Moving,Goal,20.00,0.00,10.00,8.87,0.00,4.73,20.00,0.00,10.00,DStar,
945,6.33,AgentPrefab,Agent,MoveState,Moving,Goal,20.00,0.00,10.00,8.88,0.00,4.74,20.00,0.00,10.00,DStar,
946,6.33,AgentPrefab,Agent,MoveState,Moving,Goal,20.00,0.00,10.00,8.89,0.00,4.75,20.00,0.00,10.00,DStar,
947,6.34,AgentPrefab,Agent,MoveState,Moving,Goal,20.00,0.00,10.00,8.90,0.00,4.75,20.00,0.00,10.00,DStar,
948,6.35,AgentPrefab,Agent,MoveState,Moving,Goal,20.00,0.00,10.00,8.91,0.00,4.76,20.00,0.00,10.00,DStar,
949,6.35,AgentPrefab,Agent,MoveState,Moving,Goal,20.00,0.00,10.00,8.93,0.00,4.76,20.00,0.00,10.00,DStar,
950,6.36,AgentPrefab,Agent,MoveState,Moving,Goal,20.00,0.00,10.00,8.94,0.00,4.77,20.00,0.00,10.00,DStar,
951,6.37,AgentPrefab,Agent,MoveState,Moving,Goal,20.00,0.00,10.00,8.95,0.00,4.77,20.00,0.00,10.00,DStar,
952,6.37,AgentPrefab,Agent,MoveState,Moving,Goal,20.00,0.00,10.00,8.96,0.00,4.78,20.00,0.00,10.00,DStar,
953,6.38,AgentPrefab,Agent,MoveState,Moving,Goal,20.00,0.00,10.00,8.97,0.00,4.78,20.00,0.00,10.00,DStar,
954,6.38,AgentPrefab,Agent,MoveState,Moving,Goal,20.00,0.00,10.00,8.98,0.00,4.79,20.00,0.00,10.00,DStar,
955,6.39,AgentPrefab,Agent,MoveState,Moving,Goal,20.00,0.00,10.00,8.99,0.00,4.79,20.00,0.00,10.00,DStar,
956,6.40,AgentPrefab,Agent,MoveState,Moving,Goal,20.00,0.00,10.00,9.01,0.00,4.80,20.00,0.00,10.00,DStar,
957,6.40,AgentPrefab,Agent,MoveState,Moving,Goal,20.00,0.00,10.00,9.02,0.00,4.81,20.00,0.00,10.00,DStar,
958,6.41,AgentPrefab,Agent,MoveState,Moving,Goal,20.00,0.00,10.00,9.03,0.00,4.81,20.00,0.00,10.00,DStar,
959,6.42,AgentPrefab,Agent,MoveState,Moving,Goal,20.00,0.00,10.00,9.04,0.00,4.82,20.00,0.00,10.00,DStar,
960,6.42,AgentPrefab,Agent,MoveState,Moving,Goal,20.00,0.00,10.00,9.05,0.00,4.82,20.00,0.00,10.00,DStar,
961,6.43,AgentPrefab,Agent,MoveState,Moving,Goal,20.00,0.00,10.00,9.06,0.00,4.83,20.00,0.00,10.00,DStar,
962,6.44,AgentPrefab,Agent,MoveState,Moving,Goal,20.00,0.00,10.00,9.08,0.00,4.83,20.00,0.00,10.00,DStar,
963,6.44,AgentPrefab,Agent,MoveState,Moving,Goal,20.00,0.00,10.00,9.09,0.00,4.84,20.00,0.00,10.00,DStar,
964,6.45,AgentPrefab,Agent,MoveState,Moving,Goal,20.00,0.00,10.00,9.10,0.00,4.84,20.00,0.00,10.00,DStar,
965,6.45,AgentPrefab,Agent,MoveState,Moving,Goal,20.00,0.00,10.00,9.11,0.00,4.85,20.00,0.00,10.00,DStar,
966,6.46,AgentPrefab,Agent,MoveState,Moving,Goal,20.00,0.00,10.00,9.12,0.00,4.85,20.00,0.00,10.00,DStar,
967,6.47,AgentPrefab,Agent,MoveState,Moving,Goal,20.00,0.00,10.00,9.13,0.00,4.86,20.00,0.00,10.00,DStar,
968,6.47,AgentPrefab,Agent,MoveState,Moving,Goal,20.00,0.00,10.00,9.14,0.00,4.86,20.00,0.00,10.00,DStar,
969,6.48,AgentPrefab,Agent,MoveState,Moving,Goal,20.00,0.00,10.00,9.15,0.00,4.87,20.00,0.00,10.00,DStar,
970,6.49,AgentPrefab,Agent,MoveState,Moving,Goal,20.00,0.00,10.00,9.17,0.00,4.87,20.00,0.00,10.00,DStar,
971,6.49,AgentPrefab,Agent,MoveState,Moving,Goal,20.00,0.00,10.00,9.18,0.00,4.88,20.00,0.00,10.00,DStar,
972,6.50,AgentPrefab,Agent,MoveState,Moving,Goal,20.00,0.00,10.00,9.19,0.00,4.89,20.00,0.00,10.00,DStar,
973,6.50,AgentPrefab,Agent,MoveState,Moving,Goal,20.00,0.00,10.00,9.20,0.00,4.89,20.00,0.00,10.00,DStar,
974,6.51,AgentPrefab,Agent,MoveState,Moving,Goal,20.00,0.00,10.00,9.21,0.00,4.90,20.00,0.00,10.00,DStar,
975,6.52,AgentPrefab,Agent,MoveState,Moving,Goal,20.00,0.00,10.00,9.22,0.00,4.90,20.00,0.00,10.00,DStar,
976,6.52,AgentPrefab,Agent,MoveState,Moving,Goal,20.00,0.00,10.00,9.23,0.00,4.91,20.00,0.00,10.00,DStar,
977,6.53,AgentPrefab,Agent,MoveState,Moving,Goal,20.00,0.00,10.00,9.25,0.00,4.91,20.00,0.00,10.00,DStar,
978,6.54,AgentPrefab,Agent,MoveState,Moving,Goal,20.00,0.00,10.00,9.26,0.00,4.92,20.00,0.00,10.00,DStar,
979,6.54,AgentPrefab,Agent,MoveState,Moving,Goal,20.00,0.00,10.00,9.27,0.00,4.92,20.00,0.00,10.00,DStar,
980,6.55,AgentPrefab,Agent,MoveState,Moving,Goal,20.00,0.00,10.00,9.28,0.00,4.93,20.00,0.00,10.00,DStar,
981,6.56,AgentPrefab,Agent,MoveState,Moving,Goal,20.00,0.00,10.00,9.29,0.00,4.93,20.00,0.00,10.00,DStar,
982,6.56,AgentPrefab,Agent,MoveState,Moving,Goal,20.00,0.00,10.00,9.30,0.00,4.94,20.00,0.00,10.00,DStar,
983,6.57,AgentPrefab,Agent,MoveState,Moving,Goal,20.00,0.00,10.00,9.31,0.00,4.94,20.00,0.00,10.00,DStar,
984,6.57,AgentPrefab,Agent,MoveState,Moving,Goal,20.00,0.00,10.00,9.33,0.00,4.95,20.00,0.00,10.00,DStar,
985,6.58,AgentPrefab,Agent,MoveState,Moving,Goal,20.00,0.00,10.00,9.34,0.00,4.96,20.00,0.00,10.00,DStar,
986,6.59,AgentPrefab,Agent,MoveState,Moving,Goal,20.00,0.00,10.00,9.35,0.00,4.96,20.00,0.00,10.00,DStar,
987,6.59,AgentPrefab,Agent,MoveState,Moving,Goal,20.00,0.00,10.00,9.36,0.00,4.97,20.00,0.00,10.00,DStar,
988,6.60,AgentPrefab,Agent,MoveState,Moving,Goal,20.00,0.00,10.00,9.37,0.00,4.97,20.00,0.00,10.00,DStar,
989,6.61,AgentPrefab,Agent,MoveState,Moving,Goal,20.00,0.00,10.00,9.38,0.00,4.98,20.00,0.00,10.00,DStar,
990,6.61,AgentPrefab,Agent,MoveState,Moving,Goal,20.00,0.00,10.00,9.40,0.00,4.98,20.00,0.00,10.00,DStar,
991,6.62,AgentPrefab,Agent,MoveState,Moving,Goal,20.00,0.00,10.00,9.41,0.00,4.99,20.00,0.00,10.00,DStar,
992,6.62,AgentPrefab,Agent,MoveState,Moving,Goal,20.00,0.00,10.00,9.42,0.00,4.99,20.00,0.00,10.00,DStar,
993,6.63,AgentPrefab,Agent,MoveState,Moving,Goal,20.00,0.00,10.00,9.43,0.00,5.00,20.00,0.00,10.00,DStar,
994,6.64,AgentPrefab,Agent,MoveState,Moving,Goal,20.00,0.00,10.00,9.44,0.00,5.01,20.00,0.00,10.00,DStar,
995,6.64,AgentPrefab,Agent,MoveState,Moving,Goal,20.00,0.00,10.00,9.45,0.00,5.01,20.00,0.00,10.00,DStar,
996,6.65,AgentPrefab,Agent,MoveState,Moving,Goal,20.00,0.00,10.00,9.46,0.00,5.02,20.00,0.00,10.00,DStar,
997,6.66,AgentPrefab,Agent,MoveState,Moving,Goal,20.00,0.00,10.00,9.48,0.00,5.02,20.00,0.00,10.00,DStar,
998,6.66,AgentPrefab,Agent,MoveState,Moving,Goal,20.00,0.00,10.00,9.49,0.00,5.03,20.00,0.00,10.00,DStar,
999,6.67,AgentPrefab,Agent,MoveState,Moving,Goal,20.00,0.00,10.00,9.50,0.00,5.03,20.00,0.00,10.00,DStar,
1000,6.68,AgentPrefab,Agent,MoveState,Moving,Goal,20.00,0.00,10.00,9.51,0.00,5.04,20.00,0.00,10.00,DStar,
1001,6.68,AgentPrefab,Agent,MoveState,Moving,Goal,20.00,0.00,10.00,9.52,0.00,5.04,20.00,0.00,10.00,DStar,
1002,6.69,AgentPrefab,Agent,MoveState,Moving,Goal,20.00,0.00,10.00,9.53,0.00,5.05,20.00,0.00,10.00,DStar,
1003,6.70,AgentPrefab,Agent,MoveState,Moving,Goal,20.00,0.00,10.00,9.55,0.00,5.05,20.00,0.00,10.00,DStar,
1004,6.70,AgentPrefab,Agent,MoveState,Moving,Goal,20.00,0.00,10.00,9.56,0.00,5.06,20.00,0.00,10.00,DStar,
1005,6.71,AgentPrefab,Agent,MoveState,Moving,Goal,20.00,0.00,10.00,9.57,0.00,5.07,20.00,0.00,10.00,DStar,
1006,6.71,AgentPrefab,Agent,MoveState,Moving,Goal,20.00,0.00,10.00,9.58,0.00,5.07,20.00,0.00,10.00,DStar,
1007,6.72,AgentPrefab,Agent,MoveState,Moving,Goal,20.00,0.00,10.00,9.59,0.00,5.08,20.00,0.00,10.00,DStar,
1008,6.73,AgentPrefab,Agent,MoveState,Moving,Goal,20.00,0.00,10.00,9.60,0.00,5.08,20.00,0.00,10.00,DStar,
1009,6.74,AgentPrefab,Agent,MoveState,Moving,Goal,20.00,0.00,10.00,9.62,0.00,5.09,20.00,0.00,10.00,DStar,
1010,6.74,AgentPrefab,Agent,MoveState,Moving,Goal,20.00,0.00,10.00,9.63,0.00,5.10,20.00,0.00,10.00,DStar,
1011,6.75,AgentPrefab,Agent,MoveState,Moving,Goal,20.00,0.00,10.00,9.64,0.00,5.10,20.00,0.00,10.00,DStar,
1012,6.76,AgentPrefab,Agent,MoveState,Moving,Goal,20.00,0.00,10.00,9.66,0.00,5.11,20.00,0.00,10.00,DStar,
1013,6.76,AgentPrefab,Agent,MoveState,Moving,Goal,20.00,0.00,10.00,9.67,0.00,5.11,20.00,0.00,10.00,DStar,
1014,6.77,AgentPrefab,Agent,MoveState,Moving,Goal,20.00,0.00,10.00,9.68,0.00,5.12,20.00,0.00,10.00,DStar,
1015,6.78,AgentPrefab,Agent,MoveState,Moving,Goal,20.00,0.00,10.00,9.69,0.00,5.12,20.00,0.00,10.00,DStar,
1016,6.78,AgentPrefab,Agent,MoveState,Moving,Goal,20.00,0.00,10.00,9.70,0.00,5.13,20.00,0.00,10.00,DStar,
1017,6.79,AgentPrefab,Agent,MoveState,Moving,Goal,20.00,0.00,10.00,9.71,0.00,5.13,20.00,0.00,10.00,DStar,
1018,6.79,AgentPrefab,Agent,MoveState,Moving,Goal,20.00,0.00,10.00,9.72,0.00,5.14,20.00,0.00,10.00,DStar,
1019,6.80,AgentPrefab,Agent,MoveState,Moving,Goal,20.00,0.00,10.00,9.74,0.00,5.14,20.00,0.00,10.00,DStar,
1020,6.81,AgentPrefab,Agent,MoveState,Moving,Goal,20.00,0.00,10.00,9.75,0.00,5.15,20.00,0.00,10.00,DStar,
1021,6.81,AgentPrefab,Agent,MoveState,Moving,Goal,20.00,0.00,10.00,9.76,0.00,5.16,20.00,0.00,10.00,DStar,
1022,6.82,AgentPrefab,Agent,MoveState,Moving,Goal,20.00,0.00,10.00,9.77,0.00,5.16,20.00,0.00,10.00,DStar,
1023,6.83,AgentPrefab,Agent,MoveState,Moving,Goal,20.00,0.00,10.00,9.78,0.00,5.17,20.00,0.00,10.00,DStar,
1024,6.83,AgentPrefab,Agent,MoveState,Moving,Goal,20.00,0.00,10.00,9.79,0.00,5.17,20.00,0.00,10.00,DStar,
1025,6.84,AgentPrefab,Agent,MoveState,Moving,Goal,20.00,0.00,10.00,9.80,0.00,5.18,20.00,0.00,10.00,DStar,
1026,6.84,AgentPrefab,Agent,MoveState,Moving,Goal,20.00,0.00,10.00,9.81,0.00,5.18,20.00,0.00,10.00,DStar,
1027,6.85,AgentPrefab,Agent,MoveState,Moving,Goal,20.00,0.00,10.00,9.83,0.00,5.19,20.00,0.00,10.00,DStar,
1028,6.86,AgentPrefab,Agent,MoveState,Moving,Goal,20.00,0.00,10.00,9.84,0.00,5.19,20.00,0.00,10.00,DStar,
1029,6.86,AgentPrefab,Agent,MoveState,Moving,Goal,20.00,0.00,10.00,9.85,0.00,5.20,20.00,0.00,10.00,DStar,
1030,6.87,AgentPrefab,Agent,MoveState,Moving,Goal,20.00,0.00,10.00,9.86,0.00,5.20,20.00,0.00,10.00,DStar,
1031,6.88,AgentPrefab,Agent,MoveState,Moving,Goal,20.00,0.00,10.00,9.87,0.00,5.21,20.00,0.00,10.00,DStar,
1032,6.88,AgentPrefab,Agent,MoveState,Moving,Goal,20.00,0.00,10.00,9.88,0.00,5.21,20.00,0.00,10.00,DStar,
1033,6.89,AgentPrefab,Agent,MoveState,Moving,Goal,20.00,0.00,10.00,9.90,0.00,5.22,20.00,0.00,10.00,DStar,
1034,6.90,AgentPrefab,Agent,MoveState,Moving,Goal,20.00,0.00,10.00,9.91,0.00,5.23,20.00,0.00,10.00,DStar,
1035,6.90,AgentPrefab,Agent,MoveState,Moving,Goal,20.00,0.00,10.00,9.92,0.00,5.23,20.00,0.00,10.00,DStar,
1036,6.91,AgentPrefab,Agent,MoveState,Moving,Goal,20.00,0.00,10.00,9.93,0.00,5.24,20.00,0.00,10.00,DStar,
1037,6.91,AgentPrefab,Agent,MoveState,Moving,Goal,20.00,0.00,10.00,9.94,0.00,5.24,20.00,0.00,10.00,DStar,
1038,6.92,AgentPrefab,Agent,MoveState,Moving,Goal,20.00,0.00,10.00,9.95,0.00,5.25,20.00,0.00,10.00,DStar,
1039,6.93,AgentPrefab,Agent,MoveState,Moving,Goal,20.00,0.00,10.00,9.96,0.00,5.25,20.00,0.00,10.00,DStar,
1040,6.93,AgentPrefab,Agent,MoveState,Moving,Goal,20.00,0.00,10.00,9.98,0.00,5.26,20.00,0.00,10.00,DStar,
1041,6.94,AgentPrefab,Agent,MoveState,Moving,Goal,20.00,0.00,10.00,9.99,0.00,5.26,20.00,0.00,10.00,DStar,
1042,6.95,AgentPrefab,Agent,MoveState,Moving,Goal,20.00,0.00,10.00,10.00,0.00,5.27,20.00,0.00,10.00,DStar,
1043,6.95,AgentPrefab,Agent,MoveState,Moving,Goal,20.00,0.00,10.00,10.01,0.00,5.27,20.00,0.00,10.00,DStar,
1044,6.96,AgentPrefab,Agent,MoveState,Moving,Goal,20.00,0.00,10.00,10.02,0.00,5.28,20.00,0.00,10.00,DStar,
1045,6.96,AgentPrefab,Agent,MoveState,Moving,Goal,20.00,0.00,10.00,10.03,0.00,5.28,20.00,0.00,10.00,DStar,
1046,6.97,AgentPrefab,Agent,MoveState,Moving,Goal,20.00,0.00,10.00,10.04,0.00,5.29,20.00,0.00,10.00,DStar,
1047,6.98,AgentPrefab,Agent,MoveState,Moving,Goal,20.00,0.00,10.00,10.05,0.00,5.30,20.00,0.00,10.00,DStar,
1048,6.98,AgentPrefab,Agent,MoveState,Moving,Goal,20.00,0.00,10.00,10.07,0.00,5.30,20.00,0.00,10.00,DStar,
1049,6.99,AgentPrefab,Agent,MoveState,Moving,Goal,20.00,0.00,10.00,10.08,0.00,5.31,20.00,0.00,10.00,DStar,
1050,7.00,AgentPrefab,Agent,MoveState,Moving,Goal,20.00,0.00,10.00,10.09,0.00,5.31,20.00,0.00,10.00,DStar,
1051,7.00,AgentPrefab,Agent,MoveState,Moving,Goal,20.00,0.00,10.00,10.10,0.00,5.32,20.00,0.00,10.00,DStar,
1052,7.01,AgentPrefab,Agent,MoveState,Moving,Goal,20.00,0.00,10.00,10.11,0.00,5.32,20.00,0.00,10.00,DStar,
1053,7.02,AgentPrefab,Agent,MoveState,Moving,Goal,20.00,0.00,10.00,10.12,0.00,5.33,20.00,0.00,10.00,DStar,
1054,7.02,AgentPrefab,Agent,MoveState,Moving,Goal,20.00,0.00,10.00,10.14,0.00,5.33,20.00,0.00,10.00,DStar,
1055,7.03,AgentPrefab,Agent,MoveState,Moving,Goal,20.00,0.00,10.00,10.15,0.00,5.34,20.00,0.00,10.00,DStar,
1056,7.03,AgentPrefab,Agent,MoveState,Moving,Goal,20.00,0.00,10.00,10.16,0.00,5.34,20.00,0.00,10.00,DStar,
1057,7.04,AgentPrefab,Agent,MoveState,Moving,Goal,20.00,0.00,10.00,10.17,0.00,5.35,20.00,0.00,10.00,DStar,
1058,7.05,AgentPrefab,Agent,MoveState,Moving,Goal,20.00,0.00,10.00,10.18,0.00,5.36,20.00,0.00,10.00,DStar,
1059,7.05,AgentPrefab,Agent,MoveState,Moving,Goal,20.00,0.00,10.00,10.19,0.00,5.36,20.00,0.00,10.00,DStar,
1060,7.06,AgentPrefab,Agent,MoveState,Moving,Goal,20.00,0.00,10.00,10.20,0.00,5.37,20.00,0.00,10.00,DStar,
1061,7.07,AgentPrefab,Agent,MoveState,Moving,Goal,20.00,0.00,10.00,10.21,0.00,5.37,20.00,0.00,10.00,DStar,
1062,7.07,AgentPrefab,Agent,MoveState,Moving,Goal,20.00,0.00,10.00,10.23,0.00,5.38,20.00,0.00,10.00,DStar,
1063,7.08,AgentPrefab,Agent,MoveState,Moving,Goal,20.00,0.00,10.00,10.24,0.00,5.38,20.00,0.00,10.00,DStar,
1064,7.08,AgentPrefab,Agent,MoveState,Moving,Goal,20.00,0.00,10.00,10.25,0.00,5.39,20.00,0.00,10.00,DStar,
1065,7.09,AgentPrefab,Agent,MoveState,Moving,Goal,20.00,0.00,10.00,10.26,0.00,5.39,20.00,0.00,10.00,DStar,
1066,7.10,AgentPrefab,Agent,MoveState,Moving,Goal,20.00,0.00,10.00,10.27,0.00,5.40,20.00,0.00,10.00,DStar,
1067,7.10,AgentPrefab,Agent,MoveState,Moving,Goal,20.00,0.00,10.00,10.28,0.00,5.40,20.00,0.00,10.00,DStar,
1068,7.11,AgentPrefab,Agent,MoveState,Moving,Goal,20.00,0.00,10.00,10.29,0.00,5.41,20.00,0.00,10.00,DStar,
1069,7.12,AgentPrefab,Agent,MoveState,Moving,Goal,20.00,0.00,10.00,10.30,0.00,5.41,20.00,0.00,10.00,DStar,
1070,7.12,AgentPrefab,Agent,MoveState,Moving,Goal,20.00,0.00,10.00,10.32,0.00,5.42,20.00,0.00,10.00,DStar,
1071,7.13,AgentPrefab,Agent,MoveState,Moving,Goal,20.00,0.00,10.00,10.33,0.00,5.42,20.00,0.00,10.00,DStar,
1072,7.13,AgentPrefab,Agent,MoveState,Moving,Goal,20.00,0.00,10.00,10.34,0.00,5.43,20.00,0.00,10.00,DStar,
1073,7.14,AgentPrefab,Agent,MoveState,Moving,Goal,20.00,0.00,10.00,10.35,0.00,5.44,20.00,0.00,10.00,DStar,
1074,7.15,AgentPrefab,Agent,MoveState,Moving,Goal,20.00,0.00,10.00,10.36,0.00,5.44,20.00,0.00,10.00,DStar,
1075,7.15,AgentPrefab,Agent,MoveState,Moving,Goal,20.00,0.00,10.00,10.37,0.00,5.45,20.00,0.00,10.00,DStar,
1076,7.16,AgentPrefab,Agent,MoveState,Moving,Goal,20.00,0.00,10.00,10.39,0.00,5.45,20.00,0.00,10.00,DStar,
1077,7.17,AgentPrefab,Agent,MoveState,Moving,Goal,20.00,0.00,10.00,10.40,0.00,5.46,20.00,0.00,10.00,DStar,
1078,7.17,AgentPrefab,Agent,MoveState,Moving,Goal,20.00,0.00,10.00,10.41,0.00,5.46,20.00,0.00,10.00,DStar,
1079,7.18,AgentPrefab,Agent,MoveState,Moving,Goal,20.00,0.00,10.00,10.42,0.00,5.47,20.00,0.00,10.00,DStar,
1080,7.19,AgentPrefab,Agent,MoveState,Moving,Goal,20.00,0.00,10.00,10.44,0.00,5.48,20.00,0.00,10.00,DStar,
1081,7.20,AgentPrefab,Agent,MoveState,Moving,Goal,20.00,0.00,10.00,10.45,0.00,5.48,20.00,0.00,10.00,DStar,
1082,7.21,AgentPrefab,Agent,MoveState,Moving,Goal,20.00,0.00,10.00,10.46,0.00,5.49,20.00,0.00,10.00,DStar,
1083,7.21,AgentPrefab,Agent,MoveState,Moving,Goal,20.00,0.00,10.00,10.48,0.00,5.50,20.00,0.00,10.00,DStar,
1084,7.22,AgentPrefab,Agent,MoveState,Moving,Goal,20.00,0.00,10.00,10.49,0.00,5.50,20.00,0.00,10.00,DStar,
1085,7.23,AgentPrefab,Agent,MoveState,Moving,Goal,20.00,0.00,10.00,10.51,0.00,5.51,20.00,0.00,10.00,DStar,
1086,7.24,AgentPrefab,Agent,MoveState,Moving,Goal,20.00,0.00,10.00,10.52,0.00,5.52,20.00,0.00,10.00,DStar,
1087,7.24,AgentPrefab,Agent,MoveState,Moving,Goal,20.00,0.00,10.00,10.54,0.00,5.52,20.00,0.00,10.00,DStar,
1088,7.25,AgentPrefab,Agent,MoveState,Moving,Goal,20.00,0.00,10.00,10.55,0.00,5.53,20.00,0.00,10.00,DStar,
1089,7.26,AgentPrefab,Agent,MoveState,Moving,Goal,20.00,0.00,10.00,10.56,0.00,5.53,20.00,0.00,10.00,DStar,
1090,7.26,AgentPrefab,Agent,MoveState,Moving,Goal,20.00,0.00,10.00,10.57,0.00,5.54,20.00,0.00,10.00,DStar,
1091,7.27,AgentPrefab,Agent,MoveState,Moving,Goal,20.00,0.00,10.00,10.58,0.00,5.55,20.00,0.00,10.00,DStar,
1092,7.28,AgentPrefab,Agent,MoveState,Moving,Goal,20.00,0.00,10.00,10.60,0.00,5.55,20.00,0.00,10.00,DStar,
1093,7.28,AgentPrefab,Agent,MoveState,Moving,Goal,20.00,0.00,10.00,10.61,0.00,5.56,20.00,0.00,10.00,DStar,
1094,7.29,AgentPrefab,Agent,MoveState,Moving,Goal,20.00,0.00,10.00,10.62,0.00,5.56,20.00,0.00,10.00,DStar,
1095,7.30,AgentPrefab,Agent,MoveState,Moving,Goal,20.00,0.00,10.00,10.63,0.00,5.57,20.00,0.00,10.00,DStar,
1096,7.30,AgentPrefab,Agent,MoveState,Moving,Goal,20.00,0.00,10.00,10.64,0.00,5.57,20.00,0.00,10.00,DStar,
1097,7.31,AgentPrefab,Agent,MoveState,Moving,Goal,20.00,0.00,10.00,10.66,0.00,5.58,20.00,0.00,10.00,DStar,
1098,7.32,AgentPrefab,Agent,MoveState,Moving,Goal,20.00,0.00,10.00,10.67,0.00,5.58,20.00,0.00,10.00,DStar,
1099,7.32,AgentPrefab,Agent,MoveState,Moving,Goal,20.00,0.00,10.00,10.68,0.00,5.59,20.00,0.00,10.00,DStar,
1100,7.33,AgentPrefab,Agent,MoveState,Moving,Goal,20.00,0.00,10.00,10.69,0.00,5.60,20.00,0.00,10.00,DStar,
1101,7.33,AgentPrefab,Agent,MoveState,Moving,Goal,20.00,0.00,10.00,10.70,0.00,5.60,20.00,0.00,10.00,DStar,
1102,7.34,AgentPrefab,Agent,MoveState,Moving,Goal,20.00,0.00,10.00,10.71,0.00,5.61,20.00,0.00,10.00,DStar,
1103,7.35,AgentPrefab,Agent,MoveState,Moving,Goal,20.00,0.00,10.00,10.72,0.00,5.61,20.00,0.00,10.00,DStar,
1104,7.35,AgentPrefab,Agent,MoveState,Moving,Goal,20.00,0.00,10.00,10.73,0.00,5.62,20.00,0.00,10.00,DStar,
1105,7.36,AgentPrefab,Agent,MoveState,Moving,Goal,20.00,0.00,10.00,10.75,0.00,5.62,20.00,0.00,10.00,DStar,
1106,7.37,AgentPrefab,Agent,MoveState,Moving,Goal,20.00,0.00,10.00,10.76,0.00,5.63,20.00,0.00,10.00,DStar,
1107,7.37,AgentPrefab,Agent,MoveState,Moving,Goal,20.00,0.00,10.00,10.77,0.00,5.63,20.00,0.00,10.00,DStar,
1108,7.38,AgentPrefab,Agent,MoveState,Moving,Goal,20.00,0.00,10.00,10.78,0.00,5.64,20.00,0.00,10.00,DStar,
1109,7.38,AgentPrefab,Agent,MoveState,Moving,Goal,20.00,0.00,10.00,10.79,0.00,5.64,20.00,0.00,10.00,DStar,
1110,7.39,AgentPrefab,Agent,MoveState,Moving,Goal,20.00,0.00,10.00,10.80,0.00,5.65,20.00,0.00,10.00,DStar,
1111,7.40,AgentPrefab,Agent,MoveState,Moving,Goal,20.00,0.00,10.00,10.81,0.00,5.65,20.00,0.00,10.00,DStar,
1112,7.40,AgentPrefab,Agent,MoveState,Moving,Goal,20.00,0.00,10.00,10.82,0.00,5.66,20.00,0.00,10.00,DStar,
1113,7.41,AgentPrefab,Agent,MoveState,Moving,Goal,20.00,0.00,10.00,10.84,0.00,5.67,20.00,0.00,10.00,DStar,
1114,7.42,AgentPrefab,Agent,MoveState,Moving,Goal,20.00,0.00,10.00,10.85,0.00,5.67,20.00,0.00,10.00,DStar,
1115,7.42,AgentPrefab,Agent,MoveState,Moving,Goal,20.00,0.00,10.00,10.86,0.00,5.68,20.00,0.00,10.00,DStar,
1116,7.43,AgentPrefab,Agent,MoveState,Moving,Goal,20.00,0.00,10.00,10.87,0.00,5.68,20.00,0.00,10.00,DStar,
1117,7.43,AgentPrefab,Agent,MoveState,Moving,Goal,20.00,0.00,10.00,10.88,0.00,5.69,20.00,0.00,10.00,DStar,
1118,7.44,AgentPrefab,Agent,MoveState,Moving,Goal,20.00,0.00,10.00,10.89,0.00,5.69,20.00,0.00,10.00,DStar,
1119,7.45,AgentPrefab,Agent,MoveState,Moving,Goal,20.00,0.00,10.00,10.90,0.00,5.70,20.00,0.00,10.00,DStar,
1120,7.45,AgentPrefab,Agent,MoveState,Moving,Goal,20.00,0.00,10.00,10.92,0.00,5.70,20.00,0.00,10.00,DStar,
1121,7.46,AgentPrefab,Agent,MoveState,Moving,Goal,20.00,0.00,10.00,10.93,0.00,5.71,20.00,0.00,10.00,DStar,
1122,7.47,AgentPrefab,Agent,MoveState,Moving,Goal,20.00,0.00,10.00,10.94,0.00,5.71,20.00,0.00,10.00,DStar,
1123,7.47,AgentPrefab,Agent,MoveState,Moving,Goal,20.00,0.00,10.00,10.95,0.00,5.72,20.00,0.00,10.00,DStar,
1124,7.48,AgentPrefab,Agent,MoveState,Moving,Goal,20.00,0.00,10.00,10.96,0.00,5.72,20.00,0.00,10.00,DStar,
1125,7.48,AgentPrefab,Agent,MoveState,Moving,Goal,20.00,0.00,10.00,10.97,0.00,5.73,20.00,0.00,10.00,DStar,
1126,7.49,AIManager,Performance,Pathfinding,Executed,DStar,0.00,0.00,0.00,0.00,0.00,0.00,0.00,0.00,0.00,DStar,1.012
1126,7.49,AgentPrefab,Agent,MoveState,Moving,Goal,20.00,0.00,10.00,10.98,0.00,5.73,10.98,0.00,5.73,DStar,
1127,7.50,AgentPrefab,Agent,MoveState,Moving,Goal,20.00,0.00,10.00,10.98,0.00,5.73,20.00,0.00,10.00,DStar,
1128,7.51,AgentPrefab,Agent,MoveState,Moving,Goal,20.00,0.00,10.00,11.01,0.00,5.75,20.00,0.00,10.00,DStar,
1129,7.52,AgentPrefab,Agent,MoveState,Moving,Goal,20.00,0.00,10.00,11.02,0.00,5.75,20.00,0.00,10.00,DStar,
1130,7.52,AgentPrefab,Agent,MoveState,Moving,Goal,20.00,0.00,10.00,11.03,0.00,5.76,20.00,0.00,10.00,DStar,
1131,7.53,AgentPrefab,Agent,MoveState,Moving,Goal,20.00,0.00,10.00,11.04,0.00,5.76,20.00,0.00,10.00,DStar,
1132,7.53,AgentPrefab,Agent,MoveState,Moving,Goal,20.00,0.00,10.00,11.05,0.00,5.77,20.00,0.00,10.00,DStar,
1133,7.54,AgentPrefab,Agent,MoveState,Moving,Goal,20.00,0.00,10.00,11.06,0.00,5.77,20.00,0.00,10.00,DStar,
1134,7.55,AgentPrefab,Agent,MoveState,Moving,Goal,20.00,0.00,10.00,11.07,0.00,5.78,20.00,0.00,10.00,DStar,
1135,7.55,AgentPrefab,Agent,MoveState,Moving,Goal,20.00,0.00,10.00,11.09,0.00,5.78,20.00,0.00,10.00,DStar,
1136,7.56,AgentPrefab,Agent,MoveState,Moving,Goal,20.00,0.00,10.00,11.10,0.00,5.79,20.00,0.00,10.00,DStar,
1137,7.57,AgentPrefab,Agent,MoveState,Moving,Goal,20.00,0.00,10.00,11.11,0.00,5.79,20.00,0.00,10.00,DStar,
1138,7.57,AgentPrefab,Agent,MoveState,Moving,Goal,20.00,0.00,10.00,11.12,0.00,5.80,20.00,0.00,10.00,DStar,
1139,7.58,AgentPrefab,Agent,MoveState,Moving,Goal,20.00,0.00,10.00,11.13,0.00,5.80,20.00,0.00,10.00,DStar,
1140,7.59,AgentPrefab,Agent,MoveState,Moving,Goal,20.00,0.00,10.00,11.14,0.00,5.81,20.00,0.00,10.00,DStar,
1141,7.59,AgentPrefab,Agent,MoveState,Moving,Goal,20.00,0.00,10.00,11.16,0.00,5.82,20.00,0.00,10.00,DStar,
1142,7.60,AgentPrefab,Agent,MoveState,Moving,Goal,20.00,0.00,10.00,11.17,0.00,5.82,20.00,0.00,10.00,DStar,
1143,7.61,AgentPrefab,Agent,MoveState,Moving,Goal,20.00,0.00,10.00,11.18,0.00,5.83,20.00,0.00,10.00,DStar,
1144,7.61,AgentPrefab,Agent,MoveState,Moving,Goal,20.00,0.00,10.00,11.19,0.00,5.83,20.00,0.00,10.00,DStar,
1145,7.62,AgentPrefab,Agent,MoveState,Moving,Goal,20.00,0.00,10.00,11.20,0.00,5.84,20.00,0.00,10.00,DStar,
1146,7.62,AgentPrefab,Agent,MoveState,Moving,Goal,20.00,0.00,10.00,11.21,0.00,5.84,20.00,0.00,10.00,DStar,
1147,7.63,AgentPrefab,Agent,MoveState,Moving,Goal,20.00,0.00,10.00,11.22,0.00,5.85,20.00,0.00,10.00,DStar,
1148,7.64,AgentPrefab,Agent,MoveState,Moving,Goal,20.00,0.00,10.00,11.24,0.00,5.85,20.00,0.00,10.00,DStar,
1149,7.64,AgentPrefab,Agent,MoveState,Moving,Goal,20.00,0.00,10.00,11.25,0.00,5.86,20.00,0.00,10.00,DStar,
1150,7.65,AgentPrefab,Agent,MoveState,Moving,Goal,20.00,0.00,10.00,11.26,0.00,5.87,20.00,0.00,10.00,DStar,
1151,7.66,AgentPrefab,Agent,MoveState,Moving,Goal,20.00,0.00,10.00,11.27,0.00,5.87,20.00,0.00,10.00,DStar,
1152,7.66,AgentPrefab,Agent,MoveState,Moving,Goal,20.00,0.00,10.00,11.28,0.00,5.88,20.00,0.00,10.00,DStar,
1153,7.67,AgentPrefab,Agent,MoveState,Moving,Goal,20.00,0.00,10.00,11.29,0.00,5.88,20.00,0.00,10.00,DStar,
1154,7.68,AgentPrefab,Agent,MoveState,Moving,Goal,20.00,0.00,10.00,11.31,0.00,5.89,20.00,0.00,10.00,DStar,
1155,7.68,AgentPrefab,Agent,MoveState,Moving,Goal,20.00,0.00,10.00,11.32,0.00,5.89,20.00,0.00,10.00,DStar,
1156,7.69,AgentPrefab,Agent,MoveState,Moving,Goal,20.00,0.00,10.00,11.33,0.00,5.90,20.00,0.00,10.00,DStar,
1157,7.69,AgentPrefab,Agent,MoveState,Moving,Goal,20.00,0.00,10.00,11.34,0.00,5.90,20.00,0.00,10.00,DStar,
1158,7.70,AgentPrefab,Agent,MoveState,Moving,Goal,20.00,0.00,10.00,11.35,0.00,5.91,20.00,0.00,10.00,DStar,
1159,7.71,AgentPrefab,Agent,MoveState,Moving,Goal,20.00,0.00,10.00,11.36,0.00,5.91,20.00,0.00,10.00,DStar,
1160,7.71,AgentPrefab,Agent,MoveState,Moving,Goal,20.00,0.00,10.00,11.38,0.00,5.92,20.00,0.00,10.00,DStar,
1161,7.72,AgentPrefab,Agent,MoveState,Moving,Goal,20.00,0.00,10.00,11.39,0.00,5.93,20.00,0.00,10.00,DStar,
1162,7.73,AgentPrefab,Agent,MoveState,Moving,Goal,20.00,0.00,10.00,11.40,0.00,5.93,20.00,0.00,10.00,DStar,
1163,7.73,AgentPrefab,Agent,MoveState,Moving,Goal,20.00,0.00,10.00,11.41,0.00,5.94,20.00,0.00,10.00,DStar,
1164,7.74,AgentPrefab,Agent,MoveState,Moving,Goal,20.00,0.00,10.00,11.42,0.00,5.94,20.00,0.00,10.00,DStar,
1165,7.75,AgentPrefab,Agent,MoveState,Moving,Goal,20.00,0.00,10.00,11.43,0.00,5.95,20.00,0.00,10.00,DStar,
1166,7.75,AgentPrefab,Agent,MoveState,Moving,Goal,20.00,0.00,10.00,11.44,0.00,5.95,20.00,0.00,10.00,DStar,
1167,7.76,AgentPrefab,Agent,MoveState,Moving,Goal,20.00,0.00,10.00,11.46,0.00,5.96,20.00,0.00,10.00,DStar,
1168,7.76,AgentPrefab,Agent,MoveState,Moving,Goal,20.00,0.00,10.00,11.47,0.00,5.96,20.00,0.00,10.00,DStar,
1169,7.77,AgentPrefab,Agent,MoveState,Moving,Goal,20.00,0.00,10.00,11.48,0.00,5.97,20.00,0.00,10.00,DStar,
1170,7.78,AgentPrefab,Agent,MoveState,Moving,Goal,20.00,0.00,10.00,11.49,0.00,5.97,20.00,0.00,10.00,DStar,
1171,7.78,AgentPrefab,Agent,MoveState,Moving,Goal,20.00,0.00,10.00,11.50,0.00,5.98,20.00,0.00,10.00,DStar,
1172,7.79,AgentPrefab,Agent,MoveState,Moving,Goal,20.00,0.00,10.00,11.51,0.00,5.99,20.00,0.00,10.00,DStar,
1173,7.80,AgentPrefab,Agent,MoveState,Moving,Goal,20.00,0.00,10.00,11.53,0.00,5.99,20.00,0.00,10.00,DStar,
1174,7.80,AgentPrefab,Agent,MoveState,Moving,Goal,20.00,0.00,10.00,11.54,0.00,6.00,20.00,0.00,10.00,DStar,
1175,7.81,AgentPrefab,Agent,MoveState,Moving,Goal,20.00,0.00,10.00,11.55,0.00,6.00,20.00,0.00,10.00,DStar,
1176,7.82,AgentPrefab,Agent,MoveState,Moving,Goal,20.00,0.00,10.00,11.56,0.00,6.01,20.00,0.00,10.00,DStar,
1177,7.82,AgentPrefab,Agent,MoveState,Moving,Goal,20.00,0.00,10.00,11.57,0.00,6.01,20.00,0.00,10.00,DStar,
1178,7.83,AgentPrefab,Agent,MoveState,Moving,Goal,20.00,0.00,10.00,11.58,0.00,6.02,20.00,0.00,10.00,DStar,
1179,7.84,AgentPrefab,Agent,MoveState,Moving,Goal,20.00,0.00,10.00,11.59,0.00,6.02,20.00,0.00,10.00,DStar,
1180,7.86,AgentPrefab,Agent,MoveState,Moving,Goal,20.00,0.00,10.00,11.62,0.00,6.03,20.00,0.00,10.00,DStar,
1181,7.86,AgentPrefab,Agent,MoveState,Moving,Goal,20.00,0.00,10.00,11.64,0.00,6.05,20.00,0.00,10.00,DStar,
1182,7.87,AgentPrefab,Agent,MoveState,Moving,Goal,20.00,0.00,10.00,11.65,0.00,6.05,20.00,0.00,10.00,DStar,
1183,7.87,AgentPrefab,Agent,MoveState,Moving,Goal,20.00,0.00,10.00,11.67,0.00,6.06,20.00,0.00,10.00,DStar,
1184,7.88,AgentPrefab,Agent,MoveState,Moving,Goal,20.00,0.00,10.00,11.68,0.00,6.06,20.00,0.00,10.00,DStar,
1185,7.89,AgentPrefab,Agent,MoveState,Moving,Goal,20.00,0.00,10.00,11.69,0.00,6.07,20.00,0.00,10.00,DStar,
1186,7.89,AgentPrefab,Agent,MoveState,Moving,Goal,20.00,0.00,10.00,11.70,0.00,6.07,20.00,0.00,10.00,DStar,
1187,7.90,AgentPrefab,Agent,MoveState,Moving,Goal,20.00,0.00,10.00,11.71,0.00,6.08,20.00,0.00,10.00,DStar,
1188,7.91,AgentPrefab,Agent,MoveState,Moving,Goal,20.00,0.00,10.00,11.72,0.00,6.08,20.00,0.00,10.00,DStar,
1189,7.91,AgentPrefab,Agent,MoveState,Moving,Goal,20.00,0.00,10.00,11.73,0.00,6.09,20.00,0.00,10.00,DStar,
1190,7.92,AgentPrefab,Agent,MoveState,Moving,Goal,20.00,0.00,10.00,11.75,0.00,6.10,20.00,0.00,10.00,DStar,
1191,7.92,AgentPrefab,Agent,MoveState,Moving,Goal,20.00,0.00,10.00,11.76,0.00,6.10,20.00,0.00,10.00,DStar,
1192,7.93,AgentPrefab,Agent,MoveState,Moving,Goal,20.00,0.00,10.00,11.77,0.00,6.11,20.00,0.00,10.00,DStar,
1193,7.94,AgentPrefab,Agent,MoveState,Moving,Goal,20.00,0.00,10.00,11.78,0.00,6.11,20.00,0.00,10.00,DStar,
1194,7.94,AgentPrefab,Agent,MoveState,Moving,Goal,20.00,0.00,10.00,11.79,0.00,6.12,20.00,0.00,10.00,DStar,
1195,7.95,AgentPrefab,Agent,MoveState,Moving,Goal,20.00,0.00,10.00,11.80,0.00,6.12,20.00,0.00,10.00,DStar,
1196,7.96,AgentPrefab,Agent,MoveState,Moving,Goal,20.00,0.00,10.00,11.81,0.00,6.13,20.00,0.00,10.00,DStar,
1197,7.96,AgentPrefab,Agent,MoveState,Moving,Goal,20.00,0.00,10.00,11.83,0.00,6.13,20.00,0.00,10.00,DStar,
1198,7.97,AgentPrefab,Agent,MoveState,Moving,Goal,20.00,0.00,10.00,11.84,0.00,6.14,20.00,0.00,10.00,DStar,
1199,7.98,AgentPrefab,Agent,MoveState,Moving,Goal,20.00,0.00,10.00,11.85,0.00,6.14,20.00,0.00,10.00,DStar,
1200,7.98,AgentPrefab,Agent,MoveState,Moving,Goal,20.00,0.00,10.00,11.86,0.00,6.15,20.00,0.00,10.00,DStar,
1201,7.99,AgentPrefab,Agent,MoveState,Moving,Goal,20.00,0.00,10.00,11.87,0.00,6.15,20.00,0.00,10.00,DStar,
1202,8.00,AgentPrefab,Agent,MoveState,Moving,Goal,20.00,0.00,10.00,11.88,0.00,6.16,20.00,0.00,10.00,DStar,
1203,8.00,AgentPrefab,Agent,MoveState,Moving,Goal,20.00,0.00,10.00,11.90,0.00,6.17,20.00,0.00,10.00,DStar,
1204,8.01,AIManager,Performance,Pathfinding,Executed,DStar,0.00,0.00,0.00,0.00,0.00,0.00,0.00,0.00,0.00,DStar,0.667
1204,8.01,AgentPrefab,Agent,MoveState,Moving,Goal,20.00,0.00,10.00,11.91,0.00,6.17,11.91,0.00,6.17,DStar,
1205,8.02,AgentPrefab,Agent,MoveState,Moving,Goal,20.00,0.00,10.00,11.91,0.00,6.17,20.00,0.00,10.00,DStar,
1206,8.03,AgentPrefab,Agent,MoveState,Moving,Goal,20.00,0.00,10.00,11.93,0.00,6.18,20.00,0.00,10.00,DStar,
1207,8.03,AgentPrefab,Agent,MoveState,Moving,Goal,20.00,0.00,10.00,11.94,0.00,6.19,20.00,0.00,10.00,DStar,
1208,8.04,AgentPrefab,Agent,MoveState,Moving,Goal,20.00,0.00,10.00,11.95,0.00,6.19,20.00,0.00,10.00,DStar,
1209,8.04,AgentPrefab,Agent,MoveState,Moving,Goal,20.00,0.00,10.00,11.96,0.00,6.20,20.00,0.00,10.00,DStar,
1210,8.05,AgentPrefab,Agent,MoveState,Moving,Goal,20.00,0.00,10.00,11.97,0.00,6.20,20.00,0.00,10.00,DStar,
1211,8.06,AgentPrefab,Agent,MoveState,Moving,Goal,20.00,0.00,10.00,11.99,0.00,6.21,20.00,0.00,10.00,DStar,
1212,8.06,AgentPrefab,Agent,MoveState,Moving,Goal,20.00,0.00,10.00,12.00,0.00,6.21,20.00,0.00,10.00,DStar,
1213,8.07,AgentPrefab,Agent,MoveState,Moving,Goal,20.00,0.00,10.00,12.01,0.00,6.22,20.00,0.00,10.00,DStar,
1214,8.08,AgentPrefab,Agent,MoveState,Moving,Goal,20.00,0.00,10.00,12.02,0.00,6.23,20.00,0.00,10.00,DStar,
1215,8.08,AgentPrefab,Agent,MoveState,Moving,Goal,20.00,0.00,10.00,12.03,0.00,6.23,20.00,0.00,10.00,DStar,
1216,8.09,AgentPrefab,Agent,MoveState,Moving,Goal,20.00,0.00,10.00,12.04,0.00,6.24,20.00,0.00,10.00,DStar,
1217,8.10,AgentPrefab,Agent,MoveState,Moving,Goal,20.00,0.00,10.00,12.05,0.00,6.24,20.00,0.00,10.00,DStar,
1218,8.10,AgentPrefab,Agent,MoveState,Moving,Goal,20.00,0.00,10.00,12.07,0.00,6.25,20.00,0.00,10.00,DStar,
1219,8.11,AgentPrefab,Agent,MoveState,Moving,Goal,20.00,0.00,10.00,12.08,0.00,6.25,20.00,0.00,10.00,DStar,
1220,8.12,AgentPrefab,Agent,MoveState,Moving,Goal,20.00,0.00,10.00,12.09,0.00,6.26,20.00,0.00,10.00,DStar,
1221,8.12,AgentPrefab,Agent,MoveState,Moving,Goal,20.00,0.00,10.00,12.10,0.00,6.26,20.00,0.00,10.00,DStar,
1222,8.13,AgentPrefab,Agent,MoveState,Moving,Goal,20.00,0.00,10.00,12.11,0.00,6.27,20.00,0.00,10.00,DStar,
1223,8.13,AgentPrefab,Agent,MoveState,Moving,Goal,20.00,0.00,10.00,12.12,0.00,6.27,20.00,0.00,10.00,DStar,
1224,8.14,AgentPrefab,Agent,MoveState,Moving,Goal,20.00,0.00,10.00,12.14,0.00,6.28,20.00,0.00,10.00,DStar,
1225,8.15,AgentPrefab,Agent,MoveState,Moving,Goal,20.00,0.00,10.00,12.15,0.00,6.29,20.00,0.00,10.00,DStar,
1226,8.15,AgentPrefab,Agent,MoveState,Moving,Goal,20.00,0.00,10.00,12.16,0.00,6.29,20.00,0.00,10.00,DStar,
1227,8.16,AgentPrefab,Agent,MoveState,Moving,Goal,20.00,0.00,10.00,12.17,0.00,6.30,20.00,0.00,10.00,DStar,
1228,8.17,AgentPrefab,Agent,MoveState,Moving,Goal,20.00,0.00,10.00,12.18,0.00,6.30,20.00,0.00,10.00,DStar,
1229,8.17,AgentPrefab,Agent,MoveState,Moving,Goal,20.00,0.00,10.00,12.19,0.00,6.31,20.00,0.00,10.00,DStar,
1230,8.18,AgentPrefab,Agent,MoveState,Moving,Goal,20.00,0.00,10.00,12.21,0.00,6.31,20.00,0.00,10.00,DStar,
1231,8.19,AgentPrefab,Agent,MoveState,Moving,Goal,20.00,0.00,10.00,12.22,0.00,6.32,20.00,0.00,10.00,DStar,
1232,8.19,AgentPrefab,Agent,MoveState,Moving,Goal,20.00,0.00,10.00,12.23,0.00,6.32,20.00,0.00,10.00,DStar,
1233,8.20,AgentPrefab,Agent,MoveState,Moving,Goal,20.00,0.00,10.00,12.24,0.00,6.33,20.00,0.00,10.00,DStar,
1234,8.21,AgentPrefab,Agent,MoveState,Moving,Goal,20.00,0.00,10.00,12.25,0.00,6.34,20.00,0.00,10.00,DStar,
1235,8.21,AgentPrefab,Agent,MoveState,Moving,Goal,20.00,0.00,10.00,12.27,0.00,6.34,20.00,0.00,10.00,DStar,
1236,8.22,AgentPrefab,Agent,MoveState,Moving,Goal,20.00,0.00,10.00,12.28,0.00,6.35,20.00,0.00,10.00,DStar,
1237,8.23,AgentPrefab,Agent,MoveState,Moving,Goal,20.00,0.00,10.00,12.29,0.00,6.35,20.00,0.00,10.00,DStar,
1238,8.23,AgentPrefab,Agent,MoveState,Moving,Goal,20.00,0.00,10.00,12.30,0.00,6.36,20.00,0.00,10.00,DStar,
1239,8.24,AgentPrefab,Agent,MoveState,Moving,Goal,20.00,0.00,10.00,12.31,0.00,6.36,20.00,0.00,10.00,DStar,
1240,8.24,AgentPrefab,Agent,MoveState,Moving,Goal,20.00,0.00,10.00,12.32,0.00,6.37,20.00,0.00,10.00,DStar,
1241,8.25,AgentPrefab,Agent,MoveState,Moving,Goal,20.00,0.00,10.00,12.33,0.00,6.37,20.00,0.00,10.00,DStar,
1242,8.26,AgentPrefab,Agent,MoveState,Moving,Goal,20.00,0.00,10.00,12.35,0.00,6.38,20.00,0.00,10.00,DStar,
1243,8.26,AgentPrefab,Agent,MoveState,Moving,Goal,20.00,0.00,10.00,12.36,0.00,6.38,20.00,0.00,10.00,DStar,
1244,8.27,AgentPrefab,Agent,MoveState,Moving,Goal,20.00,0.00,10.00,12.37,0.00,6.39,20.00,0.00,10.00,DStar,
1245,8.28,AgentPrefab,Agent,MoveState,Moving,Goal,20.00,0.00,10.00,12.38,0.00,6.40,20.00,0.00,10.00,DStar,
1246,8.28,AgentPrefab,Agent,MoveState,Moving,Goal,20.00,0.00,10.00,12.39,0.00,6.40,20.00,0.00,10.00,DStar,
1247,8.29,AgentPrefab,Agent,MoveState,Moving,Goal,20.00,0.00,10.00,12.40,0.00,6.41,20.00,0.00,10.00,DStar,
1248,8.29,AgentPrefab,Agent,MoveState,Moving,Goal,20.00,0.00,10.00,12.41,0.00,6.41,20.00,0.00,10.00,DStar,
1249,8.30,AgentPrefab,Agent,MoveState,Moving,Goal,20.00,0.00,10.00,12.42,0.00,6.42,20.00,0.00,10.00,DStar,
1250,8.31,AgentPrefab,Agent,MoveState,Moving,Goal,20.00,0.00,10.00,12.44,0.00,6.42,20.00,0.00,10.00,DStar,
1251,8.31,AgentPrefab,Agent,MoveState,Moving,Goal,20.00,0.00,10.00,12.45,0.00,6.43,20.00,0.00,10.00,DStar,
1252,8.32,AgentPrefab,Agent,MoveState,Moving,Goal,20.00,0.00,10.00,12.46,0.00,6.43,20.00,0.00,10.00,DStar,
1253,8.33,AgentPrefab,Agent,MoveState,Moving,Goal,20.00,0.00,10.00,12.47,0.00,6.44,20.00,0.00,10.00,DStar,
1254,8.33,AgentPrefab,Agent,MoveState,Moving,Goal,20.00,0.00,10.00,12.48,0.00,6.44,20.00,0.00,10.00,DStar,
1255,8.34,AgentPrefab,Agent,MoveState,Moving,Goal,20.00,0.00,10.00,12.49,0.00,6.45,20.00,0.00,10.00,DStar,
1256,8.35,AgentPrefab,Agent,MoveState,Moving,Goal,20.00,0.00,10.00,12.51,0.00,6.45,20.00,0.00,10.00,DStar,
1257,8.35,AgentPrefab,Agent,MoveState,Moving,Goal,20.00,0.00,10.00,12.52,0.00,6.46,20.00,0.00,10.00,DStar,
1258,8.36,AgentPrefab,Agent,MoveState,Moving,Goal,20.00,0.00,10.00,12.53,0.00,6.47,20.00,0.00,10.00,DStar,
1259,8.36,AgentPrefab,Agent,MoveState,Moving,Goal,20.00,0.00,10.00,12.54,0.00,6.47,20.00,0.00,10.00,DStar,
1260,8.37,AgentPrefab,Agent,MoveState,Moving,Goal,20.00,0.00,10.00,12.55,0.00,6.48,20.00,0.00,10.00,DStar,
1261,8.38,AgentPrefab,Agent,MoveState,Moving,Goal,20.00,0.00,10.00,12.56,0.00,6.48,20.00,0.00,10.00,DStar,
1262,8.38,AgentPrefab,Agent,MoveState,Moving,Goal,20.00,0.00,10.00,12.57,0.00,6.49,20.00,0.00,10.00,DStar,
1263,8.39,AgentPrefab,Agent,MoveState,Moving,Goal,20.00,0.00,10.00,12.59,0.00,6.49,20.00,0.00,10.00,DStar,
1264,8.40,AgentPrefab,Agent,MoveState,Moving,Goal,20.00,0.00,10.00,12.60,0.00,6.50,20.00,0.00,10.00,DStar,
1265,8.40,AgentPrefab,Agent,MoveState,Moving,Goal,20.00,0.00,10.00,12.61,0.00,6.50,20.00,0.00,10.00,DStar,
1266,8.41,AgentPrefab,Agent,MoveState,Moving,Goal,20.00,0.00,10.00,12.62,0.00,6.51,20.00,0.00,10.00,DStar,
1267,8.42,AgentPrefab,Agent,MoveState,Moving,Goal,20.00,0.00,10.00,12.63,0.00,6.51,20.00,0.00,10.00,DStar,
1268,8.42,AgentPrefab,Agent,MoveState,Moving,Goal,20.00,0.00,10.00,12.64,0.00,6.52,20.00,0.00,10.00,DStar,
1269,8.43,AgentPrefab,Agent,MoveState,Moving,Goal,20.00,0.00,10.00,12.66,0.00,6.53,20.00,0.00,10.00,DStar,
1270,8.43,AgentPrefab,Agent,MoveState,Moving,Goal,20.00,0.00,10.00,12.67,0.00,6.53,20.00,0.00,10.00,DStar,
1271,8.44,AgentPrefab,Agent,MoveState,Moving,Goal,20.00,0.00,10.00,12.68,0.00,6.54,20.00,0.00,10.00,DStar,
1272,8.45,AgentPrefab,Agent,MoveState,Moving,Goal,20.00,0.00,10.00,12.69,0.00,6.54,20.00,0.00,10.00,DStar,
1273,8.45,AgentPrefab,Agent,MoveState,Moving,Goal,20.00,0.00,10.00,12.70,0.00,6.55,20.00,0.00,10.00,DStar,
1274,8.46,AgentPrefab,Agent,MoveState,Moving,Goal,20.00,0.00,10.00,12.71,0.00,6.55,20.00,0.00,10.00,DStar,
1275,8.47,AgentPrefab,Agent,MoveState,Moving,Goal,20.00,0.00,10.00,12.72,0.00,6.56,20.00,0.00,10.00,DStar,
1276,8.47,AgentPrefab,Agent,MoveState,Moving,Goal,20.00,0.00,10.00,12.74,0.00,6.56,20.00,0.00,10.00,DStar,
1277,8.48,AgentPrefab,Agent,MoveState,Moving,Goal,20.00,0.00,10.00,12.75,0.00,6.57,20.00,0.00,10.00,DStar,
1278,8.49,AgentPrefab,Agent,MoveState,Moving,Goal,20.00,0.00,10.00,12.76,0.00,6.57,20.00,0.00,10.00,DStar,
1279,8.49,AgentPrefab,Agent,MoveState,Moving,Goal,20.00,0.00,10.00,12.77,0.00,6.58,20.00,0.00,10.00,DStar,
1280,8.50,AgentPrefab,Agent,MoveState,Moving,Goal,20.00,0.00,10.00,12.78,0.00,6.59,20.00,0.00,10.00,DStar,
1281,8.50,AgentPrefab,Agent,MoveState,Moving,Goal,20.00,0.00,10.00,12.79,0.00,6.59,20.00,0.00,10.00,DStar,
1282,8.51,AgentPrefab,Agent,MoveState,Moving,Goal,20.00,0.00,10.00,12.81,0.00,6.60,20.00,0.00,10.00,DStar,
1283,8.52,AgentPrefab,Agent,MoveState,Moving,Goal,20.00,0.00,10.00,12.82,0.00,6.60,20.00,0.00,10.00,DStar,
1284,8.52,AgentPrefab,Agent,MoveState,Moving,Goal,20.00,0.00,10.00,12.83,0.00,6.61,20.00,0.00,10.00,DStar,
1285,8.53,AgentPrefab,Agent,MoveState,Moving,Goal,20.00,0.00,10.00,12.84,0.00,6.61,20.00,0.00,10.00,DStar,
1286,8.54,AgentPrefab,Agent,MoveState,Moving,Goal,20.00,0.00,10.00,12.85,0.00,6.62,20.00,0.00,10.00,DStar,
1287,8.54,AgentPrefab,Agent,MoveState,Moving,Goal,20.00,0.00,10.00,12.86,0.00,6.62,20.00,0.00,10.00,DStar,
1288,8.55,AgentPrefab,Agent,MoveState,Moving,Goal,20.00,0.00,10.00,12.87,0.00,6.63,20.00,0.00,10.00,DStar,
1289,8.56,AgentPrefab,Agent,MoveState,Moving,Goal,20.00,0.00,10.00,12.89,0.00,6.63,20.00,0.00,10.00,DStar,
1290,8.56,AgentPrefab,Agent,MoveState,Moving,Goal,20.00,0.00,10.00,12.90,0.00,6.64,20.00,0.00,10.00,DStar,
1291,8.57,AgentPrefab,Agent,MoveState,Moving,Goal,20.00,0.00,10.00,12.91,0.00,6.65,20.00,0.00,10.00,DStar,
1292,8.58,AgentPrefab,Agent,MoveState,Moving,Goal,20.00,0.00,10.00,12.92,0.00,6.65,20.00,0.00,10.00,DStar,
1293,8.58,AgentPrefab,Agent,MoveState,Moving,Goal,20.00,0.00,10.00,12.93,0.00,6.66,20.00,0.00,10.00,DStar,
1294,8.59,AgentPrefab,Agent,MoveState,Moving,Goal,20.00,0.00,10.00,12.94,0.00,6.66,20.00,0.00,10.00,DStar,
1295,8.59,AgentPrefab,Agent,MoveState,Moving,Goal,20.00,0.00,10.00,12.96,0.00,6.67,20.00,0.00,10.00,DStar,
1296,8.60,AgentPrefab,Agent,MoveState,Moving,Goal,20.00,0.00,10.00,12.97,0.00,6.67,20.00,0.00,10.00,DStar,
1297,8.61,AgentPrefab,Agent,MoveState,Moving,Goal,20.00,0.00,10.00,12.98,0.00,6.68,20.00,0.00,10.00,DStar,
1298,8.61,AgentPrefab,Agent,MoveState,Moving,Goal,20.00,0.00,10.00,12.99,0.00,6.68,20.00,0.00,10.00,DStar,
1299,8.62,AgentPrefab,Agent,MoveState,Moving,Goal,20.00,0.00,10.00,13.00,0.00,6.69,20.00,0.00,10.00,DStar,
1300,8.63,AgentPrefab,Agent,MoveState,Moving,Goal,20.00,0.00,10.00,13.01,0.00,6.70,20.00,0.00,10.00,DStar,
1301,8.63,AgentPrefab,Agent,MoveState,Moving,Goal,20.00,0.00,10.00,13.03,0.00,6.70,20.00,0.00,10.00,DStar,
1302,8.64,AgentPrefab,Agent,MoveState,Moving,Goal,20.00,0.00,10.00,13.04,0.00,6.71,20.00,0.00,10.00,DStar,
1303,8.65,AgentPrefab,Agent,MoveState,Moving,Goal,20.00,0.00,10.00,13.05,0.00,6.71,20.00,0.00,10.00,DStar,
1304,8.65,AgentPrefab,Agent,MoveState,Moving,Goal,20.00,0.00,10.00,13.06,0.00,6.72,20.00,0.00,10.00,DStar,
1305,8.66,AgentPrefab,Agent,MoveState,Moving,Goal,20.00,0.00,10.00,13.07,0.00,6.72,20.00,0.00,10.00,DStar,
1306,8.67,AgentPrefab,Agent,MoveState,Moving,Goal,20.00,0.00,10.00,13.08,0.00,6.73,20.00,0.00,10.00,DStar,
1307,8.67,AgentPrefab,Agent,MoveState,Moving,Goal,20.00,0.00,10.00,13.10,0.00,6.73,20.00,0.00,10.00,DStar,
1308,8.68,AgentPrefab,Agent,MoveState,Moving,Goal,20.00,0.00,10.00,13.11,0.00,6.74,20.00,0.00,10.00,DStar,
1309,8.68,AgentPrefab,Agent,MoveState,Moving,Goal,20.00,0.00,10.00,13.12,0.00,6.75,20.00,0.00,10.00,DStar,
1310,8.69,AgentPrefab,Agent,MoveState,Moving,Goal,20.00,0.00,10.00,13.13,0.00,6.75,20.00,0.00,10.00,DStar,
1311,8.70,AgentPrefab,Agent,MoveState,Moving,Goal,20.00,0.00,10.00,13.14,0.00,6.76,20.00,0.00,10.00,DStar,
1312,8.70,AgentPrefab,Agent,MoveState,Moving,Goal,20.00,0.00,10.00,13.15,0.00,6.76,20.00,0.00,10.00,DStar,
1313,8.71,AgentPrefab,Agent,MoveState,Moving,Goal,20.00,0.00,10.00,13.16,0.00,6.77,20.00,0.00,10.00,DStar,
1314,8.72,AgentPrefab,Agent,MoveState,Moving,Goal,20.00,0.00,10.00,13.18,0.00,6.77,20.00,0.00,10.00,DStar,
1315,8.72,AgentPrefab,Agent,MoveState,Moving,Goal,20.00,0.00,10.00,13.19,0.00,6.78,20.00,0.00,10.00,DStar,
1316,8.73,AgentPrefab,Agent,MoveState,Moving,Goal,20.00,0.00,10.00,13.20,0.00,6.78,20.00,0.00,10.00,DStar,
1317,8.74,AgentPrefab,Agent,MoveState,Moving,Goal,20.00,0.00,10.00,13.21,0.00,6.79,20.00,0.00,10.00,DStar,
1318,8.74,AgentPrefab,Agent,MoveState,Moving,Goal,20.00,0.00,10.00,13.22,0.00,6.79,20.00,0.00,10.00,DStar,
1319,8.75,AgentPrefab,Agent,MoveState,Moving,Goal,20.00,0.00,10.00,13.23,0.00,6.80,20.00,0.00,10.00,DStar,
1320,8.75,AgentPrefab,Agent,MoveState,Moving,Goal,20.00,0.00,10.00,13.24,0.00,6.80,20.00,0.00,10.00,DStar,
1321,8.76,AgentPrefab,Agent,MoveState,Moving,Goal,20.00,0.00,10.00,13.26,0.00,6.81,20.00,0.00,10.00,DStar,
1322,8.77,AgentPrefab,Agent,MoveState,Moving,Goal,20.00,0.00,10.00,13.27,0.00,6.82,20.00,0.00,10.00,DStar,
1323,8.77,AgentPrefab,Agent,MoveState,Moving,Goal,20.00,0.00,10.00,13.28,0.00,6.82,20.00,0.00,10.00,DStar,
1324,8.78,AgentPrefab,Agent,MoveState,Moving,Goal,20.00,0.00,10.00,13.29,0.00,6.83,20.00,0.00,10.00,DStar,
1325,8.79,AgentPrefab,Agent,MoveState,Moving,Goal,20.00,0.00,10.00,13.30,0.00,6.83,20.00,0.00,10.00,DStar,
1326,8.79,AgentPrefab,Agent,MoveState,Moving,Goal,20.00,0.00,10.00,13.31,0.00,6.84,20.00,0.00,10.00,DStar,
1327,8.80,AgentPrefab,Agent,MoveState,Moving,Goal,20.00,0.00,10.00,13.33,0.00,6.84,20.00,0.00,10.00,DStar,
1328,8.81,AgentPrefab,Agent,MoveState,Moving,Goal,20.00,0.00,10.00,13.34,0.00,6.85,20.00,0.00,10.00,DStar,
1329,8.81,AgentPrefab,Agent,MoveState,Moving,Goal,20.00,0.00,10.00,13.35,0.00,6.85,20.00,0.00,10.00,DStar,
1330,8.82,AgentPrefab,Agent,MoveState,Moving,Goal,20.00,0.00,10.00,13.36,0.00,6.86,20.00,0.00,10.00,DStar,
1331,8.82,AgentPrefab,Agent,MoveState,Moving,Goal,20.00,0.00,10.00,13.37,0.00,6.86,20.00,0.00,10.00,DStar,
1332,8.83,AgentPrefab,Agent,MoveState,Moving,Goal,20.00,0.00,10.00,13.38,0.00,6.87,20.00,0.00,10.00,DStar,
1333,8.84,AgentPrefab,Agent,MoveState,Moving,Goal,20.00,0.00,10.00,13.39,0.00,6.88,20.00,0.00,10.00,DStar,
1334,8.84,AgentPrefab,Agent,MoveState,Moving,Goal,20.00,0.00,10.00,13.41,0.00,6.88,20.00,0.00,10.00,DStar,
1335,8.85,AgentPrefab,Agent,MoveState,Moving,Goal,20.00,0.00,10.00,13.42,0.00,6.89,20.00,0.00,10.00,DStar,
1336,8.86,AgentPrefab,Agent,MoveState,Moving,Goal,20.00,0.00,10.00,13.43,0.00,6.89,20.00,0.00,10.00,DStar,
1337,8.86,AgentPrefab,Agent,MoveState,Moving,Goal,20.00,0.00,10.00,13.44,0.00,6.90,20.00,0.00,10.00,DStar,
1338,8.87,AgentPrefab,Agent,MoveState,Moving,Goal,20.00,0.00,10.00,13.45,0.00,6.90,20.00,0.00,10.00,DStar,
1339,8.87,AgentPrefab,Agent,MoveState,Moving,Goal,20.00,0.00,10.00,13.46,0.00,6.91,20.00,0.00,10.00,DStar,
1340,8.88,AgentPrefab,Agent,MoveState,Moving,Goal,20.00,0.00,10.00,13.47,0.00,6.91,20.00,0.00,10.00,DStar,
1341,8.89,AgentPrefab,Agent,MoveState,Moving,Goal,20.00,0.00,10.00,13.49,0.00,6.92,20.00,0.00,10.00,DStar,
1342,8.89,AgentPrefab,Agent,MoveState,Moving,Goal,20.00,0.00,10.00,13.50,0.00,6.92,20.00,0.00,10.00,DStar,
1343,8.90,AgentPrefab,Agent,MoveState,Moving,Goal,20.00,0.00,10.00,13.51,0.00,6.93,20.00,0.00,10.00,DStar,
1344,8.91,AgentPrefab,Agent,MoveState,Moving,Goal,20.00,0.00,10.00,13.52,0.00,6.94,20.00,0.00,10.00,DStar,
1345,8.91,AgentPrefab,Agent,MoveState,Moving,Goal,20.00,0.00,10.00,13.53,0.00,6.94,20.00,0.00,10.00,DStar,
1346,8.92,AgentPrefab,Agent,MoveState,Moving,Goal,20.00,0.00,10.00,13.54,0.00,6.95,20.00,0.00,10.00,DStar,
1347,8.93,AgentPrefab,Agent,MoveState,Moving,Goal,20.00,0.00,10.00,13.56,0.00,6.95,20.00,0.00,10.00,DStar,
1348,8.93,AgentPrefab,Agent,MoveState,Moving,Goal,20.00,0.00,10.00,13.57,0.00,6.96,20.00,0.00,10.00,DStar,
1349,8.94,AgentPrefab,Agent,MoveState,Moving,Goal,20.00,0.00,10.00,13.58,0.00,6.96,20.00,0.00,10.00,DStar,
1350,8.95,AgentPrefab,Agent,MoveState,Moving,Goal,20.00,0.00,10.00,13.59,0.00,6.97,20.00,0.00,10.00,DStar,
1351,8.95,AgentPrefab,Agent,MoveState,Moving,Goal,20.00,0.00,10.00,13.60,0.00,6.97,20.00,0.00,10.00,DStar,
1352,8.96,AgentPrefab,Agent,MoveState,Moving,Goal,20.00,0.00,10.00,13.61,0.00,6.98,20.00,0.00,10.00,DStar,
1353,8.96,AgentPrefab,Agent,MoveState,Moving,Goal,20.00,0.00,10.00,13.63,0.00,6.98,20.00,0.00,10.00,DStar,
1354,8.97,AgentPrefab,Agent,MoveState,Moving,Goal,20.00,0.00,10.00,13.64,0.00,6.99,20.00,0.00,10.00,DStar,
1355,8.98,AgentPrefab,Agent,MoveState,Moving,Goal,20.00,0.00,10.00,13.65,0.00,7.00,20.00,0.00,10.00,DStar,
1356,8.98,AgentPrefab,Agent,MoveState,Moving,Goal,20.00,0.00,10.00,13.66,0.00,7.00,20.00,0.00,10.00,DStar,
1357,8.99,AIManager,Performance,Pathfinding,Executed,DStar,0.00,0.00,0.00,0.00,0.00,0.00,0.00,0.00,0.00,DStar,0.369
1357,8.99,AIManager,Performance,Pathfinding,Executed,DStar,0.00,0.00,0.00,0.00,0.00,0.00,0.00,0.00,0.00,DStar,0.378
1357,8.99,AgentPrefab,Agent,MoveState,Moving,Goal,20.00,0.00,10.00,13.67,0.00,7.01,13.67,0.00,7.01,DStar,
1358,9.01,AgentPrefab,Agent,MoveState,Moving,Goal,20.00,0.00,10.00,13.67,0.00,7.01,14.10,0.00,7.90,DStar,
1359,9.02,AgentPrefab,Agent,MoveState,Moving,Goal,20.00,0.00,10.00,13.69,0.00,7.04,14.10,0.00,7.90,DStar,
1360,9.02,AgentPrefab,Agent,MoveState,Moving,Goal,20.00,0.00,10.00,13.69,0.00,7.05,14.10,0.00,7.90,DStar,
1361,9.03,AgentPrefab,Agent,MoveState,Moving,Goal,20.00,0.00,10.00,13.70,0.00,7.06,14.10,0.00,7.90,DStar,
1362,9.03,AgentPrefab,Agent,MoveState,Moving,Goal,20.00,0.00,10.00,13.70,0.00,7.07,14.10,0.00,7.90,DStar,
1363,9.04,AgentPrefab,Agent,MoveState,Moving,Goal,20.00,0.00,10.00,13.71,0.00,7.09,14.10,0.00,7.90,DStar,
1364,9.05,AgentPrefab,Agent,MoveState,Moving,Goal,20.00,0.00,10.00,13.72,0.00,7.10,14.10,0.00,7.90,DStar,
1365,9.06,AgentPrefab,Agent,MoveState,Moving,Goal,20.00,0.00,10.00,13.72,0.00,7.12,14.10,0.00,7.90,DStar,
1366,9.06,AgentPrefab,Agent,MoveState,Moving,Goal,20.00,0.00,10.00,13.73,0.00,7.13,14.10,0.00,7.90,DStar,
1367,9.07,AgentPrefab,Agent,MoveState,Moving,Goal,20.00,0.00,10.00,13.74,0.00,7.14,14.10,0.00,7.90,DStar,
1368,9.08,AgentPrefab,Agent,MoveState,Moving,Goal,20.00,0.00,10.00,13.74,0.00,7.15,14.10,0.00,7.90,DStar,
1369,9.08,AgentPrefab,Agent,MoveState,Moving,Goal,20.00,0.00,10.00,13.75,0.00,7.16,14.10,0.00,7.90,DStar,
1370,9.09,AgentPrefab,Agent,MoveState,Moving,Goal,20.00,0.00,10.00,13.75,0.00,7.17,14.10,0.00,7.90,DStar,
1371,9.10,AgentPrefab,Agent,MoveState,Moving,Goal,20.00,0.00,10.00,13.76,0.00,7.19,14.10,0.00,7.90,DStar,
1372,9.10,AgentPrefab,Agent,MoveState,Moving,Goal,20.00,0.00,10.00,13.76,0.00,7.20,14.10,0.00,7.90,DStar,
1373,9.11,AgentPrefab,Agent,MoveState,Moving,Goal,20.00,0.00,10.00,13.77,0.00,7.21,14.10,0.00,7.90,DStar,
1374,9.12,AgentPrefab,Agent,MoveState,Moving,Goal,20.00,0.00,10.00,13.77,0.00,7.22,14.10,0.00,7.90,DStar,
1375,9.12,AgentPrefab,Agent,MoveState,Moving,Goal,20.00,0.00,10.00,13.78,0.00,7.23,14.10,0.00,7.90,DStar,
1376,9.13,AgentPrefab,Agent,MoveState,Moving,Goal,20.00,0.00,10.00,13.79,0.00,7.24,14.10,0.00,7.90,DStar,
1377,9.14,AgentPrefab,Agent,MoveState,Moving,Goal,20.00,0.00,10.00,13.79,0.00,7.26,14.10,0.00,7.90,DStar,
1378,9.16,AgentPrefab,Agent,MoveState,Moving,Goal,20.00,0.00,10.00,13.80,0.00,7.28,14.10,0.00,7.90,DStar,
1379,9.16,AgentPrefab,Agent,MoveState,Moving,Goal,20.00,0.00,10.00,13.82,0.00,7.31,14.10,0.00,7.90,DStar,
1380,9.17,AgentPrefab,Agent,MoveState,Moving,Goal,20.00,0.00,10.00,13.82,0.00,7.32,14.10,0.00,7.90,DStar,
1381,9.18,AgentPrefab,Agent,MoveState,Moving,Goal,20.00,0.00,10.00,13.83,0.00,7.33,14.10,0.00,7.90,DStar,
1382,9.18,AgentPrefab,Agent,MoveState,Moving,Goal,20.00,0.00,10.00,13.83,0.00,7.34,14.10,0.00,7.90,DStar,
1383,9.19,AgentPrefab,Agent,MoveState,Moving,Goal,20.00,0.00,10.00,13.84,0.00,7.36,14.10,0.00,7.90,DStar,
1384,9.20,AgentPrefab,Agent,MoveState,Moving,Goal,20.00,0.00,10.00,13.84,0.00,7.37,14.10,0.00,7.90,DStar,
1385,9.20,AgentPrefab,Agent,MoveState,Moving,Goal,20.00,0.00,10.00,13.85,0.00,7.38,14.10,0.00,7.90,DStar,
1386,9.21,AgentPrefab,Agent,MoveState,Moving,Goal,20.00,0.00,10.00,13.86,0.00,7.39,14.10,0.00,7.90,DStar,
1387,9.22,AgentPrefab,Agent,MoveState,Moving,Goal,20.00,0.00,10.00,13.86,0.00,7.40,14.10,0.00,7.90,DStar,
1388,9.22,AgentPrefab,Agent,MoveState,Moving,Goal,20.00,0.00,10.00,13.87,0.00,7.41,14.10,0.00,7.90,DStar,
1389,9.23,AgentPrefab,Agent,MoveState,Moving,Goal,20.00,0.00,10.00,13.87,0.00,7.43,14.10,0.00,7.90,DStar,
1390,9.24,AgentPrefab,Agent,MoveState,Moving,Goal,20.00,0.00,10.00,13.88,0.00,7.44,14.10,0.00,7.90,DStar,
1391,9.24,AgentPrefab,Agent,MoveState,Moving,Goal,20.00,0.00,10.00,13.88,0.00,7.45,14.10,0.00,7.90,DStar,
1392,9.25,AgentPrefab,Agent,MoveState,Moving,Goal,20.00,0.00,10.00,13.89,0.00,7.46,14.10,0.00,7.90,DStar,
1393,9.26,AgentPrefab,Agent,MoveState,Moving,Goal,20.00,0.00,10.00,13.89,0.00,7.47,14.10,0.00,7.90,DStar,
1394,9.26,AgentPrefab,Agent,MoveState,Moving,Goal,20.00,0.00,10.00,13.90,0.00,7.48,14.10,0.00,7.90,DStar,
1395,9.27,AgentPrefab,Agent,MoveState,Moving,Goal,20.00,0.00,10.00,13.91,0.00,7.50,14.10,0.00,7.90,DStar,
1396,9.27,AgentPrefab,Agent,MoveState,Moving,Goal,20.00,0.00,10.00,13.91,0.00,7.51,14.10,0.00,7.90,DStar,
1397,9.28,AgentPrefab,Agent,MoveState,Moving,Goal,20.00,0.00,10.00,13.92,0.00,7.52,14.10,0.00,7.90,DStar,
1398,9.29,AgentPrefab,Agent,MoveState,Moving,Goal,20.00,0.00,10.00,13.92,0.00,7.53,14.10,0.00,7.90,DStar,
1399,9.29,AgentPrefab,Agent,MoveState,Moving,Goal,20.00,0.00,10.00,13.93,0.00,7.54,14.10,0.00,7.90,DStar,
1400,9.30,AgentPrefab,Agent,MoveState,Moving,Goal,20.00,0.00,10.00,13.93,0.00,7.55,14.10,0.00,7.90,DStar,
1401,9.31,AgentPrefab,Agent,MoveState,Moving,Goal,20.00,0.00,10.00,13.94,0.00,7.57,14.10,0.00,7.90,DStar,
1402,9.31,AgentPrefab,Agent,MoveState,Moving,Goal,20.00,0.00,10.00,13.94,0.00,7.58,14.10,0.00,7.90,DStar,
1403,9.32,AgentPrefab,Agent,MoveState,Moving,Goal,20.00,0.00,10.00,13.95,0.00,7.59,14.10,0.00,7.90,DStar,
1404,9.33,AgentPrefab,Agent,MoveState,Moving,Goal,20.00,0.00,10.00,13.96,0.00,7.60,14.10,0.00,7.90,DStar,
1405,9.33,AgentPrefab,Agent,MoveState,Moving,Goal,20.00,0.00,10.00,13.96,0.00,7.61,14.10,0.00,7.90,DStar,
1406,9.34,AgentPrefab,Agent,MoveState,Moving,Goal,20.00,0.00,10.00,13.97,0.00,7.62,14.10,0.00,7.90,DStar,
1407,9.35,AgentPrefab,Agent,MoveState,Moving,Goal,20.00,0.00,10.00,13.97,0.00,7.64,14.10,0.00,7.90,DStar,
1408,9.35,AgentPrefab,Agent,MoveState,Moving,Goal,20.00,0.00,10.00,13.98,0.00,7.65,14.10,0.00,7.90,DStar,
1409,9.36,AgentPrefab,Agent,MoveState,Moving,Goal,20.00,0.00,10.00,13.98,0.00,7.66,14.10,0.00,7.90,DStar,
1410,9.37,AgentPrefab,Agent,MoveState,Moving,Goal,20.00,0.00,10.00,13.99,0.00,7.67,14.10,0.00,7.90,DStar,
1411,9.37,AgentPrefab,Agent,MoveState,Moving,Goal,20.00,0.00,10.00,14.00,0.00,7.68,14.10,0.00,7.90,DStar,
1412,9.38,AgentPrefab,Agent,MoveState,Moving,Goal,20.00,0.00,10.00,14.00,0.00,7.69,14.10,0.00,7.90,DStar,
1413,9.38,AgentPrefab,Agent,MoveState,Moving,Goal,20.00,0.00,10.00,14.01,0.00,7.70,14.10,0.00,7.90,DStar,
1414,9.39,AgentPrefab,Agent,MoveState,Moving,Goal,20.00,0.00,10.00,14.01,0.00,7.72,14.10,0.00,7.90,DStar,
1415,9.40,AgentPrefab,Agent,MoveState,Moving,Goal,20.00,0.00,10.00,14.02,0.00,7.73,14.10,0.00,7.90,DStar,
1416,9.40,AgentPrefab,Agent,MoveState,Moving,Goal,20.00,0.00,10.00,14.02,0.00,7.74,14.10,0.00,7.90,DStar,
1417,9.41,AgentPrefab,Agent,MoveState,Moving,Goal,20.00,0.00,10.00,14.03,0.00,7.75,14.10,0.00,7.90,DStar,
1418,9.42,AgentPrefab,Agent,MoveState,Moving,Goal,20.00,0.00,10.00,14.03,0.00,7.76,14.10,0.00,7.90,DStar,
1419,9.42,AgentPrefab,Agent,MoveState,Moving,Goal,20.00,0.00,10.00,14.04,0.00,7.78,14.10,0.00,7.90,DStar,
1420,9.43,AgentPrefab,Agent,MoveState,Moving,Goal,20.00,0.00,10.00,14.05,0.00,7.79,14.10,0.00,7.90,DStar,
1421,9.44,AgentPrefab,Agent,MoveState,Moving,Goal,20.00,0.00,10.00,14.05,0.00,7.80,14.10,0.00,7.90,DStar,
1422,9.44,AgentPrefab,Agent,MoveState,Moving,Goal,20.00,0.00,10.00,14.06,0.00,7.81,14.10,0.00,7.90,DStar,
1423,9.45,AgentPrefab,Agent,MoveState,Moving,Goal,20.00,0.00,10.00,14.06,0.00,7.82,14.10,0.00,7.90,DStar,
1424,9.46,AgentPrefab,Agent,MoveState,Moving,Goal,20.00,0.00,10.00,14.07,0.00,7.84,14.10,0.00,7.90,DStar,
1425,9.46,AgentPrefab,Agent,MoveState,Moving,Goal,20.00,0.00,10.00,14.07,0.00,7.85,14.10,0.00,7.90,DStar,
1426,9.47,AgentPrefab,Agent,MoveState,Moving,Goal,20.00,0.00,10.00,14.10,0.00,7.90,14.70,0.00,8.70,DStar,
1427,9.48,AgentPrefab,Agent,MoveState,Moving,Goal,20.00,0.00,10.00,14.11,0.00,7.91,14.70,0.00,8.70,DStar,
1428,9.48,AgentPrefab,Agent,MoveState,Moving,Goal,20.00,0.00,10.00,14.12,0.00,7.92,14.70,0.00,8.70,DStar,
1429,9.49,AgentPrefab,Agent,MoveState,Moving,Goal,20.00,0.00,10.00,14.12,0.00,7.93,14.70,0.00,8.70,DStar,
1430,9.50,AgentPrefab,Agent,MoveState,Moving,Goal,20.00,0.00,10.00,14.13,0.00,7.94,14.70,0.00,8.70,DStar,
1431,9.50,AgentPrefab,Agent,MoveState,Moving,Goal,20.00,0.00,10.00,14.14,0.00,7.95,14.70,0.00,8.70,DStar,
1432,9.51,AgentPrefab,Agent,MoveState,Moving,Goal,20.00,0.00,10.00,14.15,0.00,7.97,14.70,0.00,8.70,DStar,
1433,9.52,AgentPrefab,Agent,MoveState,Moving,Goal,20.00,0.00,10.00,14.16,0.00,7.98,14.70,0.00,8.70,DStar,
1434,9.52,AgentPrefab,Agent,MoveState,Moving,Goal,20.00,0.00,10.00,14.16,0.00,7.99,14.70,0.00,8.70,DStar,
1435,9.53,AgentPrefab,Agent,MoveState,Moving,Goal,20.00,0.00,10.00,14.17,0.00,8.00,14.70,0.00,8.70,DStar,
1436,9.54,AgentPrefab,Agent,MoveState,Moving,Goal,20.00,0.00,10.00,14.18,0.00,8.01,14.70,0.00,8.70,DStar,
1437,9.54,AgentPrefab,Agent,MoveState,Moving,Goal,20.00,0.00,10.00,14.19,0.00,8.02,14.70,0.00,8.70,DStar,
1438,9.55,AgentPrefab,Agent,MoveState,Moving,Goal,20.00,0.00,10.00,14.19,0.00,8.03,14.70,0.00,8.70,DStar,
1439,9.56,AgentPrefab,Agent,MoveState,Moving,Goal,20.00,0.00,10.00,14.20,0.00,8.04,14.70,0.00,8.70,DStar,
1440,9.56,AgentPrefab,Agent,MoveState,Moving,Goal,20.00,0.00,10.00,14.21,0.00,8.05,14.70,0.00,8.70,DStar,
1441,9.57,AgentPrefab,Agent,MoveState,Moving,Goal,20.00,0.00,10.00,14.22,0.00,8.06,14.70,0.00,8.70,DStar,
1442,9.57,AgentPrefab,Agent,MoveState,Moving,Goal,20.00,0.00,10.00,14.23,0.00,8.07,14.70,0.00,8.70,DStar,
1443,9.58,AgentPrefab,Agent,MoveState,Moving,Goal,20.00,0.00,10.00,14.23,0.00,8.08,14.70,0.00,8.70,DStar,
1444,9.59,AgentPrefab,Agent,MoveState,Moving,Goal,20.00,0.00,10.00,14.24,0.00,8.09,14.70,0.00,8.70,DStar,
1445,9.59,AgentPrefab,Agent,MoveState,Moving,Goal,20.00,0.00,10.00,14.25,0.00,8.10,14.70,0.00,8.70,DStar,
1446,9.60,AgentPrefab,Agent,MoveState,Moving,Goal,20.00,0.00,10.00,14.26,0.00,8.11,14.70,0.00,8.70,DStar,
1447,9.61,AgentPrefab,Agent,MoveState,Moving,Goal,20.00,0.00,10.00,14.27,0.00,8.12,14.70,0.00,8.70,DStar,
1448,9.61,AgentPrefab,Agent,MoveState,Moving,Goal,20.00,0.00,10.00,14.27,0.00,8.13,14.70,0.00,8.70,DStar,
1449,9.62,AgentPrefab,Agent,MoveState,Moving,Goal,20.00,0.00,10.00,14.28,0.00,8.14,14.70,0.00,8.70,DStar,
1450,9.63,AgentPrefab,Agent,MoveState,Moving,Goal,20.00,0.00,10.00,14.29,0.00,8.15,14.70,0.00,8.70,DStar,
1451,9.63,AgentPrefab,Agent,MoveState,Moving,Goal,20.00,0.00,10.00,14.30,0.00,8.16,14.70,0.00,8.70,DStar,
1452,9.64,AgentPrefab,Agent,MoveState,Moving,Goal,20.00,0.00,10.00,14.30,0.00,8.17,14.70,0.00,8.70,DStar,
1453,9.65,AgentPrefab,Agent,MoveState,Moving,Goal,20.00,0.00,10.00,14.31,0.00,8.18,14.70,0.00,8.70,DStar,
1454,9.65,AgentPrefab,Agent,MoveState,Moving,Goal,20.00,0.00,10.00,14.32,0.00,8.19,14.70,0.00,8.70,DStar,
1455,9.66,AgentPrefab,Agent,MoveState,Moving,Goal,20.00,0.00,10.00,14.33,0.00,8.20,14.70,0.00,8.70,DStar,
1456,9.67,AgentPrefab,Agent,MoveState,Moving,Goal,20.00,0.00,10.00,14.34,0.00,8.21,14.70,0.00,8.70,DStar,
1457,9.67,AgentPrefab,Agent,MoveState,Moving,Goal,20.00,0.00,10.00,14.34,0.00,8.22,14.70,0.00,8.70,DStar,
1458,9.68,AgentPrefab,Agent,MoveState,Moving,Goal,20.00,0.00,10.00,14.35,0.00,8.23,14.70,0.00,8.70,DStar,
1459,9.69,AgentPrefab,Agent,MoveState,Moving,Goal,20.00,0.00,10.00,14.36,0.00,8.25,14.70,0.00,8.70,DStar,
1460,9.69,AgentPrefab,Agent,MoveState,Moving,Goal,20.00,0.00,10.00,14.37,0.00,8.26,14.70,0.00,8.70,DStar,
1461,9.70,AgentPrefab,Agent,MoveState,Moving,Goal,20.00,0.00,10.00,14.37,0.00,8.27,14.70,0.00,8.70,DStar,
1462,9.71,AgentPrefab,Agent,MoveState,Moving,Goal,20.00,0.00,10.00,14.38,0.00,8.28,14.70,0.00,8.70,DStar,
1463,9.71,AgentPrefab,Agent,MoveState,Moving,Goal,20.00,0.00,10.00,14.39,0.00,8.29,14.70,0.00,8.70,DStar,
1464,9.72,AgentPrefab,Agent,MoveState,Moving,Goal,20.00,0.00,10.00,14.40,0.00,8.30,14.70,0.00,8.70,DStar,
1465,9.72,AgentPrefab,Agent,MoveState,Moving,Goal,20.00,0.00,10.00,14.41,0.00,8.31,14.70,0.00,8.70,DStar,
1466,9.73,AgentPrefab,Agent,MoveState,Moving,Goal,20.00,0.00,10.00,14.41,0.00,8.32,14.70,0.00,8.70,DStar,
1467,9.74,AgentPrefab,Agent,MoveState,Moving,Goal,20.00,0.00,10.00,14.42,0.00,8.33,14.70,0.00,8.70,DStar,
1468,9.74,AgentPrefab,Agent,MoveState,Moving,Goal,20.00,0.00,10.00,14.43,0.00,8.34,14.70,0.00,8.70,DStar,
1469,9.75,AgentPrefab,Agent,MoveState,Moving,Goal,20.00,0.00,10.00,14.44,0.00,8.35,14.70,0.00,8.70,DStar,
1470,9.76,AgentPrefab,Agent,MoveState,Moving,Goal,20.00,0.00,10.00,14.44,0.00,8.36,14.70,0.00,8.70,DStar,
1471,9.76,AgentPrefab,Agent,MoveState,Moving,Goal,20.00,0.00,10.00,14.45,0.00,8.37,14.70,0.00,8.70,DStar,
1472,9.77,AgentPrefab,Agent,MoveState,Moving,Goal,20.00,0.00,10.00,14.46,0.00,8.38,14.70,0.00,8.70,DStar,
1473,9.78,AgentPrefab,Agent,MoveState,Moving,Goal,20.00,0.00,10.00,14.47,0.00,8.39,14.70,0.00,8.70,DStar,
1474,9.78,AgentPrefab,Agent,MoveState,Moving,Goal,20.00,0.00,10.00,14.48,0.00,8.40,14.70,0.00,8.70,DStar,
1475,9.79,AgentPrefab,Agent,MoveState,Moving,Goal,20.00,0.00,10.00,14.48,0.00,8.41,14.70,0.00,8.70,DStar,
1476,9.80,AgentPrefab,Agent,MoveState,Moving,Goal,20.00,0.00,10.00,14.49,0.00,8.42,14.70,0.00,8.70,DStar,
1477,9.80,AgentPrefab,Agent,MoveState,Moving,Goal,20.00,0.00,10.00,14.50,0.00,8.43,14.70,0.00,8.70,DStar,
1478,9.81,AgentPrefab,Agent,MoveState,Moving,Goal,20.00,0.00,10.00,14.51,0.00,8.44,14.70,0.00,8.70,DStar,
1479,9.82,AgentPrefab,Agent,MoveState,Moving,Goal,20.00,0.00,10.00,14.52,0.00,8.45,14.70,0.00,8.70,DStar,
1480,9.82,AgentPrefab,Agent,MoveState,Moving,Goal,20.00,0.00,10.00,14.52,0.00,8.46,14.70,0.00,8.70,DStar,
1481,9.83,AgentPrefab,Agent,MoveState,Moving,Goal,20.00,0.00,10.00,14.53,0.00,8.48,14.70,0.00,8.70,DStar,
1482,9.84,AgentPrefab,Agent,MoveState,Moving,Goal,20.00,0.00,10.00,14.54,0.00,8.48,14.70,0.00,8.70,DStar,
1483,9.84,AgentPrefab,Agent,MoveState,Moving,Goal,20.00,0.00,10.00,14.55,0.00,8.50,14.70,0.00,8.70,DStar,
1484,9.85,AgentPrefab,Agent,MoveState,Moving,Goal,20.00,0.00,10.00,14.55,0.00,8.50,14.70,0.00,8.70,DStar,
1485,9.85,AgentPrefab,Agent,MoveState,Moving,Goal,20.00,0.00,10.00,14.56,0.00,8.52,14.70,0.00,8.70,DStar,
1486,9.86,AgentPrefab,Agent,MoveState,Moving,Goal,20.00,0.00,10.00,14.57,0.00,8.53,14.70,0.00,8.70,DStar,
1487,9.87,AgentPrefab,Agent,MoveState,Moving,Goal,20.00,0.00,10.00,14.58,0.00,8.54,14.70,0.00,8.70,DStar,
1488,9.87,AgentPrefab,Agent,MoveState,Moving,Goal,20.00,0.00,10.00,14.58,0.00,8.55,14.70,0.00,8.70,DStar,
1489,9.88,AgentPrefab,Agent,MoveState,Moving,Goal,20.00,0.00,10.00,14.59,0.00,8.56,14.70,0.00,8.70,DStar,
1490,9.89,AgentPrefab,Agent,MoveState,Moving,Goal,20.00,0.00,10.00,14.60,0.00,8.57,14.70,0.00,8.70,DStar,
1491,9.89,AgentPrefab,Agent,MoveState,Moving,Goal,20.00,0.00,10.00,14.61,0.00,8.58,14.70,0.00,8.70,DStar,
1492,9.90,AgentPrefab,Agent,MoveState,Moving,Goal,20.00,0.00,10.00,14.62,0.00,8.59,14.70,0.00,8.70,DStar,
1493,9.91,AgentPrefab,Agent,MoveState,Moving,Goal,20.00,0.00,10.00,14.62,0.00,8.60,14.70,0.00,8.70,DStar,
1494,9.91,AgentPrefab,Agent,MoveState,Moving,Goal,20.00,0.00,10.00,14.63,0.00,8.61,14.70,0.00,8.70,DStar,
1495,9.92,AgentPrefab,Agent,MoveState,Moving,Goal,20.00,0.00,10.00,14.64,0.00,8.62,14.70,0.00,8.70,DStar,
1496,9.93,AgentPrefab,Agent,MoveState,Moving,Goal,20.00,0.00,10.00,14.65,0.00,8.63,14.70,0.00,8.70,DStar,
1497,9.93,AgentPrefab,Agent,MoveState,Moving,Goal,20.00,0.00,10.00,14.65,0.00,8.64,14.70,0.00,8.70,DStar,
1498,9.94,AgentPrefab,Agent,MoveState,Moving,Goal,20.00,0.00,10.00,14.66,0.00,8.65,14.70,0.00,8.70,DStar,
1499,9.95,AgentPrefab,Agent,MoveState,Moving,Goal,20.00,0.00,10.00,14.70,0.00,8.70,16.60,0.00,9.30,DStar,
1500,9.95,AgentPrefab,Agent,MoveState,Moving,Goal,20.00,0.00,10.00,14.71,0.00,8.70,16.60,0.00,9.30,DStar,
1501,9.96,AgentPrefab,Agent,MoveState,Moving,Goal,20.00,0.00,10.00,14.73,0.00,8.71,16.60,0.00,9.30,DStar,
1502,9.96,AgentPrefab,Agent,MoveState,Moving,Goal,20.00,0.00,10.00,14.74,0.00,8.71,16.60,0.00,9.30,DStar,
1503,9.97,AgentPrefab,Agent,MoveState,Moving,Goal,20.00,0.00,10.00,14.75,0.00,8.72,16.60,0.00,9.30,DStar,
1504,9.98,AgentPrefab,Agent,MoveState,Moving,Goal,20.00,0.00,10.00,14.76,0.00,8.72,16.60,0.00,9.30,DStar,
1505,9.98,AgentPrefab,Agent,MoveState,Moving,Goal,20.00,0.00,10.00,14.77,0.00,8.72,16.60,0.00,9.30,DStar,
1506,9.99,AIManager,Performance,Pathfinding,Executed,DStar,0.00,0.00,0.00,0.00,0.00,0.00,0.00,0.00,0.00,DStar,0.318
1506,9.99,AgentPrefab,Agent,MoveState,Moving,Goal,20.00,0.00,10.00,14.79,0.00,8.73,14.79,0.00,8.73,DStar,
1507,10.00,AgentPrefab,Agent,MoveState,Moving,Goal,20.00,0.00,10.00,14.79,0.00,8.73,16.70,0.00,9.30,DStar,
1508,10.01,AIManager,Performance,Pathfinding,Executed,DStar,0.00,0.00,0.00,0.00,0.00,0.00,0.00,0.00,0.00,DStar,0.343
1508,10.01,AIManager,Performance,Pathfinding,Executed,DStar,0.00,0.00,0.00,0.00,0.00,0.00,0.00,0.00,0.00,DStar,0.462
1508,10.01,AgentPrefab,Agent,MoveState,Moving,Goal,20.00,0.00,10.00,14.81,0.00,8.73,14.81,0.00,8.73,DStar,
1509,10.03,AgentPrefab,Agent,MoveState,Moving,Goal,20.00,0.00,10.00,14.81,0.00,8.73,16.70,0.00,9.30,DStar,
1510,10.04,AgentPrefab,Agent,MoveState,Moving,Goal,20.00,0.00,10.00,14.85,0.00,8.75,16.70,0.00,9.30,DStar,
1511,10.04,AgentPrefab,Agent,MoveState,Moving,Goal,20.00,0.00,10.00,14.86,0.00,8.75,16.70,0.00,9.30,DStar,
1512,10.05,AgentPrefab,Agent,MoveState,Moving,Goal,20.00,0.00,10.00,14.87,0.00,8.75,16.70,0.00,9.30,DStar,
1513,10.05,AgentPrefab,Agent,MoveState,Moving,Goal,20.00,0.00,10.00,14.88,0.00,8.76,16.70,0.00,9.30,DStar,
1514,10.06,AgentPrefab,Agent,MoveState,Moving,Goal,20.00,0.00,10.00,14.90,0.00,8.76,16.70,0.00,9.30,DStar,
1515,10.07,AgentPrefab,Agent,MoveState,Moving,Goal,20.00,0.00,10.00,14.91,0.00,8.76,16.70,0.00,9.30,DStar,
1516,10.07,AgentPrefab,Agent,MoveState,Moving,Goal,20.00,0.00,10.00,14.92,0.00,8.77,16.70,0.00,9.30,DStar,
1517,10.08,AgentPrefab,Agent,MoveState,Moving,Goal,20.00,0.00,10.00,14.93,0.00,8.77,16.70,0.00,9.30,DStar,
1518,10.09,AgentPrefab,Agent,MoveState,Moving,Goal,20.00,0.00,10.00,14.95,0.00,8.78,16.70,0.00,9.30,DStar,
1519,10.09,AgentPrefab,Agent,MoveState,Moving,Goal,20.00,0.00,10.00,14.96,0.00,8.78,16.70,0.00,9.30,DStar,
1520,10.10,AgentPrefab,Agent,MoveState,Moving,Goal,20.00,0.00,10.00,14.97,0.00,8.78,16.70,0.00,9.30,DStar,
1521,10.11,AgentPrefab,Agent,MoveState,Moving,Goal,20.00,0.00,10.00,14.99,0.00,8.79,16.70,0.00,9.30,DStar,
1522,10.11,AgentPrefab,Agent,MoveState,Moving,Goal,20.00,0.00,10.00,15.00,0.00,8.79,16.70,0.00,9.30,DStar,
1523,10.12,AgentPrefab,Agent,MoveState,Moving,Goal,20.00,0.00,10.00,15.01,0.00,8.79,16.70,0.00,9.30,DStar,
1524,10.13,AgentPrefab,Agent,MoveState,Moving,Goal,20.00,0.00,10.00,15.02,0.00,8.80,16.70,0.00,9.30,DStar,
1525,10.13,AgentPrefab,Agent,MoveState,Moving,Goal,20.00,0.00,10.00,15.04,0.00,8.80,16.70,0.00,9.30,DStar,
1526,10.14,AgentPrefab,Agent,MoveState,Moving,Goal,20.00,0.00,10.00,15.05,0.00,8.81,16.70,0.00,9.30,DStar,
1527,10.15,AgentPrefab,Agent,MoveState,Moving,Goal,20.00,0.00,10.00,15.06,0.00,8.81,16.70,0.00,9.30,DStar,
1528,10.15,AgentPrefab,Agent,MoveState,Moving,Goal,20.00,0.00,10.00,15.07,0.00,8.81,16.70,0.00,9.30,DStar,
1529,10.16,AgentPrefab,Agent,MoveState,Moving,Goal,20.00,0.00,10.00,15.09,0.00,8.82,16.70,0.00,9.30,DStar,
1530,10.17,AgentPrefab,Agent,MoveState,Moving,Goal,20.00,0.00,10.00,15.10,0.00,8.82,16.70,0.00,9.30,DStar,
1531,10.17,AgentPrefab,Agent,MoveState,Moving,Goal,20.00,0.00,10.00,15.11,0.00,8.82,16.70,0.00,9.30,DStar,
1532,10.18,AgentPrefab,Agent,MoveState,Moving,Goal,20.00,0.00,10.00,15.13,0.00,8.83,16.70,0.00,9.30,DStar,
1533,10.19,AgentPrefab,Agent,MoveState,Moving,Goal,20.00,0.00,10.00,15.14,0.00,8.83,16.70,0.00,9.30,DStar,
1534,10.19,AgentPrefab,Agent,MoveState,Moving,Goal,20.00,0.00,10.00,15.15,0.00,8.84,16.70,0.00,9.30,DStar,
1535,10.20,AgentPrefab,Agent,MoveState,Moving,Goal,20.00,0.00,10.00,15.16,0.00,8.84,16.70,0.00,9.30,DStar,
1536,10.21,AgentPrefab,Agent,MoveState,Moving,Goal,20.00,0.00,10.00,15.18,0.00,8.84,16.70,0.00,9.30,DStar,
1537,10.21,AgentPrefab,Agent,MoveState,Moving,Goal,20.00,0.00,10.00,15.19,0.00,8.85,16.70,0.00,9.30,DStar,
1538,10.22,AgentPrefab,Agent,MoveState,Moving,Goal,20.00,0.00,10.00,15.20,0.00,8.85,16.70,0.00,9.30,DStar,
1539,10.23,AgentPrefab,Agent,MoveState,Moving,Goal,20.00,0.00,10.00,15.21,0.00,8.86,16.70,0.00,9.30,DStar,
1540,10.23,AgentPrefab,Agent,MoveState,Moving,Goal,20.00,0.00,10.00,15.23,0.00,8.86,16.70,0.00,9.30,DStar,
1541,10.24,AgentPrefab,Agent,MoveState,Moving,Goal,20.00,0.00,10.00,15.24,0.00,8.86,16.70,0.00,9.30,DStar,
1542,10.24,AgentPrefab,Agent,MoveState,Moving,Goal,20.00,0.00,10.00,15.25,0.00,8.87,16.70,0.00,9.30,DStar,
1543,10.25,AgentPrefab,Agent,MoveState,Moving,Goal,20.00,0.00,10.00,15.26,0.00,8.87,16.70,0.00,9.30,DStar,
1544,10.26,AgentPrefab,Agent,MoveState,Moving,Goal,20.00,0.00,10.00,15.28,0.00,8.87,16.70,0.00,9.30,DStar,
1545,10.27,AgentPrefab,Agent,MoveState,Moving,Goal,20.00,0.00,10.00,15.29,0.00,8.88,16.70,0.00,9.30,DStar,
1546,10.27,AgentPrefab,Agent,MoveState,Moving,Goal,20.00,0.00,10.00,15.30,0.00,8.88,16.70,0.00,9.30,DStar,
1547,10.28,AgentPrefab,Agent,MoveState,Moving,Goal,20.00,0.00,10.00,15.31,0.00,8.89,16.70,0.00,9.30,DStar,
1548,10.28,AgentPrefab,Agent,MoveState,Moving,Goal,20.00,0.00,10.00,15.33,0.00,8.89,16.70,0.00,9.30,DStar,
1549,10.29,AgentPrefab,Agent,MoveState,Moving,Goal,20.00,0.00,10.00,15.34,0.00,8.89,16.70,0.00,9.30,DStar,
1550,10.30,AgentPrefab,Agent,MoveState,Moving,Goal,20.00,0.00,10.00,15.35,0.00,8.90,16.70,0.00,9.30,DStar,
1551,10.32,AgentPrefab,Agent,MoveState,Moving,Goal,20.00,0.00,10.00,15.38,0.00,8.90,16.70,0.00,9.30,DStar,
1552,10.33,AgentPrefab,Agent,MoveState,Moving,Goal,20.00,0.00,10.00,15.40,0.00,8.91,16.70,0.00,9.30,DStar,
1553,10.33,AgentPrefab,Agent,MoveState,Moving,Goal,20.00,0.00,10.00,15.42,0.00,8.92,16.70,0.00,9.30,DStar,
1554,10.34,AgentPrefab,Agent,MoveState,Moving,Goal,20.00,0.00,10.00,15.43,0.00,8.92,16.70,0.00,9.30,DStar,
1555,10.34,AgentPrefab,Agent,MoveState,Moving,Goal,20.00,0.00,10.00,15.44,0.00,8.92,16.70,0.00,9.30,DStar,
1556,10.35,AgentPrefab,Agent,MoveState,Moving,Goal,20.00,0.00,10.00,15.45,0.00,8.93,16.70,0.00,9.30,DStar,
1557,10.36,AgentPrefab,Agent,MoveState,Moving,Goal,20.00,0.00,10.00,15.47,0.00,8.93,16.70,0.00,9.30,DStar,
1558,10.36,AgentPrefab,Agent,MoveState,Moving,Goal,20.00,0.00,10.00,15.48,0.00,8.93,16.70,0.00,9.30,DStar,
1559,10.37,AgentPrefab,Agent,MoveState,Moving,Goal,20.00,0.00,10.00,15.49,0.00,8.94,16.70,0.00,9.30,DStar,
1560,10.38,AgentPrefab,Agent,MoveState,Moving,Goal,20.00,0.00,10.00,15.50,0.00,8.94,16.70,0.00,9.30,DStar,
1561,10.38,AgentPrefab,Agent,MoveState,Moving,Goal,20.00,0.00,10.00,15.52,0.00,8.95,16.70,0.00,9.30,DStar,
1562,10.39,AgentPrefab,Agent,MoveState,Moving,Goal,20.00,0.00,10.00,15.53,0.00,8.95,16.70,0.00,9.30,DStar,
1563,10.40,AgentPrefab,Agent,MoveState,Moving,Goal,20.00,0.00,10.00,15.54,0.00,8.95,16.70,0.00,9.30,DStar,
1564,10.40,AgentPrefab,Agent,MoveState,Moving,Goal,20.00,0.00,10.00,15.55,0.00,8.96,16.70,0.00,9.30,DStar,
1565,10.41,AgentPrefab,Agent,MoveState,Moving,Goal,20.00,0.00,10.00,15.57,0.00,8.96,16.70,0.00,9.30,DStar,
1566,10.42,AgentPrefab,Agent,MoveState,Moving,Goal,20.00,0.00,10.00,15.58,0.00,8.96,16.70,0.00,9.30,DStar,
1567,10.42,AgentPrefab,Agent,MoveState,Moving,Goal,20.00,0.00,10.00,15.59,0.00,8.97,16.70,0.00,9.30,DStar,
1568,10.43,AgentPrefab,Agent,MoveState,Moving,Goal,20.00,0.00,10.00,15.60,0.00,8.97,16.70,0.00,9.30,DStar,
1569,10.44,AgentPrefab,Agent,MoveState,Moving,Goal,20.00,0.00,10.00,15.61,0.00,8.98,16.70,0.00,9.30,DStar,
1570,10.44,AgentPrefab,Agent,MoveState,Moving,Goal,20.00,0.00,10.00,15.63,0.00,8.98,16.70,0.00,9.30,DStar,
1571,10.45,AgentPrefab,Agent,MoveState,Moving,Goal,20.00,0.00,10.00,15.64,0.00,8.98,16.70,0.00,9.30,DStar,
1572,10.46,AgentPrefab,Agent,MoveState,Moving,Goal,20.00,0.00,10.00,15.65,0.00,8.99,16.70,0.00,9.30,DStar,
1573,10.46,AgentPrefab,Agent,MoveState,Moving,Goal,20.00,0.00,10.00,15.67,0.00,8.99,16.70,0.00,9.30,DStar,
1574,10.47,AgentPrefab,Agent,MoveState,Moving,Goal,20.00,0.00,10.00,15.68,0.00,8.99,16.70,0.00,9.30,DStar,
1575,10.47,AgentPrefab,Agent,MoveState,Moving,Goal,20.00,0.00,10.00,15.69,0.00,9.00,16.70,0.00,9.30,DStar,
1576,10.48,AgentPrefab,Agent,MoveState,Moving,Goal,20.00,0.00,10.00,15.70,0.00,9.00,16.70,0.00,9.30,DStar,
1577,10.49,AgentPrefab,Agent,MoveState,Moving,Goal,20.00,0.00,10.00,15.72,0.00,9.01,16.70,0.00,9.30,DStar,
1578,10.49,AgentPrefab,Agent,MoveState,Moving,Goal,20.00,0.00,10.00,15.73,0.00,9.01,16.70,0.00,9.30,DStar,
1579,10.50,AgentPrefab,Agent,MoveState,Moving,Goal,20.00,0.00,10.00,15.74,0.00,9.01,16.70,0.00,9.30,DStar,
1580,10.51,AgentPrefab,Agent,MoveState,Moving,Goal,20.00,0.00,10.00,15.75,0.00,9.02,16.70,0.00,9.30,DStar,
1581,10.51,AgentPrefab,Agent,MoveState,Moving,Goal,20.00,0.00,10.00,15.76,0.00,9.02,16.70,0.00,9.30,DStar,
1582,10.52,AgentPrefab,Agent,MoveState,Moving,Goal,20.00,0.00,10.00,15.78,0.00,9.02,16.70,0.00,9.30,DStar,
1583,10.53,AgentPrefab,Agent,MoveState,Moving,Goal,20.00,0.00,10.00,15.79,0.00,9.03,16.70,0.00,9.30,DStar,
1584,10.53,AgentPrefab,Agent,MoveState,Moving,Goal,20.00,0.00,10.00,15.80,0.00,9.03,16.70,0.00,9.30,DStar,
1585,10.54,AgentPrefab,Agent,MoveState,Moving,Goal,20.00,0.00,10.00,15.81,0.00,9.03,16.70,0.00,9.30,DStar,
1586,10.55,AgentPrefab,Agent,MoveState,Moving,Goal,20.00,0.00,10.00,15.83,0.00,9.04,16.70,0.00,9.30,DStar,
1587,10.55,AgentPrefab,Agent,MoveState,Moving,Goal,20.00,0.00,10.00,15.84,0.00,9.04,16.70,0.00,9.30,DStar,
1588,10.56,AgentPrefab,Agent,MoveState,Moving,Goal,20.00,0.00,10.00,15.85,0.00,9.05,16.70,0.00,9.30,DStar,
1589,10.57,AgentPrefab,Agent,MoveState,Moving,Goal,20.00,0.00,10.00,15.86,0.00,9.05,16.70,0.00,9.30,DStar,
1590,10.57,AgentPrefab,Agent,MoveState,Moving,Goal,20.00,0.00,10.00,15.88,0.00,9.05,16.70,0.00,9.30,DStar,
1591,10.58,AgentPrefab,Agent,MoveState,Moving,Goal,20.00,0.00,10.00,15.89,0.00,9.06,16.70,0.00,9.30,DStar,
1592,10.59,AgentPrefab,Agent,MoveState,Moving,Goal,20.00,0.00,10.00,15.90,0.00,9.06,16.70,0.00,9.30,DStar,
1593,10.59,AgentPrefab,Agent,MoveState,Moving,Goal,20.00,0.00,10.00,15.92,0.00,9.07,16.70,0.00,9.30,DStar,
1594,10.60,AgentPrefab,Agent,MoveState,Moving,Goal,20.00,0.00,10.00,15.93,0.00,9.07,16.70,0.00,9.30,DStar,
1595,10.61,AgentPrefab,Agent,MoveState,Moving,Goal,20.00,0.00,10.00,15.94,0.00,9.07,16.70,0.00,9.30,DStar,
1596,10.61,AgentPrefab,Agent,MoveState,Moving,Goal,20.00,0.00,10.00,15.95,0.00,9.08,16.70,0.00,9.30,DStar,
1597,10.62,AgentPrefab,Agent,MoveState,Moving,Goal,20.00,0.00,10.00,15.97,0.00,9.08,16.70,0.00,9.30,DStar,
1598,10.63,AgentPrefab,Agent,MoveState,Moving,Goal,20.00,0.00,10.00,15.98,0.00,9.08,16.70,0.00,9.30,DStar,
1599,10.63,AgentPrefab,Agent,MoveState,Moving,Goal,20.00,0.00,10.00,15.99,0.00,9.09,16.70,0.00,9.30,DStar,
1600,10.64,AgentPrefab,Agent,MoveState,Moving,Goal,20.00,0.00,10.00,16.00,0.00,9.09,16.70,0.00,9.30,DStar,
1601,10.65,AgentPrefab,Agent,MoveState,Moving,Goal,20.00,0.00,10.00,16.02,0.00,9.10,16.70,0.00,9.30,DStar,
1602,10.65,AgentPrefab,Agent,MoveState,Moving,Goal,20.00,0.00,10.00,16.03,0.00,9.10,16.70,0.00,9.30,DStar,
1603,10.66,AgentPrefab,Agent,MoveState,Moving,Goal,20.00,0.00,10.00,16.04,0.00,9.10,16.70,0.00,9.30,DStar,
1604,10.66,AgentPrefab,Agent,MoveState,Moving,Goal,20.00,0.00,10.00,16.05,0.00,9.11,16.70,0.00,9.30,DStar,
1605,10.67,AgentPrefab,Agent,MoveState,Moving,Goal,20.00,0.00,10.00,16.07,0.00,9.11,16.70,0.00,9.30,DStar,
1606,10.68,AgentPrefab,Agent,MoveState,Moving,Goal,20.00,0.00,10.00,16.08,0.00,9.11,16.70,0.00,9.30,DStar,
1607,10.68,AgentPrefab,Agent,MoveState,Moving,Goal,20.00,0.00,10.00,16.09,0.00,9.12,16.70,0.00,9.30,DStar,
1608,10.69,AgentPrefab,Agent,MoveState,Moving,Goal,20.00,0.00,10.00,16.10,0.00,9.12,16.70,0.00,9.30,DStar,
1609,10.70,AgentPrefab,Agent,MoveState,Moving,Goal,20.00,0.00,10.00,16.12,0.00,9.13,16.70,0.00,9.30,DStar,
1610,10.70,AgentPrefab,Agent,MoveState,Moving,Goal,20.00,0.00,10.00,16.13,0.00,9.13,16.70,0.00,9.30,DStar,
1611,10.71,AgentPrefab,Agent,MoveState,Moving,Goal,20.00,0.00,10.00,16.14,0.00,9.13,16.70,0.00,9.30,DStar,
1612,10.72,AgentPrefab,Agent,MoveState,Moving,Goal,20.00,0.00,10.00,16.15,0.00,9.14,16.70,0.00,9.30,DStar,
1613,10.72,AgentPrefab,Agent,MoveState,Moving,Goal,20.00,0.00,10.00,16.17,0.00,9.14,16.70,0.00,9.30,DStar,
1614,10.73,AgentPrefab,Agent,MoveState,Moving,Goal,20.00,0.00,10.00,16.18,0.00,9.14,16.70,0.00,9.30,DStar,
1615,10.74,AgentPrefab,Agent,MoveState,Moving,Goal,20.00,0.00,10.00,16.19,0.00,9.15,16.70,0.00,9.30,DStar,
1616,10.74,AgentPrefab,Agent,MoveState,Moving,Goal,20.00,0.00,10.00,16.20,0.00,9.15,16.70,0.00,9.30,DStar,
1617,10.75,AgentPrefab,Agent,MoveState,Moving,Goal,20.00,0.00,10.00,16.22,0.00,9.16,16.70,0.00,9.30,DStar,
1618,10.75,AgentPrefab,Agent,MoveState,Moving,Goal,20.00,0.00,10.00,16.23,0.00,9.16,16.70,0.00,9.30,DStar,
1619,10.76,AgentPrefab,Agent,MoveState,Moving,Goal,20.00,0.00,10.00,16.24,0.00,9.16,16.70,0.00,9.30,DStar,
1620,10.77,AgentPrefab,Agent,MoveState,Moving,Goal,20.00,0.00,10.00,16.25,0.00,9.17,16.70,0.00,9.30,DStar,
1621,10.77,AgentPrefab,Agent,MoveState,Moving,Goal,20.00,0.00,10.00,16.27,0.00,9.17,16.70,0.00,9.30,DStar,
1622,10.78,AgentPrefab,Agent,MoveState,Moving,Goal,20.00,0.00,10.00,16.28,0.00,9.17,16.70,0.00,9.30,DStar,
1623,10.79,AgentPrefab,Agent,MoveState,Moving,Goal,20.00,0.00,10.00,16.29,0.00,9.18,16.70,0.00,9.30,DStar,
1624,10.79,AgentPrefab,Agent,MoveState,Moving,Goal,20.00,0.00,10.00,16.30,0.00,9.18,16.70,0.00,9.30,DStar,
1625,10.80,AgentPrefab,Agent,MoveState,Moving,Goal,20.00,0.00,10.00,16.31,0.00,9.18,16.70,0.00,9.30,DStar,
1626,10.81,AgentPrefab,Agent,MoveState,Moving,Goal,20.00,0.00,10.00,16.33,0.00,9.19,16.70,0.00,9.30,DStar,
1627,10.81,AgentPrefab,Agent,MoveState,Moving,Goal,20.00,0.00,10.00,16.34,0.00,9.19,16.70,0.00,9.30,DStar,
1628,10.82,AgentPrefab,Agent,MoveState,Moving,Goal,20.00,0.00,10.00,16.35,0.00,9.20,16.70,0.00,9.30,DStar,
1629,10.83,AgentPrefab,Agent,MoveState,Moving,Goal,20.00,0.00,10.00,16.37,0.00,9.20,16.70,0.00,9.30,DStar,
1630,10.84,AgentPrefab,Agent,MoveState,Moving,Goal,20.00,0.00,10.00,16.38,0.00,9.21,16.70,0.00,9.30,DStar,
1631,10.84,AgentPrefab,Agent,MoveState,Moving,Goal,20.00,0.00,10.00,16.40,0.00,9.21,16.70,0.00,9.30,DStar,
1632,10.85,AgentPrefab,Agent,MoveState,Moving,Goal,20.00,0.00,10.00,16.41,0.00,9.21,16.70,0.00,9.30,DStar,
1633,10.86,AgentPrefab,Agent,MoveState,Moving,Goal,20.00,0.00,10.00,16.42,0.00,9.22,16.70,0.00,9.30,DStar,
1634,10.86,AgentPrefab,Agent,MoveState,Moving,Goal,20.00,0.00,10.00,16.43,0.00,9.22,16.70,0.00,9.30,DStar,
1635,10.87,AgentPrefab,Agent,MoveState,Moving,Goal,20.00,0.00,10.00,16.45,0.00,9.22,16.70,0.00,9.30,DStar,
1636,10.88,AgentPrefab,Agent,MoveState,Moving,Goal,20.00,0.00,10.00,16.46,0.00,9.23,16.70,0.00,9.30,DStar,
1637,10.88,AgentPrefab,Agent,MoveState,Moving,Goal,20.00,0.00,10.00,16.47,0.00,9.23,16.70,0.00,9.30,DStar,
1638,10.89,AgentPrefab,Agent,MoveState,Moving,Goal,20.00,0.00,10.00,16.49,0.00,9.24,16.70,0.00,9.30,DStar,
1639,10.90,AgentPrefab,Agent,MoveState,Moving,Goal,20.00,0.00,10.00,16.50,0.00,9.24,16.70,0.00,9.30,DStar,
1640,10.90,AgentPrefab,Agent,MoveState,Moving,Goal,20.00,0.00,10.00,16.51,0.00,9.24,16.70,0.00,9.30,DStar,
1641,10.91,AgentPrefab,Agent,MoveState,Moving,Goal,20.00,0.00,10.00,16.52,0.00,9.25,16.70,0.00,9.30,DStar,
1642,10.92,AgentPrefab,Agent,MoveState,Moving,Goal,20.00,0.00,10.00,16.54,0.00,9.25,16.70,0.00,9.30,DStar,
1643,10.92,AgentPrefab,Agent,MoveState,Moving,Goal,20.00,0.00,10.00,16.55,0.00,9.26,16.70,0.00,9.30,DStar,
1644,10.93,AgentPrefab,Agent,MoveState,Moving,Goal,20.00,0.00,10.00,16.56,0.00,9.26,16.70,0.00,9.30,DStar,
1645,10.94,AgentPrefab,Agent,MoveState,Moving,Goal,20.00,0.00,10.00,16.58,0.00,9.26,16.70,0.00,9.30,DStar,
1646,10.95,AgentPrefab,Agent,MoveState,Moving,Goal,20.00,0.00,10.00,16.59,0.00,9.27,16.70,0.00,9.30,DStar,
1647,10.96,AgentPrefab,Agent,MoveState,Moving,Goal,20.00,0.00,10.00,16.61,0.00,9.27,16.70,0.00,9.30,DStar,
1648,10.96,AgentPrefab,Agent,MoveState,Moving,Goal,20.00,0.00,10.00,16.62,0.00,9.28,16.70,0.00,9.30,DStar,
1649,10.97,AgentPrefab,Agent,MoveState,Moving,Goal,20.00,0.00,10.00,16.64,0.00,9.28,16.70,0.00,9.30,DStar,
1650,10.98,AgentPrefab,Agent,MoveState,Moving,Goal,20.00,0.00,10.00,16.70,0.00,9.30,20.00,0.00,10.00,DStar,
1651,10.99,AgentPrefab,Agent,MoveState,Moving,Goal,20.00,0.00,10.00,16.72,0.00,9.30,20.00,0.00,10.00,DStar,
1652,10.99,AgentPrefab,Agent,MoveState,Moving,Goal,20.00,0.00,10.00,16.73,0.00,9.31,20.00,0.00,10.00,DStar,
1653,11.00,AgentPrefab,Agent,MoveState,Moving,Goal,20.00,0.00,10.00,16.74,0.00,9.31,20.00,0.00,10.00,DStar,
1654,11.01,AgentPrefab,Agent,MoveState,Moving,Goal,20.00,0.00,10.00,16.76,0.00,9.31,20.00,0.00,10.00,DStar,
1655,11.02,AgentPrefab,Agent,MoveState,Moving,Goal,20.00,0.00,10.00,16.77,0.00,9.32,20.00,0.00,10.00,DStar,
1656,11.02,AgentPrefab,Agent,MoveState,Moving,Goal,20.00,0.00,10.00,16.79,0.00,9.32,20.00,0.00,10.00,DStar,
1657,11.03,AgentPrefab,Agent,MoveState,Moving,Goal,20.00,0.00,10.00,16.80,0.00,9.32,20.00,0.00,10.00,DStar,
1658,11.04,AgentPrefab,Agent,MoveState,Moving,Goal,20.00,0.00,10.00,16.82,0.00,9.33,20.00,0.00,10.00,DStar,
1659,11.05,AgentPrefab,Agent,MoveState,Moving,Goal,20.00,0.00,10.00,16.83,0.00,9.33,20.00,0.00,10.00,DStar,
1660,11.06,AgentPrefab,Agent,MoveState,Moving,Goal,20.00,0.00,10.00,16.85,0.00,9.33,20.00,0.00,10.00,DStar,
1661,11.06,AgentPrefab,Agent,MoveState,Moving,Goal,20.00,0.00,10.00,16.86,0.00,9.33,20.00,0.00,10.00,DStar,
1662,11.07,AgentPrefab,Agent,MoveState,Moving,Goal,20.00,0.00,10.00,16.88,0.00,9.34,20.00,0.00,10.00,DStar,
1663,11.08,AgentPrefab,Agent,MoveState,Moving,Goal,20.00,0.00,10.00,16.89,0.00,9.34,20.00,0.00,10.00,DStar,
1664,11.09,AgentPrefab,Agent,MoveState,Moving,Goal,20.00,0.00,10.00,16.91,0.00,9.34,20.00,0.00,10.00,DStar,
1665,11.09,AgentPrefab,Agent,MoveState,Moving,Goal,20.00,0.00,10.00,16.93,0.00,9.35,20.00,0.00,10.00,DStar,
1666,11.10,AgentPrefab,Agent,MoveState,Moving,Goal,20.00,0.00,10.00,16.94,0.00,9.35,20.00,0.00,10.00,DStar,
1667,11.11,AgentPrefab,Agent,MoveState,Moving,Goal,20.00,0.00,10.00,16.96,0.00,9.35,20.00,0.00,10.00,DStar,
1668,11.12,AgentPrefab,Agent,MoveState,Moving,Goal,20.00,0.00,10.00,16.97,0.00,9.36,20.00,0.00,10.00,DStar,
1669,11.12,AgentPrefab,Agent,MoveState,Moving,Goal,20.00,0.00,10.00,16.98,0.00,9.36,20.00,0.00,10.00,DStar,
1670,11.13,AgentPrefab,Agent,MoveState,Moving,Goal,20.00,0.00,10.00,16.99,0.00,9.36,20.00,0.00,10.00,DStar,
1671,11.14,AgentPrefab,Agent,MoveState,Moving,Goal,20.00,0.00,10.00,17.01,0.00,9.37,20.00,0.00,10.00,DStar,
1672,11.14,AgentPrefab,Agent,MoveState,Moving,Goal,20.00,0.00,10.00,17.02,0.00,9.37,20.00,0.00,10.00,DStar,
1673,11.15,AgentPrefab,Agent,MoveState,Moving,Goal,20.00,0.00,10.00,17.03,0.00,9.37,20.00,0.00,10.00,DStar,
1674,11.16,AgentPrefab,Agent,MoveState,Moving,Goal,20.00,0.00,10.00,17.05,0.00,9.37,20.00,0.00,10.00,DStar,
1675,11.16,AgentPrefab,Agent,MoveState,Moving,Goal,20.00,0.00,10.00,17.06,0.00,9.38,20.00,0.00,10.00,DStar,
1676,11.17,AgentPrefab,Agent,MoveState,Moving,Goal,20.00,0.00,10.00,17.07,0.00,9.38,20.00,0.00,10.00,DStar,
1677,11.18,AgentPrefab,Agent,MoveState,Moving,Goal,20.00,0.00,10.00,17.09,0.00,9.38,20.00,0.00,10.00,DStar,
1678,11.18,AgentPrefab,Agent,MoveState,Moving,Goal,20.00,0.00,10.00,17.10,0.00,9.38,20.00,0.00,10.00,DStar,
1679,11.19,AgentPrefab,Agent,MoveState,Moving,Goal,20.00,0.00,10.00,17.11,0.00,9.39,20.00,0.00,10.00,DStar,
1680,11.19,AgentPrefab,Agent,MoveState,Moving,Goal,20.00,0.00,10.00,17.12,0.00,9.39,20.00,0.00,10.00,DStar,
1681,11.20,AgentPrefab,Agent,MoveState,Moving,Goal,20.00,0.00,10.00,17.14,0.00,9.39,20.00,0.00,10.00,DStar,
1682,11.21,AgentPrefab,Agent,MoveState,Moving,Goal,20.00,0.00,10.00,17.15,0.00,9.40,20.00,0.00,10.00,DStar,
1683,11.21,AgentPrefab,Agent,MoveState,Moving,Goal,20.00,0.00,10.00,17.16,0.00,9.40,20.00,0.00,10.00,DStar,
1684,11.22,AgentPrefab,Agent,MoveState,Moving,Goal,20.00,0.00,10.00,17.18,0.00,9.40,20.00,0.00,10.00,DStar,
1685,11.23,AgentPrefab,Agent,MoveState,Moving,Goal,20.00,0.00,10.00,17.19,0.00,9.40,20.00,0.00,10.00,DStar,
1686,11.23,AgentPrefab,Agent,MoveState,Moving,Goal,20.00,0.00,10.00,17.20,0.00,9.41,20.00,0.00,10.00,DStar,
1687,11.24,AgentPrefab,Agent,MoveState,Moving,Goal,20.00,0.00,10.00,17.21,0.00,9.41,20.00,0.00,10.00,DStar,
1688,11.25,AgentPrefab,Agent,MoveState,Moving,Goal,20.00,0.00,10.00,17.23,0.00,9.41,20.00,0.00,10.00,DStar,
1689,11.25,AgentPrefab,Agent,MoveState,Moving,Goal,20.00,0.00,10.00,17.24,0.00,9.41,20.00,0.00,10.00,DStar,
1690,11.26,AgentPrefab,Agent,MoveState,Moving,Goal,20.00,0.00,10.00,17.25,0.00,9.42,20.00,0.00,10.00,DStar,
1691,11.27,AgentPrefab,Agent,MoveState,Moving,Goal,20.00,0.00,10.00,17.27,0.00,9.42,20.00,0.00,10.00,DStar,
1692,11.27,AgentPrefab,Agent,MoveState,Moving,Goal,20.00,0.00,10.00,17.28,0.00,9.42,20.00,0.00,10.00,DStar,
1693,11.28,AgentPrefab,Agent,MoveState,Moving,Goal,20.00,0.00,10.00,17.29,0.00,9.43,20.00,0.00,10.00,DStar,
1694,11.29,AgentPrefab,Agent,MoveState,Moving,Goal,20.00,0.00,10.00,17.30,0.00,9.43,20.00,0.00,10.00,DStar,
1695,11.29,AgentPrefab,Agent,MoveState,Moving,Goal,20.00,0.00,10.00,17.32,0.00,9.43,20.00,0.00,10.00,DStar,
1696,11.30,AgentPrefab,Agent,MoveState,Moving,Goal,20.00,0.00,10.00,17.33,0.00,9.43,20.00,0.00,10.00,DStar,
1697,11.31,AgentPrefab,Agent,MoveState,Moving,Goal,20.00,0.00,10.00,17.34,0.00,9.44,20.00,0.00,10.00,DStar,
1698,11.31,AgentPrefab,Agent,MoveState,Moving,Goal,20.00,0.00,10.00,17.35,0.00,9.44,20.00,0.00,10.00,DStar,
1699,11.32,AgentPrefab,Agent,MoveState,Moving,Goal,20.00,0.00,10.00,17.37,0.00,9.44,20.00,0.00,10.00,DStar,
1700,11.32,AgentPrefab,Agent,MoveState,Moving,Goal,20.00,0.00,10.00,17.38,0.00,9.44,20.00,0.00,10.00,DStar,
1701,11.33,AgentPrefab,Agent,MoveState,Moving,Goal,20.00,0.00,10.00,17.39,0.00,9.45,20.00,0.00,10.00,DStar,
1702,11.34,AgentPrefab,Agent,MoveState,Moving,Goal,20.00,0.00,10.00,17.40,0.00,9.45,20.00,0.00,10.00,DStar,
1703,11.34,AgentPrefab,Agent,MoveState,Moving,Goal,20.00,0.00,10.00,17.42,0.00,9.45,20.00,0.00,10.00,DStar,
1704,11.35,AgentPrefab,Agent,MoveState,Moving,Goal,20.00,0.00,10.00,17.43,0.00,9.45,20.00,0.00,10.00,DStar,
1705,11.36,AgentPrefab,Agent,MoveState,Moving,Goal,20.00,0.00,10.00,17.44,0.00,9.46,20.00,0.00,10.00,DStar,
1706,11.36,AgentPrefab,Agent,MoveState,Moving,Goal,20.00,0.00,10.00,17.45,0.00,9.46,20.00,0.00,10.00,DStar,
1707,11.37,AgentPrefab,Agent,MoveState,Moving,Goal,20.00,0.00,10.00,17.47,0.00,9.46,20.00,0.00,10.00,DStar,
1708,11.38,AgentPrefab,Agent,MoveState,Moving,Goal,20.00,0.00,10.00,17.48,0.00,9.47,20.00,0.00,10.00,DStar,
1709,11.40,AgentPrefab,Agent,MoveState,Moving,Goal,20.00,0.00,10.00,17.51,0.00,9.47,20.00,0.00,10.00,DStar,
1710,11.40,AgentPrefab,Agent,MoveState,Moving,Goal,20.00,0.00,10.00,17.53,0.00,9.48,20.00,0.00,10.00,DStar,
1711,11.41,AgentPrefab,Agent,MoveState,Moving,Goal,20.00,0.00,10.00,17.55,0.00,9.48,20.00,0.00,10.00,DStar,
1712,11.42,AgentPrefab,Agent,MoveState,Moving,Goal,20.00,0.00,10.00,17.56,0.00,9.48,20.00,0.00,10.00,DStar,
1713,11.42,AgentPrefab,Agent,MoveState,Moving,Goal,20.00,0.00,10.00,17.57,0.00,9.49,20.00,0.00,10.00,DStar,
1714,11.43,AgentPrefab,Agent,MoveState,Moving,Goal,20.00,0.00,10.00,17.59,0.00,9.49,20.00,0.00,10.00,DStar,
1715,11.44,AgentPrefab,Agent,MoveState,Moving,Goal,20.00,0.00,10.00,17.60,0.00,9.49,20.00,0.00,10.00,DStar,
1716,11.44,AgentPrefab,Agent,MoveState,Moving,Goal,20.00,0.00,10.00,17.61,0.00,9.49,20.00,0.00,10.00,DStar,
1717,11.45,AgentPrefab,Agent,MoveState,Moving,Goal,20.00,0.00,10.00,17.62,0.00,9.50,20.00,0.00,10.00,DStar,
1718,11.46,AgentPrefab,Agent,MoveState,Moving,Goal,20.00,0.00,10.00,17.64,0.00,9.50,20.00,0.00,10.00,DStar,
1719,11.46,AgentPrefab,Agent,MoveState,Moving,Goal,20.00,0.00,10.00,17.65,0.00,9.50,20.00,0.00,10.00,DStar,
1720,11.47,AgentPrefab,Agent,MoveState,Moving,Goal,20.00,0.00,10.00,17.67,0.00,9.50,20.00,0.00,10.00,DStar,
1721,11.48,AgentPrefab,Agent,MoveState,Moving,Goal,20.00,0.00,10.00,17.68,0.00,9.51,20.00,0.00,10.00,DStar,
1722,11.48,AgentPrefab,Agent,MoveState,Moving,Goal,20.00,0.00,10.00,17.69,0.00,9.51,20.00,0.00,10.00,DStar,
1723,11.49,AgentPrefab,Agent,MoveState,Moving,Goal,20.00,0.00,10.00,17.70,0.00,9.51,20.00,0.00,10.00,DStar,
1724,11.50,AgentPrefab,Agent,MoveState,Moving,Goal,20.00,0.00,10.00,17.71,0.00,9.52,20.00,0.00,10.00,DStar,
1725,11.50,AgentPrefab,Agent,MoveState,Moving,Goal,20.00,0.00,10.00,17.73,0.00,9.52,20.00,0.00,10.00,DStar,
1726,11.51,AgentPrefab,Agent,MoveState,Moving,Goal,20.00,0.00,10.00,17.74,0.00,9.52,20.00,0.00,10.00,DStar,
1727,11.52,AgentPrefab,Agent,MoveState,Moving,Goal,20.00,0.00,10.00,17.75,0.00,9.52,20.00,0.00,10.00,DStar,
1728,11.52,AgentPrefab,Agent,MoveState,Moving,Goal,20.00,0.00,10.00,17.76,0.00,9.53,20.00,0.00,10.00,DStar,
1729,11.53,AgentPrefab,Agent,MoveState,Moving,Goal,20.00,0.00,10.00,17.78,0.00,9.53,20.00,0.00,10.00,DStar,
1730,11.54,AgentPrefab,Agent,MoveState,Moving,Goal,20.00,0.00,10.00,17.79,0.00,9.53,20.00,0.00,10.00,DStar,
1731,11.54,AgentPrefab,Agent,MoveState,Moving,Goal,20.00,0.00,10.00,17.80,0.00,9.53,20.00,0.00,10.00,DStar,
1732,11.55,AgentPrefab,Agent,MoveState,Moving,Goal,20.00,0.00,10.00,17.82,0.00,9.54,20.00,0.00,10.00,DStar,
1733,11.56,AgentPrefab,Agent,MoveState,Moving,Goal,20.00,0.00,10.00,17.83,0.00,9.54,20.00,0.00,10.00,DStar,
1734,11.56,AgentPrefab,Agent,MoveState,Moving,Goal,20.00,0.00,10.00,17.84,0.00,9.54,20.00,0.00,10.00,DStar,
1735,11.57,AgentPrefab,Agent,MoveState,Moving,Goal,20.00,0.00,10.00,17.85,0.00,9.54,20.00,0.00,10.00,DStar,
1736,11.57,AgentPrefab,Agent,MoveState,Moving,Goal,20.00,0.00,10.00,17.87,0.00,9.55,20.00,0.00,10.00,DStar,
1737,11.58,AgentPrefab,Agent,MoveState,Moving,Goal,20.00,0.00,10.00,17.88,0.00,9.55,20.00,0.00,10.00,DStar,
1738,11.59,AgentPrefab,Agent,MoveState,Moving,Goal,20.00,0.00,10.00,17.89,0.00,9.55,20.00,0.00,10.00,DStar,
1739,11.59,AgentPrefab,Agent,MoveState,Moving,Goal,20.00,0.00,10.00,17.91,0.00,9.56,20.00,0.00,10.00,DStar,
1740,11.60,AgentPrefab,Agent,MoveState,Moving,Goal,20.00,0.00,10.00,17.92,0.00,9.56,20.00,0.00,10.00,DStar,
1741,11.61,AgentPrefab,Agent,MoveState,Moving,Goal,20.00,0.00,10.00,17.93,0.00,9.56,20.00,0.00,10.00,DStar,
1742,11.61,AgentPrefab,Agent,MoveState,Moving,Goal,20.00,0.00,10.00,17.94,0.00,9.56,20.00,0.00,10.00,DStar,
1743,11.62,AgentPrefab,Agent,MoveState,Moving,Goal,20.00,0.00,10.00,17.96,0.00,9.57,20.00,0.00,10.00,DStar,
1744,11.63,AgentPrefab,Agent,MoveState,Moving,Goal,20.00,0.00,10.00,17.97,0.00,9.57,20.00,0.00,10.00,DStar,
1745,11.63,AgentPrefab,Agent,MoveState,Moving,Goal,20.00,0.00,10.00,17.98,0.00,9.57,20.00,0.00,10.00,DStar,
1746,11.64,AgentPrefab,Agent,MoveState,Moving,Goal,20.00,0.00,10.00,18.00,0.00,9.57,20.00,0.00,10.00,DStar,
1747,11.65,AgentPrefab,Agent,MoveState,Moving,Goal,20.00,0.00,10.00,18.01,0.00,9.58,20.00,0.00,10.00,DStar,
1748,11.65,AgentPrefab,Agent,MoveState,Moving,Goal,20.00,0.00,10.00,18.02,0.00,9.58,20.00,0.00,10.00,DStar,
1749,11.66,AgentPrefab,Agent,MoveState,Moving,Goal,20.00,0.00,10.00,18.03,0.00,9.58,20.00,0.00,10.00,DStar,
1750,11.67,AgentPrefab,Agent,MoveState,Moving,Goal,20.00,0.00,10.00,18.05,0.00,9.59,20.00,0.00,10.00,DStar,
1751,11.67,AgentPrefab,Agent,MoveState,Moving,Goal,20.00,0.00,10.00,18.06,0.00,9.59,20.00,0.00,10.00,DStar,
1752,11.68,AgentPrefab,Agent,MoveState,Moving,Goal,20.00,0.00,10.00,18.07,0.00,9.59,20.00,0.00,10.00,DStar,
1753,11.69,AgentPrefab,Agent,MoveState,Moving,Goal,20.00,0.00,10.00,18.09,0.00,9.59,20.00,0.00,10.00,DStar,
1754,11.69,AgentPrefab,Agent,MoveState,Moving,Goal,20.00,0.00,10.00,18.10,0.00,9.60,20.00,0.00,10.00,DStar,
1755,11.70,AgentPrefab,Agent,MoveState,Moving,Goal,20.00,0.00,10.00,18.11,0.00,9.60,20.00,0.00,10.00,DStar,
1756,11.71,AgentPrefab,Agent,MoveState,Moving,Goal,20.00,0.00,10.00,18.12,0.00,9.60,20.00,0.00,10.00,DStar,
1757,11.71,AgentPrefab,Agent,MoveState,Moving,Goal,20.00,0.00,10.00,18.14,0.00,9.60,20.00,0.00,10.00,DStar,
1758,11.72,AgentPrefab,Agent,MoveState,Moving,Goal,20.00,0.00,10.00,18.15,0.00,9.61,20.00,0.00,10.00,DStar,
1759,11.72,AgentPrefab,Agent,MoveState,Moving,Goal,20.00,0.00,10.00,18.16,0.00,9.61,20.00,0.00,10.00,DStar,
1760,11.73,AgentPrefab,Agent,MoveState,Moving,Goal,20.00,0.00,10.00,18.17,0.00,9.61,20.00,0.00,10.00,DStar,
1761,11.74,AgentPrefab,Agent,MoveState,Moving,Goal,20.00,0.00,10.00,18.19,0.00,9.62,20.00,0.00,10.00,DStar,
1762,11.74,AgentPrefab,Agent,MoveState,Moving,Goal,20.00,0.00,10.00,18.20,0.00,9.62,20.00,0.00,10.00,DStar,
1763,11.75,AgentPrefab,Agent,MoveState,Moving,Goal,20.00,0.00,10.00,18.21,0.00,9.62,20.00,0.00,10.00,DStar,
1764,11.76,AgentPrefab,Agent,MoveState,Moving,Goal,20.00,0.00,10.00,18.22,0.00,9.62,20.00,0.00,10.00,DStar,
1765,11.76,AgentPrefab,Agent,MoveState,Moving,Goal,20.00,0.00,10.00,18.24,0.00,9.63,20.00,0.00,10.00,DStar,
1766,11.77,AgentPrefab,Agent,MoveState,Moving,Goal,20.00,0.00,10.00,18.25,0.00,9.63,20.00,0.00,10.00,DStar,
1767,11.78,AgentPrefab,Agent,MoveState,Moving,Goal,20.00,0.00,10.00,18.26,0.00,9.63,20.00,0.00,10.00,DStar,
1768,11.78,AgentPrefab,Agent,MoveState,Moving,Goal,20.00,0.00,10.00,18.27,0.00,9.63,20.00,0.00,10.00,DStar,
1769,11.79,AgentPrefab,Agent,MoveState,Moving,Goal,20.00,0.00,10.00,18.29,0.00,9.64,20.00,0.00,10.00,DStar,
1770,11.80,AgentPrefab,Agent,MoveState,Moving,Goal,20.00,0.00,10.00,18.30,0.00,9.64,20.00,0.00,10.00,DStar,
1771,11.80,AgentPrefab,Agent,MoveState,Moving,Goal,20.00,0.00,10.00,18.31,0.00,9.64,20.00,0.00,10.00,DStar,
1772,11.81,AgentPrefab,Agent,MoveState,Moving,Goal,20.00,0.00,10.00,18.33,0.00,9.65,20.00,0.00,10.00,DStar,
1773,11.82,AgentPrefab,Agent,MoveState,Moving,Goal,20.00,0.00,10.00,18.34,0.00,9.65,20.00,0.00,10.00,DStar,
1774,11.82,AgentPrefab,Agent,MoveState,Moving,Goal,20.00,0.00,10.00,18.35,0.00,9.65,20.00,0.00,10.00,DStar,
1775,11.83,AgentPrefab,Agent,MoveState,Moving,Goal,20.00,0.00,10.00,18.36,0.00,9.65,20.00,0.00,10.00,DStar,
1776,11.83,AgentPrefab,Agent,MoveState,Moving,Goal,20.00,0.00,10.00,18.38,0.00,9.66,20.00,0.00,10.00,DStar,
1777,11.84,AgentPrefab,Agent,MoveState,Moving,Goal,20.00,0.00,10.00,18.39,0.00,9.66,20.00,0.00,10.00,DStar,
1778,11.85,AgentPrefab,Agent,MoveState,Moving,Goal,20.00,0.00,10.00,18.40,0.00,9.66,20.00,0.00,10.00,DStar,
1779,11.85,AgentPrefab,Agent,MoveState,Moving,Goal,20.00,0.00,10.00,18.42,0.00,9.66,20.00,0.00,10.00,DStar,
1780,11.86,AgentPrefab,Agent,MoveState,Moving,Goal,20.00,0.00,10.00,18.43,0.00,9.67,20.00,0.00,10.00,DStar,
1781,11.87,AgentPrefab,Agent,MoveState,Moving,Goal,20.00,0.00,10.00,18.44,0.00,9.67,20.00,0.00,10.00,DStar,
1782,11.87,AgentPrefab,Agent,MoveState,Moving,Goal,20.00,0.00,10.00,18.46,0.00,9.67,20.00,0.00,10.00,DStar,
1783,11.88,AgentPrefab,Agent,MoveState,Moving,Goal,20.00,0.00,10.00,18.47,0.00,9.67,20.00,0.00,10.00,DStar,
1784,11.89,AgentPrefab,Agent,MoveState,Moving,Goal,20.00,0.00,10.00,18.48,0.00,9.68,20.00,0.00,10.00,DStar,
1785,11.89,AgentPrefab,Agent,MoveState,Moving,Goal,20.00,0.00,10.00,18.49,0.00,9.68,20.00,0.00,10.00,DStar,
1786,11.90,AgentPrefab,Agent,MoveState,Moving,Goal,20.00,0.00,10.00,18.50,0.00,9.68,20.00,0.00,10.00,DStar,
1787,11.91,AgentPrefab,Agent,MoveState,Moving,Goal,20.00,0.00,10.00,18.52,0.00,9.69,20.00,0.00,10.00,DStar,
1788,11.91,AgentPrefab,Agent,MoveState,Moving,Goal,20.00,0.00,10.00,18.53,0.00,9.69,20.00,0.00,10.00,DStar,
1789,11.92,AgentPrefab,Agent,MoveState,Moving,Goal,20.00,0.00,10.00,18.54,0.00,9.69,20.00,0.00,10.00,DStar,
1790,11.93,AgentPrefab,Agent,MoveState,Moving,Goal,20.00,0.00,10.00,18.55,0.00,9.69,20.00,0.00,10.00,DStar,
1791,11.93,AgentPrefab,Agent,MoveState,Moving,Goal,20.00,0.00,10.00,18.57,0.00,9.70,20.00,0.00,10.00,DStar,
1792,11.94,AgentPrefab,Agent,MoveState,Moving,Goal,20.00,0.00,10.00,18.58,0.00,9.70,20.00,0.00,10.00,DStar,
1793,11.95,AgentPrefab,Agent,MoveState,Moving,Goal,20.00,0.00,10.00,18.59,0.00,9.70,20.00,0.00,10.00,DStar,
1794,11.95,AgentPrefab,Agent,MoveState,Moving,Goal,20.00,0.00,10.00,18.61,0.00,9.70,20.00,0.00,10.00,DStar,
1795,11.96,AgentPrefab,Agent,MoveState,Moving,Goal,20.00,0.00,10.00,18.62,0.00,9.71,20.00,0.00,10.00,DStar,
1796,11.97,AgentPrefab,Agent,MoveState,Moving,Goal,20.00,0.00,10.00,18.63,0.00,9.71,20.00,0.00,10.00,DStar,
1797,11.97,AgentPrefab,Agent,MoveState,Moving,Goal,20.00,0.00,10.00,18.64,0.00,9.71,20.00,0.00,10.00,DStar,
1798,11.98,AgentPrefab,Agent,MoveState,Moving,Goal,20.00,0.00,10.00,18.66,0.00,9.71,20.00,0.00,10.00,DStar,
1799,11.99,AgentPrefab,Agent,MoveState,Moving,Goal,20.00,0.00,10.00,18.67,0.00,9.72,20.00,0.00,10.00,DStar,
1800,11.99,AIManager,Performance,Pathfinding,Executed,DStar,0.00,0.00,0.00,0.00,0.00,0.00,0.00,0.00,0.00,DStar,0.188
1800,11.99,AgentPrefab,Agent,MoveState,Moving,Goal,20.00,0.00,10.00,18.68,0.00,9.72,18.68,0.00,9.72,DStar,
1801,12.00,AgentPrefab,Agent,MoveState,Moving,Goal,20.00,0.00,10.00,18.68,0.00,9.72,20.00,0.00,10.00,DStar,
1802,12.01,AIManager,Performance,Pathfinding,Executed,DStar,0.00,0.00,0.00,0.00,0.00,0.00,0.00,0.00,0.00,DStar,0.183
1802,12.01,AIManager,Performance,Pathfinding,Executed,DStar,0.00,0.00,0.00,0.00,0.00,0.00,0.00,0.00,0.00,DStar,0.166
1802,12.01,AgentPrefab,Agent,MoveState,Moving,Goal,20.00,0.00,10.00,18.71,0.00,9.73,18.71,0.00,9.73,DStar,
1803,12.03,AgentPrefab,Agent,MoveState,Moving,Goal,20.00,0.00,10.00,18.71,0.00,9.73,20.00,0.00,10.00,DStar,
1804,12.03,AgentPrefab,Agent,MoveState,Moving,Goal,20.00,0.00,10.00,18.75,0.00,9.73,20.00,0.00,10.00,DStar,
1805,12.04,AgentPrefab,Agent,MoveState,Moving,Goal,20.00,0.00,10.00,18.76,0.00,9.74,20.00,0.00,10.00,DStar,
1806,12.05,AgentPrefab,Agent,MoveState,Moving,Goal,20.00,0.00,10.00,18.77,0.00,9.74,20.00,0.00,10.00,DStar,
1807,12.05,AgentPrefab,Agent,MoveState,Moving,Goal,20.00,0.00,10.00,18.78,0.00,9.74,20.00,0.00,10.00,DStar,
1808,12.06,AgentPrefab,Agent,MoveState,Moving,Goal,20.00,0.00,10.00,18.80,0.00,9.74,20.00,0.00,10.00,DStar,
1809,12.07,AgentPrefab,Agent,MoveState,Moving,Goal,20.00,0.00,10.00,18.81,0.00,9.75,20.00,0.00,10.00,DStar,
1810,12.08,AgentPrefab,Agent,MoveState,Moving,Goal,20.00,0.00,10.00,18.82,0.00,9.75,20.00,0.00,10.00,DStar,
1811,12.08,AgentPrefab,Agent,MoveState,Moving,Goal,20.00,0.00,10.00,18.84,0.00,9.75,20.00,0.00,10.00,DStar,
1812,12.09,AgentPrefab,Agent,MoveState,Moving,Goal,20.00,0.00,10.00,18.85,0.00,9.76,20.00,0.00,10.00,DStar,
1813,12.09,AgentPrefab,Agent,MoveState,Moving,Goal,20.00,0.00,10.00,18.86,0.00,9.76,20.00,0.00,10.00,DStar,
1814,12.10,AgentPrefab,Agent,MoveState,Moving,Goal,20.00,0.00,10.00,18.87,0.00,9.76,20.00,0.00,10.00,DStar,
1815,12.11,AgentPrefab,Agent,MoveState,Moving,Goal,20.00,0.00,10.00,18.89,0.00,9.76,20.00,0.00,10.00,DStar,
1816,12.11,AgentPrefab,Agent,MoveState,Moving,Goal,20.00,0.00,10.00,18.90,0.00,9.77,20.00,0.00,10.00,DStar,
1817,12.12,AgentPrefab,Agent,MoveState,Moving,Goal,20.00,0.00,10.00,18.91,0.00,9.77,20.00,0.00,10.00,DStar,
1818,12.13,AgentPrefab,Agent,MoveState,Moving,Goal,20.00,0.00,10.00,18.92,0.00,9.77,20.00,0.00,10.00,DStar,
1819,12.13,AgentPrefab,Agent,MoveState,Moving,Goal,20.00,0.00,10.00,18.94,0.00,9.77,20.00,0.00,10.00,DStar,
1820,12.14,AgentPrefab,Agent,MoveState,Moving,Goal,20.00,0.00,10.00,18.95,0.00,9.78,20.00,0.00,10.00,DStar,
1821,12.15,AgentPrefab,Agent,MoveState,Moving,Goal,20.00,0.00,10.00,18.96,0.00,9.78,20.00,0.00,10.00,DStar,
1822,12.15,AgentPrefab,Agent,MoveState,Moving,Goal,20.00,0.00,10.00,18.98,0.00,9.78,20.00,0.00,10.00,DStar,
1823,12.16,AgentPrefab,Agent,MoveState,Moving,Goal,20.00,0.00,10.00,18.99,0.00,9.79,20.00,0.00,10.00,DStar,
1824,12.17,AgentPrefab,Agent,MoveState,Moving,Goal,20.00,0.00,10.00,19.00,0.00,9.79,20.00,0.00,10.00,DStar,
1825,12.17,AgentPrefab,Agent,MoveState,Moving,Goal,20.00,0.00,10.00,19.02,0.00,9.79,20.00,0.00,10.00,DStar,
1826,12.18,AgentPrefab,Agent,MoveState,Moving,Goal,20.00,0.00,10.00,19.03,0.00,9.79,20.00,0.00,10.00,DStar,
1827,12.19,AgentPrefab,Agent,MoveState,Moving,Goal,20.00,0.00,10.00,19.04,0.00,9.80,20.00,0.00,10.00,DStar,
1828,12.20,AgentPrefab,Agent,MoveState,Moving,Goal,20.00,0.00,10.00,19.06,0.00,9.80,20.00,0.00,10.00,DStar,
1829,12.20,AgentPrefab,Agent,MoveState,Moving,Goal,20.00,0.00,10.00,19.07,0.00,9.80,20.00,0.00,10.00,DStar,
1830,12.21,AgentPrefab,Agent,MoveState,Moving,Goal,20.00,0.00,10.00,19.09,0.00,9.81,20.00,0.00,10.00,DStar,
1831,12.22,AgentPrefab,Agent,MoveState,Moving,Goal,20.00,0.00,10.00,19.10,0.00,9.81,20.00,0.00,10.00,DStar,
1832,12.22,AgentPrefab,Agent,MoveState,Moving,Goal,20.00,0.00,10.00,19.11,0.00,9.81,20.00,0.00,10.00,DStar,
1833,12.23,AgentPrefab,Agent,MoveState,Moving,Goal,20.00,0.00,10.00,19.13,0.00,9.81,20.00,0.00,10.00,DStar,
1834,12.24,AgentPrefab,Agent,MoveState,Moving,Goal,20.00,0.00,10.00,19.14,0.00,9.82,20.00,0.00,10.00,DStar,
1835,12.24,AgentPrefab,Agent,MoveState,Moving,Goal,20.00,0.00,10.00,19.15,0.00,9.82,20.00,0.00,10.00,DStar,
1836,12.25,AgentPrefab,Agent,MoveState,Moving,Goal,20.00,0.00,10.00,19.17,0.00,9.82,20.00,0.00,10.00,DStar,
1837,12.26,AgentPrefab,Agent,MoveState,Moving,Goal,20.00,0.00,10.00,19.18,0.00,9.83,20.00,0.00,10.00,DStar,
1838,12.26,AgentPrefab,Agent,MoveState,Moving,Goal,20.00,0.00,10.00,19.19,0.00,9.83,20.00,0.00,10.00,DStar,
1839,12.27,AgentPrefab,Agent,MoveState,Moving,Goal,20.00,0.00,10.00,19.21,0.00,9.83,20.00,0.00,10.00,DStar,
1840,12.28,AgentPrefab,Agent,MoveState,Moving,Goal,20.00,0.00,10.00,19.22,0.00,9.83,20.00,0.00,10.00,DStar,
1841,12.28,AgentPrefab,Agent,MoveState,Moving,Goal,20.00,0.00,10.00,19.23,0.00,9.84,20.00,0.00,10.00,DStar,
1842,12.29,AgentPrefab,Agent,MoveState,Moving,Goal,20.00,0.00,10.00,19.24,0.00,9.84,20.00,0.00,10.00,DStar,
1843,12.30,AgentPrefab,Agent,MoveState,Moving,Goal,20.00,0.00,10.00,19.26,0.00,9.84,20.00,0.00,10.00,DStar,
1844,12.30,AgentPrefab,Agent,MoveState,Moving,Goal,20.00,0.00,10.00,19.27,0.00,9.84,20.00,0.00,10.00,DStar,
1845,12.31,AgentPrefab,Agent,MoveState,Moving,Goal,20.00,0.00,10.00,19.28,0.00,9.85,20.00,0.00,10.00,DStar,
1846,12.32,AgentPrefab,Agent,MoveState,Moving,Goal,20.00,0.00,10.00,19.29,0.00,9.85,20.00,0.00,10.00,DStar,
1847,12.32,AgentPrefab,Agent,MoveState,Moving,Goal,20.00,0.00,10.00,19.31,0.00,9.85,20.00,0.00,10.00,DStar,
1848,12.33,AgentPrefab,Agent,MoveState,Moving,Goal,20.00,0.00,10.00,19.32,0.00,9.86,20.00,0.00,10.00,DStar,
1849,12.34,AgentPrefab,Agent,MoveState,Moving,Goal,20.00,0.00,10.00,19.33,0.00,9.86,20.00,0.00,10.00,DStar,
1850,12.35,AgentPrefab,Agent,MoveState,Moving,Goal,20.00,0.00,10.00,19.35,0.00,9.86,20.00,0.00,10.00,DStar,
1851,12.36,AgentPrefab,Agent,MoveState,Moving,Goal,20.00,0.00,10.00,19.38,0.00,9.87,20.00,0.00,10.00,DStar,
1852,12.38,AgentPrefab,Agent,MoveState,Moving,Goal,20.00,0.00,10.00,19.40,0.00,9.87,20.00,0.00,10.00,DStar,
1853,12.39,AgentPrefab,Agent,MoveState,Moving,Goal,20.00,0.00,10.00,19.42,0.00,9.88,20.00,0.00,10.00,DStar,
1854,12.40,AgentPrefab,Agent,MoveState,Moving,Goal,20.00,0.00,10.00,19.45,0.00,9.88,20.00,0.00,10.00,DStar,
1855,12.41,AgentPrefab,Agent,MoveState,Moving,Goal,20.00,0.00,10.00,19.47,0.00,9.89,20.00,0.00,10.00,DStar,
1856,12.42,AgentPrefab,Agent,MoveState,Moving,Goal,20.00,0.00,10.00,19.50,0.00,9.89,20.00,0.00,10.00,DStar,
1857,12.44,AgentPrefab,Agent,MoveState,Moving,Goal,20.00,0.00,10.00,19.52,0.00,9.90,20.00,0.00,10.00,DStar,
1858,12.45,AgentPrefab,Agent,MoveState,Moving,Goal,20.00,0.00,10.00,19.54,0.00,9.90,20.00,0.00,10.00,DStar,
1859,12.46,AgentPrefab,Agent,MoveState,Moving,Goal,20.00,0.00,10.00,19.57,0.00,9.91,20.00,0.00,10.00,DStar,
1860,12.47,AgentPrefab,Agent,MoveState,Moving,Goal,20.00,0.00,10.00,19.59,0.00,9.91,20.00,0.00,10.00,DStar,
1861,12.49,AgentPrefab,Agent,MoveState,Moving,Goal,20.00,0.00,10.00,19.61,0.00,9.92,20.00,0.00,10.00,DStar,
1862,12.50,AIManager,Performance,Pathfinding,Executed,DStar,0.00,0.00,0.00,0.00,0.00,0.00,0.00,0.00,0.00,DStar,0.164
1862,12.50,AgentPrefab,Agent,MoveState,Moving,Goal,20.00,0.00,10.00,19.64,0.00,9.92,19.64,0.00,9.92,DStar,
1863,12.52,AgentPrefab,Agent,MoveState,Moving,Goal,20.00,0.00,10.00,19.64,0.00,9.92,20.00,0.00,10.00,DStar,
1864,12.53,AgentPrefab,Agent,MoveState,Moving,Goal,20.00,0.00,10.00,19.68,0.00,9.93,20.00,0.00,10.00,DStar,
1865,12.55,AgentPrefab,Agent,MoveState,Moving,Goal,20.00,0.00,10.00,19.71,0.00,9.94,20.00,0.00,10.00,DStar,
1866,12.56,AgentPrefab,Agent,MoveState,Moving,Goal,20.00,0.00,10.00,19.73,0.00,9.94,20.00,0.00,10.00,DStar,
1867,12.57,AgentPrefab,Agent,MoveState,Moving,Goal,20.00,0.00,10.00,19.76,0.00,9.95,20.00,0.00,10.00,DStar,
1868,12.58,AgentPrefab,Agent,MoveState,Moving,Goal,20.00,0.00,10.00,19.78,0.00,9.95,20.00,0.00,10.00,DStar,
1869,12.60,AgentPrefab,Agent,MoveState,Moving,Goal,20.00,0.00,10.00,19.81,0.00,9.96,20.00,0.00,10.00,DStar,
1870,12.61,AgentPrefab,Agent,MoveState,Moving,Goal,20.00,0.00,10.00,19.83,0.00,9.96,20.00,0.00,10.00,DStar,
1871,12.62,AgentPrefab,Agent,MoveState,Moving,Goal,20.00,0.00,10.00,19.86,0.00,9.97,20.00,0.00,10.00,DStar,
1872,12.63,AgentPrefab,Agent,MoveState,Moving,Goal,20.00,0.00,10.00,19.88,0.00,9.97,20.00,0.00,10.00,DStar,
1873,12.63,AgentPrefab,Agent,MoveState,Moving,Goal,20.00,0.00,10.00,19.89,0.00,9.98,20.00,0.00,10.00,DStar,
1874,12.64,AgentPrefab,Agent,MoveState,Moving,Goal,20.00,0.00,10.00,19.90,0.00,9.98,20.00,0.00,10.00,DStar,
1875,12.65,AgentPrefab,Agent,MoveState,Moving,Goal,20.00,0.00,10.00,19.92,0.00,9.98,20.00,0.00,10.00,DStar,
1876,12.65,AgentPrefab,Agent,MoveState,Moving,Goal,20.00,0.00,10.00,19.93,0.00,9.99,20.00,0.00,10.00,DStar,
1877,12.66,AgentPrefab,Agent,MoveState,Moving,Goal,20.00,0.00,10.00,19.94,0.00,9.99,20.00,0.00,10.00,DStar,
1877,12.66,AIManager,Performance,Pathfinding,Executed,DStar,0.00,0.00,0.00,0.00,0.00,0.00,0.00,0.00,0.00,DStar,0.440
1877,12.66,AgentPrefab,Agent,MoveState,Moving,Goal,20.00,0.00,20.00,20.00,0.00,10.00,20.00,0.00,10.00,DStar,
1878,12.68,AgentPrefab,Agent,MoveState,Moving,Goal,20.00,0.00,20.00,20.00,0.00,10.00,20.00,0.00,10.00,DStar,
1879,12.69,AgentPrefab,Agent,MoveState,Moving,Goal,20.00,0.00,20.00,20.00,0.00,10.00,20.00,0.00,20.00,DStar,
1880,12.69,AgentPrefab,Agent,MoveState,Moving,Goal,20.00,0.00,20.00,20.00,0.00,10.01,20.00,0.00,20.00,DStar,
1881,12.70,AgentPrefab,Agent,MoveState,Moving,Goal,20.00,0.00,20.00,20.00,0.00,10.03,20.00,0.00,20.00,DStar,
1882,12.70,AgentPrefab,Agent,MoveState,Moving,Goal,20.00,0.00,20.00,20.00,0.00,10.04,20.00,0.00,20.00,DStar,
1883,12.71,AgentPrefab,Agent,MoveState,Moving,Goal,20.00,0.00,20.00,20.00,0.00,10.05,20.00,0.00,20.00,DStar,
1884,12.72,AgentPrefab,Agent,MoveState,Moving,Goal,20.00,0.00,20.00,20.00,0.00,10.06,20.00,0.00,20.00,DStar,
1885,12.72,AgentPrefab,Agent,MoveState,Moving,Goal,20.00,0.00,20.00,20.00,0.00,10.08,20.00,0.00,20.00,DStar,
1886,12.73,AgentPrefab,Agent,MoveState,Moving,Goal,20.00,0.00,20.00,20.00,0.00,10.09,20.00,0.00,20.00,DStar,
1887,12.74,AgentPrefab,Agent,MoveState,Moving,Goal,20.00,0.00,20.00,20.00,0.00,10.10,20.00,0.00,20.00,DStar,
1888,12.74,AgentPrefab,Agent,MoveState,Moving,Goal,20.00,0.00,20.00,20.00,0.00,10.12,20.00,0.00,20.00,DStar,
1889,12.75,AgentPrefab,Agent,MoveState,Moving,Goal,20.00,0.00,20.00,20.00,0.00,10.13,20.00,0.00,20.00,DStar,
1890,12.76,AgentPrefab,Agent,MoveState,Moving,Goal,20.00,0.00,20.00,20.00,0.00,10.14,20.00,0.00,20.00,DStar,
1891,12.76,AgentPrefab,Agent,MoveState,Moving,Goal,20.00,0.00,20.00,20.00,0.00,10.16,20.00,0.00,20.00,DStar,
1892,12.77,AgentPrefab,Agent,MoveState,Moving,Goal,20.00,0.00,20.00,20.00,0.00,10.17,20.00,0.00,20.00,DStar,
1893,12.78,AgentPrefab,Agent,MoveState,Moving,Goal,20.00,0.00,20.00,20.00,0.00,10.18,20.00,0.00,20.00,DStar,
1894,12.78,AgentPrefab,Agent,MoveState,Moving,Goal,20.00,0.00,20.00,20.00,0.00,10.20,20.00,0.00,20.00,DStar,
1895,12.79,AgentPrefab,Agent,MoveState,Moving,Goal,20.00,0.00,20.00,20.00,0.00,10.21,20.00,0.00,20.00,DStar,
1896,12.80,AgentPrefab,Agent,MoveState,Moving,Goal,20.00,0.00,20.00,20.00,0.00,10.22,20.00,0.00,20.00,DStar,
1897,12.80,AgentPrefab,Agent,MoveState,Moving,Goal,20.00,0.00,20.00,20.00,0.00,10.24,20.00,0.00,20.00,DStar,
1898,12.81,AgentPrefab,Agent,MoveState,Moving,Goal,20.00,0.00,20.00,20.00,0.00,10.25,20.00,0.00,20.00,DStar,
1899,12.82,AgentPrefab,Agent,MoveState,Moving,Goal,20.00,0.00,20.00,20.00,0.00,10.26,20.00,0.00,20.00,DStar,
1900,12.82,AgentPrefab,Agent,MoveState,Moving,Goal,20.00,0.00,20.00,20.00,0.00,10.28,20.00,0.00,20.00,DStar,
1901,12.83,AgentPrefab,Agent,MoveState,Moving,Goal,20.00,0.00,20.00,20.00,0.00,10.29,20.00,0.00,20.00,DStar,
1902,12.84,AgentPrefab,Agent,MoveState,Moving,Goal,20.00,0.00,20.00,20.00,0.00,10.30,20.00,0.00,20.00,DStar,
1903,12.84,AgentPrefab,Agent,MoveState,Moving,Goal,20.00,0.00,20.00,20.00,0.00,10.32,20.00,0.00,20.00,DStar,
1904,12.85,AgentPrefab,Agent,MoveState,Moving,Goal,20.00,0.00,20.00,20.00,0.00,10.33,20.00,0.00,20.00,DStar,
1905,12.86,AgentPrefab,Agent,MoveState,Moving,Goal,20.00,0.00,20.00,20.00,0.00,10.34,20.00,0.00,20.00,DStar,
1906,12.86,AgentPrefab,Agent,MoveState,Moving,Goal,20.00,0.00,20.00,20.00,0.00,10.35,20.00,0.00,20.00,DStar,
1907,12.87,AgentPrefab,Agent,MoveState,Moving,Goal,20.00,0.00,20.00,20.00,0.00,10.37,20.00,0.00,20.00,DStar,
1908,12.88,AgentPrefab,Agent,MoveState,Moving,Goal,20.00,0.00,20.00,20.00,0.00,10.38,20.00,0.00,20.00,DStar,
1909,12.88,AgentPrefab,Agent,MoveState,Moving,Goal,20.00,0.00,20.00,20.00,0.00,10.39,20.00,0.00,20.00,DStar,
1910,12.89,AgentPrefab,Agent,MoveState,Moving,Goal,20.00,0.00,20.00,20.00,0.00,10.41,20.00,0.00,20.00,DStar,
1911,12.90,AgentPrefab,Agent,MoveState,Moving,Goal,20.00,0.00,20.00,20.00,0.00,10.42,20.00,0.00,20.00,DStar,
1912,12.90,AgentPrefab,Agent,MoveState,Moving,Goal,20.00,0.00,20.00,20.00,0.00,10.44,20.00,0.00,20.00,DStar,
1913,12.91,AgentPrefab,Agent,MoveState,Moving,Goal,20.00,0.00,20.00,20.00,0.00,10.45,20.00,0.00,20.00,DStar,
1914,12.92,AgentPrefab,Agent,MoveState,Moving,Goal,20.00,0.00,20.00,20.00,0.00,10.46,20.00,0.00,20.00,DStar,
1915,12.92,AgentPrefab,Agent,MoveState,Moving,Goal,20.00,0.00,20.00,20.00,0.00,10.47,20.00,0.00,20.00,DStar,
1916,12.93,AgentPrefab,Agent,MoveState,Moving,Goal,20.00,0.00,20.00,20.00,0.00,10.49,20.00,0.00,20.00,DStar,
1917,12.94,AgentPrefab,Agent,MoveState,Moving,Goal,20.00,0.00,20.00,20.00,0.00,10.50,20.00,0.00,20.00,DStar,
1918,12.94,AgentPrefab,Agent,MoveState,Moving,Goal,20.00,0.00,20.00,20.00,0.00,10.51,20.00,0.00,20.00,DStar,
1919,12.95,AgentPrefab,Agent,MoveState,Moving,Goal,20.00,0.00,20.00,20.00,0.00,10.53,20.00,0.00,20.00,DStar,
1920,12.96,AgentPrefab,Agent,MoveState,Moving,Goal,20.00,0.00,20.00,20.00,0.00,10.54,20.00,0.00,20.00,DStar,
1921,12.96,AgentPrefab,Agent,MoveState,Moving,Goal,20.00,0.00,20.00,20.00,0.00,10.55,20.00,0.00,20.00,DStar,
1922,12.97,AgentPrefab,Agent,MoveState,Moving,Goal,20.00,0.00,20.00,20.00,0.00,10.57,20.00,0.00,20.00,DStar,
1923,12.98,AgentPrefab,Agent,MoveState,Moving,Goal,20.00,0.00,20.00,20.00,0.00,10.58,20.00,0.00,20.00,DStar,
1924,12.98,AgentPrefab,Agent,MoveState,Moving,Goal,20.00,0.00,20.00,20.00,0.00,10.59,20.00,0.00,20.00,DStar,
1925,12.99,AgentPrefab,Agent,MoveState,Moving,Goal,20.00,0.00,20.00,20.00,0.00,10.61,20.00,0.00,20.00,DStar,
1926,13.00,AgentPrefab,Agent,MoveState,Moving,Goal,20.00,0.00,20.00,20.00,0.00,10.62,20.00,0.00,20.00,DStar,
1927,13.00,AgentPrefab,Agent,MoveState,Moving,Goal,20.00,0.00,20.00,20.00,0.00,10.63,20.00,0.00,20.00,DStar,
1928,13.01,AgentPrefab,Agent,MoveState,Moving,Goal,20.00,0.00,20.00,20.00,0.00,10.65,20.00,0.00,20.00,DStar,
1929,13.02,AgentPrefab,Agent,MoveState,Moving,Goal,20.00,0.00,20.00,20.00,0.00,10.66,20.00,0.00,20.00,DStar,
1930,13.02,AgentPrefab,Agent,MoveState,Moving,Goal,20.00,0.00,20.00,20.00,0.00,10.67,20.00,0.00,20.00,DStar,
1931,13.03,AgentPrefab,Agent,MoveState,Moving,Goal,20.00,0.00,20.00,20.00,0.00,10.69,20.00,0.00,20.00,DStar,
1932,13.04,AgentPrefab,Agent,MoveState,Moving,Goal,20.00,0.00,20.00,20.00,0.00,10.70,20.00,0.00,20.00,DStar,
1933,13.04,AgentPrefab,Agent,MoveState,Moving,Goal,20.00,0.00,20.00,20.00,0.00,10.71,20.00,0.00,20.00,DStar,
1934,13.05,AgentPrefab,Agent,MoveState,Moving,Goal,20.00,0.00,20.00,20.00,0.00,10.72,20.00,0.00,20.00,DStar,
1935,13.05,AgentPrefab,Agent,MoveState,Moving,Goal,20.00,0.00,20.00,20.00,0.00,10.74,20.00,0.00,20.00,DStar,
1936,13.06,AgentPrefab,Agent,MoveState,Moving,Goal,20.00,0.00,20.00,20.00,0.00,10.75,20.00,0.00,20.00,DStar,
1937,13.07,AgentPrefab,Agent,MoveState,Moving,Goal,20.00,0.00,20.00,20.00,0.00,10.76,20.00,0.00,20.00,DStar,
1938,13.07,AgentPrefab,Agent,MoveState,Moving,Goal,20.00,0.00,20.00,20.00,0.00,10.78,20.00,0.00,20.00,DStar,
1939,13.08,AgentPrefab,Agent,MoveState,Moving,Goal,20.00,0.00,20.00,20.00,0.00,10.79,20.00,0.00,20.00,DStar,
1940,13.09,AgentPrefab,Agent,MoveState,Moving,Goal,20.00,0.00,20.00,20.00,0.00,10.80,20.00,0.00,20.00,DStar,
1941,13.09,AgentPrefab,Agent,MoveState,Moving,Goal,20.00,0.00,20.00,20.00,0.00,10.82,20.00,0.00,20.00,DStar,
1942,13.10,AgentPrefab,Agent,MoveState,Moving,Goal,20.00,0.00,20.00,20.00,0.00,10.83,20.00,0.00,20.00,DStar,
1943,13.11,AgentPrefab,Agent,MoveState,Moving,Goal,20.00,0.00,20.00,20.00,0.00,10.84,20.00,0.00,20.00,DStar,
1944,13.11,AgentPrefab,Agent,MoveState,Moving,Goal,20.00,0.00,20.00,20.00,0.00,10.85,20.00,0.00,20.00,DStar,
1945,13.12,AgentPrefab,Agent,MoveState,Moving,Goal,20.00,0.00,20.00,20.00,0.00,10.87,20.00,0.00,20.00,DStar,
1946,13.13,AgentPrefab,Agent,MoveState,Moving,Goal,20.00,0.00,20.00,20.00,0.00,10.88,20.00,0.00,20.00,DStar,
1947,13.13,AgentPrefab,Agent,MoveState,Moving,Goal,20.00,0.00,20.00,20.00,0.00,10.89,20.00,0.00,20.00,DStar,
1948,13.14,AgentPrefab,Agent,MoveState,Moving,Goal,20.00,0.00,20.00,20.00,0.00,10.91,20.00,0.00,20.00,DStar,
1949,13.15,AgentPrefab,Agent,MoveState,Moving,Goal,20.00,0.00,20.00,20.00,0.00,10.92,20.00,0.00,20.00,DStar,
1950,13.15,AgentPrefab,Agent,MoveState,Moving,Goal,20.00,0.00,20.00,20.00,0.00,10.93,20.00,0.00,20.00,DStar,
1951,13.16,AgentPrefab,Agent,MoveState,Moving,Goal,20.00,0.00,20.00,20.00,0.00,10.95,20.00,0.00,20.00,DStar,
1952,13.17,AgentPrefab,Agent,MoveState,Moving,Goal,20.00,0.00,20.00,20.00,0.00,10.96,20.00,0.00,20.00,DStar,
1953,13.17,AgentPrefab,Agent,MoveState,Moving,Goal,20.00,0.00,20.00,20.00,0.00,10.97,20.00,0.00,20.00,DStar,
1954,13.18,AgentPrefab,Agent,MoveState,Moving,Goal,20.00,0.00,20.00,20.00,0.00,10.99,20.00,0.00,20.00,DStar,
1955,13.19,AgentPrefab,Agent,MoveState,Moving,Goal,20.00,0.00,20.00,20.00,0.00,11.00,20.00,0.00,20.00,DStar,
1956,13.19,AgentPrefab,Agent,MoveState,Moving,Goal,20.00,0.00,20.00,20.00,0.00,11.01,20.00,0.00,20.00,DStar,
1957,13.20,AgentPrefab,Agent,MoveState,Moving,Goal,20.00,0.00,20.00,20.00,0.00,11.02,20.00,0.00,20.00,DStar,
1958,13.21,AgentPrefab,Agent,MoveState,Moving,Goal,20.00,0.00,20.00,20.00,0.00,11.04,20.00,0.00,20.00,DStar,
1959,13.21,AgentPrefab,Agent,MoveState,Moving,Goal,20.00,0.00,20.00,20.00,0.00,11.05,20.00,0.00,20.00,DStar,
1960,13.22,AgentPrefab,Agent,MoveState,Moving,Goal,20.00,0.00,20.00,20.00,0.00,11.06,20.00,0.00,20.00,DStar,
1961,13.22,AgentPrefab,Agent,MoveState,Moving,Goal,20.00,0.00,20.00,20.00,0.00,11.08,20.00,0.00,20.00,DStar,
1962,13.23,AgentPrefab,Agent,MoveState,Moving,Goal,20.00,0.00,20.00,20.00,0.00,11.09,20.00,0.00,20.00,DStar,
1963,13.24,AgentPrefab,Agent,MoveState,Moving,Goal,20.00,0.00,20.00,20.00,0.00,11.10,20.00,0.00,20.00,DStar,
1964,13.24,AgentPrefab,Agent,MoveState,Moving,Goal,20.00,0.00,20.00,20.00,0.00,11.12,20.00,0.00,20.00,DStar,
1965,13.25,AgentPrefab,Agent,MoveState,Moving,Goal,20.00,0.00,20.00,20.00,0.00,11.13,20.00,0.00,20.00,DStar,
1966,13.26,AgentPrefab,Agent,MoveState,Moving,Goal,20.00,0.00,20.00,20.00,0.00,11.14,20.00,0.00,20.00,DStar,
1967,13.26,AgentPrefab,Agent,MoveState,Moving,Goal,20.00,0.00,20.00,20.00,0.00,11.16,20.00,0.00,20.00,DStar,
1968,13.27,AgentPrefab,Agent,MoveState,Moving,Goal,20.00,0.00,20.00,20.00,0.00,11.17,20.00,0.00,20.00,DStar,
1969,13.28,AgentPrefab,Agent,MoveState,Moving,Goal,20.00,0.00,20.00,20.00,0.00,11.18,20.00,0.00,20.00,DStar,
1970,13.28,AgentPrefab,Agent,MoveState,Moving,Goal,20.00,0.00,20.00,20.00,0.00,11.19,20.00,0.00,20.00,DStar,
1971,13.29,AgentPrefab,Agent,MoveState,Moving,Goal,20.00,0.00,20.00,20.00,0.00,11.21,20.00,0.00,20.00,DStar,
1972,13.30,AgentPrefab,Agent,MoveState,Moving,Goal,20.00,0.00,20.00,20.00,0.00,11.22,20.00,0.00,20.00,DStar,
1973,13.30,AgentPrefab,Agent,MoveState,Moving,Goal,20.00,0.00,20.00,20.00,0.00,11.23,20.00,0.00,20.00,DStar,
1974,13.31,AgentPrefab,Agent,MoveState,Moving,Goal,20.00,0.00,20.00,20.00,0.00,11.25,20.00,0.00,20.00,DStar,
1975,13.32,AgentPrefab,Agent,MoveState,Moving,Goal,20.00,0.00,20.00,20.00,0.00,11.26,20.00,0.00,20.00,DStar,
1976,13.32,AgentPrefab,Agent,MoveState,Moving,Goal,20.00,0.00,20.00,20.00,0.00,11.27,20.00,0.00,20.00,DStar,
1977,13.33,AgentPrefab,Agent,MoveState,Moving,Goal,20.00,0.00,20.00,20.00,0.00,11.29,20.00,0.00,20.00,DStar,
1978,13.34,AgentPrefab,Agent,MoveState,Moving,Goal,20.00,0.00,20.00,20.00,0.00,11.30,20.00,0.00,20.00,DStar,
1979,13.34,AgentPrefab,Agent,MoveState,Moving,Goal,20.00,0.00,20.00,20.00,0.00,11.31,20.00,0.00,20.00,DStar,
1980,13.35,AgentPrefab,Agent,MoveState,Moving,Goal,20.00,0.00,20.00,20.00,0.00,11.33,20.00,0.00,20.00,DStar,
1981,13.36,AgentPrefab,Agent,MoveState,Moving,Goal,20.00,0.00,20.00,20.00,0.00,11.34,20.00,0.00,20.00,DStar,
1982,13.36,AgentPrefab,Agent,MoveState,Moving,Goal,20.00,0.00,20.00,20.00,0.00,11.35,20.00,0.00,20.00,DStar,
1983,13.37,AgentPrefab,Agent,MoveState,Moving,Goal,20.00,0.00,20.00,20.00,0.00,11.36,20.00,0.00,20.00,DStar,
1984,13.37,AgentPrefab,Agent,MoveState,Moving,Goal,20.00,0.00,20.00,20.00,0.00,11.38,20.00,0.00,20.00,DStar,
1985,13.38,AgentPrefab,Agent,MoveState,Moving,Goal,20.00,0.00,20.00,20.00,0.00,11.39,20.00,0.00,20.00,DStar,
1986,13.39,AgentPrefab,Agent,MoveState,Moving,Goal,20.00,0.00,20.00,20.00,0.00,11.40,20.00,0.00,20.00,DStar,
1987,13.39,AgentPrefab,Agent,MoveState,Moving,Goal,20.00,0.00,20.00,20.00,0.00,11.42,20.00,0.00,20.00,DStar,
1988,13.40,AgentPrefab,Agent,MoveState,Moving,Goal,20.00,0.00,20.00,20.00,0.00,11.43,20.00,0.00,20.00,DStar,
1989,13.41,AgentPrefab,Agent,MoveState,Moving,Goal,20.00,0.00,20.00,20.00,0.00,11.44,20.00,0.00,20.00,DStar,
1990,13.41,AgentPrefab,Agent,MoveState,Moving,Goal,20.00,0.00,20.00,20.00,0.00,11.46,20.00,0.00,20.00,DStar,
1991,13.42,AgentPrefab,Agent,MoveState,Moving,Goal,20.00,0.00,20.00,20.00,0.00,11.47,20.00,0.00,20.00,DStar,
1992,13.43,AgentPrefab,Agent,MoveState,Moving,Goal,20.00,0.00,20.00,20.00,0.00,11.48,20.00,0.00,20.00,DStar,
1993,13.43,AgentPrefab,Agent,MoveState,Moving,Goal,20.00,0.00,20.00,20.00,0.00,11.49,20.00,0.00,20.00,DStar,
1994,13.44,AgentPrefab,Agent,MoveState,Moving,Goal,20.00,0.00,20.00,20.00,0.00,11.51,20.00,0.00,20.00,DStar,
1995,13.45,AgentPrefab,Agent,MoveState,Moving,Goal,20.00,0.00,20.00,20.00,0.00,11.52,20.00,0.00,20.00,DStar,
1996,13.45,AgentPrefab,Agent,MoveState,Moving,Goal,20.00,0.00,20.00,20.00,0.00,11.53,20.00,0.00,20.00,DStar,
1997,13.46,AgentPrefab,Agent,MoveState,Moving,Goal,20.00,0.00,20.00,20.00,0.00,11.55,20.00,0.00,20.00,DStar,
1998,13.47,AgentPrefab,Agent,MoveState,Moving,Goal,20.00,0.00,20.00,20.00,0.00,11.56,20.00,0.00,20.00,DStar,
1999,13.47,AgentPrefab,Agent,MoveState,Moving,Goal,20.00,0.00,20.00,20.00,0.00,11.57,20.00,0.00,20.00,DStar,
2000,13.49,AgentPrefab,Agent,MoveState,Moving,Goal,20.00,0.00,20.00,20.00,0.00,11.59,20.00,0.00,20.00,DStar,
2001,13.50,AgentPrefab,Agent,MoveState,Moving,Goal,20.00,0.00,20.00,20.00,0.00,11.63,20.00,0.00,20.00,DStar,
2002,13.51,AgentPrefab,Agent,MoveState,Moving,Goal,20.00,0.00,20.00,20.00,0.00,11.64,20.00,0.00,20.00,DStar,
2003,13.51,AgentPrefab,Agent,MoveState,Moving,Goal,20.00,0.00,20.00,20.00,0.00,11.66,20.00,0.00,20.00,DStar,
2004,13.52,AgentPrefab,Agent,MoveState,Moving,Goal,20.00,0.00,20.00,20.00,0.00,11.67,20.00,0.00,20.00,DStar,
2005,13.53,AgentPrefab,Agent,MoveState,Moving,Goal,20.00,0.00,20.00,20.00,0.00,11.68,20.00,0.00,20.00,DStar,
2006,13.53,AgentPrefab,Agent,MoveState,Moving,Goal,20.00,0.00,20.00,20.00,0.00,11.69,20.00,0.00,20.00,DStar,
2007,13.54,AgentPrefab,Agent,MoveState,Moving,Goal,20.00,0.00,20.00,20.00,0.00,11.71,20.00,0.00,20.00,DStar,
2008,13.55,AgentPrefab,Agent,MoveState,Moving,Goal,20.00,0.00,20.00,20.00,0.00,11.72,20.00,0.00,20.00,DStar,
2009,13.55,AgentPrefab,Agent,MoveState,Moving,Goal,20.00,0.00,20.00,20.00,0.00,11.73,20.00,0.00,20.00,DStar,
2010,13.56,AgentPrefab,Agent,MoveState,Moving,Goal,20.00,0.00,20.00,20.00,0.00,11.75,20.00,0.00,20.00,DStar,
2011,13.57,AgentPrefab,Agent,MoveState,Moving,Goal,20.00,0.00,20.00,20.00,0.00,11.76,20.00,0.00,20.00,DStar,
2012,13.57,AgentPrefab,Agent,MoveState,Moving,Goal,20.00,0.00,20.00,20.00,0.00,11.77,20.00,0.00,20.00,DStar,
2013,13.58,AgentPrefab,Agent,MoveState,Moving,Goal,20.00,0.00,20.00,20.00,0.00,11.79,20.00,0.00,20.00,DStar,
2014,13.59,AgentPrefab,Agent,MoveState,Moving,Goal,20.00,0.00,20.00,20.00,0.00,11.80,20.00,0.00,20.00,DStar,
2015,13.59,AgentPrefab,Agent,MoveState,Moving,Goal,20.00,0.00,20.00,20.00,0.00,11.81,20.00,0.00,20.00,DStar,
2016,13.60,AgentPrefab,Agent,MoveState,Moving,Goal,20.00,0.00,20.00,20.00,0.00,11.82,20.00,0.00,20.00,DStar,
2017,13.61,AgentPrefab,Agent,MoveState,Moving,Goal,20.00,0.00,20.00,20.00,0.00,11.84,20.00,0.00,20.00,DStar,
2018,13.61,AgentPrefab,Agent,MoveState,Moving,Goal,20.00,0.00,20.00,20.00,0.00,11.85,20.00,0.00,20.00,DStar,
2019,13.62,AgentPrefab,Agent,MoveState,Moving,Goal,20.00,0.00,20.00,20.00,0.00,11.86,20.00,0.00,20.00,DStar,
2020,13.62,AgentPrefab,Agent,MoveState,Moving,Goal,20.00,0.00,20.00,20.00,0.00,11.88,20.00,0.00,20.00,DStar,
2021,13.63,AgentPrefab,Agent,MoveState,Moving,Goal,20.00,0.00,20.00,20.00,0.00,11.89,20.00,0.00,20.00,DStar,
2022,13.64,AgentPrefab,Agent,MoveState,Moving,Goal,20.00,0.00,20.00,20.00,0.00,11.90,20.00,0.00,20.00,DStar,
2023,13.64,AgentPrefab,Agent,MoveState,Moving,Goal,20.00,0.00,20.00,20.00,0.00,11.92,20.00,0.00,20.00,DStar,
2024,13.65,AgentPrefab,Agent,MoveState,Moving,Goal,20.00,0.00,20.00,20.00,0.00,11.93,20.00,0.00,20.00,DStar,
2025,13.66,AgentPrefab,Agent,MoveState,Moving,Goal,20.00,0.00,20.00,20.00,0.00,11.94,20.00,0.00,20.00,DStar,
2026,13.66,AgentPrefab,Agent,MoveState,Moving,Goal,20.00,0.00,20.00,20.00,0.00,11.96,20.00,0.00,20.00,DStar,
2027,13.67,AgentPrefab,Agent,MoveState,Moving,Goal,20.00,0.00,20.00,20.00,0.00,11.97,20.00,0.00,20.00,DStar,
2028,13.68,AgentPrefab,Agent,MoveState,Moving,Goal,20.00,0.00,20.00,20.00,0.00,11.98,20.00,0.00,20.00,DStar,
2029,13.68,AgentPrefab,Agent,MoveState,Moving,Goal,20.00,0.00,20.00,20.00,0.00,12.00,20.00,0.00,20.00,DStar,
2030,13.69,AgentPrefab,Agent,MoveState,Moving,Goal,20.00,0.00,20.00,20.00,0.00,12.01,20.00,0.00,20.00,DStar,
2031,13.70,AgentPrefab,Agent,MoveState,Moving,Goal,20.00,0.00,20.00,20.00,0.00,12.02,20.00,0.00,20.00,DStar,
2032,13.70,AgentPrefab,Agent,MoveState,Moving,Goal,20.00,0.00,20.00,20.00,0.00,12.04,20.00,0.00,20.00,DStar,
2033,13.71,AgentPrefab,Agent,MoveState,Moving,Goal,20.00,0.00,20.00,20.00,0.00,12.05,20.00,0.00,20.00,DStar,
2034,13.72,AgentPrefab,Agent,MoveState,Moving,Goal,20.00,0.00,20.00,20.00,0.00,12.07,20.00,0.00,20.00,DStar,
2035,13.72,AgentPrefab,Agent,MoveState,Moving,Goal,20.00,0.00,20.00,20.00,0.00,12.08,20.00,0.00,20.00,DStar,
2036,13.73,AgentPrefab,Agent,MoveState,Moving,Goal,20.00,0.00,20.00,20.00,0.00,12.09,20.00,0.00,20.00,DStar,
2037,13.74,AgentPrefab,Agent,MoveState,Moving,Goal,20.00,0.00,20.00,20.00,0.00,12.10,20.00,0.00,20.00,DStar,
2038,13.74,AgentPrefab,Agent,MoveState,Moving,Goal,20.00,0.00,20.00,20.00,0.00,12.12,20.00,0.00,20.00,DStar,
2039,13.75,AgentPrefab,Agent,MoveState,Moving,Goal,20.00,0.00,20.00,20.00,0.00,12.13,20.00,0.00,20.00,DStar,
2040,13.76,AgentPrefab,Agent,MoveState,Moving,Goal,20.00,0.00,20.00,20.00,0.00,12.14,20.00,0.00,20.00,DStar,
2041,13.76,AgentPrefab,Agent,MoveState,Moving,Goal,20.00,0.00,20.00,20.00,0.00,12.16,20.00,0.00,20.00,DStar,
2042,13.77,AgentPrefab,Agent,MoveState,Moving,Goal,20.00,0.00,20.00,20.00,0.00,12.17,20.00,0.00,20.00,DStar,
2043,13.78,AgentPrefab,Agent,MoveState,Moving,Goal,20.00,0.00,20.00,20.00,0.00,12.18,20.00,0.00,20.00,DStar,
2044,13.79,AgentPrefab,Agent,MoveState,Moving,Goal,20.00,0.00,20.00,20.00,0.00,12.20,20.00,0.00,20.00,DStar,
2045,13.79,AgentPrefab,Agent,MoveState,Moving,Goal,20.00,0.00,20.00,20.00,0.00,12.21,20.00,0.00,20.00,DStar,
2046,13.80,AgentPrefab,Agent,MoveState,Moving,Goal,20.00,0.00,20.00,20.00,0.00,12.23,20.00,0.00,20.00,DStar,
2047,13.81,AgentPrefab,Agent,MoveState,Moving,Goal,20.00,0.00,20.00,20.00,0.00,12.24,20.00,0.00,20.00,DStar,
2048,13.81,AgentPrefab,Agent,MoveState,Moving,Goal,20.00,0.00,20.00,20.00,0.00,12.25,20.00,0.00,20.00,DStar,
2049,13.82,AgentPrefab,Agent,MoveState,Moving,Goal,20.00,0.00,20.00,20.00,0.00,12.27,20.00,0.00,20.00,DStar,
2050,13.83,AgentPrefab,Agent,MoveState,Moving,Goal,20.00,0.00,20.00,20.00,0.00,12.28,20.00,0.00,20.00,DStar,
2051,13.83,AgentPrefab,Agent,MoveState,Moving,Goal,20.00,0.00,20.00,20.00,0.00,12.29,20.00,0.00,20.00,DStar,
2052,13.84,AgentPrefab,Agent,MoveState,Moving,Goal,20.00,0.00,20.00,20.00,0.00,12.31,20.00,0.00,20.00,DStar,
2053,13.85,AgentPrefab,Agent,MoveState,Moving,Goal,20.00,0.00,20.00,20.00,0.00,12.32,20.00,0.00,20.00,DStar,
2054,13.85,AgentPrefab,Agent,MoveState,Moving,Goal,20.00,0.00,20.00,20.00,0.00,12.33,20.00,0.00,20.00,DStar,
2055,13.86,AgentPrefab,Agent,MoveState,Moving,Goal,20.00,0.00,20.00,20.00,0.00,12.35,20.00,0.00,20.00,DStar,
2056,13.87,AgentPrefab,Agent,MoveState,Moving,Goal,20.00,0.00,20.00,20.00,0.00,12.36,20.00,0.00,20.00,DStar,
2057,13.87,AgentPrefab,Agent,MoveState,Moving,Goal,20.00,0.00,20.00,20.00,0.00,12.37,20.00,0.00,20.00,DStar,
2058,13.88,AgentPrefab,Agent,MoveState,Moving,Goal,20.00,0.00,20.00,20.00,0.00,12.39,20.00,0.00,20.00,DStar,
2059,13.89,AgentPrefab,Agent,MoveState,Moving,Goal,20.00,0.00,20.00,20.00,0.00,12.40,20.00,0.00,20.00,DStar,
2060,13.89,AgentPrefab,Agent,MoveState,Moving,Goal,20.00,0.00,20.00,20.00,0.00,12.41,20.00,0.00,20.00,DStar,
2061,13.90,AgentPrefab,Agent,MoveState,Moving,Goal,20.00,0.00,20.00,20.00,0.00,12.43,20.00,0.00,20.00,DStar,
2062,13.91,AgentPrefab,Agent,MoveState,Moving,Goal,20.00,0.00,20.00,20.00,0.00,12.44,20.00,0.00,20.00,DStar,
2063,13.91,AgentPrefab,Agent,MoveState,Moving,Goal,20.00,0.00,20.00,20.00,0.00,12.46,20.00,0.00,20.00,DStar,
2064,13.92,AgentPrefab,Agent,MoveState,Moving,Goal,20.00,0.00,20.00,20.00,0.00,12.47,20.00,0.00,20.00,DStar,
2065,13.93,AgentPrefab,Agent,MoveState,Moving,Goal,20.00,0.00,20.00,20.00,0.00,12.48,20.00,0.00,20.00,DStar,
2066,13.93,AgentPrefab,Agent,MoveState,Moving,Goal,20.00,0.00,20.00,20.00,0.00,12.50,20.00,0.00,20.00,DStar,
2067,13.94,AgentPrefab,Agent,MoveState,Moving,Goal,20.00,0.00,20.00,20.00,0.00,12.51,20.00,0.00,20.00,DStar,
2068,13.95,AgentPrefab,Agent,MoveState,Moving,Goal,20.00,0.00,20.00,20.00,0.00,12.52,20.00,0.00,20.00,DStar,
2069,13.95,AgentPrefab,Agent,MoveState,Moving,Goal,20.00,0.00,20.00,20.00,0.00,12.54,20.00,0.00,20.00,DStar,
2070,13.96,AgentPrefab,Agent,MoveState,Moving,Goal,20.00,0.00,20.00,20.00,0.00,12.55,20.00,0.00,20.00,DStar,
2071,13.97,AgentPrefab,Agent,MoveState,Moving,Goal,20.00,0.00,20.00,20.00,0.00,12.56,20.00,0.00,20.00,DStar,
2072,13.97,AgentPrefab,Agent,MoveState,Moving,Goal,20.00,0.00,20.00,20.00,0.00,12.58,20.00,0.00,20.00,DStar,
2073,13.98,AgentPrefab,Agent,MoveState,Moving,Goal,20.00,0.00,20.00,20.00,0.00,12.59,20.00,0.00,20.00,DStar,
2074,13.99,AgentPrefab,Agent,MoveState,Moving,Goal,20.00,0.00,20.00,20.00,0.00,12.60,20.00,0.00,20.00,DStar,
2075,13.99,AgentPrefab,Agent,MoveState,Moving,Goal,20.00,0.00,20.00,20.00,0.00,12.62,20.00,0.00,20.00,DStar,
2076,14.01,AgentPrefab,Agent,MoveState,Moving,Goal,20.00,0.00,20.00,20.00,0.00,12.63,20.00,0.00,20.00,DStar,
2077,14.01,AIManager,Performance,Pathfinding,Executed,DStar,0.00,0.00,0.00,0.00,0.00,0.00,0.00,0.00,0.00,DStar,0.734
2077,14.01,AIManager,Performance,Pathfinding,Executed,DStar,0.00,0.00,0.00,0.00,0.00,0.00,0.00,0.00,0.00,DStar,0.797
2077,14.01,AgentPrefab,Agent,MoveState,Moving,Goal,20.00,0.00,20.00,20.00,0.00,12.65,20.00,0.00,12.65,DStar,
2078,14.03,AgentPrefab,Agent,MoveState,Moving,Goal,20.00,0.00,20.00,20.00,0.00,12.65,21.40,0.00,14.00,DStar,
2079,14.04,AgentPrefab,Agent,MoveState,Moving,Goal,20.00,0.00,20.00,20.03,0.00,12.68,21.40,0.00,14.00,DStar,
2080,14.04,AgentPrefab,Agent,MoveState,Moving,Goal,20.00,0.00,20.00,20.04,0.00,12.69,21.40,0.00,14.00,DStar,
2081,14.05,AgentPrefab,Agent,MoveState,Moving,Goal,20.00,0.00,20.00,20.05,0.00,12.70,21.40,0.00,14.00,DStar,
2082,14.06,AgentPrefab,Agent,MoveState,Moving,Goal,20.00,0.00,20.00,20.06,0.00,12.71,21.40,0.00,14.00,DStar,
2083,14.06,AgentPrefab,Agent,MoveState,Moving,Goal,20.00,0.00,20.00,20.07,0.00,12.72,21.40,0.00,14.00,DStar,
2084,14.07,AgentPrefab,Agent,MoveState,Moving,Goal,20.00,0.00,20.00,20.08,0.00,12.72,21.40,0.00,14.00,DStar,
2085,14.08,AgentPrefab,Agent,MoveState,Moving,Goal,20.00,0.00,20.00,20.08,0.00,12.73,21.40,0.00,14.00,DStar,
2086,14.09,AgentPrefab,Agent,MoveState,Moving,Goal,20.00,0.00,20.00,20.09,0.00,12.74,21.40,0.00,14.00,DStar,
2087,14.09,AgentPrefab,Agent,MoveState,Moving,Goal,20.00,0.00,20.00,20.11,0.00,12.75,21.40,0.00,14.00,DStar,
2088,14.10,AgentPrefab,Agent,MoveState,Moving,Goal,20.00,0.00,20.00,20.12,0.00,12.76,21.40,0.00,14.00,DStar,
2089,14.11,AgentPrefab,Agent,MoveState,Moving,Goal,20.00,0.00,20.00,20.13,0.00,12.77,21.40,0.00,14.00,DStar,
2090,14.11,AgentPrefab,Agent,MoveState,Moving,Goal,20.00,0.00,20.00,20.13,0.00,12.78,21.40,0.00,14.00,DStar,
2091,14.12,AgentPrefab,Agent,MoveState,Moving,Goal,20.00,0.00,20.00,20.14,0.00,12.79,21.40,0.00,14.00,DStar,
2092,14.13,AgentPrefab,Agent,MoveState,Moving,Goal,20.00,0.00,20.00,20.15,0.00,12.80,21.40,0.00,14.00,DStar,
2093,14.13,AgentPrefab,Agent,MoveState,Moving,Goal,20.00,0.00,20.00,20.16,0.00,12.81,21.40,0.00,14.00,DStar,
2094,14.14,AgentPrefab,Agent,MoveState,Moving,Goal,20.00,0.00,20.00,20.17,0.00,12.82,21.40,0.00,14.00,DStar,
2095,14.15,AgentPrefab,Agent,MoveState,Moving,Goal,20.00,0.00,20.00,20.18,0.00,12.83,21.40,0.00,14.00,DStar,
2096,14.15,AgentPrefab,Agent,MoveState,Moving,Goal,20.00,0.00,20.00,20.19,0.00,12.84,21.40,0.00,14.00,DStar,
2097,14.16,AgentPrefab,Agent,MoveState,Moving,Goal,20.00,0.00,20.00,20.20,0.00,12.85,21.40,0.00,14.00,DStar,
2098,14.17,AgentPrefab,Agent,MoveState,Moving,Goal,20.00,0.00,20.00,20.21,0.00,12.86,21.40,0.00,14.00,DStar,
2099,14.17,AgentPrefab,Agent,MoveState,Moving,Goal,20.00,0.00,20.00,20.22,0.00,12.87,21.40,0.00,14.00,DStar,
2100,14.18,AgentPrefab,Agent,MoveState,Moving,Goal,20.00,0.00,20.00,20.23,0.00,12.88,21.40,0.00,14.00,DStar,
2101,14.19,AgentPrefab,Agent,MoveState,Moving,Goal,20.00,0.00,20.00,20.24,0.00,12.89,21.40,0.00,14.00,DStar,
2102,14.19,AgentPrefab,Agent,MoveState,Moving,Goal,20.00,0.00,20.00,20.25,0.00,12.90,21.40,0.00,14.00,DStar,
2103,14.20,AgentPrefab,Agent,MoveState,Moving,Goal,20.00,0.00,20.00,20.26,0.00,12.91,21.40,0.00,14.00,DStar,
2104,14.21,AgentPrefab,Agent,MoveState,Moving,Goal,20.00,0.00,20.00,20.27,0.00,12.91,21.40,0.00,14.00,DStar,
2105,14.21,AgentPrefab,Agent,MoveState,Moving,Goal,20.00,0.00,20.00,20.28,0.00,12.92,21.40,0.00,14.00,DStar,
2106,14.22,AgentPrefab,Agent,MoveState,Moving,Goal,20.00,0.00,20.00,20.29,0.00,12.93,21.40,0.00,14.00,DStar,
2107,14.23,AgentPrefab,Agent,MoveState,Moving,Goal,20.00,0.00,20.00,20.30,0.00,12.94,21.40,0.00,14.00,DStar,
2108,14.23,AgentPrefab,Agent,MoveState,Moving,Goal,20.00,0.00,20.00,20.31,0.00,12.95,21.40,0.00,14.00,DStar,
2109,14.24,AgentPrefab,Agent,MoveState,Moving,Goal,20.00,0.00,20.00,20.32,0.00,12.96,21.40,0.00,14.00,DStar,
2110,14.25,AgentPrefab,Agent,MoveState,Moving,Goal,20.00,0.00,20.00,20.33,0.00,12.97,21.40,0.00,14.00,DStar,
2111,14.25,AgentPrefab,Agent,MoveState,Moving,Goal,20.00,0.00,20.00,20.34,0.00,12.98,21.40,0.00,14.00,DStar,
2112,14.26,AgentPrefab,Agent,MoveState,Moving,Goal,20.00,0.00,20.00,20.35,0.00,12.99,21.40,0.00,14.00,DStar,
2113,14.27,AgentPrefab,Agent,MoveState,Moving,Goal,20.00,0.00,20.00,20.36,0.00,13.00,21.40,0.00,14.00,DStar,
2114,14.28,AgentPrefab,Agent,MoveState,Moving,Goal,20.00,0.00,20.00,20.37,0.00,13.01,21.40,0.00,14.00,DStar,
2115,14.28,AgentPrefab,Agent,MoveState,Moving,Goal,20.00,0.00,20.00,20.38,0.00,13.02,21.40,0.00,14.00,DStar,
2116,14.29,AgentPrefab,Agent,MoveState,Moving,Goal,20.00,0.00,20.00,20.39,0.00,13.03,21.40,0.00,14.00,DStar,
2117,14.30,AgentPrefab,Agent,MoveState,Moving,Goal,20.00,0.00,20.00,20.40,0.00,13.04,21.40,0.00,14.00,DStar,
2118,14.30,AgentPrefab,Agent,MoveState,Moving,Goal,20.00,0.00,20.00,20.41,0.00,13.05,21.40,0.00,14.00,DStar,
2119,14.31,AgentPrefab,Agent,MoveState,Moving,Goal,20.00,0.00,20.00,20.42,0.00,13.06,21.40,0.00,14.00,DStar,
2120,14.32,AgentPrefab,Agent,MoveState,Moving,Goal,20.00,0.00,20.00,20.43,0.00,13.06,21.40,0.00,14.00,DStar,
2121,14.32,AgentPrefab,Agent,MoveState,Moving,Goal,20.00,0.00,20.00,20.44,0.00,13.07,21.40,0.00,14.00,DStar,
2122,14.34,AgentPrefab,Agent,MoveState,Moving,Goal,20.00,0.00,20.00,20.45,0.00,13.08,21.40,0.00,14.00,DStar,
2123,14.35,AgentPrefab,Agent,MoveState,Moving,Goal,20.00,0.00,20.00,20.47,0.00,13.10,21.40,0.00,14.00,DStar,
2124,14.36,AgentPrefab,Agent,MoveState,Moving,Goal,20.00,0.00,20.00,20.49,0.00,13.12,21.40,0.00,14.00,DStar,
2125,14.36,AgentPrefab,Agent,MoveState,Moving,Goal,20.00,0.00,20.00,20.50,0.00,13.13,21.40,0.00,14.00,DStar,
2126,14.37,AgentPrefab,Agent,MoveState,Moving,Goal,20.00,0.00,20.00,20.51,0.00,13.14,21.40,0.00,14.00,DStar,
2127,14.38,AgentPrefab,Agent,MoveState,Moving,Goal,20.00,0.00,20.00,20.52,0.00,13.15,21.40,0.00,14.00,DStar,
2128,14.38,AgentPrefab,Agent,MoveState,Moving,Goal,20.00,0.00,20.00,20.52,0.00,13.16,21.40,0.00,14.00,DStar,
2129,14.39,AgentPrefab,Agent,MoveState,Moving,Goal,20.00,0.00,20.00,20.53,0.00,13.17,21.40,0.00,14.00,DStar,
2130,14.40,AgentPrefab,Agent,MoveState,Moving,Goal,20.00,0.00,20.00,20.54,0.00,13.18,21.40,0.00,14.00,DStar,
2131,14.40,AgentPrefab,Agent,MoveState,Moving,Goal,20.00,0.00,20.00,20.55,0.00,13.19,21.40,0.00,14.00,DStar,
2132,14.41,AgentPrefab,Agent,MoveState,Moving,Goal,20.00,0.00,20.00,20.56,0.00,13.20,21.40,0.00,14.00,DStar,
2133,14.42,AgentPrefab,Agent,MoveState,Moving,Goal,20.00,0.00,20.00,20.57,0.00,13.20,21.40,0.00,14.00,DStar,
2134,14.42,AgentPrefab,Agent,MoveState,Moving,Goal,20.00,0.00,20.00,20.58,0.00,13.21,21.40,0.00,14.00,DStar,
2135,14.43,AgentPrefab,Agent,MoveState,Moving,Goal,20.00,0.00,20.00,20.59,0.00,13.22,21.40,0.00,14.00,DStar,
2136,14.44,AgentPrefab,Agent,MoveState,Moving,Goal,20.00,0.00,20.00,20.60,0.00,13.23,21.40,0.00,14.00,DStar,
2137,14.44,AgentPrefab,Agent,MoveState,Moving,Goal,20.00,0.00,20.00,20.61,0.00,13.24,21.40,0.00,14.00,DStar,
2138,14.45,AgentPrefab,Agent,MoveState,Moving,Goal,20.00,0.00,20.00,20.62,0.00,13.25,21.40,0.00,14.00,DStar,
2139,14.46,AgentPrefab,Agent,MoveState,Moving,Goal,20.00,0.00,20.00,20.63,0.00,13.26,21.40,0.00,14.00,DStar,
2140,14.46,AgentPrefab,Agent,MoveState,Moving,Goal,20.00,0.00,20.00,20.64,0.00,13.27,21.40,0.00,14.00,DStar,
2141,14.47,AgentPrefab,Agent,MoveState,Moving,Goal,20.00,0.00,20.00,20.65,0.00,13.28,21.40,0.00,14.00,DStar,
2142,14.48,AgentPrefab,Agent,MoveState,Moving,Goal,20.00,0.00,20.00,20.66,0.00,13.29,21.40,0.00,14.00,DStar,
2143,14.49,AgentPrefab,Agent,MoveState,Moving,Goal,20.00,0.00,20.00,20.67,0.00,13.30,21.40,0.00,14.00,DStar,
2144,14.49,AgentPrefab,Agent,MoveState,Moving,Goal,20.00,0.00,20.00,20.68,0.00,13.31,21.40,0.00,14.00,DStar,
2145,14.50,AgentPrefab,Agent,MoveState,Moving,Goal,20.00,0.00,20.00,20.69,0.00,13.32,21.40,0.00,14.00,DStar,
2146,14.51,AgentPrefab,Agent,MoveState,Moving,Goal,20.00,0.00,20.00,20.70,0.00,13.33,21.40,0.00,14.00,DStar,
2147,14.51,AgentPrefab,Agent,MoveState,Moving,Goal,20.00,0.00,20.00,20.71,0.00,13.34,21.40,0.00,14.00,DStar,
2148,14.52,AgentPrefab,Agent,MoveState,Moving,Goal,20.00,0.00,20.00,20.72,0.00,13.35,21.40,0.00,14.00,DStar,
2149,14.53,AgentPrefab,Agent,MoveState,Moving,Goal,20.00,0.00,20.00,20.73,0.00,13.36,21.40,0.00,14.00,DStar,
2150,14.53,AgentPrefab,Agent,MoveState,Moving,Goal,20.00,0.00,20.00,20.74,0.00,13.37,21.40,0.00,14.00,DStar,
2151,14.54,AgentPrefab,Agent,MoveState,Moving,Goal,20.00,0.00,20.00,20.75,0.00,13.38,21.40,0.00,14.00,DStar,
2152,14.55,AgentPrefab,Agent,MoveState,Moving,Goal,20.00,0.00,20.00,20.76,0.00,13.39,21.40,0.00,14.00,DStar,
2153,14.55,AgentPrefab,Agent,MoveState,Moving,Goal,20.00,0.00,20.00,20.77,0.00,13.40,21.40,0.00,14.00,DStar,
2154,14.56,AgentPrefab,Agent,MoveState,Moving,Goal,20.00,0.00,20.00,20.78,0.00,13.41,21.40,0.00,14.00,DStar,
2155,14.57,AgentPrefab,Agent,MoveState,Moving,Goal,20.00,0.00,20.00,20.79,0.00,13.42,21.40,0.00,14.00,DStar,
2156,14.58,AgentPrefab,Agent,MoveState,Moving,Goal,20.00,0.00,20.00,20.80,0.00,13.42,21.40,0.00,14.00,DStar,
2157,14.58,AgentPrefab,Agent,MoveState,Moving,Goal,20.00,0.00,20.00,20.81,0.00,13.43,21.40,0.00,14.00,DStar,
2158,14.59,AgentPrefab,Agent,MoveState,Moving,Goal,20.00,0.00,20.00,20.82,0.00,13.44,21.40,0.00,14.00,DStar,
2159,14.60,AgentPrefab,Agent,MoveState,Moving,Goal,20.00,0.00,20.00,20.83,0.00,13.45,21.40,0.00,14.00,DStar,
2160,14.60,AgentPrefab,Agent,MoveState,Moving,Goal,20.00,0.00,20.00,20.84,0.00,13.46,21.40,0.00,14.00,DStar,
2161,14.61,AgentPrefab,Agent,MoveState,Moving,Goal,20.00,0.00,20.00,20.85,0.00,13.47,21.40,0.00,14.00,DStar,
2162,14.62,AgentPrefab,Agent,MoveState,Moving,Goal,20.00,0.00,20.00,20.86,0.00,13.48,21.40,0.00,14.00,DStar,
2163,14.62,AgentPrefab,Agent,MoveState,Moving,Goal,20.00,0.00,20.00,20.87,0.00,13.49,21.40,0.00,14.00,DStar,
2164,14.63,AgentPrefab,Agent,MoveState,Moving,Goal,20.00,0.00,20.00,20.88,0.00,13.50,21.40,0.00,14.00,DStar,
2165,14.64,AgentPrefab,Agent,MoveState,Moving,Goal,20.00,0.00,20.00,20.89,0.00,13.51,21.40,0.00,14.00,DStar,
2166,14.64,AgentPrefab,Agent,MoveState,Moving,Goal,20.00,0.00,20.00,20.90,0.00,13.52,21.40,0.00,14.00,DStar,
2167,14.65,AgentPrefab,Agent,MoveState,Moving,Goal,20.00,0.00,20.00,20.91,0.00,13.53,21.40,0.00,14.00,DStar,
2168,14.66,AgentPrefab,Agent,MoveState,Moving,Goal,20.00,0.00,20.00,20.92,0.00,13.54,21.40,0.00,14.00,DStar,
2169,14.67,AgentPrefab,Agent,MoveState,Moving,Goal,20.00,0.00,20.00,20.93,0.00,13.55,21.40,0.00,14.00,DStar,
2170,14.67,AgentPrefab,Agent,MoveState,Moving,Goal,20.00,0.00,20.00,20.94,0.00,13.56,21.40,0.00,14.00,DStar,
2171,14.68,AgentPrefab,Agent,MoveState,Moving,Goal,20.00,0.00,20.00,20.95,0.00,13.57,21.40,0.00,14.00,DStar,
2172,14.69,AgentPrefab,Agent,MoveState,Moving,Goal,20.00,0.00,20.00,20.96,0.00,13.58,21.40,0.00,14.00,DStar,
2173,14.69,AgentPrefab,Agent,MoveState,Moving,Goal,20.00,0.00,20.00,20.97,0.00,13.59,21.40,0.00,14.00,DStar,
2174,14.70,AgentPrefab,Agent,MoveState,Moving,Goal,20.00,0.00,20.00,20.98,0.00,13.60,21.40,0.00,14.00,DStar,
2175,14.71,AgentPrefab,Agent,MoveState,Moving,Goal,20.00,0.00,20.00,20.99,0.00,13.61,21.40,0.00,14.00,DStar,
2176,14.71,AgentPrefab,Agent,MoveState,Moving,Goal,20.00,0.00,20.00,21.00,0.00,13.62,21.40,0.00,14.00,DStar,
2177,14.72,AgentPrefab,Agent,MoveState,Moving,Goal,20.00,0.00,20.00,21.01,0.00,13.63,21.40,0.00,14.00,DStar,
2178,14.73,AgentPrefab,Agent,MoveState,Moving,Goal,20.00,0.00,20.00,21.02,0.00,13.64,21.40,0.00,14.00,DStar,
2179,14.74,AgentPrefab,Agent,MoveState,Moving,Goal,20.00,0.00,20.00,21.03,0.00,13.65,21.40,0.00,14.00,DStar,
2180,14.74,AgentPrefab,Agent,MoveState,Moving,Goal,20.00,0.00,20.00,21.04,0.00,13.66,21.40,0.00,14.00,DStar,
2181,14.75,AgentPrefab,Agent,MoveState,Moving,Goal,20.00,0.00,20.00,21.05,0.00,13.66,21.40,0.00,14.00,DStar,
2182,14.76,AgentPrefab,Agent,MoveState,Moving,Goal,20.00,0.00,20.00,21.06,0.00,13.67,21.40,0.00,14.00,DStar,
2183,14.76,AgentPrefab,Agent,MoveState,Moving,Goal,20.00,0.00,20.00,21.07,0.00,13.68,21.40,0.00,14.00,DStar,
2184,14.77,AgentPrefab,Agent,MoveState,Moving,Goal,20.00,0.00,20.00,21.08,0.00,13.69,21.40,0.00,14.00,DStar,
2185,14.78,AgentPrefab,Agent,MoveState,Moving,Goal,20.00,0.00,20.00,21.09,0.00,13.70,21.40,0.00,14.00,DStar,
2186,14.78,AgentPrefab,Agent,MoveState,Moving,Goal,20.00,0.00,20.00,21.10,0.00,13.71,21.40,0.00,14.00,DStar,
2187,14.79,AgentPrefab,Agent,MoveState,Moving,Goal,20.00,0.00,20.00,21.11,0.00,13.72,21.40,0.00,14.00,DStar,
2188,14.80,AgentPrefab,Agent,MoveState,Moving,Goal,20.00,0.00,20.00,21.12,0.00,13.73,21.40,0.00,14.00,DStar,
2189,14.80,AgentPrefab,Agent,MoveState,Moving,Goal,20.00,0.00,20.00,21.13,0.00,13.74,21.40,0.00,14.00,DStar,
2190,14.81,AgentPrefab,Agent,MoveState,Moving,Goal,20.00,0.00,20.00,21.14,0.00,13.75,21.40,0.00,14.00,DStar,
2191,14.82,AgentPrefab,Agent,MoveState,Moving,Goal,20.00,0.00,20.00,21.15,0.00,13.76,21.40,0.00,14.00,DStar,
2192,14.82,AgentPrefab,Agent,MoveState,Moving,Goal,20.00,0.00,20.00,21.16,0.00,13.77,21.40,0.00,14.00,DStar,
2193,14.83,AgentPrefab,Agent,MoveState,Moving,Goal,20.00,0.00,20.00,21.17,0.00,13.78,21.40,0.00,14.00,DStar,
2194,14.84,AgentPrefab,Agent,MoveState,Moving,Goal,20.00,0.00,20.00,21.18,0.00,13.79,21.40,0.00,14.00,DStar,
2195,14.84,AgentPrefab,Agent,MoveState,Moving,Goal,20.00,0.00,20.00,21.19,0.00,13.80,21.40,0.00,14.00,DStar,
2196,14.85,AgentPrefab,Agent,MoveState,Moving,Goal,20.00,0.00,20.00,21.20,0.00,13.81,21.40,0.00,14.00,DStar,
2197,14.86,AgentPrefab,Agent,MoveState,Moving,Goal,20.00,0.00,20.00,21.21,0.00,13.81,21.40,0.00,14.00,DStar,
2198,14.86,AgentPrefab,Agent,MoveState,Moving,Goal,20.00,0.00,20.00,21.22,0.00,13.82,21.40,0.00,14.00,DStar,
2199,14.87,AgentPrefab,Agent,MoveState,Moving,Goal,20.00,0.00,20.00,21.23,0.00,13.83,21.40,0.00,14.00,DStar,
2200,14.88,AgentPrefab,Agent,MoveState,Moving,Goal,20.00,0.00,20.00,21.24,0.00,13.84,21.40,0.00,14.00,DStar,
2201,14.88,AgentPrefab,Agent,MoveState,Moving,Goal,20.00,0.00,20.00,21.25,0.00,13.85,21.40,0.00,14.00,DStar,
2202,14.89,AgentPrefab,Agent,MoveState,Moving,Goal,20.00,0.00,20.00,21.26,0.00,13.86,21.40,0.00,14.00,DStar,
2203,14.90,AgentPrefab,Agent,MoveState,Moving,Goal,20.00,0.00,20.00,21.27,0.00,13.87,21.40,0.00,14.00,DStar,
2204,14.90,AgentPrefab,Agent,MoveState,Moving,Goal,20.00,0.00,20.00,21.28,0.00,13.88,21.40,0.00,14.00,DStar,
2205,14.92,AgentPrefab,Agent,MoveState,Moving,Goal,20.00,0.00,20.00,21.29,0.00,13.89,21.40,0.00,14.00,DStar,
2206,14.92,AgentPrefab,Agent,MoveState,Moving,Goal,20.00,0.00,20.00,21.31,0.00,13.91,21.40,0.00,14.00,DStar,
2207,14.93,AgentPrefab,Agent,MoveState,Moving,Goal,20.00,0.00,20.00,21.32,0.00,13.92,21.40,0.00,14.00,DStar,
2208,14.94,AgentPrefab,Agent,MoveState,Moving,Goal,20.00,0.00,20.00,21.33,0.00,13.93,21.40,0.00,14.00,DStar,
2209,14.95,AgentPrefab,Agent,MoveState,Moving,Goal,20.00,0.00,20.00,21.34,0.00,13.94,21.40,0.00,14.00,DStar,
2210,14.95,AgentPrefab,Agent,MoveState,Moving,Goal,20.00,0.00,20.00,21.34,0.00,13.95,21.40,0.00,14.00,DStar,
2211,14.96,AgentPrefab,Agent,MoveState,Moving,Goal,20.00,0.00,20.00,21.35,0.00,13.96,21.40,0.00,14.00,DStar,
2212,14.97,AgentPrefab,Agent,MoveState,Moving,Goal,20.00,0.00,20.00,21.36,0.00,13.96,21.40,0.00,14.00,DStar,
2213,14.97,AgentPrefab,Agent,MoveState,Moving,Goal,20.00,0.00,20.00,21.40,0.00,14.00,21.60,0.00,15.00,DStar,
2214,14.98,AgentPrefab,Agent,MoveState,Moving,Goal,20.00,0.00,20.00,21.40,0.00,14.01,21.60,0.00,15.00,DStar,
2215,14.99,AgentPrefab,Agent,MoveState,Moving,Goal,20.00,0.00,20.00,21.41,0.00,14.03,21.60,0.00,15.00,DStar,
2216,14.99,AIManager,Performance,Pathfinding,Executed,DStar,0.00,0.00,0.00,0.00,0.00,0.00,0.00,0.00,0.00,DStar,0.545
2216,14.99,AgentPrefab,Agent,MoveState,Moving,Goal,20.00,0.00,20.00,21.41,0.00,14.04,21.41,0.00,14.04,DStar,
2217,15.01,AgentPrefab,Agent,MoveState,Moving,Goal,20.00,0.00,20.00,21.41,0.00,14.04,21.60,0.00,15.00,DStar,
2218,15.01,AgentPrefab,Agent,MoveState,Moving,Goal,20.00,0.00,20.00,21.41,0.00,14.07,21.60,0.00,15.00,DStar,
2219,15.02,AgentPrefab,Agent,MoveState,Moving,Goal,20.00,0.00,20.00,21.42,0.00,14.08,21.60,0.00,15.00,DStar,
2220,15.03,AgentPrefab,Agent,MoveState,Moving,Goal,20.00,0.00,20.00,21.42,0.00,14.09,21.60,0.00,15.00,DStar,
2221,15.03,AgentPrefab,Agent,MoveState,Moving,Goal,20.00,0.00,20.00,21.42,0.00,14.11,21.60,0.00,15.00,DStar,
2222,15.04,AgentPrefab,Agent,MoveState,Moving,Goal,20.00,0.00,20.00,21.42,0.00,14.12,21.60,0.00,15.00,DStar,
2223,15.05,AgentPrefab,Agent,MoveState,Moving,Goal,20.00,0.00,20.00,21.43,0.00,14.13,21.60,0.00,15.00,DStar,
2224,15.05,AgentPrefab,Agent,MoveState,Moving,Goal,20.00,0.00,20.00,21.43,0.00,14.15,21.60,0.00,15.00,DStar,
2225,15.06,AgentPrefab,Agent,MoveState,Moving,Goal,20.00,0.00,20.00,21.43,0.00,14.16,21.60,0.00,15.00,DStar,
2226,15.07,AgentPrefab,Agent,MoveState,Moving,Goal,20.00,0.00,20.00,21.43,0.00,14.17,21.60,0.00,15.00,DStar,
2227,15.07,AgentPrefab,Agent,MoveState,Moving,Goal,20.00,0.00,20.00,21.44,0.00,14.19,21.60,0.00,15.00,DStar,
2228,15.08,AgentPrefab,Agent,MoveState,Moving,Goal,20.00,0.00,20.00,21.44,0.00,14.20,21.60,0.00,15.00,DStar,
2229,15.09,AgentPrefab,Agent,MoveState,Moving,Goal,20.00,0.00,20.00,21.44,0.00,14.21,21.60,0.00,15.00,DStar,
2230,15.09,AgentPrefab,Agent,MoveState,Moving,Goal,20.00,0.00,20.00,21.45,0.00,14.23,21.60,0.00,15.00,DStar,
2231,15.10,AgentPrefab,Agent,MoveState,Moving,Goal,20.00,0.00,20.00,21.45,0.00,14.24,21.60,0.00,15.00,DStar,
2232,15.11,AgentPrefab,Agent,MoveState,Moving,Goal,20.00,0.00,20.00,21.45,0.00,14.25,21.60,0.00,15.00,DStar,
2233,15.11,AgentPrefab,Agent,MoveState,Moving,Goal,20.00,0.00,20.00,21.45,0.00,14.27,21.60,0.00,15.00,DStar,
2234,15.12,AgentPrefab,Agent,MoveState,Moving,Goal,20.00,0.00,20.00,21.46,0.00,14.28,21.60,0.00,15.00,DStar,
2235,15.13,AgentPrefab,Agent,MoveState,Moving,Goal,20.00,0.00,20.00,21.46,0.00,14.29,21.60,0.00,15.00,DStar,
2236,15.14,AgentPrefab,Agent,MoveState,Moving,Goal,20.00,0.00,20.00,21.46,0.00,14.31,21.60,0.00,15.00,DStar,
2237,15.14,AgentPrefab,Agent,MoveState,Moving,Goal,20.00,0.00,20.00,21.46,0.00,14.32,21.60,0.00,15.00,DStar,
2238,15.16,AgentPrefab,Agent,MoveState,Moving,Goal,20.00,0.00,20.00,21.47,0.00,14.33,21.60,0.00,15.00,DStar,
2239,15.17,AgentPrefab,Agent,MoveState,Moving,Goal,20.00,0.00,20.00,21.47,0.00,14.36,21.60,0.00,15.00,DStar,
2240,15.18,AgentPrefab,Agent,MoveState,Moving,Goal,20.00,0.00,20.00,21.48,0.00,14.39,21.60,0.00,15.00,DStar,
2241,15.18,AgentPrefab,Agent,MoveState,Moving,Goal,20.00,0.00,20.00,21.48,0.00,14.40,21.60,0.00,15.00,DStar,
2242,15.19,AgentPrefab,Agent,MoveState,Moving,Goal,20.00,0.00,20.00,21.48,0.00,14.41,21.60,0.00,15.00,DStar,
2243,15.20,AgentPrefab,Agent,MoveState,Moving,Goal,20.00,0.00,20.00,21.49,0.00,14.43,21.60,0.00,15.00,DStar,
2244,15.20,AgentPrefab,Agent,MoveState,Moving,Goal,20.00,0.00,20.00,21.49,0.00,14.44,21.60,0.00,15.00,DStar,
2245,15.21,AgentPrefab,Agent,MoveState,Moving,Goal,20.00,0.00,20.00,21.49,0.00,14.45,21.60,0.00,15.00,DStar,
2246,15.22,AgentPrefab,Agent,MoveState,Moving,Goal,20.00,0.00,20.00,21.49,0.00,14.47,21.60,0.00,15.00,DStar,
2247,15.22,AgentPrefab,Agent,MoveState,Moving,Goal,20.00,0.00,20.00,21.50,0.00,14.48,21.60,0.00,15.00,DStar,
2248,15.23,AgentPrefab,Agent,MoveState,Moving,Goal,20.00,0.00,20.00,21.50,0.00,14.49,21.60,0.00,15.00,DStar,
2249,15.24,AgentPrefab,Agent,MoveState,Moving,Goal,20.00,0.00,20.00,21.50,0.00,14.51,21.60,0.00,15.00,DStar,
2250,15.24,AgentPrefab,Agent,MoveState,Moving,Goal,20.00,0.00,20.00,21.50,0.00,14.52,21.60,0.00,15.00,DStar,
2251,15.25,AgentPrefab,Agent,MoveState,Moving,Goal,20.00,0.00,20.00,21.51,0.00,14.53,21.60,0.00,15.00,DStar,
2252,15.26,AgentPrefab,Agent,MoveState,Moving,Goal,20.00,0.00,20.00,21.51,0.00,14.55,21.60,0.00,15.00,DStar,
2253,15.27,AgentPrefab,Agent,MoveState,Moving,Goal,20.00,0.00,20.00,21.51,0.00,14.56,21.60,0.00,15.00,DStar,
2254,15.27,AgentPrefab,Agent,MoveState,Moving,Goal,20.00,0.00,20.00,21.51,0.00,14.57,21.60,0.00,15.00,DStar,
2255,15.28,AgentPrefab,Agent,MoveState,Moving,Goal,20.00,0.00,20.00,21.52,0.00,14.59,21.60,0.00,15.00,DStar,
2256,15.29,AgentPrefab,Agent,MoveState,Moving,Goal,20.00,0.00,20.00,21.52,0.00,14.60,21.60,0.00,15.00,DStar,
2257,15.29,AgentPrefab,Agent,MoveState,Moving,Goal,20.00,0.00,20.00,21.52,0.00,14.62,21.60,0.00,15.00,DStar,
2258,15.30,AgentPrefab,Agent,MoveState,Moving,Goal,20.00,0.00,20.00,21.53,0.00,14.63,21.60,0.00,15.00,DStar,
2259,15.31,AgentPrefab,Agent,MoveState,Moving,Goal,20.00,0.00,20.00,21.53,0.00,14.64,21.60,0.00,15.00,DStar,
2260,15.31,AgentPrefab,Agent,MoveState,Moving,Goal,20.00,0.00,20.00,21.53,0.00,14.65,21.60,0.00,15.00,DStar,
2261,15.32,AgentPrefab,Agent,MoveState,Moving,Goal,20.00,0.00,20.00,21.53,0.00,14.67,21.60,0.00,15.00,DStar,
2262,15.33,AgentPrefab,Agent,MoveState,Moving,Goal,20.00,0.00,20.00,21.54,0.00,14.68,21.60,0.00,15.00,DStar,
2263,15.33,AgentPrefab,Agent,MoveState,Moving,Goal,20.00,0.00,20.00,21.54,0.00,14.69,21.60,0.00,15.00,DStar,
2264,15.34,AgentPrefab,Agent,MoveState,Moving,Goal,20.00,0.00,20.00,21.54,0.00,14.71,21.60,0.00,15.00,DStar,
2265,15.35,AgentPrefab,Agent,MoveState,Moving,Goal,20.00,0.00,20.00,21.54,0.00,14.72,21.60,0.00,15.00,DStar,
2266,15.35,AgentPrefab,Agent,MoveState,Moving,Goal,20.00,0.00,20.00,21.55,0.00,14.73,21.60,0.00,15.00,DStar,
2267,15.36,AgentPrefab,Agent,MoveState,Moving,Goal,20.00,0.00,20.00,21.55,0.00,14.75,21.60,0.00,15.00,DStar,
2268,15.37,AgentPrefab,Agent,MoveState,Moving,Goal,20.00,0.00,20.00,21.55,0.00,14.76,21.60,0.00,15.00,DStar,
2269,15.37,AgentPrefab,Agent,MoveState,Moving,Goal,20.00,0.00,20.00,21.56,0.00,14.78,21.60,0.00,15.00,DStar,
2270,15.38,AgentPrefab,Agent,MoveState,Moving,Goal,20.00,0.00,20.00,21.56,0.00,14.79,21.60,0.00,15.00,DStar,
2271,15.39,AgentPrefab,Agent,MoveState,Moving,Goal,20.00,0.00,20.00,21.56,0.00,14.80,21.60,0.00,15.00,DStar,
2272,15.39,AgentPrefab,Agent,MoveState,Moving,Goal,20.00,0.00,20.00,21.56,0.00,14.81,21.60,0.00,15.00,DStar,
2273,15.40,AgentPrefab,Agent,MoveState,Moving,Goal,20.00,0.00,20.00,21.57,0.00,14.83,21.60,0.00,15.00,DStar,
2274,15.41,AgentPrefab,Agent,MoveState,Moving,Goal,20.00,0.00,20.00,21.57,0.00,14.84,21.60,0.00,15.00,DStar,
2275,15.41,AgentPrefab,Agent,MoveState,Moving,Goal,20.00,0.00,20.00,21.57,0.00,14.85,21.60,0.00,15.00,DStar,
2276,15.42,AgentPrefab,Agent,MoveState,Moving,Goal,20.00,0.00,20.00,21.57,0.00,14.87,21.60,0.00,15.00,DStar,
2277,15.43,AgentPrefab,Agent,MoveState,Moving,Goal,20.00,0.00,20.00,21.58,0.00,14.88,21.60,0.00,15.00,DStar,
2278,15.43,AgentPrefab,Agent,MoveState,Moving,Goal,20.00,0.00,20.00,21.58,0.00,14.89,21.60,0.00,15.00,DStar,
2279,15.44,AgentPrefab,Agent,MoveState,Moving,Goal,20.00,0.00,20.00,21.58,0.00,14.91,21.60,0.00,15.00,DStar,
2280,15.45,AgentPrefab,Agent,MoveState,Moving,Goal,20.00,0.00,20.00,21.58,0.00,14.92,21.60,0.00,15.00,DStar,
2281,15.45,AgentPrefab,Agent,MoveState,Moving,Goal,20.00,0.00,20.00,21.59,0.00,14.93,21.60,0.00,15.00,DStar,
2282,15.46,AgentPrefab,Agent,MoveState,Moving,Goal,20.00,0.00,20.00,21.59,0.00,14.95,21.60,0.00,15.00,DStar,
2283,15.47,AgentPrefab,Agent,MoveState,Moving,Goal,20.00,0.00,20.00,21.60,0.00,15.00,21.00,0.00,16.90,DStar,
2284,15.47,AgentPrefab,Agent,MoveState,Moving,Goal,20.00,0.00,20.00,21.60,0.00,15.01,21.00,0.00,16.90,DStar,
2285,15.48,AgentPrefab,Agent,MoveState,Moving,Goal,20.00,0.00,20.00,21.59,0.00,15.03,21.00,0.00,16.90,DStar,
2286,15.49,AgentPrefab,Agent,MoveState,Moving,Goal,20.00,0.00,20.00,21.59,0.00,15.04,21.00,0.00,16.90,DStar,
2287,15.50,AgentPrefab,Agent,MoveState,Moving,Goal,20.00,0.00,20.00,21.58,0.00,15.05,21.00,0.00,16.90,DStar,
2288,15.50,AgentPrefab,Agent,MoveState,Moving,Goal,20.00,0.00,20.00,21.58,0.00,15.07,21.00,0.00,16.90,DStar,
2289,15.51,AgentPrefab,Agent,MoveState,Moving,Goal,20.00,0.00,20.00,21.57,0.00,15.08,21.00,0.00,16.90,DStar,
2290,15.52,AgentPrefab,Agent,MoveState,Moving,Goal,20.00,0.00,20.00,21.57,0.00,15.09,21.00,0.00,16.90,DStar,
2291,15.52,AgentPrefab,Agent,MoveState,Moving,Goal,20.00,0.00,20.00,21.57,0.00,15.11,21.00,0.00,16.90,DStar,
2292,15.53,AgentPrefab,Agent,MoveState,Moving,Goal,20.00,0.00,20.00,21.56,0.00,15.12,21.00,0.00,16.90,DStar,
2293,15.54,AgentPrefab,Agent,MoveState,Moving,Goal,20.00,0.00,20.00,21.56,0.00,15.13,21.00,0.00,16.90,DStar,
2294,15.54,AgentPrefab,Agent,MoveState,Moving,Goal,20.00,0.00,20.00,21.55,0.00,15.14,21.00,0.00,16.90,DStar,
2295,15.55,AgentPrefab,Agent,MoveState,Moving,Goal,20.00,0.00,20.00,21.55,0.00,15.16,21.00,0.00,16.90,DStar,
2296,15.56,AgentPrefab,Agent,MoveState,Moving,Goal,20.00,0.00,20.00,21.55,0.00,15.17,21.00,0.00,16.90,DStar,
2297,15.56,AgentPrefab,Agent,MoveState,Moving,Goal,20.00,0.00,20.00,21.54,0.00,15.18,21.00,0.00,16.90,DStar,
2298,15.57,AgentPrefab,Agent,MoveState,Moving,Goal,20.00,0.00,20.00,21.54,0.00,15.20,21.00,0.00,16.90,DStar,
2299,15.58,AgentPrefab,Agent,MoveState,Moving,Goal,20.00,0.00,20.00,21.53,0.00,15.21,21.00,0.00,16.90,DStar,
2300,15.58,AgentPrefab,Agent,MoveState,Moving,Goal,20.00,0.00,20.00,21.53,0.00,15.22,21.00,0.00,16.90,DStar,
2301,15.59,AgentPrefab,Agent,MoveState,Moving,Goal,20.00,0.00,20.00,21.53,0.00,15.23,21.00,0.00,16.90,DStar,
2302,15.60,AgentPrefab,Agent,MoveState,Moving,Goal,20.00,0.00,20.00,21.52,0.00,15.25,21.00,0.00,16.90,DStar,
2303,15.61,AgentPrefab,Agent,MoveState,Moving,Goal,20.00,0.00,20.00,21.52,0.00,15.26,21.00,0.00,16.90,DStar,
2304,15.61,AgentPrefab,Agent,MoveState,Moving,Goal,20.00,0.00,20.00,21.51,0.00,15.27,21.00,0.00,16.90,DStar,
2305,15.62,AgentPrefab,Agent,MoveState,Moving,Goal,20.00,0.00,20.00,21.51,0.00,15.29,21.00,0.00,16.90,DStar,
2306,15.63,AgentPrefab,Agent,MoveState,Moving,Goal,20.00,0.00,20.00,21.50,0.00,15.30,21.00,0.00,16.90,DStar,
2307,15.63,AgentPrefab,Agent,MoveState,Moving,Goal,20.00,0.00,20.00,21.50,0.00,15.32,21.00,0.00,16.90,DStar,
2308,15.64,AgentPrefab,Agent,MoveState,Moving,Goal,20.00,0.00,20.00,21.50,0.00,15.33,21.00,0.00,16.90,DStar,
2309,15.65,AgentPrefab,Agent,MoveState,Moving,Goal,20.00,0.00,20.00,21.49,0.00,15.34,21.00,0.00,16.90,DStar,
2310,15.65,AgentPrefab,Agent,MoveState,Moving,Goal,20.00,0.00,20.00,21.49,0.00,15.36,21.00,0.00,16.90,DStar,
2311,15.66,AgentPrefab,Agent,MoveState,Moving,Goal,20.00,0.00,20.00,21.48,0.00,15.37,21.00,0.00,16.90,DStar,
2312,15.67,AgentPrefab,Agent,MoveState,Moving,Goal,20.00,0.00,20.00,21.48,0.00,15.38,21.00,0.00,16.90,DStar,
2313,15.67,AgentPrefab,Agent,MoveState,Moving,Goal,20.00,0.00,20.00,21.48,0.00,15.39,21.00,0.00,16.90,DStar,
2314,15.68,AgentPrefab,Agent,MoveState,Moving,Goal,20.00,0.00,20.00,21.47,0.00,15.41,21.00,0.00,16.90,DStar,
2315,15.69,AgentPrefab,Agent,MoveState,Moving,Goal,20.00,0.00,20.00,21.47,0.00,15.42,21.00,0.00,16.90,DStar,
2316,15.70,AgentPrefab,Agent,MoveState,Moving,Goal,20.00,0.00,20.00,21.46,0.00,15.43,21.00,0.00,16.90,DStar,
2317,15.70,AgentPrefab,Agent,MoveState,Moving,Goal,20.00,0.00,20.00,21.46,0.00,15.45,21.00,0.00,16.90,DStar,
2318,15.71,AgentPrefab,Agent,MoveState,Moving,Goal,20.00,0.00,20.00,21.45,0.00,15.46,21.00,0.00,16.90,DStar,
2319,15.72,AgentPrefab,Agent,MoveState,Moving,Goal,20.00,0.00,20.00,21.45,0.00,15.47,21.00,0.00,16.90,DStar,
2320,15.72,AgentPrefab,Agent,MoveState,Moving,Goal,20.00,0.00,20.00,21.45,0.00,15.49,21.00,0.00,16.90,DStar,
2321,15.73,AgentPrefab,Agent,MoveState,Moving,Goal,20.00,0.00,20.00,21.44,0.00,15.50,21.00,0.00,16.90,DStar,
2322,15.74,AgentPrefab,Agent,MoveState,Moving,Goal,20.00,0.00,20.00,21.44,0.00,15.51,21.00,0.00,16.90,DStar,
2323,15.74,AgentPrefab,Agent,MoveState,Moving,Goal,20.00,0.00,20.00,21.43,0.00,15.52,21.00,0.00,16.90,DStar,
2324,15.75,AgentPrefab,Agent,MoveState,Moving,Goal,20.00,0.00,20.00,21.43,0.00,15.54,21.00,0.00,16.90,DStar,
2325,15.76,AgentPrefab,Agent,MoveState,Moving,Goal,20.00,0.00,20.00,21.43,0.00,15.55,21.00,0.00,16.90,DStar,
2326,15.76,AgentPrefab,Agent,MoveState,Moving,Goal,20.00,0.00,20.00,21.42,0.00,15.56,21.00,0.00,16.90,DStar,
2327,15.77,AgentPrefab,Agent,MoveState,Moving,Goal,20.00,0.00,20.00,21.42,0.00,15.58,21.00,0.00,16.90,DStar,
2328,15.78,AgentPrefab,Agent,MoveState,Moving,Goal,20.00,0.00,20.00,21.41,0.00,15.59,21.00,0.00,16.90,DStar,
2329,15.78,AgentPrefab,Agent,MoveState,Moving,Goal,20.00,0.00,20.00,21.41,0.00,15.60,21.00,0.00,16.90,DStar,
2330,15.79,AgentPrefab,Agent,MoveState,Moving,Goal,20.00,0.00,20.00,21.41,0.00,15.62,21.00,0.00,16.90,DStar,
2331,15.80,AgentPrefab,Agent,MoveState,Moving,Goal,20.00,0.00,20.00,21.40,0.00,15.63,21.00,0.00,16.90,DStar,
2332,15.80,AgentPrefab,Agent,MoveState,Moving,Goal,20.00,0.00,20.00,21.40,0.00,15.64,21.00,0.00,16.90,DStar,
2333,15.81,AgentPrefab,Agent,MoveState,Moving,Goal,20.00,0.00,20.00,21.39,0.00,15.65,21.00,0.00,16.90,DStar,
2334,15.82,AgentPrefab,Agent,MoveState,Moving,Goal,20.00,0.00,20.00,21.39,0.00,15.67,21.00,0.00,16.90,DStar,
2335,15.82,AgentPrefab,Agent,MoveState,Moving,Goal,20.00,0.00,20.00,21.39,0.00,15.68,21.00,0.00,16.90,DStar,
2336,15.83,AgentPrefab,Agent,MoveState,Moving,Goal,20.00,0.00,20.00,21.38,0.00,15.69,21.00,0.00,16.90,DStar,
2337,15.84,AgentPrefab,Agent,MoveState,Moving,Goal,20.00,0.00,20.00,21.38,0.00,15.70,21.00,0.00,16.90,DStar,
2338,15.84,AgentPrefab,Agent,MoveState,Moving,Goal,20.00,0.00,20.00,21.37,0.00,15.72,21.00,0.00,16.90,DStar,
2339,15.85,AgentPrefab,Agent,MoveState,Moving,Goal,20.00,0.00,20.00,21.37,0.00,15.73,21.00,0.00,16.90,DStar,
2340,15.86,AgentPrefab,Agent,MoveState,Moving,Goal,20.00,0.00,20.00,21.37,0.00,15.74,21.00,0.00,16.90,DStar,
2341,15.86,AgentPrefab,Agent,MoveState,Moving,Goal,20.00,0.00,20.00,21.36,0.00,15.76,21.00,0.00,16.90,DStar,
2342,15.87,AgentPrefab,Agent,MoveState,Moving,Goal,20.00,0.00,20.00,21.36,0.00,15.77,21.00,0.00,16.90,DStar,
2343,15.88,AgentPrefab,Agent,MoveState,Moving,Goal,20.00,0.00,20.00,21.35,0.00,15.78,21.00,0.00,16.90,DStar,
2344,15.88,AgentPrefab,Agent,MoveState,Moving,Goal,20.00,0.00,20.00,21.35,0.00,15.80,21.00,0.00,16.90,DStar,
2345,15.89,AgentPrefab,Agent,MoveState,Moving,Goal,20.00,0.00,20.00,21.34,0.00,15.81,21.00,0.00,16.90,DStar,
2346,15.90,AgentPrefab,Agent,MoveState,Moving,Goal,20.00,0.00,20.00,21.34,0.00,15.82,21.00,0.00,16.90,DStar,
2347,15.91,AgentPrefab,Agent,MoveState,Moving,Goal,20.00,0.00,20.00,21.34,0.00,15.83,21.00,0.00,16.90,DStar,
2348,15.91,AgentPrefab,Agent,MoveState,Moving,Goal,20.00,0.00,20.00,21.33,0.00,15.85,21.00,0.00,16.90,DStar,
2349,15.92,AgentPrefab,Agent,MoveState,Moving,Goal,20.00,0.00,20.00,21.33,0.00,15.86,21.00,0.00,16.90,DStar,
2350,15.94,AgentPrefab,Agent,MoveState,Moving,Goal,20.00,0.00,20.00,21.32,0.00,15.87,21.00,0.00,16.90,DStar,
2351,15.94,AgentPrefab,Agent,MoveState,Moving,Goal,20.00,0.00,20.00,21.31,0.00,15.91,21.00,0.00,16.90,DStar,
2352,15.95,AgentPrefab,Agent,MoveState,Moving,Goal,20.00,0.00,20.00,21.31,0.00,15.92,21.00,0.00,16.90,DStar,
2353,15.96,AgentPrefab,Agent,MoveState,Moving,Goal,20.00,0.00,20.00,21.30,0.00,15.94,21.00,0.00,16.90,DStar,
2354,15.97,AgentPrefab,Agent,MoveState,Moving,Goal,20.00,0.00,20.00,21.30,0.00,15.95,21.00,0.00,16.90,DStar,
2355,15.97,AgentPrefab,Agent,MoveState,Moving,Goal,20.00,0.00,20.00,21.30,0.00,15.96,21.00,0.00,16.90,DStar,
2356,15.98,AgentPrefab,Agent,MoveState,Moving,Goal,20.00,0.00,20.00,21.29,0.00,15.98,21.00,0.00,16.90,DStar,
2357,15.99,AgentPrefab,Agent,MoveState,Moving,Goal,20.00,0.00,20.00,21.29,0.00,15.99,21.00,0.00,16.90,DStar,
2358,15.99,AgentPrefab,Agent,MoveState,Moving,Goal,20.00,0.00,20.00,21.28,0.00,16.00,21.00,0.00,16.90,DStar,
2359,16.00,AgentPrefab,Agent,MoveState,Moving,Goal,20.00,0.00,20.00,21.28,0.00,16.01,21.00,0.00,16.90,DStar,
2360,16.01,AgentPrefab,Agent,MoveState,Moving,Goal,20.00,0.00,20.00,21.28,0.00,16.03,21.00,0.00,16.90,DStar,
2361,16.01,AIManager,Performance,Pathfinding,Executed,DStar,0.00,0.00,0.00,0.00,0.00,0.00,0.00,0.00,0.00,DStar,0.649
2361,16.01,AIManager,Performance,Pathfinding,Executed,DStar,0.00,0.00,0.00,0.00,0.00,0.00,0.00,0.00,0.00,DStar,0.522
2361,16.01,AgentPrefab,Agent,MoveState,Moving,Goal,20.00,0.00,20.00,21.27,0.00,16.04,21.27,0.00,16.04,DStar,
2362,16.03,AgentPrefab,Agent,MoveState,Moving,Goal,20.00,0.00,20.00,21.27,0.00,16.04,20.00,0.00,20.00,DStar,
2363,16.04,AgentPrefab,Agent,MoveState,Moving,Goal,20.00,0.00,20.00,21.26,0.00,16.08,20.00,0.00,20.00,DStar,
2364,16.05,AgentPrefab,Agent,MoveState,Moving,Goal,20.00,0.00,20.00,21.26,0.00,16.09,20.00,0.00,20.00,DStar,
2365,16.05,AgentPrefab,Agent,MoveState,Moving,Goal,20.00,0.00,20.00,21.25,0.00,16.10,20.00,0.00,20.00,DStar,
2366,16.06,AgentPrefab,Agent,MoveState,Moving,Goal,20.00,0.00,20.00,21.25,0.00,16.12,20.00,0.00,20.00,DStar,
2367,16.07,AgentPrefab,Agent,MoveState,Moving,Goal,20.00,0.00,20.00,21.24,0.00,16.13,20.00,0.00,20.00,DStar,
2368,16.07,AgentPrefab,Agent,MoveState,Moving,Goal,20.00,0.00,20.00,21.24,0.00,16.14,20.00,0.00,20.00,DStar,
2369,16.08,AgentPrefab,Agent,MoveState,Moving,Goal,20.00,0.00,20.00,21.23,0.00,16.16,20.00,0.00,20.00,DStar,
2370,16.09,AgentPrefab,Agent,MoveState,Moving,Goal,20.00,0.00,20.00,21.23,0.00,16.17,20.00,0.00,20.00,DStar,
2371,16.09,AgentPrefab,Agent,MoveState,Moving,Goal,20.00,0.00,20.00,21.23,0.00,16.18,20.00,0.00,20.00,DStar,
2372,16.10,AgentPrefab,Agent,MoveState,Moving,Goal,20.00,0.00,20.00,21.22,0.00,16.19,20.00,0.00,20.00,DStar,
2373,16.11,AgentPrefab,Agent,MoveState,Moving,Goal,20.00,0.00,20.00,21.22,0.00,16.21,20.00,0.00,20.00,DStar,
2374,16.12,AgentPrefab,Agent,MoveState,Moving,Goal,20.00,0.00,20.00,21.21,0.00,16.22,20.00,0.00,20.00,DStar,
2375,16.12,AgentPrefab,Agent,MoveState,Moving,Goal,20.00,0.00,20.00,21.21,0.00,16.24,20.00,0.00,20.00,DStar,
2376,16.13,AgentPrefab,Agent,MoveState,Moving,Goal,20.00,0.00,20.00,21.20,0.00,16.25,20.00,0.00,20.00,DStar,
2377,16.14,AgentPrefab,Agent,MoveState,Moving,Goal,20.00,0.00,20.00,21.20,0.00,16.27,20.00,0.00,20.00,DStar,
2378,16.15,AgentPrefab,Agent,MoveState,Moving,Goal,20.00,0.00,20.00,21.19,0.00,16.28,20.00,0.00,20.00,DStar,
2379,16.16,AgentPrefab,Agent,MoveState,Moving,Goal,20.00,0.00,20.00,21.19,0.00,16.30,20.00,0.00,20.00,DStar,
2380,16.16,AgentPrefab,Agent,MoveState,Moving,Goal,20.00,0.00,20.00,21.18,0.00,16.31,20.00,0.00,20.00,DStar,
2381,16.17,AgentPrefab,Agent,MoveState,Moving,Goal,20.00,0.00,20.00,21.18,0.00,16.33,20.00,0.00,20.00,DStar,
2382,16.18,AgentPrefab,Agent,MoveState,Moving,Goal,20.00,0.00,20.00,21.17,0.00,16.35,20.00,0.00,20.00,DStar,
2383,16.19,AgentPrefab,Agent,MoveState,Moving,Goal,20.00,0.00,20.00,21.17,0.00,16.36,20.00,0.00,20.00,DStar,
2384,16.20,AgentPrefab,Agent,MoveState,Moving,Goal,20.00,0.00,20.00,21.16,0.00,16.37,20.00,0.00,20.00,DStar,
2385,16.20,AgentPrefab,Agent,MoveState,Moving,Goal,20.00,0.00,20.00,21.16,0.00,16.39,20.00,0.00,20.00,DStar,
2386,16.21,AgentPrefab,Agent,MoveState,Moving,Goal,20.00,0.00,20.00,21.16,0.00,16.40,20.00,0.00,20.00,DStar,
2387,16.22,AgentPrefab,Agent,MoveState,Moving,Goal,20.00,0.00,20.00,21.15,0.00,16.42,20.00,0.00,20.00,DStar,
2388,16.23,AgentPrefab,Agent,MoveState,Moving,Goal,20.00,0.00,20.00,21.15,0.00,16.43,20.00,0.00,20.00,DStar,
2389,16.24,AgentPrefab,Agent,MoveState,Moving,Goal,20.00,0.00,20.00,21.14,0.00,16.45,20.00,0.00,20.00,DStar,
2390,16.24,AgentPrefab,Agent,MoveState,Moving,Goal,20.00,0.00,20.00,21.14,0.00,16.46,20.00,0.00,20.00,DStar,
2391,16.25,AgentPrefab,Agent,MoveState,Moving,Goal,20.00,0.00,20.00,21.13,0.00,16.48,20.00,0.00,20.00,DStar,
2392,16.26,AgentPrefab,Agent,MoveState,Moving,Goal,20.00,0.00,20.00,21.12,0.00,16.50,20.00,0.00,20.00,DStar,
2393,16.27,AgentPrefab,Agent,MoveState,Moving,Goal,20.00,0.00,20.00,21.12,0.00,16.51,20.00,0.00,20.00,DStar,
2394,16.28,AgentPrefab,Agent,MoveState,Moving,Goal,20.00,0.00,20.00,21.12,0.00,16.53,20.00,0.00,20.00,DStar,
2395,16.29,AgentPrefab,Agent,MoveState,Moving,Goal,20.00,0.00,20.00,21.11,0.00,16.55,20.00,0.00,20.00,DStar,
2396,16.30,AgentPrefab,Agent,MoveState,Moving,Goal,20.00,0.00,20.00,21.10,0.00,16.57,20.00,0.00,20.00,DStar,
2397,16.31,AgentPrefab,Agent,MoveState,Moving,Goal,20.00,0.00,20.00,21.10,0.00,16.58,20.00,0.00,20.00,DStar,
2398,16.31,AgentPrefab,Agent,MoveState,Moving,Goal,20.00,0.00,20.00,21.09,0.00,16.60,20.00,0.00,20.00,DStar,
2399,16.32,AgentPrefab,Agent,MoveState,Moving,Goal,20.00,0.00,20.00,21.09,0.00,16.61,20.00,0.00,20.00,DStar,
2400,16.33,AgentPrefab,Agent,MoveState,Moving,Goal,20.00,0.00,20.00,21.08,0.00,16.63,20.00,0.00,20.00,DStar,
2401,16.33,AgentPrefab,Agent,MoveState,Moving,Goal,20.00,0.00,20.00,21.08,0.00,16.64,20.00,0.00,20.00,DStar,
2402,16.34,AgentPrefab,Agent,MoveState,Moving,Goal,20.00,0.00,20.00,21.07,0.00,16.65,20.00,0.00,20.00,DStar,
2403,16.35,AgentPrefab,Agent,MoveState,Moving,Goal,20.00,0.00,20.00,21.07,0.00,16.66,20.00,0.00,20.00,DStar,
2404,16.36,AgentPrefab,Agent,MoveState,Moving,Goal,20.00,0.00,20.00,21.07,0.00,16.68,20.00,0.00,20.00,DStar,
2405,16.36,AgentPrefab,Agent,MoveState,Moving,Goal,20.00,0.00,20.00,21.06,0.00,16.69,20.00,0.00,20.00,DStar,
2406,16.37,AgentPrefab,Agent,MoveState,Moving,Goal,20.00,0.00,20.00,21.06,0.00,16.71,20.00,0.00,20.00,DStar,
2407,16.38,AgentPrefab,Agent,MoveState,Moving,Goal,20.00,0.00,20.00,21.05,0.00,16.72,20.00,0.00,20.00,DStar,
2408,16.38,AgentPrefab,Agent,MoveState,Moving,Goal,20.00,0.00,20.00,21.05,0.00,16.73,20.00,0.00,20.00,DStar,
2409,16.39,AgentPrefab,Agent,MoveState,Moving,Goal,20.00,0.00,20.00,21.05,0.00,16.74,20.00,0.00,20.00,DStar,
2410,16.40,AgentPrefab,Agent,MoveState,Moving,Goal,20.00,0.00,20.00,21.04,0.00,16.76,20.00,0.00,20.00,DStar,
2411,16.40,AgentPrefab,Agent,MoveState,Moving,Goal,20.00,0.00,20.00,21.04,0.00,16.77,20.00,0.00,20.00,DStar,
2412,16.41,AgentPrefab,Agent,MoveState,Moving,Goal,20.00,0.00,20.00,21.03,0.00,16.78,20.00,0.00,20.00,DStar,
2413,16.42,AgentPrefab,Agent,MoveState,Moving,Goal,20.00,0.00,20.00,21.03,0.00,16.80,20.00,0.00,20.00,DStar,
2414,16.42,AgentPrefab,Agent,MoveState,Moving,Goal,20.00,0.00,20.00,21.02,0.00,16.81,20.00,0.00,20.00,DStar,
2415,16.43,AgentPrefab,Agent,MoveState,Moving,Goal,20.00,0.00,20.00,21.02,0.00,16.82,20.00,0.00,20.00,DStar,
2416,16.44,AgentPrefab,Agent,MoveState,Moving,Goal,20.00,0.00,20.00,21.02,0.00,16.83,20.00,0.00,20.00,DStar,
2417,16.44,AgentPrefab,Agent,MoveState,Moving,Goal,20.00,0.00,20.00,21.01,0.00,16.85,20.00,0.00,20.00,DStar,
2418,16.45,AgentPrefab,Agent,MoveState,Moving,Goal,20.00,0.00,20.00,21.01,0.00,16.86,20.00,0.00,20.00,DStar,
2419,16.46,AgentPrefab,Agent,MoveState,Moving,Goal,20.00,0.00,20.00,21.00,0.00,16.87,20.00,0.00,20.00,DStar,
2420,16.46,AgentPrefab,Agent,MoveState,Moving,Goal,20.00,0.00,20.00,21.00,0.00,16.89,20.00,0.00,20.00,DStar,
2421,16.47,AgentPrefab,Agent,MoveState,Moving,Goal,20.00,0.00,20.00,21.00,0.00,16.90,20.00,0.00,20.00,DStar,
2422,16.48,AgentPrefab,Agent,MoveState,Moving,Goal,20.00,0.00,20.00,20.99,0.00,16.91,20.00,0.00,20.00,DStar,
2423,16.48,AgentPrefab,Agent,MoveState,Moving,Goal,20.00,0.00,20.00,20.99,0.00,16.92,20.00,0.00,20.00,DStar,
2424,16.49,AgentPrefab,Agent,MoveState,Moving,Goal,20.00,0.00,20.00,20.98,0.00,16.94,20.00,0.00,20.00,DStar,
2425,16.50,AgentPrefab,Agent,MoveState,Moving,Goal,20.00,0.00,20.00,20.98,0.00,16.95,20.00,0.00,20.00,DStar,
2426,16.51,AgentPrefab,Agent,MoveState,Moving,Goal,20.00,0.00,20.00,20.97,0.00,16.96,20.00,0.00,20.00,DStar,
2427,16.51,AgentPrefab,Agent,MoveState,Moving,Goal,20.00,0.00,20.00,20.97,0.00,16.98,20.00,0.00,20.00,DStar,
2428,16.52,AgentPrefab,Agent,MoveState,Moving,Goal,20.00,0.00,20.00,20.97,0.00,16.99,20.00,0.00,20.00,DStar,
2429,16.53,AgentPrefab,Agent,MoveState,Moving,Goal,20.00,0.00,20.00,20.96,0.00,17.00,20.00,0.00,20.00,DStar,
2430,16.53,AgentPrefab,Agent,MoveState,Moving,Goal,20.00,0.00,20.00,20.96,0.00,17.02,20.00,0.00,20.00,DStar,
2431,16.54,AgentPrefab,Agent,MoveState,Moving,Goal,20.00,0.00,20.00,20.95,0.00,17.03,20.00,0.00,20.00,DStar,
2432,16.55,AgentPrefab,Agent,MoveState,Moving,Goal,20.00,0.00,20.00,20.95,0.00,17.04,20.00,0.00,20.00,DStar,
2433,16.55,AgentPrefab,Agent,MoveState,Moving,Goal,20.00,0.00,20.00,20.95,0.00,17.06,20.00,0.00,20.00,DStar,
2434,16.56,AgentPrefab,Agent,MoveState,Moving,Goal,20.00,0.00,20.00,20.94,0.00,17.07,20.00,0.00,20.00,DStar,
2435,16.57,AgentPrefab,Agent,MoveState,Moving,Goal,20.00,0.00,20.00,20.94,0.00,17.08,20.00,0.00,20.00,DStar,
2436,16.57,AgentPrefab,Agent,MoveState,Moving,Goal,20.00,0.00,20.00,20.93,0.00,17.10,20.00,0.00,20.00,DStar,
2437,16.58,AgentPrefab,Agent,MoveState,Moving,Goal,20.00,0.00,20.00,20.93,0.00,17.11,20.00,0.00,20.00,DStar,
2438,16.59,AgentPrefab,Agent,MoveState,Moving,Goal,20.00,0.00,20.00,20.92,0.00,17.12,20.00,0.00,20.00,DStar,
2439,16.59,AgentPrefab,Agent,MoveState,Moving,Goal,20.00,0.00,20.00,20.92,0.00,17.13,20.00,0.00,20.00,DStar,
2440,16.60,AgentPrefab,Agent,MoveState,Moving,Goal,20.00,0.00,20.00,20.92,0.00,17.15,20.00,0.00,20.00,DStar,
2441,16.61,AgentPrefab,Agent,MoveState,Moving,Goal,20.00,0.00,20.00,20.91,0.00,17.16,20.00,0.00,20.00,DStar,
2442,16.61,AgentPrefab,Agent,MoveState,Moving,Goal,20.00,0.00,20.00,20.91,0.00,17.17,20.00,0.00,20.00,DStar,
2443,16.62,AgentPrefab,Agent,MoveState,Moving,Goal,20.00,0.00,20.00,20.90,0.00,17.19,20.00,0.00,20.00,DStar,
2444,16.63,AgentPrefab,Agent,MoveState,Moving,Goal,20.00,0.00,20.00,20.90,0.00,17.20,20.00,0.00,20.00,DStar,
2445,16.64,AgentPrefab,Agent,MoveState,Moving,Goal,20.00,0.00,20.00,20.90,0.00,17.21,20.00,0.00,20.00,DStar,
2446,16.64,AgentPrefab,Agent,MoveState,Moving,Goal,20.00,0.00,20.00,20.89,0.00,17.23,20.00,0.00,20.00,DStar,
2447,16.65,AgentPrefab,Agent,MoveState,Moving,Goal,20.00,0.00,20.00,20.89,0.00,17.24,20.00,0.00,20.00,DStar,
2448,16.66,AgentPrefab,Agent,MoveState,Moving,Goal,20.00,0.00,20.00,20.88,0.00,17.25,20.00,0.00,20.00,DStar,
2449,16.66,AgentPrefab,Agent,MoveState,Moving,Goal,20.00,0.00,20.00,20.88,0.00,17.26,20.00,0.00,20.00,DStar,
2450,16.67,AgentPrefab,Agent,MoveState,Moving,Goal,20.00,0.00,20.00,20.87,0.00,17.28,20.00,0.00,20.00,DStar,
2451,16.68,AgentPrefab,Agent,MoveState,Moving,Goal,20.00,0.00,20.00,20.87,0.00,17.29,20.00,0.00,20.00,DStar,
2452,16.68,AgentPrefab,Agent,MoveState,Moving,Goal,20.00,0.00,20.00,20.87,0.00,17.30,20.00,0.00,20.00,DStar,
2453,16.69,AgentPrefab,Agent,MoveState,Moving,Goal,20.00,0.00,20.00,20.86,0.00,17.32,20.00,0.00,20.00,DStar,
2454,16.70,AgentPrefab,Agent,MoveState,Moving,Goal,20.00,0.00,20.00,20.86,0.00,17.33,20.00,0.00,20.00,DStar,
2455,16.72,AgentPrefab,Agent,MoveState,Moving,Goal,20.00,0.00,20.00,20.85,0.00,17.35,20.00,0.00,20.00,DStar,
2456,16.72,AgentPrefab,Agent,MoveState,Moving,Goal,20.00,0.00,20.00,20.84,0.00,17.38,20.00,0.00,20.00,DStar,
2457,16.73,AgentPrefab,Agent,MoveState,Moving,Goal,20.00,0.00,20.00,20.84,0.00,17.39,20.00,0.00,20.00,DStar,
2458,16.74,AgentPrefab,Agent,MoveState,Moving,Goal,20.00,0.00,20.00,20.83,0.00,17.41,20.00,0.00,20.00,DStar,
2459,16.74,AgentPrefab,Agent,MoveState,Moving,Goal,20.00,0.00,20.00,20.83,0.00,17.42,20.00,0.00,20.00,DStar,
2460,16.75,AgentPrefab,Agent,MoveState,Moving,Goal,20.00,0.00,20.00,20.82,0.00,17.43,20.00,0.00,20.00,DStar,
2461,16.76,AgentPrefab,Agent,MoveState,Moving,Goal,20.00,0.00,20.00,20.82,0.00,17.45,20.00,0.00,20.00,DStar,
2462,16.76,AgentPrefab,Agent,MoveState,Moving,Goal,20.00,0.00,20.00,20.82,0.00,17.46,20.00,0.00,20.00,DStar,
2463,16.77,AgentPrefab,Agent,MoveState,Moving,Goal,20.00,0.00,20.00,20.81,0.00,17.47,20.00,0.00,20.00,DStar,
2464,16.78,AgentPrefab,Agent,MoveState,Moving,Goal,20.00,0.00,20.00,20.81,0.00,17.48,20.00,0.00,20.00,DStar,
2465,16.78,AgentPrefab,Agent,MoveState,Moving,Goal,20.00,0.00,20.00,20.80,0.00,17.50,20.00,0.00,20.00,DStar,
2466,16.79,AgentPrefab,Agent,MoveState,Moving,Goal,20.00,0.00,20.00,20.80,0.00,17.51,20.00,0.00,20.00,DStar,
2467,16.80,AgentPrefab,Agent,MoveState,Moving,Goal,20.00,0.00,20.00,20.80,0.00,17.52,20.00,0.00,20.00,DStar,
2468,16.81,AgentPrefab,Agent,MoveState,Moving,Goal,20.00,0.00,20.00,20.79,0.00,17.54,20.00,0.00,20.00,DStar,
2469,16.81,AgentPrefab,Agent,MoveState,Moving,Goal,20.00,0.00,20.00,20.79,0.00,17.55,20.00,0.00,20.00,DStar,
2470,16.82,AgentPrefab,Agent,MoveState,Moving,Goal,20.00,0.00,20.00,20.78,0.00,17.56,20.00,0.00,20.00,DStar,
2471,16.83,AgentPrefab,Agent,MoveState,Moving,Goal,20.00,0.00,20.00,20.78,0.00,17.57,20.00,0.00,20.00,DStar,
2472,16.83,AgentPrefab,Agent,MoveState,Moving,Goal,20.00,0.00,20.00,20.77,0.00,17.59,20.00,0.00,20.00,DStar,
2473,16.84,AgentPrefab,Agent,MoveState,Moving,Goal,20.00,0.00,20.00,20.77,0.00,17.60,20.00,0.00,20.00,DStar,
2474,16.85,AgentPrefab,Agent,MoveState,Moving,Goal,20.00,0.00,20.00,20.77,0.00,17.61,20.00,0.00,20.00,DStar,
2475,16.85,AgentPrefab,Agent,MoveState,Moving,Goal,20.00,0.00,20.00,20.76,0.00,17.63,20.00,0.00,20.00,DStar,
2476,16.86,AgentPrefab,Agent,MoveState,Moving,Goal,20.00,0.00,20.00,20.76,0.00,17.64,20.00,0.00,20.00,DStar,
2477,16.87,AgentPrefab,Agent,MoveState,Moving,Goal,20.00,0.00,20.00,20.75,0.00,17.65,20.00,0.00,20.00,DStar,
2478,16.87,AgentPrefab,Agent,MoveState,Moving,Goal,20.00,0.00,20.00,20.75,0.00,17.67,20.00,0.00,20.00,DStar,
2479,16.88,AgentPrefab,Agent,MoveState,Moving,Goal,20.00,0.00,20.00,20.75,0.00,17.68,20.00,0.00,20.00,DStar,
2480,16.89,AgentPrefab,Agent,MoveState,Moving,Goal,20.00,0.00,20.00,20.74,0.00,17.69,20.00,0.00,20.00,DStar,
2481,16.89,AgentPrefab,Agent,MoveState,Moving,Goal,20.00,0.00,20.00,20.74,0.00,17.70,20.00,0.00,20.00,DStar,
2482,16.90,AgentPrefab,Agent,MoveState,Moving,Goal,20.00,0.00,20.00,20.73,0.00,17.72,20.00,0.00,20.00,DStar,
2483,16.91,AgentPrefab,Agent,MoveState,Moving,Goal,20.00,0.00,20.00,20.73,0.00,17.73,20.00,0.00,20.00,DStar,
2484,16.91,AgentPrefab,Agent,MoveState,Moving,Goal,20.00,0.00,20.00,20.72,0.00,17.74,20.00,0.00,20.00,DStar,
2485,16.92,AgentPrefab,Agent,MoveState,Moving,Goal,20.00,0.00,20.00,20.72,0.00,17.76,20.00,0.00,20.00,DStar,
2486,16.93,AgentPrefab,Agent,MoveState,Moving,Goal,20.00,0.00,20.00,20.72,0.00,17.77,20.00,0.00,20.00,DStar,
2487,16.93,AgentPrefab,Agent,MoveState,Moving,Goal,20.00,0.00,20.00,20.71,0.00,17.78,20.00,0.00,20.00,DStar,
2488,16.94,AgentPrefab,Agent,MoveState,Moving,Goal,20.00,0.00,20.00,20.71,0.00,17.80,20.00,0.00,20.00,DStar,
2489,16.95,AgentPrefab,Agent,MoveState,Moving,Goal,20.00,0.00,20.00,20.70,0.00,17.81,20.00,0.00,20.00,DStar,
2490,16.96,AgentPrefab,Agent,MoveState,Moving,Goal,20.00,0.00,20.00,20.70,0.00,17.82,20.00,0.00,20.00,DStar,
2491,16.96,AgentPrefab,Agent,MoveState,Moving,Goal,20.00,0.00,20.00,20.70,0.00,17.83,20.00,0.00,20.00,DStar,
2492,16.97,AgentPrefab,Agent,MoveState,Moving,Goal,20.00,0.00,20.00,20.69,0.00,17.85,20.00,0.00,20.00,DStar,
2493,16.98,AgentPrefab,Agent,MoveState,Moving,Goal,20.00,0.00,20.00,20.69,0.00,17.86,20.00,0.00,20.00,DStar,
2494,16.98,AgentPrefab,Agent,MoveState,Moving,Goal,20.00,0.00,20.00,20.68,0.00,17.87,20.00,0.00,20.00,DStar,
2495,16.99,AgentPrefab,Agent,MoveState,Moving,Goal,20.00,0.00,20.00,20.68,0.00,17.89,20.00,0.00,20.00,DStar,
2496,17.00,AgentPrefab,Agent,MoveState,Moving,Goal,20.00,0.00,20.00,20.67,0.00,17.90,20.00,0.00,20.00,DStar,
2497,17.00,AgentPrefab,Agent,MoveState,Moving,Goal,20.00,0.00,20.00,20.67,0.00,17.91,20.00,0.00,20.00,DStar,
2498,17.01,AgentPrefab,Agent,MoveState,Moving,Goal,20.00,0.00,20.00,20.67,0.00,17.92,20.00,0.00,20.00,DStar,
2499,17.02,AgentPrefab,Agent,MoveState,Moving,Goal,20.00,0.00,20.00,20.66,0.00,17.94,20.00,0.00,20.00,DStar,
2500,17.02,AgentPrefab,Agent,MoveState,Moving,Goal,20.00,0.00,20.00,20.66,0.00,17.95,20.00,0.00,20.00,DStar,
2501,17.03,AgentPrefab,Agent,MoveState,Moving,Goal,20.00,0.00,20.00,20.65,0.00,17.96,20.00,0.00,20.00,DStar,
2502,17.04,AgentPrefab,Agent,MoveState,Moving,Goal,20.00,0.00,20.00,20.65,0.00,17.98,20.00,0.00,20.00,DStar,
2503,17.04,AgentPrefab,Agent,MoveState,Moving,Goal,20.00,0.00,20.00,20.65,0.00,17.99,20.00,0.00,20.00,DStar,
2504,17.05,AgentPrefab,Agent,MoveState,Moving,Goal,20.00,0.00,20.00,20.64,0.00,18.00,20.00,0.00,20.00,DStar,
2505,17.06,AgentPrefab,Agent,MoveState,Moving,Goal,20.00,0.00,20.00,20.64,0.00,18.02,20.00,0.00,20.00,DStar,
2506,17.06,AgentPrefab,Agent,MoveState,Moving,Goal,20.00,0.00,20.00,20.63,0.00,18.03,20.00,0.00,20.00,DStar,
2507,17.07,AgentPrefab,Agent,MoveState,Moving,Goal,20.00,0.00,20.00,20.63,0.00,18.04,20.00,0.00,20.00,DStar,
2508,17.08,AgentPrefab,Agent,MoveState,Moving,Goal,20.00,0.00,20.00,20.62,0.00,18.05,20.00,0.00,20.00,DStar,
2509,17.09,AgentPrefab,Agent,MoveState,Moving,Goal,20.00,0.00,20.00,20.62,0.00,18.07,20.00,0.00,20.00,DStar,
2510,17.09,AgentPrefab,Agent,MoveState,Moving,Goal,20.00,0.00,20.00,20.62,0.00,18.08,20.00,0.00,20.00,DStar,
2511,17.10,AgentPrefab,Agent,MoveState,Moving,Goal,20.00,0.00,20.00,20.61,0.00,18.09,20.00,0.00,20.00,DStar,
2512,17.11,AgentPrefab,Agent,MoveState,Moving,Goal,20.00,0.00,20.00,20.61,0.00,18.11,20.00,0.00,20.00,DStar,
2513,17.11,AgentPrefab,Agent,MoveState,Moving,Goal,20.00,0.00,20.00,20.60,0.00,18.12,20.00,0.00,20.00,DStar,
2514,17.12,AgentPrefab,Agent,MoveState,Moving,Goal,20.00,0.00,20.00,20.60,0.00,18.13,20.00,0.00,20.00,DStar,
2515,17.13,AgentPrefab,Agent,MoveState,Moving,Goal,20.00,0.00,20.00,20.59,0.00,18.15,20.00,0.00,20.00,DStar,
2516,17.13,AgentPrefab,Agent,MoveState,Moving,Goal,20.00,0.00,20.00,20.59,0.00,18.16,20.00,0.00,20.00,DStar,
2517,17.14,AgentPrefab,Agent,MoveState,Moving,Goal,20.00,0.00,20.00,20.59,0.00,18.17,20.00,0.00,20.00,DStar,
2518,17.15,AgentPrefab,Agent,MoveState,Moving,Goal,20.00,0.00,20.00,20.58,0.00,18.19,20.00,0.00,20.00,DStar,
2519,17.15,AgentPrefab,Agent,MoveState,Moving,Goal,20.00,0.00,20.00,20.58,0.00,18.20,20.00,0.00,20.00,DStar,
2520,17.16,AgentPrefab,Agent,MoveState,Moving,Goal,20.00,0.00,20.00,20.57,0.00,18.21,20.00,0.00,20.00,DStar,
2521,17.17,AgentPrefab,Agent,MoveState,Moving,Goal,20.00,0.00,20.00,20.57,0.00,18.23,20.00,0.00,20.00,DStar,
2522,17.17,AgentPrefab,Agent,MoveState,Moving,Goal,20.00,0.00,20.00,20.57,0.00,18.24,20.00,0.00,20.00,DStar,
2523,17.18,AgentPrefab,Agent,MoveState,Moving,Goal,20.00,0.00,20.00,20.56,0.00,18.25,20.00,0.00,20.00,DStar,
2524,17.19,AgentPrefab,Agent,MoveState,Moving,Goal,20.00,0.00,20.00,20.56,0.00,18.27,20.00,0.00,20.00,DStar,
2525,17.20,AgentPrefab,Agent,MoveState,Moving,Goal,20.00,0.00,20.00,20.55,0.00,18.28,20.00,0.00,20.00,DStar,
2526,17.20,AgentPrefab,Agent,MoveState,Moving,Goal,20.00,0.00,20.00,20.55,0.00,18.29,20.00,0.00,20.00,DStar,
2527,17.21,AgentPrefab,Agent,MoveState,Moving,Goal,20.00,0.00,20.00,20.54,0.00,18.31,20.00,0.00,20.00,DStar,
2528,17.22,AgentPrefab,Agent,MoveState,Moving,Goal,20.00,0.00,20.00,20.54,0.00,18.32,20.00,0.00,20.00,DStar,
2529,17.22,AgentPrefab,Agent,MoveState,Moving,Goal,20.00,0.00,20.00,20.54,0.00,18.33,20.00,0.00,20.00,DStar,
2530,17.23,AgentPrefab,Agent,MoveState,Moving,Goal,20.00,0.00,20.00,20.53,0.00,18.34,20.00,0.00,20.00,DStar,
2531,17.24,AgentPrefab,Agent,MoveState,Moving,Goal,20.00,0.00,20.00,20.53,0.00,18.36,20.00,0.00,20.00,DStar,
2532,17.24,AgentPrefab,Agent,MoveState,Moving,Goal,20.00,0.00,20.00,20.52,0.00,18.37,20.00,0.00,20.00,DStar,
2533,17.25,AgentPrefab,Agent,MoveState,Moving,Goal,20.00,0.00,20.00,20.52,0.00,18.38,20.00,0.00,20.00,DStar,
2534,17.26,AgentPrefab,Agent,MoveState,Moving,Goal,20.00,0.00,20.00,20.51,0.00,18.40,20.00,0.00,20.00,DStar,
2535,17.27,AgentPrefab,Agent,MoveState,Moving,Goal,20.00,0.00,20.00,20.51,0.00,18.41,20.00,0.00,20.00,DStar,
2536,17.27,AgentPrefab,Agent,MoveState,Moving,Goal,20.00,0.00,20.00,20.51,0.00,18.42,20.00,0.00,20.00,DStar,
2537,17.28,AgentPrefab,Agent,MoveState,Moving,Goal,20.00,0.00,20.00,20.50,0.00,18.44,20.00,0.00,20.00,DStar,
2538,17.29,AgentPrefab,Agent,MoveState,Moving,Goal,20.00,0.00,20.00,20.50,0.00,18.45,20.00,0.00,20.00,DStar,
2539,17.30,AgentPrefab,Agent,MoveState,Moving,Goal,20.00,0.00,20.00,20.49,0.00,18.47,20.00,0.00,20.00,DStar,
2540,17.31,AgentPrefab,Agent,MoveState,Moving,Goal,20.00,0.00,20.00,20.49,0.00,18.49,20.00,0.00,20.00,DStar,
2541,17.32,AgentPrefab,Agent,MoveState,Moving,Goal,20.00,0.00,20.00,20.48,0.00,18.51,20.00,0.00,20.00,DStar,
2542,17.33,AgentPrefab,Agent,MoveState,Moving,Goal,20.00,0.00,20.00,20.47,0.00,18.52,20.00,0.00,20.00,DStar,
2543,17.33,AgentPrefab,Agent,MoveState,Moving,Goal,20.00,0.00,20.00,20.47,0.00,18.54,20.00,0.00,20.00,DStar,
2544,17.34,AgentPrefab,Agent,MoveState,Moving,Goal,20.00,0.00,20.00,20.46,0.00,18.56,20.00,0.00,20.00,DStar,
2545,17.35,AgentPrefab,Agent,MoveState,Moving,Goal,20.00,0.00,20.00,20.46,0.00,18.57,20.00,0.00,20.00,DStar,
2546,17.36,AgentPrefab,Agent,MoveState,Moving,Goal,20.00,0.00,20.00,20.45,0.00,18.59,20.00,0.00,20.00,DStar,
2547,17.37,AgentPrefab,Agent,MoveState,Moving,Goal,20.00,0.00,20.00,20.45,0.00,18.60,20.00,0.00,20.00,DStar,
2548,17.37,AgentPrefab,Agent,MoveState,Moving,Goal,20.00,0.00,20.00,20.44,0.00,18.62,20.00,0.00,20.00,DStar,
2549,17.38,AgentPrefab,Agent,MoveState,Moving,Goal,20.00,0.00,20.00,20.44,0.00,18.63,20.00,0.00,20.00,DStar,
2550,17.39,AgentPrefab,Agent,MoveState,Moving,Goal,20.00,0.00,20.00,20.43,0.00,18.65,20.00,0.00,20.00,DStar,
2551,17.40,AgentPrefab,Agent,MoveState,Moving,Goal,20.00,0.00,20.00,20.43,0.00,18.66,20.00,0.00,20.00,DStar,
2552,17.40,AgentPrefab,Agent,MoveState,Moving,Goal,20.00,0.00,20.00,20.43,0.00,18.68,20.00,0.00,20.00,DStar,
2553,17.41,AgentPrefab,Agent,MoveState,Moving,Goal,20.00,0.00,20.00,20.42,0.00,18.69,20.00,0.00,20.00,DStar,
2554,17.42,AgentPrefab,Agent,MoveState,Moving,Goal,20.00,0.00,20.00,20.42,0.00,18.70,20.00,0.00,20.00,DStar,
2555,17.42,AgentPrefab,Agent,MoveState,Moving,Goal,20.00,0.00,20.00,20.41,0.00,18.71,20.00,0.00,20.00,DStar,
2556,17.44,AgentPrefab,Agent,MoveState,Moving,Goal,20.00,0.00,20.00,20.41,0.00,18.73,20.00,0.00,20.00,DStar,
2557,17.45,AgentPrefab,Agent,MoveState,Moving,Goal,20.00,0.00,20.00,20.40,0.00,18.75,20.00,0.00,20.00,DStar,
2558,17.46,AgentPrefab,Agent,MoveState,Moving,Goal,20.00,0.00,20.00,20.39,0.00,18.78,20.00,0.00,20.00,DStar,
2559,17.47,AgentPrefab,Agent,MoveState,Moving,Goal,20.00,0.00,20.00,20.39,0.00,18.79,20.00,0.00,20.00,DStar,
2560,17.47,AgentPrefab,Agent,MoveState,Moving,Goal,20.00,0.00,20.00,20.38,0.00,18.81,20.00,0.00,20.00,DStar,
2561,17.48,AgentPrefab,Agent,MoveState,Moving,Goal,20.00,0.00,20.00,20.38,0.00,18.82,20.00,0.00,20.00,DStar,
2562,17.49,AgentPrefab,Agent,MoveState,Moving,Goal,20.00,0.00,20.00,20.37,0.00,18.83,20.00,0.00,20.00,DStar,
2563,17.49,AgentPrefab,Agent,MoveState,Moving,Goal,20.00,0.00,20.00,20.37,0.00,18.85,20.00,0.00,20.00,DStar,
2564,17.50,AgentPrefab,Agent,MoveState,Moving,Goal,20.00,0.00,20.00,20.37,0.00,18.86,20.00,0.00,20.00,DStar,
2565,17.51,AgentPrefab,Agent,MoveState,Moving,Goal,20.00,0.00,20.00,20.36,0.00,18.87,20.00,0.00,20.00,DStar,
2566,17.52,AgentPrefab,Agent,MoveState,Moving,Goal,20.00,0.00,20.00,20.36,0.00,18.89,20.00,0.00,20.00,DStar,
2567,17.52,AgentPrefab,Agent,MoveState,Moving,Goal,20.00,0.00,20.00,20.35,0.00,18.90,20.00,0.00,20.00,DStar,
2568,17.53,AgentPrefab,Agent,MoveState,Moving,Goal,20.00,0.00,20.00,20.35,0.00,18.91,20.00,0.00,20.00,DStar,
2569,17.54,AgentPrefab,Agent,MoveState,Moving,Goal,20.00,0.00,20.00,20.34,0.00,18.93,20.00,0.00,20.00,DStar,
2570,17.54,AgentPrefab,Agent,MoveState,Moving,Goal,20.00,0.00,20.00,20.34,0.00,18.94,20.00,0.00,20.00,DStar,
2571,17.55,AgentPrefab,Agent,MoveState,Moving,Goal,20.00,0.00,20.00,20.34,0.00,18.96,20.00,0.00,20.00,DStar,
2572,17.56,AgentPrefab,Agent,MoveState,Moving,Goal,20.00,0.00,20.00,20.33,0.00,18.97,20.00,0.00,20.00,DStar,
2573,17.57,AgentPrefab,Agent,MoveState,Moving,Goal,20.00,0.00,20.00,20.33,0.00,18.98,20.00,0.00,20.00,DStar,
2574,17.57,AgentPrefab,Agent,MoveState,Moving,Goal,20.00,0.00,20.00,20.32,0.00,19.00,20.00,0.00,20.00,DStar,
2575,17.58,AgentPrefab,Agent,MoveState,Moving,Goal,20.00,0.00,20.00,20.32,0.00,19.01,20.00,0.00,20.00,DStar,
2576,17.59,AgentPrefab,Agent,MoveState,Moving,Goal,20.00,0.00,20.00,20.31,0.00,19.02,20.00,0.00,20.00,DStar,
2577,17.59,AgentPrefab,Agent,MoveState,Moving,Goal,20.00,0.00,20.00,20.31,0.00,19.04,20.00,0.00,20.00,DStar,
2578,17.60,AgentPrefab,Agent,MoveState,Moving,Goal,20.00,0.00,20.00,20.30,0.00,19.05,20.00,0.00,20.00,DStar,
2579,17.61,AgentPrefab,Agent,MoveState,Moving,Goal,20.00,0.00,20.00,20.30,0.00,19.06,20.00,0.00,20.00,DStar,
2580,17.62,AgentPrefab,Agent,MoveState,Moving,Goal,20.00,0.00,20.00,20.30,0.00,19.08,20.00,0.00,20.00,DStar,
2581,17.62,AgentPrefab,Agent,MoveState,Moving,Goal,20.00,0.00,20.00,20.29,0.00,19.09,20.00,0.00,20.00,DStar,
2582,17.63,AgentPrefab,Agent,MoveState,Moving,Goal,20.00,0.00,20.00,20.29,0.00,19.10,20.00,0.00,20.00,DStar,
2583,17.64,AgentPrefab,Agent,MoveState,Moving,Goal,20.00,0.00,20.00,20.28,0.00,19.12,20.00,0.00,20.00,DStar,
2584,17.64,AgentPrefab,Agent,MoveState,Moving,Goal,20.00,0.00,20.00,20.28,0.00,19.13,20.00,0.00,20.00,DStar,
2585,17.65,AgentPrefab,Agent,MoveState,Moving,Goal,20.00,0.00,20.00,20.27,0.00,19.15,20.00,0.00,20.00,DStar,
2586,17.66,AgentPrefab,Agent,MoveState,Moving,Goal,20.00,0.00,20.00,20.27,0.00,19.16,20.00,0.00,20.00,DStar,
2587,17.67,AgentPrefab,Agent,MoveState,Moving,Goal,20.00,0.00,20.00,20.27,0.00,19.17,20.00,0.00,20.00,DStar,
2588,17.67,AgentPrefab,Agent,MoveState,Moving,Goal,20.00,0.00,20.00,20.26,0.00,19.19,20.00,0.00,20.00,DStar,
2589,17.68,AgentPrefab,Agent,MoveState,Moving,Goal,20.00,0.00,20.00,20.26,0.00,19.20,20.00,0.00,20.00,DStar,
2590,17.69,AgentPrefab,Agent,MoveState,Moving,Goal,20.00,0.00,20.00,20.25,0.00,19.21,20.00,0.00,20.00,DStar,
2591,17.69,AgentPrefab,Agent,MoveState,Moving,Goal,20.00,0.00,20.00,20.25,0.00,19.23,20.00,0.00,20.00,DStar,
2592,17.70,AgentPrefab,Agent,MoveState,Moving,Goal,20.00,0.00,20.00,20.24,0.00,19.24,20.00,0.00,20.00,DStar,
2593,17.71,AgentPrefab,Agent,MoveState,Moving,Goal,20.00,0.00,20.00,20.24,0.00,19.25,20.00,0.00,20.00,DStar,
2594,17.71,AgentPrefab,Agent,MoveState,Moving,Goal,20.00,0.00,20.00,20.24,0.00,19.27,20.00,0.00,20.00,DStar,
2595,17.72,AgentPrefab,Agent,MoveState,Moving,Goal,20.00,0.00,20.00,20.23,0.00,19.28,20.00,0.00,20.00,DStar,
2596,17.73,AgentPrefab,Agent,MoveState,Moving,Goal,20.00,0.00,20.00,20.23,0.00,19.29,20.00,0.00,20.00,DStar,
2597,17.74,AgentPrefab,Agent,MoveState,Moving,Goal,20.00,0.00,20.00,20.22,0.00,19.31,20.00,0.00,20.00,DStar,
2598,17.74,AgentPrefab,Agent,MoveState,Moving,Goal,20.00,0.00,20.00,20.22,0.00,19.32,20.00,0.00,20.00,DStar,
2599,17.75,AgentPrefab,Agent,MoveState,Moving,Goal,20.00,0.00,20.00,20.21,0.00,19.33,20.00,0.00,20.00,DStar,
2600,17.76,AgentPrefab,Agent,MoveState,Moving,Goal,20.00,0.00,20.00,20.21,0.00,19.35,20.00,0.00,20.00,DStar,
2601,17.76,AgentPrefab,Agent,MoveState,Moving,Goal,20.00,0.00,20.00,20.21,0.00,19.36,20.00,0.00,20.00,DStar,
2602,17.77,AgentPrefab,Agent,MoveState,Moving,Goal,20.00,0.00,20.00,20.20,0.00,19.37,20.00,0.00,20.00,DStar,
2603,17.78,AgentPrefab,Agent,MoveState,Moving,Goal,20.00,0.00,20.00,20.20,0.00,19.39,20.00,0.00,20.00,DStar,
2604,17.79,AgentPrefab,Agent,MoveState,Moving,Goal,20.00,0.00,20.00,20.19,0.00,19.40,20.00,0.00,20.00,DStar,
2605,17.79,AgentPrefab,Agent,MoveState,Moving,Goal,20.00,0.00,20.00,20.19,0.00,19.41,20.00,0.00,20.00,DStar,
2606,17.80,AgentPrefab,Agent,MoveState,Moving,Goal,20.00,0.00,20.00,20.18,0.00,19.43,20.00,0.00,20.00,DStar,
2607,17.81,AgentPrefab,Agent,MoveState,Moving,Goal,20.00,0.00,20.00,20.18,0.00,19.44,20.00,0.00,20.00,DStar,
2608,17.81,AgentPrefab,Agent,MoveState,Moving,Goal,20.00,0.00,20.00,20.17,0.00,19.46,20.00,0.00,20.00,DStar,
2609,17.82,AgentPrefab,Agent,MoveState,Moving,Goal,20.00,0.00,20.00,20.17,0.00,19.47,20.00,0.00,20.00,DStar,
2610,17.83,AgentPrefab,Agent,MoveState,Moving,Goal,20.00,0.00,20.00,20.17,0.00,19.48,20.00,0.00,20.00,DStar,
2611,17.84,AgentPrefab,Agent,MoveState,Moving,Goal,20.00,0.00,20.00,20.16,0.00,19.50,20.00,0.00,20.00,DStar,
2612,17.84,AgentPrefab,Agent,MoveState,Moving,Goal,20.00,0.00,20.00,20.16,0.00,19.51,20.00,0.00,20.00,DStar,
2613,17.85,AgentPrefab,Agent,MoveState,Moving,Goal,20.00,0.00,20.00,20.15,0.00,19.52,20.00,0.00,20.00,DStar,
2614,17.86,AgentPrefab,Agent,MoveState,Moving,Goal,20.00,0.00,20.00,20.15,0.00,19.54,20.00,0.00,20.00,DStar,
2615,17.86,AgentPrefab,Agent,MoveState,Moving,Goal,20.00,0.00,20.00,20.14,0.00,19.55,20.00,0.00,20.00,DStar,
2616,17.87,AgentPrefab,Agent,MoveState,Moving,Goal,20.00,0.00,20.00,20.14,0.00,19.56,20.00,0.00,20.00,DStar,
2617,17.88,AgentPrefab,Agent,MoveState,Moving,Goal,20.00,0.00,20.00,20.14,0.00,19.58,20.00,0.00,20.00,DStar,
2618,17.89,AgentPrefab,Agent,MoveState,Moving,Goal,20.00,0.00,20.00,20.13,0.00,19.59,20.00,0.00,20.00,DStar,
2619,17.89,AgentPrefab,Agent,MoveState,Moving,Goal,20.00,0.00,20.00,20.13,0.00,19.60,20.00,0.00,20.00,DStar,
2620,17.90,AgentPrefab,Agent,MoveState,Moving,Goal,20.00,0.00,20.00,20.12,0.00,19.62,20.00,0.00,20.00,DStar,
2621,17.91,AgentPrefab,Agent,MoveState,Moving,Goal,20.00,0.00,20.00,20.12,0.00,19.63,20.00,0.00,20.00,DStar,
2622,17.91,AgentPrefab,Agent,MoveState,Moving,Goal,20.00,0.00,20.00,20.11,0.00,19.65,20.00,0.00,20.00,DStar,
2623,17.92,AgentPrefab,Agent,MoveState,Moving,Goal,20.00,0.00,20.00,20.11,0.00,19.66,20.00,0.00,20.00,DStar,
2624,17.93,AgentPrefab,Agent,MoveState,Moving,Goal,20.00,0.00,20.00,20.10,0.00,19.67,20.00,0.00,20.00,DStar,
2625,17.94,AgentPrefab,Agent,MoveState,Moving,Goal,20.00,0.00,20.00,20.10,0.00,19.69,20.00,0.00,20.00,DStar,
2626,17.94,AgentPrefab,Agent,MoveState,Moving,Goal,20.00,0.00,20.00,20.10,0.00,19.70,20.00,0.00,20.00,DStar,
2627,17.95,AgentPrefab,Agent,MoveState,Moving,Goal,20.00,0.00,20.00,20.09,0.00,19.71,20.00,0.00,20.00,DStar,
2628,17.96,AgentPrefab,Agent,MoveState,Moving,Goal,20.00,0.00,20.00,20.09,0.00,19.73,20.00,0.00,20.00,DStar,
2629,17.96,AgentPrefab,Agent,MoveState,Moving,Goal,20.00,0.00,20.00,20.08,0.00,19.74,20.00,0.00,20.00,DStar,
2630,17.97,AgentPrefab,Agent,MoveState,Moving,Goal,20.00,0.00,20.00,20.08,0.00,19.76,20.00,0.00,20.00,DStar,
2631,17.98,AgentPrefab,Agent,MoveState,Moving,Goal,20.00,0.00,20.00,20.07,0.00,19.77,20.00,0.00,20.00,DStar,
2632,17.99,AgentPrefab,Agent,MoveState,Moving,Goal,20.00,0.00,20.00,20.07,0.00,19.78,20.00,0.00,20.00,DStar,
2633,17.99,AgentPrefab,Agent,MoveState,Moving,Goal,20.00,0.00,20.00,20.07,0.00,19.80,20.00,0.00,20.00,DStar,
2634,18.00,AgentPrefab,Agent,MoveState,Moving,Goal,20.00,0.00,20.00,20.06,0.00,19.81,20.00,0.00,20.00,DStar,
2635,18.01,AgentPrefab,Agent,MoveState,Moving,Goal,20.00,0.00,20.00,20.06,0.00,19.83,20.00,0.00,20.00,DStar,
2636,18.01,AIManager,Performance,Pathfinding,Executed,DStar,0.00,0.00,0.00,0.00,0.00,0.00,0.00,0.00,0.00,DStar,0.148
2636,18.01,AIManager,Performance,Pathfinding,Executed,DStar,0.00,0.00,0.00,0.00,0.00,0.00,0.00,0.00,0.00,DStar,0.134
2636,18.01,AgentPrefab,Agent,MoveState,Moving,Goal,20.00,0.00,20.00,20.05,0.00,19.84,20.05,0.00,19.84,DStar,
2637,18.04,AgentPrefab,Agent,MoveState,Moving,Goal,20.00,0.00,20.00,20.05,0.00,19.84,20.00,0.00,20.00,DStar,
2638,18.04,AgentPrefab,Agent,MoveState,Moving,Goal,20.00,0.00,20.00,20.04,0.00,19.88,20.00,0.00,20.00,DStar,
2639,18.05,AgentPrefab,Agent,MoveState,Moving,Goal,20.00,0.00,20.00,20.04,0.00,19.89,20.00,0.00,20.00,DStar,
2640,18.06,AgentPrefab,Agent,MoveState,Moving,Goal,20.00,0.00,20.00,20.03,0.00,19.90,20.00,0.00,20.00,DStar,
2641,18.06,AgentPrefab,Agent,MoveState,Moving,Goal,20.00,0.00,20.00,20.03,0.00,19.92,20.00,0.00,20.00,DStar,
2642,18.07,AgentPrefab,Agent,MoveState,Moving,Goal,20.00,0.00,20.00,20.02,0.00,19.93,20.00,0.00,20.00,DStar,
2643,18.08,AgentPrefab,Agent,MoveState,Moving,Goal,20.00,0.00,20.00,20.02,0.00,19.94,20.00,0.00,20.00,DStar,
2643,18.08,AIManager,Performance,Pathfinding,Executed,DStar,0.00,0.00,0.00,0.00,0.00,0.00,0.00,0.00,0.00,DStar,0.572
2643,18.08,AgentPrefab,Agent,MoveState,Moving,Goal,10.00,0.00,20.00,20.00,0.00,20.00,20.00,0.00,20.00,DStar,
2644,18.10,AgentPrefab,Agent,MoveState,Moving,Goal,10.00,0.00,20.00,20.00,0.00,20.00,20.00,0.00,20.00,DStar,
2645,18.10,AgentPrefab,Agent,MoveState,Moving,Goal,10.00,0.00,20.00,20.00,0.00,20.00,10.00,0.00,20.00,DStar,
2646,18.11,AgentPrefab,Agent,MoveState,Moving,Goal,10.00,0.00,20.00,19.99,0.00,20.00,10.00,0.00,20.00,DStar,
2647,18.12,AgentPrefab,Agent,MoveState,Moving,Goal,10.00,0.00,20.00,19.97,0.00,20.00,10.00,0.00,20.00,DStar,
2648,18.13,AgentPrefab,Agent,MoveState,Moving,Goal,10.00,0.00,20.00,19.96,0.00,20.00,10.00,0.00,20.00,DStar,
2649,18.13,AgentPrefab,Agent,MoveState,Moving,Goal,10.00,0.00,20.00,19.94,0.00,20.00,10.00,0.00,20.00,DStar,
2650,18.15,AgentPrefab,Agent,MoveState,Moving,Goal,10.00,0.00,20.00,19.93,0.00,20.00,10.00,0.00,20.00,DStar,
2651,18.16,AgentPrefab,Agent,MoveState,Moving,Goal,10.00,0.00,20.00,19.90,0.00,20.00,10.00,0.00,20.00,DStar,
2652,18.17,AgentPrefab,Agent,MoveState,Moving,Goal,10.00,0.00,20.00,19.88,0.00,20.00,10.00,0.00,20.00,DStar,
2653,18.17,AgentPrefab,Agent,MoveState,Moving,Goal,10.00,0.00,20.00,19.86,0.00,20.00,10.00,0.00,20.00,DStar,
2654,18.18,AgentPrefab,Agent,MoveState,Moving,Goal,10.00,0.00,20.00,19.85,0.00,20.00,10.00,0.00,20.00,DStar,
2655,18.19,AgentPrefab,Agent,MoveState,Moving,Goal,10.00,0.00,20.00,19.83,0.00,20.00,10.00,0.00,20.00,DStar,
2656,18.20,AgentPrefab,Agent,MoveState,Moving,Goal,10.00,0.00,20.00,19.82,0.00,20.00,10.00,0.00,20.00,DStar,
2657,18.20,AgentPrefab,Agent,MoveState,Moving,Goal,10.00,0.00,20.00,19.80,0.00,20.00,10.00,0.00,20.00,DStar,
2658,18.21,AgentPrefab,Agent,MoveState,Moving,Goal,10.00,0.00,20.00,19.79,0.00,20.00,10.00,0.00,20.00,DStar,
2659,18.22,AgentPrefab,Agent,MoveState,Moving,Goal,10.00,0.00,20.00,19.77,0.00,20.00,10.00,0.00,20.00,DStar,
2660,18.22,AgentPrefab,Agent,MoveState,Moving,Goal,10.00,0.00,20.00,19.76,0.00,20.00,10.00,0.00,20.00,DStar,
2661,18.23,AgentPrefab,Agent,MoveState,Moving,Goal,10.00,0.00,20.00,19.75,0.00,20.00,10.00,0.00,20.00,DStar,
2662,18.24,AgentPrefab,Agent,MoveState,Moving,Goal,10.00,0.00,20.00,19.73,0.00,20.00,10.00,0.00,20.00,DStar,
2663,18.25,AgentPrefab,Agent,MoveState,Moving,Goal,10.00,0.00,20.00,19.72,0.00,20.00,10.00,0.00,20.00,DStar,
2664,18.25,AgentPrefab,Agent,MoveState,Moving,Goal,10.00,0.00,20.00,19.70,0.00,20.00,10.00,0.00,20.00,DStar,
2665,18.26,AgentPrefab,Agent,MoveState,Moving,Goal,10.00,0.00,20.00,19.69,0.00,20.00,10.00,0.00,20.00,DStar,
2666,18.27,AgentPrefab,Agent,MoveState,Moving,Goal,10.00,0.00,20.00,19.68,0.00,20.00,10.00,0.00,20.00,DStar,
2667,18.27,AgentPrefab,Agent,MoveState,Moving,Goal,10.00,0.00,20.00,19.66,0.00,20.00,10.00,0.00,20.00,DStar,
2668,18.28,AgentPrefab,Agent,MoveState,Moving,Goal,10.00,0.00,20.00,19.65,0.00,20.00,10.00,0.00,20.00,DStar,
2669,18.29,AgentPrefab,Agent,MoveState,Moving,Goal,10.00,0.00,20.00,19.63,0.00,20.00,10.00,0.00,20.00,DStar,
2670,18.30,AgentPrefab,Agent,MoveState,Moving,Goal,10.00,0.00,20.00,19.62,0.00,20.00,10.00,0.00,20.00,DStar,
2671,18.30,AgentPrefab,Agent,MoveState,Moving,Goal,10.00,0.00,20.00,19.60,0.00,20.00,10.00,0.00,20.00,DStar,
2672,18.31,AgentPrefab,Agent,MoveState,Moving,Goal,10.00,0.00,20.00,19.59,0.00,20.00,10.00,0.00,20.00,DStar,
2673,18.32,AgentPrefab,Agent,MoveState,Moving,Goal,10.00,0.00,20.00,19.57,0.00,20.00,10.00,0.00,20.00,DStar,
2674,18.32,AgentPrefab,Agent,MoveState,Moving,Goal,10.00,0.00,20.00,19.56,0.00,20.00,10.00,0.00,20.00,DStar,
2675,18.33,AgentPrefab,Agent,MoveState,Moving,Goal,10.00,0.00,20.00,19.55,0.00,20.00,10.00,0.00,20.00,DStar,
2676,18.34,AgentPrefab,Agent,MoveState,Moving,Goal,10.00,0.00,20.00,19.53,0.00,20.00,10.00,0.00,20.00,DStar,
2677,18.35,AgentPrefab,Agent,MoveState,Moving,Goal,10.00,0.00,20.00,19.52,0.00,20.00,10.00,0.00,20.00,DStar,
2678,18.35,AgentPrefab,Agent,MoveState,Moving,Goal,10.00,0.00,20.00,19.50,0.00,20.00,10.00,0.00,20.00,DStar,
2679,18.36,AgentPrefab,Agent,MoveState,Moving,Goal,10.00,0.00,20.00,19.49,0.00,20.00,10.00,0.00,20.00,DStar,
2680,18.37,AgentPrefab,Agent,MoveState,Moving,Goal,10.00,0.00,20.00,19.47,0.00,20.00,10.00,0.00,20.00,DStar,
2681,18.38,AgentPrefab,Agent,MoveState,Moving,Goal,10.00,0.00,20.00,19.46,0.00,20.00,10.00,0.00,20.00,DStar,
2682,18.38,AgentPrefab,Agent,MoveState,Moving,Goal,10.00,0.00,20.00,19.44,0.00,20.00,10.00,0.00,20.00,DStar,
2683,18.39,AgentPrefab,Agent,MoveState,Moving,Goal,10.00,0.00,20.00,19.43,0.00,20.00,10.00,0.00,20.00,DStar,
2684,18.40,AgentPrefab,Agent,MoveState,Moving,Goal,10.00,0.00,20.00,19.41,0.00,20.00,10.00,0.00,20.00,DStar,
2685,18.41,AgentPrefab,Agent,MoveState,Moving,Goal,10.00,0.00,20.00,19.40,0.00,20.00,10.00,0.00,20.00,DStar,
2686,18.41,AgentPrefab,Agent,MoveState,Moving,Goal,10.00,0.00,20.00,19.38,0.00,20.00,10.00,0.00,20.00,DStar,
2687,18.42,AgentPrefab,Agent,MoveState,Moving,Goal,10.00,0.00,20.00,19.37,0.00,20.00,10.00,0.00,20.00,DStar,
2688,18.43,AgentPrefab,Agent,MoveState,Moving,Goal,10.00,0.00,20.00,19.36,0.00,20.00,10.00,0.00,20.00,DStar,
2689,18.43,AgentPrefab,Agent,MoveState,Moving,Goal,10.00,0.00,20.00,19.34,0.00,20.00,10.00,0.00,20.00,DStar,
2690,18.44,AgentPrefab,Agent,MoveState,Moving,Goal,10.00,0.00,20.00,19.33,0.00,20.00,10.00,0.00,20.00,DStar,
2691,18.45,AgentPrefab,Agent,MoveState,Moving,Goal,10.00,0.00,20.00,19.31,0.00,20.00,10.00,0.00,20.00,DStar,
2692,18.46,AgentPrefab,Agent,MoveState,Moving,Goal,10.00,0.00,20.00,19.30,0.00,20.00,10.00,0.00,20.00,DStar,
2693,18.46,AgentPrefab,Agent,MoveState,Moving,Goal,10.00,0.00,20.00,19.28,0.00,20.00,10.00,0.00,20.00,DStar,
2694,18.47,AgentPrefab,Agent,MoveState,Moving,Goal,10.00,0.00,20.00,19.27,0.00,20.00,10.00,0.00,20.00,DStar,
2695,18.48,AgentPrefab,Agent,MoveState,Moving,Goal,10.00,0.00,20.00,19.25,0.00,20.00,10.00,0.00,20.00,DStar,
2696,18.49,AgentPrefab,Agent,MoveState,Moving,Goal,10.00,0.00,20.00,19.24,0.00,20.00,10.00,0.00,20.00,DStar,
2697,18.49,AgentPrefab,Agent,MoveState,Moving,Goal,10.00,0.00,20.00,19.23,0.00,20.00,10.00,0.00,20.00,DStar,
2698,18.50,AgentPrefab,Agent,MoveState,Moving,Goal,10.00,0.00,20.00,19.21,0.00,20.00,10.00,0.00,20.00,DStar,
2699,18.51,AgentPrefab,Agent,MoveState,Moving,Goal,10.00,0.00,20.00,19.20,0.00,20.00,10.00,0.00,20.00,DStar,
2700,18.51,AgentPrefab,Agent,MoveState,Moving,Goal,10.00,0.00,20.00,19.18,0.00,20.00,10.00,0.00,20.00,DStar,
2701,18.52,AgentPrefab,Agent,MoveState,Moving,Goal,10.00,0.00,20.00,19.17,0.00,20.00,10.00,0.00,20.00,DStar,
2702,18.53,AgentPrefab,Agent,MoveState,Moving,Goal,10.00,0.00,20.00,19.15,0.00,20.00,10.00,0.00,20.00,DStar,
2703,18.54,AgentPrefab,Agent,MoveState,Moving,Goal,10.00,0.00,20.00,19.14,0.00,20.00,10.00,0.00,20.00,DStar,
2704,18.54,AgentPrefab,Agent,MoveState,Moving,Goal,10.00,0.00,20.00,19.13,0.00,20.00,10.00,0.00,20.00,DStar,
2705,18.55,AgentPrefab,Agent,MoveState,Moving,Goal,10.00,0.00,20.00,19.11,0.00,20.00,10.00,0.00,20.00,DStar,
2706,18.56,AgentPrefab,Agent,MoveState,Moving,Goal,10.00,0.00,20.00,19.10,0.00,20.00,10.00,0.00,20.00,DStar,
2707,18.56,AgentPrefab,Agent,MoveState,Moving,Goal,10.00,0.00,20.00,19.08,0.00,20.00,10.00,0.00,20.00,DStar,
2708,18.57,AgentPrefab,Agent,MoveState,Moving,Goal,10.00,0.00,20.00,19.07,0.00,20.00,10.00,0.00,20.00,DStar,
2709,18.58,AgentPrefab,Agent,MoveState,Moving,Goal,10.00,0.00,20.00,19.05,0.00,20.00,10.00,0.00,20.00,DStar,
2710,18.59,AgentPrefab,Agent,MoveState,Moving,Goal,10.00,0.00,20.00,19.04,0.00,20.00,10.00,0.00,20.00,DStar,
2711,18.59,AgentPrefab,Agent,MoveState,Moving,Goal,10.00,0.00,20.00,19.02,0.00,20.00,10.00,0.00,20.00,DStar,
2712,18.60,AgentPrefab,Agent,MoveState,Moving,Goal,10.00,0.00,20.00,19.01,0.00,20.00,10.00,0.00,20.00,DStar,
2713,18.61,AgentPrefab,Agent,MoveState,Moving,Goal,10.00,0.00,20.00,18.99,0.00,20.00,10.00,0.00,20.00,DStar,
2714,18.62,AgentPrefab,Agent,MoveState,Moving,Goal,10.00,0.00,20.00,18.98,0.00,20.00,10.00,0.00,20.00,DStar,
2715,18.62,AgentPrefab,Agent,MoveState,Moving,Goal,10.00,0.00,20.00,18.96,0.00,20.00,10.00,0.00,20.00,DStar,
2716,18.63,AgentPrefab,Agent,MoveState,Moving,Goal,10.00,0.00,20.00,18.95,0.00,20.00,10.00,0.00,20.00,DStar,
2717,18.64,AgentPrefab,Agent,MoveState,Moving,Goal,10.00,0.00,20.00,18.93,0.00,20.00,10.00,0.00,20.00,DStar,
2718,18.65,AgentPrefab,Agent,MoveState,Moving,Goal,10.00,0.00,20.00,18.92,0.00,20.00,10.00,0.00,20.00,DStar,
2719,18.65,AgentPrefab,Agent,MoveState,Moving,Goal,10.00,0.00,20.00,18.90,0.00,20.00,10.00,0.00,20.00,DStar,
2720,18.66,AgentPrefab,Agent,MoveState,Moving,Goal,10.00,0.00,20.00,18.89,0.00,20.00,10.00,0.00,20.00,DStar,
2721,18.67,AgentPrefab,Agent,MoveState,Moving,Goal,10.00,0.00,20.00,18.87,0.00,20.00,10.00,0.00,20.00,DStar,
2722,18.67,AgentPrefab,Agent,MoveState,Moving,Goal,10.00,0.00,20.00,18.86,0.00,20.00,10.00,0.00,20.00,DStar,
2723,18.68,AgentPrefab,Agent,MoveState,Moving,Goal,10.00,0.00,20.00,18.85,0.00,20.00,10.00,0.00,20.00,DStar,
2724,18.69,AgentPrefab,Agent,MoveState,Moving,Goal,10.00,0.00,20.00,18.83,0.00,20.00,10.00,0.00,20.00,DStar,
2725,18.70,AgentPrefab,Agent,MoveState,Moving,Goal,10.00,0.00,20.00,18.82,0.00,20.00,10.00,0.00,20.00,DStar,
2726,18.70,AgentPrefab,Agent,MoveState,Moving,Goal,10.00,0.00,20.00,18.80,0.00,20.00,10.00,0.00,20.00,DStar,
2727,18.71,AgentPrefab,Agent,MoveState,Moving,Goal,10.00,0.00,20.00,18.79,0.00,20.00,10.00,0.00,20.00,DStar,
2728,18.72,AgentPrefab,Agent,MoveState,Moving,Goal,10.00,0.00,20.00,18.77,0.00,20.00,10.00,0.00,20.00,DStar,
2729,18.73,AgentPrefab,Agent,MoveState,Moving,Goal,10.00,0.00,20.00,18.76,0.00,20.00,10.00,0.00,20.00,DStar,
2730,18.73,AgentPrefab,Agent,MoveState,Moving,Goal,10.00,0.00,20.00,18.74,0.00,20.00,10.00,0.00,20.00,DStar,
2731,18.74,AgentPrefab,Agent,MoveState,Moving,Goal,10.00,0.00,20.00,18.73,0.00,20.00,10.00,0.00,20.00,DStar,
2732,18.75,AgentPrefab,Agent,MoveState,Moving,Goal,10.00,0.00,20.00,18.71,0.00,20.00,10.00,0.00,20.00,DStar,
2733,18.75,AgentPrefab,Agent,MoveState,Moving,Goal,10.00,0.00,20.00,18.70,0.00,20.00,10.00,0.00,20.00,DStar,
2734,18.76,AgentPrefab,Agent,MoveState,Moving,Goal,10.00,0.00,20.00,18.69,0.00,20.00,10.00,0.00,20.00,DStar,
2735,18.77,AgentPrefab,Agent,MoveState,Moving,Goal,10.00,0.00,20.00,18.67,0.00,20.00,10.00,0.00,20.00,DStar,
2736,18.78,AgentPrefab,Agent,MoveState,Moving,Goal,10.00,0.00,20.00,18.66,0.00,20.00,10.00,0.00,20.00,DStar,
2737,18.78,AgentPrefab,Agent,MoveState,Moving,Goal,10.00,0.00,20.00,18.64,0.00,20.00,10.00,0.00,20.00,DStar,
2738,18.79,AgentPrefab,Agent,MoveState,Moving,Goal,10.00,0.00,20.00,18.63,0.00,20.00,10.00,0.00,20.00,DStar,
2739,18.80,AgentPrefab,Agent,MoveState,Moving,Goal,10.00,0.00,20.00,18.61,0.00,20.00,10.00,0.00,20.00,DStar,
2740,18.80,AgentPrefab,Agent,MoveState,Moving,Goal,10.00,0.00,20.00,18.60,0.00,20.00,10.00,0.00,20.00,DStar,
2741,18.81,AgentPrefab,Agent,MoveState,Moving,Goal,10.00,0.00,20.00,18.59,0.00,20.00,10.00,0.00,20.00,DStar,
2742,18.82,AgentPrefab,Agent,MoveState,Moving,Goal,10.00,0.00,20.00,18.57,0.00,20.00,10.00,0.00,20.00,DStar,
2743,18.83,AgentPrefab,Agent,MoveState,Moving,Goal,10.00,0.00,20.00,18.56,0.00,20.00,10.00,0.00,20.00,DStar,
2744,18.83,AgentPrefab,Agent,MoveState,Moving,Goal,10.00,0.00,20.00,18.54,0.00,20.00,10.00,0.00,20.00,DStar,
2745,18.85,AgentPrefab,Agent,MoveState,Moving,Goal,10.00,0.00,20.00,18.53,0.00,20.00,10.00,0.00,20.00,DStar,
2746,18.86,AgentPrefab,Agent,MoveState,Moving,Goal,10.00,0.00,20.00,18.49,0.00,20.00,10.00,0.00,20.00,DStar,
2747,18.87,AgentPrefab,Agent,MoveState,Moving,Goal,10.00,0.00,20.00,18.47,0.00,20.00,10.00,0.00,20.00,DStar,
2748,18.88,AgentPrefab,Agent,MoveState,Moving,Goal,10.00,0.00,20.00,18.46,0.00,20.00,10.00,0.00,20.00,DStar,
2749,18.88,AgentPrefab,Agent,MoveState,Moving,Goal,10.00,0.00,20.00,18.45,0.00,20.00,10.00,0.00,20.00,DStar,
2750,18.89,AgentPrefab,Agent,MoveState,Moving,Goal,10.00,0.00,20.00,18.43,0.00,20.00,10.00,0.00,20.00,DStar,
2751,18.90,AgentPrefab,Agent,MoveState,Moving,Goal,10.00,0.00,20.00,18.41,0.00,20.00,10.00,0.00,20.00,DStar,
2752,18.91,AgentPrefab,Agent,MoveState,Moving,Goal,10.00,0.00,20.00,18.40,0.00,20.00,10.00,0.00,20.00,DStar,
2753,18.91,AgentPrefab,Agent,MoveState,Moving,Goal,10.00,0.00,20.00,18.39,0.00,20.00,10.00,0.00,20.00,DStar,
2754,18.92,AgentPrefab,Agent,MoveState,Moving,Goal,10.00,0.00,20.00,18.37,0.00,20.00,10.00,0.00,20.00,DStar,
2755,18.93,AgentPrefab,Agent,MoveState,Moving,Goal,10.00,0.00,20.00,18.36,0.00,20.00,10.00,0.00,20.00,DStar,
2756,18.94,AgentPrefab,Agent,MoveState,Moving,Goal,10.00,0.00,20.00,18.34,0.00,20.00,10.00,0.00,20.00,DStar,
2757,18.94,AgentPrefab,Agent,MoveState,Moving,Goal,10.00,0.00,20.00,18.33,0.00,20.00,10.00,0.00,20.00,DStar,
2758,18.95,AgentPrefab,Agent,MoveState,Moving,Goal,10.00,0.00,20.00,18.31,0.00,20.00,10.00,0.00,20.00,DStar,
2759,18.96,AgentPrefab,Agent,MoveState,Moving,Goal,10.00,0.00,20.00,18.30,0.00,20.00,10.00,0.00,20.00,DStar,
2760,18.96,AgentPrefab,Agent,MoveState,Moving,Goal,10.00,0.00,20.00,18.28,0.00,20.00,10.00,0.00,20.00,DStar,
2761,18.97,AgentPrefab,Agent,MoveState,Moving,Goal,10.00,0.00,20.00,18.27,0.00,20.00,10.00,0.00,20.00,DStar,
2762,18.98,AgentPrefab,Agent,MoveState,Moving,Goal,10.00,0.00,20.00,18.25,0.00,20.00,10.00,0.00,20.00,DStar,
2763,18.98,AgentPrefab,Agent,MoveState,Moving,Goal,10.00,0.00,20.00,18.24,0.00,20.00,10.00,0.00,20.00,DStar,
2764,18.99,AgentPrefab,Agent,MoveState,Moving,Goal,10.00,0.00,20.00,18.23,0.00,20.00,10.00,0.00,20.00,DStar,
2765,19.00,AgentPrefab,Agent,MoveState,Moving,Goal,10.00,0.00,20.00,18.21,0.00,20.00,10.00,0.00,20.00,DStar,
2766,19.01,AgentPrefab,Agent,MoveState,Moving,Goal,10.00,0.00,20.00,18.20,0.00,20.00,10.00,0.00,20.00,DStar,
2767,19.01,AgentPrefab,Agent,MoveState,Moving,Goal,10.00,0.00,20.00,18.18,0.00,20.00,10.00,0.00,20.00,DStar,
2768,19.02,AgentPrefab,Agent,MoveState,Moving,Goal,10.00,0.00,20.00,18.17,0.00,20.00,10.00,0.00,20.00,DStar,
2769,19.03,AgentPrefab,Agent,MoveState,Moving,Goal,10.00,0.00,20.00,18.15,0.00,20.00,10.00,0.00,20.00,DStar,
2770,19.03,AgentPrefab,Agent,MoveState,Moving,Goal,10.00,0.00,20.00,18.14,0.00,20.00,10.00,0.00,20.00,DStar,
2771,19.04,AgentPrefab,Agent,MoveState,Moving,Goal,10.00,0.00,20.00,18.13,0.00,20.00,10.00,0.00,20.00,DStar,
2772,19.05,AgentPrefab,Agent,MoveState,Moving,Goal,10.00,0.00,20.00,18.11,0.00,20.00,10.00,0.00,20.00,DStar,
2773,19.06,AgentPrefab,Agent,MoveState,Moving,Goal,10.00,0.00,20.00,18.10,0.00,20.00,10.00,0.00,20.00,DStar,
2774,19.06,AgentPrefab,Agent,MoveState,Moving,Goal,10.00,0.00,20.00,18.08,0.00,20.00,10.00,0.00,20.00,DStar,
2775,19.07,AgentPrefab,Agent,MoveState,Moving,Goal,10.00,0.00,20.00,18.07,0.00,20.00,10.00,0.00,20.00,DStar,
2776,19.08,AgentPrefab,Agent,MoveState,Moving,Goal,10.00,0.00,20.00,18.05,0.00,20.00,10.00,0.00,20.00,DStar,
2777,19.08,AgentPrefab,Agent,MoveState,Moving,Goal,10.00,0.00,20.00,18.04,0.00,20.00,10.00,0.00,20.00,DStar,
2778,19.09,AgentPrefab,Agent,MoveState,Moving,Goal,10.00,0.00,20.00,18.03,0.00,20.00,10.00,0.00,20.00,DStar,
2779,19.10,AgentPrefab,Agent,MoveState,Moving,Goal,10.00,0.00,20.00,18.01,0.00,20.00,10.00,0.00,20.00,DStar,
2780,19.11,AgentPrefab,Agent,MoveState,Moving,Goal,10.00,0.00,20.00,18.00,0.00,20.00,10.00,0.00,20.00,DStar,
2781,19.11,AgentPrefab,Agent,MoveState,Moving,Goal,10.00,0.00,20.00,17.98,0.00,20.00,10.00,0.00,20.00,DStar,
2782,19.12,AgentPrefab,Agent,MoveState,Moving,Goal,10.00,0.00,20.00,17.97,0.00,20.00,10.00,0.00,20.00,DStar,
2783,19.13,AgentPrefab,Agent,MoveState,Moving,Goal,10.00,0.00,20.00,17.96,0.00,20.00,10.00,0.00,20.00,DStar,
2784,19.14,AgentPrefab,Agent,MoveState,Moving,Goal,10.00,0.00,20.00,17.94,0.00,20.00,10.00,0.00,20.00,DStar,
2785,19.14,AgentPrefab,Agent,MoveState,Moving,Goal,10.00,0.00,20.00,17.92,0.00,20.00,10.00,0.00,20.00,DStar,
2786,19.15,AgentPrefab,Agent,MoveState,Moving,Goal,10.00,0.00,20.00,17.91,0.00,20.00,10.00,0.00,20.00,DStar,
2787,19.16,AgentPrefab,Agent,MoveState,Moving,Goal,10.00,0.00,20.00,17.90,0.00,20.00,10.00,0.00,20.00,DStar,
2788,19.16,AgentPrefab,Agent,MoveState,Moving,Goal,10.00,0.00,20.00,17.88,0.00,20.00,10.00,0.00,20.00,DStar,
2789,19.17,AgentPrefab,Agent,MoveState,Moving,Goal,10.00,0.00,20.00,17.87,0.00,20.00,10.00,0.00,20.00,DStar,
2790,19.18,AgentPrefab,Agent,MoveState,Moving,Goal,10.00,0.00,20.00,17.85,0.00,20.00,10.00,0.00,20.00,DStar,
2791,19.19,AgentPrefab,Agent,MoveState,Moving,Goal,10.00,0.00,20.00,17.84,0.00,20.00,10.00,0.00,20.00,DStar,
2792,19.19,AgentPrefab,Agent,MoveState,Moving,Goal,10.00,0.00,20.00,17.82,0.00,20.00,10.00,0.00,20.00,DStar,
2793,19.20,AgentPrefab,Agent,MoveState,Moving,Goal,10.00,0.00,20.00,17.81,0.00,20.00,10.00,0.00,20.00,DStar,
2794,19.21,AgentPrefab,Agent,MoveState,Moving,Goal,10.00,0.00,20.00,17.80,0.00,20.00,10.00,0.00,20.00,DStar,
2795,19.22,AgentPrefab,Agent,MoveState,Moving,Goal,10.00,0.00,20.00,17.78,0.00,20.00,10.00,0.00,20.00,DStar,
2796,19.22,AgentPrefab,Agent,MoveState,Moving,Goal,10.00,0.00,20.00,17.77,0.00,20.00,10.00,0.00,20.00,DStar,
2797,19.23,AgentPrefab,Agent,MoveState,Moving,Goal,10.00,0.00,20.00,17.75,0.00,20.00,10.00,0.00,20.00,DStar,
2798,19.24,AgentPrefab,Agent,MoveState,Moving,Goal,10.00,0.00,20.00,17.74,0.00,20.00,10.00,0.00,20.00,DStar,
2799,19.24,AgentPrefab,Agent,MoveState,Moving,Goal,10.00,0.00,20.00,17.72,0.00,20.00,10.00,0.00,20.00,DStar,
2800,19.25,AgentPrefab,Agent,MoveState,Moving,Goal,10.00,0.00,20.00,17.71,0.00,20.00,10.00,0.00,20.00,DStar,
2801,19.26,AgentPrefab,Agent,MoveState,Moving,Goal,10.00,0.00,20.00,17.70,0.00,20.00,10.00,0.00,20.00,DStar,
2802,19.26,AgentPrefab,Agent,MoveState,Moving,Goal,10.00,0.00,20.00,17.68,0.00,20.00,10.00,0.00,20.00,DStar,
2803,19.27,AgentPrefab,Agent,MoveState,Moving,Goal,10.00,0.00,20.00,17.67,0.00,20.00,10.00,0.00,20.00,DStar,
2804,19.28,AgentPrefab,Agent,MoveState,Moving,Goal,10.00,0.00,20.00,17.65,0.00,20.00,10.00,0.00,20.00,DStar,
2805,19.29,AgentPrefab,Agent,MoveState,Moving,Goal,10.00,0.00,20.00,17.64,0.00,20.00,10.00,0.00,20.00,DStar,
2806,19.29,AgentPrefab,Agent,MoveState,Moving,Goal,10.00,0.00,20.00,17.62,0.00,20.00,10.00,0.00,20.00,DStar,
2807,19.30,AgentPrefab,Agent,MoveState,Moving,Goal,10.00,0.00,20.00,17.61,0.00,20.00,10.00,0.00,20.00,DStar,
2808,19.31,AgentPrefab,Agent,MoveState,Moving,Goal,10.00,0.00,20.00,17.59,0.00,20.00,10.00,0.00,20.00,DStar,
2809,19.31,AgentPrefab,Agent,MoveState,Moving,Goal,10.00,0.00,20.00,17.58,0.00,20.00,10.00,0.00,20.00,DStar,
2810,19.32,AgentPrefab,Agent,MoveState,Moving,Goal,10.00,0.00,20.00,17.57,0.00,20.00,10.00,0.00,20.00,DStar,
2811,19.33,AgentPrefab,Agent,MoveState,Moving,Goal,10.00,0.00,20.00,17.55,0.00,20.00,10.00,0.00,20.00,DStar,
2812,19.34,AgentPrefab,Agent,MoveState,Moving,Goal,10.00,0.00,20.00,17.54,0.00,20.00,10.00,0.00,20.00,DStar,
2813,19.34,AgentPrefab,Agent,MoveState,Moving,Goal,10.00,0.00,20.00,17.52,0.00,20.00,10.00,0.00,20.00,DStar,
2814,19.35,AgentPrefab,Agent,MoveState,Moving,Goal,10.00,0.00,20.00,17.51,0.00,20.00,10.00,0.00,20.00,DStar,
2815,19.36,AgentPrefab,Agent,MoveState,Moving,Goal,10.00,0.00,20.00,17.50,0.00,20.00,10.00,0.00,20.00,DStar,
2816,19.36,AgentPrefab,Agent,MoveState,Moving,Goal,10.00,0.00,20.00,17.48,0.00,20.00,10.00,0.00,20.00,DStar,
2817,19.38,AgentPrefab,Agent,MoveState,Moving,Goal,10.00,0.00,20.00,17.47,0.00,20.00,10.00,0.00,20.00,DStar,
2818,19.38,AgentPrefab,Agent,MoveState,Moving,Goal,10.00,0.00,20.00,17.45,0.00,20.00,10.00,0.00,20.00,DStar,
2819,19.39,AgentPrefab,Agent,MoveState,Moving,Goal,10.00,0.00,20.00,17.43,0.00,20.00,10.00,0.00,20.00,DStar,
2820,19.39,AgentPrefab,Agent,MoveState,Moving,Goal,10.00,0.00,20.00,17.42,0.00,20.00,10.00,0.00,20.00,DStar,
2821,19.40,AgentPrefab,Agent,MoveState,Moving,Goal,10.00,0.00,20.00,17.41,0.00,20.00,10.00,0.00,20.00,DStar,
2822,19.41,AgentPrefab,Agent,MoveState,Moving,Goal,10.00,0.00,20.00,17.39,0.00,20.00,10.00,0.00,20.00,DStar,
2823,19.42,AgentPrefab,Agent,MoveState,Moving,Goal,10.00,0.00,20.00,17.38,0.00,20.00,10.00,0.00,20.00,DStar,
2824,19.42,AgentPrefab,Agent,MoveState,Moving,Goal,10.00,0.00,20.00,17.36,0.00,20.00,10.00,0.00,20.00,DStar,
2825,19.43,AgentPrefab,Agent,MoveState,Moving,Goal,10.00,0.00,20.00,17.35,0.00,20.00,10.00,0.00,20.00,DStar,
2826,19.44,AgentPrefab,Agent,MoveState,Moving,Goal,10.00,0.00,20.00,17.33,0.00,20.00,10.00,0.00,20.00,DStar,
2827,19.45,AgentPrefab,Agent,MoveState,Moving,Goal,10.00,0.00,20.00,17.32,0.00,20.00,10.00,0.00,20.00,DStar,
2828,19.45,AgentPrefab,Agent,MoveState,Moving,Goal,10.00,0.00,20.00,17.31,0.00,20.00,10.00,0.00,20.00,DStar,
2829,19.46,AgentPrefab,Agent,MoveState,Moving,Goal,10.00,0.00,20.00,17.29,0.00,20.00,10.00,0.00,20.00,DStar,
2830,19.47,AgentPrefab,Agent,MoveState,Moving,Goal,10.00,0.00,20.00,17.28,0.00,20.00,10.00,0.00,20.00,DStar,
2831,19.47,AgentPrefab,Agent,MoveState,Moving,Goal,10.00,0.00,20.00,17.26,0.00,20.00,10.00,0.00,20.00,DStar,
2832,19.48,AgentPrefab,Agent,MoveState,Moving,Goal,10.00,0.00,20.00,17.25,0.00,20.00,10.00,0.00,20.00,DStar,
2833,19.49,AgentPrefab,Agent,MoveState,Moving,Goal,10.00,0.00,20.00,17.23,0.00,20.00,10.00,0.00,20.00,DStar,
2834,19.50,AgentPrefab,Agent,MoveState,Moving,Goal,10.00,0.00,20.00,17.22,0.00,20.00,10.00,0.00,20.00,DStar,
