Frame,Time,Object,Type,State,Action,Target,TargetX,TargetY,TargetZ,CurrentX,CurrentY,CurrentZ,NextX,NextY,NextZ,AIType,CPU(ms)
122,0.51,AgentPrefab,Agent,IdleState,Idling,Goal,0.00,0.00,0.00,0.00,0.00,0.00,0.00,0.00,0.00,NavMesh,
123,0.52,AgentPrefab,Agent,SearchState,Searching,Goal,0.00,0.00,0.00,0.00,0.00,0.00,0.00,0.00,0.00,NavMesh,
124,0.53,AgentPrefab,Agent,SearchState,Searching,Goal,0.00,0.00,0.00,0.00,0.00,0.00,0.00,0.00,0.00,NavMesh,
125,0.54,AgentPrefab,Agent,SearchState,Searching,Goal,0.00,0.00,0.00,0.00,0.00,0.00,0.00,0.00,0.00,NavMesh,
126,0.55,AgentPrefab,Agent,SearchState,Searching,Goal,0.00,0.00,0.00,0.00,0.00,0.00,0.00,0.00,0.00,NavMesh,
127,0.55,AgentPrefab,Agent,SearchState,Searching,Goal,0.00,0.00,0.00,0.00,0.00,0.00,0.00,0.00,0.00,NavMesh,
128,0.56,AgentPrefab,Agent,SearchState,Searching,Goal,0.00,0.00,0.00,0.00,0.00,0.00,0.00,0.00,0.00,NavMesh,
129,0.57,AgentPrefab,Agent,SearchState,Searching,Goal,0.00,0.00,0.00,0.00,0.00,0.00,0.00,0.00,0.00,NavMesh,
130,0.58,AgentPrefab,Agent,SearchState,Searching,Goal,0.00,0.00,0.00,0.00,0.00,0.00,0.00,0.00,0.00,NavMesh,
131,0.58,AgentPrefab,Agent,SearchState,Searching,Goal,0.00,0.00,0.00,0.00,0.00,0.00,0.00,0.00,0.00,NavMesh,
132,0.59,AgentPrefab,Agent,SearchState,Searching,Goal,0.00,0.00,0.00,0.00,0.00,0.00,0.00,0.00,0.00,NavMesh,
133,0.60,AgentPrefab,Agent,SearchState,Searching,Goal,0.00,0.00,0.00,0.00,0.00,0.00,0.00,0.00,0.00,NavMesh,
134,0.61,AgentPrefab,Agent,SearchState,Searching,Goal,0.00,0.00,0.00,0.00,0.00,0.00,0.00,0.00,0.00,NavMesh,
135,0.63,AgentPrefab,Agent,SearchState,Searching,Goal,0.00,0.00,0.00,0.00,0.00,0.00,0.00,0.00,0.00,NavMesh,
136,0.64,AgentPrefab,Agent,SearchState,Searching,Goal,0.00,0.00,0.00,0.00,0.00,0.00,0.00,0.00,0.00,NavMesh,
137,0.64,AgentPrefab,Agent,SearchState,Searching,Goal,0.00,0.00,0.00,0.00,0.00,0.00,0.00,0.00,0.00,NavMesh,
138,0.65,AgentPrefab,Agent,SearchState,Searching,Goal,0.00,0.00,0.00,0.00,0.00,0.00,0.00,0.00,0.00,NavMesh,
139,0.66,AgentPrefab,Agent,SearchState,Searching,Goal,0.00,0.00,0.00,0.00,0.00,0.00,0.00,0.00,0.00,NavMesh,
140,0.66,AgentPrefab,Agent,SearchState,Searching,Goal,0.00,0.00,0.00,0.00,0.00,0.00,0.00,0.00,0.00,NavMesh,
141,0.67,AgentPrefab,Agent,SearchState,Searching,Goal,0.00,0.00,0.00,0.00,0.00,0.00,0.00,0.00,0.00,NavMesh,
142,0.68,AgentPrefab,Agent,SearchState,Searching,Goal,0.00,0.00,0.00,0.00,0.00,0.00,0.00,0.00,0.00,NavMesh,
143,0.69,AgentPrefab,Agent,SearchState,Searching,Goal,0.00,0.00,0.00,0.00,0.00,0.00,0.00,0.00,0.00,NavMesh,
144,0.70,AgentPrefab,Agent,SearchState,Searching,Goal,0.00,0.00,0.00,0.00,0.00,0.00,0.00,0.00,0.00,NavMesh,
145,0.70,AgentPrefab,Agent,SearchState,Searching,Goal,0.00,0.00,0.00,0.00,0.00,0.00,0.00,0.00,0.00,NavMesh,
146,0.71,AgentPrefab,Agent,SearchState,Searching,Goal,0.00,0.00,0.00,0.00,0.00,0.00,0.00,0.00,0.00,NavMesh,
147,0.72,AgentPrefab,Agent,SearchState,Searching,Goal,0.00,0.00,0.00,0.00,0.00,0.00,0.00,0.00,0.00,NavMesh,
148,0.72,AgentPrefab,Agent,SearchState,Searching,Goal,0.00,0.00,0.00,0.00,0.00,0.00,0.00,0.00,0.00,NavMesh,
149,0.73,AgentPrefab,Agent,SearchState,Searching,Goal,0.00,0.00,0.00,0.00,0.00,0.00,0.00,0.00,0.00,NavMesh,
150,0.74,AgentPrefab,Agent,SearchState,Searching,Goal,0.00,0.00,0.00,0.00,0.00,0.00,0.00,0.00,0.00,NavMesh,
151,0.74,AgentPrefab,Agent,SearchState,Searching,Goal,0.00,0.00,0.00,0.00,0.00,0.00,0.00,0.00,0.00,NavMesh,
152,0.75,AgentPrefab,Agent,SearchState,Searching,Goal,0.00,0.00,0.00,0.00,0.00,0.00,0.00,0.00,0.00,NavMesh,
153,0.76,AgentPrefab,Agent,SearchState,Searching,Goal,0.00,0.00,0.00,0.00,0.00,0.00,0.00,0.00,0.00,NavMesh,
154,0.77,AgentPrefab,Agent,SearchState,Searching,Goal,0.00,0.00,0.00,0.00,0.00,0.00,0.00,0.00,0.00,NavMesh,
155,0.77,AgentPrefab,Agent,SearchState,Searching,Goal,0.00,0.00,0.00,0.00,0.00,0.00,0.00,0.00,0.00,NavMesh,
156,0.78,AgentPrefab,Agent,SearchState,Searching,Goal,0.00,0.00,0.00,0.00,0.00,0.00,0.00,0.00,0.00,NavMesh,
157,0.79,AgentPrefab,Agent,SearchState,Searching,Goal,0.00,0.00,0.00,0.00,0.00,0.00,0.00,0.00,0.00,NavMesh,
158,0.80,AgentPrefab,Agent,SearchState,Searching,Goal,0.00,0.00,0.00,0.00,0.00,0.00,0.00,0.00,0.00,NavMesh,
159,0.80,AgentPrefab,Agent,SearchState,Searching,Goal,0.00,0.00,0.00,0.00,0.00,0.00,0.00,0.00,0.00,NavMesh,
160,0.81,AgentPrefab,Agent,SearchState,Searching,Goal,0.00,0.00,0.00,0.00,0.00,0.00,0.00,0.00,0.00,NavMesh,
161,0.82,AgentPrefab,Agent,SearchState,Searching,Goal,0.00,0.00,0.00,0.00,0.00,0.00,0.00,0.00,0.00,NavMesh,
162,0.83,AgentPrefab,Agent,SearchState,Searching,Goal,0.00,0.00,0.00,0.00,0.00,0.00,0.00,0.00,0.00,NavMesh,
163,0.83,AgentPrefab,Agent,SearchState,Searching,Goal,0.00,0.00,0.00,0.00,0.00,0.00,0.00,0.00,0.00,NavMesh,
164,0.84,AgentPrefab,Agent,SearchState,Searching,Goal,0.00,0.00,0.00,0.00,0.00,0.00,0.00,0.00,0.00,NavMesh,
165,0.85,AgentPrefab,Agent,SearchState,Searching,Goal,0.00,0.00,0.00,0.00,0.00,0.00,0.00,0.00,0.00,NavMesh,
166,0.85,AgentPrefab,Agent,SearchState,Searching,Goal,0.00,0.00,0.00,0.00,0.00,0.00,0.00,0.00,0.00,NavMesh,
167,0.86,AgentPrefab,Agent,SearchState,Searching,Goal,0.00,0.00,0.00,0.00,0.00,0.00,0.00,0.00,0.00,NavMesh,
168,0.87,AgentPrefab,Agent,SearchState,Searching,Goal,0.00,0.00,0.00,0.00,0.00,0.00,0.00,0.00,0.00,NavMesh,
169,0.87,AgentPrefab,Agent,SearchState,Searching,Goal,0.00,0.00,0.00,0.00,0.00,0.00,0.00,0.00,0.00,NavMesh,
170,0.88,AgentPrefab,Agent,SearchState,Searching,Goal,0.00,0.00,0.00,0.00,0.00,0.00,0.00,0.00,0.00,NavMesh,
171,0.89,AgentPrefab,Agent,SearchState,Searching,Goal,0.00,0.00,0.00,0.00,0.00,0.00,0.00,0.00,0.00,NavMesh,
172,0.89,AgentPrefab,Agent,SearchState,Searching,Goal,0.00,0.00,0.00,0.00,0.00,0.00,0.00,0.00,0.00,NavMesh,
173,0.90,AgentPrefab,Agent,SearchState,Searching,Goal,0.00,0.00,0.00,0.00,0.00,0.00,0.00,0.00,0.00,NavMesh,
174,0.90,AgentPrefab,Agent,SearchState,Searching,Goal,0.00,0.00,0.00,0.00,0.00,0.00,0.00,0.00,0.00,NavMesh,
175,0.91,AgentPrefab,Agent,SearchState,Searching,Goal,0.00,0.00,0.00,0.00,0.00,0.00,0.00,0.00,0.00,NavMesh,
176,0.92,AgentPrefab,Agent,SearchState,Searching,Goal,0.00,0.00,0.00,0.00,0.00,0.00,0.00,0.00,0.00,NavMesh,
177,0.92,AgentPrefab,Agent,SearchState,Searching,Goal,0.00,0.00,0.00,0.00,0.00,0.00,0.00,0.00,0.00,NavMesh,
178,0.93,AgentPrefab,Agent,SearchState,Searching,Goal,0.00,0.00,0.00,0.00,0.00,0.00,0.00,0.00,0.00,NavMesh,
179,0.94,AgentPrefab,Agent,SearchState,Searching,Goal,0.00,0.00,0.00,0.00,0.00,0.00,0.00,0.00,0.00,NavMesh,
180,0.94,AgentPrefab,Agent,SearchState,Searching,Goal,0.00,0.00,0.00,0.00,0.00,0.00,0.00,0.00,0.00,NavMesh,
181,0.95,AgentPrefab,Agent,SearchState,Searching,Goal,0.00,0.00,0.00,0.00,0.00,0.00,0.00,0.00,0.00,NavMesh,
182,0.95,AgentPrefab,Agent,SearchState,Searching,Goal,0.00,0.00,0.00,0.00,0.00,0.00,0.00,0.00,0.00,NavMesh,
183,0.96,AgentPrefab,Agent,SearchState,Searching,Goal,0.00,0.00,0.00,0.00,0.00,0.00,0.00,0.00,0.00,NavMesh,
184,0.97,AgentPrefab,Agent,SearchState,Searching,Goal,0.00,0.00,0.00,0.00,0.00,0.00,0.00,0.00,0.00,NavMesh,
185,0.97,AgentPrefab,Agent,SearchState,Searching,Goal,0.00,0.00,0.00,0.00,0.00,0.00,0.00,0.00,0.00,NavMesh,
186,0.98,AgentPrefab,Agent,SearchState,Searching,Goal,0.00,0.00,0.00,0.00,0.00,0.00,0.00,0.00,0.00,NavMesh,
187,0.98,AgentPrefab,Agent,SearchState,Searching,Goal,0.00,0.00,0.00,0.00,0.00,0.00,0.00,0.00,0.00,NavMesh,
188,0.99,AgentPrefab,Agent,SearchState,Searching,Goal,0.00,0.00,0.00,0.00,0.00,0.00,0.00,0.00,0.00,NavMesh,
189,1.00,AgentPrefab,Agent,SearchState,Searching,Goal,0.00,0.00,0.00,0.00,0.00,0.00,0.00,0.00,0.00,NavMesh,
190,1.00,AgentPrefab,Agent,SearchState,Searching,Goal,0.00,0.00,0.00,0.00,0.00,0.00,0.00,0.00,0.00,NavMesh,
190,1.00,AIManager,Performance,Pathfinding,Executed,NavMesh,0.00,0.00,0.00,0.00,0.00,0.00,0.00,0.00,0.00,NavMesh,0.731
191,1.01,AgentPrefab,Agent,SearchState,Searching,Goal,11.00,0.00,11.00,0.00,0.00,0.00,0.00,0.24,0.00,NavMesh,
191,1.01,AgentPrefab,Agent,MoveState,Moving,Goal,11.00,0.00,11.00,0.00,0.00,0.00,0.00,0.24,0.00,NavMesh,
192,1.03,AgentPrefab,Agent,MoveState,Moving,Goal,11.00,0.00,11.00,0.00,0.00,0.00,0.00,0.24,0.00,NavMesh,
193,1.03,AgentPrefab,Agent,MoveState,Moving,Goal,11.00,0.00,11.00,0.00,0.03,0.00,0.00,0.24,0.00,NavMesh,
194,1.04,AgentPrefab,Agent,MoveState,Moving,Goal,11.00,0.00,11.00,0.00,0.04,0.00,0.00,0.24,0.00,NavMesh,
195,1.05,AgentPrefab,Agent,MoveState,Moving,Goal,11.00,0.00,11.00,0.00,0.05,0.00,0.00,0.24,0.00,NavMesh,
196,1.05,AgentPrefab,Agent,MoveState,Moving,Goal,11.00,0.00,11.00,0.00,0.06,0.00,0.00,0.24,0.00,NavMesh,
197,1.06,AgentPrefab,Agent,MoveState,Moving,Goal,11.00,0.00,11.00,0.00,0.08,0.00,0.00,0.24,0.00,NavMesh,
198,1.06,AgentPrefab,Agent,MoveState,Moving,Goal,11.00,0.00,11.00,0.00,0.09,0.00,0.00,0.24,0.00,NavMesh,
199,1.07,AgentPrefab,Agent,MoveState,Moving,Goal,11.00,0.00,11.00,0.00,0.10,0.00,0.00,0.24,0.00,NavMesh,
200,1.08,AgentPrefab,Agent,MoveState,Moving,Goal,11.00,0.00,11.00,0.00,0.11,0.00,0.00,0.24,0.00,NavMesh,
201,1.08,AgentPrefab,Agent,MoveState,Moving,Goal,11.00,0.00,11.00,0.00,0.12,0.00,0.00,0.24,0.00,NavMesh,
202,1.09,AgentPrefab,Agent,MoveState,Moving,Goal,11.00,0.00,11.00,0.00,0.14,0.00,0.00,0.24,0.00,NavMesh,
203,1.10,AgentPrefab,Agent,MoveState,Moving,Goal,11.00,0.00,11.00,0.00,0.15,0.00,0.00,0.24,0.00,NavMesh,
204,1.10,AgentPrefab,Agent,MoveState,Moving,Goal,11.00,0.00,11.00,0.00,0.16,0.00,0.00,0.24,0.00,NavMesh,
205,1.11,AgentPrefab,Agent,MoveState,Moving,Goal,11.00,0.00,11.00,0.00,0.18,0.00,0.00,0.24,0.00,NavMesh,
206,1.11,AgentPrefab,Agent,MoveState,Moving,Goal,11.00,0.00,11.00,0.00,0.24,0.00,5.50,0.08,8.33,NavMesh,
207,1.12,AgentPrefab,Agent,MoveState,Moving,Goal,11.00,0.00,11.00,0.01,0.24,0.01,5.50,0.08,8.33,NavMesh,
208,1.13,AgentPrefab,Agent,MoveState,Moving,Goal,11.00,0.00,11.00,0.01,0.24,0.02,5.50,0.08,8.33,NavMesh,
209,1.13,AgentPrefab,Agent,MoveState,Moving,Goal,11.00,0.00,11.00,0.02,0.24,0.03,5.50,0.08,8.33,NavMesh,
210,1.14,AgentPrefab,Agent,MoveState,Moving,Goal,11.00,0.00,11.00,0.03,0.23,0.04,5.50,0.08,8.33,NavMesh,
211,1.15,AgentPrefab,Agent,MoveState,Moving,Goal,11.00,0.00,11.00,0.03,0.23,0.05,5.50,0.08,8.33,NavMesh,
212,1.15,AgentPrefab,Agent,MoveState,Moving,Goal,11.00,0.00,11.00,0.04,0.23,0.06,5.50,0.08,8.33,NavMesh,
213,1.16,AgentPrefab,Agent,MoveState,Moving,Goal,11.00,0.00,11.00,0.05,0.23,0.07,5.50,0.08,8.33,NavMesh,
214,1.16,AgentPrefab,Agent,MoveState,Moving,Goal,11.00,0.00,11.00,0.05,0.23,0.08,5.50,0.08,8.33,NavMesh,
215,1.17,AgentPrefab,Agent,MoveState,Moving,Goal,11.00,0.00,11.00,0.06,0.23,0.09,5.50,0.08,8.33,NavMesh,
216,1.18,AgentPrefab,Agent,MoveState,Moving,Goal,11.00,0.00,11.00,0.07,0.23,0.10,5.50,0.08,8.33,NavMesh,
217,1.18,AgentPrefab,Agent,MoveState,Moving,Goal,11.00,0.00,11.00,0.08,0.23,0.11,5.50,0.08,8.33,NavMesh,
218,1.19,AgentPrefab,Agent,MoveState,Moving,Goal,11.00,0.00,11.00,0.08,0.23,0.12,5.50,0.08,8.33,NavMesh,
219,1.20,AgentPrefab,Agent,MoveState,Moving,Goal,11.00,0.00,11.00,0.09,0.23,0.13,5.50,0.08,8.33,NavMesh,
220,1.20,AgentPrefab,Agent,MoveState,Moving,Goal,11.00,0.00,11.00,0.10,0.23,0.14,5.50,0.08,8.33,NavMesh,
221,1.21,AgentPrefab,Agent,MoveState,Moving,Goal,11.00,0.00,11.00,0.10,0.23,0.16,5.50,0.08,8.33,NavMesh,
222,1.21,AgentPrefab,Agent,MoveState,Moving,Goal,11.00,0.00,11.00,0.11,0.23,0.17,5.50,0.08,8.33,NavMesh,
223,1.22,AgentPrefab,Agent,MoveState,Moving,Goal,11.00,0.00,11.00,0.12,0.23,0.18,5.50,0.08,8.33,NavMesh,
224,1.23,AgentPrefab,Agent,MoveState,Moving,Goal,11.00,0.00,11.00,0.12,0.23,0.19,5.50,0.08,8.33,NavMesh,
225,1.23,AgentPrefab,Agent,MoveState,Moving,Goal,11.00,0.00,11.00,0.13,0.23,0.20,5.50,0.08,8.33,NavMesh,
226,1.24,AgentPrefab,Agent,MoveState,Moving,Goal,11.00,0.00,11.00,0.14,0.23,0.21,5.50,0.08,8.33,NavMesh,
227,1.24,AgentPrefab,Agent,MoveState,Moving,Goal,11.00,0.00,11.00,0.14,0.23,0.22,5.50,0.08,8.33,NavMesh,
228,1.25,AgentPrefab,Agent,MoveState,Moving,Goal,11.00,0.00,11.00,0.15,0.23,0.23,5.50,0.08,8.33,NavMesh,
229,1.26,AgentPrefab,Agent,MoveState,Moving,Goal,11.00,0.00,11.00,0.16,0.23,0.24,5.50,0.08,8.33,NavMesh,
230,1.26,AgentPrefab,Agent,MoveState,Moving,Goal,11.00,0.00,11.00,0.16,0.23,0.25,5.50,0.08,8.33,NavMesh,
231,1.27,AgentPrefab,Agent,MoveState,Moving,Goal,11.00,0.00,11.00,0.17,0.23,0.26,5.50,0.08,8.33,NavMesh,
232,1.28,AgentPrefab,Agent,MoveState,Moving,Goal,11.00,0.00,11.00,0.18,0.23,0.27,5.50,0.08,8.33,NavMesh,
233,1.28,AgentPrefab,Agent,MoveState,Moving,Goal,11.00,0.00,11.00,0.18,0.23,0.28,5.50,0.08,8.33,NavMesh,
234,1.29,AgentPrefab,Agent,MoveState,Moving,Goal,11.00,0.00,11.00,0.19,0.23,0.29,5.50,0.08,8.33,NavMesh,
235,1.29,AgentPrefab,Agent,MoveState,Moving,Goal,11.00,0.00,11.00,0.20,0.23,0.30,5.50,0.08,8.33,NavMesh,
236,1.30,AgentPrefab,Agent,MoveState,Moving,Goal,11.00,0.00,11.00,0.20,0.23,0.31,5.50,0.08,8.33,NavMesh,
237,1.31,AgentPrefab,Agent,MoveState,Moving,Goal,11.00,0.00,11.00,0.21,0.23,0.32,5.50,0.08,8.33,NavMesh,
238,1.31,AgentPrefab,Agent,MoveState,Moving,Goal,11.00,0.00,11.00,0.22,0.23,0.33,5.50,0.08,8.33,NavMesh,
239,1.32,AgentPrefab,Agent,MoveState,Moving,Goal,11.00,0.00,11.00,0.22,0.23,0.34,5.50,0.08,8.33,NavMesh,
240,1.32,AgentPrefab,Agent,MoveState,Moving,Goal,11.00,0.00,11.00,0.23,0.23,0.35,5.50,0.08,8.33,NavMesh,
241,1.33,AgentPrefab,Agent,MoveState,Moving,Goal,11.00,0.00,11.00,0.24,0.23,0.36,5.50,0.08,8.33,NavMesh,
242,1.34,AgentPrefab,Agent,MoveState,Moving,Goal,11.00,0.00,11.00,0.24,0.23,0.37,5.50,0.08,8.33,NavMesh,
243,1.34,AgentPrefab,Agent,MoveState,Moving,Goal,11.00,0.00,11.00,0.25,0.23,0.38,5.50,0.08,8.33,NavMesh,
244,1.35,AgentPrefab,Agent,MoveState,Moving,Goal,11.00,0.00,11.00,0.26,0.23,0.39,5.50,0.08,8.33,NavMesh,
245,1.35,AgentPrefab,Agent,MoveState,Moving,Goal,11.00,0.00,11.00,0.26,0.23,0.40,5.50,0.08,8.33,NavMesh,
246,1.36,AgentPrefab,Agent,MoveState,Moving,Goal,11.00,0.00,11.00,0.27,0.23,0.41,5.50,0.08,8.33,NavMesh,
247,1.37,AgentPrefab,Agent,MoveState,Moving,Goal,11.00,0.00,11.00,0.28,0.23,0.42,5.50,0.08,8.33,NavMesh,
248,1.37,AgentPrefab,Agent,MoveState,Moving,Goal,11.00,0.00,11.00,0.28,0.23,0.43,5.50,0.08,8.33,NavMesh,
249,1.38,AgentPrefab,Agent,MoveState,Moving,Goal,11.00,0.00,11.00,0.29,0.23,0.44,5.50,0.08,8.33,NavMesh,
250,1.38,AgentPrefab,Agent,MoveState,Moving,Goal,11.00,0.00,11.00,0.30,0.23,0.45,5.50,0.08,8.33,NavMesh,
251,1.39,AgentPrefab,Agent,MoveState,Moving,Goal,11.00,0.00,11.00,0.30,0.23,0.46,5.50,0.08,8.33,NavMesh,
252,1.40,AgentPrefab,Agent,MoveState,Moving,Goal,11.00,0.00,11.00,0.31,0.23,0.47,5.50,0.08,8.33,NavMesh,
253,1.40,AgentPrefab,Agent,MoveState,Moving,Goal,11.00,0.00,11.00,0.32,0.23,0.48,5.50,0.08,8.33,NavMesh,
254,1.41,AgentPrefab,Agent,MoveState,Moving,Goal,11.00,0.00,11.00,0.32,0.23,0.49,5.50,0.08,8.33,NavMesh,
255,1.41,AgentPrefab,Agent,MoveState,Moving,Goal,11.00,0.00,11.00,0.33,0.23,0.50,5.50,0.08,8.33,NavMesh,
256,1.42,AgentPrefab,Agent,MoveState,Moving,Goal,11.00,0.00,11.00,0.34,0.23,0.51,5.50,0.08,8.33,NavMesh,
257,1.43,AgentPrefab,Agent,MoveState,Moving,Goal,11.00,0.00,11.00,0.34,0.23,0.52,5.50,0.08,8.33,NavMesh,
258,1.43,AgentPrefab,Agent,MoveState,Moving,Goal,11.00,0.00,11.00,0.35,0.23,0.53,5.50,0.08,8.33,NavMesh,
259,1.44,AgentPrefab,Agent,MoveState,Moving,Goal,11.00,0.00,11.00,0.36,0.23,0.54,5.50,0.08,8.33,NavMesh,
260,1.44,AgentPrefab,Agent,MoveState,Moving,Goal,11.00,0.00,11.00,0.36,0.23,0.55,5.50,0.08,8.33,NavMesh,
261,1.45,AgentPrefab,Agent,MoveState,Moving,Goal,11.00,0.00,11.00,0.37,0.23,0.56,5.50,0.08,8.33,NavMesh,
262,1.46,AgentPrefab,Agent,MoveState,Moving,Goal,11.00,0.00,11.00,0.38,0.23,0.57,5.50,0.08,8.33,NavMesh,
263,1.46,AgentPrefab,Agent,MoveState,Moving,Goal,11.00,0.00,11.00,0.38,0.23,0.58,5.50,0.08,8.33,NavMesh,
264,1.47,AgentPrefab,Agent,MoveState,Moving,Goal,11.00,0.00,11.00,0.39,0.22,0.59,5.50,0.08,8.33,NavMesh,
265,1.48,AgentPrefab,Agent,MoveState,Moving,Goal,11.00,0.00,11.00,0.40,0.22,0.60,5.50,0.08,8.33,NavMesh,
266,1.48,AgentPrefab,Agent,MoveState,Moving,Goal,11.00,0.00,11.00,0.41,0.22,0.61,5.50,0.08,8.33,NavMesh,
267,1.49,AgentPrefab,Agent,MoveState,Moving,Goal,11.00,0.00,11.00,0.41,0.22,0.62,5.50,0.08,8.33,NavMesh,
268,1.49,AgentPrefab,Agent,MoveState,Moving,Goal,11.00,0.00,11.00,0.42,0.22,0.63,5.50,0.08,8.33,NavMesh,
269,1.50,AgentPrefab,Agent,MoveState,Moving,Goal,11.00,0.00,11.00,0.43,0.22,0.65,5.50,0.08,8.33,NavMesh,
270,1.51,AgentPrefab,Agent,MoveState,Moving,Goal,11.00,0.00,11.00,0.43,0.22,0.65,5.50,0.08,8.33,NavMesh,
271,1.51,AgentPrefab,Agent,MoveState,Moving,Goal,11.00,0.00,11.00,0.44,0.22,0.66,5.50,0.08,8.33,NavMesh,
272,1.52,AgentPrefab,Agent,MoveState,Moving,Goal,11.00,0.00,11.00,0.45,0.22,0.67,5.50,0.08,8.33,NavMesh,
273,1.52,AgentPrefab,Agent,MoveState,Moving,Goal,11.00,0.00,11.00,0.45,0.22,0.68,5.50,0.08,8.33,NavMesh,
274,1.53,AgentPrefab,Agent,MoveState,Moving,Goal,11.00,0.00,11.00,0.46,0.22,0.69,5.50,0.08,8.33,NavMesh,
275,1.54,AgentPrefab,Agent,MoveState,Moving,Goal,11.00,0.00,11.00,0.47,0.22,0.71,5.50,0.08,8.33,NavMesh,
276,1.54,AgentPrefab,Agent,MoveState,Moving,Goal,11.00,0.00,11.00,0.47,0.22,0.72,5.50,0.08,8.33,NavMesh,
277,1.55,AgentPrefab,Agent,MoveState,Moving,Goal,11.00,0.00,11.00,0.48,0.22,0.73,5.50,0.08,8.33,NavMesh,
278,1.56,AgentPrefab,Agent,MoveState,Moving,Goal,11.00,0.00,11.00,0.49,0.22,0.74,5.50,0.08,8.33,NavMesh,
279,1.56,AgentPrefab,Agent,MoveState,Moving,Goal,11.00,0.00,11.00,0.49,0.22,0.75,5.50,0.08,8.33,NavMesh,
280,1.57,AgentPrefab,Agent,MoveState,Moving,Goal,11.00,0.00,11.00,0.50,0.22,0.76,5.50,0.08,8.33,NavMesh,
281,1.57,AgentPrefab,Agent,MoveState,Moving,Goal,11.00,0.00,11.00,0.51,0.22,0.77,5.50,0.08,8.33,NavMesh,
282,1.58,AgentPrefab,Agent,MoveState,Moving,Goal,11.00,0.00,11.00,0.51,0.22,0.78,5.50,0.08,8.33,NavMesh,
283,1.59,AgentPrefab,Agent,MoveState,Moving,Goal,11.00,0.00,11.00,0.52,0.22,0.79,5.50,0.08,8.33,NavMesh,
284,1.59,AgentPrefab,Agent,MoveState,Moving,Goal,11.00,0.00,11.00,0.53,0.22,0.80,5.50,0.08,8.33,NavMesh,
285,1.60,AgentPrefab,Agent,MoveState,Moving,Goal,11.00,0.00,11.00,0.53,0.22,0.81,5.50,0.08,8.33,NavMesh,
286,1.60,AgentPrefab,Agent,MoveState,Moving,Goal,11.00,0.00,11.00,0.54,0.22,0.82,5.50,0.08,8.33,NavMesh,
287,1.61,AgentPrefab,Agent,MoveState,Moving,Goal,11.00,0.00,11.00,0.55,0.22,0.83,5.50,0.08,8.33,NavMesh,
288,1.62,AgentPrefab,Agent,MoveState,Moving,Goal,11.00,0.00,11.00,0.55,0.22,0.84,5.50,0.08,8.33,NavMesh,
289,1.62,AgentPrefab,Agent,MoveState,Moving,Goal,11.00,0.00,11.00,0.56,0.22,0.85,5.50,0.08,8.33,NavMesh,
290,1.63,AgentPrefab,Agent,MoveState,Moving,Goal,11.00,0.00,11.00,0.57,0.22,0.86,5.50,0.08,8.33,NavMesh,
291,1.63,AgentPrefab,Agent,MoveState,Moving,Goal,11.00,0.00,11.00,0.57,0.22,0.87,5.50,0.08,8.33,NavMesh,
292,1.64,AgentPrefab,Agent,MoveState,Moving,Goal,11.00,0.00,11.00,0.58,0.22,0.88,5.50,0.08,8.33,NavMesh,
293,1.65,AgentPrefab,Agent,MoveState,Moving,Goal,11.00,0.00,11.00,0.59,0.22,0.89,5.50,0.08,8.33,NavMesh,
294,1.65,AgentPrefab,Agent,MoveState,Moving,Goal,11.00,0.00,11.00,0.59,0.22,0.90,5.50,0.08,8.33,NavMesh,
295,1.66,AgentPrefab,Agent,MoveState,Moving,Goal,11.00,0.00,11.00,0.60,0.22,0.91,5.50,0.08,8.33,NavMesh,
296,1.66,AgentPrefab,Agent,MoveState,Moving,Goal,11.00,0.00,11.00,0.60,0.22,0.92,5.50,0.08,8.33,NavMesh,
297,1.67,AgentPrefab,Agent,MoveState,Moving,Goal,11.00,0.00,11.00,0.61,0.22,0.93,5.50,0.08,8.33,NavMesh,
298,1.68,AgentPrefab,Agent,MoveState,Moving,Goal,11.00,0.00,11.00,0.62,0.22,0.94,5.50,0.08,8.33,NavMesh,
299,1.68,AgentPrefab,Agent,MoveState,Moving,Goal,11.00,0.00,11.00,0.63,0.22,0.95,5.50,0.08,8.33,NavMesh,
300,1.69,AgentPrefab,Agent,MoveState,Moving,Goal,11.00,0.00,11.00,0.63,0.22,0.96,5.50,0.08,8.33,NavMesh,
301,1.69,AgentPrefab,Agent,MoveState,Moving,Goal,11.00,0.00,11.00,0.64,0.22,0.97,5.50,0.08,8.33,NavMesh,
302,1.70,AgentPrefab,Agent,MoveState,Moving,Goal,11.00,0.00,11.00,0.64,0.22,0.98,5.50,0.08,8.33,NavMesh,
303,1.71,AgentPrefab,Agent,MoveState,Moving,Goal,11.00,0.00,11.00,0.65,0.22,0.99,5.50,0.08,8.33,NavMesh,
304,1.71,AgentPrefab,Agent,MoveState,Moving,Goal,11.00,0.00,11.00,0.66,0.22,1.00,5.50,0.08,8.33,NavMesh,
305,1.72,AgentPrefab,Agent,MoveState,Moving,Goal,11.00,0.00,11.00,0.66,0.22,1.01,5.50,0.08,8.33,NavMesh,
306,1.72,AgentPrefab,Agent,MoveState,Moving,Goal,11.00,0.00,11.00,0.67,0.22,1.02,5.50,0.08,8.33,NavMesh,
307,1.73,AgentPrefab,Agent,MoveState,Moving,Goal,11.00,0.00,11.00,0.68,0.22,1.03,5.50,0.08,8.33,NavMesh,
308,1.74,AgentPrefab,Agent,MoveState,Moving,Goal,11.00,0.00,11.00,0.68,0.22,1.04,5.50,0.08,8.33,NavMesh,
309,1.74,AgentPrefab,Agent,MoveState,Moving,Goal,11.00,0.00,11.00,0.69,0.22,1.05,5.50,0.08,8.33,NavMesh,
310,1.75,AgentPrefab,Agent,MoveState,Moving,Goal,11.00,0.00,11.00,0.70,0.22,1.06,5.50,0.08,8.33,NavMesh,
311,1.75,AgentPrefab,Agent,MoveState,Moving,Goal,11.00,0.00,11.00,0.70,0.22,1.07,5.50,0.08,8.33,NavMesh,
312,1.76,AgentPrefab,Agent,MoveState,Moving,Goal,11.00,0.00,11.00,0.71,0.22,1.08,5.50,0.08,8.33,NavMesh,
313,1.77,AgentPrefab,Agent,MoveState,Moving,Goal,11.00,0.00,11.00,0.72,0.22,1.09,5.50,0.08,8.33,NavMesh,
314,1.77,AgentPrefab,Agent,MoveState,Moving,Goal,11.00,0.00,11.00,0.72,0.22,1.10,5.50,0.08,8.33,NavMesh,
315,1.78,AgentPrefab,Agent,MoveState,Moving,Goal,11.00,0.00,11.00,0.73,0.22,1.11,5.50,0.08,8.33,NavMesh,
316,1.78,AgentPrefab,Agent,MoveState,Moving,Goal,11.00,0.00,11.00,0.74,0.22,1.12,5.50,0.08,8.33,NavMesh,
317,1.79,AgentPrefab,Agent,MoveState,Moving,Goal,11.00,0.00,11.00,0.74,0.22,1.13,5.50,0.08,8.33,NavMesh,
318,1.79,AgentPrefab,Agent,MoveState,Moving,Goal,11.00,0.00,11.00,0.75,0.21,1.14,5.50,0.08,8.33,NavMesh,
319,1.80,AgentPrefab,Agent,MoveState,Moving,Goal,11.00,0.00,11.00,0.76,0.21,1.15,5.50,0.08,8.33,NavMesh,
320,1.81,AgentPrefab,Agent,MoveState,Moving,Goal,11.00,0.00,11.00,0.76,0.21,1.16,5.50,0.08,8.33,NavMesh,
321,1.81,AgentPrefab,Agent,MoveState,Moving,Goal,11.00,0.00,11.00,0.77,0.21,1.17,5.50,0.08,8.33,NavMesh,
322,1.82,AgentPrefab,Agent,MoveState,Moving,Goal,11.00,0.00,11.00,0.78,0.21,1.18,5.50,0.08,8.33,NavMesh,
323,1.82,AgentPrefab,Agent,MoveState,Moving,Goal,11.00,0.00,11.00,0.78,0.21,1.19,5.50,0.08,8.33,NavMesh,
324,1.83,AgentPrefab,Agent,MoveState,Moving,Goal,11.00,0.00,11.00,0.79,0.21,1.20,5.50,0.08,8.33,NavMesh,
325,1.84,AgentPrefab,Agent,MoveState,Moving,Goal,11.00,0.00,11.00,0.80,0.21,1.21,5.50,0.08,8.33,NavMesh,
326,1.84,AgentPrefab,Agent,MoveState,Moving,Goal,11.00,0.00,11.00,0.80,0.21,1.22,5.50,0.08,8.33,NavMesh,
327,1.85,AgentPrefab,Agent,MoveState,Moving,Goal,11.00,0.00,11.00,0.81,0.21,1.23,5.50,0.08,8.33,NavMesh,
328,1.85,AgentPrefab,Agent,MoveState,Moving,Goal,11.00,0.00,11.00,0.82,0.21,1.24,5.50,0.08,8.33,NavMesh,
329,1.86,AgentPrefab,Agent,MoveState,Moving,Goal,11.00,0.00,11.00,0.82,0.21,1.25,5.50,0.08,8.33,NavMesh,
330,1.87,AgentPrefab,Agent,MoveState,Moving,Goal,11.00,0.00,11.00,0.83,0.21,1.26,5.50,0.08,8.33,NavMesh,
331,1.87,AgentPrefab,Agent,MoveState,Moving,Goal,11.00,0.00,11.00,0.84,0.21,1.27,5.50,0.08,8.33,NavMesh,
332,1.88,AgentPrefab,Agent,MoveState,Moving,Goal,11.00,0.00,11.00,0.84,0.21,1.28,5.50,0.08,8.33,NavMesh,
333,1.88,AgentPrefab,Agent,MoveState,Moving,Goal,11.00,0.00,11.00,0.85,0.21,1.29,5.50,0.08,8.33,NavMesh,
334,1.89,AgentPrefab,Agent,MoveState,Moving,Goal,11.00,0.00,11.00,0.86,0.21,1.30,5.50,0.08,8.33,NavMesh,
335,1.90,AgentPrefab,Agent,MoveState,Moving,Goal,11.00,0.00,11.00,0.86,0.21,1.31,5.50,0.08,8.33,NavMesh,
336,1.90,AgentPrefab,Agent,MoveState,Moving,Goal,11.00,0.00,11.00,0.87,0.21,1.32,5.50,0.08,8.33,NavMesh,
337,1.91,AgentPrefab,Agent,MoveState,Moving,Goal,11.00,0.00,11.00,0.87,0.21,1.33,5.50,0.08,8.33,NavMesh,
338,1.91,AgentPrefab,Agent,MoveState,Moving,Goal,11.00,0.00,11.00,0.88,0.21,1.34,5.50,0.08,8.33,NavMesh,
339,1.92,AgentPrefab,Agent,MoveState,Moving,Goal,11.00,0.00,11.00,0.89,0.21,1.35,5.50,0.08,8.33,NavMesh,
340,1.93,AgentPrefab,Agent,MoveState,Moving,Goal,11.00,0.00,11.00,0.89,0.21,1.36,5.50,0.08,8.33,NavMesh,
341,1.93,AgentPrefab,Agent,MoveState,Moving,Goal,11.00,0.00,11.00,0.90,0.21,1.37,5.50,0.08,8.33,NavMesh,
342,1.94,AgentPrefab,Agent,MoveState,Moving,Goal,11.00,0.00,11.00,0.91,0.21,1.38,5.50,0.08,8.33,NavMesh,
343,1.94,AgentPrefab,Agent,MoveState,Moving,Goal,11.00,0.00,11.00,0.91,0.21,1.39,5.50,0.08,8.33,NavMesh,
344,1.95,AgentPrefab,Agent,MoveState,Moving,Goal,11.00,0.00,11.00,0.92,0.21,1.40,5.50,0.08,8.33,NavMesh,
345,1.96,AgentPrefab,Agent,MoveState,Moving,Goal,11.00,0.00,11.00,0.93,0.21,1.41,5.50,0.08,8.33,NavMesh,
346,1.96,AgentPrefab,Agent,MoveState,Moving,Goal,11.00,0.00,11.00,0.93,0.21,1.42,5.50,0.08,8.33,NavMesh,
347,1.97,AgentPrefab,Agent,MoveState,Moving,Goal,11.00,0.00,11.00,0.94,0.21,1.43,5.50,0.08,8.33,NavMesh,
348,1.97,AgentPrefab,Agent,MoveState,Moving,Goal,11.00,0.00,11.00,0.95,0.21,1.44,5.50,0.08,8.33,NavMesh,
349,1.98,AgentPrefab,Agent,MoveState,Moving,Goal,11.00,0.00,11.00,0.95,0.21,1.45,5.50,0.08,8.33,NavMesh,
350,1.99,AgentPrefab,Agent,MoveState,Moving,Goal,11.00,0.00,11.00,0.96,0.21,1.46,5.50,0.08,8.33,NavMesh,
351,1.99,AgentPrefab,Agent,MoveState,Moving,Goal,11.00,0.00,11.00,0.97,0.21,1.47,5.50,0.08,8.33,NavMesh,
352,2.00,AgentPrefab,Agent,MoveState,Moving,Goal,11.00,0.00,11.00,0.97,0.21,1.48,5.50,0.08,8.33,NavMesh,
353,2.01,AgentPrefab,Agent,MoveState,Moving,Goal,11.00,0.00,11.00,0.98,0.21,1.49,5.50,0.08,8.33,NavMesh,
354,2.01,AgentPrefab,Agent,MoveState,Moving,Goal,11.00,0.00,11.00,0.99,0.21,1.50,5.50,0.08,8.33,NavMesh,
355,2.02,AgentPrefab,Agent,MoveState,Moving,Goal,11.00,0.00,11.00,0.99,0.21,1.51,5.50,0.08,8.33,NavMesh,
356,2.02,AgentPrefab,Agent,MoveState,Moving,Goal,11.00,0.00,11.00,1.00,0.21,1.52,5.50,0.08,8.33,NavMesh,
357,2.03,AgentPrefab,Agent,MoveState,Moving,Goal,11.00,0.00,11.00,1.01,0.21,1.53,5.50,0.08,8.33,NavMesh,
358,2.04,AgentPrefab,Agent,MoveState,Moving,Goal,11.00,0.00,11.00,1.01,0.21,1.54,5.50,0.08,8.33,NavMesh,
359,2.04,AgentPrefab,Agent,MoveState,Moving,Goal,11.00,0.00,11.00,1.02,0.21,1.55,5.50,0.08,8.33,NavMesh,
360,2.05,AgentPrefab,Agent,MoveState,Moving,Goal,11.00,0.00,11.00,1.03,0.21,1.56,5.50,0.08,8.33,NavMesh,
361,2.05,AgentPrefab,Agent,MoveState,Moving,Goal,11.00,0.00,11.00,1.04,0.21,1.57,5.50,0.08,8.33,NavMesh,
362,2.06,AgentPrefab,Agent,MoveState,Moving,Goal,11.00,0.00,11.00,1.04,0.21,1.58,5.50,0.08,8.33,NavMesh,
363,2.07,AgentPrefab,Agent,MoveState,Moving,Goal,11.00,0.00,11.00,1.05,0.21,1.59,5.50,0.08,8.33,NavMesh,
364,2.07,AgentPrefab,Agent,MoveState,Moving,Goal,11.00,0.00,11.00,1.06,0.21,1.60,5.50,0.08,8.33,NavMesh,
365,2.08,AgentPrefab,Agent,MoveState,Moving,Goal,11.00,0.00,11.00,1.06,0.21,1.61,5.50,0.08,8.33,NavMesh,
366,2.08,AgentPrefab,Agent,MoveState,Moving,Goal,11.00,0.00,11.00,1.07,0.21,1.62,5.50,0.08,8.33,NavMesh,
367,2.10,AgentPrefab,Agent,MoveState,Moving,Goal,11.00,0.00,11.00,1.08,0.21,1.63,5.50,0.08,8.33,NavMesh,
368,2.10,AgentPrefab,Agent,MoveState,Moving,Goal,11.00,0.00,11.00,1.09,0.21,1.65,5.50,0.08,8.33,NavMesh,
369,2.11,AgentPrefab,Agent,MoveState,Moving,Goal,11.00,0.00,11.00,1.09,0.21,1.66,5.50,0.08,8.33,NavMesh,
370,2.11,AgentPrefab,Agent,MoveState,Moving,Goal,11.00,0.00,11.00,1.10,0.21,1.67,5.50,0.08,8.33,NavMesh,
371,2.12,AgentPrefab,Agent,MoveState,Moving,Goal,11.00,0.00,11.00,1.11,0.21,1.68,5.50,0.08,8.33,NavMesh,
372,2.13,AgentPrefab,Agent,MoveState,Moving,Goal,11.00,0.00,11.00,1.11,0.20,1.69,5.50,0.08,8.33,NavMesh,
373,2.13,AgentPrefab,Agent,MoveState,Moving,Goal,11.00,0.00,11.00,1.12,0.20,1.70,5.50,0.08,8.33,NavMesh,
374,2.14,AgentPrefab,Agent,MoveState,Moving,Goal,11.00,0.00,11.00,1.13,0.20,1.71,5.50,0.08,8.33,NavMesh,
375,2.14,AgentPrefab,Agent,MoveState,Moving,Goal,11.00,0.00,11.00,1.13,0.20,1.72,5.50,0.08,8.33,NavMesh,
376,2.15,AgentPrefab,Agent,MoveState,Moving,Goal,11.00,0.00,11.00,1.14,0.20,1.73,5.50,0.08,8.33,NavMesh,
377,2.16,AgentPrefab,Agent,MoveState,Moving,Goal,11.00,0.00,11.00,1.15,0.20,1.74,5.50,0.08,8.33,NavMesh,
378,2.16,AgentPrefab,Agent,MoveState,Moving,Goal,11.00,0.00,11.00,1.15,0.20,1.75,5.50,0.08,8.33,NavMesh,
379,2.17,AgentPrefab,Agent,MoveState,Moving,Goal,11.00,0.00,11.00,1.16,0.20,1.76,5.50,0.08,8.33,NavMesh,
380,2.17,AgentPrefab,Agent,MoveState,Moving,Goal,11.00,0.00,11.00,1.17,0.20,1.77,5.50,0.08,8.33,NavMesh,
381,2.18,AgentPrefab,Agent,MoveState,Moving,Goal,11.00,0.00,11.00,1.17,0.20,1.78,5.50,0.08,8.33,NavMesh,
382,2.19,AgentPrefab,Agent,MoveState,Moving,Goal,11.00,0.00,11.00,1.18,0.20,1.79,5.50,0.08,8.33,NavMesh,
383,2.19,AgentPrefab,Agent,MoveState,Moving,Goal,11.00,0.00,11.00,1.19,0.20,1.80,5.50,0.08,8.33,NavMesh,
384,2.20,AgentPrefab,Agent,MoveState,Moving,Goal,11.00,0.00,11.00,1.19,0.20,1.81,5.50,0.08,8.33,NavMesh,
385,2.20,AgentPrefab,Agent,MoveState,Moving,Goal,11.00,0.00,11.00,1.20,0.20,1.82,5.50,0.08,8.33,NavMesh,
386,2.21,AgentPrefab,Agent,MoveState,Moving,Goal,11.00,0.00,11.00,1.21,0.20,1.83,5.50,0.08,8.33,NavMesh,
387,2.22,AgentPrefab,Agent,MoveState,Moving,Goal,11.00,0.00,11.00,1.21,0.20,1.84,5.50,0.08,8.33,NavMesh,
388,2.22,AgentPrefab,Agent,MoveState,Moving,Goal,11.00,0.00,11.00,1.22,0.20,1.85,5.50,0.08,8.33,NavMesh,
389,2.23,AgentPrefab,Agent,MoveState,Moving,Goal,11.00,0.00,11.00,1.23,0.20,1.86,5.50,0.08,8.33,NavMesh,
390,2.23,AgentPrefab,Agent,MoveState,Moving,Goal,11.00,0.00,11.00,1.23,0.20,1.87,5.50,0.08,8.33,NavMesh,
391,2.24,AgentPrefab,Agent,MoveState,Moving,Goal,11.00,0.00,11.00,1.24,0.20,1.88,5.50,0.08,8.33,NavMesh,
392,2.25,AgentPrefab,Agent,MoveState,Moving,Goal,11.00,0.00,11.00,1.25,0.20,1.89,5.50,0.08,8.33,NavMesh,
393,2.25,AgentPrefab,Agent,MoveState,Moving,Goal,11.00,0.00,11.00,1.25,0.20,1.90,5.50,0.08,8.33,NavMesh,
394,2.26,AgentPrefab,Agent,MoveState,Moving,Goal,11.00,0.00,11.00,1.26,0.20,1.91,5.50,0.08,8.33,NavMesh,
395,2.26,AgentPrefab,Agent,MoveState,Moving,Goal,11.00,0.00,11.00,1.27,0.20,1.92,5.50,0.08,8.33,NavMesh,
396,2.27,AgentPrefab,Agent,MoveState,Moving,Goal,11.00,0.00,11.00,1.27,0.20,1.93,5.50,0.08,8.33,NavMesh,
397,2.28,AgentPrefab,Agent,MoveState,Moving,Goal,11.00,0.00,11.00,1.28,0.20,1.94,5.50,0.08,8.33,NavMesh,
398,2.28,AgentPrefab,Agent,MoveState,Moving,Goal,11.00,0.00,11.00,1.29,0.20,1.95,5.50,0.08,8.33,NavMesh,
399,2.29,AgentPrefab,Agent,MoveState,Moving,Goal,11.00,0.00,11.00,1.29,0.20,1.96,5.50,0.08,8.33,NavMesh,
400,2.29,AgentPrefab,Agent,MoveState,Moving,Goal,11.00,0.00,11.00,1.30,0.20,1.97,5.50,0.08,8.33,NavMesh,
401,2.30,AgentPrefab,Agent,MoveState,Moving,Goal,11.00,0.00,11.00,1.31,0.20,1.98,5.50,0.08,8.33,NavMesh,
402,2.31,AgentPrefab,Agent,MoveState,Moving,Goal,11.00,0.00,11.00,1.31,0.20,1.99,5.50,0.08,8.33,NavMesh,
403,2.31,AgentPrefab,Agent,MoveState,Moving,Goal,11.00,0.00,11.00,1.32,0.20,2.00,5.50,0.08,8.33,NavMesh,
404,2.32,AgentPrefab,Agent,MoveState,Moving,Goal,11.00,0.00,11.00,1.33,0.20,2.01,5.50,0.08,8.33,NavMesh,
405,2.32,AgentPrefab,Agent,MoveState,Moving,Goal,11.00,0.00,11.00,1.33,0.20,2.02,5.50,0.08,8.33,NavMesh,
406,2.33,AgentPrefab,Agent,MoveState,Moving,Goal,11.00,0.00,11.00,1.34,0.20,2.03,5.50,0.08,8.33,NavMesh,
407,2.34,AgentPrefab,Agent,MoveState,Moving,Goal,11.00,0.00,11.00,1.35,0.20,2.04,5.50,0.08,8.33,NavMesh,
408,2.34,AgentPrefab,Agent,MoveState,Moving,Goal,11.00,0.00,11.00,1.35,0.20,2.05,5.50,0.08,8.33,NavMesh,
409,2.35,AgentPrefab,Agent,MoveState,Moving,Goal,11.00,0.00,11.00,1.36,0.20,2.06,5.50,0.08,8.33,NavMesh,
410,2.36,AgentPrefab,Agent,MoveState,Moving,Goal,11.00,0.00,11.00,1.37,0.20,2.07,5.50,0.08,8.33,NavMesh,
411,2.36,AgentPrefab,Agent,MoveState,Moving,Goal,11.00,0.00,11.00,1.37,0.20,2.08,5.50,0.08,8.33,NavMesh,
412,2.37,AgentPrefab,Agent,MoveState,Moving,Goal,11.00,0.00,11.00,1.38,0.20,2.09,5.50,0.08,8.33,NavMesh,
413,2.37,AgentPrefab,Agent,MoveState,Moving,Goal,11.00,0.00,11.00,1.39,0.20,2.10,5.50,0.08,8.33,NavMesh,
414,2.38,AgentPrefab,Agent,MoveState,Moving,Goal,11.00,0.00,11.00,1.39,0.20,2.11,5.50,0.08,8.33,NavMesh,
415,2.39,AgentPrefab,Agent,MoveState,Moving,Goal,11.00,0.00,11.00,1.40,0.20,2.12,5.50,0.08,8.33,NavMesh,
416,2.39,AgentPrefab,Agent,MoveState,Moving,Goal,11.00,0.00,11.00,1.41,0.20,2.13,5.50,0.08,8.33,NavMesh,
417,2.40,AgentPrefab,Agent,MoveState,Moving,Goal,11.00,0.00,11.00,1.41,0.20,2.14,5.50,0.08,8.33,NavMesh,
418,2.40,AgentPrefab,Agent,MoveState,Moving,Goal,11.00,0.00,11.00,1.42,0.20,2.15,5.50,0.08,8.33,NavMesh,
419,2.41,AgentPrefab,Agent,MoveState,Moving,Goal,11.00,0.00,11.00,1.43,0.20,2.16,5.50,0.08,8.33,NavMesh,
420,2.41,AgentPrefab,Agent,MoveState,Moving,Goal,11.00,0.00,11.00,1.43,0.20,2.17,5.50,0.08,8.33,NavMesh,
421,2.42,AgentPrefab,Agent,MoveState,Moving,Goal,11.00,0.00,11.00,1.44,0.20,2.18,5.50,0.08,8.33,NavMesh,
422,2.43,AgentPrefab,Agent,MoveState,Moving,Goal,11.00,0.00,11.00,1.45,0.20,2.19,5.50,0.08,8.33,NavMesh,
423,2.43,AgentPrefab,Agent,MoveState,Moving,Goal,11.00,0.00,11.00,1.45,0.20,2.20,5.50,0.08,8.33,NavMesh,
424,2.44,AgentPrefab,Agent,MoveState,Moving,Goal,11.00,0.00,11.00,1.46,0.20,2.21,5.50,0.08,8.33,NavMesh,
425,2.45,AgentPrefab,Agent,MoveState,Moving,Goal,11.00,0.00,11.00,1.47,0.20,2.22,5.50,0.08,8.33,NavMesh,
426,2.45,AgentPrefab,Agent,MoveState,Moving,Goal,11.00,0.00,11.00,1.47,0.19,2.23,5.50,0.08,8.33,NavMesh,
427,2.46,AgentPrefab,Agent,MoveState,Moving,Goal,11.00,0.00,11.00,1.48,0.19,2.24,5.50,0.08,8.33,NavMesh,
428,2.46,AgentPrefab,Agent,MoveState,Moving,Goal,11.00,0.00,11.00,1.49,0.19,2.25,5.50,0.08,8.33,NavMesh,
429,2.47,AgentPrefab,Agent,MoveState,Moving,Goal,11.00,0.00,11.00,1.49,0.19,2.26,5.50,0.08,8.33,NavMesh,
430,2.48,AgentPrefab,Agent,MoveState,Moving,Goal,11.00,0.00,11.00,1.50,0.19,2.27,5.50,0.08,8.33,NavMesh,
431,2.48,AgentPrefab,Agent,MoveState,Moving,Goal,11.00,0.00,11.00,1.51,0.19,2.28,5.50,0.08,8.33,NavMesh,
432,2.49,AgentPrefab,Agent,MoveState,Moving,Goal,11.00,0.00,11.00,1.51,0.19,2.30,5.50,0.08,8.33,NavMesh,
433,2.50,AgentPrefab,Agent,MoveState,Moving,Goal,11.00,0.00,11.00,1.52,0.19,2.30,5.50,0.08,8.33,NavMesh,
434,2.50,AgentPrefab,Agent,MoveState,Moving,Goal,11.00,0.00,11.00,1.53,0.19,2.31,5.50,0.08,8.33,NavMesh,
435,2.51,AgentPrefab,Agent,MoveState,Moving,Goal,11.00,0.00,11.00,1.53,0.19,2.32,5.50,0.08,8.33,NavMesh,
436,2.51,AgentPrefab,Agent,MoveState,Moving,Goal,11.00,0.00,11.00,1.54,0.19,2.33,5.50,0.08,8.33,NavMesh,
437,2.52,AgentPrefab,Agent,MoveState,Moving,Goal,11.00,0.00,11.00,1.55,0.19,2.35,5.50,0.08,8.33,NavMesh,
438,2.53,AgentPrefab,Agent,MoveState,Moving,Goal,11.00,0.00,11.00,1.55,0.19,2.35,5.50,0.08,8.33,NavMesh,
439,2.53,AgentPrefab,Agent,MoveState,Moving,Goal,11.00,0.00,11.00,1.56,0.19,2.37,5.50,0.08,8.33,NavMesh,
440,2.54,AgentPrefab,Agent,MoveState,Moving,Goal,11.00,0.00,11.00,1.57,0.19,2.38,5.50,0.08,8.33,NavMesh,
441,2.54,AgentPrefab,Agent,MoveState,Moving,Goal,11.00,0.00,11.00,1.57,0.19,2.39,5.50,0.08,8.33,NavMesh,
442,2.55,AgentPrefab,Agent,MoveState,Moving,Goal,11.00,0.00,11.00,1.58,0.19,2.40,5.50,0.08,8.33,NavMesh,
443,2.56,AgentPrefab,Agent,MoveState,Moving,Goal,11.00,0.00,11.00,1.59,0.19,2.41,5.50,0.08,8.33,NavMesh,
444,2.56,AgentPrefab,Agent,MoveState,Moving,Goal,11.00,0.00,11.00,1.59,0.19,2.42,5.50,0.08,8.33,NavMesh,
445,2.57,AgentPrefab,Agent,MoveState,Moving,Goal,11.00,0.00,11.00,1.60,0.19,2.43,5.50,0.08,8.33,NavMesh,
446,2.57,AgentPrefab,Agent,MoveState,Moving,Goal,11.00,0.00,11.00,1.61,0.19,2.44,5.50,0.08,8.33,NavMesh,
447,2.58,AgentPrefab,Agent,MoveState,Moving,Goal,11.00,0.00,11.00,1.62,0.19,2.45,5.50,0.08,8.33,NavMesh,
448,2.59,AgentPrefab,Agent,MoveState,Moving,Goal,11.00,0.00,11.00,1.62,0.19,2.46,5.50,0.08,8.33,NavMesh,
449,2.59,AgentPrefab,Agent,MoveState,Moving,Goal,11.00,0.00,11.00,1.63,0.19,2.47,5.50,0.08,8.33,NavMesh,
450,2.60,AgentPrefab,Agent,MoveState,Moving,Goal,11.00,0.00,11.00,1.64,0.19,2.48,5.50,0.08,8.33,NavMesh,
451,2.61,AgentPrefab,Agent,MoveState,Moving,Goal,11.00,0.00,11.00,1.64,0.19,2.49,5.50,0.08,8.33,NavMesh,
452,2.61,AgentPrefab,Agent,MoveState,Moving,Goal,11.00,0.00,11.00,1.65,0.19,2.50,5.50,0.08,8.33,NavMesh,
453,2.62,AgentPrefab,Agent,MoveState,Moving,Goal,11.00,0.00,11.00,1.66,0.19,2.51,5.50,0.08,8.33,NavMesh,
454,2.62,AgentPrefab,Agent,MoveState,Moving,Goal,11.00,0.00,11.00,1.66,0.19,2.52,5.50,0.08,8.33,NavMesh,
455,2.63,AgentPrefab,Agent,MoveState,Moving,Goal,11.00,0.00,11.00,1.67,0.19,2.53,5.50,0.08,8.33,NavMesh,
456,2.64,AgentPrefab,Agent,MoveState,Moving,Goal,11.00,0.00,11.00,1.68,0.19,2.54,5.50,0.08,8.33,NavMesh,
457,2.64,AgentPrefab,Agent,MoveState,Moving,Goal,11.00,0.00,11.00,1.68,0.19,2.55,5.50,0.08,8.33,NavMesh,
458,2.65,AgentPrefab,Agent,MoveState,Moving,Goal,11.00,0.00,11.00,1.69,0.19,2.56,5.50,0.08,8.33,NavMesh,
459,2.65,AgentPrefab,Agent,MoveState,Moving,Goal,11.00,0.00,11.00,1.70,0.19,2.57,5.50,0.08,8.33,NavMesh,
460,2.66,AgentPrefab,Agent,MoveState,Moving,Goal,11.00,0.00,11.00,1.70,0.19,2.58,5.50,0.08,8.33,NavMesh,
461,2.67,AgentPrefab,Agent,MoveState,Moving,Goal,11.00,0.00,11.00,1.71,0.19,2.59,5.50,0.08,8.33,NavMesh,
462,2.67,AgentPrefab,Agent,MoveState,Moving,Goal,11.00,0.00,11.00,1.72,0.19,2.60,5.50,0.08,8.33,NavMesh,
463,2.68,AgentPrefab,Agent,MoveState,Moving,Goal,11.00,0.00,11.00,1.72,0.19,2.61,5.50,0.08,8.33,NavMesh,
464,2.69,AgentPrefab,Agent,MoveState,Moving,Goal,11.00,0.00,11.00,1.73,0.19,2.62,5.50,0.08,8.33,NavMesh,
465,2.69,AgentPrefab,Agent,MoveState,Moving,Goal,11.00,0.00,11.00,1.74,0.19,2.63,5.50,0.08,8.33,NavMesh,
466,2.70,AgentPrefab,Agent,MoveState,Moving,Goal,11.00,0.00,11.00,1.74,0.19,2.64,5.50,0.08,8.33,NavMesh,
467,2.70,AgentPrefab,Agent,MoveState,Moving,Goal,11.00,0.00,11.00,1.75,0.19,2.65,5.50,0.08,8.33,NavMesh,
468,2.71,AgentPrefab,Agent,MoveState,Moving,Goal,11.00,0.00,11.00,1.76,0.19,2.66,5.50,0.08,8.33,NavMesh,
469,2.72,AgentPrefab,Agent,MoveState,Moving,Goal,11.00,0.00,11.00,1.76,0.19,2.67,5.50,0.08,8.33,NavMesh,
470,2.72,AgentPrefab,Agent,MoveState,Moving,Goal,11.00,0.00,11.00,1.77,0.19,2.68,5.50,0.08,8.33,NavMesh,
471,2.73,AgentPrefab,Agent,MoveState,Moving,Goal,11.00,0.00,11.00,1.78,0.19,2.69,5.50,0.08,8.33,NavMesh,
472,2.73,AgentPrefab,Agent,MoveState,Moving,Goal,11.00,0.00,11.00,1.78,0.19,2.70,5.50,0.08,8.33,NavMesh,
473,2.74,AgentPrefab,Agent,MoveState,Moving,Goal,11.00,0.00,11.00,1.79,0.19,2.71,5.50,0.08,8.33,NavMesh,
474,2.75,AgentPrefab,Agent,MoveState,Moving,Goal,11.00,0.00,11.00,1.80,0.19,2.72,5.50,0.08,8.33,NavMesh,
475,2.75,AgentPrefab,Agent,MoveState,Moving,Goal,11.00,0.00,11.00,1.80,0.19,2.73,5.50,0.08,8.33,NavMesh,
476,2.76,AgentPrefab,Agent,MoveState,Moving,Goal,11.00,0.00,11.00,1.81,0.19,2.74,5.50,0.08,8.33,NavMesh,
477,2.76,AgentPrefab,Agent,MoveState,Moving,Goal,11.00,0.00,11.00,1.82,0.19,2.75,5.50,0.08,8.33,NavMesh,
478,2.77,AgentPrefab,Agent,MoveState,Moving,Goal,11.00,0.00,11.00,1.82,0.19,2.76,5.50,0.08,8.33,NavMesh,
479,2.78,AgentPrefab,Agent,MoveState,Moving,Goal,11.00,0.00,11.00,1.83,0.19,2.77,5.50,0.08,8.33,NavMesh,
480,2.78,AgentPrefab,Agent,MoveState,Moving,Goal,11.00,0.00,11.00,1.84,0.18,2.78,5.50,0.08,8.33,NavMesh,
481,2.79,AgentPrefab,Agent,MoveState,Moving,Goal,11.00,0.00,11.00,1.84,0.18,2.79,5.50,0.08,8.33,NavMesh,
482,2.79,AgentPrefab,Agent,MoveState,Moving,Goal,11.00,0.00,11.00,1.85,0.18,2.80,5.50,0.08,8.33,NavMesh,
483,2.80,AgentPrefab,Agent,MoveState,Moving,Goal,11.00,0.00,11.00,1.86,0.18,2.81,5.50,0.08,8.33,NavMesh,
484,2.81,AgentPrefab,Agent,MoveState,Moving,Goal,11.00,0.00,11.00,1.86,0.18,2.82,5.50,0.08,8.33,NavMesh,
485,2.81,AgentPrefab,Agent,MoveState,Moving,Goal,11.00,0.00,11.00,1.87,0.18,2.83,5.50,0.08,8.33,NavMesh,
486,2.82,AgentPrefab,Agent,MoveState,Moving,Goal,11.00,0.00,11.00,1.88,0.18,2.84,5.50,0.08,8.33,NavMesh,
487,2.82,AgentPrefab,Agent,MoveState,Moving,Goal,11.00,0.00,11.00,1.88,0.18,2.85,5.50,0.08,8.33,NavMesh,
488,2.83,AgentPrefab,Agent,MoveState,Moving,Goal,11.00,0.00,11.00,1.89,0.18,2.86,5.50,0.08,8.33,NavMesh,
489,2.84,AgentPrefab,Agent,MoveState,Moving,Goal,11.00,0.00,11.00,1.90,0.18,2.87,5.50,0.08,8.33,NavMesh,
490,2.84,AgentPrefab,Agent,MoveState,Moving,Goal,11.00,0.00,11.00,1.90,0.18,2.88,5.50,0.08,8.33,NavMesh,
491,2.85,AgentPrefab,Agent,MoveState,Moving,Goal,11.00,0.00,11.00,1.91,0.18,2.89,5.50,0.08,8.33,NavMesh,
492,2.85,AgentPrefab,Agent,MoveState,Moving,Goal,11.00,0.00,11.00,1.92,0.18,2.90,5.50,0.08,8.33,NavMesh,
493,2.86,AgentPrefab,Agent,MoveState,Moving,Goal,11.00,0.00,11.00,1.92,0.18,2.91,5.50,0.08,8.33,NavMesh,
494,2.87,AgentPrefab,Agent,MoveState,Moving,Goal,11.00,0.00,11.00,1.93,0.18,2.92,5.50,0.08,8.33,NavMesh,
495,2.87,AgentPrefab,Agent,MoveState,Moving,Goal,11.00,0.00,11.00,1.94,0.18,2.93,5.50,0.08,8.33,NavMesh,
496,2.88,AgentPrefab,Agent,MoveState,Moving,Goal,11.00,0.00,11.00,1.94,0.18,2.94,5.50,0.08,8.33,NavMesh,
497,2.88,AgentPrefab,Agent,MoveState,Moving,Goal,11.00,0.00,11.00,1.95,0.18,2.95,5.50,0.08,8.33,NavMesh,
498,2.89,AgentPrefab,Agent,MoveState,Moving,Goal,11.00,0.00,11.00,1.96,0.18,2.96,5.50,0.08,8.33,NavMesh,
499,2.90,AgentPrefab,Agent,MoveState,Moving,Goal,11.00,0.00,11.00,1.96,0.18,2.97,5.50,0.08,8.33,NavMesh,
500,2.90,AgentPrefab,Agent,MoveState,Moving,Goal,11.00,0.00,11.00,1.97,0.18,2.98,5.50,0.08,8.33,NavMesh,
501,2.91,AgentPrefab,Agent,MoveState,Moving,Goal,11.00,0.00,11.00,1.97,0.18,2.99,5.50,0.08,8.33,NavMesh,
502,2.91,AgentPrefab,Agent,MoveState,Moving,Goal,11.00,0.00,11.00,1.98,0.18,3.00,5.50,0.08,8.33,NavMesh,
503,2.92,AgentPrefab,Agent,MoveState,Moving,Goal,11.00,0.00,11.00,1.99,0.18,3.01,5.50,0.08,8.33,NavMesh,
504,2.93,AgentPrefab,Agent,MoveState,Moving,Goal,11.00,0.00,11.00,1.99,0.18,3.02,5.50,0.08,8.33,NavMesh,
505,2.93,AgentPrefab,Agent,MoveState,Moving,Goal,11.00,0.00,11.00,2.00,0.18,3.03,5.50,0.08,8.33,NavMesh,
506,2.94,AgentPrefab,Agent,MoveState,Moving,Goal,11.00,0.00,11.00,2.01,0.18,3.04,5.50,0.08,8.33,NavMesh,
507,2.94,AgentPrefab,Agent,MoveState,Moving,Goal,11.00,0.00,11.00,2.02,0.18,3.05,5.50,0.08,8.33,NavMesh,
508,2.95,AgentPrefab,Agent,MoveState,Moving,Goal,11.00,0.00,11.00,2.02,0.18,3.06,5.50,0.08,8.33,NavMesh,
509,2.96,AgentPrefab,Agent,MoveState,Moving,Goal,11.00,0.00,11.00,2.03,0.18,3.07,5.50,0.08,8.33,NavMesh,
510,2.96,AgentPrefab,Agent,MoveState,Moving,Goal,11.00,0.00,11.00,2.04,0.18,3.08,5.50,0.08,8.33,NavMesh,
511,2.97,AgentPrefab,Agent,MoveState,Moving,Goal,11.00,0.00,11.00,2.04,0.18,3.09,5.50,0.08,8.33,NavMesh,
512,2.97,AgentPrefab,Agent,MoveState,Moving,Goal,11.00,0.00,11.00,2.05,0.18,3.10,5.50,0.08,8.33,NavMesh,
513,2.98,AgentPrefab,Agent,MoveState,Moving,Goal,11.00,0.00,11.00,2.06,0.18,3.11,5.50,0.08,8.33,NavMesh,
514,2.99,AgentPrefab,Agent,MoveState,Moving,Goal,11.00,0.00,11.00,2.06,0.18,3.12,5.50,0.08,8.33,NavMesh,
515,2.99,AgentPrefab,Agent,MoveState,Moving,Goal,11.00,0.00,11.00,2.07,0.18,3.13,5.50,0.08,8.33,NavMesh,
516,3.00,AgentPrefab,Agent,MoveState,Moving,Goal,11.00,0.00,11.00,2.08,0.18,3.14,5.50,0.08,8.33,NavMesh,
517,3.00,AgentPrefab,Agent,MoveState,Moving,Goal,11.00,0.00,11.00,2.08,0.18,3.15,5.50,0.08,8.33,NavMesh,
518,3.01,AgentPrefab,Agent,MoveState,Moving,Goal,11.00,0.00,11.00,2.09,0.18,3.16,5.50,0.08,8.33,NavMesh,
519,3.02,AgentPrefab,Agent,MoveState,Moving,Goal,11.00,0.00,11.00,2.10,0.18,3.18,5.50,0.08,8.33,NavMesh,
520,3.02,AgentPrefab,Agent,MoveState,Moving,Goal,11.00,0.00,11.00,2.10,0.18,3.19,5.50,0.08,8.33,NavMesh,
521,3.03,AgentPrefab,Agent,MoveState,Moving,Goal,11.00,0.00,11.00,2.11,0.18,3.20,5.50,0.08,8.33,NavMesh,
522,3.04,AgentPrefab,Agent,MoveState,Moving,Goal,11.00,0.00,11.00,2.12,0.18,3.21,5.50,0.08,8.33,NavMesh,
523,3.04,AgentPrefab,Agent,MoveState,Moving,Goal,11.00,0.00,11.00,2.12,0.18,3.22,5.50,0.08,8.33,NavMesh,
524,3.05,AgentPrefab,Agent,MoveState,Moving,Goal,11.00,0.00,11.00,2.13,0.18,3.23,5.50,0.08,8.33,NavMesh,
525,3.05,AgentPrefab,Agent,MoveState,Moving,Goal,11.00,0.00,11.00,2.14,0.18,3.24,5.50,0.08,8.33,NavMesh,
526,3.06,AgentPrefab,Agent,MoveState,Moving,Goal,11.00,0.00,11.00,2.14,0.18,3.25,5.50,0.08,8.33,NavMesh,
527,3.07,AgentPrefab,Agent,MoveState,Moving,Goal,11.00,0.00,11.00,2.15,0.18,3.26,5.50,0.08,8.33,NavMesh,
528,3.07,AgentPrefab,Agent,MoveState,Moving,Goal,11.00,0.00,11.00,2.16,0.18,3.27,5.50,0.08,8.33,NavMesh,
529,3.08,AgentPrefab,Agent,MoveState,Moving,Goal,11.00,0.00,11.00,2.16,0.18,3.28,5.50,0.08,8.33,NavMesh,
530,3.08,AgentPrefab,Agent,MoveState,Moving,Goal,11.00,0.00,11.00,2.17,0.18,3.29,5.50,0.08,8.33,NavMesh,
531,3.09,AgentPrefab,Agent,MoveState,Moving,Goal,11.00,0.00,11.00,2.18,0.18,3.30,5.50,0.08,8.33,NavMesh,
532,3.10,AgentPrefab,Agent,MoveState,Moving,Goal,11.00,0.00,11.00,2.18,0.18,3.31,5.50,0.08,8.33,NavMesh,
533,3.10,AgentPrefab,Agent,MoveState,Moving,Goal,11.00,0.00,11.00,2.19,0.18,3.32,5.50,0.08,8.33,NavMesh,
534,3.11,AgentPrefab,Agent,MoveState,Moving,Goal,11.00,0.00,11.00,2.20,0.17,3.33,5.50,0.08,8.33,NavMesh,
535,3.12,AgentPrefab,Agent,MoveState,Moving,Goal,11.00,0.00,11.00,2.20,0.17,3.34,5.50,0.08,8.33,NavMesh,
536,3.12,AgentPrefab,Agent,MoveState,Moving,Goal,11.00,0.00,11.00,2.21,0.17,3.35,5.50,0.08,8.33,NavMesh,
537,3.13,AgentPrefab,Agent,MoveState,Moving,Goal,11.00,0.00,11.00,2.22,0.17,3.36,5.50,0.08,8.33,NavMesh,
538,3.13,AgentPrefab,Agent,MoveState,Moving,Goal,11.00,0.00,11.00,2.22,0.17,3.37,5.50,0.08,8.33,NavMesh,
539,3.14,AgentPrefab,Agent,MoveState,Moving,Goal,11.00,0.00,11.00,2.23,0.17,3.38,5.50,0.08,8.33,NavMesh,
540,3.15,AgentPrefab,Agent,MoveState,Moving,Goal,11.00,0.00,11.00,2.24,0.17,3.39,5.50,0.08,8.33,NavMesh,
541,3.15,AgentPrefab,Agent,MoveState,Moving,Goal,11.00,0.00,11.00,2.24,0.17,3.40,5.50,0.08,8.33,NavMesh,
542,3.16,AgentPrefab,Agent,MoveState,Moving,Goal,11.00,0.00,11.00,2.25,0.17,3.41,5.50,0.08,8.33,NavMesh,
543,3.16,AgentPrefab,Agent,MoveState,Moving,Goal,11.00,0.00,11.00,2.26,0.17,3.42,5.50,0.08,8.33,NavMesh,
544,3.17,AgentPrefab,Agent,MoveState,Moving,Goal,11.00,0.00,11.00,2.26,0.17,3.43,5.50,0.08,8.33,NavMesh,
545,3.18,AgentPrefab,Agent,MoveState,Moving,Goal,11.00,0.00,11.00,2.27,0.17,3.44,5.50,0.08,8.33,NavMesh,
546,3.18,AgentPrefab,Agent,MoveState,Moving,Goal,11.00,0.00,11.00,2.28,0.17,3.45,5.50,0.08,8.33,NavMesh,
547,3.19,AgentPrefab,Agent,MoveState,Moving,Goal,11.00,0.00,11.00,2.28,0.17,3.46,5.50,0.08,8.33,NavMesh,
548,3.19,AgentPrefab,Agent,MoveState,Moving,Goal,11.00,0.00,11.00,2.29,0.17,3.47,5.50,0.08,8.33,NavMesh,
549,3.20,AgentPrefab,Agent,MoveState,Moving,Goal,11.00,0.00,11.00,2.30,0.17,3.48,5.50,0.08,8.33,NavMesh,
550,3.21,AgentPrefab,Agent,MoveState,Moving,Goal,11.00,0.00,11.00,2.30,0.17,3.49,5.50,0.08,8.33,NavMesh,
551,3.21,AgentPrefab,Agent,MoveState,Moving,Goal,11.00,0.00,11.00,2.31,0.17,3.50,5.50,0.08,8.33,NavMesh,
552,3.22,AgentPrefab,Agent,MoveState,Moving,Goal,11.00,0.00,11.00,2.32,0.17,3.51,5.50,0.08,8.33,NavMesh,
553,3.22,AgentPrefab,Agent,MoveState,Moving,Goal,11.00,0.00,11.00,2.32,0.17,3.52,5.50,0.08,8.33,NavMesh,
554,3.23,AgentPrefab,Agent,MoveState,Moving,Goal,11.00,0.00,11.00,2.33,0.17,3.53,5.50,0.08,8.33,NavMesh,
555,3.24,AgentPrefab,Agent,MoveState,Moving,Goal,11.00,0.00,11.00,2.34,0.17,3.54,5.50,0.08,8.33,NavMesh,
556,3.24,AgentPrefab,Agent,MoveState,Moving,Goal,11.00,0.00,11.00,2.34,0.17,3.55,5.50,0.08,8.33,NavMesh,
557,3.25,AgentPrefab,Agent,MoveState,Moving,Goal,11.00,0.00,11.00,2.35,0.17,3.56,5.50,0.08,8.33,NavMesh,
558,3.26,AgentPrefab,Agent,MoveState,Moving,Goal,11.00,0.00,11.00,2.36,0.17,3.57,5.50,0.08,8.33,NavMesh,
559,3.26,AgentPrefab,Agent,MoveState,Moving,Goal,11.00,0.00,11.00,2.37,0.17,3.59,5.50,0.08,8.33,NavMesh,
560,3.27,AgentPrefab,Agent,MoveState,Moving,Goal,11.00,0.00,11.00,2.37,0.17,3.59,5.50,0.08,8.33,NavMesh,
561,3.27,AgentPrefab,Agent,MoveState,Moving,Goal,11.00,0.00,11.00,2.38,0.17,3.60,5.50,0.08,8.33,NavMesh,
562,3.28,AgentPrefab,Agent,MoveState,Moving,Goal,11.00,0.00,11.00,2.39,0.17,3.61,5.50,0.08,8.33,NavMesh,
563,3.29,AgentPrefab,Agent,MoveState,Moving,Goal,11.00,0.00,11.00,2.39,0.17,3.62,5.50,0.08,8.33,NavMesh,
564,3.29,AgentPrefab,Agent,MoveState,Moving,Goal,11.00,0.00,11.00,2.40,0.17,3.63,5.50,0.08,8.33,NavMesh,
565,3.30,AgentPrefab,Agent,MoveState,Moving,Goal,11.00,0.00,11.00,2.41,0.17,3.65,5.50,0.08,8.33,NavMesh,
566,3.30,AgentPrefab,Agent,MoveState,Moving,Goal,11.00,0.00,11.00,2.41,0.17,3.66,5.50,0.08,8.33,NavMesh,
567,3.31,AgentPrefab,Agent,MoveState,Moving,Goal,11.00,0.00,11.00,2.42,0.17,3.67,5.50,0.08,8.33,NavMesh,
568,3.32,AgentPrefab,Agent,MoveState,Moving,Goal,11.00,0.00,11.00,2.43,0.17,3.68,5.50,0.08,8.33,NavMesh,
569,3.32,AgentPrefab,Agent,MoveState,Moving,Goal,11.00,0.00,11.00,2.43,0.17,3.69,5.50,0.08,8.33,NavMesh,
570,3.33,AgentPrefab,Agent,MoveState,Moving,Goal,11.00,0.00,11.00,2.44,0.17,3.70,5.50,0.08,8.33,NavMesh,
571,3.34,AgentPrefab,Agent,MoveState,Moving,Goal,11.00,0.00,11.00,2.45,0.17,3.71,5.50,0.08,8.33,NavMesh,
572,3.34,AgentPrefab,Agent,MoveState,Moving,Goal,11.00,0.00,11.00,2.45,0.17,3.72,5.50,0.08,8.33,NavMesh,
573,3.35,AgentPrefab,Agent,MoveState,Moving,Goal,11.00,0.00,11.00,2.46,0.17,3.73,5.50,0.08,8.33,NavMesh,
574,3.35,AgentPrefab,Agent,MoveState,Moving,Goal,11.00,0.00,11.00,2.47,0.17,3.74,5.50,0.08,8.33,NavMesh,
575,3.36,AgentPrefab,Agent,MoveState,Moving,Goal,11.00,0.00,11.00,2.47,0.17,3.75,5.50,0.08,8.33,NavMesh,
576,3.37,AgentPrefab,Agent,MoveState,Moving,Goal,11.00,0.00,11.00,2.48,0.17,3.76,5.50,0.08,8.33,NavMesh,
577,3.37,AgentPrefab,Agent,MoveState,Moving,Goal,11.00,0.00,11.00,2.49,0.17,3.77,5.50,0.08,8.33,NavMesh,
578,3.38,AgentPrefab,Agent,MoveState,Moving,Goal,11.00,0.00,11.00,2.49,0.17,3.78,5.50,0.08,8.33,NavMesh,
579,3.38,AgentPrefab,Agent,MoveState,Moving,Goal,11.00,0.00,11.00,2.50,0.17,3.79,5.50,0.08,8.33,NavMesh,
580,3.39,AgentPrefab,Agent,MoveState,Moving,Goal,11.00,0.00,11.00,2.51,0.17,3.80,5.50,0.08,8.33,NavMesh,
581,3.40,AgentPrefab,Agent,MoveState,Moving,Goal,11.00,0.00,11.00,2.51,0.17,3.81,5.50,0.08,8.33,NavMesh,
582,3.40,AgentPrefab,Agent,MoveState,Moving,Goal,11.00,0.00,11.00,2.52,0.17,3.82,5.50,0.08,8.33,NavMesh,
583,3.41,AgentPrefab,Agent,MoveState,Moving,Goal,11.00,0.00,11.00,2.53,0.17,3.83,5.50,0.08,8.33,NavMesh,
584,3.42,AgentPrefab,Agent,MoveState,Moving,Goal,11.00,0.00,11.00,2.53,0.17,3.84,5.50,0.08,8.33,NavMesh,
585,3.42,AgentPrefab,Agent,MoveState,Moving,Goal,11.00,0.00,11.00,2.54,0.17,3.85,5.50,0.08,8.33,NavMesh,
586,3.43,AgentPrefab,Agent,MoveState,Moving,Goal,11.00,0.00,11.00,2.55,0.17,3.86,5.50,0.08,8.33,NavMesh,
587,3.43,AgentPrefab,Agent,MoveState,Moving,Goal,11.00,0.00,11.00,2.55,0.16,3.87,5.50,0.08,8.33,NavMesh,
588,3.44,AgentPrefab,Agent,MoveState,Moving,Goal,11.00,0.00,11.00,2.56,0.16,3.88,5.50,0.08,8.33,NavMesh,
589,3.45,AgentPrefab,Agent,MoveState,Moving,Goal,11.00,0.00,11.00,2.57,0.16,3.89,5.50,0.08,8.33,NavMesh,
590,3.45,AgentPrefab,Agent,MoveState,Moving,Goal,11.00,0.00,11.00,2.57,0.16,3.90,5.50,0.08,8.33,NavMesh,
591,3.46,AgentPrefab,Agent,MoveState,Moving,Goal,11.00,0.00,11.00,2.58,0.16,3.91,5.50,0.08,8.33,NavMesh,
592,3.47,AgentPrefab,Agent,MoveState,Moving,Goal,11.00,0.00,11.00,2.59,0.16,3.93,5.50,0.08,8.33,NavMesh,
593,3.47,AgentPrefab,Agent,MoveState,Moving,Goal,11.00,0.00,11.00,2.60,0.16,3.94,5.50,0.08,8.33,NavMesh,
594,3.48,AgentPrefab,Agent,MoveState,Moving,Goal,11.00,0.00,11.00,2.60,0.16,3.95,5.50,0.08,8.33,NavMesh,
595,3.48,AgentPrefab,Agent,MoveState,Moving,Goal,11.00,0.00,11.00,2.61,0.16,3.96,5.50,0.08,8.33,NavMesh,
596,3.49,AgentPrefab,Agent,MoveState,Moving,Goal,11.00,0.00,11.00,2.62,0.16,3.97,5.50,0.08,8.33,NavMesh,
597,3.50,AgentPrefab,Agent,MoveState,Moving,Goal,11.00,0.00,11.00,2.63,0.16,3.98,5.50,0.08,8.33,NavMesh,
598,3.50,AgentPrefab,Agent,MoveState,Moving,Goal,11.00,0.00,11.00,2.63,0.16,3.99,5.50,0.08,8.33,NavMesh,
599,3.51,AgentPrefab,Agent,MoveState,Moving,Goal,11.00,0.00,11.00,2.64,0.16,4.00,5.50,0.08,8.33,NavMesh,
600,3.52,AgentPrefab,Agent,MoveState,Moving,Goal,11.00,0.00,11.00,2.65,0.16,4.01,5.50,0.08,8.33,NavMesh,
601,3.52,AgentPrefab,Agent,MoveState,Moving,Goal,11.00,0.00,11.00,2.65,0.16,4.02,5.50,0.08,8.33,NavMesh,
602,3.53,AgentPrefab,Agent,MoveState,Moving,Goal,11.00,0.00,11.00,2.66,0.16,4.03,5.50,0.08,8.33,NavMesh,
603,3.53,AgentPrefab,Agent,MoveState,Moving,Goal,11.00,0.00,11.00,2.67,0.16,4.04,5.50,0.08,8.33,NavMesh,
604,3.54,AgentPrefab,Agent,MoveState,Moving,Goal,11.00,0.00,11.00,2.67,0.16,4.05,5.50,0.08,8.33,NavMesh,
605,3.55,AgentPrefab,Agent,MoveState,Moving,Goal,11.00,0.00,11.00,2.68,0.16,4.06,5.50,0.08,8.33,NavMesh,
606,3.55,AgentPrefab,Agent,MoveState,Moving,Goal,11.00,0.00,11.00,2.69,0.16,4.07,5.50,0.08,8.33,NavMesh,
607,3.56,AgentPrefab,Agent,MoveState,Moving,Goal,11.00,0.00,11.00,2.69,0.16,4.08,5.50,0.08,8.33,NavMesh,
608,3.57,AgentPrefab,Agent,MoveState,Moving,Goal,11.00,0.00,11.00,2.70,0.16,4.09,5.50,0.08,8.33,NavMesh,
609,3.57,AgentPrefab,Agent,MoveState,Moving,Goal,11.00,0.00,11.00,2.71,0.16,4.10,5.50,0.08,8.33,NavMesh,
610,3.58,AgentPrefab,Agent,MoveState,Moving,Goal,11.00,0.00,11.00,2.71,0.16,4.11,5.50,0.08,8.33,NavMesh,
611,3.58,AgentPrefab,Agent,MoveState,Moving,Goal,11.00,0.00,11.00,2.72,0.16,4.12,5.50,0.08,8.33,NavMesh,
612,3.59,AgentPrefab,Agent,MoveState,Moving,Goal,11.00,0.00,11.00,2.73,0.16,4.13,5.50,0.08,8.33,NavMesh,
613,3.60,AgentPrefab,Agent,MoveState,Moving,Goal,11.00,0.00,11.00,2.73,0.16,4.14,5.50,0.08,8.33,NavMesh,
614,3.60,AgentPrefab,Agent,MoveState,Moving,Goal,11.00,0.00,11.00,2.74,0.16,4.15,5.50,0.08,8.33,NavMesh,
615,3.61,AgentPrefab,Agent,MoveState,Moving,Goal,11.00,0.00,11.00,2.75,0.16,4.16,5.50,0.08,8.33,NavMesh,
616,3.61,AgentPrefab,Agent,MoveState,Moving,Goal,11.00,0.00,11.00,2.75,0.16,4.17,5.50,0.08,8.33,NavMesh,
617,3.62,AgentPrefab,Agent,MoveState,Moving,Goal,11.00,0.00,11.00,2.76,0.16,4.18,5.50,0.08,8.33,NavMesh,
618,3.63,AgentPrefab,Agent,MoveState,Moving,Goal,11.00,0.00,11.00,2.77,0.16,4.19,5.50,0.08,8.33,NavMesh,
619,3.63,AgentPrefab,Agent,MoveState,Moving,Goal,11.00,0.00,11.00,2.77,0.16,4.20,5.50,0.08,8.33,NavMesh,
620,3.64,AgentPrefab,Agent,MoveState,Moving,Goal,11.00,0.00,11.00,2.78,0.16,4.21,5.50,0.08,8.33,NavMesh,
621,3.64,AgentPrefab,Agent,MoveState,Moving,Goal,11.00,0.00,11.00,2.79,0.16,4.22,5.50,0.08,8.33,NavMesh,
622,3.65,AgentPrefab,Agent,MoveState,Moving,Goal,11.00,0.00,11.00,2.79,0.16,4.23,5.50,0.08,8.33,NavMesh,
623,3.66,AgentPrefab,Agent,MoveState,Moving,Goal,11.00,0.00,11.00,2.80,0.16,4.24,5.50,0.08,8.33,NavMesh,
624,3.66,AgentPrefab,Agent,MoveState,Moving,Goal,11.00,0.00,11.00,2.81,0.16,4.25,5.50,0.08,8.33,NavMesh,
625,3.67,AgentPrefab,Agent,MoveState,Moving,Goal,11.00,0.00,11.00,2.82,0.16,4.27,5.50,0.08,8.33,NavMesh,
626,3.68,AgentPrefab,Agent,MoveState,Moving,Goal,11.00,0.00,11.00,2.82,0.16,4.27,5.50,0.08,8.33,NavMesh,
627,3.68,AgentPrefab,Agent,MoveState,Moving,Goal,11.00,0.00,11.00,2.83,0.16,4.28,5.50,0.08,8.33,NavMesh,
628,3.69,AgentPrefab,Agent,MoveState,Moving,Goal,11.00,0.00,11.00,2.83,0.16,4.30,5.50,0.08,8.33,NavMesh,
629,3.69,AgentPrefab,Agent,MoveState,Moving,Goal,11.00,0.00,11.00,2.84,0.16,4.31,5.50,0.08,8.33,NavMesh,
630,3.70,AgentPrefab,Agent,MoveState,Moving,Goal,11.00,0.00,11.00,2.85,0.16,4.32,5.50,0.08,8.33,NavMesh,
631,3.71,AgentPrefab,Agent,MoveState,Moving,Goal,11.00,0.00,11.00,2.85,0.16,4.33,5.50,0.08,8.33,NavMesh,
632,3.71,AgentPrefab,Agent,MoveState,Moving,Goal,11.00,0.00,11.00,2.86,0.16,4.34,5.50,0.08,8.33,NavMesh,
633,3.72,AgentPrefab,Agent,MoveState,Moving,Goal,11.00,0.00,11.00,2.87,0.16,4.35,5.50,0.08,8.33,NavMesh,
634,3.72,AgentPrefab,Agent,MoveState,Moving,Goal,11.00,0.00,11.00,2.88,0.16,4.36,5.50,0.08,8.33,NavMesh,
635,3.73,AgentPrefab,Agent,MoveState,Moving,Goal,11.00,0.00,11.00,2.88,0.16,4.37,5.50,0.08,8.33,NavMesh,
636,3.74,AgentPrefab,Agent,MoveState,Moving,Goal,11.00,0.00,11.00,2.89,0.16,4.38,5.50,0.08,8.33,NavMesh,
637,3.74,AgentPrefab,Agent,MoveState,Moving,Goal,11.00,0.00,11.00,2.90,0.16,4.39,5.50,0.08,8.33,NavMesh,
638,3.75,AgentPrefab,Agent,MoveState,Moving,Goal,11.00,0.00,11.00,2.90,0.16,4.40,5.50,0.08,8.33,NavMesh,
639,3.75,AgentPrefab,Agent,MoveState,Moving,Goal,11.00,0.00,11.00,2.91,0.16,4.41,5.50,0.08,8.33,NavMesh,
640,3.76,AgentPrefab,Agent,MoveState,Moving,Goal,11.00,0.00,11.00,2.92,0.15,4.42,5.50,0.08,8.33,NavMesh,
641,3.77,AgentPrefab,Agent,MoveState,Moving,Goal,11.00,0.00,11.00,2.92,0.15,4.43,5.50,0.08,8.33,NavMesh,
642,3.77,AgentPrefab,Agent,MoveState,Moving,Goal,11.00,0.00,11.00,2.93,0.15,4.44,5.50,0.08,8.33,NavMesh,
643,3.78,AgentPrefab,Agent,MoveState,Moving,Goal,11.00,0.00,11.00,2.94,0.15,4.45,5.50,0.08,8.33,NavMesh,
644,3.79,AgentPrefab,Agent,MoveState,Moving,Goal,11.00,0.00,11.00,2.94,0.15,4.46,5.50,0.08,8.33,NavMesh,
645,3.79,AgentPrefab,Agent,MoveState,Moving,Goal,11.00,0.00,11.00,2.95,0.15,4.47,5.50,0.08,8.33,NavMesh,
646,3.80,AgentPrefab,Agent,MoveState,Moving,Goal,11.00,0.00,11.00,2.96,0.15,4.48,5.50,0.08,8.33,NavMesh,
647,3.80,AgentPrefab,Agent,MoveState,Moving,Goal,11.00,0.00,11.00,2.96,0.15,4.49,5.50,0.08,8.33,NavMesh,
648,3.81,AgentPrefab,Agent,MoveState,Moving,Goal,11.00,0.00,11.00,2.97,0.15,4.50,5.50,0.08,8.33,NavMesh,
649,3.82,AgentPrefab,Agent,MoveState,Moving,Goal,11.00,0.00,11.00,2.98,0.15,4.51,5.50,0.08,8.33,NavMesh,
650,3.82,AgentPrefab,Agent,MoveState,Moving,Goal,11.00,0.00,11.00,2.98,0.15,4.52,5.50,0.08,8.33,NavMesh,
651,3.83,AgentPrefab,Agent,MoveState,Moving,Goal,11.00,0.00,11.00,2.99,0.15,4.53,5.50,0.08,8.33,NavMesh,
652,3.84,AgentPrefab,Agent,MoveState,Moving,Goal,11.00,0.00,11.00,3.00,0.15,4.54,5.50,0.08,8.33,NavMesh,
653,3.84,AgentPrefab,Agent,MoveState,Moving,Goal,11.00,0.00,11.00,3.00,0.15,4.55,5.50,0.08,8.33,NavMesh,
654,3.85,AgentPrefab,Agent,MoveState,Moving,Goal,11.00,0.00,11.00,3.01,0.15,4.56,5.50,0.08,8.33,NavMesh,
655,3.85,AgentPrefab,Agent,MoveState,Moving,Goal,11.00,0.00,11.00,3.02,0.15,4.57,5.50,0.08,8.33,NavMesh,
656,3.86,AgentPrefab,Agent,MoveState,Moving,Goal,11.00,0.00,11.00,3.02,0.15,4.58,5.50,0.08,8.33,NavMesh,
657,3.87,AgentPrefab,Agent,MoveState,Moving,Goal,11.00,0.00,11.00,3.03,0.15,4.59,5.50,0.08,8.33,NavMesh,
658,3.87,AgentPrefab,Agent,MoveState,Moving,Goal,11.00,0.00,11.00,3.04,0.15,4.60,5.50,0.08,8.33,NavMesh,
659,3.88,AgentPrefab,Agent,MoveState,Moving,Goal,11.00,0.00,11.00,3.04,0.15,4.61,5.50,0.08,8.33,NavMesh,
660,3.88,AgentPrefab,Agent,MoveState,Moving,Goal,11.00,0.00,11.00,3.05,0.15,4.62,5.50,0.08,8.33,NavMesh,
661,3.89,AgentPrefab,Agent,MoveState,Moving,Goal,11.00,0.00,11.00,3.06,0.15,4.63,5.50,0.08,8.33,NavMesh,
662,3.90,AgentPrefab,Agent,MoveState,Moving,Goal,11.00,0.00,11.00,3.06,0.15,4.64,5.50,0.08,8.33,NavMesh,
663,3.90,AgentPrefab,Agent,MoveState,Moving,Goal,11.00,0.00,11.00,3.07,0.15,4.65,5.50,0.08,8.33,NavMesh,
664,3.91,AgentPrefab,Agent,MoveState,Moving,Goal,11.00,0.00,11.00,3.08,0.15,4.66,5.50,0.08,8.33,NavMesh,
665,3.92,AgentPrefab,Agent,MoveState,Moving,Goal,11.00,0.00,11.00,3.08,0.15,4.67,5.50,0.08,8.33,NavMesh,
666,3.92,AgentPrefab,Agent,MoveState,Moving,Goal,11.00,0.00,11.00,3.09,0.15,4.68,5.50,0.08,8.33,NavMesh,
667,3.93,AgentPrefab,Agent,MoveState,Moving,Goal,11.00,0.00,11.00,3.10,0.15,4.69,5.50,0.08,8.33,NavMesh,
668,3.93,AgentPrefab,Agent,MoveState,Moving,Goal,11.00,0.00,11.00,3.11,0.15,4.71,5.50,0.08,8.33,NavMesh,
669,3.94,AgentPrefab,Agent,MoveState,Moving,Goal,11.00,0.00,11.00,3.11,0.15,4.72,5.50,0.08,8.33,NavMesh,
670,3.95,AgentPrefab,Agent,MoveState,Moving,Goal,11.00,0.00,11.00,3.12,0.15,4.73,5.50,0.08,8.33,NavMesh,
671,3.95,AgentPrefab,Agent,MoveState,Moving,Goal,11.00,0.00,11.00,3.13,0.15,4.74,5.50,0.08,8.33,NavMesh,
672,3.96,AgentPrefab,Agent,MoveState,Moving,Goal,11.00,0.00,11.00,3.13,0.15,4.75,5.50,0.08,8.33,NavMesh,
673,3.96,AgentPrefab,Agent,MoveState,Moving,Goal,11.00,0.00,11.00,3.14,0.15,4.76,5.50,0.08,8.33,NavMesh,
674,3.97,AgentPrefab,Agent,MoveState,Moving,Goal,11.00,0.00,11.00,3.15,0.15,4.77,5.50,0.08,8.33,NavMesh,
675,3.98,AgentPrefab,Agent,MoveState,Moving,Goal,11.00,0.00,11.00,3.15,0.15,4.78,5.50,0.08,8.33,NavMesh,
676,3.98,AgentPrefab,Agent,MoveState,Moving,Goal,11.00,0.00,11.00,3.16,0.15,4.79,5.50,0.08,8.33,NavMesh,
677,3.99,AgentPrefab,Agent,MoveState,Moving,Goal,11.00,0.00,11.00,3.17,0.15,4.80,5.50,0.08,8.33,NavMesh,
678,4.00,AgentPrefab,Agent,MoveState,Moving,Goal,11.00,0.00,11.00,3.17,0.15,4.81,5.50,0.08,8.33,NavMesh,
679,4.00,AgentPrefab,Agent,MoveState,Moving,Goal,11.00,0.00,11.00,3.18,0.15,4.82,5.50,0.08,8.33,NavMesh,
680,4.01,AgentPrefab,Agent,MoveState,Moving,Goal,11.00,0.00,11.00,3.19,0.15,4.83,5.50,0.08,8.33,NavMesh,
681,4.01,AgentPrefab,Agent,MoveState,Moving,Goal,11.00,0.00,11.00,3.19,0.15,4.84,5.50,0.08,8.33,NavMesh,
682,4.02,AgentPrefab,Agent,MoveState,Moving,Goal,11.00,0.00,11.00,3.20,0.15,4.85,5.50,0.08,8.33,NavMesh,
683,4.03,AgentPrefab,Agent,MoveState,Moving,Goal,11.00,0.00,11.00,3.21,0.15,4.86,5.50,0.08,8.33,NavMesh,
684,4.04,AgentPrefab,Agent,MoveState,Moving,Goal,11.00,0.00,11.00,3.22,0.15,4.88,5.50,0.08,8.33,NavMesh,
685,4.06,AgentPrefab,Agent,MoveState,Moving,Goal,11.00,0.00,11.00,3.23,0.15,4.90,5.50,0.08,8.33,NavMesh,
686,4.06,AgentPrefab,Agent,MoveState,Moving,Goal,11.00,0.00,11.00,3.25,0.15,4.92,5.50,0.08,8.33,NavMesh,
687,4.07,AgentPrefab,Agent,MoveState,Moving,Goal,11.00,0.00,11.00,3.25,0.15,4.93,5.50,0.08,8.33,NavMesh,
688,4.08,AgentPrefab,Agent,MoveState,Moving,Goal,11.00,0.00,11.00,3.26,0.15,4.94,5.50,0.08,8.33,NavMesh,
689,4.08,AgentPrefab,Agent,MoveState,Moving,Goal,11.00,0.00,11.00,3.27,0.15,4.95,5.50,0.08,8.33,NavMesh,
690,4.09,AgentPrefab,Agent,MoveState,Moving,Goal,11.00,0.00,11.00,3.28,0.14,4.96,5.50,0.08,8.33,NavMesh,
691,4.09,AgentPrefab,Agent,MoveState,Moving,Goal,11.00,0.00,11.00,3.28,0.14,4.97,5.50,0.08,8.33,NavMesh,
692,4.10,AgentPrefab,Agent,MoveState,Moving,Goal,11.00,0.00,11.00,3.29,0.14,4.98,5.50,0.08,8.33,NavMesh,
693,4.11,AgentPrefab,Agent,MoveState,Moving,Goal,11.00,0.00,11.00,3.30,0.14,4.99,5.50,0.08,8.33,NavMesh,
694,4.11,AgentPrefab,Agent,MoveState,Moving,Goal,11.00,0.00,11.00,3.30,0.14,5.00,5.50,0.08,8.33,NavMesh,
695,4.12,AgentPrefab,Agent,MoveState,Moving,Goal,11.00,0.00,11.00,3.31,0.14,5.01,5.50,0.08,8.33,NavMesh,
696,4.12,AgentPrefab,Agent,MoveState,Moving,Goal,11.00,0.00,11.00,3.32,0.14,5.02,5.50,0.08,8.33,NavMesh,
697,4.13,AgentPrefab,Agent,MoveState,Moving,Goal,11.00,0.00,11.00,3.32,0.14,5.03,5.50,0.08,8.33,NavMesh,
698,4.14,AgentPrefab,Agent,MoveState,Moving,Goal,11.00,0.00,11.00,3.33,0.14,5.05,5.50,0.08,8.33,NavMesh,
699,4.14,AgentPrefab,Agent,MoveState,Moving,Goal,11.00,0.00,11.00,3.34,0.14,5.06,5.50,0.08,8.33,NavMesh,
700,4.15,AgentPrefab,Agent,MoveState,Moving,Goal,11.00,0.00,11.00,3.34,0.14,5.07,5.50,0.08,8.33,NavMesh,
701,4.16,AgentPrefab,Agent,MoveState,Moving,Goal,11.00,0.00,11.00,3.35,0.14,5.08,5.50,0.08,8.33,NavMesh,
702,4.16,AgentPrefab,Agent,MoveState,Moving,Goal,11.00,0.00,11.00,3.36,0.14,5.09,5.50,0.08,8.33,NavMesh,
703,4.17,AgentPrefab,Agent,MoveState,Moving,Goal,11.00,0.00,11.00,3.36,0.14,5.10,5.50,0.08,8.33,NavMesh,
704,4.17,AgentPrefab,Agent,MoveState,Moving,Goal,11.00,0.00,11.00,3.37,0.14,5.11,5.50,0.08,8.33,NavMesh,
705,4.18,AgentPrefab,Agent,MoveState,Moving,Goal,11.00,0.00,11.00,3.38,0.14,5.12,5.50,0.08,8.33,NavMesh,
706,4.19,AgentPrefab,Agent,MoveState,Moving,Goal,11.00,0.00,11.00,3.38,0.14,5.13,5.50,0.08,8.33,NavMesh,
707,4.19,AgentPrefab,Agent,MoveState,Moving,Goal,11.00,0.00,11.00,3.39,0.14,5.14,5.50,0.08,8.33,NavMesh,
708,4.20,AgentPrefab,Agent,MoveState,Moving,Goal,11.00,0.00,11.00,3.40,0.14,5.15,5.50,0.08,8.33,NavMesh,
709,4.21,AgentPrefab,Agent,MoveState,Moving,Goal,11.00,0.00,11.00,3.40,0.14,5.16,5.50,0.08,8.33,NavMesh,
710,4.21,AgentPrefab,Agent,MoveState,Moving,Goal,11.00,0.00,11.00,3.41,0.14,5.17,5.50,0.08,8.33,NavMesh,
711,4.22,AgentPrefab,Agent,MoveState,Moving,Goal,11.00,0.00,11.00,3.42,0.14,5.18,5.50,0.08,8.33,NavMesh,
712,4.22,AgentPrefab,Agent,MoveState,Moving,Goal,11.00,0.00,11.00,3.43,0.14,5.19,5.50,0.08,8.33,NavMesh,
713,4.23,AgentPrefab,Agent,MoveState,Moving,Goal,11.00,0.00,11.00,3.43,0.14,5.20,5.50,0.08,8.33,NavMesh,
714,4.24,AgentPrefab,Agent,MoveState,Moving,Goal,11.00,0.00,11.00,3.44,0.14,5.21,5.50,0.08,8.33,NavMesh,
715,4.24,AgentPrefab,Agent,MoveState,Moving,Goal,11.00,0.00,11.00,3.45,0.14,5.22,5.50,0.08,8.33,NavMesh,
716,4.25,AgentPrefab,Agent,MoveState,Moving,Goal,11.00,0.00,11.00,3.45,0.14,5.23,5.50,0.08,8.33,NavMesh,
717,4.25,AgentPrefab,Agent,MoveState,Moving,Goal,11.00,0.00,11.00,3.46,0.14,5.24,5.50,0.08,8.33,NavMesh,
718,4.26,AgentPrefab,Agent,MoveState,Moving,Goal,11.00,0.00,11.00,3.47,0.14,5.25,5.50,0.08,8.33,NavMesh,
719,4.27,AgentPrefab,Agent,MoveState,Moving,Goal,11.00,0.00,11.00,3.47,0.14,5.26,5.50,0.08,8.33,NavMesh,
720,4.27,AgentPrefab,Agent,MoveState,Moving,Goal,11.00,0.00,11.00,3.48,0.14,5.27,5.50,0.08,8.33,NavMesh,
721,4.28,AgentPrefab,Agent,MoveState,Moving,Goal,11.00,0.00,11.00,3.49,0.14,5.28,5.50,0.08,8.33,NavMesh,
722,4.29,AgentPrefab,Agent,MoveState,Moving,Goal,11.00,0.00,11.00,3.50,0.14,5.30,5.50,0.08,8.33,NavMesh,
723,4.30,AgentPrefab,Agent,MoveState,Moving,Goal,11.00,0.00,11.00,3.51,0.14,5.31,5.50,0.08,8.33,NavMesh,
724,4.30,AgentPrefab,Agent,MoveState,Moving,Goal,11.00,0.00,11.00,3.51,0.14,5.32,5.50,0.08,8.33,NavMesh,
725,4.31,AgentPrefab,Agent,MoveState,Moving,Goal,11.00,0.00,11.00,3.52,0.14,5.33,5.50,0.08,8.33,NavMesh,
726,4.31,AgentPrefab,Agent,MoveState,Moving,Goal,11.00,0.00,11.00,3.53,0.14,5.34,5.50,0.08,8.33,NavMesh,
727,4.32,AgentPrefab,Agent,MoveState,Moving,Goal,11.00,0.00,11.00,3.53,0.14,5.35,5.50,0.08,8.33,NavMesh,
728,4.33,AgentPrefab,Agent,MoveState,Moving,Goal,11.00,0.00,11.00,3.54,0.14,5.36,5.50,0.08,8.33,NavMesh,
729,4.33,AgentPrefab,Agent,MoveState,Moving,Goal,11.00,0.00,11.00,3.55,0.14,5.37,5.50,0.08,8.33,NavMesh,
730,4.34,AgentPrefab,Agent,MoveState,Moving,Goal,11.00,0.00,11.00,3.55,0.14,5.38,5.50,0.08,8.33,NavMesh,
731,4.35,AgentPrefab,Agent,MoveState,Moving,Goal,11.00,0.00,11.00,3.56,0.14,5.39,5.50,0.08,8.33,NavMesh,
732,4.35,AgentPrefab,Agent,MoveState,Moving,Goal,11.00,0.00,11.00,3.57,0.14,5.40,5.50,0.08,8.33,NavMesh,
733,4.36,AgentPrefab,Agent,MoveState,Moving,Goal,11.00,0.00,11.00,3.57,0.14,5.41,5.50,0.08,8.33,NavMesh,
734,4.36,AgentPrefab,Agent,MoveState,Moving,Goal,11.00,0.00,11.00,3.58,0.14,5.42,5.50,0.08,8.33,NavMesh,
735,4.37,AgentPrefab,Agent,MoveState,Moving,Goal,11.00,0.00,11.00,3.59,0.14,5.43,5.50,0.08,8.33,NavMesh,
736,4.38,AgentPrefab,Agent,MoveState,Moving,Goal,11.00,0.00,11.00,3.59,0.14,5.44,5.50,0.08,8.33,NavMesh,
737,4.38,AgentPrefab,Agent,MoveState,Moving,Goal,11.00,0.00,11.00,3.60,0.14,5.45,5.50,0.08,8.33,NavMesh,
738,4.39,AgentPrefab,Agent,MoveState,Moving,Goal,11.00,0.00,11.00,3.61,0.14,5.46,5.50,0.08,8.33,NavMesh,
739,4.39,AgentPrefab,Agent,MoveState,Moving,Goal,11.00,0.00,11.00,3.61,0.14,5.47,5.50,0.08,8.33,NavMesh,
740,4.40,AgentPrefab,Agent,MoveState,Moving,Goal,11.00,0.00,11.00,3.62,0.14,5.49,5.50,0.08,8.33,NavMesh,
741,4.41,AgentPrefab,Agent,MoveState,Moving,Goal,11.00,0.00,11.00,3.63,0.14,5.50,5.50,0.08,8.33,NavMesh,
742,4.41,AgentPrefab,Agent,MoveState,Moving,Goal,11.00,0.00,11.00,3.63,0.14,5.50,5.50,0.08,8.33,NavMesh,
743,4.42,AgentPrefab,Agent,MoveState,Moving,Goal,11.00,0.00,11.00,3.64,0.13,5.52,5.50,0.08,8.33,NavMesh,
744,4.43,AgentPrefab,Agent,MoveState,Moving,Goal,11.00,0.00,11.00,3.65,0.13,5.53,5.50,0.08,8.33,NavMesh,
745,4.43,AgentPrefab,Agent,MoveState,Moving,Goal,11.00,0.00,11.00,3.65,0.13,5.54,5.50,0.08,8.33,NavMesh,
746,4.44,AgentPrefab,Agent,MoveState,Moving,Goal,11.00,0.00,11.00,3.66,0.13,5.55,5.50,0.08,8.33,NavMesh,
747,4.44,AgentPrefab,Agent,MoveState,Moving,Goal,11.00,0.00,11.00,3.67,0.13,5.56,5.50,0.08,8.33,NavMesh,
748,4.45,AgentPrefab,Agent,MoveState,Moving,Goal,11.00,0.00,11.00,3.67,0.13,5.57,5.50,0.08,8.33,NavMesh,
749,4.46,AgentPrefab,Agent,MoveState,Moving,Goal,11.00,0.00,11.00,3.68,0.13,5.58,5.50,0.08,8.33,NavMesh,
750,4.46,AgentPrefab,Agent,MoveState,Moving,Goal,11.00,0.00,11.00,3.69,0.13,5.59,5.50,0.08,8.33,NavMesh,
751,4.47,AgentPrefab,Agent,MoveState,Moving,Goal,11.00,0.00,11.00,3.69,0.13,5.60,5.50,0.08,8.33,NavMesh,
752,4.48,AgentPrefab,Agent,MoveState,Moving,Goal,11.00,0.00,11.00,3.70,0.13,5.61,5.50,0.08,8.33,NavMesh,
753,4.48,AgentPrefab,Agent,MoveState,Moving,Goal,11.00,0.00,11.00,3.71,0.13,5.62,5.50,0.08,8.33,NavMesh,
754,4.49,AgentPrefab,Agent,MoveState,Moving,Goal,11.00,0.00,11.00,3.72,0.13,5.63,5.50,0.08,8.33,NavMesh,
755,4.49,AgentPrefab,Agent,MoveState,Moving,Goal,11.00,0.00,11.00,3.72,0.13,5.64,5.50,0.08,8.33,NavMesh,
756,4.50,AgentPrefab,Agent,MoveState,Moving,Goal,11.00,0.00,11.00,3.73,0.13,5.65,5.50,0.08,8.33,NavMesh,
757,4.51,AgentPrefab,Agent,MoveState,Moving,Goal,11.00,0.00,11.00,3.74,0.13,5.66,5.50,0.08,8.33,NavMesh,
758,4.51,AgentPrefab,Agent,MoveState,Moving,Goal,11.00,0.00,11.00,3.74,0.13,5.67,5.50,0.08,8.33,NavMesh,
759,4.52,AgentPrefab,Agent,MoveState,Moving,Goal,11.00,0.00,11.00,3.75,0.13,5.68,5.50,0.08,8.33,NavMesh,
760,4.53,AgentPrefab,Agent,MoveState,Moving,Goal,11.00,0.00,11.00,3.76,0.13,5.69,5.50,0.08,8.33,NavMesh,
761,4.53,AgentPrefab,Agent,MoveState,Moving,Goal,11.00,0.00,11.00,3.76,0.13,5.70,5.50,0.08,8.33,NavMesh,
762,4.54,AgentPrefab,Agent,MoveState,Moving,Goal,11.00,0.00,11.00,3.77,0.13,5.71,5.50,0.08,8.33,NavMesh,
763,4.54,AgentPrefab,Agent,MoveState,Moving,Goal,11.00,0.00,11.00,3.78,0.13,5.72,5.50,0.08,8.33,NavMesh,
764,4.55,AgentPrefab,Agent,MoveState,Moving,Goal,11.00,0.00,11.00,3.79,0.13,5.74,5.50,0.08,8.33,NavMesh,
765,4.56,AgentPrefab,Agent,MoveState,Moving,Goal,11.00,0.00,11.00,3.79,0.13,5.75,5.50,0.08,8.33,NavMesh,
766,4.56,AgentPrefab,Agent,MoveState,Moving,Goal,11.00,0.00,11.00,3.80,0.13,5.76,5.50,0.08,8.33,NavMesh,
767,4.57,AgentPrefab,Agent,MoveState,Moving,Goal,11.00,0.00,11.00,3.81,0.13,5.77,5.50,0.08,8.33,NavMesh,
768,4.58,AgentPrefab,Agent,MoveState,Moving,Goal,11.00,0.00,11.00,3.81,0.13,5.78,5.50,0.08,8.33,NavMesh,
769,4.58,AgentPrefab,Agent,MoveState,Moving,Goal,11.00,0.00,11.00,3.82,0.13,5.79,5.50,0.08,8.33,NavMesh,
770,4.59,AgentPrefab,Agent,MoveState,Moving,Goal,11.00,0.00,11.00,3.83,0.13,5.80,5.50,0.08,8.33,NavMesh,
771,4.59,AgentPrefab,Agent,MoveState,Moving,Goal,11.00,0.00,11.00,3.83,0.13,5.81,5.50,0.08,8.33,NavMesh,
772,4.60,AgentPrefab,Agent,MoveState,Moving,Goal,11.00,0.00,11.00,3.84,0.13,5.82,5.50,0.08,8.33,NavMesh,
773,4.61,AgentPrefab,Agent,MoveState,Moving,Goal,11.00,0.00,11.00,3.85,0.13,5.83,5.50,0.08,8.33,NavMesh,
774,4.61,AgentPrefab,Agent,MoveState,Moving,Goal,11.00,0.00,11.00,3.85,0.13,5.84,5.50,0.08,8.33,NavMesh,
775,4.62,AgentPrefab,Agent,MoveState,Moving,Goal,11.00,0.00,11.00,3.86,0.13,5.85,5.50,0.08,8.33,NavMesh,
776,4.62,AgentPrefab,Agent,MoveState,Moving,Goal,11.00,0.00,11.00,3.87,0.13,5.86,5.50,0.08,8.33,NavMesh,
777,4.63,AgentPrefab,Agent,MoveState,Moving,Goal,11.00,0.00,11.00,3.87,0.13,5.87,5.50,0.08,8.33,NavMesh,
778,4.64,AgentPrefab,Agent,MoveState,Moving,Goal,11.00,0.00,11.00,3.88,0.13,5.88,5.50,0.08,8.33,NavMesh,
779,4.64,AgentPrefab,Agent,MoveState,Moving,Goal,11.00,0.00,11.00,3.89,0.13,5.89,5.50,0.08,8.33,NavMesh,
780,4.65,AgentPrefab,Agent,MoveState,Moving,Goal,11.00,0.00,11.00,3.89,0.13,5.90,5.50,0.08,8.33,NavMesh,
781,4.66,AgentPrefab,Agent,MoveState,Moving,Goal,11.00,0.00,11.00,3.90,0.13,5.91,5.50,0.08,8.33,NavMesh,
782,4.66,AgentPrefab,Agent,MoveState,Moving,Goal,11.00,0.00,11.00,3.91,0.13,5.92,5.50,0.08,8.33,NavMesh,
783,4.67,AgentPrefab,Agent,MoveState,Moving,Goal,11.00,0.00,11.00,3.91,0.13,5.93,5.50,0.08,8.33,NavMesh,
784,4.67,AgentPrefab,Agent,MoveState,Moving,Goal,11.00,0.00,11.00,3.92,0.13,5.94,5.50,0.08,8.33,NavMesh,
785,4.68,AgentPrefab,Agent,MoveState,Moving,Goal,11.00,0.00,11.00,3.93,0.13,5.95,5.50,0.08,8.33,NavMesh,
786,4.69,AgentPrefab,Agent,MoveState,Moving,Goal,11.00,0.00,11.00,3.94,0.13,5.96,5.50,0.08,8.33,NavMesh,
787,4.69,AgentPrefab,Agent,MoveState,Moving,Goal,11.00,0.00,11.00,3.94,0.13,5.97,5.50,0.08,8.33,NavMesh,
788,4.70,AgentPrefab,Agent,MoveState,Moving,Goal,11.00,0.00,11.00,3.95,0.13,5.98,5.50,0.08,8.33,NavMesh,
789,4.70,AgentPrefab,Agent,MoveState,Moving,Goal,11.00,0.00,11.00,3.96,0.13,5.99,5.50,0.08,8.33,NavMesh,
790,4.71,AgentPrefab,Agent,MoveState,Moving,Goal,11.00,0.00,11.00,3.96,0.13,6.00,5.50,0.08,8.33,NavMesh,
791,4.72,AgentPrefab,Agent,MoveState,Moving,Goal,11.00,0.00,11.00,3.97,0.13,6.01,5.50,0.08,8.33,NavMesh,
792,4.72,AgentPrefab,Agent,MoveState,Moving,Goal,11.00,0.00,11.00,3.98,0.13,6.02,5.50,0.08,8.33,NavMesh,
793,4.73,AgentPrefab,Agent,MoveState,Moving,Goal,11.00,0.00,11.00,3.98,0.13,6.03,5.50,0.08,8.33,NavMesh,
794,4.74,AgentPrefab,Agent,MoveState,Moving,Goal,11.00,0.00,11.00,3.99,0.13,6.04,5.50,0.08,8.33,NavMesh,
795,4.74,AgentPrefab,Agent,MoveState,Moving,Goal,11.00,0.00,11.00,4.00,0.13,6.05,5.50,0.08,8.33,NavMesh,
796,4.75,AgentPrefab,Agent,MoveState,Moving,Goal,11.00,0.00,11.00,4.00,0.12,6.06,5.50,0.08,8.33,NavMesh,
797,4.75,AgentPrefab,Agent,MoveState,Moving,Goal,11.00,0.00,11.00,4.01,0.12,6.07,5.50,0.08,8.33,NavMesh,
798,4.76,AgentPrefab,Agent,MoveState,Moving,Goal,11.00,0.00,11.00,4.02,0.12,6.08,5.50,0.08,8.33,NavMesh,
799,4.77,AgentPrefab,Agent,MoveState,Moving,Goal,11.00,0.00,11.00,4.02,0.12,6.09,5.50,0.08,8.33,NavMesh,
800,4.77,AgentPrefab,Agent,MoveState,Moving,Goal,11.00,0.00,11.00,4.03,0.12,6.10,5.50,0.08,8.33,NavMesh,
801,4.78,AgentPrefab,Agent,MoveState,Moving,Goal,11.00,0.00,11.00,4.04,0.12,6.11,5.50,0.08,8.33,NavMesh,
802,4.78,AgentPrefab,Agent,MoveState,Moving,Goal,11.00,0.00,11.00,4.04,0.12,6.12,5.50,0.08,8.33,NavMesh,
803,4.79,AgentPrefab,Agent,MoveState,Moving,Goal,11.00,0.00,11.00,4.05,0.12,6.13,5.50,0.08,8.33,NavMesh,
804,4.80,AgentPrefab,Agent,MoveState,Moving,Goal,11.00,0.00,11.00,4.06,0.12,6.14,5.50,0.08,8.33,NavMesh,
805,4.80,AgentPrefab,Agent,MoveState,Moving,Goal,11.00,0.00,11.00,4.06,0.12,6.15,5.50,0.08,8.33,NavMesh,
806,4.81,AgentPrefab,Agent,MoveState,Moving,Goal,11.00,0.00,11.00,4.07,0.12,6.16,5.50,0.08,8.33,NavMesh,
807,4.82,AgentPrefab,Agent,MoveState,Moving,Goal,11.00,0.00,11.00,4.08,0.12,6.18,5.50,0.08,8.33,NavMesh,
808,4.82,AgentPrefab,Agent,MoveState,Moving,Goal,11.00,0.00,11.00,4.09,0.12,6.19,5.50,0.08,8.33,NavMesh,
809,4.83,AgentPrefab,Agent,MoveState,Moving,Goal,11.00,0.00,11.00,4.09,0.12,6.20,5.50,0.08,8.33,NavMesh,
810,4.84,AgentPrefab,Agent,MoveState,Moving,Goal,11.00,0.00,11.00,4.10,0.12,6.21,5.50,0.08,8.33,NavMesh,
811,4.84,AgentPrefab,Agent,MoveState,Moving,Goal,11.00,0.00,11.00,4.11,0.12,6.22,5.50,0.08,8.33,NavMesh,
812,4.85,AgentPrefab,Agent,MoveState,Moving,Goal,11.00,0.00,11.00,4.11,0.12,6.23,5.50,0.08,8.33,NavMesh,
813,4.86,AgentPrefab,Agent,MoveState,Moving,Goal,11.00,0.00,11.00,4.12,0.12,6.24,5.50,0.08,8.33,NavMesh,
814,4.86,AgentPrefab,Agent,MoveState,Moving,Goal,11.00,0.00,11.00,4.13,0.12,6.25,5.50,0.08,8.33,NavMesh,
815,4.87,AgentPrefab,Agent,MoveState,Moving,Goal,11.00,0.00,11.00,4.13,0.12,6.26,5.50,0.08,8.33,NavMesh,
816,4.87,AgentPrefab,Agent,MoveState,Moving,Goal,11.00,0.00,11.00,4.14,0.12,6.27,5.50,0.08,8.33,NavMesh,
817,4.88,AgentPrefab,Agent,MoveState,Moving,Goal,11.00,0.00,11.00,4.15,0.12,6.28,5.50,0.08,8.33,NavMesh,
818,4.89,AgentPrefab,Agent,MoveState,Moving,Goal,11.00,0.00,11.00,4.15,0.12,6.29,5.50,0.08,8.33,NavMesh,
819,4.89,AgentPrefab,Agent,MoveState,Moving,Goal,11.00,0.00,11.00,4.16,0.12,6.31,5.50,0.08,8.33,NavMesh,
820,4.90,AgentPrefab,Agent,MoveState,Moving,Goal,11.00,0.00,11.00,4.17,0.12,6.31,5.50,0.08,8.33,NavMesh,
821,4.90,AgentPrefab,Agent,MoveState,Moving,Goal,11.00,0.00,11.00,4.17,0.12,6.32,5.50,0.08,8.33,NavMesh,
822,4.91,AgentPrefab,Agent,MoveState,Moving,Goal,11.00,0.00,11.00,4.18,0.12,6.33,5.50,0.08,8.33,NavMesh,
823,4.92,AgentPrefab,Agent,MoveState,Moving,Goal,11.00,0.00,11.00,4.19,0.12,6.34,5.50,0.08,8.33,NavMesh,
824,4.92,AgentPrefab,Agent,MoveState,Moving,Goal,11.00,0.00,11.00,4.19,0.12,6.35,5.50,0.08,8.33,NavMesh,
825,4.93,AgentPrefab,Agent,MoveState,Moving,Goal,11.00,0.00,11.00,4.20,0.12,6.36,5.50,0.08,8.33,NavMesh,
826,4.93,AgentPrefab,Agent,MoveState,Moving,Goal,11.00,0.00,11.00,4.21,0.12,6.37,5.50,0.08,8.33,NavMesh,
827,4.94,AgentPrefab,Agent,MoveState,Moving,Goal,11.00,0.00,11.00,4.21,0.12,6.39,5.50,0.08,8.33,NavMesh,
828,4.95,AgentPrefab,Agent,MoveState,Moving,Goal,11.00,0.00,11.00,4.22,0.12,6.39,5.50,0.08,8.33,NavMesh,
829,4.95,AgentPrefab,Agent,MoveState,Moving,Goal,11.00,0.00,11.00,4.23,0.12,6.40,5.50,0.08,8.33,NavMesh,
830,4.96,AgentPrefab,Agent,MoveState,Moving,Goal,11.00,0.00,11.00,4.23,0.12,6.42,5.50,0.08,8.33,NavMesh,
831,4.96,AgentPrefab,Agent,MoveState,Moving,Goal,11.00,0.00,11.00,4.24,0.12,6.43,5.50,0.08,8.33,NavMesh,
832,4.97,AgentPrefab,Agent,MoveState,Moving,Goal,11.00,0.00,11.00,4.25,0.12,6.44,5.50,0.08,8.33,NavMesh,
833,4.98,AgentPrefab,Agent,MoveState,Moving,Goal,11.00,0.00,11.00,4.25,0.12,6.45,5.50,0.08,8.33,NavMesh,
834,4.98,AgentPrefab,Agent,MoveState,Moving,Goal,11.00,0.00,11.00,4.26,0.12,6.46,5.50,0.08,8.33,NavMesh,
835,4.99,AgentPrefab,Agent,MoveState,Moving,Goal,11.00,0.00,11.00,4.27,0.12,6.47,5.50,0.08,8.33,NavMesh,
836,4.99,AgentPrefab,Agent,MoveState,Moving,Goal,11.00,0.00,11.00,4.27,0.12,6.48,5.50,0.08,8.33,NavMesh,
837,5.00,AgentPrefab,Agent,MoveState,Moving,Goal,11.00,0.00,11.00,4.28,0.12,6.49,5.50,0.08,8.33,NavMesh,
838,5.01,AgentPrefab,Agent,MoveState,Moving,Goal,11.00,0.00,11.00,4.29,0.12,6.50,5.50,0.08,8.33,NavMesh,
839,5.01,AgentPrefab,Agent,MoveState,Moving,Goal,11.00,0.00,11.00,4.29,0.12,6.51,5.50,0.08,8.33,NavMesh,
840,5.02,AgentPrefab,Agent,MoveState,Moving,Goal,11.00,0.00,11.00,4.30,0.12,6.52,5.50,0.08,8.33,NavMesh,
841,5.02,AgentPrefab,Agent,MoveState,Moving,Goal,11.00,0.00,11.00,4.31,0.12,6.53,5.50,0.08,8.33,NavMesh,
842,5.03,AgentPrefab,Agent,MoveState,Moving,Goal,11.00,0.00,11.00,4.31,0.12,6.54,5.50,0.08,8.33,NavMesh,
843,5.04,AgentPrefab,Agent,MoveState,Moving,Goal,11.00,0.00,11.00,4.32,0.12,6.55,5.50,0.08,8.33,NavMesh,
844,5.04,AgentPrefab,Agent,MoveState,Moving,Goal,11.00,0.00,11.00,4.33,0.12,6.56,5.50,0.08,8.33,NavMesh,
845,5.05,AgentPrefab,Agent,MoveState,Moving,Goal,11.00,0.00,11.00,4.33,0.12,6.57,5.50,0.08,8.33,NavMesh,
846,5.06,AgentPrefab,Agent,MoveState,Moving,Goal,11.00,0.00,11.00,4.34,0.12,6.58,5.50,0.08,8.33,NavMesh,
847,5.06,AgentPrefab,Agent,MoveState,Moving,Goal,11.00,0.00,11.00,4.35,0.12,6.59,5.50,0.08,8.33,NavMesh,
848,5.07,AgentPrefab,Agent,MoveState,Moving,Goal,11.00,0.00,11.00,4.36,0.12,6.60,5.50,0.08,8.33,NavMesh,
849,5.07,AgentPrefab,Agent,MoveState,Moving,Goal,11.00,0.00,11.00,4.36,0.11,6.61,5.50,0.08,8.33,NavMesh,
850,5.08,AgentPrefab,Agent,MoveState,Moving,Goal,11.00,0.00,11.00,4.37,0.11,6.62,5.50,0.08,8.33,NavMesh,
851,5.09,AgentPrefab,Agent,MoveState,Moving,Goal,11.00,0.00,11.00,4.38,0.11,6.63,5.50,0.08,8.33,NavMesh,
852,5.09,AgentPrefab,Agent,MoveState,Moving,Goal,11.00,0.00,11.00,4.38,0.11,6.64,5.50,0.08,8.33,NavMesh,
853,5.10,AgentPrefab,Agent,MoveState,Moving,Goal,11.00,0.00,11.00,4.39,0.11,6.65,5.50,0.08,8.33,NavMesh,
854,5.11,AgentPrefab,Agent,MoveState,Moving,Goal,11.00,0.00,11.00,4.40,0.11,6.66,5.50,0.08,8.33,NavMesh,
855,5.11,AgentPrefab,Agent,MoveState,Moving,Goal,11.00,0.00,11.00,4.40,0.11,6.67,5.50,0.08,8.33,NavMesh,
856,5.12,AgentPrefab,Agent,MoveState,Moving,Goal,11.00,0.00,11.00,4.41,0.11,6.68,5.50,0.08,8.33,NavMesh,
857,5.12,AgentPrefab,Agent,MoveState,Moving,Goal,11.00,0.00,11.00,4.42,0.11,6.69,5.50,0.08,8.33,NavMesh,
858,5.13,AgentPrefab,Agent,MoveState,Moving,Goal,11.00,0.00,11.00,4.42,0.11,6.70,5.50,0.08,8.33,NavMesh,
859,5.14,AgentPrefab,Agent,MoveState,Moving,Goal,11.00,0.00,11.00,4.43,0.11,6.71,5.50,0.08,8.33,NavMesh,
860,5.14,AgentPrefab,Agent,MoveState,Moving,Goal,11.00,0.00,11.00,4.44,0.11,6.72,5.50,0.08,8.33,NavMesh,
861,5.15,AgentPrefab,Agent,MoveState,Moving,Goal,11.00,0.00,11.00,4.44,0.11,6.73,5.50,0.08,8.33,NavMesh,
862,5.15,AgentPrefab,Agent,MoveState,Moving,Goal,11.00,0.00,11.00,4.45,0.11,6.74,5.50,0.08,8.33,NavMesh,
863,5.16,AgentPrefab,Agent,MoveState,Moving,Goal,11.00,0.00,11.00,4.46,0.11,6.75,5.50,0.08,8.33,NavMesh,
864,5.17,AgentPrefab,Agent,MoveState,Moving,Goal,11.00,0.00,11.00,4.46,0.11,6.76,5.50,0.08,8.33,NavMesh,
865,5.17,AgentPrefab,Agent,MoveState,Moving,Goal,11.00,0.00,11.00,4.47,0.11,6.77,5.50,0.08,8.33,NavMesh,
866,5.18,AgentPrefab,Agent,MoveState,Moving,Goal,11.00,0.00,11.00,4.48,0.11,6.78,5.50,0.08,8.33,NavMesh,
867,5.18,AgentPrefab,Agent,MoveState,Moving,Goal,11.00,0.00,11.00,4.48,0.11,6.79,5.50,0.08,8.33,NavMesh,
868,5.19,AgentPrefab,Agent,MoveState,Moving,Goal,11.00,0.00,11.00,4.49,0.11,6.80,5.50,0.08,8.33,NavMesh,
869,5.20,AgentPrefab,Agent,MoveState,Moving,Goal,11.00,0.00,11.00,4.50,0.11,6.82,5.50,0.08,8.33,NavMesh,
870,5.20,AgentPrefab,Agent,MoveState,Moving,Goal,11.00,0.00,11.00,4.51,0.11,6.83,5.50,0.08,8.33,NavMesh,
871,5.21,AgentPrefab,Agent,MoveState,Moving,Goal,11.00,0.00,11.00,4.51,0.11,6.84,5.50,0.08,8.33,NavMesh,
872,5.22,AgentPrefab,Agent,MoveState,Moving,Goal,11.00,0.00,11.00,4.52,0.11,6.85,5.50,0.08,8.33,NavMesh,
873,5.22,AgentPrefab,Agent,MoveState,Moving,Goal,11.00,0.00,11.00,4.53,0.11,6.86,5.50,0.08,8.33,NavMesh,
874,5.23,AgentPrefab,Agent,MoveState,Moving,Goal,11.00,0.00,11.00,4.53,0.11,6.87,5.50,0.08,8.33,NavMesh,
875,5.23,AgentPrefab,Agent,MoveState,Moving,Goal,11.00,0.00,11.00,4.54,0.11,6.88,5.50,0.08,8.33,NavMesh,
876,5.24,AgentPrefab,Agent,MoveState,Moving,Goal,11.00,0.00,11.00,4.55,0.11,6.89,5.50,0.08,8.33,NavMesh,
877,5.25,AgentPrefab,Agent,MoveState,Moving,Goal,11.00,0.00,11.00,4.55,0.11,6.90,5.50,0.08,8.33,NavMesh,
878,5.25,AgentPrefab,Agent,MoveState,Moving,Goal,11.00,0.00,11.00,4.56,0.11,6.91,5.50,0.08,8.33,NavMesh,
879,5.26,AgentPrefab,Agent,MoveState,Moving,Goal,11.00,0.00,11.00,4.57,0.11,6.92,5.50,0.08,8.33,NavMesh,
880,5.27,AgentPrefab,Agent,MoveState,Moving,Goal,11.00,0.00,11.00,4.57,0.11,6.93,5.50,0.08,8.33,NavMesh,
881,5.27,AgentPrefab,Agent,MoveState,Moving,Goal,11.00,0.00,11.00,4.58,0.11,6.94,5.50,0.08,8.33,NavMesh,
882,5.28,AgentPrefab,Agent,MoveState,Moving,Goal,11.00,0.00,11.00,4.59,0.11,6.95,5.50,0.08,8.33,NavMesh,
883,5.28,AgentPrefab,Agent,MoveState,Moving,Goal,11.00,0.00,11.00,4.59,0.11,6.96,5.50,0.08,8.33,NavMesh,
884,5.29,AgentPrefab,Agent,MoveState,Moving,Goal,11.00,0.00,11.00,4.60,0.11,6.97,5.50,0.08,8.33,NavMesh,
885,5.30,AgentPrefab,Agent,MoveState,Moving,Goal,11.00,0.00,11.00,4.61,0.11,6.98,5.50,0.08,8.33,NavMesh,
886,5.30,AgentPrefab,Agent,MoveState,Moving,Goal,11.00,0.00,11.00,4.61,0.11,6.99,5.50,0.08,8.33,NavMesh,
887,5.31,AgentPrefab,Agent,MoveState,Moving,Goal,11.00,0.00,11.00,4.62,0.11,7.00,5.50,0.08,8.33,NavMesh,
888,5.31,AgentPrefab,Agent,MoveState,Moving,Goal,11.00,0.00,11.00,4.63,0.11,7.01,5.50,0.08,8.33,NavMesh,
889,5.32,AgentPrefab,Agent,MoveState,Moving,Goal,11.00,0.00,11.00,4.63,0.11,7.02,5.50,0.08,8.33,NavMesh,
890,5.33,AgentPrefab,Agent,MoveState,Moving,Goal,11.00,0.00,11.00,4.64,0.11,7.03,5.50,0.08,8.33,NavMesh,
891,5.33,AgentPrefab,Agent,MoveState,Moving,Goal,11.00,0.00,11.00,4.65,0.11,7.04,5.50,0.08,8.33,NavMesh,
892,5.34,AgentPrefab,Agent,MoveState,Moving,Goal,11.00,0.00,11.00,4.65,0.11,7.05,5.50,0.08,8.33,NavMesh,
893,5.35,AgentPrefab,Agent,MoveState,Moving,Goal,11.00,0.00,11.00,4.66,0.11,7.06,5.50,0.08,8.33,NavMesh,
894,5.35,AgentPrefab,Agent,MoveState,Moving,Goal,11.00,0.00,11.00,4.67,0.11,7.07,5.50,0.08,8.33,NavMesh,
895,5.36,AgentPrefab,Agent,MoveState,Moving,Goal,11.00,0.00,11.00,4.67,0.11,7.08,5.50,0.08,8.33,NavMesh,
896,5.36,AgentPrefab,Agent,MoveState,Moving,Goal,11.00,0.00,11.00,4.68,0.11,7.09,5.50,0.08,8.33,NavMesh,
897,5.37,AgentPrefab,Agent,MoveState,Moving,Goal,11.00,0.00,11.00,4.69,0.11,7.10,5.50,0.08,8.33,NavMesh,
898,5.38,AgentPrefab,Agent,MoveState,Moving,Goal,11.00,0.00,11.00,4.69,0.11,7.11,5.50,0.08,8.33,NavMesh,
899,5.38,AgentPrefab,Agent,MoveState,Moving,Goal,11.00,0.00,11.00,4.70,0.11,7.12,5.50,0.08,8.33,NavMesh,
900,5.39,AgentPrefab,Agent,MoveState,Moving,Goal,11.00,0.00,11.00,4.71,0.11,7.13,5.50,0.08,8.33,NavMesh,
901,5.39,AgentPrefab,Agent,MoveState,Moving,Goal,11.00,0.00,11.00,4.72,0.11,7.14,5.50,0.08,8.33,NavMesh,
902,5.40,AgentPrefab,Agent,MoveState,Moving,Goal,11.00,0.00,11.00,4.72,0.10,7.15,5.50,0.08,8.33,NavMesh,
903,5.41,AgentPrefab,Agent,MoveState,Moving,Goal,11.00,0.00,11.00,4.73,0.10,7.16,5.50,0.08,8.33,NavMesh,
904,5.41,AgentPrefab,Agent,MoveState,Moving,Goal,11.00,0.00,11.00,4.73,0.10,7.17,5.50,0.08,8.33,NavMesh,
905,5.42,AgentPrefab,Agent,MoveState,Moving,Goal,11.00,0.00,11.00,4.74,0.10,7.18,5.50,0.08,8.33,NavMesh,
906,5.42,AgentPrefab,Agent,MoveState,Moving,Goal,11.00,0.00,11.00,4.75,0.10,7.19,5.50,0.08,8.33,NavMesh,
907,5.43,AgentPrefab,Agent,MoveState,Moving,Goal,11.00,0.00,11.00,4.75,0.10,7.20,5.50,0.08,8.33,NavMesh,
908,5.44,AgentPrefab,Agent,MoveState,Moving,Goal,11.00,0.00,11.00,4.76,0.10,7.21,5.50,0.08,8.33,NavMesh,
909,5.44,AgentPrefab,Agent,MoveState,Moving,Goal,11.00,0.00,11.00,4.77,0.10,7.22,5.50,0.08,8.33,NavMesh,
910,5.45,AgentPrefab,Agent,MoveState,Moving,Goal,11.00,0.00,11.00,4.77,0.10,7.23,5.50,0.08,8.33,NavMesh,
911,5.46,AgentPrefab,Agent,MoveState,Moving,Goal,11.00,0.00,11.00,4.78,0.10,7.25,5.50,0.08,8.33,NavMesh,
912,5.46,AgentPrefab,Agent,MoveState,Moving,Goal,11.00,0.00,11.00,4.79,0.10,7.26,5.50,0.08,8.33,NavMesh,
913,5.47,AgentPrefab,Agent,MoveState,Moving,Goal,11.00,0.00,11.00,4.80,0.10,7.27,5.50,0.08,8.33,NavMesh,
914,5.47,AgentPrefab,Agent,MoveState,Moving,Goal,11.00,0.00,11.00,4.80,0.10,7.28,5.50,0.08,8.33,NavMesh,
915,5.48,AgentPrefab,Agent,MoveState,Moving,Goal,11.00,0.00,11.00,4.81,0.10,7.29,5.50,0.08,8.33,NavMesh,
916,5.49,AgentPrefab,Agent,MoveState,Moving,Goal,11.00,0.00,11.00,4.82,0.10,7.30,5.50,0.08,8.33,NavMesh,
917,5.49,AgentPrefab,Agent,MoveState,Moving,Goal,11.00,0.00,11.00,4.82,0.10,7.31,5.50,0.08,8.33,NavMesh,
918,5.50,AgentPrefab,Agent,MoveState,Moving,Goal,11.00,0.00,11.00,4.83,0.10,7.32,5.50,0.08,8.33,NavMesh,
919,5.51,AgentPrefab,Agent,MoveState,Moving,Goal,11.00,0.00,11.00,4.84,0.10,7.33,5.50,0.08,8.33,NavMesh,
920,5.51,AgentPrefab,Agent,MoveState,Moving,Goal,11.00,0.00,11.00,4.84,0.10,7.34,5.50,0.08,8.33,NavMesh,
921,5.52,AgentPrefab,Agent,MoveState,Moving,Goal,11.00,0.00,11.00,4.85,0.10,7.35,5.50,0.08,8.33,NavMesh,
922,5.52,AgentPrefab,Agent,MoveState,Moving,Goal,11.00,0.00,11.00,4.86,0.10,7.36,5.50,0.08,8.33,NavMesh,
923,5.53,AgentPrefab,Agent,MoveState,Moving,Goal,11.00,0.00,11.00,4.86,0.10,7.37,5.50,0.08,8.33,NavMesh,
924,5.54,AgentPrefab,Agent,MoveState,Moving,Goal,11.00,0.00,11.00,4.87,0.10,7.38,5.50,0.08,8.33,NavMesh,
925,5.54,AgentPrefab,Agent,MoveState,Moving,Goal,11.00,0.00,11.00,4.88,0.10,7.39,5.50,0.08,8.33,NavMesh,
926,5.55,AgentPrefab,Agent,MoveState,Moving,Goal,11.00,0.00,11.00,4.88,0.10,7.40,5.50,0.08,8.33,NavMesh,
927,5.55,AgentPrefab,Agent,MoveState,Moving,Goal,11.00,0.00,11.00,4.89,0.10,7.41,5.50,0.08,8.33,NavMesh,
928,5.56,AgentPrefab,Agent,MoveState,Moving,Goal,11.00,0.00,11.00,4.90,0.10,7.42,5.50,0.08,8.33,NavMesh,
929,5.57,AgentPrefab,Agent,MoveState,Moving,Goal,11.00,0.00,11.00,4.90,0.10,7.43,5.50,0.08,8.33,NavMesh,
930,5.57,AgentPrefab,Agent,MoveState,Moving,Goal,11.00,0.00,11.00,4.91,0.10,7.44,5.50,0.08,8.33,NavMesh,
931,5.58,AgentPrefab,Agent,MoveState,Moving,Goal,11.00,0.00,11.00,4.92,0.10,7.45,5.50,0.08,8.33,NavMesh,
932,5.59,AgentPrefab,Agent,MoveState,Moving,Goal,11.00,0.00,11.00,4.92,0.10,7.46,5.50,0.08,8.33,NavMesh,
933,5.59,AgentPrefab,Agent,MoveState,Moving,Goal,11.00,0.00,11.00,4.93,0.10,7.47,5.50,0.08,8.33,NavMesh,
934,5.60,AgentPrefab,Agent,MoveState,Moving,Goal,11.00,0.00,11.00,4.94,0.10,7.48,5.50,0.08,8.33,NavMesh,
935,5.60,AgentPrefab,Agent,MoveState,Moving,Goal,11.00,0.00,11.00,4.94,0.10,7.49,5.50,0.08,8.33,NavMesh,
936,5.61,AgentPrefab,Agent,MoveState,Moving,Goal,11.00,0.00,11.00,4.95,0.10,7.50,5.50,0.08,8.33,NavMesh,
937,5.61,AgentPrefab,Agent,MoveState,Moving,Goal,11.00,0.00,11.00,4.96,0.10,7.51,5.50,0.08,8.33,NavMesh,
938,5.62,AgentPrefab,Agent,MoveState,Moving,Goal,11.00,0.00,11.00,4.96,0.10,7.52,5.50,0.08,8.33,NavMesh,
939,5.63,AgentPrefab,Agent,MoveState,Moving,Goal,11.00,0.00,11.00,4.97,0.10,7.53,5.50,0.08,8.33,NavMesh,
940,5.63,AgentPrefab,Agent,MoveState,Moving,Goal,11.00,0.00,11.00,4.98,0.10,7.54,5.50,0.08,8.33,NavMesh,
941,5.64,AgentPrefab,Agent,MoveState,Moving,Goal,11.00,0.00,11.00,4.98,0.10,7.55,5.50,0.08,8.33,NavMesh,
942,5.65,AgentPrefab,Agent,MoveState,Moving,Goal,11.00,0.00,11.00,4.99,0.10,7.56,5.50,0.08,8.33,NavMesh,
943,5.65,AgentPrefab,Agent,MoveState,Moving,Goal,11.00,0.00,11.00,5.00,0.10,7.57,5.50,0.08,8.33,NavMesh,
944,5.66,AgentPrefab,Agent,MoveState,Moving,Goal,11.00,0.00,11.00,5.00,0.10,7.58,5.50,0.08,8.33,NavMesh,
945,5.66,AgentPrefab,Agent,MoveState,Moving,Goal,11.00,0.00,11.00,5.01,0.10,7.59,5.50,0.08,8.33,NavMesh,
946,5.67,AgentPrefab,Agent,MoveState,Moving,Goal,11.00,0.00,11.00,5.02,0.10,7.60,5.50,0.08,8.33,NavMesh,
947,5.68,AgentPrefab,Agent,MoveState,Moving,Goal,11.00,0.00,11.00,5.02,0.10,7.61,5.50,0.08,8.33,NavMesh,
948,5.68,AgentPrefab,Agent,MoveState,Moving,Goal,11.00,0.00,11.00,5.03,0.10,7.62,5.50,0.08,8.33,NavMesh,
949,5.69,AgentPrefab,Agent,MoveState,Moving,Goal,11.00,0.00,11.00,5.04,0.10,7.63,5.50,0.08,8.33,NavMesh,
950,5.69,AgentPrefab,Agent,MoveState,Moving,Goal,11.00,0.00,11.00,5.05,0.10,7.64,5.50,0.08,8.33,NavMesh,
951,5.70,AgentPrefab,Agent,MoveState,Moving,Goal,11.00,0.00,11.00,5.05,0.10,7.66,5.50,0.08,8.33,NavMesh,
952,5.71,AgentPrefab,Agent,MoveState,Moving,Goal,11.00,0.00,11.00,5.06,0.10,7.66,5.50,0.08,8.33,NavMesh,
953,5.71,AgentPrefab,Agent,MoveState,Moving,Goal,11.00,0.00,11.00,5.06,0.10,7.67,5.50,0.08,8.33,NavMesh,
954,5.72,AgentPrefab,Agent,MoveState,Moving,Goal,11.00,0.00,11.00,5.07,0.10,7.68,5.50,0.08,8.33,NavMesh,
955,5.72,AgentPrefab,Agent,MoveState,Moving,Goal,11.00,0.00,11.00,5.08,0.10,7.69,5.50,0.08,8.33,NavMesh,
956,5.73,AgentPrefab,Agent,MoveState,Moving,Goal,11.00,0.00,11.00,5.08,0.09,7.70,5.50,0.08,8.33,NavMesh,
957,5.74,AgentPrefab,Agent,MoveState,Moving,Goal,11.00,0.00,11.00,5.09,0.09,7.72,5.50,0.08,8.33,NavMesh,
958,5.74,AgentPrefab,Agent,MoveState,Moving,Goal,11.00,0.00,11.00,5.10,0.09,7.73,5.50,0.08,8.33,NavMesh,
959,5.75,AgentPrefab,Agent,MoveState,Moving,Goal,11.00,0.00,11.00,5.11,0.09,7.74,5.50,0.08,8.33,NavMesh,
960,5.76,AgentPrefab,Agent,MoveState,Moving,Goal,11.00,0.00,11.00,5.11,0.09,7.75,5.50,0.08,8.33,NavMesh,
961,5.76,AgentPrefab,Agent,MoveState,Moving,Goal,11.00,0.00,11.00,5.12,0.09,7.76,5.50,0.08,8.33,NavMesh,
962,5.77,AgentPrefab,Agent,MoveState,Moving,Goal,11.00,0.00,11.00,5.13,0.09,7.77,5.50,0.08,8.33,NavMesh,
963,5.77,AgentPrefab,Agent,MoveState,Moving,Goal,11.00,0.00,11.00,5.13,0.09,7.78,5.50,0.08,8.33,NavMesh,
964,5.78,AgentPrefab,Agent,MoveState,Moving,Goal,11.00,0.00,11.00,5.14,0.09,7.79,5.50,0.08,8.33,NavMesh,
965,5.79,AgentPrefab,Agent,MoveState,Moving,Goal,11.00,0.00,11.00,5.15,0.09,7.80,5.50,0.08,8.33,NavMesh,
966,5.79,AgentPrefab,Agent,MoveState,Moving,Goal,11.00,0.00,11.00,5.15,0.09,7.81,5.50,0.08,8.33,NavMesh,
967,5.80,AgentPrefab,Agent,MoveState,Moving,Goal,11.00,0.00,11.00,5.16,0.09,7.82,5.50,0.08,8.33,NavMesh,
968,5.80,AgentPrefab,Agent,MoveState,Moving,Goal,11.00,0.00,11.00,5.17,0.09,7.83,5.50,0.08,8.33,NavMesh,
969,5.81,AgentPrefab,Agent,MoveState,Moving,Goal,11.00,0.00,11.00,5.17,0.09,7.84,5.50,0.08,8.33,NavMesh,
970,5.82,AgentPrefab,Agent,MoveState,Moving,Goal,11.00,0.00,11.00,5.18,0.09,7.85,5.50,0.08,8.33,NavMesh,
971,5.82,AgentPrefab,Agent,MoveState,Moving,Goal,11.00,0.00,11.00,5.19,0.09,7.86,5.50,0.08,8.33,NavMesh,
972,5.83,AgentPrefab,Agent,MoveState,Moving,Goal,11.00,0.00,11.00,5.19,0.09,7.87,5.50,0.08,8.33,NavMesh,
973,5.83,AgentPrefab,Agent,MoveState,Moving,Goal,11.00,0.00,11.00,5.20,0.09,7.88,5.50,0.08,8.33,NavMesh,
974,5.84,AgentPrefab,Agent,MoveState,Moving,Goal,11.00,0.00,11.00,5.21,0.09,7.89,5.50,0.08,8.33,NavMesh,
975,5.85,AgentPrefab,Agent,MoveState,Moving,Goal,11.00,0.00,11.00,5.21,0.09,7.90,5.50,0.08,8.33,NavMesh,
976,5.85,AgentPrefab,Agent,MoveState,Moving,Goal,11.00,0.00,11.00,5.22,0.09,7.91,5.50,0.08,8.33,NavMesh,
977,5.86,AgentPrefab,Agent,MoveState,Moving,Goal,11.00,0.00,11.00,5.22,0.09,7.91,5.50,0.08,8.33,NavMesh,
978,5.87,AgentPrefab,Agent,MoveState,Moving,Goal,11.00,0.00,11.00,5.22,0.09,7.91,5.50,0.08,8.33,NavMesh,
979,5.87,AgentPrefab,Agent,MoveState,Moving,Goal,11.00,0.00,11.00,5.22,0.09,7.91,5.50,0.08,8.33,NavMesh,
980,5.88,AgentPrefab,Agent,MoveState,Moving,Goal,11.00,0.00,11.00,5.22,0.09,7.91,5.50,0.08,8.33,NavMesh,
981,5.89,AgentPrefab,Agent,MoveState,Moving,Goal,11.00,0.00,11.00,5.22,0.09,7.91,5.50,0.08,8.33,NavMesh,
982,5.89,AgentPrefab,Agent,MoveState,Moving,Goal,11.00,0.00,11.00,5.22,0.09,7.91,5.50,0.08,8.33,NavMesh,
983,5.90,AgentPrefab,Agent,MoveState,Moving,Goal,11.00,0.00,11.00,5.22,0.09,7.91,5.50,0.08,8.33,NavMesh,
984,5.91,AgentPrefab,Agent,MoveState,Moving,Goal,11.00,0.00,11.00,5.22,0.09,7.91,5.50,0.08,8.33,NavMesh,
985,5.92,AgentPrefab,Agent,MoveState,Moving,Goal,11.00,0.00,11.00,5.22,0.09,7.91,5.50,0.08,8.33,NavMesh,
986,5.92,AgentPrefab,Agent,MoveState,Moving,Goal,11.00,0.00,11.00,5.22,0.09,7.91,5.50,0.08,8.33,NavMesh,
987,5.93,AgentPrefab,Agent,MoveState,Moving,Goal,11.00,0.00,11.00,5.22,0.09,7.91,5.50,0.08,8.33,NavMesh,
988,5.94,AgentPrefab,Agent,MoveState,Moving,Goal,11.00,0.00,11.00,5.22,0.09,7.91,5.50,0.08,8.33,NavMesh,
989,5.94,AgentPrefab,Agent,MoveState,Moving,Goal,11.00,0.00,11.00,5.22,0.09,7.91,5.50,0.08,8.33,NavMesh,
990,5.95,AgentPrefab,Agent,MoveState,Moving,Goal,11.00,0.00,11.00,5.22,0.09,7.91,5.50,0.08,8.33,NavMesh,
991,5.96,AgentPrefab,Agent,MoveState,Moving,Goal,11.00,0.00,11.00,5.22,0.09,7.91,5.50,0.08,8.33,NavMesh,
992,5.97,AgentPrefab,Agent,MoveState,Moving,Goal,11.00,0.00,11.00,5.22,0.09,7.91,5.50,0.08,8.33,NavMesh,
993,5.97,AgentPrefab,Agent,MoveState,Moving,Goal,11.00,0.00,11.00,5.22,0.09,7.91,5.50,0.08,8.33,NavMesh,
994,5.98,AgentPrefab,Agent,MoveState,Moving,Goal,11.00,0.00,11.00,5.22,0.09,7.91,5.50,0.08,8.33,NavMesh,
995,5.99,AgentPrefab,Agent,MoveState,Moving,Goal,11.00,0.00,11.00,5.23,0.09,7.92,5.50,0.08,8.33,NavMesh,
996,6.00,AgentPrefab,Agent,MoveState,Moving,Goal,11.00,0.00,11.00,5.24,0.09,7.93,5.50,0.08,8.33,NavMesh,
997,6.01,AgentPrefab,Agent,MoveState,Moving,Goal,11.00,0.00,11.00,5.24,0.09,7.95,5.50,0.08,8.33,NavMesh,
998,6.03,AgentPrefab,Agent,MoveState,Moving,Goal,11.00,0.00,11.00,5.26,0.09,7.97,5.50,0.08,8.33,NavMesh,
999,6.03,AgentPrefab,Agent,MoveState,Moving,Goal,11.00,0.00,11.00,5.28,0.09,8.00,5.50,0.08,8.33,NavMesh,
1000,6.04,AgentPrefab,Agent,MoveState,Moving,Goal,11.00,0.00,11.00,5.28,0.09,8.01,5.50,0.08,8.33,NavMesh,
1001,6.05,AgentPrefab,Agent,MoveState,Moving,Goal,11.00,0.00,11.00,5.29,0.09,8.02,5.50,0.08,8.33,NavMesh,
1002,6.05,AgentPrefab,Agent,MoveState,Moving,Goal,11.00,0.00,11.00,5.30,0.09,8.03,5.50,0.08,8.33,NavMesh,
1003,6.06,AgentPrefab,Agent,MoveState,Moving,Goal,11.00,0.00,11.00,5.31,0.09,8.04,5.50,0.08,8.33,NavMesh,
1004,6.07,AgentPrefab,Agent,MoveState,Moving,Goal,11.00,0.00,11.00,5.32,0.09,8.06,5.50,0.08,8.33,NavMesh,
1005,6.07,AgentPrefab,Agent,MoveState,Moving,Goal,11.00,0.00,11.00,5.32,0.09,8.07,5.50,0.08,8.33,NavMesh,
1006,6.08,AgentPrefab,Agent,MoveState,Moving,Goal,11.00,0.00,11.00,5.33,0.09,8.08,5.50,0.08,8.33,NavMesh,
1007,6.09,AgentPrefab,Agent,MoveState,Moving,Goal,11.00,0.00,11.00,5.34,0.09,8.09,5.50,0.08,8.33,NavMesh,
1008,6.09,AgentPrefab,Agent,MoveState,Moving,Goal,11.00,0.00,11.00,5.34,0.09,8.10,5.50,0.08,8.33,NavMesh,
1009,6.10,AgentPrefab,Agent,MoveState,Moving,Goal,11.00,0.00,11.00,5.35,0.09,8.11,5.50,0.08,8.33,NavMesh,
1010,6.11,AgentPrefab,Agent,MoveState,Moving,Goal,11.00,0.00,11.00,5.36,0.09,8.12,5.50,0.08,8.33,NavMesh,
1011,6.11,AgentPrefab,Agent,MoveState,Moving,Goal,11.00,0.00,11.00,5.37,0.09,8.13,5.50,0.08,8.33,NavMesh,
1012,6.12,AgentPrefab,Agent,MoveState,Moving,Goal,11.00,0.00,11.00,5.37,0.09,8.14,5.50,0.08,8.33,NavMesh,
1013,6.12,AgentPrefab,Agent,MoveState,Moving,Goal,11.00,0.00,11.00,5.38,0.09,8.15,5.50,0.08,8.33,NavMesh,
1014,6.13,AgentPrefab,Agent,MoveState,Moving,Goal,11.00,0.00,11.00,5.38,0.09,8.16,5.50,0.08,8.33,NavMesh,
1015,6.14,AgentPrefab,Agent,MoveState,Moving,Goal,11.00,0.00,11.00,5.39,0.09,8.17,5.50,0.08,8.33,NavMesh,
1016,6.14,AgentPrefab,Agent,MoveState,Moving,Goal,11.00,0.00,11.00,5.40,0.09,8.18,5.50,0.08,8.33,NavMesh,
1017,6.15,AgentPrefab,Agent,MoveState,Moving,Goal,11.00,0.00,11.00,5.41,0.09,8.19,5.50,0.08,8.33,NavMesh,
1018,6.15,AgentPrefab,Agent,MoveState,Moving,Goal,11.00,0.00,11.00,5.41,0.09,8.20,5.50,0.08,8.33,NavMesh,
1019,6.16,AgentPrefab,Agent,MoveState,Moving,Goal,11.00,0.00,11.00,5.42,0.09,8.21,5.50,0.08,8.33,NavMesh,
1020,6.17,AgentPrefab,Agent,MoveState,Moving,Goal,11.00,0.00,11.00,5.43,0.09,8.22,5.50,0.08,8.33,NavMesh,
1021,6.17,AgentPrefab,Agent,MoveState,Moving,Goal,11.00,0.00,11.00,5.43,0.09,8.23,5.50,0.08,8.33,NavMesh,
1022,6.18,AgentPrefab,Agent,MoveState,Moving,Goal,11.00,0.00,11.00,5.44,0.08,8.24,5.50,0.08,8.33,NavMesh,
1023,6.19,AgentPrefab,Agent,MoveState,Moving,Goal,11.00,0.00,11.00,5.45,0.08,8.26,5.50,0.08,8.33,NavMesh,
1024,6.19,AgentPrefab,Agent,MoveState,Moving,Goal,11.00,0.00,11.00,5.46,0.08,8.27,5.50,0.08,8.33,NavMesh,
1025,6.20,AgentPrefab,Agent,MoveState,Moving,Goal,11.00,0.00,11.00,5.46,0.08,8.28,5.50,0.08,8.33,NavMesh,
1026,6.21,AgentPrefab,Agent,MoveState,Moving,Goal,11.00,0.00,11.00,5.47,0.08,8.29,5.50,0.08,8.33,NavMesh,
1027,6.21,AgentPrefab,Agent,MoveState,Moving,Goal,11.00,0.00,11.00,5.50,0.08,8.33,5.83,0.08,8.67,NavMesh,
1028,6.22,AgentPrefab,Agent,MoveState,Moving,Goal,11.00,0.00,11.00,5.51,0.08,8.34,5.83,0.08,8.67,NavMesh,
1029,6.23,AgentPrefab,Agent,MoveState,Moving,Goal,11.00,0.00,11.00,5.52,0.08,8.35,5.83,0.08,8.67,NavMesh,
1030,6.23,AgentPrefab,Agent,MoveState,Moving,Goal,11.00,0.00,11.00,5.53,0.08,8.36,5.83,0.08,8.67,NavMesh,
1031,6.24,AgentPrefab,Agent,MoveState,Moving,Goal,11.00,0.00,11.00,5.54,0.08,8.37,5.83,0.08,8.67,NavMesh,
1032,6.24,AgentPrefab,Agent,MoveState,Moving,Goal,11.00,0.00,11.00,5.54,0.08,8.38,5.83,0.08,8.67,NavMesh,
1033,6.25,AgentPrefab,Agent,MoveState,Moving,Goal,11.00,0.00,11.00,5.55,0.08,8.39,5.83,0.08,8.67,NavMesh,
1034,6.26,AgentPrefab,Agent,MoveState,Moving,Goal,11.00,0.00,11.00,5.56,0.08,8.40,5.83,0.08,8.67,NavMesh,
1035,6.26,AgentPrefab,Agent,MoveState,Moving,Goal,11.00,0.00,11.00,5.57,0.08,8.40,5.83,0.08,8.67,NavMesh,
1036,6.27,AgentPrefab,Agent,MoveState,Moving,Goal,11.00,0.00,11.00,5.58,0.08,8.41,5.83,0.08,8.67,NavMesh,
1037,6.27,AgentPrefab,Agent,MoveState,Moving,Goal,11.00,0.00,11.00,5.59,0.08,8.42,5.83,0.08,8.67,NavMesh,
1038,6.28,AgentPrefab,Agent,MoveState,Moving,Goal,11.00,0.00,11.00,5.60,0.08,8.43,5.83,0.08,8.67,NavMesh,
1039,6.29,AgentPrefab,Agent,MoveState,Moving,Goal,11.00,0.00,11.00,5.60,0.08,8.44,5.83,0.08,8.67,NavMesh,
1040,6.29,AgentPrefab,Agent,MoveState,Moving,Goal,11.00,0.00,11.00,5.61,0.08,8.45,5.83,0.08,8.67,NavMesh,
1041,6.30,AgentPrefab,Agent,MoveState,Moving,Goal,11.00,0.00,11.00,5.62,0.08,8.46,5.83,0.08,8.67,NavMesh,
1042,6.31,AgentPrefab,Agent,MoveState,Moving,Goal,11.00,0.00,11.00,5.63,0.08,8.46,5.83,0.08,8.67,NavMesh,
1043,6.31,AgentPrefab,Agent,MoveState,Moving,Goal,11.00,0.00,11.00,5.64,0.08,8.48,5.83,0.08,8.67,NavMesh,
1044,6.32,AgentPrefab,Agent,MoveState,Moving,Goal,11.00,0.00,11.00,5.65,0.08,8.48,5.83,0.08,8.67,NavMesh,
1045,6.32,AgentPrefab,Agent,MoveState,Moving,Goal,11.00,0.00,11.00,5.66,0.08,8.49,5.83,0.08,8.67,NavMesh,
1046,6.33,AgentPrefab,Agent,MoveState,Moving,Goal,11.00,0.00,11.00,5.67,0.08,8.50,5.83,0.08,8.67,NavMesh,
1047,6.34,AgentPrefab,Agent,MoveState,Moving,Goal,11.00,0.00,11.00,5.67,0.08,8.51,5.83,0.08,8.67,NavMesh,
1048,6.34,AgentPrefab,Agent,MoveState,Moving,Goal,11.00,0.00,11.00,5.68,0.08,8.52,5.83,0.08,8.67,NavMesh,
1049,6.35,AgentPrefab,Agent,MoveState,Moving,Goal,11.00,0.00,11.00,5.69,0.08,8.52,5.83,0.08,8.67,NavMesh,
1050,6.35,AgentPrefab,Agent,MoveState,Moving,Goal,11.00,0.00,11.00,5.70,0.08,8.53,5.83,0.08,8.67,NavMesh,
1051,6.36,AgentPrefab,Agent,MoveState,Moving,Goal,11.00,0.00,11.00,5.71,0.08,8.54,5.83,0.08,8.67,NavMesh,
1052,6.37,AgentPrefab,Agent,MoveState,Moving,Goal,11.00,0.00,11.00,5.72,0.08,8.55,5.83,0.08,8.67,NavMesh,
1053,6.37,AgentPrefab,Agent,MoveState,Moving,Goal,11.00,0.00,11.00,5.73,0.08,8.56,5.83,0.08,8.67,NavMesh,
1054,6.38,AgentPrefab,Agent,MoveState,Moving,Goal,11.00,0.00,11.00,5.73,0.08,8.57,5.83,0.08,8.67,NavMesh,
1055,6.38,AgentPrefab,Agent,MoveState,Moving,Goal,11.00,0.00,11.00,5.74,0.08,8.58,5.83,0.08,8.67,NavMesh,
1056,6.39,AgentPrefab,Agent,MoveState,Moving,Goal,11.00,0.00,11.00,5.75,0.08,8.59,5.83,0.08,8.67,NavMesh,
1057,6.40,AgentPrefab,Agent,MoveState,Moving,Goal,11.00,0.00,11.00,5.76,0.08,8.59,5.83,0.08,8.67,NavMesh,
1058,6.40,AgentPrefab,Agent,MoveState,Moving,Goal,11.00,0.00,11.00,5.77,0.08,8.60,5.83,0.08,8.67,NavMesh,
1059,6.41,AgentPrefab,Agent,MoveState,Moving,Goal,11.00,0.00,11.00,5.78,0.08,8.61,5.83,0.08,8.67,NavMesh,
1060,6.42,AgentPrefab,Agent,MoveState,Moving,Goal,11.00,0.00,11.00,5.79,0.08,8.62,5.83,0.08,8.67,NavMesh,
1061,6.42,AgentPrefab,Agent,MoveState,Moving,Goal,11.00,0.00,11.00,5.80,0.08,8.63,5.83,0.08,8.67,NavMesh,
1062,6.43,AgentPrefab,Agent,MoveState,Moving,Goal,11.00,0.00,11.00,5.83,0.08,8.67,10.00,0.08,10.00,NavMesh,
1063,6.43,AgentPrefab,Agent,MoveState,Moving,Goal,11.00,0.00,11.00,5.85,0.08,8.67,10.00,0.08,10.00,NavMesh,
1064,6.44,AgentPrefab,Agent,MoveState,Moving,Goal,11.00,0.00,11.00,5.86,0.08,8.67,10.00,0.08,10.00,NavMesh,
1065,6.45,AgentPrefab,Agent,MoveState,Moving,Goal,11.00,0.00,11.00,5.87,0.08,8.68,10.00,0.08,10.00,NavMesh,
1066,6.45,AgentPrefab,Agent,MoveState,Moving,Goal,11.00,0.00,11.00,5.88,0.08,8.68,10.00,0.08,10.00,NavMesh,
1067,6.46,AgentPrefab,Agent,MoveState,Moving,Goal,11.00,0.00,11.00,5.89,0.08,8.69,10.00,0.08,10.00,NavMesh,
1068,6.46,AgentPrefab,Agent,MoveState,Moving,Goal,11.00,0.00,11.00,5.90,0.08,8.69,10.00,0.08,10.00,NavMesh,
1069,6.47,AgentPrefab,Agent,MoveState,Moving,Goal,11.00,0.00,11.00,5.91,0.08,8.69,10.00,0.08,10.00,NavMesh,
1070,6.48,AgentPrefab,Agent,MoveState,Moving,Goal,11.00,0.00,11.00,5.93,0.08,8.70,10.00,0.08,10.00,NavMesh,
1071,6.48,AgentPrefab,Agent,MoveState,Moving,Goal,11.00,0.00,11.00,5.94,0.08,8.70,10.00,0.08,10.00,NavMesh,
1072,6.49,AgentPrefab,Agent,MoveState,Moving,Goal,11.00,0.00,11.00,5.95,0.08,8.70,10.00,0.08,10.00,NavMesh,
1073,6.49,AgentPrefab,Agent,MoveState,Moving,Goal,11.00,0.00,11.00,5.96,0.08,8.71,10.00,0.08,10.00,NavMesh,
1074,6.50,AgentPrefab,Agent,MoveState,Moving,Goal,11.00,0.00,11.00,5.97,0.08,8.71,10.00,0.08,10.00,NavMesh,
1075,6.51,AgentPrefab,Agent,MoveState,Moving,Goal,11.00,0.00,11.00,5.98,0.08,8.71,10.00,0.08,10.00,NavMesh,
1076,6.51,AgentPrefab,Agent,MoveState,Moving,Goal,11.00,0.00,11.00,6.00,0.08,8.72,10.00,0.08,10.00,NavMesh,
1077,6.52,AgentPrefab,Agent,MoveState,Moving,Goal,11.00,0.00,11.00,6.01,0.08,8.72,10.00,0.08,10.00,NavMesh,
1078,6.53,AgentPrefab,Agent,MoveState,Moving,Goal,11.00,0.00,11.00,6.02,0.08,8.73,10.00,0.08,10.00,NavMesh,
1079,6.53,AgentPrefab,Agent,MoveState,Moving,Goal,11.00,0.00,11.00,6.03,0.08,8.73,10.00,0.08,10.00,NavMesh,
1080,6.54,AgentPrefab,Agent,MoveState,Moving,Goal,11.00,0.00,11.00,6.04,0.08,8.73,10.00,0.08,10.00,NavMesh,
1081,6.54,AgentPrefab,Agent,MoveState,Moving,Goal,11.00,0.00,11.00,6.06,0.08,8.74,10.00,0.08,10.00,NavMesh,
1082,6.55,AgentPrefab,Agent,MoveState,Moving,Goal,11.00,0.00,11.00,6.07,0.08,8.74,10.00,0.08,10.00,NavMesh,
1083,6.56,AgentPrefab,Agent,MoveState,Moving,Goal,11.00,0.00,11.00,6.08,0.08,8.75,10.00,0.08,10.00,NavMesh,
1084,6.56,AgentPrefab,Agent,MoveState,Moving,Goal,11.00,0.00,11.00,6.09,0.08,8.75,10.00,0.08,10.00,NavMesh,
1085,6.57,AgentPrefab,Agent,MoveState,Moving,Goal,11.00,0.00,11.00,6.10,0.08,8.75,10.00,0.08,10.00,NavMesh,
1086,6.57,AgentPrefab,Agent,MoveState,Moving,Goal,11.00,0.00,11.00,6.11,0.08,8.76,10.00,0.08,10.00,NavMesh,
1087,6.58,AgentPrefab,Agent,MoveState,Moving,Goal,11.00,0.00,11.00,6.13,0.08,8.76,10.00,0.08,10.00,NavMesh,
1088,6.59,AgentPrefab,Agent,MoveState,Moving,Goal,11.00,0.00,11.00,6.14,0.08,8.76,10.00,0.08,10.00,NavMesh,
1089,6.59,AgentPrefab,Agent,MoveState,Moving,Goal,11.00,0.00,11.00,6.15,0.08,8.77,10.00,0.08,10.00,NavMesh,
1090,6.60,AgentPrefab,Agent,MoveState,Moving,Goal,11.00,0.00,11.00,6.16,0.08,8.77,10.00,0.08,10.00,NavMesh,
1091,6.60,AgentPrefab,Agent,MoveState,Moving,Goal,11.00,0.00,11.00,6.17,0.08,8.77,10.00,0.08,10.00,NavMesh,
1092,6.61,AgentPrefab,Agent,MoveState,Moving,Goal,11.00,0.00,11.00,6.18,0.08,8.78,10.00,0.08,10.00,NavMesh,
1093,6.62,AgentPrefab,Agent,MoveState,Moving,Goal,11.00,0.00,11.00,6.19,0.08,8.78,10.00,0.08,10.00,NavMesh,
1094,6.62,AgentPrefab,Agent,MoveState,Moving,Goal,11.00,0.00,11.00,6.21,0.08,8.79,10.00,0.08,10.00,NavMesh,
1095,6.63,AgentPrefab,Agent,MoveState,Moving,Goal,11.00,0.00,11.00,6.22,0.08,8.79,10.00,0.08,10.00,NavMesh,
1096,6.64,AgentPrefab,Agent,MoveState,Moving,Goal,11.00,0.00,11.00,6.23,0.08,8.79,10.00,0.08,10.00,NavMesh,
1097,6.64,AgentPrefab,Agent,MoveState,Moving,Goal,11.00,0.00,11.00,6.24,0.08,8.80,10.00,0.08,10.00,NavMesh,
1098,6.65,AgentPrefab,Agent,MoveState,Moving,Goal,11.00,0.00,11.00,6.25,0.08,8.80,10.00,0.08,10.00,NavMesh,
1099,6.65,AgentPrefab,Agent,MoveState,Moving,Goal,11.00,0.00,11.00,6.27,0.08,8.80,10.00,0.08,10.00,NavMesh,
1100,6.66,AgentPrefab,Agent,MoveState,Moving,Goal,11.00,0.00,11.00,6.28,0.08,8.81,10.00,0.08,10.00,NavMesh,
1101,6.67,AgentPrefab,Agent,MoveState,Moving,Goal,11.00,0.00,11.00,6.29,0.08,8.81,10.00,0.08,10.00,NavMesh,
1102,6.67,AgentPrefab,Agent,MoveState,Moving,Goal,11.00,0.00,11.00,6.30,0.08,8.82,10.00,0.08,10.00,NavMesh,
1103,6.68,AgentPrefab,Agent,MoveState,Moving,Goal,11.00,0.00,11.00,6.31,0.08,8.82,10.00,0.08,10.00,NavMesh,
1104,6.68,AgentPrefab,Agent,MoveState,Moving,Goal,11.00,0.00,11.00,6.32,0.08,8.82,10.00,0.08,10.00,NavMesh,
1105,6.69,AgentPrefab,Agent,MoveState,Moving,Goal,11.00,0.00,11.00,6.33,0.08,8.83,10.00,0.08,10.00,NavMesh,
1106,6.70,AgentPrefab,Agent,MoveState,Moving,Goal,11.00,0.00,11.00,6.35,0.08,8.83,10.00,0.08,10.00,NavMesh,
1107,6.70,AgentPrefab,Agent,MoveState,Moving,Goal,11.00,0.00,11.00,6.36,0.08,8.83,10.00,0.08,10.00,NavMesh,
1108,6.71,AgentPrefab,Agent,MoveState,Moving,Goal,11.00,0.00,11.00,6.37,0.08,8.84,10.00,0.08,10.00,NavMesh,
1109,6.72,AgentPrefab,Agent,MoveState,Moving,Goal,11.00,0.00,11.00,6.38,0.08,8.84,10.00,0.08,10.00,NavMesh,
1110,6.72,AgentPrefab,Agent,MoveState,Moving,Goal,11.00,0.00,11.00,6.39,0.08,8.85,10.00,0.08,10.00,NavMesh,
1111,6.73,AgentPrefab,Agent,MoveState,Moving,Goal,11.00,0.00,11.00,6.40,0.08,8.85,10.00,0.08,10.00,NavMesh,
1112,6.73,AgentPrefab,Agent,MoveState,Moving,Goal,11.00,0.00,11.00,6.42,0.08,8.85,10.00,0.08,10.00,NavMesh,
1113,6.74,AgentPrefab,Agent,MoveState,Moving,Goal,11.00,0.00,11.00,6.43,0.08,8.86,10.00,0.08,10.00,NavMesh,
1114,6.75,AgentPrefab,Agent,MoveState,Moving,Goal,11.00,0.00,11.00,6.44,0.08,8.86,10.00,0.08,10.00,NavMesh,
1115,6.75,AgentPrefab,Agent,MoveState,Moving,Goal,11.00,0.00,11.00,6.45,0.08,8.86,10.00,0.08,10.00,NavMesh,
1116,6.76,AgentPrefab,Agent,MoveState,Moving,Goal,11.00,0.00,11.00,6.46,0.08,8.87,10.00,0.08,10.00,NavMesh,
1117,6.76,AgentPrefab,Agent,MoveState,Moving,Goal,11.00,0.00,11.00,6.47,0.08,8.87,10.00,0.08,10.00,NavMesh,
1118,6.77,AgentPrefab,Agent,MoveState,Moving,Goal,11.00,0.00,11.00,6.48,0.08,8.88,10.00,0.08,10.00,NavMesh,
1119,6.78,AgentPrefab,Agent,MoveState,Moving,Goal,11.00,0.00,11.00,6.50,0.08,8.88,10.00,0.08,10.00,NavMesh,
1120,6.78,AgentPrefab,Agent,MoveState,Moving,Goal,11.00,0.00,11.00,6.51,0.08,8.88,10.00,0.08,10.00,NavMesh,
1121,6.79,AgentPrefab,Agent,MoveState,Moving,Goal,11.00,0.00,11.00,6.52,0.08,8.89,10.00,0.08,10.00,NavMesh,
1122,6.79,AgentPrefab,Agent,MoveState,Moving,Goal,11.00,0.00,11.00,6.53,0.08,8.89,10.00,0.08,10.00,NavMesh,
1123,6.80,AgentPrefab,Agent,MoveState,Moving,Goal,11.00,0.00,11.00,6.54,0.08,8.89,10.00,0.08,10.00,NavMesh,
1124,6.81,AgentPrefab,Agent,MoveState,Moving,Goal,11.00,0.00,11.00,6.56,0.08,8.90,10.00,0.08,10.00,NavMesh,
1125,6.81,AgentPrefab,Agent,MoveState,Moving,Goal,11.00,0.00,11.00,6.57,0.08,8.90,10.00,0.08,10.00,NavMesh,
1126,6.82,AgentPrefab,Agent,MoveState,Moving,Goal,11.00,0.00,11.00,6.58,0.08,8.91,10.00,0.08,10.00,NavMesh,
1127,6.82,AgentPrefab,Agent,MoveState,Moving,Goal,11.00,0.00,11.00,6.59,0.08,8.91,10.00,0.08,10.00,NavMesh,
1128,6.83,AgentPrefab,Agent,MoveState,Moving,Goal,11.00,0.00,11.00,6.60,0.08,8.91,10.00,0.08,10.00,NavMesh,
1129,6.84,AgentPrefab,Agent,MoveState,Moving,Goal,11.00,0.00,11.00,6.61,0.08,8.92,10.00,0.08,10.00,NavMesh,
1130,6.84,AgentPrefab,Agent,MoveState,Moving,Goal,11.00,0.00,11.00,6.63,0.08,8.92,10.00,0.08,10.00,NavMesh,
1131,6.85,AgentPrefab,Agent,MoveState,Moving,Goal,11.00,0.00,11.00,6.64,0.08,8.92,10.00,0.08,10.00,NavMesh,
1132,6.86,AgentPrefab,Agent,MoveState,Moving,Goal,11.00,0.00,11.00,6.65,0.08,8.93,10.00,0.08,10.00,NavMesh,
1133,6.86,AgentPrefab,Agent,MoveState,Moving,Goal,11.00,0.00,11.00,6.66,0.08,8.93,10.00,0.08,10.00,NavMesh,
1134,6.87,AgentPrefab,Agent,MoveState,Moving,Goal,11.00,0.00,11.00,6.67,0.08,8.94,10.00,0.08,10.00,NavMesh,
1135,6.87,AgentPrefab,Agent,MoveState,Moving,Goal,11.00,0.00,11.00,6.68,0.08,8.94,10.00,0.08,10.00,NavMesh,
1136,6.88,AgentPrefab,Agent,MoveState,Moving,Goal,11.00,0.00,11.00,6.70,0.08,8.94,10.00,0.08,10.00,NavMesh,
1137,6.89,AgentPrefab,Agent,MoveState,Moving,Goal,11.00,0.00,11.00,6.71,0.08,8.95,10.00,0.08,10.00,NavMesh,
1138,6.89,AgentPrefab,Agent,MoveState,Moving,Goal,11.00,0.00,11.00,6.72,0.08,8.95,10.00,0.08,10.00,NavMesh,
1139,6.90,AgentPrefab,Agent,MoveState,Moving,Goal,11.00,0.00,11.00,6.73,0.08,8.95,10.00,0.08,10.00,NavMesh,
1140,6.90,AgentPrefab,Agent,MoveState,Moving,Goal,11.00,0.00,11.00,6.74,0.08,8.96,10.00,0.08,10.00,NavMesh,
1141,6.91,AgentPrefab,Agent,MoveState,Moving,Goal,11.00,0.00,11.00,6.75,0.08,8.96,10.00,0.08,10.00,NavMesh,
1142,6.92,AgentPrefab,Agent,MoveState,Moving,Goal,11.00,0.00,11.00,6.77,0.08,8.97,10.00,0.08,10.00,NavMesh,
1143,6.92,AgentPrefab,Agent,MoveState,Moving,Goal,11.00,0.00,11.00,6.78,0.08,8.97,10.00,0.08,10.00,NavMesh,
1144,6.93,AgentPrefab,Agent,MoveState,Moving,Goal,11.00,0.00,11.00,6.79,0.08,8.97,10.00,0.08,10.00,NavMesh,
1145,6.94,AgentPrefab,Agent,MoveState,Moving,Goal,11.00,0.00,11.00,6.80,0.08,8.98,10.00,0.08,10.00,NavMesh,
1146,6.94,AgentPrefab,Agent,MoveState,Moving,Goal,11.00,0.00,11.00,6.81,0.08,8.98,10.00,0.08,10.00,NavMesh,
1147,6.95,AgentPrefab,Agent,MoveState,Moving,Goal,11.00,0.00,11.00,6.82,0.08,8.98,10.00,0.08,10.00,NavMesh,
1148,6.95,AgentPrefab,Agent,MoveState,Moving,Goal,11.00,0.00,11.00,6.84,0.08,8.99,10.00,0.08,10.00,NavMesh,
1149,6.96,AgentPrefab,Agent,MoveState,Moving,Goal,11.00,0.00,11.00,6.85,0.08,8.99,10.00,0.08,10.00,NavMesh,
1150,6.97,AgentPrefab,Agent,MoveState,Moving,Goal,11.00,0.00,11.00,6.86,0.08,8.99,10.00,0.08,10.00,NavMesh,
1151,6.97,AgentPrefab,Agent,MoveState,Moving,Goal,11.00,0.00,11.00,6.87,0.08,9.00,10.00,0.08,10.00,NavMesh,
1152,6.98,AgentPrefab,Agent,MoveState,Moving,Goal,11.00,0.00,11.00,6.88,0.08,9.00,10.00,0.08,10.00,NavMesh,
1153,6.98,AgentPrefab,Agent,MoveState,Moving,Goal,11.00,0.00,11.00,6.89,0.08,9.01,10.00,0.08,10.00,NavMesh,
1154,6.99,AgentPrefab,Agent,MoveState,Moving,Goal,11.00,0.00,11.00,6.91,0.08,9.01,10.00,0.08,10.00,NavMesh,
1155,7.00,AgentPrefab,Agent,MoveState,Moving,Goal,11.00,0.00,11.00,6.92,0.08,9.01,10.00,0.08,10.00,NavMesh,
1156,7.00,AgentPrefab,Agent,MoveState,Moving,Goal,11.00,0.00,11.00,6.93,0.08,9.02,10.00,0.08,10.00,NavMesh,
1157,7.01,AgentPrefab,Agent,MoveState,Moving,Goal,11.00,0.00,11.00,6.94,0.08,9.02,10.00,0.08,10.00,NavMesh,
1158,7.01,AgentPrefab,Agent,MoveState,Moving,Goal,11.00,0.00,11.00,6.95,0.08,9.02,10.00,0.08,10.00,NavMesh,
1159,7.02,AgentPrefab,Agent,MoveState,Moving,Goal,11.00,0.00,11.00,6.96,0.08,9.03,10.00,0.08,10.00,NavMesh,
1160,7.03,AgentPrefab,Agent,MoveState,Moving,Goal,11.00,0.00,11.00,6.98,0.08,9.03,10.00,0.08,10.00,NavMesh,
1161,7.03,AgentPrefab,Agent,MoveState,Moving,Goal,11.00,0.00,11.00,6.99,0.08,9.04,10.00,0.08,10.00,NavMesh,
1162,7.04,AgentPrefab,Agent,MoveState,Moving,Goal,11.00,0.00,11.00,7.00,0.08,9.04,10.00,0.08,10.00,NavMesh,
1163,7.05,AgentPrefab,Agent,MoveState,Moving,Goal,11.00,0.00,11.00,7.01,0.08,9.04,10.00,0.08,10.00,NavMesh,
1164,7.05,AgentPrefab,Agent,MoveState,Moving,Goal,11.00,0.00,11.00,7.02,0.08,9.05,10.00,0.08,10.00,NavMesh,
1165,7.06,AgentPrefab,Agent,MoveState,Moving,Goal,11.00,0.00,11.00,7.03,0.08,9.05,10.00,0.08,10.00,NavMesh,
1166,7.06,AgentPrefab,Agent,MoveState,Moving,Goal,11.00,0.00,11.00,7.05,0.08,9.05,10.00,0.08,10.00,NavMesh,
1167,7.07,AgentPrefab,Agent,MoveState,Moving,Goal,11.00,0.00,11.00,7.06,0.08,9.06,10.00,0.08,10.00,NavMesh,
1168,7.08,AgentPrefab,Agent,MoveState,Moving,Goal,11.00,0.00,11.00,7.07,0.08,9.06,10.00,0.08,10.00,NavMesh,
1169,7.08,AgentPrefab,Agent,MoveState,Moving,Goal,11.00,0.00,11.00,7.08,0.08,9.07,10.00,0.08,10.00,NavMesh,
1170,7.09,AgentPrefab,Agent,MoveState,Moving,Goal,11.00,0.00,11.00,7.09,0.08,9.07,10.00,0.08,10.00,NavMesh,
1171,7.09,AgentPrefab,Agent,MoveState,Moving,Goal,11.00,0.00,11.00,7.10,0.08,9.07,10.00,0.08,10.00,NavMesh,
1172,7.10,AgentPrefab,Agent,MoveState,Moving,Goal,11.00,0.00,11.00,7.11,0.08,9.08,10.00,0.08,10.00,NavMesh,
1173,7.11,AgentPrefab,Agent,MoveState,Moving,Goal,11.00,0.00,11.00,7.13,0.08,9.08,10.00,0.08,10.00,NavMesh,
1174,7.11,AgentPrefab,Agent,MoveState,Moving,Goal,11.00,0.00,11.00,7.14,0.08,9.08,10.00,0.08,10.00,NavMesh,
1175,7.12,AgentPrefab,Agent,MoveState,Moving,Goal,11.00,0.00,11.00,7.15,0.08,9.09,10.00,0.08,10.00,NavMesh,
1176,7.12,AgentPrefab,Agent,MoveState,Moving,Goal,11.00,0.00,11.00,7.16,0.08,9.09,10.00,0.08,10.00,NavMesh,
1177,7.13,AgentPrefab,Agent,MoveState,Moving,Goal,11.00,0.00,11.00,7.17,0.08,9.10,10.00,0.08,10.00,NavMesh,
1178,7.14,AgentPrefab,Agent,MoveState,Moving,Goal,11.00,0.00,11.00,7.18,0.08,9.10,10.00,0.08,10.00,NavMesh,
1179,7.14,AgentPrefab,Agent,MoveState,Moving,Goal,11.00,0.00,11.00,7.20,0.08,9.10,10.00,0.08,10.00,NavMesh,
1180,7.15,AgentPrefab,Agent,MoveState,Moving,Goal,11.00,0.00,11.00,7.21,0.08,9.11,10.00,0.08,10.00,NavMesh,
1181,7.16,AgentPrefab,Agent,MoveState,Moving,Goal,11.00,0.00,11.00,7.22,0.08,9.11,10.00,0.08,10.00,NavMesh,
1182,7.16,AgentPrefab,Agent,MoveState,Moving,Goal,11.00,0.00,11.00,7.23,0.08,9.11,10.00,0.08,10.00,NavMesh,
1183,7.17,AgentPrefab,Agent,MoveState,Moving,Goal,11.00,0.00,11.00,7.24,0.08,9.12,10.00,0.08,10.00,NavMesh,
1184,7.17,AgentPrefab,Agent,MoveState,Moving,Goal,11.00,0.00,11.00,7.26,0.08,9.12,10.00,0.08,10.00,NavMesh,
1185,7.18,AgentPrefab,Agent,MoveState,Moving,Goal,11.00,0.00,11.00,7.27,0.08,9.13,10.00,0.08,10.00,NavMesh,
1186,7.19,AgentPrefab,Agent,MoveState,Moving,Goal,11.00,0.00,11.00,7.28,0.08,9.13,10.00,0.08,10.00,NavMesh,
1187,7.19,AgentPrefab,Agent,MoveState,Moving,Goal,11.00,0.00,11.00,7.29,0.08,9.13,10.00,0.08,10.00,NavMesh,
1188,7.20,AgentPrefab,Agent,MoveState,Moving,Goal,11.00,0.00,11.00,7.30,0.08,9.14,10.00,0.08,10.00,NavMesh,
1189,7.21,AgentPrefab,Agent,MoveState,Moving,Goal,11.00,0.00,11.00,7.32,0.08,9.14,10.00,0.08,10.00,NavMesh,
1190,7.21,AgentPrefab,Agent,MoveState,Moving,Goal,11.00,0.00,11.00,7.33,0.08,9.14,10.00,0.08,10.00,NavMesh,
1191,7.22,AgentPrefab,Agent,MoveState,Moving,Goal,11.00,0.00,11.00,7.34,0.08,9.15,10.00,0.08,10.00,NavMesh,
1192,7.22,AgentPrefab,Agent,MoveState,Moving,Goal,11.00,0.00,11.00,7.35,0.08,9.15,10.00,0.08,10.00,NavMesh,
1193,7.23,AgentPrefab,Agent,MoveState,Moving,Goal,11.00,0.00,11.00,7.36,0.08,9.16,10.00,0.08,10.00,NavMesh,
1194,7.24,AgentPrefab,Agent,MoveState,Moving,Goal,11.00,0.00,11.00,7.37,0.08,9.16,10.00,0.08,10.00,NavMesh,
1195,7.24,AgentPrefab,Agent,MoveState,Moving,Goal,11.00,0.00,11.00,7.39,0.08,9.16,10.00,0.08,10.00,NavMesh,
1196,7.25,AgentPrefab,Agent,MoveState,Moving,Goal,11.00,0.00,11.00,7.40,0.08,9.17,10.00,0.08,10.00,NavMesh,
1197,7.25,AgentPrefab,Agent,MoveState,Moving,Goal,11.00,0.00,11.00,7.41,0.08,9.17,10.00,0.08,10.00,NavMesh,
1198,7.26,AgentPrefab,Agent,MoveState,Moving,Goal,11.00,0.00,11.00,7.42,0.08,9.17,10.00,0.08,10.00,NavMesh,
1199,7.27,AgentPrefab,Agent,MoveState,Moving,Goal,11.00,0.00,11.00,7.43,0.08,9.18,10.00,0.08,10.00,NavMesh,
1200,7.27,AgentPrefab,Agent,MoveState,Moving,Goal,11.00,0.00,11.00,7.44,0.08,9.18,10.00,0.08,10.00,NavMesh,
1201,7.28,AgentPrefab,Agent,MoveState,Moving,Goal,11.00,0.00,11.00,7.46,0.08,9.19,10.00,0.08,10.00,NavMesh,
1202,7.29,AgentPrefab,Agent,MoveState,Moving,Goal,11.00,0.00,11.00,7.47,0.08,9.19,10.00,0.08,10.00,NavMesh,
1203,7.29,AgentPrefab,Agent,MoveState,Moving,Goal,11.00,0.00,11.00,7.48,0.08,9.19,10.00,0.08,10.00,NavMesh,
1204,7.30,AgentPrefab,Agent,MoveState,Moving,Goal,11.00,0.00,11.00,7.49,0.08,9.20,10.00,0.08,10.00,NavMesh,
1205,7.30,AgentPrefab,Agent,MoveState,Moving,Goal,11.00,0.00,11.00,7.50,0.08,9.20,10.00,0.08,10.00,NavMesh,
1206,7.31,AgentPrefab,Agent,MoveState,Moving,Goal,11.00,0.00,11.00,7.52,0.08,9.20,10.00,0.08,10.00,NavMesh,
1207,7.32,AgentPrefab,Agent,MoveState,Moving,Goal,11.00,0.00,11.00,7.53,0.08,9.21,10.00,0.08,10.00,NavMesh,
1208,7.32,AgentPrefab,Agent,MoveState,Moving,Goal,11.00,0.00,11.00,7.54,0.08,9.21,10.00,0.08,10.00,NavMesh,
1209,7.33,AgentPrefab,Agent,MoveState,Moving,Goal,11.00,0.00,11.00,7.55,0.08,9.22,10.00,0.08,10.00,NavMesh,
1210,7.34,AgentPrefab,Agent,MoveState,Moving,Goal,11.00,0.00,11.00,7.56,0.08,9.22,10.00,0.08,10.00,NavMesh,
1211,7.34,AgentPrefab,Agent,MoveState,Moving,Goal,11.00,0.00,11.00,7.57,0.08,9.22,10.00,0.08,10.00,NavMesh,
1212,7.35,AgentPrefab,Agent,MoveState,Moving,Goal,11.00,0.00,11.00,7.59,0.08,9.23,10.00,0.08,10.00,NavMesh,
1213,7.36,AgentPrefab,Agent,MoveState,Moving,Goal,11.00,0.00,11.00,7.60,0.08,9.23,10.00,0.08,10.00,NavMesh,
1214,7.36,AgentPrefab,Agent,MoveState,Moving,Goal,11.00,0.00,11.00,7.61,0.08,9.24,10.00,0.08,10.00,NavMesh,
1215,7.37,AgentPrefab,Agent,MoveState,Moving,Goal,11.00,0.00,11.00,7.62,0.08,9.24,10.00,0.08,10.00,NavMesh,
1216,7.37,AgentPrefab,Agent,MoveState,Moving,Goal,11.00,0.00,11.00,7.64,0.08,9.24,10.00,0.08,10.00,NavMesh,
1217,7.38,AgentPrefab,Agent,MoveState,Moving,Goal,11.00,0.00,11.00,7.65,0.08,9.25,10.00,0.08,10.00,NavMesh,
1218,7.39,AgentPrefab,Agent,MoveState,Moving,Goal,11.00,0.00,11.00,7.66,0.08,9.25,10.00,0.08,10.00,NavMesh,
1219,7.39,AgentPrefab,Agent,MoveState,Moving,Goal,11.00,0.00,11.00,7.67,0.08,9.25,10.00,0.08,10.00,NavMesh,
1220,7.40,AgentPrefab,Agent,MoveState,Moving,Goal,11.00,0.00,11.00,7.68,0.08,9.26,10.00,0.08,10.00,NavMesh,
1221,7.40,AgentPrefab,Agent,MoveState,Moving,Goal,11.00,0.00,11.00,7.69,0.08,9.26,10.00,0.08,10.00,NavMesh,
1222,7.41,AgentPrefab,Agent,MoveState,Moving,Goal,11.00,0.00,11.00,7.71,0.08,9.27,10.00,0.08,10.00,NavMesh,
1223,7.42,AgentPrefab,Agent,MoveState,Moving,Goal,11.00,0.00,11.00,7.72,0.08,9.27,10.00,0.08,10.00,NavMesh,
1224,7.42,AgentPrefab,Agent,MoveState,Moving,Goal,11.00,0.00,11.00,7.73,0.08,9.27,10.00,0.08,10.00,NavMesh,
1225,7.43,AgentPrefab,Agent,MoveState,Moving,Goal,11.00,0.00,11.00,7.74,0.08,9.28,10.00,0.08,10.00,NavMesh,
1226,7.43,AgentPrefab,Agent,MoveState,Moving,Goal,11.00,0.00,11.00,7.75,0.08,9.28,10.00,0.08,10.00,NavMesh,
1227,7.44,AgentPrefab,Agent,MoveState,Moving,Goal,11.00,0.00,11.00,7.76,0.08,9.28,10.00,0.08,10.00,NavMesh,
1228,7.45,AgentPrefab,Agent,MoveState,Moving,Goal,11.00,0.00,11.00,7.78,0.08,9.29,10.00,0.08,10.00,NavMesh,
1229,7.45,AgentPrefab,Agent,MoveState,Moving,Goal,11.00,0.00,11.00,7.79,0.08,9.29,10.00,0.08,10.00,NavMesh,
1230,7.46,AgentPrefab,Agent,MoveState,Moving,Goal,11.00,0.00,11.00,7.80,0.08,9.30,10.00,0.08,10.00,NavMesh,
1231,7.47,AgentPrefab,Agent,MoveState,Moving,Goal,11.00,0.00,11.00,7.81,0.08,9.30,10.00,0.08,10.00,NavMesh,
1232,7.47,AgentPrefab,Agent,MoveState,Moving,Goal,11.00,0.00,11.00,7.82,0.08,9.30,10.00,0.08,10.00,NavMesh,
1233,7.49,AgentPrefab,Agent,MoveState,Moving,Goal,11.00,0.00,11.00,7.83,0.08,9.31,10.00,0.08,10.00,NavMesh,
1234,7.50,AgentPrefab,Agent,MoveState,Moving,Goal,11.00,0.00,11.00,7.86,0.08,9.32,10.00,0.08,10.00,NavMesh,
1235,7.51,AgentPrefab,Agent,MoveState,Moving,Goal,11.00,0.00,11.00,7.88,0.08,9.32,10.00,0.08,10.00,NavMesh,
1236,7.52,AgentPrefab,Agent,MoveState,Moving,Goal,11.00,0.00,11.00,7.90,0.08,9.33,10.00,0.08,10.00,NavMesh,
1237,7.53,AgentPrefab,Agent,MoveState,Moving,Goal,11.00,0.00,11.00,7.92,0.08,9.34,10.00,0.08,10.00,NavMesh,
1238,7.54,AgentPrefab,Agent,MoveState,Moving,Goal,11.00,0.00,11.00,7.94,0.08,9.34,10.00,0.08,10.00,NavMesh,
1239,7.55,AgentPrefab,Agent,MoveState,Moving,Goal,11.00,0.00,11.00,7.96,0.08,9.35,10.00,0.08,10.00,NavMesh,
1240,7.56,AgentPrefab,Agent,MoveState,Moving,Goal,11.00,0.00,11.00,7.99,0.08,9.36,10.00,0.08,10.00,NavMesh,
1241,7.57,AgentPrefab,Agent,MoveState,Moving,Goal,11.00,0.00,11.00,8.01,0.08,9.36,10.00,0.08,10.00,NavMesh,
1242,7.58,AgentPrefab,Agent,MoveState,Moving,Goal,11.00,0.00,11.00,8.03,0.08,9.37,10.00,0.08,10.00,NavMesh,
1243,7.59,AgentPrefab,Agent,MoveState,Moving,Goal,11.00,0.00,11.00,8.04,0.08,9.37,10.00,0.08,10.00,NavMesh,
1244,7.60,AgentPrefab,Agent,MoveState,Moving,Goal,11.00,0.00,11.00,8.06,0.08,9.38,10.00,0.08,10.00,NavMesh,
1245,7.61,AgentPrefab,Agent,MoveState,Moving,Goal,11.00,0.00,11.00,8.08,0.08,9.39,10.00,0.08,10.00,NavMesh,
1246,7.62,AgentPrefab,Agent,MoveState,Moving,Goal,11.00,0.00,11.00,8.10,0.08,9.39,10.00,0.08,10.00,NavMesh,
1247,7.63,AgentPrefab,Agent,MoveState,Moving,Goal,11.00,0.00,11.00,8.12,0.08,9.40,10.00,0.08,10.00,NavMesh,
1248,7.64,AgentPrefab,Agent,MoveState,Moving,Goal,11.00,0.00,11.00,8.14,0.08,9.41,10.00,0.08,10.00,NavMesh,
1249,7.65,AgentPrefab,Agent,MoveState,Moving,Goal,11.00,0.00,11.00,8.16,0.08,9.41,10.00,0.08,10.00,NavMesh,
1250,7.67,AgentPrefab,Agent,MoveState,Moving,Goal,11.00,0.00,11.00,8.18,0.08,9.42,10.00,0.08,10.00,NavMesh,
1251,7.68,AgentPrefab,Agent,MoveState,Moving,Goal,11.00,0.00,11.00,8.20,0.08,9.42,10.00,0.08,10.00,NavMesh,
1252,7.69,AgentPrefab,Agent,MoveState,Moving,Goal,11.00,0.00,11.00,8.22,0.08,9.43,10.00,0.08,10.00,NavMesh,
1253,7.70,AgentPrefab,Agent,MoveState,Moving,Goal,11.00,0.00,11.00,8.24,0.08,9.44,10.00,0.08,10.00,NavMesh,
1254,7.71,AgentPrefab,Agent,MoveState,Moving,Goal,11.00,0.00,11.00,8.26,0.08,9.44,10.00,0.08,10.00,NavMesh,
1255,7.72,AgentPrefab,Agent,MoveState,Moving,Goal,11.00,0.00,11.00,8.28,0.08,9.45,10.00,0.08,10.00,NavMesh,
1256,7.73,AgentPrefab,Agent,MoveState,Moving,Goal,11.00,0.00,11.00,8.30,0.08,9.46,10.00,0.08,10.00,NavMesh,
1257,7.74,AgentPrefab,Agent,MoveState,Moving,Goal,11.00,0.00,11.00,8.32,0.08,9.46,10.00,0.08,10.00,NavMesh,
1258,7.76,AgentPrefab,Agent,MoveState,Moving,Goal,11.00,0.00,11.00,8.34,0.08,9.47,10.00,0.08,10.00,NavMesh,
1259,7.76,AgentPrefab,Agent,MoveState,Moving,Goal,11.00,0.00,11.00,8.38,0.08,9.48,10.00,0.08,10.00,NavMesh,
1260,7.77,AgentPrefab,Agent,MoveState,Moving,Goal,11.00,0.00,11.00,8.39,0.08,9.48,10.00,0.08,10.00,NavMesh,
1261,7.77,AgentPrefab,Agent,MoveState,Moving,Goal,11.00,0.00,11.00,8.40,0.08,9.49,10.00,0.08,10.00,NavMesh,
1262,7.78,AgentPrefab,Agent,MoveState,Moving,Goal,11.00,0.00,11.00,8.41,0.08,9.49,10.00,0.08,10.00,NavMesh,
1263,7.79,AgentPrefab,Agent,MoveState,Moving,Goal,11.00,0.00,11.00,8.42,0.08,9.50,10.00,0.08,10.00,NavMesh,
1264,7.79,AgentPrefab,Agent,MoveState,Moving,Goal,11.00,0.00,11.00,8.44,0.08,9.50,10.00,0.08,10.00,NavMesh,
1265,7.80,AgentPrefab,Agent,MoveState,Moving,Goal,11.00,0.00,11.00,8.45,0.08,9.50,10.00,0.08,10.00,NavMesh,
1266,7.81,AgentPrefab,Agent,MoveState,Moving,Goal,11.00,0.00,11.00,8.46,0.08,9.51,10.00,0.08,10.00,NavMesh,
1267,7.81,AgentPrefab,Agent,MoveState,Moving,Goal,11.00,0.00,11.00,8.47,0.08,9.51,10.00,0.08,10.00,NavMesh,
1268,7.82,AgentPrefab,Agent,MoveState,Moving,Goal,11.00,0.00,11.00,8.48,0.08,9.51,10.00,0.08,10.00,NavMesh,
1269,7.82,AgentPrefab,Agent,MoveState,Moving,Goal,11.00,0.00,11.00,8.49,0.08,9.52,10.00,0.08,10.00,NavMesh,
1270,7.83,AgentPrefab,Agent,MoveState,Moving,Goal,11.00,0.00,11.00,8.51,0.08,9.52,10.00,0.08,10.00,NavMesh,
1271,7.84,AgentPrefab,Agent,MoveState,Moving,Goal,11.00,0.00,11.00,8.52,0.08,9.53,10.00,0.08,10.00,NavMesh,
1272,7.84,AgentPrefab,Agent,MoveState,Moving,Goal,11.00,0.00,11.00,8.53,0.08,9.53,10.00,0.08,10.00,NavMesh,
1273,7.85,AgentPrefab,Agent,MoveState,Moving,Goal,11.00,0.00,11.00,8.54,0.08,9.53,10.00,0.08,10.00,NavMesh,
1274,7.86,AgentPrefab,Agent,MoveState,Moving,Goal,11.00,0.00,11.00,8.55,0.08,9.54,10.00,0.08,10.00,NavMesh,
1275,7.86,AgentPrefab,Agent,MoveState,Moving,Goal,11.00,0.00,11.00,8.57,0.08,9.54,10.00,0.08,10.00,NavMesh,
1276,7.87,AgentPrefab,Agent,MoveState,Moving,Goal,11.00,0.00,11.00,8.58,0.08,9.54,10.00,0.08,10.00,NavMesh,
1277,7.87,AgentPrefab,Agent,MoveState,Moving,Goal,11.00,0.00,11.00,8.59,0.08,9.55,10.00,0.08,10.00,NavMesh,
1278,7.88,AgentPrefab,Agent,MoveState,Moving,Goal,11.00,0.00,11.00,8.60,0.08,9.55,10.00,0.08,10.00,NavMesh,
1279,7.89,AgentPrefab,Agent,MoveState,Moving,Goal,11.00,0.00,11.00,8.61,0.08,9.56,10.00,0.08,10.00,NavMesh,
1280,7.89,AgentPrefab,Agent,MoveState,Moving,Goal,11.00,0.00,11.00,8.62,0.08,9.56,10.00,0.08,10.00,NavMesh,
1281,7.90,AgentPrefab,Agent,MoveState,Moving,Goal,11.00,0.00,11.00,8.64,0.08,9.56,10.00,0.08,10.00,NavMesh,
1282,7.91,AgentPrefab,Agent,MoveState,Moving,Goal,11.00,0.00,11.00,8.65,0.08,9.57,10.00,0.08,10.00,NavMesh,
1283,7.91,AgentPrefab,Agent,MoveState,Moving,Goal,11.00,0.00,11.00,8.66,0.08,9.57,10.00,0.08,10.00,NavMesh,
1284,7.92,AgentPrefab,Agent,MoveState,Moving,Goal,11.00,0.00,11.00,8.67,0.08,9.57,10.00,0.08,10.00,NavMesh,
1285,7.92,AgentPrefab,Agent,MoveState,Moving,Goal,11.00,0.00,11.00,8.68,0.08,9.58,10.00,0.08,10.00,NavMesh,
1286,7.93,AgentPrefab,Agent,MoveState,Moving,Goal,11.00,0.00,11.00,8.69,0.08,9.58,10.00,0.08,10.00,NavMesh,
1287,7.94,AgentPrefab,Agent,MoveState,Moving,Goal,11.00,0.00,11.00,8.71,0.08,9.59,10.00,0.08,10.00,NavMesh,
1288,7.94,AgentPrefab,Agent,MoveState,Moving,Goal,11.00,0.00,11.00,8.72,0.08,9.59,10.00,0.08,10.00,NavMesh,
1289,7.95,AgentPrefab,Agent,MoveState,Moving,Goal,11.00,0.00,11.00,8.73,0.08,9.59,10.00,0.08,10.00,NavMesh,
1290,7.95,AgentPrefab,Agent,MoveState,Moving,Goal,11.00,0.00,11.00,8.74,0.08,9.60,10.00,0.08,10.00,NavMesh,
1291,7.96,AgentPrefab,Agent,MoveState,Moving,Goal,11.00,0.00,11.00,8.75,0.08,9.60,10.00,0.08,10.00,NavMesh,
1292,7.97,AgentPrefab,Agent,MoveState,Moving,Goal,11.00,0.00,11.00,8.77,0.08,9.60,10.00,0.08,10.00,NavMesh,
1293,7.97,AgentPrefab,Agent,MoveState,Moving,Goal,11.00,0.00,11.00,8.78,0.08,9.61,10.00,0.08,10.00,NavMesh,
1294,7.98,AgentPrefab,Agent,MoveState,Moving,Goal,11.00,0.00,11.00,8.79,0.08,9.61,10.00,0.08,10.00,NavMesh,
1295,7.99,AgentPrefab,Agent,MoveState,Moving,Goal,11.00,0.00,11.00,8.80,0.08,9.62,10.00,0.08,10.00,NavMesh,
1296,7.99,AgentPrefab,Agent,MoveState,Moving,Goal,11.00,0.00,11.00,8.81,0.08,9.62,10.00,0.08,10.00,NavMesh,
1297,8.00,AgentPrefab,Agent,MoveState,Moving,Goal,11.00,0.00,11.00,8.82,0.08,9.62,10.00,0.08,10.00,NavMesh,
1298,8.00,AgentPrefab,Agent,MoveState,Moving,Goal,11.00,0.00,11.00,8.84,0.08,9.63,10.00,0.08,10.00,NavMesh,
1299,8.01,AgentPrefab,Agent,MoveState,Moving,Goal,11.00,0.00,11.00,8.85,0.08,9.63,10.00,0.08,10.00,NavMesh,
1300,8.02,AgentPrefab,Agent,MoveState,Moving,Goal,11.00,0.00,11.00,8.86,0.08,9.63,10.00,0.08,10.00,NavMesh,
1301,8.02,AgentPrefab,Agent,MoveState,Moving,Goal,11.00,0.00,11.00,8.87,0.08,9.64,10.00,0.08,10.00,NavMesh,
1302,8.03,AgentPrefab,Agent,MoveState,Moving,Goal,11.00,0.00,11.00,8.88,0.08,9.64,10.00,0.08,10.00,NavMesh,
1303,8.03,AgentPrefab,Agent,MoveState,Moving,Goal,11.00,0.00,11.00,8.89,0.08,9.65,10.00,0.08,10.00,NavMesh,
1304,8.04,AgentPrefab,Agent,MoveState,Moving,Goal,11.00,0.00,11.00,8.91,0.08,9.65,10.00,0.08,10.00,NavMesh,
1305,8.05,AgentPrefab,Agent,MoveState,Moving,Goal,11.00,0.00,11.00,8.92,0.08,9.65,10.00,0.08,10.00,NavMesh,
1306,8.05,AgentPrefab,Agent,MoveState,Moving,Goal,11.00,0.00,11.00,8.93,0.08,9.66,10.00,0.08,10.00,NavMesh,
1307,8.06,AgentPrefab,Agent,MoveState,Moving,Goal,11.00,0.00,11.00,8.94,0.08,9.66,10.00,0.08,10.00,NavMesh,
1308,8.07,AgentPrefab,Agent,MoveState,Moving,Goal,11.00,0.00,11.00,8.95,0.08,9.67,10.00,0.08,10.00,NavMesh,
1309,8.07,AgentPrefab,Agent,MoveState,Moving,Goal,11.00,0.00,11.00,8.96,0.08,9.67,10.00,0.08,10.00,NavMesh,
1310,8.08,AgentPrefab,Agent,MoveState,Moving,Goal,11.00,0.00,11.00,8.98,0.08,9.67,10.00,0.08,10.00,NavMesh,
1311,8.08,AgentPrefab,Agent,MoveState,Moving,Goal,11.00,0.00,11.00,8.99,0.08,9.68,10.00,0.08,10.00,NavMesh,
1312,8.09,AgentPrefab,Agent,MoveState,Moving,Goal,11.00,0.00,11.00,9.00,0.08,9.68,10.00,0.08,10.00,NavMesh,
1313,8.10,AgentPrefab,Agent,MoveState,Moving,Goal,11.00,0.00,11.00,9.01,0.08,9.68,10.00,0.08,10.00,NavMesh,
1314,8.10,AgentPrefab,Agent,MoveState,Moving,Goal,11.00,0.00,11.00,9.02,0.08,9.69,10.00,0.08,10.00,NavMesh,
1315,8.11,AgentPrefab,Agent,MoveState,Moving,Goal,11.00,0.00,11.00,9.04,0.08,9.69,10.00,0.08,10.00,NavMesh,
1316,8.11,AgentPrefab,Agent,MoveState,Moving,Goal,11.00,0.00,11.00,9.05,0.08,9.70,10.00,0.08,10.00,NavMesh,
1317,8.12,AgentPrefab,Agent,MoveState,Moving,Goal,11.00,0.00,11.00,9.06,0.08,9.70,10.00,0.08,10.00,NavMesh,
1318,8.13,AgentPrefab,Agent,MoveState,Moving,Goal,11.00,0.00,11.00,9.07,0.08,9.70,10.00,0.08,10.00,NavMesh,
1319,8.13,AgentPrefab,Agent,MoveState,Moving,Goal,11.00,0.00,11.00,9.08,0.08,9.71,10.00,0.08,10.00,NavMesh,
1320,8.14,AgentPrefab,Agent,MoveState,Moving,Goal,11.00,0.00,11.00,9.10,0.08,9.71,10.00,0.08,10.00,NavMesh,
1321,8.15,AgentPrefab,Agent,MoveState,Moving,Goal,11.00,0.00,11.00,9.11,0.08,9.71,10.00,0.08,10.00,NavMesh,
1322,8.15,AgentPrefab,Agent,MoveState,Moving,Goal,11.00,0.00,11.00,9.12,0.08,9.72,10.00,0.08,10.00,NavMesh,
1323,8.16,AgentPrefab,Agent,MoveState,Moving,Goal,11.00,0.00,11.00,9.13,0.08,9.72,10.00,0.08,10.00,NavMesh,
1324,8.17,AgentPrefab,Agent,MoveState,Moving,Goal,11.00,0.00,11.00,9.14,0.08,9.73,10.00,0.08,10.00,NavMesh,
1325,8.17,AgentPrefab,Agent,MoveState,Moving,Goal,11.00,0.00,11.00,9.16,0.08,9.73,10.00,0.08,10.00,NavMesh,
1326,8.18,AgentPrefab,Agent,MoveState,Moving,Goal,11.00,0.00,11.00,9.17,0.08,9.73,10.00,0.08,10.00,NavMesh,
1327,8.18,AgentPrefab,Agent,MoveState,Moving,Goal,11.00,0.00,11.00,9.18,0.08,9.74,10.00,0.08,10.00,NavMesh,
1328,8.19,AgentPrefab,Agent,MoveState,Moving,Goal,11.00,0.00,11.00,9.19,0.08,9.74,10.00,0.08,10.00,NavMesh,
1329,8.20,AgentPrefab,Agent,MoveState,Moving,Goal,11.00,0.00,11.00,9.20,0.08,9.75,10.00,0.08,10.00,NavMesh,
1330,8.20,AgentPrefab,Agent,MoveState,Moving,Goal,11.00,0.00,11.00,9.21,0.08,9.75,10.00,0.08,10.00,NavMesh,
1331,8.21,AgentPrefab,Agent,MoveState,Moving,Goal,11.00,0.00,11.00,9.23,0.08,9.75,10.00,0.08,10.00,NavMesh,
1332,8.22,AgentPrefab,Agent,MoveState,Moving,Goal,11.00,0.00,11.00,9.24,0.08,9.76,10.00,0.08,10.00,NavMesh,
1333,8.22,AgentPrefab,Agent,MoveState,Moving,Goal,11.00,0.00,11.00,9.25,0.08,9.76,10.00,0.08,10.00,NavMesh,
1334,8.23,AgentPrefab,Agent,MoveState,Moving,Goal,11.00,0.00,11.00,9.26,0.08,9.76,10.00,0.08,10.00,NavMesh,
1335,8.23,AgentPrefab,Agent,MoveState,Moving,Goal,11.00,0.00,11.00,9.27,0.08,9.77,10.00,0.08,10.00,NavMesh,
1336,8.24,AgentPrefab,Agent,MoveState,Moving,Goal,11.00,0.00,11.00,9.29,0.08,9.77,10.00,0.08,10.00,NavMesh,
1337,8.25,AgentPrefab,Agent,MoveState,Moving,Goal,11.00,0.00,11.00,9.30,0.08,9.78,10.00,0.08,10.00,NavMesh,
1338,8.25,AgentPrefab,Agent,MoveState,Moving,Goal,11.00,0.00,11.00,9.31,0.08,9.78,10.00,0.08,10.00,NavMesh,
1339,8.26,AgentPrefab,Agent,MoveState,Moving,Goal,11.00,0.00,11.00,9.32,0.08,9.78,10.00,0.08,10.00,NavMesh,
1340,8.27,AgentPrefab,Agent,MoveState,Moving,Goal,11.00,0.00,11.00,9.33,0.08,9.79,10.00,0.08,10.00,NavMesh,
1341,8.27,AgentPrefab,Agent,MoveState,Moving,Goal,11.00,0.00,11.00,9.35,0.08,9.79,10.00,0.08,10.00,NavMesh,
1342,8.28,AgentPrefab,Agent,MoveState,Moving,Goal,11.00,0.00,11.00,9.36,0.08,9.79,10.00,0.08,10.00,NavMesh,
1343,8.28,AgentPrefab,Agent,MoveState,Moving,Goal,11.00,0.00,11.00,9.37,0.08,9.80,10.00,0.08,10.00,NavMesh,
1344,8.29,AgentPrefab,Agent,MoveState,Moving,Goal,11.00,0.00,11.00,9.38,0.08,9.80,10.00,0.08,10.00,NavMesh,
1345,8.30,AgentPrefab,Agent,MoveState,Moving,Goal,11.00,0.00,11.00,9.39,0.08,9.81,10.00,0.08,10.00,NavMesh,
1346,8.30,AgentPrefab,Agent,MoveState,Moving,Goal,11.00,0.00,11.00,9.41,0.08,9.81,10.00,0.08,10.00,NavMesh,
1347,8.31,AgentPrefab,Agent,MoveState,Moving,Goal,11.00,0.00,11.00,9.42,0.08,9.81,10.00,0.08,10.00,NavMesh,
1348,8.32,AgentPrefab,Agent,MoveState,Moving,Goal,11.00,0.00,11.00,9.43,0.08,9.82,10.00,0.08,10.00,NavMesh,
1349,8.32,AgentPrefab,Agent,MoveState,Moving,Goal,11.00,0.00,11.00,9.44,0.08,9.82,10.00,0.08,10.00,NavMesh,
1350,8.33,AgentPrefab,Agent,MoveState,Moving,Goal,11.00,0.00,11.00,9.45,0.08,9.82,10.00,0.08,10.00,NavMesh,
1351,8.33,AgentPrefab,Agent,MoveState,Moving,Goal,11.00,0.00,11.00,9.46,0.08,9.83,10.00,0.08,10.00,NavMesh,
1352,8.34,AgentPrefab,Agent,MoveState,Moving,Goal,11.00,0.00,11.00,9.48,0.08,9.83,10.00,0.08,10.00,NavMesh,
1353,8.35,AgentPrefab,Agent,MoveState,Moving,Goal,11.00,0.00,11.00,9.49,0.08,9.84,10.00,0.08,10.00,NavMesh,
1354,8.35,AgentPrefab,Agent,MoveState,Moving,Goal,11.00,0.00,11.00,9.50,0.08,9.84,10.00,0.08,10.00,NavMesh,
1355,8.36,AgentPrefab,Agent,MoveState,Moving,Goal,11.00,0.00,11.00,9.51,0.08,9.84,10.00,0.08,10.00,NavMesh,
1356,8.36,AgentPrefab,Agent,MoveState,Moving,Goal,11.00,0.00,11.00,9.52,0.08,9.85,10.00,0.08,10.00,NavMesh,
1357,8.37,AgentPrefab,Agent,MoveState,Moving,Goal,11.00,0.00,11.00,9.54,0.08,9.85,10.00,0.08,10.00,NavMesh,
1358,8.38,AgentPrefab,Agent,MoveState,Moving,Goal,11.00,0.00,11.00,9.55,0.08,9.86,10.00,0.08,10.00,NavMesh,
1359,8.38,AgentPrefab,Agent,MoveState,Moving,Goal,11.00,0.00,11.00,9.56,0.08,9.86,10.00,0.08,10.00,NavMesh,
1360,8.39,AgentPrefab,Agent,MoveState,Moving,Goal,11.00,0.00,11.00,9.57,0.08,9.86,10.00,0.08,10.00,NavMesh,
1361,8.40,AgentPrefab,Agent,MoveState,Moving,Goal,11.00,0.00,11.00,9.58,0.08,9.87,10.00,0.08,10.00,NavMesh,
1362,8.40,AgentPrefab,Agent,MoveState,Moving,Goal,11.00,0.00,11.00,9.60,0.08,9.87,10.00,0.08,10.00,NavMesh,
1363,8.41,AgentPrefab,Agent,MoveState,Moving,Goal,11.00,0.00,11.00,9.61,0.08,9.87,10.00,0.08,10.00,NavMesh,
1364,8.41,AgentPrefab,Agent,MoveState,Moving,Goal,11.00,0.00,11.00,9.62,0.08,9.88,10.00,0.08,10.00,NavMesh,
1365,8.42,AgentPrefab,Agent,MoveState,Moving,Goal,11.00,0.00,11.00,9.63,0.08,9.88,10.00,0.08,10.00,NavMesh,
1366,8.43,AgentPrefab,Agent,MoveState,Moving,Goal,11.00,0.00,11.00,9.64,0.08,9.89,10.00,0.08,10.00,NavMesh,
1367,8.43,AgentPrefab,Agent,MoveState,Moving,Goal,11.00,0.00,11.00,9.65,0.08,9.89,10.00,0.08,10.00,NavMesh,
1368,8.44,AgentPrefab,Agent,MoveState,Moving,Goal,11.00,0.00,11.00,9.67,0.08,9.89,10.00,0.08,10.00,NavMesh,
1369,8.45,AgentPrefab,Agent,MoveState,Moving,Goal,11.00,0.00,11.00,9.68,0.08,9.90,10.00,0.08,10.00,NavMesh,
1370,8.45,AgentPrefab,Agent,MoveState,Moving,Goal,11.00,0.00,11.00,9.69,0.08,9.90,10.00,0.08,10.00,NavMesh,
1371,8.46,AgentPrefab,Agent,MoveState,Moving,Goal,11.00,0.00,11.00,9.70,0.08,9.90,10.00,0.08,10.00,NavMesh,
1372,8.46,AgentPrefab,Agent,MoveState,Moving,Goal,11.00,0.00,11.00,9.71,0.08,9.91,10.00,0.08,10.00,NavMesh,
1373,8.47,AgentPrefab,Agent,MoveState,Moving,Goal,11.00,0.00,11.00,9.73,0.08,9.91,10.00,0.08,10.00,NavMesh,
1374,8.48,AgentPrefab,Agent,MoveState,Moving,Goal,11.00,0.00,11.00,9.74,0.08,9.92,10.00,0.08,10.00,NavMesh,
1375,8.48,AgentPrefab,Agent,MoveState,Moving,Goal,11.00,0.00,11.00,9.75,0.08,9.92,10.00,0.08,10.00,NavMesh,
1376,8.49,AgentPrefab,Agent,MoveState,Moving,Goal,11.00,0.00,11.00,9.76,0.08,9.92,10.00,0.08,10.00,NavMesh,
1377,8.50,AgentPrefab,Agent,MoveState,Moving,Goal,11.00,0.00,11.00,9.77,0.08,9.93,10.00,0.08,10.00,NavMesh,
1378,8.50,AgentPrefab,Agent,MoveState,Moving,Goal,11.00,0.00,11.00,9.79,0.08,9.93,10.00,0.08,10.00,NavMesh,
1379,8.51,AgentPrefab,Agent,MoveState,Moving,Goal,11.00,0.00,11.00,9.80,0.08,9.94,10.00,0.08,10.00,NavMesh,
1380,8.51,AgentPrefab,Agent,MoveState,Moving,Goal,11.00,0.00,11.00,9.81,0.08,9.94,10.00,0.08,10.00,NavMesh,
1381,8.52,AgentPrefab,Agent,MoveState,Moving,Goal,11.00,0.00,11.00,9.82,0.08,9.94,10.00,0.08,10.00,NavMesh,
1382,8.53,AgentPrefab,Agent,MoveState,Moving,Goal,11.00,0.00,11.00,9.83,0.08,9.95,10.00,0.08,10.00,NavMesh,
1383,8.53,AgentPrefab,Agent,MoveState,Moving,Goal,11.00,0.00,11.00,9.85,0.08,9.95,10.00,0.08,10.00,NavMesh,
1384,8.54,AgentPrefab,Agent,MoveState,Moving,Goal,11.00,0.00,11.00,9.86,0.08,9.95,10.00,0.08,10.00,NavMesh,
1385,8.55,AgentPrefab,Agent,MoveState,Moving,Goal,11.00,0.00,11.00,9.87,0.08,9.96,10.00,0.08,10.00,NavMesh,
1386,8.55,AgentPrefab,Agent,MoveState,Moving,Goal,11.00,0.00,11.00,9.88,0.08,9.96,10.00,0.08,10.00,NavMesh,
1387,8.56,AgentPrefab,Agent,MoveState,Moving,Goal,11.00,0.00,11.00,9.89,0.08,9.97,10.00,0.08,10.00,NavMesh,
1388,8.57,AgentPrefab,Agent,MoveState,Moving,Goal,11.00,0.00,11.00,9.91,0.08,9.97,10.00,0.08,10.00,NavMesh,
1389,8.57,AgentPrefab,Agent,MoveState,Moving,Goal,11.00,0.00,11.00,9.92,0.08,9.97,10.00,0.08,10.00,NavMesh,
1390,8.58,AgentPrefab,Agent,MoveState,Moving,Goal,11.00,0.00,11.00,9.93,0.08,9.98,10.00,0.08,10.00,NavMesh,
1391,8.59,AgentPrefab,Agent,MoveState,Moving,Goal,11.00,0.00,11.00,9.94,0.08,9.98,10.00,0.08,10.00,NavMesh,
1392,8.59,AgentPrefab,Agent,MoveState,Moving,Goal,11.00,0.00,11.00,10.00,0.08,10.00,10.98,0.30,10.89,NavMesh,
1393,8.60,AgentPrefab,Agent,MoveState,Moving,Goal,11.00,0.00,11.00,10.01,0.09,10.01,10.98,0.30,10.89,NavMesh,
1394,8.60,AgentPrefab,Agent,MoveState,Moving,Goal,11.00,0.00,11.00,10.02,0.09,10.02,10.98,0.30,10.89,NavMesh,
1395,8.61,AgentPrefab,Agent,MoveState,Moving,Goal,11.00,0.00,11.00,10.03,0.09,10.03,10.98,0.30,10.89,NavMesh,
1396,8.62,AgentPrefab,Agent,MoveState,Moving,Goal,11.00,0.00,11.00,10.04,0.09,10.03,10.98,0.30,10.89,NavMesh,
1397,8.62,AgentPrefab,Agent,MoveState,Moving,Goal,11.00,0.00,11.00,10.05,0.09,10.04,10.98,0.30,10.89,NavMesh,
1398,8.63,AgentPrefab,Agent,MoveState,Moving,Goal,11.00,0.00,11.00,10.06,0.10,10.05,10.98,0.30,10.89,NavMesh,
1399,8.64,AgentPrefab,Agent,MoveState,Moving,Goal,11.00,0.00,11.00,10.06,0.10,10.06,10.98,0.30,10.89,NavMesh,
1400,8.64,AgentPrefab,Agent,MoveState,Moving,Goal,11.00,0.00,11.00,10.07,0.10,10.07,10.98,0.30,10.89,NavMesh,
1401,8.65,AgentPrefab,Agent,MoveState,Moving,Goal,11.00,0.00,11.00,10.08,0.10,10.08,10.98,0.30,10.89,NavMesh,
1402,8.65,AgentPrefab,Agent,MoveState,Moving,Goal,11.00,0.00,11.00,10.09,0.10,10.08,10.98,0.30,10.89,NavMesh,
1403,8.66,AgentPrefab,Agent,MoveState,Moving,Goal,11.00,0.00,11.00,10.10,0.11,10.09,10.98,0.30,10.89,NavMesh,
1404,8.67,AgentPrefab,Agent,MoveState,Moving,Goal,11.00,0.00,11.00,10.11,0.11,10.10,10.98,0.30,10.89,NavMesh,
1405,8.67,AgentPrefab,Agent,MoveState,Moving,Goal,11.00,0.00,11.00,10.12,0.11,10.11,10.98,0.30,10.89,NavMesh,
1406,8.68,AgentPrefab,Agent,MoveState,Moving,Goal,11.00,0.00,11.00,10.13,0.11,10.12,10.98,0.30,10.89,NavMesh,
1407,8.69,AgentPrefab,Agent,MoveState,Moving,Goal,11.00,0.00,11.00,10.14,0.11,10.13,10.98,0.30,10.89,NavMesh,
1408,8.69,AgentPrefab,Agent,MoveState,Moving,Goal,11.00,0.00,11.00,10.15,0.12,10.13,10.98,0.30,10.89,NavMesh,
1409,8.70,AgentPrefab,Agent,MoveState,Moving,Goal,11.00,0.00,11.00,10.16,0.12,10.14,10.98,0.30,10.89,NavMesh,
1410,8.70,AgentPrefab,Agent,MoveState,Moving,Goal,11.00,0.00,11.00,10.17,0.12,10.15,10.98,0.30,10.89,NavMesh,
1411,8.71,AgentPrefab,Agent,MoveState,Moving,Goal,11.00,0.00,11.00,10.17,0.12,10.16,10.98,0.30,10.89,NavMesh,
1412,8.72,AgentPrefab,Agent,MoveState,Moving,Goal,11.00,0.00,11.00,10.18,0.12,10.17,10.98,0.30,10.89,NavMesh,
1413,8.72,AgentPrefab,Agent,MoveState,Moving,Goal,11.00,0.00,11.00,10.19,0.13,10.18,10.98,0.30,10.89,NavMesh,
1414,8.73,AgentPrefab,Agent,MoveState,Moving,Goal,11.00,0.00,11.00,10.20,0.13,10.18,10.98,0.30,10.89,NavMesh,
1415,8.74,AgentPrefab,Agent,MoveState,Moving,Goal,11.00,0.00,11.00,10.21,0.13,10.19,10.98,0.30,10.89,NavMesh,
1416,8.74,AgentPrefab,Agent,MoveState,Moving,Goal,11.00,0.00,11.00,10.22,0.13,10.20,10.98,0.30,10.89,NavMesh,
1417,8.75,AgentPrefab,Agent,MoveState,Moving,Goal,11.00,0.00,11.00,10.23,0.13,10.21,10.98,0.30,10.89,NavMesh,
1418,8.75,AgentPrefab,Agent,MoveState,Moving,Goal,11.00,0.00,11.00,10.24,0.14,10.22,10.98,0.30,10.89,NavMesh,
1419,8.76,AgentPrefab,Agent,MoveState,Moving,Goal,11.00,0.00,11.00,10.25,0.14,10.23,10.98,0.30,10.89,NavMesh,
1420,8.77,AgentPrefab,Agent,MoveState,Moving,Goal,11.00,0.00,11.00,10.26,0.14,10.23,10.98,0.30,10.89,NavMesh,
1421,8.77,AgentPrefab,Agent,MoveState,Moving,Goal,11.00,0.00,11.00,10.27,0.14,10.24,10.98,0.30,10.89,NavMesh,
1422,8.78,AgentPrefab,Agent,MoveState,Moving,Goal,11.00,0.00,11.00,10.27,0.14,10.25,10.98,0.30,10.89,NavMesh,
1423,8.79,AgentPrefab,Agent,MoveState,Moving,Goal,11.00,0.00,11.00,10.28,0.15,10.26,10.98,0.30,10.89,NavMesh,
1424,8.79,AgentPrefab,Agent,MoveState,Moving,Goal,11.00,0.00,11.00,10.29,0.15,10.27,10.98,0.30,10.89,NavMesh,
1425,8.80,AgentPrefab,Agent,MoveState,Moving,Goal,11.00,0.00,11.00,10.30,0.15,10.28,10.98,0.30,10.89,NavMesh,
1426,8.81,AgentPrefab,Agent,MoveState,Moving,Goal,11.00,0.00,11.00,10.31,0.15,10.28,10.98,0.30,10.89,NavMesh,
1427,8.81,AgentPrefab,Agent,MoveState,Moving,Goal,11.00,0.00,11.00,10.32,0.15,10.29,10.98,0.30,10.89,NavMesh,
1428,8.82,AgentPrefab,Agent,MoveState,Moving,Goal,11.00,0.00,11.00,10.33,0.16,10.30,10.98,0.30,10.89,NavMesh,
1429,8.82,AgentPrefab,Agent,MoveState,Moving,Goal,11.00,0.00,11.00,10.34,0.16,10.31,10.98,0.30,10.89,NavMesh,
1430,8.83,AgentPrefab,Agent,MoveState,Moving,Goal,11.00,0.00,11.00,10.35,0.16,10.32,10.98,0.30,10.89,NavMesh,
1431,8.84,AgentPrefab,Agent,MoveState,Moving,Goal,11.00,0.00,11.00,10.36,0.16,10.33,10.98,0.30,10.89,NavMesh,
1432,8.84,AgentPrefab,Agent,MoveState,Moving,Goal,11.00,0.00,11.00,10.37,0.16,10.33,10.98,0.30,10.89,NavMesh,
1433,8.85,AgentPrefab,Agent,MoveState,Moving,Goal,11.00,0.00,11.00,10.38,0.17,10.34,10.98,0.30,10.89,NavMesh,
1434,8.86,AgentPrefab,Agent,MoveState,Moving,Goal,11.00,0.00,11.00,10.39,0.17,10.35,10.98,0.30,10.89,NavMesh,
1435,8.86,AgentPrefab,Agent,MoveState,Moving,Goal,11.00,0.00,11.00,10.39,0.17,10.36,10.98,0.30,10.89,NavMesh,
1436,8.87,AgentPrefab,Agent,MoveState,Moving,Goal,11.00,0.00,11.00,10.40,0.17,10.37,10.98,0.30,10.89,NavMesh,
1437,8.87,AgentPrefab,Agent,MoveState,Moving,Goal,11.00,0.00,11.00,10.41,0.17,10.38,10.98,0.30,10.89,NavMesh,
1438,8.88,AgentPrefab,Agent,MoveState,Moving,Goal,11.00,0.00,11.00,10.42,0.18,10.38,10.98,0.30,10.89,NavMesh,
1439,8.89,AgentPrefab,Agent,MoveState,Moving,Goal,11.00,0.00,11.00,10.43,0.18,10.39,10.98,0.30,10.89,NavMesh,
1440,8.89,AgentPrefab,Agent,MoveState,Moving,Goal,11.00,0.00,11.00,10.44,0.18,10.40,10.98,0.30,10.89,NavMesh,
1441,8.90,AgentPrefab,Agent,MoveState,Moving,Goal,11.00,0.00,11.00,10.45,0.18,10.41,10.98,0.30,10.89,NavMesh,
1442,8.91,AgentPrefab,Agent,MoveState,Moving,Goal,11.00,0.00,11.00,10.46,0.18,10.42,10.98,0.30,10.89,NavMesh,
1443,8.91,AgentPrefab,Agent,MoveState,Moving,Goal,11.00,0.00,11.00,10.47,0.19,10.43,10.98,0.30,10.89,NavMesh,
1444,8.92,AgentPrefab,Agent,MoveState,Moving,Goal,11.00,0.00,11.00,10.48,0.19,10.44,10.98,0.30,10.89,NavMesh,
1445,8.92,AgentPrefab,Agent,MoveState,Moving,Goal,11.00,0.00,11.00,10.49,0.19,10.44,10.98,0.30,10.89,NavMesh,
1446,8.93,AgentPrefab,Agent,MoveState,Moving,Goal,11.00,0.00,11.00,10.49,0.19,10.45,10.98,0.30,10.89,NavMesh,
1447,8.94,AgentPrefab,Agent,MoveState,Moving,Goal,11.00,0.00,11.00,10.50,0.19,10.46,10.98,0.30,10.89,NavMesh,
1448,8.94,AgentPrefab,Agent,MoveState,Moving,Goal,11.00,0.00,11.00,10.51,0.20,10.47,10.98,0.30,10.89,NavMesh,
1449,8.95,AgentPrefab,Agent,MoveState,Moving,Goal,11.00,0.00,11.00,10.52,0.20,10.48,10.98,0.30,10.89,NavMesh,
1450,8.96,AgentPrefab,Agent,MoveState,Moving,Goal,11.00,0.00,11.00,10.53,0.20,10.49,10.98,0.30,10.89,NavMesh,
1451,8.98,AgentPrefab,Agent,MoveState,Moving,Goal,11.00,0.00,11.00,10.55,0.21,10.50,10.98,0.30,10.89,NavMesh,
1452,8.98,AgentPrefab,Agent,MoveState,Moving,Goal,11.00,0.00,11.00,10.57,0.21,10.52,10.98,0.30,10.89,NavMesh,
1453,8.99,AgentPrefab,Agent,MoveState,Moving,Goal,11.00,0.00,11.00,10.58,0.21,10.53,10.98,0.30,10.89,NavMesh,
1454,9.00,AgentPrefab,Agent,MoveState,Moving,Goal,11.00,0.00,11.00,10.59,0.21,10.54,10.98,0.30,10.89,NavMesh,
1455,9.00,AgentPrefab,Agent,MoveState,Moving,Goal,11.00,0.00,11.00,10.60,0.22,10.55,10.98,0.30,10.89,NavMesh,
1456,9.01,AgentPrefab,Agent,MoveState,Moving,Goal,11.00,0.00,11.00,10.61,0.22,10.56,10.98,0.30,10.89,NavMesh,
1457,9.02,AgentPrefab,Agent,MoveState,Moving,Goal,11.00,0.00,11.00,10.62,0.22,10.56,10.98,0.30,10.89,NavMesh,
1458,9.02,AgentPrefab,Agent,MoveState,Moving,Goal,11.00,0.00,11.00,10.63,0.22,10.57,10.98,0.30,10.89,NavMesh,
1459,9.03,AgentPrefab,Agent,MoveState,Moving,Goal,11.00,0.00,11.00,10.64,0.22,10.58,10.98,0.30,10.89,NavMesh,
1460,9.03,AgentPrefab,Agent,MoveState,Moving,Goal,11.00,0.00,11.00,10.65,0.23,10.59,10.98,0.30,10.89,NavMesh,
1461,9.04,AgentPrefab,Agent,MoveState,Moving,Goal,11.00,0.00,11.00,10.66,0.23,10.60,10.98,0.30,10.89,NavMesh,
1462,9.05,AgentPrefab,Agent,MoveState,Moving,Goal,11.00,0.00,11.00,10.66,0.23,10.61,10.98,0.30,10.89,NavMesh,
1463,9.05,AgentPrefab,Agent,MoveState,Moving,Goal,11.00,0.00,11.00,10.67,0.23,10.62,10.98,0.30,10.89,NavMesh,
1464,9.06,AgentPrefab,Agent,MoveState,Moving,Goal,11.00,0.00,11.00,10.68,0.23,10.62,10.98,0.30,10.89,NavMesh,
1465,9.07,AgentPrefab,Agent,MoveState,Moving,Goal,11.00,0.00,11.00,10.69,0.24,10.63,10.98,0.30,10.89,NavMesh,
1466,9.07,AgentPrefab,Agent,MoveState,Moving,Goal,11.00,0.00,11.00,10.70,0.24,10.64,10.98,0.30,10.89,NavMesh,
1467,9.08,AgentPrefab,Agent,MoveState,Moving,Goal,11.00,0.00,11.00,10.71,0.24,10.65,10.98,0.30,10.89,NavMesh,
1468,9.08,AgentPrefab,Agent,MoveState,Moving,Goal,11.00,0.00,11.00,10.72,0.24,10.66,10.98,0.30,10.89,NavMesh,
1469,9.09,AgentPrefab,Agent,MoveState,Moving,Goal,11.00,0.00,11.00,10.73,0.24,10.67,10.98,0.30,10.89,NavMesh,
1470,9.10,AgentPrefab,Agent,MoveState,Moving,Goal,11.00,0.00,11.00,10.74,0.25,10.67,10.98,0.30,10.89,NavMesh,
1471,9.10,AgentPrefab,Agent,MoveState,Moving,Goal,11.00,0.00,11.00,10.75,0.25,10.68,10.98,0.30,10.89,NavMesh,
1472,9.11,AgentPrefab,Agent,MoveState,Moving,Goal,11.00,0.00,11.00,10.76,0.25,10.69,10.98,0.30,10.89,NavMesh,
1473,9.12,AgentPrefab,Agent,MoveState,Moving,Goal,11.00,0.00,11.00,10.77,0.25,10.70,10.98,0.30,10.89,NavMesh,
1474,9.12,AgentPrefab,Agent,MoveState,Moving,Goal,11.00,0.00,11.00,10.78,0.25,10.71,10.98,0.30,10.89,NavMesh,
1475,9.13,AgentPrefab,Agent,MoveState,Moving,Goal,11.00,0.00,11.00,10.78,0.26,10.72,10.98,0.30,10.89,NavMesh,
1476,9.14,AgentPrefab,Agent,MoveState,Moving,Goal,11.00,0.00,11.00,10.79,0.26,10.72,10.98,0.30,10.89,NavMesh,
1477,9.14,AgentPrefab,Agent,MoveState,Moving,Goal,11.00,0.00,11.00,10.80,0.26,10.73,10.98,0.30,10.89,NavMesh,
1478,9.15,AgentPrefab,Agent,MoveState,Moving,Goal,11.00,0.00,11.00,10.81,0.26,10.74,10.98,0.30,10.89,NavMesh,
1479,9.15,AgentPrefab,Agent,MoveState,Moving,Goal,11.00,0.00,11.00,10.82,0.27,10.75,10.98,0.30,10.89,NavMesh,
1480,9.16,AgentPrefab,Agent,MoveState,Moving,Goal,11.00,0.00,11.00,10.83,0.27,10.76,10.98,0.30,10.89,NavMesh,
1481,9.17,AgentPrefab,Agent,MoveState,Moving,Goal,11.00,0.00,11.00,10.84,0.27,10.77,10.98,0.30,10.89,NavMesh,
1482,9.17,AgentPrefab,Agent,MoveState,Moving,Goal,11.00,0.00,11.00,10.85,0.27,10.78,10.98,0.30,10.89,NavMesh,
1483,9.18,AgentPrefab,Agent,MoveState,Moving,Goal,11.00,0.00,11.00,10.86,0.27,10.78,10.98,0.30,10.89,NavMesh,
1484,9.19,AgentPrefab,Agent,MoveState,Moving,Goal,11.00,0.00,11.00,10.87,0.28,10.79,10.98,0.30,10.89,NavMesh,
1485,9.19,AgentPrefab,Agent,MoveState,Moving,Goal,11.00,0.00,11.00,10.88,0.28,10.80,10.98,0.30,10.89,NavMesh,
1486,9.20,AgentPrefab,Agent,MoveState,Moving,Goal,11.00,0.00,11.00,10.89,0.28,10.81,10.98,0.30,10.89,NavMesh,
1487,9.21,AgentPrefab,Agent,MoveState,Moving,Goal,11.00,0.00,11.00,10.90,0.28,10.82,10.98,0.30,10.89,NavMesh,
1488,9.21,AgentPrefab,Agent,MoveState,Moving,Goal,11.00,0.00,11.00,10.90,0.28,10.83,10.98,0.30,10.89,NavMesh,
1489,9.22,AgentPrefab,Agent,MoveState,Moving,Goal,11.00,0.00,11.00,10.91,0.29,10.83,10.98,0.30,10.89,NavMesh,
1490,9.22,AgentPrefab,Agent,MoveState,Moving,Goal,11.00,0.00,11.00,10.92,0.29,10.84,10.98,0.30,10.89,NavMesh,
1491,9.23,AgentPrefab,Agent,MoveState,Moving,Goal,11.00,0.00,11.00,10.93,0.29,10.85,10.98,0.30,10.89,NavMesh,
1492,9.24,AgentPrefab,Agent,MoveState,Moving,Goal,11.00,0.00,11.00,10.94,0.29,10.86,10.98,0.30,10.89,NavMesh,
1492,9.24,AIManager,Performance,Pathfinding,Executed,NavMesh,0.00,0.00,0.00,0.00,0.00,0.00,0.00,0.00,0.00,NavMesh,0.020
1492,9.24,AgentPrefab,Agent,MoveState,Moving,Goal,20.00,0.00,10.00,10.98,0.30,10.89,10.98,0.30,10.89,NavMesh,
1493,9.25,AgentPrefab,Agent,MoveState,Moving,Goal,20.00,0.00,10.00,10.98,0.30,10.89,10.98,0.30,10.89,NavMesh,
1494,9.26,AgentPrefab,Agent,MoveState,Moving,Goal,20.00,0.00,10.00,10.98,0.30,10.89,20.00,0.38,10.00,NavMesh,
1495,9.27,AgentPrefab,Agent,MoveState,Moving,Goal,20.00,0.00,10.00,10.99,0.30,10.89,20.00,0.38,10.00,NavMesh,
1496,9.27,AgentPrefab,Agent,MoveState,Moving,Goal,20.00,0.00,10.00,11.00,0.30,10.89,20.00,0.38,10.00,NavMesh,
1497,9.28,AgentPrefab,Agent,MoveState,Moving,Goal,20.00,0.00,10.00,11.02,0.30,10.89,20.00,0.38,10.00,NavMesh,
1498,9.29,AgentPrefab,Agent,MoveState,Moving,Goal,20.00,0.00,10.00,11.03,0.30,10.89,20.00,0.38,10.00,NavMesh,
1499,9.29,AgentPrefab,Agent,MoveState,Moving,Goal,20.00,0.00,10.00,11.04,0.30,10.89,20.00,0.38,10.00,NavMesh,
1500,9.30,AgentPrefab,Agent,MoveState,Moving,Goal,20.00,0.00,10.00,11.06,0.30,10.89,20.00,0.38,10.00,NavMesh,
1501,9.31,AgentPrefab,Agent,MoveState,Moving,Goal,20.00,0.00,10.00,11.07,0.30,10.89,20.00,0.38,10.00,NavMesh,
1502,9.31,AgentPrefab,Agent,MoveState,Moving,Goal,20.00,0.00,10.00,11.08,0.30,10.88,20.00,0.38,10.00,NavMesh,
1503,9.32,AgentPrefab,Agent,MoveState,Moving,Goal,20.00,0.00,10.00,11.09,0.30,10.88,20.00,0.38,10.00,NavMesh,
1504,9.32,AgentPrefab,Agent,MoveState,Moving,Goal,20.00,0.00,10.00,11.11,0.30,10.88,20.00,0.38,10.00,NavMesh,
1505,9.33,AgentPrefab,Agent,MoveState,Moving,Goal,20.00,0.00,10.00,11.12,0.30,10.88,20.00,0.38,10.00,NavMesh,
1506,9.34,AgentPrefab,Agent,MoveState,Moving,Goal,20.00,0.00,10.00,11.13,0.30,10.88,20.00,0.38,10.00,NavMesh,
1507,9.34,AgentPrefab,Agent,MoveState,Moving,Goal,20.00,0.00,10.00,11.14,0.30,10.88,20.00,0.38,10.00,NavMesh,
1508,9.35,AgentPrefab,Agent,MoveState,Moving,Goal,20.00,0.00,10.00,11.16,0.30,10.88,20.00,0.38,10.00,NavMesh,
1509,9.36,AgentPrefab,Agent,MoveState,Moving,Goal,20.00,0.00,10.00,11.18,0.30,10.87,20.00,0.38,10.00,NavMesh,
1510,9.37,AgentPrefab,Agent,MoveState,Moving,Goal,20.00,0.00,10.00,11.18,0.30,10.87,20.00,0.38,10.00,NavMesh,
1511,9.37,AgentPrefab,Agent,MoveState,Moving,Goal,20.00,0.00,10.00,11.20,0.30,10.87,20.00,0.38,10.00,NavMesh,
1512,9.38,AgentPrefab,Agent,MoveState,Moving,Goal,20.00,0.00,10.00,11.21,0.30,10.87,20.00,0.38,10.00,NavMesh,
1513,9.38,AgentPrefab,Agent,MoveState,Moving,Goal,20.00,0.00,10.00,11.22,0.30,10.87,20.00,0.38,10.00,NavMesh,
1514,9.39,AgentPrefab,Agent,MoveState,Moving,Goal,20.00,0.00,10.00,11.24,0.30,10.87,20.00,0.38,10.00,NavMesh,
1515,9.40,AgentPrefab,Agent,MoveState,Moving,Goal,20.00,0.00,10.00,11.25,0.30,10.87,20.00,0.38,10.00,NavMesh,
1516,9.40,AgentPrefab,Agent,MoveState,Moving,Goal,20.00,0.00,10.00,11.26,0.30,10.87,20.00,0.38,10.00,NavMesh,
1517,9.41,AgentPrefab,Agent,MoveState,Moving,Goal,20.00,0.00,10.00,11.27,0.30,10.86,20.00,0.38,10.00,NavMesh,
1518,9.42,AgentPrefab,Agent,MoveState,Moving,Goal,20.00,0.00,10.00,11.29,0.30,10.86,20.00,0.38,10.00,NavMesh,
1519,9.42,AgentPrefab,Agent,MoveState,Moving,Goal,20.00,0.00,10.00,11.30,0.30,10.86,20.00,0.38,10.00,NavMesh,
1520,9.43,AgentPrefab,Agent,MoveState,Moving,Goal,20.00,0.00,10.00,11.31,0.30,10.86,20.00,0.38,10.00,NavMesh,
1521,9.44,AgentPrefab,Agent,MoveState,Moving,Goal,20.00,0.00,10.00,11.33,0.30,10.86,20.00,0.38,10.00,NavMesh,
1522,9.44,AgentPrefab,Agent,MoveState,Moving,Goal,20.00,0.00,10.00,11.34,0.30,10.86,20.00,0.38,10.00,NavMesh,
1523,9.45,AgentPrefab,Agent,MoveState,Moving,Goal,20.00,0.00,10.00,11.35,0.30,10.86,20.00,0.38,10.00,NavMesh,
1524,9.45,AgentPrefab,Agent,MoveState,Moving,Goal,20.00,0.00,10.00,11.36,0.30,10.86,20.00,0.38,10.00,NavMesh,
1525,9.46,AgentPrefab,Agent,MoveState,Moving,Goal,20.00,0.00,10.00,11.38,0.30,10.85,20.00,0.38,10.00,NavMesh,
1526,9.47,AgentPrefab,Agent,MoveState,Moving,Goal,20.00,0.00,10.00,11.39,0.30,10.85,20.00,0.38,10.00,NavMesh,
1527,9.47,AgentPrefab,Agent,MoveState,Moving,Goal,20.00,0.00,10.00,11.40,0.30,10.85,20.00,0.38,10.00,NavMesh,
1528,9.48,AgentPrefab,Agent,MoveState,Moving,Goal,20.00,0.00,10.00,11.41,0.30,10.85,20.00,0.38,10.00,NavMesh,
1529,9.49,AgentPrefab,Agent,MoveState,Moving,Goal,20.00,0.00,10.00,11.43,0.30,10.85,20.00,0.38,10.00,NavMesh,
1530,9.49,AgentPrefab,Agent,MoveState,Moving,Goal,20.00,0.00,10.00,11.44,0.30,10.85,20.00,0.38,10.00,NavMesh,
1531,9.50,AgentPrefab,Agent,MoveState,Moving,Goal,20.00,0.00,10.00,11.45,0.30,10.85,20.00,0.38,10.00,NavMesh,
1532,9.50,AgentPrefab,Agent,MoveState,Moving,Goal,20.00,0.00,10.00,11.46,0.30,10.85,20.00,0.38,10.00,NavMesh,
1533,9.51,AgentPrefab,Agent,MoveState,Moving,Goal,20.00,0.00,10.00,11.48,0.30,10.84,20.00,0.38,10.00,NavMesh,
1534,9.52,AgentPrefab,Agent,MoveState,Moving,Goal,20.00,0.00,10.00,11.49,0.30,10.84,20.00,0.38,10.00,NavMesh,
1535,9.52,AgentPrefab,Agent,MoveState,Moving,Goal,20.00,0.00,10.00,11.50,0.30,10.84,20.00,0.38,10.00,NavMesh,
1536,9.53,AgentPrefab,Agent,MoveState,Moving,Goal,20.00,0.00,10.00,11.51,0.30,10.84,20.00,0.38,10.00,NavMesh,
1537,9.54,AgentPrefab,Agent,MoveState,Moving,Goal,20.00,0.00,10.00,11.53,0.30,10.84,20.00,0.38,10.00,NavMesh,
1538,9.54,AgentPrefab,Agent,MoveState,Moving,Goal,20.00,0.00,10.00,11.54,0.30,10.84,20.00,0.38,10.00,NavMesh,
1539,9.55,AgentPrefab,Agent,MoveState,Moving,Goal,20.00,0.00,10.00,11.55,0.31,10.84,20.00,0.38,10.00,NavMesh,
1540,9.56,AgentPrefab,Agent,MoveState,Moving,Goal,20.00,0.00,10.00,11.57,0.31,10.84,20.00,0.38,10.00,NavMesh,
1541,9.56,AgentPrefab,Agent,MoveState,Moving,Goal,20.00,0.00,10.00,11.58,0.31,10.83,20.00,0.38,10.00,NavMesh,
1542,9.57,AgentPrefab,Agent,MoveState,Moving,Goal,20.00,0.00,10.00,11.59,0.31,10.83,20.00,0.38,10.00,NavMesh,
1543,9.57,AgentPrefab,Agent,MoveState,Moving,Goal,20.00,0.00,10.00,11.60,0.31,10.83,20.00,0.38,10.00,NavMesh,
1544,9.58,AgentPrefab,Agent,MoveState,Moving,Goal,20.00,0.00,10.00,11.62,0.31,10.83,20.00,0.38,10.00,NavMesh,
1545,9.59,AgentPrefab,Agent,MoveState,Moving,Goal,20.00,0.00,10.00,11.63,0.31,10.83,20.00,0.38,10.00,NavMesh,
1546,9.59,AgentPrefab,Agent,MoveState,Moving,Goal,20.00,0.00,10.00,11.64,0.31,10.83,20.00,0.38,10.00,NavMesh,
1547,9.60,AgentPrefab,Agent,MoveState,Moving,Goal,20.00,0.00,10.00,11.65,0.31,10.83,20.00,0.38,10.00,NavMesh,
1548,9.61,AgentPrefab,Agent,MoveState,Moving,Goal,20.00,0.00,10.00,11.67,0.31,10.83,20.00,0.38,10.00,NavMesh,
1549,9.61,AgentPrefab,Agent,MoveState,Moving,Goal,20.00,0.00,10.00,11.68,0.31,10.82,20.00,0.38,10.00,NavMesh,
1550,9.62,AgentPrefab,Agent,MoveState,Moving,Goal,20.00,0.00,10.00,11.69,0.31,10.82,20.00,0.38,10.00,NavMesh,
1551,9.62,AgentPrefab,Agent,MoveState,Moving,Goal,20.00,0.00,10.00,11.70,0.31,10.82,20.00,0.38,10.00,NavMesh,
1552,9.63,AgentPrefab,Agent,MoveState,Moving,Goal,20.00,0.00,10.00,11.72,0.31,10.82,20.00,0.38,10.00,NavMesh,
1553,9.64,AgentPrefab,Agent,MoveState,Moving,Goal,20.00,0.00,10.00,11.73,0.31,10.82,20.00,0.38,10.00,NavMesh,
1554,9.64,AgentPrefab,Agent,MoveState,Moving,Goal,20.00,0.00,10.00,11.74,0.31,10.82,20.00,0.38,10.00,NavMesh,
1555,9.65,AgentPrefab,Agent,MoveState,Moving,Goal,20.00,0.00,10.00,11.75,0.31,10.82,20.00,0.38,10.00,NavMesh,
1556,9.66,AgentPrefab,Agent,MoveState,Moving,Goal,20.00,0.00,10.00,11.77,0.31,10.82,20.00,0.38,10.00,NavMesh,
1557,9.66,AgentPrefab,Agent,MoveState,Moving,Goal,20.00,0.00,10.00,11.78,0.31,10.81,20.00,0.38,10.00,NavMesh,
1558,9.67,AgentPrefab,Agent,MoveState,Moving,Goal,20.00,0.00,10.00,11.79,0.31,10.81,20.00,0.38,10.00,NavMesh,
1559,9.68,AgentPrefab,Agent,MoveState,Moving,Goal,20.00,0.00,10.00,11.80,0.31,10.81,20.00,0.38,10.00,NavMesh,
1560,9.68,AgentPrefab,Agent,MoveState,Moving,Goal,20.00,0.00,10.00,11.82,0.31,10.81,20.00,0.38,10.00,NavMesh,
1561,9.69,AgentPrefab,Agent,MoveState,Moving,Goal,20.00,0.00,10.00,11.83,0.31,10.81,20.00,0.38,10.00,NavMesh,
1562,9.69,AgentPrefab,Agent,MoveState,Moving,Goal,20.00,0.00,10.00,11.84,0.31,10.81,20.00,0.38,10.00,NavMesh,
1563,9.70,AgentPrefab,Agent,MoveState,Moving,Goal,20.00,0.00,10.00,11.85,0.31,10.81,20.00,0.38,10.00,NavMesh,
1564,9.71,AgentPrefab,Agent,MoveState,Moving,Goal,20.00,0.00,10.00,11.87,0.31,10.81,20.00,0.38,10.00,NavMesh,
1565,9.71,AgentPrefab,Agent,MoveState,Moving,Goal,20.00,0.00,10.00,11.88,0.31,10.81,20.00,0.38,10.00,NavMesh,
1566,9.72,AgentPrefab,Agent,MoveState,Moving,Goal,20.00,0.00,10.00,11.89,0.31,10.80,20.00,0.38,10.00,NavMesh,
1567,9.73,AgentPrefab,Agent,MoveState,Moving,Goal,20.00,0.00,10.00,11.90,0.31,10.80,20.00,0.38,10.00,NavMesh,
1568,9.73,AgentPrefab,Agent,MoveState,Moving,Goal,20.00,0.00,10.00,11.92,0.31,10.80,20.00,0.38,10.00,NavMesh,
1569,9.74,AgentPrefab,Agent,MoveState,Moving,Goal,20.00,0.00,10.00,11.93,0.31,10.80,20.00,0.38,10.00,NavMesh,
1570,9.74,AgentPrefab,Agent,MoveState,Moving,Goal,20.00,0.00,10.00,11.94,0.31,10.80,20.00,0.38,10.00,NavMesh,
1571,9.75,AgentPrefab,Agent,MoveState,Moving,Goal,20.00,0.00,10.00,11.95,0.31,10.80,20.00,0.38,10.00,NavMesh,
1572,9.76,AgentPrefab,Agent,MoveState,Moving,Goal,20.00,0.00,10.00,11.97,0.31,10.80,20.00,0.38,10.00,NavMesh,
1573,9.76,AgentPrefab,Agent,MoveState,Moving,Goal,20.00,0.00,10.00,11.98,0.31,10.79,20.00,0.38,10.00,NavMesh,
1574,9.77,AgentPrefab,Agent,MoveState,Moving,Goal,20.00,0.00,10.00,11.99,0.31,10.79,20.00,0.38,10.00,NavMesh,
1575,9.78,AgentPrefab,Agent,MoveState,Moving,Goal,20.00,0.00,10.00,12.00,0.31,10.79,20.00,0.38,10.00,NavMesh,
1576,9.78,AgentPrefab,Agent,MoveState,Moving,Goal,20.00,0.00,10.00,12.02,0.31,10.79,20.00,0.38,10.00,NavMesh,
1577,9.79,AgentPrefab,Agent,MoveState,Moving,Goal,20.00,0.00,10.00,12.03,0.31,10.79,20.00,0.38,10.00,NavMesh,
1578,9.80,AgentPrefab,Agent,MoveState,Moving,Goal,20.00,0.00,10.00,12.04,0.31,10.79,20.00,0.38,10.00,NavMesh,
1579,9.80,AgentPrefab,Agent,MoveState,Moving,Goal,20.00,0.00,10.00,12.06,0.31,10.79,20.00,0.38,10.00,NavMesh,
1580,9.81,AgentPrefab,Agent,MoveState,Moving,Goal,20.00,0.00,10.00,12.07,0.31,10.79,20.00,0.38,10.00,NavMesh,
1581,9.81,AgentPrefab,Agent,MoveState,Moving,Goal,20.00,0.00,10.00,12.08,0.31,10.79,20.00,0.38,10.00,NavMesh,
1582,9.82,AgentPrefab,Agent,MoveState,Moving,Goal,20.00,0.00,10.00,12.09,0.31,10.78,20.00,0.38,10.00,NavMesh,
1583,9.83,AgentPrefab,Agent,MoveState,Moving,Goal,20.00,0.00,10.00,12.11,0.31,10.78,20.00,0.38,10.00,NavMesh,
1584,9.83,AgentPrefab,Agent,MoveState,Moving,Goal,20.00,0.00,10.00,12.12,0.31,10.78,20.00,0.38,10.00,NavMesh,
1585,9.84,AgentPrefab,Agent,MoveState,Moving,Goal,20.00,0.00,10.00,12.13,0.31,10.78,20.00,0.38,10.00,NavMesh,
1586,9.85,AgentPrefab,Agent,MoveState,Moving,Goal,20.00,0.00,10.00,12.14,0.31,10.78,20.00,0.38,10.00,NavMesh,
1587,9.85,AgentPrefab,Agent,MoveState,Moving,Goal,20.00,0.00,10.00,12.16,0.31,10.78,20.00,0.38,10.00,NavMesh,
1588,9.86,AgentPrefab,Agent,MoveState,Moving,Goal,20.00,0.00,10.00,12.17,0.31,10.78,20.00,0.38,10.00,NavMesh,
1589,9.87,AgentPrefab,Agent,MoveState,Moving,Goal,20.00,0.00,10.00,12.18,0.31,10.77,20.00,0.38,10.00,NavMesh,
1590,9.87,AgentPrefab,Agent,MoveState,Moving,Goal,20.00,0.00,10.00,12.20,0.31,10.77,20.00,0.38,10.00,NavMesh,
1591,9.88,AgentPrefab,Agent,MoveState,Moving,Goal,20.00,0.00,10.00,12.21,0.31,10.77,20.00,0.38,10.00,NavMesh,
1592,9.88,AgentPrefab,Agent,MoveState,Moving,Goal,20.00,0.00,10.00,12.22,0.31,10.77,20.00,0.38,10.00,NavMesh,
1593,9.89,AgentPrefab,Agent,MoveState,Moving,Goal,20.00,0.00,10.00,12.23,0.31,10.77,20.00,0.38,10.00,NavMesh,
1594,9.90,AgentPrefab,Agent,MoveState,Moving,Goal,20.00,0.00,10.00,12.24,0.31,10.77,20.00,0.38,10.00,NavMesh,
1595,9.90,AgentPrefab,Agent,MoveState,Moving,Goal,20.00,0.00,10.00,12.26,0.31,10.77,20.00,0.38,10.00,NavMesh,
1596,9.91,AgentPrefab,Agent,MoveState,Moving,Goal,20.00,0.00,10.00,12.27,0.31,10.77,20.00,0.38,10.00,NavMesh,
1597,9.92,AgentPrefab,Agent,MoveState,Moving,Goal,20.00,0.00,10.00,12.28,0.31,10.77,20.00,0.38,10.00,NavMesh,
1598,9.92,AgentPrefab,Agent,MoveState,Moving,Goal,20.00,0.00,10.00,12.30,0.31,10.76,20.00,0.38,10.00,NavMesh,
1599,9.93,AgentPrefab,Agent,MoveState,Moving,Goal,20.00,0.00,10.00,12.31,0.31,10.76,20.00,0.38,10.00,NavMesh,
1600,9.93,AgentPrefab,Agent,MoveState,Moving,Goal,20.00,0.00,10.00,12.32,0.31,10.76,20.00,0.38,10.00,NavMesh,
1601,9.94,AgentPrefab,Agent,MoveState,Moving,Goal,20.00,0.00,10.00,12.33,0.31,10.76,20.00,0.38,10.00,NavMesh,
1602,9.95,AgentPrefab,Agent,MoveState,Moving,Goal,20.00,0.00,10.00,12.35,0.31,10.76,20.00,0.38,10.00,NavMesh,
1603,9.95,AgentPrefab,Agent,MoveState,Moving,Goal,20.00,0.00,10.00,12.36,0.31,10.76,20.00,0.38,10.00,NavMesh,
1604,9.96,AgentPrefab,Agent,MoveState,Moving,Goal,20.00,0.00,10.00,12.37,0.31,10.76,20.00,0.38,10.00,NavMesh,
1605,9.97,AgentPrefab,Agent,MoveState,Moving,Goal,20.00,0.00,10.00,12.38,0.31,10.75,20.00,0.38,10.00,NavMesh,
1606,9.97,AgentPrefab,Agent,MoveState,Moving,Goal,20.00,0.00,10.00,12.40,0.31,10.75,20.00,0.38,10.00,NavMesh,
1607,9.98,AgentPrefab,Agent,MoveState,Moving,Goal,20.00,0.00,10.00,12.41,0.31,10.75,20.00,0.38,10.00,NavMesh,
1608,9.99,AgentPrefab,Agent,MoveState,Moving,Goal,20.00,0.00,10.00,12.42,0.31,10.75,20.00,0.38,10.00,NavMesh,
1609,9.99,AgentPrefab,Agent,MoveState,Moving,Goal,20.00,0.00,10.00,12.43,0.31,10.75,20.00,0.38,10.00,NavMesh,
1610,10.00,AgentPrefab,Agent,MoveState,Moving,Goal,20.00,0.00,10.00,12.45,0.31,10.75,20.00,0.38,10.00,NavMesh,
1611,10.00,AgentPrefab,Agent,MoveState,Moving,Goal,20.00,0.00,10.00,12.46,0.31,10.75,20.00,0.38,10.00,NavMesh,
1612,10.01,AgentPrefab,Agent,MoveState,Moving,Goal,20.00,0.00,10.00,12.47,0.31,10.75,20.00,0.38,10.00,NavMesh,
1613,10.02,AgentPrefab,Agent,MoveState,Moving,Goal,20.00,0.00,10.00,12.48,0.31,10.75,20.00,0.38,10.00,NavMesh,
1614,10.02,AgentPrefab,Agent,MoveState,Moving,Goal,20.00,0.00,10.00,12.50,0.31,10.74,20.00,0.38,10.00,NavMesh,
1615,10.03,AgentPrefab,Agent,MoveState,Moving,Goal,20.00,0.00,10.00,12.51,0.31,10.74,20.00,0.38,10.00,NavMesh,
1616,10.04,AgentPrefab,Agent,MoveState,Moving,Goal,20.00,0.00,10.00,12.52,0.31,10.74,20.00,0.38,10.00,NavMesh,
1617,10.04,AgentPrefab,Agent,MoveState,Moving,Goal,20.00,0.00,10.00,12.53,0.31,10.74,20.00,0.38,10.00,NavMesh,
1618,10.06,AgentPrefab,Agent,MoveState,Moving,Goal,20.00,0.00,10.00,12.55,0.31,10.74,20.00,0.38,10.00,NavMesh,
1619,10.07,AgentPrefab,Agent,MoveState,Moving,Goal,20.00,0.00,10.00,12.57,0.31,10.74,20.00,0.38,10.00,NavMesh,
1620,10.07,AgentPrefab,Agent,MoveState,Moving,Goal,20.00,0.00,10.00,12.60,0.31,10.73,20.00,0.38,10.00,NavMesh,
1621,10.08,AgentPrefab,Agent,MoveState,Moving,Goal,20.00,0.00,10.00,12.61,0.31,10.73,20.00,0.38,10.00,NavMesh,
1622,10.09,AgentPrefab,Agent,MoveState,Moving,Goal,20.00,0.00,10.00,12.62,0.31,10.73,20.00,0.38,10.00,NavMesh,
1623,10.09,AgentPrefab,Agent,MoveState,Moving,Goal,20.00,0.00,10.00,12.63,0.31,10.73,20.00,0.38,10.00,NavMesh,
1624,10.10,AgentPrefab,Agent,MoveState,Moving,Goal,20.00,0.00,10.00,12.65,0.31,10.73,20.00,0.38,10.00,NavMesh,
1625,10.11,AgentPrefab,Agent,MoveState,Moving,Goal,20.00,0.00,10.00,12.66,0.32,10.73,20.00,0.38,10.00,NavMesh,
1626,10.11,AgentPrefab,Agent,MoveState,Moving,Goal,20.00,0.00,10.00,12.67,0.32,10.73,20.00,0.38,10.00,NavMesh,
1627,10.12,AgentPrefab,Agent,MoveState,Moving,Goal,20.00,0.00,10.00,12.68,0.32,10.73,20.00,0.38,10.00,NavMesh,
1628,10.12,AgentPrefab,Agent,MoveState,Moving,Goal,20.00,0.00,10.00,12.70,0.32,10.72,20.00,0.38,10.00,NavMesh,
1629,10.13,AgentPrefab,Agent,MoveState,Moving,Goal,20.00,0.00,10.00,12.71,0.32,10.72,20.00,0.38,10.00,NavMesh,
1630,10.14,AgentPrefab,Agent,MoveState,Moving,Goal,20.00,0.00,10.00,12.72,0.32,10.72,20.00,0.38,10.00,NavMesh,
1631,10.14,AgentPrefab,Agent,MoveState,Moving,Goal,20.00,0.00,10.00,12.73,0.32,10.72,20.00,0.38,10.00,NavMesh,
1632,10.15,AgentPrefab,Agent,MoveState,Moving,Goal,20.00,0.00,10.00,12.75,0.32,10.72,20.00,0.38,10.00,NavMesh,
1633,10.16,AgentPrefab,Agent,MoveState,Moving,Goal,20.00,0.00,10.00,12.76,0.32,10.72,20.00,0.38,10.00,NavMesh,
1634,10.16,AgentPrefab,Agent,MoveState,Moving,Goal,20.00,0.00,10.00,12.77,0.32,10.72,20.00,0.38,10.00,NavMesh,
1635,10.17,AgentPrefab,Agent,MoveState,Moving,Goal,20.00,0.00,10.00,12.79,0.32,10.71,20.00,0.38,10.00,NavMesh,
1636,10.18,AgentPrefab,Agent,MoveState,Moving,Goal,20.00,0.00,10.00,12.80,0.32,10.71,20.00,0.38,10.00,NavMesh,
1637,10.18,AgentPrefab,Agent,MoveState,Moving,Goal,20.00,0.00,10.00,12.81,0.32,10.71,20.00,0.38,10.00,NavMesh,
1638,10.19,AgentPrefab,Agent,MoveState,Moving,Goal,20.00,0.00,10.00,12.82,0.32,10.71,20.00,0.38,10.00,NavMesh,
1639,10.19,AgentPrefab,Agent,MoveState,Moving,Goal,20.00,0.00,10.00,12.84,0.32,10.71,20.00,0.38,10.00,NavMesh,
1640,10.20,AgentPrefab,Agent,MoveState,Moving,Goal,20.00,0.00,10.00,12.85,0.32,10.71,20.00,0.38,10.00,NavMesh,
1641,10.21,AgentPrefab,Agent,MoveState,Moving,Goal,20.00,0.00,10.00,12.86,0.32,10.71,20.00,0.38,10.00,NavMesh,
1642,10.21,AgentPrefab,Agent,MoveState,Moving,Goal,20.00,0.00,10.00,12.87,0.32,10.71,20.00,0.38,10.00,NavMesh,
1643,10.22,AgentPrefab,Agent,MoveState,Moving,Goal,20.00,0.00,10.00,12.89,0.32,10.71,20.00,0.38,10.00,NavMesh,
1644,10.23,AgentPrefab,Agent,MoveState,Moving,Goal,20.00,0.00,10.00,12.90,0.32,10.70,20.00,0.38,10.00,NavMesh,
1645,10.23,AgentPrefab,Agent,MoveState,Moving,Goal,20.00,0.00,10.00,12.91,0.32,10.70,20.00,0.38,10.00,NavMesh,
1646,10.24,AgentPrefab,Agent,MoveState,Moving,Goal,20.00,0.00,10.00,12.93,0.32,10.70,20.00,0.38,10.00,NavMesh,
1647,10.25,AgentPrefab,Agent,MoveState,Moving,Goal,20.00,0.00,10.00,12.94,0.32,10.70,20.00,0.38,10.00,NavMesh,
1648,10.25,AgentPrefab,Agent,MoveState,Moving,Goal,20.00,0.00,10.00,12.95,0.32,10.70,20.00,0.38,10.00,NavMesh,
1649,10.26,AgentPrefab,Agent,MoveState,Moving,Goal,20.00,0.00,10.00,12.96,0.32,10.70,20.00,0.38,10.00,NavMesh,
1650,10.27,AgentPrefab,Agent,MoveState,Moving,Goal,20.00,0.00,10.00,12.98,0.32,10.70,20.00,0.38,10.00,NavMesh,
1651,10.28,AgentPrefab,Agent,MoveState,Moving,Goal,20.00,0.00,10.00,13.00,0.32,10.69,20.00,0.38,10.00,NavMesh,
1652,10.28,AgentPrefab,Agent,MoveState,Moving,Goal,20.00,0.00,10.00,13.01,0.32,10.69,20.00,0.38,10.00,NavMesh,
1653,10.29,AgentPrefab,Agent,MoveState,Moving,Goal,20.00,0.00,10.00,13.02,0.32,10.69,20.00,0.38,10.00,NavMesh,
1654,10.29,AgentPrefab,Agent,MoveState,Moving,Goal,20.00,0.00,10.00,13.04,0.32,10.69,20.00,0.38,10.00,NavMesh,
1655,10.30,AgentPrefab,Agent,MoveState,Moving,Goal,20.00,0.00,10.00,13.05,0.32,10.69,20.00,0.38,10.00,NavMesh,
1656,10.31,AgentPrefab,Agent,MoveState,Moving,Goal,20.00,0.00,10.00,13.06,0.32,10.69,20.00,0.38,10.00,NavMesh,
1657,10.31,AgentPrefab,Agent,MoveState,Moving,Goal,20.00,0.00,10.00,13.07,0.32,10.69,20.00,0.38,10.00,NavMesh,
1658,10.32,AgentPrefab,Agent,MoveState,Moving,Goal,20.00,0.00,10.00,13.09,0.32,10.69,20.00,0.38,10.00,NavMesh,
1659,10.33,AgentPrefab,Agent,MoveState,Moving,Goal,20.00,0.00,10.00,13.10,0.32,10.68,20.00,0.38,10.00,NavMesh,
1660,10.33,AgentPrefab,Agent,MoveState,Moving,Goal,20.00,0.00,10.00,13.11,0.32,10.68,20.00,0.38,10.00,NavMesh,
1661,10.34,AgentPrefab,Agent,MoveState,Moving,Goal,20.00,0.00,10.00,13.12,0.32,10.68,20.00,0.38,10.00,NavMesh,
1662,10.34,AgentPrefab,Agent,MoveState,Moving,Goal,20.00,0.00,10.00,13.14,0.32,10.68,20.00,0.38,10.00,NavMesh,
1663,10.35,AgentPrefab,Agent,MoveState,Moving,Goal,20.00,0.00,10.00,13.15,0.32,10.68,20.00,0.38,10.00,NavMesh,
1664,10.36,AgentPrefab,Agent,MoveState,Moving,Goal,20.00,0.00,10.00,13.16,0.32,10.68,20.00,0.38,10.00,NavMesh,
1665,10.37,AgentPrefab,Agent,MoveState,Moving,Goal,20.00,0.00,10.00,13.17,0.32,10.68,20.00,0.38,10.00,NavMesh,
1666,10.37,AgentPrefab,Agent,MoveState,Moving,Goal,20.00,0.00,10.00,13.19,0.32,10.68,20.00,0.38,10.00,NavMesh,
1667,10.38,AgentPrefab,Agent,MoveState,Moving,Goal,20.00,0.00,10.00,13.20,0.32,10.67,20.00,0.38,10.00,NavMesh,
1668,10.38,AgentPrefab,Agent,MoveState,Moving,Goal,20.00,0.00,10.00,13.21,0.32,10.67,20.00,0.38,10.00,NavMesh,
1669,10.39,AgentPrefab,Agent,MoveState,Moving,Goal,20.00,0.00,10.00,13.22,0.32,10.67,20.00,0.38,10.00,NavMesh,
1670,10.40,AgentPrefab,Agent,MoveState,Moving,Goal,20.00,0.00,10.00,13.24,0.32,10.67,20.00,0.38,10.00,NavMesh,
1671,10.40,AgentPrefab,Agent,MoveState,Moving,Goal,20.00,0.00,10.00,13.25,0.32,10.67,20.00,0.38,10.00,NavMesh,
1672,10.41,AgentPrefab,Agent,MoveState,Moving,Goal,20.00,0.00,10.00,13.26,0.32,10.67,20.00,0.38,10.00,NavMesh,
1673,10.41,AgentPrefab,Agent,MoveState,Moving,Goal,20.00,0.00,10.00,13.27,0.32,10.67,20.00,0.38,10.00,NavMesh,
1674,10.42,AgentPrefab,Agent,MoveState,Moving,Goal,20.00,0.00,10.00,13.29,0.32,10.67,20.00,0.38,10.00,NavMesh,
1675,10.43,AgentPrefab,Agent,MoveState,Moving,Goal,20.00,0.00,10.00,13.30,0.32,10.66,20.00,0.38,10.00,NavMesh,
1676,10.43,AgentPrefab,Agent,MoveState,Moving,Goal,20.00,0.00,10.00,13.31,0.32,10.66,20.00,0.38,10.00,NavMesh,
1677,10.44,AgentPrefab,Agent,MoveState,Moving,Goal,20.00,0.00,10.00,13.33,0.32,10.66,20.00,0.38,10.00,NavMesh,
1678,10.45,AgentPrefab,Agent,MoveState,Moving,Goal,20.00,0.00,10.00,13.34,0.32,10.66,20.00,0.38,10.00,NavMesh,
1679,10.45,AgentPrefab,Agent,MoveState,Moving,Goal,20.00,0.00,10.00,13.35,0.32,10.66,20.00,0.38,10.00,NavMesh,
1680,10.46,AgentPrefab,Agent,MoveState,Moving,Goal,20.00,0.00,10.00,13.36,0.32,10.66,20.00,0.38,10.00,NavMesh,
1681,10.47,AgentPrefab,Agent,MoveState,Moving,Goal,20.00,0.00,10.00,13.38,0.32,10.66,20.00,0.38,10.00,NavMesh,
1682,10.47,AgentPrefab,Agent,MoveState,Moving,Goal,20.00,0.00,10.00,13.39,0.32,10.66,20.00,0.38,10.00,NavMesh,
1683,10.48,AgentPrefab,Agent,MoveState,Moving,Goal,20.00,0.00,10.00,13.40,0.32,10.65,20.00,0.38,10.00,NavMesh,
1684,10.48,AgentPrefab,Agent,MoveState,Moving,Goal,20.00,0.00,10.00,13.41,0.32,10.65,20.00,0.38,10.00,NavMesh,
1685,10.49,AgentPrefab,Agent,MoveState,Moving,Goal,20.00,0.00,10.00,13.43,0.32,10.65,20.00,0.38,10.00,NavMesh,
1686,10.50,AgentPrefab,Agent,MoveState,Moving,Goal,20.00,0.00,10.00,13.44,0.32,10.65,20.00,0.38,10.00,NavMesh,
1687,10.50,AgentPrefab,Agent,MoveState,Moving,Goal,20.00,0.00,10.00,13.45,0.32,10.65,20.00,0.38,10.00,NavMesh,
1688,10.51,AgentPrefab,Agent,MoveState,Moving,Goal,20.00,0.00,10.00,13.47,0.32,10.65,20.00,0.38,10.00,NavMesh,
1689,10.52,AgentPrefab,Agent,MoveState,Moving,Goal,20.00,0.00,10.00,13.48,0.32,10.65,20.00,0.38,10.00,NavMesh,
1690,10.52,AgentPrefab,Agent,MoveState,Moving,Goal,20.00,0.00,10.00,13.49,0.32,10.65,20.00,0.38,10.00,NavMesh,
1691,10.53,AgentPrefab,Agent,MoveState,Moving,Goal,20.00,0.00,10.00,13.50,0.32,10.64,20.00,0.38,10.00,NavMesh,
1692,10.54,AgentPrefab,Agent,MoveState,Moving,Goal,20.00,0.00,10.00,13.52,0.32,10.64,20.00,0.38,10.00,NavMesh,
1693,10.54,AgentPrefab,Agent,MoveState,Moving,Goal,20.00,0.00,10.00,13.53,0.32,10.64,20.00,0.38,10.00,NavMesh,
1694,10.55,AgentPrefab,Agent,MoveState,Moving,Goal,20.00,0.00,10.00,13.54,0.32,10.64,20.00,0.38,10.00,NavMesh,
1695,10.55,AgentPrefab,Agent,MoveState,Moving,Goal,20.00,0.00,10.00,13.55,0.32,10.64,20.00,0.38,10.00,NavMesh,
1696,10.56,AgentPrefab,Agent,MoveState,Moving,Goal,20.00,0.00,10.00,13.57,0.32,10.64,20.00,0.38,10.00,NavMesh,
1697,10.57,AgentPrefab,Agent,MoveState,Moving,Goal,20.00,0.00,10.00,13.58,0.32,10.64,20.00,0.38,10.00,NavMesh,
1698,10.57,AgentPrefab,Agent,MoveState,Moving,Goal,20.00,0.00,10.00,13.60,0.32,10.63,20.00,0.38,10.00,NavMesh,
1699,10.58,AgentPrefab,Agent,MoveState,Moving,Goal,20.00,0.00,10.00,13.61,0.32,10.63,20.00,0.38,10.00,NavMesh,
1700,10.59,AgentPrefab,Agent,MoveState,Moving,Goal,20.00,0.00,10.00,13.62,0.32,10.63,20.00,0.38,10.00,NavMesh,
1701,10.59,AgentPrefab,Agent,MoveState,Moving,Goal,20.00,0.00,10.00,13.63,0.32,10.63,20.00,0.38,10.00,NavMesh,
1702,10.60,AgentPrefab,Agent,MoveState,Moving,Goal,20.00,0.00,10.00,13.64,0.32,10.63,20.00,0.38,10.00,NavMesh,
1703,10.61,AgentPrefab,Agent,MoveState,Moving,Goal,20.00,0.00,10.00,13.66,0.32,10.63,20.00,0.38,10.00,NavMesh,
1704,10.61,AgentPrefab,Agent,MoveState,Moving,Goal,20.00,0.00,10.00,13.67,0.32,10.63,20.00,0.38,10.00,NavMesh,
1705,10.62,AgentPrefab,Agent,MoveState,Moving,Goal,20.00,0.00,10.00,13.68,0.32,10.63,20.00,0.38,10.00,NavMesh,
1706,10.62,AgentPrefab,Agent,MoveState,Moving,Goal,20.00,0.00,10.00,13.69,0.32,10.63,20.00,0.38,10.00,NavMesh,
1707,10.63,AgentPrefab,Agent,MoveState,Moving,Goal,20.00,0.00,10.00,13.71,0.32,10.62,20.00,0.38,10.00,NavMesh,
1708,10.64,AgentPrefab,Agent,MoveState,Moving,Goal,20.00,0.00,10.00,13.72,0.32,10.62,20.00,0.38,10.00,NavMesh,
1709,10.64,AgentPrefab,Agent,MoveState,Moving,Goal,20.00,0.00,10.00,13.73,0.32,10.62,20.00,0.38,10.00,NavMesh,
1710,10.65,AgentPrefab,Agent,MoveState,Moving,Goal,20.00,0.00,10.00,13.75,0.32,10.62,20.00,0.38,10.00,NavMesh,
1711,10.66,AgentPrefab,Agent,MoveState,Moving,Goal,20.00,0.00,10.00,13.76,0.33,10.62,20.00,0.38,10.00,NavMesh,
1712,10.66,AgentPrefab,Agent,MoveState,Moving,Goal,20.00,0.00,10.00,13.77,0.33,10.62,20.00,0.38,10.00,NavMesh,
1713,10.67,AgentPrefab,Agent,MoveState,Moving,Goal,20.00,0.00,10.00,13.78,0.33,10.62,20.00,0.38,10.00,NavMesh,
1714,10.68,AgentPrefab,Agent,MoveState,Moving,Goal,20.00,0.00,10.00,13.80,0.33,10.62,20.00,0.38,10.00,NavMesh,
1715,10.68,AgentPrefab,Agent,MoveState,Moving,Goal,20.00,0.00,10.00,13.81,0.33,10.61,20.00,0.38,10.00,NavMesh,
1716,10.69,AgentPrefab,Agent,MoveState,Moving,Goal,20.00,0.00,10.00,13.82,0.33,10.61,20.00,0.38,10.00,NavMesh,
1717,10.69,AgentPrefab,Agent,MoveState,Moving,Goal,20.00,0.00,10.00,13.83,0.33,10.61,20.00,0.38,10.00,NavMesh,
1718,10.70,AgentPrefab,Agent,MoveState,Moving,Goal,20.00,0.00,10.00,13.85,0.33,10.61,20.00,0.38,10.00,NavMesh,
1719,10.71,AgentPrefab,Agent,MoveState,Moving,Goal,20.00,0.00,10.00,13.86,0.33,10.61,20.00,0.38,10.00,NavMesh,
1720,10.71,AgentPrefab,Agent,MoveState,Moving,Goal,20.00,0.00,10.00,13.87,0.33,10.61,20.00,0.38,10.00,NavMesh,
1721,10.72,AgentPrefab,Agent,MoveState,Moving,Goal,20.00,0.00,10.00,13.88,0.33,10.61,20.00,0.38,10.00,NavMesh,
1722,10.73,AgentPrefab,Agent,MoveState,Moving,Goal,20.00,0.00,10.00,13.90,0.33,10.61,20.00,0.38,10.00,NavMesh,
1723,10.73,AgentPrefab,Agent,MoveState,Moving,Goal,20.00,0.00,10.00,13.91,0.33,10.60,20.00,0.38,10.00,NavMesh,
1724,10.74,AgentPrefab,Agent,MoveState,Moving,Goal,20.00,0.00,10.00,13.92,0.33,10.60,20.00,0.38,10.00,NavMesh,
1725,10.75,AgentPrefab,Agent,MoveState,Moving,Goal,20.00,0.00,10.00,13.93,0.33,10.60,20.00,0.38,10.00,NavMesh,
1726,10.75,AgentPrefab,Agent,MoveState,Moving,Goal,20.00,0.00,10.00,13.95,0.33,10.60,20.00,0.38,10.00,NavMesh,
1727,10.76,AgentPrefab,Agent,MoveState,Moving,Goal,20.00,0.00,10.00,13.96,0.33,10.60,20.00,0.38,10.00,NavMesh,
1728,10.76,AgentPrefab,Agent,MoveState,Moving,Goal,20.00,0.00,10.00,13.97,0.33,10.60,20.00,0.38,10.00,NavMesh,
1729,10.77,AgentPrefab,Agent,MoveState,Moving,Goal,20.00,0.00,10.00,13.98,0.33,10.60,20.00,0.38,10.00,NavMesh,
1730,10.78,AgentPrefab,Agent,MoveState,Moving,Goal,20.00,0.00,10.00,14.00,0.33,10.59,20.00,0.38,10.00,NavMesh,
1731,10.78,AgentPrefab,Agent,MoveState,Moving,Goal,20.00,0.00,10.00,14.01,0.33,10.59,20.00,0.38,10.00,NavMesh,
1732,10.79,AgentPrefab,Agent,MoveState,Moving,Goal,20.00,0.00,10.00,14.02,0.33,10.59,20.00,0.38,10.00,NavMesh,
1733,10.80,AgentPrefab,Agent,MoveState,Moving,Goal,20.00,0.00,10.00,14.04,0.33,10.59,20.00,0.38,10.00,NavMesh,
1734,10.81,AgentPrefab,Agent,MoveState,Moving,Goal,20.00,0.00,10.00,14.06,0.33,10.59,20.00,0.38,10.00,NavMesh,
1735,10.82,AgentPrefab,Agent,MoveState,Moving,Goal,20.00,0.00,10.00,14.07,0.33,10.59,20.00,0.38,10.00,NavMesh,
1736,10.82,AgentPrefab,Agent,MoveState,Moving,Goal,20.00,0.00,10.00,14.09,0.33,10.59,20.00,0.38,10.00,NavMesh,
1737,10.83,AgentPrefab,Agent,MoveState,Moving,Goal,20.00,0.00,10.00,14.10,0.33,10.58,20.00,0.38,10.00,NavMesh,
1738,10.84,AgentPrefab,Agent,MoveState,Moving,Goal,20.00,0.00,10.00,14.12,0.33,10.58,20.00,0.38,10.00,NavMesh,
1739,10.85,AgentPrefab,Agent,MoveState,Moving,Goal,20.00,0.00,10.00,14.13,0.33,10.58,20.00,0.38,10.00,NavMesh,
1740,10.85,AgentPrefab,Agent,MoveState,Moving,Goal,20.00,0.00,10.00,14.15,0.33,10.58,20.00,0.38,10.00,NavMesh,
1741,10.86,AgentPrefab,Agent,MoveState,Moving,Goal,20.00,0.00,10.00,14.16,0.33,10.58,20.00,0.38,10.00,NavMesh,
1742,10.87,AgentPrefab,Agent,MoveState,Moving,Goal,20.00,0.00,10.00,14.17,0.33,10.58,20.00,0.38,10.00,NavMesh,
1743,10.87,AgentPrefab,Agent,MoveState,Moving,Goal,20.00,0.00,10.00,14.19,0.33,10.58,20.00,0.38,10.00,NavMesh,
1744,10.88,AgentPrefab,Agent,MoveState,Moving,Goal,20.00,0.00,10.00,14.20,0.33,10.57,20.00,0.38,10.00,NavMesh,
1745,10.89,AgentPrefab,Agent,MoveState,Moving,Goal,20.00,0.00,10.00,14.21,0.33,10.57,20.00,0.38,10.00,NavMesh,
1746,10.89,AgentPrefab,Agent,MoveState,Moving,Goal,20.00,0.00,10.00,14.23,0.33,10.57,20.00,0.38,10.00,NavMesh,
1747,10.90,AgentPrefab,Agent,MoveState,Moving,Goal,20.00,0.00,10.00,14.24,0.33,10.57,20.00,0.38,10.00,NavMesh,
1748,10.91,AgentPrefab,Agent,MoveState,Moving,Goal,20.00,0.00,10.00,14.25,0.33,10.57,20.00,0.38,10.00,NavMesh,
1749,10.91,AgentPrefab,Agent,MoveState,Moving,Goal,20.00,0.00,10.00,14.26,0.33,10.57,20.00,0.38,10.00,NavMesh,
1750,10.92,AgentPrefab,Agent,MoveState,Moving,Goal,20.00,0.00,10.00,14.28,0.33,10.57,20.00,0.38,10.00,NavMesh,
1751,10.92,AgentPrefab,Agent,MoveState,Moving,Goal,20.00,0.00,10.00,14.29,0.33,10.57,20.00,0.38,10.00,NavMesh,
1752,10.93,AgentPrefab,Agent,MoveState,Moving,Goal,20.00,0.00,10.00,14.30,0.33,10.56,20.00,0.38,10.00,NavMesh,
1753,10.94,AgentPrefab,Agent,MoveState,Moving,Goal,20.00,0.00,10.00,14.32,0.33,10.56,20.00,0.38,10.00,NavMesh,
1754,10.94,AgentPrefab,Agent,MoveState,Moving,Goal,20.00,0.00,10.00,14.33,0.33,10.56,20.00,0.38,10.00,NavMesh,
1755,10.95,AgentPrefab,Agent,MoveState,Moving,Goal,20.00,0.00,10.00,14.34,0.33,10.56,20.00,0.38,10.00,NavMesh,
1756,10.96,AgentPrefab,Agent,MoveState,Moving,Goal,20.00,0.00,10.00,14.35,0.33,10.56,20.00,0.38,10.00,NavMesh,
1757,10.96,AgentPrefab,Agent,MoveState,Moving,Goal,20.00,0.00,10.00,14.36,0.33,10.56,20.00,0.38,10.00,NavMesh,
1758,10.97,AgentPrefab,Agent,MoveState,Moving,Goal,20.00,0.00,10.00,14.38,0.33,10.56,20.00,0.38,10.00,NavMesh,
1759,10.98,AgentPrefab,Agent,MoveState,Moving,Goal,20.00,0.00,10.00,14.39,0.33,10.56,20.00,0.38,10.00,NavMesh,
1760,10.98,AgentPrefab,Agent,MoveState,Moving,Goal,20.00,0.00,10.00,14.40,0.33,10.55,20.00,0.38,10.00,NavMesh,
1761,10.99,AgentPrefab,Agent,MoveState,Moving,Goal,20.00,0.00,10.00,14.42,0.33,10.55,20.00,0.38,10.00,NavMesh,
1762,10.99,AgentPrefab,Agent,MoveState,Moving,Goal,20.00,0.00,10.00,14.43,0.33,10.55,20.00,0.38,10.00,NavMesh,
1763,11.00,AgentPrefab,Agent,MoveState,Moving,Goal,20.00,0.00,10.00,14.44,0.33,10.55,20.00,0.38,10.00,NavMesh,
1764,11.01,AgentPrefab,Agent,MoveState,Moving,Goal,20.00,0.00,10.00,14.45,0.33,10.55,20.00,0.38,10.00,NavMesh,
1765,11.01,AgentPrefab,Agent,MoveState,Moving,Goal,20.00,0.00,10.00,14.47,0.33,10.55,20.00,0.38,10.00,NavMesh,
1766,11.02,AgentPrefab,Agent,MoveState,Moving,Goal,20.00,0.00,10.00,14.48,0.33,10.55,20.00,0.38,10.00,NavMesh,
1767,11.03,AgentPrefab,Agent,MoveState,Moving,Goal,20.00,0.00,10.00,14.49,0.33,10.55,20.00,0.38,10.00,NavMesh,
1768,11.03,AgentPrefab,Agent,MoveState,Moving,Goal,20.00,0.00,10.00,14.50,0.33,10.54,20.00,0.38,10.00,NavMesh,
1769,11.04,AgentPrefab,Agent,MoveState,Moving,Goal,20.00,0.00,10.00,14.52,0.33,10.54,20.00,0.38,10.00,NavMesh,
1770,11.04,AgentPrefab,Agent,MoveState,Moving,Goal,20.00,0.00,10.00,14.53,0.33,10.54,20.00,0.38,10.00,NavMesh,
1771,11.06,AgentPrefab,Agent,MoveState,Moving,Goal,20.00,0.00,10.00,14.54,0.33,10.54,20.00,0.38,10.00,NavMesh,
1772,11.07,AgentPrefab,Agent,MoveState,Moving,Goal,20.00,0.00,10.00,14.57,0.33,10.54,20.00,0.38,10.00,NavMesh,
1773,11.08,AgentPrefab,Agent,MoveState,Moving,Goal,20.00,0.00,10.00,14.59,0.33,10.54,20.00,0.38,10.00,NavMesh,
1774,11.08,AgentPrefab,Agent,MoveState,Moving,Goal,20.00,0.00,10.00,14.61,0.33,10.53,20.00,0.38,10.00,NavMesh,
1775,11.09,AgentPrefab,Agent,MoveState,Moving,Goal,20.00,0.00,10.00,14.62,0.33,10.53,20.00,0.38,10.00,NavMesh,
1776,11.10,AgentPrefab,Agent,MoveState,Moving,Goal,20.00,0.00,10.00,14.63,0.33,10.53,20.00,0.38,10.00,NavMesh,
1777,11.11,AgentPrefab,Agent,MoveState,Moving,Goal,20.00,0.00,10.00,14.65,0.33,10.53,20.00,0.38,10.00,NavMesh,
1778,11.11,AgentPrefab,Agent,MoveState,Moving,Goal,20.00,0.00,10.00,14.66,0.33,10.53,20.00,0.38,10.00,NavMesh,
1779,11.12,AgentPrefab,Agent,MoveState,Moving,Goal,20.00,0.00,10.00,14.68,0.33,10.53,20.00,0.38,10.00,NavMesh,
1780,11.13,AgentPrefab,Agent,MoveState,Moving,Goal,20.00,0.00,10.00,14.69,0.33,10.53,20.00,0.38,10.00,NavMesh,
1781,11.14,AgentPrefab,Agent,MoveState,Moving,Goal,20.00,0.00,10.00,14.71,0.33,10.52,20.00,0.38,10.00,NavMesh,
1782,11.14,AgentPrefab,Agent,MoveState,Moving,Goal,20.00,0.00,10.00,14.72,0.33,10.52,20.00,0.38,10.00,NavMesh,
1783,11.15,AgentPrefab,Agent,MoveState,Moving,Goal,20.00,0.00,10.00,14.74,0.33,10.52,20.00,0.38,10.00,NavMesh,
1784,11.16,AgentPrefab,Agent,MoveState,Moving,Goal,20.00,0.00,10.00,14.75,0.33,10.52,20.00,0.38,10.00,NavMesh,
1785,11.17,AgentPrefab,Agent,MoveState,Moving,Goal,20.00,0.00,10.00,14.77,0.33,10.52,20.00,0.38,10.00,NavMesh,
1786,11.17,AgentPrefab,Agent,MoveState,Moving,Goal,20.00,0.00,10.00,14.78,0.33,10.52,20.00,0.38,10.00,NavMesh,
1787,11.18,AgentPrefab,Agent,MoveState,Moving,Goal,20.00,0.00,10.00,14.80,0.33,10.52,20.00,0.38,10.00,NavMesh,
1788,11.19,AgentPrefab,Agent,MoveState,Moving,Goal,20.00,0.00,10.00,14.82,0.33,10.51,20.00,0.38,10.00,NavMesh,
1789,11.20,AgentPrefab,Agent,MoveState,Moving,Goal,20.00,0.00,10.00,14.83,0.33,10.51,20.00,0.38,10.00,NavMesh,
1790,11.20,AgentPrefab,Agent,MoveState,Moving,Goal,20.00,0.00,10.00,14.84,0.33,10.51,20.00,0.38,10.00,NavMesh,
1791,11.21,AgentPrefab,Agent,MoveState,Moving,Goal,20.00,0.00,10.00,14.86,0.33,10.51,20.00,0.38,10.00,NavMesh,
1792,11.22,AgentPrefab,Agent,MoveState,Moving,Goal,20.00,0.00,10.00,14.87,0.34,10.51,20.00,0.38,10.00,NavMesh,
1793,11.23,AgentPrefab,Agent,MoveState,Moving,Goal,20.00,0.00,10.00,14.89,0.34,10.51,20.00,0.38,10.00,NavMesh,
1794,11.23,AgentPrefab,Agent,MoveState,Moving,Goal,20.00,0.00,10.00,14.90,0.34,10.51,20.00,0.38,10.00,NavMesh,
1795,11.24,AgentPrefab,Agent,MoveState,Moving,Goal,20.00,0.00,10.00,14.92,0.34,10.50,20.00,0.38,10.00,NavMesh,
1796,11.25,AgentPrefab,Agent,MoveState,Moving,Goal,20.00,0.00,10.00,14.93,0.34,10.50,20.00,0.38,10.00,NavMesh,
1797,11.26,AgentPrefab,Agent,MoveState,Moving,Goal,20.00,0.00,10.00,14.95,0.34,10.50,20.00,0.38,10.00,NavMesh,
1798,11.26,AgentPrefab,Agent,MoveState,Moving,Goal,20.00,0.00,10.00,14.96,0.34,10.50,20.00,0.38,10.00,NavMesh,
1799,11.27,AgentPrefab,Agent,MoveState,Moving,Goal,20.00,0.00,10.00,14.98,0.34,10.50,20.00,0.38,10.00,NavMesh,
1800,11.28,AgentPrefab,Agent,MoveState,Moving,Goal,20.00,0.00,10.00,14.99,0.34,10.50,20.00,0.38,10.00,NavMesh,
1801,11.28,AgentPrefab,Agent,MoveState,Moving,Goal,20.00,0.00,10.00,15.01,0.34,10.49,20.00,0.38,10.00,NavMesh,
1802,11.29,AgentPrefab,Agent,MoveState,Moving,Goal,20.00,0.00,10.00,15.02,0.34,10.49,20.00,0.38,10.00,NavMesh,
1803,11.30,AgentPrefab,Agent,MoveState,Moving,Goal,20.00,0.00,10.00,15.03,0.34,10.49,20.00,0.38,10.00,NavMesh,
1804,11.30,AgentPrefab,Agent,MoveState,Moving,Goal,20.00,0.00,10.00,15.04,0.34,10.49,20.00,0.38,10.00,NavMesh,
1805,11.31,AgentPrefab,Agent,MoveState,Moving,Goal,20.00,0.00,10.00,15.06,0.34,10.49,20.00,0.38,10.00,NavMesh,
1806,11.32,AgentPrefab,Agent,MoveState,Moving,Goal,20.00,0.00,10.00,15.07,0.34,10.49,20.00,0.38,10.00,NavMesh,
1807,11.32,AgentPrefab,Agent,MoveState,Moving,Goal,20.00,0.00,10.00,15.08,0.34,10.49,20.00,0.38,10.00,NavMesh,
1808,11.33,AgentPrefab,Agent,MoveState,Moving,Goal,20.00,0.00,10.00,15.10,0.34,10.49,20.00,0.38,10.00,NavMesh,
1809,11.34,AgentPrefab,Agent,MoveState,Moving,Goal,20.00,0.00,10.00,15.11,0.34,10.48,20.00,0.38,10.00,NavMesh,
1810,11.34,AgentPrefab,Agent,MoveState,Moving,Goal,20.00,0.00,10.00,15.12,0.34,10.48,20.00,0.38,10.00,NavMesh,
1811,11.35,AgentPrefab,Agent,MoveState,Moving,Goal,20.00,0.00,10.00,15.13,0.34,10.48,20.00,0.38,10.00,NavMesh,
1812,11.35,AgentPrefab,Agent,MoveState,Moving,Goal,20.00,0.00,10.00,15.15,0.34,10.48,20.00,0.38,10.00,NavMesh,
1813,11.36,AgentPrefab,Agent,MoveState,Moving,Goal,20.00,0.00,10.00,15.16,0.34,10.48,20.00,0.38,10.00,NavMesh,
1814,11.37,AgentPrefab,Agent,MoveState,Moving,Goal,20.00,0.00,10.00,15.17,0.34,10.48,20.00,0.38,10.00,NavMesh,
1815,11.37,AgentPrefab,Agent,MoveState,Moving,Goal,20.00,0.00,10.00,15.18,0.34,10.48,20.00,0.38,10.00,NavMesh,
1816,11.38,AgentPrefab,Agent,MoveState,Moving,Goal,20.00,0.00,10.00,15.19,0.34,10.48,20.00,0.38,10.00,NavMesh,
1817,11.39,AgentPrefab,Agent,MoveState,Moving,Goal,20.00,0.00,10.00,15.21,0.34,10.48,20.00,0.38,10.00,NavMesh,
1818,11.39,AgentPrefab,Agent,MoveState,Moving,Goal,20.00,0.00,10.00,15.22,0.34,10.47,20.00,0.38,10.00,NavMesh,
1819,11.40,AgentPrefab,Agent,MoveState,Moving,Goal,20.00,0.00,10.00,15.23,0.34,10.47,20.00,0.38,10.00,NavMesh,
1820,11.41,AgentPrefab,Agent,MoveState,Moving,Goal,20.00,0.00,10.00,15.25,0.34,10.47,20.00,0.38,10.00,NavMesh,
1821,11.41,AgentPrefab,Agent,MoveState,Moving,Goal,20.00,0.00,10.00,15.26,0.34,10.47,20.00,0.38,10.00,NavMesh,
1822,11.42,AgentPrefab,Agent,MoveState,Moving,Goal,20.00,0.00,10.00,15.27,0.34,10.47,20.00,0.38,10.00,NavMesh,
1823,11.42,AgentPrefab,Agent,MoveState,Moving,Goal,20.00,0.00,10.00,15.28,0.34,10.47,20.00,0.38,10.00,NavMesh,
1824,11.43,AgentPrefab,Agent,MoveState,Moving,Goal,20.00,0.00,10.00,15.30,0.34,10.47,20.00,0.38,10.00,NavMesh,
1825,11.44,AgentPrefab,Agent,MoveState,Moving,Goal,20.00,0.00,10.00,15.31,0.34,10.47,20.00,0.38,10.00,NavMesh,
1826,11.44,AgentPrefab,Agent,MoveState,Moving,Goal,20.00,0.00,10.00,15.32,0.34,10.46,20.00,0.38,10.00,NavMesh,
1827,11.45,AgentPrefab,Agent,MoveState,Moving,Goal,20.00,0.00,10.00,15.33,0.34,10.46,20.00,0.38,10.00,NavMesh,
1828,11.46,AgentPrefab,Agent,MoveState,Moving,Goal,20.00,0.00,10.00,15.35,0.34,10.46,20.00,0.38,10.00,NavMesh,
1829,11.46,AgentPrefab,Agent,MoveState,Moving,Goal,20.00,0.00,10.00,15.36,0.34,10.46,20.00,0.38,10.00,NavMesh,
1830,11.47,AgentPrefab,Agent,MoveState,Moving,Goal,20.00,0.00,10.00,15.37,0.34,10.46,20.00,0.38,10.00,NavMesh,
1831,11.47,AgentPrefab,Agent,MoveState,Moving,Goal,20.00,0.00,10.00,15.38,0.34,10.46,20.00,0.38,10.00,NavMesh,
1832,11.48,AgentPrefab,Agent,MoveState,Moving,Goal,20.00,0.00,10.00,15.40,0.34,10.46,20.00,0.38,10.00,NavMesh,
1833,11.49,AgentPrefab,Agent,MoveState,Moving,Goal,20.00,0.00,10.00,15.41,0.34,10.46,20.00,0.38,10.00,NavMesh,
1834,11.49,AgentPrefab,Agent,MoveState,Moving,Goal,20.00,0.00,10.00,15.42,0.34,10.45,20.00,0.38,10.00,NavMesh,
1835,11.50,AgentPrefab,Agent,MoveState,Moving,Goal,20.00,0.00,10.00,15.43,0.34,10.45,20.00,0.38,10.00,NavMesh,
1836,11.51,AgentPrefab,Agent,MoveState,Moving,Goal,20.00,0.00,10.00,15.45,0.34,10.45,20.00,0.38,10.00,NavMesh,
1837,11.51,AgentPrefab,Agent,MoveState,Moving,Goal,20.00,0.00,10.00,15.46,0.34,10.45,20.00,0.38,10.00,NavMesh,
1838,11.52,AgentPrefab,Agent,MoveState,Moving,Goal,20.00,0.00,10.00,15.47,0.34,10.45,20.00,0.38,10.00,NavMesh,
1839,11.52,AgentPrefab,Agent,MoveState,Moving,Goal,20.00,0.00,10.00,15.48,0.34,10.45,20.00,0.38,10.00,NavMesh,
1840,11.53,AgentPrefab,Agent,MoveState,Moving,Goal,20.00,0.00,10.00,15.50,0.34,10.45,20.00,0.38,10.00,NavMesh,
1841,11.54,AgentPrefab,Agent,MoveState,Moving,Goal,20.00,0.00,10.00,15.51,0.34,10.45,20.00,0.38,10.00,NavMesh,
1842,11.54,AgentPrefab,Agent,MoveState,Moving,Goal,20.00,0.00,10.00,15.52,0.34,10.44,20.00,0.38,10.00,NavMesh,
1843,11.55,AgentPrefab,Agent,MoveState,Moving,Goal,20.00,0.00,10.00,15.54,0.34,10.44,20.00,0.38,10.00,NavMesh,
1844,11.56,AgentPrefab,Agent,MoveState,Moving,Goal,20.00,0.00,10.00,15.55,0.34,10.44,20.00,0.38,10.00,NavMesh,
1845,11.56,AgentPrefab,Agent,MoveState,Moving,Goal,20.00,0.00,10.00,15.56,0.34,10.44,20.00,0.38,10.00,NavMesh,
1846,11.57,AgentPrefab,Agent,MoveState,Moving,Goal,20.00,0.00,10.00,15.57,0.34,10.44,20.00,0.38,10.00,NavMesh,
1847,11.58,AgentPrefab,Agent,MoveState,Moving,Goal,20.00,0.00,10.00,15.59,0.34,10.44,20.00,0.38,10.00,NavMesh,
1848,11.58,AgentPrefab,Agent,MoveState,Moving,Goal,20.00,0.00,10.00,15.60,0.34,10.44,20.00,0.38,10.00,NavMesh,
1849,11.59,AgentPrefab,Agent,MoveState,Moving,Goal,20.00,0.00,10.00,15.61,0.34,10.44,20.00,0.38,10.00,NavMesh,
1850,11.59,AgentPrefab,Agent,MoveState,Moving,Goal,20.00,0.00,10.00,15.63,0.34,10.43,20.00,0.38,10.00,NavMesh,
1851,11.60,AgentPrefab,Agent,MoveState,Moving,Goal,20.00,0.00,10.00,15.64,0.34,10.43,20.00,0.38,10.00,NavMesh,
1852,11.61,AgentPrefab,Agent,MoveState,Moving,Goal,20.00,0.00,10.00,15.65,0.34,10.43,20.00,0.38,10.00,NavMesh,
1853,11.61,AgentPrefab,Agent,MoveState,Moving,Goal,20.00,0.00,10.00,15.66,0.34,10.43,20.00,0.38,10.00,NavMesh,
1854,11.62,AgentPrefab,Agent,MoveState,Moving,Goal,20.00,0.00,10.00,15.67,0.34,10.43,20.00,0.38,10.00,NavMesh,
1855,11.63,AgentPrefab,Agent,MoveState,Moving,Goal,20.00,0.00,10.00,15.69,0.34,10.43,20.00,0.38,10.00,NavMesh,
1856,11.64,AgentPrefab,Agent,MoveState,Moving,Goal,20.00,0.00,10.00,15.71,0.34,10.43,20.00,0.38,10.00,NavMesh,
1857,11.64,AgentPrefab,Agent,MoveState,Moving,Goal,20.00,0.00,10.00,15.72,0.34,10.42,20.00,0.38,10.00,NavMesh,
1858,11.65,AgentPrefab,Agent,MoveState,Moving,Goal,20.00,0.00,10.00,15.73,0.34,10.42,20.00,0.38,10.00,NavMesh,
1859,11.66,AgentPrefab,Agent,MoveState,Moving,Goal,20.00,0.00,10.00,15.75,0.34,10.42,20.00,0.38,10.00,NavMesh,
1860,11.66,AgentPrefab,Agent,MoveState,Moving,Goal,20.00,0.00,10.00,15.76,0.34,10.42,20.00,0.38,10.00,NavMesh,
1861,11.67,AgentPrefab,Agent,MoveState,Moving,Goal,20.00,0.00,10.00,15.77,0.34,10.42,20.00,0.38,10.00,NavMesh,
1862,11.68,AgentPrefab,Agent,MoveState,Moving,Goal,20.00,0.00,10.00,15.78,0.34,10.42,20.00,0.38,10.00,NavMesh,
1863,11.68,AgentPrefab,Agent,MoveState,Moving,Goal,20.00,0.00,10.00,15.80,0.34,10.42,20.00,0.38,10.00,NavMesh,
1864,11.69,AgentPrefab,Agent,MoveState,Moving,Goal,20.00,0.00,10.00,15.81,0.34,10.42,20.00,0.38,10.00,NavMesh,
1865,11.69,AgentPrefab,Agent,MoveState,Moving,Goal,20.00,0.00,10.00,15.82,0.34,10.41,20.00,0.38,10.00,NavMesh,
1866,11.70,AgentPrefab,Agent,MoveState,Moving,Goal,20.00,0.00,10.00,15.83,0.34,10.41,20.00,0.38,10.00,NavMesh,
1867,11.71,AgentPrefab,Agent,MoveState,Moving,Goal,20.00,0.00,10.00,15.85,0.34,10.41,20.00,0.38,10.00,NavMesh,
1868,11.71,AgentPrefab,Agent,MoveState,Moving,Goal,20.00,0.00,10.00,15.86,0.34,10.41,20.00,0.38,10.00,NavMesh,
1869,11.72,AgentPrefab,Agent,MoveState,Moving,Goal,20.00,0.00,10.00,15.87,0.34,10.41,20.00,0.38,10.00,NavMesh,
1870,11.73,AgentPrefab,Agent,MoveState,Moving,Goal,20.00,0.00,10.00,15.88,0.34,10.41,20.00,0.38,10.00,NavMesh,
1871,11.73,AgentPrefab,Agent,MoveState,Moving,Goal,20.00,0.00,10.00,15.90,0.34,10.41,20.00,0.38,10.00,NavMesh,
1872,11.74,AgentPrefab,Agent,MoveState,Moving,Goal,20.00,0.00,10.00,15.91,0.34,10.41,20.00,0.38,10.00,NavMesh,
1873,11.74,AgentPrefab,Agent,MoveState,Moving,Goal,20.00,0.00,10.00,15.92,0.34,10.40,20.00,0.38,10.00,NavMesh,
1874,11.75,AgentPrefab,Agent,MoveState,Moving,Goal,20.00,0.00,10.00,15.93,0.34,10.40,20.00,0.38,10.00,NavMesh,
1875,11.76,AgentPrefab,Agent,MoveState,Moving,Goal,20.00,0.00,10.00,15.95,0.34,10.40,20.00,0.38,10.00,NavMesh,
1876,11.76,AgentPrefab,Agent,MoveState,Moving,Goal,20.00,0.00,10.00,15.96,0.34,10.40,20.00,0.38,10.00,NavMesh,
1877,11.77,AgentPrefab,Agent,MoveState,Moving,Goal,20.00,0.00,10.00,15.97,0.35,10.40,20.00,0.38,10.00,NavMesh,
1878,11.78,AgentPrefab,Agent,MoveState,Moving,Goal,20.00,0.00,10.00,15.98,0.35,10.40,20.00,0.38,10.00,NavMesh,
1879,11.78,AgentPrefab,Agent,MoveState,Moving,Goal,20.00,0.00,10.00,16.00,0.35,10.40,20.00,0.38,10.00,NavMesh,
1880,11.79,AgentPrefab,Agent,MoveState,Moving,Goal,20.00,0.00,10.00,16.01,0.35,10.40,20.00,0.38,10.00,NavMesh,
1881,11.79,AgentPrefab,Agent,MoveState,Moving,Goal,20.00,0.00,10.00,16.02,0.35,10.39,20.00,0.38,10.00,NavMesh,
1882,11.80,AgentPrefab,Agent,MoveState,Moving,Goal,20.00,0.00,10.00,16.03,0.35,10.39,20.00,0.38,10.00,NavMesh,
1883,11.81,AgentPrefab,Agent,MoveState,Moving,Goal,20.00,0.00,10.00,16.05,0.35,10.39,20.00,0.38,10.00,NavMesh,
1884,11.81,AgentPrefab,Agent,MoveState,Moving,Goal,20.00,0.00,10.00,16.06,0.35,10.39,20.00,0.38,10.00,NavMesh,
1885,11.82,AgentPrefab,Agent,MoveState,Moving,Goal,20.00,0.00,10.00,16.07,0.35,10.39,20.00,0.38,10.00,NavMesh,
1886,11.83,AgentPrefab,Agent,MoveState,Moving,Goal,20.00,0.00,10.00,16.09,0.35,10.39,20.00,0.38,10.00,NavMesh,
1887,11.83,AgentPrefab,Agent,MoveState,Moving,Goal,20.00,0.00,10.00,16.10,0.35,10.39,20.00,0.38,10.00,NavMesh,
1888,11.84,AgentPrefab,Agent,MoveState,Moving,Goal,20.00,0.00,10.00,16.11,0.35,10.39,20.00,0.38,10.00,NavMesh,
1889,11.85,AgentPrefab,Agent,MoveState,Moving,Goal,20.00,0.00,10.00,16.12,0.35,10.38,20.00,0.38,10.00,NavMesh,
1890,11.85,AgentPrefab,Agent,MoveState,Moving,Goal,20.00,0.00,10.00,16.14,0.35,10.38,20.00,0.38,10.00,NavMesh,
1891,11.86,AgentPrefab,Agent,MoveState,Moving,Goal,20.00,0.00,10.00,16.15,0.35,10.38,20.00,0.38,10.00,NavMesh,
1892,11.86,AgentPrefab,Agent,MoveState,Moving,Goal,20.00,0.00,10.00,16.16,0.35,10.38,20.00,0.38,10.00,NavMesh,
1893,11.87,AgentPrefab,Agent,MoveState,Moving,Goal,20.00,0.00,10.00,16.17,0.35,10.38,20.00,0.38,10.00,NavMesh,
1894,11.88,AgentPrefab,Agent,MoveState,Moving,Goal,20.00,0.00,10.00,16.19,0.35,10.38,20.00,0.38,10.00,NavMesh,
1895,11.88,AgentPrefab,Agent,MoveState,Moving,Goal,20.00,0.00,10.00,16.20,0.35,10.38,20.00,0.38,10.00,NavMesh,
1896,11.89,AgentPrefab,Agent,MoveState,Moving,Goal,20.00,0.00,10.00,16.21,0.35,10.38,20.00,0.38,10.00,NavMesh,
1897,11.90,AgentPrefab,Agent,MoveState,Moving,Goal,20.00,0.00,10.00,16.22,0.35,10.37,20.00,0.38,10.00,NavMesh,
1898,11.90,AgentPrefab,Agent,MoveState,Moving,Goal,20.00,0.00,10.00,16.24,0.35,10.37,20.00,0.38,10.00,NavMesh,
1899,11.91,AgentPrefab,Agent,MoveState,Moving,Goal,20.00,0.00,10.00,16.25,0.35,10.37,20.00,0.38,10.00,NavMesh,
1900,11.91,AgentPrefab,Agent,MoveState,Moving,Goal,20.00,0.00,10.00,16.26,0.35,10.37,20.00,0.38,10.00,NavMesh,
1901,11.92,AgentPrefab,Agent,MoveState,Moving,Goal,20.00,0.00,10.00,16.27,0.35,10.37,20.00,0.38,10.00,NavMesh,
1902,11.93,AgentPrefab,Agent,MoveState,Moving,Goal,20.00,0.00,10.00,16.29,0.35,10.37,20.00,0.38,10.00,NavMesh,
1903,11.93,AgentPrefab,Agent,MoveState,Moving,Goal,20.00,0.00,10.00,16.30,0.35,10.37,20.00,0.38,10.00,NavMesh,
1904,11.94,AgentPrefab,Agent,MoveState,Moving,Goal,20.00,0.00,10.00,16.31,0.35,10.37,20.00,0.38,10.00,NavMesh,
1905,11.95,AgentPrefab,Agent,MoveState,Moving,Goal,20.00,0.00,10.00,16.32,0.35,10.36,20.00,0.38,10.00,NavMesh,
1906,11.95,AgentPrefab,Agent,MoveState,Moving,Goal,20.00,0.00,10.00,16.34,0.35,10.36,20.00,0.38,10.00,NavMesh,
1907,11.96,AgentPrefab,Agent,MoveState,Moving,Goal,20.00,0.00,10.00,16.35,0.35,10.36,20.00,0.38,10.00,NavMesh,
1908,11.97,AgentPrefab,Agent,MoveState,Moving,Goal,20.00,0.00,10.00,16.36,0.35,10.36,20.00,0.38,10.00,NavMesh,
1909,11.97,AgentPrefab,Agent,MoveState,Moving,Goal,20.00,0.00,10.00,16.37,0.35,10.36,20.00,0.38,10.00,NavMesh,
1910,11.98,AgentPrefab,Agent,MoveState,Moving,Goal,20.00,0.00,10.00,16.39,0.35,10.36,20.00,0.38,10.00,NavMesh,
1911,11.98,AgentPrefab,Agent,MoveState,Moving,Goal,20.00,0.00,10.00,16.40,0.35,10.36,20.00,0.38,10.00,NavMesh,
1912,12.01,AgentPrefab,Agent,MoveState,Moving,Goal,20.00,0.00,10.00,16.41,0.35,10.36,20.00,0.38,10.00,NavMesh,
1913,12.01,AgentPrefab,Agent,MoveState,Moving,Goal,20.00,0.00,10.00,16.45,0.35,10.35,20.00,0.38,10.00,NavMesh,
1914,12.02,AgentPrefab,Agent,MoveState,Moving,Goal,20.00,0.00,10.00,16.46,0.35,10.35,20.00,0.38,10.00,NavMesh,
1915,12.02,AgentPrefab,Agent,MoveState,Moving,Goal,20.00,0.00,10.00,16.48,0.35,10.35,20.00,0.38,10.00,NavMesh,
1916,12.03,AgentPrefab,Agent,MoveState,Moving,Goal,20.00,0.00,10.00,16.49,0.35,10.35,20.00,0.38,10.00,NavMesh,
1917,12.04,AgentPrefab,Agent,MoveState,Moving,Goal,20.00,0.00,10.00,16.50,0.35,10.35,20.00,0.38,10.00,NavMesh,
1918,12.04,AgentPrefab,Agent,MoveState,Moving,Goal,20.00,0.00,10.00,16.52,0.35,10.35,20.00,0.38,10.00,NavMesh,
1919,12.05,AgentPrefab,Agent,MoveState,Moving,Goal,20.00,0.00,10.00,16.53,0.35,10.34,20.00,0.38,10.00,NavMesh,
1920,12.06,AgentPrefab,Agent,MoveState,Moving,Goal,20.00,0.00,10.00,16.54,0.35,10.34,20.00,0.38,10.00,NavMesh,
1921,12.06,AgentPrefab,Agent,MoveState,Moving,Goal,20.00,0.00,10.00,16.55,0.35,10.34,20.00,0.38,10.00,NavMesh,
1922,12.07,AgentPrefab,Agent,MoveState,Moving,Goal,20.00,0.00,10.00,16.57,0.35,10.34,20.00,0.38,10.00,NavMesh,
1923,12.08,AgentPrefab,Agent,MoveState,Moving,Goal,20.00,0.00,10.00,16.58,0.35,10.34,20.00,0.38,10.00,NavMesh,
1924,12.08,AgentPrefab,Agent,MoveState,Moving,Goal,20.00,0.00,10.00,16.59,0.35,10.34,20.00,0.38,10.00,NavMesh,
1925,12.09,AgentPrefab,Agent,MoveState,Moving,Goal,20.00,0.00,10.00,16.61,0.35,10.34,20.00,0.38,10.00,NavMesh,
1926,12.09,AgentPrefab,Agent,MoveState,Moving,Goal,20.00,0.00,10.00,16.62,0.35,10.34,20.00,0.38,10.00,NavMesh,
1927,12.10,AgentPrefab,Agent,MoveState,Moving,Goal,20.00,0.00,10.00,16.63,0.35,10.33,20.00,0.38,10.00,NavMesh,
1928,12.11,AgentPrefab,Agent,MoveState,Moving,Goal,20.00,0.00,10.00,16.64,0.35,10.33,20.00,0.38,10.00,NavMesh,
1929,12.11,AgentPrefab,Agent,MoveState,Moving,Goal,20.00,0.00,10.00,16.66,0.35,10.33,20.00,0.38,10.00,NavMesh,
1930,12.12,AgentPrefab,Agent,MoveState,Moving,Goal,20.00,0.00,10.00,16.67,0.35,10.33,20.00,0.38,10.00,NavMesh,
1931,12.13,AgentPrefab,Agent,MoveState,Moving,Goal,20.00,0.00,10.00,16.68,0.35,10.33,20.00,0.38,10.00,NavMesh,
1932,12.13,AgentPrefab,Agent,MoveState,Moving,Goal,20.00,0.00,10.00,16.69,0.35,10.33,20.00,0.38,10.00,NavMesh,
1933,12.14,AgentPrefab,Agent,MoveState,Moving,Goal,20.00,0.00,10.00,16.71,0.35,10.33,20.00,0.38,10.00,NavMesh,
1934,12.14,AgentPrefab,Agent,MoveState,Moving,Goal,20.00,0.00,10.00,16.72,0.35,10.33,20.00,0.38,10.00,NavMesh,
1935,12.15,AgentPrefab,Agent,MoveState,Moving,Goal,20.00,0.00,10.00,16.73,0.35,10.32,20.00,0.38,10.00,NavMesh,
1936,12.16,AgentPrefab,Agent,MoveState,Moving,Goal,20.00,0.00,10.00,16.74,0.35,10.32,20.00,0.38,10.00,NavMesh,
1937,12.16,AgentPrefab,Agent,MoveState,Moving,Goal,20.00,0.00,10.00,16.76,0.35,10.32,20.00,0.38,10.00,NavMesh,
1938,12.17,AgentPrefab,Agent,MoveState,Moving,Goal,20.00,0.00,10.00,16.77,0.35,10.32,20.00,0.38,10.00,NavMesh,
1939,12.18,AgentPrefab,Agent,MoveState,Moving,Goal,20.00,0.00,10.00,16.78,0.35,10.32,20.00,0.38,10.00,NavMesh,
1940,12.18,AgentPrefab,Agent,MoveState,Moving,Goal,20.00,0.00,10.00,16.79,0.35,10.32,20.00,0.38,10.00,NavMesh,
1941,12.19,AgentPrefab,Agent,MoveState,Moving,Goal,20.00,0.00,10.00,16.81,0.35,10.32,20.00,0.38,10.00,NavMesh,
1942,12.20,AgentPrefab,Agent,MoveState,Moving,Goal,20.00,0.00,10.00,16.82,0.35,10.32,20.00,0.38,10.00,NavMesh,
1943,12.20,AgentPrefab,Agent,MoveState,Moving,Goal,20.00,0.00,10.00,16.83,0.35,10.31,20.00,0.38,10.00,NavMesh,
1944,12.21,AgentPrefab,Agent,MoveState,Moving,Goal,20.00,0.00,10.00,16.85,0.35,10.31,20.00,0.38,10.00,NavMesh,
1945,12.22,AgentPrefab,Agent,MoveState,Moving,Goal,20.00,0.00,10.00,16.86,0.35,10.31,20.00,0.38,10.00,NavMesh,
1946,12.22,AgentPrefab,Agent,MoveState,Moving,Goal,20.00,0.00,10.00,16.87,0.35,10.31,20.00,0.38,10.00,NavMesh,
1947,12.23,AgentPrefab,Agent,MoveState,Moving,Goal,20.00,0.00,10.00,16.88,0.35,10.31,20.00,0.38,10.00,NavMesh,
1948,12.23,AgentPrefab,Agent,MoveState,Moving,Goal,20.00,0.00,10.00,16.90,0.35,10.31,20.00,0.38,10.00,NavMesh,
1949,12.24,AgentPrefab,Agent,MoveState,Moving,Goal,20.00,0.00,10.00,16.91,0.35,10.31,20.00,0.38,10.00,NavMesh,
1950,12.25,AgentPrefab,Agent,MoveState,Moving,Goal,20.00,0.00,10.00,16.92,0.35,10.31,20.00,0.38,10.00,NavMesh,
1951,12.25,AgentPrefab,Agent,MoveState,Moving,Goal,20.00,0.00,10.00,16.93,0.35,10.30,20.00,0.38,10.00,NavMesh,
1952,12.26,AgentPrefab,Agent,MoveState,Moving,Goal,20.00,0.00,10.00,16.95,0.35,10.30,20.00,0.38,10.00,NavMesh,
1953,12.27,AgentPrefab,Agent,MoveState,Moving,Goal,20.00,0.00,10.00,16.96,0.35,10.30,20.00,0.38,10.00,NavMesh,
1954,12.27,AgentPrefab,Agent,MoveState,Moving,Goal,20.00,0.00,10.00,16.97,0.35,10.30,20.00,0.38,10.00,NavMesh,
1955,12.28,AgentPrefab,Agent,MoveState,Moving,Goal,20.00,0.00,10.00,16.98,0.35,10.30,20.00,0.38,10.00,NavMesh,
1956,12.29,AgentPrefab,Agent,MoveState,Moving,Goal,20.00,0.00,10.00,17.00,0.35,10.30,20.00,0.38,10.00,NavMesh,
1957,12.29,AgentPrefab,Agent,MoveState,Moving,Goal,20.00,0.00,10.00,17.01,0.35,10.30,20.00,0.38,10.00,NavMesh,
1958,12.30,AgentPrefab,Agent,MoveState,Moving,Goal,20.00,0.00,10.00,17.02,0.35,10.30,20.00,0.38,10.00,NavMesh,
1959,12.30,AgentPrefab,Agent,MoveState,Moving,Goal,20.00,0.00,10.00,17.04,0.35,10.29,20.00,0.38,10.00,NavMesh,
1960,12.31,AgentPrefab,Agent,MoveState,Moving,Goal,20.00,0.00,10.00,17.05,0.35,10.29,20.00,0.38,10.00,NavMesh,
1961,12.32,AgentPrefab,Agent,MoveState,Moving,Goal,20.00,0.00,10.00,17.06,0.35,10.29,20.00,0.38,10.00,NavMesh,
1962,12.32,AgentPrefab,Agent,MoveState,Moving,Goal,20.00,0.00,10.00,17.07,0.35,10.29,20.00,0.38,10.00,NavMesh,
1963,12.33,AgentPrefab,Agent,MoveState,Moving,Goal,20.00,0.00,10.00,17.09,0.36,10.29,20.00,0.38,10.00,NavMesh,
1964,12.34,AgentPrefab,Agent,MoveState,Moving,Goal,20.00,0.00,10.00,17.10,0.36,10.29,20.00,0.38,10.00,NavMesh,
1965,12.34,AgentPrefab,Agent,MoveState,Moving,Goal,20.00,0.00,10.00,17.11,0.36,10.29,20.00,0.38,10.00,NavMesh,
1966,12.35,AgentPrefab,Agent,MoveState,Moving,Goal,20.00,0.00,10.00,17.12,0.36,10.29,20.00,0.38,10.00,NavMesh,
1967,12.35,AgentPrefab,Agent,MoveState,Moving,Goal,20.00,0.00,10.00,17.14,0.36,10.28,20.00,0.38,10.00,NavMesh,
1968,12.36,AgentPrefab,Agent,MoveState,Moving,Goal,20.00,0.00,10.00,17.15,0.36,10.28,20.00,0.38,10.00,NavMesh,
1969,12.37,AgentPrefab,Agent,MoveState,Moving,Goal,20.00,0.00,10.00,17.16,0.36,10.28,20.00,0.38,10.00,NavMesh,
1970,12.38,AgentPrefab,Agent,MoveState,Moving,Goal,20.00,0.00,10.00,17.18,0.36,10.28,20.00,0.38,10.00,NavMesh,
1971,12.38,AgentPrefab,Agent,MoveState,Moving,Goal,20.00,0.00,10.00,17.19,0.36,10.28,20.00,0.38,10.00,NavMesh,
1972,12.39,AgentPrefab,Agent,MoveState,Moving,Goal,20.00,0.00,10.00,17.20,0.36,10.28,20.00,0.38,10.00,NavMesh,
1973,12.40,AgentPrefab,Agent,MoveState,Moving,Goal,20.00,0.00,10.00,17.22,0.36,10.28,20.00,0.38,10.00,NavMesh,
1974,12.40,AgentPrefab,Agent,MoveState,Moving,Goal,20.00,0.00,10.00,17.23,0.36,10.27,20.00,0.38,10.00,NavMesh,
1975,12.41,AgentPrefab,Agent,MoveState,Moving,Goal,20.00,0.00,10.00,17.24,0.36,10.27,20.00,0.38,10.00,NavMesh,
1976,12.41,AgentPrefab,Agent,MoveState,Moving,Goal,20.00,0.00,10.00,17.25,0.36,10.27,20.00,0.38,10.00,NavMesh,
1977,12.42,AgentPrefab,Agent,MoveState,Moving,Goal,20.00,0.00,10.00,17.27,0.36,10.27,20.00,0.38,10.00,NavMesh,
1978,12.43,AgentPrefab,Agent,MoveState,Moving,Goal,20.00,0.00,10.00,17.28,0.36,10.27,20.00,0.38,10.00,NavMesh,
1979,12.43,AgentPrefab,Agent,MoveState,Moving,Goal,20.00,0.00,10.00,17.29,0.36,10.27,20.00,0.38,10.00,NavMesh,
1980,12.44,AgentPrefab,Agent,MoveState,Moving,Goal,20.00,0.00,10.00,17.31,0.36,10.27,20.00,0.38,10.00,NavMesh,
1981,12.45,AgentPrefab,Agent,MoveState,Moving,Goal,20.00,0.00,10.00,17.32,0.36,10.27,20.00,0.38,10.00,NavMesh,
1982,12.45,AgentPrefab,Agent,MoveState,Moving,Goal,20.00,0.00,10.00,17.33,0.36,10.26,20.00,0.38,10.00,NavMesh,
1983,12.46,AgentPrefab,Agent,MoveState,Moving,Goal,20.00,0.00,10.00,17.34,0.36,10.26,20.00,0.38,10.00,NavMesh,
1984,12.47,AgentPrefab,Agent,MoveState,Moving,Goal,20.00,0.00,10.00,17.36,0.36,10.26,20.00,0.38,10.00,NavMesh,
1985,12.47,AgentPrefab,Agent,MoveState,Moving,Goal,20.00,0.00,10.00,17.37,0.36,10.26,20.00,0.38,10.00,NavMesh,
1986,12.48,AgentPrefab,Agent,MoveState,Moving,Goal,20.00,0.00,10.00,17.38,0.36,10.26,20.00,0.38,10.00,NavMesh,
1987,12.49,AgentPrefab,Agent,MoveState,Moving,Goal,20.00,0.00,10.00,17.40,0.36,10.26,20.00,0.38,10.00,NavMesh,
1988,12.49,AgentPrefab,Agent,MoveState,Moving,Goal,20.00,0.00,10.00,17.41,0.36,10.26,20.00,0.38,10.00,NavMesh,
1989,12.50,AgentPrefab,Agent,MoveState,Moving,Goal,20.00,0.00,10.00,17.42,0.36,10.26,20.00,0.38,10.00,NavMesh,
1990,12.50,AgentPrefab,Agent,MoveState,Moving,Goal,20.00,0.00,10.00,17.43,0.36,10.25,20.00,0.38,10.00,NavMesh,
1991,12.51,AgentPrefab,Agent,MoveState,Moving,Goal,20.00,0.00,10.00,17.45,0.36,10.25,20.00,0.38,10.00,NavMesh,
1992,12.52,AgentPrefab,Agent,MoveState,Moving,Goal,20.00,0.00,10.00,17.46,0.36,10.25,20.00,0.38,10.00,NavMesh,
1993,12.52,AgentPrefab,Agent,MoveState,Moving,Goal,20.00,0.00,10.00,17.47,0.36,10.25,20.00,0.38,10.00,NavMesh,
1994,12.53,AgentPrefab,Agent,MoveState,Moving,Goal,20.00,0.00,10.00,17.48,0.36,10.25,20.00,0.38,10.00,NavMesh,
1995,12.54,AgentPrefab,Agent,MoveState,Moving,Goal,20.00,0.00,10.00,17.50,0.36,10.25,20.00,0.38,10.00,NavMesh,
1996,12.54,AgentPrefab,Agent,MoveState,Moving,Goal,20.00,0.00,10.00,17.51,0.36,10.25,20.00,0.38,10.00,NavMesh,
1997,12.55,AgentPrefab,Agent,MoveState,Moving,Goal,20.00,0.00,10.00,17.52,0.36,10.25,20.00,0.38,10.00,NavMesh,
1998,12.56,AgentPrefab,Agent,MoveState,Moving,Goal,20.00,0.00,10.00,17.54,0.36,10.24,20.00,0.38,10.00,NavMesh,
1999,12.56,AgentPrefab,Agent,MoveState,Moving,Goal,20.00,0.00,10.00,17.55,0.36,10.24,20.00,0.38,10.00,NavMesh,
2000,12.57,AgentPrefab,Agent,MoveState,Moving,Goal,20.00,0.00,10.00,17.56,0.36,10.24,20.00,0.38,10.00,NavMesh,
2001,12.57,AgentPrefab,Agent,MoveState,Moving,Goal,20.00,0.00,10.00,17.57,0.36,10.24,20.00,0.38,10.00,NavMesh,
2002,12.58,AgentPrefab,Agent,MoveState,Moving,Goal,20.00,0.00,10.00,17.59,0.36,10.24,20.00,0.38,10.00,NavMesh,
2003,12.59,AgentPrefab,Agent,MoveState,Moving,Goal,20.00,0.00,10.00,17.60,0.36,10.24,20.00,0.38,10.00,NavMesh,
2004,12.59,AgentPrefab,Agent,MoveState,Moving,Goal,20.00,0.00,10.00,17.61,0.36,10.24,20.00,0.38,10.00,NavMesh,
2005,12.60,AgentPrefab,Agent,MoveState,Moving,Goal,20.00,0.00,10.00,17.63,0.36,10.24,20.00,0.38,10.00,NavMesh,
2006,12.61,AgentPrefab,Agent,MoveState,Moving,Goal,20.00,0.00,10.00,17.64,0.36,10.23,20.00,0.38,10.00,NavMesh,
2007,12.61,AgentPrefab,Agent,MoveState,Moving,Goal,20.00,0.00,10.00,17.65,0.36,10.23,20.00,0.38,10.00,NavMesh,
2008,12.62,AgentPrefab,Agent,MoveState,Moving,Goal,20.00,0.00,10.00,17.67,0.36,10.23,20.00,0.38,10.00,NavMesh,
2009,12.63,AgentPrefab,Agent,MoveState,Moving,Goal,20.00,0.00,10.00,17.68,0.36,10.23,20.00,0.38,10.00,NavMesh,
2010,12.64,AgentPrefab,Agent,MoveState,Moving,Goal,20.00,0.00,10.00,17.69,0.36,10.23,20.00,0.38,10.00,NavMesh,
2011,12.64,AgentPrefab,Agent,MoveState,Moving,Goal,20.00,0.00,10.00,17.71,0.36,10.23,20.00,0.38,10.00,NavMesh,
2012,12.65,AgentPrefab,Agent,MoveState,Moving,Goal,20.00,0.00,10.00,17.72,0.36,10.23,20.00,0.38,10.00,NavMesh,
2013,12.66,AgentPrefab,Agent,MoveState,Moving,Goal,20.00,0.00,10.00,17.73,0.36,10.22,20.00,0.38,10.00,NavMesh,
2014,12.66,AgentPrefab,Agent,MoveState,Moving,Goal,20.00,0.00,10.00,17.75,0.36,10.22,20.00,0.38,10.00,NavMesh,
2015,12.67,AgentPrefab,Agent,MoveState,Moving,Goal,20.00,0.00,10.00,17.76,0.36,10.22,20.00,0.38,10.00,NavMesh,
2016,12.67,AgentPrefab,Agent,MoveState,Moving,Goal,20.00,0.00,10.00,17.77,0.36,10.22,20.00,0.38,10.00,NavMesh,
2017,12.68,AgentPrefab,Agent,MoveState,Moving,Goal,20.00,0.00,10.00,17.78,0.36,10.22,20.00,0.38,10.00,NavMesh,
2018,12.69,AgentPrefab,Agent,MoveState,Moving,Goal,20.00,0.00,10.00,17.80,0.36,10.22,20.00,0.38,10.00,NavMesh,
2019,12.69,AgentPrefab,Agent,MoveState,Moving,Goal,20.00,0.00,10.00,17.81,0.36,10.22,20.00,0.38,10.00,NavMesh,
2020,12.70,AgentPrefab,Agent,MoveState,Moving,Goal,20.00,0.00,10.00,17.82,0.36,10.22,20.00,0.38,10.00,NavMesh,
2021,12.71,AgentPrefab,Agent,MoveState,Moving,Goal,20.00,0.00,10.00,17.84,0.36,10.21,20.00,0.38,10.00,NavMesh,
2022,12.71,AgentPrefab,Agent,MoveState,Moving,Goal,20.00,0.00,10.00,17.85,0.36,10.21,20.00,0.38,10.00,NavMesh,
2023,12.72,AgentPrefab,Agent,MoveState,Moving,Goal,20.00,0.00,10.00,17.86,0.36,10.21,20.00,0.38,10.00,NavMesh,
2024,12.73,AgentPrefab,Agent,MoveState,Moving,Goal,20.00,0.00,10.00,17.87,0.36,10.21,20.00,0.38,10.00,NavMesh,
2025,12.73,AgentPrefab,Agent,MoveState,Moving,Goal,20.00,0.00,10.00,17.89,0.36,10.21,20.00,0.38,10.00,NavMesh,
2026,12.74,AgentPrefab,Agent,MoveState,Moving,Goal,20.00,0.00,10.00,17.90,0.36,10.21,20.00,0.38,10.00,NavMesh,
2027,12.75,AgentPrefab,Agent,MoveState,Moving,Goal,20.00,0.00,10.00,17.91,0.36,10.21,20.00,0.38,10.00,NavMesh,
2028,12.75,AgentPrefab,Agent,MoveState,Moving,Goal,20.00,0.00,10.00,17.93,0.36,10.21,20.00,0.38,10.00,NavMesh,
2029,12.76,AgentPrefab,Agent,MoveState,Moving,Goal,20.00,0.00,10.00,17.94,0.36,10.20,20.00,0.38,10.00,NavMesh,
2030,12.77,AgentPrefab,Agent,MoveState,Moving,Goal,20.00,0.00,10.00,17.95,0.36,10.20,20.00,0.38,10.00,NavMesh,
2031,12.77,AgentPrefab,Agent,MoveState,Moving,Goal,20.00,0.00,10.00,17.97,0.36,10.20,20.00,0.38,10.00,NavMesh,
2032,12.78,AgentPrefab,Agent,MoveState,Moving,Goal,20.00,0.00,10.00,17.98,0.36,10.20,20.00,0.38,10.00,NavMesh,
2033,12.79,AgentPrefab,Agent,MoveState,Moving,Goal,20.00,0.00,10.00,17.99,0.36,10.20,20.00,0.38,10.00,NavMesh,
2034,12.79,AgentPrefab,Agent,MoveState,Moving,Goal,20.00,0.00,10.00,18.01,0.36,10.20,20.00,0.38,10.00,NavMesh,
2035,12.80,AgentPrefab,Agent,MoveState,Moving,Goal,20.00,0.00,10.00,18.02,0.36,10.20,20.00,0.38,10.00,NavMesh,
2036,12.80,AgentPrefab,Agent,MoveState,Moving,Goal,20.00,0.00,10.00,18.03,0.36,10.20,20.00,0.38,10.00,NavMesh,
2037,12.81,AgentPrefab,Agent,MoveState,Moving,Goal,20.00,0.00,10.00,18.04,0.36,10.19,20.00,0.38,10.00,NavMesh,
2038,12.82,AgentPrefab,Agent,MoveState,Moving,Goal,20.00,0.00,10.00,18.06,0.36,10.19,20.00,0.38,10.00,NavMesh,
2039,12.82,AgentPrefab,Agent,MoveState,Moving,Goal,20.00,0.00,10.00,18.07,0.36,10.19,20.00,0.38,10.00,NavMesh,
2040,12.83,AgentPrefab,Agent,MoveState,Moving,Goal,20.00,0.00,10.00,18.08,0.36,10.19,20.00,0.38,10.00,NavMesh,
2041,12.84,AgentPrefab,Agent,MoveState,Moving,Goal,20.00,0.00,10.00,18.10,0.36,10.19,20.00,0.38,10.00,NavMesh,
2042,12.85,AgentPrefab,Agent,MoveState,Moving,Goal,20.00,0.00,10.00,18.11,0.36,10.19,20.00,0.38,10.00,NavMesh,
2043,12.86,AgentPrefab,Agent,MoveState,Moving,Goal,20.00,0.00,10.00,18.13,0.36,10.18,20.00,0.38,10.00,NavMesh,
2044,12.87,AgentPrefab,Agent,MoveState,Moving,Goal,20.00,0.00,10.00,18.16,0.36,10.18,20.00,0.38,10.00,NavMesh,
2045,12.88,AgentPrefab,Agent,MoveState,Moving,Goal,20.00,0.00,10.00,18.17,0.36,10.18,20.00,0.38,10.00,NavMesh,
2046,12.88,AgentPrefab,Agent,MoveState,Moving,Goal,20.00,0.00,10.00,18.19,0.37,10.18,20.00,0.38,10.00,NavMesh,
2047,12.89,AgentPrefab,Agent,MoveState,Moving,Goal,20.00,0.00,10.00,18.20,0.37,10.18,20.00,0.38,10.00,NavMesh,
2048,12.90,AgentPrefab,Agent,MoveState,Moving,Goal,20.00,0.00,10.00,18.21,0.37,10.18,20.00,0.38,10.00,NavMesh,
2049,12.90,AgentPrefab,Agent,MoveState,Moving,Goal,20.00,0.00,10.00,18.22,0.37,10.18,20.00,0.38,10.00,NavMesh,
2050,12.91,AgentPrefab,Agent,MoveState,Moving,Goal,20.00,0.00,10.00,18.24,0.37,10.17,20.00,0.38,10.00,NavMesh,
2051,12.91,AgentPrefab,Agent,MoveState,Moving,Goal,20.00,0.00,10.00,18.25,0.37,10.17,20.00,0.38,10.00,NavMesh,
2052,12.92,AgentPrefab,Agent,MoveState,Moving,Goal,20.00,0.00,10.00,18.26,0.37,10.17,20.00,0.38,10.00,NavMesh,
2053,12.93,AgentPrefab,Agent,MoveState,Moving,Goal,20.00,0.00,10.00,18.28,0.37,10.17,20.00,0.38,10.00,NavMesh,
2054,12.93,AgentPrefab,Agent,MoveState,Moving,Goal,20.00,0.00,10.00,18.29,0.37,10.17,20.00,0.38,10.00,NavMesh,
2055,12.94,AgentPrefab,Agent,MoveState,Moving,Goal,20.00,0.00,10.00,18.30,0.37,10.17,20.00,0.38,10.00,NavMesh,
2056,12.95,AgentPrefab,Agent,MoveState,Moving,Goal,20.00,0.00,10.00,18.32,0.37,10.17,20.00,0.38,10.00,NavMesh,
2057,12.95,AgentPrefab,Agent,MoveState,Moving,Goal,20.00,0.00,10.00,18.33,0.37,10.17,20.00,0.38,10.00,NavMesh,
2058,12.96,AgentPrefab,Agent,MoveState,Moving,Goal,20.00,0.00,10.00,18.34,0.37,10.16,20.00,0.38,10.00,NavMesh,
2059,12.97,AgentPrefab,Agent,MoveState,Moving,Goal,20.00,0.00,10.00,18.35,0.37,10.16,20.00,0.38,10.00,NavMesh,
2060,12.97,AgentPrefab,Agent,MoveState,Moving,Goal,20.00,0.00,10.00,18.37,0.37,10.16,20.00,0.38,10.00,NavMesh,
2061,12.98,AgentPrefab,Agent,MoveState,Moving,Goal,20.00,0.00,10.00,18.38,0.37,10.16,20.00,0.38,10.00,NavMesh,
2062,12.99,AgentPrefab,Agent,MoveState,Moving,Goal,20.00,0.00,10.00,18.39,0.37,10.16,20.00,0.38,10.00,NavMesh,
2063,12.99,AgentPrefab,Agent,MoveState,Moving,Goal,20.00,0.00,10.00,18.41,0.37,10.16,20.00,0.38,10.00,NavMesh,
2064,13.00,AgentPrefab,Agent,MoveState,Moving,Goal,20.00,0.00,10.00,18.42,0.37,10.16,20.00,0.38,10.00,NavMesh,
2065,13.01,AgentPrefab,Agent,MoveState,Moving,Goal,20.00,0.00,10.00,18.43,0.37,10.16,20.00,0.38,10.00,NavMesh,
2066,13.01,AgentPrefab,Agent,MoveState,Moving,Goal,20.00,0.00,10.00,18.45,0.37,10.15,20.00,0.38,10.00,NavMesh,
2067,13.02,AgentPrefab,Agent,MoveState,Moving,Goal,20.00,0.00,10.00,18.46,0.37,10.15,20.00,0.38,10.00,NavMesh,
2068,13.03,AgentPrefab,Agent,MoveState,Moving,Goal,20.00,0.00,10.00,18.47,0.37,10.15,20.00,0.38,10.00,NavMesh,
2069,13.03,AgentPrefab,Agent,MoveState,Moving,Goal,20.00,0.00,10.00,18.49,0.37,10.15,20.00,0.38,10.00,NavMesh,
2070,13.04,AgentPrefab,Agent,MoveState,Moving,Goal,20.00,0.00,10.00,18.50,0.37,10.15,20.00,0.38,10.00,NavMesh,
2071,13.05,AgentPrefab,Agent,MoveState,Moving,Goal,20.00,0.00,10.00,18.51,0.37,10.15,20.00,0.38,10.00,NavMesh,
2072,13.05,AgentPrefab,Agent,MoveState,Moving,Goal,20.00,0.00,10.00,18.53,0.37,10.15,20.00,0.38,10.00,NavMesh,
2073,13.06,AgentPrefab,Agent,MoveState,Moving,Goal,20.00,0.00,10.00,18.54,0.37,10.14,20.00,0.38,10.00,NavMesh,
2074,13.07,AgentPrefab,Agent,MoveState,Moving,Goal,20.00,0.00,10.00,18.55,0.37,10.14,20.00,0.38,10.00,NavMesh,
2075,13.07,AgentPrefab,Agent,MoveState,Moving,Goal,20.00,0.00,10.00,18.56,0.37,10.14,20.00,0.38,10.00,NavMesh,
2076,13.08,AgentPrefab,Agent,MoveState,Moving,Goal,20.00,0.00,10.00,18.58,0.37,10.14,20.00,0.38,10.00,NavMesh,
2077,13.09,AgentPrefab,Agent,MoveState,Moving,Goal,20.00,0.00,10.00,18.59,0.37,10.14,20.00,0.38,10.00,NavMesh,
2078,13.09,AgentPrefab,Agent,MoveState,Moving,Goal,20.00,0.00,10.00,18.60,0.37,10.14,20.00,0.38,10.00,NavMesh,
2079,13.10,AgentPrefab,Agent,MoveState,Moving,Goal,20.00,0.00,10.00,18.62,0.37,10.14,20.00,0.38,10.00,NavMesh,
2080,13.10,AgentPrefab,Agent,MoveState,Moving,Goal,20.00,0.00,10.00,18.63,0.37,10.14,20.00,0.38,10.00,NavMesh,
2081,13.11,AgentPrefab,Agent,MoveState,Moving,Goal,20.00,0.00,10.00,18.64,0.37,10.13,20.00,0.38,10.00,NavMesh,
2082,13.12,AgentPrefab,Agent,MoveState,Moving,Goal,20.00,0.00,10.00,18.65,0.37,10.13,20.00,0.38,10.00,NavMesh,
2083,13.12,AgentPrefab,Agent,MoveState,Moving,Goal,20.00,0.00,10.00,18.67,0.37,10.13,20.00,0.38,10.00,NavMesh,
2084,13.13,AgentPrefab,Agent,MoveState,Moving,Goal,20.00,0.00,10.00,18.68,0.37,10.13,20.00,0.38,10.00,NavMesh,
2085,13.14,AgentPrefab,Agent,MoveState,Moving,Goal,20.00,0.00,10.00,18.69,0.37,10.13,20.00,0.38,10.00,NavMesh,
2086,13.14,AgentPrefab,Agent,MoveState,Moving,Goal,20.00,0.00,10.00,18.71,0.37,10.13,20.00,0.38,10.00,NavMesh,
2087,13.15,AgentPrefab,Agent,MoveState,Moving,Goal,20.00,0.00,10.00,18.72,0.37,10.13,20.00,0.38,10.00,NavMesh,
2088,13.16,AgentPrefab,Agent,MoveState,Moving,Goal,20.00,0.00,10.00,18.73,0.37,10.13,20.00,0.38,10.00,NavMesh,
2089,13.16,AgentPrefab,Agent,MoveState,Moving,Goal,20.00,0.00,10.00,18.75,0.37,10.12,20.00,0.38,10.00,NavMesh,
2090,13.17,AgentPrefab,Agent,MoveState,Moving,Goal,20.00,0.00,10.00,18.76,0.37,10.12,20.00,0.38,10.00,NavMesh,
2091,13.18,AgentPrefab,Agent,MoveState,Moving,Goal,20.00,0.00,10.00,18.77,0.37,10.12,20.00,0.38,10.00,NavMesh,
2092,13.18,AgentPrefab,Agent,MoveState,Moving,Goal,20.00,0.00,10.00,18.79,0.37,10.12,20.00,0.38,10.00,NavMesh,
2093,13.19,AgentPrefab,Agent,MoveState,Moving,Goal,20.00,0.00,10.00,18.80,0.37,10.12,20.00,0.38,10.00,NavMesh,
2094,13.20,AgentPrefab,Agent,MoveState,Moving,Goal,20.00,0.00,10.00,18.81,0.37,10.12,20.00,0.38,10.00,NavMesh,
2095,13.20,AgentPrefab,Agent,MoveState,Moving,Goal,20.00,0.00,10.00,18.82,0.37,10.12,20.00,0.38,10.00,NavMesh,
2096,13.21,AgentPrefab,Agent,MoveState,Moving,Goal,20.00,0.00,10.00,18.84,0.37,10.12,20.00,0.38,10.00,NavMesh,
2097,13.22,AgentPrefab,Agent,MoveState,Moving,Goal,20.00,0.00,10.00,18.85,0.37,10.11,20.00,0.38,10.00,NavMesh,
2098,13.22,AgentPrefab,Agent,MoveState,Moving,Goal,20.00,0.00,10.00,18.87,0.37,10.11,20.00,0.38,10.00,NavMesh,
2099,13.23,AgentPrefab,Agent,MoveState,Moving,Goal,20.00,0.00,10.00,18.88,0.37,10.11,20.00,0.38,10.00,NavMesh,
2100,13.24,AgentPrefab,Agent,MoveState,Moving,Goal,20.00,0.00,10.00,18.89,0.37,10.11,20.00,0.38,10.00,NavMesh,
2101,13.24,AgentPrefab,Agent,MoveState,Moving,Goal,20.00,0.00,10.00,18.90,0.37,10.11,20.00,0.38,10.00,NavMesh,
2102,13.25,AgentPrefab,Agent,MoveState,Moving,Goal,20.00,0.00,10.00,18.91,0.37,10.11,20.00,0.38,10.00,NavMesh,
2103,13.26,AgentPrefab,Agent,MoveState,Moving,Goal,20.00,0.00,10.00,18.93,0.37,10.11,20.00,0.38,10.00,NavMesh,
2104,13.26,AgentPrefab,Agent,MoveState,Moving,Goal,20.00,0.00,10.00,18.94,0.37,10.11,20.00,0.38,10.00,NavMesh,
2105,13.27,AgentPrefab,Agent,MoveState,Moving,Goal,20.00,0.00,10.00,18.95,0.37,10.10,20.00,0.38,10.00,NavMesh,
2106,13.27,AgentPrefab,Agent,MoveState,Moving,Goal,20.00,0.00,10.00,18.97,0.37,10.10,20.00,0.38,10.00,NavMesh,
2107,13.28,AgentPrefab,Agent,MoveState,Moving,Goal,20.00,0.00,10.00,18.98,0.37,10.10,20.00,0.38,10.00,NavMesh,
2108,13.29,AgentPrefab,Agent,MoveState,Moving,Goal,20.00,0.00,10.00,18.99,0.37,10.10,20.00,0.38,10.00,NavMesh,
2109,13.29,AgentPrefab,Agent,MoveState,Moving,Goal,20.00,0.00,10.00,19.01,0.37,10.10,20.00,0.38,10.00,NavMesh,
2110,13.30,AgentPrefab,Agent,MoveState,Moving,Goal,20.00,0.00,10.00,19.02,0.37,10.10,20.00,0.38,10.00,NavMesh,
2111,13.31,AgentPrefab,Agent,MoveState,Moving,Goal,20.00,0.00,10.00,19.03,0.37,10.10,20.00,0.38,10.00,NavMesh,
2112,13.31,AgentPrefab,Agent,MoveState,Moving,Goal,20.00,0.00,10.00,19.04,0.37,10.09,20.00,0.38,10.00,NavMesh,
2113,13.32,AgentPrefab,Agent,MoveState,Moving,Goal,20.00,0.00,10.00,19.06,0.37,10.09,20.00,0.38,10.00,NavMesh,
2114,13.33,AgentPrefab,Agent,MoveState,Moving,Goal,20.00,0.00,10.00,19.07,0.37,10.09,20.00,0.38,10.00,NavMesh,
2115,13.33,AgentPrefab,Agent,MoveState,Moving,Goal,20.00,0.00,10.00,19.09,0.37,10.09,20.00,0.38,10.00,NavMesh,
2116,13.34,AgentPrefab,Agent,MoveState,Moving,Goal,20.00,0.00,10.00,19.10,0.37,10.09,20.00,0.38,10.00,NavMesh,
2117,13.35,AgentPrefab,Agent,MoveState,Moving,Goal,20.00,0.00,10.00,19.11,0.37,10.09,20.00,0.38,10.00,NavMesh,
2118,13.35,AgentPrefab,Agent,MoveState,Moving,Goal,20.00,0.00,10.00,19.12,0.37,10.09,20.00,0.38,10.00,NavMesh,
2119,13.36,AgentPrefab,Agent,MoveState,Moving,Goal,20.00,0.00,10.00,19.14,0.37,10.09,20.00,0.38,10.00,NavMesh,
2120,13.37,AgentPrefab,Agent,MoveState,Moving,Goal,20.00,0.00,10.00,19.15,0.37,10.08,20.00,0.38,10.00,NavMesh,
2121,13.37,AgentPrefab,Agent,MoveState,Moving,Goal,20.00,0.00,10.00,19.16,0.37,10.08,20.00,0.38,10.00,NavMesh,
2122,13.38,AgentPrefab,Agent,MoveState,Moving,Goal,20.00,0.00,10.00,19.18,0.37,10.08,20.00,0.38,10.00,NavMesh,
2123,13.39,AgentPrefab,Agent,MoveState,Moving,Goal,20.00,0.00,10.00,19.19,0.37,10.08,20.00,0.38,10.00,NavMesh,
2124,13.39,AgentPrefab,Agent,MoveState,Moving,Goal,20.00,0.00,10.00,19.20,0.37,10.08,20.00,0.38,10.00,NavMesh,
2125,13.40,AgentPrefab,Agent,MoveState,Moving,Goal,20.00,0.00,10.00,19.21,0.37,10.08,20.00,0.38,10.00,NavMesh,
2126,13.41,AgentPrefab,Agent,MoveState,Moving,Goal,20.00,0.00,10.00,19.23,0.37,10.08,20.00,0.38,10.00,NavMesh,
2127,13.41,AgentPrefab,Agent,MoveState,Moving,Goal,20.00,0.00,10.00,19.24,0.37,10.08,20.00,0.38,10.00,NavMesh,
2128,13.42,AgentPrefab,Agent,MoveState,Moving,Goal,20.00,0.00,10.00,19.25,0.37,10.07,20.00,0.38,10.00,NavMesh,
2129,13.43,AgentPrefab,Agent,MoveState,Moving,Goal,20.00,0.00,10.00,19.27,0.37,10.07,20.00,0.38,10.00,NavMesh,
2130,13.43,AgentPrefab,Agent,MoveState,Moving,Goal,20.00,0.00,10.00,19.28,0.37,10.07,20.00,0.38,10.00,NavMesh,
2131,13.44,AgentPrefab,Agent,MoveState,Moving,Goal,20.00,0.00,10.00,19.29,0.38,10.07,20.00,0.38,10.00,NavMesh,
2132,13.45,AgentPrefab,Agent,MoveState,Moving,Goal,20.00,0.00,10.00,19.31,0.38,10.07,20.00,0.38,10.00,NavMesh,
2133,13.45,AgentPrefab,Agent,MoveState,Moving,Goal,20.00,0.00,10.00,19.32,0.38,10.07,20.00,0.38,10.00,NavMesh,
2134,13.46,AgentPrefab,Agent,MoveState,Moving,Goal,20.00,0.00,10.00,19.33,0.38,10.07,20.00,0.38,10.00,NavMesh,
2135,13.46,AgentPrefab,Agent,MoveState,Moving,Goal,20.00,0.00,10.00,19.34,0.38,10.07,20.00,0.38,10.00,NavMesh,
2136,13.47,AgentPrefab,Agent,MoveState,Moving,Goal,20.00,0.00,10.00,19.36,0.38,10.06,20.00,0.38,10.00,NavMesh,
2137,13.48,AgentPrefab,Agent,MoveState,Moving,Goal,20.00,0.00,10.00,19.37,0.38,10.06,20.00,0.38,10.00,NavMesh,
2138,13.48,AgentPrefab,Agent,MoveState,Moving,Goal,20.00,0.00,10.00,19.38,0.38,10.06,20.00,0.38,10.00,NavMesh,
2139,13.49,AgentPrefab,Agent,MoveState,Moving,Goal,20.00,0.00,10.00,19.40,0.38,10.06,20.00,0.38,10.00,NavMesh,
2140,13.50,AgentPrefab,Agent,MoveState,Moving,Goal,20.00,0.00,10.00,19.41,0.38,10.06,20.00,0.38,10.00,NavMesh,
2141,13.50,AgentPrefab,Agent,MoveState,Moving,Goal,20.00,0.00,10.00,19.42,0.38,10.06,20.00,0.38,10.00,NavMesh,
2142,13.51,AgentPrefab,Agent,MoveState,Moving,Goal,20.00,0.00,10.00,19.44,0.38,10.06,20.00,0.38,10.00,NavMesh,
2143,13.52,AgentPrefab,Agent,MoveState,Moving,Goal,20.00,0.00,10.00,19.45,0.38,10.05,20.00,0.38,10.00,NavMesh,
2144,13.52,AgentPrefab,Agent,MoveState,Moving,Goal,20.00,0.00,10.00,19.46,0.38,10.05,20.00,0.38,10.00,NavMesh,
2145,13.53,AgentPrefab,Agent,MoveState,Moving,Goal,20.00,0.00,10.00,19.47,0.38,10.05,20.00,0.38,10.00,NavMesh,
2146,13.54,AgentPrefab,Agent,MoveState,Moving,Goal,20.00,0.00,10.00,19.49,0.38,10.05,20.00,0.38,10.00,NavMesh,
2147,13.54,AgentPrefab,Agent,MoveState,Moving,Goal,20.00,0.00,10.00,19.50,0.38,10.05,20.00,0.38,10.00,NavMesh,
2148,13.55,AgentPrefab,Agent,MoveState,Moving,Goal,20.00,0.00,10.00,19.51,0.38,10.05,20.00,0.38,10.00,NavMesh,
2149,13.56,AgentPrefab,Agent,MoveState,Moving,Goal,20.00,0.00,10.00,19.53,0.38,10.05,20.00,0.38,10.00,NavMesh,
2150,13.56,AgentPrefab,Agent,MoveState,Moving,Goal,20.00,0.00,10.00,19.54,0.38,10.05,20.00,0.38,10.00,NavMesh,
2151,13.57,AgentPrefab,Agent,MoveState,Moving,Goal,20.00,0.00,10.00,19.55,0.38,10.04,20.00,0.38,10.00,NavMesh,
2152,13.58,AgentPrefab,Agent,MoveState,Moving,Goal,20.00,0.00,10.00,19.57,0.38,10.04,20.00,0.38,10.00,NavMesh,
2153,13.58,AgentPrefab,Agent,MoveState,Moving,Goal,20.00,0.00,10.00,19.58,0.38,10.04,20.00,0.38,10.00,NavMesh,
2154,13.59,AgentPrefab,Agent,MoveState,Moving,Goal,20.00,0.00,10.00,19.59,0.38,10.04,20.00,0.38,10.00,NavMesh,
2155,13.60,AgentPrefab,Agent,MoveState,Moving,Goal,20.00,0.00,10.00,19.60,0.38,10.04,20.00,0.38,10.00,NavMesh,
2156,13.60,AgentPrefab,Agent,MoveState,Moving,Goal,20.00,0.00,10.00,19.62,0.38,10.04,20.00,0.38,10.00,NavMesh,
2157,13.61,AgentPrefab,Agent,MoveState,Moving,Goal,20.00,0.00,10.00,19.63,0.38,10.04,20.00,0.38,10.00,NavMesh,
2158,13.61,AgentPrefab,Agent,MoveState,Moving,Goal,20.00,0.00,10.00,19.64,0.38,10.04,20.00,0.38,10.00,NavMesh,
2159,13.62,AgentPrefab,Agent,MoveState,Moving,Goal,20.00,0.00,10.00,19.66,0.38,10.03,20.00,0.38,10.00,NavMesh,
2160,13.63,AgentPrefab,Agent,MoveState,Moving,Goal,20.00,0.00,10.00,19.67,0.38,10.03,20.00,0.38,10.00,NavMesh,
2161,13.63,AgentPrefab,Agent,MoveState,Moving,Goal,20.00,0.00,10.00,19.68,0.38,10.03,20.00,0.38,10.00,NavMesh,
2162,13.64,AgentPrefab,Agent,MoveState,Moving,Goal,20.00,0.00,10.00,19.70,0.38,10.03,20.00,0.38,10.00,NavMesh,
2163,13.65,AgentPrefab,Agent,MoveState,Moving,Goal,20.00,0.00,10.00,19.71,0.38,10.03,20.00,0.38,10.00,NavMesh,
2164,13.66,AgentPrefab,Agent,MoveState,Moving,Goal,20.00,0.00,10.00,19.72,0.38,10.03,20.00,0.38,10.00,NavMesh,
2165,13.67,AgentPrefab,Agent,MoveState,Moving,Goal,20.00,0.00,10.00,19.75,0.38,10.02,20.00,0.38,10.00,NavMesh,
2166,13.68,AgentPrefab,Agent,MoveState,Moving,Goal,20.00,0.00,10.00,19.77,0.38,10.02,20.00,0.38,10.00,NavMesh,
2167,13.69,AgentPrefab,Agent,MoveState,Moving,Goal,20.00,0.00,10.00,19.79,0.38,10.02,20.00,0.38,10.00,NavMesh,
2168,13.69,AgentPrefab,Agent,MoveState,Moving,Goal,20.00,0.00,10.00,19.80,0.38,10.02,20.00,0.38,10.00,NavMesh,
2169,13.70,AgentPrefab,Agent,MoveState,Moving,Goal,20.00,0.00,10.00,19.81,0.38,10.02,20.00,0.38,10.00,NavMesh,
2170,13.71,AgentPrefab,Agent,MoveState,Moving,Goal,20.00,0.00,10.00,19.83,0.38,10.02,20.00,0.38,10.00,NavMesh,
2171,13.71,AgentPrefab,Agent,MoveState,Moving,Goal,20.00,0.00,10.00,19.84,0.38,10.02,20.00,0.38,10.00,NavMesh,
2172,13.72,AgentPrefab,Agent,MoveState,Moving,Goal,20.00,0.00,10.00,19.85,0.38,10.01,20.00,0.38,10.00,NavMesh,
2173,13.73,AgentPrefab,Agent,MoveState,Moving,Goal,20.00,0.00,10.00,19.86,0.38,10.01,20.00,0.38,10.00,NavMesh,
2174,13.73,AgentPrefab,Agent,MoveState,Moving,Goal,20.00,0.00,10.00,19.88,0.38,10.01,20.00,0.38,10.00,NavMesh,
2175,13.74,AgentPrefab,Agent,MoveState,Moving,Goal,20.00,0.00,10.00,19.89,0.38,10.01,20.00,0.38,10.00,NavMesh,
2176,13.75,AgentPrefab,Agent,MoveState,Moving,Goal,20.00,0.00,10.00,19.90,0.38,10.01,20.00,0.38,10.00,NavMesh,
2177,13.75,AgentPrefab,Agent,MoveState,Moving,Goal,20.00,0.00,10.00,19.92,0.38,10.01,20.00,0.38,10.00,NavMesh,
2178,13.76,AgentPrefab,Agent,MoveState,Moving,Goal,20.00,0.00,10.00,19.93,0.38,10.01,20.00,0.38,10.00,NavMesh,
2179,13.76,AgentPrefab,Agent,MoveState,Moving,Goal,20.00,0.00,10.00,19.94,0.38,10.01,20.00,0.38,10.00,NavMesh,
2179,13.76,AIManager,Performance,Pathfinding,Executed,NavMesh,0.00,0.00,0.00,0.00,0.00,0.00,0.00,0.00,0.00,NavMesh,0.024
2179,13.76,AgentPrefab,Agent,MoveState,Moving,Goal,20.00,0.00,20.00,20.00,0.38,10.00,20.00,0.38,10.00,NavMesh,
2180,13.78,AgentPrefab,Agent,MoveState,Moving,Goal,20.00,0.00,20.00,20.00,0.38,10.00,20.00,0.38,10.00,NavMesh,
2181,13.79,AgentPrefab,Agent,MoveState,Moving,Goal,20.00,0.00,20.00,20.00,0.38,10.00,21.17,0.08,13.83,NavMesh,
2182,13.80,AgentPrefab,Agent,MoveState,Moving,Goal,20.00,0.00,20.00,20.00,0.38,10.01,21.17,0.08,13.83,NavMesh,
2183,13.80,AgentPrefab,Agent,MoveState,Moving,Goal,20.00,0.00,20.00,20.01,0.38,10.02,21.17,0.08,13.83,NavMesh,
2184,13.81,AgentPrefab,Agent,MoveState,Moving,Goal,20.00,0.00,20.00,20.01,0.38,10.04,21.17,0.08,13.83,NavMesh,
2185,13.82,AgentPrefab,Agent,MoveState,Moving,Goal,20.00,0.00,20.00,20.02,0.38,10.05,21.17,0.08,13.83,NavMesh,
2186,13.83,AgentPrefab,Agent,MoveState,Moving,Goal,20.00,0.00,20.00,20.02,0.38,10.06,21.17,0.08,13.83,NavMesh,
2187,13.83,AgentPrefab,Agent,MoveState,Moving,Goal,20.00,0.00,20.00,20.02,0.38,10.08,21.17,0.08,13.83,NavMesh,
2188,13.84,AgentPrefab,Agent,MoveState,Moving,Goal,20.00,0.00,20.00,20.03,0.37,10.09,21.17,0.08,13.83,NavMesh,
2189,13.84,AgentPrefab,Agent,MoveState,Moving,Goal,20.00,0.00,20.00,20.03,0.37,10.10,21.17,0.08,13.83,NavMesh,
2190,13.85,AgentPrefab,Agent,MoveState,Moving,Goal,20.00,0.00,20.00,20.04,0.37,10.12,21.17,0.08,13.83,NavMesh,
2191,13.86,AgentPrefab,Agent,MoveState,Moving,Goal,20.00,0.00,20.00,20.04,0.37,10.13,21.17,0.08,13.83,NavMesh,
2192,13.86,AgentPrefab,Agent,MoveState,Moving,Goal,20.00,0.00,20.00,20.04,0.37,10.14,21.17,0.08,13.83,NavMesh,
2193,13.87,AgentPrefab,Agent,MoveState,Moving,Goal,20.00,0.00,20.00,20.05,0.37,10.15,21.17,0.08,13.83,NavMesh,
2194,13.88,AgentPrefab,Agent,MoveState,Moving,Goal,20.00,0.00,20.00,20.05,0.37,10.17,21.17,0.08,13.83,NavMesh,
2195,13.88,AgentPrefab,Agent,MoveState,Moving,Goal,20.00,0.00,20.00,20.05,0.37,10.18,21.17,0.08,13.83,NavMesh,
2196,13.89,AgentPrefab,Agent,MoveState,Moving,Goal,20.00,0.00,20.00,20.06,0.37,10.19,21.17,0.08,13.83,NavMesh,
2197,13.90,AgentPrefab,Agent,MoveState,Moving,Goal,20.00,0.00,20.00,20.06,0.37,10.20,21.17,0.08,13.83,NavMesh,
2198,13.91,AgentPrefab,Agent,MoveState,Moving,Goal,20.00,0.00,20.00,20.07,0.36,10.22,21.17,0.08,13.83,NavMesh,
2199,13.92,AgentPrefab,Agent,MoveState,Moving,Goal,20.00,0.00,20.00,20.07,0.36,10.24,21.17,0.08,13.83,NavMesh,
2200,13.92,AgentPrefab,Agent,MoveState,Moving,Goal,20.00,0.00,20.00,20.08,0.36,10.25,21.17,0.08,13.83,NavMesh,
2201,13.93,AgentPrefab,Agent,MoveState,Moving,Goal,20.00,0.00,20.00,20.08,0.36,10.26,21.17,0.08,13.83,NavMesh,
2202,13.94,AgentPrefab,Agent,MoveState,Moving,Goal,20.00,0.00,20.00,20.08,0.36,10.28,21.17,0.08,13.83,NavMesh,
2203,13.94,AgentPrefab,Agent,MoveState,Moving,Goal,20.00,0.00,20.00,20.09,0.36,10.29,21.17,0.08,13.83,NavMesh,
2204,13.95,AgentPrefab,Agent,MoveState,Moving,Goal,20.00,0.00,20.00,20.09,0.36,10.30,21.17,0.08,13.83,NavMesh,
2205,13.96,AgentPrefab,Agent,MoveState,Moving,Goal,20.00,0.00,20.00,20.10,0.36,10.32,21.17,0.08,13.83,NavMesh,
2206,13.96,AgentPrefab,Agent,MoveState,Moving,Goal,20.00,0.00,20.00,20.10,0.36,10.33,21.17,0.08,13.83,NavMesh,
2207,13.97,AgentPrefab,Agent,MoveState,Moving,Goal,20.00,0.00,20.00,20.10,0.35,10.34,21.17,0.08,13.83,NavMesh,
2208,13.98,AgentPrefab,Agent,MoveState,Moving,Goal,20.00,0.00,20.00,20.11,0.35,10.36,21.17,0.08,13.83,NavMesh,
2209,13.98,AgentPrefab,Agent,MoveState,Moving,Goal,20.00,0.00,20.00,20.11,0.35,10.37,21.17,0.08,13.83,NavMesh,
2210,13.99,AgentPrefab,Agent,MoveState,Moving,Goal,20.00,0.00,20.00,20.12,0.35,10.38,21.17,0.08,13.83,NavMesh,
2211,14.00,AgentPrefab,Agent,MoveState,Moving,Goal,20.00,0.00,20.00,20.12,0.35,10.39,21.17,0.08,13.83,NavMesh,
2212,14.00,AgentPrefab,Agent,MoveState,Moving,Goal,20.00,0.00,20.00,20.12,0.35,10.41,21.17,0.08,13.83,NavMesh,
2213,14.01,AgentPrefab,Agent,MoveState,Moving,Goal,20.00,0.00,20.00,20.13,0.35,10.42,21.17,0.08,13.83,NavMesh,
2214,14.02,AgentPrefab,Agent,MoveState,Moving,Goal,20.00,0.00,20.00,20.13,0.35,10.43,21.17,0.08,13.83,NavMesh,
2215,14.02,AgentPrefab,Agent,MoveState,Moving,Goal,20.00,0.00,20.00,20.14,0.35,10.45,21.17,0.08,13.83,NavMesh,
2216,14.03,AgentPrefab,Agent,MoveState,Moving,Goal,20.00,0.00,20.00,20.14,0.35,10.46,21.17,0.08,13.83,NavMesh,
2217,14.04,AgentPrefab,Agent,MoveState,Moving,Goal,20.00,0.00,20.00,20.14,0.34,10.47,21.17,0.08,13.83,NavMesh,
2218,14.04,AgentPrefab,Agent,MoveState,Moving,Goal,20.00,0.00,20.00,20.15,0.34,10.48,21.17,0.08,13.83,NavMesh,
2219,14.05,AgentPrefab,Agent,MoveState,Moving,Goal,20.00,0.00,20.00,20.15,0.34,10.50,21.17,0.08,13.83,NavMesh,
2220,14.06,AgentPrefab,Agent,MoveState,Moving,Goal,20.00,0.00,20.00,20.16,0.34,10.51,21.17,0.08,13.83,NavMesh,
2221,14.06,AgentPrefab,Agent,MoveState,Moving,Goal,20.00,0.00,20.00,20.16,0.34,10.52,21.17,0.08,13.83,NavMesh,
2222,14.07,AgentPrefab,Agent,MoveState,Moving,Goal,20.00,0.00,20.00,20.16,0.34,10.54,21.17,0.08,13.83,NavMesh,
2223,14.08,AgentPrefab,Agent,MoveState,Moving,Goal,20.00,0.00,20.00,20.17,0.34,10.55,21.17,0.08,13.83,NavMesh,
2224,14.08,AgentPrefab,Agent,MoveState,Moving,Goal,20.00,0.00,20.00,20.17,0.34,10.56,21.17,0.08,13.83,NavMesh,
2225,14.09,AgentPrefab,Agent,MoveState,Moving,Goal,20.00,0.00,20.00,20.17,0.34,10.57,21.17,0.08,13.83,NavMesh,
2226,14.10,AgentPrefab,Agent,MoveState,Moving,Goal,20.00,0.00,20.00,20.18,0.34,10.59,21.17,0.08,13.83,NavMesh,
2227,14.10,AgentPrefab,Agent,MoveState,Moving,Goal,20.00,0.00,20.00,20.18,0.33,10.60,21.17,0.08,13.83,NavMesh,
2228,14.11,AgentPrefab,Agent,MoveState,Moving,Goal,20.00,0.00,20.00,20.19,0.33,10.61,21.17,0.08,13.83,NavMesh,
2229,14.12,AgentPrefab,Agent,MoveState,Moving,Goal,20.00,0.00,20.00,20.19,0.33,10.62,21.17,0.08,13.83,NavMesh,
2230,14.12,AgentPrefab,Agent,MoveState,Moving,Goal,20.00,0.00,20.00,20.19,0.33,10.64,21.17,0.08,13.83,NavMesh,
2231,14.13,AgentPrefab,Agent,MoveState,Moving,Goal,20.00,0.00,20.00,20.20,0.33,10.65,21.17,0.08,13.83,NavMesh,
2232,14.14,AgentPrefab,Agent,MoveState,Moving,Goal,20.00,0.00,20.00,20.20,0.33,10.66,21.17,0.08,13.83,NavMesh,
2233,14.14,AgentPrefab,Agent,MoveState,Moving,Goal,20.00,0.00,20.00,20.21,0.33,10.68,21.17,0.08,13.83,NavMesh,
2234,14.15,AgentPrefab,Agent,MoveState,Moving,Goal,20.00,0.00,20.00,20.21,0.33,10.69,21.17,0.08,13.83,NavMesh,
2235,14.16,AgentPrefab,Agent,MoveState,Moving,Goal,20.00,0.00,20.00,20.21,0.33,10.70,21.17,0.08,13.83,NavMesh,
2236,14.16,AgentPrefab,Agent,MoveState,Moving,Goal,20.00,0.00,20.00,20.22,0.33,10.71,21.17,0.08,13.83,NavMesh,
2237,14.17,AgentPrefab,Agent,MoveState,Moving,Goal,20.00,0.00,20.00,20.22,0.32,10.73,21.17,0.08,13.83,NavMesh,
2238,14.18,AgentPrefab,Agent,MoveState,Moving,Goal,20.00,0.00,20.00,20.22,0.32,10.74,21.17,0.08,13.83,NavMesh,
2239,14.18,AgentPrefab,Agent,MoveState,Moving,Goal,20.00,0.00,20.00,20.23,0.32,10.75,21.17,0.08,13.83,NavMesh,
2240,14.19,AgentPrefab,Agent,MoveState,Moving,Goal,20.00,0.00,20.00,20.23,0.32,10.76,21.17,0.08,13.83,NavMesh,
2241,14.20,AgentPrefab,Agent,MoveState,Moving,Goal,20.00,0.00,20.00,20.24,0.32,10.78,21.17,0.08,13.83,NavMesh,
2242,14.20,AgentPrefab,Agent,MoveState,Moving,Goal,20.00,0.00,20.00,20.24,0.32,10.79,21.17,0.08,13.83,NavMesh,
2243,14.21,AgentPrefab,Agent,MoveState,Moving,Goal,20.00,0.00,20.00,20.24,0.32,10.80,21.17,0.08,13.83,NavMesh,
2244,14.22,AgentPrefab,Agent,MoveState,Moving,Goal,20.00,0.00,20.00,20.25,0.32,10.81,21.17,0.08,13.83,NavMesh,
2245,14.22,AgentPrefab,Agent,MoveState,Moving,Goal,20.00,0.00,20.00,20.25,0.32,10.83,21.17,0.08,13.83,NavMesh,
2246,14.23,AgentPrefab,Agent,MoveState,Moving,Goal,20.00,0.00,20.00,20.26,0.32,10.84,21.17,0.08,13.83,NavMesh,
2247,14.24,AgentPrefab,Agent,MoveState,Moving,Goal,20.00,0.00,20.00,20.26,0.32,10.85,21.17,0.08,13.83,NavMesh,
2248,14.24,AgentPrefab,Agent,MoveState,Moving,Goal,20.00,0.00,20.00,20.26,0.31,10.86,21.17,0.08,13.83,NavMesh,
2249,14.25,AgentPrefab,Agent,MoveState,Moving,Goal,20.00,0.00,20.00,20.27,0.31,10.88,21.17,0.08,13.83,NavMesh,
2250,14.26,AgentPrefab,Agent,MoveState,Moving,Goal,20.00,0.00,20.00,20.27,0.31,10.89,21.17,0.08,13.83,NavMesh,
2251,14.26,AgentPrefab,Agent,MoveState,Moving,Goal,20.00,0.00,20.00,20.27,0.31,10.90,21.17,0.08,13.83,NavMesh,
2252,14.27,AgentPrefab,Agent,MoveState,Moving,Goal,20.00,0.00,20.00,20.28,0.31,10.91,21.17,0.08,13.83,NavMesh,
2253,14.28,AgentPrefab,Agent,MoveState,Moving,Goal,20.00,0.00,20.00,20.28,0.31,10.93,21.17,0.08,13.83,NavMesh,
2254,14.28,AgentPrefab,Agent,MoveState,Moving,Goal,20.00,0.00,20.00,20.29,0.31,10.94,21.17,0.08,13.83,NavMesh,
2255,14.29,AgentPrefab,Agent,MoveState,Moving,Goal,20.00,0.00,20.00,20.29,0.31,10.95,21.17,0.08,13.83,NavMesh,
2256,14.29,AgentPrefab,Agent,MoveState,Moving,Goal,20.00,0.00,20.00,20.29,0.31,10.96,21.17,0.08,13.83,NavMesh,
2257,14.30,AgentPrefab,Agent,MoveState,Moving,Goal,20.00,0.00,20.00,20.30,0.31,10.98,21.17,0.08,13.83,NavMesh,
2258,14.31,AgentPrefab,Agent,MoveState,Moving,Goal,20.00,0.00,20.00,20.30,0.30,10.99,21.17,0.08,13.83,NavMesh,
2259,14.31,AgentPrefab,Agent,MoveState,Moving,Goal,20.00,0.00,20.00,20.30,0.30,11.00,21.17,0.08,13.83,NavMesh,
2260,14.32,AgentPrefab,Agent,MoveState,Moving,Goal,20.00,0.00,20.00,20.31,0.30,11.01,21.17,0.08,13.83,NavMesh,
2261,14.33,AgentPrefab,Agent,MoveState,Moving,Goal,20.00,0.00,20.00,20.31,0.30,11.03,21.17,0.08,13.83,NavMesh,
2262,14.34,AgentPrefab,Agent,MoveState,Moving,Goal,20.00,0.00,20.00,20.32,0.30,11.04,21.17,0.08,13.83,NavMesh,
2263,14.34,AgentPrefab,Agent,MoveState,Moving,Goal,20.00,0.00,20.00,20.32,0.30,11.05,21.17,0.08,13.83,NavMesh,
2264,14.35,AgentPrefab,Agent,MoveState,Moving,Goal,20.00,0.00,20.00,20.32,0.30,11.06,21.17,0.08,13.83,NavMesh,
2265,14.36,AgentPrefab,Agent,MoveState,Moving,Goal,20.00,0.00,20.00,20.33,0.30,11.08,21.17,0.08,13.83,NavMesh,
2266,14.36,AgentPrefab,Agent,MoveState,Moving,Goal,20.00,0.00,20.00,20.33,0.30,11.10,21.17,0.08,13.83,NavMesh,
2267,14.37,AgentPrefab,Agent,MoveState,Moving,Goal,20.00,0.00,20.00,20.34,0.30,11.11,21.17,0.08,13.83,NavMesh,
2268,14.38,AgentPrefab,Agent,MoveState,Moving,Goal,20.00,0.00,20.00,20.34,0.29,11.12,21.17,0.08,13.83,NavMesh,
2269,14.38,AgentPrefab,Agent,MoveState,Moving,Goal,20.00,0.00,20.00,20.34,0.29,11.13,21.17,0.08,13.83,NavMesh,
2270,14.39,AgentPrefab,Agent,MoveState,Moving,Goal,20.00,0.00,20.00,20.35,0.29,11.15,21.17,0.08,13.83,NavMesh,
2271,14.40,AgentPrefab,Agent,MoveState,Moving,Goal,20.00,0.00,20.00,20.35,0.29,11.16,21.17,0.08,13.83,NavMesh,
2272,14.40,AgentPrefab,Agent,MoveState,Moving,Goal,20.00,0.00,20.00,20.36,0.29,11.17,21.17,0.08,13.83,NavMesh,
2273,14.41,AgentPrefab,Agent,MoveState,Moving,Goal,20.00,0.00,20.00,20.36,0.29,11.18,21.17,0.08,13.83,NavMesh,
2274,14.42,AgentPrefab,Agent,MoveState,Moving,Goal,20.00,0.00,20.00,20.36,0.29,11.20,21.17,0.08,13.83,NavMesh,
2275,14.42,AgentPrefab,Agent,MoveState,Moving,Goal,20.00,0.00,20.00,20.37,0.29,11.21,21.17,0.08,13.83,NavMesh,
2276,14.43,AgentPrefab,Agent,MoveState,Moving,Goal,20.00,0.00,20.00,20.37,0.29,11.22,21.17,0.08,13.83,NavMesh,
2277,14.44,AgentPrefab,Agent,MoveState,Moving,Goal,20.00,0.00,20.00,20.38,0.29,11.24,21.17,0.08,13.83,NavMesh,
2278,14.46,AgentPrefab,Agent,MoveState,Moving,Goal,20.00,0.00,20.00,20.38,0.28,11.25,21.17,0.08,13.83,NavMesh,
2279,14.46,AgentPrefab,Agent,MoveState,Moving,Goal,20.00,0.00,20.00,20.39,0.28,11.28,21.17,0.08,13.83,NavMesh,
2280,14.47,AgentPrefab,Agent,MoveState,Moving,Goal,20.00,0.00,20.00,20.39,0.28,11.29,21.17,0.08,13.83,NavMesh,
2281,14.47,AgentPrefab,Agent,MoveState,Moving,Goal,20.00,0.00,20.00,20.40,0.28,11.31,21.17,0.08,13.83,NavMesh,
2282,14.48,AgentPrefab,Agent,MoveState,Moving,Goal,20.00,0.00,20.00,20.40,0.28,11.32,21.17,0.08,13.83,NavMesh,
2283,14.49,AgentPrefab,Agent,MoveState,Moving,Goal,20.00,0.00,20.00,20.41,0.28,11.33,21.17,0.08,13.83,NavMesh,
2284,14.49,AgentPrefab,Agent,MoveState,Moving,Goal,20.00,0.00,20.00,20.41,0.28,11.34,21.17,0.08,13.83,NavMesh,
2285,14.50,AgentPrefab,Agent,MoveState,Moving,Goal,20.00,0.00,20.00,20.41,0.28,11.36,21.17,0.08,13.83,NavMesh,
2286,14.51,AgentPrefab,Agent,MoveState,Moving,Goal,20.00,0.00,20.00,20.42,0.27,11.37,21.17,0.08,13.83,NavMesh,
2287,14.51,AgentPrefab,Agent,MoveState,Moving,Goal,20.00,0.00,20.00,20.42,0.27,11.38,21.17,0.08,13.83,NavMesh,
2288,14.52,AgentPrefab,Agent,MoveState,Moving,Goal,20.00,0.00,20.00,20.42,0.27,11.39,21.17,0.08,13.83,NavMesh,
2289,14.53,AgentPrefab,Agent,MoveState,Moving,Goal,20.00,0.00,20.00,20.43,0.27,11.41,21.17,0.08,13.83,NavMesh,
2290,14.53,AgentPrefab,Agent,MoveState,Moving,Goal,20.00,0.00,20.00,20.43,0.27,11.42,21.17,0.08,13.83,NavMesh,
2291,14.54,AgentPrefab,Agent,MoveState,Moving,Goal,20.00,0.00,20.00,20.44,0.27,11.43,21.17,0.08,13.83,NavMesh,
2292,14.55,AgentPrefab,Agent,MoveState,Moving,Goal,20.00,0.00,20.00,20.44,0.27,11.44,21.17,0.08,13.83,NavMesh,
2293,14.55,AgentPrefab,Agent,MoveState,Moving,Goal,20.00,0.00,20.00,20.44,0.27,11.46,21.17,0.08,13.83,NavMesh,
2294,14.56,AgentPrefab,Agent,MoveState,Moving,Goal,20.00,0.00,20.00,20.45,0.27,11.47,21.17,0.08,13.83,NavMesh,
2295,14.57,AgentPrefab,Agent,MoveState,Moving,Goal,20.00,0.00,20.00,20.45,0.27,11.48,21.17,0.08,13.83,NavMesh,
2296,14.57,AgentPrefab,Agent,MoveState,Moving,Goal,20.00,0.00,20.00,20.46,0.27,11.50,21.17,0.08,13.83,NavMesh,
2297,14.58,AgentPrefab,Agent,MoveState,Moving,Goal,20.00,0.00,20.00,20.46,0.26,11.51,21.17,0.08,13.83,NavMesh,
2298,14.59,AgentPrefab,Agent,MoveState,Moving,Goal,20.00,0.00,20.00,20.46,0.26,11.52,21.17,0.08,13.83,NavMesh,
2299,14.59,AgentPrefab,Agent,MoveState,Moving,Goal,20.00,0.00,20.00,20.47,0.26,11.53,21.17,0.08,13.83,NavMesh,
2300,14.60,AgentPrefab,Agent,MoveState,Moving,Goal,20.00,0.00,20.00,20.47,0.26,11.55,21.17,0.08,13.83,NavMesh,
2301,14.61,AgentPrefab,Agent,MoveState,Moving,Goal,20.00,0.00,20.00,20.47,0.26,11.56,21.17,0.08,13.83,NavMesh,
2302,14.61,AgentPrefab,Agent,MoveState,Moving,Goal,20.00,0.00,20.00,20.48,0.26,11.57,21.17,0.08,13.83,NavMesh,
2303,14.62,AgentPrefab,Agent,MoveState,Moving,Goal,20.00,0.00,20.00,20.48,0.26,11.58,21.17,0.08,13.83,NavMesh,
2304,14.63,AgentPrefab,Agent,MoveState,Moving,Goal,20.00,0.00,20.00,20.49,0.26,11.60,21.17,0.08,13.83,NavMesh,
2305,14.63,AgentPrefab,Agent,MoveState,Moving,Goal,20.00,0.00,20.00,20.49,0.26,11.61,21.17,0.08,13.83,NavMesh,
2306,14.64,AgentPrefab,Agent,MoveState,Moving,Goal,20.00,0.00,20.00,20.49,0.26,11.62,21.17,0.08,13.83,NavMesh,
2307,14.65,AgentPrefab,Agent,MoveState,Moving,Goal,20.00,0.00,20.00,20.50,0.25,11.63,21.17,0.08,13.83,NavMesh,
2308,14.65,AgentPrefab,Agent,MoveState,Moving,Goal,20.00,0.00,20.00,20.50,0.25,11.65,21.17,0.08,13.83,NavMesh,
2309,14.66,AgentPrefab,Agent,MoveState,Moving,Goal,20.00,0.00,20.00,20.51,0.25,11.66,21.17,0.08,13.83,NavMesh,
2310,14.67,AgentPrefab,Agent,MoveState,Moving,Goal,20.00,0.00,20.00,20.51,0.25,11.67,21.17,0.08,13.83,NavMesh,
2311,14.67,AgentPrefab,Agent,MoveState,Moving,Goal,20.00,0.00,20.00,20.51,0.25,11.69,21.17,0.08,13.83,NavMesh,
2312,14.68,AgentPrefab,Agent,MoveState,Moving,Goal,20.00,0.00,20.00,20.52,0.25,11.70,21.17,0.08,13.83,NavMesh,
2313,14.69,AgentPrefab,Agent,MoveState,Moving,Goal,20.00,0.00,20.00,20.52,0.25,11.71,21.17,0.08,13.83,NavMesh,
2314,14.69,AgentPrefab,Agent,MoveState,Moving,Goal,20.00,0.00,20.00,20.52,0.25,11.72,21.17,0.08,13.83,NavMesh,
2315,14.70,AgentPrefab,Agent,MoveState,Moving,Goal,20.00,0.00,20.00,20.53,0.25,11.73,21.17,0.08,13.83,NavMesh,
2316,14.71,AgentPrefab,Agent,MoveState,Moving,Goal,20.00,0.00,20.00,20.53,0.25,11.75,21.17,0.08,13.83,NavMesh,
2317,14.71,AgentPrefab,Agent,MoveState,Moving,Goal,20.00,0.00,20.00,20.54,0.24,11.76,21.17,0.08,13.83,NavMesh,
2318,14.72,AgentPrefab,Agent,MoveState,Moving,Goal,20.00,0.00,20.00,20.54,0.24,11.77,21.17,0.08,13.83,NavMesh,
2319,14.72,AgentPrefab,Agent,MoveState,Moving,Goal,20.00,0.00,20.00,20.54,0.24,11.78,21.17,0.08,13.83,NavMesh,
2320,14.73,AgentPrefab,Agent,MoveState,Moving,Goal,20.00,0.00,20.00,20.55,0.24,11.80,21.17,0.08,13.83,NavMesh,
2321,14.74,AgentPrefab,Agent,MoveState,Moving,Goal,20.00,0.00,20.00,20.55,0.24,11.81,21.17,0.08,13.83,NavMesh,
2322,14.74,AgentPrefab,Agent,MoveState,Moving,Goal,20.00,0.00,20.00,20.55,0.24,11.82,21.17,0.08,13.83,NavMesh,
2323,14.75,AgentPrefab,Agent,MoveState,Moving,Goal,20.00,0.00,20.00,20.56,0.24,11.83,21.17,0.08,13.83,NavMesh,
2324,14.76,AgentPrefab,Agent,MoveState,Moving,Goal,20.00,0.00,20.00,20.56,0.24,11.85,21.17,0.08,13.83,NavMesh,
2325,14.76,AgentPrefab,Agent,MoveState,Moving,Goal,20.00,0.00,20.00,20.57,0.24,11.86,21.17,0.08,13.83,NavMesh,
2326,14.77,AgentPrefab,Agent,MoveState,Moving,Goal,20.00,0.00,20.00,20.57,0.24,11.87,21.17,0.08,13.83,NavMesh,
2327,14.78,AgentPrefab,Agent,MoveState,Moving,Goal,20.00,0.00,20.00,20.57,0.23,11.88,21.17,0.08,13.83,NavMesh,
2328,14.78,AgentPrefab,Agent,MoveState,Moving,Goal,20.00,0.00,20.00,20.58,0.23,11.90,21.17,0.08,13.83,NavMesh,
2329,14.79,AgentPrefab,Agent,MoveState,Moving,Goal,20.00,0.00,20.00,20.58,0.23,11.91,21.17,0.08,13.83,NavMesh,
2330,14.80,AgentPrefab,Agent,MoveState,Moving,Goal,20.00,0.00,20.00,20.58,0.23,11.92,21.17,0.08,13.83,NavMesh,
2331,14.80,AgentPrefab,Agent,MoveState,Moving,Goal,20.00,0.00,20.00,20.59,0.23,11.93,21.17,0.08,13.83,NavMesh,
2332,14.81,AgentPrefab,Agent,MoveState,Moving,Goal,20.00,0.00,20.00,20.59,0.23,11.95,21.17,0.08,13.83,NavMesh,
2333,14.82,AgentPrefab,Agent,MoveState,Moving,Goal,20.00,0.00,20.00,20.60,0.23,11.96,21.17,0.08,13.83,NavMesh,
2334,14.82,AgentPrefab,Agent,MoveState,Moving,Goal,20.00,0.00,20.00,20.60,0.23,11.97,21.17,0.08,13.83,NavMesh,
2335,14.83,AgentPrefab,Agent,MoveState,Moving,Goal,20.00,0.00,20.00,20.60,0.23,11.99,21.17,0.08,13.83,NavMesh,
2336,14.84,AgentPrefab,Agent,MoveState,Moving,Goal,20.00,0.00,20.00,20.61,0.23,12.00,21.17,0.08,13.83,NavMesh,
2337,14.84,AgentPrefab,Agent,MoveState,Moving,Goal,20.00,0.00,20.00,20.61,0.22,12.01,21.17,0.08,13.83,NavMesh,
2338,14.85,AgentPrefab,Agent,MoveState,Moving,Goal,20.00,0.00,20.00,20.62,0.22,12.02,21.17,0.08,13.83,NavMesh,
2339,14.86,AgentPrefab,Agent,MoveState,Moving,Goal,20.00,0.00,20.00,20.62,0.22,12.04,21.17,0.08,13.83,NavMesh,
2340,14.86,AgentPrefab,Agent,MoveState,Moving,Goal,20.00,0.00,20.00,20.62,0.22,12.05,21.17,0.08,13.83,NavMesh,
2341,14.87,AgentPrefab,Agent,MoveState,Moving,Goal,20.00,0.00,20.00,20.63,0.22,12.06,21.17,0.08,13.83,NavMesh,
2342,14.88,AgentPrefab,Agent,MoveState,Moving,Goal,20.00,0.00,20.00,20.63,0.22,12.07,21.17,0.08,13.83,NavMesh,
2343,14.88,AgentPrefab,Agent,MoveState,Moving,Goal,20.00,0.00,20.00,20.64,0.22,12.09,21.17,0.08,13.83,NavMesh,
2344,14.89,AgentPrefab,Agent,MoveState,Moving,Goal,20.00,0.00,20.00,20.64,0.22,12.10,21.17,0.08,13.83,NavMesh,
2345,14.90,AgentPrefab,Agent,MoveState,Moving,Goal,20.00,0.00,20.00,20.64,0.22,12.11,21.17,0.08,13.83,NavMesh,
2346,14.90,AgentPrefab,Agent,MoveState,Moving,Goal,20.00,0.00,20.00,20.65,0.22,12.13,21.17,0.08,13.83,NavMesh,
2347,14.91,AgentPrefab,Agent,MoveState,Moving,Goal,20.00,0.00,20.00,20.65,0.22,12.14,21.17,0.08,13.83,NavMesh,
2348,14.92,AgentPrefab,Agent,MoveState,Moving,Goal,20.00,0.00,20.00,20.65,0.21,12.15,21.17,0.08,13.83,NavMesh,
2349,14.92,AgentPrefab,Agent,MoveState,Moving,Goal,20.00,0.00,20.00,20.66,0.21,12.16,21.17,0.08,13.83,NavMesh,
2350,14.93,AgentPrefab,Agent,MoveState,Moving,Goal,20.00,0.00,20.00,20.66,0.21,12.17,21.17,0.08,13.83,NavMesh,
2351,14.94,AgentPrefab,Agent,MoveState,Moving,Goal,20.00,0.00,20.00,20.67,0.21,12.19,21.17,0.08,13.83,NavMesh,
2352,14.94,AgentPrefab,Agent,MoveState,Moving,Goal,20.00,0.00,20.00,20.67,0.21,12.20,21.17,0.08,13.83,NavMesh,
2353,14.95,AgentPrefab,Agent,MoveState,Moving,Goal,20.00,0.00,20.00,20.67,0.21,12.21,21.17,0.08,13.83,NavMesh,
2354,14.96,AgentPrefab,Agent,MoveState,Moving,Goal,20.00,0.00,20.00,20.68,0.21,12.23,21.17,0.08,13.83,NavMesh,
2355,14.96,AgentPrefab,Agent,MoveState,Moving,Goal,20.00,0.00,20.00,20.68,0.21,12.24,21.17,0.08,13.83,NavMesh,
2356,14.97,AgentPrefab,Agent,MoveState,Moving,Goal,20.00,0.00,20.00,20.69,0.21,12.25,21.17,0.08,13.83,NavMesh,
2357,14.98,AgentPrefab,Agent,MoveState,Moving,Goal,20.00,0.00,20.00,20.69,0.21,12.26,21.17,0.08,13.83,NavMesh,
2358,14.98,AgentPrefab,Agent,MoveState,Moving,Goal,20.00,0.00,20.00,20.69,0.20,12.28,21.17,0.08,13.83,NavMesh,
2359,14.99,AgentPrefab,Agent,MoveState,Moving,Goal,20.00,0.00,20.00,20.70,0.20,12.29,21.17,0.08,13.83,NavMesh,
2360,15.00,AgentPrefab,Agent,MoveState,Moving,Goal,20.00,0.00,20.00,20.70,0.20,12.30,21.17,0.08,13.83,NavMesh,
2361,15.00,AgentPrefab,Agent,MoveState,Moving,Goal,20.00,0.00,20.00,20.70,0.20,12.31,21.17,0.08,13.83,NavMesh,
2362,15.01,AgentPrefab,Agent,MoveState,Moving,Goal,20.00,0.00,20.00,20.71,0.20,12.33,21.17,0.08,13.83,NavMesh,
2363,15.02,AgentPrefab,Agent,MoveState,Moving,Goal,20.00,0.00,20.00,20.71,0.20,12.34,21.17,0.08,13.83,NavMesh,
2364,15.02,AgentPrefab,Agent,MoveState,Moving,Goal,20.00,0.00,20.00,20.72,0.20,12.35,21.17,0.08,13.83,NavMesh,
2365,15.03,AgentPrefab,Agent,MoveState,Moving,Goal,20.00,0.00,20.00,20.72,0.20,12.36,21.17,0.08,13.83,NavMesh,
2366,15.04,AgentPrefab,Agent,MoveState,Moving,Goal,20.00,0.00,20.00,20.72,0.20,12.38,21.17,0.08,13.83,NavMesh,
2367,15.04,AgentPrefab,Agent,MoveState,Moving,Goal,20.00,0.00,20.00,20.73,0.20,12.39,21.17,0.08,13.83,NavMesh,
2368,15.05,AgentPrefab,Agent,MoveState,Moving,Goal,20.00,0.00,20.00,20.73,0.19,12.40,21.17,0.08,13.83,NavMesh,
2369,15.06,AgentPrefab,Agent,MoveState,Moving,Goal,20.00,0.00,20.00,20.73,0.19,12.41,21.17,0.08,13.83,NavMesh,
2370,15.06,AgentPrefab,Agent,MoveState,Moving,Goal,20.00,0.00,20.00,20.74,0.19,12.43,21.17,0.08,13.83,NavMesh,
2371,15.07,AgentPrefab,Agent,MoveState,Moving,Goal,20.00,0.00,20.00,20.74,0.19,12.44,21.17,0.08,13.83,NavMesh,
2372,15.08,AgentPrefab,Agent,MoveState,Moving,Goal,20.00,0.00,20.00,20.75,0.19,12.45,21.17,0.08,13.83,NavMesh,
2373,15.08,AgentPrefab,Agent,MoveState,Moving,Goal,20.00,0.00,20.00,20.75,0.19,12.46,21.17,0.08,13.83,NavMesh,
2374,15.09,AgentPrefab,Agent,MoveState,Moving,Goal,20.00,0.00,20.00,20.75,0.19,12.48,21.17,0.08,13.83,NavMesh,
2375,15.09,AgentPrefab,Agent,MoveState,Moving,Goal,20.00,0.00,20.00,20.76,0.19,12.49,21.17,0.08,13.83,NavMesh,
2376,15.10,AgentPrefab,Agent,MoveState,Moving,Goal,20.00,0.00,20.00,20.76,0.19,12.50,21.17,0.08,13.83,NavMesh,
2377,15.11,AgentPrefab,Agent,MoveState,Moving,Goal,20.00,0.00,20.00,20.77,0.19,12.51,21.17,0.08,13.83,NavMesh,
2378,15.11,AgentPrefab,Agent,MoveState,Moving,Goal,20.00,0.00,20.00,20.77,0.18,12.53,21.17,0.08,13.83,NavMesh,
2379,15.12,AgentPrefab,Agent,MoveState,Moving,Goal,20.00,0.00,20.00,20.77,0.18,12.54,21.17,0.08,13.83,NavMesh,
2380,15.13,AgentPrefab,Agent,MoveState,Moving,Goal,20.00,0.00,20.00,20.78,0.18,12.55,21.17,0.08,13.83,NavMesh,
2381,15.13,AgentPrefab,Agent,MoveState,Moving,Goal,20.00,0.00,20.00,20.78,0.18,12.56,21.17,0.08,13.83,NavMesh,
2382,15.14,AgentPrefab,Agent,MoveState,Moving,Goal,20.00,0.00,20.00,20.78,0.18,12.58,21.17,0.08,13.83,NavMesh,
2383,15.15,AgentPrefab,Agent,MoveState,Moving,Goal,20.00,0.00,20.00,20.79,0.18,12.59,21.17,0.08,13.83,NavMesh,
2384,15.15,AgentPrefab,Agent,MoveState,Moving,Goal,20.00,0.00,20.00,20.79,0.18,12.60,21.17,0.08,13.83,NavMesh,
2385,15.16,AgentPrefab,Agent,MoveState,Moving,Goal,20.00,0.00,20.00,20.80,0.18,12.62,21.17,0.08,13.83,NavMesh,
2386,15.17,AgentPrefab,Agent,MoveState,Moving,Goal,20.00,0.00,20.00,20.80,0.18,12.63,21.17,0.08,13.83,NavMesh,
2387,15.17,AgentPrefab,Agent,MoveState,Moving,Goal,20.00,0.00,20.00,20.80,0.18,12.64,21.17,0.08,13.83,NavMesh,
2388,15.19,AgentPrefab,Agent,MoveState,Moving,Goal,20.00,0.00,20.00,20.81,0.18,12.65,21.17,0.08,13.83,NavMesh,
2389,15.20,AgentPrefab,Agent,MoveState,Moving,Goal,20.00,0.00,20.00,20.81,0.17,12.68,21.17,0.08,13.83,NavMesh,
2390,15.21,AgentPrefab,Agent,MoveState,Moving,Goal,20.00,0.00,20.00,20.82,0.17,12.70,21.17,0.08,13.83,NavMesh,
2391,15.21,AgentPrefab,Agent,MoveState,Moving,Goal,20.00,0.00,20.00,20.83,0.17,12.71,21.17,0.08,13.83,NavMesh,
2392,15.22,AgentPrefab,Agent,MoveState,Moving,Goal,20.00,0.00,20.00,20.83,0.17,12.73,21.17,0.08,13.83,NavMesh,
2393,15.23,AgentPrefab,Agent,MoveState,Moving,Goal,20.00,0.00,20.00,20.83,0.17,12.74,21.17,0.08,13.83,NavMesh,
2394,15.23,AgentPrefab,Agent,MoveState,Moving,Goal,20.00,0.00,20.00,20.84,0.17,12.75,21.17,0.08,13.83,NavMesh,
2395,15.24,AgentPrefab,Agent,MoveState,Moving,Goal,20.00,0.00,20.00,20.84,0.17,12.76,21.17,0.08,13.83,NavMesh,
2396,15.25,AgentPrefab,Agent,MoveState,Moving,Goal,20.00,0.00,20.00,20.85,0.17,12.78,21.17,0.08,13.83,NavMesh,
2397,15.25,AgentPrefab,Agent,MoveState,Moving,Goal,20.00,0.00,20.00,20.85,0.16,12.79,21.17,0.08,13.83,NavMesh,
2398,15.26,AgentPrefab,Agent,MoveState,Moving,Goal,20.00,0.00,20.00,20.85,0.16,12.80,21.17,0.08,13.83,NavMesh,
2399,15.27,AgentPrefab,Agent,MoveState,Moving,Goal,20.00,0.00,20.00,20.86,0.16,12.82,21.17,0.08,13.83,NavMesh,
2400,15.27,AgentPrefab,Agent,MoveState,Moving,Goal,20.00,0.00,20.00,20.86,0.16,12.83,21.17,0.08,13.83,NavMesh,
2401,15.28,AgentPrefab,Agent,MoveState,Moving,Goal,20.00,0.00,20.00,20.86,0.16,12.84,21.17,0.08,13.83,NavMesh,
2402,15.28,AgentPrefab,Agent,MoveState,Moving,Goal,20.00,0.00,20.00,20.87,0.16,12.85,21.17,0.08,13.83,NavMesh,
2403,15.29,AgentPrefab,Agent,MoveState,Moving,Goal,20.00,0.00,20.00,20.87,0.16,12.87,21.17,0.08,13.83,NavMesh,
2404,15.30,AgentPrefab,Agent,MoveState,Moving,Goal,20.00,0.00,20.00,20.88,0.16,12.88,21.17,0.08,13.83,NavMesh,
2405,15.30,AgentPrefab,Agent,MoveState,Moving,Goal,20.00,0.00,20.00,20.88,0.16,12.89,21.17,0.08,13.83,NavMesh,
2406,15.31,AgentPrefab,Agent,MoveState,Moving,Goal,20.00,0.00,20.00,20.88,0.16,12.90,21.17,0.08,13.83,NavMesh,
2407,15.32,AgentPrefab,Agent,MoveState,Moving,Goal,20.00,0.00,20.00,20.89,0.15,12.91,21.17,0.08,13.83,NavMesh,
2408,15.32,AgentPrefab,Agent,MoveState,Moving,Goal,20.00,0.00,20.00,20.89,0.15,12.93,21.17,0.08,13.83,NavMesh,
2409,15.33,AgentPrefab,Agent,MoveState,Moving,Goal,20.00,0.00,20.00,20.89,0.15,12.94,21.17,0.08,13.83,NavMesh,
2410,15.34,AgentPrefab,Agent,MoveState,Moving,Goal,20.00,0.00,20.00,20.90,0.15,12.95,21.17,0.08,13.83,NavMesh,
2411,15.34,AgentPrefab,Agent,MoveState,Moving,Goal,20.00,0.00,20.00,20.90,0.15,12.97,21.17,0.08,13.83,NavMesh,
2412,15.35,AgentPrefab,Agent,MoveState,Moving,Goal,20.00,0.00,20.00,20.91,0.15,12.98,21.17,0.08,13.83,NavMesh,
2413,15.36,AgentPrefab,Agent,MoveState,Moving,Goal,20.00,0.00,20.00,20.91,0.15,12.99,21.17,0.08,13.83,NavMesh,
2414,15.36,AgentPrefab,Agent,MoveState,Moving,Goal,20.00,0.00,20.00,20.91,0.15,13.00,21.17,0.08,13.83,NavMesh,
2415,15.37,AgentPrefab,Agent,MoveState,Moving,Goal,20.00,0.00,20.00,20.92,0.15,13.02,21.17,0.08,13.83,NavMesh,
2416,15.38,AgentPrefab,Agent,MoveState,Moving,Goal,20.00,0.00,20.00,20.92,0.15,13.03,21.17,0.08,13.83,NavMesh,
2417,15.38,AgentPrefab,Agent,MoveState,Moving,Goal,20.00,0.00,20.00,20.93,0.14,13.04,21.17,0.08,13.83,NavMesh,
2418,15.39,AgentPrefab,Agent,MoveState,Moving,Goal,20.00,0.00,20.00,20.93,0.14,13.05,21.17,0.08,13.83,NavMesh,
2419,15.40,AgentPrefab,Agent,MoveState,Moving,Goal,20.00,0.00,20.00,20.93,0.14,13.07,21.17,0.08,13.83,NavMesh,
2420,15.40,AgentPrefab,Agent,MoveState,Moving,Goal,20.00,0.00,20.00,20.94,0.14,13.08,21.17,0.08,13.83,NavMesh,
2421,15.41,AgentPrefab,Agent,MoveState,Moving,Goal,20.00,0.00,20.00,20.94,0.14,13.09,21.17,0.08,13.83,NavMesh,
2422,15.42,AgentPrefab,Agent,MoveState,Moving,Goal,20.00,0.00,20.00,20.94,0.14,13.10,21.17,0.08,13.83,NavMesh,
2423,15.42,AgentPrefab,Agent,MoveState,Moving,Goal,20.00,0.00,20.00,20.95,0.14,13.12,21.17,0.08,13.83,NavMesh,
2424,15.43,AgentPrefab,Agent,MoveState,Moving,Goal,20.00,0.00,20.00,20.95,0.14,13.13,21.17,0.08,13.83,NavMesh,
2425,15.44,AgentPrefab,Agent,MoveState,Moving,Goal,20.00,0.00,20.00,20.96,0.14,13.14,21.17,0.08,13.83,NavMesh,
2426,15.44,AgentPrefab,Agent,MoveState,Moving,Goal,20.00,0.00,20.00,20.96,0.14,13.15,21.17,0.08,13.83,NavMesh,
2427,15.45,AgentPrefab,Agent,MoveState,Moving,Goal,20.00,0.00,20.00,20.96,0.14,13.17,21.17,0.08,13.83,NavMesh,
2428,15.46,AgentPrefab,Agent,MoveState,Moving,Goal,20.00,0.00,20.00,20.97,0.13,13.18,21.17,0.08,13.83,NavMesh,
2429,15.46,AgentPrefab,Agent,MoveState,Moving,Goal,20.00,0.00,20.00,20.97,0.13,13.19,21.17,0.08,13.83,NavMesh,
2430,15.47,AgentPrefab,Agent,MoveState,Moving,Goal,20.00,0.00,20.00,20.98,0.13,13.20,21.17,0.08,13.83,NavMesh,
2431,15.48,AgentPrefab,Agent,MoveState,Moving,Goal,20.00,0.00,20.00,20.98,0.13,13.22,21.17,0.08,13.83,NavMesh,
2432,15.48,AgentPrefab,Agent,MoveState,Moving,Goal,20.00,0.00,20.00,20.98,0.13,13.23,21.17,0.08,13.83,NavMesh,
2433,15.49,AgentPrefab,Agent,MoveState,Moving,Goal,20.00,0.00,20.00,20.99,0.13,13.24,21.17,0.08,13.83,NavMesh,
2434,15.50,AgentPrefab,Agent,MoveState,Moving,Goal,20.00,0.00,20.00,20.99,0.13,13.25,21.17,0.08,13.83,NavMesh,
2435,15.50,AgentPrefab,Agent,MoveState,Moving,Goal,20.00,0.00,20.00,20.99,0.13,13.27,21.17,0.08,13.83,NavMesh,
2436,15.51,AgentPrefab,Agent,MoveState,Moving,Goal,20.00,0.00,20.00,21.00,0.13,13.28,21.17,0.08,13.83,NavMesh,
2437,15.52,AgentPrefab,Agent,MoveState,Moving,Goal,20.00,0.00,20.00,21.00,0.13,13.29,21.17,0.08,13.83,NavMesh,
2438,15.52,AgentPrefab,Agent,MoveState,Moving,Goal,20.00,0.00,20.00,21.01,0.12,13.30,21.17,0.08,13.83,NavMesh,
2439,15.53,AgentPrefab,Agent,MoveState,Moving,Goal,20.00,0.00,20.00,21.01,0.12,13.32,21.17,0.08,13.83,NavMesh,
2440,15.53,AgentPrefab,Agent,MoveState,Moving,Goal,20.00,0.00,20.00,21.01,0.12,13.33,21.17,0.08,13.83,NavMesh,
2441,15.54,AgentPrefab,Agent,MoveState,Moving,Goal,20.00,0.00,20.00,21.02,0.12,13.34,21.17,0.08,13.83,NavMesh,
2442,15.55,AgentPrefab,Agent,MoveState,Moving,Goal,20.00,0.00,20.00,21.02,0.12,13.35,21.17,0.08,13.83,NavMesh,
2443,15.56,AgentPrefab,Agent,MoveState,Moving,Goal,20.00,0.00,20.00,21.02,0.12,13.37,21.17,0.08,13.83,NavMesh,
2444,15.56,AgentPrefab,Agent,MoveState,Moving,Goal,20.00,0.00,20.00,21.03,0.12,13.38,21.17,0.08,13.83,NavMesh,
2445,15.57,AgentPrefab,Agent,MoveState,Moving,Goal,20.00,0.00,20.00,21.03,0.12,13.39,21.17,0.08,13.83,NavMesh,
2446,15.57,AgentPrefab,Agent,MoveState,Moving,Goal,20.00,0.00,20.00,21.04,0.12,13.41,21.17,0.08,13.83,NavMesh,
2447,15.58,AgentPrefab,Agent,MoveState,Moving,Goal,20.00,0.00,20.00,21.04,0.12,13.42,21.17,0.08,13.83,NavMesh,
2448,15.59,AgentPrefab,Agent,MoveState,Moving,Goal,20.00,0.00,20.00,21.04,0.11,13.43,21.17,0.08,13.83,NavMesh,
2449,15.59,AgentPrefab,Agent,MoveState,Moving,Goal,20.00,0.00,20.00,21.05,0.11,13.44,21.17,0.08,13.83,NavMesh,
2450,15.60,AgentPrefab,Agent,MoveState,Moving,Goal,20.00,0.00,20.00,21.05,0.11,13.46,21.17,0.08,13.83,NavMesh,
2451,15.61,AgentPrefab,Agent,MoveState,Moving,Goal,20.00,0.00,20.00,21.06,0.11,13.47,21.17,0.08,13.83,NavMesh,
2452,15.61,AgentPrefab,Agent,MoveState,Moving,Goal,20.00,0.00,20.00,21.06,0.11,13.48,21.17,0.08,13.83,NavMesh,
2453,15.62,AgentPrefab,Agent,MoveState,Moving,Goal,20.00,0.00,20.00,21.06,0.11,13.49,21.17,0.08,13.83,NavMesh,
2454,15.63,AgentPrefab,Agent,MoveState,Moving,Goal,20.00,0.00,20.00,21.07,0.11,13.51,21.17,0.08,13.83,NavMesh,
2455,15.63,AgentPrefab,Agent,MoveState,Moving,Goal,20.00,0.00,20.00,21.07,0.11,13.52,21.17,0.08,13.83,NavMesh,
2456,15.64,AgentPrefab,Agent,MoveState,Moving,Goal,20.00,0.00,20.00,21.08,0.11,13.53,21.17,0.08,13.83,NavMesh,
2457,15.65,AgentPrefab,Agent,MoveState,Moving,Goal,20.00,0.00,20.00,21.08,0.11,13.54,21.17,0.08,13.83,NavMesh,
2458,15.66,AgentPrefab,Agent,MoveState,Moving,Goal,20.00,0.00,20.00,21.08,0.10,13.56,21.17,0.08,13.83,NavMesh,
2459,15.66,AgentPrefab,Agent,MoveState,Moving,Goal,20.00,0.00,20.00,21.09,0.10,13.57,21.17,0.08,13.83,NavMesh,
2460,15.67,AgentPrefab,Agent,MoveState,Moving,Goal,20.00,0.00,20.00,21.09,0.10,13.58,21.17,0.08,13.83,NavMesh,
2461,15.67,AgentPrefab,Agent,MoveState,Moving,Goal,20.00,0.00,20.00,21.09,0.10,13.59,21.17,0.08,13.83,NavMesh,
2462,15.68,AgentPrefab,Agent,MoveState,Moving,Goal,20.00,0.00,20.00,21.10,0.10,13.61,21.17,0.08,13.83,NavMesh,
2463,15.69,AgentPrefab,Agent,MoveState,Moving,Goal,20.00,0.00,20.00,21.10,0.10,13.62,21.17,0.08,13.83,NavMesh,
2464,15.69,AgentPrefab,Agent,MoveState,Moving,Goal,20.00,0.00,20.00,21.11,0.10,13.63,21.17,0.08,13.83,NavMesh,
2465,15.70,AgentPrefab,Agent,MoveState,Moving,Goal,20.00,0.00,20.00,21.11,0.10,13.64,21.17,0.08,13.83,NavMesh,
2466,15.71,AgentPrefab,Agent,MoveState,Moving,Goal,20.00,0.00,20.00,21.11,0.10,13.66,21.17,0.08,13.83,NavMesh,
2467,15.71,AgentPrefab,Agent,MoveState,Moving,Goal,20.00,0.00,20.00,21.12,0.10,13.67,21.17,0.08,13.83,NavMesh,
2468,15.72,AgentPrefab,Agent,MoveState,Moving,Goal,20.00,0.00,20.00,21.12,0.10,13.68,21.17,0.08,13.83,NavMesh,
2469,15.73,AgentPrefab,Agent,MoveState,Moving,Goal,20.00,0.00,20.00,21.13,0.09,13.70,21.17,0.08,13.83,NavMesh,
2470,15.74,AgentPrefab,Agent,MoveState,Moving,Goal,20.00,0.00,20.00,21.13,0.09,13.71,21.17,0.08,13.83,NavMesh,
2471,15.74,AgentPrefab,Agent,MoveState,Moving,Goal,20.00,0.00,20.00,21.13,0.09,13.73,21.17,0.08,13.83,NavMesh,
2472,15.75,AgentPrefab,Agent,MoveState,Moving,Goal,20.00,0.00,20.00,21.14,0.09,13.74,21.17,0.08,13.83,NavMesh,
2473,15.76,AgentPrefab,Agent,MoveState,Moving,Goal,20.00,0.00,20.00,21.14,0.09,13.75,21.17,0.08,13.83,NavMesh,
2474,15.76,AgentPrefab,Agent,MoveState,Moving,Goal,20.00,0.00,20.00,21.15,0.09,13.76,21.17,0.08,13.83,NavMesh,
2475,15.77,AgentPrefab,Agent,MoveState,Moving,Goal,20.00,0.00,20.00,21.15,0.09,13.78,21.17,0.08,13.83,NavMesh,
2476,15.78,AgentPrefab,Agent,MoveState,Moving,Goal,20.00,0.00,20.00,21.17,0.08,13.83,21.17,0.08,16.17,NavMesh,
2477,15.78,AgentPrefab,Agent,MoveState,Moving,Goal,20.00,0.00,20.00,21.17,0.08,13.85,21.17,0.08,16.17,NavMesh,
2478,15.79,AgentPrefab,Agent,MoveState,Moving,Goal,20.00,0.00,20.00,21.17,0.08,13.86,21.17,0.08,16.17,NavMesh,
2479,15.80,AgentPrefab,Agent,MoveState,Moving,Goal,20.00,0.00,20.00,21.17,0.08,13.87,21.17,0.08,16.17,NavMesh,
2480,15.80,AgentPrefab,Agent,MoveState,Moving,Goal,20.00,0.00,20.00,21.17,0.08,13.89,21.17,0.08,16.17,NavMesh,
2481,15.81,AgentPrefab,Agent,MoveState,Moving,Goal,20.00,0.00,20.00,21.17,0.08,13.89,21.17,0.08,16.17,NavMesh,
2482,15.82,AgentPrefab,Agent,MoveState,Moving,Goal,20.00,0.00,20.00,21.17,0.08,13.89,21.17,0.08,16.17,NavMesh,
2483,15.82,AgentPrefab,Agent,MoveState,Moving,Goal,20.00,0.00,20.00,21.17,0.08,13.89,21.17,0.08,16.17,NavMesh,
2484,15.83,AgentPrefab,Agent,MoveState,Moving,Goal,20.00,0.00,20.00,21.17,0.08,13.89,21.17,0.08,16.17,NavMesh,
2485,15.84,AgentPrefab,Agent,MoveState,Moving,Goal,20.00,0.00,20.00,21.17,0.08,13.89,21.17,0.08,16.17,NavMesh,
2486,15.84,AgentPrefab,Agent,MoveState,Moving,Goal,20.00,0.00,20.00,21.17,0.08,13.89,21.17,0.08,16.17,NavMesh,
2487,15.85,AgentPrefab,Agent,MoveState,Moving,Goal,20.00,0.00,20.00,21.17,0.08,13.89,21.17,0.08,16.17,NavMesh,
2488,15.86,AgentPrefab,Agent,MoveState,Moving,Goal,20.00,0.00,20.00,21.17,0.08,13.89,21.17,0.08,16.17,NavMesh,
2489,15.86,AgentPrefab,Agent,MoveState,Moving,Goal,20.00,0.00,20.00,21.17,0.08,13.89,21.17,0.08,16.17,NavMesh,
2490,15.87,AgentPrefab,Agent,MoveState,Moving,Goal,20.00,0.00,20.00,21.17,0.08,13.90,21.17,0.08,16.17,NavMesh,
2491,15.87,AgentPrefab,Agent,MoveState,Moving,Goal,20.00,0.00,20.00,21.17,0.08,13.90,21.17,0.08,16.17,NavMesh,
2492,15.88,AgentPrefab,Agent,MoveState,Moving,Goal,20.00,0.00,20.00,21.17,0.08,13.90,21.17,0.08,16.17,NavMesh,
2493,15.89,AgentPrefab,Agent,MoveState,Moving,Goal,20.00,0.00,20.00,21.17,0.08,13.90,21.17,0.08,16.17,NavMesh,
2494,15.91,AgentPrefab,Agent,MoveState,Moving,Goal,20.00,0.00,20.00,21.17,0.08,13.90,21.17,0.08,16.17,NavMesh,
2495,15.91,AgentPrefab,Agent,MoveState,Moving,Goal,20.00,0.00,20.00,21.17,0.08,13.90,21.17,0.08,16.17,NavMesh,
2496,15.92,AgentPrefab,Agent,MoveState,Moving,Goal,20.00,0.00,20.00,21.17,0.08,13.90,21.17,0.08,16.17,NavMesh,
2497,15.93,AgentPrefab,Agent,MoveState,Moving,Goal,20.00,0.00,20.00,21.17,0.08,13.90,21.17,0.08,16.17,NavMesh,
2498,15.93,AgentPrefab,Agent,MoveState,Moving,Goal,20.00,0.00,20.00,21.17,0.08,13.90,21.17,0.08,16.17,NavMesh,
2499,15.94,AgentPrefab,Agent,MoveState,Moving,Goal,20.00,0.00,20.00,21.17,0.08,13.90,21.17,0.08,16.17,NavMesh,
2500,15.95,AgentPrefab,Agent,MoveState,Moving,Goal,20.00,0.00,20.00,21.17,0.08,13.90,21.17,0.08,16.17,NavMesh,
2501,15.95,AgentPrefab,Agent,MoveState,Moving,Goal,20.00,0.00,20.00,21.17,0.08,13.90,21.17,0.08,16.17,NavMesh,
2502,15.96,AgentPrefab,Agent,MoveState,Moving,Goal,20.00,0.00,20.00,21.17,0.08,13.90,21.17,0.08,16.17,NavMesh,
2503,15.97,AgentPrefab,Agent,MoveState,Moving,Goal,20.00,0.00,20.00,21.17,0.08,13.90,21.17,0.08,16.17,NavMesh,
2504,15.97,AgentPrefab,Agent,MoveState,Moving,Goal,20.00,0.00,20.00,21.17,0.08,13.90,21.17,0.08,16.17,NavMesh,
2505,15.98,AgentPrefab,Agent,MoveState,Moving,Goal,20.00,0.00,20.00,21.17,0.08,13.90,21.17,0.08,16.17,NavMesh,
2506,15.99,AgentPrefab,Agent,MoveState,Moving,Goal,20.00,0.00,20.00,21.17,0.08,13.90,21.17,0.08,16.17,NavMesh,
2507,15.99,AgentPrefab,Agent,MoveState,Moving,Goal,20.00,0.00,20.00,21.17,0.08,13.90,21.17,0.08,16.17,NavMesh,
2508,16.00,AgentPrefab,Agent,MoveState,Moving,Goal,20.00,0.00,20.00,21.17,0.08,13.90,21.17,0.08,16.17,NavMesh,
2509,16.01,AgentPrefab,Agent,MoveState,Moving,Goal,20.00,0.00,20.00,21.17,0.08,13.90,21.17,0.08,16.17,NavMesh,
2510,16.02,AgentPrefab,Agent,MoveState,Moving,Goal,20.00,0.00,20.00,21.17,0.08,13.90,21.17,0.08,16.17,NavMesh,
2511,16.02,AgentPrefab,Agent,MoveState,Moving,Goal,20.00,0.00,20.00,21.17,0.08,13.90,21.17,0.08,16.17,NavMesh,
2512,16.03,AgentPrefab,Agent,MoveState,Moving,Goal,20.00,0.00,20.00,21.17,0.08,13.90,21.17,0.08,16.17,NavMesh,
2513,16.03,AgentPrefab,Agent,MoveState,Moving,Goal,20.00,0.00,20.00,21.17,0.08,13.90,21.17,0.08,16.17,NavMesh,
2514,16.04,AgentPrefab,Agent,MoveState,Moving,Goal,20.00,0.00,20.00,21.17,0.08,13.90,21.17,0.08,16.17,NavMesh,
2515,16.05,AgentPrefab,Agent,MoveState,Moving,Goal,20.00,0.00,20.00,21.17,0.08,13.90,21.17,0.08,16.17,NavMesh,
2516,16.05,AgentPrefab,Agent,MoveState,Moving,Goal,20.00,0.00,20.00,21.17,0.08,13.91,21.17,0.08,16.17,NavMesh,
2517,16.06,AgentPrefab,Agent,MoveState,Moving,Goal,20.00,0.00,20.00,21.17,0.08,13.92,21.17,0.08,16.17,NavMesh,
2518,16.07,AgentPrefab,Agent,MoveState,Moving,Goal,20.00,0.00,20.00,21.17,0.08,13.94,21.17,0.08,16.17,NavMesh,
2519,16.07,AgentPrefab,Agent,MoveState,Moving,Goal,20.00,0.00,20.00,21.17,0.08,13.95,21.17,0.08,16.17,NavMesh,
2520,16.08,AgentPrefab,Agent,MoveState,Moving,Goal,20.00,0.00,20.00,21.17,0.08,13.96,21.17,0.08,16.17,NavMesh,
2521,16.09,AgentPrefab,Agent,MoveState,Moving,Goal,20.00,0.00,20.00,21.17,0.08,13.98,21.17,0.08,16.17,NavMesh,
2522,16.09,AgentPrefab,Agent,MoveState,Moving,Goal,20.00,0.00,20.00,21.17,0.08,13.99,21.17,0.08,16.17,NavMesh,
2523,16.10,AgentPrefab,Agent,MoveState,Moving,Goal,20.00,0.00,20.00,21.17,0.08,14.00,21.17,0.08,16.17,NavMesh,
2524,16.11,AgentPrefab,Agent,MoveState,Moving,Goal,20.00,0.00,20.00,21.17,0.08,14.02,21.17,0.08,16.17,NavMesh,
2525,16.11,AgentPrefab,Agent,MoveState,Moving,Goal,20.00,0.00,20.00,21.17,0.08,14.03,21.17,0.08,16.17,NavMesh,
2526,16.12,AgentPrefab,Agent,MoveState,Moving,Goal,20.00,0.00,20.00,21.17,0.08,14.04,21.17,0.08,16.17,NavMesh,
2527,16.13,AgentPrefab,Agent,MoveState,Moving,Goal,20.00,0.00,20.00,21.17,0.08,14.06,21.17,0.08,16.17,NavMesh,
2528,16.13,AgentPrefab,Agent,MoveState,Moving,Goal,20.00,0.00,20.00,21.17,0.08,14.07,21.17,0.08,16.17,NavMesh,
2529,16.14,AgentPrefab,Agent,MoveState,Moving,Goal,20.00,0.00,20.00,21.17,0.08,14.08,21.17,0.08,16.17,NavMesh,
2530,16.15,AgentPrefab,Agent,MoveState,Moving,Goal,20.00,0.00,20.00,21.17,0.08,14.10,21.17,0.08,16.17,NavMesh,
2531,16.15,AgentPrefab,Agent,MoveState,Moving,Goal,20.00,0.00,20.00,21.17,0.08,14.11,21.17,0.08,16.17,NavMesh,
2532,16.16,AgentPrefab,Agent,MoveState,Moving,Goal,20.00,0.00,20.00,21.17,0.08,14.12,21.17,0.08,16.17,NavMesh,
2533,16.17,AgentPrefab,Agent,MoveState,Moving,Goal,20.00,0.00,20.00,21.17,0.08,14.14,21.17,0.08,16.17,NavMesh,
2534,16.17,AgentPrefab,Agent,MoveState,Moving,Goal,20.00,0.00,20.00,21.17,0.08,14.15,21.17,0.08,16.17,NavMesh,
2535,16.18,AgentPrefab,Agent,MoveState,Moving,Goal,20.00,0.00,20.00,21.17,0.08,14.16,21.17,0.08,16.17,NavMesh,
2536,16.19,AgentPrefab,Agent,MoveState,Moving,Goal,20.00,0.00,20.00,21.17,0.08,14.18,21.17,0.08,16.17,NavMesh,
2537,16.20,AgentPrefab,Agent,MoveState,Moving,Goal,20.00,0.00,20.00,21.17,0.08,14.19,21.17,0.08,16.17,NavMesh,
2538,16.20,AgentPrefab,Agent,MoveState,Moving,Goal,20.00,0.00,20.00,21.17,0.08,14.21,21.17,0.08,16.17,NavMesh,
2539,16.21,AgentPrefab,Agent,MoveState,Moving,Goal,20.00,0.00,20.00,21.17,0.08,14.22,21.17,0.08,16.17,NavMesh,
2540,16.22,AgentPrefab,Agent,MoveState,Moving,Goal,20.00,0.00,20.00,21.17,0.08,14.23,21.17,0.08,16.17,NavMesh,
2541,16.22,AgentPrefab,Agent,MoveState,Moving,Goal,20.00,0.00,20.00,21.17,0.08,14.25,21.17,0.08,16.17,NavMesh,
2542,16.23,AgentPrefab,Agent,MoveState,Moving,Goal,20.00,0.00,20.00,21.17,0.08,14.26,21.17,0.08,16.17,NavMesh,
2543,16.24,AgentPrefab,Agent,MoveState,Moving,Goal,20.00,0.00,20.00,21.17,0.08,14.27,21.17,0.08,16.17,NavMesh,
2544,16.24,AgentPrefab,Agent,MoveState,Moving,Goal,20.00,0.00,20.00,21.17,0.08,14.29,21.17,0.08,16.17,NavMesh,
2545,16.25,AgentPrefab,Agent,MoveState,Moving,Goal,20.00,0.00,20.00,21.17,0.08,14.30,21.17,0.08,16.17,NavMesh,
2546,16.26,AgentPrefab,Agent,MoveState,Moving,Goal,20.00,0.00,20.00,21.17,0.08,14.32,21.17,0.08,16.17,NavMesh,
2547,16.27,AgentPrefab,Agent,MoveState,Moving,Goal,20.00,0.00,20.00,21.17,0.08,14.33,21.17,0.08,16.17,NavMesh,
2548,16.27,AgentPrefab,Agent,MoveState,Moving,Goal,20.00,0.00,20.00,21.17,0.08,14.34,21.17,0.08,16.17,NavMesh,
2549,16.28,AgentPrefab,Agent,MoveState,Moving,Goal,20.00,0.00,20.00,21.17,0.08,14.36,21.17,0.08,16.17,NavMesh,
2550,16.28,AgentPrefab,Agent,MoveState,Moving,Goal,20.00,0.00,20.00,21.17,0.08,14.37,21.17,0.08,16.17,NavMesh,
2551,16.29,AgentPrefab,Agent,MoveState,Moving,Goal,20.00,0.00,20.00,21.17,0.08,14.38,21.17,0.08,16.17,NavMesh,
2552,16.30,AgentPrefab,Agent,MoveState,Moving,Goal,20.00,0.00,20.00,21.17,0.08,14.40,21.17,0.08,16.17,NavMesh,
2553,16.31,AgentPrefab,Agent,MoveState,Moving,Goal,20.00,0.00,20.00,21.17,0.08,14.42,21.17,0.08,16.17,NavMesh,
2554,16.32,AgentPrefab,Agent,MoveState,Moving,Goal,20.00,0.00,20.00,21.17,0.08,14.43,21.17,0.08,16.17,NavMesh,
2555,16.33,AgentPrefab,Agent,MoveState,Moving,Goal,20.00,0.00,20.00,21.17,0.08,14.45,21.17,0.08,16.17,NavMesh,
2556,16.33,AgentPrefab,Agent,MoveState,Moving,Goal,20.00,0.00,20.00,21.17,0.08,14.47,21.17,0.08,16.17,NavMesh,
2557,16.34,AgentPrefab,Agent,MoveState,Moving,Goal,20.00,0.00,20.00,21.17,0.08,14.48,21.17,0.08,16.17,NavMesh,
2558,16.35,AgentPrefab,Agent,MoveState,Moving,Goal,20.00,0.00,20.00,21.17,0.08,14.50,21.17,0.08,16.17,NavMesh,
2559,16.36,AgentPrefab,Agent,MoveState,Moving,Goal,20.00,0.00,20.00,21.17,0.08,14.52,21.17,0.08,16.17,NavMesh,
2560,16.37,AgentPrefab,Agent,MoveState,Moving,Goal,20.00,0.00,20.00,21.17,0.08,14.53,21.17,0.08,16.17,NavMesh,
2561,16.37,AgentPrefab,Agent,MoveState,Moving,Goal,20.00,0.00,20.00,21.17,0.08,14.55,21.17,0.08,16.17,NavMesh,
2562,16.38,AgentPrefab,Agent,MoveState,Moving,Goal,20.00,0.00,20.00,21.17,0.08,14.56,21.17,0.08,16.17,NavMesh,
2563,16.39,AgentPrefab,Agent,MoveState,Moving,Goal,20.00,0.00,20.00,21.17,0.08,14.58,21.17,0.08,16.17,NavMesh,
2564,16.40,AgentPrefab,Agent,MoveState,Moving,Goal,20.00,0.00,20.00,21.17,0.08,14.59,21.17,0.08,16.17,NavMesh,
2565,16.41,AgentPrefab,Agent,MoveState,Moving,Goal,20.00,0.00,20.00,21.17,0.08,14.61,21.17,0.08,16.17,NavMesh,
2566,16.41,AgentPrefab,Agent,MoveState,Moving,Goal,20.00,0.00,20.00,21.17,0.08,14.63,21.17,0.08,16.17,NavMesh,
2567,16.42,AgentPrefab,Agent,MoveState,Moving,Goal,20.00,0.00,20.00,21.17,0.08,14.64,21.17,0.08,16.17,NavMesh,
2568,16.43,AgentPrefab,Agent,MoveState,Moving,Goal,20.00,0.00,20.00,21.17,0.08,14.66,21.17,0.08,16.17,NavMesh,
2569,16.44,AgentPrefab,Agent,MoveState,Moving,Goal,20.00,0.00,20.00,21.17,0.08,14.68,21.17,0.08,16.17,NavMesh,
2570,16.45,AgentPrefab,Agent,MoveState,Moving,Goal,20.00,0.00,20.00,21.17,0.08,14.69,21.17,0.08,16.17,NavMesh,
2571,16.46,AgentPrefab,Agent,MoveState,Moving,Goal,20.00,0.00,20.00,21.17,0.08,14.71,21.17,0.08,16.17,NavMesh,
2572,16.46,AgentPrefab,Agent,MoveState,Moving,Goal,20.00,0.00,20.00,21.17,0.08,14.72,21.17,0.08,16.17,NavMesh,
2573,16.47,AgentPrefab,Agent,MoveState,Moving,Goal,20.00,0.00,20.00,21.17,0.08,14.74,21.17,0.08,16.17,NavMesh,
2574,16.48,AgentPrefab,Agent,MoveState,Moving,Goal,20.00,0.00,20.00,21.17,0.08,14.76,21.17,0.08,16.17,NavMesh,
2575,16.49,AgentPrefab,Agent,MoveState,Moving,Goal,20.00,0.00,20.00,21.17,0.08,14.78,21.17,0.08,16.17,NavMesh,
2576,16.50,AgentPrefab,Agent,MoveState,Moving,Goal,20.00,0.00,20.00,21.17,0.08,14.79,21.17,0.08,16.17,NavMesh,
2577,16.50,AgentPrefab,Agent,MoveState,Moving,Goal,20.00,0.00,20.00,21.17,0.08,14.81,21.17,0.08,16.17,NavMesh,
2578,16.51,AgentPrefab,Agent,MoveState,Moving,Goal,20.00,0.00,20.00,21.17,0.08,14.82,21.17,0.08,16.17,NavMesh,
2579,16.52,AgentPrefab,Agent,MoveState,Moving,Goal,20.00,0.00,20.00,21.17,0.08,14.83,21.17,0.08,16.17,NavMesh,
2580,16.52,AgentPrefab,Agent,MoveState,Moving,Goal,20.00,0.00,20.00,21.17,0.08,14.85,21.17,0.08,16.17,NavMesh,
2581,16.53,AgentPrefab,Agent,MoveState,Moving,Goal,20.00,0.00,20.00,21.17,0.08,14.86,21.17,0.08,16.17,NavMesh,
2582,16.54,AgentPrefab,Agent,MoveState,Moving,Goal,20.00,0.00,20.00,21.17,0.08,14.87,21.17,0.08,16.17,NavMesh,
2583,16.54,AgentPrefab,Agent,MoveState,Moving,Goal,20.00,0.00,20.00,21.17,0.08,14.89,21.17,0.08,16.17,NavMesh,
2584,16.55,AgentPrefab,Agent,MoveState,Moving,Goal,20.00,0.00,20.00,21.17,0.08,14.90,21.17,0.08,16.17,NavMesh,
2585,16.56,AgentPrefab,Agent,MoveState,Moving,Goal,20.00,0.00,20.00,21.17,0.08,14.91,21.17,0.08,16.17,NavMesh,
2586,16.56,AgentPrefab,Agent,MoveState,Moving,Goal,20.00,0.00,20.00,21.17,0.08,14.93,21.17,0.08,16.17,NavMesh,
2587,16.57,AgentPrefab,Agent,MoveState,Moving,Goal,20.00,0.00,20.00,21.17,0.08,14.94,21.17,0.08,16.17,NavMesh,
2588,16.58,AgentPrefab,Agent,MoveState,Moving,Goal,20.00,0.00,20.00,21.17,0.08,14.96,21.17,0.08,16.17,NavMesh,
2589,16.58,AgentPrefab,Agent,MoveState,Moving,Goal,20.00,0.00,20.00,21.17,0.08,14.97,21.17,0.08,16.17,NavMesh,
2590,16.59,AgentPrefab,Agent,MoveState,Moving,Goal,20.00,0.00,20.00,21.17,0.08,14.98,21.17,0.08,16.17,NavMesh,
2591,16.60,AgentPrefab,Agent,MoveState,Moving,Goal,20.00,0.00,20.00,21.17,0.08,15.00,21.17,0.08,16.17,NavMesh,
2592,16.61,AgentPrefab,Agent,MoveState,Moving,Goal,20.00,0.00,20.00,21.17,0.08,15.01,21.17,0.08,16.17,NavMesh,
2593,16.61,AgentPrefab,Agent,MoveState,Moving,Goal,20.00,0.00,20.00,21.17,0.08,15.03,21.17,0.08,16.17,NavMesh,
2594,16.63,AgentPrefab,Agent,MoveState,Moving,Goal,20.00,0.00,20.00,21.17,0.08,15.04,21.17,0.08,16.17,NavMesh,
2595,16.64,AgentPrefab,Agent,MoveState,Moving,Goal,20.00,0.00,20.00,21.17,0.08,15.08,21.17,0.08,16.17,NavMesh,
2596,16.64,AgentPrefab,Agent,MoveState,Moving,Goal,20.00,0.00,20.00,21.17,0.08,15.09,21.17,0.08,16.17,NavMesh,
2597,16.65,AgentPrefab,Agent,MoveState,Moving,Goal,20.00,0.00,20.00,21.17,0.08,15.10,21.17,0.08,16.17,NavMesh,
2598,16.66,AgentPrefab,Agent,MoveState,Moving,Goal,20.00,0.00,20.00,21.17,0.08,15.12,21.17,0.08,16.17,NavMesh,
2599,16.67,AgentPrefab,Agent,MoveState,Moving,Goal,20.00,0.00,20.00,21.17,0.08,15.13,21.17,0.08,16.17,NavMesh,
2600,16.67,AgentPrefab,Agent,MoveState,Moving,Goal,20.00,0.00,20.00,21.17,0.08,15.15,21.17,0.08,16.17,NavMesh,
2601,16.68,AgentPrefab,Agent,MoveState,Moving,Goal,20.00,0.00,20.00,21.17,0.08,15.16,21.17,0.08,16.17,NavMesh,
2602,16.69,AgentPrefab,Agent,MoveState,Moving,Goal,20.00,0.00,20.00,21.17,0.08,15.17,21.17,0.08,16.17,NavMesh,
2603,16.69,AgentPrefab,Agent,MoveState,Moving,Goal,20.00,0.00,20.00,21.17,0.08,15.19,21.17,0.08,16.17,NavMesh,
2604,16.70,AgentPrefab,Agent,MoveState,Moving,Goal,20.00,0.00,20.00,21.17,0.08,15.20,21.17,0.08,16.17,NavMesh,
2605,16.71,AgentPrefab,Agent,MoveState,Moving,Goal,20.00,0.00,20.00,21.17,0.08,15.21,21.17,0.08,16.17,NavMesh,
2606,16.71,AgentPrefab,Agent,MoveState,Moving,Goal,20.00,0.00,20.00,21.17,0.08,15.23,21.17,0.08,16.17,NavMesh,
2607,16.72,AgentPrefab,Agent,MoveState,Moving,Goal,20.00,0.00,20.00,21.17,0.08,15.24,21.17,0.08,16.17,NavMesh,
2608,16.73,AgentPrefab,Agent,MoveState,Moving,Goal,20.00,0.00,20.00,21.17,0.08,15.25,21.17,0.08,16.17,NavMesh,
2609,16.73,AgentPrefab,Agent,MoveState,Moving,Goal,20.00,0.00,20.00,21.17,0.08,15.27,21.17,0.08,16.17,NavMesh,
2610,16.74,AgentPrefab,Agent,MoveState,Moving,Goal,20.00,0.00,20.00,21.17,0.08,15.28,21.17,0.08,16.17,NavMesh,
2611,16.75,AgentPrefab,Agent,MoveState,Moving,Goal,20.00,0.00,20.00,21.17,0.08,15.29,21.17,0.08,16.17,NavMesh,
2612,16.75,AgentPrefab,Agent,MoveState,Moving,Goal,20.00,0.00,20.00,21.17,0.08,15.31,21.17,0.08,16.17,NavMesh,
2613,16.76,AgentPrefab,Agent,MoveState,Moving,Goal,20.00,0.00,20.00,21.17,0.08,15.32,21.17,0.08,16.17,NavMesh,
2614,16.77,AgentPrefab,Agent,MoveState,Moving,Goal,20.00,0.00,20.00,21.17,0.08,15.34,21.17,0.08,16.17,NavMesh,
2615,16.77,AgentPrefab,Agent,MoveState,Moving,Goal,20.00,0.00,20.00,21.17,0.08,15.35,21.17,0.08,16.17,NavMesh,
2616,16.78,AgentPrefab,Agent,MoveState,Moving,Goal,20.00,0.00,20.00,21.17,0.08,15.36,21.17,0.08,16.17,NavMesh,
2617,16.79,AgentPrefab,Agent,MoveState,Moving,Goal,20.00,0.00,20.00,21.17,0.08,15.38,21.17,0.08,16.17,NavMesh,
2618,16.80,AgentPrefab,Agent,MoveState,Moving,Goal,20.00,0.00,20.00,21.17,0.08,15.39,21.17,0.08,16.17,NavMesh,
2619,16.80,AgentPrefab,Agent,MoveState,Moving,Goal,20.00,0.00,20.00,21.17,0.08,15.41,21.17,0.08,16.17,NavMesh,
2620,16.81,AgentPrefab,Agent,MoveState,Moving,Goal,20.00,0.00,20.00,21.17,0.08,15.42,21.17,0.08,16.17,NavMesh,
2621,16.82,AgentPrefab,Agent,MoveState,Moving,Goal,20.00,0.00,20.00,21.17,0.08,15.43,21.17,0.08,16.17,NavMesh,
2622,16.82,AgentPrefab,Agent,MoveState,Moving,Goal,20.00,0.00,20.00,21.17,0.08,15.45,21.17,0.08,16.17,NavMesh,
2623,16.83,AgentPrefab,Agent,MoveState,Moving,Goal,20.00,0.00,20.00,21.17,0.08,15.46,21.17,0.08,16.17,NavMesh,
2624,16.84,AgentPrefab,Agent,MoveState,Moving,Goal,20.00,0.00,20.00,21.17,0.08,15.47,21.17,0.08,16.17,NavMesh,
2625,16.84,AgentPrefab,Agent,MoveState,Moving,Goal,20.00,0.00,20.00,21.17,0.08,15.49,21.17,0.08,16.17,NavMesh,
2626,16.85,AgentPrefab,Agent,MoveState,Moving,Goal,20.00,0.00,20.00,21.17,0.08,15.50,21.17,0.08,16.17,NavMesh,
2627,16.86,AgentPrefab,Agent,MoveState,Moving,Goal,20.00,0.00,20.00,21.17,0.08,15.51,21.17,0.08,16.17,NavMesh,
2628,16.86,AgentPrefab,Agent,MoveState,Moving,Goal,20.00,0.00,20.00,21.17,0.08,15.53,21.17,0.08,16.17,NavMesh,
2629,16.87,AgentPrefab,Agent,MoveState,Moving,Goal,20.00,0.00,20.00,21.17,0.08,15.54,21.17,0.08,16.17,NavMesh,
2630,16.88,AgentPrefab,Agent,MoveState,Moving,Goal,20.00,0.00,20.00,21.17,0.08,15.56,21.17,0.08,16.17,NavMesh,
2631,16.88,AgentPrefab,Agent,MoveState,Moving,Goal,20.00,0.00,20.00,21.17,0.08,15.57,21.17,0.08,16.17,NavMesh,
2632,16.89,AgentPrefab,Agent,MoveState,Moving,Goal,20.00,0.00,20.00,21.17,0.08,15.58,21.17,0.08,16.17,NavMesh,
2633,16.90,AgentPrefab,Agent,MoveState,Moving,Goal,20.00,0.00,20.00,21.17,0.08,15.60,21.17,0.08,16.17,NavMesh,
2634,16.90,AgentPrefab,Agent,MoveState,Moving,Goal,20.00,0.00,20.00,21.17,0.08,15.61,21.17,0.08,16.17,NavMesh,
2635,16.91,AgentPrefab,Agent,MoveState,Moving,Goal,20.00,0.00,20.00,21.17,0.08,15.62,21.17,0.08,16.17,NavMesh,
2636,16.92,AgentPrefab,Agent,MoveState,Moving,Goal,20.00,0.00,20.00,21.17,0.08,15.64,21.17,0.08,16.17,NavMesh,
2637,16.93,AgentPrefab,Agent,MoveState,Moving,Goal,20.00,0.00,20.00,21.17,0.08,15.65,21.17,0.08,16.17,NavMesh,
2638,16.93,AgentPrefab,Agent,MoveState,Moving,Goal,20.00,0.00,20.00,21.17,0.08,15.67,21.17,0.08,16.17,NavMesh,
2639,16.94,AgentPrefab,Agent,MoveState,Moving,Goal,20.00,0.00,20.00,21.17,0.08,15.68,21.17,0.08,16.17,NavMesh,
2640,16.95,AgentPrefab,Agent,MoveState,Moving,Goal,20.00,0.00,20.00,21.17,0.08,15.69,21.17,0.08,16.17,NavMesh,
2641,16.95,AgentPrefab,Agent,MoveState,Moving,Goal,20.00,0.00,20.00,21.17,0.08,15.71,21.17,0.08,16.17,NavMesh,
2642,16.96,AgentPrefab,Agent,MoveState,Moving,Goal,20.00,0.00,20.00,21.17,0.08,15.72,21.17,0.08,16.17,NavMesh,
2643,16.97,AgentPrefab,Agent,MoveState,Moving,Goal,20.00,0.00,20.00,21.17,0.08,15.73,21.17,0.08,16.17,NavMesh,
2644,16.97,AgentPrefab,Agent,MoveState,Moving,Goal,20.00,0.00,20.00,21.17,0.08,15.75,21.17,0.08,16.17,NavMesh,
2645,16.98,AgentPrefab,Agent,MoveState,Moving,Goal,20.00,0.00,20.00,21.17,0.08,15.76,21.17,0.08,16.17,NavMesh,
2646,16.99,AgentPrefab,Agent,MoveState,Moving,Goal,20.00,0.00,20.00,21.17,0.08,15.78,21.17,0.08,16.17,NavMesh,
2647,16.99,AgentPrefab,Agent,MoveState,Moving,Goal,20.00,0.00,20.00,21.17,0.08,15.79,21.17,0.08,16.17,NavMesh,
2648,17.00,AgentPrefab,Agent,MoveState,Moving,Goal,20.00,0.00,20.00,21.17,0.08,15.80,21.17,0.08,16.17,NavMesh,
2649,17.01,AgentPrefab,Agent,MoveState,Moving,Goal,20.00,0.00,20.00,21.17,0.08,15.82,21.17,0.08,16.17,NavMesh,
2650,17.01,AgentPrefab,Agent,MoveState,Moving,Goal,20.00,0.00,20.00,21.17,0.08,15.83,21.17,0.08,16.17,NavMesh,
2651,17.02,AgentPrefab,Agent,MoveState,Moving,Goal,20.00,0.00,20.00,21.17,0.08,15.84,21.17,0.08,16.17,NavMesh,
2652,17.03,AgentPrefab,Agent,MoveState,Moving,Goal,20.00,0.00,20.00,21.17,0.08,15.86,21.17,0.08,16.17,NavMesh,
2653,17.04,AgentPrefab,Agent,MoveState,Moving,Goal,20.00,0.00,20.00,21.17,0.08,15.87,21.17,0.08,16.17,NavMesh,
2654,17.04,AgentPrefab,Agent,MoveState,Moving,Goal,20.00,0.00,20.00,21.17,0.08,15.89,21.17,0.08,16.17,NavMesh,
2655,17.05,AgentPrefab,Agent,MoveState,Moving,Goal,20.00,0.00,20.00,21.17,0.08,15.90,21.17,0.08,16.17,NavMesh,
2656,17.06,AgentPrefab,Agent,MoveState,Moving,Goal,20.00,0.00,20.00,21.17,0.08,15.90,21.17,0.08,16.17,NavMesh,
2657,17.06,AgentPrefab,Agent,MoveState,Moving,Goal,20.00,0.00,20.00,21.17,0.08,15.90,21.17,0.08,16.17,NavMesh,
2658,17.07,AgentPrefab,Agent,MoveState,Moving,Goal,20.00,0.00,20.00,21.17,0.08,15.90,21.17,0.08,16.17,NavMesh,
2659,17.08,AgentPrefab,Agent,MoveState,Moving,Goal,20.00,0.00,20.00,21.17,0.08,15.90,21.17,0.08,16.17,NavMesh,
2660,17.09,AgentPrefab,Agent,MoveState,Moving,Goal,20.00,0.00,20.00,21.17,0.08,15.90,21.17,0.08,16.17,NavMesh,
2661,17.09,AgentPrefab,Agent,MoveState,Moving,Goal,20.00,0.00,20.00,21.17,0.08,15.90,21.17,0.08,16.17,NavMesh,
2662,17.10,AgentPrefab,Agent,MoveState,Moving,Goal,20.00,0.00,20.00,21.17,0.08,15.90,21.17,0.08,16.17,NavMesh,
2663,17.11,AgentPrefab,Agent,MoveState,Moving,Goal,20.00,0.00,20.00,21.17,0.08,15.90,21.17,0.08,16.17,NavMesh,
2664,17.11,AgentPrefab,Agent,MoveState,Moving,Goal,20.00,0.00,20.00,21.17,0.08,15.90,21.17,0.08,16.17,NavMesh,
2665,17.12,AgentPrefab,Agent,MoveState,Moving,Goal,20.00,0.00,20.00,21.17,0.08,15.90,21.17,0.08,16.17,NavMesh,
2666,17.13,AgentPrefab,Agent,MoveState,Moving,Goal,20.00,0.00,20.00,21.17,0.08,15.90,21.17,0.08,16.17,NavMesh,
2667,17.13,AgentPrefab,Agent,MoveState,Moving,Goal,20.00,0.00,20.00,21.17,0.08,15.90,21.17,0.08,16.17,NavMesh,
2668,17.14,AgentPrefab,Agent,MoveState,Moving,Goal,20.00,0.00,20.00,21.17,0.08,15.90,21.17,0.08,16.17,NavMesh,
2669,17.15,AgentPrefab,Agent,MoveState,Moving,Goal,20.00,0.00,20.00,21.17,0.08,15.90,21.17,0.08,16.17,NavMesh,
2670,17.15,AgentPrefab,Agent,MoveState,Moving,Goal,20.00,0.00,20.00,21.17,0.08,15.90,21.17,0.08,16.17,NavMesh,
2671,17.16,AgentPrefab,Agent,MoveState,Moving,Goal,20.00,0.00,20.00,21.17,0.08,15.90,21.17,0.08,16.17,NavMesh,
2672,17.17,AgentPrefab,Agent,MoveState,Moving,Goal,20.00,0.00,20.00,21.17,0.08,15.90,21.17,0.08,16.17,NavMesh,
2673,17.17,AgentPrefab,Agent,MoveState,Moving,Goal,20.00,0.00,20.00,21.17,0.08,15.90,21.17,0.08,16.17,NavMesh,
2674,17.18,AgentPrefab,Agent,MoveState,Moving,Goal,20.00,0.00,20.00,21.17,0.08,15.90,21.17,0.08,16.17,NavMesh,
2675,17.19,AgentPrefab,Agent,MoveState,Moving,Goal,20.00,0.00,20.00,21.17,0.08,15.90,21.17,0.08,16.17,NavMesh,
2676,17.19,AgentPrefab,Agent,MoveState,Moving,Goal,20.00,0.00,20.00,21.17,0.08,15.90,21.17,0.08,16.17,NavMesh,
2677,17.20,AgentPrefab,Agent,MoveState,Moving,Goal,20.00,0.00,20.00,21.17,0.08,15.90,21.17,0.08,16.17,NavMesh,
2678,17.21,AgentPrefab,Agent,MoveState,Moving,Goal,20.00,0.00,20.00,21.17,0.08,15.90,21.17,0.08,16.17,NavMesh,
2679,17.22,AgentPrefab,Agent,MoveState,Moving,Goal,20.00,0.00,20.00,21.17,0.08,15.90,21.17,0.08,16.17,NavMesh,
2680,17.22,AgentPrefab,Agent,MoveState,Moving,Goal,20.00,0.00,20.00,21.17,0.08,15.90,21.17,0.08,16.17,NavMesh,
2681,17.23,AgentPrefab,Agent,MoveState,Moving,Goal,20.00,0.00,20.00,21.17,0.08,15.90,21.17,0.08,16.17,NavMesh,
2682,17.24,AgentPrefab,Agent,MoveState,Moving,Goal,20.00,0.00,20.00,21.17,0.08,15.90,21.17,0.08,16.17,NavMesh,
2683,17.24,AgentPrefab,Agent,MoveState,Moving,Goal,20.00,0.00,20.00,21.17,0.08,15.90,21.17,0.08,16.17,NavMesh,
2684,17.25,AgentPrefab,Agent,MoveState,Moving,Goal,20.00,0.00,20.00,21.17,0.08,15.90,21.17,0.08,16.17,NavMesh,
2685,17.26,AgentPrefab,Agent,MoveState,Moving,Goal,20.00,0.00,20.00,21.17,0.08,15.90,21.17,0.08,16.17,NavMesh,
2686,17.26,AgentPrefab,Agent,MoveState,Moving,Goal,20.00,0.00,20.00,21.17,0.08,15.90,21.17,0.08,16.17,NavMesh,
2687,17.27,AgentPrefab,Agent,MoveState,Moving,Goal,20.00,0.00,20.00,21.17,0.08,15.90,21.17,0.08,16.17,NavMesh,
2688,17.28,AgentPrefab,Agent,MoveState,Moving,Goal,20.00,0.00,20.00,21.17,0.08,15.90,21.17,0.08,16.17,NavMesh,
2689,17.29,AgentPrefab,Agent,MoveState,Moving,Goal,20.00,0.00,20.00,21.17,0.08,15.90,21.17,0.08,16.17,NavMesh,
2690,17.29,AgentPrefab,Agent,MoveState,Moving,Goal,20.00,0.00,20.00,21.17,0.08,15.90,21.17,0.08,16.17,NavMesh,
2691,17.30,AgentPrefab,Agent,MoveState,Moving,Goal,20.00,0.00,20.00,21.17,0.08,15.90,21.17,0.08,16.17,NavMesh,
2692,17.32,AgentPrefab,Agent,MoveState,Moving,Goal,20.00,0.00,20.00,21.17,0.08,15.90,21.17,0.08,16.17,NavMesh,
2693,17.32,AgentPrefab,Agent,MoveState,Moving,Goal,20.00,0.00,20.00,21.17,0.08,15.90,21.17,0.08,16.17,NavMesh,
2694,17.33,AgentPrefab,Agent,MoveState,Moving,Goal,20.00,0.00,20.00,21.17,0.08,15.90,21.17,0.08,16.17,NavMesh,
2695,17.34,AgentPrefab,Agent,MoveState,Moving,Goal,20.00,0.00,20.00,21.17,0.08,15.90,21.17,0.08,16.17,NavMesh,
2696,17.35,AgentPrefab,Agent,MoveState,Moving,Goal,20.00,0.00,20.00,21.17,0.08,15.90,21.17,0.08,16.17,NavMesh,
2697,17.35,AgentPrefab,Agent,MoveState,Moving,Goal,20.00,0.00,20.00,21.17,0.08,15.90,21.17,0.08,16.17,NavMesh,
2698,17.36,AgentPrefab,Agent,MoveState,Moving,Goal,20.00,0.00,20.00,21.17,0.08,15.90,21.17,0.08,16.17,NavMesh,
2699,17.37,AgentPrefab,Agent,MoveState,Moving,Goal,20.00,0.00,20.00,21.17,0.08,15.90,21.17,0.08,16.17,NavMesh,
2700,17.37,AgentPrefab,Agent,MoveState,Moving,Goal,20.00,0.00,20.00,21.17,0.08,15.90,21.17,0.08,16.17,NavMesh,
2701,17.38,AgentPrefab,Agent,MoveState,Moving,Goal,20.00,0.00,20.00,21.17,0.08,15.90,21.17,0.08,16.17,NavMesh,
2702,17.39,AgentPrefab,Agent,MoveState,Moving,Goal,20.00,0.00,20.00,21.17,0.08,15.90,21.17,0.08,16.17,NavMesh,
2703,17.39,AgentPrefab,Agent,MoveState,Moving,Goal,20.00,0.00,20.00,21.17,0.08,15.90,21.17,0.08,16.17,NavMesh,
2704,17.40,AgentPrefab,Agent,MoveState,Moving,Goal,20.00,0.00,20.00,21.17,0.08,15.90,21.17,0.08,16.17,NavMesh,
2705,17.41,AgentPrefab,Agent,MoveState,Moving,Goal,20.00,0.00,20.00,21.17,0.08,15.90,21.17,0.08,16.17,NavMesh,
2706,17.42,AgentPrefab,Agent,MoveState,Moving,Goal,20.00,0.00,20.00,21.17,0.08,15.90,21.17,0.08,16.17,NavMesh,
2707,17.42,AgentPrefab,Agent,MoveState,Moving,Goal,20.00,0.00,20.00,21.17,0.08,15.90,21.17,0.08,16.17,NavMesh,
2708,17.43,AgentPrefab,Agent,MoveState,Moving,Goal,20.00,0.00,20.00,21.17,0.08,15.90,21.17,0.08,16.17,NavMesh,
2709,17.44,AgentPrefab,Agent,MoveState,Moving,Goal,20.00,0.00,20.00,21.17,0.08,15.90,21.17,0.08,16.17,NavMesh,
2710,17.44,AgentPrefab,Agent,MoveState,Moving,Goal,20.00,0.00,20.00,21.17,0.08,15.90,21.17,0.08,16.17,NavMesh,
2711,17.45,AgentPrefab,Agent,MoveState,Moving,Goal,20.00,0.00,20.00,21.17,0.08,15.90,21.17,0.08,16.17,NavMesh,
2712,17.46,AgentPrefab,Agent,MoveState,Moving,Goal,20.00,0.00,20.00,21.17,0.08,15.90,21.17,0.08,16.17,NavMesh,
2713,17.46,AgentPrefab,Agent,MoveState,Moving,Goal,20.00,0.00,20.00,21.17,0.08,15.90,21.17,0.08,16.17,NavMesh,
2714,17.47,AgentPrefab,Agent,MoveState,Moving,Goal,20.00,0.00,20.00,21.17,0.08,15.90,21.17,0.08,16.17,NavMesh,
2715,17.48,AgentPrefab,Agent,MoveState,Moving,Goal,20.00,0.00,20.00,21.17,0.08,15.90,21.17,0.08,16.17,NavMesh,
2716,17.48,AgentPrefab,Agent,MoveState,Moving,Goal,20.00,0.00,20.00,21.17,0.08,15.90,21.17,0.08,16.17,NavMesh,
2717,17.49,AgentPrefab,Agent,MoveState,Moving,Goal,20.00,0.00,20.00,21.17,0.08,15.90,21.17,0.08,16.17,NavMesh,
2718,17.50,AgentPrefab,Agent,MoveState,Moving,Goal,20.00,0.00,20.00,21.17,0.08,15.90,21.17,0.08,16.17,NavMesh,
2719,17.50,AgentPrefab,Agent,MoveState,Moving,Goal,20.00,0.00,20.00,21.17,0.08,15.90,21.17,0.08,16.17,NavMesh,
2720,17.51,AgentPrefab,Agent,MoveState,Moving,Goal,20.00,0.00,20.00,21.17,0.08,15.90,21.17,0.08,16.17,NavMesh,
2721,17.52,AgentPrefab,Agent,MoveState,Moving,Goal,20.00,0.00,20.00,21.17,0.08,15.90,21.17,0.08,16.17,NavMesh,
2722,17.53,AgentPrefab,Agent,MoveState,Moving,Goal,20.00,0.00,20.00,21.17,0.08,15.90,21.17,0.08,16.17,NavMesh,
2723,17.53,AgentPrefab,Agent,MoveState,Moving,Goal,20.00,0.00,20.00,21.17,0.08,15.90,21.17,0.08,16.17,NavMesh,
2724,17.54,AgentPrefab,Agent,MoveState,Moving,Goal,20.00,0.00,20.00,21.17,0.08,15.90,21.17,0.08,16.17,NavMesh,
2725,17.55,AgentPrefab,Agent,MoveState,Moving,Goal,20.00,0.00,20.00,21.17,0.08,15.90,21.17,0.08,16.17,NavMesh,
2726,17.55,AgentPrefab,Agent,MoveState,Moving,Goal,20.00,0.00,20.00,21.17,0.08,15.90,21.17,0.08,16.17,NavMesh,
2727,17.56,AgentPrefab,Agent,MoveState,Moving,Goal,20.00,0.00,20.00,21.17,0.08,15.90,21.17,0.08,16.17,NavMesh,
2728,17.57,AgentPrefab,Agent,MoveState,Moving,Goal,20.00,0.00,20.00,21.17,0.08,15.90,21.17,0.08,16.17,NavMesh,
2729,17.57,AgentPrefab,Agent,MoveState,Moving,Goal,20.00,0.00,20.00,21.17,0.08,15.90,21.17,0.08,16.17,NavMesh,
2730,17.58,AgentPrefab,Agent,MoveState,Moving,Goal,20.00,0.00,20.00,21.17,0.08,15.90,21.17,0.08,16.17,NavMesh,
2731,17.59,AgentPrefab,Agent,MoveState,Moving,Goal,20.00,0.00,20.00,21.17,0.08,15.90,21.17,0.08,16.17,NavMesh,
2732,17.60,AgentPrefab,Agent,MoveState,Moving,Goal,20.00,0.00,20.00,21.17,0.08,15.90,21.17,0.08,16.17,NavMesh,
2733,17.60,AgentPrefab,Agent,MoveState,Moving,Goal,20.00,0.00,20.00,21.17,0.08,15.90,21.17,0.08,16.17,NavMesh,
2734,17.61,AgentPrefab,Agent,MoveState,Moving,Goal,20.00,0.00,20.00,21.17,0.08,15.90,21.17,0.08,16.17,NavMesh,
2735,17.62,AgentPrefab,Agent,MoveState,Moving,Goal,20.00,0.00,20.00,21.17,0.08,15.90,21.17,0.08,16.17,NavMesh,
2736,17.62,AgentPrefab,Agent,MoveState,Moving,Goal,20.00,0.00,20.00,21.17,0.08,15.90,21.17,0.08,16.17,NavMesh,
2737,17.63,AgentPrefab,Agent,MoveState,Moving,Goal,20.00,0.00,20.00,21.17,0.08,15.90,21.17,0.08,16.17,NavMesh,
2738,17.64,AgentPrefab,Agent,MoveState,Moving,Goal,20.00,0.00,20.00,21.17,0.08,15.90,21.17,0.08,16.17,NavMesh,
2739,17.64,AgentPrefab,Agent,MoveState,Moving,Goal,20.00,0.00,20.00,21.17,0.08,15.90,21.17,0.08,16.17,NavMesh,
2740,17.65,AgentPrefab,Agent,MoveState,Moving,Goal,20.00,0.00,20.00,21.17,0.08,15.90,21.17,0.08,16.17,NavMesh,
2741,17.66,AgentPrefab,Agent,MoveState,Moving,Goal,20.00,0.00,20.00,21.17,0.08,15.90,21.17,0.08,16.17,NavMesh,
2742,17.67,AgentPrefab,Agent,MoveState,Moving,Goal,20.00,0.00,20.00,21.17,0.08,15.90,21.17,0.08,16.17,NavMesh,
2743,17.67,AgentPrefab,Agent,MoveState,Moving,Goal,20.00,0.00,20.00,21.17,0.08,15.90,21.17,0.08,16.17,NavMesh,
2744,17.68,AgentPrefab,Agent,MoveState,Moving,Goal,20.00,0.00,20.00,21.17,0.08,15.90,21.17,0.08,16.17,NavMesh,
2745,17.69,AgentPrefab,Agent,MoveState,Moving,Goal,20.00,0.00,20.00,21.17,0.08,15.90,21.17,0.08,16.17,NavMesh,
2746,17.70,AgentPrefab,Agent,MoveState,Moving,Goal,20.00,0.00,20.00,21.17,0.08,15.90,21.17,0.08,16.17,NavMesh,
2747,17.70,AgentPrefab,Agent,MoveState,Moving,Goal,20.00,0.00,20.00,21.17,0.08,15.90,21.17,0.08,16.17,NavMesh,
2748,17.71,AgentPrefab,Agent,MoveState,Moving,Goal,20.00,0.00,20.00,21.17,0.08,15.90,21.17,0.08,16.17,NavMesh,
2749,17.71,AgentPrefab,Agent,MoveState,Moving,Goal,20.00,0.00,20.00,21.17,0.08,15.90,21.17,0.08,16.17,NavMesh,
2750,17.72,AgentPrefab,Agent,MoveState,Moving,Goal,20.00,0.00,20.00,21.17,0.08,15.90,21.17,0.08,16.17,NavMesh,
2751,17.73,AgentPrefab,Agent,MoveState,Moving,Goal,20.00,0.00,20.00,21.17,0.08,15.90,21.17,0.08,16.17,NavMesh,
2752,17.74,AgentPrefab,Agent,MoveState,Moving,Goal,20.00,0.00,20.00,21.17,0.08,15.90,21.17,0.08,16.17,NavMesh,
2753,17.74,AgentPrefab,Agent,MoveState,Moving,Goal,20.00,0.00,20.00,21.17,0.08,15.90,21.17,0.08,16.17,NavMesh,
2754,17.75,AgentPrefab,Agent,MoveState,Moving,Goal,20.00,0.00,20.00,21.17,0.08,15.90,21.17,0.08,16.17,NavMesh,
2755,17.76,AgentPrefab,Agent,MoveState,Moving,Goal,20.00,0.00,20.00,21.17,0.08,15.90,21.17,0.08,16.17,NavMesh,
2756,17.76,AgentPrefab,Agent,MoveState,Moving,Goal,20.00,0.00,20.00,21.17,0.08,15.90,21.17,0.08,16.17,NavMesh,
2757,17.77,AgentPrefab,Agent,MoveState,Moving,Goal,20.00,0.00,20.00,21.17,0.08,15.90,21.17,0.08,16.17,NavMesh,
2758,17.78,AgentPrefab,Agent,MoveState,Moving,Goal,20.00,0.00,20.00,21.17,0.08,15.90,21.17,0.08,16.17,NavMesh,
2759,17.78,AgentPrefab,Agent,MoveState,Moving,Goal,20.00,0.00,20.00,21.17,0.08,15.90,21.17,0.08,16.17,NavMesh,
2760,17.79,AgentPrefab,Agent,MoveState,Moving,Goal,20.00,0.00,20.00,21.17,0.08,15.90,21.17,0.08,16.17,NavMesh,
2761,17.80,AgentPrefab,Agent,MoveState,Moving,Goal,20.00,0.00,20.00,21.17,0.08,15.90,21.17,0.08,16.17,NavMesh,
2762,17.80,AgentPrefab,Agent,MoveState,Moving,Goal,20.00,0.00,20.00,21.17,0.08,15.90,21.17,0.08,16.17,NavMesh,
2763,17.81,AgentPrefab,Agent,MoveState,Moving,Goal,20.00,0.00,20.00,21.17,0.08,15.90,21.17,0.08,16.17,NavMesh,
2764,17.82,AgentPrefab,Agent,MoveState,Moving,Goal,20.00,0.00,20.00,21.17,0.08,15.90,21.17,0.08,16.17,NavMesh,
2765,17.82,AgentPrefab,Agent,MoveState,Moving,Goal,20.00,0.00,20.00,21.17,0.08,15.90,21.17,0.08,16.17,NavMesh,
2766,17.83,AgentPrefab,Agent,MoveState,Moving,Goal,20.00,0.00,20.00,21.17,0.08,15.90,21.17,0.08,16.17,NavMesh,
2767,17.84,AgentPrefab,Agent,MoveState,Moving,Goal,20.00,0.00,20.00,21.17,0.08,15.90,21.17,0.08,16.17,NavMesh,
2768,17.85,AgentPrefab,Agent,MoveState,Moving,Goal,20.00,0.00,20.00,21.17,0.08,15.90,21.17,0.08,16.17,NavMesh,
2769,17.85,AgentPrefab,Agent,MoveState,Moving,Goal,20.00,0.00,20.00,21.17,0.08,15.90,21.17,0.08,16.17,NavMesh,
2770,17.86,AgentPrefab,Agent,MoveState,Moving,Goal,20.00,0.00,20.00,21.17,0.08,15.90,21.17,0.08,16.17,NavMesh,
2771,17.87,AgentPrefab,Agent,MoveState,Moving,Goal,20.00,0.00,20.00,21.17,0.08,15.90,21.17,0.08,16.17,NavMesh,
2772,17.87,AgentPrefab,Agent,MoveState,Moving,Goal,20.00,0.00,20.00,21.17,0.08,15.90,21.17,0.08,16.17,NavMesh,
2773,17.88,AgentPrefab,Agent,MoveState,Moving,Goal,20.00,0.00,20.00,21.17,0.08,15.90,21.17,0.08,16.17,NavMesh,
2774,17.89,AgentPrefab,Agent,MoveState,Moving,Goal,20.00,0.00,20.00,21.17,0.08,15.90,21.17,0.08,16.17,NavMesh,
2775,17.89,AgentPrefab,Agent,MoveState,Moving,Goal,20.00,0.00,20.00,21.17,0.08,15.90,21.17,0.08,16.17,NavMesh,
2776,17.90,AgentPrefab,Agent,MoveState,Moving,Goal,20.00,0.00,20.00,21.17,0.08,15.90,21.17,0.08,16.17,NavMesh,
2777,17.91,AgentPrefab,Agent,MoveState,Moving,Goal,20.00,0.00,20.00,21.17,0.08,15.90,21.17,0.08,16.17,NavMesh,
2778,17.91,AgentPrefab,Agent,MoveState,Moving,Goal,20.00,0.00,20.00,21.17,0.08,15.90,21.17,0.08,16.17,NavMesh,
2779,17.92,AgentPrefab,Agent,MoveState,Moving,Goal,20.00,0.00,20.00,21.17,0.08,15.90,21.17,0.08,16.17,NavMesh,
2780,17.93,AgentPrefab,Agent,MoveState,Moving,Goal,20.00,0.00,20.00,21.17,0.08,15.90,21.17,0.08,16.17,NavMesh,
2781,17.93,AgentPrefab,Agent,MoveState,Moving,Goal,20.00,0.00,20.00,21.17,0.08,15.90,21.17,0.08,16.17,NavMesh,
2782,17.94,AgentPrefab,Agent,MoveState,Moving,Goal,20.00,0.00,20.00,21.17,0.08,15.90,21.17,0.08,16.17,NavMesh,
2783,17.95,AgentPrefab,Agent,MoveState,Moving,Goal,20.00,0.00,20.00,21.17,0.08,15.90,21.17,0.08,16.17,NavMesh,
2784,17.95,AgentPrefab,Agent,MoveState,Moving,Goal,20.00,0.00,20.00,21.17,0.08,15.90,21.17,0.08,16.17,NavMesh,
2785,17.97,AgentPrefab,Agent,MoveState,Moving,Goal,20.00,0.00,20.00,21.17,0.08,15.90,21.17,0.08,16.17,NavMesh,
2786,17.98,AgentPrefab,Agent,MoveState,Moving,Goal,20.00,0.00,20.00,21.17,0.08,15.90,21.17,0.08,16.17,NavMesh,
2787,17.99,AgentPrefab,Agent,MoveState,Moving,Goal,20.00,0.00,20.00,21.17,0.08,15.90,21.17,0.08,16.17,NavMesh,
2788,17.99,AgentPrefab,Agent,MoveState,Moving,Goal,20.00,0.00,20.00,21.17,0.08,15.90,21.17,0.08,16.17,NavMesh,
2789,18.00,AgentPrefab,Agent,MoveState,Moving,Goal,20.00,0.00,20.00,21.17,0.08,15.90,21.17,0.08,16.17,NavMesh,
2790,18.01,AgentPrefab,Agent,MoveState,Moving,Goal,20.00,0.00,20.00,21.17,0.08,15.90,21.17,0.08,16.17,NavMesh,
2791,18.02,AgentPrefab,Agent,MoveState,Moving,Goal,20.00,0.00,20.00,21.17,0.08,15.90,21.17,0.08,16.17,NavMesh,
2792,18.02,AgentPrefab,Agent,MoveState,Moving,Goal,20.00,0.00,20.00,21.17,0.08,15.90,21.17,0.08,16.17,NavMesh,
2793,18.03,AgentPrefab,Agent,MoveState,Moving,Goal,20.00,0.00,20.00,21.17,0.08,15.90,21.17,0.08,16.17,NavMesh,
2794,18.04,AgentPrefab,Agent,MoveState,Moving,Goal,20.00,0.00,20.00,21.17,0.08,15.90,21.17,0.08,16.17,NavMesh,
2795,18.04,AgentPrefab,Agent,MoveState,Moving,Goal,20.00,0.00,20.00,21.17,0.08,15.90,21.17,0.08,16.17,NavMesh,
2796,18.05,AgentPrefab,Agent,SearchState,Searching,Goal,20.00,0.00,20.00,21.17,0.08,15.90,21.17,0.08,16.17,NavMesh,
2796,18.05,AgentPrefab,Agent,MoveState,Moving,Goal,20.00,0.00,20.00,21.17,0.08,15.90,21.17,0.08,16.17,NavMesh,
2797,18.06,AgentPrefab,Agent,MoveState,Moving,Goal,20.00,0.00,20.00,21.17,0.08,15.90,21.17,0.08,16.17,NavMesh,
2798,18.07,AgentPrefab,Agent,MoveState,Moving,Goal,20.00,0.00,20.00,21.17,0.08,15.93,21.17,0.08,16.17,NavMesh,
2799,18.08,AgentPrefab,Agent,MoveState,Moving,Goal,20.00,0.00,20.00,21.17,0.08,15.94,21.17,0.08,16.17,NavMesh,
2800,18.08,AgentPrefab,Agent,MoveState,Moving,Goal,20.00,0.00,20.00,21.17,0.08,15.95,21.17,0.08,16.17,NavMesh,
2801,18.09,AgentPrefab,Agent,MoveState,Moving,Goal,20.00,0.00,20.00,21.17,0.08,15.97,21.17,0.08,16.17,NavMesh,
2802,18.10,AgentPrefab,Agent,MoveState,Moving,Goal,20.00,0.00,20.00,21.17,0.08,15.98,21.17,0.08,16.17,NavMesh,
2803,18.10,AgentPrefab,Agent,MoveState,Moving,Goal,20.00,0.00,20.00,21.17,0.08,15.99,21.17,0.08,16.17,NavMesh,
2804,18.11,AgentPrefab,Agent,MoveState,Moving,Goal,20.00,0.00,20.00,21.17,0.08,16.01,21.17,0.08,16.17,NavMesh,
2805,18.12,AgentPrefab,Agent,MoveState,Moving,Goal,20.00,0.00,20.00,21.17,0.08,16.02,21.17,0.08,16.17,NavMesh,
2806,18.12,AgentPrefab,Agent,MoveState,Moving,Goal,20.00,0.00,20.00,21.17,0.08,16.04,21.17,0.08,16.17,NavMesh,
2807,18.13,AgentPrefab,Agent,MoveState,Moving,Goal,20.00,0.00,20.00,21.17,0.08,16.05,21.17,0.08,16.17,NavMesh,
2808,18.14,AgentPrefab,Agent,MoveState,Moving,Goal,20.00,0.00,20.00,21.17,0.08,16.06,21.17,0.08,16.17,NavMesh,
2809,18.14,AgentPrefab,Agent,MoveState,Moving,Goal,20.00,0.00,20.00,21.17,0.08,16.08,21.17,0.08,16.17,NavMesh,
2810,18.15,AgentPrefab,Agent,MoveState,Moving,Goal,20.00,0.00,20.00,21.17,0.08,16.09,21.17,0.08,16.17,NavMesh,
2811,18.16,AgentPrefab,Agent,MoveState,Moving,Goal,20.00,0.00,20.00,21.17,0.08,16.11,21.17,0.08,16.17,NavMesh,
2812,18.17,AgentPrefab,Agent,MoveState,Moving,Goal,20.00,0.00,20.00,21.17,0.08,16.17,20.00,0.41,20.00,NavMesh,
2813,18.17,AgentPrefab,Agent,MoveState,Moving,Goal,20.00,0.00,20.00,21.16,0.08,16.18,20.00,0.41,20.00,NavMesh,
2814,18.18,AgentPrefab,Agent,MoveState,Moving,Goal,20.00,0.00,20.00,21.16,0.09,16.19,20.00,0.41,20.00,NavMesh,
2815,18.19,AgentPrefab,Agent,MoveState,Moving,Goal,20.00,0.00,20.00,21.15,0.09,16.21,20.00,0.41,20.00,NavMesh,
2816,18.19,AgentPrefab,Agent,MoveState,Moving,Goal,20.00,0.00,20.00,21.15,0.09,16.22,20.00,0.41,20.00,NavMesh,
2817,18.20,AgentPrefab,Agent,MoveState,Moving,Goal,20.00,0.00,20.00,21.15,0.09,16.23,20.00,0.41,20.00,NavMesh,
2818,18.21,AgentPrefab,Agent,MoveState,Moving,Goal,20.00,0.00,20.00,21.14,0.09,16.25,20.00,0.41,20.00,NavMesh,
2819,18.21,AgentPrefab,Agent,MoveState,Moving,Goal,20.00,0.00,20.00,21.14,0.09,16.26,20.00,0.41,20.00,NavMesh,
2820,18.22,AgentPrefab,Agent,MoveState,Moving,Goal,20.00,0.00,20.00,21.13,0.09,16.27,20.00,0.41,20.00,NavMesh,
2821,18.23,AgentPrefab,Agent,MoveState,Moving,Goal,20.00,0.00,20.00,21.13,0.09,16.29,20.00,0.41,20.00,NavMesh,
2822,18.23,AgentPrefab,Agent,MoveState,Moving,Goal,20.00,0.00,20.00,21.13,0.09,16.30,20.00,0.41,20.00,NavMesh,
2823,18.24,AgentPrefab,Agent,MoveState,Moving,Goal,20.00,0.00,20.00,21.12,0.10,16.31,20.00,0.41,20.00,NavMesh,
2824,18.25,AgentPrefab,Agent,MoveState,Moving,Goal,20.00,0.00,20.00,21.12,0.10,16.33,20.00,0.41,20.00,NavMesh,
2825,18.26,AgentPrefab,Agent,MoveState,Moving,Goal,20.00,0.00,20.00,21.11,0.10,16.34,20.00,0.41,20.00,NavMesh,
2826,18.26,AgentPrefab,Agent,MoveState,Moving,Goal,20.00,0.00,20.00,21.11,0.10,16.35,20.00,0.41,20.00,NavMesh,
2827,18.27,AgentPrefab,Agent,MoveState,Moving,Goal,20.00,0.00,20.00,21.11,0.10,16.37,20.00,0.41,20.00,NavMesh,
2828,18.28,AgentPrefab,Agent,MoveState,Moving,Goal,20.00,0.00,20.00,21.10,0.10,16.38,20.00,0.41,20.00,NavMesh,
2829,18.28,AgentPrefab,Agent,MoveState,Moving,Goal,20.00,0.00,20.00,21.10,0.10,16.39,20.00,0.41,20.00,NavMesh,
2830,18.29,AgentPrefab,Agent,MoveState,Moving,Goal,20.00,0.00,20.00,21.09,0.10,16.40,20.00,0.41,20.00,NavMesh,
2831,18.30,AgentPrefab,Agent,MoveState,Moving,Goal,20.00,0.00,20.00,21.09,0.10,16.42,20.00,0.41,20.00,NavMesh,
2832,18.30,AgentPrefab,Agent,MoveState,Moving,Goal,20.00,0.00,20.00,21.09,0.11,16.43,20.00,0.41,20.00,NavMesh,
2833,18.31,AgentPrefab,Agent,MoveState,Moving,Goal,20.00,0.00,20.00,21.08,0.11,16.44,20.00,0.41,20.00,NavMesh,
2834,18.32,AgentPrefab,Agent,MoveState,Moving,Goal,20.00,0.00,20.00,21.08,0.11,16.46,20.00,0.41,20.00,NavMesh,
2835,18.32,AgentPrefab,Agent,MoveState,Moving,Goal,20.00,0.00,20.00,21.07,0.11,16.47,20.00,0.41,20.00,NavMesh,
2836,18.33,AgentPrefab,Agent,MoveState,Moving,Goal,20.00,0.00,20.00,21.07,0.11,16.48,20.00,0.41,20.00,NavMesh,
2837,18.34,AgentPrefab,Agent,MoveState,Moving,Goal,20.00,0.00,20.00,21.07,0.11,16.50,20.00,0.41,20.00,NavMesh,
2838,18.35,AgentPrefab,Agent,MoveState,Moving,Goal,20.00,0.00,20.00,21.06,0.11,16.51,20.00,0.41,20.00,NavMesh,
2839,18.35,AgentPrefab,Agent,MoveState,Moving,Goal,20.00,0.00,20.00,21.06,0.11,16.52,20.00,0.41,20.00,NavMesh,
2840,18.36,AgentPrefab,Agent,MoveState,Moving,Goal,20.00,0.00,20.00,21.05,0.12,16.54,20.00,0.41,20.00,NavMesh,
2841,18.37,AgentPrefab,Agent,MoveState,Moving,Goal,20.00,0.00,20.00,21.05,0.12,16.55,20.00,0.41,20.00,NavMesh,
2842,18.37,AgentPrefab,Agent,MoveState,Moving,Goal,20.00,0.00,20.00,21.05,0.12,16.56,20.00,0.41,20.00,NavMesh,
2843,18.38,AgentPrefab,Agent,MoveState,Moving,Goal,20.00,0.00,20.00,21.04,0.12,16.58,20.00,0.41,20.00,NavMesh,
2844,18.39,AgentPrefab,Agent,MoveState,Moving,Goal,20.00,0.00,20.00,21.04,0.12,16.59,20.00,0.41,20.00,NavMesh,
2845,18.39,AgentPrefab,Agent,MoveState,Moving,Goal,20.00,0.00,20.00,21.03,0.12,16.60,20.00,0.41,20.00,NavMesh,
2846,18.40,AgentPrefab,Agent,MoveState,Moving,Goal,20.00,0.00,20.00,21.03,0.12,16.61,20.00,0.41,20.00,NavMesh,
2847,18.41,AgentPrefab,Agent,MoveState,Moving,Goal,20.00,0.00,20.00,21.03,0.12,16.63,20.00,0.41,20.00,NavMesh,
2848,18.41,AgentPrefab,Agent,MoveState,Moving,Goal,20.00,0.00,20.00,21.02,0.12,16.64,20.00,0.41,20.00,NavMesh,
2849,18.42,AgentPrefab,Agent,MoveState,Moving,Goal,20.00,0.00,20.00,21.02,0.13,16.65,20.00,0.41,20.00,NavMesh,
2850,18.43,AgentPrefab,Agent,MoveState,Moving,Goal,20.00,0.00,20.00,21.01,0.13,16.67,20.00,0.41,20.00,NavMesh,
2851,18.43,AgentPrefab,Agent,MoveState,Moving,Goal,20.00,0.00,20.00,21.01,0.13,16.68,20.00,0.41,20.00,NavMesh,
2852,18.44,AgentPrefab,Agent,MoveState,Moving,Goal,20.00,0.00,20.00,21.01,0.13,16.69,20.00,0.41,20.00,NavMesh,
2853,18.45,AgentPrefab,Agent,MoveState,Moving,Goal,20.00,0.00,20.00,21.00,0.13,16.71,20.00,0.41,20.00,NavMesh,
2854,18.46,AgentPrefab,Agent,MoveState,Moving,Goal,20.00,0.00,20.00,21.00,0.13,16.72,20.00,0.41,20.00,NavMesh,
2855,18.46,AgentPrefab,Agent,MoveState,Moving,Goal,20.00,0.00,20.00,20.99,0.13,16.73,20.00,0.41,20.00,NavMesh,
2856,18.47,AgentPrefab,Agent,MoveState,Moving,Goal,20.00,0.00,20.00,20.99,0.13,16.75,20.00,0.41,20.00,NavMesh,
2857,18.48,AgentPrefab,Agent,MoveState,Moving,Goal,20.00,0.00,20.00,20.99,0.13,16.76,20.00,0.41,20.00,NavMesh,
2858,18.48,AgentPrefab,Agent,MoveState,Moving,Goal,20.00,0.00,20.00,20.98,0.14,16.77,20.00,0.41,20.00,NavMesh,
2859,18.49,AgentPrefab,Agent,MoveState,Moving,Goal,20.00,0.00,20.00,20.98,0.14,16.78,20.00,0.41,20.00,NavMesh,
2860,18.50,AgentPrefab,Agent,MoveState,Moving,Goal,20.00,0.00,20.00,20.97,0.14,16.80,20.00,0.41,20.00,NavMesh,
2861,18.50,AgentPrefab,Agent,MoveState,Moving,Goal,20.00,0.00,20.00,20.97,0.14,16.81,20.00,0.41,20.00,NavMesh,
2862,18.51,AgentPrefab,Agent,MoveState,Moving,Goal,20.00,0.00,20.00,20.97,0.14,16.82,20.00,0.41,20.00,NavMesh,
2863,18.52,AgentPrefab,Agent,MoveState,Moving,Goal,20.00,0.00,20.00,20.96,0.14,16.84,20.00,0.41,20.00,NavMesh,
2864,18.52,AgentPrefab,Agent,MoveState,Moving,Goal,20.00,0.00,20.00,20.96,0.14,16.85,20.00,0.41,20.00,NavMesh,
2865,18.53,AgentPrefab,Agent,MoveState,Moving,Goal,20.00,0.00,20.00,20.95,0.14,16.86,20.00,0.41,20.00,NavMesh,
2866,18.54,AgentPrefab,Agent,MoveState,Moving,Goal,20.00,0.00,20.00,20.95,0.14,16.88,20.00,0.41,20.00,NavMesh,
2867,18.54,AgentPrefab,Agent,MoveState,Moving,Goal,20.00,0.00,20.00,20.95,0.15,16.89,20.00,0.41,20.00,NavMesh,
2868,18.55,AgentPrefab,Agent,MoveState,Moving,Goal,20.00,0.00,20.00,20.94,0.15,16.90,20.00,0.41,20.00,NavMesh,
2869,18.56,AgentPrefab,Agent,MoveState,Moving,Goal,20.00,0.00,20.00,20.94,0.15,16.92,20.00,0.41,20.00,NavMesh,
2870,18.57,AgentPrefab,Agent,MoveState,Moving,Goal,20.00,0.00,20.00,20.93,0.15,16.93,20.00,0.41,20.00,NavMesh,
2871,18.57,AgentPrefab,Agent,MoveState,Moving,Goal,20.00,0.00,20.00,20.93,0.15,16.94,20.00,0.41,20.00,NavMesh,
2872,18.58,AgentPrefab,Agent,MoveState,Moving,Goal,20.00,0.00,20.00,20.93,0.15,16.96,20.00,0.41,20.00,NavMesh,
2873,18.59,AgentPrefab,Agent,MoveState,Moving,Goal,20.00,0.00,20.00,20.92,0.15,16.97,20.00,0.41,20.00,NavMesh,
2874,18.59,AgentPrefab,Agent,MoveState,Moving,Goal,20.00,0.00,20.00,20.92,0.15,16.98,20.00,0.41,20.00,NavMesh,
2875,18.61,AgentPrefab,Agent,MoveState,Moving,Goal,20.00,0.00,20.00,20.91,0.16,17.00,20.00,0.41,20.00,NavMesh,
2876,18.62,AgentPrefab,Agent,MoveState,Moving,Goal,20.00,0.00,20.00,20.90,0.16,17.03,20.00,0.41,20.00,NavMesh,
2877,18.63,AgentPrefab,Agent,MoveState,Moving,Goal,20.00,0.00,20.00,20.90,0.16,17.05,20.00,0.41,20.00,NavMesh,
2878,18.63,AgentPrefab,Agent,MoveState,Moving,Goal,20.00,0.00,20.00,20.89,0.16,17.06,20.00,0.41,20.00,NavMesh,
2879,18.64,AgentPrefab,Agent,MoveState,Moving,Goal,20.00,0.00,20.00,20.89,0.16,17.07,20.00,0.41,20.00,NavMesh,
2880,18.65,AgentPrefab,Agent,MoveState,Moving,Goal,20.00,0.00,20.00,20.89,0.16,17.09,20.00,0.41,20.00,NavMesh,
2881,18.65,AgentPrefab,Agent,MoveState,Moving,Goal,20.00,0.00,20.00,20.88,0.16,17.10,20.00,0.41,20.00,NavMesh,
2882,18.66,AgentPrefab,Agent,MoveState,Moving,Goal,20.00,0.00,20.00,20.88,0.17,17.11,20.00,0.41,20.00,NavMesh,
2883,18.67,AgentPrefab,Agent,MoveState,Moving,Goal,20.00,0.00,20.00,20.88,0.17,17.12,20.00,0.41,20.00,NavMesh,
2884,18.67,AgentPrefab,Agent,MoveState,Moving,Goal,20.00,0.00,20.00,20.87,0.17,17.14,20.00,0.41,20.00,NavMesh,
2885,18.68,AgentPrefab,Agent,MoveState,Moving,Goal,20.00,0.00,20.00,20.87,0.17,17.15,20.00,0.41,20.00,NavMesh,
2886,18.69,AgentPrefab,Agent,MoveState,Moving,Goal,20.00,0.00,20.00,20.86,0.17,17.16,20.00,0.41,20.00,NavMesh,
2887,18.69,AgentPrefab,Agent,MoveState,Moving,Goal,20.00,0.00,20.00,20.86,0.17,17.18,20.00,0.41,20.00,NavMesh,
2888,18.70,AgentPrefab,Agent,MoveState,Moving,Goal,20.00,0.00,20.00,20.86,0.17,17.19,20.00,0.41,20.00,NavMesh,
2889,18.71,AgentPrefab,Agent,MoveState,Moving,Goal,20.00,0.00,20.00,20.85,0.17,17.20,20.00,0.41,20.00,NavMesh,
2890,18.72,AgentPrefab,Agent,MoveState,Moving,Goal,20.00,0.00,20.00,20.85,0.17,17.21,20.00,0.41,20.00,NavMesh,
2891,18.72,AgentPrefab,Agent,MoveState,Moving,Goal,20.00,0.00,20.00,20.84,0.18,17.23,20.00,0.41,20.00,NavMesh,
2892,18.73,AgentPrefab,Agent,MoveState,Moving,Goal,20.00,0.00,20.00,20.84,0.18,17.24,20.00,0.41,20.00,NavMesh,
2893,18.74,AgentPrefab,Agent,MoveState,Moving,Goal,20.00,0.00,20.00,20.84,0.18,17.25,20.00,0.41,20.00,NavMesh,
2894,18.74,AgentPrefab,Agent,MoveState,Moving,Goal,20.00,0.00,20.00,20.83,0.18,17.27,20.00,0.41,20.00,NavMesh,
2895,18.75,AgentPrefab,Agent,MoveState,Moving,Goal,20.00,0.00,20.00,20.83,0.18,17.28,20.00,0.41,20.00,NavMesh,
2896,18.76,AgentPrefab,Agent,MoveState,Moving,Goal,20.00,0.00,20.00,20.82,0.18,17.29,20.00,0.41,20.00,NavMesh,
2897,18.76,AgentPrefab,Agent,MoveState,Moving,Goal,20.00,0.00,20.00,20.82,0.18,17.31,20.00,0.41,20.00,NavMesh,
2898,18.77,AgentPrefab,Agent,MoveState,Moving,Goal,20.00,0.00,20.00,20.82,0.18,17.32,20.00,0.41,20.00,NavMesh,
2899,18.78,AgentPrefab,Agent,MoveState,Moving,Goal,20.00,0.00,20.00,20.81,0.18,17.33,20.00,0.41,20.00,NavMesh,
2900,18.78,AgentPrefab,Agent,MoveState,Moving,Goal,20.00,0.00,20.00,20.81,0.19,17.35,20.00,0.41,20.00,NavMesh,
2901,18.79,AgentPrefab,Agent,MoveState,Moving,Goal,20.00,0.00,20.00,20.80,0.19,17.36,20.00,0.41,20.00,NavMesh,
2902,18.80,AgentPrefab,Agent,MoveState,Moving,Goal,20.00,0.00,20.00,20.80,0.19,17.37,20.00,0.41,20.00,NavMesh,
2903,18.80,AgentPrefab,Agent,MoveState,Moving,Goal,20.00,0.00,20.00,20.80,0.19,17.39,20.00,0.41,20.00,NavMesh,
2904,18.81,AgentPrefab,Agent,MoveState,Moving,Goal,20.00,0.00,20.00,20.79,0.19,17.40,20.00,0.41,20.00,NavMesh,
2905,18.82,AgentPrefab,Agent,MoveState,Moving,Goal,20.00,0.00,20.00,20.79,0.19,17.41,20.00,0.41,20.00,NavMesh,
2906,18.83,AgentPrefab,Agent,MoveState,Moving,Goal,20.00,0.00,20.00,20.78,0.19,17.43,20.00,0.41,20.00,NavMesh,
2907,18.83,AgentPrefab,Agent,MoveState,Moving,Goal,20.00,0.00,20.00,20.78,0.19,17.44,20.00,0.41,20.00,NavMesh,
2908,18.84,AgentPrefab,Agent,MoveState,Moving,Goal,20.00,0.00,20.00,20.77,0.19,17.45,20.00,0.41,20.00,NavMesh,
2909,18.85,AgentPrefab,Agent,MoveState,Moving,Goal,20.00,0.00,20.00,20.77,0.20,17.47,20.00,0.41,20.00,NavMesh,
2910,18.85,AgentPrefab,Agent,MoveState,Moving,Goal,20.00,0.00,20.00,20.77,0.20,17.48,20.00,0.41,20.00,NavMesh,
2911,18.86,AgentPrefab,Agent,MoveState,Moving,Goal,20.00,0.00,20.00,20.76,0.20,17.49,20.00,0.41,20.00,NavMesh,
2912,18.87,AgentPrefab,Agent,MoveState,Moving,Goal,20.00,0.00,20.00,20.76,0.20,17.51,20.00,0.41,20.00,NavMesh,
2913,18.88,AgentPrefab,Agent,MoveState,Moving,Goal,20.00,0.00,20.00,20.75,0.20,17.52,20.00,0.41,20.00,NavMesh,
2914,18.88,AgentPrefab,Agent,MoveState,Moving,Goal,20.00,0.00,20.00,20.75,0.20,17.53,20.00,0.41,20.00,NavMesh,
2915,18.89,AgentPrefab,Agent,MoveState,Moving,Goal,20.00,0.00,20.00,20.75,0.20,17.55,20.00,0.41,20.00,NavMesh,
2916,18.90,AgentPrefab,Agent,MoveState,Moving,Goal,20.00,0.00,20.00,20.74,0.20,17.56,20.00,0.41,20.00,NavMesh,
2917,18.90,AgentPrefab,Agent,MoveState,Moving,Goal,20.00,0.00,20.00,20.74,0.20,17.57,20.00,0.41,20.00,NavMesh,
2918,18.91,AgentPrefab,Agent,MoveState,Moving,Goal,20.00,0.00,20.00,20.73,0.21,17.59,20.00,0.41,20.00,NavMesh,
2919,18.92,AgentPrefab,Agent,MoveState,Moving,Goal,20.00,0.00,20.00,20.73,0.21,17.60,20.00,0.41,20.00,NavMesh,
2920,18.92,AgentPrefab,Agent,MoveState,Moving,Goal,20.00,0.00,20.00,20.73,0.21,17.61,20.00,0.41,20.00,NavMesh,
2921,18.93,AgentPrefab,Agent,MoveState,Moving,Goal,20.00,0.00,20.00,20.72,0.21,17.62,20.00,0.41,20.00,NavMesh,
2922,18.94,AgentPrefab,Agent,MoveState,Moving,Goal,20.00,0.00,20.00,20.72,0.21,17.64,20.00,0.41,20.00,NavMesh,
2923,18.94,AgentPrefab,Agent,MoveState,Moving,Goal,20.00,0.00,20.00,20.72,0.21,17.65,20.00,0.41,20.00,NavMesh,
2924,18.95,AgentPrefab,Agent,MoveState,Moving,Goal,20.00,0.00,20.00,20.71,0.21,17.66,20.00,0.41,20.00,NavMesh,
2925,18.96,AgentPrefab,Agent,MoveState,Moving,Goal,20.00,0.00,20.00,20.71,0.21,17.68,20.00,0.41,20.00,NavMesh,
2926,18.96,AgentPrefab,Agent,MoveState,Moving,Goal,20.00,0.00,20.00,20.70,0.21,17.69,20.00,0.41,20.00,NavMesh,
2927,18.97,AgentPrefab,Agent,MoveState,Moving,Goal,20.00,0.00,20.00,20.70,0.22,17.70,20.00,0.41,20.00,NavMesh,
2928,18.98,AgentPrefab,Agent,MoveState,Moving,Goal,20.00,0.00,20.00,20.70,0.22,17.71,20.00,0.41,20.00,NavMesh,
2929,18.98,AgentPrefab,Agent,MoveState,Moving,Goal,20.00,0.00,20.00,20.69,0.22,17.73,20.00,0.41,20.00,NavMesh,
2930,18.99,AgentPrefab,Agent,MoveState,Moving,Goal,20.00,0.00,20.00,20.69,0.22,17.74,20.00,0.41,20.00,NavMesh,
2931,19.00,AgentPrefab,Agent,MoveState,Moving,Goal,20.00,0.00,20.00,20.68,0.22,17.75,20.00,0.41,20.00,NavMesh,
2932,19.00,AgentPrefab,Agent,MoveState,Moving,Goal,20.00,0.00,20.00,20.68,0.22,17.77,20.00,0.41,20.00,NavMesh,
2933,19.01,AgentPrefab,Agent,MoveState,Moving,Goal,20.00,0.00,20.00,20.68,0.22,17.78,20.00,0.41,20.00,NavMesh,
2934,19.02,AgentPrefab,Agent,MoveState,Moving,Goal,20.00,0.00,20.00,20.67,0.22,17.79,20.00,0.41,20.00,NavMesh,
2935,19.02,AgentPrefab,Agent,MoveState,Moving,Goal,20.00,0.00,20.00,20.67,0.23,17.81,20.00,0.41,20.00,NavMesh,
2936,19.03,AgentPrefab,Agent,MoveState,Moving,Goal,20.00,0.00,20.00,20.66,0.23,17.82,20.00,0.41,20.00,NavMesh,
2937,19.04,AgentPrefab,Agent,MoveState,Moving,Goal,20.00,0.00,20.00,20.66,0.23,17.83,20.00,0.41,20.00,NavMesh,
2938,19.05,AgentPrefab,Agent,MoveState,Moving,Goal,20.00,0.00,20.00,20.66,0.23,17.84,20.00,0.41,20.00,NavMesh,
2939,19.05,AgentPrefab,Agent,MoveState,Moving,Goal,20.00,0.00,20.00,20.65,0.23,17.86,20.00,0.41,20.00,NavMesh,
2940,19.06,AgentPrefab,Agent,MoveState,Moving,Goal,20.00,0.00,20.00,20.65,0.23,17.87,20.00,0.41,20.00,NavMesh,
2941,19.07,AgentPrefab,Agent,MoveState,Moving,Goal,20.00,0.00,20.00,20.64,0.23,17.88,20.00,0.41,20.00,NavMesh,
2942,19.07,AgentPrefab,Agent,MoveState,Moving,Goal,20.00,0.00,20.00,20.64,0.23,17.90,20.00,0.41,20.00,NavMesh,
2943,19.08,AgentPrefab,Agent,MoveState,Moving,Goal,20.00,0.00,20.00,20.64,0.23,17.91,20.00,0.41,20.00,NavMesh,
2944,19.09,AgentPrefab,Agent,MoveState,Moving,Goal,20.00,0.00,20.00,20.63,0.24,17.92,20.00,0.41,20.00,NavMesh,
2945,19.09,AgentPrefab,Agent,MoveState,Moving,Goal,20.00,0.00,20.00,20.63,0.24,17.93,20.00,0.41,20.00,NavMesh,
2946,19.10,AgentPrefab,Agent,MoveState,Moving,Goal,20.00,0.00,20.00,20.62,0.24,17.95,20.00,0.41,20.00,NavMesh,
2947,19.11,AgentPrefab,Agent,MoveState,Moving,Goal,20.00,0.00,20.00,20.62,0.24,17.96,20.00,0.41,20.00,NavMesh,
2948,19.11,AgentPrefab,Agent,MoveState,Moving,Goal,20.00,0.00,20.00,20.62,0.24,17.97,20.00,0.41,20.00,NavMesh,
2949,19.12,AgentPrefab,Agent,MoveState,Moving,Goal,20.00,0.00,20.00,20.61,0.24,17.99,20.00,0.41,20.00,NavMesh,
2950,19.13,AgentPrefab,Agent,MoveState,Moving,Goal,20.00,0.00,20.00,20.61,0.24,18.00,20.00,0.41,20.00,NavMesh,
2951,19.13,AgentPrefab,Agent,MoveState,Moving,Goal,20.00,0.00,20.00,20.60,0.24,18.01,20.00,0.41,20.00,NavMesh,
2952,19.14,AgentPrefab,Agent,MoveState,Moving,Goal,20.00,0.00,20.00,20.60,0.24,18.03,20.00,0.41,20.00,NavMesh,
2953,19.15,AgentPrefab,Agent,MoveState,Moving,Goal,20.00,0.00,20.00,20.60,0.25,18.04,20.00,0.41,20.00,NavMesh,
2954,19.15,AgentPrefab,Agent,MoveState,Moving,Goal,20.00,0.00,20.00,20.59,0.25,18.05,20.00,0.41,20.00,NavMesh,
2955,19.16,AgentPrefab,Agent,MoveState,Moving,Goal,20.00,0.00,20.00,20.59,0.25,18.06,20.00,0.41,20.00,NavMesh,
2956,19.17,AgentPrefab,Agent,MoveState,Moving,Goal,20.00,0.00,20.00,20.59,0.25,18.08,20.00,0.41,20.00,NavMesh,
2957,19.17,AgentPrefab,Agent,MoveState,Moving,Goal,20.00,0.00,20.00,20.58,0.25,18.09,20.00,0.41,20.00,NavMesh,
2958,19.18,AgentPrefab,Agent,MoveState,Moving,Goal,20.00,0.00,20.00,20.58,0.25,18.10,20.00,0.41,20.00,NavMesh,
2959,19.19,AgentPrefab,Agent,MoveState,Moving,Goal,20.00,0.00,20.00,20.57,0.25,18.12,20.00,0.41,20.00,NavMesh,
2960,19.19,AgentPrefab,Agent,MoveState,Moving,Goal,20.00,0.00,20.00,20.57,0.25,18.13,20.00,0.41,20.00,NavMesh,
2961,19.20,AgentPrefab,Agent,MoveState,Moving,Goal,20.00,0.00,20.00,20.57,0.25,18.14,20.00,0.41,20.00,NavMesh,
2962,19.21,AgentPrefab,Agent,MoveState,Moving,Goal,20.00,0.00,20.00,20.56,0.26,18.16,20.00,0.41,20.00,NavMesh,
2963,19.23,AgentPrefab,Agent,MoveState,Moving,Goal,20.00,0.00,20.00,20.55,0.26,18.18,20.00,0.41,20.00,NavMesh,
2964,19.23,AgentPrefab,Agent,MoveState,Moving,Goal,20.00,0.00,20.00,20.55,0.26,18.20,20.00,0.41,20.00,NavMesh,
2965,19.24,AgentPrefab,Agent,MoveState,Moving,Goal,20.00,0.00,20.00,20.54,0.26,18.22,20.00,0.41,20.00,NavMesh,
2966,19.25,AgentPrefab,Agent,MoveState,Moving,Goal,20.00,0.00,20.00,20.54,0.26,18.23,20.00,0.41,20.00,NavMesh,
2967,19.25,AgentPrefab,Agent,MoveState,Moving,Goal,20.00,0.00,20.00,20.53,0.26,18.24,20.00,0.41,20.00,NavMesh,
2968,19.26,AgentPrefab,Agent,MoveState,Moving,Goal,20.00,0.00,20.00,20.53,0.26,18.26,20.00,0.41,20.00,NavMesh,
2969,19.27,AgentPrefab,Agent,MoveState,Moving,Goal,20.00,0.00,20.00,20.53,0.27,18.27,20.00,0.41,20.00,NavMesh,
2970,19.28,AgentPrefab,Agent,MoveState,Moving,Goal,20.00,0.00,20.00,20.52,0.27,18.28,20.00,0.41,20.00,NavMesh,
2971,19.28,AgentPrefab,Agent,MoveState,Moving,Goal,20.00,0.00,20.00,20.52,0.27,18.30,20.00,0.41,20.00,NavMesh,
2972,19.29,AgentPrefab,Agent,MoveState,Moving,Goal,20.00,0.00,20.00,20.51,0.27,18.31,20.00,0.41,20.00,NavMesh,
2973,19.30,AgentPrefab,Agent,MoveState,Moving,Goal,20.00,0.00,20.00,20.51,0.27,18.32,20.00,0.41,20.00,NavMesh,
2974,19.30,AgentPrefab,Agent,MoveState,Moving,Goal,20.00,0.00,20.00,20.51,0.27,18.33,20.00,0.41,20.00,NavMesh,
2975,19.31,AgentPrefab,Agent,MoveState,Moving,Goal,20.00,0.00,20.00,20.50,0.27,18.35,20.00,0.41,20.00,NavMesh,
2976,19.32,AgentPrefab,Agent,MoveState,Moving,Goal,20.00,0.00,20.00,20.50,0.27,18.36,20.00,0.41,20.00,NavMesh,
2977,19.32,AgentPrefab,Agent,MoveState,Moving,Goal,20.00,0.00,20.00,20.49,0.27,18.37,20.00,0.41,20.00,NavMesh,
2978,19.33,AgentPrefab,Agent,MoveState,Moving,Goal,20.00,0.00,20.00,20.49,0.28,18.39,20.00,0.41,20.00,NavMesh,
2979,19.34,AgentPrefab,Agent,MoveState,Moving,Goal,20.00,0.00,20.00,20.49,0.28,18.40,20.00,0.41,20.00,NavMesh,
2980,19.34,AgentPrefab,Agent,MoveState,Moving,Goal,20.00,0.00,20.00,20.48,0.28,18.41,20.00,0.41,20.00,NavMesh,
2981,19.35,AgentPrefab,Agent,MoveState,Moving,Goal,20.00,0.00,20.00,20.48,0.28,18.43,20.00,0.41,20.00,NavMesh,
2982,19.36,AgentPrefab,Agent,MoveState,Moving,Goal,20.00,0.00,20.00,20.48,0.28,18.44,20.00,0.41,20.00,NavMesh,
2983,19.36,AgentPrefab,Agent,MoveState,Moving,Goal,20.00,0.00,20.00,20.47,0.28,18.45,20.00,0.41,20.00,NavMesh,
2984,19.37,AgentPrefab,Agent,MoveState,Moving,Goal,20.00,0.00,20.00,20.47,0.28,18.46,20.00,0.41,20.00,NavMesh,
2985,19.38,AgentPrefab,Agent,MoveState,Moving,Goal,20.00,0.00,20.00,20.46,0.28,18.48,20.00,0.41,20.00,NavMesh,
2986,19.38,AgentPrefab,Agent,MoveState,Moving,Goal,20.00,0.00,20.00,20.46,0.28,18.49,20.00,0.41,20.00,NavMesh,
2987,19.39,AgentPrefab,Agent,MoveState,Moving,Goal,20.00,0.00,20.00,20.46,0.29,18.50,20.00,0.41,20.00,NavMesh,
2988,19.40,AgentPrefab,Agent,MoveState,Moving,Goal,20.00,0.00,20.00,20.45,0.29,18.52,20.00,0.41,20.00,NavMesh,
2989,19.40,AgentPrefab,Agent,MoveState,Moving,Goal,20.00,0.00,20.00,20.45,0.29,18.53,20.00,0.41,20.00,NavMesh,
2990,19.41,AgentPrefab,Agent,MoveState,Moving,Goal,20.00,0.00,20.00,20.44,0.29,18.54,20.00,0.41,20.00,NavMesh,
2991,19.42,AgentPrefab,Agent,MoveState,Moving,Goal,20.00,0.00,20.00,20.44,0.29,18.56,20.00,0.41,20.00,NavMesh,
2992,19.42,AgentPrefab,Agent,MoveState,Moving,Goal,20.00,0.00,20.00,20.44,0.29,18.57,20.00,0.41,20.00,NavMesh,
2993,19.43,AgentPrefab,Agent,MoveState,Moving,Goal,20.00,0.00,20.00,20.43,0.29,18.58,20.00,0.41,20.00,NavMesh,
2994,19.44,AgentPrefab,Agent,MoveState,Moving,Goal,20.00,0.00,20.00,20.43,0.29,18.60,20.00,0.41,20.00,NavMesh,
2995,19.45,AgentPrefab,Agent,MoveState,Moving,Goal,20.00,0.00,20.00,20.42,0.29,18.61,20.00,0.41,20.00,NavMesh,
2996,19.45,AgentPrefab,Agent,MoveState,Moving,Goal,20.00,0.00,20.00,20.42,0.30,18.62,20.00,0.41,20.00,NavMesh,
2997,19.46,AgentPrefab,Agent,MoveState,Moving,Goal,20.00,0.00,20.00,20.42,0.30,18.63,20.00,0.41,20.00,NavMesh,
2998,19.47,AgentPrefab,Agent,MoveState,Moving,Goal,20.00,0.00,20.00,20.41,0.30,18.65,20.00,0.41,20.00,NavMesh,
2999,19.47,AgentPrefab,Agent,MoveState,Moving,Goal,20.00,0.00,20.00,20.41,0.30,18.66,20.00,0.41,20.00,NavMesh,
3000,19.48,AgentPrefab,Agent,MoveState,Moving,Goal,20.00,0.00,20.00,20.40,0.30,18.67,20.00,0.41,20.00,NavMesh,
3001,19.49,AgentPrefab,Agent,MoveState,Moving,Goal,20.00,0.00,20.00,20.40,0.30,18.68,20.00,0.41,20.00,NavMesh,
3002,19.49,AgentPrefab,Agent,MoveState,Moving,Goal,20.00,0.00,20.00,20.40,0.30,18.70,20.00,0.41,20.00,NavMesh,
3003,19.50,AgentPrefab,Agent,MoveState,Moving,Goal,20.00,0.00,20.00,20.39,0.30,18.71,20.00,0.41,20.00,NavMesh,
3004,19.51,AgentPrefab,Agent,MoveState,Moving,Goal,20.00,0.00,20.00,20.39,0.30,18.72,20.00,0.41,20.00,NavMesh,
3005,19.51,AgentPrefab,Agent,MoveState,Moving,Goal,20.00,0.00,20.00,20.38,0.31,18.74,20.00,0.41,20.00,NavMesh,
3006,19.52,AgentPrefab,Agent,MoveState,Moving,Goal,20.00,0.00,20.00,20.38,0.31,18.75,20.00,0.41,20.00,NavMesh,
3007,19.53,AgentPrefab,Agent,MoveState,Moving,Goal,20.00,0.00,20.00,20.38,0.31,18.76,20.00,0.41,20.00,NavMesh,
3008,19.53,AgentPrefab,Agent,MoveState,Moving,Goal,20.00,0.00,20.00,20.37,0.31,18.78,20.00,0.41,20.00,NavMesh,
3009,19.54,AgentPrefab,Agent,MoveState,Moving,Goal,20.00,0.00,20.00,20.37,0.31,18.79,20.00,0.41,20.00,NavMesh,
3010,19.55,AgentPrefab,Agent,MoveState,Moving,Goal,20.00,0.00,20.00,20.36,0.31,18.80,20.00,0.41,20.00,NavMesh,
3011,19.55,AgentPrefab,Agent,MoveState,Moving,Goal,20.00,0.00,20.00,20.36,0.31,18.81,20.00,0.41,20.00,NavMesh,
3012,19.56,AgentPrefab,Agent,MoveState,Moving,Goal,20.00,0.00,20.00,20.36,0.31,18.83,20.00,0.41,20.00,NavMesh,
3013,19.57,AgentPrefab,Agent,MoveState,Moving,Goal,20.00,0.00,20.00,20.35,0.31,18.84,20.00,0.41,20.00,NavMesh,
3014,19.57,AgentPrefab,Agent,MoveState,Moving,Goal,20.00,0.00,20.00,20.35,0.32,18.85,20.00,0.41,20.00,NavMesh,
3015,19.58,AgentPrefab,Agent,MoveState,Moving,Goal,20.00,0.00,20.00,20.34,0.32,18.87,20.00,0.41,20.00,NavMesh,
3016,19.59,AgentPrefab,Agent,MoveState,Moving,Goal,20.00,0.00,20.00,20.34,0.32,18.88,20.00,0.41,20.00,NavMesh,
3017,19.60,AgentPrefab,Agent,MoveState,Moving,Goal,20.00,0.00,20.00,20.34,0.32,18.89,20.00,0.41,20.00,NavMesh,
3018,19.60,AgentPrefab,Agent,MoveState,Moving,Goal,20.00,0.00,20.00,20.33,0.32,18.91,20.00,0.41,20.00,NavMesh,
3019,19.61,AgentPrefab,Agent,MoveState,Moving,Goal,20.00,0.00,20.00,20.33,0.32,18.92,20.00,0.41,20.00,NavMesh,
3020,19.62,AgentPrefab,Agent,MoveState,Moving,Goal,20.00,0.00,20.00,20.32,0.32,18.93,20.00,0.41,20.00,NavMesh,
3021,19.62,AgentPrefab,Agent,MoveState,Moving,Goal,20.00,0.00,20.00,20.32,0.32,18.95,20.00,0.41,20.00,NavMesh,
3022,19.63,AgentPrefab,Agent,MoveState,Moving,Goal,20.00,0.00,20.00,20.32,0.32,18.96,20.00,0.41,20.00,NavMesh,
3023,19.64,AgentPrefab,Agent,MoveState,Moving,Goal,20.00,0.00,20.00,20.31,0.33,18.97,20.00,0.41,20.00,NavMesh,
3024,19.64,AgentPrefab,Agent,MoveState,Moving,Goal,20.00,0.00,20.00,20.31,0.33,18.99,20.00,0.41,20.00,NavMesh,
3025,19.65,AgentPrefab,Agent,MoveState,Moving,Goal,20.00,0.00,20.00,20.30,0.33,19.00,20.00,0.41,20.00,NavMesh,
3026,19.66,AgentPrefab,Agent,MoveState,Moving,Goal,20.00,0.00,20.00,20.30,0.33,19.01,20.00,0.41,20.00,NavMesh,
3027,19.66,AgentPrefab,Agent,MoveState,Moving,Goal,20.00,0.00,20.00,20.30,0.33,19.02,20.00,0.41,20.00,NavMesh,
3028,19.67,AgentPrefab,Agent,MoveState,Moving,Goal,20.00,0.00,20.00,20.29,0.33,19.04,20.00,0.41,20.00,NavMesh,
3029,19.68,AgentPrefab,Agent,MoveState,Moving,Goal,20.00,0.00,20.00,20.29,0.33,19.05,20.00,0.41,20.00,NavMesh,
3030,19.68,AgentPrefab,Agent,MoveState,Moving,Goal,20.00,0.00,20.00,20.29,0.33,19.06,20.00,0.41,20.00,NavMesh,
3031,19.69,AgentPrefab,Agent,MoveState,Moving,Goal,20.00,0.00,20.00,20.28,0.34,19.08,20.00,0.41,20.00,NavMesh,
3032,19.70,AgentPrefab,Agent,MoveState,Moving,Goal,20.00,0.00,20.00,20.28,0.34,19.09,20.00,0.41,20.00,NavMesh,
3033,19.71,AgentPrefab,Agent,MoveState,Moving,Goal,20.00,0.00,20.00,20.27,0.34,19.10,20.00,0.41,20.00,NavMesh,
3034,19.71,AgentPrefab,Agent,MoveState,Moving,Goal,20.00,0.00,20.00,20.27,0.34,19.12,20.00,0.41,20.00,NavMesh,
3035,19.72,AgentPrefab,Agent,MoveState,Moving,Goal,20.00,0.00,20.00,20.27,0.34,19.13,20.00,0.41,20.00,NavMesh,
3036,19.73,AgentPrefab,Agent,MoveState,Moving,Goal,20.00,0.00,20.00,20.26,0.34,19.14,20.00,0.41,20.00,NavMesh,
3037,19.73,AgentPrefab,Agent,MoveState,Moving,Goal,20.00,0.00,20.00,20.26,0.34,19.15,20.00,0.41,20.00,NavMesh,
3038,19.74,AgentPrefab,Agent,MoveState,Moving,Goal,20.00,0.00,20.00,20.25,0.34,19.17,20.00,0.41,20.00,NavMesh,
3039,19.75,AgentPrefab,Agent,MoveState,Moving,Goal,20.00,0.00,20.00,20.25,0.34,19.18,20.00,0.41,20.00,NavMesh,
3040,19.75,AgentPrefab,Agent,MoveState,Moving,Goal,20.00,0.00,20.00,20.25,0.35,19.19,20.00,0.41,20.00,NavMesh,
3041,19.76,AgentPrefab,Agent,MoveState,Moving,Goal,20.00,0.00,20.00,20.24,0.35,19.21,20.00,0.41,20.00,NavMesh,
3042,19.77,AgentPrefab,Agent,MoveState,Moving,Goal,20.00,0.00,20.00,20.24,0.35,19.22,20.00,0.41,20.00,NavMesh,
3043,19.77,AgentPrefab,Agent,MoveState,Moving,Goal,20.00,0.00,20.00,20.23,0.35,19.23,20.00,0.41,20.00,NavMesh,
3044,19.78,AgentPrefab,Agent,MoveState,Moving,Goal,20.00,0.00,20.00,20.23,0.35,19.24,20.00,0.41,20.00,NavMesh,
3045,19.79,AgentPrefab,Agent,MoveState,Moving,Goal,20.00,0.00,20.00,20.23,0.35,19.26,20.00,0.41,20.00,NavMesh,
3046,19.79,AgentPrefab,Agent,MoveState,Moving,Goal,20.00,0.00,20.00,20.22,0.35,19.27,20.00,0.41,20.00,NavMesh,
3047,19.81,AgentPrefab,Agent,MoveState,Moving,Goal,20.00,0.00,20.00,20.22,0.35,19.28,20.00,0.41,20.00,NavMesh,
3048,19.82,AgentPrefab,Agent,MoveState,Moving,Goal,20.00,0.00,20.00,20.21,0.36,19.31,20.00,0.41,20.00,NavMesh,
3049,19.83,AgentPrefab,Agent,MoveState,Moving,Goal,20.00,0.00,20.00,20.20,0.36,19.33,20.00,0.41,20.00,NavMesh,
3050,19.83,AgentPrefab,Agent,MoveState,Moving,Goal,20.00,0.00,20.00,20.20,0.36,19.34,20.00,0.41,20.00,NavMesh,
3051,19.84,AgentPrefab,Agent,MoveState,Moving,Goal,20.00,0.00,20.00,20.20,0.36,19.36,20.00,0.41,20.00,NavMesh,
3052,19.85,AgentPrefab,Agent,MoveState,Moving,Goal,20.00,0.00,20.00,20.19,0.36,19.37,20.00,0.41,20.00,NavMesh,
3053,19.85,AgentPrefab,Agent,MoveState,Moving,Goal,20.00,0.00,20.00,20.19,0.36,19.39,20.00,0.41,20.00,NavMesh,
3054,19.86,AgentPrefab,Agent,MoveState,Moving,Goal,20.00,0.00,20.00,20.18,0.36,19.40,20.00,0.41,20.00,NavMesh,
3055,19.87,AgentPrefab,Agent,MoveState,Moving,Goal,20.00,0.00,20.00,20.18,0.36,19.41,20.00,0.41,20.00,NavMesh,
3056,19.87,AgentPrefab,Agent,MoveState,Moving,Goal,20.00,0.00,20.00,20.17,0.37,19.43,20.00,0.41,20.00,NavMesh,
3057,19.88,AgentPrefab,Agent,MoveState,Moving,Goal,20.00,0.00,20.00,20.17,0.37,19.44,20.00,0.41,20.00,NavMesh,
3058,19.89,AgentPrefab,Agent,MoveState,Moving,Goal,20.00,0.00,20.00,20.17,0.37,19.45,20.00,0.41,20.00,NavMesh,
3059,19.89,AgentPrefab,Agent,MoveState,Moving,Goal,20.00,0.00,20.00,20.16,0.37,19.46,20.00,0.41,20.00,NavMesh,
3060,19.90,AgentPrefab,Agent,MoveState,Moving,Goal,20.00,0.00,20.00,20.16,0.37,19.48,20.00,0.41,20.00,NavMesh,
3061,19.91,AgentPrefab,Agent,MoveState,Moving,Goal,20.00,0.00,20.00,20.16,0.37,19.49,20.00,0.41,20.00,NavMesh,
3062,19.92,AgentPrefab,Agent,MoveState,Moving,Goal,20.00,0.00,20.00,20.15,0.37,19.50,20.00,0.41,20.00,NavMesh,
3063,19.92,AgentPrefab,Agent,MoveState,Moving,Goal,20.00,0.00,20.00,20.15,0.37,19.52,20.00,0.41,20.00,NavMesh,
3064,19.93,AgentPrefab,Agent,MoveState,Moving,Goal,20.00,0.00,20.00,20.14,0.37,19.53,20.00,0.41,20.00,NavMesh,
3065,19.94,AgentPrefab,Agent,MoveState,Moving,Goal,20.00,0.00,20.00,20.14,0.38,19.54,20.00,0.41,20.00,NavMesh,
3066,19.94,AgentPrefab,Agent,MoveState,Moving,Goal,20.00,0.00,20.00,20.13,0.38,19.56,20.00,0.41,20.00,NavMesh,
3067,19.95,AgentPrefab,Agent,MoveState,Moving,Goal,20.00,0.00,20.00,20.13,0.38,19.57,20.00,0.41,20.00,NavMesh,
3068,19.96,AgentPrefab,Agent,MoveState,Moving,Goal,20.00,0.00,20.00,20.13,0.38,19.58,20.00,0.41,20.00,NavMesh,
3069,19.96,AgentPrefab,Agent,MoveState,Moving,Goal,20.00,0.00,20.00,20.12,0.38,19.60,20.00,0.41,20.00,NavMesh,
3070,19.97,AgentPrefab,Agent,MoveState,Moving,Goal,20.00,0.00,20.00,20.12,0.38,19.61,20.00,0.41,20.00,NavMesh,
3071,19.98,AgentPrefab,Agent,MoveState,Moving,Goal,20.00,0.00,20.00,20.11,0.38,19.62,20.00,0.41,20.00,NavMesh,
3072,19.98,AgentPrefab,Agent,MoveState,Moving,Goal,20.00,0.00,20.00,20.11,0.38,19.64,20.00,0.41,20.00,NavMesh,
3073,19.99,AgentPrefab,Agent,MoveState,Moving,Goal,20.00,0.00,20.00,20.11,0.38,19.65,20.00,0.41,20.00,NavMesh,
3074,20.00,AgentPrefab,Agent,MoveState,Moving,Goal,20.00,0.00,20.00,20.10,0.39,19.66,20.00,0.41,20.00,NavMesh,
3075,20.00,AgentPrefab,Agent,MoveState,Moving,Goal,20.00,0.00,20.00,20.10,0.39,19.67,20.00,0.41,20.00,NavMesh,
3076,20.01,AgentPrefab,Agent,MoveState,Moving,Goal,20.00,0.00,20.00,20.10,0.39,19.69,20.00,0.41,20.00,NavMesh,
3077,20.02,AgentPrefab,Agent,MoveState,Moving,Goal,20.00,0.00,20.00,20.09,0.39,19.70,20.00,0.41,20.00,NavMesh,
3078,20.03,AgentPrefab,Agent,MoveState,Moving,Goal,20.00,0.00,20.00,20.09,0.39,19.71,20.00,0.41,20.00,NavMesh,
3079,20.03,AgentPrefab,Agent,MoveState,Moving,Goal,20.00,0.00,20.00,20.08,0.39,19.73,20.00,0.41,20.00,NavMesh,
3080,20.04,AgentPrefab,Agent,MoveState,Moving,Goal,20.00,0.00,20.00,20.08,0.39,19.74,20.00,0.41,20.00,NavMesh,
3081,20.05,AgentPrefab,Agent,MoveState,Moving,Goal,20.00,0.00,20.00,20.08,0.39,19.75,20.00,0.41,20.00,NavMesh,
3082,20.05,AgentPrefab,Agent,MoveState,Moving,Goal,20.00,0.00,20.00,20.07,0.39,19.77,20.00,0.41,20.00,NavMesh,
3083,20.06,AgentPrefab,Agent,MoveState,Moving,Goal,20.00,0.00,20.00,20.07,0.40,19.78,20.00,0.41,20.00,NavMesh,
3084,20.07,AgentPrefab,Agent,MoveState,Moving,Goal,20.00,0.00,20.00,20.06,0.40,19.79,20.00,0.41,20.00,NavMesh,
3085,20.07,AgentPrefab,Agent,MoveState,Moving,Goal,20.00,0.00,20.00,20.06,0.40,19.80,20.00,0.41,20.00,NavMesh,
3086,20.08,AgentPrefab,Agent,MoveState,Moving,Goal,20.00,0.00,20.00,20.06,0.40,19.82,20.00,0.41,20.00,NavMesh,
3087,20.09,AgentPrefab,Agent,MoveState,Moving,Goal,20.00,0.00,20.00,20.05,0.40,19.83,20.00,0.41,20.00,NavMesh,
3088,20.09,AgentPrefab,Agent,MoveState,Moving,Goal,20.00,0.00,20.00,20.05,0.40,19.84,20.00,0.41,20.00,NavMesh,
3089,20.10,AgentPrefab,Agent,MoveState,Moving,Goal,20.00,0.00,20.00,20.04,0.40,19.86,20.00,0.41,20.00,NavMesh,
3090,20.11,AgentPrefab,Agent,MoveState,Moving,Goal,20.00,0.00,20.00,20.04,0.40,19.87,20.00,0.41,20.00,NavMesh,
3091,20.11,AgentPrefab,Agent,MoveState,Moving,Goal,20.00,0.00,20.00,20.04,0.40,19.88,20.00,0.41,20.00,NavMesh,
3092,20.12,AgentPrefab,Agent,MoveState,Moving,Goal,20.00,0.00,20.00,20.03,0.41,19.90,20.00,0.41,20.00,NavMesh,
3093,20.13,AgentPrefab,Agent,MoveState,Moving,Goal,20.00,0.00,20.00,20.03,0.41,19.91,20.00,0.41,20.00,NavMesh,
3094,20.13,AgentPrefab,Agent,MoveState,Moving,Goal,20.00,0.00,20.00,20.02,0.41,19.92,20.00,0.41,20.00,NavMesh,
3095,20.14,AgentPrefab,Agent,MoveState,Moving,Goal,20.00,0.00,20.00,20.02,0.41,19.94,20.00,0.41,20.00,NavMesh,
3096,20.15,AgentPrefab,Agent,MoveState,Moving,Goal,20.00,0.00,20.00,20.02,0.41,19.95,20.00,0.41,20.00,NavMesh,
3096,20.15,AIManager,Performance,Pathfinding,Executed,NavMesh,0.00,0.00,0.00,0.00,0.00,0.00,0.00,0.00,0.00,NavMesh,0.024
3096,20.15,AgentPrefab,Agent,MoveState,Moving,Goal,10.00,0.00,20.00,20.00,0.41,20.00,20.00,0.41,20.00,NavMesh,
3097,20.17,AgentPrefab,Agent,MoveState,Moving,Goal,10.00,0.00,20.00,20.00,0.41,20.00,20.00,0.41,20.00,NavMesh,
3098,20.17,AgentPrefab,Agent,MoveState,Moving,Goal,10.00,0.00,20.00,20.00,0.41,20.00,16.17,0.08,21.17,NavMesh,
3099,20.18,AgentPrefab,Agent,MoveState,Moving,Goal,10.00,0.00,20.00,19.99,0.41,20.00,16.17,0.08,21.17,NavMesh,
3100,20.19,AgentPrefab,Agent,MoveState,Moving,Goal,10.00,0.00,20.00,19.97,0.41,20.01,16.17,0.08,21.17,NavMesh,
3101,20.19,AgentPrefab,Agent,MoveState,Moving,Goal,10.00,0.00,20.00,19.96,0.41,20.01,16.17,0.08,21.17,NavMesh,
3102,20.20,AgentPrefab,Agent,MoveState,Moving,Goal,10.00,0.00,20.00,19.95,0.41,20.02,16.17,0.08,21.17,NavMesh,
3103,20.21,AgentPrefab,Agent,MoveState,Moving,Goal,10.00,0.00,20.00,19.93,0.41,20.02,16.17,0.08,21.17,NavMesh,
3104,20.22,AgentPrefab,Agent,MoveState,Moving,Goal,10.00,0.00,20.00,19.92,0.41,20.02,16.17,0.08,21.17,NavMesh,
3105,20.22,AgentPrefab,Agent,MoveState,Moving,Goal,10.00,0.00,20.00,19.91,0.41,20.03,16.17,0.08,21.17,NavMesh,
3106,20.23,AgentPrefab,Agent,MoveState,Moving,Goal,10.00,0.00,20.00,19.90,0.41,20.03,16.17,0.08,21.17,NavMesh,
3107,20.24,AgentPrefab,Agent,MoveState,Moving,Goal,10.00,0.00,20.00,19.88,0.40,20.04,16.17,0.08,21.17,NavMesh,
3108,20.24,AgentPrefab,Agent,MoveState,Moving,Goal,10.00,0.00,20.00,19.87,0.40,20.04,16.17,0.08,21.17,NavMesh,
3109,20.25,AgentPrefab,Agent,MoveState,Moving,Goal,10.00,0.00,20.00,19.86,0.40,20.04,16.17,0.08,21.17,NavMesh,
3110,20.26,AgentPrefab,Agent,MoveState,Moving,Goal,10.00,0.00,20.00,19.84,0.40,20.05,16.17,0.08,21.17,NavMesh,
3111,20.26,AgentPrefab,Agent,MoveState,Moving,Goal,10.00,0.00,20.00,19.83,0.40,20.05,16.17,0.08,21.17,NavMesh,
3112,20.27,AgentPrefab,Agent,MoveState,Moving,Goal,10.00,0.00,20.00,19.82,0.40,20.06,16.17,0.08,21.17,NavMesh,
3113,20.28,AgentPrefab,Agent,MoveState,Moving,Goal,10.00,0.00,20.00,19.80,0.40,20.06,16.17,0.08,21.17,NavMesh,
3114,20.29,AgentPrefab,Agent,MoveState,Moving,Goal,10.00,0.00,20.00,19.79,0.40,20.06,16.17,0.08,21.17,NavMesh,
3115,20.29,AgentPrefab,Agent,MoveState,Moving,Goal,10.00,0.00,20.00,19.78,0.40,20.07,16.17,0.08,21.17,NavMesh,
3116,20.30,AgentPrefab,Agent,MoveState,Moving,Goal,10.00,0.00,20.00,19.76,0.39,20.07,16.17,0.08,21.17,NavMesh,
3117,20.31,AgentPrefab,Agent,MoveState,Moving,Goal,10.00,0.00,20.00,19.75,0.39,20.08,16.17,0.08,21.17,NavMesh,
3118,20.31,AgentPrefab,Agent,MoveState,Moving,Goal,10.00,0.00,20.00,19.74,0.39,20.08,16.17,0.08,21.17,NavMesh,
3119,20.32,AgentPrefab,Agent,MoveState,Moving,Goal,10.00,0.00,20.00,19.72,0.39,20.08,16.17,0.08,21.17,NavMesh,
3120,20.33,AgentPrefab,Agent,MoveState,Moving,Goal,10.00,0.00,20.00,19.71,0.39,20.09,16.17,0.08,21.17,NavMesh,
3121,20.33,AgentPrefab,Agent,MoveState,Moving,Goal,10.00,0.00,20.00,19.70,0.39,20.09,16.17,0.08,21.17,NavMesh,
3122,20.34,AgentPrefab,Agent,MoveState,Moving,Goal,10.00,0.00,20.00,19.68,0.39,20.10,16.17,0.08,21.17,NavMesh,
3123,20.35,AgentPrefab,Agent,MoveState,Moving,Goal,10.00,0.00,20.00,19.67,0.39,20.10,16.17,0.08,21.17,NavMesh,
3124,20.36,AgentPrefab,Agent,MoveState,Moving,Goal,10.00,0.00,20.00,19.65,0.38,20.11,16.17,0.08,21.17,NavMesh,
3125,20.36,AgentPrefab,Agent,MoveState,Moving,Goal,10.00,0.00,20.00,19.64,0.38,20.11,16.17,0.08,21.17,NavMesh,
3126,20.37,AgentPrefab,Agent,MoveState,Moving,Goal,10.00,0.00,20.00,19.63,0.38,20.11,16.17,0.08,21.17,NavMesh,
3127,20.38,AgentPrefab,Agent,MoveState,Moving,Goal,10.00,0.00,20.00,19.61,0.38,20.12,16.17,0.08,21.17,NavMesh,
3128,20.40,AgentPrefab,Agent,MoveState,Moving,Goal,10.00,0.00,20.00,19.60,0.38,20.12,16.17,0.08,21.17,NavMesh,
3129,20.40,AgentPrefab,Agent,MoveState,Moving,Goal,10.00,0.00,20.00,19.56,0.38,20.13,16.17,0.08,21.17,NavMesh,
3130,20.41,AgentPrefab,Agent,MoveState,Moving,Goal,10.00,0.00,20.00,19.55,0.38,20.14,16.17,0.08,21.17,NavMesh,
3131,20.42,AgentPrefab,Agent,MoveState,Moving,Goal,10.00,0.00,20.00,19.54,0.38,20.14,16.17,0.08,21.17,NavMesh,
3132,20.42,AgentPrefab,Agent,MoveState,Moving,Goal,10.00,0.00,20.00,19.53,0.37,20.14,16.17,0.08,21.17,NavMesh,
3133,20.43,AgentPrefab,Agent,MoveState,Moving,Goal,10.00,0.00,20.00,19.51,0.37,20.15,16.17,0.08,21.17,NavMesh,
3134,20.44,AgentPrefab,Agent,MoveState,Moving,Goal,10.00,0.00,20.00,19.50,0.37,20.15,16.17,0.08,21.17,NavMesh,
3135,20.44,AgentPrefab,Agent,MoveState,Moving,Goal,10.00,0.00,20.00,19.49,0.37,20.16,16.17,0.08,21.17,NavMesh,
3136,20.45,AgentPrefab,Agent,MoveState,Moving,Goal,10.00,0.00,20.00,19.47,0.37,20.16,16.17,0.08,21.17,NavMesh,
3137,20.46,AgentPrefab,Agent,MoveState,Moving,Goal,10.00,0.00,20.00,19.46,0.37,20.16,16.17,0.08,21.17,NavMesh,
3138,20.46,AgentPrefab,Agent,MoveState,Moving,Goal,10.00,0.00,20.00,19.45,0.37,20.17,16.17,0.08,21.17,NavMesh,
3139,20.47,AgentPrefab,Agent,MoveState,Moving,Goal,10.00,0.00,20.00,19.43,0.37,20.17,16.17,0.08,21.17,NavMesh,
3140,20.48,AgentPrefab,Agent,MoveState,Moving,Goal,10.00,0.00,20.00,19.42,0.36,20.18,16.17,0.08,21.17,NavMesh,
3141,20.49,AgentPrefab,Agent,MoveState,Moving,Goal,10.00,0.00,20.00,19.41,0.36,20.18,16.17,0.08,21.17,NavMesh,
3142,20.49,AgentPrefab,Agent,MoveState,Moving,Goal,10.00,0.00,20.00,19.39,0.36,20.18,16.17,0.08,21.17,NavMesh,
3143,20.50,AgentPrefab,Agent,MoveState,Moving,Goal,10.00,0.00,20.00,19.38,0.36,20.19,16.17,0.08,21.17,NavMesh,
3144,20.51,AgentPrefab,Agent,MoveState,Moving,Goal,10.00,0.00,20.00,19.37,0.36,20.19,16.17,0.08,21.17,NavMesh,
3145,20.51,AgentPrefab,Agent,MoveState,Moving,Goal,10.00,0.00,20.00,19.35,0.36,20.20,16.17,0.08,21.17,NavMesh,
3146,20.52,AgentPrefab,Agent,MoveState,Moving,Goal,10.00,0.00,20.00,19.34,0.36,20.20,16.17,0.08,21.17,NavMesh,
3147,20.53,AgentPrefab,Agent,MoveState,Moving,Goal,10.00,0.00,20.00,19.33,0.36,20.20,16.17,0.08,21.17,NavMesh,
3148,20.53,AgentPrefab,Agent,MoveState,Moving,Goal,10.00,0.00,20.00,19.31,0.36,20.21,16.17,0.08,21.17,NavMesh,
3149,20.54,AgentPrefab,Agent,MoveState,Moving,Goal,10.00,0.00,20.00,19.30,0.35,20.21,16.17,0.08,21.17,NavMesh,
3150,20.55,AgentPrefab,Agent,MoveState,Moving,Goal,10.00,0.00,20.00,19.29,0.35,20.22,16.17,0.08,21.17,NavMesh,
3151,20.55,AgentPrefab,Agent,MoveState,Moving,Goal,10.00,0.00,20.00,19.27,0.35,20.22,16.17,0.08,21.17,NavMesh,
3152,20.56,AgentPrefab,Agent,MoveState,Moving,Goal,10.00,0.00,20.00,19.26,0.35,20.22,16.17,0.08,21.17,NavMesh,
3153,20.57,AgentPrefab,Agent,MoveState,Moving,Goal,10.00,0.00,20.00,19.25,0.35,20.23,16.17,0.08,21.17,NavMesh,
3154,20.58,AgentPrefab,Agent,MoveState,Moving,Goal,10.00,0.00,20.00,19.24,0.35,20.23,16.17,0.08,21.17,NavMesh,
3155,20.58,AgentPrefab,Agent,MoveState,Moving,Goal,10.00,0.00,20.00,19.22,0.35,20.24,16.17,0.08,21.17,NavMesh,
3156,20.59,AgentPrefab,Agent,MoveState,Moving,Goal,10.00,0.00,20.00,19.21,0.35,20.24,16.17,0.08,21.17,NavMesh,
3157,20.60,AgentPrefab,Agent,MoveState,Moving,Goal,10.00,0.00,20.00,19.20,0.35,20.24,16.17,0.08,21.17,NavMesh,
3158,20.60,AgentPrefab,Agent,MoveState,Moving,Goal,10.00,0.00,20.00,19.18,0.34,20.25,16.17,0.08,21.17,NavMesh,
3159,20.61,AgentPrefab,Agent,MoveState,Moving,Goal,10.00,0.00,20.00,19.17,0.34,20.25,16.17,0.08,21.17,NavMesh,
3160,20.62,AgentPrefab,Agent,MoveState,Moving,Goal,10.00,0.00,20.00,19.16,0.34,20.26,16.17,0.08,21.17,NavMesh,
3161,20.62,AgentPrefab,Agent,MoveState,Moving,Goal,10.00,0.00,20.00,19.14,0.34,20.26,16.17,0.08,21.17,NavMesh,
3162,20.63,AgentPrefab,Agent,MoveState,Moving,Goal,10.00,0.00,20.00,19.13,0.34,20.26,16.17,0.08,21.17,NavMesh,
3163,20.64,AgentPrefab,Agent,MoveState,Moving,Goal,10.00,0.00,20.00,19.12,0.34,20.27,16.17,0.08,21.17,NavMesh,
3164,20.64,AgentPrefab,Agent,MoveState,Moving,Goal,10.00,0.00,20.00,19.11,0.34,20.27,16.17,0.08,21.17,NavMesh,
3165,20.65,AgentPrefab,Agent,MoveState,Moving,Goal,10.00,0.00,20.00,19.09,0.34,20.28,16.17,0.08,21.17,NavMesh,
3166,20.66,AgentPrefab,Agent,MoveState,Moving,Goal,10.00,0.00,20.00,19.08,0.34,20.28,16.17,0.08,21.17,NavMesh,
3167,20.66,AgentPrefab,Agent,MoveState,Moving,Goal,10.00,0.00,20.00,19.07,0.33,20.28,16.17,0.08,21.17,NavMesh,
3168,20.67,AgentPrefab,Agent,MoveState,Moving,Goal,10.00,0.00,20.00,19.05,0.33,20.29,16.17,0.08,21.17,NavMesh,
3169,20.68,AgentPrefab,Agent,MoveState,Moving,Goal,10.00,0.00,20.00,19.04,0.33,20.29,16.17,0.08,21.17,NavMesh,
3170,20.68,AgentPrefab,Agent,MoveState,Moving,Goal,10.00,0.00,20.00,19.03,0.33,20.30,16.17,0.08,21.17,NavMesh,
3171,20.69,AgentPrefab,Agent,MoveState,Moving,Goal,10.00,0.00,20.00,19.01,0.33,20.30,16.17,0.08,21.17,NavMesh,
3172,20.70,AgentPrefab,Agent,MoveState,Moving,Goal,10.00,0.00,20.00,19.00,0.33,20.30,16.17,0.08,21.17,NavMesh,
3173,20.71,AgentPrefab,Agent,MoveState,Moving,Goal,10.00,0.00,20.00,18.99,0.33,20.31,16.17,0.08,21.17,NavMesh,
3174,20.71,AgentPrefab,Agent,MoveState,Moving,Goal,10.00,0.00,20.00,18.97,0.33,20.31,16.17,0.08,21.17,NavMesh,
3175,20.72,AgentPrefab,Agent,MoveState,Moving,Goal,10.00,0.00,20.00,18.96,0.33,20.32,16.17,0.08,21.17,NavMesh,
3176,20.73,AgentPrefab,Agent,MoveState,Moving,Goal,10.00,0.00,20.00,18.95,0.32,20.32,16.17,0.08,21.17,NavMesh,
3177,20.73,AgentPrefab,Agent,MoveState,Moving,Goal,10.00,0.00,20.00,18.94,0.32,20.32,16.17,0.08,21.17,NavMesh,
3178,20.74,AgentPrefab,Agent,MoveState,Moving,Goal,10.00,0.00,20.00,18.92,0.32,20.33,16.17,0.08,21.17,NavMesh,
3179,20.75,AgentPrefab,Agent,MoveState,Moving,Goal,10.00,0.00,20.00,18.91,0.32,20.33,16.17,0.08,21.17,NavMesh,
3180,20.75,AgentPrefab,Agent,MoveState,Moving,Goal,10.00,0.00,20.00,18.90,0.32,20.34,16.17,0.08,21.17,NavMesh,
3181,20.76,AgentPrefab,Agent,MoveState,Moving,Goal,10.00,0.00,20.00,18.88,0.32,20.34,16.17,0.08,21.17,NavMesh,
3182,20.77,AgentPrefab,Agent,MoveState,Moving,Goal,10.00,0.00,20.00,18.87,0.32,20.34,16.17,0.08,21.17,NavMesh,
3183,20.77,AgentPrefab,Agent,MoveState,Moving,Goal,10.00,0.00,20.00,18.86,0.32,20.35,16.17,0.08,21.17,NavMesh,
3184,20.78,AgentPrefab,Agent,MoveState,Moving,Goal,10.00,0.00,20.00,18.85,0.32,20.35,16.17,0.08,21.17,NavMesh,
3185,20.79,AgentPrefab,Agent,MoveState,Moving,Goal,10.00,0.00,20.00,18.83,0.31,20.36,16.17,0.08,21.17,NavMesh,
3186,20.79,AgentPrefab,Agent,MoveState,Moving,Goal,10.00,0.00,20.00,18.82,0.31,20.36,16.17,0.08,21.17,NavMesh,
3187,20.80,AgentPrefab,Agent,MoveState,Moving,Goal,10.00,0.00,20.00,18.81,0.31,20.36,16.17,0.08,21.17,NavMesh,
3188,20.81,AgentPrefab,Agent,MoveState,Moving,Goal,10.00,0.00,20.00,18.79,0.31,20.37,16.17,0.08,21.17,NavMesh,
3189,20.81,AgentPrefab,Agent,MoveState,Moving,Goal,10.00,0.00,20.00,18.78,0.31,20.37,16.17,0.08,21.17,NavMesh,
3190,20.82,AgentPrefab,Agent,MoveState,Moving,Goal,10.00,0.00,20.00,18.77,0.31,20.38,16.17,0.08,21.17,NavMesh,
3191,20.83,AgentPrefab,Agent,MoveState,Moving,Goal,10.00,0.00,20.00,18.75,0.31,20.38,16.17,0.08,21.17,NavMesh,
3192,20.84,AgentPrefab,Agent,MoveState,Moving,Goal,10.00,0.00,20.00,18.74,0.31,20.38,16.17,0.08,21.17,NavMesh,
3193,20.84,AgentPrefab,Agent,MoveState,Moving,Goal,10.00,0.00,20.00,18.73,0.30,20.39,16.17,0.08,21.17,NavMesh,
3194,20.85,AgentPrefab,Agent,MoveState,Moving,Goal,10.00,0.00,20.00,18.71,0.30,20.39,16.17,0.08,21.17,NavMesh,
3195,20.86,AgentPrefab,Agent,MoveState,Moving,Goal,10.00,0.00,20.00,18.70,0.30,20.40,16.17,0.08,21.17,NavMesh,
3196,20.86,AgentPrefab,Agent,MoveState,Moving,Goal,10.00,0.00,20.00,18.69,0.30,20.40,16.17,0.08,21.17,NavMesh,
3197,20.87,AgentPrefab,Agent,MoveState,Moving,Goal,10.00,0.00,20.00,18.68,0.30,20.40,16.17,0.08,21.17,NavMesh,
3198,20.88,AgentPrefab,Agent,MoveState,Moving,Goal,10.00,0.00,20.00,18.66,0.30,20.41,16.17,0.08,21.17,NavMesh,
3199,20.88,AgentPrefab,Agent,MoveState,Moving,Goal,10.00,0.00,20.00,18.65,0.30,20.41,16.17,0.08,21.17,NavMesh,
3200,20.89,AgentPrefab,Agent,MoveState,Moving,Goal,10.00,0.00,20.00,18.64,0.30,20.41,16.17,0.08,21.17,NavMesh,
3201,20.90,AgentPrefab,Agent,MoveState,Moving,Goal,10.00,0.00,20.00,18.62,0.30,20.42,16.17,0.08,21.17,NavMesh,
3202,20.91,AgentPrefab,Agent,MoveState,Moving,Goal,10.00,0.00,20.00,18.61,0.29,20.42,16.17,0.08,21.17,NavMesh,
3203,20.91,AgentPrefab,Agent,MoveState,Moving,Goal,10.00,0.00,20.00,18.59,0.29,20.43,16.17,0.08,21.17,NavMesh,
3204,20.92,AgentPrefab,Agent,MoveState,Moving,Goal,10.00,0.00,20.00,18.58,0.29,20.43,16.17,0.08,21.17,NavMesh,
3205,20.93,AgentPrefab,Agent,MoveState,Moving,Goal,10.00,0.00,20.00,18.56,0.29,20.44,16.17,0.08,21.17,NavMesh,
3206,20.94,AgentPrefab,Agent,MoveState,Moving,Goal,10.00,0.00,20.00,18.54,0.29,20.44,16.17,0.08,21.17,NavMesh,
3207,20.95,AgentPrefab,Agent,MoveState,Moving,Goal,10.00,0.00,20.00,18.53,0.29,20.45,16.17,0.08,21.17,NavMesh,
3208,20.96,AgentPrefab,Agent,MoveState,Moving,Goal,10.00,0.00,20.00,18.51,0.29,20.45,16.17,0.08,21.17,NavMesh,
3209,20.98,AgentPrefab,Agent,MoveState,Moving,Goal,10.00,0.00,20.00,18.49,0.28,20.46,16.17,0.08,21.17,NavMesh,
3210,20.98,AgentPrefab,Agent,MoveState,Moving,Goal,10.00,0.00,20.00,18.46,0.28,20.47,16.17,0.08,21.17,NavMesh,
3211,20.99,AgentPrefab,Agent,MoveState,Moving,Goal,10.00,0.00,20.00,18.44,0.28,20.47,16.17,0.08,21.17,NavMesh,
3212,21.00,AgentPrefab,Agent,MoveState,Moving,Goal,10.00,0.00,20.00,18.43,0.28,20.48,16.17,0.08,21.17,NavMesh,
3213,21.01,AgentPrefab,Agent,MoveState,Moving,Goal,10.00,0.00,20.00,18.42,0.28,20.48,16.17,0.08,21.17,NavMesh,
3214,21.01,AgentPrefab,Agent,MoveState,Moving,Goal,10.00,0.00,20.00,18.40,0.28,20.49,16.17,0.08,21.17,NavMesh,
3215,21.02,AgentPrefab,Agent,MoveState,Moving,Goal,10.00,0.00,20.00,18.39,0.28,20.49,16.17,0.08,21.17,NavMesh,
3216,21.03,AgentPrefab,Agent,MoveState,Moving,Goal,10.00,0.00,20.00,18.37,0.27,20.49,16.17,0.08,21.17,NavMesh,
3217,21.03,AgentPrefab,Agent,MoveState,Moving,Goal,10.00,0.00,20.00,18.36,0.27,20.50,16.17,0.08,21.17,NavMesh,
3218,21.04,AgentPrefab,Agent,MoveState,Moving,Goal,10.00,0.00,20.00,18.35,0.27,20.50,16.17,0.08,21.17,NavMesh,
3219,21.05,AgentPrefab,Agent,MoveState,Moving,Goal,10.00,0.00,20.00,18.34,0.27,20.51,16.17,0.08,21.17,NavMesh,
3220,21.05,AgentPrefab,Agent,MoveState,Moving,Goal,10.00,0.00,20.00,18.32,0.27,20.51,16.17,0.08,21.17,NavMesh,
3221,21.06,AgentPrefab,Agent,MoveState,Moving,Goal,10.00,0.00,20.00,18.31,0.27,20.51,16.17,0.08,21.17,NavMesh,
3222,21.07,AgentPrefab,Agent,MoveState,Moving,Goal,10.00,0.00,20.00,18.30,0.27,20.52,16.17,0.08,21.17,NavMesh,
3223,21.08,AgentPrefab,Agent,MoveState,Moving,Goal,10.00,0.00,20.00,18.28,0.27,20.52,16.17,0.08,21.17,NavMesh,
3224,21.08,AgentPrefab,Agent,MoveState,Moving,Goal,10.00,0.00,20.00,18.27,0.27,20.53,16.17,0.08,21.17,NavMesh,
3225,21.09,AgentPrefab,Agent,MoveState,Moving,Goal,10.00,0.00,20.00,18.26,0.26,20.53,16.17,0.08,21.17,NavMesh,
3226,21.10,AgentPrefab,Agent,MoveState,Moving,Goal,10.00,0.00,20.00,18.24,0.26,20.53,16.17,0.08,21.17,NavMesh,
3227,21.10,AgentPrefab,Agent,MoveState,Moving,Goal,10.00,0.00,20.00,18.23,0.26,20.54,16.17,0.08,21.17,NavMesh,
3228,21.11,AgentPrefab,Agent,MoveState,Moving,Goal,10.00,0.00,20.00,18.22,0.26,20.54,16.17,0.08,21.17,NavMesh,
3229,21.12,AgentPrefab,Agent,MoveState,Moving,Goal,10.00,0.00,20.00,18.20,0.26,20.55,16.17,0.08,21.17,NavMesh,
3230,21.12,AgentPrefab,Agent,MoveState,Moving,Goal,10.00,0.00,20.00,18.19,0.26,20.55,16.17,0.08,21.17,NavMesh,
3231,21.13,AgentPrefab,Agent,MoveState,Moving,Goal,10.00,0.00,20.00,18.18,0.26,20.55,16.17,0.08,21.17,NavMesh,
3232,21.14,AgentPrefab,Agent,MoveState,Moving,Goal,10.00,0.00,20.00,18.16,0.26,20.56,16.17,0.08,21.17,NavMesh,
3233,21.14,AgentPrefab,Agent,MoveState,Moving,Goal,10.00,0.00,20.00,18.15,0.25,20.56,16.17,0.08,21.17,NavMesh,
3234,21.15,AgentPrefab,Agent,MoveState,Moving,Goal,10.00,0.00,20.00,18.14,0.25,20.57,16.17,0.08,21.17,NavMesh,
3235,21.16,AgentPrefab,Agent,MoveState,Moving,Goal,10.00,0.00,20.00,18.12,0.25,20.57,16.17,0.08,21.17,NavMesh,
3236,21.17,AgentPrefab,Agent,MoveState,Moving,Goal,10.00,0.00,20.00,18.11,0.25,20.58,16.17,0.08,21.17,NavMesh,
3237,21.17,AgentPrefab,Agent,MoveState,Moving,Goal,10.00,0.00,20.00,18.10,0.25,20.58,16.17,0.08,21.17,NavMesh,
3238,21.19,AgentPrefab,Agent,MoveState,Moving,Goal,10.00,0.00,20.00,18.09,0.25,20.58,16.17,0.08,21.17,NavMesh,
3239,21.19,AgentPrefab,Agent,MoveState,Moving,Goal,10.00,0.00,20.00,18.06,0.25,20.59,16.17,0.08,21.17,NavMesh,
3240,21.20,AgentPrefab,Agent,MoveState,Moving,Goal,10.00,0.00,20.00,18.05,0.25,20.59,16.17,0.08,21.17,NavMesh,
3241,21.21,AgentPrefab,Agent,MoveState,Moving,Goal,10.00,0.00,20.00,18.03,0.24,20.60,16.17,0.08,21.17,NavMesh,
3242,21.21,AgentPrefab,Agent,MoveState,Moving,Goal,10.00,0.00,20.00,18.02,0.24,20.60,16.17,0.08,21.17,NavMesh,
3243,21.22,AgentPrefab,Agent,MoveState,Moving,Goal,10.00,0.00,20.00,18.01,0.24,20.61,16.17,0.08,21.17,NavMesh,
3244,21.23,AgentPrefab,Agent,MoveState,Moving,Goal,10.00,0.00,20.00,17.99,0.24,20.61,16.17,0.08,21.17,NavMesh,
3245,21.23,AgentPrefab,Agent,MoveState,Moving,Goal,10.00,0.00,20.00,17.98,0.24,20.61,16.17,0.08,21.17,NavMesh,
3246,21.24,AgentPrefab,Agent,MoveState,Moving,Goal,10.00,0.00,20.00,17.97,0.24,20.62,16.17,0.08,21.17,NavMesh,
3247,21.25,AgentPrefab,Agent,MoveState,Moving,Goal,10.00,0.00,20.00,17.96,0.24,20.62,16.17,0.08,21.17,NavMesh,
3248,21.25,AgentPrefab,Agent,MoveState,Moving,Goal,10.00,0.00,20.00,17.94,0.24,20.63,16.17,0.08,21.17,NavMesh,
3249,21.26,AgentPrefab,Agent,MoveState,Moving,Goal,10.00,0.00,20.00,17.93,0.24,20.63,16.17,0.08,21.17,NavMesh,
3250,21.27,AgentPrefab,Agent,MoveState,Moving,Goal,10.00,0.00,20.00,17.91,0.23,20.63,16.17,0.08,21.17,NavMesh,
3251,21.28,AgentPrefab,Agent,MoveState,Moving,Goal,10.00,0.00,20.00,17.90,0.23,20.64,16.17,0.08,21.17,NavMesh,
3252,21.28,AgentPrefab,Agent,MoveState,Moving,Goal,10.00,0.00,20.00,17.89,0.23,20.64,16.17,0.08,21.17,NavMesh,
3253,21.29,AgentPrefab,Agent,MoveState,Moving,Goal,10.00,0.00,20.00,17.87,0.23,20.65,16.17,0.08,21.17,NavMesh,
3254,21.30,AgentPrefab,Agent,MoveState,Moving,Goal,10.00,0.00,20.00,17.86,0.23,20.65,16.17,0.08,21.17,NavMesh,
3255,21.30,AgentPrefab,Agent,MoveState,Moving,Goal,10.00,0.00,20.00,17.85,0.23,20.65,16.17,0.08,21.17,NavMesh,
3256,21.31,AgentPrefab,Agent,MoveState,Moving,Goal,10.00,0.00,20.00,17.84,0.23,20.66,16.17,0.08,21.17,NavMesh,
3257,21.32,AgentPrefab,Agent,MoveState,Moving,Goal,10.00,0.00,20.00,17.82,0.23,20.66,16.17,0.08,21.17,NavMesh,
3258,21.32,AgentPrefab,Agent,MoveState,Moving,Goal,10.00,0.00,20.00,17.81,0.23,20.67,16.17,0.08,21.17,NavMesh,
3259,21.33,AgentPrefab,Agent,MoveState,Moving,Goal,10.00,0.00,20.00,17.80,0.22,20.67,16.17,0.08,21.17,NavMesh,
3260,21.34,AgentPrefab,Agent,MoveState,Moving,Goal,10.00,0.00,20.00,17.78,0.22,20.68,16.17,0.08,21.17,NavMesh,
3261,21.34,AgentPrefab,Agent,MoveState,Moving,Goal,10.00,0.00,20.00,17.77,0.22,20.68,16.17,0.08,21.17,NavMesh,
3262,21.35,AgentPrefab,Agent,MoveState,Moving,Goal,10.00,0.00,20.00,17.76,0.22,20.68,16.17,0.08,21.17,NavMesh,
3263,21.36,AgentPrefab,Agent,MoveState,Moving,Goal,10.00,0.00,20.00,17.74,0.22,20.69,16.17,0.08,21.17,NavMesh,
3264,21.37,AgentPrefab,Agent,MoveState,Moving,Goal,10.00,0.00,20.00,17.73,0.22,20.69,16.17,0.08,21.17,NavMesh,
3265,21.37,AgentPrefab,Agent,MoveState,Moving,Goal,10.00,0.00,20.00,17.72,0.22,20.70,16.17,0.08,21.17,NavMesh,
3266,21.38,AgentPrefab,Agent,MoveState,Moving,Goal,10.00,0.00,20.00,17.70,0.22,20.70,16.17,0.08,21.17,NavMesh,
3267,21.39,AgentPrefab,Agent,MoveState,Moving,Goal,10.00,0.00,20.00,17.69,0.22,20.70,16.17,0.08,21.17,NavMesh,
3268,21.39,AgentPrefab,Agent,MoveState,Moving,Goal,10.00,0.00,20.00,17.68,0.21,20.71,16.17,0.08,21.17,NavMesh,
3269,21.40,AgentPrefab,Agent,MoveState,Moving,Goal,10.00,0.00,20.00,17.66,0.21,20.71,16.17,0.08,21.17,NavMesh,
3270,21.41,AgentPrefab,Agent,MoveState,Moving,Goal,10.00,0.00,20.00,17.65,0.21,20.72,16.17,0.08,21.17,NavMesh,
3271,21.41,AgentPrefab,Agent,MoveState,Moving,Goal,10.00,0.00,20.00,17.64,0.21,20.72,16.17,0.08,21.17,NavMesh,
3272,21.42,AgentPrefab,Agent,MoveState,Moving,Goal,10.00,0.00,20.00,17.62,0.21,20.72,16.17,0.08,21.17,NavMesh,
3273,21.43,AgentPrefab,Agent,MoveState,Moving,Goal,10.00,0.00,20.00,17.61,0.21,20.73,16.17,0.08,21.17,NavMesh,
3274,21.43,AgentPrefab,Agent,MoveState,Moving,Goal,10.00,0.00,20.00,17.60,0.21,20.73,16.17,0.08,21.17,NavMesh,
3275,21.44,AgentPrefab,Agent,MoveState,Moving,Goal,10.00,0.00,20.00,17.58,0.21,20.74,16.17,0.08,21.17,NavMesh,
3276,21.45,AgentPrefab,Agent,MoveState,Moving,Goal,10.00,0.00,20.00,17.57,0.20,20.74,16.17,0.08,21.17,NavMesh,
3277,21.46,AgentPrefab,Agent,MoveState,Moving,Goal,10.00,0.00,20.00,17.56,0.20,20.74,16.17,0.08,21.17,NavMesh,
3278,21.46,AgentPrefab,Agent,MoveState,Moving,Goal,10.00,0.00,20.00,17.54,0.20,20.75,16.17,0.08,21.17,NavMesh,
3279,21.47,AgentPrefab,Agent,MoveState,Moving,Goal,10.00,0.00,20.00,17.53,0.20,20.75,16.17,0.08,21.17,NavMesh,
3280,21.48,AgentPrefab,Agent,MoveState,Moving,Goal,10.00,0.00,20.00,17.52,0.20,20.76,16.17,0.08,21.17,NavMesh,
3281,21.48,AgentPrefab,Agent,MoveState,Moving,Goal,10.00,0.00,20.00,17.50,0.20,20.76,16.17,0.08,21.17,NavMesh,
3282,21.49,AgentPrefab,Agent,MoveState,Moving,Goal,10.00,0.00,20.00,17.49,0.20,20.76,16.17,0.08,21.17,NavMesh,
3283,21.50,AgentPrefab,Agent,MoveState,Moving,Goal,10.00,0.00,20.00,17.48,0.20,20.77,16.17,0.08,21.17,NavMesh,
3284,21.51,AgentPrefab,Agent,MoveState,Moving,Goal,10.00,0.00,20.00,17.46,0.20,20.77,16.17,0.08,21.17,NavMesh,
3285,21.51,AgentPrefab,Agent,MoveState,Moving,Goal,10.00,0.00,20.00,17.45,0.19,20.78,16.17,0.08,21.17,NavMesh,
3286,21.52,AgentPrefab,Agent,MoveState,Moving,Goal,10.00,0.00,20.00,17.43,0.19,20.78,16.17,0.08,21.17,NavMesh,
3287,21.54,AgentPrefab,Agent,MoveState,Moving,Goal,10.00,0.00,20.00,17.42,0.19,20.79,16.17,0.08,21.17,NavMesh,
3288,21.55,AgentPrefab,Agent,MoveState,Moving,Goal,10.00,0.00,20.00,17.39,0.19,20.79,16.17,0.08,21.17,NavMesh,
3289,21.56,AgentPrefab,Agent,MoveState,Moving,Goal,10.00,0.00,20.00,17.36,0.19,20.80,16.17,0.08,21.17,NavMesh,
3290,21.57,AgentPrefab,Agent,MoveState,Moving,Goal,10.00,0.00,20.00,17.35,0.19,20.81,16.17,0.08,21.17,NavMesh,
3291,21.57,AgentPrefab,Agent,MoveState,Moving,Goal,10.00,0.00,20.00,17.33,0.18,20.81,16.17,0.08,21.17,NavMesh,
3292,21.58,AgentPrefab,Agent,MoveState,Moving,Goal,10.00,0.00,20.00,17.32,0.18,20.82,16.17,0.08,21.17,NavMesh,
3293,21.59,AgentPrefab,Agent,MoveState,Moving,Goal,10.00,0.00,20.00,17.30,0.18,20.82,16.17,0.08,21.17,NavMesh,
3294,21.60,AgentPrefab,Agent,MoveState,Moving,Goal,10.00,0.00,20.00,17.29,0.18,20.83,16.17,0.08,21.17,NavMesh,
3295,21.61,AgentPrefab,Agent,MoveState,Moving,Goal,10.00,0.00,20.00,17.27,0.18,20.83,16.17,0.08,21.17,NavMesh,
3296,21.62,AgentPrefab,Agent,MoveState,Moving,Goal,10.00,0.00,20.00,17.26,0.18,20.84,16.17,0.08,21.17,NavMesh,
3297,21.62,AgentPrefab,Agent,MoveState,Moving,Goal,10.00,0.00,20.00,17.24,0.18,20.84,16.17,0.08,21.17,NavMesh,
3298,21.63,AgentPrefab,Agent,MoveState,Moving,Goal,10.00,0.00,20.00,17.22,0.17,20.85,16.17,0.08,21.17,NavMesh,
3299,21.64,AgentPrefab,Agent,MoveState,Moving,Goal,10.00,0.00,20.00,17.21,0.17,20.85,16.17,0.08,21.17,NavMesh,
3300,21.65,AgentPrefab,Agent,MoveState,Moving,Goal,10.00,0.00,20.00,17.19,0.17,20.85,16.17,0.08,21.17,NavMesh,
3301,21.66,AgentPrefab,Agent,MoveState,Moving,Goal,10.00,0.00,20.00,17.18,0.17,20.86,16.17,0.08,21.17,NavMesh,
3302,21.67,AgentPrefab,Agent,MoveState,Moving,Goal,10.00,0.00,20.00,17.16,0.17,20.86,16.17,0.08,21.17,NavMesh,
3303,21.67,AgentPrefab,Agent,MoveState,Moving,Goal,10.00,0.00,20.00,17.14,0.17,20.87,16.17,0.08,21.17,NavMesh,
3304,21.68,AgentPrefab,Agent,MoveState,Moving,Goal,10.00,0.00,20.00,17.13,0.17,20.87,16.17,0.08,21.17,NavMesh,
3305,21.69,AgentPrefab,Agent,MoveState,Moving,Goal,10.00,0.00,20.00,17.11,0.17,20.88,16.17,0.08,21.17,NavMesh,
3306,21.70,AgentPrefab,Agent,MoveState,Moving,Goal,10.00,0.00,20.00,17.10,0.16,20.88,16.17,0.08,21.17,NavMesh,
3307,21.71,AgentPrefab,Agent,MoveState,Moving,Goal,10.00,0.00,20.00,17.08,0.16,20.89,16.17,0.08,21.17,NavMesh,
3308,21.71,AgentPrefab,Agent,MoveState,Moving,Goal,10.00,0.00,20.00,17.07,0.16,20.89,16.17,0.08,21.17,NavMesh,
3309,21.72,AgentPrefab,Agent,MoveState,Moving,Goal,10.00,0.00,20.00,17.05,0.16,20.90,16.17,0.08,21.17,NavMesh,
3310,21.73,AgentPrefab,Agent,MoveState,Moving,Goal,10.00,0.00,20.00,17.04,0.16,20.90,16.17,0.08,21.17,NavMesh,
3311,21.73,AgentPrefab,Agent,MoveState,Moving,Goal,10.00,0.00,20.00,17.03,0.16,20.90,16.17,0.08,21.17,NavMesh,
3312,21.74,AgentPrefab,Agent,MoveState,Moving,Goal,10.00,0.00,20.00,17.01,0.16,20.91,16.17,0.08,21.17,NavMesh,
3313,21.75,AgentPrefab,Agent,MoveState,Moving,Goal,10.00,0.00,20.00,17.00,0.16,20.91,16.17,0.08,21.17,NavMesh,
3314,21.75,AgentPrefab,Agent,MoveState,Moving,Goal,10.00,0.00,20.00,16.99,0.15,20.92,16.17,0.08,21.17,NavMesh,
3315,21.76,AgentPrefab,Agent,MoveState,Moving,Goal,10.00,0.00,20.00,16.97,0.15,20.92,16.17,0.08,21.17,NavMesh,
3316,21.77,AgentPrefab,Agent,MoveState,Moving,Goal,10.00,0.00,20.00,16.96,0.15,20.92,16.17,0.08,21.17,NavMesh,
3317,21.78,AgentPrefab,Agent,MoveState,Moving,Goal,10.00,0.00,20.00,16.95,0.15,20.93,16.17,0.08,21.17,NavMesh,
3318,21.78,AgentPrefab,Agent,MoveState,Moving,Goal,10.00,0.00,20.00,16.94,0.15,20.93,16.17,0.08,21.17,NavMesh,
3319,21.79,AgentPrefab,Agent,MoveState,Moving,Goal,10.00,0.00,20.00,16.92,0.15,20.94,16.17,0.08,21.17,NavMesh,
3320,21.80,AgentPrefab,Agent,MoveState,Moving,Goal,10.00,0.00,20.00,16.91,0.15,20.94,16.17,0.08,21.17,NavMesh,
3321,21.80,AgentPrefab,Agent,MoveState,Moving,Goal,10.00,0.00,20.00,16.89,0.15,20.95,16.17,0.08,21.17,NavMesh,
3322,21.81,AgentPrefab,Agent,MoveState,Moving,Goal,10.00,0.00,20.00,16.88,0.15,20.95,16.17,0.08,21.17,NavMesh,
3323,21.82,AgentPrefab,Agent,MoveState,Moving,Goal,10.00,0.00,20.00,16.87,0.14,20.95,16.17,0.08,21.17,NavMesh,
3324,21.82,AgentPrefab,Agent,MoveState,Moving,Goal,10.00,0.00,20.00,16.86,0.14,20.96,16.17,0.08,21.17,NavMesh,
3325,21.83,AgentPrefab,Agent,MoveState,Moving,Goal,10.00,0.00,20.00,16.84,0.14,20.96,16.17,0.08,21.17,NavMesh,
3326,21.84,AgentPrefab,Agent,MoveState,Moving,Goal,10.00,0.00,20.00,16.83,0.14,20.97,16.17,0.08,21.17,NavMesh,
3327,21.84,AgentPrefab,Agent,MoveState,Moving,Goal,10.00,0.00,20.00,16.82,0.14,20.97,16.17,0.08,21.17,NavMesh,
3328,21.85,AgentPrefab,Agent,MoveState,Moving,Goal,10.00,0.00,20.00,16.80,0.14,20.97,16.17,0.08,21.17,NavMesh,
3329,21.86,AgentPrefab,Agent,MoveState,Moving,Goal,10.00,0.00,20.00,16.79,0.14,20.98,16.17,0.08,21.17,NavMesh,
3330,21.87,AgentPrefab,Agent,MoveState,Moving,Goal,10.00,0.00,20.00,16.78,0.14,20.98,16.17,0.08,21.17,NavMesh,
3331,21.87,AgentPrefab,Agent,MoveState,Moving,Goal,10.00,0.00,20.00,16.76,0.13,20.99,16.17,0.08,21.17,NavMesh,
3332,21.88,AgentPrefab,Agent,MoveState,Moving,Goal,10.00,0.00,20.00,16.75,0.13,20.99,16.17,0.08,21.17,NavMesh,
3333,21.89,AgentPrefab,Agent,MoveState,Moving,Goal,10.00,0.00,20.00,16.74,0.13,20.99,16.17,0.08,21.17,NavMesh,
3334,21.89,AgentPrefab,Agent,MoveState,Moving,Goal,10.00,0.00,20.00,16.72,0.13,21.00,16.17,0.08,21.17,NavMesh,
3335,21.90,AgentPrefab,Agent,MoveState,Moving,Goal,10.00,0.00,20.00,16.71,0.13,21.00,16.17,0.08,21.17,NavMesh,
3336,21.91,AgentPrefab,Agent,MoveState,Moving,Goal,10.00,0.00,20.00,16.70,0.13,21.01,16.17,0.08,21.17,NavMesh,
3337,21.91,AgentPrefab,Agent,MoveState,Moving,Goal,10.00,0.00,20.00,16.68,0.13,21.01,16.17,0.08,21.17,NavMesh,
3338,21.92,AgentPrefab,Agent,MoveState,Moving,Goal,10.00,0.00,20.00,16.67,0.13,21.01,16.17,0.08,21.17,NavMesh,
3339,21.93,AgentPrefab,Agent,MoveState,Moving,Goal,10.00,0.00,20.00,16.66,0.13,21.02,16.17,0.08,21.17,NavMesh,
3340,21.93,AgentPrefab,Agent,MoveState,Moving,Goal,10.00,0.00,20.00,16.64,0.12,21.02,16.17,0.08,21.17,NavMesh,
3341,21.94,AgentPrefab,Agent,MoveState,Moving,Goal,10.00,0.00,20.00,16.63,0.12,21.03,16.17,0.08,21.17,NavMesh,
3342,21.95,AgentPrefab,Agent,MoveState,Moving,Goal,10.00,0.00,20.00,16.62,0.12,21.03,16.17,0.08,21.17,NavMesh,
3343,21.96,AgentPrefab,Agent,MoveState,Moving,Goal,10.00,0.00,20.00,16.60,0.12,21.03,16.17,0.08,21.17,NavMesh,
3344,21.96,AgentPrefab,Agent,MoveState,Moving,Goal,10.00,0.00,20.00,16.59,0.12,21.04,16.17,0.08,21.17,NavMesh,
3345,21.97,AgentPrefab,Agent,MoveState,Moving,Goal,10.00,0.00,20.00,16.58,0.12,21.04,16.17,0.08,21.17,NavMesh,
3346,21.98,AgentPrefab,Agent,MoveState,Moving,Goal,10.00,0.00,20.00,16.56,0.12,21.05,16.17,0.08,21.17,NavMesh,
3347,21.98,AgentPrefab,Agent,MoveState,Moving,Goal,10.00,0.00,20.00,16.55,0.12,21.05,16.17,0.08,21.17,NavMesh,
3348,21.99,AgentPrefab,Agent,MoveState,Moving,Goal,10.00,0.00,20.00,16.54,0.12,21.05,16.17,0.08,21.17,NavMesh,
3349,22.00,AgentPrefab,Agent,MoveState,Moving,Goal,10.00,0.00,20.00,16.53,0.11,21.06,16.17,0.08,21.17,NavMesh,
3350,22.00,AgentPrefab,Agent,MoveState,Moving,Goal,10.00,0.00,20.00,16.51,0.11,21.06,16.17,0.08,21.17,NavMesh,
3351,22.01,AgentPrefab,Agent,MoveState,Moving,Goal,10.00,0.00,20.00,16.50,0.11,21.07,16.17,0.08,21.17,NavMesh,
3352,22.02,AgentPrefab,Agent,MoveState,Moving,Goal,10.00,0.00,20.00,16.48,0.11,21.07,16.17,0.08,21.17,NavMesh,
3353,22.02,AgentPrefab,Agent,MoveState,Moving,Goal,10.00,0.00,20.00,16.47,0.11,21.07,16.17,0.08,21.17,NavMesh,
3354,22.03,AgentPrefab,Agent,MoveState,Moving,Goal,10.00,0.00,20.00,16.46,0.11,21.08,16.17,0.08,21.17,NavMesh,
3355,22.04,AgentPrefab,Agent,MoveState,Moving,Goal,10.00,0.00,20.00,16.45,0.11,21.08,16.17,0.08,21.17,NavMesh,
3356,22.05,AgentPrefab,Agent,MoveState,Moving,Goal,10.00,0.00,20.00,16.43,0.11,21.09,16.17,0.08,21.17,NavMesh,
3357,22.05,AgentPrefab,Agent,MoveState,Moving,Goal,10.00,0.00,20.00,16.42,0.11,21.09,16.17,0.08,21.17,NavMesh,
3358,22.06,AgentPrefab,Agent,MoveState,Moving,Goal,10.00,0.00,20.00,16.41,0.10,21.09,16.17,0.08,21.17,NavMesh,
3359,22.07,AgentPrefab,Agent,MoveState,Moving,Goal,10.00,0.00,20.00,16.39,0.10,21.10,16.17,0.08,21.17,NavMesh,
3360,22.07,AgentPrefab,Agent,MoveState,Moving,Goal,10.00,0.00,20.00,16.38,0.10,21.10,16.17,0.08,21.17,NavMesh,
3361,22.08,AgentPrefab,Agent,MoveState,Moving,Goal,10.00,0.00,20.00,16.37,0.10,21.11,16.17,0.08,21.17,NavMesh,
3362,22.09,AgentPrefab,Agent,MoveState,Moving,Goal,10.00,0.00,20.00,16.35,0.10,21.11,16.17,0.08,21.17,NavMesh,
3363,22.09,AgentPrefab,Agent,MoveState,Moving,Goal,10.00,0.00,20.00,16.34,0.10,21.11,16.17,0.08,21.17,NavMesh,
3364,22.11,AgentPrefab,Agent,MoveState,Moving,Goal,10.00,0.00,20.00,16.33,0.10,21.12,16.17,0.08,21.17,NavMesh,
3365,22.12,AgentPrefab,Agent,MoveState,Moving,Goal,10.00,0.00,20.00,16.30,0.09,21.13,16.17,0.08,21.17,NavMesh,
3366,22.13,AgentPrefab,Agent,MoveState,Moving,Goal,10.00,0.00,20.00,16.28,0.09,21.13,16.17,0.08,21.17,NavMesh,
3367,22.13,AgentPrefab,Agent,MoveState,Moving,Goal,10.00,0.00,20.00,16.26,0.09,21.14,16.17,0.08,21.17,NavMesh,
3368,22.14,AgentPrefab,Agent,MoveState,Moving,Goal,10.00,0.00,20.00,16.25,0.09,21.14,16.17,0.08,21.17,NavMesh,
3369,22.15,AgentPrefab,Agent,MoveState,Moving,Goal,10.00,0.00,20.00,16.24,0.09,21.15,16.17,0.08,21.17,NavMesh,
3370,22.16,AgentPrefab,Agent,MoveState,Moving,Goal,10.00,0.00,20.00,16.22,0.09,21.15,16.17,0.08,21.17,NavMesh,
3371,22.16,AgentPrefab,Agent,MoveState,Moving,Goal,10.00,0.00,20.00,16.17,0.08,21.17,13.83,0.08,21.17,NavMesh,
3372,22.17,AgentPrefab,Agent,MoveState,Moving,Goal,10.00,0.00,20.00,16.15,0.08,21.17,13.83,0.08,21.17,NavMesh,
3373,22.18,AgentPrefab,Agent,MoveState,Moving,Goal,10.00,0.00,20.00,16.14,0.08,21.17,13.83,0.08,21.17,NavMesh,
3374,22.18,AgentPrefab,Agent,MoveState,Moving,Goal,10.00,0.00,20.00,16.12,0.08,21.17,13.83,0.08,21.17,NavMesh,
3375,22.19,AgentPrefab,Agent,MoveState,Moving,Goal,10.00,0.00,20.00,16.11,0.08,21.17,13.83,0.08,21.17,NavMesh,
3376,22.20,AgentPrefab,Agent,MoveState,Moving,Goal,10.00,0.00,20.00,16.10,0.08,21.17,13.83,0.08,21.17,NavMesh,
3377,22.20,AgentPrefab,Agent,MoveState,Moving,Goal,10.00,0.00,20.00,16.08,0.08,21.17,13.83,0.08,21.17,NavMesh,
3378,22.21,AgentPrefab,Agent,MoveState,Moving,Goal,10.00,0.00,20.00,16.07,0.08,21.17,13.83,0.08,21.17,NavMesh,
3379,22.22,AgentPrefab,Agent,MoveState,Moving,Goal,10.00,0.00,20.00,16.06,0.08,21.17,13.83,0.08,21.17,NavMesh,
3380,22.22,AgentPrefab,Agent,MoveState,Moving,Goal,10.00,0.00,20.00,16.04,0.08,21.17,13.83,0.08,21.17,NavMesh,
3381,22.23,AgentPrefab,Agent,MoveState,Moving,Goal,10.00,0.00,20.00,16.03,0.08,21.17,13.83,0.08,21.17,NavMesh,
3382,22.24,AgentPrefab,Agent,MoveState,Moving,Goal,10.00,0.00,20.00,16.01,0.08,21.17,13.83,0.08,21.17,NavMesh,
3383,22.25,AgentPrefab,Agent,MoveState,Moving,Goal,10.00,0.00,20.00,16.00,0.08,21.17,13.83,0.08,21.17,NavMesh,
3384,22.25,AgentPrefab,Agent,MoveState,Moving,Goal,10.00,0.00,20.00,15.99,0.08,21.17,13.83,0.08,21.17,NavMesh,
3385,22.26,AgentPrefab,Agent,MoveState,Moving,Goal,10.00,0.00,20.00,15.97,0.08,21.17,13.83,0.08,21.17,NavMesh,
3386,22.27,AgentPrefab,Agent,MoveState,Moving,Goal,10.00,0.00,20.00,15.96,0.08,21.17,13.83,0.08,21.17,NavMesh,
3387,22.27,AgentPrefab,Agent,MoveState,Moving,Goal,10.00,0.00,20.00,15.94,0.08,21.17,13.83,0.08,21.17,NavMesh,
3388,22.28,AgentPrefab,Agent,MoveState,Moving,Goal,10.00,0.00,20.00,15.93,0.08,21.17,13.83,0.08,21.17,NavMesh,
3389,22.29,AgentPrefab,Agent,MoveState,Moving,Goal,10.00,0.00,20.00,15.92,0.08,21.17,13.83,0.08,21.17,NavMesh,
3390,22.29,AgentPrefab,Agent,MoveState,Moving,Goal,10.00,0.00,20.00,15.90,0.08,21.17,13.83,0.08,21.17,NavMesh,
3391,22.30,AgentPrefab,Agent,MoveState,Moving,Goal,10.00,0.00,20.00,15.89,0.08,21.17,13.83,0.08,21.17,NavMesh,
3392,22.31,AgentPrefab,Agent,MoveState,Moving,Goal,10.00,0.00,20.00,15.88,0.08,21.17,13.83,0.08,21.17,NavMesh,
3393,22.32,AgentPrefab,Agent,MoveState,Moving,Goal,10.00,0.00,20.00,15.86,0.08,21.17,13.83,0.08,21.17,NavMesh,
3394,22.32,AgentPrefab,Agent,MoveState,Moving,Goal,10.00,0.00,20.00,15.85,0.08,21.17,13.83,0.08,21.17,NavMesh,
3395,22.33,AgentPrefab,Agent,MoveState,Moving,Goal,10.00,0.00,20.00,15.83,0.08,21.17,13.83,0.08,21.17,NavMesh,
3396,22.34,AgentPrefab,Agent,MoveState,Moving,Goal,10.00,0.00,20.00,15.82,0.08,21.17,13.83,0.08,21.17,NavMesh,
3397,22.34,AgentPrefab,Agent,MoveState,Moving,Goal,10.00,0.00,20.00,15.81,0.08,21.17,13.83,0.08,21.17,NavMesh,
3398,22.35,AgentPrefab,Agent,MoveState,Moving,Goal,10.00,0.00,20.00,15.79,0.08,21.17,13.83,0.08,21.17,NavMesh,
3399,22.36,AgentPrefab,Agent,MoveState,Moving,Goal,10.00,0.00,20.00,15.78,0.08,21.17,13.83,0.08,21.17,NavMesh,
3400,22.36,AgentPrefab,Agent,MoveState,Moving,Goal,10.00,0.00,20.00,15.76,0.08,21.17,13.83,0.08,21.17,NavMesh,
3401,22.37,AgentPrefab,Agent,MoveState,Moving,Goal,10.00,0.00,20.00,15.75,0.08,21.17,13.83,0.08,21.17,NavMesh,
3402,22.38,AgentPrefab,Agent,MoveState,Moving,Goal,10.00,0.00,20.00,15.74,0.08,21.17,13.83,0.08,21.17,NavMesh,
3403,22.38,AgentPrefab,Agent,MoveState,Moving,Goal,10.00,0.00,20.00,15.72,0.08,21.17,13.83,0.08,21.17,NavMesh,
3404,22.39,AgentPrefab,Agent,MoveState,Moving,Goal,10.00,0.00,20.00,15.71,0.08,21.17,13.83,0.08,21.17,NavMesh,
3405,22.40,AgentPrefab,Agent,MoveState,Moving,Goal,10.00,0.00,20.00,15.70,0.08,21.17,13.83,0.08,21.17,NavMesh,
3406,22.41,AgentPrefab,Agent,MoveState,Moving,Goal,10.00,0.00,20.00,15.68,0.08,21.17,13.83,0.08,21.17,NavMesh,
3407,22.41,AgentPrefab,Agent,MoveState,Moving,Goal,10.00,0.00,20.00,15.66,0.08,21.17,13.83,0.08,21.17,NavMesh,
3408,22.42,AgentPrefab,Agent,MoveState,Moving,Goal,10.00,0.00,20.00,15.65,0.08,21.17,13.83,0.08,21.17,NavMesh,
3409,22.43,AgentPrefab,Agent,MoveState,Moving,Goal,10.00,0.00,20.00,15.64,0.08,21.17,13.83,0.08,21.17,NavMesh,
3410,22.43,AgentPrefab,Agent,MoveState,Moving,Goal,10.00,0.00,20.00,15.62,0.08,21.17,13.83,0.08,21.17,NavMesh,
3411,22.44,AgentPrefab,Agent,MoveState,Moving,Goal,10.00,0.00,20.00,15.61,0.08,21.17,13.83,0.08,21.17,NavMesh,
3412,22.45,AgentPrefab,Agent,MoveState,Moving,Goal,10.00,0.00,20.00,15.60,0.08,21.17,13.83,0.08,21.17,NavMesh,
3413,22.46,AgentPrefab,Agent,MoveState,Moving,Goal,10.00,0.00,20.00,15.58,0.08,21.17,13.83,0.08,21.17,NavMesh,
3414,22.46,AgentPrefab,Agent,MoveState,Moving,Goal,10.00,0.00,20.00,15.57,0.08,21.17,13.83,0.08,21.17,NavMesh,
3415,22.47,AgentPrefab,Agent,MoveState,Moving,Goal,10.00,0.00,20.00,15.55,0.08,21.17,13.83,0.08,21.17,NavMesh,
3416,22.48,AgentPrefab,Agent,MoveState,Moving,Goal,10.00,0.00,20.00,15.54,0.08,21.17,13.83,0.08,21.17,NavMesh,
3417,22.48,AgentPrefab,Agent,MoveState,Moving,Goal,10.00,0.00,20.00,15.52,0.08,21.17,13.83,0.08,21.17,NavMesh,
3418,22.49,AgentPrefab,Agent,MoveState,Moving,Goal,10.00,0.00,20.00,15.51,0.08,21.17,13.83,0.08,21.17,NavMesh,
3419,22.50,AgentPrefab,Agent,MoveState,Moving,Goal,10.00,0.00,20.00,15.50,0.08,21.17,13.83,0.08,21.17,NavMesh,
3420,22.50,AgentPrefab,Agent,MoveState,Moving,Goal,10.00,0.00,20.00,15.48,0.08,21.17,13.83,0.08,21.17,NavMesh,
3421,22.51,AgentPrefab,Agent,MoveState,Moving,Goal,10.00,0.00,20.00,15.47,0.08,21.17,13.83,0.08,21.17,NavMesh,
3422,22.52,AgentPrefab,Agent,MoveState,Moving,Goal,10.00,0.00,20.00,15.46,0.08,21.17,13.83,0.08,21.17,NavMesh,
3423,22.52,AgentPrefab,Agent,MoveState,Moving,Goal,10.00,0.00,20.00,15.44,0.08,21.17,13.83,0.08,21.17,NavMesh,
3424,22.53,AgentPrefab,Agent,MoveState,Moving,Goal,10.00,0.00,20.00,15.43,0.08,21.17,13.83,0.08,21.17,NavMesh,
3425,22.54,AgentPrefab,Agent,MoveState,Moving,Goal,10.00,0.00,20.00,15.41,0.08,21.17,13.83,0.08,21.17,NavMesh,
3426,22.55,AgentPrefab,Agent,MoveState,Moving,Goal,10.00,0.00,20.00,15.39,0.08,21.17,13.83,0.08,21.17,NavMesh,
3427,22.55,AgentPrefab,Agent,MoveState,Moving,Goal,10.00,0.00,20.00,15.38,0.08,21.17,13.83,0.08,21.17,NavMesh,
3428,22.56,AgentPrefab,Agent,MoveState,Moving,Goal,10.00,0.00,20.00,15.37,0.08,21.17,13.83,0.08,21.17,NavMesh,
3429,22.57,AgentPrefab,Agent,MoveState,Moving,Goal,10.00,0.00,20.00,15.35,0.08,21.17,13.83,0.08,21.17,NavMesh,
3430,22.58,AgentPrefab,Agent,MoveState,Moving,Goal,10.00,0.00,20.00,15.34,0.08,21.17,13.83,0.08,21.17,NavMesh,
3431,22.58,AgentPrefab,Agent,MoveState,Moving,Goal,10.00,0.00,20.00,15.33,0.08,21.17,13.83,0.08,21.17,NavMesh,
3432,22.59,AgentPrefab,Agent,MoveState,Moving,Goal,10.00,0.00,20.00,15.31,0.08,21.17,13.83,0.08,21.17,NavMesh,
3433,22.60,AgentPrefab,Agent,MoveState,Moving,Goal,10.00,0.00,20.00,15.30,0.08,21.17,13.83,0.08,21.17,NavMesh,
3434,22.60,AgentPrefab,Agent,MoveState,Moving,Goal,10.00,0.00,20.00,15.28,0.08,21.17,13.83,0.08,21.17,NavMesh,
3435,22.61,AgentPrefab,Agent,MoveState,Moving,Goal,10.00,0.00,20.00,15.27,0.08,21.17,13.83,0.08,21.17,NavMesh,
3436,22.62,AgentPrefab,Agent,MoveState,Moving,Goal,10.00,0.00,20.00,15.26,0.08,21.17,13.83,0.08,21.17,NavMesh,
3437,22.62,AgentPrefab,Agent,MoveState,Moving,Goal,10.00,0.00,20.00,15.24,0.08,21.17,13.83,0.08,21.17,NavMesh,
3438,22.63,AgentPrefab,Agent,MoveState,Moving,Goal,10.00,0.00,20.00,15.23,0.08,21.17,13.83,0.08,21.17,NavMesh,
3439,22.65,AgentPrefab,Agent,MoveState,Moving,Goal,10.00,0.00,20.00,15.21,0.08,21.17,13.83,0.08,21.17,NavMesh,
3440,22.66,AgentPrefab,Agent,MoveState,Moving,Goal,10.00,0.00,20.00,15.18,0.08,21.17,13.83,0.08,21.17,NavMesh,
3441,22.68,AgentPrefab,Agent,MoveState,Moving,Goal,10.00,0.00,20.00,15.15,0.08,21.17,13.83,0.08,21.17,NavMesh,
3442,22.69,AgentPrefab,Agent,MoveState,Moving,Goal,10.00,0.00,20.00,15.12,0.08,21.17,13.83,0.08,21.17,NavMesh,
3443,22.71,AgentPrefab,Agent,MoveState,Moving,Goal,10.00,0.00,20.00,15.09,0.08,21.17,13.83,0.08,21.17,NavMesh,
3444,22.73,AgentPrefab,Agent,MoveState,Moving,Goal,10.00,0.00,20.00,15.06,0.08,21.17,13.83,0.08,21.17,NavMesh,
3445,22.74,AgentPrefab,Agent,MoveState,Moving,Goal,10.00,0.00,20.00,15.03,0.08,21.17,13.83,0.08,21.17,NavMesh,
3446,22.76,AgentPrefab,Agent,MoveState,Moving,Goal,10.00,0.00,20.00,15.00,0.08,21.17,13.83,0.08,21.17,NavMesh,
3447,22.77,AgentPrefab,Agent,MoveState,Moving,Goal,10.00,0.00,20.00,14.96,0.08,21.17,13.83,0.08,21.17,NavMesh,
3448,22.79,AgentPrefab,Agent,MoveState,Moving,Goal,10.00,0.00,20.00,14.93,0.08,21.17,13.83,0.08,21.17,NavMesh,
3449,22.80,AgentPrefab,Agent,MoveState,Moving,Goal,10.00,0.00,20.00,14.90,0.08,21.17,13.83,0.08,21.17,NavMesh,
3450,22.82,AgentPrefab,Agent,MoveState,Moving,Goal,10.00,0.00,20.00,14.87,0.08,21.17,13.83,0.08,21.17,NavMesh,
3451,22.83,AgentPrefab,Agent,MoveState,Moving,Goal,10.00,0.00,20.00,14.84,0.08,21.17,13.83,0.08,21.17,NavMesh,
3452,22.85,AgentPrefab,Agent,MoveState,Moving,Goal,10.00,0.00,20.00,14.81,0.08,21.17,13.83,0.08,21.17,NavMesh,
3453,22.86,AgentPrefab,Agent,MoveState,Moving,Goal,10.00,0.00,20.00,14.78,0.08,21.17,13.83,0.08,21.17,NavMesh,
3454,22.87,AgentPrefab,Agent,MoveState,Moving,Goal,10.00,0.00,20.00,14.75,0.08,21.17,13.83,0.08,21.17,NavMesh,
3455,22.88,AgentPrefab,Agent,MoveState,Moving,Goal,10.00,0.00,20.00,14.74,0.08,21.17,13.83,0.08,21.17,NavMesh,
3456,22.88,AgentPrefab,Agent,MoveState,Moving,Goal,10.00,0.00,20.00,14.72,0.08,21.17,13.83,0.08,21.17,NavMesh,
3457,22.89,AgentPrefab,Agent,MoveState,Moving,Goal,10.00,0.00,20.00,14.71,0.08,21.17,13.83,0.08,21.17,NavMesh,
3458,22.90,AgentPrefab,Agent,MoveState,Moving,Goal,10.00,0.00,20.00,14.69,0.08,21.17,13.83,0.08,21.17,NavMesh,
3459,22.91,AgentPrefab,Agent,MoveState,Moving,Goal,10.00,0.00,20.00,14.68,0.08,21.17,13.83,0.08,21.17,NavMesh,
3460,22.91,AgentPrefab,Agent,MoveState,Moving,Goal,10.00,0.00,20.00,14.67,0.08,21.17,13.83,0.08,21.17,NavMesh,
3461,22.92,AgentPrefab,Agent,MoveState,Moving,Goal,10.00,0.00,20.00,14.65,0.08,21.17,13.83,0.08,21.17,NavMesh,
3462,22.93,AgentPrefab,Agent,MoveState,Moving,Goal,10.00,0.00,20.00,14.64,0.08,21.17,13.83,0.08,21.17,NavMesh,
3463,22.93,AgentPrefab,Agent,MoveState,Moving,Goal,10.00,0.00,20.00,14.62,0.08,21.17,13.83,0.08,21.17,NavMesh,
3464,22.94,AgentPrefab,Agent,MoveState,Moving,Goal,10.00,0.00,20.00,14.61,0.08,21.17,13.83,0.08,21.17,NavMesh,
3465,22.95,AgentPrefab,Agent,MoveState,Moving,Goal,10.00,0.00,20.00,14.60,0.08,21.17,13.83,0.08,21.17,NavMesh,
3466,22.95,AgentPrefab,Agent,MoveState,Moving,Goal,10.00,0.00,20.00,14.58,0.08,21.17,13.83,0.08,21.17,NavMesh,
3467,22.96,AgentPrefab,Agent,MoveState,Moving,Goal,10.00,0.00,20.00,14.57,0.08,21.17,13.83,0.08,21.17,NavMesh,
3468,22.97,AgentPrefab,Agent,MoveState,Moving,Goal,10.00,0.00,20.00,14.56,0.08,21.17,13.83,0.08,21.17,NavMesh,
3469,22.97,AgentPrefab,Agent,MoveState,Moving,Goal,10.00,0.00,20.00,14.54,0.08,21.17,13.83,0.08,21.17,NavMesh,
3470,22.98,AgentPrefab,Agent,MoveState,Moving,Goal,10.00,0.00,20.00,14.53,0.08,21.17,13.83,0.08,21.17,NavMesh,
3471,22.99,AgentPrefab,Agent,MoveState,Moving,Goal,10.00,0.00,20.00,14.51,0.08,21.17,13.83,0.08,21.17,NavMesh,
3472,23.00,AgentPrefab,Agent,MoveState,Moving,Goal,10.00,0.00,20.00,14.50,0.08,21.17,13.83,0.08,21.17,NavMesh,
3473,23.00,AgentPrefab,Agent,MoveState,Moving,Goal,10.00,0.00,20.00,14.48,0.08,21.17,13.83,0.08,21.17,NavMesh,
3474,23.01,AgentPrefab,Agent,MoveState,Moving,Goal,10.00,0.00,20.00,14.47,0.08,21.17,13.83,0.08,21.17,NavMesh,
3475,23.02,AgentPrefab,Agent,MoveState,Moving,Goal,10.00,0.00,20.00,14.46,0.08,21.17,13.83,0.08,21.17,NavMesh,
3476,23.02,AgentPrefab,Agent,MoveState,Moving,Goal,10.00,0.00,20.00,14.44,0.08,21.17,13.83,0.08,21.17,NavMesh,
3477,23.03,AgentPrefab,Agent,MoveState,Moving,Goal,10.00,0.00,20.00,14.43,0.08,21.17,13.83,0.08,21.17,NavMesh,
3478,23.04,AgentPrefab,Agent,MoveState,Moving,Goal,10.00,0.00,20.00,14.42,0.08,21.17,13.83,0.08,21.17,NavMesh,
3479,23.04,AgentPrefab,Agent,MoveState,Moving,Goal,10.00,0.00,20.00,14.40,0.08,21.17,13.83,0.08,21.17,NavMesh,
3480,23.05,AgentPrefab,Agent,MoveState,Moving,Goal,10.00,0.00,20.00,14.39,0.08,21.17,13.83,0.08,21.17,NavMesh,
3481,23.06,AgentPrefab,Agent,MoveState,Moving,Goal,10.00,0.00,20.00,14.37,0.08,21.17,13.83,0.08,21.17,NavMesh,
3482,23.06,AgentPrefab,Agent,MoveState,Moving,Goal,10.00,0.00,20.00,14.36,0.08,21.17,13.83,0.08,21.17,NavMesh,
3483,23.07,AgentPrefab,Agent,MoveState,Moving,Goal,10.00,0.00,20.00,14.36,0.08,21.17,13.83,0.08,21.17,NavMesh,
3484,23.08,AgentPrefab,Agent,MoveState,Moving,Goal,10.00,0.00,20.00,14.36,0.08,21.17,13.83,0.08,21.17,NavMesh,
3485,23.09,AgentPrefab,Agent,MoveState,Moving,Goal,10.00,0.00,20.00,14.36,0.08,21.17,13.83,0.08,21.17,NavMesh,
3486,23.09,AgentPrefab,Agent,MoveState,Moving,Goal,10.00,0.00,20.00,14.36,0.08,21.17,13.83,0.08,21.17,NavMesh,
3487,23.10,AgentPrefab,Agent,MoveState,Moving,Goal,10.00,0.00,20.00,14.36,0.08,21.17,13.83,0.08,21.17,NavMesh,
3488,23.11,AgentPrefab,Agent,MoveState,Moving,Goal,10.00,0.00,20.00,14.36,0.08,21.17,13.83,0.08,21.17,NavMesh,
3489,23.11,AgentPrefab,Agent,MoveState,Moving,Goal,10.00,0.00,20.00,14.36,0.08,21.17,13.83,0.08,21.17,NavMesh,
3490,23.12,AgentPrefab,Agent,MoveState,Moving,Goal,10.00,0.00,20.00,14.36,0.08,21.17,13.83,0.08,21.17,NavMesh,
3491,23.13,AgentPrefab,Agent,MoveState,Moving,Goal,10.00,0.00,20.00,14.36,0.08,21.17,13.83,0.08,21.17,NavMesh,
3492,23.13,AgentPrefab,Agent,MoveState,Moving,Goal,10.00,0.00,20.00,14.36,0.08,21.17,13.83,0.08,21.17,NavMesh,
3493,23.14,AgentPrefab,Agent,MoveState,Moving,Goal,10.00,0.00,20.00,14.36,0.08,21.17,13.83,0.08,21.17,NavMesh,
3494,23.15,AgentPrefab,Agent,MoveState,Moving,Goal,10.00,0.00,20.00,14.36,0.08,21.17,13.83,0.08,21.17,NavMesh,
3495,23.16,AgentPrefab,Agent,MoveState,Moving,Goal,10.00,0.00,20.00,14.36,0.08,21.17,13.83,0.08,21.17,NavMesh,
3496,23.16,AgentPrefab,Agent,MoveState,Moving,Goal,10.00,0.00,20.00,14.36,0.08,21.17,13.83,0.08,21.17,NavMesh,
3497,23.17,AgentPrefab,Agent,MoveState,Moving,Goal,10.00,0.00,20.00,14.36,0.08,21.17,13.83,0.08,21.17,NavMesh,
3498,23.18,AgentPrefab,Agent,MoveState,Moving,Goal,10.00,0.00,20.00,14.36,0.08,21.17,13.83,0.08,21.17,NavMesh,
3499,23.19,AgentPrefab,Agent,MoveState,Moving,Goal,10.00,0.00,20.00,14.36,0.08,21.17,13.83,0.08,21.17,NavMesh,
3500,23.20,AgentPrefab,Agent,MoveState,Moving,Goal,10.00,0.00,20.00,14.36,0.08,21.17,13.83,0.08,21.17,NavMesh,
3501,23.20,AgentPrefab,Agent,MoveState,Moving,Goal,10.00,0.00,20.00,14.36,0.08,21.17,13.83,0.08,21.17,NavMesh,
3502,23.21,AgentPrefab,Agent,MoveState,Moving,Goal,10.00,0.00,20.00,14.36,0.08,21.17,13.83,0.08,21.17,NavMesh,
3503,23.22,AgentPrefab,Agent,MoveState,Moving,Goal,10.00,0.00,20.00,14.36,0.08,21.17,13.83,0.08,21.17,NavMesh,
3504,23.22,AgentPrefab,Agent,MoveState,Moving,Goal,10.00,0.00,20.00,14.36,0.08,21.17,13.83,0.08,21.17,NavMesh,
3505,23.23,AgentPrefab,Agent,MoveState,Moving,Goal,10.00,0.00,20.00,14.36,0.08,21.17,13.83,0.08,21.17,NavMesh,
3506,23.24,AgentPrefab,Agent,MoveState,Moving,Goal,10.00,0.00,20.00,14.36,0.08,21.17,13.83,0.08,21.17,NavMesh,
3507,23.25,AgentPrefab,Agent,MoveState,Moving,Goal,10.00,0.00,20.00,14.36,0.08,21.17,13.83,0.08,21.17,NavMesh,
3508,23.25,AgentPrefab,Agent,MoveState,Moving,Goal,10.00,0.00,20.00,14.36,0.08,21.17,13.83,0.08,21.17,NavMesh,
3509,23.26,AgentPrefab,Agent,MoveState,Moving,Goal,10.00,0.00,20.00,14.36,0.08,21.17,13.83,0.08,21.17,NavMesh,
3510,23.27,AgentPrefab,Agent,MoveState,Moving,Goal,10.00,0.00,20.00,14.36,0.08,21.17,13.83,0.08,21.17,NavMesh,
3511,23.27,AgentPrefab,Agent,MoveState,Moving,Goal,10.00,0.00,20.00,14.36,0.08,21.17,13.83,0.08,21.17,NavMesh,
3512,23.28,AgentPrefab,Agent,MoveState,Moving,Goal,10.00,0.00,20.00,14.36,0.08,21.17,13.83,0.08,21.17,NavMesh,
3513,23.29,AgentPrefab,Agent,MoveState,Moving,Goal,10.00,0.00,20.00,14.36,0.08,21.17,13.83,0.08,21.17,NavMesh,
3514,23.30,AgentPrefab,Agent,MoveState,Moving,Goal,10.00,0.00,20.00,14.36,0.08,21.17,13.83,0.08,21.17,NavMesh,
3515,23.30,AgentPrefab,Agent,MoveState,Moving,Goal,10.00,0.00,20.00,14.36,0.08,21.17,13.83,0.08,21.17,NavMesh,
3516,23.31,AgentPrefab,Agent,MoveState,Moving,Goal,10.00,0.00,20.00,14.36,0.08,21.17,13.83,0.08,21.17,NavMesh,
3517,23.32,AgentPrefab,Agent,MoveState,Moving,Goal,10.00,0.00,20.00,14.36,0.08,21.17,13.83,0.08,21.17,NavMesh,
3518,23.32,AgentPrefab,Agent,MoveState,Moving,Goal,10.00,0.00,20.00,14.36,0.08,21.17,13.83,0.08,21.17,NavMesh,
3519,23.33,AgentPrefab,Agent,MoveState,Moving,Goal,10.00,0.00,20.00,14.36,0.08,21.17,13.83,0.08,21.17,NavMesh,
3520,23.34,AgentPrefab,Agent,MoveState,Moving,Goal,10.00,0.00,20.00,14.36,0.08,21.17,13.83,0.08,21.17,NavMesh,
3521,23.34,AgentPrefab,Agent,MoveState,Moving,Goal,10.00,0.00,20.00,14.36,0.08,21.17,13.83,0.08,21.17,NavMesh,
3522,23.35,AgentPrefab,Agent,MoveState,Moving,Goal,10.00,0.00,20.00,14.36,0.08,21.17,13.83,0.08,21.17,NavMesh,
3523,23.36,AgentPrefab,Agent,MoveState,Moving,Goal,10.00,0.00,20.00,14.36,0.08,21.17,13.83,0.08,21.17,NavMesh,
3524,23.36,AgentPrefab,Agent,MoveState,Moving,Goal,10.00,0.00,20.00,14.36,0.08,21.17,13.83,0.08,21.17,NavMesh,
3525,23.38,AgentPrefab,Agent,MoveState,Moving,Goal,10.00,0.00,20.00,14.36,0.08,21.17,13.83,0.08,21.17,NavMesh,
3526,23.39,AgentPrefab,Agent,MoveState,Moving,Goal,10.00,0.00,20.00,14.36,0.08,21.17,13.83,0.08,21.17,NavMesh,
3527,23.40,AgentPrefab,Agent,MoveState,Moving,Goal,10.00,0.00,20.00,14.36,0.08,21.17,13.83,0.08,21.17,NavMesh,
3528,23.40,AgentPrefab,Agent,MoveState,Moving,Goal,10.00,0.00,20.00,14.36,0.08,21.17,13.83,0.08,21.17,NavMesh,
3529,23.41,AgentPrefab,Agent,MoveState,Moving,Goal,10.00,0.00,20.00,14.36,0.08,21.17,13.83,0.08,21.17,NavMesh,
3530,23.42,AgentPrefab,Agent,MoveState,Moving,Goal,10.00,0.00,20.00,14.36,0.08,21.17,13.83,0.08,21.17,NavMesh,
3531,23.42,AgentPrefab,Agent,MoveState,Moving,Goal,10.00,0.00,20.00,14.36,0.08,21.17,13.83,0.08,21.17,NavMesh,
3532,23.43,AgentPrefab,Agent,MoveState,Moving,Goal,10.00,0.00,20.00,14.36,0.08,21.17,13.83,0.08,21.17,NavMesh,
3533,23.44,AgentPrefab,Agent,MoveState,Moving,Goal,10.00,0.00,20.00,14.36,0.08,21.17,13.83,0.08,21.17,NavMesh,
3534,23.44,AgentPrefab,Agent,MoveState,Moving,Goal,10.00,0.00,20.00,14.36,0.08,21.17,13.83,0.08,21.17,NavMesh,
3535,23.45,AgentPrefab,Agent,MoveState,Moving,Goal,10.00,0.00,20.00,14.36,0.08,21.17,13.83,0.08,21.17,NavMesh,
3536,23.46,AgentPrefab,Agent,MoveState,Moving,Goal,10.00,0.00,20.00,14.36,0.08,21.17,13.83,0.08,21.17,NavMesh,
3537,23.47,AgentPrefab,Agent,MoveState,Moving,Goal,10.00,0.00,20.00,14.36,0.08,21.17,13.83,0.08,21.17,NavMesh,
3538,23.47,AgentPrefab,Agent,MoveState,Moving,Goal,10.00,0.00,20.00,14.36,0.08,21.17,13.83,0.08,21.17,NavMesh,
3539,23.48,AgentPrefab,Agent,MoveState,Moving,Goal,10.00,0.00,20.00,14.36,0.08,21.17,13.83,0.08,21.17,NavMesh,
3540,23.49,AgentPrefab,Agent,MoveState,Moving,Goal,10.00,0.00,20.00,14.36,0.08,21.17,13.83,0.08,21.17,NavMesh,
3541,23.49,AgentPrefab,Agent,MoveState,Moving,Goal,10.00,0.00,20.00,14.36,0.08,21.17,13.83,0.08,21.17,NavMesh,
3542,23.50,AgentPrefab,Agent,MoveState,Moving,Goal,10.00,0.00,20.00,14.36,0.08,21.17,13.83,0.08,21.17,NavMesh,
3543,23.51,AgentPrefab,Agent,MoveState,Moving,Goal,10.00,0.00,20.00,14.36,0.08,21.17,13.83,0.08,21.17,NavMesh,
3544,23.51,AgentPrefab,Agent,MoveState,Moving,Goal,10.00,0.00,20.00,14.36,0.08,21.17,13.83,0.08,21.17,NavMesh,
3545,23.52,AgentPrefab,Agent,MoveState,Moving,Goal,10.00,0.00,20.00,14.36,0.08,21.17,13.83,0.08,21.17,NavMesh,
3546,23.53,AgentPrefab,Agent,MoveState,Moving,Goal,10.00,0.00,20.00,14.36,0.08,21.17,13.83,0.08,21.17,NavMesh,
3547,23.53,AgentPrefab,Agent,MoveState,Moving,Goal,10.00,0.00,20.00,14.36,0.08,21.17,13.83,0.08,21.17,NavMesh,
3548,23.54,AgentPrefab,Agent,MoveState,Moving,Goal,10.00,0.00,20.00,14.36,0.08,21.17,13.83,0.08,21.17,NavMesh,
3549,23.55,AgentPrefab,Agent,MoveState,Moving,Goal,10.00,0.00,20.00,14.36,0.08,21.17,13.83,0.08,21.17,NavMesh,
3550,23.56,AgentPrefab,Agent,MoveState,Moving,Goal,10.00,0.00,20.00,14.36,0.08,21.17,13.83,0.08,21.17,NavMesh,
3551,23.56,AgentPrefab,Agent,MoveState,Moving,Goal,10.00,0.00,20.00,14.36,0.08,21.17,13.83,0.08,21.17,NavMesh,
3552,23.57,AgentPrefab,Agent,MoveState,Moving,Goal,10.00,0.00,20.00,14.36,0.08,21.17,13.83,0.08,21.17,NavMesh,
3553,23.58,AgentPrefab,Agent,MoveState,Moving,Goal,10.00,0.00,20.00,14.36,0.08,21.17,13.83,0.08,21.17,NavMesh,
3554,23.58,AgentPrefab,Agent,MoveState,Moving,Goal,10.00,0.00,20.00,14.36,0.08,21.17,13.83,0.08,21.17,NavMesh,
3555,23.59,AgentPrefab,Agent,MoveState,Moving,Goal,10.00,0.00,20.00,14.36,0.08,21.17,13.83,0.08,21.17,NavMesh,
3556,23.60,AgentPrefab,Agent,MoveState,Moving,Goal,10.00,0.00,20.00,14.36,0.08,21.17,13.83,0.08,21.17,NavMesh,
3557,23.61,AgentPrefab,Agent,MoveState,Moving,Goal,10.00,0.00,20.00,14.36,0.08,21.17,13.83,0.08,21.17,NavMesh,
3558,23.61,AgentPrefab,Agent,MoveState,Moving,Goal,10.00,0.00,20.00,14.36,0.08,21.17,13.83,0.08,21.17,NavMesh,
3559,23.62,AgentPrefab,Agent,MoveState,Moving,Goal,10.00,0.00,20.00,14.36,0.08,21.17,13.83,0.08,21.17,NavMesh,
3560,23.62,AgentPrefab,Agent,MoveState,Moving,Goal,10.00,0.00,20.00,14.36,0.08,21.17,13.83,0.08,21.17,NavMesh,
3561,23.63,AgentPrefab,Agent,MoveState,Moving,Goal,10.00,0.00,20.00,14.36,0.08,21.17,13.83,0.08,21.17,NavMesh,
3562,23.64,AgentPrefab,Agent,MoveState,Moving,Goal,10.00,0.00,20.00,14.36,0.08,21.17,13.83,0.08,21.17,NavMesh,
3563,23.65,AgentPrefab,Agent,MoveState,Moving,Goal,10.00,0.00,20.00,14.36,0.08,21.17,13.83,0.08,21.17,NavMesh,
3564,23.65,AgentPrefab,Agent,MoveState,Moving,Goal,10.00,0.00,20.00,14.36,0.08,21.17,13.83,0.08,21.17,NavMesh,
3565,23.66,AgentPrefab,Agent,MoveState,Moving,Goal,10.00,0.00,20.00,14.36,0.08,21.17,13.83,0.08,21.17,NavMesh,
3566,23.67,AgentPrefab,Agent,MoveState,Moving,Goal,10.00,0.00,20.00,14.36,0.08,21.17,13.83,0.08,21.17,NavMesh,
3567,23.67,AgentPrefab,Agent,MoveState,Moving,Goal,10.00,0.00,20.00,14.36,0.08,21.17,13.83,0.08,21.17,NavMesh,
3568,23.68,AgentPrefab,Agent,MoveState,Moving,Goal,10.00,0.00,20.00,14.36,0.08,21.17,13.83,0.08,21.17,NavMesh,
3569,23.69,AgentPrefab,Agent,MoveState,Moving,Goal,10.00,0.00,20.00,14.36,0.08,21.17,13.83,0.08,21.17,NavMesh,
3570,23.70,AgentPrefab,Agent,MoveState,Moving,Goal,10.00,0.00,20.00,14.36,0.08,21.17,13.83,0.08,21.17,NavMesh,
3571,23.70,AgentPrefab,Agent,MoveState,Moving,Goal,10.00,0.00,20.00,14.36,0.08,21.17,13.83,0.08,21.17,NavMesh,
3572,23.71,AgentPrefab,Agent,MoveState,Moving,Goal,10.00,0.00,20.00,14.36,0.08,21.17,13.83,0.08,21.17,NavMesh,
3573,23.72,AgentPrefab,Agent,MoveState,Moving,Goal,10.00,0.00,20.00,14.36,0.08,21.17,13.83,0.08,21.17,NavMesh,
3574,23.72,AgentPrefab,Agent,MoveState,Moving,Goal,10.00,0.00,20.00,14.36,0.08,21.17,13.83,0.08,21.17,NavMesh,
3575,23.73,AgentPrefab,Agent,MoveState,Moving,Goal,10.00,0.00,20.00,14.36,0.08,21.17,13.83,0.08,21.17,NavMesh,
3576,23.74,AgentPrefab,Agent,MoveState,Moving,Goal,10.00,0.00,20.00,14.36,0.08,21.17,13.83,0.08,21.17,NavMesh,
3577,23.74,AgentPrefab,Agent,MoveState,Moving,Goal,10.00,0.00,20.00,14.36,0.08,21.17,13.83,0.08,21.17,NavMesh,
3578,23.75,AgentPrefab,Agent,MoveState,Moving,Goal,10.00,0.00,20.00,14.36,0.08,21.17,13.83,0.08,21.17,NavMesh,
3579,23.76,AgentPrefab,Agent,MoveState,Moving,Goal,10.00,0.00,20.00,14.36,0.08,21.17,13.83,0.08,21.17,NavMesh,
3580,23.76,AgentPrefab,Agent,MoveState,Moving,Goal,10.00,0.00,20.00,14.36,0.08,21.17,13.83,0.08,21.17,NavMesh,
3581,23.77,AgentPrefab,Agent,MoveState,Moving,Goal,10.00,0.00,20.00,14.36,0.08,21.17,13.83,0.08,21.17,NavMesh,
3582,23.78,AgentPrefab,Agent,MoveState,Moving,Goal,10.00,0.00,20.00,14.36,0.08,21.17,13.83,0.08,21.17,NavMesh,
3583,23.78,AgentPrefab,Agent,MoveState,Moving,Goal,10.00,0.00,20.00,14.36,0.08,21.17,13.83,0.08,21.17,NavMesh,
3584,23.79,AgentPrefab,Agent,MoveState,Moving,Goal,10.00,0.00,20.00,14.36,0.08,21.17,13.83,0.08,21.17,NavMesh,
3585,23.80,AgentPrefab,Agent,MoveState,Moving,Goal,10.00,0.00,20.00,14.36,0.08,21.17,13.83,0.08,21.17,NavMesh,
3586,23.81,AgentPrefab,Agent,MoveState,Moving,Goal,10.00,0.00,20.00,14.36,0.08,21.17,13.83,0.08,21.17,NavMesh,
3587,23.81,AgentPrefab,Agent,MoveState,Moving,Goal,10.00,0.00,20.00,14.36,0.08,21.17,13.83,0.08,21.17,NavMesh,
3588,23.82,AgentPrefab,Agent,MoveState,Moving,Goal,10.00,0.00,20.00,14.36,0.08,21.17,13.83,0.08,21.17,NavMesh,
3589,23.83,AgentPrefab,Agent,MoveState,Moving,Goal,10.00,0.00,20.00,14.36,0.08,21.17,13.83,0.08,21.17,NavMesh,
3590,23.83,AgentPrefab,Agent,MoveState,Moving,Goal,10.00,0.00,20.00,14.36,0.08,21.17,13.83,0.08,21.17,NavMesh,
3591,23.84,AgentPrefab,Agent,MoveState,Moving,Goal,10.00,0.00,20.00,14.36,0.08,21.17,13.83,0.08,21.17,NavMesh,
3592,23.85,AgentPrefab,Agent,MoveState,Moving,Goal,10.00,0.00,20.00,14.36,0.08,21.17,13.83,0.08,21.17,NavMesh,
3593,23.85,AgentPrefab,Agent,MoveState,Moving,Goal,10.00,0.00,20.00,14.36,0.08,21.17,13.83,0.08,21.17,NavMesh,
3594,23.86,AgentPrefab,Agent,MoveState,Moving,Goal,10.00,0.00,20.00,14.36,0.08,21.17,13.83,0.08,21.17,NavMesh,
3595,23.87,AgentPrefab,Agent,MoveState,Moving,Goal,10.00,0.00,20.00,14.36,0.08,21.17,13.83,0.08,21.17,NavMesh,
3596,23.89,AgentPrefab,Agent,MoveState,Moving,Goal,10.00,0.00,20.00,14.36,0.08,21.17,13.83,0.08,21.17,NavMesh,
3597,23.89,AgentPrefab,Agent,MoveState,Moving,Goal,10.00,0.00,20.00,14.36,0.08,21.17,13.83,0.08,21.17,NavMesh,
3598,23.90,AgentPrefab,Agent,MoveState,Moving,Goal,10.00,0.00,20.00,14.36,0.08,21.17,13.83,0.08,21.17,NavMesh,
3599,23.91,AgentPrefab,Agent,MoveState,Moving,Goal,10.00,0.00,20.00,14.36,0.08,21.17,13.83,0.08,21.17,NavMesh,
3600,23.92,AgentPrefab,Agent,MoveState,Moving,Goal,10.00,0.00,20.00,14.36,0.08,21.17,13.83,0.08,21.17,NavMesh,
3601,23.92,AgentPrefab,Agent,MoveState,Moving,Goal,10.00,0.00,20.00,14.36,0.08,21.17,13.83,0.08,21.17,NavMesh,
3602,23.93,AgentPrefab,Agent,MoveState,Moving,Goal,10.00,0.00,20.00,14.36,0.08,21.17,13.83,0.08,21.17,NavMesh,
3603,23.94,AgentPrefab,Agent,MoveState,Moving,Goal,10.00,0.00,20.00,14.36,0.08,21.17,13.83,0.08,21.17,NavMesh,
3604,23.94,AgentPrefab,Agent,MoveState,Moving,Goal,10.00,0.00,20.00,14.36,0.08,21.17,13.83,0.08,21.17,NavMesh,
3605,23.95,AgentPrefab,Agent,MoveState,Moving,Goal,10.00,0.00,20.00,14.36,0.08,21.17,13.83,0.08,21.17,NavMesh,
3606,23.96,AgentPrefab,Agent,MoveState,Moving,Goal,10.00,0.00,20.00,14.36,0.08,21.17,13.83,0.08,21.17,NavMesh,
3607,23.96,AgentPrefab,Agent,MoveState,Moving,Goal,10.00,0.00,20.00,14.36,0.08,21.17,13.83,0.08,21.17,NavMesh,
3608,23.97,AgentPrefab,Agent,MoveState,Moving,Goal,10.00,0.00,20.00,14.36,0.08,21.17,13.83,0.08,21.17,NavMesh,
3609,23.98,AgentPrefab,Agent,MoveState,Moving,Goal,10.00,0.00,20.00,14.36,0.08,21.17,13.83,0.08,21.17,NavMesh,
3610,23.99,AgentPrefab,Agent,MoveState,Moving,Goal,10.00,0.00,20.00,14.36,0.08,21.17,13.83,0.08,21.17,NavMesh,
3611,23.99,AgentPrefab,Agent,MoveState,Moving,Goal,10.00,0.00,20.00,14.36,0.08,21.17,13.83,0.08,21.17,NavMesh,
3612,24.00,AgentPrefab,Agent,MoveState,Moving,Goal,10.00,0.00,20.00,14.36,0.08,21.17,13.83,0.08,21.17,NavMesh,
3613,24.01,AgentPrefab,Agent,MoveState,Moving,Goal,10.00,0.00,20.00,14.36,0.08,21.17,13.83,0.08,21.17,NavMesh,
3614,24.01,AgentPrefab,Agent,MoveState,Moving,Goal,10.00,0.00,20.00,14.36,0.08,21.17,13.83,0.08,21.17,NavMesh,
3615,24.02,AgentPrefab,Agent,MoveState,Moving,Goal,10.00,0.00,20.00,14.36,0.08,21.17,13.83,0.08,21.17,NavMesh,
3616,24.03,AgentPrefab,Agent,MoveState,Moving,Goal,10.00,0.00,20.00,14.36,0.08,21.17,13.83,0.08,21.17,NavMesh,
3617,24.03,AgentPrefab,Agent,MoveState,Moving,Goal,10.00,0.00,20.00,14.36,0.08,21.17,13.83,0.08,21.17,NavMesh,
3618,24.04,AgentPrefab,Agent,MoveState,Moving,Goal,10.00,0.00,20.00,14.36,0.08,21.17,13.83,0.08,21.17,NavMesh,
3619,24.05,AgentPrefab,Agent,MoveState,Moving,Goal,10.00,0.00,20.00,14.36,0.08,21.17,13.83,0.08,21.17,NavMesh,
3620,24.05,AgentPrefab,Agent,MoveState,Moving,Goal,10.00,0.00,20.00,14.36,0.08,21.17,13.83,0.08,21.17,NavMesh,
3621,24.06,AgentPrefab,Agent,MoveState,Moving,Goal,10.00,0.00,20.00,14.36,0.08,21.17,13.83,0.08,21.17,NavMesh,
3622,24.07,AgentPrefab,Agent,SearchState,Searching,Goal,10.00,0.00,20.00,14.36,0.08,21.17,13.83,0.08,21.17,NavMesh,
3622,24.07,AgentPrefab,Agent,MoveState,Moving,Goal,10.00,0.00,20.00,14.36,0.08,21.17,13.83,0.08,21.17,NavMesh,
3623,24.08,AgentPrefab,Agent,MoveState,Moving,Goal,10.00,0.00,20.00,14.36,0.08,21.17,13.83,0.08,21.17,NavMesh,
3624,24.09,AgentPrefab,Agent,MoveState,Moving,Goal,10.00,0.00,20.00,14.33,0.08,21.17,13.83,0.08,21.17,NavMesh,
3625,24.10,AgentPrefab,Agent,MoveState,Moving,Goal,10.00,0.00,20.00,14.32,0.08,21.17,13.83,0.08,21.17,NavMesh,
3626,24.10,AgentPrefab,Agent,MoveState,Moving,Goal,10.00,0.00,20.00,14.31,0.08,21.17,13.83,0.08,21.17,NavMesh,
3627,24.11,AgentPrefab,Agent,MoveState,Moving,Goal,10.00,0.00,20.00,14.29,0.08,21.17,13.83,0.08,21.17,NavMesh,
3628,24.12,AgentPrefab,Agent,MoveState,Moving,Goal,10.00,0.00,20.00,14.28,0.08,21.17,13.83,0.08,21.17,NavMesh,
3629,24.12,AgentPrefab,Agent,MoveState,Moving,Goal,10.00,0.00,20.00,14.26,0.08,21.17,13.83,0.08,21.17,NavMesh,
3630,24.13,AgentPrefab,Agent,MoveState,Moving,Goal,10.00,0.00,20.00,14.25,0.08,21.17,13.83,0.08,21.17,NavMesh,
3631,24.14,AgentPrefab,Agent,MoveState,Moving,Goal,10.00,0.00,20.00,14.24,0.08,21.17,13.83,0.08,21.17,NavMesh,
3632,24.14,AgentPrefab,Agent,MoveState,Moving,Goal,10.00,0.00,20.00,14.22,0.08,21.17,13.83,0.08,21.17,NavMesh,
3633,24.15,AgentPrefab,Agent,MoveState,Moving,Goal,10.00,0.00,20.00,14.21,0.08,21.17,13.83,0.08,21.17,NavMesh,
3634,24.16,AgentPrefab,Agent,MoveState,Moving,Goal,10.00,0.00,20.00,14.20,0.08,21.17,13.83,0.08,21.17,NavMesh,
3635,24.16,AgentPrefab,Agent,MoveState,Moving,Goal,10.00,0.00,20.00,14.18,0.08,21.17,13.83,0.08,21.17,NavMesh,
3636,24.17,AgentPrefab,Agent,MoveState,Moving,Goal,10.00,0.00,20.00,14.17,0.08,21.17,13.83,0.08,21.17,NavMesh,
3637,24.18,AgentPrefab,Agent,MoveState,Moving,Goal,10.00,0.00,20.00,14.15,0.08,21.17,13.83,0.08,21.17,NavMesh,
3638,24.19,AgentPrefab,Agent,MoveState,Moving,Goal,10.00,0.00,20.00,14.14,0.08,21.17,13.83,0.08,21.17,NavMesh,
3639,24.19,AgentPrefab,Agent,MoveState,Moving,Goal,10.00,0.00,20.00,14.13,0.08,21.17,13.83,0.08,21.17,NavMesh,
3640,24.20,AgentPrefab,Agent,MoveState,Moving,Goal,10.00,0.00,20.00,14.11,0.08,21.17,13.83,0.08,21.17,NavMesh,
3641,24.21,AgentPrefab,Agent,MoveState,Moving,Goal,10.00,0.00,20.00,14.10,0.08,21.17,13.83,0.08,21.17,NavMesh,
3642,24.21,AgentPrefab,Agent,MoveState,Moving,Goal,10.00,0.00,20.00,14.08,0.08,21.17,13.83,0.08,21.17,NavMesh,
3643,24.22,AgentPrefab,Agent,MoveState,Moving,Goal,10.00,0.00,20.00,14.07,0.08,21.17,13.83,0.08,21.17,NavMesh,
3644,24.23,AgentPrefab,Agent,MoveState,Moving,Goal,10.00,0.00,20.00,14.06,0.08,21.17,13.83,0.08,21.17,NavMesh,
3645,24.23,AgentPrefab,Agent,MoveState,Moving,Goal,10.00,0.00,20.00,14.04,0.08,21.17,13.83,0.08,21.17,NavMesh,
3646,24.24,AgentPrefab,Agent,MoveState,Moving,Goal,10.00,0.00,20.00,14.03,0.08,21.17,13.83,0.08,21.17,NavMesh,
3647,24.25,AgentPrefab,Agent,MoveState,Moving,Goal,10.00,0.00,20.00,14.02,0.08,21.17,13.83,0.08,21.17,NavMesh,
3648,24.26,AgentPrefab,Agent,MoveState,Moving,Goal,10.00,0.00,20.00,14.00,0.08,21.17,13.83,0.08,21.17,NavMesh,
3649,24.26,AgentPrefab,Agent,MoveState,Moving,Goal,10.00,0.00,20.00,13.99,0.08,21.17,13.83,0.08,21.17,NavMesh,
3650,24.27,AgentPrefab,Agent,MoveState,Moving,Goal,10.00,0.00,20.00,13.97,0.08,21.17,13.83,0.08,21.17,NavMesh,
3651,24.28,AgentPrefab,Agent,MoveState,Moving,Goal,10.00,0.00,20.00,13.96,0.08,21.17,13.83,0.08,21.17,NavMesh,
3652,24.28,AgentPrefab,Agent,MoveState,Moving,Goal,10.00,0.00,20.00,13.95,0.08,21.17,13.83,0.08,21.17,NavMesh,
3653,24.29,AgentPrefab,Agent,MoveState,Moving,Goal,10.00,0.00,20.00,13.93,0.08,21.17,13.83,0.08,21.17,NavMesh,
3654,24.30,AgentPrefab,Agent,MoveState,Moving,Goal,10.00,0.00,20.00,13.92,0.08,21.17,13.83,0.08,21.17,NavMesh,
3655,24.30,AgentPrefab,Agent,MoveState,Moving,Goal,10.00,0.00,20.00,13.90,0.08,21.17,13.83,0.08,21.17,NavMesh,
3656,24.31,AgentPrefab,Agent,MoveState,Moving,Goal,10.00,0.00,20.00,13.89,0.08,21.17,13.83,0.08,21.17,NavMesh,
3657,24.32,AgentPrefab,Agent,MoveState,Moving,Goal,10.00,0.00,20.00,13.83,0.08,21.17,10.00,0.38,20.00,NavMesh,
3658,24.33,AgentPrefab,Agent,MoveState,Moving,Goal,10.00,0.00,20.00,13.82,0.08,21.16,10.00,0.38,20.00,NavMesh,
3659,24.33,AgentPrefab,Agent,MoveState,Moving,Goal,10.00,0.00,20.00,13.81,0.09,21.16,10.00,0.38,20.00,NavMesh,
3660,24.34,AgentPrefab,Agent,MoveState,Moving,Goal,10.00,0.00,20.00,13.79,0.09,21.15,10.00,0.38,20.00,NavMesh,
3661,24.35,AgentPrefab,Agent,MoveState,Moving,Goal,10.00,0.00,20.00,13.78,0.09,21.15,10.00,0.38,20.00,NavMesh,
3662,24.35,AgentPrefab,Agent,MoveState,Moving,Goal,10.00,0.00,20.00,13.77,0.09,21.15,10.00,0.38,20.00,NavMesh,
3663,24.36,AgentPrefab,Agent,MoveState,Moving,Goal,10.00,0.00,20.00,13.75,0.09,21.14,10.00,0.38,20.00,NavMesh,
3664,24.37,AgentPrefab,Agent,MoveState,Moving,Goal,10.00,0.00,20.00,13.74,0.09,21.14,10.00,0.38,20.00,NavMesh,
3665,24.38,AgentPrefab,Agent,MoveState,Moving,Goal,10.00,0.00,20.00,13.73,0.09,21.13,10.00,0.38,20.00,NavMesh,
3666,24.39,AgentPrefab,Agent,MoveState,Moving,Goal,10.00,0.00,20.00,13.69,0.09,21.12,10.00,0.38,20.00,NavMesh,
3667,24.40,AgentPrefab,Agent,MoveState,Moving,Goal,10.00,0.00,20.00,13.68,0.10,21.12,10.00,0.38,20.00,NavMesh,
3668,24.41,AgentPrefab,Agent,MoveState,Moving,Goal,10.00,0.00,20.00,13.67,0.10,21.12,10.00,0.38,20.00,NavMesh,
3669,24.41,AgentPrefab,Agent,MoveState,Moving,Goal,10.00,0.00,20.00,13.65,0.10,21.11,10.00,0.38,20.00,NavMesh,
3670,24.42,AgentPrefab,Agent,MoveState,Moving,Goal,10.00,0.00,20.00,13.64,0.10,21.11,10.00,0.38,20.00,NavMesh,
3671,24.43,AgentPrefab,Agent,MoveState,Moving,Goal,10.00,0.00,20.00,13.63,0.10,21.10,10.00,0.38,20.00,NavMesh,
3672,24.43,AgentPrefab,Agent,MoveState,Moving,Goal,10.00,0.00,20.00,13.61,0.10,21.10,10.00,0.38,20.00,NavMesh,
3673,24.44,AgentPrefab,Agent,MoveState,Moving,Goal,10.00,0.00,20.00,13.60,0.10,21.10,10.00,0.38,20.00,NavMesh,
3674,24.45,AgentPrefab,Agent,MoveState,Moving,Goal,10.00,0.00,20.00,13.59,0.10,21.09,10.00,0.38,20.00,NavMesh,
3675,24.45,AgentPrefab,Agent,MoveState,Moving,Goal,10.00,0.00,20.00,13.57,0.10,21.09,10.00,0.38,20.00,NavMesh,
3676,24.46,AgentPrefab,Agent,MoveState,Moving,Goal,10.00,0.00,20.00,13.56,0.10,21.08,10.00,0.38,20.00,NavMesh,
3677,24.47,AgentPrefab,Agent,MoveState,Moving,Goal,10.00,0.00,20.00,13.55,0.11,21.08,10.00,0.38,20.00,NavMesh,
3678,24.48,AgentPrefab,Agent,MoveState,Moving,Goal,10.00,0.00,20.00,13.53,0.11,21.08,10.00,0.38,20.00,NavMesh,
3679,24.48,AgentPrefab,Agent,MoveState,Moving,Goal,10.00,0.00,20.00,13.52,0.11,21.07,10.00,0.38,20.00,NavMesh,
3680,24.49,AgentPrefab,Agent,MoveState,Moving,Goal,10.00,0.00,20.00,13.51,0.11,21.07,10.00,0.38,20.00,NavMesh,
3681,24.50,AgentPrefab,Agent,MoveState,Moving,Goal,10.00,0.00,20.00,13.49,0.11,21.06,10.00,0.38,20.00,NavMesh,
3682,24.50,AgentPrefab,Agent,MoveState,Moving,Goal,10.00,0.00,20.00,13.48,0.11,21.06,10.00,0.38,20.00,NavMesh,
3683,24.51,AgentPrefab,Agent,MoveState,Moving,Goal,10.00,0.00,20.00,13.47,0.11,21.05,10.00,0.38,20.00,NavMesh,
3684,24.52,AgentPrefab,Agent,MoveState,Moving,Goal,10.00,0.00,20.00,13.45,0.11,21.05,10.00,0.38,20.00,NavMesh,
3685,24.52,AgentPrefab,Agent,MoveState,Moving,Goal,10.00,0.00,20.00,13.44,0.11,21.05,10.00,0.38,20.00,NavMesh,
3686,24.53,AgentPrefab,Agent,MoveState,Moving,Goal,10.00,0.00,20.00,13.43,0.11,21.04,10.00,0.38,20.00,NavMesh,
3687,24.54,AgentPrefab,Agent,MoveState,Moving,Goal,10.00,0.00,20.00,13.41,0.12,21.04,10.00,0.38,20.00,NavMesh,
3688,24.55,AgentPrefab,Agent,MoveState,Moving,Goal,10.00,0.00,20.00,13.40,0.12,21.03,10.00,0.38,20.00,NavMesh,
3689,24.55,AgentPrefab,Agent,MoveState,Moving,Goal,10.00,0.00,20.00,13.39,0.12,21.03,10.00,0.38,20.00,NavMesh,
3690,24.56,AgentPrefab,Agent,MoveState,Moving,Goal,10.00,0.00,20.00,13.37,0.12,21.03,10.00,0.38,20.00,NavMesh,
3691,24.57,AgentPrefab,Agent,MoveState,Moving,Goal,10.00,0.00,20.00,13.36,0.12,21.02,10.00,0.38,20.00,NavMesh,
3692,24.57,AgentPrefab,Agent,MoveState,Moving,Goal,10.00,0.00,20.00,13.35,0.12,21.02,10.00,0.38,20.00,NavMesh,
3693,24.58,AgentPrefab,Agent,MoveState,Moving,Goal,10.00,0.00,20.00,13.33,0.12,21.01,10.00,0.38,20.00,NavMesh,
3694,24.59,AgentPrefab,Agent,MoveState,Moving,Goal,10.00,0.00,20.00,13.32,0.12,21.01,10.00,0.38,20.00,NavMesh,
3695,24.59,AgentPrefab,Agent,MoveState,Moving,Goal,10.00,0.00,20.00,13.31,0.12,21.01,10.00,0.38,20.00,NavMesh,
3696,24.60,AgentPrefab,Agent,MoveState,Moving,Goal,10.00,0.00,20.00,13.29,0.13,21.00,10.00,0.38,20.00,NavMesh,
3697,24.61,AgentPrefab,Agent,MoveState,Moving,Goal,10.00,0.00,20.00,13.28,0.13,21.00,10.00,0.38,20.00,NavMesh,
3698,24.62,AgentPrefab,Agent,MoveState,Moving,Goal,10.00,0.00,20.00,13.27,0.13,20.99,10.00,0.38,20.00,NavMesh,
3699,24.62,AgentPrefab,Agent,MoveState,Moving,Goal,10.00,0.00,20.00,13.25,0.13,20.99,10.00,0.38,20.00,NavMesh,
3700,24.63,AgentPrefab,Agent,MoveState,Moving,Goal,10.00,0.00,20.00,13.24,0.13,20.99,10.00,0.38,20.00,NavMesh,
3701,24.64,AgentPrefab,Agent,MoveState,Moving,Goal,10.00,0.00,20.00,13.23,0.13,20.98,10.00,0.38,20.00,NavMesh,
3702,24.64,AgentPrefab,Agent,MoveState,Moving,Goal,10.00,0.00,20.00,13.21,0.13,20.98,10.00,0.38,20.00,NavMesh,
3703,24.65,AgentPrefab,Agent,MoveState,Moving,Goal,10.00,0.00,20.00,13.20,0.13,20.97,10.00,0.38,20.00,NavMesh,
3704,24.66,AgentPrefab,Agent,MoveState,Moving,Goal,10.00,0.00,20.00,13.19,0.13,20.97,10.00,0.38,20.00,NavMesh,
3705,24.67,AgentPrefab,Agent,MoveState,Moving,Goal,10.00,0.00,20.00,13.17,0.13,20.97,10.00,0.38,20.00,NavMesh,
3706,24.67,AgentPrefab,Agent,MoveState,Moving,Goal,10.00,0.00,20.00,13.16,0.14,20.96,10.00,0.38,20.00,NavMesh,
3707,24.68,AgentPrefab,Agent,MoveState,Moving,Goal,10.00,0.00,20.00,13.14,0.14,20.96,10.00,0.38,20.00,NavMesh,
3708,24.69,AgentPrefab,Agent,MoveState,Moving,Goal,10.00,0.00,20.00,13.13,0.14,20.95,10.00,0.38,20.00,NavMesh,
3709,24.69,AgentPrefab,Agent,MoveState,Moving,Goal,10.00,0.00,20.00,13.12,0.14,20.95,10.00,0.38,20.00,NavMesh,
3710,24.70,AgentPrefab,Agent,MoveState,Moving,Goal,10.00,0.00,20.00,13.10,0.14,20.94,10.00,0.38,20.00,NavMesh,
3711,24.71,AgentPrefab,Agent,MoveState,Moving,Goal,10.00,0.00,20.00,13.09,0.14,20.94,10.00,0.38,20.00,NavMesh,
3712,24.71,AgentPrefab,Agent,MoveState,Moving,Goal,10.00,0.00,20.00,13.08,0.14,20.94,10.00,0.38,20.00,NavMesh,
3713,24.72,AgentPrefab,Agent,MoveState,Moving,Goal,10.00,0.00,20.00,13.06,0.14,20.93,10.00,0.38,20.00,NavMesh,
3714,24.73,AgentPrefab,Agent,MoveState,Moving,Goal,10.00,0.00,20.00,13.05,0.14,20.93,10.00,0.38,20.00,NavMesh,
3715,24.74,AgentPrefab,Agent,MoveState,Moving,Goal,10.00,0.00,20.00,13.04,0.15,20.92,10.00,0.38,20.00,NavMesh,
3716,24.74,AgentPrefab,Agent,MoveState,Moving,Goal,10.00,0.00,20.00,13.02,0.15,20.92,10.00,0.38,20.00,NavMesh,
3717,24.75,AgentPrefab,Agent,MoveState,Moving,Goal,10.00,0.00,20.00,13.01,0.15,20.92,10.00,0.38,20.00,NavMesh,
3718,24.76,AgentPrefab,Agent,MoveState,Moving,Goal,10.00,0.00,20.00,13.00,0.15,20.91,10.00,0.38,20.00,NavMesh,
3719,24.76,AgentPrefab,Agent,MoveState,Moving,Goal,10.00,0.00,20.00,12.98,0.15,20.91,10.00,0.38,20.00,NavMesh,
3720,24.77,AgentPrefab,Agent,MoveState,Moving,Goal,10.00,0.00,20.00,12.97,0.15,20.90,10.00,0.38,20.00,NavMesh,
3721,24.78,AgentPrefab,Agent,MoveState,Moving,Goal,10.00,0.00,20.00,12.96,0.15,20.90,10.00,0.38,20.00,NavMesh,
3722,24.78,AgentPrefab,Agent,MoveState,Moving,Goal,10.00,0.00,20.00,12.94,0.15,20.90,10.00,0.38,20.00,NavMesh,
3723,24.79,AgentPrefab,Agent,MoveState,Moving,Goal,10.00,0.00,20.00,12.93,0.15,20.89,10.00,0.38,20.00,NavMesh,
3724,24.80,AgentPrefab,Agent,MoveState,Moving,Goal,10.00,0.00,20.00,12.92,0.15,20.89,10.00,0.38,20.00,NavMesh,
3725,24.81,AgentPrefab,Agent,MoveState,Moving,Goal,10.00,0.00,20.00,12.90,0.16,20.88,10.00,0.38,20.00,NavMesh,
3726,24.81,AgentPrefab,Agent,MoveState,Moving,Goal,10.00,0.00,20.00,12.89,0.16,20.88,10.00,0.38,20.00,NavMesh,
3727,24.82,AgentPrefab,Agent,MoveState,Moving,Goal,10.00,0.00,20.00,12.88,0.16,20.88,10.00,0.38,20.00,NavMesh,
3728,24.83,AgentPrefab,Agent,MoveState,Moving,Goal,10.00,0.00,20.00,12.86,0.16,20.87,10.00,0.38,20.00,NavMesh,
3729,24.83,AgentPrefab,Agent,MoveState,Moving,Goal,10.00,0.00,20.00,12.85,0.16,20.87,10.00,0.38,20.00,NavMesh,
3730,24.84,AgentPrefab,Agent,MoveState,Moving,Goal,10.00,0.00,20.00,12.84,0.16,20.86,10.00,0.38,20.00,NavMesh,
3731,24.85,AgentPrefab,Agent,MoveState,Moving,Goal,10.00,0.00,20.00,12.82,0.16,20.86,10.00,0.38,20.00,NavMesh,
3732,24.85,AgentPrefab,Agent,MoveState,Moving,Goal,10.00,0.00,20.00,12.81,0.16,20.86,10.00,0.38,20.00,NavMesh,
3733,24.87,AgentPrefab,Agent,MoveState,Moving,Goal,10.00,0.00,20.00,12.80,0.16,20.85,10.00,0.38,20.00,NavMesh,
3734,24.88,AgentPrefab,Agent,MoveState,Moving,Goal,10.00,0.00,20.00,12.76,0.17,20.84,10.00,0.38,20.00,NavMesh,
3735,24.89,AgentPrefab,Agent,MoveState,Moving,Goal,10.00,0.00,20.00,12.75,0.17,20.84,10.00,0.38,20.00,NavMesh,
3736,24.89,AgentPrefab,Agent,MoveState,Moving,Goal,10.00,0.00,20.00,12.73,0.17,20.83,10.00,0.38,20.00,NavMesh,
3737,24.90,AgentPrefab,Agent,MoveState,Moving,Goal,10.00,0.00,20.00,12.72,0.17,20.83,10.00,0.38,20.00,NavMesh,
3738,24.91,AgentPrefab,Agent,MoveState,Moving,Goal,10.00,0.00,20.00,12.71,0.17,20.82,10.00,0.38,20.00,NavMesh,
3739,24.91,AgentPrefab,Agent,MoveState,Moving,Goal,10.00,0.00,20.00,12.70,0.17,20.82,10.00,0.38,20.00,NavMesh,
3740,24.92,AgentPrefab,Agent,MoveState,Moving,Goal,10.00,0.00,20.00,12.68,0.17,20.82,10.00,0.38,20.00,NavMesh,
3741,24.93,AgentPrefab,Agent,MoveState,Moving,Goal,10.00,0.00,20.00,12.67,0.17,20.81,10.00,0.38,20.00,NavMesh,
3742,24.94,AgentPrefab,Agent,MoveState,Moving,Goal,10.00,0.00,20.00,12.66,0.17,20.81,10.00,0.38,20.00,NavMesh,
3743,24.94,AgentPrefab,Agent,MoveState,Moving,Goal,10.00,0.00,20.00,12.64,0.18,20.80,10.00,0.38,20.00,NavMesh,
3744,24.95,AgentPrefab,Agent,MoveState,Moving,Goal,10.00,0.00,20.00,12.63,0.18,20.80,10.00,0.38,20.00,NavMesh,
3745,24.96,AgentPrefab,Agent,MoveState,Moving,Goal,10.00,0.00,20.00,12.62,0.18,20.80,10.00,0.38,20.00,NavMesh,
3746,24.96,AgentPrefab,Agent,MoveState,Moving,Goal,10.00,0.00,20.00,12.60,0.18,20.79,10.00,0.38,20.00,NavMesh,
3747,24.97,AgentPrefab,Agent,MoveState,Moving,Goal,10.00,0.00,20.00,12.59,0.18,20.79,10.00,0.38,20.00,NavMesh,
3748,24.98,AgentPrefab,Agent,MoveState,Moving,Goal,10.00,0.00,20.00,12.58,0.18,20.78,10.00,0.38,20.00,NavMesh,
3749,24.98,AgentPrefab,Agent,MoveState,Moving,Goal,10.00,0.00,20.00,12.56,0.18,20.78,10.00,0.38,20.00,NavMesh,
3750,24.99,AgentPrefab,Agent,MoveState,Moving,Goal,10.00,0.00,20.00,12.55,0.18,20.78,10.00,0.38,20.00,NavMesh,
3751,25.00,AgentPrefab,Agent,MoveState,Moving,Goal,10.00,0.00,20.00,12.54,0.18,20.77,10.00,0.38,20.00,NavMesh,
3752,25.01,AgentPrefab,Agent,MoveState,Moving,Goal,10.00,0.00,20.00,12.52,0.19,20.77,10.00,0.38,20.00,NavMesh,
3753,25.01,AgentPrefab,Agent,MoveState,Moving,Goal,10.00,0.00,20.00,12.51,0.19,20.76,10.00,0.38,20.00,NavMesh,
3754,25.02,AgentPrefab,Agent,MoveState,Moving,Goal,10.00,0.00,20.00,12.50,0.19,20.76,10.00,0.38,20.00,NavMesh,
3755,25.03,AgentPrefab,Agent,MoveState,Moving,Goal,10.00,0.00,20.00,12.48,0.19,20.76,10.00,0.38,20.00,NavMesh,
3756,25.03,AgentPrefab,Agent,MoveState,Moving,Goal,10.00,0.00,20.00,12.47,0.19,20.75,10.00,0.38,20.00,NavMesh,
3757,25.04,AgentPrefab,Agent,MoveState,Moving,Goal,10.00,0.00,20.00,12.46,0.19,20.75,10.00,0.38,20.00,NavMesh,
3758,25.05,AgentPrefab,Agent,MoveState,Moving,Goal,10.00,0.00,20.00,12.44,0.19,20.74,10.00,0.38,20.00,NavMesh,
3759,25.05,AgentPrefab,Agent,MoveState,Moving,Goal,10.00,0.00,20.00,12.43,0.19,20.74,10.00,0.38,20.00,NavMesh,
3760,25.06,AgentPrefab,Agent,MoveState,Moving,Goal,10.00,0.00,20.00,12.42,0.19,20.74,10.00,0.38,20.00,NavMesh,
3761,25.07,AgentPrefab,Agent,MoveState,Moving,Goal,10.00,0.00,20.00,12.40,0.19,20.73,10.00,0.38,20.00,NavMesh,
3762,25.07,AgentPrefab,Agent,MoveState,Moving,Goal,10.00,0.00,20.00,12.39,0.20,20.73,10.00,0.38,20.00,NavMesh,
3763,25.08,AgentPrefab,Agent,MoveState,Moving,Goal,10.00,0.00,20.00,12.38,0.20,20.72,10.00,0.38,20.00,NavMesh,
3764,25.09,AgentPrefab,Agent,MoveState,Moving,Goal,10.00,0.00,20.00,12.36,0.20,20.72,10.00,0.38,20.00,NavMesh,
3765,25.10,AgentPrefab,Agent,MoveState,Moving,Goal,10.00,0.00,20.00,12.35,0.20,20.72,10.00,0.38,20.00,NavMesh,
3766,25.10,AgentPrefab,Agent,MoveState,Moving,Goal,10.00,0.00,20.00,12.34,0.20,20.71,10.00,0.38,20.00,NavMesh,
3767,25.11,AgentPrefab,Agent,MoveState,Moving,Goal,10.00,0.00,20.00,12.32,0.20,20.71,10.00,0.38,20.00,NavMesh,
3768,25.12,AgentPrefab,Agent,MoveState,Moving,Goal,10.00,0.00,20.00,12.31,0.20,20.70,10.00,0.38,20.00,NavMesh,
3769,25.12,AgentPrefab,Agent,MoveState,Moving,Goal,10.00,0.00,20.00,12.30,0.20,20.70,10.00,0.38,20.00,NavMesh,
3770,25.13,AgentPrefab,Agent,MoveState,Moving,Goal,10.00,0.00,20.00,12.28,0.20,20.70,10.00,0.38,20.00,NavMesh,
3771,25.14,AgentPrefab,Agent,MoveState,Moving,Goal,10.00,0.00,20.00,12.27,0.20,20.69,10.00,0.38,20.00,NavMesh,
3772,25.14,AgentPrefab,Agent,MoveState,Moving,Goal,10.00,0.00,20.00,12.26,0.21,20.69,10.00,0.38,20.00,NavMesh,
3773,25.15,AgentPrefab,Agent,MoveState,Moving,Goal,10.00,0.00,20.00,12.24,0.21,20.68,10.00,0.38,20.00,NavMesh,
3774,25.16,AgentPrefab,Agent,MoveState,Moving,Goal,10.00,0.00,20.00,12.23,0.21,20.68,10.00,0.38,20.00,NavMesh,
3775,25.16,AgentPrefab,Agent,MoveState,Moving,Goal,10.00,0.00,20.00,12.22,0.21,20.67,10.00,0.38,20.00,NavMesh,
3776,25.17,AgentPrefab,Agent,MoveState,Moving,Goal,10.00,0.00,20.00,12.20,0.21,20.67,10.00,0.38,20.00,NavMesh,
3777,25.18,AgentPrefab,Agent,MoveState,Moving,Goal,10.00,0.00,20.00,12.19,0.21,20.67,10.00,0.38,20.00,NavMesh,
3778,25.19,AgentPrefab,Agent,MoveState,Moving,Goal,10.00,0.00,20.00,12.18,0.21,20.66,10.00,0.38,20.00,NavMesh,
3779,25.19,AgentPrefab,Agent,MoveState,Moving,Goal,10.00,0.00,20.00,12.16,0.21,20.66,10.00,0.38,20.00,NavMesh,
3780,25.20,AgentPrefab,Agent,MoveState,Moving,Goal,10.00,0.00,20.00,12.15,0.21,20.66,10.00,0.38,20.00,NavMesh,
3781,25.21,AgentPrefab,Agent,MoveState,Moving,Goal,10.00,0.00,20.00,12.14,0.22,20.65,10.00,0.38,20.00,NavMesh,
3782,25.21,AgentPrefab,Agent,MoveState,Moving,Goal,10.00,0.00,20.00,12.13,0.22,20.65,10.00,0.38,20.00,NavMesh,
3783,25.22,AgentPrefab,Agent,MoveState,Moving,Goal,10.00,0.00,20.00,12.11,0.22,20.64,10.00,0.38,20.00,NavMesh,
3784,25.23,AgentPrefab,Agent,MoveState,Moving,Goal,10.00,0.00,20.00,12.10,0.22,20.64,10.00,0.38,20.00,NavMesh,
3785,25.23,AgentPrefab,Agent,MoveState,Moving,Goal,10.00,0.00,20.00,12.08,0.22,20.63,10.00,0.38,20.00,NavMesh,
3786,25.24,AgentPrefab,Agent,MoveState,Moving,Goal,10.00,0.00,20.00,12.07,0.22,20.63,10.00,0.38,20.00,NavMesh,
3787,25.25,AgentPrefab,Agent,MoveState,Moving,Goal,10.00,0.00,20.00,12.06,0.22,20.63,10.00,0.38,20.00,NavMesh,
3788,25.25,AgentPrefab,Agent,MoveState,Moving,Goal,10.00,0.00,20.00,12.05,0.22,20.62,10.00,0.38,20.00,NavMesh,
3789,25.26,AgentPrefab,Agent,MoveState,Moving,Goal,10.00,0.00,20.00,12.03,0.22,20.62,10.00,0.38,20.00,NavMesh,
3790,25.27,AgentPrefab,Agent,MoveState,Moving,Goal,10.00,0.00,20.00,12.02,0.22,20.61,10.00,0.38,20.00,NavMesh,
3791,25.28,AgentPrefab,Agent,MoveState,Moving,Goal,10.00,0.00,20.00,12.01,0.23,20.61,10.00,0.38,20.00,NavMesh,
3792,25.28,AgentPrefab,Agent,MoveState,Moving,Goal,10.00,0.00,20.00,11.99,0.23,20.61,10.00,0.38,20.00,NavMesh,
3793,25.29,AgentPrefab,Agent,MoveState,Moving,Goal,10.00,0.00,20.00,11.98,0.23,20.60,10.00,0.38,20.00,NavMesh,
3794,25.30,AgentPrefab,Agent,MoveState,Moving,Goal,10.00,0.00,20.00,11.97,0.23,20.60,10.00,0.38,20.00,NavMesh,
3795,25.30,AgentPrefab,Agent,MoveState,Moving,Goal,10.00,0.00,20.00,11.95,0.23,20.59,10.00,0.38,20.00,NavMesh,
3796,25.31,AgentPrefab,Agent,MoveState,Moving,Goal,10.00,0.00,20.00,11.94,0.23,20.59,10.00,0.38,20.00,NavMesh,
3797,25.32,AgentPrefab,Agent,MoveState,Moving,Goal,10.00,0.00,20.00,11.93,0.23,20.59,10.00,0.38,20.00,NavMesh,
3798,25.33,AgentPrefab,Agent,MoveState,Moving,Goal,10.00,0.00,20.00,11.91,0.23,20.58,10.00,0.38,20.00,NavMesh,
3799,25.33,AgentPrefab,Agent,MoveState,Moving,Goal,10.00,0.00,20.00,11.90,0.23,20.58,10.00,0.38,20.00,NavMesh,
3800,25.35,AgentPrefab,Agent,MoveState,Moving,Goal,10.00,0.00,20.00,11.88,0.23,20.57,10.00,0.38,20.00,NavMesh,
3801,25.36,AgentPrefab,Agent,MoveState,Moving,Goal,10.00,0.00,20.00,11.85,0.24,20.56,10.00,0.38,20.00,NavMesh,
3802,25.36,AgentPrefab,Agent,MoveState,Moving,Goal,10.00,0.00,20.00,11.84,0.24,20.56,10.00,0.38,20.00,NavMesh,
3803,25.37,AgentPrefab,Agent,MoveState,Moving,Goal,10.00,0.00,20.00,11.82,0.24,20.56,10.00,0.38,20.00,NavMesh,
3804,25.38,AgentPrefab,Agent,MoveState,Moving,Goal,10.00,0.00,20.00,11.81,0.24,20.55,10.00,0.38,20.00,NavMesh,
3805,25.38,AgentPrefab,Agent,MoveState,Moving,Goal,10.00,0.00,20.00,11.80,0.24,20.55,10.00,0.38,20.00,NavMesh,
3806,25.39,AgentPrefab,Agent,MoveState,Moving,Goal,10.00,0.00,20.00,11.78,0.24,20.54,10.00,0.38,20.00,NavMesh,
3807,25.40,AgentPrefab,Agent,MoveState,Moving,Goal,10.00,0.00,20.00,11.77,0.24,20.54,10.00,0.38,20.00,NavMesh,
3808,25.41,AgentPrefab,Agent,MoveState,Moving,Goal,10.00,0.00,20.00,11.76,0.24,20.54,10.00,0.38,20.00,NavMesh,
3809,25.41,AgentPrefab,Agent,MoveState,Moving,Goal,10.00,0.00,20.00,11.75,0.25,20.53,10.00,0.38,20.00,NavMesh,
3810,25.42,AgentPrefab,Agent,MoveState,Moving,Goal,10.00,0.00,20.00,11.73,0.25,20.53,10.00,0.38,20.00,NavMesh,
3811,25.43,AgentPrefab,Agent,MoveState,Moving,Goal,10.00,0.00,20.00,11.72,0.25,20.52,10.00,0.38,20.00,NavMesh,
3812,25.43,AgentPrefab,Agent,MoveState,Moving,Goal,10.00,0.00,20.00,11.71,0.25,20.52,10.00,0.38,20.00,NavMesh,
3813,25.44,AgentPrefab,Agent,MoveState,Moving,Goal,10.00,0.00,20.00,11.69,0.25,20.51,10.00,0.38,20.00,NavMesh,
3814,25.45,AgentPrefab,Agent,MoveState,Moving,Goal,10.00,0.00,20.00,11.68,0.25,20.51,10.00,0.38,20.00,NavMesh,
3815,25.45,AgentPrefab,Agent,MoveState,Moving,Goal,10.00,0.00,20.00,11.67,0.25,20.51,10.00,0.38,20.00,NavMesh,
3816,25.46,AgentPrefab,Agent,MoveState,Moving,Goal,10.00,0.00,20.00,11.65,0.25,20.50,10.00,0.38,20.00,NavMesh,
3817,25.47,AgentPrefab,Agent,MoveState,Moving,Goal,10.00,0.00,20.00,11.64,0.25,20.50,10.00,0.38,20.00,NavMesh,
3818,25.47,AgentPrefab,Agent,MoveState,Moving,Goal,10.00,0.00,20.00,11.63,0.25,20.50,10.00,0.38,20.00,NavMesh,
3819,25.48,AgentPrefab,Agent,MoveState,Moving,Goal,10.00,0.00,20.00,11.61,0.26,20.49,10.00,0.38,20.00,NavMesh,
3820,25.49,AgentPrefab,Agent,MoveState,Moving,Goal,10.00,0.00,20.00,11.60,0.26,20.49,10.00,0.38,20.00,NavMesh,
3821,25.50,AgentPrefab,Agent,MoveState,Moving,Goal,10.00,0.00,20.00,11.59,0.26,20.48,10.00,0.38,20.00,NavMesh,
3822,25.50,AgentPrefab,Agent,MoveState,Moving,Goal,10.00,0.00,20.00,11.57,0.26,20.48,10.00,0.38,20.00,NavMesh,
3823,25.51,AgentPrefab,Agent,MoveState,Moving,Goal,10.00,0.00,20.00,11.56,0.26,20.47,10.00,0.38,20.00,NavMesh,
3824,25.52,AgentPrefab,Agent,MoveState,Moving,Goal,10.00,0.00,20.00,11.55,0.26,20.47,10.00,0.38,20.00,NavMesh,
3825,25.52,AgentPrefab,Agent,MoveState,Moving,Goal,10.00,0.00,20.00,11.53,0.26,20.47,10.00,0.38,20.00,NavMesh,
3826,25.53,AgentPrefab,Agent,MoveState,Moving,Goal,10.00,0.00,20.00,11.52,0.26,20.46,10.00,0.38,20.00,NavMesh,
3827,25.54,AgentPrefab,Agent,MoveState,Moving,Goal,10.00,0.00,20.00,11.51,0.26,20.46,10.00,0.38,20.00,NavMesh,
3828,25.54,AgentPrefab,Agent,MoveState,Moving,Goal,10.00,0.00,20.00,11.49,0.27,20.45,10.00,0.38,20.00,NavMesh,
3829,25.55,AgentPrefab,Agent,MoveState,Moving,Goal,10.00,0.00,20.00,11.48,0.27,20.45,10.00,0.38,20.00,NavMesh,
3830,25.56,AgentPrefab,Agent,MoveState,Moving,Goal,10.00,0.00,20.00,11.47,0.27,20.45,10.00,0.38,20.00,NavMesh,
3831,25.57,AgentPrefab,Agent,MoveState,Moving,Goal,10.00,0.00,20.00,11.45,0.27,20.44,10.00,0.38,20.00,NavMesh,
3832,25.57,AgentPrefab,Agent,MoveState,Moving,Goal,10.00,0.00,20.00,11.44,0.27,20.44,10.00,0.38,20.00,NavMesh,
3833,25.58,AgentPrefab,Agent,MoveState,Moving,Goal,10.00,0.00,20.00,11.43,0.27,20.43,10.00,0.38,20.00,NavMesh,
3834,25.59,AgentPrefab,Agent,MoveState,Moving,Goal,10.00,0.00,20.00,11.41,0.27,20.43,10.00,0.38,20.00,NavMesh,
3835,25.59,AgentPrefab,Agent,MoveState,Moving,Goal,10.00,0.00,20.00,11.40,0.27,20.43,10.00,0.38,20.00,NavMesh,
3836,25.60,AgentPrefab,Agent,MoveState,Moving,Goal,10.00,0.00,20.00,11.39,0.27,20.42,10.00,0.38,20.00,NavMesh,
3837,25.61,AgentPrefab,Agent,MoveState,Moving,Goal,10.00,0.00,20.00,11.37,0.27,20.42,10.00,0.38,20.00,NavMesh,
3838,25.61,AgentPrefab,Agent,MoveState,Moving,Goal,10.00,0.00,20.00,11.36,0.28,20.41,10.00,0.38,20.00,NavMesh,
3839,25.62,AgentPrefab,Agent,MoveState,Moving,Goal,10.00,0.00,20.00,11.35,0.28,20.41,10.00,0.38,20.00,NavMesh,
3840,25.63,AgentPrefab,Agent,MoveState,Moving,Goal,10.00,0.00,20.00,11.33,0.28,20.41,10.00,0.38,20.00,NavMesh,
3841,25.64,AgentPrefab,Agent,MoveState,Moving,Goal,10.00,0.00,20.00,11.32,0.28,20.40,10.00,0.38,20.00,NavMesh,
3842,25.64,AgentPrefab,Agent,MoveState,Moving,Goal,10.00,0.00,20.00,11.30,0.28,20.40,10.00,0.38,20.00,NavMesh,
3843,25.65,AgentPrefab,Agent,MoveState,Moving,Goal,10.00,0.00,20.00,11.29,0.28,20.39,10.00,0.38,20.00,NavMesh,
3844,25.66,AgentPrefab,Agent,MoveState,Moving,Goal,10.00,0.00,20.00,11.28,0.28,20.39,10.00,0.38,20.00,NavMesh,
3845,25.66,AgentPrefab,Agent,MoveState,Moving,Goal,10.00,0.00,20.00,11.27,0.28,20.39,10.00,0.38,20.00,NavMesh,
3846,25.67,AgentPrefab,Agent,MoveState,Moving,Goal,10.00,0.00,20.00,11.25,0.28,20.38,10.00,0.38,20.00,NavMesh,
3847,25.68,AgentPrefab,Agent,MoveState,Moving,Goal,10.00,0.00,20.00,11.24,0.29,20.38,10.00,0.38,20.00,NavMesh,
3848,25.69,AgentPrefab,Agent,MoveState,Moving,Goal,10.00,0.00,20.00,11.22,0.29,20.37,10.00,0.38,20.00,NavMesh,
3849,25.69,AgentPrefab,Agent,MoveState,Moving,Goal,10.00,0.00,20.00,11.21,0.29,20.37,10.00,0.38,20.00,NavMesh,
3850,25.70,AgentPrefab,Agent,MoveState,Moving,Goal,10.00,0.00,20.00,11.20,0.29,20.36,10.00,0.38,20.00,NavMesh,
3851,25.71,AgentPrefab,Agent,MoveState,Moving,Goal,10.00,0.00,20.00,11.18,0.29,20.36,10.00,0.38,20.00,NavMesh,
3852,25.71,AgentPrefab,Agent,MoveState,Moving,Goal,10.00,0.00,20.00,11.17,0.29,20.36,10.00,0.38,20.00,NavMesh,
3853,25.72,AgentPrefab,Agent,MoveState,Moving,Goal,10.00,0.00,20.00,11.16,0.29,20.35,10.00,0.38,20.00,NavMesh,
3854,25.73,AgentPrefab,Agent,MoveState,Moving,Goal,10.00,0.00,20.00,11.14,0.29,20.35,10.00,0.38,20.00,NavMesh,
3855,25.73,AgentPrefab,Agent,MoveState,Moving,Goal,10.00,0.00,20.00,11.13,0.29,20.34,10.00,0.38,20.00,NavMesh,
3856,25.74,AgentPrefab,Agent,MoveState,Moving,Goal,10.00,0.00,20.00,11.12,0.29,20.34,10.00,0.38,20.00,NavMesh,
3857,25.75,AgentPrefab,Agent,MoveState,Moving,Goal,10.00,0.00,20.00,11.11,0.30,20.34,10.00,0.38,20.00,NavMesh,
3858,25.76,AgentPrefab,Agent,MoveState,Moving,Goal,10.00,0.00,20.00,11.09,0.30,20.33,10.00,0.38,20.00,NavMesh,
3859,25.76,AgentPrefab,Agent,MoveState,Moving,Goal,10.00,0.00,20.00,11.08,0.30,20.33,10.00,0.38,20.00,NavMesh,
3860,25.77,AgentPrefab,Agent,MoveState,Moving,Goal,10.00,0.00,20.00,11.07,0.30,20.32,10.00,0.38,20.00,NavMesh,
3861,25.78,AgentPrefab,Agent,MoveState,Moving,Goal,10.00,0.00,20.00,11.05,0.30,20.32,10.00,0.38,20.00,NavMesh,
3862,25.78,AgentPrefab,Agent,MoveState,Moving,Goal,10.00,0.00,20.00,11.04,0.30,20.32,10.00,0.38,20.00,NavMesh,
3863,25.79,AgentPrefab,Agent,MoveState,Moving,Goal,10.00,0.00,20.00,11.02,0.30,20.31,10.00,0.38,20.00,NavMesh,
3864,25.80,AgentPrefab,Agent,MoveState,Moving,Goal,10.00,0.00,20.00,11.01,0.30,20.31,10.00,0.38,20.00,NavMesh,
3865,25.80,AgentPrefab,Agent,MoveState,Moving,Goal,10.00,0.00,20.00,11.00,0.30,20.30,10.00,0.38,20.00,NavMesh,
3866,25.82,AgentPrefab,Agent,MoveState,Moving,Goal,10.00,0.00,20.00,10.98,0.30,20.30,10.00,0.38,20.00,NavMesh,
3867,25.83,AgentPrefab,Agent,MoveState,Moving,Goal,10.00,0.00,20.00,10.95,0.31,20.29,10.00,0.38,20.00,NavMesh,
3868,25.84,AgentPrefab,Agent,MoveState,Moving,Goal,10.00,0.00,20.00,10.94,0.31,20.29,10.00,0.38,20.00,NavMesh,
3869,25.84,AgentPrefab,Agent,MoveState,Moving,Goal,10.00,0.00,20.00,10.92,0.31,20.28,10.00,0.38,20.00,NavMesh,
3870,25.85,AgentPrefab,Agent,MoveState,Moving,Goal,10.00,0.00,20.00,10.91,0.31,20.28,10.00,0.38,20.00,NavMesh,
3871,25.86,AgentPrefab,Agent,MoveState,Moving,Goal,10.00,0.00,20.00,10.90,0.31,20.27,10.00,0.38,20.00,NavMesh,
3872,25.86,AgentPrefab,Agent,MoveState,Moving,Goal,10.00,0.00,20.00,10.89,0.31,20.27,10.00,0.38,20.00,NavMesh,
3873,25.87,AgentPrefab,Agent,MoveState,Moving,Goal,10.00,0.00,20.00,10.87,0.31,20.27,10.00,0.38,20.00,NavMesh,
3874,25.88,AgentPrefab,Agent,MoveState,Moving,Goal,10.00,0.00,20.00,10.86,0.31,20.26,10.00,0.38,20.00,NavMesh,
3875,25.88,AgentPrefab,Agent,MoveState,Moving,Goal,10.00,0.00,20.00,10.85,0.32,20.26,10.00,0.38,20.00,NavMesh,
3876,25.89,AgentPrefab,Agent,MoveState,Moving,Goal,10.00,0.00,20.00,10.83,0.32,20.25,10.00,0.38,20.00,NavMesh,
3877,25.90,AgentPrefab,Agent,MoveState,Moving,Goal,10.00,0.00,20.00,10.82,0.32,20.25,10.00,0.38,20.00,NavMesh,
3878,25.90,AgentPrefab,Agent,MoveState,Moving,Goal,10.00,0.00,20.00,10.81,0.32,20.25,10.00,0.38,20.00,NavMesh,
3879,25.91,AgentPrefab,Agent,MoveState,Moving,Goal,10.00,0.00,20.00,10.79,0.32,20.24,10.00,0.38,20.00,NavMesh,
3880,25.92,AgentPrefab,Agent,MoveState,Moving,Goal,10.00,0.00,20.00,10.78,0.32,20.24,10.00,0.38,20.00,NavMesh,
3881,25.93,AgentPrefab,Agent,MoveState,Moving,Goal,10.00,0.00,20.00,10.77,0.32,20.23,10.00,0.38,20.00,NavMesh,
3882,25.93,AgentPrefab,Agent,MoveState,Moving,Goal,10.00,0.00,20.00,10.75,0.32,20.23,10.00,0.38,20.00,NavMesh,
3883,25.94,AgentPrefab,Agent,MoveState,Moving,Goal,10.00,0.00,20.00,10.74,0.32,20.22,10.00,0.38,20.00,NavMesh,
3884,25.95,AgentPrefab,Agent,MoveState,Moving,Goal,10.00,0.00,20.00,10.72,0.33,20.22,10.00,0.38,20.00,NavMesh,
3885,25.95,AgentPrefab,Agent,MoveState,Moving,Goal,10.00,0.00,20.00,10.71,0.33,20.22,10.00,0.38,20.00,NavMesh,
3886,25.96,AgentPrefab,Agent,MoveState,Moving,Goal,10.00,0.00,20.00,10.70,0.33,20.21,10.00,0.38,20.00,NavMesh,
3887,25.97,AgentPrefab,Agent,MoveState,Moving,Goal,10.00,0.00,20.00,10.68,0.33,20.21,10.00,0.38,20.00,NavMesh,
3888,25.97,AgentPrefab,Agent,MoveState,Moving,Goal,10.00,0.00,20.00,10.67,0.33,20.20,10.00,0.38,20.00,NavMesh,
3889,25.98,AgentPrefab,Agent,MoveState,Moving,Goal,10.00,0.00,20.00,10.66,0.33,20.20,10.00,0.38,20.00,NavMesh,
3890,25.99,AgentPrefab,Agent,MoveState,Moving,Goal,10.00,0.00,20.00,10.64,0.33,20.20,10.00,0.38,20.00,NavMesh,
3891,26.00,AgentPrefab,Agent,MoveState,Moving,Goal,10.00,0.00,20.00,10.63,0.33,20.19,10.00,0.38,20.00,NavMesh,
3892,26.00,AgentPrefab,Agent,MoveState,Moving,Goal,10.00,0.00,20.00,10.62,0.33,20.19,10.00,0.38,20.00,NavMesh,
3893,26.01,AgentPrefab,Agent,MoveState,Moving,Goal,10.00,0.00,20.00,10.61,0.33,20.18,10.00,0.38,20.00,NavMesh,
3894,26.02,AgentPrefab,Agent,MoveState,Moving,Goal,10.00,0.00,20.00,10.59,0.34,20.18,10.00,0.38,20.00,NavMesh,
3895,26.02,AgentPrefab,Agent,MoveState,Moving,Goal,10.00,0.00,20.00,10.58,0.34,20.18,10.00,0.38,20.00,NavMesh,
3896,26.03,AgentPrefab,Agent,MoveState,Moving,Goal,10.00,0.00,20.00,10.56,0.34,20.17,10.00,0.38,20.00,NavMesh,
3897,26.04,AgentPrefab,Agent,MoveState,Moving,Goal,10.00,0.00,20.00,10.55,0.34,20.17,10.00,0.38,20.00,NavMesh,
3898,26.05,AgentPrefab,Agent,MoveState,Moving,Goal,10.00,0.00,20.00,10.54,0.34,20.16,10.00,0.38,20.00,NavMesh,
3899,26.05,AgentPrefab,Agent,MoveState,Moving,Goal,10.00,0.00,20.00,10.52,0.34,20.16,10.00,0.38,20.00,NavMesh,
3900,26.06,AgentPrefab,Agent,MoveState,Moving,Goal,10.00,0.00,20.00,10.51,0.34,20.16,10.00,0.38,20.00,NavMesh,
3901,26.08,AgentPrefab,Agent,MoveState,Moving,Goal,10.00,0.00,20.00,10.50,0.34,20.15,10.00,0.38,20.00,NavMesh,
3902,26.09,AgentPrefab,Agent,MoveState,Moving,Goal,10.00,0.00,20.00,10.46,0.35,20.14,10.00,0.38,20.00,NavMesh,
3903,26.09,AgentPrefab,Agent,MoveState,Moving,Goal,10.00,0.00,20.00,10.44,0.35,20.13,10.00,0.38,20.00,NavMesh,
3904,26.10,AgentPrefab,Agent,MoveState,Moving,Goal,10.00,0.00,20.00,10.43,0.35,20.13,10.00,0.38,20.00,NavMesh,
3905,26.11,AgentPrefab,Agent,MoveState,Moving,Goal,10.00,0.00,20.00,10.42,0.35,20.13,10.00,0.38,20.00,NavMesh,
3906,26.12,AgentPrefab,Agent,MoveState,Moving,Goal,10.00,0.00,20.00,10.40,0.35,20.12,10.00,0.38,20.00,NavMesh,
3907,26.12,AgentPrefab,Agent,MoveState,Moving,Goal,10.00,0.00,20.00,10.39,0.35,20.12,10.00,0.38,20.00,NavMesh,
3908,26.13,AgentPrefab,Agent,MoveState,Moving,Goal,10.00,0.00,20.00,10.38,0.35,20.11,10.00,0.38,20.00,NavMesh,
3909,26.14,AgentPrefab,Agent,MoveState,Moving,Goal,10.00,0.00,20.00,10.36,0.35,20.11,10.00,0.38,20.00,NavMesh,
3910,26.14,AgentPrefab,Agent,MoveState,Moving,Goal,10.00,0.00,20.00,10.35,0.35,20.11,10.00,0.38,20.00,NavMesh,
3911,26.15,AgentPrefab,Agent,MoveState,Moving,Goal,10.00,0.00,20.00,10.34,0.36,20.10,10.00,0.38,20.00,NavMesh,
3912,26.16,AgentPrefab,Agent,MoveState,Moving,Goal,10.00,0.00,20.00,10.32,0.36,20.10,10.00,0.38,20.00,NavMesh,
3913,26.16,AgentPrefab,Agent,MoveState,Moving,Goal,10.00,0.00,20.00,10.31,0.36,20.09,10.00,0.38,20.00,NavMesh,
3914,26.17,AgentPrefab,Agent,MoveState,Moving,Goal,10.00,0.00,20.00,10.30,0.36,20.09,10.00,0.38,20.00,NavMesh,
3915,26.18,AgentPrefab,Agent,MoveState,Moving,Goal,10.00,0.00,20.00,10.28,0.36,20.09,10.00,0.38,20.00,NavMesh,
3916,26.19,AgentPrefab,Agent,MoveState,Moving,Goal,10.00,0.00,20.00,10.27,0.36,20.08,10.00,0.38,20.00,NavMesh,
3917,26.19,AgentPrefab,Agent,MoveState,Moving,Goal,10.00,0.00,20.00,10.26,0.36,20.08,10.00,0.38,20.00,NavMesh,
3918,26.20,AgentPrefab,Agent,MoveState,Moving,Goal,10.00,0.00,20.00,10.24,0.36,20.07,10.00,0.38,20.00,NavMesh,
3919,26.21,AgentPrefab,Agent,MoveState,Moving,Goal,10.00,0.00,20.00,10.23,0.36,20.07,10.00,0.38,20.00,NavMesh,
3920,26.21,AgentPrefab,Agent,MoveState,Moving,Goal,10.00,0.00,20.00,10.22,0.36,20.07,10.00,0.38,20.00,NavMesh,
3921,26.22,AgentPrefab,Agent,MoveState,Moving,Goal,10.00,0.00,20.00,10.20,0.37,20.06,10.00,0.38,20.00,NavMesh,
3922,26.23,AgentPrefab,Agent,MoveState,Moving,Goal,10.00,0.00,20.00,10.19,0.37,20.06,10.00,0.38,20.00,NavMesh,
3923,26.23,AgentPrefab,Agent,MoveState,Moving,Goal,10.00,0.00,20.00,10.18,0.37,20.05,10.00,0.38,20.00,NavMesh,
3924,26.24,AgentPrefab,Agent,MoveState,Moving,Goal,10.00,0.00,20.00,10.16,0.37,20.05,10.00,0.38,20.00,NavMesh,
3925,26.25,AgentPrefab,Agent,MoveState,Moving,Goal,10.00,0.00,20.00,10.15,0.37,20.05,10.00,0.38,20.00,NavMesh,
3926,26.26,AgentPrefab,Agent,MoveState,Moving,Goal,10.00,0.00,20.00,10.14,0.37,20.04,10.00,0.38,20.00,NavMesh,
3927,26.26,AgentPrefab,Agent,MoveState,Moving,Goal,10.00,0.00,20.00,10.12,0.37,20.04,10.00,0.38,20.00,NavMesh,
3928,26.27,AgentPrefab,Agent,MoveState,Moving,Goal,10.00,0.00,20.00,10.11,0.37,20.03,10.00,0.38,20.00,NavMesh,
3929,26.28,AgentPrefab,Agent,MoveState,Moving,Goal,10.00,0.00,20.00,10.10,0.37,20.03,10.00,0.38,20.00,NavMesh,
3930,26.28,AgentPrefab,Agent,MoveState,Moving,Goal,10.00,0.00,20.00,10.08,0.37,20.03,10.00,0.38,20.00,NavMesh,
3931,26.30,AgentPrefab,Agent,MoveState,Moving,Goal,10.00,0.00,20.00,10.07,0.38,20.02,10.00,0.38,20.00,NavMesh,
3932,26.31,AgentPrefab,Agent,IdleState,Idling,Goal,0.00,0.00,0.00,10.00,0.38,20.00,10.00,0.38,20.00,NavMesh,
3933,26.32,AgentPrefab,Agent,SearchState,Searching,Goal,0.00,0.00,0.00,10.00,0.38,20.00,10.00,0.38,20.00,NavMesh,
3933,26.32,AgentPrefab,Agent,MoveState,Moving,Goal,0.00,0.00,0.00,10.00,0.38,20.00,10.00,0.38,20.00,NavMesh,
3934,26.33,AgentPrefab,Agent,MoveState,Moving,Goal,0.00,0.00,0.00,10.00,0.38,20.00,10.00,0.38,20.00,NavMesh,
