Frame,Time,Object,Type,State,Action,Target,TargetX,TargetY,TargetZ,CurrentX,CurrentY,CurrentZ,NextX,NextY,NextZ,AIType
1,0.00,AgentPrefab,Agent,IdleState,Idling,Goal,20.00,0.00,20.00,0.00,0.00,0.00,0.00,0.00,0.00,DStar
1,0.00,AgentPrefab,Agent,SearchState,Searching Path,Goal,20.00,0.00,20.00,0.00,0.00,0.00,0.00,0.00,0.00,DStar
2,0.02,AgentPrefab,Agent,MoveState,Moving,Goal,20.00,0.00,20.00,0.00,0.00,0.00,0.00,0.00,0.00,DStar
3,0.07,AgentPrefab,Agent,GoalState,GoalReached,Goal,20.00,0.00,20.00,0.00,0.00,0.00,0.00,0.00,0.00,DStar
391,1.50,AgentPrefab,Agent,SearchState,Searching Path,Goal,20.00,0.00,20.00,0.00,0.00,0.00,0.00,0.00,0.00,DStar
392,1.51,AgentPrefab,Agent,MoveState,Moving,Goal,20.00,0.00,20.00,0.00,0.00,0.00,0.00,0.00,0.00,DStar
393,1.52,AgentPrefab,Agent,MoveState,Moving,Goal,20.00,0.00,20.00,0.00,0.00,0.00,0.00,0.00,0.00,DStar
394,1.53,AgentPrefab,Agent,MoveState,Moving,Goal,20.00,0.00,20.00,0.00,0.00,0.00,0.01,0.00,0.01,DStar
395,1.53,AgentPrefab,Agent,MoveState,Moving,Goal,20.00,0.00,20.00,0.01,0.00,0.01,0.02,0.00,0.02,DStar
396,1.54,AgentPrefab,Agent,MoveState,Moving,Goal,20.00,0.00,20.00,0.02,0.00,0.02,0.02,0.00,0.02,DStar
397,1.54,AgentPrefab,Agent,MoveState,Moving,Goal,20.00,0.00,20.00,0.02,0.00,0.02,0.03,0.00,0.03,DStar
398,1.55,AgentPrefab,Agent,MoveState,Moving,Goal,20.00,0.00,20.00,0.03,0.00,0.03,0.04,0.00,0.04,DStar
399,1.55,AgentPrefab,Agent,MoveState,Moving,Goal,20.00,0.00,20.00,0.04,0.00,0.04,0.04,0.00,0.04,DStar
400,1.56,AgentPrefab,Agent,MoveState,Moving,Goal,20.00,0.00,20.00,0.04,0.00,0.04,0.05,0.00,0.05,DStar
401,1.56,AgentPrefab,Agent,MoveState,Moving,Goal,20.00,0.00,20.00,0.05,0.00,0.05,0.05,0.00,0.05,DStar
402,1.56,AgentPrefab,Agent,MoveState,Moving,Goal,20.00,0.00,20.00,0.05,0.00,0.05,0.06,0.00,0.06,DStar
403,1.57,AgentPrefab,Agent,MoveState,Moving,Goal,20.00,0.00,20.00,0.06,0.00,0.06,0.06,0.00,0.06,DStar
404,1.57,AgentPrefab,Agent,MoveState,Moving,Goal,20.00,0.00,20.00,0.06,0.00,0.06,0.07,0.00,0.07,DStar
405,1.58,AgentPrefab,Agent,MoveState,Moving,Goal,20.00,0.00,20.00,0.07,0.00,0.07,0.08,0.00,0.08,DStar
406,1.58,AgentPrefab,Agent,MoveState,Moving,Goal,20.00,0.00,20.00,0.08,0.00,0.08,0.08,0.00,0.08,DStar
407,1.59,AgentPrefab,Agent,MoveState,Moving,Goal,20.00,0.00,20.00,0.08,0.00,0.08,0.09,0.00,0.09,DStar
408,1.59,AgentPrefab,Agent,MoveState,Moving,Goal,20.00,0.00,20.00,0.09,0.00,0.09,0.10,0.00,0.10,DStar
409,1.59,AgentPrefab,Agent,MoveState,Moving,Goal,20.00,0.00,20.00,0.10,0.00,0.10,0.10,0.00,0.10,DStar
410,1.60,AgentPrefab,Agent,MoveState,Moving,Goal,20.00,0.00,20.00,0.10,0.00,0.10,0.11,0.00,0.11,DStar
411,1.60,AgentPrefab,Agent,MoveState,Moving,Goal,20.00,0.00,20.00,0.11,0.00,0.11,0.11,0.00,0.11,DStar
412,1.61,AgentPrefab,Agent,MoveState,Moving,Goal,20.00,0.00,20.00,0.11,0.00,0.11,0.12,0.00,0.12,DStar
413,1.61,AgentPrefab,Agent,MoveState,Moving,Goal,20.00,0.00,20.00,0.12,0.00,0.12,0.13,0.00,0.13,DStar
414,1.62,AgentPrefab,Agent,MoveState,Moving,Goal,20.00,0.00,20.00,0.13,0.00,0.13,0.13,0.00,0.13,DStar
415,1.62,AgentPrefab,Agent,MoveState,Moving,Goal,20.00,0.00,20.00,0.13,0.00,0.13,0.14,0.00,0.14,DStar
416,1.63,AgentPrefab,Agent,MoveState,Moving,Goal,20.00,0.00,20.00,0.14,0.00,0.14,0.15,0.00,0.15,DStar
417,1.63,AgentPrefab,Agent,MoveState,Moving,Goal,20.00,0.00,20.00,0.15,0.00,0.15,0.15,0.00,0.15,DStar
418,1.64,AgentPrefab,Agent,MoveState,Moving,Goal,20.00,0.00,20.00,0.15,0.00,0.15,0.16,0.00,0.16,DStar
419,1.64,AgentPrefab,Agent,MoveState,Moving,Goal,20.00,0.00,20.00,0.16,0.00,0.16,0.17,0.00,0.17,DStar
420,1.64,AgentPrefab,Agent,MoveState,Moving,Goal,20.00,0.00,20.00,0.17,0.00,0.17,0.17,0.00,0.17,DStar
421,1.65,AgentPrefab,Agent,MoveState,Moving,Goal,20.00,0.00,20.00,0.17,0.00,0.17,0.18,0.00,0.18,DStar
422,1.65,AgentPrefab,Agent,MoveState,Moving,Goal,20.00,0.00,20.00,0.18,0.00,0.18,0.18,0.00,0.18,DStar
423,1.66,AgentPrefab,Agent,MoveState,Moving,Goal,20.00,0.00,20.00,0.18,0.00,0.18,0.19,0.00,0.19,DStar
424,1.66,AgentPrefab,Agent,MoveState,Moving,Goal,20.00,0.00,20.00,0.19,0.00,0.19,0.20,0.00,0.20,DStar
425,1.67,AgentPrefab,Agent,MoveState,Moving,Goal,20.00,0.00,20.00,0.20,0.00,0.20,0.20,0.00,0.20,DStar
426,1.67,AgentPrefab,Agent,MoveState,Moving,Goal,20.00,0.00,20.00,0.20,0.00,0.20,0.21,0.00,0.21,DStar
427,1.67,AgentPrefab,Agent,MoveState,Moving,Goal,20.00,0.00,20.00,0.21,0.00,0.21,0.21,0.00,0.21,DStar
428,1.68,AgentPrefab,Agent,MoveState,Moving,Goal,20.00,0.00,20.00,0.21,0.00,0.21,0.22,0.00,0.22,DStar
429,1.68,AgentPrefab,Agent,MoveState,Moving,Goal,20.00,0.00,20.00,0.22,0.00,0.22,0.23,0.00,0.23,DStar
430,1.69,AgentPrefab,Agent,MoveState,Moving,Goal,20.00,0.00,20.00,0.23,0.00,0.23,0.23,0.00,0.23,DStar
431,1.69,AgentPrefab,Agent,MoveState,Moving,Goal,20.00,0.00,20.00,0.23,0.00,0.23,0.24,0.00,0.24,DStar
432,1.70,AgentPrefab,Agent,MoveState,Moving,Goal,20.00,0.00,20.00,0.24,0.00,0.24,0.25,0.00,0.25,DStar
433,1.70,AgentPrefab,Agent,MoveState,Moving,Goal,20.00,0.00,20.00,0.25,0.00,0.25,0.25,0.00,0.25,DStar
434,1.70,AgentPrefab,Agent,MoveState,Moving,Goal,20.00,0.00,20.00,0.25,0.00,0.25,0.26,0.00,0.26,DStar
435,1.71,AgentPrefab,Agent,MoveState,Moving,Goal,20.00,0.00,20.00,0.26,0.00,0.26,0.26,0.00,0.26,DStar
436,1.71,AgentPrefab,Agent,MoveState,Moving,Goal,20.00,0.00,20.00,0.26,0.00,0.26,0.27,0.00,0.27,DStar
437,1.72,AgentPrefab,Agent,MoveState,Moving,Goal,20.00,0.00,20.00,0.27,0.00,0.27,0.28,0.00,0.28,DStar
438,1.72,AgentPrefab,Agent,MoveState,Moving,Goal,20.00,0.00,20.00,0.28,0.00,0.28,0.28,0.00,0.28,DStar
439,1.73,AgentPrefab,Agent,MoveState,Moving,Goal,20.00,0.00,20.00,0.28,0.00,0.28,0.29,0.00,0.29,DStar
440,1.73,AgentPrefab,Agent,MoveState,Moving,Goal,20.00,0.00,20.00,0.29,0.00,0.29,0.29,0.00,0.29,DStar
441,1.73,AgentPrefab,Agent,MoveState,Moving,Goal,20.00,0.00,20.00,0.29,0.00,0.29,0.30,0.00,0.30,DStar
442,1.74,AgentPrefab,Agent,MoveState,Moving,Goal,20.00,0.00,20.00,0.30,0.00,0.30,0.30,0.00,0.30,DStar
443,1.74,AgentPrefab,Agent,MoveState,Moving,Goal,20.00,0.00,20.00,0.30,0.00,0.30,0.31,0.00,0.31,DStar
444,1.75,AgentPrefab,Agent,MoveState,Moving,Goal,20.00,0.00,20.00,0.31,0.00,0.31,0.32,0.00,0.32,DStar
445,1.75,AgentPrefab,Agent,MoveState,Moving,Goal,20.00,0.00,20.00,0.32,0.00,0.32,0.32,0.00,0.32,DStar
446,1.76,AgentPrefab,Agent,MoveState,Moving,Goal,20.00,0.00,20.00,0.32,0.00,0.32,0.33,0.00,0.33,DStar
447,1.76,AgentPrefab,Agent,MoveState,Moving,Goal,20.00,0.00,20.00,0.33,0.00,0.33,0.34,0.00,0.34,DStar
448,1.76,AgentPrefab,Agent,MoveState,Moving,Goal,20.00,0.00,20.00,0.34,0.00,0.34,0.34,0.00,0.34,DStar
449,1.77,AgentPrefab,Agent,MoveState,Moving,Goal,20.00,0.00,20.00,0.34,0.00,0.34,0.35,0.00,0.35,DStar
450,1.77,AgentPrefab,Agent,MoveState,Moving,Goal,20.00,0.00,20.00,0.35,0.00,0.35,0.35,0.00,0.35,DStar
451,1.78,AgentPrefab,Agent,MoveState,Moving,Goal,20.00,0.00,20.00,0.35,0.00,0.35,0.36,0.00,0.36,DStar
452,1.78,AgentPrefab,Agent,MoveState,Moving,Goal,20.00,0.00,20.00,0.36,0.00,0.36,0.37,0.00,0.37,DStar
453,1.79,AgentPrefab,Agent,MoveState,Moving,Goal,20.00,0.00,20.00,0.37,0.00,0.37,0.37,0.00,0.37,DStar
454,1.79,AgentPrefab,Agent,MoveState,Moving,Goal,20.00,0.00,20.00,0.37,0.00,0.37,0.38,0.00,0.38,DStar
455,1.79,AgentPrefab,Agent,MoveState,Moving,Goal,20.00,0.00,20.00,0.38,0.00,0.38,0.38,0.00,0.38,DStar
456,1.80,AgentPrefab,Agent,MoveState,Moving,Goal,20.00,0.00,20.00,0.38,0.00,0.38,0.39,0.00,0.39,DStar
457,1.80,AgentPrefab,Agent,MoveState,Moving,Goal,20.00,0.00,20.00,0.39,0.00,0.39,0.40,0.00,0.40,DStar
458,1.81,AgentPrefab,Agent,MoveState,Moving,Goal,20.00,0.00,20.00,0.40,0.00,0.40,0.40,0.00,0.40,DStar
459,1.81,AgentPrefab,Agent,MoveState,Moving,Goal,20.00,0.00,20.00,0.40,0.00,0.40,0.41,0.00,0.41,DStar
460,1.81,AgentPrefab,Agent,MoveState,Moving,Goal,20.00,0.00,20.00,0.41,0.00,0.41,0.41,0.00,0.41,DStar
461,1.82,AgentPrefab,Agent,MoveState,Moving,Goal,20.00,0.00,20.00,0.41,0.00,0.41,0.42,0.00,0.42,DStar
462,1.82,AgentPrefab,Agent,MoveState,Moving,Goal,20.00,0.00,20.00,0.42,0.00,0.42,0.42,0.00,0.42,DStar
463,1.83,AgentPrefab,Agent,MoveState,Moving,Goal,20.00,0.00,20.00,0.42,0.00,0.42,0.43,0.00,0.43,DStar
464,1.83,AgentPrefab,Agent,MoveState,Moving,Goal,20.00,0.00,20.00,0.43,0.00,0.43,0.44,0.00,0.44,DStar
465,1.84,AgentPrefab,Agent,MoveState,Moving,Goal,20.00,0.00,20.00,0.44,0.00,0.44,0.44,0.00,0.44,DStar
466,1.84,AgentPrefab,Agent,MoveState,Moving,Goal,20.00,0.00,20.00,0.44,0.00,0.44,0.45,0.00,0.45,DStar
467,1.85,AgentPrefab,Agent,MoveState,Moving,Goal,20.00,0.00,20.00,0.45,0.00,0.45,0.46,0.00,0.46,DStar
468,1.85,AgentPrefab,Agent,MoveState,Moving,Goal,20.00,0.00,20.00,0.46,0.00,0.46,0.46,0.00,0.46,DStar
469,1.85,AgentPrefab,Agent,MoveState,Moving,Goal,20.00,0.00,20.00,0.46,0.00,0.46,0.47,0.00,0.47,DStar
470,1.86,AgentPrefab,Agent,MoveState,Moving,Goal,20.00,0.00,20.00,0.47,0.00,0.47,0.47,0.00,0.47,DStar
471,1.86,AgentPrefab,Agent,MoveState,Moving,Goal,20.00,0.00,20.00,0.47,0.00,0.47,0.48,0.00,0.48,DStar
472,1.87,AgentPrefab,Agent,MoveState,Moving,Goal,20.00,0.00,20.00,0.48,0.00,0.48,0.49,0.00,0.49,DStar
473,1.87,AgentPrefab,Agent,MoveState,Moving,Goal,20.00,0.00,20.00,0.49,0.00,0.49,0.49,0.00,0.49,DStar
474,1.88,AgentPrefab,Agent,MoveState,Moving,Goal,20.00,0.00,20.00,0.49,0.00,0.49,0.50,0.00,0.50,DStar
475,1.88,AgentPrefab,Agent,MoveState,Moving,Goal,20.00,0.00,20.00,0.50,0.00,0.50,0.51,0.00,0.51,DStar
476,1.88,AgentPrefab,Agent,MoveState,Moving,Goal,20.00,0.00,20.00,0.51,0.00,0.51,0.51,0.00,0.51,DStar
477,1.89,AgentPrefab,Agent,MoveState,Moving,Goal,20.00,0.00,20.00,0.51,0.00,0.51,0.52,0.00,0.52,DStar
478,1.89,AgentPrefab,Agent,MoveState,Moving,Goal,20.00,0.00,20.00,0.52,0.00,0.52,0.53,0.00,0.53,DStar
479,1.90,AgentPrefab,Agent,MoveState,Moving,Goal,20.00,0.00,20.00,0.53,0.00,0.53,0.53,0.00,0.53,DStar
480,1.90,AgentPrefab,Agent,MoveState,Moving,Goal,20.00,0.00,20.00,0.53,0.00,0.53,0.54,0.00,0.54,DStar
481,1.91,AgentPrefab,Agent,MoveState,Moving,Goal,20.00,0.00,20.00,0.54,0.00,0.54,0.54,0.00,0.54,DStar
482,1.91,AgentPrefab,Agent,MoveState,Moving,Goal,20.00,0.00,20.00,0.54,0.00,0.54,0.55,0.00,0.55,DStar
483,1.92,AgentPrefab,Agent,MoveState,Moving,Goal,20.00,0.00,20.00,0.55,0.00,0.55,0.56,0.00,0.56,DStar
484,1.92,AgentPrefab,Agent,MoveState,Moving,Goal,20.00,0.00,20.00,0.56,0.00,0.56,0.56,0.00,0.56,DStar
485,1.93,AgentPrefab,Agent,MoveState,Moving,Goal,20.00,0.00,20.00,0.56,0.00,0.56,0.57,0.00,0.57,DStar
486,1.93,AgentPrefab,Agent,MoveState,Moving,Goal,20.00,0.00,20.00,0.57,0.00,0.57,0.58,0.00,0.58,DStar
487,1.93,AgentPrefab,Agent,MoveState,Moving,Goal,20.00,0.00,20.00,0.58,0.00,0.58,0.58,0.00,0.58,DStar
488,1.94,AgentPrefab,Agent,MoveState,Moving,Goal,20.00,0.00,20.00,0.58,0.00,0.58,0.59,0.00,0.59,DStar
489,1.94,AgentPrefab,Agent,MoveState,Moving,Goal,20.00,0.00,20.00,0.59,0.00,0.59,0.59,0.00,0.59,DStar
490,1.95,AgentPrefab,Agent,MoveState,Moving,Goal,20.00,0.00,20.00,0.59,0.00,0.59,0.60,0.00,0.60,DStar
491,1.95,AgentPrefab,Agent,MoveState,Moving,Goal,20.00,0.00,20.00,0.60,0.00,0.60,0.61,0.00,0.61,DStar
492,1.96,AgentPrefab,Agent,MoveState,Moving,Goal,20.00,0.00,20.00,0.61,0.00,0.61,0.61,0.00,0.61,DStar
493,1.96,AgentPrefab,Agent,MoveState,Moving,Goal,20.00,0.00,20.00,0.61,0.00,0.61,0.62,0.00,0.62,DStar
494,1.96,AgentPrefab,Agent,MoveState,Moving,Goal,20.00,0.00,20.00,0.62,0.00,0.62,0.62,0.00,0.62,DStar
495,1.97,AgentPrefab,Agent,MoveState,Moving,Goal,20.00,0.00,20.00,0.62,0.00,0.62,0.63,0.00,0.63,DStar
496,1.97,AgentPrefab,Agent,MoveState,Moving,Goal,20.00,0.00,20.00,0.63,0.00,0.63,0.64,0.00,0.64,DStar
497,1.98,AgentPrefab,Agent,MoveState,Moving,Goal,20.00,0.00,20.00,0.64,0.00,0.64,0.64,0.00,0.64,DStar
498,1.98,AgentPrefab,Agent,MoveState,Moving,Goal,20.00,0.00,20.00,0.64,0.00,0.64,0.65,0.00,0.65,DStar
499,1.99,AgentPrefab,Agent,MoveState,Moving,Goal,20.00,0.00,20.00,0.65,0.00,0.65,0.66,0.00,0.66,DStar
500,1.99,AgentPrefab,Agent,MoveState,Moving,Goal,20.00,0.00,20.00,0.66,0.00,0.66,0.66,0.00,0.66,DStar
501,2.00,AgentPrefab,Agent,MoveState,Moving,Goal,20.00,0.00,20.00,0.66,0.00,0.66,0.67,0.00,0.67,DStar
502,2.00,AgentPrefab,Agent,MoveState,Moving,Goal,20.00,0.00,20.00,0.67,0.00,0.67,0.67,0.00,0.67,DStar
503,2.01,AgentPrefab,Agent,MoveState,Moving,Goal,20.00,0.00,20.00,0.67,0.00,0.67,0.68,0.00,0.68,DStar
504,2.01,AgentPrefab,Agent,MoveState,Moving,Goal,20.00,0.00,20.00,0.68,0.00,0.68,0.69,0.00,0.69,DStar
505,2.02,AgentPrefab,Agent,MoveState,Moving,Goal,20.00,0.00,20.00,0.69,0.00,0.69,0.69,0.00,0.69,DStar
506,2.02,AgentPrefab,Agent,MoveState,Moving,Goal,20.00,0.00,20.00,0.69,0.00,0.69,0.70,0.00,0.70,DStar
507,2.03,AgentPrefab,Agent,MoveState,Moving,Goal,20.00,0.00,20.00,0.70,0.00,0.70,0.70,0.00,0.70,DStar
508,2.03,AgentPrefab,Agent,MoveState,Moving,Goal,20.00,0.00,20.00,0.70,0.00,0.70,0.71,0.00,0.71,DStar
509,2.03,AgentPrefab,Agent,MoveState,Moving,Goal,20.00,0.00,20.00,0.71,0.00,0.71,0.72,0.00,0.72,DStar
510,2.04,AgentPrefab,Agent,MoveState,Moving,Goal,20.00,0.00,20.00,0.72,0.00,0.72,0.72,0.00,0.72,DStar
511,2.04,AgentPrefab,Agent,MoveState,Moving,Goal,20.00,0.00,20.00,0.72,0.00,0.72,0.73,0.00,0.73,DStar
512,2.05,AgentPrefab,Agent,MoveState,Moving,Goal,20.00,0.00,20.00,0.73,0.00,0.73,0.74,0.00,0.74,DStar
513,2.05,AgentPrefab,Agent,MoveState,Moving,Goal,20.00,0.00,20.00,0.74,0.00,0.74,0.74,0.00,0.74,DStar
514,2.06,AgentPrefab,Agent,MoveState,Moving,Goal,20.00,0.00,20.00,0.74,0.00,0.74,0.75,0.00,0.75,DStar
515,2.06,AgentPrefab,Agent,MoveState,Moving,Goal,20.00,0.00,20.00,0.75,0.00,0.75,0.75,0.00,0.75,DStar
516,2.06,AgentPrefab,Agent,MoveState,Moving,Goal,20.00,0.00,20.00,0.75,0.00,0.75,0.76,0.00,0.76,DStar
517,2.07,AgentPrefab,Agent,MoveState,Moving,Goal,20.00,0.00,20.00,0.76,0.00,0.76,0.77,0.00,0.77,DStar
518,2.07,AgentPrefab,Agent,MoveState,Moving,Goal,20.00,0.00,20.00,0.77,0.00,0.77,0.77,0.00,0.77,DStar
519,2.08,AgentPrefab,Agent,MoveState,Moving,Goal,20.00,0.00,20.00,0.77,0.00,0.77,0.78,0.00,0.78,DStar
520,2.08,AgentPrefab,Agent,MoveState,Moving,Goal,20.00,0.00,20.00,0.78,0.00,0.78,0.78,0.00,0.78,DStar
521,2.08,AgentPrefab,Agent,MoveState,Moving,Goal,20.00,0.00,20.00,0.78,0.00,0.78,0.79,0.00,0.79,DStar
522,2.09,AgentPrefab,Agent,MoveState,Moving,Goal,20.00,0.00,20.00,0.79,0.00,0.79,0.80,0.00,0.80,DStar
523,2.09,AgentPrefab,Agent,MoveState,Moving,Goal,20.00,0.00,20.00,0.80,0.00,0.80,0.80,0.00,0.80,DStar
524,2.10,AgentPrefab,Agent,MoveState,Moving,Goal,20.00,0.00,20.00,0.80,0.00,0.80,0.81,0.00,0.81,DStar
525,2.10,AgentPrefab,Agent,MoveState,Moving,Goal,20.00,0.00,20.00,0.81,0.00,0.81,0.81,0.00,0.81,DStar
526,2.11,AgentPrefab,Agent,MoveState,Moving,Goal,20.00,0.00,20.00,0.81,0.00,0.81,0.82,0.00,0.82,DStar
527,2.11,AgentPrefab,Agent,MoveState,Moving,Goal,20.00,0.00,20.00,0.82,0.00,0.82,0.83,0.00,0.83,DStar
528,2.12,AgentPrefab,Agent,MoveState,Moving,Goal,20.00,0.00,20.00,0.83,0.00,0.83,0.83,0.00,0.83,DStar
529,2.12,AgentPrefab,Agent,MoveState,Moving,Goal,20.00,0.00,20.00,0.83,0.00,0.83,0.84,0.00,0.84,DStar
530,2.12,AgentPrefab,Agent,MoveState,Moving,Goal,20.00,0.00,20.00,0.84,0.00,0.84,0.84,0.00,0.84,DStar
531,2.13,AgentPrefab,Agent,MoveState,Moving,Goal,20.00,0.00,20.00,0.84,0.00,0.84,0.85,0.00,0.85,DStar
532,2.13,AgentPrefab,Agent,MoveState,Moving,Goal,20.00,0.00,20.00,0.85,0.00,0.85,0.86,0.00,0.86,DStar
533,2.14,AgentPrefab,Agent,MoveState,Moving,Goal,20.00,0.00,20.00,0.86,0.00,0.86,0.86,0.00,0.86,DStar
534,2.14,AgentPrefab,Agent,MoveState,Moving,Goal,20.00,0.00,20.00,0.86,0.00,0.86,0.87,0.00,0.87,DStar
535,2.14,AgentPrefab,Agent,MoveState,Moving,Goal,20.00,0.00,20.00,0.87,0.00,0.87,0.87,0.00,0.87,DStar
536,2.15,AgentPrefab,Agent,MoveState,Moving,Goal,20.00,0.00,20.00,0.87,0.00,0.87,0.88,0.00,0.88,DStar
537,2.15,AgentPrefab,Agent,MoveState,Moving,Goal,20.00,0.00,20.00,0.88,0.00,0.88,0.89,0.00,0.89,DStar
538,2.16,AgentPrefab,Agent,MoveState,Moving,Goal,20.00,0.00,20.00,0.89,0.00,0.89,0.89,0.00,0.89,DStar
539,2.16,AgentPrefab,Agent,MoveState,Moving,Goal,20.00,0.00,20.00,0.89,0.00,0.89,0.90,0.00,0.90,DStar
540,2.17,AgentPrefab,Agent,MoveState,Moving,Goal,20.00,0.00,20.00,0.90,0.00,0.90,0.91,0.00,0.91,DStar
541,2.17,AgentPrefab,Agent,MoveState,Moving,Goal,20.00,0.00,20.00,0.91,0.00,0.91,0.92,0.00,0.92,DStar
542,2.18,AgentPrefab,Agent,MoveState,Moving,Goal,20.00,0.00,20.00,0.92,0.00,0.92,0.92,0.00,0.92,DStar
543,2.18,AgentPrefab,Agent,MoveState,Moving,Goal,20.00,0.00,20.00,0.92,0.00,0.92,0.93,0.00,0.93,DStar
544,2.19,AgentPrefab,Agent,MoveState,Moving,Goal,20.00,0.00,20.00,0.93,0.00,0.93,0.94,0.00,0.94,DStar
545,2.19,AgentPrefab,Agent,MoveState,Moving,Goal,20.00,0.00,20.00,0.94,0.00,0.94,0.94,0.00,0.94,DStar
546,2.20,AgentPrefab,Agent,MoveState,Moving,Goal,20.00,0.00,20.00,0.94,0.00,0.94,0.95,0.00,0.95,DStar
547,2.20,AgentPrefab,Agent,MoveState,Moving,Goal,20.00,0.00,20.00,0.95,0.00,0.95,0.95,0.00,0.95,DStar
548,2.21,AgentPrefab,Agent,MoveState,Moving,Goal,20.00,0.00,20.00,0.95,0.00,0.95,0.96,0.00,0.96,DStar
549,2.21,AgentPrefab,Agent,MoveState,Moving,Goal,20.00,0.00,20.00,0.96,0.00,0.96,0.97,0.00,0.97,DStar
550,2.21,AgentPrefab,Agent,MoveState,Moving,Goal,20.00,0.00,20.00,0.97,0.00,0.97,0.97,0.00,0.97,DStar
551,2.22,AgentPrefab,Agent,MoveState,Moving,Goal,20.00,0.00,20.00,0.97,0.00,0.97,0.98,0.00,0.98,DStar
552,2.22,AgentPrefab,Agent,MoveState,Moving,Goal,20.00,0.00,20.00,0.98,0.00,0.98,0.98,0.00,0.98,DStar
553,2.23,AgentPrefab,Agent,MoveState,Moving,Goal,20.00,0.00,20.00,0.98,0.00,0.98,0.99,0.00,0.99,DStar
554,2.23,AgentPrefab,Agent,MoveState,Moving,Goal,20.00,0.00,20.00,0.99,0.00,0.99,1.00,0.00,1.00,DStar
555,2.23,AgentPrefab,Agent,MoveState,Moving,Goal,20.00,0.00,20.00,1.00,0.00,1.00,1.00,0.00,1.00,DStar
556,2.24,AgentPrefab,Agent,MoveState,Moving,Goal,20.00,0.00,20.00,1.00,0.00,1.00,1.01,0.00,1.01,DStar
557,2.24,AgentPrefab,Agent,MoveState,Moving,Goal,20.00,0.00,20.00,1.01,0.00,1.01,1.01,0.00,1.01,DStar
558,2.25,AgentPrefab,Agent,MoveState,Moving,Goal,20.00,0.00,20.00,1.01,0.00,1.01,1.02,0.00,1.02,DStar
559,2.25,AgentPrefab,Agent,MoveState,Moving,Goal,20.00,0.00,20.00,1.02,0.00,1.02,1.03,0.00,1.03,DStar
560,2.26,AgentPrefab,Agent,MoveState,Moving,Goal,20.00,0.00,20.00,1.03,0.00,1.03,1.03,0.00,1.03,DStar
561,2.26,AgentPrefab,Agent,MoveState,Moving,Goal,20.00,0.00,20.00,1.03,0.00,1.03,1.04,0.00,1.04,DStar
562,2.27,AgentPrefab,Agent,MoveState,Moving,Goal,20.00,0.00,20.00,1.04,0.00,1.04,1.04,0.00,1.04,DStar
563,2.27,AgentPrefab,Agent,MoveState,Moving,Goal,20.00,0.00,20.00,1.04,0.00,1.04,1.05,0.00,1.05,DStar
564,2.27,AgentPrefab,Agent,MoveState,Moving,Goal,20.00,0.00,20.00,1.05,0.00,1.05,1.06,0.00,1.06,DStar
565,2.28,AgentPrefab,Agent,MoveState,Moving,Goal,20.00,0.00,20.00,1.06,0.00,1.06,1.06,0.00,1.06,DStar
566,2.28,AgentPrefab,Agent,MoveState,Moving,Goal,20.00,0.00,20.00,1.06,0.00,1.06,1.07,0.00,1.07,DStar
567,2.29,AgentPrefab,Agent,MoveState,Moving,Goal,20.00,0.00,20.00,1.07,0.00,1.07,1.08,0.00,1.08,DStar
568,2.29,AgentPrefab,Agent,MoveState,Moving,Goal,20.00,0.00,20.00,1.08,0.00,1.08,1.08,0.00,1.08,DStar
569,2.30,AgentPrefab,Agent,MoveState,Moving,Goal,20.00,0.00,20.00,1.08,0.00,1.08,1.09,0.00,1.09,DStar
570,2.30,AgentPrefab,Agent,MoveState,Moving,Goal,20.00,0.00,20.00,1.09,0.00,1.09,1.09,0.00,1.09,DStar
571,2.30,AgentPrefab,Agent,MoveState,Moving,Goal,20.00,0.00,20.00,1.09,0.00,1.09,1.10,0.00,1.10,DStar
572,2.31,AgentPrefab,Agent,MoveState,Moving,Goal,20.00,0.00,20.00,1.10,0.00,1.10,1.10,0.00,1.10,DStar
573,2.31,AgentPrefab,Agent,MoveState,Moving,Goal,20.00,0.00,20.00,1.10,0.00,1.10,1.11,0.00,1.11,DStar
574,2.32,AgentPrefab,Agent,MoveState,Moving,Goal,20.00,0.00,20.00,1.11,0.00,1.11,1.12,0.00,1.12,DStar
575,2.32,AgentPrefab,Agent,MoveState,Moving,Goal,20.00,0.00,20.00,1.12,0.00,1.12,1.12,0.00,1.12,DStar
576,2.32,AgentPrefab,Agent,MoveState,Moving,Goal,20.00,0.00,20.00,1.12,0.00,1.12,1.13,0.00,1.13,DStar
577,2.33,AgentPrefab,Agent,MoveState,Moving,Goal,20.00,0.00,20.00,1.13,0.00,1.13,1.13,0.00,1.13,DStar
578,2.33,AgentPrefab,Agent,MoveState,Moving,Goal,20.00,0.00,20.00,1.13,0.00,1.13,1.14,0.00,1.14,DStar
579,2.34,AgentPrefab,Agent,MoveState,Moving,Goal,20.00,0.00,20.00,1.14,0.00,1.14,1.15,0.00,1.15,DStar
580,2.34,AgentPrefab,Agent,MoveState,Moving,Goal,20.00,0.00,20.00,1.15,0.00,1.15,1.15,0.00,1.15,DStar
581,2.35,AgentPrefab,Agent,MoveState,Moving,Goal,20.00,0.00,20.00,1.15,0.00,1.15,1.16,0.00,1.16,DStar
582,2.35,AgentPrefab,Agent,MoveState,Moving,Goal,20.00,0.00,20.00,1.16,0.00,1.16,1.16,0.00,1.16,DStar
583,2.35,AgentPrefab,Agent,MoveState,Moving,Goal,20.00,0.00,20.00,1.16,0.00,1.16,1.17,0.00,1.17,DStar
584,2.36,AgentPrefab,Agent,MoveState,Moving,Goal,20.00,0.00,20.00,1.17,0.00,1.17,1.18,0.00,1.18,DStar
585,2.36,AgentPrefab,Agent,MoveState,Moving,Goal,20.00,0.00,20.00,1.18,0.00,1.18,1.18,0.00,1.18,DStar
586,2.37,AgentPrefab,Agent,MoveState,Moving,Goal,20.00,0.00,20.00,1.18,0.00,1.18,1.19,0.00,1.19,DStar
587,2.37,AgentPrefab,Agent,MoveState,Moving,Goal,20.00,0.00,20.00,1.19,0.00,1.19,1.19,0.00,1.19,DStar
588,2.38,AgentPrefab,Agent,MoveState,Moving,Goal,20.00,0.00,20.00,1.19,0.00,1.19,1.20,0.00,1.20,DStar
589,2.38,AgentPrefab,Agent,MoveState,Moving,Goal,20.00,0.00,20.00,1.20,0.00,1.20,1.21,0.00,1.21,DStar
590,2.38,AgentPrefab,Agent,MoveState,Moving,Goal,20.00,0.00,20.00,1.21,0.00,1.21,1.21,0.00,1.21,DStar
591,2.39,AgentPrefab,Agent,MoveState,Moving,Goal,20.00,0.00,20.00,1.21,0.00,1.21,1.22,0.00,1.22,DStar
592,2.39,AgentPrefab,Agent,MoveState,Moving,Goal,20.00,0.00,20.00,1.22,0.00,1.22,1.22,0.00,1.22,DStar
593,2.40,AgentPrefab,Agent,MoveState,Moving,Goal,20.00,0.00,20.00,1.22,0.00,1.22,1.23,0.00,1.23,DStar
594,2.40,AgentPrefab,Agent,MoveState,Moving,Goal,20.00,0.00,20.00,1.23,0.00,1.23,1.23,0.00,1.23,DStar
595,2.40,AgentPrefab,Agent,MoveState,Moving,Goal,20.00,0.00,20.00,1.23,0.00,1.23,1.24,0.00,1.24,DStar
596,2.41,AgentPrefab,Agent,MoveState,Moving,Goal,20.00,0.00,20.00,1.24,0.00,1.24,1.25,0.00,1.25,DStar
597,2.41,AgentPrefab,Agent,MoveState,Moving,Goal,20.00,0.00,20.00,1.25,0.00,1.25,1.25,0.00,1.25,DStar
598,2.42,AgentPrefab,Agent,MoveState,Moving,Goal,20.00,0.00,20.00,1.25,0.00,1.25,1.26,0.00,1.26,DStar
599,2.42,AgentPrefab,Agent,MoveState,Moving,Goal,20.00,0.00,20.00,1.26,0.00,1.26,1.27,0.00,1.27,DStar
600,2.43,AgentPrefab,Agent,MoveState,Moving,Goal,20.00,0.00,20.00,1.27,0.00,1.27,1.27,0.00,1.27,DStar
601,2.43,AgentPrefab,Agent,MoveState,Moving,Goal,20.00,0.00,20.00,1.27,0.00,1.27,1.28,0.00,1.28,DStar
602,2.43,AgentPrefab,Agent,MoveState,Moving,Goal,20.00,0.00,20.00,1.28,0.00,1.28,1.28,0.00,1.28,DStar
603,2.44,AgentPrefab,Agent,MoveState,Moving,Goal,20.00,0.00,20.00,1.28,0.00,1.28,1.29,0.00,1.29,DStar
604,2.44,AgentPrefab,Agent,MoveState,Moving,Goal,20.00,0.00,20.00,1.29,0.00,1.29,1.30,0.00,1.30,DStar
605,2.45,AgentPrefab,Agent,MoveState,Moving,Goal,20.00,0.00,20.00,1.30,0.00,1.30,1.30,0.00,1.30,DStar
606,2.45,AgentPrefab,Agent,MoveState,Moving,Goal,20.00,0.00,20.00,1.30,0.00,1.30,1.31,0.00,1.31,DStar
607,2.46,AgentPrefab,Agent,MoveState,Moving,Goal,20.00,0.00,20.00,1.31,0.00,1.31,1.32,0.00,1.32,DStar
608,2.46,AgentPrefab,Agent,MoveState,Moving,Goal,20.00,0.00,20.00,1.32,0.00,1.32,1.32,0.00,1.32,DStar
609,2.47,AgentPrefab,Agent,MoveState,Moving,Goal,20.00,0.00,20.00,1.32,0.00,1.32,1.33,0.00,1.33,DStar
610,2.47,AgentPrefab,Agent,MoveState,Moving,Goal,20.00,0.00,20.00,1.33,0.00,1.33,1.33,0.00,1.33,DStar
611,2.47,AgentPrefab,Agent,MoveState,Moving,Goal,20.00,0.00,20.00,1.33,0.00,1.33,1.34,0.00,1.34,DStar
612,2.48,AgentPrefab,Agent,MoveState,Moving,Goal,20.00,0.00,20.00,1.34,0.00,1.34,1.35,0.00,1.35,DStar
613,2.48,AgentPrefab,Agent,MoveState,Moving,Goal,20.00,0.00,20.00,1.35,0.00,1.35,1.35,0.00,1.35,DStar
614,2.49,AgentPrefab,Agent,MoveState,Moving,Goal,20.00,0.00,20.00,1.35,0.00,1.35,1.36,0.00,1.36,DStar
615,2.49,AgentPrefab,Agent,MoveState,Moving,Goal,20.00,0.00,20.00,1.36,0.00,1.36,1.36,0.00,1.36,DStar
616,2.49,AgentPrefab,Agent,MoveState,Moving,Goal,20.00,0.00,20.00,1.36,0.00,1.36,1.37,0.00,1.37,DStar
617,2.50,AgentPrefab,Agent,MoveState,Moving,Goal,20.00,0.00,20.00,1.37,0.00,1.37,1.37,0.00,1.37,DStar
618,2.50,AgentPrefab,Agent,MoveState,Moving,Goal,20.00,0.00,20.00,1.37,0.00,1.37,1.38,0.00,1.38,DStar
619,2.51,AgentPrefab,Agent,MoveState,Moving,Goal,20.00,0.00,20.00,1.38,0.00,1.38,1.39,0.00,1.39,DStar
620,2.51,AgentPrefab,Agent,MoveState,Moving,Goal,20.00,0.00,20.00,1.39,0.00,1.39,1.39,0.00,1.39,DStar
621,2.52,AgentPrefab,Agent,MoveState,Moving,Goal,20.00,0.00,20.00,1.39,0.00,1.39,1.40,0.00,1.40,DStar
622,2.52,AgentPrefab,Agent,MoveState,Moving,Goal,20.00,0.00,20.00,1.40,0.00,1.40,1.40,0.00,1.40,DStar
623,2.52,AgentPrefab,Agent,MoveState,Moving,Goal,20.00,0.00,20.00,1.40,0.00,1.40,1.41,0.00,1.41,DStar
624,2.53,AgentPrefab,Agent,MoveState,Moving,Goal,20.00,0.00,20.00,1.41,0.00,1.41,1.42,0.00,1.42,DStar
625,2.53,AgentPrefab,Agent,MoveState,Moving,Goal,20.00,0.00,20.00,1.42,0.00,1.42,1.42,0.00,1.42,DStar
626,2.54,AgentPrefab,Agent,MoveState,Moving,Goal,20.00,0.00,20.00,1.42,0.00,1.42,1.43,0.00,1.43,DStar
627,2.54,AgentPrefab,Agent,MoveState,Moving,Goal,20.00,0.00,20.00,1.43,0.00,1.43,1.44,0.00,1.44,DStar
628,2.55,AgentPrefab,Agent,MoveState,Moving,Goal,20.00,0.00,20.00,1.44,0.00,1.44,1.44,0.00,1.44,DStar
629,2.55,AgentPrefab,Agent,MoveState,Moving,Goal,20.00,0.00,20.00,1.44,0.00,1.44,1.45,0.00,1.45,DStar
630,2.55,AgentPrefab,Agent,MoveState,Moving,Goal,20.00,0.00,20.00,1.45,0.00,1.45,1.45,0.00,1.45,DStar
631,2.56,AgentPrefab,Agent,MoveState,Moving,Goal,20.00,0.00,20.00,1.45,0.00,1.45,1.46,0.00,1.46,DStar
632,2.56,AgentPrefab,Agent,MoveState,Moving,Goal,20.00,0.00,20.00,1.46,0.00,1.46,1.46,0.00,1.46,DStar
633,2.57,AgentPrefab,Agent,MoveState,Moving,Goal,20.00,0.00,20.00,1.46,0.00,1.46,1.47,0.00,1.47,DStar
634,2.57,AgentPrefab,Agent,MoveState,Moving,Goal,20.00,0.00,20.00,1.47,0.00,1.47,1.48,0.00,1.48,DStar
635,2.57,AgentPrefab,Agent,MoveState,Moving,Goal,20.00,0.00,20.00,1.48,0.00,1.48,1.48,0.00,1.48,DStar
636,2.58,AgentPrefab,Agent,MoveState,Moving,Goal,20.00,0.00,20.00,1.48,0.00,1.48,1.49,0.00,1.49,DStar
637,2.58,AgentPrefab,Agent,MoveState,Moving,Goal,20.00,0.00,20.00,1.49,0.00,1.49,1.50,0.00,1.50,DStar
638,2.59,AgentPrefab,Agent,MoveState,Moving,Goal,20.00,0.00,20.00,1.50,0.00,1.50,1.50,0.00,1.50,DStar
639,2.59,AgentPrefab,Agent,MoveState,Moving,Goal,20.00,0.00,20.00,1.50,0.00,1.50,1.51,0.00,1.51,DStar
640,2.60,AgentPrefab,Agent,MoveState,Moving,Goal,20.00,0.00,20.00,1.51,0.00,1.51,1.51,0.00,1.51,DStar
641,2.60,AgentPrefab,Agent,MoveState,Moving,Goal,20.00,0.00,20.00,1.51,0.00,1.51,1.52,0.00,1.52,DStar
642,2.61,AgentPrefab,Agent,MoveState,Moving,Goal,20.00,0.00,20.00,1.52,0.00,1.52,1.53,0.00,1.53,DStar
643,2.61,AgentPrefab,Agent,MoveState,Moving,Goal,20.00,0.00,20.00,1.53,0.00,1.53,1.53,0.00,1.53,DStar
644,2.61,AgentPrefab,Agent,MoveState,Moving,Goal,20.00,0.00,20.00,1.53,0.00,1.53,1.54,0.00,1.54,DStar
645,2.62,AgentPrefab,Agent,MoveState,Moving,Goal,20.00,0.00,20.00,1.54,0.00,1.54,1.54,0.00,1.54,DStar
646,2.62,AgentPrefab,Agent,MoveState,Moving,Goal,20.00,0.00,20.00,1.54,0.00,1.54,1.55,0.00,1.55,DStar
647,2.63,AgentPrefab,Agent,MoveState,Moving,Goal,20.00,0.00,20.00,1.55,0.00,1.55,1.56,0.00,1.56,DStar
648,2.63,AgentPrefab,Agent,MoveState,Moving,Goal,20.00,0.00,20.00,1.56,0.00,1.56,1.56,0.00,1.56,DStar
649,2.63,AgentPrefab,Agent,MoveState,Moving,Goal,20.00,0.00,20.00,1.56,0.00,1.56,1.57,0.00,1.57,DStar
650,2.64,AgentPrefab,Agent,MoveState,Moving,Goal,20.00,0.00,20.00,1.57,0.00,1.57,1.57,0.00,1.57,DStar
651,2.64,AgentPrefab,Agent,MoveState,Moving,Goal,20.00,0.00,20.00,1.57,0.00,1.57,1.58,0.00,1.58,DStar
652,2.65,AgentPrefab,Agent,MoveState,Moving,Goal,20.00,0.00,20.00,1.58,0.00,1.58,1.58,0.00,1.58,DStar
653,2.65,AgentPrefab,Agent,MoveState,Moving,Goal,20.00,0.00,20.00,1.58,0.00,1.58,1.59,0.00,1.59,DStar
654,2.66,AgentPrefab,Agent,MoveState,Moving,Goal,20.00,0.00,20.00,1.59,0.00,1.59,1.60,0.00,1.60,DStar
655,2.66,AgentPrefab,Agent,MoveState,Moving,Goal,20.00,0.00,20.00,1.60,0.00,1.60,1.60,0.00,1.60,DStar
656,2.66,AgentPrefab,Agent,MoveState,Moving,Goal,20.00,0.00,20.00,1.60,0.00,1.60,1.61,0.00,1.61,DStar
657,2.67,AgentPrefab,Agent,MoveState,Moving,Goal,20.00,0.00,20.00,1.61,0.00,1.61,1.62,0.00,1.62,DStar
658,2.67,AgentPrefab,Agent,MoveState,Moving,Goal,20.00,0.00,20.00,1.62,0.00,1.62,1.62,0.00,1.62,DStar
659,2.68,AgentPrefab,Agent,MoveState,Moving,Goal,20.00,0.00,20.00,1.62,0.00,1.62,1.63,0.00,1.63,DStar
660,2.68,AgentPrefab,Agent,MoveState,Moving,Goal,20.00,0.00,20.00,1.63,0.00,1.63,1.63,0.00,1.63,DStar
661,2.69,AgentPrefab,Agent,MoveState,Moving,Goal,20.00,0.00,20.00,1.63,0.00,1.63,1.64,0.00,1.64,DStar
662,2.69,AgentPrefab,Agent,MoveState,Moving,Goal,20.00,0.00,20.00,1.64,0.00,1.64,1.64,0.00,1.64,DStar
663,2.69,AgentPrefab,Agent,MoveState,Moving,Goal,20.00,0.00,20.00,1.64,0.00,1.64,1.65,0.00,1.65,DStar
664,2.70,AgentPrefab,Agent,MoveState,Moving,Goal,20.00,0.00,20.00,1.65,0.00,1.65,1.66,0.00,1.66,DStar
665,2.71,AgentPrefab,Agent,MoveState,Moving,Goal,20.00,0.00,20.00,1.66,0.00,1.66,1.67,0.00,1.67,DStar
666,2.71,AgentPrefab,Agent,MoveState,Moving,Goal,20.00,0.00,20.00,1.67,0.00,1.67,1.68,0.00,1.68,DStar
667,2.71,AgentPrefab,Agent,MoveState,Moving,Goal,20.00,0.00,20.00,1.68,0.00,1.68,1.68,0.00,1.68,DStar
668,2.72,AgentPrefab,Agent,MoveState,Moving,Goal,20.00,0.00,20.00,1.68,0.00,1.68,1.69,0.00,1.69,DStar
669,2.72,AgentPrefab,Agent,MoveState,Moving,Goal,20.00,0.00,20.00,1.69,0.00,1.69,1.70,0.00,1.70,DStar
670,2.73,AgentPrefab,Agent,MoveState,Moving,Goal,20.00,0.00,20.00,1.70,0.00,1.70,1.70,0.00,1.70,DStar
671,2.73,AgentPrefab,Agent,MoveState,Moving,Goal,20.00,0.00,20.00,1.70,0.00,1.70,1.71,0.00,1.71,DStar
672,2.73,AgentPrefab,Agent,MoveState,Moving,Goal,20.00,0.00,20.00,1.71,0.00,1.71,1.71,0.00,1.71,DStar
673,2.74,AgentPrefab,Agent,MoveState,Moving,Goal,20.00,0.00,20.00,1.71,0.00,1.71,1.72,0.00,1.72,DStar
674,2.74,AgentPrefab,Agent,MoveState,Moving,Goal,20.00,0.00,20.00,1.72,0.00,1.72,1.73,0.00,1.73,DStar
675,2.75,AgentPrefab,Agent,MoveState,Moving,Goal,20.00,0.00,20.00,1.73,0.00,1.73,1.73,0.00,1.73,DStar
676,2.75,AgentPrefab,Agent,MoveState,Moving,Goal,20.00,0.00,20.00,1.73,0.00,1.73,1.74,0.00,1.74,DStar
677,2.76,AgentPrefab,Agent,MoveState,Moving,Goal,20.00,0.00,20.00,1.74,0.00,1.74,1.74,0.00,1.74,DStar
678,2.76,AgentPrefab,Agent,MoveState,Moving,Goal,20.00,0.00,20.00,1.74,0.00,1.74,1.75,0.00,1.75,DStar
679,2.76,AgentPrefab,Agent,MoveState,Moving,Goal,20.00,0.00,20.00,1.75,0.00,1.75,1.76,0.00,1.76,DStar
680,2.77,AgentPrefab,Agent,MoveState,Moving,Goal,20.00,0.00,20.00,1.76,0.00,1.76,1.76,0.00,1.76,DStar
681,2.77,AgentPrefab,Agent,MoveState,Moving,Goal,20.00,0.00,20.00,1.76,0.00,1.76,1.77,0.00,1.77,DStar
682,2.78,AgentPrefab,Agent,MoveState,Moving,Goal,20.00,0.00,20.00,1.77,0.00,1.77,1.78,0.00,1.78,DStar
683,2.78,AgentPrefab,Agent,MoveState,Moving,Goal,20.00,0.00,20.00,1.78,0.00,1.78,1.78,0.00,1.78,DStar
684,2.79,AgentPrefab,Agent,MoveState,Moving,Goal,20.00,0.00,20.00,1.78,0.00,1.78,1.79,0.00,1.79,DStar
685,2.79,AgentPrefab,Agent,MoveState,Moving,Goal,20.00,0.00,20.00,1.79,0.00,1.79,1.79,0.00,1.79,DStar
686,2.79,AgentPrefab,Agent,MoveState,Moving,Goal,20.00,0.00,20.00,1.79,0.00,1.79,1.80,0.00,1.80,DStar
687,2.80,AgentPrefab,Agent,MoveState,Moving,Goal,20.00,0.00,20.00,1.80,0.00,1.80,1.80,0.00,1.80,DStar
688,2.80,AgentPrefab,Agent,MoveState,Moving,Goal,20.00,0.00,20.00,1.80,0.00,1.80,1.81,0.00,1.81,DStar
689,2.81,AgentPrefab,Agent,MoveState,Moving,Goal,20.00,0.00,20.00,1.81,0.00,1.81,1.82,0.00,1.82,DStar
690,2.81,AgentPrefab,Agent,MoveState,Moving,Goal,20.00,0.00,20.00,1.82,0.00,1.82,1.82,0.00,1.82,DStar
691,2.82,AgentPrefab,Agent,MoveState,Moving,Goal,20.00,0.00,20.00,1.82,0.00,1.82,1.83,0.00,1.83,DStar
692,2.82,AgentPrefab,Agent,MoveState,Moving,Goal,20.00,0.00,20.00,1.83,0.00,1.83,1.83,0.00,1.83,DStar
693,2.82,AgentPrefab,Agent,MoveState,Moving,Goal,20.00,0.00,20.00,1.83,0.00,1.83,1.84,0.00,1.84,DStar
694,2.83,AgentPrefab,Agent,MoveState,Moving,Goal,20.00,0.00,20.00,1.84,0.00,1.84,1.85,0.00,1.85,DStar
695,2.83,AgentPrefab,Agent,MoveState,Moving,Goal,20.00,0.00,20.00,1.85,0.00,1.85,1.85,0.00,1.85,DStar
696,2.84,AgentPrefab,Agent,MoveState,Moving,Goal,20.00,0.00,20.00,1.85,0.00,1.85,1.86,0.00,1.86,DStar
697,2.84,AgentPrefab,Agent,MoveState,Moving,Goal,20.00,0.00,20.00,1.86,0.00,1.86,1.86,0.00,1.86,DStar
698,2.85,AgentPrefab,Agent,MoveState,Moving,Goal,20.00,0.00,20.00,1.86,0.00,1.86,1.87,0.00,1.87,DStar
699,2.85,AgentPrefab,Agent,MoveState,Moving,Goal,20.00,0.00,20.00,1.87,0.00,1.87,1.88,0.00,1.88,DStar
700,2.85,AgentPrefab,Agent,MoveState,Moving,Goal,20.00,0.00,20.00,1.88,0.00,1.88,1.88,0.00,1.88,DStar
701,2.86,AgentPrefab,Agent,MoveState,Moving,Goal,20.00,0.00,20.00,1.88,0.00,1.88,1.89,0.00,1.89,DStar
702,2.86,AgentPrefab,Agent,MoveState,Moving,Goal,20.00,0.00,20.00,1.89,0.00,1.89,1.90,0.00,1.90,DStar
703,2.87,AgentPrefab,Agent,MoveState,Moving,Goal,20.00,0.00,20.00,1.90,0.00,1.90,1.90,0.00,1.90,DStar
704,2.87,AgentPrefab,Agent,MoveState,Moving,Goal,20.00,0.00,20.00,1.90,0.00,1.90,1.91,0.00,1.91,DStar
705,2.88,AgentPrefab,Agent,MoveState,Moving,Goal,20.00,0.00,20.00,1.91,0.00,1.91,1.91,0.00,1.91,DStar
706,2.88,AgentPrefab,Agent,MoveState,Moving,Goal,20.00,0.00,20.00,1.91,0.00,1.91,1.92,0.00,1.92,DStar
707,2.88,AgentPrefab,Agent,MoveState,Moving,Goal,20.00,0.00,20.00,1.92,0.00,1.92,1.93,0.00,1.93,DStar
708,2.89,AgentPrefab,Agent,MoveState,Moving,Goal,20.00,0.00,20.00,1.93,0.00,1.93,1.93,0.00,1.93,DStar
709,2.89,AgentPrefab,Agent,MoveState,Moving,Goal,20.00,0.00,20.00,1.93,0.00,1.93,1.94,0.00,1.94,DStar
710,2.90,AgentPrefab,Agent,MoveState,Moving,Goal,20.00,0.00,20.00,1.94,0.00,1.94,1.94,0.00,1.94,DStar
711,2.90,AgentPrefab,Agent,MoveState,Moving,Goal,20.00,0.00,20.00,1.94,0.00,1.94,1.95,0.00,1.95,DStar
712,2.90,AgentPrefab,Agent,MoveState,Moving,Goal,20.00,0.00,20.00,1.95,0.00,1.95,1.95,0.00,1.95,DStar
713,2.91,AgentPrefab,Agent,MoveState,Moving,Goal,20.00,0.00,20.00,1.95,0.00,1.95,1.96,0.00,1.96,DStar
714,2.91,AgentPrefab,Agent,MoveState,Moving,Goal,20.00,0.00,20.00,1.96,0.00,1.96,1.97,0.00,1.97,DStar
715,2.92,AgentPrefab,Agent,MoveState,Moving,Goal,20.00,0.00,20.00,1.97,0.00,1.97,1.97,0.00,1.97,DStar
716,2.92,AgentPrefab,Agent,MoveState,Moving,Goal,20.00,0.00,20.00,1.97,0.00,1.97,1.98,0.00,1.98,DStar
717,2.93,AgentPrefab,Agent,MoveState,Moving,Goal,20.00,0.00,20.00,1.98,0.00,1.98,1.98,0.00,1.98,DStar
718,2.93,AgentPrefab,Agent,MoveState,Moving,Goal,20.00,0.00,20.00,1.98,0.00,1.98,1.99,0.00,1.99,DStar
719,2.93,AgentPrefab,Agent,MoveState,Moving,Goal,20.00,0.00,20.00,1.99,0.00,1.99,2.00,0.00,2.00,DStar
720,2.94,AgentPrefab,Agent,MoveState,Moving,Goal,20.00,0.00,20.00,2.00,0.00,2.00,2.00,0.00,2.00,DStar
721,2.94,AgentPrefab,Agent,MoveState,Moving,Goal,20.00,0.00,20.00,2.00,0.00,2.00,2.01,0.00,2.01,DStar
722,2.95,AgentPrefab,Agent,MoveState,Moving,Goal,20.00,0.00,20.00,2.01,0.00,2.01,2.01,0.00,2.01,DStar
723,2.95,AgentPrefab,Agent,MoveState,Moving,Goal,20.00,0.00,20.00,2.01,0.00,2.01,2.02,0.00,2.02,DStar
724,2.96,AgentPrefab,Agent,MoveState,Moving,Goal,20.00,0.00,20.00,2.02,0.00,2.02,2.03,0.00,2.03,DStar
725,2.96,AgentPrefab,Agent,MoveState,Moving,Goal,20.00,0.00,20.00,2.03,0.00,2.03,2.03,0.00,2.03,DStar
726,2.96,AgentPrefab,Agent,MoveState,Moving,Goal,20.00,0.00,20.00,2.03,0.00,2.03,2.04,0.00,2.04,DStar
727,2.97,AgentPrefab,Agent,MoveState,Moving,Goal,20.00,0.00,20.00,2.04,0.00,2.04,2.04,0.00,2.04,DStar
728,2.97,AgentPrefab,Agent,MoveState,Moving,Goal,20.00,0.00,20.00,2.04,0.00,2.04,2.05,0.00,2.05,DStar
729,2.98,AgentPrefab,Agent,MoveState,Moving,Goal,20.00,0.00,20.00,2.05,0.00,2.05,2.06,0.00,2.06,DStar
730,2.98,AgentPrefab,Agent,MoveState,Moving,Goal,20.00,0.00,20.00,2.06,0.00,2.06,2.06,0.00,2.06,DStar
731,2.98,AgentPrefab,Agent,MoveState,Moving,Goal,20.00,0.00,20.00,2.06,0.00,2.06,2.07,0.00,2.07,DStar
732,2.99,AgentPrefab,Agent,MoveState,Moving,Goal,20.00,0.00,20.00,2.07,0.00,2.07,2.07,0.00,2.07,DStar
733,2.99,AgentPrefab,Agent,MoveState,Moving,Goal,20.00,0.00,20.00,2.07,0.00,2.07,2.08,0.00,2.08,DStar
734,3.00,AgentPrefab,Agent,MoveState,Moving,Goal,20.00,0.00,20.00,2.08,0.00,2.08,2.09,0.00,2.09,DStar
735,3.00,AgentPrefab,Agent,MoveState,Moving,Goal,20.00,0.00,20.00,2.09,0.00,2.09,2.09,0.00,2.09,DStar
736,3.01,AgentPrefab,Agent,MoveState,Moving,Goal,20.00,0.00,20.00,2.09,0.00,2.09,2.10,0.00,2.10,DStar
737,3.01,AgentPrefab,Agent,MoveState,Moving,Goal,20.00,0.00,20.00,2.10,0.00,2.10,2.10,0.00,2.10,DStar
738,3.02,AgentPrefab,Agent,MoveState,Moving,Goal,20.00,0.00,20.00,2.10,0.00,2.10,2.11,0.00,2.11,DStar
739,3.02,AgentPrefab,Agent,MoveState,Moving,Goal,20.00,0.00,20.00,2.11,0.00,2.11,2.11,0.00,2.11,DStar
740,3.03,AgentPrefab,Agent,MoveState,Moving,Goal,20.00,0.00,20.00,2.11,0.00,2.11,2.12,0.00,2.12,DStar
741,3.03,AgentPrefab,Agent,MoveState,Moving,Goal,20.00,0.00,20.00,2.12,0.00,2.12,2.13,0.00,2.13,DStar
742,3.04,AgentPrefab,Agent,MoveState,Moving,Goal,20.00,0.00,20.00,2.13,0.00,2.13,2.13,0.00,2.13,DStar
743,3.04,AgentPrefab,Agent,MoveState,Moving,Goal,20.00,0.00,20.00,2.13,0.00,2.13,2.14,0.00,2.14,DStar
744,3.05,AgentPrefab,Agent,MoveState,Moving,Goal,20.00,0.00,20.00,2.14,0.00,2.14,2.15,0.00,2.15,DStar
745,3.05,AgentPrefab,Agent,MoveState,Moving,Goal,20.00,0.00,20.00,2.15,0.00,2.15,2.15,0.00,2.15,DStar
746,3.05,AgentPrefab,Agent,MoveState,Moving,Goal,20.00,0.00,20.00,2.15,0.00,2.15,2.16,0.00,2.16,DStar
747,3.06,AgentPrefab,Agent,MoveState,Moving,Goal,20.00,0.00,20.00,2.16,0.00,2.16,2.16,0.00,2.16,DStar
748,3.06,AgentPrefab,Agent,MoveState,Moving,Goal,20.00,0.00,20.00,2.16,0.00,2.16,2.17,0.00,2.17,DStar
749,3.07,AgentPrefab,Agent,MoveState,Moving,Goal,20.00,0.00,20.00,2.17,0.00,2.17,2.18,0.00,2.18,DStar
750,3.07,AgentPrefab,Agent,MoveState,Moving,Goal,20.00,0.00,20.00,2.18,0.00,2.18,2.18,0.00,2.18,DStar
751,3.07,AgentPrefab,Agent,MoveState,Moving,Goal,20.00,0.00,20.00,2.18,0.00,2.18,2.19,0.00,2.19,DStar
752,3.08,AgentPrefab,Agent,MoveState,Moving,Goal,20.00,0.00,20.00,2.19,0.00,2.19,2.20,0.00,2.20,DStar
753,3.08,AgentPrefab,Agent,MoveState,Moving,Goal,20.00,0.00,20.00,2.20,0.00,2.20,2.20,0.00,2.20,DStar
754,3.09,AgentPrefab,Agent,MoveState,Moving,Goal,20.00,0.00,20.00,2.20,0.00,2.20,2.21,0.00,2.21,DStar
755,3.09,AgentPrefab,Agent,MoveState,Moving,Goal,20.00,0.00,20.00,2.21,0.00,2.21,2.21,0.00,2.21,DStar
756,3.10,AgentPrefab,Agent,MoveState,Moving,Goal,20.00,0.00,20.00,2.21,0.00,2.21,2.22,0.00,2.22,DStar
757,3.10,AgentPrefab,Agent,MoveState,Moving,Goal,20.00,0.00,20.00,2.22,0.00,2.22,2.22,0.00,2.22,DStar
758,3.10,AgentPrefab,Agent,MoveState,Moving,Goal,20.00,0.00,20.00,2.22,0.00,2.22,2.23,0.00,2.23,DStar
759,3.11,AgentPrefab,Agent,MoveState,Moving,Goal,20.00,0.00,20.00,2.23,0.00,2.23,2.24,0.00,2.24,DStar
760,3.11,AgentPrefab,Agent,MoveState,Moving,Goal,20.00,0.00,20.00,2.24,0.00,2.24,2.24,0.00,2.24,DStar
761,3.12,AgentPrefab,Agent,MoveState,Moving,Goal,20.00,0.00,20.00,2.24,0.00,2.24,2.25,0.00,2.25,DStar
762,3.12,AgentPrefab,Agent,MoveState,Moving,Goal,20.00,0.00,20.00,2.25,0.00,2.25,2.26,0.00,2.26,DStar
763,3.13,AgentPrefab,Agent,MoveState,Moving,Goal,20.00,0.00,20.00,2.26,0.00,2.26,2.26,0.00,2.26,DStar
764,3.13,AgentPrefab,Agent,MoveState,Moving,Goal,20.00,0.00,20.00,2.26,0.00,2.26,2.27,0.00,2.27,DStar
765,3.14,AgentPrefab,Agent,MoveState,Moving,Goal,20.00,0.00,20.00,2.27,0.00,2.27,2.27,0.00,2.27,DStar
766,3.14,AgentPrefab,Agent,MoveState,Moving,Goal,20.00,0.00,20.00,2.27,0.00,2.27,2.28,0.00,2.28,DStar
767,3.14,AgentPrefab,Agent,MoveState,Moving,Goal,20.00,0.00,20.00,2.28,0.00,2.28,2.29,0.00,2.29,DStar
768,3.15,AgentPrefab,Agent,MoveState,Moving,Goal,20.00,0.00,20.00,2.29,0.00,2.29,2.29,0.00,2.29,DStar
769,3.15,AgentPrefab,Agent,MoveState,Moving,Goal,20.00,0.00,20.00,2.29,0.00,2.29,2.30,0.00,2.30,DStar
770,3.16,AgentPrefab,Agent,MoveState,Moving,Goal,20.00,0.00,20.00,2.30,0.00,2.30,2.30,0.00,2.30,DStar
771,3.16,AgentPrefab,Agent,MoveState,Moving,Goal,20.00,0.00,20.00,2.30,0.00,2.30,2.31,0.00,2.31,DStar
772,3.17,AgentPrefab,Agent,MoveState,Moving,Goal,20.00,0.00,20.00,2.31,0.00,2.31,2.32,0.00,2.32,DStar
773,3.17,AgentPrefab,Agent,MoveState,Moving,Goal,20.00,0.00,20.00,2.32,0.00,2.32,2.32,0.00,2.32,DStar
774,3.17,AgentPrefab,Agent,MoveState,Moving,Goal,20.00,0.00,20.00,2.32,0.00,2.32,2.33,0.00,2.33,DStar
775,3.18,AgentPrefab,Agent,MoveState,Moving,Goal,20.00,0.00,20.00,2.33,0.00,2.33,2.34,0.00,2.34,DStar
776,3.18,AgentPrefab,Agent,MoveState,Moving,Goal,20.00,0.00,20.00,2.34,0.00,2.34,2.34,0.00,2.34,DStar
777,3.19,AgentPrefab,Agent,MoveState,Moving,Goal,20.00,0.00,20.00,2.34,0.00,2.34,2.35,0.00,2.35,DStar
778,3.19,AgentPrefab,Agent,MoveState,Moving,Goal,20.00,0.00,20.00,2.35,0.00,2.35,2.36,0.00,2.36,DStar
779,3.20,AgentPrefab,Agent,MoveState,Moving,Goal,20.00,0.00,20.00,2.36,0.00,2.36,2.36,0.00,2.36,DStar
780,3.20,AgentPrefab,Agent,MoveState,Moving,Goal,20.00,0.00,20.00,2.36,0.00,2.36,2.37,0.00,2.37,DStar
781,3.21,AgentPrefab,Agent,MoveState,Moving,Goal,20.00,0.00,20.00,2.37,0.00,2.37,2.37,0.00,2.37,DStar
782,3.21,AgentPrefab,Agent,MoveState,Moving,Goal,20.00,0.00,20.00,2.37,0.00,2.37,2.38,0.00,2.38,DStar
783,3.22,AgentPrefab,Agent,MoveState,Moving,Goal,20.00,0.00,20.00,2.38,0.00,2.38,2.39,0.00,2.39,DStar
784,3.22,AgentPrefab,Agent,MoveState,Moving,Goal,20.00,0.00,20.00,2.39,0.00,2.39,2.39,0.00,2.39,DStar
785,3.22,AgentPrefab,Agent,MoveState,Moving,Goal,20.00,0.00,20.00,2.39,0.00,2.39,2.40,0.00,2.40,DStar
786,3.23,AgentPrefab,Agent,MoveState,Moving,Goal,20.00,0.00,20.00,2.40,0.00,2.40,2.41,0.00,2.41,DStar
787,3.23,AgentPrefab,Agent,MoveState,Moving,Goal,20.00,0.00,20.00,2.41,0.00,2.41,2.41,0.00,2.41,DStar
788,3.24,AgentPrefab,Agent,MoveState,Moving,Goal,20.00,0.00,20.00,2.41,0.00,2.41,2.42,0.00,2.42,DStar
789,3.24,AgentPrefab,Agent,MoveState,Moving,Goal,20.00,0.00,20.00,2.42,0.00,2.42,2.42,0.00,2.42,DStar
790,3.25,AgentPrefab,Agent,MoveState,Moving,Goal,20.00,0.00,20.00,2.42,0.00,2.42,2.43,0.00,2.43,DStar
791,3.25,AgentPrefab,Agent,MoveState,Moving,Goal,20.00,0.00,20.00,2.43,0.00,2.43,2.44,0.00,2.44,DStar
792,3.25,AgentPrefab,Agent,MoveState,Moving,Goal,20.00,0.00,20.00,2.44,0.00,2.44,2.44,0.00,2.44,DStar
793,3.26,AgentPrefab,Agent,MoveState,Moving,Goal,20.00,0.00,20.00,2.44,0.00,2.44,2.45,0.00,2.45,DStar
794,3.26,AgentPrefab,Agent,MoveState,Moving,Goal,20.00,0.00,20.00,2.45,0.00,2.45,2.45,0.00,2.45,DStar
795,3.27,AgentPrefab,Agent,MoveState,Moving,Goal,20.00,0.00,20.00,2.45,0.00,2.45,2.46,0.00,2.46,DStar
796,3.27,AgentPrefab,Agent,MoveState,Moving,Goal,20.00,0.00,20.00,2.46,0.00,2.46,2.47,0.00,2.47,DStar
797,3.28,AgentPrefab,Agent,MoveState,Moving,Goal,20.00,0.00,20.00,2.47,0.00,2.47,2.47,0.00,2.47,DStar
798,3.28,AgentPrefab,Agent,MoveState,Moving,Goal,20.00,0.00,20.00,2.47,0.00,2.47,2.48,0.00,2.48,DStar
799,3.29,AgentPrefab,Agent,MoveState,Moving,Goal,20.00,0.00,20.00,2.48,0.00,2.48,2.49,0.00,2.49,DStar
800,3.29,AgentPrefab,Agent,MoveState,Moving,Goal,20.00,0.00,20.00,2.49,0.00,2.49,2.50,0.00,2.50,DStar
801,3.30,AgentPrefab,Agent,MoveState,Moving,Goal,20.00,0.00,20.00,2.50,0.00,2.50,2.50,0.00,2.50,DStar
802,3.30,AgentPrefab,Agent,MoveState,Moving,Goal,20.00,0.00,20.00,2.50,0.00,2.50,2.51,0.00,2.51,DStar
803,3.30,AgentPrefab,Agent,MoveState,Moving,Goal,20.00,0.00,20.00,2.51,0.00,2.51,2.51,0.00,2.51,DStar
804,3.31,AgentPrefab,Agent,MoveState,Moving,Goal,20.00,0.00,20.00,2.51,0.00,2.51,2.52,0.00,2.52,DStar
805,3.31,AgentPrefab,Agent,MoveState,Moving,Goal,20.00,0.00,20.00,2.52,0.00,2.52,2.53,0.00,2.53,DStar
806,3.32,AgentPrefab,Agent,MoveState,Moving,Goal,20.00,0.00,20.00,2.53,0.00,2.53,2.53,0.00,2.53,DStar
807,3.32,AgentPrefab,Agent,MoveState,Moving,Goal,20.00,0.00,20.00,2.53,0.00,2.53,2.54,0.00,2.54,DStar
808,3.33,AgentPrefab,Agent,MoveState,Moving,Goal,20.00,0.00,20.00,2.54,0.00,2.54,2.54,0.00,2.54,DStar
809,3.33,AgentPrefab,Agent,MoveState,Moving,Goal,20.00,0.00,20.00,2.54,0.00,2.54,2.55,0.00,2.55,DStar
810,3.33,AgentPrefab,Agent,MoveState,Moving,Goal,20.00,0.00,20.00,2.55,0.00,2.55,2.56,0.00,2.56,DStar
811,3.34,AgentPrefab,Agent,MoveState,Moving,Goal,20.00,0.00,20.00,2.56,0.00,2.56,2.56,0.00,2.56,DStar
812,3.34,AgentPrefab,Agent,MoveState,Moving,Goal,20.00,0.00,20.00,2.56,0.00,2.56,2.57,0.00,2.57,DStar
813,3.35,AgentPrefab,Agent,MoveState,Moving,Goal,20.00,0.00,20.00,2.57,0.00,2.57,2.57,0.00,2.57,DStar
814,3.35,AgentPrefab,Agent,MoveState,Moving,Goal,20.00,0.00,20.00,2.57,0.00,2.57,2.58,0.00,2.58,DStar
815,3.36,AgentPrefab,Agent,MoveState,Moving,Goal,20.00,0.00,20.00,2.58,0.00,2.58,2.59,0.00,2.59,DStar
816,3.36,AgentPrefab,Agent,MoveState,Moving,Goal,20.00,0.00,20.00,2.59,0.00,2.59,2.59,0.00,2.59,DStar
817,3.37,AgentPrefab,Agent,MoveState,Moving,Goal,20.00,0.00,20.00,2.59,0.00,2.59,2.60,0.00,2.60,DStar
818,3.37,AgentPrefab,Agent,MoveState,Moving,Goal,20.00,0.00,20.00,2.60,0.00,2.60,2.60,0.00,2.60,DStar
819,3.37,AgentPrefab,Agent,MoveState,Moving,Goal,20.00,0.00,20.00,2.60,0.00,2.60,2.61,0.00,2.61,DStar
820,3.38,AgentPrefab,Agent,MoveState,Moving,Goal,20.00,0.00,20.00,2.61,0.00,2.61,2.62,0.00,2.62,DStar
821,3.38,AgentPrefab,Agent,MoveState,Moving,Goal,20.00,0.00,20.00,2.62,0.00,2.62,2.62,0.00,2.62,DStar
822,3.39,AgentPrefab,Agent,MoveState,Moving,Goal,20.00,0.00,20.00,2.62,0.00,2.62,2.63,0.00,2.63,DStar
823,3.39,AgentPrefab,Agent,MoveState,Moving,Goal,20.00,0.00,20.00,2.63,0.00,2.63,2.63,0.00,2.63,DStar
824,3.39,AgentPrefab,Agent,MoveState,Moving,Goal,20.00,0.00,20.00,2.63,0.00,2.63,2.64,0.00,2.64,DStar
825,3.40,AgentPrefab,Agent,MoveState,Moving,Goal,20.00,0.00,20.00,2.64,0.00,2.64,2.65,0.00,2.65,DStar
826,3.40,AgentPrefab,Agent,MoveState,Moving,Goal,20.00,0.00,20.00,2.65,0.00,2.65,2.65,0.00,2.65,DStar
827,3.41,AgentPrefab,Agent,MoveState,Moving,Goal,20.00,0.00,20.00,2.65,0.00,2.65,2.66,0.00,2.66,DStar
828,3.41,AgentPrefab,Agent,MoveState,Moving,Goal,20.00,0.00,20.00,2.66,0.00,2.66,2.67,0.00,2.67,DStar
829,3.42,AgentPrefab,Agent,MoveState,Moving,Goal,20.00,0.00,20.00,2.67,0.00,2.67,2.67,0.00,2.67,DStar
830,3.42,AgentPrefab,Agent,MoveState,Moving,Goal,20.00,0.00,20.00,2.67,0.00,2.67,2.68,0.00,2.68,DStar
831,3.42,AgentPrefab,Agent,MoveState,Moving,Goal,20.00,0.00,20.00,2.68,0.00,2.68,2.68,0.00,2.68,DStar
832,3.43,AgentPrefab,Agent,MoveState,Moving,Goal,20.00,0.00,20.00,2.68,0.00,2.68,2.69,0.00,2.69,DStar
833,3.43,AgentPrefab,Agent,MoveState,Moving,Goal,20.00,0.00,20.00,2.69,0.00,2.69,2.70,0.00,2.70,DStar
834,3.44,AgentPrefab,Agent,MoveState,Moving,Goal,20.00,0.00,20.00,2.70,0.00,2.70,2.70,0.00,2.70,DStar
835,3.44,AgentPrefab,Agent,MoveState,Moving,Goal,20.00,0.00,20.00,2.70,0.00,2.70,2.71,0.00,2.71,DStar
836,3.45,AgentPrefab,Agent,MoveState,Moving,Goal,20.00,0.00,20.00,2.71,0.00,2.71,2.71,0.00,2.71,DStar
837,3.45,AgentPrefab,Agent,MoveState,Moving,Goal,20.00,0.00,20.00,2.71,0.00,2.71,2.72,0.00,2.72,DStar
838,3.45,AgentPrefab,Agent,MoveState,Moving,Goal,20.00,0.00,20.00,2.72,0.00,2.72,2.73,0.00,2.73,DStar
839,3.46,AgentPrefab,Agent,MoveState,Moving,Goal,20.00,0.00,20.00,2.73,0.00,2.73,2.73,0.00,2.73,DStar
840,3.46,AgentPrefab,Agent,MoveState,Moving,Goal,20.00,0.00,20.00,2.73,0.00,2.73,2.74,0.00,2.74,DStar
841,3.47,AgentPrefab,Agent,MoveState,Moving,Goal,20.00,0.00,20.00,2.74,0.00,2.74,2.74,0.00,2.74,DStar
842,3.47,AgentPrefab,Agent,MoveState,Moving,Goal,20.00,0.00,20.00,2.74,0.00,2.74,2.75,0.00,2.75,DStar
843,3.48,AgentPrefab,Agent,MoveState,Moving,Goal,20.00,0.00,20.00,2.75,0.00,2.75,2.76,0.00,2.76,DStar
844,3.48,AgentPrefab,Agent,MoveState,Moving,Goal,20.00,0.00,20.00,2.76,0.00,2.76,2.76,0.00,2.76,DStar
845,3.48,AgentPrefab,Agent,MoveState,Moving,Goal,20.00,0.00,20.00,2.76,0.00,2.76,2.77,0.00,2.77,DStar
846,3.49,AgentPrefab,Agent,MoveState,Moving,Goal,20.00,0.00,20.00,2.77,0.00,2.77,2.77,0.00,2.77,DStar
847,3.49,AgentPrefab,Agent,MoveState,Moving,Goal,20.00,0.00,20.00,2.77,0.00,2.77,2.78,0.00,2.78,DStar
848,3.50,AgentPrefab,Agent,MoveState,Moving,Goal,20.00,0.00,20.00,2.78,0.00,2.78,2.79,0.00,2.79,DStar
849,3.50,AgentPrefab,Agent,MoveState,Moving,Goal,20.00,0.00,20.00,2.79,0.00,2.79,2.79,0.00,2.79,DStar
850,3.51,AgentPrefab,Agent,MoveState,Moving,Goal,20.00,0.00,20.00,2.79,0.00,2.79,2.80,0.00,2.80,DStar
851,3.51,AgentPrefab,Agent,MoveState,Moving,Goal,20.00,0.00,20.00,2.80,0.00,2.80,2.80,0.00,2.80,DStar
852,3.51,AgentPrefab,Agent,MoveState,Moving,Goal,20.00,0.00,20.00,2.80,0.00,2.80,2.81,0.00,2.81,DStar
853,3.52,AgentPrefab,Agent,MoveState,Moving,Goal,20.00,0.00,20.00,2.81,0.00,2.81,2.82,0.00,2.82,DStar
854,3.52,AgentPrefab,Agent,MoveState,Moving,Goal,20.00,0.00,20.00,2.82,0.00,2.82,2.82,0.00,2.82,DStar
855,3.53,AgentPrefab,Agent,MoveState,Moving,Goal,20.00,0.00,20.00,2.82,0.00,2.82,2.83,0.00,2.83,DStar
856,3.53,AgentPrefab,Agent,MoveState,Moving,Goal,20.00,0.00,20.00,2.83,0.00,2.83,2.84,0.00,2.84,DStar
857,3.54,AgentPrefab,Agent,MoveState,Moving,Goal,20.00,0.00,20.00,2.84,0.00,2.84,2.84,0.00,2.84,DStar
858,3.54,AgentPrefab,Agent,MoveState,Moving,Goal,20.00,0.00,20.00,2.84,0.00,2.84,2.85,0.00,2.85,DStar
859,3.55,AgentPrefab,Agent,MoveState,Moving,Goal,20.00,0.00,20.00,2.85,0.00,2.85,2.86,0.00,2.86,DStar
860,3.55,AgentPrefab,Agent,MoveState,Moving,Goal,20.00,0.00,20.00,2.86,0.00,2.86,2.86,0.00,2.86,DStar
861,3.55,AgentPrefab,Agent,MoveState,Moving,Goal,20.00,0.00,20.00,2.86,0.00,2.86,2.87,0.00,2.87,DStar
862,3.56,AgentPrefab,Agent,MoveState,Moving,Goal,20.00,0.00,20.00,2.87,0.00,2.87,2.87,0.00,2.87,DStar
863,3.56,AgentPrefab,Agent,MoveState,Moving,Goal,20.00,0.00,20.00,2.87,0.00,2.87,2.88,0.00,2.88,DStar
864,3.57,AgentPrefab,Agent,MoveState,Moving,Goal,20.00,0.00,20.00,2.88,0.00,2.88,2.88,0.00,2.88,DStar
865,3.57,AgentPrefab,Agent,MoveState,Moving,Goal,20.00,0.00,20.00,2.88,0.00,2.88,2.89,0.00,2.89,DStar
866,3.58,AgentPrefab,Agent,MoveState,Moving,Goal,20.00,0.00,20.00,2.89,0.00,2.89,2.90,0.00,2.90,DStar
867,3.58,AgentPrefab,Agent,MoveState,Moving,Goal,20.00,0.00,20.00,2.90,0.00,2.90,2.90,0.00,2.90,DStar
868,3.59,AgentPrefab,Agent,MoveState,Moving,Goal,20.00,0.00,20.00,2.90,0.00,2.90,2.91,0.00,2.91,DStar
869,3.59,AgentPrefab,Agent,MoveState,Moving,Goal,20.00,0.00,20.00,2.91,0.00,2.91,2.92,0.00,2.92,DStar
870,3.59,AgentPrefab,Agent,MoveState,Moving,Goal,20.00,0.00,20.00,2.92,0.00,2.92,2.92,0.00,2.92,DStar
871,3.60,AgentPrefab,Agent,MoveState,Moving,Goal,20.00,0.00,20.00,2.92,0.00,2.92,2.93,0.00,2.93,DStar
872,3.60,AgentPrefab,Agent,MoveState,Moving,Goal,20.00,0.00,20.00,2.93,0.00,2.93,2.93,0.00,2.93,DStar
873,3.61,AgentPrefab,Agent,MoveState,Moving,Goal,20.00,0.00,20.00,2.93,0.00,2.93,2.94,0.00,2.94,DStar
874,3.61,AgentPrefab,Agent,MoveState,Moving,Goal,20.00,0.00,20.00,2.94,0.00,2.94,2.95,0.00,2.95,DStar
875,3.62,AgentPrefab,Agent,MoveState,Moving,Goal,20.00,0.00,20.00,2.95,0.00,2.95,2.95,0.00,2.95,DStar
876,3.62,AgentPrefab,Agent,MoveState,Moving,Goal,20.00,0.00,20.00,2.95,0.00,2.95,2.96,0.00,2.96,DStar
877,3.62,AgentPrefab,Agent,MoveState,Moving,Goal,20.00,0.00,20.00,2.96,0.00,2.96,2.96,0.00,2.96,DStar
878,3.63,AgentPrefab,Agent,MoveState,Moving,Goal,20.00,0.00,20.00,2.96,0.00,2.96,2.97,0.00,2.97,DStar
879,3.63,AgentPrefab,Agent,MoveState,Moving,Goal,20.00,0.00,20.00,2.97,0.00,2.97,2.98,0.00,2.98,DStar
880,3.64,AgentPrefab,Agent,MoveState,Moving,Goal,20.00,0.00,20.00,2.98,0.00,2.98,2.98,0.00,2.98,DStar
881,3.64,AgentPrefab,Agent,MoveState,Moving,Goal,20.00,0.00,20.00,2.98,0.00,2.98,2.99,0.00,2.99,DStar
882,3.65,AgentPrefab,Agent,MoveState,Moving,Goal,20.00,0.00,20.00,2.99,0.00,2.99,2.99,0.00,2.99,DStar
883,3.65,AgentPrefab,Agent,MoveState,Moving,Goal,20.00,0.00,20.00,2.99,0.00,2.99,3.00,0.00,3.00,DStar
884,3.65,AgentPrefab,Agent,MoveState,Moving,Goal,20.00,0.00,20.00,3.00,0.00,3.00,3.01,0.00,3.01,DStar
885,3.66,AgentPrefab,Agent,MoveState,Moving,Goal,20.00,0.00,20.00,3.01,0.00,3.01,3.01,0.00,3.01,DStar
886,3.66,AgentPrefab,Agent,MoveState,Moving,Goal,20.00,0.00,20.00,3.01,0.00,3.01,3.02,0.00,3.02,DStar
887,3.67,AgentPrefab,Agent,MoveState,Moving,Goal,20.00,0.00,20.00,3.02,0.00,3.02,3.03,0.00,3.03,DStar
888,3.67,AgentPrefab,Agent,MoveState,Moving,Goal,20.00,0.00,20.00,3.03,0.00,3.03,3.03,0.00,3.03,DStar
889,3.68,AgentPrefab,Agent,MoveState,Moving,Goal,20.00,0.00,20.00,3.03,0.00,3.03,3.04,0.00,3.04,DStar
890,3.68,AgentPrefab,Agent,MoveState,Moving,Goal,20.00,0.00,20.00,3.04,0.00,3.04,3.04,0.00,3.04,DStar
891,3.68,AgentPrefab,Agent,MoveState,Moving,Goal,20.00,0.00,20.00,3.04,0.00,3.04,3.05,0.00,3.05,DStar
892,3.69,AgentPrefab,Agent,MoveState,Moving,Goal,20.00,0.00,20.00,3.05,0.00,3.05,3.06,0.00,3.06,DStar
893,3.69,AgentPrefab,Agent,MoveState,Moving,Goal,20.00,0.00,20.00,3.06,0.00,3.06,3.06,0.00,3.06,DStar
894,3.70,AgentPrefab,Agent,MoveState,Moving,Goal,20.00,0.00,20.00,3.06,0.00,3.06,3.07,0.00,3.07,DStar
895,3.70,AgentPrefab,Agent,MoveState,Moving,Goal,20.00,0.00,20.00,3.07,0.00,3.07,3.08,0.00,3.08,DStar
896,3.71,AgentPrefab,Agent,MoveState,Moving,Goal,20.00,0.00,20.00,3.08,0.00,3.08,3.08,0.00,3.08,DStar
897,3.71,AgentPrefab,Agent,MoveState,Moving,Goal,20.00,0.00,20.00,3.09,0.00,3.09,3.09,0.00,3.09,DStar
898,3.72,AgentPrefab,Agent,MoveState,Moving,Goal,20.00,0.00,20.00,3.09,0.00,3.09,3.10,0.00,3.10,DStar
899,3.72,AgentPrefab,Agent,MoveState,Moving,Goal,20.00,0.00,20.00,3.10,0.00,3.10,3.11,0.00,3.11,DStar
900,3.72,AgentPrefab,Agent,MoveState,Moving,Goal,20.00,0.00,20.00,3.11,0.00,3.11,3.11,0.00,3.11,DStar
901,3.73,AgentPrefab,Agent,MoveState,Moving,Goal,20.00,0.00,20.00,3.11,0.00,3.11,3.12,0.00,3.12,DStar
902,3.73,AgentPrefab,Agent,MoveState,Moving,Goal,20.00,0.00,20.00,3.12,0.00,3.12,3.12,0.00,3.12,DStar
903,3.74,AgentPrefab,Agent,MoveState,Moving,Goal,20.00,0.00,20.00,3.12,0.00,3.12,3.13,0.00,3.13,DStar
904,3.74,AgentPrefab,Agent,MoveState,Moving,Goal,20.00,0.00,20.00,3.13,0.00,3.13,3.13,0.00,3.13,DStar
905,3.74,AgentPrefab,Agent,MoveState,Moving,Goal,20.00,0.00,20.00,3.13,0.00,3.13,3.14,0.00,3.14,DStar
906,3.75,AgentPrefab,Agent,MoveState,Moving,Goal,20.00,0.00,20.00,3.14,0.00,3.14,3.15,0.00,3.15,DStar
907,3.75,AgentPrefab,Agent,MoveState,Moving,Goal,20.00,0.00,20.00,3.15,0.00,3.15,3.15,0.00,3.15,DStar
908,3.76,AgentPrefab,Agent,MoveState,Moving,Goal,20.00,0.00,20.00,3.15,0.00,3.15,3.16,0.00,3.16,DStar
909,3.76,AgentPrefab,Agent,MoveState,Moving,Goal,20.00,0.00,20.00,3.16,0.00,3.16,3.17,0.00,3.17,DStar
910,3.77,AgentPrefab,Agent,MoveState,Moving,Goal,20.00,0.00,20.00,3.17,0.00,3.17,3.17,0.00,3.17,DStar
911,3.77,AgentPrefab,Agent,MoveState,Moving,Goal,20.00,0.00,20.00,3.17,0.00,3.17,3.18,0.00,3.18,DStar
912,3.77,AgentPrefab,Agent,MoveState,Moving,Goal,20.00,0.00,20.00,3.18,0.00,3.18,3.18,0.00,3.18,DStar
913,3.78,AgentPrefab,Agent,MoveState,Moving,Goal,20.00,0.00,20.00,3.18,0.00,3.18,3.19,0.00,3.19,DStar
914,3.78,AgentPrefab,Agent,MoveState,Moving,Goal,20.00,0.00,20.00,3.19,0.00,3.19,3.20,0.00,3.20,DStar
915,3.79,AgentPrefab,Agent,MoveState,Moving,Goal,20.00,0.00,20.00,3.20,0.00,3.20,3.20,0.00,3.20,DStar
916,3.79,AgentPrefab,Agent,MoveState,Moving,Goal,20.00,0.00,20.00,3.20,0.00,3.20,3.21,0.00,3.21,DStar
917,3.80,AgentPrefab,Agent,MoveState,Moving,Goal,20.00,0.00,20.00,3.21,0.00,3.21,3.22,0.00,3.22,DStar
918,3.80,AgentPrefab,Agent,MoveState,Moving,Goal,20.00,0.00,20.00,3.22,0.00,3.22,3.22,0.00,3.22,DStar
919,3.81,AgentPrefab,Agent,MoveState,Moving,Goal,20.00,0.00,20.00,3.22,0.00,3.22,3.23,0.00,3.23,DStar
920,3.81,AgentPrefab,Agent,MoveState,Moving,Goal,20.00,0.00,20.00,3.23,0.00,3.23,3.23,0.00,3.23,DStar
921,3.81,AgentPrefab,Agent,MoveState,Moving,Goal,20.00,0.00,20.00,3.23,0.00,3.23,3.24,0.00,3.24,DStar
922,3.82,AgentPrefab,Agent,MoveState,Moving,Goal,20.00,0.00,20.00,3.24,0.00,3.24,3.24,0.00,3.24,DStar
923,3.82,AgentPrefab,Agent,MoveState,Moving,Goal,20.00,0.00,20.00,3.24,0.00,3.24,3.25,0.00,3.25,DStar
924,3.83,AgentPrefab,Agent,MoveState,Moving,Goal,20.00,0.00,20.00,3.25,0.00,3.25,3.26,0.00,3.26,DStar
925,3.83,AgentPrefab,Agent,MoveState,Moving,Goal,20.00,0.00,20.00,3.26,0.00,3.26,3.27,0.00,3.27,DStar
926,3.84,AgentPrefab,Agent,MoveState,Moving,Goal,20.00,0.00,20.00,3.27,0.00,3.27,3.27,0.00,3.27,DStar
927,3.84,AgentPrefab,Agent,MoveState,Moving,Goal,20.00,0.00,20.00,3.27,0.00,3.27,3.28,0.00,3.28,DStar
928,3.85,AgentPrefab,Agent,MoveState,Moving,Goal,20.00,0.00,20.00,3.28,0.00,3.28,3.28,0.00,3.28,DStar
929,3.85,AgentPrefab,Agent,MoveState,Moving,Goal,20.00,0.00,20.00,3.28,0.00,3.28,3.29,0.00,3.29,DStar
930,3.85,AgentPrefab,Agent,MoveState,Moving,Goal,20.00,0.00,20.00,3.29,0.00,3.29,3.30,0.00,3.30,DStar
931,3.86,AgentPrefab,Agent,MoveState,Moving,Goal,20.00,0.00,20.00,3.30,0.00,3.30,3.30,0.00,3.30,DStar
932,3.86,AgentPrefab,Agent,MoveState,Moving,Goal,20.00,0.00,20.00,3.30,0.00,3.30,3.31,0.00,3.31,DStar
933,3.87,AgentPrefab,Agent,MoveState,Moving,Goal,20.00,0.00,20.00,3.31,0.00,3.31,3.31,0.00,3.31,DStar
934,3.87,AgentPrefab,Agent,MoveState,Moving,Goal,20.00,0.00,20.00,3.31,0.00,3.31,3.32,0.00,3.32,DStar
935,3.88,AgentPrefab,Agent,MoveState,Moving,Goal,20.00,0.00,20.00,3.32,0.00,3.32,3.33,0.00,3.33,DStar
936,3.88,AgentPrefab,Agent,MoveState,Moving,Goal,20.00,0.00,20.00,3.33,0.00,3.33,3.33,0.00,3.33,DStar
937,3.88,AgentPrefab,Agent,MoveState,Moving,Goal,20.00,0.00,20.00,3.33,0.00,3.33,3.34,0.00,3.34,DStar
938,3.89,AgentPrefab,Agent,MoveState,Moving,Goal,20.00,0.00,20.00,3.34,0.00,3.34,3.34,0.00,3.34,DStar
939,3.89,AgentPrefab,Agent,MoveState,Moving,Goal,20.00,0.00,20.00,3.34,0.00,3.34,3.35,0.00,3.35,DStar
940,3.90,AgentPrefab,Agent,MoveState,Moving,Goal,20.00,0.00,20.00,3.35,0.00,3.35,3.36,0.00,3.36,DStar
941,3.90,AgentPrefab,Agent,MoveState,Moving,Goal,20.00,0.00,20.00,3.36,0.00,3.36,3.36,0.00,3.36,DStar
942,3.90,AgentPrefab,Agent,MoveState,Moving,Goal,20.00,0.00,20.00,3.36,0.00,3.36,3.37,0.00,3.37,DStar
943,3.91,AgentPrefab,Agent,MoveState,Moving,Goal,20.00,0.00,20.00,3.37,0.00,3.37,3.38,0.00,3.38,DStar
944,3.91,AgentPrefab,Agent,MoveState,Moving,Goal,20.00,0.00,20.00,3.38,0.00,3.38,3.38,0.00,3.38,DStar
945,3.92,AgentPrefab,Agent,MoveState,Moving,Goal,20.00,0.00,20.00,3.38,0.00,3.38,3.39,0.00,3.39,DStar
946,3.92,AgentPrefab,Agent,MoveState,Moving,Goal,20.00,0.00,20.00,3.39,0.00,3.39,3.39,0.00,3.39,DStar
947,3.93,AgentPrefab,Agent,MoveState,Moving,Goal,20.00,0.00,20.00,3.39,0.00,3.39,3.40,0.00,3.40,DStar
948,3.93,AgentPrefab,Agent,MoveState,Moving,Goal,20.00,0.00,20.00,3.40,0.00,3.40,3.41,0.00,3.41,DStar
949,3.94,AgentPrefab,Agent,MoveState,Moving,Goal,20.00,0.00,20.00,3.41,0.00,3.41,3.41,0.00,3.41,DStar
950,3.94,AgentPrefab,Agent,MoveState,Moving,Goal,20.00,0.00,20.00,3.41,0.00,3.41,3.42,0.00,3.42,DStar
951,3.95,AgentPrefab,Agent,MoveState,Moving,Goal,20.00,0.00,20.00,3.42,0.00,3.42,3.43,0.00,3.43,DStar
952,3.95,AgentPrefab,Agent,MoveState,Moving,Goal,20.00,0.00,20.00,3.43,0.00,3.43,3.43,0.00,3.43,DStar
953,3.95,AgentPrefab,Agent,MoveState,Moving,Goal,20.00,0.00,20.00,3.43,0.00,3.43,3.44,0.00,3.44,DStar
954,3.96,AgentPrefab,Agent,MoveState,Moving,Goal,20.00,0.00,20.00,3.44,0.00,3.44,3.44,0.00,3.44,DStar
955,3.96,AgentPrefab,Agent,MoveState,Moving,Goal,20.00,0.00,20.00,3.44,0.00,3.44,3.45,0.00,3.45,DStar
956,3.97,AgentPrefab,Agent,MoveState,Moving,Goal,20.00,0.00,20.00,3.45,0.00,3.45,3.46,0.00,3.46,DStar
957,3.97,AgentPrefab,Agent,MoveState,Moving,Goal,20.00,0.00,20.00,3.46,0.00,3.46,3.46,0.00,3.46,DStar
958,3.97,AgentPrefab,Agent,MoveState,Moving,Goal,20.00,0.00,20.00,3.46,0.00,3.46,3.47,0.00,3.47,DStar
959,3.98,AgentPrefab,Agent,MoveState,Moving,Goal,20.00,0.00,20.00,3.47,0.00,3.47,3.47,0.00,3.47,DStar
960,3.98,AgentPrefab,Agent,MoveState,Moving,Goal,20.00,0.00,20.00,3.47,0.00,3.47,3.48,0.00,3.48,DStar
961,3.99,AgentPrefab,Agent,MoveState,Moving,Goal,20.00,0.00,20.00,3.48,0.00,3.48,3.48,0.00,3.48,DStar
962,3.99,AgentPrefab,Agent,MoveState,Moving,Goal,20.00,0.00,20.00,3.48,0.00,3.48,3.49,0.00,3.49,DStar
963,4.00,AgentPrefab,Agent,MoveState,Moving,Goal,20.00,0.00,20.00,3.49,0.00,3.49,3.50,0.00,3.50,DStar
964,4.00,AgentPrefab,Agent,MoveState,Moving,Goal,20.00,0.00,20.00,3.50,0.00,3.50,3.50,0.00,3.50,DStar
965,4.01,AgentPrefab,Agent,MoveState,Moving,Goal,20.00,0.00,20.00,3.50,0.00,3.50,3.50,0.00,3.50,DStar
966,4.01,AgentPrefab,Agent,MoveState,Moving,Goal,20.00,0.00,20.00,3.50,0.00,3.50,3.51,0.00,3.51,DStar
967,4.01,AgentPrefab,Agent,MoveState,Moving,Goal,20.00,0.00,20.00,3.51,0.00,3.51,3.52,0.00,3.52,DStar
968,4.02,AgentPrefab,Agent,MoveState,Moving,Goal,20.00,0.00,20.00,3.52,0.00,3.52,3.52,0.00,3.52,DStar
969,4.02,AgentPrefab,Agent,MoveState,Moving,Goal,20.00,0.00,20.00,3.52,0.00,3.52,3.53,0.00,3.53,DStar
970,4.03,AgentPrefab,Agent,MoveState,Moving,Goal,20.00,0.00,20.00,3.53,0.00,3.53,3.54,0.00,3.54,DStar
971,4.03,AgentPrefab,Agent,MoveState,Moving,Goal,20.00,0.00,20.00,3.54,0.00,3.54,3.54,0.00,3.54,DStar
972,4.04,AgentPrefab,Agent,MoveState,Moving,Goal,20.00,0.00,20.00,3.54,0.00,3.54,3.55,0.00,3.55,DStar
973,4.04,AgentPrefab,Agent,MoveState,Moving,Goal,20.00,0.00,20.00,3.55,0.00,3.55,3.55,0.00,3.55,DStar
974,4.05,AgentPrefab,Agent,MoveState,Moving,Goal,20.00,0.00,20.00,3.55,0.00,3.55,3.56,0.00,3.56,DStar
975,4.05,AgentPrefab,Agent,MoveState,Moving,Goal,20.00,0.00,20.00,3.56,0.00,3.56,3.57,0.00,3.57,DStar
976,4.05,AgentPrefab,Agent,MoveState,Moving,Goal,20.00,0.00,20.00,3.57,0.00,3.57,3.57,0.00,3.57,DStar
977,4.06,AgentPrefab,Agent,MoveState,Moving,Goal,20.00,0.00,20.00,3.57,0.00,3.57,3.58,0.00,3.58,DStar
978,4.06,AgentPrefab,Agent,MoveState,Moving,Goal,20.00,0.00,20.00,3.58,0.00,3.58,3.58,0.00,3.58,DStar
979,4.07,AgentPrefab,Agent,MoveState,Moving,Goal,20.00,0.00,20.00,3.58,0.00,3.58,3.59,0.00,3.59,DStar
980,4.07,AgentPrefab,Agent,MoveState,Moving,Goal,20.00,0.00,20.00,3.59,0.00,3.59,3.60,0.00,3.60,DStar
981,4.08,AgentPrefab,Agent,MoveState,Moving,Goal,20.00,0.00,20.00,3.60,0.00,3.60,3.60,0.00,3.60,DStar
982,4.08,AgentPrefab,Agent,MoveState,Moving,Goal,20.00,0.00,20.00,3.60,0.00,3.60,3.61,0.00,3.61,DStar
983,4.08,AgentPrefab,Agent,MoveState,Moving,Goal,20.00,0.00,20.00,3.61,0.00,3.61,3.62,0.00,3.62,DStar
984,4.09,AgentPrefab,Agent,MoveState,Moving,Goal,20.00,0.00,20.00,3.62,0.00,3.62,3.62,0.00,3.62,DStar
985,4.09,AgentPrefab,Agent,MoveState,Moving,Goal,20.00,0.00,20.00,3.62,0.00,3.62,3.63,0.00,3.63,DStar
986,4.10,AgentPrefab,Agent,MoveState,Moving,Goal,20.00,0.00,20.00,3.63,0.00,3.63,3.63,0.00,3.63,DStar
987,4.10,AgentPrefab,Agent,MoveState,Moving,Goal,20.00,0.00,20.00,3.63,0.00,3.63,3.64,0.00,3.64,DStar
988,4.11,AgentPrefab,Agent,MoveState,Moving,Goal,20.00,0.00,20.00,3.64,0.00,3.64,3.65,0.00,3.65,DStar
989,4.11,AgentPrefab,Agent,MoveState,Moving,Goal,20.00,0.00,20.00,3.65,0.00,3.65,3.65,0.00,3.65,DStar
990,4.12,AgentPrefab,Agent,MoveState,Moving,Goal,20.00,0.00,20.00,3.65,0.00,3.65,3.66,0.00,3.66,DStar
991,4.12,AgentPrefab,Agent,MoveState,Moving,Goal,20.00,0.00,20.00,3.66,0.00,3.66,3.67,0.00,3.67,DStar
992,4.12,AgentPrefab,Agent,MoveState,Moving,Goal,20.00,0.00,20.00,3.67,0.00,3.67,3.67,0.00,3.67,DStar
993,4.13,AgentPrefab,Agent,MoveState,Moving,Goal,20.00,0.00,20.00,3.67,0.00,3.67,3.68,0.00,3.68,DStar
994,4.13,AgentPrefab,Agent,MoveState,Moving,Goal,20.00,0.00,20.00,3.68,0.00,3.68,3.68,0.00,3.68,DStar
995,4.14,AgentPrefab,Agent,MoveState,Moving,Goal,20.00,0.00,20.00,3.68,0.00,3.68,3.69,0.00,3.69,DStar
996,4.14,AgentPrefab,Agent,MoveState,Moving,Goal,20.00,0.00,20.00,3.69,0.00,3.69,3.70,0.00,3.70,DStar
997,4.14,AgentPrefab,Agent,MoveState,Moving,Goal,20.00,0.00,20.00,3.70,0.00,3.70,3.70,0.00,3.70,DStar
998,4.15,AgentPrefab,Agent,MoveState,Moving,Goal,20.00,0.00,20.00,3.70,0.00,3.70,3.71,0.00,3.71,DStar
999,4.15,AgentPrefab,Agent,MoveState,Moving,Goal,20.00,0.00,20.00,3.71,0.00,3.71,3.71,0.00,3.71,DStar
1000,4.16,AgentPrefab,Agent,MoveState,Moving,Goal,20.00,0.00,20.00,3.71,0.00,3.71,3.72,0.00,3.72,DStar
1001,4.16,AgentPrefab,Agent,MoveState,Moving,Goal,20.00,0.00,20.00,3.72,0.00,3.72,3.73,0.00,3.73,DStar
1002,4.17,AgentPrefab,Agent,MoveState,Moving,Goal,20.00,0.00,20.00,3.73,0.00,3.73,3.73,0.00,3.73,DStar
1003,4.17,AgentPrefab,Agent,MoveState,Moving,Goal,20.00,0.00,20.00,3.73,0.00,3.73,3.74,0.00,3.74,DStar
1004,4.17,AgentPrefab,Agent,MoveState,Moving,Goal,20.00,0.00,20.00,3.74,0.00,3.74,3.74,0.00,3.74,DStar
1005,4.18,AgentPrefab,Agent,MoveState,Moving,Goal,20.00,0.00,20.00,3.74,0.00,3.74,3.75,0.00,3.75,DStar
1006,4.18,AgentPrefab,Agent,MoveState,Moving,Goal,20.00,0.00,20.00,3.75,0.00,3.75,3.76,0.00,3.76,DStar
1007,4.19,AgentPrefab,Agent,MoveState,Moving,Goal,20.00,0.00,20.00,3.76,0.00,3.76,3.76,0.00,3.76,DStar
1008,4.19,AgentPrefab,Agent,MoveState,Moving,Goal,20.00,0.00,20.00,3.76,0.00,3.76,3.77,0.00,3.77,DStar
1009,4.20,AgentPrefab,Agent,MoveState,Moving,Goal,20.00,0.00,20.00,3.77,0.00,3.77,3.77,0.00,3.77,DStar
1010,4.20,AgentPrefab,Agent,MoveState,Moving,Goal,20.00,0.00,20.00,3.77,0.00,3.77,3.78,0.00,3.78,DStar
1011,4.20,AgentPrefab,Agent,MoveState,Moving,Goal,20.00,0.00,20.00,3.78,0.00,3.78,3.79,0.00,3.79,DStar
1012,4.21,AgentPrefab,Agent,MoveState,Moving,Goal,20.00,0.00,20.00,3.79,0.00,3.79,3.79,0.00,3.79,DStar
1013,4.21,AgentPrefab,Agent,MoveState,Moving,Goal,20.00,0.00,20.00,3.79,0.00,3.79,3.80,0.00,3.80,DStar
1014,4.22,AgentPrefab,Agent,MoveState,Moving,Goal,20.00,0.00,20.00,3.80,0.00,3.80,3.80,0.00,3.80,DStar
1015,4.22,AgentPrefab,Agent,MoveState,Moving,Goal,20.00,0.00,20.00,3.80,0.00,3.80,3.81,0.00,3.81,DStar
1016,4.23,AgentPrefab,Agent,MoveState,Moving,Goal,20.00,0.00,20.00,3.81,0.00,3.81,3.82,0.00,3.82,DStar
1017,4.23,AgentPrefab,Agent,MoveState,Moving,Goal,20.00,0.00,20.00,3.82,0.00,3.82,3.82,0.00,3.82,DStar
1018,4.23,AgentPrefab,Agent,MoveState,Moving,Goal,20.00,0.00,20.00,3.82,0.00,3.82,3.83,0.00,3.83,DStar
1019,4.24,AgentPrefab,Agent,MoveState,Moving,Goal,20.00,0.00,20.00,3.83,0.00,3.83,3.83,0.00,3.83,DStar
1020,4.24,AgentPrefab,Agent,MoveState,Moving,Goal,20.00,0.00,20.00,3.83,0.00,3.83,3.84,0.00,3.84,DStar
1021,4.25,AgentPrefab,Agent,MoveState,Moving,Goal,20.00,0.00,20.00,3.84,0.00,3.84,3.85,0.00,3.85,DStar
1022,4.25,AgentPrefab,Agent,MoveState,Moving,Goal,20.00,0.00,20.00,3.85,0.00,3.85,3.85,0.00,3.85,DStar
1023,4.26,AgentPrefab,Agent,MoveState,Moving,Goal,20.00,0.00,20.00,3.85,0.00,3.85,3.86,0.00,3.86,DStar
1024,4.26,AgentPrefab,Agent,MoveState,Moving,Goal,20.00,0.00,20.00,3.86,0.00,3.86,3.86,0.00,3.86,DStar
1025,4.26,AgentPrefab,Agent,MoveState,Moving,Goal,20.00,0.00,20.00,3.86,0.00,3.86,3.87,0.00,3.87,DStar
1026,4.27,AgentPrefab,Agent,MoveState,Moving,Goal,20.00,0.00,20.00,3.87,0.00,3.87,3.88,0.00,3.88,DStar
1027,4.27,AgentPrefab,Agent,MoveState,Moving,Goal,20.00,0.00,20.00,3.88,0.00,3.88,3.88,0.00,3.88,DStar
1028,4.28,AgentPrefab,Agent,MoveState,Moving,Goal,20.00,0.00,20.00,3.88,0.00,3.88,3.89,0.00,3.89,DStar
1029,4.28,AgentPrefab,Agent,MoveState,Moving,Goal,20.00,0.00,20.00,3.89,0.00,3.89,3.89,0.00,3.89,DStar
1030,4.29,AgentPrefab,Agent,MoveState,Moving,Goal,20.00,0.00,20.00,3.89,0.00,3.89,3.90,0.00,3.90,DStar
1031,4.29,AgentPrefab,Agent,MoveState,Moving,Goal,20.00,0.00,20.00,3.90,0.00,3.90,3.91,0.00,3.91,DStar
1032,4.29,AgentPrefab,Agent,MoveState,Moving,Goal,20.00,0.00,20.00,3.91,0.00,3.91,3.91,0.00,3.91,DStar
1033,4.30,AgentPrefab,Agent,MoveState,Moving,Goal,20.00,0.00,20.00,3.91,0.00,3.91,3.92,0.00,3.92,DStar
1034,4.30,AgentPrefab,Agent,MoveState,Moving,Goal,20.00,0.00,20.00,3.92,0.00,3.92,3.92,0.00,3.92,DStar
1035,4.31,AgentPrefab,Agent,MoveState,Moving,Goal,20.00,0.00,20.00,3.92,0.00,3.92,3.93,0.00,3.93,DStar
1036,4.31,AgentPrefab,Agent,MoveState,Moving,Goal,20.00,0.00,20.00,3.93,0.00,3.93,3.94,0.00,3.94,DStar
1037,4.31,AgentPrefab,Agent,MoveState,Moving,Goal,20.00,0.00,20.00,3.94,0.00,3.94,3.94,0.00,3.94,DStar
1038,4.32,AgentPrefab,Agent,MoveState,Moving,Goal,20.00,0.00,20.00,3.94,0.00,3.94,3.95,0.00,3.95,DStar
1039,4.32,AgentPrefab,Agent,MoveState,Moving,Goal,20.00,0.00,20.00,3.95,0.00,3.95,3.95,0.00,3.95,DStar
1040,4.33,AgentPrefab,Agent,MoveState,Moving,Goal,20.00,0.00,20.00,3.95,0.00,3.95,3.96,0.00,3.96,DStar
1041,4.33,AgentPrefab,Agent,MoveState,Moving,Goal,20.00,0.00,20.00,3.96,0.00,3.96,3.97,0.00,3.97,DStar
1042,4.34,AgentPrefab,Agent,MoveState,Moving,Goal,20.00,0.00,20.00,3.97,0.00,3.97,3.97,0.00,3.97,DStar
1043,4.34,AgentPrefab,Agent,MoveState,Moving,Goal,20.00,0.00,20.00,3.97,0.00,3.97,3.98,0.00,3.98,DStar
1044,4.34,AgentPrefab,Agent,MoveState,Moving,Goal,20.00,0.00,20.00,3.98,0.00,3.98,3.98,0.00,3.98,DStar
1045,4.35,AgentPrefab,Agent,MoveState,Moving,Goal,20.00,0.00,20.00,3.98,0.00,3.98,3.99,0.00,3.99,DStar
1046,4.35,AgentPrefab,Agent,MoveState,Moving,Goal,20.00,0.00,20.00,3.99,0.00,3.99,4.00,0.00,4.00,DStar
1047,4.36,AgentPrefab,Agent,MoveState,Moving,Goal,20.00,0.00,20.00,4.00,0.00,4.00,4.00,0.00,4.00,DStar
1048,4.36,AgentPrefab,Agent,MoveState,Moving,Goal,20.00,0.00,20.00,4.00,0.00,4.00,4.01,0.00,4.01,DStar
1049,4.37,AgentPrefab,Agent,MoveState,Moving,Goal,20.00,0.00,20.00,4.01,0.00,4.01,4.02,0.00,4.02,DStar
1050,4.37,AgentPrefab,Agent,MoveState,Moving,Goal,20.00,0.00,20.00,4.02,0.00,4.02,4.02,0.00,4.02,DStar
1051,4.38,AgentPrefab,Agent,MoveState,Moving,Goal,20.00,0.00,20.00,4.02,0.00,4.02,4.03,0.00,4.03,DStar
1052,4.38,AgentPrefab,Agent,MoveState,Moving,Goal,20.00,0.00,20.00,4.03,0.00,4.03,4.03,0.00,4.03,DStar
1053,4.38,AgentPrefab,Agent,MoveState,Moving,Goal,20.00,0.00,20.00,4.03,0.00,4.03,4.04,0.00,4.04,DStar
1054,4.39,AgentPrefab,Agent,MoveState,Moving,Goal,20.00,0.00,20.00,4.04,0.00,4.04,4.05,0.00,4.05,DStar
1055,4.39,AgentPrefab,Agent,MoveState,Moving,Goal,20.00,0.00,20.00,4.05,0.00,4.05,4.05,0.00,4.05,DStar
1056,4.40,AgentPrefab,Agent,MoveState,Moving,Goal,20.00,0.00,20.00,4.05,0.00,4.05,4.06,0.00,4.06,DStar
1057,4.40,AgentPrefab,Agent,MoveState,Moving,Goal,20.00,0.00,20.00,4.06,0.00,4.06,4.06,0.00,4.06,DStar
1058,4.40,AgentPrefab,Agent,MoveState,Moving,Goal,20.00,0.00,20.00,4.06,0.00,4.06,4.07,0.00,4.07,DStar
1059,4.41,AgentPrefab,Agent,MoveState,Moving,Goal,20.00,0.00,20.00,4.07,0.00,4.07,4.08,0.00,4.08,DStar
1060,4.42,AgentPrefab,Agent,MoveState,Moving,Goal,20.00,0.00,20.00,4.08,0.00,4.08,4.08,0.00,4.08,DStar
1061,4.42,AgentPrefab,Agent,MoveState,Moving,Goal,20.00,0.00,20.00,4.08,0.00,4.08,4.09,0.00,4.09,DStar
1062,4.43,AgentPrefab,Agent,MoveState,Moving,Goal,20.00,0.00,20.00,4.09,0.00,4.09,4.10,0.00,4.10,DStar
1063,4.43,AgentPrefab,Agent,MoveState,Moving,Goal,20.00,0.00,20.00,4.10,0.00,4.10,4.11,0.00,4.11,DStar
1064,4.43,AgentPrefab,Agent,MoveState,Moving,Goal,20.00,0.00,20.00,4.11,0.00,4.11,4.11,0.00,4.11,DStar
1065,4.44,AgentPrefab,Agent,MoveState,Moving,Goal,20.00,0.00,20.00,4.11,0.00,4.11,4.12,0.00,4.12,DStar
1066,4.44,AgentPrefab,Agent,MoveState,Moving,Goal,20.00,0.00,20.00,4.12,0.00,4.12,4.13,0.00,4.13,DStar
1067,4.45,AgentPrefab,Agent,MoveState,Moving,Goal,20.00,0.00,20.00,4.13,0.00,4.13,4.13,0.00,4.13,DStar
1068,4.45,AgentPrefab,Agent,MoveState,Moving,Goal,20.00,0.00,20.00,4.13,0.00,4.13,4.14,0.00,4.14,DStar
1069,4.46,AgentPrefab,Agent,MoveState,Moving,Goal,20.00,0.00,20.00,4.14,0.00,4.14,4.14,0.00,4.14,DStar
1070,4.46,AgentPrefab,Agent,MoveState,Moving,Goal,20.00,0.00,20.00,4.14,0.00,4.14,4.15,0.00,4.15,DStar
1071,4.47,AgentPrefab,Agent,MoveState,Moving,Goal,20.00,0.00,20.00,4.15,0.00,4.15,4.16,0.00,4.16,DStar
1072,4.47,AgentPrefab,Agent,MoveState,Moving,Goal,20.00,0.00,20.00,4.16,0.00,4.16,4.16,0.00,4.16,DStar
1073,4.47,AgentPrefab,Agent,MoveState,Moving,Goal,20.00,0.00,20.00,4.16,0.00,4.16,4.17,0.00,4.17,DStar
1074,4.48,AgentPrefab,Agent,MoveState,Moving,Goal,20.00,0.00,20.00,4.17,0.00,4.17,4.17,0.00,4.17,DStar
1075,4.48,AgentPrefab,Agent,MoveState,Moving,Goal,20.00,0.00,20.00,4.17,0.00,4.17,4.18,0.00,4.18,DStar
1076,4.49,AgentPrefab,Agent,MoveState,Moving,Goal,20.00,0.00,20.00,4.18,0.00,4.18,4.18,0.00,4.18,DStar
1077,4.49,AgentPrefab,Agent,MoveState,Moving,Goal,20.00,0.00,20.00,4.18,0.00,4.18,4.19,0.00,4.19,DStar
1078,4.50,AgentPrefab,Agent,MoveState,Moving,Goal,20.00,0.00,20.00,4.19,0.00,4.19,4.20,0.00,4.20,DStar
1079,4.50,AgentPrefab,Agent,MoveState,Moving,Goal,20.00,0.00,20.00,4.20,0.00,4.20,4.20,0.00,4.20,DStar
1080,4.50,AgentPrefab,Agent,MoveState,Moving,Goal,20.00,0.00,20.00,4.20,0.00,4.20,4.20,0.00,4.20,DStar
1081,4.51,AgentPrefab,Agent,MoveState,Moving,Goal,20.00,0.00,20.00,4.20,0.00,4.20,4.20,0.00,4.22,DStar
1082,4.51,AgentPrefab,Agent,MoveState,Moving,Goal,20.00,0.00,20.00,4.20,0.00,4.22,4.20,0.00,4.23,DStar
1083,4.52,AgentPrefab,Agent,MoveState,Moving,Goal,20.00,0.00,20.00,4.20,0.00,4.23,4.20,0.00,4.23,DStar
1084,4.52,AgentPrefab,Agent,MoveState,Moving,Goal,20.00,0.00,20.00,4.20,0.00,4.23,4.20,0.00,4.24,DStar
1085,4.53,AgentPrefab,Agent,MoveState,Moving,Goal,20.00,0.00,20.00,4.20,0.00,4.24,4.20,0.00,4.25,DStar
1086,4.53,AgentPrefab,Agent,MoveState,Moving,Goal,20.00,0.00,20.00,4.20,0.00,4.25,4.20,0.00,4.26,DStar
1087,4.54,AgentPrefab,Agent,MoveState,Moving,Goal,20.00,0.00,20.00,4.20,0.00,4.26,4.20,0.00,4.27,DStar
1088,4.54,AgentPrefab,Agent,MoveState,Moving,Goal,20.00,0.00,20.00,4.20,0.00,4.27,4.20,0.00,4.28,DStar
1089,4.54,AgentPrefab,Agent,MoveState,Moving,Goal,20.00,0.00,20.00,4.20,0.00,4.28,4.20,0.00,4.28,DStar
1090,4.55,AgentPrefab,Agent,MoveState,Moving,Goal,20.00,0.00,20.00,4.20,0.00,4.28,4.20,0.00,4.29,DStar
1091,4.55,AgentPrefab,Agent,MoveState,Moving,Goal,20.00,0.00,20.00,4.20,0.00,4.29,4.20,0.00,4.30,DStar
1092,4.56,AgentPrefab,Agent,MoveState,Moving,Goal,20.00,0.00,20.00,4.20,0.00,4.30,4.20,0.00,4.31,DStar
1093,4.56,AgentPrefab,Agent,MoveState,Moving,Goal,20.00,0.00,20.00,4.20,0.00,4.31,4.20,0.00,4.32,DStar
1094,4.56,AgentPrefab,Agent,MoveState,Moving,Goal,20.00,0.00,20.00,4.20,0.00,4.32,4.20,0.00,4.33,DStar
1095,4.57,AgentPrefab,Agent,MoveState,Moving,Goal,20.00,0.00,20.00,4.20,0.00,4.33,4.20,0.00,4.33,DStar
1096,4.57,AgentPrefab,Agent,MoveState,Moving,Goal,20.00,0.00,20.00,4.20,0.00,4.33,4.20,0.00,4.34,DStar
1097,4.58,AgentPrefab,Agent,MoveState,Moving,Goal,20.00,0.00,20.00,4.20,0.00,4.34,4.20,0.00,4.35,DStar
1098,4.58,AgentPrefab,Agent,MoveState,Moving,Goal,20.00,0.00,20.00,4.20,0.00,4.35,4.20,0.00,4.36,DStar
1099,4.59,AgentPrefab,Agent,MoveState,Moving,Goal,20.00,0.00,20.00,4.20,0.00,4.36,4.20,0.00,4.37,DStar
1100,4.59,AgentPrefab,Agent,MoveState,Moving,Goal,20.00,0.00,20.00,4.20,0.00,4.37,4.20,0.00,4.38,DStar
1101,4.60,AgentPrefab,Agent,MoveState,Moving,Goal,20.00,0.00,20.00,4.20,0.00,4.38,4.20,0.00,4.39,DStar
1102,4.60,AgentPrefab,Agent,MoveState,Moving,Goal,20.00,0.00,20.00,4.20,0.00,4.39,4.20,0.00,4.39,DStar
1103,4.60,AgentPrefab,Agent,MoveState,Moving,Goal,20.00,0.00,20.00,4.20,0.00,4.39,4.20,0.00,4.40,DStar
1104,4.61,AgentPrefab,Agent,MoveState,Moving,Goal,20.00,0.00,20.00,4.20,0.00,4.40,4.20,0.00,4.41,DStar
1105,4.61,AgentPrefab,Agent,MoveState,Moving,Goal,20.00,0.00,20.00,4.20,0.00,4.41,4.20,0.00,4.42,DStar
1106,4.62,AgentPrefab,Agent,MoveState,Moving,Goal,20.00,0.00,20.00,4.20,0.00,4.42,4.20,0.00,4.43,DStar
1107,4.62,AgentPrefab,Agent,MoveState,Moving,Goal,20.00,0.00,20.00,4.20,0.00,4.43,4.20,0.00,4.44,DStar
1108,4.63,AgentPrefab,Agent,MoveState,Moving,Goal,20.00,0.00,20.00,4.20,0.00,4.44,4.20,0.00,4.45,DStar
1109,4.63,AgentPrefab,Agent,MoveState,Moving,Goal,20.00,0.00,20.00,4.20,0.00,4.45,4.20,0.00,4.46,DStar
1110,4.64,AgentPrefab,Agent,MoveState,Moving,Goal,20.00,0.00,20.00,4.20,0.00,4.46,4.20,0.00,4.47,DStar
1111,4.64,AgentPrefab,Agent,MoveState,Moving,Goal,20.00,0.00,20.00,4.20,0.00,4.47,4.20,0.00,4.47,DStar
1112,4.64,AgentPrefab,Agent,MoveState,Moving,Goal,20.00,0.00,20.00,4.20,0.00,4.47,4.20,0.00,4.48,DStar
1113,4.65,AgentPrefab,Agent,MoveState,Moving,Goal,20.00,0.00,20.00,4.20,0.00,4.48,4.20,0.00,4.49,DStar
1114,4.65,AgentPrefab,Agent,MoveState,Moving,Goal,20.00,0.00,20.00,4.20,0.00,4.49,4.20,0.00,4.50,DStar
1115,4.66,AgentPrefab,Agent,MoveState,Moving,Goal,20.00,0.00,20.00,4.20,0.00,4.50,4.20,0.00,4.51,DStar
1116,4.66,AgentPrefab,Agent,MoveState,Moving,Goal,20.00,0.00,20.00,4.20,0.00,4.51,4.20,0.00,4.52,DStar
1117,4.67,AgentPrefab,Agent,MoveState,Moving,Goal,20.00,0.00,20.00,4.20,0.00,4.52,4.20,0.00,4.53,DStar
1118,4.67,AgentPrefab,Agent,MoveState,Moving,Goal,20.00,0.00,20.00,4.20,0.00,4.53,4.20,0.00,4.54,DStar
1119,4.67,AgentPrefab,Agent,MoveState,Moving,Goal,20.00,0.00,20.00,4.20,0.00,4.54,4.20,0.00,4.54,DStar
1120,4.68,AgentPrefab,Agent,MoveState,Moving,Goal,20.00,0.00,20.00,4.20,0.00,4.54,4.20,0.00,4.55,DStar
1121,4.68,AgentPrefab,Agent,MoveState,Moving,Goal,20.00,0.00,20.00,4.20,0.00,4.55,4.20,0.00,4.56,DStar
1122,4.69,AgentPrefab,Agent,MoveState,Moving,Goal,20.00,0.00,20.00,4.20,0.00,4.56,4.20,0.00,4.57,DStar
1123,4.69,AgentPrefab,Agent,MoveState,Moving,Goal,20.00,0.00,20.00,4.20,0.00,4.57,4.20,0.00,4.58,DStar
1124,4.70,AgentPrefab,Agent,MoveState,Moving,Goal,20.00,0.00,20.00,4.20,0.00,4.58,4.20,0.00,4.59,DStar
1125,4.70,AgentPrefab,Agent,MoveState,Moving,Goal,20.00,0.00,20.00,4.20,0.00,4.59,4.20,0.00,4.60,DStar
1126,4.71,AgentPrefab,Agent,MoveState,Moving,Goal,20.00,0.00,20.00,4.20,0.00,4.60,4.20,0.00,4.61,DStar
1127,4.71,AgentPrefab,Agent,MoveState,Moving,Goal,20.00,0.00,20.00,4.20,0.00,4.61,4.20,0.00,4.62,DStar
1128,4.71,AgentPrefab,Agent,MoveState,Moving,Goal,20.00,0.00,20.00,4.20,0.00,4.62,4.20,0.00,4.62,DStar
1129,4.72,AgentPrefab,Agent,MoveState,Moving,Goal,20.00,0.00,20.00,4.20,0.00,4.62,4.20,0.00,4.63,DStar
1130,4.72,AgentPrefab,Agent,MoveState,Moving,Goal,20.00,0.00,20.00,4.20,0.00,4.63,4.20,0.00,4.64,DStar
1131,4.73,AgentPrefab,Agent,MoveState,Moving,Goal,20.00,0.00,20.00,4.20,0.00,4.64,4.20,0.00,4.65,DStar
1132,4.73,AgentPrefab,Agent,MoveState,Moving,Goal,20.00,0.00,20.00,4.20,0.00,4.65,4.20,0.00,4.66,DStar
1133,4.74,AgentPrefab,Agent,MoveState,Moving,Goal,20.00,0.00,20.00,4.20,0.00,4.66,4.20,0.00,4.67,DStar
1134,4.74,AgentPrefab,Agent,MoveState,Moving,Goal,20.00,0.00,20.00,4.20,0.00,4.67,4.20,0.00,4.67,DStar
1135,4.74,AgentPrefab,Agent,MoveState,Moving,Goal,20.00,0.00,20.00,4.20,0.00,4.67,4.20,0.00,4.69,DStar
1136,4.75,AgentPrefab,Agent,MoveState,Moving,Goal,20.00,0.00,20.00,4.20,0.00,4.69,4.20,0.00,4.69,DStar
1137,4.75,AgentPrefab,Agent,MoveState,Moving,Goal,20.00,0.00,20.00,4.20,0.00,4.69,4.20,0.00,4.70,DStar
1138,4.76,AgentPrefab,Agent,MoveState,Moving,Goal,20.00,0.00,20.00,4.20,0.00,4.70,4.20,0.00,4.71,DStar
1139,4.76,AgentPrefab,Agent,MoveState,Moving,Goal,20.00,0.00,20.00,4.20,0.00,4.71,4.20,0.00,4.72,DStar
1140,4.77,AgentPrefab,Agent,MoveState,Moving,Goal,20.00,0.00,20.00,4.20,0.00,4.72,4.20,0.00,4.73,DStar
1141,4.77,AgentPrefab,Agent,MoveState,Moving,Goal,20.00,0.00,20.00,4.20,0.00,4.73,4.20,0.00,4.74,DStar
1142,4.77,AgentPrefab,Agent,MoveState,Moving,Goal,20.00,0.00,20.00,4.20,0.00,4.74,4.20,0.00,4.75,DStar
1143,4.78,AgentPrefab,Agent,MoveState,Moving,Goal,20.00,0.00,20.00,4.20,0.00,4.75,4.20,0.00,4.75,DStar
1144,4.78,AgentPrefab,Agent,MoveState,Moving,Goal,20.00,0.00,20.00,4.20,0.00,4.75,4.20,0.00,4.76,DStar
1145,4.79,AgentPrefab,Agent,MoveState,Moving,Goal,20.00,0.00,20.00,4.20,0.00,4.76,4.20,0.00,4.77,DStar
1146,4.79,AgentPrefab,Agent,MoveState,Moving,Goal,20.00,0.00,20.00,4.20,0.00,4.77,4.20,0.00,4.78,DStar
1147,4.80,AgentPrefab,Agent,MoveState,Moving,Goal,20.00,0.00,20.00,4.20,0.00,4.78,4.20,0.00,4.79,DStar
1148,4.80,AgentPrefab,Agent,MoveState,Moving,Goal,20.00,0.00,20.00,4.20,0.00,4.79,4.20,0.00,4.80,DStar
1149,4.80,AgentPrefab,Agent,MoveState,Moving,Goal,20.00,0.00,20.00,4.20,0.00,4.80,4.20,0.00,4.80,DStar
1150,4.81,AgentPrefab,Agent,MoveState,Moving,Goal,20.00,0.00,20.00,4.20,0.00,4.80,4.20,0.00,4.81,DStar
1151,4.81,AgentPrefab,Agent,MoveState,Moving,Goal,20.00,0.00,20.00,4.20,0.00,4.81,4.20,0.00,4.82,DStar
1152,4.82,AgentPrefab,Agent,MoveState,Moving,Goal,20.00,0.00,20.00,4.20,0.00,4.82,4.20,0.00,4.83,DStar
1153,4.82,AgentPrefab,Agent,MoveState,Moving,Goal,20.00,0.00,20.00,4.20,0.00,4.83,4.20,0.00,4.84,DStar
1154,4.83,AgentPrefab,Agent,MoveState,Moving,Goal,20.00,0.00,20.00,4.20,0.00,4.84,4.20,0.00,4.85,DStar
1155,4.83,AgentPrefab,Agent,MoveState,Moving,Goal,20.00,0.00,20.00,4.20,0.00,4.85,4.20,0.00,4.86,DStar
1156,4.84,AgentPrefab,Agent,MoveState,Moving,Goal,20.00,0.00,20.00,4.20,0.00,4.86,4.20,0.00,4.87,DStar
1157,4.84,AgentPrefab,Agent,MoveState,Moving,Goal,20.00,0.00,20.00,4.20,0.00,4.87,4.20,0.00,4.87,DStar
1158,4.84,AgentPrefab,Agent,MoveState,Moving,Goal,20.00,0.00,20.00,4.20,0.00,4.87,4.20,0.00,4.88,DStar
1159,4.85,AgentPrefab,Agent,MoveState,Moving,Goal,20.00,0.00,20.00,4.20,0.00,4.88,4.20,0.00,4.89,DStar
1160,4.85,AgentPrefab,Agent,MoveState,Moving,Goal,20.00,0.00,20.00,4.20,0.00,4.89,4.20,0.00,4.90,DStar
1161,4.86,AgentPrefab,Agent,MoveState,Moving,Goal,20.00,0.00,20.00,4.20,0.00,4.90,4.20,0.00,4.91,DStar
1162,4.86,AgentPrefab,Agent,MoveState,Moving,Goal,20.00,0.00,20.00,4.20,0.00,4.91,4.20,0.00,4.92,DStar
1163,4.87,AgentPrefab,Agent,MoveState,Moving,Goal,20.00,0.00,20.00,4.20,0.00,4.92,4.20,0.00,4.93,DStar
1164,4.87,AgentPrefab,Agent,MoveState,Moving,Goal,20.00,0.00,20.00,4.20,0.00,4.93,4.20,0.00,4.94,DStar
1165,4.88,AgentPrefab,Agent,MoveState,Moving,Goal,20.00,0.00,20.00,4.20,0.00,4.94,4.20,0.00,4.95,DStar
1166,4.88,AgentPrefab,Agent,MoveState,Moving,Goal,20.00,0.00,20.00,4.20,0.00,4.95,4.20,0.00,4.96,DStar
1167,4.88,AgentPrefab,Agent,MoveState,Moving,Goal,20.00,0.00,20.00,4.20,0.00,4.96,4.20,0.00,4.97,DStar
1168,4.89,AgentPrefab,Agent,MoveState,Moving,Goal,20.00,0.00,20.00,4.20,0.00,4.97,4.20,0.00,4.97,DStar
1169,4.89,AgentPrefab,Agent,MoveState,Moving,Goal,20.00,0.00,20.00,4.20,0.00,4.97,4.20,0.00,4.98,DStar
1170,4.90,AgentPrefab,Agent,MoveState,Moving,Goal,20.00,0.00,20.00,4.20,0.00,4.98,4.20,0.00,4.99,DStar
1171,4.90,AgentPrefab,Agent,MoveState,Moving,Goal,20.00,0.00,20.00,4.20,0.00,4.99,4.20,0.00,5.00,DStar
1172,4.90,AgentPrefab,Agent,MoveState,Moving,Goal,20.00,0.00,20.00,4.20,0.00,5.00,4.20,0.00,5.01,DStar
1173,4.91,AgentPrefab,Agent,MoveState,Moving,Goal,20.00,0.00,20.00,4.20,0.00,5.01,4.20,0.00,5.02,DStar
1174,4.91,AgentPrefab,Agent,MoveState,Moving,Goal,20.00,0.00,20.00,4.20,0.00,5.02,4.20,0.00,5.03,DStar
1175,4.92,AgentPrefab,Agent,MoveState,Moving,Goal,20.00,0.00,20.00,4.20,0.00,5.03,4.20,0.00,5.03,DStar
1176,4.92,AgentPrefab,Agent,MoveState,Moving,Goal,20.00,0.00,20.00,4.20,0.00,5.03,4.20,0.00,5.04,DStar
1177,4.93,AgentPrefab,Agent,MoveState,Moving,Goal,20.00,0.00,20.00,4.20,0.00,5.04,4.20,0.00,5.05,DStar
1178,4.93,AgentPrefab,Agent,MoveState,Moving,Goal,20.00,0.00,20.00,4.20,0.00,5.05,4.20,0.00,5.06,DStar
1179,4.94,AgentPrefab,Agent,MoveState,Moving,Goal,20.00,0.00,20.00,4.20,0.00,5.06,4.20,0.00,5.07,DStar
1180,4.94,AgentPrefab,Agent,MoveState,Moving,Goal,20.00,0.00,20.00,4.20,0.00,5.07,4.20,0.00,5.08,DStar
1181,4.95,AgentPrefab,Agent,MoveState,Moving,Goal,20.00,0.00,20.00,4.20,0.00,5.08,4.20,0.00,5.09,DStar
1182,4.95,AgentPrefab,Agent,MoveState,Moving,Goal,20.00,0.00,20.00,4.20,0.00,5.09,4.20,0.00,5.10,DStar
1183,4.95,AgentPrefab,Agent,MoveState,Moving,Goal,20.00,0.00,20.00,4.20,0.00,5.10,4.20,0.00,5.10,DStar
1184,4.96,AgentPrefab,Agent,MoveState,Moving,Goal,20.00,0.00,20.00,4.20,0.00,5.10,4.20,0.00,5.11,DStar
1185,4.96,AgentPrefab,Agent,MoveState,Moving,Goal,20.00,0.00,20.00,4.20,0.00,5.11,4.20,0.00,5.12,DStar
1186,4.97,AgentPrefab,Agent,MoveState,Moving,Goal,20.00,0.00,20.00,4.20,0.00,5.12,4.20,0.00,5.13,DStar
1187,4.97,AgentPrefab,Agent,MoveState,Moving,Goal,20.00,0.00,20.00,4.20,0.00,5.13,4.20,0.00,5.14,DStar
1188,4.97,AgentPrefab,Agent,MoveState,Moving,Goal,20.00,0.00,20.00,4.20,0.00,5.14,4.20,0.00,5.15,DStar
1189,4.98,AgentPrefab,Agent,MoveState,Moving,Goal,20.00,0.00,20.00,4.20,0.00,5.15,4.20,0.00,5.15,DStar
1190,4.98,AgentPrefab,Agent,MoveState,Moving,Goal,20.00,0.00,20.00,4.20,0.00,5.15,4.20,0.00,5.16,DStar
1191,4.99,AgentPrefab,Agent,MoveState,Moving,Goal,20.00,0.00,20.00,4.20,0.00,5.16,4.20,0.00,5.17,DStar
1192,4.99,AgentPrefab,Agent,MoveState,Moving,Goal,20.00,0.00,20.00,4.20,0.00,5.17,4.20,0.00,5.18,DStar
1193,5.00,AgentPrefab,Agent,MoveState,Moving,Goal,20.00,0.00,20.00,4.20,0.00,5.18,4.20,0.00,5.19,DStar
1194,5.00,AgentPrefab,Agent,MoveState,Moving,Goal,20.00,0.00,20.00,4.20,0.00,5.19,4.20,0.00,5.20,DStar
1195,5.00,AgentPrefab,Agent,MoveState,Moving,Goal,20.00,0.00,20.00,4.20,0.00,5.20,4.20,0.00,5.21,DStar
1196,5.01,AgentPrefab,Agent,MoveState,Moving,Goal,20.00,0.00,20.00,4.20,0.00,5.21,4.20,0.00,5.22,DStar
1197,5.01,AgentPrefab,Agent,MoveState,Moving,Goal,20.00,0.00,20.00,4.20,0.00,5.22,4.20,0.00,5.23,DStar
1198,5.02,AgentPrefab,Agent,MoveState,Moving,Goal,20.00,0.00,20.00,4.20,0.00,5.23,4.20,0.00,5.24,DStar
1199,5.02,AgentPrefab,Agent,MoveState,Moving,Goal,20.00,0.00,20.00,4.20,0.00,5.24,4.20,0.00,5.25,DStar
1200,5.03,AgentPrefab,Agent,MoveState,Moving,Goal,20.00,0.00,20.00,4.20,0.00,5.25,4.20,0.00,5.26,DStar
1201,5.03,AgentPrefab,Agent,MoveState,Moving,Goal,20.00,0.00,20.00,4.20,0.00,5.26,4.20,0.00,5.27,DStar
1202,5.04,AgentPrefab,Agent,MoveState,Moving,Goal,20.00,0.00,20.00,4.20,0.00,5.27,4.20,0.00,5.28,DStar
1203,5.04,AgentPrefab,Agent,MoveState,Moving,Goal,20.00,0.00,20.00,4.20,0.00,5.28,4.20,0.00,5.28,DStar
1204,5.05,AgentPrefab,Agent,MoveState,Moving,Goal,20.00,0.00,20.00,4.20,0.00,5.28,4.20,0.00,5.29,DStar
1205,5.05,AgentPrefab,Agent,MoveState,Moving,Goal,20.00,0.00,20.00,4.20,0.00,5.29,4.20,0.00,5.30,DStar
1206,5.05,AgentPrefab,Agent,MoveState,Moving,Goal,20.00,0.00,20.00,4.20,0.00,5.30,4.20,0.00,5.31,DStar
1207,5.06,AgentPrefab,Agent,MoveState,Moving,Goal,20.00,0.00,20.00,4.20,0.00,5.31,4.20,0.00,5.32,DStar
1208,5.06,AgentPrefab,Agent,MoveState,Moving,Goal,20.00,0.00,20.00,4.20,0.00,5.32,4.20,0.00,5.33,DStar
1209,5.07,AgentPrefab,Agent,MoveState,Moving,Goal,20.00,0.00,20.00,4.20,0.00,5.33,4.20,0.00,5.34,DStar
1210,5.07,AgentPrefab,Agent,MoveState,Moving,Goal,20.00,0.00,20.00,4.20,0.00,5.34,4.20,0.00,5.34,DStar
1211,5.07,AgentPrefab,Agent,MoveState,Moving,Goal,20.00,0.00,20.00,4.20,0.00,5.34,4.20,0.00,5.35,DStar
1212,5.08,AgentPrefab,Agent,MoveState,Moving,Goal,20.00,0.00,20.00,4.20,0.00,5.35,4.20,0.00,5.36,DStar
1213,5.08,AgentPrefab,Agent,MoveState,Moving,Goal,20.00,0.00,20.00,4.20,0.00,5.36,4.20,0.00,5.37,DStar
1214,5.09,AgentPrefab,Agent,MoveState,Moving,Goal,20.00,0.00,20.00,4.20,0.00,5.37,4.20,0.00,5.38,DStar
1215,5.09,AgentPrefab,Agent,MoveState,Moving,Goal,20.00,0.00,20.00,4.20,0.00,5.38,4.20,0.00,5.39,DStar
1216,5.10,AgentPrefab,Agent,MoveState,Moving,Goal,20.00,0.00,20.00,4.20,0.00,5.39,4.20,0.00,5.40,DStar
1217,5.10,AgentPrefab,Agent,MoveState,Moving,Goal,20.00,0.00,20.00,4.20,0.00,5.40,4.20,0.00,5.41,DStar
1218,5.11,AgentPrefab,Agent,MoveState,Moving,Goal,20.00,0.00,20.00,4.20,0.00,5.41,4.20,0.00,5.42,DStar
1219,5.11,AgentPrefab,Agent,MoveState,Moving,Goal,20.00,0.00,20.00,4.20,0.00,5.42,4.20,0.00,5.43,DStar
1220,5.11,AgentPrefab,Agent,MoveState,Moving,Goal,20.00,0.00,20.00,4.20,0.00,5.43,4.20,0.00,5.43,DStar
1221,5.12,AgentPrefab,Agent,MoveState,Moving,Goal,20.00,0.00,20.00,4.20,0.00,5.43,4.20,0.00,5.44,DStar
1222,5.12,AgentPrefab,Agent,MoveState,Moving,Goal,20.00,0.00,20.00,4.20,0.00,5.44,4.20,0.00,5.45,DStar
1223,5.13,AgentPrefab,Agent,MoveState,Moving,Goal,20.00,0.00,20.00,4.20,0.00,5.45,4.20,0.00,5.46,DStar
1224,5.13,AgentPrefab,Agent,MoveState,Moving,Goal,20.00,0.00,20.00,4.20,0.00,5.46,4.20,0.00,5.47,DStar
1225,5.14,AgentPrefab,Agent,MoveState,Moving,Goal,20.00,0.00,20.00,4.20,0.00,5.47,4.20,0.00,5.48,DStar
1226,5.14,AgentPrefab,Agent,MoveState,Moving,Goal,20.00,0.00,20.00,4.20,0.00,5.48,4.20,0.00,5.48,DStar
1227,5.14,AgentPrefab,Agent,MoveState,Moving,Goal,20.00,0.00,20.00,4.20,0.00,5.48,4.20,0.00,5.49,DStar
1228,5.15,AgentPrefab,Agent,MoveState,Moving,Goal,20.00,0.00,20.00,4.20,0.00,5.49,4.20,0.00,5.50,DStar
1229,5.15,AgentPrefab,Agent,MoveState,Moving,Goal,20.00,0.00,20.00,4.20,0.00,5.50,4.20,0.00,5.51,DStar
1230,5.16,AgentPrefab,Agent,MoveState,Moving,Goal,20.00,0.00,20.00,4.20,0.00,5.51,4.20,0.00,5.52,DStar
1231,5.16,AgentPrefab,Agent,MoveState,Moving,Goal,20.00,0.00,20.00,4.20,0.00,5.52,4.20,0.00,5.53,DStar
1232,5.17,AgentPrefab,Agent,MoveState,Moving,Goal,20.00,0.00,20.00,4.20,0.00,5.53,4.20,0.00,5.54,DStar
1233,5.17,AgentPrefab,Agent,MoveState,Moving,Goal,20.00,0.00,20.00,4.20,0.00,5.54,4.20,0.00,5.55,DStar
1234,5.18,AgentPrefab,Agent,MoveState,Moving,Goal,20.00,0.00,20.00,4.20,0.00,5.55,4.20,0.00,5.55,DStar
1235,5.18,AgentPrefab,Agent,MoveState,Moving,Goal,20.00,0.00,20.00,4.20,0.00,5.55,4.20,0.00,5.56,DStar
1236,5.18,AgentPrefab,Agent,MoveState,Moving,Goal,20.00,0.00,20.00,4.20,0.00,5.56,4.20,0.00,5.57,DStar
1237,5.19,AgentPrefab,Agent,MoveState,Moving,Goal,20.00,0.00,20.00,4.20,0.00,5.57,4.20,0.00,5.58,DStar
1238,5.19,AgentPrefab,Agent,MoveState,Moving,Goal,20.00,0.00,20.00,4.20,0.00,5.58,4.20,0.00,5.59,DStar
1239,5.20,AgentPrefab,Agent,MoveState,Moving,Goal,20.00,0.00,20.00,4.20,0.00,5.59,4.20,0.00,5.60,DStar
1240,5.20,AgentPrefab,Agent,MoveState,Moving,Goal,20.00,0.00,20.00,4.20,0.00,5.60,4.20,0.00,5.61,DStar
1241,5.21,AgentPrefab,Agent,MoveState,Moving,Goal,20.00,0.00,20.00,4.20,0.00,5.61,4.20,0.00,5.62,DStar
1242,5.21,AgentPrefab,Agent,MoveState,Moving,Goal,20.00,0.00,20.00,4.20,0.00,5.62,4.20,0.00,5.63,DStar
1243,5.22,AgentPrefab,Agent,MoveState,Moving,Goal,20.00,0.00,20.00,4.20,0.00,5.63,4.20,0.00,5.63,DStar
1244,5.22,AgentPrefab,Agent,MoveState,Moving,Goal,20.00,0.00,20.00,4.20,0.00,5.63,4.20,0.00,5.64,DStar
1245,5.22,AgentPrefab,Agent,MoveState,Moving,Goal,20.00,0.00,20.00,4.20,0.00,5.64,4.20,0.00,5.65,DStar
1246,5.23,AgentPrefab,Agent,MoveState,Moving,Goal,20.00,0.00,20.00,4.20,0.00,5.65,4.20,0.00,5.66,DStar
1247,5.23,AgentPrefab,Agent,MoveState,Moving,Goal,20.00,0.00,20.00,4.20,0.00,5.66,4.20,0.00,5.67,DStar
1248,5.24,AgentPrefab,Agent,MoveState,Moving,Goal,20.00,0.00,20.00,4.20,0.00,5.67,4.20,0.00,5.68,DStar
1249,5.24,AgentPrefab,Agent,MoveState,Moving,Goal,20.00,0.00,20.00,4.20,0.00,5.68,4.20,0.00,5.68,DStar
1250,5.24,AgentPrefab,Agent,MoveState,Moving,Goal,20.00,0.00,20.00,4.20,0.00,5.68,4.20,0.00,5.69,DStar
1251,5.25,AgentPrefab,Agent,MoveState,Moving,Goal,20.00,0.00,20.00,4.20,0.00,5.69,4.20,0.00,5.70,DStar
1252,5.25,AgentPrefab,Agent,MoveState,Moving,Goal,20.00,0.00,20.00,4.20,0.00,5.70,4.20,0.00,5.71,DStar
1253,5.26,AgentPrefab,Agent,MoveState,Moving,Goal,20.00,0.00,20.00,4.20,0.00,5.71,4.20,0.00,5.72,DStar
1254,5.26,AgentPrefab,Agent,MoveState,Moving,Goal,20.00,0.00,20.00,4.20,0.00,5.72,4.20,0.00,5.73,DStar
1255,5.27,AgentPrefab,Agent,MoveState,Moving,Goal,20.00,0.00,20.00,4.20,0.00,5.73,4.20,0.00,5.74,DStar
1256,5.27,AgentPrefab,Agent,MoveState,Moving,Goal,20.00,0.00,20.00,4.20,0.00,5.74,4.20,0.00,5.74,DStar
1257,5.27,AgentPrefab,Agent,MoveState,Moving,Goal,20.00,0.00,20.00,4.20,0.00,5.74,4.20,0.00,5.75,DStar
1258,5.28,AgentPrefab,Agent,MoveState,Moving,Goal,20.00,0.00,20.00,4.20,0.00,5.75,4.20,0.00,5.76,DStar
1259,5.28,AgentPrefab,Agent,MoveState,Moving,Goal,20.00,0.00,20.00,4.20,0.00,5.76,4.20,0.00,5.77,DStar
1260,5.29,AgentPrefab,Agent,MoveState,Moving,Goal,20.00,0.00,20.00,4.20,0.00,5.77,4.20,0.00,5.78,DStar
1261,5.29,AgentPrefab,Agent,MoveState,Moving,Goal,20.00,0.00,20.00,4.20,0.00,5.78,4.20,0.00,5.79,DStar
1262,5.30,AgentPrefab,Agent,MoveState,Moving,Goal,20.00,0.00,20.00,4.20,0.00,5.79,4.20,0.00,5.80,DStar
1263,5.30,AgentPrefab,Agent,MoveState,Moving,Goal,20.00,0.00,20.00,4.20,0.00,5.80,4.20,0.00,5.81,DStar
1264,5.31,AgentPrefab,Agent,MoveState,Moving,Goal,20.00,0.00,20.00,4.20,0.00,5.81,4.20,0.00,5.81,DStar
1265,5.31,AgentPrefab,Agent,MoveState,Moving,Goal,20.00,0.00,20.00,4.20,0.00,5.81,4.20,0.00,5.82,DStar
1266,5.31,AgentPrefab,Agent,MoveState,Moving,Goal,20.00,0.00,20.00,4.20,0.00,5.82,4.20,0.00,5.83,DStar
1267,5.32,AgentPrefab,Agent,MoveState,Moving,Goal,20.00,0.00,20.00,4.20,0.00,5.83,4.20,0.00,5.84,DStar
1268,5.32,AgentPrefab,Agent,MoveState,Moving,Goal,20.00,0.00,20.00,4.20,0.00,5.84,4.20,0.00,5.85,DStar
1269,5.33,AgentPrefab,Agent,MoveState,Moving,Goal,20.00,0.00,20.00,4.20,0.00,5.85,4.20,0.00,5.86,DStar
1270,5.33,AgentPrefab,Agent,MoveState,Moving,Goal,20.00,0.00,20.00,4.20,0.00,5.86,4.20,0.00,5.87,DStar
1271,5.34,AgentPrefab,Agent,MoveState,Moving,Goal,20.00,0.00,20.00,4.20,0.00,5.87,4.20,0.00,5.88,DStar
1272,5.34,AgentPrefab,Agent,MoveState,Moving,Goal,20.00,0.00,20.00,4.20,0.00,5.88,4.20,0.00,5.89,DStar
1273,5.35,AgentPrefab,Agent,MoveState,Moving,Goal,20.00,0.00,20.00,4.20,0.00,5.89,4.20,0.00,5.90,DStar
1274,5.35,AgentPrefab,Agent,MoveState,Moving,Goal,20.00,0.00,20.00,4.20,0.00,5.90,4.20,0.00,5.91,DStar
1275,5.36,AgentPrefab,Agent,MoveState,Moving,Goal,20.00,0.00,20.00,4.20,0.00,5.91,4.20,0.00,5.92,DStar
1276,5.36,AgentPrefab,Agent,MoveState,Moving,Goal,20.00,0.00,20.00,4.20,0.00,5.92,4.20,0.00,5.93,DStar
1277,5.37,AgentPrefab,Agent,MoveState,Moving,Goal,20.00,0.00,20.00,4.20,0.00,5.93,4.20,0.00,5.93,DStar
1278,5.37,AgentPrefab,Agent,MoveState,Moving,Goal,20.00,0.00,20.00,4.20,0.00,5.93,4.20,0.00,5.94,DStar
1279,5.37,AgentPrefab,Agent,MoveState,Moving,Goal,20.00,0.00,20.00,4.20,0.00,5.94,4.20,0.00,5.95,DStar
1280,5.38,AgentPrefab,Agent,MoveState,Moving,Goal,20.00,0.00,20.00,4.20,0.00,5.95,4.20,0.00,5.96,DStar
1281,5.38,AgentPrefab,Agent,MoveState,Moving,Goal,20.00,0.00,20.00,4.20,0.00,5.96,4.20,0.00,5.97,DStar
1282,5.39,AgentPrefab,Agent,MoveState,Moving,Goal,20.00,0.00,20.00,4.20,0.00,5.97,4.20,0.00,5.98,DStar
1283,5.39,AgentPrefab,Agent,MoveState,Moving,Goal,20.00,0.00,20.00,4.20,0.00,5.98,4.20,0.00,5.98,DStar
1284,5.39,AgentPrefab,Agent,MoveState,Moving,Goal,20.00,0.00,20.00,4.20,0.00,5.98,4.20,0.00,5.99,DStar
1285,5.40,AgentPrefab,Agent,MoveState,Moving,Goal,20.00,0.00,20.00,4.20,0.00,5.99,4.20,0.00,6.00,DStar
1286,5.40,AgentPrefab,Agent,MoveState,Moving,Goal,20.00,0.00,20.00,4.20,0.00,6.00,4.20,0.00,6.01,DStar
1287,5.41,AgentPrefab,Agent,MoveState,Moving,Goal,20.00,0.00,20.00,4.20,0.00,6.01,4.20,0.00,6.02,DStar
1288,5.41,AgentPrefab,Agent,MoveState,Moving,Goal,20.00,0.00,20.00,4.20,0.00,6.02,4.20,0.00,6.03,DStar
1289,5.42,AgentPrefab,Agent,MoveState,Moving,Goal,20.00,0.00,20.00,4.20,0.00,6.03,4.20,0.00,6.04,DStar
1290,5.42,AgentPrefab,Agent,MoveState,Moving,Goal,20.00,0.00,20.00,4.20,0.00,6.04,4.20,0.00,6.05,DStar
1291,5.43,AgentPrefab,Agent,MoveState,Moving,Goal,20.00,0.00,20.00,4.20,0.00,6.05,4.20,0.00,6.05,DStar
1292,5.43,AgentPrefab,Agent,MoveState,Moving,Goal,20.00,0.00,20.00,4.20,0.00,6.05,4.20,0.00,6.06,DStar
1293,5.43,AgentPrefab,Agent,MoveState,Moving,Goal,20.00,0.00,20.00,4.20,0.00,6.06,4.20,0.00,6.07,DStar
1294,5.44,AgentPrefab,Agent,MoveState,Moving,Goal,20.00,0.00,20.00,4.20,0.00,6.07,4.20,0.00,6.08,DStar
1295,5.44,AgentPrefab,Agent,MoveState,Moving,Goal,20.00,0.00,20.00,4.20,0.00,6.08,4.20,0.00,6.09,DStar
1296,5.45,AgentPrefab,Agent,MoveState,Moving,Goal,20.00,0.00,20.00,4.20,0.00,6.09,4.20,0.00,6.10,DStar
1297,5.45,AgentPrefab,Agent,MoveState,Moving,Goal,20.00,0.00,20.00,4.20,0.00,6.10,4.20,0.00,6.11,DStar
1298,5.46,AgentPrefab,Agent,MoveState,Moving,Goal,20.00,0.00,20.00,4.20,0.00,6.11,4.20,0.00,6.12,DStar
1299,5.46,AgentPrefab,Agent,MoveState,Moving,Goal,20.00,0.00,20.00,4.20,0.00,6.12,4.20,0.00,6.12,DStar
1300,5.46,AgentPrefab,Agent,MoveState,Moving,Goal,20.00,0.00,20.00,4.20,0.00,6.12,4.20,0.00,6.13,DStar
1301,5.47,AgentPrefab,Agent,MoveState,Moving,Goal,20.00,0.00,20.00,4.20,0.00,6.13,4.20,0.00,6.14,DStar
1302,5.47,AgentPrefab,Agent,MoveState,Moving,Goal,20.00,0.00,20.00,4.20,0.00,6.14,4.20,0.00,6.15,DStar
1303,5.48,AgentPrefab,Agent,MoveState,Moving,Goal,20.00,0.00,20.00,4.20,0.00,6.15,4.20,0.00,6.16,DStar
1304,5.48,AgentPrefab,Agent,MoveState,Moving,Goal,20.00,0.00,20.00,4.20,0.00,6.16,4.20,0.00,6.17,DStar
1305,5.49,AgentPrefab,Agent,MoveState,Moving,Goal,20.00,0.00,20.00,4.20,0.00,6.17,4.20,0.00,6.17,DStar
1306,5.49,AgentPrefab,Agent,MoveState,Moving,Goal,20.00,0.00,20.00,4.20,0.00,6.17,4.20,0.00,6.18,DStar
1307,5.49,AgentPrefab,Agent,MoveState,Moving,Goal,20.00,0.00,20.00,4.20,0.00,6.18,4.20,0.00,6.19,DStar
1308,5.50,AgentPrefab,Agent,MoveState,Moving,Goal,20.00,0.00,20.00,4.20,0.00,6.19,4.20,0.00,6.20,DStar
1309,5.50,AgentPrefab,Agent,MoveState,Moving,Goal,20.00,0.00,20.00,4.20,0.00,6.20,4.20,0.00,6.21,DStar
1310,5.51,AgentPrefab,Agent,MoveState,Moving,Goal,20.00,0.00,20.00,4.20,0.00,6.21,4.20,0.00,6.22,DStar
1311,5.51,AgentPrefab,Agent,MoveState,Moving,Goal,20.00,0.00,20.00,4.20,0.00,6.22,4.20,0.00,6.23,DStar
1312,5.52,AgentPrefab,Agent,MoveState,Moving,Goal,20.00,0.00,20.00,4.20,0.00,6.23,4.20,0.00,6.24,DStar
1313,5.52,AgentPrefab,Agent,MoveState,Moving,Goal,20.00,0.00,20.00,4.20,0.00,6.24,4.20,0.00,6.25,DStar
1314,5.52,AgentPrefab,Agent,MoveState,Moving,Goal,20.00,0.00,20.00,4.20,0.00,6.25,4.20,0.00,6.26,DStar
1315,5.53,AgentPrefab,Agent,MoveState,Moving,Goal,20.00,0.00,20.00,4.20,0.00,6.26,4.20,0.00,6.27,DStar
1316,5.53,AgentPrefab,Agent,MoveState,Moving,Goal,20.00,0.00,20.00,4.20,0.00,6.27,4.20,0.00,6.28,DStar
1317,5.54,AgentPrefab,Agent,MoveState,Moving,Goal,20.00,0.00,20.00,4.20,0.00,6.28,4.20,0.00,6.28,DStar
1318,5.54,AgentPrefab,Agent,MoveState,Moving,Goal,20.00,0.00,20.00,4.20,0.00,6.28,4.20,0.00,6.29,DStar
1319,5.55,AgentPrefab,Agent,MoveState,Moving,Goal,20.00,0.00,20.00,4.20,0.00,6.29,4.20,0.00,6.30,DStar
1320,5.55,AgentPrefab,Agent,MoveState,Moving,Goal,20.00,0.00,20.00,4.20,0.00,6.30,4.20,0.00,6.31,DStar
1321,5.56,AgentPrefab,Agent,MoveState,Moving,Goal,20.00,0.00,20.00,4.20,0.00,6.31,4.20,0.00,6.32,DStar
1322,5.56,AgentPrefab,Agent,MoveState,Moving,Goal,20.00,0.00,20.00,4.20,0.00,6.32,4.20,0.00,6.33,DStar
1323,5.56,AgentPrefab,Agent,MoveState,Moving,Goal,20.00,0.00,20.00,4.20,0.00,6.33,4.20,0.00,6.33,DStar
1324,5.57,AgentPrefab,Agent,MoveState,Moving,Goal,20.00,0.00,20.00,4.20,0.00,6.33,4.20,0.00,6.34,DStar
1325,5.57,AgentPrefab,Agent,MoveState,Moving,Goal,20.00,0.00,20.00,4.20,0.00,6.34,4.20,0.00,6.35,DStar
1326,5.58,AgentPrefab,Agent,MoveState,Moving,Goal,20.00,0.00,20.00,4.20,0.00,6.35,4.20,0.00,6.36,DStar
1327,5.58,AgentPrefab,Agent,MoveState,Moving,Goal,20.00,0.00,20.00,4.20,0.00,6.36,4.20,0.00,6.37,DStar
1328,5.59,AgentPrefab,Agent,MoveState,Moving,Goal,20.00,0.00,20.00,4.20,0.00,6.37,4.20,0.00,6.38,DStar
1329,5.59,AgentPrefab,Agent,MoveState,Moving,Goal,20.00,0.00,20.00,4.20,0.00,6.38,4.20,0.00,6.39,DStar
1330,5.60,AgentPrefab,Agent,MoveState,Moving,Goal,20.00,0.00,20.00,4.20,0.00,6.39,4.20,0.00,6.40,DStar
1331,5.60,AgentPrefab,Agent,MoveState,Moving,Goal,20.00,0.00,20.00,4.20,0.00,6.40,4.20,0.00,6.41,DStar
1332,5.60,AgentPrefab,Agent,MoveState,Moving,Goal,20.00,0.00,20.00,4.20,0.00,6.41,4.20,0.00,6.41,DStar
1333,5.61,AgentPrefab,Agent,MoveState,Moving,Goal,20.00,0.00,20.00,4.20,0.00,6.41,4.20,0.00,6.42,DStar
1334,5.61,AgentPrefab,Agent,MoveState,Moving,Goal,20.00,0.00,20.00,4.20,0.00,6.42,4.20,0.00,6.43,DStar
1335,5.62,AgentPrefab,Agent,MoveState,Moving,Goal,20.00,0.00,20.00,4.20,0.00,6.43,4.20,0.00,6.44,DStar
1336,5.62,AgentPrefab,Agent,MoveState,Moving,Goal,20.00,0.00,20.00,4.20,0.00,6.44,4.20,0.00,6.45,DStar
1337,5.62,AgentPrefab,Agent,MoveState,Moving,Goal,20.00,0.00,20.00,4.20,0.00,6.45,4.20,0.00,6.46,DStar
1338,5.63,AgentPrefab,Agent,MoveState,Moving,Goal,20.00,0.00,20.00,4.20,0.00,6.46,4.20,0.00,6.46,DStar
1339,5.63,AgentPrefab,Agent,MoveState,Moving,Goal,20.00,0.00,20.00,4.20,0.00,6.46,4.20,0.00,6.47,DStar
1340,5.64,AgentPrefab,Agent,MoveState,Moving,Goal,20.00,0.00,20.00,4.20,0.00,6.47,4.20,0.00,6.48,DStar
1341,5.64,AgentPrefab,Agent,MoveState,Moving,Goal,20.00,0.00,20.00,4.20,0.00,6.48,4.20,0.00,6.49,DStar
1342,5.65,AgentPrefab,Agent,MoveState,Moving,Goal,20.00,0.00,20.00,4.20,0.00,6.49,4.20,0.00,6.50,DStar
1343,5.65,AgentPrefab,Agent,MoveState,Moving,Goal,20.00,0.00,20.00,4.20,0.00,6.50,4.20,0.00,6.51,DStar
1344,5.65,AgentPrefab,Agent,MoveState,Moving,Goal,20.00,0.00,20.00,4.20,0.00,6.51,4.20,0.00,6.51,DStar
1345,5.66,AgentPrefab,Agent,MoveState,Moving,Goal,20.00,0.00,20.00,4.20,0.00,6.51,4.20,0.00,6.52,DStar
1346,5.66,AgentPrefab,Agent,MoveState,Moving,Goal,20.00,0.00,20.00,4.20,0.00,6.52,4.20,0.00,6.53,DStar
1347,5.67,AgentPrefab,Agent,MoveState,Moving,Goal,20.00,0.00,20.00,4.20,0.00,6.53,4.20,0.00,6.54,DStar
1348,5.67,AgentPrefab,Agent,MoveState,Moving,Goal,20.00,0.00,20.00,4.20,0.00,6.54,4.20,0.00,6.55,DStar
1349,5.68,AgentPrefab,Agent,MoveState,Moving,Goal,20.00,0.00,20.00,4.20,0.00,6.55,4.20,0.00,6.56,DStar
1350,5.68,AgentPrefab,Agent,MoveState,Moving,Goal,20.00,0.00,20.00,4.20,0.00,6.56,4.20,0.00,6.57,DStar
1351,5.68,AgentPrefab,Agent,MoveState,Moving,Goal,20.00,0.00,20.00,4.20,0.00,6.57,4.20,0.00,6.58,DStar
1352,5.69,AgentPrefab,Agent,MoveState,Moving,Goal,20.00,0.00,20.00,4.20,0.00,6.58,4.20,0.00,6.58,DStar
1353,5.69,AgentPrefab,Agent,MoveState,Moving,Goal,20.00,0.00,20.00,4.20,0.00,6.58,4.20,0.00,6.60,DStar
1354,5.70,AgentPrefab,Agent,MoveState,Moving,Goal,20.00,0.00,20.00,4.20,0.00,6.60,4.20,0.00,6.60,DStar
1355,5.70,AgentPrefab,Agent,MoveState,Moving,Goal,20.00,0.00,20.00,4.20,0.00,6.60,4.20,0.00,6.61,DStar
1356,5.71,AgentPrefab,Agent,MoveState,Moving,Goal,20.00,0.00,20.00,4.20,0.00,6.61,4.20,0.00,6.62,DStar
1357,5.71,AgentPrefab,Agent,MoveState,Moving,Goal,20.00,0.00,20.00,4.20,0.00,6.62,4.20,0.00,6.63,DStar
1358,5.72,AgentPrefab,Agent,MoveState,Moving,Goal,20.00,0.00,20.00,4.20,0.00,6.63,4.20,0.00,6.64,DStar
1359,5.72,AgentPrefab,Agent,MoveState,Moving,Goal,20.00,0.00,20.00,4.20,0.00,6.64,4.20,0.00,6.65,DStar
1360,5.72,AgentPrefab,Agent,MoveState,Moving,Goal,20.00,0.00,20.00,4.20,0.00,6.65,4.20,0.00,6.65,DStar
1361,5.73,AgentPrefab,Agent,MoveState,Moving,Goal,20.00,0.00,20.00,4.20,0.00,6.65,4.20,0.00,6.66,DStar
1362,5.73,AgentPrefab,Agent,MoveState,Moving,Goal,20.00,0.00,20.00,4.20,0.00,6.66,4.20,0.00,6.67,DStar
1363,5.74,AgentPrefab,Agent,MoveState,Moving,Goal,20.00,0.00,20.00,4.20,0.00,6.67,4.20,0.00,6.68,DStar
1364,5.74,AgentPrefab,Agent,MoveState,Moving,Goal,20.00,0.00,20.00,4.20,0.00,6.68,4.20,0.00,6.69,DStar
1365,5.75,AgentPrefab,Agent,MoveState,Moving,Goal,20.00,0.00,20.00,4.20,0.00,6.69,4.20,0.00,6.70,DStar
1366,5.75,AgentPrefab,Agent,MoveState,Moving,Goal,20.00,0.00,20.00,4.20,0.00,6.70,4.20,0.00,6.71,DStar
1367,5.75,AgentPrefab,Agent,MoveState,Moving,Goal,20.00,0.00,20.00,4.20,0.00,6.71,4.20,0.00,6.72,DStar
1368,5.76,AgentPrefab,Agent,MoveState,Moving,Goal,20.00,0.00,20.00,4.20,0.00,6.72,4.20,0.00,6.72,DStar
1369,5.76,AgentPrefab,Agent,MoveState,Moving,Goal,20.00,0.00,20.00,4.20,0.00,6.72,4.20,0.00,6.73,DStar
1370,5.77,AgentPrefab,Agent,MoveState,Moving,Goal,20.00,0.00,20.00,4.20,0.00,6.73,4.20,0.00,6.74,DStar
1371,5.77,AgentPrefab,Agent,MoveState,Moving,Goal,20.00,0.00,20.00,4.20,0.00,6.74,4.20,0.00,6.75,DStar
1372,5.78,AgentPrefab,Agent,MoveState,Moving,Goal,20.00,0.00,20.00,4.20,0.00,6.75,4.20,0.00,6.76,DStar
1373,5.78,AgentPrefab,Agent,MoveState,Moving,Goal,20.00,0.00,20.00,4.20,0.00,6.76,4.20,0.00,6.77,DStar
1374,5.79,AgentPrefab,Agent,MoveState,Moving,Goal,20.00,0.00,20.00,4.20,0.00,6.77,4.20,0.00,6.78,DStar
1375,5.79,AgentPrefab,Agent,MoveState,Moving,Goal,20.00,0.00,20.00,4.20,0.00,6.78,4.20,0.00,6.79,DStar
1376,5.79,AgentPrefab,Agent,MoveState,Moving,Goal,20.00,0.00,20.00,4.20,0.00,6.79,4.20,0.00,6.79,DStar
1377,5.80,AgentPrefab,Agent,MoveState,Moving,Goal,20.00,0.00,20.00,4.20,0.00,6.79,4.20,0.00,6.80,DStar
1378,5.80,AgentPrefab,Agent,MoveState,Moving,Goal,20.00,0.00,20.00,4.20,0.00,6.80,4.20,0.00,6.81,DStar
1379,5.81,AgentPrefab,Agent,MoveState,Moving,Goal,20.00,0.00,20.00,4.20,0.00,6.81,4.20,0.00,6.82,DStar
1380,5.81,AgentPrefab,Agent,MoveState,Moving,Goal,20.00,0.00,20.00,4.20,0.00,6.82,4.20,0.00,6.83,DStar
1381,5.81,AgentPrefab,Agent,MoveState,Moving,Goal,20.00,0.00,20.00,4.20,0.00,6.83,4.20,0.00,6.84,DStar
1382,5.82,AgentPrefab,Agent,MoveState,Moving,Goal,20.00,0.00,20.00,4.20,0.00,6.84,4.20,0.00,6.84,DStar
1383,5.82,AgentPrefab,Agent,MoveState,Moving,Goal,20.00,0.00,20.00,4.20,0.00,6.84,4.20,0.00,6.85,DStar
1384,5.83,AgentPrefab,Agent,MoveState,Moving,Goal,20.00,0.00,20.00,4.20,0.00,6.85,4.20,0.00,6.86,DStar
1385,5.83,AgentPrefab,Agent,MoveState,Moving,Goal,20.00,0.00,20.00,4.20,0.00,6.86,4.20,0.00,6.87,DStar
1386,5.84,AgentPrefab,Agent,MoveState,Moving,Goal,20.00,0.00,20.00,4.20,0.00,6.87,4.20,0.00,6.88,DStar
1387,5.84,AgentPrefab,Agent,MoveState,Moving,Goal,20.00,0.00,20.00,4.20,0.00,6.88,4.20,0.00,6.89,DStar
1388,5.84,AgentPrefab,Agent,MoveState,Moving,Goal,20.00,0.00,20.00,4.20,0.00,6.89,4.20,0.00,6.90,DStar
1389,5.85,AgentPrefab,Agent,MoveState,Moving,Goal,20.00,0.00,20.00,4.20,0.00,6.90,4.20,0.00,6.90,DStar
1390,5.85,AgentPrefab,Agent,MoveState,Moving,Goal,20.00,0.00,20.00,4.20,0.00,6.90,4.20,0.00,6.91,DStar
1391,5.86,AgentPrefab,Agent,MoveState,Moving,Goal,20.00,0.00,20.00,4.20,0.00,6.91,4.20,0.00,6.92,DStar
1392,5.86,AgentPrefab,Agent,MoveState,Moving,Goal,20.00,0.00,20.00,4.20,0.00,6.92,4.20,0.00,6.93,DStar
1393,5.87,AgentPrefab,Agent,MoveState,Moving,Goal,20.00,0.00,20.00,4.20,0.00,6.93,4.20,0.00,6.94,DStar
1394,5.87,AgentPrefab,Agent,MoveState,Moving,Goal,20.00,0.00,20.00,4.20,0.00,6.94,4.20,0.00,6.95,DStar
1395,5.88,AgentPrefab,Agent,MoveState,Moving,Goal,20.00,0.00,20.00,4.20,0.00,6.95,4.20,0.00,6.96,DStar
1396,5.88,AgentPrefab,Agent,MoveState,Moving,Goal,20.00,0.00,20.00,4.20,0.00,6.96,4.20,0.00,6.97,DStar
1397,5.89,AgentPrefab,Agent,MoveState,Moving,Goal,20.00,0.00,20.00,4.20,0.00,6.97,4.20,0.00,6.98,DStar
1398,5.89,AgentPrefab,Agent,MoveState,Moving,Goal,20.00,0.00,20.00,4.20,0.00,6.98,4.20,0.00,6.99,DStar
1399,5.89,AgentPrefab,Agent,MoveState,Moving,Goal,20.00,0.00,20.00,4.20,0.00,6.99,4.20,0.00,6.99,DStar
1400,5.90,AgentPrefab,Agent,MoveState,Moving,Goal,20.00,0.00,20.00,4.20,0.00,6.99,4.20,0.00,7.00,DStar
1401,5.90,AgentPrefab,Agent,MoveState,Moving,Goal,20.00,0.00,20.00,4.20,0.00,7.00,4.20,0.00,7.01,DStar
1402,5.91,AgentPrefab,Agent,MoveState,Moving,Goal,20.00,0.00,20.00,4.20,0.00,7.01,4.20,0.00,7.02,DStar
1403,5.91,AgentPrefab,Agent,MoveState,Moving,Goal,20.00,0.00,20.00,4.20,0.00,7.02,4.20,0.00,7.03,DStar
1404,5.91,AgentPrefab,Agent,MoveState,Moving,Goal,20.00,0.00,20.00,4.20,0.00,7.03,4.20,0.00,7.04,DStar
1405,5.92,AgentPrefab,Agent,MoveState,Moving,Goal,20.00,0.00,20.00,4.20,0.00,7.04,4.20,0.00,7.04,DStar
1406,5.92,AgentPrefab,Agent,MoveState,Moving,Goal,20.00,0.00,20.00,4.20,0.00,7.04,4.20,0.00,7.05,DStar
1407,5.93,AgentPrefab,Agent,MoveState,Moving,Goal,20.00,0.00,20.00,4.20,0.00,7.05,4.20,0.00,7.06,DStar
1408,5.93,AgentPrefab,Agent,MoveState,Moving,Goal,20.00,0.00,20.00,4.20,0.00,7.06,4.20,0.00,7.07,DStar
1409,5.94,AgentPrefab,Agent,MoveState,Moving,Goal,20.00,0.00,20.00,4.20,0.00,7.07,4.20,0.00,7.08,DStar
1410,5.94,AgentPrefab,Agent,MoveState,Moving,Goal,20.00,0.00,20.00,4.20,0.00,7.08,4.20,0.00,7.09,DStar
1411,5.95,AgentPrefab,Agent,MoveState,Moving,Goal,20.00,0.00,20.00,4.20,0.00,7.09,4.20,0.00,7.10,DStar
1412,5.95,AgentPrefab,Agent,MoveState,Moving,Goal,20.00,0.00,20.00,4.20,0.00,7.10,4.20,0.00,7.11,DStar
1413,5.95,AgentPrefab,Agent,MoveState,Moving,Goal,20.00,0.00,20.00,4.20,0.00,7.11,4.20,0.00,7.12,DStar
1414,5.96,AgentPrefab,Agent,MoveState,Moving,Goal,20.00,0.00,20.00,4.20,0.00,7.12,4.20,0.00,7.12,DStar
1415,5.96,AgentPrefab,Agent,MoveState,Moving,Goal,20.00,0.00,20.00,4.20,0.00,7.12,4.20,0.00,7.13,DStar
1416,5.97,AgentPrefab,Agent,MoveState,Moving,Goal,20.00,0.00,20.00,4.20,0.00,7.13,4.20,0.00,7.14,DStar
1417,5.97,AgentPrefab,Agent,MoveState,Moving,Goal,20.00,0.00,20.00,4.20,0.00,7.14,4.20,0.00,7.15,DStar
1418,5.98,AgentPrefab,Agent,MoveState,Moving,Goal,20.00,0.00,20.00,4.20,0.00,7.15,4.20,0.00,7.16,DStar
1419,5.98,AgentPrefab,Agent,MoveState,Moving,Goal,20.00,0.00,20.00,4.20,0.00,7.16,4.20,0.00,7.17,DStar
1420,5.98,AgentPrefab,Agent,MoveState,Moving,Goal,20.00,0.00,20.00,4.20,0.00,7.17,4.20,0.00,7.17,DStar
1421,5.99,AgentPrefab,Agent,MoveState,Moving,Goal,20.00,0.00,20.00,4.20,0.00,7.17,4.20,0.00,7.18,DStar
1422,5.99,AgentPrefab,Agent,MoveState,Moving,Goal,20.00,0.00,20.00,4.20,0.00,7.18,4.20,0.00,7.19,DStar
1423,6.00,AgentPrefab,Agent,MoveState,Moving,Goal,20.00,0.00,20.00,4.20,0.00,7.19,4.20,0.00,7.20,DStar
1424,6.00,AgentPrefab,Agent,MoveState,Moving,Goal,20.00,0.00,20.00,4.20,0.00,7.20,4.21,0.00,7.21,DStar
1425,6.01,AgentPrefab,Agent,MoveState,Moving,Goal,20.00,0.00,20.00,4.21,0.00,7.21,4.21,0.00,7.21,DStar
1426,6.01,AgentPrefab,Agent,MoveState,Moving,Goal,20.00,0.00,20.00,4.21,0.00,7.21,4.22,0.00,7.22,DStar
1427,6.02,AgentPrefab,Agent,MoveState,Moving,Goal,20.00,0.00,20.00,4.22,0.00,7.22,4.22,0.00,7.22,DStar
1428,6.02,AgentPrefab,Agent,MoveState,Moving,Goal,20.00,0.00,20.00,4.22,0.00,7.22,4.23,0.00,7.23,DStar
1429,6.02,AgentPrefab,Agent,MoveState,Moving,Goal,20.00,0.00,20.00,4.23,0.00,7.23,4.24,0.00,7.24,DStar
1430,6.03,AgentPrefab,Agent,MoveState,Moving,Goal,20.00,0.00,20.00,4.24,0.00,7.24,4.24,0.00,7.24,DStar
1431,6.03,AgentPrefab,Agent,MoveState,Moving,Goal,20.00,0.00,20.00,4.24,0.00,7.24,4.25,0.00,7.25,DStar
1432,6.04,AgentPrefab,Agent,MoveState,Moving,Goal,20.00,0.00,20.00,4.25,0.00,7.25,4.25,0.00,7.25,DStar
1433,6.04,AgentPrefab,Agent,MoveState,Moving,Goal,20.00,0.00,20.00,4.25,0.00,7.25,4.26,0.00,7.26,DStar
1434,6.05,AgentPrefab,Agent,MoveState,Moving,Goal,20.00,0.00,20.00,4.26,0.00,7.26,4.27,0.00,7.27,DStar
1435,6.05,AgentPrefab,Agent,MoveState,Moving,Goal,20.00,0.00,20.00,4.27,0.00,7.27,4.27,0.00,7.27,DStar
1436,6.05,AgentPrefab,Agent,MoveState,Moving,Goal,20.00,0.00,20.00,4.27,0.00,7.27,4.28,0.00,7.28,DStar
1437,6.06,AgentPrefab,Agent,MoveState,Moving,Goal,20.00,0.00,20.00,4.28,0.00,7.28,4.28,0.00,7.28,DStar
1438,6.06,AgentPrefab,Agent,MoveState,Moving,Goal,20.00,0.00,20.00,4.28,0.00,7.28,4.29,0.00,7.29,DStar
1439,6.07,AgentPrefab,Agent,MoveState,Moving,Goal,20.00,0.00,20.00,4.29,0.00,7.29,4.30,0.00,7.30,DStar
1440,6.07,AgentPrefab,Agent,MoveState,Moving,Goal,20.00,0.00,20.00,4.30,0.00,7.30,4.30,0.00,7.30,DStar
1441,6.08,AgentPrefab,Agent,MoveState,Moving,Goal,20.00,0.00,20.00,4.30,0.00,7.30,4.31,0.00,7.31,DStar
1442,6.08,AgentPrefab,Agent,MoveState,Moving,Goal,20.00,0.00,20.00,4.31,0.00,7.31,4.32,0.00,7.32,DStar
1443,6.09,AgentPrefab,Agent,MoveState,Moving,Goal,20.00,0.00,20.00,4.32,0.00,7.32,4.32,0.00,7.32,DStar
1444,6.09,AgentPrefab,Agent,MoveState,Moving,Goal,20.00,0.00,20.00,4.32,0.00,7.32,4.33,0.00,7.33,DStar
1445,6.10,AgentPrefab,Agent,MoveState,Moving,Goal,20.00,0.00,20.00,4.33,0.00,7.33,4.34,0.00,7.34,DStar
1446,6.10,AgentPrefab,Agent,MoveState,Moving,Goal,20.00,0.00,20.00,4.34,0.00,7.34,4.34,0.00,7.34,DStar
1447,6.10,AgentPrefab,Agent,MoveState,Moving,Goal,20.00,0.00,20.00,4.34,0.00,7.34,4.35,0.00,7.35,DStar
1448,6.11,AgentPrefab,Agent,MoveState,Moving,Goal,20.00,0.00,20.00,4.35,0.00,7.35,4.36,0.00,7.36,DStar
1449,6.11,AgentPrefab,Agent,MoveState,Moving,Goal,20.00,0.00,20.00,4.36,0.00,7.36,4.36,0.00,7.36,DStar
1450,6.12,AgentPrefab,Agent,MoveState,Moving,Goal,20.00,0.00,20.00,4.36,0.00,7.36,4.37,0.00,7.37,DStar
1451,6.12,AgentPrefab,Agent,MoveState,Moving,Goal,20.00,0.00,20.00,4.37,0.00,7.37,4.37,0.00,7.37,DStar
1452,6.13,AgentPrefab,Agent,MoveState,Moving,Goal,20.00,0.00,20.00,4.37,0.00,7.37,4.38,0.00,7.38,DStar
1453,6.13,AgentPrefab,Agent,MoveState,Moving,Goal,20.00,0.00,20.00,4.38,0.00,7.38,4.39,0.00,7.39,DStar
1454,6.14,AgentPrefab,Agent,MoveState,Moving,Goal,20.00,0.00,20.00,4.39,0.00,7.39,4.39,0.00,7.39,DStar
1455,6.14,AgentPrefab,Agent,MoveState,Moving,Goal,20.00,0.00,20.00,4.39,0.00,7.39,4.40,0.00,7.40,DStar
1456,6.14,AgentPrefab,Agent,MoveState,Moving,Goal,20.00,0.00,20.00,4.40,0.00,7.40,4.40,0.00,7.40,DStar
1457,6.15,AgentPrefab,Agent,MoveState,Moving,Goal,20.00,0.00,20.00,4.40,0.00,7.40,4.41,0.00,7.41,DStar
1458,6.15,AgentPrefab,Agent,MoveState,Moving,Goal,20.00,0.00,20.00,4.41,0.00,7.41,4.42,0.00,7.42,DStar
1459,6.16,AgentPrefab,Agent,MoveState,Moving,Goal,20.00,0.00,20.00,4.42,0.00,7.42,4.42,0.00,7.42,DStar
1460,6.16,AgentPrefab,Agent,MoveState,Moving,Goal,20.00,0.00,20.00,4.42,0.00,7.42,4.43,0.00,7.43,DStar
1461,6.17,AgentPrefab,Agent,MoveState,Moving,Goal,20.00,0.00,20.00,4.43,0.00,7.43,4.43,0.00,7.43,DStar
1462,6.17,AgentPrefab,Agent,MoveState,Moving,Goal,20.00,0.00,20.00,4.43,0.00,7.43,4.44,0.00,7.44,DStar
1463,6.17,AgentPrefab,Agent,MoveState,Moving,Goal,20.00,0.00,20.00,4.44,0.00,7.44,4.45,0.00,7.45,DStar
1464,6.18,AgentPrefab,Agent,MoveState,Moving,Goal,20.00,0.00,20.00,4.45,0.00,7.45,4.45,0.00,7.45,DStar
1465,6.18,AgentPrefab,Agent,MoveState,Moving,Goal,20.00,0.00,20.00,4.45,0.00,7.45,4.46,0.00,7.46,DStar
1466,6.19,AgentPrefab,Agent,MoveState,Moving,Goal,20.00,0.00,20.00,4.46,0.00,7.46,4.46,0.00,7.46,DStar
1467,6.19,AgentPrefab,Agent,MoveState,Moving,Goal,20.00,0.00,20.00,4.46,0.00,7.46,4.47,0.00,7.47,DStar
1468,6.20,AgentPrefab,Agent,MoveState,Moving,Goal,20.00,0.00,20.00,4.47,0.00,7.47,4.48,0.00,7.48,DStar
1469,6.20,AgentPrefab,Agent,MoveState,Moving,Goal,20.00,0.00,20.00,4.48,0.00,7.48,4.48,0.00,7.48,DStar
1470,6.20,AgentPrefab,Agent,MoveState,Moving,Goal,20.00,0.00,20.00,4.48,0.00,7.48,4.49,0.00,7.49,DStar
1471,6.21,AgentPrefab,Agent,MoveState,Moving,Goal,20.00,0.00,20.00,4.49,0.00,7.49,4.49,0.00,7.49,DStar
1472,6.21,AgentPrefab,Agent,MoveState,Moving,Goal,20.00,0.00,20.00,4.49,0.00,7.49,4.50,0.00,7.50,DStar
1473,6.22,AgentPrefab,Agent,MoveState,Moving,Goal,20.00,0.00,20.00,4.50,0.00,7.50,4.51,0.00,7.51,DStar
1474,6.22,AgentPrefab,Agent,MoveState,Moving,Goal,20.00,0.00,20.00,4.51,0.00,7.51,4.51,0.00,7.51,DStar
1475,6.22,AgentPrefab,Agent,MoveState,Moving,Goal,20.00,0.00,20.00,4.51,0.00,7.51,4.52,0.00,7.52,DStar
1476,6.23,AgentPrefab,Agent,MoveState,Moving,Goal,20.00,0.00,20.00,4.52,0.00,7.52,4.52,0.00,7.52,DStar
1477,6.23,AgentPrefab,Agent,MoveState,Moving,Goal,20.00,0.00,20.00,4.52,0.00,7.52,4.53,0.00,7.53,DStar
1478,6.24,AgentPrefab,Agent,MoveState,Moving,Goal,20.00,0.00,20.00,4.53,0.00,7.53,4.54,0.00,7.54,DStar
1479,6.24,AgentPrefab,Agent,MoveState,Moving,Goal,20.00,0.00,20.00,4.54,0.00,7.54,4.54,0.00,7.54,DStar
1480,6.25,AgentPrefab,Agent,MoveState,Moving,Goal,20.00,0.00,20.00,4.54,0.00,7.54,4.55,0.00,7.55,DStar
1481,6.25,AgentPrefab,Agent,MoveState,Moving,Goal,20.00,0.00,20.00,4.55,0.00,7.55,4.56,0.00,7.56,DStar
1482,6.25,AgentPrefab,Agent,MoveState,Moving,Goal,20.00,0.00,20.00,4.56,0.00,7.56,4.56,0.00,7.56,DStar
1483,6.26,AgentPrefab,Agent,MoveState,Moving,Goal,20.00,0.00,20.00,4.56,0.00,7.56,4.57,0.00,7.57,DStar
1484,6.26,AgentPrefab,Agent,MoveState,Moving,Goal,20.00,0.00,20.00,4.57,0.00,7.57,4.57,0.00,7.57,DStar
1485,6.27,AgentPrefab,Agent,MoveState,Moving,Goal,20.00,0.00,20.00,4.57,0.00,7.57,4.58,0.00,7.58,DStar
1486,6.27,AgentPrefab,Agent,MoveState,Moving,Goal,20.00,0.00,20.00,4.58,0.00,7.58,4.58,0.00,7.58,DStar
1487,6.28,AgentPrefab,Agent,MoveState,Moving,Goal,20.00,0.00,20.00,4.58,0.00,7.58,4.59,0.00,7.59,DStar
1488,6.28,AgentPrefab,Agent,MoveState,Moving,Goal,20.00,0.00,20.00,4.59,0.00,7.59,4.60,0.00,7.60,DStar
1489,6.29,AgentPrefab,Agent,MoveState,Moving,Goal,20.00,0.00,20.00,4.60,0.00,7.60,4.60,0.00,7.60,DStar
1490,6.29,AgentPrefab,Agent,MoveState,Moving,Goal,20.00,0.00,20.00,4.60,0.00,7.60,4.61,0.00,7.61,DStar
1491,6.29,AgentPrefab,Agent,MoveState,Moving,Goal,20.00,0.00,20.00,4.61,0.00,7.61,4.62,0.00,7.62,DStar
1492,6.30,AgentPrefab,Agent,MoveState,Moving,Goal,20.00,0.00,20.00,4.62,0.00,7.62,4.62,0.00,7.62,DStar
1493,6.30,AgentPrefab,Agent,MoveState,Moving,Goal,20.00,0.00,20.00,4.62,0.00,7.62,4.63,0.00,7.63,DStar
1494,6.31,AgentPrefab,Agent,MoveState,Moving,Goal,20.00,0.00,20.00,4.63,0.00,7.63,4.63,0.00,7.63,DStar
1495,6.31,AgentPrefab,Agent,MoveState,Moving,Goal,20.00,0.00,20.00,4.63,0.00,7.63,4.64,0.00,7.64,DStar
1496,6.31,AgentPrefab,Agent,MoveState,Moving,Goal,20.00,0.00,20.00,4.64,0.00,7.64,4.65,0.00,7.65,DStar
1497,6.32,AgentPrefab,Agent,MoveState,Moving,Goal,20.00,0.00,20.00,4.65,0.00,7.65,4.65,0.00,7.65,DStar
1498,6.32,AgentPrefab,Agent,MoveState,Moving,Goal,20.00,0.00,20.00,4.65,0.00,7.65,4.66,0.00,7.66,DStar
1499,6.33,AgentPrefab,Agent,MoveState,Moving,Goal,20.00,0.00,20.00,4.66,0.00,7.66,4.66,0.00,7.66,DStar
1500,6.33,AgentPrefab,Agent,MoveState,Moving,Goal,20.00,0.00,20.00,4.66,0.00,7.66,4.67,0.00,7.67,DStar
1501,6.34,AgentPrefab,Agent,MoveState,Moving,Goal,20.00,0.00,20.00,4.67,0.00,7.67,4.68,0.00,7.68,DStar
1502,6.34,AgentPrefab,Agent,MoveState,Moving,Goal,20.00,0.00,20.00,4.68,0.00,7.68,4.68,0.00,7.68,DStar
1503,6.34,AgentPrefab,Agent,MoveState,Moving,Goal,20.00,0.00,20.00,4.68,0.00,7.68,4.69,0.00,7.69,DStar
1504,6.35,AgentPrefab,Agent,MoveState,Moving,Goal,20.00,0.00,20.00,4.69,0.00,7.69,4.69,0.00,7.69,DStar
1505,6.35,AgentPrefab,Agent,MoveState,Moving,Goal,20.00,0.00,20.00,4.69,0.00,7.69,4.70,0.00,7.70,DStar
1506,6.36,AgentPrefab,Agent,MoveState,Moving,Goal,20.00,0.00,20.00,4.70,0.00,7.70,4.70,0.00,7.70,DStar
1507,6.36,AgentPrefab,Agent,MoveState,Moving,Goal,20.00,0.00,20.00,4.70,0.00,7.70,4.71,0.00,7.71,DStar
1508,6.37,AgentPrefab,Agent,MoveState,Moving,Goal,20.00,0.00,20.00,4.71,0.00,7.71,4.72,0.00,7.72,DStar
1509,6.37,AgentPrefab,Agent,MoveState,Moving,Goal,20.00,0.00,20.00,4.72,0.00,7.72,4.72,0.00,7.72,DStar
1510,6.37,AgentPrefab,Agent,MoveState,Moving,Goal,20.00,0.00,20.00,4.72,0.00,7.72,4.73,0.00,7.73,DStar
1511,6.38,AgentPrefab,Agent,MoveState,Moving,Goal,20.00,0.00,20.00,4.73,0.00,7.73,4.74,0.00,7.74,DStar
1512,6.38,AgentPrefab,Agent,MoveState,Moving,Goal,20.00,0.00,20.00,4.74,0.00,7.74,4.74,0.00,7.74,DStar
1513,6.39,AgentPrefab,Agent,MoveState,Moving,Goal,20.00,0.00,20.00,4.74,0.00,7.74,4.75,0.00,7.75,DStar
1514,6.39,AgentPrefab,Agent,MoveState,Moving,Goal,20.00,0.00,20.00,4.75,0.00,7.75,4.75,0.00,7.75,DStar
1515,6.39,AgentPrefab,Agent,MoveState,Moving,Goal,20.00,0.00,20.00,4.75,0.00,7.75,4.76,0.00,7.76,DStar
1516,6.40,AgentPrefab,Agent,MoveState,Moving,Goal,20.00,0.00,20.00,4.76,0.00,7.76,4.76,0.00,7.76,DStar
1517,6.40,AgentPrefab,Agent,MoveState,Moving,Goal,20.00,0.00,20.00,4.76,0.00,7.76,4.77,0.00,7.77,DStar
1518,6.41,AgentPrefab,Agent,MoveState,Moving,Goal,20.00,0.00,20.00,4.77,0.00,7.77,4.78,0.00,7.78,DStar
1519,6.41,AgentPrefab,Agent,MoveState,Moving,Goal,20.00,0.00,20.00,4.78,0.00,7.78,4.78,0.00,7.78,DStar
1520,6.42,AgentPrefab,Agent,MoveState,Moving,Goal,20.00,0.00,20.00,4.78,0.00,7.78,4.79,0.00,7.79,DStar
1521,6.42,AgentPrefab,Agent,MoveState,Moving,Goal,20.00,0.00,20.00,4.79,0.00,7.79,4.80,0.00,7.80,DStar
1522,6.43,AgentPrefab,Agent,MoveState,Moving,Goal,20.00,0.00,20.00,4.80,0.00,7.80,4.80,0.00,7.80,DStar
1523,6.43,AgentPrefab,Agent,MoveState,Moving,Goal,20.00,0.00,20.00,4.80,0.00,7.80,4.81,0.00,7.81,DStar
1524,6.43,AgentPrefab,Agent,MoveState,Moving,Goal,20.00,0.00,20.00,4.81,0.00,7.81,4.82,0.00,7.82,DStar
1525,6.44,AgentPrefab,Agent,MoveState,Moving,Goal,20.00,0.00,20.00,4.82,0.00,7.82,4.82,0.00,7.82,DStar
1526,6.44,AgentPrefab,Agent,MoveState,Moving,Goal,20.00,0.00,20.00,4.82,0.00,7.82,4.83,0.00,7.83,DStar
1527,6.45,AgentPrefab,Agent,MoveState,Moving,Goal,20.00,0.00,20.00,4.83,0.00,7.83,4.84,0.00,7.84,DStar
1528,6.45,AgentPrefab,Agent,MoveState,Moving,Goal,20.00,0.00,20.00,4.84,0.00,7.84,4.84,0.00,7.84,DStar
1529,6.46,AgentPrefab,Agent,MoveState,Moving,Goal,20.00,0.00,20.00,4.84,0.00,7.84,4.85,0.00,7.85,DStar
1530,6.46,AgentPrefab,Agent,MoveState,Moving,Goal,20.00,0.00,20.00,4.85,0.00,7.85,4.85,0.00,7.85,DStar
1531,6.47,AgentPrefab,Agent,MoveState,Moving,Goal,20.00,0.00,20.00,4.85,0.00,7.85,4.86,0.00,7.86,DStar
1532,6.47,AgentPrefab,Agent,MoveState,Moving,Goal,20.00,0.00,20.00,4.86,0.00,7.86,4.86,0.00,7.86,DStar
1533,6.47,AgentPrefab,Agent,MoveState,Moving,Goal,20.00,0.00,20.00,4.86,0.00,7.86,4.87,0.00,7.87,DStar
1534,6.48,AgentPrefab,Agent,MoveState,Moving,Goal,20.00,0.00,20.00,4.87,0.00,7.87,4.88,0.00,7.88,DStar
1535,6.48,AgentPrefab,Agent,MoveState,Moving,Goal,20.00,0.00,20.00,4.88,0.00,7.88,4.88,0.00,7.88,DStar
1536,6.49,AgentPrefab,Agent,MoveState,Moving,Goal,20.00,0.00,20.00,4.88,0.00,7.88,4.89,0.00,7.89,DStar
1537,6.49,AgentPrefab,Agent,MoveState,Moving,Goal,20.00,0.00,20.00,4.89,0.00,7.89,4.89,0.00,7.89,DStar
1538,6.50,AgentPrefab,Agent,MoveState,Moving,Goal,20.00,0.00,20.00,4.89,0.00,7.89,4.90,0.00,7.90,DStar
1539,6.50,AgentPrefab,Agent,MoveState,Moving,Goal,20.00,0.00,20.00,4.90,0.00,7.90,4.91,0.00,7.91,DStar
1540,6.50,AgentPrefab,Agent,MoveState,Moving,Goal,20.00,0.00,20.00,4.91,0.00,7.91,4.91,0.00,7.91,DStar
1541,6.51,AgentPrefab,Agent,MoveState,Moving,Goal,20.00,0.00,20.00,4.91,0.00,7.91,4.92,0.00,7.92,DStar
1542,6.51,AgentPrefab,Agent,MoveState,Moving,Goal,20.00,0.00,20.00,4.92,0.00,7.92,4.93,0.00,7.93,DStar
1543,6.52,AgentPrefab,Agent,MoveState,Moving,Goal,20.00,0.00,20.00,4.93,0.00,7.93,4.93,0.00,7.93,DStar
1544,6.52,AgentPrefab,Agent,MoveState,Moving,Goal,20.00,0.00,20.00,4.93,0.00,7.93,4.94,0.00,7.94,DStar
1545,6.53,AgentPrefab,Agent,MoveState,Moving,Goal,20.00,0.00,20.00,4.94,0.00,7.94,4.94,0.00,7.94,DStar
1546,6.53,AgentPrefab,Agent,MoveState,Moving,Goal,20.00,0.00,20.00,4.94,0.00,7.94,4.95,0.00,7.95,DStar
1547,6.53,AgentPrefab,Agent,MoveState,Moving,Goal,20.00,0.00,20.00,4.95,0.00,7.95,4.96,0.00,7.96,DStar
1548,6.54,AgentPrefab,Agent,MoveState,Moving,Goal,20.00,0.00,20.00,4.96,0.00,7.96,4.96,0.00,7.96,DStar
1549,6.54,AgentPrefab,Agent,MoveState,Moving,Goal,20.00,0.00,20.00,4.96,0.00,7.96,4.97,0.00,7.97,DStar
1550,6.55,AgentPrefab,Agent,MoveState,Moving,Goal,20.00,0.00,20.00,4.97,0.00,7.97,4.97,0.00,7.97,DStar
1551,6.55,AgentPrefab,Agent,MoveState,Moving,Goal,20.00,0.00,20.00,4.97,0.00,7.97,4.98,0.00,7.98,DStar
1552,6.55,AgentPrefab,Agent,MoveState,Moving,Goal,20.00,0.00,20.00,4.98,0.00,7.98,4.99,0.00,7.99,DStar
1553,6.56,AgentPrefab,Agent,MoveState,Moving,Goal,20.00,0.00,20.00,4.99,0.00,7.99,4.99,0.00,7.99,DStar
1554,6.56,AgentPrefab,Agent,MoveState,Moving,Goal,20.00,0.00,20.00,4.99,0.00,7.99,5.00,0.00,8.00,DStar
1555,6.57,AgentPrefab,Agent,MoveState,Moving,Goal,20.00,0.00,20.00,5.00,0.00,8.00,5.00,0.00,8.00,DStar
1556,6.57,AgentPrefab,Agent,MoveState,Moving,Goal,20.00,0.00,20.00,5.00,0.00,8.00,5.01,0.00,8.01,DStar
1557,6.58,AgentPrefab,Agent,MoveState,Moving,Goal,20.00,0.00,20.00,5.01,0.00,8.01,5.02,0.00,8.02,DStar
1558,6.58,AgentPrefab,Agent,MoveState,Moving,Goal,20.00,0.00,20.00,5.02,0.00,8.02,5.02,0.00,8.02,DStar
1559,6.58,AgentPrefab,Agent,MoveState,Moving,Goal,20.00,0.00,20.00,5.02,0.00,8.02,5.03,0.00,8.03,DStar
1560,6.59,AgentPrefab,Agent,MoveState,Moving,Goal,20.00,0.00,20.00,5.03,0.00,8.03,5.03,0.00,8.03,DStar
1561,6.59,AgentPrefab,Agent,MoveState,Moving,Goal,20.00,0.00,20.00,5.03,0.00,8.03,5.04,0.00,8.04,DStar
1562,6.60,AgentPrefab,Agent,MoveState,Moving,Goal,20.00,0.00,20.00,5.04,0.00,8.04,5.05,0.00,8.05,DStar
1563,6.60,AgentPrefab,Agent,MoveState,Moving,Goal,20.00,0.00,20.00,5.05,0.00,8.05,5.05,0.00,8.05,DStar
1564,6.61,AgentPrefab,Agent,MoveState,Moving,Goal,20.00,0.00,20.00,5.05,0.00,8.05,5.06,0.00,8.06,DStar
1565,6.61,AgentPrefab,Agent,MoveState,Moving,Goal,20.00,0.00,20.00,5.06,0.00,8.06,5.07,0.00,8.07,DStar
1566,6.62,AgentPrefab,Agent,MoveState,Moving,Goal,20.00,0.00,20.00,5.07,0.00,8.07,5.07,0.00,8.07,DStar
1567,6.62,AgentPrefab,Agent,MoveState,Moving,Goal,20.00,0.00,20.00,5.07,0.00,8.07,5.08,0.00,8.08,DStar
1568,6.62,AgentPrefab,Agent,MoveState,Moving,Goal,20.00,0.00,20.00,5.08,0.00,8.08,5.08,0.00,8.08,DStar
1569,6.63,AgentPrefab,Agent,MoveState,Moving,Goal,20.00,0.00,20.00,5.08,0.00,8.08,5.09,0.00,8.09,DStar
1570,6.63,AgentPrefab,Agent,MoveState,Moving,Goal,20.00,0.00,20.00,5.09,0.00,8.09,5.10,0.00,8.10,DStar
1571,6.64,AgentPrefab,Agent,MoveState,Moving,Goal,20.00,0.00,20.00,5.10,0.00,8.10,5.10,0.00,8.10,DStar
1572,6.64,AgentPrefab,Agent,MoveState,Moving,Goal,20.00,0.00,20.00,5.10,0.00,8.10,5.11,0.00,8.11,DStar
1573,6.65,AgentPrefab,Agent,MoveState,Moving,Goal,20.00,0.00,20.00,5.11,0.00,8.11,5.11,0.00,8.11,DStar
1574,6.65,AgentPrefab,Agent,MoveState,Moving,Goal,20.00,0.00,20.00,5.11,0.00,8.11,5.12,0.00,8.12,DStar
1575,6.65,AgentPrefab,Agent,MoveState,Moving,Goal,20.00,0.00,20.00,5.12,0.00,8.12,5.13,0.00,8.13,DStar
1576,6.66,AgentPrefab,Agent,MoveState,Moving,Goal,20.00,0.00,20.00,5.13,0.00,8.13,5.13,0.00,8.13,DStar
1577,6.66,AgentPrefab,Agent,MoveState,Moving,Goal,20.00,0.00,20.00,5.13,0.00,8.13,5.14,0.00,8.14,DStar
1578,6.67,AgentPrefab,Agent,MoveState,Moving,Goal,20.00,0.00,20.00,5.14,0.00,8.14,5.14,0.00,8.14,DStar
1579,6.67,AgentPrefab,Agent,MoveState,Moving,Goal,20.00,0.00,20.00,5.14,0.00,8.14,5.15,0.00,8.15,DStar
1580,6.68,AgentPrefab,Agent,MoveState,Moving,Goal,20.00,0.00,20.00,5.15,0.00,8.15,5.16,0.00,8.16,DStar
1581,6.68,AgentPrefab,Agent,MoveState,Moving,Goal,20.00,0.00,20.00,5.16,0.00,8.16,5.16,0.00,8.16,DStar
1582,6.68,AgentPrefab,Agent,MoveState,Moving,Goal,20.00,0.00,20.00,5.16,0.00,8.16,5.17,0.00,8.17,DStar
1583,6.69,AgentPrefab,Agent,MoveState,Moving,Goal,20.00,0.00,20.00,5.17,0.00,8.17,5.17,0.00,8.17,DStar
1584,6.69,AgentPrefab,Agent,MoveState,Moving,Goal,20.00,0.00,20.00,5.17,0.00,8.17,5.18,0.00,8.18,DStar
1585,6.70,AgentPrefab,Agent,MoveState,Moving,Goal,20.00,0.00,20.00,5.18,0.00,8.18,5.19,0.00,8.19,DStar
1586,6.70,AgentPrefab,Agent,MoveState,Moving,Goal,20.00,0.00,20.00,5.19,0.00,8.19,5.19,0.00,8.19,DStar
1587,6.71,AgentPrefab,Agent,MoveState,Moving,Goal,20.00,0.00,20.00,5.19,0.00,8.19,5.20,0.00,8.20,DStar
1588,6.71,AgentPrefab,Agent,MoveState,Moving,Goal,20.00,0.00,20.00,5.20,0.00,8.20,5.21,0.00,8.21,DStar
1589,6.71,AgentPrefab,Agent,MoveState,Moving,Goal,20.00,0.00,20.00,5.21,0.00,8.21,5.22,0.00,8.22,DStar
1590,6.72,AgentPrefab,Agent,MoveState,Moving,Goal,20.00,0.00,20.00,5.22,0.00,8.22,5.22,0.00,8.22,DStar
1591,6.72,AgentPrefab,Agent,MoveState,Moving,Goal,20.00,0.00,20.00,5.22,0.00,8.22,5.23,0.00,8.23,DStar
1592,6.73,AgentPrefab,Agent,MoveState,Moving,Goal,20.00,0.00,20.00,5.23,0.00,8.23,5.23,0.00,8.23,DStar
1593,6.73,AgentPrefab,Agent,MoveState,Moving,Goal,20.00,0.00,20.00,5.23,0.00,8.23,5.24,0.00,8.24,DStar
1594,6.73,AgentPrefab,Agent,MoveState,Moving,Goal,20.00,0.00,20.00,5.24,0.00,8.24,5.24,0.00,8.24,DStar
1595,6.74,AgentPrefab,Agent,MoveState,Moving,Goal,20.00,0.00,20.00,5.24,0.00,8.24,5.25,0.00,8.25,DStar
1596,6.74,AgentPrefab,Agent,MoveState,Moving,Goal,20.00,0.00,20.00,5.25,0.00,8.25,5.26,0.00,8.26,DStar
1597,6.75,AgentPrefab,Agent,MoveState,Moving,Goal,20.00,0.00,20.00,5.26,0.00,8.26,5.26,0.00,8.26,DStar
1598,6.75,AgentPrefab,Agent,MoveState,Moving,Goal,20.00,0.00,20.00,5.26,0.00,8.26,5.27,0.00,8.27,DStar
1599,6.76,AgentPrefab,Agent,MoveState,Moving,Goal,20.00,0.00,20.00,5.27,0.00,8.27,5.28,0.00,8.28,DStar
1600,6.76,AgentPrefab,Agent,MoveState,Moving,Goal,20.00,0.00,20.00,5.28,0.00,8.28,5.28,0.00,8.28,DStar
1601,6.77,AgentPrefab,Agent,MoveState,Moving,Goal,20.00,0.00,20.00,5.28,0.00,8.28,5.29,0.00,8.29,DStar
1602,6.77,AgentPrefab,Agent,MoveState,Moving,Goal,20.00,0.00,20.00,5.29,0.00,8.29,5.29,0.00,8.29,DStar
1603,6.77,AgentPrefab,Agent,MoveState,Moving,Goal,20.00,0.00,20.00,5.29,0.00,8.29,5.30,0.00,8.30,DStar
1604,6.78,AgentPrefab,Agent,MoveState,Moving,Goal,20.00,0.00,20.00,5.30,0.00,8.30,5.31,0.00,8.31,DStar
1605,6.78,AgentPrefab,Agent,MoveState,Moving,Goal,20.00,0.00,20.00,5.31,0.00,8.31,5.31,0.00,8.31,DStar
1606,6.79,AgentPrefab,Agent,MoveState,Moving,Goal,20.00,0.00,20.00,5.31,0.00,8.31,5.32,0.00,8.32,DStar
1607,6.79,AgentPrefab,Agent,MoveState,Moving,Goal,20.00,0.00,20.00,5.32,0.00,8.32,5.32,0.00,8.32,DStar
1608,6.80,AgentPrefab,Agent,MoveState,Moving,Goal,20.00,0.00,20.00,5.32,0.00,8.32,5.33,0.00,8.33,DStar
1609,6.80,AgentPrefab,Agent,MoveState,Moving,Goal,20.00,0.00,20.00,5.33,0.00,8.33,5.34,0.00,8.34,DStar
1610,6.80,AgentPrefab,Agent,MoveState,Moving,Goal,20.00,0.00,20.00,5.34,0.00,8.34,5.34,0.00,8.34,DStar
1611,6.81,AgentPrefab,Agent,MoveState,Moving,Goal,20.00,0.00,20.00,5.34,0.00,8.34,5.35,0.00,8.35,DStar
1612,6.81,AgentPrefab,Agent,MoveState,Moving,Goal,20.00,0.00,20.00,5.35,0.00,8.35,5.35,0.00,8.35,DStar
1613,6.82,AgentPrefab,Agent,MoveState,Moving,Goal,20.00,0.00,20.00,5.35,0.00,8.35,5.36,0.00,8.36,DStar
1614,6.82,AgentPrefab,Agent,MoveState,Moving,Goal,20.00,0.00,20.00,5.36,0.00,8.36,5.36,0.00,8.36,DStar
1615,6.82,AgentPrefab,Agent,MoveState,Moving,Goal,20.00,0.00,20.00,5.36,0.00,8.36,5.37,0.00,8.37,DStar
1616,6.83,AgentPrefab,Agent,MoveState,Moving,Goal,20.00,0.00,20.00,5.37,0.00,8.37,5.38,0.00,8.38,DStar
1617,6.83,AgentPrefab,Agent,MoveState,Moving,Goal,20.00,0.00,20.00,5.38,0.00,8.38,5.38,0.00,8.38,DStar
1618,6.84,AgentPrefab,Agent,MoveState,Moving,Goal,20.00,0.00,20.00,5.38,0.00,8.38,5.39,0.00,8.39,DStar
1619,6.84,AgentPrefab,Agent,MoveState,Moving,Goal,20.00,0.00,20.00,5.39,0.00,8.39,5.40,0.00,8.40,DStar
1620,6.85,AgentPrefab,Agent,MoveState,Moving,Goal,20.00,0.00,20.00,5.40,0.00,8.40,5.40,0.00,8.40,DStar
1621,6.85,AgentPrefab,Agent,MoveState,Moving,Goal,20.00,0.00,20.00,5.40,0.00,8.40,5.41,0.00,8.41,DStar
1622,6.85,AgentPrefab,Agent,MoveState,Moving,Goal,20.00,0.00,20.00,5.41,0.00,8.41,5.41,0.00,8.41,DStar
1623,6.86,AgentPrefab,Agent,MoveState,Moving,Goal,20.00,0.00,20.00,5.41,0.00,8.41,5.42,0.00,8.42,DStar
1624,6.86,AgentPrefab,Agent,MoveState,Moving,Goal,20.00,0.00,20.00,5.42,0.00,8.42,5.43,0.00,8.43,DStar
1625,6.87,AgentPrefab,Agent,MoveState,Moving,Goal,20.00,0.00,20.00,5.43,0.00,8.43,5.43,0.00,8.43,DStar
1626,6.87,AgentPrefab,Agent,MoveState,Moving,Goal,20.00,0.00,20.00,5.43,0.00,8.43,5.44,0.00,8.44,DStar
1627,6.88,AgentPrefab,Agent,MoveState,Moving,Goal,20.00,0.00,20.00,5.44,0.00,8.44,5.44,0.00,8.44,DStar
1628,6.88,AgentPrefab,Agent,MoveState,Moving,Goal,20.00,0.00,20.00,5.44,0.00,8.44,5.45,0.00,8.45,DStar
1629,6.88,AgentPrefab,Agent,MoveState,Moving,Goal,20.00,0.00,20.00,5.45,0.00,8.45,5.46,0.00,8.46,DStar
1630,6.89,AgentPrefab,Agent,MoveState,Moving,Goal,20.00,0.00,20.00,5.46,0.00,8.46,5.46,0.00,8.46,DStar
1631,6.89,AgentPrefab,Agent,MoveState,Moving,Goal,20.00,0.00,20.00,5.46,0.00,8.46,5.47,0.00,8.47,DStar
1632,6.90,AgentPrefab,Agent,MoveState,Moving,Goal,20.00,0.00,20.00,5.47,0.00,8.47,5.47,0.00,8.47,DStar
1633,6.90,AgentPrefab,Agent,MoveState,Moving,Goal,20.00,0.00,20.00,5.47,0.00,8.47,5.48,0.00,8.48,DStar
1634,6.90,AgentPrefab,Agent,MoveState,Moving,Goal,20.00,0.00,20.00,5.48,0.00,8.48,5.49,0.00,8.49,DStar
1635,6.91,AgentPrefab,Agent,MoveState,Moving,Goal,20.00,0.00,20.00,5.49,0.00,8.49,5.49,0.00,8.49,DStar
1636,6.91,AgentPrefab,Agent,MoveState,Moving,Goal,20.00,0.00,20.00,5.49,0.00,8.49,5.50,0.00,8.50,DStar
1637,6.92,AgentPrefab,Agent,MoveState,Moving,Goal,20.00,0.00,20.00,5.50,0.00,8.50,5.51,0.00,8.51,DStar
1638,6.93,AgentPrefab,Agent,MoveState,Moving,Goal,20.00,0.00,20.00,5.51,0.00,8.51,5.51,0.00,8.51,DStar
1639,6.93,AgentPrefab,Agent,MoveState,Moving,Goal,20.00,0.00,20.00,5.51,0.00,8.51,5.52,0.00,8.52,DStar
1640,6.94,AgentPrefab,Agent,MoveState,Moving,Goal,20.00,0.00,20.00,5.52,0.00,8.52,5.53,0.00,8.53,DStar
1641,6.94,AgentPrefab,Agent,MoveState,Moving,Goal,20.00,0.00,20.00,5.53,0.00,8.53,5.54,0.00,8.54,DStar
1642,6.95,AgentPrefab,Agent,MoveState,Moving,Goal,20.00,0.00,20.00,5.54,0.00,8.54,5.54,0.00,8.54,DStar
1643,6.95,AgentPrefab,Agent,MoveState,Moving,Goal,20.00,0.00,20.00,5.54,0.00,8.54,5.55,0.00,8.55,DStar
1644,6.95,AgentPrefab,Agent,MoveState,Moving,Goal,20.00,0.00,20.00,5.55,0.00,8.55,5.55,0.00,8.55,DStar
1645,6.96,AgentPrefab,Agent,MoveState,Moving,Goal,20.00,0.00,20.00,5.55,0.00,8.55,5.56,0.00,8.56,DStar
1646,6.96,AgentPrefab,Agent,MoveState,Moving,Goal,20.00,0.00,20.00,5.56,0.00,8.56,5.57,0.00,8.57,DStar
1647,6.97,AgentPrefab,Agent,MoveState,Moving,Goal,20.00,0.00,20.00,5.57,0.00,8.57,5.57,0.00,8.57,DStar
1648,6.97,AgentPrefab,Agent,MoveState,Moving,Goal,20.00,0.00,20.00,5.57,0.00,8.57,5.58,0.00,8.58,DStar
1649,6.97,AgentPrefab,Agent,MoveState,Moving,Goal,20.00,0.00,20.00,5.58,0.00,8.58,5.58,0.00,8.58,DStar
1650,6.98,AgentPrefab,Agent,MoveState,Moving,Goal,20.00,0.00,20.00,5.58,0.00,8.58,5.59,0.00,8.59,DStar
1651,6.98,AgentPrefab,Agent,MoveState,Moving,Goal,20.00,0.00,20.00,5.59,0.00,8.59,5.59,0.00,8.59,DStar
1652,6.99,AgentPrefab,Agent,MoveState,Moving,Goal,20.00,0.00,20.00,5.59,0.00,8.59,5.60,0.00,8.60,DStar
1653,6.99,AgentPrefab,Agent,MoveState,Moving,Goal,20.00,0.00,20.00,5.60,0.00,8.60,5.61,0.00,8.61,DStar
1654,7.00,AgentPrefab,Agent,MoveState,Moving,Goal,20.00,0.00,20.00,5.61,0.00,8.61,5.61,0.00,8.61,DStar
1655,7.00,AgentPrefab,Agent,MoveState,Moving,Goal,20.00,0.00,20.00,5.61,0.00,8.61,5.62,0.00,8.62,DStar
1656,7.00,AgentPrefab,Agent,MoveState,Moving,Goal,20.00,0.00,20.00,5.62,0.00,8.62,5.63,0.00,8.63,DStar
1657,7.01,AgentPrefab,Agent,MoveState,Moving,Goal,20.00,0.00,20.00,5.63,0.00,8.63,5.63,0.00,8.63,DStar
1658,7.01,AgentPrefab,Agent,MoveState,Moving,Goal,20.00,0.00,20.00,5.63,0.00,8.63,5.64,0.00,8.64,DStar
1659,7.02,AgentPrefab,Agent,MoveState,Moving,Goal,20.00,0.00,20.00,5.64,0.00,8.64,5.64,0.00,8.64,DStar
1660,7.02,AgentPrefab,Agent,MoveState,Moving,Goal,20.00,0.00,20.00,5.64,0.00,8.64,5.65,0.00,8.65,DStar
1661,7.03,AgentPrefab,Agent,MoveState,Moving,Goal,20.00,0.00,20.00,5.65,0.00,8.65,5.66,0.00,8.66,DStar
1662,7.03,AgentPrefab,Agent,MoveState,Moving,Goal,20.00,0.00,20.00,5.66,0.00,8.66,5.66,0.00,8.66,DStar
1663,7.04,AgentPrefab,Agent,MoveState,Moving,Goal,20.00,0.00,20.00,5.66,0.00,8.66,5.67,0.00,8.67,DStar
1664,7.04,AgentPrefab,Agent,MoveState,Moving,Goal,20.00,0.00,20.00,5.67,0.00,8.67,5.68,0.00,8.68,DStar
1665,7.04,AgentPrefab,Agent,MoveState,Moving,Goal,20.00,0.00,20.00,5.68,0.00,8.68,5.68,0.00,8.68,DStar
1666,7.05,AgentPrefab,Agent,MoveState,Moving,Goal,20.00,0.00,20.00,5.68,0.00,8.68,5.69,0.00,8.69,DStar
1667,7.05,AgentPrefab,Agent,MoveState,Moving,Goal,20.00,0.00,20.00,5.69,0.00,8.69,5.69,0.00,8.69,DStar
1668,7.06,AgentPrefab,Agent,MoveState,Moving,Goal,20.00,0.00,20.00,5.69,0.00,8.69,5.70,0.00,8.70,DStar
1669,7.06,AgentPrefab,Agent,MoveState,Moving,Goal,20.00,0.00,20.00,5.70,0.00,8.70,5.71,0.00,8.71,DStar
1670,7.06,AgentPrefab,Agent,MoveState,Moving,Goal,20.00,0.00,20.00,5.71,0.00,8.71,5.71,0.00,8.71,DStar
1671,7.07,AgentPrefab,Agent,MoveState,Moving,Goal,20.00,0.00,20.00,5.71,0.00,8.71,5.72,0.00,8.72,DStar
1672,7.07,AgentPrefab,Agent,MoveState,Moving,Goal,20.00,0.00,20.00,5.72,0.00,8.72,5.72,0.00,8.72,DStar
1673,7.08,AgentPrefab,Agent,MoveState,Moving,Goal,20.00,0.00,20.00,5.72,0.00,8.72,5.73,0.00,8.73,DStar
1674,7.08,AgentPrefab,Agent,MoveState,Moving,Goal,20.00,0.00,20.00,5.73,0.00,8.73,5.74,0.00,8.74,DStar
1675,7.09,AgentPrefab,Agent,MoveState,Moving,Goal,20.00,0.00,20.00,5.74,0.00,8.74,5.74,0.00,8.74,DStar
1676,7.09,AgentPrefab,Agent,MoveState,Moving,Goal,20.00,0.00,20.00,5.74,0.00,8.74,5.75,0.00,8.75,DStar
1677,7.09,AgentPrefab,Agent,MoveState,Moving,Goal,20.00,0.00,20.00,5.75,0.00,8.75,5.75,0.00,8.75,DStar
1678,7.10,AgentPrefab,Agent,MoveState,Moving,Goal,20.00,0.00,20.00,5.75,0.00,8.75,5.76,0.00,8.76,DStar
1679,7.10,AgentPrefab,Agent,MoveState,Moving,Goal,20.00,0.00,20.00,5.76,0.00,8.76,5.76,0.00,8.76,DStar
1680,7.11,AgentPrefab,Agent,MoveState,Moving,Goal,20.00,0.00,20.00,5.76,0.00,8.76,5.77,0.00,8.77,DStar
1681,7.11,AgentPrefab,Agent,MoveState,Moving,Goal,20.00,0.00,20.00,5.77,0.00,8.77,5.78,0.00,8.78,DStar
1682,7.12,AgentPrefab,Agent,MoveState,Moving,Goal,20.00,0.00,20.00,5.78,0.00,8.78,5.78,0.00,8.78,DStar
1683,7.12,AgentPrefab,Agent,MoveState,Moving,Goal,20.00,0.00,20.00,5.78,0.00,8.78,5.79,0.00,8.79,DStar
1684,7.12,AgentPrefab,Agent,MoveState,Moving,Goal,20.00,0.00,20.00,5.79,0.00,8.79,5.80,0.00,8.80,DStar
1685,7.13,AgentPrefab,Agent,MoveState,Moving,Goal,20.00,0.00,20.00,5.80,0.00,8.80,5.80,0.00,8.80,DStar
1686,7.13,AgentPrefab,Agent,MoveState,Moving,Goal,20.00,0.00,20.00,5.80,0.00,8.80,5.81,0.00,8.81,DStar
1687,7.14,AgentPrefab,Agent,MoveState,Moving,Goal,20.00,0.00,20.00,5.81,0.00,8.81,5.81,0.00,8.81,DStar
1688,7.14,AgentPrefab,Agent,MoveState,Moving,Goal,20.00,0.00,20.00,5.81,0.00,8.81,5.82,0.00,8.82,DStar
1689,7.15,AgentPrefab,Agent,MoveState,Moving,Goal,20.00,0.00,20.00,5.82,0.00,8.82,5.83,0.00,8.83,DStar
1690,7.15,AgentPrefab,Agent,MoveState,Moving,Goal,20.00,0.00,20.00,5.83,0.00,8.83,5.83,0.00,8.83,DStar
1691,7.15,AgentPrefab,Agent,MoveState,Moving,Goal,20.00,0.00,20.00,5.83,0.00,8.83,5.84,0.00,8.84,DStar
1692,7.16,AgentPrefab,Agent,MoveState,Moving,Goal,20.00,0.00,20.00,5.84,0.00,8.84,5.84,0.00,8.84,DStar
1693,7.16,AgentPrefab,Agent,MoveState,Moving,Goal,20.00,0.00,20.00,5.84,0.00,8.84,5.85,0.00,8.85,DStar
1694,7.17,AgentPrefab,Agent,MoveState,Moving,Goal,20.00,0.00,20.00,5.85,0.00,8.85,5.86,0.00,8.86,DStar
1695,7.17,AgentPrefab,Agent,MoveState,Moving,Goal,20.00,0.00,20.00,5.86,0.00,8.86,5.86,0.00,8.86,DStar
1696,7.18,AgentPrefab,Agent,MoveState,Moving,Goal,20.00,0.00,20.00,5.86,0.00,8.86,5.87,0.00,8.87,DStar
1697,7.18,AgentPrefab,Agent,MoveState,Moving,Goal,20.00,0.00,20.00,5.87,0.00,8.87,5.88,0.00,8.88,DStar
1698,7.19,AgentPrefab,Agent,MoveState,Moving,Goal,20.00,0.00,20.00,5.88,0.00,8.88,5.88,0.00,8.88,DStar
1699,7.19,AgentPrefab,Agent,MoveState,Moving,Goal,20.00,0.00,20.00,5.88,0.00,8.88,5.89,0.00,8.89,DStar
1700,7.19,AgentPrefab,Agent,MoveState,Moving,Goal,20.00,0.00,20.00,5.89,0.00,8.89,5.89,0.00,8.89,DStar
1701,7.20,AgentPrefab,Agent,MoveState,Moving,Goal,20.00,0.00,20.00,5.89,0.00,8.89,5.90,0.00,8.90,DStar
1702,7.20,AgentPrefab,Agent,MoveState,Moving,Goal,20.00,0.00,20.00,5.90,0.00,8.90,5.91,0.00,8.91,DStar
1703,7.21,AgentPrefab,Agent,MoveState,Moving,Goal,20.00,0.00,20.00,5.91,0.00,8.91,5.91,0.00,8.91,DStar
1704,7.21,AgentPrefab,Agent,MoveState,Moving,Goal,20.00,0.00,20.00,5.91,0.00,8.91,5.92,0.00,8.92,DStar
1705,7.21,AgentPrefab,Agent,MoveState,Moving,Goal,20.00,0.00,20.00,5.92,0.00,8.92,5.92,0.00,8.92,DStar
1706,7.22,AgentPrefab,Agent,MoveState,Moving,Goal,20.00,0.00,20.00,5.92,0.00,8.92,5.93,0.00,8.93,DStar
1707,7.22,AgentPrefab,Agent,MoveState,Moving,Goal,20.00,0.00,20.00,5.93,0.00,8.93,5.93,0.00,8.93,DStar
1708,7.23,AgentPrefab,Agent,MoveState,Moving,Goal,20.00,0.00,20.00,5.93,0.00,8.93,5.94,0.00,8.94,DStar
1709,7.23,AgentPrefab,Agent,MoveState,Moving,Goal,20.00,0.00,20.00,5.94,0.00,8.94,5.95,0.00,8.95,DStar
1710,7.24,AgentPrefab,Agent,MoveState,Moving,Goal,20.00,0.00,20.00,5.95,0.00,8.95,5.95,0.00,8.95,DStar
1711,7.24,AgentPrefab,Agent,MoveState,Moving,Goal,20.00,0.00,20.00,5.95,0.00,8.95,5.96,0.00,8.96,DStar
1712,7.25,AgentPrefab,Agent,MoveState,Moving,Goal,20.00,0.00,20.00,5.96,0.00,8.96,5.97,0.00,8.97,DStar
1713,7.25,AgentPrefab,Agent,MoveState,Moving,Goal,20.00,0.00,20.00,5.97,0.00,8.97,5.97,0.00,8.97,DStar
1714,7.25,AgentPrefab,Agent,MoveState,Moving,Goal,20.00,0.00,20.00,5.97,0.00,8.97,5.98,0.00,8.98,DStar
1715,7.26,AgentPrefab,Agent,MoveState,Moving,Goal,20.00,0.00,20.00,5.98,0.00,8.98,5.98,0.00,8.98,DStar
1716,7.26,AgentPrefab,Agent,MoveState,Moving,Goal,20.00,0.00,20.00,5.98,0.00,8.98,5.99,0.00,8.99,DStar
1717,7.27,AgentPrefab,Agent,MoveState,Moving,Goal,20.00,0.00,20.00,5.99,0.00,8.99,6.00,0.00,9.00,DStar
1718,7.27,AgentPrefab,Agent,MoveState,Moving,Goal,20.00,0.00,20.00,6.00,0.00,9.00,6.00,0.00,9.00,DStar
1719,7.27,AgentPrefab,Agent,MoveState,Moving,Goal,20.00,0.00,20.00,6.00,0.00,9.00,6.01,0.00,9.01,DStar
1720,7.28,AgentPrefab,Agent,MoveState,Moving,Goal,20.00,0.00,20.00,6.01,0.00,9.01,6.02,0.00,9.02,DStar
1721,7.28,AgentPrefab,Agent,MoveState,Moving,Goal,20.00,0.00,20.00,6.02,0.00,9.02,6.02,0.00,9.02,DStar
1722,7.29,AgentPrefab,Agent,MoveState,Moving,Goal,20.00,0.00,20.00,6.02,0.00,9.02,6.03,0.00,9.03,DStar
1723,7.29,AgentPrefab,Agent,MoveState,Moving,Goal,20.00,0.00,20.00,6.03,0.00,9.03,6.03,0.00,9.03,DStar
1724,7.30,AgentPrefab,Agent,MoveState,Moving,Goal,20.00,0.00,20.00,6.03,0.00,9.03,6.04,0.00,9.04,DStar
1725,7.30,AgentPrefab,Agent,MoveState,Moving,Goal,20.00,0.00,20.00,6.04,0.00,9.04,6.04,0.00,9.04,DStar
1726,7.30,AgentPrefab,Agent,MoveState,Moving,Goal,20.00,0.00,20.00,6.04,0.00,9.04,6.05,0.00,9.05,DStar
1727,7.31,AgentPrefab,Agent,MoveState,Moving,Goal,20.00,0.00,20.00,6.05,0.00,9.05,6.06,0.00,9.06,DStar
1728,7.31,AgentPrefab,Agent,MoveState,Moving,Goal,20.00,0.00,20.00,6.06,0.00,9.06,6.06,0.00,9.06,DStar
1729,7.32,AgentPrefab,Agent,MoveState,Moving,Goal,20.00,0.00,20.00,6.06,0.00,9.06,6.07,0.00,9.07,DStar
1730,7.32,AgentPrefab,Agent,MoveState,Moving,Goal,20.00,0.00,20.00,6.07,0.00,9.07,6.07,0.00,9.07,DStar
1731,7.33,AgentPrefab,Agent,MoveState,Moving,Goal,20.00,0.00,20.00,6.07,0.00,9.07,6.08,0.00,9.08,DStar
1732,7.33,AgentPrefab,Agent,MoveState,Moving,Goal,20.00,0.00,20.00,6.08,0.00,9.08,6.09,0.00,9.09,DStar
1733,7.33,AgentPrefab,Agent,MoveState,Moving,Goal,20.00,0.00,20.00,6.09,0.00,9.09,6.09,0.00,9.09,DStar
1734,7.34,AgentPrefab,Agent,MoveState,Moving,Goal,20.00,0.00,20.00,6.09,0.00,9.09,6.10,0.00,9.10,DStar
1735,7.34,AgentPrefab,Agent,MoveState,Moving,Goal,20.00,0.00,20.00,6.10,0.00,9.10,6.10,0.00,9.10,DStar
1736,7.35,AgentPrefab,Agent,MoveState,Moving,Goal,20.00,0.00,20.00,6.10,0.00,9.10,6.11,0.00,9.11,DStar
1737,7.35,AgentPrefab,Agent,MoveState,Moving,Goal,20.00,0.00,20.00,6.11,0.00,9.11,6.12,0.00,9.12,DStar
1738,7.35,AgentPrefab,Agent,MoveState,Moving,Goal,20.00,0.00,20.00,6.12,0.00,9.12,6.12,0.00,9.12,DStar
1739,7.36,AgentPrefab,Agent,MoveState,Moving,Goal,20.00,0.00,20.00,6.12,0.00,9.12,6.13,0.00,9.13,DStar
1740,7.36,AgentPrefab,Agent,MoveState,Moving,Goal,20.00,0.00,20.00,6.13,0.00,9.13,6.14,0.00,9.14,DStar
1741,7.37,AgentPrefab,Agent,MoveState,Moving,Goal,20.00,0.00,20.00,6.14,0.00,9.14,6.14,0.00,9.14,DStar
1742,7.37,AgentPrefab,Agent,MoveState,Moving,Goal,20.00,0.00,20.00,6.14,0.00,9.14,6.15,0.00,9.15,DStar
1743,7.38,AgentPrefab,Agent,MoveState,Moving,Goal,20.00,0.00,20.00,6.15,0.00,9.15,6.15,0.00,9.15,DStar
1744,7.38,AgentPrefab,Agent,MoveState,Moving,Goal,20.00,0.00,20.00,6.15,0.00,9.15,6.16,0.00,9.16,DStar
1745,7.39,AgentPrefab,Agent,MoveState,Moving,Goal,20.00,0.00,20.00,6.16,0.00,9.16,6.17,0.00,9.17,DStar
1746,7.39,AgentPrefab,Agent,MoveState,Moving,Goal,20.00,0.00,20.00,6.17,0.00,9.17,6.17,0.00,9.17,DStar
1747,7.39,AgentPrefab,Agent,MoveState,Moving,Goal,20.00,0.00,20.00,6.17,0.00,9.17,6.18,0.00,9.18,DStar
1748,7.40,AgentPrefab,Agent,MoveState,Moving,Goal,20.00,0.00,20.00,6.18,0.00,9.18,6.18,0.00,9.18,DStar
1749,7.40,AgentPrefab,Agent,MoveState,Moving,Goal,20.00,0.00,20.00,6.18,0.00,9.18,6.19,0.00,9.19,DStar
1750,7.41,AgentPrefab,Agent,MoveState,Moving,Goal,20.00,0.00,20.00,6.19,0.00,9.19,6.19,0.00,9.19,DStar
1751,7.41,AgentPrefab,Agent,MoveState,Moving,Goal,20.00,0.00,20.00,6.19,0.00,9.19,6.20,0.00,9.20,DStar
1752,7.42,AgentPrefab,Agent,MoveState,Moving,Goal,20.00,0.00,20.00,6.20,0.00,9.20,6.21,0.00,9.21,DStar
1753,7.42,AgentPrefab,Agent,MoveState,Moving,Goal,20.00,0.00,20.00,6.21,0.00,9.21,6.22,0.00,9.22,DStar
1754,7.43,AgentPrefab,Agent,MoveState,Moving,Goal,20.00,0.00,20.00,6.22,0.00,9.22,6.22,0.00,9.22,DStar
1755,7.43,AgentPrefab,Agent,MoveState,Moving,Goal,20.00,0.00,20.00,6.22,0.00,9.22,6.23,0.00,9.23,DStar
1756,7.43,AgentPrefab,Agent,MoveState,Moving,Goal,20.00,0.00,20.00,6.23,0.00,9.23,6.23,0.00,9.23,DStar
1757,7.44,AgentPrefab,Agent,MoveState,Moving,Goal,20.00,0.00,20.00,6.23,0.00,9.23,6.24,0.00,9.24,DStar
1758,7.44,AgentPrefab,Agent,MoveState,Moving,Goal,20.00,0.00,20.00,6.24,0.00,9.24,6.25,0.00,9.25,DStar
1759,7.45,AgentPrefab,Agent,MoveState,Moving,Goal,20.00,0.00,20.00,6.25,0.00,9.25,6.25,0.00,9.25,DStar
1760,7.45,AgentPrefab,Agent,MoveState,Moving,Goal,20.00,0.00,20.00,6.25,0.00,9.25,6.26,0.00,9.26,DStar
1761,7.46,AgentPrefab,Agent,MoveState,Moving,Goal,20.00,0.00,20.00,6.26,0.00,9.26,6.26,0.00,9.26,DStar
1762,7.46,AgentPrefab,Agent,MoveState,Moving,Goal,20.00,0.00,20.00,6.26,0.00,9.26,6.27,0.00,9.27,DStar
1763,7.46,AgentPrefab,Agent,MoveState,Moving,Goal,20.00,0.00,20.00,6.27,0.00,9.27,6.28,0.00,9.28,DStar
1764,7.47,AgentPrefab,Agent,MoveState,Moving,Goal,20.00,0.00,20.00,6.28,0.00,9.28,6.28,0.00,9.28,DStar
1765,7.47,AgentPrefab,Agent,MoveState,Moving,Goal,20.00,0.00,20.00,6.28,0.00,9.28,6.29,0.00,9.29,DStar
1766,7.48,AgentPrefab,Agent,MoveState,Moving,Goal,20.00,0.00,20.00,6.29,0.00,9.29,6.29,0.00,9.29,DStar
1767,7.48,AgentPrefab,Agent,MoveState,Moving,Goal,20.00,0.00,20.00,6.29,0.00,9.29,6.30,0.00,9.30,DStar
1768,7.48,AgentPrefab,Agent,MoveState,Moving,Goal,20.00,0.00,20.00,6.30,0.00,9.30,6.31,0.00,9.31,DStar
1769,7.49,AgentPrefab,Agent,MoveState,Moving,Goal,20.00,0.00,20.00,6.31,0.00,9.31,6.31,0.00,9.31,DStar
1770,7.49,AgentPrefab,Agent,MoveState,Moving,Goal,20.00,0.00,20.00,6.31,0.00,9.31,6.32,0.00,9.32,DStar
1771,7.50,AgentPrefab,Agent,MoveState,Moving,Goal,20.00,0.00,20.00,6.32,0.00,9.32,6.33,0.00,9.33,DStar
1772,7.50,AgentPrefab,Agent,MoveState,Moving,Goal,20.00,0.00,20.00,6.33,0.00,9.33,6.33,0.00,9.33,DStar
1773,7.51,AgentPrefab,Agent,MoveState,Moving,Goal,20.00,0.00,20.00,6.33,0.00,9.33,6.33,0.00,9.33,DStar
1774,7.51,AgentPrefab,Agent,MoveState,Moving,Goal,20.00,0.00,20.00,6.33,0.00,9.33,6.34,0.00,9.34,DStar
1775,7.52,AgentPrefab,Agent,MoveState,Moving,Goal,20.00,0.00,20.00,6.34,0.00,9.34,6.34,0.00,9.34,DStar
1776,7.53,AgentPrefab,Agent,MoveState,Moving,Goal,20.00,0.00,20.00,6.34,0.00,9.34,6.36,0.00,9.36,DStar
1777,7.53,AgentPrefab,Agent,MoveState,Moving,Goal,20.00,0.00,20.00,6.36,0.00,9.36,6.36,0.00,9.36,DStar
1778,7.53,AgentPrefab,Agent,MoveState,Moving,Goal,20.00,0.00,20.00,6.36,0.00,9.36,6.37,0.00,9.37,DStar
1779,7.54,AgentPrefab,Agent,MoveState,Moving,Goal,20.00,0.00,20.00,6.37,0.00,9.37,6.38,0.00,9.38,DStar
1780,7.54,AgentPrefab,Agent,MoveState,Moving,Goal,20.00,0.00,20.00,6.38,0.00,9.38,6.38,0.00,9.38,DStar
1781,7.55,AgentPrefab,Agent,MoveState,Moving,Goal,20.00,0.00,20.00,6.38,0.00,9.38,6.39,0.00,9.39,DStar
1782,7.55,AgentPrefab,Agent,MoveState,Moving,Goal,20.00,0.00,20.00,6.39,0.00,9.39,6.39,0.00,9.39,DStar
1783,7.55,AgentPrefab,Agent,MoveState,Moving,Goal,20.00,0.00,20.00,6.39,0.00,9.39,6.40,0.00,9.40,DStar
1784,7.56,AgentPrefab,Agent,MoveState,Moving,Goal,20.00,0.00,20.00,6.40,0.00,9.40,6.40,0.00,9.40,DStar
1785,7.56,AgentPrefab,Agent,MoveState,Moving,Goal,20.00,0.00,20.00,6.40,0.00,9.40,6.41,0.00,9.41,DStar
1786,7.57,AgentPrefab,Agent,MoveState,Moving,Goal,20.00,0.00,20.00,6.41,0.00,9.41,6.42,0.00,9.42,DStar
1787,7.57,AgentPrefab,Agent,MoveState,Moving,Goal,20.00,0.00,20.00,6.42,0.00,9.42,6.42,0.00,9.42,DStar
1788,7.58,AgentPrefab,Agent,MoveState,Moving,Goal,20.00,0.00,20.00,6.42,0.00,9.42,6.43,0.00,9.43,DStar
1789,7.58,AgentPrefab,Agent,MoveState,Moving,Goal,20.00,0.00,20.00,6.43,0.00,9.43,6.43,0.00,9.43,DStar
1790,7.58,AgentPrefab,Agent,MoveState,Moving,Goal,20.00,0.00,20.00,6.43,0.00,9.43,6.44,0.00,9.44,DStar
1791,7.59,AgentPrefab,Agent,MoveState,Moving,Goal,20.00,0.00,20.00,6.44,0.00,9.44,6.45,0.00,9.45,DStar
1792,7.59,AgentPrefab,Agent,MoveState,Moving,Goal,20.00,0.00,20.00,6.45,0.00,9.45,6.45,0.00,9.45,DStar
1793,7.60,AgentPrefab,Agent,MoveState,Moving,Goal,20.00,0.00,20.00,6.45,0.00,9.45,6.46,0.00,9.46,DStar
1794,7.60,AgentPrefab,Agent,MoveState,Moving,Goal,20.00,0.00,20.00,6.46,0.00,9.46,6.46,0.00,9.46,DStar
1795,7.60,AgentPrefab,Agent,MoveState,Moving,Goal,20.00,0.00,20.00,6.46,0.00,9.46,6.47,0.00,9.47,DStar
1796,7.61,AgentPrefab,Agent,MoveState,Moving,Goal,20.00,0.00,20.00,6.47,0.00,9.47,6.48,0.00,9.48,DStar
1797,7.61,AgentPrefab,Agent,MoveState,Moving,Goal,20.00,0.00,20.00,6.48,0.00,9.48,6.48,0.00,9.48,DStar
1798,7.62,AgentPrefab,Agent,MoveState,Moving,Goal,20.00,0.00,20.00,6.48,0.00,9.48,6.49,0.00,9.49,DStar
1799,7.62,AgentPrefab,Agent,MoveState,Moving,Goal,20.00,0.00,20.00,6.49,0.00,9.49,6.49,0.00,9.49,DStar
1800,7.63,AgentPrefab,Agent,MoveState,Moving,Goal,20.00,0.00,20.00,6.49,0.00,9.49,6.50,0.00,9.50,DStar
1801,7.63,AgentPrefab,Agent,MoveState,Moving,Goal,20.00,0.00,20.00,6.50,0.00,9.50,6.51,0.00,9.51,DStar
1802,7.64,AgentPrefab,Agent,MoveState,Moving,Goal,20.00,0.00,20.00,6.51,0.00,9.51,6.51,0.00,9.51,DStar
1803,7.64,AgentPrefab,Agent,MoveState,Moving,Goal,20.00,0.00,20.00,6.51,0.00,9.51,6.52,0.00,9.52,DStar
1804,7.64,AgentPrefab,Agent,MoveState,Moving,Goal,20.00,0.00,20.00,6.52,0.00,9.52,6.52,0.00,9.52,DStar
1805,7.65,AgentPrefab,Agent,MoveState,Moving,Goal,20.00,0.00,20.00,6.52,0.00,9.52,6.53,0.00,9.53,DStar
1806,7.65,AgentPrefab,Agent,MoveState,Moving,Goal,20.00,0.00,20.00,6.53,0.00,9.53,6.54,0.00,9.54,DStar
1807,7.66,AgentPrefab,Agent,MoveState,Moving,Goal,20.00,0.00,20.00,6.54,0.00,9.54,6.54,0.00,9.54,DStar
1808,7.66,AgentPrefab,Agent,MoveState,Moving,Goal,20.00,0.00,20.00,6.54,0.00,9.54,6.55,0.00,9.55,DStar
1809,7.67,AgentPrefab,Agent,MoveState,Moving,Goal,20.00,0.00,20.00,6.55,0.00,9.55,6.56,0.00,9.56,DStar
1810,7.67,AgentPrefab,Agent,MoveState,Moving,Goal,20.00,0.00,20.00,6.56,0.00,9.56,6.56,0.00,9.56,DStar
1811,7.67,AgentPrefab,Agent,MoveState,Moving,Goal,20.00,0.00,20.00,6.56,0.00,9.56,6.57,0.00,9.57,DStar
1812,7.68,AgentPrefab,Agent,MoveState,Moving,Goal,20.00,0.00,20.00,6.57,0.00,9.57,6.57,0.00,9.57,DStar
1813,7.68,AgentPrefab,Agent,MoveState,Moving,Goal,20.00,0.00,20.00,6.57,0.00,9.57,6.58,0.00,9.58,DStar
1814,7.69,AgentPrefab,Agent,MoveState,Moving,Goal,20.00,0.00,20.00,6.58,0.00,9.58,6.59,0.00,9.59,DStar
1815,7.69,AgentPrefab,Agent,MoveState,Moving,Goal,20.00,0.00,20.00,6.59,0.00,9.59,6.59,0.00,9.59,DStar
1816,7.70,AgentPrefab,Agent,MoveState,Moving,Goal,20.00,0.00,20.00,6.59,0.00,9.59,6.60,0.00,9.60,DStar
1817,7.70,AgentPrefab,Agent,MoveState,Moving,Goal,20.00,0.00,20.00,6.60,0.00,9.60,6.60,0.00,9.60,DStar
1818,7.70,AgentPrefab,Agent,MoveState,Moving,Goal,20.00,0.00,20.00,6.60,0.00,9.60,6.61,0.00,9.61,DStar
1819,7.71,AgentPrefab,Agent,MoveState,Moving,Goal,20.00,0.00,20.00,6.61,0.00,9.61,6.62,0.00,9.62,DStar
1820,7.71,AgentPrefab,Agent,MoveState,Moving,Goal,20.00,0.00,20.00,6.62,0.00,9.62,6.62,0.00,9.62,DStar
1821,7.72,AgentPrefab,Agent,MoveState,Moving,Goal,20.00,0.00,20.00,6.62,0.00,9.62,6.63,0.00,9.63,DStar
1822,7.72,AgentPrefab,Agent,MoveState,Moving,Goal,20.00,0.00,20.00,6.63,0.00,9.63,6.63,0.00,9.63,DStar
1823,7.72,AgentPrefab,Agent,MoveState,Moving,Goal,20.00,0.00,20.00,6.63,0.00,9.63,6.64,0.00,9.64,DStar
1824,7.73,AgentPrefab,Agent,MoveState,Moving,Goal,20.00,0.00,20.00,6.64,0.00,9.64,6.64,0.00,9.64,DStar
1825,7.73,AgentPrefab,Agent,MoveState,Moving,Goal,20.00,0.00,20.00,6.64,0.00,9.64,6.65,0.00,9.65,DStar
1826,7.74,AgentPrefab,Agent,MoveState,Moving,Goal,20.00,0.00,20.00,6.65,0.00,9.65,6.66,0.00,9.66,DStar
1827,7.74,AgentPrefab,Agent,MoveState,Moving,Goal,20.00,0.00,20.00,6.66,0.00,9.66,6.66,0.00,9.66,DStar
1828,7.75,AgentPrefab,Agent,MoveState,Moving,Goal,20.00,0.00,20.00,6.66,0.00,9.66,6.67,0.00,9.67,DStar
1829,7.75,AgentPrefab,Agent,MoveState,Moving,Goal,20.00,0.00,20.00,6.67,0.00,9.67,6.68,0.00,9.68,DStar
1830,7.75,AgentPrefab,Agent,MoveState,Moving,Goal,20.00,0.00,20.00,6.68,0.00,9.68,6.68,0.00,9.68,DStar
1831,7.76,AgentPrefab,Agent,MoveState,Moving,Goal,20.00,0.00,20.00,6.68,0.00,9.68,6.69,0.00,9.69,DStar
1832,7.76,AgentPrefab,Agent,MoveState,Moving,Goal,20.00,0.00,20.00,6.69,0.00,9.69,6.69,0.00,9.69,DStar
1833,7.77,AgentPrefab,Agent,MoveState,Moving,Goal,20.00,0.00,20.00,6.69,0.00,9.69,6.70,0.00,9.70,DStar
1834,7.77,AgentPrefab,Agent,MoveState,Moving,Goal,20.00,0.00,20.00,6.70,0.00,9.70,6.70,0.00,9.70,DStar
1835,7.78,AgentPrefab,Agent,MoveState,Moving,Goal,20.00,0.00,20.00,6.70,0.00,9.70,6.71,0.00,9.71,DStar
1836,7.78,AgentPrefab,Agent,MoveState,Moving,Goal,20.00,0.00,20.00,6.71,0.00,9.71,6.72,0.00,9.72,DStar
1837,7.79,AgentPrefab,Agent,MoveState,Moving,Goal,20.00,0.00,20.00,6.72,0.00,9.72,6.72,0.00,9.72,DStar
1838,7.79,AgentPrefab,Agent,MoveState,Moving,Goal,20.00,0.00,20.00,6.72,0.00,9.72,6.73,0.00,9.73,DStar
1839,7.79,AgentPrefab,Agent,MoveState,Moving,Goal,20.00,0.00,20.00,6.73,0.00,9.73,6.74,0.00,9.74,DStar
1840,7.80,AgentPrefab,Agent,MoveState,Moving,Goal,20.00,0.00,20.00,6.74,0.00,9.74,6.74,0.00,9.74,DStar
1841,7.80,AgentPrefab,Agent,MoveState,Moving,Goal,20.00,0.00,20.00,6.74,0.00,9.74,6.75,0.00,9.75,DStar
1842,7.81,AgentPrefab,Agent,MoveState,Moving,Goal,20.00,0.00,20.00,6.75,0.00,9.75,6.75,0.00,9.75,DStar
1843,7.81,AgentPrefab,Agent,MoveState,Moving,Goal,20.00,0.00,20.00,6.75,0.00,9.75,6.76,0.00,9.76,DStar
1844,7.81,AgentPrefab,Agent,MoveState,Moving,Goal,20.00,0.00,20.00,6.76,0.00,9.76,6.77,0.00,9.77,DStar
1845,7.82,AgentPrefab,Agent,MoveState,Moving,Goal,20.00,0.00,20.00,6.77,0.00,9.77,6.77,0.00,9.77,DStar
1846,7.82,AgentPrefab,Agent,MoveState,Moving,Goal,20.00,0.00,20.00,6.77,0.00,9.77,6.78,0.00,9.78,DStar
1847,7.83,AgentPrefab,Agent,MoveState,Moving,Goal,20.00,0.00,20.00,6.78,0.00,9.78,6.78,0.00,9.78,DStar
1848,7.83,AgentPrefab,Agent,MoveState,Moving,Goal,20.00,0.00,20.00,6.78,0.00,9.78,6.79,0.00,9.79,DStar
1849,7.83,AgentPrefab,Agent,MoveState,Moving,Goal,20.00,0.00,20.00,6.79,0.00,9.79,6.79,0.00,9.79,DStar
1850,7.84,AgentPrefab,Agent,MoveState,Moving,Goal,20.00,0.00,20.00,6.79,0.00,9.79,6.80,0.00,9.80,DStar
1851,7.84,AgentPrefab,Agent,MoveState,Moving,Goal,20.00,0.00,20.00,6.80,0.00,9.80,6.81,0.00,9.81,DStar
1852,7.85,AgentPrefab,Agent,MoveState,Moving,Goal,20.00,0.00,20.00,6.81,0.00,9.81,6.81,0.00,9.81,DStar
1853,7.85,AgentPrefab,Agent,MoveState,Moving,Goal,20.00,0.00,20.00,6.81,0.00,9.81,6.82,0.00,9.82,DStar
1854,7.86,AgentPrefab,Agent,MoveState,Moving,Goal,20.00,0.00,20.00,6.82,0.00,9.82,6.82,0.00,9.82,DStar
1855,7.86,AgentPrefab,Agent,MoveState,Moving,Goal,20.00,0.00,20.00,6.82,0.00,9.82,6.83,0.00,9.83,DStar
1856,7.86,AgentPrefab,Agent,MoveState,Moving,Goal,20.00,0.00,20.00,6.83,0.00,9.83,6.84,0.00,9.84,DStar
1857,7.87,AgentPrefab,Agent,MoveState,Moving,Goal,20.00,0.00,20.00,6.84,0.00,9.84,6.84,0.00,9.84,DStar
1858,7.87,AgentPrefab,Agent,MoveState,Moving,Goal,20.00,0.00,20.00,6.84,0.00,9.84,6.85,0.00,9.85,DStar
1859,7.88,AgentPrefab,Agent,MoveState,Moving,Goal,20.00,0.00,20.00,6.85,0.00,9.85,6.85,0.00,9.85,DStar
1860,7.88,AgentPrefab,Agent,MoveState,Moving,Goal,20.00,0.00,20.00,6.85,0.00,9.85,6.86,0.00,9.86,DStar
1861,7.89,AgentPrefab,Agent,MoveState,Moving,Goal,20.00,0.00,20.00,6.86,0.00,9.86,6.87,0.00,9.87,DStar
1862,7.89,AgentPrefab,Agent,MoveState,Moving,Goal,20.00,0.00,20.00,6.87,0.00,9.87,6.87,0.00,9.87,DStar
1863,7.90,AgentPrefab,Agent,MoveState,Moving,Goal,20.00,0.00,20.00,6.87,0.00,9.87,6.88,0.00,9.88,DStar
1864,7.90,AgentPrefab,Agent,MoveState,Moving,Goal,20.00,0.00,20.00,6.88,0.00,9.88,6.89,0.00,9.89,DStar
1865,7.90,AgentPrefab,Agent,MoveState,Moving,Goal,20.00,0.00,20.00,6.89,0.00,9.89,6.89,0.00,9.89,DStar
1866,7.91,AgentPrefab,Agent,MoveState,Moving,Goal,20.00,0.00,20.00,6.89,0.00,9.89,6.90,0.00,9.90,DStar
1867,7.91,AgentPrefab,Agent,MoveState,Moving,Goal,20.00,0.00,20.00,6.90,0.00,9.90,6.91,0.00,9.91,DStar
1868,7.92,AgentPrefab,Agent,MoveState,Moving,Goal,20.00,0.00,20.00,6.91,0.00,9.91,6.91,0.00,9.91,DStar
1869,7.92,AgentPrefab,Agent,MoveState,Moving,Goal,20.00,0.00,20.00,6.91,0.00,9.91,6.92,0.00,9.92,DStar
1870,7.93,AgentPrefab,Agent,MoveState,Moving,Goal,20.00,0.00,20.00,6.92,0.00,9.92,6.93,0.00,9.93,DStar
1871,7.93,AgentPrefab,Agent,MoveState,Moving,Goal,20.00,0.00,20.00,6.93,0.00,9.93,6.93,0.00,9.93,DStar
1872,7.94,AgentPrefab,Agent,MoveState,Moving,Goal,20.00,0.00,20.00,6.93,0.00,9.93,6.94,0.00,9.94,DStar
1873,7.94,AgentPrefab,Agent,MoveState,Moving,Goal,20.00,0.00,20.00,6.94,0.00,9.94,6.95,0.00,9.95,DStar
1874,7.95,AgentPrefab,Agent,MoveState,Moving,Goal,20.00,0.00,20.00,6.95,0.00,9.95,6.95,0.00,9.95,DStar
1875,7.95,AgentPrefab,Agent,MoveState,Moving,Goal,20.00,0.00,20.00,6.95,0.00,9.95,6.96,0.00,9.96,DStar
1876,7.95,AgentPrefab,Agent,MoveState,Moving,Goal,20.00,0.00,20.00,6.96,0.00,9.96,6.96,0.00,9.96,DStar
1877,7.96,AgentPrefab,Agent,MoveState,Moving,Goal,20.00,0.00,20.00,6.96,0.00,9.96,6.97,0.00,9.97,DStar
1878,7.96,AgentPrefab,Agent,MoveState,Moving,Goal,20.00,0.00,20.00,6.97,0.00,9.97,6.98,0.00,9.98,DStar
1879,7.97,AgentPrefab,Agent,MoveState,Moving,Goal,20.00,0.00,20.00,6.98,0.00,9.98,6.98,0.00,9.98,DStar
1880,7.97,AgentPrefab,Agent,MoveState,Moving,Goal,20.00,0.00,20.00,6.98,0.00,9.98,6.99,0.00,9.99,DStar
1881,7.98,AgentPrefab,Agent,MoveState,Moving,Goal,20.00,0.00,20.00,6.99,0.00,9.99,6.99,0.00,9.99,DStar
1882,7.98,AgentPrefab,Agent,MoveState,Moving,Goal,20.00,0.00,20.00,6.99,0.00,9.99,7.00,0.00,10.00,DStar
1883,7.98,AgentPrefab,Agent,MoveState,Moving,Goal,20.00,0.00,20.00,7.00,0.00,10.00,7.00,0.00,10.00,DStar
1884,7.99,AgentPrefab,Agent,MoveState,Moving,Goal,20.00,0.00,20.00,7.00,0.00,10.00,7.01,0.00,10.01,DStar
1885,7.99,AgentPrefab,Agent,MoveState,Moving,Goal,20.00,0.00,20.00,7.01,0.00,10.01,7.02,0.00,10.02,DStar
1886,8.00,AgentPrefab,Agent,MoveState,Moving,Goal,20.00,0.00,20.00,7.02,0.00,10.02,7.02,0.00,10.02,DStar
1887,8.00,AgentPrefab,Agent,MoveState,Moving,Goal,20.00,0.00,20.00,7.02,0.00,10.02,7.03,0.00,10.03,DStar
1888,8.01,AgentPrefab,Agent,MoveState,Moving,Goal,20.00,0.00,20.00,7.03,0.00,10.03,7.04,0.00,10.04,DStar
1889,8.01,AgentPrefab,Agent,MoveState,Moving,Goal,20.00,0.00,20.00,7.04,0.00,10.04,7.04,0.00,10.04,DStar
1890,8.02,AgentPrefab,Agent,MoveState,Moving,Goal,20.00,0.00,20.00,7.04,0.00,10.04,7.04,0.00,10.04,DStar
1891,8.02,AgentPrefab,Agent,MoveState,Moving,Goal,20.00,0.00,20.00,7.04,0.00,10.04,7.05,0.00,10.05,DStar
1892,8.02,AgentPrefab,Agent,MoveState,Moving,Goal,20.00,0.00,20.00,7.05,0.00,10.05,7.05,0.00,10.05,DStar
1893,8.03,AgentPrefab,Agent,MoveState,Moving,Goal,20.00,0.00,20.00,7.05,0.00,10.05,7.06,0.00,10.06,DStar
1894,8.03,AgentPrefab,Agent,MoveState,Moving,Goal,20.00,0.00,20.00,7.06,0.00,10.06,7.07,0.00,10.07,DStar
1895,8.04,AgentPrefab,Agent,MoveState,Moving,Goal,20.00,0.00,20.00,7.07,0.00,10.07,7.07,0.00,10.07,DStar
1896,8.04,AgentPrefab,Agent,MoveState,Moving,Goal,20.00,0.00,20.00,7.07,0.00,10.07,7.08,0.00,10.08,DStar
1897,8.05,AgentPrefab,Agent,MoveState,Moving,Goal,20.00,0.00,20.00,7.08,0.00,10.08,7.09,0.00,10.09,DStar
1898,8.05,AgentPrefab,Agent,MoveState,Moving,Goal,20.00,0.00,20.00,7.09,0.00,10.09,7.09,0.00,10.09,DStar
1899,8.05,AgentPrefab,Agent,MoveState,Moving,Goal,20.00,0.00,20.00,7.09,0.00,10.09,7.10,0.00,10.10,DStar
1900,8.06,AgentPrefab,Agent,MoveState,Moving,Goal,20.00,0.00,20.00,7.10,0.00,10.10,7.10,0.00,10.10,DStar
1901,8.06,AgentPrefab,Agent,MoveState,Moving,Goal,20.00,0.00,20.00,7.10,0.00,10.10,7.11,0.00,10.11,DStar
1902,8.07,AgentPrefab,Agent,MoveState,Moving,Goal,20.00,0.00,20.00,7.11,0.00,10.11,7.11,0.00,10.11,DStar
1903,8.07,AgentPrefab,Agent,MoveState,Moving,Goal,20.00,0.00,20.00,7.11,0.00,10.11,7.12,0.00,10.12,DStar
1904,8.07,AgentPrefab,Agent,MoveState,Moving,Goal,20.00,0.00,20.00,7.12,0.00,10.12,7.13,0.00,10.13,DStar
1905,8.08,AgentPrefab,Agent,MoveState,Moving,Goal,20.00,0.00,20.00,7.13,0.00,10.13,7.13,0.00,10.13,DStar
1906,8.08,AgentPrefab,Agent,MoveState,Moving,Goal,20.00,0.00,20.00,7.13,0.00,10.13,7.14,0.00,10.14,DStar
1907,8.09,AgentPrefab,Agent,MoveState,Moving,Goal,20.00,0.00,20.00,7.14,0.00,10.14,7.14,0.00,10.14,DStar
1908,8.09,AgentPrefab,Agent,MoveState,Moving,Goal,20.00,0.00,20.00,7.14,0.00,10.14,7.15,0.00,10.15,DStar
1909,8.10,AgentPrefab,Agent,MoveState,Moving,Goal,20.00,0.00,20.00,7.15,0.00,10.15,7.16,0.00,10.16,DStar
1910,8.10,AgentPrefab,Agent,MoveState,Moving,Goal,20.00,0.00,20.00,7.16,0.00,10.16,7.16,0.00,10.16,DStar
1911,8.11,AgentPrefab,Agent,MoveState,Moving,Goal,20.00,0.00,20.00,7.16,0.00,10.16,7.17,0.00,10.17,DStar
1912,8.11,AgentPrefab,Agent,MoveState,Moving,Goal,20.00,0.00,20.00,7.17,0.00,10.17,7.18,0.00,10.18,DStar
1913,8.11,AgentPrefab,Agent,MoveState,Moving,Goal,20.00,0.00,20.00,7.18,0.00,10.18,7.18,0.00,10.18,DStar
1914,8.12,AgentPrefab,Agent,MoveState,Moving,Goal,20.00,0.00,20.00,7.18,0.00,10.18,7.19,0.00,10.19,DStar
1915,8.12,AgentPrefab,Agent,MoveState,Moving,Goal,20.00,0.00,20.00,7.19,0.00,10.19,7.19,0.00,10.19,DStar
1916,8.13,AgentPrefab,Agent,MoveState,Moving,Goal,20.00,0.00,20.00,7.19,0.00,10.19,7.20,0.00,10.20,DStar
1917,8.13,AgentPrefab,Agent,MoveState,Moving,Goal,20.00,0.00,20.00,7.20,0.00,10.20,7.21,0.00,10.21,DStar
1918,8.14,AgentPrefab,Agent,MoveState,Moving,Goal,20.00,0.00,20.00,7.21,0.00,10.21,7.21,0.00,10.21,DStar
1919,8.14,AgentPrefab,Agent,MoveState,Moving,Goal,20.00,0.00,20.00,7.21,0.00,10.21,7.22,0.00,10.22,DStar
1920,8.14,AgentPrefab,Agent,MoveState,Moving,Goal,20.00,0.00,20.00,7.22,0.00,10.22,7.23,0.00,10.23,DStar
1921,8.15,AgentPrefab,Agent,MoveState,Moving,Goal,20.00,0.00,20.00,7.23,0.00,10.23,7.23,0.00,10.23,DStar
1922,8.15,AgentPrefab,Agent,MoveState,Moving,Goal,20.00,0.00,20.00,7.23,0.00,10.23,7.24,0.00,10.24,DStar
1923,8.16,AgentPrefab,Agent,MoveState,Moving,Goal,20.00,0.00,20.00,7.24,0.00,10.24,7.24,0.00,10.24,DStar
1924,8.16,AgentPrefab,Agent,MoveState,Moving,Goal,20.00,0.00,20.00,7.24,0.00,10.24,7.25,0.00,10.25,DStar
1925,8.17,AgentPrefab,Agent,MoveState,Moving,Goal,20.00,0.00,20.00,7.25,0.00,10.25,7.26,0.00,10.26,DStar
1926,8.17,AgentPrefab,Agent,MoveState,Moving,Goal,20.00,0.00,20.00,7.26,0.00,10.26,7.26,0.00,10.26,DStar
1927,8.17,AgentPrefab,Agent,MoveState,Moving,Goal,20.00,0.00,20.00,7.26,0.00,10.26,7.27,0.00,10.27,DStar
1928,8.18,AgentPrefab,Agent,MoveState,Moving,Goal,20.00,0.00,20.00,7.27,0.00,10.27,7.27,0.00,10.27,DStar
1929,8.18,AgentPrefab,Agent,MoveState,Moving,Goal,20.00,0.00,20.00,7.27,0.00,10.27,7.28,0.00,10.28,DStar
1930,8.19,AgentPrefab,Agent,MoveState,Moving,Goal,20.00,0.00,20.00,7.28,0.00,10.28,7.29,0.00,10.29,DStar
1931,8.19,AgentPrefab,Agent,MoveState,Moving,Goal,20.00,0.00,20.00,7.29,0.00,10.29,7.29,0.00,10.29,DStar
1932,8.20,AgentPrefab,Agent,MoveState,Moving,Goal,20.00,0.00,20.00,7.29,0.00,10.29,7.30,0.00,10.30,DStar
1933,8.20,AgentPrefab,Agent,MoveState,Moving,Goal,20.00,0.00,20.00,7.30,0.00,10.30,7.31,0.00,10.31,DStar
1934,8.21,AgentPrefab,Agent,MoveState,Moving,Goal,20.00,0.00,20.00,7.31,0.00,10.31,7.31,0.00,10.31,DStar
1935,8.21,AgentPrefab,Agent,MoveState,Moving,Goal,20.00,0.00,20.00,7.31,0.00,10.31,7.32,0.00,10.32,DStar
1936,8.22,AgentPrefab,Agent,MoveState,Moving,Goal,20.00,0.00,20.00,7.32,0.00,10.32,7.33,0.00,10.33,DStar
1937,8.22,AgentPrefab,Agent,MoveState,Moving,Goal,20.00,0.00,20.00,7.33,0.00,10.33,7.33,0.00,10.33,DStar
1938,8.23,AgentPrefab,Agent,MoveState,Moving,Goal,20.00,0.00,20.00,7.33,0.00,10.33,7.34,0.00,10.34,DStar
1939,8.23,AgentPrefab,Agent,MoveState,Moving,Goal,20.00,0.00,20.00,7.34,0.00,10.34,7.35,0.00,10.35,DStar
1940,8.23,AgentPrefab,Agent,MoveState,Moving,Goal,20.00,0.00,20.00,7.35,0.00,10.35,7.35,0.00,10.35,DStar
1941,8.24,AgentPrefab,Agent,MoveState,Moving,Goal,20.00,0.00,20.00,7.35,0.00,10.35,7.36,0.00,10.36,DStar
1942,8.24,AgentPrefab,Agent,MoveState,Moving,Goal,20.00,0.00,20.00,7.36,0.00,10.36,7.36,0.00,10.36,DStar
1943,8.25,AgentPrefab,Agent,MoveState,Moving,Goal,20.00,0.00,20.00,7.36,0.00,10.36,7.37,0.00,10.37,DStar
1944,8.25,AgentPrefab,Agent,MoveState,Moving,Goal,20.00,0.00,20.00,7.37,0.00,10.37,7.38,0.00,10.38,DStar
1945,8.25,AgentPrefab,Agent,MoveState,Moving,Goal,20.00,0.00,20.00,7.38,0.00,10.38,7.38,0.00,10.38,DStar
1946,8.26,AgentPrefab,Agent,MoveState,Moving,Goal,20.00,0.00,20.00,7.38,0.00,10.38,7.39,0.00,10.39,DStar
1947,8.26,AgentPrefab,Agent,MoveState,Moving,Goal,20.00,0.00,20.00,7.39,0.00,10.39,7.39,0.00,10.39,DStar
1948,8.27,AgentPrefab,Agent,MoveState,Moving,Goal,20.00,0.00,20.00,7.39,0.00,10.39,7.40,0.00,10.40,DStar
1949,8.27,AgentPrefab,Agent,MoveState,Moving,Goal,20.00,0.00,20.00,7.40,0.00,10.40,7.41,0.00,10.41,DStar
1950,8.28,AgentPrefab,Agent,MoveState,Moving,Goal,20.00,0.00,20.00,7.41,0.00,10.41,7.41,0.00,10.41,DStar
1951,8.28,AgentPrefab,Agent,MoveState,Moving,Goal,20.00,0.00,20.00,7.41,0.00,10.41,7.42,0.00,10.42,DStar
1952,8.29,AgentPrefab,Agent,MoveState,Moving,Goal,20.00,0.00,20.00,7.42,0.00,10.42,7.42,0.00,10.42,DStar
1953,8.29,AgentPrefab,Agent,MoveState,Moving,Goal,20.00,0.00,20.00,7.42,0.00,10.42,7.43,0.00,10.43,DStar
1954,8.29,AgentPrefab,Agent,MoveState,Moving,Goal,20.00,0.00,20.00,7.43,0.00,10.43,7.44,0.00,10.44,DStar
1955,8.30,AgentPrefab,Agent,MoveState,Moving,Goal,20.00,0.00,20.00,7.44,0.00,10.44,7.44,0.00,10.44,DStar
1956,8.30,AgentPrefab,Agent,MoveState,Moving,Goal,20.00,0.00,20.00,7.44,0.00,10.44,7.45,0.00,10.45,DStar
1957,8.31,AgentPrefab,Agent,MoveState,Moving,Goal,20.00,0.00,20.00,7.45,0.00,10.45,7.45,0.00,10.45,DStar
1958,8.31,AgentPrefab,Agent,MoveState,Moving,Goal,20.00,0.00,20.00,7.45,0.00,10.45,7.46,0.00,10.46,DStar
1959,8.32,AgentPrefab,Agent,MoveState,Moving,Goal,20.00,0.00,20.00,7.46,0.00,10.46,7.47,0.00,10.47,DStar
1960,8.32,AgentPrefab,Agent,MoveState,Moving,Goal,20.00,0.00,20.00,7.47,0.00,10.47,7.47,0.00,10.47,DStar
1961,8.32,AgentPrefab,Agent,MoveState,Moving,Goal,20.00,0.00,20.00,7.47,0.00,10.47,7.48,0.00,10.48,DStar
1962,8.33,AgentPrefab,Agent,MoveState,Moving,Goal,20.00,0.00,20.00,7.48,0.00,10.48,7.49,0.00,10.49,DStar
1963,8.33,AgentPrefab,Agent,MoveState,Moving,Goal,20.00,0.00,20.00,7.49,0.00,10.49,7.49,0.00,10.49,DStar
1964,8.34,AgentPrefab,Agent,MoveState,Moving,Goal,20.00,0.00,20.00,7.49,0.00,10.49,7.50,0.00,10.50,DStar
1965,8.34,AgentPrefab,Agent,MoveState,Moving,Goal,20.00,0.00,20.00,7.50,0.00,10.50,7.50,0.00,10.50,DStar
1966,8.35,AgentPrefab,Agent,MoveState,Moving,Goal,20.00,0.00,20.00,7.50,0.00,10.50,7.51,0.00,10.51,DStar
1967,8.35,AgentPrefab,Agent,MoveState,Moving,Goal,20.00,0.00,20.00,7.51,0.00,10.51,7.52,0.00,10.52,DStar
1968,8.35,AgentPrefab,Agent,MoveState,Moving,Goal,20.00,0.00,20.00,7.52,0.00,10.52,7.52,0.00,10.52,DStar
1969,8.36,AgentPrefab,Agent,MoveState,Moving,Goal,20.00,0.00,20.00,7.52,0.00,10.52,7.53,0.00,10.53,DStar
1970,8.36,AgentPrefab,Agent,MoveState,Moving,Goal,20.00,0.00,20.00,7.53,0.00,10.53,7.54,0.00,10.54,DStar
1971,8.37,AgentPrefab,Agent,MoveState,Moving,Goal,20.00,0.00,20.00,7.54,0.00,10.54,7.54,0.00,10.54,DStar
1972,8.37,AgentPrefab,Agent,MoveState,Moving,Goal,20.00,0.00,20.00,7.54,0.00,10.54,7.55,0.00,10.55,DStar
1973,8.38,AgentPrefab,Agent,MoveState,Moving,Goal,20.00,0.00,20.00,7.55,0.00,10.55,7.55,0.00,10.55,DStar
1974,8.38,AgentPrefab,Agent,MoveState,Moving,Goal,20.00,0.00,20.00,7.55,0.00,10.55,7.56,0.00,10.56,DStar
1975,8.38,AgentPrefab,Agent,MoveState,Moving,Goal,20.00,0.00,20.00,7.56,0.00,10.56,7.57,0.00,10.57,DStar
1976,8.39,AgentPrefab,Agent,MoveState,Moving,Goal,20.00,0.00,20.00,7.57,0.00,10.57,7.57,0.00,10.57,DStar
1977,8.39,AgentPrefab,Agent,MoveState,Moving,Goal,20.00,0.00,20.00,7.57,0.00,10.57,7.58,0.00,10.58,DStar
1978,8.40,AgentPrefab,Agent,MoveState,Moving,Goal,20.00,0.00,20.00,7.58,0.00,10.58,7.58,0.00,10.58,DStar
1979,8.40,AgentPrefab,Agent,MoveState,Moving,Goal,20.00,0.00,20.00,7.58,0.00,10.58,7.59,0.00,10.59,DStar
1980,8.40,AgentPrefab,Agent,MoveState,Moving,Goal,20.00,0.00,20.00,7.59,0.00,10.59,7.59,0.00,10.59,DStar
1981,8.41,AgentPrefab,Agent,MoveState,Moving,Goal,20.00,0.00,20.00,7.59,0.00,10.59,7.60,0.00,10.60,DStar
1982,8.41,AgentPrefab,Agent,MoveState,Moving,Goal,20.00,0.00,20.00,7.60,0.00,10.60,7.61,0.00,10.61,DStar
1983,8.42,AgentPrefab,Agent,MoveState,Moving,Goal,20.00,0.00,20.00,7.61,0.00,10.61,7.61,0.00,10.61,DStar
1984,8.42,AgentPrefab,Agent,MoveState,Moving,Goal,20.00,0.00,20.00,7.61,0.00,10.61,7.62,0.00,10.62,DStar
1985,8.43,AgentPrefab,Agent,MoveState,Moving,Goal,20.00,0.00,20.00,7.62,0.00,10.62,7.62,0.00,10.62,DStar
1986,8.43,AgentPrefab,Agent,MoveState,Moving,Goal,20.00,0.00,20.00,7.62,0.00,10.62,7.63,0.00,10.63,DStar
1987,8.43,AgentPrefab,Agent,MoveState,Moving,Goal,20.00,0.00,20.00,7.63,0.00,10.63,7.64,0.00,10.64,DStar
1988,8.44,AgentPrefab,Agent,MoveState,Moving,Goal,20.00,0.00,20.00,7.64,0.00,10.64,7.64,0.00,10.64,DStar
1989,8.44,AgentPrefab,Agent,MoveState,Moving,Goal,20.00,0.00,20.00,7.64,0.00,10.64,7.65,0.00,10.65,DStar
1990,8.45,AgentPrefab,Agent,MoveState,Moving,Goal,20.00,0.00,20.00,7.65,0.00,10.65,7.66,0.00,10.66,DStar
1991,8.45,AgentPrefab,Agent,MoveState,Moving,Goal,20.00,0.00,20.00,7.66,0.00,10.66,7.66,0.00,10.66,DStar
1992,8.46,AgentPrefab,Agent,MoveState,Moving,Goal,20.00,0.00,20.00,7.66,0.00,10.66,7.67,0.00,10.67,DStar
1993,8.46,AgentPrefab,Agent,MoveState,Moving,Goal,20.00,0.00,20.00,7.67,0.00,10.67,7.67,0.00,10.67,DStar
1994,8.47,AgentPrefab,Agent,MoveState,Moving,Goal,20.00,0.00,20.00,7.67,0.00,10.67,7.68,0.00,10.68,DStar
1995,8.47,AgentPrefab,Agent,MoveState,Moving,Goal,20.00,0.00,20.00,7.68,0.00,10.68,7.69,0.00,10.69,DStar
1996,8.47,AgentPrefab,Agent,MoveState,Moving,Goal,20.00,0.00,20.00,7.69,0.00,10.69,7.69,0.00,10.69,DStar
1997,8.48,AgentPrefab,Agent,MoveState,Moving,Goal,20.00,0.00,20.00,7.69,0.00,10.69,7.70,0.00,10.70,DStar
1998,8.48,AgentPrefab,Agent,MoveState,Moving,Goal,20.00,0.00,20.00,7.70,0.00,10.70,7.70,0.00,10.70,DStar
1999,8.49,AgentPrefab,Agent,MoveState,Moving,Goal,20.00,0.00,20.00,7.70,0.00,10.70,7.71,0.00,10.71,DStar
2000,8.49,AgentPrefab,Agent,MoveState,Moving,Goal,20.00,0.00,20.00,7.71,0.00,10.71,7.72,0.00,10.72,DStar
2001,8.50,AgentPrefab,Agent,MoveState,Moving,Goal,20.00,0.00,20.00,7.72,0.00,10.72,7.72,0.00,10.72,DStar
2002,8.50,AgentPrefab,Agent,MoveState,Moving,Goal,20.00,0.00,20.00,7.72,0.00,10.72,7.73,0.00,10.73,DStar
2003,8.50,AgentPrefab,Agent,MoveState,Moving,Goal,20.00,0.00,20.00,7.73,0.00,10.73,7.74,0.00,10.74,DStar
2004,8.51,AgentPrefab,Agent,MoveState,Moving,Goal,20.00,0.00,20.00,7.74,0.00,10.74,7.74,0.00,10.74,DStar
2005,8.51,AgentPrefab,Agent,MoveState,Moving,Goal,20.00,0.00,20.00,7.74,0.00,10.74,7.75,0.00,10.75,DStar
2006,8.52,AgentPrefab,Agent,MoveState,Moving,Goal,20.00,0.00,20.00,7.75,0.00,10.75,7.75,0.00,10.75,DStar
2007,8.52,AgentPrefab,Agent,MoveState,Moving,Goal,20.00,0.00,20.00,7.75,0.00,10.75,7.76,0.00,10.76,DStar
2008,8.53,AgentPrefab,Agent,MoveState,Moving,Goal,20.00,0.00,20.00,7.76,0.00,10.76,7.77,0.00,10.77,DStar
2009,8.53,AgentPrefab,Agent,MoveState,Moving,Goal,20.00,0.00,20.00,7.77,0.00,10.77,7.78,0.00,10.78,DStar
2010,8.54,AgentPrefab,Agent,MoveState,Moving,Goal,20.00,0.00,20.00,7.78,0.00,10.78,7.78,0.00,10.78,DStar
2011,8.54,AgentPrefab,Agent,MoveState,Moving,Goal,20.00,0.00,20.00,7.78,0.00,10.78,7.79,0.00,10.79,DStar
2012,8.55,AgentPrefab,Agent,MoveState,Moving,Goal,20.00,0.00,20.00,7.79,0.00,10.79,7.80,0.00,10.80,DStar
2013,8.55,AgentPrefab,Agent,MoveState,Moving,Goal,20.00,0.00,20.00,7.80,0.00,10.80,7.80,0.00,10.80,DStar
2014,8.56,AgentPrefab,Agent,MoveState,Moving,Goal,20.00,0.00,20.00,7.80,0.00,10.80,7.81,0.00,10.81,DStar
2015,8.56,AgentPrefab,Agent,MoveState,Moving,Goal,20.00,0.00,20.00,7.81,0.00,10.81,7.81,0.00,10.81,DStar
2016,8.56,AgentPrefab,Agent,MoveState,Moving,Goal,20.00,0.00,20.00,7.81,0.00,10.81,7.82,0.00,10.82,DStar
2017,8.57,AgentPrefab,Agent,MoveState,Moving,Goal,20.00,0.00,20.00,7.82,0.00,10.82,7.82,0.00,10.82,DStar
2018,8.57,AgentPrefab,Agent,MoveState,Moving,Goal,20.00,0.00,20.00,7.82,0.00,10.82,7.83,0.00,10.83,DStar
2019,8.58,AgentPrefab,Agent,MoveState,Moving,Goal,20.00,0.00,20.00,7.83,0.00,10.83,7.84,0.00,10.84,DStar
2020,8.58,AgentPrefab,Agent,MoveState,Moving,Goal,20.00,0.00,20.00,7.84,0.00,10.84,7.84,0.00,10.84,DStar
2021,8.59,AgentPrefab,Agent,MoveState,Moving,Goal,20.00,0.00,20.00,7.84,0.00,10.84,7.85,0.00,10.85,DStar
2022,8.59,AgentPrefab,Agent,MoveState,Moving,Goal,20.00,0.00,20.00,7.85,0.00,10.85,7.86,0.00,10.86,DStar
2023,8.60,AgentPrefab,Agent,MoveState,Moving,Goal,20.00,0.00,20.00,7.86,0.00,10.86,7.86,0.00,10.86,DStar
2024,8.60,AgentPrefab,Agent,MoveState,Moving,Goal,20.00,0.00,20.00,7.86,0.00,10.86,7.87,0.00,10.87,DStar
2025,8.60,AgentPrefab,Agent,MoveState,Moving,Goal,20.00,0.00,20.00,7.87,0.00,10.87,7.87,0.00,10.87,DStar
2026,8.61,AgentPrefab,Agent,MoveState,Moving,Goal,20.00,0.00,20.00,7.87,0.00,10.87,7.88,0.00,10.88,DStar
2027,8.61,AgentPrefab,Agent,MoveState,Moving,Goal,20.00,0.00,20.00,7.88,0.00,10.88,7.89,0.00,10.89,DStar
2028,8.62,AgentPrefab,Agent,MoveState,Moving,Goal,20.00,0.00,20.00,7.89,0.00,10.89,7.89,0.00,10.89,DStar
2029,8.62,AgentPrefab,Agent,MoveState,Moving,Goal,20.00,0.00,20.00,7.89,0.00,10.89,7.90,0.00,10.90,DStar
2030,8.62,AgentPrefab,Agent,MoveState,Moving,Goal,20.00,0.00,20.00,7.90,0.00,10.90,7.91,0.00,10.91,DStar
2031,8.63,AgentPrefab,Agent,MoveState,Moving,Goal,20.00,0.00,20.00,7.91,0.00,10.91,7.91,0.00,10.91,DStar
2032,8.63,AgentPrefab,Agent,MoveState,Moving,Goal,20.00,0.00,20.00,7.91,0.00,10.91,7.92,0.00,10.92,DStar
2033,8.64,AgentPrefab,Agent,MoveState,Moving,Goal,20.00,0.00,20.00,7.92,0.00,10.92,7.92,0.00,10.92,DStar
2034,8.64,AgentPrefab,Agent,MoveState,Moving,Goal,20.00,0.00,20.00,7.92,0.00,10.92,7.93,0.00,10.93,DStar
2035,8.65,AgentPrefab,Agent,MoveState,Moving,Goal,20.00,0.00,20.00,7.93,0.00,10.93,7.94,0.00,10.94,DStar
2036,8.65,AgentPrefab,Agent,MoveState,Moving,Goal,20.00,0.00,20.00,7.94,0.00,10.94,7.94,0.00,10.94,DStar
2037,8.65,AgentPrefab,Agent,MoveState,Moving,Goal,20.00,0.00,20.00,7.94,0.00,10.94,7.95,0.00,10.95,DStar
2038,8.66,AgentPrefab,Agent,MoveState,Moving,Goal,20.00,0.00,20.00,7.95,0.00,10.95,7.95,0.00,10.95,DStar
2039,8.66,AgentPrefab,Agent,MoveState,Moving,Goal,20.00,0.00,20.00,7.95,0.00,10.95,7.96,0.00,10.96,DStar
2040,8.67,AgentPrefab,Agent,MoveState,Moving,Goal,20.00,0.00,20.00,7.96,0.00,10.96,7.97,0.00,10.97,DStar
2041,8.67,AgentPrefab,Agent,MoveState,Moving,Goal,20.00,0.00,20.00,7.97,0.00,10.97,7.97,0.00,10.97,DStar
2042,8.68,AgentPrefab,Agent,MoveState,Moving,Goal,20.00,0.00,20.00,7.97,0.00,10.97,7.98,0.00,10.98,DStar
2043,8.68,AgentPrefab,Agent,MoveState,Moving,Goal,20.00,0.00,20.00,7.98,0.00,10.98,7.98,0.00,10.98,DStar
2044,8.68,AgentPrefab,Agent,MoveState,Moving,Goal,20.00,0.00,20.00,7.98,0.00,10.98,7.99,0.00,10.99,DStar
2045,8.69,AgentPrefab,Agent,MoveState,Moving,Goal,20.00,0.00,20.00,7.99,0.00,10.99,8.00,0.00,11.00,DStar
2046,8.69,AgentPrefab,Agent,MoveState,Moving,Goal,20.00,0.00,20.00,8.00,0.00,11.00,8.00,0.00,11.00,DStar
2047,8.70,AgentPrefab,Agent,MoveState,Moving,Goal,20.00,0.00,20.00,8.00,0.00,11.00,8.01,0.00,11.01,DStar
2048,8.70,AgentPrefab,Agent,MoveState,Moving,Goal,20.00,0.00,20.00,8.01,0.00,11.01,8.01,0.00,11.01,DStar
2049,8.71,AgentPrefab,Agent,MoveState,Moving,Goal,20.00,0.00,20.00,8.01,0.00,11.01,8.02,0.00,11.02,DStar
2050,8.71,AgentPrefab,Agent,MoveState,Moving,Goal,20.00,0.00,20.00,8.02,0.00,11.02,8.03,0.00,11.03,DStar
2051,8.72,AgentPrefab,Agent,MoveState,Moving,Goal,20.00,0.00,20.00,8.03,0.00,11.03,8.03,0.00,11.03,DStar
2052,8.72,AgentPrefab,Agent,MoveState,Moving,Goal,20.00,0.00,20.00,8.04,0.00,11.04,8.04,0.00,11.04,DStar
2053,8.72,AgentPrefab,Agent,MoveState,Moving,Goal,20.00,0.00,20.00,8.04,0.00,11.04,8.05,0.00,11.05,DStar
2054,8.73,AgentPrefab,Agent,MoveState,Moving,Goal,20.00,0.00,20.00,8.05,0.00,11.05,8.05,0.00,11.05,DStar
2055,8.73,AgentPrefab,Agent,MoveState,Moving,Goal,20.00,0.00,20.00,8.05,0.00,11.05,8.06,0.00,11.06,DStar
2056,8.74,AgentPrefab,Agent,MoveState,Moving,Goal,20.00,0.00,20.00,8.06,0.00,11.06,8.07,0.00,11.07,DStar
2057,8.74,AgentPrefab,Agent,MoveState,Moving,Goal,20.00,0.00,20.00,8.07,0.00,11.07,8.07,0.00,11.07,DStar
2058,8.75,AgentPrefab,Agent,MoveState,Moving,Goal,20.00,0.00,20.00,8.07,0.00,11.07,8.08,0.00,11.08,DStar
2059,8.75,AgentPrefab,Agent,MoveState,Moving,Goal,20.00,0.00,20.00,8.08,0.00,11.08,8.09,0.00,11.09,DStar
2060,8.76,AgentPrefab,Agent,MoveState,Moving,Goal,20.00,0.00,20.00,8.09,0.00,11.09,8.09,0.00,11.09,DStar
2061,8.76,AgentPrefab,Agent,MoveState,Moving,Goal,20.00,0.00,20.00,8.09,0.00,11.09,8.10,0.00,11.10,DStar
2062,8.76,AgentPrefab,Agent,MoveState,Moving,Goal,20.00,0.00,20.00,8.10,0.00,11.10,8.10,0.00,11.10,DStar
2063,8.77,AgentPrefab,Agent,MoveState,Moving,Goal,20.00,0.00,20.00,8.10,0.00,11.10,8.11,0.00,11.11,DStar
2064,8.77,AgentPrefab,Agent,MoveState,Moving,Goal,20.00,0.00,20.00,8.11,0.00,11.11,8.12,0.00,11.12,DStar
2065,8.78,AgentPrefab,Agent,MoveState,Moving,Goal,20.00,0.00,20.00,8.12,0.00,11.12,8.12,0.00,11.12,DStar
2066,8.78,AgentPrefab,Agent,MoveState,Moving,Goal,20.00,0.00,20.00,8.12,0.00,11.12,8.13,0.00,11.13,DStar
2067,8.79,AgentPrefab,Agent,MoveState,Moving,Goal,20.00,0.00,20.00,8.13,0.00,11.13,8.13,0.00,11.13,DStar
2068,8.79,AgentPrefab,Agent,MoveState,Moving,Goal,20.00,0.00,20.00,8.13,0.00,11.13,8.14,0.00,11.14,DStar
2069,8.79,AgentPrefab,Agent,MoveState,Moving,Goal,20.00,0.00,20.00,8.14,0.00,11.14,8.15,0.00,11.15,DStar
2070,8.80,AgentPrefab,Agent,MoveState,Moving,Goal,20.00,0.00,20.00,8.15,0.00,11.15,8.15,0.00,11.15,DStar
2071,8.80,AgentPrefab,Agent,MoveState,Moving,Goal,20.00,0.00,20.00,8.15,0.00,11.15,8.16,0.00,11.16,DStar
2072,8.81,AgentPrefab,Agent,MoveState,Moving,Goal,20.00,0.00,20.00,8.16,0.00,11.16,8.16,0.00,11.16,DStar
2073,8.81,AgentPrefab,Agent,MoveState,Moving,Goal,20.00,0.00,20.00,8.16,0.00,11.16,8.17,0.00,11.17,DStar
2074,8.82,AgentPrefab,Agent,MoveState,Moving,Goal,20.00,0.00,20.00,8.17,0.00,11.17,8.18,0.00,11.18,DStar
2075,8.82,AgentPrefab,Agent,MoveState,Moving,Goal,20.00,0.00,20.00,8.18,0.00,11.18,8.18,0.00,11.18,DStar
2076,8.82,AgentPrefab,Agent,MoveState,Moving,Goal,20.00,0.00,20.00,8.18,0.00,11.18,8.19,0.00,11.19,DStar
2077,8.83,AgentPrefab,Agent,MoveState,Moving,Goal,20.00,0.00,20.00,8.19,0.00,11.19,8.20,0.00,11.20,DStar
2078,8.83,AgentPrefab,Agent,MoveState,Moving,Goal,20.00,0.00,20.00,8.20,0.00,11.20,8.20,0.00,11.20,DStar
2079,8.84,AgentPrefab,Agent,MoveState,Moving,Goal,20.00,0.00,20.00,8.20,0.00,11.20,8.21,0.00,11.21,DStar
2080,8.84,AgentPrefab,Agent,MoveState,Moving,Goal,20.00,0.00,20.00,8.21,0.00,11.21,8.21,0.00,11.21,DStar
2081,8.85,AgentPrefab,Agent,MoveState,Moving,Goal,20.00,0.00,20.00,8.21,0.00,11.21,8.22,0.00,11.22,DStar
2082,8.85,AgentPrefab,Agent,MoveState,Moving,Goal,20.00,0.00,20.00,8.22,0.00,11.22,8.22,0.00,11.22,DStar
2083,8.85,AgentPrefab,Agent,MoveState,Moving,Goal,20.00,0.00,20.00,8.22,0.00,11.22,8.23,0.00,11.23,DStar
2084,8.86,AgentPrefab,Agent,MoveState,Moving,Goal,20.00,0.00,20.00,8.23,0.00,11.23,8.24,0.00,11.24,DStar
2085,8.86,AgentPrefab,Agent,MoveState,Moving,Goal,20.00,0.00,20.00,8.24,0.00,11.24,8.24,0.00,11.24,DStar
2086,8.87,AgentPrefab,Agent,MoveState,Moving,Goal,20.00,0.00,20.00,8.24,0.00,11.24,8.25,0.00,11.25,DStar
2087,8.87,AgentPrefab,Agent,MoveState,Moving,Goal,20.00,0.00,20.00,8.25,0.00,11.25,8.25,0.00,11.25,DStar
2088,8.87,AgentPrefab,Agent,MoveState,Moving,Goal,20.00,0.00,20.00,8.25,0.00,11.25,8.26,0.00,11.26,DStar
2089,8.88,AgentPrefab,Agent,MoveState,Moving,Goal,20.00,0.00,20.00,8.26,0.00,11.26,8.27,0.00,11.27,DStar
2090,8.88,AgentPrefab,Agent,MoveState,Moving,Goal,20.00,0.00,20.00,8.27,0.00,11.27,8.27,0.00,11.27,DStar
2091,8.89,AgentPrefab,Agent,MoveState,Moving,Goal,20.00,0.00,20.00,8.27,0.00,11.27,8.28,0.00,11.28,DStar
2092,8.89,AgentPrefab,Agent,MoveState,Moving,Goal,20.00,0.00,20.00,8.28,0.00,11.28,8.29,0.00,11.29,DStar
2093,8.90,AgentPrefab,Agent,MoveState,Moving,Goal,20.00,0.00,20.00,8.29,0.00,11.29,8.29,0.00,11.29,DStar
2094,8.90,AgentPrefab,Agent,MoveState,Moving,Goal,20.00,0.00,20.00,8.29,0.00,11.29,8.30,0.00,11.30,DStar
2095,8.91,AgentPrefab,Agent,MoveState,Moving,Goal,20.00,0.00,20.00,8.30,0.00,11.30,8.30,0.00,11.30,DStar
2096,8.91,AgentPrefab,Agent,MoveState,Moving,Goal,20.00,0.00,20.00,8.30,0.00,11.30,8.31,0.00,11.31,DStar
2097,8.91,AgentPrefab,Agent,MoveState,Moving,Goal,20.00,0.00,20.00,8.31,0.00,11.31,8.32,0.00,11.32,DStar
2098,8.92,AgentPrefab,Agent,MoveState,Moving,Goal,20.00,0.00,20.00,8.32,0.00,11.32,8.32,0.00,11.32,DStar
2099,8.92,AgentPrefab,Agent,MoveState,Moving,Goal,20.00,0.00,20.00,8.32,0.00,11.32,8.33,0.00,11.33,DStar
2100,8.93,AgentPrefab,Agent,MoveState,Moving,Goal,20.00,0.00,20.00,8.33,0.00,11.33,8.33,0.00,11.33,DStar
2101,8.93,AgentPrefab,Agent,MoveState,Moving,Goal,20.00,0.00,20.00,8.33,0.00,11.33,8.34,0.00,11.34,DStar
2102,8.94,AgentPrefab,Agent,MoveState,Moving,Goal,20.00,0.00,20.00,8.34,0.00,11.34,8.35,0.00,11.35,DStar
2103,8.94,AgentPrefab,Agent,MoveState,Moving,Goal,20.00,0.00,20.00,8.35,0.00,11.35,8.35,0.00,11.35,DStar
2104,8.94,AgentPrefab,Agent,MoveState,Moving,Goal,20.00,0.00,20.00,8.35,0.00,11.35,8.36,0.00,11.36,DStar
2105,8.95,AgentPrefab,Agent,MoveState,Moving,Goal,20.00,0.00,20.00,8.36,0.00,11.36,8.36,0.00,11.36,DStar
2106,8.95,AgentPrefab,Agent,MoveState,Moving,Goal,20.00,0.00,20.00,8.36,0.00,11.36,8.37,0.00,11.37,DStar
2107,8.96,AgentPrefab,Agent,MoveState,Moving,Goal,20.00,0.00,20.00,8.37,0.00,11.37,8.37,0.00,11.37,DStar
2108,8.96,AgentPrefab,Agent,MoveState,Moving,Goal,20.00,0.00,20.00,8.37,0.00,11.37,8.38,0.00,11.38,DStar
2109,8.97,AgentPrefab,Agent,MoveState,Moving,Goal,20.00,0.00,20.00,8.38,0.00,11.38,8.39,0.00,11.39,DStar
2110,8.97,AgentPrefab,Agent,MoveState,Moving,Goal,20.00,0.00,20.00,8.39,0.00,11.39,8.39,0.00,11.39,DStar
2111,8.97,AgentPrefab,Agent,MoveState,Moving,Goal,20.00,0.00,20.00,8.39,0.00,11.39,8.40,0.00,11.40,DStar
2112,8.98,AgentPrefab,Agent,MoveState,Moving,Goal,20.00,0.00,20.00,8.40,0.00,11.40,8.41,0.00,11.41,DStar
2113,8.98,AgentPrefab,Agent,MoveState,Moving,Goal,20.00,0.00,20.00,8.41,0.00,11.41,8.41,0.00,11.41,DStar
2114,8.99,AgentPrefab,Agent,MoveState,Moving,Goal,20.00,0.00,20.00,8.41,0.00,11.41,8.42,0.00,11.42,DStar
2115,8.99,AgentPrefab,Agent,MoveState,Moving,Goal,20.00,0.00,20.00,8.42,0.00,11.42,8.42,0.00,11.42,DStar
2116,9.00,AgentPrefab,Agent,MoveState,Moving,Goal,20.00,0.00,20.00,8.42,0.00,11.42,8.43,0.00,11.43,DStar
2117,9.00,AgentPrefab,Agent,MoveState,Moving,Goal,20.00,0.00,20.00,8.43,0.00,11.43,8.44,0.00,11.44,DStar
2118,9.01,AgentPrefab,Agent,MoveState,Moving,Goal,20.00,0.00,20.00,8.44,0.00,11.44,8.45,0.00,11.45,DStar
2119,9.01,AgentPrefab,Agent,MoveState,Moving,Goal,20.00,0.00,20.00,8.45,0.00,11.45,8.45,0.00,11.45,DStar
2120,9.02,AgentPrefab,Agent,MoveState,Moving,Goal,20.00,0.00,20.00,8.45,0.00,11.45,8.45,0.00,11.45,DStar
2121,9.02,AgentPrefab,Agent,MoveState,Moving,Goal,20.00,0.00,20.00,8.45,0.00,11.45,8.46,0.00,11.46,DStar
2122,9.02,AgentPrefab,Agent,MoveState,Moving,Goal,20.00,0.00,20.00,8.46,0.00,11.46,8.46,0.00,11.46,DStar
2123,9.03,AgentPrefab,Agent,MoveState,Moving,Goal,20.00,0.00,20.00,8.46,0.00,11.46,8.47,0.00,11.47,DStar
2124,9.03,AgentPrefab,Agent,MoveState,Moving,Goal,20.00,0.00,20.00,8.47,0.00,11.47,8.48,0.00,11.48,DStar
2125,9.04,AgentPrefab,Agent,MoveState,Moving,Goal,20.00,0.00,20.00,8.48,0.00,11.48,8.48,0.00,11.48,DStar
2126,9.04,AgentPrefab,Agent,MoveState,Moving,Goal,20.00,0.00,20.00,8.48,0.00,11.48,8.49,0.00,11.49,DStar
2127,9.05,AgentPrefab,Agent,MoveState,Moving,Goal,20.00,0.00,20.00,8.49,0.00,11.49,8.49,0.00,11.49,DStar
2128,9.05,AgentPrefab,Agent,MoveState,Moving,Goal,20.00,0.00,20.00,8.49,0.00,11.49,8.50,0.00,11.50,DStar
2129,9.05,AgentPrefab,Agent,MoveState,Moving,Goal,20.00,0.00,20.00,8.50,0.00,11.50,8.51,0.00,11.51,DStar
2130,9.06,AgentPrefab,Agent,MoveState,Moving,Goal,20.00,0.00,20.00,8.51,0.00,11.51,8.51,0.00,11.51,DStar
2131,9.06,AgentPrefab,Agent,MoveState,Moving,Goal,20.00,0.00,20.00,8.51,0.00,11.51,8.52,0.00,11.52,DStar
2132,9.07,AgentPrefab,Agent,MoveState,Moving,Goal,20.00,0.00,20.00,8.52,0.00,11.52,8.52,0.00,11.52,DStar
2133,9.07,AgentPrefab,Agent,MoveState,Moving,Goal,20.00,0.00,20.00,8.52,0.00,11.52,8.53,0.00,11.53,DStar
2134,9.08,AgentPrefab,Agent,MoveState,Moving,Goal,20.00,0.00,20.00,8.53,0.00,11.53,8.54,0.00,11.54,DStar
2135,9.08,AgentPrefab,Agent,MoveState,Moving,Goal,20.00,0.00,20.00,8.54,0.00,11.54,8.54,0.00,11.54,DStar
2136,9.08,AgentPrefab,Agent,MoveState,Moving,Goal,20.00,0.00,20.00,8.54,0.00,11.54,8.55,0.00,11.55,DStar
2137,9.09,AgentPrefab,Agent,MoveState,Moving,Goal,20.00,0.00,20.00,8.55,0.00,11.55,8.56,0.00,11.56,DStar
2138,9.09,AgentPrefab,Agent,MoveState,Moving,Goal,20.00,0.00,20.00,8.56,0.00,11.56,8.56,0.00,11.56,DStar
2139,9.10,AgentPrefab,Agent,MoveState,Moving,Goal,20.00,0.00,20.00,8.56,0.00,11.56,8.57,0.00,11.57,DStar
2140,9.10,AgentPrefab,Agent,MoveState,Moving,Goal,20.00,0.00,20.00,8.57,0.00,11.57,8.57,0.00,11.57,DStar
2141,9.11,AgentPrefab,Agent,MoveState,Moving,Goal,20.00,0.00,20.00,8.57,0.00,11.57,8.58,0.00,11.58,DStar
2142,9.11,AgentPrefab,Agent,MoveState,Moving,Goal,20.00,0.00,20.00,8.58,0.00,11.58,8.59,0.00,11.59,DStar
2143,9.11,AgentPrefab,Agent,MoveState,Moving,Goal,20.00,0.00,20.00,8.59,0.00,11.59,8.59,0.00,11.59,DStar
2144,9.12,AgentPrefab,Agent,MoveState,Moving,Goal,20.00,0.00,20.00,8.59,0.00,11.59,8.60,0.00,11.60,DStar
2145,9.12,AgentPrefab,Agent,MoveState,Moving,Goal,20.00,0.00,20.00,8.60,0.00,11.60,8.60,0.00,11.60,DStar
2146,9.13,AgentPrefab,Agent,MoveState,Moving,Goal,20.00,0.00,20.00,8.60,0.00,11.60,8.61,0.00,11.61,DStar
2147,9.13,AgentPrefab,Agent,MoveState,Moving,Goal,20.00,0.00,20.00,8.61,0.00,11.61,8.62,0.00,11.62,DStar
2148,9.14,AgentPrefab,Agent,MoveState,Moving,Goal,20.00,0.00,20.00,8.62,0.00,11.62,8.62,0.00,11.62,DStar
2149,9.14,AgentPrefab,Agent,MoveState,Moving,Goal,20.00,0.00,20.00,8.62,0.00,11.62,8.63,0.00,11.63,DStar
2150,9.15,AgentPrefab,Agent,MoveState,Moving,Goal,20.00,0.00,20.00,8.63,0.00,11.63,8.64,0.00,11.64,DStar
2151,9.15,AgentPrefab,Agent,MoveState,Moving,Goal,20.00,0.00,20.00,8.64,0.00,11.64,8.64,0.00,11.64,DStar
2152,9.16,AgentPrefab,Agent,MoveState,Moving,Goal,20.00,0.00,20.00,8.64,0.00,11.64,8.65,0.00,11.65,DStar
2153,9.16,AgentPrefab,Agent,MoveState,Moving,Goal,20.00,0.00,20.00,8.65,0.00,11.65,8.66,0.00,11.66,DStar
2154,9.17,AgentPrefab,Agent,MoveState,Moving,Goal,20.00,0.00,20.00,8.66,0.00,11.66,8.66,0.00,11.66,DStar
2155,9.17,AgentPrefab,Agent,MoveState,Moving,Goal,20.00,0.00,20.00,8.66,0.00,11.66,8.67,0.00,11.67,DStar
2156,9.18,AgentPrefab,Agent,MoveState,Moving,Goal,20.00,0.00,20.00,8.67,0.00,11.67,8.68,0.00,11.68,DStar
2157,9.18,AgentPrefab,Agent,MoveState,Moving,Goal,20.00,0.00,20.00,8.68,0.00,11.68,8.69,0.00,11.69,DStar
2158,9.19,AgentPrefab,Agent,MoveState,Moving,Goal,20.00,0.00,20.00,8.69,0.00,11.69,8.69,0.00,11.69,DStar
2159,9.19,AgentPrefab,Agent,MoveState,Moving,Goal,20.00,0.00,20.00,8.69,0.00,11.69,8.70,0.00,11.70,DStar
2160,9.20,AgentPrefab,Agent,MoveState,Moving,Goal,20.00,0.00,20.00,8.70,0.00,11.70,8.71,0.00,11.71,DStar
2161,9.20,AgentPrefab,Agent,MoveState,Moving,Goal,20.00,0.00,20.00,8.71,0.00,11.71,8.72,0.00,11.72,DStar
2162,9.21,AgentPrefab,Agent,MoveState,Moving,Goal,20.00,0.00,20.00,8.72,0.00,11.72,8.72,0.00,11.72,DStar
2163,9.21,AgentPrefab,Agent,MoveState,Moving,Goal,20.00,0.00,20.00,8.72,0.00,11.72,8.73,0.00,11.73,DStar
2164,9.22,AgentPrefab,Agent,MoveState,Moving,Goal,20.00,0.00,20.00,8.73,0.00,11.73,8.74,0.00,11.74,DStar
2165,9.22,AgentPrefab,Agent,MoveState,Moving,Goal,20.00,0.00,20.00,8.74,0.00,11.74,8.74,0.00,11.74,DStar
2166,9.23,AgentPrefab,Agent,MoveState,Moving,Goal,20.00,0.00,20.00,8.74,0.00,11.74,8.75,0.00,11.75,DStar
2167,9.23,AgentPrefab,Agent,MoveState,Moving,Goal,20.00,0.00,20.00,8.75,0.00,11.75,8.76,0.00,11.76,DStar
2168,9.23,AgentPrefab,Agent,MoveState,Moving,Goal,20.00,0.00,20.00,8.76,0.00,11.76,8.76,0.00,11.76,DStar
2169,9.24,AgentPrefab,Agent,MoveState,Moving,Goal,20.00,0.00,20.00,8.76,0.00,11.76,8.77,0.00,11.77,DStar
2170,9.25,AgentPrefab,Agent,MoveState,Moving,Goal,20.00,0.00,20.00,8.77,0.00,11.77,8.78,0.00,11.78,DStar
2171,9.25,AgentPrefab,Agent,MoveState,Moving,Goal,20.00,0.00,20.00,8.78,0.00,11.78,8.78,0.00,11.78,DStar
2172,9.25,AgentPrefab,Agent,MoveState,Moving,Goal,20.00,0.00,20.00,8.78,0.00,11.78,8.79,0.00,11.79,DStar
2173,9.26,AgentPrefab,Agent,MoveState,Moving,Goal,20.00,0.00,20.00,8.79,0.00,11.79,8.80,0.00,11.80,DStar
2174,9.26,AgentPrefab,Agent,MoveState,Moving,Goal,20.00,0.00,20.00,8.80,0.00,11.80,8.80,0.00,11.80,DStar
2175,9.27,AgentPrefab,Agent,MoveState,Moving,Goal,20.00,0.00,20.00,8.80,0.00,11.80,8.81,0.00,11.81,DStar
2176,9.27,AgentPrefab,Agent,MoveState,Moving,Goal,20.00,0.00,20.00,8.81,0.00,11.81,8.81,0.00,11.81,DStar
2177,9.28,AgentPrefab,Agent,MoveState,Moving,Goal,20.00,0.00,20.00,8.81,0.00,11.81,8.82,0.00,11.82,DStar
2178,9.28,AgentPrefab,Agent,MoveState,Moving,Goal,20.00,0.00,20.00,8.82,0.00,11.82,8.83,0.00,11.83,DStar
2179,9.28,AgentPrefab,Agent,MoveState,Moving,Goal,20.00,0.00,20.00,8.83,0.00,11.83,8.83,0.00,11.83,DStar
2180,9.29,AgentPrefab,Agent,MoveState,Moving,Goal,20.00,0.00,20.00,8.83,0.00,11.83,8.84,0.00,11.84,DStar
2181,9.29,AgentPrefab,Agent,MoveState,Moving,Goal,20.00,0.00,20.00,8.84,0.00,11.84,8.84,0.00,11.84,DStar
2182,9.30,AgentPrefab,Agent,MoveState,Moving,Goal,20.00,0.00,20.00,8.84,0.00,11.84,8.85,0.00,11.85,DStar
2183,9.30,AgentPrefab,Agent,MoveState,Moving,Goal,20.00,0.00,20.00,8.85,0.00,11.85,8.86,0.00,11.86,DStar
2184,9.30,AgentPrefab,Agent,MoveState,Moving,Goal,20.00,0.00,20.00,8.86,0.00,11.86,8.86,0.00,11.86,DStar
2185,9.31,AgentPrefab,Agent,MoveState,Moving,Goal,20.00,0.00,20.00,8.86,0.00,11.86,8.87,0.00,11.87,DStar
2186,9.31,AgentPrefab,Agent,MoveState,Moving,Goal,20.00,0.00,20.00,8.87,0.00,11.87,8.87,0.00,11.87,DStar
2187,9.32,AgentPrefab,Agent,MoveState,Moving,Goal,20.00,0.00,20.00,8.87,0.00,11.87,8.88,0.00,11.88,DStar
2188,9.32,AgentPrefab,Agent,MoveState,Moving,Goal,20.00,0.00,20.00,8.88,0.00,11.88,8.89,0.00,11.89,DStar
2189,9.33,AgentPrefab,Agent,MoveState,Moving,Goal,20.00,0.00,20.00,8.89,0.00,11.89,8.89,0.00,11.89,DStar
2190,9.33,AgentPrefab,Agent,MoveState,Moving,Goal,20.00,0.00,20.00,8.89,0.00,11.89,8.90,0.00,11.90,DStar
2191,9.34,AgentPrefab,Agent,MoveState,Moving,Goal,20.00,0.00,20.00,8.90,0.00,11.90,8.91,0.00,11.91,DStar
2192,9.34,AgentPrefab,Agent,MoveState,Moving,Goal,20.00,0.00,20.00,8.91,0.00,11.91,8.91,0.00,11.91,DStar
2193,9.34,AgentPrefab,Agent,MoveState,Moving,Goal,20.00,0.00,20.00,8.91,0.00,11.91,8.92,0.00,11.92,DStar
2194,9.35,AgentPrefab,Agent,MoveState,Moving,Goal,20.00,0.00,20.00,8.92,0.00,11.92,8.92,0.00,11.92,DStar
2195,9.35,AgentPrefab,Agent,MoveState,Moving,Goal,20.00,0.00,20.00,8.92,0.00,11.92,8.93,0.00,11.93,DStar
2196,9.36,AgentPrefab,Agent,MoveState,Moving,Goal,20.00,0.00,20.00,8.93,0.00,11.93,8.93,0.00,11.93,DStar
2197,9.36,AgentPrefab,Agent,MoveState,Moving,Goal,20.00,0.00,20.00,8.93,0.00,11.93,8.94,0.00,11.94,DStar
2198,9.36,AgentPrefab,Agent,MoveState,Moving,Goal,20.00,0.00,20.00,8.94,0.00,11.94,8.95,0.00,11.95,DStar
2199,9.37,AgentPrefab,Agent,MoveState,Moving,Goal,20.00,0.00,20.00,8.95,0.00,11.95,8.95,0.00,11.95,DStar
2200,9.37,AgentPrefab,Agent,MoveState,Moving,Goal,20.00,0.00,20.00,8.95,0.00,11.95,8.96,0.00,11.96,DStar
2201,9.38,AgentPrefab,Agent,MoveState,Moving,Goal,20.00,0.00,20.00,8.96,0.00,11.96,8.97,0.00,11.97,DStar
2202,9.38,AgentPrefab,Agent,MoveState,Moving,Goal,20.00,0.00,20.00,8.97,0.00,11.97,8.97,0.00,11.97,DStar
2203,9.39,AgentPrefab,Agent,MoveState,Moving,Goal,20.00,0.00,20.00,8.97,0.00,11.97,8.98,0.00,11.98,DStar
2204,9.39,AgentPrefab,Agent,MoveState,Moving,Goal,20.00,0.00,20.00,8.98,0.00,11.98,8.98,0.00,11.98,DStar
2205,9.40,AgentPrefab,Agent,MoveState,Moving,Goal,20.00,0.00,20.00,8.98,0.00,11.98,8.99,0.00,11.99,DStar
2206,9.40,AgentPrefab,Agent,MoveState,Moving,Goal,20.00,0.00,20.00,8.99,0.00,11.99,9.00,0.00,12.00,DStar
2207,9.40,AgentPrefab,Agent,MoveState,Moving,Goal,20.00,0.00,20.00,9.00,0.00,12.00,9.00,0.00,12.00,DStar
2208,9.41,AgentPrefab,Agent,MoveState,Moving,Goal,20.00,0.00,20.00,9.00,0.00,12.00,9.01,0.00,12.01,DStar
2209,9.41,AgentPrefab,Agent,MoveState,Moving,Goal,20.00,0.00,20.00,9.01,0.00,12.01,9.01,0.00,12.01,DStar
2210,9.42,AgentPrefab,Agent,MoveState,Moving,Goal,20.00,0.00,20.00,9.01,0.00,12.01,9.02,0.00,12.02,DStar
2211,9.42,AgentPrefab,Agent,MoveState,Moving,Goal,20.00,0.00,20.00,9.02,0.00,12.02,9.03,0.00,12.03,DStar
2212,9.43,AgentPrefab,Agent,MoveState,Moving,Goal,20.00,0.00,20.00,9.03,0.00,12.03,9.03,0.00,12.03,DStar
2213,9.43,AgentPrefab,Agent,MoveState,Moving,Goal,20.00,0.00,20.00,9.03,0.00,12.03,9.04,0.00,12.04,DStar
2214,9.43,AgentPrefab,Agent,MoveState,Moving,Goal,20.00,0.00,20.00,9.04,0.00,12.04,9.04,0.00,12.04,DStar
2215,9.44,AgentPrefab,Agent,MoveState,Moving,Goal,20.00,0.00,20.00,9.04,0.00,12.04,9.05,0.00,12.05,DStar
2216,9.44,AgentPrefab,Agent,MoveState,Moving,Goal,20.00,0.00,20.00,9.05,0.00,12.05,9.06,0.00,12.06,DStar
2217,9.45,AgentPrefab,Agent,MoveState,Moving,Goal,20.00,0.00,20.00,9.06,0.00,12.06,9.06,0.00,12.06,DStar
2218,9.45,AgentPrefab,Agent,MoveState,Moving,Goal,20.00,0.00,20.00,9.06,0.00,12.06,9.07,0.00,12.07,DStar
2219,9.45,AgentPrefab,Agent,MoveState,Moving,Goal,20.00,0.00,20.00,9.07,0.00,12.07,9.07,0.00,12.07,DStar
2220,9.46,AgentPrefab,Agent,MoveState,Moving,Goal,20.00,0.00,20.00,9.07,0.00,12.07,9.08,0.00,12.08,DStar
2221,9.46,AgentPrefab,Agent,MoveState,Moving,Goal,20.00,0.00,20.00,9.08,0.00,12.08,9.09,0.00,12.09,DStar
2222,9.47,AgentPrefab,Agent,MoveState,Moving,Goal,20.00,0.00,20.00,9.09,0.00,12.09,9.09,0.00,12.09,DStar
2223,9.47,AgentPrefab,Agent,MoveState,Moving,Goal,20.00,0.00,20.00,9.09,0.00,12.09,9.10,0.00,12.10,DStar
2224,9.48,AgentPrefab,Agent,MoveState,Moving,Goal,20.00,0.00,20.00,9.10,0.00,12.10,9.10,0.00,12.10,DStar
2225,9.48,AgentPrefab,Agent,MoveState,Moving,Goal,20.00,0.00,20.00,9.10,0.00,12.10,9.11,0.00,12.11,DStar
2226,9.48,AgentPrefab,Agent,MoveState,Moving,Goal,20.00,0.00,20.00,9.11,0.00,12.11,9.11,0.00,12.11,DStar
2227,9.49,AgentPrefab,Agent,MoveState,Moving,Goal,20.00,0.00,20.00,9.11,0.00,12.11,9.12,0.00,12.12,DStar
2228,9.49,AgentPrefab,Agent,MoveState,Moving,Goal,20.00,0.00,20.00,9.12,0.00,12.12,9.13,0.00,12.13,DStar
2229,9.50,AgentPrefab,Agent,MoveState,Moving,Goal,20.00,0.00,20.00,9.13,0.00,12.13,9.14,0.00,12.14,DStar
2230,9.50,AgentPrefab,Agent,MoveState,Moving,Goal,20.00,0.00,20.00,9.14,0.00,12.14,9.14,0.00,12.14,DStar
2231,9.51,AgentPrefab,Agent,MoveState,Moving,Goal,20.00,0.00,20.00,9.14,0.00,12.14,9.15,0.00,12.15,DStar
2232,9.51,AgentPrefab,Agent,MoveState,Moving,Goal,20.00,0.00,20.00,9.15,0.00,12.15,9.16,0.00,12.16,DStar
2233,9.52,AgentPrefab,Agent,MoveState,Moving,Goal,20.00,0.00,20.00,9.16,0.00,12.16,9.16,0.00,12.16,DStar
2234,9.52,AgentPrefab,Agent,MoveState,Moving,Goal,20.00,0.00,20.00,9.16,0.00,12.16,9.17,0.00,12.17,DStar
2235,9.53,AgentPrefab,Agent,MoveState,Moving,Goal,20.00,0.00,20.00,9.17,0.00,12.17,9.17,0.00,12.17,DStar
2236,9.53,AgentPrefab,Agent,MoveState,Moving,Goal,20.00,0.00,20.00,9.17,0.00,12.17,9.18,0.00,12.18,DStar
2237,9.53,AgentPrefab,Agent,MoveState,Moving,Goal,20.00,0.00,20.00,9.18,0.00,12.18,9.19,0.00,12.19,DStar
2238,9.54,AgentPrefab,Agent,MoveState,Moving,Goal,20.00,0.00,20.00,9.19,0.00,12.19,9.19,0.00,12.19,DStar
2239,9.54,AgentPrefab,Agent,MoveState,Moving,Goal,20.00,0.00,20.00,9.19,0.00,12.19,9.20,0.00,12.20,DStar
2240,9.55,AgentPrefab,Agent,MoveState,Moving,Goal,20.00,0.00,20.00,9.20,0.00,12.20,9.21,0.00,12.21,DStar
2241,9.55,AgentPrefab,Agent,MoveState,Moving,Goal,20.00,0.00,20.00,9.21,0.00,12.21,9.21,0.00,12.21,DStar
2242,9.56,AgentPrefab,Agent,MoveState,Moving,Goal,20.00,0.00,20.00,9.21,0.00,12.21,9.22,0.00,12.22,DStar
2243,9.56,AgentPrefab,Agent,MoveState,Moving,Goal,20.00,0.00,20.00,9.22,0.00,12.22,9.22,0.00,12.22,DStar
2244,9.56,AgentPrefab,Agent,MoveState,Moving,Goal,20.00,0.00,20.00,9.22,0.00,12.22,9.23,0.00,12.23,DStar
2245,9.57,AgentPrefab,Agent,MoveState,Moving,Goal,20.00,0.00,20.00,9.23,0.00,12.23,9.23,0.00,12.23,DStar
2246,9.57,AgentPrefab,Agent,MoveState,Moving,Goal,20.00,0.00,20.00,9.23,0.00,12.23,9.24,0.00,12.24,DStar
2247,9.58,AgentPrefab,Agent,MoveState,Moving,Goal,20.00,0.00,20.00,9.24,0.00,12.24,9.25,0.00,12.25,DStar
2248,9.58,AgentPrefab,Agent,MoveState,Moving,Goal,20.00,0.00,20.00,9.25,0.00,12.25,9.25,0.00,12.25,DStar
2249,9.59,AgentPrefab,Agent,MoveState,Moving,Goal,20.00,0.00,20.00,9.25,0.00,12.25,9.26,0.00,12.26,DStar
2250,9.59,AgentPrefab,Agent,MoveState,Moving,Goal,20.00,0.00,20.00,9.26,0.00,12.26,9.26,0.00,12.26,DStar
2251,9.59,AgentPrefab,Agent,MoveState,Moving,Goal,20.00,0.00,20.00,9.26,0.00,12.26,9.27,0.00,12.27,DStar
2252,9.60,AgentPrefab,Agent,MoveState,Moving,Goal,20.00,0.00,20.00,9.27,0.00,12.27,9.28,0.00,12.28,DStar
2253,9.60,AgentPrefab,Agent,MoveState,Moving,Goal,20.00,0.00,20.00,9.28,0.00,12.28,9.28,0.00,12.28,DStar
2254,9.61,AgentPrefab,Agent,MoveState,Moving,Goal,20.00,0.00,20.00,9.28,0.00,12.28,9.29,0.00,12.29,DStar
2255,9.61,AgentPrefab,Agent,MoveState,Moving,Goal,20.00,0.00,20.00,9.29,0.00,12.29,9.29,0.00,12.29,DStar
2256,9.61,AgentPrefab,Agent,MoveState,Moving,Goal,20.00,0.00,20.00,9.29,0.00,12.29,9.30,0.00,12.30,DStar
2257,9.62,AgentPrefab,Agent,MoveState,Moving,Goal,20.00,0.00,20.00,9.30,0.00,12.30,9.30,0.00,12.30,DStar
2258,9.62,AgentPrefab,Agent,MoveState,Moving,Goal,20.00,0.00,20.00,9.30,0.00,12.30,9.31,0.00,12.31,DStar
2259,9.63,AgentPrefab,Agent,MoveState,Moving,Goal,20.00,0.00,20.00,9.31,0.00,12.31,9.32,0.00,12.32,DStar
2260,9.63,AgentPrefab,Agent,MoveState,Moving,Goal,20.00,0.00,20.00,9.32,0.00,12.32,9.32,0.00,12.32,DStar
2261,9.64,AgentPrefab,Agent,MoveState,Moving,Goal,20.00,0.00,20.00,9.32,0.00,12.32,9.33,0.00,12.33,DStar
2262,9.64,AgentPrefab,Agent,MoveState,Moving,Goal,20.00,0.00,20.00,9.33,0.00,12.33,9.34,0.00,12.34,DStar
2263,9.64,AgentPrefab,Agent,MoveState,Moving,Goal,20.00,0.00,20.00,9.34,0.00,12.34,9.34,0.00,12.34,DStar
2264,9.65,AgentPrefab,Agent,MoveState,Moving,Goal,20.00,0.00,20.00,9.34,0.00,12.34,9.35,0.00,12.35,DStar
2265,9.65,AgentPrefab,Agent,MoveState,Moving,Goal,20.00,0.00,20.00,9.35,0.00,12.35,9.35,0.00,12.35,DStar
2266,9.66,AgentPrefab,Agent,MoveState,Moving,Goal,20.00,0.00,20.00,9.35,0.00,12.35,9.36,0.00,12.36,DStar
2267,9.66,AgentPrefab,Agent,MoveState,Moving,Goal,20.00,0.00,20.00,9.36,0.00,12.36,9.37,0.00,12.37,DStar
2268,9.67,AgentPrefab,Agent,MoveState,Moving,Goal,20.00,0.00,20.00,9.37,0.00,12.37,9.37,0.00,12.37,DStar
2269,9.67,AgentPrefab,Agent,MoveState,Moving,Goal,20.00,0.00,20.00,9.37,0.00,12.37,9.38,0.00,12.38,DStar
2270,9.68,AgentPrefab,Agent,MoveState,Moving,Goal,20.00,0.00,20.00,9.38,0.00,12.38,9.39,0.00,12.39,DStar
2271,9.68,AgentPrefab,Agent,MoveState,Moving,Goal,20.00,0.00,20.00,9.39,0.00,12.39,9.39,0.00,12.39,DStar
2272,9.68,AgentPrefab,Agent,MoveState,Moving,Goal,20.00,0.00,20.00,9.39,0.00,12.39,9.40,0.00,12.40,DStar
2273,9.69,AgentPrefab,Agent,MoveState,Moving,Goal,20.00,0.00,20.00,9.40,0.00,12.40,9.40,0.00,12.40,DStar
2274,9.69,AgentPrefab,Agent,MoveState,Moving,Goal,20.00,0.00,20.00,9.40,0.00,12.40,9.41,0.00,12.41,DStar
2275,9.70,AgentPrefab,Agent,MoveState,Moving,Goal,20.00,0.00,20.00,9.41,0.00,12.41,9.42,0.00,12.42,DStar
2276,9.70,AgentPrefab,Agent,MoveState,Moving,Goal,20.00,0.00,20.00,9.42,0.00,12.42,9.42,0.00,12.42,DStar
2277,9.70,AgentPrefab,Agent,MoveState,Moving,Goal,20.00,0.00,20.00,9.42,0.00,12.42,9.43,0.00,12.43,DStar
2278,9.71,AgentPrefab,Agent,MoveState,Moving,Goal,20.00,0.00,20.00,9.43,0.00,12.43,9.43,0.00,12.43,DStar
2279,9.71,AgentPrefab,Agent,MoveState,Moving,Goal,20.00,0.00,20.00,9.43,0.00,12.43,9.44,0.00,12.44,DStar
2280,9.72,AgentPrefab,Agent,MoveState,Moving,Goal,20.00,0.00,20.00,9.45,0.00,12.45,9.45,0.00,12.45,DStar
2281,9.72,AgentPrefab,Agent,MoveState,Moving,Goal,20.00,0.00,20.00,9.45,0.00,12.45,9.46,0.00,12.46,DStar
2282,9.73,AgentPrefab,Agent,MoveState,Moving,Goal,20.00,0.00,20.00,9.46,0.00,12.46,9.46,0.00,12.46,DStar
2283,9.73,AgentPrefab,Agent,MoveState,Moving,Goal,20.00,0.00,20.00,9.46,0.00,12.46,9.47,0.00,12.47,DStar
2284,9.73,AgentPrefab,Agent,MoveState,Moving,Goal,20.00,0.00,20.00,9.47,0.00,12.47,9.47,0.00,12.47,DStar
2285,9.74,AgentPrefab,Agent,MoveState,Moving,Goal,20.00,0.00,20.00,9.47,0.00,12.47,9.48,0.00,12.48,DStar
2286,9.74,AgentPrefab,Agent,MoveState,Moving,Goal,20.00,0.00,20.00,9.48,0.00,12.48,9.49,0.00,12.49,DStar
2287,9.75,AgentPrefab,Agent,MoveState,Moving,Goal,20.00,0.00,20.00,9.49,0.00,12.49,9.49,0.00,12.49,DStar
2288,9.75,AgentPrefab,Agent,MoveState,Moving,Goal,20.00,0.00,20.00,9.49,0.00,12.49,9.50,0.00,12.50,DStar
2289,9.76,AgentPrefab,Agent,MoveState,Moving,Goal,20.00,0.00,20.00,9.50,0.00,12.50,9.50,0.00,12.50,DStar
2290,9.76,AgentPrefab,Agent,MoveState,Moving,Goal,20.00,0.00,20.00,9.50,0.00,12.50,9.51,0.00,12.51,DStar
2291,9.76,AgentPrefab,Agent,MoveState,Moving,Goal,20.00,0.00,20.00,9.51,0.00,12.51,9.52,0.00,12.52,DStar
2292,9.77,AgentPrefab,Agent,MoveState,Moving,Goal,20.00,0.00,20.00,9.52,0.00,12.52,9.52,0.00,12.52,DStar
2293,9.77,AgentPrefab,Agent,MoveState,Moving,Goal,20.00,0.00,20.00,9.52,0.00,12.52,9.53,0.00,12.53,DStar
2294,9.78,AgentPrefab,Agent,MoveState,Moving,Goal,20.00,0.00,20.00,9.53,0.00,12.53,9.53,0.00,12.53,DStar
2295,9.78,AgentPrefab,Agent,MoveState,Moving,Goal,20.00,0.00,20.00,9.53,0.00,12.53,9.54,0.00,12.54,DStar
2296,9.79,AgentPrefab,Agent,MoveState,Moving,Goal,20.00,0.00,20.00,9.54,0.00,12.54,9.55,0.00,12.55,DStar
2297,9.79,AgentPrefab,Agent,MoveState,Moving,Goal,20.00,0.00,20.00,9.55,0.00,12.55,9.55,0.00,12.55,DStar
2298,9.80,AgentPrefab,Agent,MoveState,Moving,Goal,20.00,0.00,20.00,9.55,0.00,12.55,9.56,0.00,12.56,DStar
2299,9.80,AgentPrefab,Agent,MoveState,Moving,Goal,20.00,0.00,20.00,9.56,0.00,12.56,9.56,0.00,12.56,DStar
2300,9.80,AgentPrefab,Agent,MoveState,Moving,Goal,20.00,0.00,20.00,9.56,0.00,12.56,9.57,0.00,12.57,DStar
2301,9.81,AgentPrefab,Agent,MoveState,Moving,Goal,20.00,0.00,20.00,9.57,0.00,12.57,9.58,0.00,12.58,DStar
2302,9.81,AgentPrefab,Agent,MoveState,Moving,Goal,20.00,0.00,20.00,9.58,0.00,12.58,9.58,0.00,12.58,DStar
2303,9.82,AgentPrefab,Agent,MoveState,Moving,Goal,20.00,0.00,20.00,9.58,0.00,12.58,9.59,0.00,12.59,DStar
2304,9.82,AgentPrefab,Agent,MoveState,Moving,Goal,20.00,0.00,20.00,9.59,0.00,12.59,9.59,0.00,12.59,DStar
2305,9.82,AgentPrefab,Agent,MoveState,Moving,Goal,20.00,0.00,20.00,9.59,0.00,12.59,9.60,0.00,12.60,DStar
2306,9.83,AgentPrefab,Agent,MoveState,Moving,Goal,20.00,0.00,20.00,9.60,0.00,12.60,9.61,0.00,12.61,DStar
2307,9.83,AgentPrefab,Agent,MoveState,Moving,Goal,20.00,0.00,20.00,9.61,0.00,12.61,9.62,0.00,12.62,DStar
2308,9.84,AgentPrefab,Agent,MoveState,Moving,Goal,20.00,0.00,20.00,9.62,0.00,12.62,9.62,0.00,12.62,DStar
2309,9.84,AgentPrefab,Agent,MoveState,Moving,Goal,20.00,0.00,20.00,9.62,0.00,12.62,9.63,0.00,12.63,DStar
2310,9.85,AgentPrefab,Agent,MoveState,Moving,Goal,20.00,0.00,20.00,9.63,0.00,12.63,9.63,0.00,12.63,DStar
2311,9.85,AgentPrefab,Agent,MoveState,Moving,Goal,20.00,0.00,20.00,9.63,0.00,12.63,9.64,0.00,12.64,DStar
2312,9.86,AgentPrefab,Agent,MoveState,Moving,Goal,20.00,0.00,20.00,9.64,0.00,12.64,9.64,0.00,12.64,DStar
2313,9.86,AgentPrefab,Agent,MoveState,Moving,Goal,20.00,0.00,20.00,9.64,0.00,12.64,9.65,0.00,12.65,DStar
2314,9.86,AgentPrefab,Agent,MoveState,Moving,Goal,20.00,0.00,20.00,9.65,0.00,12.65,9.66,0.00,12.66,DStar
2315,9.87,AgentPrefab,Agent,MoveState,Moving,Goal,20.00,0.00,20.00,9.66,0.00,12.66,9.66,0.00,12.66,DStar
2316,9.87,AgentPrefab,Agent,MoveState,Moving,Goal,20.00,0.00,20.00,9.66,0.00,12.66,9.67,0.00,12.67,DStar
2317,9.88,AgentPrefab,Agent,MoveState,Moving,Goal,20.00,0.00,20.00,9.67,0.00,12.67,9.68,0.00,12.68,DStar
2318,9.88,AgentPrefab,Agent,MoveState,Moving,Goal,20.00,0.00,20.00,9.68,0.00,12.68,9.68,0.00,12.68,DStar
2319,9.89,AgentPrefab,Agent,MoveState,Moving,Goal,20.00,0.00,20.00,9.68,0.00,12.68,9.69,0.00,12.69,DStar
2320,9.89,AgentPrefab,Agent,MoveState,Moving,Goal,20.00,0.00,20.00,9.69,0.00,12.69,9.69,0.00,12.69,DStar
2321,9.89,AgentPrefab,Agent,MoveState,Moving,Goal,20.00,0.00,20.00,9.69,0.00,12.69,9.70,0.00,12.70,DStar
2322,9.90,AgentPrefab,Agent,MoveState,Moving,Goal,20.00,0.00,20.00,9.70,0.00,12.70,9.71,0.00,12.71,DStar
2323,9.90,AgentPrefab,Agent,MoveState,Moving,Goal,20.00,0.00,20.00,9.71,0.00,12.71,9.71,0.00,12.71,DStar
2324,9.91,AgentPrefab,Agent,MoveState,Moving,Goal,20.00,0.00,20.00,9.71,0.00,12.71,9.72,0.00,12.72,DStar
2325,9.91,AgentPrefab,Agent,MoveState,Moving,Goal,20.00,0.00,20.00,9.72,0.00,12.72,9.72,0.00,12.72,DStar
2326,9.92,AgentPrefab,Agent,MoveState,Moving,Goal,20.00,0.00,20.00,9.72,0.00,12.72,9.73,0.00,12.73,DStar
2327,9.92,AgentPrefab,Agent,MoveState,Moving,Goal,20.00,0.00,20.00,9.73,0.00,12.73,9.74,0.00,12.74,DStar
2328,9.92,AgentPrefab,Agent,MoveState,Moving,Goal,20.00,0.00,20.00,9.74,0.00,12.74,9.74,0.00,12.74,DStar
2329,9.93,AgentPrefab,Agent,MoveState,Moving,Goal,20.00,0.00,20.00,9.74,0.00,12.74,9.75,0.00,12.75,DStar
2330,9.93,AgentPrefab,Agent,MoveState,Moving,Goal,20.00,0.00,20.00,9.75,0.00,12.75,9.75,0.00,12.75,DStar
2331,9.94,AgentPrefab,Agent,MoveState,Moving,Goal,20.00,0.00,20.00,9.75,0.00,12.75,9.76,0.00,12.76,DStar
2332,9.94,AgentPrefab,Agent,MoveState,Moving,Goal,20.00,0.00,20.00,9.76,0.00,12.76,9.76,0.00,12.76,DStar
2333,9.94,AgentPrefab,Agent,MoveState,Moving,Goal,20.00,0.00,20.00,9.76,0.00,12.76,9.77,0.00,12.77,DStar
2334,9.95,AgentPrefab,Agent,MoveState,Moving,Goal,20.00,0.00,20.00,9.77,0.00,12.77,9.78,0.00,12.78,DStar
2335,9.95,AgentPrefab,Agent,MoveState,Moving,Goal,20.00,0.00,20.00,9.78,0.00,12.78,9.78,0.00,12.78,DStar
2336,9.96,AgentPrefab,Agent,MoveState,Moving,Goal,20.00,0.00,20.00,9.78,0.00,12.78,9.79,0.00,12.79,DStar
2337,9.96,AgentPrefab,Agent,MoveState,Moving,Goal,20.00,0.00,20.00,9.79,0.00,12.79,9.79,0.00,12.79,DStar
2338,9.97,AgentPrefab,Agent,MoveState,Moving,Goal,20.00,0.00,20.00,9.79,0.00,12.79,9.80,0.00,12.80,DStar
2339,9.97,AgentPrefab,Agent,MoveState,Moving,Goal,20.00,0.00,20.00,9.80,0.00,12.80,9.81,0.00,12.81,DStar
2340,9.97,AgentPrefab,Agent,MoveState,Moving,Goal,20.00,0.00,20.00,9.81,0.00,12.81,9.81,0.00,12.81,DStar
2341,9.98,AgentPrefab,Agent,MoveState,Moving,Goal,20.00,0.00,20.00,9.81,0.00,12.81,9.82,0.00,12.82,DStar
2342,9.98,AgentPrefab,Agent,MoveState,Moving,Goal,20.00,0.00,20.00,9.82,0.00,12.82,9.82,0.00,12.82,DStar
2343,9.99,AgentPrefab,Agent,MoveState,Moving,Goal,20.00,0.00,20.00,9.82,0.00,12.82,9.83,0.00,12.83,DStar
2344,9.99,AgentPrefab,Agent,MoveState,Moving,Goal,20.00,0.00,20.00,9.83,0.00,12.83,9.84,0.00,12.84,DStar
2345,10.00,AgentPrefab,Agent,MoveState,Moving,Goal,20.00,0.00,20.00,9.84,0.00,12.84,9.84,0.00,12.84,DStar
2346,10.00,AgentPrefab,Agent,MoveState,Moving,Goal,20.00,0.00,20.00,9.84,0.00,12.84,9.85,0.00,12.85,DStar
2347,10.00,AgentPrefab,Agent,MoveState,Moving,Goal,20.00,0.00,20.00,9.85,0.00,12.85,9.85,0.00,12.85,DStar
2348,10.01,AgentPrefab,Agent,MoveState,Moving,Goal,20.00,0.00,20.00,9.85,0.00,12.85,9.86,0.00,12.86,DStar
2349,10.01,AgentPrefab,Agent,MoveState,Moving,Goal,20.00,0.00,20.00,9.86,0.00,12.86,9.86,0.00,12.86,DStar
2350,10.02,AgentPrefab,Agent,MoveState,Moving,Goal,20.00,0.00,20.00,9.86,0.00,12.86,9.87,0.00,12.87,DStar
2351,10.02,AgentPrefab,Agent,MoveState,Moving,Goal,20.00,0.00,20.00,9.87,0.00,12.87,9.87,0.00,12.87,DStar
2352,10.03,AgentPrefab,Agent,MoveState,Moving,Goal,20.00,0.00,20.00,9.87,0.00,12.87,9.88,0.00,12.88,DStar
2353,10.03,AgentPrefab,Agent,MoveState,Moving,Goal,20.00,0.00,20.00,9.88,0.00,12.88,9.88,0.00,12.88,DStar
2354,10.03,AgentPrefab,Agent,MoveState,Moving,Goal,20.00,0.00,20.00,9.88,0.00,12.88,9.89,0.00,12.89,DStar
2355,10.04,AgentPrefab,Agent,MoveState,Moving,Goal,20.00,0.00,20.00,9.89,0.00,12.89,9.90,0.00,12.90,DStar
2356,10.04,AgentPrefab,Agent,MoveState,Moving,Goal,20.00,0.00,20.00,9.90,0.00,12.90,9.90,0.00,12.90,DStar
2357,10.05,AgentPrefab,Agent,MoveState,Moving,Goal,20.00,0.00,20.00,9.90,0.00,12.90,9.91,0.00,12.91,DStar
2358,10.05,AgentPrefab,Agent,MoveState,Moving,Goal,20.00,0.00,20.00,9.91,0.00,12.91,9.92,0.00,12.92,DStar
2359,10.06,AgentPrefab,Agent,MoveState,Moving,Goal,20.00,0.00,20.00,9.92,0.00,12.92,9.92,0.00,12.92,DStar
2360,10.06,AgentPrefab,Agent,MoveState,Moving,Goal,20.00,0.00,20.00,9.92,0.00,12.92,9.93,0.00,12.93,DStar
2361,10.06,AgentPrefab,Agent,MoveState,Moving,Goal,20.00,0.00,20.00,9.93,0.00,12.93,9.93,0.00,12.93,DStar
2362,10.07,AgentPrefab,Agent,MoveState,Moving,Goal,20.00,0.00,20.00,9.93,0.00,12.93,9.94,0.00,12.94,DStar
2363,10.07,AgentPrefab,Agent,MoveState,Moving,Goal,20.00,0.00,20.00,9.94,0.00,12.94,9.94,0.00,12.94,DStar
2364,10.08,AgentPrefab,Agent,MoveState,Moving,Goal,20.00,0.00,20.00,9.94,0.00,12.94,9.95,0.00,12.95,DStar
2365,10.08,AgentPrefab,Agent,MoveState,Moving,Goal,20.00,0.00,20.00,9.95,0.00,12.95,9.96,0.00,12.96,DStar
2366,10.09,AgentPrefab,Agent,MoveState,Moving,Goal,20.00,0.00,20.00,9.96,0.00,12.96,9.96,0.00,12.96,DStar
2367,10.09,AgentPrefab,Agent,MoveState,Moving,Goal,20.00,0.00,20.00,9.96,0.00,12.96,9.97,0.00,12.97,DStar
2368,10.09,AgentPrefab,Agent,MoveState,Moving,Goal,20.00,0.00,20.00,9.97,0.00,12.97,9.98,0.00,12.98,DStar
2369,10.10,AgentPrefab,Agent,MoveState,Moving,Goal,20.00,0.00,20.00,9.98,0.00,12.98,9.98,0.00,12.98,DStar
2370,10.10,AgentPrefab,Agent,MoveState,Moving,Goal,20.00,0.00,20.00,9.98,0.00,12.98,9.99,0.00,12.99,DStar
2371,10.11,AgentPrefab,Agent,MoveState,Moving,Goal,20.00,0.00,20.00,9.99,0.00,12.99,9.99,0.00,12.99,DStar
2372,10.11,AgentPrefab,Agent,MoveState,Moving,Goal,20.00,0.00,20.00,9.99,0.00,12.99,10.00,0.00,13.00,DStar
2373,10.11,AgentPrefab,Agent,MoveState,Moving,Goal,20.00,0.00,20.00,10.00,0.00,13.00,10.00,0.00,13.00,DStar
2374,10.12,AgentPrefab,Agent,MoveState,Moving,Goal,20.00,0.00,20.00,10.00,0.00,13.00,10.01,0.00,13.01,DStar
2375,10.12,AgentPrefab,Agent,MoveState,Moving,Goal,20.00,0.00,20.00,10.01,0.00,13.01,10.02,0.00,13.02,DStar
2376,10.13,AgentPrefab,Agent,MoveState,Moving,Goal,20.00,0.00,20.00,10.02,0.00,13.02,10.03,0.00,13.03,DStar
2377,10.13,AgentPrefab,Agent,MoveState,Moving,Goal,20.00,0.00,20.00,10.03,0.00,13.03,10.03,0.00,13.03,DStar
2378,10.14,AgentPrefab,Agent,MoveState,Moving,Goal,20.00,0.00,20.00,10.03,0.00,13.03,10.04,0.00,13.04,DStar
2379,10.14,AgentPrefab,Agent,MoveState,Moving,Goal,20.00,0.00,20.00,10.04,0.00,13.04,10.04,0.00,13.04,DStar
2380,10.15,AgentPrefab,Agent,MoveState,Moving,Goal,20.00,0.00,20.00,10.04,0.00,13.04,10.05,0.00,13.05,DStar
2381,10.15,AgentPrefab,Agent,MoveState,Moving,Goal,20.00,0.00,20.00,10.05,0.00,13.05,10.06,0.00,13.06,DStar
2382,10.16,AgentPrefab,Agent,MoveState,Moving,Goal,20.00,0.00,20.00,10.06,0.00,13.06,10.06,0.00,13.06,DStar
2383,10.16,AgentPrefab,Agent,MoveState,Moving,Goal,20.00,0.00,20.00,10.06,0.00,13.06,10.07,0.00,13.07,DStar
2384,10.17,AgentPrefab,Agent,MoveState,Moving,Goal,20.00,0.00,20.00,10.07,0.00,13.07,10.08,0.00,13.08,DStar
2385,10.17,AgentPrefab,Agent,MoveState,Moving,Goal,20.00,0.00,20.00,10.08,0.00,13.08,10.08,0.00,13.08,DStar
2386,10.18,AgentPrefab,Agent,MoveState,Moving,Goal,20.00,0.00,20.00,10.08,0.00,13.08,10.09,0.00,13.09,DStar
2387,10.18,AgentPrefab,Agent,MoveState,Moving,Goal,20.00,0.00,20.00,10.09,0.00,13.09,10.10,0.00,13.10,DStar
2388,10.18,AgentPrefab,Agent,MoveState,Moving,Goal,20.00,0.00,20.00,10.10,0.00,13.10,10.10,0.00,13.10,DStar
2389,10.19,AgentPrefab,Agent,MoveState,Moving,Goal,20.00,0.00,20.00,10.10,0.00,13.10,10.11,0.00,13.11,DStar
2390,10.19,AgentPrefab,Agent,MoveState,Moving,Goal,20.00,0.00,20.00,10.11,0.00,13.11,10.11,0.00,13.11,DStar
2391,10.20,AgentPrefab,Agent,MoveState,Moving,Goal,20.00,0.00,20.00,10.11,0.00,13.11,10.12,0.00,13.12,DStar
2392,10.20,AgentPrefab,Agent,MoveState,Moving,Goal,20.00,0.00,20.00,10.12,0.00,13.12,10.13,0.00,13.13,DStar
2393,10.20,AgentPrefab,Agent,MoveState,Moving,Goal,20.00,0.00,20.00,10.13,0.00,13.13,10.13,0.00,13.13,DStar
2394,10.21,AgentPrefab,Agent,MoveState,Moving,Goal,20.00,0.00,20.00,10.13,0.00,13.13,10.14,0.00,13.14,DStar
2395,10.21,AgentPrefab,Agent,MoveState,Moving,Goal,20.00,0.00,20.00,10.14,0.00,13.14,10.15,0.00,13.15,DStar
2396,10.22,AgentPrefab,Agent,MoveState,Moving,Goal,20.00,0.00,20.00,10.15,0.00,13.15,10.15,0.00,13.15,DStar
2397,10.22,AgentPrefab,Agent,MoveState,Moving,Goal,20.00,0.00,20.00,10.15,0.00,13.15,10.16,0.00,13.16,DStar
2398,10.23,AgentPrefab,Agent,MoveState,Moving,Goal,20.00,0.00,20.00,10.16,0.00,13.16,10.16,0.00,13.16,DStar
2399,10.23,AgentPrefab,Agent,MoveState,Moving,Goal,20.00,0.00,20.00,10.16,0.00,13.16,10.17,0.00,13.17,DStar
2400,10.24,AgentPrefab,Agent,MoveState,Moving,Goal,20.00,0.00,20.00,10.17,0.00,13.17,10.18,0.00,13.18,DStar
2401,10.24,AgentPrefab,Agent,MoveState,Moving,Goal,20.00,0.00,20.00,10.18,0.00,13.18,10.18,0.00,13.18,DStar
2402,10.24,AgentPrefab,Agent,MoveState,Moving,Goal,20.00,0.00,20.00,10.18,0.00,13.18,10.19,0.00,13.19,DStar
2403,10.25,AgentPrefab,Agent,MoveState,Moving,Goal,20.00,0.00,20.00,10.19,0.00,13.19,10.19,0.00,13.19,DStar
2404,10.25,AgentPrefab,Agent,MoveState,Moving,Goal,20.00,0.00,20.00,10.19,0.00,13.19,10.20,0.00,13.20,DStar
2405,10.26,AgentPrefab,Agent,MoveState,Moving,Goal,20.00,0.00,20.00,10.20,0.00,13.20,10.21,0.00,13.21,DStar
2406,10.26,AgentPrefab,Agent,MoveState,Moving,Goal,20.00,0.00,20.00,10.21,0.00,13.21,10.21,0.00,13.21,DStar
2407,10.27,AgentPrefab,Agent,MoveState,Moving,Goal,20.00,0.00,20.00,10.21,0.00,13.21,10.22,0.00,13.22,DStar
2408,10.27,AgentPrefab,Agent,MoveState,Moving,Goal,20.00,0.00,20.00,10.22,0.00,13.22,10.22,0.00,13.22,DStar
2409,10.27,AgentPrefab,Agent,MoveState,Moving,Goal,20.00,0.00,20.00,10.22,0.00,13.22,10.23,0.00,13.23,DStar
2410,10.28,AgentPrefab,Agent,MoveState,Moving,Goal,20.00,0.00,20.00,10.23,0.00,13.23,10.24,0.00,13.24,DStar
2411,10.28,AgentPrefab,Agent,MoveState,Moving,Goal,20.00,0.00,20.00,10.24,0.00,13.24,10.24,0.00,13.24,DStar
2412,10.29,AgentPrefab,Agent,MoveState,Moving,Goal,20.00,0.00,20.00,10.24,0.00,13.24,10.25,0.00,13.25,DStar
2413,10.29,AgentPrefab,Agent,MoveState,Moving,Goal,20.00,0.00,20.00,10.25,0.00,13.25,10.25,0.00,13.25,DStar
2414,10.30,AgentPrefab,Agent,MoveState,Moving,Goal,20.00,0.00,20.00,10.25,0.00,13.25,10.26,0.00,13.26,DStar
2415,10.30,AgentPrefab,Agent,MoveState,Moving,Goal,20.00,0.00,20.00,10.26,0.00,13.26,10.27,0.00,13.27,DStar
2416,10.30,AgentPrefab,Agent,MoveState,Moving,Goal,20.00,0.00,20.00,10.27,0.00,13.27,10.27,0.00,13.27,DStar
2417,10.31,AgentPrefab,Agent,MoveState,Moving,Goal,20.00,0.00,20.00,10.27,0.00,13.27,10.28,0.00,13.28,DStar
2418,10.31,AgentPrefab,Agent,MoveState,Moving,Goal,20.00,0.00,20.00,10.28,0.00,13.28,10.29,0.00,13.29,DStar
2419,10.32,AgentPrefab,Agent,MoveState,Moving,Goal,20.00,0.00,20.00,10.29,0.00,13.29,10.29,0.00,13.29,DStar
2420,10.32,AgentPrefab,Agent,MoveState,Moving,Goal,20.00,0.00,20.00,10.29,0.00,13.29,10.30,0.00,13.30,DStar
2421,10.33,AgentPrefab,Agent,MoveState,Moving,Goal,20.00,0.00,20.00,10.30,0.00,13.30,10.31,0.00,13.31,DStar
2422,10.33,AgentPrefab,Agent,MoveState,Moving,Goal,20.00,0.00,20.00,10.31,0.00,13.31,10.31,0.00,13.31,DStar
2423,10.34,AgentPrefab,Agent,MoveState,Moving,Goal,20.00,0.00,20.00,10.31,0.00,13.31,10.32,0.00,13.32,DStar
2424,10.34,AgentPrefab,Agent,MoveState,Moving,Goal,20.00,0.00,20.00,10.32,0.00,13.32,10.32,0.00,13.32,DStar
2425,10.34,AgentPrefab,Agent,MoveState,Moving,Goal,20.00,0.00,20.00,10.32,0.00,13.32,10.33,0.00,13.33,DStar
2426,10.35,AgentPrefab,Agent,MoveState,Moving,Goal,20.00,0.00,20.00,10.33,0.00,13.33,10.34,0.00,13.34,DStar
2427,10.35,AgentPrefab,Agent,MoveState,Moving,Goal,20.00,0.00,20.00,10.34,0.00,13.34,10.34,0.00,13.34,DStar
2428,10.36,AgentPrefab,Agent,MoveState,Moving,Goal,20.00,0.00,20.00,10.34,0.00,13.34,10.35,0.00,13.35,DStar
2429,10.36,AgentPrefab,Agent,MoveState,Moving,Goal,20.00,0.00,20.00,10.35,0.00,13.35,10.35,0.00,13.35,DStar
2430,10.37,AgentPrefab,Agent,MoveState,Moving,Goal,20.00,0.00,20.00,10.35,0.00,13.35,10.36,0.00,13.36,DStar
2431,10.37,AgentPrefab,Agent,MoveState,Moving,Goal,20.00,0.00,20.00,10.36,0.00,13.36,10.36,0.00,13.36,DStar
2432,10.37,AgentPrefab,Agent,MoveState,Moving,Goal,20.00,0.00,20.00,10.36,0.00,13.36,10.37,0.00,13.37,DStar
2433,10.38,AgentPrefab,Agent,MoveState,Moving,Goal,20.00,0.00,20.00,10.37,0.00,13.37,10.38,0.00,13.38,DStar
2434,10.38,AgentPrefab,Agent,MoveState,Moving,Goal,20.00,0.00,20.00,10.38,0.00,13.38,10.39,0.00,13.39,DStar
2435,10.39,AgentPrefab,Agent,MoveState,Moving,Goal,20.00,0.00,20.00,10.39,0.00,13.39,10.39,0.00,13.39,DStar
2436,10.39,AgentPrefab,Agent,MoveState,Moving,Goal,20.00,0.00,20.00,10.39,0.00,13.39,10.40,0.00,13.40,DStar
2437,10.40,AgentPrefab,Agent,MoveState,Moving,Goal,20.00,0.00,20.00,10.40,0.00,13.40,10.40,0.00,13.40,DStar
2438,10.40,AgentPrefab,Agent,MoveState,Moving,Goal,20.00,0.00,20.00,10.40,0.00,13.40,10.41,0.00,13.41,DStar
2439,10.40,AgentPrefab,Agent,MoveState,Moving,Goal,20.00,0.00,20.00,10.41,0.00,13.41,10.41,0.00,13.41,DStar
2440,10.41,AgentPrefab,Agent,MoveState,Moving,Goal,20.00,0.00,20.00,10.41,0.00,13.41,10.42,0.00,13.42,DStar
2441,10.41,AgentPrefab,Agent,MoveState,Moving,Goal,20.00,0.00,20.00,10.42,0.00,13.42,10.43,0.00,13.43,DStar
2442,10.42,AgentPrefab,Agent,MoveState,Moving,Goal,20.00,0.00,20.00,10.43,0.00,13.43,10.43,0.00,13.43,DStar
2443,10.42,AgentPrefab,Agent,MoveState,Moving,Goal,20.00,0.00,20.00,10.43,0.00,13.43,10.44,0.00,13.44,DStar
2444,10.43,AgentPrefab,Agent,MoveState,Moving,Goal,20.00,0.00,20.00,10.44,0.00,13.44,10.45,0.00,13.45,DStar
2445,10.43,AgentPrefab,Agent,MoveState,Moving,Goal,20.00,0.00,20.00,10.45,0.00,13.45,10.45,0.00,13.45,DStar
2446,10.43,AgentPrefab,Agent,MoveState,Moving,Goal,20.00,0.00,20.00,10.45,0.00,13.45,10.46,0.00,13.46,DStar
2447,10.44,AgentPrefab,Agent,MoveState,Moving,Goal,20.00,0.00,20.00,10.46,0.00,13.46,10.46,0.00,13.46,DStar
2448,10.44,AgentPrefab,Agent,MoveState,Moving,Goal,20.00,0.00,20.00,10.46,0.00,13.46,10.47,0.00,13.47,DStar
2449,10.45,AgentPrefab,Agent,MoveState,Moving,Goal,20.00,0.00,20.00,10.47,0.00,13.47,10.48,0.00,13.48,DStar
2450,10.45,AgentPrefab,Agent,MoveState,Moving,Goal,20.00,0.00,20.00,10.48,0.00,13.48,10.48,0.00,13.48,DStar
2451,10.46,AgentPrefab,Agent,MoveState,Moving,Goal,20.00,0.00,20.00,10.48,0.00,13.48,10.49,0.00,13.49,DStar
2452,10.46,AgentPrefab,Agent,MoveState,Moving,Goal,20.00,0.00,20.00,10.49,0.00,13.49,10.49,0.00,13.49,DStar
2453,10.47,AgentPrefab,Agent,MoveState,Moving,Goal,20.00,0.00,20.00,10.49,0.00,13.49,10.50,0.00,13.50,DStar
2454,10.47,AgentPrefab,Agent,MoveState,Moving,Goal,20.00,0.00,20.00,10.50,0.00,13.50,10.51,0.00,13.51,DStar
2455,10.47,AgentPrefab,Agent,MoveState,Moving,Goal,20.00,0.00,20.00,10.51,0.00,13.51,10.51,0.00,13.51,DStar
2456,10.48,AgentPrefab,Agent,MoveState,Moving,Goal,20.00,0.00,20.00,10.51,0.00,13.51,10.52,0.00,13.52,DStar
2457,10.48,AgentPrefab,Agent,MoveState,Moving,Goal,20.00,0.00,20.00,10.52,0.00,13.52,10.52,0.00,13.52,DStar
2458,10.49,AgentPrefab,Agent,MoveState,Moving,Goal,20.00,0.00,20.00,10.52,0.00,13.52,10.53,0.00,13.53,DStar
2459,10.49,AgentPrefab,Agent,MoveState,Moving,Goal,20.00,0.00,20.00,10.53,0.00,13.53,10.54,0.00,13.54,DStar
2460,10.50,AgentPrefab,Agent,MoveState,Moving,Goal,20.00,0.00,20.00,10.54,0.00,13.54,10.55,0.00,13.55,DStar
2461,10.50,AgentPrefab,Agent,MoveState,Moving,Goal,20.00,0.00,20.00,10.55,0.00,13.55,10.55,0.00,13.55,DStar
2462,10.51,AgentPrefab,Agent,MoveState,Moving,Goal,20.00,0.00,20.00,10.55,0.00,13.55,10.56,0.00,13.56,DStar
2463,10.51,AgentPrefab,Agent,MoveState,Moving,Goal,20.00,0.00,20.00,10.56,0.00,13.56,10.56,0.00,13.56,DStar
2464,10.52,AgentPrefab,Agent,MoveState,Moving,Goal,20.00,0.00,20.00,10.56,0.00,13.56,10.56,0.00,13.56,DStar
2465,10.52,AgentPrefab,Agent,MoveState,Moving,Goal,20.00,0.00,20.00,10.56,0.00,13.56,10.57,0.00,13.57,DStar
2466,10.53,AgentPrefab,Agent,MoveState,Moving,Goal,20.00,0.00,20.00,10.57,0.00,13.57,10.58,0.00,13.58,DStar
2467,10.53,AgentPrefab,Agent,MoveState,Moving,Goal,20.00,0.00,20.00,10.58,0.00,13.58,10.59,0.00,13.59,DStar
2468,10.54,AgentPrefab,Agent,MoveState,Moving,Goal,20.00,0.00,20.00,10.59,0.00,13.59,10.59,0.00,13.59,DStar
2469,10.54,AgentPrefab,Agent,MoveState,Moving,Goal,20.00,0.00,20.00,10.59,0.00,13.59,10.60,0.00,13.60,DStar
2470,10.55,AgentPrefab,Agent,MoveState,Moving,Goal,20.00,0.00,20.00,10.60,0.00,13.60,10.61,0.00,13.61,DStar
2471,10.55,AgentPrefab,Agent,MoveState,Moving,Goal,20.00,0.00,20.00,10.61,0.00,13.61,10.61,0.00,13.61,DStar
2472,10.55,AgentPrefab,Agent,MoveState,Moving,Goal,20.00,0.00,20.00,10.61,0.00,13.61,10.62,0.00,13.62,DStar
2473,10.56,AgentPrefab,Agent,MoveState,Moving,Goal,20.00,0.00,20.00,10.62,0.00,13.62,10.63,0.00,13.63,DStar
2474,10.56,AgentPrefab,Agent,MoveState,Moving,Goal,20.00,0.00,20.00,10.63,0.00,13.63,10.63,0.00,13.63,DStar
2475,10.57,AgentPrefab,Agent,MoveState,Moving,Goal,20.00,0.00,20.00,10.63,0.00,13.63,10.64,0.00,13.64,DStar
2476,10.57,AgentPrefab,Agent,MoveState,Moving,Goal,20.00,0.00,20.00,10.64,0.00,13.64,10.64,0.00,13.64,DStar
2477,10.58,AgentPrefab,Agent,MoveState,Moving,Goal,20.00,0.00,20.00,10.64,0.00,13.64,10.65,0.00,13.65,DStar
2478,10.58,AgentPrefab,Agent,MoveState,Moving,Goal,20.00,0.00,20.00,10.65,0.00,13.65,10.66,0.00,13.66,DStar
2479,10.58,AgentPrefab,Agent,MoveState,Moving,Goal,20.00,0.00,20.00,10.66,0.00,13.66,10.66,0.00,13.66,DStar
2480,10.59,AgentPrefab,Agent,MoveState,Moving,Goal,20.00,0.00,20.00,10.66,0.00,13.66,10.67,0.00,13.67,DStar
2481,10.59,AgentPrefab,Agent,MoveState,Moving,Goal,20.00,0.00,20.00,10.67,0.00,13.67,10.67,0.00,13.67,DStar
2482,10.60,AgentPrefab,Agent,MoveState,Moving,Goal,20.00,0.00,20.00,10.67,0.00,13.67,10.68,0.00,13.68,DStar
2483,10.60,AgentPrefab,Agent,MoveState,Moving,Goal,20.00,0.00,20.00,10.68,0.00,13.68,10.69,0.00,13.69,DStar
2484,10.61,AgentPrefab,Agent,MoveState,Moving,Goal,20.00,0.00,20.00,10.69,0.00,13.69,10.69,0.00,13.69,DStar
2485,10.61,AgentPrefab,Agent,MoveState,Moving,Goal,20.00,0.00,20.00,10.69,0.00,13.69,10.70,0.00,13.70,DStar
2486,10.61,AgentPrefab,Agent,MoveState,Moving,Goal,20.00,0.00,20.00,10.70,0.00,13.70,10.70,0.00,13.70,DStar
2487,10.62,AgentPrefab,Agent,MoveState,Moving,Goal,20.00,0.00,20.00,10.70,0.00,13.70,10.71,0.00,13.71,DStar
2488,10.62,AgentPrefab,Agent,MoveState,Moving,Goal,20.00,0.00,20.00,10.71,0.00,13.71,10.71,0.00,13.71,DStar
2489,10.63,AgentPrefab,Agent,MoveState,Moving,Goal,20.00,0.00,20.00,10.71,0.00,13.71,10.72,0.00,13.72,DStar
2490,10.63,AgentPrefab,Agent,MoveState,Moving,Goal,20.00,0.00,20.00,10.72,0.00,13.72,10.73,0.00,13.73,DStar
2491,10.64,AgentPrefab,Agent,MoveState,Moving,Goal,20.00,0.00,20.00,10.73,0.00,13.73,10.73,0.00,13.73,DStar
2492,10.64,AgentPrefab,Agent,MoveState,Moving,Goal,20.00,0.00,20.00,10.73,0.00,13.73,10.74,0.00,13.74,DStar
2493,10.64,AgentPrefab,Agent,MoveState,Moving,Goal,20.00,0.00,20.00,10.74,0.00,13.74,10.75,0.00,13.75,DStar
2494,10.65,AgentPrefab,Agent,MoveState,Moving,Goal,20.00,0.00,20.00,10.75,0.00,13.75,10.75,0.00,13.75,DStar
2495,10.65,AgentPrefab,Agent,MoveState,Moving,Goal,20.00,0.00,20.00,10.75,0.00,13.75,10.76,0.00,13.76,DStar
2496,10.66,AgentPrefab,Agent,MoveState,Moving,Goal,20.00,0.00,20.00,10.76,0.00,13.76,10.76,0.00,13.76,DStar
2497,10.66,AgentPrefab,Agent,MoveState,Moving,Goal,20.00,0.00,20.00,10.76,0.00,13.76,10.77,0.00,13.77,DStar
2498,10.67,AgentPrefab,Agent,MoveState,Moving,Goal,20.00,0.00,20.00,10.77,0.00,13.77,10.78,0.00,13.78,DStar
2499,10.67,AgentPrefab,Agent,MoveState,Moving,Goal,20.00,0.00,20.00,10.78,0.00,13.78,10.78,0.00,13.78,DStar
2500,10.67,AgentPrefab,Agent,MoveState,Moving,Goal,20.00,0.00,20.00,10.78,0.00,13.78,10.79,0.00,13.79,DStar
2501,10.68,AgentPrefab,Agent,MoveState,Moving,Goal,20.00,0.00,20.00,10.79,0.00,13.79,10.79,0.00,13.79,DStar
2502,10.68,AgentPrefab,Agent,MoveState,Moving,Goal,20.00,0.00,20.00,10.79,0.00,13.79,10.80,0.00,13.80,DStar
2503,10.69,AgentPrefab,Agent,MoveState,Moving,Goal,20.00,0.00,20.00,10.80,0.00,13.80,10.81,0.00,13.81,DStar
2504,10.69,AgentPrefab,Agent,MoveState,Moving,Goal,20.00,0.00,20.00,10.81,0.00,13.81,10.81,0.00,13.81,DStar
2505,10.69,AgentPrefab,Agent,MoveState,Moving,Goal,20.00,0.00,20.00,10.81,0.00,13.81,10.82,0.00,13.82,DStar
2506,10.70,AgentPrefab,Agent,MoveState,Moving,Goal,20.00,0.00,20.00,10.82,0.00,13.82,10.82,0.00,13.82,DStar
2507,10.70,AgentPrefab,Agent,MoveState,Moving,Goal,20.00,0.00,20.00,10.82,0.00,13.82,10.83,0.00,13.83,DStar
2508,10.71,AgentPrefab,Agent,MoveState,Moving,Goal,20.00,0.00,20.00,10.83,0.00,13.83,10.83,0.00,13.83,DStar
2509,10.71,AgentPrefab,Agent,MoveState,Moving,Goal,20.00,0.00,20.00,10.83,0.00,13.83,10.84,0.00,13.84,DStar
2510,10.72,AgentPrefab,Agent,MoveState,Moving,Goal,20.00,0.00,20.00,10.84,0.00,13.84,10.85,0.00,13.85,DStar
2511,10.72,AgentPrefab,Agent,MoveState,Moving,Goal,20.00,0.00,20.00,10.85,0.00,13.85,10.85,0.00,13.85,DStar
2512,10.73,AgentPrefab,Agent,MoveState,Moving,Goal,20.00,0.00,20.00,10.85,0.00,13.85,10.86,0.00,13.86,DStar
2513,10.73,AgentPrefab,Agent,MoveState,Moving,Goal,20.00,0.00,20.00,10.86,0.00,13.86,10.87,0.00,13.87,DStar
2514,10.73,AgentPrefab,Agent,MoveState,Moving,Goal,20.00,0.00,20.00,10.87,0.00,13.87,10.87,0.00,13.87,DStar
2515,10.74,AgentPrefab,Agent,MoveState,Moving,Goal,20.00,0.00,20.00,10.87,0.00,13.87,10.88,0.00,13.88,DStar
2516,10.74,AgentPrefab,Agent,MoveState,Moving,Goal,20.00,0.00,20.00,10.88,0.00,13.88,10.88,0.00,13.88,DStar
2517,10.75,AgentPrefab,Agent,MoveState,Moving,Goal,20.00,0.00,20.00,10.88,0.00,13.88,10.89,0.00,13.89,DStar
2518,10.75,AgentPrefab,Agent,MoveState,Moving,Goal,20.00,0.00,20.00,10.89,0.00,13.89,10.90,0.00,13.90,DStar
2519,10.76,AgentPrefab,Agent,MoveState,Moving,Goal,20.00,0.00,20.00,10.90,0.00,13.90,10.90,0.00,13.90,DStar
2520,10.76,AgentPrefab,Agent,MoveState,Moving,Goal,20.00,0.00,20.00,10.90,0.00,13.90,10.91,0.00,13.91,DStar
2521,10.76,AgentPrefab,Agent,MoveState,Moving,Goal,20.00,0.00,20.00,10.91,0.00,13.91,10.92,0.00,13.92,DStar
2522,10.77,AgentPrefab,Agent,MoveState,Moving,Goal,20.00,0.00,20.00,10.92,0.00,13.92,10.92,0.00,13.92,DStar
2523,10.77,AgentPrefab,Agent,MoveState,Moving,Goal,20.00,0.00,20.00,10.92,0.00,13.92,10.93,0.00,13.93,DStar
2524,10.78,AgentPrefab,Agent,MoveState,Moving,Goal,20.00,0.00,20.00,10.93,0.00,13.93,10.93,0.00,13.93,DStar
2525,10.78,AgentPrefab,Agent,MoveState,Moving,Goal,20.00,0.00,20.00,10.93,0.00,13.93,10.94,0.00,13.94,DStar
2526,10.78,AgentPrefab,Agent,MoveState,Moving,Goal,20.00,0.00,20.00,10.94,0.00,13.94,10.94,0.00,13.94,DStar
2527,10.79,AgentPrefab,Agent,MoveState,Moving,Goal,20.00,0.00,20.00,10.94,0.00,13.94,10.95,0.00,13.95,DStar
2528,10.79,AgentPrefab,Agent,MoveState,Moving,Goal,20.00,0.00,20.00,10.95,0.00,13.95,10.96,0.00,13.96,DStar
2529,10.80,AgentPrefab,Agent,MoveState,Moving,Goal,20.00,0.00,20.00,10.96,0.00,13.96,10.96,0.00,13.96,DStar
2530,10.80,AgentPrefab,Agent,MoveState,Moving,Goal,20.00,0.00,20.00,10.96,0.00,13.96,10.97,0.00,13.97,DStar
2531,10.81,AgentPrefab,Agent,MoveState,Moving,Goal,20.00,0.00,20.00,10.97,0.00,13.97,10.98,0.00,13.98,DStar
2532,10.81,AgentPrefab,Agent,MoveState,Moving,Goal,20.00,0.00,20.00,10.98,0.00,13.98,10.98,0.00,13.98,DStar
2533,10.82,AgentPrefab,Agent,MoveState,Moving,Goal,20.00,0.00,20.00,10.98,0.00,13.98,10.99,0.00,13.99,DStar
2534,10.82,AgentPrefab,Agent,MoveState,Moving,Goal,20.00,0.00,20.00,10.99,0.00,13.99,10.99,0.00,13.99,DStar
2535,10.82,AgentPrefab,Agent,MoveState,Moving,Goal,20.00,0.00,20.00,10.99,0.00,13.99,11.00,0.00,14.00,DStar
2536,10.83,AgentPrefab,Agent,MoveState,Moving,Goal,20.00,0.00,20.00,11.00,0.00,14.00,11.01,0.00,14.01,DStar
2537,10.84,AgentPrefab,Agent,MoveState,Moving,Goal,20.00,0.00,20.00,11.01,0.00,14.01,11.02,0.00,14.02,DStar
2538,10.84,AgentPrefab,Agent,MoveState,Moving,Goal,20.00,0.00,20.00,11.02,0.00,14.02,11.02,0.00,14.02,DStar
2539,10.85,AgentPrefab,Agent,MoveState,Moving,Goal,20.00,0.00,20.00,11.02,0.00,14.02,11.03,0.00,14.03,DStar
2540,10.85,AgentPrefab,Agent,MoveState,Moving,Goal,20.00,0.00,20.00,11.03,0.00,14.03,11.04,0.00,14.04,DStar
2541,10.85,AgentPrefab,Agent,MoveState,Moving,Goal,20.00,0.00,20.00,11.04,0.00,14.04,11.04,0.00,14.04,DStar
2542,10.86,AgentPrefab,Agent,MoveState,Moving,Goal,20.00,0.00,20.00,11.04,0.00,14.04,11.05,0.00,14.05,DStar
2543,10.86,AgentPrefab,Agent,MoveState,Moving,Goal,20.00,0.00,20.00,11.05,0.00,14.05,11.05,0.00,14.05,DStar
2544,10.87,AgentPrefab,Agent,MoveState,Moving,Goal,20.00,0.00,20.00,11.05,0.00,14.05,11.06,0.00,14.06,DStar
2545,10.87,AgentPrefab,Agent,MoveState,Moving,Goal,20.00,0.00,20.00,11.06,0.00,14.06,11.07,0.00,14.07,DStar
2546,10.87,AgentPrefab,Agent,MoveState,Moving,Goal,20.00,0.00,20.00,11.07,0.00,14.07,11.07,0.00,14.07,DStar
2547,10.88,AgentPrefab,Agent,MoveState,Moving,Goal,20.00,0.00,20.00,11.07,0.00,14.07,11.08,0.00,14.08,DStar
2548,10.88,AgentPrefab,Agent,MoveState,Moving,Goal,20.00,0.00,20.00,11.08,0.00,14.08,11.08,0.00,14.08,DStar
2549,10.89,AgentPrefab,Agent,MoveState,Moving,Goal,20.00,0.00,20.00,11.08,0.00,14.08,11.09,0.00,14.09,DStar
2550,10.89,AgentPrefab,Agent,MoveState,Moving,Goal,20.00,0.00,20.00,11.09,0.00,14.09,11.10,0.00,14.10,DStar
2551,10.90,AgentPrefab,Agent,MoveState,Moving,Goal,20.00,0.00,20.00,11.10,0.00,14.10,11.10,0.00,14.10,DStar
2552,10.90,AgentPrefab,Agent,MoveState,Moving,Goal,20.00,0.00,20.00,11.10,0.00,14.10,11.11,0.00,14.11,DStar
2553,10.90,AgentPrefab,Agent,MoveState,Moving,Goal,20.00,0.00,20.00,11.11,0.00,14.11,11.11,0.00,14.11,DStar
2554,10.91,AgentPrefab,Agent,MoveState,Moving,Goal,20.00,0.00,20.00,11.11,0.00,14.11,11.12,0.00,14.12,DStar
2555,10.91,AgentPrefab,Agent,MoveState,Moving,Goal,20.00,0.00,20.00,11.12,0.00,14.12,11.13,0.00,14.13,DStar
2556,10.92,AgentPrefab,Agent,MoveState,Moving,Goal,20.00,0.00,20.00,11.13,0.00,14.13,11.13,0.00,14.13,DStar
2557,10.92,AgentPrefab,Agent,MoveState,Moving,Goal,20.00,0.00,20.00,11.13,0.00,14.13,11.14,0.00,14.14,DStar
2558,10.93,AgentPrefab,Agent,MoveState,Moving,Goal,20.00,0.00,20.00,11.14,0.00,14.14,11.14,0.00,14.14,DStar
2559,10.93,AgentPrefab,Agent,MoveState,Moving,Goal,20.00,0.00,20.00,11.14,0.00,14.14,11.15,0.00,14.15,DStar
2560,10.93,AgentPrefab,Agent,MoveState,Moving,Goal,20.00,0.00,20.00,11.15,0.00,14.15,11.16,0.00,14.16,DStar
2561,10.94,AgentPrefab,Agent,MoveState,Moving,Goal,20.00,0.00,20.00,11.16,0.00,14.16,11.16,0.00,14.16,DStar
2562,10.94,AgentPrefab,Agent,MoveState,Moving,Goal,20.00,0.00,20.00,11.16,0.00,14.16,11.17,0.00,14.17,DStar
2563,10.95,AgentPrefab,Agent,MoveState,Moving,Goal,20.00,0.00,20.00,11.17,0.00,14.17,11.17,0.00,14.17,DStar
2564,10.95,AgentPrefab,Agent,MoveState,Moving,Goal,20.00,0.00,20.00,11.17,0.00,14.17,11.18,0.00,14.18,DStar
2565,10.95,AgentPrefab,Agent,MoveState,Moving,Goal,20.00,0.00,20.00,11.18,0.00,14.18,11.18,0.00,14.18,DStar
2566,10.96,AgentPrefab,Agent,MoveState,Moving,Goal,20.00,0.00,20.00,11.18,0.00,14.18,11.19,0.00,14.19,DStar
2567,10.96,AgentPrefab,Agent,MoveState,Moving,Goal,20.00,0.00,20.00,11.19,0.00,14.19,11.20,0.00,14.20,DStar
2568,10.97,AgentPrefab,Agent,MoveState,Moving,Goal,20.00,0.00,20.00,11.20,0.00,14.20,11.20,0.00,14.20,DStar
2569,10.97,AgentPrefab,Agent,MoveState,Moving,Goal,20.00,0.00,20.00,11.20,0.00,14.20,11.21,0.00,14.21,DStar
2570,10.98,AgentPrefab,Agent,MoveState,Moving,Goal,20.00,0.00,20.00,11.21,0.00,14.21,11.22,0.00,14.22,DStar
2571,10.98,AgentPrefab,Agent,MoveState,Moving,Goal,20.00,0.00,20.00,11.22,0.00,14.22,11.22,0.00,14.22,DStar
2572,10.99,AgentPrefab,Agent,MoveState,Moving,Goal,20.00,0.00,20.00,11.22,0.00,14.22,11.23,0.00,14.23,DStar
2573,10.99,AgentPrefab,Agent,MoveState,Moving,Goal,20.00,0.00,20.00,11.23,0.00,14.23,11.23,0.00,14.23,DStar
2574,11.00,AgentPrefab,Agent,MoveState,Moving,Goal,20.00,0.00,20.00,11.23,0.00,14.23,11.24,0.00,14.24,DStar
2575,11.00,AgentPrefab,Agent,MoveState,Moving,Goal,20.00,0.00,20.00,11.24,0.00,14.24,11.25,0.00,14.25,DStar
2576,11.00,AgentPrefab,Agent,MoveState,Moving,Goal,20.00,0.00,20.00,11.25,0.00,14.25,11.25,0.00,14.25,DStar
2577,11.01,AgentPrefab,Agent,MoveState,Moving,Goal,20.00,0.00,20.00,11.25,0.00,14.25,11.26,0.00,14.26,DStar
2578,11.01,AgentPrefab,Agent,MoveState,Moving,Goal,20.00,0.00,20.00,11.26,0.00,14.26,11.27,0.00,14.27,DStar
2579,11.02,AgentPrefab,Agent,MoveState,Moving,Goal,20.00,0.00,20.00,11.27,0.00,14.27,11.27,0.00,14.27,DStar
2580,11.02,AgentPrefab,Agent,MoveState,Moving,Goal,20.00,0.00,20.00,11.27,0.00,14.27,11.28,0.00,14.28,DStar
2581,11.02,AgentPrefab,Agent,MoveState,Moving,Goal,20.00,0.00,20.00,11.28,0.00,14.28,11.28,0.00,14.28,DStar
2582,11.03,AgentPrefab,Agent,MoveState,Moving,Goal,20.00,0.00,20.00,11.28,0.00,14.28,11.29,0.00,14.29,DStar
2583,11.03,AgentPrefab,Agent,MoveState,Moving,Goal,20.00,0.00,20.00,11.29,0.00,14.29,11.30,0.00,14.30,DStar
2584,11.04,AgentPrefab,Agent,MoveState,Moving,Goal,20.00,0.00,20.00,11.30,0.00,14.30,11.30,0.00,14.30,DStar
2585,11.04,AgentPrefab,Agent,MoveState,Moving,Goal,20.00,0.00,20.00,11.30,0.00,14.30,11.31,0.00,14.31,DStar
2586,11.05,AgentPrefab,Agent,MoveState,Moving,Goal,20.00,0.00,20.00,11.31,0.00,14.31,11.31,0.00,14.31,DStar
2587,11.05,AgentPrefab,Agent,MoveState,Moving,Goal,20.00,0.00,20.00,11.31,0.00,14.31,11.32,0.00,14.32,DStar
2588,11.05,AgentPrefab,Agent,MoveState,Moving,Goal,20.00,0.00,20.00,11.32,0.00,14.32,11.32,0.00,14.32,DStar
2589,11.06,AgentPrefab,Agent,MoveState,Moving,Goal,20.00,0.00,20.00,11.32,0.00,14.32,11.33,0.00,14.33,DStar
2590,11.06,AgentPrefab,Agent,MoveState,Moving,Goal,20.00,0.00,20.00,11.33,0.00,14.33,11.34,0.00,14.34,DStar
2591,11.07,AgentPrefab,Agent,MoveState,Moving,Goal,20.00,0.00,20.00,11.34,0.00,14.34,11.34,0.00,14.34,DStar
2592,11.07,AgentPrefab,Agent,MoveState,Moving,Goal,20.00,0.00,20.00,11.34,0.00,14.34,11.35,0.00,14.35,DStar
2593,11.07,AgentPrefab,Agent,MoveState,Moving,Goal,20.00,0.00,20.00,11.35,0.00,14.35,11.35,0.00,14.35,DStar
2594,11.08,AgentPrefab,Agent,MoveState,Moving,Goal,20.00,0.00,20.00,11.35,0.00,14.35,11.36,0.00,14.36,DStar
2595,11.08,AgentPrefab,Agent,MoveState,Moving,Goal,20.00,0.00,20.00,11.36,0.00,14.36,11.37,0.00,14.37,DStar
2596,11.09,AgentPrefab,Agent,MoveState,Moving,Goal,20.00,0.00,20.00,11.37,0.00,14.37,11.37,0.00,14.37,DStar
2597,11.09,AgentPrefab,Agent,MoveState,Moving,Goal,20.00,0.00,20.00,11.37,0.00,14.37,11.38,0.00,14.38,DStar
2598,11.10,AgentPrefab,Agent,MoveState,Moving,Goal,20.00,0.00,20.00,11.38,0.00,14.38,11.39,0.00,14.39,DStar
2599,11.10,AgentPrefab,Agent,MoveState,Moving,Goal,20.00,0.00,20.00,11.39,0.00,14.39,11.39,0.00,14.39,DStar
2600,11.11,AgentPrefab,Agent,MoveState,Moving,Goal,20.00,0.00,20.00,11.39,0.00,14.39,11.40,0.00,14.40,DStar
2601,11.11,AgentPrefab,Agent,MoveState,Moving,Goal,20.00,0.00,20.00,11.40,0.00,14.40,11.40,0.00,14.40,DStar
2602,11.11,AgentPrefab,Agent,MoveState,Moving,Goal,20.00,0.00,20.00,11.40,0.00,14.40,11.41,0.00,14.41,DStar
2603,11.12,AgentPrefab,Agent,MoveState,Moving,Goal,20.00,0.00,20.00,11.41,0.00,14.41,11.42,0.00,14.42,DStar
2604,11.12,AgentPrefab,Agent,MoveState,Moving,Goal,20.00,0.00,20.00,11.42,0.00,14.42,11.42,0.00,14.42,DStar
2605,11.13,AgentPrefab,Agent,MoveState,Moving,Goal,20.00,0.00,20.00,11.42,0.00,14.42,11.43,0.00,14.43,DStar
2606,11.13,AgentPrefab,Agent,MoveState,Moving,Goal,20.00,0.00,20.00,11.43,0.00,14.43,11.44,0.00,14.44,DStar
2607,11.14,AgentPrefab,Agent,MoveState,Moving,Goal,20.00,0.00,20.00,11.44,0.00,14.44,11.44,0.00,14.44,DStar
2608,11.14,AgentPrefab,Agent,MoveState,Moving,Goal,20.00,0.00,20.00,11.44,0.00,14.44,11.45,0.00,14.45,DStar
2609,11.15,AgentPrefab,Agent,MoveState,Moving,Goal,20.00,0.00,20.00,11.45,0.00,14.45,11.46,0.00,14.46,DStar
2610,11.15,AgentPrefab,Agent,MoveState,Moving,Goal,20.00,0.00,20.00,11.46,0.00,14.46,11.46,0.00,14.46,DStar
2611,11.15,AgentPrefab,Agent,MoveState,Moving,Goal,20.00,0.00,20.00,11.46,0.00,14.46,11.47,0.00,14.47,DStar
2612,11.16,AgentPrefab,Agent,MoveState,Moving,Goal,20.00,0.00,20.00,11.47,0.00,14.47,11.47,0.00,14.47,DStar
2613,11.16,AgentPrefab,Agent,MoveState,Moving,Goal,20.00,0.00,20.00,11.47,0.00,14.47,11.48,0.00,14.48,DStar
2614,11.17,AgentPrefab,Agent,MoveState,Moving,Goal,20.00,0.00,20.00,11.48,0.00,14.48,11.49,0.00,14.49,DStar
2615,11.17,AgentPrefab,Agent,MoveState,Moving,Goal,20.00,0.00,20.00,11.49,0.00,14.49,11.49,0.00,14.49,DStar
2616,11.18,AgentPrefab,Agent,MoveState,Moving,Goal,20.00,0.00,20.00,11.49,0.00,14.49,11.50,0.00,14.50,DStar
2617,11.18,AgentPrefab,Agent,MoveState,Moving,Goal,20.00,0.00,20.00,11.50,0.00,14.50,11.50,0.00,14.50,DStar
2618,11.18,AgentPrefab,Agent,MoveState,Moving,Goal,20.00,0.00,20.00,11.50,0.00,14.50,11.51,0.00,14.51,DStar
2619,11.19,AgentPrefab,Agent,MoveState,Moving,Goal,20.00,0.00,20.00,11.51,0.00,14.51,11.52,0.00,14.52,DStar
2620,11.19,AgentPrefab,Agent,MoveState,Moving,Goal,20.00,0.00,20.00,11.52,0.00,14.52,11.52,0.00,14.52,DStar
2621,11.20,AgentPrefab,Agent,MoveState,Moving,Goal,20.00,0.00,20.00,11.52,0.00,14.52,11.53,0.00,14.53,DStar
2622,11.20,AgentPrefab,Agent,MoveState,Moving,Goal,20.00,0.00,20.00,11.53,0.00,14.53,11.53,0.00,14.53,DStar
2623,11.20,AgentPrefab,Agent,MoveState,Moving,Goal,20.00,0.00,20.00,11.53,0.00,14.53,11.54,0.00,14.54,DStar
2624,11.21,AgentPrefab,Agent,MoveState,Moving,Goal,20.00,0.00,20.00,11.54,0.00,14.54,11.55,0.00,14.55,DStar
2625,11.21,AgentPrefab,Agent,MoveState,Moving,Goal,20.00,0.00,20.00,11.55,0.00,14.55,11.55,0.00,14.55,DStar
2626,11.22,AgentPrefab,Agent,MoveState,Moving,Goal,20.00,0.00,20.00,11.56,0.00,14.56,11.56,0.00,14.56,DStar
2627,11.22,AgentPrefab,Agent,MoveState,Moving,Goal,20.00,0.00,20.00,11.56,0.00,14.56,11.57,0.00,14.57,DStar
2628,11.23,AgentPrefab,Agent,MoveState,Moving,Goal,20.00,0.00,20.00,11.57,0.00,14.57,11.58,0.00,14.58,DStar
2629,11.23,AgentPrefab,Agent,MoveState,Moving,Goal,20.00,0.00,20.00,11.58,0.00,14.58,11.58,0.00,14.58,DStar
2630,11.24,AgentPrefab,Agent,MoveState,Moving,Goal,20.00,0.00,20.00,11.58,0.00,14.58,11.59,0.00,14.59,DStar
2631,11.24,AgentPrefab,Agent,MoveState,Moving,Goal,20.00,0.00,20.00,11.59,0.00,14.59,11.60,0.00,14.60,DStar
2632,11.25,AgentPrefab,Agent,MoveState,Moving,Goal,20.00,0.00,20.00,11.60,0.00,14.60,11.60,0.00,14.60,DStar
2633,11.25,AgentPrefab,Agent,MoveState,Moving,Goal,20.00,0.00,20.00,11.60,0.00,14.60,11.61,0.00,14.61,DStar
2634,11.25,AgentPrefab,Agent,MoveState,Moving,Goal,20.00,0.00,20.00,11.61,0.00,14.61,11.61,0.00,14.61,DStar
2635,11.26,AgentPrefab,Agent,MoveState,Moving,Goal,20.00,0.00,20.00,11.61,0.00,14.61,11.62,0.00,14.62,DStar
2636,11.26,AgentPrefab,Agent,MoveState,Moving,Goal,20.00,0.00,20.00,11.62,0.00,14.62,11.63,0.00,14.63,DStar
2637,11.27,AgentPrefab,Agent,MoveState,Moving,Goal,20.00,0.00,20.00,11.63,0.00,14.63,11.63,0.00,14.63,DStar
2638,11.27,AgentPrefab,Agent,MoveState,Moving,Goal,20.00,0.00,20.00,11.63,0.00,14.63,11.64,0.00,14.64,DStar
2639,11.27,AgentPrefab,Agent,MoveState,Moving,Goal,20.00,0.00,20.00,11.64,0.00,14.64,11.64,0.00,14.64,DStar
2640,11.28,AgentPrefab,Agent,MoveState,Moving,Goal,20.00,0.00,20.00,11.64,0.00,14.64,11.65,0.00,14.65,DStar
2641,11.28,AgentPrefab,Agent,MoveState,Moving,Goal,20.00,0.00,20.00,11.65,0.00,14.65,11.65,0.00,14.65,DStar
2642,11.29,AgentPrefab,Agent,MoveState,Moving,Goal,20.00,0.00,20.00,11.65,0.00,14.65,11.66,0.00,14.66,DStar
2643,11.29,AgentPrefab,Agent,MoveState,Moving,Goal,20.00,0.00,20.00,11.66,0.00,14.66,11.67,0.00,14.67,DStar
2644,11.30,AgentPrefab,Agent,MoveState,Moving,Goal,20.00,0.00,20.00,11.67,0.00,14.67,11.67,0.00,14.67,DStar
2645,11.30,AgentPrefab,Agent,MoveState,Moving,Goal,20.00,0.00,20.00,11.67,0.00,14.67,11.68,0.00,14.68,DStar
2646,11.30,AgentPrefab,Agent,MoveState,Moving,Goal,20.00,0.00,20.00,11.68,0.00,14.68,11.68,0.00,14.68,DStar
2647,11.31,AgentPrefab,Agent,MoveState,Moving,Goal,20.00,0.00,20.00,11.68,0.00,14.68,11.69,0.00,14.69,DStar
2648,11.31,AgentPrefab,Agent,MoveState,Moving,Goal,20.00,0.00,20.00,11.69,0.00,14.69,11.70,0.00,14.70,DStar
2649,11.32,AgentPrefab,Agent,MoveState,Moving,Goal,20.00,0.00,20.00,11.70,0.00,14.70,11.70,0.00,14.70,DStar
2650,11.32,AgentPrefab,Agent,MoveState,Moving,Goal,20.00,0.00,20.00,11.70,0.00,14.70,11.71,0.00,14.71,DStar
2651,11.33,AgentPrefab,Agent,MoveState,Moving,Goal,20.00,0.00,20.00,11.71,0.00,14.71,11.72,0.00,14.72,DStar
2652,11.33,AgentPrefab,Agent,MoveState,Moving,Goal,20.00,0.00,20.00,11.72,0.00,14.72,11.72,0.00,14.72,DStar
2653,11.34,AgentPrefab,Agent,MoveState,Moving,Goal,20.00,0.00,20.00,11.72,0.00,14.72,11.73,0.00,14.73,DStar
2654,11.34,AgentPrefab,Agent,MoveState,Moving,Goal,20.00,0.00,20.00,11.73,0.00,14.73,11.73,0.00,14.73,DStar
2655,11.34,AgentPrefab,Agent,MoveState,Moving,Goal,20.00,0.00,20.00,11.73,0.00,14.73,11.74,0.00,14.74,DStar
2656,11.35,AgentPrefab,Agent,MoveState,Moving,Goal,20.00,0.00,20.00,11.74,0.00,14.74,11.75,0.00,14.75,DStar
2657,11.35,AgentPrefab,Agent,MoveState,Moving,Goal,20.00,0.00,20.00,11.75,0.00,14.75,11.75,0.00,14.75,DStar
2658,11.36,AgentPrefab,Agent,MoveState,Moving,Goal,20.00,0.00,20.00,11.75,0.00,14.75,11.76,0.00,14.76,DStar
2659,11.36,AgentPrefab,Agent,MoveState,Moving,Goal,20.00,0.00,20.00,11.76,0.00,14.76,11.77,0.00,14.77,DStar
2660,11.37,AgentPrefab,Agent,MoveState,Moving,Goal,20.00,0.00,20.00,11.77,0.00,14.77,11.77,0.00,14.77,DStar
2661,11.37,AgentPrefab,Agent,MoveState,Moving,Goal,20.00,0.00,20.00,11.77,0.00,14.77,11.78,0.00,14.78,DStar
2662,11.37,AgentPrefab,Agent,MoveState,Moving,Goal,20.00,0.00,20.00,11.78,0.00,14.78,11.78,0.00,14.78,DStar
2663,11.38,AgentPrefab,Agent,MoveState,Moving,Goal,20.00,0.00,20.00,11.78,0.00,14.78,11.79,0.00,14.79,DStar
2664,11.38,AgentPrefab,Agent,MoveState,Moving,Goal,20.00,0.00,20.00,11.79,0.00,14.79,11.80,0.00,14.80,DStar
2665,11.39,AgentPrefab,Agent,MoveState,Moving,Goal,20.00,0.00,20.00,11.80,0.00,14.80,11.80,0.00,14.80,DStar
2666,11.39,AgentPrefab,Agent,MoveState,Moving,Goal,20.00,0.00,20.00,11.80,0.00,14.80,11.81,0.00,14.81,DStar
2667,11.40,AgentPrefab,Agent,MoveState,Moving,Goal,20.00,0.00,20.00,11.81,0.00,14.81,11.81,0.00,14.81,DStar
2668,11.40,AgentPrefab,Agent,MoveState,Moving,Goal,20.00,0.00,20.00,11.81,0.00,14.81,11.82,0.00,14.82,DStar
2669,11.40,AgentPrefab,Agent,MoveState,Moving,Goal,20.00,0.00,20.00,11.82,0.00,14.82,11.82,0.00,14.82,DStar
2670,11.41,AgentPrefab,Agent,MoveState,Moving,Goal,20.00,0.00,20.00,11.82,0.00,14.82,11.83,0.00,14.83,DStar
2671,11.41,AgentPrefab,Agent,MoveState,Moving,Goal,20.00,0.00,20.00,11.83,0.00,14.83,11.84,0.00,14.84,DStar
2672,11.42,AgentPrefab,Agent,MoveState,Moving,Goal,20.00,0.00,20.00,11.84,0.00,14.84,11.84,0.00,14.84,DStar
2673,11.42,AgentPrefab,Agent,MoveState,Moving,Goal,20.00,0.00,20.00,11.84,0.00,14.84,11.85,0.00,14.85,DStar
2674,11.43,AgentPrefab,Agent,MoveState,Moving,Goal,20.00,0.00,20.00,11.85,0.00,14.85,11.86,0.00,14.86,DStar
2675,11.43,AgentPrefab,Agent,MoveState,Moving,Goal,20.00,0.00,20.00,11.86,0.00,14.86,11.86,0.00,14.86,DStar
2676,11.43,AgentPrefab,Agent,MoveState,Moving,Goal,20.00,0.00,20.00,11.86,0.00,14.86,11.87,0.00,14.87,DStar
2677,11.44,AgentPrefab,Agent,MoveState,Moving,Goal,20.00,0.00,20.00,11.87,0.00,14.87,11.87,0.00,14.87,DStar
2678,11.44,AgentPrefab,Agent,MoveState,Moving,Goal,20.00,0.00,20.00,11.87,0.00,14.87,11.88,0.00,14.88,DStar
2679,11.45,AgentPrefab,Agent,MoveState,Moving,Goal,20.00,0.00,20.00,11.88,0.00,14.88,11.89,0.00,14.89,DStar
2680,11.45,AgentPrefab,Agent,MoveState,Moving,Goal,20.00,0.00,20.00,11.89,0.00,14.89,11.89,0.00,14.89,DStar
2681,11.45,AgentPrefab,Agent,MoveState,Moving,Goal,20.00,0.00,20.00,11.89,0.00,14.89,11.90,0.00,14.90,DStar
2682,11.46,AgentPrefab,Agent,MoveState,Moving,Goal,20.00,0.00,20.00,11.90,0.00,14.90,11.90,0.00,14.90,DStar
2683,11.46,AgentPrefab,Agent,MoveState,Moving,Goal,20.00,0.00,20.00,11.90,0.00,14.90,11.91,0.00,14.91,DStar
2684,11.47,AgentPrefab,Agent,MoveState,Moving,Goal,20.00,0.00,20.00,11.91,0.00,14.91,11.92,0.00,14.92,DStar
2685,11.47,AgentPrefab,Agent,MoveState,Moving,Goal,20.00,0.00,20.00,11.92,0.00,14.92,11.92,0.00,14.92,DStar
2686,11.48,AgentPrefab,Agent,MoveState,Moving,Goal,20.00,0.00,20.00,11.92,0.00,14.92,11.93,0.00,14.93,DStar
2687,11.48,AgentPrefab,Agent,MoveState,Moving,Goal,20.00,0.00,20.00,11.93,0.00,14.93,11.94,0.00,14.94,DStar
2688,11.49,AgentPrefab,Agent,MoveState,Moving,Goal,20.00,0.00,20.00,11.94,0.00,14.94,11.94,0.00,14.94,DStar
2689,11.49,AgentPrefab,Agent,MoveState,Moving,Goal,20.00,0.00,20.00,11.94,0.00,14.94,11.95,0.00,14.95,DStar
2690,11.50,AgentPrefab,Agent,MoveState,Moving,Goal,20.00,0.00,20.00,11.95,0.00,14.95,11.96,0.00,14.96,DStar
2691,11.50,AgentPrefab,Agent,MoveState,Moving,Goal,20.00,0.00,20.00,11.96,0.00,14.96,11.96,0.00,14.96,DStar
2692,11.50,AgentPrefab,Agent,MoveState,Moving,Goal,20.00,0.00,20.00,11.96,0.00,14.96,11.97,0.00,14.97,DStar
2693,11.51,AgentPrefab,Agent,MoveState,Moving,Goal,20.00,0.00,20.00,11.97,0.00,14.97,11.97,0.00,14.97,DStar
2694,11.51,AgentPrefab,Agent,MoveState,Moving,Goal,20.00,0.00,20.00,11.97,0.00,14.97,11.98,0.00,14.98,DStar
2695,11.52,AgentPrefab,Agent,MoveState,Moving,Goal,20.00,0.00,20.00,11.98,0.00,14.98,11.98,0.00,14.98,DStar
2696,11.52,AgentPrefab,Agent,MoveState,Moving,Goal,20.00,0.00,20.00,11.98,0.00,14.98,11.99,0.00,14.99,DStar
2697,11.52,AgentPrefab,Agent,MoveState,Moving,Goal,20.00,0.00,20.00,11.99,0.00,14.99,12.00,0.00,15.00,DStar
2698,11.53,AgentPrefab,Agent,MoveState,Moving,Goal,20.00,0.00,20.00,12.00,0.00,15.00,12.00,0.00,15.00,DStar
2699,11.53,AgentPrefab,Agent,MoveState,Moving,Goal,20.00,0.00,20.00,12.00,0.00,15.00,12.01,0.00,15.01,DStar
2700,11.54,AgentPrefab,Agent,MoveState,Moving,Goal,20.00,0.00,20.00,12.01,0.00,15.01,12.01,0.00,15.01,DStar
2701,11.54,AgentPrefab,Agent,MoveState,Moving,Goal,20.00,0.00,20.00,12.01,0.00,15.01,12.02,0.00,15.02,DStar
2702,11.55,AgentPrefab,Agent,MoveState,Moving,Goal,20.00,0.00,20.00,12.02,0.00,15.02,12.03,0.00,15.03,DStar
2703,11.55,AgentPrefab,Agent,MoveState,Moving,Goal,20.00,0.00,20.00,12.03,0.00,15.03,12.03,0.00,15.03,DStar
2704,11.55,AgentPrefab,Agent,MoveState,Moving,Goal,20.00,0.00,20.00,12.03,0.00,15.03,12.04,0.00,15.04,DStar
2705,11.56,AgentPrefab,Agent,MoveState,Moving,Goal,20.00,0.00,20.00,12.04,0.00,15.04,12.05,0.00,15.05,DStar
2706,11.56,AgentPrefab,Agent,MoveState,Moving,Goal,20.00,0.00,20.00,12.05,0.00,15.05,12.05,0.00,15.05,DStar
2707,11.57,AgentPrefab,Agent,MoveState,Moving,Goal,20.00,0.00,20.00,12.05,0.00,15.05,12.06,0.00,15.06,DStar
2708,11.57,AgentPrefab,Agent,MoveState,Moving,Goal,20.00,0.00,20.00,12.06,0.00,15.06,12.06,0.00,15.06,DStar
2709,11.58,AgentPrefab,Agent,MoveState,Moving,Goal,20.00,0.00,20.00,12.06,0.00,15.06,12.07,0.00,15.07,DStar
2710,11.58,AgentPrefab,Agent,MoveState,Moving,Goal,20.00,0.00,20.00,12.07,0.00,15.07,12.08,0.00,15.08,DStar
2711,11.58,AgentPrefab,Agent,MoveState,Moving,Goal,20.00,0.00,20.00,12.08,0.00,15.08,12.08,0.00,15.08,DStar
2712,11.59,AgentPrefab,Agent,MoveState,Moving,Goal,20.00,0.00,20.00,12.08,0.00,15.08,12.09,0.00,15.09,DStar
2713,11.59,AgentPrefab,Agent,MoveState,Moving,Goal,20.00,0.00,20.00,12.09,0.00,15.09,12.09,0.00,15.09,DStar
2714,11.60,AgentPrefab,Agent,MoveState,Moving,Goal,20.00,0.00,20.00,12.09,0.00,15.09,12.10,0.00,15.10,DStar
2715,11.60,AgentPrefab,Agent,MoveState,Moving,Goal,20.00,0.00,20.00,12.10,0.00,15.10,12.11,0.00,15.11,DStar
2716,11.61,AgentPrefab,Agent,MoveState,Moving,Goal,20.00,0.00,20.00,12.11,0.00,15.11,12.11,0.00,15.11,DStar
2717,11.61,AgentPrefab,Agent,MoveState,Moving,Goal,20.00,0.00,20.00,12.11,0.00,15.11,12.12,0.00,15.12,DStar
2718,11.61,AgentPrefab,Agent,MoveState,Moving,Goal,20.00,0.00,20.00,12.12,0.00,15.12,12.12,0.00,15.12,DStar
2719,11.62,AgentPrefab,Agent,MoveState,Moving,Goal,20.00,0.00,20.00,12.12,0.00,15.12,12.13,0.00,15.13,DStar
2720,11.62,AgentPrefab,Agent,MoveState,Moving,Goal,20.00,0.00,20.00,12.13,0.00,15.13,12.13,0.00,15.13,DStar
2721,11.63,AgentPrefab,Agent,MoveState,Moving,Goal,20.00,0.00,20.00,12.13,0.00,15.13,12.14,0.00,15.14,DStar
2722,11.63,AgentPrefab,Agent,MoveState,Moving,Goal,20.00,0.00,20.00,12.14,0.00,15.14,12.15,0.00,15.15,DStar
2723,11.64,AgentPrefab,Agent,MoveState,Moving,Goal,20.00,0.00,20.00,12.15,0.00,15.15,12.15,0.00,15.15,DStar
2724,11.64,AgentPrefab,Agent,MoveState,Moving,Goal,20.00,0.00,20.00,12.15,0.00,15.15,12.16,0.00,15.16,DStar
2725,11.64,AgentPrefab,Agent,MoveState,Moving,Goal,20.00,0.00,20.00,12.16,0.00,15.16,12.17,0.00,15.17,DStar
2726,11.65,AgentPrefab,Agent,MoveState,Moving,Goal,20.00,0.00,20.00,12.17,0.00,15.17,12.17,0.00,15.17,DStar
2727,11.65,AgentPrefab,Agent,MoveState,Moving,Goal,20.00,0.00,20.00,12.17,0.00,15.17,12.18,0.00,15.18,DStar
2728,11.66,AgentPrefab,Agent,MoveState,Moving,Goal,20.00,0.00,20.00,12.18,0.00,15.18,12.18,0.00,15.18,DStar
2729,11.66,AgentPrefab,Agent,MoveState,Moving,Goal,20.00,0.00,20.00,12.18,0.00,15.18,12.19,0.00,15.19,DStar
2730,11.67,AgentPrefab,Agent,MoveState,Moving,Goal,20.00,0.00,20.00,12.19,0.00,15.19,12.20,0.00,15.20,DStar
2731,11.67,AgentPrefab,Agent,MoveState,Moving,Goal,20.00,0.00,20.00,12.20,0.00,15.20,12.20,0.00,15.20,DStar
2732,11.67,AgentPrefab,Agent,MoveState,Moving,Goal,20.00,0.00,20.00,12.20,0.00,15.20,12.21,0.00,15.21,DStar
2733,11.68,AgentPrefab,Agent,MoveState,Moving,Goal,20.00,0.00,20.00,12.21,0.00,15.21,12.22,0.00,15.22,DStar
2734,11.68,AgentPrefab,Agent,MoveState,Moving,Goal,20.00,0.00,20.00,12.22,0.00,15.22,12.22,0.00,15.22,DStar
2735,11.69,AgentPrefab,Agent,MoveState,Moving,Goal,20.00,0.00,20.00,12.22,0.00,15.22,12.23,0.00,15.23,DStar
2736,11.69,AgentPrefab,Agent,MoveState,Moving,Goal,20.00,0.00,20.00,12.23,0.00,15.23,12.23,0.00,15.23,DStar
2737,11.70,AgentPrefab,Agent,MoveState,Moving,Goal,20.00,0.00,20.00,12.23,0.00,15.23,12.24,0.00,15.24,DStar
2738,11.70,AgentPrefab,Agent,MoveState,Moving,Goal,20.00,0.00,20.00,12.24,0.00,15.24,12.24,0.00,15.24,DStar
2739,11.70,AgentPrefab,Agent,MoveState,Moving,Goal,20.00,0.00,20.00,12.24,0.00,15.24,12.25,0.00,15.25,DStar
2740,11.71,AgentPrefab,Agent,MoveState,Moving,Goal,20.00,0.00,20.00,12.25,0.00,15.25,12.26,0.00,15.26,DStar
2741,11.71,AgentPrefab,Agent,MoveState,Moving,Goal,20.00,0.00,20.00,12.26,0.00,15.26,12.26,0.00,15.26,DStar
2742,11.72,AgentPrefab,Agent,MoveState,Moving,Goal,20.00,0.00,20.00,12.26,0.00,15.26,12.27,0.00,15.27,DStar
2743,11.72,AgentPrefab,Agent,MoveState,Moving,Goal,20.00,0.00,20.00,12.27,0.00,15.27,12.27,0.00,15.27,DStar
2744,11.72,AgentPrefab,Agent,MoveState,Moving,Goal,20.00,0.00,20.00,12.27,0.00,15.27,12.28,0.00,15.28,DStar
2745,11.73,AgentPrefab,Agent,MoveState,Moving,Goal,20.00,0.00,20.00,12.28,0.00,15.28,12.29,0.00,15.29,DStar
2746,11.73,AgentPrefab,Agent,MoveState,Moving,Goal,20.00,0.00,20.00,12.29,0.00,15.29,12.29,0.00,15.29,DStar
2747,11.74,AgentPrefab,Agent,MoveState,Moving,Goal,20.00,0.00,20.00,12.29,0.00,15.29,12.30,0.00,15.30,DStar
2748,11.74,AgentPrefab,Agent,MoveState,Moving,Goal,20.00,0.00,20.00,12.30,0.00,15.30,12.30,0.00,15.30,DStar
2749,11.75,AgentPrefab,Agent,MoveState,Moving,Goal,20.00,0.00,20.00,12.30,0.00,15.30,12.31,0.00,15.31,DStar
2750,11.75,AgentPrefab,Agent,MoveState,Moving,Goal,20.00,0.00,20.00,12.31,0.00,15.31,12.32,0.00,15.32,DStar
2751,11.76,AgentPrefab,Agent,MoveState,Moving,Goal,20.00,0.00,20.00,12.32,0.00,15.32,12.32,0.00,15.32,DStar
2752,11.76,AgentPrefab,Agent,MoveState,Moving,Goal,20.00,0.00,20.00,12.32,0.00,15.32,12.33,0.00,15.33,DStar
2753,11.76,AgentPrefab,Agent,MoveState,Moving,Goal,20.00,0.00,20.00,12.33,0.00,15.33,12.33,0.00,15.33,DStar
2754,11.77,AgentPrefab,Agent,MoveState,Moving,Goal,20.00,0.00,20.00,12.33,0.00,15.33,12.34,0.00,15.34,DStar
2755,11.77,AgentPrefab,Agent,MoveState,Moving,Goal,20.00,0.00,20.00,12.34,0.00,15.34,12.35,0.00,15.35,DStar
2756,11.78,AgentPrefab,Agent,MoveState,Moving,Goal,20.00,0.00,20.00,12.35,0.00,15.35,12.35,0.00,15.35,DStar
2757,11.78,AgentPrefab,Agent,MoveState,Moving,Goal,20.00,0.00,20.00,12.35,0.00,15.35,12.36,0.00,15.36,DStar
2758,11.78,AgentPrefab,Agent,MoveState,Moving,Goal,20.00,0.00,20.00,12.36,0.00,15.36,12.36,0.00,15.36,DStar
2759,11.79,AgentPrefab,Agent,MoveState,Moving,Goal,20.00,0.00,20.00,12.36,0.00,15.36,12.37,0.00,15.37,DStar
2760,11.79,AgentPrefab,Agent,MoveState,Moving,Goal,20.00,0.00,20.00,12.37,0.00,15.37,12.38,0.00,15.38,DStar
2761,11.80,AgentPrefab,Agent,MoveState,Moving,Goal,20.00,0.00,20.00,12.38,0.00,15.38,12.38,0.00,15.38,DStar
2762,11.80,AgentPrefab,Agent,MoveState,Moving,Goal,20.00,0.00,20.00,12.38,0.00,15.38,12.39,0.00,15.39,DStar
2763,11.81,AgentPrefab,Agent,MoveState,Moving,Goal,20.00,0.00,20.00,12.39,0.00,15.39,12.40,0.00,15.40,DStar
2764,11.81,AgentPrefab,Agent,MoveState,Moving,Goal,20.00,0.00,20.00,12.40,0.00,15.40,12.40,0.00,15.40,DStar
2765,11.82,AgentPrefab,Agent,MoveState,Moving,Goal,20.00,0.00,20.00,12.40,0.00,15.40,12.41,0.00,15.41,DStar
2766,11.82,AgentPrefab,Agent,MoveState,Moving,Goal,20.00,0.00,20.00,12.41,0.00,15.41,12.41,0.00,15.41,DStar
2767,11.82,AgentPrefab,Agent,MoveState,Moving,Goal,20.00,0.00,20.00,12.41,0.00,15.41,12.42,0.00,15.42,DStar
2768,11.83,AgentPrefab,Agent,MoveState,Moving,Goal,20.00,0.00,20.00,12.42,0.00,15.42,12.43,0.00,15.43,DStar
2769,11.83,AgentPrefab,Agent,MoveState,Moving,Goal,20.00,0.00,20.00,12.43,0.00,15.43,12.43,0.00,15.43,DStar
2770,11.84,AgentPrefab,Agent,MoveState,Moving,Goal,20.00,0.00,20.00,12.43,0.00,15.43,12.44,0.00,15.44,DStar
2771,11.84,AgentPrefab,Agent,MoveState,Moving,Goal,20.00,0.00,20.00,12.44,0.00,15.44,12.45,0.00,15.45,DStar
2772,11.85,AgentPrefab,Agent,MoveState,Moving,Goal,20.00,0.00,20.00,12.45,0.00,15.45,12.45,0.00,15.45,DStar
2773,11.85,AgentPrefab,Agent,MoveState,Moving,Goal,20.00,0.00,20.00,12.45,0.00,15.45,12.46,0.00,15.46,DStar
2774,11.85,AgentPrefab,Agent,MoveState,Moving,Goal,20.00,0.00,20.00,12.46,0.00,15.46,12.46,0.00,15.46,DStar
2775,11.86,AgentPrefab,Agent,MoveState,Moving,Goal,20.00,0.00,20.00,12.46,0.00,15.46,12.47,0.00,15.47,DStar
2776,11.86,AgentPrefab,Agent,MoveState,Moving,Goal,20.00,0.00,20.00,12.47,0.00,15.47,12.47,0.00,15.47,DStar
2777,11.87,AgentPrefab,Agent,MoveState,Moving,Goal,20.00,0.00,20.00,12.47,0.00,15.47,12.48,0.00,15.48,DStar
2778,11.87,AgentPrefab,Agent,MoveState,Moving,Goal,20.00,0.00,20.00,12.48,0.00,15.48,12.49,0.00,15.49,DStar
2779,11.87,AgentPrefab,Agent,MoveState,Moving,Goal,20.00,0.00,20.00,12.49,0.00,15.49,12.49,0.00,15.49,DStar
2780,11.88,AgentPrefab,Agent,MoveState,Moving,Goal,20.00,0.00,20.00,12.49,0.00,15.49,12.50,0.00,15.50,DStar
2781,11.88,AgentPrefab,Agent,MoveState,Moving,Goal,20.00,0.00,20.00,12.50,0.00,15.50,12.50,0.00,15.50,DStar
2782,11.89,AgentPrefab,Agent,MoveState,Moving,Goal,20.00,0.00,20.00,12.50,0.00,15.50,12.51,0.00,15.51,DStar
2783,11.89,AgentPrefab,Agent,MoveState,Moving,Goal,20.00,0.00,20.00,12.51,0.00,15.51,12.52,0.00,15.52,DStar
2784,11.90,AgentPrefab,Agent,MoveState,Moving,Goal,20.00,0.00,20.00,12.52,0.00,15.52,12.52,0.00,15.52,DStar
2785,11.90,AgentPrefab,Agent,MoveState,Moving,Goal,20.00,0.00,20.00,12.52,0.00,15.52,12.53,0.00,15.53,DStar
2786,11.90,AgentPrefab,Agent,MoveState,Moving,Goal,20.00,0.00,20.00,12.53,0.00,15.53,12.53,0.00,15.53,DStar
2787,11.91,AgentPrefab,Agent,MoveState,Moving,Goal,20.00,0.00,20.00,12.53,0.00,15.53,12.54,0.00,15.54,DStar
2788,11.91,AgentPrefab,Agent,MoveState,Moving,Goal,20.00,0.00,20.00,12.54,0.00,15.54,12.55,0.00,15.55,DStar
2789,11.92,AgentPrefab,Agent,MoveState,Moving,Goal,20.00,0.00,20.00,12.55,0.00,15.55,12.55,0.00,15.55,DStar
2790,11.92,AgentPrefab,Agent,MoveState,Moving,Goal,20.00,0.00,20.00,12.56,0.00,15.56,12.56,0.00,15.56,DStar
2791,11.93,AgentPrefab,Agent,MoveState,Moving,Goal,20.00,0.00,20.00,12.56,0.00,15.56,12.57,0.00,15.57,DStar
2792,11.93,AgentPrefab,Agent,MoveState,Moving,Goal,20.00,0.00,20.00,12.57,0.00,15.57,12.57,0.00,15.57,DStar
2793,11.93,AgentPrefab,Agent,MoveState,Moving,Goal,20.00,0.00,20.00,12.57,0.00,15.57,12.58,0.00,15.58,DStar
2794,11.94,AgentPrefab,Agent,MoveState,Moving,Goal,20.00,0.00,20.00,12.58,0.00,15.58,12.59,0.00,15.59,DStar
2795,11.94,AgentPrefab,Agent,MoveState,Moving,Goal,20.00,0.00,20.00,12.59,0.00,15.59,12.59,0.00,15.59,DStar
2796,11.95,AgentPrefab,Agent,MoveState,Moving,Goal,20.00,0.00,20.00,12.59,0.00,15.59,12.60,0.00,15.60,DStar
2797,11.95,AgentPrefab,Agent,MoveState,Moving,Goal,20.00,0.00,20.00,12.60,0.00,15.60,12.61,0.00,15.61,DStar
2798,11.96,AgentPrefab,Agent,MoveState,Moving,Goal,20.00,0.00,20.00,12.61,0.00,15.61,12.61,0.00,15.61,DStar
2799,11.96,AgentPrefab,Agent,MoveState,Moving,Goal,20.00,0.00,20.00,12.61,0.00,15.61,12.62,0.00,15.62,DStar
2800,11.97,AgentPrefab,Agent,MoveState,Moving,Goal,20.00,0.00,20.00,12.62,0.00,15.62,12.63,0.00,15.63,DStar
2801,11.97,AgentPrefab,Agent,MoveState,Moving,Goal,20.00,0.00,20.00,12.63,0.00,15.63,12.63,0.00,15.63,DStar
2802,11.97,AgentPrefab,Agent,MoveState,Moving,Goal,20.00,0.00,20.00,12.63,0.00,15.63,12.64,0.00,15.64,DStar
2803,11.98,AgentPrefab,Agent,MoveState,Moving,Goal,20.00,0.00,20.00,12.64,0.00,15.64,12.64,0.00,15.64,DStar
2804,11.98,AgentPrefab,Agent,MoveState,Moving,Goal,20.00,0.00,20.00,12.64,0.00,15.64,12.65,0.00,15.65,DStar
2805,11.99,AgentPrefab,Agent,MoveState,Moving,Goal,20.00,0.00,20.00,12.65,0.00,15.65,12.66,0.00,15.66,DStar
2806,11.99,AgentPrefab,Agent,MoveState,Moving,Goal,20.00,0.00,20.00,12.66,0.00,15.66,12.66,0.00,15.66,DStar
2807,12.00,AgentPrefab,Agent,MoveState,Moving,Goal,20.00,0.00,20.00,12.66,0.00,15.66,12.67,0.00,15.67,DStar
2808,12.00,AgentPrefab,Agent,MoveState,Moving,Goal,20.00,0.00,20.00,12.67,0.00,15.67,12.68,0.00,15.68,DStar
2809,12.01,AgentPrefab,Agent,MoveState,Moving,Goal,20.00,0.00,20.00,12.68,0.00,15.68,12.68,0.00,15.68,DStar
2810,12.01,AgentPrefab,Agent,MoveState,Moving,Goal,20.00,0.00,20.00,12.68,0.00,15.68,12.69,0.00,15.69,DStar
2811,12.01,AgentPrefab,Agent,MoveState,Moving,Goal,20.00,0.00,20.00,12.69,0.00,15.69,12.69,0.00,15.69,DStar
2812,12.02,AgentPrefab,Agent,MoveState,Moving,Goal,20.00,0.00,20.00,12.69,0.00,15.69,12.69,0.00,15.69,DStar
2813,12.02,AgentPrefab,Agent,MoveState,Moving,Goal,20.00,0.00,20.00,12.69,0.00,15.69,12.70,0.00,15.70,DStar
2814,12.03,AgentPrefab,Agent,MoveState,Moving,Goal,20.00,0.00,20.00,12.70,0.00,15.70,12.71,0.00,15.71,DStar
2815,12.03,AgentPrefab,Agent,MoveState,Moving,Goal,20.00,0.00,20.00,12.71,0.00,15.71,12.71,0.00,15.71,DStar
2816,12.04,AgentPrefab,Agent,MoveState,Moving,Goal,20.00,0.00,20.00,12.71,0.00,15.71,12.72,0.00,15.72,DStar
2817,12.04,AgentPrefab,Agent,MoveState,Moving,Goal,20.00,0.00,20.00,12.72,0.00,15.72,12.72,0.00,15.72,DStar
2818,12.04,AgentPrefab,Agent,MoveState,Moving,Goal,20.00,0.00,20.00,12.72,0.00,15.72,12.73,0.00,15.73,DStar
2819,12.05,AgentPrefab,Agent,MoveState,Moving,Goal,20.00,0.00,20.00,12.73,0.00,15.73,12.74,0.00,15.74,DStar
2820,12.05,AgentPrefab,Agent,MoveState,Moving,Goal,20.00,0.00,20.00,12.74,0.00,15.74,12.74,0.00,15.74,DStar
2821,12.06,AgentPrefab,Agent,MoveState,Moving,Goal,20.00,0.00,20.00,12.74,0.00,15.74,12.75,0.00,15.75,DStar
2822,12.06,AgentPrefab,Agent,MoveState,Moving,Goal,20.00,0.00,20.00,12.75,0.00,15.75,12.75,0.00,15.75,DStar
2823,12.07,AgentPrefab,Agent,MoveState,Moving,Goal,20.00,0.00,20.00,12.75,0.00,15.75,12.76,0.00,15.76,DStar
2824,12.07,AgentPrefab,Agent,MoveState,Moving,Goal,20.00,0.00,20.00,12.76,0.00,15.76,12.77,0.00,15.77,DStar
2825,12.07,AgentPrefab,Agent,MoveState,Moving,Goal,20.00,0.00,20.00,12.77,0.00,15.77,12.77,0.00,15.77,DStar
2826,12.08,AgentPrefab,Agent,MoveState,Moving,Goal,20.00,0.00,20.00,12.77,0.00,15.77,12.78,0.00,15.78,DStar
2827,12.08,AgentPrefab,Agent,MoveState,Moving,Goal,20.00,0.00,20.00,12.78,0.00,15.78,12.79,0.00,15.79,DStar
2828,12.09,AgentPrefab,Agent,MoveState,Moving,Goal,20.00,0.00,20.00,12.79,0.00,15.79,12.79,0.00,15.79,DStar
2829,12.09,AgentPrefab,Agent,MoveState,Moving,Goal,20.00,0.00,20.00,12.79,0.00,15.79,12.80,0.00,15.80,DStar
2830,12.10,AgentPrefab,Agent,MoveState,Moving,Goal,20.00,0.00,20.00,12.80,0.00,15.80,12.80,0.00,15.80,DStar
2831,12.10,AgentPrefab,Agent,MoveState,Moving,Goal,20.00,0.00,20.00,12.80,0.00,15.80,12.81,0.00,15.81,DStar
2832,12.10,AgentPrefab,Agent,MoveState,Moving,Goal,20.00,0.00,20.00,12.81,0.00,15.81,12.82,0.00,15.82,DStar
2833,12.11,AgentPrefab,Agent,MoveState,Moving,Goal,20.00,0.00,20.00,12.82,0.00,15.82,12.82,0.00,15.82,DStar
2834,12.11,AgentPrefab,Agent,MoveState,Moving,Goal,20.00,0.00,20.00,12.82,0.00,15.82,12.83,0.00,15.83,DStar
2835,12.12,AgentPrefab,Agent,MoveState,Moving,Goal,20.00,0.00,20.00,12.83,0.00,15.83,12.83,0.00,15.83,DStar
2836,12.12,AgentPrefab,Agent,MoveState,Moving,Goal,20.00,0.00,20.00,12.83,0.00,15.83,12.84,0.00,15.84,DStar
2837,12.13,AgentPrefab,Agent,MoveState,Moving,Goal,20.00,0.00,20.00,12.84,0.00,15.84,12.84,0.00,15.84,DStar
2838,12.13,AgentPrefab,Agent,MoveState,Moving,Goal,20.00,0.00,20.00,12.84,0.00,15.84,12.85,0.00,15.85,DStar
2839,12.14,AgentPrefab,Agent,MoveState,Moving,Goal,20.00,0.00,20.00,12.85,0.00,15.85,12.86,0.00,15.86,DStar
2840,12.14,AgentPrefab,Agent,MoveState,Moving,Goal,20.00,0.00,20.00,12.86,0.00,15.86,12.87,0.00,15.87,DStar
2841,12.15,AgentPrefab,Agent,MoveState,Moving,Goal,20.00,0.00,20.00,12.87,0.00,15.87,12.87,0.00,15.87,DStar
2842,12.15,AgentPrefab,Agent,MoveState,Moving,Goal,20.00,0.00,20.00,12.87,0.00,15.87,12.88,0.00,15.88,DStar
2843,12.15,AgentPrefab,Agent,MoveState,Moving,Goal,20.00,0.00,20.00,12.88,0.00,15.88,12.89,0.00,15.89,DStar
2844,12.16,AgentPrefab,Agent,MoveState,Moving,Goal,20.00,0.00,20.00,12.89,0.00,15.89,12.89,0.00,15.89,DStar
2845,12.16,AgentPrefab,Agent,MoveState,Moving,Goal,20.00,0.00,20.00,12.89,0.00,15.89,12.90,0.00,15.90,DStar
2846,12.17,AgentPrefab,Agent,MoveState,Moving,Goal,20.00,0.00,20.00,12.90,0.00,15.90,12.91,0.00,15.91,DStar
2847,12.17,AgentPrefab,Agent,MoveState,Moving,Goal,20.00,0.00,20.00,12.91,0.00,15.91,12.91,0.00,15.91,DStar
2848,12.18,AgentPrefab,Agent,MoveState,Moving,Goal,20.00,0.00,20.00,12.91,0.00,15.91,12.92,0.00,15.92,DStar
2849,12.18,AgentPrefab,Agent,MoveState,Moving,Goal,20.00,0.00,20.00,12.92,0.00,15.92,12.92,0.00,15.92,DStar
2850,12.19,AgentPrefab,Agent,MoveState,Moving,Goal,20.00,0.00,20.00,12.92,0.00,15.92,12.93,0.00,15.93,DStar
2851,12.19,AgentPrefab,Agent,MoveState,Moving,Goal,20.00,0.00,20.00,12.93,0.00,15.93,12.94,0.00,15.94,DStar
2852,12.19,AgentPrefab,Agent,MoveState,Moving,Goal,20.00,0.00,20.00,12.94,0.00,15.94,12.94,0.00,15.94,DStar
2853,12.20,AgentPrefab,Agent,MoveState,Moving,Goal,20.00,0.00,20.00,12.94,0.00,15.94,12.95,0.00,15.95,DStar
2854,12.20,AgentPrefab,Agent,MoveState,Moving,Goal,20.00,0.00,20.00,12.95,0.00,15.95,12.95,0.00,15.95,DStar
2855,12.21,AgentPrefab,Agent,MoveState,Moving,Goal,20.00,0.00,20.00,12.95,0.00,15.95,12.96,0.00,15.96,DStar
2856,12.21,AgentPrefab,Agent,MoveState,Moving,Goal,20.00,0.00,20.00,12.96,0.00,15.96,12.97,0.00,15.97,DStar
2857,12.22,AgentPrefab,Agent,MoveState,Moving,Goal,20.00,0.00,20.00,12.97,0.00,15.97,12.97,0.00,15.97,DStar
2858,12.22,AgentPrefab,Agent,MoveState,Moving,Goal,20.00,0.00,20.00,12.97,0.00,15.97,12.98,0.00,15.98,DStar
2859,12.22,AgentPrefab,Agent,MoveState,Moving,Goal,20.00,0.00,20.00,12.98,0.00,15.98,12.98,0.00,15.98,DStar
2860,12.23,AgentPrefab,Agent,MoveState,Moving,Goal,20.00,0.00,20.00,12.98,0.00,15.98,12.99,0.00,15.99,DStar
2861,12.23,AgentPrefab,Agent,MoveState,Moving,Goal,20.00,0.00,20.00,12.99,0.00,15.99,13.00,0.00,16.00,DStar
2862,12.24,AgentPrefab,Agent,MoveState,Moving,Goal,20.00,0.00,20.00,13.00,0.00,16.00,13.00,0.00,16.00,DStar
2863,12.24,AgentPrefab,Agent,MoveState,Moving,Goal,20.00,0.00,20.00,13.00,0.00,16.00,13.01,0.00,16.01,DStar
2864,12.25,AgentPrefab,Agent,MoveState,Moving,Goal,20.00,0.00,20.00,13.01,0.00,16.01,13.02,0.00,16.02,DStar
2865,12.25,AgentPrefab,Agent,MoveState,Moving,Goal,20.00,0.00,20.00,13.02,0.00,16.02,13.02,0.00,16.02,DStar
2866,12.25,AgentPrefab,Agent,MoveState,Moving,Goal,20.00,0.00,20.00,13.02,0.00,16.02,13.03,0.00,16.03,DStar
2867,12.26,AgentPrefab,Agent,MoveState,Moving,Goal,20.00,0.00,20.00,13.03,0.00,16.03,13.03,0.00,16.03,DStar
2868,12.26,AgentPrefab,Agent,MoveState,Moving,Goal,20.00,0.00,20.00,13.03,0.00,16.03,13.04,0.00,16.04,DStar
2869,12.27,AgentPrefab,Agent,MoveState,Moving,Goal,20.00,0.00,20.00,13.04,0.00,16.04,13.04,0.00,16.04,DStar
2870,12.27,AgentPrefab,Agent,MoveState,Moving,Goal,20.00,0.00,20.00,13.04,0.00,16.04,13.05,0.00,16.05,DStar
2871,12.28,AgentPrefab,Agent,MoveState,Moving,Goal,20.00,0.00,20.00,13.05,0.00,16.05,13.06,0.00,16.06,DStar
2872,12.28,AgentPrefab,Agent,MoveState,Moving,Goal,20.00,0.00,20.00,13.06,0.00,16.06,13.06,0.00,16.06,DStar
2873,12.28,AgentPrefab,Agent,MoveState,Moving,Goal,20.00,0.00,20.00,13.06,0.00,16.06,13.07,0.00,16.07,DStar
2874,12.29,AgentPrefab,Agent,MoveState,Moving,Goal,20.00,0.00,20.00,13.07,0.00,16.07,13.07,0.00,16.07,DStar
2875,12.29,AgentPrefab,Agent,MoveState,Moving,Goal,20.00,0.00,20.00,13.07,0.00,16.07,13.08,0.00,16.08,DStar
2876,12.30,AgentPrefab,Agent,MoveState,Moving,Goal,20.00,0.00,20.00,13.08,0.00,16.08,13.09,0.00,16.09,DStar
2877,12.30,AgentPrefab,Agent,MoveState,Moving,Goal,20.00,0.00,20.00,13.09,0.00,16.09,13.09,0.00,16.09,DStar
2878,12.31,AgentPrefab,Agent,MoveState,Moving,Goal,20.00,0.00,20.00,13.09,0.00,16.09,13.10,0.00,16.10,DStar
2879,12.31,AgentPrefab,Agent,MoveState,Moving,Goal,20.00,0.00,20.00,13.10,0.00,16.10,13.11,0.00,16.11,DStar
2880,12.31,AgentPrefab,Agent,MoveState,Moving,Goal,20.00,0.00,20.00,13.11,0.00,16.11,13.11,0.00,16.11,DStar
2881,12.32,AgentPrefab,Agent,MoveState,Moving,Goal,20.00,0.00,20.00,13.11,0.00,16.11,13.12,0.00,16.12,DStar
2882,12.32,AgentPrefab,Agent,MoveState,Moving,Goal,20.00,0.00,20.00,13.12,0.00,16.12,13.12,0.00,16.12,DStar
2883,12.33,AgentPrefab,Agent,MoveState,Moving,Goal,20.00,0.00,20.00,13.12,0.00,16.12,13.13,0.00,16.13,DStar
2884,12.33,AgentPrefab,Agent,MoveState,Moving,Goal,20.00,0.00,20.00,13.13,0.00,16.13,13.14,0.00,16.14,DStar
2885,12.34,AgentPrefab,Agent,MoveState,Moving,Goal,20.00,0.00,20.00,13.14,0.00,16.14,13.14,0.00,16.14,DStar
2886,12.34,AgentPrefab,Agent,MoveState,Moving,Goal,20.00,0.00,20.00,13.14,0.00,16.14,13.15,0.00,16.15,DStar
2887,12.35,AgentPrefab,Agent,MoveState,Moving,Goal,20.00,0.00,20.00,13.15,0.00,16.15,13.16,0.00,16.16,DStar
2888,12.35,AgentPrefab,Agent,MoveState,Moving,Goal,20.00,0.00,20.00,13.16,0.00,16.16,13.16,0.00,16.16,DStar
2889,12.35,AgentPrefab,Agent,MoveState,Moving,Goal,20.00,0.00,20.00,13.16,0.00,16.16,13.17,0.00,16.17,DStar
2890,12.36,AgentPrefab,Agent,MoveState,Moving,Goal,20.00,0.00,20.00,13.17,0.00,16.17,13.17,0.00,16.17,DStar
2891,12.36,AgentPrefab,Agent,MoveState,Moving,Goal,20.00,0.00,20.00,13.17,0.00,16.17,13.18,0.00,16.18,DStar
2892,12.37,AgentPrefab,Agent,MoveState,Moving,Goal,20.00,0.00,20.00,13.18,0.00,16.18,13.19,0.00,16.19,DStar
2893,12.37,AgentPrefab,Agent,MoveState,Moving,Goal,20.00,0.00,20.00,13.19,0.00,16.19,13.19,0.00,16.19,DStar
2894,12.37,AgentPrefab,Agent,MoveState,Moving,Goal,20.00,0.00,20.00,13.19,0.00,16.19,13.20,0.00,16.20,DStar
2895,12.38,AgentPrefab,Agent,MoveState,Moving,Goal,20.00,0.00,20.00,13.20,0.00,16.20,13.20,0.00,16.20,DStar
2896,12.38,AgentPrefab,Agent,MoveState,Moving,Goal,20.00,0.00,20.00,13.20,0.00,16.20,13.21,0.00,16.21,DStar
2897,12.39,AgentPrefab,Agent,MoveState,Moving,Goal,20.00,0.00,20.00,13.21,0.00,16.21,13.22,0.00,16.22,DStar
2898,12.39,AgentPrefab,Agent,MoveState,Moving,Goal,20.00,0.00,20.00,13.22,0.00,16.22,13.22,0.00,16.22,DStar
2899,12.40,AgentPrefab,Agent,MoveState,Moving,Goal,20.00,0.00,20.00,13.22,0.00,16.22,13.23,0.00,16.23,DStar
2900,12.40,AgentPrefab,Agent,MoveState,Moving,Goal,20.00,0.00,20.00,13.23,0.00,16.23,13.23,0.00,16.23,DStar
2901,12.40,AgentPrefab,Agent,MoveState,Moving,Goal,20.00,0.00,20.00,13.23,0.00,16.23,13.24,0.00,16.24,DStar
2902,12.41,AgentPrefab,Agent,MoveState,Moving,Goal,20.00,0.00,20.00,13.24,0.00,16.24,13.25,0.00,16.25,DStar
2903,12.41,AgentPrefab,Agent,MoveState,Moving,Goal,20.00,0.00,20.00,13.25,0.00,16.25,13.25,0.00,16.25,DStar
2904,12.42,AgentPrefab,Agent,MoveState,Moving,Goal,20.00,0.00,20.00,13.25,0.00,16.25,13.26,0.00,16.26,DStar
2905,12.42,AgentPrefab,Agent,MoveState,Moving,Goal,20.00,0.00,20.00,13.26,0.00,16.26,13.26,0.00,16.26,DStar
2906,12.43,AgentPrefab,Agent,MoveState,Moving,Goal,20.00,0.00,20.00,13.26,0.00,16.26,13.27,0.00,16.27,DStar
2907,12.43,AgentPrefab,Agent,MoveState,Moving,Goal,20.00,0.00,20.00,13.27,0.00,16.27,13.28,0.00,16.28,DStar
2908,12.43,AgentPrefab,Agent,MoveState,Moving,Goal,20.00,0.00,20.00,13.28,0.00,16.28,13.28,0.00,16.28,DStar
2909,12.44,AgentPrefab,Agent,MoveState,Moving,Goal,20.00,0.00,20.00,13.28,0.00,16.28,13.29,0.00,16.29,DStar
2910,12.44,AgentPrefab,Agent,MoveState,Moving,Goal,20.00,0.00,20.00,13.29,0.00,16.29,13.29,0.00,16.29,DStar
2911,12.45,AgentPrefab,Agent,MoveState,Moving,Goal,20.00,0.00,20.00,13.29,0.00,16.29,13.30,0.00,16.30,DStar
2912,12.45,AgentPrefab,Agent,MoveState,Moving,Goal,20.00,0.00,20.00,13.30,0.00,16.30,13.31,0.00,16.31,DStar
2913,12.46,AgentPrefab,Agent,MoveState,Moving,Goal,20.00,0.00,20.00,13.31,0.00,16.31,13.31,0.00,16.31,DStar
2914,12.46,AgentPrefab,Agent,MoveState,Moving,Goal,20.00,0.00,20.00,13.31,0.00,16.31,13.32,0.00,16.32,DStar
2915,12.47,AgentPrefab,Agent,MoveState,Moving,Goal,20.00,0.00,20.00,13.32,0.00,16.32,13.33,0.00,16.33,DStar
2916,12.47,AgentPrefab,Agent,MoveState,Moving,Goal,20.00,0.00,20.00,13.33,0.00,16.33,13.33,0.00,16.33,DStar
2917,12.47,AgentPrefab,Agent,MoveState,Moving,Goal,20.00,0.00,20.00,13.33,0.00,16.33,13.34,0.00,16.34,DStar
2918,12.48,AgentPrefab,Agent,MoveState,Moving,Goal,20.00,0.00,20.00,13.34,0.00,16.34,13.34,0.00,16.34,DStar
2919,12.48,AgentPrefab,Agent,MoveState,Moving,Goal,20.00,0.00,20.00,13.34,0.00,16.34,13.35,0.00,16.35,DStar
2920,12.49,AgentPrefab,Agent,MoveState,Moving,Goal,20.00,0.00,20.00,13.35,0.00,16.35,13.36,0.00,16.36,DStar
2921,12.49,AgentPrefab,Agent,MoveState,Moving,Goal,20.00,0.00,20.00,13.36,0.00,16.36,13.36,0.00,16.36,DStar
2922,12.50,AgentPrefab,Agent,MoveState,Moving,Goal,20.00,0.00,20.00,13.36,0.00,16.36,13.37,0.00,16.37,DStar
2923,12.50,AgentPrefab,Agent,MoveState,Moving,Goal,20.00,0.00,20.00,13.37,0.00,16.37,13.38,0.00,16.38,DStar
2924,12.51,AgentPrefab,Agent,MoveState,Moving,Goal,20.00,0.00,20.00,13.38,0.00,16.38,13.38,0.00,16.38,DStar
2925,12.51,AgentPrefab,Agent,MoveState,Moving,Goal,20.00,0.00,20.00,13.38,0.00,16.38,13.39,0.00,16.39,DStar
2926,12.51,AgentPrefab,Agent,MoveState,Moving,Goal,20.00,0.00,20.00,13.39,0.00,16.39,13.40,0.00,16.40,DStar
2927,12.52,AgentPrefab,Agent,MoveState,Moving,Goal,20.00,0.00,20.00,13.40,0.00,16.40,13.40,0.00,16.40,DStar
2928,12.52,AgentPrefab,Agent,MoveState,Moving,Goal,20.00,0.00,20.00,13.40,0.00,16.40,13.41,0.00,16.41,DStar
2929,12.53,AgentPrefab,Agent,MoveState,Moving,Goal,20.00,0.00,20.00,13.41,0.00,16.41,13.41,0.00,16.41,DStar
2930,12.53,AgentPrefab,Agent,MoveState,Moving,Goal,20.00,0.00,20.00,13.41,0.00,16.41,13.42,0.00,16.42,DStar
2931,12.54,AgentPrefab,Agent,MoveState,Moving,Goal,20.00,0.00,20.00,13.42,0.00,16.42,13.42,0.00,16.42,DStar
2932,12.54,AgentPrefab,Agent,MoveState,Moving,Goal,20.00,0.00,20.00,13.42,0.00,16.42,13.43,0.00,16.43,DStar
2933,12.55,AgentPrefab,Agent,MoveState,Moving,Goal,20.00,0.00,20.00,13.43,0.00,16.43,13.44,0.00,16.44,DStar
2934,12.55,AgentPrefab,Agent,MoveState,Moving,Goal,20.00,0.00,20.00,13.44,0.00,16.44,13.44,0.00,16.44,DStar
2935,12.55,AgentPrefab,Agent,MoveState,Moving,Goal,20.00,0.00,20.00,13.44,0.00,16.44,13.45,0.00,16.45,DStar
2936,12.56,AgentPrefab,Agent,MoveState,Moving,Goal,20.00,0.00,20.00,13.45,0.00,16.45,13.46,0.00,16.46,DStar
2937,12.56,AgentPrefab,Agent,MoveState,Moving,Goal,20.00,0.00,20.00,13.46,0.00,16.46,13.46,0.00,16.46,DStar
2938,12.57,AgentPrefab,Agent,MoveState,Moving,Goal,20.00,0.00,20.00,13.46,0.00,16.46,13.47,0.00,16.47,DStar
2939,12.57,AgentPrefab,Agent,MoveState,Moving,Goal,20.00,0.00,20.00,13.47,0.00,16.47,13.47,0.00,16.47,DStar
2940,12.57,AgentPrefab,Agent,MoveState,Moving,Goal,20.00,0.00,20.00,13.47,0.00,16.47,13.48,0.00,16.48,DStar
2941,12.58,AgentPrefab,Agent,MoveState,Moving,Goal,20.00,0.00,20.00,13.48,0.00,16.48,13.49,0.00,16.49,DStar
2942,12.58,AgentPrefab,Agent,MoveState,Moving,Goal,20.00,0.00,20.00,13.49,0.00,16.49,13.49,0.00,16.49,DStar
2943,12.59,AgentPrefab,Agent,MoveState,Moving,Goal,20.00,0.00,20.00,13.49,0.00,16.49,13.50,0.00,16.50,DStar
2944,12.59,AgentPrefab,Agent,MoveState,Moving,Goal,20.00,0.00,20.00,13.50,0.00,16.50,13.50,0.00,16.50,DStar
2945,12.60,AgentPrefab,Agent,MoveState,Moving,Goal,20.00,0.00,20.00,13.50,0.00,16.50,13.51,0.00,16.51,DStar
2946,12.60,AgentPrefab,Agent,MoveState,Moving,Goal,20.00,0.00,20.00,13.51,0.00,16.51,13.52,0.00,16.52,DStar
2947,12.60,AgentPrefab,Agent,MoveState,Moving,Goal,20.00,0.00,20.00,13.52,0.00,16.52,13.52,0.00,16.52,DStar
2948,12.61,AgentPrefab,Agent,MoveState,Moving,Goal,20.00,0.00,20.00,13.52,0.00,16.52,13.53,0.00,16.53,DStar
2949,12.61,AgentPrefab,Agent,MoveState,Moving,Goal,20.00,0.00,20.00,13.53,0.00,16.53,13.53,0.00,16.53,DStar
2950,12.62,AgentPrefab,Agent,MoveState,Moving,Goal,20.00,0.00,20.00,13.53,0.00,16.53,13.54,0.00,16.54,DStar
2951,12.62,AgentPrefab,Agent,MoveState,Moving,Goal,20.00,0.00,20.00,13.54,0.00,16.54,13.55,0.00,16.55,DStar
2952,12.63,AgentPrefab,Agent,MoveState,Moving,Goal,20.00,0.00,20.00,13.55,0.00,16.55,13.55,0.00,16.55,DStar
2953,12.63,AgentPrefab,Agent,MoveState,Moving,Goal,20.00,0.00,20.00,13.55,0.00,16.55,13.56,0.00,16.56,DStar
2954,12.64,AgentPrefab,Agent,MoveState,Moving,Goal,20.00,0.00,20.00,13.56,0.00,16.56,13.57,0.00,16.57,DStar
2955,12.64,AgentPrefab,Agent,MoveState,Moving,Goal,20.00,0.00,20.00,13.57,0.00,16.57,13.57,0.00,16.57,DStar
2956,12.64,AgentPrefab,Agent,MoveState,Moving,Goal,20.00,0.00,20.00,13.57,0.00,16.57,13.58,0.00,16.58,DStar
2957,12.65,AgentPrefab,Agent,MoveState,Moving,Goal,20.00,0.00,20.00,13.58,0.00,16.58,13.58,0.00,16.58,DStar
2958,12.65,AgentPrefab,Agent,MoveState,Moving,Goal,20.00,0.00,20.00,13.58,0.00,16.58,13.59,0.00,16.59,DStar
2959,12.66,AgentPrefab,Agent,MoveState,Moving,Goal,20.00,0.00,20.00,13.59,0.00,16.59,13.60,0.00,16.60,DStar
2960,12.66,AgentPrefab,Agent,MoveState,Moving,Goal,20.00,0.00,20.00,13.60,0.00,16.60,13.60,0.00,16.60,DStar
2961,12.67,AgentPrefab,Agent,MoveState,Moving,Goal,20.00,0.00,20.00,13.60,0.00,16.60,13.61,0.00,16.61,DStar
2962,12.67,AgentPrefab,Agent,MoveState,Moving,Goal,20.00,0.00,20.00,13.61,0.00,16.61,13.62,0.00,16.62,DStar
2963,12.67,AgentPrefab,Agent,MoveState,Moving,Goal,20.00,0.00,20.00,13.62,0.00,16.62,13.62,0.00,16.62,DStar
2964,12.68,AgentPrefab,Agent,MoveState,Moving,Goal,20.00,0.00,20.00,13.62,0.00,16.62,13.63,0.00,16.63,DStar
2965,12.68,AgentPrefab,Agent,MoveState,Moving,Goal,20.00,0.00,20.00,13.63,0.00,16.63,13.63,0.00,16.63,DStar
2966,12.69,AgentPrefab,Agent,MoveState,Moving,Goal,20.00,0.00,20.00,13.63,0.00,16.63,13.64,0.00,16.64,DStar
2967,12.69,AgentPrefab,Agent,MoveState,Moving,Goal,20.00,0.00,20.00,13.64,0.00,16.64,13.65,0.00,16.65,DStar
2968,12.70,AgentPrefab,Agent,MoveState,Moving,Goal,20.00,0.00,20.00,13.65,0.00,16.65,13.65,0.00,16.65,DStar
2969,12.70,AgentPrefab,Agent,MoveState,Moving,Goal,20.00,0.00,20.00,13.65,0.00,16.65,13.66,0.00,16.66,DStar
2970,12.70,AgentPrefab,Agent,MoveState,Moving,Goal,20.00,0.00,20.00,13.66,0.00,16.66,13.66,0.00,16.66,DStar
2971,12.71,AgentPrefab,Agent,MoveState,Moving,Goal,20.00,0.00,20.00,13.66,0.00,16.66,13.67,0.00,16.67,DStar
2972,12.71,AgentPrefab,Agent,MoveState,Moving,Goal,20.00,0.00,20.00,13.67,0.00,16.67,13.68,0.00,16.68,DStar
2973,12.72,AgentPrefab,Agent,MoveState,Moving,Goal,20.00,0.00,20.00,13.68,0.00,16.68,13.68,0.00,16.68,DStar
2974,12.72,AgentPrefab,Agent,MoveState,Moving,Goal,20.00,0.00,20.00,13.69,0.00,16.69,13.69,0.00,16.69,DStar
2975,12.73,AgentPrefab,Agent,MoveState,Moving,Goal,20.00,0.00,20.00,13.69,0.00,16.69,13.70,0.00,16.70,DStar
2976,12.73,AgentPrefab,Agent,MoveState,Moving,Goal,20.00,0.00,20.00,13.70,0.00,16.70,13.71,0.00,16.71,DStar
2977,12.73,AgentPrefab,Agent,MoveState,Moving,Goal,20.00,0.00,20.00,13.71,0.00,16.71,13.71,0.00,16.71,DStar
2978,12.74,AgentPrefab,Agent,MoveState,Moving,Goal,20.00,0.00,20.00,13.71,0.00,16.71,13.72,0.00,16.72,DStar
2979,12.74,AgentPrefab,Agent,MoveState,Moving,Goal,20.00,0.00,20.00,13.72,0.00,16.72,13.73,0.00,16.73,DStar
2980,12.75,AgentPrefab,Agent,MoveState,Moving,Goal,20.00,0.00,20.00,13.73,0.00,16.73,13.73,0.00,16.73,DStar
2981,12.75,AgentPrefab,Agent,MoveState,Moving,Goal,20.00,0.00,20.00,13.73,0.00,16.73,13.74,0.00,16.74,DStar
2982,12.76,AgentPrefab,Agent,MoveState,Moving,Goal,20.00,0.00,20.00,13.74,0.00,16.74,13.74,0.00,16.74,DStar
2983,12.76,AgentPrefab,Agent,MoveState,Moving,Goal,20.00,0.00,20.00,13.74,0.00,16.74,13.75,0.00,16.75,DStar
2984,12.77,AgentPrefab,Agent,MoveState,Moving,Goal,20.00,0.00,20.00,13.75,0.00,16.75,13.76,0.00,16.76,DStar
2985,12.77,AgentPrefab,Agent,MoveState,Moving,Goal,20.00,0.00,20.00,13.76,0.00,16.76,13.76,0.00,16.76,DStar
2986,12.77,AgentPrefab,Agent,MoveState,Moving,Goal,20.00,0.00,20.00,13.76,0.00,16.76,13.77,0.00,16.77,DStar
2987,12.78,AgentPrefab,Agent,MoveState,Moving,Goal,20.00,0.00,20.00,13.77,0.00,16.77,13.77,0.00,16.77,DStar
2988,12.78,AgentPrefab,Agent,MoveState,Moving,Goal,20.00,0.00,20.00,13.77,0.00,16.77,13.78,0.00,16.78,DStar
2989,12.79,AgentPrefab,Agent,MoveState,Moving,Goal,20.00,0.00,20.00,13.78,0.00,16.78,13.79,0.00,16.79,DStar
2990,12.79,AgentPrefab,Agent,MoveState,Moving,Goal,20.00,0.00,20.00,13.79,0.00,16.79,13.79,0.00,16.79,DStar
2991,12.80,AgentPrefab,Agent,MoveState,Moving,Goal,20.00,0.00,20.00,13.79,0.00,16.79,13.80,0.00,16.80,DStar
2992,12.80,AgentPrefab,Agent,MoveState,Moving,Goal,20.00,0.00,20.00,13.80,0.00,16.80,13.80,0.00,16.80,DStar
2993,12.80,AgentPrefab,Agent,MoveState,Moving,Goal,20.00,0.00,20.00,13.80,0.00,16.80,13.81,0.00,16.81,DStar
2994,12.81,AgentPrefab,Agent,MoveState,Moving,Goal,20.00,0.00,20.00,13.81,0.00,16.81,13.82,0.00,16.82,DStar
2995,12.81,AgentPrefab,Agent,MoveState,Moving,Goal,20.00,0.00,20.00,13.82,0.00,16.82,13.82,0.00,16.82,DStar
2996,12.82,AgentPrefab,Agent,MoveState,Moving,Goal,20.00,0.00,20.00,13.82,0.00,16.82,13.83,0.00,16.83,DStar
2997,12.82,AgentPrefab,Agent,MoveState,Moving,Goal,20.00,0.00,20.00,13.83,0.00,16.83,13.83,0.00,16.83,DStar
2998,12.83,AgentPrefab,Agent,MoveState,Moving,Goal,20.00,0.00,20.00,13.83,0.00,16.83,13.84,0.00,16.84,DStar
2999,12.83,AgentPrefab,Agent,MoveState,Moving,Goal,20.00,0.00,20.00,13.84,0.00,16.84,13.85,0.00,16.85,DStar
3000,12.84,AgentPrefab,Agent,MoveState,Moving,Goal,20.00,0.00,20.00,13.85,0.00,16.85,13.85,0.00,16.85,DStar
3001,12.84,AgentPrefab,Agent,MoveState,Moving,Goal,20.00,0.00,20.00,13.85,0.00,16.85,13.86,0.00,16.86,DStar
3002,12.84,AgentPrefab,Agent,MoveState,Moving,Goal,20.00,0.00,20.00,13.86,0.00,16.86,13.87,0.00,16.87,DStar
3003,12.85,AgentPrefab,Agent,MoveState,Moving,Goal,20.00,0.00,20.00,13.87,0.00,16.87,13.87,0.00,16.87,DStar
3004,12.85,AgentPrefab,Agent,MoveState,Moving,Goal,20.00,0.00,20.00,13.87,0.00,16.87,13.88,0.00,16.88,DStar
3005,12.86,AgentPrefab,Agent,MoveState,Moving,Goal,20.00,0.00,20.00,13.88,0.00,16.88,13.88,0.00,16.88,DStar
3006,12.86,AgentPrefab,Agent,MoveState,Moving,Goal,20.00,0.00,20.00,13.88,0.00,16.88,13.89,0.00,16.89,DStar
3007,12.86,AgentPrefab,Agent,MoveState,Moving,Goal,20.00,0.00,20.00,13.89,0.00,16.89,13.90,0.00,16.90,DStar
3008,12.87,AgentPrefab,Agent,MoveState,Moving,Goal,20.00,0.00,20.00,13.90,0.00,16.90,13.90,0.00,16.90,DStar
3009,12.87,AgentPrefab,Agent,MoveState,Moving,Goal,20.00,0.00,20.00,13.90,0.00,16.90,13.91,0.00,16.91,DStar
3010,12.88,AgentPrefab,Agent,MoveState,Moving,Goal,20.00,0.00,20.00,13.91,0.00,16.91,13.91,0.00,16.91,DStar
3011,12.88,AgentPrefab,Agent,MoveState,Moving,Goal,20.00,0.00,20.00,13.91,0.00,16.91,13.92,0.00,16.92,DStar
3012,12.89,AgentPrefab,Agent,MoveState,Moving,Goal,20.00,0.00,20.00,13.92,0.00,16.92,13.93,0.00,16.93,DStar
3013,12.89,AgentPrefab,Agent,MoveState,Moving,Goal,20.00,0.00,20.00,13.93,0.00,16.93,13.93,0.00,16.93,DStar
3014,12.89,AgentPrefab,Agent,MoveState,Moving,Goal,20.00,0.00,20.00,13.93,0.00,16.93,13.94,0.00,16.94,DStar
3015,12.90,AgentPrefab,Agent,MoveState,Moving,Goal,20.00,0.00,20.00,13.94,0.00,16.94,13.95,0.00,16.95,DStar
3016,12.90,AgentPrefab,Agent,MoveState,Moving,Goal,20.00,0.00,20.00,13.95,0.00,16.95,13.95,0.00,16.95,DStar
3017,12.91,AgentPrefab,Agent,MoveState,Moving,Goal,20.00,0.00,20.00,13.95,0.00,16.95,13.96,0.00,16.96,DStar
3018,12.91,AgentPrefab,Agent,MoveState,Moving,Goal,20.00,0.00,20.00,13.96,0.00,16.96,13.97,0.00,16.97,DStar
3019,12.92,AgentPrefab,Agent,MoveState,Moving,Goal,20.00,0.00,20.00,13.97,0.00,16.97,13.97,0.00,16.97,DStar
3020,12.92,AgentPrefab,Agent,MoveState,Moving,Goal,20.00,0.00,20.00,13.97,0.00,16.97,13.98,0.00,16.98,DStar
3021,12.93,AgentPrefab,Agent,MoveState,Moving,Goal,20.00,0.00,20.00,13.98,0.00,16.98,13.99,0.00,16.99,DStar
3022,12.93,AgentPrefab,Agent,MoveState,Moving,Goal,20.00,0.00,20.00,13.99,0.00,16.99,13.99,0.00,16.99,DStar
3023,12.94,AgentPrefab,Agent,MoveState,Moving,Goal,20.00,0.00,20.00,13.99,0.00,16.99,14.00,0.00,17.00,DStar
3024,12.94,AgentPrefab,Agent,MoveState,Moving,Goal,20.00,0.00,20.00,14.00,0.00,17.00,14.00,0.00,17.00,DStar
3025,12.95,AgentPrefab,Agent,MoveState,Moving,Goal,20.00,0.00,20.00,14.00,0.00,17.00,14.01,0.00,17.01,DStar
3026,12.95,AgentPrefab,Agent,MoveState,Moving,Goal,20.00,0.00,20.00,14.01,0.00,17.01,14.02,0.00,17.02,DStar
3027,12.95,AgentPrefab,Agent,MoveState,Moving,Goal,20.00,0.00,20.00,14.02,0.00,17.02,14.02,0.00,17.02,DStar
3028,12.96,AgentPrefab,Agent,MoveState,Moving,Goal,20.00,0.00,20.00,14.02,0.00,17.02,14.03,0.00,17.03,DStar
3029,12.96,AgentPrefab,Agent,MoveState,Moving,Goal,20.00,0.00,20.00,14.03,0.00,17.03,14.04,0.00,17.04,DStar
3030,12.97,AgentPrefab,Agent,MoveState,Moving,Goal,20.00,0.00,20.00,14.04,0.00,17.04,14.04,0.00,17.04,DStar
3031,12.97,AgentPrefab,Agent,MoveState,Moving,Goal,20.00,0.00,20.00,14.04,0.00,17.04,14.05,0.00,17.05,DStar
3032,12.98,AgentPrefab,Agent,MoveState,Moving,Goal,20.00,0.00,20.00,14.05,0.00,17.05,14.05,0.00,17.05,DStar
3033,12.98,AgentPrefab,Agent,MoveState,Moving,Goal,20.00,0.00,20.00,14.05,0.00,17.05,14.06,0.00,17.06,DStar
3034,12.98,AgentPrefab,Agent,MoveState,Moving,Goal,20.00,0.00,20.00,14.06,0.00,17.06,14.07,0.00,17.07,DStar
3035,12.99,AgentPrefab,Agent,MoveState,Moving,Goal,20.00,0.00,20.00,14.07,0.00,17.07,14.07,0.00,17.07,DStar
3036,12.99,AgentPrefab,Agent,MoveState,Moving,Goal,20.00,0.00,20.00,14.07,0.00,17.07,14.08,0.00,17.08,DStar
3037,13.00,AgentPrefab,Agent,MoveState,Moving,Goal,20.00,0.00,20.00,14.08,0.00,17.08,14.08,0.00,17.08,DStar
3038,13.00,AgentPrefab,Agent,MoveState,Moving,Goal,20.00,0.00,20.00,14.08,0.00,17.08,14.09,0.00,17.09,DStar
3039,13.01,AgentPrefab,Agent,MoveState,Moving,Goal,20.00,0.00,20.00,14.09,0.00,17.09,14.10,0.00,17.10,DStar
3040,13.01,AgentPrefab,Agent,MoveState,Moving,Goal,20.00,0.00,20.00,14.10,0.00,17.10,14.10,0.00,17.10,DStar
3041,13.01,AgentPrefab,Agent,MoveState,Moving,Goal,20.00,0.00,20.00,14.10,0.00,17.10,14.11,0.00,17.11,DStar
3042,13.02,AgentPrefab,Agent,MoveState,Moving,Goal,20.00,0.00,20.00,14.11,0.00,17.11,14.11,0.00,17.11,DStar
3043,13.02,AgentPrefab,Agent,MoveState,Moving,Goal,20.00,0.00,20.00,14.11,0.00,17.11,14.12,0.00,17.12,DStar
3044,13.03,AgentPrefab,Agent,MoveState,Moving,Goal,20.00,0.00,20.00,14.12,0.00,17.12,14.13,0.00,17.13,DStar
3045,13.03,AgentPrefab,Agent,MoveState,Moving,Goal,20.00,0.00,20.00,14.13,0.00,17.13,14.13,0.00,17.13,DStar
3046,13.03,AgentPrefab,Agent,MoveState,Moving,Goal,20.00,0.00,20.00,14.13,0.00,17.13,14.14,0.00,17.14,DStar
3047,13.04,AgentPrefab,Agent,MoveState,Moving,Goal,20.00,0.00,20.00,14.14,0.00,17.14,14.14,0.00,17.14,DStar
3048,13.04,AgentPrefab,Agent,MoveState,Moving,Goal,20.00,0.00,20.00,14.14,0.00,17.14,14.15,0.00,17.15,DStar
3049,13.05,AgentPrefab,Agent,MoveState,Moving,Goal,20.00,0.00,20.00,14.15,0.00,17.15,14.16,0.00,17.16,DStar
3050,13.05,AgentPrefab,Agent,MoveState,Moving,Goal,20.00,0.00,20.00,14.16,0.00,17.16,14.16,0.00,17.16,DStar
3051,13.06,AgentPrefab,Agent,MoveState,Moving,Goal,20.00,0.00,20.00,14.16,0.00,17.16,14.17,0.00,17.17,DStar
3052,13.06,AgentPrefab,Agent,MoveState,Moving,Goal,20.00,0.00,20.00,14.17,0.00,17.17,14.17,0.00,17.17,DStar
3053,13.07,AgentPrefab,Agent,MoveState,Moving,Goal,20.00,0.00,20.00,14.17,0.00,17.17,14.18,0.00,17.18,DStar
3054,13.07,AgentPrefab,Agent,MoveState,Moving,Goal,20.00,0.00,20.00,14.18,0.00,17.18,14.19,0.00,17.19,DStar
3055,13.07,AgentPrefab,Agent,MoveState,Moving,Goal,20.00,0.00,20.00,14.19,0.00,17.19,14.19,0.00,17.19,DStar
3056,13.08,AgentPrefab,Agent,MoveState,Moving,Goal,20.00,0.00,20.00,14.19,0.00,17.19,14.20,0.00,17.20,DStar
3057,13.08,AgentPrefab,Agent,MoveState,Moving,Goal,20.00,0.00,20.00,14.20,0.00,17.20,14.21,0.00,17.21,DStar
3058,13.09,AgentPrefab,Agent,MoveState,Moving,Goal,20.00,0.00,20.00,14.21,0.00,17.21,14.21,0.00,17.21,DStar
3059,13.09,AgentPrefab,Agent,MoveState,Moving,Goal,20.00,0.00,20.00,14.21,0.00,17.21,14.22,0.00,17.22,DStar
3060,13.10,AgentPrefab,Agent,MoveState,Moving,Goal,20.00,0.00,20.00,14.22,0.00,17.22,14.22,0.00,17.22,DStar
3061,13.10,AgentPrefab,Agent,MoveState,Moving,Goal,20.00,0.00,20.00,14.22,0.00,17.22,14.23,0.00,17.23,DStar
3062,13.10,AgentPrefab,Agent,MoveState,Moving,Goal,20.00,0.00,20.00,14.23,0.00,17.23,14.24,0.00,17.24,DStar
3063,13.11,AgentPrefab,Agent,MoveState,Moving,Goal,20.00,0.00,20.00,14.24,0.00,17.24,14.24,0.00,17.24,DStar
3064,13.11,AgentPrefab,Agent,MoveState,Moving,Goal,20.00,0.00,20.00,14.24,0.00,17.24,14.25,0.00,17.25,DStar
3065,13.12,AgentPrefab,Agent,MoveState,Moving,Goal,20.00,0.00,20.00,14.25,0.00,17.25,14.25,0.00,17.25,DStar
3066,13.12,AgentPrefab,Agent,MoveState,Moving,Goal,20.00,0.00,20.00,14.25,0.00,17.25,14.26,0.00,17.26,DStar
3067,13.13,AgentPrefab,Agent,MoveState,Moving,Goal,20.00,0.00,20.00,14.26,0.00,17.26,14.27,0.00,17.27,DStar
3068,13.13,AgentPrefab,Agent,MoveState,Moving,Goal,20.00,0.00,20.00,14.27,0.00,17.27,14.27,0.00,17.27,DStar
3069,13.14,AgentPrefab,Agent,MoveState,Moving,Goal,20.00,0.00,20.00,14.27,0.00,17.27,14.28,0.00,17.28,DStar
3070,13.14,AgentPrefab,Agent,MoveState,Moving,Goal,20.00,0.00,20.00,14.28,0.00,17.28,14.28,0.00,17.28,DStar
3071,13.14,AgentPrefab,Agent,MoveState,Moving,Goal,20.00,0.00,20.00,14.28,0.00,17.28,14.29,0.00,17.29,DStar
3072,13.15,AgentPrefab,Agent,MoveState,Moving,Goal,20.00,0.00,20.00,14.29,0.00,17.29,14.30,0.00,17.30,DStar
3073,13.15,AgentPrefab,Agent,MoveState,Moving,Goal,20.00,0.00,20.00,14.30,0.00,17.30,14.30,0.00,17.30,DStar
3074,13.16,AgentPrefab,Agent,MoveState,Moving,Goal,20.00,0.00,20.00,14.30,0.00,17.30,14.31,0.00,17.31,DStar
3075,13.16,AgentPrefab,Agent,MoveState,Moving,Goal,20.00,0.00,20.00,14.31,0.00,17.31,14.31,0.00,17.31,DStar
3076,13.16,AgentPrefab,Agent,MoveState,Moving,Goal,20.00,0.00,20.00,14.31,0.00,17.31,14.32,0.00,17.32,DStar
3077,13.17,AgentPrefab,Agent,MoveState,Moving,Goal,20.00,0.00,20.00,14.32,0.00,17.32,14.33,0.00,17.33,DStar
3078,13.17,AgentPrefab,Agent,MoveState,Moving,Goal,20.00,0.00,20.00,14.33,0.00,17.33,14.33,0.00,17.33,DStar
3079,13.18,AgentPrefab,Agent,MoveState,Moving,Goal,20.00,0.00,20.00,14.33,0.00,17.33,14.34,0.00,17.34,DStar
3080,13.18,AgentPrefab,Agent,MoveState,Moving,Goal,20.00,0.00,20.00,14.34,0.00,17.34,14.35,0.00,17.35,DStar
3081,13.19,AgentPrefab,Agent,MoveState,Moving,Goal,20.00,0.00,20.00,14.35,0.00,17.35,14.35,0.00,17.35,DStar
3082,13.19,AgentPrefab,Agent,MoveState,Moving,Goal,20.00,0.00,20.00,14.35,0.00,17.35,14.36,0.00,17.36,DStar
3083,13.19,AgentPrefab,Agent,MoveState,Moving,Goal,20.00,0.00,20.00,14.36,0.00,17.36,14.36,0.00,17.36,DStar
3084,13.20,AgentPrefab,Agent,MoveState,Moving,Goal,20.00,0.00,20.00,14.36,0.00,17.36,14.37,0.00,17.37,DStar
3085,13.20,AgentPrefab,Agent,MoveState,Moving,Goal,20.00,0.00,20.00,14.37,0.00,17.37,14.37,0.00,17.37,DStar
3086,13.21,AgentPrefab,Agent,MoveState,Moving,Goal,20.00,0.00,20.00,14.37,0.00,17.37,14.38,0.00,17.38,DStar
3087,13.21,AgentPrefab,Agent,MoveState,Moving,Goal,20.00,0.00,20.00,14.38,0.00,17.38,14.39,0.00,17.39,DStar
3088,13.22,AgentPrefab,Agent,MoveState,Moving,Goal,20.00,0.00,20.00,14.39,0.00,17.39,14.39,0.00,17.39,DStar
3089,13.22,AgentPrefab,Agent,MoveState,Moving,Goal,20.00,0.00,20.00,14.39,0.00,17.39,14.40,0.00,17.40,DStar
3090,13.23,AgentPrefab,Agent,MoveState,Moving,Goal,20.00,0.00,20.00,14.40,0.00,17.40,14.41,0.00,17.41,DStar
3091,13.23,AgentPrefab,Agent,MoveState,Moving,Goal,20.00,0.00,20.00,14.41,0.00,17.41,14.41,0.00,17.41,DStar
3092,13.24,AgentPrefab,Agent,MoveState,Moving,Goal,20.00,0.00,20.00,14.41,0.00,17.41,14.42,0.00,17.42,DStar
3093,13.24,AgentPrefab,Agent,MoveState,Moving,Goal,20.00,0.00,20.00,14.42,0.00,17.42,14.43,0.00,17.43,DStar
3094,13.25,AgentPrefab,Agent,MoveState,Moving,Goal,20.00,0.00,20.00,14.43,0.00,17.43,14.44,0.00,17.44,DStar
3095,13.25,AgentPrefab,Agent,MoveState,Moving,Goal,20.00,0.00,20.00,14.44,0.00,17.44,14.44,0.00,17.44,DStar
3096,13.25,AgentPrefab,Agent,MoveState,Moving,Goal,20.00,0.00,20.00,14.44,0.00,17.44,14.45,0.00,17.45,DStar
3097,13.26,AgentPrefab,Agent,MoveState,Moving,Goal,20.00,0.00,20.00,14.45,0.00,17.45,14.45,0.00,17.45,DStar
3098,13.26,AgentPrefab,Agent,MoveState,Moving,Goal,20.00,0.00,20.00,14.45,0.00,17.45,14.46,0.00,17.46,DStar
3099,13.27,AgentPrefab,Agent,MoveState,Moving,Goal,20.00,0.00,20.00,14.46,0.00,17.46,14.47,0.00,17.47,DStar
3100,13.27,AgentPrefab,Agent,MoveState,Moving,Goal,20.00,0.00,20.00,14.47,0.00,17.47,14.47,0.00,17.47,DStar
3101,13.28,AgentPrefab,Agent,MoveState,Moving,Goal,20.00,0.00,20.00,14.47,0.00,17.47,14.48,0.00,17.48,DStar
3102,13.28,AgentPrefab,Agent,MoveState,Moving,Goal,20.00,0.00,20.00,14.48,0.00,17.48,14.48,0.00,17.48,DStar
3103,13.28,AgentPrefab,Agent,MoveState,Moving,Goal,20.00,0.00,20.00,14.48,0.00,17.48,14.49,0.00,17.49,DStar
3104,13.29,AgentPrefab,Agent,MoveState,Moving,Goal,20.00,0.00,20.00,14.49,0.00,17.49,14.49,0.00,17.49,DStar
3105,13.29,AgentPrefab,Agent,MoveState,Moving,Goal,20.00,0.00,20.00,14.49,0.00,17.49,14.50,0.00,17.50,DStar
3106,13.30,AgentPrefab,Agent,MoveState,Moving,Goal,20.00,0.00,20.00,14.50,0.00,17.50,14.51,0.00,17.51,DStar
3107,13.30,AgentPrefab,Agent,MoveState,Moving,Goal,20.00,0.00,20.00,14.51,0.00,17.51,14.51,0.00,17.51,DStar
3108,13.31,AgentPrefab,Agent,MoveState,Moving,Goal,20.00,0.00,20.00,14.51,0.00,17.51,14.52,0.00,17.52,DStar
3109,13.31,AgentPrefab,Agent,MoveState,Moving,Goal,20.00,0.00,20.00,14.52,0.00,17.52,14.53,0.00,17.53,DStar
3110,13.31,AgentPrefab,Agent,MoveState,Moving,Goal,20.00,0.00,20.00,14.53,0.00,17.53,14.53,0.00,17.53,DStar
3111,13.32,AgentPrefab,Agent,MoveState,Moving,Goal,20.00,0.00,20.00,14.53,0.00,17.53,14.54,0.00,17.54,DStar
3112,13.32,AgentPrefab,Agent,MoveState,Moving,Goal,20.00,0.00,20.00,14.54,0.00,17.54,14.54,0.00,17.54,DStar
3113,13.33,AgentPrefab,Agent,MoveState,Moving,Goal,20.00,0.00,20.00,14.54,0.00,17.54,14.55,0.00,17.55,DStar
3114,13.33,AgentPrefab,Agent,MoveState,Moving,Goal,20.00,0.00,20.00,14.55,0.00,17.55,14.56,0.00,17.56,DStar
3115,13.34,AgentPrefab,Agent,MoveState,Moving,Goal,20.00,0.00,20.00,14.56,0.00,17.56,14.56,0.00,17.56,DStar
3116,13.34,AgentPrefab,Agent,MoveState,Moving,Goal,20.00,0.00,20.00,14.56,0.00,17.56,14.57,0.00,17.57,DStar
3117,13.34,AgentPrefab,Agent,MoveState,Moving,Goal,20.00,0.00,20.00,14.57,0.00,17.57,14.57,0.00,17.57,DStar
3118,13.35,AgentPrefab,Agent,MoveState,Moving,Goal,20.00,0.00,20.00,14.57,0.00,17.57,14.58,0.00,17.58,DStar
3119,13.35,AgentPrefab,Agent,MoveState,Moving,Goal,20.00,0.00,20.00,14.58,0.00,17.58,14.59,0.00,17.59,DStar
3120,13.36,AgentPrefab,Agent,MoveState,Moving,Goal,20.00,0.00,20.00,14.59,0.00,17.59,14.59,0.00,17.59,DStar
3121,13.36,AgentPrefab,Agent,MoveState,Moving,Goal,20.00,0.00,20.00,14.59,0.00,17.59,14.60,0.00,17.60,DStar
3122,13.36,AgentPrefab,Agent,MoveState,Moving,Goal,20.00,0.00,20.00,14.60,0.00,17.60,14.60,0.00,17.60,DStar
3123,13.37,AgentPrefab,Agent,MoveState,Moving,Goal,20.00,0.00,20.00,14.60,0.00,17.60,14.61,0.00,17.61,DStar
3124,13.37,AgentPrefab,Agent,MoveState,Moving,Goal,20.00,0.00,20.00,14.61,0.00,17.61,14.62,0.00,17.62,DStar
3125,13.38,AgentPrefab,Agent,MoveState,Moving,Goal,20.00,0.00,20.00,14.62,0.00,17.62,14.62,0.00,17.62,DStar
3126,13.38,AgentPrefab,Agent,MoveState,Moving,Goal,20.00,0.00,20.00,14.62,0.00,17.62,14.63,0.00,17.63,DStar
3127,13.39,AgentPrefab,Agent,MoveState,Moving,Goal,20.00,0.00,20.00,14.63,0.00,17.63,14.63,0.00,17.63,DStar
3128,13.39,AgentPrefab,Agent,MoveState,Moving,Goal,20.00,0.00,20.00,14.63,0.00,17.63,14.64,0.00,17.64,DStar
3129,13.40,AgentPrefab,Agent,MoveState,Moving,Goal,20.00,0.00,20.00,14.64,0.00,17.64,14.65,0.00,17.65,DStar
3130,13.40,AgentPrefab,Agent,MoveState,Moving,Goal,20.00,0.00,20.00,14.65,0.00,17.65,14.65,0.00,17.65,DStar
3131,13.40,AgentPrefab,Agent,MoveState,Moving,Goal,20.00,0.00,20.00,14.65,0.00,17.65,14.66,0.00,17.66,DStar
3132,13.41,AgentPrefab,Agent,MoveState,Moving,Goal,20.00,0.00,20.00,14.66,0.00,17.66,14.66,0.00,17.66,DStar
3133,13.41,AgentPrefab,Agent,MoveState,Moving,Goal,20.00,0.00,20.00,14.66,0.00,17.66,14.67,0.00,17.67,DStar
3134,13.42,AgentPrefab,Agent,MoveState,Moving,Goal,20.00,0.00,20.00,14.67,0.00,17.67,14.68,0.00,17.68,DStar
3135,13.42,AgentPrefab,Agent,MoveState,Moving,Goal,20.00,0.00,20.00,14.68,0.00,17.68,14.68,0.00,17.68,DStar
3136,13.43,AgentPrefab,Agent,MoveState,Moving,Goal,20.00,0.00,20.00,14.69,0.00,17.69,14.70,0.00,17.69,DStar
3137,13.43,AgentPrefab,Agent,MoveState,Moving,Goal,20.00,0.00,20.00,14.70,0.00,17.69,14.71,0.00,17.69,DStar
3138,13.43,AgentPrefab,Agent,MoveState,Moving,Goal,20.00,0.00,20.00,14.71,0.00,17.69,14.71,0.00,17.69,DStar
3139,13.44,AgentPrefab,Agent,MoveState,Moving,Goal,20.00,0.00,20.00,14.71,0.00,17.69,14.72,0.00,17.69,DStar
3140,13.44,AgentPrefab,Agent,MoveState,Moving,Goal,20.00,0.00,20.00,14.72,0.00,17.69,14.73,0.00,17.69,DStar
3141,13.45,AgentPrefab,Agent,MoveState,Moving,Goal,20.00,0.00,20.00,14.73,0.00,17.69,14.74,0.00,17.69,DStar
3142,13.45,AgentPrefab,Agent,MoveState,Moving,Goal,20.00,0.00,20.00,14.74,0.00,17.69,14.75,0.00,17.69,DStar
3143,13.45,AgentPrefab,Agent,MoveState,Moving,Goal,20.00,0.00,20.00,14.75,0.00,17.69,14.75,0.00,17.69,DStar
3144,13.46,AgentPrefab,Agent,MoveState,Moving,Goal,20.00,0.00,20.00,14.75,0.00,17.69,14.77,0.00,17.69,DStar
3145,13.46,AgentPrefab,Agent,MoveState,Moving,Goal,20.00,0.00,20.00,14.77,0.00,17.69,14.77,0.00,17.69,DStar
3146,13.47,AgentPrefab,Agent,MoveState,Moving,Goal,20.00,0.00,20.00,14.77,0.00,17.69,14.78,0.00,17.69,DStar
3147,13.47,AgentPrefab,Agent,MoveState,Moving,Goal,20.00,0.00,20.00,14.78,0.00,17.69,14.79,0.00,17.69,DStar
3148,13.48,AgentPrefab,Agent,MoveState,Moving,Goal,20.00,0.00,20.00,14.79,0.00,17.69,14.80,0.00,17.69,DStar
3149,13.48,AgentPrefab,Agent,MoveState,Moving,Goal,20.00,0.00,20.00,14.80,0.00,17.69,14.81,0.00,17.69,DStar
3150,13.49,AgentPrefab,Agent,MoveState,Moving,Goal,20.00,0.00,20.00,14.81,0.00,17.69,14.82,0.00,17.69,DStar
3151,13.49,AgentPrefab,Agent,MoveState,Moving,Goal,20.00,0.00,20.00,14.82,0.00,17.69,14.82,0.00,17.69,DStar
3152,13.49,AgentPrefab,Agent,MoveState,Moving,Goal,20.00,0.00,20.00,14.82,0.00,17.69,14.83,0.00,17.69,DStar
3153,13.50,AgentPrefab,Agent,MoveState,Moving,Goal,20.00,0.00,20.00,14.83,0.00,17.69,14.84,0.00,17.69,DStar
3154,13.50,AgentPrefab,Agent,MoveState,Moving,Goal,20.00,0.00,20.00,14.84,0.00,17.69,14.85,0.00,17.69,DStar
3155,13.51,AgentPrefab,Agent,MoveState,Moving,Goal,20.00,0.00,20.00,14.85,0.00,17.69,14.86,0.00,17.69,DStar
3156,13.51,AgentPrefab,Agent,MoveState,Moving,Goal,20.00,0.00,20.00,14.86,0.00,17.69,14.87,0.00,17.69,DStar
3157,13.52,AgentPrefab,Agent,MoveState,Moving,Goal,20.00,0.00,20.00,14.87,0.00,17.69,14.87,0.00,17.69,DStar
3158,13.52,AgentPrefab,Agent,MoveState,Moving,Goal,20.00,0.00,20.00,14.87,0.00,17.69,14.88,0.00,17.69,DStar
3159,13.52,AgentPrefab,Agent,MoveState,Moving,Goal,20.00,0.00,20.00,14.88,0.00,17.69,14.89,0.00,17.69,DStar
3160,13.53,AgentPrefab,Agent,MoveState,Moving,Goal,20.00,0.00,20.00,14.89,0.00,17.69,14.89,0.00,17.69,DStar
3161,13.53,AgentPrefab,Agent,MoveState,Moving,Goal,20.00,0.00,20.00,14.89,0.00,17.69,14.90,0.00,17.69,DStar
3162,13.54,AgentPrefab,Agent,MoveState,Moving,Goal,20.00,0.00,20.00,14.90,0.00,17.69,14.91,0.00,17.69,DStar
3163,13.54,AgentPrefab,Agent,MoveState,Moving,Goal,20.00,0.00,20.00,14.91,0.00,17.69,14.92,0.00,17.69,DStar
3164,13.55,AgentPrefab,Agent,MoveState,Moving,Goal,20.00,0.00,20.00,14.92,0.00,17.69,14.93,0.00,17.69,DStar
3165,13.55,AgentPrefab,Agent,MoveState,Moving,Goal,20.00,0.00,20.00,14.93,0.00,17.69,14.94,0.00,17.69,DStar
3166,13.56,AgentPrefab,Agent,MoveState,Moving,Goal,20.00,0.00,20.00,14.94,0.00,17.69,14.95,0.00,17.69,DStar
3167,13.56,AgentPrefab,Agent,MoveState,Moving,Goal,20.00,0.00,20.00,14.95,0.00,17.69,14.96,0.00,17.69,DStar
3168,13.56,AgentPrefab,Agent,MoveState,Moving,Goal,20.00,0.00,20.00,14.96,0.00,17.69,14.97,0.00,17.69,DStar
3169,13.57,AgentPrefab,Agent,MoveState,Moving,Goal,20.00,0.00,20.00,14.97,0.00,17.69,14.97,0.00,17.69,DStar
3170,13.57,AgentPrefab,Agent,MoveState,Moving,Goal,20.00,0.00,20.00,14.97,0.00,17.69,14.98,0.00,17.69,DStar
3171,13.58,AgentPrefab,Agent,MoveState,Moving,Goal,20.00,0.00,20.00,14.98,0.00,17.69,14.99,0.00,17.69,DStar
3172,13.58,AgentPrefab,Agent,MoveState,Moving,Goal,20.00,0.00,20.00,14.99,0.00,17.69,15.00,0.00,17.69,DStar
3173,13.59,AgentPrefab,Agent,MoveState,Moving,Goal,20.00,0.00,20.00,15.00,0.00,17.69,15.01,0.00,17.69,DStar
3174,13.59,AgentPrefab,Agent,MoveState,Moving,Goal,20.00,0.00,20.00,15.01,0.00,17.69,15.02,0.00,17.69,DStar
3175,13.60,AgentPrefab,Agent,MoveState,Moving,Goal,20.00,0.00,20.00,15.02,0.00,17.69,15.03,0.00,17.69,DStar
3176,13.60,AgentPrefab,Agent,MoveState,Moving,Goal,20.00,0.00,20.00,15.03,0.00,17.69,15.04,0.00,17.69,DStar
3177,13.60,AgentPrefab,Agent,MoveState,Moving,Goal,20.00,0.00,20.00,15.04,0.00,17.69,15.05,0.00,17.69,DStar
3178,13.61,AgentPrefab,Agent,MoveState,Moving,Goal,20.00,0.00,20.00,15.05,0.00,17.69,15.05,0.00,17.69,DStar
3179,13.61,AgentPrefab,Agent,MoveState,Moving,Goal,20.00,0.00,20.00,15.05,0.00,17.69,15.06,0.00,17.69,DStar
3180,13.62,AgentPrefab,Agent,MoveState,Moving,Goal,20.00,0.00,20.00,15.06,0.00,17.69,15.07,0.00,17.69,DStar
3181,13.62,AgentPrefab,Agent,MoveState,Moving,Goal,20.00,0.00,20.00,15.07,0.00,17.69,15.08,0.00,17.69,DStar
3182,13.63,AgentPrefab,Agent,MoveState,Moving,Goal,20.00,0.00,20.00,15.08,0.00,17.69,15.09,0.00,17.69,DStar
3183,13.63,AgentPrefab,Agent,MoveState,Moving,Goal,20.00,0.00,20.00,15.09,0.00,17.69,15.10,0.00,17.69,DStar
3184,13.63,AgentPrefab,Agent,MoveState,Moving,Goal,20.00,0.00,20.00,15.10,0.00,17.69,15.11,0.00,17.69,DStar
3185,13.64,AgentPrefab,Agent,MoveState,Moving,Goal,20.00,0.00,20.00,15.11,0.00,17.69,15.11,0.00,17.69,DStar
3186,13.64,AgentPrefab,Agent,MoveState,Moving,Goal,20.00,0.00,20.00,15.11,0.00,17.69,15.12,0.00,17.69,DStar
3187,13.65,AgentPrefab,Agent,MoveState,Moving,Goal,20.00,0.00,20.00,15.12,0.00,17.69,15.13,0.00,17.69,DStar
3188,13.65,AgentPrefab,Agent,MoveState,Moving,Goal,20.00,0.00,20.00,15.13,0.00,17.69,15.14,0.00,17.69,DStar
3189,13.66,AgentPrefab,Agent,MoveState,Moving,Goal,20.00,0.00,20.00,15.14,0.00,17.69,15.15,0.00,17.69,DStar
3190,13.66,AgentPrefab,Agent,MoveState,Moving,Goal,20.00,0.00,20.00,15.15,0.00,17.69,15.16,0.00,17.69,DStar
3191,13.66,AgentPrefab,Agent,MoveState,Moving,Goal,20.00,0.00,20.00,15.16,0.00,17.69,15.17,0.00,17.69,DStar
3192,13.67,AgentPrefab,Agent,MoveState,Moving,Goal,20.00,0.00,20.00,15.17,0.00,17.69,15.17,0.00,17.69,DStar
3193,13.67,AgentPrefab,Agent,MoveState,Moving,Goal,20.00,0.00,20.00,15.17,0.00,17.69,15.18,0.00,17.69,DStar
3194,13.68,AgentPrefab,Agent,MoveState,Moving,Goal,20.00,0.00,20.00,15.18,0.00,17.69,15.19,0.00,17.69,DStar
3195,13.68,AgentPrefab,Agent,MoveState,Moving,Goal,20.00,0.00,20.00,15.19,0.00,17.69,15.20,0.00,17.69,DStar
3196,13.68,AgentPrefab,Agent,MoveState,Moving,Goal,20.00,0.00,20.00,15.20,0.00,17.69,15.21,0.00,17.69,DStar
3197,13.69,AgentPrefab,Agent,MoveState,Moving,Goal,20.00,0.00,20.00,15.21,0.00,17.69,15.21,0.00,17.69,DStar
3198,13.69,AgentPrefab,Agent,MoveState,Moving,Goal,20.00,0.00,20.00,15.21,0.00,17.69,15.22,0.00,17.69,DStar
3199,13.70,AgentPrefab,Agent,MoveState,Moving,Goal,20.00,0.00,20.00,15.22,0.00,17.69,15.23,0.00,17.69,DStar
3200,13.70,AgentPrefab,Agent,MoveState,Moving,Goal,20.00,0.00,20.00,15.23,0.00,17.69,15.24,0.00,17.69,DStar
3201,13.71,AgentPrefab,Agent,MoveState,Moving,Goal,20.00,0.00,20.00,15.24,0.00,17.69,15.25,0.00,17.69,DStar
3202,13.71,AgentPrefab,Agent,MoveState,Moving,Goal,20.00,0.00,20.00,15.25,0.00,17.69,15.26,0.00,17.69,DStar
3203,13.72,AgentPrefab,Agent,MoveState,Moving,Goal,20.00,0.00,20.00,15.26,0.00,17.69,15.27,0.00,17.69,DStar
3204,13.72,AgentPrefab,Agent,MoveState,Moving,Goal,20.00,0.00,20.00,15.27,0.00,17.69,15.28,0.00,17.69,DStar
3205,13.72,AgentPrefab,Agent,MoveState,Moving,Goal,20.00,0.00,20.00,15.28,0.00,17.69,15.28,0.00,17.69,DStar
3206,13.73,AgentPrefab,Agent,MoveState,Moving,Goal,20.00,0.00,20.00,15.28,0.00,17.69,15.29,0.00,17.69,DStar
3207,13.73,AgentPrefab,Agent,MoveState,Moving,Goal,20.00,0.00,20.00,15.29,0.00,17.69,15.30,0.00,17.69,DStar
3208,13.74,AgentPrefab,Agent,MoveState,Moving,Goal,20.00,0.00,20.00,15.30,0.00,17.69,15.31,0.00,17.69,DStar
3209,13.74,AgentPrefab,Agent,MoveState,Moving,Goal,20.00,0.00,20.00,15.31,0.00,17.69,15.32,0.00,17.69,DStar
3210,13.75,AgentPrefab,Agent,MoveState,Moving,Goal,20.00,0.00,20.00,15.32,0.00,17.69,15.33,0.00,17.69,DStar
3211,13.75,AgentPrefab,Agent,MoveState,Moving,Goal,20.00,0.00,20.00,15.33,0.00,17.69,15.34,0.00,17.69,DStar
3212,13.75,AgentPrefab,Agent,MoveState,Moving,Goal,20.00,0.00,20.00,15.34,0.00,17.69,15.35,0.00,17.69,DStar
3213,13.76,AgentPrefab,Agent,MoveState,Moving,Goal,20.00,0.00,20.00,15.35,0.00,17.69,15.36,0.00,17.69,DStar
3214,13.76,AgentPrefab,Agent,MoveState,Moving,Goal,20.00,0.00,20.00,15.36,0.00,17.69,15.36,0.00,17.69,DStar
3215,13.77,AgentPrefab,Agent,MoveState,Moving,Goal,20.00,0.00,20.00,15.36,0.00,17.69,15.37,0.00,17.69,DStar
3216,13.77,AgentPrefab,Agent,MoveState,Moving,Goal,20.00,0.00,20.00,15.37,0.00,17.69,15.38,0.00,17.69,DStar
3217,13.78,AgentPrefab,Agent,MoveState,Moving,Goal,20.00,0.00,20.00,15.38,0.00,17.69,15.39,0.00,17.69,DStar
3218,13.78,AgentPrefab,Agent,MoveState,Moving,Goal,20.00,0.00,20.00,15.39,0.00,17.69,15.40,0.00,17.69,DStar
3219,13.78,AgentPrefab,Agent,MoveState,Moving,Goal,20.00,0.00,20.00,15.40,0.00,17.69,15.40,0.00,17.69,DStar
3220,13.79,AgentPrefab,Agent,MoveState,Moving,Goal,20.00,0.00,20.00,15.40,0.00,17.69,15.41,0.00,17.69,DStar
3221,13.79,AgentPrefab,Agent,MoveState,Moving,Goal,20.00,0.00,20.00,15.41,0.00,17.69,15.42,0.00,17.69,DStar
3222,13.80,AgentPrefab,Agent,MoveState,Moving,Goal,20.00,0.00,20.00,15.42,0.00,17.69,15.43,0.00,17.69,DStar
3223,13.80,AgentPrefab,Agent,MoveState,Moving,Goal,20.00,0.00,20.00,15.43,0.00,17.69,15.44,0.00,17.69,DStar
3224,13.81,AgentPrefab,Agent,MoveState,Moving,Goal,20.00,0.00,20.00,15.44,0.00,17.69,15.45,0.00,17.69,DStar
3225,13.81,AgentPrefab,Agent,MoveState,Moving,Goal,20.00,0.00,20.00,15.45,0.00,17.69,15.46,0.00,17.69,DStar
3226,13.81,AgentPrefab,Agent,MoveState,Moving,Goal,20.00,0.00,20.00,15.46,0.00,17.69,15.46,0.00,17.69,DStar
3227,13.82,AgentPrefab,Agent,MoveState,Moving,Goal,20.00,0.00,20.00,15.46,0.00,17.69,15.47,0.00,17.69,DStar
3228,13.82,AgentPrefab,Agent,MoveState,Moving,Goal,20.00,0.00,20.00,15.47,0.00,17.69,15.48,0.00,17.69,DStar
3229,13.83,AgentPrefab,Agent,MoveState,Moving,Goal,20.00,0.00,20.00,15.48,0.00,17.69,15.49,0.00,17.69,DStar
3230,13.83,AgentPrefab,Agent,MoveState,Moving,Goal,20.00,0.00,20.00,15.49,0.00,17.69,15.50,0.00,17.69,DStar
3231,13.83,AgentPrefab,Agent,MoveState,Moving,Goal,20.00,0.00,20.00,15.50,0.00,17.69,15.51,0.00,17.69,DStar
3232,13.84,AgentPrefab,Agent,MoveState,Moving,Goal,20.00,0.00,20.00,15.51,0.00,17.69,15.51,0.00,17.69,DStar
3233,13.84,AgentPrefab,Agent,MoveState,Moving,Goal,20.00,0.00,20.00,15.51,0.00,17.69,15.52,0.00,17.69,DStar
3234,13.85,AgentPrefab,Agent,MoveState,Moving,Goal,20.00,0.00,20.00,15.52,0.00,17.69,15.53,0.00,17.69,DStar
3235,13.85,AgentPrefab,Agent,MoveState,Moving,Goal,20.00,0.00,20.00,15.53,0.00,17.69,15.54,0.00,17.69,DStar
3236,13.86,AgentPrefab,Agent,MoveState,Moving,Goal,20.00,0.00,20.00,15.54,0.00,17.69,15.55,0.00,17.69,DStar
3237,13.86,AgentPrefab,Agent,MoveState,Moving,Goal,20.00,0.00,20.00,15.55,0.00,17.69,15.56,0.00,17.69,DStar
3238,13.86,AgentPrefab,Agent,MoveState,Moving,Goal,20.00,0.00,20.00,15.56,0.00,17.69,15.57,0.00,17.69,DStar
3239,13.87,AgentPrefab,Agent,MoveState,Moving,Goal,20.00,0.00,20.00,15.57,0.00,17.69,15.57,0.00,17.69,DStar
3240,13.87,AgentPrefab,Agent,MoveState,Moving,Goal,20.00,0.00,20.00,15.57,0.00,17.69,15.58,0.00,17.69,DStar
3241,13.88,AgentPrefab,Agent,MoveState,Moving,Goal,20.00,0.00,20.00,15.58,0.00,17.69,15.59,0.00,17.69,DStar
3242,13.88,AgentPrefab,Agent,MoveState,Moving,Goal,20.00,0.00,20.00,15.59,0.00,17.69,15.60,0.00,17.69,DStar
3243,13.89,AgentPrefab,Agent,MoveState,Moving,Goal,20.00,0.00,20.00,15.60,0.00,17.69,15.61,0.00,17.69,DStar
3244,13.89,AgentPrefab,Agent,MoveState,Moving,Goal,20.00,0.00,20.00,15.61,0.00,17.69,15.62,0.00,17.69,DStar
3245,13.89,AgentPrefab,Agent,MoveState,Moving,Goal,20.00,0.00,20.00,15.62,0.00,17.69,15.63,0.00,17.69,DStar
3246,13.90,AgentPrefab,Agent,MoveState,Moving,Goal,20.00,0.00,20.00,15.63,0.00,17.69,15.64,0.00,17.69,DStar
3247,13.90,AgentPrefab,Agent,MoveState,Moving,Goal,20.00,0.00,20.00,15.64,0.00,17.69,15.64,0.00,17.69,DStar
3248,13.91,AgentPrefab,Agent,MoveState,Moving,Goal,20.00,0.00,20.00,15.64,0.00,17.69,15.65,0.00,17.69,DStar
3249,13.91,AgentPrefab,Agent,MoveState,Moving,Goal,20.00,0.00,20.00,15.65,0.00,17.69,15.66,0.00,17.69,DStar
3250,13.92,AgentPrefab,Agent,MoveState,Moving,Goal,20.00,0.00,20.00,15.66,0.00,17.69,15.67,0.00,17.69,DStar
3251,13.92,AgentPrefab,Agent,MoveState,Moving,Goal,20.00,0.00,20.00,15.67,0.00,17.69,15.68,0.00,17.69,DStar
3252,13.93,AgentPrefab,Agent,MoveState,Moving,Goal,20.00,0.00,20.00,15.68,0.00,17.69,15.69,0.00,17.69,DStar
3253,13.93,AgentPrefab,Agent,MoveState,Moving,Goal,20.00,0.00,20.00,15.69,0.00,17.69,15.70,0.00,17.69,DStar
3254,13.93,AgentPrefab,Agent,MoveState,Moving,Goal,20.00,0.00,20.00,15.70,0.00,17.69,15.71,0.00,17.69,DStar
3255,13.94,AgentPrefab,Agent,MoveState,Moving,Goal,20.00,0.00,20.00,15.71,0.00,17.69,15.71,0.00,17.69,DStar
3256,13.94,AgentPrefab,Agent,MoveState,Moving,Goal,20.00,0.00,20.00,15.71,0.00,17.69,15.72,0.00,17.69,DStar
3257,13.95,AgentPrefab,Agent,MoveState,Moving,Goal,20.00,0.00,20.00,15.72,0.00,17.69,15.73,0.00,17.69,DStar
3258,13.95,AgentPrefab,Agent,MoveState,Moving,Goal,20.00,0.00,20.00,15.73,0.00,17.69,15.74,0.00,17.69,DStar
3259,13.95,AgentPrefab,Agent,MoveState,Moving,Goal,20.00,0.00,20.00,15.74,0.00,17.69,15.75,0.00,17.69,DStar
3260,13.96,AgentPrefab,Agent,MoveState,Moving,Goal,20.00,0.00,20.00,15.75,0.00,17.69,15.76,0.00,17.69,DStar
3261,13.96,AgentPrefab,Agent,MoveState,Moving,Goal,20.00,0.00,20.00,15.76,0.00,17.69,15.76,0.00,17.69,DStar
3262,13.97,AgentPrefab,Agent,MoveState,Moving,Goal,20.00,0.00,20.00,15.76,0.00,17.69,15.77,0.00,17.69,DStar
3263,13.97,AgentPrefab,Agent,MoveState,Moving,Goal,20.00,0.00,20.00,15.77,0.00,17.69,15.78,0.00,17.69,DStar
3264,13.98,AgentPrefab,Agent,MoveState,Moving,Goal,20.00,0.00,20.00,15.78,0.00,17.69,15.79,0.00,17.69,DStar
3265,13.98,AgentPrefab,Agent,MoveState,Moving,Goal,20.00,0.00,20.00,15.79,0.00,17.69,15.80,0.00,17.69,DStar
3266,13.98,AgentPrefab,Agent,MoveState,Moving,Goal,20.00,0.00,20.00,15.80,0.00,17.69,15.81,0.00,17.69,DStar
3267,13.99,AgentPrefab,Agent,MoveState,Moving,Goal,20.00,0.00,20.00,15.81,0.00,17.69,15.81,0.00,17.69,DStar
3268,13.99,AgentPrefab,Agent,MoveState,Moving,Goal,20.00,0.00,20.00,15.81,0.00,17.69,15.82,0.00,17.69,DStar
3269,14.00,AgentPrefab,Agent,MoveState,Moving,Goal,20.00,0.00,20.00,15.82,0.00,17.69,15.83,0.00,17.69,DStar
3270,14.00,AgentPrefab,Agent,MoveState,Moving,Goal,20.00,0.00,20.00,15.83,0.00,17.69,15.84,0.00,17.69,DStar
3271,14.01,AgentPrefab,Agent,MoveState,Moving,Goal,20.00,0.00,20.00,15.84,0.00,17.69,15.85,0.00,17.69,DStar
3272,14.01,AgentPrefab,Agent,MoveState,Moving,Goal,20.00,0.00,20.00,15.85,0.00,17.69,15.86,0.00,17.69,DStar
3273,14.01,AgentPrefab,Agent,MoveState,Moving,Goal,20.00,0.00,20.00,15.86,0.00,17.69,15.86,0.00,17.69,DStar
3274,14.02,AgentPrefab,Agent,MoveState,Moving,Goal,20.00,0.00,20.00,15.87,0.00,17.69,15.87,0.00,17.69,DStar
3275,14.02,AgentPrefab,Agent,MoveState,Moving,Goal,20.00,0.00,20.00,15.87,0.00,17.69,15.87,0.00,17.69,DStar
3276,14.03,AgentPrefab,Agent,MoveState,Moving,Goal,20.00,0.00,20.00,15.87,0.00,17.69,15.88,0.00,17.70,DStar
3277,14.03,AgentPrefab,Agent,MoveState,Moving,Goal,20.00,0.00,20.00,15.88,0.00,17.70,15.89,0.00,17.71,DStar
3278,14.04,AgentPrefab,Agent,MoveState,Moving,Goal,20.00,0.00,20.00,15.89,0.00,17.71,15.89,0.00,17.71,DStar
3279,14.04,AgentPrefab,Agent,MoveState,Moving,Goal,20.00,0.00,20.00,15.89,0.00,17.71,15.90,0.00,17.72,DStar
3280,14.04,AgentPrefab,Agent,MoveState,Moving,Goal,20.00,0.00,20.00,15.90,0.00,17.72,15.91,0.00,17.73,DStar
3281,14.05,AgentPrefab,Agent,MoveState,Moving,Goal,20.00,0.00,20.00,15.91,0.00,17.73,15.91,0.00,17.73,DStar
3282,14.05,AgentPrefab,Agent,MoveState,Moving,Goal,20.00,0.00,20.00,15.91,0.00,17.73,15.92,0.00,17.74,DStar
3283,14.06,AgentPrefab,Agent,MoveState,Moving,Goal,20.00,0.00,20.00,15.92,0.00,17.74,15.92,0.00,17.74,DStar
3284,14.06,AgentPrefab,Agent,MoveState,Moving,Goal,20.00,0.00,20.00,15.92,0.00,17.74,15.93,0.00,17.75,DStar
3285,14.07,AgentPrefab,Agent,MoveState,Moving,Goal,20.00,0.00,20.00,15.93,0.00,17.75,15.94,0.00,17.76,DStar
3286,14.07,AgentPrefab,Agent,MoveState,Moving,Goal,20.00,0.00,20.00,15.94,0.00,17.76,15.94,0.00,17.76,DStar
3287,14.07,AgentPrefab,Agent,MoveState,Moving,Goal,20.00,0.00,20.00,15.94,0.00,17.76,15.95,0.00,17.77,DStar
3288,14.08,AgentPrefab,Agent,MoveState,Moving,Goal,20.00,0.00,20.00,15.95,0.00,17.77,15.96,0.00,17.78,DStar
3289,14.08,AgentPrefab,Agent,MoveState,Moving,Goal,20.00,0.00,20.00,15.96,0.00,17.78,15.96,0.00,17.78,DStar
3290,14.09,AgentPrefab,Agent,MoveState,Moving,Goal,20.00,0.00,20.00,15.96,0.00,17.78,15.97,0.00,17.79,DStar
3291,14.09,AgentPrefab,Agent,MoveState,Moving,Goal,20.00,0.00,20.00,15.97,0.00,17.79,15.97,0.00,17.79,DStar
3292,14.10,AgentPrefab,Agent,MoveState,Moving,Goal,20.00,0.00,20.00,15.97,0.00,17.79,15.98,0.00,17.80,DStar
3293,14.10,AgentPrefab,Agent,MoveState,Moving,Goal,20.00,0.00,20.00,15.98,0.00,17.80,15.99,0.00,17.81,DStar
3294,14.10,AgentPrefab,Agent,MoveState,Moving,Goal,20.00,0.00,20.00,15.99,0.00,17.81,15.99,0.00,17.81,DStar
3295,14.11,AgentPrefab,Agent,MoveState,Moving,Goal,20.00,0.00,20.00,15.99,0.00,17.81,16.00,0.00,17.82,DStar
3296,14.11,AgentPrefab,Agent,MoveState,Moving,Goal,20.00,0.00,20.00,16.00,0.00,17.82,16.00,0.00,17.82,DStar
3297,14.12,AgentPrefab,Agent,MoveState,Moving,Goal,20.00,0.00,20.00,16.00,0.00,17.82,16.01,0.00,17.83,DStar
3298,14.12,AgentPrefab,Agent,MoveState,Moving,Goal,20.00,0.00,20.00,16.01,0.00,17.83,16.01,0.00,17.83,DStar
3299,14.13,AgentPrefab,Agent,MoveState,Moving,Goal,20.00,0.00,20.00,16.01,0.00,17.83,16.02,0.00,17.84,DStar
3300,14.13,AgentPrefab,Agent,MoveState,Moving,Goal,20.00,0.00,20.00,16.02,0.00,17.84,16.03,0.00,17.85,DStar
3301,14.13,AgentPrefab,Agent,MoveState,Moving,Goal,20.00,0.00,20.00,16.03,0.00,17.85,16.03,0.00,17.85,DStar
3302,14.14,AgentPrefab,Agent,MoveState,Moving,Goal,20.00,0.00,20.00,16.03,0.00,17.85,16.04,0.00,17.86,DStar
3303,14.14,AgentPrefab,Agent,MoveState,Moving,Goal,20.00,0.00,20.00,16.04,0.00,17.86,16.05,0.00,17.87,DStar
3304,14.15,AgentPrefab,Agent,MoveState,Moving,Goal,20.00,0.00,20.00,16.05,0.00,17.87,16.05,0.00,17.87,DStar
3305,14.15,AgentPrefab,Agent,MoveState,Moving,Goal,20.00,0.00,20.00,16.05,0.00,17.87,16.06,0.00,17.88,DStar
3306,14.16,AgentPrefab,Agent,MoveState,Moving,Goal,20.00,0.00,20.00,16.06,0.00,17.88,16.06,0.00,17.88,DStar
3307,14.16,AgentPrefab,Agent,MoveState,Moving,Goal,20.00,0.00,20.00,16.06,0.00,17.88,16.07,0.00,17.89,DStar
3308,14.17,AgentPrefab,Agent,MoveState,Moving,Goal,20.00,0.00,20.00,16.07,0.00,17.89,16.08,0.00,17.90,DStar
3309,14.17,AgentPrefab,Agent,MoveState,Moving,Goal,20.00,0.00,20.00,16.08,0.00,17.90,16.08,0.00,17.90,DStar
3310,14.17,AgentPrefab,Agent,MoveState,Moving,Goal,20.00,0.00,20.00,16.08,0.00,17.90,16.09,0.00,17.91,DStar
3311,14.18,AgentPrefab,Agent,MoveState,Moving,Goal,20.00,0.00,20.00,16.09,0.00,17.91,16.09,0.00,17.91,DStar
3312,14.18,AgentPrefab,Agent,MoveState,Moving,Goal,20.00,0.00,20.00,16.09,0.00,17.91,16.10,0.00,17.92,DStar
3313,14.19,AgentPrefab,Agent,MoveState,Moving,Goal,20.00,0.00,20.00,16.10,0.00,17.92,16.11,0.00,17.93,DStar
3314,14.19,AgentPrefab,Agent,MoveState,Moving,Goal,20.00,0.00,20.00,16.11,0.00,17.93,16.11,0.00,17.93,DStar
3315,14.19,AgentPrefab,Agent,MoveState,Moving,Goal,20.00,0.00,20.00,16.11,0.00,17.93,16.12,0.00,17.94,DStar
3316,14.20,AgentPrefab,Agent,MoveState,Moving,Goal,20.00,0.00,20.00,16.12,0.00,17.94,16.12,0.00,17.94,DStar
3317,14.20,AgentPrefab,Agent,MoveState,Moving,Goal,20.00,0.00,20.00,16.12,0.00,17.94,16.13,0.00,17.95,DStar
3318,14.21,AgentPrefab,Agent,MoveState,Moving,Goal,20.00,0.00,20.00,16.13,0.00,17.95,16.14,0.00,17.95,DStar
3319,14.21,AgentPrefab,Agent,MoveState,Moving,Goal,20.00,0.00,20.00,16.14,0.00,17.95,16.14,0.00,17.96,DStar
3320,14.22,AgentPrefab,Agent,MoveState,Moving,Goal,20.00,0.00,20.00,16.14,0.00,17.96,16.15,0.00,17.97,DStar
3321,14.22,AgentPrefab,Agent,MoveState,Moving,Goal,20.00,0.00,20.00,16.15,0.00,17.97,16.15,0.00,17.97,DStar
3322,14.22,AgentPrefab,Agent,MoveState,Moving,Goal,20.00,0.00,20.00,16.15,0.00,17.97,16.16,0.00,17.98,DStar
3323,14.23,AgentPrefab,Agent,MoveState,Moving,Goal,20.00,0.00,20.00,16.16,0.00,17.98,16.17,0.00,17.99,DStar
3324,14.23,AgentPrefab,Agent,MoveState,Moving,Goal,20.00,0.00,20.00,16.17,0.00,17.99,16.17,0.00,17.99,DStar
3325,14.24,AgentPrefab,Agent,MoveState,Moving,Goal,20.00,0.00,20.00,16.17,0.00,17.99,16.18,0.00,18.00,DStar
3326,14.24,AgentPrefab,Agent,MoveState,Moving,Goal,20.00,0.00,20.00,16.18,0.00,18.00,16.18,0.00,18.00,DStar
3327,14.25,AgentPrefab,Agent,MoveState,Moving,Goal,20.00,0.00,20.00,16.18,0.00,18.00,16.19,0.00,18.01,DStar
3328,14.25,AgentPrefab,Agent,MoveState,Moving,Goal,20.00,0.00,20.00,16.19,0.00,18.01,16.20,0.00,18.02,DStar
3329,14.26,AgentPrefab,Agent,MoveState,Moving,Goal,20.00,0.00,20.00,16.20,0.00,18.02,16.21,0.00,18.03,DStar
3330,14.26,AgentPrefab,Agent,MoveState,Moving,Goal,20.00,0.00,20.00,16.21,0.00,18.03,16.21,0.00,18.03,DStar
3331,14.27,AgentPrefab,Agent,MoveState,Moving,Goal,20.00,0.00,20.00,16.21,0.00,18.03,16.22,0.00,18.04,DStar
3332,14.27,AgentPrefab,Agent,MoveState,Moving,Goal,20.00,0.00,20.00,16.22,0.00,18.04,16.22,0.00,18.04,DStar
3333,14.27,AgentPrefab,Agent,MoveState,Moving,Goal,20.00,0.00,20.00,16.22,0.00,18.04,16.23,0.00,18.05,DStar
3334,14.28,AgentPrefab,Agent,MoveState,Moving,Goal,20.00,0.00,20.00,16.23,0.00,18.05,16.24,0.00,18.06,DStar
3335,14.28,AgentPrefab,Agent,MoveState,Moving,Goal,20.00,0.00,20.00,16.24,0.00,18.06,16.24,0.00,18.06,DStar
3336,14.29,AgentPrefab,Agent,MoveState,Moving,Goal,20.00,0.00,20.00,16.24,0.00,18.06,16.25,0.00,18.07,DStar
3337,14.29,AgentPrefab,Agent,MoveState,Moving,Goal,20.00,0.00,20.00,16.25,0.00,18.07,16.25,0.00,18.07,DStar
3338,14.30,AgentPrefab,Agent,MoveState,Moving,Goal,20.00,0.00,20.00,16.25,0.00,18.07,16.26,0.00,18.08,DStar
3339,14.30,AgentPrefab,Agent,MoveState,Moving,Goal,20.00,0.00,20.00,16.26,0.00,18.08,16.27,0.00,18.09,DStar
3340,14.30,AgentPrefab,Agent,MoveState,Moving,Goal,20.00,0.00,20.00,16.27,0.00,18.09,16.27,0.00,18.09,DStar
3341,14.31,AgentPrefab,Agent,MoveState,Moving,Goal,20.00,0.00,20.00,16.27,0.00,18.09,16.28,0.00,18.10,DStar
3342,14.31,AgentPrefab,Agent,MoveState,Moving,Goal,20.00,0.00,20.00,16.28,0.00,18.10,16.28,0.00,18.10,DStar
3343,14.32,AgentPrefab,Agent,MoveState,Moving,Goal,20.00,0.00,20.00,16.28,0.00,18.10,16.29,0.00,18.11,DStar
3344,14.32,AgentPrefab,Agent,MoveState,Moving,Goal,20.00,0.00,20.00,16.29,0.00,18.11,16.30,0.00,18.12,DStar
3345,14.32,AgentPrefab,Agent,MoveState,Moving,Goal,20.00,0.00,20.00,16.30,0.00,18.12,16.30,0.00,18.12,DStar
3346,14.33,AgentPrefab,Agent,MoveState,Moving,Goal,20.00,0.00,20.00,16.30,0.00,18.12,16.31,0.00,18.13,DStar
3347,14.33,AgentPrefab,Agent,MoveState,Moving,Goal,20.00,0.00,20.00,16.31,0.00,18.13,16.31,0.00,18.13,DStar
3348,14.34,AgentPrefab,Agent,MoveState,Moving,Goal,20.00,0.00,20.00,16.31,0.00,18.13,16.32,0.00,18.14,DStar
3349,14.34,AgentPrefab,Agent,MoveState,Moving,Goal,20.00,0.00,20.00,16.32,0.00,18.14,16.33,0.00,18.15,DStar
3350,14.35,AgentPrefab,Agent,MoveState,Moving,Goal,20.00,0.00,20.00,16.33,0.00,18.15,16.33,0.00,18.15,DStar
3351,14.35,AgentPrefab,Agent,MoveState,Moving,Goal,20.00,0.00,20.00,16.33,0.00,18.15,16.34,0.00,18.16,DStar
3352,14.35,AgentPrefab,Agent,MoveState,Moving,Goal,20.00,0.00,20.00,16.34,0.00,18.16,16.34,0.00,18.16,DStar
3353,14.36,AgentPrefab,Agent,MoveState,Moving,Goal,20.00,0.00,20.00,16.34,0.00,18.16,16.35,0.00,18.17,DStar
3354,14.37,AgentPrefab,Agent,MoveState,Moving,Goal,20.00,0.00,20.00,16.35,0.00,18.17,16.36,0.00,18.18,DStar
3355,14.37,AgentPrefab,Agent,MoveState,Moving,Goal,20.00,0.00,20.00,16.36,0.00,18.18,16.37,0.00,18.19,DStar
3356,14.38,AgentPrefab,Agent,MoveState,Moving,Goal,20.00,0.00,20.00,16.37,0.00,18.19,16.38,0.00,18.20,DStar
3357,14.39,AgentPrefab,Agent,MoveState,Moving,Goal,20.00,0.00,20.00,16.38,0.00,18.20,16.39,0.00,18.21,DStar
3358,14.40,AgentPrefab,Agent,MoveState,Moving,Goal,20.00,0.00,20.00,16.39,0.00,18.21,16.41,0.00,18.23,DStar
3359,14.41,AgentPrefab,Agent,MoveState,Moving,Goal,20.00,0.00,20.00,16.41,0.00,18.23,16.42,0.00,18.24,DStar
3360,14.42,AgentPrefab,Agent,MoveState,Moving,Goal,20.00,0.00,20.00,16.42,0.00,18.24,16.43,0.00,18.25,DStar
3361,14.42,AgentPrefab,Agent,MoveState,Moving,Goal,20.00,0.00,20.00,16.43,0.00,18.25,16.44,0.00,18.26,DStar
3362,14.43,AgentPrefab,Agent,MoveState,Moving,Goal,20.00,0.00,20.00,16.44,0.00,18.26,16.45,0.00,18.27,DStar
3363,14.45,AgentPrefab,Agent,MoveState,Moving,Goal,20.00,0.00,20.00,16.45,0.00,18.27,16.48,0.00,18.30,DStar
3364,14.45,AgentPrefab,Agent,MoveState,Moving,Goal,20.00,0.00,20.00,16.48,0.00,18.30,16.48,0.00,18.30,DStar
3365,14.46,AgentPrefab,Agent,MoveState,Moving,Goal,20.00,0.00,20.00,16.48,0.00,18.30,16.49,0.00,18.31,DStar
3366,14.46,AgentPrefab,Agent,MoveState,Moving,Goal,20.00,0.00,20.00,16.49,0.00,18.31,16.50,0.00,18.32,DStar
3367,14.47,AgentPrefab,Agent,MoveState,Moving,Goal,20.00,0.00,20.00,16.50,0.00,18.32,16.50,0.00,18.32,DStar
3368,14.47,AgentPrefab,Agent,MoveState,Moving,Goal,20.00,0.00,20.00,16.50,0.00,18.32,16.51,0.00,18.33,DStar
3369,14.48,AgentPrefab,Agent,MoveState,Moving,Goal,20.00,0.00,20.00,16.51,0.00,18.33,16.52,0.00,18.34,DStar
3370,14.48,AgentPrefab,Agent,MoveState,Moving,Goal,20.00,0.00,20.00,16.52,0.00,18.34,16.52,0.00,18.34,DStar
3371,14.49,AgentPrefab,Agent,MoveState,Moving,Goal,20.00,0.00,20.00,16.52,0.00,18.34,16.53,0.00,18.35,DStar
3372,14.49,AgentPrefab,Agent,MoveState,Moving,Goal,20.00,0.00,20.00,16.53,0.00,18.35,16.54,0.00,18.36,DStar
3373,14.50,AgentPrefab,Agent,MoveState,Moving,Goal,20.00,0.00,20.00,16.54,0.00,18.36,16.54,0.00,18.36,DStar
3374,14.50,AgentPrefab,Agent,MoveState,Moving,Goal,20.00,0.00,20.00,16.54,0.00,18.36,16.55,0.00,18.37,DStar
3375,14.50,AgentPrefab,Agent,MoveState,Moving,Goal,20.00,0.00,20.00,16.55,0.00,18.37,16.56,0.00,18.38,DStar
3376,14.51,AgentPrefab,Agent,MoveState,Moving,Goal,20.00,0.00,20.00,16.56,0.00,18.38,16.56,0.00,18.38,DStar
3377,14.51,AgentPrefab,Agent,MoveState,Moving,Goal,20.00,0.00,20.00,16.56,0.00,18.38,16.57,0.00,18.39,DStar
3378,14.52,AgentPrefab,Agent,MoveState,Moving,Goal,20.00,0.00,20.00,16.57,0.00,18.39,16.57,0.00,18.39,DStar
3379,14.52,AgentPrefab,Agent,MoveState,Moving,Goal,20.00,0.00,20.00,16.57,0.00,18.39,16.58,0.00,18.40,DStar
3380,14.52,AgentPrefab,Agent,MoveState,Moving,Goal,20.00,0.00,20.00,16.58,0.00,18.40,16.58,0.00,18.40,DStar
3381,14.53,AgentPrefab,Agent,MoveState,Moving,Goal,20.00,0.00,20.00,16.58,0.00,18.40,16.59,0.00,18.41,DStar
3382,14.53,AgentPrefab,Agent,MoveState,Moving,Goal,20.00,0.00,20.00,16.59,0.00,18.41,16.60,0.00,18.42,DStar
3383,14.54,AgentPrefab,Agent,MoveState,Moving,Goal,20.00,0.00,20.00,16.60,0.00,18.42,16.60,0.00,18.42,DStar
3384,14.54,AgentPrefab,Agent,MoveState,Moving,Goal,20.00,0.00,20.00,16.60,0.00,18.42,16.61,0.00,18.43,DStar
3385,14.55,AgentPrefab,Agent,MoveState,Moving,Goal,20.00,0.00,20.00,16.61,0.00,18.43,16.62,0.00,18.44,DStar
3386,14.55,AgentPrefab,Agent,MoveState,Moving,Goal,20.00,0.00,20.00,16.62,0.00,18.44,16.62,0.00,18.44,DStar
3387,14.55,AgentPrefab,Agent,MoveState,Moving,Goal,20.00,0.00,20.00,16.62,0.00,18.44,16.63,0.00,18.45,DStar
3388,14.56,AgentPrefab,Agent,MoveState,Moving,Goal,20.00,0.00,20.00,16.63,0.00,18.45,16.63,0.00,18.45,DStar
3389,14.56,AgentPrefab,Agent,MoveState,Moving,Goal,20.00,0.00,20.00,16.63,0.00,18.45,16.64,0.00,18.46,DStar
3390,14.57,AgentPrefab,Agent,MoveState,Moving,Goal,20.00,0.00,20.00,16.64,0.00,18.46,16.65,0.00,18.47,DStar
3391,14.57,AgentPrefab,Agent,MoveState,Moving,Goal,20.00,0.00,20.00,16.65,0.00,18.47,16.65,0.00,18.47,DStar
3392,14.58,AgentPrefab,Agent,MoveState,Moving,Goal,20.00,0.00,20.00,16.65,0.00,18.47,16.66,0.00,18.48,DStar
3393,14.58,AgentPrefab,Agent,MoveState,Moving,Goal,20.00,0.00,20.00,16.66,0.00,18.48,16.67,0.00,18.49,DStar
3394,14.59,AgentPrefab,Agent,MoveState,Moving,Goal,20.00,0.00,20.00,16.67,0.00,18.49,16.67,0.00,18.49,DStar
3395,14.59,AgentPrefab,Agent,MoveState,Moving,Goal,20.00,0.00,20.00,16.67,0.00,18.49,16.68,0.00,18.50,DStar
3396,14.60,AgentPrefab,Agent,MoveState,Moving,Goal,20.00,0.00,20.00,16.68,0.00,18.50,16.69,0.00,18.50,DStar
3397,14.60,AgentPrefab,Agent,MoveState,Moving,Goal,20.00,0.00,20.00,16.69,0.00,18.50,16.69,0.00,18.51,DStar
3398,14.60,AgentPrefab,Agent,MoveState,Moving,Goal,20.00,0.00,20.00,16.69,0.00,18.51,16.70,0.00,18.52,DStar
3399,14.61,AgentPrefab,Agent,MoveState,Moving,Goal,20.00,0.00,20.00,16.70,0.00,18.52,16.70,0.00,18.52,DStar
3400,14.61,AgentPrefab,Agent,MoveState,Moving,Goal,20.00,0.00,20.00,16.70,0.00,18.52,16.71,0.00,18.53,DStar
3401,14.62,AgentPrefab,Agent,MoveState,Moving,Goal,20.00,0.00,20.00,16.71,0.00,18.53,16.72,0.00,18.53,DStar
3402,14.62,AgentPrefab,Agent,MoveState,Moving,Goal,20.00,0.00,20.00,16.72,0.00,18.53,16.72,0.00,18.54,DStar
3403,14.63,AgentPrefab,Agent,MoveState,Moving,Goal,20.00,0.00,20.00,16.72,0.00,18.54,16.73,0.00,18.55,DStar
3404,14.63,AgentPrefab,Agent,MoveState,Moving,Goal,20.00,0.00,20.00,16.73,0.00,18.55,16.73,0.00,18.55,DStar
3405,14.63,AgentPrefab,Agent,MoveState,Moving,Goal,20.00,0.00,20.00,16.73,0.00,18.55,16.74,0.00,18.56,DStar
3406,14.64,AgentPrefab,Agent,MoveState,Moving,Goal,20.00,0.00,20.00,16.74,0.00,18.56,16.75,0.00,18.57,DStar
3407,14.64,AgentPrefab,Agent,MoveState,Moving,Goal,20.00,0.00,20.00,16.75,0.00,18.57,16.75,0.00,18.57,DStar
3408,14.65,AgentPrefab,Agent,MoveState,Moving,Goal,20.00,0.00,20.00,16.75,0.00,18.57,16.76,0.00,18.58,DStar
3409,14.65,AgentPrefab,Agent,MoveState,Moving,Goal,20.00,0.00,20.00,16.76,0.00,18.58,16.76,0.00,18.58,DStar
3410,14.66,AgentPrefab,Agent,MoveState,Moving,Goal,20.00,0.00,20.00,16.76,0.00,18.58,16.77,0.00,18.59,DStar
3411,14.66,AgentPrefab,Agent,MoveState,Moving,Goal,20.00,0.00,20.00,16.77,0.00,18.59,16.78,0.00,18.60,DStar
3412,14.66,AgentPrefab,Agent,MoveState,Moving,Goal,20.00,0.00,20.00,16.78,0.00,18.60,16.78,0.00,18.60,DStar
3413,14.67,AgentPrefab,Agent,MoveState,Moving,Goal,20.00,0.00,20.00,16.78,0.00,18.60,16.79,0.00,18.61,DStar
3414,14.67,AgentPrefab,Agent,MoveState,Moving,Goal,20.00,0.00,20.00,16.79,0.00,18.61,16.79,0.00,18.61,DStar
3415,14.68,AgentPrefab,Agent,MoveState,Moving,Goal,20.00,0.00,20.00,16.79,0.00,18.61,16.80,0.00,18.62,DStar
3416,14.68,AgentPrefab,Agent,MoveState,Moving,Goal,20.00,0.00,20.00,16.80,0.00,18.62,16.81,0.00,18.63,DStar
3417,14.68,AgentPrefab,Agent,MoveState,Moving,Goal,20.00,0.00,20.00,16.81,0.00,18.63,16.81,0.00,18.63,DStar
3418,14.69,AgentPrefab,Agent,MoveState,Moving,Goal,20.00,0.00,20.00,16.81,0.00,18.63,16.82,0.00,18.64,DStar
3419,14.69,AgentPrefab,Agent,MoveState,Moving,Goal,20.00,0.00,20.00,16.82,0.00,18.64,16.82,0.00,18.64,DStar
3420,14.70,AgentPrefab,Agent,MoveState,Moving,Goal,20.00,0.00,20.00,16.82,0.00,18.64,16.83,0.00,18.65,DStar
3421,14.70,AgentPrefab,Agent,MoveState,Moving,Goal,20.00,0.00,20.00,16.83,0.00,18.65,16.84,0.00,18.65,DStar
3422,14.71,AgentPrefab,Agent,MoveState,Moving,Goal,20.00,0.00,20.00,16.84,0.00,18.65,16.84,0.00,18.66,DStar
3423,14.71,AgentPrefab,Agent,MoveState,Moving,Goal,20.00,0.00,20.00,16.84,0.00,18.66,16.85,0.00,18.67,DStar
3424,14.71,AgentPrefab,Agent,MoveState,Moving,Goal,20.00,0.00,20.00,16.85,0.00,18.67,16.85,0.00,18.67,DStar
3425,14.72,AgentPrefab,Agent,MoveState,Moving,Goal,20.00,0.00,20.00,16.85,0.00,18.67,16.86,0.00,18.68,DStar
3426,14.72,AgentPrefab,Agent,MoveState,Moving,Goal,20.00,0.00,20.00,16.86,0.00,18.68,16.87,0.00,18.69,DStar
3427,14.73,AgentPrefab,Agent,MoveState,Moving,Goal,20.00,0.00,20.00,16.87,0.00,18.69,16.87,0.00,18.69,DStar
3428,14.73,AgentPrefab,Agent,MoveState,Moving,Goal,20.00,0.00,20.00,16.87,0.00,18.69,16.88,0.00,18.70,DStar
3429,14.74,AgentPrefab,Agent,MoveState,Moving,Goal,20.00,0.00,20.00,16.88,0.00,18.70,16.89,0.00,18.71,DStar
3430,14.74,AgentPrefab,Agent,MoveState,Moving,Goal,20.00,0.00,20.00,16.89,0.00,18.71,16.90,0.00,18.72,DStar
3431,14.75,AgentPrefab,Agent,MoveState,Moving,Goal,20.00,0.00,20.00,16.90,0.00,18.72,16.90,0.00,18.72,DStar
3432,14.75,AgentPrefab,Agent,MoveState,Moving,Goal,20.00,0.00,20.00,16.90,0.00,18.72,16.91,0.00,18.73,DStar
3433,14.75,AgentPrefab,Agent,MoveState,Moving,Goal,20.00,0.00,20.00,16.91,0.00,18.73,16.91,0.00,18.73,DStar
3434,14.76,AgentPrefab,Agent,MoveState,Moving,Goal,20.00,0.00,20.00,16.91,0.00,18.73,16.92,0.00,18.74,DStar
3435,14.76,AgentPrefab,Agent,MoveState,Moving,Goal,20.00,0.00,20.00,16.92,0.00,18.74,16.93,0.00,18.75,DStar
3436,14.77,AgentPrefab,Agent,MoveState,Moving,Goal,20.00,0.00,20.00,16.93,0.00,18.75,16.93,0.00,18.75,DStar
3437,14.77,AgentPrefab,Agent,MoveState,Moving,Goal,20.00,0.00,20.00,16.93,0.00,18.75,16.94,0.00,18.76,DStar
3438,14.78,AgentPrefab,Agent,MoveState,Moving,Goal,20.00,0.00,20.00,16.94,0.00,18.76,16.94,0.00,18.76,DStar
3439,14.78,AgentPrefab,Agent,MoveState,Moving,Goal,20.00,0.00,20.00,16.94,0.00,18.76,16.95,0.00,18.77,DStar
3440,14.78,AgentPrefab,Agent,MoveState,Moving,Goal,20.00,0.00,20.00,16.95,0.00,18.77,16.95,0.00,18.77,DStar
3441,14.79,AgentPrefab,Agent,MoveState,Moving,Goal,20.00,0.00,20.00,16.95,0.00,18.77,16.96,0.00,18.78,DStar
3442,14.79,AgentPrefab,Agent,MoveState,Moving,Goal,20.00,0.00,20.00,16.96,0.00,18.78,16.97,0.00,18.79,DStar
3443,14.80,AgentPrefab,Agent,MoveState,Moving,Goal,20.00,0.00,20.00,16.97,0.00,18.79,16.97,0.00,18.79,DStar
3444,14.80,AgentPrefab,Agent,MoveState,Moving,Goal,20.00,0.00,20.00,16.97,0.00,18.79,16.98,0.00,18.80,DStar
3445,14.81,AgentPrefab,Agent,MoveState,Moving,Goal,20.00,0.00,20.00,16.98,0.00,18.80,16.98,0.00,18.80,DStar
3446,14.81,AgentPrefab,Agent,MoveState,Moving,Goal,20.00,0.00,20.00,16.98,0.00,18.80,16.99,0.00,18.81,DStar
3447,14.81,AgentPrefab,Agent,MoveState,Moving,Goal,20.00,0.00,20.00,16.99,0.00,18.81,17.00,0.00,18.82,DStar
3448,14.82,AgentPrefab,Agent,MoveState,Moving,Goal,20.00,0.00,20.00,17.00,0.00,18.82,17.00,0.00,18.82,DStar
3449,14.82,AgentPrefab,Agent,MoveState,Moving,Goal,20.00,0.00,20.00,17.00,0.00,18.82,17.01,0.00,18.83,DStar
3450,14.83,AgentPrefab,Agent,MoveState,Moving,Goal,20.00,0.00,20.00,17.01,0.00,18.83,17.02,0.00,18.84,DStar
3451,14.83,AgentPrefab,Agent,MoveState,Moving,Goal,20.00,0.00,20.00,17.02,0.00,18.84,17.02,0.00,18.84,DStar
3452,14.84,AgentPrefab,Agent,MoveState,Moving,Goal,20.00,0.00,20.00,17.02,0.00,18.84,17.03,0.00,18.85,DStar
3453,14.84,AgentPrefab,Agent,MoveState,Moving,Goal,20.00,0.00,20.00,17.03,0.00,18.85,17.03,0.00,18.85,DStar
3454,14.84,AgentPrefab,Agent,MoveState,Moving,Goal,20.00,0.00,20.00,17.03,0.00,18.85,17.04,0.00,18.86,DStar
3455,14.85,AgentPrefab,Agent,MoveState,Moving,Goal,20.00,0.00,20.00,17.04,0.00,18.86,17.05,0.00,18.87,DStar
3456,14.85,AgentPrefab,Agent,MoveState,Moving,Goal,20.00,0.00,20.00,17.05,0.00,18.87,17.05,0.00,18.87,DStar
3457,14.86,AgentPrefab,Agent,MoveState,Moving,Goal,20.00,0.00,20.00,17.05,0.00,18.87,17.06,0.00,18.88,DStar
3458,14.86,AgentPrefab,Agent,MoveState,Moving,Goal,20.00,0.00,20.00,17.06,0.00,18.88,17.06,0.00,18.88,DStar
3459,14.86,AgentPrefab,Agent,MoveState,Moving,Goal,20.00,0.00,20.00,17.06,0.00,18.88,17.07,0.00,18.89,DStar
3460,14.87,AgentPrefab,Agent,MoveState,Moving,Goal,20.00,0.00,20.00,17.07,0.00,18.89,17.07,0.00,18.89,DStar
3461,14.87,AgentPrefab,Agent,MoveState,Moving,Goal,20.00,0.00,20.00,17.07,0.00,18.89,17.08,0.00,18.90,DStar
3462,14.88,AgentPrefab,Agent,MoveState,Moving,Goal,20.00,0.00,20.00,17.08,0.00,18.90,17.09,0.00,18.91,DStar
3463,14.88,AgentPrefab,Agent,MoveState,Moving,Goal,20.00,0.00,20.00,17.09,0.00,18.91,17.09,0.00,18.91,DStar
3464,14.89,AgentPrefab,Agent,MoveState,Moving,Goal,20.00,0.00,20.00,17.09,0.00,18.91,17.10,0.00,18.92,DStar
3465,14.89,AgentPrefab,Agent,MoveState,Moving,Goal,20.00,0.00,20.00,17.10,0.00,18.92,17.11,0.00,18.93,DStar
3466,14.90,AgentPrefab,Agent,MoveState,Moving,Goal,20.00,0.00,20.00,17.11,0.00,18.93,17.11,0.00,18.93,DStar
3467,14.90,AgentPrefab,Agent,MoveState,Moving,Goal,20.00,0.00,20.00,17.11,0.00,18.93,17.12,0.00,18.94,DStar
3468,14.90,AgentPrefab,Agent,MoveState,Moving,Goal,20.00,0.00,20.00,17.12,0.00,18.94,17.12,0.00,18.94,DStar
3469,14.91,AgentPrefab,Agent,MoveState,Moving,Goal,20.00,0.00,20.00,17.12,0.00,18.94,17.13,0.00,18.95,DStar
3470,14.91,AgentPrefab,Agent,MoveState,Moving,Goal,20.00,0.00,20.00,17.13,0.00,18.95,17.14,0.00,18.96,DStar
3471,14.92,AgentPrefab,Agent,MoveState,Moving,Goal,20.00,0.00,20.00,17.14,0.00,18.96,17.14,0.00,18.96,DStar
3472,14.92,AgentPrefab,Agent,MoveState,Moving,Goal,20.00,0.00,20.00,17.14,0.00,18.96,17.15,0.00,18.97,DStar
3473,14.93,AgentPrefab,Agent,MoveState,Moving,Goal,20.00,0.00,20.00,17.15,0.00,18.97,17.16,0.00,18.98,DStar
3474,14.93,AgentPrefab,Agent,MoveState,Moving,Goal,20.00,0.00,20.00,17.16,0.00,18.98,17.16,0.00,18.98,DStar
3475,14.93,AgentPrefab,Agent,MoveState,Moving,Goal,20.00,0.00,20.00,17.16,0.00,18.98,17.17,0.00,18.99,DStar
3476,14.94,AgentPrefab,Agent,MoveState,Moving,Goal,20.00,0.00,20.00,17.17,0.00,18.99,17.17,0.00,18.99,DStar
3477,14.94,AgentPrefab,Agent,MoveState,Moving,Goal,20.00,0.00,20.00,17.17,0.00,18.99,17.18,0.00,19.00,DStar
3478,14.95,AgentPrefab,Agent,MoveState,Moving,Goal,20.00,0.00,20.00,17.18,0.00,19.00,17.19,0.00,19.01,DStar
3479,14.95,AgentPrefab,Agent,MoveState,Moving,Goal,20.00,0.00,20.00,17.19,0.00,19.01,17.19,0.00,19.01,DStar
3480,14.96,AgentPrefab,Agent,MoveState,Moving,Goal,20.00,0.00,20.00,17.19,0.00,19.01,17.20,0.00,19.02,DStar
3481,14.96,AgentPrefab,Agent,MoveState,Moving,Goal,20.00,0.00,20.00,17.20,0.00,19.02,17.20,0.00,19.02,DStar
3482,14.96,AgentPrefab,Agent,MoveState,Moving,Goal,20.00,0.00,20.00,17.20,0.00,19.02,17.21,0.00,19.03,DStar
3483,14.97,AgentPrefab,Agent,MoveState,Moving,Goal,20.00,0.00,20.00,17.21,0.00,19.03,17.22,0.00,19.04,DStar
3484,14.97,AgentPrefab,Agent,MoveState,Moving,Goal,20.00,0.00,20.00,17.22,0.00,19.04,17.22,0.00,19.04,DStar
3485,14.98,AgentPrefab,Agent,MoveState,Moving,Goal,20.00,0.00,20.00,17.22,0.00,19.04,17.23,0.00,19.05,DStar
3486,14.98,AgentPrefab,Agent,MoveState,Moving,Goal,20.00,0.00,20.00,17.23,0.00,19.05,17.23,0.00,19.05,DStar
3487,14.99,AgentPrefab,Agent,MoveState,Moving,Goal,20.00,0.00,20.00,17.23,0.00,19.05,17.24,0.00,19.06,DStar
3488,14.99,AgentPrefab,Agent,MoveState,Moving,Goal,20.00,0.00,20.00,17.24,0.00,19.06,17.25,0.00,19.07,DStar
3489,14.99,AgentPrefab,Agent,MoveState,Moving,Goal,20.00,0.00,20.00,17.25,0.00,19.07,17.25,0.00,19.07,DStar
3490,15.00,AgentPrefab,Agent,MoveState,Moving,Goal,20.00,0.00,20.00,17.25,0.00,19.07,17.26,0.00,19.08,DStar
3491,15.00,AgentPrefab,Agent,MoveState,Moving,Goal,20.00,0.00,20.00,17.26,0.00,19.08,17.26,0.00,19.08,DStar
3492,15.01,AgentPrefab,Agent,MoveState,Moving,Goal,20.00,0.00,20.00,17.26,0.00,19.08,17.27,0.00,19.09,DStar
3493,15.01,AgentPrefab,Agent,MoveState,Moving,Goal,20.00,0.00,20.00,17.27,0.00,19.09,17.28,0.00,19.10,DStar
3494,15.02,AgentPrefab,Agent,MoveState,Moving,Goal,20.00,0.00,20.00,17.28,0.00,19.10,17.28,0.00,19.10,DStar
3495,15.02,AgentPrefab,Agent,MoveState,Moving,Goal,20.00,0.00,20.00,17.28,0.00,19.10,17.29,0.00,19.10,DStar
3496,15.03,AgentPrefab,Agent,MoveState,Moving,Goal,20.00,0.00,20.00,17.29,0.00,19.10,17.30,0.00,19.10,DStar
3497,15.03,AgentPrefab,Agent,MoveState,Moving,Goal,20.00,0.00,20.00,17.30,0.00,19.10,17.31,0.00,19.10,DStar
3498,15.04,AgentPrefab,Agent,MoveState,Moving,Goal,20.00,0.00,20.00,17.31,0.00,19.10,17.32,0.00,19.10,DStar
3499,15.04,AgentPrefab,Agent,MoveState,Moving,Goal,20.00,0.00,20.00,17.32,0.00,19.10,17.32,0.00,19.10,DStar
3500,15.05,AgentPrefab,Agent,MoveState,Moving,Goal,20.00,0.00,20.00,17.32,0.00,19.10,17.33,0.00,19.10,DStar
3501,15.05,AgentPrefab,Agent,MoveState,Moving,Goal,20.00,0.00,20.00,17.33,0.00,19.10,17.34,0.00,19.10,DStar
3502,15.05,AgentPrefab,Agent,MoveState,Moving,Goal,20.00,0.00,20.00,17.34,0.00,19.10,17.35,0.00,19.10,DStar
3503,15.06,AgentPrefab,Agent,MoveState,Moving,Goal,20.00,0.00,20.00,17.35,0.00,19.10,17.36,0.00,19.10,DStar
3504,15.06,AgentPrefab,Agent,MoveState,Moving,Goal,20.00,0.00,20.00,17.36,0.00,19.10,17.37,0.00,19.10,DStar
3505,15.07,AgentPrefab,Agent,MoveState,Moving,Goal,20.00,0.00,20.00,17.37,0.00,19.10,17.38,0.00,19.10,DStar
3506,15.07,AgentPrefab,Agent,MoveState,Moving,Goal,20.00,0.00,20.00,17.38,0.00,19.10,17.39,0.00,19.10,DStar
3507,15.08,AgentPrefab,Agent,MoveState,Moving,Goal,20.00,0.00,20.00,17.39,0.00,19.10,17.40,0.00,19.10,DStar
3508,15.08,AgentPrefab,Agent,MoveState,Moving,Goal,20.00,0.00,20.00,17.40,0.00,19.10,17.40,0.00,19.10,DStar
3509,15.08,AgentPrefab,Agent,MoveState,Moving,Goal,20.00,0.00,20.00,17.40,0.00,19.10,17.41,0.00,19.10,DStar
3510,15.09,AgentPrefab,Agent,MoveState,Moving,Goal,20.00,0.00,20.00,17.41,0.00,19.10,17.42,0.00,19.10,DStar
3511,15.09,AgentPrefab,Agent,MoveState,Moving,Goal,20.00,0.00,20.00,17.42,0.00,19.10,17.43,0.00,19.10,DStar
3512,15.10,AgentPrefab,Agent,MoveState,Moving,Goal,20.00,0.00,20.00,17.43,0.00,19.10,17.44,0.00,19.10,DStar
3513,15.10,AgentPrefab,Agent,MoveState,Moving,Goal,20.00,0.00,20.00,17.44,0.00,19.10,17.45,0.00,19.10,DStar
3514,15.11,AgentPrefab,Agent,MoveState,Moving,Goal,20.00,0.00,20.00,17.45,0.00,19.10,17.45,0.00,19.10,DStar
3515,15.11,AgentPrefab,Agent,MoveState,Moving,Goal,20.00,0.00,20.00,17.45,0.00,19.10,17.46,0.00,19.10,DStar
3516,15.11,AgentPrefab,Agent,MoveState,Moving,Goal,20.00,0.00,20.00,17.46,0.00,19.10,17.47,0.00,19.10,DStar
3517,15.12,AgentPrefab,Agent,MoveState,Moving,Goal,20.00,0.00,20.00,17.47,0.00,19.10,17.48,0.00,19.10,DStar
3518,15.12,AgentPrefab,Agent,MoveState,Moving,Goal,20.00,0.00,20.00,17.48,0.00,19.10,17.49,0.00,19.10,DStar
3519,15.13,AgentPrefab,Agent,MoveState,Moving,Goal,20.00,0.00,20.00,17.49,0.00,19.10,17.50,0.00,19.10,DStar
3520,15.13,AgentPrefab,Agent,MoveState,Moving,Goal,20.00,0.00,20.00,17.50,0.00,19.10,17.51,0.00,19.10,DStar
3521,15.14,AgentPrefab,Agent,MoveState,Moving,Goal,20.00,0.00,20.00,17.51,0.00,19.10,17.51,0.00,19.10,DStar
3522,15.14,AgentPrefab,Agent,MoveState,Moving,Goal,20.00,0.00,20.00,17.51,0.00,19.10,17.52,0.00,19.10,DStar
3523,15.14,AgentPrefab,Agent,MoveState,Moving,Goal,20.00,0.00,20.00,17.52,0.00,19.10,17.53,0.00,19.10,DStar
3524,15.15,AgentPrefab,Agent,MoveState,Moving,Goal,20.00,0.00,20.00,17.53,0.00,19.10,17.54,0.00,19.10,DStar
3525,15.15,AgentPrefab,Agent,MoveState,Moving,Goal,20.00,0.00,20.00,17.54,0.00,19.10,17.55,0.00,19.10,DStar
3526,15.16,AgentPrefab,Agent,MoveState,Moving,Goal,20.00,0.00,20.00,17.55,0.00,19.10,17.56,0.00,19.10,DStar
3527,15.16,AgentPrefab,Agent,MoveState,Moving,Goal,20.00,0.00,20.00,17.56,0.00,19.10,17.57,0.00,19.10,DStar
3528,15.17,AgentPrefab,Agent,MoveState,Moving,Goal,20.00,0.00,20.00,17.57,0.00,19.10,17.57,0.00,19.10,DStar
3529,15.17,AgentPrefab,Agent,MoveState,Moving,Goal,20.00,0.00,20.00,17.57,0.00,19.10,17.58,0.00,19.10,DStar
3530,15.17,AgentPrefab,Agent,MoveState,Moving,Goal,20.00,0.00,20.00,17.58,0.00,19.10,17.59,0.00,19.10,DStar
3531,15.18,AgentPrefab,Agent,MoveState,Moving,Goal,20.00,0.00,20.00,17.59,0.00,19.10,17.60,0.00,19.10,DStar
3532,15.18,AgentPrefab,Agent,MoveState,Moving,Goal,20.00,0.00,20.00,17.60,0.00,19.10,17.61,0.00,19.10,DStar
3533,15.19,AgentPrefab,Agent,MoveState,Moving,Goal,20.00,0.00,20.00,17.61,0.00,19.10,17.62,0.00,19.10,DStar
3534,15.19,AgentPrefab,Agent,MoveState,Moving,Goal,20.00,0.00,20.00,17.62,0.00,19.10,17.62,0.00,19.10,DStar
3535,15.20,AgentPrefab,Agent,MoveState,Moving,Goal,20.00,0.00,20.00,17.62,0.00,19.10,17.63,0.00,19.10,DStar
3536,15.20,AgentPrefab,Agent,MoveState,Moving,Goal,20.00,0.00,20.00,17.63,0.00,19.10,17.64,0.00,19.10,DStar
3537,15.20,AgentPrefab,Agent,MoveState,Moving,Goal,20.00,0.00,20.00,17.64,0.00,19.10,17.65,0.00,19.10,DStar
3538,15.21,AgentPrefab,Agent,MoveState,Moving,Goal,20.00,0.00,20.00,17.65,0.00,19.10,17.66,0.00,19.10,DStar
3539,15.21,AgentPrefab,Agent,MoveState,Moving,Goal,20.00,0.00,20.00,17.66,0.00,19.10,17.67,0.00,19.10,DStar
3540,15.22,AgentPrefab,Agent,MoveState,Moving,Goal,20.00,0.00,20.00,17.67,0.00,19.10,17.68,0.00,19.10,DStar
3541,15.22,AgentPrefab,Agent,MoveState,Moving,Goal,20.00,0.00,20.00,17.68,0.00,19.10,17.69,0.00,19.10,DStar
3542,15.23,AgentPrefab,Agent,MoveState,Moving,Goal,20.00,0.00,20.00,17.69,0.00,19.10,17.70,0.00,19.10,DStar
3543,15.23,AgentPrefab,Agent,MoveState,Moving,Goal,20.00,0.00,20.00,17.70,0.00,19.10,17.70,0.00,19.10,DStar
3544,15.23,AgentPrefab,Agent,MoveState,Moving,Goal,20.00,0.00,20.00,17.70,0.00,19.10,17.71,0.00,19.10,DStar
3545,15.24,AgentPrefab,Agent,MoveState,Moving,Goal,20.00,0.00,20.00,17.71,0.00,19.10,17.72,0.00,19.10,DStar
3546,15.24,AgentPrefab,Agent,MoveState,Moving,Goal,20.00,0.00,20.00,17.72,0.00,19.10,17.73,0.00,19.10,DStar
3547,15.25,AgentPrefab,Agent,MoveState,Moving,Goal,20.00,0.00,20.00,17.73,0.00,19.10,17.74,0.00,19.10,DStar
3548,15.25,AgentPrefab,Agent,MoveState,Moving,Goal,20.00,0.00,20.00,17.74,0.00,19.10,17.75,0.00,19.10,DStar
3549,15.26,AgentPrefab,Agent,MoveState,Moving,Goal,20.00,0.00,20.00,17.75,0.00,19.10,17.76,0.00,19.10,DStar
3550,15.26,AgentPrefab,Agent,MoveState,Moving,Goal,20.00,0.00,20.00,17.76,0.00,19.10,17.77,0.00,19.10,DStar
3551,15.27,AgentPrefab,Agent,MoveState,Moving,Goal,20.00,0.00,20.00,17.77,0.00,19.10,17.77,0.00,19.10,DStar
3552,15.27,AgentPrefab,Agent,MoveState,Moving,Goal,20.00,0.00,20.00,17.77,0.00,19.10,17.78,0.00,19.10,DStar
3553,15.27,AgentPrefab,Agent,MoveState,Moving,Goal,20.00,0.00,20.00,17.78,0.00,19.10,17.79,0.00,19.10,DStar
3554,15.28,AgentPrefab,Agent,MoveState,Moving,Goal,20.00,0.00,20.00,17.79,0.00,19.10,17.80,0.00,19.10,DStar
3555,15.28,AgentPrefab,Agent,MoveState,Moving,Goal,20.00,0.00,20.00,17.80,0.00,19.10,17.81,0.00,19.10,DStar
3556,15.29,AgentPrefab,Agent,MoveState,Moving,Goal,20.00,0.00,20.00,17.81,0.00,19.10,17.82,0.00,19.10,DStar
3557,15.29,AgentPrefab,Agent,MoveState,Moving,Goal,20.00,0.00,20.00,17.82,0.00,19.10,17.82,0.00,19.10,DStar
3558,15.30,AgentPrefab,Agent,MoveState,Moving,Goal,20.00,0.00,20.00,17.82,0.00,19.10,17.83,0.00,19.10,DStar
3559,15.30,AgentPrefab,Agent,MoveState,Moving,Goal,20.00,0.00,20.00,17.83,0.00,19.10,17.84,0.00,19.10,DStar
3560,15.30,AgentPrefab,Agent,MoveState,Moving,Goal,20.00,0.00,20.00,17.84,0.00,19.10,17.85,0.00,19.10,DStar
3561,15.31,AgentPrefab,Agent,MoveState,Moving,Goal,20.00,0.00,20.00,17.85,0.00,19.10,17.86,0.00,19.10,DStar
3562,15.31,AgentPrefab,Agent,MoveState,Moving,Goal,20.00,0.00,20.00,17.86,0.00,19.10,17.87,0.00,19.10,DStar
3563,15.32,AgentPrefab,Agent,MoveState,Moving,Goal,20.00,0.00,20.00,17.87,0.00,19.10,17.88,0.00,19.10,DStar
3564,15.32,AgentPrefab,Agent,MoveState,Moving,Goal,20.00,0.00,20.00,17.88,0.00,19.10,17.89,0.00,19.10,DStar
3565,15.33,AgentPrefab,Agent,MoveState,Moving,Goal,20.00,0.00,20.00,17.89,0.00,19.10,17.90,0.00,19.10,DStar
3566,15.33,AgentPrefab,Agent,MoveState,Moving,Goal,20.00,0.00,20.00,17.90,0.00,19.10,17.90,0.00,19.10,DStar
3567,15.33,AgentPrefab,Agent,MoveState,Moving,Goal,20.00,0.00,20.00,17.90,0.00,19.10,17.91,0.00,19.10,DStar
3568,15.34,AgentPrefab,Agent,MoveState,Moving,Goal,20.00,0.00,20.00,17.91,0.00,19.10,17.92,0.00,19.10,DStar
3569,15.34,AgentPrefab,Agent,MoveState,Moving,Goal,20.00,0.00,20.00,17.92,0.00,19.10,17.93,0.00,19.10,DStar
3570,15.35,AgentPrefab,Agent,MoveState,Moving,Goal,20.00,0.00,20.00,17.93,0.00,19.10,17.94,0.00,19.10,DStar
3571,15.35,AgentPrefab,Agent,MoveState,Moving,Goal,20.00,0.00,20.00,17.94,0.00,19.10,17.94,0.00,19.10,DStar
3572,15.35,AgentPrefab,Agent,MoveState,Moving,Goal,20.00,0.00,20.00,17.94,0.00,19.10,17.95,0.00,19.10,DStar
3573,15.36,AgentPrefab,Agent,MoveState,Moving,Goal,20.00,0.00,20.00,17.95,0.00,19.10,17.96,0.00,19.10,DStar
3574,15.36,AgentPrefab,Agent,MoveState,Moving,Goal,20.00,0.00,20.00,17.96,0.00,19.10,17.97,0.00,19.10,DStar
3575,15.37,AgentPrefab,Agent,MoveState,Moving,Goal,20.00,0.00,20.00,17.97,0.00,19.10,17.98,0.00,19.10,DStar
3576,15.37,AgentPrefab,Agent,MoveState,Moving,Goal,20.00,0.00,20.00,17.98,0.00,19.10,17.99,0.00,19.10,DStar
3577,15.38,AgentPrefab,Agent,MoveState,Moving,Goal,20.00,0.00,20.00,17.99,0.00,19.10,18.00,0.00,19.10,DStar
3578,15.38,AgentPrefab,Agent,MoveState,Moving,Goal,20.00,0.00,20.00,18.00,0.00,19.10,18.01,0.00,19.10,DStar
3579,15.39,AgentPrefab,Agent,MoveState,Moving,Goal,20.00,0.00,20.00,18.01,0.00,19.10,18.01,0.00,19.10,DStar
3580,15.39,AgentPrefab,Agent,MoveState,Moving,Goal,20.00,0.00,20.00,18.01,0.00,19.10,18.02,0.00,19.10,DStar
3581,15.39,AgentPrefab,Agent,MoveState,Moving,Goal,20.00,0.00,20.00,18.02,0.00,19.10,18.03,0.00,19.10,DStar
3582,15.40,AgentPrefab,Agent,MoveState,Moving,Goal,20.00,0.00,20.00,18.03,0.00,19.10,18.04,0.00,19.10,DStar
3583,15.40,AgentPrefab,Agent,MoveState,Moving,Goal,20.00,0.00,20.00,18.04,0.00,19.10,18.05,0.00,19.10,DStar
3584,15.41,AgentPrefab,Agent,MoveState,Moving,Goal,20.00,0.00,20.00,18.05,0.00,19.10,18.06,0.00,19.10,DStar
3585,15.41,AgentPrefab,Agent,MoveState,Moving,Goal,20.00,0.00,20.00,18.06,0.00,19.10,18.07,0.00,19.10,DStar
3586,15.42,AgentPrefab,Agent,MoveState,Moving,Goal,20.00,0.00,20.00,18.07,0.00,19.10,18.08,0.00,19.10,DStar
3587,15.42,AgentPrefab,Agent,MoveState,Moving,Goal,20.00,0.00,20.00,18.08,0.00,19.10,18.08,0.00,19.10,DStar
3588,15.43,AgentPrefab,Agent,MoveState,Moving,Goal,20.00,0.00,20.00,18.08,0.00,19.10,18.09,0.00,19.10,DStar
3589,15.43,AgentPrefab,Agent,MoveState,Moving,Goal,20.00,0.00,20.00,18.09,0.00,19.10,18.10,0.00,19.10,DStar
3590,15.43,AgentPrefab,Agent,MoveState,Moving,Goal,20.00,0.00,20.00,18.10,0.00,19.10,18.11,0.00,19.10,DStar
3591,15.44,AgentPrefab,Agent,MoveState,Moving,Goal,20.00,0.00,20.00,18.11,0.00,19.10,18.12,0.00,19.10,DStar
3592,15.44,AgentPrefab,Agent,MoveState,Moving,Goal,20.00,0.00,20.00,18.12,0.00,19.10,18.13,0.00,19.10,DStar
3593,15.45,AgentPrefab,Agent,MoveState,Moving,Goal,20.00,0.00,20.00,18.13,0.00,19.10,18.14,0.00,19.10,DStar
3594,15.45,AgentPrefab,Agent,MoveState,Moving,Goal,20.00,0.00,20.00,18.14,0.00,19.10,18.14,0.00,19.10,DStar
3595,15.45,AgentPrefab,Agent,MoveState,Moving,Goal,20.00,0.00,20.00,18.14,0.00,19.10,18.15,0.00,19.10,DStar
3596,15.46,AgentPrefab,Agent,MoveState,Moving,Goal,20.00,0.00,20.00,18.15,0.00,19.10,18.16,0.00,19.10,DStar
3597,15.46,AgentPrefab,Agent,MoveState,Moving,Goal,20.00,0.00,20.00,18.16,0.00,19.10,18.17,0.00,19.10,DStar
3598,15.47,AgentPrefab,Agent,MoveState,Moving,Goal,20.00,0.00,20.00,18.17,0.00,19.10,18.18,0.00,19.10,DStar
3599,15.47,AgentPrefab,Agent,MoveState,Moving,Goal,20.00,0.00,20.00,18.18,0.00,19.10,18.19,0.00,19.10,DStar
3600,15.48,AgentPrefab,Agent,MoveState,Moving,Goal,20.00,0.00,20.00,18.19,0.00,19.10,18.20,0.00,19.10,DStar
3601,15.48,AgentPrefab,Agent,MoveState,Moving,Goal,20.00,0.00,20.00,18.20,0.00,19.10,18.21,0.00,19.10,DStar
3602,15.48,AgentPrefab,Agent,MoveState,Moving,Goal,20.00,0.00,20.00,18.21,0.00,19.10,18.21,0.00,19.10,DStar
3603,15.49,AgentPrefab,Agent,MoveState,Moving,Goal,20.00,0.00,20.00,18.21,0.00,19.10,18.22,0.00,19.10,DStar
3604,15.49,AgentPrefab,Agent,MoveState,Moving,Goal,20.00,0.00,20.00,18.22,0.00,19.10,18.23,0.00,19.10,DStar
3605,15.50,AgentPrefab,Agent,MoveState,Moving,Goal,20.00,0.00,20.00,18.23,0.00,19.10,18.24,0.00,19.10,DStar
3606,15.50,AgentPrefab,Agent,MoveState,Moving,Goal,20.00,0.00,20.00,18.24,0.00,19.10,18.25,0.00,19.10,DStar
3607,15.51,AgentPrefab,Agent,MoveState,Moving,Goal,20.00,0.00,20.00,18.25,0.00,19.10,18.26,0.00,19.10,DStar
3608,15.51,AgentPrefab,Agent,MoveState,Moving,Goal,20.00,0.00,20.00,18.26,0.00,19.10,18.27,0.00,19.10,DStar
3609,15.52,AgentPrefab,Agent,MoveState,Moving,Goal,20.00,0.00,20.00,18.27,0.00,19.10,18.27,0.00,19.10,DStar
3610,15.52,AgentPrefab,Agent,MoveState,Moving,Goal,20.00,0.00,20.00,18.28,0.00,19.10,18.28,0.00,19.10,DStar
3611,15.52,AgentPrefab,Agent,MoveState,Moving,Goal,20.00,0.00,20.00,18.28,0.00,19.10,18.29,0.00,19.11,DStar
3612,15.53,AgentPrefab,Agent,MoveState,Moving,Goal,20.00,0.00,20.00,18.29,0.00,19.11,18.29,0.00,19.11,DStar
3613,15.53,AgentPrefab,Agent,MoveState,Moving,Goal,20.00,0.00,20.00,18.29,0.00,19.11,18.30,0.00,19.12,DStar
3614,15.54,AgentPrefab,Agent,MoveState,Moving,Goal,20.00,0.00,20.00,18.30,0.00,19.12,18.31,0.00,19.13,DStar
3615,15.54,AgentPrefab,Agent,MoveState,Moving,Goal,20.00,0.00,20.00,18.31,0.00,19.13,18.31,0.00,19.13,DStar
3616,15.55,AgentPrefab,Agent,MoveState,Moving,Goal,20.00,0.00,20.00,18.31,0.00,19.13,18.32,0.00,19.14,DStar
3617,15.55,AgentPrefab,Agent,MoveState,Moving,Goal,20.00,0.00,20.00,18.32,0.00,19.14,18.33,0.00,19.15,DStar
3618,15.55,AgentPrefab,Agent,MoveState,Moving,Goal,20.00,0.00,20.00,18.33,0.00,19.15,18.33,0.00,19.15,DStar
3619,15.56,AgentPrefab,Agent,MoveState,Moving,Goal,20.00,0.00,20.00,18.33,0.00,19.15,18.34,0.00,19.16,DStar
3620,15.56,AgentPrefab,Agent,MoveState,Moving,Goal,20.00,0.00,20.00,18.34,0.00,19.16,18.34,0.00,19.16,DStar
3621,15.57,AgentPrefab,Agent,MoveState,Moving,Goal,20.00,0.00,20.00,18.34,0.00,19.16,18.35,0.00,19.17,DStar
3622,15.57,AgentPrefab,Agent,MoveState,Moving,Goal,20.00,0.00,20.00,18.35,0.00,19.17,18.36,0.00,19.18,DStar
3623,15.58,AgentPrefab,Agent,MoveState,Moving,Goal,20.00,0.00,20.00,18.36,0.00,19.18,18.36,0.00,19.18,DStar
3624,15.58,AgentPrefab,Agent,MoveState,Moving,Goal,20.00,0.00,20.00,18.36,0.00,19.18,18.37,0.00,19.19,DStar
3625,15.59,AgentPrefab,Agent,MoveState,Moving,Goal,20.00,0.00,20.00,18.37,0.00,19.19,18.38,0.00,19.20,DStar
3626,15.59,AgentPrefab,Agent,MoveState,Moving,Goal,20.00,0.00,20.00,18.38,0.00,19.20,18.38,0.00,19.20,DStar
3627,15.60,AgentPrefab,Agent,MoveState,Moving,Goal,20.00,0.00,20.00,18.38,0.00,19.20,18.39,0.00,19.21,DStar
3628,15.60,AgentPrefab,Agent,MoveState,Moving,Goal,20.00,0.00,20.00,18.39,0.00,19.21,18.40,0.00,19.22,DStar
3629,15.60,AgentPrefab,Agent,MoveState,Moving,Goal,20.00,0.00,20.00,18.40,0.00,19.22,18.40,0.00,19.22,DStar
3630,15.61,AgentPrefab,Agent,MoveState,Moving,Goal,20.00,0.00,20.00,18.40,0.00,19.22,18.41,0.00,19.23,DStar
3631,15.61,AgentPrefab,Agent,MoveState,Moving,Goal,20.00,0.00,20.00,18.41,0.00,19.23,18.41,0.00,19.23,DStar
3632,15.62,AgentPrefab,Agent,MoveState,Moving,Goal,20.00,0.00,20.00,18.41,0.00,19.23,18.42,0.00,19.24,DStar
3633,15.62,AgentPrefab,Agent,MoveState,Moving,Goal,20.00,0.00,20.00,18.42,0.00,19.24,18.43,0.00,19.25,DStar
3634,15.63,AgentPrefab,Agent,MoveState,Moving,Goal,20.00,0.00,20.00,18.43,0.00,19.25,18.43,0.00,19.25,DStar
3635,15.63,AgentPrefab,Agent,MoveState,Moving,Goal,20.00,0.00,20.00,18.43,0.00,19.25,18.44,0.00,19.26,DStar
3636,15.63,AgentPrefab,Agent,MoveState,Moving,Goal,20.00,0.00,20.00,18.44,0.00,19.26,18.45,0.00,19.27,DStar
3637,15.64,AgentPrefab,Agent,MoveState,Moving,Goal,20.00,0.00,20.00,18.45,0.00,19.27,18.45,0.00,19.27,DStar
3638,15.64,AgentPrefab,Agent,MoveState,Moving,Goal,20.00,0.00,20.00,18.45,0.00,19.27,18.46,0.00,19.28,DStar
3639,15.65,AgentPrefab,Agent,MoveState,Moving,Goal,20.00,0.00,20.00,18.46,0.00,19.28,18.46,0.00,19.28,DStar
3640,15.65,AgentPrefab,Agent,MoveState,Moving,Goal,20.00,0.00,20.00,18.46,0.00,19.28,18.47,0.00,19.29,DStar
3641,15.66,AgentPrefab,Agent,MoveState,Moving,Goal,20.00,0.00,20.00,18.47,0.00,19.29,18.48,0.00,19.30,DStar
3642,15.66,AgentPrefab,Agent,MoveState,Moving,Goal,20.00,0.00,20.00,18.48,0.00,19.30,18.48,0.00,19.30,DStar
3643,15.66,AgentPrefab,Agent,MoveState,Moving,Goal,20.00,0.00,20.00,18.48,0.00,19.30,18.49,0.00,19.31,DStar
3644,15.67,AgentPrefab,Agent,MoveState,Moving,Goal,20.00,0.00,20.00,18.49,0.00,19.31,18.49,0.00,19.31,DStar
3645,15.67,AgentPrefab,Agent,MoveState,Moving,Goal,20.00,0.00,20.00,18.49,0.00,19.31,18.50,0.00,19.32,DStar
3646,15.68,AgentPrefab,Agent,MoveState,Moving,Goal,20.00,0.00,20.00,18.50,0.00,19.32,18.51,0.00,19.33,DStar
3647,15.68,AgentPrefab,Agent,MoveState,Moving,Goal,20.00,0.00,20.00,18.51,0.00,19.33,18.51,0.00,19.33,DStar
3648,15.69,AgentPrefab,Agent,MoveState,Moving,Goal,20.00,0.00,20.00,18.51,0.00,19.33,18.52,0.00,19.34,DStar
3649,15.69,AgentPrefab,Agent,MoveState,Moving,Goal,20.00,0.00,20.00,18.52,0.00,19.34,18.52,0.00,19.34,DStar
3650,15.69,AgentPrefab,Agent,MoveState,Moving,Goal,20.00,0.00,20.00,18.52,0.00,19.34,18.53,0.00,19.35,DStar
3651,15.70,AgentPrefab,Agent,MoveState,Moving,Goal,20.00,0.00,20.00,18.53,0.00,19.35,18.54,0.00,19.36,DStar
3652,15.70,AgentPrefab,Agent,MoveState,Moving,Goal,20.00,0.00,20.00,18.54,0.00,19.36,18.54,0.00,19.36,DStar
3653,15.71,AgentPrefab,Agent,MoveState,Moving,Goal,20.00,0.00,20.00,18.54,0.00,19.36,18.55,0.00,19.37,DStar
3654,15.71,AgentPrefab,Agent,MoveState,Moving,Goal,20.00,0.00,20.00,18.55,0.00,19.37,18.56,0.00,19.38,DStar
3655,15.72,AgentPrefab,Agent,MoveState,Moving,Goal,20.00,0.00,20.00,18.56,0.00,19.38,18.56,0.00,19.38,DStar
3656,15.72,AgentPrefab,Agent,MoveState,Moving,Goal,20.00,0.00,20.00,18.56,0.00,19.38,18.57,0.00,19.39,DStar
3657,15.72,AgentPrefab,Agent,MoveState,Moving,Goal,20.00,0.00,20.00,18.57,0.00,19.39,18.57,0.00,19.39,DStar
3658,15.73,AgentPrefab,Agent,MoveState,Moving,Goal,20.00,0.00,20.00,18.57,0.00,19.39,18.58,0.00,19.40,DStar
3659,15.73,AgentPrefab,Agent,MoveState,Moving,Goal,20.00,0.00,20.00,18.58,0.00,19.40,18.58,0.00,19.40,DStar
3660,15.74,AgentPrefab,Agent,MoveState,Moving,Goal,20.00,0.00,20.00,18.58,0.00,19.40,18.59,0.00,19.41,DStar
3661,15.74,AgentPrefab,Agent,MoveState,Moving,Goal,20.00,0.00,20.00,18.59,0.00,19.41,18.60,0.00,19.42,DStar
3662,15.75,AgentPrefab,Agent,MoveState,Moving,Goal,20.00,0.00,20.00,18.60,0.00,19.42,18.61,0.00,19.43,DStar
3663,15.75,AgentPrefab,Agent,MoveState,Moving,Goal,20.00,0.00,20.00,18.61,0.00,19.43,18.61,0.00,19.43,DStar
3664,15.76,AgentPrefab,Agent,MoveState,Moving,Goal,20.00,0.00,20.00,18.61,0.00,19.43,18.62,0.00,19.44,DStar
3665,15.76,AgentPrefab,Agent,MoveState,Moving,Goal,20.00,0.00,20.00,18.62,0.00,19.44,18.62,0.00,19.44,DStar
3666,15.76,AgentPrefab,Agent,MoveState,Moving,Goal,20.00,0.00,20.00,18.62,0.00,19.44,18.63,0.00,19.45,DStar
3667,15.77,AgentPrefab,Agent,MoveState,Moving,Goal,20.00,0.00,20.00,18.63,0.00,19.45,18.64,0.00,19.46,DStar
3668,15.77,AgentPrefab,Agent,MoveState,Moving,Goal,20.00,0.00,20.00,18.64,0.00,19.46,18.64,0.00,19.46,DStar
3669,15.78,AgentPrefab,Agent,MoveState,Moving,Goal,20.00,0.00,20.00,18.64,0.00,19.46,18.65,0.00,19.47,DStar
3670,15.78,AgentPrefab,Agent,MoveState,Moving,Goal,20.00,0.00,20.00,18.65,0.00,19.47,18.65,0.00,19.47,DStar
3671,15.79,AgentPrefab,Agent,MoveState,Moving,Goal,20.00,0.00,20.00,18.65,0.00,19.47,18.66,0.00,19.48,DStar
3672,15.79,AgentPrefab,Agent,MoveState,Moving,Goal,20.00,0.00,20.00,18.66,0.00,19.48,18.67,0.00,19.49,DStar
3673,15.79,AgentPrefab,Agent,MoveState,Moving,Goal,20.00,0.00,20.00,18.67,0.00,19.49,18.67,0.00,19.49,DStar
3674,15.80,AgentPrefab,Agent,MoveState,Moving,Goal,20.00,0.00,20.00,18.67,0.00,19.49,18.68,0.00,19.50,DStar
3675,15.80,AgentPrefab,Agent,MoveState,Moving,Goal,20.00,0.00,20.00,18.68,0.00,19.50,18.68,0.00,19.50,DStar
3676,15.81,AgentPrefab,Agent,MoveState,Moving,Goal,20.00,0.00,20.00,18.68,0.00,19.50,18.69,0.00,19.51,DStar
3677,15.81,AgentPrefab,Agent,MoveState,Moving,Goal,20.00,0.00,20.00,18.69,0.00,19.51,18.70,0.00,19.52,DStar
3678,15.82,AgentPrefab,Agent,MoveState,Moving,Goal,20.00,0.00,20.00,18.70,0.00,19.52,18.70,0.00,19.52,DStar
3679,15.82,AgentPrefab,Agent,MoveState,Moving,Goal,20.00,0.00,20.00,18.70,0.00,19.52,18.71,0.00,19.53,DStar
3680,15.83,AgentPrefab,Agent,MoveState,Moving,Goal,20.00,0.00,20.00,18.71,0.00,19.53,18.72,0.00,19.54,DStar
3681,15.83,AgentPrefab,Agent,MoveState,Moving,Goal,20.00,0.00,20.00,18.72,0.00,19.54,18.72,0.00,19.54,DStar
3682,15.83,AgentPrefab,Agent,MoveState,Moving,Goal,20.00,0.00,20.00,18.72,0.00,19.54,18.73,0.00,19.55,DStar
3683,15.84,AgentPrefab,Agent,MoveState,Moving,Goal,20.00,0.00,20.00,18.73,0.00,19.55,18.73,0.00,19.55,DStar
3684,15.84,AgentPrefab,Agent,MoveState,Moving,Goal,20.00,0.00,20.00,18.73,0.00,19.55,18.74,0.00,19.56,DStar
3685,15.85,AgentPrefab,Agent,MoveState,Moving,Goal,20.00,0.00,20.00,18.74,0.00,19.56,18.75,0.00,19.57,DStar
3686,15.85,AgentPrefab,Agent,MoveState,Moving,Goal,20.00,0.00,20.00,18.75,0.00,19.57,18.75,0.00,19.57,DStar
3687,15.86,AgentPrefab,Agent,MoveState,Moving,Goal,20.00,0.00,20.00,18.75,0.00,19.57,18.76,0.00,19.58,DStar
3688,15.86,AgentPrefab,Agent,MoveState,Moving,Goal,20.00,0.00,20.00,18.76,0.00,19.58,18.76,0.00,19.58,DStar
3689,15.86,AgentPrefab,Agent,MoveState,Moving,Goal,20.00,0.00,20.00,18.76,0.00,19.58,18.77,0.00,19.59,DStar
3690,15.87,AgentPrefab,Agent,MoveState,Moving,Goal,20.00,0.00,20.00,18.77,0.00,19.59,18.78,0.00,19.60,DStar
3691,15.87,AgentPrefab,Agent,MoveState,Moving,Goal,20.00,0.00,20.00,18.78,0.00,19.60,18.78,0.00,19.60,DStar
3692,15.88,AgentPrefab,Agent,MoveState,Moving,Goal,20.00,0.00,20.00,18.78,0.00,19.60,18.79,0.00,19.61,DStar
3693,15.88,AgentPrefab,Agent,MoveState,Moving,Goal,20.00,0.00,20.00,18.79,0.00,19.61,18.79,0.00,19.61,DStar
3694,15.89,AgentPrefab,Agent,MoveState,Moving,Goal,20.00,0.00,20.00,18.79,0.00,19.61,18.80,0.00,19.62,DStar
3695,15.89,AgentPrefab,Agent,MoveState,Moving,Goal,20.00,0.00,20.00,18.80,0.00,19.62,18.81,0.00,19.63,DStar
3696,15.89,AgentPrefab,Agent,MoveState,Moving,Goal,20.00,0.00,20.00,18.81,0.00,19.63,18.81,0.00,19.63,DStar
3697,15.90,AgentPrefab,Agent,MoveState,Moving,Goal,20.00,0.00,20.00,18.81,0.00,19.63,18.82,0.00,19.64,DStar
3698,15.90,AgentPrefab,Agent,MoveState,Moving,Goal,20.00,0.00,20.00,18.82,0.00,19.64,18.82,0.00,19.64,DStar
3699,15.91,AgentPrefab,Agent,MoveState,Moving,Goal,20.00,0.00,20.00,18.82,0.00,19.64,18.83,0.00,19.65,DStar
3700,15.91,AgentPrefab,Agent,MoveState,Moving,Goal,20.00,0.00,20.00,18.83,0.00,19.65,18.84,0.00,19.66,DStar
3701,15.92,AgentPrefab,Agent,MoveState,Moving,Goal,20.00,0.00,20.00,18.84,0.00,19.66,18.84,0.00,19.66,DStar
3702,15.92,AgentPrefab,Agent,MoveState,Moving,Goal,20.00,0.00,20.00,18.84,0.00,19.66,18.85,0.00,19.67,DStar
3703,15.92,AgentPrefab,Agent,MoveState,Moving,Goal,20.00,0.00,20.00,18.85,0.00,19.67,18.86,0.00,19.68,DStar
3704,15.93,AgentPrefab,Agent,MoveState,Moving,Goal,20.00,0.00,20.00,18.86,0.00,19.68,18.86,0.00,19.68,DStar
3705,15.93,AgentPrefab,Agent,MoveState,Moving,Goal,20.00,0.00,20.00,18.86,0.00,19.68,18.87,0.00,19.69,DStar
3706,15.94,AgentPrefab,Agent,MoveState,Moving,Goal,20.00,0.00,20.00,18.87,0.00,19.69,18.87,0.00,19.69,DStar
3707,15.94,AgentPrefab,Agent,MoveState,Moving,Goal,20.00,0.00,20.00,18.87,0.00,19.69,18.88,0.00,19.70,DStar
3708,15.95,AgentPrefab,Agent,MoveState,Moving,Goal,20.00,0.00,20.00,18.88,0.00,19.70,18.89,0.00,19.71,DStar
3709,15.95,AgentPrefab,Agent,MoveState,Moving,Goal,20.00,0.00,20.00,18.89,0.00,19.71,18.89,0.00,19.71,DStar
3710,15.95,AgentPrefab,Agent,MoveState,Moving,Goal,20.00,0.00,20.00,18.89,0.00,19.71,18.90,0.00,19.72,DStar
3711,15.96,AgentPrefab,Agent,MoveState,Moving,Goal,20.00,0.00,20.00,18.90,0.00,19.72,18.90,0.00,19.72,DStar
3712,15.96,AgentPrefab,Agent,MoveState,Moving,Goal,20.00,0.00,20.00,18.90,0.00,19.72,18.91,0.00,19.73,DStar
3713,15.97,AgentPrefab,Agent,MoveState,Moving,Goal,20.00,0.00,20.00,18.91,0.00,19.73,18.92,0.00,19.74,DStar
3714,15.97,AgentPrefab,Agent,MoveState,Moving,Goal,20.00,0.00,20.00,18.92,0.00,19.74,18.92,0.00,19.74,DStar
3715,15.98,AgentPrefab,Agent,MoveState,Moving,Goal,20.00,0.00,20.00,18.92,0.00,19.74,18.93,0.00,19.75,DStar
3716,15.98,AgentPrefab,Agent,MoveState,Moving,Goal,20.00,0.00,20.00,18.93,0.00,19.75,18.94,0.00,19.76,DStar
3717,15.99,AgentPrefab,Agent,MoveState,Moving,Goal,20.00,0.00,20.00,18.94,0.00,19.76,18.94,0.00,19.76,DStar
3718,15.99,AgentPrefab,Agent,MoveState,Moving,Goal,20.00,0.00,20.00,18.94,0.00,19.76,18.95,0.00,19.77,DStar
3719,16.00,AgentPrefab,Agent,MoveState,Moving,Goal,20.00,0.00,20.00,18.95,0.00,19.77,18.96,0.00,19.78,DStar
3720,16.00,AgentPrefab,Agent,MoveState,Moving,Goal,20.00,0.00,20.00,18.96,0.00,19.78,18.96,0.00,19.78,DStar
3721,16.00,AgentPrefab,Agent,MoveState,Moving,Goal,20.00,0.00,20.00,18.96,0.00,19.78,18.97,0.00,19.79,DStar
3722,16.01,AgentPrefab,Agent,MoveState,Moving,Goal,20.00,0.00,20.00,18.97,0.00,19.79,18.97,0.00,19.79,DStar
3723,16.01,AgentPrefab,Agent,MoveState,Moving,Goal,20.00,0.00,20.00,18.97,0.00,19.79,18.98,0.00,19.80,DStar
3724,16.02,AgentPrefab,Agent,MoveState,Moving,Goal,20.00,0.00,20.00,18.98,0.00,19.80,18.99,0.00,19.81,DStar
3725,16.02,AgentPrefab,Agent,MoveState,Moving,Goal,20.00,0.00,20.00,18.99,0.00,19.81,18.99,0.00,19.81,DStar
3726,16.03,AgentPrefab,Agent,MoveState,Moving,Goal,20.00,0.00,20.00,18.99,0.00,19.81,19.00,0.00,19.81,DStar
3727,16.03,AgentPrefab,Agent,MoveState,Moving,Goal,20.00,0.00,20.00,19.00,0.00,19.81,19.00,0.00,19.81,DStar
3728,16.03,AgentPrefab,Agent,MoveState,Moving,Goal,20.00,0.00,20.00,19.00,0.00,19.81,19.01,0.00,19.81,DStar
3729,16.04,AgentPrefab,Agent,MoveState,Moving,Goal,20.00,0.00,20.00,19.01,0.00,19.81,19.02,0.00,19.81,DStar
3730,16.04,AgentPrefab,Agent,MoveState,Moving,Goal,20.00,0.00,20.00,19.02,0.00,19.81,19.03,0.00,19.81,DStar
3731,16.05,AgentPrefab,Agent,MoveState,Moving,Goal,20.00,0.00,20.00,19.03,0.00,19.81,19.04,0.00,19.81,DStar
3732,16.05,AgentPrefab,Agent,MoveState,Moving,Goal,20.00,0.00,20.00,19.04,0.00,19.81,19.05,0.00,19.81,DStar
3733,16.06,AgentPrefab,Agent,MoveState,Moving,Goal,20.00,0.00,20.00,19.05,0.00,19.81,19.06,0.00,19.81,DStar
3734,16.06,AgentPrefab,Agent,MoveState,Moving,Goal,20.00,0.00,20.00,19.06,0.00,19.81,19.06,0.00,19.81,DStar
3735,16.06,AgentPrefab,Agent,MoveState,Moving,Goal,20.00,0.00,20.00,19.06,0.00,19.81,19.07,0.00,19.81,DStar
3736,16.07,AgentPrefab,Agent,MoveState,Moving,Goal,20.00,0.00,20.00,19.07,0.00,19.81,19.08,0.00,19.81,DStar
3737,16.07,AgentPrefab,Agent,MoveState,Moving,Goal,20.00,0.00,20.00,19.08,0.00,19.81,19.09,0.00,19.81,DStar
3738,16.08,AgentPrefab,Agent,MoveState,Moving,Goal,20.00,0.00,20.00,19.09,0.00,19.81,19.10,0.00,19.81,DStar
3739,16.08,AgentPrefab,Agent,MoveState,Moving,Goal,20.00,0.00,20.00,19.10,0.00,19.81,19.11,0.00,19.81,DStar
3740,16.09,AgentPrefab,Agent,MoveState,Moving,Goal,20.00,0.00,20.00,19.11,0.00,19.81,19.12,0.00,19.81,DStar
3741,16.09,AgentPrefab,Agent,MoveState,Moving,Goal,20.00,0.00,20.00,19.12,0.00,19.81,19.12,0.00,19.81,DStar
3742,16.09,AgentPrefab,Agent,MoveState,Moving,Goal,20.00,0.00,20.00,19.12,0.00,19.81,19.13,0.00,19.81,DStar
3743,16.10,AgentPrefab,Agent,MoveState,Moving,Goal,20.00,0.00,20.00,19.13,0.00,19.81,19.14,0.00,19.81,DStar
3744,16.10,AgentPrefab,Agent,MoveState,Moving,Goal,20.00,0.00,20.00,19.14,0.00,19.81,19.15,0.00,19.81,DStar
3745,16.11,AgentPrefab,Agent,MoveState,Moving,Goal,20.00,0.00,20.00,19.15,0.00,19.81,19.16,0.00,19.81,DStar
3746,16.11,AgentPrefab,Agent,MoveState,Moving,Goal,20.00,0.00,20.00,19.16,0.00,19.81,19.17,0.00,19.81,DStar
3747,16.12,AgentPrefab,Agent,MoveState,Moving,Goal,20.00,0.00,20.00,19.17,0.00,19.81,19.18,0.00,19.81,DStar
3748,16.12,AgentPrefab,Agent,MoveState,Moving,Goal,20.00,0.00,20.00,19.18,0.00,19.81,19.19,0.00,19.81,DStar
3749,16.13,AgentPrefab,Agent,MoveState,Moving,Goal,20.00,0.00,20.00,19.19,0.00,19.81,19.20,0.00,19.81,DStar
3750,16.13,AgentPrefab,Agent,MoveState,Moving,Goal,20.00,0.00,20.00,19.20,0.00,19.81,19.20,0.00,19.81,DStar
3751,16.13,AgentPrefab,Agent,MoveState,Moving,Goal,20.00,0.00,20.00,19.20,0.00,19.81,19.21,0.00,19.81,DStar
3752,16.14,AgentPrefab,Agent,MoveState,Moving,Goal,20.00,0.00,20.00,19.21,0.00,19.81,19.22,0.00,19.81,DStar
3753,16.14,AgentPrefab,Agent,MoveState,Moving,Goal,20.00,0.00,20.00,19.22,0.00,19.81,19.23,0.00,19.81,DStar
3754,16.15,AgentPrefab,Agent,MoveState,Moving,Goal,20.00,0.00,20.00,19.23,0.00,19.81,19.24,0.00,19.81,DStar
3755,16.15,AgentPrefab,Agent,MoveState,Moving,Goal,20.00,0.00,20.00,19.24,0.00,19.81,19.25,0.00,19.81,DStar
3756,16.16,AgentPrefab,Agent,MoveState,Moving,Goal,20.00,0.00,20.00,19.25,0.00,19.81,19.26,0.00,19.81,DStar
3757,16.16,AgentPrefab,Agent,MoveState,Moving,Goal,20.00,0.00,20.00,19.26,0.00,19.81,19.27,0.00,19.81,DStar
3758,16.17,AgentPrefab,Agent,MoveState,Moving,Goal,20.00,0.00,20.00,19.27,0.00,19.81,19.28,0.00,19.81,DStar
3759,16.17,AgentPrefab,Agent,MoveState,Moving,Goal,20.00,0.00,20.00,19.28,0.00,19.81,19.28,0.00,19.81,DStar
3760,16.17,AgentPrefab,Agent,MoveState,Moving,Goal,20.00,0.00,20.00,19.28,0.00,19.81,19.29,0.00,19.81,DStar
3761,16.18,AgentPrefab,Agent,MoveState,Moving,Goal,20.00,0.00,20.00,19.29,0.00,19.81,19.30,0.00,19.81,DStar
3762,16.18,AgentPrefab,Agent,MoveState,Moving,Goal,20.00,0.00,20.00,19.30,0.00,19.81,19.31,0.00,19.81,DStar
3763,16.19,AgentPrefab,Agent,MoveState,Moving,Goal,20.00,0.00,20.00,19.31,0.00,19.81,19.32,0.00,19.81,DStar
3764,16.19,AgentPrefab,Agent,MoveState,Moving,Goal,20.00,0.00,20.00,19.32,0.00,19.81,19.33,0.00,19.81,DStar
3765,16.19,AgentPrefab,Agent,MoveState,Moving,Goal,20.00,0.00,20.00,19.33,0.00,19.81,19.33,0.00,19.81,DStar
3766,16.20,AgentPrefab,Agent,MoveState,Moving,Goal,20.00,0.00,20.00,19.33,0.00,19.81,19.34,0.00,19.81,DStar
3767,16.20,AgentPrefab,Agent,MoveState,Moving,Goal,20.00,0.00,20.00,19.34,0.00,19.81,19.35,0.00,19.81,DStar
3768,16.21,AgentPrefab,Agent,MoveState,Moving,Goal,20.00,0.00,20.00,19.35,0.00,19.81,19.36,0.00,19.81,DStar
3769,16.21,AgentPrefab,Agent,MoveState,Moving,Goal,20.00,0.00,20.00,19.36,0.00,19.81,19.37,0.00,19.81,DStar
3770,16.22,AgentPrefab,Agent,MoveState,Moving,Goal,20.00,0.00,20.00,19.37,0.00,19.81,19.38,0.00,19.81,DStar
3771,16.22,AgentPrefab,Agent,MoveState,Moving,Goal,20.00,0.00,20.00,19.38,0.00,19.81,19.39,0.00,19.81,DStar
3772,16.23,AgentPrefab,Agent,MoveState,Moving,Goal,20.00,0.00,20.00,19.39,0.00,19.81,19.40,0.00,19.81,DStar
3773,16.23,AgentPrefab,Agent,MoveState,Moving,Goal,20.00,0.00,20.00,19.40,0.00,19.81,19.40,0.00,19.81,DStar
3774,16.23,AgentPrefab,Agent,MoveState,Moving,Goal,20.00,0.00,20.00,19.40,0.00,19.81,19.41,0.00,19.81,DStar
3775,16.24,AgentPrefab,Agent,MoveState,Moving,Goal,20.00,0.00,20.00,19.41,0.00,19.81,19.42,0.00,19.81,DStar
3776,16.24,AgentPrefab,Agent,MoveState,Moving,Goal,20.00,0.00,20.00,19.42,0.00,19.81,19.43,0.00,19.81,DStar
3777,16.25,AgentPrefab,Agent,MoveState,Moving,Goal,20.00,0.00,20.00,19.43,0.00,19.81,19.44,0.00,19.81,DStar
3778,16.25,AgentPrefab,Agent,MoveState,Moving,Goal,20.00,0.00,20.00,19.44,0.00,19.81,19.45,0.00,19.81,DStar
3779,16.26,AgentPrefab,Agent,MoveState,Moving,Goal,20.00,0.00,20.00,19.45,0.00,19.81,19.46,0.00,19.81,DStar
3780,16.26,AgentPrefab,Agent,MoveState,Moving,Goal,20.00,0.00,20.00,19.46,0.00,19.81,19.46,0.00,19.81,DStar
3781,16.26,AgentPrefab,Agent,MoveState,Moving,Goal,20.00,0.00,20.00,19.46,0.00,19.81,19.47,0.00,19.81,DStar
3782,16.27,AgentPrefab,Agent,MoveState,Moving,Goal,20.00,0.00,20.00,19.47,0.00,19.81,19.48,0.00,19.81,DStar
3783,16.27,AgentPrefab,Agent,MoveState,Moving,Goal,20.00,0.00,20.00,19.48,0.00,19.81,19.49,0.00,19.81,DStar
3784,16.28,AgentPrefab,Agent,MoveState,Moving,Goal,20.00,0.00,20.00,19.49,0.00,19.81,19.50,0.00,19.81,DStar
3785,16.28,AgentPrefab,Agent,MoveState,Moving,Goal,20.00,0.00,20.00,19.50,0.00,19.81,19.50,0.00,19.81,DStar
3786,16.28,AgentPrefab,Agent,MoveState,Moving,Goal,20.00,0.00,20.00,19.50,0.00,19.81,19.51,0.00,19.81,DStar
3787,16.29,AgentPrefab,Agent,MoveState,Moving,Goal,20.00,0.00,20.00,19.51,0.00,19.81,19.52,0.00,19.81,DStar
3788,16.29,AgentPrefab,Agent,MoveState,Moving,Goal,20.00,0.00,20.00,19.52,0.00,19.81,19.53,0.00,19.81,DStar
3789,16.30,AgentPrefab,Agent,MoveState,Moving,Goal,20.00,0.00,20.00,19.53,0.00,19.81,19.54,0.00,19.81,DStar
3790,16.30,AgentPrefab,Agent,MoveState,Moving,Goal,20.00,0.00,20.00,19.54,0.00,19.81,19.55,0.00,19.81,DStar
3791,16.30,AgentPrefab,Agent,MoveState,Moving,Goal,20.00,0.00,20.00,19.55,0.00,19.81,19.55,0.00,19.81,DStar
3792,16.31,AgentPrefab,Agent,MoveState,Moving,Goal,20.00,0.00,20.00,19.55,0.00,19.81,19.56,0.00,19.81,DStar
3793,16.31,AgentPrefab,Agent,MoveState,Moving,Goal,20.00,0.00,20.00,19.56,0.00,19.81,19.57,0.00,19.81,DStar
3794,16.32,AgentPrefab,Agent,MoveState,Moving,Goal,20.00,0.00,20.00,19.57,0.00,19.81,19.58,0.00,19.81,DStar
3795,16.32,AgentPrefab,Agent,MoveState,Moving,Goal,20.00,0.00,20.00,19.58,0.00,19.81,19.59,0.00,19.81,DStar
3796,16.33,AgentPrefab,Agent,MoveState,Moving,Goal,20.00,0.00,20.00,19.59,0.00,19.81,19.60,0.00,19.81,DStar
3797,16.33,AgentPrefab,Agent,MoveState,Moving,Goal,20.00,0.00,20.00,19.60,0.00,19.81,19.61,0.00,19.81,DStar
3798,16.33,AgentPrefab,Agent,MoveState,Moving,Goal,20.00,0.00,20.00,19.61,0.00,19.81,19.61,0.00,19.81,DStar
3799,16.34,AgentPrefab,Agent,MoveState,Moving,Goal,20.00,0.00,20.00,19.61,0.00,19.81,19.62,0.00,19.81,DStar
3800,16.34,AgentPrefab,Agent,MoveState,Moving,Goal,20.00,0.00,20.00,19.62,0.00,19.81,19.63,0.00,19.81,DStar
3801,16.35,AgentPrefab,Agent,MoveState,Moving,Goal,20.00,0.00,20.00,19.63,0.00,19.81,19.64,0.00,19.81,DStar
3802,16.35,AgentPrefab,Agent,MoveState,Moving,Goal,20.00,0.00,20.00,19.64,0.00,19.81,19.65,0.00,19.81,DStar
3803,16.36,AgentPrefab,Agent,MoveState,Moving,Goal,20.00,0.00,20.00,19.65,0.00,19.81,19.66,0.00,19.81,DStar
3804,16.36,AgentPrefab,Agent,MoveState,Moving,Goal,20.00,0.00,20.00,19.66,0.00,19.81,19.67,0.00,19.81,DStar
3805,16.36,AgentPrefab,Agent,MoveState,Moving,Goal,20.00,0.00,20.00,19.67,0.00,19.81,19.67,0.00,19.81,DStar
3806,16.37,AgentPrefab,Agent,MoveState,Moving,Goal,20.00,0.00,20.00,19.67,0.00,19.81,19.68,0.00,19.81,DStar
3807,16.37,AgentPrefab,Agent,MoveState,Moving,Goal,20.00,0.00,20.00,19.68,0.00,19.81,19.69,0.00,19.81,DStar
3808,16.38,AgentPrefab,Agent,MoveState,Moving,Goal,20.00,0.00,20.00,19.69,0.00,19.81,19.70,0.00,19.81,DStar
3809,16.38,AgentPrefab,Agent,MoveState,Moving,Goal,20.00,0.00,20.00,19.70,0.00,19.81,19.71,0.00,19.81,DStar
3810,16.39,AgentPrefab,Agent,MoveState,Moving,Goal,20.00,0.00,20.00,19.71,0.00,19.81,19.72,0.00,19.81,DStar
3811,16.39,AgentPrefab,Agent,MoveState,Moving,Goal,20.00,0.00,20.00,19.72,0.00,19.81,19.72,0.00,19.81,DStar
3812,16.39,AgentPrefab,Agent,MoveState,Moving,Goal,20.00,0.00,20.00,19.72,0.00,19.81,19.73,0.00,19.81,DStar
3813,16.40,AgentPrefab,Agent,MoveState,Moving,Goal,20.00,0.00,20.00,19.73,0.00,19.81,19.74,0.00,19.81,DStar
3814,16.40,AgentPrefab,Agent,MoveState,Moving,Goal,20.00,0.00,20.00,19.74,0.00,19.81,19.75,0.00,19.81,DStar
3815,16.41,AgentPrefab,Agent,MoveState,Moving,Goal,20.00,0.00,20.00,19.75,0.00,19.81,19.76,0.00,19.81,DStar
3816,16.41,AgentPrefab,Agent,MoveState,Moving,Goal,20.00,0.00,20.00,19.76,0.00,19.81,19.77,0.00,19.81,DStar
3817,16.42,AgentPrefab,Agent,MoveState,Moving,Goal,20.00,0.00,20.00,19.77,0.00,19.81,19.78,0.00,19.81,DStar
3818,16.42,AgentPrefab,Agent,MoveState,Moving,Goal,20.00,0.00,20.00,19.78,0.00,19.81,19.79,0.00,19.81,DStar
3819,16.43,AgentPrefab,Agent,MoveState,Moving,Goal,20.00,0.00,20.00,19.79,0.00,19.81,19.80,0.00,19.81,DStar
3820,16.43,AgentPrefab,Agent,MoveState,Moving,Goal,20.00,0.00,20.00,19.80,0.00,19.81,19.81,0.00,19.81,DStar
3821,16.44,AgentPrefab,Agent,MoveState,Moving,Goal,20.00,0.00,20.00,19.81,0.00,19.81,19.82,0.00,19.81,DStar
3822,16.44,AgentPrefab,Agent,MoveState,Moving,Goal,20.00,0.00,20.00,19.82,0.00,19.81,19.83,0.00,19.81,DStar
3823,16.44,AgentPrefab,Agent,MoveState,Moving,Goal,20.00,0.00,20.00,19.83,0.00,19.81,19.83,0.00,19.81,DStar
3824,16.45,AgentPrefab,Agent,MoveState,Moving,Goal,20.00,0.00,20.00,19.83,0.00,19.81,19.84,0.00,19.81,DStar
3825,16.45,AgentPrefab,Agent,MoveState,Moving,Goal,20.00,0.00,20.00,19.84,0.00,19.81,19.85,0.00,19.81,DStar
3826,16.46,AgentPrefab,Agent,MoveState,Moving,Goal,20.00,0.00,20.00,19.85,0.00,19.81,19.86,0.00,19.81,DStar
3827,16.46,AgentPrefab,Agent,MoveState,Moving,Goal,20.00,0.00,20.00,19.86,0.00,19.81,19.87,0.00,19.81,DStar
3828,16.47,AgentPrefab,Agent,MoveState,Moving,Goal,20.00,0.00,20.00,19.87,0.00,19.81,19.88,0.00,19.81,DStar
3829,16.47,AgentPrefab,Agent,MoveState,Moving,Goal,20.00,0.00,20.00,19.88,0.00,19.81,19.88,0.00,19.81,DStar
3830,16.47,AgentPrefab,Agent,MoveState,Moving,Goal,20.00,0.00,20.00,19.88,0.00,19.81,19.89,0.00,19.81,DStar
3831,16.48,AgentPrefab,Agent,MoveState,Moving,Goal,20.00,0.00,20.00,19.89,0.00,19.81,19.90,0.00,19.81,DStar
3832,16.48,AgentPrefab,Agent,MoveState,Moving,Goal,20.00,0.00,20.00,19.90,0.00,19.81,19.91,0.00,19.81,DStar
3833,16.49,AgentPrefab,Agent,MoveState,Moving,Goal,20.00,0.00,20.00,19.91,0.00,19.81,19.92,0.00,19.81,DStar
3834,16.49,AgentPrefab,Agent,MoveState,Moving,Goal,20.00,0.00,20.00,19.92,0.00,19.81,19.92,0.00,19.81,DStar
3835,16.50,AgentPrefab,Agent,MoveState,Moving,Goal,20.00,0.00,20.00,19.92,0.00,19.81,19.94,0.00,19.81,DStar
3836,16.50,AgentPrefab,Agent,MoveState,Moving,Goal,20.00,0.00,20.00,19.94,0.00,19.81,19.94,0.00,19.81,DStar
3837,16.50,AgentPrefab,Agent,MoveState,Moving,Goal,20.00,0.00,20.00,19.94,0.00,19.81,19.95,0.00,19.81,DStar
3838,16.51,AgentPrefab,Agent,MoveState,Moving,Goal,20.00,0.00,20.00,19.95,0.00,19.81,19.96,0.00,19.81,DStar
3839,16.51,AgentPrefab,Agent,MoveState,Moving,Goal,20.00,0.00,20.00,19.96,0.00,19.81,19.97,0.00,19.81,DStar
3840,16.52,AgentPrefab,Agent,MoveState,Moving,Goal,20.00,0.00,20.00,19.97,0.00,19.81,19.98,0.00,19.81,DStar
3841,16.52,AgentPrefab,Agent,MoveState,Moving,Goal,20.00,0.00,20.00,19.99,0.00,19.81,19.99,0.00,19.81,DStar
3842,16.52,AgentPrefab,Agent,MoveState,Moving,Goal,20.00,0.00,20.00,19.99,0.00,19.81,19.99,0.00,19.82,DStar
3843,16.53,AgentPrefab,Agent,MoveState,Moving,Goal,20.00,0.00,20.00,19.99,0.00,19.82,19.99,0.00,19.82,DStar
3844,16.53,AgentPrefab,Agent,MoveState,Moving,Goal,20.00,0.00,20.00,19.99,0.00,19.82,19.99,0.00,19.83,DStar
3845,16.54,AgentPrefab,Agent,MoveState,Moving,Goal,20.00,0.00,20.00,19.99,0.00,19.83,19.99,0.00,19.84,DStar
3846,16.54,AgentPrefab,Agent,MoveState,Moving,Goal,20.00,0.00,20.00,19.99,0.00,19.84,19.99,0.00,19.85,DStar
3847,16.55,AgentPrefab,Agent,MoveState,Moving,Goal,20.00,0.00,20.00,19.99,0.00,19.85,19.99,0.00,19.86,DStar
3848,16.55,AgentPrefab,Agent,MoveState,Moving,Goal,20.00,0.00,20.00,19.99,0.00,19.86,19.99,0.00,19.87,DStar
3849,16.56,AgentPrefab,Agent,MoveState,Moving,Goal,20.00,0.00,20.00,19.99,0.00,19.87,19.99,0.00,19.88,DStar
3850,16.56,AgentPrefab,Agent,MoveState,Moving,Goal,20.00,0.00,20.00,19.99,0.00,19.88,19.99,0.00,19.89,DStar
3851,16.57,AgentPrefab,Agent,MoveState,Moving,Goal,20.00,0.00,20.00,19.99,0.00,19.89,19.99,0.00,19.90,DStar
3852,16.57,AgentPrefab,Agent,MoveState,Moving,Goal,20.00,0.00,20.00,19.99,0.00,19.90,19.99,0.00,19.91,DStar
3853,16.58,AgentPrefab,Agent,MoveState,Moving,Goal,20.00,0.00,20.00,19.99,0.00,19.91,19.99,0.00,19.92,DStar
3854,16.58,AgentPrefab,Agent,MoveState,Moving,Goal,20.00,0.00,20.00,19.99,0.00,19.92,19.99,0.00,19.93,DStar
3855,16.59,AgentPrefab,Agent,MoveState,Moving,Goal,20.00,0.00,20.00,19.99,0.00,19.93,20.00,0.00,19.94,DStar
3856,16.59,AgentPrefab,Agent,MoveState,Moving,Goal,20.00,0.00,20.00,20.00,0.00,19.94,20.00,0.00,19.95,DStar
3857,16.60,AgentPrefab,Agent,MoveState,Moving,Goal,20.00,0.00,20.00,20.00,0.00,19.95,20.00,0.00,19.96,DStar
3858,16.60,AgentPrefab,Agent,MoveState,Moving,Goal,20.00,0.00,20.00,20.00,0.00,19.96,20.00,0.00,19.97,DStar
3859,16.61,AgentPrefab,Agent,MoveState,Moving,Goal,20.00,0.00,20.00,20.00,0.00,19.97,20.00,0.00,19.98,DStar
3860,16.61,AgentPrefab,Agent,MoveState,Moving,Goal,20.00,0.00,20.00,20.00,0.00,19.98,20.00,0.00,19.99,DStar
3861,16.62,AgentPrefab,Agent,GoalState,GoalReached,Goal,20.00,0.00,20.00,20.00,0.00,20.00,20.00,0.00,20.00,DStar
1,0.00,AgentPrefab,Agent,IdleState,Idling,Goal,20.00,0.00,20.00,0.00,0.00,0.00,0.00,0.00,0.00,DStar
1,0.00,AgentPrefab,Agent,SearchState,Searching Path,Goal,20.00,0.00,20.00,0.00,0.00,0.00,0.00,0.00,0.00,DStar
2,0.02,AgentPrefab,Agent,MoveState,Moving,Goal,20.00,0.00,20.00,0.00,0.00,0.00,0.00,0.00,0.00,DStar
3,0.04,AgentPrefab,Agent,GoalState,GoalReached,Goal,20.00,0.00,20.00,0.00,0.00,0.00,0.00,0.00,0.00,DStar
