Frame,Time,Object,Type,State,Action,Target,TargetX,TargetY,TargetZ,CurrentX,CurrentY,CurrentZ,NextX,NextY,NextZ,AIType,CPU(ms)
97,0.52,AgentPrefab,Agent,IdleState,Idling,Goal,0.00,0.00,0.00,0.00,0.00,0.00,0.00,0.00,0.00,DStar,
98,0.53,AgentPrefab,Agent,SearchState,Searching,Goal,0.00,0.00,0.00,0.00,0.00,0.00,0.00,0.00,0.00,DStar,
99,0.54,AgentPrefab,Agent,SearchState,Searching,Goal,0.00,0.00,0.00,0.00,0.00,0.00,0.00,0.00,0.00,DStar,
100,0.55,AgentPrefab,Agent,SearchState,Searching,Goal,0.00,0.00,0.00,0.00,0.00,0.00,0.00,0.00,0.00,DStar,
101,0.55,AgentPrefab,Agent,SearchState,Searching,Goal,0.00,0.00,0.00,0.00,0.00,0.00,0.00,0.00,0.00,DStar,
102,0.56,AgentPrefab,Agent,SearchState,Searching,Goal,0.00,0.00,0.00,0.00,0.00,0.00,0.00,0.00,0.00,DStar,
103,0.58,AgentPrefab,Agent,SearchState,Searching,Goal,0.00,0.00,0.00,0.00,0.00,0.00,0.00,0.00,0.00,DStar,
104,0.58,AgentPrefab,Agent,SearchState,Searching,Goal,0.00,0.00,0.00,0.00,0.00,0.00,0.00,0.00,0.00,DStar,
105,0.59,AgentPrefab,Agent,SearchState,Searching,Goal,0.00,0.00,0.00,0.00,0.00,0.00,0.00,0.00,0.00,DStar,
106,0.60,AgentPrefab,Agent,SearchState,Searching,Goal,0.00,0.00,0.00,0.00,0.00,0.00,0.00,0.00,0.00,DStar,
107,0.60,AgentPrefab,Agent,SearchState,Searching,Goal,0.00,0.00,0.00,0.00,0.00,0.00,0.00,0.00,0.00,DStar,
108,0.61,AgentPrefab,Agent,SearchState,Searching,Goal,0.00,0.00,0.00,0.00,0.00,0.00,0.00,0.00,0.00,DStar,
109,0.62,AgentPrefab,Agent,SearchState,Searching,Goal,0.00,0.00,0.00,0.00,0.00,0.00,0.00,0.00,0.00,DStar,
110,0.63,AgentPrefab,Agent,SearchState,Searching,Goal,0.00,0.00,0.00,0.00,0.00,0.00,0.00,0.00,0.00,DStar,
111,0.64,AgentPrefab,Agent,SearchState,Searching,Goal,0.00,0.00,0.00,0.00,0.00,0.00,0.00,0.00,0.00,DStar,
112,0.65,AgentPrefab,Agent,SearchState,Searching,Goal,0.00,0.00,0.00,0.00,0.00,0.00,0.00,0.00,0.00,DStar,
113,0.66,AgentPrefab,Agent,SearchState,Searching,Goal,0.00,0.00,0.00,0.00,0.00,0.00,0.00,0.00,0.00,DStar,
114,0.67,AgentPrefab,Agent,SearchState,Searching,Goal,0.00,0.00,0.00,0.00,0.00,0.00,0.00,0.00,0.00,DStar,
115,0.67,AgentPrefab,Agent,SearchState,Searching,Goal,0.00,0.00,0.00,0.00,0.00,0.00,0.00,0.00,0.00,DStar,
116,0.68,AgentPrefab,Agent,SearchState,Searching,Goal,0.00,0.00,0.00,0.00,0.00,0.00,0.00,0.00,0.00,DStar,
117,0.69,AgentPrefab,Agent,SearchState,Searching,Goal,0.00,0.00,0.00,0.00,0.00,0.00,0.00,0.00,0.00,DStar,
118,0.70,AgentPrefab,Agent,SearchState,Searching,Goal,0.00,0.00,0.00,0.00,0.00,0.00,0.00,0.00,0.00,DStar,
119,0.70,AgentPrefab,Agent,SearchState,Searching,Goal,0.00,0.00,0.00,0.00,0.00,0.00,0.00,0.00,0.00,DStar,
120,0.71,AgentPrefab,Agent,SearchState,Searching,Goal,0.00,0.00,0.00,0.00,0.00,0.00,0.00,0.00,0.00,DStar,
121,0.72,AgentPrefab,Agent,SearchState,Searching,Goal,0.00,0.00,0.00,0.00,0.00,0.00,0.00,0.00,0.00,DStar,
122,0.72,AgentPrefab,Agent,SearchState,Searching,Goal,0.00,0.00,0.00,0.00,0.00,0.00,0.00,0.00,0.00,DStar,
123,0.73,AgentPrefab,Agent,SearchState,Searching,Goal,0.00,0.00,0.00,0.00,0.00,0.00,0.00,0.00,0.00,DStar,
124,0.74,AgentPrefab,Agent,SearchState,Searching,Goal,0.00,0.00,0.00,0.00,0.00,0.00,0.00,0.00,0.00,DStar,
125,0.74,AgentPrefab,Agent,SearchState,Searching,Goal,0.00,0.00,0.00,0.00,0.00,0.00,0.00,0.00,0.00,DStar,
126,0.75,AgentPrefab,Agent,SearchState,Searching,Goal,0.00,0.00,0.00,0.00,0.00,0.00,0.00,0.00,0.00,DStar,
127,0.76,AgentPrefab,Agent,SearchState,Searching,Goal,0.00,0.00,0.00,0.00,0.00,0.00,0.00,0.00,0.00,DStar,
128,0.76,AgentPrefab,Agent,SearchState,Searching,Goal,0.00,0.00,0.00,0.00,0.00,0.00,0.00,0.00,0.00,DStar,
129,0.77,AgentPrefab,Agent,SearchState,Searching,Goal,0.00,0.00,0.00,0.00,0.00,0.00,0.00,0.00,0.00,DStar,
130,0.78,AgentPrefab,Agent,SearchState,Searching,Goal,0.00,0.00,0.00,0.00,0.00,0.00,0.00,0.00,0.00,DStar,
131,0.78,AgentPrefab,Agent,SearchState,Searching,Goal,0.00,0.00,0.00,0.00,0.00,0.00,0.00,0.00,0.00,DStar,
132,0.79,AgentPrefab,Agent,SearchState,Searching,Goal,0.00,0.00,0.00,0.00,0.00,0.00,0.00,0.00,0.00,DStar,
133,0.79,AgentPrefab,Agent,SearchState,Searching,Goal,0.00,0.00,0.00,0.00,0.00,0.00,0.00,0.00,0.00,DStar,
134,0.80,AgentPrefab,Agent,SearchState,Searching,Goal,0.00,0.00,0.00,0.00,0.00,0.00,0.00,0.00,0.00,DStar,
135,0.81,AgentPrefab,Agent,SearchState,Searching,Goal,0.00,0.00,0.00,0.00,0.00,0.00,0.00,0.00,0.00,DStar,
136,0.81,AgentPrefab,Agent,SearchState,Searching,Goal,0.00,0.00,0.00,0.00,0.00,0.00,0.00,0.00,0.00,DStar,
137,0.82,AgentPrefab,Agent,SearchState,Searching,Goal,0.00,0.00,0.00,0.00,0.00,0.00,0.00,0.00,0.00,DStar,
138,0.83,AgentPrefab,Agent,SearchState,Searching,Goal,0.00,0.00,0.00,0.00,0.00,0.00,0.00,0.00,0.00,DStar,
139,0.83,AgentPrefab,Agent,SearchState,Searching,Goal,0.00,0.00,0.00,0.00,0.00,0.00,0.00,0.00,0.00,DStar,
140,0.84,AgentPrefab,Agent,SearchState,Searching,Goal,0.00,0.00,0.00,0.00,0.00,0.00,0.00,0.00,0.00,DStar,
141,0.84,AgentPrefab,Agent,SearchState,Searching,Goal,0.00,0.00,0.00,0.00,0.00,0.00,0.00,0.00,0.00,DStar,
142,0.85,AgentPrefab,Agent,SearchState,Searching,Goal,0.00,0.00,0.00,0.00,0.00,0.00,0.00,0.00,0.00,DStar,
143,0.86,AgentPrefab,Agent,SearchState,Searching,Goal,0.00,0.00,0.00,0.00,0.00,0.00,0.00,0.00,0.00,DStar,
144,0.86,AgentPrefab,Agent,SearchState,Searching,Goal,0.00,0.00,0.00,0.00,0.00,0.00,0.00,0.00,0.00,DStar,
145,0.87,AgentPrefab,Agent,SearchState,Searching,Goal,0.00,0.00,0.00,0.00,0.00,0.00,0.00,0.00,0.00,DStar,
146,0.88,AgentPrefab,Agent,SearchState,Searching,Goal,0.00,0.00,0.00,0.00,0.00,0.00,0.00,0.00,0.00,DStar,
147,0.88,AgentPrefab,Agent,SearchState,Searching,Goal,0.00,0.00,0.00,0.00,0.00,0.00,0.00,0.00,0.00,DStar,
148,0.89,AgentPrefab,Agent,SearchState,Searching,Goal,0.00,0.00,0.00,0.00,0.00,0.00,0.00,0.00,0.00,DStar,
149,0.89,AgentPrefab,Agent,SearchState,Searching,Goal,0.00,0.00,0.00,0.00,0.00,0.00,0.00,0.00,0.00,DStar,
150,0.90,AgentPrefab,Agent,SearchState,Searching,Goal,0.00,0.00,0.00,0.00,0.00,0.00,0.00,0.00,0.00,DStar,
151,0.91,AgentPrefab,Agent,SearchState,Searching,Goal,0.00,0.00,0.00,0.00,0.00,0.00,0.00,0.00,0.00,DStar,
152,0.91,AgentPrefab,Agent,SearchState,Searching,Goal,0.00,0.00,0.00,0.00,0.00,0.00,0.00,0.00,0.00,DStar,
153,0.92,AgentPrefab,Agent,SearchState,Searching,Goal,0.00,0.00,0.00,0.00,0.00,0.00,0.00,0.00,0.00,DStar,
154,0.93,AgentPrefab,Agent,SearchState,Searching,Goal,0.00,0.00,0.00,0.00,0.00,0.00,0.00,0.00,0.00,DStar,
155,0.93,AgentPrefab,Agent,SearchState,Searching,Goal,0.00,0.00,0.00,0.00,0.00,0.00,0.00,0.00,0.00,DStar,
156,0.94,AgentPrefab,Agent,SearchState,Searching,Goal,0.00,0.00,0.00,0.00,0.00,0.00,0.00,0.00,0.00,DStar,
157,0.94,AgentPrefab,Agent,SearchState,Searching,Goal,0.00,0.00,0.00,0.00,0.00,0.00,0.00,0.00,0.00,DStar,
158,0.95,AgentPrefab,Agent,SearchState,Searching,Goal,0.00,0.00,0.00,0.00,0.00,0.00,0.00,0.00,0.00,DStar,
159,0.96,AgentPrefab,Agent,SearchState,Searching,Goal,0.00,0.00,0.00,0.00,0.00,0.00,0.00,0.00,0.00,DStar,
160,0.96,AgentPrefab,Agent,SearchState,Searching,Goal,0.00,0.00,0.00,0.00,0.00,0.00,0.00,0.00,0.00,DStar,
161,0.97,AgentPrefab,Agent,SearchState,Searching,Goal,0.00,0.00,0.00,0.00,0.00,0.00,0.00,0.00,0.00,DStar,
162,0.97,AgentPrefab,Agent,SearchState,Searching,Goal,0.00,0.00,0.00,0.00,0.00,0.00,0.00,0.00,0.00,DStar,
163,0.98,AgentPrefab,Agent,SearchState,Searching,Goal,0.00,0.00,0.00,0.00,0.00,0.00,0.00,0.00,0.00,DStar,
164,0.99,AgentPrefab,Agent,SearchState,Searching,Goal,0.00,0.00,0.00,0.00,0.00,0.00,0.00,0.00,0.00,DStar,
165,0.99,AgentPrefab,Agent,SearchState,Searching,Goal,0.00,0.00,0.00,0.00,0.00,0.00,0.00,0.00,0.00,DStar,
166,1.00,AgentPrefab,Agent,SearchState,Searching,Goal,0.00,0.00,0.00,0.00,0.00,0.00,0.00,0.00,0.00,DStar,
167,1.01,AgentPrefab,Agent,SearchState,Searching,Goal,0.00,0.00,0.00,0.00,0.00,0.00,0.00,0.00,0.00,DStar,
167,1.01,AIManager,Performance,Pathfinding,Executed,DStar,0.00,0.00,0.00,0.00,0.00,0.00,0.00,0.00,0.00,DStar,113.682
168,1.13,AgentPrefab,Agent,SearchState,Searching,Goal,11.00,0.00,11.00,0.00,0.00,0.00,0.00,0.00,0.00,DStar,
168,1.13,AgentPrefab,Agent,MoveState,Moving,Goal,11.00,0.00,11.00,0.00,0.00,0.00,0.00,0.00,0.00,DStar,
169,1.16,AgentPrefab,Agent,MoveState,Moving,Goal,11.00,0.00,11.00,0.00,0.00,0.00,0.00,0.00,0.00,DStar,
170,1.17,AgentPrefab,Agent,MoveState,Moving,Goal,11.00,0.00,11.00,0.00,0.00,0.00,11.00,0.00,11.00,DStar,
171,1.18,AgentPrefab,Agent,SearchState,Searching,Goal,11.00,0.00,11.00,0.00,0.00,0.00,11.00,0.00,11.00,DStar,
171,1.18,AgentPrefab,Agent,MoveState,Moving,Goal,11.00,0.00,11.00,0.00,0.00,0.00,11.00,0.00,11.00,DStar,
172,1.19,AgentPrefab,Agent,MoveState,Moving,Goal,11.00,0.00,11.00,0.00,0.00,0.00,11.00,0.00,11.00,DStar,
173,1.20,AgentPrefab,Agent,SearchState,Searching,Goal,11.00,0.00,11.00,0.00,0.00,0.00,11.00,0.00,11.00,DStar,
173,1.20,AgentPrefab,Agent,MoveState,Moving,Goal,11.00,0.00,11.00,0.00,0.00,0.00,11.00,0.00,11.00,DStar,
174,1.21,AgentPrefab,Agent,MoveState,Moving,Goal,11.00,0.00,11.00,0.00,0.00,0.00,11.00,0.00,11.00,DStar,
175,1.54,AgentPrefab,Agent,SearchState,Searching,Goal,11.00,0.00,11.00,0.00,0.00,0.00,11.00,0.00,11.00,DStar,
175,1.54,AgentPrefab,Agent,MoveState,Moving,Goal,11.00,0.00,11.00,0.00,0.00,0.00,11.00,0.00,11.00,DStar,
176,1.57,AgentPrefab,Agent,MoveState,Moving,Goal,11.00,0.00,11.00,0.00,0.00,0.00,11.00,0.00,11.00,DStar,
177,1.58,AgentPrefab,Agent,SearchState,Searching,Goal,11.00,0.00,11.00,0.00,0.00,0.00,11.00,0.00,11.00,DStar,
177,1.58,AgentPrefab,Agent,MoveState,Moving,Goal,11.00,0.00,11.00,0.00,0.00,0.00,11.00,0.00,11.00,DStar,
178,1.59,AgentPrefab,Agent,MoveState,Moving,Goal,11.00,0.00,11.00,0.00,0.00,0.00,11.00,0.00,11.00,DStar,
179,1.60,AgentPrefab,Agent,SearchState,Searching,Goal,11.00,0.00,11.00,0.00,0.00,0.00,11.00,0.00,11.00,DStar,
179,1.60,AgentPrefab,Agent,MoveState,Moving,Goal,11.00,0.00,11.00,0.00,0.00,0.00,11.00,0.00,11.00,DStar,
180,1.61,AgentPrefab,Agent,MoveState,Moving,Goal,11.00,0.00,11.00,0.00,0.00,0.00,11.00,0.00,11.00,DStar,
181,1.61,AgentPrefab,Agent,SearchState,Searching,Goal,11.00,0.00,11.00,0.00,0.00,0.00,11.00,0.00,11.00,DStar,
181,1.61,AgentPrefab,Agent,MoveState,Moving,Goal,11.00,0.00,11.00,0.00,0.00,0.00,11.00,0.00,11.00,DStar,
182,1.63,AgentPrefab,Agent,MoveState,Moving,Goal,11.00,0.00,11.00,0.00,0.00,0.00,11.00,0.00,11.00,DStar,
183,1.63,AgentPrefab,Agent,SearchState,Searching,Goal,11.00,0.00,11.00,0.00,0.00,0.00,11.00,0.00,11.00,DStar,
183,1.63,AgentPrefab,Agent,MoveState,Moving,Goal,11.00,0.00,11.00,0.00,0.00,0.00,11.00,0.00,11.00,DStar,
184,1.65,AgentPrefab,Agent,MoveState,Moving,Goal,11.00,0.00,11.00,0.00,0.00,0.00,11.00,0.00,11.00,DStar,
185,1.65,AgentPrefab,Agent,SearchState,Searching,Goal,11.00,0.00,11.00,0.00,0.00,0.00,11.00,0.00,11.00,DStar,
185,1.65,AgentPrefab,Agent,MoveState,Moving,Goal,11.00,0.00,11.00,0.00,0.00,0.00,11.00,0.00,11.00,DStar,
186,1.66,AgentPrefab,Agent,MoveState,Moving,Goal,11.00,0.00,11.00,0.00,0.00,0.00,11.00,0.00,11.00,DStar,
187,1.67,AgentPrefab,Agent,SearchState,Searching,Goal,11.00,0.00,11.00,0.00,0.00,0.00,11.00,0.00,11.00,DStar,
187,1.67,AgentPrefab,Agent,MoveState,Moving,Goal,11.00,0.00,11.00,0.00,0.00,0.00,11.00,0.00,11.00,DStar,
188,1.68,AgentPrefab,Agent,MoveState,Moving,Goal,11.00,0.00,11.00,0.00,0.00,0.00,11.00,0.00,11.00,DStar,
189,1.69,AgentPrefab,Agent,SearchState,Searching,Goal,11.00,0.00,11.00,0.00,0.00,0.00,11.00,0.00,11.00,DStar,
189,1.69,AgentPrefab,Agent,MoveState,Moving,Goal,11.00,0.00,11.00,0.00,0.00,0.00,11.00,0.00,11.00,DStar,
190,1.70,AgentPrefab,Agent,MoveState,Moving,Goal,11.00,0.00,11.00,0.00,0.00,0.00,11.00,0.00,11.00,DStar,
191,1.71,AgentPrefab,Agent,SearchState,Searching,Goal,11.00,0.00,11.00,0.00,0.00,0.00,11.00,0.00,11.00,DStar,
191,1.71,AgentPrefab,Agent,MoveState,Moving,Goal,11.00,0.00,11.00,0.00,0.00,0.00,11.00,0.00,11.00,DStar,
192,1.72,AgentPrefab,Agent,MoveState,Moving,Goal,11.00,0.00,11.00,0.00,0.00,0.00,11.00,0.00,11.00,DStar,
193,1.73,AgentPrefab,Agent,SearchState,Searching,Goal,11.00,0.00,11.00,0.00,0.00,0.00,11.00,0.00,11.00,DStar,
193,1.73,AgentPrefab,Agent,MoveState,Moving,Goal,11.00,0.00,11.00,0.00,0.00,0.00,11.00,0.00,11.00,DStar,
194,1.74,AgentPrefab,Agent,MoveState,Moving,Goal,11.00,0.00,11.00,0.00,0.00,0.00,11.00,0.00,11.00,DStar,
195,1.75,AgentPrefab,Agent,SearchState,Searching,Goal,11.00,0.00,11.00,0.00,0.00,0.00,11.00,0.00,11.00,DStar,
195,1.75,AgentPrefab,Agent,MoveState,Moving,Goal,11.00,0.00,11.00,0.00,0.00,0.00,11.00,0.00,11.00,DStar,
196,1.76,AgentPrefab,Agent,MoveState,Moving,Goal,11.00,0.00,11.00,0.00,0.00,0.00,11.00,0.00,11.00,DStar,
197,1.77,AgentPrefab,Agent,SearchState,Searching,Goal,11.00,0.00,11.00,0.00,0.00,0.00,11.00,0.00,11.00,DStar,
197,1.77,AgentPrefab,Agent,MoveState,Moving,Goal,11.00,0.00,11.00,0.00,0.00,0.00,11.00,0.00,11.00,DStar,
198,1.78,AgentPrefab,Agent,MoveState,Moving,Goal,11.00,0.00,11.00,0.00,0.00,0.00,11.00,0.00,11.00,DStar,
199,1.78,AgentPrefab,Agent,SearchState,Searching,Goal,11.00,0.00,11.00,0.00,0.00,0.00,11.00,0.00,11.00,DStar,
199,1.78,AgentPrefab,Agent,MoveState,Moving,Goal,11.00,0.00,11.00,0.00,0.00,0.00,11.00,0.00,11.00,DStar,
200,1.80,AgentPrefab,Agent,MoveState,Moving,Goal,11.00,0.00,11.00,0.00,0.00,0.00,11.00,0.00,11.00,DStar,
201,1.82,AgentPrefab,Agent,SearchState,Searching,Goal,11.00,0.00,11.00,0.00,0.00,0.00,11.00,0.00,11.00,DStar,
201,1.82,AgentPrefab,Agent,MoveState,Moving,Goal,11.00,0.00,11.00,0.00,0.00,0.00,11.00,0.00,11.00,DStar,
202,1.83,AgentPrefab,Agent,MoveState,Moving,Goal,11.00,0.00,11.00,0.00,0.00,0.00,11.00,0.00,11.00,DStar,
203,1.83,AgentPrefab,Agent,SearchState,Searching,Goal,11.00,0.00,11.00,0.00,0.00,0.00,11.00,0.00,11.00,DStar,
203,1.83,AgentPrefab,Agent,MoveState,Moving,Goal,11.00,0.00,11.00,0.00,0.00,0.00,11.00,0.00,11.00,DStar,
204,1.85,AgentPrefab,Agent,MoveState,Moving,Goal,11.00,0.00,11.00,0.00,0.00,0.00,11.00,0.00,11.00,DStar,
205,1.85,AgentPrefab,Agent,SearchState,Searching,Goal,11.00,0.00,11.00,0.00,0.00,0.00,11.00,0.00,11.00,DStar,
205,1.85,AgentPrefab,Agent,MoveState,Moving,Goal,11.00,0.00,11.00,0.00,0.00,0.00,11.00,0.00,11.00,DStar,
206,1.87,AgentPrefab,Agent,MoveState,Moving,Goal,11.00,0.00,11.00,0.00,0.00,0.00,11.00,0.00,11.00,DStar,
207,1.87,AgentPrefab,Agent,SearchState,Searching,Goal,11.00,0.00,11.00,0.00,0.00,0.00,11.00,0.00,11.00,DStar,
207,1.87,AgentPrefab,Agent,MoveState,Moving,Goal,11.00,0.00,11.00,0.00,0.00,0.00,11.00,0.00,11.00,DStar,
208,1.88,AgentPrefab,Agent,MoveState,Moving,Goal,11.00,0.00,11.00,0.00,0.00,0.00,11.00,0.00,11.00,DStar,
209,1.89,AgentPrefab,Agent,SearchState,Searching,Goal,11.00,0.00,11.00,0.00,0.00,0.00,11.00,0.00,11.00,DStar,
209,1.89,AgentPrefab,Agent,MoveState,Moving,Goal,11.00,0.00,11.00,0.00,0.00,0.00,11.00,0.00,11.00,DStar,
210,1.90,AgentPrefab,Agent,MoveState,Moving,Goal,11.00,0.00,11.00,0.00,0.00,0.00,11.00,0.00,11.00,DStar,
211,1.91,AgentPrefab,Agent,SearchState,Searching,Goal,11.00,0.00,11.00,0.00,0.00,0.00,11.00,0.00,11.00,DStar,
211,1.91,AgentPrefab,Agent,MoveState,Moving,Goal,11.00,0.00,11.00,0.00,0.00,0.00,11.00,0.00,11.00,DStar,
212,1.92,AgentPrefab,Agent,MoveState,Moving,Goal,11.00,0.00,11.00,0.00,0.00,0.00,11.00,0.00,11.00,DStar,
213,1.93,AgentPrefab,Agent,SearchState,Searching,Goal,11.00,0.00,11.00,0.00,0.00,0.00,11.00,0.00,11.00,DStar,
213,1.93,AgentPrefab,Agent,MoveState,Moving,Goal,11.00,0.00,11.00,0.00,0.00,0.00,11.00,0.00,11.00,DStar,
214,1.94,AgentPrefab,Agent,MoveState,Moving,Goal,11.00,0.00,11.00,0.00,0.00,0.00,11.00,0.00,11.00,DStar,
215,1.95,AgentPrefab,Agent,SearchState,Searching,Goal,11.00,0.00,11.00,0.00,0.00,0.00,11.00,0.00,11.00,DStar,
215,1.95,AgentPrefab,Agent,MoveState,Moving,Goal,11.00,0.00,11.00,0.00,0.00,0.00,11.00,0.00,11.00,DStar,
216,1.96,AgentPrefab,Agent,MoveState,Moving,Goal,11.00,0.00,11.00,0.00,0.00,0.00,11.00,0.00,11.00,DStar,
217,1.97,AgentPrefab,Agent,SearchState,Searching,Goal,11.00,0.00,11.00,0.00,0.00,0.00,11.00,0.00,11.00,DStar,
217,1.97,AgentPrefab,Agent,MoveState,Moving,Goal,11.00,0.00,11.00,0.00,0.00,0.00,11.00,0.00,11.00,DStar,
218,1.99,AgentPrefab,Agent,MoveState,Moving,Goal,11.00,0.00,11.00,0.00,0.00,0.00,11.00,0.00,11.00,DStar,
219,1.99,AgentPrefab,Agent,SearchState,Searching,Goal,11.00,0.00,11.00,0.00,0.00,0.00,11.00,0.00,11.00,DStar,
219,1.99,AgentPrefab,Agent,MoveState,Moving,Goal,11.00,0.00,11.00,0.00,0.00,0.00,11.00,0.00,11.00,DStar,
220,2.01,AgentPrefab,Agent,MoveState,Moving,Goal,11.00,0.00,11.00,0.00,0.00,0.00,11.00,0.00,11.00,DStar,
221,2.01,AgentPrefab,Agent,SearchState,Searching,Goal,11.00,0.00,11.00,0.00,0.00,0.00,11.00,0.00,11.00,DStar,
221,2.01,AgentPrefab,Agent,MoveState,Moving,Goal,11.00,0.00,11.00,0.00,0.00,0.00,11.00,0.00,11.00,DStar,
222,2.03,AgentPrefab,Agent,MoveState,Moving,Goal,11.00,0.00,11.00,0.00,0.00,0.00,11.00,0.00,11.00,DStar,
223,2.03,AgentPrefab,Agent,SearchState,Searching,Goal,11.00,0.00,11.00,0.00,0.00,0.00,11.00,0.00,11.00,DStar,
223,2.03,AgentPrefab,Agent,MoveState,Moving,Goal,11.00,0.00,11.00,0.00,0.00,0.00,11.00,0.00,11.00,DStar,
224,2.04,AgentPrefab,Agent,MoveState,Moving,Goal,11.00,0.00,11.00,0.00,0.00,0.00,11.00,0.00,11.00,DStar,
225,2.05,AgentPrefab,Agent,SearchState,Searching,Goal,11.00,0.00,11.00,0.00,0.00,0.00,11.00,0.00,11.00,DStar,
225,2.05,AgentPrefab,Agent,MoveState,Moving,Goal,11.00,0.00,11.00,0.00,0.00,0.00,11.00,0.00,11.00,DStar,
226,2.06,AgentPrefab,Agent,MoveState,Moving,Goal,11.00,0.00,11.00,0.00,0.00,0.00,11.00,0.00,11.00,DStar,
227,2.07,AgentPrefab,Agent,SearchState,Searching,Goal,11.00,0.00,11.00,0.00,0.00,0.00,11.00,0.00,11.00,DStar,
227,2.07,AgentPrefab,Agent,MoveState,Moving,Goal,11.00,0.00,11.00,0.00,0.00,0.00,11.00,0.00,11.00,DStar,
228,2.09,AgentPrefab,Agent,MoveState,Moving,Goal,11.00,0.00,11.00,0.00,0.00,0.00,11.00,0.00,11.00,DStar,
229,2.09,AgentPrefab,Agent,SearchState,Searching,Goal,11.00,0.00,11.00,0.00,0.00,0.00,11.00,0.00,11.00,DStar,
229,2.09,AgentPrefab,Agent,MoveState,Moving,Goal,11.00,0.00,11.00,0.00,0.00,0.00,11.00,0.00,11.00,DStar,
230,2.10,AgentPrefab,Agent,MoveState,Moving,Goal,11.00,0.00,11.00,0.00,0.00,0.00,11.00,0.00,11.00,DStar,
231,2.11,AgentPrefab,Agent,SearchState,Searching,Goal,11.00,0.00,11.00,0.00,0.00,0.00,11.00,0.00,11.00,DStar,
231,2.11,AgentPrefab,Agent,MoveState,Moving,Goal,11.00,0.00,11.00,0.00,0.00,0.00,11.00,0.00,11.00,DStar,
232,2.12,AgentPrefab,Agent,MoveState,Moving,Goal,11.00,0.00,11.00,0.00,0.00,0.00,11.00,0.00,11.00,DStar,
233,2.13,AgentPrefab,Agent,SearchState,Searching,Goal,11.00,0.00,11.00,0.00,0.00,0.00,11.00,0.00,11.00,DStar,
233,2.13,AgentPrefab,Agent,MoveState,Moving,Goal,11.00,0.00,11.00,0.00,0.00,0.00,11.00,0.00,11.00,DStar,
234,2.14,AgentPrefab,Agent,MoveState,Moving,Goal,11.00,0.00,11.00,0.00,0.00,0.00,11.00,0.00,11.00,DStar,
235,2.15,AgentPrefab,Agent,SearchState,Searching,Goal,11.00,0.00,11.00,0.00,0.00,0.00,11.00,0.00,11.00,DStar,
235,2.15,AgentPrefab,Agent,MoveState,Moving,Goal,11.00,0.00,11.00,0.00,0.00,0.00,11.00,0.00,11.00,DStar,
236,2.17,AgentPrefab,Agent,MoveState,Moving,Goal,11.00,0.00,11.00,0.00,0.00,0.00,11.00,0.00,11.00,DStar,
237,2.17,AgentPrefab,Agent,SearchState,Searching,Goal,11.00,0.00,11.00,0.00,0.00,0.00,11.00,0.00,11.00,DStar,
237,2.17,AgentPrefab,Agent,MoveState,Moving,Goal,11.00,0.00,11.00,0.00,0.00,0.00,11.00,0.00,11.00,DStar,
238,2.18,AgentPrefab,Agent,MoveState,Moving,Goal,11.00,0.00,11.00,0.00,0.00,0.00,11.00,0.00,11.00,DStar,
239,2.19,AgentPrefab,Agent,SearchState,Searching,Goal,11.00,0.00,11.00,0.00,0.00,0.00,11.00,0.00,11.00,DStar,
239,2.19,AgentPrefab,Agent,MoveState,Moving,Goal,11.00,0.00,11.00,0.00,0.00,0.00,11.00,0.00,11.00,DStar,
240,2.20,AgentPrefab,Agent,MoveState,Moving,Goal,11.00,0.00,11.00,0.00,0.00,0.00,11.00,0.00,11.00,DStar,
241,2.21,AgentPrefab,Agent,SearchState,Searching,Goal,11.00,0.00,11.00,0.00,0.00,0.00,11.00,0.00,11.00,DStar,
241,2.21,AgentPrefab,Agent,MoveState,Moving,Goal,11.00,0.00,11.00,0.00,0.00,0.00,11.00,0.00,11.00,DStar,
242,2.22,AgentPrefab,Agent,MoveState,Moving,Goal,11.00,0.00,11.00,0.00,0.00,0.00,11.00,0.00,11.00,DStar,
243,2.23,AgentPrefab,Agent,SearchState,Searching,Goal,11.00,0.00,11.00,0.00,0.00,0.00,11.00,0.00,11.00,DStar,
243,2.23,AgentPrefab,Agent,MoveState,Moving,Goal,11.00,0.00,11.00,0.00,0.00,0.00,11.00,0.00,11.00,DStar,
244,2.25,AgentPrefab,Agent,MoveState,Moving,Goal,11.00,0.00,11.00,0.00,0.00,0.00,11.00,0.00,11.00,DStar,
245,2.27,AgentPrefab,Agent,SearchState,Searching,Goal,11.00,0.00,11.00,0.00,0.00,0.00,11.00,0.00,11.00,DStar,
245,2.27,AgentPrefab,Agent,MoveState,Moving,Goal,11.00,0.00,11.00,0.00,0.00,0.00,11.00,0.00,11.00,DStar,
246,2.29,AgentPrefab,Agent,MoveState,Moving,Goal,11.00,0.00,11.00,0.00,0.00,0.00,11.00,0.00,11.00,DStar,
247,2.30,AgentPrefab,Agent,SearchState,Searching,Goal,11.00,0.00,11.00,0.00,0.00,0.00,11.00,0.00,11.00,DStar,
247,2.30,AgentPrefab,Agent,MoveState,Moving,Goal,11.00,0.00,11.00,0.00,0.00,0.00,11.00,0.00,11.00,DStar,
248,2.32,AgentPrefab,Agent,MoveState,Moving,Goal,11.00,0.00,11.00,0.00,0.00,0.00,11.00,0.00,11.00,DStar,
249,2.33,AgentPrefab,Agent,SearchState,Searching,Goal,11.00,0.00,11.00,0.00,0.00,0.00,11.00,0.00,11.00,DStar,
249,2.33,AgentPrefab,Agent,MoveState,Moving,Goal,11.00,0.00,11.00,0.00,0.00,0.00,11.00,0.00,11.00,DStar,
250,2.35,AgentPrefab,Agent,MoveState,Moving,Goal,11.00,0.00,11.00,0.00,0.00,0.00,11.00,0.00,11.00,DStar,
251,2.36,AgentPrefab,Agent,SearchState,Searching,Goal,11.00,0.00,11.00,0.00,0.00,0.00,11.00,0.00,11.00,DStar,
251,2.36,AgentPrefab,Agent,MoveState,Moving,Goal,11.00,0.00,11.00,0.00,0.00,0.00,11.00,0.00,11.00,DStar,
252,2.38,AgentPrefab,Agent,MoveState,Moving,Goal,11.00,0.00,11.00,0.00,0.00,0.00,11.00,0.00,11.00,DStar,
253,2.38,AgentPrefab,Agent,SearchState,Searching,Goal,11.00,0.00,11.00,0.00,0.00,0.00,11.00,0.00,11.00,DStar,
253,2.38,AgentPrefab,Agent,MoveState,Moving,Goal,11.00,0.00,11.00,0.00,0.00,0.00,11.00,0.00,11.00,DStar,
254,2.40,AgentPrefab,Agent,MoveState,Moving,Goal,11.00,0.00,11.00,0.00,0.00,0.00,11.00,0.00,11.00,DStar,
255,2.41,AgentPrefab,Agent,SearchState,Searching,Goal,11.00,0.00,11.00,0.00,0.00,0.00,11.00,0.00,11.00,DStar,
255,2.41,AgentPrefab,Agent,MoveState,Moving,Goal,11.00,0.00,11.00,0.00,0.00,0.00,11.00,0.00,11.00,DStar,
256,2.43,AgentPrefab,Agent,MoveState,Moving,Goal,11.00,0.00,11.00,0.00,0.00,0.00,11.00,0.00,11.00,DStar,
257,2.44,AgentPrefab,Agent,SearchState,Searching,Goal,11.00,0.00,11.00,0.00,0.00,0.00,11.00,0.00,11.00,DStar,
257,2.44,AgentPrefab,Agent,MoveState,Moving,Goal,11.00,0.00,11.00,0.00,0.00,0.00,11.00,0.00,11.00,DStar,
258,2.46,AgentPrefab,Agent,MoveState,Moving,Goal,11.00,0.00,11.00,0.00,0.00,0.00,11.00,0.00,11.00,DStar,
259,2.47,AgentPrefab,Agent,SearchState,Searching,Goal,11.00,0.00,11.00,0.00,0.00,0.00,11.00,0.00,11.00,DStar,
259,2.47,AgentPrefab,Agent,MoveState,Moving,Goal,11.00,0.00,11.00,0.00,0.00,0.00,11.00,0.00,11.00,DStar,
260,2.49,AgentPrefab,Agent,MoveState,Moving,Goal,11.00,0.00,11.00,0.00,0.00,0.00,11.00,0.00,11.00,DStar,
261,2.50,AgentPrefab,Agent,SearchState,Searching,Goal,11.00,0.00,11.00,0.00,0.00,0.00,11.00,0.00,11.00,DStar,
261,2.50,AgentPrefab,Agent,MoveState,Moving,Goal,11.00,0.00,11.00,0.00,0.00,0.00,11.00,0.00,11.00,DStar,
262,2.52,AgentPrefab,Agent,MoveState,Moving,Goal,11.00,0.00,11.00,0.00,0.00,0.00,11.00,0.00,11.00,DStar,
263,2.52,AgentPrefab,Agent,SearchState,Searching,Goal,11.00,0.00,11.00,0.00,0.00,0.00,11.00,0.00,11.00,DStar,
263,2.52,AgentPrefab,Agent,MoveState,Moving,Goal,11.00,0.00,11.00,0.00,0.00,0.00,11.00,0.00,11.00,DStar,
264,2.54,AgentPrefab,Agent,MoveState,Moving,Goal,11.00,0.00,11.00,0.00,0.00,0.00,11.00,0.00,11.00,DStar,
265,2.54,AgentPrefab,Agent,SearchState,Searching,Goal,11.00,0.00,11.00,0.00,0.00,0.00,11.00,0.00,11.00,DStar,
265,2.54,AgentPrefab,Agent,MoveState,Moving,Goal,11.00,0.00,11.00,0.00,0.00,0.00,11.00,0.00,11.00,DStar,
266,2.56,AgentPrefab,Agent,MoveState,Moving,Goal,11.00,0.00,11.00,0.00,0.00,0.00,11.00,0.00,11.00,DStar,
267,2.56,AgentPrefab,Agent,SearchState,Searching,Goal,11.00,0.00,11.00,0.00,0.00,0.00,11.00,0.00,11.00,DStar,
267,2.56,AgentPrefab,Agent,MoveState,Moving,Goal,11.00,0.00,11.00,0.00,0.00,0.00,11.00,0.00,11.00,DStar,
268,2.57,AgentPrefab,Agent,MoveState,Moving,Goal,11.00,0.00,11.00,0.00,0.00,0.00,11.00,0.00,11.00,DStar,
269,2.58,AgentPrefab,Agent,SearchState,Searching,Goal,11.00,0.00,11.00,0.00,0.00,0.00,11.00,0.00,11.00,DStar,
269,2.58,AgentPrefab,Agent,MoveState,Moving,Goal,11.00,0.00,11.00,0.00,0.00,0.00,11.00,0.00,11.00,DStar,
270,2.59,AgentPrefab,Agent,MoveState,Moving,Goal,11.00,0.00,11.00,0.00,0.00,0.00,11.00,0.00,11.00,DStar,
271,2.60,AgentPrefab,Agent,SearchState,Searching,Goal,11.00,0.00,11.00,0.00,0.00,0.00,11.00,0.00,11.00,DStar,
271,2.60,AgentPrefab,Agent,MoveState,Moving,Goal,11.00,0.00,11.00,0.00,0.00,0.00,11.00,0.00,11.00,DStar,
272,2.61,AgentPrefab,Agent,MoveState,Moving,Goal,11.00,0.00,11.00,0.00,0.00,0.00,11.00,0.00,11.00,DStar,
273,2.62,AgentPrefab,Agent,SearchState,Searching,Goal,11.00,0.00,11.00,0.00,0.00,0.00,11.00,0.00,11.00,DStar,
273,2.62,AgentPrefab,Agent,MoveState,Moving,Goal,11.00,0.00,11.00,0.00,0.00,0.00,11.00,0.00,11.00,DStar,
274,2.63,AgentPrefab,Agent,MoveState,Moving,Goal,11.00,0.00,11.00,0.00,0.00,0.00,11.00,0.00,11.00,DStar,
275,2.63,AgentPrefab,Agent,SearchState,Searching,Goal,11.00,0.00,11.00,0.00,0.00,0.00,11.00,0.00,11.00,DStar,
275,2.63,AgentPrefab,Agent,MoveState,Moving,Goal,11.00,0.00,11.00,0.00,0.00,0.00,11.00,0.00,11.00,DStar,
276,2.65,AgentPrefab,Agent,MoveState,Moving,Goal,11.00,0.00,11.00,0.00,0.00,0.00,11.00,0.00,11.00,DStar,
277,2.65,AgentPrefab,Agent,SearchState,Searching,Goal,11.00,0.00,11.00,0.00,0.00,0.00,11.00,0.00,11.00,DStar,
277,2.65,AgentPrefab,Agent,MoveState,Moving,Goal,11.00,0.00,11.00,0.00,0.00,0.00,11.00,0.00,11.00,DStar,
278,2.67,AgentPrefab,Agent,MoveState,Moving,Goal,11.00,0.00,11.00,0.00,0.00,0.00,11.00,0.00,11.00,DStar,
279,2.67,AgentPrefab,Agent,SearchState,Searching,Goal,11.00,0.00,11.00,0.00,0.00,0.00,11.00,0.00,11.00,DStar,
279,2.67,AgentPrefab,Agent,MoveState,Moving,Goal,11.00,0.00,11.00,0.00,0.00,0.00,11.00,0.00,11.00,DStar,
280,2.69,AgentPrefab,Agent,MoveState,Moving,Goal,11.00,0.00,11.00,0.00,0.00,0.00,11.00,0.00,11.00,DStar,
281,2.70,AgentPrefab,Agent,SearchState,Searching,Goal,11.00,0.00,11.00,0.00,0.00,0.00,11.00,0.00,11.00,DStar,
281,2.70,AgentPrefab,Agent,MoveState,Moving,Goal,11.00,0.00,11.00,0.00,0.00,0.00,11.00,0.00,11.00,DStar,
282,2.72,AgentPrefab,Agent,MoveState,Moving,Goal,11.00,0.00,11.00,0.00,0.00,0.00,11.00,0.00,11.00,DStar,
283,2.73,AgentPrefab,Agent,SearchState,Searching,Goal,11.00,0.00,11.00,0.00,0.00,0.00,11.00,0.00,11.00,DStar,
283,2.73,AgentPrefab,Agent,MoveState,Moving,Goal,11.00,0.00,11.00,0.00,0.00,0.00,11.00,0.00,11.00,DStar,
284,2.74,AgentPrefab,Agent,MoveState,Moving,Goal,11.00,0.00,11.00,0.00,0.00,0.00,11.00,0.00,11.00,DStar,
285,2.74,AgentPrefab,Agent,SearchState,Searching,Goal,11.00,0.00,11.00,0.00,0.00,0.00,11.00,0.00,11.00,DStar,
285,2.74,AgentPrefab,Agent,MoveState,Moving,Goal,11.00,0.00,11.00,0.00,0.00,0.00,11.00,0.00,11.00,DStar,
286,2.76,AgentPrefab,Agent,MoveState,Moving,Goal,11.00,0.00,11.00,0.00,0.00,0.00,11.00,0.00,11.00,DStar,
287,2.77,AgentPrefab,Agent,SearchState,Searching,Goal,11.00,0.00,11.00,0.00,0.00,0.00,11.00,0.00,11.00,DStar,
287,2.77,AgentPrefab,Agent,MoveState,Moving,Goal,11.00,0.00,11.00,0.00,0.00,0.00,11.00,0.00,11.00,DStar,
288,2.79,AgentPrefab,Agent,MoveState,Moving,Goal,11.00,0.00,11.00,0.00,0.00,0.00,11.00,0.00,11.00,DStar,
289,2.80,AgentPrefab,Agent,SearchState,Searching,Goal,11.00,0.00,11.00,0.00,0.00,0.00,11.00,0.00,11.00,DStar,
289,2.80,AgentPrefab,Agent,MoveState,Moving,Goal,11.00,0.00,11.00,0.00,0.00,0.00,11.00,0.00,11.00,DStar,
290,2.81,AgentPrefab,Agent,MoveState,Moving,Goal,11.00,0.00,11.00,0.00,0.00,0.00,11.00,0.00,11.00,DStar,
291,2.82,AgentPrefab,Agent,SearchState,Searching,Goal,11.00,0.00,11.00,0.00,0.00,0.00,11.00,0.00,11.00,DStar,
291,2.82,AgentPrefab,Agent,MoveState,Moving,Goal,11.00,0.00,11.00,0.00,0.00,0.00,11.00,0.00,11.00,DStar,
292,2.83,AgentPrefab,Agent,MoveState,Moving,Goal,11.00,0.00,11.00,0.00,0.00,0.00,11.00,0.00,11.00,DStar,
293,2.84,AgentPrefab,Agent,SearchState,Searching,Goal,11.00,0.00,11.00,0.00,0.00,0.00,11.00,0.00,11.00,DStar,
293,2.84,AgentPrefab,Agent,MoveState,Moving,Goal,11.00,0.00,11.00,0.00,0.00,0.00,11.00,0.00,11.00,DStar,
294,2.85,AgentPrefab,Agent,MoveState,Moving,Goal,11.00,0.00,11.00,0.00,0.00,0.00,11.00,0.00,11.00,DStar,
295,2.85,AgentPrefab,Agent,SearchState,Searching,Goal,11.00,0.00,11.00,0.00,0.00,0.00,11.00,0.00,11.00,DStar,
295,2.85,AgentPrefab,Agent,MoveState,Moving,Goal,11.00,0.00,11.00,0.00,0.00,0.00,11.00,0.00,11.00,DStar,
296,2.86,AgentPrefab,Agent,MoveState,Moving,Goal,11.00,0.00,11.00,0.00,0.00,0.00,11.00,0.00,11.00,DStar,
297,2.87,AgentPrefab,Agent,SearchState,Searching,Goal,11.00,0.00,11.00,0.00,0.00,0.00,11.00,0.00,11.00,DStar,
297,2.87,AgentPrefab,Agent,MoveState,Moving,Goal,11.00,0.00,11.00,0.00,0.00,0.00,11.00,0.00,11.00,DStar,
298,2.88,AgentPrefab,Agent,MoveState,Moving,Goal,11.00,0.00,11.00,0.00,0.00,0.00,11.00,0.00,11.00,DStar,
299,2.89,AgentPrefab,Agent,SearchState,Searching,Goal,11.00,0.00,11.00,0.00,0.00,0.00,11.00,0.00,11.00,DStar,
299,2.89,AgentPrefab,Agent,MoveState,Moving,Goal,11.00,0.00,11.00,0.00,0.00,0.00,11.00,0.00,11.00,DStar,
300,2.90,AgentPrefab,Agent,MoveState,Moving,Goal,11.00,0.00,11.00,0.00,0.00,0.00,11.00,0.00,11.00,DStar,
301,2.91,AgentPrefab,Agent,SearchState,Searching,Goal,11.00,0.00,11.00,0.00,0.00,0.00,11.00,0.00,11.00,DStar,
301,2.91,AgentPrefab,Agent,MoveState,Moving,Goal,11.00,0.00,11.00,0.00,0.00,0.00,11.00,0.00,11.00,DStar,
302,2.92,AgentPrefab,Agent,MoveState,Moving,Goal,11.00,0.00,11.00,0.00,0.00,0.00,11.00,0.00,11.00,DStar,
303,2.92,AgentPrefab,Agent,SearchState,Searching,Goal,11.00,0.00,11.00,0.00,0.00,0.00,11.00,0.00,11.00,DStar,
303,2.92,AgentPrefab,Agent,MoveState,Moving,Goal,11.00,0.00,11.00,0.00,0.00,0.00,11.00,0.00,11.00,DStar,
304,2.94,AgentPrefab,Agent,MoveState,Moving,Goal,11.00,0.00,11.00,0.00,0.00,0.00,11.00,0.00,11.00,DStar,
305,2.94,AgentPrefab,Agent,SearchState,Searching,Goal,11.00,0.00,11.00,0.00,0.00,0.00,11.00,0.00,11.00,DStar,
305,2.94,AgentPrefab,Agent,MoveState,Moving,Goal,11.00,0.00,11.00,0.00,0.00,0.00,11.00,0.00,11.00,DStar,
306,2.95,AgentPrefab,Agent,MoveState,Moving,Goal,11.00,0.00,11.00,0.00,0.00,0.00,11.00,0.00,11.00,DStar,
307,2.96,AgentPrefab,Agent,SearchState,Searching,Goal,11.00,0.00,11.00,0.00,0.00,0.00,11.00,0.00,11.00,DStar,
307,2.96,AgentPrefab,Agent,MoveState,Moving,Goal,11.00,0.00,11.00,0.00,0.00,0.00,11.00,0.00,11.00,DStar,
308,2.97,AgentPrefab,Agent,MoveState,Moving,Goal,11.00,0.00,11.00,0.00,0.00,0.00,11.00,0.00,11.00,DStar,
309,2.98,AgentPrefab,Agent,SearchState,Searching,Goal,11.00,0.00,11.00,0.00,0.00,0.00,11.00,0.00,11.00,DStar,
309,2.98,AgentPrefab,Agent,MoveState,Moving,Goal,11.00,0.00,11.00,0.00,0.00,0.00,11.00,0.00,11.00,DStar,
310,2.99,AIManager,Performance,Pathfinding,Executed,DStar,0.00,0.00,0.00,0.00,0.00,0.00,0.00,0.00,0.00,DStar,148.993
310,2.99,AgentPrefab,Agent,MoveState,Moving,Goal,11.00,0.00,11.00,0.00,0.00,0.00,0.00,0.00,0.00,DStar,
311,3.15,AgentPrefab,Agent,MoveState,Moving,Goal,11.00,0.00,11.00,0.00,0.00,0.00,5.40,0.00,8.30,DStar,
312,3.17,AgentPrefab,Agent,MoveState,Moving,Goal,11.00,0.00,11.00,0.18,0.00,0.27,5.40,0.00,8.30,DStar,
313,3.18,AgentPrefab,Agent,MoveState,Moving,Goal,11.00,0.00,11.00,0.19,0.00,0.30,5.40,0.00,8.30,DStar,
314,3.18,AgentPrefab,Agent,MoveState,Moving,Goal,11.00,0.00,11.00,0.21,0.00,0.32,5.40,0.00,8.30,DStar,
315,3.19,AgentPrefab,Agent,MoveState,Moving,Goal,11.00,0.00,11.00,0.21,0.00,0.32,5.40,0.00,8.30,DStar,
316,3.20,AgentPrefab,Agent,MoveState,Moving,Goal,11.00,0.00,11.00,0.22,0.00,0.34,5.40,0.00,8.30,DStar,
317,3.20,AgentPrefab,Agent,MoveState,Moving,Goal,11.00,0.00,11.00,0.23,0.00,0.35,5.40,0.00,8.30,DStar,
318,3.21,AgentPrefab,Agent,MoveState,Moving,Goal,11.00,0.00,11.00,0.23,0.00,0.36,5.40,0.00,8.30,DStar,
319,3.21,AgentPrefab,Agent,MoveState,Moving,Goal,11.00,0.00,11.00,0.24,0.00,0.37,5.40,0.00,8.30,DStar,
320,3.22,AgentPrefab,Agent,MoveState,Moving,Goal,11.00,0.00,11.00,0.25,0.00,0.38,5.40,0.00,8.30,DStar,
321,3.23,AgentPrefab,Agent,MoveState,Moving,Goal,11.00,0.00,11.00,0.25,0.00,0.39,5.40,0.00,8.30,DStar,
322,3.23,AgentPrefab,Agent,MoveState,Moving,Goal,11.00,0.00,11.00,0.26,0.00,0.40,5.40,0.00,8.30,DStar,
323,3.24,AgentPrefab,Agent,MoveState,Moving,Goal,11.00,0.00,11.00,0.27,0.00,0.41,5.40,0.00,8.30,DStar,
324,3.25,AgentPrefab,Agent,MoveState,Moving,Goal,11.00,0.00,11.00,0.27,0.00,0.42,5.40,0.00,8.30,DStar,
325,3.25,AgentPrefab,Agent,MoveState,Moving,Goal,11.00,0.00,11.00,0.28,0.00,0.43,5.40,0.00,8.30,DStar,
326,3.26,AgentPrefab,Agent,MoveState,Moving,Goal,11.00,0.00,11.00,0.29,0.00,0.44,5.40,0.00,8.30,DStar,
327,3.26,AgentPrefab,Agent,MoveState,Moving,Goal,11.00,0.00,11.00,0.29,0.00,0.45,5.40,0.00,8.30,DStar,
328,3.27,AgentPrefab,Agent,MoveState,Moving,Goal,11.00,0.00,11.00,0.30,0.00,0.46,5.40,0.00,8.30,DStar,
329,3.28,AgentPrefab,Agent,MoveState,Moving,Goal,11.00,0.00,11.00,0.31,0.00,0.47,5.40,0.00,8.30,DStar,
330,3.28,AgentPrefab,Agent,MoveState,Moving,Goal,11.00,0.00,11.00,0.31,0.00,0.48,5.40,0.00,8.30,DStar,
331,3.29,AgentPrefab,Agent,MoveState,Moving,Goal,11.00,0.00,11.00,0.32,0.00,0.49,5.40,0.00,8.30,DStar,
332,3.30,AgentPrefab,Agent,MoveState,Moving,Goal,11.00,0.00,11.00,0.33,0.00,0.50,5.40,0.00,8.30,DStar,
333,3.30,AgentPrefab,Agent,MoveState,Moving,Goal,11.00,0.00,11.00,0.33,0.00,0.51,5.40,0.00,8.30,DStar,
334,3.31,AgentPrefab,Agent,MoveState,Moving,Goal,11.00,0.00,11.00,0.34,0.00,0.52,5.40,0.00,8.30,DStar,
335,3.33,AgentPrefab,Agent,MoveState,Moving,Goal,11.00,0.00,11.00,0.35,0.00,0.54,5.40,0.00,8.30,DStar,
336,3.34,AgentPrefab,Agent,MoveState,Moving,Goal,11.00,0.00,11.00,0.37,0.00,0.57,5.40,0.00,8.30,DStar,
337,3.35,AgentPrefab,Agent,MoveState,Moving,Goal,11.00,0.00,11.00,0.38,0.00,0.59,5.40,0.00,8.30,DStar,
338,3.36,AgentPrefab,Agent,MoveState,Moving,Goal,11.00,0.00,11.00,0.40,0.00,0.61,5.40,0.00,8.30,DStar,
339,3.37,AgentPrefab,Agent,MoveState,Moving,Goal,11.00,0.00,11.00,0.40,0.00,0.62,5.40,0.00,8.30,DStar,
340,3.37,AgentPrefab,Agent,MoveState,Moving,Goal,11.00,0.00,11.00,0.41,0.00,0.63,5.40,0.00,8.30,DStar,
341,3.38,AgentPrefab,Agent,MoveState,Moving,Goal,11.00,0.00,11.00,0.42,0.00,0.64,5.40,0.00,8.30,DStar,
342,3.38,AgentPrefab,Agent,MoveState,Moving,Goal,11.00,0.00,11.00,0.42,0.00,0.65,5.40,0.00,8.30,DStar,
343,3.40,AgentPrefab,Agent,MoveState,Moving,Goal,11.00,0.00,11.00,0.43,0.00,0.66,5.40,0.00,8.30,DStar,
344,3.40,AgentPrefab,Agent,MoveState,Moving,Goal,11.00,0.00,11.00,0.44,0.00,0.68,5.40,0.00,8.30,DStar,
345,3.41,AgentPrefab,Agent,MoveState,Moving,Goal,11.00,0.00,11.00,0.45,0.00,0.69,5.40,0.00,8.30,DStar,
346,3.41,AgentPrefab,Agent,MoveState,Moving,Goal,11.00,0.00,11.00,0.46,0.00,0.70,5.40,0.00,8.30,DStar,
347,3.42,AgentPrefab,Agent,MoveState,Moving,Goal,11.00,0.00,11.00,0.46,0.00,0.71,5.40,0.00,8.30,DStar,
348,3.43,AgentPrefab,Agent,MoveState,Moving,Goal,11.00,0.00,11.00,0.47,0.00,0.72,5.40,0.00,8.30,DStar,
349,3.43,AgentPrefab,Agent,MoveState,Moving,Goal,11.00,0.00,11.00,0.48,0.00,0.73,5.40,0.00,8.30,DStar,
350,3.44,AgentPrefab,Agent,MoveState,Moving,Goal,11.00,0.00,11.00,0.48,0.00,0.74,5.40,0.00,8.30,DStar,
351,3.45,AgentPrefab,Agent,MoveState,Moving,Goal,11.00,0.00,11.00,0.49,0.00,0.75,5.40,0.00,8.30,DStar,
352,3.45,AgentPrefab,Agent,MoveState,Moving,Goal,11.00,0.00,11.00,0.50,0.00,0.77,5.40,0.00,8.30,DStar,
353,3.46,AgentPrefab,Agent,MoveState,Moving,Goal,11.00,0.00,11.00,0.50,0.00,0.78,5.40,0.00,8.30,DStar,
354,3.47,AgentPrefab,Agent,MoveState,Moving,Goal,11.00,0.00,11.00,0.51,0.00,0.79,5.40,0.00,8.30,DStar,
355,3.54,AgentPrefab,Agent,MoveState,Moving,Goal,11.00,0.00,11.00,0.52,0.00,0.81,5.40,0.00,8.30,DStar,
356,3.56,AgentPrefab,Agent,MoveState,Moving,Goal,11.00,0.00,11.00,0.60,0.00,0.92,5.40,0.00,8.30,DStar,
357,3.57,AgentPrefab,Agent,MoveState,Moving,Goal,11.00,0.00,11.00,0.63,0.00,0.96,5.40,0.00,8.30,DStar,
358,3.58,AgentPrefab,Agent,MoveState,Moving,Goal,11.00,0.00,11.00,0.64,0.00,0.98,5.40,0.00,8.30,DStar,
359,3.58,AgentPrefab,Agent,MoveState,Moving,Goal,11.00,0.00,11.00,0.64,0.00,0.98,5.40,0.00,8.30,DStar,
360,3.59,AgentPrefab,Agent,MoveState,Moving,Goal,11.00,0.00,11.00,0.65,0.00,1.00,5.40,0.00,8.30,DStar,
361,3.60,AgentPrefab,Agent,MoveState,Moving,Goal,11.00,0.00,11.00,0.66,0.00,1.01,5.40,0.00,8.30,DStar,
362,3.60,AgentPrefab,Agent,MoveState,Moving,Goal,11.00,0.00,11.00,0.66,0.00,1.02,5.40,0.00,8.30,DStar,
363,3.61,AgentPrefab,Agent,MoveState,Moving,Goal,11.00,0.00,11.00,0.67,0.00,1.03,5.40,0.00,8.30,DStar,
364,3.62,AgentPrefab,Agent,MoveState,Moving,Goal,11.00,0.00,11.00,0.68,0.00,1.04,5.40,0.00,8.30,DStar,
365,3.62,AgentPrefab,Agent,MoveState,Moving,Goal,11.00,0.00,11.00,0.68,0.00,1.05,5.40,0.00,8.30,DStar,
366,3.63,AgentPrefab,Agent,MoveState,Moving,Goal,11.00,0.00,11.00,0.69,0.00,1.06,5.40,0.00,8.30,DStar,
367,3.63,AgentPrefab,Agent,MoveState,Moving,Goal,11.00,0.00,11.00,0.70,0.00,1.07,5.40,0.00,8.30,DStar,
368,3.64,AgentPrefab,Agent,MoveState,Moving,Goal,11.00,0.00,11.00,0.70,0.00,1.08,5.40,0.00,8.30,DStar,
369,3.65,AgentPrefab,Agent,MoveState,Moving,Goal,11.00,0.00,11.00,0.71,0.00,1.09,5.40,0.00,8.30,DStar,
370,3.65,AgentPrefab,Agent,MoveState,Moving,Goal,11.00,0.00,11.00,0.72,0.00,1.10,5.40,0.00,8.30,DStar,
371,3.66,AgentPrefab,Agent,MoveState,Moving,Goal,11.00,0.00,11.00,0.72,0.00,1.11,5.40,0.00,8.30,DStar,
372,3.67,AgentPrefab,Agent,MoveState,Moving,Goal,11.00,0.00,11.00,0.73,0.00,1.13,5.40,0.00,8.30,DStar,
373,3.67,AgentPrefab,Agent,MoveState,Moving,Goal,11.00,0.00,11.00,0.74,0.00,1.14,5.40,0.00,8.30,DStar,
374,3.68,AgentPrefab,Agent,MoveState,Moving,Goal,11.00,0.00,11.00,0.75,0.00,1.15,5.40,0.00,8.30,DStar,
375,3.69,AgentPrefab,Agent,MoveState,Moving,Goal,11.00,0.00,11.00,0.75,0.00,1.16,5.40,0.00,8.30,DStar,
376,3.69,AgentPrefab,Agent,MoveState,Moving,Goal,11.00,0.00,11.00,0.76,0.00,1.17,5.40,0.00,8.30,DStar,
377,3.70,AgentPrefab,Agent,MoveState,Moving,Goal,11.00,0.00,11.00,0.77,0.00,1.18,5.40,0.00,8.30,DStar,
378,3.70,AgentPrefab,Agent,MoveState,Moving,Goal,11.00,0.00,11.00,0.77,0.00,1.19,5.40,0.00,8.30,DStar,
379,3.71,AgentPrefab,Agent,MoveState,Moving,Goal,11.00,0.00,11.00,0.78,0.00,1.20,5.40,0.00,8.30,DStar,
380,3.72,AgentPrefab,Agent,MoveState,Moving,Goal,11.00,0.00,11.00,0.79,0.00,1.21,5.40,0.00,8.30,DStar,
381,3.72,AgentPrefab,Agent,MoveState,Moving,Goal,11.00,0.00,11.00,0.79,0.00,1.22,5.40,0.00,8.30,DStar,
382,3.73,AgentPrefab,Agent,MoveState,Moving,Goal,11.00,0.00,11.00,0.80,0.00,1.23,5.40,0.00,8.30,DStar,
383,3.73,AgentPrefab,Agent,MoveState,Moving,Goal,11.00,0.00,11.00,0.81,0.00,1.24,5.40,0.00,8.30,DStar,
384,3.74,AgentPrefab,Agent,MoveState,Moving,Goal,11.00,0.00,11.00,0.81,0.00,1.25,5.40,0.00,8.30,DStar,
385,3.75,AgentPrefab,Agent,MoveState,Moving,Goal,11.00,0.00,11.00,0.82,0.00,1.26,5.40,0.00,8.30,DStar,
386,3.75,AgentPrefab,Agent,MoveState,Moving,Goal,11.00,0.00,11.00,0.83,0.00,1.27,5.40,0.00,8.30,DStar,
387,3.76,AgentPrefab,Agent,MoveState,Moving,Goal,11.00,0.00,11.00,0.83,0.00,1.28,5.40,0.00,8.30,DStar,
388,3.76,AgentPrefab,Agent,MoveState,Moving,Goal,11.00,0.00,11.00,0.84,0.00,1.29,5.40,0.00,8.30,DStar,
389,3.77,AgentPrefab,Agent,MoveState,Moving,Goal,11.00,0.00,11.00,0.85,0.00,1.30,5.40,0.00,8.30,DStar,
390,3.78,AgentPrefab,Agent,MoveState,Moving,Goal,11.00,0.00,11.00,0.85,0.00,1.31,5.40,0.00,8.30,DStar,
391,3.78,AgentPrefab,Agent,MoveState,Moving,Goal,11.00,0.00,11.00,0.86,0.00,1.32,5.40,0.00,8.30,DStar,
392,3.79,AgentPrefab,Agent,MoveState,Moving,Goal,11.00,0.00,11.00,0.87,0.00,1.33,5.40,0.00,8.30,DStar,
393,3.80,AgentPrefab,Agent,MoveState,Moving,Goal,11.00,0.00,11.00,0.87,0.00,1.34,5.40,0.00,8.30,DStar,
394,3.80,AgentPrefab,Agent,MoveState,Moving,Goal,11.00,0.00,11.00,0.88,0.00,1.35,5.40,0.00,8.30,DStar,
395,3.81,AgentPrefab,Agent,MoveState,Moving,Goal,11.00,0.00,11.00,0.89,0.00,1.36,5.40,0.00,8.30,DStar,
396,3.82,AgentPrefab,Agent,MoveState,Moving,Goal,11.00,0.00,11.00,0.89,0.00,1.37,5.40,0.00,8.30,DStar,
397,3.82,AgentPrefab,Agent,MoveState,Moving,Goal,11.00,0.00,11.00,0.90,0.00,1.38,5.40,0.00,8.30,DStar,
398,3.83,AgentPrefab,Agent,MoveState,Moving,Goal,11.00,0.00,11.00,0.91,0.00,1.39,5.40,0.00,8.30,DStar,
399,3.83,AgentPrefab,Agent,MoveState,Moving,Goal,11.00,0.00,11.00,0.91,0.00,1.40,5.40,0.00,8.30,DStar,
400,3.84,AgentPrefab,Agent,MoveState,Moving,Goal,11.00,0.00,11.00,0.92,0.00,1.41,5.40,0.00,8.30,DStar,
401,3.84,AgentPrefab,Agent,MoveState,Moving,Goal,11.00,0.00,11.00,0.93,0.00,1.42,5.40,0.00,8.30,DStar,
402,3.85,AgentPrefab,Agent,MoveState,Moving,Goal,11.00,0.00,11.00,0.93,0.00,1.43,5.40,0.00,8.30,DStar,
403,3.86,AgentPrefab,Agent,MoveState,Moving,Goal,11.00,0.00,11.00,0.94,0.00,1.45,5.40,0.00,8.30,DStar,
404,3.86,AgentPrefab,Agent,MoveState,Moving,Goal,11.00,0.00,11.00,0.95,0.00,1.46,5.40,0.00,8.30,DStar,
405,3.87,AgentPrefab,Agent,MoveState,Moving,Goal,11.00,0.00,11.00,0.95,0.00,1.47,5.40,0.00,8.30,DStar,
406,3.88,AgentPrefab,Agent,MoveState,Moving,Goal,11.00,0.00,11.00,0.96,0.00,1.48,5.40,0.00,8.30,DStar,
407,3.88,AgentPrefab,Agent,MoveState,Moving,Goal,11.00,0.00,11.00,0.97,0.00,1.49,5.40,0.00,8.30,DStar,
408,3.89,AgentPrefab,Agent,MoveState,Moving,Goal,11.00,0.00,11.00,0.97,0.00,1.50,5.40,0.00,8.30,DStar,
409,3.90,AgentPrefab,Agent,MoveState,Moving,Goal,11.00,0.00,11.00,0.98,0.00,1.51,5.40,0.00,8.30,DStar,
410,3.90,AgentPrefab,Agent,MoveState,Moving,Goal,11.00,0.00,11.00,0.99,0.00,1.52,5.40,0.00,8.30,DStar,
411,3.91,AgentPrefab,Agent,MoveState,Moving,Goal,11.00,0.00,11.00,0.99,0.00,1.53,5.40,0.00,8.30,DStar,
412,3.91,AgentPrefab,Agent,MoveState,Moving,Goal,11.00,0.00,11.00,1.00,0.00,1.54,5.40,0.00,8.30,DStar,
413,3.92,AgentPrefab,Agent,MoveState,Moving,Goal,11.00,0.00,11.00,1.01,0.00,1.55,5.40,0.00,8.30,DStar,
414,3.93,AgentPrefab,Agent,MoveState,Moving,Goal,11.00,0.00,11.00,1.02,0.00,1.56,5.40,0.00,8.30,DStar,
415,3.93,AgentPrefab,Agent,MoveState,Moving,Goal,11.00,0.00,11.00,1.02,0.00,1.57,5.40,0.00,8.30,DStar,
416,3.94,AgentPrefab,Agent,MoveState,Moving,Goal,11.00,0.00,11.00,1.03,0.00,1.58,5.40,0.00,8.30,DStar,
417,3.95,AgentPrefab,Agent,MoveState,Moving,Goal,11.00,0.00,11.00,1.04,0.00,1.59,5.40,0.00,8.30,DStar,
418,3.95,AgentPrefab,Agent,MoveState,Moving,Goal,11.00,0.00,11.00,1.04,0.00,1.60,5.40,0.00,8.30,DStar,
419,3.96,AgentPrefab,Agent,MoveState,Moving,Goal,11.00,0.00,11.00,1.05,0.00,1.61,5.40,0.00,8.30,DStar,
420,3.96,AgentPrefab,Agent,MoveState,Moving,Goal,11.00,0.00,11.00,1.06,0.00,1.62,5.40,0.00,8.30,DStar,
421,3.97,AgentPrefab,Agent,MoveState,Moving,Goal,11.00,0.00,11.00,1.06,0.00,1.63,5.40,0.00,8.30,DStar,
422,3.98,AgentPrefab,Agent,MoveState,Moving,Goal,11.00,0.00,11.00,1.07,0.00,1.65,5.40,0.00,8.30,DStar,
423,3.99,AgentPrefab,Agent,MoveState,Moving,Goal,11.00,0.00,11.00,1.08,0.00,1.66,5.40,0.00,8.30,DStar,
424,3.99,AgentPrefab,Agent,MoveState,Moving,Goal,11.00,0.00,11.00,1.09,0.00,1.67,5.40,0.00,8.30,DStar,
425,4.00,AgentPrefab,Agent,MoveState,Moving,Goal,11.00,0.00,11.00,1.10,0.00,1.68,5.40,0.00,8.30,DStar,
426,4.01,AgentPrefab,Agent,MoveState,Moving,Goal,11.00,0.00,11.00,1.10,0.00,1.69,5.40,0.00,8.30,DStar,
427,4.01,AgentPrefab,Agent,MoveState,Moving,Goal,11.00,0.00,11.00,1.11,0.00,1.70,5.40,0.00,8.30,DStar,
428,4.02,AgentPrefab,Agent,MoveState,Moving,Goal,11.00,0.00,11.00,1.12,0.00,1.71,5.40,0.00,8.30,DStar,
429,4.02,AgentPrefab,Agent,MoveState,Moving,Goal,11.00,0.00,11.00,1.12,0.00,1.72,5.40,0.00,8.30,DStar,
430,4.03,AgentPrefab,Agent,MoveState,Moving,Goal,11.00,0.00,11.00,1.13,0.00,1.74,5.40,0.00,8.30,DStar,
431,4.04,AgentPrefab,Agent,MoveState,Moving,Goal,11.00,0.00,11.00,1.14,0.00,1.75,5.40,0.00,8.30,DStar,
432,4.04,AgentPrefab,Agent,MoveState,Moving,Goal,11.00,0.00,11.00,1.14,0.00,1.76,5.40,0.00,8.30,DStar,
433,4.05,AgentPrefab,Agent,MoveState,Moving,Goal,11.00,0.00,11.00,1.15,0.00,1.77,5.40,0.00,8.30,DStar,
434,4.06,AgentPrefab,Agent,MoveState,Moving,Goal,11.00,0.00,11.00,1.16,0.00,1.78,5.40,0.00,8.30,DStar,
435,4.06,AgentPrefab,Agent,MoveState,Moving,Goal,11.00,0.00,11.00,1.16,0.00,1.79,5.40,0.00,8.30,DStar,
436,4.07,AgentPrefab,Agent,MoveState,Moving,Goal,11.00,0.00,11.00,1.17,0.00,1.80,5.40,0.00,8.30,DStar,
437,4.08,AgentPrefab,Agent,MoveState,Moving,Goal,11.00,0.00,11.00,1.18,0.00,1.81,5.40,0.00,8.30,DStar,
438,4.08,AgentPrefab,Agent,MoveState,Moving,Goal,11.00,0.00,11.00,1.18,0.00,1.82,5.40,0.00,8.30,DStar,
439,4.09,AgentPrefab,Agent,MoveState,Moving,Goal,11.00,0.00,11.00,1.19,0.00,1.83,5.40,0.00,8.30,DStar,
440,4.09,AgentPrefab,Agent,MoveState,Moving,Goal,11.00,0.00,11.00,1.20,0.00,1.84,5.40,0.00,8.30,DStar,
441,4.10,AgentPrefab,Agent,MoveState,Moving,Goal,11.00,0.00,11.00,1.21,0.00,1.85,5.40,0.00,8.30,DStar,
442,4.11,AgentPrefab,Agent,MoveState,Moving,Goal,11.00,0.00,11.00,1.21,0.00,1.86,5.40,0.00,8.30,DStar,
443,4.11,AgentPrefab,Agent,MoveState,Moving,Goal,11.00,0.00,11.00,1.22,0.00,1.87,5.40,0.00,8.30,DStar,
444,4.12,AgentPrefab,Agent,MoveState,Moving,Goal,11.00,0.00,11.00,1.23,0.00,1.88,5.40,0.00,8.30,DStar,
445,4.13,AgentPrefab,Agent,MoveState,Moving,Goal,11.00,0.00,11.00,1.23,0.00,1.89,5.40,0.00,8.30,DStar,
446,4.13,AgentPrefab,Agent,MoveState,Moving,Goal,11.00,0.00,11.00,1.24,0.00,1.91,5.40,0.00,8.30,DStar,
447,4.14,AgentPrefab,Agent,MoveState,Moving,Goal,11.00,0.00,11.00,1.25,0.00,1.92,5.40,0.00,8.30,DStar,
448,4.14,AgentPrefab,Agent,MoveState,Moving,Goal,11.00,0.00,11.00,1.25,0.00,1.93,5.40,0.00,8.30,DStar,
449,4.15,AgentPrefab,Agent,MoveState,Moving,Goal,11.00,0.00,11.00,1.26,0.00,1.94,5.40,0.00,8.30,DStar,
450,4.16,AgentPrefab,Agent,MoveState,Moving,Goal,11.00,0.00,11.00,1.27,0.00,1.95,5.40,0.00,8.30,DStar,
451,4.16,AgentPrefab,Agent,MoveState,Moving,Goal,11.00,0.00,11.00,1.27,0.00,1.96,5.40,0.00,8.30,DStar,
452,4.17,AgentPrefab,Agent,MoveState,Moving,Goal,11.00,0.00,11.00,1.28,0.00,1.97,5.40,0.00,8.30,DStar,
453,4.18,AgentPrefab,Agent,MoveState,Moving,Goal,11.00,0.00,11.00,1.29,0.00,1.98,5.40,0.00,8.30,DStar,
454,4.19,AgentPrefab,Agent,MoveState,Moving,Goal,11.00,0.00,11.00,1.29,0.00,1.99,5.40,0.00,8.30,DStar,
455,4.19,AgentPrefab,Agent,MoveState,Moving,Goal,11.00,0.00,11.00,1.30,0.00,2.01,5.40,0.00,8.30,DStar,
456,4.20,AgentPrefab,Agent,MoveState,Moving,Goal,11.00,0.00,11.00,1.31,0.00,2.01,5.40,0.00,8.30,DStar,
457,4.20,AgentPrefab,Agent,MoveState,Moving,Goal,11.00,0.00,11.00,1.32,0.00,2.03,5.40,0.00,8.30,DStar,
458,4.21,AgentPrefab,Agent,MoveState,Moving,Goal,11.00,0.00,11.00,1.32,0.00,2.04,5.40,0.00,8.30,DStar,
459,4.22,AgentPrefab,Agent,MoveState,Moving,Goal,11.00,0.00,11.00,1.33,0.00,2.05,5.40,0.00,8.30,DStar,
460,4.22,AgentPrefab,Agent,MoveState,Moving,Goal,11.00,0.00,11.00,1.34,0.00,2.06,5.40,0.00,8.30,DStar,
461,4.23,AgentPrefab,Agent,MoveState,Moving,Goal,11.00,0.00,11.00,1.35,0.00,2.07,5.40,0.00,8.30,DStar,
462,4.24,AgentPrefab,Agent,MoveState,Moving,Goal,11.00,0.00,11.00,1.35,0.00,2.08,5.40,0.00,8.30,DStar,
463,4.24,AgentPrefab,Agent,MoveState,Moving,Goal,11.00,0.00,11.00,1.36,0.00,2.09,5.40,0.00,8.30,DStar,
464,4.25,AgentPrefab,Agent,MoveState,Moving,Goal,11.00,0.00,11.00,1.37,0.00,2.10,5.40,0.00,8.30,DStar,
465,4.25,AgentPrefab,Agent,MoveState,Moving,Goal,11.00,0.00,11.00,1.37,0.00,2.11,5.40,0.00,8.30,DStar,
466,4.26,AgentPrefab,Agent,MoveState,Moving,Goal,11.00,0.00,11.00,1.38,0.00,2.12,5.40,0.00,8.30,DStar,
467,4.27,AgentPrefab,Agent,MoveState,Moving,Goal,11.00,0.00,11.00,1.39,0.00,2.13,5.40,0.00,8.30,DStar,
468,4.27,AgentPrefab,Agent,MoveState,Moving,Goal,11.00,0.00,11.00,1.39,0.00,2.14,5.40,0.00,8.30,DStar,
469,4.28,AgentPrefab,Agent,MoveState,Moving,Goal,11.00,0.00,11.00,1.40,0.00,2.15,5.40,0.00,8.30,DStar,
470,4.29,AgentPrefab,Agent,MoveState,Moving,Goal,11.00,0.00,11.00,1.41,0.00,2.16,5.40,0.00,8.30,DStar,
471,4.29,AgentPrefab,Agent,MoveState,Moving,Goal,11.00,0.00,11.00,1.41,0.00,2.17,5.40,0.00,8.30,DStar,
472,4.30,AgentPrefab,Agent,MoveState,Moving,Goal,11.00,0.00,11.00,1.42,0.00,2.18,5.40,0.00,8.30,DStar,
473,4.31,AgentPrefab,Agent,MoveState,Moving,Goal,11.00,0.00,11.00,1.43,0.00,2.20,5.40,0.00,8.30,DStar,
474,4.31,AgentPrefab,Agent,MoveState,Moving,Goal,11.00,0.00,11.00,1.44,0.00,2.21,5.40,0.00,8.30,DStar,
475,4.32,AgentPrefab,Agent,MoveState,Moving,Goal,11.00,0.00,11.00,1.44,0.00,2.22,5.40,0.00,8.30,DStar,
476,4.32,AgentPrefab,Agent,MoveState,Moving,Goal,11.00,0.00,11.00,1.45,0.00,2.23,5.40,0.00,8.30,DStar,
477,4.33,AgentPrefab,Agent,MoveState,Moving,Goal,11.00,0.00,11.00,1.46,0.00,2.24,5.40,0.00,8.30,DStar,
478,4.34,AgentPrefab,Agent,MoveState,Moving,Goal,11.00,0.00,11.00,1.46,0.00,2.25,5.40,0.00,8.30,DStar,
479,4.34,AgentPrefab,Agent,MoveState,Moving,Goal,11.00,0.00,11.00,1.47,0.00,2.26,5.40,0.00,8.30,DStar,
480,4.35,AgentPrefab,Agent,MoveState,Moving,Goal,11.00,0.00,11.00,1.48,0.00,2.27,5.40,0.00,8.30,DStar,
481,4.36,AgentPrefab,Agent,MoveState,Moving,Goal,11.00,0.00,11.00,1.48,0.00,2.28,5.40,0.00,8.30,DStar,
482,4.36,AgentPrefab,Agent,MoveState,Moving,Goal,11.00,0.00,11.00,1.49,0.00,2.29,5.40,0.00,8.30,DStar,
483,4.37,AgentPrefab,Agent,MoveState,Moving,Goal,11.00,0.00,11.00,1.50,0.00,2.30,5.40,0.00,8.30,DStar,
484,4.37,AgentPrefab,Agent,MoveState,Moving,Goal,11.00,0.00,11.00,1.50,0.00,2.31,5.40,0.00,8.30,DStar,
485,4.38,AgentPrefab,Agent,MoveState,Moving,Goal,11.00,0.00,11.00,1.51,0.00,2.32,5.40,0.00,8.30,DStar,
486,4.39,AgentPrefab,Agent,MoveState,Moving,Goal,11.00,0.00,11.00,1.52,0.00,2.33,5.40,0.00,8.30,DStar,
487,4.39,AgentPrefab,Agent,MoveState,Moving,Goal,11.00,0.00,11.00,1.53,0.00,2.35,5.40,0.00,8.30,DStar,
488,4.40,AgentPrefab,Agent,MoveState,Moving,Goal,11.00,0.00,11.00,1.53,0.00,2.35,5.40,0.00,8.30,DStar,
489,4.41,AgentPrefab,Agent,MoveState,Moving,Goal,11.00,0.00,11.00,1.54,0.00,2.37,5.40,0.00,8.30,DStar,
490,4.41,AgentPrefab,Agent,MoveState,Moving,Goal,11.00,0.00,11.00,1.55,0.00,2.38,5.40,0.00,8.30,DStar,
491,4.42,AgentPrefab,Agent,MoveState,Moving,Goal,11.00,0.00,11.00,1.55,0.00,2.39,5.40,0.00,8.30,DStar,
492,4.43,AgentPrefab,Agent,MoveState,Moving,Goal,11.00,0.00,11.00,1.56,0.00,2.40,5.40,0.00,8.30,DStar,
493,4.43,AgentPrefab,Agent,MoveState,Moving,Goal,11.00,0.00,11.00,1.57,0.00,2.41,5.40,0.00,8.30,DStar,
494,4.44,AgentPrefab,Agent,MoveState,Moving,Goal,11.00,0.00,11.00,1.57,0.00,2.42,5.40,0.00,8.30,DStar,
495,4.44,AgentPrefab,Agent,MoveState,Moving,Goal,11.00,0.00,11.00,1.58,0.00,2.43,5.40,0.00,8.30,DStar,
496,4.45,AgentPrefab,Agent,MoveState,Moving,Goal,11.00,0.00,11.00,1.59,0.00,2.44,5.40,0.00,8.30,DStar,
497,4.46,AgentPrefab,Agent,MoveState,Moving,Goal,11.00,0.00,11.00,1.59,0.00,2.45,5.40,0.00,8.30,DStar,
498,4.46,AgentPrefab,Agent,MoveState,Moving,Goal,11.00,0.00,11.00,1.60,0.00,2.46,5.40,0.00,8.30,DStar,
499,4.47,AgentPrefab,Agent,MoveState,Moving,Goal,11.00,0.00,11.00,1.61,0.00,2.47,5.40,0.00,8.30,DStar,
500,4.48,AgentPrefab,Agent,MoveState,Moving,Goal,11.00,0.00,11.00,1.61,0.00,2.48,5.40,0.00,8.30,DStar,
501,4.48,AgentPrefab,Agent,MoveState,Moving,Goal,11.00,0.00,11.00,1.62,0.00,2.49,5.40,0.00,8.30,DStar,
502,4.49,AgentPrefab,Agent,MoveState,Moving,Goal,11.00,0.00,11.00,1.63,0.00,2.50,5.40,0.00,8.30,DStar,
503,4.49,AgentPrefab,Agent,MoveState,Moving,Goal,11.00,0.00,11.00,1.63,0.00,2.51,5.40,0.00,8.30,DStar,
504,4.50,AgentPrefab,Agent,MoveState,Moving,Goal,11.00,0.00,11.00,1.64,0.00,2.52,5.40,0.00,8.30,DStar,
505,4.51,AgentPrefab,Agent,MoveState,Moving,Goal,11.00,0.00,11.00,1.65,0.00,2.53,5.40,0.00,8.30,DStar,
506,4.51,AgentPrefab,Agent,MoveState,Moving,Goal,11.00,0.00,11.00,1.66,0.00,2.54,5.40,0.00,8.30,DStar,
507,4.52,AgentPrefab,Agent,MoveState,Moving,Goal,11.00,0.00,11.00,1.66,0.00,2.55,5.40,0.00,8.30,DStar,
508,4.53,AgentPrefab,Agent,MoveState,Moving,Goal,11.00,0.00,11.00,1.67,0.00,2.56,5.40,0.00,8.30,DStar,
509,4.53,AgentPrefab,Agent,MoveState,Moving,Goal,11.00,0.00,11.00,1.68,0.00,2.58,5.40,0.00,8.30,DStar,
510,4.54,AgentPrefab,Agent,MoveState,Moving,Goal,11.00,0.00,11.00,1.68,0.00,2.59,5.40,0.00,8.30,DStar,
511,4.55,AgentPrefab,Agent,MoveState,Moving,Goal,11.00,0.00,11.00,1.69,0.00,2.60,5.40,0.00,8.30,DStar,
512,4.56,AgentPrefab,Agent,MoveState,Moving,Goal,11.00,0.00,11.00,1.70,0.00,2.62,5.40,0.00,8.30,DStar,
513,4.57,AgentPrefab,Agent,MoveState,Moving,Goal,11.00,0.00,11.00,1.71,0.00,2.63,5.40,0.00,8.30,DStar,
514,4.59,AgentPrefab,Agent,MoveState,Moving,Goal,11.00,0.00,11.00,1.73,0.00,2.65,5.40,0.00,8.30,DStar,
515,4.60,AgentPrefab,Agent,MoveState,Moving,Goal,11.00,0.00,11.00,1.74,0.00,2.68,5.40,0.00,8.30,DStar,
516,4.60,AgentPrefab,Agent,MoveState,Moving,Goal,11.00,0.00,11.00,1.75,0.00,2.69,5.40,0.00,8.30,DStar,
517,4.61,AgentPrefab,Agent,MoveState,Moving,Goal,11.00,0.00,11.00,1.76,0.00,2.70,5.40,0.00,8.30,DStar,
518,4.61,AgentPrefab,Agent,MoveState,Moving,Goal,11.00,0.00,11.00,1.76,0.00,2.71,5.40,0.00,8.30,DStar,
519,4.62,AgentPrefab,Agent,MoveState,Moving,Goal,11.00,0.00,11.00,1.77,0.00,2.72,5.40,0.00,8.30,DStar,
520,4.63,AgentPrefab,Agent,MoveState,Moving,Goal,11.00,0.00,11.00,1.78,0.00,2.73,5.40,0.00,8.30,DStar,
521,4.63,AgentPrefab,Agent,MoveState,Moving,Goal,11.00,0.00,11.00,1.79,0.00,2.74,5.40,0.00,8.30,DStar,
522,4.64,AgentPrefab,Agent,MoveState,Moving,Goal,11.00,0.00,11.00,1.79,0.00,2.75,5.40,0.00,8.30,DStar,
523,4.64,AgentPrefab,Agent,MoveState,Moving,Goal,11.00,0.00,11.00,1.80,0.00,2.76,5.40,0.00,8.30,DStar,
524,4.65,AgentPrefab,Agent,MoveState,Moving,Goal,11.00,0.00,11.00,1.81,0.00,2.77,5.40,0.00,8.30,DStar,
525,4.66,AgentPrefab,Agent,MoveState,Moving,Goal,11.00,0.00,11.00,1.81,0.00,2.79,5.40,0.00,8.30,DStar,
526,4.66,AgentPrefab,Agent,MoveState,Moving,Goal,11.00,0.00,11.00,1.82,0.00,2.80,5.40,0.00,8.30,DStar,
527,4.67,AgentPrefab,Agent,MoveState,Moving,Goal,11.00,0.00,11.00,1.83,0.00,2.81,5.40,0.00,8.30,DStar,
528,4.68,AgentPrefab,Agent,MoveState,Moving,Goal,11.00,0.00,11.00,1.83,0.00,2.82,5.40,0.00,8.30,DStar,
529,4.68,AgentPrefab,Agent,MoveState,Moving,Goal,11.00,0.00,11.00,1.84,0.00,2.83,5.40,0.00,8.30,DStar,
530,4.69,AgentPrefab,Agent,MoveState,Moving,Goal,11.00,0.00,11.00,1.85,0.00,2.84,5.40,0.00,8.30,DStar,
531,4.69,AgentPrefab,Agent,MoveState,Moving,Goal,11.00,0.00,11.00,1.85,0.00,2.85,5.40,0.00,8.30,DStar,
532,4.70,AgentPrefab,Agent,MoveState,Moving,Goal,11.00,0.00,11.00,1.86,0.00,2.86,5.40,0.00,8.30,DStar,
533,4.71,AgentPrefab,Agent,MoveState,Moving,Goal,11.00,0.00,11.00,1.87,0.00,2.87,5.40,0.00,8.30,DStar,
534,4.71,AgentPrefab,Agent,MoveState,Moving,Goal,11.00,0.00,11.00,1.87,0.00,2.88,5.40,0.00,8.30,DStar,
535,4.72,AgentPrefab,Agent,MoveState,Moving,Goal,11.00,0.00,11.00,1.88,0.00,2.89,5.40,0.00,8.30,DStar,
536,4.73,AgentPrefab,Agent,MoveState,Moving,Goal,11.00,0.00,11.00,1.89,0.00,2.90,5.40,0.00,8.30,DStar,
537,4.73,AgentPrefab,Agent,MoveState,Moving,Goal,11.00,0.00,11.00,1.89,0.00,2.91,5.40,0.00,8.30,DStar,
538,4.74,AgentPrefab,Agent,MoveState,Moving,Goal,11.00,0.00,11.00,1.90,0.00,2.92,5.40,0.00,8.30,DStar,
539,4.74,AgentPrefab,Agent,MoveState,Moving,Goal,11.00,0.00,11.00,1.91,0.00,2.93,5.40,0.00,8.30,DStar,
540,4.75,AgentPrefab,Agent,MoveState,Moving,Goal,11.00,0.00,11.00,1.91,0.00,2.94,5.40,0.00,8.30,DStar,
541,4.76,AgentPrefab,Agent,MoveState,Moving,Goal,11.00,0.00,11.00,1.92,0.00,2.95,5.40,0.00,8.30,DStar,
542,4.76,AgentPrefab,Agent,MoveState,Moving,Goal,11.00,0.00,11.00,1.93,0.00,2.96,5.40,0.00,8.30,DStar,
543,4.77,AgentPrefab,Agent,MoveState,Moving,Goal,11.00,0.00,11.00,1.93,0.00,2.97,5.40,0.00,8.30,DStar,
544,4.78,AgentPrefab,Agent,MoveState,Moving,Goal,11.00,0.00,11.00,1.94,0.00,2.98,5.40,0.00,8.30,DStar,
545,4.78,AgentPrefab,Agent,MoveState,Moving,Goal,11.00,0.00,11.00,1.95,0.00,2.99,5.40,0.00,8.30,DStar,
546,4.79,AgentPrefab,Agent,MoveState,Moving,Goal,11.00,0.00,11.00,1.95,0.00,3.00,5.40,0.00,8.30,DStar,
547,4.80,AgentPrefab,Agent,MoveState,Moving,Goal,11.00,0.00,11.00,1.96,0.00,3.01,5.40,0.00,8.30,DStar,
548,4.80,AgentPrefab,Agent,MoveState,Moving,Goal,11.00,0.00,11.00,1.97,0.00,3.03,5.40,0.00,8.30,DStar,
549,4.81,AgentPrefab,Agent,MoveState,Moving,Goal,11.00,0.00,11.00,1.98,0.00,3.04,5.40,0.00,8.30,DStar,
550,4.82,AgentPrefab,Agent,MoveState,Moving,Goal,11.00,0.00,11.00,1.99,0.00,3.05,5.40,0.00,8.30,DStar,
551,4.82,AgentPrefab,Agent,MoveState,Moving,Goal,11.00,0.00,11.00,1.99,0.00,3.06,5.40,0.00,8.30,DStar,
552,4.83,AgentPrefab,Agent,MoveState,Moving,Goal,11.00,0.00,11.00,2.00,0.00,3.07,5.40,0.00,8.30,DStar,
553,4.83,AgentPrefab,Agent,MoveState,Moving,Goal,11.00,0.00,11.00,2.01,0.00,3.08,5.40,0.00,8.30,DStar,
554,4.84,AgentPrefab,Agent,MoveState,Moving,Goal,11.00,0.00,11.00,2.01,0.00,3.09,5.40,0.00,8.30,DStar,
555,4.85,AgentPrefab,Agent,MoveState,Moving,Goal,11.00,0.00,11.00,2.02,0.00,3.10,5.40,0.00,8.30,DStar,
556,4.85,AgentPrefab,Agent,MoveState,Moving,Goal,11.00,0.00,11.00,2.03,0.00,3.11,5.40,0.00,8.30,DStar,
557,4.86,AgentPrefab,Agent,MoveState,Moving,Goal,11.00,0.00,11.00,2.03,0.00,3.12,5.40,0.00,8.30,DStar,
558,4.87,AgentPrefab,Agent,MoveState,Moving,Goal,11.00,0.00,11.00,2.04,0.00,3.14,5.40,0.00,8.30,DStar,
559,4.87,AgentPrefab,Agent,MoveState,Moving,Goal,11.00,0.00,11.00,2.05,0.00,3.14,5.40,0.00,8.30,DStar,
560,4.88,AgentPrefab,Agent,MoveState,Moving,Goal,11.00,0.00,11.00,2.05,0.00,3.15,5.40,0.00,8.30,DStar,
561,4.88,AgentPrefab,Agent,MoveState,Moving,Goal,11.00,0.00,11.00,2.06,0.00,3.17,5.40,0.00,8.30,DStar,
562,4.89,AgentPrefab,Agent,MoveState,Moving,Goal,11.00,0.00,11.00,2.07,0.00,3.18,5.40,0.00,8.30,DStar,
563,4.90,AgentPrefab,Agent,MoveState,Moving,Goal,11.00,0.00,11.00,2.07,0.00,3.19,5.40,0.00,8.30,DStar,
564,4.91,AgentPrefab,Agent,MoveState,Moving,Goal,11.00,0.00,11.00,2.08,0.00,3.20,5.40,0.00,8.30,DStar,
565,4.91,AgentPrefab,Agent,MoveState,Moving,Goal,11.00,0.00,11.00,2.09,0.00,3.21,5.40,0.00,8.30,DStar,
566,4.92,AgentPrefab,Agent,MoveState,Moving,Goal,11.00,0.00,11.00,2.10,0.00,3.22,5.40,0.00,8.30,DStar,
567,4.92,AgentPrefab,Agent,MoveState,Moving,Goal,11.00,0.00,11.00,2.10,0.00,3.23,5.40,0.00,8.30,DStar,
568,4.93,AgentPrefab,Agent,MoveState,Moving,Goal,11.00,0.00,11.00,2.11,0.00,3.24,5.40,0.00,8.30,DStar,
569,4.94,AgentPrefab,Agent,MoveState,Moving,Goal,11.00,0.00,11.00,2.12,0.00,3.25,5.40,0.00,8.30,DStar,
570,4.94,AgentPrefab,Agent,MoveState,Moving,Goal,11.00,0.00,11.00,2.12,0.00,3.27,5.40,0.00,8.30,DStar,
571,4.95,AgentPrefab,Agent,MoveState,Moving,Goal,11.00,0.00,11.00,2.13,0.00,3.27,5.40,0.00,8.30,DStar,
572,4.96,AgentPrefab,Agent,MoveState,Moving,Goal,11.00,0.00,11.00,2.14,0.00,3.29,5.40,0.00,8.30,DStar,
573,4.96,AgentPrefab,Agent,MoveState,Moving,Goal,11.00,0.00,11.00,2.14,0.00,3.30,5.40,0.00,8.30,DStar,
574,4.97,AgentPrefab,Agent,MoveState,Moving,Goal,11.00,0.00,11.00,2.15,0.00,3.31,5.40,0.00,8.30,DStar,
575,4.97,AgentPrefab,Agent,MoveState,Moving,Goal,11.00,0.00,11.00,2.16,0.00,3.32,5.40,0.00,8.30,DStar,
576,4.98,AgentPrefab,Agent,MoveState,Moving,Goal,11.00,0.00,11.00,2.16,0.00,3.33,5.40,0.00,8.30,DStar,
577,4.99,AgentPrefab,Agent,MoveState,Moving,Goal,11.00,0.00,11.00,2.17,0.00,3.34,5.40,0.00,8.30,DStar,
578,4.99,AgentPrefab,Agent,MoveState,Moving,Goal,11.00,0.00,11.00,2.18,0.00,3.35,5.40,0.00,8.30,DStar,
579,5.00,AgentPrefab,Agent,MoveState,Moving,Goal,11.00,0.00,11.00,2.18,0.00,3.36,5.40,0.00,8.30,DStar,
580,5.01,AgentPrefab,Agent,MoveState,Moving,Goal,11.00,0.00,11.00,2.19,0.00,3.37,5.40,0.00,8.30,DStar,
581,5.01,AgentPrefab,Agent,MoveState,Moving,Goal,11.00,0.00,11.00,2.20,0.00,3.38,5.40,0.00,8.30,DStar,
582,5.02,AgentPrefab,Agent,MoveState,Moving,Goal,11.00,0.00,11.00,2.21,0.00,3.39,5.40,0.00,8.30,DStar,
583,5.03,AgentPrefab,Agent,MoveState,Moving,Goal,11.00,0.00,11.00,2.21,0.00,3.40,5.40,0.00,8.30,DStar,
584,5.03,AgentPrefab,Agent,MoveState,Moving,Goal,11.00,0.00,11.00,2.22,0.00,3.41,5.40,0.00,8.30,DStar,
585,5.04,AgentPrefab,Agent,MoveState,Moving,Goal,11.00,0.00,11.00,2.23,0.00,3.42,5.40,0.00,8.30,DStar,
586,5.04,AgentPrefab,Agent,MoveState,Moving,Goal,11.00,0.00,11.00,2.23,0.00,3.43,5.40,0.00,8.30,DStar,
587,5.05,AgentPrefab,Agent,MoveState,Moving,Goal,11.00,0.00,11.00,2.24,0.00,3.45,5.40,0.00,8.30,DStar,
588,5.06,AgentPrefab,Agent,MoveState,Moving,Goal,11.00,0.00,11.00,2.25,0.00,3.46,5.40,0.00,8.30,DStar,
589,5.06,AgentPrefab,Agent,MoveState,Moving,Goal,11.00,0.00,11.00,2.25,0.00,3.47,5.40,0.00,8.30,DStar,
590,5.07,AgentPrefab,Agent,MoveState,Moving,Goal,11.00,0.00,11.00,2.26,0.00,3.48,5.40,0.00,8.30,DStar,
591,5.08,AgentPrefab,Agent,MoveState,Moving,Goal,11.00,0.00,11.00,2.27,0.00,3.49,5.40,0.00,8.30,DStar,
592,5.08,AgentPrefab,Agent,MoveState,Moving,Goal,11.00,0.00,11.00,2.28,0.00,3.50,5.40,0.00,8.30,DStar,
593,5.09,AgentPrefab,Agent,MoveState,Moving,Goal,11.00,0.00,11.00,2.28,0.00,3.51,5.40,0.00,8.30,DStar,
594,5.09,AgentPrefab,Agent,MoveState,Moving,Goal,11.00,0.00,11.00,2.29,0.00,3.52,5.40,0.00,8.30,DStar,
595,5.10,AgentPrefab,Agent,MoveState,Moving,Goal,11.00,0.00,11.00,2.30,0.00,3.53,5.40,0.00,8.30,DStar,
596,5.11,AgentPrefab,Agent,MoveState,Moving,Goal,11.00,0.00,11.00,2.30,0.00,3.54,5.40,0.00,8.30,DStar,
597,5.11,AgentPrefab,Agent,MoveState,Moving,Goal,11.00,0.00,11.00,2.31,0.00,3.55,5.40,0.00,8.30,DStar,
598,5.12,AgentPrefab,Agent,MoveState,Moving,Goal,11.00,0.00,11.00,2.32,0.00,3.56,5.40,0.00,8.30,DStar,
599,5.13,AgentPrefab,Agent,MoveState,Moving,Goal,11.00,0.00,11.00,2.32,0.00,3.57,5.40,0.00,8.30,DStar,
600,5.13,AgentPrefab,Agent,MoveState,Moving,Goal,11.00,0.00,11.00,2.33,0.00,3.58,5.40,0.00,8.30,DStar,
601,5.14,AgentPrefab,Agent,MoveState,Moving,Goal,11.00,0.00,11.00,2.34,0.00,3.59,5.40,0.00,8.30,DStar,
602,5.14,AgentPrefab,Agent,MoveState,Moving,Goal,11.00,0.00,11.00,2.34,0.00,3.60,5.40,0.00,8.30,DStar,
603,5.15,AgentPrefab,Agent,MoveState,Moving,Goal,11.00,0.00,11.00,2.35,0.00,3.61,5.40,0.00,8.30,DStar,
604,5.16,AgentPrefab,Agent,MoveState,Moving,Goal,11.00,0.00,11.00,2.36,0.00,3.62,5.40,0.00,8.30,DStar,
605,5.16,AgentPrefab,Agent,MoveState,Moving,Goal,11.00,0.00,11.00,2.36,0.00,3.63,5.40,0.00,8.30,DStar,
606,5.17,AgentPrefab,Agent,MoveState,Moving,Goal,11.00,0.00,11.00,2.37,0.00,3.64,5.40,0.00,8.30,DStar,
607,5.17,AgentPrefab,Agent,MoveState,Moving,Goal,11.00,0.00,11.00,2.38,0.00,3.65,5.40,0.00,8.30,DStar,
608,5.18,AgentPrefab,Agent,MoveState,Moving,Goal,11.00,0.00,11.00,2.38,0.00,3.66,5.40,0.00,8.30,DStar,
609,5.19,AgentPrefab,Agent,MoveState,Moving,Goal,11.00,0.00,11.00,2.39,0.00,3.67,5.40,0.00,8.30,DStar,
610,5.19,AgentPrefab,Agent,MoveState,Moving,Goal,11.00,0.00,11.00,2.40,0.00,3.68,5.40,0.00,8.30,DStar,
611,5.20,AgentPrefab,Agent,MoveState,Moving,Goal,11.00,0.00,11.00,2.40,0.00,3.70,5.40,0.00,8.30,DStar,
612,5.21,AgentPrefab,Agent,MoveState,Moving,Goal,11.00,0.00,11.00,2.41,0.00,3.71,5.40,0.00,8.30,DStar,
613,5.21,AgentPrefab,Agent,MoveState,Moving,Goal,11.00,0.00,11.00,2.42,0.00,3.72,5.40,0.00,8.30,DStar,
614,5.22,AgentPrefab,Agent,MoveState,Moving,Goal,11.00,0.00,11.00,2.43,0.00,3.73,5.40,0.00,8.30,DStar,
615,5.23,AgentPrefab,Agent,MoveState,Moving,Goal,11.00,0.00,11.00,2.43,0.00,3.74,5.40,0.00,8.30,DStar,
616,5.23,AgentPrefab,Agent,MoveState,Moving,Goal,11.00,0.00,11.00,2.44,0.00,3.75,5.40,0.00,8.30,DStar,
617,5.24,AgentPrefab,Agent,MoveState,Moving,Goal,11.00,0.00,11.00,2.45,0.00,3.76,5.40,0.00,8.30,DStar,
618,5.25,AgentPrefab,Agent,MoveState,Moving,Goal,11.00,0.00,11.00,2.45,0.00,3.77,5.40,0.00,8.30,DStar,
619,5.25,AgentPrefab,Agent,MoveState,Moving,Goal,11.00,0.00,11.00,2.46,0.00,3.78,5.40,0.00,8.30,DStar,
620,5.26,AgentPrefab,Agent,MoveState,Moving,Goal,11.00,0.00,11.00,2.47,0.00,3.79,5.40,0.00,8.30,DStar,
621,5.26,AgentPrefab,Agent,MoveState,Moving,Goal,11.00,0.00,11.00,2.47,0.00,3.80,5.40,0.00,8.30,DStar,
622,5.27,AgentPrefab,Agent,MoveState,Moving,Goal,11.00,0.00,11.00,2.48,0.00,3.81,5.40,0.00,8.30,DStar,
623,5.28,AgentPrefab,Agent,MoveState,Moving,Goal,11.00,0.00,11.00,2.49,0.00,3.82,5.40,0.00,8.30,DStar,
624,5.28,AgentPrefab,Agent,MoveState,Moving,Goal,11.00,0.00,11.00,2.50,0.00,3.84,5.40,0.00,8.30,DStar,
625,5.29,AgentPrefab,Agent,MoveState,Moving,Goal,11.00,0.00,11.00,2.50,0.00,3.84,5.40,0.00,8.30,DStar,
626,5.30,AgentPrefab,Agent,MoveState,Moving,Goal,11.00,0.00,11.00,2.51,0.00,3.86,5.40,0.00,8.30,DStar,
627,5.30,AgentPrefab,Agent,MoveState,Moving,Goal,11.00,0.00,11.00,2.52,0.00,3.87,5.40,0.00,8.30,DStar,
628,5.31,AgentPrefab,Agent,MoveState,Moving,Goal,11.00,0.00,11.00,2.52,0.00,3.88,5.40,0.00,8.30,DStar,
629,5.31,AgentPrefab,Agent,MoveState,Moving,Goal,11.00,0.00,11.00,2.53,0.00,3.89,5.40,0.00,8.30,DStar,
630,5.32,AgentPrefab,Agent,MoveState,Moving,Goal,11.00,0.00,11.00,2.54,0.00,3.90,5.40,0.00,8.30,DStar,
631,5.33,AgentPrefab,Agent,MoveState,Moving,Goal,11.00,0.00,11.00,2.54,0.00,3.91,5.40,0.00,8.30,DStar,
632,5.33,AgentPrefab,Agent,MoveState,Moving,Goal,11.00,0.00,11.00,2.55,0.00,3.92,5.40,0.00,8.30,DStar,
633,5.34,AgentPrefab,Agent,MoveState,Moving,Goal,11.00,0.00,11.00,2.56,0.00,3.93,5.40,0.00,8.30,DStar,
634,5.34,AgentPrefab,Agent,MoveState,Moving,Goal,11.00,0.00,11.00,2.56,0.00,3.94,5.40,0.00,8.30,DStar,
635,5.35,AgentPrefab,Agent,MoveState,Moving,Goal,11.00,0.00,11.00,2.57,0.00,3.95,5.40,0.00,8.30,DStar,
636,5.36,AgentPrefab,Agent,MoveState,Moving,Goal,11.00,0.00,11.00,2.58,0.00,3.96,5.40,0.00,8.30,DStar,
637,5.36,AgentPrefab,Agent,MoveState,Moving,Goal,11.00,0.00,11.00,2.58,0.00,3.97,5.40,0.00,8.30,DStar,
638,5.37,AgentPrefab,Agent,MoveState,Moving,Goal,11.00,0.00,11.00,2.59,0.00,3.98,5.40,0.00,8.30,DStar,
639,5.38,AgentPrefab,Agent,MoveState,Moving,Goal,11.00,0.00,11.00,2.60,0.00,3.99,5.40,0.00,8.30,DStar,
640,5.38,AgentPrefab,Agent,MoveState,Moving,Goal,11.00,0.00,11.00,2.60,0.00,4.00,5.40,0.00,8.30,DStar,
641,5.39,AgentPrefab,Agent,MoveState,Moving,Goal,11.00,0.00,11.00,2.61,0.00,4.01,5.40,0.00,8.30,DStar,
642,5.39,AgentPrefab,Agent,MoveState,Moving,Goal,11.00,0.00,11.00,2.62,0.00,4.02,5.40,0.00,8.30,DStar,
643,5.40,AgentPrefab,Agent,MoveState,Moving,Goal,11.00,0.00,11.00,2.62,0.00,4.03,5.40,0.00,8.30,DStar,
644,5.41,AgentPrefab,Agent,MoveState,Moving,Goal,11.00,0.00,11.00,2.63,0.00,4.05,5.40,0.00,8.30,DStar,
645,5.42,AgentPrefab,Agent,MoveState,Moving,Goal,11.00,0.00,11.00,2.64,0.00,4.06,5.40,0.00,8.30,DStar,
646,5.42,AgentPrefab,Agent,MoveState,Moving,Goal,11.00,0.00,11.00,2.65,0.00,4.07,5.40,0.00,8.30,DStar,
647,5.43,AgentPrefab,Agent,MoveState,Moving,Goal,11.00,0.00,11.00,2.65,0.00,4.08,5.40,0.00,8.30,DStar,
648,5.43,AgentPrefab,Agent,MoveState,Moving,Goal,11.00,0.00,11.00,2.66,0.00,4.09,5.40,0.00,8.30,DStar,
649,5.44,AgentPrefab,Agent,MoveState,Moving,Goal,11.00,0.00,11.00,2.67,0.00,4.10,5.40,0.00,8.30,DStar,
650,5.45,AgentPrefab,Agent,MoveState,Moving,Goal,11.00,0.00,11.00,2.67,0.00,4.11,5.40,0.00,8.30,DStar,
651,5.45,AgentPrefab,Agent,MoveState,Moving,Goal,11.00,0.00,11.00,2.68,0.00,4.12,5.40,0.00,8.30,DStar,
652,5.46,AgentPrefab,Agent,MoveState,Moving,Goal,11.00,0.00,11.00,2.69,0.00,4.13,5.40,0.00,8.30,DStar,
653,5.47,AgentPrefab,Agent,MoveState,Moving,Goal,11.00,0.00,11.00,2.69,0.00,4.14,5.40,0.00,8.30,DStar,
654,5.47,AgentPrefab,Agent,MoveState,Moving,Goal,11.00,0.00,11.00,2.70,0.00,4.15,5.40,0.00,8.30,DStar,
655,5.48,AgentPrefab,Agent,MoveState,Moving,Goal,11.00,0.00,11.00,2.71,0.00,4.16,5.40,0.00,8.30,DStar,
656,5.48,AgentPrefab,Agent,MoveState,Moving,Goal,11.00,0.00,11.00,2.71,0.00,4.17,5.40,0.00,8.30,DStar,
657,5.49,AgentPrefab,Agent,MoveState,Moving,Goal,11.00,0.00,11.00,2.72,0.00,4.18,5.40,0.00,8.30,DStar,
658,5.50,AgentPrefab,Agent,MoveState,Moving,Goal,11.00,0.00,11.00,2.73,0.00,4.19,5.40,0.00,8.30,DStar,
659,5.50,AgentPrefab,Agent,MoveState,Moving,Goal,11.00,0.00,11.00,2.73,0.00,4.20,5.40,0.00,8.30,DStar,
660,5.51,AgentPrefab,Agent,MoveState,Moving,Goal,11.00,0.00,11.00,2.74,0.00,4.21,5.40,0.00,8.30,DStar,
661,5.52,AgentPrefab,Agent,MoveState,Moving,Goal,11.00,0.00,11.00,2.75,0.00,4.23,5.40,0.00,8.30,DStar,
662,5.52,AgentPrefab,Agent,MoveState,Moving,Goal,11.00,0.00,11.00,2.76,0.00,4.24,5.40,0.00,8.30,DStar,
663,5.53,AgentPrefab,Agent,MoveState,Moving,Goal,11.00,0.00,11.00,2.76,0.00,4.25,5.40,0.00,8.30,DStar,
664,5.54,AgentPrefab,Agent,MoveState,Moving,Goal,11.00,0.00,11.00,2.77,0.00,4.26,5.40,0.00,8.30,DStar,
665,5.55,AgentPrefab,Agent,MoveState,Moving,Goal,11.00,0.00,11.00,2.78,0.00,4.27,5.40,0.00,8.30,DStar,
666,5.55,AgentPrefab,Agent,MoveState,Moving,Goal,11.00,0.00,11.00,2.79,0.00,4.29,5.40,0.00,8.30,DStar,
667,5.56,AgentPrefab,Agent,MoveState,Moving,Goal,11.00,0.00,11.00,2.80,0.00,4.30,5.40,0.00,8.30,DStar,
668,5.57,AgentPrefab,Agent,MoveState,Moving,Goal,11.00,0.00,11.00,2.81,0.00,4.31,5.40,0.00,8.30,DStar,
669,5.58,AgentPrefab,Agent,MoveState,Moving,Goal,11.00,0.00,11.00,2.81,0.00,4.33,5.40,0.00,8.30,DStar,
670,5.58,AgentPrefab,Agent,MoveState,Moving,Goal,11.00,0.00,11.00,2.82,0.00,4.34,5.40,0.00,8.30,DStar,
671,5.59,AgentPrefab,Agent,MoveState,Moving,Goal,11.00,0.00,11.00,2.83,0.00,4.35,5.40,0.00,8.30,DStar,
672,5.60,AgentPrefab,Agent,MoveState,Moving,Goal,11.00,0.00,11.00,2.84,0.00,4.36,5.40,0.00,8.30,DStar,
673,5.61,AgentPrefab,Agent,MoveState,Moving,Goal,11.00,0.00,11.00,2.84,0.00,4.37,5.40,0.00,8.30,DStar,
674,5.61,AgentPrefab,Agent,MoveState,Moving,Goal,11.00,0.00,11.00,2.86,0.00,4.39,5.40,0.00,8.30,DStar,
675,5.62,AgentPrefab,Agent,MoveState,Moving,Goal,11.00,0.00,11.00,2.86,0.00,4.40,5.40,0.00,8.30,DStar,
676,5.63,AgentPrefab,Agent,MoveState,Moving,Goal,11.00,0.00,11.00,2.87,0.00,4.41,5.40,0.00,8.30,DStar,
677,5.64,AgentPrefab,Agent,MoveState,Moving,Goal,11.00,0.00,11.00,2.88,0.00,4.43,5.40,0.00,8.30,DStar,
678,5.64,AgentPrefab,Agent,MoveState,Moving,Goal,11.00,0.00,11.00,2.89,0.00,4.44,5.40,0.00,8.30,DStar,
679,5.65,AgentPrefab,Agent,MoveState,Moving,Goal,11.00,0.00,11.00,2.90,0.00,4.45,5.40,0.00,8.30,DStar,
680,5.66,AgentPrefab,Agent,MoveState,Moving,Goal,11.00,0.00,11.00,2.90,0.00,4.46,5.40,0.00,8.30,DStar,
681,5.67,AgentPrefab,Agent,MoveState,Moving,Goal,11.00,0.00,11.00,2.91,0.00,4.48,5.40,0.00,8.30,DStar,
682,5.67,AgentPrefab,Agent,MoveState,Moving,Goal,11.00,0.00,11.00,2.92,0.00,4.49,5.40,0.00,8.30,DStar,
683,5.68,AgentPrefab,Agent,MoveState,Moving,Goal,11.00,0.00,11.00,2.93,0.00,4.50,5.40,0.00,8.30,DStar,
684,5.69,AgentPrefab,Agent,MoveState,Moving,Goal,11.00,0.00,11.00,2.94,0.00,4.51,5.40,0.00,8.30,DStar,
685,5.70,AgentPrefab,Agent,MoveState,Moving,Goal,11.00,0.00,11.00,2.95,0.00,4.53,5.40,0.00,8.30,DStar,
686,5.70,AgentPrefab,Agent,MoveState,Moving,Goal,11.00,0.00,11.00,2.95,0.00,4.54,5.40,0.00,8.30,DStar,
687,5.71,AgentPrefab,Agent,MoveState,Moving,Goal,11.00,0.00,11.00,2.96,0.00,4.55,5.40,0.00,8.30,DStar,
688,5.72,AgentPrefab,Agent,MoveState,Moving,Goal,11.00,0.00,11.00,2.97,0.00,4.56,5.40,0.00,8.30,DStar,
689,5.72,AgentPrefab,Agent,MoveState,Moving,Goal,11.00,0.00,11.00,2.97,0.00,4.57,5.40,0.00,8.30,DStar,
690,5.73,AgentPrefab,Agent,MoveState,Moving,Goal,11.00,0.00,11.00,2.98,0.00,4.58,5.40,0.00,8.30,DStar,
691,5.74,AgentPrefab,Agent,MoveState,Moving,Goal,11.00,0.00,11.00,2.99,0.00,4.59,5.40,0.00,8.30,DStar,
692,5.74,AgentPrefab,Agent,MoveState,Moving,Goal,11.00,0.00,11.00,3.00,0.00,4.60,5.40,0.00,8.30,DStar,
693,5.75,AgentPrefab,Agent,MoveState,Moving,Goal,11.00,0.00,11.00,3.00,0.00,4.61,5.40,0.00,8.30,DStar,
694,5.75,AgentPrefab,Agent,MoveState,Moving,Goal,11.00,0.00,11.00,3.01,0.00,4.62,5.40,0.00,8.30,DStar,
695,5.76,AgentPrefab,Agent,MoveState,Moving,Goal,11.00,0.00,11.00,3.02,0.00,4.64,5.40,0.00,8.30,DStar,
696,5.77,AgentPrefab,Agent,MoveState,Moving,Goal,11.00,0.00,11.00,3.02,0.00,4.65,5.40,0.00,8.30,DStar,
697,5.77,AgentPrefab,Agent,MoveState,Moving,Goal,11.00,0.00,11.00,3.03,0.00,4.66,5.40,0.00,8.30,DStar,
698,5.78,AgentPrefab,Agent,MoveState,Moving,Goal,11.00,0.00,11.00,3.04,0.00,4.67,5.40,0.00,8.30,DStar,
699,5.78,AgentPrefab,Agent,MoveState,Moving,Goal,11.00,0.00,11.00,3.04,0.00,4.68,5.40,0.00,8.30,DStar,
700,5.79,AgentPrefab,Agent,MoveState,Moving,Goal,11.00,0.00,11.00,3.05,0.00,4.69,5.40,0.00,8.30,DStar,
701,5.80,AgentPrefab,Agent,MoveState,Moving,Goal,11.00,0.00,11.00,3.06,0.00,4.70,5.40,0.00,8.30,DStar,
702,5.81,AgentPrefab,Agent,MoveState,Moving,Goal,11.00,0.00,11.00,3.06,0.00,4.71,5.40,0.00,8.30,DStar,
703,5.81,AgentPrefab,Agent,MoveState,Moving,Goal,11.00,0.00,11.00,3.07,0.00,4.72,5.40,0.00,8.30,DStar,
704,5.82,AgentPrefab,Agent,MoveState,Moving,Goal,11.00,0.00,11.00,3.08,0.00,4.73,5.40,0.00,8.30,DStar,
705,5.82,AgentPrefab,Agent,MoveState,Moving,Goal,11.00,0.00,11.00,3.09,0.00,4.74,5.40,0.00,8.30,DStar,
706,5.83,AgentPrefab,Agent,MoveState,Moving,Goal,11.00,0.00,11.00,3.09,0.00,4.75,5.40,0.00,8.30,DStar,
707,5.84,AgentPrefab,Agent,MoveState,Moving,Goal,11.00,0.00,11.00,3.10,0.00,4.76,5.40,0.00,8.30,DStar,
708,5.84,AgentPrefab,Agent,MoveState,Moving,Goal,11.00,0.00,11.00,3.11,0.00,4.77,5.40,0.00,8.30,DStar,
709,5.85,AgentPrefab,Agent,MoveState,Moving,Goal,11.00,0.00,11.00,3.11,0.00,4.78,5.40,0.00,8.30,DStar,
710,5.85,AgentPrefab,Agent,MoveState,Moving,Goal,11.00,0.00,11.00,3.12,0.00,4.79,5.40,0.00,8.30,DStar,
711,5.86,AgentPrefab,Agent,MoveState,Moving,Goal,11.00,0.00,11.00,3.13,0.00,4.80,5.40,0.00,8.30,DStar,
712,5.87,AgentPrefab,Agent,MoveState,Moving,Goal,11.00,0.00,11.00,3.13,0.00,4.81,5.40,0.00,8.30,DStar,
713,5.87,AgentPrefab,Agent,MoveState,Moving,Goal,11.00,0.00,11.00,3.14,0.00,4.82,5.40,0.00,8.30,DStar,
714,5.88,AgentPrefab,Agent,MoveState,Moving,Goal,11.00,0.00,11.00,3.15,0.00,4.84,5.40,0.00,8.30,DStar,
715,5.89,AgentPrefab,Agent,MoveState,Moving,Goal,11.00,0.00,11.00,3.15,0.00,4.85,5.40,0.00,8.30,DStar,
716,5.89,AgentPrefab,Agent,MoveState,Moving,Goal,11.00,0.00,11.00,3.16,0.00,4.86,5.40,0.00,8.30,DStar,
717,5.90,AgentPrefab,Agent,MoveState,Moving,Goal,11.00,0.00,11.00,3.17,0.00,4.87,5.40,0.00,8.30,DStar,
718,5.90,AgentPrefab,Agent,MoveState,Moving,Goal,11.00,0.00,11.00,3.17,0.00,4.88,5.40,0.00,8.30,DStar,
719,5.91,AgentPrefab,Agent,MoveState,Moving,Goal,11.00,0.00,11.00,3.18,0.00,4.89,5.40,0.00,8.30,DStar,
720,5.92,AgentPrefab,Agent,MoveState,Moving,Goal,11.00,0.00,11.00,3.19,0.00,4.90,5.40,0.00,8.30,DStar,
721,5.92,AgentPrefab,Agent,MoveState,Moving,Goal,11.00,0.00,11.00,3.19,0.00,4.91,5.40,0.00,8.30,DStar,
722,5.93,AgentPrefab,Agent,MoveState,Moving,Goal,11.00,0.00,11.00,3.20,0.00,4.92,5.40,0.00,8.30,DStar,
723,5.94,AgentPrefab,Agent,MoveState,Moving,Goal,11.00,0.00,11.00,3.21,0.00,4.93,5.40,0.00,8.30,DStar,
724,5.94,AgentPrefab,Agent,MoveState,Moving,Goal,11.00,0.00,11.00,3.21,0.00,4.94,5.40,0.00,8.30,DStar,
725,5.95,AgentPrefab,Agent,MoveState,Moving,Goal,11.00,0.00,11.00,3.22,0.00,4.95,5.40,0.00,8.30,DStar,
726,5.96,AgentPrefab,Agent,MoveState,Moving,Goal,11.00,0.00,11.00,3.23,0.00,4.96,5.40,0.00,8.30,DStar,
727,5.96,AgentPrefab,Agent,MoveState,Moving,Goal,11.00,0.00,11.00,3.24,0.00,4.97,5.40,0.00,8.30,DStar,
728,5.97,AgentPrefab,Agent,MoveState,Moving,Goal,11.00,0.00,11.00,3.24,0.00,4.98,5.40,0.00,8.30,DStar,
729,5.97,AgentPrefab,Agent,MoveState,Moving,Goal,11.00,0.00,11.00,3.25,0.00,4.99,5.40,0.00,8.30,DStar,
730,5.98,AgentPrefab,Agent,MoveState,Moving,Goal,11.00,0.00,11.00,3.26,0.00,5.00,5.40,0.00,8.30,DStar,
731,5.99,AgentPrefab,Agent,MoveState,Moving,Goal,11.00,0.00,11.00,3.26,0.00,5.01,5.40,0.00,8.30,DStar,
732,5.99,AIManager,Performance,Pathfinding,Executed,DStar,0.00,0.00,0.00,0.00,0.00,0.00,0.00,0.00,0.00,DStar,16.577
732,5.99,AgentPrefab,Agent,MoveState,Moving,Goal,11.00,0.00,11.00,3.27,0.00,5.02,3.27,0.00,5.02,DStar,
733,6.02,AIManager,Performance,Pathfinding,Executed,DStar,0.00,0.00,0.00,0.00,0.00,0.00,0.00,0.00,0.00,DStar,14.816
733,6.02,AgentPrefab,Agent,MoveState,Moving,Goal,11.00,0.00,11.00,3.27,0.00,5.02,3.27,0.00,5.02,DStar,
734,6.05,AgentPrefab,Agent,MoveState,Moving,Goal,11.00,0.00,11.00,3.27,0.00,5.02,11.00,0.00,11.00,DStar,
735,6.06,AgentPrefab,Agent,SearchState,Searching,Goal,11.00,0.00,11.00,3.27,0.00,5.02,11.00,0.00,11.00,DStar,
735,6.06,AgentPrefab,Agent,MoveState,Moving,Goal,11.00,0.00,11.00,3.27,0.00,5.02,11.00,0.00,11.00,DStar,
736,6.07,AgentPrefab,Agent,MoveState,Moving,Goal,11.00,0.00,11.00,3.27,0.00,5.02,11.00,0.00,11.00,DStar,
737,6.08,AgentPrefab,Agent,SearchState,Searching,Goal,11.00,0.00,11.00,3.27,0.00,5.02,11.00,0.00,11.00,DStar,
737,6.08,AgentPrefab,Agent,MoveState,Moving,Goal,11.00,0.00,11.00,3.27,0.00,5.02,11.00,0.00,11.00,DStar,
738,6.09,AgentPrefab,Agent,MoveState,Moving,Goal,11.00,0.00,11.00,3.27,0.00,5.02,11.00,0.00,11.00,DStar,
739,6.10,AgentPrefab,Agent,SearchState,Searching,Goal,11.00,0.00,11.00,3.27,0.00,5.02,11.00,0.00,11.00,DStar,
739,6.10,AgentPrefab,Agent,MoveState,Moving,Goal,11.00,0.00,11.00,3.27,0.00,5.02,11.00,0.00,11.00,DStar,
740,6.11,AgentPrefab,Agent,MoveState,Moving,Goal,11.00,0.00,11.00,3.27,0.00,5.02,11.00,0.00,11.00,DStar,
741,6.11,AgentPrefab,Agent,SearchState,Searching,Goal,11.00,0.00,11.00,3.27,0.00,5.02,11.00,0.00,11.00,DStar,
741,6.11,AgentPrefab,Agent,MoveState,Moving,Goal,11.00,0.00,11.00,3.27,0.00,5.02,11.00,0.00,11.00,DStar,
742,6.13,AgentPrefab,Agent,MoveState,Moving,Goal,11.00,0.00,11.00,3.27,0.00,5.02,11.00,0.00,11.00,DStar,
743,6.13,AgentPrefab,Agent,SearchState,Searching,Goal,11.00,0.00,11.00,3.27,0.00,5.02,11.00,0.00,11.00,DStar,
743,6.13,AgentPrefab,Agent,MoveState,Moving,Goal,11.00,0.00,11.00,3.27,0.00,5.02,11.00,0.00,11.00,DStar,
744,6.14,AgentPrefab,Agent,MoveState,Moving,Goal,11.00,0.00,11.00,3.27,0.00,5.02,11.00,0.00,11.00,DStar,
745,6.15,AgentPrefab,Agent,SearchState,Searching,Goal,11.00,0.00,11.00,3.27,0.00,5.02,11.00,0.00,11.00,DStar,
745,6.15,AgentPrefab,Agent,MoveState,Moving,Goal,11.00,0.00,11.00,3.27,0.00,5.02,11.00,0.00,11.00,DStar,
746,6.16,AgentPrefab,Agent,MoveState,Moving,Goal,11.00,0.00,11.00,3.27,0.00,5.02,11.00,0.00,11.00,DStar,
747,6.17,AgentPrefab,Agent,SearchState,Searching,Goal,11.00,0.00,11.00,3.27,0.00,5.02,11.00,0.00,11.00,DStar,
747,6.17,AgentPrefab,Agent,MoveState,Moving,Goal,11.00,0.00,11.00,3.27,0.00,5.02,11.00,0.00,11.00,DStar,
748,6.18,AgentPrefab,Agent,MoveState,Moving,Goal,11.00,0.00,11.00,3.27,0.00,5.02,11.00,0.00,11.00,DStar,
749,6.19,AgentPrefab,Agent,SearchState,Searching,Goal,11.00,0.00,11.00,3.27,0.00,5.02,11.00,0.00,11.00,DStar,
749,6.19,AgentPrefab,Agent,MoveState,Moving,Goal,11.00,0.00,11.00,3.27,0.00,5.02,11.00,0.00,11.00,DStar,
750,6.20,AgentPrefab,Agent,MoveState,Moving,Goal,11.00,0.00,11.00,3.27,0.00,5.02,11.00,0.00,11.00,DStar,
751,6.20,AgentPrefab,Agent,SearchState,Searching,Goal,11.00,0.00,11.00,3.27,0.00,5.02,11.00,0.00,11.00,DStar,
751,6.20,AgentPrefab,Agent,MoveState,Moving,Goal,11.00,0.00,11.00,3.27,0.00,5.02,11.00,0.00,11.00,DStar,
752,6.22,AgentPrefab,Agent,MoveState,Moving,Goal,11.00,0.00,11.00,3.27,0.00,5.02,11.00,0.00,11.00,DStar,
753,6.22,AgentPrefab,Agent,SearchState,Searching,Goal,11.00,0.00,11.00,3.27,0.00,5.02,11.00,0.00,11.00,DStar,
753,6.22,AgentPrefab,Agent,MoveState,Moving,Goal,11.00,0.00,11.00,3.27,0.00,5.02,11.00,0.00,11.00,DStar,
754,6.24,AgentPrefab,Agent,MoveState,Moving,Goal,11.00,0.00,11.00,3.27,0.00,5.02,11.00,0.00,11.00,DStar,
755,6.24,AgentPrefab,Agent,SearchState,Searching,Goal,11.00,0.00,11.00,3.27,0.00,5.02,11.00,0.00,11.00,DStar,
755,6.24,AgentPrefab,Agent,MoveState,Moving,Goal,11.00,0.00,11.00,3.27,0.00,5.02,11.00,0.00,11.00,DStar,
756,6.26,AgentPrefab,Agent,MoveState,Moving,Goal,11.00,0.00,11.00,3.27,0.00,5.02,11.00,0.00,11.00,DStar,
757,6.26,AgentPrefab,Agent,SearchState,Searching,Goal,11.00,0.00,11.00,3.27,0.00,5.02,11.00,0.00,11.00,DStar,
757,6.26,AgentPrefab,Agent,MoveState,Moving,Goal,11.00,0.00,11.00,3.27,0.00,5.02,11.00,0.00,11.00,DStar,
758,6.28,AgentPrefab,Agent,MoveState,Moving,Goal,11.00,0.00,11.00,3.27,0.00,5.02,11.00,0.00,11.00,DStar,
759,6.28,AgentPrefab,Agent,SearchState,Searching,Goal,11.00,0.00,11.00,3.27,0.00,5.02,11.00,0.00,11.00,DStar,
759,6.28,AgentPrefab,Agent,MoveState,Moving,Goal,11.00,0.00,11.00,3.27,0.00,5.02,11.00,0.00,11.00,DStar,
760,6.29,AgentPrefab,Agent,MoveState,Moving,Goal,11.00,0.00,11.00,3.27,0.00,5.02,11.00,0.00,11.00,DStar,
761,6.30,AgentPrefab,Agent,SearchState,Searching,Goal,11.00,0.00,11.00,3.27,0.00,5.02,11.00,0.00,11.00,DStar,
761,6.30,AgentPrefab,Agent,MoveState,Moving,Goal,11.00,0.00,11.00,3.27,0.00,5.02,11.00,0.00,11.00,DStar,
762,6.31,AgentPrefab,Agent,MoveState,Moving,Goal,11.00,0.00,11.00,3.27,0.00,5.02,11.00,0.00,11.00,DStar,
763,6.32,AgentPrefab,Agent,SearchState,Searching,Goal,11.00,0.00,11.00,3.27,0.00,5.02,11.00,0.00,11.00,DStar,
763,6.32,AgentPrefab,Agent,MoveState,Moving,Goal,11.00,0.00,11.00,3.27,0.00,5.02,11.00,0.00,11.00,DStar,
764,6.33,AgentPrefab,Agent,MoveState,Moving,Goal,11.00,0.00,11.00,3.27,0.00,5.02,11.00,0.00,11.00,DStar,
765,6.33,AgentPrefab,Agent,SearchState,Searching,Goal,11.00,0.00,11.00,3.27,0.00,5.02,11.00,0.00,11.00,DStar,
765,6.33,AgentPrefab,Agent,MoveState,Moving,Goal,11.00,0.00,11.00,3.27,0.00,5.02,11.00,0.00,11.00,DStar,
766,6.35,AgentPrefab,Agent,MoveState,Moving,Goal,11.00,0.00,11.00,3.27,0.00,5.02,11.00,0.00,11.00,DStar,
767,6.35,AgentPrefab,Agent,SearchState,Searching,Goal,11.00,0.00,11.00,3.27,0.00,5.02,11.00,0.00,11.00,DStar,
767,6.35,AgentPrefab,Agent,MoveState,Moving,Goal,11.00,0.00,11.00,3.27,0.00,5.02,11.00,0.00,11.00,DStar,
768,6.36,AgentPrefab,Agent,MoveState,Moving,Goal,11.00,0.00,11.00,3.27,0.00,5.02,11.00,0.00,11.00,DStar,
769,6.37,AgentPrefab,Agent,SearchState,Searching,Goal,11.00,0.00,11.00,3.27,0.00,5.02,11.00,0.00,11.00,DStar,
769,6.37,AgentPrefab,Agent,MoveState,Moving,Goal,11.00,0.00,11.00,3.27,0.00,5.02,11.00,0.00,11.00,DStar,
770,6.38,AgentPrefab,Agent,MoveState,Moving,Goal,11.00,0.00,11.00,3.27,0.00,5.02,11.00,0.00,11.00,DStar,
771,6.39,AgentPrefab,Agent,SearchState,Searching,Goal,11.00,0.00,11.00,3.27,0.00,5.02,11.00,0.00,11.00,DStar,
771,6.39,AgentPrefab,Agent,MoveState,Moving,Goal,11.00,0.00,11.00,3.27,0.00,5.02,11.00,0.00,11.00,DStar,
772,6.40,AgentPrefab,Agent,MoveState,Moving,Goal,11.00,0.00,11.00,3.27,0.00,5.02,11.00,0.00,11.00,DStar,
773,6.41,AgentPrefab,Agent,SearchState,Searching,Goal,11.00,0.00,11.00,3.27,0.00,5.02,11.00,0.00,11.00,DStar,
773,6.41,AgentPrefab,Agent,MoveState,Moving,Goal,11.00,0.00,11.00,3.27,0.00,5.02,11.00,0.00,11.00,DStar,
774,6.42,AgentPrefab,Agent,MoveState,Moving,Goal,11.00,0.00,11.00,3.27,0.00,5.02,11.00,0.00,11.00,DStar,
775,6.42,AgentPrefab,Agent,SearchState,Searching,Goal,11.00,0.00,11.00,3.27,0.00,5.02,11.00,0.00,11.00,DStar,
775,6.42,AgentPrefab,Agent,MoveState,Moving,Goal,11.00,0.00,11.00,3.27,0.00,5.02,11.00,0.00,11.00,DStar,
776,6.44,AgentPrefab,Agent,MoveState,Moving,Goal,11.00,0.00,11.00,3.27,0.00,5.02,11.00,0.00,11.00,DStar,
777,6.44,AgentPrefab,Agent,SearchState,Searching,Goal,11.00,0.00,11.00,3.27,0.00,5.02,11.00,0.00,11.00,DStar,
777,6.44,AgentPrefab,Agent,MoveState,Moving,Goal,11.00,0.00,11.00,3.27,0.00,5.02,11.00,0.00,11.00,DStar,
778,6.46,AgentPrefab,Agent,MoveState,Moving,Goal,11.00,0.00,11.00,3.27,0.00,5.02,11.00,0.00,11.00,DStar,
779,6.46,AgentPrefab,Agent,SearchState,Searching,Goal,11.00,0.00,11.00,3.27,0.00,5.02,11.00,0.00,11.00,DStar,
779,6.46,AgentPrefab,Agent,MoveState,Moving,Goal,11.00,0.00,11.00,3.27,0.00,5.02,11.00,0.00,11.00,DStar,
780,6.47,AgentPrefab,Agent,MoveState,Moving,Goal,11.00,0.00,11.00,3.27,0.00,5.02,11.00,0.00,11.00,DStar,
781,6.48,AgentPrefab,Agent,SearchState,Searching,Goal,11.00,0.00,11.00,3.27,0.00,5.02,11.00,0.00,11.00,DStar,
781,6.48,AgentPrefab,Agent,MoveState,Moving,Goal,11.00,0.00,11.00,3.27,0.00,5.02,11.00,0.00,11.00,DStar,
782,6.49,AgentPrefab,Agent,MoveState,Moving,Goal,11.00,0.00,11.00,3.27,0.00,5.02,11.00,0.00,11.00,DStar,
783,6.50,AgentPrefab,Agent,SearchState,Searching,Goal,11.00,0.00,11.00,3.27,0.00,5.02,11.00,0.00,11.00,DStar,
783,6.50,AgentPrefab,Agent,MoveState,Moving,Goal,11.00,0.00,11.00,3.27,0.00,5.02,11.00,0.00,11.00,DStar,
784,6.51,AgentPrefab,Agent,MoveState,Moving,Goal,11.00,0.00,11.00,3.27,0.00,5.02,11.00,0.00,11.00,DStar,
785,6.52,AgentPrefab,Agent,SearchState,Searching,Goal,11.00,0.00,11.00,3.27,0.00,5.02,11.00,0.00,11.00,DStar,
785,6.52,AgentPrefab,Agent,MoveState,Moving,Goal,11.00,0.00,11.00,3.27,0.00,5.02,11.00,0.00,11.00,DStar,
786,6.53,AgentPrefab,Agent,MoveState,Moving,Goal,11.00,0.00,11.00,3.27,0.00,5.02,11.00,0.00,11.00,DStar,
787,6.53,AgentPrefab,Agent,SearchState,Searching,Goal,11.00,0.00,11.00,3.27,0.00,5.02,11.00,0.00,11.00,DStar,
787,6.53,AgentPrefab,Agent,MoveState,Moving,Goal,11.00,0.00,11.00,3.27,0.00,5.02,11.00,0.00,11.00,DStar,
788,6.54,AgentPrefab,Agent,MoveState,Moving,Goal,11.00,0.00,11.00,3.27,0.00,5.02,11.00,0.00,11.00,DStar,
789,6.55,AgentPrefab,Agent,SearchState,Searching,Goal,11.00,0.00,11.00,3.27,0.00,5.02,11.00,0.00,11.00,DStar,
789,6.55,AgentPrefab,Agent,MoveState,Moving,Goal,11.00,0.00,11.00,3.27,0.00,5.02,11.00,0.00,11.00,DStar,
790,6.56,AgentPrefab,Agent,MoveState,Moving,Goal,11.00,0.00,11.00,3.27,0.00,5.02,11.00,0.00,11.00,DStar,
791,6.57,AgentPrefab,Agent,SearchState,Searching,Goal,11.00,0.00,11.00,3.27,0.00,5.02,11.00,0.00,11.00,DStar,
791,6.57,AgentPrefab,Agent,MoveState,Moving,Goal,11.00,0.00,11.00,3.27,0.00,5.02,11.00,0.00,11.00,DStar,
792,6.58,AgentPrefab,Agent,MoveState,Moving,Goal,11.00,0.00,11.00,3.27,0.00,5.02,11.00,0.00,11.00,DStar,
793,6.59,AgentPrefab,Agent,SearchState,Searching,Goal,11.00,0.00,11.00,3.27,0.00,5.02,11.00,0.00,11.00,DStar,
793,6.59,AgentPrefab,Agent,MoveState,Moving,Goal,11.00,0.00,11.00,3.27,0.00,5.02,11.00,0.00,11.00,DStar,
794,6.60,AgentPrefab,Agent,MoveState,Moving,Goal,11.00,0.00,11.00,3.27,0.00,5.02,11.00,0.00,11.00,DStar,
795,6.60,AgentPrefab,Agent,SearchState,Searching,Goal,11.00,0.00,11.00,3.27,0.00,5.02,11.00,0.00,11.00,DStar,
795,6.60,AgentPrefab,Agent,MoveState,Moving,Goal,11.00,0.00,11.00,3.27,0.00,5.02,11.00,0.00,11.00,DStar,
796,6.62,AgentPrefab,Agent,MoveState,Moving,Goal,11.00,0.00,11.00,3.27,0.00,5.02,11.00,0.00,11.00,DStar,
797,6.62,AgentPrefab,Agent,SearchState,Searching,Goal,11.00,0.00,11.00,3.27,0.00,5.02,11.00,0.00,11.00,DStar,
797,6.62,AgentPrefab,Agent,MoveState,Moving,Goal,11.00,0.00,11.00,3.27,0.00,5.02,11.00,0.00,11.00,DStar,
798,6.63,AgentPrefab,Agent,MoveState,Moving,Goal,11.00,0.00,11.00,3.27,0.00,5.02,11.00,0.00,11.00,DStar,
799,6.64,AgentPrefab,Agent,SearchState,Searching,Goal,11.00,0.00,11.00,3.27,0.00,5.02,11.00,0.00,11.00,DStar,
799,6.64,AgentPrefab,Agent,MoveState,Moving,Goal,11.00,0.00,11.00,3.27,0.00,5.02,11.00,0.00,11.00,DStar,
800,6.65,AgentPrefab,Agent,MoveState,Moving,Goal,11.00,0.00,11.00,3.27,0.00,5.02,11.00,0.00,11.00,DStar,
801,6.67,AgentPrefab,Agent,SearchState,Searching,Goal,11.00,0.00,11.00,3.27,0.00,5.02,11.00,0.00,11.00,DStar,
801,6.67,AgentPrefab,Agent,MoveState,Moving,Goal,11.00,0.00,11.00,3.27,0.00,5.02,11.00,0.00,11.00,DStar,
802,6.69,AgentPrefab,Agent,MoveState,Moving,Goal,11.00,0.00,11.00,3.27,0.00,5.02,11.00,0.00,11.00,DStar,
803,6.70,AgentPrefab,Agent,SearchState,Searching,Goal,11.00,0.00,11.00,3.27,0.00,5.02,11.00,0.00,11.00,DStar,
803,6.70,AgentPrefab,Agent,MoveState,Moving,Goal,11.00,0.00,11.00,3.27,0.00,5.02,11.00,0.00,11.00,DStar,
804,6.72,AgentPrefab,Agent,MoveState,Moving,Goal,11.00,0.00,11.00,3.27,0.00,5.02,11.00,0.00,11.00,DStar,
805,6.73,AgentPrefab,Agent,SearchState,Searching,Goal,11.00,0.00,11.00,3.27,0.00,5.02,11.00,0.00,11.00,DStar,
805,6.73,AgentPrefab,Agent,MoveState,Moving,Goal,11.00,0.00,11.00,3.27,0.00,5.02,11.00,0.00,11.00,DStar,
806,6.75,AgentPrefab,Agent,MoveState,Moving,Goal,11.00,0.00,11.00,3.27,0.00,5.02,11.00,0.00,11.00,DStar,
807,6.76,AgentPrefab,Agent,SearchState,Searching,Goal,11.00,0.00,11.00,3.27,0.00,5.02,11.00,0.00,11.00,DStar,
807,6.76,AgentPrefab,Agent,MoveState,Moving,Goal,11.00,0.00,11.00,3.27,0.00,5.02,11.00,0.00,11.00,DStar,
808,6.78,AgentPrefab,Agent,MoveState,Moving,Goal,11.00,0.00,11.00,3.27,0.00,5.02,11.00,0.00,11.00,DStar,
809,6.79,AgentPrefab,Agent,SearchState,Searching,Goal,11.00,0.00,11.00,3.27,0.00,5.02,11.00,0.00,11.00,DStar,
809,6.79,AgentPrefab,Agent,MoveState,Moving,Goal,11.00,0.00,11.00,3.27,0.00,5.02,11.00,0.00,11.00,DStar,
810,6.81,AgentPrefab,Agent,MoveState,Moving,Goal,11.00,0.00,11.00,3.27,0.00,5.02,11.00,0.00,11.00,DStar,
811,6.82,AgentPrefab,Agent,SearchState,Searching,Goal,11.00,0.00,11.00,3.27,0.00,5.02,11.00,0.00,11.00,DStar,
811,6.82,AgentPrefab,Agent,MoveState,Moving,Goal,11.00,0.00,11.00,3.27,0.00,5.02,11.00,0.00,11.00,DStar,
812,6.83,AgentPrefab,Agent,MoveState,Moving,Goal,11.00,0.00,11.00,3.27,0.00,5.02,11.00,0.00,11.00,DStar,
813,6.85,AgentPrefab,Agent,SearchState,Searching,Goal,11.00,0.00,11.00,3.27,0.00,5.02,11.00,0.00,11.00,DStar,
813,6.85,AgentPrefab,Agent,MoveState,Moving,Goal,11.00,0.00,11.00,3.27,0.00,5.02,11.00,0.00,11.00,DStar,
814,6.87,AgentPrefab,Agent,MoveState,Moving,Goal,11.00,0.00,11.00,3.27,0.00,5.02,11.00,0.00,11.00,DStar,
815,6.88,AgentPrefab,Agent,SearchState,Searching,Goal,11.00,0.00,11.00,3.27,0.00,5.02,11.00,0.00,11.00,DStar,
815,6.88,AgentPrefab,Agent,MoveState,Moving,Goal,11.00,0.00,11.00,3.27,0.00,5.02,11.00,0.00,11.00,DStar,
816,6.89,AgentPrefab,Agent,MoveState,Moving,Goal,11.00,0.00,11.00,3.27,0.00,5.02,11.00,0.00,11.00,DStar,
817,6.91,AgentPrefab,Agent,SearchState,Searching,Goal,11.00,0.00,11.00,3.27,0.00,5.02,11.00,0.00,11.00,DStar,
817,6.91,AgentPrefab,Agent,MoveState,Moving,Goal,11.00,0.00,11.00,3.27,0.00,5.02,11.00,0.00,11.00,DStar,
818,6.93,AgentPrefab,Agent,MoveState,Moving,Goal,11.00,0.00,11.00,3.27,0.00,5.02,11.00,0.00,11.00,DStar,
819,6.94,AgentPrefab,Agent,SearchState,Searching,Goal,11.00,0.00,11.00,3.27,0.00,5.02,11.00,0.00,11.00,DStar,
819,6.94,AgentPrefab,Agent,MoveState,Moving,Goal,11.00,0.00,11.00,3.27,0.00,5.02,11.00,0.00,11.00,DStar,
820,6.96,AgentPrefab,Agent,MoveState,Moving,Goal,11.00,0.00,11.00,3.27,0.00,5.02,11.00,0.00,11.00,DStar,
821,6.97,AgentPrefab,Agent,SearchState,Searching,Goal,11.00,0.00,11.00,3.27,0.00,5.02,11.00,0.00,11.00,DStar,
821,6.97,AgentPrefab,Agent,MoveState,Moving,Goal,11.00,0.00,11.00,3.27,0.00,5.02,11.00,0.00,11.00,DStar,
822,6.99,AgentPrefab,Agent,MoveState,Moving,Goal,11.00,0.00,11.00,3.27,0.00,5.02,11.00,0.00,11.00,DStar,
823,7.00,AgentPrefab,Agent,SearchState,Searching,Goal,11.00,0.00,11.00,3.27,0.00,5.02,11.00,0.00,11.00,DStar,
823,7.00,AgentPrefab,Agent,MoveState,Moving,Goal,11.00,0.00,11.00,3.27,0.00,5.02,11.00,0.00,11.00,DStar,
824,7.02,AgentPrefab,Agent,MoveState,Moving,Goal,11.00,0.00,11.00,3.27,0.00,5.02,11.00,0.00,11.00,DStar,
825,7.04,AgentPrefab,Agent,SearchState,Searching,Goal,11.00,0.00,11.00,3.27,0.00,5.02,11.00,0.00,11.00,DStar,
825,7.04,AgentPrefab,Agent,MoveState,Moving,Goal,11.00,0.00,11.00,3.27,0.00,5.02,11.00,0.00,11.00,DStar,
826,7.05,AgentPrefab,Agent,MoveState,Moving,Goal,11.00,0.00,11.00,3.27,0.00,5.02,11.00,0.00,11.00,DStar,
827,7.06,AgentPrefab,Agent,SearchState,Searching,Goal,11.00,0.00,11.00,3.27,0.00,5.02,11.00,0.00,11.00,DStar,
827,7.06,AgentPrefab,Agent,MoveState,Moving,Goal,11.00,0.00,11.00,3.27,0.00,5.02,11.00,0.00,11.00,DStar,
828,7.07,AgentPrefab,Agent,MoveState,Moving,Goal,11.00,0.00,11.00,3.27,0.00,5.02,11.00,0.00,11.00,DStar,
829,7.08,AgentPrefab,Agent,SearchState,Searching,Goal,11.00,0.00,11.00,3.27,0.00,5.02,11.00,0.00,11.00,DStar,
829,7.08,AgentPrefab,Agent,MoveState,Moving,Goal,11.00,0.00,11.00,3.27,0.00,5.02,11.00,0.00,11.00,DStar,
830,7.09,AgentPrefab,Agent,MoveState,Moving,Goal,11.00,0.00,11.00,3.27,0.00,5.02,11.00,0.00,11.00,DStar,
831,7.10,AgentPrefab,Agent,SearchState,Searching,Goal,11.00,0.00,11.00,3.27,0.00,5.02,11.00,0.00,11.00,DStar,
831,7.10,AgentPrefab,Agent,MoveState,Moving,Goal,11.00,0.00,11.00,3.27,0.00,5.02,11.00,0.00,11.00,DStar,
832,7.11,AgentPrefab,Agent,MoveState,Moving,Goal,11.00,0.00,11.00,3.27,0.00,5.02,11.00,0.00,11.00,DStar,
833,7.12,AgentPrefab,Agent,SearchState,Searching,Goal,11.00,0.00,11.00,3.27,0.00,5.02,11.00,0.00,11.00,DStar,
833,7.12,AgentPrefab,Agent,MoveState,Moving,Goal,11.00,0.00,11.00,3.27,0.00,5.02,11.00,0.00,11.00,DStar,
834,7.13,AgentPrefab,Agent,MoveState,Moving,Goal,11.00,0.00,11.00,3.27,0.00,5.02,11.00,0.00,11.00,DStar,
835,7.13,AgentPrefab,Agent,SearchState,Searching,Goal,11.00,0.00,11.00,3.27,0.00,5.02,11.00,0.00,11.00,DStar,
835,7.13,AgentPrefab,Agent,MoveState,Moving,Goal,11.00,0.00,11.00,3.27,0.00,5.02,11.00,0.00,11.00,DStar,
836,7.15,AgentPrefab,Agent,MoveState,Moving,Goal,11.00,0.00,11.00,3.27,0.00,5.02,11.00,0.00,11.00,DStar,
837,7.15,AgentPrefab,Agent,SearchState,Searching,Goal,11.00,0.00,11.00,3.27,0.00,5.02,11.00,0.00,11.00,DStar,
837,7.15,AgentPrefab,Agent,MoveState,Moving,Goal,11.00,0.00,11.00,3.27,0.00,5.02,11.00,0.00,11.00,DStar,
838,7.17,AgentPrefab,Agent,MoveState,Moving,Goal,11.00,0.00,11.00,3.27,0.00,5.02,11.00,0.00,11.00,DStar,
839,7.17,AgentPrefab,Agent,SearchState,Searching,Goal,11.00,0.00,11.00,3.27,0.00,5.02,11.00,0.00,11.00,DStar,
839,7.17,AgentPrefab,Agent,MoveState,Moving,Goal,11.00,0.00,11.00,3.27,0.00,5.02,11.00,0.00,11.00,DStar,
840,7.18,AgentPrefab,Agent,MoveState,Moving,Goal,11.00,0.00,11.00,3.27,0.00,5.02,11.00,0.00,11.00,DStar,
841,7.19,AgentPrefab,Agent,SearchState,Searching,Goal,11.00,0.00,11.00,3.27,0.00,5.02,11.00,0.00,11.00,DStar,
841,7.19,AgentPrefab,Agent,MoveState,Moving,Goal,11.00,0.00,11.00,3.27,0.00,5.02,11.00,0.00,11.00,DStar,
842,7.20,AgentPrefab,Agent,MoveState,Moving,Goal,11.00,0.00,11.00,3.27,0.00,5.02,11.00,0.00,11.00,DStar,
843,7.21,AgentPrefab,Agent,SearchState,Searching,Goal,11.00,0.00,11.00,3.27,0.00,5.02,11.00,0.00,11.00,DStar,
843,7.21,AgentPrefab,Agent,MoveState,Moving,Goal,11.00,0.00,11.00,3.27,0.00,5.02,11.00,0.00,11.00,DStar,
844,7.22,AgentPrefab,Agent,MoveState,Moving,Goal,11.00,0.00,11.00,3.27,0.00,5.02,11.00,0.00,11.00,DStar,
845,7.23,AgentPrefab,Agent,SearchState,Searching,Goal,11.00,0.00,11.00,3.27,0.00,5.02,11.00,0.00,11.00,DStar,
845,7.23,AgentPrefab,Agent,MoveState,Moving,Goal,11.00,0.00,11.00,3.27,0.00,5.02,11.00,0.00,11.00,DStar,
846,7.24,AgentPrefab,Agent,MoveState,Moving,Goal,11.00,0.00,11.00,3.27,0.00,5.02,11.00,0.00,11.00,DStar,
847,7.25,AgentPrefab,Agent,SearchState,Searching,Goal,11.00,0.00,11.00,3.27,0.00,5.02,11.00,0.00,11.00,DStar,
847,7.25,AgentPrefab,Agent,MoveState,Moving,Goal,11.00,0.00,11.00,3.27,0.00,5.02,11.00,0.00,11.00,DStar,
848,7.26,AgentPrefab,Agent,MoveState,Moving,Goal,11.00,0.00,11.00,3.27,0.00,5.02,11.00,0.00,11.00,DStar,
849,7.27,AgentPrefab,Agent,SearchState,Searching,Goal,11.00,0.00,11.00,3.27,0.00,5.02,11.00,0.00,11.00,DStar,
849,7.27,AgentPrefab,Agent,MoveState,Moving,Goal,11.00,0.00,11.00,3.27,0.00,5.02,11.00,0.00,11.00,DStar,
850,7.28,AgentPrefab,Agent,MoveState,Moving,Goal,11.00,0.00,11.00,3.27,0.00,5.02,11.00,0.00,11.00,DStar,
851,7.28,AgentPrefab,Agent,SearchState,Searching,Goal,11.00,0.00,11.00,3.27,0.00,5.02,11.00,0.00,11.00,DStar,
851,7.28,AgentPrefab,Agent,MoveState,Moving,Goal,11.00,0.00,11.00,3.27,0.00,5.02,11.00,0.00,11.00,DStar,
852,7.30,AgentPrefab,Agent,MoveState,Moving,Goal,11.00,0.00,11.00,3.27,0.00,5.02,11.00,0.00,11.00,DStar,
853,7.30,AgentPrefab,Agent,SearchState,Searching,Goal,11.00,0.00,11.00,3.27,0.00,5.02,11.00,0.00,11.00,DStar,
853,7.30,AgentPrefab,Agent,MoveState,Moving,Goal,11.00,0.00,11.00,3.27,0.00,5.02,11.00,0.00,11.00,DStar,
854,7.31,AgentPrefab,Agent,MoveState,Moving,Goal,11.00,0.00,11.00,3.27,0.00,5.02,11.00,0.00,11.00,DStar,
855,7.32,AgentPrefab,Agent,SearchState,Searching,Goal,11.00,0.00,11.00,3.27,0.00,5.02,11.00,0.00,11.00,DStar,
855,7.32,AgentPrefab,Agent,MoveState,Moving,Goal,11.00,0.00,11.00,3.27,0.00,5.02,11.00,0.00,11.00,DStar,
856,7.33,AgentPrefab,Agent,MoveState,Moving,Goal,11.00,0.00,11.00,3.27,0.00,5.02,11.00,0.00,11.00,DStar,
857,7.34,AgentPrefab,Agent,SearchState,Searching,Goal,11.00,0.00,11.00,3.27,0.00,5.02,11.00,0.00,11.00,DStar,
857,7.34,AgentPrefab,Agent,MoveState,Moving,Goal,11.00,0.00,11.00,3.27,0.00,5.02,11.00,0.00,11.00,DStar,
858,7.35,AgentPrefab,Agent,MoveState,Moving,Goal,11.00,0.00,11.00,3.27,0.00,5.02,11.00,0.00,11.00,DStar,
859,7.36,AgentPrefab,Agent,SearchState,Searching,Goal,11.00,0.00,11.00,3.27,0.00,5.02,11.00,0.00,11.00,DStar,
859,7.36,AgentPrefab,Agent,MoveState,Moving,Goal,11.00,0.00,11.00,3.27,0.00,5.02,11.00,0.00,11.00,DStar,
860,7.37,AgentPrefab,Agent,MoveState,Moving,Goal,11.00,0.00,11.00,3.27,0.00,5.02,11.00,0.00,11.00,DStar,
861,7.38,AgentPrefab,Agent,SearchState,Searching,Goal,11.00,0.00,11.00,3.27,0.00,5.02,11.00,0.00,11.00,DStar,
861,7.38,AgentPrefab,Agent,MoveState,Moving,Goal,11.00,0.00,11.00,3.27,0.00,5.02,11.00,0.00,11.00,DStar,
862,7.39,AgentPrefab,Agent,MoveState,Moving,Goal,11.00,0.00,11.00,3.27,0.00,5.02,11.00,0.00,11.00,DStar,
863,7.40,AgentPrefab,Agent,SearchState,Searching,Goal,11.00,0.00,11.00,3.27,0.00,5.02,11.00,0.00,11.00,DStar,
863,7.40,AgentPrefab,Agent,MoveState,Moving,Goal,11.00,0.00,11.00,3.27,0.00,5.02,11.00,0.00,11.00,DStar,
864,7.41,AgentPrefab,Agent,MoveState,Moving,Goal,11.00,0.00,11.00,3.27,0.00,5.02,11.00,0.00,11.00,DStar,
865,7.41,AgentPrefab,Agent,SearchState,Searching,Goal,11.00,0.00,11.00,3.27,0.00,5.02,11.00,0.00,11.00,DStar,
865,7.41,AgentPrefab,Agent,MoveState,Moving,Goal,11.00,0.00,11.00,3.27,0.00,5.02,11.00,0.00,11.00,DStar,
866,7.43,AgentPrefab,Agent,MoveState,Moving,Goal,11.00,0.00,11.00,3.27,0.00,5.02,11.00,0.00,11.00,DStar,
867,7.44,AgentPrefab,Agent,SearchState,Searching,Goal,11.00,0.00,11.00,3.27,0.00,5.02,11.00,0.00,11.00,DStar,
867,7.44,AgentPrefab,Agent,MoveState,Moving,Goal,11.00,0.00,11.00,3.27,0.00,5.02,11.00,0.00,11.00,DStar,
868,7.45,AgentPrefab,Agent,MoveState,Moving,Goal,11.00,0.00,11.00,3.27,0.00,5.02,11.00,0.00,11.00,DStar,
869,7.46,AgentPrefab,Agent,SearchState,Searching,Goal,11.00,0.00,11.00,3.27,0.00,5.02,11.00,0.00,11.00,DStar,
869,7.46,AgentPrefab,Agent,MoveState,Moving,Goal,11.00,0.00,11.00,3.27,0.00,5.02,11.00,0.00,11.00,DStar,
870,7.47,AgentPrefab,Agent,MoveState,Moving,Goal,11.00,0.00,11.00,3.27,0.00,5.02,11.00,0.00,11.00,DStar,
871,7.47,AgentPrefab,Agent,SearchState,Searching,Goal,11.00,0.00,11.00,3.27,0.00,5.02,11.00,0.00,11.00,DStar,
871,7.47,AgentPrefab,Agent,MoveState,Moving,Goal,11.00,0.00,11.00,3.27,0.00,5.02,11.00,0.00,11.00,DStar,
872,7.49,AgentPrefab,Agent,MoveState,Moving,Goal,11.00,0.00,11.00,3.27,0.00,5.02,11.00,0.00,11.00,DStar,
873,7.49,AgentPrefab,Agent,SearchState,Searching,Goal,11.00,0.00,11.00,3.27,0.00,5.02,11.00,0.00,11.00,DStar,
873,7.49,AgentPrefab,Agent,MoveState,Moving,Goal,11.00,0.00,11.00,3.27,0.00,5.02,11.00,0.00,11.00,DStar,
874,7.50,AgentPrefab,Agent,MoveState,Moving,Goal,11.00,0.00,11.00,3.27,0.00,5.02,11.00,0.00,11.00,DStar,
875,7.51,AgentPrefab,Agent,SearchState,Searching,Goal,11.00,0.00,11.00,3.27,0.00,5.02,11.00,0.00,11.00,DStar,
875,7.51,AgentPrefab,Agent,MoveState,Moving,Goal,11.00,0.00,11.00,3.27,0.00,5.02,11.00,0.00,11.00,DStar,
876,7.52,AgentPrefab,Agent,MoveState,Moving,Goal,11.00,0.00,11.00,3.27,0.00,5.02,11.00,0.00,11.00,DStar,
877,7.53,AgentPrefab,Agent,SearchState,Searching,Goal,11.00,0.00,11.00,3.27,0.00,5.02,11.00,0.00,11.00,DStar,
877,7.53,AgentPrefab,Agent,MoveState,Moving,Goal,11.00,0.00,11.00,3.27,0.00,5.02,11.00,0.00,11.00,DStar,
878,7.54,AgentPrefab,Agent,MoveState,Moving,Goal,11.00,0.00,11.00,3.27,0.00,5.02,11.00,0.00,11.00,DStar,
879,7.55,AgentPrefab,Agent,SearchState,Searching,Goal,11.00,0.00,11.00,3.27,0.00,5.02,11.00,0.00,11.00,DStar,
879,7.55,AgentPrefab,Agent,MoveState,Moving,Goal,11.00,0.00,11.00,3.27,0.00,5.02,11.00,0.00,11.00,DStar,
880,7.56,AgentPrefab,Agent,MoveState,Moving,Goal,11.00,0.00,11.00,3.27,0.00,5.02,11.00,0.00,11.00,DStar,
881,7.57,AgentPrefab,Agent,SearchState,Searching,Goal,11.00,0.00,11.00,3.27,0.00,5.02,11.00,0.00,11.00,DStar,
881,7.57,AgentPrefab,Agent,MoveState,Moving,Goal,11.00,0.00,11.00,3.27,0.00,5.02,11.00,0.00,11.00,DStar,
882,7.58,AgentPrefab,Agent,MoveState,Moving,Goal,11.00,0.00,11.00,3.27,0.00,5.02,11.00,0.00,11.00,DStar,
883,7.58,AgentPrefab,Agent,SearchState,Searching,Goal,11.00,0.00,11.00,3.27,0.00,5.02,11.00,0.00,11.00,DStar,
883,7.58,AgentPrefab,Agent,MoveState,Moving,Goal,11.00,0.00,11.00,3.27,0.00,5.02,11.00,0.00,11.00,DStar,
884,7.60,AgentPrefab,Agent,MoveState,Moving,Goal,11.00,0.00,11.00,3.27,0.00,5.02,11.00,0.00,11.00,DStar,
885,7.60,AgentPrefab,Agent,SearchState,Searching,Goal,11.00,0.00,11.00,3.27,0.00,5.02,11.00,0.00,11.00,DStar,
885,7.60,AgentPrefab,Agent,MoveState,Moving,Goal,11.00,0.00,11.00,3.27,0.00,5.02,11.00,0.00,11.00,DStar,
886,7.62,AgentPrefab,Agent,MoveState,Moving,Goal,11.00,0.00,11.00,3.27,0.00,5.02,11.00,0.00,11.00,DStar,
887,7.62,AgentPrefab,Agent,SearchState,Searching,Goal,11.00,0.00,11.00,3.27,0.00,5.02,11.00,0.00,11.00,DStar,
887,7.62,AgentPrefab,Agent,MoveState,Moving,Goal,11.00,0.00,11.00,3.27,0.00,5.02,11.00,0.00,11.00,DStar,
888,7.63,AgentPrefab,Agent,MoveState,Moving,Goal,11.00,0.00,11.00,3.27,0.00,5.02,11.00,0.00,11.00,DStar,
889,7.64,AgentPrefab,Agent,SearchState,Searching,Goal,11.00,0.00,11.00,3.27,0.00,5.02,11.00,0.00,11.00,DStar,
889,7.64,AgentPrefab,Agent,MoveState,Moving,Goal,11.00,0.00,11.00,3.27,0.00,5.02,11.00,0.00,11.00,DStar,
890,7.65,AgentPrefab,Agent,MoveState,Moving,Goal,11.00,0.00,11.00,3.27,0.00,5.02,11.00,0.00,11.00,DStar,
891,7.66,AgentPrefab,Agent,SearchState,Searching,Goal,11.00,0.00,11.00,3.27,0.00,5.02,11.00,0.00,11.00,DStar,
891,7.66,AgentPrefab,Agent,MoveState,Moving,Goal,11.00,0.00,11.00,3.27,0.00,5.02,11.00,0.00,11.00,DStar,
892,7.67,AgentPrefab,Agent,MoveState,Moving,Goal,11.00,0.00,11.00,3.27,0.00,5.02,11.00,0.00,11.00,DStar,
893,7.68,AgentPrefab,Agent,SearchState,Searching,Goal,11.00,0.00,11.00,3.27,0.00,5.02,11.00,0.00,11.00,DStar,
893,7.68,AgentPrefab,Agent,MoveState,Moving,Goal,11.00,0.00,11.00,3.27,0.00,5.02,11.00,0.00,11.00,DStar,
894,7.69,AgentPrefab,Agent,MoveState,Moving,Goal,11.00,0.00,11.00,3.27,0.00,5.02,11.00,0.00,11.00,DStar,
895,7.70,AgentPrefab,Agent,SearchState,Searching,Goal,11.00,0.00,11.00,3.27,0.00,5.02,11.00,0.00,11.00,DStar,
895,7.70,AgentPrefab,Agent,MoveState,Moving,Goal,11.00,0.00,11.00,3.27,0.00,5.02,11.00,0.00,11.00,DStar,
896,7.71,AgentPrefab,Agent,MoveState,Moving,Goal,11.00,0.00,11.00,3.27,0.00,5.02,11.00,0.00,11.00,DStar,
897,7.72,AgentPrefab,Agent,SearchState,Searching,Goal,11.00,0.00,11.00,3.27,0.00,5.02,11.00,0.00,11.00,DStar,
897,7.72,AgentPrefab,Agent,MoveState,Moving,Goal,11.00,0.00,11.00,3.27,0.00,5.02,11.00,0.00,11.00,DStar,
898,7.73,AgentPrefab,Agent,MoveState,Moving,Goal,11.00,0.00,11.00,3.27,0.00,5.02,11.00,0.00,11.00,DStar,
899,7.73,AgentPrefab,Agent,SearchState,Searching,Goal,11.00,0.00,11.00,3.27,0.00,5.02,11.00,0.00,11.00,DStar,
899,7.73,AgentPrefab,Agent,MoveState,Moving,Goal,11.00,0.00,11.00,3.27,0.00,5.02,11.00,0.00,11.00,DStar,
900,7.75,AgentPrefab,Agent,MoveState,Moving,Goal,11.00,0.00,11.00,3.27,0.00,5.02,11.00,0.00,11.00,DStar,
901,7.75,AgentPrefab,Agent,SearchState,Searching,Goal,11.00,0.00,11.00,3.27,0.00,5.02,11.00,0.00,11.00,DStar,
901,7.75,AgentPrefab,Agent,MoveState,Moving,Goal,11.00,0.00,11.00,3.27,0.00,5.02,11.00,0.00,11.00,DStar,
902,7.76,AgentPrefab,Agent,MoveState,Moving,Goal,11.00,0.00,11.00,3.27,0.00,5.02,11.00,0.00,11.00,DStar,
903,7.77,AgentPrefab,Agent,SearchState,Searching,Goal,11.00,0.00,11.00,3.27,0.00,5.02,11.00,0.00,11.00,DStar,
903,7.77,AgentPrefab,Agent,MoveState,Moving,Goal,11.00,0.00,11.00,3.27,0.00,5.02,11.00,0.00,11.00,DStar,
904,7.78,AgentPrefab,Agent,MoveState,Moving,Goal,11.00,0.00,11.00,3.27,0.00,5.02,11.00,0.00,11.00,DStar,
905,7.79,AgentPrefab,Agent,SearchState,Searching,Goal,11.00,0.00,11.00,3.27,0.00,5.02,11.00,0.00,11.00,DStar,
905,7.79,AgentPrefab,Agent,MoveState,Moving,Goal,11.00,0.00,11.00,3.27,0.00,5.02,11.00,0.00,11.00,DStar,
906,7.80,AgentPrefab,Agent,MoveState,Moving,Goal,11.00,0.00,11.00,3.27,0.00,5.02,11.00,0.00,11.00,DStar,
907,7.81,AgentPrefab,Agent,SearchState,Searching,Goal,11.00,0.00,11.00,3.27,0.00,5.02,11.00,0.00,11.00,DStar,
907,7.81,AgentPrefab,Agent,MoveState,Moving,Goal,11.00,0.00,11.00,3.27,0.00,5.02,11.00,0.00,11.00,DStar,
908,7.82,AgentPrefab,Agent,MoveState,Moving,Goal,11.00,0.00,11.00,3.27,0.00,5.02,11.00,0.00,11.00,DStar,
909,7.82,AgentPrefab,Agent,SearchState,Searching,Goal,11.00,0.00,11.00,3.27,0.00,5.02,11.00,0.00,11.00,DStar,
909,7.82,AgentPrefab,Agent,MoveState,Moving,Goal,11.00,0.00,11.00,3.27,0.00,5.02,11.00,0.00,11.00,DStar,
910,7.84,AgentPrefab,Agent,MoveState,Moving,Goal,11.00,0.00,11.00,3.27,0.00,5.02,11.00,0.00,11.00,DStar,
911,7.84,AgentPrefab,Agent,SearchState,Searching,Goal,11.00,0.00,11.00,3.27,0.00,5.02,11.00,0.00,11.00,DStar,
911,7.84,AgentPrefab,Agent,MoveState,Moving,Goal,11.00,0.00,11.00,3.27,0.00,5.02,11.00,0.00,11.00,DStar,
912,7.85,AgentPrefab,Agent,MoveState,Moving,Goal,11.00,0.00,11.00,3.27,0.00,5.02,11.00,0.00,11.00,DStar,
913,7.86,AgentPrefab,Agent,SearchState,Searching,Goal,11.00,0.00,11.00,3.27,0.00,5.02,11.00,0.00,11.00,DStar,
913,7.86,AgentPrefab,Agent,MoveState,Moving,Goal,11.00,0.00,11.00,3.27,0.00,5.02,11.00,0.00,11.00,DStar,
914,7.87,AgentPrefab,Agent,MoveState,Moving,Goal,11.00,0.00,11.00,3.27,0.00,5.02,11.00,0.00,11.00,DStar,
915,7.88,AgentPrefab,Agent,SearchState,Searching,Goal,11.00,0.00,11.00,3.27,0.00,5.02,11.00,0.00,11.00,DStar,
915,7.88,AgentPrefab,Agent,MoveState,Moving,Goal,11.00,0.00,11.00,3.27,0.00,5.02,11.00,0.00,11.00,DStar,
916,7.90,AgentPrefab,Agent,MoveState,Moving,Goal,11.00,0.00,11.00,3.27,0.00,5.02,11.00,0.00,11.00,DStar,
917,7.90,AgentPrefab,Agent,SearchState,Searching,Goal,11.00,0.00,11.00,3.27,0.00,5.02,11.00,0.00,11.00,DStar,
917,7.90,AgentPrefab,Agent,MoveState,Moving,Goal,11.00,0.00,11.00,3.27,0.00,5.02,11.00,0.00,11.00,DStar,
918,7.92,AgentPrefab,Agent,MoveState,Moving,Goal,11.00,0.00,11.00,3.27,0.00,5.02,11.00,0.00,11.00,DStar,
919,7.92,AgentPrefab,Agent,SearchState,Searching,Goal,11.00,0.00,11.00,3.27,0.00,5.02,11.00,0.00,11.00,DStar,
919,7.92,AgentPrefab,Agent,MoveState,Moving,Goal,11.00,0.00,11.00,3.27,0.00,5.02,11.00,0.00,11.00,DStar,
920,7.93,AgentPrefab,Agent,MoveState,Moving,Goal,11.00,0.00,11.00,3.27,0.00,5.02,11.00,0.00,11.00,DStar,
921,7.94,AgentPrefab,Agent,SearchState,Searching,Goal,11.00,0.00,11.00,3.27,0.00,5.02,11.00,0.00,11.00,DStar,
921,7.94,AgentPrefab,Agent,MoveState,Moving,Goal,11.00,0.00,11.00,3.27,0.00,5.02,11.00,0.00,11.00,DStar,
922,7.95,AgentPrefab,Agent,MoveState,Moving,Goal,11.00,0.00,11.00,3.27,0.00,5.02,11.00,0.00,11.00,DStar,
923,7.96,AgentPrefab,Agent,SearchState,Searching,Goal,11.00,0.00,11.00,3.27,0.00,5.02,11.00,0.00,11.00,DStar,
923,7.96,AgentPrefab,Agent,MoveState,Moving,Goal,11.00,0.00,11.00,3.27,0.00,5.02,11.00,0.00,11.00,DStar,
924,7.97,AgentPrefab,Agent,MoveState,Moving,Goal,11.00,0.00,11.00,3.27,0.00,5.02,11.00,0.00,11.00,DStar,
925,7.98,AgentPrefab,Agent,SearchState,Searching,Goal,11.00,0.00,11.00,3.27,0.00,5.02,11.00,0.00,11.00,DStar,
925,7.98,AgentPrefab,Agent,MoveState,Moving,Goal,11.00,0.00,11.00,3.27,0.00,5.02,11.00,0.00,11.00,DStar,
926,7.99,AgentPrefab,Agent,MoveState,Moving,Goal,11.00,0.00,11.00,3.27,0.00,5.02,11.00,0.00,11.00,DStar,
927,7.99,AgentPrefab,Agent,SearchState,Searching,Goal,11.00,0.00,11.00,3.27,0.00,5.02,11.00,0.00,11.00,DStar,
927,7.99,AgentPrefab,Agent,MoveState,Moving,Goal,11.00,0.00,11.00,3.27,0.00,5.02,11.00,0.00,11.00,DStar,
928,8.01,AgentPrefab,Agent,MoveState,Moving,Goal,11.00,0.00,11.00,3.27,0.00,5.02,11.00,0.00,11.00,DStar,
929,8.01,AgentPrefab,Agent,SearchState,Searching,Goal,11.00,0.00,11.00,3.27,0.00,5.02,11.00,0.00,11.00,DStar,
929,8.01,AgentPrefab,Agent,MoveState,Moving,Goal,11.00,0.00,11.00,3.27,0.00,5.02,11.00,0.00,11.00,DStar,
930,8.03,AIManager,Performance,Pathfinding,Executed,DStar,0.00,0.00,0.00,0.00,0.00,0.00,0.00,0.00,0.00,DStar,18.502
930,8.03,AgentPrefab,Agent,MoveState,Moving,Goal,11.00,0.00,11.00,3.27,0.00,5.02,3.27,0.00,5.02,DStar,
931,8.06,AgentPrefab,Agent,MoveState,Moving,Goal,11.00,0.00,11.00,3.27,0.00,5.02,11.00,0.00,11.00,DStar,
932,8.07,AgentPrefab,Agent,SearchState,Searching,Goal,11.00,0.00,11.00,3.27,0.00,5.02,11.00,0.00,11.00,DStar,
932,8.07,AgentPrefab,Agent,MoveState,Moving,Goal,11.00,0.00,11.00,3.27,0.00,5.02,11.00,0.00,11.00,DStar,
933,8.08,AgentPrefab,Agent,MoveState,Moving,Goal,11.00,0.00,11.00,3.27,0.00,5.02,11.00,0.00,11.00,DStar,
934,8.09,AgentPrefab,Agent,SearchState,Searching,Goal,11.00,0.00,11.00,3.27,0.00,5.02,11.00,0.00,11.00,DStar,
934,8.09,AgentPrefab,Agent,MoveState,Moving,Goal,11.00,0.00,11.00,3.27,0.00,5.02,11.00,0.00,11.00,DStar,
935,8.10,AgentPrefab,Agent,MoveState,Moving,Goal,11.00,0.00,11.00,3.27,0.00,5.02,11.00,0.00,11.00,DStar,
936,8.10,AgentPrefab,Agent,SearchState,Searching,Goal,11.00,0.00,11.00,3.27,0.00,5.02,11.00,0.00,11.00,DStar,
936,8.10,AgentPrefab,Agent,MoveState,Moving,Goal,11.00,0.00,11.00,3.27,0.00,5.02,11.00,0.00,11.00,DStar,
937,8.12,AgentPrefab,Agent,MoveState,Moving,Goal,11.00,0.00,11.00,3.27,0.00,5.02,11.00,0.00,11.00,DStar,
938,8.12,AgentPrefab,Agent,SearchState,Searching,Goal,11.00,0.00,11.00,3.27,0.00,5.02,11.00,0.00,11.00,DStar,
938,8.12,AgentPrefab,Agent,MoveState,Moving,Goal,11.00,0.00,11.00,3.27,0.00,5.02,11.00,0.00,11.00,DStar,
939,8.13,AgentPrefab,Agent,MoveState,Moving,Goal,11.00,0.00,11.00,3.27,0.00,5.02,11.00,0.00,11.00,DStar,
940,8.14,AgentPrefab,Agent,SearchState,Searching,Goal,11.00,0.00,11.00,3.27,0.00,5.02,11.00,0.00,11.00,DStar,
940,8.14,AgentPrefab,Agent,MoveState,Moving,Goal,11.00,0.00,11.00,3.27,0.00,5.02,11.00,0.00,11.00,DStar,
941,8.15,AgentPrefab,Agent,MoveState,Moving,Goal,11.00,0.00,11.00,3.27,0.00,5.02,11.00,0.00,11.00,DStar,
942,8.16,AgentPrefab,Agent,SearchState,Searching,Goal,11.00,0.00,11.00,3.27,0.00,5.02,11.00,0.00,11.00,DStar,
942,8.16,AgentPrefab,Agent,MoveState,Moving,Goal,11.00,0.00,11.00,3.27,0.00,5.02,11.00,0.00,11.00,DStar,
943,8.17,AgentPrefab,Agent,MoveState,Moving,Goal,11.00,0.00,11.00,3.27,0.00,5.02,11.00,0.00,11.00,DStar,
944,8.18,AgentPrefab,Agent,SearchState,Searching,Goal,11.00,0.00,11.00,3.27,0.00,5.02,11.00,0.00,11.00,DStar,
944,8.18,AgentPrefab,Agent,MoveState,Moving,Goal,11.00,0.00,11.00,3.27,0.00,5.02,11.00,0.00,11.00,DStar,
945,8.19,AgentPrefab,Agent,MoveState,Moving,Goal,11.00,0.00,11.00,3.27,0.00,5.02,11.00,0.00,11.00,DStar,
946,8.20,AgentPrefab,Agent,SearchState,Searching,Goal,11.00,0.00,11.00,3.27,0.00,5.02,11.00,0.00,11.00,DStar,
946,8.20,AgentPrefab,Agent,MoveState,Moving,Goal,11.00,0.00,11.00,3.27,0.00,5.02,11.00,0.00,11.00,DStar,
947,8.21,AgentPrefab,Agent,MoveState,Moving,Goal,11.00,0.00,11.00,3.27,0.00,5.02,11.00,0.00,11.00,DStar,
948,8.22,AgentPrefab,Agent,SearchState,Searching,Goal,11.00,0.00,11.00,3.27,0.00,5.02,11.00,0.00,11.00,DStar,
948,8.22,AgentPrefab,Agent,MoveState,Moving,Goal,11.00,0.00,11.00,3.27,0.00,5.02,11.00,0.00,11.00,DStar,
949,8.23,AgentPrefab,Agent,MoveState,Moving,Goal,11.00,0.00,11.00,3.27,0.00,5.02,11.00,0.00,11.00,DStar,
950,8.24,AgentPrefab,Agent,SearchState,Searching,Goal,11.00,0.00,11.00,3.27,0.00,5.02,11.00,0.00,11.00,DStar,
950,8.24,AgentPrefab,Agent,MoveState,Moving,Goal,11.00,0.00,11.00,3.27,0.00,5.02,11.00,0.00,11.00,DStar,
951,8.25,AgentPrefab,Agent,MoveState,Moving,Goal,11.00,0.00,11.00,3.27,0.00,5.02,11.00,0.00,11.00,DStar,
952,8.25,AgentPrefab,Agent,SearchState,Searching,Goal,11.00,0.00,11.00,3.27,0.00,5.02,11.00,0.00,11.00,DStar,
952,8.25,AgentPrefab,Agent,MoveState,Moving,Goal,11.00,0.00,11.00,3.27,0.00,5.02,11.00,0.00,11.00,DStar,
953,8.27,AgentPrefab,Agent,MoveState,Moving,Goal,11.00,0.00,11.00,3.27,0.00,5.02,11.00,0.00,11.00,DStar,
954,8.27,AgentPrefab,Agent,SearchState,Searching,Goal,11.00,0.00,11.00,3.27,0.00,5.02,11.00,0.00,11.00,DStar,
954,8.27,AgentPrefab,Agent,MoveState,Moving,Goal,11.00,0.00,11.00,3.27,0.00,5.02,11.00,0.00,11.00,DStar,
955,8.29,AgentPrefab,Agent,MoveState,Moving,Goal,11.00,0.00,11.00,3.27,0.00,5.02,11.00,0.00,11.00,DStar,
956,8.29,AgentPrefab,Agent,SearchState,Searching,Goal,11.00,0.00,11.00,3.27,0.00,5.02,11.00,0.00,11.00,DStar,
956,8.29,AgentPrefab,Agent,MoveState,Moving,Goal,11.00,0.00,11.00,3.27,0.00,5.02,11.00,0.00,11.00,DStar,
957,8.30,AgentPrefab,Agent,MoveState,Moving,Goal,11.00,0.00,11.00,3.27,0.00,5.02,11.00,0.00,11.00,DStar,
958,8.31,AgentPrefab,Agent,SearchState,Searching,Goal,11.00,0.00,11.00,3.27,0.00,5.02,11.00,0.00,11.00,DStar,
958,8.31,AgentPrefab,Agent,MoveState,Moving,Goal,11.00,0.00,11.00,3.27,0.00,5.02,11.00,0.00,11.00,DStar,
959,8.32,AgentPrefab,Agent,MoveState,Moving,Goal,11.00,0.00,11.00,3.27,0.00,5.02,11.00,0.00,11.00,DStar,
960,8.33,AgentPrefab,Agent,SearchState,Searching,Goal,11.00,0.00,11.00,3.27,0.00,5.02,11.00,0.00,11.00,DStar,
960,8.33,AgentPrefab,Agent,MoveState,Moving,Goal,11.00,0.00,11.00,3.27,0.00,5.02,11.00,0.00,11.00,DStar,
961,8.34,AgentPrefab,Agent,MoveState,Moving,Goal,11.00,0.00,11.00,3.27,0.00,5.02,11.00,0.00,11.00,DStar,
962,8.35,AgentPrefab,Agent,SearchState,Searching,Goal,11.00,0.00,11.00,3.27,0.00,5.02,11.00,0.00,11.00,DStar,
962,8.35,AgentPrefab,Agent,MoveState,Moving,Goal,11.00,0.00,11.00,3.27,0.00,5.02,11.00,0.00,11.00,DStar,
963,8.36,AgentPrefab,Agent,MoveState,Moving,Goal,11.00,0.00,11.00,3.27,0.00,5.02,11.00,0.00,11.00,DStar,
964,8.36,AgentPrefab,Agent,SearchState,Searching,Goal,11.00,0.00,11.00,3.27,0.00,5.02,11.00,0.00,11.00,DStar,
964,8.36,AgentPrefab,Agent,MoveState,Moving,Goal,11.00,0.00,11.00,3.27,0.00,5.02,11.00,0.00,11.00,DStar,
965,8.38,AgentPrefab,Agent,MoveState,Moving,Goal,11.00,0.00,11.00,3.27,0.00,5.02,11.00,0.00,11.00,DStar,
966,8.38,AgentPrefab,Agent,SearchState,Searching,Goal,11.00,0.00,11.00,3.27,0.00,5.02,11.00,0.00,11.00,DStar,
966,8.38,AgentPrefab,Agent,MoveState,Moving,Goal,11.00,0.00,11.00,3.27,0.00,5.02,11.00,0.00,11.00,DStar,
967,8.40,AgentPrefab,Agent,MoveState,Moving,Goal,11.00,0.00,11.00,3.27,0.00,5.02,11.00,0.00,11.00,DStar,
968,8.40,AgentPrefab,Agent,SearchState,Searching,Goal,11.00,0.00,11.00,3.27,0.00,5.02,11.00,0.00,11.00,DStar,
968,8.40,AgentPrefab,Agent,MoveState,Moving,Goal,11.00,0.00,11.00,3.27,0.00,5.02,11.00,0.00,11.00,DStar,
969,8.41,AgentPrefab,Agent,MoveState,Moving,Goal,11.00,0.00,11.00,3.27,0.00,5.02,11.00,0.00,11.00,DStar,
970,8.42,AgentPrefab,Agent,SearchState,Searching,Goal,11.00,0.00,11.00,3.27,0.00,5.02,11.00,0.00,11.00,DStar,
970,8.42,AgentPrefab,Agent,MoveState,Moving,Goal,11.00,0.00,11.00,3.27,0.00,5.02,11.00,0.00,11.00,DStar,
971,8.43,AgentPrefab,Agent,MoveState,Moving,Goal,11.00,0.00,11.00,3.27,0.00,5.02,11.00,0.00,11.00,DStar,
972,8.44,AgentPrefab,Agent,SearchState,Searching,Goal,11.00,0.00,11.00,3.27,0.00,5.02,11.00,0.00,11.00,DStar,
972,8.44,AgentPrefab,Agent,MoveState,Moving,Goal,11.00,0.00,11.00,3.27,0.00,5.02,11.00,0.00,11.00,DStar,
973,8.45,AgentPrefab,Agent,MoveState,Moving,Goal,11.00,0.00,11.00,3.27,0.00,5.02,11.00,0.00,11.00,DStar,
974,8.45,AgentPrefab,Agent,SearchState,Searching,Goal,11.00,0.00,11.00,3.27,0.00,5.02,11.00,0.00,11.00,DStar,
974,8.45,AgentPrefab,Agent,MoveState,Moving,Goal,11.00,0.00,11.00,3.27,0.00,5.02,11.00,0.00,11.00,DStar,
975,8.47,AgentPrefab,Agent,MoveState,Moving,Goal,11.00,0.00,11.00,3.27,0.00,5.02,11.00,0.00,11.00,DStar,
976,8.47,AgentPrefab,Agent,SearchState,Searching,Goal,11.00,0.00,11.00,3.27,0.00,5.02,11.00,0.00,11.00,DStar,
976,8.47,AgentPrefab,Agent,MoveState,Moving,Goal,11.00,0.00,11.00,3.27,0.00,5.02,11.00,0.00,11.00,DStar,
977,8.49,AgentPrefab,Agent,MoveState,Moving,Goal,11.00,0.00,11.00,3.27,0.00,5.02,11.00,0.00,11.00,DStar,
978,8.49,AgentPrefab,Agent,SearchState,Searching,Goal,11.00,0.00,11.00,3.27,0.00,5.02,11.00,0.00,11.00,DStar,
978,8.49,AgentPrefab,Agent,MoveState,Moving,Goal,11.00,0.00,11.00,3.27,0.00,5.02,11.00,0.00,11.00,DStar,
979,8.50,AgentPrefab,Agent,MoveState,Moving,Goal,11.00,0.00,11.00,3.27,0.00,5.02,11.00,0.00,11.00,DStar,
980,8.51,AgentPrefab,Agent,SearchState,Searching,Goal,11.00,0.00,11.00,3.27,0.00,5.02,11.00,0.00,11.00,DStar,
980,8.51,AgentPrefab,Agent,MoveState,Moving,Goal,11.00,0.00,11.00,3.27,0.00,5.02,11.00,0.00,11.00,DStar,
981,8.52,AgentPrefab,Agent,MoveState,Moving,Goal,11.00,0.00,11.00,3.27,0.00,5.02,11.00,0.00,11.00,DStar,
982,8.53,AgentPrefab,Agent,SearchState,Searching,Goal,11.00,0.00,11.00,3.27,0.00,5.02,11.00,0.00,11.00,DStar,
982,8.53,AgentPrefab,Agent,MoveState,Moving,Goal,11.00,0.00,11.00,3.27,0.00,5.02,11.00,0.00,11.00,DStar,
983,8.55,AgentPrefab,Agent,MoveState,Moving,Goal,11.00,0.00,11.00,3.27,0.00,5.02,11.00,0.00,11.00,DStar,
984,8.57,AgentPrefab,Agent,SearchState,Searching,Goal,11.00,0.00,11.00,3.27,0.00,5.02,11.00,0.00,11.00,DStar,
984,8.57,AgentPrefab,Agent,MoveState,Moving,Goal,11.00,0.00,11.00,3.27,0.00,5.02,11.00,0.00,11.00,DStar,
985,8.58,AgentPrefab,Agent,MoveState,Moving,Goal,11.00,0.00,11.00,3.27,0.00,5.02,11.00,0.00,11.00,DStar,
986,8.58,AgentPrefab,Agent,SearchState,Searching,Goal,11.00,0.00,11.00,3.27,0.00,5.02,11.00,0.00,11.00,DStar,
986,8.58,AgentPrefab,Agent,MoveState,Moving,Goal,11.00,0.00,11.00,3.27,0.00,5.02,11.00,0.00,11.00,DStar,
987,8.60,AgentPrefab,Agent,MoveState,Moving,Goal,11.00,0.00,11.00,3.27,0.00,5.02,11.00,0.00,11.00,DStar,
988,8.60,AgentPrefab,Agent,SearchState,Searching,Goal,11.00,0.00,11.00,3.27,0.00,5.02,11.00,0.00,11.00,DStar,
988,8.60,AgentPrefab,Agent,MoveState,Moving,Goal,11.00,0.00,11.00,3.27,0.00,5.02,11.00,0.00,11.00,DStar,
989,8.61,AgentPrefab,Agent,MoveState,Moving,Goal,11.00,0.00,11.00,3.27,0.00,5.02,11.00,0.00,11.00,DStar,
990,8.62,AgentPrefab,Agent,SearchState,Searching,Goal,11.00,0.00,11.00,3.27,0.00,5.02,11.00,0.00,11.00,DStar,
990,8.62,AgentPrefab,Agent,MoveState,Moving,Goal,11.00,0.00,11.00,3.27,0.00,5.02,11.00,0.00,11.00,DStar,
991,8.63,AgentPrefab,Agent,MoveState,Moving,Goal,11.00,0.00,11.00,3.27,0.00,5.02,11.00,0.00,11.00,DStar,
992,8.64,AgentPrefab,Agent,SearchState,Searching,Goal,11.00,0.00,11.00,3.27,0.00,5.02,11.00,0.00,11.00,DStar,
992,8.64,AgentPrefab,Agent,MoveState,Moving,Goal,11.00,0.00,11.00,3.27,0.00,5.02,11.00,0.00,11.00,DStar,
993,8.65,AgentPrefab,Agent,MoveState,Moving,Goal,11.00,0.00,11.00,3.27,0.00,5.02,11.00,0.00,11.00,DStar,
994,8.66,AgentPrefab,Agent,SearchState,Searching,Goal,11.00,0.00,11.00,3.27,0.00,5.02,11.00,0.00,11.00,DStar,
994,8.66,AgentPrefab,Agent,MoveState,Moving,Goal,11.00,0.00,11.00,3.27,0.00,5.02,11.00,0.00,11.00,DStar,
995,8.67,AgentPrefab,Agent,MoveState,Moving,Goal,11.00,0.00,11.00,3.27,0.00,5.02,11.00,0.00,11.00,DStar,
996,8.67,AgentPrefab,Agent,SearchState,Searching,Goal,11.00,0.00,11.00,3.27,0.00,5.02,11.00,0.00,11.00,DStar,
996,8.67,AgentPrefab,Agent,MoveState,Moving,Goal,11.00,0.00,11.00,3.27,0.00,5.02,11.00,0.00,11.00,DStar,
997,8.69,AgentPrefab,Agent,MoveState,Moving,Goal,11.00,0.00,11.00,3.27,0.00,5.02,11.00,0.00,11.00,DStar,
998,8.69,AgentPrefab,Agent,SearchState,Searching,Goal,11.00,0.00,11.00,3.27,0.00,5.02,11.00,0.00,11.00,DStar,
998,8.69,AgentPrefab,Agent,MoveState,Moving,Goal,11.00,0.00,11.00,3.27,0.00,5.02,11.00,0.00,11.00,DStar,
999,8.70,AgentPrefab,Agent,MoveState,Moving,Goal,11.00,0.00,11.00,3.27,0.00,5.02,11.00,0.00,11.00,DStar,
1000,8.71,AgentPrefab,Agent,SearchState,Searching,Goal,11.00,0.00,11.00,3.27,0.00,5.02,11.00,0.00,11.00,DStar,
1000,8.71,AgentPrefab,Agent,MoveState,Moving,Goal,11.00,0.00,11.00,3.27,0.00,5.02,11.00,0.00,11.00,DStar,
1001,8.72,AgentPrefab,Agent,MoveState,Moving,Goal,11.00,0.00,11.00,3.27,0.00,5.02,11.00,0.00,11.00,DStar,
1002,8.73,AgentPrefab,Agent,SearchState,Searching,Goal,11.00,0.00,11.00,3.27,0.00,5.02,11.00,0.00,11.00,DStar,
1002,8.73,AgentPrefab,Agent,MoveState,Moving,Goal,11.00,0.00,11.00,3.27,0.00,5.02,11.00,0.00,11.00,DStar,
1003,8.74,AgentPrefab,Agent,MoveState,Moving,Goal,11.00,0.00,11.00,3.27,0.00,5.02,11.00,0.00,11.00,DStar,
1004,8.75,AgentPrefab,Agent,SearchState,Searching,Goal,11.00,0.00,11.00,3.27,0.00,5.02,11.00,0.00,11.00,DStar,
1004,8.75,AgentPrefab,Agent,MoveState,Moving,Goal,11.00,0.00,11.00,3.27,0.00,5.02,11.00,0.00,11.00,DStar,
1005,8.76,AgentPrefab,Agent,MoveState,Moving,Goal,11.00,0.00,11.00,3.27,0.00,5.02,11.00,0.00,11.00,DStar,
1006,8.76,AgentPrefab,Agent,SearchState,Searching,Goal,11.00,0.00,11.00,3.27,0.00,5.02,11.00,0.00,11.00,DStar,
1006,8.76,AgentPrefab,Agent,MoveState,Moving,Goal,11.00,0.00,11.00,3.27,0.00,5.02,11.00,0.00,11.00,DStar,
1007,8.78,AgentPrefab,Agent,MoveState,Moving,Goal,11.00,0.00,11.00,3.27,0.00,5.02,11.00,0.00,11.00,DStar,
1008,8.79,AgentPrefab,Agent,SearchState,Searching,Goal,11.00,0.00,11.00,3.27,0.00,5.02,11.00,0.00,11.00,DStar,
1008,8.79,AgentPrefab,Agent,MoveState,Moving,Goal,11.00,0.00,11.00,3.27,0.00,5.02,11.00,0.00,11.00,DStar,
1009,8.80,AgentPrefab,Agent,MoveState,Moving,Goal,11.00,0.00,11.00,3.27,0.00,5.02,11.00,0.00,11.00,DStar,
1010,8.80,AgentPrefab,Agent,SearchState,Searching,Goal,11.00,0.00,11.00,3.27,0.00,5.02,11.00,0.00,11.00,DStar,
1010,8.80,AgentPrefab,Agent,MoveState,Moving,Goal,11.00,0.00,11.00,3.27,0.00,5.02,11.00,0.00,11.00,DStar,
1011,8.82,AgentPrefab,Agent,MoveState,Moving,Goal,11.00,0.00,11.00,3.27,0.00,5.02,11.00,0.00,11.00,DStar,
1012,8.82,AgentPrefab,Agent,SearchState,Searching,Goal,11.00,0.00,11.00,3.27,0.00,5.02,11.00,0.00,11.00,DStar,
1012,8.82,AgentPrefab,Agent,MoveState,Moving,Goal,11.00,0.00,11.00,3.27,0.00,5.02,11.00,0.00,11.00,DStar,
1013,8.84,AgentPrefab,Agent,MoveState,Moving,Goal,11.00,0.00,11.00,3.27,0.00,5.02,11.00,0.00,11.00,DStar,
1014,8.84,AgentPrefab,Agent,SearchState,Searching,Goal,11.00,0.00,11.00,3.27,0.00,5.02,11.00,0.00,11.00,DStar,
1014,8.84,AgentPrefab,Agent,MoveState,Moving,Goal,11.00,0.00,11.00,3.27,0.00,5.02,11.00,0.00,11.00,DStar,
1015,8.85,AgentPrefab,Agent,MoveState,Moving,Goal,11.00,0.00,11.00,3.27,0.00,5.02,11.00,0.00,11.00,DStar,
1016,8.86,AgentPrefab,Agent,SearchState,Searching,Goal,11.00,0.00,11.00,3.27,0.00,5.02,11.00,0.00,11.00,DStar,
1016,8.86,AgentPrefab,Agent,MoveState,Moving,Goal,11.00,0.00,11.00,3.27,0.00,5.02,11.00,0.00,11.00,DStar,
1017,8.87,AgentPrefab,Agent,MoveState,Moving,Goal,11.00,0.00,11.00,3.27,0.00,5.02,11.00,0.00,11.00,DStar,
1018,8.88,AgentPrefab,Agent,SearchState,Searching,Goal,11.00,0.00,11.00,3.27,0.00,5.02,11.00,0.00,11.00,DStar,
1018,8.88,AgentPrefab,Agent,MoveState,Moving,Goal,11.00,0.00,11.00,3.27,0.00,5.02,11.00,0.00,11.00,DStar,
1019,8.90,AgentPrefab,Agent,MoveState,Moving,Goal,11.00,0.00,11.00,3.27,0.00,5.02,11.00,0.00,11.00,DStar,
