Frame,Time,Object,Type,State,Action,Target,TargetX,TargetY,TargetZ,CurrentX,CurrentY,CurrentZ,NextX,NextY,NextZ,AIType,CPU(ms)
118,0.51,AgentPrefab,Agent,IdleState,Idling,Goal,0.00,0.00,0.00,0.00,0.00,0.00,0.00,0.00,0.00,PotentialField,
119,0.52,AgentPrefab,Agent,SearchState,Searching,Goal,0.00,0.00,0.00,0.00,0.00,0.00,0.00,0.00,0.00,PotentialField,
120,0.53,AgentPrefab,Agent,SearchState,Searching,Goal,0.00,0.00,0.00,0.00,0.00,0.00,0.00,0.00,0.00,PotentialField,
121,0.54,AgentPrefab,Agent,SearchState,Searching,Goal,0.00,0.00,0.00,0.00,0.00,0.00,0.00,0.00,0.00,PotentialField,
122,0.55,AgentPrefab,Agent,SearchState,Searching,Goal,0.00,0.00,0.00,0.00,0.00,0.00,0.00,0.00,0.00,PotentialField,
123,0.56,AgentPrefab,Agent,SearchState,Searching,Goal,0.00,0.00,0.00,0.00,0.00,0.00,0.00,0.00,0.00,PotentialField,
124,0.57,AgentPrefab,Agent,SearchState,Searching,Goal,0.00,0.00,0.00,0.00,0.00,0.00,0.00,0.00,0.00,PotentialField,
125,0.57,AgentPrefab,Agent,SearchState,Searching,Goal,0.00,0.00,0.00,0.00,0.00,0.00,0.00,0.00,0.00,PotentialField,
126,0.58,AgentPrefab,Agent,SearchState,Searching,Goal,0.00,0.00,0.00,0.00,0.00,0.00,0.00,0.00,0.00,PotentialField,
127,0.59,AgentPrefab,Agent,SearchState,Searching,Goal,0.00,0.00,0.00,0.00,0.00,0.00,0.00,0.00,0.00,PotentialField,
128,0.59,AgentPrefab,Agent,SearchState,Searching,Goal,0.00,0.00,0.00,0.00,0.00,0.00,0.00,0.00,0.00,PotentialField,
129,0.60,AgentPrefab,Agent,SearchState,Searching,Goal,0.00,0.00,0.00,0.00,0.00,0.00,0.00,0.00,0.00,PotentialField,
130,0.61,AgentPrefab,Agent,SearchState,Searching,Goal,0.00,0.00,0.00,0.00,0.00,0.00,0.00,0.00,0.00,PotentialField,
131,0.63,AgentPrefab,Agent,SearchState,Searching,Goal,0.00,0.00,0.00,0.00,0.00,0.00,0.00,0.00,0.00,PotentialField,
132,0.63,AgentPrefab,Agent,SearchState,Searching,Goal,0.00,0.00,0.00,0.00,0.00,0.00,0.00,0.00,0.00,PotentialField,
133,0.64,AgentPrefab,Agent,SearchState,Searching,Goal,0.00,0.00,0.00,0.00,0.00,0.00,0.00,0.00,0.00,PotentialField,
134,0.65,AgentPrefab,Agent,SearchState,Searching,Goal,0.00,0.00,0.00,0.00,0.00,0.00,0.00,0.00,0.00,PotentialField,
135,0.66,AgentPrefab,Agent,SearchState,Searching,Goal,0.00,0.00,0.00,0.00,0.00,0.00,0.00,0.00,0.00,PotentialField,
136,0.66,AgentPrefab,Agent,SearchState,Searching,Goal,0.00,0.00,0.00,0.00,0.00,0.00,0.00,0.00,0.00,PotentialField,
137,0.67,AgentPrefab,Agent,SearchState,Searching,Goal,0.00,0.00,0.00,0.00,0.00,0.00,0.00,0.00,0.00,PotentialField,
138,0.68,AgentPrefab,Agent,SearchState,Searching,Goal,0.00,0.00,0.00,0.00,0.00,0.00,0.00,0.00,0.00,PotentialField,
139,0.69,AgentPrefab,Agent,SearchState,Searching,Goal,0.00,0.00,0.00,0.00,0.00,0.00,0.00,0.00,0.00,PotentialField,
140,0.69,AgentPrefab,Agent,SearchState,Searching,Goal,0.00,0.00,0.00,0.00,0.00,0.00,0.00,0.00,0.00,PotentialField,
141,0.70,AgentPrefab,Agent,SearchState,Searching,Goal,0.00,0.00,0.00,0.00,0.00,0.00,0.00,0.00,0.00,PotentialField,
142,0.70,AgentPrefab,Agent,SearchState,Searching,Goal,0.00,0.00,0.00,0.00,0.00,0.00,0.00,0.00,0.00,PotentialField,
143,0.71,AgentPrefab,Agent,SearchState,Searching,Goal,0.00,0.00,0.00,0.00,0.00,0.00,0.00,0.00,0.00,PotentialField,
144,0.72,AgentPrefab,Agent,SearchState,Searching,Goal,0.00,0.00,0.00,0.00,0.00,0.00,0.00,0.00,0.00,PotentialField,
145,0.72,AgentPrefab,Agent,SearchState,Searching,Goal,0.00,0.00,0.00,0.00,0.00,0.00,0.00,0.00,0.00,PotentialField,
146,0.73,AgentPrefab,Agent,SearchState,Searching,Goal,0.00,0.00,0.00,0.00,0.00,0.00,0.00,0.00,0.00,PotentialField,
147,0.74,AgentPrefab,Agent,SearchState,Searching,Goal,0.00,0.00,0.00,0.00,0.00,0.00,0.00,0.00,0.00,PotentialField,
148,0.74,AgentPrefab,Agent,SearchState,Searching,Goal,0.00,0.00,0.00,0.00,0.00,0.00,0.00,0.00,0.00,PotentialField,
149,0.75,AgentPrefab,Agent,SearchState,Searching,Goal,0.00,0.00,0.00,0.00,0.00,0.00,0.00,0.00,0.00,PotentialField,
150,0.76,AgentPrefab,Agent,SearchState,Searching,Goal,0.00,0.00,0.00,0.00,0.00,0.00,0.00,0.00,0.00,PotentialField,
151,0.76,AgentPrefab,Agent,SearchState,Searching,Goal,0.00,0.00,0.00,0.00,0.00,0.00,0.00,0.00,0.00,PotentialField,
152,0.77,AgentPrefab,Agent,SearchState,Searching,Goal,0.00,0.00,0.00,0.00,0.00,0.00,0.00,0.00,0.00,PotentialField,
153,0.77,AgentPrefab,Agent,SearchState,Searching,Goal,0.00,0.00,0.00,0.00,0.00,0.00,0.00,0.00,0.00,PotentialField,
154,0.78,AgentPrefab,Agent,SearchState,Searching,Goal,0.00,0.00,0.00,0.00,0.00,0.00,0.00,0.00,0.00,PotentialField,
155,0.79,AgentPrefab,Agent,SearchState,Searching,Goal,0.00,0.00,0.00,0.00,0.00,0.00,0.00,0.00,0.00,PotentialField,
156,0.79,AgentPrefab,Agent,SearchState,Searching,Goal,0.00,0.00,0.00,0.00,0.00,0.00,0.00,0.00,0.00,PotentialField,
157,0.80,AgentPrefab,Agent,SearchState,Searching,Goal,0.00,0.00,0.00,0.00,0.00,0.00,0.00,0.00,0.00,PotentialField,
158,0.81,AgentPrefab,Agent,SearchState,Searching,Goal,0.00,0.00,0.00,0.00,0.00,0.00,0.00,0.00,0.00,PotentialField,
159,0.81,AgentPrefab,Agent,SearchState,Searching,Goal,0.00,0.00,0.00,0.00,0.00,0.00,0.00,0.00,0.00,PotentialField,
160,0.82,AgentPrefab,Agent,SearchState,Searching,Goal,0.00,0.00,0.00,0.00,0.00,0.00,0.00,0.00,0.00,PotentialField,
161,0.83,AgentPrefab,Agent,SearchState,Searching,Goal,0.00,0.00,0.00,0.00,0.00,0.00,0.00,0.00,0.00,PotentialField,
162,0.83,AgentPrefab,Agent,SearchState,Searching,Goal,0.00,0.00,0.00,0.00,0.00,0.00,0.00,0.00,0.00,PotentialField,
163,0.84,AgentPrefab,Agent,SearchState,Searching,Goal,0.00,0.00,0.00,0.00,0.00,0.00,0.00,0.00,0.00,PotentialField,
164,0.84,AgentPrefab,Agent,SearchState,Searching,Goal,0.00,0.00,0.00,0.00,0.00,0.00,0.00,0.00,0.00,PotentialField,
165,0.85,AgentPrefab,Agent,SearchState,Searching,Goal,0.00,0.00,0.00,0.00,0.00,0.00,0.00,0.00,0.00,PotentialField,
166,0.86,AgentPrefab,Agent,SearchState,Searching,Goal,0.00,0.00,0.00,0.00,0.00,0.00,0.00,0.00,0.00,PotentialField,
167,0.87,AgentPrefab,Agent,SearchState,Searching,Goal,0.00,0.00,0.00,0.00,0.00,0.00,0.00,0.00,0.00,PotentialField,
168,0.87,AgentPrefab,Agent,SearchState,Searching,Goal,0.00,0.00,0.00,0.00,0.00,0.00,0.00,0.00,0.00,PotentialField,
169,0.88,AgentPrefab,Agent,SearchState,Searching,Goal,0.00,0.00,0.00,0.00,0.00,0.00,0.00,0.00,0.00,PotentialField,
170,0.89,AgentPrefab,Agent,SearchState,Searching,Goal,0.00,0.00,0.00,0.00,0.00,0.00,0.00,0.00,0.00,PotentialField,
171,0.89,AgentPrefab,Agent,SearchState,Searching,Goal,0.00,0.00,0.00,0.00,0.00,0.00,0.00,0.00,0.00,PotentialField,
172,0.90,AgentPrefab,Agent,SearchState,Searching,Goal,0.00,0.00,0.00,0.00,0.00,0.00,0.00,0.00,0.00,PotentialField,
173,0.90,AgentPrefab,Agent,SearchState,Searching,Goal,0.00,0.00,0.00,0.00,0.00,0.00,0.00,0.00,0.00,PotentialField,
174,0.91,AgentPrefab,Agent,SearchState,Searching,Goal,0.00,0.00,0.00,0.00,0.00,0.00,0.00,0.00,0.00,PotentialField,
175,0.92,AgentPrefab,Agent,SearchState,Searching,Goal,0.00,0.00,0.00,0.00,0.00,0.00,0.00,0.00,0.00,PotentialField,
176,0.92,AgentPrefab,Agent,SearchState,Searching,Goal,0.00,0.00,0.00,0.00,0.00,0.00,0.00,0.00,0.00,PotentialField,
177,0.93,AgentPrefab,Agent,SearchState,Searching,Goal,0.00,0.00,0.00,0.00,0.00,0.00,0.00,0.00,0.00,PotentialField,
178,0.94,AgentPrefab,Agent,SearchState,Searching,Goal,0.00,0.00,0.00,0.00,0.00,0.00,0.00,0.00,0.00,PotentialField,
179,0.94,AgentPrefab,Agent,SearchState,Searching,Goal,0.00,0.00,0.00,0.00,0.00,0.00,0.00,0.00,0.00,PotentialField,
180,0.95,AgentPrefab,Agent,SearchState,Searching,Goal,0.00,0.00,0.00,0.00,0.00,0.00,0.00,0.00,0.00,PotentialField,
181,0.96,AgentPrefab,Agent,SearchState,Searching,Goal,0.00,0.00,0.00,0.00,0.00,0.00,0.00,0.00,0.00,PotentialField,
182,0.96,AgentPrefab,Agent,SearchState,Searching,Goal,0.00,0.00,0.00,0.00,0.00,0.00,0.00,0.00,0.00,PotentialField,
183,0.97,AgentPrefab,Agent,SearchState,Searching,Goal,0.00,0.00,0.00,0.00,0.00,0.00,0.00,0.00,0.00,PotentialField,
184,0.98,AgentPrefab,Agent,SearchState,Searching,Goal,0.00,0.00,0.00,0.00,0.00,0.00,0.00,0.00,0.00,PotentialField,
185,0.98,AgentPrefab,Agent,SearchState,Searching,Goal,0.00,0.00,0.00,0.00,0.00,0.00,0.00,0.00,0.00,PotentialField,
186,0.99,AgentPrefab,Agent,SearchState,Searching,Goal,0.00,0.00,0.00,0.00,0.00,0.00,0.00,0.00,0.00,PotentialField,
187,0.99,AgentPrefab,Agent,SearchState,Searching,Goal,0.00,0.00,0.00,0.00,0.00,0.00,0.00,0.00,0.00,PotentialField,
188,1.00,AgentPrefab,Agent,SearchState,Searching,Goal,0.00,0.00,0.00,0.00,0.00,0.00,0.00,0.00,0.00,PotentialField,
189,1.01,AgentPrefab,Agent,SearchState,Searching,Goal,0.00,0.00,0.00,0.00,0.00,0.00,0.00,0.00,0.00,PotentialField,
189,1.01,AIManager,Performance,Pathfinding,Executed,PotentialField,0.00,0.00,0.00,0.00,0.00,0.00,0.00,0.00,0.00,PotentialField,0.472
190,1.02,AgentPrefab,Agent,SearchState,Searching,Goal,11.00,0.00,11.00,0.00,0.00,0.00,0.00,0.00,0.00,PotentialField,
190,1.02,AgentPrefab,Agent,MoveState,Moving,Goal,11.00,0.00,11.00,0.00,0.00,0.00,0.00,0.00,0.00,PotentialField,
191,1.03,AgentPrefab,Agent,MoveState,Moving,Goal,11.00,0.00,11.00,0.00,0.00,0.00,0.00,0.00,0.00,PotentialField,
192,1.04,AgentPrefab,Agent,MoveState,Moving,Goal,11.00,0.00,11.00,0.00,0.00,0.00,0.35,0.00,0.35,PotentialField,
193,1.05,AgentPrefab,Agent,MoveState,Moving,Goal,11.00,0.00,11.00,0.01,0.00,0.01,0.35,0.00,0.35,PotentialField,
194,1.05,AgentPrefab,Agent,MoveState,Moving,Goal,11.00,0.00,11.00,0.02,0.00,0.02,0.35,0.00,0.35,PotentialField,
195,1.06,AgentPrefab,Agent,MoveState,Moving,Goal,11.00,0.00,11.00,0.03,0.00,0.03,0.35,0.00,0.35,PotentialField,
196,1.06,AgentPrefab,Agent,MoveState,Moving,Goal,11.00,0.00,11.00,0.04,0.00,0.04,0.35,0.00,0.35,PotentialField,
197,1.07,AgentPrefab,Agent,MoveState,Moving,Goal,11.00,0.00,11.00,0.04,0.00,0.04,0.35,0.00,0.35,PotentialField,
198,1.08,AgentPrefab,Agent,MoveState,Moving,Goal,11.00,0.00,11.00,0.05,0.00,0.05,0.35,0.00,0.35,PotentialField,
199,1.08,AgentPrefab,Agent,MoveState,Moving,Goal,11.00,0.00,11.00,0.06,0.00,0.06,0.35,0.00,0.35,PotentialField,
200,1.09,AgentPrefab,Agent,MoveState,Moving,Goal,11.00,0.00,11.00,0.07,0.00,0.07,0.35,0.00,0.35,PotentialField,
201,1.10,AgentPrefab,Agent,MoveState,Moving,Goal,11.00,0.00,11.00,0.08,0.00,0.08,0.35,0.00,0.35,PotentialField,
202,1.10,AgentPrefab,Agent,MoveState,Moving,Goal,11.00,0.00,11.00,0.09,0.00,0.09,0.35,0.00,0.35,PotentialField,
203,1.11,AgentPrefab,Agent,MoveState,Moving,Goal,11.00,0.00,11.00,0.10,0.00,0.10,0.35,0.00,0.35,PotentialField,
204,1.12,AgentPrefab,Agent,MoveState,Moving,Goal,11.00,0.00,11.00,0.11,0.00,0.11,0.35,0.00,0.35,PotentialField,
205,1.12,AgentPrefab,Agent,MoveState,Moving,Goal,11.00,0.00,11.00,0.12,0.00,0.12,0.35,0.00,0.35,PotentialField,
206,1.13,AgentPrefab,Agent,MoveState,Moving,Goal,11.00,0.00,11.00,0.13,0.00,0.13,0.35,0.00,0.35,PotentialField,
207,1.14,AgentPrefab,Agent,MoveState,Moving,Goal,11.00,0.00,11.00,0.13,0.00,0.13,0.35,0.00,0.35,PotentialField,
208,1.14,AgentPrefab,Agent,MoveState,Moving,Goal,11.00,0.00,11.00,0.15,0.00,0.15,0.35,0.00,0.35,PotentialField,
209,1.15,AgentPrefab,Agent,MoveState,Moving,Goal,11.00,0.00,11.00,0.15,0.00,0.15,0.35,0.00,0.35,PotentialField,
210,1.16,AgentPrefab,Agent,MoveState,Moving,Goal,11.00,0.00,11.00,0.16,0.00,0.16,0.35,0.00,0.35,PotentialField,
211,1.16,AgentPrefab,Agent,MoveState,Moving,Goal,11.00,0.00,11.00,0.17,0.00,0.17,0.35,0.00,0.35,PotentialField,
212,1.17,AgentPrefab,Agent,MoveState,Moving,Goal,11.00,0.00,11.00,0.18,0.00,0.18,0.35,0.00,0.35,PotentialField,
213,1.18,AgentPrefab,Agent,MoveState,Moving,Goal,11.00,0.00,11.00,0.19,0.00,0.19,0.35,0.00,0.35,PotentialField,
214,1.18,AgentPrefab,Agent,MoveState,Moving,Goal,11.00,0.00,11.00,0.20,0.00,0.20,0.35,0.00,0.35,PotentialField,
215,1.19,AgentPrefab,Agent,MoveState,Moving,Goal,11.00,0.00,11.00,0.21,0.00,0.21,0.35,0.00,0.35,PotentialField,
216,1.19,AgentPrefab,Agent,MoveState,Moving,Goal,11.00,0.00,11.00,0.22,0.00,0.22,0.35,0.00,0.35,PotentialField,
217,1.20,AgentPrefab,Agent,MoveState,Moving,Goal,11.00,0.00,11.00,0.23,0.00,0.23,0.35,0.00,0.35,PotentialField,
218,1.21,AgentPrefab,Agent,MoveState,Moving,Goal,11.00,0.00,11.00,0.24,0.00,0.24,0.35,0.00,0.35,PotentialField,
219,1.21,AgentPrefab,Agent,MoveState,Moving,Goal,11.00,0.00,11.00,0.25,0.00,0.25,0.35,0.00,0.35,PotentialField,
220,1.22,AgentPrefab,Agent,MoveState,Moving,Goal,11.00,0.00,11.00,0.25,0.00,0.25,0.35,0.00,0.35,PotentialField,
221,1.23,AgentPrefab,Agent,MoveState,Moving,Goal,11.00,0.00,11.00,0.27,0.00,0.27,0.35,0.00,0.35,PotentialField,
222,1.23,AgentPrefab,Agent,MoveState,Moving,Goal,11.00,0.00,11.00,0.28,0.00,0.28,0.35,0.00,0.35,PotentialField,
223,1.24,AgentPrefab,Agent,MoveState,Moving,Goal,11.00,0.00,11.00,0.28,0.00,0.28,0.35,0.00,0.35,PotentialField,
224,1.25,AgentPrefab,Agent,MoveState,Moving,Goal,11.00,0.00,11.00,0.29,0.00,0.29,0.35,0.00,0.35,PotentialField,
225,1.25,AgentPrefab,Agent,MoveState,Moving,Goal,11.00,0.00,11.00,0.30,0.00,0.30,0.35,0.00,0.35,PotentialField,
226,1.26,AgentPrefab,Agent,MoveState,Moving,Goal,11.00,0.00,11.00,0.31,0.00,0.31,0.35,0.00,0.35,PotentialField,
227,1.27,AgentPrefab,Agent,MoveState,Moving,Goal,11.00,0.00,11.00,0.35,0.00,0.35,0.71,0.00,0.71,PotentialField,
228,1.27,AgentPrefab,Agent,MoveState,Moving,Goal,11.00,0.00,11.00,0.36,0.00,0.36,0.71,0.00,0.71,PotentialField,
229,1.28,AgentPrefab,Agent,MoveState,Moving,Goal,11.00,0.00,11.00,0.37,0.00,0.37,0.71,0.00,0.71,PotentialField,
230,1.29,AgentPrefab,Agent,MoveState,Moving,Goal,11.00,0.00,11.00,0.38,0.00,0.38,0.71,0.00,0.71,PotentialField,
231,1.29,AgentPrefab,Agent,MoveState,Moving,Goal,11.00,0.00,11.00,0.39,0.00,0.39,0.71,0.00,0.71,PotentialField,
232,1.30,AgentPrefab,Agent,MoveState,Moving,Goal,11.00,0.00,11.00,0.40,0.00,0.40,0.71,0.00,0.71,PotentialField,
233,1.31,AgentPrefab,Agent,MoveState,Moving,Goal,11.00,0.00,11.00,0.41,0.00,0.41,0.71,0.00,0.71,PotentialField,
234,1.31,AgentPrefab,Agent,MoveState,Moving,Goal,11.00,0.00,11.00,0.42,0.00,0.42,0.71,0.00,0.71,PotentialField,
235,1.32,AgentPrefab,Agent,MoveState,Moving,Goal,11.00,0.00,11.00,0.43,0.00,0.43,0.71,0.00,0.71,PotentialField,
236,1.32,AgentPrefab,Agent,MoveState,Moving,Goal,11.00,0.00,11.00,0.44,0.00,0.44,0.71,0.00,0.71,PotentialField,
237,1.33,AgentPrefab,Agent,MoveState,Moving,Goal,11.00,0.00,11.00,0.45,0.00,0.45,0.71,0.00,0.71,PotentialField,
238,1.34,AgentPrefab,Agent,MoveState,Moving,Goal,11.00,0.00,11.00,0.45,0.00,0.45,0.71,0.00,0.71,PotentialField,
239,1.34,AgentPrefab,Agent,MoveState,Moving,Goal,11.00,0.00,11.00,0.46,0.00,0.46,0.71,0.00,0.71,PotentialField,
240,1.35,AgentPrefab,Agent,MoveState,Moving,Goal,11.00,0.00,11.00,0.47,0.00,0.47,0.71,0.00,0.71,PotentialField,
241,1.36,AgentPrefab,Agent,MoveState,Moving,Goal,11.00,0.00,11.00,0.48,0.00,0.48,0.71,0.00,0.71,PotentialField,
242,1.36,AgentPrefab,Agent,MoveState,Moving,Goal,11.00,0.00,11.00,0.49,0.00,0.49,0.71,0.00,0.71,PotentialField,
243,1.37,AgentPrefab,Agent,MoveState,Moving,Goal,11.00,0.00,11.00,0.50,0.00,0.50,0.71,0.00,0.71,PotentialField,
244,1.38,AgentPrefab,Agent,MoveState,Moving,Goal,11.00,0.00,11.00,0.51,0.00,0.51,0.71,0.00,0.71,PotentialField,
245,1.38,AgentPrefab,Agent,MoveState,Moving,Goal,11.00,0.00,11.00,0.52,0.00,0.52,0.71,0.00,0.71,PotentialField,
246,1.39,AgentPrefab,Agent,MoveState,Moving,Goal,11.00,0.00,11.00,0.53,0.00,0.53,0.71,0.00,0.71,PotentialField,
247,1.40,AgentPrefab,Agent,MoveState,Moving,Goal,11.00,0.00,11.00,0.54,0.00,0.54,0.71,0.00,0.71,PotentialField,
248,1.40,AgentPrefab,Agent,MoveState,Moving,Goal,11.00,0.00,11.00,0.55,0.00,0.55,0.71,0.00,0.71,PotentialField,
249,1.41,AgentPrefab,Agent,MoveState,Moving,Goal,11.00,0.00,11.00,0.56,0.00,0.56,0.71,0.00,0.71,PotentialField,
250,1.42,AgentPrefab,Agent,MoveState,Moving,Goal,11.00,0.00,11.00,0.57,0.00,0.57,0.71,0.00,0.71,PotentialField,
251,1.42,AgentPrefab,Agent,MoveState,Moving,Goal,11.00,0.00,11.00,0.58,0.00,0.58,0.71,0.00,0.71,PotentialField,
252,1.43,AgentPrefab,Agent,MoveState,Moving,Goal,11.00,0.00,11.00,0.58,0.00,0.58,0.71,0.00,0.71,PotentialField,
253,1.44,AgentPrefab,Agent,MoveState,Moving,Goal,11.00,0.00,11.00,0.59,0.00,0.59,0.71,0.00,0.71,PotentialField,
254,1.44,AgentPrefab,Agent,MoveState,Moving,Goal,11.00,0.00,11.00,0.60,0.00,0.60,0.71,0.00,0.71,PotentialField,
255,1.45,AgentPrefab,Agent,MoveState,Moving,Goal,11.00,0.00,11.00,0.61,0.00,0.61,0.71,0.00,0.71,PotentialField,
256,1.45,AgentPrefab,Agent,MoveState,Moving,Goal,11.00,0.00,11.00,0.62,0.00,0.62,0.71,0.00,0.71,PotentialField,
257,1.46,AgentPrefab,Agent,MoveState,Moving,Goal,11.00,0.00,11.00,0.63,0.00,0.63,0.71,0.00,0.71,PotentialField,
258,1.47,AgentPrefab,Agent,MoveState,Moving,Goal,11.00,0.00,11.00,0.64,0.00,0.64,0.71,0.00,0.71,PotentialField,
259,1.47,AgentPrefab,Agent,MoveState,Moving,Goal,11.00,0.00,11.00,0.65,0.00,0.65,0.71,0.00,0.71,PotentialField,
260,1.48,AgentPrefab,Agent,MoveState,Moving,Goal,11.00,0.00,11.00,0.66,0.00,0.66,0.71,0.00,0.71,PotentialField,
261,1.49,AgentPrefab,Agent,MoveState,Moving,Goal,11.00,0.00,11.00,0.67,0.00,0.67,0.71,0.00,0.71,PotentialField,
262,1.49,AgentPrefab,Agent,MoveState,Moving,Goal,11.00,0.00,11.00,0.71,0.00,0.71,1.06,0.00,1.06,PotentialField,
263,1.50,AgentPrefab,Agent,MoveState,Moving,Goal,11.00,0.00,11.00,0.72,0.00,0.72,1.06,0.00,1.06,PotentialField,
264,1.51,AgentPrefab,Agent,MoveState,Moving,Goal,11.00,0.00,11.00,0.72,0.00,0.72,1.06,0.00,1.06,PotentialField,
265,1.51,AgentPrefab,Agent,MoveState,Moving,Goal,11.00,0.00,11.00,0.73,0.00,0.73,1.06,0.00,1.06,PotentialField,
266,1.52,AgentPrefab,Agent,MoveState,Moving,Goal,11.00,0.00,11.00,0.74,0.00,0.74,1.06,0.00,1.06,PotentialField,
267,1.53,AgentPrefab,Agent,MoveState,Moving,Goal,11.00,0.00,11.00,0.75,0.00,0.75,1.06,0.00,1.06,PotentialField,
268,1.53,AgentPrefab,Agent,MoveState,Moving,Goal,11.00,0.00,11.00,0.76,0.00,0.76,1.06,0.00,1.06,PotentialField,
269,1.54,AgentPrefab,Agent,MoveState,Moving,Goal,11.00,0.00,11.00,0.77,0.00,0.77,1.06,0.00,1.06,PotentialField,
270,1.54,AgentPrefab,Agent,MoveState,Moving,Goal,11.00,0.00,11.00,0.78,0.00,0.78,1.06,0.00,1.06,PotentialField,
271,1.55,AgentPrefab,Agent,MoveState,Moving,Goal,11.00,0.00,11.00,0.79,0.00,0.79,1.06,0.00,1.06,PotentialField,
272,1.56,AgentPrefab,Agent,MoveState,Moving,Goal,11.00,0.00,11.00,0.80,0.00,0.80,1.06,0.00,1.06,PotentialField,
273,1.56,AgentPrefab,Agent,MoveState,Moving,Goal,11.00,0.00,11.00,0.81,0.00,0.81,1.06,0.00,1.06,PotentialField,
274,1.57,AgentPrefab,Agent,MoveState,Moving,Goal,11.00,0.00,11.00,0.82,0.00,0.82,1.06,0.00,1.06,PotentialField,
275,1.58,AgentPrefab,Agent,MoveState,Moving,Goal,11.00,0.00,11.00,0.83,0.00,0.83,1.06,0.00,1.06,PotentialField,
276,1.58,AgentPrefab,Agent,MoveState,Moving,Goal,11.00,0.00,11.00,0.83,0.00,0.83,1.06,0.00,1.06,PotentialField,
277,1.59,AgentPrefab,Agent,MoveState,Moving,Goal,11.00,0.00,11.00,0.84,0.00,0.84,1.06,0.00,1.06,PotentialField,
278,1.59,AgentPrefab,Agent,MoveState,Moving,Goal,11.00,0.00,11.00,0.85,0.00,0.85,1.06,0.00,1.06,PotentialField,
279,1.60,AgentPrefab,Agent,MoveState,Moving,Goal,11.00,0.00,11.00,0.86,0.00,0.86,1.06,0.00,1.06,PotentialField,
280,1.61,AgentPrefab,Agent,MoveState,Moving,Goal,11.00,0.00,11.00,0.87,0.00,0.87,1.06,0.00,1.06,PotentialField,
281,1.61,AgentPrefab,Agent,MoveState,Moving,Goal,11.00,0.00,11.00,0.88,0.00,0.88,1.06,0.00,1.06,PotentialField,
282,1.62,AgentPrefab,Agent,MoveState,Moving,Goal,11.00,0.00,11.00,0.89,0.00,0.89,1.06,0.00,1.06,PotentialField,
283,1.63,AgentPrefab,Agent,MoveState,Moving,Goal,11.00,0.00,11.00,0.90,0.00,0.90,1.06,0.00,1.06,PotentialField,
284,1.64,AgentPrefab,Agent,MoveState,Moving,Goal,11.00,0.00,11.00,0.90,0.00,0.90,1.06,0.00,1.06,PotentialField,
285,1.64,AgentPrefab,Agent,MoveState,Moving,Goal,11.00,0.00,11.00,0.92,0.00,0.92,1.06,0.00,1.06,PotentialField,
286,1.65,AgentPrefab,Agent,MoveState,Moving,Goal,11.00,0.00,11.00,0.92,0.00,0.92,1.06,0.00,1.06,PotentialField,
287,1.65,AgentPrefab,Agent,MoveState,Moving,Goal,11.00,0.00,11.00,0.93,0.00,0.93,1.06,0.00,1.06,PotentialField,
288,1.66,AgentPrefab,Agent,MoveState,Moving,Goal,11.00,0.00,11.00,0.94,0.00,0.94,1.06,0.00,1.06,PotentialField,
289,1.66,AgentPrefab,Agent,MoveState,Moving,Goal,11.00,0.00,11.00,0.95,0.00,0.95,1.06,0.00,1.06,PotentialField,
290,1.67,AgentPrefab,Agent,MoveState,Moving,Goal,11.00,0.00,11.00,0.96,0.00,0.96,1.06,0.00,1.06,PotentialField,
291,1.68,AgentPrefab,Agent,MoveState,Moving,Goal,11.00,0.00,11.00,0.97,0.00,0.97,1.06,0.00,1.06,PotentialField,
292,1.69,AgentPrefab,Agent,MoveState,Moving,Goal,11.00,0.00,11.00,0.98,0.00,0.98,1.06,0.00,1.06,PotentialField,
293,1.69,AgentPrefab,Agent,MoveState,Moving,Goal,11.00,0.00,11.00,0.99,0.00,0.99,1.06,0.00,1.06,PotentialField,
294,1.70,AgentPrefab,Agent,MoveState,Moving,Goal,11.00,0.00,11.00,1.00,0.00,1.00,1.06,0.00,1.06,PotentialField,
295,1.70,AgentPrefab,Agent,MoveState,Moving,Goal,11.00,0.00,11.00,1.00,0.00,1.00,1.06,0.00,1.06,PotentialField,
296,1.71,AgentPrefab,Agent,MoveState,Moving,Goal,11.00,0.00,11.00,1.01,0.00,1.01,1.06,0.00,1.06,PotentialField,
297,1.72,AgentPrefab,Agent,MoveState,Moving,Goal,11.00,0.00,11.00,1.02,0.00,1.02,1.06,0.00,1.06,PotentialField,
298,1.72,AgentPrefab,Agent,MoveState,Moving,Goal,11.00,0.00,11.00,1.06,0.00,1.06,1.41,0.00,1.41,PotentialField,
299,1.73,AgentPrefab,Agent,MoveState,Moving,Goal,11.00,0.00,11.00,1.07,0.00,1.07,1.41,0.00,1.41,PotentialField,
300,1.74,AgentPrefab,Agent,MoveState,Moving,Goal,11.00,0.00,11.00,1.08,0.00,1.08,1.41,0.00,1.41,PotentialField,
301,1.74,AgentPrefab,Agent,MoveState,Moving,Goal,11.00,0.00,11.00,1.09,0.00,1.09,1.41,0.00,1.41,PotentialField,
302,1.75,AgentPrefab,Agent,MoveState,Moving,Goal,11.00,0.00,11.00,1.10,0.00,1.10,1.41,0.00,1.41,PotentialField,
303,1.75,AgentPrefab,Agent,MoveState,Moving,Goal,11.00,0.00,11.00,1.11,0.00,1.11,1.41,0.00,1.41,PotentialField,
304,1.76,AgentPrefab,Agent,MoveState,Moving,Goal,11.00,0.00,11.00,1.11,0.00,1.11,1.41,0.00,1.41,PotentialField,
305,1.77,AgentPrefab,Agent,MoveState,Moving,Goal,11.00,0.00,11.00,1.12,0.00,1.12,1.41,0.00,1.41,PotentialField,
306,1.77,AgentPrefab,Agent,MoveState,Moving,Goal,11.00,0.00,11.00,1.13,0.00,1.13,1.41,0.00,1.41,PotentialField,
307,1.78,AgentPrefab,Agent,MoveState,Moving,Goal,11.00,0.00,11.00,1.14,0.00,1.14,1.41,0.00,1.41,PotentialField,
308,1.79,AgentPrefab,Agent,MoveState,Moving,Goal,11.00,0.00,11.00,1.15,0.00,1.15,1.41,0.00,1.41,PotentialField,
309,1.79,AgentPrefab,Agent,MoveState,Moving,Goal,11.00,0.00,11.00,1.16,0.00,1.16,1.41,0.00,1.41,PotentialField,
310,1.80,AgentPrefab,Agent,MoveState,Moving,Goal,11.00,0.00,11.00,1.17,0.00,1.17,1.41,0.00,1.41,PotentialField,
311,1.81,AgentPrefab,Agent,MoveState,Moving,Goal,11.00,0.00,11.00,1.18,0.00,1.18,1.41,0.00,1.41,PotentialField,
312,1.81,AgentPrefab,Agent,MoveState,Moving,Goal,11.00,0.00,11.00,1.19,0.00,1.19,1.41,0.00,1.41,PotentialField,
313,1.82,AgentPrefab,Agent,MoveState,Moving,Goal,11.00,0.00,11.00,1.20,0.00,1.20,1.41,0.00,1.41,PotentialField,
314,1.83,AgentPrefab,Agent,MoveState,Moving,Goal,11.00,0.00,11.00,1.21,0.00,1.21,1.41,0.00,1.41,PotentialField,
315,1.83,AgentPrefab,Agent,MoveState,Moving,Goal,11.00,0.00,11.00,1.21,0.00,1.21,1.41,0.00,1.41,PotentialField,
316,1.84,AgentPrefab,Agent,MoveState,Moving,Goal,11.00,0.00,11.00,1.22,0.00,1.22,1.41,0.00,1.41,PotentialField,
317,1.84,AgentPrefab,Agent,MoveState,Moving,Goal,11.00,0.00,11.00,1.23,0.00,1.23,1.41,0.00,1.41,PotentialField,
318,1.85,AgentPrefab,Agent,MoveState,Moving,Goal,11.00,0.00,11.00,1.24,0.00,1.24,1.41,0.00,1.41,PotentialField,
319,1.86,AgentPrefab,Agent,MoveState,Moving,Goal,11.00,0.00,11.00,1.25,0.00,1.25,1.41,0.00,1.41,PotentialField,
320,1.86,AgentPrefab,Agent,MoveState,Moving,Goal,11.00,0.00,11.00,1.26,0.00,1.26,1.41,0.00,1.41,PotentialField,
321,1.87,AgentPrefab,Agent,MoveState,Moving,Goal,11.00,0.00,11.00,1.27,0.00,1.27,1.41,0.00,1.41,PotentialField,
322,1.88,AgentPrefab,Agent,MoveState,Moving,Goal,11.00,0.00,11.00,1.28,0.00,1.28,1.41,0.00,1.41,PotentialField,
323,1.88,AgentPrefab,Agent,MoveState,Moving,Goal,11.00,0.00,11.00,1.29,0.00,1.29,1.41,0.00,1.41,PotentialField,
324,1.89,AgentPrefab,Agent,MoveState,Moving,Goal,11.00,0.00,11.00,1.30,0.00,1.30,1.41,0.00,1.41,PotentialField,
325,1.90,AgentPrefab,Agent,MoveState,Moving,Goal,11.00,0.00,11.00,1.31,0.00,1.31,1.41,0.00,1.41,PotentialField,
326,1.90,AgentPrefab,Agent,MoveState,Moving,Goal,11.00,0.00,11.00,1.31,0.00,1.31,1.41,0.00,1.41,PotentialField,
327,1.91,AgentPrefab,Agent,MoveState,Moving,Goal,11.00,0.00,11.00,1.32,0.00,1.32,1.41,0.00,1.41,PotentialField,
328,1.91,AgentPrefab,Agent,MoveState,Moving,Goal,11.00,0.00,11.00,1.33,0.00,1.33,1.41,0.00,1.41,PotentialField,
329,1.92,AgentPrefab,Agent,MoveState,Moving,Goal,11.00,0.00,11.00,1.34,0.00,1.34,1.41,0.00,1.41,PotentialField,
330,1.93,AgentPrefab,Agent,MoveState,Moving,Goal,11.00,0.00,11.00,1.35,0.00,1.35,1.41,0.00,1.41,PotentialField,
331,1.93,AgentPrefab,Agent,MoveState,Moving,Goal,11.00,0.00,11.00,1.36,0.00,1.36,1.41,0.00,1.41,PotentialField,
332,1.94,AgentPrefab,Agent,MoveState,Moving,Goal,11.00,0.00,11.00,1.37,0.00,1.37,1.41,0.00,1.41,PotentialField,
333,1.95,AgentPrefab,Agent,MoveState,Moving,Goal,11.00,0.00,11.00,1.38,0.00,1.38,1.41,0.00,1.41,PotentialField,
334,1.95,AgentPrefab,Agent,MoveState,Moving,Goal,11.00,0.00,11.00,1.41,0.00,1.41,1.77,0.00,1.77,PotentialField,
335,1.96,AgentPrefab,Agent,MoveState,Moving,Goal,11.00,0.00,11.00,1.42,0.00,1.42,1.77,0.00,1.77,PotentialField,
336,1.97,AgentPrefab,Agent,MoveState,Moving,Goal,11.00,0.00,11.00,1.43,0.00,1.43,1.77,0.00,1.77,PotentialField,
337,1.98,AgentPrefab,Agent,MoveState,Moving,Goal,11.00,0.00,11.00,1.45,0.00,1.45,1.77,0.00,1.77,PotentialField,
338,1.99,AgentPrefab,Agent,MoveState,Moving,Goal,11.00,0.00,11.00,1.46,0.00,1.46,1.77,0.00,1.77,PotentialField,
339,1.99,AgentPrefab,Agent,MoveState,Moving,Goal,11.00,0.00,11.00,1.47,0.00,1.47,1.77,0.00,1.77,PotentialField,
340,2.00,AgentPrefab,Agent,MoveState,Moving,Goal,11.00,0.00,11.00,1.48,0.00,1.48,1.77,0.00,1.77,PotentialField,
341,2.01,AgentPrefab,Agent,MoveState,Moving,Goal,11.00,0.00,11.00,1.49,0.00,1.49,1.77,0.00,1.77,PotentialField,
342,2.02,AgentPrefab,Agent,MoveState,Moving,Goal,11.00,0.00,11.00,1.50,0.00,1.50,1.77,0.00,1.77,PotentialField,
343,2.02,AgentPrefab,Agent,MoveState,Moving,Goal,11.00,0.00,11.00,1.51,0.00,1.51,1.77,0.00,1.77,PotentialField,
344,2.03,AgentPrefab,Agent,MoveState,Moving,Goal,11.00,0.00,11.00,1.52,0.00,1.52,1.77,0.00,1.77,PotentialField,
345,2.04,AgentPrefab,Agent,MoveState,Moving,Goal,11.00,0.00,11.00,1.53,0.00,1.53,1.77,0.00,1.77,PotentialField,
346,2.05,AgentPrefab,Agent,MoveState,Moving,Goal,11.00,0.00,11.00,1.54,0.00,1.54,1.77,0.00,1.77,PotentialField,
347,2.05,AgentPrefab,Agent,MoveState,Moving,Goal,11.00,0.00,11.00,1.56,0.00,1.56,1.77,0.00,1.77,PotentialField,
348,2.06,AgentPrefab,Agent,MoveState,Moving,Goal,11.00,0.00,11.00,1.57,0.00,1.57,1.77,0.00,1.77,PotentialField,
349,2.07,AgentPrefab,Agent,MoveState,Moving,Goal,11.00,0.00,11.00,1.58,0.00,1.58,1.77,0.00,1.77,PotentialField,
350,2.08,AgentPrefab,Agent,MoveState,Moving,Goal,11.00,0.00,11.00,1.59,0.00,1.59,1.77,0.00,1.77,PotentialField,
351,2.08,AgentPrefab,Agent,MoveState,Moving,Goal,11.00,0.00,11.00,1.60,0.00,1.60,1.77,0.00,1.77,PotentialField,
352,2.09,AgentPrefab,Agent,MoveState,Moving,Goal,11.00,0.00,11.00,1.61,0.00,1.61,1.77,0.00,1.77,PotentialField,
353,2.10,AgentPrefab,Agent,MoveState,Moving,Goal,11.00,0.00,11.00,1.62,0.00,1.62,1.77,0.00,1.77,PotentialField,
354,2.11,AgentPrefab,Agent,MoveState,Moving,Goal,11.00,0.00,11.00,1.63,0.00,1.63,1.77,0.00,1.77,PotentialField,
355,2.12,AgentPrefab,Agent,MoveState,Moving,Goal,11.00,0.00,11.00,1.64,0.00,1.64,1.77,0.00,1.77,PotentialField,
356,2.12,AgentPrefab,Agent,MoveState,Moving,Goal,11.00,0.00,11.00,1.65,0.00,1.65,1.77,0.00,1.77,PotentialField,
357,2.13,AgentPrefab,Agent,MoveState,Moving,Goal,11.00,0.00,11.00,1.66,0.00,1.66,1.77,0.00,1.77,PotentialField,
358,2.14,AgentPrefab,Agent,MoveState,Moving,Goal,11.00,0.00,11.00,1.67,0.00,1.67,1.77,0.00,1.77,PotentialField,
359,2.14,AgentPrefab,Agent,MoveState,Moving,Goal,11.00,0.00,11.00,1.68,0.00,1.68,1.77,0.00,1.77,PotentialField,
360,2.15,AgentPrefab,Agent,MoveState,Moving,Goal,11.00,0.00,11.00,1.69,0.00,1.69,1.77,0.00,1.77,PotentialField,
361,2.16,AgentPrefab,Agent,MoveState,Moving,Goal,11.00,0.00,11.00,1.70,0.00,1.70,1.77,0.00,1.77,PotentialField,
362,2.16,AgentPrefab,Agent,MoveState,Moving,Goal,11.00,0.00,11.00,1.71,0.00,1.71,1.77,0.00,1.77,PotentialField,
363,2.17,AgentPrefab,Agent,MoveState,Moving,Goal,11.00,0.00,11.00,1.72,0.00,1.72,1.77,0.00,1.77,PotentialField,
364,2.18,AgentPrefab,Agent,MoveState,Moving,Goal,11.00,0.00,11.00,1.73,0.00,1.73,1.77,0.00,1.77,PotentialField,
365,2.18,AgentPrefab,Agent,MoveState,Moving,Goal,11.00,0.00,11.00,1.77,0.00,1.77,2.12,0.00,2.12,PotentialField,
366,2.19,AgentPrefab,Agent,MoveState,Moving,Goal,11.00,0.00,11.00,1.78,0.00,1.78,2.12,0.00,2.12,PotentialField,
367,2.20,AgentPrefab,Agent,MoveState,Moving,Goal,11.00,0.00,11.00,1.79,0.00,1.79,2.12,0.00,2.12,PotentialField,
368,2.20,AgentPrefab,Agent,MoveState,Moving,Goal,11.00,0.00,11.00,1.80,0.00,1.80,2.12,0.00,2.12,PotentialField,
369,2.21,AgentPrefab,Agent,MoveState,Moving,Goal,11.00,0.00,11.00,1.81,0.00,1.81,2.12,0.00,2.12,PotentialField,
370,2.22,AgentPrefab,Agent,MoveState,Moving,Goal,11.00,0.00,11.00,1.81,0.00,1.81,2.12,0.00,2.12,PotentialField,
371,2.22,AgentPrefab,Agent,MoveState,Moving,Goal,11.00,0.00,11.00,1.82,0.00,1.82,2.12,0.00,2.12,PotentialField,
372,2.23,AgentPrefab,Agent,MoveState,Moving,Goal,11.00,0.00,11.00,1.83,0.00,1.83,2.12,0.00,2.12,PotentialField,
373,2.24,AgentPrefab,Agent,MoveState,Moving,Goal,11.00,0.00,11.00,1.84,0.00,1.84,2.12,0.00,2.12,PotentialField,
374,2.24,AgentPrefab,Agent,MoveState,Moving,Goal,11.00,0.00,11.00,1.85,0.00,1.85,2.12,0.00,2.12,PotentialField,
375,2.25,AgentPrefab,Agent,MoveState,Moving,Goal,11.00,0.00,11.00,1.86,0.00,1.86,2.12,0.00,2.12,PotentialField,
376,2.25,AgentPrefab,Agent,MoveState,Moving,Goal,11.00,0.00,11.00,1.87,0.00,1.87,2.12,0.00,2.12,PotentialField,
377,2.26,AgentPrefab,Agent,MoveState,Moving,Goal,11.00,0.00,11.00,1.88,0.00,1.88,2.12,0.00,2.12,PotentialField,
378,2.27,AgentPrefab,Agent,MoveState,Moving,Goal,11.00,0.00,11.00,1.89,0.00,1.89,2.12,0.00,2.12,PotentialField,
379,2.27,AgentPrefab,Agent,MoveState,Moving,Goal,11.00,0.00,11.00,1.90,0.00,1.90,2.12,0.00,2.12,PotentialField,
380,2.28,AgentPrefab,Agent,MoveState,Moving,Goal,11.00,0.00,11.00,1.91,0.00,1.91,2.12,0.00,2.12,PotentialField,
381,2.29,AgentPrefab,Agent,MoveState,Moving,Goal,11.00,0.00,11.00,1.91,0.00,1.91,2.12,0.00,2.12,PotentialField,
382,2.29,AgentPrefab,Agent,MoveState,Moving,Goal,11.00,0.00,11.00,1.92,0.00,1.92,2.12,0.00,2.12,PotentialField,
383,2.30,AgentPrefab,Agent,MoveState,Moving,Goal,11.00,0.00,11.00,1.93,0.00,1.93,2.12,0.00,2.12,PotentialField,
384,2.31,AgentPrefab,Agent,MoveState,Moving,Goal,11.00,0.00,11.00,1.94,0.00,1.94,2.12,0.00,2.12,PotentialField,
385,2.31,AgentPrefab,Agent,MoveState,Moving,Goal,11.00,0.00,11.00,1.95,0.00,1.95,2.12,0.00,2.12,PotentialField,
386,2.32,AgentPrefab,Agent,MoveState,Moving,Goal,11.00,0.00,11.00,1.96,0.00,1.96,2.12,0.00,2.12,PotentialField,
387,2.32,AgentPrefab,Agent,MoveState,Moving,Goal,11.00,0.00,11.00,1.97,0.00,1.97,2.12,0.00,2.12,PotentialField,
388,2.33,AgentPrefab,Agent,MoveState,Moving,Goal,11.00,0.00,11.00,1.98,0.00,1.98,2.12,0.00,2.12,PotentialField,
389,2.34,AgentPrefab,Agent,MoveState,Moving,Goal,11.00,0.00,11.00,1.99,0.00,1.99,2.12,0.00,2.12,PotentialField,
390,2.34,AgentPrefab,Agent,MoveState,Moving,Goal,11.00,0.00,11.00,2.00,0.00,2.00,2.12,0.00,2.12,PotentialField,
391,2.35,AgentPrefab,Agent,MoveState,Moving,Goal,11.00,0.00,11.00,2.00,0.00,2.00,2.12,0.00,2.12,PotentialField,
392,2.36,AgentPrefab,Agent,MoveState,Moving,Goal,11.00,0.00,11.00,2.01,0.00,2.01,2.12,0.00,2.12,PotentialField,
393,2.36,AgentPrefab,Agent,MoveState,Moving,Goal,11.00,0.00,11.00,2.02,0.00,2.02,2.12,0.00,2.12,PotentialField,
394,2.37,AgentPrefab,Agent,MoveState,Moving,Goal,11.00,0.00,11.00,2.03,0.00,2.03,2.12,0.00,2.12,PotentialField,
395,2.38,AgentPrefab,Agent,MoveState,Moving,Goal,11.00,0.00,11.00,2.04,0.00,2.04,2.12,0.00,2.12,PotentialField,
396,2.38,AgentPrefab,Agent,MoveState,Moving,Goal,11.00,0.00,11.00,2.05,0.00,2.05,2.12,0.00,2.12,PotentialField,
397,2.39,AgentPrefab,Agent,MoveState,Moving,Goal,11.00,0.00,11.00,2.06,0.00,2.06,2.12,0.00,2.12,PotentialField,
398,2.40,AgentPrefab,Agent,MoveState,Moving,Goal,11.00,0.00,11.00,2.07,0.00,2.07,2.12,0.00,2.12,PotentialField,
399,2.40,AgentPrefab,Agent,MoveState,Moving,Goal,11.00,0.00,11.00,2.08,0.00,2.08,2.12,0.00,2.12,PotentialField,
400,2.41,AgentPrefab,Agent,MoveState,Moving,Goal,11.00,0.00,11.00,2.12,0.00,2.12,2.47,0.00,2.47,PotentialField,
401,2.42,AgentPrefab,Agent,MoveState,Moving,Goal,11.00,0.00,11.00,2.13,0.00,2.13,2.47,0.00,2.47,PotentialField,
402,2.42,AgentPrefab,Agent,MoveState,Moving,Goal,11.00,0.00,11.00,2.14,0.00,2.14,2.47,0.00,2.47,PotentialField,
403,2.43,AgentPrefab,Agent,MoveState,Moving,Goal,11.00,0.00,11.00,2.15,0.00,2.15,2.47,0.00,2.47,PotentialField,
404,2.44,AgentPrefab,Agent,MoveState,Moving,Goal,11.00,0.00,11.00,2.16,0.00,2.16,2.47,0.00,2.47,PotentialField,
405,2.44,AgentPrefab,Agent,MoveState,Moving,Goal,11.00,0.00,11.00,2.17,0.00,2.17,2.47,0.00,2.47,PotentialField,
406,2.45,AgentPrefab,Agent,MoveState,Moving,Goal,11.00,0.00,11.00,2.18,0.00,2.18,2.47,0.00,2.47,PotentialField,
407,2.45,AgentPrefab,Agent,MoveState,Moving,Goal,11.00,0.00,11.00,2.19,0.00,2.19,2.47,0.00,2.47,PotentialField,
408,2.46,AgentPrefab,Agent,MoveState,Moving,Goal,11.00,0.00,11.00,2.20,0.00,2.20,2.47,0.00,2.47,PotentialField,
409,2.47,AgentPrefab,Agent,MoveState,Moving,Goal,11.00,0.00,11.00,2.20,0.00,2.20,2.47,0.00,2.47,PotentialField,
410,2.47,AgentPrefab,Agent,MoveState,Moving,Goal,11.00,0.00,11.00,2.21,0.00,2.21,2.47,0.00,2.47,PotentialField,
411,2.48,AgentPrefab,Agent,MoveState,Moving,Goal,11.00,0.00,11.00,2.22,0.00,2.22,2.47,0.00,2.47,PotentialField,
412,2.49,AgentPrefab,Agent,MoveState,Moving,Goal,11.00,0.00,11.00,2.23,0.00,2.23,2.47,0.00,2.47,PotentialField,
413,2.49,AgentPrefab,Agent,MoveState,Moving,Goal,11.00,0.00,11.00,2.24,0.00,2.24,2.47,0.00,2.47,PotentialField,
414,2.50,AgentPrefab,Agent,MoveState,Moving,Goal,11.00,0.00,11.00,2.25,0.00,2.25,2.47,0.00,2.47,PotentialField,
415,2.51,AgentPrefab,Agent,MoveState,Moving,Goal,11.00,0.00,11.00,2.26,0.00,2.26,2.47,0.00,2.47,PotentialField,
416,2.51,AgentPrefab,Agent,MoveState,Moving,Goal,11.00,0.00,11.00,2.27,0.00,2.27,2.47,0.00,2.47,PotentialField,
417,2.52,AgentPrefab,Agent,MoveState,Moving,Goal,11.00,0.00,11.00,2.28,0.00,2.28,2.47,0.00,2.47,PotentialField,
418,2.53,AgentPrefab,Agent,MoveState,Moving,Goal,11.00,0.00,11.00,2.29,0.00,2.29,2.47,0.00,2.47,PotentialField,
419,2.53,AgentPrefab,Agent,MoveState,Moving,Goal,11.00,0.00,11.00,2.30,0.00,2.30,2.47,0.00,2.47,PotentialField,
420,2.54,AgentPrefab,Agent,MoveState,Moving,Goal,11.00,0.00,11.00,2.31,0.00,2.31,2.47,0.00,2.47,PotentialField,
421,2.55,AgentPrefab,Agent,MoveState,Moving,Goal,11.00,0.00,11.00,2.32,0.00,2.32,2.47,0.00,2.47,PotentialField,
422,2.55,AgentPrefab,Agent,MoveState,Moving,Goal,11.00,0.00,11.00,2.32,0.00,2.32,2.47,0.00,2.47,PotentialField,
423,2.56,AgentPrefab,Agent,MoveState,Moving,Goal,11.00,0.00,11.00,2.33,0.00,2.33,2.47,0.00,2.47,PotentialField,
424,2.57,AgentPrefab,Agent,MoveState,Moving,Goal,11.00,0.00,11.00,2.34,0.00,2.34,2.47,0.00,2.47,PotentialField,
425,2.57,AgentPrefab,Agent,MoveState,Moving,Goal,11.00,0.00,11.00,2.35,0.00,2.35,2.47,0.00,2.47,PotentialField,
426,2.58,AgentPrefab,Agent,MoveState,Moving,Goal,11.00,0.00,11.00,2.36,0.00,2.36,2.47,0.00,2.47,PotentialField,
427,2.58,AgentPrefab,Agent,MoveState,Moving,Goal,11.00,0.00,11.00,2.37,0.00,2.37,2.47,0.00,2.47,PotentialField,
428,2.59,AgentPrefab,Agent,MoveState,Moving,Goal,11.00,0.00,11.00,2.38,0.00,2.38,2.47,0.00,2.47,PotentialField,
429,2.60,AgentPrefab,Agent,MoveState,Moving,Goal,11.00,0.00,11.00,2.39,0.00,2.39,2.47,0.00,2.47,PotentialField,
430,2.60,AgentPrefab,Agent,MoveState,Moving,Goal,11.00,0.00,11.00,2.40,0.00,2.40,2.47,0.00,2.47,PotentialField,
431,2.61,AgentPrefab,Agent,MoveState,Moving,Goal,11.00,0.00,11.00,2.41,0.00,2.41,2.47,0.00,2.47,PotentialField,
432,2.62,AgentPrefab,Agent,MoveState,Moving,Goal,11.00,0.00,11.00,2.41,0.00,2.41,2.47,0.00,2.47,PotentialField,
433,2.62,AgentPrefab,Agent,MoveState,Moving,Goal,11.00,0.00,11.00,2.42,0.00,2.42,2.47,0.00,2.47,PotentialField,
434,2.63,AgentPrefab,Agent,MoveState,Moving,Goal,11.00,0.00,11.00,2.43,0.00,2.43,2.47,0.00,2.47,PotentialField,
435,2.63,AgentPrefab,Agent,MoveState,Moving,Goal,11.00,0.00,11.00,2.47,0.00,2.47,2.83,0.00,2.83,PotentialField,
436,2.64,AgentPrefab,Agent,MoveState,Moving,Goal,11.00,0.00,11.00,2.49,0.00,2.49,2.83,0.00,2.83,PotentialField,
437,2.65,AgentPrefab,Agent,MoveState,Moving,Goal,11.00,0.00,11.00,2.49,0.00,2.49,2.83,0.00,2.83,PotentialField,
438,2.66,AgentPrefab,Agent,MoveState,Moving,Goal,11.00,0.00,11.00,2.50,0.00,2.50,2.83,0.00,2.83,PotentialField,
439,2.66,AgentPrefab,Agent,MoveState,Moving,Goal,11.00,0.00,11.00,2.52,0.00,2.52,2.83,0.00,2.83,PotentialField,
440,2.67,AgentPrefab,Agent,MoveState,Moving,Goal,11.00,0.00,11.00,2.52,0.00,2.52,2.83,0.00,2.83,PotentialField,
441,2.67,AgentPrefab,Agent,MoveState,Moving,Goal,11.00,0.00,11.00,2.53,0.00,2.53,2.83,0.00,2.83,PotentialField,
442,2.68,AgentPrefab,Agent,MoveState,Moving,Goal,11.00,0.00,11.00,2.54,0.00,2.54,2.83,0.00,2.83,PotentialField,
443,2.69,AgentPrefab,Agent,MoveState,Moving,Goal,11.00,0.00,11.00,2.55,0.00,2.55,2.83,0.00,2.83,PotentialField,
444,2.69,AgentPrefab,Agent,MoveState,Moving,Goal,11.00,0.00,11.00,2.56,0.00,2.56,2.83,0.00,2.83,PotentialField,
445,2.70,AgentPrefab,Agent,MoveState,Moving,Goal,11.00,0.00,11.00,2.57,0.00,2.57,2.83,0.00,2.83,PotentialField,
446,2.71,AgentPrefab,Agent,MoveState,Moving,Goal,11.00,0.00,11.00,2.58,0.00,2.58,2.83,0.00,2.83,PotentialField,
447,2.71,AgentPrefab,Agent,MoveState,Moving,Goal,11.00,0.00,11.00,2.59,0.00,2.59,2.83,0.00,2.83,PotentialField,
448,2.72,AgentPrefab,Agent,MoveState,Moving,Goal,11.00,0.00,11.00,2.60,0.00,2.60,2.83,0.00,2.83,PotentialField,
449,2.73,AgentPrefab,Agent,MoveState,Moving,Goal,11.00,0.00,11.00,2.61,0.00,2.61,2.83,0.00,2.83,PotentialField,
450,2.73,AgentPrefab,Agent,MoveState,Moving,Goal,11.00,0.00,11.00,2.61,0.00,2.61,2.83,0.00,2.83,PotentialField,
451,2.74,AgentPrefab,Agent,MoveState,Moving,Goal,11.00,0.00,11.00,2.62,0.00,2.62,2.83,0.00,2.83,PotentialField,
452,2.74,AgentPrefab,Agent,MoveState,Moving,Goal,11.00,0.00,11.00,2.63,0.00,2.63,2.83,0.00,2.83,PotentialField,
453,2.75,AgentPrefab,Agent,MoveState,Moving,Goal,11.00,0.00,11.00,2.64,0.00,2.64,2.83,0.00,2.83,PotentialField,
454,2.76,AgentPrefab,Agent,MoveState,Moving,Goal,11.00,0.00,11.00,2.65,0.00,2.65,2.83,0.00,2.83,PotentialField,
455,2.76,AgentPrefab,Agent,MoveState,Moving,Goal,11.00,0.00,11.00,2.66,0.00,2.66,2.83,0.00,2.83,PotentialField,
456,2.77,AgentPrefab,Agent,MoveState,Moving,Goal,11.00,0.00,11.00,2.67,0.00,2.67,2.83,0.00,2.83,PotentialField,
457,2.78,AgentPrefab,Agent,MoveState,Moving,Goal,11.00,0.00,11.00,2.68,0.00,2.68,2.83,0.00,2.83,PotentialField,
458,2.78,AgentPrefab,Agent,MoveState,Moving,Goal,11.00,0.00,11.00,2.69,0.00,2.69,2.83,0.00,2.83,PotentialField,
459,2.79,AgentPrefab,Agent,MoveState,Moving,Goal,11.00,0.00,11.00,2.69,0.00,2.69,2.83,0.00,2.83,PotentialField,
460,2.80,AgentPrefab,Agent,MoveState,Moving,Goal,11.00,0.00,11.00,2.70,0.00,2.70,2.83,0.00,2.83,PotentialField,
461,2.80,AgentPrefab,Agent,MoveState,Moving,Goal,11.00,0.00,11.00,2.71,0.00,2.71,2.83,0.00,2.83,PotentialField,
462,2.81,AgentPrefab,Agent,MoveState,Moving,Goal,11.00,0.00,11.00,2.72,0.00,2.72,2.83,0.00,2.83,PotentialField,
463,2.82,AgentPrefab,Agent,MoveState,Moving,Goal,11.00,0.00,11.00,2.73,0.00,2.73,2.83,0.00,2.83,PotentialField,
464,2.82,AgentPrefab,Agent,MoveState,Moving,Goal,11.00,0.00,11.00,2.74,0.00,2.74,2.83,0.00,2.83,PotentialField,
465,2.83,AgentPrefab,Agent,MoveState,Moving,Goal,11.00,0.00,11.00,2.75,0.00,2.75,2.83,0.00,2.83,PotentialField,
466,2.83,AgentPrefab,Agent,MoveState,Moving,Goal,11.00,0.00,11.00,2.76,0.00,2.76,2.83,0.00,2.83,PotentialField,
467,2.84,AgentPrefab,Agent,MoveState,Moving,Goal,11.00,0.00,11.00,2.77,0.00,2.77,2.83,0.00,2.83,PotentialField,
468,2.85,AgentPrefab,Agent,MoveState,Moving,Goal,11.00,0.00,11.00,2.78,0.00,2.78,2.83,0.00,2.83,PotentialField,
469,2.85,AgentPrefab,Agent,MoveState,Moving,Goal,11.00,0.00,11.00,2.78,0.00,2.78,2.83,0.00,2.83,PotentialField,
470,2.86,AgentPrefab,Agent,MoveState,Moving,Goal,11.00,0.00,11.00,2.83,0.00,2.83,3.18,0.00,3.18,PotentialField,
471,2.87,AgentPrefab,Agent,MoveState,Moving,Goal,11.00,0.00,11.00,2.84,0.00,2.84,3.18,0.00,3.18,PotentialField,
472,2.87,AgentPrefab,Agent,MoveState,Moving,Goal,11.00,0.00,11.00,2.85,0.00,2.85,3.18,0.00,3.18,PotentialField,
473,2.88,AgentPrefab,Agent,MoveState,Moving,Goal,11.00,0.00,11.00,2.85,0.00,2.85,3.18,0.00,3.18,PotentialField,
474,2.89,AgentPrefab,Agent,MoveState,Moving,Goal,11.00,0.00,11.00,2.86,0.00,2.86,3.18,0.00,3.18,PotentialField,
475,2.89,AgentPrefab,Agent,MoveState,Moving,Goal,11.00,0.00,11.00,2.87,0.00,2.87,3.18,0.00,3.18,PotentialField,
476,2.90,AgentPrefab,Agent,MoveState,Moving,Goal,11.00,0.00,11.00,2.88,0.00,2.88,3.18,0.00,3.18,PotentialField,
477,2.91,AgentPrefab,Agent,MoveState,Moving,Goal,11.00,0.00,11.00,2.89,0.00,2.89,3.18,0.00,3.18,PotentialField,
478,2.91,AgentPrefab,Agent,MoveState,Moving,Goal,11.00,0.00,11.00,2.90,0.00,2.90,3.18,0.00,3.18,PotentialField,
479,2.92,AgentPrefab,Agent,MoveState,Moving,Goal,11.00,0.00,11.00,2.91,0.00,2.91,3.18,0.00,3.18,PotentialField,
480,2.92,AgentPrefab,Agent,MoveState,Moving,Goal,11.00,0.00,11.00,2.92,0.00,2.92,3.18,0.00,3.18,PotentialField,
481,2.93,AgentPrefab,Agent,MoveState,Moving,Goal,11.00,0.00,11.00,2.93,0.00,2.93,3.18,0.00,3.18,PotentialField,
482,2.94,AgentPrefab,Agent,MoveState,Moving,Goal,11.00,0.00,11.00,2.94,0.00,2.94,3.18,0.00,3.18,PotentialField,
483,2.94,AgentPrefab,Agent,MoveState,Moving,Goal,11.00,0.00,11.00,2.95,0.00,2.95,3.18,0.00,3.18,PotentialField,
484,2.95,AgentPrefab,Agent,MoveState,Moving,Goal,11.00,0.00,11.00,2.95,0.00,2.95,3.18,0.00,3.18,PotentialField,
485,2.96,AgentPrefab,Agent,MoveState,Moving,Goal,11.00,0.00,11.00,2.96,0.00,2.96,3.18,0.00,3.18,PotentialField,
486,2.96,AgentPrefab,Agent,MoveState,Moving,Goal,11.00,0.00,11.00,2.97,0.00,2.97,3.18,0.00,3.18,PotentialField,
487,2.97,AgentPrefab,Agent,MoveState,Moving,Goal,11.00,0.00,11.00,2.98,0.00,2.98,3.18,0.00,3.18,PotentialField,
488,2.98,AgentPrefab,Agent,MoveState,Moving,Goal,11.00,0.00,11.00,2.99,0.00,2.99,3.18,0.00,3.18,PotentialField,
489,2.98,AgentPrefab,Agent,MoveState,Moving,Goal,11.00,0.00,11.00,3.00,0.00,3.00,3.18,0.00,3.18,PotentialField,
490,2.99,AgentPrefab,Agent,MoveState,Moving,Goal,11.00,0.00,11.00,3.01,0.00,3.01,3.18,0.00,3.18,PotentialField,
491,2.99,AgentPrefab,Agent,MoveState,Moving,Goal,11.00,0.00,11.00,3.02,0.00,3.02,3.18,0.00,3.18,PotentialField,
492,3.00,AgentPrefab,Agent,MoveState,Moving,Goal,11.00,0.00,11.00,3.03,0.00,3.03,3.18,0.00,3.18,PotentialField,
493,3.01,AgentPrefab,Agent,MoveState,Moving,Goal,11.00,0.00,11.00,3.04,0.00,3.04,3.18,0.00,3.18,PotentialField,
494,3.01,AgentPrefab,Agent,MoveState,Moving,Goal,11.00,0.00,11.00,3.05,0.00,3.05,3.18,0.00,3.18,PotentialField,
495,3.02,AgentPrefab,Agent,MoveState,Moving,Goal,11.00,0.00,11.00,3.06,0.00,3.06,3.18,0.00,3.18,PotentialField,
496,3.03,AgentPrefab,Agent,MoveState,Moving,Goal,11.00,0.00,11.00,3.07,0.00,3.07,3.18,0.00,3.18,PotentialField,
497,3.03,AgentPrefab,Agent,MoveState,Moving,Goal,11.00,0.00,11.00,3.07,0.00,3.07,3.18,0.00,3.18,PotentialField,
498,3.04,AgentPrefab,Agent,MoveState,Moving,Goal,11.00,0.00,11.00,3.08,0.00,3.08,3.18,0.00,3.18,PotentialField,
499,3.05,AgentPrefab,Agent,MoveState,Moving,Goal,11.00,0.00,11.00,3.09,0.00,3.09,3.18,0.00,3.18,PotentialField,
500,3.05,AgentPrefab,Agent,MoveState,Moving,Goal,11.00,0.00,11.00,3.10,0.00,3.10,3.18,0.00,3.18,PotentialField,
501,3.06,AgentPrefab,Agent,MoveState,Moving,Goal,11.00,0.00,11.00,3.11,0.00,3.11,3.18,0.00,3.18,PotentialField,
502,3.07,AgentPrefab,Agent,MoveState,Moving,Goal,11.00,0.00,11.00,3.12,0.00,3.12,3.18,0.00,3.18,PotentialField,
503,3.07,AgentPrefab,Agent,MoveState,Moving,Goal,11.00,0.00,11.00,3.13,0.00,3.13,3.18,0.00,3.18,PotentialField,
504,3.08,AgentPrefab,Agent,MoveState,Moving,Goal,11.00,0.00,11.00,3.14,0.00,3.14,3.18,0.00,3.18,PotentialField,
505,3.09,AgentPrefab,Agent,MoveState,Moving,Goal,11.00,0.00,11.00,3.18,0.00,3.18,3.54,0.00,3.54,PotentialField,
506,3.09,AgentPrefab,Agent,MoveState,Moving,Goal,11.00,0.00,11.00,3.19,0.00,3.19,3.54,0.00,3.54,PotentialField,
507,3.10,AgentPrefab,Agent,MoveState,Moving,Goal,11.00,0.00,11.00,3.20,0.00,3.20,3.54,0.00,3.54,PotentialField,
508,3.11,AgentPrefab,Agent,MoveState,Moving,Goal,11.00,0.00,11.00,3.21,0.00,3.21,3.54,0.00,3.54,PotentialField,
509,3.11,AgentPrefab,Agent,MoveState,Moving,Goal,11.00,0.00,11.00,3.22,0.00,3.22,3.54,0.00,3.54,PotentialField,
510,3.12,AgentPrefab,Agent,MoveState,Moving,Goal,11.00,0.00,11.00,3.23,0.00,3.23,3.54,0.00,3.54,PotentialField,
511,3.13,AgentPrefab,Agent,MoveState,Moving,Goal,11.00,0.00,11.00,3.24,0.00,3.24,3.54,0.00,3.54,PotentialField,
512,3.13,AgentPrefab,Agent,MoveState,Moving,Goal,11.00,0.00,11.00,3.25,0.00,3.25,3.54,0.00,3.54,PotentialField,
513,3.14,AgentPrefab,Agent,MoveState,Moving,Goal,11.00,0.00,11.00,3.26,0.00,3.26,3.54,0.00,3.54,PotentialField,
514,3.15,AgentPrefab,Agent,MoveState,Moving,Goal,11.00,0.00,11.00,3.27,0.00,3.27,3.54,0.00,3.54,PotentialField,
515,3.15,AgentPrefab,Agent,MoveState,Moving,Goal,11.00,0.00,11.00,3.28,0.00,3.28,3.54,0.00,3.54,PotentialField,
516,3.16,AgentPrefab,Agent,MoveState,Moving,Goal,11.00,0.00,11.00,3.29,0.00,3.29,3.54,0.00,3.54,PotentialField,
517,3.17,AgentPrefab,Agent,MoveState,Moving,Goal,11.00,0.00,11.00,3.29,0.00,3.29,3.54,0.00,3.54,PotentialField,
518,3.17,AgentPrefab,Agent,MoveState,Moving,Goal,11.00,0.00,11.00,3.30,0.00,3.30,3.54,0.00,3.54,PotentialField,
519,3.18,AgentPrefab,Agent,MoveState,Moving,Goal,11.00,0.00,11.00,3.31,0.00,3.31,3.54,0.00,3.54,PotentialField,
520,3.19,AgentPrefab,Agent,MoveState,Moving,Goal,11.00,0.00,11.00,3.32,0.00,3.32,3.54,0.00,3.54,PotentialField,
521,3.19,AgentPrefab,Agent,MoveState,Moving,Goal,11.00,0.00,11.00,3.33,0.00,3.33,3.54,0.00,3.54,PotentialField,
522,3.20,AgentPrefab,Agent,MoveState,Moving,Goal,11.00,0.00,11.00,3.34,0.00,3.34,3.54,0.00,3.54,PotentialField,
523,3.21,AgentPrefab,Agent,MoveState,Moving,Goal,11.00,0.00,11.00,3.35,0.00,3.35,3.54,0.00,3.54,PotentialField,
524,3.21,AgentPrefab,Agent,MoveState,Moving,Goal,11.00,0.00,11.00,3.36,0.00,3.36,3.54,0.00,3.54,PotentialField,
525,3.22,AgentPrefab,Agent,MoveState,Moving,Goal,11.00,0.00,11.00,3.37,0.00,3.37,3.54,0.00,3.54,PotentialField,
526,3.23,AgentPrefab,Agent,MoveState,Moving,Goal,11.00,0.00,11.00,3.38,0.00,3.38,3.54,0.00,3.54,PotentialField,
527,3.23,AgentPrefab,Agent,MoveState,Moving,Goal,11.00,0.00,11.00,3.39,0.00,3.39,3.54,0.00,3.54,PotentialField,
528,3.24,AgentPrefab,Agent,MoveState,Moving,Goal,11.00,0.00,11.00,3.40,0.00,3.40,3.54,0.00,3.54,PotentialField,
529,3.24,AgentPrefab,Agent,MoveState,Moving,Goal,11.00,0.00,11.00,3.41,0.00,3.41,3.54,0.00,3.54,PotentialField,
530,3.25,AgentPrefab,Agent,MoveState,Moving,Goal,11.00,0.00,11.00,3.41,0.00,3.41,3.54,0.00,3.54,PotentialField,
531,3.26,AgentPrefab,Agent,MoveState,Moving,Goal,11.00,0.00,11.00,3.42,0.00,3.42,3.54,0.00,3.54,PotentialField,
532,3.27,AgentPrefab,Agent,MoveState,Moving,Goal,11.00,0.00,11.00,3.43,0.00,3.43,3.54,0.00,3.54,PotentialField,
533,3.27,AgentPrefab,Agent,MoveState,Moving,Goal,11.00,0.00,11.00,3.44,0.00,3.44,3.54,0.00,3.54,PotentialField,
534,3.28,AgentPrefab,Agent,MoveState,Moving,Goal,11.00,0.00,11.00,3.45,0.00,3.45,3.54,0.00,3.54,PotentialField,
535,3.28,AgentPrefab,Agent,MoveState,Moving,Goal,11.00,0.00,11.00,3.46,0.00,3.46,3.54,0.00,3.54,PotentialField,
536,3.29,AgentPrefab,Agent,MoveState,Moving,Goal,11.00,0.00,11.00,3.47,0.00,3.47,3.54,0.00,3.54,PotentialField,
537,3.30,AgentPrefab,Agent,MoveState,Moving,Goal,11.00,0.00,11.00,3.48,0.00,3.48,3.54,0.00,3.54,PotentialField,
538,3.30,AgentPrefab,Agent,MoveState,Moving,Goal,11.00,0.00,11.00,3.49,0.00,3.49,3.54,0.00,3.54,PotentialField,
539,3.31,AgentPrefab,Agent,MoveState,Moving,Goal,11.00,0.00,11.00,3.50,0.00,3.50,3.54,0.00,3.54,PotentialField,
540,3.32,AgentPrefab,Agent,MoveState,Moving,Goal,11.00,0.00,11.00,3.54,0.00,3.54,3.89,0.00,3.89,PotentialField,
541,3.32,AgentPrefab,Agent,MoveState,Moving,Goal,11.00,0.00,11.00,3.54,0.00,3.54,3.89,0.00,3.89,PotentialField,
542,3.33,AgentPrefab,Agent,MoveState,Moving,Goal,11.00,0.00,11.00,3.55,0.00,3.55,3.89,0.00,3.89,PotentialField,
543,3.33,AgentPrefab,Agent,MoveState,Moving,Goal,11.00,0.00,11.00,3.56,0.00,3.56,3.89,0.00,3.89,PotentialField,
544,3.34,AgentPrefab,Agent,MoveState,Moving,Goal,11.00,0.00,11.00,3.57,0.00,3.57,3.89,0.00,3.89,PotentialField,
545,3.35,AgentPrefab,Agent,MoveState,Moving,Goal,11.00,0.00,11.00,3.58,0.00,3.58,3.89,0.00,3.89,PotentialField,
546,3.36,AgentPrefab,Agent,MoveState,Moving,Goal,11.00,0.00,11.00,3.59,0.00,3.59,3.89,0.00,3.89,PotentialField,
547,3.36,AgentPrefab,Agent,MoveState,Moving,Goal,11.00,0.00,11.00,3.60,0.00,3.60,3.89,0.00,3.89,PotentialField,
548,3.37,AgentPrefab,Agent,MoveState,Moving,Goal,11.00,0.00,11.00,3.61,0.00,3.61,3.89,0.00,3.89,PotentialField,
549,3.38,AgentPrefab,Agent,MoveState,Moving,Goal,11.00,0.00,11.00,3.62,0.00,3.62,3.89,0.00,3.89,PotentialField,
550,3.38,AgentPrefab,Agent,MoveState,Moving,Goal,11.00,0.00,11.00,3.63,0.00,3.63,3.89,0.00,3.89,PotentialField,
551,3.39,AgentPrefab,Agent,MoveState,Moving,Goal,11.00,0.00,11.00,3.64,0.00,3.64,3.89,0.00,3.89,PotentialField,
552,3.40,AgentPrefab,Agent,MoveState,Moving,Goal,11.00,0.00,11.00,3.65,0.00,3.65,3.89,0.00,3.89,PotentialField,
553,3.40,AgentPrefab,Agent,MoveState,Moving,Goal,11.00,0.00,11.00,3.66,0.00,3.66,3.89,0.00,3.89,PotentialField,
554,3.41,AgentPrefab,Agent,MoveState,Moving,Goal,11.00,0.00,11.00,3.67,0.00,3.67,3.89,0.00,3.89,PotentialField,
555,3.41,AgentPrefab,Agent,MoveState,Moving,Goal,11.00,0.00,11.00,3.68,0.00,3.68,3.89,0.00,3.89,PotentialField,
556,3.42,AgentPrefab,Agent,MoveState,Moving,Goal,11.00,0.00,11.00,3.68,0.00,3.68,3.89,0.00,3.89,PotentialField,
557,3.43,AgentPrefab,Agent,MoveState,Moving,Goal,11.00,0.00,11.00,3.69,0.00,3.69,3.89,0.00,3.89,PotentialField,
558,3.43,AgentPrefab,Agent,MoveState,Moving,Goal,11.00,0.00,11.00,3.70,0.00,3.70,3.89,0.00,3.89,PotentialField,
559,3.44,AgentPrefab,Agent,MoveState,Moving,Goal,11.00,0.00,11.00,3.71,0.00,3.71,3.89,0.00,3.89,PotentialField,
560,3.45,AgentPrefab,Agent,MoveState,Moving,Goal,11.00,0.00,11.00,3.72,0.00,3.72,3.89,0.00,3.89,PotentialField,
561,3.45,AgentPrefab,Agent,MoveState,Moving,Goal,11.00,0.00,11.00,3.73,0.00,3.73,3.89,0.00,3.89,PotentialField,
562,3.46,AgentPrefab,Agent,MoveState,Moving,Goal,11.00,0.00,11.00,3.74,0.00,3.74,3.89,0.00,3.89,PotentialField,
563,3.47,AgentPrefab,Agent,MoveState,Moving,Goal,11.00,0.00,11.00,3.75,0.00,3.75,3.89,0.00,3.89,PotentialField,
564,3.47,AgentPrefab,Agent,MoveState,Moving,Goal,11.00,0.00,11.00,3.76,0.00,3.76,3.89,0.00,3.89,PotentialField,
565,3.48,AgentPrefab,Agent,MoveState,Moving,Goal,11.00,0.00,11.00,3.77,0.00,3.77,3.89,0.00,3.89,PotentialField,
566,3.49,AgentPrefab,Agent,MoveState,Moving,Goal,11.00,0.00,11.00,3.78,0.00,3.78,3.89,0.00,3.89,PotentialField,
567,3.49,AgentPrefab,Agent,MoveState,Moving,Goal,11.00,0.00,11.00,3.79,0.00,3.79,3.89,0.00,3.89,PotentialField,
568,3.50,AgentPrefab,Agent,MoveState,Moving,Goal,11.00,0.00,11.00,3.79,0.00,3.79,3.89,0.00,3.89,PotentialField,
569,3.50,AgentPrefab,Agent,MoveState,Moving,Goal,11.00,0.00,11.00,3.80,0.00,3.80,3.89,0.00,3.89,PotentialField,
570,3.51,AgentPrefab,Agent,MoveState,Moving,Goal,11.00,0.00,11.00,3.81,0.00,3.81,3.89,0.00,3.89,PotentialField,
571,3.52,AgentPrefab,Agent,MoveState,Moving,Goal,11.00,0.00,11.00,3.82,0.00,3.82,3.89,0.00,3.89,PotentialField,
572,3.52,AgentPrefab,Agent,MoveState,Moving,Goal,11.00,0.00,11.00,3.83,0.00,3.83,3.89,0.00,3.89,PotentialField,
573,3.53,AgentPrefab,Agent,MoveState,Moving,Goal,11.00,0.00,11.00,3.84,0.00,3.84,3.89,0.00,3.89,PotentialField,
574,3.54,AgentPrefab,Agent,MoveState,Moving,Goal,11.00,0.00,11.00,3.85,0.00,3.85,3.89,0.00,3.89,PotentialField,
575,3.54,AgentPrefab,Agent,MoveState,Moving,Goal,11.00,0.00,11.00,3.89,0.00,3.89,4.24,0.00,4.24,PotentialField,
576,3.55,AgentPrefab,Agent,MoveState,Moving,Goal,11.00,0.00,11.00,3.90,0.00,3.90,4.24,0.00,4.24,PotentialField,
577,3.56,AgentPrefab,Agent,MoveState,Moving,Goal,11.00,0.00,11.00,3.91,0.00,3.91,4.24,0.00,4.24,PotentialField,
578,3.56,AgentPrefab,Agent,MoveState,Moving,Goal,11.00,0.00,11.00,3.92,0.00,3.92,4.24,0.00,4.24,PotentialField,
579,3.57,AgentPrefab,Agent,MoveState,Moving,Goal,11.00,0.00,11.00,3.93,0.00,3.93,4.24,0.00,4.24,PotentialField,
580,3.58,AgentPrefab,Agent,MoveState,Moving,Goal,11.00,0.00,11.00,3.94,0.00,3.94,4.24,0.00,4.24,PotentialField,
581,3.58,AgentPrefab,Agent,MoveState,Moving,Goal,11.00,0.00,11.00,3.94,0.00,3.94,4.24,0.00,4.24,PotentialField,
582,3.59,AgentPrefab,Agent,MoveState,Moving,Goal,11.00,0.00,11.00,3.95,0.00,3.95,4.24,0.00,4.24,PotentialField,
583,3.60,AgentPrefab,Agent,MoveState,Moving,Goal,11.00,0.00,11.00,3.96,0.00,3.96,4.24,0.00,4.24,PotentialField,
584,3.60,AgentPrefab,Agent,MoveState,Moving,Goal,11.00,0.00,11.00,3.97,0.00,3.97,4.24,0.00,4.24,PotentialField,
585,3.61,AgentPrefab,Agent,MoveState,Moving,Goal,11.00,0.00,11.00,3.98,0.00,3.98,4.24,0.00,4.24,PotentialField,
586,3.62,AgentPrefab,Agent,MoveState,Moving,Goal,11.00,0.00,11.00,3.99,0.00,3.99,4.24,0.00,4.24,PotentialField,
587,3.62,AgentPrefab,Agent,MoveState,Moving,Goal,11.00,0.00,11.00,4.00,0.00,4.00,4.24,0.00,4.24,PotentialField,
588,3.63,AgentPrefab,Agent,MoveState,Moving,Goal,11.00,0.00,11.00,4.01,0.00,4.01,4.24,0.00,4.24,PotentialField,
589,3.64,AgentPrefab,Agent,MoveState,Moving,Goal,11.00,0.00,11.00,4.02,0.00,4.02,4.24,0.00,4.24,PotentialField,
590,3.64,AgentPrefab,Agent,MoveState,Moving,Goal,11.00,0.00,11.00,4.03,0.00,4.03,4.24,0.00,4.24,PotentialField,
591,3.65,AgentPrefab,Agent,MoveState,Moving,Goal,11.00,0.00,11.00,4.04,0.00,4.04,4.24,0.00,4.24,PotentialField,
592,3.66,AgentPrefab,Agent,MoveState,Moving,Goal,11.00,0.00,11.00,4.05,0.00,4.05,4.24,0.00,4.24,PotentialField,
593,3.66,AgentPrefab,Agent,MoveState,Moving,Goal,11.00,0.00,11.00,4.06,0.00,4.06,4.24,0.00,4.24,PotentialField,
594,3.67,AgentPrefab,Agent,MoveState,Moving,Goal,11.00,0.00,11.00,4.06,0.00,4.06,4.24,0.00,4.24,PotentialField,
595,3.67,AgentPrefab,Agent,MoveState,Moving,Goal,11.00,0.00,11.00,4.08,0.00,4.08,4.24,0.00,4.24,PotentialField,
596,3.68,AgentPrefab,Agent,MoveState,Moving,Goal,11.00,0.00,11.00,4.08,0.00,4.08,4.24,0.00,4.24,PotentialField,
597,3.69,AgentPrefab,Agent,MoveState,Moving,Goal,11.00,0.00,11.00,4.09,0.00,4.09,4.24,0.00,4.24,PotentialField,
598,3.69,AgentPrefab,Agent,MoveState,Moving,Goal,11.00,0.00,11.00,4.10,0.00,4.10,4.24,0.00,4.24,PotentialField,
599,3.70,AgentPrefab,Agent,MoveState,Moving,Goal,11.00,0.00,11.00,4.11,0.00,4.11,4.24,0.00,4.24,PotentialField,
600,3.71,AgentPrefab,Agent,MoveState,Moving,Goal,11.00,0.00,11.00,4.12,0.00,4.12,4.24,0.00,4.24,PotentialField,
601,3.71,AgentPrefab,Agent,MoveState,Moving,Goal,11.00,0.00,11.00,4.13,0.00,4.13,4.24,0.00,4.24,PotentialField,
602,3.72,AgentPrefab,Agent,MoveState,Moving,Goal,11.00,0.00,11.00,4.14,0.00,4.14,4.24,0.00,4.24,PotentialField,
603,3.73,AgentPrefab,Agent,MoveState,Moving,Goal,11.00,0.00,11.00,4.15,0.00,4.15,4.24,0.00,4.24,PotentialField,
604,3.73,AgentPrefab,Agent,MoveState,Moving,Goal,11.00,0.00,11.00,4.16,0.00,4.16,4.24,0.00,4.24,PotentialField,
605,3.74,AgentPrefab,Agent,MoveState,Moving,Goal,11.00,0.00,11.00,4.17,0.00,4.17,4.24,0.00,4.24,PotentialField,
606,3.75,AgentPrefab,Agent,MoveState,Moving,Goal,11.00,0.00,11.00,4.18,0.00,4.18,4.24,0.00,4.24,PotentialField,
607,3.75,AgentPrefab,Agent,MoveState,Moving,Goal,11.00,0.00,11.00,4.18,0.00,4.18,4.24,0.00,4.24,PotentialField,
608,3.76,AgentPrefab,Agent,MoveState,Moving,Goal,11.00,0.00,11.00,4.19,0.00,4.19,4.24,0.00,4.24,PotentialField,
609,3.77,AgentPrefab,Agent,MoveState,Moving,Goal,11.00,0.00,11.00,4.20,0.00,4.20,4.24,0.00,4.24,PotentialField,
610,3.77,AgentPrefab,Agent,MoveState,Moving,Goal,11.00,0.00,11.00,4.24,0.00,4.24,4.60,0.00,4.60,PotentialField,
611,3.78,AgentPrefab,Agent,MoveState,Moving,Goal,11.00,0.00,11.00,4.25,0.00,4.25,4.60,0.00,4.60,PotentialField,
612,3.79,AgentPrefab,Agent,MoveState,Moving,Goal,11.00,0.00,11.00,4.26,0.00,4.26,4.60,0.00,4.60,PotentialField,
613,3.79,AgentPrefab,Agent,MoveState,Moving,Goal,11.00,0.00,11.00,4.27,0.00,4.27,4.60,0.00,4.60,PotentialField,
614,3.80,AgentPrefab,Agent,MoveState,Moving,Goal,11.00,0.00,11.00,4.28,0.00,4.28,4.60,0.00,4.60,PotentialField,
615,3.81,AgentPrefab,Agent,MoveState,Moving,Goal,11.00,0.00,11.00,4.29,0.00,4.29,4.60,0.00,4.60,PotentialField,
616,3.81,AgentPrefab,Agent,MoveState,Moving,Goal,11.00,0.00,11.00,4.30,0.00,4.30,4.60,0.00,4.60,PotentialField,
617,3.82,AgentPrefab,Agent,MoveState,Moving,Goal,11.00,0.00,11.00,4.31,0.00,4.31,4.60,0.00,4.60,PotentialField,
618,3.82,AgentPrefab,Agent,MoveState,Moving,Goal,11.00,0.00,11.00,4.32,0.00,4.32,4.60,0.00,4.60,PotentialField,
619,3.83,AgentPrefab,Agent,MoveState,Moving,Goal,11.00,0.00,11.00,4.32,0.00,4.32,4.60,0.00,4.60,PotentialField,
620,3.84,AgentPrefab,Agent,MoveState,Moving,Goal,11.00,0.00,11.00,4.33,0.00,4.33,4.60,0.00,4.60,PotentialField,
621,3.84,AgentPrefab,Agent,MoveState,Moving,Goal,11.00,0.00,11.00,4.34,0.00,4.34,4.60,0.00,4.60,PotentialField,
622,3.85,AgentPrefab,Agent,MoveState,Moving,Goal,11.00,0.00,11.00,4.35,0.00,4.35,4.60,0.00,4.60,PotentialField,
623,3.86,AgentPrefab,Agent,MoveState,Moving,Goal,11.00,0.00,11.00,4.36,0.00,4.36,4.60,0.00,4.60,PotentialField,
624,3.86,AgentPrefab,Agent,MoveState,Moving,Goal,11.00,0.00,11.00,4.37,0.00,4.37,4.60,0.00,4.60,PotentialField,
625,3.87,AgentPrefab,Agent,MoveState,Moving,Goal,11.00,0.00,11.00,4.38,0.00,4.38,4.60,0.00,4.60,PotentialField,
626,3.88,AgentPrefab,Agent,MoveState,Moving,Goal,11.00,0.00,11.00,4.39,0.00,4.39,4.60,0.00,4.60,PotentialField,
627,3.88,AgentPrefab,Agent,MoveState,Moving,Goal,11.00,0.00,11.00,4.40,0.00,4.40,4.60,0.00,4.60,PotentialField,
628,3.89,AgentPrefab,Agent,MoveState,Moving,Goal,11.00,0.00,11.00,4.41,0.00,4.41,4.60,0.00,4.60,PotentialField,
629,3.90,AgentPrefab,Agent,MoveState,Moving,Goal,11.00,0.00,11.00,4.42,0.00,4.42,4.60,0.00,4.60,PotentialField,
630,3.90,AgentPrefab,Agent,MoveState,Moving,Goal,11.00,0.00,11.00,4.43,0.00,4.43,4.60,0.00,4.60,PotentialField,
631,3.91,AgentPrefab,Agent,MoveState,Moving,Goal,11.00,0.00,11.00,4.44,0.00,4.44,4.60,0.00,4.60,PotentialField,
632,3.92,AgentPrefab,Agent,MoveState,Moving,Goal,11.00,0.00,11.00,4.45,0.00,4.45,4.60,0.00,4.60,PotentialField,
633,3.92,AgentPrefab,Agent,MoveState,Moving,Goal,11.00,0.00,11.00,4.45,0.00,4.45,4.60,0.00,4.60,PotentialField,
634,3.93,AgentPrefab,Agent,MoveState,Moving,Goal,11.00,0.00,11.00,4.46,0.00,4.46,4.60,0.00,4.60,PotentialField,
635,3.93,AgentPrefab,Agent,MoveState,Moving,Goal,11.00,0.00,11.00,4.47,0.00,4.47,4.60,0.00,4.60,PotentialField,
636,3.94,AgentPrefab,Agent,MoveState,Moving,Goal,11.00,0.00,11.00,4.48,0.00,4.48,4.60,0.00,4.60,PotentialField,
637,3.95,AgentPrefab,Agent,MoveState,Moving,Goal,11.00,0.00,11.00,4.49,0.00,4.49,4.60,0.00,4.60,PotentialField,
638,3.95,AgentPrefab,Agent,MoveState,Moving,Goal,11.00,0.00,11.00,4.50,0.00,4.50,4.60,0.00,4.60,PotentialField,
639,3.96,AgentPrefab,Agent,MoveState,Moving,Goal,11.00,0.00,11.00,4.51,0.00,4.51,4.60,0.00,4.60,PotentialField,
640,3.97,AgentPrefab,Agent,MoveState,Moving,Goal,11.00,0.00,11.00,4.52,0.00,4.52,4.60,0.00,4.60,PotentialField,
641,3.97,AgentPrefab,Agent,MoveState,Moving,Goal,11.00,0.00,11.00,4.53,0.00,4.53,4.60,0.00,4.60,PotentialField,
642,3.98,AgentPrefab,Agent,MoveState,Moving,Goal,11.00,0.00,11.00,4.54,0.00,4.54,4.60,0.00,4.60,PotentialField,
643,3.99,AgentPrefab,Agent,MoveState,Moving,Goal,11.00,0.00,11.00,4.55,0.00,4.55,4.60,0.00,4.60,PotentialField,
644,3.99,AgentPrefab,Agent,MoveState,Moving,Goal,11.00,0.00,11.00,4.56,0.00,4.56,4.60,0.00,4.60,PotentialField,
645,4.00,AgentPrefab,Agent,MoveState,Moving,Goal,11.00,0.00,11.00,4.60,0.00,4.60,4.95,0.00,4.95,PotentialField,
646,4.01,AgentPrefab,Agent,MoveState,Moving,Goal,11.00,0.00,11.00,4.61,0.00,4.61,4.95,0.00,4.95,PotentialField,
647,4.01,AgentPrefab,Agent,MoveState,Moving,Goal,11.00,0.00,11.00,4.61,0.00,4.61,4.95,0.00,4.95,PotentialField,
648,4.02,AgentPrefab,Agent,MoveState,Moving,Goal,11.00,0.00,11.00,4.62,0.00,4.62,4.95,0.00,4.95,PotentialField,
649,4.03,AgentPrefab,Agent,MoveState,Moving,Goal,11.00,0.00,11.00,4.64,0.00,4.64,4.95,0.00,4.95,PotentialField,
650,4.03,AgentPrefab,Agent,MoveState,Moving,Goal,11.00,0.00,11.00,4.64,0.00,4.64,4.95,0.00,4.95,PotentialField,
651,4.04,AgentPrefab,Agent,MoveState,Moving,Goal,11.00,0.00,11.00,4.65,0.00,4.65,4.95,0.00,4.95,PotentialField,
652,4.05,AgentPrefab,Agent,MoveState,Moving,Goal,11.00,0.00,11.00,4.66,0.00,4.66,4.95,0.00,4.95,PotentialField,
653,4.05,AgentPrefab,Agent,MoveState,Moving,Goal,11.00,0.00,11.00,4.67,0.00,4.67,4.95,0.00,4.95,PotentialField,
654,4.06,AgentPrefab,Agent,MoveState,Moving,Goal,11.00,0.00,11.00,4.68,0.00,4.68,4.95,0.00,4.95,PotentialField,
655,4.07,AgentPrefab,Agent,MoveState,Moving,Goal,11.00,0.00,11.00,4.69,0.00,4.69,4.95,0.00,4.95,PotentialField,
656,4.08,AgentPrefab,Agent,MoveState,Moving,Goal,11.00,0.00,11.00,4.70,0.00,4.70,4.95,0.00,4.95,PotentialField,
657,4.08,AgentPrefab,Agent,MoveState,Moving,Goal,11.00,0.00,11.00,4.71,0.00,4.71,4.95,0.00,4.95,PotentialField,
658,4.09,AgentPrefab,Agent,MoveState,Moving,Goal,11.00,0.00,11.00,4.72,0.00,4.72,4.95,0.00,4.95,PotentialField,
659,4.09,AgentPrefab,Agent,MoveState,Moving,Goal,11.00,0.00,11.00,4.73,0.00,4.73,4.95,0.00,4.95,PotentialField,
660,4.10,AgentPrefab,Agent,MoveState,Moving,Goal,11.00,0.00,11.00,4.74,0.00,4.74,4.95,0.00,4.95,PotentialField,
661,4.11,AgentPrefab,Agent,MoveState,Moving,Goal,11.00,0.00,11.00,4.75,0.00,4.75,4.95,0.00,4.95,PotentialField,
662,4.12,AgentPrefab,Agent,MoveState,Moving,Goal,11.00,0.00,11.00,4.76,0.00,4.76,4.95,0.00,4.95,PotentialField,
663,4.14,AgentPrefab,Agent,MoveState,Moving,Goal,11.00,0.00,11.00,4.78,0.00,4.78,4.95,0.00,4.95,PotentialField,
664,4.14,AgentPrefab,Agent,MoveState,Moving,Goal,11.00,0.00,11.00,4.80,0.00,4.80,4.95,0.00,4.95,PotentialField,
665,4.15,AgentPrefab,Agent,MoveState,Moving,Goal,11.00,0.00,11.00,4.81,0.00,4.81,4.95,0.00,4.95,PotentialField,
666,4.16,AgentPrefab,Agent,MoveState,Moving,Goal,11.00,0.00,11.00,4.82,0.00,4.82,4.95,0.00,4.95,PotentialField,
667,4.16,AgentPrefab,Agent,MoveState,Moving,Goal,11.00,0.00,11.00,4.83,0.00,4.83,4.95,0.00,4.95,PotentialField,
668,4.17,AgentPrefab,Agent,MoveState,Moving,Goal,11.00,0.00,11.00,4.83,0.00,4.83,4.95,0.00,4.95,PotentialField,
669,4.17,AgentPrefab,Agent,MoveState,Moving,Goal,11.00,0.00,11.00,4.84,0.00,4.84,4.95,0.00,4.95,PotentialField,
670,4.18,AgentPrefab,Agent,MoveState,Moving,Goal,11.00,0.00,11.00,4.85,0.00,4.85,4.95,0.00,4.95,PotentialField,
671,4.19,AgentPrefab,Agent,MoveState,Moving,Goal,11.00,0.00,11.00,4.86,0.00,4.86,4.95,0.00,4.95,PotentialField,
672,4.19,AgentPrefab,Agent,MoveState,Moving,Goal,11.00,0.00,11.00,4.87,0.00,4.87,4.95,0.00,4.95,PotentialField,
673,4.20,AgentPrefab,Agent,MoveState,Moving,Goal,11.00,0.00,11.00,4.88,0.00,4.88,4.95,0.00,4.95,PotentialField,
674,4.21,AgentPrefab,Agent,MoveState,Moving,Goal,11.00,0.00,11.00,4.89,0.00,4.89,4.95,0.00,4.95,PotentialField,
675,4.21,AgentPrefab,Agent,MoveState,Moving,Goal,11.00,0.00,11.00,4.90,0.00,4.90,4.95,0.00,4.95,PotentialField,
676,4.22,AgentPrefab,Agent,MoveState,Moving,Goal,11.00,0.00,11.00,4.91,0.00,4.91,4.95,0.00,4.95,PotentialField,
677,4.23,AgentPrefab,Agent,MoveState,Moving,Goal,11.00,0.00,11.00,4.95,0.00,4.95,5.30,0.00,5.30,PotentialField,
678,4.23,AgentPrefab,Agent,MoveState,Moving,Goal,11.00,0.00,11.00,4.96,0.00,4.96,5.30,0.00,5.30,PotentialField,
679,4.24,AgentPrefab,Agent,MoveState,Moving,Goal,11.00,0.00,11.00,4.97,0.00,4.97,5.30,0.00,5.30,PotentialField,
680,4.24,AgentPrefab,Agent,MoveState,Moving,Goal,11.00,0.00,11.00,4.98,0.00,4.98,5.30,0.00,5.30,PotentialField,
681,4.25,AgentPrefab,Agent,MoveState,Moving,Goal,11.00,0.00,11.00,4.98,0.00,4.98,5.30,0.00,5.30,PotentialField,
682,4.26,AgentPrefab,Agent,MoveState,Moving,Goal,11.00,0.00,11.00,4.99,0.00,4.99,5.30,0.00,5.30,PotentialField,
683,4.26,AgentPrefab,Agent,MoveState,Moving,Goal,11.00,0.00,11.00,5.00,0.00,5.00,5.30,0.00,5.30,PotentialField,
684,4.27,AgentPrefab,Agent,MoveState,Moving,Goal,11.00,0.00,11.00,5.01,0.00,5.01,5.30,0.00,5.30,PotentialField,
685,4.28,AgentPrefab,Agent,MoveState,Moving,Goal,11.00,0.00,11.00,5.02,0.00,5.02,5.30,0.00,5.30,PotentialField,
686,4.28,AgentPrefab,Agent,MoveState,Moving,Goal,11.00,0.00,11.00,5.03,0.00,5.03,5.30,0.00,5.30,PotentialField,
687,4.29,AgentPrefab,Agent,MoveState,Moving,Goal,11.00,0.00,11.00,5.04,0.00,5.04,5.30,0.00,5.30,PotentialField,
688,4.30,AgentPrefab,Agent,MoveState,Moving,Goal,11.00,0.00,11.00,5.05,0.00,5.05,5.30,0.00,5.30,PotentialField,
689,4.30,AgentPrefab,Agent,MoveState,Moving,Goal,11.00,0.00,11.00,5.06,0.00,5.06,5.30,0.00,5.30,PotentialField,
690,4.31,AgentPrefab,Agent,MoveState,Moving,Goal,11.00,0.00,11.00,5.07,0.00,5.07,5.30,0.00,5.30,PotentialField,
691,4.32,AgentPrefab,Agent,MoveState,Moving,Goal,11.00,0.00,11.00,5.08,0.00,5.08,5.30,0.00,5.30,PotentialField,
692,4.32,AgentPrefab,Agent,MoveState,Moving,Goal,11.00,0.00,11.00,5.08,0.00,5.08,5.30,0.00,5.30,PotentialField,
693,4.33,AgentPrefab,Agent,MoveState,Moving,Goal,11.00,0.00,11.00,5.09,0.00,5.09,5.30,0.00,5.30,PotentialField,
694,4.33,AgentPrefab,Agent,MoveState,Moving,Goal,11.00,0.00,11.00,5.10,0.00,5.10,5.30,0.00,5.30,PotentialField,
695,4.34,AgentPrefab,Agent,MoveState,Moving,Goal,11.00,0.00,11.00,5.11,0.00,5.11,5.30,0.00,5.30,PotentialField,
696,4.35,AgentPrefab,Agent,MoveState,Moving,Goal,11.00,0.00,11.00,5.12,0.00,5.12,5.30,0.00,5.30,PotentialField,
697,4.35,AgentPrefab,Agent,MoveState,Moving,Goal,11.00,0.00,11.00,5.13,0.00,5.13,5.30,0.00,5.30,PotentialField,
698,4.36,AgentPrefab,Agent,MoveState,Moving,Goal,11.00,0.00,11.00,5.14,0.00,5.14,5.30,0.00,5.30,PotentialField,
699,4.37,AgentPrefab,Agent,MoveState,Moving,Goal,11.00,0.00,11.00,5.15,0.00,5.15,5.30,0.00,5.30,PotentialField,
700,4.37,AgentPrefab,Agent,MoveState,Moving,Goal,11.00,0.00,11.00,5.16,0.00,5.16,5.30,0.00,5.30,PotentialField,
701,4.38,AgentPrefab,Agent,MoveState,Moving,Goal,11.00,0.00,11.00,5.17,0.00,5.17,5.30,0.00,5.30,PotentialField,
702,4.39,AgentPrefab,Agent,MoveState,Moving,Goal,11.00,0.00,11.00,5.18,0.00,5.18,5.30,0.00,5.30,PotentialField,
703,4.39,AgentPrefab,Agent,MoveState,Moving,Goal,11.00,0.00,11.00,5.19,0.00,5.19,5.30,0.00,5.30,PotentialField,
704,4.40,AgentPrefab,Agent,MoveState,Moving,Goal,11.00,0.00,11.00,5.20,0.00,5.20,5.30,0.00,5.30,PotentialField,
705,4.41,AgentPrefab,Agent,MoveState,Moving,Goal,11.00,0.00,11.00,5.21,0.00,5.21,5.30,0.00,5.30,PotentialField,
706,4.41,AgentPrefab,Agent,MoveState,Moving,Goal,11.00,0.00,11.00,5.21,0.00,5.21,5.30,0.00,5.30,PotentialField,
707,4.42,AgentPrefab,Agent,MoveState,Moving,Goal,11.00,0.00,11.00,5.22,0.00,5.22,5.30,0.00,5.30,PotentialField,
708,4.43,AgentPrefab,Agent,MoveState,Moving,Goal,11.00,0.00,11.00,5.23,0.00,5.23,5.30,0.00,5.30,PotentialField,
709,4.43,AgentPrefab,Agent,MoveState,Moving,Goal,11.00,0.00,11.00,5.24,0.00,5.24,5.30,0.00,5.30,PotentialField,
710,4.44,AgentPrefab,Agent,MoveState,Moving,Goal,11.00,0.00,11.00,5.25,0.00,5.25,5.30,0.00,5.30,PotentialField,
711,4.45,AgentPrefab,Agent,MoveState,Moving,Goal,11.00,0.00,11.00,5.26,0.00,5.26,5.30,0.00,5.30,PotentialField,
712,4.45,AgentPrefab,Agent,MoveState,Moving,Goal,11.00,0.00,11.00,5.30,0.00,5.30,5.66,0.00,5.66,PotentialField,
713,4.46,AgentPrefab,Agent,MoveState,Moving,Goal,11.00,0.00,11.00,5.31,0.00,5.31,5.66,0.00,5.66,PotentialField,
714,4.47,AgentPrefab,Agent,MoveState,Moving,Goal,11.00,0.00,11.00,5.32,0.00,5.32,5.66,0.00,5.66,PotentialField,
715,4.47,AgentPrefab,Agent,MoveState,Moving,Goal,11.00,0.00,11.00,5.33,0.00,5.33,5.66,0.00,5.66,PotentialField,
716,4.48,AgentPrefab,Agent,MoveState,Moving,Goal,11.00,0.00,11.00,5.34,0.00,5.34,5.66,0.00,5.66,PotentialField,
717,4.49,AgentPrefab,Agent,MoveState,Moving,Goal,11.00,0.00,11.00,5.35,0.00,5.35,5.66,0.00,5.66,PotentialField,
718,4.49,AgentPrefab,Agent,MoveState,Moving,Goal,11.00,0.00,11.00,5.36,0.00,5.36,5.66,0.00,5.66,PotentialField,
719,4.50,AgentPrefab,Agent,MoveState,Moving,Goal,11.00,0.00,11.00,5.37,0.00,5.37,5.66,0.00,5.66,PotentialField,
720,4.50,AgentPrefab,Agent,MoveState,Moving,Goal,11.00,0.00,11.00,5.38,0.00,5.38,5.66,0.00,5.66,PotentialField,
721,4.51,AgentPrefab,Agent,MoveState,Moving,Goal,11.00,0.00,11.00,5.39,0.00,5.39,5.66,0.00,5.66,PotentialField,
722,4.52,AgentPrefab,Agent,MoveState,Moving,Goal,11.00,0.00,11.00,5.39,0.00,5.39,5.66,0.00,5.66,PotentialField,
723,4.52,AgentPrefab,Agent,MoveState,Moving,Goal,11.00,0.00,11.00,5.41,0.00,5.41,5.66,0.00,5.66,PotentialField,
724,4.53,AgentPrefab,Agent,MoveState,Moving,Goal,11.00,0.00,11.00,5.41,0.00,5.41,5.66,0.00,5.66,PotentialField,
725,4.54,AgentPrefab,Agent,MoveState,Moving,Goal,11.00,0.00,11.00,5.42,0.00,5.42,5.66,0.00,5.66,PotentialField,
726,4.54,AgentPrefab,Agent,MoveState,Moving,Goal,11.00,0.00,11.00,5.43,0.00,5.43,5.66,0.00,5.66,PotentialField,
727,4.55,AgentPrefab,Agent,MoveState,Moving,Goal,11.00,0.00,11.00,5.44,0.00,5.44,5.66,0.00,5.66,PotentialField,
728,4.56,AgentPrefab,Agent,MoveState,Moving,Goal,11.00,0.00,11.00,5.45,0.00,5.45,5.66,0.00,5.66,PotentialField,
729,4.56,AgentPrefab,Agent,MoveState,Moving,Goal,11.00,0.00,11.00,5.46,0.00,5.46,5.66,0.00,5.66,PotentialField,
730,4.57,AgentPrefab,Agent,MoveState,Moving,Goal,11.00,0.00,11.00,5.47,0.00,5.47,5.66,0.00,5.66,PotentialField,
731,4.58,AgentPrefab,Agent,MoveState,Moving,Goal,11.00,0.00,11.00,5.48,0.00,5.48,5.66,0.00,5.66,PotentialField,
732,4.58,AgentPrefab,Agent,MoveState,Moving,Goal,11.00,0.00,11.00,5.49,0.00,5.49,5.66,0.00,5.66,PotentialField,
733,4.59,AgentPrefab,Agent,MoveState,Moving,Goal,11.00,0.00,11.00,5.50,0.00,5.50,5.66,0.00,5.66,PotentialField,
734,4.60,AgentPrefab,Agent,MoveState,Moving,Goal,11.00,0.00,11.00,5.51,0.00,5.51,5.66,0.00,5.66,PotentialField,
735,4.60,AgentPrefab,Agent,MoveState,Moving,Goal,11.00,0.00,11.00,5.51,0.00,5.51,5.66,0.00,5.66,PotentialField,
736,4.61,AgentPrefab,Agent,MoveState,Moving,Goal,11.00,0.00,11.00,5.52,0.00,5.52,5.66,0.00,5.66,PotentialField,
737,4.62,AgentPrefab,Agent,MoveState,Moving,Goal,11.00,0.00,11.00,5.53,0.00,5.53,5.66,0.00,5.66,PotentialField,
738,4.62,AgentPrefab,Agent,MoveState,Moving,Goal,11.00,0.00,11.00,5.54,0.00,5.54,5.66,0.00,5.66,PotentialField,
739,4.63,AgentPrefab,Agent,MoveState,Moving,Goal,11.00,0.00,11.00,5.55,0.00,5.55,5.66,0.00,5.66,PotentialField,
740,4.64,AgentPrefab,Agent,MoveState,Moving,Goal,11.00,0.00,11.00,5.56,0.00,5.56,5.66,0.00,5.66,PotentialField,
741,4.64,AgentPrefab,Agent,MoveState,Moving,Goal,11.00,0.00,11.00,5.57,0.00,5.57,5.66,0.00,5.66,PotentialField,
742,4.65,AgentPrefab,Agent,MoveState,Moving,Goal,11.00,0.00,11.00,5.58,0.00,5.58,5.66,0.00,5.66,PotentialField,
743,4.65,AgentPrefab,Agent,MoveState,Moving,Goal,11.00,0.00,11.00,5.58,0.00,5.58,5.66,0.00,5.66,PotentialField,
744,4.66,AgentPrefab,Agent,MoveState,Moving,Goal,11.00,0.00,11.00,5.58,0.00,5.58,5.66,0.00,5.66,PotentialField,
745,4.67,AgentPrefab,Agent,MoveState,Moving,Goal,11.00,0.00,11.00,5.58,0.00,5.58,5.66,0.00,5.66,PotentialField,
746,4.67,AgentPrefab,Agent,MoveState,Moving,Goal,11.00,0.00,11.00,5.58,0.00,5.58,5.66,0.00,5.66,PotentialField,
747,4.68,AgentPrefab,Agent,MoveState,Moving,Goal,11.00,0.00,11.00,5.58,0.00,5.58,5.66,0.00,5.66,PotentialField,
748,4.69,AgentPrefab,Agent,MoveState,Moving,Goal,11.00,0.00,11.00,5.58,0.00,5.58,5.66,0.00,5.66,PotentialField,
749,4.70,AgentPrefab,Agent,MoveState,Moving,Goal,11.00,0.00,11.00,5.58,0.00,5.58,5.66,0.00,5.66,PotentialField,
750,4.70,AgentPrefab,Agent,MoveState,Moving,Goal,11.00,0.00,11.00,5.58,0.00,5.58,5.66,0.00,5.66,PotentialField,
751,4.71,AgentPrefab,Agent,MoveState,Moving,Goal,11.00,0.00,11.00,5.58,0.00,5.58,5.66,0.00,5.66,PotentialField,
752,4.72,AgentPrefab,Agent,MoveState,Moving,Goal,11.00,0.00,11.00,5.58,0.00,5.58,5.66,0.00,5.66,PotentialField,
753,4.72,AgentPrefab,Agent,MoveState,Moving,Goal,11.00,0.00,11.00,5.58,0.00,5.58,5.66,0.00,5.66,PotentialField,
754,4.73,AgentPrefab,Agent,MoveState,Moving,Goal,11.00,0.00,11.00,5.58,0.00,5.58,5.66,0.00,5.66,PotentialField,
755,4.74,AgentPrefab,Agent,MoveState,Moving,Goal,11.00,0.00,11.00,5.58,0.00,5.58,5.66,0.00,5.66,PotentialField,
756,4.74,AgentPrefab,Agent,MoveState,Moving,Goal,11.00,0.00,11.00,5.58,0.00,5.58,5.66,0.00,5.66,PotentialField,
757,4.75,AgentPrefab,Agent,MoveState,Moving,Goal,11.00,0.00,11.00,5.58,0.00,5.58,5.66,0.00,5.66,PotentialField,
758,4.75,AgentPrefab,Agent,MoveState,Moving,Goal,11.00,0.00,11.00,5.58,0.00,5.58,5.66,0.00,5.66,PotentialField,
759,4.76,AgentPrefab,Agent,MoveState,Moving,Goal,11.00,0.00,11.00,5.58,0.00,5.58,5.66,0.00,5.66,PotentialField,
760,4.77,AgentPrefab,Agent,MoveState,Moving,Goal,11.00,0.00,11.00,5.58,0.00,5.58,5.66,0.00,5.66,PotentialField,
761,4.77,AgentPrefab,Agent,MoveState,Moving,Goal,11.00,0.00,11.00,5.58,0.00,5.58,5.66,0.00,5.66,PotentialField,
762,4.78,AgentPrefab,Agent,MoveState,Moving,Goal,11.00,0.00,11.00,5.58,0.00,5.58,5.66,0.00,5.66,PotentialField,
763,4.79,AgentPrefab,Agent,MoveState,Moving,Goal,11.00,0.00,11.00,5.58,0.00,5.58,5.66,0.00,5.66,PotentialField,
764,4.79,AgentPrefab,Agent,MoveState,Moving,Goal,11.00,0.00,11.00,5.58,0.00,5.58,5.66,0.00,5.66,PotentialField,
765,4.80,AgentPrefab,Agent,MoveState,Moving,Goal,11.00,0.00,11.00,5.58,0.00,5.58,5.66,0.00,5.66,PotentialField,
766,4.81,AgentPrefab,Agent,MoveState,Moving,Goal,11.00,0.00,11.00,5.58,0.00,5.58,5.66,0.00,5.66,PotentialField,
767,4.81,AgentPrefab,Agent,MoveState,Moving,Goal,11.00,0.00,11.00,5.58,0.00,5.58,5.66,0.00,5.66,PotentialField,
768,4.82,AgentPrefab,Agent,MoveState,Moving,Goal,11.00,0.00,11.00,5.58,0.00,5.58,5.66,0.00,5.66,PotentialField,
769,4.82,AgentPrefab,Agent,MoveState,Moving,Goal,11.00,0.00,11.00,5.58,0.00,5.58,5.66,0.00,5.66,PotentialField,
770,4.83,AgentPrefab,Agent,MoveState,Moving,Goal,11.00,0.00,11.00,5.58,0.00,5.58,5.66,0.00,5.66,PotentialField,
771,4.84,AgentPrefab,Agent,MoveState,Moving,Goal,11.00,0.00,11.00,5.58,0.00,5.58,5.66,0.00,5.66,PotentialField,
772,4.84,AgentPrefab,Agent,MoveState,Moving,Goal,11.00,0.00,11.00,5.58,0.00,5.58,5.66,0.00,5.66,PotentialField,
773,4.85,AgentPrefab,Agent,MoveState,Moving,Goal,11.00,0.00,11.00,5.58,0.00,5.58,5.66,0.00,5.66,PotentialField,
774,4.86,AgentPrefab,Agent,MoveState,Moving,Goal,11.00,0.00,11.00,5.58,0.00,5.58,5.66,0.00,5.66,PotentialField,
775,4.86,AgentPrefab,Agent,MoveState,Moving,Goal,11.00,0.00,11.00,5.58,0.00,5.58,5.66,0.00,5.66,PotentialField,
776,4.87,AgentPrefab,Agent,MoveState,Moving,Goal,11.00,0.00,11.00,5.58,0.00,5.58,5.66,0.00,5.66,PotentialField,
777,4.88,AgentPrefab,Agent,MoveState,Moving,Goal,11.00,0.00,11.00,5.58,0.00,5.58,5.66,0.00,5.66,PotentialField,
778,4.88,AgentPrefab,Agent,MoveState,Moving,Goal,11.00,0.00,11.00,5.58,0.00,5.58,5.66,0.00,5.66,PotentialField,
779,4.89,AgentPrefab,Agent,MoveState,Moving,Goal,11.00,0.00,11.00,5.58,0.00,5.58,5.66,0.00,5.66,PotentialField,
780,4.90,AgentPrefab,Agent,MoveState,Moving,Goal,11.00,0.00,11.00,5.58,0.00,5.58,5.66,0.00,5.66,PotentialField,
781,4.90,AgentPrefab,Agent,MoveState,Moving,Goal,11.00,0.00,11.00,5.58,0.00,5.58,5.66,0.00,5.66,PotentialField,
782,4.91,AgentPrefab,Agent,MoveState,Moving,Goal,11.00,0.00,11.00,5.58,0.00,5.58,5.66,0.00,5.66,PotentialField,
783,4.92,AgentPrefab,Agent,MoveState,Moving,Goal,11.00,0.00,11.00,5.58,0.00,5.58,5.66,0.00,5.66,PotentialField,
784,4.92,AgentPrefab,Agent,MoveState,Moving,Goal,11.00,0.00,11.00,5.58,0.00,5.58,5.66,0.00,5.66,PotentialField,
785,4.93,AgentPrefab,Agent,MoveState,Moving,Goal,11.00,0.00,11.00,5.58,0.00,5.58,5.66,0.00,5.66,PotentialField,
786,4.94,AgentPrefab,Agent,MoveState,Moving,Goal,11.00,0.00,11.00,5.58,0.00,5.58,5.66,0.00,5.66,PotentialField,
787,4.94,AgentPrefab,Agent,MoveState,Moving,Goal,11.00,0.00,11.00,5.58,0.00,5.58,5.66,0.00,5.66,PotentialField,
788,4.95,AgentPrefab,Agent,MoveState,Moving,Goal,11.00,0.00,11.00,5.58,0.00,5.58,5.66,0.00,5.66,PotentialField,
789,4.95,AgentPrefab,Agent,MoveState,Moving,Goal,11.00,0.00,11.00,5.58,0.00,5.58,5.66,0.00,5.66,PotentialField,
790,4.96,AgentPrefab,Agent,MoveState,Moving,Goal,11.00,0.00,11.00,5.58,0.00,5.58,5.66,0.00,5.66,PotentialField,
791,4.97,AgentPrefab,Agent,MoveState,Moving,Goal,11.00,0.00,11.00,5.58,0.00,5.58,5.66,0.00,5.66,PotentialField,
792,4.97,AgentPrefab,Agent,MoveState,Moving,Goal,11.00,0.00,11.00,5.58,0.00,5.58,5.66,0.00,5.66,PotentialField,
793,4.98,AgentPrefab,Agent,MoveState,Moving,Goal,11.00,0.00,11.00,5.58,0.00,5.58,5.66,0.00,5.66,PotentialField,
794,4.99,AgentPrefab,Agent,MoveState,Moving,Goal,11.00,0.00,11.00,5.58,0.00,5.58,5.66,0.00,5.66,PotentialField,
795,4.99,AgentPrefab,Agent,MoveState,Moving,Goal,11.00,0.00,11.00,5.58,0.00,5.58,5.66,0.00,5.66,PotentialField,
796,5.00,AgentPrefab,Agent,MoveState,Moving,Goal,11.00,0.00,11.00,5.58,0.00,5.58,5.66,0.00,5.66,PotentialField,
797,5.01,AgentPrefab,Agent,MoveState,Moving,Goal,11.00,0.00,11.00,5.58,0.00,5.58,5.66,0.00,5.66,PotentialField,
798,5.01,AgentPrefab,Agent,MoveState,Moving,Goal,11.00,0.00,11.00,5.58,0.00,5.58,5.66,0.00,5.66,PotentialField,
799,5.02,AgentPrefab,Agent,MoveState,Moving,Goal,11.00,0.00,11.00,5.58,0.00,5.58,5.66,0.00,5.66,PotentialField,
800,5.03,AgentPrefab,Agent,MoveState,Moving,Goal,11.00,0.00,11.00,5.58,0.00,5.58,5.66,0.00,5.66,PotentialField,
801,5.03,AgentPrefab,Agent,MoveState,Moving,Goal,11.00,0.00,11.00,5.58,0.00,5.58,5.66,0.00,5.66,PotentialField,
802,5.04,AgentPrefab,Agent,MoveState,Moving,Goal,11.00,0.00,11.00,5.58,0.00,5.58,5.66,0.00,5.66,PotentialField,
803,5.05,AgentPrefab,Agent,MoveState,Moving,Goal,11.00,0.00,11.00,5.58,0.00,5.58,5.66,0.00,5.66,PotentialField,
804,5.05,AgentPrefab,Agent,MoveState,Moving,Goal,11.00,0.00,11.00,5.58,0.00,5.58,5.66,0.00,5.66,PotentialField,
805,5.06,AgentPrefab,Agent,MoveState,Moving,Goal,11.00,0.00,11.00,5.58,0.00,5.58,5.66,0.00,5.66,PotentialField,
806,5.07,AgentPrefab,Agent,MoveState,Moving,Goal,11.00,0.00,11.00,5.58,0.00,5.58,5.66,0.00,5.66,PotentialField,
807,5.07,AgentPrefab,Agent,MoveState,Moving,Goal,11.00,0.00,11.00,5.58,0.00,5.58,5.66,0.00,5.66,PotentialField,
808,5.08,AgentPrefab,Agent,MoveState,Moving,Goal,11.00,0.00,11.00,5.58,0.00,5.58,5.66,0.00,5.66,PotentialField,
809,5.09,AgentPrefab,Agent,MoveState,Moving,Goal,11.00,0.00,11.00,5.58,0.00,5.58,5.66,0.00,5.66,PotentialField,
810,5.09,AgentPrefab,Agent,MoveState,Moving,Goal,11.00,0.00,11.00,5.58,0.00,5.58,5.66,0.00,5.66,PotentialField,
811,5.10,AgentPrefab,Agent,MoveState,Moving,Goal,11.00,0.00,11.00,5.58,0.00,5.58,5.66,0.00,5.66,PotentialField,
812,5.11,AgentPrefab,Agent,MoveState,Moving,Goal,11.00,0.00,11.00,5.58,0.00,5.58,5.66,0.00,5.66,PotentialField,
813,5.11,AgentPrefab,Agent,MoveState,Moving,Goal,11.00,0.00,11.00,5.58,0.00,5.58,5.66,0.00,5.66,PotentialField,
814,5.12,AgentPrefab,Agent,MoveState,Moving,Goal,11.00,0.00,11.00,5.58,0.00,5.58,5.66,0.00,5.66,PotentialField,
815,5.12,AgentPrefab,Agent,MoveState,Moving,Goal,11.00,0.00,11.00,5.58,0.00,5.58,5.66,0.00,5.66,PotentialField,
816,5.13,AgentPrefab,Agent,MoveState,Moving,Goal,11.00,0.00,11.00,5.58,0.00,5.58,5.66,0.00,5.66,PotentialField,
817,5.14,AgentPrefab,Agent,MoveState,Moving,Goal,11.00,0.00,11.00,5.58,0.00,5.58,5.66,0.00,5.66,PotentialField,
818,5.14,AgentPrefab,Agent,MoveState,Moving,Goal,11.00,0.00,11.00,5.58,0.00,5.58,5.66,0.00,5.66,PotentialField,
819,5.15,AgentPrefab,Agent,MoveState,Moving,Goal,11.00,0.00,11.00,5.58,0.00,5.58,5.66,0.00,5.66,PotentialField,
820,5.16,AgentPrefab,Agent,MoveState,Moving,Goal,11.00,0.00,11.00,5.58,0.00,5.58,5.66,0.00,5.66,PotentialField,
821,5.16,AgentPrefab,Agent,MoveState,Moving,Goal,11.00,0.00,11.00,5.58,0.00,5.58,5.66,0.00,5.66,PotentialField,
822,5.17,AgentPrefab,Agent,MoveState,Moving,Goal,11.00,0.00,11.00,5.58,0.00,5.58,5.66,0.00,5.66,PotentialField,
823,5.17,AgentPrefab,Agent,MoveState,Moving,Goal,11.00,0.00,11.00,5.58,0.00,5.58,5.66,0.00,5.66,PotentialField,
824,5.18,AgentPrefab,Agent,MoveState,Moving,Goal,11.00,0.00,11.00,5.58,0.00,5.58,5.66,0.00,5.66,PotentialField,
825,5.19,AgentPrefab,Agent,MoveState,Moving,Goal,11.00,0.00,11.00,5.58,0.00,5.58,5.66,0.00,5.66,PotentialField,
826,5.19,AgentPrefab,Agent,MoveState,Moving,Goal,11.00,0.00,11.00,5.58,0.00,5.58,5.66,0.00,5.66,PotentialField,
827,5.20,AgentPrefab,Agent,MoveState,Moving,Goal,11.00,0.00,11.00,5.58,0.00,5.58,5.66,0.00,5.66,PotentialField,
828,5.21,AgentPrefab,Agent,MoveState,Moving,Goal,11.00,0.00,11.00,5.58,0.00,5.58,5.66,0.00,5.66,PotentialField,
829,5.22,AgentPrefab,Agent,MoveState,Moving,Goal,11.00,0.00,11.00,5.58,0.00,5.58,5.66,0.00,5.66,PotentialField,
830,5.22,AgentPrefab,Agent,MoveState,Moving,Goal,11.00,0.00,11.00,5.58,0.00,5.58,5.66,0.00,5.66,PotentialField,
831,5.23,AgentPrefab,Agent,MoveState,Moving,Goal,11.00,0.00,11.00,5.58,0.00,5.58,5.66,0.00,5.66,PotentialField,
832,5.24,AgentPrefab,Agent,MoveState,Moving,Goal,11.00,0.00,11.00,5.58,0.00,5.58,5.66,0.00,5.66,PotentialField,
833,5.24,AgentPrefab,Agent,MoveState,Moving,Goal,11.00,0.00,11.00,5.58,0.00,5.58,5.66,0.00,5.66,PotentialField,
834,5.25,AgentPrefab,Agent,MoveState,Moving,Goal,11.00,0.00,11.00,5.58,0.00,5.58,5.66,0.00,5.66,PotentialField,
835,5.26,AgentPrefab,Agent,MoveState,Moving,Goal,11.00,0.00,11.00,5.58,0.00,5.58,5.66,0.00,5.66,PotentialField,
836,5.26,AgentPrefab,Agent,MoveState,Moving,Goal,11.00,0.00,11.00,5.58,0.00,5.58,5.66,0.00,5.66,PotentialField,
837,5.27,AgentPrefab,Agent,MoveState,Moving,Goal,11.00,0.00,11.00,5.58,0.00,5.58,5.66,0.00,5.66,PotentialField,
838,5.28,AgentPrefab,Agent,MoveState,Moving,Goal,11.00,0.00,11.00,5.58,0.00,5.58,5.66,0.00,5.66,PotentialField,
839,5.28,AgentPrefab,Agent,MoveState,Moving,Goal,11.00,0.00,11.00,5.58,0.00,5.58,5.66,0.00,5.66,PotentialField,
840,5.29,AgentPrefab,Agent,MoveState,Moving,Goal,11.00,0.00,11.00,5.58,0.00,5.58,5.66,0.00,5.66,PotentialField,
841,5.30,AgentPrefab,Agent,MoveState,Moving,Goal,11.00,0.00,11.00,5.58,0.00,5.58,5.66,0.00,5.66,PotentialField,
842,5.30,AgentPrefab,Agent,MoveState,Moving,Goal,11.00,0.00,11.00,5.58,0.00,5.58,5.66,0.00,5.66,PotentialField,
843,5.31,AgentPrefab,Agent,MoveState,Moving,Goal,11.00,0.00,11.00,5.58,0.00,5.58,5.66,0.00,5.66,PotentialField,
844,5.31,AgentPrefab,Agent,MoveState,Moving,Goal,11.00,0.00,11.00,5.58,0.00,5.58,5.66,0.00,5.66,PotentialField,
845,5.32,AgentPrefab,Agent,MoveState,Moving,Goal,11.00,0.00,11.00,5.58,0.00,5.58,5.66,0.00,5.66,PotentialField,
846,5.33,AgentPrefab,Agent,MoveState,Moving,Goal,11.00,0.00,11.00,5.58,0.00,5.58,5.66,0.00,5.66,PotentialField,
847,5.33,AgentPrefab,Agent,MoveState,Moving,Goal,11.00,0.00,11.00,5.58,0.00,5.58,5.66,0.00,5.66,PotentialField,
848,5.34,AgentPrefab,Agent,MoveState,Moving,Goal,11.00,0.00,11.00,5.58,0.00,5.58,5.66,0.00,5.66,PotentialField,
849,5.35,AgentPrefab,Agent,MoveState,Moving,Goal,11.00,0.00,11.00,5.58,0.00,5.58,5.66,0.00,5.66,PotentialField,
850,5.35,AgentPrefab,Agent,MoveState,Moving,Goal,11.00,0.00,11.00,5.58,0.00,5.58,5.66,0.00,5.66,PotentialField,
851,5.36,AgentPrefab,Agent,MoveState,Moving,Goal,11.00,0.00,11.00,5.58,0.00,5.58,5.66,0.00,5.66,PotentialField,
852,5.37,AgentPrefab,Agent,MoveState,Moving,Goal,11.00,0.00,11.00,5.58,0.00,5.58,5.66,0.00,5.66,PotentialField,
853,5.37,AgentPrefab,Agent,MoveState,Moving,Goal,11.00,0.00,11.00,5.58,0.00,5.58,5.66,0.00,5.66,PotentialField,
854,5.38,AgentPrefab,Agent,MoveState,Moving,Goal,11.00,0.00,11.00,5.58,0.00,5.58,5.66,0.00,5.66,PotentialField,
855,5.39,AgentPrefab,Agent,MoveState,Moving,Goal,11.00,0.00,11.00,5.58,0.00,5.58,5.66,0.00,5.66,PotentialField,
856,5.39,AgentPrefab,Agent,MoveState,Moving,Goal,11.00,0.00,11.00,5.58,0.00,5.58,5.66,0.00,5.66,PotentialField,
857,5.40,AgentPrefab,Agent,MoveState,Moving,Goal,11.00,0.00,11.00,5.58,0.00,5.58,5.66,0.00,5.66,PotentialField,
858,5.41,AgentPrefab,Agent,MoveState,Moving,Goal,11.00,0.00,11.00,5.58,0.00,5.58,5.66,0.00,5.66,PotentialField,
859,5.41,AgentPrefab,Agent,MoveState,Moving,Goal,11.00,0.00,11.00,5.58,0.00,5.58,5.66,0.00,5.66,PotentialField,
860,5.42,AgentPrefab,Agent,MoveState,Moving,Goal,11.00,0.00,11.00,5.58,0.00,5.58,5.66,0.00,5.66,PotentialField,
861,5.43,AgentPrefab,Agent,MoveState,Moving,Goal,11.00,0.00,11.00,5.58,0.00,5.58,5.66,0.00,5.66,PotentialField,
862,5.43,AgentPrefab,Agent,MoveState,Moving,Goal,11.00,0.00,11.00,5.58,0.00,5.58,5.66,0.00,5.66,PotentialField,
863,5.44,AgentPrefab,Agent,MoveState,Moving,Goal,11.00,0.00,11.00,5.58,0.00,5.58,5.66,0.00,5.66,PotentialField,
864,5.45,AgentPrefab,Agent,MoveState,Moving,Goal,11.00,0.00,11.00,5.58,0.00,5.58,5.66,0.00,5.66,PotentialField,
865,5.45,AgentPrefab,Agent,MoveState,Moving,Goal,11.00,0.00,11.00,5.58,0.00,5.58,5.66,0.00,5.66,PotentialField,
866,5.46,AgentPrefab,Agent,MoveState,Moving,Goal,11.00,0.00,11.00,5.58,0.00,5.58,5.66,0.00,5.66,PotentialField,
867,5.47,AgentPrefab,Agent,MoveState,Moving,Goal,11.00,0.00,11.00,5.58,0.00,5.58,5.66,0.00,5.66,PotentialField,
868,5.47,AgentPrefab,Agent,MoveState,Moving,Goal,11.00,0.00,11.00,5.58,0.00,5.58,5.66,0.00,5.66,PotentialField,
869,5.48,AgentPrefab,Agent,MoveState,Moving,Goal,11.00,0.00,11.00,5.58,0.00,5.58,5.66,0.00,5.66,PotentialField,
870,5.49,AgentPrefab,Agent,MoveState,Moving,Goal,11.00,0.00,11.00,5.58,0.00,5.58,5.66,0.00,5.66,PotentialField,
871,5.49,AgentPrefab,Agent,MoveState,Moving,Goal,11.00,0.00,11.00,5.58,0.00,5.58,5.66,0.00,5.66,PotentialField,
872,5.50,AgentPrefab,Agent,MoveState,Moving,Goal,11.00,0.00,11.00,5.58,0.00,5.58,5.66,0.00,5.66,PotentialField,
873,5.50,AgentPrefab,Agent,MoveState,Moving,Goal,11.00,0.00,11.00,5.58,0.00,5.58,5.66,0.00,5.66,PotentialField,
874,5.51,AgentPrefab,Agent,MoveState,Moving,Goal,11.00,0.00,11.00,5.58,0.00,5.58,5.66,0.00,5.66,PotentialField,
875,5.52,AgentPrefab,Agent,MoveState,Moving,Goal,11.00,0.00,11.00,5.58,0.00,5.58,5.66,0.00,5.66,PotentialField,
876,5.52,AgentPrefab,Agent,MoveState,Moving,Goal,11.00,0.00,11.00,5.58,0.00,5.58,5.66,0.00,5.66,PotentialField,
877,5.53,AgentPrefab,Agent,MoveState,Moving,Goal,11.00,0.00,11.00,5.58,0.00,5.58,5.66,0.00,5.66,PotentialField,
878,5.54,AgentPrefab,Agent,MoveState,Moving,Goal,11.00,0.00,11.00,5.58,0.00,5.58,5.66,0.00,5.66,PotentialField,
879,5.54,AgentPrefab,Agent,MoveState,Moving,Goal,11.00,0.00,11.00,5.58,0.00,5.58,5.66,0.00,5.66,PotentialField,
880,5.55,AgentPrefab,Agent,MoveState,Moving,Goal,11.00,0.00,11.00,5.58,0.00,5.58,5.66,0.00,5.66,PotentialField,
881,5.56,AgentPrefab,Agent,MoveState,Moving,Goal,11.00,0.00,11.00,5.58,0.00,5.58,5.66,0.00,5.66,PotentialField,
882,5.57,AgentPrefab,Agent,MoveState,Moving,Goal,11.00,0.00,11.00,5.58,0.00,5.58,5.66,0.00,5.66,PotentialField,
883,5.57,AgentPrefab,Agent,MoveState,Moving,Goal,11.00,0.00,11.00,5.58,0.00,5.58,5.66,0.00,5.66,PotentialField,
884,5.58,AgentPrefab,Agent,MoveState,Moving,Goal,11.00,0.00,11.00,5.58,0.00,5.58,5.66,0.00,5.66,PotentialField,
885,5.58,AgentPrefab,Agent,MoveState,Moving,Goal,11.00,0.00,11.00,5.58,0.00,5.58,5.66,0.00,5.66,PotentialField,
886,5.59,AgentPrefab,Agent,MoveState,Moving,Goal,11.00,0.00,11.00,5.58,0.00,5.58,5.66,0.00,5.66,PotentialField,
887,5.60,AgentPrefab,Agent,MoveState,Moving,Goal,11.00,0.00,11.00,5.58,0.00,5.58,5.66,0.00,5.66,PotentialField,
888,5.60,AgentPrefab,Agent,MoveState,Moving,Goal,11.00,0.00,11.00,5.58,0.00,5.58,5.66,0.00,5.66,PotentialField,
889,5.61,AgentPrefab,Agent,MoveState,Moving,Goal,11.00,0.00,11.00,5.58,0.00,5.58,5.66,0.00,5.66,PotentialField,
890,5.62,AgentPrefab,Agent,MoveState,Moving,Goal,11.00,0.00,11.00,5.58,0.00,5.58,5.66,0.00,5.66,PotentialField,
891,5.62,AgentPrefab,Agent,MoveState,Moving,Goal,11.00,0.00,11.00,5.58,0.00,5.58,5.66,0.00,5.66,PotentialField,
892,5.63,AgentPrefab,Agent,MoveState,Moving,Goal,11.00,0.00,11.00,5.58,0.00,5.58,5.66,0.00,5.66,PotentialField,
893,5.64,AgentPrefab,Agent,MoveState,Moving,Goal,11.00,0.00,11.00,5.58,0.00,5.58,5.66,0.00,5.66,PotentialField,
894,5.64,AgentPrefab,Agent,MoveState,Moving,Goal,11.00,0.00,11.00,5.58,0.00,5.58,5.66,0.00,5.66,PotentialField,
895,5.65,AgentPrefab,Agent,MoveState,Moving,Goal,11.00,0.00,11.00,5.58,0.00,5.58,5.66,0.00,5.66,PotentialField,
896,5.65,AgentPrefab,Agent,SearchState,Searching,Goal,11.00,0.00,11.00,5.58,0.00,5.58,5.66,0.00,5.66,PotentialField,
896,5.65,AgentPrefab,Agent,MoveState,Moving,Goal,11.00,0.00,11.00,5.58,0.00,5.58,5.66,0.00,5.66,PotentialField,
897,5.67,AgentPrefab,Agent,MoveState,Moving,Goal,11.00,0.00,11.00,5.58,0.00,5.58,5.66,0.00,5.66,PotentialField,
898,5.67,AgentPrefab,Agent,MoveState,Moving,Goal,11.00,0.00,11.00,5.58,0.00,5.58,5.66,0.00,5.66,PotentialField,
899,5.68,AgentPrefab,Agent,MoveState,Moving,Goal,11.00,0.00,11.00,5.58,0.00,5.58,5.66,0.00,5.66,PotentialField,
900,5.69,AgentPrefab,Agent,MoveState,Moving,Goal,11.00,0.00,11.00,5.58,0.00,5.58,5.66,0.00,5.66,PotentialField,
901,5.69,AgentPrefab,Agent,MoveState,Moving,Goal,11.00,0.00,11.00,5.58,0.00,5.58,5.66,0.00,5.66,PotentialField,
902,5.70,AgentPrefab,Agent,MoveState,Moving,Goal,11.00,0.00,11.00,5.58,0.00,5.58,5.66,0.00,5.66,PotentialField,
903,5.71,AgentPrefab,Agent,MoveState,Moving,Goal,11.00,0.00,11.00,5.58,0.00,5.58,5.66,0.00,5.66,PotentialField,
904,5.71,AgentPrefab,Agent,MoveState,Moving,Goal,11.00,0.00,11.00,5.58,0.00,5.58,5.66,0.00,5.66,PotentialField,
905,5.72,AgentPrefab,Agent,MoveState,Moving,Goal,11.00,0.00,11.00,5.58,0.00,5.58,5.66,0.00,5.66,PotentialField,
906,5.72,AgentPrefab,Agent,MoveState,Moving,Goal,11.00,0.00,11.00,5.58,0.00,5.58,5.66,0.00,5.66,PotentialField,
907,5.73,AgentPrefab,Agent,MoveState,Moving,Goal,11.00,0.00,11.00,5.58,0.00,5.58,5.66,0.00,5.66,PotentialField,
908,5.74,AgentPrefab,Agent,MoveState,Moving,Goal,11.00,0.00,11.00,5.58,0.00,5.58,5.66,0.00,5.66,PotentialField,
909,5.74,AgentPrefab,Agent,MoveState,Moving,Goal,11.00,0.00,11.00,5.58,0.00,5.58,5.66,0.00,5.66,PotentialField,
910,5.75,AgentPrefab,Agent,MoveState,Moving,Goal,11.00,0.00,11.00,5.58,0.00,5.58,5.66,0.00,5.66,PotentialField,
911,5.76,AgentPrefab,Agent,MoveState,Moving,Goal,11.00,0.00,11.00,5.58,0.00,5.58,5.66,0.00,5.66,PotentialField,
912,5.76,AgentPrefab,Agent,MoveState,Moving,Goal,11.00,0.00,11.00,5.58,0.00,5.58,5.66,0.00,5.66,PotentialField,
913,5.77,AgentPrefab,Agent,MoveState,Moving,Goal,11.00,0.00,11.00,5.58,0.00,5.58,5.66,0.00,5.66,PotentialField,
914,5.78,AgentPrefab,Agent,MoveState,Moving,Goal,11.00,0.00,11.00,5.58,0.00,5.58,5.66,0.00,5.66,PotentialField,
915,5.78,AgentPrefab,Agent,MoveState,Moving,Goal,11.00,0.00,11.00,5.58,0.00,5.58,5.66,0.00,5.66,PotentialField,
916,5.79,AgentPrefab,Agent,MoveState,Moving,Goal,11.00,0.00,11.00,5.58,0.00,5.58,5.66,0.00,5.66,PotentialField,
917,5.79,AgentPrefab,Agent,MoveState,Moving,Goal,11.00,0.00,11.00,5.58,0.00,5.58,5.66,0.00,5.66,PotentialField,
918,5.80,AgentPrefab,Agent,MoveState,Moving,Goal,11.00,0.00,11.00,5.58,0.00,5.58,5.66,0.00,5.66,PotentialField,
919,5.82,AgentPrefab,Agent,MoveState,Moving,Goal,11.00,0.00,11.00,5.58,0.00,5.58,5.66,0.00,5.66,PotentialField,
920,5.83,AgentPrefab,Agent,MoveState,Moving,Goal,11.00,0.00,11.00,5.58,0.00,5.58,5.66,0.00,5.66,PotentialField,
921,5.83,AgentPrefab,Agent,MoveState,Moving,Goal,11.00,0.00,11.00,5.58,0.00,5.58,5.66,0.00,5.66,PotentialField,
922,5.84,AgentPrefab,Agent,MoveState,Moving,Goal,11.00,0.00,11.00,5.58,0.00,5.58,5.66,0.00,5.66,PotentialField,
923,5.85,AgentPrefab,Agent,MoveState,Moving,Goal,11.00,0.00,11.00,5.58,0.00,5.58,5.66,0.00,5.66,PotentialField,
924,5.85,AgentPrefab,Agent,MoveState,Moving,Goal,11.00,0.00,11.00,5.58,0.00,5.58,5.66,0.00,5.66,PotentialField,
925,5.86,AgentPrefab,Agent,MoveState,Moving,Goal,11.00,0.00,11.00,5.58,0.00,5.58,5.66,0.00,5.66,PotentialField,
926,5.87,AgentPrefab,Agent,MoveState,Moving,Goal,11.00,0.00,11.00,5.58,0.00,5.58,5.66,0.00,5.66,PotentialField,
927,5.87,AgentPrefab,Agent,MoveState,Moving,Goal,11.00,0.00,11.00,5.58,0.00,5.58,5.66,0.00,5.66,PotentialField,
928,5.88,AgentPrefab,Agent,MoveState,Moving,Goal,11.00,0.00,11.00,5.58,0.00,5.58,5.66,0.00,5.66,PotentialField,
929,5.89,AgentPrefab,Agent,MoveState,Moving,Goal,11.00,0.00,11.00,5.58,0.00,5.58,5.66,0.00,5.66,PotentialField,
930,5.90,AgentPrefab,Agent,MoveState,Moving,Goal,11.00,0.00,11.00,5.58,0.00,5.58,5.66,0.00,5.66,PotentialField,
931,5.90,AgentPrefab,Agent,MoveState,Moving,Goal,11.00,0.00,11.00,5.58,0.00,5.58,5.66,0.00,5.66,PotentialField,
932,5.91,AgentPrefab,Agent,MoveState,Moving,Goal,11.00,0.00,11.00,5.58,0.00,5.58,5.66,0.00,5.66,PotentialField,
933,5.92,AgentPrefab,Agent,MoveState,Moving,Goal,11.00,0.00,11.00,5.58,0.00,5.58,5.66,0.00,5.66,PotentialField,
934,5.92,AgentPrefab,Agent,MoveState,Moving,Goal,11.00,0.00,11.00,5.58,0.00,5.58,5.66,0.00,5.66,PotentialField,
935,5.93,AgentPrefab,Agent,MoveState,Moving,Goal,11.00,0.00,11.00,5.58,0.00,5.58,5.66,0.00,5.66,PotentialField,
936,5.94,AgentPrefab,Agent,MoveState,Moving,Goal,11.00,0.00,11.00,5.58,0.00,5.58,5.66,0.00,5.66,PotentialField,
937,5.94,AgentPrefab,Agent,MoveState,Moving,Goal,11.00,0.00,11.00,5.58,0.00,5.58,5.66,0.00,5.66,PotentialField,
938,5.95,AgentPrefab,Agent,MoveState,Moving,Goal,11.00,0.00,11.00,5.58,0.00,5.58,5.66,0.00,5.66,PotentialField,
939,5.96,AgentPrefab,Agent,MoveState,Moving,Goal,11.00,0.00,11.00,5.58,0.00,5.58,5.66,0.00,5.66,PotentialField,
940,5.96,AgentPrefab,Agent,MoveState,Moving,Goal,11.00,0.00,11.00,5.58,0.00,5.58,5.66,0.00,5.66,PotentialField,
941,5.97,AgentPrefab,Agent,MoveState,Moving,Goal,11.00,0.00,11.00,5.58,0.00,5.58,5.66,0.00,5.66,PotentialField,
942,5.98,AgentPrefab,Agent,MoveState,Moving,Goal,11.00,0.00,11.00,5.58,0.00,5.58,5.66,0.00,5.66,PotentialField,
943,5.98,AgentPrefab,Agent,MoveState,Moving,Goal,11.00,0.00,11.00,5.58,0.00,5.58,5.66,0.00,5.66,PotentialField,
944,5.99,AgentPrefab,Agent,MoveState,Moving,Goal,11.00,0.00,11.00,5.59,0.00,5.59,5.66,0.00,5.66,PotentialField,
945,6.00,AgentPrefab,Agent,MoveState,Moving,Goal,11.00,0.00,11.00,5.60,0.00,5.60,5.66,0.00,5.66,PotentialField,
946,6.00,AgentPrefab,Agent,MoveState,Moving,Goal,11.00,0.00,11.00,5.61,0.00,5.61,5.66,0.00,5.66,PotentialField,
947,6.01,AgentPrefab,Agent,MoveState,Moving,Goal,11.00,0.00,11.00,5.62,0.00,5.62,5.66,0.00,5.66,PotentialField,
948,6.02,AgentPrefab,Agent,MoveState,Moving,Goal,11.00,0.00,11.00,5.66,0.00,5.66,6.01,0.00,6.01,PotentialField,
949,6.02,AgentPrefab,Agent,MoveState,Moving,Goal,11.00,0.00,11.00,5.67,0.00,5.67,6.01,0.00,6.01,PotentialField,
950,6.03,AgentPrefab,Agent,MoveState,Moving,Goal,11.00,0.00,11.00,5.68,0.00,5.68,6.01,0.00,6.01,PotentialField,
951,6.04,AgentPrefab,Agent,MoveState,Moving,Goal,11.00,0.00,11.00,5.69,0.00,5.69,6.01,0.00,6.01,PotentialField,
952,6.04,AgentPrefab,Agent,MoveState,Moving,Goal,11.00,0.00,11.00,5.70,0.00,5.70,6.01,0.00,6.01,PotentialField,
953,6.05,AgentPrefab,Agent,MoveState,Moving,Goal,11.00,0.00,11.00,5.71,0.00,5.71,6.01,0.00,6.01,PotentialField,
954,6.06,AgentPrefab,Agent,MoveState,Moving,Goal,11.00,0.00,11.00,5.72,0.00,5.72,6.01,0.00,6.01,PotentialField,
955,6.06,AgentPrefab,Agent,MoveState,Moving,Goal,11.00,0.00,11.00,5.73,0.00,5.73,6.01,0.00,6.01,PotentialField,
956,6.07,AgentPrefab,Agent,MoveState,Moving,Goal,11.00,0.00,11.00,5.73,0.00,5.73,6.01,0.00,6.01,PotentialField,
957,6.08,AgentPrefab,Agent,MoveState,Moving,Goal,11.00,0.00,11.00,5.74,0.00,5.74,6.01,0.00,6.01,PotentialField,
958,6.08,AgentPrefab,Agent,MoveState,Moving,Goal,11.00,0.00,11.00,5.75,0.00,5.75,6.01,0.00,6.01,PotentialField,
959,6.09,AgentPrefab,Agent,MoveState,Moving,Goal,11.00,0.00,11.00,5.76,0.00,5.76,6.01,0.00,6.01,PotentialField,
960,6.10,AgentPrefab,Agent,MoveState,Moving,Goal,11.00,0.00,11.00,5.77,0.00,5.77,6.01,0.00,6.01,PotentialField,
961,6.10,AgentPrefab,Agent,MoveState,Moving,Goal,11.00,0.00,11.00,5.78,0.00,5.78,6.01,0.00,6.01,PotentialField,
962,6.11,AgentPrefab,Agent,MoveState,Moving,Goal,11.00,0.00,11.00,5.79,0.00,5.79,6.01,0.00,6.01,PotentialField,
963,6.12,AgentPrefab,Agent,MoveState,Moving,Goal,11.00,0.00,11.00,5.80,0.00,5.80,6.01,0.00,6.01,PotentialField,
964,6.12,AgentPrefab,Agent,MoveState,Moving,Goal,11.00,0.00,11.00,5.81,0.00,5.81,6.01,0.00,6.01,PotentialField,
965,6.14,AgentPrefab,Agent,MoveState,Moving,Goal,11.00,0.00,11.00,5.82,0.00,5.82,6.01,0.00,6.01,PotentialField,
966,6.15,AgentPrefab,Agent,MoveState,Moving,Goal,11.00,0.00,11.00,5.84,0.00,5.84,6.01,0.00,6.01,PotentialField,
967,6.15,AgentPrefab,Agent,MoveState,Moving,Goal,11.00,0.00,11.00,5.86,0.00,5.86,6.01,0.00,6.01,PotentialField,
968,6.16,AgentPrefab,Agent,MoveState,Moving,Goal,11.00,0.00,11.00,5.86,0.00,5.86,6.01,0.00,6.01,PotentialField,
969,6.17,AgentPrefab,Agent,MoveState,Moving,Goal,11.00,0.00,11.00,5.87,0.00,5.87,6.01,0.00,6.01,PotentialField,
970,6.17,AgentPrefab,Agent,MoveState,Moving,Goal,11.00,0.00,11.00,5.88,0.00,5.88,6.01,0.00,6.01,PotentialField,
971,6.18,AgentPrefab,Agent,MoveState,Moving,Goal,11.00,0.00,11.00,5.89,0.00,5.89,6.01,0.00,6.01,PotentialField,
972,6.19,AgentPrefab,Agent,MoveState,Moving,Goal,11.00,0.00,11.00,5.90,0.00,5.90,6.01,0.00,6.01,PotentialField,
973,6.19,AgentPrefab,Agent,MoveState,Moving,Goal,11.00,0.00,11.00,5.91,0.00,5.91,6.01,0.00,6.01,PotentialField,
974,6.20,AgentPrefab,Agent,MoveState,Moving,Goal,11.00,0.00,11.00,5.92,0.00,5.92,6.01,0.00,6.01,PotentialField,
975,6.21,AgentPrefab,Agent,MoveState,Moving,Goal,11.00,0.00,11.00,5.93,0.00,5.93,6.01,0.00,6.01,PotentialField,
976,6.21,AgentPrefab,Agent,MoveState,Moving,Goal,11.00,0.00,11.00,5.94,0.00,5.94,6.01,0.00,6.01,PotentialField,
977,6.22,AgentPrefab,Agent,MoveState,Moving,Goal,11.00,0.00,11.00,5.95,0.00,5.95,6.01,0.00,6.01,PotentialField,
978,6.23,AgentPrefab,Agent,MoveState,Moving,Goal,11.00,0.00,11.00,5.96,0.00,5.96,6.01,0.00,6.01,PotentialField,
979,6.23,AgentPrefab,Agent,MoveState,Moving,Goal,11.00,0.00,11.00,5.97,0.00,5.97,6.01,0.00,6.01,PotentialField,
980,6.24,AgentPrefab,Agent,MoveState,Moving,Goal,11.00,0.00,11.00,6.01,0.00,6.01,6.36,0.00,6.36,PotentialField,
981,6.25,AgentPrefab,Agent,MoveState,Moving,Goal,11.00,0.00,11.00,6.02,0.00,6.02,6.36,0.00,6.36,PotentialField,
982,6.25,AgentPrefab,Agent,MoveState,Moving,Goal,11.00,0.00,11.00,6.03,0.00,6.03,6.36,0.00,6.36,PotentialField,
983,6.26,AgentPrefab,Agent,MoveState,Moving,Goal,11.00,0.00,11.00,6.04,0.00,6.04,6.36,0.00,6.36,PotentialField,
984,6.27,AgentPrefab,Agent,MoveState,Moving,Goal,11.00,0.00,11.00,6.05,0.00,6.05,6.36,0.00,6.36,PotentialField,
985,6.27,AgentPrefab,Agent,MoveState,Moving,Goal,11.00,0.00,11.00,6.06,0.00,6.06,6.36,0.00,6.36,PotentialField,
986,6.28,AgentPrefab,Agent,MoveState,Moving,Goal,11.00,0.00,11.00,6.06,0.00,6.06,6.36,0.00,6.36,PotentialField,
987,6.29,AgentPrefab,Agent,MoveState,Moving,Goal,11.00,0.00,11.00,6.07,0.00,6.07,6.36,0.00,6.36,PotentialField,
988,6.29,AgentPrefab,Agent,MoveState,Moving,Goal,11.00,0.00,11.00,6.08,0.00,6.08,6.36,0.00,6.36,PotentialField,
989,6.30,AgentPrefab,Agent,MoveState,Moving,Goal,11.00,0.00,11.00,6.09,0.00,6.09,6.36,0.00,6.36,PotentialField,
990,6.31,AgentPrefab,Agent,MoveState,Moving,Goal,11.00,0.00,11.00,6.10,0.00,6.10,6.36,0.00,6.36,PotentialField,
991,6.31,AgentPrefab,Agent,MoveState,Moving,Goal,11.00,0.00,11.00,6.11,0.00,6.11,6.36,0.00,6.36,PotentialField,
992,6.32,AgentPrefab,Agent,MoveState,Moving,Goal,11.00,0.00,11.00,6.12,0.00,6.12,6.36,0.00,6.36,PotentialField,
993,6.32,AgentPrefab,Agent,MoveState,Moving,Goal,11.00,0.00,11.00,6.13,0.00,6.13,6.36,0.00,6.36,PotentialField,
994,6.33,AgentPrefab,Agent,MoveState,Moving,Goal,11.00,0.00,11.00,6.14,0.00,6.14,6.36,0.00,6.36,PotentialField,
995,6.34,AgentPrefab,Agent,MoveState,Moving,Goal,11.00,0.00,11.00,6.15,0.00,6.15,6.36,0.00,6.36,PotentialField,
996,6.34,AgentPrefab,Agent,MoveState,Moving,Goal,11.00,0.00,11.00,6.16,0.00,6.16,6.36,0.00,6.36,PotentialField,
997,6.35,AgentPrefab,Agent,MoveState,Moving,Goal,11.00,0.00,11.00,6.16,0.00,6.16,6.36,0.00,6.36,PotentialField,
998,6.36,AgentPrefab,Agent,MoveState,Moving,Goal,11.00,0.00,11.00,6.18,0.00,6.18,6.36,0.00,6.36,PotentialField,
999,6.36,AgentPrefab,Agent,MoveState,Moving,Goal,11.00,0.00,11.00,6.19,0.00,6.19,6.36,0.00,6.36,PotentialField,
1000,6.37,AgentPrefab,Agent,MoveState,Moving,Goal,11.00,0.00,11.00,6.19,0.00,6.19,6.36,0.00,6.36,PotentialField,
1001,6.38,AgentPrefab,Agent,MoveState,Moving,Goal,11.00,0.00,11.00,6.20,0.00,6.20,6.36,0.00,6.36,PotentialField,
1002,6.38,AgentPrefab,Agent,MoveState,Moving,Goal,11.00,0.00,11.00,6.21,0.00,6.21,6.36,0.00,6.36,PotentialField,
1003,6.39,AgentPrefab,Agent,MoveState,Moving,Goal,11.00,0.00,11.00,6.22,0.00,6.22,6.36,0.00,6.36,PotentialField,
1004,6.40,AgentPrefab,Agent,MoveState,Moving,Goal,11.00,0.00,11.00,6.23,0.00,6.23,6.36,0.00,6.36,PotentialField,
1005,6.40,AgentPrefab,Agent,MoveState,Moving,Goal,11.00,0.00,11.00,6.24,0.00,6.24,6.36,0.00,6.36,PotentialField,
1006,6.41,AgentPrefab,Agent,MoveState,Moving,Goal,11.00,0.00,11.00,6.25,0.00,6.25,6.36,0.00,6.36,PotentialField,
1007,6.42,AgentPrefab,Agent,MoveState,Moving,Goal,11.00,0.00,11.00,6.26,0.00,6.26,6.36,0.00,6.36,PotentialField,
1008,6.42,AgentPrefab,Agent,MoveState,Moving,Goal,11.00,0.00,11.00,6.27,0.00,6.27,6.36,0.00,6.36,PotentialField,
1009,6.43,AgentPrefab,Agent,MoveState,Moving,Goal,11.00,0.00,11.00,6.28,0.00,6.28,6.36,0.00,6.36,PotentialField,
1010,6.44,AgentPrefab,Agent,MoveState,Moving,Goal,11.00,0.00,11.00,6.29,0.00,6.29,6.36,0.00,6.36,PotentialField,
1011,6.44,AgentPrefab,Agent,MoveState,Moving,Goal,11.00,0.00,11.00,6.30,0.00,6.30,6.36,0.00,6.36,PotentialField,
1012,6.45,AgentPrefab,Agent,MoveState,Moving,Goal,11.00,0.00,11.00,6.30,0.00,6.30,6.36,0.00,6.36,PotentialField,
1013,6.46,AgentPrefab,Agent,MoveState,Moving,Goal,11.00,0.00,11.00,6.31,0.00,6.31,6.36,0.00,6.36,PotentialField,
1014,6.46,AgentPrefab,Agent,MoveState,Moving,Goal,11.00,0.00,11.00,6.32,0.00,6.32,6.36,0.00,6.36,PotentialField,
1015,6.47,AgentPrefab,Agent,MoveState,Moving,Goal,11.00,0.00,11.00,6.36,0.00,6.36,6.72,0.00,6.72,PotentialField,
1016,6.48,AgentPrefab,Agent,MoveState,Moving,Goal,11.00,0.00,11.00,6.38,0.00,6.38,6.72,0.00,6.72,PotentialField,
1017,6.48,AgentPrefab,Agent,MoveState,Moving,Goal,11.00,0.00,11.00,6.39,0.00,6.39,6.72,0.00,6.72,PotentialField,
1018,6.49,AgentPrefab,Agent,MoveState,Moving,Goal,11.00,0.00,11.00,6.40,0.00,6.40,6.72,0.00,6.72,PotentialField,
1019,6.50,AgentPrefab,Agent,MoveState,Moving,Goal,11.00,0.00,11.00,6.40,0.00,6.40,6.72,0.00,6.72,PotentialField,
1020,6.50,AgentPrefab,Agent,MoveState,Moving,Goal,11.00,0.00,11.00,6.41,0.00,6.41,6.72,0.00,6.72,PotentialField,
1021,6.51,AgentPrefab,Agent,MoveState,Moving,Goal,11.00,0.00,11.00,6.42,0.00,6.42,6.72,0.00,6.72,PotentialField,
1022,6.52,AgentPrefab,Agent,MoveState,Moving,Goal,11.00,0.00,11.00,6.43,0.00,6.43,6.72,0.00,6.72,PotentialField,
1023,6.52,AgentPrefab,Agent,MoveState,Moving,Goal,11.00,0.00,11.00,6.44,0.00,6.44,6.72,0.00,6.72,PotentialField,
1024,6.53,AgentPrefab,Agent,MoveState,Moving,Goal,11.00,0.00,11.00,6.45,0.00,6.45,6.72,0.00,6.72,PotentialField,
1025,6.54,AgentPrefab,Agent,MoveState,Moving,Goal,11.00,0.00,11.00,6.46,0.00,6.46,6.72,0.00,6.72,PotentialField,
1026,6.54,AgentPrefab,Agent,MoveState,Moving,Goal,11.00,0.00,11.00,6.47,0.00,6.47,6.72,0.00,6.72,PotentialField,
1027,6.55,AgentPrefab,Agent,MoveState,Moving,Goal,11.00,0.00,11.00,6.48,0.00,6.48,6.72,0.00,6.72,PotentialField,
1028,6.56,AgentPrefab,Agent,MoveState,Moving,Goal,11.00,0.00,11.00,6.49,0.00,6.49,6.72,0.00,6.72,PotentialField,
1029,6.56,AgentPrefab,Agent,MoveState,Moving,Goal,11.00,0.00,11.00,6.50,0.00,6.50,6.72,0.00,6.72,PotentialField,
1030,6.57,AgentPrefab,Agent,MoveState,Moving,Goal,11.00,0.00,11.00,6.51,0.00,6.51,6.72,0.00,6.72,PotentialField,
1031,6.58,AgentPrefab,Agent,MoveState,Moving,Goal,11.00,0.00,11.00,6.52,0.00,6.52,6.72,0.00,6.72,PotentialField,
1032,6.58,AgentPrefab,Agent,MoveState,Moving,Goal,11.00,0.00,11.00,6.53,0.00,6.53,6.72,0.00,6.72,PotentialField,
1033,6.59,AgentPrefab,Agent,MoveState,Moving,Goal,11.00,0.00,11.00,6.54,0.00,6.54,6.72,0.00,6.72,PotentialField,
1034,6.60,AgentPrefab,Agent,MoveState,Moving,Goal,11.00,0.00,11.00,6.55,0.00,6.55,6.72,0.00,6.72,PotentialField,
1035,6.60,AgentPrefab,Agent,MoveState,Moving,Goal,11.00,0.00,11.00,6.55,0.00,6.55,6.72,0.00,6.72,PotentialField,
1036,6.61,AgentPrefab,Agent,MoveState,Moving,Goal,11.00,0.00,11.00,6.57,0.00,6.57,6.72,0.00,6.72,PotentialField,
1037,6.62,AgentPrefab,Agent,MoveState,Moving,Goal,11.00,0.00,11.00,6.57,0.00,6.57,6.72,0.00,6.72,PotentialField,
1038,6.62,AgentPrefab,Agent,MoveState,Moving,Goal,11.00,0.00,11.00,6.58,0.00,6.58,6.72,0.00,6.72,PotentialField,
1039,6.63,AgentPrefab,Agent,MoveState,Moving,Goal,11.00,0.00,11.00,6.59,0.00,6.59,6.72,0.00,6.72,PotentialField,
1040,6.64,AgentPrefab,Agent,MoveState,Moving,Goal,11.00,0.00,11.00,6.60,0.00,6.60,6.72,0.00,6.72,PotentialField,
1041,6.64,AgentPrefab,Agent,MoveState,Moving,Goal,11.00,0.00,11.00,6.61,0.00,6.61,6.72,0.00,6.72,PotentialField,
1042,6.65,AgentPrefab,Agent,MoveState,Moving,Goal,11.00,0.00,11.00,6.62,0.00,6.62,6.72,0.00,6.72,PotentialField,
1043,6.65,AgentPrefab,Agent,MoveState,Moving,Goal,11.00,0.00,11.00,6.63,0.00,6.63,6.72,0.00,6.72,PotentialField,
1044,6.66,AgentPrefab,Agent,MoveState,Moving,Goal,11.00,0.00,11.00,6.64,0.00,6.64,6.72,0.00,6.72,PotentialField,
1045,6.67,AgentPrefab,Agent,MoveState,Moving,Goal,11.00,0.00,11.00,6.64,0.00,6.64,6.72,0.00,6.72,PotentialField,
1046,6.67,AgentPrefab,Agent,MoveState,Moving,Goal,11.00,0.00,11.00,6.65,0.00,6.65,6.72,0.00,6.72,PotentialField,
1047,6.68,AgentPrefab,Agent,MoveState,Moving,Goal,11.00,0.00,11.00,6.66,0.00,6.66,6.72,0.00,6.72,PotentialField,
1048,6.69,AgentPrefab,Agent,MoveState,Moving,Goal,11.00,0.00,11.00,6.67,0.00,6.67,6.72,0.00,6.72,PotentialField,
1049,6.69,AgentPrefab,Agent,MoveState,Moving,Goal,11.00,0.00,11.00,6.68,0.00,6.68,6.72,0.00,6.72,PotentialField,
1050,6.70,AgentPrefab,Agent,MoveState,Moving,Goal,11.00,0.00,11.00,6.72,0.00,6.72,7.07,0.00,7.07,PotentialField,
1051,6.71,AgentPrefab,Agent,MoveState,Moving,Goal,11.00,0.00,11.00,6.73,0.00,6.73,7.07,0.00,7.07,PotentialField,
1052,6.71,AgentPrefab,Agent,MoveState,Moving,Goal,11.00,0.00,11.00,6.74,0.00,6.74,7.07,0.00,7.07,PotentialField,
1053,6.72,AgentPrefab,Agent,MoveState,Moving,Goal,11.00,0.00,11.00,6.74,0.00,6.74,7.07,0.00,7.07,PotentialField,
1054,6.73,AgentPrefab,Agent,MoveState,Moving,Goal,11.00,0.00,11.00,6.76,0.00,6.76,7.07,0.00,7.07,PotentialField,
1055,6.73,AgentPrefab,Agent,MoveState,Moving,Goal,11.00,0.00,11.00,6.76,0.00,6.76,7.07,0.00,7.07,PotentialField,
1056,6.74,AgentPrefab,Agent,MoveState,Moving,Goal,11.00,0.00,11.00,6.77,0.00,6.77,7.07,0.00,7.07,PotentialField,
1057,6.74,AgentPrefab,Agent,MoveState,Moving,Goal,11.00,0.00,11.00,6.78,0.00,6.78,7.07,0.00,7.07,PotentialField,
1058,6.75,AgentPrefab,Agent,MoveState,Moving,Goal,11.00,0.00,11.00,6.79,0.00,6.79,7.07,0.00,7.07,PotentialField,
1059,6.76,AgentPrefab,Agent,MoveState,Moving,Goal,11.00,0.00,11.00,6.80,0.00,6.80,7.07,0.00,7.07,PotentialField,
1060,6.76,AgentPrefab,Agent,MoveState,Moving,Goal,11.00,0.00,11.00,6.81,0.00,6.81,7.07,0.00,7.07,PotentialField,
1061,6.77,AgentPrefab,Agent,MoveState,Moving,Goal,11.00,0.00,11.00,6.82,0.00,6.82,7.07,0.00,7.07,PotentialField,
1062,6.78,AgentPrefab,Agent,MoveState,Moving,Goal,11.00,0.00,11.00,6.83,0.00,6.83,7.07,0.00,7.07,PotentialField,
1063,6.78,AgentPrefab,Agent,MoveState,Moving,Goal,11.00,0.00,11.00,6.84,0.00,6.84,7.07,0.00,7.07,PotentialField,
1064,6.79,AgentPrefab,Agent,MoveState,Moving,Goal,11.00,0.00,11.00,6.85,0.00,6.85,7.07,0.00,7.07,PotentialField,
1065,6.80,AgentPrefab,Agent,MoveState,Moving,Goal,11.00,0.00,11.00,6.86,0.00,6.86,7.07,0.00,7.07,PotentialField,
1066,6.80,AgentPrefab,Agent,MoveState,Moving,Goal,11.00,0.00,11.00,6.86,0.00,6.86,7.07,0.00,7.07,PotentialField,
1067,6.81,AgentPrefab,Agent,MoveState,Moving,Goal,11.00,0.00,11.00,6.88,0.00,6.88,7.07,0.00,7.07,PotentialField,
1068,6.82,AgentPrefab,Agent,MoveState,Moving,Goal,11.00,0.00,11.00,6.88,0.00,6.88,7.07,0.00,7.07,PotentialField,
1069,6.82,AgentPrefab,Agent,MoveState,Moving,Goal,11.00,0.00,11.00,6.89,0.00,6.89,7.07,0.00,7.07,PotentialField,
1070,6.83,AgentPrefab,Agent,MoveState,Moving,Goal,11.00,0.00,11.00,6.90,0.00,6.90,7.07,0.00,7.07,PotentialField,
1071,6.83,AgentPrefab,Agent,MoveState,Moving,Goal,11.00,0.00,11.00,6.91,0.00,6.91,7.07,0.00,7.07,PotentialField,
1072,6.84,AgentPrefab,Agent,MoveState,Moving,Goal,11.00,0.00,11.00,6.92,0.00,6.92,7.07,0.00,7.07,PotentialField,
1073,6.85,AgentPrefab,Agent,MoveState,Moving,Goal,11.00,0.00,11.00,6.93,0.00,6.93,7.07,0.00,7.07,PotentialField,
1074,6.85,AgentPrefab,Agent,MoveState,Moving,Goal,11.00,0.00,11.00,6.94,0.00,6.94,7.07,0.00,7.07,PotentialField,
1075,6.86,AgentPrefab,Agent,MoveState,Moving,Goal,11.00,0.00,11.00,6.95,0.00,6.95,7.07,0.00,7.07,PotentialField,
1076,6.87,AgentPrefab,Agent,MoveState,Moving,Goal,11.00,0.00,11.00,6.96,0.00,6.96,7.07,0.00,7.07,PotentialField,
1077,6.87,AgentPrefab,Agent,MoveState,Moving,Goal,11.00,0.00,11.00,6.97,0.00,6.97,7.07,0.00,7.07,PotentialField,
1078,6.88,AgentPrefab,Agent,MoveState,Moving,Goal,11.00,0.00,11.00,6.97,0.00,6.97,7.07,0.00,7.07,PotentialField,
1079,6.89,AgentPrefab,Agent,MoveState,Moving,Goal,11.00,0.00,11.00,6.98,0.00,6.98,7.07,0.00,7.07,PotentialField,
1080,6.89,AgentPrefab,Agent,MoveState,Moving,Goal,11.00,0.00,11.00,6.99,0.00,6.99,7.07,0.00,7.07,PotentialField,
1081,6.90,AgentPrefab,Agent,MoveState,Moving,Goal,11.00,0.00,11.00,7.00,0.00,7.00,7.07,0.00,7.07,PotentialField,
1082,6.91,AgentPrefab,Agent,MoveState,Moving,Goal,11.00,0.00,11.00,7.01,0.00,7.01,7.07,0.00,7.07,PotentialField,
1083,6.91,AgentPrefab,Agent,MoveState,Moving,Goal,11.00,0.00,11.00,7.02,0.00,7.02,7.07,0.00,7.07,PotentialField,
1084,6.92,AgentPrefab,Agent,MoveState,Moving,Goal,11.00,0.00,11.00,7.03,0.00,7.03,7.07,0.00,7.07,PotentialField,
1085,6.93,AgentPrefab,Agent,MoveState,Moving,Goal,11.00,0.00,11.00,7.07,0.00,7.07,7.42,0.00,7.42,PotentialField,
1086,6.93,AgentPrefab,Agent,MoveState,Moving,Goal,11.00,0.00,11.00,7.08,0.00,7.08,7.42,0.00,7.42,PotentialField,
1087,6.94,AgentPrefab,Agent,MoveState,Moving,Goal,11.00,0.00,11.00,7.09,0.00,7.09,7.42,0.00,7.42,PotentialField,
1088,6.95,AgentPrefab,Agent,MoveState,Moving,Goal,11.00,0.00,11.00,7.10,0.00,7.10,7.42,0.00,7.42,PotentialField,
1089,6.95,AgentPrefab,Agent,MoveState,Moving,Goal,11.00,0.00,11.00,7.11,0.00,7.11,7.42,0.00,7.42,PotentialField,
1090,6.96,AgentPrefab,Agent,MoveState,Moving,Goal,11.00,0.00,11.00,7.12,0.00,7.12,7.42,0.00,7.42,PotentialField,
1091,6.97,AgentPrefab,Agent,MoveState,Moving,Goal,11.00,0.00,11.00,7.13,0.00,7.13,7.42,0.00,7.42,PotentialField,
1092,6.98,AgentPrefab,Agent,MoveState,Moving,Goal,11.00,0.00,11.00,7.14,0.00,7.14,7.42,0.00,7.42,PotentialField,
1093,6.98,AgentPrefab,Agent,MoveState,Moving,Goal,11.00,0.00,11.00,7.15,0.00,7.15,7.42,0.00,7.42,PotentialField,
1094,6.99,AgentPrefab,Agent,MoveState,Moving,Goal,11.00,0.00,11.00,7.16,0.00,7.16,7.42,0.00,7.42,PotentialField,
1095,6.99,AgentPrefab,Agent,MoveState,Moving,Goal,11.00,0.00,11.00,7.17,0.00,7.17,7.42,0.00,7.42,PotentialField,
1096,7.00,AgentPrefab,Agent,MoveState,Moving,Goal,11.00,0.00,11.00,7.18,0.00,7.18,7.42,0.00,7.42,PotentialField,
1097,7.01,AgentPrefab,Agent,MoveState,Moving,Goal,11.00,0.00,11.00,7.19,0.00,7.19,7.42,0.00,7.42,PotentialField,
1098,7.01,AgentPrefab,Agent,MoveState,Moving,Goal,11.00,0.00,11.00,7.20,0.00,7.20,7.42,0.00,7.42,PotentialField,
1099,7.02,AgentPrefab,Agent,MoveState,Moving,Goal,11.00,0.00,11.00,7.20,0.00,7.20,7.42,0.00,7.42,PotentialField,
1100,7.03,AgentPrefab,Agent,MoveState,Moving,Goal,11.00,0.00,11.00,7.21,0.00,7.21,7.42,0.00,7.42,PotentialField,
1101,7.03,AgentPrefab,Agent,MoveState,Moving,Goal,11.00,0.00,11.00,7.22,0.00,7.22,7.42,0.00,7.42,PotentialField,
1102,7.04,AgentPrefab,Agent,MoveState,Moving,Goal,11.00,0.00,11.00,7.23,0.00,7.23,7.42,0.00,7.42,PotentialField,
1103,7.04,AgentPrefab,Agent,MoveState,Moving,Goal,11.00,0.00,11.00,7.24,0.00,7.24,7.42,0.00,7.42,PotentialField,
1104,7.05,AgentPrefab,Agent,MoveState,Moving,Goal,11.00,0.00,11.00,7.25,0.00,7.25,7.42,0.00,7.42,PotentialField,
1105,7.06,AgentPrefab,Agent,MoveState,Moving,Goal,11.00,0.00,11.00,7.26,0.00,7.26,7.42,0.00,7.42,PotentialField,
1106,7.07,AgentPrefab,Agent,MoveState,Moving,Goal,11.00,0.00,11.00,7.27,0.00,7.27,7.42,0.00,7.42,PotentialField,
1107,7.07,AgentPrefab,Agent,MoveState,Moving,Goal,11.00,0.00,11.00,7.28,0.00,7.28,7.42,0.00,7.42,PotentialField,
1108,7.08,AgentPrefab,Agent,MoveState,Moving,Goal,11.00,0.00,11.00,7.29,0.00,7.29,7.42,0.00,7.42,PotentialField,
1109,7.08,AgentPrefab,Agent,MoveState,Moving,Goal,11.00,0.00,11.00,7.30,0.00,7.30,7.42,0.00,7.42,PotentialField,
1110,7.09,AgentPrefab,Agent,MoveState,Moving,Goal,11.00,0.00,11.00,7.31,0.00,7.31,7.42,0.00,7.42,PotentialField,
1111,7.10,AgentPrefab,Agent,MoveState,Moving,Goal,11.00,0.00,11.00,7.31,0.00,7.31,7.42,0.00,7.42,PotentialField,
1112,7.10,AgentPrefab,Agent,MoveState,Moving,Goal,11.00,0.00,11.00,7.32,0.00,7.32,7.42,0.00,7.42,PotentialField,
1113,7.11,AgentPrefab,Agent,MoveState,Moving,Goal,11.00,0.00,11.00,7.33,0.00,7.33,7.42,0.00,7.42,PotentialField,
1114,7.12,AgentPrefab,Agent,MoveState,Moving,Goal,11.00,0.00,11.00,7.34,0.00,7.34,7.42,0.00,7.42,PotentialField,
1115,7.12,AgentPrefab,Agent,MoveState,Moving,Goal,11.00,0.00,11.00,7.35,0.00,7.35,7.42,0.00,7.42,PotentialField,
1116,7.13,AgentPrefab,Agent,MoveState,Moving,Goal,11.00,0.00,11.00,7.36,0.00,7.36,7.42,0.00,7.42,PotentialField,
1117,7.14,AgentPrefab,Agent,MoveState,Moving,Goal,11.00,0.00,11.00,7.37,0.00,7.37,7.42,0.00,7.42,PotentialField,
1118,7.14,AgentPrefab,Agent,MoveState,Moving,Goal,11.00,0.00,11.00,7.38,0.00,7.38,7.42,0.00,7.42,PotentialField,
1119,7.15,AgentPrefab,Agent,MoveState,Moving,Goal,11.00,0.00,11.00,7.42,0.00,7.42,7.78,0.00,7.78,PotentialField,
1120,7.16,AgentPrefab,Agent,MoveState,Moving,Goal,11.00,0.00,11.00,7.43,0.00,7.43,7.78,0.00,7.78,PotentialField,
1121,7.17,AgentPrefab,Agent,MoveState,Moving,Goal,11.00,0.00,11.00,7.44,0.00,7.44,7.78,0.00,7.78,PotentialField,
1122,7.17,AgentPrefab,Agent,MoveState,Moving,Goal,11.00,0.00,11.00,7.46,0.00,7.46,7.78,0.00,7.78,PotentialField,
1123,7.18,AgentPrefab,Agent,MoveState,Moving,Goal,11.00,0.00,11.00,7.47,0.00,7.47,7.78,0.00,7.78,PotentialField,
1124,7.19,AgentPrefab,Agent,MoveState,Moving,Goal,11.00,0.00,11.00,7.48,0.00,7.48,7.78,0.00,7.78,PotentialField,
1125,7.20,AgentPrefab,Agent,MoveState,Moving,Goal,11.00,0.00,11.00,7.49,0.00,7.49,7.78,0.00,7.78,PotentialField,
1126,7.21,AgentPrefab,Agent,MoveState,Moving,Goal,11.00,0.00,11.00,7.50,0.00,7.50,7.78,0.00,7.78,PotentialField,
1127,7.21,AgentPrefab,Agent,MoveState,Moving,Goal,11.00,0.00,11.00,7.51,0.00,7.51,7.78,0.00,7.78,PotentialField,
1128,7.22,AgentPrefab,Agent,MoveState,Moving,Goal,11.00,0.00,11.00,7.52,0.00,7.52,7.78,0.00,7.78,PotentialField,
1129,7.23,AgentPrefab,Agent,MoveState,Moving,Goal,11.00,0.00,11.00,7.53,0.00,7.53,7.78,0.00,7.78,PotentialField,
1130,7.23,AgentPrefab,Agent,MoveState,Moving,Goal,11.00,0.00,11.00,7.54,0.00,7.54,7.78,0.00,7.78,PotentialField,
1131,7.24,AgentPrefab,Agent,MoveState,Moving,Goal,11.00,0.00,11.00,7.55,0.00,7.55,7.78,0.00,7.78,PotentialField,
1132,7.25,AgentPrefab,Agent,MoveState,Moving,Goal,11.00,0.00,11.00,7.56,0.00,7.56,7.78,0.00,7.78,PotentialField,
1133,7.26,AgentPrefab,Agent,MoveState,Moving,Goal,11.00,0.00,11.00,7.57,0.00,7.57,7.78,0.00,7.78,PotentialField,
1134,7.26,AgentPrefab,Agent,MoveState,Moving,Goal,11.00,0.00,11.00,7.58,0.00,7.58,7.78,0.00,7.78,PotentialField,
1135,7.27,AgentPrefab,Agent,MoveState,Moving,Goal,11.00,0.00,11.00,7.59,0.00,7.59,7.78,0.00,7.78,PotentialField,
1136,7.28,AgentPrefab,Agent,MoveState,Moving,Goal,11.00,0.00,11.00,7.61,0.00,7.61,7.78,0.00,7.78,PotentialField,
1137,7.29,AgentPrefab,Agent,MoveState,Moving,Goal,11.00,0.00,11.00,7.62,0.00,7.62,7.78,0.00,7.78,PotentialField,
1138,7.30,AgentPrefab,Agent,MoveState,Moving,Goal,11.00,0.00,11.00,7.63,0.00,7.63,7.78,0.00,7.78,PotentialField,
1139,7.30,AgentPrefab,Agent,MoveState,Moving,Goal,11.00,0.00,11.00,7.64,0.00,7.64,7.78,0.00,7.78,PotentialField,
1140,7.31,AgentPrefab,Agent,MoveState,Moving,Goal,11.00,0.00,11.00,7.65,0.00,7.65,7.78,0.00,7.78,PotentialField,
1141,7.32,AgentPrefab,Agent,MoveState,Moving,Goal,11.00,0.00,11.00,7.66,0.00,7.66,7.78,0.00,7.78,PotentialField,
1142,7.33,AgentPrefab,Agent,MoveState,Moving,Goal,11.00,0.00,11.00,7.67,0.00,7.67,7.78,0.00,7.78,PotentialField,
1143,7.33,AgentPrefab,Agent,MoveState,Moving,Goal,11.00,0.00,11.00,7.68,0.00,7.68,7.78,0.00,7.78,PotentialField,
1144,7.34,AgentPrefab,Agent,MoveState,Moving,Goal,11.00,0.00,11.00,7.69,0.00,7.69,7.78,0.00,7.78,PotentialField,
1145,7.35,AgentPrefab,Agent,MoveState,Moving,Goal,11.00,0.00,11.00,7.70,0.00,7.70,7.78,0.00,7.78,PotentialField,
1146,7.35,AgentPrefab,Agent,MoveState,Moving,Goal,11.00,0.00,11.00,7.71,0.00,7.71,7.78,0.00,7.78,PotentialField,
1147,7.36,AgentPrefab,Agent,MoveState,Moving,Goal,11.00,0.00,11.00,7.72,0.00,7.72,7.78,0.00,7.78,PotentialField,
1148,7.37,AgentPrefab,Agent,MoveState,Moving,Goal,11.00,0.00,11.00,7.73,0.00,7.73,7.78,0.00,7.78,PotentialField,
1149,7.37,AgentPrefab,Agent,MoveState,Moving,Goal,11.00,0.00,11.00,7.74,0.00,7.74,7.78,0.00,7.78,PotentialField,
1150,7.38,AgentPrefab,Agent,MoveState,Moving,Goal,11.00,0.00,11.00,7.78,0.00,7.78,8.13,0.00,8.13,PotentialField,
1151,7.39,AgentPrefab,Agent,MoveState,Moving,Goal,11.00,0.00,11.00,7.79,0.00,7.79,8.13,0.00,8.13,PotentialField,
1152,7.39,AgentPrefab,Agent,MoveState,Moving,Goal,11.00,0.00,11.00,7.80,0.00,7.80,8.13,0.00,8.13,PotentialField,
1153,7.40,AgentPrefab,Agent,MoveState,Moving,Goal,11.00,0.00,11.00,7.80,0.00,7.80,8.13,0.00,8.13,PotentialField,
1154,7.41,AgentPrefab,Agent,MoveState,Moving,Goal,11.00,0.00,11.00,7.81,0.00,7.81,8.13,0.00,8.13,PotentialField,
1155,7.41,AgentPrefab,Agent,MoveState,Moving,Goal,11.00,0.00,11.00,7.82,0.00,7.82,8.13,0.00,8.13,PotentialField,
1156,7.42,AgentPrefab,Agent,MoveState,Moving,Goal,11.00,0.00,11.00,7.83,0.00,7.83,8.13,0.00,8.13,PotentialField,
1157,7.42,AgentPrefab,Agent,MoveState,Moving,Goal,11.00,0.00,11.00,7.84,0.00,7.84,8.13,0.00,8.13,PotentialField,
1158,7.43,AgentPrefab,Agent,MoveState,Moving,Goal,11.00,0.00,11.00,7.85,0.00,7.85,8.13,0.00,8.13,PotentialField,
1159,7.44,AgentPrefab,Agent,MoveState,Moving,Goal,11.00,0.00,11.00,7.86,0.00,7.86,8.13,0.00,8.13,PotentialField,
1160,7.45,AgentPrefab,Agent,MoveState,Moving,Goal,11.00,0.00,11.00,7.87,0.00,7.87,8.13,0.00,8.13,PotentialField,
1161,7.45,AgentPrefab,Agent,MoveState,Moving,Goal,11.00,0.00,11.00,7.88,0.00,7.88,8.13,0.00,8.13,PotentialField,
1162,7.46,AgentPrefab,Agent,MoveState,Moving,Goal,11.00,0.00,11.00,7.89,0.00,7.89,8.13,0.00,8.13,PotentialField,
1163,7.47,AgentPrefab,Agent,MoveState,Moving,Goal,11.00,0.00,11.00,7.90,0.00,7.90,8.13,0.00,8.13,PotentialField,
1164,7.47,AgentPrefab,Agent,MoveState,Moving,Goal,11.00,0.00,11.00,7.91,0.00,7.91,8.13,0.00,8.13,PotentialField,
1165,7.48,AgentPrefab,Agent,MoveState,Moving,Goal,11.00,0.00,11.00,7.92,0.00,7.92,8.13,0.00,8.13,PotentialField,
1166,7.49,AgentPrefab,Agent,MoveState,Moving,Goal,11.00,0.00,11.00,7.93,0.00,7.93,8.13,0.00,8.13,PotentialField,
1167,7.49,AgentPrefab,Agent,MoveState,Moving,Goal,11.00,0.00,11.00,7.94,0.00,7.94,8.13,0.00,8.13,PotentialField,
1168,7.50,AgentPrefab,Agent,MoveState,Moving,Goal,11.00,0.00,11.00,7.95,0.00,7.95,8.13,0.00,8.13,PotentialField,
1169,7.51,AgentPrefab,Agent,MoveState,Moving,Goal,11.00,0.00,11.00,7.96,0.00,7.96,8.13,0.00,8.13,PotentialField,
1170,7.51,AgentPrefab,Agent,MoveState,Moving,Goal,11.00,0.00,11.00,7.96,0.00,7.96,8.13,0.00,8.13,PotentialField,
1171,7.52,AgentPrefab,Agent,MoveState,Moving,Goal,11.00,0.00,11.00,7.97,0.00,7.97,8.13,0.00,8.13,PotentialField,
1172,7.52,AgentPrefab,Agent,MoveState,Moving,Goal,11.00,0.00,11.00,7.98,0.00,7.98,8.13,0.00,8.13,PotentialField,
1173,7.53,AgentPrefab,Agent,MoveState,Moving,Goal,11.00,0.00,11.00,7.99,0.00,7.99,8.13,0.00,8.13,PotentialField,
1174,7.54,AgentPrefab,Agent,MoveState,Moving,Goal,11.00,0.00,11.00,8.00,0.00,8.00,8.13,0.00,8.13,PotentialField,
1175,7.54,AgentPrefab,Agent,MoveState,Moving,Goal,11.00,0.00,11.00,8.01,0.00,8.01,8.13,0.00,8.13,PotentialField,
1176,7.55,AgentPrefab,Agent,MoveState,Moving,Goal,11.00,0.00,11.00,8.02,0.00,8.02,8.13,0.00,8.13,PotentialField,
1177,7.56,AgentPrefab,Agent,MoveState,Moving,Goal,11.00,0.00,11.00,8.03,0.00,8.03,8.13,0.00,8.13,PotentialField,
1178,7.56,AgentPrefab,Agent,MoveState,Moving,Goal,11.00,0.00,11.00,8.04,0.00,8.04,8.13,0.00,8.13,PotentialField,
1179,7.57,AgentPrefab,Agent,MoveState,Moving,Goal,11.00,0.00,11.00,8.04,0.00,8.04,8.13,0.00,8.13,PotentialField,
1180,7.58,AgentPrefab,Agent,MoveState,Moving,Goal,11.00,0.00,11.00,8.06,0.00,8.06,8.13,0.00,8.13,PotentialField,
1181,7.58,AgentPrefab,Agent,MoveState,Moving,Goal,11.00,0.00,11.00,8.06,0.00,8.06,8.13,0.00,8.13,PotentialField,
1182,7.59,AgentPrefab,Agent,MoveState,Moving,Goal,11.00,0.00,11.00,8.07,0.00,8.07,8.13,0.00,8.13,PotentialField,
1183,7.60,AgentPrefab,Agent,MoveState,Moving,Goal,11.00,0.00,11.00,8.08,0.00,8.08,8.13,0.00,8.13,PotentialField,
1184,7.60,AgentPrefab,Agent,MoveState,Moving,Goal,11.00,0.00,11.00,8.09,0.00,8.09,8.13,0.00,8.13,PotentialField,
1185,7.61,AgentPrefab,Agent,MoveState,Moving,Goal,11.00,0.00,11.00,8.13,0.00,8.13,8.49,0.00,8.49,PotentialField,
1186,7.62,AgentPrefab,Agent,MoveState,Moving,Goal,11.00,0.00,11.00,8.14,0.00,8.14,8.49,0.00,8.49,PotentialField,
1187,7.62,AgentPrefab,Agent,MoveState,Moving,Goal,11.00,0.00,11.00,8.15,0.00,8.15,8.49,0.00,8.49,PotentialField,
1188,7.63,AgentPrefab,Agent,MoveState,Moving,Goal,11.00,0.00,11.00,8.16,0.00,8.16,8.49,0.00,8.49,PotentialField,
1189,7.64,AgentPrefab,Agent,MoveState,Moving,Goal,11.00,0.00,11.00,8.17,0.00,8.17,8.49,0.00,8.49,PotentialField,
1190,7.64,AgentPrefab,Agent,MoveState,Moving,Goal,11.00,0.00,11.00,8.18,0.00,8.18,8.49,0.00,8.49,PotentialField,
1191,7.65,AgentPrefab,Agent,MoveState,Moving,Goal,11.00,0.00,11.00,8.19,0.00,8.19,8.49,0.00,8.49,PotentialField,
1192,7.66,AgentPrefab,Agent,MoveState,Moving,Goal,11.00,0.00,11.00,8.20,0.00,8.20,8.49,0.00,8.49,PotentialField,
1193,7.66,AgentPrefab,Agent,MoveState,Moving,Goal,11.00,0.00,11.00,8.21,0.00,8.21,8.49,0.00,8.49,PotentialField,
1194,7.68,AgentPrefab,Agent,MoveState,Moving,Goal,11.00,0.00,11.00,8.22,0.00,8.22,8.49,0.00,8.49,PotentialField,
1195,7.69,AgentPrefab,Agent,MoveState,Moving,Goal,11.00,0.00,11.00,8.24,0.00,8.24,8.49,0.00,8.49,PotentialField,
1196,7.70,AgentPrefab,Agent,MoveState,Moving,Goal,11.00,0.00,11.00,8.26,0.00,8.26,8.49,0.00,8.49,PotentialField,
1197,7.71,AgentPrefab,Agent,MoveState,Moving,Goal,11.00,0.00,11.00,8.27,0.00,8.27,8.49,0.00,8.49,PotentialField,
1198,7.72,AgentPrefab,Agent,MoveState,Moving,Goal,11.00,0.00,11.00,8.28,0.00,8.28,8.49,0.00,8.49,PotentialField,
1199,7.72,AgentPrefab,Agent,MoveState,Moving,Goal,11.00,0.00,11.00,8.29,0.00,8.29,8.49,0.00,8.49,PotentialField,
1200,7.73,AgentPrefab,Agent,MoveState,Moving,Goal,11.00,0.00,11.00,8.30,0.00,8.30,8.49,0.00,8.49,PotentialField,
1201,7.74,AgentPrefab,Agent,MoveState,Moving,Goal,11.00,0.00,11.00,8.31,0.00,8.31,8.49,0.00,8.49,PotentialField,
1202,7.74,AgentPrefab,Agent,MoveState,Moving,Goal,11.00,0.00,11.00,8.32,0.00,8.32,8.49,0.00,8.49,PotentialField,
1203,7.75,AgentPrefab,Agent,MoveState,Moving,Goal,11.00,0.00,11.00,8.33,0.00,8.33,8.49,0.00,8.49,PotentialField,
1204,7.76,AgentPrefab,Agent,MoveState,Moving,Goal,11.00,0.00,11.00,8.34,0.00,8.34,8.49,0.00,8.49,PotentialField,
1205,7.77,AgentPrefab,Agent,MoveState,Moving,Goal,11.00,0.00,11.00,8.35,0.00,8.35,8.49,0.00,8.49,PotentialField,
1206,7.77,AgentPrefab,Agent,MoveState,Moving,Goal,11.00,0.00,11.00,8.36,0.00,8.36,8.49,0.00,8.49,PotentialField,
1207,7.78,AgentPrefab,Agent,MoveState,Moving,Goal,11.00,0.00,11.00,8.37,0.00,8.37,8.49,0.00,8.49,PotentialField,
1208,7.79,AgentPrefab,Agent,MoveState,Moving,Goal,11.00,0.00,11.00,8.38,0.00,8.38,8.49,0.00,8.49,PotentialField,
1209,7.79,AgentPrefab,Agent,MoveState,Moving,Goal,11.00,0.00,11.00,8.39,0.00,8.39,8.49,0.00,8.49,PotentialField,
1210,7.80,AgentPrefab,Agent,MoveState,Moving,Goal,11.00,0.00,11.00,8.40,0.00,8.40,8.49,0.00,8.49,PotentialField,
1211,7.81,AgentPrefab,Agent,MoveState,Moving,Goal,11.00,0.00,11.00,8.41,0.00,8.41,8.49,0.00,8.49,PotentialField,
1212,7.81,AgentPrefab,Agent,MoveState,Moving,Goal,11.00,0.00,11.00,8.42,0.00,8.42,8.49,0.00,8.49,PotentialField,
1213,7.82,AgentPrefab,Agent,MoveState,Moving,Goal,11.00,0.00,11.00,8.43,0.00,8.43,8.49,0.00,8.49,PotentialField,
1214,7.83,AgentPrefab,Agent,MoveState,Moving,Goal,11.00,0.00,11.00,8.44,0.00,8.44,8.49,0.00,8.49,PotentialField,
1215,7.83,AgentPrefab,Agent,MoveState,Moving,Goal,11.00,0.00,11.00,8.45,0.00,8.45,8.49,0.00,8.49,PotentialField,
1216,7.84,AgentPrefab,Agent,MoveState,Moving,Goal,11.00,0.00,11.00,8.49,0.00,8.49,8.84,0.00,8.84,PotentialField,
1217,7.85,AgentPrefab,Agent,MoveState,Moving,Goal,11.00,0.00,11.00,8.49,0.00,8.49,8.84,0.00,8.84,PotentialField,
1218,7.85,AgentPrefab,Agent,MoveState,Moving,Goal,11.00,0.00,11.00,8.50,0.00,8.50,8.84,0.00,8.84,PotentialField,
1219,7.86,AgentPrefab,Agent,MoveState,Moving,Goal,11.00,0.00,11.00,8.51,0.00,8.51,8.84,0.00,8.84,PotentialField,
1220,7.87,AgentPrefab,Agent,MoveState,Moving,Goal,11.00,0.00,11.00,8.52,0.00,8.52,8.84,0.00,8.84,PotentialField,
1221,7.87,AgentPrefab,Agent,MoveState,Moving,Goal,11.00,0.00,11.00,8.53,0.00,8.53,8.84,0.00,8.84,PotentialField,
1222,7.88,AgentPrefab,Agent,MoveState,Moving,Goal,11.00,0.00,11.00,8.54,0.00,8.54,8.84,0.00,8.84,PotentialField,
1223,7.89,AgentPrefab,Agent,MoveState,Moving,Goal,11.00,0.00,11.00,8.55,0.00,8.55,8.84,0.00,8.84,PotentialField,
1224,7.89,AgentPrefab,Agent,MoveState,Moving,Goal,11.00,0.00,11.00,8.56,0.00,8.56,8.84,0.00,8.84,PotentialField,
1225,7.90,AgentPrefab,Agent,MoveState,Moving,Goal,11.00,0.00,11.00,8.57,0.00,8.57,8.84,0.00,8.84,PotentialField,
1226,7.90,AgentPrefab,Agent,MoveState,Moving,Goal,11.00,0.00,11.00,8.58,0.00,8.58,8.84,0.00,8.84,PotentialField,
1227,7.91,AgentPrefab,Agent,MoveState,Moving,Goal,11.00,0.00,11.00,8.59,0.00,8.59,8.84,0.00,8.84,PotentialField,
1228,7.92,AgentPrefab,Agent,MoveState,Moving,Goal,11.00,0.00,11.00,8.59,0.00,8.59,8.84,0.00,8.84,PotentialField,
1229,7.92,AgentPrefab,Agent,MoveState,Moving,Goal,11.00,0.00,11.00,8.60,0.00,8.60,8.84,0.00,8.84,PotentialField,
1230,7.93,AgentPrefab,Agent,MoveState,Moving,Goal,11.00,0.00,11.00,8.61,0.00,8.61,8.84,0.00,8.84,PotentialField,
1231,7.94,AgentPrefab,Agent,MoveState,Moving,Goal,11.00,0.00,11.00,8.62,0.00,8.62,8.84,0.00,8.84,PotentialField,
1232,7.94,AgentPrefab,Agent,MoveState,Moving,Goal,11.00,0.00,11.00,8.63,0.00,8.63,8.84,0.00,8.84,PotentialField,
1233,7.95,AgentPrefab,Agent,MoveState,Moving,Goal,11.00,0.00,11.00,8.64,0.00,8.64,8.84,0.00,8.84,PotentialField,
1234,7.96,AgentPrefab,Agent,MoveState,Moving,Goal,11.00,0.00,11.00,8.65,0.00,8.65,8.84,0.00,8.84,PotentialField,
1235,7.96,AgentPrefab,Agent,MoveState,Moving,Goal,11.00,0.00,11.00,8.66,0.00,8.66,8.84,0.00,8.84,PotentialField,
1236,7.97,AgentPrefab,Agent,MoveState,Moving,Goal,11.00,0.00,11.00,8.67,0.00,8.67,8.84,0.00,8.84,PotentialField,
1237,7.98,AgentPrefab,Agent,MoveState,Moving,Goal,11.00,0.00,11.00,8.68,0.00,8.68,8.84,0.00,8.84,PotentialField,
1238,7.99,AgentPrefab,Agent,MoveState,Moving,Goal,11.00,0.00,11.00,8.69,0.00,8.69,8.84,0.00,8.84,PotentialField,
1239,7.99,AgentPrefab,Agent,MoveState,Moving,Goal,11.00,0.00,11.00,8.70,0.00,8.70,8.84,0.00,8.84,PotentialField,
1240,8.00,AgentPrefab,Agent,MoveState,Moving,Goal,11.00,0.00,11.00,8.71,0.00,8.71,8.84,0.00,8.84,PotentialField,
1241,8.00,AgentPrefab,Agent,MoveState,Moving,Goal,11.00,0.00,11.00,8.72,0.00,8.72,8.84,0.00,8.84,PotentialField,
1242,8.01,AgentPrefab,Agent,MoveState,Moving,Goal,11.00,0.00,11.00,8.73,0.00,8.73,8.84,0.00,8.84,PotentialField,
1243,8.02,AgentPrefab,Agent,MoveState,Moving,Goal,11.00,0.00,11.00,8.74,0.00,8.74,8.84,0.00,8.84,PotentialField,
1244,8.03,AgentPrefab,Agent,MoveState,Moving,Goal,11.00,0.00,11.00,8.75,0.00,8.75,8.84,0.00,8.84,PotentialField,
1245,8.03,AgentPrefab,Agent,MoveState,Moving,Goal,11.00,0.00,11.00,8.76,0.00,8.76,8.84,0.00,8.84,PotentialField,
1246,8.04,AgentPrefab,Agent,MoveState,Moving,Goal,11.00,0.00,11.00,8.77,0.00,8.77,8.84,0.00,8.84,PotentialField,
1247,8.04,AgentPrefab,Agent,MoveState,Moving,Goal,11.00,0.00,11.00,8.77,0.00,8.77,8.84,0.00,8.84,PotentialField,
1248,8.05,AgentPrefab,Agent,MoveState,Moving,Goal,11.00,0.00,11.00,8.78,0.00,8.78,8.84,0.00,8.84,PotentialField,
1249,8.06,AgentPrefab,Agent,MoveState,Moving,Goal,11.00,0.00,11.00,8.79,0.00,8.79,8.84,0.00,8.84,PotentialField,
1250,8.06,AgentPrefab,Agent,MoveState,Moving,Goal,11.00,0.00,11.00,8.80,0.00,8.80,8.84,0.00,8.84,PotentialField,
1251,8.07,AgentPrefab,Agent,MoveState,Moving,Goal,11.00,0.00,11.00,8.84,0.00,8.84,9.19,0.00,9.19,PotentialField,
1252,8.08,AgentPrefab,Agent,MoveState,Moving,Goal,11.00,0.00,11.00,8.85,0.00,8.85,9.19,0.00,9.19,PotentialField,
1253,8.08,AgentPrefab,Agent,MoveState,Moving,Goal,11.00,0.00,11.00,8.86,0.00,8.86,9.19,0.00,9.19,PotentialField,
1254,8.09,AgentPrefab,Agent,MoveState,Moving,Goal,11.00,0.00,11.00,8.87,0.00,8.87,9.19,0.00,9.19,PotentialField,
1255,8.10,AgentPrefab,Agent,MoveState,Moving,Goal,11.00,0.00,11.00,8.88,0.00,8.88,9.19,0.00,9.19,PotentialField,
1256,8.10,AgentPrefab,Agent,MoveState,Moving,Goal,11.00,0.00,11.00,8.89,0.00,8.89,9.19,0.00,9.19,PotentialField,
1257,8.11,AgentPrefab,Agent,MoveState,Moving,Goal,11.00,0.00,11.00,8.90,0.00,8.90,9.19,0.00,9.19,PotentialField,
1258,8.12,AgentPrefab,Agent,MoveState,Moving,Goal,11.00,0.00,11.00,8.90,0.00,8.90,9.19,0.00,9.19,PotentialField,
1259,8.12,AgentPrefab,Agent,MoveState,Moving,Goal,11.00,0.00,11.00,8.91,0.00,8.91,9.19,0.00,9.19,PotentialField,
1260,8.13,AgentPrefab,Agent,MoveState,Moving,Goal,11.00,0.00,11.00,8.92,0.00,8.92,9.19,0.00,9.19,PotentialField,
1261,8.13,AgentPrefab,Agent,MoveState,Moving,Goal,11.00,0.00,11.00,8.93,0.00,8.93,9.19,0.00,9.19,PotentialField,
1262,8.14,AgentPrefab,Agent,MoveState,Moving,Goal,11.00,0.00,11.00,8.94,0.00,8.94,9.19,0.00,9.19,PotentialField,
1263,8.15,AgentPrefab,Agent,MoveState,Moving,Goal,11.00,0.00,11.00,8.95,0.00,8.95,9.19,0.00,9.19,PotentialField,
1264,8.16,AgentPrefab,Agent,MoveState,Moving,Goal,11.00,0.00,11.00,8.96,0.00,8.96,9.19,0.00,9.19,PotentialField,
1265,8.16,AgentPrefab,Agent,MoveState,Moving,Goal,11.00,0.00,11.00,8.97,0.00,8.97,9.19,0.00,9.19,PotentialField,
1266,8.17,AgentPrefab,Agent,MoveState,Moving,Goal,11.00,0.00,11.00,8.98,0.00,8.98,9.19,0.00,9.19,PotentialField,
1267,8.17,AgentPrefab,Agent,MoveState,Moving,Goal,11.00,0.00,11.00,8.99,0.00,8.99,9.19,0.00,9.19,PotentialField,
1268,8.18,AgentPrefab,Agent,MoveState,Moving,Goal,11.00,0.00,11.00,9.00,0.00,9.00,9.19,0.00,9.19,PotentialField,
1269,8.19,AgentPrefab,Agent,MoveState,Moving,Goal,11.00,0.00,11.00,9.01,0.00,9.01,9.19,0.00,9.19,PotentialField,
1270,8.19,AgentPrefab,Agent,MoveState,Moving,Goal,11.00,0.00,11.00,9.02,0.00,9.02,9.19,0.00,9.19,PotentialField,
1271,8.20,AgentPrefab,Agent,MoveState,Moving,Goal,11.00,0.00,11.00,9.02,0.00,9.02,9.19,0.00,9.19,PotentialField,
1272,8.21,AgentPrefab,Agent,MoveState,Moving,Goal,11.00,0.00,11.00,9.03,0.00,9.03,9.19,0.00,9.19,PotentialField,
1273,8.21,AgentPrefab,Agent,MoveState,Moving,Goal,11.00,0.00,11.00,9.04,0.00,9.04,9.19,0.00,9.19,PotentialField,
1274,8.22,AgentPrefab,Agent,MoveState,Moving,Goal,11.00,0.00,11.00,9.05,0.00,9.05,9.19,0.00,9.19,PotentialField,
1275,8.23,AgentPrefab,Agent,MoveState,Moving,Goal,11.00,0.00,11.00,9.06,0.00,9.06,9.19,0.00,9.19,PotentialField,
1276,8.23,AgentPrefab,Agent,MoveState,Moving,Goal,11.00,0.00,11.00,9.07,0.00,9.07,9.19,0.00,9.19,PotentialField,
1277,8.24,AgentPrefab,Agent,MoveState,Moving,Goal,11.00,0.00,11.00,9.08,0.00,9.08,9.19,0.00,9.19,PotentialField,
1278,8.25,AgentPrefab,Agent,MoveState,Moving,Goal,11.00,0.00,11.00,9.09,0.00,9.09,9.19,0.00,9.19,PotentialField,
1279,8.25,AgentPrefab,Agent,MoveState,Moving,Goal,11.00,0.00,11.00,9.10,0.00,9.10,9.19,0.00,9.19,PotentialField,
1280,8.26,AgentPrefab,Agent,MoveState,Moving,Goal,11.00,0.00,11.00,9.11,0.00,9.11,9.19,0.00,9.19,PotentialField,
1281,8.27,AgentPrefab,Agent,MoveState,Moving,Goal,11.00,0.00,11.00,9.12,0.00,9.12,9.19,0.00,9.19,PotentialField,
1282,8.27,AgentPrefab,Agent,MoveState,Moving,Goal,11.00,0.00,11.00,9.13,0.00,9.13,9.19,0.00,9.19,PotentialField,
1283,8.28,AgentPrefab,Agent,MoveState,Moving,Goal,11.00,0.00,11.00,9.14,0.00,9.14,9.19,0.00,9.19,PotentialField,
1284,8.29,AgentPrefab,Agent,MoveState,Moving,Goal,11.00,0.00,11.00,9.15,0.00,9.15,9.19,0.00,9.19,PotentialField,
1285,8.29,AgentPrefab,Agent,MoveState,Moving,Goal,11.00,0.00,11.00,9.15,0.00,9.15,9.19,0.00,9.19,PotentialField,
1286,8.30,AgentPrefab,Agent,MoveState,Moving,Goal,11.00,0.00,11.00,9.19,0.00,9.19,9.55,0.00,9.55,PotentialField,
1287,8.31,AgentPrefab,Agent,MoveState,Moving,Goal,11.00,0.00,11.00,9.20,0.00,9.20,9.55,0.00,9.55,PotentialField,
1288,8.31,AgentPrefab,Agent,MoveState,Moving,Goal,11.00,0.00,11.00,9.21,0.00,9.21,9.55,0.00,9.55,PotentialField,
1289,8.32,AgentPrefab,Agent,MoveState,Moving,Goal,11.00,0.00,11.00,9.22,0.00,9.22,9.55,0.00,9.55,PotentialField,
1290,8.33,AgentPrefab,Agent,MoveState,Moving,Goal,11.00,0.00,11.00,9.23,0.00,9.23,9.55,0.00,9.55,PotentialField,
1291,8.33,AgentPrefab,Agent,MoveState,Moving,Goal,11.00,0.00,11.00,9.24,0.00,9.24,9.55,0.00,9.55,PotentialField,
1292,8.34,AgentPrefab,Agent,MoveState,Moving,Goal,11.00,0.00,11.00,9.25,0.00,9.25,9.55,0.00,9.55,PotentialField,
1293,8.35,AgentPrefab,Agent,MoveState,Moving,Goal,11.00,0.00,11.00,9.26,0.00,9.26,9.55,0.00,9.55,PotentialField,
1294,8.35,AgentPrefab,Agent,MoveState,Moving,Goal,11.00,0.00,11.00,9.27,0.00,9.27,9.55,0.00,9.55,PotentialField,
1295,8.36,AgentPrefab,Agent,MoveState,Moving,Goal,11.00,0.00,11.00,9.28,0.00,9.28,9.55,0.00,9.55,PotentialField,
1296,8.37,AgentPrefab,Agent,MoveState,Moving,Goal,11.00,0.00,11.00,9.29,0.00,9.29,9.55,0.00,9.55,PotentialField,
1297,8.37,AgentPrefab,Agent,MoveState,Moving,Goal,11.00,0.00,11.00,9.30,0.00,9.30,9.55,0.00,9.55,PotentialField,
1298,8.38,AgentPrefab,Agent,MoveState,Moving,Goal,11.00,0.00,11.00,9.31,0.00,9.31,9.55,0.00,9.55,PotentialField,
1299,8.39,AgentPrefab,Agent,MoveState,Moving,Goal,11.00,0.00,11.00,9.32,0.00,9.32,9.55,0.00,9.55,PotentialField,
1300,8.39,AgentPrefab,Agent,MoveState,Moving,Goal,11.00,0.00,11.00,9.33,0.00,9.33,9.55,0.00,9.55,PotentialField,
1301,8.40,AgentPrefab,Agent,MoveState,Moving,Goal,11.00,0.00,11.00,9.33,0.00,9.33,9.55,0.00,9.55,PotentialField,
1302,8.41,AgentPrefab,Agent,MoveState,Moving,Goal,11.00,0.00,11.00,9.34,0.00,9.34,9.55,0.00,9.55,PotentialField,
1303,8.41,AgentPrefab,Agent,MoveState,Moving,Goal,11.00,0.00,11.00,9.35,0.00,9.35,9.55,0.00,9.55,PotentialField,
1304,8.42,AgentPrefab,Agent,MoveState,Moving,Goal,11.00,0.00,11.00,9.36,0.00,9.36,9.55,0.00,9.55,PotentialField,
1305,8.43,AgentPrefab,Agent,MoveState,Moving,Goal,11.00,0.00,11.00,9.37,0.00,9.37,9.55,0.00,9.55,PotentialField,
1306,8.43,AgentPrefab,Agent,MoveState,Moving,Goal,11.00,0.00,11.00,9.38,0.00,9.38,9.55,0.00,9.55,PotentialField,
1307,8.44,AgentPrefab,Agent,MoveState,Moving,Goal,11.00,0.00,11.00,9.39,0.00,9.39,9.55,0.00,9.55,PotentialField,
1308,8.45,AgentPrefab,Agent,MoveState,Moving,Goal,11.00,0.00,11.00,9.40,0.00,9.40,9.55,0.00,9.55,PotentialField,
1309,8.45,AgentPrefab,Agent,MoveState,Moving,Goal,11.00,0.00,11.00,9.41,0.00,9.41,9.55,0.00,9.55,PotentialField,
1310,8.46,AgentPrefab,Agent,MoveState,Moving,Goal,11.00,0.00,11.00,9.42,0.00,9.42,9.55,0.00,9.55,PotentialField,
1311,8.47,AgentPrefab,Agent,MoveState,Moving,Goal,11.00,0.00,11.00,9.43,0.00,9.43,9.55,0.00,9.55,PotentialField,
1312,8.47,AgentPrefab,Agent,MoveState,Moving,Goal,11.00,0.00,11.00,9.44,0.00,9.44,9.55,0.00,9.55,PotentialField,
1313,8.48,AgentPrefab,Agent,MoveState,Moving,Goal,11.00,0.00,11.00,9.45,0.00,9.45,9.55,0.00,9.55,PotentialField,
1314,8.49,AgentPrefab,Agent,MoveState,Moving,Goal,11.00,0.00,11.00,9.45,0.00,9.45,9.55,0.00,9.55,PotentialField,
1315,8.49,AgentPrefab,Agent,MoveState,Moving,Goal,11.00,0.00,11.00,9.46,0.00,9.46,9.55,0.00,9.55,PotentialField,
1316,8.50,AgentPrefab,Agent,MoveState,Moving,Goal,11.00,0.00,11.00,9.47,0.00,9.47,9.55,0.00,9.55,PotentialField,
1317,8.51,AgentPrefab,Agent,MoveState,Moving,Goal,11.00,0.00,11.00,9.48,0.00,9.48,9.55,0.00,9.55,PotentialField,
1318,8.51,AgentPrefab,Agent,MoveState,Moving,Goal,11.00,0.00,11.00,9.49,0.00,9.49,9.55,0.00,9.55,PotentialField,
1319,8.52,AgentPrefab,Agent,MoveState,Moving,Goal,11.00,0.00,11.00,9.50,0.00,9.50,9.55,0.00,9.55,PotentialField,
1320,8.53,AgentPrefab,Agent,MoveState,Moving,Goal,11.00,0.00,11.00,9.55,0.00,9.55,9.90,0.00,9.90,PotentialField,
1321,8.53,AgentPrefab,Agent,MoveState,Moving,Goal,11.00,0.00,11.00,9.55,0.00,9.55,9.90,0.00,9.90,PotentialField,
1322,8.54,AgentPrefab,Agent,MoveState,Moving,Goal,11.00,0.00,11.00,9.56,0.00,9.56,9.90,0.00,9.90,PotentialField,
1323,8.54,AgentPrefab,Agent,MoveState,Moving,Goal,11.00,0.00,11.00,9.57,0.00,9.57,9.90,0.00,9.90,PotentialField,
1324,8.55,AgentPrefab,Agent,MoveState,Moving,Goal,11.00,0.00,11.00,9.58,0.00,9.58,9.90,0.00,9.90,PotentialField,
1325,8.56,AgentPrefab,Agent,MoveState,Moving,Goal,11.00,0.00,11.00,9.59,0.00,9.59,9.90,0.00,9.90,PotentialField,
1326,8.56,AgentPrefab,Agent,MoveState,Moving,Goal,11.00,0.00,11.00,9.60,0.00,9.60,9.90,0.00,9.90,PotentialField,
1327,8.57,AgentPrefab,Agent,MoveState,Moving,Goal,11.00,0.00,11.00,9.61,0.00,9.61,9.90,0.00,9.90,PotentialField,
1328,8.58,AgentPrefab,Agent,MoveState,Moving,Goal,11.00,0.00,11.00,9.62,0.00,9.62,9.90,0.00,9.90,PotentialField,
1329,8.58,AgentPrefab,Agent,MoveState,Moving,Goal,11.00,0.00,11.00,9.63,0.00,9.63,9.90,0.00,9.90,PotentialField,
1330,8.59,AgentPrefab,Agent,MoveState,Moving,Goal,11.00,0.00,11.00,9.64,0.00,9.64,9.90,0.00,9.90,PotentialField,
1331,8.60,AgentPrefab,Agent,MoveState,Moving,Goal,11.00,0.00,11.00,9.65,0.00,9.65,9.90,0.00,9.90,PotentialField,
1332,8.61,AgentPrefab,Agent,MoveState,Moving,Goal,11.00,0.00,11.00,9.66,0.00,9.66,9.90,0.00,9.90,PotentialField,
1333,8.61,AgentPrefab,Agent,MoveState,Moving,Goal,11.00,0.00,11.00,9.67,0.00,9.67,9.90,0.00,9.90,PotentialField,
1334,8.62,AgentPrefab,Agent,MoveState,Moving,Goal,11.00,0.00,11.00,9.68,0.00,9.68,9.90,0.00,9.90,PotentialField,
1335,8.62,AgentPrefab,Agent,MoveState,Moving,Goal,11.00,0.00,11.00,9.69,0.00,9.69,9.90,0.00,9.90,PotentialField,
1336,8.63,AgentPrefab,Agent,MoveState,Moving,Goal,11.00,0.00,11.00,9.69,0.00,9.69,9.90,0.00,9.90,PotentialField,
1337,8.64,AgentPrefab,Agent,MoveState,Moving,Goal,11.00,0.00,11.00,9.70,0.00,9.70,9.90,0.00,9.90,PotentialField,
1338,8.64,AgentPrefab,Agent,MoveState,Moving,Goal,11.00,0.00,11.00,9.71,0.00,9.71,9.90,0.00,9.90,PotentialField,
1339,8.65,AgentPrefab,Agent,MoveState,Moving,Goal,11.00,0.00,11.00,9.72,0.00,9.72,9.90,0.00,9.90,PotentialField,
1340,8.66,AgentPrefab,Agent,MoveState,Moving,Goal,11.00,0.00,11.00,9.73,0.00,9.73,9.90,0.00,9.90,PotentialField,
1341,8.67,AgentPrefab,Agent,MoveState,Moving,Goal,11.00,0.00,11.00,9.74,0.00,9.74,9.90,0.00,9.90,PotentialField,
1342,8.67,AgentPrefab,Agent,MoveState,Moving,Goal,11.00,0.00,11.00,9.75,0.00,9.75,9.90,0.00,9.90,PotentialField,
1343,8.68,AgentPrefab,Agent,MoveState,Moving,Goal,11.00,0.00,11.00,9.76,0.00,9.76,9.90,0.00,9.90,PotentialField,
1344,8.69,AgentPrefab,Agent,MoveState,Moving,Goal,11.00,0.00,11.00,9.77,0.00,9.77,9.90,0.00,9.90,PotentialField,
1345,8.69,AgentPrefab,Agent,MoveState,Moving,Goal,11.00,0.00,11.00,9.78,0.00,9.78,9.90,0.00,9.90,PotentialField,
1346,8.70,AgentPrefab,Agent,MoveState,Moving,Goal,11.00,0.00,11.00,9.79,0.00,9.79,9.90,0.00,9.90,PotentialField,
1347,8.71,AgentPrefab,Agent,MoveState,Moving,Goal,11.00,0.00,11.00,9.80,0.00,9.80,9.90,0.00,9.90,PotentialField,
1348,8.71,AgentPrefab,Agent,MoveState,Moving,Goal,11.00,0.00,11.00,9.81,0.00,9.81,9.90,0.00,9.90,PotentialField,
1349,8.72,AgentPrefab,Agent,MoveState,Moving,Goal,11.00,0.00,11.00,9.82,0.00,9.82,9.90,0.00,9.90,PotentialField,
1350,8.72,AgentPrefab,Agent,MoveState,Moving,Goal,11.00,0.00,11.00,9.83,0.00,9.83,9.90,0.00,9.90,PotentialField,
1351,8.73,AgentPrefab,Agent,MoveState,Moving,Goal,11.00,0.00,11.00,9.84,0.00,9.84,9.90,0.00,9.90,PotentialField,
1352,8.74,AgentPrefab,Agent,MoveState,Moving,Goal,11.00,0.00,11.00,9.85,0.00,9.85,9.90,0.00,9.90,PotentialField,
1353,8.75,AgentPrefab,Agent,MoveState,Moving,Goal,11.00,0.00,11.00,9.86,0.00,9.86,9.90,0.00,9.90,PotentialField,
1354,8.75,AgentPrefab,Agent,MoveState,Moving,Goal,11.00,0.00,11.00,9.90,0.00,9.90,10.25,0.00,10.25,PotentialField,
1355,8.76,AgentPrefab,Agent,MoveState,Moving,Goal,11.00,0.00,11.00,9.91,0.00,9.91,10.25,0.00,10.25,PotentialField,
1356,8.77,AgentPrefab,Agent,MoveState,Moving,Goal,11.00,0.00,11.00,9.92,0.00,9.92,10.25,0.00,10.25,PotentialField,
1357,8.77,AgentPrefab,Agent,MoveState,Moving,Goal,11.00,0.00,11.00,9.93,0.00,9.93,10.25,0.00,10.25,PotentialField,
1358,8.78,AgentPrefab,Agent,MoveState,Moving,Goal,11.00,0.00,11.00,9.94,0.00,9.94,10.25,0.00,10.25,PotentialField,
1359,8.79,AgentPrefab,Agent,MoveState,Moving,Goal,11.00,0.00,11.00,9.95,0.00,9.95,10.25,0.00,10.25,PotentialField,
1360,8.79,AgentPrefab,Agent,MoveState,Moving,Goal,11.00,0.00,11.00,9.96,0.00,9.96,10.25,0.00,10.25,PotentialField,
1361,8.80,AgentPrefab,Agent,MoveState,Moving,Goal,11.00,0.00,11.00,9.97,0.00,9.97,10.25,0.00,10.25,PotentialField,
1362,8.81,AgentPrefab,Agent,MoveState,Moving,Goal,11.00,0.00,11.00,9.98,0.00,9.98,10.25,0.00,10.25,PotentialField,
1363,8.81,AgentPrefab,Agent,MoveState,Moving,Goal,11.00,0.00,11.00,9.99,0.00,9.99,10.25,0.00,10.25,PotentialField,
1364,8.82,AgentPrefab,Agent,MoveState,Moving,Goal,11.00,0.00,11.00,9.99,0.00,9.99,10.25,0.00,10.25,PotentialField,
1365,8.83,AgentPrefab,Agent,MoveState,Moving,Goal,11.00,0.00,11.00,10.01,0.00,10.01,10.25,0.00,10.25,PotentialField,
1366,8.83,AgentPrefab,Agent,MoveState,Moving,Goal,11.00,0.00,11.00,10.01,0.00,10.01,10.25,0.00,10.25,PotentialField,
1367,8.84,AgentPrefab,Agent,MoveState,Moving,Goal,11.00,0.00,11.00,10.02,0.00,10.02,10.25,0.00,10.25,PotentialField,
1368,8.85,AgentPrefab,Agent,MoveState,Moving,Goal,11.00,0.00,11.00,10.03,0.00,10.03,10.25,0.00,10.25,PotentialField,
1369,8.85,AgentPrefab,Agent,MoveState,Moving,Goal,11.00,0.00,11.00,10.04,0.00,10.04,10.25,0.00,10.25,PotentialField,
1370,8.86,AgentPrefab,Agent,MoveState,Moving,Goal,11.00,0.00,11.00,10.05,0.00,10.05,10.25,0.00,10.25,PotentialField,
1371,8.87,AgentPrefab,Agent,MoveState,Moving,Goal,11.00,0.00,11.00,10.06,0.00,10.06,10.25,0.00,10.25,PotentialField,
1372,8.87,AgentPrefab,Agent,MoveState,Moving,Goal,11.00,0.00,11.00,10.07,0.00,10.07,10.25,0.00,10.25,PotentialField,
1373,8.88,AgentPrefab,Agent,MoveState,Moving,Goal,11.00,0.00,11.00,10.08,0.00,10.08,10.25,0.00,10.25,PotentialField,
1374,8.89,AgentPrefab,Agent,MoveState,Moving,Goal,11.00,0.00,11.00,10.09,0.00,10.09,10.25,0.00,10.25,PotentialField,
1375,8.89,AgentPrefab,Agent,MoveState,Moving,Goal,11.00,0.00,11.00,10.10,0.00,10.10,10.25,0.00,10.25,PotentialField,
1376,8.90,AgentPrefab,Agent,MoveState,Moving,Goal,11.00,0.00,11.00,10.11,0.00,10.11,10.25,0.00,10.25,PotentialField,
1377,8.91,AgentPrefab,Agent,MoveState,Moving,Goal,11.00,0.00,11.00,10.12,0.00,10.12,10.25,0.00,10.25,PotentialField,
1378,8.91,AgentPrefab,Agent,MoveState,Moving,Goal,11.00,0.00,11.00,10.13,0.00,10.13,10.25,0.00,10.25,PotentialField,
1379,8.92,AgentPrefab,Agent,MoveState,Moving,Goal,11.00,0.00,11.00,10.13,0.00,10.13,10.25,0.00,10.25,PotentialField,
1380,8.92,AgentPrefab,Agent,MoveState,Moving,Goal,11.00,0.00,11.00,10.14,0.00,10.14,10.25,0.00,10.25,PotentialField,
1381,8.93,AgentPrefab,Agent,MoveState,Moving,Goal,11.00,0.00,11.00,10.15,0.00,10.15,10.25,0.00,10.25,PotentialField,
1382,8.94,AgentPrefab,Agent,MoveState,Moving,Goal,11.00,0.00,11.00,10.16,0.00,10.16,10.25,0.00,10.25,PotentialField,
1383,8.95,AgentPrefab,Agent,MoveState,Moving,Goal,11.00,0.00,11.00,10.17,0.00,10.17,10.25,0.00,10.25,PotentialField,
1384,8.95,AgentPrefab,Agent,MoveState,Moving,Goal,11.00,0.00,11.00,10.18,0.00,10.18,10.25,0.00,10.25,PotentialField,
1385,8.96,AgentPrefab,Agent,MoveState,Moving,Goal,11.00,0.00,11.00,10.19,0.00,10.19,10.25,0.00,10.25,PotentialField,
1386,8.97,AgentPrefab,Agent,MoveState,Moving,Goal,11.00,0.00,11.00,10.20,0.00,10.20,10.25,0.00,10.25,PotentialField,
1387,8.99,AgentPrefab,Agent,MoveState,Moving,Goal,11.00,0.00,11.00,10.25,0.00,10.25,10.61,0.00,10.61,PotentialField,
1388,8.99,AgentPrefab,Agent,MoveState,Moving,Goal,11.00,0.00,11.00,10.28,0.00,10.28,10.61,0.00,10.61,PotentialField,
1389,9.00,AgentPrefab,Agent,MoveState,Moving,Goal,11.00,0.00,11.00,10.28,0.00,10.28,10.61,0.00,10.61,PotentialField,
1390,9.01,AgentPrefab,Agent,MoveState,Moving,Goal,11.00,0.00,11.00,10.29,0.00,10.29,10.61,0.00,10.61,PotentialField,
1391,9.01,AgentPrefab,Agent,MoveState,Moving,Goal,11.00,0.00,11.00,10.30,0.00,10.30,10.61,0.00,10.61,PotentialField,
1392,9.02,AgentPrefab,Agent,MoveState,Moving,Goal,11.00,0.00,11.00,10.31,0.00,10.31,10.61,0.00,10.61,PotentialField,
1393,9.03,AgentPrefab,Agent,MoveState,Moving,Goal,11.00,0.00,11.00,10.32,0.00,10.32,10.61,0.00,10.61,PotentialField,
1394,9.03,AgentPrefab,Agent,MoveState,Moving,Goal,11.00,0.00,11.00,10.33,0.00,10.33,10.61,0.00,10.61,PotentialField,
1395,9.04,AgentPrefab,Agent,MoveState,Moving,Goal,11.00,0.00,11.00,10.34,0.00,10.34,10.61,0.00,10.61,PotentialField,
1396,9.04,AgentPrefab,Agent,MoveState,Moving,Goal,11.00,0.00,11.00,10.35,0.00,10.35,10.61,0.00,10.61,PotentialField,
1397,9.05,AgentPrefab,Agent,MoveState,Moving,Goal,11.00,0.00,11.00,10.36,0.00,10.36,10.61,0.00,10.61,PotentialField,
1398,9.06,AgentPrefab,Agent,MoveState,Moving,Goal,11.00,0.00,11.00,10.37,0.00,10.37,10.61,0.00,10.61,PotentialField,
1399,9.07,AgentPrefab,Agent,MoveState,Moving,Goal,11.00,0.00,11.00,10.38,0.00,10.38,10.61,0.00,10.61,PotentialField,
1400,9.07,AgentPrefab,Agent,MoveState,Moving,Goal,11.00,0.00,11.00,10.39,0.00,10.39,10.61,0.00,10.61,PotentialField,
1401,9.08,AgentPrefab,Agent,MoveState,Moving,Goal,11.00,0.00,11.00,10.40,0.00,10.40,10.61,0.00,10.61,PotentialField,
1402,9.08,AgentPrefab,Agent,MoveState,Moving,Goal,11.00,0.00,11.00,10.40,0.00,10.40,10.61,0.00,10.61,PotentialField,
1403,9.09,AgentPrefab,Agent,MoveState,Moving,Goal,11.00,0.00,11.00,10.41,0.00,10.41,10.61,0.00,10.61,PotentialField,
1404,9.10,AgentPrefab,Agent,MoveState,Moving,Goal,11.00,0.00,11.00,10.42,0.00,10.42,10.61,0.00,10.61,PotentialField,
1405,9.11,AgentPrefab,Agent,MoveState,Moving,Goal,11.00,0.00,11.00,10.43,0.00,10.43,10.61,0.00,10.61,PotentialField,
1406,9.11,AgentPrefab,Agent,MoveState,Moving,Goal,11.00,0.00,11.00,10.44,0.00,10.44,10.61,0.00,10.61,PotentialField,
1407,9.12,AgentPrefab,Agent,MoveState,Moving,Goal,11.00,0.00,11.00,10.45,0.00,10.45,10.61,0.00,10.61,PotentialField,
1408,9.12,AgentPrefab,Agent,MoveState,Moving,Goal,11.00,0.00,11.00,10.46,0.00,10.46,10.61,0.00,10.61,PotentialField,
1409,9.13,AgentPrefab,Agent,MoveState,Moving,Goal,11.00,0.00,11.00,10.47,0.00,10.47,10.61,0.00,10.61,PotentialField,
1410,9.14,AgentPrefab,Agent,MoveState,Moving,Goal,11.00,0.00,11.00,10.48,0.00,10.48,10.61,0.00,10.61,PotentialField,
1411,9.14,AgentPrefab,Agent,MoveState,Moving,Goal,11.00,0.00,11.00,10.49,0.00,10.49,10.61,0.00,10.61,PotentialField,
1412,9.15,AgentPrefab,Agent,MoveState,Moving,Goal,11.00,0.00,11.00,10.50,0.00,10.50,10.61,0.00,10.61,PotentialField,
1413,9.16,AgentPrefab,Agent,MoveState,Moving,Goal,11.00,0.00,11.00,10.51,0.00,10.51,10.61,0.00,10.61,PotentialField,
1414,9.16,AgentPrefab,Agent,MoveState,Moving,Goal,11.00,0.00,11.00,10.52,0.00,10.52,10.61,0.00,10.61,PotentialField,
1415,9.17,AgentPrefab,Agent,MoveState,Moving,Goal,11.00,0.00,11.00,10.53,0.00,10.53,10.61,0.00,10.61,PotentialField,
1416,9.18,AgentPrefab,Agent,MoveState,Moving,Goal,11.00,0.00,11.00,10.54,0.00,10.54,10.61,0.00,10.61,PotentialField,
1417,9.18,AgentPrefab,Agent,MoveState,Moving,Goal,11.00,0.00,11.00,10.55,0.00,10.55,10.61,0.00,10.61,PotentialField,
1418,9.19,AgentPrefab,Agent,MoveState,Moving,Goal,11.00,0.00,11.00,10.56,0.00,10.56,10.61,0.00,10.61,PotentialField,
1419,9.20,AgentPrefab,Agent,MoveState,Moving,Goal,11.00,0.00,11.00,10.56,0.00,10.56,10.61,0.00,10.61,PotentialField,
1420,9.20,AgentPrefab,Agent,MoveState,Moving,Goal,11.00,0.00,11.00,10.61,0.00,10.61,10.96,0.00,10.96,PotentialField,
1421,9.21,AgentPrefab,Agent,MoveState,Moving,Goal,11.00,0.00,11.00,10.62,0.00,10.62,10.96,0.00,10.96,PotentialField,
1422,9.22,AgentPrefab,Agent,MoveState,Moving,Goal,11.00,0.00,11.00,10.62,0.00,10.62,10.96,0.00,10.96,PotentialField,
1423,9.22,AgentPrefab,Agent,MoveState,Moving,Goal,11.00,0.00,11.00,10.63,0.00,10.63,10.96,0.00,10.96,PotentialField,
1424,9.23,AgentPrefab,Agent,MoveState,Moving,Goal,11.00,0.00,11.00,10.64,0.00,10.64,10.96,0.00,10.96,PotentialField,
1425,9.24,AgentPrefab,Agent,MoveState,Moving,Goal,11.00,0.00,11.00,10.65,0.00,10.65,10.96,0.00,10.96,PotentialField,
1426,9.24,AgentPrefab,Agent,MoveState,Moving,Goal,11.00,0.00,11.00,10.66,0.00,10.66,10.96,0.00,10.96,PotentialField,
1427,9.25,AgentPrefab,Agent,MoveState,Moving,Goal,11.00,0.00,11.00,10.67,0.00,10.67,10.96,0.00,10.96,PotentialField,
1428,9.26,AgentPrefab,Agent,MoveState,Moving,Goal,11.00,0.00,11.00,10.68,0.00,10.68,10.96,0.00,10.96,PotentialField,
1429,9.26,AgentPrefab,Agent,MoveState,Moving,Goal,11.00,0.00,11.00,10.69,0.00,10.69,10.96,0.00,10.96,PotentialField,
1430,9.27,AgentPrefab,Agent,MoveState,Moving,Goal,11.00,0.00,11.00,10.70,0.00,10.70,10.96,0.00,10.96,PotentialField,
1431,9.28,AgentPrefab,Agent,MoveState,Moving,Goal,11.00,0.00,11.00,10.71,0.00,10.71,10.96,0.00,10.96,PotentialField,
1432,9.28,AgentPrefab,Agent,MoveState,Moving,Goal,11.00,0.00,11.00,10.72,0.00,10.72,10.96,0.00,10.96,PotentialField,
1433,9.29,AgentPrefab,Agent,MoveState,Moving,Goal,11.00,0.00,11.00,10.73,0.00,10.73,10.96,0.00,10.96,PotentialField,
1434,9.30,AgentPrefab,Agent,MoveState,Moving,Goal,11.00,0.00,11.00,10.74,0.00,10.74,10.96,0.00,10.96,PotentialField,
1435,9.30,AgentPrefab,Agent,MoveState,Moving,Goal,11.00,0.00,11.00,10.75,0.00,10.75,10.96,0.00,10.96,PotentialField,
1436,9.31,AgentPrefab,Agent,MoveState,Moving,Goal,11.00,0.00,11.00,10.76,0.00,10.76,10.96,0.00,10.96,PotentialField,
1437,9.32,AgentPrefab,Agent,MoveState,Moving,Goal,11.00,0.00,11.00,10.77,0.00,10.77,10.96,0.00,10.96,PotentialField,
1438,9.33,AgentPrefab,Agent,MoveState,Moving,Goal,11.00,0.00,11.00,10.78,0.00,10.78,10.96,0.00,10.96,PotentialField,
1439,9.33,AgentPrefab,Agent,MoveState,Moving,Goal,11.00,0.00,11.00,10.79,0.00,10.79,10.96,0.00,10.96,PotentialField,
1440,9.34,AgentPrefab,Agent,MoveState,Moving,Goal,11.00,0.00,11.00,10.80,0.00,10.80,10.96,0.00,10.96,PotentialField,
1441,9.35,AgentPrefab,Agent,MoveState,Moving,Goal,11.00,0.00,11.00,10.81,0.00,10.81,10.96,0.00,10.96,PotentialField,
1442,9.35,AgentPrefab,Agent,MoveState,Moving,Goal,11.00,0.00,11.00,10.82,0.00,10.82,10.96,0.00,10.96,PotentialField,
1443,9.36,AgentPrefab,Agent,MoveState,Moving,Goal,11.00,0.00,11.00,10.83,0.00,10.83,10.96,0.00,10.96,PotentialField,
1444,9.37,AgentPrefab,Agent,MoveState,Moving,Goal,11.00,0.00,11.00,10.83,0.00,10.83,10.96,0.00,10.96,PotentialField,
1445,9.37,AgentPrefab,Agent,MoveState,Moving,Goal,11.00,0.00,11.00,10.85,0.00,10.85,10.96,0.00,10.96,PotentialField,
1446,9.38,AgentPrefab,Agent,MoveState,Moving,Goal,11.00,0.00,11.00,10.85,0.00,10.85,10.96,0.00,10.96,PotentialField,
1447,9.39,AgentPrefab,Agent,MoveState,Moving,Goal,11.00,0.00,11.00,10.86,0.00,10.86,10.96,0.00,10.96,PotentialField,
1448,9.39,AgentPrefab,Agent,MoveState,Moving,Goal,11.00,0.00,11.00,10.87,0.00,10.87,10.96,0.00,10.96,PotentialField,
1449,9.40,AgentPrefab,Agent,MoveState,Moving,Goal,11.00,0.00,11.00,10.88,0.00,10.88,10.96,0.00,10.96,PotentialField,
1450,9.41,AgentPrefab,Agent,MoveState,Moving,Goal,11.00,0.00,11.00,10.89,0.00,10.89,10.96,0.00,10.96,PotentialField,
1451,9.41,AgentPrefab,Agent,MoveState,Moving,Goal,11.00,0.00,11.00,10.90,0.00,10.90,10.96,0.00,10.96,PotentialField,
1452,9.42,AgentPrefab,Agent,MoveState,Moving,Goal,11.00,0.00,11.00,10.91,0.00,10.91,10.96,0.00,10.96,PotentialField,
1453,9.43,AgentPrefab,Agent,MoveState,Moving,Goal,11.00,0.00,11.00,10.92,0.00,10.92,10.96,0.00,10.96,PotentialField,
1454,9.43,AgentPrefab,Agent,MoveState,Moving,Goal,11.00,0.00,11.00,10.96,0.00,10.96,11.00,0.00,11.00,PotentialField,
1454,9.43,AIManager,Performance,Pathfinding,Executed,PotentialField,0.00,0.00,0.00,0.00,0.00,0.00,0.00,0.00,0.00,PotentialField,0.019
1454,9.43,AgentPrefab,Agent,MoveState,Moving,Goal,20.00,0.00,10.00,11.00,0.00,11.00,11.00,0.00,11.00,PotentialField,
1455,9.45,AgentPrefab,Agent,MoveState,Moving,Goal,20.00,0.00,10.00,11.00,0.00,11.00,11.00,0.00,11.00,PotentialField,
1456,9.46,AgentPrefab,Agent,MoveState,Moving,Goal,20.00,0.00,10.00,11.00,0.00,11.00,11.50,0.00,10.94,PotentialField,
1457,9.46,AgentPrefab,Agent,MoveState,Moving,Goal,20.00,0.00,10.00,11.01,0.00,11.00,11.50,0.00,10.94,PotentialField,
1458,9.47,AgentPrefab,Agent,MoveState,Moving,Goal,20.00,0.00,10.00,11.03,0.00,11.00,11.50,0.00,10.94,PotentialField,
1459,9.48,AgentPrefab,Agent,MoveState,Moving,Goal,20.00,0.00,10.00,11.04,0.00,11.00,11.50,0.00,10.94,PotentialField,
1460,9.48,AgentPrefab,Agent,MoveState,Moving,Goal,20.00,0.00,10.00,11.05,0.00,10.99,11.50,0.00,10.94,PotentialField,
1461,9.49,AgentPrefab,Agent,MoveState,Moving,Goal,20.00,0.00,10.00,11.07,0.00,10.99,11.50,0.00,10.94,PotentialField,
1462,9.50,AgentPrefab,Agent,MoveState,Moving,Goal,20.00,0.00,10.00,11.08,0.00,10.99,11.50,0.00,10.94,PotentialField,
1463,9.51,AgentPrefab,Agent,MoveState,Moving,Goal,20.00,0.00,10.00,11.09,0.00,10.99,11.50,0.00,10.94,PotentialField,
1464,9.51,AgentPrefab,Agent,MoveState,Moving,Goal,20.00,0.00,10.00,11.11,0.00,10.99,11.50,0.00,10.94,PotentialField,
1465,9.52,AgentPrefab,Agent,MoveState,Moving,Goal,20.00,0.00,10.00,11.12,0.00,10.99,11.50,0.00,10.94,PotentialField,
1466,9.52,AgentPrefab,Agent,MoveState,Moving,Goal,20.00,0.00,10.00,11.13,0.00,10.99,11.50,0.00,10.94,PotentialField,
1467,9.53,AgentPrefab,Agent,MoveState,Moving,Goal,20.00,0.00,10.00,11.15,0.00,10.98,11.50,0.00,10.94,PotentialField,
1468,9.54,AgentPrefab,Agent,MoveState,Moving,Goal,20.00,0.00,10.00,11.16,0.00,10.98,11.50,0.00,10.94,PotentialField,
1469,9.54,AgentPrefab,Agent,MoveState,Moving,Goal,20.00,0.00,10.00,11.17,0.00,10.98,11.50,0.00,10.94,PotentialField,
1470,9.55,AgentPrefab,Agent,MoveState,Moving,Goal,20.00,0.00,10.00,11.18,0.00,10.98,11.50,0.00,10.94,PotentialField,
1471,9.56,AgentPrefab,Agent,MoveState,Moving,Goal,20.00,0.00,10.00,11.20,0.00,10.98,11.50,0.00,10.94,PotentialField,
1472,9.57,AgentPrefab,Agent,MoveState,Moving,Goal,20.00,0.00,10.00,11.22,0.00,10.98,11.50,0.00,10.94,PotentialField,
1473,9.57,AgentPrefab,Agent,MoveState,Moving,Goal,20.00,0.00,10.00,11.23,0.00,10.97,11.50,0.00,10.94,PotentialField,
1474,9.58,AgentPrefab,Agent,MoveState,Moving,Goal,20.00,0.00,10.00,11.24,0.00,10.97,11.50,0.00,10.94,PotentialField,
1475,9.59,AgentPrefab,Agent,MoveState,Moving,Goal,20.00,0.00,10.00,11.26,0.00,10.97,11.50,0.00,10.94,PotentialField,
1476,9.59,AgentPrefab,Agent,MoveState,Moving,Goal,20.00,0.00,10.00,11.27,0.00,10.97,11.50,0.00,10.94,PotentialField,
1477,9.60,AgentPrefab,Agent,MoveState,Moving,Goal,20.00,0.00,10.00,11.28,0.00,10.97,11.50,0.00,10.94,PotentialField,
1478,9.61,AgentPrefab,Agent,MoveState,Moving,Goal,20.00,0.00,10.00,11.30,0.00,10.97,11.50,0.00,10.94,PotentialField,
1479,9.62,AgentPrefab,Agent,MoveState,Moving,Goal,20.00,0.00,10.00,11.31,0.00,10.97,11.50,0.00,10.94,PotentialField,
1480,9.62,AgentPrefab,Agent,MoveState,Moving,Goal,20.00,0.00,10.00,11.33,0.00,10.96,11.50,0.00,10.94,PotentialField,
1481,9.63,AgentPrefab,Agent,MoveState,Moving,Goal,20.00,0.00,10.00,11.34,0.00,10.96,11.50,0.00,10.94,PotentialField,
1482,9.64,AgentPrefab,Agent,MoveState,Moving,Goal,20.00,0.00,10.00,11.35,0.00,10.96,11.50,0.00,10.94,PotentialField,
1483,9.64,AgentPrefab,Agent,MoveState,Moving,Goal,20.00,0.00,10.00,11.36,0.00,10.96,11.50,0.00,10.94,PotentialField,
1484,9.65,AgentPrefab,Agent,MoveState,Moving,Goal,20.00,0.00,10.00,11.38,0.00,10.96,11.50,0.00,10.94,PotentialField,
1485,9.66,AgentPrefab,Agent,MoveState,Moving,Goal,20.00,0.00,10.00,11.39,0.00,10.96,11.50,0.00,10.94,PotentialField,
1486,9.66,AgentPrefab,Agent,MoveState,Moving,Goal,20.00,0.00,10.00,11.41,0.00,10.95,11.50,0.00,10.94,PotentialField,
1487,9.67,AgentPrefab,Agent,MoveState,Moving,Goal,20.00,0.00,10.00,11.42,0.00,10.95,11.50,0.00,10.94,PotentialField,
1488,9.68,AgentPrefab,Agent,MoveState,Moving,Goal,20.00,0.00,10.00,11.43,0.00,10.95,11.50,0.00,10.94,PotentialField,
1489,9.68,AgentPrefab,Agent,MoveState,Moving,Goal,20.00,0.00,10.00,11.44,0.00,10.95,11.50,0.00,10.94,PotentialField,
1490,9.69,AgentPrefab,Agent,MoveState,Moving,Goal,20.00,0.00,10.00,11.50,0.00,10.94,11.99,0.00,10.89,PotentialField,
1491,9.70,AgentPrefab,Agent,MoveState,Moving,Goal,20.00,0.00,10.00,11.51,0.00,10.94,11.99,0.00,10.89,PotentialField,
1492,9.70,AgentPrefab,Agent,MoveState,Moving,Goal,20.00,0.00,10.00,11.52,0.00,10.94,11.99,0.00,10.89,PotentialField,
1493,9.71,AgentPrefab,Agent,MoveState,Moving,Goal,20.00,0.00,10.00,11.54,0.00,10.94,11.99,0.00,10.89,PotentialField,
1494,9.72,AgentPrefab,Agent,MoveState,Moving,Goal,20.00,0.00,10.00,11.55,0.00,10.94,11.99,0.00,10.89,PotentialField,
1495,9.72,AgentPrefab,Agent,MoveState,Moving,Goal,20.00,0.00,10.00,11.56,0.00,10.94,11.99,0.00,10.89,PotentialField,
1496,9.73,AgentPrefab,Agent,MoveState,Moving,Goal,20.00,0.00,10.00,11.58,0.00,10.94,11.99,0.00,10.89,PotentialField,
1497,9.74,AgentPrefab,Agent,MoveState,Moving,Goal,20.00,0.00,10.00,11.59,0.00,10.93,11.99,0.00,10.89,PotentialField,
1498,9.74,AgentPrefab,Agent,MoveState,Moving,Goal,20.00,0.00,10.00,11.60,0.00,10.93,11.99,0.00,10.89,PotentialField,
1499,9.75,AgentPrefab,Agent,MoveState,Moving,Goal,20.00,0.00,10.00,11.62,0.00,10.93,11.99,0.00,10.89,PotentialField,
1500,9.76,AgentPrefab,Agent,MoveState,Moving,Goal,20.00,0.00,10.00,11.63,0.00,10.93,11.99,0.00,10.89,PotentialField,
1501,9.76,AgentPrefab,Agent,MoveState,Moving,Goal,20.00,0.00,10.00,11.64,0.00,10.93,11.99,0.00,10.89,PotentialField,
1502,9.77,AgentPrefab,Agent,MoveState,Moving,Goal,20.00,0.00,10.00,11.66,0.00,10.93,11.99,0.00,10.89,PotentialField,
1503,9.78,AgentPrefab,Agent,MoveState,Moving,Goal,20.00,0.00,10.00,11.67,0.00,10.93,11.99,0.00,10.89,PotentialField,
1504,9.78,AgentPrefab,Agent,MoveState,Moving,Goal,20.00,0.00,10.00,11.68,0.00,10.92,11.99,0.00,10.89,PotentialField,
1505,9.79,AgentPrefab,Agent,MoveState,Moving,Goal,20.00,0.00,10.00,11.70,0.00,10.92,11.99,0.00,10.89,PotentialField,
1506,9.80,AgentPrefab,Agent,MoveState,Moving,Goal,20.00,0.00,10.00,11.71,0.00,10.92,11.99,0.00,10.89,PotentialField,
1507,9.80,AgentPrefab,Agent,MoveState,Moving,Goal,20.00,0.00,10.00,11.72,0.00,10.92,11.99,0.00,10.89,PotentialField,
1508,9.81,AgentPrefab,Agent,MoveState,Moving,Goal,20.00,0.00,10.00,11.74,0.00,10.92,11.99,0.00,10.89,PotentialField,
1509,9.82,AgentPrefab,Agent,MoveState,Moving,Goal,20.00,0.00,10.00,11.75,0.00,10.92,11.99,0.00,10.89,PotentialField,
1510,9.82,AgentPrefab,Agent,MoveState,Moving,Goal,20.00,0.00,10.00,11.76,0.00,10.92,11.99,0.00,10.89,PotentialField,
1511,9.83,AgentPrefab,Agent,MoveState,Moving,Goal,20.00,0.00,10.00,11.78,0.00,10.91,11.99,0.00,10.89,PotentialField,
1512,9.84,AgentPrefab,Agent,MoveState,Moving,Goal,20.00,0.00,10.00,11.79,0.00,10.91,11.99,0.00,10.89,PotentialField,
1513,9.84,AgentPrefab,Agent,MoveState,Moving,Goal,20.00,0.00,10.00,11.80,0.00,10.91,11.99,0.00,10.89,PotentialField,
1514,9.85,AgentPrefab,Agent,MoveState,Moving,Goal,20.00,0.00,10.00,11.82,0.00,10.91,11.99,0.00,10.89,PotentialField,
1515,9.86,AgentPrefab,Agent,MoveState,Moving,Goal,20.00,0.00,10.00,11.83,0.00,10.91,11.99,0.00,10.89,PotentialField,
1516,9.86,AgentPrefab,Agent,MoveState,Moving,Goal,20.00,0.00,10.00,11.85,0.00,10.91,11.99,0.00,10.89,PotentialField,
1517,9.87,AgentPrefab,Agent,MoveState,Moving,Goal,20.00,0.00,10.00,11.86,0.00,10.90,11.99,0.00,10.89,PotentialField,
1518,9.88,AgentPrefab,Agent,MoveState,Moving,Goal,20.00,0.00,10.00,11.87,0.00,10.90,11.99,0.00,10.89,PotentialField,
1519,9.88,AgentPrefab,Agent,MoveState,Moving,Goal,20.00,0.00,10.00,11.88,0.00,10.90,11.99,0.00,10.89,PotentialField,
1520,9.89,AgentPrefab,Agent,MoveState,Moving,Goal,20.00,0.00,10.00,11.90,0.00,10.90,11.99,0.00,10.89,PotentialField,
1521,9.90,AgentPrefab,Agent,MoveState,Moving,Goal,20.00,0.00,10.00,11.91,0.00,10.90,11.99,0.00,10.89,PotentialField,
1522,9.91,AgentPrefab,Agent,MoveState,Moving,Goal,20.00,0.00,10.00,11.93,0.00,10.90,11.99,0.00,10.89,PotentialField,
1523,9.91,AgentPrefab,Agent,MoveState,Moving,Goal,20.00,0.00,10.00,11.94,0.00,10.90,11.99,0.00,10.89,PotentialField,
1524,9.92,AgentPrefab,Agent,MoveState,Moving,Goal,20.00,0.00,10.00,11.99,0.00,10.89,12.49,0.00,10.83,PotentialField,
1525,9.93,AgentPrefab,Agent,MoveState,Moving,Goal,20.00,0.00,10.00,12.01,0.00,10.89,12.49,0.00,10.83,PotentialField,
1526,9.93,AgentPrefab,Agent,MoveState,Moving,Goal,20.00,0.00,10.00,12.02,0.00,10.89,12.49,0.00,10.83,PotentialField,
1527,9.94,AgentPrefab,Agent,MoveState,Moving,Goal,20.00,0.00,10.00,12.04,0.00,10.88,12.49,0.00,10.83,PotentialField,
1528,9.95,AgentPrefab,Agent,MoveState,Moving,Goal,20.00,0.00,10.00,12.05,0.00,10.88,12.49,0.00,10.83,PotentialField,
1529,9.95,AgentPrefab,Agent,MoveState,Moving,Goal,20.00,0.00,10.00,12.06,0.00,10.88,12.49,0.00,10.83,PotentialField,
1530,9.96,AgentPrefab,Agent,MoveState,Moving,Goal,20.00,0.00,10.00,12.08,0.00,10.88,12.49,0.00,10.83,PotentialField,
1531,9.97,AgentPrefab,Agent,MoveState,Moving,Goal,20.00,0.00,10.00,12.09,0.00,10.88,12.49,0.00,10.83,PotentialField,
1532,9.97,AgentPrefab,Agent,MoveState,Moving,Goal,20.00,0.00,10.00,12.10,0.00,10.88,12.49,0.00,10.83,PotentialField,
1533,9.98,AgentPrefab,Agent,MoveState,Moving,Goal,20.00,0.00,10.00,12.11,0.00,10.88,12.49,0.00,10.83,PotentialField,
1534,9.99,AgentPrefab,Agent,MoveState,Moving,Goal,20.00,0.00,10.00,12.13,0.00,10.87,12.49,0.00,10.83,PotentialField,
1535,9.99,AgentPrefab,Agent,MoveState,Moving,Goal,20.00,0.00,10.00,12.14,0.00,10.87,12.49,0.00,10.83,PotentialField,
1536,10.00,AgentPrefab,Agent,MoveState,Moving,Goal,20.00,0.00,10.00,12.15,0.00,10.87,12.49,0.00,10.83,PotentialField,
1537,10.01,AgentPrefab,Agent,MoveState,Moving,Goal,20.00,0.00,10.00,12.17,0.00,10.87,12.49,0.00,10.83,PotentialField,
1538,10.01,AgentPrefab,Agent,MoveState,Moving,Goal,20.00,0.00,10.00,12.18,0.00,10.87,12.49,0.00,10.83,PotentialField,
1539,10.02,AgentPrefab,Agent,MoveState,Moving,Goal,20.00,0.00,10.00,12.19,0.00,10.87,12.49,0.00,10.83,PotentialField,
1540,10.03,AgentPrefab,Agent,MoveState,Moving,Goal,20.00,0.00,10.00,12.21,0.00,10.87,12.49,0.00,10.83,PotentialField,
1541,10.03,AgentPrefab,Agent,MoveState,Moving,Goal,20.00,0.00,10.00,12.22,0.00,10.86,12.49,0.00,10.83,PotentialField,
1542,10.04,AgentPrefab,Agent,MoveState,Moving,Goal,20.00,0.00,10.00,12.23,0.00,10.86,12.49,0.00,10.83,PotentialField,
1543,10.05,AgentPrefab,Agent,MoveState,Moving,Goal,20.00,0.00,10.00,12.25,0.00,10.86,12.49,0.00,10.83,PotentialField,
1544,10.05,AgentPrefab,Agent,MoveState,Moving,Goal,20.00,0.00,10.00,12.26,0.00,10.86,12.49,0.00,10.83,PotentialField,
1545,10.06,AgentPrefab,Agent,MoveState,Moving,Goal,20.00,0.00,10.00,12.27,0.00,10.86,12.49,0.00,10.83,PotentialField,
1546,10.07,AgentPrefab,Agent,MoveState,Moving,Goal,20.00,0.00,10.00,12.29,0.00,10.86,12.49,0.00,10.83,PotentialField,
1547,10.07,AgentPrefab,Agent,MoveState,Moving,Goal,20.00,0.00,10.00,12.30,0.00,10.86,12.49,0.00,10.83,PotentialField,
1548,10.08,AgentPrefab,Agent,MoveState,Moving,Goal,20.00,0.00,10.00,12.32,0.00,10.85,12.49,0.00,10.83,PotentialField,
1549,10.09,AgentPrefab,Agent,MoveState,Moving,Goal,20.00,0.00,10.00,12.33,0.00,10.85,12.49,0.00,10.83,PotentialField,
1550,10.10,AgentPrefab,Agent,MoveState,Moving,Goal,20.00,0.00,10.00,12.34,0.00,10.85,12.49,0.00,10.83,PotentialField,
1551,10.11,AgentPrefab,Agent,MoveState,Moving,Goal,20.00,0.00,10.00,12.36,0.00,10.85,12.49,0.00,10.83,PotentialField,
1552,10.12,AgentPrefab,Agent,MoveState,Moving,Goal,20.00,0.00,10.00,12.39,0.00,10.85,12.49,0.00,10.83,PotentialField,
1553,10.13,AgentPrefab,Agent,MoveState,Moving,Goal,20.00,0.00,10.00,12.41,0.00,10.84,12.49,0.00,10.83,PotentialField,
1554,10.14,AgentPrefab,Agent,MoveState,Moving,Goal,20.00,0.00,10.00,12.43,0.00,10.84,12.49,0.00,10.83,PotentialField,
1555,10.14,AgentPrefab,Agent,MoveState,Moving,Goal,20.00,0.00,10.00,12.44,0.00,10.84,12.49,0.00,10.83,PotentialField,
1556,10.15,AgentPrefab,Agent,MoveState,Moving,Goal,20.00,0.00,10.00,12.49,0.00,10.83,12.99,0.00,10.78,PotentialField,
1557,10.16,AgentPrefab,Agent,MoveState,Moving,Goal,20.00,0.00,10.00,12.51,0.00,10.83,12.99,0.00,10.78,PotentialField,
1558,10.17,AgentPrefab,Agent,MoveState,Moving,Goal,20.00,0.00,10.00,12.52,0.00,10.83,12.99,0.00,10.78,PotentialField,
1559,10.17,AgentPrefab,Agent,MoveState,Moving,Goal,20.00,0.00,10.00,12.53,0.00,10.83,12.99,0.00,10.78,PotentialField,
1560,10.18,AgentPrefab,Agent,MoveState,Moving,Goal,20.00,0.00,10.00,12.55,0.00,10.83,12.99,0.00,10.78,PotentialField,
1561,10.19,AgentPrefab,Agent,MoveState,Moving,Goal,20.00,0.00,10.00,12.56,0.00,10.83,12.99,0.00,10.78,PotentialField,
1562,10.19,AgentPrefab,Agent,MoveState,Moving,Goal,20.00,0.00,10.00,12.57,0.00,10.83,12.99,0.00,10.78,PotentialField,
1563,10.20,AgentPrefab,Agent,MoveState,Moving,Goal,20.00,0.00,10.00,12.59,0.00,10.82,12.99,0.00,10.78,PotentialField,
1564,10.21,AgentPrefab,Agent,MoveState,Moving,Goal,20.00,0.00,10.00,12.60,0.00,10.82,12.99,0.00,10.78,PotentialField,
1565,10.21,AgentPrefab,Agent,MoveState,Moving,Goal,20.00,0.00,10.00,12.61,0.00,10.82,12.99,0.00,10.78,PotentialField,
1566,10.22,AgentPrefab,Agent,MoveState,Moving,Goal,20.00,0.00,10.00,12.63,0.00,10.82,12.99,0.00,10.78,PotentialField,
1567,10.23,AgentPrefab,Agent,MoveState,Moving,Goal,20.00,0.00,10.00,12.64,0.00,10.82,12.99,0.00,10.78,PotentialField,
1568,10.23,AgentPrefab,Agent,MoveState,Moving,Goal,20.00,0.00,10.00,12.65,0.00,10.82,12.99,0.00,10.78,PotentialField,
1569,10.24,AgentPrefab,Agent,MoveState,Moving,Goal,20.00,0.00,10.00,12.67,0.00,10.81,12.99,0.00,10.78,PotentialField,
1570,10.25,AgentPrefab,Agent,MoveState,Moving,Goal,20.00,0.00,10.00,12.68,0.00,10.81,12.99,0.00,10.78,PotentialField,
1571,10.25,AgentPrefab,Agent,MoveState,Moving,Goal,20.00,0.00,10.00,12.69,0.00,10.81,12.99,0.00,10.78,PotentialField,
1572,10.26,AgentPrefab,Agent,MoveState,Moving,Goal,20.00,0.00,10.00,12.71,0.00,10.81,12.99,0.00,10.78,PotentialField,
1573,10.27,AgentPrefab,Agent,MoveState,Moving,Goal,20.00,0.00,10.00,12.72,0.00,10.81,12.99,0.00,10.78,PotentialField,
1574,10.28,AgentPrefab,Agent,MoveState,Moving,Goal,20.00,0.00,10.00,12.74,0.00,10.81,12.99,0.00,10.78,PotentialField,
1575,10.28,AgentPrefab,Agent,MoveState,Moving,Goal,20.00,0.00,10.00,12.76,0.00,10.80,12.99,0.00,10.78,PotentialField,
1576,10.29,AgentPrefab,Agent,MoveState,Moving,Goal,20.00,0.00,10.00,12.77,0.00,10.80,12.99,0.00,10.78,PotentialField,
1577,10.30,AgentPrefab,Agent,MoveState,Moving,Goal,20.00,0.00,10.00,12.78,0.00,10.80,12.99,0.00,10.78,PotentialField,
1578,10.30,AgentPrefab,Agent,MoveState,Moving,Goal,20.00,0.00,10.00,12.80,0.00,10.80,12.99,0.00,10.78,PotentialField,
1579,10.31,AgentPrefab,Agent,MoveState,Moving,Goal,20.00,0.00,10.00,12.81,0.00,10.80,12.99,0.00,10.78,PotentialField,
1580,10.32,AgentPrefab,Agent,MoveState,Moving,Goal,20.00,0.00,10.00,12.82,0.00,10.80,12.99,0.00,10.78,PotentialField,
1581,10.33,AgentPrefab,Agent,MoveState,Moving,Goal,20.00,0.00,10.00,12.84,0.00,10.80,12.99,0.00,10.78,PotentialField,
1582,10.33,AgentPrefab,Agent,MoveState,Moving,Goal,20.00,0.00,10.00,12.85,0.00,10.79,12.99,0.00,10.78,PotentialField,
1583,10.34,AgentPrefab,Agent,MoveState,Moving,Goal,20.00,0.00,10.00,12.87,0.00,10.79,12.99,0.00,10.78,PotentialField,
1584,10.35,AgentPrefab,Agent,MoveState,Moving,Goal,20.00,0.00,10.00,12.88,0.00,10.79,12.99,0.00,10.78,PotentialField,
1585,10.35,AgentPrefab,Agent,MoveState,Moving,Goal,20.00,0.00,10.00,12.89,0.00,10.79,12.99,0.00,10.78,PotentialField,
1586,10.36,AgentPrefab,Agent,MoveState,Moving,Goal,20.00,0.00,10.00,12.90,0.00,10.79,12.99,0.00,10.78,PotentialField,
1587,10.37,AgentPrefab,Agent,MoveState,Moving,Goal,20.00,0.00,10.00,12.92,0.00,10.79,12.99,0.00,10.78,PotentialField,
1588,10.37,AgentPrefab,Agent,MoveState,Moving,Goal,20.00,0.00,10.00,12.93,0.00,10.79,12.99,0.00,10.78,PotentialField,
1589,10.38,AgentPrefab,Agent,MoveState,Moving,Goal,20.00,0.00,10.00,12.99,0.00,10.78,13.48,0.00,10.72,PotentialField,
1590,10.39,AgentPrefab,Agent,MoveState,Moving,Goal,20.00,0.00,10.00,13.00,0.00,10.78,13.48,0.00,10.72,PotentialField,
1591,10.39,AgentPrefab,Agent,MoveState,Moving,Goal,20.00,0.00,10.00,13.01,0.00,10.78,13.48,0.00,10.72,PotentialField,
1592,10.40,AgentPrefab,Agent,MoveState,Moving,Goal,20.00,0.00,10.00,13.02,0.00,10.78,13.48,0.00,10.72,PotentialField,
1593,10.41,AgentPrefab,Agent,MoveState,Moving,Goal,20.00,0.00,10.00,13.04,0.00,10.77,13.48,0.00,10.72,PotentialField,
1594,10.41,AgentPrefab,Agent,MoveState,Moving,Goal,20.00,0.00,10.00,13.05,0.00,10.77,13.48,0.00,10.72,PotentialField,
1595,10.42,AgentPrefab,Agent,MoveState,Moving,Goal,20.00,0.00,10.00,13.07,0.00,10.77,13.48,0.00,10.72,PotentialField,
1596,10.43,AgentPrefab,Agent,MoveState,Moving,Goal,20.00,0.00,10.00,13.08,0.00,10.77,13.48,0.00,10.72,PotentialField,
1597,10.43,AgentPrefab,Agent,MoveState,Moving,Goal,20.00,0.00,10.00,13.09,0.00,10.77,13.48,0.00,10.72,PotentialField,
1598,10.44,AgentPrefab,Agent,MoveState,Moving,Goal,20.00,0.00,10.00,13.11,0.00,10.77,13.48,0.00,10.72,PotentialField,
1599,10.45,AgentPrefab,Agent,MoveState,Moving,Goal,20.00,0.00,10.00,13.12,0.00,10.76,13.48,0.00,10.72,PotentialField,
1600,10.46,AgentPrefab,Agent,MoveState,Moving,Goal,20.00,0.00,10.00,13.14,0.00,10.76,13.48,0.00,10.72,PotentialField,
1601,10.46,AgentPrefab,Agent,MoveState,Moving,Goal,20.00,0.00,10.00,13.15,0.00,10.76,13.48,0.00,10.72,PotentialField,
1602,10.47,AgentPrefab,Agent,MoveState,Moving,Goal,20.00,0.00,10.00,13.16,0.00,10.76,13.48,0.00,10.72,PotentialField,
1603,10.48,AgentPrefab,Agent,MoveState,Moving,Goal,20.00,0.00,10.00,13.18,0.00,10.76,13.48,0.00,10.72,PotentialField,
1604,10.48,AgentPrefab,Agent,MoveState,Moving,Goal,20.00,0.00,10.00,13.19,0.00,10.76,13.48,0.00,10.72,PotentialField,
1605,10.49,AgentPrefab,Agent,MoveState,Moving,Goal,20.00,0.00,10.00,13.21,0.00,10.75,13.48,0.00,10.72,PotentialField,
1606,10.50,AgentPrefab,Agent,MoveState,Moving,Goal,20.00,0.00,10.00,13.22,0.00,10.75,13.48,0.00,10.72,PotentialField,
1607,10.50,AgentPrefab,Agent,MoveState,Moving,Goal,20.00,0.00,10.00,13.23,0.00,10.75,13.48,0.00,10.72,PotentialField,
1608,10.51,AgentPrefab,Agent,MoveState,Moving,Goal,20.00,0.00,10.00,13.24,0.00,10.75,13.48,0.00,10.72,PotentialField,
1609,10.52,AgentPrefab,Agent,MoveState,Moving,Goal,20.00,0.00,10.00,13.26,0.00,10.75,13.48,0.00,10.72,PotentialField,
1610,10.52,AgentPrefab,Agent,MoveState,Moving,Goal,20.00,0.00,10.00,13.27,0.00,10.75,13.48,0.00,10.72,PotentialField,
1611,10.53,AgentPrefab,Agent,MoveState,Moving,Goal,20.00,0.00,10.00,13.28,0.00,10.75,13.48,0.00,10.72,PotentialField,
1612,10.54,AgentPrefab,Agent,MoveState,Moving,Goal,20.00,0.00,10.00,13.30,0.00,10.74,13.48,0.00,10.72,PotentialField,
1613,10.54,AgentPrefab,Agent,MoveState,Moving,Goal,20.00,0.00,10.00,13.31,0.00,10.74,13.48,0.00,10.72,PotentialField,
1614,10.55,AgentPrefab,Agent,MoveState,Moving,Goal,20.00,0.00,10.00,13.32,0.00,10.74,13.48,0.00,10.72,PotentialField,
1615,10.56,AgentPrefab,Agent,MoveState,Moving,Goal,20.00,0.00,10.00,13.34,0.00,10.74,13.48,0.00,10.72,PotentialField,
1616,10.56,AgentPrefab,Agent,MoveState,Moving,Goal,20.00,0.00,10.00,13.35,0.00,10.74,13.48,0.00,10.72,PotentialField,
1617,10.57,AgentPrefab,Agent,MoveState,Moving,Goal,20.00,0.00,10.00,13.36,0.00,10.74,13.48,0.00,10.72,PotentialField,
1618,10.58,AgentPrefab,Agent,MoveState,Moving,Goal,20.00,0.00,10.00,13.38,0.00,10.74,13.48,0.00,10.72,PotentialField,
1619,10.58,AgentPrefab,Agent,MoveState,Moving,Goal,20.00,0.00,10.00,13.39,0.00,10.73,13.48,0.00,10.72,PotentialField,
1620,10.59,AgentPrefab,Agent,MoveState,Moving,Goal,20.00,0.00,10.00,13.40,0.00,10.73,13.48,0.00,10.72,PotentialField,
1621,10.60,AgentPrefab,Agent,MoveState,Moving,Goal,20.00,0.00,10.00,13.42,0.00,10.73,13.48,0.00,10.72,PotentialField,
1622,10.60,AgentPrefab,Agent,MoveState,Moving,Goal,20.00,0.00,10.00,13.43,0.00,10.73,13.48,0.00,10.72,PotentialField,
1623,10.61,AgentPrefab,Agent,MoveState,Moving,Goal,20.00,0.00,10.00,13.48,0.00,10.72,13.98,0.00,10.67,PotentialField,
1624,10.62,AgentPrefab,Agent,MoveState,Moving,Goal,20.00,0.00,10.00,13.50,0.00,10.72,13.98,0.00,10.67,PotentialField,
1625,10.62,AgentPrefab,Agent,MoveState,Moving,Goal,20.00,0.00,10.00,13.51,0.00,10.72,13.98,0.00,10.67,PotentialField,
1626,10.63,AgentPrefab,Agent,MoveState,Moving,Goal,20.00,0.00,10.00,13.52,0.00,10.72,13.98,0.00,10.67,PotentialField,
1627,10.64,AgentPrefab,Agent,MoveState,Moving,Goal,20.00,0.00,10.00,13.54,0.00,10.72,13.98,0.00,10.67,PotentialField,
1628,10.64,AgentPrefab,Agent,MoveState,Moving,Goal,20.00,0.00,10.00,13.55,0.00,10.72,13.98,0.00,10.67,PotentialField,
1629,10.65,AgentPrefab,Agent,MoveState,Moving,Goal,20.00,0.00,10.00,13.56,0.00,10.72,13.98,0.00,10.67,PotentialField,
1630,10.66,AgentPrefab,Agent,MoveState,Moving,Goal,20.00,0.00,10.00,13.58,0.00,10.71,13.98,0.00,10.67,PotentialField,
1631,10.66,AgentPrefab,Agent,MoveState,Moving,Goal,20.00,0.00,10.00,13.59,0.00,10.71,13.98,0.00,10.67,PotentialField,
1632,10.67,AgentPrefab,Agent,MoveState,Moving,Goal,20.00,0.00,10.00,13.60,0.00,10.71,13.98,0.00,10.67,PotentialField,
1633,10.68,AgentPrefab,Agent,MoveState,Moving,Goal,20.00,0.00,10.00,13.62,0.00,10.71,13.98,0.00,10.67,PotentialField,
1634,10.69,AgentPrefab,Agent,MoveState,Moving,Goal,20.00,0.00,10.00,13.63,0.00,10.71,13.98,0.00,10.67,PotentialField,
1635,10.69,AgentPrefab,Agent,MoveState,Moving,Goal,20.00,0.00,10.00,13.65,0.00,10.71,13.98,0.00,10.67,PotentialField,
1636,10.70,AgentPrefab,Agent,MoveState,Moving,Goal,20.00,0.00,10.00,13.66,0.00,10.70,13.98,0.00,10.67,PotentialField,
1637,10.70,AgentPrefab,Agent,MoveState,Moving,Goal,20.00,0.00,10.00,13.67,0.00,10.70,13.98,0.00,10.67,PotentialField,
1638,10.71,AgentPrefab,Agent,MoveState,Moving,Goal,20.00,0.00,10.00,13.68,0.00,10.70,13.98,0.00,10.67,PotentialField,
1639,10.72,AgentPrefab,Agent,MoveState,Moving,Goal,20.00,0.00,10.00,13.70,0.00,10.70,13.98,0.00,10.67,PotentialField,
1640,10.72,AgentPrefab,Agent,MoveState,Moving,Goal,20.00,0.00,10.00,13.71,0.00,10.70,13.98,0.00,10.67,PotentialField,
1641,10.73,AgentPrefab,Agent,MoveState,Moving,Goal,20.00,0.00,10.00,13.72,0.00,10.70,13.98,0.00,10.67,PotentialField,
1642,10.74,AgentPrefab,Agent,MoveState,Moving,Goal,20.00,0.00,10.00,13.74,0.00,10.70,13.98,0.00,10.67,PotentialField,
1643,10.74,AgentPrefab,Agent,MoveState,Moving,Goal,20.00,0.00,10.00,13.75,0.00,10.69,13.98,0.00,10.67,PotentialField,
1644,10.75,AgentPrefab,Agent,MoveState,Moving,Goal,20.00,0.00,10.00,13.76,0.00,10.69,13.98,0.00,10.67,PotentialField,
1645,10.76,AgentPrefab,Agent,MoveState,Moving,Goal,20.00,0.00,10.00,13.78,0.00,10.69,13.98,0.00,10.67,PotentialField,
1646,10.76,AgentPrefab,Agent,MoveState,Moving,Goal,20.00,0.00,10.00,13.79,0.00,10.69,13.98,0.00,10.67,PotentialField,
1647,10.77,AgentPrefab,Agent,MoveState,Moving,Goal,20.00,0.00,10.00,13.80,0.00,10.69,13.98,0.00,10.67,PotentialField,
1648,10.78,AgentPrefab,Agent,MoveState,Moving,Goal,20.00,0.00,10.00,13.82,0.00,10.69,13.98,0.00,10.67,PotentialField,
1649,10.79,AgentPrefab,Agent,MoveState,Moving,Goal,20.00,0.00,10.00,13.83,0.00,10.69,13.98,0.00,10.67,PotentialField,
1650,10.79,AgentPrefab,Agent,MoveState,Moving,Goal,20.00,0.00,10.00,13.84,0.00,10.68,13.98,0.00,10.67,PotentialField,
1651,10.80,AgentPrefab,Agent,MoveState,Moving,Goal,20.00,0.00,10.00,13.86,0.00,10.68,13.98,0.00,10.67,PotentialField,
1652,10.80,AgentPrefab,Agent,MoveState,Moving,Goal,20.00,0.00,10.00,13.87,0.00,10.68,13.98,0.00,10.67,PotentialField,
1653,10.81,AgentPrefab,Agent,MoveState,Moving,Goal,20.00,0.00,10.00,13.88,0.00,10.68,13.98,0.00,10.67,PotentialField,
1654,10.82,AgentPrefab,Agent,MoveState,Moving,Goal,20.00,0.00,10.00,13.90,0.00,10.68,13.98,0.00,10.67,PotentialField,
1655,10.83,AgentPrefab,Agent,MoveState,Moving,Goal,20.00,0.00,10.00,13.91,0.00,10.68,13.98,0.00,10.67,PotentialField,
1656,10.83,AgentPrefab,Agent,MoveState,Moving,Goal,20.00,0.00,10.00,13.92,0.00,10.68,13.98,0.00,10.67,PotentialField,
1657,10.84,AgentPrefab,Agent,MoveState,Moving,Goal,20.00,0.00,10.00,13.98,0.00,10.67,14.48,0.00,10.61,PotentialField,
1658,10.85,AgentPrefab,Agent,MoveState,Moving,Goal,20.00,0.00,10.00,14.00,0.00,10.67,14.48,0.00,10.61,PotentialField,
1659,10.85,AgentPrefab,Agent,MoveState,Moving,Goal,20.00,0.00,10.00,14.01,0.00,10.67,14.48,0.00,10.61,PotentialField,
1660,10.86,AgentPrefab,Agent,MoveState,Moving,Goal,20.00,0.00,10.00,14.02,0.00,10.66,14.48,0.00,10.61,PotentialField,
1661,10.86,AgentPrefab,Agent,MoveState,Moving,Goal,20.00,0.00,10.00,14.03,0.00,10.66,14.48,0.00,10.61,PotentialField,
1662,10.87,AgentPrefab,Agent,MoveState,Moving,Goal,20.00,0.00,10.00,14.05,0.00,10.66,14.48,0.00,10.61,PotentialField,
1663,10.88,AgentPrefab,Agent,MoveState,Moving,Goal,20.00,0.00,10.00,14.06,0.00,10.66,14.48,0.00,10.61,PotentialField,
1664,10.88,AgentPrefab,Agent,MoveState,Moving,Goal,20.00,0.00,10.00,14.07,0.00,10.66,14.48,0.00,10.61,PotentialField,
1665,10.89,AgentPrefab,Agent,MoveState,Moving,Goal,20.00,0.00,10.00,14.09,0.00,10.66,14.48,0.00,10.61,PotentialField,
1666,10.90,AgentPrefab,Agent,MoveState,Moving,Goal,20.00,0.00,10.00,14.10,0.00,10.66,14.48,0.00,10.61,PotentialField,
1667,10.91,AgentPrefab,Agent,MoveState,Moving,Goal,20.00,0.00,10.00,14.11,0.00,10.65,14.48,0.00,10.61,PotentialField,
1668,10.91,AgentPrefab,Agent,MoveState,Moving,Goal,20.00,0.00,10.00,14.13,0.00,10.65,14.48,0.00,10.61,PotentialField,
1669,10.92,AgentPrefab,Agent,MoveState,Moving,Goal,20.00,0.00,10.00,14.14,0.00,10.65,14.48,0.00,10.61,PotentialField,
1670,10.93,AgentPrefab,Agent,MoveState,Moving,Goal,20.00,0.00,10.00,14.16,0.00,10.65,14.48,0.00,10.61,PotentialField,
1671,10.93,AgentPrefab,Agent,MoveState,Moving,Goal,20.00,0.00,10.00,14.17,0.00,10.65,14.48,0.00,10.61,PotentialField,
1672,10.94,AgentPrefab,Agent,MoveState,Moving,Goal,20.00,0.00,10.00,14.19,0.00,10.65,14.48,0.00,10.61,PotentialField,
1673,10.95,AgentPrefab,Agent,MoveState,Moving,Goal,20.00,0.00,10.00,14.20,0.00,10.64,14.48,0.00,10.61,PotentialField,
1674,10.96,AgentPrefab,Agent,MoveState,Moving,Goal,20.00,0.00,10.00,14.21,0.00,10.64,14.48,0.00,10.61,PotentialField,
1675,10.96,AgentPrefab,Agent,MoveState,Moving,Goal,20.00,0.00,10.00,14.23,0.00,10.64,14.48,0.00,10.61,PotentialField,
1676,10.97,AgentPrefab,Agent,MoveState,Moving,Goal,20.00,0.00,10.00,14.24,0.00,10.64,14.48,0.00,10.61,PotentialField,
1677,10.98,AgentPrefab,Agent,MoveState,Moving,Goal,20.00,0.00,10.00,14.25,0.00,10.64,14.48,0.00,10.61,PotentialField,
1678,10.98,AgentPrefab,Agent,MoveState,Moving,Goal,20.00,0.00,10.00,14.27,0.00,10.64,14.48,0.00,10.61,PotentialField,
1679,10.99,AgentPrefab,Agent,MoveState,Moving,Goal,20.00,0.00,10.00,14.28,0.00,10.64,14.48,0.00,10.61,PotentialField,
1680,11.00,AgentPrefab,Agent,MoveState,Moving,Goal,20.00,0.00,10.00,14.29,0.00,10.63,14.48,0.00,10.61,PotentialField,
1681,11.00,AgentPrefab,Agent,MoveState,Moving,Goal,20.00,0.00,10.00,14.31,0.00,10.63,14.48,0.00,10.61,PotentialField,
1682,11.01,AgentPrefab,Agent,MoveState,Moving,Goal,20.00,0.00,10.00,14.32,0.00,10.63,14.48,0.00,10.61,PotentialField,
1683,11.02,AgentPrefab,Agent,MoveState,Moving,Goal,20.00,0.00,10.00,14.33,0.00,10.63,14.48,0.00,10.61,PotentialField,
1684,11.02,AgentPrefab,Agent,MoveState,Moving,Goal,20.00,0.00,10.00,14.35,0.00,10.63,14.48,0.00,10.61,PotentialField,
1685,11.03,AgentPrefab,Agent,MoveState,Moving,Goal,20.00,0.00,10.00,14.36,0.00,10.63,14.48,0.00,10.61,PotentialField,
1686,11.04,AgentPrefab,Agent,MoveState,Moving,Goal,20.00,0.00,10.00,14.37,0.00,10.63,14.48,0.00,10.61,PotentialField,
1687,11.04,AgentPrefab,Agent,MoveState,Moving,Goal,20.00,0.00,10.00,14.39,0.00,10.62,14.48,0.00,10.61,PotentialField,
1688,11.05,AgentPrefab,Agent,MoveState,Moving,Goal,20.00,0.00,10.00,14.40,0.00,10.62,14.48,0.00,10.61,PotentialField,
1689,11.05,AgentPrefab,Agent,MoveState,Moving,Goal,20.00,0.00,10.00,14.41,0.00,10.62,14.48,0.00,10.61,PotentialField,
1690,11.06,AgentPrefab,Agent,MoveState,Moving,Goal,20.00,0.00,10.00,14.43,0.00,10.62,14.48,0.00,10.61,PotentialField,
1691,11.07,AgentPrefab,Agent,MoveState,Moving,Goal,20.00,0.00,10.00,14.48,0.00,10.61,14.98,0.00,10.56,PotentialField,
1692,11.08,AgentPrefab,Agent,MoveState,Moving,Goal,20.00,0.00,10.00,14.49,0.00,10.61,14.98,0.00,10.56,PotentialField,
1693,11.08,AgentPrefab,Agent,MoveState,Moving,Goal,20.00,0.00,10.00,14.51,0.00,10.61,14.98,0.00,10.56,PotentialField,
1694,11.09,AgentPrefab,Agent,MoveState,Moving,Goal,20.00,0.00,10.00,14.52,0.00,10.61,14.98,0.00,10.56,PotentialField,
1695,11.09,AgentPrefab,Agent,MoveState,Moving,Goal,20.00,0.00,10.00,14.53,0.00,10.61,14.98,0.00,10.56,PotentialField,
1696,11.10,AgentPrefab,Agent,MoveState,Moving,Goal,20.00,0.00,10.00,14.55,0.00,10.61,14.98,0.00,10.56,PotentialField,
1697,11.11,AgentPrefab,Agent,MoveState,Moving,Goal,20.00,0.00,10.00,14.56,0.00,10.60,14.98,0.00,10.56,PotentialField,
1698,11.12,AgentPrefab,Agent,MoveState,Moving,Goal,20.00,0.00,10.00,14.57,0.00,10.60,14.98,0.00,10.56,PotentialField,
1699,11.12,AgentPrefab,Agent,MoveState,Moving,Goal,20.00,0.00,10.00,14.59,0.00,10.60,14.98,0.00,10.56,PotentialField,
1700,11.13,AgentPrefab,Agent,MoveState,Moving,Goal,20.00,0.00,10.00,14.60,0.00,10.60,14.98,0.00,10.56,PotentialField,
1701,11.14,AgentPrefab,Agent,MoveState,Moving,Goal,20.00,0.00,10.00,14.61,0.00,10.60,14.98,0.00,10.56,PotentialField,
1702,11.16,AgentPrefab,Agent,MoveState,Moving,Goal,20.00,0.00,10.00,14.64,0.00,10.60,14.98,0.00,10.56,PotentialField,
1703,11.16,AgentPrefab,Agent,MoveState,Moving,Goal,20.00,0.00,10.00,14.67,0.00,10.59,14.98,0.00,10.56,PotentialField,
1704,11.17,AgentPrefab,Agent,MoveState,Moving,Goal,20.00,0.00,10.00,14.68,0.00,10.59,14.98,0.00,10.56,PotentialField,
1705,11.18,AgentPrefab,Agent,MoveState,Moving,Goal,20.00,0.00,10.00,14.69,0.00,10.59,14.98,0.00,10.56,PotentialField,
1706,11.18,AgentPrefab,Agent,MoveState,Moving,Goal,20.00,0.00,10.00,14.71,0.00,10.59,14.98,0.00,10.56,PotentialField,
1707,11.19,AgentPrefab,Agent,MoveState,Moving,Goal,20.00,0.00,10.00,14.72,0.00,10.59,14.98,0.00,10.56,PotentialField,
1708,11.20,AgentPrefab,Agent,MoveState,Moving,Goal,20.00,0.00,10.00,14.73,0.00,10.59,14.98,0.00,10.56,PotentialField,
1709,11.20,AgentPrefab,Agent,MoveState,Moving,Goal,20.00,0.00,10.00,14.75,0.00,10.58,14.98,0.00,10.56,PotentialField,
1710,11.21,AgentPrefab,Agent,MoveState,Moving,Goal,20.00,0.00,10.00,14.76,0.00,10.58,14.98,0.00,10.56,PotentialField,
1711,11.22,AgentPrefab,Agent,MoveState,Moving,Goal,20.00,0.00,10.00,14.77,0.00,10.58,14.98,0.00,10.56,PotentialField,
1712,11.22,AgentPrefab,Agent,MoveState,Moving,Goal,20.00,0.00,10.00,14.78,0.00,10.58,14.98,0.00,10.56,PotentialField,
1713,11.23,AgentPrefab,Agent,MoveState,Moving,Goal,20.00,0.00,10.00,14.80,0.00,10.58,14.98,0.00,10.56,PotentialField,
1714,11.24,AgentPrefab,Agent,MoveState,Moving,Goal,20.00,0.00,10.00,14.81,0.00,10.58,14.98,0.00,10.56,PotentialField,
1715,11.24,AgentPrefab,Agent,MoveState,Moving,Goal,20.00,0.00,10.00,14.82,0.00,10.58,14.98,0.00,10.56,PotentialField,
1716,11.25,AgentPrefab,Agent,MoveState,Moving,Goal,20.00,0.00,10.00,14.84,0.00,10.57,14.98,0.00,10.56,PotentialField,
1717,11.26,AgentPrefab,Agent,MoveState,Moving,Goal,20.00,0.00,10.00,14.85,0.00,10.57,14.98,0.00,10.56,PotentialField,
1718,11.26,AgentPrefab,Agent,MoveState,Moving,Goal,20.00,0.00,10.00,14.86,0.00,10.57,14.98,0.00,10.56,PotentialField,
1719,11.27,AgentPrefab,Agent,MoveState,Moving,Goal,20.00,0.00,10.00,14.88,0.00,10.57,14.98,0.00,10.56,PotentialField,
1720,11.28,AgentPrefab,Agent,MoveState,Moving,Goal,20.00,0.00,10.00,14.89,0.00,10.57,14.98,0.00,10.56,PotentialField,
1721,11.28,AgentPrefab,Agent,MoveState,Moving,Goal,20.00,0.00,10.00,14.91,0.00,10.57,14.98,0.00,10.56,PotentialField,
1722,11.29,AgentPrefab,Agent,MoveState,Moving,Goal,20.00,0.00,10.00,14.92,0.00,10.56,14.98,0.00,10.56,PotentialField,
1723,11.30,AgentPrefab,Agent,MoveState,Moving,Goal,20.00,0.00,10.00,14.98,0.00,10.56,15.47,0.00,10.50,PotentialField,
1724,11.30,AgentPrefab,Agent,MoveState,Moving,Goal,20.00,0.00,10.00,14.99,0.00,10.56,15.47,0.00,10.50,PotentialField,
1725,11.31,AgentPrefab,Agent,MoveState,Moving,Goal,20.00,0.00,10.00,15.00,0.00,10.56,15.47,0.00,10.50,PotentialField,
1726,11.32,AgentPrefab,Agent,MoveState,Moving,Goal,20.00,0.00,10.00,15.01,0.00,10.55,15.47,0.00,10.50,PotentialField,
1727,11.32,AgentPrefab,Agent,MoveState,Moving,Goal,20.00,0.00,10.00,15.03,0.00,10.55,15.47,0.00,10.50,PotentialField,
1728,11.33,AgentPrefab,Agent,MoveState,Moving,Goal,20.00,0.00,10.00,15.04,0.00,10.55,15.47,0.00,10.50,PotentialField,
1729,11.34,AgentPrefab,Agent,MoveState,Moving,Goal,20.00,0.00,10.00,15.05,0.00,10.55,15.47,0.00,10.50,PotentialField,
1730,11.34,AgentPrefab,Agent,MoveState,Moving,Goal,20.00,0.00,10.00,15.07,0.00,10.55,15.47,0.00,10.50,PotentialField,
1731,11.35,AgentPrefab,Agent,MoveState,Moving,Goal,20.00,0.00,10.00,15.08,0.00,10.55,15.47,0.00,10.50,PotentialField,
1732,11.36,AgentPrefab,Agent,MoveState,Moving,Goal,20.00,0.00,10.00,15.09,0.00,10.55,15.47,0.00,10.50,PotentialField,
1733,11.36,AgentPrefab,Agent,MoveState,Moving,Goal,20.00,0.00,10.00,15.11,0.00,10.54,15.47,0.00,10.50,PotentialField,
1734,11.37,AgentPrefab,Agent,MoveState,Moving,Goal,20.00,0.00,10.00,15.12,0.00,10.54,15.47,0.00,10.50,PotentialField,
1735,11.38,AgentPrefab,Agent,MoveState,Moving,Goal,20.00,0.00,10.00,15.14,0.00,10.54,15.47,0.00,10.50,PotentialField,
1736,11.38,AgentPrefab,Agent,MoveState,Moving,Goal,20.00,0.00,10.00,15.15,0.00,10.54,15.47,0.00,10.50,PotentialField,
1737,11.39,AgentPrefab,Agent,MoveState,Moving,Goal,20.00,0.00,10.00,15.16,0.00,10.54,15.47,0.00,10.50,PotentialField,
1738,11.39,AgentPrefab,Agent,MoveState,Moving,Goal,20.00,0.00,10.00,15.18,0.00,10.54,15.47,0.00,10.50,PotentialField,
1739,11.40,AgentPrefab,Agent,MoveState,Moving,Goal,20.00,0.00,10.00,15.19,0.00,10.53,15.47,0.00,10.50,PotentialField,
1740,11.41,AgentPrefab,Agent,MoveState,Moving,Goal,20.00,0.00,10.00,15.20,0.00,10.53,15.47,0.00,10.50,PotentialField,
1741,11.42,AgentPrefab,Agent,MoveState,Moving,Goal,20.00,0.00,10.00,15.21,0.00,10.53,15.47,0.00,10.50,PotentialField,
1742,11.42,AgentPrefab,Agent,MoveState,Moving,Goal,20.00,0.00,10.00,15.23,0.00,10.53,15.47,0.00,10.50,PotentialField,
1743,11.43,AgentPrefab,Agent,MoveState,Moving,Goal,20.00,0.00,10.00,15.24,0.00,10.53,15.47,0.00,10.50,PotentialField,
1744,11.44,AgentPrefab,Agent,MoveState,Moving,Goal,20.00,0.00,10.00,15.25,0.00,10.53,15.47,0.00,10.50,PotentialField,
1745,11.44,AgentPrefab,Agent,MoveState,Moving,Goal,20.00,0.00,10.00,15.27,0.00,10.53,15.47,0.00,10.50,PotentialField,
1746,11.46,AgentPrefab,Agent,MoveState,Moving,Goal,20.00,0.00,10.00,15.28,0.00,10.52,15.47,0.00,10.50,PotentialField,
1747,11.47,AgentPrefab,Agent,MoveState,Moving,Goal,20.00,0.00,10.00,15.32,0.00,10.52,15.47,0.00,10.50,PotentialField,
1748,11.48,AgentPrefab,Agent,MoveState,Moving,Goal,20.00,0.00,10.00,15.33,0.00,10.52,15.47,0.00,10.50,PotentialField,
1749,11.49,AgentPrefab,Agent,MoveState,Moving,Goal,20.00,0.00,10.00,15.35,0.00,10.52,15.47,0.00,10.50,PotentialField,
1750,11.49,AgentPrefab,Agent,MoveState,Moving,Goal,20.00,0.00,10.00,15.37,0.00,10.51,15.47,0.00,10.50,PotentialField,
1751,11.50,AgentPrefab,Agent,MoveState,Moving,Goal,20.00,0.00,10.00,15.38,0.00,10.51,15.47,0.00,10.50,PotentialField,
1752,11.51,AgentPrefab,Agent,MoveState,Moving,Goal,20.00,0.00,10.00,15.39,0.00,10.51,15.47,0.00,10.50,PotentialField,
1753,11.51,AgentPrefab,Agent,MoveState,Moving,Goal,20.00,0.00,10.00,15.41,0.00,10.51,15.47,0.00,10.50,PotentialField,
1754,11.52,AgentPrefab,Agent,MoveState,Moving,Goal,20.00,0.00,10.00,15.42,0.00,10.51,15.47,0.00,10.50,PotentialField,
1755,11.53,AgentPrefab,Agent,MoveState,Moving,Goal,20.00,0.00,10.00,15.47,0.00,10.50,15.97,0.00,10.45,PotentialField,
1756,11.53,AgentPrefab,Agent,MoveState,Moving,Goal,20.00,0.00,10.00,15.48,0.00,10.50,15.97,0.00,10.45,PotentialField,
1757,11.54,AgentPrefab,Agent,MoveState,Moving,Goal,20.00,0.00,10.00,15.50,0.00,10.50,15.97,0.00,10.45,PotentialField,
1758,11.54,AgentPrefab,Agent,MoveState,Moving,Goal,20.00,0.00,10.00,15.51,0.00,10.50,15.97,0.00,10.45,PotentialField,
1759,11.55,AgentPrefab,Agent,MoveState,Moving,Goal,20.00,0.00,10.00,15.52,0.00,10.50,15.97,0.00,10.45,PotentialField,
1760,11.76,AgentPrefab,Agent,MoveState,Moving,Goal,20.00,0.00,10.00,15.54,0.00,10.50,15.97,0.00,10.45,PotentialField,
1761,11.82,AgentPrefab,Agent,MoveState,Moving,Goal,20.00,0.00,10.00,15.97,0.00,10.45,16.47,0.00,10.39,PotentialField,
1762,11.84,AgentPrefab,Agent,MoveState,Moving,Goal,20.00,0.00,10.00,16.09,0.00,10.43,16.47,0.00,10.39,PotentialField,
1763,11.86,AgentPrefab,Agent,MoveState,Moving,Goal,20.00,0.00,10.00,16.13,0.00,10.43,16.47,0.00,10.39,PotentialField,
1764,11.87,AgentPrefab,Agent,MoveState,Moving,Goal,20.00,0.00,10.00,16.16,0.00,10.43,16.47,0.00,10.39,PotentialField,
1765,11.88,AgentPrefab,Agent,MoveState,Moving,Goal,20.00,0.00,10.00,16.18,0.00,10.42,16.47,0.00,10.39,PotentialField,
1766,11.88,AgentPrefab,Agent,MoveState,Moving,Goal,20.00,0.00,10.00,16.20,0.00,10.42,16.47,0.00,10.39,PotentialField,
1767,11.89,AgentPrefab,Agent,MoveState,Moving,Goal,20.00,0.00,10.00,16.21,0.00,10.42,16.47,0.00,10.39,PotentialField,
1768,11.90,AgentPrefab,Agent,MoveState,Moving,Goal,20.00,0.00,10.00,16.22,0.00,10.42,16.47,0.00,10.39,PotentialField,
1769,11.91,AgentPrefab,Agent,MoveState,Moving,Goal,20.00,0.00,10.00,16.24,0.00,10.42,16.47,0.00,10.39,PotentialField,
1770,11.91,AgentPrefab,Agent,MoveState,Moving,Goal,20.00,0.00,10.00,16.25,0.00,10.42,16.47,0.00,10.39,PotentialField,
1771,11.92,AgentPrefab,Agent,MoveState,Moving,Goal,20.00,0.00,10.00,16.27,0.00,10.41,16.47,0.00,10.39,PotentialField,
1772,11.93,AgentPrefab,Agent,MoveState,Moving,Goal,20.00,0.00,10.00,16.28,0.00,10.41,16.47,0.00,10.39,PotentialField,
1773,11.93,AgentPrefab,Agent,MoveState,Moving,Goal,20.00,0.00,10.00,16.29,0.00,10.41,16.47,0.00,10.39,PotentialField,
1774,11.94,AgentPrefab,Agent,MoveState,Moving,Goal,20.00,0.00,10.00,16.31,0.00,10.41,16.47,0.00,10.39,PotentialField,
1775,11.95,AgentPrefab,Agent,MoveState,Moving,Goal,20.00,0.00,10.00,16.33,0.00,10.41,16.47,0.00,10.39,PotentialField,
1776,11.96,AgentPrefab,Agent,MoveState,Moving,Goal,20.00,0.00,10.00,16.35,0.00,10.41,16.47,0.00,10.39,PotentialField,
1777,11.97,AgentPrefab,Agent,MoveState,Moving,Goal,20.00,0.00,10.00,16.36,0.00,10.40,16.47,0.00,10.39,PotentialField,
1778,11.99,AgentPrefab,Agent,MoveState,Moving,Goal,20.00,0.00,10.00,16.39,0.00,10.40,16.47,0.00,10.39,PotentialField,
1779,12.00,AgentPrefab,Agent,MoveState,Moving,Goal,20.00,0.00,10.00,16.41,0.00,10.40,16.47,0.00,10.39,PotentialField,
1780,12.01,AgentPrefab,Agent,MoveState,Moving,Goal,20.00,0.00,10.00,16.47,0.00,10.39,16.96,0.00,10.34,PotentialField,
1781,12.02,AgentPrefab,Agent,MoveState,Moving,Goal,20.00,0.00,10.00,16.49,0.00,10.39,16.96,0.00,10.34,PotentialField,
1782,12.03,AgentPrefab,Agent,MoveState,Moving,Goal,20.00,0.00,10.00,16.52,0.00,10.39,16.96,0.00,10.34,PotentialField,
1783,12.04,AgentPrefab,Agent,MoveState,Moving,Goal,20.00,0.00,10.00,16.53,0.00,10.39,16.96,0.00,10.34,PotentialField,
1784,12.05,AgentPrefab,Agent,MoveState,Moving,Goal,20.00,0.00,10.00,16.55,0.00,10.38,16.96,0.00,10.34,PotentialField,
1785,12.05,AgentPrefab,Agent,MoveState,Moving,Goal,20.00,0.00,10.00,16.56,0.00,10.38,16.96,0.00,10.34,PotentialField,
1786,12.06,AgentPrefab,Agent,MoveState,Moving,Goal,20.00,0.00,10.00,16.58,0.00,10.38,16.96,0.00,10.34,PotentialField,
1787,12.07,AgentPrefab,Agent,MoveState,Moving,Goal,20.00,0.00,10.00,16.59,0.00,10.38,16.96,0.00,10.34,PotentialField,
1788,12.07,AgentPrefab,Agent,MoveState,Moving,Goal,20.00,0.00,10.00,16.61,0.00,10.38,16.96,0.00,10.34,PotentialField,
1789,12.08,AgentPrefab,Agent,MoveState,Moving,Goal,20.00,0.00,10.00,16.62,0.00,10.38,16.96,0.00,10.34,PotentialField,
1790,12.09,AgentPrefab,Agent,MoveState,Moving,Goal,20.00,0.00,10.00,16.63,0.00,10.37,16.96,0.00,10.34,PotentialField,
1791,12.09,AgentPrefab,Agent,MoveState,Moving,Goal,20.00,0.00,10.00,16.65,0.00,10.37,16.96,0.00,10.34,PotentialField,
1792,12.10,AgentPrefab,Agent,MoveState,Moving,Goal,20.00,0.00,10.00,16.66,0.00,10.37,16.96,0.00,10.34,PotentialField,
1793,12.11,AgentPrefab,Agent,MoveState,Moving,Goal,20.00,0.00,10.00,16.67,0.00,10.37,16.96,0.00,10.34,PotentialField,
1794,12.12,AgentPrefab,Agent,MoveState,Moving,Goal,20.00,0.00,10.00,16.69,0.00,10.37,16.96,0.00,10.34,PotentialField,
1795,12.13,AgentPrefab,Agent,MoveState,Moving,Goal,20.00,0.00,10.00,16.70,0.00,10.37,16.96,0.00,10.34,PotentialField,
1796,12.14,AgentPrefab,Agent,MoveState,Moving,Goal,20.00,0.00,10.00,16.73,0.00,10.36,16.96,0.00,10.34,PotentialField,
1797,12.15,AgentPrefab,Agent,MoveState,Moving,Goal,20.00,0.00,10.00,16.75,0.00,10.36,16.96,0.00,10.34,PotentialField,
1798,12.17,AgentPrefab,Agent,MoveState,Moving,Goal,20.00,0.00,10.00,16.78,0.00,10.36,16.96,0.00,10.34,PotentialField,
1799,12.17,AgentPrefab,Agent,MoveState,Moving,Goal,20.00,0.00,10.00,16.80,0.00,10.36,16.96,0.00,10.34,PotentialField,
1800,12.18,AgentPrefab,Agent,MoveState,Moving,Goal,20.00,0.00,10.00,16.81,0.00,10.35,16.96,0.00,10.34,PotentialField,
1801,12.19,AgentPrefab,Agent,MoveState,Moving,Goal,20.00,0.00,10.00,16.82,0.00,10.35,16.96,0.00,10.34,PotentialField,
1802,12.19,AgentPrefab,Agent,MoveState,Moving,Goal,20.00,0.00,10.00,16.84,0.00,10.35,16.96,0.00,10.34,PotentialField,
1803,12.20,AgentPrefab,Agent,MoveState,Moving,Goal,20.00,0.00,10.00,16.85,0.00,10.35,16.96,0.00,10.34,PotentialField,
1804,12.21,AgentPrefab,Agent,MoveState,Moving,Goal,20.00,0.00,10.00,16.87,0.00,10.35,16.96,0.00,10.34,PotentialField,
1805,12.22,AgentPrefab,Agent,MoveState,Moving,Goal,20.00,0.00,10.00,16.89,0.00,10.35,16.96,0.00,10.34,PotentialField,
1806,12.23,AgentPrefab,Agent,MoveState,Moving,Goal,20.00,0.00,10.00,16.91,0.00,10.34,16.96,0.00,10.34,PotentialField,
1807,12.24,AgentPrefab,Agent,MoveState,Moving,Goal,20.00,0.00,10.00,16.96,0.00,10.34,17.46,0.00,10.28,PotentialField,
1808,12.26,AgentPrefab,Agent,MoveState,Moving,Goal,20.00,0.00,10.00,16.99,0.00,10.33,17.46,0.00,10.28,PotentialField,
1809,12.26,AgentPrefab,Agent,MoveState,Moving,Goal,20.00,0.00,10.00,17.02,0.00,10.33,17.46,0.00,10.28,PotentialField,
1810,12.27,AgentPrefab,Agent,MoveState,Moving,Goal,20.00,0.00,10.00,17.03,0.00,10.33,17.46,0.00,10.28,PotentialField,
1811,12.28,AgentPrefab,Agent,MoveState,Moving,Goal,20.00,0.00,10.00,17.05,0.00,10.33,17.46,0.00,10.28,PotentialField,
1812,12.29,AgentPrefab,Agent,MoveState,Moving,Goal,20.00,0.00,10.00,17.08,0.00,10.32,17.46,0.00,10.28,PotentialField,
1813,12.30,AgentPrefab,Agent,MoveState,Moving,Goal,20.00,0.00,10.00,17.09,0.00,10.32,17.46,0.00,10.28,PotentialField,
1814,12.31,AgentPrefab,Agent,MoveState,Moving,Goal,20.00,0.00,10.00,17.11,0.00,10.32,17.46,0.00,10.28,PotentialField,
1815,12.32,AgentPrefab,Agent,MoveState,Moving,Goal,20.00,0.00,10.00,17.14,0.00,10.32,17.46,0.00,10.28,PotentialField,
1816,12.33,AgentPrefab,Agent,MoveState,Moving,Goal,20.00,0.00,10.00,17.15,0.00,10.32,17.46,0.00,10.28,PotentialField,
1817,12.35,AgentPrefab,Agent,MoveState,Moving,Goal,20.00,0.00,10.00,17.17,0.00,10.31,17.46,0.00,10.28,PotentialField,
1818,12.36,AgentPrefab,Agent,MoveState,Moving,Goal,20.00,0.00,10.00,17.20,0.00,10.31,17.46,0.00,10.28,PotentialField,
1819,12.36,AgentPrefab,Agent,MoveState,Moving,Goal,20.00,0.00,10.00,17.22,0.00,10.31,17.46,0.00,10.28,PotentialField,
1820,12.37,AgentPrefab,Agent,MoveState,Moving,Goal,20.00,0.00,10.00,17.23,0.00,10.31,17.46,0.00,10.28,PotentialField,
1821,12.38,AgentPrefab,Agent,MoveState,Moving,Goal,20.00,0.00,10.00,17.25,0.00,10.31,17.46,0.00,10.28,PotentialField,
1822,12.39,AgentPrefab,Agent,MoveState,Moving,Goal,20.00,0.00,10.00,17.26,0.00,10.30,17.46,0.00,10.28,PotentialField,
1823,12.40,AgentPrefab,Agent,MoveState,Moving,Goal,20.00,0.00,10.00,17.28,0.00,10.30,17.46,0.00,10.28,PotentialField,
1824,12.41,AgentPrefab,Agent,MoveState,Moving,Goal,20.00,0.00,10.00,17.31,0.00,10.30,17.46,0.00,10.28,PotentialField,
1825,12.42,AgentPrefab,Agent,MoveState,Moving,Goal,20.00,0.00,10.00,17.32,0.00,10.30,17.46,0.00,10.28,PotentialField,
1826,12.43,AgentPrefab,Agent,MoveState,Moving,Goal,20.00,0.00,10.00,17.34,0.00,10.30,17.46,0.00,10.28,PotentialField,
1827,12.43,AgentPrefab,Agent,MoveState,Moving,Goal,20.00,0.00,10.00,17.36,0.00,10.29,17.46,0.00,10.28,PotentialField,
1828,12.44,AgentPrefab,Agent,MoveState,Moving,Goal,20.00,0.00,10.00,17.37,0.00,10.29,17.46,0.00,10.28,PotentialField,
1829,12.45,AgentPrefab,Agent,MoveState,Moving,Goal,20.00,0.00,10.00,17.39,0.00,10.29,17.46,0.00,10.28,PotentialField,
1830,12.46,AgentPrefab,Agent,MoveState,Moving,Goal,20.00,0.00,10.00,17.40,0.00,10.29,17.46,0.00,10.28,PotentialField,
1831,12.50,AgentPrefab,Agent,MoveState,Moving,Goal,20.00,0.00,10.00,17.46,0.00,10.28,17.96,0.00,10.23,PotentialField,
1832,12.52,AgentPrefab,Agent,MoveState,Moving,Goal,20.00,0.00,10.00,17.53,0.00,10.27,17.96,0.00,10.23,PotentialField,
1833,12.54,AgentPrefab,Agent,MoveState,Moving,Goal,20.00,0.00,10.00,17.59,0.00,10.27,17.96,0.00,10.23,PotentialField,
1834,12.56,AgentPrefab,Agent,MoveState,Moving,Goal,20.00,0.00,10.00,17.63,0.00,10.26,17.96,0.00,10.23,PotentialField,
1835,12.57,AgentPrefab,Agent,MoveState,Moving,Goal,20.00,0.00,10.00,17.65,0.00,10.26,17.96,0.00,10.23,PotentialField,
1836,12.58,AgentPrefab,Agent,MoveState,Moving,Goal,20.00,0.00,10.00,17.68,0.00,10.26,17.96,0.00,10.23,PotentialField,
1837,12.60,AgentPrefab,Agent,MoveState,Moving,Goal,20.00,0.00,10.00,17.71,0.00,10.25,17.96,0.00,10.23,PotentialField,
1838,12.61,AgentPrefab,Agent,MoveState,Moving,Goal,20.00,0.00,10.00,17.73,0.00,10.25,17.96,0.00,10.23,PotentialField,
1839,12.62,AgentPrefab,Agent,MoveState,Moving,Goal,20.00,0.00,10.00,17.76,0.00,10.25,17.96,0.00,10.23,PotentialField,
1840,12.64,AgentPrefab,Agent,MoveState,Moving,Goal,20.00,0.00,10.00,17.79,0.00,10.25,17.96,0.00,10.23,PotentialField,
1841,12.66,AgentPrefab,Agent,MoveState,Moving,Goal,20.00,0.00,10.00,17.83,0.00,10.24,17.96,0.00,10.23,PotentialField,
1842,12.68,AgentPrefab,Agent,MoveState,Moving,Goal,20.00,0.00,10.00,17.87,0.00,10.24,17.96,0.00,10.23,PotentialField,
1843,12.69,AgentPrefab,Agent,MoveState,Moving,Goal,20.00,0.00,10.00,17.90,0.00,10.23,17.96,0.00,10.23,PotentialField,
1844,12.70,AgentPrefab,Agent,MoveState,Moving,Goal,20.00,0.00,10.00,17.96,0.00,10.23,18.45,0.00,10.17,PotentialField,
1845,12.72,AgentPrefab,Agent,MoveState,Moving,Goal,20.00,0.00,10.00,17.98,0.00,10.22,18.45,0.00,10.17,PotentialField,
1846,12.74,AgentPrefab,Agent,MoveState,Moving,Goal,20.00,0.00,10.00,18.02,0.00,10.22,18.45,0.00,10.17,PotentialField,
1847,12.76,AgentPrefab,Agent,MoveState,Moving,Goal,20.00,0.00,10.00,18.05,0.00,10.22,18.45,0.00,10.17,PotentialField,
1848,12.77,AgentPrefab,Agent,MoveState,Moving,Goal,20.00,0.00,10.00,18.09,0.00,10.21,18.45,0.00,10.17,PotentialField,
1849,12.78,AgentPrefab,Agent,MoveState,Moving,Goal,20.00,0.00,10.00,18.12,0.00,10.21,18.45,0.00,10.17,PotentialField,
1850,12.80,AgentPrefab,Agent,MoveState,Moving,Goal,20.00,0.00,10.00,18.14,0.00,10.21,18.45,0.00,10.17,PotentialField,
1851,12.82,AgentPrefab,Agent,MoveState,Moving,Goal,20.00,0.00,10.00,18.18,0.00,10.20,18.45,0.00,10.17,PotentialField,
1852,12.83,AgentPrefab,Agent,MoveState,Moving,Goal,20.00,0.00,10.00,18.22,0.00,10.20,18.45,0.00,10.17,PotentialField,
1853,12.83,AgentPrefab,Agent,MoveState,Moving,Goal,20.00,0.00,10.00,18.23,0.00,10.20,18.45,0.00,10.17,PotentialField,
1854,12.84,AgentPrefab,Agent,MoveState,Moving,Goal,20.00,0.00,10.00,18.24,0.00,10.20,18.45,0.00,10.17,PotentialField,
1855,12.85,AgentPrefab,Agent,MoveState,Moving,Goal,20.00,0.00,10.00,18.26,0.00,10.19,18.45,0.00,10.17,PotentialField,
1856,12.86,AgentPrefab,Agent,MoveState,Moving,Goal,20.00,0.00,10.00,18.27,0.00,10.19,18.45,0.00,10.17,PotentialField,
1857,12.86,AgentPrefab,Agent,MoveState,Moving,Goal,20.00,0.00,10.00,18.29,0.00,10.19,18.45,0.00,10.17,PotentialField,
1858,12.87,AgentPrefab,Agent,MoveState,Moving,Goal,20.00,0.00,10.00,18.30,0.00,10.19,18.45,0.00,10.17,PotentialField,
1859,12.87,AgentPrefab,Agent,MoveState,Moving,Goal,20.00,0.00,10.00,18.31,0.00,10.19,18.45,0.00,10.17,PotentialField,
1860,12.88,AgentPrefab,Agent,MoveState,Moving,Goal,20.00,0.00,10.00,18.32,0.00,10.19,18.45,0.00,10.17,PotentialField,
1861,12.89,AgentPrefab,Agent,MoveState,Moving,Goal,20.00,0.00,10.00,18.34,0.00,10.18,18.45,0.00,10.17,PotentialField,
1862,12.89,AgentPrefab,Agent,MoveState,Moving,Goal,20.00,0.00,10.00,18.35,0.00,10.18,18.45,0.00,10.17,PotentialField,
1863,12.90,AgentPrefab,Agent,MoveState,Moving,Goal,20.00,0.00,10.00,18.36,0.00,10.18,18.45,0.00,10.17,PotentialField,
1864,12.91,AgentPrefab,Agent,MoveState,Moving,Goal,20.00,0.00,10.00,18.38,0.00,10.18,18.45,0.00,10.17,PotentialField,
1865,12.91,AgentPrefab,Agent,MoveState,Moving,Goal,20.00,0.00,10.00,18.39,0.00,10.18,18.45,0.00,10.17,PotentialField,
1866,12.92,AgentPrefab,Agent,MoveState,Moving,Goal,20.00,0.00,10.00,18.45,0.00,10.17,18.95,0.00,10.12,PotentialField,
1867,12.93,AgentPrefab,Agent,MoveState,Moving,Goal,20.00,0.00,10.00,18.47,0.00,10.17,18.95,0.00,10.12,PotentialField,
1868,12.94,AgentPrefab,Agent,MoveState,Moving,Goal,20.00,0.00,10.00,18.48,0.00,10.17,18.95,0.00,10.12,PotentialField,
1869,12.95,AgentPrefab,Agent,MoveState,Moving,Goal,20.00,0.00,10.00,18.51,0.00,10.17,18.95,0.00,10.12,PotentialField,
1870,12.96,AgentPrefab,Agent,MoveState,Moving,Goal,20.00,0.00,10.00,18.53,0.00,10.16,18.95,0.00,10.12,PotentialField,
1871,12.97,AgentPrefab,Agent,MoveState,Moving,Goal,20.00,0.00,10.00,18.54,0.00,10.16,18.95,0.00,10.12,PotentialField,
1872,12.98,AgentPrefab,Agent,MoveState,Moving,Goal,20.00,0.00,10.00,18.57,0.00,10.16,18.95,0.00,10.12,PotentialField,
1873,12.99,AgentPrefab,Agent,MoveState,Moving,Goal,20.00,0.00,10.00,18.58,0.00,10.16,18.95,0.00,10.12,PotentialField,
1874,12.99,AgentPrefab,Agent,MoveState,Moving,Goal,20.00,0.00,10.00,18.60,0.00,10.16,18.95,0.00,10.12,PotentialField,
1875,13.00,AgentPrefab,Agent,MoveState,Moving,Goal,20.00,0.00,10.00,18.61,0.00,10.15,18.95,0.00,10.12,PotentialField,
1876,13.01,AgentPrefab,Agent,MoveState,Moving,Goal,20.00,0.00,10.00,18.62,0.00,10.15,18.95,0.00,10.12,PotentialField,
1877,13.01,AgentPrefab,Agent,MoveState,Moving,Goal,20.00,0.00,10.00,18.64,0.00,10.15,18.95,0.00,10.12,PotentialField,
1878,13.02,AgentPrefab,Agent,MoveState,Moving,Goal,20.00,0.00,10.00,18.65,0.00,10.15,18.95,0.00,10.12,PotentialField,
1879,13.03,AgentPrefab,Agent,MoveState,Moving,Goal,20.00,0.00,10.00,18.67,0.00,10.15,18.95,0.00,10.12,PotentialField,
1880,13.03,AgentPrefab,Agent,MoveState,Moving,Goal,20.00,0.00,10.00,18.68,0.00,10.15,18.95,0.00,10.12,PotentialField,
1881,13.05,AgentPrefab,Agent,MoveState,Moving,Goal,20.00,0.00,10.00,18.69,0.00,10.15,18.95,0.00,10.12,PotentialField,
1882,13.06,AgentPrefab,Agent,MoveState,Moving,Goal,20.00,0.00,10.00,18.72,0.00,10.14,18.95,0.00,10.12,PotentialField,
1883,13.07,AgentPrefab,Agent,MoveState,Moving,Goal,20.00,0.00,10.00,18.74,0.00,10.14,18.95,0.00,10.12,PotentialField,
1884,13.08,AgentPrefab,Agent,MoveState,Moving,Goal,20.00,0.00,10.00,18.76,0.00,10.14,18.95,0.00,10.12,PotentialField,
1885,13.08,AgentPrefab,Agent,MoveState,Moving,Goal,20.00,0.00,10.00,18.77,0.00,10.14,18.95,0.00,10.12,PotentialField,
1886,13.09,AgentPrefab,Agent,MoveState,Moving,Goal,20.00,0.00,10.00,18.79,0.00,10.13,18.95,0.00,10.12,PotentialField,
1887,13.10,AgentPrefab,Agent,MoveState,Moving,Goal,20.00,0.00,10.00,18.80,0.00,10.13,18.95,0.00,10.12,PotentialField,
1888,13.11,AgentPrefab,Agent,MoveState,Moving,Goal,20.00,0.00,10.00,18.82,0.00,10.13,18.95,0.00,10.12,PotentialField,
1889,13.12,AgentPrefab,Agent,MoveState,Moving,Goal,20.00,0.00,10.00,18.84,0.00,10.13,18.95,0.00,10.12,PotentialField,
1890,13.13,AgentPrefab,Agent,MoveState,Moving,Goal,20.00,0.00,10.00,18.86,0.00,10.13,18.95,0.00,10.12,PotentialField,
1891,13.14,AgentPrefab,Agent,MoveState,Moving,Goal,20.00,0.00,10.00,18.89,0.00,10.12,18.95,0.00,10.12,PotentialField,
1892,13.15,AgentPrefab,Agent,MoveState,Moving,Goal,20.00,0.00,10.00,18.90,0.00,10.12,18.95,0.00,10.12,PotentialField,
1893,13.15,AgentPrefab,Agent,MoveState,Moving,Goal,20.00,0.00,10.00,18.95,0.00,10.12,19.45,0.00,10.06,PotentialField,
1894,13.16,AgentPrefab,Agent,MoveState,Moving,Goal,20.00,0.00,10.00,18.97,0.00,10.11,19.45,0.00,10.06,PotentialField,
1895,13.17,AgentPrefab,Agent,MoveState,Moving,Goal,20.00,0.00,10.00,18.98,0.00,10.11,19.45,0.00,10.06,PotentialField,
1896,13.18,AgentPrefab,Agent,MoveState,Moving,Goal,20.00,0.00,10.00,19.01,0.00,10.11,19.45,0.00,10.06,PotentialField,
1897,13.19,AgentPrefab,Agent,MoveState,Moving,Goal,20.00,0.00,10.00,19.02,0.00,10.11,19.45,0.00,10.06,PotentialField,
1898,13.19,AgentPrefab,Agent,MoveState,Moving,Goal,20.00,0.00,10.00,19.03,0.00,10.11,19.45,0.00,10.06,PotentialField,
1899,13.20,AgentPrefab,Agent,MoveState,Moving,Goal,20.00,0.00,10.00,19.05,0.00,10.11,19.45,0.00,10.06,PotentialField,
1900,13.21,AgentPrefab,Agent,MoveState,Moving,Goal,20.00,0.00,10.00,19.06,0.00,10.10,19.45,0.00,10.06,PotentialField,
1901,13.21,AgentPrefab,Agent,MoveState,Moving,Goal,20.00,0.00,10.00,19.07,0.00,10.10,19.45,0.00,10.06,PotentialField,
1902,13.22,AgentPrefab,Agent,MoveState,Moving,Goal,20.00,0.00,10.00,19.09,0.00,10.10,19.45,0.00,10.06,PotentialField,
1903,13.23,AgentPrefab,Agent,MoveState,Moving,Goal,20.00,0.00,10.00,19.10,0.00,10.10,19.45,0.00,10.06,PotentialField,
1904,13.23,AgentPrefab,Agent,MoveState,Moving,Goal,20.00,0.00,10.00,19.11,0.00,10.10,19.45,0.00,10.06,PotentialField,
1905,13.24,AgentPrefab,Agent,MoveState,Moving,Goal,20.00,0.00,10.00,19.13,0.00,10.10,19.45,0.00,10.06,PotentialField,
1906,13.25,AgentPrefab,Agent,MoveState,Moving,Goal,20.00,0.00,10.00,19.14,0.00,10.10,19.45,0.00,10.06,PotentialField,
1907,13.27,AgentPrefab,Agent,MoveState,Moving,Goal,20.00,0.00,10.00,19.17,0.00,10.09,19.45,0.00,10.06,PotentialField,
1908,13.28,AgentPrefab,Agent,MoveState,Moving,Goal,20.00,0.00,10.00,19.19,0.00,10.09,19.45,0.00,10.06,PotentialField,
1909,13.29,AgentPrefab,Agent,MoveState,Moving,Goal,20.00,0.00,10.00,19.22,0.00,10.09,19.45,0.00,10.06,PotentialField,
1910,13.30,AgentPrefab,Agent,MoveState,Moving,Goal,20.00,0.00,10.00,19.24,0.00,10.08,19.45,0.00,10.06,PotentialField,
1911,13.30,AgentPrefab,Agent,MoveState,Moving,Goal,20.00,0.00,10.00,19.25,0.00,10.08,19.45,0.00,10.06,PotentialField,
1912,13.31,AgentPrefab,Agent,MoveState,Moving,Goal,20.00,0.00,10.00,19.26,0.00,10.08,19.45,0.00,10.06,PotentialField,
1913,13.32,AgentPrefab,Agent,MoveState,Moving,Goal,20.00,0.00,10.00,19.28,0.00,10.08,19.45,0.00,10.06,PotentialField,
1914,13.32,AgentPrefab,Agent,MoveState,Moving,Goal,20.00,0.00,10.00,19.29,0.00,10.08,19.45,0.00,10.06,PotentialField,
1915,13.33,AgentPrefab,Agent,MoveState,Moving,Goal,20.00,0.00,10.00,19.31,0.00,10.08,19.45,0.00,10.06,PotentialField,
1916,13.34,AgentPrefab,Agent,MoveState,Moving,Goal,20.00,0.00,10.00,19.32,0.00,10.08,19.45,0.00,10.06,PotentialField,
1917,13.35,AgentPrefab,Agent,MoveState,Moving,Goal,20.00,0.00,10.00,19.33,0.00,10.07,19.45,0.00,10.06,PotentialField,
1918,13.35,AgentPrefab,Agent,MoveState,Moving,Goal,20.00,0.00,10.00,19.35,0.00,10.07,19.45,0.00,10.06,PotentialField,
1919,13.36,AgentPrefab,Agent,MoveState,Moving,Goal,20.00,0.00,10.00,19.36,0.00,10.07,19.45,0.00,10.06,PotentialField,
1920,13.37,AgentPrefab,Agent,MoveState,Moving,Goal,20.00,0.00,10.00,19.38,0.00,10.07,19.45,0.00,10.06,PotentialField,
1921,13.37,AgentPrefab,Agent,MoveState,Moving,Goal,20.00,0.00,10.00,19.39,0.00,10.07,19.45,0.00,10.06,PotentialField,
1922,13.38,AgentPrefab,Agent,MoveState,Moving,Goal,20.00,0.00,10.00,19.45,0.00,10.06,19.94,0.00,10.01,PotentialField,
1923,13.39,AgentPrefab,Agent,MoveState,Moving,Goal,20.00,0.00,10.00,19.46,0.00,10.06,19.94,0.00,10.01,PotentialField,
1924,13.40,AgentPrefab,Agent,MoveState,Moving,Goal,20.00,0.00,10.00,19.48,0.00,10.06,19.94,0.00,10.01,PotentialField,
1925,13.41,AgentPrefab,Agent,MoveState,Moving,Goal,20.00,0.00,10.00,19.50,0.00,10.06,19.94,0.00,10.01,PotentialField,
1926,13.42,AgentPrefab,Agent,MoveState,Moving,Goal,20.00,0.00,10.00,19.52,0.00,10.05,19.94,0.00,10.01,PotentialField,
1927,13.43,AgentPrefab,Agent,MoveState,Moving,Goal,20.00,0.00,10.00,19.55,0.00,10.05,19.94,0.00,10.01,PotentialField,
1928,13.44,AgentPrefab,Agent,MoveState,Moving,Goal,20.00,0.00,10.00,19.56,0.00,10.05,19.94,0.00,10.01,PotentialField,
1929,13.44,AgentPrefab,Agent,MoveState,Moving,Goal,20.00,0.00,10.00,19.57,0.00,10.05,19.94,0.00,10.01,PotentialField,
1930,13.45,AgentPrefab,Agent,MoveState,Moving,Goal,20.00,0.00,10.00,19.59,0.00,10.05,19.94,0.00,10.01,PotentialField,
1931,13.46,AgentPrefab,Agent,MoveState,Moving,Goal,20.00,0.00,10.00,19.60,0.00,10.04,19.94,0.00,10.01,PotentialField,
1932,13.46,AgentPrefab,Agent,MoveState,Moving,Goal,20.00,0.00,10.00,19.61,0.00,10.04,19.94,0.00,10.01,PotentialField,
1933,13.48,AgentPrefab,Agent,MoveState,Moving,Goal,20.00,0.00,10.00,19.63,0.00,10.04,19.94,0.00,10.01,PotentialField,
1934,13.49,AgentPrefab,Agent,MoveState,Moving,Goal,20.00,0.00,10.00,19.65,0.00,10.04,19.94,0.00,10.01,PotentialField,
1935,13.50,AgentPrefab,Agent,MoveState,Moving,Goal,20.00,0.00,10.00,19.68,0.00,10.04,19.94,0.00,10.01,PotentialField,
1936,13.51,AgentPrefab,Agent,MoveState,Moving,Goal,20.00,0.00,10.00,19.70,0.00,10.03,19.94,0.00,10.01,PotentialField,
1937,13.52,AgentPrefab,Agent,MoveState,Moving,Goal,20.00,0.00,10.00,19.71,0.00,10.03,19.94,0.00,10.01,PotentialField,
1938,13.52,AgentPrefab,Agent,MoveState,Moving,Goal,20.00,0.00,10.00,19.73,0.00,10.03,19.94,0.00,10.01,PotentialField,
1939,13.53,AgentPrefab,Agent,MoveState,Moving,Goal,20.00,0.00,10.00,19.74,0.00,10.03,19.94,0.00,10.01,PotentialField,
1940,13.54,AgentPrefab,Agent,MoveState,Moving,Goal,20.00,0.00,10.00,19.76,0.00,10.03,19.94,0.00,10.01,PotentialField,
1941,13.54,AgentPrefab,Agent,MoveState,Moving,Goal,20.00,0.00,10.00,19.77,0.00,10.03,19.94,0.00,10.01,PotentialField,
1942,13.55,AgentPrefab,Agent,MoveState,Moving,Goal,20.00,0.00,10.00,19.78,0.00,10.02,19.94,0.00,10.01,PotentialField,
1943,13.56,AgentPrefab,Agent,MoveState,Moving,Goal,20.00,0.00,10.00,19.80,0.00,10.02,19.94,0.00,10.01,PotentialField,
1944,13.56,AgentPrefab,Agent,MoveState,Moving,Goal,20.00,0.00,10.00,19.81,0.00,10.02,19.94,0.00,10.01,PotentialField,
1945,13.58,AgentPrefab,Agent,MoveState,Moving,Goal,20.00,0.00,10.00,19.82,0.00,10.02,19.94,0.00,10.01,PotentialField,
1946,13.59,AgentPrefab,Agent,MoveState,Moving,Goal,20.00,0.00,10.00,19.86,0.00,10.02,19.94,0.00,10.01,PotentialField,
1947,13.59,AgentPrefab,Agent,MoveState,Moving,Goal,20.00,0.00,10.00,19.87,0.00,10.01,19.94,0.00,10.01,PotentialField,
1948,13.60,AgentPrefab,Agent,MoveState,Moving,Goal,20.00,0.00,10.00,19.88,0.00,10.01,19.94,0.00,10.01,PotentialField,
1949,13.61,AgentPrefab,Agent,MoveState,Moving,Goal,20.00,0.00,10.00,19.94,0.00,10.01,20.00,0.00,10.00,PotentialField,
1949,13.61,AIManager,Performance,Pathfinding,Executed,PotentialField,0.00,0.00,0.00,0.00,0.00,0.00,0.00,0.00,0.00,PotentialField,0.008
1949,13.61,AgentPrefab,Agent,MoveState,Moving,Goal,20.00,0.00,20.00,20.00,0.00,10.00,20.00,0.00,10.00,PotentialField,
1950,13.68,AgentPrefab,Agent,MoveState,Moving,Goal,20.00,0.00,20.00,20.00,0.00,10.00,20.00,0.00,10.00,PotentialField,
1951,13.73,AgentPrefab,Agent,MoveState,Moving,Goal,20.00,0.00,20.00,20.00,0.00,10.00,20.00,0.00,10.50,PotentialField,
1952,13.74,AgentPrefab,Agent,MoveState,Moving,Goal,20.00,0.00,20.00,20.00,0.00,10.09,20.00,0.00,10.50,PotentialField,
1953,13.75,AgentPrefab,Agent,MoveState,Moving,Goal,20.00,0.00,20.00,20.00,0.00,10.11,20.00,0.00,10.50,PotentialField,
1954,13.75,AgentPrefab,Agent,MoveState,Moving,Goal,20.00,0.00,20.00,20.00,0.00,10.12,20.00,0.00,10.50,PotentialField,
1955,13.76,AgentPrefab,Agent,MoveState,Moving,Goal,20.00,0.00,20.00,20.00,0.00,10.14,20.00,0.00,10.50,PotentialField,
1956,13.77,AgentPrefab,Agent,MoveState,Moving,Goal,20.00,0.00,20.00,20.00,0.00,10.15,20.00,0.00,10.50,PotentialField,
1957,13.78,AgentPrefab,Agent,MoveState,Moving,Goal,20.00,0.00,20.00,20.00,0.00,10.17,20.00,0.00,10.50,PotentialField,
1958,13.78,AgentPrefab,Agent,MoveState,Moving,Goal,20.00,0.00,20.00,20.00,0.00,10.18,20.00,0.00,10.50,PotentialField,
1959,13.79,AgentPrefab,Agent,MoveState,Moving,Goal,20.00,0.00,20.00,20.00,0.00,10.20,20.00,0.00,10.50,PotentialField,
1960,13.80,AgentPrefab,Agent,MoveState,Moving,Goal,20.00,0.00,20.00,20.00,0.00,10.21,20.00,0.00,10.50,PotentialField,
1961,13.80,AgentPrefab,Agent,MoveState,Moving,Goal,20.00,0.00,20.00,20.00,0.00,10.22,20.00,0.00,10.50,PotentialField,
1962,13.81,AgentPrefab,Agent,MoveState,Moving,Goal,20.00,0.00,20.00,20.00,0.00,10.24,20.00,0.00,10.50,PotentialField,
1963,13.82,AgentPrefab,Agent,MoveState,Moving,Goal,20.00,0.00,20.00,20.00,0.00,10.25,20.00,0.00,10.50,PotentialField,
1964,13.82,AgentPrefab,Agent,MoveState,Moving,Goal,20.00,0.00,20.00,20.00,0.00,10.27,20.00,0.00,10.50,PotentialField,
1965,13.83,AgentPrefab,Agent,MoveState,Moving,Goal,20.00,0.00,20.00,20.00,0.00,10.28,20.00,0.00,10.50,PotentialField,
1966,13.84,AgentPrefab,Agent,MoveState,Moving,Goal,20.00,0.00,20.00,20.00,0.00,10.29,20.00,0.00,10.50,PotentialField,
1967,13.84,AgentPrefab,Agent,MoveState,Moving,Goal,20.00,0.00,20.00,20.00,0.00,10.31,20.00,0.00,10.50,PotentialField,
1968,13.85,AgentPrefab,Agent,MoveState,Moving,Goal,20.00,0.00,20.00,20.00,0.00,10.32,20.00,0.00,10.50,PotentialField,
1969,13.86,AgentPrefab,Agent,MoveState,Moving,Goal,20.00,0.00,20.00,20.00,0.00,10.34,20.00,0.00,10.50,PotentialField,
1970,13.87,AgentPrefab,Agent,MoveState,Moving,Goal,20.00,0.00,20.00,20.00,0.00,10.35,20.00,0.00,10.50,PotentialField,
1971,13.88,AgentPrefab,Agent,MoveState,Moving,Goal,20.00,0.00,20.00,20.00,0.00,10.37,20.00,0.00,10.50,PotentialField,
1972,13.90,AgentPrefab,Agent,MoveState,Moving,Goal,20.00,0.00,20.00,20.00,0.00,10.39,20.00,0.00,10.50,PotentialField,
1973,13.90,AgentPrefab,Agent,MoveState,Moving,Goal,20.00,0.00,20.00,20.00,0.00,10.42,20.00,0.00,10.50,PotentialField,
1974,13.91,AgentPrefab,Agent,MoveState,Moving,Goal,20.00,0.00,20.00,20.00,0.00,10.44,20.00,0.00,10.50,PotentialField,
1975,13.92,AgentPrefab,Agent,MoveState,Moving,Goal,20.00,0.00,20.00,20.00,0.00,10.50,20.00,0.00,11.00,PotentialField,
1976,13.93,AgentPrefab,Agent,MoveState,Moving,Goal,20.00,0.00,20.00,20.00,0.00,10.51,20.00,0.00,11.00,PotentialField,
1977,13.93,AgentPrefab,Agent,MoveState,Moving,Goal,20.00,0.00,20.00,20.00,0.00,10.53,20.00,0.00,11.00,PotentialField,
1978,13.94,AgentPrefab,Agent,MoveState,Moving,Goal,20.00,0.00,20.00,20.00,0.00,10.54,20.00,0.00,11.00,PotentialField,
1979,13.95,AgentPrefab,Agent,MoveState,Moving,Goal,20.00,0.00,20.00,20.00,0.00,10.56,20.00,0.00,11.00,PotentialField,
1980,13.95,AgentPrefab,Agent,MoveState,Moving,Goal,20.00,0.00,20.00,20.00,0.00,10.57,20.00,0.00,11.00,PotentialField,
1981,13.96,AgentPrefab,Agent,MoveState,Moving,Goal,20.00,0.00,20.00,20.00,0.00,10.59,20.00,0.00,11.00,PotentialField,
1982,13.97,AgentPrefab,Agent,MoveState,Moving,Goal,20.00,0.00,20.00,20.00,0.00,10.60,20.00,0.00,11.00,PotentialField,
1983,13.97,AgentPrefab,Agent,MoveState,Moving,Goal,20.00,0.00,20.00,20.00,0.00,10.61,20.00,0.00,11.00,PotentialField,
1984,13.98,AgentPrefab,Agent,MoveState,Moving,Goal,20.00,0.00,20.00,20.00,0.00,10.63,20.00,0.00,11.00,PotentialField,
1985,13.99,AgentPrefab,Agent,MoveState,Moving,Goal,20.00,0.00,20.00,20.00,0.00,10.64,20.00,0.00,11.00,PotentialField,
1986,14.00,AgentPrefab,Agent,MoveState,Moving,Goal,20.00,0.00,20.00,20.00,0.00,10.66,20.00,0.00,11.00,PotentialField,
1987,14.00,AgentPrefab,Agent,MoveState,Moving,Goal,20.00,0.00,20.00,20.00,0.00,10.67,20.00,0.00,11.00,PotentialField,
1988,14.01,AgentPrefab,Agent,MoveState,Moving,Goal,20.00,0.00,20.00,20.00,0.00,10.68,20.00,0.00,11.00,PotentialField,
1989,14.02,AgentPrefab,Agent,MoveState,Moving,Goal,20.00,0.00,20.00,20.00,0.00,10.70,20.00,0.00,11.00,PotentialField,
1990,14.02,AgentPrefab,Agent,MoveState,Moving,Goal,20.00,0.00,20.00,20.00,0.00,10.71,20.00,0.00,11.00,PotentialField,
1991,14.03,AgentPrefab,Agent,MoveState,Moving,Goal,20.00,0.00,20.00,20.00,0.00,10.73,20.00,0.00,11.00,PotentialField,
1992,14.04,AgentPrefab,Agent,MoveState,Moving,Goal,20.00,0.00,20.00,20.00,0.00,10.74,20.00,0.00,11.00,PotentialField,
1993,14.04,AgentPrefab,Agent,MoveState,Moving,Goal,20.00,0.00,20.00,20.00,0.00,10.75,20.00,0.00,11.00,PotentialField,
1994,14.05,AgentPrefab,Agent,MoveState,Moving,Goal,20.00,0.00,20.00,20.00,0.00,10.77,20.00,0.00,11.00,PotentialField,
1995,14.06,AgentPrefab,Agent,MoveState,Moving,Goal,20.00,0.00,20.00,20.00,0.00,10.78,20.00,0.00,11.00,PotentialField,
1996,14.07,AgentPrefab,Agent,MoveState,Moving,Goal,20.00,0.00,20.00,20.00,0.00,10.79,20.00,0.00,11.00,PotentialField,
1997,14.07,AgentPrefab,Agent,MoveState,Moving,Goal,20.00,0.00,20.00,20.00,0.00,10.81,20.00,0.00,11.00,PotentialField,
1998,14.08,AgentPrefab,Agent,MoveState,Moving,Goal,20.00,0.00,20.00,20.00,0.00,10.82,20.00,0.00,11.00,PotentialField,
1999,14.09,AgentPrefab,Agent,MoveState,Moving,Goal,20.00,0.00,20.00,20.00,0.00,10.84,20.00,0.00,11.00,PotentialField,
2000,14.09,AgentPrefab,Agent,MoveState,Moving,Goal,20.00,0.00,20.00,20.00,0.00,10.85,20.00,0.00,11.00,PotentialField,
2001,14.10,AgentPrefab,Agent,MoveState,Moving,Goal,20.00,0.00,20.00,20.00,0.00,10.86,20.00,0.00,11.00,PotentialField,
2002,14.11,AgentPrefab,Agent,MoveState,Moving,Goal,20.00,0.00,20.00,20.00,0.00,10.88,20.00,0.00,11.00,PotentialField,
2003,14.12,AgentPrefab,Agent,MoveState,Moving,Goal,20.00,0.00,20.00,20.00,0.00,10.89,20.00,0.00,11.00,PotentialField,
2004,14.12,AgentPrefab,Agent,MoveState,Moving,Goal,20.00,0.00,20.00,20.00,0.00,10.91,20.00,0.00,11.00,PotentialField,
2005,14.13,AgentPrefab,Agent,MoveState,Moving,Goal,20.00,0.00,20.00,20.00,0.00,10.92,20.00,0.00,11.00,PotentialField,
2006,14.14,AgentPrefab,Agent,MoveState,Moving,Goal,20.00,0.00,20.00,20.00,0.00,10.94,20.00,0.00,11.00,PotentialField,
2007,14.14,AgentPrefab,Agent,MoveState,Moving,Goal,20.00,0.00,20.00,20.00,0.00,10.95,20.00,0.00,11.00,PotentialField,
2008,14.15,AgentPrefab,Agent,MoveState,Moving,Goal,20.00,0.00,20.00,20.00,0.00,11.00,20.00,0.00,11.50,PotentialField,
2009,14.16,AgentPrefab,Agent,MoveState,Moving,Goal,20.00,0.00,20.00,20.00,0.00,11.01,20.00,0.00,11.50,PotentialField,
2010,14.17,AgentPrefab,Agent,MoveState,Moving,Goal,20.00,0.00,20.00,20.00,0.00,11.03,20.00,0.00,11.50,PotentialField,
2011,14.17,AgentPrefab,Agent,MoveState,Moving,Goal,20.00,0.00,20.00,20.00,0.00,11.04,20.00,0.00,11.50,PotentialField,
2012,14.18,AgentPrefab,Agent,MoveState,Moving,Goal,20.00,0.00,20.00,20.00,0.00,11.06,20.00,0.00,11.50,PotentialField,
2013,14.19,AgentPrefab,Agent,MoveState,Moving,Goal,20.00,0.00,20.00,20.00,0.00,11.07,20.00,0.00,11.50,PotentialField,
2014,14.19,AgentPrefab,Agent,MoveState,Moving,Goal,20.00,0.00,20.00,20.00,0.00,11.09,20.00,0.00,11.50,PotentialField,
2015,14.20,AgentPrefab,Agent,MoveState,Moving,Goal,20.00,0.00,20.00,20.00,0.00,11.10,20.00,0.00,11.50,PotentialField,
2016,14.21,AgentPrefab,Agent,MoveState,Moving,Goal,20.00,0.00,20.00,20.00,0.00,11.12,20.00,0.00,11.50,PotentialField,
2017,14.22,AgentPrefab,Agent,MoveState,Moving,Goal,20.00,0.00,20.00,20.00,0.00,11.13,20.00,0.00,11.50,PotentialField,
2018,14.22,AgentPrefab,Agent,MoveState,Moving,Goal,20.00,0.00,20.00,20.00,0.00,11.14,20.00,0.00,11.50,PotentialField,
2019,14.23,AgentPrefab,Agent,MoveState,Moving,Goal,20.00,0.00,20.00,20.00,0.00,11.16,20.00,0.00,11.50,PotentialField,
2020,14.24,AgentPrefab,Agent,MoveState,Moving,Goal,20.00,0.00,20.00,20.00,0.00,11.17,20.00,0.00,11.50,PotentialField,
2021,14.24,AgentPrefab,Agent,MoveState,Moving,Goal,20.00,0.00,20.00,20.00,0.00,11.19,20.00,0.00,11.50,PotentialField,
2022,14.25,AgentPrefab,Agent,MoveState,Moving,Goal,20.00,0.00,20.00,20.00,0.00,11.20,20.00,0.00,11.50,PotentialField,
2023,14.26,AgentPrefab,Agent,MoveState,Moving,Goal,20.00,0.00,20.00,20.00,0.00,11.22,20.00,0.00,11.50,PotentialField,
2024,14.27,AgentPrefab,Agent,MoveState,Moving,Goal,20.00,0.00,20.00,20.00,0.00,11.23,20.00,0.00,11.50,PotentialField,
2025,14.27,AgentPrefab,Agent,MoveState,Moving,Goal,20.00,0.00,20.00,20.00,0.00,11.24,20.00,0.00,11.50,PotentialField,
2026,14.28,AgentPrefab,Agent,MoveState,Moving,Goal,20.00,0.00,20.00,20.00,0.00,11.26,20.00,0.00,11.50,PotentialField,
2027,14.29,AgentPrefab,Agent,MoveState,Moving,Goal,20.00,0.00,20.00,20.00,0.00,11.27,20.00,0.00,11.50,PotentialField,
2028,14.29,AgentPrefab,Agent,MoveState,Moving,Goal,20.00,0.00,20.00,20.00,0.00,11.28,20.00,0.00,11.50,PotentialField,
2029,14.30,AgentPrefab,Agent,MoveState,Moving,Goal,20.00,0.00,20.00,20.00,0.00,11.30,20.00,0.00,11.50,PotentialField,
2030,14.31,AgentPrefab,Agent,MoveState,Moving,Goal,20.00,0.00,20.00,20.00,0.00,11.31,20.00,0.00,11.50,PotentialField,
2031,14.31,AgentPrefab,Agent,MoveState,Moving,Goal,20.00,0.00,20.00,20.00,0.00,11.33,20.00,0.00,11.50,PotentialField,
2032,14.32,AgentPrefab,Agent,MoveState,Moving,Goal,20.00,0.00,20.00,20.00,0.00,11.34,20.00,0.00,11.50,PotentialField,
2033,14.33,AgentPrefab,Agent,MoveState,Moving,Goal,20.00,0.00,20.00,20.00,0.00,11.36,20.00,0.00,11.50,PotentialField,
2034,14.34,AgentPrefab,Agent,MoveState,Moving,Goal,20.00,0.00,20.00,20.00,0.00,11.37,20.00,0.00,11.50,PotentialField,
2035,14.34,AgentPrefab,Agent,MoveState,Moving,Goal,20.00,0.00,20.00,20.00,0.00,11.38,20.00,0.00,11.50,PotentialField,
2036,14.35,AgentPrefab,Agent,MoveState,Moving,Goal,20.00,0.00,20.00,20.00,0.00,11.40,20.00,0.00,11.50,PotentialField,
2037,14.36,AgentPrefab,Agent,MoveState,Moving,Goal,20.00,0.00,20.00,20.00,0.00,11.41,20.00,0.00,11.50,PotentialField,
2038,14.36,AgentPrefab,Agent,MoveState,Moving,Goal,20.00,0.00,20.00,20.00,0.00,11.43,20.00,0.00,11.50,PotentialField,
2039,14.37,AgentPrefab,Agent,MoveState,Moving,Goal,20.00,0.00,20.00,20.00,0.00,11.44,20.00,0.00,11.50,PotentialField,
2040,14.38,AgentPrefab,Agent,MoveState,Moving,Goal,20.00,0.00,20.00,20.00,0.00,11.50,20.00,0.00,12.00,PotentialField,
2041,14.38,AgentPrefab,Agent,MoveState,Moving,Goal,20.00,0.00,20.00,20.00,0.00,11.51,20.00,0.00,12.00,PotentialField,
2042,14.39,AgentPrefab,Agent,MoveState,Moving,Goal,20.00,0.00,20.00,20.00,0.00,11.53,20.00,0.00,12.00,PotentialField,
2043,14.40,AgentPrefab,Agent,MoveState,Moving,Goal,20.00,0.00,20.00,20.00,0.00,11.54,20.00,0.00,12.00,PotentialField,
2044,14.41,AgentPrefab,Agent,MoveState,Moving,Goal,20.00,0.00,20.00,20.00,0.00,11.56,20.00,0.00,12.00,PotentialField,
2045,14.41,AgentPrefab,Agent,MoveState,Moving,Goal,20.00,0.00,20.00,20.00,0.00,11.57,20.00,0.00,12.00,PotentialField,
2046,14.42,AgentPrefab,Agent,MoveState,Moving,Goal,20.00,0.00,20.00,20.00,0.00,11.59,20.00,0.00,12.00,PotentialField,
2047,14.43,AgentPrefab,Agent,MoveState,Moving,Goal,20.00,0.00,20.00,20.00,0.00,11.60,20.00,0.00,12.00,PotentialField,
2048,14.43,AgentPrefab,Agent,MoveState,Moving,Goal,20.00,0.00,20.00,20.00,0.00,11.61,20.00,0.00,12.00,PotentialField,
2049,14.44,AgentPrefab,Agent,MoveState,Moving,Goal,20.00,0.00,20.00,20.00,0.00,11.63,20.00,0.00,12.00,PotentialField,
2050,14.45,AgentPrefab,Agent,MoveState,Moving,Goal,20.00,0.00,20.00,20.00,0.00,11.64,20.00,0.00,12.00,PotentialField,
2051,14.46,AgentPrefab,Agent,MoveState,Moving,Goal,20.00,0.00,20.00,20.00,0.00,11.66,20.00,0.00,12.00,PotentialField,
2052,14.46,AgentPrefab,Agent,MoveState,Moving,Goal,20.00,0.00,20.00,20.00,0.00,11.67,20.00,0.00,12.00,PotentialField,
2053,14.47,AgentPrefab,Agent,MoveState,Moving,Goal,20.00,0.00,20.00,20.00,0.00,11.68,20.00,0.00,12.00,PotentialField,
2054,14.48,AgentPrefab,Agent,MoveState,Moving,Goal,20.00,0.00,20.00,20.00,0.00,11.70,20.00,0.00,12.00,PotentialField,
2055,14.48,AgentPrefab,Agent,MoveState,Moving,Goal,20.00,0.00,20.00,20.00,0.00,11.71,20.00,0.00,12.00,PotentialField,
2056,14.49,AgentPrefab,Agent,MoveState,Moving,Goal,20.00,0.00,20.00,20.00,0.00,11.72,20.00,0.00,12.00,PotentialField,
2057,14.50,AgentPrefab,Agent,MoveState,Moving,Goal,20.00,0.00,20.00,20.00,0.00,11.74,20.00,0.00,12.00,PotentialField,
2058,14.50,AgentPrefab,Agent,MoveState,Moving,Goal,20.00,0.00,20.00,20.00,0.00,11.75,20.00,0.00,12.00,PotentialField,
2059,14.51,AgentPrefab,Agent,MoveState,Moving,Goal,20.00,0.00,20.00,20.00,0.00,11.77,20.00,0.00,12.00,PotentialField,
2060,14.52,AgentPrefab,Agent,MoveState,Moving,Goal,20.00,0.00,20.00,20.00,0.00,11.78,20.00,0.00,12.00,PotentialField,
2061,14.53,AgentPrefab,Agent,MoveState,Moving,Goal,20.00,0.00,20.00,20.00,0.00,11.80,20.00,0.00,12.00,PotentialField,
2062,14.53,AgentPrefab,Agent,MoveState,Moving,Goal,20.00,0.00,20.00,20.00,0.00,11.81,20.00,0.00,12.00,PotentialField,
2063,14.54,AgentPrefab,Agent,MoveState,Moving,Goal,20.00,0.00,20.00,20.00,0.00,11.82,20.00,0.00,12.00,PotentialField,
2064,14.55,AgentPrefab,Agent,MoveState,Moving,Goal,20.00,0.00,20.00,20.00,0.00,11.84,20.00,0.00,12.00,PotentialField,
2065,14.55,AgentPrefab,Agent,MoveState,Moving,Goal,20.00,0.00,20.00,20.00,0.00,11.85,20.00,0.00,12.00,PotentialField,
2066,14.56,AgentPrefab,Agent,MoveState,Moving,Goal,20.00,0.00,20.00,20.00,0.00,11.87,20.00,0.00,12.00,PotentialField,
2067,14.57,AgentPrefab,Agent,MoveState,Moving,Goal,20.00,0.00,20.00,20.00,0.00,11.88,20.00,0.00,12.00,PotentialField,
2068,14.58,AgentPrefab,Agent,MoveState,Moving,Goal,20.00,0.00,20.00,20.00,0.00,11.89,20.00,0.00,12.00,PotentialField,
2069,14.58,AgentPrefab,Agent,MoveState,Moving,Goal,20.00,0.00,20.00,20.00,0.00,11.91,20.00,0.00,12.00,PotentialField,
2070,14.59,AgentPrefab,Agent,MoveState,Moving,Goal,20.00,0.00,20.00,20.00,0.00,11.92,20.00,0.00,12.00,PotentialField,
2071,14.60,AgentPrefab,Agent,MoveState,Moving,Goal,20.00,0.00,20.00,20.00,0.00,11.94,20.00,0.00,12.00,PotentialField,
2072,14.60,AgentPrefab,Agent,MoveState,Moving,Goal,20.00,0.00,20.00,20.00,0.00,11.95,20.00,0.00,12.00,PotentialField,
2073,14.61,AgentPrefab,Agent,MoveState,Moving,Goal,20.00,0.00,20.00,20.00,0.00,12.00,20.00,0.00,12.50,PotentialField,
2074,14.62,AgentPrefab,Agent,MoveState,Moving,Goal,20.00,0.00,20.00,20.00,0.00,12.01,20.00,0.00,12.50,PotentialField,
2075,14.62,AgentPrefab,Agent,MoveState,Moving,Goal,20.00,0.00,20.00,20.00,0.00,12.03,20.00,0.00,12.50,PotentialField,
2076,14.63,AgentPrefab,Agent,MoveState,Moving,Goal,20.00,0.00,20.00,20.00,0.00,12.04,20.00,0.00,12.50,PotentialField,
2077,14.64,AgentPrefab,Agent,MoveState,Moving,Goal,20.00,0.00,20.00,20.00,0.00,12.05,20.00,0.00,12.50,PotentialField,
2078,14.64,AgentPrefab,Agent,MoveState,Moving,Goal,20.00,0.00,20.00,20.00,0.00,12.07,20.00,0.00,12.50,PotentialField,
2079,14.65,AgentPrefab,Agent,MoveState,Moving,Goal,20.00,0.00,20.00,20.00,0.00,12.08,20.00,0.00,12.50,PotentialField,
2080,14.66,AgentPrefab,Agent,MoveState,Moving,Goal,20.00,0.00,20.00,20.00,0.00,12.10,20.00,0.00,12.50,PotentialField,
2081,14.67,AgentPrefab,Agent,MoveState,Moving,Goal,20.00,0.00,20.00,20.00,0.00,12.11,20.00,0.00,12.50,PotentialField,
2082,14.67,AgentPrefab,Agent,MoveState,Moving,Goal,20.00,0.00,20.00,20.00,0.00,12.12,20.00,0.00,12.50,PotentialField,
2083,14.68,AgentPrefab,Agent,MoveState,Moving,Goal,20.00,0.00,20.00,20.00,0.00,12.14,20.00,0.00,12.50,PotentialField,
2084,14.69,AgentPrefab,Agent,MoveState,Moving,Goal,20.00,0.00,20.00,20.00,0.00,12.15,20.00,0.00,12.50,PotentialField,
2085,14.69,AgentPrefab,Agent,MoveState,Moving,Goal,20.00,0.00,20.00,20.00,0.00,12.17,20.00,0.00,12.50,PotentialField,
2086,14.70,AgentPrefab,Agent,MoveState,Moving,Goal,20.00,0.00,20.00,20.00,0.00,12.18,20.00,0.00,12.50,PotentialField,
2087,14.71,AgentPrefab,Agent,MoveState,Moving,Goal,20.00,0.00,20.00,20.00,0.00,12.19,20.00,0.00,12.50,PotentialField,
2088,14.71,AgentPrefab,Agent,MoveState,Moving,Goal,20.00,0.00,20.00,20.00,0.00,12.21,20.00,0.00,12.50,PotentialField,
2089,14.72,AgentPrefab,Agent,MoveState,Moving,Goal,20.00,0.00,20.00,20.00,0.00,12.22,20.00,0.00,12.50,PotentialField,
2090,14.73,AgentPrefab,Agent,MoveState,Moving,Goal,20.00,0.00,20.00,20.00,0.00,12.24,20.00,0.00,12.50,PotentialField,
2091,14.74,AgentPrefab,Agent,MoveState,Moving,Goal,20.00,0.00,20.00,20.00,0.00,12.25,20.00,0.00,12.50,PotentialField,
2092,14.75,AgentPrefab,Agent,MoveState,Moving,Goal,20.00,0.00,20.00,20.00,0.00,12.27,20.00,0.00,12.50,PotentialField,
2093,14.76,AgentPrefab,Agent,MoveState,Moving,Goal,20.00,0.00,20.00,20.00,0.00,12.30,20.00,0.00,12.50,PotentialField,
2094,14.77,AgentPrefab,Agent,MoveState,Moving,Goal,20.00,0.00,20.00,20.00,0.00,12.32,20.00,0.00,12.50,PotentialField,
2095,14.78,AgentPrefab,Agent,MoveState,Moving,Goal,20.00,0.00,20.00,20.00,0.00,12.33,20.00,0.00,12.50,PotentialField,
2096,14.78,AgentPrefab,Agent,MoveState,Moving,Goal,20.00,0.00,20.00,20.00,0.00,12.34,20.00,0.00,12.50,PotentialField,
2097,14.79,AgentPrefab,Agent,MoveState,Moving,Goal,20.00,0.00,20.00,20.00,0.00,12.36,20.00,0.00,12.50,PotentialField,
2098,14.80,AgentPrefab,Agent,MoveState,Moving,Goal,20.00,0.00,20.00,20.00,0.00,12.37,20.00,0.00,12.50,PotentialField,
2099,14.80,AgentPrefab,Agent,MoveState,Moving,Goal,20.00,0.00,20.00,20.00,0.00,12.38,20.00,0.00,12.50,PotentialField,
2100,14.81,AgentPrefab,Agent,MoveState,Moving,Goal,20.00,0.00,20.00,20.00,0.00,12.40,20.00,0.00,12.50,PotentialField,
2101,14.82,AgentPrefab,Agent,MoveState,Moving,Goal,20.00,0.00,20.00,20.00,0.00,12.41,20.00,0.00,12.50,PotentialField,
2102,14.82,AgentPrefab,Agent,MoveState,Moving,Goal,20.00,0.00,20.00,20.00,0.00,12.43,20.00,0.00,12.50,PotentialField,
2103,14.83,AgentPrefab,Agent,MoveState,Moving,Goal,20.00,0.00,20.00,20.00,0.00,12.44,20.00,0.00,12.50,PotentialField,
2104,14.84,AgentPrefab,Agent,MoveState,Moving,Goal,20.00,0.00,20.00,20.00,0.00,12.50,20.00,0.00,13.00,PotentialField,
2105,14.84,AgentPrefab,Agent,MoveState,Moving,Goal,20.00,0.00,20.00,20.00,0.00,12.51,20.00,0.00,13.00,PotentialField,
2106,14.85,AgentPrefab,Agent,MoveState,Moving,Goal,20.00,0.00,20.00,20.00,0.00,12.53,20.00,0.00,13.00,PotentialField,
2107,14.86,AgentPrefab,Agent,MoveState,Moving,Goal,20.00,0.00,20.00,20.00,0.00,12.55,20.00,0.00,13.00,PotentialField,
2108,14.87,AgentPrefab,Agent,MoveState,Moving,Goal,20.00,0.00,20.00,20.00,0.00,12.56,20.00,0.00,13.00,PotentialField,
2109,14.88,AgentPrefab,Agent,MoveState,Moving,Goal,20.00,0.00,20.00,20.00,0.00,12.58,20.00,0.00,13.00,PotentialField,
2110,14.88,AgentPrefab,Agent,MoveState,Moving,Goal,20.00,0.00,20.00,20.00,0.00,12.59,20.00,0.00,13.00,PotentialField,
2111,14.89,AgentPrefab,Agent,MoveState,Moving,Goal,20.00,0.00,20.00,20.00,0.00,12.60,20.00,0.00,13.00,PotentialField,
2112,14.90,AgentPrefab,Agent,MoveState,Moving,Goal,20.00,0.00,20.00,20.00,0.00,12.62,20.00,0.00,13.00,PotentialField,
2113,14.90,AgentPrefab,Agent,MoveState,Moving,Goal,20.00,0.00,20.00,20.00,0.00,12.63,20.00,0.00,13.00,PotentialField,
2114,14.91,AgentPrefab,Agent,MoveState,Moving,Goal,20.00,0.00,20.00,20.00,0.00,12.64,20.00,0.00,13.00,PotentialField,
2115,14.92,AgentPrefab,Agent,MoveState,Moving,Goal,20.00,0.00,20.00,20.00,0.00,12.66,20.00,0.00,13.00,PotentialField,
2116,14.92,AgentPrefab,Agent,MoveState,Moving,Goal,20.00,0.00,20.00,20.00,0.00,12.67,20.00,0.00,13.00,PotentialField,
2117,14.93,AgentPrefab,Agent,MoveState,Moving,Goal,20.00,0.00,20.00,20.00,0.00,12.69,20.00,0.00,13.00,PotentialField,
2118,14.94,AgentPrefab,Agent,MoveState,Moving,Goal,20.00,0.00,20.00,20.00,0.00,12.70,20.00,0.00,13.00,PotentialField,
2119,14.94,AgentPrefab,Agent,MoveState,Moving,Goal,20.00,0.00,20.00,20.00,0.00,12.71,20.00,0.00,13.00,PotentialField,
2120,14.95,AgentPrefab,Agent,MoveState,Moving,Goal,20.00,0.00,20.00,20.00,0.00,12.73,20.00,0.00,13.00,PotentialField,
2121,14.96,AgentPrefab,Agent,MoveState,Moving,Goal,20.00,0.00,20.00,20.00,0.00,12.74,20.00,0.00,13.00,PotentialField,
2122,14.97,AgentPrefab,Agent,MoveState,Moving,Goal,20.00,0.00,20.00,20.00,0.00,12.76,20.00,0.00,13.00,PotentialField,
2123,14.97,AgentPrefab,Agent,MoveState,Moving,Goal,20.00,0.00,20.00,20.00,0.00,12.77,20.00,0.00,13.00,PotentialField,
2124,14.98,AgentPrefab,Agent,MoveState,Moving,Goal,20.00,0.00,20.00,20.00,0.00,12.78,20.00,0.00,13.00,PotentialField,
2125,14.99,AgentPrefab,Agent,MoveState,Moving,Goal,20.00,0.00,20.00,20.00,0.00,12.80,20.00,0.00,13.00,PotentialField,
2126,14.99,AgentPrefab,Agent,MoveState,Moving,Goal,20.00,0.00,20.00,20.00,0.00,12.81,20.00,0.00,13.00,PotentialField,
2127,15.00,AgentPrefab,Agent,MoveState,Moving,Goal,20.00,0.00,20.00,20.00,0.00,12.82,20.00,0.00,13.00,PotentialField,
2128,15.01,AgentPrefab,Agent,MoveState,Moving,Goal,20.00,0.00,20.00,20.00,0.00,12.84,20.00,0.00,13.00,PotentialField,
2129,15.01,AgentPrefab,Agent,MoveState,Moving,Goal,20.00,0.00,20.00,20.00,0.00,12.85,20.00,0.00,13.00,PotentialField,
2130,15.02,AgentPrefab,Agent,MoveState,Moving,Goal,20.00,0.00,20.00,20.00,0.00,12.87,20.00,0.00,13.00,PotentialField,
2131,15.03,AgentPrefab,Agent,MoveState,Moving,Goal,20.00,0.00,20.00,20.00,0.00,12.88,20.00,0.00,13.00,PotentialField,
2132,15.04,AgentPrefab,Agent,MoveState,Moving,Goal,20.00,0.00,20.00,20.00,0.00,12.89,20.00,0.00,13.00,PotentialField,
2133,15.04,AgentPrefab,Agent,MoveState,Moving,Goal,20.00,0.00,20.00,20.00,0.00,12.91,20.00,0.00,13.00,PotentialField,
2134,15.05,AgentPrefab,Agent,MoveState,Moving,Goal,20.00,0.00,20.00,20.00,0.00,12.92,20.00,0.00,13.00,PotentialField,
2135,15.06,AgentPrefab,Agent,MoveState,Moving,Goal,20.00,0.00,20.00,20.00,0.00,12.94,20.00,0.00,13.00,PotentialField,
2136,15.06,AgentPrefab,Agent,MoveState,Moving,Goal,20.00,0.00,20.00,20.00,0.00,12.95,20.00,0.00,13.00,PotentialField,
2137,15.07,AgentPrefab,Agent,SearchState,Searching,Goal,20.00,0.00,20.00,20.00,0.00,13.00,20.00,0.00,13.00,PotentialField,
2137,15.07,AgentPrefab,Agent,MoveState,Moving,Goal,20.00,0.00,20.00,20.00,0.00,13.00,20.00,0.00,13.00,PotentialField,
2138,15.08,AgentPrefab,Agent,MoveState,Moving,Goal,20.00,0.00,20.00,20.00,0.00,13.00,20.00,0.00,13.00,PotentialField,
2138,15.08,AIManager,Performance,Pathfinding,Executed,PotentialField,0.00,0.00,0.00,0.00,0.00,0.00,0.00,0.00,0.00,PotentialField,0.004
2138,15.08,AgentPrefab,Agent,MoveState,Moving,Goal,10.00,0.00,20.00,20.00,0.00,13.00,20.00,0.00,13.00,PotentialField,
2139,15.10,AgentPrefab,Agent,MoveState,Moving,Goal,10.00,0.00,20.00,20.00,0.00,13.00,20.00,0.00,13.00,PotentialField,
2140,15.11,AgentPrefab,Agent,IdleState,Idling,Goal,0.00,0.00,0.00,20.00,0.00,13.00,20.00,0.00,13.00,PotentialField,
2141,15.12,AgentPrefab,Agent,SearchState,Searching,Goal,0.00,0.00,0.00,20.00,0.00,13.00,20.00,0.00,13.00,PotentialField,
2141,15.12,AgentPrefab,Agent,MoveState,Moving,Goal,0.00,0.00,0.00,20.00,0.00,13.00,20.00,0.00,13.00,PotentialField,
2142,15.13,AgentPrefab,Agent,MoveState,Moving,Goal,0.00,0.00,0.00,20.00,0.00,13.00,20.00,0.00,13.00,PotentialField,
