Frame,Time,Object,Type,State,Action,Target,TargetX,TargetY,TargetZ,CurrentX,CurrentY,CurrentZ,NextX,NextY,NextZ,AIType
1,0.00,AllyPrefab,Ally,AllyIdleState,Idling,AgentPrefab,0.00,0.00,0.00,9.00,0.00,17.00,9.00,0.00,17.00,N/A
1,0.00,AgentPrefab,Agent,IdleState,Idling,AllyPrefab,9.00,0.00,17.00,0.00,0.00,0.00,0.00,0.00,0.00,DStar
1,0.00,AgentPrefab,Agent,SearchState,Searching Path,AllyPrefab,9.00,0.00,17.00,0.00,0.00,0.00,0.00,0.00,0.00,DStar
2,0.02,AllyPrefab,Ally,AllyIdleState,Idling,AgentPrefab,0.00,0.00,0.00,9.00,0.00,17.00,9.00,0.00,17.00,N/A
2,0.02,AgentPrefab,Agent,MoveState,Moving,AllyPrefab,9.00,0.00,17.00,0.00,0.00,0.00,0.00,0.00,0.00,DStar
2,0.02,AgentPrefab,Agent,MoveState,Moving,Goal,20.00,0.00,20.00,0.00,0.00,0.00,0.03,0.00,0.03,DStar
3,0.04,AllyPrefab,Ally,AllyIdleState,Idling,AgentPrefab,0.03,0.00,0.03,9.00,0.00,17.00,9.00,0.00,17.00,N/A
3,0.04,AgentPrefab,Agent,MoveState,Moving,AllyPrefab,9.00,0.00,17.00,0.03,0.00,0.03,0.03,0.00,0.03,DStar
3,0.04,AgentPrefab,Agent,MoveState,Moving,Goal,20.00,0.00,20.00,0.03,0.00,0.03,0.06,0.00,0.06,DStar
4,0.05,AllyPrefab,Ally,AllyIdleState,Idling,AgentPrefab,0.06,0.00,0.06,9.00,0.00,17.00,9.00,0.00,17.00,N/A
4,0.05,AgentPrefab,Agent,MoveState,Moving,AllyPrefab,9.00,0.00,17.00,0.06,0.00,0.06,0.06,0.00,0.06,DStar
4,0.05,AgentPrefab,Agent,MoveState,Moving,Goal,20.00,0.00,20.00,0.06,0.00,0.06,0.07,0.00,0.07,DStar
5,0.05,AllyPrefab,Ally,AllyIdleState,Idling,AgentPrefab,0.07,0.00,0.07,9.00,0.00,17.00,9.00,0.00,17.00,N/A
5,0.05,AgentPrefab,Agent,MoveState,Moving,AllyPrefab,9.00,0.00,17.00,0.07,0.00,0.07,0.07,0.00,0.07,DStar
5,0.05,AgentPrefab,Agent,MoveState,Moving,Goal,20.00,0.00,20.00,0.07,0.00,0.07,0.07,0.00,0.07,DStar
6,0.06,AllyPrefab,Ally,AllyIdleState,Idling,AgentPrefab,0.07,0.00,0.07,9.00,0.00,17.00,9.00,0.00,17.00,N/A
6,0.06,AgentPrefab,Agent,MoveState,Moving,AllyPrefab,9.00,0.00,17.00,0.07,0.00,0.07,0.07,0.00,0.07,DStar
6,0.06,AgentPrefab,Agent,MoveState,Moving,Goal,20.00,0.00,20.00,0.07,0.00,0.07,0.08,0.00,0.08,DStar
7,0.06,AllyPrefab,Ally,AllyIdleState,Idling,AgentPrefab,0.08,0.00,0.08,9.00,0.00,17.00,9.00,0.00,17.00,N/A
7,0.06,AgentPrefab,Agent,MoveState,Moving,AllyPrefab,9.00,0.00,17.00,0.08,0.00,0.08,0.08,0.00,0.08,DStar
7,0.06,AgentPrefab,Agent,MoveState,Moving,Goal,20.00,0.00,20.00,0.08,0.00,0.08,0.09,0.00,0.09,DStar
8,0.07,AllyPrefab,Ally,AllyIdleState,Idling,AgentPrefab,0.09,0.00,0.09,9.00,0.00,17.00,9.00,0.00,17.00,N/A
8,0.07,AgentPrefab,Agent,MoveState,Moving,AllyPrefab,9.00,0.00,17.00,0.09,0.00,0.09,0.09,0.00,0.09,DStar
8,0.07,AgentPrefab,Agent,MoveState,Moving,Goal,20.00,0.00,20.00,0.09,0.00,0.09,0.10,0.00,0.10,DStar
9,0.07,AllyPrefab,Ally,AllyIdleState,Idling,AgentPrefab,0.10,0.00,0.10,9.00,0.00,17.00,9.00,0.00,17.00,N/A
9,0.07,AgentPrefab,Agent,MoveState,Moving,AllyPrefab,9.00,0.00,17.00,0.10,0.00,0.10,0.10,0.00,0.10,DStar
9,0.07,AgentPrefab,Agent,MoveState,Moving,Goal,20.00,0.00,20.00,0.10,0.00,0.10,0.11,0.00,0.11,DStar
10,0.08,AllyPrefab,Ally,AllyIdleState,Idling,AgentPrefab,0.11,0.00,0.11,9.00,0.00,17.00,9.00,0.00,17.00,N/A
10,0.08,AgentPrefab,Agent,MoveState,Moving,AllyPrefab,9.00,0.00,17.00,0.11,0.00,0.11,0.11,0.00,0.11,DStar
10,0.08,AgentPrefab,Agent,MoveState,Moving,Goal,20.00,0.00,20.00,0.11,0.00,0.11,0.11,0.00,0.11,DStar
11,0.09,AllyPrefab,Ally,AllyIdleState,Idling,AgentPrefab,0.11,0.00,0.11,9.00,0.00,17.00,9.00,0.00,17.00,N/A
11,0.09,AgentPrefab,Agent,MoveState,Moving,AllyPrefab,9.00,0.00,17.00,0.11,0.00,0.11,0.11,0.00,0.11,DStar
11,0.09,AgentPrefab,Agent,MoveState,Moving,Goal,20.00,0.00,20.00,0.11,0.00,0.11,0.12,0.00,0.12,DStar
12,0.09,AllyPrefab,Ally,AllyIdleState,Idling,AgentPrefab,0.12,0.00,0.12,9.00,0.00,17.00,9.00,0.00,17.00,N/A
12,0.09,AgentPrefab,Agent,MoveState,Moving,AllyPrefab,9.00,0.00,17.00,0.12,0.00,0.12,0.12,0.00,0.12,DStar
12,0.09,AgentPrefab,Agent,MoveState,Moving,Goal,20.00,0.00,20.00,0.12,0.00,0.12,0.13,0.00,0.13,DStar
13,0.10,AllyPrefab,Ally,AllyIdleState,Idling,AgentPrefab,0.13,0.00,0.13,9.00,0.00,17.00,9.00,0.00,17.00,N/A
13,0.10,AgentPrefab,Agent,MoveState,Moving,AllyPrefab,9.00,0.00,17.00,0.13,0.00,0.13,0.13,0.00,0.13,DStar
13,0.10,AgentPrefab,Agent,MoveState,Moving,Goal,20.00,0.00,20.00,0.13,0.00,0.13,0.14,0.00,0.14,DStar
14,0.10,AllyPrefab,Ally,AllyIdleState,Idling,AgentPrefab,0.14,0.00,0.14,9.00,0.00,17.00,9.00,0.00,17.00,N/A
14,0.10,AgentPrefab,Agent,MoveState,Moving,AllyPrefab,9.00,0.00,17.00,0.14,0.00,0.14,0.14,0.00,0.14,DStar
14,0.10,AgentPrefab,Agent,MoveState,Moving,Goal,20.00,0.00,20.00,0.14,0.00,0.14,0.14,0.00,0.14,DStar
15,0.11,AllyPrefab,Ally,AllyIdleState,Idling,AgentPrefab,0.14,0.00,0.14,9.00,0.00,17.00,9.00,0.00,17.00,N/A
15,0.11,AgentPrefab,Agent,MoveState,Moving,AllyPrefab,9.00,0.00,17.00,0.14,0.00,0.14,0.14,0.00,0.14,DStar
15,0.11,AgentPrefab,Agent,MoveState,Moving,Goal,20.00,0.00,20.00,0.14,0.00,0.14,0.15,0.00,0.15,DStar
16,0.11,AllyPrefab,Ally,AllyIdleState,Idling,AgentPrefab,0.15,0.00,0.15,9.00,0.00,17.00,9.00,0.00,17.00,N/A
16,0.11,AgentPrefab,Agent,MoveState,Moving,AllyPrefab,9.00,0.00,17.00,0.15,0.00,0.15,0.15,0.00,0.15,DStar
16,0.11,AgentPrefab,Agent,MoveState,Moving,Goal,20.00,0.00,20.00,0.15,0.00,0.15,0.16,0.00,0.16,DStar
17,0.12,AllyPrefab,Ally,AllyIdleState,Idling,AgentPrefab,0.16,0.00,0.16,9.00,0.00,17.00,9.00,0.00,17.00,N/A
17,0.12,AgentPrefab,Agent,MoveState,Moving,AllyPrefab,9.00,0.00,17.00,0.16,0.00,0.16,0.16,0.00,0.16,DStar
17,0.12,AgentPrefab,Agent,MoveState,Moving,Goal,20.00,0.00,20.00,0.16,0.00,0.16,0.17,0.00,0.17,DStar
18,0.12,AllyPrefab,Ally,AllyIdleState,Idling,AgentPrefab,0.17,0.00,0.17,9.00,0.00,17.00,9.00,0.00,17.00,N/A
18,0.12,AgentPrefab,Agent,MoveState,Moving,AllyPrefab,9.00,0.00,17.00,0.17,0.00,0.17,0.17,0.00,0.17,DStar
18,0.12,AgentPrefab,Agent,MoveState,Moving,Goal,20.00,0.00,20.00,0.17,0.00,0.17,0.17,0.00,0.17,DStar
19,0.13,AllyPrefab,Ally,AllyIdleState,Idling,AgentPrefab,0.17,0.00,0.17,9.00,0.00,17.00,9.00,0.00,17.00,N/A
19,0.13,AgentPrefab,Agent,MoveState,Moving,AllyPrefab,9.00,0.00,17.00,0.17,0.00,0.17,0.17,0.00,0.17,DStar
19,0.13,AgentPrefab,Agent,MoveState,Moving,Goal,20.00,0.00,20.00,0.17,0.00,0.17,0.18,0.00,0.18,DStar
20,0.13,AllyPrefab,Ally,AllyIdleState,Idling,AgentPrefab,0.18,0.00,0.18,9.00,0.00,17.00,9.00,0.00,17.00,N/A
20,0.13,AgentPrefab,Agent,MoveState,Moving,AllyPrefab,9.00,0.00,17.00,0.18,0.00,0.18,0.18,0.00,0.18,DStar
20,0.13,AgentPrefab,Agent,MoveState,Moving,Goal,20.00,0.00,20.00,0.18,0.00,0.18,0.19,0.00,0.19,DStar
21,0.14,AllyPrefab,Ally,AllyIdleState,Idling,AgentPrefab,0.19,0.00,0.19,9.00,0.00,17.00,9.00,0.00,17.00,N/A
21,0.14,AgentPrefab,Agent,MoveState,Moving,AllyPrefab,9.00,0.00,17.00,0.19,0.00,0.19,0.19,0.00,0.19,DStar
21,0.14,AgentPrefab,Agent,MoveState,Moving,Goal,20.00,0.00,20.00,0.19,0.00,0.19,0.20,0.00,0.20,DStar
22,0.15,AllyPrefab,Ally,AllyIdleState,Idling,AgentPrefab,0.20,0.00,0.20,9.00,0.00,17.00,9.00,0.00,17.00,N/A
22,0.15,AgentPrefab,Agent,MoveState,Moving,AllyPrefab,9.00,0.00,17.00,0.20,0.00,0.20,0.20,0.00,0.20,DStar
22,0.15,AgentPrefab,Agent,MoveState,Moving,Goal,20.00,0.00,20.00,0.20,0.00,0.20,0.21,0.00,0.21,DStar
23,0.15,AllyPrefab,Ally,AllyIdleState,Idling,AgentPrefab,0.21,0.00,0.21,9.00,0.00,17.00,9.00,0.00,17.00,N/A
23,0.15,AgentPrefab,Agent,MoveState,Moving,AllyPrefab,9.00,0.00,17.00,0.21,0.00,0.21,0.21,0.00,0.21,DStar
23,0.15,AgentPrefab,Agent,MoveState,Moving,Goal,20.00,0.00,20.00,0.21,0.00,0.21,0.22,0.00,0.22,DStar
24,0.16,AllyPrefab,Ally,AllyIdleState,Idling,AgentPrefab,0.22,0.00,0.22,9.00,0.00,17.00,9.00,0.00,17.00,N/A
24,0.16,AgentPrefab,Agent,MoveState,Moving,AllyPrefab,9.00,0.00,17.00,0.22,0.00,0.22,0.22,0.00,0.22,DStar
24,0.16,AgentPrefab,Agent,MoveState,Moving,Goal,20.00,0.00,20.00,0.22,0.00,0.22,0.22,0.00,0.22,DStar
25,0.16,AllyPrefab,Ally,AllyIdleState,Idling,AgentPrefab,0.22,0.00,0.22,9.00,0.00,17.00,9.00,0.00,17.00,N/A
25,0.16,AgentPrefab,Agent,MoveState,Moving,AllyPrefab,9.00,0.00,17.00,0.22,0.00,0.22,0.22,0.00,0.22,DStar
25,0.16,AgentPrefab,Agent,MoveState,Moving,Goal,20.00,0.00,20.00,0.22,0.00,0.22,0.23,0.00,0.23,DStar
26,0.17,AllyPrefab,Ally,AllyIdleState,Idling,AgentPrefab,0.23,0.00,0.23,9.00,0.00,17.00,9.00,0.00,17.00,N/A
26,0.17,AgentPrefab,Agent,MoveState,Moving,AllyPrefab,9.00,0.00,17.00,0.23,0.00,0.23,0.23,0.00,0.23,DStar
26,0.17,AgentPrefab,Agent,MoveState,Moving,Goal,20.00,0.00,20.00,0.23,0.00,0.23,0.25,0.00,0.25,DStar
27,0.19,AllyPrefab,Ally,AllyIdleState,Idling,AgentPrefab,0.25,0.00,0.25,9.00,0.00,17.00,9.00,0.00,17.00,N/A
27,0.19,AgentPrefab,Agent,MoveState,Moving,AllyPrefab,9.00,0.00,17.00,0.25,0.00,0.25,0.25,0.00,0.25,DStar
27,0.19,AgentPrefab,Agent,MoveState,Moving,Goal,20.00,0.00,20.00,0.25,0.00,0.25,0.26,0.00,0.26,DStar
28,0.19,AllyPrefab,Ally,AllyIdleState,Idling,AgentPrefab,0.26,0.00,0.26,9.00,0.00,17.00,9.00,0.00,17.00,N/A
28,0.19,AgentPrefab,Agent,MoveState,Moving,AllyPrefab,9.00,0.00,17.00,0.26,0.00,0.26,0.26,0.00,0.26,DStar
28,0.19,AgentPrefab,Agent,MoveState,Moving,Goal,20.00,0.00,20.00,0.26,0.00,0.26,0.27,0.00,0.27,DStar
29,0.20,AllyPrefab,Ally,AllyIdleState,Idling,AgentPrefab,0.27,0.00,0.27,9.00,0.00,17.00,9.00,0.00,17.00,N/A
29,0.20,AgentPrefab,Agent,MoveState,Moving,AllyPrefab,9.00,0.00,17.00,0.27,0.00,0.27,0.27,0.00,0.27,DStar
29,0.20,AgentPrefab,Agent,MoveState,Moving,Goal,20.00,0.00,20.00,0.27,0.00,0.27,0.28,0.00,0.28,DStar
30,0.20,AllyPrefab,Ally,AllyIdleState,Idling,AgentPrefab,0.28,0.00,0.28,9.00,0.00,17.00,9.00,0.00,17.00,N/A
30,0.20,AgentPrefab,Agent,MoveState,Moving,AllyPrefab,9.00,0.00,17.00,0.28,0.00,0.28,0.28,0.00,0.28,DStar
30,0.20,AgentPrefab,Agent,MoveState,Moving,Goal,20.00,0.00,20.00,0.28,0.00,0.28,0.29,0.00,0.29,DStar
31,0.21,AllyPrefab,Ally,AllyIdleState,Idling,AgentPrefab,0.29,0.00,0.29,9.00,0.00,17.00,9.00,0.00,17.00,N/A
31,0.21,AgentPrefab,Agent,MoveState,Moving,AllyPrefab,9.00,0.00,17.00,0.29,0.00,0.29,0.29,0.00,0.29,DStar
31,0.21,AgentPrefab,Agent,MoveState,Moving,Goal,20.00,0.00,20.00,0.29,0.00,0.29,0.29,0.00,0.29,DStar
32,0.21,AllyPrefab,Ally,AllyIdleState,Idling,AgentPrefab,0.29,0.00,0.29,9.00,0.00,17.00,9.00,0.00,17.00,N/A
32,0.21,AgentPrefab,Agent,MoveState,Moving,AllyPrefab,9.00,0.00,17.00,0.29,0.00,0.29,0.29,0.00,0.29,DStar
32,0.21,AgentPrefab,Agent,MoveState,Moving,Goal,20.00,0.00,20.00,0.29,0.00,0.29,0.30,0.00,0.30,DStar
33,0.22,AllyPrefab,Ally,AllyIdleState,Idling,AgentPrefab,0.30,0.00,0.30,9.00,0.00,17.00,9.00,0.00,17.00,N/A
33,0.22,AgentPrefab,Agent,MoveState,Moving,AllyPrefab,9.00,0.00,17.00,0.30,0.00,0.30,0.30,0.00,0.30,DStar
33,0.22,AgentPrefab,Agent,MoveState,Moving,Goal,20.00,0.00,20.00,0.30,0.00,0.30,0.31,0.00,0.31,DStar
34,0.22,AllyPrefab,Ally,AllyIdleState,Idling,AgentPrefab,0.31,0.00,0.31,9.00,0.00,17.00,9.00,0.00,17.00,N/A
34,0.22,AgentPrefab,Agent,MoveState,Moving,AllyPrefab,9.00,0.00,17.00,0.31,0.00,0.31,0.31,0.00,0.31,DStar
34,0.22,AgentPrefab,Agent,MoveState,Moving,Goal,20.00,0.00,20.00,0.31,0.00,0.31,0.32,0.00,0.32,DStar
35,0.23,AllyPrefab,Ally,AllyIdleState,Idling,AgentPrefab,0.32,0.00,0.32,9.00,0.00,17.00,9.00,0.00,17.00,N/A
35,0.23,AgentPrefab,Agent,MoveState,Moving,AllyPrefab,9.00,0.00,17.00,0.32,0.00,0.32,0.32,0.00,0.32,DStar
35,0.23,AgentPrefab,Agent,MoveState,Moving,Goal,20.00,0.00,20.00,0.32,0.00,0.32,0.33,0.00,0.33,DStar
36,0.24,AllyPrefab,Ally,AllyIdleState,Idling,AgentPrefab,0.33,0.00,0.33,9.00,0.00,17.00,9.00,0.00,17.00,N/A
36,0.24,AgentPrefab,Agent,MoveState,Moving,AllyPrefab,9.00,0.00,17.00,0.33,0.00,0.33,0.33,0.00,0.33,DStar
36,0.24,AgentPrefab,Agent,MoveState,Moving,Goal,20.00,0.00,20.00,0.33,0.00,0.33,0.33,0.00,0.33,DStar
37,0.24,AllyPrefab,Ally,AllyIdleState,Idling,AgentPrefab,0.33,0.00,0.33,9.00,0.00,17.00,9.00,0.00,17.00,N/A
37,0.24,AgentPrefab,Agent,MoveState,Moving,AllyPrefab,9.00,0.00,17.00,0.33,0.00,0.33,0.33,0.00,0.33,DStar
37,0.24,AgentPrefab,Agent,MoveState,Moving,Goal,20.00,0.00,20.00,0.33,0.00,0.33,0.34,0.00,0.34,DStar
38,0.25,AllyPrefab,Ally,AllyIdleState,Idling,AgentPrefab,0.34,0.00,0.34,9.00,0.00,17.00,9.00,0.00,17.00,N/A
38,0.25,AgentPrefab,Agent,MoveState,Moving,AllyPrefab,9.00,0.00,17.00,0.34,0.00,0.34,0.34,0.00,0.34,DStar
38,0.25,AgentPrefab,Agent,MoveState,Moving,Goal,20.00,0.00,20.00,0.34,0.00,0.34,0.35,0.00,0.35,DStar
39,0.25,AllyPrefab,Ally,AllyIdleState,Idling,AgentPrefab,0.35,0.00,0.35,9.00,0.00,17.00,9.00,0.00,17.00,N/A
39,0.25,AgentPrefab,Agent,MoveState,Moving,AllyPrefab,9.00,0.00,17.00,0.35,0.00,0.35,0.35,0.00,0.35,DStar
39,0.25,AgentPrefab,Agent,MoveState,Moving,Goal,20.00,0.00,20.00,0.35,0.00,0.35,0.36,0.00,0.36,DStar
40,0.26,AllyPrefab,Ally,AllyIdleState,Idling,AgentPrefab,0.36,0.00,0.36,9.00,0.00,17.00,9.00,0.00,17.00,N/A
40,0.26,AgentPrefab,Agent,MoveState,Moving,AllyPrefab,9.00,0.00,17.00,0.36,0.00,0.36,0.36,0.00,0.36,DStar
40,0.26,AgentPrefab,Agent,MoveState,Moving,Goal,20.00,0.00,20.00,0.36,0.00,0.36,0.36,0.00,0.36,DStar
41,0.26,AllyPrefab,Ally,AllyIdleState,Idling,AgentPrefab,0.36,0.00,0.36,9.00,0.00,17.00,9.00,0.00,17.00,N/A
41,0.26,AgentPrefab,Agent,MoveState,Moving,AllyPrefab,9.00,0.00,17.00,0.36,0.00,0.36,0.36,0.00,0.36,DStar
41,0.26,AgentPrefab,Agent,MoveState,Moving,Goal,20.00,0.00,20.00,0.36,0.00,0.36,0.37,0.00,0.37,DStar
42,0.27,AllyPrefab,Ally,AllyIdleState,Idling,AgentPrefab,0.37,0.00,0.37,9.00,0.00,17.00,9.00,0.00,17.00,N/A
42,0.27,AgentPrefab,Agent,MoveState,Moving,AllyPrefab,9.00,0.00,17.00,0.37,0.00,0.37,0.37,0.00,0.37,DStar
42,0.27,AgentPrefab,Agent,MoveState,Moving,Goal,20.00,0.00,20.00,0.37,0.00,0.37,0.38,0.00,0.38,DStar
43,0.27,AllyPrefab,Ally,AllyIdleState,Idling,AgentPrefab,0.38,0.00,0.38,9.00,0.00,17.00,9.00,0.00,17.00,N/A
43,0.27,AgentPrefab,Agent,MoveState,Moving,AllyPrefab,9.00,0.00,17.00,0.38,0.00,0.38,0.38,0.00,0.38,DStar
43,0.27,AgentPrefab,Agent,MoveState,Moving,Goal,20.00,0.00,20.00,0.38,0.00,0.38,0.38,0.00,0.38,DStar
44,0.28,AllyPrefab,Ally,AllyIdleState,Idling,AgentPrefab,0.38,0.00,0.38,9.00,0.00,17.00,9.00,0.00,17.00,N/A
44,0.28,AgentPrefab,Agent,MoveState,Moving,AllyPrefab,9.00,0.00,17.00,0.38,0.00,0.38,0.38,0.00,0.38,DStar
44,0.28,AgentPrefab,Agent,MoveState,Moving,Goal,20.00,0.00,20.00,0.38,0.00,0.38,0.39,0.00,0.39,DStar
45,0.28,AllyPrefab,Ally,AllyIdleState,Idling,AgentPrefab,0.39,0.00,0.39,9.00,0.00,17.00,9.00,0.00,17.00,N/A
45,0.28,AgentPrefab,Agent,MoveState,Moving,AllyPrefab,9.00,0.00,17.00,0.39,0.00,0.39,0.39,0.00,0.39,DStar
45,0.28,AgentPrefab,Agent,MoveState,Moving,Goal,20.00,0.00,20.00,0.39,0.00,0.39,0.40,0.00,0.40,DStar
46,0.29,AllyPrefab,Ally,AllyIdleState,Idling,AgentPrefab,0.40,0.00,0.40,9.00,0.00,17.00,9.00,0.00,17.00,N/A
46,0.29,AgentPrefab,Agent,MoveState,Moving,AllyPrefab,9.00,0.00,17.00,0.40,0.00,0.40,0.40,0.00,0.40,DStar
46,0.29,AgentPrefab,Agent,MoveState,Moving,Goal,20.00,0.00,20.00,0.40,0.00,0.40,0.41,0.00,0.41,DStar
47,0.29,AllyPrefab,Ally,AllyIdleState,Idling,AgentPrefab,0.41,0.00,0.41,9.00,0.00,17.00,9.00,0.00,17.00,N/A
47,0.29,AgentPrefab,Agent,MoveState,Moving,AllyPrefab,9.00,0.00,17.00,0.41,0.00,0.41,0.41,0.00,0.41,DStar
47,0.29,AgentPrefab,Agent,MoveState,Moving,Goal,20.00,0.00,20.00,0.41,0.00,0.41,0.41,0.00,0.41,DStar
48,0.30,AllyPrefab,Ally,AllyIdleState,Idling,AgentPrefab,0.41,0.00,0.41,9.00,0.00,17.00,9.00,0.00,17.00,N/A
48,0.30,AgentPrefab,Agent,MoveState,Moving,AllyPrefab,9.00,0.00,17.00,0.41,0.00,0.41,0.41,0.00,0.41,DStar
48,0.30,AgentPrefab,Agent,MoveState,Moving,Goal,20.00,0.00,20.00,0.41,0.00,0.41,0.42,0.00,0.42,DStar
49,0.30,AllyPrefab,Ally,AllyIdleState,Idling,AgentPrefab,0.42,0.00,0.42,9.00,0.00,17.00,9.00,0.00,17.00,N/A
49,0.30,AgentPrefab,Agent,MoveState,Moving,AllyPrefab,9.00,0.00,17.00,0.42,0.00,0.42,0.42,0.00,0.42,DStar
49,0.30,AgentPrefab,Agent,MoveState,Moving,Goal,20.00,0.00,20.00,0.42,0.00,0.42,0.43,0.00,0.43,DStar
50,0.31,AllyPrefab,Ally,AllyIdleState,Idling,AgentPrefab,0.43,0.00,0.43,9.00,0.00,17.00,9.00,0.00,17.00,N/A
50,0.31,AgentPrefab,Agent,MoveState,Moving,AllyPrefab,9.00,0.00,17.00,0.43,0.00,0.43,0.43,0.00,0.43,DStar
50,0.31,AgentPrefab,Agent,MoveState,Moving,Goal,20.00,0.00,20.00,0.43,0.00,0.43,0.43,0.00,0.43,DStar
51,0.31,AllyPrefab,Ally,AllyIdleState,Idling,AgentPrefab,0.43,0.00,0.43,9.00,0.00,17.00,9.00,0.00,17.00,N/A
51,0.31,AgentPrefab,Agent,MoveState,Moving,AllyPrefab,9.00,0.00,17.00,0.43,0.00,0.43,0.43,0.00,0.43,DStar
51,0.31,AgentPrefab,Agent,MoveState,Moving,Goal,20.00,0.00,20.00,0.43,0.00,0.43,0.44,0.00,0.44,DStar
52,0.32,AllyPrefab,Ally,AllyIdleState,Idling,AgentPrefab,0.44,0.00,0.44,9.00,0.00,17.00,9.00,0.00,17.00,N/A
52,0.32,AgentPrefab,Agent,MoveState,Moving,AllyPrefab,9.00,0.00,17.00,0.44,0.00,0.44,0.44,0.00,0.44,DStar
52,0.32,AgentPrefab,Agent,MoveState,Moving,Goal,20.00,0.00,20.00,0.44,0.00,0.44,0.45,0.00,0.45,DStar
53,0.32,AllyPrefab,Ally,AllyIdleState,Idling,AgentPrefab,0.45,0.00,0.45,9.00,0.00,17.00,9.00,0.00,17.00,N/A
53,0.32,AgentPrefab,Agent,MoveState,Moving,AllyPrefab,9.00,0.00,17.00,0.45,0.00,0.45,0.45,0.00,0.45,DStar
53,0.32,AgentPrefab,Agent,MoveState,Moving,Goal,20.00,0.00,20.00,0.45,0.00,0.45,0.46,0.00,0.46,DStar
54,0.33,AllyPrefab,Ally,AllyIdleState,Idling,AgentPrefab,0.46,0.00,0.46,9.00,0.00,17.00,9.00,0.00,17.00,N/A
54,0.33,AgentPrefab,Agent,MoveState,Moving,AllyPrefab,9.00,0.00,17.00,0.46,0.00,0.46,0.46,0.00,0.46,DStar
54,0.33,AgentPrefab,Agent,MoveState,Moving,Goal,20.00,0.00,20.00,0.46,0.00,0.46,0.46,0.00,0.46,DStar
55,0.33,AllyPrefab,Ally,AllyIdleState,Idling,AgentPrefab,0.46,0.00,0.46,9.00,0.00,17.00,9.00,0.00,17.00,N/A
55,0.33,AgentPrefab,Agent,MoveState,Moving,AllyPrefab,9.00,0.00,17.00,0.46,0.00,0.46,0.46,0.00,0.46,DStar
55,0.33,AgentPrefab,Agent,MoveState,Moving,Goal,20.00,0.00,20.00,0.46,0.00,0.46,0.47,0.00,0.47,DStar
56,0.34,AllyPrefab,Ally,AllyIdleState,Idling,AgentPrefab,0.47,0.00,0.47,9.00,0.00,17.00,9.00,0.00,17.00,N/A
56,0.34,AgentPrefab,Agent,MoveState,Moving,AllyPrefab,9.00,0.00,17.00,0.47,0.00,0.47,0.47,0.00,0.47,DStar
56,0.34,AgentPrefab,Agent,MoveState,Moving,Goal,20.00,0.00,20.00,0.47,0.00,0.47,0.48,0.00,0.48,DStar
57,0.34,AllyPrefab,Ally,AllyIdleState,Idling,AgentPrefab,0.48,0.00,0.48,9.00,0.00,17.00,9.00,0.00,17.00,N/A
57,0.34,AgentPrefab,Agent,MoveState,Moving,AllyPrefab,9.00,0.00,17.00,0.48,0.00,0.48,0.48,0.00,0.48,DStar
57,0.34,AgentPrefab,Agent,MoveState,Moving,Goal,20.00,0.00,20.00,0.48,0.00,0.48,0.48,0.00,0.48,DStar
58,0.35,AllyPrefab,Ally,AllyIdleState,Idling,AgentPrefab,0.48,0.00,0.48,9.00,0.00,17.00,9.00,0.00,17.00,N/A
58,0.35,AgentPrefab,Agent,MoveState,Moving,AllyPrefab,9.00,0.00,17.00,0.48,0.00,0.48,0.48,0.00,0.48,DStar
58,0.35,AgentPrefab,Agent,MoveState,Moving,Goal,20.00,0.00,20.00,0.48,0.00,0.48,0.49,0.00,0.49,DStar
59,0.35,AllyPrefab,Ally,AllyIdleState,Idling,AgentPrefab,0.49,0.00,0.49,9.00,0.00,17.00,9.00,0.00,17.00,N/A
59,0.35,AgentPrefab,Agent,MoveState,Moving,AllyPrefab,9.00,0.00,17.00,0.49,0.00,0.49,0.49,0.00,0.49,DStar
59,0.35,AgentPrefab,Agent,MoveState,Moving,Goal,20.00,0.00,20.00,0.49,0.00,0.49,0.50,0.00,0.50,DStar
60,0.36,AllyPrefab,Ally,AllyIdleState,Idling,AgentPrefab,0.50,0.00,0.50,9.00,0.00,17.00,9.00,0.00,17.00,N/A
60,0.36,AgentPrefab,Agent,MoveState,Moving,AllyPrefab,9.00,0.00,17.00,0.50,0.00,0.50,0.50,0.00,0.50,DStar
60,0.36,AgentPrefab,Agent,MoveState,Moving,Goal,20.00,0.00,20.00,0.50,0.00,0.50,0.51,0.00,0.51,DStar
61,0.37,AllyPrefab,Ally,AllyIdleState,Idling,AgentPrefab,0.51,0.00,0.51,9.00,0.00,17.00,9.00,0.00,17.00,N/A
61,0.37,AgentPrefab,Agent,MoveState,Moving,AllyPrefab,9.00,0.00,17.00,0.51,0.00,0.51,0.51,0.00,0.51,DStar
61,0.37,AgentPrefab,Agent,MoveState,Moving,Goal,20.00,0.00,20.00,0.51,0.00,0.51,0.52,0.00,0.52,DStar
62,0.37,AllyPrefab,Ally,AllyIdleState,Idling,AgentPrefab,0.52,0.00,0.52,9.00,0.00,17.00,9.00,0.00,17.00,N/A
62,0.37,AgentPrefab,Agent,MoveState,Moving,AllyPrefab,9.00,0.00,17.00,0.52,0.00,0.52,0.52,0.00,0.52,DStar
62,0.37,AgentPrefab,Agent,MoveState,Moving,Goal,20.00,0.00,20.00,0.52,0.00,0.52,0.52,0.00,0.52,DStar
63,0.38,AllyPrefab,Ally,AllyIdleState,Idling,AgentPrefab,0.52,0.00,0.52,9.00,0.00,17.00,9.00,0.00,17.00,N/A
63,0.38,AgentPrefab,Agent,MoveState,Moving,AllyPrefab,9.00,0.00,17.00,0.52,0.00,0.52,0.52,0.00,0.52,DStar
63,0.38,AgentPrefab,Agent,MoveState,Moving,Goal,20.00,0.00,20.00,0.52,0.00,0.52,0.53,0.00,0.53,DStar
64,0.38,AllyPrefab,Ally,AllyIdleState,Idling,AgentPrefab,0.53,0.00,0.53,9.00,0.00,17.00,9.00,0.00,17.00,N/A
64,0.38,AgentPrefab,Agent,MoveState,Moving,AllyPrefab,9.00,0.00,17.00,0.53,0.00,0.53,0.53,0.00,0.53,DStar
64,0.38,AgentPrefab,Agent,MoveState,Moving,Goal,20.00,0.00,20.00,0.53,0.00,0.53,0.54,0.00,0.54,DStar
65,0.39,AllyPrefab,Ally,AllyIdleState,Idling,AgentPrefab,0.54,0.00,0.54,9.00,0.00,17.00,9.00,0.00,17.00,N/A
65,0.39,AgentPrefab,Agent,MoveState,Moving,AllyPrefab,9.00,0.00,17.00,0.54,0.00,0.54,0.54,0.00,0.54,DStar
65,0.39,AgentPrefab,Agent,MoveState,Moving,Goal,20.00,0.00,20.00,0.54,0.00,0.54,0.55,0.00,0.55,DStar
66,0.39,AllyPrefab,Ally,AllyIdleState,Idling,AgentPrefab,0.55,0.00,0.55,9.00,0.00,17.00,9.00,0.00,17.00,N/A
66,0.39,AgentPrefab,Agent,MoveState,Moving,AllyPrefab,9.00,0.00,17.00,0.55,0.00,0.55,0.55,0.00,0.55,DStar
66,0.39,AgentPrefab,Agent,MoveState,Moving,Goal,20.00,0.00,20.00,0.55,0.00,0.55,0.55,0.00,0.55,DStar
67,0.40,AllyPrefab,Ally,AllyIdleState,Idling,AgentPrefab,0.55,0.00,0.55,9.00,0.00,17.00,9.00,0.00,17.00,N/A
67,0.40,AgentPrefab,Agent,MoveState,Moving,AllyPrefab,9.00,0.00,17.00,0.55,0.00,0.55,0.55,0.00,0.55,DStar
67,0.40,AgentPrefab,Agent,MoveState,Moving,Goal,20.00,0.00,20.00,0.55,0.00,0.55,0.56,0.00,0.56,DStar
68,0.40,AllyPrefab,Ally,AllyIdleState,Idling,AgentPrefab,0.56,0.00,0.56,9.00,0.00,17.00,9.00,0.00,17.00,N/A
68,0.40,AgentPrefab,Agent,MoveState,Moving,AllyPrefab,9.00,0.00,17.00,0.56,0.00,0.56,0.56,0.00,0.56,DStar
68,0.40,AgentPrefab,Agent,MoveState,Moving,Goal,20.00,0.00,20.00,0.56,0.00,0.56,0.57,0.00,0.57,DStar
69,0.41,AllyPrefab,Ally,AllyIdleState,Idling,AgentPrefab,0.57,0.00,0.57,9.00,0.00,17.00,9.00,0.00,17.00,N/A
69,0.41,AgentPrefab,Agent,MoveState,Moving,AllyPrefab,9.00,0.00,17.00,0.57,0.00,0.57,0.57,0.00,0.57,DStar
69,0.41,AgentPrefab,Agent,MoveState,Moving,Goal,20.00,0.00,20.00,0.57,0.00,0.57,0.57,0.00,0.57,DStar
70,0.41,AllyPrefab,Ally,AllyIdleState,Idling,AgentPrefab,0.57,0.00,0.57,9.00,0.00,17.00,9.00,0.00,17.00,N/A
70,0.41,AgentPrefab,Agent,MoveState,Moving,AllyPrefab,9.00,0.00,17.00,0.57,0.00,0.57,0.57,0.00,0.57,DStar
70,0.41,AgentPrefab,Agent,MoveState,Moving,Goal,20.00,0.00,20.00,0.57,0.00,0.57,0.58,0.00,0.58,DStar
71,0.42,AllyPrefab,Ally,AllyIdleState,Idling,AgentPrefab,0.58,0.00,0.58,9.00,0.00,17.00,9.00,0.00,17.00,N/A
71,0.42,AgentPrefab,Agent,MoveState,Moving,AllyPrefab,9.00,0.00,17.00,0.58,0.00,0.58,0.58,0.00,0.58,DStar
71,0.42,AgentPrefab,Agent,MoveState,Moving,Goal,20.00,0.00,20.00,0.58,0.00,0.58,0.59,0.00,0.59,DStar
72,0.42,AllyPrefab,Ally,AllyIdleState,Idling,AgentPrefab,0.59,0.00,0.59,9.00,0.00,17.00,9.00,0.00,17.00,N/A
72,0.42,AgentPrefab,Agent,MoveState,Moving,AllyPrefab,9.00,0.00,17.00,0.59,0.00,0.59,0.59,0.00,0.59,DStar
72,0.42,AgentPrefab,Agent,MoveState,Moving,Goal,20.00,0.00,20.00,0.59,0.00,0.59,0.60,0.00,0.60,DStar
73,0.43,AllyPrefab,Ally,AllyIdleState,Idling,AgentPrefab,0.60,0.00,0.60,9.00,0.00,17.00,9.00,0.00,17.00,N/A
73,0.43,AgentPrefab,Agent,MoveState,Moving,AllyPrefab,9.00,0.00,17.00,0.60,0.00,0.60,0.60,0.00,0.60,DStar
73,0.43,AgentPrefab,Agent,MoveState,Moving,Goal,20.00,0.00,20.00,0.60,0.00,0.60,0.60,0.00,0.60,DStar
74,0.43,AllyPrefab,Ally,AllyIdleState,Idling,AgentPrefab,0.60,0.00,0.60,9.00,0.00,17.00,9.00,0.00,17.00,N/A
74,0.43,AgentPrefab,Agent,MoveState,Moving,AllyPrefab,9.00,0.00,17.00,0.60,0.00,0.60,0.60,0.00,0.60,DStar
74,0.43,AgentPrefab,Agent,MoveState,Moving,Goal,20.00,0.00,20.00,0.60,0.00,0.60,0.61,0.00,0.61,DStar
75,0.44,AllyPrefab,Ally,AllyIdleState,Idling,AgentPrefab,0.61,0.00,0.61,9.00,0.00,17.00,9.00,0.00,17.00,N/A
75,0.44,AgentPrefab,Agent,MoveState,Moving,AllyPrefab,9.00,0.00,17.00,0.61,0.00,0.61,0.61,0.00,0.61,DStar
75,0.44,AgentPrefab,Agent,MoveState,Moving,Goal,20.00,0.00,20.00,0.61,0.00,0.61,0.62,0.00,0.62,DStar
76,0.44,AllyPrefab,Ally,AllyIdleState,Idling,AgentPrefab,0.62,0.00,0.62,9.00,0.00,17.00,9.00,0.00,17.00,N/A
76,0.44,AgentPrefab,Agent,MoveState,Moving,AllyPrefab,9.00,0.00,17.00,0.62,0.00,0.62,0.62,0.00,0.62,DStar
76,0.44,AgentPrefab,Agent,MoveState,Moving,Goal,20.00,0.00,20.00,0.62,0.00,0.62,0.62,0.00,0.62,DStar
77,0.45,AllyPrefab,Ally,AllyIdleState,Idling,AgentPrefab,0.62,0.00,0.62,9.00,0.00,17.00,9.00,0.00,17.00,N/A
77,0.45,AgentPrefab,Agent,MoveState,Moving,AllyPrefab,9.00,0.00,17.00,0.62,0.00,0.62,0.62,0.00,0.62,DStar
77,0.45,AgentPrefab,Agent,MoveState,Moving,Goal,20.00,0.00,20.00,0.62,0.00,0.62,0.63,0.00,0.63,DStar
78,0.45,AllyPrefab,Ally,AllyIdleState,Idling,AgentPrefab,0.63,0.00,0.63,9.00,0.00,17.00,9.00,0.00,17.00,N/A
78,0.45,AgentPrefab,Agent,MoveState,Moving,AllyPrefab,9.00,0.00,17.00,0.63,0.00,0.63,0.63,0.00,0.63,DStar
78,0.45,AgentPrefab,Agent,MoveState,Moving,Goal,20.00,0.00,20.00,0.63,0.00,0.63,0.64,0.00,0.64,DStar
79,0.46,AllyPrefab,Ally,AllyIdleState,Idling,AgentPrefab,0.64,0.00,0.64,9.00,0.00,17.00,9.00,0.00,17.00,N/A
79,0.46,AgentPrefab,Agent,MoveState,Moving,AllyPrefab,9.00,0.00,17.00,0.64,0.00,0.64,0.64,0.00,0.64,DStar
79,0.46,AgentPrefab,Agent,MoveState,Moving,Goal,20.00,0.00,20.00,0.64,0.00,0.64,0.65,0.00,0.65,DStar
80,0.46,AllyPrefab,Ally,AllyIdleState,Idling,AgentPrefab,0.65,0.00,0.65,9.00,0.00,17.00,9.00,0.00,17.00,N/A
80,0.46,AgentPrefab,Agent,MoveState,Moving,AllyPrefab,9.00,0.00,17.00,0.65,0.00,0.65,0.65,0.00,0.65,DStar
80,0.46,AgentPrefab,Agent,MoveState,Moving,Goal,20.00,0.00,20.00,0.65,0.00,0.65,0.66,0.00,0.66,DStar
81,0.47,AllyPrefab,Ally,AllyIdleState,Idling,AgentPrefab,0.66,0.00,0.66,9.00,0.00,17.00,9.00,0.00,17.00,N/A
81,0.47,AgentPrefab,Agent,MoveState,Moving,AllyPrefab,9.00,0.00,17.00,0.66,0.00,0.66,0.66,0.00,0.66,DStar
81,0.47,AgentPrefab,Agent,MoveState,Moving,Goal,20.00,0.00,20.00,0.66,0.00,0.66,0.66,0.00,0.66,DStar
82,0.47,AllyPrefab,Ally,AllyIdleState,Idling,AgentPrefab,0.66,0.00,0.66,9.00,0.00,17.00,9.00,0.00,17.00,N/A
82,0.47,AgentPrefab,Agent,MoveState,Moving,AllyPrefab,9.00,0.00,17.00,0.66,0.00,0.66,0.66,0.00,0.66,DStar
82,0.47,AgentPrefab,Agent,MoveState,Moving,Goal,20.00,0.00,20.00,0.66,0.00,0.66,0.67,0.00,0.67,DStar
83,0.48,AllyPrefab,Ally,AllyIdleState,Idling,AgentPrefab,0.67,0.00,0.67,9.00,0.00,17.00,9.00,0.00,17.00,N/A
83,0.48,AgentPrefab,Agent,MoveState,Moving,AllyPrefab,9.00,0.00,17.00,0.67,0.00,0.67,0.67,0.00,0.67,DStar
83,0.48,AgentPrefab,Agent,MoveState,Moving,Goal,20.00,0.00,20.00,0.67,0.00,0.67,0.68,0.00,0.68,DStar
84,0.48,AllyPrefab,Ally,AllyIdleState,Idling,AgentPrefab,0.68,0.00,0.68,9.00,0.00,17.00,9.00,0.00,17.00,N/A
84,0.48,AgentPrefab,Agent,MoveState,Moving,AllyPrefab,9.00,0.00,17.00,0.68,0.00,0.68,0.68,0.00,0.68,DStar
84,0.48,AgentPrefab,Agent,MoveState,Moving,Goal,20.00,0.00,20.00,0.68,0.00,0.68,0.68,0.00,0.68,DStar
85,0.49,AllyPrefab,Ally,AllyIdleState,Idling,AgentPrefab,0.68,0.00,0.68,9.00,0.00,17.00,9.00,0.00,17.00,N/A
85,0.49,AgentPrefab,Agent,MoveState,Moving,AllyPrefab,9.00,0.00,17.00,0.68,0.00,0.68,0.68,0.00,0.68,DStar
85,0.49,AgentPrefab,Agent,MoveState,Moving,Goal,20.00,0.00,20.00,0.68,0.00,0.68,0.69,0.00,0.69,DStar
86,0.49,AllyPrefab,Ally,AllyIdleState,Idling,AgentPrefab,0.69,0.00,0.69,9.00,0.00,17.00,9.00,0.00,17.00,N/A
86,0.49,AgentPrefab,Agent,MoveState,Moving,AllyPrefab,9.00,0.00,17.00,0.69,0.00,0.69,0.69,0.00,0.69,DStar
86,0.49,AgentPrefab,Agent,MoveState,Moving,Goal,20.00,0.00,20.00,0.69,0.00,0.69,0.70,0.00,0.70,DStar
87,0.50,AllyPrefab,Ally,AllyIdleState,Idling,AgentPrefab,0.70,0.00,0.70,9.00,0.00,17.00,9.00,0.00,17.00,N/A
87,0.50,AgentPrefab,Agent,MoveState,Moving,AllyPrefab,9.00,0.00,17.00,0.70,0.00,0.70,0.70,0.00,0.70,DStar
87,0.50,AgentPrefab,Agent,MoveState,Moving,Goal,20.00,0.00,20.00,0.70,0.00,0.70,0.71,0.00,0.71,DStar
88,0.50,AllyPrefab,Ally,AllyIdleState,Idling,AgentPrefab,0.71,0.00,0.71,9.00,0.00,17.00,9.00,0.00,17.00,N/A
88,0.50,AgentPrefab,Agent,MoveState,Moving,AllyPrefab,9.00,0.00,17.00,0.71,0.00,0.71,0.71,0.00,0.71,DStar
88,0.50,AgentPrefab,Agent,MoveState,Moving,Goal,20.00,0.00,20.00,0.71,0.00,0.71,0.71,0.00,0.71,DStar
89,0.51,AllyPrefab,Ally,AllyIdleState,Idling,AgentPrefab,0.71,0.00,0.71,9.00,0.00,17.00,9.00,0.00,17.00,N/A
89,0.51,AgentPrefab,Agent,MoveState,Moving,AllyPrefab,9.00,0.00,17.00,0.71,0.00,0.71,0.71,0.00,0.71,DStar
89,0.51,AgentPrefab,Agent,MoveState,Moving,Goal,20.00,0.00,20.00,0.71,0.00,0.71,0.72,0.00,0.72,DStar
90,0.52,AllyPrefab,Ally,AllyIdleState,Idling,AgentPrefab,0.72,0.00,0.72,9.00,0.00,17.00,9.00,0.00,17.00,N/A
90,0.52,AgentPrefab,Agent,MoveState,Moving,AllyPrefab,9.00,0.00,17.00,0.72,0.00,0.72,0.72,0.00,0.72,DStar
90,0.52,AgentPrefab,Agent,MoveState,Moving,Goal,20.00,0.00,20.00,0.72,0.00,0.72,0.73,0.00,0.73,DStar
91,0.52,AllyPrefab,Ally,AllyIdleState,Idling,AgentPrefab,0.73,0.00,0.73,9.00,0.00,17.00,9.00,0.00,17.00,N/A
91,0.52,AgentPrefab,Agent,MoveState,Moving,AllyPrefab,9.00,0.00,17.00,0.73,0.00,0.73,0.73,0.00,0.73,DStar
91,0.52,AgentPrefab,Agent,MoveState,Moving,Goal,20.00,0.00,20.00,0.73,0.00,0.73,0.74,0.00,0.74,DStar
92,0.53,AllyPrefab,Ally,AllyIdleState,Idling,AgentPrefab,0.74,0.00,0.74,9.00,0.00,17.00,9.00,0.00,17.00,N/A
92,0.53,AgentPrefab,Agent,MoveState,Moving,AllyPrefab,9.00,0.00,17.00,0.74,0.00,0.74,0.74,0.00,0.74,DStar
92,0.53,AgentPrefab,Agent,MoveState,Moving,Goal,20.00,0.00,20.00,0.74,0.00,0.74,0.74,0.00,0.74,DStar
93,0.53,AllyPrefab,Ally,AllyIdleState,Idling,AgentPrefab,0.74,0.00,0.74,9.00,0.00,17.00,9.00,0.00,17.00,N/A
93,0.53,AgentPrefab,Agent,MoveState,Moving,AllyPrefab,9.00,0.00,17.00,0.74,0.00,0.74,0.74,0.00,0.74,DStar
93,0.53,AgentPrefab,Agent,MoveState,Moving,Goal,20.00,0.00,20.00,0.74,0.00,0.74,0.75,0.00,0.75,DStar
94,0.54,AllyPrefab,Ally,AllyIdleState,Idling,AgentPrefab,0.75,0.00,0.75,9.00,0.00,17.00,9.00,0.00,17.00,N/A
94,0.54,AgentPrefab,Agent,MoveState,Moving,AllyPrefab,9.00,0.00,17.00,0.75,0.00,0.75,0.75,0.00,0.75,DStar
94,0.54,AgentPrefab,Agent,MoveState,Moving,Goal,20.00,0.00,20.00,0.75,0.00,0.75,0.76,0.00,0.76,DStar
95,0.54,AllyPrefab,Ally,AllyIdleState,Idling,AgentPrefab,0.76,0.00,0.76,9.00,0.00,17.00,9.00,0.00,17.00,N/A
95,0.54,AgentPrefab,Agent,MoveState,Moving,AllyPrefab,9.00,0.00,17.00,0.76,0.00,0.76,0.76,0.00,0.76,DStar
95,0.54,AgentPrefab,Agent,MoveState,Moving,Goal,20.00,0.00,20.00,0.76,0.00,0.76,0.77,0.00,0.77,DStar
96,0.55,AllyPrefab,Ally,AllyIdleState,Idling,AgentPrefab,0.77,0.00,0.77,9.00,0.00,17.00,9.00,0.00,17.00,N/A
96,0.55,AgentPrefab,Agent,MoveState,Moving,AllyPrefab,9.00,0.00,17.00,0.77,0.00,0.77,0.77,0.00,0.77,DStar
96,0.55,AgentPrefab,Agent,MoveState,Moving,Goal,20.00,0.00,20.00,0.77,0.00,0.77,0.77,0.00,0.77,DStar
97,0.55,AllyPrefab,Ally,AllyIdleState,Idling,AgentPrefab,0.77,0.00,0.77,9.00,0.00,17.00,9.00,0.00,17.00,N/A
97,0.55,AgentPrefab,Agent,MoveState,Moving,AllyPrefab,9.00,0.00,17.00,0.77,0.00,0.77,0.77,0.00,0.77,DStar
97,0.55,AgentPrefab,Agent,MoveState,Moving,Goal,20.00,0.00,20.00,0.77,0.00,0.77,0.78,0.00,0.78,DStar
98,0.56,AllyPrefab,Ally,AllyIdleState,Idling,AgentPrefab,0.78,0.00,0.78,9.00,0.00,17.00,9.00,0.00,17.00,N/A
98,0.56,AgentPrefab,Agent,MoveState,Moving,AllyPrefab,9.00,0.00,17.00,0.78,0.00,0.78,0.78,0.00,0.78,DStar
98,0.56,AgentPrefab,Agent,MoveState,Moving,Goal,20.00,0.00,20.00,0.78,0.00,0.78,0.79,0.00,0.79,DStar
99,0.56,AllyPrefab,Ally,AllyIdleState,Idling,AgentPrefab,0.79,0.00,0.79,9.00,0.00,17.00,9.00,0.00,17.00,N/A
99,0.56,AgentPrefab,Agent,MoveState,Moving,AllyPrefab,9.00,0.00,17.00,0.79,0.00,0.79,0.79,0.00,0.79,DStar
99,0.56,AgentPrefab,Agent,MoveState,Moving,Goal,20.00,0.00,20.00,0.79,0.00,0.79,0.79,0.00,0.79,DStar
100,0.57,AllyPrefab,Ally,AllyIdleState,Idling,AgentPrefab,0.79,0.00,0.79,9.00,0.00,17.00,9.00,0.00,17.00,N/A
100,0.57,AgentPrefab,Agent,MoveState,Moving,AllyPrefab,9.00,0.00,17.00,0.79,0.00,0.79,0.79,0.00,0.79,DStar
100,0.57,AgentPrefab,Agent,MoveState,Moving,Goal,20.00,0.00,20.00,0.79,0.00,0.79,0.80,0.00,0.80,DStar
101,0.57,AllyPrefab,Ally,AllyIdleState,Idling,AgentPrefab,0.80,0.00,0.80,9.00,0.00,17.00,9.00,0.00,17.00,N/A
101,0.57,AgentPrefab,Agent,MoveState,Moving,AllyPrefab,9.00,0.00,17.00,0.80,0.00,0.80,0.80,0.00,0.80,DStar
101,0.57,AgentPrefab,Agent,MoveState,Moving,Goal,20.00,0.00,20.00,0.80,0.00,0.80,0.81,0.00,0.81,DStar
102,0.58,AllyPrefab,Ally,AllyIdleState,Idling,AgentPrefab,0.81,0.00,0.81,9.00,0.00,17.00,9.00,0.00,17.00,N/A
102,0.58,AgentPrefab,Agent,MoveState,Moving,AllyPrefab,9.00,0.00,17.00,0.81,0.00,0.81,0.81,0.00,0.81,DStar
102,0.58,AgentPrefab,Agent,MoveState,Moving,Goal,20.00,0.00,20.00,0.81,0.00,0.81,0.82,0.00,0.82,DStar
103,0.58,AllyPrefab,Ally,AllyIdleState,Idling,AgentPrefab,0.82,0.00,0.82,9.00,0.00,17.00,9.00,0.00,17.00,N/A
103,0.58,AgentPrefab,Agent,MoveState,Moving,AllyPrefab,9.00,0.00,17.00,0.82,0.00,0.82,0.82,0.00,0.82,DStar
103,0.58,AgentPrefab,Agent,MoveState,Moving,Goal,20.00,0.00,20.00,0.82,0.00,0.82,0.82,0.00,0.82,DStar
104,0.59,AllyPrefab,Ally,AllyIdleState,Idling,AgentPrefab,0.82,0.00,0.82,9.00,0.00,17.00,9.00,0.00,17.00,N/A
104,0.59,AgentPrefab,Agent,MoveState,Moving,AllyPrefab,9.00,0.00,17.00,0.82,0.00,0.82,0.82,0.00,0.82,DStar
104,0.59,AgentPrefab,Agent,MoveState,Moving,Goal,20.00,0.00,20.00,0.82,0.00,0.82,0.83,0.00,0.83,DStar
105,0.59,AllyPrefab,Ally,AllyIdleState,Idling,AgentPrefab,0.83,0.00,0.83,9.00,0.00,17.00,9.00,0.00,17.00,N/A
105,0.59,AgentPrefab,Agent,MoveState,Moving,AllyPrefab,9.00,0.00,17.00,0.83,0.00,0.83,0.83,0.00,0.83,DStar
105,0.59,AgentPrefab,Agent,MoveState,Moving,Goal,20.00,0.00,20.00,0.83,0.00,0.83,0.84,0.00,0.84,DStar
106,0.60,AllyPrefab,Ally,AllyIdleState,Idling,AgentPrefab,0.84,0.00,0.84,9.00,0.00,17.00,9.00,0.00,17.00,N/A
106,0.60,AgentPrefab,Agent,MoveState,Moving,AllyPrefab,9.00,0.00,17.00,0.84,0.00,0.84,0.84,0.00,0.84,DStar
106,0.60,AgentPrefab,Agent,MoveState,Moving,Goal,20.00,0.00,20.00,0.84,0.00,0.84,0.85,0.00,0.85,DStar
107,0.60,AllyPrefab,Ally,AllyIdleState,Idling,AgentPrefab,0.85,0.00,0.85,9.00,0.00,17.00,9.00,0.00,17.00,N/A
107,0.60,AgentPrefab,Agent,MoveState,Moving,AllyPrefab,9.00,0.00,17.00,0.85,0.00,0.85,0.85,0.00,0.85,DStar
107,0.60,AgentPrefab,Agent,MoveState,Moving,Goal,20.00,0.00,20.00,0.85,0.00,0.85,0.85,0.00,0.85,DStar
108,0.61,AllyPrefab,Ally,AllyIdleState,Idling,AgentPrefab,0.85,0.00,0.85,9.00,0.00,17.00,9.00,0.00,17.00,N/A
108,0.61,AgentPrefab,Agent,MoveState,Moving,AllyPrefab,9.00,0.00,17.00,0.85,0.00,0.85,0.85,0.00,0.85,DStar
108,0.61,AgentPrefab,Agent,MoveState,Moving,Goal,20.00,0.00,20.00,0.85,0.00,0.85,0.86,0.00,0.86,DStar
109,0.61,AllyPrefab,Ally,AllyIdleState,Idling,AgentPrefab,0.86,0.00,0.86,9.00,0.00,17.00,9.00,0.00,17.00,N/A
109,0.61,AgentPrefab,Agent,MoveState,Moving,AllyPrefab,9.00,0.00,17.00,0.86,0.00,0.86,0.86,0.00,0.86,DStar
109,0.61,AgentPrefab,Agent,MoveState,Moving,Goal,20.00,0.00,20.00,0.86,0.00,0.86,0.87,0.00,0.87,DStar
110,0.62,AllyPrefab,Ally,AllyIdleState,Idling,AgentPrefab,0.87,0.00,0.87,9.00,0.00,17.00,9.00,0.00,17.00,N/A
110,0.62,AgentPrefab,Agent,MoveState,Moving,AllyPrefab,9.00,0.00,17.00,0.87,0.00,0.87,0.87,0.00,0.87,DStar
110,0.62,AgentPrefab,Agent,MoveState,Moving,Goal,20.00,0.00,20.00,0.87,0.00,0.87,0.87,0.00,0.87,DStar
111,0.62,AllyPrefab,Ally,AllyIdleState,Idling,AgentPrefab,0.87,0.00,0.87,9.00,0.00,17.00,9.00,0.00,17.00,N/A
111,0.62,AgentPrefab,Agent,MoveState,Moving,AllyPrefab,9.00,0.00,17.00,0.87,0.00,0.87,0.87,0.00,0.87,DStar
111,0.62,AgentPrefab,Agent,MoveState,Moving,Goal,20.00,0.00,20.00,0.87,0.00,0.87,0.88,0.00,0.88,DStar
112,0.63,AllyPrefab,Ally,AllyIdleState,Idling,AgentPrefab,0.88,0.00,0.88,9.00,0.00,17.00,9.00,0.00,17.00,N/A
112,0.63,AgentPrefab,Agent,MoveState,Moving,AllyPrefab,9.00,0.00,17.00,0.88,0.00,0.88,0.88,0.00,0.88,DStar
112,0.63,AgentPrefab,Agent,MoveState,Moving,Goal,20.00,0.00,20.00,0.88,0.00,0.88,0.89,0.00,0.89,DStar
113,0.63,AllyPrefab,Ally,AllyIdleState,Idling,AgentPrefab,0.89,0.00,0.89,9.00,0.00,17.00,9.00,0.00,17.00,N/A
113,0.63,AgentPrefab,Agent,MoveState,Moving,AllyPrefab,9.00,0.00,17.00,0.89,0.00,0.89,0.89,0.00,0.89,DStar
113,0.63,AgentPrefab,Agent,MoveState,Moving,Goal,20.00,0.00,20.00,0.89,0.00,0.89,0.90,0.00,0.90,DStar
114,0.64,AllyPrefab,Ally,AllyIdleState,Idling,AgentPrefab,0.90,0.00,0.90,9.00,0.00,17.00,9.00,0.00,17.00,N/A
114,0.64,AgentPrefab,Agent,MoveState,Moving,AllyPrefab,9.00,0.00,17.00,0.90,0.00,0.90,0.90,0.00,0.90,DStar
114,0.64,AgentPrefab,Agent,MoveState,Moving,Goal,20.00,0.00,20.00,0.90,0.00,0.90,0.90,0.00,0.90,DStar
115,0.64,AllyPrefab,Ally,AllyIdleState,Idling,AgentPrefab,0.90,0.00,0.90,9.00,0.00,17.00,9.00,0.00,17.00,N/A
115,0.64,AgentPrefab,Agent,MoveState,Moving,AllyPrefab,9.00,0.00,17.00,0.90,0.00,0.90,0.90,0.00,0.90,DStar
115,0.64,AgentPrefab,Agent,MoveState,Moving,Goal,20.00,0.00,20.00,0.90,0.00,0.90,0.91,0.00,0.91,DStar
116,0.65,AllyPrefab,Ally,AllyIdleState,Idling,AgentPrefab,0.91,0.00,0.91,9.00,0.00,17.00,9.00,0.00,17.00,N/A
116,0.65,AgentPrefab,Agent,MoveState,Moving,AllyPrefab,9.00,0.00,17.00,0.91,0.00,0.91,0.91,0.00,0.91,DStar
116,0.65,AgentPrefab,Agent,MoveState,Moving,Goal,20.00,0.00,20.00,0.91,0.00,0.91,0.92,0.00,0.92,DStar
117,0.65,AllyPrefab,Ally,AllyIdleState,Idling,AgentPrefab,0.92,0.00,0.92,9.00,0.00,17.00,9.00,0.00,17.00,N/A
117,0.65,AgentPrefab,Agent,MoveState,Moving,AllyPrefab,9.00,0.00,17.00,0.92,0.00,0.92,0.92,0.00,0.92,DStar
117,0.65,AgentPrefab,Agent,MoveState,Moving,Goal,20.00,0.00,20.00,0.92,0.00,0.92,0.93,0.00,0.93,DStar
118,0.66,AllyPrefab,Ally,AllyIdleState,Idling,AgentPrefab,0.93,0.00,0.93,9.00,0.00,17.00,9.00,0.00,17.00,N/A
118,0.66,AgentPrefab,Agent,MoveState,Moving,AllyPrefab,9.00,0.00,17.00,0.93,0.00,0.93,0.93,0.00,0.93,DStar
118,0.66,AgentPrefab,Agent,MoveState,Moving,Goal,20.00,0.00,20.00,0.93,0.00,0.93,0.93,0.00,0.93,DStar
119,0.67,AllyPrefab,Ally,AllyIdleState,Idling,AgentPrefab,0.93,0.00,0.93,9.00,0.00,17.00,9.00,0.00,17.00,N/A
119,0.67,AgentPrefab,Agent,MoveState,Moving,AllyPrefab,9.00,0.00,17.00,0.93,0.00,0.93,0.93,0.00,0.93,DStar
119,0.67,AgentPrefab,Agent,MoveState,Moving,Goal,20.00,0.00,20.00,0.93,0.00,0.93,0.94,0.00,0.94,DStar
120,0.67,AllyPrefab,Ally,AllyIdleState,Idling,AgentPrefab,0.94,0.00,0.94,9.00,0.00,17.00,9.00,0.00,17.00,N/A
120,0.67,AgentPrefab,Agent,MoveState,Moving,AllyPrefab,9.00,0.00,17.00,0.94,0.00,0.94,0.94,0.00,0.94,DStar
120,0.67,AgentPrefab,Agent,MoveState,Moving,Goal,20.00,0.00,20.00,0.94,0.00,0.94,0.95,0.00,0.95,DStar
121,0.68,AllyPrefab,Ally,AllyIdleState,Idling,AgentPrefab,0.95,0.00,0.95,9.00,0.00,17.00,9.00,0.00,17.00,N/A
121,0.68,AgentPrefab,Agent,MoveState,Moving,AllyPrefab,9.00,0.00,17.00,0.95,0.00,0.95,0.95,0.00,0.95,DStar
121,0.68,AgentPrefab,Agent,MoveState,Moving,Goal,20.00,0.00,20.00,0.95,0.00,0.95,0.96,0.00,0.96,DStar
122,0.68,AllyPrefab,Ally,AllyIdleState,Idling,AgentPrefab,0.96,0.00,0.96,9.00,0.00,17.00,9.00,0.00,17.00,N/A
122,0.68,AgentPrefab,Agent,MoveState,Moving,AllyPrefab,9.00,0.00,17.00,0.96,0.00,0.96,0.96,0.00,0.96,DStar
122,0.68,AgentPrefab,Agent,MoveState,Moving,Goal,20.00,0.00,20.00,0.96,0.00,0.96,0.97,0.00,0.97,DStar
123,0.69,AllyPrefab,Ally,AllyIdleState,Idling,AgentPrefab,0.97,0.00,0.97,9.00,0.00,17.00,9.00,0.00,17.00,N/A
123,0.69,AgentPrefab,Agent,MoveState,Moving,AllyPrefab,9.00,0.00,17.00,0.97,0.00,0.97,0.97,0.00,0.97,DStar
123,0.69,AgentPrefab,Agent,MoveState,Moving,Goal,20.00,0.00,20.00,0.97,0.00,0.97,0.97,0.00,0.97,DStar
124,0.69,AllyPrefab,Ally,AllyIdleState,Idling,AgentPrefab,0.97,0.00,0.97,9.00,0.00,17.00,9.00,0.00,17.00,N/A
124,0.69,AgentPrefab,Agent,MoveState,Moving,AllyPrefab,9.00,0.00,17.00,0.97,0.00,0.97,0.97,0.00,0.97,DStar
124,0.69,AgentPrefab,Agent,MoveState,Moving,Goal,20.00,0.00,20.00,0.97,0.00,0.97,0.98,0.00,0.98,DStar
125,0.70,AllyPrefab,Ally,AllyIdleState,Idling,AgentPrefab,0.98,0.00,0.98,9.00,0.00,17.00,9.00,0.00,17.00,N/A
125,0.70,AgentPrefab,Agent,MoveState,Moving,AllyPrefab,9.00,0.00,17.00,0.98,0.00,0.98,0.98,0.00,0.98,DStar
125,0.70,AgentPrefab,Agent,MoveState,Moving,Goal,20.00,0.00,20.00,0.98,0.00,0.98,0.99,0.00,0.99,DStar
126,0.70,AllyPrefab,Ally,AllyIdleState,Idling,AgentPrefab,0.99,0.00,0.99,9.00,0.00,17.00,9.00,0.00,17.00,N/A
126,0.70,AgentPrefab,Agent,MoveState,Moving,AllyPrefab,9.00,0.00,17.00,0.99,0.00,0.99,0.99,0.00,0.99,DStar
126,0.70,AgentPrefab,Agent,MoveState,Moving,Goal,20.00,0.00,20.00,0.99,0.00,0.99,1.00,0.00,1.00,DStar
127,0.71,AllyPrefab,Ally,AllyIdleState,Idling,AgentPrefab,1.00,0.00,1.00,9.00,0.00,17.00,9.00,0.00,17.00,N/A
127,0.71,AgentPrefab,Agent,MoveState,Moving,AllyPrefab,9.00,0.00,17.00,1.00,0.00,1.00,1.00,0.00,1.00,DStar
127,0.71,AgentPrefab,Agent,MoveState,Moving,Goal,20.00,0.00,20.00,1.00,0.00,1.00,1.00,0.00,1.00,DStar
128,0.71,AllyPrefab,Ally,AllyIdleState,Idling,AgentPrefab,1.00,0.00,1.00,9.00,0.00,17.00,9.00,0.00,17.00,N/A
128,0.71,AgentPrefab,Agent,MoveState,Moving,AllyPrefab,9.00,0.00,17.00,1.00,0.00,1.00,1.00,0.00,1.00,DStar
128,0.71,AgentPrefab,Agent,MoveState,Moving,Goal,20.00,0.00,20.00,1.00,0.00,1.00,1.01,0.00,1.01,DStar
129,0.72,AllyPrefab,Ally,AllyIdleState,Idling,AgentPrefab,1.01,0.00,1.01,9.00,0.00,17.00,9.00,0.00,17.00,N/A
129,0.72,AgentPrefab,Agent,MoveState,Moving,AllyPrefab,9.00,0.00,17.00,1.01,0.00,1.01,1.01,0.00,1.01,DStar
129,0.72,AgentPrefab,Agent,MoveState,Moving,Goal,20.00,0.00,20.00,1.01,0.00,1.01,1.02,0.00,1.02,DStar
130,0.73,AllyPrefab,Ally,AllyIdleState,Idling,AgentPrefab,1.02,0.00,1.02,9.00,0.00,17.00,9.00,0.00,17.00,N/A
130,0.73,AgentPrefab,Agent,MoveState,Moving,AllyPrefab,9.00,0.00,17.00,1.02,0.00,1.02,1.02,0.00,1.02,DStar
130,0.73,AgentPrefab,Agent,MoveState,Moving,Goal,20.00,0.00,20.00,1.02,0.00,1.02,1.03,0.00,1.03,DStar
131,0.73,AllyPrefab,Ally,AllyIdleState,Idling,AgentPrefab,1.03,0.00,1.03,9.00,0.00,17.00,9.00,0.00,17.00,N/A
131,0.73,AgentPrefab,Agent,MoveState,Moving,AllyPrefab,9.00,0.00,17.00,1.03,0.00,1.03,1.03,0.00,1.03,DStar
131,0.73,AgentPrefab,Agent,MoveState,Moving,Goal,20.00,0.00,20.00,1.03,0.00,1.03,1.03,0.00,1.03,DStar
132,0.74,AllyPrefab,Ally,AllyIdleState,Idling,AgentPrefab,1.03,0.00,1.03,9.00,0.00,17.00,9.00,0.00,17.00,N/A
132,0.74,AgentPrefab,Agent,MoveState,Moving,AllyPrefab,9.00,0.00,17.00,1.03,0.00,1.03,1.03,0.00,1.03,DStar
132,0.74,AgentPrefab,Agent,MoveState,Moving,Goal,20.00,0.00,20.00,1.03,0.00,1.03,1.04,0.00,1.04,DStar
133,0.74,AllyPrefab,Ally,AllyIdleState,Idling,AgentPrefab,1.04,0.00,1.04,9.00,0.00,17.00,9.00,0.00,17.00,N/A
133,0.74,AgentPrefab,Agent,MoveState,Moving,AllyPrefab,9.00,0.00,17.00,1.04,0.00,1.04,1.04,0.00,1.04,DStar
133,0.74,AgentPrefab,Agent,MoveState,Moving,Goal,20.00,0.00,20.00,1.04,0.00,1.04,1.05,0.00,1.05,DStar
134,0.75,AllyPrefab,Ally,AllyIdleState,Idling,AgentPrefab,1.05,0.00,1.05,9.00,0.00,17.00,9.00,0.00,17.00,N/A
134,0.75,AgentPrefab,Agent,MoveState,Moving,AllyPrefab,9.00,0.00,17.00,1.05,0.00,1.05,1.05,0.00,1.05,DStar
134,0.75,AgentPrefab,Agent,MoveState,Moving,Goal,20.00,0.00,20.00,1.05,0.00,1.05,1.06,0.00,1.06,DStar
135,0.75,AllyPrefab,Ally,AllyIdleState,Idling,AgentPrefab,1.06,0.00,1.06,9.00,0.00,17.00,9.00,0.00,17.00,N/A
135,0.75,AgentPrefab,Agent,MoveState,Moving,AllyPrefab,9.00,0.00,17.00,1.06,0.00,1.06,1.06,0.00,1.06,DStar
135,0.75,AgentPrefab,Agent,MoveState,Moving,Goal,20.00,0.00,20.00,1.06,0.00,1.06,1.07,0.00,1.07,DStar
136,0.76,AllyPrefab,Ally,AllyIdleState,Idling,AgentPrefab,1.07,0.00,1.07,9.00,0.00,17.00,9.00,0.00,17.00,N/A
136,0.76,AgentPrefab,Agent,MoveState,Moving,AllyPrefab,9.00,0.00,17.00,1.07,0.00,1.07,1.07,0.00,1.07,DStar
136,0.76,AgentPrefab,Agent,MoveState,Moving,Goal,20.00,0.00,20.00,1.07,0.00,1.07,1.07,0.00,1.07,DStar
137,0.76,AllyPrefab,Ally,AllyIdleState,Idling,AgentPrefab,1.07,0.00,1.07,9.00,0.00,17.00,9.00,0.00,17.00,N/A
137,0.76,AgentPrefab,Agent,MoveState,Moving,AllyPrefab,9.00,0.00,17.00,1.07,0.00,1.07,1.07,0.00,1.07,DStar
137,0.76,AgentPrefab,Agent,MoveState,Moving,Goal,20.00,0.00,20.00,1.07,0.00,1.07,1.08,0.00,1.08,DStar
138,0.77,AllyPrefab,Ally,AllyIdleState,Idling,AgentPrefab,1.08,0.00,1.08,9.00,0.00,17.00,9.00,0.00,17.00,N/A
138,0.77,AgentPrefab,Agent,MoveState,Moving,AllyPrefab,9.00,0.00,17.00,1.08,0.00,1.08,1.08,0.00,1.08,DStar
138,0.77,AgentPrefab,Agent,MoveState,Moving,Goal,20.00,0.00,20.00,1.08,0.00,1.08,1.09,0.00,1.09,DStar
139,0.78,AllyPrefab,Ally,AllyIdleState,Idling,AgentPrefab,1.09,0.00,1.09,9.00,0.00,17.00,9.00,0.00,17.00,N/A
139,0.78,AgentPrefab,Agent,MoveState,Moving,AllyPrefab,9.00,0.00,17.00,1.09,0.00,1.09,1.09,0.00,1.09,DStar
139,0.78,AgentPrefab,Agent,MoveState,Moving,Goal,20.00,0.00,20.00,1.09,0.00,1.09,1.10,0.00,1.10,DStar
140,0.78,AllyPrefab,Ally,AllyIdleState,Idling,AgentPrefab,1.10,0.00,1.10,9.00,0.00,17.00,9.00,0.00,17.00,N/A
140,0.78,AgentPrefab,Agent,MoveState,Moving,AllyPrefab,9.00,0.00,17.00,1.10,0.00,1.10,1.10,0.00,1.10,DStar
140,0.78,AgentPrefab,Agent,MoveState,Moving,Goal,20.00,0.00,20.00,1.10,0.00,1.10,1.10,0.00,1.10,DStar
141,0.79,AllyPrefab,Ally,AllyIdleState,Idling,AgentPrefab,1.10,0.00,1.10,9.00,0.00,17.00,9.00,0.00,17.00,N/A
141,0.79,AgentPrefab,Agent,MoveState,Moving,AllyPrefab,9.00,0.00,17.00,1.10,0.00,1.10,1.10,0.00,1.10,DStar
141,0.79,AgentPrefab,Agent,MoveState,Moving,Goal,20.00,0.00,20.00,1.10,0.00,1.10,1.11,0.00,1.11,DStar
142,0.79,AllyPrefab,Ally,AllyIdleState,Idling,AgentPrefab,1.11,0.00,1.11,9.00,0.00,17.00,9.00,0.00,17.00,N/A
142,0.79,AgentPrefab,Agent,MoveState,Moving,AllyPrefab,9.00,0.00,17.00,1.11,0.00,1.11,1.11,0.00,1.11,DStar
142,0.79,AgentPrefab,Agent,MoveState,Moving,Goal,20.00,0.00,20.00,1.11,0.00,1.11,1.12,0.00,1.12,DStar
143,0.80,AllyPrefab,Ally,AllyIdleState,Idling,AgentPrefab,1.12,0.00,1.12,9.00,0.00,17.00,9.00,0.00,17.00,N/A
143,0.80,AgentPrefab,Agent,MoveState,Moving,AllyPrefab,9.00,0.00,17.00,1.12,0.00,1.12,1.12,0.00,1.12,DStar
143,0.80,AgentPrefab,Agent,MoveState,Moving,Goal,20.00,0.00,20.00,1.12,0.00,1.12,1.13,0.00,1.13,DStar
144,0.80,AllyPrefab,Ally,AllyIdleState,Idling,AgentPrefab,1.13,0.00,1.13,9.00,0.00,17.00,9.00,0.00,17.00,N/A
144,0.80,AgentPrefab,Agent,MoveState,Moving,AllyPrefab,9.00,0.00,17.00,1.13,0.00,1.13,1.13,0.00,1.13,DStar
144,0.80,AgentPrefab,Agent,MoveState,Moving,Goal,20.00,0.00,20.00,1.13,0.00,1.13,1.14,0.00,1.14,DStar
145,0.81,AllyPrefab,Ally,AllyIdleState,Idling,AgentPrefab,1.14,0.00,1.14,9.00,0.00,17.00,9.00,0.00,17.00,N/A
145,0.81,AgentPrefab,Agent,MoveState,Moving,AllyPrefab,9.00,0.00,17.00,1.14,0.00,1.14,1.14,0.00,1.14,DStar
145,0.81,AgentPrefab,Agent,MoveState,Moving,Goal,20.00,0.00,20.00,1.14,0.00,1.14,1.14,0.00,1.14,DStar
146,0.81,AllyPrefab,Ally,AllyIdleState,Idling,AgentPrefab,1.14,0.00,1.14,9.00,0.00,17.00,9.00,0.00,17.00,N/A
146,0.81,AgentPrefab,Agent,MoveState,Moving,AllyPrefab,9.00,0.00,17.00,1.14,0.00,1.14,1.14,0.00,1.14,DStar
146,0.81,AgentPrefab,Agent,MoveState,Moving,Goal,20.00,0.00,20.00,1.14,0.00,1.14,1.15,0.00,1.15,DStar
147,0.82,AllyPrefab,Ally,AllyIdleState,Idling,AgentPrefab,1.15,0.00,1.15,9.00,0.00,17.00,9.00,0.00,17.00,N/A
147,0.82,AgentPrefab,Agent,MoveState,Moving,AllyPrefab,9.00,0.00,17.00,1.15,0.00,1.15,1.15,0.00,1.15,DStar
147,0.82,AgentPrefab,Agent,MoveState,Moving,Goal,20.00,0.00,20.00,1.15,0.00,1.15,1.16,0.00,1.16,DStar
148,0.82,AllyPrefab,Ally,AllyIdleState,Idling,AgentPrefab,1.16,0.00,1.16,9.00,0.00,17.00,9.00,0.00,17.00,N/A
148,0.82,AgentPrefab,Agent,MoveState,Moving,AllyPrefab,9.00,0.00,17.00,1.16,0.00,1.16,1.16,0.00,1.16,DStar
148,0.82,AgentPrefab,Agent,MoveState,Moving,Goal,20.00,0.00,20.00,1.16,0.00,1.16,1.17,0.00,1.17,DStar
149,0.83,AllyPrefab,Ally,AllyIdleState,Idling,AgentPrefab,1.17,0.00,1.17,9.00,0.00,17.00,9.00,0.00,17.00,N/A
149,0.83,AgentPrefab,Agent,MoveState,Moving,AllyPrefab,9.00,0.00,17.00,1.17,0.00,1.17,1.17,0.00,1.17,DStar
149,0.83,AgentPrefab,Agent,MoveState,Moving,Goal,20.00,0.00,20.00,1.17,0.00,1.17,1.17,0.00,1.17,DStar
150,0.84,AllyPrefab,Ally,AllyIdleState,Idling,AgentPrefab,1.17,0.00,1.17,9.00,0.00,17.00,9.00,0.00,17.00,N/A
150,0.84,AgentPrefab,Agent,MoveState,Moving,AllyPrefab,9.00,0.00,17.00,1.17,0.00,1.17,1.17,0.00,1.17,DStar
150,0.84,AgentPrefab,Agent,MoveState,Moving,Goal,20.00,0.00,20.00,1.17,0.00,1.17,1.18,0.00,1.18,DStar
151,0.84,AllyPrefab,Ally,AllyIdleState,Idling,AgentPrefab,1.18,0.00,1.18,9.00,0.00,17.00,9.00,0.00,17.00,N/A
151,0.84,AgentPrefab,Agent,MoveState,Moving,AllyPrefab,9.00,0.00,17.00,1.18,0.00,1.18,1.18,0.00,1.18,DStar
151,0.84,AgentPrefab,Agent,MoveState,Moving,Goal,20.00,0.00,20.00,1.18,0.00,1.18,1.19,0.00,1.19,DStar
152,0.84,AllyPrefab,Ally,AllyIdleState,Idling,AgentPrefab,1.19,0.00,1.19,9.00,0.00,17.00,9.00,0.00,17.00,N/A
152,0.84,AgentPrefab,Agent,MoveState,Moving,AllyPrefab,9.00,0.00,17.00,1.19,0.00,1.19,1.19,0.00,1.19,DStar
152,0.84,AgentPrefab,Agent,MoveState,Moving,Goal,20.00,0.00,20.00,1.19,0.00,1.19,1.19,0.00,1.19,DStar
153,0.85,AllyPrefab,Ally,AllyIdleState,Idling,AgentPrefab,1.19,0.00,1.19,9.00,0.00,17.00,9.00,0.00,17.00,N/A
153,0.85,AgentPrefab,Agent,MoveState,Moving,AllyPrefab,9.00,0.00,17.00,1.19,0.00,1.19,1.19,0.00,1.19,DStar
153,0.85,AgentPrefab,Agent,MoveState,Moving,Goal,20.00,0.00,20.00,1.19,0.00,1.19,1.20,0.00,1.20,DStar
154,0.86,AllyPrefab,Ally,AllyIdleState,Idling,AgentPrefab,1.20,0.00,1.20,9.00,0.00,17.00,9.00,0.00,17.00,N/A
154,0.86,AgentPrefab,Agent,MoveState,Moving,AllyPrefab,9.00,0.00,17.00,1.20,0.00,1.20,1.20,0.00,1.20,DStar
154,0.86,AgentPrefab,Agent,MoveState,Moving,Goal,20.00,0.00,20.00,1.20,0.00,1.20,1.21,0.00,1.21,DStar
155,0.86,AllyPrefab,Ally,AllyIdleState,Idling,AgentPrefab,1.21,0.00,1.21,9.00,0.00,17.00,9.00,0.00,17.00,N/A
155,0.86,AgentPrefab,Agent,MoveState,Moving,AllyPrefab,9.00,0.00,17.00,1.21,0.00,1.21,1.21,0.00,1.21,DStar
155,0.86,AgentPrefab,Agent,MoveState,Moving,Goal,20.00,0.00,20.00,1.21,0.00,1.21,1.22,0.00,1.22,DStar
156,0.87,AllyPrefab,Ally,AllyIdleState,Idling,AgentPrefab,1.22,0.00,1.22,9.00,0.00,17.00,9.00,0.00,17.00,N/A
156,0.87,AgentPrefab,Agent,MoveState,Moving,AllyPrefab,9.00,0.00,17.00,1.22,0.00,1.22,1.22,0.00,1.22,DStar
156,0.87,AgentPrefab,Agent,MoveState,Moving,Goal,20.00,0.00,20.00,1.22,0.00,1.22,1.22,0.00,1.22,DStar
157,0.87,AllyPrefab,Ally,AllyIdleState,Idling,AgentPrefab,1.22,0.00,1.22,9.00,0.00,17.00,9.00,0.00,17.00,N/A
157,0.87,AgentPrefab,Agent,MoveState,Moving,AllyPrefab,9.00,0.00,17.00,1.22,0.00,1.22,1.22,0.00,1.22,DStar
157,0.87,AgentPrefab,Agent,MoveState,Moving,Goal,20.00,0.00,20.00,1.22,0.00,1.22,1.23,0.00,1.23,DStar
158,0.88,AllyPrefab,Ally,AllyIdleState,Idling,AgentPrefab,1.23,0.00,1.23,9.00,0.00,17.00,9.00,0.00,17.00,N/A
158,0.88,AgentPrefab,Agent,MoveState,Moving,AllyPrefab,9.00,0.00,17.00,1.23,0.00,1.23,1.23,0.00,1.23,DStar
158,0.88,AgentPrefab,Agent,MoveState,Moving,Goal,20.00,0.00,20.00,1.23,0.00,1.23,1.24,0.00,1.24,DStar
159,0.88,AllyPrefab,Ally,AllyIdleState,Idling,AgentPrefab,1.24,0.00,1.24,9.00,0.00,17.00,9.00,0.00,17.00,N/A
159,0.88,AgentPrefab,Agent,MoveState,Moving,AllyPrefab,9.00,0.00,17.00,1.24,0.00,1.24,1.24,0.00,1.24,DStar
159,0.88,AgentPrefab,Agent,MoveState,Moving,Goal,20.00,0.00,20.00,1.24,0.00,1.24,1.25,0.00,1.25,DStar
160,0.89,AllyPrefab,Ally,AllyIdleState,Idling,AgentPrefab,1.25,0.00,1.25,9.00,0.00,17.00,9.00,0.00,17.00,N/A
160,0.89,AgentPrefab,Agent,MoveState,Moving,AllyPrefab,9.00,0.00,17.00,1.25,0.00,1.25,1.25,0.00,1.25,DStar
160,0.89,AgentPrefab,Agent,MoveState,Moving,Goal,20.00,0.00,20.00,1.25,0.00,1.25,1.25,0.00,1.25,DStar
161,0.89,AllyPrefab,Ally,AllyIdleState,Idling,AgentPrefab,1.25,0.00,1.25,9.00,0.00,17.00,9.00,0.00,17.00,N/A
161,0.89,AgentPrefab,Agent,MoveState,Moving,AllyPrefab,9.00,0.00,17.00,1.25,0.00,1.25,1.25,0.00,1.25,DStar
161,0.89,AgentPrefab,Agent,MoveState,Moving,Goal,20.00,0.00,20.00,1.25,0.00,1.25,1.26,0.00,1.26,DStar
162,0.90,AllyPrefab,Ally,AllyIdleState,Idling,AgentPrefab,1.26,0.00,1.26,9.00,0.00,17.00,9.00,0.00,17.00,N/A
162,0.90,AgentPrefab,Agent,MoveState,Moving,AllyPrefab,9.00,0.00,17.00,1.26,0.00,1.26,1.26,0.00,1.26,DStar
162,0.90,AgentPrefab,Agent,MoveState,Moving,Goal,20.00,0.00,20.00,1.26,0.00,1.26,1.27,0.00,1.27,DStar
163,0.90,AllyPrefab,Ally,AllyIdleState,Idling,AgentPrefab,1.27,0.00,1.27,9.00,0.00,17.00,9.00,0.00,17.00,N/A
163,0.90,AgentPrefab,Agent,MoveState,Moving,AllyPrefab,9.00,0.00,17.00,1.27,0.00,1.27,1.27,0.00,1.27,DStar
163,0.90,AgentPrefab,Agent,MoveState,Moving,Goal,20.00,0.00,20.00,1.27,0.00,1.27,1.27,0.00,1.27,DStar
164,0.91,AllyPrefab,Ally,AllyIdleState,Idling,AgentPrefab,1.27,0.00,1.27,9.00,0.00,17.00,9.00,0.00,17.00,N/A
164,0.91,AgentPrefab,Agent,MoveState,Moving,AllyPrefab,9.00,0.00,17.00,1.27,0.00,1.27,1.27,0.00,1.27,DStar
164,0.91,AgentPrefab,Agent,MoveState,Moving,Goal,20.00,0.00,20.00,1.27,0.00,1.27,1.28,0.00,1.28,DStar
165,0.91,AllyPrefab,Ally,AllyIdleState,Idling,AgentPrefab,1.28,0.00,1.28,9.00,0.00,17.00,9.00,0.00,17.00,N/A
165,0.91,AgentPrefab,Agent,MoveState,Moving,AllyPrefab,9.00,0.00,17.00,1.28,0.00,1.28,1.28,0.00,1.28,DStar
165,0.91,AgentPrefab,Agent,MoveState,Moving,Goal,20.00,0.00,20.00,1.28,0.00,1.28,1.29,0.00,1.29,DStar
166,0.92,AllyPrefab,Ally,AllyIdleState,Idling,AgentPrefab,1.29,0.00,1.29,9.00,0.00,17.00,9.00,0.00,17.00,N/A
166,0.92,AgentPrefab,Agent,MoveState,Moving,AllyPrefab,9.00,0.00,17.00,1.29,0.00,1.29,1.29,0.00,1.29,DStar
166,0.92,AgentPrefab,Agent,MoveState,Moving,Goal,20.00,0.00,20.00,1.29,0.00,1.29,1.30,0.00,1.30,DStar
167,0.92,AllyPrefab,Ally,AllyIdleState,Idling,AgentPrefab,1.30,0.00,1.30,9.00,0.00,17.00,9.00,0.00,17.00,N/A
167,0.92,AgentPrefab,Agent,MoveState,Moving,AllyPrefab,9.00,0.00,17.00,1.30,0.00,1.30,1.30,0.00,1.30,DStar
167,0.92,AgentPrefab,Agent,MoveState,Moving,Goal,20.00,0.00,20.00,1.30,0.00,1.30,1.30,0.00,1.30,DStar
168,0.93,AllyPrefab,Ally,AllyIdleState,Idling,AgentPrefab,1.30,0.00,1.30,9.00,0.00,17.00,9.00,0.00,17.00,N/A
168,0.93,AgentPrefab,Agent,MoveState,Moving,AllyPrefab,9.00,0.00,17.00,1.30,0.00,1.30,1.30,0.00,1.30,DStar
168,0.93,AgentPrefab,Agent,MoveState,Moving,Goal,20.00,0.00,20.00,1.30,0.00,1.30,1.31,0.00,1.31,DStar
169,0.93,AllyPrefab,Ally,AllyIdleState,Idling,AgentPrefab,1.31,0.00,1.31,9.00,0.00,17.00,9.00,0.00,17.00,N/A
169,0.93,AgentPrefab,Agent,MoveState,Moving,AllyPrefab,9.00,0.00,17.00,1.31,0.00,1.31,1.31,0.00,1.31,DStar
169,0.93,AgentPrefab,Agent,MoveState,Moving,Goal,20.00,0.00,20.00,1.31,0.00,1.31,1.32,0.00,1.32,DStar
170,0.94,AllyPrefab,Ally,AllyIdleState,Idling,AgentPrefab,1.32,0.00,1.32,9.00,0.00,17.00,9.00,0.00,17.00,N/A
170,0.94,AgentPrefab,Agent,MoveState,Moving,AllyPrefab,9.00,0.00,17.00,1.32,0.00,1.32,1.32,0.00,1.32,DStar
170,0.94,AgentPrefab,Agent,MoveState,Moving,Goal,20.00,0.00,20.00,1.32,0.00,1.32,1.33,0.00,1.33,DStar
171,0.94,AllyPrefab,Ally,AllyIdleState,Idling,AgentPrefab,1.33,0.00,1.33,9.00,0.00,17.00,9.00,0.00,17.00,N/A
171,0.94,AgentPrefab,Agent,MoveState,Moving,AllyPrefab,9.00,0.00,17.00,1.33,0.00,1.33,1.33,0.00,1.33,DStar
171,0.94,AgentPrefab,Agent,MoveState,Moving,Goal,20.00,0.00,20.00,1.33,0.00,1.33,1.33,0.00,1.33,DStar
172,0.95,AllyPrefab,Ally,AllyIdleState,Idling,AgentPrefab,1.33,0.00,1.33,9.00,0.00,17.00,9.00,0.00,17.00,N/A
172,0.95,AgentPrefab,Agent,MoveState,Moving,AllyPrefab,9.00,0.00,17.00,1.33,0.00,1.33,1.33,0.00,1.33,DStar
172,0.95,AgentPrefab,Agent,MoveState,Moving,Goal,20.00,0.00,20.00,1.33,0.00,1.33,1.34,0.00,1.34,DStar
173,0.95,AllyPrefab,Ally,AllyIdleState,Idling,AgentPrefab,1.34,0.00,1.34,9.00,0.00,17.00,9.00,0.00,17.00,N/A
173,0.95,AgentPrefab,Agent,MoveState,Moving,AllyPrefab,9.00,0.00,17.00,1.34,0.00,1.34,1.34,0.00,1.34,DStar
173,0.95,AgentPrefab,Agent,MoveState,Moving,Goal,20.00,0.00,20.00,1.34,0.00,1.34,1.35,0.00,1.35,DStar
174,0.96,AllyPrefab,Ally,AllyIdleState,Idling,AgentPrefab,1.35,0.00,1.35,9.00,0.00,17.00,9.00,0.00,17.00,N/A
174,0.96,AgentPrefab,Agent,MoveState,Moving,AllyPrefab,9.00,0.00,17.00,1.35,0.00,1.35,1.35,0.00,1.35,DStar
174,0.96,AgentPrefab,Agent,MoveState,Moving,Goal,20.00,0.00,20.00,1.35,0.00,1.35,1.35,0.00,1.35,DStar
175,0.96,AllyPrefab,Ally,AllyIdleState,Idling,AgentPrefab,1.35,0.00,1.35,9.00,0.00,17.00,9.00,0.00,17.00,N/A
175,0.96,AgentPrefab,Agent,MoveState,Moving,AllyPrefab,9.00,0.00,17.00,1.35,0.00,1.35,1.35,0.00,1.35,DStar
175,0.96,AgentPrefab,Agent,MoveState,Moving,Goal,20.00,0.00,20.00,1.35,0.00,1.35,1.36,0.00,1.36,DStar
176,0.97,AllyPrefab,Ally,AllyIdleState,Idling,AgentPrefab,1.36,0.00,1.36,9.00,0.00,17.00,9.00,0.00,17.00,N/A
176,0.97,AgentPrefab,Agent,MoveState,Moving,AllyPrefab,9.00,0.00,17.00,1.36,0.00,1.36,1.36,0.00,1.36,DStar
176,0.97,AgentPrefab,Agent,MoveState,Moving,Goal,20.00,0.00,20.00,1.36,0.00,1.36,1.37,0.00,1.37,DStar
177,0.97,AllyPrefab,Ally,AllyIdleState,Idling,AgentPrefab,1.37,0.00,1.37,9.00,0.00,17.00,9.00,0.00,17.00,N/A
177,0.97,AgentPrefab,Agent,MoveState,Moving,AllyPrefab,9.00,0.00,17.00,1.37,0.00,1.37,1.37,0.00,1.37,DStar
177,0.97,AgentPrefab,Agent,MoveState,Moving,Goal,20.00,0.00,20.00,1.37,0.00,1.37,1.38,0.00,1.38,DStar
178,0.98,AllyPrefab,Ally,AllyIdleState,Idling,AgentPrefab,1.38,0.00,1.38,9.00,0.00,17.00,9.00,0.00,17.00,N/A
178,0.98,AgentPrefab,Agent,MoveState,Moving,AllyPrefab,9.00,0.00,17.00,1.38,0.00,1.38,1.38,0.00,1.38,DStar
178,0.98,AgentPrefab,Agent,MoveState,Moving,Goal,20.00,0.00,20.00,1.38,0.00,1.38,1.38,0.00,1.38,DStar
179,0.98,AllyPrefab,Ally,AllyIdleState,Idling,AgentPrefab,1.38,0.00,1.38,9.00,0.00,17.00,9.00,0.00,17.00,N/A
179,0.98,AgentPrefab,Agent,MoveState,Moving,AllyPrefab,9.00,0.00,17.00,1.38,0.00,1.38,1.38,0.00,1.38,DStar
179,0.98,AgentPrefab,Agent,MoveState,Moving,Goal,20.00,0.00,20.00,1.38,0.00,1.38,1.39,0.00,1.39,DStar
180,0.99,AllyPrefab,Ally,AllyIdleState,Idling,AgentPrefab,1.39,0.00,1.39,9.00,0.00,17.00,9.00,0.00,17.00,N/A
180,0.99,AgentPrefab,Agent,MoveState,Moving,AllyPrefab,9.00,0.00,17.00,1.39,0.00,1.39,1.39,0.00,1.39,DStar
180,0.99,AgentPrefab,Agent,MoveState,Moving,Goal,20.00,0.00,20.00,1.39,0.00,1.39,1.40,0.00,1.40,DStar
181,0.99,AllyPrefab,Ally,AllyIdleState,Idling,AgentPrefab,1.40,0.00,1.40,9.00,0.00,17.00,9.00,0.00,17.00,N/A
181,0.99,AgentPrefab,Agent,MoveState,Moving,AllyPrefab,9.00,0.00,17.00,1.40,0.00,1.40,1.40,0.00,1.40,DStar
181,0.99,AgentPrefab,Agent,MoveState,Moving,Goal,20.00,0.00,20.00,1.40,0.00,1.40,1.41,0.00,1.41,DStar
182,1.00,AllyPrefab,Ally,AllyIdleState,Idling,AgentPrefab,1.41,0.00,1.41,9.00,0.00,17.00,9.00,0.00,17.00,N/A
182,1.00,AgentPrefab,Agent,MoveState,Moving,AllyPrefab,9.00,0.00,17.00,1.41,0.00,1.41,1.41,0.00,1.41,DStar
182,1.00,AgentPrefab,Agent,MoveState,Moving,Goal,20.00,0.00,20.00,1.41,0.00,1.41,1.41,0.00,1.41,DStar
183,1.00,AllyPrefab,Ally,AllyIdleState,Idling,AgentPrefab,1.41,0.00,1.41,9.00,0.00,17.00,9.00,0.00,17.00,N/A
183,1.00,AgentPrefab,Agent,MoveState,Moving,AllyPrefab,9.00,0.00,17.00,1.41,0.00,1.41,1.41,0.00,1.41,DStar
183,1.00,AgentPrefab,Agent,MoveState,Moving,Goal,20.00,0.00,20.00,1.41,0.00,1.41,1.42,0.00,1.42,DStar
184,1.01,AllyPrefab,Ally,AllyIdleState,Idling,AgentPrefab,1.42,0.00,1.42,9.00,0.00,17.00,9.00,0.00,17.00,N/A
184,1.01,AgentPrefab,Agent,MoveState,Moving,AllyPrefab,9.00,0.00,17.00,1.42,0.00,1.42,1.42,0.00,1.42,DStar
184,1.01,AgentPrefab,Agent,MoveState,Moving,Goal,20.00,0.00,20.00,1.42,0.00,1.42,1.43,0.00,1.43,DStar
185,1.02,AllyPrefab,Ally,AllyIdleState,Idling,AgentPrefab,1.43,0.00,1.43,9.00,0.00,17.00,9.00,0.00,17.00,N/A
185,1.02,AgentPrefab,Agent,MoveState,Moving,AllyPrefab,9.00,0.00,17.00,1.43,0.00,1.43,1.43,0.00,1.43,DStar
185,1.02,AgentPrefab,Agent,MoveState,Moving,Goal,20.00,0.00,20.00,1.43,0.00,1.43,1.44,0.00,1.44,DStar
186,1.02,AllyPrefab,Ally,AllyIdleState,Idling,AgentPrefab,1.44,0.00,1.44,9.00,0.00,17.00,9.00,0.00,17.00,N/A
186,1.02,AgentPrefab,Agent,MoveState,Moving,AllyPrefab,9.00,0.00,17.00,1.44,0.00,1.44,1.44,0.00,1.44,DStar
186,1.02,AgentPrefab,Agent,MoveState,Moving,Goal,20.00,0.00,20.00,1.44,0.00,1.44,1.44,0.00,1.44,DStar
187,1.02,AllyPrefab,Ally,AllyIdleState,Idling,AgentPrefab,1.44,0.00,1.44,9.00,0.00,17.00,9.00,0.00,17.00,N/A
187,1.02,AgentPrefab,Agent,MoveState,Moving,AllyPrefab,9.00,0.00,17.00,1.44,0.00,1.44,1.44,0.00,1.44,DStar
187,1.02,AgentPrefab,Agent,MoveState,Moving,Goal,20.00,0.00,20.00,1.44,0.00,1.44,1.45,0.00,1.45,DStar
188,1.03,AllyPrefab,Ally,AllyIdleState,Idling,AgentPrefab,1.45,0.00,1.45,9.00,0.00,17.00,9.00,0.00,17.00,N/A
188,1.03,AgentPrefab,Agent,MoveState,Moving,AllyPrefab,9.00,0.00,17.00,1.45,0.00,1.45,1.45,0.00,1.45,DStar
188,1.03,AgentPrefab,Agent,MoveState,Moving,Goal,20.00,0.00,20.00,1.45,0.00,1.45,1.46,0.00,1.46,DStar
189,1.04,AllyPrefab,Ally,AllyIdleState,Idling,AgentPrefab,1.46,0.00,1.46,9.00,0.00,17.00,9.00,0.00,17.00,N/A
189,1.04,AgentPrefab,Agent,MoveState,Moving,AllyPrefab,9.00,0.00,17.00,1.46,0.00,1.46,1.46,0.00,1.46,DStar
189,1.04,AgentPrefab,Agent,MoveState,Moving,Goal,20.00,0.00,20.00,1.46,0.00,1.46,1.46,0.00,1.46,DStar
190,1.04,AllyPrefab,Ally,AllyIdleState,Idling,AgentPrefab,1.46,0.00,1.46,9.00,0.00,17.00,9.00,0.00,17.00,N/A
190,1.04,AgentPrefab,Agent,MoveState,Moving,AllyPrefab,9.00,0.00,17.00,1.46,0.00,1.46,1.46,0.00,1.46,DStar
190,1.04,AgentPrefab,Agent,MoveState,Moving,Goal,20.00,0.00,20.00,1.46,0.00,1.46,1.47,0.00,1.47,DStar
191,1.05,AllyPrefab,Ally,AllyIdleState,Idling,AgentPrefab,1.47,0.00,1.47,9.00,0.00,17.00,9.00,0.00,17.00,N/A
191,1.05,AgentPrefab,Agent,MoveState,Moving,AllyPrefab,9.00,0.00,17.00,1.47,0.00,1.47,1.47,0.00,1.47,DStar
191,1.05,AgentPrefab,Agent,MoveState,Moving,Goal,20.00,0.00,20.00,1.47,0.00,1.47,1.48,0.00,1.48,DStar
192,1.05,AllyPrefab,Ally,AllyIdleState,Idling,AgentPrefab,1.48,0.00,1.48,9.00,0.00,17.00,9.00,0.00,17.00,N/A
192,1.05,AgentPrefab,Agent,MoveState,Moving,AllyPrefab,9.00,0.00,17.00,1.48,0.00,1.48,1.48,0.00,1.48,DStar
192,1.05,AgentPrefab,Agent,MoveState,Moving,Goal,20.00,0.00,20.00,1.48,0.00,1.48,1.49,0.00,1.49,DStar
193,1.06,AllyPrefab,Ally,AllyIdleState,Idling,AgentPrefab,1.49,0.00,1.49,9.00,0.00,17.00,9.00,0.00,17.00,N/A
193,1.06,AgentPrefab,Agent,MoveState,Moving,AllyPrefab,9.00,0.00,17.00,1.49,0.00,1.49,1.49,0.00,1.49,DStar
193,1.06,AgentPrefab,Agent,MoveState,Moving,Goal,20.00,0.00,20.00,1.49,0.00,1.49,1.49,0.00,1.49,DStar
194,1.06,AllyPrefab,Ally,AllyIdleState,Idling,AgentPrefab,1.49,0.00,1.49,9.00,0.00,17.00,9.00,0.00,17.00,N/A
194,1.06,AgentPrefab,Agent,MoveState,Moving,AllyPrefab,9.00,0.00,17.00,1.49,0.00,1.49,1.49,0.00,1.49,DStar
194,1.06,AgentPrefab,Agent,MoveState,Moving,Goal,20.00,0.00,20.00,1.49,0.00,1.49,1.50,0.00,1.50,DStar
195,1.07,AllyPrefab,Ally,AllyIdleState,Idling,AgentPrefab,1.50,0.00,1.50,9.00,0.00,17.00,9.00,0.00,17.00,N/A
195,1.07,AgentPrefab,Agent,MoveState,Moving,AllyPrefab,9.00,0.00,17.00,1.50,0.00,1.50,1.50,0.00,1.50,DStar
195,1.07,AgentPrefab,Agent,MoveState,Moving,Goal,20.00,0.00,20.00,1.50,0.00,1.50,1.51,0.00,1.51,DStar
196,1.07,AllyPrefab,Ally,AllyIdleState,Idling,AgentPrefab,1.51,0.00,1.51,9.00,0.00,17.00,9.00,0.00,17.00,N/A
196,1.07,AgentPrefab,Agent,MoveState,Moving,AllyPrefab,9.00,0.00,17.00,1.51,0.00,1.51,1.51,0.00,1.51,DStar
196,1.07,AgentPrefab,Agent,MoveState,Moving,Goal,20.00,0.00,20.00,1.51,0.00,1.51,1.52,0.00,1.52,DStar
197,1.08,AllyPrefab,Ally,AllyIdleState,Idling,AgentPrefab,1.52,0.00,1.52,9.00,0.00,17.00,9.00,0.00,17.00,N/A
197,1.08,AgentPrefab,Agent,MoveState,Moving,AllyPrefab,9.00,0.00,17.00,1.52,0.00,1.52,1.52,0.00,1.52,DStar
197,1.08,AgentPrefab,Agent,MoveState,Moving,Goal,20.00,0.00,20.00,1.52,0.00,1.52,1.52,0.00,1.52,DStar
198,1.08,AllyPrefab,Ally,AllyIdleState,Idling,AgentPrefab,1.52,0.00,1.52,9.00,0.00,17.00,9.00,0.00,17.00,N/A
198,1.08,AgentPrefab,Agent,MoveState,Moving,AllyPrefab,9.00,0.00,17.00,1.52,0.00,1.52,1.52,0.00,1.52,DStar
198,1.08,AgentPrefab,Agent,MoveState,Moving,Goal,20.00,0.00,20.00,1.52,0.00,1.52,1.53,0.00,1.53,DStar
199,1.09,AllyPrefab,Ally,AllyIdleState,Idling,AgentPrefab,1.53,0.00,1.53,9.00,0.00,17.00,9.00,0.00,17.00,N/A
199,1.09,AgentPrefab,Agent,MoveState,Moving,AllyPrefab,9.00,0.00,17.00,1.53,0.00,1.53,1.53,0.00,1.53,DStar
199,1.09,AgentPrefab,Agent,MoveState,Moving,Goal,20.00,0.00,20.00,1.53,0.00,1.53,1.54,0.00,1.54,DStar
200,1.10,AllyPrefab,Ally,AllyIdleState,Idling,AgentPrefab,1.54,0.00,1.54,9.00,0.00,17.00,9.00,0.00,17.00,N/A
200,1.10,AgentPrefab,Agent,MoveState,Moving,AllyPrefab,9.00,0.00,17.00,1.54,0.00,1.54,1.54,0.00,1.54,DStar
200,1.10,AgentPrefab,Agent,MoveState,Moving,Goal,20.00,0.00,20.00,1.54,0.00,1.54,1.55,0.00,1.55,DStar
201,1.10,AllyPrefab,Ally,AllyIdleState,Idling,AgentPrefab,1.55,0.00,1.55,9.00,0.00,17.00,9.00,0.00,17.00,N/A
201,1.10,AgentPrefab,Agent,MoveState,Moving,AllyPrefab,9.00,0.00,17.00,1.55,0.00,1.55,1.55,0.00,1.55,DStar
201,1.10,AgentPrefab,Agent,MoveState,Moving,Goal,20.00,0.00,20.00,1.55,0.00,1.55,1.56,0.00,1.56,DStar
202,1.11,AllyPrefab,Ally,AllyIdleState,Idling,AgentPrefab,1.56,0.00,1.56,9.00,0.00,17.00,9.00,0.00,17.00,N/A
202,1.11,AgentPrefab,Agent,MoveState,Moving,AllyPrefab,9.00,0.00,17.00,1.56,0.00,1.56,1.56,0.00,1.56,DStar
202,1.11,AgentPrefab,Agent,MoveState,Moving,Goal,20.00,0.00,20.00,1.56,0.00,1.56,1.57,0.00,1.57,DStar
203,1.11,AllyPrefab,Ally,AllyIdleState,Idling,AgentPrefab,1.57,0.00,1.57,9.00,0.00,17.00,9.00,0.00,17.00,N/A
203,1.11,AgentPrefab,Agent,MoveState,Moving,AllyPrefab,9.00,0.00,17.00,1.57,0.00,1.57,1.57,0.00,1.57,DStar
203,1.11,AgentPrefab,Agent,MoveState,Moving,Goal,20.00,0.00,20.00,1.57,0.00,1.57,1.57,0.00,1.57,DStar
204,1.12,AllyPrefab,Ally,AllyIdleState,Idling,AgentPrefab,1.57,0.00,1.57,9.00,0.00,17.00,9.00,0.00,17.00,N/A
204,1.12,AgentPrefab,Agent,MoveState,Moving,AllyPrefab,9.00,0.00,17.00,1.57,0.00,1.57,1.57,0.00,1.57,DStar
204,1.12,AgentPrefab,Agent,MoveState,Moving,Goal,20.00,0.00,20.00,1.57,0.00,1.57,1.58,0.00,1.58,DStar
205,1.13,AllyPrefab,Ally,AllyIdleState,Idling,AgentPrefab,1.58,0.00,1.58,9.00,0.00,17.00,9.00,0.00,17.00,N/A
205,1.13,AgentPrefab,Agent,MoveState,Moving,AllyPrefab,9.00,0.00,17.00,1.58,0.00,1.58,1.58,0.00,1.58,DStar
205,1.13,AgentPrefab,Agent,MoveState,Moving,Goal,20.00,0.00,20.00,1.58,0.00,1.58,1.59,0.00,1.59,DStar
206,1.13,AllyPrefab,Ally,AllyIdleState,Idling,AgentPrefab,1.59,0.00,1.59,9.00,0.00,17.00,9.00,0.00,17.00,N/A
206,1.13,AgentPrefab,Agent,MoveState,Moving,AllyPrefab,9.00,0.00,17.00,1.59,0.00,1.59,1.59,0.00,1.59,DStar
206,1.13,AgentPrefab,Agent,MoveState,Moving,Goal,20.00,0.00,20.00,1.59,0.00,1.59,1.60,0.00,1.60,DStar
207,1.14,AllyPrefab,Ally,AllyIdleState,Idling,AgentPrefab,1.60,0.00,1.60,9.00,0.00,17.00,9.00,0.00,17.00,N/A
207,1.14,AgentPrefab,Agent,MoveState,Moving,AllyPrefab,9.00,0.00,17.00,1.60,0.00,1.60,1.60,0.00,1.60,DStar
207,1.14,AgentPrefab,Agent,MoveState,Moving,Goal,20.00,0.00,20.00,1.60,0.00,1.60,1.61,0.00,1.61,DStar
208,1.14,AllyPrefab,Ally,AllyIdleState,Idling,AgentPrefab,1.61,0.00,1.61,9.00,0.00,17.00,9.00,0.00,17.00,N/A
208,1.14,AgentPrefab,Agent,MoveState,Moving,AllyPrefab,9.00,0.00,17.00,1.61,0.00,1.61,1.61,0.00,1.61,DStar
208,1.14,AgentPrefab,Agent,MoveState,Moving,Goal,20.00,0.00,20.00,1.61,0.00,1.61,1.62,0.00,1.62,DStar
209,1.15,AllyPrefab,Ally,AllyIdleState,Idling,AgentPrefab,1.62,0.00,1.62,9.00,0.00,17.00,9.00,0.00,17.00,N/A
209,1.15,AgentPrefab,Agent,MoveState,Moving,AllyPrefab,9.00,0.00,17.00,1.62,0.00,1.62,1.62,0.00,1.62,DStar
209,1.15,AgentPrefab,Agent,MoveState,Moving,Goal,20.00,0.00,20.00,1.62,0.00,1.62,1.62,0.00,1.62,DStar
210,1.15,AllyPrefab,Ally,AllyIdleState,Idling,AgentPrefab,1.62,0.00,1.62,9.00,0.00,17.00,9.00,0.00,17.00,N/A
210,1.15,AgentPrefab,Agent,MoveState,Moving,AllyPrefab,9.00,0.00,17.00,1.62,0.00,1.62,1.62,0.00,1.62,DStar
210,1.15,AgentPrefab,Agent,MoveState,Moving,Goal,20.00,0.00,20.00,1.62,0.00,1.62,1.63,0.00,1.63,DStar
211,1.16,AllyPrefab,Ally,AllyIdleState,Idling,AgentPrefab,1.63,0.00,1.63,9.00,0.00,17.00,9.00,0.00,17.00,N/A
211,1.16,AgentPrefab,Agent,MoveState,Moving,AllyPrefab,9.00,0.00,17.00,1.63,0.00,1.63,1.63,0.00,1.63,DStar
211,1.16,AgentPrefab,Agent,MoveState,Moving,Goal,20.00,0.00,20.00,1.63,0.00,1.63,1.64,0.00,1.64,DStar
212,1.17,AllyPrefab,Ally,AllyIdleState,Idling,AgentPrefab,1.64,0.00,1.64,9.00,0.00,17.00,9.00,0.00,17.00,N/A
212,1.17,AgentPrefab,Agent,MoveState,Moving,AllyPrefab,9.00,0.00,17.00,1.64,0.00,1.64,1.64,0.00,1.64,DStar
212,1.17,AgentPrefab,Agent,MoveState,Moving,Goal,20.00,0.00,20.00,1.64,0.00,1.64,1.65,0.00,1.65,DStar
213,1.17,AllyPrefab,Ally,AllyIdleState,Idling,AgentPrefab,1.65,0.00,1.65,9.00,0.00,17.00,9.00,0.00,17.00,N/A
213,1.17,AgentPrefab,Agent,MoveState,Moving,AllyPrefab,9.00,0.00,17.00,1.65,0.00,1.65,1.65,0.00,1.65,DStar
213,1.17,AgentPrefab,Agent,MoveState,Moving,Goal,20.00,0.00,20.00,1.65,0.00,1.65,1.66,0.00,1.66,DStar
214,1.18,AllyPrefab,Ally,AllyIdleState,Idling,AgentPrefab,1.66,0.00,1.66,9.00,0.00,17.00,9.00,0.00,17.00,N/A
214,1.18,AgentPrefab,Agent,MoveState,Moving,AllyPrefab,9.00,0.00,17.00,1.66,0.00,1.66,1.66,0.00,1.66,DStar
214,1.18,AgentPrefab,Agent,MoveState,Moving,Goal,20.00,0.00,20.00,1.66,0.00,1.66,1.66,0.00,1.66,DStar
215,1.18,AllyPrefab,Ally,AllyIdleState,Idling,AgentPrefab,1.66,0.00,1.66,9.00,0.00,17.00,9.00,0.00,17.00,N/A
215,1.18,AgentPrefab,Agent,MoveState,Moving,AllyPrefab,9.00,0.00,17.00,1.66,0.00,1.66,1.66,0.00,1.66,DStar
215,1.18,AgentPrefab,Agent,MoveState,Moving,Goal,20.00,0.00,20.00,1.66,0.00,1.66,1.67,0.00,1.67,DStar
216,1.19,AllyPrefab,Ally,AllyIdleState,Idling,AgentPrefab,1.67,0.00,1.67,9.00,0.00,17.00,9.00,0.00,17.00,N/A
216,1.19,AgentPrefab,Agent,MoveState,Moving,AllyPrefab,9.00,0.00,17.00,1.67,0.00,1.67,1.67,0.00,1.67,DStar
216,1.19,AgentPrefab,Agent,MoveState,Moving,Goal,20.00,0.00,20.00,1.67,0.00,1.67,1.68,0.00,1.68,DStar
217,1.20,AllyPrefab,Ally,AllyIdleState,Idling,AgentPrefab,1.68,0.00,1.68,9.00,0.00,17.00,9.00,0.00,17.00,N/A
217,1.20,AgentPrefab,Agent,MoveState,Moving,AllyPrefab,9.00,0.00,17.00,1.68,0.00,1.68,1.68,0.00,1.68,DStar
217,1.20,AgentPrefab,Agent,MoveState,Moving,Goal,20.00,0.00,20.00,1.68,0.00,1.68,1.69,0.00,1.69,DStar
218,1.20,AllyPrefab,Ally,AllyIdleState,Idling,AgentPrefab,1.69,0.00,1.69,9.00,0.00,17.00,9.00,0.00,17.00,N/A
218,1.20,AgentPrefab,Agent,MoveState,Moving,AllyPrefab,9.00,0.00,17.00,1.69,0.00,1.69,1.69,0.00,1.69,DStar
218,1.20,AgentPrefab,Agent,MoveState,Moving,Goal,20.00,0.00,20.00,1.69,0.00,1.69,1.70,0.00,1.70,DStar
219,1.21,AllyPrefab,Ally,AllyIdleState,Idling,AgentPrefab,1.70,0.00,1.70,9.00,0.00,17.00,9.00,0.00,17.00,N/A
219,1.21,AgentPrefab,Agent,MoveState,Moving,AllyPrefab,9.00,0.00,17.00,1.70,0.00,1.70,1.70,0.00,1.70,DStar
219,1.21,AgentPrefab,Agent,MoveState,Moving,Goal,20.00,0.00,20.00,1.70,0.00,1.70,1.71,0.00,1.71,DStar
220,1.21,AllyPrefab,Ally,AllyIdleState,Idling,AgentPrefab,1.71,0.00,1.71,9.00,0.00,17.00,9.00,0.00,17.00,N/A
220,1.21,AgentPrefab,Agent,MoveState,Moving,AllyPrefab,9.00,0.00,17.00,1.71,0.00,1.71,1.71,0.00,1.71,DStar
220,1.21,AgentPrefab,Agent,MoveState,Moving,Goal,20.00,0.00,20.00,1.71,0.00,1.71,1.72,0.00,1.72,DStar
221,1.22,AllyPrefab,Ally,AllyIdleState,Idling,AgentPrefab,1.72,0.00,1.72,9.00,0.00,17.00,9.00,0.00,17.00,N/A
221,1.22,AgentPrefab,Agent,MoveState,Moving,AllyPrefab,9.00,0.00,17.00,1.72,0.00,1.72,1.72,0.00,1.72,DStar
221,1.22,AgentPrefab,Agent,MoveState,Moving,Goal,20.00,0.00,20.00,1.72,0.00,1.72,1.73,0.00,1.73,DStar
222,1.23,AllyPrefab,Ally,AllyIdleState,Idling,AgentPrefab,1.73,0.00,1.73,9.00,0.00,17.00,9.00,0.00,17.00,N/A
222,1.23,AgentPrefab,Agent,MoveState,Moving,AllyPrefab,9.00,0.00,17.00,1.73,0.00,1.73,1.73,0.00,1.73,DStar
222,1.23,AgentPrefab,Agent,MoveState,Moving,Goal,20.00,0.00,20.00,1.73,0.00,1.73,1.73,0.00,1.73,DStar
223,1.23,AllyPrefab,Ally,AllyIdleState,Idling,AgentPrefab,1.73,0.00,1.73,9.00,0.00,17.00,9.00,0.00,17.00,N/A
223,1.23,AgentPrefab,Agent,MoveState,Moving,AllyPrefab,9.00,0.00,17.00,1.73,0.00,1.73,1.73,0.00,1.73,DStar
223,1.23,AgentPrefab,Agent,MoveState,Moving,Goal,20.00,0.00,20.00,1.73,0.00,1.73,1.74,0.00,1.74,DStar
224,1.24,AllyPrefab,Ally,AllyIdleState,Idling,AgentPrefab,1.74,0.00,1.74,9.00,0.00,17.00,9.00,0.00,17.00,N/A
224,1.24,AgentPrefab,Agent,MoveState,Moving,AllyPrefab,9.00,0.00,17.00,1.74,0.00,1.74,1.74,0.00,1.74,DStar
224,1.24,AgentPrefab,Agent,MoveState,Moving,Goal,20.00,0.00,20.00,1.74,0.00,1.74,1.75,0.00,1.75,DStar
225,1.24,AllyPrefab,Ally,AllyIdleState,Idling,AgentPrefab,1.75,0.00,1.75,9.00,0.00,17.00,9.00,0.00,17.00,N/A
225,1.24,AgentPrefab,Agent,MoveState,Moving,AllyPrefab,9.00,0.00,17.00,1.75,0.00,1.75,1.75,0.00,1.75,DStar
225,1.24,AgentPrefab,Agent,MoveState,Moving,Goal,20.00,0.00,20.00,1.75,0.00,1.75,1.76,0.00,1.76,DStar
226,1.25,AllyPrefab,Ally,AllyIdleState,Idling,AgentPrefab,1.76,0.00,1.76,9.00,0.00,17.00,9.00,0.00,17.00,N/A
226,1.25,AgentPrefab,Agent,MoveState,Moving,AllyPrefab,9.00,0.00,17.00,1.76,0.00,1.76,1.76,0.00,1.76,DStar
226,1.25,AgentPrefab,Agent,MoveState,Moving,Goal,20.00,0.00,20.00,1.76,0.00,1.76,1.77,0.00,1.77,DStar
227,1.25,AllyPrefab,Ally,AllyIdleState,Idling,AgentPrefab,1.77,0.00,1.77,9.00,0.00,17.00,9.00,0.00,17.00,N/A
227,1.25,AgentPrefab,Agent,MoveState,Moving,AllyPrefab,9.00,0.00,17.00,1.77,0.00,1.77,1.77,0.00,1.77,DStar
227,1.25,AgentPrefab,Agent,MoveState,Moving,Goal,20.00,0.00,20.00,1.77,0.00,1.77,1.77,0.00,1.77,DStar
228,1.26,AllyPrefab,Ally,AllyIdleState,Idling,AgentPrefab,1.77,0.00,1.77,9.00,0.00,17.00,9.00,0.00,17.00,N/A
228,1.26,AgentPrefab,Agent,MoveState,Moving,AllyPrefab,9.00,0.00,17.00,1.77,0.00,1.77,1.77,0.00,1.77,DStar
228,1.26,AgentPrefab,Agent,MoveState,Moving,Goal,20.00,0.00,20.00,1.77,0.00,1.77,1.78,0.00,1.78,DStar
229,1.27,AllyPrefab,Ally,AllyIdleState,Idling,AgentPrefab,1.78,0.00,1.78,9.00,0.00,17.00,9.00,0.00,17.00,N/A
229,1.27,AgentPrefab,Agent,MoveState,Moving,AllyPrefab,9.00,0.00,17.00,1.78,0.00,1.78,1.78,0.00,1.78,DStar
229,1.27,AgentPrefab,Agent,MoveState,Moving,Goal,20.00,0.00,20.00,1.78,0.00,1.78,1.79,0.00,1.79,DStar
230,1.27,AllyPrefab,Ally,AllyIdleState,Idling,AgentPrefab,1.79,0.00,1.79,9.00,0.00,17.00,9.00,0.00,17.00,N/A
230,1.27,AgentPrefab,Agent,MoveState,Moving,AllyPrefab,9.00,0.00,17.00,1.79,0.00,1.79,1.79,0.00,1.79,DStar
230,1.27,AgentPrefab,Agent,MoveState,Moving,Goal,20.00,0.00,20.00,1.79,0.00,1.79,1.80,0.00,1.80,DStar
231,1.28,AllyPrefab,Ally,AllyIdleState,Idling,AgentPrefab,1.80,0.00,1.80,9.00,0.00,17.00,9.00,0.00,17.00,N/A
231,1.28,AgentPrefab,Agent,MoveState,Moving,AllyPrefab,9.00,0.00,17.00,1.80,0.00,1.80,1.80,0.00,1.80,DStar
231,1.28,AgentPrefab,Agent,MoveState,Moving,Goal,20.00,0.00,20.00,1.80,0.00,1.80,1.80,0.00,1.80,DStar
232,1.28,AllyPrefab,Ally,AllyIdleState,Idling,AgentPrefab,1.80,0.00,1.80,9.00,0.00,17.00,9.00,0.00,17.00,N/A
232,1.28,AgentPrefab,Agent,MoveState,Moving,AllyPrefab,9.00,0.00,17.00,1.80,0.00,1.80,1.80,0.00,1.80,DStar
232,1.28,AgentPrefab,Agent,MoveState,Moving,Goal,20.00,0.00,20.00,1.80,0.00,1.80,1.81,0.00,1.81,DStar
233,1.29,AllyPrefab,Ally,AllyIdleState,Idling,AgentPrefab,1.81,0.00,1.81,9.00,0.00,17.00,9.00,0.00,17.00,N/A
233,1.29,AgentPrefab,Agent,MoveState,Moving,AllyPrefab,9.00,0.00,17.00,1.81,0.00,1.81,1.81,0.00,1.81,DStar
233,1.29,AgentPrefab,Agent,MoveState,Moving,Goal,20.00,0.00,20.00,1.81,0.00,1.81,1.82,0.00,1.82,DStar
234,1.29,AllyPrefab,Ally,AllyIdleState,Idling,AgentPrefab,1.82,0.00,1.82,9.00,0.00,17.00,9.00,0.00,17.00,N/A
234,1.29,AgentPrefab,Agent,MoveState,Moving,AllyPrefab,9.00,0.00,17.00,1.82,0.00,1.82,1.82,0.00,1.82,DStar
234,1.29,AgentPrefab,Agent,MoveState,Moving,Goal,20.00,0.00,20.00,1.82,0.00,1.82,1.83,0.00,1.83,DStar
235,1.30,AllyPrefab,Ally,AllyIdleState,Idling,AgentPrefab,1.83,0.00,1.83,9.00,0.00,17.00,9.00,0.00,17.00,N/A
235,1.30,AgentPrefab,Agent,MoveState,Moving,AllyPrefab,9.00,0.00,17.00,1.83,0.00,1.83,1.83,0.00,1.83,DStar
235,1.30,AgentPrefab,Agent,MoveState,Moving,Goal,20.00,0.00,20.00,1.83,0.00,1.83,1.84,0.00,1.84,DStar
236,1.30,AllyPrefab,Ally,AllyIdleState,Idling,AgentPrefab,1.84,0.00,1.84,9.00,0.00,17.00,9.00,0.00,17.00,N/A
236,1.30,AgentPrefab,Agent,MoveState,Moving,AllyPrefab,9.00,0.00,17.00,1.84,0.00,1.84,1.84,0.00,1.84,DStar
236,1.30,AgentPrefab,Agent,MoveState,Moving,Goal,20.00,0.00,20.00,1.84,0.00,1.84,1.84,0.00,1.84,DStar
237,1.31,AllyPrefab,Ally,AllyIdleState,Idling,AgentPrefab,1.84,0.00,1.84,9.00,0.00,17.00,9.00,0.00,17.00,N/A
237,1.31,AgentPrefab,Agent,MoveState,Moving,AllyPrefab,9.00,0.00,17.00,1.84,0.00,1.84,1.84,0.00,1.84,DStar
237,1.31,AgentPrefab,Agent,MoveState,Moving,Goal,20.00,0.00,20.00,1.84,0.00,1.84,1.85,0.00,1.85,DStar
238,1.31,AllyPrefab,Ally,AllyIdleState,Idling,AgentPrefab,1.85,0.00,1.85,9.00,0.00,17.00,9.00,0.00,17.00,N/A
238,1.31,AgentPrefab,Agent,MoveState,Moving,AllyPrefab,9.00,0.00,17.00,1.85,0.00,1.85,1.85,0.00,1.85,DStar
238,1.31,AgentPrefab,Agent,MoveState,Moving,Goal,20.00,0.00,20.00,1.85,0.00,1.85,1.86,0.00,1.86,DStar
239,1.32,AllyPrefab,Ally,AllyIdleState,Idling,AgentPrefab,1.86,0.00,1.86,9.00,0.00,17.00,9.00,0.00,17.00,N/A
239,1.32,AgentPrefab,Agent,MoveState,Moving,AllyPrefab,9.00,0.00,17.00,1.86,0.00,1.86,1.86,0.00,1.86,DStar
239,1.32,AgentPrefab,Agent,MoveState,Moving,Goal,20.00,0.00,20.00,1.86,0.00,1.86,1.86,0.00,1.86,DStar
240,1.32,AllyPrefab,Ally,AllyIdleState,Idling,AgentPrefab,1.86,0.00,1.86,9.00,0.00,17.00,9.00,0.00,17.00,N/A
240,1.32,AgentPrefab,Agent,MoveState,Moving,AllyPrefab,9.00,0.00,17.00,1.86,0.00,1.86,1.86,0.00,1.86,DStar
240,1.32,AgentPrefab,Agent,MoveState,Moving,Goal,20.00,0.00,20.00,1.86,0.00,1.86,1.87,0.00,1.87,DStar
241,1.33,AllyPrefab,Ally,AllyIdleState,Idling,AgentPrefab,1.87,0.00,1.87,9.00,0.00,17.00,9.00,0.00,17.00,N/A
241,1.33,AgentPrefab,Agent,MoveState,Moving,AllyPrefab,9.00,0.00,17.00,1.87,0.00,1.87,1.87,0.00,1.87,DStar
241,1.33,AgentPrefab,Agent,MoveState,Moving,Goal,20.00,0.00,20.00,1.87,0.00,1.87,1.88,0.00,1.88,DStar
242,1.34,AllyPrefab,Ally,AllyIdleState,Idling,AgentPrefab,1.88,0.00,1.88,9.00,0.00,17.00,9.00,0.00,17.00,N/A
242,1.34,AgentPrefab,Agent,MoveState,Moving,AllyPrefab,9.00,0.00,17.00,1.88,0.00,1.88,1.88,0.00,1.88,DStar
242,1.34,AgentPrefab,Agent,MoveState,Moving,Goal,20.00,0.00,20.00,1.88,0.00,1.88,1.89,0.00,1.89,DStar
243,1.34,AllyPrefab,Ally,AllyIdleState,Idling,AgentPrefab,1.89,0.00,1.89,9.00,0.00,17.00,9.00,0.00,17.00,N/A
243,1.34,AgentPrefab,Agent,MoveState,Moving,AllyPrefab,9.00,0.00,17.00,1.89,0.00,1.89,1.89,0.00,1.89,DStar
243,1.34,AgentPrefab,Agent,MoveState,Moving,Goal,20.00,0.00,20.00,1.89,0.00,1.89,1.90,0.00,1.90,DStar
244,1.35,AllyPrefab,Ally,AllyIdleState,Idling,AgentPrefab,1.90,0.00,1.90,9.00,0.00,17.00,9.00,0.00,17.00,N/A
244,1.35,AgentPrefab,Agent,MoveState,Moving,AllyPrefab,9.00,0.00,17.00,1.90,0.00,1.90,1.90,0.00,1.90,DStar
244,1.35,AgentPrefab,Agent,MoveState,Moving,Goal,20.00,0.00,20.00,1.90,0.00,1.90,1.91,0.00,1.91,DStar
245,1.35,AllyPrefab,Ally,AllyIdleState,Idling,AgentPrefab,1.91,0.00,1.91,9.00,0.00,17.00,9.00,0.00,17.00,N/A
245,1.35,AgentPrefab,Agent,MoveState,Moving,AllyPrefab,9.00,0.00,17.00,1.91,0.00,1.91,1.91,0.00,1.91,DStar
245,1.35,AgentPrefab,Agent,MoveState,Moving,Goal,20.00,0.00,20.00,1.91,0.00,1.91,1.91,0.00,1.91,DStar
246,1.36,AllyPrefab,Ally,AllyIdleState,Idling,AgentPrefab,1.91,0.00,1.91,9.00,0.00,17.00,9.00,0.00,17.00,N/A
246,1.36,AgentPrefab,Agent,MoveState,Moving,AllyPrefab,9.00,0.00,17.00,1.91,0.00,1.91,1.91,0.00,1.91,DStar
246,1.36,AgentPrefab,Agent,MoveState,Moving,Goal,20.00,0.00,20.00,1.91,0.00,1.91,1.92,0.00,1.92,DStar
247,1.36,AllyPrefab,Ally,AllyIdleState,Idling,AgentPrefab,1.92,0.00,1.92,9.00,0.00,17.00,9.00,0.00,17.00,N/A
247,1.36,AgentPrefab,Agent,MoveState,Moving,AllyPrefab,9.00,0.00,17.00,1.92,0.00,1.92,1.92,0.00,1.92,DStar
247,1.36,AgentPrefab,Agent,MoveState,Moving,Goal,20.00,0.00,20.00,1.92,0.00,1.92,1.93,0.00,1.93,DStar
248,1.37,AllyPrefab,Ally,AllyIdleState,Idling,AgentPrefab,1.93,0.00,1.93,9.00,0.00,17.00,9.00,0.00,17.00,N/A
248,1.37,AgentPrefab,Agent,MoveState,Moving,AllyPrefab,9.00,0.00,17.00,1.93,0.00,1.93,1.93,0.00,1.93,DStar
248,1.37,AgentPrefab,Agent,MoveState,Moving,Goal,20.00,0.00,20.00,1.93,0.00,1.93,1.94,0.00,1.94,DStar
249,1.37,AllyPrefab,Ally,AllyIdleState,Idling,AgentPrefab,1.94,0.00,1.94,9.00,0.00,17.00,9.00,0.00,17.00,N/A
249,1.37,AgentPrefab,Agent,MoveState,Moving,AllyPrefab,9.00,0.00,17.00,1.94,0.00,1.94,1.94,0.00,1.94,DStar
249,1.37,AgentPrefab,Agent,MoveState,Moving,Goal,20.00,0.00,20.00,1.94,0.00,1.94,1.94,0.00,1.94,DStar
250,1.38,AllyPrefab,Ally,AllyIdleState,Idling,AgentPrefab,1.94,0.00,1.94,9.00,0.00,17.00,9.00,0.00,17.00,N/A
250,1.38,AgentPrefab,Agent,MoveState,Moving,AllyPrefab,9.00,0.00,17.00,1.94,0.00,1.94,1.94,0.00,1.94,DStar
250,1.38,AgentPrefab,Agent,MoveState,Moving,Goal,20.00,0.00,20.00,1.94,0.00,1.94,1.95,0.00,1.95,DStar
251,1.38,AllyPrefab,Ally,AllyIdleState,Idling,AgentPrefab,1.95,0.00,1.95,9.00,0.00,17.00,9.00,0.00,17.00,N/A
251,1.38,AgentPrefab,Agent,MoveState,Moving,AllyPrefab,9.00,0.00,17.00,1.95,0.00,1.95,1.95,0.00,1.95,DStar
251,1.38,AgentPrefab,Agent,MoveState,Moving,Goal,20.00,0.00,20.00,1.95,0.00,1.95,1.96,0.00,1.96,DStar
252,1.39,AllyPrefab,Ally,AllyIdleState,Idling,AgentPrefab,1.96,0.00,1.96,9.00,0.00,17.00,9.00,0.00,17.00,N/A
252,1.39,AgentPrefab,Agent,MoveState,Moving,AllyPrefab,9.00,0.00,17.00,1.96,0.00,1.96,1.96,0.00,1.96,DStar
252,1.39,AgentPrefab,Agent,MoveState,Moving,Goal,20.00,0.00,20.00,1.96,0.00,1.96,1.96,0.00,1.96,DStar
253,1.39,AllyPrefab,Ally,AllyIdleState,Idling,AgentPrefab,1.96,0.00,1.96,9.00,0.00,17.00,9.00,0.00,17.00,N/A
253,1.39,AgentPrefab,Agent,MoveState,Moving,AllyPrefab,9.00,0.00,17.00,1.96,0.00,1.96,1.96,0.00,1.96,DStar
253,1.39,AgentPrefab,Agent,MoveState,Moving,Goal,20.00,0.00,20.00,1.96,0.00,1.96,1.97,0.00,1.97,DStar
254,1.40,AllyPrefab,Ally,AllyIdleState,Idling,AgentPrefab,1.97,0.00,1.97,9.00,0.00,17.00,9.00,0.00,17.00,N/A
254,1.40,AgentPrefab,Agent,MoveState,Moving,AllyPrefab,9.00,0.00,17.00,1.97,0.00,1.97,1.97,0.00,1.97,DStar
254,1.40,AgentPrefab,Agent,MoveState,Moving,Goal,20.00,0.00,20.00,1.97,0.00,1.97,1.98,0.00,1.98,DStar
255,1.40,AllyPrefab,Ally,AllyIdleState,Idling,AgentPrefab,1.98,0.00,1.98,9.00,0.00,17.00,9.00,0.00,17.00,N/A
255,1.40,AgentPrefab,Agent,MoveState,Moving,AllyPrefab,9.00,0.00,17.00,1.98,0.00,1.98,1.98,0.00,1.98,DStar
255,1.40,AgentPrefab,Agent,MoveState,Moving,Goal,20.00,0.00,20.00,1.98,0.00,1.98,1.99,0.00,1.99,DStar
256,1.41,AllyPrefab,Ally,AllyIdleState,Idling,AgentPrefab,1.99,0.00,1.99,9.00,0.00,17.00,9.00,0.00,17.00,N/A
256,1.41,AgentPrefab,Agent,MoveState,Moving,AllyPrefab,9.00,0.00,17.00,1.99,0.00,1.99,1.99,0.00,1.99,DStar
256,1.41,AgentPrefab,Agent,MoveState,Moving,Goal,20.00,0.00,20.00,1.99,0.00,1.99,1.99,0.00,1.99,DStar
257,1.41,AllyPrefab,Ally,AllyIdleState,Idling,AgentPrefab,1.99,0.00,1.99,9.00,0.00,17.00,9.00,0.00,17.00,N/A
257,1.41,AgentPrefab,Agent,MoveState,Moving,AllyPrefab,9.00,0.00,17.00,1.99,0.00,1.99,1.99,0.00,1.99,DStar
257,1.41,AgentPrefab,Agent,MoveState,Moving,Goal,20.00,0.00,20.00,1.99,0.00,1.99,2.00,0.00,2.00,DStar
258,1.42,AllyPrefab,Ally,AllyIdleState,Idling,AgentPrefab,2.00,0.00,2.00,9.00,0.00,17.00,9.00,0.00,17.00,N/A
258,1.42,AgentPrefab,Agent,MoveState,Moving,AllyPrefab,9.00,0.00,17.00,2.00,0.00,2.00,2.00,0.00,2.00,DStar
258,1.42,AgentPrefab,Agent,MoveState,Moving,Goal,20.00,0.00,20.00,2.00,0.00,2.00,2.01,0.00,2.01,DStar
259,1.42,AllyPrefab,Ally,AllyIdleState,Idling,AgentPrefab,2.01,0.00,2.01,9.00,0.00,17.00,9.00,0.00,17.00,N/A
259,1.42,AgentPrefab,Agent,MoveState,Moving,AllyPrefab,9.00,0.00,17.00,2.01,0.00,2.01,2.01,0.00,2.01,DStar
259,1.42,AgentPrefab,Agent,MoveState,Moving,Goal,20.00,0.00,20.00,2.01,0.00,2.01,2.01,0.00,2.01,DStar
260,1.43,AllyPrefab,Ally,AllyIdleState,Idling,AgentPrefab,2.01,0.00,2.01,9.00,0.00,17.00,9.00,0.00,17.00,N/A
260,1.43,AgentPrefab,Agent,MoveState,Moving,AllyPrefab,9.00,0.00,17.00,2.01,0.00,2.01,2.01,0.00,2.01,DStar
260,1.43,AgentPrefab,Agent,MoveState,Moving,Goal,20.00,0.00,20.00,2.01,0.00,2.01,2.02,0.00,2.02,DStar
261,1.44,AllyPrefab,Ally,AllyIdleState,Idling,AgentPrefab,2.02,0.00,2.02,9.00,0.00,17.00,9.00,0.00,17.00,N/A
261,1.44,AgentPrefab,Agent,MoveState,Moving,AllyPrefab,9.00,0.00,17.00,2.02,0.00,2.02,2.02,0.00,2.02,DStar
261,1.44,AgentPrefab,Agent,MoveState,Moving,Goal,20.00,0.00,20.00,2.02,0.00,2.02,2.03,0.00,2.03,DStar
262,1.44,AllyPrefab,Ally,AllyIdleState,Idling,AgentPrefab,2.03,0.00,2.03,9.00,0.00,17.00,9.00,0.00,17.00,N/A
262,1.44,AgentPrefab,Agent,MoveState,Moving,AllyPrefab,9.00,0.00,17.00,2.03,0.00,2.03,2.03,0.00,2.03,DStar
262,1.44,AgentPrefab,Agent,MoveState,Moving,Goal,20.00,0.00,20.00,2.03,0.00,2.03,2.04,0.00,2.04,DStar
263,1.44,AllyPrefab,Ally,AllyIdleState,Idling,AgentPrefab,2.04,0.00,2.04,9.00,0.00,17.00,9.00,0.00,17.00,N/A
263,1.44,AgentPrefab,Agent,MoveState,Moving,AllyPrefab,9.00,0.00,17.00,2.04,0.00,2.04,2.04,0.00,2.04,DStar
263,1.44,AgentPrefab,Agent,MoveState,Moving,Goal,20.00,0.00,20.00,2.04,0.00,2.04,2.04,0.00,2.04,DStar
264,1.45,AllyPrefab,Ally,AllyIdleState,Idling,AgentPrefab,2.04,0.00,2.04,9.00,0.00,17.00,9.00,0.00,17.00,N/A
264,1.45,AgentPrefab,Agent,MoveState,Moving,AllyPrefab,9.00,0.00,17.00,2.04,0.00,2.04,2.04,0.00,2.04,DStar
264,1.45,AgentPrefab,Agent,MoveState,Moving,Goal,20.00,0.00,20.00,2.04,0.00,2.04,2.05,0.00,2.05,DStar
265,1.46,AllyPrefab,Ally,AllyIdleState,Idling,AgentPrefab,2.05,0.00,2.05,9.00,0.00,17.00,9.00,0.00,17.00,N/A
265,1.46,AgentPrefab,Agent,MoveState,Moving,AllyPrefab,9.00,0.00,17.00,2.05,0.00,2.05,2.05,0.00,2.05,DStar
265,1.46,AgentPrefab,Agent,MoveState,Moving,Goal,20.00,0.00,20.00,2.05,0.00,2.05,2.06,0.00,2.06,DStar
266,1.46,AllyPrefab,Ally,AllyIdleState,Idling,AgentPrefab,2.06,0.00,2.06,9.00,0.00,17.00,9.00,0.00,17.00,N/A
266,1.46,AgentPrefab,Agent,MoveState,Moving,AllyPrefab,9.00,0.00,17.00,2.06,0.00,2.06,2.06,0.00,2.06,DStar
266,1.46,AgentPrefab,Agent,MoveState,Moving,Goal,20.00,0.00,20.00,2.06,0.00,2.06,2.07,0.00,2.07,DStar
267,1.47,AllyPrefab,Ally,AllyIdleState,Idling,AgentPrefab,2.07,0.00,2.07,9.00,0.00,17.00,9.00,0.00,17.00,N/A
267,1.47,AgentPrefab,Agent,MoveState,Moving,AllyPrefab,9.00,0.00,17.00,2.07,0.00,2.07,2.07,0.00,2.07,DStar
267,1.47,AgentPrefab,Agent,MoveState,Moving,Goal,20.00,0.00,20.00,2.07,0.00,2.07,2.07,0.00,2.07,DStar
268,1.47,AllyPrefab,Ally,AllyIdleState,Idling,AgentPrefab,2.07,0.00,2.07,9.00,0.00,17.00,9.00,0.00,17.00,N/A
268,1.47,AgentPrefab,Agent,MoveState,Moving,AllyPrefab,9.00,0.00,17.00,2.07,0.00,2.07,2.07,0.00,2.07,DStar
268,1.47,AgentPrefab,Agent,MoveState,Moving,Goal,20.00,0.00,20.00,2.07,0.00,2.07,2.08,0.00,2.08,DStar
269,1.48,AllyPrefab,Ally,AllyIdleState,Idling,AgentPrefab,2.08,0.00,2.08,9.00,0.00,17.00,9.00,0.00,17.00,N/A
269,1.48,AgentPrefab,Agent,MoveState,Moving,AllyPrefab,9.00,0.00,17.00,2.08,0.00,2.08,2.08,0.00,2.08,DStar
269,1.48,AgentPrefab,Agent,MoveState,Moving,Goal,20.00,0.00,20.00,2.08,0.00,2.08,2.09,0.00,2.09,DStar
270,1.48,AllyPrefab,Ally,AllyIdleState,Idling,AgentPrefab,2.09,0.00,2.09,9.00,0.00,17.00,9.00,0.00,17.00,N/A
270,1.48,AgentPrefab,Agent,MoveState,Moving,AllyPrefab,9.00,0.00,17.00,2.09,0.00,2.09,2.09,0.00,2.09,DStar
270,1.48,AgentPrefab,Agent,MoveState,Moving,Goal,20.00,0.00,20.00,2.09,0.00,2.09,2.10,0.00,2.10,DStar
271,1.50,AllyPrefab,Ally,AllyIdleState,Idling,AgentPrefab,2.10,0.00,2.10,9.00,0.00,17.00,9.00,0.00,17.00,N/A
271,1.50,AgentPrefab,Agent,MoveState,Moving,AllyPrefab,9.00,0.00,17.00,2.10,0.00,2.10,2.10,0.00,2.10,DStar
271,1.50,AgentPrefab,Agent,MoveState,Moving,Goal,20.00,0.00,20.00,2.10,0.00,2.10,2.12,0.00,2.12,DStar
272,1.52,AllyPrefab,Ally,AllyIdleState,Idling,AgentPrefab,2.12,0.00,2.12,9.00,0.00,17.00,9.00,0.00,17.00,N/A
272,1.52,AgentPrefab,Agent,MoveState,Moving,AllyPrefab,9.00,0.00,17.00,2.12,0.00,2.12,2.12,0.00,2.12,DStar
272,1.52,AgentPrefab,Agent,MoveState,Moving,Goal,20.00,0.00,20.00,2.12,0.00,2.12,2.15,0.00,2.15,DStar
273,1.53,AllyPrefab,Ally,AllyIdleState,Idling,AgentPrefab,2.15,0.00,2.15,9.00,0.00,17.00,9.00,0.00,17.00,N/A
273,1.53,AgentPrefab,Agent,MoveState,Moving,AllyPrefab,9.00,0.00,17.00,2.15,0.00,2.15,2.15,0.00,2.15,DStar
273,1.53,AgentPrefab,Agent,MoveState,Moving,Goal,20.00,0.00,20.00,2.15,0.00,2.15,2.17,0.00,2.17,DStar
274,1.54,AllyPrefab,Ally,AllyIdleState,Idling,AgentPrefab,2.17,0.00,2.17,9.00,0.00,17.00,9.00,0.00,17.00,N/A
274,1.54,AgentPrefab,Agent,MoveState,Moving,AllyPrefab,9.00,0.00,17.00,2.17,0.00,2.17,2.17,0.00,2.17,DStar
274,1.54,AgentPrefab,Agent,MoveState,Moving,Goal,20.00,0.00,20.00,2.17,0.00,2.17,2.18,0.00,2.18,DStar
275,1.54,AllyPrefab,Ally,AllyIdleState,Idling,AgentPrefab,2.18,0.00,2.18,9.00,0.00,17.00,9.00,0.00,17.00,N/A
275,1.54,AgentPrefab,Agent,MoveState,Moving,AllyPrefab,9.00,0.00,17.00,2.18,0.00,2.18,2.18,0.00,2.18,DStar
275,1.54,AgentPrefab,Agent,MoveState,Moving,Goal,20.00,0.00,20.00,2.18,0.00,2.18,2.18,0.00,2.18,DStar
276,1.55,AllyPrefab,Ally,AllyIdleState,Idling,AgentPrefab,2.18,0.00,2.18,9.00,0.00,17.00,9.00,0.00,17.00,N/A
276,1.55,AgentPrefab,Agent,MoveState,Moving,AllyPrefab,9.00,0.00,17.00,2.18,0.00,2.18,2.18,0.00,2.18,DStar
276,1.55,AgentPrefab,Agent,MoveState,Moving,Goal,20.00,0.00,20.00,2.18,0.00,2.18,2.19,0.00,2.19,DStar
277,1.56,AllyPrefab,Ally,AllyIdleState,Idling,AgentPrefab,2.19,0.00,2.19,9.00,0.00,17.00,9.00,0.00,17.00,N/A
277,1.56,AgentPrefab,Agent,MoveState,Moving,AllyPrefab,9.00,0.00,17.00,2.19,0.00,2.19,2.19,0.00,2.19,DStar
277,1.56,AgentPrefab,Agent,MoveState,Moving,Goal,20.00,0.00,20.00,2.19,0.00,2.19,2.20,0.00,2.20,DStar
278,1.56,AllyPrefab,Ally,AllyIdleState,Idling,AgentPrefab,2.20,0.00,2.20,9.00,0.00,17.00,9.00,0.00,17.00,N/A
278,1.56,AgentPrefab,Agent,MoveState,Moving,AllyPrefab,9.00,0.00,17.00,2.20,0.00,2.20,2.20,0.00,2.20,DStar
278,1.56,AgentPrefab,Agent,MoveState,Moving,Goal,20.00,0.00,20.00,2.20,0.00,2.20,2.21,0.00,2.21,DStar
279,1.57,AllyPrefab,Ally,AllyIdleState,Idling,AgentPrefab,2.21,0.00,2.21,9.00,0.00,17.00,9.00,0.00,17.00,N/A
279,1.57,AgentPrefab,Agent,MoveState,Moving,AllyPrefab,9.00,0.00,17.00,2.21,0.00,2.21,2.21,0.00,2.21,DStar
279,1.57,AgentPrefab,Agent,MoveState,Moving,Goal,20.00,0.00,20.00,2.21,0.00,2.21,2.21,0.00,2.21,DStar
280,1.57,AllyPrefab,Ally,AllyIdleState,Idling,AgentPrefab,2.21,0.00,2.21,9.00,0.00,17.00,9.00,0.00,17.00,N/A
280,1.57,AgentPrefab,Agent,MoveState,Moving,AllyPrefab,9.00,0.00,17.00,2.21,0.00,2.21,2.21,0.00,2.21,DStar
280,1.57,AgentPrefab,Agent,MoveState,Moving,Goal,20.00,0.00,20.00,2.21,0.00,2.21,2.22,0.00,2.22,DStar
281,1.58,AllyPrefab,Ally,AllyIdleState,Idling,AgentPrefab,2.22,0.00,2.22,9.00,0.00,17.00,9.00,0.00,17.00,N/A
281,1.58,AgentPrefab,Agent,MoveState,Moving,AllyPrefab,9.00,0.00,17.00,2.22,0.00,2.22,2.22,0.00,2.22,DStar
281,1.58,AgentPrefab,Agent,MoveState,Moving,Goal,20.00,0.00,20.00,2.22,0.00,2.22,2.23,0.00,2.23,DStar
282,1.58,AllyPrefab,Ally,AllyIdleState,Idling,AgentPrefab,2.23,0.00,2.23,9.00,0.00,17.00,9.00,0.00,17.00,N/A
282,1.58,AgentPrefab,Agent,MoveState,Moving,AllyPrefab,9.00,0.00,17.00,2.23,0.00,2.23,2.23,0.00,2.23,DStar
282,1.58,AgentPrefab,Agent,MoveState,Moving,Goal,20.00,0.00,20.00,2.23,0.00,2.23,2.23,0.00,2.23,DStar
283,1.59,AllyPrefab,Ally,AllyIdleState,Idling,AgentPrefab,2.23,0.00,2.23,9.00,0.00,17.00,9.00,0.00,17.00,N/A
283,1.59,AgentPrefab,Agent,MoveState,Moving,AllyPrefab,9.00,0.00,17.00,2.23,0.00,2.23,2.23,0.00,2.23,DStar
283,1.59,AgentPrefab,Agent,MoveState,Moving,Goal,20.00,0.00,20.00,2.23,0.00,2.23,2.24,0.00,2.24,DStar
284,1.59,AllyPrefab,Ally,AllyIdleState,Idling,AgentPrefab,2.24,0.00,2.24,9.00,0.00,17.00,9.00,0.00,17.00,N/A
284,1.59,AgentPrefab,Agent,MoveState,Moving,AllyPrefab,9.00,0.00,17.00,2.24,0.00,2.24,2.24,0.00,2.24,DStar
284,1.59,AgentPrefab,Agent,MoveState,Moving,Goal,20.00,0.00,20.00,2.24,0.00,2.24,2.25,0.00,2.25,DStar
285,1.60,AllyPrefab,Ally,AllyIdleState,Idling,AgentPrefab,2.25,0.00,2.25,9.00,0.00,17.00,9.00,0.00,17.00,N/A
285,1.60,AgentPrefab,Agent,MoveState,Moving,AllyPrefab,9.00,0.00,17.00,2.25,0.00,2.25,2.25,0.00,2.25,DStar
285,1.60,AgentPrefab,Agent,MoveState,Moving,Goal,20.00,0.00,20.00,2.25,0.00,2.25,2.26,0.00,2.26,DStar
286,1.60,AllyPrefab,Ally,AllyIdleState,Idling,AgentPrefab,2.26,0.00,2.26,9.00,0.00,17.00,9.00,0.00,17.00,N/A
286,1.60,AgentPrefab,Agent,MoveState,Moving,AllyPrefab,9.00,0.00,17.00,2.26,0.00,2.26,2.26,0.00,2.26,DStar
286,1.60,AgentPrefab,Agent,MoveState,Moving,Goal,20.00,0.00,20.00,2.26,0.00,2.26,2.27,0.00,2.27,DStar
287,1.61,AllyPrefab,Ally,AllyIdleState,Idling,AgentPrefab,2.27,0.00,2.27,9.00,0.00,17.00,9.00,0.00,17.00,N/A
287,1.61,AgentPrefab,Agent,MoveState,Moving,AllyPrefab,9.00,0.00,17.00,2.27,0.00,2.27,2.27,0.00,2.27,DStar
287,1.61,AgentPrefab,Agent,MoveState,Moving,Goal,20.00,0.00,20.00,2.27,0.00,2.27,2.27,0.00,2.27,DStar
288,1.61,AllyPrefab,Ally,AllyIdleState,Idling,AgentPrefab,2.27,0.00,2.27,9.00,0.00,17.00,9.00,0.00,17.00,N/A
288,1.61,AgentPrefab,Agent,MoveState,Moving,AllyPrefab,9.00,0.00,17.00,2.27,0.00,2.27,2.27,0.00,2.27,DStar
288,1.61,AgentPrefab,Agent,MoveState,Moving,Goal,20.00,0.00,20.00,2.27,0.00,2.27,2.28,0.00,2.28,DStar
289,1.62,AllyPrefab,Ally,AllyIdleState,Idling,AgentPrefab,2.28,0.00,2.28,9.00,0.00,17.00,9.00,0.00,17.00,N/A
289,1.62,AgentPrefab,Agent,MoveState,Moving,AllyPrefab,9.00,0.00,17.00,2.28,0.00,2.28,2.28,0.00,2.28,DStar
289,1.62,AgentPrefab,Agent,MoveState,Moving,Goal,20.00,0.00,20.00,2.28,0.00,2.28,2.29,0.00,2.29,DStar
290,1.62,AllyPrefab,Ally,AllyIdleState,Idling,AgentPrefab,2.29,0.00,2.29,9.00,0.00,17.00,9.00,0.00,17.00,N/A
290,1.62,AgentPrefab,Agent,MoveState,Moving,AllyPrefab,9.00,0.00,17.00,2.29,0.00,2.29,2.29,0.00,2.29,DStar
290,1.62,AgentPrefab,Agent,MoveState,Moving,Goal,20.00,0.00,20.00,2.29,0.00,2.29,2.29,0.00,2.29,DStar
291,1.63,AllyPrefab,Ally,AllyIdleState,Idling,AgentPrefab,2.29,0.00,2.29,9.00,0.00,17.00,9.00,0.00,17.00,N/A
291,1.63,AgentPrefab,Agent,MoveState,Moving,AllyPrefab,9.00,0.00,17.00,2.29,0.00,2.29,2.29,0.00,2.29,DStar
291,1.63,AgentPrefab,Agent,MoveState,Moving,Goal,20.00,0.00,20.00,2.29,0.00,2.29,2.30,0.00,2.30,DStar
292,1.63,AllyPrefab,Ally,AllyIdleState,Idling,AgentPrefab,2.30,0.00,2.30,9.00,0.00,17.00,9.00,0.00,17.00,N/A
292,1.63,AgentPrefab,Agent,MoveState,Moving,AllyPrefab,9.00,0.00,17.00,2.30,0.00,2.30,2.30,0.00,2.30,DStar
292,1.63,AgentPrefab,Agent,MoveState,Moving,Goal,20.00,0.00,20.00,2.30,0.00,2.30,2.31,0.00,2.31,DStar
293,1.64,AllyPrefab,Ally,AllyIdleState,Idling,AgentPrefab,2.31,0.00,2.31,9.00,0.00,17.00,9.00,0.00,17.00,N/A
293,1.64,AgentPrefab,Agent,MoveState,Moving,AllyPrefab,9.00,0.00,17.00,2.31,0.00,2.31,2.31,0.00,2.31,DStar
293,1.64,AgentPrefab,Agent,MoveState,Moving,Goal,20.00,0.00,20.00,2.31,0.00,2.31,2.32,0.00,2.32,DStar
294,1.64,AllyPrefab,Ally,AllyIdleState,Idling,AgentPrefab,2.32,0.00,2.32,9.00,0.00,17.00,9.00,0.00,17.00,N/A
294,1.64,AgentPrefab,Agent,MoveState,Moving,AllyPrefab,9.00,0.00,17.00,2.32,0.00,2.32,2.32,0.00,2.32,DStar
294,1.64,AgentPrefab,Agent,MoveState,Moving,Goal,20.00,0.00,20.00,2.32,0.00,2.32,2.32,0.00,2.32,DStar
295,1.65,AllyPrefab,Ally,AllyIdleState,Idling,AgentPrefab,2.32,0.00,2.32,9.00,0.00,17.00,9.00,0.00,17.00,N/A
295,1.65,AgentPrefab,Agent,MoveState,Moving,AllyPrefab,9.00,0.00,17.00,2.32,0.00,2.32,2.32,0.00,2.32,DStar
295,1.65,AgentPrefab,Agent,MoveState,Moving,Goal,20.00,0.00,20.00,2.32,0.00,2.32,2.33,0.00,2.33,DStar
296,1.65,AllyPrefab,Ally,AllyIdleState,Idling,AgentPrefab,2.33,0.00,2.33,9.00,0.00,17.00,9.00,0.00,17.00,N/A
296,1.65,AgentPrefab,Agent,MoveState,Moving,AllyPrefab,9.00,0.00,17.00,2.33,0.00,2.33,2.33,0.00,2.33,DStar
296,1.65,AgentPrefab,Agent,MoveState,Moving,Goal,20.00,0.00,20.00,2.33,0.00,2.33,2.34,0.00,2.34,DStar
297,1.66,AllyPrefab,Ally,AllyIdleState,Idling,AgentPrefab,2.34,0.00,2.34,9.00,0.00,17.00,9.00,0.00,17.00,N/A
297,1.66,AgentPrefab,Agent,MoveState,Moving,AllyPrefab,9.00,0.00,17.00,2.34,0.00,2.34,2.34,0.00,2.34,DStar
297,1.66,AgentPrefab,Agent,MoveState,Moving,Goal,20.00,0.00,20.00,2.34,0.00,2.34,2.35,0.00,2.35,DStar
298,1.67,AllyPrefab,Ally,AllyIdleState,Idling,AgentPrefab,2.35,0.00,2.35,9.00,0.00,17.00,9.00,0.00,17.00,N/A
298,1.67,AgentPrefab,Agent,MoveState,Moving,AllyPrefab,9.00,0.00,17.00,2.35,0.00,2.35,2.35,0.00,2.35,DStar
298,1.67,AgentPrefab,Agent,MoveState,Moving,Goal,20.00,0.00,20.00,2.35,0.00,2.35,2.36,0.00,2.36,DStar
299,1.67,AllyPrefab,Ally,AllyIdleState,Idling,AgentPrefab,2.36,0.00,2.36,9.00,0.00,17.00,9.00,0.00,17.00,N/A
299,1.67,AgentPrefab,Agent,MoveState,Moving,AllyPrefab,9.00,0.00,17.00,2.36,0.00,2.36,2.36,0.00,2.36,DStar
299,1.67,AgentPrefab,Agent,MoveState,Moving,Goal,20.00,0.00,20.00,2.36,0.00,2.36,2.36,0.00,2.36,DStar
300,1.68,AllyPrefab,Ally,AllyIdleState,Idling,AgentPrefab,2.36,0.00,2.36,9.00,0.00,17.00,9.00,0.00,17.00,N/A
300,1.68,AgentPrefab,Agent,MoveState,Moving,AllyPrefab,9.00,0.00,17.00,2.36,0.00,2.36,2.36,0.00,2.36,DStar
300,1.68,AgentPrefab,Agent,MoveState,Moving,Goal,20.00,0.00,20.00,2.36,0.00,2.36,2.37,0.00,2.37,DStar
301,1.68,AllyPrefab,Ally,AllyIdleState,Idling,AgentPrefab,2.37,0.00,2.37,9.00,0.00,17.00,9.00,0.00,17.00,N/A
301,1.68,AgentPrefab,Agent,MoveState,Moving,AllyPrefab,9.00,0.00,17.00,2.37,0.00,2.37,2.37,0.00,2.37,DStar
301,1.68,AgentPrefab,Agent,MoveState,Moving,Goal,20.00,0.00,20.00,2.37,0.00,2.37,2.38,0.00,2.38,DStar
302,1.69,AllyPrefab,Ally,AllyIdleState,Idling,AgentPrefab,2.38,0.00,2.38,9.00,0.00,17.00,9.00,0.00,17.00,N/A
302,1.69,AgentPrefab,Agent,MoveState,Moving,AllyPrefab,9.00,0.00,17.00,2.38,0.00,2.38,2.38,0.00,2.38,DStar
302,1.69,AgentPrefab,Agent,MoveState,Moving,Goal,20.00,0.00,20.00,2.38,0.00,2.38,2.38,0.00,2.38,DStar
303,1.69,AllyPrefab,Ally,AllyIdleState,Idling,AgentPrefab,2.38,0.00,2.38,9.00,0.00,17.00,9.00,0.00,17.00,N/A
303,1.69,AgentPrefab,Agent,MoveState,Moving,AllyPrefab,9.00,0.00,17.00,2.38,0.00,2.38,2.38,0.00,2.38,DStar
303,1.69,AgentPrefab,Agent,MoveState,Moving,Goal,20.00,0.00,20.00,2.38,0.00,2.38,2.39,0.00,2.39,DStar
304,1.70,AllyPrefab,Ally,AllyIdleState,Idling,AgentPrefab,2.39,0.00,2.39,9.00,0.00,17.00,9.00,0.00,17.00,N/A
304,1.70,AgentPrefab,Agent,MoveState,Moving,AllyPrefab,9.00,0.00,17.00,2.39,0.00,2.39,2.39,0.00,2.39,DStar
304,1.70,AgentPrefab,Agent,MoveState,Moving,Goal,20.00,0.00,20.00,2.39,0.00,2.39,2.40,0.00,2.40,DStar
305,1.70,AllyPrefab,Ally,AllyIdleState,Idling,AgentPrefab,2.40,0.00,2.40,9.00,0.00,17.00,9.00,0.00,17.00,N/A
305,1.70,AgentPrefab,Agent,MoveState,Moving,AllyPrefab,9.00,0.00,17.00,2.40,0.00,2.40,2.40,0.00,2.40,DStar
305,1.70,AgentPrefab,Agent,MoveState,Moving,Goal,20.00,0.00,20.00,2.40,0.00,2.40,2.41,0.00,2.41,DStar
306,1.71,AllyPrefab,Ally,AllyIdleState,Idling,AgentPrefab,2.41,0.00,2.41,9.00,0.00,17.00,9.00,0.00,17.00,N/A
306,1.71,AgentPrefab,Agent,MoveState,Moving,AllyPrefab,9.00,0.00,17.00,2.41,0.00,2.41,2.41,0.00,2.41,DStar
306,1.71,AgentPrefab,Agent,MoveState,Moving,Goal,20.00,0.00,20.00,2.41,0.00,2.41,2.41,0.00,2.41,DStar
307,1.71,AllyPrefab,Ally,AllyIdleState,Idling,AgentPrefab,2.41,0.00,2.41,9.00,0.00,17.00,9.00,0.00,17.00,N/A
307,1.71,AgentPrefab,Agent,MoveState,Moving,AllyPrefab,9.00,0.00,17.00,2.41,0.00,2.41,2.41,0.00,2.41,DStar
307,1.71,AgentPrefab,Agent,MoveState,Moving,Goal,20.00,0.00,20.00,2.41,0.00,2.41,2.42,0.00,2.42,DStar
308,1.72,AllyPrefab,Ally,AllyIdleState,Idling,AgentPrefab,2.42,0.00,2.42,9.00,0.00,17.00,9.00,0.00,17.00,N/A
308,1.72,AgentPrefab,Agent,MoveState,Moving,AllyPrefab,9.00,0.00,17.00,2.42,0.00,2.42,2.42,0.00,2.42,DStar
308,1.72,AgentPrefab,Agent,MoveState,Moving,Goal,20.00,0.00,20.00,2.42,0.00,2.42,2.43,0.00,2.43,DStar
309,1.72,AllyPrefab,Ally,AllyIdleState,Idling,AgentPrefab,2.43,0.00,2.43,9.00,0.00,17.00,9.00,0.00,17.00,N/A
309,1.72,AgentPrefab,Agent,MoveState,Moving,AllyPrefab,9.00,0.00,17.00,2.43,0.00,2.43,2.43,0.00,2.43,DStar
309,1.72,AgentPrefab,Agent,MoveState,Moving,Goal,20.00,0.00,20.00,2.43,0.00,2.43,2.44,0.00,2.44,DStar
310,1.73,AllyPrefab,Ally,AllyIdleState,Idling,AgentPrefab,2.44,0.00,2.44,9.00,0.00,17.00,9.00,0.00,17.00,N/A
310,1.73,AgentPrefab,Agent,MoveState,Moving,AllyPrefab,9.00,0.00,17.00,2.44,0.00,2.44,2.44,0.00,2.44,DStar
310,1.73,AgentPrefab,Agent,MoveState,Moving,Goal,20.00,0.00,20.00,2.44,0.00,2.44,2.44,0.00,2.44,DStar
311,1.73,AllyPrefab,Ally,AllyIdleState,Idling,AgentPrefab,2.44,0.00,2.44,9.00,0.00,17.00,9.00,0.00,17.00,N/A
311,1.73,AgentPrefab,Agent,MoveState,Moving,AllyPrefab,9.00,0.00,17.00,2.44,0.00,2.44,2.44,0.00,2.44,DStar
311,1.73,AgentPrefab,Agent,MoveState,Moving,Goal,20.00,0.00,20.00,2.44,0.00,2.44,2.45,0.00,2.45,DStar
312,1.74,AllyPrefab,Ally,AllyIdleState,Idling,AgentPrefab,2.45,0.00,2.45,9.00,0.00,17.00,9.00,0.00,17.00,N/A
312,1.74,AgentPrefab,Agent,MoveState,Moving,AllyPrefab,9.00,0.00,17.00,2.45,0.00,2.45,2.45,0.00,2.45,DStar
312,1.74,AgentPrefab,Agent,MoveState,Moving,Goal,20.00,0.00,20.00,2.45,0.00,2.45,2.46,0.00,2.46,DStar
313,1.74,AllyPrefab,Ally,AllyIdleState,Idling,AgentPrefab,2.46,0.00,2.46,9.00,0.00,17.00,9.00,0.00,17.00,N/A
313,1.74,AgentPrefab,Agent,MoveState,Moving,AllyPrefab,9.00,0.00,17.00,2.46,0.00,2.46,2.46,0.00,2.46,DStar
313,1.74,AgentPrefab,Agent,MoveState,Moving,Goal,20.00,0.00,20.00,2.46,0.00,2.46,2.47,0.00,2.47,DStar
314,1.75,AllyPrefab,Ally,AllyIdleState,Idling,AgentPrefab,2.47,0.00,2.47,9.00,0.00,17.00,9.00,0.00,17.00,N/A
314,1.75,AgentPrefab,Agent,MoveState,Moving,AllyPrefab,9.00,0.00,17.00,2.47,0.00,2.47,2.47,0.00,2.47,DStar
314,1.75,AgentPrefab,Agent,MoveState,Moving,Goal,20.00,0.00,20.00,2.47,0.00,2.47,2.47,0.00,2.47,DStar
315,1.75,AllyPrefab,Ally,AllyIdleState,Idling,AgentPrefab,2.47,0.00,2.47,9.00,0.00,17.00,9.00,0.00,17.00,N/A
315,1.75,AgentPrefab,Agent,MoveState,Moving,AllyPrefab,9.00,0.00,17.00,2.47,0.00,2.47,2.47,0.00,2.47,DStar
315,1.75,AgentPrefab,Agent,MoveState,Moving,Goal,20.00,0.00,20.00,2.47,0.00,2.47,2.48,0.00,2.48,DStar
316,1.76,AllyPrefab,Ally,AllyIdleState,Idling,AgentPrefab,2.48,0.00,2.48,9.00,0.00,17.00,9.00,0.00,17.00,N/A
316,1.76,AgentPrefab,Agent,MoveState,Moving,AllyPrefab,9.00,0.00,17.00,2.48,0.00,2.48,2.48,0.00,2.48,DStar
316,1.76,AgentPrefab,Agent,MoveState,Moving,Goal,20.00,0.00,20.00,2.48,0.00,2.48,2.49,0.00,2.49,DStar
317,1.76,AllyPrefab,Ally,AllyIdleState,Idling,AgentPrefab,2.49,0.00,2.49,9.00,0.00,17.00,9.00,0.00,17.00,N/A
317,1.76,AgentPrefab,Agent,MoveState,Moving,AllyPrefab,9.00,0.00,17.00,2.49,0.00,2.49,2.49,0.00,2.49,DStar
317,1.76,AgentPrefab,Agent,MoveState,Moving,Goal,20.00,0.00,20.00,2.49,0.00,2.49,2.49,0.00,2.49,DStar
318,1.77,AllyPrefab,Ally,AllyIdleState,Idling,AgentPrefab,2.49,0.00,2.49,9.00,0.00,17.00,9.00,0.00,17.00,N/A
318,1.77,AgentPrefab,Agent,MoveState,Moving,AllyPrefab,9.00,0.00,17.00,2.49,0.00,2.49,2.49,0.00,2.49,DStar
318,1.77,AgentPrefab,Agent,MoveState,Moving,Goal,20.00,0.00,20.00,2.49,0.00,2.49,2.50,0.00,2.50,DStar
319,1.77,AllyPrefab,Ally,AllyIdleState,Idling,AgentPrefab,2.50,0.00,2.50,9.00,0.00,17.00,9.00,0.00,17.00,N/A
319,1.77,AgentPrefab,Agent,MoveState,Moving,AllyPrefab,9.00,0.00,17.00,2.50,0.00,2.50,2.50,0.00,2.50,DStar
319,1.77,AgentPrefab,Agent,MoveState,Moving,Goal,20.00,0.00,20.00,2.50,0.00,2.50,2.51,0.00,2.51,DStar
320,1.78,AllyPrefab,Ally,AllyIdleState,Idling,AgentPrefab,2.51,0.00,2.51,9.00,0.00,17.00,9.00,0.00,17.00,N/A
320,1.78,AgentPrefab,Agent,MoveState,Moving,AllyPrefab,9.00,0.00,17.00,2.51,0.00,2.51,2.51,0.00,2.51,DStar
320,1.78,AgentPrefab,Agent,MoveState,Moving,Goal,20.00,0.00,20.00,2.51,0.00,2.51,2.52,0.00,2.52,DStar
321,1.78,AllyPrefab,Ally,AllyIdleState,Idling,AgentPrefab,2.52,0.00,2.52,9.00,0.00,17.00,9.00,0.00,17.00,N/A
321,1.78,AgentPrefab,Agent,MoveState,Moving,AllyPrefab,9.00,0.00,17.00,2.52,0.00,2.52,2.52,0.00,2.52,DStar
321,1.78,AgentPrefab,Agent,MoveState,Moving,Goal,20.00,0.00,20.00,2.52,0.00,2.52,2.52,0.00,2.52,DStar
322,1.79,AllyPrefab,Ally,AllyIdleState,Idling,AgentPrefab,2.52,0.00,2.52,9.00,0.00,17.00,9.00,0.00,17.00,N/A
322,1.79,AgentPrefab,Agent,MoveState,Moving,AllyPrefab,9.00,0.00,17.00,2.52,0.00,2.52,2.52,0.00,2.52,DStar
322,1.79,AgentPrefab,Agent,MoveState,Moving,Goal,20.00,0.00,20.00,2.52,0.00,2.52,2.53,0.00,2.53,DStar
323,1.79,AllyPrefab,Ally,AllyIdleState,Idling,AgentPrefab,2.53,0.00,2.53,9.00,0.00,17.00,9.00,0.00,17.00,N/A
323,1.79,AgentPrefab,Agent,MoveState,Moving,AllyPrefab,9.00,0.00,17.00,2.53,0.00,2.53,2.53,0.00,2.53,DStar
323,1.79,AgentPrefab,Agent,MoveState,Moving,Goal,20.00,0.00,20.00,2.53,0.00,2.53,2.54,0.00,2.54,DStar
324,1.80,AllyPrefab,Ally,AllyIdleState,Idling,AgentPrefab,2.54,0.00,2.54,9.00,0.00,17.00,9.00,0.00,17.00,N/A
324,1.80,AgentPrefab,Agent,MoveState,Moving,AllyPrefab,9.00,0.00,17.00,2.54,0.00,2.54,2.54,0.00,2.54,DStar
324,1.80,AgentPrefab,Agent,MoveState,Moving,Goal,20.00,0.00,20.00,2.54,0.00,2.54,2.55,0.00,2.55,DStar
325,1.81,AllyPrefab,Ally,AllyIdleState,Idling,AgentPrefab,2.55,0.00,2.55,9.00,0.00,17.00,9.00,0.00,17.00,N/A
325,1.81,AgentPrefab,Agent,MoveState,Moving,AllyPrefab,9.00,0.00,17.00,2.55,0.00,2.55,2.55,0.00,2.55,DStar
325,1.81,AgentPrefab,Agent,MoveState,Moving,Goal,20.00,0.00,20.00,2.55,0.00,2.55,2.55,0.00,2.55,DStar
326,1.81,AllyPrefab,Ally,AllyIdleState,Idling,AgentPrefab,2.55,0.00,2.55,9.00,0.00,17.00,9.00,0.00,17.00,N/A
326,1.81,AgentPrefab,Agent,MoveState,Moving,AllyPrefab,9.00,0.00,17.00,2.55,0.00,2.55,2.55,0.00,2.55,DStar
326,1.81,AgentPrefab,Agent,MoveState,Moving,Goal,20.00,0.00,20.00,2.55,0.00,2.55,2.56,0.00,2.56,DStar
327,1.82,AllyPrefab,Ally,AllyIdleState,Idling,AgentPrefab,2.56,0.00,2.56,9.00,0.00,17.00,9.00,0.00,17.00,N/A
327,1.82,AgentPrefab,Agent,MoveState,Moving,AllyPrefab,9.00,0.00,17.00,2.56,0.00,2.56,2.56,0.00,2.56,DStar
327,1.82,AgentPrefab,Agent,MoveState,Moving,Goal,20.00,0.00,20.00,2.56,0.00,2.56,2.57,0.00,2.57,DStar
328,1.82,AllyPrefab,Ally,AllyIdleState,Idling,AgentPrefab,2.57,0.00,2.57,9.00,0.00,17.00,9.00,0.00,17.00,N/A
328,1.82,AgentPrefab,Agent,MoveState,Moving,AllyPrefab,9.00,0.00,17.00,2.57,0.00,2.57,2.57,0.00,2.57,DStar
328,1.82,AgentPrefab,Agent,MoveState,Moving,Goal,20.00,0.00,20.00,2.57,0.00,2.57,2.58,0.00,2.58,DStar
329,1.83,AllyPrefab,Ally,AllyIdleState,Idling,AgentPrefab,2.58,0.00,2.58,9.00,0.00,17.00,9.00,0.00,17.00,N/A
329,1.83,AgentPrefab,Agent,MoveState,Moving,AllyPrefab,9.00,0.00,17.00,2.58,0.00,2.58,2.58,0.00,2.58,DStar
329,1.83,AgentPrefab,Agent,MoveState,Moving,Goal,20.00,0.00,20.00,2.58,0.00,2.58,2.59,0.00,2.59,DStar
330,1.83,AllyPrefab,Ally,AllyIdleState,Idling,AgentPrefab,2.59,0.00,2.59,9.00,0.00,17.00,9.00,0.00,17.00,N/A
330,1.83,AgentPrefab,Agent,MoveState,Moving,AllyPrefab,9.00,0.00,17.00,2.59,0.00,2.59,2.59,0.00,2.59,DStar
330,1.83,AgentPrefab,Agent,MoveState,Moving,Goal,20.00,0.00,20.00,2.59,0.00,2.59,2.59,0.00,2.59,DStar
331,1.84,AllyPrefab,Ally,AllyIdleState,Idling,AgentPrefab,2.59,0.00,2.59,9.00,0.00,17.00,9.00,0.00,17.00,N/A
331,1.84,AgentPrefab,Agent,MoveState,Moving,AllyPrefab,9.00,0.00,17.00,2.59,0.00,2.59,2.59,0.00,2.59,DStar
331,1.84,AgentPrefab,Agent,MoveState,Moving,Goal,20.00,0.00,20.00,2.59,0.00,2.59,2.60,0.00,2.60,DStar
332,1.84,AllyPrefab,Ally,AllyIdleState,Idling,AgentPrefab,2.60,0.00,2.60,9.00,0.00,17.00,9.00,0.00,17.00,N/A
332,1.84,AgentPrefab,Agent,MoveState,Moving,AllyPrefab,9.00,0.00,17.00,2.60,0.00,2.60,2.60,0.00,2.60,DStar
332,1.84,AgentPrefab,Agent,MoveState,Moving,Goal,20.00,0.00,20.00,2.60,0.00,2.60,2.61,0.00,2.61,DStar
333,1.85,AllyPrefab,Ally,AllyIdleState,Idling,AgentPrefab,2.61,0.00,2.61,9.00,0.00,17.00,9.00,0.00,17.00,N/A
333,1.85,AgentPrefab,Agent,MoveState,Moving,AllyPrefab,9.00,0.00,17.00,2.61,0.00,2.61,2.61,0.00,2.61,DStar
333,1.85,AgentPrefab,Agent,MoveState,Moving,Goal,20.00,0.00,20.00,2.61,0.00,2.61,2.62,0.00,2.62,DStar
334,1.86,AllyPrefab,Ally,AllyIdleState,Idling,AgentPrefab,2.62,0.00,2.62,9.00,0.00,17.00,9.00,0.00,17.00,N/A
334,1.86,AgentPrefab,Agent,MoveState,Moving,AllyPrefab,9.00,0.00,17.00,2.62,0.00,2.62,2.62,0.00,2.62,DStar
334,1.86,AgentPrefab,Agent,MoveState,Moving,Goal,20.00,0.00,20.00,2.62,0.00,2.62,2.62,0.00,2.62,DStar
335,1.86,AllyPrefab,Ally,AllyIdleState,Idling,AgentPrefab,2.62,0.00,2.62,9.00,0.00,17.00,9.00,0.00,17.00,N/A
335,1.86,AgentPrefab,Agent,MoveState,Moving,AllyPrefab,9.00,0.00,17.00,2.62,0.00,2.62,2.62,0.00,2.62,DStar
335,1.86,AgentPrefab,Agent,MoveState,Moving,Goal,20.00,0.00,20.00,2.62,0.00,2.62,2.63,0.00,2.63,DStar
336,1.86,AllyPrefab,Ally,AllyIdleState,Idling,AgentPrefab,2.63,0.00,2.63,9.00,0.00,17.00,9.00,0.00,17.00,N/A
336,1.86,AgentPrefab,Agent,MoveState,Moving,AllyPrefab,9.00,0.00,17.00,2.63,0.00,2.63,2.63,0.00,2.63,DStar
336,1.86,AgentPrefab,Agent,MoveState,Moving,Goal,20.00,0.00,20.00,2.63,0.00,2.63,2.64,0.00,2.64,DStar
337,1.87,AllyPrefab,Ally,AllyIdleState,Idling,AgentPrefab,2.64,0.00,2.64,9.00,0.00,17.00,9.00,0.00,17.00,N/A
337,1.87,AgentPrefab,Agent,MoveState,Moving,AllyPrefab,9.00,0.00,17.00,2.64,0.00,2.64,2.64,0.00,2.64,DStar
337,1.87,AgentPrefab,Agent,MoveState,Moving,Goal,20.00,0.00,20.00,2.64,0.00,2.64,2.64,0.00,2.64,DStar
338,1.87,AllyPrefab,Ally,AllyIdleState,Idling,AgentPrefab,2.64,0.00,2.64,9.00,0.00,17.00,9.00,0.00,17.00,N/A
338,1.87,AgentPrefab,Agent,MoveState,Moving,AllyPrefab,9.00,0.00,17.00,2.64,0.00,2.64,2.64,0.00,2.64,DStar
338,1.87,AgentPrefab,Agent,MoveState,Moving,Goal,20.00,0.00,20.00,2.64,0.00,2.64,2.65,0.00,2.65,DStar
339,1.88,AllyPrefab,Ally,AllyIdleState,Idling,AgentPrefab,2.65,0.00,2.65,9.00,0.00,17.00,9.00,0.00,17.00,N/A
339,1.88,AgentPrefab,Agent,MoveState,Moving,AllyPrefab,9.00,0.00,17.00,2.65,0.00,2.65,2.65,0.00,2.65,DStar
339,1.88,AgentPrefab,Agent,MoveState,Moving,Goal,20.00,0.00,20.00,2.65,0.00,2.65,2.66,0.00,2.66,DStar
340,1.88,AllyPrefab,Ally,AllyIdleState,Idling,AgentPrefab,2.66,0.00,2.66,9.00,0.00,17.00,9.00,0.00,17.00,N/A
340,1.88,AgentPrefab,Agent,MoveState,Moving,AllyPrefab,9.00,0.00,17.00,2.66,0.00,2.66,2.66,0.00,2.66,DStar
340,1.88,AgentPrefab,Agent,MoveState,Moving,Goal,20.00,0.00,20.00,2.66,0.00,2.66,2.67,0.00,2.67,DStar
341,1.89,AllyPrefab,Ally,AllyIdleState,Idling,AgentPrefab,2.67,0.00,2.67,9.00,0.00,17.00,9.00,0.00,17.00,N/A
341,1.89,AgentPrefab,Agent,MoveState,Moving,AllyPrefab,9.00,0.00,17.00,2.67,0.00,2.67,2.67,0.00,2.67,DStar
341,1.89,AgentPrefab,Agent,MoveState,Moving,Goal,20.00,0.00,20.00,2.67,0.00,2.67,2.67,0.00,2.67,DStar
342,1.89,AllyPrefab,Ally,AllyIdleState,Idling,AgentPrefab,2.67,0.00,2.67,9.00,0.00,17.00,9.00,0.00,17.00,N/A
342,1.89,AgentPrefab,Agent,MoveState,Moving,AllyPrefab,9.00,0.00,17.00,2.67,0.00,2.67,2.67,0.00,2.67,DStar
342,1.89,AgentPrefab,Agent,MoveState,Moving,Goal,20.00,0.00,20.00,2.67,0.00,2.67,2.68,0.00,2.68,DStar
343,1.90,AllyPrefab,Ally,AllyIdleState,Idling,AgentPrefab,2.68,0.00,2.68,9.00,0.00,17.00,9.00,0.00,17.00,N/A
343,1.90,AgentPrefab,Agent,MoveState,Moving,AllyPrefab,9.00,0.00,17.00,2.68,0.00,2.68,2.68,0.00,2.68,DStar
343,1.90,AgentPrefab,Agent,MoveState,Moving,Goal,20.00,0.00,20.00,2.68,0.00,2.68,2.69,0.00,2.69,DStar
344,1.91,AllyPrefab,Ally,AllyIdleState,Idling,AgentPrefab,2.69,0.00,2.69,9.00,0.00,17.00,9.00,0.00,17.00,N/A
344,1.91,AgentPrefab,Agent,MoveState,Moving,AllyPrefab,9.00,0.00,17.00,2.69,0.00,2.69,2.69,0.00,2.69,DStar
344,1.91,AgentPrefab,Agent,MoveState,Moving,Goal,20.00,0.00,20.00,2.69,0.00,2.69,2.69,0.00,2.69,DStar
345,1.91,AllyPrefab,Ally,AllyIdleState,Idling,AgentPrefab,2.69,0.00,2.69,9.00,0.00,17.00,9.00,0.00,17.00,N/A
345,1.91,AgentPrefab,Agent,MoveState,Moving,AllyPrefab,9.00,0.00,17.00,2.69,0.00,2.69,2.69,0.00,2.69,DStar
345,1.91,AgentPrefab,Agent,MoveState,Moving,Goal,20.00,0.00,20.00,2.69,0.00,2.69,2.70,0.00,2.70,DStar
346,1.92,AllyPrefab,Ally,AllyIdleState,Idling,AgentPrefab,2.70,0.00,2.70,9.00,0.00,17.00,9.00,0.00,17.00,N/A
346,1.92,AgentPrefab,Agent,MoveState,Moving,AllyPrefab,9.00,0.00,17.00,2.70,0.00,2.70,2.70,0.00,2.70,DStar
346,1.92,AgentPrefab,Agent,MoveState,Moving,Goal,20.00,0.00,20.00,2.70,0.00,2.70,2.71,0.00,2.71,DStar
347,1.92,AllyPrefab,Ally,AllyIdleState,Idling,AgentPrefab,2.71,0.00,2.71,9.00,0.00,17.00,9.00,0.00,17.00,N/A
347,1.92,AgentPrefab,Agent,MoveState,Moving,AllyPrefab,9.00,0.00,17.00,2.71,0.00,2.71,2.71,0.00,2.71,DStar
347,1.92,AgentPrefab,Agent,MoveState,Moving,Goal,20.00,0.00,20.00,2.71,0.00,2.71,2.72,0.00,2.72,DStar
348,1.93,AllyPrefab,Ally,AllyIdleState,Idling,AgentPrefab,2.72,0.00,2.72,9.00,0.00,17.00,9.00,0.00,17.00,N/A
348,1.93,AgentPrefab,Agent,MoveState,Moving,AllyPrefab,9.00,0.00,17.00,2.72,0.00,2.72,2.72,0.00,2.72,DStar
348,1.93,AgentPrefab,Agent,MoveState,Moving,Goal,20.00,0.00,20.00,2.72,0.00,2.72,2.72,0.00,2.72,DStar
349,1.93,AllyPrefab,Ally,AllyIdleState,Idling,AgentPrefab,2.72,0.00,2.72,9.00,0.00,17.00,9.00,0.00,17.00,N/A
349,1.93,AgentPrefab,Agent,MoveState,Moving,AllyPrefab,9.00,0.00,17.00,2.72,0.00,2.72,2.72,0.00,2.72,DStar
349,1.93,AgentPrefab,Agent,MoveState,Moving,Goal,20.00,0.00,20.00,2.72,0.00,2.72,2.73,0.00,2.73,DStar
350,1.94,AllyPrefab,Ally,AllyIdleState,Idling,AgentPrefab,2.73,0.00,2.73,9.00,0.00,17.00,9.00,0.00,17.00,N/A
350,1.94,AgentPrefab,Agent,MoveState,Moving,AllyPrefab,9.00,0.00,17.00,2.73,0.00,2.73,2.73,0.00,2.73,DStar
350,1.94,AgentPrefab,Agent,MoveState,Moving,Goal,20.00,0.00,20.00,2.73,0.00,2.73,2.74,0.00,2.74,DStar
351,1.94,AllyPrefab,Ally,AllyIdleState,Idling,AgentPrefab,2.74,0.00,2.74,9.00,0.00,17.00,9.00,0.00,17.00,N/A
351,1.94,AgentPrefab,Agent,MoveState,Moving,AllyPrefab,9.00,0.00,17.00,2.74,0.00,2.74,2.74,0.00,2.74,DStar
351,1.94,AgentPrefab,Agent,MoveState,Moving,Goal,20.00,0.00,20.00,2.74,0.00,2.74,2.75,0.00,2.75,DStar
352,1.95,AllyPrefab,Ally,AllyIdleState,Idling,AgentPrefab,2.75,0.00,2.75,9.00,0.00,17.00,9.00,0.00,17.00,N/A
352,1.95,AgentPrefab,Agent,MoveState,Moving,AllyPrefab,9.00,0.00,17.00,2.75,0.00,2.75,2.75,0.00,2.75,DStar
352,1.95,AgentPrefab,Agent,MoveState,Moving,Goal,20.00,0.00,20.00,2.75,0.00,2.75,2.75,0.00,2.75,DStar
353,1.95,AllyPrefab,Ally,AllyIdleState,Idling,AgentPrefab,2.75,0.00,2.75,9.00,0.00,17.00,9.00,0.00,17.00,N/A
353,1.95,AgentPrefab,Agent,MoveState,Moving,AllyPrefab,9.00,0.00,17.00,2.75,0.00,2.75,2.75,0.00,2.75,DStar
353,1.95,AgentPrefab,Agent,MoveState,Moving,Goal,20.00,0.00,20.00,2.75,0.00,2.75,2.76,0.00,2.76,DStar
354,1.96,AllyPrefab,Ally,AllyIdleState,Idling,AgentPrefab,2.76,0.00,2.76,9.00,0.00,17.00,9.00,0.00,17.00,N/A
354,1.96,AgentPrefab,Agent,MoveState,Moving,AllyPrefab,9.00,0.00,17.00,2.76,0.00,2.76,2.76,0.00,2.76,DStar
354,1.96,AgentPrefab,Agent,MoveState,Moving,Goal,20.00,0.00,20.00,2.76,0.00,2.76,2.77,0.00,2.77,DStar
355,1.96,AllyPrefab,Ally,AllyIdleState,Idling,AgentPrefab,2.77,0.00,2.77,9.00,0.00,17.00,9.00,0.00,17.00,N/A
355,1.96,AgentPrefab,Agent,MoveState,Moving,AllyPrefab,9.00,0.00,17.00,2.77,0.00,2.77,2.77,0.00,2.77,DStar
355,1.96,AgentPrefab,Agent,MoveState,Moving,Goal,20.00,0.00,20.00,2.77,0.00,2.77,2.78,0.00,2.78,DStar
356,1.97,AllyPrefab,Ally,AllyIdleState,Idling,AgentPrefab,2.78,0.00,2.78,9.00,0.00,17.00,9.00,0.00,17.00,N/A
356,1.97,AgentPrefab,Agent,MoveState,Moving,AllyPrefab,9.00,0.00,17.00,2.78,0.00,2.78,2.78,0.00,2.78,DStar
356,1.97,AgentPrefab,Agent,MoveState,Moving,Goal,20.00,0.00,20.00,2.78,0.00,2.78,2.78,0.00,2.78,DStar
357,1.97,AllyPrefab,Ally,AllyIdleState,Idling,AgentPrefab,2.78,0.00,2.78,9.00,0.00,17.00,9.00,0.00,17.00,N/A
357,1.97,AgentPrefab,Agent,MoveState,Moving,AllyPrefab,9.00,0.00,17.00,2.78,0.00,2.78,2.78,0.00,2.78,DStar
357,1.97,AgentPrefab,Agent,MoveState,Moving,Goal,20.00,0.00,20.00,2.78,0.00,2.78,2.79,0.00,2.79,DStar
358,1.98,AllyPrefab,Ally,AllyIdleState,Idling,AgentPrefab,2.79,0.00,2.79,9.00,0.00,17.00,9.00,0.00,17.00,N/A
358,1.98,AgentPrefab,Agent,MoveState,Moving,AllyPrefab,9.00,0.00,17.00,2.79,0.00,2.79,2.79,0.00,2.79,DStar
358,1.98,AgentPrefab,Agent,MoveState,Moving,Goal,20.00,0.00,20.00,2.79,0.00,2.79,2.80,0.00,2.80,DStar
359,1.98,AllyPrefab,Ally,AllyIdleState,Idling,AgentPrefab,2.80,0.00,2.80,9.00,0.00,17.00,9.00,0.00,17.00,N/A
359,1.98,AgentPrefab,Agent,MoveState,Moving,AllyPrefab,9.00,0.00,17.00,2.80,0.00,2.80,2.80,0.00,2.80,DStar
359,1.98,AgentPrefab,Agent,MoveState,Moving,Goal,20.00,0.00,20.00,2.80,0.00,2.80,2.80,0.00,2.80,DStar
360,2.32,AllyPrefab,Ally,AllyIdleState,Idling,AgentPrefab,2.80,0.00,2.80,9.00,0.00,17.00,9.00,0.00,17.00,N/A
360,2.32,AgentPrefab,Agent,MoveState,Moving,AllyPrefab,9.00,0.00,17.00,2.80,0.00,2.80,2.80,0.00,2.80,DStar
360,2.32,AgentPrefab,Agent,MoveState,Moving,Goal,20.00,0.00,20.00,2.80,0.00,2.80,2.80,0.00,2.80,DStar
361,2.32,AllyPrefab,Ally,AllyIdleState,Idling,AgentPrefab,2.80,0.00,2.80,9.00,0.00,17.00,9.00,0.00,17.00,N/A
361,2.32,AgentPrefab,Agent,MoveState,Moving,AllyPrefab,9.00,0.00,17.00,2.80,0.00,2.80,2.80,0.00,2.80,DStar
361,2.32,AgentPrefab,Agent,MoveState,Moving,Goal,20.00,0.00,20.00,2.80,0.00,2.80,2.81,0.00,2.82,DStar
362,2.33,AllyPrefab,Ally,AllyIdleState,Idling,AgentPrefab,2.81,0.00,2.82,9.00,0.00,17.00,9.00,0.00,17.00,N/A
362,2.33,AgentPrefab,Agent,MoveState,Moving,AllyPrefab,9.00,0.00,17.00,2.81,0.00,2.82,2.81,0.00,2.82,DStar
362,2.33,AgentPrefab,Agent,MoveState,Moving,Goal,20.00,0.00,20.00,2.81,0.00,2.82,2.82,0.00,2.82,DStar
363,2.33,AllyPrefab,Ally,AllyIdleState,Idling,AgentPrefab,2.82,0.00,2.82,9.00,0.00,17.00,9.00,0.00,17.00,N/A
363,2.33,AgentPrefab,Agent,MoveState,Moving,AllyPrefab,9.00,0.00,17.00,2.82,0.00,2.82,2.82,0.00,2.82,DStar
363,2.33,AgentPrefab,Agent,MoveState,Moving,Goal,20.00,0.00,20.00,2.82,0.00,2.82,2.83,0.00,2.83,DStar
364,2.34,AllyPrefab,Ally,AllyIdleState,Idling,AgentPrefab,2.83,0.00,2.83,9.00,0.00,17.00,9.00,0.00,17.00,N/A
364,2.34,AgentPrefab,Agent,MoveState,Moving,AllyPrefab,9.00,0.00,17.00,2.83,0.00,2.83,2.83,0.00,2.83,DStar
364,2.34,AgentPrefab,Agent,MoveState,Moving,Goal,20.00,0.00,20.00,2.83,0.00,2.83,2.83,0.00,2.84,DStar
365,2.34,AllyPrefab,Ally,AllyIdleState,Idling,AgentPrefab,2.83,0.00,2.84,9.00,0.00,17.00,9.00,0.00,17.00,N/A
365,2.34,AgentPrefab,Agent,MoveState,Moving,AllyPrefab,9.00,0.00,17.00,2.83,0.00,2.84,2.83,0.00,2.84,DStar
365,2.34,AgentPrefab,Agent,MoveState,Moving,Goal,20.00,0.00,20.00,2.83,0.00,2.84,2.84,0.00,2.85,DStar
366,2.35,AllyPrefab,Ally,AllyIdleState,Idling,AgentPrefab,2.84,0.00,2.85,9.00,0.00,17.00,9.00,0.00,17.00,N/A
366,2.35,AgentPrefab,Agent,MoveState,Moving,AllyPrefab,9.00,0.00,17.00,2.84,0.00,2.85,2.84,0.00,2.85,DStar
366,2.35,AgentPrefab,Agent,MoveState,Moving,Goal,20.00,0.00,20.00,2.84,0.00,2.85,2.85,0.00,2.85,DStar
367,2.35,AllyPrefab,Ally,AllyIdleState,Idling,AgentPrefab,2.85,0.00,2.85,9.00,0.00,17.00,9.00,0.00,17.00,N/A
367,2.35,AgentPrefab,Agent,MoveState,Moving,AllyPrefab,9.00,0.00,17.00,2.85,0.00,2.85,2.85,0.00,2.85,DStar
367,2.35,AgentPrefab,Agent,MoveState,Moving,Goal,20.00,0.00,20.00,2.85,0.00,2.85,2.85,0.00,2.86,DStar
368,2.36,AllyPrefab,Ally,AllyIdleState,Idling,AgentPrefab,2.85,0.00,2.86,9.00,0.00,17.00,9.00,0.00,17.00,N/A
368,2.36,AgentPrefab,Agent,MoveState,Moving,AllyPrefab,9.00,0.00,17.00,2.85,0.00,2.86,2.85,0.00,2.86,DStar
368,2.36,AgentPrefab,Agent,MoveState,Moving,Goal,20.00,0.00,20.00,2.85,0.00,2.86,2.86,0.00,2.87,DStar
369,2.36,AllyPrefab,Ally,AllyIdleState,Idling,AgentPrefab,2.86,0.00,2.87,9.00,0.00,17.00,9.00,0.00,17.00,N/A
369,2.36,AgentPrefab,Agent,MoveState,Moving,AllyPrefab,9.00,0.00,17.00,2.86,0.00,2.87,2.86,0.00,2.87,DStar
369,2.36,AgentPrefab,Agent,MoveState,Moving,Goal,20.00,0.00,20.00,2.86,0.00,2.87,2.87,0.00,2.88,DStar
370,2.37,AllyPrefab,Ally,AllyIdleState,Idling,AgentPrefab,2.87,0.00,2.88,9.00,0.00,17.00,9.00,0.00,17.00,N/A
370,2.37,AgentPrefab,Agent,MoveState,Moving,AllyPrefab,9.00,0.00,17.00,2.87,0.00,2.88,2.87,0.00,2.88,DStar
370,2.37,AgentPrefab,Agent,MoveState,Moving,Goal,20.00,0.00,20.00,2.87,0.00,2.88,2.87,0.00,2.88,DStar
371,2.37,AllyPrefab,Ally,AllyIdleState,Idling,AgentPrefab,2.87,0.00,2.88,9.00,0.00,17.00,9.00,0.00,17.00,N/A
371,2.37,AgentPrefab,Agent,MoveState,Moving,AllyPrefab,9.00,0.00,17.00,2.87,0.00,2.88,2.87,0.00,2.88,DStar
371,2.37,AgentPrefab,Agent,MoveState,Moving,Goal,20.00,0.00,20.00,2.87,0.00,2.88,2.88,0.00,2.89,DStar
372,2.38,AllyPrefab,Ally,AllyIdleState,Idling,AgentPrefab,2.88,0.00,2.89,9.00,0.00,17.00,9.00,0.00,17.00,N/A
372,2.38,AgentPrefab,Agent,MoveState,Moving,AllyPrefab,9.00,0.00,17.00,2.88,0.00,2.89,2.88,0.00,2.89,DStar
372,2.38,AgentPrefab,Agent,MoveState,Moving,Goal,20.00,0.00,20.00,2.88,0.00,2.89,2.89,0.00,2.90,DStar
373,2.38,AllyPrefab,Ally,AllyIdleState,Idling,AgentPrefab,2.89,0.00,2.90,9.00,0.00,17.00,9.00,0.00,17.00,N/A
373,2.38,AgentPrefab,Agent,MoveState,Moving,AllyPrefab,9.00,0.00,17.00,2.89,0.00,2.90,2.89,0.00,2.90,DStar
373,2.38,AgentPrefab,Agent,MoveState,Moving,Goal,20.00,0.00,20.00,2.89,0.00,2.90,2.89,0.00,2.91,DStar
374,2.39,AllyPrefab,Ally,AllyIdleState,Idling,AgentPrefab,2.89,0.00,2.91,9.00,0.00,17.00,9.00,0.00,17.00,N/A
374,2.39,AgentPrefab,Agent,MoveState,Moving,AllyPrefab,9.00,0.00,17.00,2.89,0.00,2.91,2.89,0.00,2.91,DStar
374,2.39,AgentPrefab,Agent,MoveState,Moving,Goal,20.00,0.00,20.00,2.89,0.00,2.91,2.90,0.00,2.92,DStar
375,2.39,AllyPrefab,Ally,AllyIdleState,Idling,AgentPrefab,2.90,0.00,2.92,9.00,0.00,17.00,9.00,0.00,17.00,N/A
375,2.39,AgentPrefab,Agent,MoveState,Moving,AllyPrefab,9.00,0.00,17.00,2.90,0.00,2.92,2.90,0.00,2.92,DStar
375,2.39,AgentPrefab,Agent,MoveState,Moving,Goal,20.00,0.00,20.00,2.90,0.00,2.92,2.90,0.00,2.92,DStar
376,2.40,AllyPrefab,Ally,AllyIdleState,Idling,AgentPrefab,2.90,0.00,2.92,9.00,0.00,17.00,9.00,0.00,17.00,N/A
376,2.40,AgentPrefab,Agent,MoveState,Moving,AllyPrefab,9.00,0.00,17.00,2.90,0.00,2.92,2.90,0.00,2.92,DStar
376,2.40,AgentPrefab,Agent,MoveState,Moving,Goal,20.00,0.00,20.00,2.90,0.00,2.92,2.91,0.00,2.93,DStar
377,2.40,AllyPrefab,Ally,AllyIdleState,Idling,AgentPrefab,2.91,0.00,2.93,9.00,0.00,17.00,9.00,0.00,17.00,N/A
377,2.40,AgentPrefab,Agent,MoveState,Moving,AllyPrefab,9.00,0.00,17.00,2.91,0.00,2.93,2.91,0.00,2.93,DStar
377,2.40,AgentPrefab,Agent,MoveState,Moving,Goal,20.00,0.00,20.00,2.91,0.00,2.93,2.92,0.00,2.94,DStar
378,2.41,AllyPrefab,Ally,AllyIdleState,Idling,AgentPrefab,2.92,0.00,2.94,9.00,0.00,17.00,9.00,0.00,17.00,N/A
378,2.41,AgentPrefab,Agent,MoveState,Moving,AllyPrefab,9.00,0.00,17.00,2.92,0.00,2.94,2.92,0.00,2.94,DStar
378,2.41,AgentPrefab,Agent,MoveState,Moving,Goal,20.00,0.00,20.00,2.92,0.00,2.94,2.92,0.00,2.95,DStar
379,2.41,AllyPrefab,Ally,AllyIdleState,Idling,AgentPrefab,2.92,0.00,2.95,9.00,0.00,17.00,9.00,0.00,17.00,N/A
379,2.41,AgentPrefab,Agent,MoveState,Moving,AllyPrefab,9.00,0.00,17.00,2.92,0.00,2.95,2.92,0.00,2.95,DStar
379,2.41,AgentPrefab,Agent,MoveState,Moving,Goal,20.00,0.00,20.00,2.92,0.00,2.95,2.93,0.00,2.95,DStar
380,2.42,AllyPrefab,Ally,AllyIdleState,Idling,AgentPrefab,2.93,0.00,2.95,9.00,0.00,17.00,9.00,0.00,17.00,N/A
380,2.42,AgentPrefab,Agent,MoveState,Moving,AllyPrefab,9.00,0.00,17.00,2.93,0.00,2.95,2.93,0.00,2.95,DStar
380,2.42,AgentPrefab,Agent,MoveState,Moving,Goal,20.00,0.00,20.00,2.93,0.00,2.95,2.94,0.00,2.96,DStar
381,2.42,AllyPrefab,Ally,AllyIdleState,Idling,AgentPrefab,2.94,0.00,2.96,9.00,0.00,17.00,9.00,0.00,17.00,N/A
381,2.42,AgentPrefab,Agent,MoveState,Moving,AllyPrefab,9.00,0.00,17.00,2.94,0.00,2.96,2.94,0.00,2.96,DStar
381,2.42,AgentPrefab,Agent,MoveState,Moving,Goal,20.00,0.00,20.00,2.94,0.00,2.96,2.94,0.00,2.97,DStar
382,2.43,AllyPrefab,Ally,AllyIdleState,Idling,AgentPrefab,2.94,0.00,2.97,9.00,0.00,17.00,9.00,0.00,17.00,N/A
382,2.43,AgentPrefab,Agent,MoveState,Moving,AllyPrefab,9.00,0.00,17.00,2.94,0.00,2.97,2.94,0.00,2.97,DStar
382,2.43,AgentPrefab,Agent,MoveState,Moving,Goal,20.00,0.00,20.00,2.94,0.00,2.97,2.95,0.00,2.98,DStar
383,2.43,AllyPrefab,Ally,AllyIdleState,Idling,AgentPrefab,2.95,0.00,2.98,9.00,0.00,17.00,9.00,0.00,17.00,N/A
383,2.43,AgentPrefab,Agent,MoveState,Moving,AllyPrefab,9.00,0.00,17.00,2.95,0.00,2.98,2.95,0.00,2.98,DStar
383,2.43,AgentPrefab,Agent,MoveState,Moving,Goal,20.00,0.00,20.00,2.95,0.00,2.98,2.96,0.00,2.99,DStar
384,2.44,AllyPrefab,Ally,AllyIdleState,Idling,AgentPrefab,2.96,0.00,2.99,9.00,0.00,17.00,9.00,0.00,17.00,N/A
384,2.44,AgentPrefab,Agent,MoveState,Moving,AllyPrefab,9.00,0.00,17.00,2.96,0.00,2.99,2.96,0.00,2.99,DStar
384,2.44,AgentPrefab,Agent,MoveState,Moving,Goal,20.00,0.00,20.00,2.96,0.00,2.99,2.96,0.00,2.99,DStar
385,2.44,AllyPrefab,Ally,AllyIdleState,Idling,AgentPrefab,2.96,0.00,2.99,9.00,0.00,17.00,9.00,0.00,17.00,N/A
385,2.44,AgentPrefab,Agent,MoveState,Moving,AllyPrefab,9.00,0.00,17.00,2.96,0.00,2.99,2.96,0.00,2.99,DStar
385,2.44,AgentPrefab,Agent,MoveState,Moving,Goal,20.00,0.00,20.00,2.96,0.00,2.99,2.97,0.00,3.00,DStar
386,2.45,AllyPrefab,Ally,AllyIdleState,Idling,AgentPrefab,2.97,0.00,3.00,9.00,0.00,17.00,9.00,0.00,17.00,N/A
386,2.45,AgentPrefab,Agent,MoveState,Moving,AllyPrefab,9.00,0.00,17.00,2.97,0.00,3.00,2.97,0.00,3.00,DStar
386,2.45,AgentPrefab,Agent,MoveState,Moving,Goal,20.00,0.00,20.00,2.97,0.00,3.00,2.97,0.00,3.01,DStar
387,2.45,AllyPrefab,Ally,AllyIdleState,Idling,AgentPrefab,2.97,0.00,3.01,9.00,0.00,17.00,9.00,0.00,17.00,N/A
387,2.45,AgentPrefab,Agent,MoveState,Moving,AllyPrefab,9.00,0.00,17.00,2.97,0.00,3.01,2.97,0.00,3.01,DStar
387,2.45,AgentPrefab,Agent,MoveState,Moving,Goal,20.00,0.00,20.00,2.97,0.00,3.01,2.98,0.00,3.02,DStar
388,2.46,AllyPrefab,Ally,AllyIdleState,Idling,AgentPrefab,2.98,0.00,3.02,9.00,0.00,17.00,9.00,0.00,17.00,N/A
388,2.46,AgentPrefab,Agent,MoveState,Moving,AllyPrefab,9.00,0.00,17.00,2.98,0.00,3.02,2.98,0.00,3.02,DStar
388,2.46,AgentPrefab,Agent,MoveState,Moving,Goal,20.00,0.00,20.00,2.98,0.00,3.02,2.99,0.00,3.02,DStar
389,2.46,AllyPrefab,Ally,AllyIdleState,Idling,AgentPrefab,2.99,0.00,3.02,9.00,0.00,17.00,9.00,0.00,17.00,N/A
389,2.46,AgentPrefab,Agent,MoveState,Moving,AllyPrefab,9.00,0.00,17.00,2.99,0.00,3.02,2.99,0.00,3.02,DStar
389,2.46,AgentPrefab,Agent,MoveState,Moving,Goal,20.00,0.00,20.00,2.99,0.00,3.02,3.00,0.00,3.03,DStar
390,2.47,AllyPrefab,Ally,AllyIdleState,Idling,AgentPrefab,3.00,0.00,3.03,9.00,0.00,17.00,9.00,0.00,17.00,N/A
390,2.47,AgentPrefab,Agent,MoveState,Moving,AllyPrefab,9.00,0.00,17.00,3.00,0.00,3.03,3.00,0.00,3.03,DStar
390,2.47,AgentPrefab,Agent,MoveState,Moving,Goal,20.00,0.00,20.00,3.00,0.00,3.03,3.00,0.00,3.04,DStar
391,2.47,AllyPrefab,Ally,AllyIdleState,Idling,AgentPrefab,3.00,0.00,3.04,9.00,0.00,17.00,9.00,0.00,17.00,N/A
391,2.47,AgentPrefab,Agent,MoveState,Moving,AllyPrefab,9.00,0.00,17.00,3.00,0.00,3.04,3.00,0.00,3.04,DStar
391,2.47,AgentPrefab,Agent,MoveState,Moving,Goal,20.00,0.00,20.00,3.00,0.00,3.04,3.01,0.00,3.05,DStar
392,2.48,AllyPrefab,Ally,AllyIdleState,Idling,AgentPrefab,3.01,0.00,3.05,9.00,0.00,17.00,9.00,0.00,17.00,N/A
392,2.48,AgentPrefab,Agent,MoveState,Moving,AllyPrefab,9.00,0.00,17.00,3.01,0.00,3.05,3.01,0.00,3.05,DStar
392,2.48,AgentPrefab,Agent,MoveState,Moving,Goal,20.00,0.00,20.00,3.01,0.00,3.05,3.01,0.00,3.05,DStar
393,2.48,AllyPrefab,Ally,AllyIdleState,Idling,AgentPrefab,3.01,0.00,3.05,9.00,0.00,17.00,9.00,0.00,17.00,N/A
393,2.48,AgentPrefab,Agent,MoveState,Moving,AllyPrefab,9.00,0.00,17.00,3.01,0.00,3.05,3.01,0.00,3.05,DStar
393,2.48,AgentPrefab,Agent,MoveState,Moving,Goal,20.00,0.00,20.00,3.01,0.00,3.05,3.02,0.00,3.06,DStar
394,2.49,AllyPrefab,Ally,AllyIdleState,Idling,AgentPrefab,3.02,0.00,3.06,9.00,0.00,17.00,9.00,0.00,17.00,N/A
394,2.49,AgentPrefab,Agent,MoveState,Moving,AllyPrefab,9.00,0.00,17.00,3.02,0.00,3.06,3.02,0.00,3.06,DStar
394,2.49,AgentPrefab,Agent,MoveState,Moving,Goal,20.00,0.00,20.00,3.02,0.00,3.06,3.03,0.00,3.07,DStar
395,2.50,AllyPrefab,Ally,AllyIdleState,Idling,AgentPrefab,3.03,0.00,3.07,9.00,0.00,17.00,9.00,0.00,17.00,N/A
395,2.50,AgentPrefab,Agent,MoveState,Moving,AllyPrefab,9.00,0.00,17.00,3.03,0.00,3.07,3.03,0.00,3.07,DStar
395,2.50,AgentPrefab,Agent,MoveState,Moving,Goal,20.00,0.00,20.00,3.03,0.00,3.07,3.03,0.00,3.08,DStar
396,2.50,AllyPrefab,Ally,AllyIdleState,Idling,AgentPrefab,3.03,0.00,3.08,9.00,0.00,17.00,9.00,0.00,17.00,N/A
396,2.50,AgentPrefab,Agent,MoveState,Moving,AllyPrefab,9.00,0.00,17.00,3.03,0.00,3.08,3.03,0.00,3.08,DStar
396,2.50,AgentPrefab,Agent,MoveState,Moving,Goal,20.00,0.00,20.00,3.03,0.00,3.08,3.04,0.00,3.09,DStar
397,2.51,AllyPrefab,Ally,AllyIdleState,Idling,AgentPrefab,3.04,0.00,3.09,9.00,0.00,17.00,9.00,0.00,17.00,N/A
397,2.51,AgentPrefab,Agent,MoveState,Moving,AllyPrefab,9.00,0.00,17.00,3.04,0.00,3.09,3.04,0.00,3.09,DStar
397,2.51,AgentPrefab,Agent,MoveState,Moving,Goal,20.00,0.00,20.00,3.04,0.00,3.09,3.05,0.00,3.09,DStar
398,2.51,AllyPrefab,Ally,AllyIdleState,Idling,AgentPrefab,3.05,0.00,3.09,9.00,0.00,17.00,9.00,0.00,17.00,N/A
398,2.51,AgentPrefab,Agent,MoveState,Moving,AllyPrefab,9.00,0.00,17.00,3.05,0.00,3.09,3.05,0.00,3.09,DStar
398,2.51,AgentPrefab,Agent,MoveState,Moving,Goal,20.00,0.00,20.00,3.05,0.00,3.09,3.05,0.00,3.10,DStar
399,2.51,AllyPrefab,Ally,AllyIdleState,Idling,AgentPrefab,3.05,0.00,3.10,9.00,0.00,17.00,9.00,0.00,17.00,N/A
399,2.51,AgentPrefab,Agent,MoveState,Moving,AllyPrefab,9.00,0.00,17.00,3.05,0.00,3.10,3.05,0.00,3.10,DStar
399,2.51,AgentPrefab,Agent,MoveState,Moving,Goal,20.00,0.00,20.00,3.05,0.00,3.10,3.06,0.00,3.11,DStar
400,2.52,AllyPrefab,Ally,AllyIdleState,Idling,AgentPrefab,3.06,0.00,3.11,9.00,0.00,17.00,9.00,0.00,17.00,N/A
400,2.52,AgentPrefab,Agent,MoveState,Moving,AllyPrefab,9.00,0.00,17.00,3.06,0.00,3.11,3.06,0.00,3.11,DStar
400,2.52,AgentPrefab,Agent,MoveState,Moving,Goal,20.00,0.00,20.00,3.06,0.00,3.11,3.07,0.00,3.12,DStar
401,2.52,AllyPrefab,Ally,AllyIdleState,Idling,AgentPrefab,3.07,0.00,3.12,9.00,0.00,17.00,9.00,0.00,17.00,N/A
401,2.52,AgentPrefab,Agent,MoveState,Moving,AllyPrefab,9.00,0.00,17.00,3.07,0.00,3.12,3.07,0.00,3.12,DStar
401,2.52,AgentPrefab,Agent,MoveState,Moving,Goal,20.00,0.00,20.00,3.07,0.00,3.12,3.07,0.00,3.12,DStar
402,2.53,AllyPrefab,Ally,AllyIdleState,Idling,AgentPrefab,3.07,0.00,3.12,9.00,0.00,17.00,9.00,0.00,17.00,N/A
402,2.53,AgentPrefab,Agent,MoveState,Moving,AllyPrefab,9.00,0.00,17.00,3.07,0.00,3.12,3.07,0.00,3.12,DStar
402,2.53,AgentPrefab,Agent,MoveState,Moving,Goal,20.00,0.00,20.00,3.07,0.00,3.12,3.08,0.00,3.13,DStar
403,2.53,AllyPrefab,Ally,AllyIdleState,Idling,AgentPrefab,3.08,0.00,3.13,9.00,0.00,17.00,9.00,0.00,17.00,N/A
403,2.53,AgentPrefab,Agent,MoveState,Moving,AllyPrefab,9.00,0.00,17.00,3.08,0.00,3.13,3.08,0.00,3.13,DStar
403,2.53,AgentPrefab,Agent,MoveState,Moving,Goal,20.00,0.00,20.00,3.08,0.00,3.13,3.08,0.00,3.14,DStar
404,2.54,AllyPrefab,Ally,AllyIdleState,Idling,AgentPrefab,3.08,0.00,3.14,9.00,0.00,17.00,9.00,0.00,17.00,N/A
404,2.54,AgentPrefab,Agent,MoveState,Moving,AllyPrefab,9.00,0.00,17.00,3.08,0.00,3.14,3.08,0.00,3.14,DStar
404,2.54,AgentPrefab,Agent,MoveState,Moving,Goal,20.00,0.00,20.00,3.08,0.00,3.14,3.09,0.00,3.15,DStar
405,2.55,AllyPrefab,Ally,AllyIdleState,Idling,AgentPrefab,3.09,0.00,3.15,9.00,0.00,17.00,9.00,0.00,17.00,N/A
405,2.55,AgentPrefab,Agent,MoveState,Moving,AllyPrefab,9.00,0.00,17.00,3.09,0.00,3.15,3.09,0.00,3.15,DStar
405,2.55,AgentPrefab,Agent,MoveState,Moving,Goal,20.00,0.00,20.00,3.09,0.00,3.15,3.10,0.00,3.15,DStar
406,2.55,AllyPrefab,Ally,AllyIdleState,Idling,AgentPrefab,3.10,0.00,3.15,9.00,0.00,17.00,9.00,0.00,17.00,N/A
406,2.55,AgentPrefab,Agent,MoveState,Moving,AllyPrefab,9.00,0.00,17.00,3.10,0.00,3.15,3.10,0.00,3.15,DStar
406,2.55,AgentPrefab,Agent,MoveState,Moving,Goal,20.00,0.00,20.00,3.10,0.00,3.15,3.10,0.00,3.16,DStar
407,2.56,AllyPrefab,Ally,AllyIdleState,Idling,AgentPrefab,3.10,0.00,3.16,9.00,0.00,17.00,9.00,0.00,17.00,N/A
407,2.56,AgentPrefab,Agent,MoveState,Moving,AllyPrefab,9.00,0.00,17.00,3.10,0.00,3.16,3.10,0.00,3.16,DStar
407,2.56,AgentPrefab,Agent,MoveState,Moving,Goal,20.00,0.00,20.00,3.10,0.00,3.16,3.11,0.00,3.17,DStar
408,2.56,AllyPrefab,Ally,AllyIdleState,Idling,AgentPrefab,3.11,0.00,3.17,9.00,0.00,17.00,9.00,0.00,17.00,N/A
408,2.56,AgentPrefab,Agent,MoveState,Moving,AllyPrefab,9.00,0.00,17.00,3.11,0.00,3.17,3.11,0.00,3.17,DStar
408,2.56,AgentPrefab,Agent,MoveState,Moving,Goal,20.00,0.00,20.00,3.11,0.00,3.17,3.12,0.00,3.18,DStar
409,2.57,AllyPrefab,Ally,AllyIdleState,Idling,AgentPrefab,3.12,0.00,3.18,9.00,0.00,17.00,9.00,0.00,17.00,N/A
409,2.57,AgentPrefab,Agent,MoveState,Moving,AllyPrefab,9.00,0.00,17.00,3.12,0.00,3.18,3.12,0.00,3.18,DStar
409,2.57,AgentPrefab,Agent,MoveState,Moving,Goal,20.00,0.00,20.00,3.12,0.00,3.18,3.13,0.00,3.19,DStar
410,2.57,AllyPrefab,Ally,AllyIdleState,Idling,AgentPrefab,3.13,0.00,3.19,9.00,0.00,17.00,9.00,0.00,17.00,N/A
410,2.57,AgentPrefab,Agent,MoveState,Moving,AllyPrefab,9.00,0.00,17.00,3.13,0.00,3.19,3.13,0.00,3.19,DStar
410,2.57,AgentPrefab,Agent,MoveState,Moving,Goal,20.00,0.00,20.00,3.13,0.00,3.19,3.13,0.00,3.20,DStar
411,2.58,AllyPrefab,Ally,AllyIdleState,Idling,AgentPrefab,3.13,0.00,3.20,9.00,0.00,17.00,9.00,0.00,17.00,N/A
411,2.58,AgentPrefab,Agent,MoveState,Moving,AllyPrefab,9.00,0.00,17.00,3.13,0.00,3.20,3.13,0.00,3.20,DStar
411,2.58,AgentPrefab,Agent,MoveState,Moving,Goal,20.00,0.00,20.00,3.13,0.00,3.20,3.14,0.00,3.20,DStar
412,2.58,AllyPrefab,Ally,AllyIdleState,Idling,AgentPrefab,3.14,0.00,3.20,9.00,0.00,17.00,9.00,0.00,17.00,N/A
412,2.58,AgentPrefab,Agent,MoveState,Moving,AllyPrefab,9.00,0.00,17.00,3.14,0.00,3.20,3.14,0.00,3.20,DStar
412,2.58,AgentPrefab,Agent,MoveState,Moving,Goal,20.00,0.00,20.00,3.14,0.00,3.20,3.15,0.00,3.21,DStar
413,2.59,AllyPrefab,Ally,AllyIdleState,Idling,AgentPrefab,3.15,0.00,3.21,9.00,0.00,17.00,9.00,0.00,17.00,N/A
413,2.59,AgentPrefab,Agent,MoveState,Moving,AllyPrefab,9.00,0.00,17.00,3.15,0.00,3.21,3.15,0.00,3.21,DStar
413,2.59,AgentPrefab,Agent,MoveState,Moving,Goal,20.00,0.00,20.00,3.15,0.00,3.21,3.15,0.00,3.22,DStar
414,2.59,AllyPrefab,Ally,AllyIdleState,Idling,AgentPrefab,3.15,0.00,3.22,9.00,0.00,17.00,9.00,0.00,17.00,N/A
414,2.59,AgentPrefab,Agent,MoveState,Moving,AllyPrefab,9.00,0.00,17.00,3.15,0.00,3.22,3.15,0.00,3.22,DStar
414,2.59,AgentPrefab,Agent,MoveState,Moving,Goal,20.00,0.00,20.00,3.15,0.00,3.22,3.16,0.00,3.23,DStar
415,2.60,AllyPrefab,Ally,AllyIdleState,Idling,AgentPrefab,3.16,0.00,3.23,9.00,0.00,17.00,9.00,0.00,17.00,N/A
415,2.60,AgentPrefab,Agent,MoveState,Moving,AllyPrefab,9.00,0.00,17.00,3.16,0.00,3.23,3.16,0.00,3.23,DStar
415,2.60,AgentPrefab,Agent,MoveState,Moving,Goal,20.00,0.00,20.00,3.16,0.00,3.23,3.17,0.00,3.23,DStar
416,2.60,AllyPrefab,Ally,AllyIdleState,Idling,AgentPrefab,3.17,0.00,3.23,9.00,0.00,17.00,9.00,0.00,17.00,N/A
416,2.60,AgentPrefab,Agent,MoveState,Moving,AllyPrefab,9.00,0.00,17.00,3.17,0.00,3.23,3.17,0.00,3.23,DStar
416,2.60,AgentPrefab,Agent,MoveState,Moving,Goal,20.00,0.00,20.00,3.17,0.00,3.23,3.17,0.00,3.24,DStar
417,2.61,AllyPrefab,Ally,AllyIdleState,Idling,AgentPrefab,3.17,0.00,3.24,9.00,0.00,17.00,9.00,0.00,17.00,N/A
417,2.61,AgentPrefab,Agent,MoveState,Moving,AllyPrefab,9.00,0.00,17.00,3.17,0.00,3.24,3.17,0.00,3.24,DStar
417,2.61,AgentPrefab,Agent,MoveState,Moving,Goal,20.00,0.00,20.00,3.17,0.00,3.24,3.18,0.00,3.25,DStar
418,2.61,AllyPrefab,Ally,AllyIdleState,Idling,AgentPrefab,3.18,0.00,3.25,9.00,0.00,17.00,9.00,0.00,17.00,N/A
418,2.61,AgentPrefab,Agent,MoveState,Moving,AllyPrefab,9.00,0.00,17.00,3.18,0.00,3.25,3.18,0.00,3.25,DStar
418,2.61,AgentPrefab,Agent,MoveState,Moving,Goal,20.00,0.00,20.00,3.18,0.00,3.25,3.19,0.00,3.26,DStar
419,2.62,AllyPrefab,Ally,AllyIdleState,Idling,AgentPrefab,3.19,0.00,3.26,9.00,0.00,17.00,9.00,0.00,17.00,N/A
419,2.62,AgentPrefab,Agent,MoveState,Moving,AllyPrefab,9.00,0.00,17.00,3.19,0.00,3.26,3.19,0.00,3.26,DStar
419,2.62,AgentPrefab,Agent,MoveState,Moving,Goal,20.00,0.00,20.00,3.19,0.00,3.26,3.19,0.00,3.27,DStar
420,2.62,AllyPrefab,Ally,AllyIdleState,Idling,AgentPrefab,3.19,0.00,3.27,9.00,0.00,17.00,9.00,0.00,17.00,N/A
420,2.62,AgentPrefab,Agent,MoveState,Moving,AllyPrefab,9.00,0.00,17.00,3.19,0.00,3.27,3.19,0.00,3.27,DStar
420,2.62,AgentPrefab,Agent,MoveState,Moving,Goal,20.00,0.00,20.00,3.19,0.00,3.27,3.20,0.00,3.28,DStar
421,2.63,AllyPrefab,Ally,AllyIdleState,Idling,AgentPrefab,3.20,0.00,3.28,9.00,0.00,17.00,9.00,0.00,17.00,N/A
421,2.63,AgentPrefab,Agent,MoveState,Moving,AllyPrefab,9.00,0.00,17.00,3.20,0.00,3.28,3.20,0.00,3.28,DStar
421,2.63,AgentPrefab,Agent,MoveState,Moving,Goal,20.00,0.00,20.00,3.20,0.00,3.28,3.21,0.00,3.28,DStar
422,2.63,AllyPrefab,Ally,AllyIdleState,Idling,AgentPrefab,3.21,0.00,3.28,9.00,0.00,17.00,9.00,0.00,17.00,N/A
422,2.63,AgentPrefab,Agent,MoveState,Moving,AllyPrefab,9.00,0.00,17.00,3.21,0.00,3.28,3.21,0.00,3.28,DStar
422,2.63,AgentPrefab,Agent,MoveState,Moving,Goal,20.00,0.00,20.00,3.21,0.00,3.28,3.21,0.00,3.29,DStar
423,2.64,AllyPrefab,Ally,AllyIdleState,Idling,AgentPrefab,3.21,0.00,3.29,9.00,0.00,17.00,9.00,0.00,17.00,N/A
423,2.64,AgentPrefab,Agent,MoveState,Moving,AllyPrefab,9.00,0.00,17.00,3.21,0.00,3.29,3.21,0.00,3.29,DStar
423,2.64,AgentPrefab,Agent,MoveState,Moving,Goal,20.00,0.00,20.00,3.21,0.00,3.29,3.22,0.00,3.30,DStar
424,2.65,AllyPrefab,Ally,AllyIdleState,Idling,AgentPrefab,3.22,0.00,3.30,9.00,0.00,17.00,9.00,0.00,17.00,N/A
424,2.65,AgentPrefab,Agent,MoveState,Moving,AllyPrefab,9.00,0.00,17.00,3.22,0.00,3.30,3.22,0.00,3.30,DStar
424,2.65,AgentPrefab,Agent,MoveState,Moving,Goal,20.00,0.00,20.00,3.22,0.00,3.30,3.23,0.00,3.31,DStar
425,2.65,AllyPrefab,Ally,AllyIdleState,Idling,AgentPrefab,3.23,0.00,3.31,9.00,0.00,17.00,9.00,0.00,17.00,N/A
425,2.65,AgentPrefab,Agent,MoveState,Moving,AllyPrefab,9.00,0.00,17.00,3.23,0.00,3.31,3.23,0.00,3.31,DStar
425,2.65,AgentPrefab,Agent,MoveState,Moving,Goal,20.00,0.00,20.00,3.23,0.00,3.31,3.23,0.00,3.32,DStar
426,2.66,AllyPrefab,Ally,AllyIdleState,Idling,AgentPrefab,3.23,0.00,3.32,9.00,0.00,17.00,9.00,0.00,17.00,N/A
426,2.66,AgentPrefab,Agent,MoveState,Moving,AllyPrefab,9.00,0.00,17.00,3.23,0.00,3.32,3.23,0.00,3.32,DStar
426,2.66,AgentPrefab,Agent,MoveState,Moving,Goal,20.00,0.00,20.00,3.23,0.00,3.32,3.24,0.00,3.32,DStar
427,2.66,AllyPrefab,Ally,AllyIdleState,Idling,AgentPrefab,3.24,0.00,3.32,9.00,0.00,17.00,9.00,0.00,17.00,N/A
427,2.66,AgentPrefab,Agent,MoveState,Moving,AllyPrefab,9.00,0.00,17.00,3.24,0.00,3.32,3.24,0.00,3.32,DStar
427,2.66,AgentPrefab,Agent,MoveState,Moving,Goal,20.00,0.00,20.00,3.24,0.00,3.32,3.25,0.00,3.33,DStar
428,2.67,AllyPrefab,Ally,AllyIdleState,Idling,AgentPrefab,3.25,0.00,3.33,9.00,0.00,17.00,9.00,0.00,17.00,N/A
428,2.67,AgentPrefab,Agent,MoveState,Moving,AllyPrefab,9.00,0.00,17.00,3.25,0.00,3.33,3.25,0.00,3.33,DStar
428,2.67,AgentPrefab,Agent,MoveState,Moving,Goal,20.00,0.00,20.00,3.25,0.00,3.33,3.25,0.00,3.34,DStar
429,2.67,AllyPrefab,Ally,AllyIdleState,Idling,AgentPrefab,3.25,0.00,3.34,9.00,0.00,17.00,9.00,0.00,17.00,N/A
429,2.67,AgentPrefab,Agent,MoveState,Moving,AllyPrefab,9.00,0.00,17.00,3.25,0.00,3.34,3.25,0.00,3.34,DStar
429,2.67,AgentPrefab,Agent,MoveState,Moving,Goal,20.00,0.00,20.00,3.25,0.00,3.34,3.26,0.00,3.35,DStar
430,2.68,AllyPrefab,Ally,AllyIdleState,Idling,AgentPrefab,3.26,0.00,3.35,9.00,0.00,17.00,9.00,0.00,17.00,N/A
430,2.68,AgentPrefab,Agent,MoveState,Moving,AllyPrefab,9.00,0.00,17.00,3.26,0.00,3.35,3.26,0.00,3.35,DStar
430,2.68,AgentPrefab,Agent,MoveState,Moving,Goal,20.00,0.00,20.00,3.26,0.00,3.35,3.27,0.00,3.36,DStar
431,2.68,AllyPrefab,Ally,AllyIdleState,Idling,AgentPrefab,3.27,0.00,3.36,9.00,0.00,17.00,9.00,0.00,17.00,N/A
431,2.68,AgentPrefab,Agent,MoveState,Moving,AllyPrefab,9.00,0.00,17.00,3.27,0.00,3.36,3.27,0.00,3.36,DStar
431,2.68,AgentPrefab,Agent,MoveState,Moving,Goal,20.00,0.00,20.00,3.27,0.00,3.36,3.27,0.00,3.36,DStar
432,2.69,AllyPrefab,Ally,AllyIdleState,Idling,AgentPrefab,3.27,0.00,3.36,9.00,0.00,17.00,9.00,0.00,17.00,N/A
432,2.69,AgentPrefab,Agent,MoveState,Moving,AllyPrefab,9.00,0.00,17.00,3.27,0.00,3.36,3.27,0.00,3.36,DStar
432,2.69,AgentPrefab,Agent,MoveState,Moving,Goal,20.00,0.00,20.00,3.27,0.00,3.36,3.28,0.00,3.37,DStar
433,2.69,AllyPrefab,Ally,AllyIdleState,Idling,AgentPrefab,3.28,0.00,3.37,9.00,0.00,17.00,9.00,0.00,17.00,N/A
433,2.69,AgentPrefab,Agent,MoveState,Moving,AllyPrefab,9.00,0.00,17.00,3.28,0.00,3.37,3.28,0.00,3.37,DStar
433,2.69,AgentPrefab,Agent,MoveState,Moving,Goal,20.00,0.00,20.00,3.28,0.00,3.37,3.29,0.00,3.38,DStar
434,2.70,AllyPrefab,Ally,AllyIdleState,Idling,AgentPrefab,3.29,0.00,3.38,9.00,0.00,17.00,9.00,0.00,17.00,N/A
434,2.70,AgentPrefab,Agent,MoveState,Moving,AllyPrefab,9.00,0.00,17.00,3.29,0.00,3.38,3.29,0.00,3.38,DStar
434,2.70,AgentPrefab,Agent,MoveState,Moving,Goal,20.00,0.00,20.00,3.29,0.00,3.38,3.29,0.00,3.39,DStar
435,2.70,AllyPrefab,Ally,AllyIdleState,Idling,AgentPrefab,3.29,0.00,3.39,9.00,0.00,17.00,9.00,0.00,17.00,N/A
435,2.70,AgentPrefab,Agent,MoveState,Moving,AllyPrefab,9.00,0.00,17.00,3.29,0.00,3.39,3.29,0.00,3.39,DStar
435,2.70,AgentPrefab,Agent,MoveState,Moving,Goal,20.00,0.00,20.00,3.29,0.00,3.39,3.30,0.00,3.39,DStar
436,2.71,AllyPrefab,Ally,AllyIdleState,Idling,AgentPrefab,3.30,0.00,3.39,9.00,0.00,17.00,9.00,0.00,17.00,N/A
436,2.71,AgentPrefab,Agent,MoveState,Moving,AllyPrefab,9.00,0.00,17.00,3.30,0.00,3.39,3.30,0.00,3.39,DStar
436,2.71,AgentPrefab,Agent,MoveState,Moving,Goal,20.00,0.00,20.00,3.30,0.00,3.39,3.31,0.00,3.40,DStar
437,2.71,AllyPrefab,Ally,AllyIdleState,Idling,AgentPrefab,3.31,0.00,3.40,9.00,0.00,17.00,9.00,0.00,17.00,N/A
437,2.71,AgentPrefab,Agent,MoveState,Moving,AllyPrefab,9.00,0.00,17.00,3.31,0.00,3.40,3.31,0.00,3.40,DStar
437,2.71,AgentPrefab,Agent,MoveState,Moving,Goal,20.00,0.00,20.00,3.31,0.00,3.40,3.31,0.00,3.41,DStar
438,2.72,AllyPrefab,Ally,AllyIdleState,Idling,AgentPrefab,3.31,0.00,3.41,9.00,0.00,17.00,9.00,0.00,17.00,N/A
438,2.72,AgentPrefab,Agent,MoveState,Moving,AllyPrefab,9.00,0.00,17.00,3.31,0.00,3.41,3.31,0.00,3.41,DStar
438,2.72,AgentPrefab,Agent,MoveState,Moving,Goal,20.00,0.00,20.00,3.31,0.00,3.41,3.32,0.00,3.42,DStar
439,2.72,AllyPrefab,Ally,AllyIdleState,Idling,AgentPrefab,3.32,0.00,3.42,9.00,0.00,17.00,9.00,0.00,17.00,N/A
439,2.72,AgentPrefab,Agent,MoveState,Moving,AllyPrefab,9.00,0.00,17.00,3.32,0.00,3.42,3.32,0.00,3.42,DStar
439,2.72,AgentPrefab,Agent,MoveState,Moving,Goal,20.00,0.00,20.00,3.32,0.00,3.42,3.32,0.00,3.42,DStar
440,2.73,AllyPrefab,Ally,AllyIdleState,Idling,AgentPrefab,3.32,0.00,3.42,9.00,0.00,17.00,9.00,0.00,17.00,N/A
440,2.73,AgentPrefab,Agent,MoveState,Moving,AllyPrefab,9.00,0.00,17.00,3.32,0.00,3.42,3.32,0.00,3.42,DStar
440,2.73,AgentPrefab,Agent,MoveState,Moving,Goal,20.00,0.00,20.00,3.32,0.00,3.42,3.33,0.00,3.43,DStar
441,2.73,AllyPrefab,Ally,AllyIdleState,Idling,AgentPrefab,3.33,0.00,3.43,9.00,0.00,17.00,9.00,0.00,17.00,N/A
441,2.73,AgentPrefab,Agent,MoveState,Moving,AllyPrefab,9.00,0.00,17.00,3.33,0.00,3.43,3.33,0.00,3.43,DStar
441,2.73,AgentPrefab,Agent,MoveState,Moving,Goal,20.00,0.00,20.00,3.33,0.00,3.43,3.34,0.00,3.44,DStar
442,2.74,AllyPrefab,Ally,AllyIdleState,Idling,AgentPrefab,3.34,0.00,3.44,9.00,0.00,17.00,9.00,0.00,17.00,N/A
442,2.74,AgentPrefab,Agent,MoveState,Moving,AllyPrefab,9.00,0.00,17.00,3.34,0.00,3.44,3.34,0.00,3.44,DStar
442,2.74,AgentPrefab,Agent,MoveState,Moving,Goal,20.00,0.00,20.00,3.34,0.00,3.44,3.34,0.00,3.45,DStar
443,2.74,AllyPrefab,Ally,AllyIdleState,Idling,AgentPrefab,3.34,0.00,3.45,9.00,0.00,17.00,9.00,0.00,17.00,N/A
443,2.74,AgentPrefab,Agent,MoveState,Moving,AllyPrefab,9.00,0.00,17.00,3.34,0.00,3.45,3.34,0.00,3.45,DStar
443,2.74,AgentPrefab,Agent,MoveState,Moving,Goal,20.00,0.00,20.00,3.34,0.00,3.45,3.35,0.00,3.46,DStar
444,2.75,AllyPrefab,Ally,AllyIdleState,Idling,AgentPrefab,3.35,0.00,3.46,9.00,0.00,17.00,9.00,0.00,17.00,N/A
444,2.75,AgentPrefab,Agent,MoveState,Moving,AllyPrefab,9.00,0.00,17.00,3.35,0.00,3.46,3.35,0.00,3.46,DStar
444,2.75,AgentPrefab,Agent,MoveState,Moving,Goal,20.00,0.00,20.00,3.35,0.00,3.46,3.36,0.00,3.46,DStar
445,2.75,AllyPrefab,Ally,AllyIdleState,Idling,AgentPrefab,3.36,0.00,3.46,9.00,0.00,17.00,9.00,0.00,17.00,N/A
445,2.75,AgentPrefab,Agent,MoveState,Moving,AllyPrefab,9.00,0.00,17.00,3.36,0.00,3.46,3.36,0.00,3.46,DStar
445,2.75,AgentPrefab,Agent,MoveState,Moving,Goal,20.00,0.00,20.00,3.36,0.00,3.46,3.36,0.00,3.47,DStar
446,2.76,AllyPrefab,Ally,AllyIdleState,Idling,AgentPrefab,3.36,0.00,3.47,9.00,0.00,17.00,9.00,0.00,17.00,N/A
446,2.76,AgentPrefab,Agent,MoveState,Moving,AllyPrefab,9.00,0.00,17.00,3.36,0.00,3.47,3.36,0.00,3.47,DStar
446,2.76,AgentPrefab,Agent,MoveState,Moving,Goal,20.00,0.00,20.00,3.36,0.00,3.47,3.37,0.00,3.48,DStar
447,2.76,AllyPrefab,Ally,AllyIdleState,Idling,AgentPrefab,3.37,0.00,3.48,9.00,0.00,17.00,9.00,0.00,17.00,N/A
447,2.76,AgentPrefab,Agent,MoveState,Moving,AllyPrefab,9.00,0.00,17.00,3.37,0.00,3.48,3.37,0.00,3.48,DStar
447,2.76,AgentPrefab,Agent,MoveState,Moving,Goal,20.00,0.00,20.00,3.37,0.00,3.48,3.38,0.00,3.49,DStar
448,2.77,AllyPrefab,Ally,AllyIdleState,Idling,AgentPrefab,3.38,0.00,3.49,9.00,0.00,17.00,9.00,0.00,17.00,N/A
448,2.77,AgentPrefab,Agent,MoveState,Moving,AllyPrefab,9.00,0.00,17.00,3.38,0.00,3.49,3.38,0.00,3.49,DStar
448,2.77,AgentPrefab,Agent,MoveState,Moving,Goal,20.00,0.00,20.00,3.38,0.00,3.49,3.38,0.00,3.50,DStar
449,2.77,AllyPrefab,Ally,AllyIdleState,Idling,AgentPrefab,3.38,0.00,3.50,9.00,0.00,17.00,9.00,0.00,17.00,N/A
449,2.77,AgentPrefab,Agent,MoveState,Moving,AllyPrefab,9.00,0.00,17.00,3.38,0.00,3.50,3.38,0.00,3.50,DStar
449,2.77,AgentPrefab,Agent,MoveState,Moving,Goal,20.00,0.00,20.00,3.38,0.00,3.50,3.39,0.00,3.50,DStar
450,2.78,AllyPrefab,Ally,AllyIdleState,Idling,AgentPrefab,3.39,0.00,3.50,9.00,0.00,17.00,9.00,0.00,17.00,N/A
450,2.78,AgentPrefab,Agent,MoveState,Moving,AllyPrefab,9.00,0.00,17.00,3.39,0.00,3.50,3.39,0.00,3.50,DStar
450,2.78,AgentPrefab,Agent,MoveState,Moving,Goal,20.00,0.00,20.00,3.39,0.00,3.50,3.40,0.00,3.51,DStar
451,2.78,AllyPrefab,Ally,AllyIdleState,Idling,AgentPrefab,3.40,0.00,3.51,9.00,0.00,17.00,9.00,0.00,17.00,N/A
451,2.78,AgentPrefab,Agent,MoveState,Moving,AllyPrefab,9.00,0.00,17.00,3.40,0.00,3.51,3.40,0.00,3.51,DStar
451,2.78,AgentPrefab,Agent,MoveState,Moving,Goal,20.00,0.00,20.00,3.40,0.00,3.51,3.40,0.00,3.52,DStar
452,2.79,AllyPrefab,Ally,AllyIdleState,Idling,AgentPrefab,3.40,0.00,3.52,9.00,0.00,17.00,9.00,0.00,17.00,N/A
452,2.79,AgentPrefab,Agent,MoveState,Moving,AllyPrefab,9.00,0.00,17.00,3.40,0.00,3.52,3.40,0.00,3.52,DStar
452,2.79,AgentPrefab,Agent,MoveState,Moving,Goal,20.00,0.00,20.00,3.40,0.00,3.52,3.41,0.00,3.53,DStar
453,2.79,AllyPrefab,Ally,AllyIdleState,Idling,AgentPrefab,3.41,0.00,3.53,9.00,0.00,17.00,9.00,0.00,17.00,N/A
453,2.79,AgentPrefab,Agent,MoveState,Moving,AllyPrefab,9.00,0.00,17.00,3.41,0.00,3.53,3.41,0.00,3.53,DStar
453,2.79,AgentPrefab,Agent,MoveState,Moving,Goal,20.00,0.00,20.00,3.41,0.00,3.53,3.42,0.00,3.53,DStar
454,2.80,AllyPrefab,Ally,AllyIdleState,Idling,AgentPrefab,3.42,0.00,3.53,9.00,0.00,17.00,9.00,0.00,17.00,N/A
454,2.80,AgentPrefab,Agent,MoveState,Moving,AllyPrefab,9.00,0.00,17.00,3.42,0.00,3.53,3.42,0.00,3.53,DStar
454,2.80,AgentPrefab,Agent,MoveState,Moving,Goal,20.00,0.00,20.00,3.42,0.00,3.53,3.42,0.00,3.54,DStar
455,2.80,AllyPrefab,Ally,AllyIdleState,Idling,AgentPrefab,3.42,0.00,3.54,9.00,0.00,17.00,9.00,0.00,17.00,N/A
455,2.80,AgentPrefab,Agent,MoveState,Moving,AllyPrefab,9.00,0.00,17.00,3.42,0.00,3.54,3.42,0.00,3.54,DStar
455,2.80,AgentPrefab,Agent,MoveState,Moving,Goal,20.00,0.00,20.00,3.42,0.00,3.54,3.43,0.00,3.55,DStar
456,2.81,AllyPrefab,Ally,AllyIdleState,Idling,AgentPrefab,3.43,0.00,3.55,9.00,0.00,17.00,9.00,0.00,17.00,N/A
456,2.81,AgentPrefab,Agent,MoveState,Moving,AllyPrefab,9.00,0.00,17.00,3.43,0.00,3.55,3.43,0.00,3.55,DStar
456,2.81,AgentPrefab,Agent,MoveState,Moving,Goal,20.00,0.00,20.00,3.43,0.00,3.55,3.44,0.00,3.56,DStar
457,2.81,AllyPrefab,Ally,AllyIdleState,Idling,AgentPrefab,3.44,0.00,3.56,9.00,0.00,17.00,9.00,0.00,17.00,N/A
457,2.81,AgentPrefab,Agent,MoveState,Moving,AllyPrefab,9.00,0.00,17.00,3.44,0.00,3.56,3.44,0.00,3.56,DStar
457,2.81,AgentPrefab,Agent,MoveState,Moving,Goal,20.00,0.00,20.00,3.44,0.00,3.56,3.44,0.00,3.56,DStar
458,2.82,AllyPrefab,Ally,AllyIdleState,Idling,AgentPrefab,3.45,0.00,3.57,9.00,0.00,17.00,9.00,0.00,17.00,N/A
458,2.82,AgentPrefab,Agent,MoveState,Moving,AllyPrefab,9.00,0.00,17.00,3.45,0.00,3.57,3.44,0.00,3.56,DStar
458,2.82,AgentPrefab,Agent,MoveState,Moving,Goal,20.00,0.00,20.00,3.45,0.00,3.57,3.45,0.00,3.58,DStar
459,2.82,AllyPrefab,Ally,AllyIdleState,Idling,AgentPrefab,3.45,0.00,3.58,9.00,0.00,17.00,9.00,0.00,17.00,N/A
459,2.82,AgentPrefab,Agent,MoveState,Moving,AllyPrefab,9.00,0.00,17.00,3.45,0.00,3.58,3.45,0.00,3.58,DStar
459,2.82,AgentPrefab,Agent,MoveState,Moving,Goal,20.00,0.00,20.00,3.45,0.00,3.58,3.46,0.00,3.58,DStar
460,2.83,AllyPrefab,Ally,AllyIdleState,Idling,AgentPrefab,3.46,0.00,3.58,9.00,0.00,17.00,9.00,0.00,17.00,N/A
460,2.83,AgentPrefab,Agent,MoveState,Moving,AllyPrefab,9.00,0.00,17.00,3.46,0.00,3.58,3.46,0.00,3.58,DStar
460,2.83,AgentPrefab,Agent,MoveState,Moving,Goal,20.00,0.00,20.00,3.46,0.00,3.58,3.47,0.00,3.59,DStar
461,2.83,AllyPrefab,Ally,AllyIdleState,Idling,AgentPrefab,3.47,0.00,3.59,9.00,0.00,17.00,9.00,0.00,17.00,N/A
461,2.83,AgentPrefab,Agent,MoveState,Moving,AllyPrefab,9.00,0.00,17.00,3.47,0.00,3.59,3.47,0.00,3.59,DStar
461,2.83,AgentPrefab,Agent,MoveState,Moving,Goal,20.00,0.00,20.00,3.47,0.00,3.59,3.48,0.00,3.60,DStar
462,2.84,AllyPrefab,Ally,AllyIdleState,Idling,AgentPrefab,3.48,0.00,3.60,9.00,0.00,17.00,9.00,0.00,17.00,N/A
462,2.84,AgentPrefab,Agent,MoveState,Moving,AllyPrefab,9.00,0.00,17.00,3.48,0.00,3.60,3.48,0.00,3.60,DStar
462,2.84,AgentPrefab,Agent,MoveState,Moving,Goal,20.00,0.00,20.00,3.48,0.00,3.60,3.49,0.00,3.60,DStar
463,2.84,AllyPrefab,Ally,AllyIdleState,Idling,AgentPrefab,3.49,0.00,3.60,9.00,0.00,17.00,9.00,0.00,17.00,N/A
463,2.84,AgentPrefab,Agent,MoveState,Moving,AllyPrefab,9.00,0.00,17.00,3.49,0.00,3.60,3.49,0.00,3.60,DStar
463,2.84,AgentPrefab,Agent,MoveState,Moving,Goal,20.00,0.00,20.00,3.49,0.00,3.60,3.49,0.00,3.61,DStar
464,2.85,AllyPrefab,Ally,AllyIdleState,Idling,AgentPrefab,3.49,0.00,3.61,9.00,0.00,17.00,9.00,0.00,17.00,N/A
464,2.85,AgentPrefab,Agent,MoveState,Moving,AllyPrefab,9.00,0.00,17.00,3.49,0.00,3.61,3.49,0.00,3.61,DStar
464,2.85,AgentPrefab,Agent,MoveState,Moving,Goal,20.00,0.00,20.00,3.49,0.00,3.61,3.50,0.00,3.62,DStar
465,2.85,AllyPrefab,Ally,AllyIdleState,Idling,AgentPrefab,3.50,0.00,3.62,9.00,0.00,17.00,9.00,0.00,17.00,N/A
465,2.85,AgentPrefab,Agent,MoveState,Moving,AllyPrefab,9.00,0.00,17.00,3.50,0.00,3.62,3.50,0.00,3.62,DStar
465,2.85,AgentPrefab,Agent,MoveState,Moving,Goal,20.00,0.00,20.00,3.50,0.00,3.62,3.51,0.00,3.62,DStar
466,2.86,AllyPrefab,Ally,AllyIdleState,Idling,AgentPrefab,3.51,0.00,3.62,9.00,0.00,17.00,9.00,0.00,17.00,N/A
466,2.86,AgentPrefab,Agent,MoveState,Moving,AllyPrefab,9.00,0.00,17.00,3.51,0.00,3.62,3.51,0.00,3.62,DStar
466,2.86,AgentPrefab,Agent,MoveState,Moving,Goal,20.00,0.00,20.00,3.51,0.00,3.62,3.52,0.00,3.63,DStar
467,2.87,AllyPrefab,Ally,AllyIdleState,Idling,AgentPrefab,3.52,0.00,3.63,9.00,0.00,17.00,9.00,0.00,17.00,N/A
467,2.87,AgentPrefab,Agent,MoveState,Moving,AllyPrefab,9.00,0.00,17.00,3.52,0.00,3.63,3.52,0.00,3.63,DStar
467,2.87,AgentPrefab,Agent,MoveState,Moving,Goal,20.00,0.00,20.00,3.52,0.00,3.63,3.53,0.00,3.64,DStar
468,2.88,AllyPrefab,Ally,AllyIdleState,Idling,AgentPrefab,3.53,0.00,3.64,9.00,0.00,17.00,9.00,0.00,17.00,N/A
468,2.88,AgentPrefab,Agent,MoveState,Moving,AllyPrefab,9.00,0.00,17.00,3.53,0.00,3.64,3.53,0.00,3.64,DStar
468,2.88,AgentPrefab,Agent,MoveState,Moving,Goal,20.00,0.00,20.00,3.53,0.00,3.64,3.55,0.00,3.65,DStar
469,2.88,AllyPrefab,Ally,AllyIdleState,Idling,AgentPrefab,3.55,0.00,3.65,9.00,0.00,17.00,9.00,0.00,17.00,N/A
469,2.88,AgentPrefab,Agent,MoveState,Moving,AllyPrefab,9.00,0.00,17.00,3.55,0.00,3.65,3.55,0.00,3.65,DStar
469,2.88,AgentPrefab,Agent,MoveState,Moving,Goal,20.00,0.00,20.00,3.55,0.00,3.65,3.56,0.00,3.66,DStar
470,2.89,AllyPrefab,Ally,AllyIdleState,Idling,AgentPrefab,3.56,0.00,3.66,9.00,0.00,17.00,9.00,0.00,17.00,N/A
470,2.89,AgentPrefab,Agent,MoveState,Moving,AllyPrefab,9.00,0.00,17.00,3.56,0.00,3.66,3.56,0.00,3.66,DStar
470,2.89,AgentPrefab,Agent,MoveState,Moving,Goal,20.00,0.00,20.00,3.56,0.00,3.66,3.57,0.00,3.67,DStar
471,2.90,AllyPrefab,Ally,AllyIdleState,Idling,AgentPrefab,3.57,0.00,3.67,9.00,0.00,17.00,9.00,0.00,17.00,N/A
471,2.90,AgentPrefab,Agent,MoveState,Moving,AllyPrefab,9.00,0.00,17.00,3.57,0.00,3.67,3.57,0.00,3.67,DStar
471,2.90,AgentPrefab,Agent,MoveState,Moving,Goal,20.00,0.00,20.00,3.57,0.00,3.67,3.58,0.00,3.68,DStar
472,2.91,AllyPrefab,Ally,AllyIdleState,Idling,AgentPrefab,3.58,0.00,3.68,9.00,0.00,17.00,9.00,0.00,17.00,N/A
472,2.91,AgentPrefab,Agent,MoveState,Moving,AllyPrefab,9.00,0.00,17.00,3.58,0.00,3.68,3.58,0.00,3.68,DStar
472,2.91,AgentPrefab,Agent,MoveState,Moving,Goal,20.00,0.00,20.00,3.58,0.00,3.68,3.59,0.00,3.69,DStar
473,2.91,AllyPrefab,Ally,AllyIdleState,Idling,AgentPrefab,3.59,0.00,3.69,9.00,0.00,17.00,9.00,0.00,17.00,N/A
473,2.91,AgentPrefab,Agent,MoveState,Moving,AllyPrefab,9.00,0.00,17.00,3.59,0.00,3.69,3.59,0.00,3.69,DStar
473,2.91,AgentPrefab,Agent,MoveState,Moving,Goal,20.00,0.00,20.00,3.59,0.00,3.69,3.60,0.00,3.70,DStar
474,2.92,AllyPrefab,Ally,AllyIdleState,Idling,AgentPrefab,3.60,0.00,3.70,9.00,0.00,17.00,9.00,0.00,17.00,N/A
474,2.92,AgentPrefab,Agent,MoveState,Moving,AllyPrefab,9.00,0.00,17.00,3.60,0.00,3.70,3.60,0.00,3.70,DStar
474,2.92,AgentPrefab,Agent,MoveState,Moving,Goal,20.00,0.00,20.00,3.60,0.00,3.70,3.61,0.00,3.71,DStar
475,2.93,AllyPrefab,Ally,AllyIdleState,Idling,AgentPrefab,3.61,0.00,3.71,9.00,0.00,17.00,9.00,0.00,17.00,N/A
475,2.93,AgentPrefab,Agent,MoveState,Moving,AllyPrefab,9.00,0.00,17.00,3.61,0.00,3.71,3.61,0.00,3.71,DStar
475,2.93,AgentPrefab,Agent,MoveState,Moving,Goal,20.00,0.00,20.00,3.61,0.00,3.71,3.62,0.00,3.72,DStar
476,2.93,AllyPrefab,Ally,AllyIdleState,Idling,AgentPrefab,3.62,0.00,3.72,9.00,0.00,17.00,9.00,0.00,17.00,N/A
476,2.93,AgentPrefab,Agent,MoveState,Moving,AllyPrefab,9.00,0.00,17.00,3.62,0.00,3.72,3.62,0.00,3.72,DStar
476,2.93,AgentPrefab,Agent,MoveState,Moving,Goal,20.00,0.00,20.00,3.62,0.00,3.72,3.63,0.00,3.73,DStar
477,2.94,AllyPrefab,Ally,AllyIdleState,Idling,AgentPrefab,3.63,0.00,3.73,9.00,0.00,17.00,9.00,0.00,17.00,N/A
477,2.94,AgentPrefab,Agent,MoveState,Moving,AllyPrefab,9.00,0.00,17.00,3.63,0.00,3.73,3.63,0.00,3.73,DStar
477,2.94,AgentPrefab,Agent,MoveState,Moving,Goal,20.00,0.00,20.00,3.63,0.00,3.73,3.64,0.00,3.73,DStar
478,2.95,AllyPrefab,Ally,AllyIdleState,Idling,AgentPrefab,3.64,0.00,3.73,9.00,0.00,17.00,9.00,0.00,17.00,N/A
478,2.95,AgentPrefab,Agent,MoveState,Moving,AllyPrefab,9.00,0.00,17.00,3.64,0.00,3.73,3.64,0.00,3.73,DStar
478,2.95,AgentPrefab,Agent,MoveState,Moving,Goal,20.00,0.00,20.00,3.64,0.00,3.73,3.65,0.00,3.74,DStar
479,2.95,AllyPrefab,Ally,AllyIdleState,Idling,AgentPrefab,3.65,0.00,3.74,9.00,0.00,17.00,9.00,0.00,17.00,N/A
479,2.95,AgentPrefab,Agent,MoveState,Moving,AllyPrefab,9.00,0.00,17.00,3.65,0.00,3.74,3.65,0.00,3.74,DStar
479,2.95,AgentPrefab,Agent,MoveState,Moving,Goal,20.00,0.00,20.00,3.65,0.00,3.74,3.66,0.00,3.75,DStar
480,2.96,AllyPrefab,Ally,AllyIdleState,Idling,AgentPrefab,3.66,0.00,3.75,9.00,0.00,17.00,9.00,0.00,17.00,N/A
480,2.96,AgentPrefab,Agent,MoveState,Moving,AllyPrefab,9.00,0.00,17.00,3.66,0.00,3.75,3.66,0.00,3.75,DStar
480,2.96,AgentPrefab,Agent,MoveState,Moving,Goal,20.00,0.00,20.00,3.66,0.00,3.75,3.67,0.00,3.76,DStar
481,2.97,AllyPrefab,Ally,AllyIdleState,Idling,AgentPrefab,3.67,0.00,3.76,9.00,0.00,17.00,9.00,0.00,17.00,N/A
481,2.97,AgentPrefab,Agent,MoveState,Moving,AllyPrefab,9.00,0.00,17.00,3.67,0.00,3.76,3.67,0.00,3.76,DStar
481,2.97,AgentPrefab,Agent,MoveState,Moving,Goal,20.00,0.00,20.00,3.67,0.00,3.76,3.69,0.00,3.77,DStar
482,2.98,AllyPrefab,Ally,AllyIdleState,Idling,AgentPrefab,3.69,0.00,3.77,9.00,0.00,17.00,9.00,0.00,17.00,N/A
482,2.98,AgentPrefab,Agent,MoveState,Moving,AllyPrefab,9.00,0.00,17.00,3.69,0.00,3.77,3.69,0.00,3.77,DStar
482,2.98,AgentPrefab,Agent,MoveState,Moving,Goal,20.00,0.00,20.00,3.69,0.00,3.77,3.70,0.00,3.78,DStar
483,2.98,AllyPrefab,Ally,AllyIdleState,Idling,AgentPrefab,3.70,0.00,3.78,9.00,0.00,17.00,9.00,0.00,17.00,N/A
483,2.98,AgentPrefab,Agent,MoveState,Moving,AllyPrefab,9.00,0.00,17.00,3.70,0.00,3.78,3.70,0.00,3.78,DStar
483,2.98,AgentPrefab,Agent,MoveState,Moving,Goal,20.00,0.00,20.00,3.70,0.00,3.78,3.70,0.00,3.79,DStar
484,2.99,AllyPrefab,Ally,AllyIdleState,Idling,AgentPrefab,3.70,0.00,3.79,9.00,0.00,17.00,9.00,0.00,17.00,N/A
484,2.99,AgentPrefab,Agent,MoveState,Moving,AllyPrefab,9.00,0.00,17.00,3.70,0.00,3.79,3.70,0.00,3.79,DStar
484,2.99,AgentPrefab,Agent,MoveState,Moving,Goal,20.00,0.00,20.00,3.70,0.00,3.79,3.71,0.00,3.79,DStar
485,3.32,AllyPrefab,Ally,AllyIdleState,Idling,AgentPrefab,3.71,0.00,3.79,9.00,0.00,17.00,9.00,0.00,17.00,N/A
485,3.32,AgentPrefab,Agent,MoveState,Moving,AllyPrefab,9.00,0.00,17.00,3.71,0.00,3.79,3.71,0.00,3.79,DStar
485,3.32,AgentPrefab,Agent,MoveState,Moving,Goal,20.00,0.00,20.00,3.71,0.00,3.79,4.19,0.00,4.26,DStar
486,3.33,AllyPrefab,Ally,AllyIdleState,Idling,AgentPrefab,4.19,0.00,4.26,9.00,0.00,17.00,9.00,0.00,17.00,N/A
486,3.33,AgentPrefab,Agent,MoveState,Moving,AllyPrefab,9.00,0.00,17.00,4.19,0.00,4.26,4.19,0.00,4.26,DStar
486,3.33,AgentPrefab,Agent,MoveState,Moving,Goal,20.00,0.00,20.00,4.19,0.00,4.26,4.20,0.00,4.27,DStar
487,3.33,AllyPrefab,Ally,AllyIdleState,Idling,AgentPrefab,4.20,0.00,4.27,9.00,0.00,17.00,9.00,0.00,17.00,N/A
487,3.33,AgentPrefab,Agent,MoveState,Moving,AllyPrefab,9.00,0.00,17.00,4.20,0.00,4.27,4.20,0.00,4.27,DStar
487,3.33,AgentPrefab,Agent,MoveState,Moving,Goal,20.00,0.00,20.00,4.20,0.00,4.27,4.20,0.00,4.28,DStar
488,3.34,AllyPrefab,Ally,AllyIdleState,Idling,AgentPrefab,4.20,0.00,4.28,9.00,0.00,17.00,9.00,0.00,17.00,N/A
488,3.34,AgentPrefab,Agent,MoveState,Moving,AllyPrefab,9.00,0.00,17.00,4.20,0.00,4.28,4.20,0.00,4.28,DStar
488,3.34,AgentPrefab,Agent,MoveState,Moving,Goal,20.00,0.00,20.00,4.20,0.00,4.28,4.21,0.00,4.29,DStar
489,3.34,AllyPrefab,Ally,AllyIdleState,Idling,AgentPrefab,4.21,0.00,4.29,9.00,0.00,17.00,9.00,0.00,17.00,N/A
489,3.34,AgentPrefab,Agent,MoveState,Moving,AllyPrefab,9.00,0.00,17.00,4.21,0.00,4.29,4.21,0.00,4.29,DStar
489,3.34,AgentPrefab,Agent,MoveState,Moving,Goal,20.00,0.00,20.00,4.21,0.00,4.29,4.22,0.00,4.30,DStar
490,3.35,AllyPrefab,Ally,AllyIdleState,Idling,AgentPrefab,4.22,0.00,4.30,9.00,0.00,17.00,9.00,0.00,17.00,N/A
490,3.35,AgentPrefab,Agent,MoveState,Moving,AllyPrefab,9.00,0.00,17.00,4.22,0.00,4.30,4.22,0.00,4.30,DStar
490,3.35,AgentPrefab,Agent,MoveState,Moving,Goal,20.00,0.00,20.00,4.22,0.00,4.30,4.23,0.00,4.30,DStar
491,3.35,AllyPrefab,Ally,AllyIdleState,Idling,AgentPrefab,4.23,0.00,4.30,9.00,0.00,17.00,9.00,0.00,17.00,N/A
491,3.35,AgentPrefab,Agent,MoveState,Moving,AllyPrefab,9.00,0.00,17.00,4.23,0.00,4.30,4.23,0.00,4.30,DStar
491,3.35,AgentPrefab,Agent,MoveState,Moving,Goal,20.00,0.00,20.00,4.23,0.00,4.30,4.23,0.00,4.31,DStar
492,3.36,AllyPrefab,Ally,AllyIdleState,Idling,AgentPrefab,4.23,0.00,4.31,9.00,0.00,17.00,9.00,0.00,17.00,N/A
492,3.36,AgentPrefab,Agent,MoveState,Moving,AllyPrefab,9.00,0.00,17.00,4.23,0.00,4.31,4.23,0.00,4.31,DStar
492,3.36,AgentPrefab,Agent,MoveState,Moving,Goal,20.00,0.00,20.00,4.23,0.00,4.31,4.24,0.00,4.32,DStar
493,3.36,AllyPrefab,Ally,AllyIdleState,Idling,AgentPrefab,4.24,0.00,4.32,9.00,0.00,17.00,9.00,0.00,17.00,N/A
493,3.36,AgentPrefab,Agent,MoveState,Moving,AllyPrefab,9.00,0.00,17.00,4.24,0.00,4.32,4.24,0.00,4.32,DStar
493,3.36,AgentPrefab,Agent,MoveState,Moving,Goal,20.00,0.00,20.00,4.24,0.00,4.32,4.25,0.00,4.32,DStar
494,3.37,AllyPrefab,Ally,AllyIdleState,Idling,AgentPrefab,4.25,0.00,4.32,9.00,0.00,17.00,9.00,0.00,17.00,N/A
494,3.37,AgentPrefab,Agent,MoveState,Moving,AllyPrefab,9.00,0.00,17.00,4.25,0.00,4.32,4.25,0.00,4.32,DStar
494,3.37,AgentPrefab,Agent,MoveState,Moving,Goal,20.00,0.00,20.00,4.25,0.00,4.32,4.25,0.00,4.33,DStar
495,3.37,AllyPrefab,Ally,AllyIdleState,Idling,AgentPrefab,4.25,0.00,4.33,9.00,0.00,17.00,9.00,0.00,17.00,N/A
495,3.37,AgentPrefab,Agent,MoveState,Moving,AllyPrefab,9.00,0.00,17.00,4.25,0.00,4.33,4.25,0.00,4.33,DStar
495,3.37,AgentPrefab,Agent,MoveState,Moving,Goal,20.00,0.00,20.00,4.25,0.00,4.33,4.26,0.00,4.34,DStar
496,3.38,AllyPrefab,Ally,AllyIdleState,Idling,AgentPrefab,4.26,0.00,4.34,9.00,0.00,17.00,9.00,0.00,17.00,N/A
496,3.38,AgentPrefab,Agent,MoveState,Moving,AllyPrefab,9.00,0.00,17.00,4.26,0.00,4.34,4.26,0.00,4.34,DStar
496,3.38,AgentPrefab,Agent,MoveState,Moving,Goal,20.00,0.00,20.00,4.26,0.00,4.34,4.27,0.00,4.35,DStar
497,3.38,AllyPrefab,Ally,AllyIdleState,Idling,AgentPrefab,4.27,0.00,4.35,9.00,0.00,17.00,9.00,0.00,17.00,N/A
497,3.38,AgentPrefab,Agent,MoveState,Moving,AllyPrefab,9.00,0.00,17.00,4.27,0.00,4.35,4.27,0.00,4.35,DStar
497,3.38,AgentPrefab,Agent,MoveState,Moving,Goal,20.00,0.00,20.00,4.27,0.00,4.35,4.27,0.00,4.35,DStar
498,3.39,AllyPrefab,Ally,AllyIdleState,Idling,AgentPrefab,4.27,0.00,4.35,9.00,0.00,17.00,9.00,0.00,17.00,N/A
498,3.39,AgentPrefab,Agent,MoveState,Moving,AllyPrefab,9.00,0.00,17.00,4.27,0.00,4.35,4.27,0.00,4.35,DStar
498,3.39,AgentPrefab,Agent,MoveState,Moving,Goal,20.00,0.00,20.00,4.27,0.00,4.35,4.28,0.00,4.36,DStar
499,3.39,AllyPrefab,Ally,AllyIdleState,Idling,AgentPrefab,4.28,0.00,4.36,9.00,0.00,17.00,9.00,0.00,17.00,N/A
499,3.39,AgentPrefab,Agent,MoveState,Moving,AllyPrefab,9.00,0.00,17.00,4.28,0.00,4.36,4.28,0.00,4.36,DStar
499,3.39,AgentPrefab,Agent,MoveState,Moving,Goal,20.00,0.00,20.00,4.28,0.00,4.36,4.29,0.00,4.37,DStar
500,3.40,AllyPrefab,Ally,AllyIdleState,Idling,AgentPrefab,4.29,0.00,4.37,9.00,0.00,17.00,9.00,0.00,17.00,N/A
500,3.40,AgentPrefab,Agent,MoveState,Moving,AllyPrefab,9.00,0.00,17.00,4.29,0.00,4.37,4.29,0.00,4.37,DStar
500,3.40,AgentPrefab,Agent,MoveState,Moving,Goal,20.00,0.00,20.00,4.29,0.00,4.37,4.30,0.00,4.37,DStar
501,3.40,AllyPrefab,Ally,AllyIdleState,Idling,AgentPrefab,4.30,0.00,4.37,9.00,0.00,17.00,9.00,0.00,17.00,N/A
501,3.40,AgentPrefab,Agent,MoveState,Moving,AllyPrefab,9.00,0.00,17.00,4.30,0.00,4.37,4.30,0.00,4.37,DStar
501,3.40,AgentPrefab,Agent,MoveState,Moving,Goal,20.00,0.00,20.00,4.30,0.00,4.37,4.30,0.00,4.38,DStar
502,3.41,AllyPrefab,Ally,AllyIdleState,Idling,AgentPrefab,4.30,0.00,4.38,9.00,0.00,17.00,9.00,0.00,17.00,N/A
502,3.41,AgentPrefab,Agent,MoveState,Moving,AllyPrefab,9.00,0.00,17.00,4.30,0.00,4.38,4.30,0.00,4.38,DStar
502,3.41,AgentPrefab,Agent,MoveState,Moving,Goal,20.00,0.00,20.00,4.30,0.00,4.38,4.31,0.00,4.39,DStar
503,3.41,AllyPrefab,Ally,AllyIdleState,Idling,AgentPrefab,4.31,0.00,4.39,9.00,0.00,17.00,9.00,0.00,17.00,N/A
503,3.41,AgentPrefab,Agent,MoveState,Moving,AllyPrefab,9.00,0.00,17.00,4.31,0.00,4.39,4.31,0.00,4.39,DStar
503,3.41,AgentPrefab,Agent,MoveState,Moving,Goal,20.00,0.00,20.00,4.31,0.00,4.39,4.32,0.00,4.40,DStar
504,3.42,AllyPrefab,Ally,AllyIdleState,Idling,AgentPrefab,4.32,0.00,4.40,9.00,0.00,17.00,9.00,0.00,17.00,N/A
504,3.42,AgentPrefab,Agent,MoveState,Moving,AllyPrefab,9.00,0.00,17.00,4.32,0.00,4.40,4.32,0.00,4.40,DStar
504,3.42,AgentPrefab,Agent,MoveState,Moving,Goal,20.00,0.00,20.00,4.32,0.00,4.40,4.33,0.00,4.40,DStar
505,3.42,AllyPrefab,Ally,AllyIdleState,Idling,AgentPrefab,4.33,0.00,4.40,9.00,0.00,17.00,9.00,0.00,17.00,N/A
505,3.42,AgentPrefab,Agent,MoveState,Moving,AllyPrefab,9.00,0.00,17.00,4.33,0.00,4.40,4.33,0.00,4.40,DStar
505,3.42,AgentPrefab,Agent,MoveState,Moving,Goal,20.00,0.00,20.00,4.33,0.00,4.40,4.33,0.00,4.41,DStar
506,3.43,AllyPrefab,Ally,AllyIdleState,Idling,AgentPrefab,4.33,0.00,4.41,9.00,0.00,17.00,9.00,0.00,17.00,N/A
506,3.43,AgentPrefab,Agent,MoveState,Moving,AllyPrefab,9.00,0.00,17.00,4.33,0.00,4.41,4.33,0.00,4.41,DStar
506,3.43,AgentPrefab,Agent,MoveState,Moving,Goal,20.00,0.00,20.00,4.33,0.00,4.41,4.34,0.00,4.42,DStar
507,3.43,AllyPrefab,Ally,AllyIdleState,Idling,AgentPrefab,4.34,0.00,4.42,9.00,0.00,17.00,9.00,0.00,17.00,N/A
507,3.43,AgentPrefab,Agent,MoveState,Moving,AllyPrefab,9.00,0.00,17.00,4.34,0.00,4.42,4.34,0.00,4.42,DStar
507,3.43,AgentPrefab,Agent,MoveState,Moving,Goal,20.00,0.00,20.00,4.34,0.00,4.42,4.35,0.00,4.42,DStar
508,3.44,AllyPrefab,Ally,AllyIdleState,Idling,AgentPrefab,4.35,0.00,4.42,9.00,0.00,17.00,9.00,0.00,17.00,N/A
508,3.44,AgentPrefab,Agent,MoveState,Moving,AllyPrefab,9.00,0.00,17.00,4.35,0.00,4.42,4.35,0.00,4.42,DStar
508,3.44,AgentPrefab,Agent,MoveState,Moving,Goal,20.00,0.00,20.00,4.35,0.00,4.42,4.35,0.00,4.43,DStar
509,3.44,AllyPrefab,Ally,AllyIdleState,Idling,AgentPrefab,4.35,0.00,4.43,9.00,0.00,17.00,9.00,0.00,17.00,N/A
509,3.44,AgentPrefab,Agent,MoveState,Moving,AllyPrefab,9.00,0.00,17.00,4.35,0.00,4.43,4.35,0.00,4.43,DStar
509,3.44,AgentPrefab,Agent,MoveState,Moving,Goal,20.00,0.00,20.00,4.35,0.00,4.43,4.36,0.00,4.44,DStar
510,3.45,AllyPrefab,Ally,AllyIdleState,Idling,AgentPrefab,4.36,0.00,4.44,9.00,0.00,17.00,9.00,0.00,17.00,N/A
510,3.45,AgentPrefab,Agent,MoveState,Moving,AllyPrefab,9.00,0.00,17.00,4.36,0.00,4.44,4.36,0.00,4.44,DStar
510,3.45,AgentPrefab,Agent,MoveState,Moving,Goal,20.00,0.00,20.00,4.36,0.00,4.44,4.37,0.00,4.44,DStar
511,3.45,AllyPrefab,Ally,AllyIdleState,Idling,AgentPrefab,4.37,0.00,4.44,9.00,0.00,17.00,9.00,0.00,17.00,N/A
511,3.45,AgentPrefab,Agent,MoveState,Moving,AllyPrefab,9.00,0.00,17.00,4.37,0.00,4.44,4.37,0.00,4.44,DStar
511,3.45,AgentPrefab,Agent,MoveState,Moving,Goal,20.00,0.00,20.00,4.37,0.00,4.44,4.37,0.00,4.45,DStar
512,3.46,AllyPrefab,Ally,AllyIdleState,Idling,AgentPrefab,4.37,0.00,4.45,9.00,0.00,17.00,9.00,0.00,17.00,N/A
512,3.46,AgentPrefab,Agent,MoveState,Moving,AllyPrefab,9.00,0.00,17.00,4.37,0.00,4.45,4.37,0.00,4.45,DStar
512,3.46,AgentPrefab,Agent,MoveState,Moving,Goal,20.00,0.00,20.00,4.37,0.00,4.45,4.38,0.00,4.46,DStar
513,3.46,AllyPrefab,Ally,AllyIdleState,Idling,AgentPrefab,4.38,0.00,4.46,9.00,0.00,17.00,9.00,0.00,17.00,N/A
513,3.46,AgentPrefab,Agent,MoveState,Moving,AllyPrefab,9.00,0.00,17.00,4.38,0.00,4.46,4.38,0.00,4.46,DStar
513,3.46,AgentPrefab,Agent,MoveState,Moving,Goal,20.00,0.00,20.00,4.38,0.00,4.46,4.39,0.00,4.47,DStar
514,3.47,AllyPrefab,Ally,AllyIdleState,Idling,AgentPrefab,4.39,0.00,4.47,9.00,0.00,17.00,9.00,0.00,17.00,N/A
514,3.47,AgentPrefab,Agent,MoveState,Moving,AllyPrefab,9.00,0.00,17.00,4.39,0.00,4.47,4.39,0.00,4.47,DStar
514,3.47,AgentPrefab,Agent,MoveState,Moving,Goal,20.00,0.00,20.00,4.39,0.00,4.47,4.40,0.00,4.47,DStar
515,3.48,AllyPrefab,Ally,AllyIdleState,Idling,AgentPrefab,4.40,0.00,4.47,9.00,0.00,17.00,9.00,0.00,17.00,N/A
515,3.48,AgentPrefab,Agent,MoveState,Moving,AllyPrefab,9.00,0.00,17.00,4.40,0.00,4.47,4.40,0.00,4.47,DStar
515,3.48,AgentPrefab,Agent,MoveState,Moving,Goal,20.00,0.00,20.00,4.40,0.00,4.47,4.41,0.00,4.48,DStar
516,3.48,AllyPrefab,Ally,AllyIdleState,Idling,AgentPrefab,4.41,0.00,4.48,9.00,0.00,17.00,9.00,0.00,17.00,N/A
516,3.48,AgentPrefab,Agent,MoveState,Moving,AllyPrefab,9.00,0.00,17.00,4.41,0.00,4.48,4.41,0.00,4.48,DStar
516,3.48,AgentPrefab,Agent,MoveState,Moving,Goal,20.00,0.00,20.00,4.41,0.00,4.48,4.41,0.00,4.49,DStar
517,3.49,AllyPrefab,Ally,AllyIdleState,Idling,AgentPrefab,4.41,0.00,4.49,9.00,0.00,17.00,9.00,0.00,17.00,N/A
517,3.49,AgentPrefab,Agent,MoveState,Moving,AllyPrefab,9.00,0.00,17.00,4.41,0.00,4.49,4.41,0.00,4.49,DStar
517,3.49,AgentPrefab,Agent,MoveState,Moving,Goal,20.00,0.00,20.00,4.41,0.00,4.49,4.42,0.00,4.50,DStar
518,3.49,AllyPrefab,Ally,AllyIdleState,Idling,AgentPrefab,4.42,0.00,4.50,9.00,0.00,17.00,9.00,0.00,17.00,N/A
518,3.49,AgentPrefab,Agent,MoveState,Moving,AllyPrefab,9.00,0.00,17.00,4.42,0.00,4.50,4.42,0.00,4.50,DStar
518,3.49,AgentPrefab,Agent,MoveState,Moving,Goal,20.00,0.00,20.00,4.42,0.00,4.50,4.43,0.00,4.51,DStar
519,3.50,AllyPrefab,Ally,AllyIdleState,Idling,AgentPrefab,4.43,0.00,4.51,9.00,0.00,17.00,9.00,0.00,17.00,N/A
519,3.50,AgentPrefab,Agent,MoveState,Moving,AllyPrefab,9.00,0.00,17.00,4.43,0.00,4.51,4.43,0.00,4.51,DStar
519,3.50,AgentPrefab,Agent,MoveState,Moving,Goal,20.00,0.00,20.00,4.43,0.00,4.51,4.44,0.00,4.51,DStar
520,3.50,AllyPrefab,Ally,AllyIdleState,Idling,AgentPrefab,4.44,0.00,4.51,9.00,0.00,17.00,9.00,0.00,17.00,N/A
520,3.50,AgentPrefab,Agent,MoveState,Moving,AllyPrefab,9.00,0.00,17.00,4.44,0.00,4.51,4.44,0.00,4.51,DStar
520,3.50,AgentPrefab,Agent,MoveState,Moving,Goal,20.00,0.00,20.00,4.44,0.00,4.51,4.44,0.00,4.52,DStar
521,3.51,AllyPrefab,Ally,AllyIdleState,Idling,AgentPrefab,4.44,0.00,4.52,9.00,0.00,17.00,9.00,0.00,17.00,N/A
521,3.51,AgentPrefab,Agent,MoveState,Moving,AllyPrefab,9.00,0.00,17.00,4.44,0.00,4.52,4.44,0.00,4.52,DStar
521,3.51,AgentPrefab,Agent,MoveState,Moving,Goal,20.00,0.00,20.00,4.44,0.00,4.52,4.45,0.00,4.53,DStar
522,3.51,AllyPrefab,Ally,AllyIdleState,Idling,AgentPrefab,4.45,0.00,4.53,9.00,0.00,17.00,9.00,0.00,17.00,N/A
522,3.51,AgentPrefab,Agent,MoveState,Moving,AllyPrefab,9.00,0.00,17.00,4.45,0.00,4.53,4.45,0.00,4.53,DStar
522,3.51,AgentPrefab,Agent,MoveState,Moving,Goal,20.00,0.00,20.00,4.45,0.00,4.53,4.46,0.00,4.54,DStar
523,3.52,AllyPrefab,Ally,AllyIdleState,Idling,AgentPrefab,4.46,0.00,4.54,9.00,0.00,17.00,9.00,0.00,17.00,N/A
523,3.52,AgentPrefab,Agent,MoveState,Moving,AllyPrefab,9.00,0.00,17.00,4.46,0.00,4.54,4.46,0.00,4.54,DStar
523,3.52,AgentPrefab,Agent,MoveState,Moving,Goal,20.00,0.00,20.00,4.46,0.00,4.54,4.47,0.00,4.54,DStar
524,3.52,AllyPrefab,Ally,AllyIdleState,Idling,AgentPrefab,4.47,0.00,4.54,9.00,0.00,17.00,9.00,0.00,17.00,N/A
524,3.52,AgentPrefab,Agent,MoveState,Moving,AllyPrefab,9.00,0.00,17.00,4.47,0.00,4.54,4.47,0.00,4.54,DStar
524,3.52,AgentPrefab,Agent,MoveState,Moving,Goal,20.00,0.00,20.00,4.47,0.00,4.54,4.47,0.00,4.55,DStar
525,3.53,AllyPrefab,Ally,AllyIdleState,Idling,AgentPrefab,4.47,0.00,4.55,9.00,0.00,17.00,9.00,0.00,17.00,N/A
525,3.53,AgentPrefab,Agent,MoveState,Moving,AllyPrefab,9.00,0.00,17.00,4.47,0.00,4.55,4.47,0.00,4.55,DStar
525,3.53,AgentPrefab,Agent,MoveState,Moving,Goal,20.00,0.00,20.00,4.47,0.00,4.55,4.48,0.00,4.56,DStar
526,3.53,AllyPrefab,Ally,AllyIdleState,Idling,AgentPrefab,4.48,0.00,4.56,9.00,0.00,17.00,9.00,0.00,17.00,N/A
526,3.53,AgentPrefab,Agent,MoveState,Moving,AllyPrefab,9.00,0.00,17.00,4.48,0.00,4.56,4.48,0.00,4.56,DStar
526,3.53,AgentPrefab,Agent,MoveState,Moving,Goal,20.00,0.00,20.00,4.48,0.00,4.56,4.49,0.00,4.56,DStar
527,3.54,AllyPrefab,Ally,AllyIdleState,Idling,AgentPrefab,4.49,0.00,4.56,9.00,0.00,17.00,9.00,0.00,17.00,N/A
527,3.54,AgentPrefab,Agent,MoveState,Moving,AllyPrefab,9.00,0.00,17.00,4.49,0.00,4.56,4.49,0.00,4.56,DStar
527,3.54,AgentPrefab,Agent,MoveState,Moving,Goal,20.00,0.00,20.00,4.49,0.00,4.56,4.49,0.00,4.57,DStar
528,3.54,AllyPrefab,Ally,AllyIdleState,Idling,AgentPrefab,4.49,0.00,4.57,9.00,0.00,17.00,9.00,0.00,17.00,N/A
528,3.54,AgentPrefab,Agent,MoveState,Moving,AllyPrefab,9.00,0.00,17.00,4.49,0.00,4.57,4.49,0.00,4.57,DStar
528,3.54,AgentPrefab,Agent,MoveState,Moving,Goal,20.00,0.00,20.00,4.49,0.00,4.57,4.50,0.00,4.58,DStar
529,3.55,AllyPrefab,Ally,AllyIdleState,Idling,AgentPrefab,4.50,0.00,4.58,9.00,0.00,17.00,9.00,0.00,17.00,N/A
529,3.55,AgentPrefab,Agent,MoveState,Moving,AllyPrefab,9.00,0.00,17.00,4.50,0.00,4.58,4.50,0.00,4.58,DStar
529,3.55,AgentPrefab,Agent,MoveState,Moving,Goal,20.00,0.00,20.00,4.50,0.00,4.58,4.51,0.00,4.59,DStar
530,3.55,AllyPrefab,Ally,AllyIdleState,Idling,AgentPrefab,4.51,0.00,4.59,9.00,0.00,17.00,9.00,0.00,17.00,N/A
530,3.55,AgentPrefab,Agent,MoveState,Moving,AllyPrefab,9.00,0.00,17.00,4.51,0.00,4.59,4.51,0.00,4.59,DStar
530,3.55,AgentPrefab,Agent,MoveState,Moving,Goal,20.00,0.00,20.00,4.51,0.00,4.59,4.52,0.00,4.59,DStar
531,3.56,AllyPrefab,Ally,AllyIdleState,Idling,AgentPrefab,4.52,0.00,4.59,9.00,0.00,17.00,9.00,0.00,17.00,N/A
531,3.56,AgentPrefab,Agent,MoveState,Moving,AllyPrefab,9.00,0.00,17.00,4.52,0.00,4.59,4.52,0.00,4.59,DStar
531,3.56,AgentPrefab,Agent,MoveState,Moving,Goal,20.00,0.00,20.00,4.52,0.00,4.59,4.52,0.00,4.60,DStar
532,3.56,AllyPrefab,Ally,AllyIdleState,Idling,AgentPrefab,4.52,0.00,4.60,9.00,0.00,17.00,9.00,0.00,17.00,N/A
532,3.56,AgentPrefab,Agent,MoveState,Moving,AllyPrefab,9.00,0.00,17.00,4.52,0.00,4.60,4.52,0.00,4.60,DStar
532,3.56,AgentPrefab,Agent,MoveState,Moving,Goal,20.00,0.00,20.00,4.52,0.00,4.60,4.53,0.00,4.61,DStar
533,3.57,AllyPrefab,Ally,AllyIdleState,Idling,AgentPrefab,4.53,0.00,4.61,9.00,0.00,17.00,9.00,0.00,17.00,N/A
533,3.57,AgentPrefab,Agent,MoveState,Moving,AllyPrefab,9.00,0.00,17.00,4.53,0.00,4.61,4.53,0.00,4.61,DStar
533,3.57,AgentPrefab,Agent,MoveState,Moving,Goal,20.00,0.00,20.00,4.53,0.00,4.61,4.54,0.00,4.61,DStar
534,3.57,AllyPrefab,Ally,AllyIdleState,Idling,AgentPrefab,4.54,0.00,4.61,9.00,0.00,17.00,9.00,0.00,17.00,N/A
534,3.57,AgentPrefab,Agent,MoveState,Moving,AllyPrefab,9.00,0.00,17.00,4.54,0.00,4.61,4.54,0.00,4.61,DStar
534,3.57,AgentPrefab,Agent,MoveState,Moving,Goal,20.00,0.00,20.00,4.54,0.00,4.61,4.54,0.00,4.62,DStar
535,3.58,AllyPrefab,Ally,AllyIdleState,Idling,AgentPrefab,4.54,0.00,4.62,9.00,0.00,17.00,9.00,0.00,17.00,N/A
535,3.58,AgentPrefab,Agent,MoveState,Moving,AllyPrefab,9.00,0.00,17.00,4.54,0.00,4.62,4.54,0.00,4.62,DStar
535,3.58,AgentPrefab,Agent,MoveState,Moving,Goal,20.00,0.00,20.00,4.54,0.00,4.62,4.55,0.00,4.63,DStar
536,3.58,AllyPrefab,Ally,AllyIdleState,Idling,AgentPrefab,4.55,0.00,4.63,9.00,0.00,17.00,9.00,0.00,17.00,N/A
536,3.58,AgentPrefab,Agent,MoveState,Moving,AllyPrefab,9.00,0.00,17.00,4.55,0.00,4.63,4.55,0.00,4.63,DStar
536,3.58,AgentPrefab,Agent,MoveState,Moving,Goal,20.00,0.00,20.00,4.55,0.00,4.63,4.56,0.00,4.64,DStar
537,3.59,AllyPrefab,Ally,AllyIdleState,Idling,AgentPrefab,4.56,0.00,4.64,9.00,0.00,17.00,9.00,0.00,17.00,N/A
537,3.59,AgentPrefab,Agent,MoveState,Moving,AllyPrefab,9.00,0.00,17.00,4.56,0.00,4.64,4.56,0.00,4.64,DStar
537,3.59,AgentPrefab,Agent,MoveState,Moving,Goal,20.00,0.00,20.00,4.56,0.00,4.64,4.57,0.00,4.64,DStar
538,3.59,AllyPrefab,Ally,AllyIdleState,Idling,AgentPrefab,4.57,0.00,4.64,9.00,0.00,17.00,9.00,0.00,17.00,N/A
538,3.59,AgentPrefab,Agent,MoveState,Moving,AllyPrefab,9.00,0.00,17.00,4.57,0.00,4.64,4.57,0.00,4.64,DStar
538,3.59,AgentPrefab,Agent,MoveState,Moving,Goal,20.00,0.00,20.00,4.57,0.00,4.64,4.57,0.00,4.65,DStar
539,3.60,AllyPrefab,Ally,AllyIdleState,Idling,AgentPrefab,4.57,0.00,4.65,9.00,0.00,17.00,9.00,0.00,17.00,N/A
539,3.60,AgentPrefab,Agent,MoveState,Moving,AllyPrefab,9.00,0.00,17.00,4.57,0.00,4.65,4.57,0.00,4.65,DStar
539,3.60,AgentPrefab,Agent,MoveState,Moving,Goal,20.00,0.00,20.00,4.57,0.00,4.65,4.58,0.00,4.66,DStar
540,3.60,AllyPrefab,Ally,AllyIdleState,Idling,AgentPrefab,4.58,0.00,4.66,9.00,0.00,17.00,9.00,0.00,17.00,N/A
540,3.60,AgentPrefab,Agent,MoveState,Moving,AllyPrefab,9.00,0.00,17.00,4.58,0.00,4.66,4.58,0.00,4.66,DStar
540,3.60,AgentPrefab,Agent,MoveState,Moving,Goal,20.00,0.00,20.00,4.58,0.00,4.66,4.59,0.00,4.66,DStar
541,3.61,AllyPrefab,Ally,AllyIdleState,Idling,AgentPrefab,4.59,0.00,4.66,9.00,0.00,17.00,9.00,0.00,17.00,N/A
541,3.61,AgentPrefab,Agent,MoveState,Moving,AllyPrefab,9.00,0.00,17.00,4.59,0.00,4.66,4.59,0.00,4.66,DStar
541,3.61,AgentPrefab,Agent,MoveState,Moving,Goal,20.00,0.00,20.00,4.59,0.00,4.66,4.60,0.00,4.67,DStar
542,3.62,AllyPrefab,Ally,AllyIdleState,Idling,AgentPrefab,4.60,0.00,4.67,9.00,0.00,17.00,9.00,0.00,17.00,N/A
542,3.62,AgentPrefab,Agent,MoveState,Moving,AllyPrefab,9.00,0.00,17.00,4.60,0.00,4.67,4.60,0.00,4.67,DStar
542,3.62,AgentPrefab,Agent,MoveState,Moving,Goal,20.00,0.00,20.00,4.60,0.00,4.67,4.60,0.00,4.68,DStar
543,3.62,AllyPrefab,Ally,AllyIdleState,Idling,AgentPrefab,4.60,0.00,4.68,9.00,0.00,17.00,9.00,0.00,17.00,N/A
543,3.62,AgentPrefab,Agent,MoveState,Moving,AllyPrefab,9.00,0.00,17.00,4.60,0.00,4.68,4.60,0.00,4.68,DStar
543,3.62,AgentPrefab,Agent,MoveState,Moving,Goal,20.00,0.00,20.00,4.60,0.00,4.68,4.61,0.00,4.69,DStar
544,3.63,AllyPrefab,Ally,AllyIdleState,Idling,AgentPrefab,4.61,0.00,4.69,9.00,0.00,17.00,9.00,0.00,17.00,N/A
544,3.63,AgentPrefab,Agent,MoveState,Moving,AllyPrefab,9.00,0.00,17.00,4.61,0.00,4.69,4.61,0.00,4.69,DStar
544,3.63,AgentPrefab,Agent,MoveState,Moving,Goal,20.00,0.00,20.00,4.61,0.00,4.69,4.62,0.00,4.70,DStar
545,3.63,AllyPrefab,Ally,AllyIdleState,Idling,AgentPrefab,4.62,0.00,4.70,9.00,0.00,17.00,9.00,0.00,17.00,N/A
545,3.63,AgentPrefab,Agent,MoveState,Moving,AllyPrefab,9.00,0.00,17.00,4.62,0.00,4.70,4.62,0.00,4.70,DStar
545,3.63,AgentPrefab,Agent,MoveState,Moving,Goal,20.00,0.00,20.00,4.62,0.00,4.70,4.63,0.00,4.70,DStar
546,3.64,AllyPrefab,Ally,AllyIdleState,Idling,AgentPrefab,4.63,0.00,4.70,9.00,0.00,17.00,9.00,0.00,17.00,N/A
546,3.64,AgentPrefab,Agent,MoveState,Moving,AllyPrefab,9.00,0.00,17.00,4.63,0.00,4.70,4.63,0.00,4.70,DStar
546,3.64,AgentPrefab,Agent,MoveState,Moving,Goal,20.00,0.00,20.00,4.63,0.00,4.70,4.64,0.00,4.71,DStar
547,3.64,AllyPrefab,Ally,AllyIdleState,Idling,AgentPrefab,4.64,0.00,4.71,9.00,0.00,17.00,9.00,0.00,17.00,N/A
547,3.64,AgentPrefab,Agent,MoveState,Moving,AllyPrefab,9.00,0.00,17.00,4.64,0.00,4.71,4.64,0.00,4.71,DStar
547,3.64,AgentPrefab,Agent,MoveState,Moving,Goal,20.00,0.00,20.00,4.64,0.00,4.71,4.65,0.00,4.72,DStar
548,3.65,AllyPrefab,Ally,AllyIdleState,Idling,AgentPrefab,4.65,0.00,4.72,9.00,0.00,17.00,9.00,0.00,17.00,N/A
548,3.65,AgentPrefab,Agent,MoveState,Moving,AllyPrefab,9.00,0.00,17.00,4.65,0.00,4.72,4.65,0.00,4.72,DStar
548,3.65,AgentPrefab,Agent,MoveState,Moving,Goal,20.00,0.00,20.00,4.65,0.00,4.72,4.65,0.00,4.73,DStar
549,3.66,AllyPrefab,Ally,AllyIdleState,Idling,AgentPrefab,4.65,0.00,4.73,9.00,0.00,17.00,9.00,0.00,17.00,N/A
549,3.66,AgentPrefab,Agent,MoveState,Moving,AllyPrefab,9.00,0.00,17.00,4.65,0.00,4.73,4.65,0.00,4.73,DStar
549,3.66,AgentPrefab,Agent,MoveState,Moving,Goal,20.00,0.00,20.00,4.65,0.00,4.73,4.66,0.00,4.74,DStar
550,3.66,AllyPrefab,Ally,AllyIdleState,Idling,AgentPrefab,4.66,0.00,4.74,9.00,0.00,17.00,9.00,0.00,17.00,N/A
550,3.66,AgentPrefab,Agent,MoveState,Moving,AllyPrefab,9.00,0.00,17.00,4.66,0.00,4.74,4.66,0.00,4.74,DStar
550,3.66,AgentPrefab,Agent,MoveState,Moving,Goal,20.00,0.00,20.00,4.66,0.00,4.74,4.67,0.00,4.75,DStar
551,3.67,AllyPrefab,Ally,AllyIdleState,Idling,AgentPrefab,4.67,0.00,4.75,9.00,0.00,17.00,9.00,0.00,17.00,N/A
551,3.67,AgentPrefab,Agent,MoveState,Moving,AllyPrefab,9.00,0.00,17.00,4.67,0.00,4.75,4.67,0.00,4.75,DStar
551,3.67,AgentPrefab,Agent,MoveState,Moving,Goal,20.00,0.00,20.00,4.67,0.00,4.75,4.68,0.00,4.76,DStar
552,3.67,AllyPrefab,Ally,AllyIdleState,Idling,AgentPrefab,4.68,0.00,4.76,9.00,0.00,17.00,9.00,0.00,17.00,N/A
552,3.67,AgentPrefab,Agent,MoveState,Moving,AllyPrefab,9.00,0.00,17.00,4.68,0.00,4.76,4.68,0.00,4.76,DStar
552,3.67,AgentPrefab,Agent,MoveState,Moving,Goal,20.00,0.00,20.00,4.68,0.00,4.76,4.69,0.00,4.76,DStar
553,3.68,AllyPrefab,Ally,AllyIdleState,Idling,AgentPrefab,4.69,0.00,4.76,9.00,0.00,17.00,9.00,0.00,17.00,N/A
553,3.68,AgentPrefab,Agent,MoveState,Moving,AllyPrefab,9.00,0.00,17.00,4.69,0.00,4.76,4.69,0.00,4.76,DStar
553,3.68,AgentPrefab,Agent,MoveState,Moving,Goal,20.00,0.00,20.00,4.69,0.00,4.76,4.70,0.00,4.77,DStar
554,3.69,AllyPrefab,Ally,AllyIdleState,Idling,AgentPrefab,4.70,0.00,4.77,9.00,0.00,17.00,9.00,0.00,17.00,N/A
554,3.69,AgentPrefab,Agent,MoveState,Moving,AllyPrefab,9.00,0.00,17.00,4.70,0.00,4.77,4.70,0.00,4.77,DStar
554,3.69,AgentPrefab,Agent,MoveState,Moving,Goal,20.00,0.00,20.00,4.70,0.00,4.77,4.70,0.00,4.78,DStar
555,3.69,AllyPrefab,Ally,AllyIdleState,Idling,AgentPrefab,4.70,0.00,4.78,9.00,0.00,17.00,9.00,0.00,17.00,N/A
555,3.69,AgentPrefab,Agent,MoveState,Moving,AllyPrefab,9.00,0.00,17.00,4.70,0.00,4.78,4.70,0.00,4.78,DStar
555,3.69,AgentPrefab,Agent,MoveState,Moving,Goal,20.00,0.00,20.00,4.70,0.00,4.78,4.71,0.00,4.79,DStar
556,3.70,AllyPrefab,Ally,AllyIdleState,Idling,AgentPrefab,4.71,0.00,4.79,9.00,0.00,17.00,9.00,0.00,17.00,N/A
556,3.70,AgentPrefab,Agent,MoveState,Moving,AllyPrefab,9.00,0.00,17.00,4.71,0.00,4.79,4.71,0.00,4.79,DStar
556,3.70,AgentPrefab,Agent,MoveState,Moving,Goal,20.00,0.00,20.00,4.71,0.00,4.79,4.72,0.00,4.79,DStar
557,3.70,AllyPrefab,Ally,AllyIdleState,Idling,AgentPrefab,4.72,0.00,4.79,9.00,0.00,17.00,9.00,0.00,17.00,N/A
557,3.70,AgentPrefab,Agent,MoveState,Moving,AllyPrefab,9.00,0.00,17.00,4.72,0.00,4.79,4.72,0.00,4.79,DStar
557,3.70,AgentPrefab,Agent,MoveState,Moving,Goal,20.00,0.00,20.00,4.72,0.00,4.79,4.73,0.00,4.80,DStar
558,3.71,AllyPrefab,Ally,AllyIdleState,Idling,AgentPrefab,4.73,0.00,4.80,9.00,0.00,17.00,9.00,0.00,17.00,N/A
558,3.71,AgentPrefab,Agent,MoveState,Moving,AllyPrefab,9.00,0.00,17.00,4.73,0.00,4.80,4.73,0.00,4.80,DStar
558,3.71,AgentPrefab,Agent,MoveState,Moving,Goal,20.00,0.00,20.00,4.73,0.00,4.80,4.73,0.00,4.81,DStar
559,3.71,AllyPrefab,Ally,AllyIdleState,Idling,AgentPrefab,4.73,0.00,4.81,9.00,0.00,17.00,9.00,0.00,17.00,N/A
559,3.71,AgentPrefab,Agent,MoveState,Moving,AllyPrefab,9.00,0.00,17.00,4.73,0.00,4.81,4.73,0.00,4.81,DStar
559,3.71,AgentPrefab,Agent,MoveState,Moving,Goal,20.00,0.00,20.00,4.73,0.00,4.81,4.74,0.00,4.82,DStar
560,3.72,AllyPrefab,Ally,AllyIdleState,Idling,AgentPrefab,4.74,0.00,4.82,9.00,0.00,17.00,9.00,0.00,17.00,N/A
560,3.72,AgentPrefab,Agent,MoveState,Moving,AllyPrefab,9.00,0.00,17.00,4.74,0.00,4.82,4.74,0.00,4.82,DStar
560,3.72,AgentPrefab,Agent,MoveState,Moving,Goal,20.00,0.00,20.00,4.74,0.00,4.82,4.75,0.00,4.82,DStar
561,3.72,AllyPrefab,Ally,AllyIdleState,Idling,AgentPrefab,4.75,0.00,4.82,9.00,0.00,17.00,9.00,0.00,17.00,N/A
561,3.72,AgentPrefab,Agent,MoveState,Moving,AllyPrefab,9.00,0.00,17.00,4.75,0.00,4.82,4.75,0.00,4.82,DStar
561,3.72,AgentPrefab,Agent,MoveState,Moving,Goal,20.00,0.00,20.00,4.75,0.00,4.82,4.76,0.00,4.83,DStar
562,3.73,AllyPrefab,Ally,AllyIdleState,Idling,AgentPrefab,4.76,0.00,4.83,9.00,0.00,17.00,9.00,0.00,17.00,N/A
562,3.73,AgentPrefab,Agent,MoveState,Moving,AllyPrefab,9.00,0.00,17.00,4.76,0.00,4.83,4.76,0.00,4.83,DStar
562,3.73,AgentPrefab,Agent,MoveState,Moving,Goal,20.00,0.00,20.00,4.76,0.00,4.83,4.76,0.00,4.84,DStar
563,3.73,AllyPrefab,Ally,AllyIdleState,Idling,AgentPrefab,4.76,0.00,4.84,9.00,0.00,17.00,9.00,0.00,17.00,N/A
563,3.73,AgentPrefab,Agent,MoveState,Moving,AllyPrefab,9.00,0.00,17.00,4.76,0.00,4.84,4.76,0.00,4.84,DStar
563,3.73,AgentPrefab,Agent,MoveState,Moving,Goal,20.00,0.00,20.00,4.76,0.00,4.84,4.77,0.00,4.85,DStar
564,3.74,AllyPrefab,Ally,AllyIdleState,Idling,AgentPrefab,4.77,0.00,4.85,9.00,0.00,17.00,9.00,0.00,17.00,N/A
564,3.74,AgentPrefab,Agent,MoveState,Moving,AllyPrefab,9.00,0.00,17.00,4.77,0.00,4.85,4.77,0.00,4.85,DStar
564,3.74,AgentPrefab,Agent,MoveState,Moving,Goal,20.00,0.00,20.00,4.77,0.00,4.85,4.78,0.00,4.85,DStar
565,3.74,AllyPrefab,Ally,AllyIdleState,Idling,AgentPrefab,4.78,0.00,4.85,9.00,0.00,17.00,9.00,0.00,17.00,N/A
565,3.74,AgentPrefab,Agent,MoveState,Moving,AllyPrefab,9.00,0.00,17.00,4.78,0.00,4.85,4.78,0.00,4.85,DStar
565,3.74,AgentPrefab,Agent,MoveState,Moving,Goal,20.00,0.00,20.00,4.78,0.00,4.85,4.79,0.00,4.86,DStar
566,3.75,AllyPrefab,Ally,AllyIdleState,Idling,AgentPrefab,4.79,0.00,4.86,9.00,0.00,17.00,9.00,0.00,17.00,N/A
566,3.75,AgentPrefab,Agent,MoveState,Moving,AllyPrefab,9.00,0.00,17.00,4.79,0.00,4.86,4.79,0.00,4.86,DStar
566,3.75,AgentPrefab,Agent,MoveState,Moving,Goal,20.00,0.00,20.00,4.79,0.00,4.86,4.79,0.00,4.87,DStar
567,3.75,AllyPrefab,Ally,AllyIdleState,Idling,AgentPrefab,4.79,0.00,4.87,9.00,0.00,17.00,9.00,0.00,17.00,N/A
567,3.75,AgentPrefab,Agent,MoveState,Moving,AllyPrefab,9.00,0.00,17.00,4.79,0.00,4.87,4.79,0.00,4.87,DStar
567,3.75,AgentPrefab,Agent,MoveState,Moving,Goal,20.00,0.00,20.00,4.79,0.00,4.87,4.80,0.00,4.87,DStar
568,3.76,AllyPrefab,Ally,AllyIdleState,Idling,AgentPrefab,4.80,0.00,4.87,9.00,0.00,17.00,9.00,0.00,17.00,N/A
568,3.76,AgentPrefab,Agent,MoveState,Moving,AllyPrefab,9.00,0.00,17.00,4.80,0.00,4.87,4.80,0.00,4.87,DStar
568,3.76,AgentPrefab,Agent,MoveState,Moving,Goal,20.00,0.00,20.00,4.80,0.00,4.87,4.81,0.00,4.88,DStar
569,3.76,AllyPrefab,Ally,AllyIdleState,Idling,AgentPrefab,4.81,0.00,4.88,9.00,0.00,17.00,9.00,0.00,17.00,N/A
569,3.76,AgentPrefab,Agent,MoveState,Moving,AllyPrefab,9.00,0.00,17.00,4.81,0.00,4.88,4.81,0.00,4.88,DStar
569,3.76,AgentPrefab,Agent,MoveState,Moving,Goal,20.00,0.00,20.00,4.81,0.00,4.88,4.81,0.00,4.89,DStar
570,3.77,AllyPrefab,Ally,AllyIdleState,Idling,AgentPrefab,4.81,0.00,4.89,9.00,0.00,17.00,9.00,0.00,17.00,N/A
570,3.77,AgentPrefab,Agent,MoveState,Moving,AllyPrefab,9.00,0.00,17.00,4.81,0.00,4.89,4.81,0.00,4.89,DStar
570,3.77,AgentPrefab,Agent,MoveState,Moving,Goal,20.00,0.00,20.00,4.81,0.00,4.89,4.82,0.00,4.90,DStar
571,3.77,AllyPrefab,Ally,AllyIdleState,Idling,AgentPrefab,4.82,0.00,4.90,9.00,0.00,17.00,9.00,0.00,17.00,N/A
571,3.77,AgentPrefab,Agent,MoveState,Moving,AllyPrefab,9.00,0.00,17.00,4.82,0.00,4.90,4.82,0.00,4.90,DStar
571,3.77,AgentPrefab,Agent,MoveState,Moving,Goal,20.00,0.00,20.00,4.82,0.00,4.90,4.83,0.00,4.90,DStar
572,3.78,AllyPrefab,Ally,AllyIdleState,Idling,AgentPrefab,4.83,0.00,4.90,9.00,0.00,17.00,9.00,0.00,17.00,N/A
572,3.78,AgentPrefab,Agent,MoveState,Moving,AllyPrefab,9.00,0.00,17.00,4.83,0.00,4.90,4.83,0.00,4.90,DStar
572,3.78,AgentPrefab,Agent,MoveState,Moving,Goal,20.00,0.00,20.00,4.83,0.00,4.90,4.83,0.00,4.91,DStar
573,3.78,AllyPrefab,Ally,AllyIdleState,Idling,AgentPrefab,4.83,0.00,4.91,9.00,0.00,17.00,9.00,0.00,17.00,N/A
573,3.78,AgentPrefab,Agent,MoveState,Moving,AllyPrefab,9.00,0.00,17.00,4.83,0.00,4.91,4.83,0.00,4.91,DStar
573,3.78,AgentPrefab,Agent,MoveState,Moving,Goal,20.00,0.00,20.00,4.83,0.00,4.91,4.84,0.00,4.92,DStar
574,3.79,AllyPrefab,Ally,AllyIdleState,Idling,AgentPrefab,4.84,0.00,4.92,9.00,0.00,17.00,9.00,0.00,17.00,N/A
574,3.79,AgentPrefab,Agent,MoveState,Moving,AllyPrefab,9.00,0.00,17.00,4.84,0.00,4.92,4.84,0.00,4.92,DStar
574,3.79,AgentPrefab,Agent,MoveState,Moving,Goal,20.00,0.00,20.00,4.84,0.00,4.92,4.85,0.00,4.92,DStar
575,3.79,AllyPrefab,Ally,AllyIdleState,Idling,AgentPrefab,4.85,0.00,4.92,9.00,0.00,17.00,9.00,0.00,17.00,N/A
575,3.79,AgentPrefab,Agent,MoveState,Moving,AllyPrefab,9.00,0.00,17.00,4.85,0.00,4.92,4.85,0.00,4.92,DStar
575,3.79,AgentPrefab,Agent,MoveState,Moving,Goal,20.00,0.00,20.00,4.85,0.00,4.92,4.86,0.00,4.93,DStar
576,3.80,AllyPrefab,Ally,AllyIdleState,Idling,AgentPrefab,4.86,0.00,4.93,9.00,0.00,17.00,9.00,0.00,17.00,N/A
576,3.80,AgentPrefab,Agent,MoveState,Moving,AllyPrefab,9.00,0.00,17.00,4.86,0.00,4.93,4.86,0.00,4.93,DStar
576,3.80,AgentPrefab,Agent,MoveState,Moving,Goal,20.00,0.00,20.00,4.86,0.00,4.93,4.86,0.00,4.94,DStar
577,3.80,AllyPrefab,Ally,AllyIdleState,Idling,AgentPrefab,4.86,0.00,4.94,9.00,0.00,17.00,9.00,0.00,17.00,N/A
577,3.80,AgentPrefab,Agent,MoveState,Moving,AllyPrefab,9.00,0.00,17.00,4.86,0.00,4.94,4.86,0.00,4.94,DStar
577,3.80,AgentPrefab,Agent,MoveState,Moving,Goal,20.00,0.00,20.00,4.86,0.00,4.94,4.87,0.00,4.94,DStar
578,3.81,AllyPrefab,Ally,AllyIdleState,Idling,AgentPrefab,4.87,0.00,4.94,9.00,0.00,17.00,9.00,0.00,17.00,N/A
578,3.81,AgentPrefab,Agent,MoveState,Moving,AllyPrefab,9.00,0.00,17.00,4.87,0.00,4.94,4.87,0.00,4.94,DStar
578,3.81,AgentPrefab,Agent,MoveState,Moving,Goal,20.00,0.00,20.00,4.87,0.00,4.94,4.88,0.00,4.95,DStar
579,3.81,AllyPrefab,Ally,AllyIdleState,Idling,AgentPrefab,4.88,0.00,4.95,9.00,0.00,17.00,9.00,0.00,17.00,N/A
579,3.81,AgentPrefab,Agent,MoveState,Moving,AllyPrefab,9.00,0.00,17.00,4.88,0.00,4.95,4.88,0.00,4.95,DStar
579,3.81,AgentPrefab,Agent,MoveState,Moving,Goal,20.00,0.00,20.00,4.88,0.00,4.95,4.89,0.00,4.96,DStar
580,3.82,AllyPrefab,Ally,AllyIdleState,Idling,AgentPrefab,4.89,0.00,4.96,9.00,0.00,17.00,9.00,0.00,17.00,N/A
580,3.82,AgentPrefab,Agent,MoveState,Moving,AllyPrefab,9.00,0.00,17.00,4.89,0.00,4.96,4.89,0.00,4.96,DStar
580,3.82,AgentPrefab,Agent,MoveState,Moving,Goal,20.00,0.00,20.00,4.89,0.00,4.96,4.89,0.00,4.97,DStar
581,3.82,AllyPrefab,Ally,AllyIdleState,Idling,AgentPrefab,4.89,0.00,4.97,9.00,0.00,17.00,9.00,0.00,17.00,N/A
581,3.82,AgentPrefab,Agent,MoveState,Moving,AllyPrefab,9.00,0.00,17.00,4.89,0.00,4.97,4.89,0.00,4.97,DStar
581,3.82,AgentPrefab,Agent,MoveState,Moving,Goal,20.00,0.00,20.00,4.89,0.00,4.97,4.90,0.00,4.97,DStar
582,3.83,AllyPrefab,Ally,AllyIdleState,Idling,AgentPrefab,4.90,0.00,4.97,9.00,0.00,17.00,9.00,0.00,17.00,N/A
582,3.83,AgentPrefab,Agent,MoveState,Moving,AllyPrefab,9.00,0.00,17.00,4.90,0.00,4.97,4.90,0.00,4.97,DStar
582,3.83,AgentPrefab,Agent,MoveState,Moving,Goal,20.00,0.00,20.00,4.90,0.00,4.97,4.91,0.00,4.98,DStar
583,3.83,AllyPrefab,Ally,AllyIdleState,Idling,AgentPrefab,4.91,0.00,4.98,9.00,0.00,17.00,9.00,0.00,17.00,N/A
583,3.83,AgentPrefab,Agent,MoveState,Moving,AllyPrefab,9.00,0.00,17.00,4.91,0.00,4.98,4.91,0.00,4.98,DStar
583,3.83,AgentPrefab,Agent,MoveState,Moving,Goal,20.00,0.00,20.00,4.91,0.00,4.98,4.92,0.00,4.99,DStar
584,3.84,AllyPrefab,Ally,AllyIdleState,Idling,AgentPrefab,4.92,0.00,4.99,9.00,0.00,17.00,9.00,0.00,17.00,N/A
584,3.84,AgentPrefab,Agent,MoveState,Moving,AllyPrefab,9.00,0.00,17.00,4.92,0.00,4.99,4.92,0.00,4.99,DStar
584,3.84,AgentPrefab,Agent,MoveState,Moving,Goal,20.00,0.00,20.00,4.92,0.00,4.99,4.92,0.00,5.00,DStar
585,3.84,AllyPrefab,Ally,AllyIdleState,Idling,AgentPrefab,4.92,0.00,5.00,9.00,0.00,17.00,9.00,0.00,17.00,N/A
585,3.84,AgentPrefab,Agent,MoveState,Moving,AllyPrefab,9.00,0.00,17.00,4.92,0.00,5.00,4.92,0.00,5.00,DStar
585,3.84,AgentPrefab,Agent,MoveState,Moving,Goal,20.00,0.00,20.00,4.92,0.00,5.00,4.93,0.00,5.00,DStar
586,3.85,AllyPrefab,Ally,AllyIdleState,Idling,AgentPrefab,4.93,0.00,5.00,9.00,0.00,17.00,9.00,0.00,17.00,N/A
586,3.85,AgentPrefab,Agent,MoveState,Moving,AllyPrefab,9.00,0.00,17.00,4.93,0.00,5.00,4.93,0.00,5.00,DStar
586,3.85,AgentPrefab,Agent,MoveState,Moving,Goal,20.00,0.00,20.00,4.93,0.00,5.00,4.94,0.00,5.01,DStar
587,3.85,AllyPrefab,Ally,AllyIdleState,Idling,AgentPrefab,4.94,0.00,5.01,9.00,0.00,17.00,9.00,0.00,17.00,N/A
587,3.85,AgentPrefab,Agent,MoveState,Moving,AllyPrefab,9.00,0.00,17.00,4.94,0.00,5.01,4.94,0.00,5.01,DStar
587,3.85,AgentPrefab,Agent,MoveState,Moving,Goal,20.00,0.00,20.00,4.94,0.00,5.01,4.94,0.00,5.02,DStar
588,3.86,AllyPrefab,Ally,AllyIdleState,Idling,AgentPrefab,4.94,0.00,5.02,9.00,0.00,17.00,9.00,0.00,17.00,N/A
588,3.86,AgentPrefab,Agent,MoveState,Moving,AllyPrefab,9.00,0.00,17.00,4.94,0.00,5.02,4.94,0.00,5.02,DStar
588,3.86,AgentPrefab,Agent,MoveState,Moving,Goal,20.00,0.00,20.00,4.94,0.00,5.02,4.95,0.00,5.03,DStar
589,3.86,AllyPrefab,Ally,AllyIdleState,Idling,AgentPrefab,4.95,0.00,5.03,9.00,0.00,17.00,9.00,0.00,17.00,N/A
589,3.86,AgentPrefab,Agent,MoveState,Moving,AllyPrefab,9.00,0.00,17.00,4.95,0.00,5.03,4.95,0.00,5.03,DStar
589,3.86,AgentPrefab,Agent,MoveState,Moving,Goal,20.00,0.00,20.00,4.95,0.00,5.03,4.96,0.00,5.03,DStar
590,3.87,AllyPrefab,Ally,AllyIdleState,Idling,AgentPrefab,4.96,0.00,5.03,9.00,0.00,17.00,9.00,0.00,17.00,N/A
590,3.87,AgentPrefab,Agent,MoveState,Moving,AllyPrefab,9.00,0.00,17.00,4.96,0.00,5.03,4.96,0.00,5.03,DStar
590,3.87,AgentPrefab,Agent,MoveState,Moving,Goal,20.00,0.00,20.00,4.96,0.00,5.03,4.97,0.00,5.04,DStar
591,3.88,AllyPrefab,Ally,AllyIdleState,Idling,AgentPrefab,4.97,0.00,5.04,9.00,0.00,17.00,9.00,0.00,17.00,N/A
591,3.88,AgentPrefab,Agent,MoveState,Moving,AllyPrefab,9.00,0.00,17.00,4.97,0.00,5.04,4.97,0.00,5.04,DStar
591,3.88,AgentPrefab,Agent,MoveState,Moving,Goal,20.00,0.00,20.00,4.97,0.00,5.04,4.97,0.00,5.05,DStar
592,3.88,AllyPrefab,Ally,AllyIdleState,Idling,AgentPrefab,4.97,0.00,5.05,9.00,0.00,17.00,9.00,0.00,17.00,N/A
592,3.88,AgentPrefab,Agent,MoveState,Moving,AllyPrefab,9.00,0.00,17.00,4.97,0.00,5.05,4.97,0.00,5.05,DStar
592,3.88,AgentPrefab,Agent,MoveState,Moving,Goal,20.00,0.00,20.00,4.97,0.00,5.05,4.98,0.00,5.05,DStar
593,3.89,AllyPrefab,Ally,AllyIdleState,Idling,AgentPrefab,4.98,0.00,5.05,9.00,0.00,17.00,9.00,0.00,17.00,N/A
593,3.89,AgentPrefab,Agent,MoveState,Moving,AllyPrefab,9.00,0.00,17.00,4.98,0.00,5.05,4.98,0.00,5.05,DStar
593,3.89,AgentPrefab,Agent,MoveState,Moving,Goal,20.00,0.00,20.00,4.98,0.00,5.05,4.99,0.00,5.06,DStar
594,3.89,AllyPrefab,Ally,AllyIdleState,Idling,AgentPrefab,4.99,0.00,5.06,9.00,0.00,17.00,9.00,0.00,17.00,N/A
594,3.89,AgentPrefab,Agent,MoveState,Moving,AllyPrefab,9.00,0.00,17.00,4.99,0.00,5.06,4.99,0.00,5.06,DStar
594,3.89,AgentPrefab,Agent,MoveState,Moving,Goal,20.00,0.00,20.00,4.99,0.00,5.06,4.99,0.00,5.07,DStar
595,3.90,AllyPrefab,Ally,AllyIdleState,Idling,AgentPrefab,4.99,0.00,5.07,9.00,0.00,17.00,9.00,0.00,17.00,N/A
595,3.90,AgentPrefab,Agent,MoveState,Moving,AllyPrefab,9.00,0.00,17.00,4.99,0.00,5.07,4.99,0.00,5.07,DStar
595,3.90,AgentPrefab,Agent,MoveState,Moving,Goal,20.00,0.00,20.00,4.99,0.00,5.07,5.00,0.00,5.08,DStar
596,3.90,AllyPrefab,Ally,AllyIdleState,Idling,AgentPrefab,5.00,0.00,5.08,9.00,0.00,17.00,9.00,0.00,17.00,N/A
596,3.90,AgentPrefab,Agent,MoveState,Moving,AllyPrefab,9.00,0.00,17.00,5.00,0.00,5.08,5.00,0.00,5.08,DStar
596,3.90,AgentPrefab,Agent,MoveState,Moving,Goal,20.00,0.00,20.00,5.00,0.00,5.08,5.01,0.00,5.08,DStar
597,3.91,AllyPrefab,Ally,AllyIdleState,Idling,AgentPrefab,5.01,0.00,5.08,9.00,0.00,17.00,9.00,0.00,17.00,N/A
597,3.91,AgentPrefab,Agent,MoveState,Moving,AllyPrefab,9.00,0.00,17.00,5.01,0.00,5.08,5.01,0.00,5.08,DStar
597,3.91,AgentPrefab,Agent,MoveState,Moving,Goal,20.00,0.00,20.00,5.01,0.00,5.08,5.02,0.00,5.09,DStar
598,3.91,AllyPrefab,Ally,AllyIdleState,Idling,AgentPrefab,5.02,0.00,5.09,9.00,0.00,17.00,9.00,0.00,17.00,N/A
598,3.91,AgentPrefab,Agent,MoveState,Moving,AllyPrefab,9.00,0.00,17.00,5.02,0.00,5.09,5.02,0.00,5.09,DStar
598,3.91,AgentPrefab,Agent,MoveState,Moving,Goal,20.00,0.00,20.00,5.02,0.00,5.09,5.02,0.00,5.10,DStar
599,3.92,AllyPrefab,Ally,AllyIdleState,Idling,AgentPrefab,5.02,0.00,5.10,9.00,0.00,17.00,9.00,0.00,17.00,N/A
599,3.92,AgentPrefab,Agent,MoveState,Moving,AllyPrefab,9.00,0.00,17.00,5.02,0.00,5.10,5.02,0.00,5.10,DStar
599,3.92,AgentPrefab,Agent,MoveState,Moving,Goal,20.00,0.00,20.00,5.02,0.00,5.10,5.03,0.00,5.10,DStar
600,3.92,AllyPrefab,Ally,AllyIdleState,Idling,AgentPrefab,5.03,0.00,5.10,9.00,0.00,17.00,9.00,0.00,17.00,N/A
600,3.92,AgentPrefab,Agent,MoveState,Moving,AllyPrefab,9.00,0.00,17.00,5.03,0.00,5.10,5.03,0.00,5.10,DStar
600,3.92,AgentPrefab,Agent,MoveState,Moving,Goal,20.00,0.00,20.00,5.03,0.00,5.10,5.04,0.00,5.11,DStar
601,3.93,AllyPrefab,Ally,AllyIdleState,Idling,AgentPrefab,5.04,0.00,5.11,9.00,0.00,17.00,9.00,0.00,17.00,N/A
601,3.93,AgentPrefab,Agent,MoveState,Moving,AllyPrefab,9.00,0.00,17.00,5.04,0.00,5.11,5.04,0.00,5.11,DStar
601,3.93,AgentPrefab,Agent,MoveState,Moving,Goal,20.00,0.00,20.00,5.04,0.00,5.11,5.04,0.00,5.12,DStar
602,3.93,AllyPrefab,Ally,AllyIdleState,Idling,AgentPrefab,5.04,0.00,5.12,9.00,0.00,17.00,9.00,0.00,17.00,N/A
602,3.93,AgentPrefab,Agent,MoveState,Moving,AllyPrefab,9.00,0.00,17.00,5.04,0.00,5.12,5.04,0.00,5.12,DStar
602,3.93,AgentPrefab,Agent,MoveState,Moving,Goal,20.00,0.00,20.00,5.04,0.00,5.12,5.05,0.00,5.12,DStar
603,3.94,AllyPrefab,Ally,AllyIdleState,Idling,AgentPrefab,5.05,0.00,5.12,9.00,0.00,17.00,9.00,0.00,17.00,N/A
603,3.94,AgentPrefab,Agent,MoveState,Moving,AllyPrefab,9.00,0.00,17.00,5.05,0.00,5.12,5.05,0.00,5.12,DStar
603,3.94,AgentPrefab,Agent,MoveState,Moving,Goal,20.00,0.00,20.00,5.05,0.00,5.12,5.06,0.00,5.13,DStar
604,3.94,AllyPrefab,Ally,AllyIdleState,Idling,AgentPrefab,5.06,0.00,5.13,9.00,0.00,17.00,9.00,0.00,17.00,N/A
604,3.94,AgentPrefab,Agent,MoveState,Moving,AllyPrefab,9.00,0.00,17.00,5.06,0.00,5.13,5.06,0.00,5.13,DStar
604,3.94,AgentPrefab,Agent,MoveState,Moving,Goal,20.00,0.00,20.00,5.06,0.00,5.13,5.07,0.00,5.14,DStar
605,3.95,AllyPrefab,Ally,AllyIdleState,Idling,AgentPrefab,5.07,0.00,5.14,9.00,0.00,17.00,9.00,0.00,17.00,N/A
605,3.95,AgentPrefab,Agent,MoveState,Moving,AllyPrefab,9.00,0.00,17.00,5.07,0.00,5.14,5.07,0.00,5.14,DStar
605,3.95,AgentPrefab,Agent,MoveState,Moving,Goal,20.00,0.00,20.00,5.07,0.00,5.14,5.07,0.00,5.15,DStar
606,3.95,AllyPrefab,Ally,AllyIdleState,Idling,AgentPrefab,5.07,0.00,5.15,9.00,0.00,17.00,9.00,0.00,17.00,N/A
606,3.95,AgentPrefab,Agent,MoveState,Moving,AllyPrefab,9.00,0.00,17.00,5.07,0.00,5.15,5.07,0.00,5.15,DStar
606,3.95,AgentPrefab,Agent,MoveState,Moving,Goal,20.00,0.00,20.00,5.07,0.00,5.15,5.08,0.00,5.15,DStar
607,3.96,AllyPrefab,Ally,AllyIdleState,Idling,AgentPrefab,5.08,0.00,5.15,9.00,0.00,17.00,9.00,0.00,17.00,N/A
607,3.96,AgentPrefab,Agent,MoveState,Moving,AllyPrefab,9.00,0.00,17.00,5.08,0.00,5.15,5.08,0.00,5.15,DStar
607,3.96,AgentPrefab,Agent,MoveState,Moving,Goal,20.00,0.00,20.00,5.08,0.00,5.15,5.09,0.00,5.16,DStar
608,3.96,AllyPrefab,Ally,AllyIdleState,Idling,AgentPrefab,5.09,0.00,5.16,9.00,0.00,17.00,9.00,0.00,17.00,N/A
608,3.96,AgentPrefab,Agent,MoveState,Moving,AllyPrefab,9.00,0.00,17.00,5.09,0.00,5.16,5.09,0.00,5.16,DStar
608,3.96,AgentPrefab,Agent,MoveState,Moving,Goal,20.00,0.00,20.00,5.09,0.00,5.16,5.10,0.00,5.17,DStar
609,3.97,AllyPrefab,Ally,AllyIdleState,Idling,AgentPrefab,5.10,0.00,5.17,9.00,0.00,17.00,9.00,0.00,17.00,N/A
609,3.97,AgentPrefab,Agent,MoveState,Moving,AllyPrefab,9.00,0.00,17.00,5.10,0.00,5.17,5.10,0.00,5.17,DStar
609,3.97,AgentPrefab,Agent,MoveState,Moving,Goal,20.00,0.00,20.00,5.10,0.00,5.17,5.10,0.00,5.18,DStar
610,3.97,AllyPrefab,Ally,AllyIdleState,Idling,AgentPrefab,5.10,0.00,5.18,9.00,0.00,17.00,9.00,0.00,17.00,N/A
610,3.97,AgentPrefab,Agent,MoveState,Moving,AllyPrefab,9.00,0.00,17.00,5.10,0.00,5.18,5.10,0.00,5.18,DStar
610,3.97,AgentPrefab,Agent,MoveState,Moving,Goal,20.00,0.00,20.00,5.10,0.00,5.18,5.11,0.00,5.18,DStar
611,3.98,AllyPrefab,Ally,AllyIdleState,Idling,AgentPrefab,5.11,0.00,5.18,9.00,0.00,17.00,9.00,0.00,17.00,N/A
611,3.98,AgentPrefab,Agent,MoveState,Moving,AllyPrefab,9.00,0.00,17.00,5.11,0.00,5.18,5.11,0.00,5.18,DStar
611,3.98,AgentPrefab,Agent,MoveState,Moving,Goal,20.00,0.00,20.00,5.11,0.00,5.18,5.12,0.00,5.19,DStar
612,3.98,AllyPrefab,Ally,AllyIdleState,Idling,AgentPrefab,5.12,0.00,5.19,9.00,0.00,17.00,9.00,0.00,17.00,N/A
612,3.98,AgentPrefab,Agent,MoveState,Moving,AllyPrefab,9.00,0.00,17.00,5.12,0.00,5.19,5.12,0.00,5.19,DStar
612,3.98,AgentPrefab,Agent,MoveState,Moving,Goal,20.00,0.00,20.00,5.12,0.00,5.19,5.12,0.00,5.20,DStar
613,3.99,AllyPrefab,Ally,AllyIdleState,Idling,AgentPrefab,5.12,0.00,5.20,9.00,0.00,17.00,9.00,0.00,17.00,N/A
613,3.99,AgentPrefab,Agent,MoveState,Moving,AllyPrefab,9.00,0.00,17.00,5.12,0.00,5.20,5.12,0.00,5.20,DStar
613,3.99,AgentPrefab,Agent,MoveState,Moving,Goal,20.00,0.00,20.00,5.12,0.00,5.20,5.13,0.00,5.21,DStar
614,4.01,AllyPrefab,Ally,AllyIdleState,Idling,AgentPrefab,5.13,0.00,5.21,9.00,0.00,17.00,9.00,0.00,17.00,N/A
614,4.01,AgentPrefab,Agent,MoveState,Moving,AllyPrefab,9.00,0.00,17.00,5.13,0.00,5.21,5.13,0.00,5.21,DStar
614,4.01,AgentPrefab,Agent,MoveState,Moving,Goal,20.00,0.00,20.00,5.13,0.00,5.21,5.16,0.00,5.23,DStar
615,4.03,AllyPrefab,Ally,AllyIdleState,Idling,AgentPrefab,5.16,0.00,5.23,9.00,0.00,17.00,9.00,0.00,17.00,N/A
615,4.03,AgentPrefab,Agent,MoveState,Moving,AllyPrefab,9.00,0.00,17.00,5.16,0.00,5.23,5.16,0.00,5.23,DStar
615,4.03,AgentPrefab,Agent,MoveState,Moving,Goal,20.00,0.00,20.00,5.16,0.00,5.23,5.19,0.00,5.26,DStar
616,4.03,AllyPrefab,Ally,AllyIdleState,Idling,AgentPrefab,5.19,0.00,5.26,9.00,0.00,17.00,9.00,0.00,17.00,N/A
616,4.03,AgentPrefab,Agent,MoveState,Moving,AllyPrefab,9.00,0.00,17.00,5.19,0.00,5.26,5.19,0.00,5.26,DStar
616,4.03,AgentPrefab,Agent,MoveState,Moving,Goal,20.00,0.00,20.00,5.19,0.00,5.26,5.20,0.00,5.27,DStar
617,4.04,AllyPrefab,Ally,AllyIdleState,Idling,AgentPrefab,5.20,0.00,5.27,9.00,0.00,17.00,9.00,0.00,17.00,N/A
617,4.04,AgentPrefab,Agent,MoveState,Moving,AllyPrefab,9.00,0.00,17.00,5.20,0.00,5.27,5.20,0.00,5.27,DStar
617,4.04,AgentPrefab,Agent,MoveState,Moving,Goal,20.00,0.00,20.00,5.20,0.00,5.27,5.21,0.00,5.28,DStar
618,4.04,AllyPrefab,Ally,AllyIdleState,Idling,AgentPrefab,5.21,0.00,5.28,9.00,0.00,17.00,9.00,0.00,17.00,N/A
618,4.04,AgentPrefab,Agent,MoveState,Moving,AllyPrefab,9.00,0.00,17.00,5.21,0.00,5.28,5.21,0.00,5.28,DStar
618,4.04,AgentPrefab,Agent,MoveState,Moving,Goal,20.00,0.00,20.00,5.21,0.00,5.28,5.21,0.00,5.29,DStar
619,4.05,AllyPrefab,Ally,AllyIdleState,Idling,AgentPrefab,5.21,0.00,5.29,9.00,0.00,17.00,9.00,0.00,17.00,N/A
619,4.05,AgentPrefab,Agent,MoveState,Moving,AllyPrefab,9.00,0.00,17.00,5.21,0.00,5.29,5.21,0.00,5.29,DStar
619,4.05,AgentPrefab,Agent,MoveState,Moving,Goal,20.00,0.00,20.00,5.21,0.00,5.29,5.22,0.00,5.29,DStar
620,4.06,AllyPrefab,Ally,AllyIdleState,Idling,AgentPrefab,5.22,0.00,5.29,9.00,0.00,17.00,9.00,0.00,17.00,N/A
620,4.06,AgentPrefab,Agent,MoveState,Moving,AllyPrefab,9.00,0.00,17.00,5.22,0.00,5.29,5.22,0.00,5.29,DStar
620,4.06,AgentPrefab,Agent,MoveState,Moving,Goal,20.00,0.00,20.00,5.22,0.00,5.29,5.23,0.00,5.30,DStar
621,4.06,AllyPrefab,Ally,AllyIdleState,Idling,AgentPrefab,5.23,0.00,5.30,9.00,0.00,17.00,9.00,0.00,17.00,N/A
621,4.06,AgentPrefab,Agent,MoveState,Moving,AllyPrefab,9.00,0.00,17.00,5.23,0.00,5.30,5.23,0.00,5.30,DStar
621,4.06,AgentPrefab,Agent,MoveState,Moving,Goal,20.00,0.00,20.00,5.23,0.00,5.30,5.23,0.00,5.31,DStar
622,4.06,AllyPrefab,Ally,AllyIdleState,Idling,AgentPrefab,5.23,0.00,5.31,9.00,0.00,17.00,9.00,0.00,17.00,N/A
622,4.06,AgentPrefab,Agent,MoveState,Moving,AllyPrefab,9.00,0.00,17.00,5.23,0.00,5.31,5.23,0.00,5.31,DStar
622,4.06,AgentPrefab,Agent,MoveState,Moving,Goal,20.00,0.00,20.00,5.23,0.00,5.31,5.24,0.00,5.31,DStar
623,4.07,AllyPrefab,Ally,AllyIdleState,Idling,AgentPrefab,5.24,0.00,5.31,9.00,0.00,17.00,9.00,0.00,17.00,N/A
623,4.07,AgentPrefab,Agent,MoveState,Moving,AllyPrefab,9.00,0.00,17.00,5.24,0.00,5.31,5.24,0.00,5.31,DStar
623,4.07,AgentPrefab,Agent,MoveState,Moving,Goal,20.00,0.00,20.00,5.24,0.00,5.31,5.25,0.00,5.32,DStar
624,4.07,AllyPrefab,Ally,AllyIdleState,Idling,AgentPrefab,5.25,0.00,5.32,9.00,0.00,17.00,9.00,0.00,17.00,N/A
624,4.07,AgentPrefab,Agent,MoveState,Moving,AllyPrefab,9.00,0.00,17.00,5.25,0.00,5.32,5.25,0.00,5.32,DStar
624,4.07,AgentPrefab,Agent,MoveState,Moving,Goal,20.00,0.00,20.00,5.25,0.00,5.32,5.26,0.00,5.33,DStar
625,4.08,AllyPrefab,Ally,AllyIdleState,Idling,AgentPrefab,5.26,0.00,5.33,9.00,0.00,17.00,9.00,0.00,17.00,N/A
625,4.08,AgentPrefab,Agent,MoveState,Moving,AllyPrefab,9.00,0.00,17.00,5.26,0.00,5.33,5.26,0.00,5.33,DStar
625,4.08,AgentPrefab,Agent,MoveState,Moving,Goal,20.00,0.00,20.00,5.26,0.00,5.33,5.26,0.00,5.34,DStar
626,4.08,AllyPrefab,Ally,AllyIdleState,Idling,AgentPrefab,5.26,0.00,5.34,9.00,0.00,17.00,9.00,0.00,17.00,N/A
626,4.08,AgentPrefab,Agent,MoveState,Moving,AllyPrefab,9.00,0.00,17.00,5.26,0.00,5.34,5.26,0.00,5.34,DStar
626,4.08,AgentPrefab,Agent,MoveState,Moving,Goal,20.00,0.00,20.00,5.26,0.00,5.34,5.27,0.00,5.34,DStar
627,4.09,AllyPrefab,Ally,AllyIdleState,Idling,AgentPrefab,5.27,0.00,5.34,9.00,0.00,17.00,9.00,0.00,17.00,N/A
627,4.09,AgentPrefab,Agent,MoveState,Moving,AllyPrefab,9.00,0.00,17.00,5.27,0.00,5.34,5.27,0.00,5.34,DStar
627,4.09,AgentPrefab,Agent,MoveState,Moving,Goal,20.00,0.00,20.00,5.27,0.00,5.34,5.28,0.00,5.35,DStar
628,4.09,AllyPrefab,Ally,AllyIdleState,Idling,AgentPrefab,5.28,0.00,5.35,9.00,0.00,17.00,9.00,0.00,17.00,N/A
628,4.09,AgentPrefab,Agent,MoveState,Moving,AllyPrefab,9.00,0.00,17.00,5.28,0.00,5.35,5.28,0.00,5.35,DStar
628,4.09,AgentPrefab,Agent,MoveState,Moving,Goal,20.00,0.00,20.00,5.28,0.00,5.35,5.28,0.00,5.36,DStar
629,4.10,AllyPrefab,Ally,AllyIdleState,Idling,AgentPrefab,5.28,0.00,5.36,9.00,0.00,17.00,9.00,0.00,17.00,N/A
629,4.10,AgentPrefab,Agent,MoveState,Moving,AllyPrefab,9.00,0.00,17.00,5.28,0.00,5.36,5.28,0.00,5.36,DStar
629,4.10,AgentPrefab,Agent,MoveState,Moving,Goal,20.00,0.00,20.00,5.28,0.00,5.36,5.29,0.00,5.36,DStar
630,4.10,AllyPrefab,Ally,AllyIdleState,Idling,AgentPrefab,5.29,0.00,5.36,9.00,0.00,17.00,9.00,0.00,17.00,N/A
630,4.10,AgentPrefab,Agent,MoveState,Moving,AllyPrefab,9.00,0.00,17.00,5.29,0.00,5.36,5.29,0.00,5.36,DStar
630,4.10,AgentPrefab,Agent,MoveState,Moving,Goal,20.00,0.00,20.00,5.29,0.00,5.36,5.30,0.00,5.37,DStar
631,4.11,AllyPrefab,Ally,AllyIdleState,Idling,AgentPrefab,5.30,0.00,5.37,9.00,0.00,17.00,9.00,0.00,17.00,N/A
631,4.11,AgentPrefab,Agent,MoveState,Moving,AllyPrefab,9.00,0.00,17.00,5.30,0.00,5.37,5.30,0.00,5.37,DStar
631,4.11,AgentPrefab,Agent,MoveState,Moving,Goal,20.00,0.00,20.00,5.30,0.00,5.37,5.31,0.00,5.38,DStar
632,4.12,AllyPrefab,Ally,AllyIdleState,Idling,AgentPrefab,5.31,0.00,5.38,9.00,0.00,17.00,9.00,0.00,17.00,N/A
632,4.12,AgentPrefab,Agent,MoveState,Moving,AllyPrefab,9.00,0.00,17.00,5.31,0.00,5.38,5.31,0.00,5.38,DStar
632,4.12,AgentPrefab,Agent,MoveState,Moving,Goal,20.00,0.00,20.00,5.31,0.00,5.38,5.31,0.00,5.39,DStar
633,4.12,AllyPrefab,Ally,AllyIdleState,Idling,AgentPrefab,5.31,0.00,5.39,9.00,0.00,17.00,9.00,0.00,17.00,N/A
633,4.12,AgentPrefab,Agent,MoveState,Moving,AllyPrefab,9.00,0.00,17.00,5.31,0.00,5.39,5.31,0.00,5.39,DStar
633,4.12,AgentPrefab,Agent,MoveState,Moving,Goal,20.00,0.00,20.00,5.31,0.00,5.39,5.32,0.00,5.39,DStar
634,4.12,AllyPrefab,Ally,AllyIdleState,Idling,AgentPrefab,5.32,0.00,5.39,9.00,0.00,17.00,9.00,0.00,17.00,N/A
634,4.12,AgentPrefab,Agent,MoveState,Moving,AllyPrefab,9.00,0.00,17.00,5.32,0.00,5.39,5.32,0.00,5.39,DStar
634,4.12,AgentPrefab,Agent,MoveState,Moving,Goal,20.00,0.00,20.00,5.32,0.00,5.39,5.33,0.00,5.40,DStar
635,4.16,AllyPrefab,Ally,AllyIdleState,Idling,AgentPrefab,5.33,0.00,5.40,9.00,0.00,17.00,9.00,0.00,17.00,N/A
635,4.16,AgentPrefab,Agent,MoveState,Moving,AllyPrefab,9.00,0.00,17.00,5.33,0.00,5.40,5.33,0.00,5.40,DStar
635,4.16,AgentPrefab,Agent,MoveState,Moving,Goal,20.00,0.00,20.00,5.33,0.00,5.40,5.38,0.00,5.45,DStar
636,4.21,AllyPrefab,Ally,AllyIdleState,Idling,AgentPrefab,5.38,0.00,5.45,9.00,0.00,17.00,9.00,0.00,17.00,N/A
636,4.21,AgentPrefab,Agent,MoveState,Moving,AllyPrefab,9.00,0.00,17.00,5.38,0.00,5.45,5.38,0.00,5.45,DStar
636,4.21,AgentPrefab,Agent,MoveState,Moving,Goal,20.00,0.00,20.00,5.38,0.00,5.45,5.44,0.00,5.51,DStar
637,4.22,AllyPrefab,Ally,AllyIdleState,Idling,AgentPrefab,5.44,0.00,5.51,9.00,0.00,17.00,9.00,0.00,17.00,N/A
637,4.22,AgentPrefab,Agent,MoveState,Moving,AllyPrefab,9.00,0.00,17.00,5.44,0.00,5.51,5.44,0.00,5.51,DStar
637,4.22,AgentPrefab,Agent,MoveState,Moving,Goal,20.00,0.00,20.00,5.44,0.00,5.51,5.46,0.00,5.53,DStar
638,4.23,AllyPrefab,Ally,AllyIdleState,Idling,AgentPrefab,5.46,0.00,5.53,9.00,0.00,17.00,9.00,0.00,17.00,N/A
638,4.23,AgentPrefab,Agent,MoveState,Moving,AllyPrefab,9.00,0.00,17.00,5.46,0.00,5.53,5.46,0.00,5.53,DStar
638,4.23,AgentPrefab,Agent,MoveState,Moving,Goal,20.00,0.00,20.00,5.46,0.00,5.53,5.48,0.00,5.55,DStar
639,4.24,AllyPrefab,Ally,AllyIdleState,Idling,AgentPrefab,5.48,0.00,5.55,9.00,0.00,17.00,9.00,0.00,17.00,N/A
639,4.24,AgentPrefab,Agent,MoveState,Moving,AllyPrefab,9.00,0.00,17.00,5.48,0.00,5.55,5.48,0.00,5.55,DStar
639,4.24,AgentPrefab,Agent,MoveState,Moving,Goal,20.00,0.00,20.00,5.48,0.00,5.55,5.49,0.00,5.56,DStar
640,4.24,AllyPrefab,Ally,AllyIdleState,Idling,AgentPrefab,5.49,0.00,5.56,9.00,0.00,17.00,9.00,0.00,17.00,N/A
640,4.24,AgentPrefab,Agent,MoveState,Moving,AllyPrefab,9.00,0.00,17.00,5.49,0.00,5.56,5.49,0.00,5.56,DStar
640,4.24,AgentPrefab,Agent,MoveState,Moving,Goal,20.00,0.00,20.00,5.49,0.00,5.56,5.49,0.00,5.56,DStar
641,4.25,AllyPrefab,Ally,AllyIdleState,Idling,AgentPrefab,5.49,0.00,5.56,9.00,0.00,17.00,9.00,0.00,17.00,N/A
641,4.25,AgentPrefab,Agent,MoveState,Moving,AllyPrefab,9.00,0.00,17.00,5.49,0.00,5.56,5.49,0.00,5.56,DStar
641,4.25,AgentPrefab,Agent,MoveState,Moving,Goal,20.00,0.00,20.00,5.49,0.00,5.56,5.50,0.00,5.57,DStar
642,4.25,AllyPrefab,Ally,AllyIdleState,Idling,AgentPrefab,5.50,0.00,5.57,9.00,0.00,17.00,9.00,0.00,17.00,N/A
642,4.25,AgentPrefab,Agent,MoveState,Moving,AllyPrefab,9.00,0.00,17.00,5.50,0.00,5.57,5.50,0.00,5.57,DStar
642,4.25,AgentPrefab,Agent,MoveState,Moving,Goal,20.00,0.00,20.00,5.50,0.00,5.57,5.51,0.00,5.58,DStar
643,4.26,AllyPrefab,Ally,AllyIdleState,Idling,AgentPrefab,5.51,0.00,5.58,9.00,0.00,17.00,9.00,0.00,17.00,N/A
643,4.26,AgentPrefab,Agent,MoveState,Moving,AllyPrefab,9.00,0.00,17.00,5.51,0.00,5.58,5.51,0.00,5.58,DStar
643,4.26,AgentPrefab,Agent,MoveState,Moving,Goal,20.00,0.00,20.00,5.51,0.00,5.58,5.51,0.00,5.59,DStar
644,4.26,AllyPrefab,Ally,AllyIdleState,Idling,AgentPrefab,5.51,0.00,5.59,9.00,0.00,17.00,9.00,0.00,17.00,N/A
644,4.26,AgentPrefab,Agent,MoveState,Moving,AllyPrefab,9.00,0.00,17.00,5.51,0.00,5.59,5.51,0.00,5.59,DStar
644,4.26,AgentPrefab,Agent,MoveState,Moving,Goal,20.00,0.00,20.00,5.51,0.00,5.59,5.52,0.00,5.59,DStar
645,4.27,AllyPrefab,Ally,AllyIdleState,Idling,AgentPrefab,5.52,0.00,5.59,9.00,0.00,17.00,9.00,0.00,17.00,N/A
645,4.27,AgentPrefab,Agent,MoveState,Moving,AllyPrefab,9.00,0.00,17.00,5.52,0.00,5.59,5.52,0.00,5.59,DStar
645,4.27,AgentPrefab,Agent,MoveState,Moving,Goal,20.00,0.00,20.00,5.52,0.00,5.59,5.53,0.00,5.60,DStar
646,4.27,AllyPrefab,Ally,AllyIdleState,Idling,AgentPrefab,5.53,0.00,5.60,9.00,0.00,17.00,9.00,0.00,17.00,N/A
646,4.27,AgentPrefab,Agent,MoveState,Moving,AllyPrefab,9.00,0.00,17.00,5.53,0.00,5.60,5.53,0.00,5.60,DStar
646,4.27,AgentPrefab,Agent,MoveState,Moving,Goal,20.00,0.00,20.00,5.53,0.00,5.60,5.54,0.00,5.61,DStar
647,4.28,AllyPrefab,Ally,AllyIdleState,Idling,AgentPrefab,5.54,0.00,5.61,9.00,0.00,17.00,9.00,0.00,17.00,N/A
647,4.28,AgentPrefab,Agent,MoveState,Moving,AllyPrefab,9.00,0.00,17.00,5.54,0.00,5.61,5.54,0.00,5.61,DStar
647,4.28,AgentPrefab,Agent,MoveState,Moving,Goal,20.00,0.00,20.00,5.54,0.00,5.61,5.55,0.00,5.62,DStar
648,4.29,AllyPrefab,Ally,AllyIdleState,Idling,AgentPrefab,5.55,0.00,5.62,9.00,0.00,17.00,9.00,0.00,17.00,N/A
648,4.29,AgentPrefab,Agent,MoveState,Moving,AllyPrefab,9.00,0.00,17.00,5.55,0.00,5.62,5.55,0.00,5.62,DStar
648,4.29,AgentPrefab,Agent,MoveState,Moving,Goal,20.00,0.00,20.00,5.55,0.00,5.62,5.55,0.00,5.62,DStar
649,4.62,AllyPrefab,Ally,AllyIdleState,Idling,AgentPrefab,5.55,0.00,5.62,9.00,0.00,17.00,9.00,0.00,17.00,N/A
649,4.62,AgentPrefab,Agent,MoveState,Moving,AllyPrefab,9.00,0.00,17.00,5.55,0.00,5.62,5.55,0.00,5.62,DStar
649,4.62,AgentPrefab,Agent,MoveState,Moving,Goal,20.00,0.00,20.00,5.55,0.00,5.62,5.55,0.00,5.62,DStar
650,4.95,AllyPrefab,Ally,AllyIdleState,Idling,AgentPrefab,5.55,0.00,5.62,9.00,0.00,17.00,9.00,0.00,17.00,N/A
650,4.95,AgentPrefab,Agent,MoveState,Moving,AllyPrefab,9.00,0.00,17.00,5.55,0.00,5.62,5.55,0.00,5.62,DStar
650,4.95,AgentPrefab,Agent,MoveState,Moving,Goal,20.00,0.00,20.00,5.55,0.00,5.62,5.55,0.00,5.62,DStar
1,0.00,AgentPrefab,Agent,IdleState,Idling,AllyPrefab,9.00,0.00,17.00,0.00,0.00,0.00,0.00,0.00,0.00,DStar
1,0.00,AgentPrefab,Agent,SearchState,Searching Path,AllyPrefab,9.00,0.00,17.00,0.00,0.00,0.00,0.00,0.00,0.00,DStar
2,0.02,AgentPrefab,Agent,MoveState,Moving,AllyPrefab,9.00,0.00,17.00,0.00,0.00,0.00,0.00,0.00,0.00,DStar
2,0.02,AgentPrefab,Agent,GoalState,GoalReached,AllyPrefab,9.00,0.00,17.00,0.00,0.00,0.00,0.00,0.00,0.00,DStar
