Frame,Time,Object,Type,State,Action,Target,TargetX,TargetY,TargetZ,CurrentX,CurrentY,CurrentZ,NextX,NextY,NextZ,AIType
1,0.00,AgentPrefab,Agent,IdleState,Idling,Goal,20.00,0.00,20.00,0.00,0.00,0.00,0.00,0.00,0.00,DStar
2,0.02,AgentPrefab,Agent,SearchState,Searching,Goal,20.00,0.00,20.00,0.00,0.00,0.00,0.00,0.00,0.00,DStar
3,0.05,AgentPrefab,Agent,MoveState,Moving,Goal,20.00,0.00,20.00,0.00,0.00,0.00,0.00,0.00,0.00,DStar
4,0.05,AgentPrefab,Agent,MoveState,Moving,Goal,20.00,0.00,20.00,0.00,0.00,0.00,1.00,0.00,1.00,DStar
5,0.06,AgentPrefab,Agent,MoveState,Moving,Goal,20.00,0.00,20.00,0.01,0.00,0.01,1.00,0.00,1.00,DStar
6,0.06,AgentPrefab,Agent,MoveState,Moving,Goal,20.00,0.00,20.00,0.02,0.00,0.02,1.00,0.00,1.00,DStar
7,0.06,AgentPrefab,Agent,MoveState,Moving,Goal,20.00,0.00,20.00,0.02,0.00,0.02,1.00,0.00,1.00,DStar
8,0.07,AgentPrefab,Agent,MoveState,Moving,Goal,20.00,0.00,20.00,0.03,0.00,0.03,1.00,0.00,1.00,DStar
9,0.07,AgentPrefab,Agent,MoveState,Moving,Goal,20.00,0.00,20.00,0.03,0.00,0.03,1.00,0.00,1.00,DStar
10,0.07,AgentPrefab,Agent,MoveState,Moving,Goal,20.00,0.00,20.00,0.03,0.00,0.03,1.00,0.00,1.00,DStar
11,0.08,AgentPrefab,Agent,MoveState,Moving,Goal,20.00,0.00,20.00,0.04,0.00,0.04,1.00,0.00,1.00,DStar
12,0.08,AgentPrefab,Agent,MoveState,Moving,Goal,20.00,0.00,20.00,0.04,0.00,0.04,1.00,0.00,1.00,DStar
13,0.08,AgentPrefab,Agent,MoveState,Moving,Goal,20.00,0.00,20.00,0.05,0.00,0.05,1.00,0.00,1.00,DStar
14,0.09,AgentPrefab,Agent,MoveState,Moving,Goal,20.00,0.00,20.00,0.05,0.00,0.05,1.00,0.00,1.00,DStar
15,0.09,AgentPrefab,Agent,MoveState,Moving,Goal,20.00,0.00,20.00,0.06,0.00,0.06,1.00,0.00,1.00,DStar
16,0.09,AgentPrefab,Agent,MoveState,Moving,Goal,20.00,0.00,20.00,0.06,0.00,0.06,1.00,0.00,1.00,DStar
17,0.09,AgentPrefab,Agent,MoveState,Moving,Goal,20.00,0.00,20.00,0.06,0.00,0.06,1.00,0.00,1.00,DStar
18,0.10,AgentPrefab,Agent,MoveState,Moving,Goal,20.00,0.00,20.00,0.07,0.00,0.07,1.00,0.00,1.00,DStar
19,0.10,AgentPrefab,Agent,MoveState,Moving,Goal,20.00,0.00,20.00,0.07,0.00,0.07,1.00,0.00,1.00,DStar
20,0.10,AgentPrefab,Agent,MoveState,Moving,Goal,20.00,0.00,20.00,0.08,0.00,0.08,1.00,0.00,1.00,DStar
21,0.11,AgentPrefab,Agent,MoveState,Moving,Goal,20.00,0.00,20.00,0.08,0.00,0.08,1.00,0.00,1.00,DStar
22,0.11,AgentPrefab,Agent,MoveState,Moving,Goal,20.00,0.00,20.00,0.09,0.00,0.09,1.00,0.00,1.00,DStar
23,0.11,AgentPrefab,Agent,MoveState,Moving,Goal,20.00,0.00,20.00,0.09,0.00,0.09,1.00,0.00,1.00,DStar
24,0.12,AgentPrefab,Agent,MoveState,Moving,Goal,20.00,0.00,20.00,0.10,0.00,0.10,1.00,0.00,1.00,DStar
25,0.12,AgentPrefab,Agent,MoveState,Moving,Goal,20.00,0.00,20.00,0.10,0.00,0.10,1.00,0.00,1.00,DStar
26,0.12,AgentPrefab,Agent,MoveState,Moving,Goal,20.00,0.00,20.00,0.10,0.00,0.10,1.00,0.00,1.00,DStar
27,0.13,AgentPrefab,Agent,MoveState,Moving,Goal,20.00,0.00,20.00,0.11,0.00,0.11,1.00,0.00,1.00,DStar
28,0.13,AgentPrefab,Agent,MoveState,Moving,Goal,20.00,0.00,20.00,0.11,0.00,0.11,1.00,0.00,1.00,DStar
29,0.13,AgentPrefab,Agent,MoveState,Moving,Goal,20.00,0.00,20.00,0.12,0.00,0.12,1.00,0.00,1.00,DStar
30,0.13,AgentPrefab,Agent,MoveState,Moving,Goal,20.00,0.00,20.00,0.12,0.00,0.12,1.00,0.00,1.00,DStar
31,0.14,AgentPrefab,Agent,MoveState,Moving,Goal,20.00,0.00,20.00,0.12,0.00,0.12,1.00,0.00,1.00,DStar
32,0.14,AgentPrefab,Agent,MoveState,Moving,Goal,20.00,0.00,20.00,0.13,0.00,0.13,1.00,0.00,1.00,DStar
33,0.14,AgentPrefab,Agent,MoveState,Moving,Goal,20.00,0.00,20.00,0.13,0.00,0.13,1.00,0.00,1.00,DStar
34,0.15,AgentPrefab,Agent,MoveState,Moving,Goal,20.00,0.00,20.00,0.14,0.00,0.14,1.00,0.00,1.00,DStar
35,0.15,AgentPrefab,Agent,MoveState,Moving,Goal,20.00,0.00,20.00,0.14,0.00,0.14,1.00,0.00,1.00,DStar
36,0.16,AgentPrefab,Agent,MoveState,Moving,Goal,20.00,0.00,20.00,0.15,0.00,0.15,1.00,0.00,1.00,DStar
37,0.16,AgentPrefab,Agent,MoveState,Moving,Goal,20.00,0.00,20.00,0.15,0.00,0.15,1.00,0.00,1.00,DStar
38,0.16,AgentPrefab,Agent,MoveState,Moving,Goal,20.00,0.00,20.00,0.16,0.00,0.16,1.00,0.00,1.00,DStar
39,0.16,AgentPrefab,Agent,MoveState,Moving,Goal,20.00,0.00,20.00,0.16,0.00,0.16,1.00,0.00,1.00,DStar
40,0.17,AgentPrefab,Agent,MoveState,Moving,Goal,20.00,0.00,20.00,0.17,0.00,0.17,1.00,0.00,1.00,DStar
41,0.17,AgentPrefab,Agent,MoveState,Moving,Goal,20.00,0.00,20.00,0.17,0.00,0.17,1.00,0.00,1.00,DStar
42,0.17,AgentPrefab,Agent,MoveState,Moving,Goal,20.00,0.00,20.00,0.17,0.00,0.17,1.00,0.00,1.00,DStar
43,0.18,AgentPrefab,Agent,MoveState,Moving,Goal,20.00,0.00,20.00,0.18,0.00,0.18,1.00,0.00,1.00,DStar
44,0.18,AgentPrefab,Agent,MoveState,Moving,Goal,20.00,0.00,20.00,0.18,0.00,0.18,1.00,0.00,1.00,DStar
45,0.18,AgentPrefab,Agent,MoveState,Moving,Goal,20.00,0.00,20.00,0.19,0.00,0.19,1.00,0.00,1.00,DStar
46,0.18,AgentPrefab,Agent,MoveState,Moving,Goal,20.00,0.00,20.00,0.19,0.00,0.19,1.00,0.00,1.00,DStar
47,0.19,AgentPrefab,Agent,MoveState,Moving,Goal,20.00,0.00,20.00,0.19,0.00,0.19,1.00,0.00,1.00,DStar
48,0.19,AgentPrefab,Agent,MoveState,Moving,Goal,20.00,0.00,20.00,0.20,0.00,0.20,1.00,0.00,1.00,DStar
49,0.19,AgentPrefab,Agent,MoveState,Moving,Goal,20.00,0.00,20.00,0.20,0.00,0.20,1.00,0.00,1.00,DStar
50,0.20,AgentPrefab,Agent,MoveState,Moving,Goal,20.00,0.00,20.00,0.21,0.00,0.21,1.00,0.00,1.00,DStar
51,0.20,AgentPrefab,Agent,MoveState,Moving,Goal,20.00,0.00,20.00,0.21,0.00,0.21,1.00,0.00,1.00,DStar
52,0.20,AgentPrefab,Agent,MoveState,Moving,Goal,20.00,0.00,20.00,0.21,0.00,0.21,1.00,0.00,1.00,DStar
53,0.20,AgentPrefab,Agent,MoveState,Moving,Goal,20.00,0.00,20.00,0.22,0.00,0.22,1.00,0.00,1.00,DStar
54,0.21,AgentPrefab,Agent,MoveState,Moving,Goal,20.00,0.00,20.00,0.22,0.00,0.22,1.00,0.00,1.00,DStar
55,0.21,AgentPrefab,Agent,MoveState,Moving,Goal,20.00,0.00,20.00,0.23,0.00,0.23,1.00,0.00,1.00,DStar
56,0.21,AgentPrefab,Agent,MoveState,Moving,Goal,20.00,0.00,20.00,0.23,0.00,0.23,1.00,0.00,1.00,DStar
57,0.22,AgentPrefab,Agent,MoveState,Moving,Goal,20.00,0.00,20.00,0.24,0.00,0.24,1.00,0.00,1.00,DStar
58,0.22,AgentPrefab,Agent,MoveState,Moving,Goal,20.00,0.00,20.00,0.24,0.00,0.24,1.00,0.00,1.00,DStar
59,0.22,AgentPrefab,Agent,MoveState,Moving,Goal,20.00,0.00,20.00,0.25,0.00,0.25,1.00,0.00,1.00,DStar
60,0.23,AgentPrefab,Agent,MoveState,Moving,Goal,20.00,0.00,20.00,0.25,0.00,0.25,1.00,0.00,1.00,DStar
61,0.23,AgentPrefab,Agent,MoveState,Moving,Goal,20.00,0.00,20.00,0.25,0.00,0.25,1.00,0.00,1.00,DStar
62,0.23,AgentPrefab,Agent,MoveState,Moving,Goal,20.00,0.00,20.00,0.26,0.00,0.26,1.00,0.00,1.00,DStar
63,0.23,AgentPrefab,Agent,MoveState,Moving,Goal,20.00,0.00,20.00,0.26,0.00,0.26,1.00,0.00,1.00,DStar
64,0.24,AgentPrefab,Agent,MoveState,Moving,Goal,20.00,0.00,20.00,0.27,0.00,0.27,1.00,0.00,1.00,DStar
65,0.24,AgentPrefab,Agent,MoveState,Moving,Goal,20.00,0.00,20.00,0.27,0.00,0.27,1.00,0.00,1.00,DStar
66,0.24,AgentPrefab,Agent,MoveState,Moving,Goal,20.00,0.00,20.00,0.27,0.00,0.27,1.00,0.00,1.00,DStar
67,0.25,AgentPrefab,Agent,MoveState,Moving,Goal,20.00,0.00,20.00,0.28,0.00,0.28,1.00,0.00,1.00,DStar
68,0.25,AgentPrefab,Agent,MoveState,Moving,Goal,20.00,0.00,20.00,0.28,0.00,0.28,1.00,0.00,1.00,DStar
69,0.25,AgentPrefab,Agent,MoveState,Moving,Goal,20.00,0.00,20.00,0.29,0.00,0.29,1.00,0.00,1.00,DStar
70,0.25,AgentPrefab,Agent,MoveState,Moving,Goal,20.00,0.00,20.00,0.29,0.00,0.29,1.00,0.00,1.00,DStar
71,0.26,AgentPrefab,Agent,MoveState,Moving,Goal,20.00,0.00,20.00,0.29,0.00,0.29,1.00,0.00,1.00,DStar
72,0.26,AgentPrefab,Agent,MoveState,Moving,Goal,20.00,0.00,20.00,0.30,0.00,0.30,1.00,0.00,1.00,DStar
73,0.26,AgentPrefab,Agent,MoveState,Moving,Goal,20.00,0.00,20.00,0.30,0.00,0.30,1.00,0.00,1.00,DStar
74,0.27,AgentPrefab,Agent,MoveState,Moving,Goal,20.00,0.00,20.00,0.31,0.00,0.31,1.00,0.00,1.00,DStar
75,0.27,AgentPrefab,Agent,MoveState,Moving,Goal,20.00,0.00,20.00,0.31,0.00,0.31,1.00,0.00,1.00,DStar
76,0.27,AgentPrefab,Agent,MoveState,Moving,Goal,20.00,0.00,20.00,0.31,0.00,0.31,1.00,0.00,1.00,DStar
77,0.28,AgentPrefab,Agent,MoveState,Moving,Goal,20.00,0.00,20.00,0.32,0.00,0.32,1.00,0.00,1.00,DStar
78,0.28,AgentPrefab,Agent,MoveState,Moving,Goal,20.00,0.00,20.00,0.32,0.00,0.32,1.00,0.00,1.00,DStar
79,0.28,AgentPrefab,Agent,MoveState,Moving,Goal,20.00,0.00,20.00,0.33,0.00,0.33,1.00,0.00,1.00,DStar
80,0.28,AgentPrefab,Agent,MoveState,Moving,Goal,20.00,0.00,20.00,0.33,0.00,0.33,1.00,0.00,1.00,DStar
81,0.29,AgentPrefab,Agent,MoveState,Moving,Goal,20.00,0.00,20.00,0.34,0.00,0.34,1.00,0.00,1.00,DStar
82,0.29,AgentPrefab,Agent,MoveState,Moving,Goal,20.00,0.00,20.00,0.34,0.00,0.34,1.00,0.00,1.00,DStar
83,0.29,AgentPrefab,Agent,MoveState,Moving,Goal,20.00,0.00,20.00,0.35,0.00,0.35,1.00,0.00,1.00,DStar
84,0.30,AgentPrefab,Agent,MoveState,Moving,Goal,20.00,0.00,20.00,0.35,0.00,0.35,1.00,0.00,1.00,DStar
85,0.30,AgentPrefab,Agent,MoveState,Moving,Goal,20.00,0.00,20.00,0.35,0.00,0.35,1.00,0.00,1.00,DStar
86,0.30,AgentPrefab,Agent,MoveState,Moving,Goal,20.00,0.00,20.00,0.36,0.00,0.36,1.00,0.00,1.00,DStar
87,0.31,AgentPrefab,Agent,MoveState,Moving,Goal,20.00,0.00,20.00,0.36,0.00,0.36,1.00,0.00,1.00,DStar
88,0.31,AgentPrefab,Agent,MoveState,Moving,Goal,20.00,0.00,20.00,0.37,0.00,0.37,1.00,0.00,1.00,DStar
89,0.31,AgentPrefab,Agent,MoveState,Moving,Goal,20.00,0.00,20.00,0.37,0.00,0.37,1.00,0.00,1.00,DStar
90,0.32,AgentPrefab,Agent,MoveState,Moving,Goal,20.00,0.00,20.00,0.38,0.00,0.38,1.00,0.00,1.00,DStar
91,0.32,AgentPrefab,Agent,MoveState,Moving,Goal,20.00,0.00,20.00,0.38,0.00,0.38,1.00,0.00,1.00,DStar
92,0.32,AgentPrefab,Agent,MoveState,Moving,Goal,20.00,0.00,20.00,0.38,0.00,0.38,1.00,0.00,1.00,DStar
93,0.32,AgentPrefab,Agent,MoveState,Moving,Goal,20.00,0.00,20.00,0.39,0.00,0.39,1.00,0.00,1.00,DStar
94,0.33,AgentPrefab,Agent,MoveState,Moving,Goal,20.00,0.00,20.00,0.39,0.00,0.39,1.00,0.00,1.00,DStar
95,0.33,AgentPrefab,Agent,MoveState,Moving,Goal,20.00,0.00,20.00,0.40,0.00,0.40,1.00,0.00,1.00,DStar
96,0.33,AgentPrefab,Agent,MoveState,Moving,Goal,20.00,0.00,20.00,0.40,0.00,0.40,1.00,0.00,1.00,DStar
97,0.34,AgentPrefab,Agent,MoveState,Moving,Goal,20.00,0.00,20.00,0.40,0.00,0.40,1.00,0.00,1.00,DStar
98,0.34,AgentPrefab,Agent,MoveState,Moving,Goal,20.00,0.00,20.00,0.41,0.00,0.41,1.00,0.00,1.00,DStar
99,0.34,AgentPrefab,Agent,MoveState,Moving,Goal,20.00,0.00,20.00,0.41,0.00,0.41,1.00,0.00,1.00,DStar
100,0.34,AgentPrefab,Agent,MoveState,Moving,Goal,20.00,0.00,20.00,0.42,0.00,0.42,1.00,0.00,1.00,DStar
101,0.35,AgentPrefab,Agent,MoveState,Moving,Goal,20.00,0.00,20.00,0.42,0.00,0.42,1.00,0.00,1.00,DStar
102,0.35,AgentPrefab,Agent,MoveState,Moving,Goal,20.00,0.00,20.00,0.42,0.00,0.42,1.00,0.00,1.00,DStar
103,0.35,AgentPrefab,Agent,MoveState,Moving,Goal,20.00,0.00,20.00,0.43,0.00,0.43,1.00,0.00,1.00,DStar
104,0.36,AgentPrefab,Agent,MoveState,Moving,Goal,20.00,0.00,20.00,0.43,0.00,0.43,1.00,0.00,1.00,DStar
105,0.36,AgentPrefab,Agent,MoveState,Moving,Goal,20.00,0.00,20.00,0.44,0.00,0.44,1.00,0.00,1.00,DStar
106,0.36,AgentPrefab,Agent,MoveState,Moving,Goal,20.00,0.00,20.00,0.44,0.00,0.44,1.00,0.00,1.00,DStar
107,0.37,AgentPrefab,Agent,MoveState,Moving,Goal,20.00,0.00,20.00,0.45,0.00,0.45,1.00,0.00,1.00,DStar
108,0.37,AgentPrefab,Agent,MoveState,Moving,Goal,20.00,0.00,20.00,0.45,0.00,0.45,1.00,0.00,1.00,DStar
109,0.37,AgentPrefab,Agent,MoveState,Moving,Goal,20.00,0.00,20.00,0.46,0.00,0.46,1.00,0.00,1.00,DStar
110,0.38,AgentPrefab,Agent,MoveState,Moving,Goal,20.00,0.00,20.00,0.46,0.00,0.46,1.00,0.00,1.00,DStar
111,0.38,AgentPrefab,Agent,MoveState,Moving,Goal,20.00,0.00,20.00,0.47,0.00,0.47,1.00,0.00,1.00,DStar
112,0.38,AgentPrefab,Agent,MoveState,Moving,Goal,20.00,0.00,20.00,0.47,0.00,0.47,1.00,0.00,1.00,DStar
113,0.38,AgentPrefab,Agent,MoveState,Moving,Goal,20.00,0.00,20.00,0.47,0.00,0.47,1.00,0.00,1.00,DStar
114,0.39,AgentPrefab,Agent,MoveState,Moving,Goal,20.00,0.00,20.00,0.48,0.00,0.48,1.00,0.00,1.00,DStar
115,0.39,AgentPrefab,Agent,MoveState,Moving,Goal,20.00,0.00,20.00,0.48,0.00,0.48,1.00,0.00,1.00,DStar
116,0.39,AgentPrefab,Agent,MoveState,Moving,Goal,20.00,0.00,20.00,0.49,0.00,0.49,1.00,0.00,1.00,DStar
117,0.40,AgentPrefab,Agent,MoveState,Moving,Goal,20.00,0.00,20.00,0.49,0.00,0.49,1.00,0.00,1.00,DStar
118,0.40,AgentPrefab,Agent,MoveState,Moving,Goal,20.00,0.00,20.00,0.50,0.00,0.50,1.00,0.00,1.00,DStar
119,0.40,AgentPrefab,Agent,MoveState,Moving,Goal,20.00,0.00,20.00,0.50,0.00,0.50,1.00,0.00,1.00,DStar
120,0.41,AgentPrefab,Agent,MoveState,Moving,Goal,20.00,0.00,20.00,0.50,0.00,0.50,1.00,0.00,1.00,DStar
121,0.41,AgentPrefab,Agent,MoveState,Moving,Goal,20.00,0.00,20.00,0.51,0.00,0.51,1.00,0.00,1.00,DStar
122,0.41,AgentPrefab,Agent,MoveState,Moving,Goal,20.00,0.00,20.00,0.51,0.00,0.51,1.00,0.00,1.00,DStar
123,0.42,AgentPrefab,Agent,MoveState,Moving,Goal,20.00,0.00,20.00,0.52,0.00,0.52,1.00,0.00,1.00,DStar
124,0.42,AgentPrefab,Agent,MoveState,Moving,Goal,20.00,0.00,20.00,0.52,0.00,0.52,1.00,0.00,1.00,DStar
125,0.42,AgentPrefab,Agent,MoveState,Moving,Goal,20.00,0.00,20.00,0.52,0.00,0.52,1.00,0.00,1.00,DStar
126,0.42,AgentPrefab,Agent,MoveState,Moving,Goal,20.00,0.00,20.00,0.53,0.00,0.53,1.00,0.00,1.00,DStar
127,0.43,AgentPrefab,Agent,MoveState,Moving,Goal,20.00,0.00,20.00,0.53,0.00,0.53,1.00,0.00,1.00,DStar
128,0.43,AgentPrefab,Agent,MoveState,Moving,Goal,20.00,0.00,20.00,0.54,0.00,0.54,1.00,0.00,1.00,DStar
129,0.43,AgentPrefab,Agent,MoveState,Moving,Goal,20.00,0.00,20.00,0.54,0.00,0.54,1.00,0.00,1.00,DStar
130,0.43,AgentPrefab,Agent,MoveState,Moving,Goal,20.00,0.00,20.00,0.54,0.00,0.54,1.00,0.00,1.00,DStar
131,0.44,AgentPrefab,Agent,MoveState,Moving,Goal,20.00,0.00,20.00,0.55,0.00,0.55,1.00,0.00,1.00,DStar
132,0.44,AgentPrefab,Agent,MoveState,Moving,Goal,20.00,0.00,20.00,0.55,0.00,0.55,1.00,0.00,1.00,DStar
133,0.44,AgentPrefab,Agent,MoveState,Moving,Goal,20.00,0.00,20.00,0.56,0.00,0.56,1.00,0.00,1.00,DStar
134,0.45,AgentPrefab,Agent,MoveState,Moving,Goal,20.00,0.00,20.00,0.56,0.00,0.56,1.00,0.00,1.00,DStar
135,0.45,AgentPrefab,Agent,MoveState,Moving,Goal,20.00,0.00,20.00,0.57,0.00,0.57,1.00,0.00,1.00,DStar
136,0.45,AgentPrefab,Agent,MoveState,Moving,Goal,20.00,0.00,20.00,0.57,0.00,0.57,1.00,0.00,1.00,DStar
137,0.46,AgentPrefab,Agent,MoveState,Moving,Goal,20.00,0.00,20.00,0.57,0.00,0.57,1.00,0.00,1.00,DStar
138,0.46,AgentPrefab,Agent,MoveState,Moving,Goal,20.00,0.00,20.00,0.58,0.00,0.58,1.00,0.00,1.00,DStar
139,0.46,AgentPrefab,Agent,MoveState,Moving,Goal,20.00,0.00,20.00,0.58,0.00,0.58,1.00,0.00,1.00,DStar
140,0.46,AgentPrefab,Agent,MoveState,Moving,Goal,20.00,0.00,20.00,0.59,0.00,0.59,1.00,0.00,1.00,DStar
141,0.47,AgentPrefab,Agent,MoveState,Moving,Goal,20.00,0.00,20.00,0.59,0.00,0.59,1.00,0.00,1.00,DStar
142,0.47,AgentPrefab,Agent,MoveState,Moving,Goal,20.00,0.00,20.00,0.59,0.00,0.59,1.00,0.00,1.00,DStar
143,0.47,AgentPrefab,Agent,MoveState,Moving,Goal,20.00,0.00,20.00,0.60,0.00,0.60,1.00,0.00,1.00,DStar
144,0.48,AgentPrefab,Agent,MoveState,Moving,Goal,20.00,0.00,20.00,0.60,0.00,0.60,1.00,0.00,1.00,DStar
145,0.48,AgentPrefab,Agent,MoveState,Moving,Goal,20.00,0.00,20.00,0.61,0.00,0.61,1.00,0.00,1.00,DStar
146,0.48,AgentPrefab,Agent,MoveState,Moving,Goal,20.00,0.00,20.00,0.61,0.00,0.61,1.00,0.00,1.00,DStar
147,0.49,AgentPrefab,Agent,MoveState,Moving,Goal,20.00,0.00,20.00,0.62,0.00,0.62,1.00,0.00,1.00,DStar
148,0.49,AgentPrefab,Agent,MoveState,Moving,Goal,20.00,0.00,20.00,0.62,0.00,0.62,1.00,0.00,1.00,DStar
149,0.49,AgentPrefab,Agent,MoveState,Moving,Goal,20.00,0.00,20.00,0.63,0.00,0.63,1.00,0.00,1.00,DStar
150,0.50,AgentPrefab,Agent,MoveState,Moving,Goal,20.00,0.00,20.00,0.63,0.00,0.63,1.00,0.00,1.00,DStar
151,0.50,AgentPrefab,Agent,MoveState,Moving,Goal,20.00,0.00,20.00,0.64,0.00,0.64,1.00,0.00,1.00,DStar
152,0.50,AgentPrefab,Agent,MoveState,Moving,Goal,20.00,0.00,20.00,0.64,0.00,0.64,1.00,0.00,1.00,DStar
153,0.51,AgentPrefab,Agent,MoveState,Moving,Goal,20.00,0.00,20.00,0.65,0.00,0.65,1.00,0.00,1.00,DStar
154,0.51,AgentPrefab,Agent,MoveState,Moving,Goal,20.00,0.00,20.00,0.65,0.00,0.65,1.00,0.00,1.00,DStar
155,0.51,AgentPrefab,Agent,MoveState,Moving,Goal,20.00,0.00,20.00,0.66,0.00,0.66,1.00,0.00,1.00,DStar
156,0.52,AgentPrefab,Agent,MoveState,Moving,Goal,20.00,0.00,20.00,0.66,0.00,0.66,1.00,0.00,1.00,DStar
157,0.52,AgentPrefab,Agent,MoveState,Moving,Goal,20.00,0.00,20.00,0.66,0.00,0.66,1.00,0.00,1.00,DStar
158,0.53,AgentPrefab,Agent,MoveState,Moving,Goal,20.00,0.00,20.00,0.67,0.00,0.67,0.67,0.00,0.67,DStar
159,0.53,AgentPrefab,Agent,MoveState,Moving,Goal,20.00,0.00,20.00,0.67,0.00,0.67,1.00,0.00,1.00,DStar
160,0.53,AgentPrefab,Agent,MoveState,Moving,Goal,20.00,0.00,20.00,0.67,0.00,0.67,1.00,0.00,1.00,DStar
161,0.53,AgentPrefab,Agent,MoveState,Moving,Goal,20.00,0.00,20.00,0.68,0.00,0.68,1.00,0.00,1.00,DStar
162,0.54,AgentPrefab,Agent,MoveState,Moving,Goal,20.00,0.00,20.00,0.68,0.00,0.68,1.00,0.00,1.00,DStar
163,0.54,AgentPrefab,Agent,MoveState,Moving,Goal,20.00,0.00,20.00,0.69,0.00,0.69,1.00,0.00,1.00,DStar
164,0.54,AgentPrefab,Agent,MoveState,Moving,Goal,20.00,0.00,20.00,0.69,0.00,0.69,1.00,0.00,1.00,DStar
165,0.55,AgentPrefab,Agent,MoveState,Moving,Goal,20.00,0.00,20.00,0.70,0.00,0.70,1.00,0.00,1.00,DStar
166,0.55,AgentPrefab,Agent,MoveState,Moving,Goal,20.00,0.00,20.00,0.70,0.00,0.70,1.00,0.00,1.00,DStar
167,0.55,AgentPrefab,Agent,MoveState,Moving,Goal,20.00,0.00,20.00,0.70,0.00,0.70,1.00,0.00,1.00,DStar
168,0.56,AgentPrefab,Agent,MoveState,Moving,Goal,20.00,0.00,20.00,0.71,0.00,0.71,1.00,0.00,1.00,DStar
169,0.56,AgentPrefab,Agent,MoveState,Moving,Goal,20.00,0.00,20.00,0.71,0.00,0.71,1.00,0.00,1.00,DStar
170,0.56,AgentPrefab,Agent,MoveState,Moving,Goal,20.00,0.00,20.00,0.72,0.00,0.72,1.00,0.00,1.00,DStar
171,0.57,AgentPrefab,Agent,MoveState,Moving,Goal,20.00,0.00,20.00,0.72,0.00,0.72,1.00,0.00,1.00,DStar
172,0.57,AgentPrefab,Agent,MoveState,Moving,Goal,20.00,0.00,20.00,0.73,0.00,0.73,1.00,0.00,1.00,DStar
173,0.57,AgentPrefab,Agent,MoveState,Moving,Goal,20.00,0.00,20.00,0.73,0.00,0.73,1.00,0.00,1.00,DStar
174,0.58,AgentPrefab,Agent,MoveState,Moving,Goal,20.00,0.00,20.00,0.74,0.00,0.74,1.00,0.00,1.00,DStar
175,0.58,AgentPrefab,Agent,MoveState,Moving,Goal,20.00,0.00,20.00,0.74,0.00,0.74,1.00,0.00,1.00,DStar
176,0.58,AgentPrefab,Agent,MoveState,Moving,Goal,20.00,0.00,20.00,0.75,0.00,0.75,1.00,0.00,1.00,DStar
177,0.59,AgentPrefab,Agent,MoveState,Moving,Goal,20.00,0.00,20.00,0.75,0.00,0.75,1.00,0.00,1.00,DStar
178,0.59,AgentPrefab,Agent,MoveState,Moving,Goal,20.00,0.00,20.00,0.76,0.00,0.76,1.00,0.00,1.00,DStar
179,0.59,AgentPrefab,Agent,MoveState,Moving,Goal,20.00,0.00,20.00,0.76,0.00,0.76,1.00,0.00,1.00,DStar
180,0.60,AgentPrefab,Agent,MoveState,Moving,Goal,20.00,0.00,20.00,0.76,0.00,0.76,1.00,0.00,1.00,DStar
181,0.60,AgentPrefab,Agent,MoveState,Moving,Goal,20.00,0.00,20.00,0.77,0.00,0.77,1.00,0.00,1.00,DStar
182,0.60,AgentPrefab,Agent,MoveState,Moving,Goal,20.00,0.00,20.00,0.77,0.00,0.77,1.00,0.00,1.00,DStar
183,0.61,AgentPrefab,Agent,MoveState,Moving,Goal,20.00,0.00,20.00,0.78,0.00,0.78,1.00,0.00,1.00,DStar
184,0.61,AgentPrefab,Agent,MoveState,Moving,Goal,20.00,0.00,20.00,0.78,0.00,0.78,1.00,0.00,1.00,DStar
185,0.62,AgentPrefab,Agent,MoveState,Moving,Goal,20.00,0.00,20.00,0.79,0.00,0.79,1.00,0.00,1.00,DStar
186,0.62,AgentPrefab,Agent,MoveState,Moving,Goal,20.00,0.00,20.00,0.80,0.00,0.80,1.00,0.00,1.00,DStar
187,0.62,AgentPrefab,Agent,MoveState,Moving,Goal,20.00,0.00,20.00,0.80,0.00,0.80,1.00,0.00,1.00,DStar
188,0.63,AgentPrefab,Agent,MoveState,Moving,Goal,20.00,0.00,20.00,0.81,0.00,0.81,1.00,0.00,1.00,DStar
189,0.63,AgentPrefab,Agent,MoveState,Moving,Goal,20.00,0.00,20.00,0.81,0.00,0.81,1.00,0.00,1.00,DStar
190,0.63,AgentPrefab,Agent,MoveState,Moving,Goal,20.00,0.00,20.00,0.82,0.00,0.82,1.00,0.00,1.00,DStar
191,0.63,AgentPrefab,Agent,MoveState,Moving,Goal,20.00,0.00,20.00,0.82,0.00,0.82,1.00,0.00,1.00,DStar
192,0.64,AgentPrefab,Agent,MoveState,Moving,Goal,20.00,0.00,20.00,0.82,0.00,0.82,1.00,0.00,1.00,DStar
193,0.64,AgentPrefab,Agent,MoveState,Moving,Goal,20.00,0.00,20.00,0.83,0.00,0.83,1.00,0.00,1.00,DStar
194,0.64,AgentPrefab,Agent,MoveState,Moving,Goal,20.00,0.00,20.00,0.83,0.00,0.83,1.00,0.00,1.00,DStar
195,0.65,AgentPrefab,Agent,MoveState,Moving,Goal,20.00,0.00,20.00,0.83,0.00,0.83,1.00,0.00,1.00,DStar
196,0.65,AgentPrefab,Agent,MoveState,Moving,Goal,20.00,0.00,20.00,0.84,0.00,0.84,1.00,0.00,1.00,DStar
197,0.65,AgentPrefab,Agent,MoveState,Moving,Goal,20.00,0.00,20.00,0.84,0.00,0.84,1.00,0.00,1.00,DStar
198,0.65,AgentPrefab,Agent,MoveState,Moving,Goal,20.00,0.00,20.00,0.84,0.00,0.84,1.00,0.00,1.00,DStar
199,0.66,AgentPrefab,Agent,MoveState,Moving,Goal,20.00,0.00,20.00,0.85,0.00,0.85,1.00,0.00,1.00,DStar
200,0.66,AgentPrefab,Agent,MoveState,Moving,Goal,20.00,0.00,20.00,0.85,0.00,0.85,1.00,0.00,1.00,DStar
201,0.66,AgentPrefab,Agent,MoveState,Moving,Goal,20.00,0.00,20.00,0.86,0.00,0.86,1.00,0.00,1.00,DStar
202,0.66,AgentPrefab,Agent,MoveState,Moving,Goal,20.00,0.00,20.00,0.86,0.00,0.86,1.00,0.00,1.00,DStar
203,0.67,AgentPrefab,Agent,MoveState,Moving,Goal,20.00,0.00,20.00,0.86,0.00,0.86,1.00,0.00,1.00,DStar
204,0.67,AgentPrefab,Agent,MoveState,Moving,Goal,20.00,0.00,20.00,0.87,0.00,0.87,1.00,0.00,1.00,DStar
205,0.67,AgentPrefab,Agent,MoveState,Moving,Goal,20.00,0.00,20.00,0.87,0.00,0.87,1.00,0.00,1.00,DStar
206,0.67,AgentPrefab,Agent,MoveState,Moving,Goal,20.00,0.00,20.00,0.88,0.00,0.88,1.00,0.00,1.00,DStar
207,0.68,AgentPrefab,Agent,MoveState,Moving,Goal,20.00,0.00,20.00,0.88,0.00,0.88,1.00,0.00,1.00,DStar
208,0.68,AgentPrefab,Agent,MoveState,Moving,Goal,20.00,0.00,20.00,0.88,0.00,0.88,1.00,0.00,1.00,DStar
209,0.68,AgentPrefab,Agent,MoveState,Moving,Goal,20.00,0.00,20.00,0.89,0.00,0.89,1.00,0.00,1.00,DStar
210,0.68,AgentPrefab,Agent,MoveState,Moving,Goal,20.00,0.00,20.00,0.89,0.00,0.89,1.00,0.00,1.00,DStar
211,0.69,AgentPrefab,Agent,MoveState,Moving,Goal,20.00,0.00,20.00,0.89,0.00,0.89,1.00,0.00,1.00,DStar
212,0.69,AgentPrefab,Agent,MoveState,Moving,Goal,20.00,0.00,20.00,0.90,0.00,0.90,1.00,0.00,1.00,DStar
213,0.69,AgentPrefab,Agent,MoveState,Moving,Goal,20.00,0.00,20.00,0.90,0.00,0.90,1.00,0.00,1.00,DStar
214,0.69,AgentPrefab,Agent,MoveState,Moving,Goal,20.00,0.00,20.00,0.90,0.00,0.90,1.00,0.00,1.00,DStar
215,0.70,AgentPrefab,Agent,MoveState,Moving,Goal,20.00,0.00,20.00,0.91,0.00,0.91,1.00,0.00,1.00,DStar
216,0.70,AgentPrefab,Agent,MoveState,Moving,Goal,20.00,0.00,20.00,0.91,0.00,0.91,1.00,0.00,1.00,DStar
217,0.70,AgentPrefab,Agent,MoveState,Moving,Goal,20.00,0.00,20.00,0.91,0.00,0.91,1.00,0.00,1.00,DStar
218,0.70,AgentPrefab,Agent,MoveState,Moving,Goal,20.00,0.00,20.00,0.92,0.00,0.92,1.00,0.00,1.00,DStar
219,0.71,AgentPrefab,Agent,MoveState,Moving,Goal,20.00,0.00,20.00,0.92,0.00,0.92,1.00,0.00,1.00,DStar
220,0.71,AgentPrefab,Agent,MoveState,Moving,Goal,20.00,0.00,20.00,0.93,0.00,0.93,1.00,0.00,1.00,DStar
221,0.71,AgentPrefab,Agent,MoveState,Moving,Goal,20.00,0.00,20.00,0.93,0.00,0.93,1.00,0.00,1.00,DStar
222,0.71,AgentPrefab,Agent,MoveState,Moving,Goal,20.00,0.00,20.00,0.93,0.00,0.93,1.00,0.00,1.00,DStar
223,0.72,AgentPrefab,Agent,MoveState,Moving,Goal,20.00,0.00,20.00,0.94,0.00,0.94,1.00,0.00,1.00,DStar
224,0.72,AgentPrefab,Agent,MoveState,Moving,Goal,20.00,0.00,20.00,0.94,0.00,0.94,1.00,0.00,1.00,DStar
225,0.72,AgentPrefab,Agent,MoveState,Moving,Goal,20.00,0.00,20.00,0.94,0.00,0.94,1.00,0.00,1.00,DStar
226,0.73,AgentPrefab,Agent,MoveState,Moving,Goal,20.00,0.00,20.00,0.95,0.00,0.95,1.00,0.00,1.00,DStar
227,0.73,AgentPrefab,Agent,MoveState,Moving,Goal,20.00,0.00,20.00,0.95,0.00,0.95,1.00,0.00,1.00,DStar
228,0.73,AgentPrefab,Agent,MoveState,Moving,Goal,20.00,0.00,20.00,0.96,0.00,0.96,1.00,0.00,1.00,DStar
229,0.73,AgentPrefab,Agent,MoveState,Moving,Goal,20.00,0.00,20.00,0.96,0.00,0.96,1.00,0.00,1.00,DStar
230,0.74,AgentPrefab,Agent,MoveState,Moving,Goal,20.00,0.00,20.00,0.96,0.00,0.96,1.00,0.00,1.00,DStar
231,0.74,AgentPrefab,Agent,MoveState,Moving,Goal,20.00,0.00,20.00,1.00,0.00,1.00,2.00,0.00,2.00,DStar
232,0.74,AgentPrefab,Agent,MoveState,Moving,Goal,20.00,0.00,20.00,1.00,0.00,1.00,2.00,0.00,2.00,DStar
233,0.75,AgentPrefab,Agent,MoveState,Moving,Goal,20.00,0.00,20.00,1.01,0.00,1.01,2.00,0.00,2.00,DStar
234,0.75,AgentPrefab,Agent,MoveState,Moving,Goal,20.00,0.00,20.00,1.01,0.00,1.01,2.00,0.00,2.00,DStar
235,0.75,AgentPrefab,Agent,MoveState,Moving,Goal,20.00,0.00,20.00,1.01,0.00,1.01,2.00,0.00,2.00,DStar
236,0.75,AgentPrefab,Agent,MoveState,Moving,Goal,20.00,0.00,20.00,1.02,0.00,1.02,2.00,0.00,2.00,DStar
237,0.76,AgentPrefab,Agent,MoveState,Moving,Goal,20.00,0.00,20.00,1.02,0.00,1.02,2.00,0.00,2.00,DStar
238,0.76,AgentPrefab,Agent,MoveState,Moving,Goal,20.00,0.00,20.00,1.03,0.00,1.03,2.00,0.00,2.00,DStar
239,0.76,AgentPrefab,Agent,MoveState,Moving,Goal,20.00,0.00,20.00,1.03,0.00,1.03,2.00,0.00,2.00,DStar
240,0.76,AgentPrefab,Agent,MoveState,Moving,Goal,20.00,0.00,20.00,1.03,0.00,1.03,2.00,0.00,2.00,DStar
241,0.77,AgentPrefab,Agent,MoveState,Moving,Goal,20.00,0.00,20.00,1.04,0.00,1.04,2.00,0.00,2.00,DStar
242,0.77,AgentPrefab,Agent,MoveState,Moving,Goal,20.00,0.00,20.00,1.04,0.00,1.04,2.00,0.00,2.00,DStar
243,0.77,AgentPrefab,Agent,MoveState,Moving,Goal,20.00,0.00,20.00,1.04,0.00,1.04,2.00,0.00,2.00,DStar
244,0.77,AgentPrefab,Agent,MoveState,Moving,Goal,20.00,0.00,20.00,1.05,0.00,1.05,2.00,0.00,2.00,DStar
245,0.78,AgentPrefab,Agent,MoveState,Moving,Goal,20.00,0.00,20.00,1.05,0.00,1.05,2.00,0.00,2.00,DStar
246,0.78,AgentPrefab,Agent,MoveState,Moving,Goal,20.00,0.00,20.00,1.06,0.00,1.06,2.00,0.00,2.00,DStar
247,0.78,AgentPrefab,Agent,MoveState,Moving,Goal,20.00,0.00,20.00,1.06,0.00,1.06,2.00,0.00,2.00,DStar
248,0.78,AgentPrefab,Agent,MoveState,Moving,Goal,20.00,0.00,20.00,1.06,0.00,1.06,2.00,0.00,2.00,DStar
249,0.79,AgentPrefab,Agent,MoveState,Moving,Goal,20.00,0.00,20.00,1.07,0.00,1.07,2.00,0.00,2.00,DStar
250,0.79,AgentPrefab,Agent,MoveState,Moving,Goal,20.00,0.00,20.00,1.07,0.00,1.07,2.00,0.00,2.00,DStar
251,0.79,AgentPrefab,Agent,MoveState,Moving,Goal,20.00,0.00,20.00,1.07,0.00,1.07,2.00,0.00,2.00,DStar
252,0.79,AgentPrefab,Agent,MoveState,Moving,Goal,20.00,0.00,20.00,1.08,0.00,1.08,2.00,0.00,2.00,DStar
253,0.80,AgentPrefab,Agent,MoveState,Moving,Goal,20.00,0.00,20.00,1.08,0.00,1.08,2.00,0.00,2.00,DStar
254,0.80,AgentPrefab,Agent,MoveState,Moving,Goal,20.00,0.00,20.00,1.08,0.00,1.08,2.00,0.00,2.00,DStar
255,0.80,AgentPrefab,Agent,MoveState,Moving,Goal,20.00,0.00,20.00,1.09,0.00,1.09,2.00,0.00,2.00,DStar
256,0.80,AgentPrefab,Agent,MoveState,Moving,Goal,20.00,0.00,20.00,1.09,0.00,1.09,2.00,0.00,2.00,DStar
257,0.81,AgentPrefab,Agent,MoveState,Moving,Goal,20.00,0.00,20.00,1.09,0.00,1.09,2.00,0.00,2.00,DStar
258,0.81,AgentPrefab,Agent,MoveState,Moving,Goal,20.00,0.00,20.00,1.10,0.00,1.10,2.00,0.00,2.00,DStar
259,0.81,AgentPrefab,Agent,MoveState,Moving,Goal,20.00,0.00,20.00,1.10,0.00,1.10,2.00,0.00,2.00,DStar
260,0.82,AgentPrefab,Agent,MoveState,Moving,Goal,20.00,0.00,20.00,1.11,0.00,1.11,2.00,0.00,2.00,DStar
261,0.82,AgentPrefab,Agent,MoveState,Moving,Goal,20.00,0.00,20.00,1.11,0.00,1.11,2.00,0.00,2.00,DStar
262,0.82,AgentPrefab,Agent,MoveState,Moving,Goal,20.00,0.00,20.00,1.12,0.00,1.12,2.00,0.00,2.00,DStar
263,0.82,AgentPrefab,Agent,MoveState,Moving,Goal,20.00,0.00,20.00,1.12,0.00,1.12,2.00,0.00,2.00,DStar
264,0.83,AgentPrefab,Agent,MoveState,Moving,Goal,20.00,0.00,20.00,1.12,0.00,1.12,2.00,0.00,2.00,DStar
265,0.83,AgentPrefab,Agent,MoveState,Moving,Goal,20.00,0.00,20.00,1.13,0.00,1.13,2.00,0.00,2.00,DStar
266,0.83,AgentPrefab,Agent,MoveState,Moving,Goal,20.00,0.00,20.00,1.13,0.00,1.13,2.00,0.00,2.00,DStar
267,0.83,AgentPrefab,Agent,MoveState,Moving,Goal,20.00,0.00,20.00,1.13,0.00,1.13,2.00,0.00,2.00,DStar
268,0.84,AgentPrefab,Agent,MoveState,Moving,Goal,20.00,0.00,20.00,1.14,0.00,1.14,2.00,0.00,2.00,DStar
269,0.84,AgentPrefab,Agent,MoveState,Moving,Goal,20.00,0.00,20.00,1.14,0.00,1.14,2.00,0.00,2.00,DStar
270,0.84,AgentPrefab,Agent,MoveState,Moving,Goal,20.00,0.00,20.00,1.14,0.00,1.14,2.00,0.00,2.00,DStar
271,0.84,AgentPrefab,Agent,MoveState,Moving,Goal,20.00,0.00,20.00,1.15,0.00,1.15,2.00,0.00,2.00,DStar
272,0.85,AgentPrefab,Agent,MoveState,Moving,Goal,20.00,0.00,20.00,1.15,0.00,1.15,2.00,0.00,2.00,DStar
273,0.85,AgentPrefab,Agent,MoveState,Moving,Goal,20.00,0.00,20.00,1.15,0.00,1.15,2.00,0.00,2.00,DStar
274,0.85,AgentPrefab,Agent,MoveState,Moving,Goal,20.00,0.00,20.00,1.16,0.00,1.16,2.00,0.00,2.00,DStar
275,0.85,AgentPrefab,Agent,MoveState,Moving,Goal,20.00,0.00,20.00,1.16,0.00,1.16,2.00,0.00,2.00,DStar
276,0.86,AgentPrefab,Agent,MoveState,Moving,Goal,20.00,0.00,20.00,1.17,0.00,1.17,2.00,0.00,2.00,DStar
277,0.86,AgentPrefab,Agent,MoveState,Moving,Goal,20.00,0.00,20.00,1.17,0.00,1.17,2.00,0.00,2.00,DStar
278,0.86,AgentPrefab,Agent,MoveState,Moving,Goal,20.00,0.00,20.00,1.17,0.00,1.17,2.00,0.00,2.00,DStar
279,0.87,AgentPrefab,Agent,MoveState,Moving,Goal,20.00,0.00,20.00,1.18,0.00,1.18,2.00,0.00,2.00,DStar
280,0.87,AgentPrefab,Agent,MoveState,Moving,Goal,20.00,0.00,20.00,1.18,0.00,1.18,2.00,0.00,2.00,DStar
281,0.87,AgentPrefab,Agent,MoveState,Moving,Goal,20.00,0.00,20.00,1.18,0.00,1.18,2.00,0.00,2.00,DStar
282,0.87,AgentPrefab,Agent,MoveState,Moving,Goal,20.00,0.00,20.00,1.19,0.00,1.19,2.00,0.00,2.00,DStar
283,0.88,AgentPrefab,Agent,MoveState,Moving,Goal,20.00,0.00,20.00,1.19,0.00,1.19,2.00,0.00,2.00,DStar
284,0.88,AgentPrefab,Agent,MoveState,Moving,Goal,20.00,0.00,20.00,1.19,0.00,1.19,2.00,0.00,2.00,DStar
285,0.88,AgentPrefab,Agent,MoveState,Moving,Goal,20.00,0.00,20.00,1.20,0.00,1.20,2.00,0.00,2.00,DStar
286,0.88,AgentPrefab,Agent,MoveState,Moving,Goal,20.00,0.00,20.00,1.20,0.00,1.20,2.00,0.00,2.00,DStar
287,0.88,AgentPrefab,Agent,MoveState,Moving,Goal,20.00,0.00,20.00,1.20,0.00,1.20,2.00,0.00,2.00,DStar
288,0.89,AgentPrefab,Agent,MoveState,Moving,Goal,20.00,0.00,20.00,1.21,0.00,1.21,2.00,0.00,2.00,DStar
289,0.89,AgentPrefab,Agent,MoveState,Moving,Goal,20.00,0.00,20.00,1.21,0.00,1.21,2.00,0.00,2.00,DStar
290,0.89,AgentPrefab,Agent,MoveState,Moving,Goal,20.00,0.00,20.00,1.22,0.00,1.22,2.00,0.00,2.00,DStar
291,0.90,AgentPrefab,Agent,MoveState,Moving,Goal,20.00,0.00,20.00,1.22,0.00,1.22,2.00,0.00,2.00,DStar
292,0.90,AgentPrefab,Agent,MoveState,Moving,Goal,20.00,0.00,20.00,1.22,0.00,1.22,2.00,0.00,2.00,DStar
293,0.90,AgentPrefab,Agent,MoveState,Moving,Goal,20.00,0.00,20.00,1.23,0.00,1.23,2.00,0.00,2.00,DStar
294,0.90,AgentPrefab,Agent,MoveState,Moving,Goal,20.00,0.00,20.00,1.23,0.00,1.23,2.00,0.00,2.00,DStar
295,0.91,AgentPrefab,Agent,MoveState,Moving,Goal,20.00,0.00,20.00,1.24,0.00,1.24,2.00,0.00,2.00,DStar
296,0.91,AgentPrefab,Agent,MoveState,Moving,Goal,20.00,0.00,20.00,1.24,0.00,1.24,2.00,0.00,2.00,DStar
297,0.91,AgentPrefab,Agent,MoveState,Moving,Goal,20.00,0.00,20.00,1.24,0.00,1.24,2.00,0.00,2.00,DStar
298,0.91,AgentPrefab,Agent,MoveState,Moving,Goal,20.00,0.00,20.00,1.25,0.00,1.25,2.00,0.00,2.00,DStar
299,0.92,AgentPrefab,Agent,MoveState,Moving,Goal,20.00,0.00,20.00,1.25,0.00,1.25,2.00,0.00,2.00,DStar
300,0.92,AgentPrefab,Agent,MoveState,Moving,Goal,20.00,0.00,20.00,1.25,0.00,1.25,2.00,0.00,2.00,DStar
301,0.92,AgentPrefab,Agent,MoveState,Moving,Goal,20.00,0.00,20.00,1.26,0.00,1.26,2.00,0.00,2.00,DStar
302,0.92,AgentPrefab,Agent,MoveState,Moving,Goal,20.00,0.00,20.00,1.26,0.00,1.26,2.00,0.00,2.00,DStar
303,0.93,AgentPrefab,Agent,MoveState,Moving,Goal,20.00,0.00,20.00,1.26,0.00,1.26,2.00,0.00,2.00,DStar
304,0.93,AgentPrefab,Agent,MoveState,Moving,Goal,20.00,0.00,20.00,1.27,0.00,1.27,2.00,0.00,2.00,DStar
305,0.93,AgentPrefab,Agent,MoveState,Moving,Goal,20.00,0.00,20.00,1.27,0.00,1.27,2.00,0.00,2.00,DStar
306,0.93,AgentPrefab,Agent,MoveState,Moving,Goal,20.00,0.00,20.00,1.27,0.00,1.27,2.00,0.00,2.00,DStar
307,0.93,AgentPrefab,Agent,MoveState,Moving,Goal,20.00,0.00,20.00,1.27,0.00,1.27,2.00,0.00,2.00,DStar
308,0.94,AgentPrefab,Agent,MoveState,Moving,Goal,20.00,0.00,20.00,1.28,0.00,1.28,2.00,0.00,2.00,DStar
309,0.94,AgentPrefab,Agent,MoveState,Moving,Goal,20.00,0.00,20.00,1.28,0.00,1.28,2.00,0.00,2.00,DStar
310,0.94,AgentPrefab,Agent,MoveState,Moving,Goal,20.00,0.00,20.00,1.29,0.00,1.29,2.00,0.00,2.00,DStar
311,0.95,AgentPrefab,Agent,MoveState,Moving,Goal,20.00,0.00,20.00,1.29,0.00,1.29,2.00,0.00,2.00,DStar
312,0.95,AgentPrefab,Agent,MoveState,Moving,Goal,20.00,0.00,20.00,1.29,0.00,1.29,2.00,0.00,2.00,DStar
313,0.95,AgentPrefab,Agent,MoveState,Moving,Goal,20.00,0.00,20.00,1.30,0.00,1.30,2.00,0.00,2.00,DStar
314,0.95,AgentPrefab,Agent,MoveState,Moving,Goal,20.00,0.00,20.00,1.30,0.00,1.30,2.00,0.00,2.00,DStar
315,0.96,AgentPrefab,Agent,MoveState,Moving,Goal,20.00,0.00,20.00,1.30,0.00,1.30,2.00,0.00,2.00,DStar
316,0.96,AgentPrefab,Agent,MoveState,Moving,Goal,20.00,0.00,20.00,1.31,0.00,1.31,2.00,0.00,2.00,DStar
317,0.96,AgentPrefab,Agent,MoveState,Moving,Goal,20.00,0.00,20.00,1.31,0.00,1.31,2.00,0.00,2.00,DStar
318,0.96,AgentPrefab,Agent,MoveState,Moving,Goal,20.00,0.00,20.00,1.31,0.00,1.31,2.00,0.00,2.00,DStar
319,0.96,AgentPrefab,Agent,MoveState,Moving,Goal,20.00,0.00,20.00,1.32,0.00,1.32,2.00,0.00,2.00,DStar
320,0.97,AgentPrefab,Agent,MoveState,Moving,Goal,20.00,0.00,20.00,1.32,0.00,1.32,2.00,0.00,2.00,DStar
321,0.97,AgentPrefab,Agent,MoveState,Moving,Goal,20.00,0.00,20.00,1.32,0.00,1.32,2.00,0.00,2.00,DStar
322,0.97,AgentPrefab,Agent,MoveState,Moving,Goal,20.00,0.00,20.00,1.33,0.00,1.33,2.00,0.00,2.00,DStar
323,0.98,AgentPrefab,Agent,MoveState,Moving,Goal,20.00,0.00,20.00,1.33,0.00,1.33,2.00,0.00,2.00,DStar
324,0.98,AgentPrefab,Agent,MoveState,Moving,Goal,20.00,0.00,20.00,1.34,0.00,1.34,2.00,0.00,2.00,DStar
325,0.98,AgentPrefab,Agent,MoveState,Moving,Goal,20.00,0.00,20.00,1.34,0.00,1.34,2.00,0.00,2.00,DStar
326,0.98,AgentPrefab,Agent,MoveState,Moving,Goal,20.00,0.00,20.00,1.35,0.00,1.35,2.00,0.00,2.00,DStar
327,0.99,AgentPrefab,Agent,MoveState,Moving,Goal,20.00,0.00,20.00,1.35,0.00,1.35,2.00,0.00,2.00,DStar
328,0.99,AgentPrefab,Agent,MoveState,Moving,Goal,20.00,0.00,20.00,1.35,0.00,1.35,2.00,0.00,2.00,DStar
329,0.99,AgentPrefab,Agent,MoveState,Moving,Goal,20.00,0.00,20.00,1.36,0.00,1.36,2.00,0.00,2.00,DStar
330,0.99,AgentPrefab,Agent,MoveState,Moving,Goal,20.00,0.00,20.00,1.36,0.00,1.36,2.00,0.00,2.00,DStar
331,1.00,AgentPrefab,Agent,MoveState,Moving,Goal,20.00,0.00,20.00,1.36,0.00,1.36,2.00,0.00,2.00,DStar
332,1.00,AgentPrefab,Agent,MoveState,Moving,Goal,20.00,0.00,20.00,1.37,0.00,1.37,2.00,0.00,2.00,DStar
333,1.00,AgentPrefab,Agent,MoveState,Moving,Goal,20.00,0.00,20.00,1.37,0.00,1.37,2.00,0.00,2.00,DStar
334,1.00,AgentPrefab,Agent,MoveState,Moving,Goal,20.00,0.00,20.00,1.37,0.00,1.37,2.00,0.00,2.00,DStar
335,1.01,AgentPrefab,Agent,MoveState,Moving,Goal,20.00,0.00,20.00,1.38,0.00,1.38,2.00,0.00,2.00,DStar
336,1.01,AgentPrefab,Agent,MoveState,Moving,Goal,20.00,0.00,20.00,1.38,0.00,1.38,2.00,0.00,2.00,DStar
337,1.01,AgentPrefab,Agent,MoveState,Moving,Goal,20.00,0.00,20.00,1.38,0.00,1.38,2.00,0.00,2.00,DStar
338,1.01,AgentPrefab,Agent,MoveState,Moving,Goal,20.00,0.00,20.00,1.39,0.00,1.39,2.00,0.00,2.00,DStar
339,1.02,AgentPrefab,Agent,MoveState,Moving,Goal,20.00,0.00,20.00,1.39,0.00,1.39,2.00,0.00,2.00,DStar
340,1.02,AgentPrefab,Agent,MoveState,Moving,Goal,20.00,0.00,20.00,1.40,0.00,1.40,2.00,0.00,2.00,DStar
341,1.02,AgentPrefab,Agent,MoveState,Moving,Goal,20.00,0.00,20.00,1.40,0.00,1.40,2.00,0.00,2.00,DStar
342,1.03,AgentPrefab,Agent,MoveState,Moving,Goal,20.00,0.00,20.00,1.40,0.00,1.40,2.00,0.00,2.00,DStar
343,1.03,AgentPrefab,Agent,MoveState,Moving,Goal,20.00,0.00,20.00,1.41,0.00,1.41,2.00,0.00,2.00,DStar
344,1.03,AgentPrefab,Agent,MoveState,Moving,Goal,20.00,0.00,20.00,1.41,0.00,1.41,2.00,0.00,2.00,DStar
345,1.03,AgentPrefab,Agent,MoveState,Moving,Goal,20.00,0.00,20.00,1.41,0.00,1.41,2.00,0.00,2.00,DStar
346,1.04,AgentPrefab,Agent,MoveState,Moving,Goal,20.00,0.00,20.00,1.42,0.00,1.42,2.00,0.00,2.00,DStar
347,1.04,AgentPrefab,Agent,MoveState,Moving,Goal,20.00,0.00,20.00,1.42,0.00,1.42,2.00,0.00,2.00,DStar
348,1.04,AgentPrefab,Agent,MoveState,Moving,Goal,20.00,0.00,20.00,1.43,0.00,1.43,2.00,0.00,2.00,DStar
349,1.04,AgentPrefab,Agent,MoveState,Moving,Goal,20.00,0.00,20.00,1.43,0.00,1.43,2.00,0.00,2.00,DStar
350,1.05,AgentPrefab,Agent,MoveState,Moving,Goal,20.00,0.00,20.00,1.43,0.00,1.43,2.00,0.00,2.00,DStar
351,1.05,AgentPrefab,Agent,MoveState,Moving,Goal,20.00,0.00,20.00,1.44,0.00,1.44,2.00,0.00,2.00,DStar
352,1.05,AgentPrefab,Agent,MoveState,Moving,Goal,20.00,0.00,20.00,1.44,0.00,1.44,2.00,0.00,2.00,DStar
353,1.05,AgentPrefab,Agent,MoveState,Moving,Goal,20.00,0.00,20.00,1.44,0.00,1.44,2.00,0.00,2.00,DStar
354,1.06,AgentPrefab,Agent,MoveState,Moving,Goal,20.00,0.00,20.00,1.45,0.00,1.45,2.00,0.00,2.00,DStar
355,1.06,AgentPrefab,Agent,MoveState,Moving,Goal,20.00,0.00,20.00,1.45,0.00,1.45,2.00,0.00,2.00,DStar
356,1.06,AgentPrefab,Agent,MoveState,Moving,Goal,20.00,0.00,20.00,1.45,0.00,1.45,2.00,0.00,2.00,DStar
357,1.06,AgentPrefab,Agent,MoveState,Moving,Goal,20.00,0.00,20.00,1.46,0.00,1.46,2.00,0.00,2.00,DStar
358,1.07,AgentPrefab,Agent,MoveState,Moving,Goal,20.00,0.00,20.00,1.46,0.00,1.46,2.00,0.00,2.00,DStar
359,1.07,AgentPrefab,Agent,MoveState,Moving,Goal,20.00,0.00,20.00,1.47,0.00,1.47,2.00,0.00,2.00,DStar
360,1.07,AgentPrefab,Agent,MoveState,Moving,Goal,20.00,0.00,20.00,1.47,0.00,1.47,2.00,0.00,2.00,DStar
361,1.07,AgentPrefab,Agent,MoveState,Moving,Goal,20.00,0.00,20.00,1.47,0.00,1.47,2.00,0.00,2.00,DStar
362,1.08,AgentPrefab,Agent,MoveState,Moving,Goal,20.00,0.00,20.00,1.48,0.00,1.48,2.00,0.00,2.00,DStar
363,1.08,AgentPrefab,Agent,MoveState,Moving,Goal,20.00,0.00,20.00,1.48,0.00,1.48,2.00,0.00,2.00,DStar
364,1.08,AgentPrefab,Agent,MoveState,Moving,Goal,20.00,0.00,20.00,1.48,0.00,1.48,2.00,0.00,2.00,DStar
365,1.08,AgentPrefab,Agent,MoveState,Moving,Goal,20.00,0.00,20.00,1.49,0.00,1.49,2.00,0.00,2.00,DStar
366,1.09,AgentPrefab,Agent,MoveState,Moving,Goal,20.00,0.00,20.00,1.49,0.00,1.49,2.00,0.00,2.00,DStar
367,1.09,AgentPrefab,Agent,MoveState,Moving,Goal,20.00,0.00,20.00,1.49,0.00,1.49,2.00,0.00,2.00,DStar
368,1.09,AgentPrefab,Agent,MoveState,Moving,Goal,20.00,0.00,20.00,1.50,0.00,1.50,2.00,0.00,2.00,DStar
369,1.09,AgentPrefab,Agent,MoveState,Moving,Goal,20.00,0.00,20.00,1.50,0.00,1.50,2.00,0.00,2.00,DStar
370,1.10,AgentPrefab,Agent,MoveState,Moving,Goal,20.00,0.00,20.00,1.50,0.00,1.50,2.00,0.00,2.00,DStar
371,1.10,AgentPrefab,Agent,MoveState,Moving,Goal,20.00,0.00,20.00,1.51,0.00,1.51,2.00,0.00,2.00,DStar
372,1.10,AgentPrefab,Agent,MoveState,Moving,Goal,20.00,0.00,20.00,1.51,0.00,1.51,2.00,0.00,2.00,DStar
373,1.10,AgentPrefab,Agent,MoveState,Moving,Goal,20.00,0.00,20.00,1.51,0.00,1.51,2.00,0.00,2.00,DStar
374,1.11,AgentPrefab,Agent,MoveState,Moving,Goal,20.00,0.00,20.00,1.52,0.00,1.52,2.00,0.00,2.00,DStar
375,1.11,AgentPrefab,Agent,MoveState,Moving,Goal,20.00,0.00,20.00,1.52,0.00,1.52,2.00,0.00,2.00,DStar
376,1.11,AgentPrefab,Agent,MoveState,Moving,Goal,20.00,0.00,20.00,1.53,0.00,1.53,2.00,0.00,2.00,DStar
377,1.12,AgentPrefab,Agent,MoveState,Moving,Goal,20.00,0.00,20.00,1.53,0.00,1.53,2.00,0.00,2.00,DStar
378,1.12,AgentPrefab,Agent,MoveState,Moving,Goal,20.00,0.00,20.00,1.53,0.00,1.53,2.00,0.00,2.00,DStar
379,1.12,AgentPrefab,Agent,MoveState,Moving,Goal,20.00,0.00,20.00,1.54,0.00,1.54,2.00,0.00,2.00,DStar
380,1.13,AgentPrefab,Agent,MoveState,Moving,Goal,20.00,0.00,20.00,1.55,0.00,1.55,2.00,0.00,2.00,DStar
381,1.13,AgentPrefab,Agent,MoveState,Moving,Goal,20.00,0.00,20.00,1.55,0.00,1.55,2.00,0.00,2.00,DStar
382,1.13,AgentPrefab,Agent,MoveState,Moving,Goal,20.00,0.00,20.00,1.55,0.00,1.55,2.00,0.00,2.00,DStar
383,1.13,AgentPrefab,Agent,MoveState,Moving,Goal,20.00,0.00,20.00,1.56,0.00,1.56,2.00,0.00,2.00,DStar
384,1.14,AgentPrefab,Agent,MoveState,Moving,Goal,20.00,0.00,20.00,1.56,0.00,1.56,2.00,0.00,2.00,DStar
385,1.14,AgentPrefab,Agent,MoveState,Moving,Goal,20.00,0.00,20.00,1.56,0.00,1.56,2.00,0.00,2.00,DStar
386,1.14,AgentPrefab,Agent,MoveState,Moving,Goal,20.00,0.00,20.00,1.57,0.00,1.57,2.00,0.00,2.00,DStar
387,1.14,AgentPrefab,Agent,MoveState,Moving,Goal,20.00,0.00,20.00,1.57,0.00,1.57,2.00,0.00,2.00,DStar
388,1.15,AgentPrefab,Agent,MoveState,Moving,Goal,20.00,0.00,20.00,1.57,0.00,1.57,2.00,0.00,2.00,DStar
389,1.15,AgentPrefab,Agent,MoveState,Moving,Goal,20.00,0.00,20.00,1.58,0.00,1.58,2.00,0.00,2.00,DStar
390,1.15,AgentPrefab,Agent,MoveState,Moving,Goal,20.00,0.00,20.00,1.58,0.00,1.58,2.00,0.00,2.00,DStar
391,1.15,AgentPrefab,Agent,MoveState,Moving,Goal,20.00,0.00,20.00,1.58,0.00,1.58,2.00,0.00,2.00,DStar
392,1.16,AgentPrefab,Agent,MoveState,Moving,Goal,20.00,0.00,20.00,1.59,0.00,1.59,2.00,0.00,2.00,DStar
393,1.16,AgentPrefab,Agent,MoveState,Moving,Goal,20.00,0.00,20.00,1.59,0.00,1.59,2.00,0.00,2.00,DStar
394,1.16,AgentPrefab,Agent,MoveState,Moving,Goal,20.00,0.00,20.00,1.60,0.00,1.60,2.00,0.00,2.00,DStar
395,1.16,AgentPrefab,Agent,MoveState,Moving,Goal,20.00,0.00,20.00,1.60,0.00,1.60,2.00,0.00,2.00,DStar
396,1.17,AgentPrefab,Agent,MoveState,Moving,Goal,20.00,0.00,20.00,1.60,0.00,1.60,2.00,0.00,2.00,DStar
397,1.17,AgentPrefab,Agent,MoveState,Moving,Goal,20.00,0.00,20.00,1.60,0.00,1.60,2.00,0.00,2.00,DStar
398,1.17,AgentPrefab,Agent,MoveState,Moving,Goal,20.00,0.00,20.00,1.61,0.00,1.61,2.00,0.00,2.00,DStar
399,1.17,AgentPrefab,Agent,MoveState,Moving,Goal,20.00,0.00,20.00,1.61,0.00,1.61,2.00,0.00,2.00,DStar
400,1.18,AgentPrefab,Agent,MoveState,Moving,Goal,20.00,0.00,20.00,1.62,0.00,1.62,2.00,0.00,2.00,DStar
401,1.18,AgentPrefab,Agent,MoveState,Moving,Goal,20.00,0.00,20.00,1.62,0.00,1.62,2.00,0.00,2.00,DStar
402,1.18,AgentPrefab,Agent,MoveState,Moving,Goal,20.00,0.00,20.00,1.62,0.00,1.62,2.00,0.00,2.00,DStar
403,1.18,AgentPrefab,Agent,MoveState,Moving,Goal,20.00,0.00,20.00,1.63,0.00,1.63,2.00,0.00,2.00,DStar
404,1.18,AgentPrefab,Agent,MoveState,Moving,Goal,20.00,0.00,20.00,1.63,0.00,1.63,2.00,0.00,2.00,DStar
405,1.19,AgentPrefab,Agent,MoveState,Moving,Goal,20.00,0.00,20.00,1.63,0.00,1.63,2.00,0.00,2.00,DStar
406,1.19,AgentPrefab,Agent,MoveState,Moving,Goal,20.00,0.00,20.00,1.64,0.00,1.64,2.00,0.00,2.00,DStar
407,1.19,AgentPrefab,Agent,MoveState,Moving,Goal,20.00,0.00,20.00,1.64,0.00,1.64,2.00,0.00,2.00,DStar
408,1.20,AgentPrefab,Agent,MoveState,Moving,Goal,20.00,0.00,20.00,1.65,0.00,1.65,2.00,0.00,2.00,DStar
409,1.20,AgentPrefab,Agent,MoveState,Moving,Goal,20.00,0.00,20.00,1.65,0.00,1.65,2.00,0.00,2.00,DStar
410,1.20,AgentPrefab,Agent,MoveState,Moving,Goal,20.00,0.00,20.00,1.65,0.00,1.65,2.00,0.00,2.00,DStar
411,1.20,AgentPrefab,Agent,MoveState,Moving,Goal,20.00,0.00,20.00,1.66,0.00,1.66,2.00,0.00,2.00,DStar
412,1.21,AgentPrefab,Agent,MoveState,Moving,Goal,20.00,0.00,20.00,1.66,0.00,1.66,2.00,0.00,2.00,DStar
413,1.21,AgentPrefab,Agent,MoveState,Moving,Goal,20.00,0.00,20.00,1.66,0.00,1.66,2.00,0.00,2.00,DStar
414,1.21,AgentPrefab,Agent,MoveState,Moving,Goal,20.00,0.00,20.00,1.67,0.00,1.67,2.00,0.00,2.00,DStar
415,1.21,AgentPrefab,Agent,MoveState,Moving,Goal,20.00,0.00,20.00,1.67,0.00,1.67,2.00,0.00,2.00,DStar
416,1.22,AgentPrefab,Agent,MoveState,Moving,Goal,20.00,0.00,20.00,1.67,0.00,1.67,2.00,0.00,2.00,DStar
417,1.22,AgentPrefab,Agent,MoveState,Moving,Goal,20.00,0.00,20.00,1.68,0.00,1.68,2.00,0.00,2.00,DStar
418,1.22,AgentPrefab,Agent,MoveState,Moving,Goal,20.00,0.00,20.00,1.68,0.00,1.68,2.00,0.00,2.00,DStar
419,1.23,AgentPrefab,Agent,MoveState,Moving,Goal,20.00,0.00,20.00,1.69,0.00,1.69,2.00,0.00,2.00,DStar
420,1.23,AgentPrefab,Agent,MoveState,Moving,Goal,20.00,0.00,20.00,1.69,0.00,1.69,2.00,0.00,2.00,DStar
421,1.23,AgentPrefab,Agent,MoveState,Moving,Goal,20.00,0.00,20.00,1.69,0.00,1.69,2.00,0.00,2.00,DStar
422,1.23,AgentPrefab,Agent,MoveState,Moving,Goal,20.00,0.00,20.00,1.70,0.00,1.70,2.00,0.00,2.00,DStar
423,1.23,AgentPrefab,Agent,MoveState,Moving,Goal,20.00,0.00,20.00,1.70,0.00,1.70,2.00,0.00,2.00,DStar
424,1.24,AgentPrefab,Agent,MoveState,Moving,Goal,20.00,0.00,20.00,1.70,0.00,1.70,2.00,0.00,2.00,DStar
425,1.24,AgentPrefab,Agent,MoveState,Moving,Goal,20.00,0.00,20.00,1.71,0.00,1.71,2.00,0.00,2.00,DStar
426,1.24,AgentPrefab,Agent,MoveState,Moving,Goal,20.00,0.00,20.00,1.71,0.00,1.71,2.00,0.00,2.00,DStar
427,1.24,AgentPrefab,Agent,MoveState,Moving,Goal,20.00,0.00,20.00,1.71,0.00,1.71,2.00,0.00,2.00,DStar
428,1.25,AgentPrefab,Agent,MoveState,Moving,Goal,20.00,0.00,20.00,1.72,0.00,1.72,2.00,0.00,2.00,DStar
429,1.25,AgentPrefab,Agent,MoveState,Moving,Goal,20.00,0.00,20.00,1.72,0.00,1.72,2.00,0.00,2.00,DStar
430,1.25,AgentPrefab,Agent,MoveState,Moving,Goal,20.00,0.00,20.00,1.72,0.00,1.72,2.00,0.00,2.00,DStar
431,1.25,AgentPrefab,Agent,MoveState,Moving,Goal,20.00,0.00,20.00,1.73,0.00,1.73,2.00,0.00,2.00,DStar
432,1.26,AgentPrefab,Agent,MoveState,Moving,Goal,20.00,0.00,20.00,1.73,0.00,1.73,2.00,0.00,2.00,DStar
433,1.26,AgentPrefab,Agent,MoveState,Moving,Goal,20.00,0.00,20.00,1.73,0.00,1.73,2.00,0.00,2.00,DStar
434,1.26,AgentPrefab,Agent,MoveState,Moving,Goal,20.00,0.00,20.00,1.74,0.00,1.74,2.00,0.00,2.00,DStar
435,1.26,AgentPrefab,Agent,MoveState,Moving,Goal,20.00,0.00,20.00,1.74,0.00,1.74,2.00,0.00,2.00,DStar
436,1.27,AgentPrefab,Agent,MoveState,Moving,Goal,20.00,0.00,20.00,1.74,0.00,1.74,2.00,0.00,2.00,DStar
437,1.27,AgentPrefab,Agent,MoveState,Moving,Goal,20.00,0.00,20.00,1.75,0.00,1.75,2.00,0.00,2.00,DStar
438,1.27,AgentPrefab,Agent,MoveState,Moving,Goal,20.00,0.00,20.00,1.75,0.00,1.75,2.00,0.00,2.00,DStar
439,1.27,AgentPrefab,Agent,MoveState,Moving,Goal,20.00,0.00,20.00,1.75,0.00,1.75,2.00,0.00,2.00,DStar
440,1.28,AgentPrefab,Agent,MoveState,Moving,Goal,20.00,0.00,20.00,1.76,0.00,1.76,2.00,0.00,2.00,DStar
441,1.28,AgentPrefab,Agent,MoveState,Moving,Goal,20.00,0.00,20.00,1.76,0.00,1.76,2.00,0.00,2.00,DStar
442,1.28,AgentPrefab,Agent,MoveState,Moving,Goal,20.00,0.00,20.00,1.76,0.00,1.76,2.00,0.00,2.00,DStar
443,1.28,AgentPrefab,Agent,MoveState,Moving,Goal,20.00,0.00,20.00,1.77,0.00,1.77,2.00,0.00,2.00,DStar
444,1.28,AgentPrefab,Agent,MoveState,Moving,Goal,20.00,0.00,20.00,1.77,0.00,1.77,2.00,0.00,2.00,DStar
445,1.29,AgentPrefab,Agent,MoveState,Moving,Goal,20.00,0.00,20.00,1.77,0.00,1.77,2.00,0.00,2.00,DStar
446,1.29,AgentPrefab,Agent,MoveState,Moving,Goal,20.00,0.00,20.00,1.78,0.00,1.78,2.00,0.00,2.00,DStar
447,1.29,AgentPrefab,Agent,MoveState,Moving,Goal,20.00,0.00,20.00,1.78,0.00,1.78,2.00,0.00,2.00,DStar
448,1.30,AgentPrefab,Agent,MoveState,Moving,Goal,20.00,0.00,20.00,1.79,0.00,1.79,2.00,0.00,2.00,DStar
449,1.30,AgentPrefab,Agent,MoveState,Moving,Goal,20.00,0.00,20.00,1.79,0.00,1.79,2.00,0.00,2.00,DStar
450,1.30,AgentPrefab,Agent,MoveState,Moving,Goal,20.00,0.00,20.00,1.79,0.00,1.79,2.00,0.00,2.00,DStar
451,1.30,AgentPrefab,Agent,MoveState,Moving,Goal,20.00,0.00,20.00,1.80,0.00,1.80,2.00,0.00,2.00,DStar
452,1.31,AgentPrefab,Agent,MoveState,Moving,Goal,20.00,0.00,20.00,1.80,0.00,1.80,2.00,0.00,2.00,DStar
453,1.31,AgentPrefab,Agent,MoveState,Moving,Goal,20.00,0.00,20.00,1.81,0.00,1.81,2.00,0.00,2.00,DStar
454,1.31,AgentPrefab,Agent,MoveState,Moving,Goal,20.00,0.00,20.00,1.81,0.00,1.81,2.00,0.00,2.00,DStar
455,1.31,AgentPrefab,Agent,MoveState,Moving,Goal,20.00,0.00,20.00,1.81,0.00,1.81,2.00,0.00,2.00,DStar
456,1.32,AgentPrefab,Agent,MoveState,Moving,Goal,20.00,0.00,20.00,1.82,0.00,1.82,2.00,0.00,2.00,DStar
457,1.32,AgentPrefab,Agent,MoveState,Moving,Goal,20.00,0.00,20.00,1.82,0.00,1.82,2.00,0.00,2.00,DStar
458,1.32,AgentPrefab,Agent,MoveState,Moving,Goal,20.00,0.00,20.00,1.82,0.00,1.82,2.00,0.00,2.00,DStar
459,1.32,AgentPrefab,Agent,MoveState,Moving,Goal,20.00,0.00,20.00,1.83,0.00,1.83,2.00,0.00,2.00,DStar
460,1.33,AgentPrefab,Agent,MoveState,Moving,Goal,20.00,0.00,20.00,1.83,0.00,1.83,2.00,0.00,2.00,DStar
461,1.33,AgentPrefab,Agent,MoveState,Moving,Goal,20.00,0.00,20.00,1.83,0.00,1.83,2.00,0.00,2.00,DStar
462,1.33,AgentPrefab,Agent,MoveState,Moving,Goal,20.00,0.00,20.00,1.84,0.00,1.84,2.00,0.00,2.00,DStar
463,1.33,AgentPrefab,Agent,MoveState,Moving,Goal,20.00,0.00,20.00,1.84,0.00,1.84,2.00,0.00,2.00,DStar
464,1.34,AgentPrefab,Agent,MoveState,Moving,Goal,20.00,0.00,20.00,1.84,0.00,1.84,2.00,0.00,2.00,DStar
465,1.34,AgentPrefab,Agent,MoveState,Moving,Goal,20.00,0.00,20.00,1.85,0.00,1.85,2.00,0.00,2.00,DStar
466,1.34,AgentPrefab,Agent,MoveState,Moving,Goal,20.00,0.00,20.00,1.85,0.00,1.85,2.00,0.00,2.00,DStar
467,1.34,AgentPrefab,Agent,MoveState,Moving,Goal,20.00,0.00,20.00,1.85,0.00,1.85,2.00,0.00,2.00,DStar
468,1.35,AgentPrefab,Agent,MoveState,Moving,Goal,20.00,0.00,20.00,1.86,0.00,1.86,2.00,0.00,2.00,DStar
469,1.35,AgentPrefab,Agent,MoveState,Moving,Goal,20.00,0.00,20.00,1.86,0.00,1.86,2.00,0.00,2.00,DStar
470,1.35,AgentPrefab,Agent,MoveState,Moving,Goal,20.00,0.00,20.00,1.86,0.00,1.86,2.00,0.00,2.00,DStar
471,1.35,AgentPrefab,Agent,MoveState,Moving,Goal,20.00,0.00,20.00,1.87,0.00,1.87,2.00,0.00,2.00,DStar
472,1.36,AgentPrefab,Agent,MoveState,Moving,Goal,20.00,0.00,20.00,1.87,0.00,1.87,2.00,0.00,2.00,DStar
473,1.36,AgentPrefab,Agent,MoveState,Moving,Goal,20.00,0.00,20.00,1.88,0.00,1.88,2.00,0.00,2.00,DStar
474,1.36,AgentPrefab,Agent,MoveState,Moving,Goal,20.00,0.00,20.00,1.88,0.00,1.88,2.00,0.00,2.00,DStar
475,1.36,AgentPrefab,Agent,MoveState,Moving,Goal,20.00,0.00,20.00,1.88,0.00,1.88,2.00,0.00,2.00,DStar
476,1.37,AgentPrefab,Agent,MoveState,Moving,Goal,20.00,0.00,20.00,1.89,0.00,1.89,2.00,0.00,2.00,DStar
477,1.37,AgentPrefab,Agent,MoveState,Moving,Goal,20.00,0.00,20.00,1.89,0.00,1.89,2.00,0.00,2.00,DStar
478,1.37,AgentPrefab,Agent,MoveState,Moving,Goal,20.00,0.00,20.00,1.89,0.00,1.89,2.00,0.00,2.00,DStar
479,1.37,AgentPrefab,Agent,MoveState,Moving,Goal,20.00,0.00,20.00,1.90,0.00,1.90,2.00,0.00,2.00,DStar
480,1.38,AgentPrefab,Agent,MoveState,Moving,Goal,20.00,0.00,20.00,1.90,0.00,1.90,2.00,0.00,2.00,DStar
481,1.38,AgentPrefab,Agent,MoveState,Moving,Goal,20.00,0.00,20.00,1.90,0.00,1.90,2.00,0.00,2.00,DStar
482,1.38,AgentPrefab,Agent,MoveState,Moving,Goal,20.00,0.00,20.00,1.91,0.00,1.91,2.00,0.00,2.00,DStar
483,1.38,AgentPrefab,Agent,MoveState,Moving,Goal,20.00,0.00,20.00,1.91,0.00,1.91,2.00,0.00,2.00,DStar
484,1.39,AgentPrefab,Agent,MoveState,Moving,Goal,20.00,0.00,20.00,1.91,0.00,1.91,2.00,0.00,2.00,DStar
485,1.39,AgentPrefab,Agent,MoveState,Moving,Goal,20.00,0.00,20.00,1.92,0.00,1.92,2.00,0.00,2.00,DStar
486,1.39,AgentPrefab,Agent,MoveState,Moving,Goal,20.00,0.00,20.00,1.92,0.00,1.92,2.00,0.00,2.00,DStar
487,1.39,AgentPrefab,Agent,MoveState,Moving,Goal,20.00,0.00,20.00,1.92,0.00,1.92,2.00,0.00,2.00,DStar
488,1.40,AgentPrefab,Agent,MoveState,Moving,Goal,20.00,0.00,20.00,1.93,0.00,1.93,2.00,0.00,2.00,DStar
489,1.40,AgentPrefab,Agent,MoveState,Moving,Goal,20.00,0.00,20.00,1.93,0.00,1.93,2.00,0.00,2.00,DStar
490,1.40,AgentPrefab,Agent,MoveState,Moving,Goal,20.00,0.00,20.00,1.93,0.00,1.93,2.00,0.00,2.00,DStar
491,1.40,AgentPrefab,Agent,MoveState,Moving,Goal,20.00,0.00,20.00,1.94,0.00,1.94,2.00,0.00,2.00,DStar
492,1.41,AgentPrefab,Agent,MoveState,Moving,Goal,20.00,0.00,20.00,1.94,0.00,1.94,2.00,0.00,2.00,DStar
493,1.41,AgentPrefab,Agent,MoveState,Moving,Goal,20.00,0.00,20.00,1.95,0.00,1.95,2.00,0.00,2.00,DStar
494,1.41,AgentPrefab,Agent,MoveState,Moving,Goal,20.00,0.00,20.00,1.95,0.00,1.95,2.00,0.00,2.00,DStar
495,1.42,AgentPrefab,Agent,MoveState,Moving,Goal,20.00,0.00,20.00,1.95,0.00,1.95,2.00,0.00,2.00,DStar
496,1.42,AgentPrefab,Agent,MoveState,Moving,Goal,20.00,0.00,20.00,1.96,0.00,1.96,2.00,0.00,2.00,DStar
497,1.42,AgentPrefab,Agent,MoveState,Moving,Goal,20.00,0.00,20.00,1.96,0.00,1.96,2.00,0.00,2.00,DStar
498,1.42,AgentPrefab,Agent,MoveState,Moving,Goal,20.00,0.00,20.00,2.00,0.00,2.00,3.00,0.00,3.00,DStar
499,1.43,AgentPrefab,Agent,MoveState,Moving,Goal,20.00,0.00,20.00,2.00,0.00,2.00,3.00,0.00,3.00,DStar
500,1.43,AgentPrefab,Agent,MoveState,Moving,Goal,20.00,0.00,20.00,2.01,0.00,2.01,3.00,0.00,3.00,DStar
501,1.43,AgentPrefab,Agent,MoveState,Moving,Goal,20.00,0.00,20.00,2.01,0.00,2.01,3.00,0.00,3.00,DStar
502,1.43,AgentPrefab,Agent,MoveState,Moving,Goal,20.00,0.00,20.00,2.01,0.00,2.01,3.00,0.00,3.00,DStar
503,1.43,AgentPrefab,Agent,MoveState,Moving,Goal,20.00,0.00,20.00,2.02,0.00,2.02,3.00,0.00,3.00,DStar
504,1.44,AgentPrefab,Agent,MoveState,Moving,Goal,20.00,0.00,20.00,2.02,0.00,2.02,3.00,0.00,3.00,DStar
505,1.44,AgentPrefab,Agent,MoveState,Moving,Goal,20.00,0.00,20.00,2.02,0.00,2.02,3.00,0.00,3.00,DStar
506,1.44,AgentPrefab,Agent,MoveState,Moving,Goal,20.00,0.00,20.00,2.03,0.00,2.03,3.00,0.00,3.00,DStar
507,1.45,AgentPrefab,Agent,MoveState,Moving,Goal,20.00,0.00,20.00,2.03,0.00,2.03,3.00,0.00,3.00,DStar
508,1.45,AgentPrefab,Agent,MoveState,Moving,Goal,20.00,0.00,20.00,2.04,0.00,2.04,3.00,0.00,3.00,DStar
509,1.45,AgentPrefab,Agent,MoveState,Moving,Goal,20.00,0.00,20.00,2.04,0.00,2.04,3.00,0.00,3.00,DStar
510,1.45,AgentPrefab,Agent,MoveState,Moving,Goal,20.00,0.00,20.00,2.04,0.00,2.04,3.00,0.00,3.00,DStar
511,1.46,AgentPrefab,Agent,MoveState,Moving,Goal,20.00,0.00,20.00,2.05,0.00,2.05,3.00,0.00,3.00,DStar
512,1.46,AgentPrefab,Agent,MoveState,Moving,Goal,20.00,0.00,20.00,2.05,0.00,2.05,3.00,0.00,3.00,DStar
513,1.46,AgentPrefab,Agent,MoveState,Moving,Goal,20.00,0.00,20.00,2.05,0.00,2.05,3.00,0.00,3.00,DStar
514,1.46,AgentPrefab,Agent,MoveState,Moving,Goal,20.00,0.00,20.00,2.06,0.00,2.06,3.00,0.00,3.00,DStar
515,1.47,AgentPrefab,Agent,MoveState,Moving,Goal,20.00,0.00,20.00,2.06,0.00,2.06,3.00,0.00,3.00,DStar
516,1.47,AgentPrefab,Agent,MoveState,Moving,Goal,20.00,0.00,20.00,2.06,0.00,2.06,3.00,0.00,3.00,DStar
517,1.47,AgentPrefab,Agent,MoveState,Moving,Goal,20.00,0.00,20.00,2.07,0.00,2.07,3.00,0.00,3.00,DStar
518,1.47,AgentPrefab,Agent,MoveState,Moving,Goal,20.00,0.00,20.00,2.07,0.00,2.07,3.00,0.00,3.00,DStar
519,1.48,AgentPrefab,Agent,MoveState,Moving,Goal,20.00,0.00,20.00,2.08,0.00,2.08,3.00,0.00,3.00,DStar
520,1.48,AgentPrefab,Agent,MoveState,Moving,Goal,20.00,0.00,20.00,2.08,0.00,2.08,3.00,0.00,3.00,DStar
521,1.48,AgentPrefab,Agent,MoveState,Moving,Goal,20.00,0.00,20.00,2.08,0.00,2.08,3.00,0.00,3.00,DStar
522,1.48,AgentPrefab,Agent,MoveState,Moving,Goal,20.00,0.00,20.00,2.08,0.00,2.08,3.00,0.00,3.00,DStar
523,1.49,AgentPrefab,Agent,MoveState,Moving,Goal,20.00,0.00,20.00,2.09,0.00,2.09,3.00,0.00,3.00,DStar
524,1.49,AgentPrefab,Agent,MoveState,Moving,Goal,20.00,0.00,20.00,2.09,0.00,2.09,3.00,0.00,3.00,DStar
525,1.49,AgentPrefab,Agent,MoveState,Moving,Goal,20.00,0.00,20.00,2.10,0.00,2.10,3.00,0.00,3.00,DStar
526,1.49,AgentPrefab,Agent,MoveState,Moving,Goal,20.00,0.00,20.00,2.10,0.00,2.10,3.00,0.00,3.00,DStar
527,1.50,AgentPrefab,Agent,MoveState,Moving,Goal,20.00,0.00,20.00,2.10,0.00,2.10,3.00,0.00,3.00,DStar
528,1.50,AgentPrefab,Agent,MoveState,Moving,Goal,20.00,0.00,20.00,2.11,0.00,2.11,3.00,0.00,3.00,DStar
529,1.50,AgentPrefab,Agent,MoveState,Moving,Goal,20.00,0.00,20.00,2.11,0.00,2.11,3.00,0.00,3.00,DStar
530,1.50,AgentPrefab,Agent,MoveState,Moving,Goal,20.00,0.00,20.00,2.11,0.00,2.11,3.00,0.00,3.00,DStar
531,1.51,AgentPrefab,Agent,MoveState,Moving,Goal,20.00,0.00,20.00,2.12,0.00,2.12,3.00,0.00,3.00,DStar
532,1.51,AgentPrefab,Agent,MoveState,Moving,Goal,20.00,0.00,20.00,2.12,0.00,2.12,3.00,0.00,3.00,DStar
533,1.51,AgentPrefab,Agent,MoveState,Moving,Goal,20.00,0.00,20.00,2.12,0.00,2.12,3.00,0.00,3.00,DStar
534,1.51,AgentPrefab,Agent,MoveState,Moving,Goal,20.00,0.00,20.00,2.13,0.00,2.13,3.00,0.00,3.00,DStar
535,1.51,AgentPrefab,Agent,MoveState,Moving,Goal,20.00,0.00,20.00,2.13,0.00,2.13,3.00,0.00,3.00,DStar
536,1.52,AgentPrefab,Agent,MoveState,Moving,Goal,20.00,0.00,20.00,2.13,0.00,2.13,3.00,0.00,3.00,DStar
537,1.52,AgentPrefab,Agent,MoveState,Moving,Goal,20.00,0.00,20.00,2.13,0.00,2.13,3.00,0.00,3.00,DStar
538,1.52,AgentPrefab,Agent,MoveState,Moving,Goal,20.00,0.00,20.00,2.14,0.00,2.14,3.00,0.00,3.00,DStar
539,1.53,AgentPrefab,Agent,MoveState,Moving,Goal,20.00,0.00,20.00,2.14,0.00,2.14,3.00,0.00,3.00,DStar
540,1.53,AgentPrefab,Agent,MoveState,Moving,Goal,20.00,0.00,20.00,2.15,0.00,2.15,3.00,0.00,3.00,DStar
541,1.53,AgentPrefab,Agent,MoveState,Moving,Goal,20.00,0.00,20.00,2.15,0.00,2.15,3.00,0.00,3.00,DStar
542,1.53,AgentPrefab,Agent,MoveState,Moving,Goal,20.00,0.00,20.00,2.15,0.00,2.15,3.00,0.00,3.00,DStar
543,1.53,AgentPrefab,Agent,MoveState,Moving,Goal,20.00,0.00,20.00,2.16,0.00,2.16,3.00,0.00,3.00,DStar
544,1.54,AgentPrefab,Agent,MoveState,Moving,Goal,20.00,0.00,20.00,2.16,0.00,2.16,3.00,0.00,3.00,DStar
545,1.54,AgentPrefab,Agent,MoveState,Moving,Goal,20.00,0.00,20.00,2.16,0.00,2.16,3.00,0.00,3.00,DStar
546,1.54,AgentPrefab,Agent,MoveState,Moving,Goal,20.00,0.00,20.00,2.17,0.00,2.17,3.00,0.00,3.00,DStar
547,1.54,AgentPrefab,Agent,MoveState,Moving,Goal,20.00,0.00,20.00,2.17,0.00,2.17,3.00,0.00,3.00,DStar
548,1.55,AgentPrefab,Agent,MoveState,Moving,Goal,20.00,0.00,20.00,2.17,0.00,2.17,3.00,0.00,3.00,DStar
549,1.55,AgentPrefab,Agent,MoveState,Moving,Goal,20.00,0.00,20.00,2.18,0.00,2.18,3.00,0.00,3.00,DStar
550,1.55,AgentPrefab,Agent,MoveState,Moving,Goal,20.00,0.00,20.00,2.18,0.00,2.18,3.00,0.00,3.00,DStar
551,1.55,AgentPrefab,Agent,MoveState,Moving,Goal,20.00,0.00,20.00,2.18,0.00,2.18,3.00,0.00,3.00,DStar
552,1.56,AgentPrefab,Agent,MoveState,Moving,Goal,20.00,0.00,20.00,2.19,0.00,2.19,3.00,0.00,3.00,DStar
553,1.56,AgentPrefab,Agent,MoveState,Moving,Goal,20.00,0.00,20.00,2.19,0.00,2.19,3.00,0.00,3.00,DStar
554,1.56,AgentPrefab,Agent,MoveState,Moving,Goal,20.00,0.00,20.00,2.20,0.00,2.20,3.00,0.00,3.00,DStar
555,1.56,AgentPrefab,Agent,MoveState,Moving,Goal,20.00,0.00,20.00,2.20,0.00,2.20,3.00,0.00,3.00,DStar
556,1.57,AgentPrefab,Agent,MoveState,Moving,Goal,20.00,0.00,20.00,2.20,0.00,2.20,3.00,0.00,3.00,DStar
557,1.57,AgentPrefab,Agent,MoveState,Moving,Goal,20.00,0.00,20.00,2.21,0.00,2.21,3.00,0.00,3.00,DStar
558,1.57,AgentPrefab,Agent,MoveState,Moving,Goal,20.00,0.00,20.00,2.21,0.00,2.21,3.00,0.00,3.00,DStar
559,1.57,AgentPrefab,Agent,MoveState,Moving,Goal,20.00,0.00,20.00,2.21,0.00,2.21,3.00,0.00,3.00,DStar
560,1.58,AgentPrefab,Agent,MoveState,Moving,Goal,20.00,0.00,20.00,2.22,0.00,2.22,3.00,0.00,3.00,DStar
561,1.58,AgentPrefab,Agent,MoveState,Moving,Goal,20.00,0.00,20.00,2.22,0.00,2.22,3.00,0.00,3.00,DStar
562,1.58,AgentPrefab,Agent,MoveState,Moving,Goal,20.00,0.00,20.00,2.22,0.00,2.22,3.00,0.00,3.00,DStar
563,1.58,AgentPrefab,Agent,MoveState,Moving,Goal,20.00,0.00,20.00,2.23,0.00,2.23,3.00,0.00,3.00,DStar
564,1.59,AgentPrefab,Agent,MoveState,Moving,Goal,20.00,0.00,20.00,2.23,0.00,2.23,3.00,0.00,3.00,DStar
565,1.59,AgentPrefab,Agent,MoveState,Moving,Goal,20.00,0.00,20.00,2.23,0.00,2.23,3.00,0.00,3.00,DStar
566,1.59,AgentPrefab,Agent,MoveState,Moving,Goal,20.00,0.00,20.00,2.24,0.00,2.24,3.00,0.00,3.00,DStar
567,1.59,AgentPrefab,Agent,MoveState,Moving,Goal,20.00,0.00,20.00,2.24,0.00,2.24,3.00,0.00,3.00,DStar
568,1.59,AgentPrefab,Agent,MoveState,Moving,Goal,20.00,0.00,20.00,2.24,0.00,2.24,3.00,0.00,3.00,DStar
569,1.60,AgentPrefab,Agent,MoveState,Moving,Goal,20.00,0.00,20.00,2.25,0.00,2.25,3.00,0.00,3.00,DStar
570,1.60,AgentPrefab,Agent,MoveState,Moving,Goal,20.00,0.00,20.00,2.25,0.00,2.25,3.00,0.00,3.00,DStar
571,1.60,AgentPrefab,Agent,MoveState,Moving,Goal,20.00,0.00,20.00,2.25,0.00,2.25,3.00,0.00,3.00,DStar
572,1.61,AgentPrefab,Agent,MoveState,Moving,Goal,20.00,0.00,20.00,2.26,0.00,2.26,3.00,0.00,3.00,DStar
573,1.61,AgentPrefab,Agent,MoveState,Moving,Goal,20.00,0.00,20.00,2.26,0.00,2.26,3.00,0.00,3.00,DStar
574,1.61,AgentPrefab,Agent,MoveState,Moving,Goal,20.00,0.00,20.00,2.27,0.00,2.27,3.00,0.00,3.00,DStar
575,1.61,AgentPrefab,Agent,MoveState,Moving,Goal,20.00,0.00,20.00,2.27,0.00,2.27,3.00,0.00,3.00,DStar
576,1.62,AgentPrefab,Agent,MoveState,Moving,Goal,20.00,0.00,20.00,2.27,0.00,2.27,3.00,0.00,3.00,DStar
577,1.62,AgentPrefab,Agent,MoveState,Moving,Goal,20.00,0.00,20.00,2.28,0.00,2.28,3.00,0.00,3.00,DStar
578,1.62,AgentPrefab,Agent,MoveState,Moving,Goal,20.00,0.00,20.00,2.28,0.00,2.28,3.00,0.00,3.00,DStar
579,1.63,AgentPrefab,Agent,MoveState,Moving,Goal,20.00,0.00,20.00,2.29,0.00,2.29,3.00,0.00,3.00,DStar
580,1.63,AgentPrefab,Agent,MoveState,Moving,Goal,20.00,0.00,20.00,2.29,0.00,2.29,3.00,0.00,3.00,DStar
581,1.63,AgentPrefab,Agent,MoveState,Moving,Goal,20.00,0.00,20.00,2.30,0.00,2.30,3.00,0.00,3.00,DStar
582,1.64,AgentPrefab,Agent,MoveState,Moving,Goal,20.00,0.00,20.00,2.30,0.00,2.30,3.00,0.00,3.00,DStar
583,1.64,AgentPrefab,Agent,MoveState,Moving,Goal,20.00,0.00,20.00,2.30,0.00,2.30,3.00,0.00,3.00,DStar
584,1.64,AgentPrefab,Agent,MoveState,Moving,Goal,20.00,0.00,20.00,2.31,0.00,2.31,3.00,0.00,3.00,DStar
585,1.64,AgentPrefab,Agent,MoveState,Moving,Goal,20.00,0.00,20.00,2.31,0.00,2.31,3.00,0.00,3.00,DStar
586,1.65,AgentPrefab,Agent,MoveState,Moving,Goal,20.00,0.00,20.00,2.32,0.00,2.32,3.00,0.00,3.00,DStar
587,1.65,AgentPrefab,Agent,MoveState,Moving,Goal,20.00,0.00,20.00,2.32,0.00,2.32,3.00,0.00,3.00,DStar
588,1.65,AgentPrefab,Agent,MoveState,Moving,Goal,20.00,0.00,20.00,2.32,0.00,2.32,3.00,0.00,3.00,DStar
589,1.65,AgentPrefab,Agent,MoveState,Moving,Goal,20.00,0.00,20.00,2.32,0.00,2.32,3.00,0.00,3.00,DStar
590,1.66,AgentPrefab,Agent,MoveState,Moving,Goal,20.00,0.00,20.00,2.33,0.00,2.33,3.00,0.00,3.00,DStar
591,1.66,AgentPrefab,Agent,MoveState,Moving,Goal,20.00,0.00,20.00,2.33,0.00,2.33,3.00,0.00,3.00,DStar
592,1.66,AgentPrefab,Agent,MoveState,Moving,Goal,20.00,0.00,20.00,2.34,0.00,2.34,3.00,0.00,3.00,DStar
593,1.66,AgentPrefab,Agent,MoveState,Moving,Goal,20.00,0.00,20.00,2.34,0.00,2.34,3.00,0.00,3.00,DStar
594,1.67,AgentPrefab,Agent,MoveState,Moving,Goal,20.00,0.00,20.00,2.34,0.00,2.34,3.00,0.00,3.00,DStar
595,1.67,AgentPrefab,Agent,MoveState,Moving,Goal,20.00,0.00,20.00,2.35,0.00,2.35,3.00,0.00,3.00,DStar
596,1.67,AgentPrefab,Agent,MoveState,Moving,Goal,20.00,0.00,20.00,2.35,0.00,2.35,3.00,0.00,3.00,DStar
597,1.67,AgentPrefab,Agent,MoveState,Moving,Goal,20.00,0.00,20.00,2.35,0.00,2.35,3.00,0.00,3.00,DStar
598,1.68,AgentPrefab,Agent,MoveState,Moving,Goal,20.00,0.00,20.00,2.36,0.00,2.36,3.00,0.00,3.00,DStar
599,1.68,AgentPrefab,Agent,MoveState,Moving,Goal,20.00,0.00,20.00,2.36,0.00,2.36,3.00,0.00,3.00,DStar
600,1.68,AgentPrefab,Agent,MoveState,Moving,Goal,20.00,0.00,20.00,2.36,0.00,2.36,3.00,0.00,3.00,DStar
601,1.68,AgentPrefab,Agent,MoveState,Moving,Goal,20.00,0.00,20.00,2.37,0.00,2.37,3.00,0.00,3.00,DStar
602,1.68,AgentPrefab,Agent,MoveState,Moving,Goal,20.00,0.00,20.00,2.37,0.00,2.37,3.00,0.00,3.00,DStar
603,1.69,AgentPrefab,Agent,MoveState,Moving,Goal,20.00,0.00,20.00,2.37,0.00,2.37,3.00,0.00,3.00,DStar
604,1.69,AgentPrefab,Agent,MoveState,Moving,Goal,20.00,0.00,20.00,2.38,0.00,2.38,3.00,0.00,3.00,DStar
605,1.69,AgentPrefab,Agent,MoveState,Moving,Goal,20.00,0.00,20.00,2.38,0.00,2.38,3.00,0.00,3.00,DStar
606,1.70,AgentPrefab,Agent,MoveState,Moving,Goal,20.00,0.00,20.00,2.38,0.00,2.38,3.00,0.00,3.00,DStar
607,1.70,AgentPrefab,Agent,MoveState,Moving,Goal,20.00,0.00,20.00,2.39,0.00,2.39,3.00,0.00,3.00,DStar
608,1.70,AgentPrefab,Agent,MoveState,Moving,Goal,20.00,0.00,20.00,2.39,0.00,2.39,3.00,0.00,3.00,DStar
609,1.70,AgentPrefab,Agent,MoveState,Moving,Goal,20.00,0.00,20.00,2.39,0.00,2.39,3.00,0.00,3.00,DStar
610,1.70,AgentPrefab,Agent,MoveState,Moving,Goal,20.00,0.00,20.00,2.40,0.00,2.40,3.00,0.00,3.00,DStar
611,1.71,AgentPrefab,Agent,MoveState,Moving,Goal,20.00,0.00,20.00,2.40,0.00,2.40,3.00,0.00,3.00,DStar
612,1.71,AgentPrefab,Agent,MoveState,Moving,Goal,20.00,0.00,20.00,2.40,0.00,2.40,3.00,0.00,3.00,DStar
613,1.71,AgentPrefab,Agent,MoveState,Moving,Goal,20.00,0.00,20.00,2.41,0.00,2.41,3.00,0.00,3.00,DStar
614,1.71,AgentPrefab,Agent,MoveState,Moving,Goal,20.00,0.00,20.00,2.41,0.00,2.41,3.00,0.00,3.00,DStar
615,1.72,AgentPrefab,Agent,MoveState,Moving,Goal,20.00,0.00,20.00,2.41,0.00,2.41,3.00,0.00,3.00,DStar
616,1.72,AgentPrefab,Agent,MoveState,Moving,Goal,20.00,0.00,20.00,2.42,0.00,2.42,3.00,0.00,3.00,DStar
617,1.72,AgentPrefab,Agent,MoveState,Moving,Goal,20.00,0.00,20.00,2.42,0.00,2.42,3.00,0.00,3.00,DStar
618,1.73,AgentPrefab,Agent,MoveState,Moving,Goal,20.00,0.00,20.00,2.43,0.00,2.43,3.00,0.00,3.00,DStar
619,1.73,AgentPrefab,Agent,MoveState,Moving,Goal,20.00,0.00,20.00,2.43,0.00,2.43,3.00,0.00,3.00,DStar
620,1.73,AgentPrefab,Agent,MoveState,Moving,Goal,20.00,0.00,20.00,2.43,0.00,2.43,3.00,0.00,3.00,DStar
621,1.73,AgentPrefab,Agent,MoveState,Moving,Goal,20.00,0.00,20.00,2.44,0.00,2.44,3.00,0.00,3.00,DStar
622,1.74,AgentPrefab,Agent,MoveState,Moving,Goal,20.00,0.00,20.00,2.44,0.00,2.44,3.00,0.00,3.00,DStar
623,1.74,AgentPrefab,Agent,MoveState,Moving,Goal,20.00,0.00,20.00,2.45,0.00,2.45,3.00,0.00,3.00,DStar
624,1.74,AgentPrefab,Agent,MoveState,Moving,Goal,20.00,0.00,20.00,2.45,0.00,2.45,3.00,0.00,3.00,DStar
625,1.75,AgentPrefab,Agent,MoveState,Moving,Goal,20.00,0.00,20.00,2.45,0.00,2.45,3.00,0.00,3.00,DStar
626,1.75,AgentPrefab,Agent,MoveState,Moving,Goal,20.00,0.00,20.00,2.46,0.00,2.46,3.00,0.00,3.00,DStar
627,1.75,AgentPrefab,Agent,MoveState,Moving,Goal,20.00,0.00,20.00,2.46,0.00,2.46,3.00,0.00,3.00,DStar
628,1.75,AgentPrefab,Agent,MoveState,Moving,Goal,20.00,0.00,20.00,2.47,0.00,2.47,3.00,0.00,3.00,DStar
629,1.76,AgentPrefab,Agent,MoveState,Moving,Goal,20.00,0.00,20.00,2.47,0.00,2.47,3.00,0.00,3.00,DStar
630,1.76,AgentPrefab,Agent,MoveState,Moving,Goal,20.00,0.00,20.00,2.47,0.00,2.47,3.00,0.00,3.00,DStar
631,1.76,AgentPrefab,Agent,MoveState,Moving,Goal,20.00,0.00,20.00,2.48,0.00,2.48,3.00,0.00,3.00,DStar
632,1.76,AgentPrefab,Agent,MoveState,Moving,Goal,20.00,0.00,20.00,2.48,0.00,2.48,3.00,0.00,3.00,DStar
633,1.77,AgentPrefab,Agent,MoveState,Moving,Goal,20.00,0.00,20.00,2.48,0.00,2.48,3.00,0.00,3.00,DStar
634,1.77,AgentPrefab,Agent,MoveState,Moving,Goal,20.00,0.00,20.00,2.49,0.00,2.49,3.00,0.00,3.00,DStar
635,1.77,AgentPrefab,Agent,MoveState,Moving,Goal,20.00,0.00,20.00,2.49,0.00,2.49,3.00,0.00,3.00,DStar
636,1.77,AgentPrefab,Agent,MoveState,Moving,Goal,20.00,0.00,20.00,2.49,0.00,2.49,3.00,0.00,3.00,DStar
637,1.78,AgentPrefab,Agent,MoveState,Moving,Goal,20.00,0.00,20.00,2.50,0.00,2.50,3.00,0.00,3.00,DStar
638,1.78,AgentPrefab,Agent,MoveState,Moving,Goal,20.00,0.00,20.00,2.50,0.00,2.50,3.00,0.00,3.00,DStar
639,1.78,AgentPrefab,Agent,MoveState,Moving,Goal,20.00,0.00,20.00,2.50,0.00,2.50,3.00,0.00,3.00,DStar
640,1.78,AgentPrefab,Agent,MoveState,Moving,Goal,20.00,0.00,20.00,2.51,0.00,2.51,3.00,0.00,3.00,DStar
641,1.78,AgentPrefab,Agent,MoveState,Moving,Goal,20.00,0.00,20.00,2.51,0.00,2.51,3.00,0.00,3.00,DStar
642,1.79,AgentPrefab,Agent,MoveState,Moving,Goal,20.00,0.00,20.00,2.51,0.00,2.51,3.00,0.00,3.00,DStar
643,1.79,AgentPrefab,Agent,MoveState,Moving,Goal,20.00,0.00,20.00,2.52,0.00,2.52,3.00,0.00,3.00,DStar
644,1.79,AgentPrefab,Agent,MoveState,Moving,Goal,20.00,0.00,20.00,2.52,0.00,2.52,3.00,0.00,3.00,DStar
645,1.79,AgentPrefab,Agent,MoveState,Moving,Goal,20.00,0.00,20.00,2.52,0.00,2.52,3.00,0.00,3.00,DStar
646,1.80,AgentPrefab,Agent,MoveState,Moving,Goal,20.00,0.00,20.00,2.53,0.00,2.53,3.00,0.00,3.00,DStar
647,1.80,AgentPrefab,Agent,MoveState,Moving,Goal,20.00,0.00,20.00,2.53,0.00,2.53,3.00,0.00,3.00,DStar
648,1.80,AgentPrefab,Agent,MoveState,Moving,Goal,20.00,0.00,20.00,2.53,0.00,2.53,3.00,0.00,3.00,DStar
649,1.80,AgentPrefab,Agent,MoveState,Moving,Goal,20.00,0.00,20.00,2.54,0.00,2.54,3.00,0.00,3.00,DStar
650,1.81,AgentPrefab,Agent,MoveState,Moving,Goal,20.00,0.00,20.00,2.54,0.00,2.54,3.00,0.00,3.00,DStar
651,1.81,AgentPrefab,Agent,MoveState,Moving,Goal,20.00,0.00,20.00,2.55,0.00,2.55,3.00,0.00,3.00,DStar
652,1.81,AgentPrefab,Agent,MoveState,Moving,Goal,20.00,0.00,20.00,2.55,0.00,2.55,3.00,0.00,3.00,DStar
653,1.81,AgentPrefab,Agent,MoveState,Moving,Goal,20.00,0.00,20.00,2.55,0.00,2.55,3.00,0.00,3.00,DStar
654,1.82,AgentPrefab,Agent,MoveState,Moving,Goal,20.00,0.00,20.00,2.56,0.00,2.56,3.00,0.00,3.00,DStar
655,1.82,AgentPrefab,Agent,MoveState,Moving,Goal,20.00,0.00,20.00,2.56,0.00,2.56,3.00,0.00,3.00,DStar
656,1.82,AgentPrefab,Agent,MoveState,Moving,Goal,20.00,0.00,20.00,2.56,0.00,2.56,3.00,0.00,3.00,DStar
657,1.83,AgentPrefab,Agent,MoveState,Moving,Goal,20.00,0.00,20.00,2.57,0.00,2.57,3.00,0.00,3.00,DStar
658,1.83,AgentPrefab,Agent,MoveState,Moving,Goal,20.00,0.00,20.00,2.57,0.00,2.57,3.00,0.00,3.00,DStar
659,1.83,AgentPrefab,Agent,MoveState,Moving,Goal,20.00,0.00,20.00,2.58,0.00,2.58,3.00,0.00,3.00,DStar
660,1.83,AgentPrefab,Agent,MoveState,Moving,Goal,20.00,0.00,20.00,2.58,0.00,2.58,3.00,0.00,3.00,DStar
661,1.84,AgentPrefab,Agent,MoveState,Moving,Goal,20.00,0.00,20.00,2.58,0.00,2.58,3.00,0.00,3.00,DStar
662,1.84,AgentPrefab,Agent,MoveState,Moving,Goal,20.00,0.00,20.00,2.59,0.00,2.59,3.00,0.00,3.00,DStar
663,1.84,AgentPrefab,Agent,MoveState,Moving,Goal,20.00,0.00,20.00,2.59,0.00,2.59,3.00,0.00,3.00,DStar
664,1.84,AgentPrefab,Agent,MoveState,Moving,Goal,20.00,0.00,20.00,2.59,0.00,2.59,3.00,0.00,3.00,DStar
665,1.85,AgentPrefab,Agent,MoveState,Moving,Goal,20.00,0.00,20.00,2.60,0.00,2.60,3.00,0.00,3.00,DStar
666,1.85,AgentPrefab,Agent,MoveState,Moving,Goal,20.00,0.00,20.00,2.60,0.00,2.60,3.00,0.00,3.00,DStar
667,1.85,AgentPrefab,Agent,MoveState,Moving,Goal,20.00,0.00,20.00,2.60,0.00,2.60,3.00,0.00,3.00,DStar
668,1.85,AgentPrefab,Agent,MoveState,Moving,Goal,20.00,0.00,20.00,2.61,0.00,2.61,3.00,0.00,3.00,DStar
669,1.86,AgentPrefab,Agent,MoveState,Moving,Goal,20.00,0.00,20.00,2.61,0.00,2.61,3.00,0.00,3.00,DStar
670,1.86,AgentPrefab,Agent,MoveState,Moving,Goal,20.00,0.00,20.00,2.62,0.00,2.62,3.00,0.00,3.00,DStar
671,1.86,AgentPrefab,Agent,MoveState,Moving,Goal,20.00,0.00,20.00,2.62,0.00,2.62,3.00,0.00,3.00,DStar
672,1.86,AgentPrefab,Agent,MoveState,Moving,Goal,20.00,0.00,20.00,2.62,0.00,2.62,3.00,0.00,3.00,DStar
673,1.87,AgentPrefab,Agent,MoveState,Moving,Goal,20.00,0.00,20.00,2.63,0.00,2.63,3.00,0.00,3.00,DStar
674,1.87,AgentPrefab,Agent,MoveState,Moving,Goal,20.00,0.00,20.00,2.63,0.00,2.63,3.00,0.00,3.00,DStar
675,1.87,AgentPrefab,Agent,MoveState,Moving,Goal,20.00,0.00,20.00,2.63,0.00,2.63,3.00,0.00,3.00,DStar
676,1.87,AgentPrefab,Agent,MoveState,Moving,Goal,20.00,0.00,20.00,2.64,0.00,2.64,3.00,0.00,3.00,DStar
677,1.88,AgentPrefab,Agent,MoveState,Moving,Goal,20.00,0.00,20.00,2.64,0.00,2.64,3.00,0.00,3.00,DStar
678,1.88,AgentPrefab,Agent,MoveState,Moving,Goal,20.00,0.00,20.00,2.64,0.00,2.64,3.00,0.00,3.00,DStar
679,1.88,AgentPrefab,Agent,MoveState,Moving,Goal,20.00,0.00,20.00,2.65,0.00,2.65,3.00,0.00,3.00,DStar
680,1.88,AgentPrefab,Agent,MoveState,Moving,Goal,20.00,0.00,20.00,2.65,0.00,2.65,3.00,0.00,3.00,DStar
681,1.89,AgentPrefab,Agent,MoveState,Moving,Goal,20.00,0.00,20.00,2.65,0.00,2.65,3.00,0.00,3.00,DStar
682,1.89,AgentPrefab,Agent,MoveState,Moving,Goal,20.00,0.00,20.00,2.66,0.00,2.66,3.00,0.00,3.00,DStar
683,1.89,AgentPrefab,Agent,MoveState,Moving,Goal,20.00,0.00,20.00,2.66,0.00,2.66,3.00,0.00,3.00,DStar
684,1.89,AgentPrefab,Agent,MoveState,Moving,Goal,20.00,0.00,20.00,2.67,0.00,2.67,3.00,0.00,3.00,DStar
685,1.90,AgentPrefab,Agent,MoveState,Moving,Goal,20.00,0.00,20.00,2.67,0.00,2.67,3.00,0.00,3.00,DStar
686,1.90,AgentPrefab,Agent,MoveState,Moving,Goal,20.00,0.00,20.00,2.67,0.00,2.67,3.00,0.00,3.00,DStar
687,1.90,AgentPrefab,Agent,MoveState,Moving,Goal,20.00,0.00,20.00,2.68,0.00,2.68,3.00,0.00,3.00,DStar
688,1.90,AgentPrefab,Agent,MoveState,Moving,Goal,20.00,0.00,20.00,2.68,0.00,2.68,3.00,0.00,3.00,DStar
689,1.91,AgentPrefab,Agent,MoveState,Moving,Goal,20.00,0.00,20.00,2.68,0.00,2.68,3.00,0.00,3.00,DStar
690,1.91,AgentPrefab,Agent,MoveState,Moving,Goal,20.00,0.00,20.00,2.69,0.00,2.69,3.00,0.00,3.00,DStar
691,1.91,AgentPrefab,Agent,MoveState,Moving,Goal,20.00,0.00,20.00,2.69,0.00,2.69,3.00,0.00,3.00,DStar
692,1.91,AgentPrefab,Agent,MoveState,Moving,Goal,20.00,0.00,20.00,2.69,0.00,2.69,3.00,0.00,3.00,DStar
693,1.92,AgentPrefab,Agent,MoveState,Moving,Goal,20.00,0.00,20.00,2.70,0.00,2.70,3.00,0.00,3.00,DStar
694,1.92,AgentPrefab,Agent,MoveState,Moving,Goal,20.00,0.00,20.00,2.70,0.00,2.70,3.00,0.00,3.00,DStar
695,1.92,AgentPrefab,Agent,MoveState,Moving,Goal,20.00,0.00,20.00,2.70,0.00,2.70,3.00,0.00,3.00,DStar
696,1.92,AgentPrefab,Agent,MoveState,Moving,Goal,20.00,0.00,20.00,2.71,0.00,2.71,3.00,0.00,3.00,DStar
697,1.93,AgentPrefab,Agent,MoveState,Moving,Goal,20.00,0.00,20.00,2.71,0.00,2.71,3.00,0.00,3.00,DStar
698,1.93,AgentPrefab,Agent,MoveState,Moving,Goal,20.00,0.00,20.00,2.71,0.00,2.71,3.00,0.00,3.00,DStar
699,1.93,AgentPrefab,Agent,MoveState,Moving,Goal,20.00,0.00,20.00,2.72,0.00,2.72,3.00,0.00,3.00,DStar
700,1.93,AgentPrefab,Agent,MoveState,Moving,Goal,20.00,0.00,20.00,2.72,0.00,2.72,3.00,0.00,3.00,DStar
701,1.93,AgentPrefab,Agent,MoveState,Moving,Goal,20.00,0.00,20.00,2.72,0.00,2.72,3.00,0.00,3.00,DStar
702,1.94,AgentPrefab,Agent,MoveState,Moving,Goal,20.00,0.00,20.00,2.73,0.00,2.73,3.00,0.00,3.00,DStar
703,1.94,AgentPrefab,Agent,MoveState,Moving,Goal,20.00,0.00,20.00,2.73,0.00,2.73,3.00,0.00,3.00,DStar
704,1.94,AgentPrefab,Agent,MoveState,Moving,Goal,20.00,0.00,20.00,2.73,0.00,2.73,3.00,0.00,3.00,DStar
705,1.95,AgentPrefab,Agent,MoveState,Moving,Goal,20.00,0.00,20.00,2.74,0.00,2.74,3.00,0.00,3.00,DStar
706,1.95,AgentPrefab,Agent,MoveState,Moving,Goal,20.00,0.00,20.00,2.74,0.00,2.74,3.00,0.00,3.00,DStar
707,1.95,AgentPrefab,Agent,MoveState,Moving,Goal,20.00,0.00,20.00,2.75,0.00,2.75,3.00,0.00,3.00,DStar
708,1.95,AgentPrefab,Agent,MoveState,Moving,Goal,20.00,0.00,20.00,2.75,0.00,2.75,3.00,0.00,3.00,DStar
709,1.96,AgentPrefab,Agent,MoveState,Moving,Goal,20.00,0.00,20.00,2.75,0.00,2.75,3.00,0.00,3.00,DStar
710,1.96,AgentPrefab,Agent,MoveState,Moving,Goal,20.00,0.00,20.00,2.76,0.00,2.76,3.00,0.00,3.00,DStar
711,1.96,AgentPrefab,Agent,MoveState,Moving,Goal,20.00,0.00,20.00,2.76,0.00,2.76,3.00,0.00,3.00,DStar
712,1.96,AgentPrefab,Agent,MoveState,Moving,Goal,20.00,0.00,20.00,2.76,0.00,2.76,3.00,0.00,3.00,DStar
713,1.97,AgentPrefab,Agent,MoveState,Moving,Goal,20.00,0.00,20.00,2.77,0.00,2.77,3.00,0.00,3.00,DStar
714,1.97,AgentPrefab,Agent,MoveState,Moving,Goal,20.00,0.00,20.00,2.77,0.00,2.77,3.00,0.00,3.00,DStar
715,1.97,AgentPrefab,Agent,MoveState,Moving,Goal,20.00,0.00,20.00,2.77,0.00,2.77,3.00,0.00,3.00,DStar
716,1.97,AgentPrefab,Agent,MoveState,Moving,Goal,20.00,0.00,20.00,2.78,0.00,2.78,3.00,0.00,3.00,DStar
717,1.98,AgentPrefab,Agent,MoveState,Moving,Goal,20.00,0.00,20.00,2.78,0.00,2.78,3.00,0.00,3.00,DStar
718,1.98,AgentPrefab,Agent,MoveState,Moving,Goal,20.00,0.00,20.00,2.79,0.00,2.79,3.00,0.00,3.00,DStar
719,1.98,AgentPrefab,Agent,MoveState,Moving,Goal,20.00,0.00,20.00,2.79,0.00,2.79,3.00,0.00,3.00,DStar
720,1.99,AgentPrefab,Agent,MoveState,Moving,Goal,20.00,0.00,20.00,2.79,0.00,2.79,3.00,0.00,3.00,DStar
721,1.99,AgentPrefab,Agent,MoveState,Moving,Goal,20.00,0.00,20.00,2.80,0.00,2.80,3.00,0.00,3.00,DStar
722,1.99,AgentPrefab,Agent,MoveState,Moving,Goal,20.00,0.00,20.00,2.80,0.00,2.80,3.00,0.00,3.00,DStar
723,1.99,AgentPrefab,Agent,MoveState,Moving,Goal,20.00,0.00,20.00,2.81,0.00,2.81,3.00,0.00,3.00,DStar
724,2.00,AgentPrefab,Agent,MoveState,Moving,Goal,20.00,0.00,20.00,2.81,0.00,2.81,3.00,0.00,3.00,DStar
725,2.00,AgentPrefab,Agent,MoveState,Moving,Goal,20.00,0.00,20.00,2.81,0.00,2.81,3.00,0.00,3.00,DStar
726,2.00,AgentPrefab,Agent,MoveState,Moving,Goal,20.00,0.00,20.00,2.82,0.00,2.82,3.00,0.00,3.00,DStar
727,2.00,AgentPrefab,Agent,MoveState,Moving,Goal,20.00,0.00,20.00,2.82,0.00,2.82,3.00,0.00,3.00,DStar
728,2.01,AgentPrefab,Agent,MoveState,Moving,Goal,20.00,0.00,20.00,2.82,0.00,2.82,3.00,0.00,3.00,DStar
729,2.01,AgentPrefab,Agent,MoveState,Moving,Goal,20.00,0.00,20.00,2.83,0.00,2.83,3.00,0.00,3.00,DStar
730,2.01,AgentPrefab,Agent,MoveState,Moving,Goal,20.00,0.00,20.00,2.83,0.00,2.83,3.00,0.00,3.00,DStar
731,2.01,AgentPrefab,Agent,MoveState,Moving,Goal,20.00,0.00,20.00,2.83,0.00,2.83,3.00,0.00,3.00,DStar
732,2.02,AgentPrefab,Agent,MoveState,Moving,Goal,20.00,0.00,20.00,2.84,0.00,2.84,3.00,0.00,3.00,DStar
733,2.02,AgentPrefab,Agent,MoveState,Moving,Goal,20.00,0.00,20.00,2.84,0.00,2.84,3.00,0.00,3.00,DStar
734,2.02,AgentPrefab,Agent,MoveState,Moving,Goal,20.00,0.00,20.00,2.84,0.00,2.84,3.00,0.00,3.00,DStar
735,2.02,AgentPrefab,Agent,MoveState,Moving,Goal,20.00,0.00,20.00,2.85,0.00,2.85,3.00,0.00,3.00,DStar
736,2.03,AgentPrefab,Agent,MoveState,Moving,Goal,20.00,0.00,20.00,2.85,0.00,2.85,3.00,0.00,3.00,DStar
737,2.03,AgentPrefab,Agent,MoveState,Moving,Goal,20.00,0.00,20.00,2.86,0.00,2.86,3.00,0.00,3.00,DStar
738,2.03,AgentPrefab,Agent,MoveState,Moving,Goal,20.00,0.00,20.00,2.86,0.00,2.86,3.00,0.00,3.00,DStar
739,2.04,AgentPrefab,Agent,MoveState,Moving,Goal,20.00,0.00,20.00,2.87,0.00,2.87,3.00,0.00,3.00,DStar
740,2.04,AgentPrefab,Agent,MoveState,Moving,Goal,20.00,0.00,20.00,2.87,0.00,2.87,3.00,0.00,3.00,DStar
741,2.04,AgentPrefab,Agent,MoveState,Moving,Goal,20.00,0.00,20.00,2.87,0.00,2.87,3.00,0.00,3.00,DStar
742,2.04,AgentPrefab,Agent,MoveState,Moving,Goal,20.00,0.00,20.00,2.88,0.00,2.88,3.00,0.00,3.00,DStar
743,2.05,AgentPrefab,Agent,MoveState,Moving,Goal,20.00,0.00,20.00,2.88,0.00,2.88,3.00,0.00,3.00,DStar
744,2.05,AgentPrefab,Agent,MoveState,Moving,Goal,20.00,0.00,20.00,2.88,0.00,2.88,3.00,0.00,3.00,DStar
745,2.05,AgentPrefab,Agent,MoveState,Moving,Goal,20.00,0.00,20.00,2.89,0.00,2.89,3.00,0.00,3.00,DStar
746,2.05,AgentPrefab,Agent,MoveState,Moving,Goal,20.00,0.00,20.00,2.89,0.00,2.89,3.00,0.00,3.00,DStar
747,2.06,AgentPrefab,Agent,MoveState,Moving,Goal,20.00,0.00,20.00,2.89,0.00,2.89,3.00,0.00,3.00,DStar
748,2.06,AgentPrefab,Agent,MoveState,Moving,Goal,20.00,0.00,20.00,2.90,0.00,2.90,3.00,0.00,3.00,DStar
749,2.06,AgentPrefab,Agent,MoveState,Moving,Goal,20.00,0.00,20.00,2.90,0.00,2.90,3.00,0.00,3.00,DStar
750,2.06,AgentPrefab,Agent,MoveState,Moving,Goal,20.00,0.00,20.00,2.90,0.00,2.90,3.00,0.00,3.00,DStar
751,2.06,AgentPrefab,Agent,MoveState,Moving,Goal,20.00,0.00,20.00,2.91,0.00,2.91,3.00,0.00,3.00,DStar
752,2.07,AgentPrefab,Agent,MoveState,Moving,Goal,20.00,0.00,20.00,2.91,0.00,2.91,3.00,0.00,3.00,DStar
753,2.07,AgentPrefab,Agent,MoveState,Moving,Goal,20.00,0.00,20.00,2.91,0.00,2.91,3.00,0.00,3.00,DStar
754,2.07,AgentPrefab,Agent,MoveState,Moving,Goal,20.00,0.00,20.00,2.92,0.00,2.92,3.00,0.00,3.00,DStar
755,2.08,AgentPrefab,Agent,MoveState,Moving,Goal,20.00,0.00,20.00,2.92,0.00,2.92,3.00,0.00,3.00,DStar
756,2.08,AgentPrefab,Agent,MoveState,Moving,Goal,20.00,0.00,20.00,2.92,0.00,2.92,3.00,0.00,3.00,DStar
757,2.08,AgentPrefab,Agent,MoveState,Moving,Goal,20.00,0.00,20.00,2.93,0.00,2.93,3.00,0.00,3.00,DStar
758,2.08,AgentPrefab,Agent,MoveState,Moving,Goal,20.00,0.00,20.00,2.93,0.00,2.93,3.00,0.00,3.00,DStar
759,2.08,AgentPrefab,Agent,MoveState,Moving,Goal,20.00,0.00,20.00,2.93,0.00,2.93,3.00,0.00,3.00,DStar
760,2.09,AgentPrefab,Agent,MoveState,Moving,Goal,20.00,0.00,20.00,2.94,0.00,2.94,3.00,0.00,3.00,DStar
761,2.09,AgentPrefab,Agent,MoveState,Moving,Goal,20.00,0.00,20.00,2.94,0.00,2.94,3.00,0.00,3.00,DStar
762,2.09,AgentPrefab,Agent,MoveState,Moving,Goal,20.00,0.00,20.00,2.94,0.00,2.94,3.00,0.00,3.00,DStar
763,2.09,AgentPrefab,Agent,MoveState,Moving,Goal,20.00,0.00,20.00,2.95,0.00,2.95,3.00,0.00,3.00,DStar
764,2.10,AgentPrefab,Agent,MoveState,Moving,Goal,20.00,0.00,20.00,2.95,0.00,2.95,3.00,0.00,3.00,DStar
765,2.10,AgentPrefab,Agent,MoveState,Moving,Goal,20.00,0.00,20.00,2.95,0.00,2.95,3.00,0.00,3.00,DStar
766,2.10,AgentPrefab,Agent,MoveState,Moving,Goal,20.00,0.00,20.00,2.96,0.00,2.96,3.00,0.00,3.00,DStar
767,2.10,AgentPrefab,Agent,MoveState,Moving,Goal,20.00,0.00,20.00,2.96,0.00,2.96,3.00,0.00,3.00,DStar
768,2.11,AgentPrefab,Agent,MoveState,Moving,Goal,20.00,0.00,20.00,3.00,0.00,3.00,4.00,0.00,4.00,DStar
769,2.11,AgentPrefab,Agent,MoveState,Moving,Goal,20.00,0.00,20.00,3.00,0.00,3.00,4.00,0.00,4.00,DStar
770,2.11,AgentPrefab,Agent,MoveState,Moving,Goal,20.00,0.00,20.00,3.01,0.00,3.01,4.00,0.00,4.00,DStar
771,2.11,AgentPrefab,Agent,MoveState,Moving,Goal,20.00,0.00,20.00,3.01,0.00,3.01,4.00,0.00,4.00,DStar
772,2.12,AgentPrefab,Agent,MoveState,Moving,Goal,20.00,0.00,20.00,3.02,0.00,3.02,4.00,0.00,4.00,DStar
773,2.12,AgentPrefab,Agent,MoveState,Moving,Goal,20.00,0.00,20.00,3.02,0.00,3.02,4.00,0.00,4.00,DStar
774,2.12,AgentPrefab,Agent,MoveState,Moving,Goal,20.00,0.00,20.00,3.02,0.00,3.02,4.00,0.00,4.00,DStar
775,2.12,AgentPrefab,Agent,MoveState,Moving,Goal,20.00,0.00,20.00,3.03,0.00,3.03,4.00,0.00,4.00,DStar
776,2.13,AgentPrefab,Agent,MoveState,Moving,Goal,20.00,0.00,20.00,3.03,0.00,3.03,4.00,0.00,4.00,DStar
777,2.13,AgentPrefab,Agent,MoveState,Moving,Goal,20.00,0.00,20.00,3.03,0.00,3.03,4.00,0.00,4.00,DStar
778,2.13,AgentPrefab,Agent,MoveState,Moving,Goal,20.00,0.00,20.00,3.04,0.00,3.04,4.00,0.00,4.00,DStar
779,2.13,AgentPrefab,Agent,MoveState,Moving,Goal,20.00,0.00,20.00,3.04,0.00,3.04,4.00,0.00,4.00,DStar
780,2.14,AgentPrefab,Agent,MoveState,Moving,Goal,20.00,0.00,20.00,3.04,0.00,3.04,4.00,0.00,4.00,DStar
781,2.14,AgentPrefab,Agent,MoveState,Moving,Goal,20.00,0.00,20.00,3.05,0.00,3.05,4.00,0.00,4.00,DStar
782,2.14,AgentPrefab,Agent,MoveState,Moving,Goal,20.00,0.00,20.00,3.05,0.00,3.05,4.00,0.00,4.00,DStar
783,2.14,AgentPrefab,Agent,MoveState,Moving,Goal,20.00,0.00,20.00,3.05,0.00,3.05,4.00,0.00,4.00,DStar
784,2.15,AgentPrefab,Agent,MoveState,Moving,Goal,20.00,0.00,20.00,3.06,0.00,3.06,4.00,0.00,4.00,DStar
785,2.15,AgentPrefab,Agent,MoveState,Moving,Goal,20.00,0.00,20.00,3.06,0.00,3.06,4.00,0.00,4.00,DStar
786,2.15,AgentPrefab,Agent,MoveState,Moving,Goal,20.00,0.00,20.00,3.07,0.00,3.07,4.00,0.00,4.00,DStar
787,2.16,AgentPrefab,Agent,MoveState,Moving,Goal,20.00,0.00,20.00,3.07,0.00,3.07,4.00,0.00,4.00,DStar
788,2.16,AgentPrefab,Agent,MoveState,Moving,Goal,20.00,0.00,20.00,3.08,0.00,3.08,4.00,0.00,4.00,DStar
789,2.16,AgentPrefab,Agent,MoveState,Moving,Goal,20.00,0.00,20.00,3.08,0.00,3.08,4.00,0.00,4.00,DStar
790,2.16,AgentPrefab,Agent,MoveState,Moving,Goal,20.00,0.00,20.00,3.08,0.00,3.08,4.00,0.00,4.00,DStar
791,2.17,AgentPrefab,Agent,MoveState,Moving,Goal,20.00,0.00,20.00,3.09,0.00,3.09,4.00,0.00,4.00,DStar
792,2.17,AgentPrefab,Agent,MoveState,Moving,Goal,20.00,0.00,20.00,3.09,0.00,3.09,4.00,0.00,4.00,DStar
793,2.17,AgentPrefab,Agent,MoveState,Moving,Goal,20.00,0.00,20.00,3.09,0.00,3.09,4.00,0.00,4.00,DStar
794,2.17,AgentPrefab,Agent,MoveState,Moving,Goal,20.00,0.00,20.00,3.10,0.00,3.10,4.00,0.00,4.00,DStar
795,2.18,AgentPrefab,Agent,MoveState,Moving,Goal,20.00,0.00,20.00,3.10,0.00,3.10,4.00,0.00,4.00,DStar
796,2.18,AgentPrefab,Agent,MoveState,Moving,Goal,20.00,0.00,20.00,3.10,0.00,3.10,4.00,0.00,4.00,DStar
797,2.18,AgentPrefab,Agent,MoveState,Moving,Goal,20.00,0.00,20.00,3.11,0.00,3.11,4.00,0.00,4.00,DStar
798,2.18,AgentPrefab,Agent,MoveState,Moving,Goal,20.00,0.00,20.00,3.11,0.00,3.11,4.00,0.00,4.00,DStar
799,2.19,AgentPrefab,Agent,MoveState,Moving,Goal,20.00,0.00,20.00,3.11,0.00,3.11,4.00,0.00,4.00,DStar
800,2.19,AgentPrefab,Agent,MoveState,Moving,Goal,20.00,0.00,20.00,3.12,0.00,3.12,4.00,0.00,4.00,DStar
801,2.19,AgentPrefab,Agent,MoveState,Moving,Goal,20.00,0.00,20.00,3.12,0.00,3.12,4.00,0.00,4.00,DStar
802,2.19,AgentPrefab,Agent,MoveState,Moving,Goal,20.00,0.00,20.00,3.13,0.00,3.13,4.00,0.00,4.00,DStar
803,2.20,AgentPrefab,Agent,MoveState,Moving,Goal,20.00,0.00,20.00,3.13,0.00,3.13,4.00,0.00,4.00,DStar
804,2.20,AgentPrefab,Agent,MoveState,Moving,Goal,20.00,0.00,20.00,3.13,0.00,3.13,4.00,0.00,4.00,DStar
805,2.20,AgentPrefab,Agent,MoveState,Moving,Goal,20.00,0.00,20.00,3.13,0.00,3.13,4.00,0.00,4.00,DStar
806,2.20,AgentPrefab,Agent,MoveState,Moving,Goal,20.00,0.00,20.00,3.14,0.00,3.14,4.00,0.00,4.00,DStar
807,2.21,AgentPrefab,Agent,MoveState,Moving,Goal,20.00,0.00,20.00,3.14,0.00,3.14,4.00,0.00,4.00,DStar
808,2.21,AgentPrefab,Agent,MoveState,Moving,Goal,20.00,0.00,20.00,3.14,0.00,3.14,4.00,0.00,4.00,DStar
809,2.21,AgentPrefab,Agent,MoveState,Moving,Goal,20.00,0.00,20.00,3.15,0.00,3.15,4.00,0.00,4.00,DStar
810,2.21,AgentPrefab,Agent,MoveState,Moving,Goal,20.00,0.00,20.00,3.15,0.00,3.15,4.00,0.00,4.00,DStar
811,2.21,AgentPrefab,Agent,MoveState,Moving,Goal,20.00,0.00,20.00,3.15,0.00,3.15,4.00,0.00,4.00,DStar
812,2.22,AgentPrefab,Agent,MoveState,Moving,Goal,20.00,0.00,20.00,3.16,0.00,3.16,4.00,0.00,4.00,DStar
813,2.22,AgentPrefab,Agent,MoveState,Moving,Goal,20.00,0.00,20.00,3.16,0.00,3.16,4.00,0.00,4.00,DStar
814,2.22,AgentPrefab,Agent,MoveState,Moving,Goal,20.00,0.00,20.00,3.16,0.00,3.16,4.00,0.00,4.00,DStar
815,2.23,AgentPrefab,Agent,MoveState,Moving,Goal,20.00,0.00,20.00,3.17,0.00,3.17,4.00,0.00,4.00,DStar
816,2.23,AgentPrefab,Agent,MoveState,Moving,Goal,20.00,0.00,20.00,3.17,0.00,3.17,4.00,0.00,4.00,DStar
817,2.23,AgentPrefab,Agent,MoveState,Moving,Goal,20.00,0.00,20.00,3.18,0.00,3.18,4.00,0.00,4.00,DStar
818,2.23,AgentPrefab,Agent,MoveState,Moving,Goal,20.00,0.00,20.00,3.18,0.00,3.18,4.00,0.00,4.00,DStar
819,2.24,AgentPrefab,Agent,MoveState,Moving,Goal,20.00,0.00,20.00,3.19,0.00,3.19,4.00,0.00,4.00,DStar
820,2.24,AgentPrefab,Agent,MoveState,Moving,Goal,20.00,0.00,20.00,3.19,0.00,3.19,4.00,0.00,4.00,DStar
821,2.24,AgentPrefab,Agent,MoveState,Moving,Goal,20.00,0.00,20.00,3.19,0.00,3.19,4.00,0.00,4.00,DStar
822,2.24,AgentPrefab,Agent,MoveState,Moving,Goal,20.00,0.00,20.00,3.20,0.00,3.20,4.00,0.00,4.00,DStar
823,2.25,AgentPrefab,Agent,MoveState,Moving,Goal,20.00,0.00,20.00,3.20,0.00,3.20,4.00,0.00,4.00,DStar
824,2.25,AgentPrefab,Agent,MoveState,Moving,Goal,20.00,0.00,20.00,3.20,0.00,3.20,4.00,0.00,4.00,DStar
825,2.25,AgentPrefab,Agent,MoveState,Moving,Goal,20.00,0.00,20.00,3.21,0.00,3.21,4.00,0.00,4.00,DStar
826,2.25,AgentPrefab,Agent,MoveState,Moving,Goal,20.00,0.00,20.00,3.21,0.00,3.21,4.00,0.00,4.00,DStar
827,2.26,AgentPrefab,Agent,MoveState,Moving,Goal,20.00,0.00,20.00,3.21,0.00,3.21,4.00,0.00,4.00,DStar
828,2.26,AgentPrefab,Agent,MoveState,Moving,Goal,20.00,0.00,20.00,3.22,0.00,3.22,4.00,0.00,4.00,DStar
829,2.26,AgentPrefab,Agent,MoveState,Moving,Goal,20.00,0.00,20.00,3.22,0.00,3.22,4.00,0.00,4.00,DStar
830,2.26,AgentPrefab,Agent,MoveState,Moving,Goal,20.00,0.00,20.00,3.22,0.00,3.22,4.00,0.00,4.00,DStar
831,2.27,AgentPrefab,Agent,MoveState,Moving,Goal,20.00,0.00,20.00,3.23,0.00,3.23,4.00,0.00,4.00,DStar
832,2.27,AgentPrefab,Agent,MoveState,Moving,Goal,20.00,0.00,20.00,3.23,0.00,3.23,4.00,0.00,4.00,DStar
833,2.27,AgentPrefab,Agent,MoveState,Moving,Goal,20.00,0.00,20.00,3.23,0.00,3.23,4.00,0.00,4.00,DStar
834,2.27,AgentPrefab,Agent,MoveState,Moving,Goal,20.00,0.00,20.00,3.24,0.00,3.24,4.00,0.00,4.00,DStar
835,2.28,AgentPrefab,Agent,MoveState,Moving,Goal,20.00,0.00,20.00,3.24,0.00,3.24,4.00,0.00,4.00,DStar
836,2.28,AgentPrefab,Agent,MoveState,Moving,Goal,20.00,0.00,20.00,3.24,0.00,3.24,4.00,0.00,4.00,DStar
837,2.28,AgentPrefab,Agent,MoveState,Moving,Goal,20.00,0.00,20.00,3.25,0.00,3.25,4.00,0.00,4.00,DStar
838,2.28,AgentPrefab,Agent,MoveState,Moving,Goal,20.00,0.00,20.00,3.25,0.00,3.25,4.00,0.00,4.00,DStar
839,2.29,AgentPrefab,Agent,MoveState,Moving,Goal,20.00,0.00,20.00,3.25,0.00,3.25,4.00,0.00,4.00,DStar
840,2.29,AgentPrefab,Agent,MoveState,Moving,Goal,20.00,0.00,20.00,3.26,0.00,3.26,4.00,0.00,4.00,DStar
841,2.29,AgentPrefab,Agent,MoveState,Moving,Goal,20.00,0.00,20.00,3.26,0.00,3.26,4.00,0.00,4.00,DStar
842,2.29,AgentPrefab,Agent,MoveState,Moving,Goal,20.00,0.00,20.00,3.27,0.00,3.27,4.00,0.00,4.00,DStar
843,2.30,AgentPrefab,Agent,MoveState,Moving,Goal,20.00,0.00,20.00,3.27,0.00,3.27,4.00,0.00,4.00,DStar
844,2.30,AgentPrefab,Agent,MoveState,Moving,Goal,20.00,0.00,20.00,3.27,0.00,3.27,4.00,0.00,4.00,DStar
845,2.30,AgentPrefab,Agent,MoveState,Moving,Goal,20.00,0.00,20.00,3.28,0.00,3.28,4.00,0.00,4.00,DStar
846,2.30,AgentPrefab,Agent,MoveState,Moving,Goal,20.00,0.00,20.00,3.28,0.00,3.28,4.00,0.00,4.00,DStar
847,2.31,AgentPrefab,Agent,MoveState,Moving,Goal,20.00,0.00,20.00,3.28,0.00,3.28,4.00,0.00,4.00,DStar
848,2.31,AgentPrefab,Agent,MoveState,Moving,Goal,20.00,0.00,20.00,3.29,0.00,3.29,4.00,0.00,4.00,DStar
849,2.31,AgentPrefab,Agent,MoveState,Moving,Goal,20.00,0.00,20.00,3.29,0.00,3.29,4.00,0.00,4.00,DStar
850,2.31,AgentPrefab,Agent,MoveState,Moving,Goal,20.00,0.00,20.00,3.29,0.00,3.29,4.00,0.00,4.00,DStar
851,2.32,AgentPrefab,Agent,MoveState,Moving,Goal,20.00,0.00,20.00,3.30,0.00,3.30,4.00,0.00,4.00,DStar
852,2.32,AgentPrefab,Agent,MoveState,Moving,Goal,20.00,0.00,20.00,3.30,0.00,3.30,4.00,0.00,4.00,DStar
853,2.32,AgentPrefab,Agent,MoveState,Moving,Goal,20.00,0.00,20.00,3.30,0.00,3.30,4.00,0.00,4.00,DStar
854,2.32,AgentPrefab,Agent,MoveState,Moving,Goal,20.00,0.00,20.00,3.31,0.00,3.31,4.00,0.00,4.00,DStar
855,2.33,AgentPrefab,Agent,MoveState,Moving,Goal,20.00,0.00,20.00,3.31,0.00,3.31,4.00,0.00,4.00,DStar
856,2.33,AgentPrefab,Agent,MoveState,Moving,Goal,20.00,0.00,20.00,3.32,0.00,3.32,4.00,0.00,4.00,DStar
857,2.33,AgentPrefab,Agent,MoveState,Moving,Goal,20.00,0.00,20.00,3.32,0.00,3.32,4.00,0.00,4.00,DStar
858,2.33,AgentPrefab,Agent,MoveState,Moving,Goal,20.00,0.00,20.00,3.32,0.00,3.32,4.00,0.00,4.00,DStar
859,2.34,AgentPrefab,Agent,MoveState,Moving,Goal,20.00,0.00,20.00,3.32,0.00,3.32,4.00,0.00,4.00,DStar
860,2.34,AgentPrefab,Agent,MoveState,Moving,Goal,20.00,0.00,20.00,3.33,0.00,3.33,4.00,0.00,4.00,DStar
861,2.34,AgentPrefab,Agent,MoveState,Moving,Goal,20.00,0.00,20.00,3.33,0.00,3.33,4.00,0.00,4.00,DStar
862,2.34,AgentPrefab,Agent,MoveState,Moving,Goal,20.00,0.00,20.00,3.34,0.00,3.34,4.00,0.00,4.00,DStar
863,2.35,AgentPrefab,Agent,MoveState,Moving,Goal,20.00,0.00,20.00,3.34,0.00,3.34,4.00,0.00,4.00,DStar
864,2.35,AgentPrefab,Agent,MoveState,Moving,Goal,20.00,0.00,20.00,3.34,0.00,3.34,4.00,0.00,4.00,DStar
865,2.35,AgentPrefab,Agent,MoveState,Moving,Goal,20.00,0.00,20.00,3.35,0.00,3.35,4.00,0.00,4.00,DStar
866,2.35,AgentPrefab,Agent,MoveState,Moving,Goal,20.00,0.00,20.00,3.35,0.00,3.35,4.00,0.00,4.00,DStar
867,2.36,AgentPrefab,Agent,MoveState,Moving,Goal,20.00,0.00,20.00,3.35,0.00,3.35,4.00,0.00,4.00,DStar
868,2.36,AgentPrefab,Agent,MoveState,Moving,Goal,20.00,0.00,20.00,3.36,0.00,3.36,4.00,0.00,4.00,DStar
869,2.36,AgentPrefab,Agent,MoveState,Moving,Goal,20.00,0.00,20.00,3.36,0.00,3.36,4.00,0.00,4.00,DStar
870,2.36,AgentPrefab,Agent,MoveState,Moving,Goal,20.00,0.00,20.00,3.36,0.00,3.36,4.00,0.00,4.00,DStar
871,2.37,AgentPrefab,Agent,MoveState,Moving,Goal,20.00,0.00,20.00,3.37,0.00,3.37,4.00,0.00,4.00,DStar
872,2.37,AgentPrefab,Agent,MoveState,Moving,Goal,20.00,0.00,20.00,3.37,0.00,3.37,4.00,0.00,4.00,DStar
873,2.37,AgentPrefab,Agent,MoveState,Moving,Goal,20.00,0.00,20.00,3.37,0.00,3.37,4.00,0.00,4.00,DStar
874,2.37,AgentPrefab,Agent,MoveState,Moving,Goal,20.00,0.00,20.00,3.38,0.00,3.38,4.00,0.00,4.00,DStar
875,2.38,AgentPrefab,Agent,MoveState,Moving,Goal,20.00,0.00,20.00,3.38,0.00,3.38,4.00,0.00,4.00,DStar
876,2.38,AgentPrefab,Agent,MoveState,Moving,Goal,20.00,0.00,20.00,3.39,0.00,3.39,4.00,0.00,4.00,DStar
877,2.38,AgentPrefab,Agent,MoveState,Moving,Goal,20.00,0.00,20.00,3.39,0.00,3.39,4.00,0.00,4.00,DStar
878,2.38,AgentPrefab,Agent,MoveState,Moving,Goal,20.00,0.00,20.00,3.39,0.00,3.39,4.00,0.00,4.00,DStar
879,2.39,AgentPrefab,Agent,MoveState,Moving,Goal,20.00,0.00,20.00,3.40,0.00,3.40,4.00,0.00,4.00,DStar
880,2.39,AgentPrefab,Agent,MoveState,Moving,Goal,20.00,0.00,20.00,3.40,0.00,3.40,4.00,0.00,4.00,DStar
881,2.39,AgentPrefab,Agent,MoveState,Moving,Goal,20.00,0.00,20.00,3.40,0.00,3.40,4.00,0.00,4.00,DStar
882,2.40,AgentPrefab,Agent,MoveState,Moving,Goal,20.00,0.00,20.00,3.41,0.00,3.41,4.00,0.00,4.00,DStar
883,2.40,AgentPrefab,Agent,MoveState,Moving,Goal,20.00,0.00,20.00,3.41,0.00,3.41,4.00,0.00,4.00,DStar
884,2.40,AgentPrefab,Agent,MoveState,Moving,Goal,20.00,0.00,20.00,3.42,0.00,3.42,4.00,0.00,4.00,DStar
885,2.40,AgentPrefab,Agent,MoveState,Moving,Goal,20.00,0.00,20.00,3.42,0.00,3.42,4.00,0.00,4.00,DStar
886,2.41,AgentPrefab,Agent,MoveState,Moving,Goal,20.00,0.00,20.00,3.42,0.00,3.42,4.00,0.00,4.00,DStar
887,2.41,AgentPrefab,Agent,MoveState,Moving,Goal,20.00,0.00,20.00,3.43,0.00,3.43,4.00,0.00,4.00,DStar
888,2.41,AgentPrefab,Agent,MoveState,Moving,Goal,20.00,0.00,20.00,3.43,0.00,3.43,4.00,0.00,4.00,DStar
889,2.41,AgentPrefab,Agent,MoveState,Moving,Goal,20.00,0.00,20.00,3.43,0.00,3.43,4.00,0.00,4.00,DStar
890,2.42,AgentPrefab,Agent,MoveState,Moving,Goal,20.00,0.00,20.00,3.44,0.00,3.44,4.00,0.00,4.00,DStar
891,2.42,AgentPrefab,Agent,MoveState,Moving,Goal,20.00,0.00,20.00,3.44,0.00,3.44,4.00,0.00,4.00,DStar
892,2.42,AgentPrefab,Agent,MoveState,Moving,Goal,20.00,0.00,20.00,3.44,0.00,3.44,4.00,0.00,4.00,DStar
893,2.42,AgentPrefab,Agent,MoveState,Moving,Goal,20.00,0.00,20.00,3.45,0.00,3.45,4.00,0.00,4.00,DStar
894,2.42,AgentPrefab,Agent,MoveState,Moving,Goal,20.00,0.00,20.00,3.45,0.00,3.45,4.00,0.00,4.00,DStar
895,2.43,AgentPrefab,Agent,MoveState,Moving,Goal,20.00,0.00,20.00,3.45,0.00,3.45,4.00,0.00,4.00,DStar
896,2.43,AgentPrefab,Agent,MoveState,Moving,Goal,20.00,0.00,20.00,3.46,0.00,3.46,4.00,0.00,4.00,DStar
897,2.43,AgentPrefab,Agent,MoveState,Moving,Goal,20.00,0.00,20.00,3.46,0.00,3.46,4.00,0.00,4.00,DStar
898,2.44,AgentPrefab,Agent,MoveState,Moving,Goal,20.00,0.00,20.00,3.47,0.00,3.47,4.00,0.00,4.00,DStar
899,2.44,AgentPrefab,Agent,MoveState,Moving,Goal,20.00,0.00,20.00,3.47,0.00,3.47,4.00,0.00,4.00,DStar
900,2.44,AgentPrefab,Agent,MoveState,Moving,Goal,20.00,0.00,20.00,3.48,0.00,3.48,4.00,0.00,4.00,DStar
901,2.45,AgentPrefab,Agent,MoveState,Moving,Goal,20.00,0.00,20.00,3.48,0.00,3.48,4.00,0.00,4.00,DStar
902,2.45,AgentPrefab,Agent,MoveState,Moving,Goal,20.00,0.00,20.00,3.48,0.00,3.48,4.00,0.00,4.00,DStar
903,2.45,AgentPrefab,Agent,MoveState,Moving,Goal,20.00,0.00,20.00,3.49,0.00,3.49,4.00,0.00,4.00,DStar
904,2.45,AgentPrefab,Agent,MoveState,Moving,Goal,20.00,0.00,20.00,3.49,0.00,3.49,4.00,0.00,4.00,DStar
905,2.46,AgentPrefab,Agent,MoveState,Moving,Goal,20.00,0.00,20.00,3.49,0.00,3.49,4.00,0.00,4.00,DStar
906,2.46,AgentPrefab,Agent,MoveState,Moving,Goal,20.00,0.00,20.00,3.50,0.00,3.50,4.00,0.00,4.00,DStar
907,2.46,AgentPrefab,Agent,MoveState,Moving,Goal,20.00,0.00,20.00,3.50,0.00,3.50,4.00,0.00,4.00,DStar
908,2.46,AgentPrefab,Agent,MoveState,Moving,Goal,20.00,0.00,20.00,3.50,0.00,3.50,4.00,0.00,4.00,DStar
909,2.46,AgentPrefab,Agent,MoveState,Moving,Goal,20.00,0.00,20.00,3.51,0.00,3.51,4.00,0.00,4.00,DStar
910,2.47,AgentPrefab,Agent,MoveState,Moving,Goal,20.00,0.00,20.00,3.51,0.00,3.51,4.00,0.00,4.00,DStar
911,2.47,AgentPrefab,Agent,MoveState,Moving,Goal,20.00,0.00,20.00,3.51,0.00,3.51,4.00,0.00,4.00,DStar
912,2.47,AgentPrefab,Agent,MoveState,Moving,Goal,20.00,0.00,20.00,3.52,0.00,3.52,4.00,0.00,4.00,DStar
913,2.48,AgentPrefab,Agent,MoveState,Moving,Goal,20.00,0.00,20.00,3.52,0.00,3.52,4.00,0.00,4.00,DStar
914,2.48,AgentPrefab,Agent,MoveState,Moving,Goal,20.00,0.00,20.00,3.53,0.00,3.53,4.00,0.00,4.00,DStar
915,2.48,AgentPrefab,Agent,MoveState,Moving,Goal,20.00,0.00,20.00,3.53,0.00,3.53,4.00,0.00,4.00,DStar
916,2.48,AgentPrefab,Agent,MoveState,Moving,Goal,20.00,0.00,20.00,3.53,0.00,3.53,3.53,0.00,3.53,DStar
917,2.49,AgentPrefab,Agent,MoveState,Moving,Goal,20.00,0.00,20.00,3.53,0.00,3.53,4.00,0.00,5.00,DStar
918,2.49,AgentPrefab,Agent,MoveState,Moving,Goal,20.00,0.00,20.00,3.54,0.00,3.54,4.00,0.00,5.00,DStar
919,2.49,AgentPrefab,Agent,MoveState,Moving,Goal,20.00,0.00,20.00,3.54,0.00,3.55,4.00,0.00,5.00,DStar
920,2.49,AgentPrefab,Agent,MoveState,Moving,Goal,20.00,0.00,20.00,3.54,0.00,3.55,4.00,0.00,5.00,DStar
921,2.50,AgentPrefab,Agent,MoveState,Moving,Goal,20.00,0.00,20.00,3.54,0.00,3.56,4.00,0.00,5.00,DStar
922,2.50,AgentPrefab,Agent,MoveState,Moving,Goal,20.00,0.00,20.00,3.54,0.00,3.56,4.00,0.00,5.00,DStar
923,2.50,AgentPrefab,Agent,MoveState,Moving,Goal,20.00,0.00,20.00,3.54,0.00,3.56,4.00,0.00,5.00,DStar
924,2.50,AgentPrefab,Agent,MoveState,Moving,Goal,20.00,0.00,20.00,3.54,0.00,3.57,4.00,0.00,5.00,DStar
925,2.51,AgentPrefab,Agent,MoveState,Moving,Goal,20.00,0.00,20.00,3.55,0.00,3.57,4.00,0.00,5.00,DStar
926,2.51,AgentPrefab,Agent,MoveState,Moving,Goal,20.00,0.00,20.00,3.55,0.00,3.58,4.00,0.00,5.00,DStar
927,2.51,AgentPrefab,Agent,MoveState,Moving,Goal,20.00,0.00,20.00,3.55,0.00,3.58,4.00,0.00,5.00,DStar
928,2.51,AgentPrefab,Agent,MoveState,Moving,Goal,20.00,0.00,20.00,3.55,0.00,3.59,4.00,0.00,5.00,DStar
929,2.52,AgentPrefab,Agent,MoveState,Moving,Goal,20.00,0.00,20.00,3.55,0.00,3.59,4.00,0.00,5.00,DStar
930,2.52,AgentPrefab,Agent,MoveState,Moving,Goal,20.00,0.00,20.00,3.55,0.00,3.60,4.00,0.00,5.00,DStar
931,2.52,AgentPrefab,Agent,MoveState,Moving,Goal,20.00,0.00,20.00,3.55,0.00,3.60,4.00,0.00,5.00,DStar
932,2.53,AgentPrefab,Agent,MoveState,Moving,Goal,20.00,0.00,20.00,3.56,0.00,3.61,4.00,0.00,5.00,DStar
933,2.53,AgentPrefab,Agent,MoveState,Moving,Goal,20.00,0.00,20.00,3.56,0.00,3.61,4.00,0.00,5.00,DStar
934,2.53,AgentPrefab,Agent,MoveState,Moving,Goal,20.00,0.00,20.00,3.56,0.00,3.62,4.00,0.00,5.00,DStar
935,2.53,AgentPrefab,Agent,MoveState,Moving,Goal,20.00,0.00,20.00,3.56,0.00,3.62,4.00,0.00,5.00,DStar
936,2.53,AgentPrefab,Agent,MoveState,Moving,Goal,20.00,0.00,20.00,3.56,0.00,3.63,4.00,0.00,5.00,DStar
937,2.54,AgentPrefab,Agent,MoveState,Moving,Goal,20.00,0.00,20.00,3.56,0.00,3.63,4.00,0.00,5.00,DStar
938,2.54,AgentPrefab,Agent,MoveState,Moving,Goal,20.00,0.00,20.00,3.57,0.00,3.64,4.00,0.00,5.00,DStar
939,2.54,AgentPrefab,Agent,MoveState,Moving,Goal,20.00,0.00,20.00,3.57,0.00,3.64,4.00,0.00,5.00,DStar
940,2.54,AgentPrefab,Agent,MoveState,Moving,Goal,20.00,0.00,20.00,3.57,0.00,3.65,4.00,0.00,5.00,DStar
941,2.55,AgentPrefab,Agent,MoveState,Moving,Goal,20.00,0.00,20.00,3.57,0.00,3.65,4.00,0.00,5.00,DStar
942,2.55,AgentPrefab,Agent,MoveState,Moving,Goal,20.00,0.00,20.00,3.57,0.00,3.66,4.00,0.00,5.00,DStar
943,2.55,AgentPrefab,Agent,MoveState,Moving,Goal,20.00,0.00,20.00,3.57,0.00,3.66,4.00,0.00,5.00,DStar
944,2.56,AgentPrefab,Agent,MoveState,Moving,Goal,20.00,0.00,20.00,3.57,0.00,3.67,4.00,0.00,5.00,DStar
945,2.56,AgentPrefab,Agent,MoveState,Moving,Goal,20.00,0.00,20.00,3.58,0.00,3.67,4.00,0.00,5.00,DStar
946,2.56,AgentPrefab,Agent,MoveState,Moving,Goal,20.00,0.00,20.00,3.58,0.00,3.68,4.00,0.00,5.00,DStar
947,2.56,AgentPrefab,Agent,MoveState,Moving,Goal,20.00,0.00,20.00,3.58,0.00,3.68,4.00,0.00,5.00,DStar
948,2.57,AgentPrefab,Agent,MoveState,Moving,Goal,20.00,0.00,20.00,3.58,0.00,3.69,4.00,0.00,5.00,DStar
949,2.57,AgentPrefab,Agent,MoveState,Moving,Goal,20.00,0.00,20.00,3.58,0.00,3.69,4.00,0.00,5.00,DStar
950,2.57,AgentPrefab,Agent,MoveState,Moving,Goal,20.00,0.00,20.00,3.58,0.00,3.70,4.00,0.00,5.00,DStar
951,2.57,AgentPrefab,Agent,MoveState,Moving,Goal,20.00,0.00,20.00,3.59,0.00,3.70,4.00,0.00,5.00,DStar
952,2.58,AgentPrefab,Agent,MoveState,Moving,Goal,20.00,0.00,20.00,3.59,0.00,3.71,4.00,0.00,5.00,DStar
953,2.58,AgentPrefab,Agent,MoveState,Moving,Goal,20.00,0.00,20.00,3.59,0.00,3.71,4.00,0.00,5.00,DStar
954,2.58,AgentPrefab,Agent,MoveState,Moving,Goal,20.00,0.00,20.00,3.59,0.00,3.71,4.00,0.00,5.00,DStar
955,2.58,AgentPrefab,Agent,MoveState,Moving,Goal,20.00,0.00,20.00,3.59,0.00,3.72,4.00,0.00,5.00,DStar
956,2.58,AgentPrefab,Agent,MoveState,Moving,Goal,20.00,0.00,20.00,3.59,0.00,3.72,4.00,0.00,5.00,DStar
957,2.59,AgentPrefab,Agent,MoveState,Moving,Goal,20.00,0.00,20.00,3.59,0.00,3.73,4.00,0.00,5.00,DStar
958,2.59,AgentPrefab,Agent,MoveState,Moving,Goal,20.00,0.00,20.00,3.60,0.00,3.73,4.00,0.00,5.00,DStar
959,2.59,AgentPrefab,Agent,MoveState,Moving,Goal,20.00,0.00,20.00,3.60,0.00,3.74,4.00,0.00,5.00,DStar
960,2.59,AgentPrefab,Agent,MoveState,Moving,Goal,20.00,0.00,20.00,3.60,0.00,3.74,4.00,0.00,5.00,DStar
961,2.60,AgentPrefab,Agent,MoveState,Moving,Goal,20.00,0.00,20.00,3.60,0.00,3.74,4.00,0.00,5.00,DStar
962,2.60,AgentPrefab,Agent,MoveState,Moving,Goal,20.00,0.00,20.00,3.60,0.00,3.75,4.00,0.00,5.00,DStar
963,2.60,AgentPrefab,Agent,MoveState,Moving,Goal,20.00,0.00,20.00,3.60,0.00,3.75,4.00,0.00,5.00,DStar
964,2.60,AgentPrefab,Agent,MoveState,Moving,Goal,20.00,0.00,20.00,3.60,0.00,3.76,4.00,0.00,5.00,DStar
965,2.61,AgentPrefab,Agent,MoveState,Moving,Goal,20.00,0.00,20.00,3.61,0.00,3.76,4.00,0.00,5.00,DStar
966,2.61,AgentPrefab,Agent,MoveState,Moving,Goal,20.00,0.00,20.00,3.61,0.00,3.77,4.00,0.00,5.00,DStar
967,2.61,AgentPrefab,Agent,MoveState,Moving,Goal,20.00,0.00,20.00,3.61,0.00,3.77,4.00,0.00,5.00,DStar
968,2.61,AgentPrefab,Agent,MoveState,Moving,Goal,20.00,0.00,20.00,3.61,0.00,3.78,4.00,0.00,5.00,DStar
969,2.62,AgentPrefab,Agent,MoveState,Moving,Goal,20.00,0.00,20.00,3.61,0.00,3.78,4.00,0.00,5.00,DStar
970,2.62,AgentPrefab,Agent,MoveState,Moving,Goal,20.00,0.00,20.00,3.61,0.00,3.79,4.00,0.00,5.00,DStar
971,2.62,AgentPrefab,Agent,MoveState,Moving,Goal,20.00,0.00,20.00,3.62,0.00,3.79,4.00,0.00,5.00,DStar
972,2.62,AgentPrefab,Agent,MoveState,Moving,Goal,20.00,0.00,20.00,3.62,0.00,3.80,4.00,0.00,5.00,DStar
973,2.63,AgentPrefab,Agent,MoveState,Moving,Goal,20.00,0.00,20.00,3.62,0.00,3.80,4.00,0.00,5.00,DStar
974,2.63,AgentPrefab,Agent,MoveState,Moving,Goal,20.00,0.00,20.00,3.62,0.00,3.81,4.00,0.00,5.00,DStar
975,2.64,AgentPrefab,Agent,MoveState,Moving,Goal,20.00,0.00,20.00,3.62,0.00,3.82,4.00,0.00,5.00,DStar
976,2.64,AgentPrefab,Agent,MoveState,Moving,Goal,20.00,0.00,20.00,3.63,0.00,3.83,4.00,0.00,5.00,DStar
977,2.64,AgentPrefab,Agent,MoveState,Moving,Goal,20.00,0.00,20.00,3.63,0.00,3.83,4.00,0.00,5.00,DStar
978,2.64,AgentPrefab,Agent,MoveState,Moving,Goal,20.00,0.00,20.00,3.63,0.00,3.84,4.00,0.00,5.00,DStar
979,2.65,AgentPrefab,Agent,MoveState,Moving,Goal,20.00,0.00,20.00,3.63,0.00,3.84,4.00,0.00,5.00,DStar
980,2.65,AgentPrefab,Agent,MoveState,Moving,Goal,20.00,0.00,20.00,3.63,0.00,3.85,4.00,0.00,5.00,DStar
981,2.65,AgentPrefab,Agent,MoveState,Moving,Goal,20.00,0.00,20.00,3.63,0.00,3.85,4.00,0.00,5.00,DStar
982,2.65,AgentPrefab,Agent,MoveState,Moving,Goal,20.00,0.00,20.00,3.64,0.00,3.86,4.00,0.00,5.00,DStar
983,2.66,AgentPrefab,Agent,MoveState,Moving,Goal,20.00,0.00,20.00,3.64,0.00,3.86,4.00,0.00,5.00,DStar
984,2.66,AgentPrefab,Agent,MoveState,Moving,Goal,20.00,0.00,20.00,3.64,0.00,3.87,4.00,0.00,5.00,DStar
985,2.66,AgentPrefab,Agent,MoveState,Moving,Goal,20.00,0.00,20.00,3.64,0.00,3.87,4.00,0.00,5.00,DStar
986,2.66,AgentPrefab,Agent,MoveState,Moving,Goal,20.00,0.00,20.00,3.64,0.00,3.87,4.00,0.00,5.00,DStar
987,2.67,AgentPrefab,Agent,MoveState,Moving,Goal,20.00,0.00,20.00,3.64,0.00,3.88,4.00,0.00,5.00,DStar
988,2.67,AgentPrefab,Agent,MoveState,Moving,Goal,20.00,0.00,20.00,3.64,0.00,3.88,4.00,0.00,5.00,DStar
989,2.67,AgentPrefab,Agent,MoveState,Moving,Goal,20.00,0.00,20.00,3.65,0.00,3.89,4.00,0.00,5.00,DStar
990,2.67,AgentPrefab,Agent,MoveState,Moving,Goal,20.00,0.00,20.00,3.65,0.00,3.89,4.00,0.00,5.00,DStar
991,2.68,AgentPrefab,Agent,MoveState,Moving,Goal,20.00,0.00,20.00,3.65,0.00,3.90,4.00,0.00,5.00,DStar
992,2.68,AgentPrefab,Agent,MoveState,Moving,Goal,20.00,0.00,20.00,3.65,0.00,3.90,4.00,0.00,5.00,DStar
993,2.68,AgentPrefab,Agent,MoveState,Moving,Goal,20.00,0.00,20.00,3.65,0.00,3.90,4.00,0.00,5.00,DStar
994,2.68,AgentPrefab,Agent,MoveState,Moving,Goal,20.00,0.00,20.00,3.65,0.00,3.91,4.00,0.00,5.00,DStar
995,2.68,AgentPrefab,Agent,MoveState,Moving,Goal,20.00,0.00,20.00,3.65,0.00,3.91,4.00,0.00,5.00,DStar
996,2.69,AgentPrefab,Agent,MoveState,Moving,Goal,20.00,0.00,20.00,3.65,0.00,3.92,4.00,0.00,5.00,DStar
997,2.69,AgentPrefab,Agent,MoveState,Moving,Goal,20.00,0.00,20.00,3.66,0.00,3.92,4.00,0.00,5.00,DStar
998,2.69,AgentPrefab,Agent,MoveState,Moving,Goal,20.00,0.00,20.00,3.66,0.00,3.93,4.00,0.00,5.00,DStar
999,2.70,AgentPrefab,Agent,MoveState,Moving,Goal,20.00,0.00,20.00,3.66,0.00,3.93,4.00,0.00,5.00,DStar
1000,2.70,AgentPrefab,Agent,MoveState,Moving,Goal,20.00,0.00,20.00,3.66,0.00,3.94,4.00,0.00,5.00,DStar
1001,2.70,AgentPrefab,Agent,MoveState,Moving,Goal,20.00,0.00,20.00,3.66,0.00,3.94,4.00,0.00,5.00,DStar
1002,2.70,AgentPrefab,Agent,MoveState,Moving,Goal,20.00,0.00,20.00,3.66,0.00,3.95,4.00,0.00,5.00,DStar
1003,2.71,AgentPrefab,Agent,MoveState,Moving,Goal,20.00,0.00,20.00,3.67,0.00,3.95,4.00,0.00,5.00,DStar
1004,2.71,AgentPrefab,Agent,MoveState,Moving,Goal,20.00,0.00,20.00,3.67,0.00,3.96,4.00,0.00,5.00,DStar
1005,2.71,AgentPrefab,Agent,MoveState,Moving,Goal,20.00,0.00,20.00,3.67,0.00,3.96,4.00,0.00,5.00,DStar
1006,2.71,AgentPrefab,Agent,MoveState,Moving,Goal,20.00,0.00,20.00,3.67,0.00,3.97,4.00,0.00,5.00,DStar
1007,2.71,AgentPrefab,Agent,MoveState,Moving,Goal,20.00,0.00,20.00,3.67,0.00,3.97,4.00,0.00,5.00,DStar
1008,2.72,AgentPrefab,Agent,MoveState,Moving,Goal,20.00,0.00,20.00,3.67,0.00,3.97,4.00,0.00,5.00,DStar
1009,2.72,AgentPrefab,Agent,MoveState,Moving,Goal,20.00,0.00,20.00,3.67,0.00,3.98,4.00,0.00,5.00,DStar
1010,2.72,AgentPrefab,Agent,MoveState,Moving,Goal,20.00,0.00,20.00,3.68,0.00,3.99,4.00,0.00,5.00,DStar
1011,2.73,AgentPrefab,Agent,MoveState,Moving,Goal,20.00,0.00,20.00,3.68,0.00,3.99,4.00,0.00,5.00,DStar
1012,2.73,AgentPrefab,Agent,MoveState,Moving,Goal,20.00,0.00,20.00,3.68,0.00,4.00,4.00,0.00,5.00,DStar
1013,2.73,AgentPrefab,Agent,MoveState,Moving,Goal,20.00,0.00,20.00,3.68,0.00,4.01,4.00,0.00,5.00,DStar
1014,2.74,AgentPrefab,Agent,MoveState,Moving,Goal,20.00,0.00,20.00,3.69,0.00,4.01,4.00,0.00,5.00,DStar
1015,2.74,AgentPrefab,Agent,MoveState,Moving,Goal,20.00,0.00,20.00,3.69,0.00,4.02,4.00,0.00,5.00,DStar
1016,2.74,AgentPrefab,Agent,MoveState,Moving,Goal,20.00,0.00,20.00,3.69,0.00,4.02,4.00,0.00,5.00,DStar
1017,2.75,AgentPrefab,Agent,MoveState,Moving,Goal,20.00,0.00,20.00,3.69,0.00,4.03,4.00,0.00,5.00,DStar
1018,2.75,AgentPrefab,Agent,MoveState,Moving,Goal,20.00,0.00,20.00,3.69,0.00,4.03,4.00,0.00,5.00,DStar
1019,2.75,AgentPrefab,Agent,MoveState,Moving,Goal,20.00,0.00,20.00,3.69,0.00,4.04,4.00,0.00,5.00,DStar
1020,2.75,AgentPrefab,Agent,MoveState,Moving,Goal,20.00,0.00,20.00,3.69,0.00,4.04,4.00,0.00,5.00,DStar
1021,2.76,AgentPrefab,Agent,MoveState,Moving,Goal,20.00,0.00,20.00,3.70,0.00,4.05,4.00,0.00,5.00,DStar
1022,2.76,AgentPrefab,Agent,MoveState,Moving,Goal,20.00,0.00,20.00,3.70,0.00,4.05,4.00,0.00,5.00,DStar
1023,2.76,AgentPrefab,Agent,MoveState,Moving,Goal,20.00,0.00,20.00,3.70,0.00,4.06,4.00,0.00,5.00,DStar
1024,2.76,AgentPrefab,Agent,MoveState,Moving,Goal,20.00,0.00,20.00,3.70,0.00,4.06,4.00,0.00,5.00,DStar
1025,2.76,AgentPrefab,Agent,MoveState,Moving,Goal,20.00,0.00,20.00,3.70,0.00,4.07,4.00,0.00,5.00,DStar
1026,2.77,AgentPrefab,Agent,MoveState,Moving,Goal,20.00,0.00,20.00,3.70,0.00,4.07,4.00,0.00,5.00,DStar
1027,2.77,AgentPrefab,Agent,MoveState,Moving,Goal,20.00,0.00,20.00,3.71,0.00,4.08,4.00,0.00,5.00,DStar
1028,2.77,AgentPrefab,Agent,MoveState,Moving,Goal,20.00,0.00,20.00,3.71,0.00,4.08,4.00,0.00,5.00,DStar
1029,2.78,AgentPrefab,Agent,MoveState,Moving,Goal,20.00,0.00,20.00,3.71,0.00,4.09,4.00,0.00,5.00,DStar
1030,2.78,AgentPrefab,Agent,MoveState,Moving,Goal,20.00,0.00,20.00,3.71,0.00,4.09,4.00,0.00,5.00,DStar
1031,2.78,AgentPrefab,Agent,MoveState,Moving,Goal,20.00,0.00,20.00,3.71,0.00,4.09,4.00,0.00,5.00,DStar
1032,2.78,AgentPrefab,Agent,MoveState,Moving,Goal,20.00,0.00,20.00,3.71,0.00,4.10,4.00,0.00,5.00,DStar
1033,2.78,AgentPrefab,Agent,MoveState,Moving,Goal,20.00,0.00,20.00,3.71,0.00,4.10,4.00,0.00,5.00,DStar
1034,2.79,AgentPrefab,Agent,MoveState,Moving,Goal,20.00,0.00,20.00,3.72,0.00,4.11,4.00,0.00,5.00,DStar
1035,2.79,AgentPrefab,Agent,MoveState,Moving,Goal,20.00,0.00,20.00,3.72,0.00,4.11,4.00,0.00,5.00,DStar
1036,2.79,AgentPrefab,Agent,MoveState,Moving,Goal,20.00,0.00,20.00,3.72,0.00,4.12,4.00,0.00,5.00,DStar
1037,2.79,AgentPrefab,Agent,MoveState,Moving,Goal,20.00,0.00,20.00,3.72,0.00,4.12,4.00,0.00,5.00,DStar
1038,2.80,AgentPrefab,Agent,MoveState,Moving,Goal,20.00,0.00,20.00,3.72,0.00,4.13,4.00,0.00,5.00,DStar
1039,2.80,AgentPrefab,Agent,MoveState,Moving,Goal,20.00,0.00,20.00,3.72,0.00,4.13,4.00,0.00,5.00,DStar
1040,2.80,AgentPrefab,Agent,MoveState,Moving,Goal,20.00,0.00,20.00,3.72,0.00,4.13,4.00,0.00,5.00,DStar
1041,2.80,AgentPrefab,Agent,MoveState,Moving,Goal,20.00,0.00,20.00,3.73,0.00,4.14,4.00,0.00,5.00,DStar
1042,2.81,AgentPrefab,Agent,MoveState,Moving,Goal,20.00,0.00,20.00,3.73,0.00,4.14,4.00,0.00,5.00,DStar
1043,2.81,AgentPrefab,Agent,MoveState,Moving,Goal,20.00,0.00,20.00,3.73,0.00,4.15,4.00,0.00,5.00,DStar
1044,2.81,AgentPrefab,Agent,MoveState,Moving,Goal,20.00,0.00,20.00,3.73,0.00,4.16,4.00,0.00,5.00,DStar
1045,2.81,AgentPrefab,Agent,MoveState,Moving,Goal,20.00,0.00,20.00,3.73,0.00,4.16,4.00,0.00,5.00,DStar
1046,2.82,AgentPrefab,Agent,MoveState,Moving,Goal,20.00,0.00,20.00,3.73,0.00,4.17,4.00,0.00,5.00,DStar
1047,2.82,AgentPrefab,Agent,MoveState,Moving,Goal,20.00,0.00,20.00,3.74,0.00,4.17,4.00,0.00,5.00,DStar
1048,2.82,AgentPrefab,Agent,MoveState,Moving,Goal,20.00,0.00,20.00,3.74,0.00,4.17,4.00,0.00,5.00,DStar
1049,2.82,AgentPrefab,Agent,MoveState,Moving,Goal,20.00,0.00,20.00,3.74,0.00,4.18,4.00,0.00,5.00,DStar
1050,2.83,AgentPrefab,Agent,MoveState,Moving,Goal,20.00,0.00,20.00,3.74,0.00,4.18,4.00,0.00,5.00,DStar
1051,2.83,AgentPrefab,Agent,MoveState,Moving,Goal,20.00,0.00,20.00,3.74,0.00,4.19,4.00,0.00,5.00,DStar
1052,2.83,AgentPrefab,Agent,MoveState,Moving,Goal,20.00,0.00,20.00,3.74,0.00,4.19,4.00,0.00,5.00,DStar
1053,2.84,AgentPrefab,Agent,MoveState,Moving,Goal,20.00,0.00,20.00,3.75,0.00,4.20,4.00,0.00,5.00,DStar
1054,2.84,AgentPrefab,Agent,MoveState,Moving,Goal,20.00,0.00,20.00,3.75,0.00,4.21,4.00,0.00,5.00,DStar
1055,2.84,AgentPrefab,Agent,MoveState,Moving,Goal,20.00,0.00,20.00,3.75,0.00,4.21,4.00,0.00,5.00,DStar
1056,2.84,AgentPrefab,Agent,MoveState,Moving,Goal,20.00,0.00,20.00,3.75,0.00,4.22,4.00,0.00,5.00,DStar
1057,2.85,AgentPrefab,Agent,MoveState,Moving,Goal,20.00,0.00,20.00,3.75,0.00,4.22,4.00,0.00,5.00,DStar
1058,2.85,AgentPrefab,Agent,MoveState,Moving,Goal,20.00,0.00,20.00,3.75,0.00,4.22,4.00,0.00,5.00,DStar
1059,2.85,AgentPrefab,Agent,MoveState,Moving,Goal,20.00,0.00,20.00,3.75,0.00,4.23,4.00,0.00,5.00,DStar
1060,2.85,AgentPrefab,Agent,MoveState,Moving,Goal,20.00,0.00,20.00,3.76,0.00,4.23,4.00,0.00,5.00,DStar
1061,2.86,AgentPrefab,Agent,MoveState,Moving,Goal,20.00,0.00,20.00,3.76,0.00,4.24,4.00,0.00,5.00,DStar
1062,2.86,AgentPrefab,Agent,MoveState,Moving,Goal,20.00,0.00,20.00,3.76,0.00,4.24,4.00,0.00,5.00,DStar
1063,2.86,AgentPrefab,Agent,MoveState,Moving,Goal,20.00,0.00,20.00,3.76,0.00,4.25,4.00,0.00,5.00,DStar
1064,2.86,AgentPrefab,Agent,MoveState,Moving,Goal,20.00,0.00,20.00,3.76,0.00,4.25,4.00,0.00,5.00,DStar
1065,2.87,AgentPrefab,Agent,MoveState,Moving,Goal,20.00,0.00,20.00,3.76,0.00,4.26,4.00,0.00,5.00,DStar
1066,2.87,AgentPrefab,Agent,MoveState,Moving,Goal,20.00,0.00,20.00,3.77,0.00,4.26,4.00,0.00,5.00,DStar
1067,2.87,AgentPrefab,Agent,MoveState,Moving,Goal,20.00,0.00,20.00,3.77,0.00,4.27,4.00,0.00,5.00,DStar
1068,2.87,AgentPrefab,Agent,MoveState,Moving,Goal,20.00,0.00,20.00,3.77,0.00,4.27,4.00,0.00,5.00,DStar
1069,2.88,AgentPrefab,Agent,MoveState,Moving,Goal,20.00,0.00,20.00,3.77,0.00,4.28,4.00,0.00,5.00,DStar
1070,2.88,AgentPrefab,Agent,MoveState,Moving,Goal,20.00,0.00,20.00,3.77,0.00,4.28,4.00,0.00,5.00,DStar
1071,2.88,AgentPrefab,Agent,MoveState,Moving,Goal,20.00,0.00,20.00,3.77,0.00,4.29,4.00,0.00,5.00,DStar
1072,2.88,AgentPrefab,Agent,MoveState,Moving,Goal,20.00,0.00,20.00,3.77,0.00,4.29,4.00,0.00,5.00,DStar
1073,2.89,AgentPrefab,Agent,MoveState,Moving,Goal,20.00,0.00,20.00,3.78,0.00,4.30,4.00,0.00,5.00,DStar
1074,2.89,AgentPrefab,Agent,MoveState,Moving,Goal,20.00,0.00,20.00,3.78,0.00,4.30,4.00,0.00,5.00,DStar
1075,2.89,AgentPrefab,Agent,MoveState,Moving,Goal,20.00,0.00,20.00,3.78,0.00,4.31,4.00,0.00,5.00,DStar
1076,2.89,AgentPrefab,Agent,MoveState,Moving,Goal,20.00,0.00,20.00,3.78,0.00,4.31,4.00,0.00,5.00,DStar
1077,2.90,AgentPrefab,Agent,MoveState,Moving,Goal,20.00,0.00,20.00,3.78,0.00,4.32,4.00,0.00,5.00,DStar
1078,2.90,AgentPrefab,Agent,MoveState,Moving,Goal,20.00,0.00,20.00,3.78,0.00,4.32,4.00,0.00,5.00,DStar
1079,2.90,AgentPrefab,Agent,MoveState,Moving,Goal,20.00,0.00,20.00,3.79,0.00,4.33,4.00,0.00,5.00,DStar
1080,2.91,AgentPrefab,Agent,MoveState,Moving,Goal,20.00,0.00,20.00,3.79,0.00,4.33,4.00,0.00,5.00,DStar
1081,2.91,AgentPrefab,Agent,MoveState,Moving,Goal,20.00,0.00,20.00,3.79,0.00,4.34,4.00,0.00,5.00,DStar
1082,2.91,AgentPrefab,Agent,MoveState,Moving,Goal,20.00,0.00,20.00,3.79,0.00,4.34,4.00,0.00,5.00,DStar
1083,2.91,AgentPrefab,Agent,MoveState,Moving,Goal,20.00,0.00,20.00,3.79,0.00,4.35,4.00,0.00,5.00,DStar
1084,2.91,AgentPrefab,Agent,MoveState,Moving,Goal,20.00,0.00,20.00,3.79,0.00,4.35,4.00,0.00,5.00,DStar
1085,2.92,AgentPrefab,Agent,MoveState,Moving,Goal,20.00,0.00,20.00,3.79,0.00,4.36,4.00,0.00,5.00,DStar
1086,2.92,AgentPrefab,Agent,MoveState,Moving,Goal,20.00,0.00,20.00,3.80,0.00,4.36,4.00,0.00,5.00,DStar
1087,2.92,AgentPrefab,Agent,MoveState,Moving,Goal,20.00,0.00,20.00,3.80,0.00,4.37,4.00,0.00,5.00,DStar
1088,2.92,AgentPrefab,Agent,MoveState,Moving,Goal,20.00,0.00,20.00,3.80,0.00,4.37,4.00,0.00,5.00,DStar
1089,2.93,AgentPrefab,Agent,MoveState,Moving,Goal,20.00,0.00,20.00,3.80,0.00,4.38,4.00,0.00,5.00,DStar
1090,2.93,AgentPrefab,Agent,MoveState,Moving,Goal,20.00,0.00,20.00,3.80,0.00,4.38,4.00,0.00,5.00,DStar
1091,2.93,AgentPrefab,Agent,MoveState,Moving,Goal,20.00,0.00,20.00,3.80,0.00,4.38,4.00,0.00,5.00,DStar
1092,2.93,AgentPrefab,Agent,MoveState,Moving,Goal,20.00,0.00,20.00,3.80,0.00,4.39,4.00,0.00,5.00,DStar
1093,2.94,AgentPrefab,Agent,MoveState,Moving,Goal,20.00,0.00,20.00,3.81,0.00,4.39,4.00,0.00,5.00,DStar
1094,2.94,AgentPrefab,Agent,MoveState,Moving,Goal,20.00,0.00,20.00,3.81,0.00,4.40,4.00,0.00,5.00,DStar
1095,2.94,AgentPrefab,Agent,MoveState,Moving,Goal,20.00,0.00,20.00,3.81,0.00,4.40,4.00,0.00,5.00,DStar
1096,2.94,AgentPrefab,Agent,MoveState,Moving,Goal,20.00,0.00,20.00,3.81,0.00,4.41,4.00,0.00,5.00,DStar
1097,2.95,AgentPrefab,Agent,MoveState,Moving,Goal,20.00,0.00,20.00,3.81,0.00,4.41,4.00,0.00,5.00,DStar
1098,2.95,AgentPrefab,Agent,MoveState,Moving,Goal,20.00,0.00,20.00,3.81,0.00,4.42,4.00,0.00,5.00,DStar
1099,2.95,AgentPrefab,Agent,MoveState,Moving,Goal,20.00,0.00,20.00,3.82,0.00,4.42,4.00,0.00,5.00,DStar
1100,2.95,AgentPrefab,Agent,MoveState,Moving,Goal,20.00,0.00,20.00,3.82,0.00,4.43,4.00,0.00,5.00,DStar
1101,2.96,AgentPrefab,Agent,MoveState,Moving,Goal,20.00,0.00,20.00,3.82,0.00,4.43,4.00,0.00,5.00,DStar
1102,2.96,AgentPrefab,Agent,MoveState,Moving,Goal,20.00,0.00,20.00,3.82,0.00,4.44,4.00,0.00,5.00,DStar
1103,2.96,AgentPrefab,Agent,MoveState,Moving,Goal,20.00,0.00,20.00,3.82,0.00,4.44,4.00,0.00,5.00,DStar
1104,2.96,AgentPrefab,Agent,MoveState,Moving,Goal,20.00,0.00,20.00,3.82,0.00,4.45,4.00,0.00,5.00,DStar
1105,2.97,AgentPrefab,Agent,MoveState,Moving,Goal,20.00,0.00,20.00,3.82,0.00,4.45,4.00,0.00,5.00,DStar
1106,2.97,AgentPrefab,Agent,MoveState,Moving,Goal,20.00,0.00,20.00,3.83,0.00,4.45,4.00,0.00,5.00,DStar
1107,2.97,AgentPrefab,Agent,MoveState,Moving,Goal,20.00,0.00,20.00,3.83,0.00,4.46,4.00,0.00,5.00,DStar
1108,2.97,AgentPrefab,Agent,MoveState,Moving,Goal,20.00,0.00,20.00,3.83,0.00,4.46,4.00,0.00,5.00,DStar
1109,2.98,AgentPrefab,Agent,MoveState,Moving,Goal,20.00,0.00,20.00,3.83,0.00,4.47,4.00,0.00,5.00,DStar
1110,2.98,AgentPrefab,Agent,MoveState,Moving,Goal,20.00,0.00,20.00,3.83,0.00,4.47,4.00,0.00,5.00,DStar
1111,2.98,AgentPrefab,Agent,MoveState,Moving,Goal,20.00,0.00,20.00,3.83,0.00,4.48,3.83,0.00,4.48,DStar
1112,2.99,AgentPrefab,Agent,MoveState,Moving,Goal,20.00,0.00,20.00,3.83,0.00,4.48,4.00,0.00,5.00,DStar
1113,2.99,AgentPrefab,Agent,MoveState,Moving,Goal,20.00,0.00,20.00,3.84,0.00,4.49,4.00,0.00,5.00,DStar
1114,2.99,AgentPrefab,Agent,MoveState,Moving,Goal,20.00,0.00,20.00,3.84,0.00,4.49,4.00,0.00,5.00,DStar
1115,2.99,AgentPrefab,Agent,MoveState,Moving,Goal,20.00,0.00,20.00,3.84,0.00,4.50,4.00,0.00,5.00,DStar
1116,3.00,AgentPrefab,Agent,MoveState,Moving,Goal,20.00,0.00,20.00,3.84,0.00,4.50,4.00,0.00,5.00,DStar
1117,3.00,AgentPrefab,Agent,MoveState,Moving,Goal,20.00,0.00,20.00,3.84,0.00,4.51,4.00,0.00,5.00,DStar
1118,3.00,AgentPrefab,Agent,MoveState,Moving,Goal,20.00,0.00,20.00,3.84,0.00,4.51,4.00,0.00,5.00,DStar
1119,3.00,AgentPrefab,Agent,MoveState,Moving,Goal,20.00,0.00,20.00,3.85,0.00,4.51,4.00,0.00,5.00,DStar
1120,3.01,AgentPrefab,Agent,MoveState,Moving,Goal,20.00,0.00,20.00,3.85,0.00,4.52,4.00,0.00,5.00,DStar
1121,3.01,AgentPrefab,Agent,MoveState,Moving,Goal,20.00,0.00,20.00,3.85,0.00,4.52,4.00,0.00,5.00,DStar
1122,3.01,AgentPrefab,Agent,MoveState,Moving,Goal,20.00,0.00,20.00,3.85,0.00,4.53,4.00,0.00,5.00,DStar
1123,3.01,AgentPrefab,Agent,MoveState,Moving,Goal,20.00,0.00,20.00,3.85,0.00,4.53,4.00,0.00,5.00,DStar
1124,3.01,AgentPrefab,Agent,MoveState,Moving,Goal,20.00,0.00,20.00,3.85,0.00,4.54,4.00,0.00,5.00,DStar
1125,3.02,AgentPrefab,Agent,MoveState,Moving,Goal,20.00,0.00,20.00,3.85,0.00,4.54,4.00,0.00,5.00,DStar
1126,3.02,AgentPrefab,Agent,MoveState,Moving,Goal,20.00,0.00,20.00,3.86,0.00,4.55,4.00,0.00,5.00,DStar
1127,3.02,AgentPrefab,Agent,MoveState,Moving,Goal,20.00,0.00,20.00,3.86,0.00,4.55,4.00,0.00,5.00,DStar
1128,3.03,AgentPrefab,Agent,MoveState,Moving,Goal,20.00,0.00,20.00,3.86,0.00,4.56,4.00,0.00,5.00,DStar
1129,3.03,AgentPrefab,Agent,MoveState,Moving,Goal,20.00,0.00,20.00,3.86,0.00,4.57,4.00,0.00,5.00,DStar
1130,3.03,AgentPrefab,Agent,MoveState,Moving,Goal,20.00,0.00,20.00,3.86,0.00,4.57,4.00,0.00,5.00,DStar
1131,3.04,AgentPrefab,Agent,MoveState,Moving,Goal,20.00,0.00,20.00,3.86,0.00,4.57,4.00,0.00,5.00,DStar
1132,3.04,AgentPrefab,Agent,MoveState,Moving,Goal,20.00,0.00,20.00,3.87,0.00,4.59,4.00,0.00,5.00,DStar
1133,3.04,AgentPrefab,Agent,MoveState,Moving,Goal,20.00,0.00,20.00,3.87,0.00,4.59,4.00,0.00,5.00,DStar
1134,3.04,AgentPrefab,Agent,MoveState,Moving,Goal,20.00,0.00,20.00,3.87,0.00,4.60,4.00,0.00,5.00,DStar
1135,3.05,AgentPrefab,Agent,MoveState,Moving,Goal,20.00,0.00,20.00,3.87,0.00,4.60,4.00,0.00,5.00,DStar
1136,3.05,AgentPrefab,Agent,MoveState,Moving,Goal,20.00,0.00,20.00,3.87,0.00,4.60,4.00,0.00,5.00,DStar
1137,3.05,AgentPrefab,Agent,MoveState,Moving,Goal,20.00,0.00,20.00,3.88,0.00,4.61,4.00,0.00,5.00,DStar
1138,3.05,AgentPrefab,Agent,MoveState,Moving,Goal,20.00,0.00,20.00,3.88,0.00,4.61,4.00,0.00,5.00,DStar
1139,3.06,AgentPrefab,Agent,MoveState,Moving,Goal,20.00,0.00,20.00,3.88,0.00,4.62,4.00,0.00,5.00,DStar
1140,3.06,AgentPrefab,Agent,MoveState,Moving,Goal,20.00,0.00,20.00,3.88,0.00,4.62,4.00,0.00,5.00,DStar
1141,3.06,AgentPrefab,Agent,MoveState,Moving,Goal,20.00,0.00,20.00,3.88,0.00,4.63,4.00,0.00,5.00,DStar
1142,3.06,AgentPrefab,Agent,MoveState,Moving,Goal,20.00,0.00,20.00,3.88,0.00,4.63,4.00,0.00,5.00,DStar
1143,3.07,AgentPrefab,Agent,MoveState,Moving,Goal,20.00,0.00,20.00,3.88,0.00,4.64,4.00,0.00,5.00,DStar
1144,3.07,AgentPrefab,Agent,MoveState,Moving,Goal,20.00,0.00,20.00,3.89,0.00,4.64,4.00,0.00,5.00,DStar
1145,3.07,AgentPrefab,Agent,MoveState,Moving,Goal,20.00,0.00,20.00,3.89,0.00,4.65,4.00,0.00,5.00,DStar
1146,3.07,AgentPrefab,Agent,MoveState,Moving,Goal,20.00,0.00,20.00,3.89,0.00,4.65,4.00,0.00,5.00,DStar
1147,3.08,AgentPrefab,Agent,MoveState,Moving,Goal,20.00,0.00,20.00,3.89,0.00,4.65,4.00,0.00,5.00,DStar
1148,3.08,AgentPrefab,Agent,MoveState,Moving,Goal,20.00,0.00,20.00,3.89,0.00,4.66,4.00,0.00,5.00,DStar
1149,3.08,AgentPrefab,Agent,MoveState,Moving,Goal,20.00,0.00,20.00,3.89,0.00,4.66,4.00,0.00,5.00,DStar
1150,3.08,AgentPrefab,Agent,MoveState,Moving,Goal,20.00,0.00,20.00,3.89,0.00,4.67,4.00,0.00,5.00,DStar
1151,3.08,AgentPrefab,Agent,MoveState,Moving,Goal,20.00,0.00,20.00,3.90,0.00,4.67,4.00,0.00,5.00,DStar
1152,3.09,AgentPrefab,Agent,MoveState,Moving,Goal,20.00,0.00,20.00,3.90,0.00,4.68,4.00,0.00,5.00,DStar
1153,3.09,AgentPrefab,Agent,MoveState,Moving,Goal,20.00,0.00,20.00,3.90,0.00,4.68,4.00,0.00,5.00,DStar
1154,3.09,AgentPrefab,Agent,MoveState,Moving,Goal,20.00,0.00,20.00,3.90,0.00,4.69,4.00,0.00,5.00,DStar
1155,3.09,AgentPrefab,Agent,MoveState,Moving,Goal,20.00,0.00,20.00,3.90,0.00,4.69,4.00,0.00,5.00,DStar
1156,3.10,AgentPrefab,Agent,MoveState,Moving,Goal,20.00,0.00,20.00,3.90,0.00,4.69,4.00,0.00,5.00,DStar
1157,3.10,AgentPrefab,Agent,MoveState,Moving,Goal,20.00,0.00,20.00,3.90,0.00,4.70,4.00,0.00,5.00,DStar
1158,3.10,AgentPrefab,Agent,MoveState,Moving,Goal,20.00,0.00,20.00,3.91,0.00,4.70,4.00,0.00,5.00,DStar
1159,3.10,AgentPrefab,Agent,MoveState,Moving,Goal,20.00,0.00,20.00,3.91,0.00,4.71,4.00,0.00,5.00,DStar
1160,3.11,AgentPrefab,Agent,MoveState,Moving,Goal,20.00,0.00,20.00,3.91,0.00,4.71,4.00,0.00,5.00,DStar
1161,3.11,AgentPrefab,Agent,MoveState,Moving,Goal,20.00,0.00,20.00,3.91,0.00,4.72,4.00,0.00,5.00,DStar
1162,3.11,AgentPrefab,Agent,MoveState,Moving,Goal,20.00,0.00,20.00,3.91,0.00,4.72,4.00,0.00,5.00,DStar
1163,3.11,AgentPrefab,Agent,MoveState,Moving,Goal,20.00,0.00,20.00,3.91,0.00,4.73,4.00,0.00,5.00,DStar
1164,3.12,AgentPrefab,Agent,MoveState,Moving,Goal,20.00,0.00,20.00,3.91,0.00,4.73,4.00,0.00,5.00,DStar
1165,3.12,AgentPrefab,Agent,MoveState,Moving,Goal,20.00,0.00,20.00,3.92,0.00,4.74,4.00,0.00,5.00,DStar
1166,3.12,AgentPrefab,Agent,MoveState,Moving,Goal,20.00,0.00,20.00,3.92,0.00,4.74,4.00,0.00,5.00,DStar
1167,3.12,AgentPrefab,Agent,MoveState,Moving,Goal,20.00,0.00,20.00,3.92,0.00,4.75,4.00,0.00,5.00,DStar
1168,3.13,AgentPrefab,Agent,MoveState,Moving,Goal,20.00,0.00,20.00,3.92,0.00,4.75,4.00,0.00,5.00,DStar
1169,3.13,AgentPrefab,Agent,MoveState,Moving,Goal,20.00,0.00,20.00,3.92,0.00,4.76,4.00,0.00,5.00,DStar
1170,3.13,AgentPrefab,Agent,MoveState,Moving,Goal,20.00,0.00,20.00,3.92,0.00,4.76,4.00,0.00,5.00,DStar
1171,3.13,AgentPrefab,Agent,MoveState,Moving,Goal,20.00,0.00,20.00,3.93,0.00,4.77,4.00,0.00,5.00,DStar
1172,3.14,AgentPrefab,Agent,MoveState,Moving,Goal,20.00,0.00,20.00,3.93,0.00,4.77,4.00,0.00,5.00,DStar
1173,3.14,AgentPrefab,Agent,MoveState,Moving,Goal,20.00,0.00,20.00,3.93,0.00,4.78,4.00,0.00,5.00,DStar
1174,3.14,AgentPrefab,Agent,MoveState,Moving,Goal,20.00,0.00,20.00,3.93,0.00,4.78,4.00,0.00,5.00,DStar
1175,3.14,AgentPrefab,Agent,MoveState,Moving,Goal,20.00,0.00,20.00,3.93,0.00,4.79,4.00,0.00,5.00,DStar
1176,3.15,AgentPrefab,Agent,MoveState,Moving,Goal,20.00,0.00,20.00,3.93,0.00,4.79,4.00,0.00,5.00,DStar
1177,3.15,AgentPrefab,Agent,MoveState,Moving,Goal,20.00,0.00,20.00,3.93,0.00,4.79,4.00,0.00,5.00,DStar
1178,3.15,AgentPrefab,Agent,MoveState,Moving,Goal,20.00,0.00,20.00,3.94,0.00,4.80,4.00,0.00,5.00,DStar
1179,3.15,AgentPrefab,Agent,MoveState,Moving,Goal,20.00,0.00,20.00,3.94,0.00,4.80,4.00,0.00,5.00,DStar
1180,3.16,AgentPrefab,Agent,MoveState,Moving,Goal,20.00,0.00,20.00,3.94,0.00,4.81,4.00,0.00,5.00,DStar
1181,3.16,AgentPrefab,Agent,MoveState,Moving,Goal,20.00,0.00,20.00,3.94,0.00,4.82,4.00,0.00,5.00,DStar
1182,3.16,AgentPrefab,Agent,MoveState,Moving,Goal,20.00,0.00,20.00,3.94,0.00,4.82,4.00,0.00,5.00,DStar
1183,3.17,AgentPrefab,Agent,MoveState,Moving,Goal,20.00,0.00,20.00,3.94,0.00,4.83,4.00,0.00,5.00,DStar
1184,3.17,AgentPrefab,Agent,MoveState,Moving,Goal,20.00,0.00,20.00,3.95,0.00,4.83,4.00,0.00,5.00,DStar
1185,3.17,AgentPrefab,Agent,MoveState,Moving,Goal,20.00,0.00,20.00,3.95,0.00,4.83,4.00,0.00,5.00,DStar
1186,3.17,AgentPrefab,Agent,MoveState,Moving,Goal,20.00,0.00,20.00,3.95,0.00,4.84,4.00,0.00,5.00,DStar
1187,3.18,AgentPrefab,Agent,MoveState,Moving,Goal,20.00,0.00,20.00,3.95,0.00,4.85,4.00,0.00,5.00,DStar
1188,3.18,AgentPrefab,Agent,MoveState,Moving,Goal,20.00,0.00,20.00,3.95,0.00,4.85,4.00,0.00,5.00,DStar
1189,3.18,AgentPrefab,Agent,MoveState,Moving,Goal,20.00,0.00,20.00,3.95,0.00,4.85,4.00,0.00,5.00,DStar
1190,3.18,AgentPrefab,Agent,MoveState,Moving,Goal,20.00,0.00,20.00,3.95,0.00,4.86,4.00,0.00,5.00,DStar
1191,3.19,AgentPrefab,Agent,MoveState,Moving,Goal,20.00,0.00,20.00,3.96,0.00,4.86,4.00,0.00,5.00,DStar
1192,3.19,AgentPrefab,Agent,MoveState,Moving,Goal,20.00,0.00,20.00,3.96,0.00,4.87,4.00,0.00,5.00,DStar
1193,3.19,AgentPrefab,Agent,MoveState,Moving,Goal,20.00,0.00,20.00,3.96,0.00,4.87,4.00,0.00,5.00,DStar
1194,3.19,AgentPrefab,Agent,MoveState,Moving,Goal,20.00,0.00,20.00,3.96,0.00,4.88,4.00,0.00,5.00,DStar
1195,3.20,AgentPrefab,Agent,MoveState,Moving,Goal,20.00,0.00,20.00,3.96,0.00,4.88,4.00,0.00,5.00,DStar
1196,3.20,AgentPrefab,Agent,MoveState,Moving,Goal,20.00,0.00,20.00,3.96,0.00,4.89,4.00,0.00,5.00,DStar
1197,3.20,AgentPrefab,Agent,MoveState,Moving,Goal,20.00,0.00,20.00,3.97,0.00,4.89,4.00,0.00,5.00,DStar
1198,3.20,AgentPrefab,Agent,MoveState,Moving,Goal,20.00,0.00,20.00,3.97,0.00,4.90,4.00,0.00,5.00,DStar
1199,3.21,AgentPrefab,Agent,MoveState,Moving,Goal,20.00,0.00,20.00,3.97,0.00,4.90,4.00,0.00,5.00,DStar
1200,3.21,AgentPrefab,Agent,MoveState,Moving,Goal,20.00,0.00,20.00,3.97,0.00,4.91,4.00,0.00,5.00,DStar
1201,3.21,AgentPrefab,Agent,MoveState,Moving,Goal,20.00,0.00,20.00,3.97,0.00,4.91,4.00,0.00,5.00,DStar
1202,3.21,AgentPrefab,Agent,MoveState,Moving,Goal,20.00,0.00,20.00,3.97,0.00,4.91,4.00,0.00,5.00,DStar
1203,3.21,AgentPrefab,Agent,MoveState,Moving,Goal,20.00,0.00,20.00,3.97,0.00,4.92,4.00,0.00,5.00,DStar
1204,3.22,AgentPrefab,Agent,MoveState,Moving,Goal,20.00,0.00,20.00,3.98,0.00,4.92,4.00,0.00,5.00,DStar
1205,3.22,AgentPrefab,Agent,MoveState,Moving,Goal,20.00,0.00,20.00,3.98,0.00,4.93,4.00,0.00,5.00,DStar
1206,3.22,AgentPrefab,Agent,MoveState,Moving,Goal,20.00,0.00,20.00,3.98,0.00,4.93,4.00,0.00,5.00,DStar
1207,3.22,AgentPrefab,Agent,MoveState,Moving,Goal,20.00,0.00,20.00,3.98,0.00,4.94,4.00,0.00,5.00,DStar
1208,3.23,AgentPrefab,Agent,MoveState,Moving,Goal,20.00,0.00,20.00,3.98,0.00,4.94,4.00,0.00,5.00,DStar
1209,3.23,AgentPrefab,Agent,MoveState,Moving,Goal,20.00,0.00,20.00,3.98,0.00,4.95,4.00,0.00,5.00,DStar
1210,3.23,AgentPrefab,Agent,MoveState,Moving,Goal,20.00,0.00,20.00,3.98,0.00,4.95,4.00,0.00,5.00,DStar
1211,3.23,AgentPrefab,Agent,MoveState,Moving,Goal,20.00,0.00,20.00,4.00,0.00,5.00,4.00,0.00,6.00,DStar
1212,3.24,AgentPrefab,Agent,MoveState,Moving,Goal,20.00,0.00,20.00,4.00,0.00,5.00,4.00,0.00,6.00,DStar
1213,3.24,AgentPrefab,Agent,MoveState,Moving,Goal,20.00,0.00,20.00,4.00,0.00,5.01,4.00,0.00,6.00,DStar
1214,3.24,AgentPrefab,Agent,MoveState,Moving,Goal,20.00,0.00,20.00,4.00,0.00,5.02,4.00,0.00,6.00,DStar
1215,3.25,AgentPrefab,Agent,MoveState,Moving,Goal,20.00,0.00,20.00,4.00,0.00,5.02,4.00,0.00,6.00,DStar
1216,3.25,AgentPrefab,Agent,MoveState,Moving,Goal,20.00,0.00,20.00,4.00,0.00,5.03,4.00,0.00,6.00,DStar
1217,3.25,AgentPrefab,Agent,MoveState,Moving,Goal,20.00,0.00,20.00,4.00,0.00,5.03,4.00,0.00,6.00,DStar
1218,3.25,AgentPrefab,Agent,MoveState,Moving,Goal,20.00,0.00,20.00,4.00,0.00,5.04,4.00,0.00,6.00,DStar
1219,3.26,AgentPrefab,Agent,MoveState,Moving,Goal,20.00,0.00,20.00,4.00,0.00,5.04,4.00,0.00,6.00,DStar
1220,3.26,AgentPrefab,Agent,MoveState,Moving,Goal,20.00,0.00,20.00,4.00,0.00,5.05,4.00,0.00,6.00,DStar
1221,3.26,AgentPrefab,Agent,MoveState,Moving,Goal,20.00,0.00,20.00,4.00,0.00,5.05,4.00,0.00,6.00,DStar
1222,3.26,AgentPrefab,Agent,MoveState,Moving,Goal,20.00,0.00,20.00,4.00,0.00,5.06,4.00,0.00,6.00,DStar
1223,3.26,AgentPrefab,Agent,MoveState,Moving,Goal,20.00,0.00,20.00,4.00,0.00,5.06,4.00,0.00,6.00,DStar
1224,3.27,AgentPrefab,Agent,MoveState,Moving,Goal,20.00,0.00,20.00,4.00,0.00,5.07,4.00,0.00,6.00,DStar
1225,3.27,AgentPrefab,Agent,MoveState,Moving,Goal,20.00,0.00,20.00,4.00,0.00,5.07,4.00,0.00,6.00,DStar
1226,3.27,AgentPrefab,Agent,MoveState,Moving,Goal,20.00,0.00,20.00,4.00,0.00,5.08,4.00,0.00,6.00,DStar
1227,3.28,AgentPrefab,Agent,MoveState,Moving,Goal,20.00,0.00,20.00,4.00,0.00,5.08,4.00,0.00,6.00,DStar
1228,3.28,AgentPrefab,Agent,MoveState,Moving,Goal,20.00,0.00,20.00,4.00,0.00,5.09,4.00,0.00,6.00,DStar
1229,3.28,AgentPrefab,Agent,MoveState,Moving,Goal,20.00,0.00,20.00,4.00,0.00,5.10,4.00,0.00,6.00,DStar
1230,3.28,AgentPrefab,Agent,MoveState,Moving,Goal,20.00,0.00,20.00,4.00,0.00,5.10,4.00,0.00,6.00,DStar
1231,3.29,AgentPrefab,Agent,MoveState,Moving,Goal,20.00,0.00,20.00,4.00,0.00,5.11,4.00,0.00,6.00,DStar
1232,3.29,AgentPrefab,Agent,MoveState,Moving,Goal,20.00,0.00,20.00,4.00,0.00,5.11,4.00,0.00,6.00,DStar
1233,3.29,AgentPrefab,Agent,MoveState,Moving,Goal,20.00,0.00,20.00,4.00,0.00,5.12,4.00,0.00,6.00,DStar
1234,3.29,AgentPrefab,Agent,MoveState,Moving,Goal,20.00,0.00,20.00,4.00,0.00,5.12,4.00,0.00,6.00,DStar
1235,3.30,AgentPrefab,Agent,MoveState,Moving,Goal,20.00,0.00,20.00,4.00,0.00,5.13,4.00,0.00,6.00,DStar
1236,3.30,AgentPrefab,Agent,MoveState,Moving,Goal,20.00,0.00,20.00,4.00,0.00,5.13,4.00,0.00,6.00,DStar
1237,3.30,AgentPrefab,Agent,MoveState,Moving,Goal,20.00,0.00,20.00,4.00,0.00,5.14,4.00,0.00,6.00,DStar
1238,3.30,AgentPrefab,Agent,MoveState,Moving,Goal,20.00,0.00,20.00,4.00,0.00,5.14,4.00,0.00,6.00,DStar
1239,3.31,AgentPrefab,Agent,MoveState,Moving,Goal,20.00,0.00,20.00,4.00,0.00,5.15,4.00,0.00,6.00,DStar
1240,3.31,AgentPrefab,Agent,MoveState,Moving,Goal,20.00,0.00,20.00,4.00,0.00,5.15,4.00,0.00,6.00,DStar
1241,3.31,AgentPrefab,Agent,MoveState,Moving,Goal,20.00,0.00,20.00,4.00,0.00,5.16,4.00,0.00,6.00,DStar
1242,3.31,AgentPrefab,Agent,MoveState,Moving,Goal,20.00,0.00,20.00,4.00,0.00,5.16,4.00,0.00,6.00,DStar
1243,3.32,AgentPrefab,Agent,MoveState,Moving,Goal,20.00,0.00,20.00,4.00,0.00,5.16,4.00,0.00,6.00,DStar
1244,3.32,AgentPrefab,Agent,MoveState,Moving,Goal,20.00,0.00,20.00,4.00,0.00,5.17,4.00,0.00,6.00,DStar
1245,3.32,AgentPrefab,Agent,MoveState,Moving,Goal,20.00,0.00,20.00,4.00,0.00,5.17,4.00,0.00,6.00,DStar
1246,3.32,AgentPrefab,Agent,MoveState,Moving,Goal,20.00,0.00,20.00,4.00,0.00,5.18,4.00,0.00,6.00,DStar
1247,3.33,AgentPrefab,Agent,MoveState,Moving,Goal,20.00,0.00,20.00,4.00,0.00,5.18,4.00,0.00,6.00,DStar
1248,3.33,AgentPrefab,Agent,MoveState,Moving,Goal,20.00,0.00,20.00,4.00,0.00,5.19,4.00,0.00,6.00,DStar
1249,3.33,AgentPrefab,Agent,MoveState,Moving,Goal,20.00,0.00,20.00,4.00,0.00,5.20,4.00,0.00,6.00,DStar
1250,3.34,AgentPrefab,Agent,MoveState,Moving,Goal,20.00,0.00,20.00,4.00,0.00,5.20,4.00,0.00,6.00,DStar
1251,3.34,AgentPrefab,Agent,MoveState,Moving,Goal,20.00,0.00,20.00,4.00,0.00,5.21,4.00,0.00,6.00,DStar
1252,3.34,AgentPrefab,Agent,MoveState,Moving,Goal,20.00,0.00,20.00,4.00,0.00,5.22,4.00,0.00,6.00,DStar
1253,3.35,AgentPrefab,Agent,MoveState,Moving,Goal,20.00,0.00,20.00,4.00,0.00,5.22,4.00,0.00,6.00,DStar
1254,3.35,AgentPrefab,Agent,MoveState,Moving,Goal,20.00,0.00,20.00,4.00,0.00,5.23,4.00,0.00,6.00,DStar
1255,3.35,AgentPrefab,Agent,MoveState,Moving,Goal,20.00,0.00,20.00,4.00,0.00,5.23,4.00,0.00,6.00,DStar
1256,3.35,AgentPrefab,Agent,MoveState,Moving,Goal,20.00,0.00,20.00,4.00,0.00,5.24,4.00,0.00,6.00,DStar
1257,3.36,AgentPrefab,Agent,MoveState,Moving,Goal,20.00,0.00,20.00,4.00,0.00,5.24,4.00,0.00,6.00,DStar
1258,3.36,AgentPrefab,Agent,MoveState,Moving,Goal,20.00,0.00,20.00,4.00,0.00,5.25,4.00,0.00,6.00,DStar
1259,3.36,AgentPrefab,Agent,MoveState,Moving,Goal,20.00,0.00,20.00,4.00,0.00,5.25,4.00,0.00,6.00,DStar
1260,3.36,AgentPrefab,Agent,MoveState,Moving,Goal,20.00,0.00,20.00,4.00,0.00,5.26,4.00,0.00,6.00,DStar
1261,3.36,AgentPrefab,Agent,MoveState,Moving,Goal,20.00,0.00,20.00,4.00,0.00,5.26,4.00,0.00,6.00,DStar
1262,3.37,AgentPrefab,Agent,MoveState,Moving,Goal,20.00,0.00,20.00,4.00,0.00,5.27,4.00,0.00,6.00,DStar
1263,3.37,AgentPrefab,Agent,MoveState,Moving,Goal,20.00,0.00,20.00,4.00,0.00,5.27,4.00,0.00,6.00,DStar
1264,3.37,AgentPrefab,Agent,MoveState,Moving,Goal,20.00,0.00,20.00,4.00,0.00,5.28,4.00,0.00,6.00,DStar
1265,3.37,AgentPrefab,Agent,MoveState,Moving,Goal,20.00,0.00,20.00,4.00,0.00,5.28,4.00,0.00,6.00,DStar
1266,3.38,AgentPrefab,Agent,MoveState,Moving,Goal,20.00,0.00,20.00,4.00,0.00,5.29,4.00,0.00,6.00,DStar
1267,3.38,AgentPrefab,Agent,MoveState,Moving,Goal,20.00,0.00,20.00,4.00,0.00,5.29,4.00,0.00,6.00,DStar
1268,3.38,AgentPrefab,Agent,MoveState,Moving,Goal,20.00,0.00,20.00,4.00,0.00,5.30,4.00,0.00,6.00,DStar
1269,3.38,AgentPrefab,Agent,MoveState,Moving,Goal,20.00,0.00,20.00,4.00,0.00,5.30,4.00,0.00,6.00,DStar
1270,3.39,AgentPrefab,Agent,MoveState,Moving,Goal,20.00,0.00,20.00,4.00,0.00,5.31,4.00,0.00,6.00,DStar
1271,3.39,AgentPrefab,Agent,MoveState,Moving,Goal,20.00,0.00,20.00,4.00,0.00,5.31,4.00,0.00,6.00,DStar
1272,3.39,AgentPrefab,Agent,MoveState,Moving,Goal,20.00,0.00,20.00,4.00,0.00,5.32,4.00,0.00,6.00,DStar
1273,3.39,AgentPrefab,Agent,MoveState,Moving,Goal,20.00,0.00,20.00,4.00,0.00,5.32,4.00,0.00,6.00,DStar
1274,3.40,AgentPrefab,Agent,MoveState,Moving,Goal,20.00,0.00,20.00,4.00,0.00,5.33,4.00,0.00,6.00,DStar
1275,3.40,AgentPrefab,Agent,MoveState,Moving,Goal,20.00,0.00,20.00,4.00,0.00,5.33,4.00,0.00,6.00,DStar
1276,3.40,AgentPrefab,Agent,MoveState,Moving,Goal,20.00,0.00,20.00,4.00,0.00,5.34,4.00,0.00,6.00,DStar
1277,3.41,AgentPrefab,Agent,MoveState,Moving,Goal,20.00,0.00,20.00,4.00,0.00,5.34,4.00,0.00,6.00,DStar
1278,3.41,AgentPrefab,Agent,MoveState,Moving,Goal,20.00,0.00,20.00,4.00,0.00,5.35,4.00,0.00,6.00,DStar
1279,3.41,AgentPrefab,Agent,MoveState,Moving,Goal,20.00,0.00,20.00,4.00,0.00,5.36,4.00,0.00,6.00,DStar
1280,3.41,AgentPrefab,Agent,MoveState,Moving,Goal,20.00,0.00,20.00,4.00,0.00,5.36,4.00,0.00,6.00,DStar
1281,3.42,AgentPrefab,Agent,MoveState,Moving,Goal,20.00,0.00,20.00,4.00,0.00,5.36,4.00,0.00,6.00,DStar
1282,3.42,AgentPrefab,Agent,MoveState,Moving,Goal,20.00,0.00,20.00,4.00,0.00,5.37,4.00,0.00,6.00,DStar
1283,3.42,AgentPrefab,Agent,MoveState,Moving,Goal,20.00,0.00,20.00,4.00,0.00,5.37,4.00,0.00,6.00,DStar
1284,3.42,AgentPrefab,Agent,MoveState,Moving,Goal,20.00,0.00,20.00,4.00,0.00,5.38,4.00,0.00,6.00,DStar
1285,3.43,AgentPrefab,Agent,MoveState,Moving,Goal,20.00,0.00,20.00,4.00,0.00,5.38,4.00,0.00,6.00,DStar
1286,3.43,AgentPrefab,Agent,MoveState,Moving,Goal,20.00,0.00,20.00,4.00,0.00,5.39,4.00,0.00,6.00,DStar
1287,3.43,AgentPrefab,Agent,MoveState,Moving,Goal,20.00,0.00,20.00,4.00,0.00,5.39,4.00,0.00,6.00,DStar
1288,3.43,AgentPrefab,Agent,MoveState,Moving,Goal,20.00,0.00,20.00,4.00,0.00,5.40,4.00,0.00,6.00,DStar
1289,3.43,AgentPrefab,Agent,MoveState,Moving,Goal,20.00,0.00,20.00,4.00,0.00,5.40,4.00,0.00,6.00,DStar
1290,3.44,AgentPrefab,Agent,MoveState,Moving,Goal,20.00,0.00,20.00,4.00,0.00,5.41,4.00,0.00,6.00,DStar
1291,3.44,AgentPrefab,Agent,MoveState,Moving,Goal,20.00,0.00,20.00,4.00,0.00,5.42,4.00,0.00,6.00,DStar
1292,3.44,AgentPrefab,Agent,MoveState,Moving,Goal,20.00,0.00,20.00,4.00,0.00,5.42,4.00,0.00,6.00,DStar
1293,3.45,AgentPrefab,Agent,MoveState,Moving,Goal,20.00,0.00,20.00,4.00,0.00,5.43,4.00,0.00,6.00,DStar
1294,3.45,AgentPrefab,Agent,MoveState,Moving,Goal,20.00,0.00,20.00,4.00,0.00,5.43,4.00,0.00,6.00,DStar
1295,3.45,AgentPrefab,Agent,MoveState,Moving,Goal,20.00,0.00,20.00,4.00,0.00,5.44,4.00,0.00,6.00,DStar
1296,3.45,AgentPrefab,Agent,MoveState,Moving,Goal,20.00,0.00,20.00,4.00,0.00,5.44,4.00,0.00,6.00,DStar
1297,3.46,AgentPrefab,Agent,MoveState,Moving,Goal,20.00,0.00,20.00,4.00,0.00,5.45,4.00,0.00,6.00,DStar
1298,3.46,AgentPrefab,Agent,MoveState,Moving,Goal,20.00,0.00,20.00,4.00,0.00,5.45,4.00,0.00,6.00,DStar
1299,3.46,AgentPrefab,Agent,MoveState,Moving,Goal,20.00,0.00,20.00,4.00,0.00,5.46,4.00,0.00,6.00,DStar
1300,3.46,AgentPrefab,Agent,MoveState,Moving,Goal,20.00,0.00,20.00,4.00,0.00,5.46,4.00,0.00,6.00,DStar
1301,3.47,AgentPrefab,Agent,MoveState,Moving,Goal,20.00,0.00,20.00,4.00,0.00,5.47,4.00,0.00,6.00,DStar
1302,3.47,AgentPrefab,Agent,MoveState,Moving,Goal,20.00,0.00,20.00,4.00,0.00,5.47,4.00,0.00,6.00,DStar
1303,3.47,AgentPrefab,Agent,MoveState,Moving,Goal,20.00,0.00,20.00,4.00,0.00,5.48,4.00,0.00,6.00,DStar
1304,3.47,AgentPrefab,Agent,MoveState,Moving,Goal,20.00,0.00,20.00,4.00,0.00,5.48,4.00,0.00,6.00,DStar
1305,3.48,AgentPrefab,Agent,MoveState,Moving,Goal,20.00,0.00,20.00,4.00,0.00,5.49,4.00,0.00,6.00,DStar
1306,3.48,AgentPrefab,Agent,MoveState,Moving,Goal,20.00,0.00,20.00,4.00,0.00,5.49,4.00,0.00,6.00,DStar
1307,3.48,AgentPrefab,Agent,MoveState,Moving,Goal,20.00,0.00,20.00,4.00,0.00,5.50,4.00,0.00,6.00,DStar
1308,3.48,AgentPrefab,Agent,MoveState,Moving,Goal,20.00,0.00,20.00,4.00,0.00,5.50,4.00,0.00,6.00,DStar
1309,3.49,AgentPrefab,Agent,MoveState,Moving,Goal,20.00,0.00,20.00,4.00,0.00,5.51,4.00,0.00,6.00,DStar
1310,3.49,AgentPrefab,Agent,MoveState,Moving,Goal,20.00,0.00,20.00,4.00,0.00,5.51,4.00,0.00,6.00,DStar
1311,3.49,AgentPrefab,Agent,MoveState,Moving,Goal,20.00,0.00,20.00,4.00,0.00,5.52,4.00,0.00,6.00,DStar
1312,3.50,AgentPrefab,Agent,MoveState,Moving,Goal,20.00,0.00,20.00,4.00,0.00,5.52,4.00,0.00,6.00,DStar
1313,3.50,AgentPrefab,Agent,MoveState,Moving,Goal,20.00,0.00,20.00,4.00,0.00,5.53,4.00,0.00,6.00,DStar
1314,3.50,AgentPrefab,Agent,MoveState,Moving,Goal,20.00,0.00,20.00,4.00,0.00,5.53,4.00,0.00,6.00,DStar
1315,3.50,AgentPrefab,Agent,MoveState,Moving,Goal,20.00,0.00,20.00,4.00,0.00,5.54,4.00,0.00,6.00,DStar
1316,3.51,AgentPrefab,Agent,MoveState,Moving,Goal,20.00,0.00,20.00,4.00,0.00,5.54,4.00,0.00,6.00,DStar
1317,3.51,AgentPrefab,Agent,MoveState,Moving,Goal,20.00,0.00,20.00,4.00,0.00,5.55,4.00,0.00,6.00,DStar
1318,3.51,AgentPrefab,Agent,MoveState,Moving,Goal,20.00,0.00,20.00,4.00,0.00,5.55,4.00,0.00,6.00,DStar
1319,3.51,AgentPrefab,Agent,MoveState,Moving,Goal,20.00,0.00,20.00,4.00,0.00,5.56,4.00,0.00,6.00,DStar
1320,3.51,AgentPrefab,Agent,MoveState,Moving,Goal,20.00,0.00,20.00,4.00,0.00,5.56,4.00,0.00,6.00,DStar
1321,3.52,AgentPrefab,Agent,MoveState,Moving,Goal,20.00,0.00,20.00,4.00,0.00,5.57,4.00,0.00,6.00,DStar
1322,3.52,AgentPrefab,Agent,MoveState,Moving,Goal,20.00,0.00,20.00,4.00,0.00,5.57,4.00,0.00,6.00,DStar
1323,3.52,AgentPrefab,Agent,MoveState,Moving,Goal,20.00,0.00,20.00,4.00,0.00,5.58,4.00,0.00,6.00,DStar
1324,3.53,AgentPrefab,Agent,MoveState,Moving,Goal,20.00,0.00,20.00,4.00,0.00,5.58,4.00,0.00,6.00,DStar
1325,3.53,AgentPrefab,Agent,MoveState,Moving,Goal,20.00,0.00,20.00,4.00,0.00,5.59,4.00,0.00,6.00,DStar
1326,3.53,AgentPrefab,Agent,MoveState,Moving,Goal,20.00,0.00,20.00,4.00,0.00,5.59,4.00,0.00,6.00,DStar
1327,3.53,AgentPrefab,Agent,MoveState,Moving,Goal,20.00,0.00,20.00,4.00,0.00,5.60,4.00,0.00,6.00,DStar
1328,3.54,AgentPrefab,Agent,MoveState,Moving,Goal,20.00,0.00,20.00,4.00,0.00,5.60,4.00,0.00,6.00,DStar
1329,3.54,AgentPrefab,Agent,MoveState,Moving,Goal,20.00,0.00,20.00,4.00,0.00,5.61,4.00,0.00,6.00,DStar
1330,3.54,AgentPrefab,Agent,MoveState,Moving,Goal,20.00,0.00,20.00,4.00,0.00,5.61,4.00,0.00,6.00,DStar
1331,3.54,AgentPrefab,Agent,MoveState,Moving,Goal,20.00,0.00,20.00,4.00,0.00,5.62,4.00,0.00,6.00,DStar
1332,3.54,AgentPrefab,Agent,MoveState,Moving,Goal,20.00,0.00,20.00,4.00,0.00,5.62,4.00,0.00,6.00,DStar
1333,3.55,AgentPrefab,Agent,MoveState,Moving,Goal,20.00,0.00,20.00,4.00,0.00,5.63,4.00,0.00,6.00,DStar
1334,3.55,AgentPrefab,Agent,MoveState,Moving,Goal,20.00,0.00,20.00,4.00,0.00,5.63,4.00,0.00,6.00,DStar
1335,3.55,AgentPrefab,Agent,MoveState,Moving,Goal,20.00,0.00,20.00,4.00,0.00,5.64,4.00,0.00,6.00,DStar
1336,3.55,AgentPrefab,Agent,MoveState,Moving,Goal,20.00,0.00,20.00,4.00,0.00,5.64,4.00,0.00,6.00,DStar
1337,3.56,AgentPrefab,Agent,MoveState,Moving,Goal,20.00,0.00,20.00,4.00,0.00,5.65,4.00,0.00,6.00,DStar
1338,3.56,AgentPrefab,Agent,MoveState,Moving,Goal,20.00,0.00,20.00,4.00,0.00,5.65,4.00,0.00,6.00,DStar
1339,3.56,AgentPrefab,Agent,MoveState,Moving,Goal,20.00,0.00,20.00,4.00,0.00,5.66,4.00,0.00,6.00,DStar
1340,3.56,AgentPrefab,Agent,MoveState,Moving,Goal,20.00,0.00,20.00,4.00,0.00,5.66,4.00,0.00,6.00,DStar
1341,3.57,AgentPrefab,Agent,MoveState,Moving,Goal,20.00,0.00,20.00,4.00,0.00,5.67,4.00,0.00,6.00,DStar
1342,3.57,AgentPrefab,Agent,MoveState,Moving,Goal,20.00,0.00,20.00,4.00,0.00,5.67,4.00,0.00,6.00,DStar
1343,3.57,AgentPrefab,Agent,MoveState,Moving,Goal,20.00,0.00,20.00,4.00,0.00,5.68,4.00,0.00,6.00,DStar
1344,3.58,AgentPrefab,Agent,MoveState,Moving,Goal,20.00,0.00,20.00,4.00,0.00,5.68,4.00,0.00,6.00,DStar
1345,3.58,AgentPrefab,Agent,MoveState,Moving,Goal,20.00,0.00,20.00,4.00,0.00,5.69,4.00,0.00,6.00,DStar
1346,3.58,AgentPrefab,Agent,MoveState,Moving,Goal,20.00,0.00,20.00,4.00,0.00,5.69,4.00,0.00,6.00,DStar
1347,3.58,AgentPrefab,Agent,MoveState,Moving,Goal,20.00,0.00,20.00,4.00,0.00,5.70,4.00,0.00,6.00,DStar
1348,3.59,AgentPrefab,Agent,MoveState,Moving,Goal,20.00,0.00,20.00,4.00,0.00,5.71,4.00,0.00,6.00,DStar
1349,3.59,AgentPrefab,Agent,MoveState,Moving,Goal,20.00,0.00,20.00,4.00,0.00,5.71,4.00,0.00,6.00,DStar
1350,3.59,AgentPrefab,Agent,MoveState,Moving,Goal,20.00,0.00,20.00,4.00,0.00,5.72,4.00,0.00,6.00,DStar
1351,3.59,AgentPrefab,Agent,MoveState,Moving,Goal,20.00,0.00,20.00,4.00,0.00,5.72,4.00,0.00,6.00,DStar
1352,3.60,AgentPrefab,Agent,MoveState,Moving,Goal,20.00,0.00,20.00,4.00,0.00,5.73,4.00,0.00,6.00,DStar
1353,3.60,AgentPrefab,Agent,MoveState,Moving,Goal,20.00,0.00,20.00,4.00,0.00,5.73,4.00,0.00,6.00,DStar
1354,3.60,AgentPrefab,Agent,MoveState,Moving,Goal,20.00,0.00,20.00,4.00,0.00,5.74,4.00,0.00,6.00,DStar
1355,3.60,AgentPrefab,Agent,MoveState,Moving,Goal,20.00,0.00,20.00,4.00,0.00,5.74,4.00,0.00,6.00,DStar
1356,3.61,AgentPrefab,Agent,MoveState,Moving,Goal,20.00,0.00,20.00,4.00,0.00,5.75,4.00,0.00,6.00,DStar
1357,3.61,AgentPrefab,Agent,MoveState,Moving,Goal,20.00,0.00,20.00,4.00,0.00,5.75,4.00,0.00,6.00,DStar
1358,3.61,AgentPrefab,Agent,MoveState,Moving,Goal,20.00,0.00,20.00,4.00,0.00,5.76,4.00,0.00,6.00,DStar
1359,3.61,AgentPrefab,Agent,MoveState,Moving,Goal,20.00,0.00,20.00,4.00,0.00,5.76,4.00,0.00,6.00,DStar
1360,3.62,AgentPrefab,Agent,MoveState,Moving,Goal,20.00,0.00,20.00,4.00,0.00,5.77,4.00,0.00,6.00,DStar
1361,3.62,AgentPrefab,Agent,MoveState,Moving,Goal,20.00,0.00,20.00,4.00,0.00,5.77,4.00,0.00,6.00,DStar
1362,3.62,AgentPrefab,Agent,MoveState,Moving,Goal,20.00,0.00,20.00,4.00,0.00,5.77,4.00,0.00,6.00,DStar
1363,3.62,AgentPrefab,Agent,MoveState,Moving,Goal,20.00,0.00,20.00,4.00,0.00,5.78,4.00,0.00,6.00,DStar
1364,3.63,AgentPrefab,Agent,MoveState,Moving,Goal,20.00,0.00,20.00,4.00,0.00,5.79,4.00,0.00,6.00,DStar
1365,3.63,AgentPrefab,Agent,MoveState,Moving,Goal,20.00,0.00,20.00,4.00,0.00,5.79,4.00,0.00,6.00,DStar
1366,3.63,AgentPrefab,Agent,MoveState,Moving,Goal,20.00,0.00,20.00,4.00,0.00,5.79,4.00,0.00,6.00,DStar
1367,3.63,AgentPrefab,Agent,MoveState,Moving,Goal,20.00,0.00,20.00,4.00,0.00,5.80,4.00,0.00,6.00,DStar
1368,3.63,AgentPrefab,Agent,MoveState,Moving,Goal,20.00,0.00,20.00,4.00,0.00,5.80,4.00,0.00,6.00,DStar
1369,3.64,AgentPrefab,Agent,MoveState,Moving,Goal,20.00,0.00,20.00,4.00,0.00,5.81,4.00,0.00,6.00,DStar
1370,3.64,AgentPrefab,Agent,MoveState,Moving,Goal,20.00,0.00,20.00,4.00,0.00,5.82,4.00,0.00,6.00,DStar
1371,3.64,AgentPrefab,Agent,MoveState,Moving,Goal,20.00,0.00,20.00,4.00,0.00,5.82,4.00,0.00,6.00,DStar
1372,3.65,AgentPrefab,Agent,MoveState,Moving,Goal,20.00,0.00,20.00,4.00,0.00,5.83,4.00,0.00,6.00,DStar
1373,3.65,AgentPrefab,Agent,MoveState,Moving,Goal,20.00,0.00,20.00,4.00,0.00,5.83,4.00,0.00,6.00,DStar
1374,3.65,AgentPrefab,Agent,MoveState,Moving,Goal,20.00,0.00,20.00,4.00,0.00,5.83,4.00,0.00,6.00,DStar
1375,3.65,AgentPrefab,Agent,MoveState,Moving,Goal,20.00,0.00,20.00,4.00,0.00,5.84,4.00,0.00,6.00,DStar
1376,3.66,AgentPrefab,Agent,MoveState,Moving,Goal,20.00,0.00,20.00,4.00,0.00,5.85,4.00,0.00,6.00,DStar
1377,3.66,AgentPrefab,Agent,MoveState,Moving,Goal,20.00,0.00,20.00,4.00,0.00,5.85,4.00,0.00,6.00,DStar
1378,3.66,AgentPrefab,Agent,MoveState,Moving,Goal,20.00,0.00,20.00,4.00,0.00,5.86,4.00,0.00,6.00,DStar
1379,3.66,AgentPrefab,Agent,MoveState,Moving,Goal,20.00,0.00,20.00,4.00,0.00,5.86,4.00,0.00,6.00,DStar
1380,3.67,AgentPrefab,Agent,MoveState,Moving,Goal,20.00,0.00,20.00,4.00,0.00,5.87,4.00,0.00,6.00,DStar
1381,3.67,AgentPrefab,Agent,MoveState,Moving,Goal,20.00,0.00,20.00,4.00,0.00,5.87,4.00,0.00,6.00,DStar
1382,3.67,AgentPrefab,Agent,MoveState,Moving,Goal,20.00,0.00,20.00,4.00,0.00,5.88,4.00,0.00,6.00,DStar
1383,3.67,AgentPrefab,Agent,MoveState,Moving,Goal,20.00,0.00,20.00,4.00,0.00,5.88,4.00,0.00,6.00,DStar
1384,3.68,AgentPrefab,Agent,MoveState,Moving,Goal,20.00,0.00,20.00,4.00,0.00,5.89,4.00,0.00,6.00,DStar
1385,3.68,AgentPrefab,Agent,MoveState,Moving,Goal,20.00,0.00,20.00,4.00,0.00,5.89,4.00,0.00,6.00,DStar
1386,3.68,AgentPrefab,Agent,MoveState,Moving,Goal,20.00,0.00,20.00,4.00,0.00,5.90,4.00,0.00,6.00,DStar
1387,3.68,AgentPrefab,Agent,MoveState,Moving,Goal,20.00,0.00,20.00,4.00,0.00,5.90,4.00,0.00,6.00,DStar
1388,3.69,AgentPrefab,Agent,MoveState,Moving,Goal,20.00,0.00,20.00,4.00,0.00,5.91,4.00,0.00,6.00,DStar
1389,3.69,AgentPrefab,Agent,MoveState,Moving,Goal,20.00,0.00,20.00,4.00,0.00,5.91,4.00,0.00,6.00,DStar
1390,3.69,AgentPrefab,Agent,MoveState,Moving,Goal,20.00,0.00,20.00,4.00,0.00,5.92,4.00,0.00,6.00,DStar
1391,3.70,AgentPrefab,Agent,MoveState,Moving,Goal,20.00,0.00,20.00,4.00,0.00,5.92,4.00,0.00,6.00,DStar
1392,3.70,AgentPrefab,Agent,MoveState,Moving,Goal,20.00,0.00,20.00,4.00,0.00,5.93,4.00,0.00,6.00,DStar
1393,3.70,AgentPrefab,Agent,MoveState,Moving,Goal,20.00,0.00,20.00,4.00,0.00,5.93,4.00,0.00,6.00,DStar
1394,3.70,AgentPrefab,Agent,MoveState,Moving,Goal,20.00,0.00,20.00,4.00,0.00,5.94,4.00,0.00,6.00,DStar
1395,3.71,AgentPrefab,Agent,MoveState,Moving,Goal,20.00,0.00,20.00,4.00,0.00,5.94,4.00,0.00,6.00,DStar
1396,3.71,AgentPrefab,Agent,MoveState,Moving,Goal,20.00,0.00,20.00,4.00,0.00,5.95,4.00,0.00,6.00,DStar
1397,3.71,AgentPrefab,Agent,MoveState,Moving,Goal,20.00,0.00,20.00,4.00,0.00,6.00,4.00,0.00,7.00,DStar
1398,3.71,AgentPrefab,Agent,MoveState,Moving,Goal,20.00,0.00,20.00,4.00,0.00,6.00,4.00,0.00,7.00,DStar
1399,3.71,AgentPrefab,Agent,MoveState,Moving,Goal,20.00,0.00,20.00,4.00,0.00,6.01,4.00,0.00,7.00,DStar
1400,3.72,AgentPrefab,Agent,MoveState,Moving,Goal,20.00,0.00,20.00,4.00,0.00,6.01,4.00,0.00,7.00,DStar
1401,3.72,AgentPrefab,Agent,MoveState,Moving,Goal,20.00,0.00,20.00,4.00,0.00,6.02,4.00,0.00,7.00,DStar
1402,3.72,AgentPrefab,Agent,MoveState,Moving,Goal,20.00,0.00,20.00,4.00,0.00,6.02,4.00,0.00,7.00,DStar
1403,3.73,AgentPrefab,Agent,MoveState,Moving,Goal,20.00,0.00,20.00,4.00,0.00,6.03,4.00,0.00,7.00,DStar
1404,3.73,AgentPrefab,Agent,MoveState,Moving,Goal,20.00,0.00,20.00,4.00,0.00,6.04,4.00,0.00,7.00,DStar
1405,3.73,AgentPrefab,Agent,MoveState,Moving,Goal,20.00,0.00,20.00,4.00,0.00,6.04,4.00,0.00,7.00,DStar
1406,3.73,AgentPrefab,Agent,MoveState,Moving,Goal,20.00,0.00,20.00,4.00,0.00,6.05,4.00,0.00,7.00,DStar
1407,3.74,AgentPrefab,Agent,MoveState,Moving,Goal,20.00,0.00,20.00,4.00,0.00,6.05,4.00,0.00,7.00,DStar
1408,3.74,AgentPrefab,Agent,MoveState,Moving,Goal,20.00,0.00,20.00,4.00,0.00,6.06,4.00,0.00,7.00,DStar
1409,3.74,AgentPrefab,Agent,MoveState,Moving,Goal,20.00,0.00,20.00,4.00,0.00,6.06,4.00,0.00,7.00,DStar
1410,3.74,AgentPrefab,Agent,MoveState,Moving,Goal,20.00,0.00,20.00,4.00,0.00,6.07,4.00,0.00,7.00,DStar
1411,3.75,AgentPrefab,Agent,MoveState,Moving,Goal,20.00,0.00,20.00,4.00,0.00,6.07,4.00,0.00,7.00,DStar
1412,3.75,AgentPrefab,Agent,MoveState,Moving,Goal,20.00,0.00,20.00,4.00,0.00,6.08,4.00,0.00,7.00,DStar
1413,3.75,AgentPrefab,Agent,MoveState,Moving,Goal,20.00,0.00,20.00,4.00,0.00,6.08,4.00,0.00,7.00,DStar
1414,3.75,AgentPrefab,Agent,MoveState,Moving,Goal,20.00,0.00,20.00,4.00,0.00,6.09,4.00,0.00,7.00,DStar
1415,3.76,AgentPrefab,Agent,MoveState,Moving,Goal,20.00,0.00,20.00,4.00,0.00,6.09,4.00,0.00,7.00,DStar
1416,3.76,AgentPrefab,Agent,MoveState,Moving,Goal,20.00,0.00,20.00,4.00,0.00,6.10,4.00,0.00,7.00,DStar
1417,3.76,AgentPrefab,Agent,MoveState,Moving,Goal,20.00,0.00,20.00,4.00,0.00,6.10,4.00,0.00,7.00,DStar
1418,3.76,AgentPrefab,Agent,MoveState,Moving,Goal,20.00,0.00,20.00,4.00,0.00,6.11,4.00,0.00,7.00,DStar
1419,3.77,AgentPrefab,Agent,MoveState,Moving,Goal,20.00,0.00,20.00,4.00,0.00,6.11,4.00,0.00,7.00,DStar
1420,3.77,AgentPrefab,Agent,MoveState,Moving,Goal,20.00,0.00,20.00,4.00,0.00,6.12,4.00,0.00,7.00,DStar
1421,3.77,AgentPrefab,Agent,MoveState,Moving,Goal,20.00,0.00,20.00,4.00,0.00,6.12,4.00,0.00,7.00,DStar
1422,3.78,AgentPrefab,Agent,MoveState,Moving,Goal,20.00,0.00,20.00,4.00,0.00,6.13,4.00,0.00,7.00,DStar
1423,3.78,AgentPrefab,Agent,MoveState,Moving,Goal,20.00,0.00,20.00,4.00,0.00,6.14,4.00,0.00,7.00,DStar
1424,3.78,AgentPrefab,Agent,MoveState,Moving,Goal,20.00,0.00,20.00,4.00,0.00,6.14,4.00,0.00,7.00,DStar
1425,3.78,AgentPrefab,Agent,MoveState,Moving,Goal,20.00,0.00,20.00,4.00,0.00,6.15,4.00,0.00,7.00,DStar
1426,3.79,AgentPrefab,Agent,MoveState,Moving,Goal,20.00,0.00,20.00,4.00,0.00,6.15,4.00,0.00,7.00,DStar
1427,3.79,AgentPrefab,Agent,MoveState,Moving,Goal,20.00,0.00,20.00,4.00,0.00,6.15,4.00,0.00,7.00,DStar
1428,3.79,AgentPrefab,Agent,MoveState,Moving,Goal,20.00,0.00,20.00,4.00,0.00,6.16,4.00,0.00,7.00,DStar
1429,3.79,AgentPrefab,Agent,MoveState,Moving,Goal,20.00,0.00,20.00,4.00,0.00,6.17,4.00,0.00,7.00,DStar
1430,3.80,AgentPrefab,Agent,MoveState,Moving,Goal,20.00,0.00,20.00,4.00,0.00,6.17,4.00,0.00,7.00,DStar
1431,3.80,AgentPrefab,Agent,MoveState,Moving,Goal,20.00,0.00,20.00,4.00,0.00,6.17,4.00,0.00,7.00,DStar
1432,3.80,AgentPrefab,Agent,MoveState,Moving,Goal,20.00,0.00,20.00,4.00,0.00,6.18,4.00,0.00,7.00,DStar
1433,3.80,AgentPrefab,Agent,MoveState,Moving,Goal,20.00,0.00,20.00,4.00,0.00,6.18,4.00,0.00,7.00,DStar
1434,3.81,AgentPrefab,Agent,MoveState,Moving,Goal,20.00,0.00,20.00,4.00,0.00,6.19,4.00,0.00,7.00,DStar
1435,3.81,AgentPrefab,Agent,MoveState,Moving,Goal,20.00,0.00,20.00,4.00,0.00,6.19,4.00,0.00,7.00,DStar
1436,3.81,AgentPrefab,Agent,MoveState,Moving,Goal,20.00,0.00,20.00,4.00,0.00,6.20,4.00,0.00,7.00,DStar
1437,3.81,AgentPrefab,Agent,MoveState,Moving,Goal,20.00,0.00,20.00,4.00,0.00,6.20,4.00,0.00,7.00,DStar
1438,3.81,AgentPrefab,Agent,MoveState,Moving,Goal,20.00,0.00,20.00,4.00,0.00,6.21,4.00,0.00,7.00,DStar
1439,3.82,AgentPrefab,Agent,MoveState,Moving,Goal,20.00,0.00,20.00,4.00,0.00,6.21,4.00,0.00,7.00,DStar
1440,3.82,AgentPrefab,Agent,MoveState,Moving,Goal,20.00,0.00,20.00,4.00,0.00,6.22,4.00,0.00,7.00,DStar
1441,3.82,AgentPrefab,Agent,MoveState,Moving,Goal,20.00,0.00,20.00,4.00,0.00,6.23,4.00,0.00,7.00,DStar
1442,3.83,AgentPrefab,Agent,MoveState,Moving,Goal,20.00,0.00,20.00,4.00,0.00,6.23,4.00,0.00,7.00,DStar
1443,3.83,AgentPrefab,Agent,MoveState,Moving,Goal,20.00,0.00,20.00,4.00,0.00,6.24,4.00,0.00,7.00,DStar
1444,3.83,AgentPrefab,Agent,MoveState,Moving,Goal,20.00,0.00,20.00,4.00,0.00,6.24,4.00,0.00,7.00,DStar
1445,3.84,AgentPrefab,Agent,MoveState,Moving,Goal,20.00,0.00,20.00,4.00,0.00,6.25,4.00,0.00,7.00,DStar
1446,3.84,AgentPrefab,Agent,MoveState,Moving,Goal,20.00,0.00,20.00,4.00,0.00,6.25,4.00,0.00,7.00,DStar
1447,3.84,AgentPrefab,Agent,MoveState,Moving,Goal,20.00,0.00,20.00,4.00,0.00,6.27,4.00,0.00,7.00,DStar
1448,3.85,AgentPrefab,Agent,MoveState,Moving,Goal,20.00,0.00,20.00,4.00,0.00,6.27,4.00,0.00,7.00,DStar
1449,3.85,AgentPrefab,Agent,MoveState,Moving,Goal,20.00,0.00,20.00,4.00,0.00,6.28,4.00,0.00,7.00,DStar
1450,3.85,AgentPrefab,Agent,MoveState,Moving,Goal,20.00,0.00,20.00,4.00,0.00,6.28,4.00,0.00,7.00,DStar
1451,3.85,AgentPrefab,Agent,MoveState,Moving,Goal,20.00,0.00,20.00,4.00,0.00,6.28,4.00,0.00,7.00,DStar
1452,3.86,AgentPrefab,Agent,MoveState,Moving,Goal,20.00,0.00,20.00,4.00,0.00,6.29,4.00,0.00,7.00,DStar
1453,3.86,AgentPrefab,Agent,MoveState,Moving,Goal,20.00,0.00,20.00,4.00,0.00,6.30,4.00,0.00,7.00,DStar
1454,3.86,AgentPrefab,Agent,MoveState,Moving,Goal,20.00,0.00,20.00,4.00,0.00,6.30,4.00,0.00,7.00,DStar
1455,3.86,AgentPrefab,Agent,MoveState,Moving,Goal,20.00,0.00,20.00,4.00,0.00,6.31,4.00,0.00,7.00,DStar
1456,3.87,AgentPrefab,Agent,MoveState,Moving,Goal,20.00,0.00,20.00,4.00,0.00,6.31,4.00,0.00,7.00,DStar
1457,3.87,AgentPrefab,Agent,MoveState,Moving,Goal,20.00,0.00,20.00,4.00,0.00,6.31,4.00,0.00,7.00,DStar
1458,3.87,AgentPrefab,Agent,MoveState,Moving,Goal,20.00,0.00,20.00,4.00,0.00,6.32,4.00,0.00,7.00,DStar
1459,3.87,AgentPrefab,Agent,MoveState,Moving,Goal,20.00,0.00,20.00,4.00,0.00,6.32,4.00,0.00,7.00,DStar
1460,3.88,AgentPrefab,Agent,MoveState,Moving,Goal,20.00,0.00,20.00,4.00,0.00,6.33,4.00,0.00,7.00,DStar
1461,3.88,AgentPrefab,Agent,MoveState,Moving,Goal,20.00,0.00,20.00,4.00,0.00,6.33,4.00,0.00,7.00,DStar
1462,3.88,AgentPrefab,Agent,MoveState,Moving,Goal,20.00,0.00,20.00,4.00,0.00,6.34,4.00,0.00,7.00,DStar
1463,3.88,AgentPrefab,Agent,MoveState,Moving,Goal,20.00,0.00,20.00,4.00,0.00,6.34,4.00,0.00,7.00,DStar
1464,3.88,AgentPrefab,Agent,MoveState,Moving,Goal,20.00,0.00,20.00,4.00,0.00,6.35,4.00,0.00,7.00,DStar
1465,3.89,AgentPrefab,Agent,MoveState,Moving,Goal,20.00,0.00,20.00,4.00,0.00,6.35,4.00,0.00,7.00,DStar
1466,3.89,AgentPrefab,Agent,MoveState,Moving,Goal,20.00,0.00,20.00,4.00,0.00,6.36,4.00,0.00,7.00,DStar
1467,3.89,AgentPrefab,Agent,MoveState,Moving,Goal,20.00,0.00,20.00,4.00,0.00,6.36,4.00,0.00,7.00,DStar
1468,3.90,AgentPrefab,Agent,MoveState,Moving,Goal,20.00,0.00,20.00,4.00,0.00,6.37,4.00,0.00,7.00,DStar
1469,3.90,AgentPrefab,Agent,MoveState,Moving,Goal,20.00,0.00,20.00,4.00,0.00,6.37,4.00,0.00,7.00,DStar
1470,3.90,AgentPrefab,Agent,MoveState,Moving,Goal,20.00,0.00,20.00,4.00,0.00,6.38,4.00,0.00,7.00,DStar
1471,3.90,AgentPrefab,Agent,MoveState,Moving,Goal,20.00,0.00,20.00,4.00,0.00,6.38,4.00,0.00,7.00,DStar
1472,3.91,AgentPrefab,Agent,MoveState,Moving,Goal,20.00,0.00,20.00,4.00,0.00,6.39,4.00,0.00,7.00,DStar
1473,3.91,AgentPrefab,Agent,MoveState,Moving,Goal,20.00,0.00,20.00,4.00,0.00,6.40,4.00,0.00,7.00,DStar
1474,3.91,AgentPrefab,Agent,MoveState,Moving,Goal,20.00,0.00,20.00,4.00,0.00,6.40,4.00,0.00,7.00,DStar
1475,3.91,AgentPrefab,Agent,MoveState,Moving,Goal,20.00,0.00,20.00,4.00,0.00,6.41,4.00,0.00,7.00,DStar
1476,3.92,AgentPrefab,Agent,MoveState,Moving,Goal,20.00,0.00,20.00,4.00,0.00,6.41,4.00,0.00,7.00,DStar
1477,3.92,AgentPrefab,Agent,MoveState,Moving,Goal,20.00,0.00,20.00,4.00,0.00,6.42,4.00,0.00,7.00,DStar
1478,3.92,AgentPrefab,Agent,MoveState,Moving,Goal,20.00,0.00,20.00,4.00,0.00,6.42,4.00,0.00,7.00,DStar
1479,3.92,AgentPrefab,Agent,MoveState,Moving,Goal,20.00,0.00,20.00,4.00,0.00,6.43,4.00,0.00,7.00,DStar
1480,3.93,AgentPrefab,Agent,MoveState,Moving,Goal,20.00,0.00,20.00,4.00,0.00,6.43,4.00,0.00,7.00,DStar
1481,3.93,AgentPrefab,Agent,MoveState,Moving,Goal,20.00,0.00,20.00,4.00,0.00,6.44,4.00,0.00,7.00,DStar
1482,3.93,AgentPrefab,Agent,MoveState,Moving,Goal,20.00,0.00,20.00,4.00,0.00,6.44,4.00,0.00,7.00,DStar
1483,3.93,AgentPrefab,Agent,MoveState,Moving,Goal,20.00,0.00,20.00,4.00,0.00,6.45,4.00,0.00,7.00,DStar
1484,3.94,AgentPrefab,Agent,MoveState,Moving,Goal,20.00,0.00,20.00,4.00,0.00,6.45,4.00,0.00,7.00,DStar
1485,3.94,AgentPrefab,Agent,MoveState,Moving,Goal,20.00,0.00,20.00,4.00,0.00,6.46,4.00,0.00,7.00,DStar
1486,3.94,AgentPrefab,Agent,MoveState,Moving,Goal,20.00,0.00,20.00,4.00,0.00,6.46,4.00,0.00,7.00,DStar
1487,3.94,AgentPrefab,Agent,MoveState,Moving,Goal,20.00,0.00,20.00,4.00,0.00,6.47,4.00,0.00,7.00,DStar
1488,3.95,AgentPrefab,Agent,MoveState,Moving,Goal,20.00,0.00,20.00,4.00,0.00,6.47,4.00,0.00,7.00,DStar
1489,3.95,AgentPrefab,Agent,MoveState,Moving,Goal,20.00,0.00,20.00,4.00,0.00,6.48,4.00,0.00,7.00,DStar
1490,3.95,AgentPrefab,Agent,MoveState,Moving,Goal,20.00,0.00,20.00,4.00,0.00,6.48,4.00,0.00,7.00,DStar
1491,3.95,AgentPrefab,Agent,MoveState,Moving,Goal,20.00,0.00,20.00,4.00,0.00,6.49,4.00,0.00,7.00,DStar
1492,3.96,AgentPrefab,Agent,MoveState,Moving,Goal,20.00,0.00,20.00,4.00,0.00,6.49,4.00,0.00,7.00,DStar
1493,3.96,AgentPrefab,Agent,MoveState,Moving,Goal,20.00,0.00,20.00,4.00,0.00,6.50,4.00,0.00,7.00,DStar
1494,3.96,AgentPrefab,Agent,MoveState,Moving,Goal,20.00,0.00,20.00,4.00,0.00,6.50,4.00,0.00,7.00,DStar
1495,3.96,AgentPrefab,Agent,MoveState,Moving,Goal,20.00,0.00,20.00,4.00,0.00,6.51,4.00,0.00,7.00,DStar
1496,3.97,AgentPrefab,Agent,MoveState,Moving,Goal,20.00,0.00,20.00,4.00,0.00,6.51,4.00,0.00,7.00,DStar
1497,3.97,AgentPrefab,Agent,MoveState,Moving,Goal,20.00,0.00,20.00,4.00,0.00,6.51,4.00,0.00,7.00,DStar
1498,3.97,AgentPrefab,Agent,MoveState,Moving,Goal,20.00,0.00,20.00,4.00,0.00,6.52,4.00,0.00,7.00,DStar
1499,3.97,AgentPrefab,Agent,MoveState,Moving,Goal,20.00,0.00,20.00,4.00,0.00,6.52,4.00,0.00,7.00,DStar
1500,3.98,AgentPrefab,Agent,MoveState,Moving,Goal,20.00,0.00,20.00,4.00,0.00,6.53,4.00,0.00,7.00,DStar
1501,3.98,AgentPrefab,Agent,MoveState,Moving,Goal,20.00,0.00,20.00,4.00,0.00,6.53,4.00,0.00,7.00,DStar
1502,3.98,AgentPrefab,Agent,MoveState,Moving,Goal,20.00,0.00,20.00,4.00,0.00,6.54,4.00,0.00,7.00,DStar
1503,3.98,AgentPrefab,Agent,MoveState,Moving,Goal,20.00,0.00,20.00,4.00,0.00,6.54,4.00,0.00,7.00,DStar
1504,3.99,AgentPrefab,Agent,MoveState,Moving,Goal,20.00,0.00,20.00,4.00,0.00,6.55,4.00,0.00,7.00,DStar
1505,3.99,AgentPrefab,Agent,MoveState,Moving,Goal,20.00,0.00,20.00,4.00,0.00,6.56,4.00,0.00,7.00,DStar
1506,3.99,AgentPrefab,Agent,MoveState,Moving,Goal,20.00,0.00,20.00,4.00,0.00,6.56,4.00,0.00,7.00,DStar
1507,3.99,AgentPrefab,Agent,MoveState,Moving,Goal,20.00,0.00,20.00,4.00,0.00,6.57,4.00,0.00,7.00,DStar
1508,4.00,AgentPrefab,Agent,MoveState,Moving,Goal,20.00,0.00,20.00,4.00,0.00,6.57,4.00,0.00,7.00,DStar
1509,4.00,AgentPrefab,Agent,MoveState,Moving,Goal,20.00,0.00,20.00,4.00,0.00,6.58,4.00,0.00,7.00,DStar
1510,4.00,AgentPrefab,Agent,MoveState,Moving,Goal,20.00,0.00,20.00,4.00,0.00,6.58,4.00,0.00,7.00,DStar
1511,4.00,AgentPrefab,Agent,MoveState,Moving,Goal,20.00,0.00,20.00,4.00,0.00,6.59,4.00,0.00,7.00,DStar
1512,4.01,AgentPrefab,Agent,MoveState,Moving,Goal,20.00,0.00,20.00,4.00,0.00,6.59,4.00,0.00,7.00,DStar
1513,4.01,AgentPrefab,Agent,MoveState,Moving,Goal,20.00,0.00,20.00,4.00,0.00,6.60,4.00,0.00,7.00,DStar
1514,4.01,AgentPrefab,Agent,MoveState,Moving,Goal,20.00,0.00,20.00,4.00,0.00,6.60,4.00,0.00,7.00,DStar
1515,4.01,AgentPrefab,Agent,MoveState,Moving,Goal,20.00,0.00,20.00,4.00,0.00,6.60,4.00,0.00,7.00,DStar
1516,4.02,AgentPrefab,Agent,MoveState,Moving,Goal,20.00,0.00,20.00,4.00,0.00,6.61,4.00,0.00,7.00,DStar
1517,4.02,AgentPrefab,Agent,MoveState,Moving,Goal,20.00,0.00,20.00,4.00,0.00,6.61,4.00,0.00,7.00,DStar
1518,4.02,AgentPrefab,Agent,MoveState,Moving,Goal,20.00,0.00,20.00,4.00,0.00,6.62,4.00,0.00,7.00,DStar
1519,4.02,AgentPrefab,Agent,MoveState,Moving,Goal,20.00,0.00,20.00,4.00,0.00,6.62,4.00,0.00,7.00,DStar
1520,4.03,AgentPrefab,Agent,MoveState,Moving,Goal,20.00,0.00,20.00,4.00,0.00,6.63,4.00,0.00,7.00,DStar
1521,4.03,AgentPrefab,Agent,MoveState,Moving,Goal,20.00,0.00,20.00,4.00,0.00,6.64,4.00,0.00,7.00,DStar
1522,4.03,AgentPrefab,Agent,MoveState,Moving,Goal,20.00,0.00,20.00,4.00,0.00,6.64,4.00,0.00,7.00,DStar
1523,4.03,AgentPrefab,Agent,MoveState,Moving,Goal,20.00,0.00,20.00,4.00,0.00,6.65,4.00,0.00,7.00,DStar
1524,4.04,AgentPrefab,Agent,MoveState,Moving,Goal,20.00,0.00,20.00,4.00,0.00,6.65,4.00,0.00,7.00,DStar
1525,4.04,AgentPrefab,Agent,MoveState,Moving,Goal,20.00,0.00,20.00,4.00,0.00,6.66,4.00,0.00,7.00,DStar
1526,4.04,AgentPrefab,Agent,MoveState,Moving,Goal,20.00,0.00,20.00,4.00,0.00,6.67,4.00,0.00,7.00,DStar
1527,4.05,AgentPrefab,Agent,MoveState,Moving,Goal,20.00,0.00,20.00,4.00,0.00,6.67,4.00,0.00,7.00,DStar
1528,4.05,AgentPrefab,Agent,MoveState,Moving,Goal,20.00,0.00,20.00,4.00,0.00,6.68,4.00,0.00,7.00,DStar
1529,4.05,AgentPrefab,Agent,MoveState,Moving,Goal,20.00,0.00,20.00,4.00,0.00,6.68,4.00,0.00,7.00,DStar
1530,4.05,AgentPrefab,Agent,MoveState,Moving,Goal,20.00,0.00,20.00,4.00,0.00,6.69,4.00,0.00,7.00,DStar
1531,4.06,AgentPrefab,Agent,MoveState,Moving,Goal,20.00,0.00,20.00,4.00,0.00,6.69,4.00,0.00,7.00,DStar
1532,4.06,AgentPrefab,Agent,MoveState,Moving,Goal,20.00,0.00,20.00,4.00,0.00,6.70,4.00,0.00,7.00,DStar
1533,4.06,AgentPrefab,Agent,MoveState,Moving,Goal,20.00,0.00,20.00,4.00,0.00,6.70,4.00,0.00,7.00,DStar
1534,4.06,AgentPrefab,Agent,MoveState,Moving,Goal,20.00,0.00,20.00,4.00,0.00,6.71,4.00,0.00,7.00,DStar
1535,4.07,AgentPrefab,Agent,MoveState,Moving,Goal,20.00,0.00,20.00,4.00,0.00,6.71,4.00,0.00,7.00,DStar
1536,4.07,AgentPrefab,Agent,MoveState,Moving,Goal,20.00,0.00,20.00,4.00,0.00,6.71,4.00,0.00,7.00,DStar
1537,4.07,AgentPrefab,Agent,MoveState,Moving,Goal,20.00,0.00,20.00,4.00,0.00,6.72,4.00,0.00,7.00,DStar
1538,4.07,AgentPrefab,Agent,MoveState,Moving,Goal,20.00,0.00,20.00,4.00,0.00,6.73,4.00,0.00,7.00,DStar
1539,4.08,AgentPrefab,Agent,MoveState,Moving,Goal,20.00,0.00,20.00,4.00,0.00,6.73,4.00,0.00,7.00,DStar
1540,4.08,AgentPrefab,Agent,MoveState,Moving,Goal,20.00,0.00,20.00,4.00,0.00,6.74,4.00,0.00,7.00,DStar
1541,4.08,AgentPrefab,Agent,MoveState,Moving,Goal,20.00,0.00,20.00,4.00,0.00,6.74,4.00,0.00,7.00,DStar
1542,4.08,AgentPrefab,Agent,MoveState,Moving,Goal,20.00,0.00,20.00,4.00,0.00,6.75,4.00,0.00,7.00,DStar
1543,4.09,AgentPrefab,Agent,MoveState,Moving,Goal,20.00,0.00,20.00,4.00,0.00,6.75,4.00,0.00,7.00,DStar
1544,4.09,AgentPrefab,Agent,MoveState,Moving,Goal,20.00,0.00,20.00,4.00,0.00,6.76,4.00,0.00,7.00,DStar
1545,4.09,AgentPrefab,Agent,MoveState,Moving,Goal,20.00,0.00,20.00,4.00,0.00,6.76,4.00,0.00,7.00,DStar
1546,4.09,AgentPrefab,Agent,MoveState,Moving,Goal,20.00,0.00,20.00,4.00,0.00,6.77,4.00,0.00,7.00,DStar
1547,4.10,AgentPrefab,Agent,MoveState,Moving,Goal,20.00,0.00,20.00,4.00,0.00,6.77,4.00,0.00,7.00,DStar
1548,4.10,AgentPrefab,Agent,MoveState,Moving,Goal,20.00,0.00,20.00,4.00,0.00,6.78,4.00,0.00,7.00,DStar
1549,4.10,AgentPrefab,Agent,MoveState,Moving,Goal,20.00,0.00,20.00,4.00,0.00,6.78,4.00,0.00,7.00,DStar
1550,4.10,AgentPrefab,Agent,MoveState,Moving,Goal,20.00,0.00,20.00,4.00,0.00,6.78,4.00,0.00,7.00,DStar
1551,4.11,AgentPrefab,Agent,MoveState,Moving,Goal,20.00,0.00,20.00,4.00,0.00,6.79,4.00,0.00,7.00,DStar
1552,4.11,AgentPrefab,Agent,MoveState,Moving,Goal,20.00,0.00,20.00,4.00,0.00,6.79,4.00,0.00,7.00,DStar
1553,4.11,AgentPrefab,Agent,MoveState,Moving,Goal,20.00,0.00,20.00,4.00,0.00,6.80,4.00,0.00,7.00,DStar
1554,4.11,AgentPrefab,Agent,MoveState,Moving,Goal,20.00,0.00,20.00,4.00,0.00,6.80,4.00,0.00,7.00,DStar
1555,4.11,AgentPrefab,Agent,MoveState,Moving,Goal,20.00,0.00,20.00,4.00,0.00,6.81,4.00,0.00,7.00,DStar
1556,4.12,AgentPrefab,Agent,MoveState,Moving,Goal,20.00,0.00,20.00,4.00,0.00,6.81,4.00,0.00,7.00,DStar
1557,4.12,AgentPrefab,Agent,MoveState,Moving,Goal,20.00,0.00,20.00,4.00,0.00,6.82,4.00,0.00,7.00,DStar
1558,4.12,AgentPrefab,Agent,MoveState,Moving,Goal,20.00,0.00,20.00,4.00,0.00,6.82,4.00,0.00,7.00,DStar
1559,4.12,AgentPrefab,Agent,MoveState,Moving,Goal,20.00,0.00,20.00,4.00,0.00,6.83,4.00,0.00,7.00,DStar
1560,4.13,AgentPrefab,Agent,MoveState,Moving,Goal,20.00,0.00,20.00,4.00,0.00,6.83,4.00,0.00,7.00,DStar
1561,4.13,AgentPrefab,Agent,MoveState,Moving,Goal,20.00,0.00,20.00,4.00,0.00,6.84,4.00,0.00,7.00,DStar
1562,4.13,AgentPrefab,Agent,MoveState,Moving,Goal,20.00,0.00,20.00,4.00,0.00,6.84,4.00,0.00,7.00,DStar
1563,4.13,AgentPrefab,Agent,MoveState,Moving,Goal,20.00,0.00,20.00,4.00,0.00,6.85,4.00,0.00,7.00,DStar
1564,4.14,AgentPrefab,Agent,MoveState,Moving,Goal,20.00,0.00,20.00,4.00,0.00,6.85,4.00,0.00,7.00,DStar
1565,4.14,AgentPrefab,Agent,MoveState,Moving,Goal,20.00,0.00,20.00,4.00,0.00,6.86,4.00,0.00,7.00,DStar
1566,4.14,AgentPrefab,Agent,MoveState,Moving,Goal,20.00,0.00,20.00,4.00,0.00,6.86,4.00,0.00,7.00,DStar
1567,4.14,AgentPrefab,Agent,MoveState,Moving,Goal,20.00,0.00,20.00,4.00,0.00,6.87,4.00,0.00,7.00,DStar
1568,4.15,AgentPrefab,Agent,MoveState,Moving,Goal,20.00,0.00,20.00,4.00,0.00,6.87,4.00,0.00,7.00,DStar
1569,4.15,AgentPrefab,Agent,MoveState,Moving,Goal,20.00,0.00,20.00,4.00,0.00,6.88,4.00,0.00,7.00,DStar
1570,4.15,AgentPrefab,Agent,MoveState,Moving,Goal,20.00,0.00,20.00,4.00,0.00,6.88,4.00,0.00,7.00,DStar
1571,4.15,AgentPrefab,Agent,MoveState,Moving,Goal,20.00,0.00,20.00,4.00,0.00,6.89,4.00,0.00,7.00,DStar
1572,4.16,AgentPrefab,Agent,MoveState,Moving,Goal,20.00,0.00,20.00,4.00,0.00,6.89,4.00,0.00,7.00,DStar
1573,4.16,AgentPrefab,Agent,MoveState,Moving,Goal,20.00,0.00,20.00,4.00,0.00,6.90,4.00,0.00,7.00,DStar
1574,4.16,AgentPrefab,Agent,MoveState,Moving,Goal,20.00,0.00,20.00,4.00,0.00,6.90,4.00,0.00,7.00,DStar
1575,4.16,AgentPrefab,Agent,MoveState,Moving,Goal,20.00,0.00,20.00,4.00,0.00,6.91,4.00,0.00,7.00,DStar
1576,4.17,AgentPrefab,Agent,MoveState,Moving,Goal,20.00,0.00,20.00,4.00,0.00,6.91,4.00,0.00,7.00,DStar
1577,4.17,AgentPrefab,Agent,MoveState,Moving,Goal,20.00,0.00,20.00,4.00,0.00,6.92,4.00,0.00,7.00,DStar
1578,4.17,AgentPrefab,Agent,MoveState,Moving,Goal,20.00,0.00,20.00,4.00,0.00,6.92,4.00,0.00,7.00,DStar
1579,4.18,AgentPrefab,Agent,MoveState,Moving,Goal,20.00,0.00,20.00,4.00,0.00,6.93,4.00,0.00,7.00,DStar
1580,4.18,AgentPrefab,Agent,MoveState,Moving,Goal,20.00,0.00,20.00,4.00,0.00,6.93,4.00,0.00,7.00,DStar
1581,4.18,AgentPrefab,Agent,MoveState,Moving,Goal,20.00,0.00,20.00,4.00,0.00,6.94,4.00,0.00,7.00,DStar
1582,4.18,AgentPrefab,Agent,MoveState,Moving,Goal,20.00,0.00,20.00,4.00,0.00,6.94,4.00,0.00,7.00,DStar
1583,4.18,AgentPrefab,Agent,MoveState,Moving,Goal,20.00,0.00,20.00,4.00,0.00,6.95,4.00,0.00,7.00,DStar
1584,4.19,AgentPrefab,Agent,MoveState,Moving,Goal,20.00,0.00,20.00,4.00,0.00,7.00,5.00,0.00,8.00,DStar
1585,4.19,AgentPrefab,Agent,MoveState,Moving,Goal,20.00,0.00,20.00,4.01,0.00,7.01,5.00,0.00,8.00,DStar
1586,4.19,AgentPrefab,Agent,MoveState,Moving,Goal,20.00,0.00,20.00,4.01,0.00,7.01,5.00,0.00,8.00,DStar
1587,4.20,AgentPrefab,Agent,MoveState,Moving,Goal,20.00,0.00,20.00,4.01,0.00,7.01,5.00,0.00,8.00,DStar
1588,4.20,AgentPrefab,Agent,MoveState,Moving,Goal,20.00,0.00,20.00,4.02,0.00,7.02,5.00,0.00,8.00,DStar
1589,4.20,AgentPrefab,Agent,MoveState,Moving,Goal,20.00,0.00,20.00,4.02,0.00,7.02,5.00,0.00,8.00,DStar
1590,4.20,AgentPrefab,Agent,MoveState,Moving,Goal,20.00,0.00,20.00,4.02,0.00,7.02,5.00,0.00,8.00,DStar
1591,4.21,AgentPrefab,Agent,MoveState,Moving,Goal,20.00,0.00,20.00,4.03,0.00,7.03,5.00,0.00,8.00,DStar
1592,4.21,AgentPrefab,Agent,MoveState,Moving,Goal,20.00,0.00,20.00,4.03,0.00,7.03,5.00,0.00,8.00,DStar
1593,4.21,AgentPrefab,Agent,MoveState,Moving,Goal,20.00,0.00,20.00,4.03,0.00,7.03,5.00,0.00,8.00,DStar
1594,4.21,AgentPrefab,Agent,MoveState,Moving,Goal,20.00,0.00,20.00,4.04,0.00,7.04,5.00,0.00,8.00,DStar
1595,4.21,AgentPrefab,Agent,MoveState,Moving,Goal,20.00,0.00,20.00,4.04,0.00,7.04,5.00,0.00,8.00,DStar
1596,4.22,AgentPrefab,Agent,MoveState,Moving,Goal,20.00,0.00,20.00,4.04,0.00,7.04,5.00,0.00,8.00,DStar
1597,4.22,AgentPrefab,Agent,MoveState,Moving,Goal,20.00,0.00,20.00,4.05,0.00,7.05,5.00,0.00,8.00,DStar
1598,4.22,AgentPrefab,Agent,MoveState,Moving,Goal,20.00,0.00,20.00,4.05,0.00,7.05,5.00,0.00,8.00,DStar
1599,4.22,AgentPrefab,Agent,MoveState,Moving,Goal,20.00,0.00,20.00,4.05,0.00,7.05,5.00,0.00,8.00,DStar
1600,4.23,AgentPrefab,Agent,MoveState,Moving,Goal,20.00,0.00,20.00,4.06,0.00,7.06,5.00,0.00,8.00,DStar
1601,4.23,AgentPrefab,Agent,MoveState,Moving,Goal,20.00,0.00,20.00,4.06,0.00,7.06,5.00,0.00,8.00,DStar
1602,4.23,AgentPrefab,Agent,MoveState,Moving,Goal,20.00,0.00,20.00,4.06,0.00,7.06,5.00,0.00,8.00,DStar
1603,4.23,AgentPrefab,Agent,MoveState,Moving,Goal,20.00,0.00,20.00,4.07,0.00,7.07,5.00,0.00,8.00,DStar
1604,4.24,AgentPrefab,Agent,MoveState,Moving,Goal,20.00,0.00,20.00,4.07,0.00,7.07,5.00,0.00,8.00,DStar
1605,4.24,AgentPrefab,Agent,MoveState,Moving,Goal,20.00,0.00,20.00,4.07,0.00,7.07,5.00,0.00,8.00,DStar
1606,4.24,AgentPrefab,Agent,MoveState,Moving,Goal,20.00,0.00,20.00,4.08,0.00,7.08,5.00,0.00,8.00,DStar
1607,4.25,AgentPrefab,Agent,MoveState,Moving,Goal,20.00,0.00,20.00,4.08,0.00,7.08,5.00,0.00,8.00,DStar
1608,4.25,AgentPrefab,Agent,MoveState,Moving,Goal,20.00,0.00,20.00,4.09,0.00,7.09,5.00,0.00,8.00,DStar
1609,4.25,AgentPrefab,Agent,MoveState,Moving,Goal,20.00,0.00,20.00,4.09,0.00,7.09,5.00,0.00,8.00,DStar
1610,4.25,AgentPrefab,Agent,MoveState,Moving,Goal,20.00,0.00,20.00,4.09,0.00,7.09,5.00,0.00,8.00,DStar
1611,4.26,AgentPrefab,Agent,MoveState,Moving,Goal,20.00,0.00,20.00,4.10,0.00,7.10,5.00,0.00,8.00,DStar
1612,4.26,AgentPrefab,Agent,MoveState,Moving,Goal,20.00,0.00,20.00,4.10,0.00,7.10,5.00,0.00,8.00,DStar
1613,4.26,AgentPrefab,Agent,MoveState,Moving,Goal,20.00,0.00,20.00,4.11,0.00,7.11,5.00,0.00,8.00,DStar
1614,4.26,AgentPrefab,Agent,MoveState,Moving,Goal,20.00,0.00,20.00,4.11,0.00,7.11,5.00,0.00,8.00,DStar
1615,4.27,AgentPrefab,Agent,MoveState,Moving,Goal,20.00,0.00,20.00,4.11,0.00,7.11,5.00,0.00,8.00,DStar
1616,4.27,AgentPrefab,Agent,MoveState,Moving,Goal,20.00,0.00,20.00,4.12,0.00,7.12,5.00,0.00,8.00,DStar
1617,4.27,AgentPrefab,Agent,MoveState,Moving,Goal,20.00,0.00,20.00,4.12,0.00,7.12,5.00,0.00,8.00,DStar
1618,4.27,AgentPrefab,Agent,MoveState,Moving,Goal,20.00,0.00,20.00,4.12,0.00,7.12,5.00,0.00,8.00,DStar
1619,4.28,AgentPrefab,Agent,MoveState,Moving,Goal,20.00,0.00,20.00,4.13,0.00,7.13,5.00,0.00,8.00,DStar
1620,4.28,AgentPrefab,Agent,MoveState,Moving,Goal,20.00,0.00,20.00,4.13,0.00,7.13,5.00,0.00,8.00,DStar
1621,4.28,AgentPrefab,Agent,MoveState,Moving,Goal,20.00,0.00,20.00,4.13,0.00,7.13,5.00,0.00,8.00,DStar
1622,4.28,AgentPrefab,Agent,MoveState,Moving,Goal,20.00,0.00,20.00,4.14,0.00,7.14,5.00,0.00,8.00,DStar
1623,4.29,AgentPrefab,Agent,MoveState,Moving,Goal,20.00,0.00,20.00,4.14,0.00,7.14,5.00,0.00,8.00,DStar
1624,4.29,AgentPrefab,Agent,MoveState,Moving,Goal,20.00,0.00,20.00,4.14,0.00,7.14,5.00,0.00,8.00,DStar
1625,4.29,AgentPrefab,Agent,MoveState,Moving,Goal,20.00,0.00,20.00,4.15,0.00,7.15,5.00,0.00,8.00,DStar
1626,4.29,AgentPrefab,Agent,MoveState,Moving,Goal,20.00,0.00,20.00,4.15,0.00,7.15,5.00,0.00,8.00,DStar
1627,4.30,AgentPrefab,Agent,MoveState,Moving,Goal,20.00,0.00,20.00,4.15,0.00,7.15,5.00,0.00,8.00,DStar
1628,4.30,AgentPrefab,Agent,MoveState,Moving,Goal,20.00,0.00,20.00,4.16,0.00,7.16,5.00,0.00,8.00,DStar
1629,4.30,AgentPrefab,Agent,MoveState,Moving,Goal,20.00,0.00,20.00,4.16,0.00,7.16,5.00,0.00,8.00,DStar
1630,4.30,AgentPrefab,Agent,MoveState,Moving,Goal,20.00,0.00,20.00,4.16,0.00,7.16,5.00,0.00,8.00,DStar
1631,4.30,AgentPrefab,Agent,MoveState,Moving,Goal,20.00,0.00,20.00,4.17,0.00,7.17,5.00,0.00,8.00,DStar
1632,4.31,AgentPrefab,Agent,MoveState,Moving,Goal,20.00,0.00,20.00,4.17,0.00,7.17,5.00,0.00,8.00,DStar
1633,4.31,AgentPrefab,Agent,MoveState,Moving,Goal,20.00,0.00,20.00,4.17,0.00,7.17,5.00,0.00,8.00,DStar
1634,4.31,AgentPrefab,Agent,MoveState,Moving,Goal,20.00,0.00,20.00,4.18,0.00,7.18,5.00,0.00,8.00,DStar
1635,4.31,AgentPrefab,Agent,MoveState,Moving,Goal,20.00,0.00,20.00,4.18,0.00,7.18,5.00,0.00,8.00,DStar
1636,4.32,AgentPrefab,Agent,MoveState,Moving,Goal,20.00,0.00,20.00,4.18,0.00,7.18,5.00,0.00,8.00,DStar
1637,4.32,AgentPrefab,Agent,MoveState,Moving,Goal,20.00,0.00,20.00,4.19,0.00,7.19,5.00,0.00,8.00,DStar
1638,4.32,AgentPrefab,Agent,MoveState,Moving,Goal,20.00,0.00,20.00,4.19,0.00,7.19,5.00,0.00,8.00,DStar
1639,4.33,AgentPrefab,Agent,MoveState,Moving,Goal,20.00,0.00,20.00,4.20,0.00,7.20,5.00,0.00,8.00,DStar
1640,4.33,AgentPrefab,Agent,MoveState,Moving,Goal,20.00,0.00,20.00,4.20,0.00,7.20,5.00,0.00,8.00,DStar
1641,4.33,AgentPrefab,Agent,MoveState,Moving,Goal,20.00,0.00,20.00,4.20,0.00,7.20,5.00,0.00,8.00,DStar
1642,4.33,AgentPrefab,Agent,MoveState,Moving,Goal,20.00,0.00,20.00,4.21,0.00,7.21,5.00,0.00,8.00,DStar
1643,4.34,AgentPrefab,Agent,MoveState,Moving,Goal,20.00,0.00,20.00,4.21,0.00,7.21,5.00,0.00,8.00,DStar
1644,4.34,AgentPrefab,Agent,MoveState,Moving,Goal,20.00,0.00,20.00,4.22,0.00,7.22,5.00,0.00,8.00,DStar
1645,4.34,AgentPrefab,Agent,MoveState,Moving,Goal,20.00,0.00,20.00,4.22,0.00,7.22,5.00,0.00,8.00,DStar
1646,4.34,AgentPrefab,Agent,MoveState,Moving,Goal,20.00,0.00,20.00,4.22,0.00,7.22,5.00,0.00,8.00,DStar
1647,4.35,AgentPrefab,Agent,MoveState,Moving,Goal,20.00,0.00,20.00,4.23,0.00,7.23,5.00,0.00,8.00,DStar
1648,4.35,AgentPrefab,Agent,MoveState,Moving,Goal,20.00,0.00,20.00,4.23,0.00,7.23,5.00,0.00,8.00,DStar
1649,4.35,AgentPrefab,Agent,MoveState,Moving,Goal,20.00,0.00,20.00,4.23,0.00,7.23,5.00,0.00,8.00,DStar
1650,4.35,AgentPrefab,Agent,MoveState,Moving,Goal,20.00,0.00,20.00,4.24,0.00,7.24,5.00,0.00,8.00,DStar
1651,4.36,AgentPrefab,Agent,MoveState,Moving,Goal,20.00,0.00,20.00,4.24,0.00,7.24,5.00,0.00,8.00,DStar
1652,4.36,AgentPrefab,Agent,MoveState,Moving,Goal,20.00,0.00,20.00,4.25,0.00,7.25,5.00,0.00,8.00,DStar
1653,4.36,AgentPrefab,Agent,MoveState,Moving,Goal,20.00,0.00,20.00,4.25,0.00,7.25,5.00,0.00,8.00,DStar
1654,4.37,AgentPrefab,Agent,MoveState,Moving,Goal,20.00,0.00,20.00,4.26,0.00,7.26,5.00,0.00,8.00,DStar
1655,4.37,AgentPrefab,Agent,MoveState,Moving,Goal,20.00,0.00,20.00,4.26,0.00,7.26,5.00,0.00,8.00,DStar
1656,4.37,AgentPrefab,Agent,MoveState,Moving,Goal,20.00,0.00,20.00,4.26,0.00,7.26,5.00,0.00,8.00,DStar
1657,4.37,AgentPrefab,Agent,MoveState,Moving,Goal,20.00,0.00,20.00,4.27,0.00,7.27,5.00,0.00,8.00,DStar
1658,4.38,AgentPrefab,Agent,MoveState,Moving,Goal,20.00,0.00,20.00,4.27,0.00,7.27,5.00,0.00,8.00,DStar
1659,4.38,AgentPrefab,Agent,MoveState,Moving,Goal,20.00,0.00,20.00,4.27,0.00,7.27,5.00,0.00,8.00,DStar
1660,4.38,AgentPrefab,Agent,MoveState,Moving,Goal,20.00,0.00,20.00,4.28,0.00,7.28,5.00,0.00,8.00,DStar
1661,4.38,AgentPrefab,Agent,MoveState,Moving,Goal,20.00,0.00,20.00,4.28,0.00,7.28,5.00,0.00,8.00,DStar
1662,4.39,AgentPrefab,Agent,MoveState,Moving,Goal,20.00,0.00,20.00,4.28,0.00,7.28,5.00,0.00,8.00,DStar
1663,4.39,AgentPrefab,Agent,MoveState,Moving,Goal,20.00,0.00,20.00,4.29,0.00,7.29,5.00,0.00,8.00,DStar
1664,4.39,AgentPrefab,Agent,MoveState,Moving,Goal,20.00,0.00,20.00,4.29,0.00,7.29,5.00,0.00,8.00,DStar
1665,4.39,AgentPrefab,Agent,MoveState,Moving,Goal,20.00,0.00,20.00,4.29,0.00,7.29,5.00,0.00,8.00,DStar
1666,4.40,AgentPrefab,Agent,MoveState,Moving,Goal,20.00,0.00,20.00,4.30,0.00,7.30,5.00,0.00,8.00,DStar
1667,4.40,AgentPrefab,Agent,MoveState,Moving,Goal,20.00,0.00,20.00,4.30,0.00,7.30,5.00,0.00,8.00,DStar
1668,4.40,AgentPrefab,Agent,MoveState,Moving,Goal,20.00,0.00,20.00,4.30,0.00,7.30,5.00,0.00,8.00,DStar
1669,4.40,AgentPrefab,Agent,MoveState,Moving,Goal,20.00,0.00,20.00,4.31,0.00,7.31,5.00,0.00,8.00,DStar
1670,4.41,AgentPrefab,Agent,MoveState,Moving,Goal,20.00,0.00,20.00,4.31,0.00,7.31,5.00,0.00,8.00,DStar
1671,4.41,AgentPrefab,Agent,MoveState,Moving,Goal,20.00,0.00,20.00,4.32,0.00,7.32,5.00,0.00,8.00,DStar
1672,4.41,AgentPrefab,Agent,MoveState,Moving,Goal,20.00,0.00,20.00,4.32,0.00,7.32,5.00,0.00,8.00,DStar
1673,4.41,AgentPrefab,Agent,MoveState,Moving,Goal,20.00,0.00,20.00,4.32,0.00,7.32,5.00,0.00,8.00,DStar
1674,4.42,AgentPrefab,Agent,MoveState,Moving,Goal,20.00,0.00,20.00,4.33,0.00,7.33,5.00,0.00,8.00,DStar
1675,4.42,AgentPrefab,Agent,MoveState,Moving,Goal,20.00,0.00,20.00,4.33,0.00,7.33,5.00,0.00,8.00,DStar
1676,4.42,AgentPrefab,Agent,MoveState,Moving,Goal,20.00,0.00,20.00,4.33,0.00,7.33,5.00,0.00,8.00,DStar
1677,4.42,AgentPrefab,Agent,MoveState,Moving,Goal,20.00,0.00,20.00,4.34,0.00,7.34,5.00,0.00,8.00,DStar
1678,4.43,AgentPrefab,Agent,MoveState,Moving,Goal,20.00,0.00,20.00,4.34,0.00,7.34,5.00,0.00,8.00,DStar
1679,4.43,AgentPrefab,Agent,MoveState,Moving,Goal,20.00,0.00,20.00,4.34,0.00,7.34,5.00,0.00,8.00,DStar
1680,4.43,AgentPrefab,Agent,MoveState,Moving,Goal,20.00,0.00,20.00,4.35,0.00,7.35,5.00,0.00,8.00,DStar
1681,4.43,AgentPrefab,Agent,MoveState,Moving,Goal,20.00,0.00,20.00,4.35,0.00,7.35,5.00,0.00,8.00,DStar
1682,4.44,AgentPrefab,Agent,MoveState,Moving,Goal,20.00,0.00,20.00,4.35,0.00,7.35,5.00,0.00,8.00,DStar
1683,4.44,AgentPrefab,Agent,MoveState,Moving,Goal,20.00,0.00,20.00,4.36,0.00,7.36,5.00,0.00,8.00,DStar
1684,4.44,AgentPrefab,Agent,MoveState,Moving,Goal,20.00,0.00,20.00,4.36,0.00,7.36,5.00,0.00,8.00,DStar
1685,4.45,AgentPrefab,Agent,MoveState,Moving,Goal,20.00,0.00,20.00,4.37,0.00,7.37,5.00,0.00,8.00,DStar
1686,4.45,AgentPrefab,Agent,MoveState,Moving,Goal,20.00,0.00,20.00,4.37,0.00,7.37,5.00,0.00,8.00,DStar
1687,4.45,AgentPrefab,Agent,MoveState,Moving,Goal,20.00,0.00,20.00,4.37,0.00,7.37,5.00,0.00,8.00,DStar
1688,4.45,AgentPrefab,Agent,MoveState,Moving,Goal,20.00,0.00,20.00,4.38,0.00,7.38,5.00,0.00,8.00,DStar
1689,4.45,AgentPrefab,Agent,MoveState,Moving,Goal,20.00,0.00,20.00,4.38,0.00,7.38,5.00,0.00,8.00,DStar
1690,4.46,AgentPrefab,Agent,MoveState,Moving,Goal,20.00,0.00,20.00,4.38,0.00,7.38,5.00,0.00,8.00,DStar
1691,4.46,AgentPrefab,Agent,MoveState,Moving,Goal,20.00,0.00,20.00,4.39,0.00,7.39,5.00,0.00,8.00,DStar
1692,4.46,AgentPrefab,Agent,MoveState,Moving,Goal,20.00,0.00,20.00,4.39,0.00,7.39,5.00,0.00,8.00,DStar
1693,4.46,AgentPrefab,Agent,MoveState,Moving,Goal,20.00,0.00,20.00,4.39,0.00,7.39,5.00,0.00,8.00,DStar
1694,4.47,AgentPrefab,Agent,MoveState,Moving,Goal,20.00,0.00,20.00,4.40,0.00,7.40,5.00,0.00,8.00,DStar
1695,4.47,AgentPrefab,Agent,MoveState,Moving,Goal,20.00,0.00,20.00,4.40,0.00,7.40,5.00,0.00,8.00,DStar
1696,4.47,AgentPrefab,Agent,MoveState,Moving,Goal,20.00,0.00,20.00,4.40,0.00,7.40,5.00,0.00,8.00,DStar
1697,4.47,AgentPrefab,Agent,MoveState,Moving,Goal,20.00,0.00,20.00,4.41,0.00,7.41,5.00,0.00,8.00,DStar
1698,4.48,AgentPrefab,Agent,MoveState,Moving,Goal,20.00,0.00,20.00,4.41,0.00,7.41,5.00,0.00,8.00,DStar
1699,4.48,AgentPrefab,Agent,MoveState,Moving,Goal,20.00,0.00,20.00,4.41,0.00,7.41,5.00,0.00,8.00,DStar
1700,4.48,AgentPrefab,Agent,MoveState,Moving,Goal,20.00,0.00,20.00,4.42,0.00,7.42,5.00,0.00,8.00,DStar
1701,4.48,AgentPrefab,Agent,MoveState,Moving,Goal,20.00,0.00,20.00,4.42,0.00,7.42,5.00,0.00,8.00,DStar
1702,4.49,AgentPrefab,Agent,MoveState,Moving,Goal,20.00,0.00,20.00,4.42,0.00,7.42,5.00,0.00,8.00,DStar
1703,4.49,AgentPrefab,Agent,MoveState,Moving,Goal,20.00,0.00,20.00,4.43,0.00,7.43,5.00,0.00,8.00,DStar
1704,4.49,AgentPrefab,Agent,MoveState,Moving,Goal,20.00,0.00,20.00,4.43,0.00,7.43,5.00,0.00,8.00,DStar
1705,4.49,AgentPrefab,Agent,MoveState,Moving,Goal,20.00,0.00,20.00,4.44,0.00,7.44,5.00,0.00,8.00,DStar
1706,4.50,AgentPrefab,Agent,MoveState,Moving,Goal,20.00,0.00,20.00,4.44,0.00,7.44,5.00,0.00,8.00,DStar
1707,4.50,AgentPrefab,Agent,MoveState,Moving,Goal,20.00,0.00,20.00,4.44,0.00,7.44,5.00,0.00,8.00,DStar
1708,4.50,AgentPrefab,Agent,MoveState,Moving,Goal,20.00,0.00,20.00,4.44,0.00,7.44,5.00,0.00,8.00,DStar
1709,4.50,AgentPrefab,Agent,MoveState,Moving,Goal,20.00,0.00,20.00,4.45,0.00,7.45,5.00,0.00,8.00,DStar
1710,4.51,AgentPrefab,Agent,MoveState,Moving,Goal,20.00,0.00,20.00,4.45,0.00,7.45,5.00,0.00,8.00,DStar
1711,4.51,AgentPrefab,Agent,MoveState,Moving,Goal,20.00,0.00,20.00,4.46,0.00,7.46,5.00,0.00,8.00,DStar
1712,4.51,AgentPrefab,Agent,MoveState,Moving,Goal,20.00,0.00,20.00,4.46,0.00,7.46,5.00,0.00,8.00,DStar
1713,4.51,AgentPrefab,Agent,MoveState,Moving,Goal,20.00,0.00,20.00,4.46,0.00,7.46,5.00,0.00,8.00,DStar
1714,4.52,AgentPrefab,Agent,MoveState,Moving,Goal,20.00,0.00,20.00,4.47,0.00,7.47,5.00,0.00,8.00,DStar
1715,4.52,AgentPrefab,Agent,MoveState,Moving,Goal,20.00,0.00,20.00,4.47,0.00,7.47,5.00,0.00,8.00,DStar
1716,4.52,AgentPrefab,Agent,MoveState,Moving,Goal,20.00,0.00,20.00,4.47,0.00,7.47,5.00,0.00,8.00,DStar
1717,4.52,AgentPrefab,Agent,MoveState,Moving,Goal,20.00,0.00,20.00,4.48,0.00,7.48,5.00,0.00,8.00,DStar
1718,4.53,AgentPrefab,Agent,MoveState,Moving,Goal,20.00,0.00,20.00,4.48,0.00,7.48,5.00,0.00,8.00,DStar
1719,4.53,AgentPrefab,Agent,MoveState,Moving,Goal,20.00,0.00,20.00,4.48,0.00,7.48,5.00,0.00,8.00,DStar
1720,4.53,AgentPrefab,Agent,MoveState,Moving,Goal,20.00,0.00,20.00,4.49,0.00,7.49,5.00,0.00,8.00,DStar
1721,4.53,AgentPrefab,Agent,MoveState,Moving,Goal,20.00,0.00,20.00,4.49,0.00,7.49,5.00,0.00,8.00,DStar
1722,4.54,AgentPrefab,Agent,MoveState,Moving,Goal,20.00,0.00,20.00,4.49,0.00,7.49,5.00,0.00,8.00,DStar
1723,4.54,AgentPrefab,Agent,MoveState,Moving,Goal,20.00,0.00,20.00,4.50,0.00,7.50,5.00,0.00,8.00,DStar
1724,4.54,AgentPrefab,Agent,MoveState,Moving,Goal,20.00,0.00,20.00,4.50,0.00,7.50,5.00,0.00,8.00,DStar
1725,4.54,AgentPrefab,Agent,MoveState,Moving,Goal,20.00,0.00,20.00,4.51,0.00,7.51,5.00,0.00,8.00,DStar
1726,4.55,AgentPrefab,Agent,MoveState,Moving,Goal,20.00,0.00,20.00,4.51,0.00,7.51,5.00,0.00,8.00,DStar
1727,4.55,AgentPrefab,Agent,MoveState,Moving,Goal,20.00,0.00,20.00,4.51,0.00,7.51,5.00,0.00,8.00,DStar
1728,4.55,AgentPrefab,Agent,MoveState,Moving,Goal,20.00,0.00,20.00,4.52,0.00,7.52,5.00,0.00,8.00,DStar
1729,4.55,AgentPrefab,Agent,MoveState,Moving,Goal,20.00,0.00,20.00,4.52,0.00,7.52,5.00,0.00,8.00,DStar
1730,4.56,AgentPrefab,Agent,MoveState,Moving,Goal,20.00,0.00,20.00,4.52,0.00,7.52,5.00,0.00,8.00,DStar
1731,4.56,AgentPrefab,Agent,MoveState,Moving,Goal,20.00,0.00,20.00,4.53,0.00,7.53,5.00,0.00,8.00,DStar
1732,4.56,AgentPrefab,Agent,MoveState,Moving,Goal,20.00,0.00,20.00,4.53,0.00,7.53,5.00,0.00,8.00,DStar
1733,4.56,AgentPrefab,Agent,MoveState,Moving,Goal,20.00,0.00,20.00,4.53,0.00,7.53,5.00,0.00,8.00,DStar
1734,4.56,AgentPrefab,Agent,MoveState,Moving,Goal,20.00,0.00,20.00,4.54,0.00,7.54,5.00,0.00,8.00,DStar
1735,4.57,AgentPrefab,Agent,MoveState,Moving,Goal,20.00,0.00,20.00,4.54,0.00,7.54,5.00,0.00,8.00,DStar
1736,4.57,AgentPrefab,Agent,MoveState,Moving,Goal,20.00,0.00,20.00,4.54,0.00,7.54,5.00,0.00,8.00,DStar
1737,4.57,AgentPrefab,Agent,MoveState,Moving,Goal,20.00,0.00,20.00,4.55,0.00,7.55,5.00,0.00,8.00,DStar
1738,4.58,AgentPrefab,Agent,MoveState,Moving,Goal,20.00,0.00,20.00,4.55,0.00,7.55,5.00,0.00,8.00,DStar
1739,4.58,AgentPrefab,Agent,MoveState,Moving,Goal,20.00,0.00,20.00,4.55,0.00,7.55,5.00,0.00,8.00,DStar
1740,4.58,AgentPrefab,Agent,MoveState,Moving,Goal,20.00,0.00,20.00,4.56,0.00,7.56,5.00,0.00,8.00,DStar
1741,4.58,AgentPrefab,Agent,MoveState,Moving,Goal,20.00,0.00,20.00,4.56,0.00,7.56,5.00,0.00,8.00,DStar
1742,4.58,AgentPrefab,Agent,MoveState,Moving,Goal,20.00,0.00,20.00,4.56,0.00,7.56,5.00,0.00,8.00,DStar
1743,4.59,AgentPrefab,Agent,MoveState,Moving,Goal,20.00,0.00,20.00,4.57,0.00,7.57,5.00,0.00,8.00,DStar
1744,4.59,AgentPrefab,Agent,MoveState,Moving,Goal,20.00,0.00,20.00,4.57,0.00,7.57,5.00,0.00,8.00,DStar
1745,4.59,AgentPrefab,Agent,MoveState,Moving,Goal,20.00,0.00,20.00,4.57,0.00,7.57,5.00,0.00,8.00,DStar
1746,4.59,AgentPrefab,Agent,MoveState,Moving,Goal,20.00,0.00,20.00,4.58,0.00,7.58,5.00,0.00,8.00,DStar
1747,4.60,AgentPrefab,Agent,MoveState,Moving,Goal,20.00,0.00,20.00,4.58,0.00,7.58,5.00,0.00,8.00,DStar
1748,4.60,AgentPrefab,Agent,MoveState,Moving,Goal,20.00,0.00,20.00,4.58,0.00,7.58,5.00,0.00,8.00,DStar
1749,4.60,AgentPrefab,Agent,MoveState,Moving,Goal,20.00,0.00,20.00,4.59,0.00,7.59,5.00,0.00,8.00,DStar
1750,4.61,AgentPrefab,Agent,MoveState,Moving,Goal,20.00,0.00,20.00,4.59,0.00,7.59,5.00,0.00,8.00,DStar
1751,4.61,AgentPrefab,Agent,MoveState,Moving,Goal,20.00,0.00,20.00,4.60,0.00,7.60,5.00,0.00,8.00,DStar
1752,4.61,AgentPrefab,Agent,MoveState,Moving,Goal,20.00,0.00,20.00,4.60,0.00,7.60,5.00,0.00,8.00,DStar
1753,4.61,AgentPrefab,Agent,MoveState,Moving,Goal,20.00,0.00,20.00,4.60,0.00,7.60,5.00,0.00,8.00,DStar
1754,4.62,AgentPrefab,Agent,MoveState,Moving,Goal,20.00,0.00,20.00,4.61,0.00,7.61,5.00,0.00,8.00,DStar
1755,4.62,AgentPrefab,Agent,MoveState,Moving,Goal,20.00,0.00,20.00,4.61,0.00,7.61,5.00,0.00,8.00,DStar
1756,4.62,AgentPrefab,Agent,MoveState,Moving,Goal,20.00,0.00,20.00,4.61,0.00,7.61,5.00,0.00,8.00,DStar
1757,4.62,AgentPrefab,Agent,MoveState,Moving,Goal,20.00,0.00,20.00,4.62,0.00,7.62,5.00,0.00,8.00,DStar
1758,4.63,AgentPrefab,Agent,MoveState,Moving,Goal,20.00,0.00,20.00,4.62,0.00,7.62,5.00,0.00,8.00,DStar
1759,4.63,AgentPrefab,Agent,MoveState,Moving,Goal,20.00,0.00,20.00,4.63,0.00,7.63,5.00,0.00,8.00,DStar
1760,4.63,AgentPrefab,Agent,MoveState,Moving,Goal,20.00,0.00,20.00,4.63,0.00,7.63,5.00,0.00,8.00,DStar
1761,4.64,AgentPrefab,Agent,MoveState,Moving,Goal,20.00,0.00,20.00,4.63,0.00,7.63,5.00,0.00,8.00,DStar
1762,4.64,AgentPrefab,Agent,MoveState,Moving,Goal,20.00,0.00,20.00,4.64,0.00,7.64,5.00,0.00,8.00,DStar
1763,4.64,AgentPrefab,Agent,MoveState,Moving,Goal,20.00,0.00,20.00,4.64,0.00,7.64,5.00,0.00,8.00,DStar
1764,4.65,AgentPrefab,Agent,MoveState,Moving,Goal,20.00,0.00,20.00,4.65,0.00,7.65,5.00,0.00,8.00,DStar
1765,4.65,AgentPrefab,Agent,MoveState,Moving,Goal,20.00,0.00,20.00,4.65,0.00,7.65,5.00,0.00,8.00,DStar
1766,4.65,AgentPrefab,Agent,MoveState,Moving,Goal,20.00,0.00,20.00,4.66,0.00,7.66,5.00,0.00,8.00,DStar
1767,4.66,AgentPrefab,Agent,MoveState,Moving,Goal,20.00,0.00,20.00,4.66,0.00,7.66,5.00,0.00,8.00,DStar
1768,4.66,AgentPrefab,Agent,MoveState,Moving,Goal,20.00,0.00,20.00,4.67,0.00,7.67,5.00,0.00,8.00,DStar
1769,4.66,AgentPrefab,Agent,MoveState,Moving,Goal,20.00,0.00,20.00,4.67,0.00,7.67,5.00,0.00,8.00,DStar
1770,4.67,AgentPrefab,Agent,MoveState,Moving,Goal,20.00,0.00,20.00,4.68,0.00,7.68,5.00,0.00,8.00,DStar
1771,4.67,AgentPrefab,Agent,MoveState,Moving,Goal,20.00,0.00,20.00,4.68,0.00,7.68,5.00,0.00,8.00,DStar
1772,4.67,AgentPrefab,Agent,MoveState,Moving,Goal,20.00,0.00,20.00,4.69,0.00,7.69,5.00,0.00,8.00,DStar
1773,4.68,AgentPrefab,Agent,MoveState,Moving,Goal,20.00,0.00,20.00,4.69,0.00,7.69,5.00,0.00,8.00,DStar
1774,4.68,AgentPrefab,Agent,MoveState,Moving,Goal,20.00,0.00,20.00,4.69,0.00,7.69,5.00,0.00,8.00,DStar
1775,4.68,AgentPrefab,Agent,MoveState,Moving,Goal,20.00,0.00,20.00,4.70,0.00,7.70,5.00,0.00,8.00,DStar
1776,4.68,AgentPrefab,Agent,MoveState,Moving,Goal,20.00,0.00,20.00,4.70,0.00,7.70,5.00,0.00,8.00,DStar
1777,4.69,AgentPrefab,Agent,MoveState,Moving,Goal,20.00,0.00,20.00,4.71,0.00,7.71,5.00,0.00,8.00,DStar
1778,4.69,AgentPrefab,Agent,MoveState,Moving,Goal,20.00,0.00,20.00,4.71,0.00,7.71,5.00,0.00,8.00,DStar
1779,4.69,AgentPrefab,Agent,MoveState,Moving,Goal,20.00,0.00,20.00,4.72,0.00,7.72,5.00,0.00,8.00,DStar
1780,4.70,AgentPrefab,Agent,MoveState,Moving,Goal,20.00,0.00,20.00,4.72,0.00,7.72,5.00,0.00,8.00,DStar
1781,4.70,AgentPrefab,Agent,MoveState,Moving,Goal,20.00,0.00,20.00,4.72,0.00,7.72,5.00,0.00,8.00,DStar
1782,4.70,AgentPrefab,Agent,MoveState,Moving,Goal,20.00,0.00,20.00,4.73,0.00,7.73,5.00,0.00,8.00,DStar
1783,4.70,AgentPrefab,Agent,MoveState,Moving,Goal,20.00,0.00,20.00,4.73,0.00,7.73,5.00,0.00,8.00,DStar
1784,4.71,AgentPrefab,Agent,MoveState,Moving,Goal,20.00,0.00,20.00,4.73,0.00,7.73,5.00,0.00,8.00,DStar
1785,4.71,AgentPrefab,Agent,MoveState,Moving,Goal,20.00,0.00,20.00,4.74,0.00,7.74,5.00,0.00,8.00,DStar
1786,4.71,AgentPrefab,Agent,MoveState,Moving,Goal,20.00,0.00,20.00,4.74,0.00,7.74,5.00,0.00,8.00,DStar
1787,4.71,AgentPrefab,Agent,MoveState,Moving,Goal,20.00,0.00,20.00,4.75,0.00,7.75,5.00,0.00,8.00,DStar
1788,4.72,AgentPrefab,Agent,MoveState,Moving,Goal,20.00,0.00,20.00,4.75,0.00,7.75,5.00,0.00,8.00,DStar
1789,4.72,AgentPrefab,Agent,MoveState,Moving,Goal,20.00,0.00,20.00,4.75,0.00,7.75,5.00,0.00,8.00,DStar
1790,4.72,AgentPrefab,Agent,MoveState,Moving,Goal,20.00,0.00,20.00,4.76,0.00,7.76,5.00,0.00,8.00,DStar
1791,4.73,AgentPrefab,Agent,MoveState,Moving,Goal,20.00,0.00,20.00,4.76,0.00,7.76,5.00,0.00,8.00,DStar
1792,4.73,AgentPrefab,Agent,MoveState,Moving,Goal,20.00,0.00,20.00,4.77,0.00,7.77,5.00,0.00,8.00,DStar
1793,4.73,AgentPrefab,Agent,MoveState,Moving,Goal,20.00,0.00,20.00,4.77,0.00,7.77,5.00,0.00,8.00,DStar
1794,4.74,AgentPrefab,Agent,MoveState,Moving,Goal,20.00,0.00,20.00,4.78,0.00,7.78,5.00,0.00,8.00,DStar
1795,4.74,AgentPrefab,Agent,MoveState,Moving,Goal,20.00,0.00,20.00,4.78,0.00,7.78,5.00,0.00,8.00,DStar
1796,4.75,AgentPrefab,Agent,MoveState,Moving,Goal,20.00,0.00,20.00,4.79,0.00,7.79,5.00,0.00,8.00,DStar
1797,4.75,AgentPrefab,Agent,MoveState,Moving,Goal,20.00,0.00,20.00,4.79,0.00,7.79,5.00,0.00,8.00,DStar
1798,4.75,AgentPrefab,Agent,MoveState,Moving,Goal,20.00,0.00,20.00,4.80,0.00,7.80,5.00,0.00,8.00,DStar
1799,4.76,AgentPrefab,Agent,MoveState,Moving,Goal,20.00,0.00,20.00,4.80,0.00,7.80,5.00,0.00,8.00,DStar
1800,4.76,AgentPrefab,Agent,MoveState,Moving,Goal,20.00,0.00,20.00,4.81,0.00,7.81,5.00,0.00,8.00,DStar
1801,4.76,AgentPrefab,Agent,MoveState,Moving,Goal,20.00,0.00,20.00,4.81,0.00,7.81,5.00,0.00,8.00,DStar
1802,4.76,AgentPrefab,Agent,MoveState,Moving,Goal,20.00,0.00,20.00,4.82,0.00,7.82,5.00,0.00,8.00,DStar
1803,4.77,AgentPrefab,Agent,MoveState,Moving,Goal,20.00,0.00,20.00,4.82,0.00,7.82,5.00,0.00,8.00,DStar
1804,4.77,AgentPrefab,Agent,MoveState,Moving,Goal,20.00,0.00,20.00,4.82,0.00,7.82,5.00,0.00,8.00,DStar
1805,4.78,AgentPrefab,Agent,MoveState,Moving,Goal,20.00,0.00,20.00,4.83,0.00,7.83,5.00,0.00,8.00,DStar
1806,4.78,AgentPrefab,Agent,MoveState,Moving,Goal,20.00,0.00,20.00,4.84,0.00,7.84,5.00,0.00,8.00,DStar
1807,4.78,AgentPrefab,Agent,MoveState,Moving,Goal,20.00,0.00,20.00,4.84,0.00,7.84,5.00,0.00,8.00,DStar
1808,4.78,AgentPrefab,Agent,MoveState,Moving,Goal,20.00,0.00,20.00,4.84,0.00,7.84,5.00,0.00,8.00,DStar
1809,4.79,AgentPrefab,Agent,MoveState,Moving,Goal,20.00,0.00,20.00,4.85,0.00,7.85,5.00,0.00,8.00,DStar
1810,4.79,AgentPrefab,Agent,MoveState,Moving,Goal,20.00,0.00,20.00,4.85,0.00,7.85,5.00,0.00,8.00,DStar
1811,4.79,AgentPrefab,Agent,MoveState,Moving,Goal,20.00,0.00,20.00,4.86,0.00,7.86,5.00,0.00,8.00,DStar
1812,4.80,AgentPrefab,Agent,MoveState,Moving,Goal,20.00,0.00,20.00,4.86,0.00,7.86,5.00,0.00,8.00,DStar
1813,4.80,AgentPrefab,Agent,MoveState,Moving,Goal,20.00,0.00,20.00,4.87,0.00,7.87,5.00,0.00,8.00,DStar
1814,4.80,AgentPrefab,Agent,MoveState,Moving,Goal,20.00,0.00,20.00,4.87,0.00,7.87,5.00,0.00,8.00,DStar
1815,4.81,AgentPrefab,Agent,MoveState,Moving,Goal,20.00,0.00,20.00,4.88,0.00,7.88,5.00,0.00,8.00,DStar
1816,4.81,AgentPrefab,Agent,MoveState,Moving,Goal,20.00,0.00,20.00,4.88,0.00,7.88,5.00,0.00,8.00,DStar
1817,4.81,AgentPrefab,Agent,MoveState,Moving,Goal,20.00,0.00,20.00,4.88,0.00,7.88,5.00,0.00,8.00,DStar
1818,4.82,AgentPrefab,Agent,MoveState,Moving,Goal,20.00,0.00,20.00,4.89,0.00,7.89,5.00,0.00,8.00,DStar
1819,4.82,AgentPrefab,Agent,MoveState,Moving,Goal,20.00,0.00,20.00,4.89,0.00,7.89,5.00,0.00,8.00,DStar
1820,4.82,AgentPrefab,Agent,MoveState,Moving,Goal,20.00,0.00,20.00,4.90,0.00,7.90,5.00,0.00,8.00,DStar
1821,4.83,AgentPrefab,Agent,MoveState,Moving,Goal,20.00,0.00,20.00,4.90,0.00,7.90,5.00,0.00,8.00,DStar
1822,4.83,AgentPrefab,Agent,MoveState,Moving,Goal,20.00,0.00,20.00,4.91,0.00,7.91,5.00,0.00,8.00,DStar
1823,4.83,AgentPrefab,Agent,MoveState,Moving,Goal,20.00,0.00,20.00,4.91,0.00,7.91,5.00,0.00,8.00,DStar
1824,4.83,AgentPrefab,Agent,MoveState,Moving,Goal,20.00,0.00,20.00,4.91,0.00,7.91,5.00,0.00,8.00,DStar
1825,4.83,AgentPrefab,Agent,MoveState,Moving,Goal,20.00,0.00,20.00,4.92,0.00,7.92,5.00,0.00,8.00,DStar
1826,4.84,AgentPrefab,Agent,MoveState,Moving,Goal,20.00,0.00,20.00,4.92,0.00,7.92,5.00,0.00,8.00,DStar
1827,4.84,AgentPrefab,Agent,MoveState,Moving,Goal,20.00,0.00,20.00,4.92,0.00,7.92,5.00,0.00,8.00,DStar
1828,4.84,AgentPrefab,Agent,MoveState,Moving,Goal,20.00,0.00,20.00,4.93,0.00,7.93,5.00,0.00,8.00,DStar
1829,4.85,AgentPrefab,Agent,MoveState,Moving,Goal,20.00,0.00,20.00,4.93,0.00,7.93,5.00,0.00,8.00,DStar
1830,4.85,AgentPrefab,Agent,MoveState,Moving,Goal,20.00,0.00,20.00,4.94,0.00,7.94,5.00,0.00,8.00,DStar
1831,4.85,AgentPrefab,Agent,MoveState,Moving,Goal,20.00,0.00,20.00,4.94,0.00,7.94,5.00,0.00,8.00,DStar
1832,4.85,AgentPrefab,Agent,MoveState,Moving,Goal,20.00,0.00,20.00,4.94,0.00,7.94,5.00,0.00,8.00,DStar
1833,4.86,AgentPrefab,Agent,MoveState,Moving,Goal,20.00,0.00,20.00,4.95,0.00,7.95,5.00,0.00,8.00,DStar
1834,4.86,AgentPrefab,Agent,MoveState,Moving,Goal,20.00,0.00,20.00,4.95,0.00,7.95,5.00,0.00,8.00,DStar
1835,4.86,AgentPrefab,Agent,MoveState,Moving,Goal,20.00,0.00,20.00,4.95,0.00,7.95,5.00,0.00,8.00,DStar
1836,4.86,AgentPrefab,Agent,MoveState,Moving,Goal,20.00,0.00,20.00,4.96,0.00,7.96,5.00,0.00,8.00,DStar
1837,4.87,AgentPrefab,Agent,MoveState,Moving,Goal,20.00,0.00,20.00,4.96,0.00,7.96,5.00,0.00,8.00,DStar
1838,4.87,AgentPrefab,Agent,MoveState,Moving,Goal,20.00,0.00,20.00,4.96,0.00,7.96,5.00,0.00,8.00,DStar
1839,4.87,AgentPrefab,Agent,MoveState,Moving,Goal,20.00,0.00,20.00,5.00,0.00,8.00,6.00,0.00,9.00,DStar
1840,4.87,AgentPrefab,Agent,MoveState,Moving,Goal,20.00,0.00,20.00,5.00,0.00,8.00,6.00,0.00,9.00,DStar
1841,4.88,AgentPrefab,Agent,MoveState,Moving,Goal,20.00,0.00,20.00,5.01,0.00,8.01,6.00,0.00,9.00,DStar
1842,4.88,AgentPrefab,Agent,MoveState,Moving,Goal,20.00,0.00,20.00,5.01,0.00,8.01,6.00,0.00,9.00,DStar
1843,4.88,AgentPrefab,Agent,MoveState,Moving,Goal,20.00,0.00,20.00,5.01,0.00,8.01,6.00,0.00,9.00,DStar
1844,4.88,AgentPrefab,Agent,MoveState,Moving,Goal,20.00,0.00,20.00,5.02,0.00,8.02,6.00,0.00,9.00,DStar
1845,4.89,AgentPrefab,Agent,MoveState,Moving,Goal,20.00,0.00,20.00,5.02,0.00,8.02,6.00,0.00,9.00,DStar
1846,4.89,AgentPrefab,Agent,MoveState,Moving,Goal,20.00,0.00,20.00,5.02,0.00,8.02,6.00,0.00,9.00,DStar
1847,4.89,AgentPrefab,Agent,MoveState,Moving,Goal,20.00,0.00,20.00,5.03,0.00,8.03,6.00,0.00,9.00,DStar
1848,4.89,AgentPrefab,Agent,MoveState,Moving,Goal,20.00,0.00,20.00,5.03,0.00,8.03,6.00,0.00,9.00,DStar
1849,4.90,AgentPrefab,Agent,MoveState,Moving,Goal,20.00,0.00,20.00,5.03,0.00,8.03,6.00,0.00,9.00,DStar
1850,4.90,AgentPrefab,Agent,MoveState,Moving,Goal,20.00,0.00,20.00,5.04,0.00,8.04,6.00,0.00,9.00,DStar
1851,4.90,AgentPrefab,Agent,MoveState,Moving,Goal,20.00,0.00,20.00,5.04,0.00,8.04,6.00,0.00,9.00,DStar
1852,4.90,AgentPrefab,Agent,MoveState,Moving,Goal,20.00,0.00,20.00,5.05,0.00,8.05,6.00,0.00,9.00,DStar
1853,4.91,AgentPrefab,Agent,MoveState,Moving,Goal,20.00,0.00,20.00,5.05,0.00,8.05,6.00,0.00,9.00,DStar
1854,4.91,AgentPrefab,Agent,MoveState,Moving,Goal,20.00,0.00,20.00,5.05,0.00,8.05,6.00,0.00,9.00,DStar
1855,4.91,AgentPrefab,Agent,MoveState,Moving,Goal,20.00,0.00,20.00,5.06,0.00,8.06,6.00,0.00,9.00,DStar
1856,4.91,AgentPrefab,Agent,MoveState,Moving,Goal,20.00,0.00,20.00,5.06,0.00,8.06,6.00,0.00,9.00,DStar
1857,4.92,AgentPrefab,Agent,MoveState,Moving,Goal,20.00,0.00,20.00,5.06,0.00,8.06,6.00,0.00,9.00,DStar
1858,4.92,AgentPrefab,Agent,MoveState,Moving,Goal,20.00,0.00,20.00,5.07,0.00,8.07,6.00,0.00,9.00,DStar
1859,4.92,AgentPrefab,Agent,MoveState,Moving,Goal,20.00,0.00,20.00,5.07,0.00,8.07,6.00,0.00,9.00,DStar
1860,4.92,AgentPrefab,Agent,MoveState,Moving,Goal,20.00,0.00,20.00,5.08,0.00,8.08,6.00,0.00,9.00,DStar
1861,4.93,AgentPrefab,Agent,MoveState,Moving,Goal,20.00,0.00,20.00,5.08,0.00,8.08,6.00,0.00,9.00,DStar
1862,4.93,AgentPrefab,Agent,MoveState,Moving,Goal,20.00,0.00,20.00,5.08,0.00,8.08,6.00,0.00,9.00,DStar
1863,4.93,AgentPrefab,Agent,MoveState,Moving,Goal,20.00,0.00,20.00,5.09,0.00,8.09,6.00,0.00,9.00,DStar
1864,4.93,AgentPrefab,Agent,MoveState,Moving,Goal,20.00,0.00,20.00,5.09,0.00,8.09,6.00,0.00,9.00,DStar
1865,4.94,AgentPrefab,Agent,MoveState,Moving,Goal,20.00,0.00,20.00,5.09,0.00,8.09,6.00,0.00,9.00,DStar
1866,4.94,AgentPrefab,Agent,MoveState,Moving,Goal,20.00,0.00,20.00,5.10,0.00,8.10,6.00,0.00,9.00,DStar
1867,4.94,AgentPrefab,Agent,MoveState,Moving,Goal,20.00,0.00,20.00,5.10,0.00,8.10,6.00,0.00,9.00,DStar
1868,4.94,AgentPrefab,Agent,MoveState,Moving,Goal,20.00,0.00,20.00,5.10,0.00,8.10,6.00,0.00,9.00,DStar
1869,4.95,AgentPrefab,Agent,MoveState,Moving,Goal,20.00,0.00,20.00,5.11,0.00,8.11,6.00,0.00,9.00,DStar
1870,4.95,AgentPrefab,Agent,MoveState,Moving,Goal,20.00,0.00,20.00,5.11,0.00,8.11,6.00,0.00,9.00,DStar
1871,4.95,AgentPrefab,Agent,MoveState,Moving,Goal,20.00,0.00,20.00,5.11,0.00,8.11,6.00,0.00,9.00,DStar
1872,4.95,AgentPrefab,Agent,MoveState,Moving,Goal,20.00,0.00,20.00,5.12,0.00,8.12,6.00,0.00,9.00,DStar
1873,4.96,AgentPrefab,Agent,MoveState,Moving,Goal,20.00,0.00,20.00,5.12,0.00,8.12,6.00,0.00,9.00,DStar
1874,4.96,AgentPrefab,Agent,MoveState,Moving,Goal,20.00,0.00,20.00,5.12,0.00,8.12,6.00,0.00,9.00,DStar
1875,4.96,AgentPrefab,Agent,MoveState,Moving,Goal,20.00,0.00,20.00,5.13,0.00,8.13,6.00,0.00,9.00,DStar
1876,4.96,AgentPrefab,Agent,MoveState,Moving,Goal,20.00,0.00,20.00,5.13,0.00,8.13,6.00,0.00,9.00,DStar
1877,4.97,AgentPrefab,Agent,MoveState,Moving,Goal,20.00,0.00,20.00,5.13,0.00,8.13,6.00,0.00,9.00,DStar
1878,4.97,AgentPrefab,Agent,MoveState,Moving,Goal,20.00,0.00,20.00,5.14,0.00,8.14,6.00,0.00,9.00,DStar
1879,4.97,AgentPrefab,Agent,MoveState,Moving,Goal,20.00,0.00,20.00,5.14,0.00,8.14,6.00,0.00,9.00,DStar
1880,4.97,AgentPrefab,Agent,MoveState,Moving,Goal,20.00,0.00,20.00,5.14,0.00,8.14,6.00,0.00,9.00,DStar
1881,4.98,AgentPrefab,Agent,MoveState,Moving,Goal,20.00,0.00,20.00,5.15,0.00,8.15,6.00,0.00,9.00,DStar
1882,4.98,AgentPrefab,Agent,MoveState,Moving,Goal,20.00,0.00,20.00,5.15,0.00,8.15,6.00,0.00,9.00,DStar
1883,4.98,AgentPrefab,Agent,MoveState,Moving,Goal,20.00,0.00,20.00,5.15,0.00,8.15,6.00,0.00,9.00,DStar
1884,4.98,AgentPrefab,Agent,MoveState,Moving,Goal,20.00,0.00,20.00,5.16,0.00,8.16,5.16,0.00,8.16,DStar
1885,4.99,AgentPrefab,Agent,MoveState,Moving,Goal,20.00,0.00,20.00,5.16,0.00,8.16,6.00,0.00,9.00,DStar
1886,4.99,AgentPrefab,Agent,MoveState,Moving,Goal,20.00,0.00,20.00,5.16,0.00,8.16,6.00,0.00,9.00,DStar
1887,4.99,AgentPrefab,Agent,MoveState,Moving,Goal,20.00,0.00,20.00,5.17,0.00,8.17,6.00,0.00,9.00,DStar
1888,4.99,AgentPrefab,Agent,MoveState,Moving,Goal,20.00,0.00,20.00,5.17,0.00,8.17,6.00,0.00,9.00,DStar
1889,5.00,AgentPrefab,Agent,MoveState,Moving,Goal,20.00,0.00,20.00,5.18,0.00,8.18,6.00,0.00,9.00,DStar
1890,5.00,AgentPrefab,Agent,MoveState,Moving,Goal,20.00,0.00,20.00,5.18,0.00,8.18,6.00,0.00,9.00,DStar
1891,5.00,AgentPrefab,Agent,MoveState,Moving,Goal,20.00,0.00,20.00,5.18,0.00,8.18,6.00,0.00,9.00,DStar
1892,5.00,AgentPrefab,Agent,MoveState,Moving,Goal,20.00,0.00,20.00,5.19,0.00,8.19,6.00,0.00,9.00,DStar
1893,5.01,AgentPrefab,Agent,MoveState,Moving,Goal,20.00,0.00,20.00,5.19,0.00,8.19,6.00,0.00,9.00,DStar
1894,5.01,AgentPrefab,Agent,MoveState,Moving,Goal,20.00,0.00,20.00,5.19,0.00,8.19,6.00,0.00,9.00,DStar
1895,5.01,AgentPrefab,Agent,MoveState,Moving,Goal,20.00,0.00,20.00,5.20,0.00,8.20,6.00,0.00,9.00,DStar
1896,5.01,AgentPrefab,Agent,MoveState,Moving,Goal,20.00,0.00,20.00,5.20,0.00,8.20,6.00,0.00,9.00,DStar
1897,5.02,AgentPrefab,Agent,MoveState,Moving,Goal,20.00,0.00,20.00,5.20,0.00,8.20,6.00,0.00,9.00,DStar
1898,5.02,AgentPrefab,Agent,MoveState,Moving,Goal,20.00,0.00,20.00,5.21,0.00,8.21,6.00,0.00,9.00,DStar
1899,5.02,AgentPrefab,Agent,MoveState,Moving,Goal,20.00,0.00,20.00,5.21,0.00,8.21,6.00,0.00,9.00,DStar
1900,5.03,AgentPrefab,Agent,MoveState,Moving,Goal,20.00,0.00,20.00,5.22,0.00,8.22,6.00,0.00,9.00,DStar
1901,5.03,AgentPrefab,Agent,MoveState,Moving,Goal,20.00,0.00,20.00,5.22,0.00,8.22,6.00,0.00,9.00,DStar
1902,5.03,AgentPrefab,Agent,MoveState,Moving,Goal,20.00,0.00,20.00,5.22,0.00,8.22,6.00,0.00,9.00,DStar
1903,5.03,AgentPrefab,Agent,MoveState,Moving,Goal,20.00,0.00,20.00,5.23,0.00,8.23,6.00,0.00,9.00,DStar
1904,5.04,AgentPrefab,Agent,MoveState,Moving,Goal,20.00,0.00,20.00,5.23,0.00,8.23,6.00,0.00,9.00,DStar
1905,5.04,AgentPrefab,Agent,MoveState,Moving,Goal,20.00,0.00,20.00,5.23,0.00,8.23,6.00,0.00,9.00,DStar
1906,5.04,AgentPrefab,Agent,MoveState,Moving,Goal,20.00,0.00,20.00,5.24,0.00,8.24,6.00,0.00,9.00,DStar
1907,5.04,AgentPrefab,Agent,MoveState,Moving,Goal,20.00,0.00,20.00,5.24,0.00,8.24,6.00,0.00,9.00,DStar
1908,5.05,AgentPrefab,Agent,MoveState,Moving,Goal,20.00,0.00,20.00,5.24,0.00,8.24,6.00,0.00,9.00,DStar
1909,5.05,AgentPrefab,Agent,MoveState,Moving,Goal,20.00,0.00,20.00,5.25,0.00,8.25,6.00,0.00,9.00,DStar
1910,5.05,AgentPrefab,Agent,MoveState,Moving,Goal,20.00,0.00,20.00,5.26,0.00,8.26,6.00,0.00,9.00,DStar
1911,5.06,AgentPrefab,Agent,MoveState,Moving,Goal,20.00,0.00,20.00,5.26,0.00,8.26,6.00,0.00,9.00,DStar
1912,5.06,AgentPrefab,Agent,MoveState,Moving,Goal,20.00,0.00,20.00,5.26,0.00,8.26,6.00,0.00,9.00,DStar
1913,5.06,AgentPrefab,Agent,MoveState,Moving,Goal,20.00,0.00,20.00,5.27,0.00,8.27,6.00,0.00,9.00,DStar
1914,5.06,AgentPrefab,Agent,MoveState,Moving,Goal,20.00,0.00,20.00,5.27,0.00,8.27,6.00,0.00,9.00,DStar
1915,5.07,AgentPrefab,Agent,MoveState,Moving,Goal,20.00,0.00,20.00,5.27,0.00,8.27,6.00,0.00,9.00,DStar
1916,5.07,AgentPrefab,Agent,MoveState,Moving,Goal,20.00,0.00,20.00,5.27,0.00,8.27,6.00,0.00,9.00,DStar
1917,5.07,AgentPrefab,Agent,MoveState,Moving,Goal,20.00,0.00,20.00,5.28,0.00,8.28,6.00,0.00,9.00,DStar
1918,5.07,AgentPrefab,Agent,MoveState,Moving,Goal,20.00,0.00,20.00,5.28,0.00,8.28,6.00,0.00,9.00,DStar
1919,5.08,AgentPrefab,Agent,MoveState,Moving,Goal,20.00,0.00,20.00,5.29,0.00,8.29,6.00,0.00,9.00,DStar
1920,5.08,AgentPrefab,Agent,MoveState,Moving,Goal,20.00,0.00,20.00,5.29,0.00,8.29,6.00,0.00,9.00,DStar
1921,5.08,AgentPrefab,Agent,MoveState,Moving,Goal,20.00,0.00,20.00,5.29,0.00,8.29,6.00,0.00,9.00,DStar
1922,5.08,AgentPrefab,Agent,MoveState,Moving,Goal,20.00,0.00,20.00,5.30,0.00,8.30,6.00,0.00,9.00,DStar
1923,5.08,AgentPrefab,Agent,MoveState,Moving,Goal,20.00,0.00,20.00,5.30,0.00,8.30,6.00,0.00,9.00,DStar
1924,5.09,AgentPrefab,Agent,MoveState,Moving,Goal,20.00,0.00,20.00,5.30,0.00,8.30,6.00,0.00,9.00,DStar
1925,5.09,AgentPrefab,Agent,MoveState,Moving,Goal,20.00,0.00,20.00,5.31,0.00,8.31,6.00,0.00,9.00,DStar
1926,5.09,AgentPrefab,Agent,MoveState,Moving,Goal,20.00,0.00,20.00,5.31,0.00,8.31,6.00,0.00,9.00,DStar
1927,5.09,AgentPrefab,Agent,MoveState,Moving,Goal,20.00,0.00,20.00,5.31,0.00,8.31,6.00,0.00,9.00,DStar
1928,5.10,AgentPrefab,Agent,MoveState,Moving,Goal,20.00,0.00,20.00,5.32,0.00,8.32,6.00,0.00,9.00,DStar
1929,5.10,AgentPrefab,Agent,MoveState,Moving,Goal,20.00,0.00,20.00,5.32,0.00,8.32,6.00,0.00,9.00,DStar
1930,5.10,AgentPrefab,Agent,MoveState,Moving,Goal,20.00,0.00,20.00,5.32,0.00,8.32,6.00,0.00,9.00,DStar
1931,5.10,AgentPrefab,Agent,MoveState,Moving,Goal,20.00,0.00,20.00,5.33,0.00,8.33,6.00,0.00,9.00,DStar
1932,5.11,AgentPrefab,Agent,MoveState,Moving,Goal,20.00,0.00,20.00,5.33,0.00,8.33,6.00,0.00,9.00,DStar
1933,5.11,AgentPrefab,Agent,MoveState,Moving,Goal,20.00,0.00,20.00,5.33,0.00,8.33,6.00,0.00,9.00,DStar
1934,5.11,AgentPrefab,Agent,MoveState,Moving,Goal,20.00,0.00,20.00,5.34,0.00,8.34,6.00,0.00,9.00,DStar
1935,5.11,AgentPrefab,Agent,MoveState,Moving,Goal,20.00,0.00,20.00,5.34,0.00,8.34,6.00,0.00,9.00,DStar
1936,5.12,AgentPrefab,Agent,MoveState,Moving,Goal,20.00,0.00,20.00,5.34,0.00,8.34,6.00,0.00,9.00,DStar
1937,5.12,AgentPrefab,Agent,MoveState,Moving,Goal,20.00,0.00,20.00,5.35,0.00,8.35,6.00,0.00,9.00,DStar
1938,5.12,AgentPrefab,Agent,MoveState,Moving,Goal,20.00,0.00,20.00,5.35,0.00,8.35,6.00,0.00,9.00,DStar
1939,5.12,AgentPrefab,Agent,MoveState,Moving,Goal,20.00,0.00,20.00,5.35,0.00,8.35,6.00,0.00,9.00,DStar
1940,5.13,AgentPrefab,Agent,MoveState,Moving,Goal,20.00,0.00,20.00,5.36,0.00,8.36,6.00,0.00,9.00,DStar
1941,5.13,AgentPrefab,Agent,MoveState,Moving,Goal,20.00,0.00,20.00,5.36,0.00,8.36,6.00,0.00,9.00,DStar
1942,5.13,AgentPrefab,Agent,MoveState,Moving,Goal,20.00,0.00,20.00,5.36,0.00,8.36,6.00,0.00,9.00,DStar
1943,5.13,AgentPrefab,Agent,MoveState,Moving,Goal,20.00,0.00,20.00,5.37,0.00,8.37,6.00,0.00,9.00,DStar
1944,5.14,AgentPrefab,Agent,MoveState,Moving,Goal,20.00,0.00,20.00,5.37,0.00,8.37,6.00,0.00,9.00,DStar
1945,5.14,AgentPrefab,Agent,MoveState,Moving,Goal,20.00,0.00,20.00,5.38,0.00,8.38,6.00,0.00,9.00,DStar
1946,5.14,AgentPrefab,Agent,MoveState,Moving,Goal,20.00,0.00,20.00,5.38,0.00,8.38,6.00,0.00,9.00,DStar
1947,5.14,AgentPrefab,Agent,MoveState,Moving,Goal,20.00,0.00,20.00,5.38,0.00,8.38,6.00,0.00,9.00,DStar
1948,5.15,AgentPrefab,Agent,MoveState,Moving,Goal,20.00,0.00,20.00,5.39,0.00,8.39,6.00,0.00,9.00,DStar
1949,5.15,AgentPrefab,Agent,MoveState,Moving,Goal,20.00,0.00,20.00,5.39,0.00,8.39,6.00,0.00,9.00,DStar
1950,5.15,AgentPrefab,Agent,MoveState,Moving,Goal,20.00,0.00,20.00,5.39,0.00,8.39,6.00,0.00,9.00,DStar
1951,5.15,AgentPrefab,Agent,MoveState,Moving,Goal,20.00,0.00,20.00,5.40,0.00,8.40,6.00,0.00,9.00,DStar
1952,5.16,AgentPrefab,Agent,MoveState,Moving,Goal,20.00,0.00,20.00,5.40,0.00,8.40,6.00,0.00,9.00,DStar
1953,5.16,AgentPrefab,Agent,MoveState,Moving,Goal,20.00,0.00,20.00,5.40,0.00,8.40,6.00,0.00,9.00,DStar
1954,5.16,AgentPrefab,Agent,MoveState,Moving,Goal,20.00,0.00,20.00,5.41,0.00,8.41,6.00,0.00,9.00,DStar
1955,5.16,AgentPrefab,Agent,MoveState,Moving,Goal,20.00,0.00,20.00,5.41,0.00,8.41,6.00,0.00,9.00,DStar
1956,5.17,AgentPrefab,Agent,MoveState,Moving,Goal,20.00,0.00,20.00,5.41,0.00,8.41,6.00,0.00,9.00,DStar
1957,5.17,AgentPrefab,Agent,MoveState,Moving,Goal,20.00,0.00,20.00,5.42,0.00,8.42,6.00,0.00,9.00,DStar
1958,5.17,AgentPrefab,Agent,MoveState,Moving,Goal,20.00,0.00,20.00,5.42,0.00,8.42,6.00,0.00,9.00,DStar
1959,5.17,AgentPrefab,Agent,MoveState,Moving,Goal,20.00,0.00,20.00,5.42,0.00,8.42,6.00,0.00,9.00,DStar
1960,5.18,AgentPrefab,Agent,MoveState,Moving,Goal,20.00,0.00,20.00,5.43,0.00,8.43,6.00,0.00,9.00,DStar
1961,5.18,AgentPrefab,Agent,MoveState,Moving,Goal,20.00,0.00,20.00,5.43,0.00,8.43,6.00,0.00,9.00,DStar
1962,5.18,AgentPrefab,Agent,MoveState,Moving,Goal,20.00,0.00,20.00,5.43,0.00,8.43,6.00,0.00,9.00,DStar
1963,5.18,AgentPrefab,Agent,MoveState,Moving,Goal,20.00,0.00,20.00,5.44,0.00,8.44,6.00,0.00,9.00,DStar
1964,5.19,AgentPrefab,Agent,MoveState,Moving,Goal,20.00,0.00,20.00,5.44,0.00,8.44,6.00,0.00,9.00,DStar
1965,5.19,AgentPrefab,Agent,MoveState,Moving,Goal,20.00,0.00,20.00,5.44,0.00,8.44,6.00,0.00,9.00,DStar
1966,5.19,AgentPrefab,Agent,MoveState,Moving,Goal,20.00,0.00,20.00,5.45,0.00,8.45,6.00,0.00,9.00,DStar
1967,5.19,AgentPrefab,Agent,MoveState,Moving,Goal,20.00,0.00,20.00,5.45,0.00,8.45,6.00,0.00,9.00,DStar
1968,5.20,AgentPrefab,Agent,MoveState,Moving,Goal,20.00,0.00,20.00,5.46,0.00,8.46,6.00,0.00,9.00,DStar
1969,5.20,AgentPrefab,Agent,MoveState,Moving,Goal,20.00,0.00,20.00,5.46,0.00,8.46,6.00,0.00,9.00,DStar
1970,5.20,AgentPrefab,Agent,MoveState,Moving,Goal,20.00,0.00,20.00,5.46,0.00,8.46,6.00,0.00,9.00,DStar
1971,5.20,AgentPrefab,Agent,MoveState,Moving,Goal,20.00,0.00,20.00,5.47,0.00,8.47,6.00,0.00,9.00,DStar
1972,5.21,AgentPrefab,Agent,MoveState,Moving,Goal,20.00,0.00,20.00,5.47,0.00,8.47,6.00,0.00,9.00,DStar
1973,5.21,AgentPrefab,Agent,MoveState,Moving,Goal,20.00,0.00,20.00,5.47,0.00,8.47,6.00,0.00,9.00,DStar
1974,5.21,AgentPrefab,Agent,MoveState,Moving,Goal,20.00,0.00,20.00,5.48,0.00,8.48,6.00,0.00,9.00,DStar
1975,5.21,AgentPrefab,Agent,MoveState,Moving,Goal,20.00,0.00,20.00,5.48,0.00,8.48,6.00,0.00,9.00,DStar
1976,5.22,AgentPrefab,Agent,MoveState,Moving,Goal,20.00,0.00,20.00,5.48,0.00,8.48,6.00,0.00,9.00,DStar
1977,5.22,AgentPrefab,Agent,MoveState,Moving,Goal,20.00,0.00,20.00,5.49,0.00,8.49,6.00,0.00,9.00,DStar
1978,5.22,AgentPrefab,Agent,MoveState,Moving,Goal,20.00,0.00,20.00,5.49,0.00,8.49,6.00,0.00,9.00,DStar
1979,5.22,AgentPrefab,Agent,MoveState,Moving,Goal,20.00,0.00,20.00,5.50,0.00,8.50,6.00,0.00,9.00,DStar
1980,5.23,AgentPrefab,Agent,MoveState,Moving,Goal,20.00,0.00,20.00,5.50,0.00,8.50,6.00,0.00,9.00,DStar
1981,5.23,AgentPrefab,Agent,MoveState,Moving,Goal,20.00,0.00,20.00,5.50,0.00,8.50,6.00,0.00,9.00,DStar
1982,5.23,AgentPrefab,Agent,MoveState,Moving,Goal,20.00,0.00,20.00,5.51,0.00,8.51,6.00,0.00,9.00,DStar
1983,5.23,AgentPrefab,Agent,MoveState,Moving,Goal,20.00,0.00,20.00,5.51,0.00,8.51,6.00,0.00,9.00,DStar
1984,5.24,AgentPrefab,Agent,MoveState,Moving,Goal,20.00,0.00,20.00,5.51,0.00,8.51,6.00,0.00,9.00,DStar
1985,5.24,AgentPrefab,Agent,MoveState,Moving,Goal,20.00,0.00,20.00,5.52,0.00,8.52,6.00,0.00,9.00,DStar
1986,5.24,AgentPrefab,Agent,MoveState,Moving,Goal,20.00,0.00,20.00,5.52,0.00,8.52,6.00,0.00,9.00,DStar
1987,5.24,AgentPrefab,Agent,MoveState,Moving,Goal,20.00,0.00,20.00,5.52,0.00,8.52,6.00,0.00,9.00,DStar
1988,5.24,AgentPrefab,Agent,MoveState,Moving,Goal,20.00,0.00,20.00,5.53,0.00,8.53,6.00,0.00,9.00,DStar
1989,5.25,AgentPrefab,Agent,MoveState,Moving,Goal,20.00,0.00,20.00,5.53,0.00,8.53,6.00,0.00,9.00,DStar
1990,5.25,AgentPrefab,Agent,MoveState,Moving,Goal,20.00,0.00,20.00,5.53,0.00,8.53,6.00,0.00,9.00,DStar
1991,5.25,AgentPrefab,Agent,MoveState,Moving,Goal,20.00,0.00,20.00,5.54,0.00,8.54,6.00,0.00,9.00,DStar
1992,5.26,AgentPrefab,Agent,MoveState,Moving,Goal,20.00,0.00,20.00,5.54,0.00,8.54,6.00,0.00,9.00,DStar
1993,5.26,AgentPrefab,Agent,MoveState,Moving,Goal,20.00,0.00,20.00,5.55,0.00,8.55,6.00,0.00,9.00,DStar
1994,5.26,AgentPrefab,Agent,MoveState,Moving,Goal,20.00,0.00,20.00,5.55,0.00,8.55,6.00,0.00,9.00,DStar
1995,5.26,AgentPrefab,Agent,MoveState,Moving,Goal,20.00,0.00,20.00,5.55,0.00,8.55,6.00,0.00,9.00,DStar
1996,5.27,AgentPrefab,Agent,MoveState,Moving,Goal,20.00,0.00,20.00,5.56,0.00,8.56,6.00,0.00,9.00,DStar
1997,5.27,AgentPrefab,Agent,MoveState,Moving,Goal,20.00,0.00,20.00,5.56,0.00,8.56,6.00,0.00,9.00,DStar
1998,5.27,AgentPrefab,Agent,MoveState,Moving,Goal,20.00,0.00,20.00,5.56,0.00,8.56,6.00,0.00,9.00,DStar
1999,5.28,AgentPrefab,Agent,MoveState,Moving,Goal,20.00,0.00,20.00,5.57,0.00,8.57,6.00,0.00,9.00,DStar
2000,5.28,AgentPrefab,Agent,MoveState,Moving,Goal,20.00,0.00,20.00,5.57,0.00,8.57,6.00,0.00,9.00,DStar
2001,5.28,AgentPrefab,Agent,MoveState,Moving,Goal,20.00,0.00,20.00,5.58,0.00,8.58,6.00,0.00,9.00,DStar
2002,5.28,AgentPrefab,Agent,MoveState,Moving,Goal,20.00,0.00,20.00,5.58,0.00,8.58,6.00,0.00,9.00,DStar
2003,5.29,AgentPrefab,Agent,MoveState,Moving,Goal,20.00,0.00,20.00,5.58,0.00,8.58,6.00,0.00,9.00,DStar
2004,5.29,AgentPrefab,Agent,MoveState,Moving,Goal,20.00,0.00,20.00,5.59,0.00,8.59,6.00,0.00,9.00,DStar
2005,5.29,AgentPrefab,Agent,MoveState,Moving,Goal,20.00,0.00,20.00,5.59,0.00,8.59,6.00,0.00,9.00,DStar
2006,5.29,AgentPrefab,Agent,MoveState,Moving,Goal,20.00,0.00,20.00,5.59,0.00,8.59,6.00,0.00,9.00,DStar
2007,5.30,AgentPrefab,Agent,MoveState,Moving,Goal,20.00,0.00,20.00,5.60,0.00,8.60,6.00,0.00,9.00,DStar
2008,5.30,AgentPrefab,Agent,MoveState,Moving,Goal,20.00,0.00,20.00,5.60,0.00,8.60,6.00,0.00,9.00,DStar
2009,5.30,AgentPrefab,Agent,MoveState,Moving,Goal,20.00,0.00,20.00,5.60,0.00,8.60,6.00,0.00,9.00,DStar
2010,5.30,AgentPrefab,Agent,MoveState,Moving,Goal,20.00,0.00,20.00,5.61,0.00,8.61,6.00,0.00,9.00,DStar
2011,5.30,AgentPrefab,Agent,MoveState,Moving,Goal,20.00,0.00,20.00,5.61,0.00,8.61,6.00,0.00,9.00,DStar
2012,5.31,AgentPrefab,Agent,MoveState,Moving,Goal,20.00,0.00,20.00,5.61,0.00,8.61,6.00,0.00,9.00,DStar
2013,5.31,AgentPrefab,Agent,MoveState,Moving,Goal,20.00,0.00,20.00,5.62,0.00,8.62,6.00,0.00,9.00,DStar
2014,5.31,AgentPrefab,Agent,MoveState,Moving,Goal,20.00,0.00,20.00,5.62,0.00,8.62,6.00,0.00,9.00,DStar
2015,5.31,AgentPrefab,Agent,MoveState,Moving,Goal,20.00,0.00,20.00,5.62,0.00,8.62,6.00,0.00,9.00,DStar
2016,5.32,AgentPrefab,Agent,MoveState,Moving,Goal,20.00,0.00,20.00,5.63,0.00,8.63,6.00,0.00,9.00,DStar
2017,5.32,AgentPrefab,Agent,MoveState,Moving,Goal,20.00,0.00,20.00,5.63,0.00,8.63,6.00,0.00,9.00,DStar
2018,5.32,AgentPrefab,Agent,MoveState,Moving,Goal,20.00,0.00,20.00,5.63,0.00,8.63,6.00,0.00,9.00,DStar
2019,5.32,AgentPrefab,Agent,MoveState,Moving,Goal,20.00,0.00,20.00,5.64,0.00,8.64,6.00,0.00,9.00,DStar
2020,5.33,AgentPrefab,Agent,MoveState,Moving,Goal,20.00,0.00,20.00,5.64,0.00,8.64,6.00,0.00,9.00,DStar
2021,5.33,AgentPrefab,Agent,MoveState,Moving,Goal,20.00,0.00,20.00,5.65,0.00,8.65,6.00,0.00,9.00,DStar
2022,5.33,AgentPrefab,Agent,MoveState,Moving,Goal,20.00,0.00,20.00,5.65,0.00,8.65,6.00,0.00,9.00,DStar
2023,5.33,AgentPrefab,Agent,MoveState,Moving,Goal,20.00,0.00,20.00,5.65,0.00,8.65,6.00,0.00,9.00,DStar
2024,5.34,AgentPrefab,Agent,MoveState,Moving,Goal,20.00,0.00,20.00,5.66,0.00,8.66,6.00,0.00,9.00,DStar
2025,5.34,AgentPrefab,Agent,MoveState,Moving,Goal,20.00,0.00,20.00,5.66,0.00,8.66,6.00,0.00,9.00,DStar
2026,5.34,AgentPrefab,Agent,MoveState,Moving,Goal,20.00,0.00,20.00,5.66,0.00,8.66,6.00,0.00,9.00,DStar
2027,5.34,AgentPrefab,Agent,MoveState,Moving,Goal,20.00,0.00,20.00,5.67,0.00,8.67,6.00,0.00,9.00,DStar
2028,5.35,AgentPrefab,Agent,MoveState,Moving,Goal,20.00,0.00,20.00,5.67,0.00,8.67,6.00,0.00,9.00,DStar
2029,5.35,AgentPrefab,Agent,MoveState,Moving,Goal,20.00,0.00,20.00,5.67,0.00,8.67,6.00,0.00,9.00,DStar
2030,5.35,AgentPrefab,Agent,MoveState,Moving,Goal,20.00,0.00,20.00,5.68,0.00,8.68,6.00,0.00,9.00,DStar
2031,5.36,AgentPrefab,Agent,MoveState,Moving,Goal,20.00,0.00,20.00,5.68,0.00,8.68,6.00,0.00,9.00,DStar
2032,5.36,AgentPrefab,Agent,MoveState,Moving,Goal,20.00,0.00,20.00,5.69,0.00,8.69,6.00,0.00,9.00,DStar
2033,5.36,AgentPrefab,Agent,MoveState,Moving,Goal,20.00,0.00,20.00,5.69,0.00,8.69,6.00,0.00,9.00,DStar
2034,5.37,AgentPrefab,Agent,MoveState,Moving,Goal,20.00,0.00,20.00,5.70,0.00,8.70,6.00,0.00,9.00,DStar
2035,5.37,AgentPrefab,Agent,MoveState,Moving,Goal,20.00,0.00,20.00,5.70,0.00,8.70,6.00,0.00,9.00,DStar
2036,5.37,AgentPrefab,Agent,MoveState,Moving,Goal,20.00,0.00,20.00,5.70,0.00,8.70,6.00,0.00,9.00,DStar
2037,5.37,AgentPrefab,Agent,MoveState,Moving,Goal,20.00,0.00,20.00,5.71,0.00,8.71,6.00,0.00,9.00,DStar
2038,5.38,AgentPrefab,Agent,MoveState,Moving,Goal,20.00,0.00,20.00,5.71,0.00,8.71,6.00,0.00,9.00,DStar
2039,5.38,AgentPrefab,Agent,MoveState,Moving,Goal,20.00,0.00,20.00,5.71,0.00,8.71,6.00,0.00,9.00,DStar
2040,5.38,AgentPrefab,Agent,MoveState,Moving,Goal,20.00,0.00,20.00,5.72,0.00,8.72,6.00,0.00,9.00,DStar
2041,5.38,AgentPrefab,Agent,MoveState,Moving,Goal,20.00,0.00,20.00,5.72,0.00,8.72,6.00,0.00,9.00,DStar
2042,5.39,AgentPrefab,Agent,MoveState,Moving,Goal,20.00,0.00,20.00,5.72,0.00,8.72,6.00,0.00,9.00,DStar
2043,5.39,AgentPrefab,Agent,MoveState,Moving,Goal,20.00,0.00,20.00,5.73,0.00,8.73,6.00,0.00,9.00,DStar
2044,5.39,AgentPrefab,Agent,MoveState,Moving,Goal,20.00,0.00,20.00,5.73,0.00,8.73,6.00,0.00,9.00,DStar
2045,5.39,AgentPrefab,Agent,MoveState,Moving,Goal,20.00,0.00,20.00,5.74,0.00,8.74,6.00,0.00,9.00,DStar
2046,5.40,AgentPrefab,Agent,MoveState,Moving,Goal,20.00,0.00,20.00,5.74,0.00,8.74,6.00,0.00,9.00,DStar
2047,5.40,AgentPrefab,Agent,MoveState,Moving,Goal,20.00,0.00,20.00,5.74,0.00,8.74,6.00,0.00,9.00,DStar
2048,5.40,AgentPrefab,Agent,MoveState,Moving,Goal,20.00,0.00,20.00,5.75,0.00,8.75,6.00,0.00,9.00,DStar
2049,5.40,AgentPrefab,Agent,MoveState,Moving,Goal,20.00,0.00,20.00,5.75,0.00,8.75,6.00,0.00,9.00,DStar
2050,5.41,AgentPrefab,Agent,MoveState,Moving,Goal,20.00,0.00,20.00,5.76,0.00,8.76,6.00,0.00,9.00,DStar
2051,5.41,AgentPrefab,Agent,MoveState,Moving,Goal,20.00,0.00,20.00,5.76,0.00,8.76,6.00,0.00,9.00,DStar
2052,5.41,AgentPrefab,Agent,MoveState,Moving,Goal,20.00,0.00,20.00,5.76,0.00,8.76,6.00,0.00,9.00,DStar
2053,5.41,AgentPrefab,Agent,MoveState,Moving,Goal,20.00,0.00,20.00,5.77,0.00,8.77,6.00,0.00,9.00,DStar
2054,5.42,AgentPrefab,Agent,MoveState,Moving,Goal,20.00,0.00,20.00,5.77,0.00,8.77,6.00,0.00,9.00,DStar
2055,5.42,AgentPrefab,Agent,MoveState,Moving,Goal,20.00,0.00,20.00,5.77,0.00,8.77,6.00,0.00,9.00,DStar
2056,5.42,AgentPrefab,Agent,MoveState,Moving,Goal,20.00,0.00,20.00,5.78,0.00,8.78,6.00,0.00,9.00,DStar
2057,5.42,AgentPrefab,Agent,MoveState,Moving,Goal,20.00,0.00,20.00,5.78,0.00,8.78,6.00,0.00,9.00,DStar
2058,5.43,AgentPrefab,Agent,MoveState,Moving,Goal,20.00,0.00,20.00,5.78,0.00,8.78,6.00,0.00,9.00,DStar
2059,5.43,AgentPrefab,Agent,MoveState,Moving,Goal,20.00,0.00,20.00,5.79,0.00,8.79,6.00,0.00,9.00,DStar
2060,5.43,AgentPrefab,Agent,MoveState,Moving,Goal,20.00,0.00,20.00,5.79,0.00,8.79,6.00,0.00,9.00,DStar
2061,5.43,AgentPrefab,Agent,MoveState,Moving,Goal,20.00,0.00,20.00,5.79,0.00,8.79,6.00,0.00,9.00,DStar
2062,5.44,AgentPrefab,Agent,MoveState,Moving,Goal,20.00,0.00,20.00,5.80,0.00,8.80,6.00,0.00,9.00,DStar
2063,5.44,AgentPrefab,Agent,MoveState,Moving,Goal,20.00,0.00,20.00,5.80,0.00,8.80,6.00,0.00,9.00,DStar
2064,5.44,AgentPrefab,Agent,MoveState,Moving,Goal,20.00,0.00,20.00,5.80,0.00,8.80,6.00,0.00,9.00,DStar
2065,5.44,AgentPrefab,Agent,MoveState,Moving,Goal,20.00,0.00,20.00,5.81,0.00,8.81,6.00,0.00,9.00,DStar
2066,5.45,AgentPrefab,Agent,MoveState,Moving,Goal,20.00,0.00,20.00,5.81,0.00,8.81,6.00,0.00,9.00,DStar
2067,5.45,AgentPrefab,Agent,MoveState,Moving,Goal,20.00,0.00,20.00,5.81,0.00,8.81,6.00,0.00,9.00,DStar
2068,5.45,AgentPrefab,Agent,MoveState,Moving,Goal,20.00,0.00,20.00,5.82,0.00,8.82,6.00,0.00,9.00,DStar
2069,5.46,AgentPrefab,Agent,MoveState,Moving,Goal,20.00,0.00,20.00,5.82,0.00,8.82,6.00,0.00,9.00,DStar
2070,5.46,AgentPrefab,Agent,MoveState,Moving,Goal,20.00,0.00,20.00,5.83,0.00,8.83,6.00,0.00,9.00,DStar
2071,5.46,AgentPrefab,Agent,MoveState,Moving,Goal,20.00,0.00,20.00,5.83,0.00,8.83,6.00,0.00,9.00,DStar
2072,5.46,AgentPrefab,Agent,MoveState,Moving,Goal,20.00,0.00,20.00,5.83,0.00,8.83,6.00,0.00,9.00,DStar
2073,5.46,AgentPrefab,Agent,MoveState,Moving,Goal,20.00,0.00,20.00,5.84,0.00,8.84,6.00,0.00,9.00,DStar
2074,5.47,AgentPrefab,Agent,MoveState,Moving,Goal,20.00,0.00,20.00,5.84,0.00,8.84,6.00,0.00,9.00,DStar
2075,5.47,AgentPrefab,Agent,MoveState,Moving,Goal,20.00,0.00,20.00,5.84,0.00,8.84,6.00,0.00,9.00,DStar
2076,5.47,AgentPrefab,Agent,MoveState,Moving,Goal,20.00,0.00,20.00,5.85,0.00,8.85,6.00,0.00,9.00,DStar
2077,5.48,AgentPrefab,Agent,MoveState,Moving,Goal,20.00,0.00,20.00,5.85,0.00,8.85,6.00,0.00,9.00,DStar
2078,5.48,AgentPrefab,Agent,MoveState,Moving,Goal,20.00,0.00,20.00,5.85,0.00,8.85,6.00,0.00,9.00,DStar
2079,5.48,AgentPrefab,Agent,MoveState,Moving,Goal,20.00,0.00,20.00,5.86,0.00,8.86,6.00,0.00,9.00,DStar
2080,5.48,AgentPrefab,Agent,MoveState,Moving,Goal,20.00,0.00,20.00,5.86,0.00,8.86,6.00,0.00,9.00,DStar
2081,5.48,AgentPrefab,Agent,MoveState,Moving,Goal,20.00,0.00,20.00,5.86,0.00,8.86,6.00,0.00,9.00,DStar
2082,5.49,AgentPrefab,Agent,MoveState,Moving,Goal,20.00,0.00,20.00,5.87,0.00,8.87,6.00,0.00,9.00,DStar
2083,5.49,AgentPrefab,Agent,MoveState,Moving,Goal,20.00,0.00,20.00,5.87,0.00,8.87,6.00,0.00,9.00,DStar
2084,5.49,AgentPrefab,Agent,MoveState,Moving,Goal,20.00,0.00,20.00,5.88,0.00,8.88,6.00,0.00,9.00,DStar
2085,5.49,AgentPrefab,Agent,MoveState,Moving,Goal,20.00,0.00,20.00,5.88,0.00,8.88,6.00,0.00,9.00,DStar
2086,5.50,AgentPrefab,Agent,MoveState,Moving,Goal,20.00,0.00,20.00,5.88,0.00,8.88,6.00,0.00,9.00,DStar
2087,5.50,AgentPrefab,Agent,MoveState,Moving,Goal,20.00,0.00,20.00,5.89,0.00,8.89,6.00,0.00,9.00,DStar
2088,5.50,AgentPrefab,Agent,MoveState,Moving,Goal,20.00,0.00,20.00,5.89,0.00,8.89,6.00,0.00,9.00,DStar
2089,5.51,AgentPrefab,Agent,MoveState,Moving,Goal,20.00,0.00,20.00,5.89,0.00,8.89,6.00,0.00,9.00,DStar
2090,5.51,AgentPrefab,Agent,MoveState,Moving,Goal,20.00,0.00,20.00,5.90,0.00,8.90,6.00,0.00,9.00,DStar
2091,5.51,AgentPrefab,Agent,MoveState,Moving,Goal,20.00,0.00,20.00,5.90,0.00,8.90,6.00,0.00,9.00,DStar
2092,5.51,AgentPrefab,Agent,MoveState,Moving,Goal,20.00,0.00,20.00,5.90,0.00,8.90,6.00,0.00,9.00,DStar
2093,5.51,AgentPrefab,Agent,MoveState,Moving,Goal,20.00,0.00,20.00,5.91,0.00,8.91,6.00,0.00,9.00,DStar
2094,5.52,AgentPrefab,Agent,MoveState,Moving,Goal,20.00,0.00,20.00,5.91,0.00,8.91,6.00,0.00,9.00,DStar
2095,5.52,AgentPrefab,Agent,MoveState,Moving,Goal,20.00,0.00,20.00,5.91,0.00,8.91,6.00,0.00,9.00,DStar
2096,5.52,AgentPrefab,Agent,MoveState,Moving,Goal,20.00,0.00,20.00,5.92,0.00,8.92,6.00,0.00,9.00,DStar
2097,5.53,AgentPrefab,Agent,MoveState,Moving,Goal,20.00,0.00,20.00,5.92,0.00,8.92,6.00,0.00,9.00,DStar
2098,5.53,AgentPrefab,Agent,MoveState,Moving,Goal,20.00,0.00,20.00,5.93,0.00,8.93,6.00,0.00,9.00,DStar
2099,5.53,AgentPrefab,Agent,MoveState,Moving,Goal,20.00,0.00,20.00,5.93,0.00,8.93,6.00,0.00,9.00,DStar
2100,5.54,AgentPrefab,Agent,MoveState,Moving,Goal,20.00,0.00,20.00,5.94,0.00,8.94,6.00,0.00,9.00,DStar
2101,5.54,AgentPrefab,Agent,MoveState,Moving,Goal,20.00,0.00,20.00,5.94,0.00,8.94,6.00,0.00,9.00,DStar
2102,5.54,AgentPrefab,Agent,MoveState,Moving,Goal,20.00,0.00,20.00,5.94,0.00,8.94,6.00,0.00,9.00,DStar
2103,5.54,AgentPrefab,Agent,MoveState,Moving,Goal,20.00,0.00,20.00,5.95,0.00,8.95,6.00,0.00,9.00,DStar
2104,5.55,AgentPrefab,Agent,MoveState,Moving,Goal,20.00,0.00,20.00,5.95,0.00,8.95,6.00,0.00,9.00,DStar
2105,5.55,AgentPrefab,Agent,MoveState,Moving,Goal,20.00,0.00,20.00,5.95,0.00,8.95,6.00,0.00,9.00,DStar
2106,5.55,AgentPrefab,Agent,MoveState,Moving,Goal,20.00,0.00,20.00,5.96,0.00,8.96,6.00,0.00,9.00,DStar
2107,5.55,AgentPrefab,Agent,MoveState,Moving,Goal,20.00,0.00,20.00,5.96,0.00,8.96,6.00,0.00,9.00,DStar
2108,5.55,AgentPrefab,Agent,MoveState,Moving,Goal,20.00,0.00,20.00,5.96,0.00,8.96,6.00,0.00,9.00,DStar
2109,5.56,AgentPrefab,Agent,MoveState,Moving,Goal,20.00,0.00,20.00,6.00,0.00,9.00,7.00,0.00,10.00,DStar
2110,5.56,AgentPrefab,Agent,MoveState,Moving,Goal,20.00,0.00,20.00,6.00,0.00,9.00,7.00,0.00,10.00,DStar
2111,5.56,AgentPrefab,Agent,MoveState,Moving,Goal,20.00,0.00,20.00,6.01,0.00,9.01,7.00,0.00,10.00,DStar
2112,5.56,AgentPrefab,Agent,MoveState,Moving,Goal,20.00,0.00,20.00,6.01,0.00,9.01,7.00,0.00,10.00,DStar
2113,5.57,AgentPrefab,Agent,MoveState,Moving,Goal,20.00,0.00,20.00,6.01,0.00,9.01,7.00,0.00,10.00,DStar
2114,5.57,AgentPrefab,Agent,MoveState,Moving,Goal,20.00,0.00,20.00,6.02,0.00,9.02,7.00,0.00,10.00,DStar
2115,5.57,AgentPrefab,Agent,MoveState,Moving,Goal,20.00,0.00,20.00,6.02,0.00,9.02,7.00,0.00,10.00,DStar
2116,5.58,AgentPrefab,Agent,MoveState,Moving,Goal,20.00,0.00,20.00,6.03,0.00,9.03,7.00,0.00,10.00,DStar
2117,5.58,AgentPrefab,Agent,MoveState,Moving,Goal,20.00,0.00,20.00,6.03,0.00,9.03,7.00,0.00,10.00,DStar
2118,5.58,AgentPrefab,Agent,MoveState,Moving,Goal,20.00,0.00,20.00,6.03,0.00,9.03,7.00,0.00,10.00,DStar
2119,5.58,AgentPrefab,Agent,MoveState,Moving,Goal,20.00,0.00,20.00,6.04,0.00,9.04,7.00,0.00,10.00,DStar
2120,5.59,AgentPrefab,Agent,MoveState,Moving,Goal,20.00,0.00,20.00,6.04,0.00,9.04,7.00,0.00,10.00,DStar
2121,5.59,AgentPrefab,Agent,MoveState,Moving,Goal,20.00,0.00,20.00,6.04,0.00,9.04,7.00,0.00,10.00,DStar
2122,5.59,AgentPrefab,Agent,MoveState,Moving,Goal,20.00,0.00,20.00,6.05,0.00,9.05,7.00,0.00,10.00,DStar
2123,5.59,AgentPrefab,Agent,MoveState,Moving,Goal,20.00,0.00,20.00,6.05,0.00,9.05,7.00,0.00,10.00,DStar
2124,5.60,AgentPrefab,Agent,MoveState,Moving,Goal,20.00,0.00,20.00,6.05,0.00,9.05,7.00,0.00,10.00,DStar
2125,5.60,AgentPrefab,Agent,MoveState,Moving,Goal,20.00,0.00,20.00,6.06,0.00,9.06,7.00,0.00,10.00,DStar
2126,5.60,AgentPrefab,Agent,MoveState,Moving,Goal,20.00,0.00,20.00,6.06,0.00,9.06,7.00,0.00,10.00,DStar
2127,5.60,AgentPrefab,Agent,MoveState,Moving,Goal,20.00,0.00,20.00,6.06,0.00,9.06,7.00,0.00,10.00,DStar
2128,5.61,AgentPrefab,Agent,MoveState,Moving,Goal,20.00,0.00,20.00,6.07,0.00,9.07,7.00,0.00,10.00,DStar
2129,5.61,AgentPrefab,Agent,MoveState,Moving,Goal,20.00,0.00,20.00,6.07,0.00,9.07,7.00,0.00,10.00,DStar
2130,5.61,AgentPrefab,Agent,MoveState,Moving,Goal,20.00,0.00,20.00,6.08,0.00,9.08,7.00,0.00,10.00,DStar
2131,5.61,AgentPrefab,Agent,MoveState,Moving,Goal,20.00,0.00,20.00,6.08,0.00,9.08,7.00,0.00,10.00,DStar
2132,5.61,AgentPrefab,Agent,MoveState,Moving,Goal,20.00,0.00,20.00,6.08,0.00,9.08,7.00,0.00,10.00,DStar
2133,5.62,AgentPrefab,Agent,MoveState,Moving,Goal,20.00,0.00,20.00,6.08,0.00,9.08,7.00,0.00,10.00,DStar
2134,5.62,AgentPrefab,Agent,MoveState,Moving,Goal,20.00,0.00,20.00,6.09,0.00,9.09,7.00,0.00,10.00,DStar
2135,5.62,AgentPrefab,Agent,MoveState,Moving,Goal,20.00,0.00,20.00,6.09,0.00,9.09,7.00,0.00,10.00,DStar
2136,5.62,AgentPrefab,Agent,MoveState,Moving,Goal,20.00,0.00,20.00,6.10,0.00,9.10,7.00,0.00,10.00,DStar
2137,5.63,AgentPrefab,Agent,MoveState,Moving,Goal,20.00,0.00,20.00,6.10,0.00,9.10,7.00,0.00,10.00,DStar
2138,5.63,AgentPrefab,Agent,MoveState,Moving,Goal,20.00,0.00,20.00,6.10,0.00,9.10,7.00,0.00,10.00,DStar
2139,5.63,AgentPrefab,Agent,MoveState,Moving,Goal,20.00,0.00,20.00,6.10,0.00,9.10,7.00,0.00,10.00,DStar
2140,5.63,AgentPrefab,Agent,MoveState,Moving,Goal,20.00,0.00,20.00,6.11,0.00,9.11,7.00,0.00,10.00,DStar
2141,5.64,AgentPrefab,Agent,MoveState,Moving,Goal,20.00,0.00,20.00,6.11,0.00,9.11,7.00,0.00,10.00,DStar
2142,5.64,AgentPrefab,Agent,MoveState,Moving,Goal,20.00,0.00,20.00,6.11,0.00,9.11,7.00,0.00,10.00,DStar
2143,5.64,AgentPrefab,Agent,MoveState,Moving,Goal,20.00,0.00,20.00,6.12,0.00,9.12,7.00,0.00,10.00,DStar
2144,5.64,AgentPrefab,Agent,MoveState,Moving,Goal,20.00,0.00,20.00,6.12,0.00,9.12,7.00,0.00,10.00,DStar
2145,5.65,AgentPrefab,Agent,MoveState,Moving,Goal,20.00,0.00,20.00,6.12,0.00,9.12,7.00,0.00,10.00,DStar
2146,5.65,AgentPrefab,Agent,MoveState,Moving,Goal,20.00,0.00,20.00,6.13,0.00,9.13,7.00,0.00,10.00,DStar
2147,5.65,AgentPrefab,Agent,MoveState,Moving,Goal,20.00,0.00,20.00,6.13,0.00,9.13,7.00,0.00,10.00,DStar
2148,5.66,AgentPrefab,Agent,MoveState,Moving,Goal,20.00,0.00,20.00,6.14,0.00,9.14,7.00,0.00,10.00,DStar
2149,5.66,AgentPrefab,Agent,MoveState,Moving,Goal,20.00,0.00,20.00,6.14,0.00,9.14,7.00,0.00,10.00,DStar
2150,5.66,AgentPrefab,Agent,MoveState,Moving,Goal,20.00,0.00,20.00,6.15,0.00,9.15,7.00,0.00,10.00,DStar
2151,5.66,AgentPrefab,Agent,MoveState,Moving,Goal,20.00,0.00,20.00,6.15,0.00,9.15,7.00,0.00,10.00,DStar
2152,5.66,AgentPrefab,Agent,MoveState,Moving,Goal,20.00,0.00,20.00,6.15,0.00,9.15,7.00,0.00,10.00,DStar
2153,5.67,AgentPrefab,Agent,MoveState,Moving,Goal,20.00,0.00,20.00,6.16,0.00,9.16,7.00,0.00,10.00,DStar
2154,5.67,AgentPrefab,Agent,MoveState,Moving,Goal,20.00,0.00,20.00,6.16,0.00,9.16,7.00,0.00,10.00,DStar
2155,5.67,AgentPrefab,Agent,MoveState,Moving,Goal,20.00,0.00,20.00,6.16,0.00,9.16,7.00,0.00,10.00,DStar
2156,5.68,AgentPrefab,Agent,MoveState,Moving,Goal,20.00,0.00,20.00,6.17,0.00,9.17,7.00,0.00,10.00,DStar
2157,5.68,AgentPrefab,Agent,MoveState,Moving,Goal,20.00,0.00,20.00,6.17,0.00,9.17,7.00,0.00,10.00,DStar
2158,5.68,AgentPrefab,Agent,MoveState,Moving,Goal,20.00,0.00,20.00,6.17,0.00,9.17,7.00,0.00,10.00,DStar
2159,5.68,AgentPrefab,Agent,MoveState,Moving,Goal,20.00,0.00,20.00,6.18,0.00,9.18,7.00,0.00,10.00,DStar
2160,5.69,AgentPrefab,Agent,MoveState,Moving,Goal,20.00,0.00,20.00,6.18,0.00,9.18,7.00,0.00,10.00,DStar
2161,5.69,AgentPrefab,Agent,MoveState,Moving,Goal,20.00,0.00,20.00,6.19,0.00,9.19,7.00,0.00,10.00,DStar
2162,5.69,AgentPrefab,Agent,MoveState,Moving,Goal,20.00,0.00,20.00,6.19,0.00,9.19,7.00,0.00,10.00,DStar
2163,5.69,AgentPrefab,Agent,MoveState,Moving,Goal,20.00,0.00,20.00,6.19,0.00,9.19,7.00,0.00,10.00,DStar
2164,5.70,AgentPrefab,Agent,MoveState,Moving,Goal,20.00,0.00,20.00,6.20,0.00,9.20,7.00,0.00,10.00,DStar
2165,5.70,AgentPrefab,Agent,MoveState,Moving,Goal,20.00,0.00,20.00,6.20,0.00,9.20,7.00,0.00,10.00,DStar
2166,5.70,AgentPrefab,Agent,MoveState,Moving,Goal,20.00,0.00,20.00,6.20,0.00,9.20,7.00,0.00,10.00,DStar
2167,5.70,AgentPrefab,Agent,MoveState,Moving,Goal,20.00,0.00,20.00,6.21,0.00,9.21,7.00,0.00,10.00,DStar
2168,5.71,AgentPrefab,Agent,MoveState,Moving,Goal,20.00,0.00,20.00,6.21,0.00,9.21,7.00,0.00,10.00,DStar
2169,5.71,AgentPrefab,Agent,MoveState,Moving,Goal,20.00,0.00,20.00,6.22,0.00,9.22,7.00,0.00,10.00,DStar
2170,5.71,AgentPrefab,Agent,MoveState,Moving,Goal,20.00,0.00,20.00,6.22,0.00,9.22,7.00,0.00,10.00,DStar
2171,5.71,AgentPrefab,Agent,MoveState,Moving,Goal,20.00,0.00,20.00,6.22,0.00,9.22,7.00,0.00,10.00,DStar
2172,5.72,AgentPrefab,Agent,MoveState,Moving,Goal,20.00,0.00,20.00,6.23,0.00,9.23,7.00,0.00,10.00,DStar
2173,5.72,AgentPrefab,Agent,MoveState,Moving,Goal,20.00,0.00,20.00,6.23,0.00,9.23,7.00,0.00,10.00,DStar
2174,5.72,AgentPrefab,Agent,MoveState,Moving,Goal,20.00,0.00,20.00,6.23,0.00,9.23,7.00,0.00,10.00,DStar
2175,5.72,AgentPrefab,Agent,MoveState,Moving,Goal,20.00,0.00,20.00,6.24,0.00,9.24,7.00,0.00,10.00,DStar
2176,5.73,AgentPrefab,Agent,MoveState,Moving,Goal,20.00,0.00,20.00,6.24,0.00,9.24,7.00,0.00,10.00,DStar
2177,5.73,AgentPrefab,Agent,MoveState,Moving,Goal,20.00,0.00,20.00,6.24,0.00,9.24,7.00,0.00,10.00,DStar
2178,5.73,AgentPrefab,Agent,MoveState,Moving,Goal,20.00,0.00,20.00,6.25,0.00,9.25,7.00,0.00,10.00,DStar
2179,5.73,AgentPrefab,Agent,MoveState,Moving,Goal,20.00,0.00,20.00,6.25,0.00,9.25,7.00,0.00,10.00,DStar
2180,5.73,AgentPrefab,Agent,MoveState,Moving,Goal,20.00,0.00,20.00,6.25,0.00,9.25,7.00,0.00,10.00,DStar
2181,5.74,AgentPrefab,Agent,MoveState,Moving,Goal,20.00,0.00,20.00,6.26,0.00,9.26,7.00,0.00,10.00,DStar
2182,5.74,AgentPrefab,Agent,MoveState,Moving,Goal,20.00,0.00,20.00,6.26,0.00,9.26,7.00,0.00,10.00,DStar
2183,5.74,AgentPrefab,Agent,MoveState,Moving,Goal,20.00,0.00,20.00,6.26,0.00,9.26,7.00,0.00,10.00,DStar
2184,5.75,AgentPrefab,Agent,MoveState,Moving,Goal,20.00,0.00,20.00,6.27,0.00,9.27,7.00,0.00,10.00,DStar
2185,5.75,AgentPrefab,Agent,MoveState,Moving,Goal,20.00,0.00,20.00,6.27,0.00,9.27,7.00,0.00,10.00,DStar
2186,5.75,AgentPrefab,Agent,MoveState,Moving,Goal,20.00,0.00,20.00,6.27,0.00,9.27,7.00,0.00,10.00,DStar
2187,5.75,AgentPrefab,Agent,MoveState,Moving,Goal,20.00,0.00,20.00,6.28,0.00,9.28,7.00,0.00,10.00,DStar
2188,5.76,AgentPrefab,Agent,MoveState,Moving,Goal,20.00,0.00,20.00,6.28,0.00,9.28,7.00,0.00,10.00,DStar
2189,5.76,AgentPrefab,Agent,MoveState,Moving,Goal,20.00,0.00,20.00,6.28,0.00,9.28,7.00,0.00,10.00,DStar
2190,5.76,AgentPrefab,Agent,MoveState,Moving,Goal,20.00,0.00,20.00,6.29,0.00,9.29,7.00,0.00,10.00,DStar
2191,5.76,AgentPrefab,Agent,MoveState,Moving,Goal,20.00,0.00,20.00,6.29,0.00,9.29,7.00,0.00,10.00,DStar
2192,5.77,AgentPrefab,Agent,MoveState,Moving,Goal,20.00,0.00,20.00,6.29,0.00,9.29,7.00,0.00,10.00,DStar
2193,5.77,AgentPrefab,Agent,MoveState,Moving,Goal,20.00,0.00,20.00,6.30,0.00,9.30,7.00,0.00,10.00,DStar
2194,5.77,AgentPrefab,Agent,MoveState,Moving,Goal,20.00,0.00,20.00,6.30,0.00,9.30,7.00,0.00,10.00,DStar
2195,5.77,AgentPrefab,Agent,MoveState,Moving,Goal,20.00,0.00,20.00,6.31,0.00,9.31,7.00,0.00,10.00,DStar
2196,5.78,AgentPrefab,Agent,MoveState,Moving,Goal,20.00,0.00,20.00,6.31,0.00,9.31,7.00,0.00,10.00,DStar
2197,5.78,AgentPrefab,Agent,MoveState,Moving,Goal,20.00,0.00,20.00,6.32,0.00,9.32,7.00,0.00,10.00,DStar
2198,5.78,AgentPrefab,Agent,MoveState,Moving,Goal,20.00,0.00,20.00,6.32,0.00,9.32,7.00,0.00,10.00,DStar
2199,5.78,AgentPrefab,Agent,MoveState,Moving,Goal,20.00,0.00,20.00,6.32,0.00,9.32,7.00,0.00,10.00,DStar
2200,5.79,AgentPrefab,Agent,MoveState,Moving,Goal,20.00,0.00,20.00,6.33,0.00,9.33,7.00,0.00,10.00,DStar
2201,5.79,AgentPrefab,Agent,MoveState,Moving,Goal,20.00,0.00,20.00,6.33,0.00,9.33,7.00,0.00,10.00,DStar
2202,5.79,AgentPrefab,Agent,MoveState,Moving,Goal,20.00,0.00,20.00,6.33,0.00,9.33,7.00,0.00,10.00,DStar
2203,5.80,AgentPrefab,Agent,MoveState,Moving,Goal,20.00,0.00,20.00,6.34,0.00,9.34,7.00,0.00,10.00,DStar
2204,5.80,AgentPrefab,Agent,MoveState,Moving,Goal,20.00,0.00,20.00,6.34,0.00,9.34,7.00,0.00,10.00,DStar
2205,5.80,AgentPrefab,Agent,MoveState,Moving,Goal,20.00,0.00,20.00,6.34,0.00,9.34,7.00,0.00,10.00,DStar
2206,5.80,AgentPrefab,Agent,MoveState,Moving,Goal,20.00,0.00,20.00,6.35,0.00,9.35,7.00,0.00,10.00,DStar
2207,5.81,AgentPrefab,Agent,MoveState,Moving,Goal,20.00,0.00,20.00,6.35,0.00,9.35,7.00,0.00,10.00,DStar
2208,5.81,AgentPrefab,Agent,MoveState,Moving,Goal,20.00,0.00,20.00,6.35,0.00,9.35,7.00,0.00,10.00,DStar
2209,5.81,AgentPrefab,Agent,MoveState,Moving,Goal,20.00,0.00,20.00,6.36,0.00,9.36,7.00,0.00,10.00,DStar
2210,5.81,AgentPrefab,Agent,MoveState,Moving,Goal,20.00,0.00,20.00,6.36,0.00,9.36,7.00,0.00,10.00,DStar
2211,5.81,AgentPrefab,Agent,MoveState,Moving,Goal,20.00,0.00,20.00,6.36,0.00,9.36,7.00,0.00,10.00,DStar
2212,5.82,AgentPrefab,Agent,MoveState,Moving,Goal,20.00,0.00,20.00,6.37,0.00,9.37,7.00,0.00,10.00,DStar
2213,5.82,AgentPrefab,Agent,MoveState,Moving,Goal,20.00,0.00,20.00,6.37,0.00,9.37,7.00,0.00,10.00,DStar
2214,5.82,AgentPrefab,Agent,MoveState,Moving,Goal,20.00,0.00,20.00,6.37,0.00,9.37,7.00,0.00,10.00,DStar
2215,5.83,AgentPrefab,Agent,MoveState,Moving,Goal,20.00,0.00,20.00,6.38,0.00,9.38,7.00,0.00,10.00,DStar
2216,5.83,AgentPrefab,Agent,MoveState,Moving,Goal,20.00,0.00,20.00,6.38,0.00,9.38,7.00,0.00,10.00,DStar
2217,5.83,AgentPrefab,Agent,MoveState,Moving,Goal,20.00,0.00,20.00,6.39,0.00,9.39,7.00,0.00,10.00,DStar
2218,5.83,AgentPrefab,Agent,MoveState,Moving,Goal,20.00,0.00,20.00,6.39,0.00,9.39,7.00,0.00,10.00,DStar
2219,5.84,AgentPrefab,Agent,MoveState,Moving,Goal,20.00,0.00,20.00,6.39,0.00,9.39,7.00,0.00,10.00,DStar
2220,5.84,AgentPrefab,Agent,MoveState,Moving,Goal,20.00,0.00,20.00,6.40,0.00,9.40,7.00,0.00,10.00,DStar
2221,5.84,AgentPrefab,Agent,MoveState,Moving,Goal,20.00,0.00,20.00,6.40,0.00,9.40,7.00,0.00,10.00,DStar
2222,5.84,AgentPrefab,Agent,MoveState,Moving,Goal,20.00,0.00,20.00,6.41,0.00,9.41,7.00,0.00,10.00,DStar
2223,5.85,AgentPrefab,Agent,MoveState,Moving,Goal,20.00,0.00,20.00,6.41,0.00,9.41,7.00,0.00,10.00,DStar
2224,5.85,AgentPrefab,Agent,MoveState,Moving,Goal,20.00,0.00,20.00,6.41,0.00,9.41,7.00,0.00,10.00,DStar
2225,5.85,AgentPrefab,Agent,MoveState,Moving,Goal,20.00,0.00,20.00,6.42,0.00,9.42,7.00,0.00,10.00,DStar
2226,5.86,AgentPrefab,Agent,MoveState,Moving,Goal,20.00,0.00,20.00,6.42,0.00,9.42,7.00,0.00,10.00,DStar
2227,5.86,AgentPrefab,Agent,MoveState,Moving,Goal,20.00,0.00,20.00,6.43,0.00,9.43,7.00,0.00,10.00,DStar
2228,5.86,AgentPrefab,Agent,MoveState,Moving,Goal,20.00,0.00,20.00,6.43,0.00,9.43,7.00,0.00,10.00,DStar
2229,5.86,AgentPrefab,Agent,MoveState,Moving,Goal,20.00,0.00,20.00,6.43,0.00,9.43,7.00,0.00,10.00,DStar
2230,5.87,AgentPrefab,Agent,MoveState,Moving,Goal,20.00,0.00,20.00,6.44,0.00,9.44,7.00,0.00,10.00,DStar
2231,5.87,AgentPrefab,Agent,MoveState,Moving,Goal,20.00,0.00,20.00,6.44,0.00,9.44,7.00,0.00,10.00,DStar
2232,5.87,AgentPrefab,Agent,MoveState,Moving,Goal,20.00,0.00,20.00,6.44,0.00,9.44,7.00,0.00,10.00,DStar
2233,5.87,AgentPrefab,Agent,MoveState,Moving,Goal,20.00,0.00,20.00,6.45,0.00,9.45,7.00,0.00,10.00,DStar
2234,5.88,AgentPrefab,Agent,MoveState,Moving,Goal,20.00,0.00,20.00,6.45,0.00,9.45,7.00,0.00,10.00,DStar
2235,5.88,AgentPrefab,Agent,MoveState,Moving,Goal,20.00,0.00,20.00,6.46,0.00,9.46,7.00,0.00,10.00,DStar
2236,5.88,AgentPrefab,Agent,MoveState,Moving,Goal,20.00,0.00,20.00,6.46,0.00,9.46,7.00,0.00,10.00,DStar
2237,5.88,AgentPrefab,Agent,MoveState,Moving,Goal,20.00,0.00,20.00,6.46,0.00,9.46,7.00,0.00,10.00,DStar
2238,5.89,AgentPrefab,Agent,MoveState,Moving,Goal,20.00,0.00,20.00,6.46,0.00,9.46,7.00,0.00,10.00,DStar
2239,5.89,AgentPrefab,Agent,MoveState,Moving,Goal,20.00,0.00,20.00,6.47,0.00,9.47,7.00,0.00,10.00,DStar
2240,5.89,AgentPrefab,Agent,MoveState,Moving,Goal,20.00,0.00,20.00,6.47,0.00,9.47,7.00,0.00,10.00,DStar
2241,5.89,AgentPrefab,Agent,MoveState,Moving,Goal,20.00,0.00,20.00,6.48,0.00,9.48,7.00,0.00,10.00,DStar
2242,5.90,AgentPrefab,Agent,MoveState,Moving,Goal,20.00,0.00,20.00,6.48,0.00,9.48,7.00,0.00,10.00,DStar
2243,5.90,AgentPrefab,Agent,MoveState,Moving,Goal,20.00,0.00,20.00,6.48,0.00,9.48,7.00,0.00,10.00,DStar
2244,5.90,AgentPrefab,Agent,MoveState,Moving,Goal,20.00,0.00,20.00,6.49,0.00,9.49,7.00,0.00,10.00,DStar
2245,5.90,AgentPrefab,Agent,MoveState,Moving,Goal,20.00,0.00,20.00,6.49,0.00,9.49,7.00,0.00,10.00,DStar
2246,5.91,AgentPrefab,Agent,MoveState,Moving,Goal,20.00,0.00,20.00,6.49,0.00,9.49,7.00,0.00,10.00,DStar
2247,5.91,AgentPrefab,Agent,MoveState,Moving,Goal,20.00,0.00,20.00,6.50,0.00,9.50,7.00,0.00,10.00,DStar
2248,5.91,AgentPrefab,Agent,MoveState,Moving,Goal,20.00,0.00,20.00,6.50,0.00,9.50,7.00,0.00,10.00,DStar
2249,5.91,AgentPrefab,Agent,MoveState,Moving,Goal,20.00,0.00,20.00,6.51,0.00,9.51,7.00,0.00,10.00,DStar
2250,5.92,AgentPrefab,Agent,MoveState,Moving,Goal,20.00,0.00,20.00,6.51,0.00,9.51,7.00,0.00,10.00,DStar
2251,5.92,AgentPrefab,Agent,MoveState,Moving,Goal,20.00,0.00,20.00,6.51,0.00,9.51,7.00,0.00,10.00,DStar
2252,5.92,AgentPrefab,Agent,MoveState,Moving,Goal,20.00,0.00,20.00,6.52,0.00,9.52,7.00,0.00,10.00,DStar
2253,5.92,AgentPrefab,Agent,MoveState,Moving,Goal,20.00,0.00,20.00,6.52,0.00,9.52,7.00,0.00,10.00,DStar
2254,5.93,AgentPrefab,Agent,MoveState,Moving,Goal,20.00,0.00,20.00,6.52,0.00,9.52,7.00,0.00,10.00,DStar
2255,5.93,AgentPrefab,Agent,MoveState,Moving,Goal,20.00,0.00,20.00,6.53,0.00,9.53,7.00,0.00,10.00,DStar
2256,5.93,AgentPrefab,Agent,MoveState,Moving,Goal,20.00,0.00,20.00,6.53,0.00,9.53,7.00,0.00,10.00,DStar
2257,5.93,AgentPrefab,Agent,MoveState,Moving,Goal,20.00,0.00,20.00,6.53,0.00,9.53,7.00,0.00,10.00,DStar
2258,5.94,AgentPrefab,Agent,MoveState,Moving,Goal,20.00,0.00,20.00,6.54,0.00,9.54,7.00,0.00,10.00,DStar
2259,5.94,AgentPrefab,Agent,MoveState,Moving,Goal,20.00,0.00,20.00,6.54,0.00,9.54,7.00,0.00,10.00,DStar
2260,5.94,AgentPrefab,Agent,MoveState,Moving,Goal,20.00,0.00,20.00,6.54,0.00,9.54,7.00,0.00,10.00,DStar
2261,5.94,AgentPrefab,Agent,MoveState,Moving,Goal,20.00,0.00,20.00,6.55,0.00,9.55,7.00,0.00,10.00,DStar
2262,5.95,AgentPrefab,Agent,MoveState,Moving,Goal,20.00,0.00,20.00,6.55,0.00,9.55,7.00,0.00,10.00,DStar
2263,5.95,AgentPrefab,Agent,MoveState,Moving,Goal,20.00,0.00,20.00,6.55,0.00,9.55,7.00,0.00,10.00,DStar
2264,5.95,AgentPrefab,Agent,MoveState,Moving,Goal,20.00,0.00,20.00,6.56,0.00,9.56,7.00,0.00,10.00,DStar
2265,5.95,AgentPrefab,Agent,MoveState,Moving,Goal,20.00,0.00,20.00,6.56,0.00,9.56,7.00,0.00,10.00,DStar
2266,5.96,AgentPrefab,Agent,MoveState,Moving,Goal,20.00,0.00,20.00,6.57,0.00,9.57,7.00,0.00,10.00,DStar
2267,5.96,AgentPrefab,Agent,MoveState,Moving,Goal,20.00,0.00,20.00,6.57,0.00,9.57,7.00,0.00,10.00,DStar
2268,5.96,AgentPrefab,Agent,MoveState,Moving,Goal,20.00,0.00,20.00,6.57,0.00,9.57,7.00,0.00,10.00,DStar
2269,5.96,AgentPrefab,Agent,MoveState,Moving,Goal,20.00,0.00,20.00,6.58,0.00,9.58,7.00,0.00,10.00,DStar
2270,5.97,AgentPrefab,Agent,MoveState,Moving,Goal,20.00,0.00,20.00,6.58,0.00,9.58,7.00,0.00,10.00,DStar
2271,5.97,AgentPrefab,Agent,MoveState,Moving,Goal,20.00,0.00,20.00,6.58,0.00,9.58,7.00,0.00,10.00,DStar
2272,5.97,AgentPrefab,Agent,MoveState,Moving,Goal,20.00,0.00,20.00,6.59,0.00,9.59,7.00,0.00,10.00,DStar
2273,5.97,AgentPrefab,Agent,MoveState,Moving,Goal,20.00,0.00,20.00,6.59,0.00,9.59,7.00,0.00,10.00,DStar
2274,5.98,AgentPrefab,Agent,MoveState,Moving,Goal,20.00,0.00,20.00,6.59,0.00,9.59,7.00,0.00,10.00,DStar
2275,5.98,AgentPrefab,Agent,MoveState,Moving,Goal,20.00,0.00,20.00,6.60,0.00,9.60,7.00,0.00,10.00,DStar
2276,5.98,AgentPrefab,Agent,MoveState,Moving,Goal,20.00,0.00,20.00,6.60,0.00,9.60,7.00,0.00,10.00,DStar
2277,5.98,AgentPrefab,Agent,MoveState,Moving,Goal,20.00,0.00,20.00,6.60,0.00,9.60,6.60,0.00,9.60,DStar
2278,5.99,AgentPrefab,Agent,MoveState,Moving,Goal,20.00,0.00,20.00,6.60,0.00,9.60,7.00,0.00,10.00,DStar
2279,5.99,AgentPrefab,Agent,MoveState,Moving,Goal,20.00,0.00,20.00,6.61,0.00,9.61,7.00,0.00,10.00,DStar
2280,5.99,AgentPrefab,Agent,MoveState,Moving,Goal,20.00,0.00,20.00,6.61,0.00,9.61,7.00,0.00,10.00,DStar
2281,6.00,AgentPrefab,Agent,MoveState,Moving,Goal,20.00,0.00,20.00,6.62,0.00,9.62,7.00,0.00,10.00,DStar
2282,6.00,AgentPrefab,Agent,MoveState,Moving,Goal,20.00,0.00,20.00,6.62,0.00,9.62,7.00,0.00,10.00,DStar
2283,6.00,AgentPrefab,Agent,MoveState,Moving,Goal,20.00,0.00,20.00,6.62,0.00,9.62,7.00,0.00,10.00,DStar
2284,6.00,AgentPrefab,Agent,MoveState,Moving,Goal,20.00,0.00,20.00,6.63,0.00,9.63,7.00,0.00,10.00,DStar
2285,6.01,AgentPrefab,Agent,MoveState,Moving,Goal,20.00,0.00,20.00,6.63,0.00,9.63,7.00,0.00,10.00,DStar
2286,6.01,AgentPrefab,Agent,MoveState,Moving,Goal,20.00,0.00,20.00,6.64,0.00,9.64,7.00,0.00,10.00,DStar
2287,6.01,AgentPrefab,Agent,MoveState,Moving,Goal,20.00,0.00,20.00,6.64,0.00,9.64,7.00,0.00,10.00,DStar
2288,6.01,AgentPrefab,Agent,MoveState,Moving,Goal,20.00,0.00,20.00,6.64,0.00,9.64,7.00,0.00,10.00,DStar
2289,6.02,AgentPrefab,Agent,MoveState,Moving,Goal,20.00,0.00,20.00,6.64,0.00,9.64,7.00,0.00,10.00,DStar
2290,6.02,AgentPrefab,Agent,MoveState,Moving,Goal,20.00,0.00,20.00,6.65,0.00,9.65,7.00,0.00,10.00,DStar
2291,6.02,AgentPrefab,Agent,MoveState,Moving,Goal,20.00,0.00,20.00,6.65,0.00,9.65,7.00,0.00,10.00,DStar
2292,6.02,AgentPrefab,Agent,MoveState,Moving,Goal,20.00,0.00,20.00,6.66,0.00,9.66,7.00,0.00,10.00,DStar
2293,6.03,AgentPrefab,Agent,MoveState,Moving,Goal,20.00,0.00,20.00,6.66,0.00,9.66,7.00,0.00,10.00,DStar
2294,6.03,AgentPrefab,Agent,MoveState,Moving,Goal,20.00,0.00,20.00,6.66,0.00,9.66,7.00,0.00,10.00,DStar
2295,6.03,AgentPrefab,Agent,MoveState,Moving,Goal,20.00,0.00,20.00,6.67,0.00,9.67,7.00,0.00,10.00,DStar
2296,6.03,AgentPrefab,Agent,MoveState,Moving,Goal,20.00,0.00,20.00,6.67,0.00,9.67,7.00,0.00,10.00,DStar
2297,6.04,AgentPrefab,Agent,MoveState,Moving,Goal,20.00,0.00,20.00,6.67,0.00,9.67,7.00,0.00,10.00,DStar
2298,6.04,AgentPrefab,Agent,MoveState,Moving,Goal,20.00,0.00,20.00,6.68,0.00,9.68,7.00,0.00,10.00,DStar
2299,6.04,AgentPrefab,Agent,MoveState,Moving,Goal,20.00,0.00,20.00,6.68,0.00,9.68,7.00,0.00,10.00,DStar
2300,6.04,AgentPrefab,Agent,MoveState,Moving,Goal,20.00,0.00,20.00,6.69,0.00,9.69,7.00,0.00,10.00,DStar
2301,6.05,AgentPrefab,Agent,MoveState,Moving,Goal,20.00,0.00,20.00,6.69,0.00,9.69,7.00,0.00,10.00,DStar
2302,6.05,AgentPrefab,Agent,MoveState,Moving,Goal,20.00,0.00,20.00,6.69,0.00,9.69,7.00,0.00,10.00,DStar
2303,6.05,AgentPrefab,Agent,MoveState,Moving,Goal,20.00,0.00,20.00,6.70,0.00,9.70,7.00,0.00,10.00,DStar
2304,6.06,AgentPrefab,Agent,MoveState,Moving,Goal,20.00,0.00,20.00,6.70,0.00,9.70,7.00,0.00,10.00,DStar
2305,6.06,AgentPrefab,Agent,MoveState,Moving,Goal,20.00,0.00,20.00,6.71,0.00,9.71,7.00,0.00,10.00,DStar
2306,6.06,AgentPrefab,Agent,MoveState,Moving,Goal,20.00,0.00,20.00,6.71,0.00,9.71,7.00,0.00,10.00,DStar
2307,6.06,AgentPrefab,Agent,MoveState,Moving,Goal,20.00,0.00,20.00,6.71,0.00,9.71,7.00,0.00,10.00,DStar
2308,6.07,AgentPrefab,Agent,MoveState,Moving,Goal,20.00,0.00,20.00,6.72,0.00,9.72,7.00,0.00,10.00,DStar
2309,6.07,AgentPrefab,Agent,MoveState,Moving,Goal,20.00,0.00,20.00,6.72,0.00,9.72,7.00,0.00,10.00,DStar
2310,6.07,AgentPrefab,Agent,MoveState,Moving,Goal,20.00,0.00,20.00,6.72,0.00,9.72,7.00,0.00,10.00,DStar
2311,6.07,AgentPrefab,Agent,MoveState,Moving,Goal,20.00,0.00,20.00,6.73,0.00,9.73,7.00,0.00,10.00,DStar
2312,6.08,AgentPrefab,Agent,MoveState,Moving,Goal,20.00,0.00,20.00,6.73,0.00,9.73,7.00,0.00,10.00,DStar
2313,6.08,AgentPrefab,Agent,MoveState,Moving,Goal,20.00,0.00,20.00,6.74,0.00,9.74,7.00,0.00,10.00,DStar
2314,6.08,AgentPrefab,Agent,MoveState,Moving,Goal,20.00,0.00,20.00,6.74,0.00,9.74,7.00,0.00,10.00,DStar
2315,6.08,AgentPrefab,Agent,MoveState,Moving,Goal,20.00,0.00,20.00,6.74,0.00,9.74,7.00,0.00,10.00,DStar
2316,6.09,AgentPrefab,Agent,MoveState,Moving,Goal,20.00,0.00,20.00,6.75,0.00,9.75,7.00,0.00,10.00,DStar
2317,6.09,AgentPrefab,Agent,MoveState,Moving,Goal,20.00,0.00,20.00,6.75,0.00,9.75,7.00,0.00,10.00,DStar
2318,6.09,AgentPrefab,Agent,MoveState,Moving,Goal,20.00,0.00,20.00,6.75,0.00,9.75,7.00,0.00,10.00,DStar
2319,6.09,AgentPrefab,Agent,MoveState,Moving,Goal,20.00,0.00,20.00,6.76,0.00,9.76,7.00,0.00,10.00,DStar
2320,6.10,AgentPrefab,Agent,MoveState,Moving,Goal,20.00,0.00,20.00,6.76,0.00,9.76,7.00,0.00,10.00,DStar
2321,6.10,AgentPrefab,Agent,MoveState,Moving,Goal,20.00,0.00,20.00,6.76,0.00,9.76,7.00,0.00,10.00,DStar
2322,6.10,AgentPrefab,Agent,MoveState,Moving,Goal,20.00,0.00,20.00,6.77,0.00,9.77,7.00,0.00,10.00,DStar
2323,6.10,AgentPrefab,Agent,MoveState,Moving,Goal,20.00,0.00,20.00,6.77,0.00,9.77,7.00,0.00,10.00,DStar
2324,6.11,AgentPrefab,Agent,MoveState,Moving,Goal,20.00,0.00,20.00,6.77,0.00,9.77,7.00,0.00,10.00,DStar
2325,6.11,AgentPrefab,Agent,MoveState,Moving,Goal,20.00,0.00,20.00,6.78,0.00,9.78,7.00,0.00,10.00,DStar
2326,6.11,AgentPrefab,Agent,MoveState,Moving,Goal,20.00,0.00,20.00,6.78,0.00,9.78,7.00,0.00,10.00,DStar
2327,6.11,AgentPrefab,Agent,MoveState,Moving,Goal,20.00,0.00,20.00,6.78,0.00,9.78,7.00,0.00,10.00,DStar
2328,6.12,AgentPrefab,Agent,MoveState,Moving,Goal,20.00,0.00,20.00,6.79,0.00,9.79,7.00,0.00,10.00,DStar
2329,6.12,AgentPrefab,Agent,MoveState,Moving,Goal,20.00,0.00,20.00,6.79,0.00,9.79,7.00,0.00,10.00,DStar
2330,6.12,AgentPrefab,Agent,MoveState,Moving,Goal,20.00,0.00,20.00,6.79,0.00,9.79,7.00,0.00,10.00,DStar
2331,6.12,AgentPrefab,Agent,MoveState,Moving,Goal,20.00,0.00,20.00,6.80,0.00,9.80,7.00,0.00,10.00,DStar
2332,6.13,AgentPrefab,Agent,MoveState,Moving,Goal,20.00,0.00,20.00,6.80,0.00,9.80,7.00,0.00,10.00,DStar
2333,6.13,AgentPrefab,Agent,MoveState,Moving,Goal,20.00,0.00,20.00,6.81,0.00,9.81,7.00,0.00,10.00,DStar
2334,6.13,AgentPrefab,Agent,MoveState,Moving,Goal,20.00,0.00,20.00,6.81,0.00,9.81,7.00,0.00,10.00,DStar
2335,6.13,AgentPrefab,Agent,MoveState,Moving,Goal,20.00,0.00,20.00,6.81,0.00,9.81,7.00,0.00,10.00,DStar
2336,6.14,AgentPrefab,Agent,MoveState,Moving,Goal,20.00,0.00,20.00,6.82,0.00,9.82,7.00,0.00,10.00,DStar
2337,6.14,AgentPrefab,Agent,MoveState,Moving,Goal,20.00,0.00,20.00,6.82,0.00,9.82,7.00,0.00,10.00,DStar
2338,6.14,AgentPrefab,Agent,MoveState,Moving,Goal,20.00,0.00,20.00,6.82,0.00,9.82,7.00,0.00,10.00,DStar
2339,6.14,AgentPrefab,Agent,MoveState,Moving,Goal,20.00,0.00,20.00,6.83,0.00,9.83,7.00,0.00,10.00,DStar
2340,6.15,AgentPrefab,Agent,MoveState,Moving,Goal,20.00,0.00,20.00,6.83,0.00,9.83,7.00,0.00,10.00,DStar
2341,6.15,AgentPrefab,Agent,MoveState,Moving,Goal,20.00,0.00,20.00,6.83,0.00,9.83,7.00,0.00,10.00,DStar
2342,6.15,AgentPrefab,Agent,MoveState,Moving,Goal,20.00,0.00,20.00,6.84,0.00,9.84,7.00,0.00,10.00,DStar
2343,6.15,AgentPrefab,Agent,MoveState,Moving,Goal,20.00,0.00,20.00,6.84,0.00,9.84,7.00,0.00,10.00,DStar
2344,6.16,AgentPrefab,Agent,MoveState,Moving,Goal,20.00,0.00,20.00,6.84,0.00,9.84,7.00,0.00,10.00,DStar
2345,6.16,AgentPrefab,Agent,MoveState,Moving,Goal,20.00,0.00,20.00,6.85,0.00,9.85,7.00,0.00,10.00,DStar
2346,6.16,AgentPrefab,Agent,MoveState,Moving,Goal,20.00,0.00,20.00,6.85,0.00,9.85,7.00,0.00,10.00,DStar
2347,6.16,AgentPrefab,Agent,MoveState,Moving,Goal,20.00,0.00,20.00,6.86,0.00,9.86,7.00,0.00,10.00,DStar
2348,6.17,AgentPrefab,Agent,MoveState,Moving,Goal,20.00,0.00,20.00,6.86,0.00,9.86,7.00,0.00,10.00,DStar
2349,6.17,AgentPrefab,Agent,MoveState,Moving,Goal,20.00,0.00,20.00,6.86,0.00,9.86,7.00,0.00,10.00,DStar
2350,6.17,AgentPrefab,Agent,MoveState,Moving,Goal,20.00,0.00,20.00,6.86,0.00,9.86,7.00,0.00,10.00,DStar
2351,6.17,AgentPrefab,Agent,MoveState,Moving,Goal,20.00,0.00,20.00,6.87,0.00,9.87,7.00,0.00,10.00,DStar
2352,6.18,AgentPrefab,Agent,MoveState,Moving,Goal,20.00,0.00,20.00,6.87,0.00,9.87,7.00,0.00,10.00,DStar
2353,6.18,AgentPrefab,Agent,MoveState,Moving,Goal,20.00,0.00,20.00,6.88,0.00,9.88,7.00,0.00,10.00,DStar
2354,6.18,AgentPrefab,Agent,MoveState,Moving,Goal,20.00,0.00,20.00,6.88,0.00,9.88,7.00,0.00,10.00,DStar
2355,6.18,AgentPrefab,Agent,MoveState,Moving,Goal,20.00,0.00,20.00,6.88,0.00,9.88,7.00,0.00,10.00,DStar
2356,6.19,AgentPrefab,Agent,MoveState,Moving,Goal,20.00,0.00,20.00,6.89,0.00,9.89,7.00,0.00,10.00,DStar
2357,6.19,AgentPrefab,Agent,MoveState,Moving,Goal,20.00,0.00,20.00,6.89,0.00,9.89,7.00,0.00,10.00,DStar
2358,6.19,AgentPrefab,Agent,MoveState,Moving,Goal,20.00,0.00,20.00,6.89,0.00,9.89,7.00,0.00,10.00,DStar
2359,6.19,AgentPrefab,Agent,MoveState,Moving,Goal,20.00,0.00,20.00,6.90,0.00,9.90,7.00,0.00,10.00,DStar
2360,6.20,AgentPrefab,Agent,MoveState,Moving,Goal,20.00,0.00,20.00,6.90,0.00,9.90,7.00,0.00,10.00,DStar
2361,6.20,AgentPrefab,Agent,MoveState,Moving,Goal,20.00,0.00,20.00,6.90,0.00,9.90,7.00,0.00,10.00,DStar
2362,6.20,AgentPrefab,Agent,MoveState,Moving,Goal,20.00,0.00,20.00,6.91,0.00,9.91,7.00,0.00,10.00,DStar
2363,6.20,AgentPrefab,Agent,MoveState,Moving,Goal,20.00,0.00,20.00,6.91,0.00,9.91,7.00,0.00,10.00,DStar
2364,6.21,AgentPrefab,Agent,MoveState,Moving,Goal,20.00,0.00,20.00,6.91,0.00,9.91,7.00,0.00,10.00,DStar
2365,6.21,AgentPrefab,Agent,MoveState,Moving,Goal,20.00,0.00,20.00,6.92,0.00,9.92,7.00,0.00,10.00,DStar
2366,6.21,AgentPrefab,Agent,MoveState,Moving,Goal,20.00,0.00,20.00,6.92,0.00,9.92,7.00,0.00,10.00,DStar
2367,6.21,AgentPrefab,Agent,MoveState,Moving,Goal,20.00,0.00,20.00,6.92,0.00,9.92,7.00,0.00,10.00,DStar
2368,6.21,AgentPrefab,Agent,MoveState,Moving,Goal,20.00,0.00,20.00,6.93,0.00,9.93,7.00,0.00,10.00,DStar
2369,6.22,AgentPrefab,Agent,MoveState,Moving,Goal,20.00,0.00,20.00,6.93,0.00,9.93,7.00,0.00,10.00,DStar
2370,6.22,AgentPrefab,Agent,MoveState,Moving,Goal,20.00,0.00,20.00,6.93,0.00,9.93,7.00,0.00,10.00,DStar
2371,6.22,AgentPrefab,Agent,MoveState,Moving,Goal,20.00,0.00,20.00,6.94,0.00,9.94,7.00,0.00,10.00,DStar
2372,6.22,AgentPrefab,Agent,MoveState,Moving,Goal,20.00,0.00,20.00,6.94,0.00,9.94,7.00,0.00,10.00,DStar
2373,6.23,AgentPrefab,Agent,MoveState,Moving,Goal,20.00,0.00,20.00,6.94,0.00,9.94,7.00,0.00,10.00,DStar
2374,6.23,AgentPrefab,Agent,MoveState,Moving,Goal,20.00,0.00,20.00,6.95,0.00,9.95,7.00,0.00,10.00,DStar
2375,6.23,AgentPrefab,Agent,MoveState,Moving,Goal,20.00,0.00,20.00,6.95,0.00,9.95,7.00,0.00,10.00,DStar
2376,6.23,AgentPrefab,Agent,MoveState,Moving,Goal,20.00,0.00,20.00,6.95,0.00,9.95,7.00,0.00,10.00,DStar
2377,6.24,AgentPrefab,Agent,MoveState,Moving,Goal,20.00,0.00,20.00,6.96,0.00,9.96,7.00,0.00,10.00,DStar
2378,6.24,AgentPrefab,Agent,MoveState,Moving,Goal,20.00,0.00,20.00,6.96,0.00,9.96,7.00,0.00,10.00,DStar
2379,6.24,AgentPrefab,Agent,MoveState,Moving,Goal,20.00,0.00,20.00,7.00,0.00,10.00,8.00,0.00,11.00,DStar
2380,6.25,AgentPrefab,Agent,MoveState,Moving,Goal,20.00,0.00,20.00,7.00,0.00,10.00,8.00,0.00,11.00,DStar
2381,6.25,AgentPrefab,Agent,MoveState,Moving,Goal,20.00,0.00,20.00,7.01,0.00,10.01,8.00,0.00,11.00,DStar
2382,6.25,AgentPrefab,Agent,MoveState,Moving,Goal,20.00,0.00,20.00,7.01,0.00,10.01,8.00,0.00,11.00,DStar
2383,6.26,AgentPrefab,Agent,MoveState,Moving,Goal,20.00,0.00,20.00,7.01,0.00,10.01,8.00,0.00,11.00,DStar
2384,6.26,AgentPrefab,Agent,MoveState,Moving,Goal,20.00,0.00,20.00,7.02,0.00,10.02,8.00,0.00,11.00,DStar
2385,6.26,AgentPrefab,Agent,MoveState,Moving,Goal,20.00,0.00,20.00,7.03,0.00,10.03,8.00,0.00,11.00,DStar
2386,6.26,AgentPrefab,Agent,MoveState,Moving,Goal,20.00,0.00,20.00,7.03,0.00,10.03,8.00,0.00,11.00,DStar
2387,6.27,AgentPrefab,Agent,MoveState,Moving,Goal,20.00,0.00,20.00,7.03,0.00,10.03,8.00,0.00,11.00,DStar
2388,6.27,AgentPrefab,Agent,MoveState,Moving,Goal,20.00,0.00,20.00,7.04,0.00,10.04,8.00,0.00,11.00,DStar
2389,6.27,AgentPrefab,Agent,MoveState,Moving,Goal,20.00,0.00,20.00,7.04,0.00,10.04,8.00,0.00,11.00,DStar
2390,6.28,AgentPrefab,Agent,MoveState,Moving,Goal,20.00,0.00,20.00,7.04,0.00,10.04,8.00,0.00,11.00,DStar
2391,6.28,AgentPrefab,Agent,MoveState,Moving,Goal,20.00,0.00,20.00,7.05,0.00,10.05,8.00,0.00,11.00,DStar
2392,6.28,AgentPrefab,Agent,MoveState,Moving,Goal,20.00,0.00,20.00,7.05,0.00,10.05,8.00,0.00,11.00,DStar
2393,6.29,AgentPrefab,Agent,MoveState,Moving,Goal,20.00,0.00,20.00,7.06,0.00,10.06,8.00,0.00,11.00,DStar
2394,6.29,AgentPrefab,Agent,MoveState,Moving,Goal,20.00,0.00,20.00,7.06,0.00,10.06,8.00,0.00,11.00,DStar
2395,6.29,AgentPrefab,Agent,MoveState,Moving,Goal,20.00,0.00,20.00,7.07,0.00,10.07,8.00,0.00,11.00,DStar
2396,6.29,AgentPrefab,Agent,MoveState,Moving,Goal,20.00,0.00,20.00,7.07,0.00,10.07,8.00,0.00,11.00,DStar
2397,6.30,AgentPrefab,Agent,MoveState,Moving,Goal,20.00,0.00,20.00,7.08,0.00,10.08,8.00,0.00,11.00,DStar
2398,6.30,AgentPrefab,Agent,MoveState,Moving,Goal,20.00,0.00,20.00,7.08,0.00,10.08,8.00,0.00,11.00,DStar
2399,6.30,AgentPrefab,Agent,MoveState,Moving,Goal,20.00,0.00,20.00,7.08,0.00,10.08,8.00,0.00,11.00,DStar
2400,6.30,AgentPrefab,Agent,MoveState,Moving,Goal,20.00,0.00,20.00,7.09,0.00,10.09,8.00,0.00,11.00,DStar
2401,6.31,AgentPrefab,Agent,MoveState,Moving,Goal,20.00,0.00,20.00,7.09,0.00,10.09,8.00,0.00,11.00,DStar
2402,6.31,AgentPrefab,Agent,MoveState,Moving,Goal,20.00,0.00,20.00,7.09,0.00,10.09,8.00,0.00,11.00,DStar
2403,6.31,AgentPrefab,Agent,MoveState,Moving,Goal,20.00,0.00,20.00,7.10,0.00,10.10,8.00,0.00,11.00,DStar
2404,6.31,AgentPrefab,Agent,MoveState,Moving,Goal,20.00,0.00,20.00,7.10,0.00,10.10,8.00,0.00,11.00,DStar
2405,6.32,AgentPrefab,Agent,MoveState,Moving,Goal,20.00,0.00,20.00,7.10,0.00,10.10,8.00,0.00,11.00,DStar
2406,6.32,AgentPrefab,Agent,MoveState,Moving,Goal,20.00,0.00,20.00,7.11,0.00,10.11,8.00,0.00,11.00,DStar
2407,6.32,AgentPrefab,Agent,MoveState,Moving,Goal,20.00,0.00,20.00,7.11,0.00,10.11,8.00,0.00,11.00,DStar
2408,6.32,AgentPrefab,Agent,MoveState,Moving,Goal,20.00,0.00,20.00,7.11,0.00,10.11,8.00,0.00,11.00,DStar
2409,6.33,AgentPrefab,Agent,MoveState,Moving,Goal,20.00,0.00,20.00,7.12,0.00,10.12,8.00,0.00,11.00,DStar
2410,6.33,AgentPrefab,Agent,MoveState,Moving,Goal,20.00,0.00,20.00,7.12,0.00,10.12,8.00,0.00,11.00,DStar
2411,6.33,AgentPrefab,Agent,MoveState,Moving,Goal,20.00,0.00,20.00,7.12,0.00,10.12,8.00,0.00,11.00,DStar
2412,6.33,AgentPrefab,Agent,MoveState,Moving,Goal,20.00,0.00,20.00,7.13,0.00,10.13,8.00,0.00,11.00,DStar
2413,6.34,AgentPrefab,Agent,MoveState,Moving,Goal,20.00,0.00,20.00,7.13,0.00,10.13,8.00,0.00,11.00,DStar
2414,6.34,AgentPrefab,Agent,MoveState,Moving,Goal,20.00,0.00,20.00,7.13,0.00,10.13,8.00,0.00,11.00,DStar
2415,6.34,AgentPrefab,Agent,MoveState,Moving,Goal,20.00,0.00,20.00,7.14,0.00,10.14,8.00,0.00,11.00,DStar
2416,6.34,AgentPrefab,Agent,MoveState,Moving,Goal,20.00,0.00,20.00,7.14,0.00,10.14,8.00,0.00,11.00,DStar
2417,6.35,AgentPrefab,Agent,MoveState,Moving,Goal,20.00,0.00,20.00,7.14,0.00,10.14,8.00,0.00,11.00,DStar
2418,6.35,AgentPrefab,Agent,MoveState,Moving,Goal,20.00,0.00,20.00,7.15,0.00,10.15,8.00,0.00,11.00,DStar
2419,6.35,AgentPrefab,Agent,MoveState,Moving,Goal,20.00,0.00,20.00,7.15,0.00,10.15,8.00,0.00,11.00,DStar
2420,6.35,AgentPrefab,Agent,MoveState,Moving,Goal,20.00,0.00,20.00,7.16,0.00,10.16,8.00,0.00,11.00,DStar
2421,6.36,AgentPrefab,Agent,MoveState,Moving,Goal,20.00,0.00,20.00,7.16,0.00,10.16,8.00,0.00,11.00,DStar
2422,6.36,AgentPrefab,Agent,MoveState,Moving,Goal,20.00,0.00,20.00,7.16,0.00,10.16,8.00,0.00,11.00,DStar
2423,6.36,AgentPrefab,Agent,MoveState,Moving,Goal,20.00,0.00,20.00,7.17,0.00,10.17,8.00,0.00,11.00,DStar
2424,6.36,AgentPrefab,Agent,MoveState,Moving,Goal,20.00,0.00,20.00,7.17,0.00,10.17,8.00,0.00,11.00,DStar
2425,6.37,AgentPrefab,Agent,MoveState,Moving,Goal,20.00,0.00,20.00,7.17,0.00,10.17,8.00,0.00,11.00,DStar
2426,6.37,AgentPrefab,Agent,MoveState,Moving,Goal,20.00,0.00,20.00,7.18,0.00,10.18,8.00,0.00,11.00,DStar
2427,6.37,AgentPrefab,Agent,MoveState,Moving,Goal,20.00,0.00,20.00,7.18,0.00,10.18,8.00,0.00,11.00,DStar
2428,6.37,AgentPrefab,Agent,MoveState,Moving,Goal,20.00,0.00,20.00,7.18,0.00,10.18,8.00,0.00,11.00,DStar
2429,6.38,AgentPrefab,Agent,MoveState,Moving,Goal,20.00,0.00,20.00,7.19,0.00,10.19,8.00,0.00,11.00,DStar
2430,6.38,AgentPrefab,Agent,MoveState,Moving,Goal,20.00,0.00,20.00,7.19,0.00,10.19,8.00,0.00,11.00,DStar
2431,6.38,AgentPrefab,Agent,MoveState,Moving,Goal,20.00,0.00,20.00,7.19,0.00,10.19,8.00,0.00,11.00,DStar
2432,6.38,AgentPrefab,Agent,MoveState,Moving,Goal,20.00,0.00,20.00,7.20,0.00,10.20,8.00,0.00,11.00,DStar
2433,6.39,AgentPrefab,Agent,MoveState,Moving,Goal,20.00,0.00,20.00,7.20,0.00,10.20,8.00,0.00,11.00,DStar
2434,6.39,AgentPrefab,Agent,MoveState,Moving,Goal,20.00,0.00,20.00,7.21,0.00,10.21,8.00,0.00,11.00,DStar
2435,6.39,AgentPrefab,Agent,MoveState,Moving,Goal,20.00,0.00,20.00,7.21,0.00,10.21,8.00,0.00,11.00,DStar
2436,6.39,AgentPrefab,Agent,MoveState,Moving,Goal,20.00,0.00,20.00,7.21,0.00,10.21,8.00,0.00,11.00,DStar
2437,6.40,AgentPrefab,Agent,MoveState,Moving,Goal,20.00,0.00,20.00,7.22,0.00,10.22,8.00,0.00,11.00,DStar
2438,6.40,AgentPrefab,Agent,MoveState,Moving,Goal,20.00,0.00,20.00,7.22,0.00,10.22,8.00,0.00,11.00,DStar
2439,6.40,AgentPrefab,Agent,MoveState,Moving,Goal,20.00,0.00,20.00,7.22,0.00,10.22,8.00,0.00,11.00,DStar
2440,6.41,AgentPrefab,Agent,MoveState,Moving,Goal,20.00,0.00,20.00,7.23,0.00,10.23,8.00,0.00,11.00,DStar
2441,6.41,AgentPrefab,Agent,MoveState,Moving,Goal,20.00,0.00,20.00,7.23,0.00,10.23,8.00,0.00,11.00,DStar
2442,6.41,AgentPrefab,Agent,MoveState,Moving,Goal,20.00,0.00,20.00,7.24,0.00,10.24,8.00,0.00,11.00,DStar
2443,6.41,AgentPrefab,Agent,MoveState,Moving,Goal,20.00,0.00,20.00,7.24,0.00,10.24,8.00,0.00,11.00,DStar
2444,6.41,AgentPrefab,Agent,MoveState,Moving,Goal,20.00,0.00,20.00,7.24,0.00,10.24,8.00,0.00,11.00,DStar
2445,6.42,AgentPrefab,Agent,MoveState,Moving,Goal,20.00,0.00,20.00,7.25,0.00,10.25,8.00,0.00,11.00,DStar
2446,6.42,AgentPrefab,Agent,MoveState,Moving,Goal,20.00,0.00,20.00,7.25,0.00,10.25,8.00,0.00,11.00,DStar
2447,6.42,AgentPrefab,Agent,MoveState,Moving,Goal,20.00,0.00,20.00,7.25,0.00,10.25,8.00,0.00,11.00,DStar
2448,6.42,AgentPrefab,Agent,MoveState,Moving,Goal,20.00,0.00,20.00,7.26,0.00,10.26,8.00,0.00,11.00,DStar
2449,6.43,AgentPrefab,Agent,MoveState,Moving,Goal,20.00,0.00,20.00,7.26,0.00,10.26,8.00,0.00,11.00,DStar
2450,6.43,AgentPrefab,Agent,MoveState,Moving,Goal,20.00,0.00,20.00,7.26,0.00,10.26,8.00,0.00,11.00,DStar
2451,6.43,AgentPrefab,Agent,MoveState,Moving,Goal,20.00,0.00,20.00,7.27,0.00,10.27,8.00,0.00,11.00,DStar
2452,6.43,AgentPrefab,Agent,MoveState,Moving,Goal,20.00,0.00,20.00,7.27,0.00,10.27,8.00,0.00,11.00,DStar
2453,6.44,AgentPrefab,Agent,MoveState,Moving,Goal,20.00,0.00,20.00,7.27,0.00,10.27,8.00,0.00,11.00,DStar
2454,6.44,AgentPrefab,Agent,MoveState,Moving,Goal,20.00,0.00,20.00,7.28,0.00,10.28,8.00,0.00,11.00,DStar
2455,6.44,AgentPrefab,Agent,MoveState,Moving,Goal,20.00,0.00,20.00,7.28,0.00,10.28,8.00,0.00,11.00,DStar
2456,6.44,AgentPrefab,Agent,MoveState,Moving,Goal,20.00,0.00,20.00,7.28,0.00,10.28,8.00,0.00,11.00,DStar
2457,6.45,AgentPrefab,Agent,MoveState,Moving,Goal,20.00,0.00,20.00,7.29,0.00,10.29,8.00,0.00,11.00,DStar
2458,6.45,AgentPrefab,Agent,MoveState,Moving,Goal,20.00,0.00,20.00,7.29,0.00,10.29,8.00,0.00,11.00,DStar
2459,6.45,AgentPrefab,Agent,MoveState,Moving,Goal,20.00,0.00,20.00,7.29,0.00,10.29,8.00,0.00,11.00,DStar
2460,6.45,AgentPrefab,Agent,MoveState,Moving,Goal,20.00,0.00,20.00,7.30,0.00,10.30,8.00,0.00,11.00,DStar
2461,6.46,AgentPrefab,Agent,MoveState,Moving,Goal,20.00,0.00,20.00,7.30,0.00,10.30,8.00,0.00,11.00,DStar
2462,6.46,AgentPrefab,Agent,MoveState,Moving,Goal,20.00,0.00,20.00,7.31,0.00,10.31,8.00,0.00,11.00,DStar
2463,6.46,AgentPrefab,Agent,MoveState,Moving,Goal,20.00,0.00,20.00,7.31,0.00,10.31,8.00,0.00,11.00,DStar
2464,6.47,AgentPrefab,Agent,MoveState,Moving,Goal,20.00,0.00,20.00,7.31,0.00,10.31,8.00,0.00,11.00,DStar
2465,6.47,AgentPrefab,Agent,MoveState,Moving,Goal,20.00,0.00,20.00,7.32,0.00,10.32,8.00,0.00,11.00,DStar
2466,6.47,AgentPrefab,Agent,MoveState,Moving,Goal,20.00,0.00,20.00,7.32,0.00,10.32,8.00,0.00,11.00,DStar
2467,6.47,AgentPrefab,Agent,MoveState,Moving,Goal,20.00,0.00,20.00,7.32,0.00,10.32,8.00,0.00,11.00,DStar
2468,6.48,AgentPrefab,Agent,MoveState,Moving,Goal,20.00,0.00,20.00,7.33,0.00,10.33,8.00,0.00,11.00,DStar
2469,6.48,AgentPrefab,Agent,MoveState,Moving,Goal,20.00,0.00,20.00,7.33,0.00,10.33,8.00,0.00,11.00,DStar
2470,6.48,AgentPrefab,Agent,MoveState,Moving,Goal,20.00,0.00,20.00,7.33,0.00,10.33,8.00,0.00,11.00,DStar
2471,6.48,AgentPrefab,Agent,MoveState,Moving,Goal,20.00,0.00,20.00,7.34,0.00,10.34,8.00,0.00,11.00,DStar
2472,6.48,AgentPrefab,Agent,MoveState,Moving,Goal,20.00,0.00,20.00,7.34,0.00,10.34,8.00,0.00,11.00,DStar
2473,6.49,AgentPrefab,Agent,MoveState,Moving,Goal,20.00,0.00,20.00,7.34,0.00,10.34,8.00,0.00,11.00,DStar
2474,6.49,AgentPrefab,Agent,MoveState,Moving,Goal,20.00,0.00,20.00,7.35,0.00,10.35,8.00,0.00,11.00,DStar
2475,6.49,AgentPrefab,Agent,MoveState,Moving,Goal,20.00,0.00,20.00,7.35,0.00,10.35,8.00,0.00,11.00,DStar
2476,6.49,AgentPrefab,Agent,MoveState,Moving,Goal,20.00,0.00,20.00,7.36,0.00,10.36,8.00,0.00,11.00,DStar
2477,6.50,AgentPrefab,Agent,MoveState,Moving,Goal,20.00,0.00,20.00,7.36,0.00,10.36,8.00,0.00,11.00,DStar
2478,6.50,AgentPrefab,Agent,MoveState,Moving,Goal,20.00,0.00,20.00,7.36,0.00,10.36,8.00,0.00,11.00,DStar
2479,6.50,AgentPrefab,Agent,MoveState,Moving,Goal,20.00,0.00,20.00,7.37,0.00,10.37,8.00,0.00,11.00,DStar
2480,6.50,AgentPrefab,Agent,MoveState,Moving,Goal,20.00,0.00,20.00,7.37,0.00,10.37,8.00,0.00,11.00,DStar
2481,6.51,AgentPrefab,Agent,MoveState,Moving,Goal,20.00,0.00,20.00,7.37,0.00,10.37,8.00,0.00,11.00,DStar
2482,6.51,AgentPrefab,Agent,MoveState,Moving,Goal,20.00,0.00,20.00,7.38,0.00,10.38,8.00,0.00,11.00,DStar
2483,6.51,AgentPrefab,Agent,MoveState,Moving,Goal,20.00,0.00,20.00,7.38,0.00,10.38,8.00,0.00,11.00,DStar
2484,6.51,AgentPrefab,Agent,MoveState,Moving,Goal,20.00,0.00,20.00,7.38,0.00,10.38,8.00,0.00,11.00,DStar
2485,6.52,AgentPrefab,Agent,MoveState,Moving,Goal,20.00,0.00,20.00,7.39,0.00,10.39,8.00,0.00,11.00,DStar
2486,6.52,AgentPrefab,Agent,MoveState,Moving,Goal,20.00,0.00,20.00,7.39,0.00,10.39,8.00,0.00,11.00,DStar
2487,6.52,AgentPrefab,Agent,MoveState,Moving,Goal,20.00,0.00,20.00,7.40,0.00,10.40,8.00,0.00,11.00,DStar
2488,6.53,AgentPrefab,Agent,MoveState,Moving,Goal,20.00,0.00,20.00,7.40,0.00,10.40,8.00,0.00,11.00,DStar
2489,6.53,AgentPrefab,Agent,MoveState,Moving,Goal,20.00,0.00,20.00,7.40,0.00,10.40,8.00,0.00,11.00,DStar
2490,6.53,AgentPrefab,Agent,MoveState,Moving,Goal,20.00,0.00,20.00,7.41,0.00,10.41,8.00,0.00,11.00,DStar
2491,6.53,AgentPrefab,Agent,MoveState,Moving,Goal,20.00,0.00,20.00,7.41,0.00,10.41,8.00,0.00,11.00,DStar
2492,6.54,AgentPrefab,Agent,MoveState,Moving,Goal,20.00,0.00,20.00,7.41,0.00,10.41,8.00,0.00,11.00,DStar
2493,6.54,AgentPrefab,Agent,MoveState,Moving,Goal,20.00,0.00,20.00,7.42,0.00,10.42,8.00,0.00,11.00,DStar
2494,6.54,AgentPrefab,Agent,MoveState,Moving,Goal,20.00,0.00,20.00,7.42,0.00,10.42,8.00,0.00,11.00,DStar
2495,6.54,AgentPrefab,Agent,MoveState,Moving,Goal,20.00,0.00,20.00,7.42,0.00,10.42,8.00,0.00,11.00,DStar
2496,6.55,AgentPrefab,Agent,MoveState,Moving,Goal,20.00,0.00,20.00,7.43,0.00,10.43,8.00,0.00,11.00,DStar
2497,6.55,AgentPrefab,Agent,MoveState,Moving,Goal,20.00,0.00,20.00,7.43,0.00,10.43,8.00,0.00,11.00,DStar
2498,6.55,AgentPrefab,Agent,MoveState,Moving,Goal,20.00,0.00,20.00,7.43,0.00,10.43,8.00,0.00,11.00,DStar
2499,6.55,AgentPrefab,Agent,MoveState,Moving,Goal,20.00,0.00,20.00,7.44,0.00,10.44,8.00,0.00,11.00,DStar
2500,6.56,AgentPrefab,Agent,MoveState,Moving,Goal,20.00,0.00,20.00,7.44,0.00,10.44,8.00,0.00,11.00,DStar
2501,6.56,AgentPrefab,Agent,MoveState,Moving,Goal,20.00,0.00,20.00,7.44,0.00,10.44,8.00,0.00,11.00,DStar
2502,6.56,AgentPrefab,Agent,MoveState,Moving,Goal,20.00,0.00,20.00,7.45,0.00,10.45,8.00,0.00,11.00,DStar
2503,6.56,AgentPrefab,Agent,MoveState,Moving,Goal,20.00,0.00,20.00,7.45,0.00,10.45,8.00,0.00,11.00,DStar
2504,6.57,AgentPrefab,Agent,MoveState,Moving,Goal,20.00,0.00,20.00,7.45,0.00,10.45,8.00,0.00,11.00,DStar
2505,6.57,AgentPrefab,Agent,MoveState,Moving,Goal,20.00,0.00,20.00,7.46,0.00,10.46,8.00,0.00,11.00,DStar
2506,6.57,AgentPrefab,Agent,MoveState,Moving,Goal,20.00,0.00,20.00,7.46,0.00,10.46,8.00,0.00,11.00,DStar
2507,6.57,AgentPrefab,Agent,MoveState,Moving,Goal,20.00,0.00,20.00,7.47,0.00,10.47,8.00,0.00,11.00,DStar
2508,6.58,AgentPrefab,Agent,MoveState,Moving,Goal,20.00,0.00,20.00,7.47,0.00,10.47,8.00,0.00,11.00,DStar
2509,6.58,AgentPrefab,Agent,MoveState,Moving,Goal,20.00,0.00,20.00,7.47,0.00,10.47,8.00,0.00,11.00,DStar
2510,6.58,AgentPrefab,Agent,MoveState,Moving,Goal,20.00,0.00,20.00,7.48,0.00,10.48,8.00,0.00,11.00,DStar
2511,6.58,AgentPrefab,Agent,MoveState,Moving,Goal,20.00,0.00,20.00,7.48,0.00,10.48,8.00,0.00,11.00,DStar
2512,6.59,AgentPrefab,Agent,MoveState,Moving,Goal,20.00,0.00,20.00,7.48,0.00,10.48,8.00,0.00,11.00,DStar
2513,6.59,AgentPrefab,Agent,MoveState,Moving,Goal,20.00,0.00,20.00,7.49,0.00,10.49,8.00,0.00,11.00,DStar
2514,6.59,AgentPrefab,Agent,MoveState,Moving,Goal,20.00,0.00,20.00,7.49,0.00,10.49,8.00,0.00,11.00,DStar
2515,6.59,AgentPrefab,Agent,MoveState,Moving,Goal,20.00,0.00,20.00,7.50,0.00,10.50,8.00,0.00,11.00,DStar
2516,6.60,AgentPrefab,Agent,MoveState,Moving,Goal,20.00,0.00,20.00,7.50,0.00,10.50,8.00,0.00,11.00,DStar
2517,6.60,AgentPrefab,Agent,MoveState,Moving,Goal,20.00,0.00,20.00,7.50,0.00,10.50,8.00,0.00,11.00,DStar
2518,6.60,AgentPrefab,Agent,MoveState,Moving,Goal,20.00,0.00,20.00,7.50,0.00,10.50,8.00,0.00,11.00,DStar
2519,6.60,AgentPrefab,Agent,MoveState,Moving,Goal,20.00,0.00,20.00,7.51,0.00,10.51,8.00,0.00,11.00,DStar
2520,6.61,AgentPrefab,Agent,MoveState,Moving,Goal,20.00,0.00,20.00,7.51,0.00,10.51,8.00,0.00,11.00,DStar
2521,6.61,AgentPrefab,Agent,MoveState,Moving,Goal,20.00,0.00,20.00,7.52,0.00,10.52,8.00,0.00,11.00,DStar
2522,6.61,AgentPrefab,Agent,MoveState,Moving,Goal,20.00,0.00,20.00,7.52,0.00,10.52,8.00,0.00,11.00,DStar
2523,6.61,AgentPrefab,Agent,MoveState,Moving,Goal,20.00,0.00,20.00,7.52,0.00,10.52,8.00,0.00,11.00,DStar
2524,6.62,AgentPrefab,Agent,MoveState,Moving,Goal,20.00,0.00,20.00,7.53,0.00,10.53,8.00,0.00,11.00,DStar
2525,6.62,AgentPrefab,Agent,MoveState,Moving,Goal,20.00,0.00,20.00,7.53,0.00,10.53,8.00,0.00,11.00,DStar
2526,6.62,AgentPrefab,Agent,MoveState,Moving,Goal,20.00,0.00,20.00,7.53,0.00,10.53,8.00,0.00,11.00,DStar
2527,6.62,AgentPrefab,Agent,MoveState,Moving,Goal,20.00,0.00,20.00,7.54,0.00,10.54,8.00,0.00,11.00,DStar
2528,6.63,AgentPrefab,Agent,MoveState,Moving,Goal,20.00,0.00,20.00,7.54,0.00,10.54,8.00,0.00,11.00,DStar
2529,6.63,AgentPrefab,Agent,MoveState,Moving,Goal,20.00,0.00,20.00,7.55,0.00,10.55,8.00,0.00,11.00,DStar
2530,6.63,AgentPrefab,Agent,MoveState,Moving,Goal,20.00,0.00,20.00,7.55,0.00,10.55,8.00,0.00,11.00,DStar
2531,6.64,AgentPrefab,Agent,MoveState,Moving,Goal,20.00,0.00,20.00,7.55,0.00,10.55,8.00,0.00,11.00,DStar
2532,6.64,AgentPrefab,Agent,MoveState,Moving,Goal,20.00,0.00,20.00,7.56,0.00,10.56,8.00,0.00,11.00,DStar
2533,6.64,AgentPrefab,Agent,MoveState,Moving,Goal,20.00,0.00,20.00,7.56,0.00,10.56,8.00,0.00,11.00,DStar
2534,6.64,AgentPrefab,Agent,MoveState,Moving,Goal,20.00,0.00,20.00,7.56,0.00,10.56,8.00,0.00,11.00,DStar
2535,6.65,AgentPrefab,Agent,MoveState,Moving,Goal,20.00,0.00,20.00,7.57,0.00,10.57,8.00,0.00,11.00,DStar
2536,6.65,AgentPrefab,Agent,MoveState,Moving,Goal,20.00,0.00,20.00,7.57,0.00,10.57,8.00,0.00,11.00,DStar
2537,6.65,AgentPrefab,Agent,MoveState,Moving,Goal,20.00,0.00,20.00,7.57,0.00,10.57,8.00,0.00,11.00,DStar
2538,6.65,AgentPrefab,Agent,MoveState,Moving,Goal,20.00,0.00,20.00,7.58,0.00,10.58,8.00,0.00,11.00,DStar
2539,6.66,AgentPrefab,Agent,MoveState,Moving,Goal,20.00,0.00,20.00,7.58,0.00,10.58,8.00,0.00,11.00,DStar
2540,6.66,AgentPrefab,Agent,MoveState,Moving,Goal,20.00,0.00,20.00,7.59,0.00,10.59,8.00,0.00,11.00,DStar
2541,6.66,AgentPrefab,Agent,MoveState,Moving,Goal,20.00,0.00,20.00,7.59,0.00,10.59,8.00,0.00,11.00,DStar
2542,6.66,AgentPrefab,Agent,MoveState,Moving,Goal,20.00,0.00,20.00,7.59,0.00,10.59,8.00,0.00,11.00,DStar
2543,6.67,AgentPrefab,Agent,MoveState,Moving,Goal,20.00,0.00,20.00,7.60,0.00,10.60,8.00,0.00,11.00,DStar
2544,6.67,AgentPrefab,Agent,MoveState,Moving,Goal,20.00,0.00,20.00,7.60,0.00,10.60,8.00,0.00,11.00,DStar
2545,6.67,AgentPrefab,Agent,MoveState,Moving,Goal,20.00,0.00,20.00,7.60,0.00,10.60,8.00,0.00,11.00,DStar
2546,6.67,AgentPrefab,Agent,MoveState,Moving,Goal,20.00,0.00,20.00,7.61,0.00,10.61,8.00,0.00,11.00,DStar
2547,6.68,AgentPrefab,Agent,MoveState,Moving,Goal,20.00,0.00,20.00,7.61,0.00,10.61,8.00,0.00,11.00,DStar
2548,6.68,AgentPrefab,Agent,MoveState,Moving,Goal,20.00,0.00,20.00,7.62,0.00,10.62,8.00,0.00,11.00,DStar
2549,6.68,AgentPrefab,Agent,MoveState,Moving,Goal,20.00,0.00,20.00,7.62,0.00,10.62,8.00,0.00,11.00,DStar
2550,6.68,AgentPrefab,Agent,MoveState,Moving,Goal,20.00,0.00,20.00,7.62,0.00,10.62,8.00,0.00,11.00,DStar
2551,6.69,AgentPrefab,Agent,MoveState,Moving,Goal,20.00,0.00,20.00,7.63,0.00,10.63,8.00,0.00,11.00,DStar
2552,6.69,AgentPrefab,Agent,MoveState,Moving,Goal,20.00,0.00,20.00,7.63,0.00,10.63,8.00,0.00,11.00,DStar
2553,6.69,AgentPrefab,Agent,MoveState,Moving,Goal,20.00,0.00,20.00,7.63,0.00,10.63,8.00,0.00,11.00,DStar
2554,6.69,AgentPrefab,Agent,MoveState,Moving,Goal,20.00,0.00,20.00,7.64,0.00,10.64,8.00,0.00,11.00,DStar
2555,6.70,AgentPrefab,Agent,MoveState,Moving,Goal,20.00,0.00,20.00,7.64,0.00,10.64,8.00,0.00,11.00,DStar
2556,6.70,AgentPrefab,Agent,MoveState,Moving,Goal,20.00,0.00,20.00,7.64,0.00,10.64,8.00,0.00,11.00,DStar
2557,6.70,AgentPrefab,Agent,MoveState,Moving,Goal,20.00,0.00,20.00,7.65,0.00,10.65,8.00,0.00,11.00,DStar
2558,6.70,AgentPrefab,Agent,MoveState,Moving,Goal,20.00,0.00,20.00,7.65,0.00,10.65,8.00,0.00,11.00,DStar
2559,6.71,AgentPrefab,Agent,MoveState,Moving,Goal,20.00,0.00,20.00,7.66,0.00,10.66,8.00,0.00,11.00,DStar
2560,6.71,AgentPrefab,Agent,MoveState,Moving,Goal,20.00,0.00,20.00,7.66,0.00,10.66,8.00,0.00,11.00,DStar
2561,6.71,AgentPrefab,Agent,MoveState,Moving,Goal,20.00,0.00,20.00,7.66,0.00,10.66,8.00,0.00,11.00,DStar
2562,6.71,AgentPrefab,Agent,MoveState,Moving,Goal,20.00,0.00,20.00,7.67,0.00,10.67,8.00,0.00,11.00,DStar
2563,6.72,AgentPrefab,Agent,MoveState,Moving,Goal,20.00,0.00,20.00,7.67,0.00,10.67,8.00,0.00,11.00,DStar
2564,6.72,AgentPrefab,Agent,MoveState,Moving,Goal,20.00,0.00,20.00,7.67,0.00,10.67,8.00,0.00,11.00,DStar
2565,6.72,AgentPrefab,Agent,MoveState,Moving,Goal,20.00,0.00,20.00,7.68,0.00,10.68,8.00,0.00,11.00,DStar
2566,6.72,AgentPrefab,Agent,MoveState,Moving,Goal,20.00,0.00,20.00,7.68,0.00,10.68,8.00,0.00,11.00,DStar
2567,6.73,AgentPrefab,Agent,MoveState,Moving,Goal,20.00,0.00,20.00,7.68,0.00,10.68,8.00,0.00,11.00,DStar
2568,6.73,AgentPrefab,Agent,MoveState,Moving,Goal,20.00,0.00,20.00,7.69,0.00,10.69,8.00,0.00,11.00,DStar
2569,6.73,AgentPrefab,Agent,MoveState,Moving,Goal,20.00,0.00,20.00,7.69,0.00,10.69,8.00,0.00,11.00,DStar
2570,6.74,AgentPrefab,Agent,MoveState,Moving,Goal,20.00,0.00,20.00,7.69,0.00,10.69,8.00,0.00,11.00,DStar
2571,6.74,AgentPrefab,Agent,MoveState,Moving,Goal,20.00,0.00,20.00,7.70,0.00,10.70,8.00,0.00,11.00,DStar
2572,6.74,AgentPrefab,Agent,MoveState,Moving,Goal,20.00,0.00,20.00,7.71,0.00,10.71,8.00,0.00,11.00,DStar
2573,6.75,AgentPrefab,Agent,MoveState,Moving,Goal,20.00,0.00,20.00,7.71,0.00,10.71,8.00,0.00,11.00,DStar
2574,6.75,AgentPrefab,Agent,MoveState,Moving,Goal,20.00,0.00,20.00,7.72,0.00,10.72,8.00,0.00,11.00,DStar
2575,6.75,AgentPrefab,Agent,MoveState,Moving,Goal,20.00,0.00,20.00,7.72,0.00,10.72,8.00,0.00,11.00,DStar
2576,6.76,AgentPrefab,Agent,MoveState,Moving,Goal,20.00,0.00,20.00,7.72,0.00,10.72,8.00,0.00,11.00,DStar
2577,6.76,AgentPrefab,Agent,MoveState,Moving,Goal,20.00,0.00,20.00,7.73,0.00,10.73,8.00,0.00,11.00,DStar
2578,6.76,AgentPrefab,Agent,MoveState,Moving,Goal,20.00,0.00,20.00,7.73,0.00,10.73,8.00,0.00,11.00,DStar
2579,6.76,AgentPrefab,Agent,MoveState,Moving,Goal,20.00,0.00,20.00,7.73,0.00,10.73,8.00,0.00,11.00,DStar
2580,6.77,AgentPrefab,Agent,MoveState,Moving,Goal,20.00,0.00,20.00,7.74,0.00,10.74,8.00,0.00,11.00,DStar
2581,6.77,AgentPrefab,Agent,MoveState,Moving,Goal,20.00,0.00,20.00,7.74,0.00,10.74,8.00,0.00,11.00,DStar
2582,6.77,AgentPrefab,Agent,MoveState,Moving,Goal,20.00,0.00,20.00,7.74,0.00,10.74,8.00,0.00,11.00,DStar
2583,6.77,AgentPrefab,Agent,MoveState,Moving,Goal,20.00,0.00,20.00,7.75,0.00,10.75,8.00,0.00,11.00,DStar
2584,6.78,AgentPrefab,Agent,MoveState,Moving,Goal,20.00,0.00,20.00,7.75,0.00,10.75,8.00,0.00,11.00,DStar
2585,6.78,AgentPrefab,Agent,MoveState,Moving,Goal,20.00,0.00,20.00,7.76,0.00,10.76,8.00,0.00,11.00,DStar
2586,6.78,AgentPrefab,Agent,MoveState,Moving,Goal,20.00,0.00,20.00,7.76,0.00,10.76,8.00,0.00,11.00,DStar
2587,6.79,AgentPrefab,Agent,MoveState,Moving,Goal,20.00,0.00,20.00,7.77,0.00,10.77,8.00,0.00,11.00,DStar
2588,6.79,AgentPrefab,Agent,MoveState,Moving,Goal,20.00,0.00,20.00,7.77,0.00,10.77,8.00,0.00,11.00,DStar
2589,6.79,AgentPrefab,Agent,MoveState,Moving,Goal,20.00,0.00,20.00,7.78,0.00,10.78,8.00,0.00,11.00,DStar
2590,6.79,AgentPrefab,Agent,MoveState,Moving,Goal,20.00,0.00,20.00,7.78,0.00,10.78,8.00,0.00,11.00,DStar
2591,6.80,AgentPrefab,Agent,MoveState,Moving,Goal,20.00,0.00,20.00,7.78,0.00,10.78,8.00,0.00,11.00,DStar
2592,6.80,AgentPrefab,Agent,MoveState,Moving,Goal,20.00,0.00,20.00,7.79,0.00,10.79,8.00,0.00,11.00,DStar
2593,6.80,AgentPrefab,Agent,MoveState,Moving,Goal,20.00,0.00,20.00,7.79,0.00,10.79,8.00,0.00,11.00,DStar
2594,6.80,AgentPrefab,Agent,MoveState,Moving,Goal,20.00,0.00,20.00,7.79,0.00,10.79,8.00,0.00,11.00,DStar
2595,6.81,AgentPrefab,Agent,MoveState,Moving,Goal,20.00,0.00,20.00,7.80,0.00,10.80,8.00,0.00,11.00,DStar
2596,6.81,AgentPrefab,Agent,MoveState,Moving,Goal,20.00,0.00,20.00,7.80,0.00,10.80,8.00,0.00,11.00,DStar
2597,6.81,AgentPrefab,Agent,MoveState,Moving,Goal,20.00,0.00,20.00,7.80,0.00,10.80,8.00,0.00,11.00,DStar
2598,6.81,AgentPrefab,Agent,MoveState,Moving,Goal,20.00,0.00,20.00,7.81,0.00,10.81,8.00,0.00,11.00,DStar
2599,6.82,AgentPrefab,Agent,MoveState,Moving,Goal,20.00,0.00,20.00,7.81,0.00,10.81,8.00,0.00,11.00,DStar
2600,6.82,AgentPrefab,Agent,MoveState,Moving,Goal,20.00,0.00,20.00,7.81,0.00,10.81,8.00,0.00,11.00,DStar
2601,6.82,AgentPrefab,Agent,MoveState,Moving,Goal,20.00,0.00,20.00,7.82,0.00,10.82,8.00,0.00,11.00,DStar
2602,6.82,AgentPrefab,Agent,MoveState,Moving,Goal,20.00,0.00,20.00,7.82,0.00,10.82,8.00,0.00,11.00,DStar
2603,6.83,AgentPrefab,Agent,MoveState,Moving,Goal,20.00,0.00,20.00,7.82,0.00,10.82,8.00,0.00,11.00,DStar
2604,6.83,AgentPrefab,Agent,MoveState,Moving,Goal,20.00,0.00,20.00,7.83,0.00,10.83,8.00,0.00,11.00,DStar
2605,6.83,AgentPrefab,Agent,MoveState,Moving,Goal,20.00,0.00,20.00,7.83,0.00,10.83,8.00,0.00,11.00,DStar
2606,6.83,AgentPrefab,Agent,MoveState,Moving,Goal,20.00,0.00,20.00,7.83,0.00,10.83,8.00,0.00,11.00,DStar
2607,6.84,AgentPrefab,Agent,MoveState,Moving,Goal,20.00,0.00,20.00,7.84,0.00,10.84,8.00,0.00,11.00,DStar
2608,6.84,AgentPrefab,Agent,MoveState,Moving,Goal,20.00,0.00,20.00,7.84,0.00,10.84,8.00,0.00,11.00,DStar
2609,6.84,AgentPrefab,Agent,MoveState,Moving,Goal,20.00,0.00,20.00,7.84,0.00,10.84,8.00,0.00,11.00,DStar
2610,6.84,AgentPrefab,Agent,MoveState,Moving,Goal,20.00,0.00,20.00,7.85,0.00,10.85,8.00,0.00,11.00,DStar
2611,6.85,AgentPrefab,Agent,MoveState,Moving,Goal,20.00,0.00,20.00,7.85,0.00,10.85,8.00,0.00,11.00,DStar
2612,6.85,AgentPrefab,Agent,MoveState,Moving,Goal,20.00,0.00,20.00,7.85,0.00,10.85,8.00,0.00,11.00,DStar
2613,6.85,AgentPrefab,Agent,MoveState,Moving,Goal,20.00,0.00,20.00,7.86,0.00,10.86,8.00,0.00,11.00,DStar
2614,6.85,AgentPrefab,Agent,MoveState,Moving,Goal,20.00,0.00,20.00,7.86,0.00,10.86,8.00,0.00,11.00,DStar
2615,6.86,AgentPrefab,Agent,MoveState,Moving,Goal,20.00,0.00,20.00,7.86,0.00,10.86,8.00,0.00,11.00,DStar
2616,6.86,AgentPrefab,Agent,MoveState,Moving,Goal,20.00,0.00,20.00,7.87,0.00,10.87,8.00,0.00,11.00,DStar
2617,6.86,AgentPrefab,Agent,MoveState,Moving,Goal,20.00,0.00,20.00,7.87,0.00,10.87,8.00,0.00,11.00,DStar
2618,6.86,AgentPrefab,Agent,MoveState,Moving,Goal,20.00,0.00,20.00,7.88,0.00,10.88,8.00,0.00,11.00,DStar
2619,6.87,AgentPrefab,Agent,MoveState,Moving,Goal,20.00,0.00,20.00,7.88,0.00,10.88,8.00,0.00,11.00,DStar
2620,6.87,AgentPrefab,Agent,MoveState,Moving,Goal,20.00,0.00,20.00,7.88,0.00,10.88,8.00,0.00,11.00,DStar
2621,6.87,AgentPrefab,Agent,MoveState,Moving,Goal,20.00,0.00,20.00,7.89,0.00,10.89,8.00,0.00,11.00,DStar
2622,6.87,AgentPrefab,Agent,MoveState,Moving,Goal,20.00,0.00,20.00,7.89,0.00,10.89,8.00,0.00,11.00,DStar
2623,6.88,AgentPrefab,Agent,MoveState,Moving,Goal,20.00,0.00,20.00,7.90,0.00,10.90,8.00,0.00,11.00,DStar
2624,6.88,AgentPrefab,Agent,MoveState,Moving,Goal,20.00,0.00,20.00,7.90,0.00,10.90,8.00,0.00,11.00,DStar
2625,6.88,AgentPrefab,Agent,MoveState,Moving,Goal,20.00,0.00,20.00,7.90,0.00,10.90,8.00,0.00,11.00,DStar
2626,6.88,AgentPrefab,Agent,MoveState,Moving,Goal,20.00,0.00,20.00,7.91,0.00,10.91,8.00,0.00,11.00,DStar
2627,6.89,AgentPrefab,Agent,MoveState,Moving,Goal,20.00,0.00,20.00,7.91,0.00,10.91,8.00,0.00,11.00,DStar
2628,6.89,AgentPrefab,Agent,MoveState,Moving,Goal,20.00,0.00,20.00,7.91,0.00,10.91,8.00,0.00,11.00,DStar
2629,6.89,AgentPrefab,Agent,MoveState,Moving,Goal,20.00,0.00,20.00,7.92,0.00,10.92,8.00,0.00,11.00,DStar
2630,6.89,AgentPrefab,Agent,MoveState,Moving,Goal,20.00,0.00,20.00,7.92,0.00,10.92,8.00,0.00,11.00,DStar
2631,6.90,AgentPrefab,Agent,MoveState,Moving,Goal,20.00,0.00,20.00,7.92,0.00,10.92,8.00,0.00,11.00,DStar
2632,6.90,AgentPrefab,Agent,MoveState,Moving,Goal,20.00,0.00,20.00,7.93,0.00,10.93,8.00,0.00,11.00,DStar
2633,6.90,AgentPrefab,Agent,MoveState,Moving,Goal,20.00,0.00,20.00,7.93,0.00,10.93,8.00,0.00,11.00,DStar
2634,6.91,AgentPrefab,Agent,MoveState,Moving,Goal,20.00,0.00,20.00,7.93,0.00,10.93,8.00,0.00,11.00,DStar
2635,6.91,AgentPrefab,Agent,MoveState,Moving,Goal,20.00,0.00,20.00,7.94,0.00,10.94,8.00,0.00,11.00,DStar
2636,6.91,AgentPrefab,Agent,MoveState,Moving,Goal,20.00,0.00,20.00,7.94,0.00,10.94,8.00,0.00,11.00,DStar
2637,6.91,AgentPrefab,Agent,MoveState,Moving,Goal,20.00,0.00,20.00,7.95,0.00,10.95,8.00,0.00,11.00,DStar
2638,6.92,AgentPrefab,Agent,MoveState,Moving,Goal,20.00,0.00,20.00,7.95,0.00,10.95,8.00,0.00,11.00,DStar
2639,6.92,AgentPrefab,Agent,MoveState,Moving,Goal,20.00,0.00,20.00,7.95,0.00,10.95,8.00,0.00,11.00,DStar
2640,6.92,AgentPrefab,Agent,MoveState,Moving,Goal,20.00,0.00,20.00,7.96,0.00,10.96,8.00,0.00,11.00,DStar
2641,6.92,AgentPrefab,Agent,MoveState,Moving,Goal,20.00,0.00,20.00,7.96,0.00,10.96,8.00,0.00,11.00,DStar
2642,6.93,AgentPrefab,Agent,MoveState,Moving,Goal,20.00,0.00,20.00,8.00,0.00,11.00,9.00,0.00,12.00,DStar
2643,6.93,AgentPrefab,Agent,MoveState,Moving,Goal,20.00,0.00,20.00,8.00,0.00,11.00,9.00,0.00,12.00,DStar
2644,6.93,AgentPrefab,Agent,MoveState,Moving,Goal,20.00,0.00,20.00,8.01,0.00,11.01,9.00,0.00,12.00,DStar
2645,6.93,AgentPrefab,Agent,MoveState,Moving,Goal,20.00,0.00,20.00,8.01,0.00,11.01,9.00,0.00,12.00,DStar
2646,6.94,AgentPrefab,Agent,MoveState,Moving,Goal,20.00,0.00,20.00,8.01,0.00,11.01,9.00,0.00,12.00,DStar
2647,6.94,AgentPrefab,Agent,MoveState,Moving,Goal,20.00,0.00,20.00,8.02,0.00,11.02,9.00,0.00,12.00,DStar
2648,6.94,AgentPrefab,Agent,MoveState,Moving,Goal,20.00,0.00,20.00,8.02,0.00,11.02,9.00,0.00,12.00,DStar
2649,6.94,AgentPrefab,Agent,MoveState,Moving,Goal,20.00,0.00,20.00,8.02,0.00,11.02,9.00,0.00,12.00,DStar
2650,6.95,AgentPrefab,Agent,MoveState,Moving,Goal,20.00,0.00,20.00,8.03,0.00,11.03,9.00,0.00,12.00,DStar
2651,6.95,AgentPrefab,Agent,MoveState,Moving,Goal,20.00,0.00,20.00,8.03,0.00,11.03,9.00,0.00,12.00,DStar
2652,6.95,AgentPrefab,Agent,MoveState,Moving,Goal,20.00,0.00,20.00,8.03,0.00,11.03,9.00,0.00,12.00,DStar
2653,6.95,AgentPrefab,Agent,MoveState,Moving,Goal,20.00,0.00,20.00,8.04,0.00,11.04,9.00,0.00,12.00,DStar
2654,6.96,AgentPrefab,Agent,MoveState,Moving,Goal,20.00,0.00,20.00,8.04,0.00,11.04,9.00,0.00,12.00,DStar
2655,6.96,AgentPrefab,Agent,MoveState,Moving,Goal,20.00,0.00,20.00,8.05,0.00,11.05,9.00,0.00,12.00,DStar
2656,6.96,AgentPrefab,Agent,MoveState,Moving,Goal,20.00,0.00,20.00,8.05,0.00,11.05,9.00,0.00,12.00,DStar
2657,6.96,AgentPrefab,Agent,MoveState,Moving,Goal,20.00,0.00,20.00,8.05,0.00,11.05,9.00,0.00,12.00,DStar
2658,6.97,AgentPrefab,Agent,MoveState,Moving,Goal,20.00,0.00,20.00,8.06,0.00,11.06,9.00,0.00,12.00,DStar
2659,6.97,AgentPrefab,Agent,MoveState,Moving,Goal,20.00,0.00,20.00,8.06,0.00,11.06,9.00,0.00,12.00,DStar
2660,6.97,AgentPrefab,Agent,MoveState,Moving,Goal,20.00,0.00,20.00,8.06,0.00,11.06,9.00,0.00,12.00,DStar
2661,6.97,AgentPrefab,Agent,MoveState,Moving,Goal,20.00,0.00,20.00,8.07,0.00,11.07,9.00,0.00,12.00,DStar
2662,6.98,AgentPrefab,Agent,MoveState,Moving,Goal,20.00,0.00,20.00,8.07,0.00,11.07,9.00,0.00,12.00,DStar
2663,6.98,AgentPrefab,Agent,MoveState,Moving,Goal,20.00,0.00,20.00,8.07,0.00,11.07,9.00,0.00,12.00,DStar
2664,6.98,AgentPrefab,Agent,MoveState,Moving,Goal,20.00,0.00,20.00,8.08,0.00,11.08,9.00,0.00,12.00,DStar
2665,6.98,AgentPrefab,Agent,MoveState,Moving,Goal,20.00,0.00,20.00,8.08,0.00,11.08,9.00,0.00,12.00,DStar
2666,6.98,AgentPrefab,Agent,MoveState,Moving,Goal,20.00,0.00,20.00,8.08,0.00,11.08,9.00,0.00,12.00,DStar
2667,6.99,AgentPrefab,Agent,MoveState,Moving,Goal,20.00,0.00,20.00,8.09,0.00,11.09,9.00,0.00,12.00,DStar
2668,6.99,AgentPrefab,Agent,MoveState,Moving,Goal,20.00,0.00,20.00,8.09,0.00,11.09,9.00,0.00,12.00,DStar
2669,6.99,AgentPrefab,Agent,MoveState,Moving,Goal,20.00,0.00,20.00,8.09,0.00,11.09,9.00,0.00,12.00,DStar
2670,7.00,AgentPrefab,Agent,MoveState,Moving,Goal,20.00,0.00,20.00,8.10,0.00,11.10,9.00,0.00,12.00,DStar
2671,7.00,AgentPrefab,Agent,MoveState,Moving,Goal,20.00,0.00,20.00,8.10,0.00,11.10,9.00,0.00,12.00,DStar
2672,7.00,AgentPrefab,Agent,MoveState,Moving,Goal,20.00,0.00,20.00,8.11,0.00,11.11,9.00,0.00,12.00,DStar
2673,7.00,AgentPrefab,Agent,MoveState,Moving,Goal,20.00,0.00,20.00,8.11,0.00,11.11,9.00,0.00,12.00,DStar
2674,7.01,AgentPrefab,Agent,MoveState,Moving,Goal,20.00,0.00,20.00,8.11,0.00,11.11,9.00,0.00,12.00,DStar
2675,7.01,AgentPrefab,Agent,MoveState,Moving,Goal,20.00,0.00,20.00,8.12,0.00,11.12,9.00,0.00,12.00,DStar
2676,7.01,AgentPrefab,Agent,MoveState,Moving,Goal,20.00,0.00,20.00,8.12,0.00,11.12,9.00,0.00,12.00,DStar
2677,7.01,AgentPrefab,Agent,MoveState,Moving,Goal,20.00,0.00,20.00,8.12,0.00,11.12,9.00,0.00,12.00,DStar
2678,7.02,AgentPrefab,Agent,MoveState,Moving,Goal,20.00,0.00,20.00,8.13,0.00,11.13,9.00,0.00,12.00,DStar
2679,7.02,AgentPrefab,Agent,MoveState,Moving,Goal,20.00,0.00,20.00,8.13,0.00,11.13,9.00,0.00,12.00,DStar
2680,7.02,AgentPrefab,Agent,MoveState,Moving,Goal,20.00,0.00,20.00,8.13,0.00,11.13,9.00,0.00,12.00,DStar
2681,7.03,AgentPrefab,Agent,MoveState,Moving,Goal,20.00,0.00,20.00,8.14,0.00,11.14,9.00,0.00,12.00,DStar
2682,7.03,AgentPrefab,Agent,MoveState,Moving,Goal,20.00,0.00,20.00,8.14,0.00,11.14,9.00,0.00,12.00,DStar
2683,7.03,AgentPrefab,Agent,MoveState,Moving,Goal,20.00,0.00,20.00,8.15,0.00,11.15,9.00,0.00,12.00,DStar
2684,7.03,AgentPrefab,Agent,MoveState,Moving,Goal,20.00,0.00,20.00,8.15,0.00,11.15,9.00,0.00,12.00,DStar
2685,7.03,AgentPrefab,Agent,MoveState,Moving,Goal,20.00,0.00,20.00,8.15,0.00,11.15,9.00,0.00,12.00,DStar
2686,7.04,AgentPrefab,Agent,MoveState,Moving,Goal,20.00,0.00,20.00,8.16,0.00,11.16,9.00,0.00,12.00,DStar
2687,7.04,AgentPrefab,Agent,MoveState,Moving,Goal,20.00,0.00,20.00,8.16,0.00,11.16,9.00,0.00,12.00,DStar
2688,7.04,AgentPrefab,Agent,MoveState,Moving,Goal,20.00,0.00,20.00,8.16,0.00,11.16,9.00,0.00,12.00,DStar
2689,7.04,AgentPrefab,Agent,MoveState,Moving,Goal,20.00,0.00,20.00,8.17,0.00,11.17,9.00,0.00,12.00,DStar
2690,7.05,AgentPrefab,Agent,MoveState,Moving,Goal,20.00,0.00,20.00,8.17,0.00,11.17,9.00,0.00,12.00,DStar
2691,7.05,AgentPrefab,Agent,MoveState,Moving,Goal,20.00,0.00,20.00,8.17,0.00,11.17,9.00,0.00,12.00,DStar
2692,7.05,AgentPrefab,Agent,MoveState,Moving,Goal,20.00,0.00,20.00,8.18,0.00,11.18,9.00,0.00,12.00,DStar
2693,7.05,AgentPrefab,Agent,MoveState,Moving,Goal,20.00,0.00,20.00,8.18,0.00,11.18,9.00,0.00,12.00,DStar
2694,7.06,AgentPrefab,Agent,MoveState,Moving,Goal,20.00,0.00,20.00,8.18,0.00,11.18,9.00,0.00,12.00,DStar
2695,7.06,AgentPrefab,Agent,MoveState,Moving,Goal,20.00,0.00,20.00,8.19,0.00,11.19,9.00,0.00,12.00,DStar
2696,7.06,AgentPrefab,Agent,MoveState,Moving,Goal,20.00,0.00,20.00,8.19,0.00,11.19,9.00,0.00,12.00,DStar
2697,7.07,AgentPrefab,Agent,MoveState,Moving,Goal,20.00,0.00,20.00,8.20,0.00,11.20,9.00,0.00,12.00,DStar
2698,7.07,AgentPrefab,Agent,MoveState,Moving,Goal,20.00,0.00,20.00,8.20,0.00,11.20,9.00,0.00,12.00,DStar
2699,7.07,AgentPrefab,Agent,MoveState,Moving,Goal,20.00,0.00,20.00,8.20,0.00,11.20,9.00,0.00,12.00,DStar
2700,7.07,AgentPrefab,Agent,MoveState,Moving,Goal,20.00,0.00,20.00,8.21,0.00,11.21,9.00,0.00,12.00,DStar
2701,7.08,AgentPrefab,Agent,MoveState,Moving,Goal,20.00,0.00,20.00,8.21,0.00,11.21,9.00,0.00,12.00,DStar
2702,7.08,AgentPrefab,Agent,MoveState,Moving,Goal,20.00,0.00,20.00,8.22,0.00,11.22,9.00,0.00,12.00,DStar
2703,7.08,AgentPrefab,Agent,MoveState,Moving,Goal,20.00,0.00,20.00,8.22,0.00,11.22,9.00,0.00,12.00,DStar
2704,7.09,AgentPrefab,Agent,MoveState,Moving,Goal,20.00,0.00,20.00,8.22,0.00,11.22,9.00,0.00,12.00,DStar
2705,7.09,AgentPrefab,Agent,MoveState,Moving,Goal,20.00,0.00,20.00,8.23,0.00,11.23,9.00,0.00,12.00,DStar
2706,7.09,AgentPrefab,Agent,MoveState,Moving,Goal,20.00,0.00,20.00,8.23,0.00,11.23,9.00,0.00,12.00,DStar
2707,7.09,AgentPrefab,Agent,MoveState,Moving,Goal,20.00,0.00,20.00,8.24,0.00,11.24,9.00,0.00,12.00,DStar
2708,7.10,AgentPrefab,Agent,MoveState,Moving,Goal,20.00,0.00,20.00,8.24,0.00,11.24,9.00,0.00,12.00,DStar
2709,7.10,AgentPrefab,Agent,MoveState,Moving,Goal,20.00,0.00,20.00,8.24,0.00,11.24,9.00,0.00,12.00,DStar
2710,7.10,AgentPrefab,Agent,MoveState,Moving,Goal,20.00,0.00,20.00,8.25,0.00,11.25,9.00,0.00,12.00,DStar
2711,7.11,AgentPrefab,Agent,MoveState,Moving,Goal,20.00,0.00,20.00,8.25,0.00,11.25,9.00,0.00,12.00,DStar
2712,7.11,AgentPrefab,Agent,MoveState,Moving,Goal,20.00,0.00,20.00,8.26,0.00,11.26,9.00,0.00,12.00,DStar
2713,7.11,AgentPrefab,Agent,MoveState,Moving,Goal,20.00,0.00,20.00,8.26,0.00,11.26,9.00,0.00,12.00,DStar
2714,7.12,AgentPrefab,Agent,MoveState,Moving,Goal,20.00,0.00,20.00,8.27,0.00,11.27,9.00,0.00,12.00,DStar
2715,7.12,AgentPrefab,Agent,MoveState,Moving,Goal,20.00,0.00,20.00,8.27,0.00,11.27,9.00,0.00,12.00,DStar
2716,7.12,AgentPrefab,Agent,MoveState,Moving,Goal,20.00,0.00,20.00,8.28,0.00,11.28,9.00,0.00,12.00,DStar
2717,7.13,AgentPrefab,Agent,MoveState,Moving,Goal,20.00,0.00,20.00,8.28,0.00,11.28,9.00,0.00,12.00,DStar
2718,7.13,AgentPrefab,Agent,MoveState,Moving,Goal,20.00,0.00,20.00,8.28,0.00,11.28,9.00,0.00,12.00,DStar
2719,7.13,AgentPrefab,Agent,MoveState,Moving,Goal,20.00,0.00,20.00,8.29,0.00,11.29,9.00,0.00,12.00,DStar
2720,7.13,AgentPrefab,Agent,MoveState,Moving,Goal,20.00,0.00,20.00,8.29,0.00,11.29,9.00,0.00,12.00,DStar
2721,7.14,AgentPrefab,Agent,MoveState,Moving,Goal,20.00,0.00,20.00,8.30,0.00,11.30,9.00,0.00,12.00,DStar
2722,7.14,AgentPrefab,Agent,MoveState,Moving,Goal,20.00,0.00,20.00,8.30,0.00,11.30,9.00,0.00,12.00,DStar
2723,7.14,AgentPrefab,Agent,MoveState,Moving,Goal,20.00,0.00,20.00,8.31,0.00,11.31,9.00,0.00,12.00,DStar
2724,7.15,AgentPrefab,Agent,MoveState,Moving,Goal,20.00,0.00,20.00,8.31,0.00,11.31,9.00,0.00,12.00,DStar
2725,7.15,AgentPrefab,Agent,MoveState,Moving,Goal,20.00,0.00,20.00,8.31,0.00,11.31,9.00,0.00,12.00,DStar
2726,7.15,AgentPrefab,Agent,MoveState,Moving,Goal,20.00,0.00,20.00,8.32,0.00,11.32,9.00,0.00,12.00,DStar
2727,7.16,AgentPrefab,Agent,MoveState,Moving,Goal,20.00,0.00,20.00,8.32,0.00,11.32,9.00,0.00,12.00,DStar
2728,7.16,AgentPrefab,Agent,MoveState,Moving,Goal,20.00,0.00,20.00,8.33,0.00,11.33,9.00,0.00,12.00,DStar
2729,7.16,AgentPrefab,Agent,MoveState,Moving,Goal,20.00,0.00,20.00,8.33,0.00,11.33,9.00,0.00,12.00,DStar
2730,7.16,AgentPrefab,Agent,MoveState,Moving,Goal,20.00,0.00,20.00,8.33,0.00,11.33,9.00,0.00,12.00,DStar
2731,7.17,AgentPrefab,Agent,MoveState,Moving,Goal,20.00,0.00,20.00,8.34,0.00,11.34,9.00,0.00,12.00,DStar
2732,7.17,AgentPrefab,Agent,MoveState,Moving,Goal,20.00,0.00,20.00,8.34,0.00,11.34,9.00,0.00,12.00,DStar
2733,7.17,AgentPrefab,Agent,MoveState,Moving,Goal,20.00,0.00,20.00,8.35,0.00,11.35,9.00,0.00,12.00,DStar
2734,7.17,AgentPrefab,Agent,MoveState,Moving,Goal,20.00,0.00,20.00,8.35,0.00,11.35,9.00,0.00,12.00,DStar
2735,7.18,AgentPrefab,Agent,MoveState,Moving,Goal,20.00,0.00,20.00,8.35,0.00,11.35,9.00,0.00,12.00,DStar
2736,7.18,AgentPrefab,Agent,MoveState,Moving,Goal,20.00,0.00,20.00,8.36,0.00,11.36,9.00,0.00,12.00,DStar
2737,7.18,AgentPrefab,Agent,MoveState,Moving,Goal,20.00,0.00,20.00,8.36,0.00,11.36,9.00,0.00,12.00,DStar
2738,7.19,AgentPrefab,Agent,MoveState,Moving,Goal,20.00,0.00,20.00,8.36,0.00,11.36,9.00,0.00,12.00,DStar
2739,7.19,AgentPrefab,Agent,MoveState,Moving,Goal,20.00,0.00,20.00,8.37,0.00,11.37,9.00,0.00,12.00,DStar
2740,7.19,AgentPrefab,Agent,MoveState,Moving,Goal,20.00,0.00,20.00,8.37,0.00,11.37,9.00,0.00,12.00,DStar
2741,7.19,AgentPrefab,Agent,MoveState,Moving,Goal,20.00,0.00,20.00,8.38,0.00,11.38,9.00,0.00,12.00,DStar
2742,7.20,AgentPrefab,Agent,MoveState,Moving,Goal,20.00,0.00,20.00,8.38,0.00,11.38,9.00,0.00,12.00,DStar
2743,7.20,AgentPrefab,Agent,MoveState,Moving,Goal,20.00,0.00,20.00,8.38,0.00,11.38,9.00,0.00,12.00,DStar
2744,7.20,AgentPrefab,Agent,MoveState,Moving,Goal,20.00,0.00,20.00,8.39,0.00,11.39,9.00,0.00,12.00,DStar
2745,7.20,AgentPrefab,Agent,MoveState,Moving,Goal,20.00,0.00,20.00,8.39,0.00,11.39,9.00,0.00,12.00,DStar
2746,7.21,AgentPrefab,Agent,MoveState,Moving,Goal,20.00,0.00,20.00,8.40,0.00,11.40,9.00,0.00,12.00,DStar
2747,7.21,AgentPrefab,Agent,MoveState,Moving,Goal,20.00,0.00,20.00,8.40,0.00,11.40,9.00,0.00,12.00,DStar
2748,7.21,AgentPrefab,Agent,MoveState,Moving,Goal,20.00,0.00,20.00,8.40,0.00,11.40,9.00,0.00,12.00,DStar
2749,7.21,AgentPrefab,Agent,MoveState,Moving,Goal,20.00,0.00,20.00,8.41,0.00,11.41,9.00,0.00,12.00,DStar
2750,7.22,AgentPrefab,Agent,MoveState,Moving,Goal,20.00,0.00,20.00,8.41,0.00,11.41,9.00,0.00,12.00,DStar
2751,7.22,AgentPrefab,Agent,MoveState,Moving,Goal,20.00,0.00,20.00,8.41,0.00,11.41,9.00,0.00,12.00,DStar
2752,7.22,AgentPrefab,Agent,MoveState,Moving,Goal,20.00,0.00,20.00,8.42,0.00,11.42,9.00,0.00,12.00,DStar
2753,7.22,AgentPrefab,Agent,MoveState,Moving,Goal,20.00,0.00,20.00,8.42,0.00,11.42,9.00,0.00,12.00,DStar
2754,7.23,AgentPrefab,Agent,MoveState,Moving,Goal,20.00,0.00,20.00,8.42,0.00,11.42,9.00,0.00,12.00,DStar
2755,7.23,AgentPrefab,Agent,MoveState,Moving,Goal,20.00,0.00,20.00,8.43,0.00,11.43,9.00,0.00,12.00,DStar
2756,7.23,AgentPrefab,Agent,MoveState,Moving,Goal,20.00,0.00,20.00,8.43,0.00,11.43,9.00,0.00,12.00,DStar
2757,7.23,AgentPrefab,Agent,MoveState,Moving,Goal,20.00,0.00,20.00,8.43,0.00,11.43,9.00,0.00,12.00,DStar
2758,7.24,AgentPrefab,Agent,MoveState,Moving,Goal,20.00,0.00,20.00,8.44,0.00,11.44,9.00,0.00,12.00,DStar
2759,7.24,AgentPrefab,Agent,MoveState,Moving,Goal,20.00,0.00,20.00,8.44,0.00,11.44,9.00,0.00,12.00,DStar
2760,7.24,AgentPrefab,Agent,MoveState,Moving,Goal,20.00,0.00,20.00,8.45,0.00,11.45,9.00,0.00,12.00,DStar
2761,7.25,AgentPrefab,Agent,MoveState,Moving,Goal,20.00,0.00,20.00,8.45,0.00,11.45,9.00,0.00,12.00,DStar
2762,7.25,AgentPrefab,Agent,MoveState,Moving,Goal,20.00,0.00,20.00,8.45,0.00,11.45,9.00,0.00,12.00,DStar
2763,7.25,AgentPrefab,Agent,MoveState,Moving,Goal,20.00,0.00,20.00,8.46,0.00,11.46,9.00,0.00,12.00,DStar
2764,7.25,AgentPrefab,Agent,MoveState,Moving,Goal,20.00,0.00,20.00,8.46,0.00,11.46,9.00,0.00,12.00,DStar
2765,7.26,AgentPrefab,Agent,MoveState,Moving,Goal,20.00,0.00,20.00,8.46,0.00,11.46,9.00,0.00,12.00,DStar
2766,7.26,AgentPrefab,Agent,MoveState,Moving,Goal,20.00,0.00,20.00,8.47,0.00,11.47,9.00,0.00,12.00,DStar
2767,7.26,AgentPrefab,Agent,MoveState,Moving,Goal,20.00,0.00,20.00,8.47,0.00,11.47,9.00,0.00,12.00,DStar
2768,7.26,AgentPrefab,Agent,MoveState,Moving,Goal,20.00,0.00,20.00,8.48,0.00,11.48,9.00,0.00,12.00,DStar
2769,7.27,AgentPrefab,Agent,MoveState,Moving,Goal,20.00,0.00,20.00,8.48,0.00,11.48,9.00,0.00,12.00,DStar
2770,7.27,AgentPrefab,Agent,MoveState,Moving,Goal,20.00,0.00,20.00,8.48,0.00,11.48,9.00,0.00,12.00,DStar
2771,7.27,AgentPrefab,Agent,MoveState,Moving,Goal,20.00,0.00,20.00,8.49,0.00,11.49,9.00,0.00,12.00,DStar
2772,7.28,AgentPrefab,Agent,MoveState,Moving,Goal,20.00,0.00,20.00,8.49,0.00,11.49,9.00,0.00,12.00,DStar
2773,7.28,AgentPrefab,Agent,MoveState,Moving,Goal,20.00,0.00,20.00,8.50,0.00,11.50,9.00,0.00,12.00,DStar
2774,7.28,AgentPrefab,Agent,MoveState,Moving,Goal,20.00,0.00,20.00,8.50,0.00,11.50,9.00,0.00,12.00,DStar
2775,7.29,AgentPrefab,Agent,MoveState,Moving,Goal,20.00,0.00,20.00,8.51,0.00,11.51,9.00,0.00,12.00,DStar
2776,7.29,AgentPrefab,Agent,MoveState,Moving,Goal,20.00,0.00,20.00,8.51,0.00,11.51,9.00,0.00,12.00,DStar
2777,7.29,AgentPrefab,Agent,MoveState,Moving,Goal,20.00,0.00,20.00,8.52,0.00,11.52,9.00,0.00,12.00,DStar
2778,7.29,AgentPrefab,Agent,MoveState,Moving,Goal,20.00,0.00,20.00,8.52,0.00,11.52,9.00,0.00,12.00,DStar
2779,7.30,AgentPrefab,Agent,MoveState,Moving,Goal,20.00,0.00,20.00,8.52,0.00,11.52,9.00,0.00,12.00,DStar
2780,7.30,AgentPrefab,Agent,MoveState,Moving,Goal,20.00,0.00,20.00,8.53,0.00,11.53,9.00,0.00,12.00,DStar
2781,7.30,AgentPrefab,Agent,MoveState,Moving,Goal,20.00,0.00,20.00,8.53,0.00,11.53,9.00,0.00,12.00,DStar
2782,7.30,AgentPrefab,Agent,MoveState,Moving,Goal,20.00,0.00,20.00,8.53,0.00,11.53,9.00,0.00,12.00,DStar
2783,7.31,AgentPrefab,Agent,MoveState,Moving,Goal,20.00,0.00,20.00,8.54,0.00,11.54,9.00,0.00,12.00,DStar
2784,7.31,AgentPrefab,Agent,MoveState,Moving,Goal,20.00,0.00,20.00,8.54,0.00,11.54,9.00,0.00,12.00,DStar
2785,7.31,AgentPrefab,Agent,MoveState,Moving,Goal,20.00,0.00,20.00,8.54,0.00,11.54,9.00,0.00,12.00,DStar
2786,7.31,AgentPrefab,Agent,MoveState,Moving,Goal,20.00,0.00,20.00,8.55,0.00,11.55,9.00,0.00,12.00,DStar
2787,7.31,AgentPrefab,Agent,MoveState,Moving,Goal,20.00,0.00,20.00,8.55,0.00,11.55,9.00,0.00,12.00,DStar
2788,7.32,AgentPrefab,Agent,MoveState,Moving,Goal,20.00,0.00,20.00,8.55,0.00,11.55,9.00,0.00,12.00,DStar
2789,7.32,AgentPrefab,Agent,MoveState,Moving,Goal,20.00,0.00,20.00,8.56,0.00,11.56,9.00,0.00,12.00,DStar
2790,7.32,AgentPrefab,Agent,MoveState,Moving,Goal,20.00,0.00,20.00,8.56,0.00,11.56,9.00,0.00,12.00,DStar
2791,7.33,AgentPrefab,Agent,MoveState,Moving,Goal,20.00,0.00,20.00,8.56,0.00,11.56,9.00,0.00,12.00,DStar
2792,7.33,AgentPrefab,Agent,MoveState,Moving,Goal,20.00,0.00,20.00,8.57,0.00,11.57,9.00,0.00,12.00,DStar
2793,7.33,AgentPrefab,Agent,MoveState,Moving,Goal,20.00,0.00,20.00,8.57,0.00,11.57,9.00,0.00,12.00,DStar
2794,7.33,AgentPrefab,Agent,MoveState,Moving,Goal,20.00,0.00,20.00,8.57,0.00,11.57,9.00,0.00,12.00,DStar
2795,7.34,AgentPrefab,Agent,MoveState,Moving,Goal,20.00,0.00,20.00,8.58,0.00,11.58,9.00,0.00,12.00,DStar
2796,7.34,AgentPrefab,Agent,MoveState,Moving,Goal,20.00,0.00,20.00,8.58,0.00,11.58,9.00,0.00,12.00,DStar
2797,7.34,AgentPrefab,Agent,MoveState,Moving,Goal,20.00,0.00,20.00,8.59,0.00,11.59,9.00,0.00,12.00,DStar
2798,7.34,AgentPrefab,Agent,MoveState,Moving,Goal,20.00,0.00,20.00,8.59,0.00,11.59,9.00,0.00,12.00,DStar
2799,7.35,AgentPrefab,Agent,MoveState,Moving,Goal,20.00,0.00,20.00,8.59,0.00,11.59,9.00,0.00,12.00,DStar
2800,7.35,AgentPrefab,Agent,MoveState,Moving,Goal,20.00,0.00,20.00,8.60,0.00,11.60,9.00,0.00,12.00,DStar
2801,7.35,AgentPrefab,Agent,MoveState,Moving,Goal,20.00,0.00,20.00,8.60,0.00,11.60,9.00,0.00,12.00,DStar
2802,7.35,AgentPrefab,Agent,MoveState,Moving,Goal,20.00,0.00,20.00,8.60,0.00,11.60,9.00,0.00,12.00,DStar
2803,7.36,AgentPrefab,Agent,MoveState,Moving,Goal,20.00,0.00,20.00,8.61,0.00,11.61,9.00,0.00,12.00,DStar
2804,7.36,AgentPrefab,Agent,MoveState,Moving,Goal,20.00,0.00,20.00,8.61,0.00,11.61,9.00,0.00,12.00,DStar
2805,7.36,AgentPrefab,Agent,MoveState,Moving,Goal,20.00,0.00,20.00,8.62,0.00,11.62,9.00,0.00,12.00,DStar
2806,7.37,AgentPrefab,Agent,MoveState,Moving,Goal,20.00,0.00,20.00,8.62,0.00,11.62,9.00,0.00,12.00,DStar
2807,7.37,AgentPrefab,Agent,MoveState,Moving,Goal,20.00,0.00,20.00,8.62,0.00,11.62,9.00,0.00,12.00,DStar
2808,7.37,AgentPrefab,Agent,MoveState,Moving,Goal,20.00,0.00,20.00,8.63,0.00,11.63,9.00,0.00,12.00,DStar
2809,7.37,AgentPrefab,Agent,MoveState,Moving,Goal,20.00,0.00,20.00,8.63,0.00,11.63,9.00,0.00,12.00,DStar
2810,7.38,AgentPrefab,Agent,MoveState,Moving,Goal,20.00,0.00,20.00,8.64,0.00,11.64,9.00,0.00,12.00,DStar
2811,7.38,AgentPrefab,Agent,MoveState,Moving,Goal,20.00,0.00,20.00,8.64,0.00,11.64,9.00,0.00,12.00,DStar
2812,7.38,AgentPrefab,Agent,MoveState,Moving,Goal,20.00,0.00,20.00,8.64,0.00,11.64,9.00,0.00,12.00,DStar
2813,7.38,AgentPrefab,Agent,MoveState,Moving,Goal,20.00,0.00,20.00,8.65,0.00,11.65,9.00,0.00,12.00,DStar
2814,7.39,AgentPrefab,Agent,MoveState,Moving,Goal,20.00,0.00,20.00,8.65,0.00,11.65,9.00,0.00,12.00,DStar
2815,7.39,AgentPrefab,Agent,MoveState,Moving,Goal,20.00,0.00,20.00,8.65,0.00,11.65,9.00,0.00,12.00,DStar
2816,7.39,AgentPrefab,Agent,MoveState,Moving,Goal,20.00,0.00,20.00,8.66,0.00,11.66,9.00,0.00,12.00,DStar
2817,7.39,AgentPrefab,Agent,MoveState,Moving,Goal,20.00,0.00,20.00,8.66,0.00,11.66,9.00,0.00,12.00,DStar
2818,7.40,AgentPrefab,Agent,MoveState,Moving,Goal,20.00,0.00,20.00,8.66,0.00,11.66,9.00,0.00,12.00,DStar
2819,7.40,AgentPrefab,Agent,MoveState,Moving,Goal,20.00,0.00,20.00,8.67,0.00,11.67,9.00,0.00,12.00,DStar
2820,7.40,AgentPrefab,Agent,MoveState,Moving,Goal,20.00,0.00,20.00,8.67,0.00,11.67,9.00,0.00,12.00,DStar
2821,7.40,AgentPrefab,Agent,MoveState,Moving,Goal,20.00,0.00,20.00,8.67,0.00,11.67,9.00,0.00,12.00,DStar
2822,7.41,AgentPrefab,Agent,MoveState,Moving,Goal,20.00,0.00,20.00,8.68,0.00,11.68,9.00,0.00,12.00,DStar
2823,7.41,AgentPrefab,Agent,MoveState,Moving,Goal,20.00,0.00,20.00,8.68,0.00,11.68,9.00,0.00,12.00,DStar
2824,7.41,AgentPrefab,Agent,MoveState,Moving,Goal,20.00,0.00,20.00,8.69,0.00,11.69,9.00,0.00,12.00,DStar
2825,7.41,AgentPrefab,Agent,MoveState,Moving,Goal,20.00,0.00,20.00,8.69,0.00,11.69,9.00,0.00,12.00,DStar
2826,7.42,AgentPrefab,Agent,MoveState,Moving,Goal,20.00,0.00,20.00,8.69,0.00,11.69,9.00,0.00,12.00,DStar
2827,7.42,AgentPrefab,Agent,MoveState,Moving,Goal,20.00,0.00,20.00,8.70,0.00,11.70,9.00,0.00,12.00,DStar
2828,7.42,AgentPrefab,Agent,MoveState,Moving,Goal,20.00,0.00,20.00,8.70,0.00,11.70,9.00,0.00,12.00,DStar
2829,7.42,AgentPrefab,Agent,MoveState,Moving,Goal,20.00,0.00,20.00,8.70,0.00,11.70,9.00,0.00,12.00,DStar
2830,7.43,AgentPrefab,Agent,MoveState,Moving,Goal,20.00,0.00,20.00,8.71,0.00,11.71,9.00,0.00,12.00,DStar
2831,7.43,AgentPrefab,Agent,MoveState,Moving,Goal,20.00,0.00,20.00,8.71,0.00,11.71,9.00,0.00,12.00,DStar
2832,7.43,AgentPrefab,Agent,MoveState,Moving,Goal,20.00,0.00,20.00,8.71,0.00,11.71,9.00,0.00,12.00,DStar
2833,7.43,AgentPrefab,Agent,MoveState,Moving,Goal,20.00,0.00,20.00,8.72,0.00,11.72,9.00,0.00,12.00,DStar
2834,7.44,AgentPrefab,Agent,MoveState,Moving,Goal,20.00,0.00,20.00,8.72,0.00,11.72,9.00,0.00,12.00,DStar
2835,7.44,AgentPrefab,Agent,MoveState,Moving,Goal,20.00,0.00,20.00,8.72,0.00,11.72,9.00,0.00,12.00,DStar
2836,7.44,AgentPrefab,Agent,MoveState,Moving,Goal,20.00,0.00,20.00,8.73,0.00,11.73,9.00,0.00,12.00,DStar
2837,7.44,AgentPrefab,Agent,MoveState,Moving,Goal,20.00,0.00,20.00,8.73,0.00,11.73,9.00,0.00,12.00,DStar
2838,7.45,AgentPrefab,Agent,MoveState,Moving,Goal,20.00,0.00,20.00,8.74,0.00,11.74,9.00,0.00,12.00,DStar
2839,7.45,AgentPrefab,Agent,MoveState,Moving,Goal,20.00,0.00,20.00,8.74,0.00,11.74,9.00,0.00,12.00,DStar
2840,7.45,AgentPrefab,Agent,MoveState,Moving,Goal,20.00,0.00,20.00,8.74,0.00,11.74,9.00,0.00,12.00,DStar
2841,7.45,AgentPrefab,Agent,MoveState,Moving,Goal,20.00,0.00,20.00,8.75,0.00,11.75,9.00,0.00,12.00,DStar
2842,7.46,AgentPrefab,Agent,MoveState,Moving,Goal,20.00,0.00,20.00,8.75,0.00,11.75,9.00,0.00,12.00,DStar
2843,7.46,AgentPrefab,Agent,MoveState,Moving,Goal,20.00,0.00,20.00,8.75,0.00,11.75,9.00,0.00,12.00,DStar
2844,7.46,AgentPrefab,Agent,MoveState,Moving,Goal,20.00,0.00,20.00,8.76,0.00,11.76,9.00,0.00,12.00,DStar
2845,7.46,AgentPrefab,Agent,MoveState,Moving,Goal,20.00,0.00,20.00,8.76,0.00,11.76,9.00,0.00,12.00,DStar
2846,7.47,AgentPrefab,Agent,MoveState,Moving,Goal,20.00,0.00,20.00,8.76,0.00,11.76,9.00,0.00,12.00,DStar
2847,7.47,AgentPrefab,Agent,MoveState,Moving,Goal,20.00,0.00,20.00,8.77,0.00,11.77,9.00,0.00,12.00,DStar
2848,7.47,AgentPrefab,Agent,MoveState,Moving,Goal,20.00,0.00,20.00,8.77,0.00,11.77,9.00,0.00,12.00,DStar
2849,7.47,AgentPrefab,Agent,MoveState,Moving,Goal,20.00,0.00,20.00,8.77,0.00,11.77,9.00,0.00,12.00,DStar
2850,7.48,AgentPrefab,Agent,MoveState,Moving,Goal,20.00,0.00,20.00,8.78,0.00,11.78,9.00,0.00,12.00,DStar
2851,7.48,AgentPrefab,Agent,MoveState,Moving,Goal,20.00,0.00,20.00,8.78,0.00,11.78,9.00,0.00,12.00,DStar
2852,7.48,AgentPrefab,Agent,MoveState,Moving,Goal,20.00,0.00,20.00,8.78,0.00,11.78,9.00,0.00,12.00,DStar
2853,7.48,AgentPrefab,Agent,MoveState,Moving,Goal,20.00,0.00,20.00,8.79,0.00,11.79,8.79,0.00,11.79,DStar
2854,7.49,AgentPrefab,Agent,MoveState,Moving,Goal,20.00,0.00,20.00,8.79,0.00,11.79,9.00,0.00,12.00,DStar
2855,7.49,AgentPrefab,Agent,MoveState,Moving,Goal,20.00,0.00,20.00,8.79,0.00,11.79,9.00,0.00,12.00,DStar
2856,7.49,AgentPrefab,Agent,MoveState,Moving,Goal,20.00,0.00,20.00,8.80,0.00,11.80,9.00,0.00,12.00,DStar
2857,7.49,AgentPrefab,Agent,MoveState,Moving,Goal,20.00,0.00,20.00,8.80,0.00,11.80,9.00,0.00,12.00,DStar
2858,7.50,AgentPrefab,Agent,MoveState,Moving,Goal,20.00,0.00,20.00,8.80,0.00,11.80,9.00,0.00,12.00,DStar
2859,7.50,AgentPrefab,Agent,MoveState,Moving,Goal,20.00,0.00,20.00,8.81,0.00,11.81,9.00,0.00,12.00,DStar
2860,7.50,AgentPrefab,Agent,MoveState,Moving,Goal,20.00,0.00,20.00,8.81,0.00,11.81,9.00,0.00,12.00,DStar
2861,7.50,AgentPrefab,Agent,MoveState,Moving,Goal,20.00,0.00,20.00,8.81,0.00,11.81,9.00,0.00,12.00,DStar
2862,7.51,AgentPrefab,Agent,MoveState,Moving,Goal,20.00,0.00,20.00,8.82,0.00,11.82,9.00,0.00,12.00,DStar
2863,7.51,AgentPrefab,Agent,MoveState,Moving,Goal,20.00,0.00,20.00,8.82,0.00,11.82,9.00,0.00,12.00,DStar
2864,7.51,AgentPrefab,Agent,MoveState,Moving,Goal,20.00,0.00,20.00,8.82,0.00,11.82,9.00,0.00,12.00,DStar
2865,7.51,AgentPrefab,Agent,MoveState,Moving,Goal,20.00,0.00,20.00,8.83,0.00,11.83,9.00,0.00,12.00,DStar
2866,7.52,AgentPrefab,Agent,MoveState,Moving,Goal,20.00,0.00,20.00,8.83,0.00,11.83,9.00,0.00,12.00,DStar
2867,7.52,AgentPrefab,Agent,MoveState,Moving,Goal,20.00,0.00,20.00,8.83,0.00,11.83,9.00,0.00,12.00,DStar
2868,7.52,AgentPrefab,Agent,MoveState,Moving,Goal,20.00,0.00,20.00,8.84,0.00,11.84,9.00,0.00,12.00,DStar
2869,7.52,AgentPrefab,Agent,MoveState,Moving,Goal,20.00,0.00,20.00,8.84,0.00,11.84,9.00,0.00,12.00,DStar
2870,7.53,AgentPrefab,Agent,MoveState,Moving,Goal,20.00,0.00,20.00,8.85,0.00,11.85,9.00,0.00,12.00,DStar
2871,7.53,AgentPrefab,Agent,MoveState,Moving,Goal,20.00,0.00,20.00,8.85,0.00,11.85,9.00,0.00,12.00,DStar
2872,7.53,AgentPrefab,Agent,MoveState,Moving,Goal,20.00,0.00,20.00,8.85,0.00,11.85,9.00,0.00,12.00,DStar
2873,7.53,AgentPrefab,Agent,MoveState,Moving,Goal,20.00,0.00,20.00,8.86,0.00,11.86,9.00,0.00,12.00,DStar
2874,7.54,AgentPrefab,Agent,MoveState,Moving,Goal,20.00,0.00,20.00,8.86,0.00,11.86,9.00,0.00,12.00,DStar
2875,7.54,AgentPrefab,Agent,MoveState,Moving,Goal,20.00,0.00,20.00,8.86,0.00,11.86,9.00,0.00,12.00,DStar
2876,7.54,AgentPrefab,Agent,MoveState,Moving,Goal,20.00,0.00,20.00,8.87,0.00,11.87,9.00,0.00,12.00,DStar
2877,7.54,AgentPrefab,Agent,MoveState,Moving,Goal,20.00,0.00,20.00,8.87,0.00,11.87,9.00,0.00,12.00,DStar
2878,7.55,AgentPrefab,Agent,MoveState,Moving,Goal,20.00,0.00,20.00,8.87,0.00,11.87,9.00,0.00,12.00,DStar
2879,7.55,AgentPrefab,Agent,MoveState,Moving,Goal,20.00,0.00,20.00,8.88,0.00,11.88,9.00,0.00,12.00,DStar
2880,7.55,AgentPrefab,Agent,MoveState,Moving,Goal,20.00,0.00,20.00,8.88,0.00,11.88,9.00,0.00,12.00,DStar
2881,7.55,AgentPrefab,Agent,MoveState,Moving,Goal,20.00,0.00,20.00,8.88,0.00,11.88,9.00,0.00,12.00,DStar
2882,7.56,AgentPrefab,Agent,MoveState,Moving,Goal,20.00,0.00,20.00,8.89,0.00,11.89,9.00,0.00,12.00,DStar
2883,7.56,AgentPrefab,Agent,MoveState,Moving,Goal,20.00,0.00,20.00,8.89,0.00,11.89,9.00,0.00,12.00,DStar
2884,7.56,AgentPrefab,Agent,MoveState,Moving,Goal,20.00,0.00,20.00,8.89,0.00,11.89,9.00,0.00,12.00,DStar
2885,7.56,AgentPrefab,Agent,MoveState,Moving,Goal,20.00,0.00,20.00,8.90,0.00,11.90,9.00,0.00,12.00,DStar
2886,7.57,AgentPrefab,Agent,MoveState,Moving,Goal,20.00,0.00,20.00,8.90,0.00,11.90,9.00,0.00,12.00,DStar
2887,7.57,AgentPrefab,Agent,MoveState,Moving,Goal,20.00,0.00,20.00,8.90,0.00,11.90,9.00,0.00,12.00,DStar
2888,7.57,AgentPrefab,Agent,MoveState,Moving,Goal,20.00,0.00,20.00,8.91,0.00,11.91,9.00,0.00,12.00,DStar
2889,7.57,AgentPrefab,Agent,MoveState,Moving,Goal,20.00,0.00,20.00,8.91,0.00,11.91,9.00,0.00,12.00,DStar
2890,7.58,AgentPrefab,Agent,MoveState,Moving,Goal,20.00,0.00,20.00,8.92,0.00,11.92,9.00,0.00,12.00,DStar
2891,7.58,AgentPrefab,Agent,MoveState,Moving,Goal,20.00,0.00,20.00,8.92,0.00,11.92,9.00,0.00,12.00,DStar
2892,7.58,AgentPrefab,Agent,MoveState,Moving,Goal,20.00,0.00,20.00,8.92,0.00,11.92,9.00,0.00,12.00,DStar
2893,7.58,AgentPrefab,Agent,MoveState,Moving,Goal,20.00,0.00,20.00,8.93,0.00,11.93,9.00,0.00,12.00,DStar
2894,7.59,AgentPrefab,Agent,MoveState,Moving,Goal,20.00,0.00,20.00,8.93,0.00,11.93,9.00,0.00,12.00,DStar
2895,7.59,AgentPrefab,Agent,MoveState,Moving,Goal,20.00,0.00,20.00,8.93,0.00,11.93,9.00,0.00,12.00,DStar
2896,7.59,AgentPrefab,Agent,MoveState,Moving,Goal,20.00,0.00,20.00,8.94,0.00,11.94,9.00,0.00,12.00,DStar
2897,7.59,AgentPrefab,Agent,MoveState,Moving,Goal,20.00,0.00,20.00,8.94,0.00,11.94,9.00,0.00,12.00,DStar
2898,7.60,AgentPrefab,Agent,MoveState,Moving,Goal,20.00,0.00,20.00,8.94,0.00,11.94,9.00,0.00,12.00,DStar
2899,7.60,AgentPrefab,Agent,MoveState,Moving,Goal,20.00,0.00,20.00,8.95,0.00,11.95,9.00,0.00,12.00,DStar
2900,7.60,AgentPrefab,Agent,MoveState,Moving,Goal,20.00,0.00,20.00,8.95,0.00,11.95,9.00,0.00,12.00,DStar
2901,7.60,AgentPrefab,Agent,MoveState,Moving,Goal,20.00,0.00,20.00,8.95,0.00,11.95,9.00,0.00,12.00,DStar
2902,7.61,AgentPrefab,Agent,MoveState,Moving,Goal,20.00,0.00,20.00,8.96,0.00,11.96,9.00,0.00,12.00,DStar
2903,7.61,AgentPrefab,Agent,MoveState,Moving,Goal,20.00,0.00,20.00,8.96,0.00,11.96,9.00,0.00,12.00,DStar
2904,7.61,AgentPrefab,Agent,MoveState,Moving,Goal,20.00,0.00,20.00,8.96,0.00,11.96,9.00,0.00,12.00,DStar
2905,7.61,AgentPrefab,Agent,MoveState,Moving,Goal,20.00,0.00,20.00,9.00,0.00,12.00,10.00,0.00,13.00,DStar
2906,7.61,AgentPrefab,Agent,MoveState,Moving,Goal,20.00,0.00,20.00,9.00,0.00,12.00,10.00,0.00,13.00,DStar
2907,7.62,AgentPrefab,Agent,MoveState,Moving,Goal,20.00,0.00,20.00,9.01,0.00,12.01,10.00,0.00,13.00,DStar
2908,7.62,AgentPrefab,Agent,MoveState,Moving,Goal,20.00,0.00,20.00,9.01,0.00,12.01,10.00,0.00,13.00,DStar
2909,7.62,AgentPrefab,Agent,MoveState,Moving,Goal,20.00,0.00,20.00,9.01,0.00,12.01,10.00,0.00,13.00,DStar
2910,7.63,AgentPrefab,Agent,MoveState,Moving,Goal,20.00,0.00,20.00,9.02,0.00,12.02,10.00,0.00,13.00,DStar
2911,7.63,AgentPrefab,Agent,MoveState,Moving,Goal,20.00,0.00,20.00,9.02,0.00,12.02,10.00,0.00,13.00,DStar
2912,7.63,AgentPrefab,Agent,MoveState,Moving,Goal,20.00,0.00,20.00,9.02,0.00,12.02,10.00,0.00,13.00,DStar
2913,7.63,AgentPrefab,Agent,MoveState,Moving,Goal,20.00,0.00,20.00,9.03,0.00,12.03,10.00,0.00,13.00,DStar
2914,7.63,AgentPrefab,Agent,MoveState,Moving,Goal,20.00,0.00,20.00,9.03,0.00,12.03,10.00,0.00,13.00,DStar
2915,7.64,AgentPrefab,Agent,MoveState,Moving,Goal,20.00,0.00,20.00,9.03,0.00,12.03,10.00,0.00,13.00,DStar
2916,7.64,AgentPrefab,Agent,MoveState,Moving,Goal,20.00,0.00,20.00,9.04,0.00,12.04,10.00,0.00,13.00,DStar
2917,7.64,AgentPrefab,Agent,MoveState,Moving,Goal,20.00,0.00,20.00,9.04,0.00,12.04,10.00,0.00,13.00,DStar
2918,7.65,AgentPrefab,Agent,MoveState,Moving,Goal,20.00,0.00,20.00,9.05,0.00,12.05,10.00,0.00,13.00,DStar
2919,7.65,AgentPrefab,Agent,MoveState,Moving,Goal,20.00,0.00,20.00,9.05,0.00,12.05,10.00,0.00,13.00,DStar
2920,7.65,AgentPrefab,Agent,MoveState,Moving,Goal,20.00,0.00,20.00,9.05,0.00,12.05,10.00,0.00,13.00,DStar
2921,7.65,AgentPrefab,Agent,MoveState,Moving,Goal,20.00,0.00,20.00,9.06,0.00,12.06,10.00,0.00,13.00,DStar
2922,7.66,AgentPrefab,Agent,MoveState,Moving,Goal,20.00,0.00,20.00,9.06,0.00,12.06,10.00,0.00,13.00,DStar
2923,7.66,AgentPrefab,Agent,MoveState,Moving,Goal,20.00,0.00,20.00,9.07,0.00,12.07,10.00,0.00,13.00,DStar
2924,7.66,AgentPrefab,Agent,MoveState,Moving,Goal,20.00,0.00,20.00,9.07,0.00,12.07,10.00,0.00,13.00,DStar
2925,7.67,AgentPrefab,Agent,MoveState,Moving,Goal,20.00,0.00,20.00,9.08,0.00,12.08,10.00,0.00,13.00,DStar
2926,7.67,AgentPrefab,Agent,MoveState,Moving,Goal,20.00,0.00,20.00,9.08,0.00,12.08,10.00,0.00,13.00,DStar
2927,7.67,AgentPrefab,Agent,MoveState,Moving,Goal,20.00,0.00,20.00,9.08,0.00,12.08,10.00,0.00,13.00,DStar
2928,7.67,AgentPrefab,Agent,MoveState,Moving,Goal,20.00,0.00,20.00,9.09,0.00,12.09,10.00,0.00,13.00,DStar
2929,7.68,AgentPrefab,Agent,MoveState,Moving,Goal,20.00,0.00,20.00,9.09,0.00,12.09,10.00,0.00,13.00,DStar
2930,7.68,AgentPrefab,Agent,MoveState,Moving,Goal,20.00,0.00,20.00,9.09,0.00,12.09,10.00,0.00,13.00,DStar
2931,7.68,AgentPrefab,Agent,MoveState,Moving,Goal,20.00,0.00,20.00,9.10,0.00,12.10,10.00,0.00,13.00,DStar
2932,7.68,AgentPrefab,Agent,MoveState,Moving,Goal,20.00,0.00,20.00,9.10,0.00,12.10,10.00,0.00,13.00,DStar
2933,7.69,AgentPrefab,Agent,MoveState,Moving,Goal,20.00,0.00,20.00,9.10,0.00,12.10,10.00,0.00,13.00,DStar
2934,7.69,AgentPrefab,Agent,MoveState,Moving,Goal,20.00,0.00,20.00,9.11,0.00,12.11,10.00,0.00,13.00,DStar
2935,7.69,AgentPrefab,Agent,MoveState,Moving,Goal,20.00,0.00,20.00,9.11,0.00,12.11,10.00,0.00,13.00,DStar
2936,7.70,AgentPrefab,Agent,MoveState,Moving,Goal,20.00,0.00,20.00,9.12,0.00,12.12,10.00,0.00,13.00,DStar
2937,7.70,AgentPrefab,Agent,MoveState,Moving,Goal,20.00,0.00,20.00,9.12,0.00,12.12,10.00,0.00,13.00,DStar
2938,7.70,AgentPrefab,Agent,MoveState,Moving,Goal,20.00,0.00,20.00,9.12,0.00,12.12,10.00,0.00,13.00,DStar
2939,7.70,AgentPrefab,Agent,MoveState,Moving,Goal,20.00,0.00,20.00,9.13,0.00,12.13,10.00,0.00,13.00,DStar
2940,7.70,AgentPrefab,Agent,MoveState,Moving,Goal,20.00,0.00,20.00,9.13,0.00,12.13,10.00,0.00,13.00,DStar
2941,7.71,AgentPrefab,Agent,MoveState,Moving,Goal,20.00,0.00,20.00,9.13,0.00,12.13,10.00,0.00,13.00,DStar
2942,7.71,AgentPrefab,Agent,MoveState,Moving,Goal,20.00,0.00,20.00,9.14,0.00,12.14,10.00,0.00,13.00,DStar
2943,7.71,AgentPrefab,Agent,MoveState,Moving,Goal,20.00,0.00,20.00,9.14,0.00,12.14,10.00,0.00,13.00,DStar
2944,7.71,AgentPrefab,Agent,MoveState,Moving,Goal,20.00,0.00,20.00,9.14,0.00,12.14,10.00,0.00,13.00,DStar
2945,7.72,AgentPrefab,Agent,MoveState,Moving,Goal,20.00,0.00,20.00,9.15,0.00,12.15,10.00,0.00,13.00,DStar
2946,7.72,AgentPrefab,Agent,MoveState,Moving,Goal,20.00,0.00,20.00,9.15,0.00,12.15,10.00,0.00,13.00,DStar
2947,7.72,AgentPrefab,Agent,MoveState,Moving,Goal,20.00,0.00,20.00,9.15,0.00,12.15,10.00,0.00,13.00,DStar
2948,7.72,AgentPrefab,Agent,MoveState,Moving,Goal,20.00,0.00,20.00,9.16,0.00,12.16,10.00,0.00,13.00,DStar
2949,7.73,AgentPrefab,Agent,MoveState,Moving,Goal,20.00,0.00,20.00,9.16,0.00,12.16,10.00,0.00,13.00,DStar
2950,7.73,AgentPrefab,Agent,MoveState,Moving,Goal,20.00,0.00,20.00,9.16,0.00,12.16,10.00,0.00,13.00,DStar
2951,7.73,AgentPrefab,Agent,MoveState,Moving,Goal,20.00,0.00,20.00,9.17,0.00,12.17,10.00,0.00,13.00,DStar
2952,7.73,AgentPrefab,Agent,MoveState,Moving,Goal,20.00,0.00,20.00,9.17,0.00,12.17,10.00,0.00,13.00,DStar
2953,7.74,AgentPrefab,Agent,MoveState,Moving,Goal,20.00,0.00,20.00,9.17,0.00,12.17,10.00,0.00,13.00,DStar
2954,7.74,AgentPrefab,Agent,MoveState,Moving,Goal,20.00,0.00,20.00,9.18,0.00,12.18,10.00,0.00,13.00,DStar
2955,7.74,AgentPrefab,Agent,MoveState,Moving,Goal,20.00,0.00,20.00,9.18,0.00,12.18,10.00,0.00,13.00,DStar
2956,7.75,AgentPrefab,Agent,MoveState,Moving,Goal,20.00,0.00,20.00,9.19,0.00,12.19,10.00,0.00,13.00,DStar
2957,7.75,AgentPrefab,Agent,MoveState,Moving,Goal,20.00,0.00,20.00,9.19,0.00,12.19,10.00,0.00,13.00,DStar
2958,7.75,AgentPrefab,Agent,MoveState,Moving,Goal,20.00,0.00,20.00,9.20,0.00,12.20,10.00,0.00,13.00,DStar
2959,7.75,AgentPrefab,Agent,MoveState,Moving,Goal,20.00,0.00,20.00,9.20,0.00,12.20,10.00,0.00,13.00,DStar
2960,7.76,AgentPrefab,Agent,MoveState,Moving,Goal,20.00,0.00,20.00,9.20,0.00,12.20,10.00,0.00,13.00,DStar
2961,7.76,AgentPrefab,Agent,MoveState,Moving,Goal,20.00,0.00,20.00,9.21,0.00,12.21,10.00,0.00,13.00,DStar
2962,7.76,AgentPrefab,Agent,MoveState,Moving,Goal,20.00,0.00,20.00,9.21,0.00,12.21,10.00,0.00,13.00,DStar
2963,7.76,AgentPrefab,Agent,MoveState,Moving,Goal,20.00,0.00,20.00,9.21,0.00,12.21,10.00,0.00,13.00,DStar
2964,7.77,AgentPrefab,Agent,MoveState,Moving,Goal,20.00,0.00,20.00,9.22,0.00,12.22,10.00,0.00,13.00,DStar
2965,7.77,AgentPrefab,Agent,MoveState,Moving,Goal,20.00,0.00,20.00,9.22,0.00,12.22,10.00,0.00,13.00,DStar
2966,7.77,AgentPrefab,Agent,MoveState,Moving,Goal,20.00,0.00,20.00,9.23,0.00,12.23,10.00,0.00,13.00,DStar
2967,7.78,AgentPrefab,Agent,MoveState,Moving,Goal,20.00,0.00,20.00,9.23,0.00,12.23,10.00,0.00,13.00,DStar
2968,7.78,AgentPrefab,Agent,MoveState,Moving,Goal,20.00,0.00,20.00,9.23,0.00,12.23,10.00,0.00,13.00,DStar
2969,7.78,AgentPrefab,Agent,MoveState,Moving,Goal,20.00,0.00,20.00,9.24,0.00,12.24,10.00,0.00,13.00,DStar
2970,7.78,AgentPrefab,Agent,MoveState,Moving,Goal,20.00,0.00,20.00,9.24,0.00,12.24,10.00,0.00,13.00,DStar
2971,7.79,AgentPrefab,Agent,MoveState,Moving,Goal,20.00,0.00,20.00,9.24,0.00,12.24,10.00,0.00,13.00,DStar
2972,7.79,AgentPrefab,Agent,MoveState,Moving,Goal,20.00,0.00,20.00,9.25,0.00,12.25,10.00,0.00,13.00,DStar
2973,7.79,AgentPrefab,Agent,MoveState,Moving,Goal,20.00,0.00,20.00,9.25,0.00,12.25,10.00,0.00,13.00,DStar
2974,7.79,AgentPrefab,Agent,MoveState,Moving,Goal,20.00,0.00,20.00,9.25,0.00,12.25,10.00,0.00,13.00,DStar
2975,7.79,AgentPrefab,Agent,MoveState,Moving,Goal,20.00,0.00,20.00,9.26,0.00,12.26,10.00,0.00,13.00,DStar
2976,7.80,AgentPrefab,Agent,MoveState,Moving,Goal,20.00,0.00,20.00,9.26,0.00,12.26,10.00,0.00,13.00,DStar
2977,7.80,AgentPrefab,Agent,MoveState,Moving,Goal,20.00,0.00,20.00,9.26,0.00,12.26,10.00,0.00,13.00,DStar
2978,7.80,AgentPrefab,Agent,MoveState,Moving,Goal,20.00,0.00,20.00,9.27,0.00,12.27,10.00,0.00,13.00,DStar
2979,7.80,AgentPrefab,Agent,MoveState,Moving,Goal,20.00,0.00,20.00,9.27,0.00,12.27,10.00,0.00,13.00,DStar
2980,7.81,AgentPrefab,Agent,MoveState,Moving,Goal,20.00,0.00,20.00,9.27,0.00,12.27,10.00,0.00,13.00,DStar
2981,7.81,AgentPrefab,Agent,MoveState,Moving,Goal,20.00,0.00,20.00,9.28,0.00,12.28,10.00,0.00,13.00,DStar
2982,7.81,AgentPrefab,Agent,MoveState,Moving,Goal,20.00,0.00,20.00,9.28,0.00,12.28,10.00,0.00,13.00,DStar
2983,7.81,AgentPrefab,Agent,MoveState,Moving,Goal,20.00,0.00,20.00,9.28,0.00,12.28,10.00,0.00,13.00,DStar
2984,7.82,AgentPrefab,Agent,MoveState,Moving,Goal,20.00,0.00,20.00,9.29,0.00,12.29,10.00,0.00,13.00,DStar
2985,7.82,AgentPrefab,Agent,MoveState,Moving,Goal,20.00,0.00,20.00,9.29,0.00,12.29,10.00,0.00,13.00,DStar
2986,7.82,AgentPrefab,Agent,MoveState,Moving,Goal,20.00,0.00,20.00,9.29,0.00,12.29,10.00,0.00,13.00,DStar
2987,7.83,AgentPrefab,Agent,MoveState,Moving,Goal,20.00,0.00,20.00,9.30,0.00,12.30,10.00,0.00,13.00,DStar
2988,7.83,AgentPrefab,Agent,MoveState,Moving,Goal,20.00,0.00,20.00,9.30,0.00,12.30,10.00,0.00,13.00,DStar
2989,7.83,AgentPrefab,Agent,MoveState,Moving,Goal,20.00,0.00,20.00,9.31,0.00,12.31,10.00,0.00,13.00,DStar
2990,7.83,AgentPrefab,Agent,MoveState,Moving,Goal,20.00,0.00,20.00,9.31,0.00,12.31,10.00,0.00,13.00,DStar
2991,7.83,AgentPrefab,Agent,MoveState,Moving,Goal,20.00,0.00,20.00,9.31,0.00,12.31,10.00,0.00,13.00,DStar
2992,7.84,AgentPrefab,Agent,MoveState,Moving,Goal,20.00,0.00,20.00,9.32,0.00,12.32,10.00,0.00,13.00,DStar
2993,7.84,AgentPrefab,Agent,MoveState,Moving,Goal,20.00,0.00,20.00,9.32,0.00,12.32,10.00,0.00,13.00,DStar
2994,7.84,AgentPrefab,Agent,MoveState,Moving,Goal,20.00,0.00,20.00,9.32,0.00,12.32,10.00,0.00,13.00,DStar
2995,7.84,AgentPrefab,Agent,MoveState,Moving,Goal,20.00,0.00,20.00,9.33,0.00,12.33,10.00,0.00,13.00,DStar
2996,7.85,AgentPrefab,Agent,MoveState,Moving,Goal,20.00,0.00,20.00,9.33,0.00,12.33,10.00,0.00,13.00,DStar
2997,7.85,AgentPrefab,Agent,MoveState,Moving,Goal,20.00,0.00,20.00,9.33,0.00,12.33,10.00,0.00,13.00,DStar
2998,7.85,AgentPrefab,Agent,MoveState,Moving,Goal,20.00,0.00,20.00,9.34,0.00,12.34,10.00,0.00,13.00,DStar
2999,7.85,AgentPrefab,Agent,MoveState,Moving,Goal,20.00,0.00,20.00,9.34,0.00,12.34,10.00,0.00,13.00,DStar
3000,7.86,AgentPrefab,Agent,MoveState,Moving,Goal,20.00,0.00,20.00,9.35,0.00,12.35,10.00,0.00,13.00,DStar
3001,7.86,AgentPrefab,Agent,MoveState,Moving,Goal,20.00,0.00,20.00,9.35,0.00,12.35,10.00,0.00,13.00,DStar
3002,7.87,AgentPrefab,Agent,MoveState,Moving,Goal,20.00,0.00,20.00,9.35,0.00,12.35,10.00,0.00,13.00,DStar
3003,7.87,AgentPrefab,Agent,MoveState,Moving,Goal,20.00,0.00,20.00,9.36,0.00,12.36,10.00,0.00,13.00,DStar
3004,7.87,AgentPrefab,Agent,MoveState,Moving,Goal,20.00,0.00,20.00,9.36,0.00,12.36,10.00,0.00,13.00,DStar
3005,7.87,AgentPrefab,Agent,MoveState,Moving,Goal,20.00,0.00,20.00,9.37,0.00,12.37,10.00,0.00,13.00,DStar
3006,7.88,AgentPrefab,Agent,MoveState,Moving,Goal,20.00,0.00,20.00,9.37,0.00,12.37,10.00,0.00,13.00,DStar
3007,7.88,AgentPrefab,Agent,MoveState,Moving,Goal,20.00,0.00,20.00,9.38,0.00,12.38,10.00,0.00,13.00,DStar
3008,7.88,AgentPrefab,Agent,MoveState,Moving,Goal,20.00,0.00,20.00,9.38,0.00,12.38,10.00,0.00,13.00,DStar
3009,7.88,AgentPrefab,Agent,MoveState,Moving,Goal,20.00,0.00,20.00,9.38,0.00,12.38,10.00,0.00,13.00,DStar
3010,7.89,AgentPrefab,Agent,MoveState,Moving,Goal,20.00,0.00,20.00,9.39,0.00,12.39,10.00,0.00,13.00,DStar
3011,7.89,AgentPrefab,Agent,MoveState,Moving,Goal,20.00,0.00,20.00,9.39,0.00,12.39,10.00,0.00,13.00,DStar
3012,7.89,AgentPrefab,Agent,MoveState,Moving,Goal,20.00,0.00,20.00,9.39,0.00,12.39,10.00,0.00,13.00,DStar
3013,7.89,AgentPrefab,Agent,MoveState,Moving,Goal,20.00,0.00,20.00,9.40,0.00,12.40,10.00,0.00,13.00,DStar
3014,7.90,AgentPrefab,Agent,MoveState,Moving,Goal,20.00,0.00,20.00,9.40,0.00,12.40,10.00,0.00,13.00,DStar
3015,7.90,AgentPrefab,Agent,MoveState,Moving,Goal,20.00,0.00,20.00,9.40,0.00,12.40,10.00,0.00,13.00,DStar
3016,7.90,AgentPrefab,Agent,MoveState,Moving,Goal,20.00,0.00,20.00,9.41,0.00,12.41,10.00,0.00,13.00,DStar
3017,7.90,AgentPrefab,Agent,MoveState,Moving,Goal,20.00,0.00,20.00,9.41,0.00,12.41,10.00,0.00,13.00,DStar
3018,7.91,AgentPrefab,Agent,MoveState,Moving,Goal,20.00,0.00,20.00,9.41,0.00,12.41,10.00,0.00,13.00,DStar
3019,7.91,AgentPrefab,Agent,MoveState,Moving,Goal,20.00,0.00,20.00,9.42,0.00,12.42,10.00,0.00,13.00,DStar
3020,7.91,AgentPrefab,Agent,MoveState,Moving,Goal,20.00,0.00,20.00,9.42,0.00,12.42,10.00,0.00,13.00,DStar
3021,7.91,AgentPrefab,Agent,MoveState,Moving,Goal,20.00,0.00,20.00,9.42,0.00,12.42,10.00,0.00,13.00,DStar
3022,7.92,AgentPrefab,Agent,MoveState,Moving,Goal,20.00,0.00,20.00,9.43,0.00,12.43,10.00,0.00,13.00,DStar
3023,7.92,AgentPrefab,Agent,MoveState,Moving,Goal,20.00,0.00,20.00,9.43,0.00,12.43,10.00,0.00,13.00,DStar
3024,7.92,AgentPrefab,Agent,MoveState,Moving,Goal,20.00,0.00,20.00,9.44,0.00,12.44,10.00,0.00,13.00,DStar
3025,7.92,AgentPrefab,Agent,MoveState,Moving,Goal,20.00,0.00,20.00,9.44,0.00,12.44,10.00,0.00,13.00,DStar
3026,7.93,AgentPrefab,Agent,MoveState,Moving,Goal,20.00,0.00,20.00,9.44,0.00,12.44,10.00,0.00,13.00,DStar
3027,7.93,AgentPrefab,Agent,MoveState,Moving,Goal,20.00,0.00,20.00,9.45,0.00,12.45,10.00,0.00,13.00,DStar
3028,7.93,AgentPrefab,Agent,MoveState,Moving,Goal,20.00,0.00,20.00,9.45,0.00,12.45,10.00,0.00,13.00,DStar
3029,7.93,AgentPrefab,Agent,MoveState,Moving,Goal,20.00,0.00,20.00,9.45,0.00,12.45,10.00,0.00,13.00,DStar
3030,7.94,AgentPrefab,Agent,MoveState,Moving,Goal,20.00,0.00,20.00,9.46,0.00,12.46,10.00,0.00,13.00,DStar
3031,7.94,AgentPrefab,Agent,MoveState,Moving,Goal,20.00,0.00,20.00,9.46,0.00,12.46,10.00,0.00,13.00,DStar
3032,7.94,AgentPrefab,Agent,MoveState,Moving,Goal,20.00,0.00,20.00,9.47,0.00,12.47,10.00,0.00,13.00,DStar
3033,7.94,AgentPrefab,Agent,MoveState,Moving,Goal,20.00,0.00,20.00,9.47,0.00,12.47,10.00,0.00,13.00,DStar
3034,7.95,AgentPrefab,Agent,MoveState,Moving,Goal,20.00,0.00,20.00,9.47,0.00,12.47,10.00,0.00,13.00,DStar
3035,7.95,AgentPrefab,Agent,MoveState,Moving,Goal,20.00,0.00,20.00,9.48,0.00,12.48,10.00,0.00,13.00,DStar
3036,7.95,AgentPrefab,Agent,MoveState,Moving,Goal,20.00,0.00,20.00,9.48,0.00,12.48,10.00,0.00,13.00,DStar
3037,7.95,AgentPrefab,Agent,MoveState,Moving,Goal,20.00,0.00,20.00,9.48,0.00,12.48,10.00,0.00,13.00,DStar
3038,7.96,AgentPrefab,Agent,MoveState,Moving,Goal,20.00,0.00,20.00,9.49,0.00,12.49,10.00,0.00,13.00,DStar
3039,7.96,AgentPrefab,Agent,MoveState,Moving,Goal,20.00,0.00,20.00,9.49,0.00,12.49,10.00,0.00,13.00,DStar
3040,7.96,AgentPrefab,Agent,MoveState,Moving,Goal,20.00,0.00,20.00,9.49,0.00,12.49,10.00,0.00,13.00,DStar
3041,7.96,AgentPrefab,Agent,MoveState,Moving,Goal,20.00,0.00,20.00,9.50,0.00,12.50,10.00,0.00,13.00,DStar
3042,7.97,AgentPrefab,Agent,MoveState,Moving,Goal,20.00,0.00,20.00,9.50,0.00,12.50,10.00,0.00,13.00,DStar
3043,7.97,AgentPrefab,Agent,MoveState,Moving,Goal,20.00,0.00,20.00,9.50,0.00,12.50,10.00,0.00,13.00,DStar
3044,7.97,AgentPrefab,Agent,MoveState,Moving,Goal,20.00,0.00,20.00,9.51,0.00,12.51,10.00,0.00,13.00,DStar
3045,7.97,AgentPrefab,Agent,MoveState,Moving,Goal,20.00,0.00,20.00,9.51,0.00,12.51,10.00,0.00,13.00,DStar
3046,7.98,AgentPrefab,Agent,MoveState,Moving,Goal,20.00,0.00,20.00,9.51,0.00,12.51,10.00,0.00,13.00,DStar
3047,7.98,AgentPrefab,Agent,MoveState,Moving,Goal,20.00,0.00,20.00,9.52,0.00,12.52,10.00,0.00,13.00,DStar
3048,7.98,AgentPrefab,Agent,MoveState,Moving,Goal,20.00,0.00,20.00,9.52,0.00,12.52,10.00,0.00,13.00,DStar
3049,7.98,AgentPrefab,Agent,MoveState,Moving,Goal,20.00,0.00,20.00,9.52,0.00,12.52,9.52,0.00,12.52,DStar
3050,7.99,AgentPrefab,Agent,MoveState,Moving,Goal,20.00,0.00,20.00,9.52,0.00,12.52,11.00,0.00,13.00,DStar
3051,7.99,AgentPrefab,Agent,MoveState,Moving,Goal,20.00,0.00,20.00,9.53,0.00,12.53,11.00,0.00,13.00,DStar
3052,7.99,AgentPrefab,Agent,MoveState,Moving,Goal,20.00,0.00,20.00,9.54,0.00,12.53,11.00,0.00,13.00,DStar
3053,8.00,AgentPrefab,Agent,MoveState,Moving,Goal,20.00,0.00,20.00,9.55,0.00,12.53,11.00,0.00,13.00,DStar
3054,8.00,AgentPrefab,Agent,MoveState,Moving,Goal,20.00,0.00,20.00,9.55,0.00,12.53,11.00,0.00,13.00,DStar
3055,8.00,AgentPrefab,Agent,MoveState,Moving,Goal,20.00,0.00,20.00,9.55,0.00,12.53,11.00,0.00,13.00,DStar
3056,8.00,AgentPrefab,Agent,MoveState,Moving,Goal,20.00,0.00,20.00,9.56,0.00,12.54,11.00,0.00,13.00,DStar
3057,8.01,AgentPrefab,Agent,MoveState,Moving,Goal,20.00,0.00,20.00,9.56,0.00,12.54,11.00,0.00,13.00,DStar
3058,8.01,AgentPrefab,Agent,MoveState,Moving,Goal,20.00,0.00,20.00,9.57,0.00,12.54,11.00,0.00,13.00,DStar
3059,8.01,AgentPrefab,Agent,MoveState,Moving,Goal,20.00,0.00,20.00,9.57,0.00,12.54,11.00,0.00,13.00,DStar
3060,8.01,AgentPrefab,Agent,MoveState,Moving,Goal,20.00,0.00,20.00,9.58,0.00,12.54,11.00,0.00,13.00,DStar
3061,8.02,AgentPrefab,Agent,MoveState,Moving,Goal,20.00,0.00,20.00,9.58,0.00,12.54,11.00,0.00,13.00,DStar
3062,8.02,AgentPrefab,Agent,MoveState,Moving,Goal,20.00,0.00,20.00,9.59,0.00,12.54,11.00,0.00,13.00,DStar
3063,8.02,AgentPrefab,Agent,MoveState,Moving,Goal,20.00,0.00,20.00,9.59,0.00,12.55,11.00,0.00,13.00,DStar
3064,8.02,AgentPrefab,Agent,MoveState,Moving,Goal,20.00,0.00,20.00,9.60,0.00,12.55,11.00,0.00,13.00,DStar
3065,8.03,AgentPrefab,Agent,MoveState,Moving,Goal,20.00,0.00,20.00,9.60,0.00,12.55,11.00,0.00,13.00,DStar
3066,8.03,AgentPrefab,Agent,MoveState,Moving,Goal,20.00,0.00,20.00,9.61,0.00,12.55,11.00,0.00,13.00,DStar
3067,8.03,AgentPrefab,Agent,MoveState,Moving,Goal,20.00,0.00,20.00,9.61,0.00,12.55,11.00,0.00,13.00,DStar
3068,8.03,AgentPrefab,Agent,MoveState,Moving,Goal,20.00,0.00,20.00,9.62,0.00,12.55,11.00,0.00,13.00,DStar
3069,8.04,AgentPrefab,Agent,MoveState,Moving,Goal,20.00,0.00,20.00,9.62,0.00,12.55,11.00,0.00,13.00,DStar
3070,8.04,AgentPrefab,Agent,MoveState,Moving,Goal,20.00,0.00,20.00,9.62,0.00,12.56,11.00,0.00,13.00,DStar
3071,8.04,AgentPrefab,Agent,MoveState,Moving,Goal,20.00,0.00,20.00,9.63,0.00,12.56,11.00,0.00,13.00,DStar
3072,8.04,AgentPrefab,Agent,MoveState,Moving,Goal,20.00,0.00,20.00,9.63,0.00,12.56,11.00,0.00,13.00,DStar
3073,8.05,AgentPrefab,Agent,MoveState,Moving,Goal,20.00,0.00,20.00,9.64,0.00,12.56,11.00,0.00,13.00,DStar
3074,8.05,AgentPrefab,Agent,MoveState,Moving,Goal,20.00,0.00,20.00,9.64,0.00,12.56,11.00,0.00,13.00,DStar
3075,8.05,AgentPrefab,Agent,MoveState,Moving,Goal,20.00,0.00,20.00,9.65,0.00,12.56,11.00,0.00,13.00,DStar
3076,8.05,AgentPrefab,Agent,MoveState,Moving,Goal,20.00,0.00,20.00,9.65,0.00,12.57,11.00,0.00,13.00,DStar
3077,8.06,AgentPrefab,Agent,MoveState,Moving,Goal,20.00,0.00,20.00,9.66,0.00,12.57,11.00,0.00,13.00,DStar
3078,8.06,AgentPrefab,Agent,MoveState,Moving,Goal,20.00,0.00,20.00,9.66,0.00,12.57,11.00,0.00,13.00,DStar
3079,8.06,AgentPrefab,Agent,MoveState,Moving,Goal,20.00,0.00,20.00,9.67,0.00,12.57,11.00,0.00,13.00,DStar
3080,8.06,AgentPrefab,Agent,MoveState,Moving,Goal,20.00,0.00,20.00,9.67,0.00,12.57,11.00,0.00,13.00,DStar
3081,8.07,AgentPrefab,Agent,MoveState,Moving,Goal,20.00,0.00,20.00,9.68,0.00,12.57,11.00,0.00,13.00,DStar
3082,8.07,AgentPrefab,Agent,MoveState,Moving,Goal,20.00,0.00,20.00,9.69,0.00,12.58,11.00,0.00,13.00,DStar
3083,8.07,AgentPrefab,Agent,MoveState,Moving,Goal,20.00,0.00,20.00,9.69,0.00,12.58,11.00,0.00,13.00,DStar
3084,8.08,AgentPrefab,Agent,MoveState,Moving,Goal,20.00,0.00,20.00,9.70,0.00,12.58,11.00,0.00,13.00,DStar
3085,8.08,AgentPrefab,Agent,MoveState,Moving,Goal,20.00,0.00,20.00,9.70,0.00,12.58,11.00,0.00,13.00,DStar
3086,8.08,AgentPrefab,Agent,MoveState,Moving,Goal,20.00,0.00,20.00,9.71,0.00,12.58,11.00,0.00,13.00,DStar
3087,8.08,AgentPrefab,Agent,MoveState,Moving,Goal,20.00,0.00,20.00,9.71,0.00,12.58,11.00,0.00,13.00,DStar
3088,8.09,AgentPrefab,Agent,MoveState,Moving,Goal,20.00,0.00,20.00,9.72,0.00,12.59,11.00,0.00,13.00,DStar
3089,8.09,AgentPrefab,Agent,MoveState,Moving,Goal,20.00,0.00,20.00,9.72,0.00,12.59,11.00,0.00,13.00,DStar
3090,8.09,AgentPrefab,Agent,MoveState,Moving,Goal,20.00,0.00,20.00,9.73,0.00,12.59,11.00,0.00,13.00,DStar
3091,8.09,AgentPrefab,Agent,MoveState,Moving,Goal,20.00,0.00,20.00,9.73,0.00,12.59,11.00,0.00,13.00,DStar
3092,8.10,AgentPrefab,Agent,MoveState,Moving,Goal,20.00,0.00,20.00,9.74,0.00,12.59,11.00,0.00,13.00,DStar
3093,8.10,AgentPrefab,Agent,MoveState,Moving,Goal,20.00,0.00,20.00,9.74,0.00,12.59,11.00,0.00,13.00,DStar
3094,8.10,AgentPrefab,Agent,MoveState,Moving,Goal,20.00,0.00,20.00,9.75,0.00,12.60,11.00,0.00,13.00,DStar
3095,8.11,AgentPrefab,Agent,MoveState,Moving,Goal,20.00,0.00,20.00,9.75,0.00,12.60,11.00,0.00,13.00,DStar
3096,8.11,AgentPrefab,Agent,MoveState,Moving,Goal,20.00,0.00,20.00,9.76,0.00,12.60,11.00,0.00,13.00,DStar
3097,8.11,AgentPrefab,Agent,MoveState,Moving,Goal,20.00,0.00,20.00,9.76,0.00,12.60,11.00,0.00,13.00,DStar
3098,8.11,AgentPrefab,Agent,MoveState,Moving,Goal,20.00,0.00,20.00,9.77,0.00,12.60,11.00,0.00,13.00,DStar
3099,8.11,AgentPrefab,Agent,MoveState,Moving,Goal,20.00,0.00,20.00,9.77,0.00,12.60,11.00,0.00,13.00,DStar
3100,8.12,AgentPrefab,Agent,MoveState,Moving,Goal,20.00,0.00,20.00,9.77,0.00,12.60,11.00,0.00,13.00,DStar
3101,8.12,AgentPrefab,Agent,MoveState,Moving,Goal,20.00,0.00,20.00,9.78,0.00,12.61,11.00,0.00,13.00,DStar
3102,8.12,AgentPrefab,Agent,MoveState,Moving,Goal,20.00,0.00,20.00,9.78,0.00,12.61,11.00,0.00,13.00,DStar
3103,8.12,AgentPrefab,Agent,MoveState,Moving,Goal,20.00,0.00,20.00,9.79,0.00,12.61,11.00,0.00,13.00,DStar
3104,8.13,AgentPrefab,Agent,MoveState,Moving,Goal,20.00,0.00,20.00,9.79,0.00,12.61,11.00,0.00,13.00,DStar
3105,8.13,AgentPrefab,Agent,MoveState,Moving,Goal,20.00,0.00,20.00,9.80,0.00,12.61,11.00,0.00,13.00,DStar
3106,8.13,AgentPrefab,Agent,MoveState,Moving,Goal,20.00,0.00,20.00,9.80,0.00,12.61,11.00,0.00,13.00,DStar
3107,8.13,AgentPrefab,Agent,MoveState,Moving,Goal,20.00,0.00,20.00,9.81,0.00,12.62,11.00,0.00,13.00,DStar
3108,8.14,AgentPrefab,Agent,MoveState,Moving,Goal,20.00,0.00,20.00,9.81,0.00,12.62,11.00,0.00,13.00,DStar
3109,8.14,AgentPrefab,Agent,MoveState,Moving,Goal,20.00,0.00,20.00,9.82,0.00,12.62,11.00,0.00,13.00,DStar
3110,8.14,AgentPrefab,Agent,MoveState,Moving,Goal,20.00,0.00,20.00,9.82,0.00,12.62,11.00,0.00,13.00,DStar
3111,8.14,AgentPrefab,Agent,MoveState,Moving,Goal,20.00,0.00,20.00,9.83,0.00,12.62,11.00,0.00,13.00,DStar
3112,8.15,AgentPrefab,Agent,MoveState,Moving,Goal,20.00,0.00,20.00,9.83,0.00,12.62,11.00,0.00,13.00,DStar
3113,8.15,AgentPrefab,Agent,MoveState,Moving,Goal,20.00,0.00,20.00,9.83,0.00,12.62,11.00,0.00,13.00,DStar
3114,8.15,AgentPrefab,Agent,MoveState,Moving,Goal,20.00,0.00,20.00,9.84,0.00,12.63,11.00,0.00,13.00,DStar
3115,8.15,AgentPrefab,Agent,MoveState,Moving,Goal,20.00,0.00,20.00,9.84,0.00,12.63,11.00,0.00,13.00,DStar
3116,8.16,AgentPrefab,Agent,MoveState,Moving,Goal,20.00,0.00,20.00,9.85,0.00,12.63,11.00,0.00,13.00,DStar
3117,8.16,AgentPrefab,Agent,MoveState,Moving,Goal,20.00,0.00,20.00,9.86,0.00,12.63,11.00,0.00,13.00,DStar
3118,8.16,AgentPrefab,Agent,MoveState,Moving,Goal,20.00,0.00,20.00,9.86,0.00,12.63,11.00,0.00,13.00,DStar
3119,8.16,AgentPrefab,Agent,MoveState,Moving,Goal,20.00,0.00,20.00,9.86,0.00,12.63,11.00,0.00,13.00,DStar
3120,8.17,AgentPrefab,Agent,MoveState,Moving,Goal,20.00,0.00,20.00,9.87,0.00,12.64,11.00,0.00,13.00,DStar
3121,8.17,AgentPrefab,Agent,MoveState,Moving,Goal,20.00,0.00,20.00,9.87,0.00,12.64,11.00,0.00,13.00,DStar
3122,8.17,AgentPrefab,Agent,MoveState,Moving,Goal,20.00,0.00,20.00,9.88,0.00,12.64,11.00,0.00,13.00,DStar
3123,8.18,AgentPrefab,Agent,MoveState,Moving,Goal,20.00,0.00,20.00,9.88,0.00,12.64,11.00,0.00,13.00,DStar
3124,8.18,AgentPrefab,Agent,MoveState,Moving,Goal,20.00,0.00,20.00,9.89,0.00,12.64,11.00,0.00,13.00,DStar
3125,8.18,AgentPrefab,Agent,MoveState,Moving,Goal,20.00,0.00,20.00,9.89,0.00,12.64,11.00,0.00,13.00,DStar
3126,8.18,AgentPrefab,Agent,MoveState,Moving,Goal,20.00,0.00,20.00,9.90,0.00,12.64,11.00,0.00,13.00,DStar
3127,8.18,AgentPrefab,Agent,MoveState,Moving,Goal,20.00,0.00,20.00,9.90,0.00,12.65,11.00,0.00,13.00,DStar
3128,8.19,AgentPrefab,Agent,MoveState,Moving,Goal,20.00,0.00,20.00,9.91,0.00,12.65,11.00,0.00,13.00,DStar
3129,8.19,AgentPrefab,Agent,MoveState,Moving,Goal,20.00,0.00,20.00,9.91,0.00,12.65,11.00,0.00,13.00,DStar
3130,8.19,AgentPrefab,Agent,MoveState,Moving,Goal,20.00,0.00,20.00,9.92,0.00,12.65,11.00,0.00,13.00,DStar
3131,8.19,AgentPrefab,Agent,MoveState,Moving,Goal,20.00,0.00,20.00,9.92,0.00,12.65,11.00,0.00,13.00,DStar
3132,8.20,AgentPrefab,Agent,MoveState,Moving,Goal,20.00,0.00,20.00,9.93,0.00,12.65,11.00,0.00,13.00,DStar
3133,8.20,AgentPrefab,Agent,MoveState,Moving,Goal,20.00,0.00,20.00,9.93,0.00,12.66,11.00,0.00,13.00,DStar
3134,8.20,AgentPrefab,Agent,MoveState,Moving,Goal,20.00,0.00,20.00,9.94,0.00,12.66,11.00,0.00,13.00,DStar
3135,8.20,AgentPrefab,Agent,MoveState,Moving,Goal,20.00,0.00,20.00,9.94,0.00,12.66,11.00,0.00,13.00,DStar
3136,8.21,AgentPrefab,Agent,MoveState,Moving,Goal,20.00,0.00,20.00,9.95,0.00,12.66,11.00,0.00,13.00,DStar
3137,8.21,AgentPrefab,Agent,MoveState,Moving,Goal,20.00,0.00,20.00,9.95,0.00,12.66,11.00,0.00,13.00,DStar
3138,8.21,AgentPrefab,Agent,MoveState,Moving,Goal,20.00,0.00,20.00,9.95,0.00,12.66,11.00,0.00,13.00,DStar
3139,8.21,AgentPrefab,Agent,MoveState,Moving,Goal,20.00,0.00,20.00,9.96,0.00,12.66,11.00,0.00,13.00,DStar
3140,8.22,AgentPrefab,Agent,MoveState,Moving,Goal,20.00,0.00,20.00,9.96,0.00,12.67,11.00,0.00,13.00,DStar
3141,8.22,AgentPrefab,Agent,MoveState,Moving,Goal,20.00,0.00,20.00,9.97,0.00,12.67,11.00,0.00,13.00,DStar
3142,8.22,AgentPrefab,Agent,MoveState,Moving,Goal,20.00,0.00,20.00,9.97,0.00,12.67,11.00,0.00,13.00,DStar
3143,8.22,AgentPrefab,Agent,MoveState,Moving,Goal,20.00,0.00,20.00,9.98,0.00,12.67,11.00,0.00,13.00,DStar
3144,8.23,AgentPrefab,Agent,MoveState,Moving,Goal,20.00,0.00,20.00,9.98,0.00,12.67,11.00,0.00,13.00,DStar
3145,8.23,AgentPrefab,Agent,MoveState,Moving,Goal,20.00,0.00,20.00,9.99,0.00,12.67,11.00,0.00,13.00,DStar
3146,8.23,AgentPrefab,Agent,MoveState,Moving,Goal,20.00,0.00,20.00,9.99,0.00,12.67,11.00,0.00,13.00,DStar
3147,8.23,AgentPrefab,Agent,MoveState,Moving,Goal,20.00,0.00,20.00,9.99,0.00,12.68,11.00,0.00,13.00,DStar
3148,8.24,AgentPrefab,Agent,MoveState,Moving,Goal,20.00,0.00,20.00,10.00,0.00,12.68,11.00,0.00,13.00,DStar
3149,8.24,AgentPrefab,Agent,MoveState,Moving,Goal,20.00,0.00,20.00,10.00,0.00,12.68,11.00,0.00,13.00,DStar
3150,8.24,AgentPrefab,Agent,MoveState,Moving,Goal,20.00,0.00,20.00,10.01,0.00,12.68,11.00,0.00,13.00,DStar
3151,8.24,AgentPrefab,Agent,MoveState,Moving,Goal,20.00,0.00,20.00,10.02,0.00,12.68,11.00,0.00,13.00,DStar
3152,8.25,AgentPrefab,Agent,MoveState,Moving,Goal,20.00,0.00,20.00,10.02,0.00,12.68,11.00,0.00,13.00,DStar
3153,8.25,AgentPrefab,Agent,MoveState,Moving,Goal,20.00,0.00,20.00,10.02,0.00,12.69,11.00,0.00,13.00,DStar
3154,8.25,AgentPrefab,Agent,MoveState,Moving,Goal,20.00,0.00,20.00,10.03,0.00,12.69,11.00,0.00,13.00,DStar
3155,8.25,AgentPrefab,Agent,MoveState,Moving,Goal,20.00,0.00,20.00,10.03,0.00,12.69,11.00,0.00,13.00,DStar
3156,8.26,AgentPrefab,Agent,MoveState,Moving,Goal,20.00,0.00,20.00,10.04,0.00,12.69,11.00,0.00,13.00,DStar
3157,8.26,AgentPrefab,Agent,MoveState,Moving,Goal,20.00,0.00,20.00,10.04,0.00,12.69,11.00,0.00,13.00,DStar
3158,8.26,AgentPrefab,Agent,MoveState,Moving,Goal,20.00,0.00,20.00,10.05,0.00,12.69,11.00,0.00,13.00,DStar
3159,8.26,AgentPrefab,Agent,MoveState,Moving,Goal,20.00,0.00,20.00,10.05,0.00,12.69,11.00,0.00,13.00,DStar
3160,8.26,AgentPrefab,Agent,MoveState,Moving,Goal,20.00,0.00,20.00,10.06,0.00,12.70,11.00,0.00,13.00,DStar
3161,8.27,AgentPrefab,Agent,MoveState,Moving,Goal,20.00,0.00,20.00,10.06,0.00,12.70,11.00,0.00,13.00,DStar
3162,8.27,AgentPrefab,Agent,MoveState,Moving,Goal,20.00,0.00,20.00,10.07,0.00,12.70,11.00,0.00,13.00,DStar
3163,8.27,AgentPrefab,Agent,MoveState,Moving,Goal,20.00,0.00,20.00,10.07,0.00,12.70,11.00,0.00,13.00,DStar
3164,8.28,AgentPrefab,Agent,MoveState,Moving,Goal,20.00,0.00,20.00,10.08,0.00,12.70,11.00,0.00,13.00,DStar
3165,8.28,AgentPrefab,Agent,MoveState,Moving,Goal,20.00,0.00,20.00,10.08,0.00,12.70,11.00,0.00,13.00,DStar
3166,8.28,AgentPrefab,Agent,MoveState,Moving,Goal,20.00,0.00,20.00,10.09,0.00,12.71,11.00,0.00,13.00,DStar
3167,8.28,AgentPrefab,Agent,MoveState,Moving,Goal,20.00,0.00,20.00,10.09,0.00,12.71,11.00,0.00,13.00,DStar
3168,8.29,AgentPrefab,Agent,MoveState,Moving,Goal,20.00,0.00,20.00,10.09,0.00,12.71,11.00,0.00,13.00,DStar
3169,8.29,AgentPrefab,Agent,MoveState,Moving,Goal,20.00,0.00,20.00,10.10,0.00,12.71,11.00,0.00,13.00,DStar
3170,8.29,AgentPrefab,Agent,MoveState,Moving,Goal,20.00,0.00,20.00,10.10,0.00,12.71,11.00,0.00,13.00,DStar
3171,8.29,AgentPrefab,Agent,MoveState,Moving,Goal,20.00,0.00,20.00,10.11,0.00,12.71,11.00,0.00,13.00,DStar
3172,8.29,AgentPrefab,Agent,MoveState,Moving,Goal,20.00,0.00,20.00,10.11,0.00,12.71,11.00,0.00,13.00,DStar
3173,8.30,AgentPrefab,Agent,MoveState,Moving,Goal,20.00,0.00,20.00,10.12,0.00,12.72,11.00,0.00,13.00,DStar
3174,8.30,AgentPrefab,Agent,MoveState,Moving,Goal,20.00,0.00,20.00,10.12,0.00,12.72,11.00,0.00,13.00,DStar
3175,8.30,AgentPrefab,Agent,MoveState,Moving,Goal,20.00,0.00,20.00,10.13,0.00,12.72,11.00,0.00,13.00,DStar
3176,8.31,AgentPrefab,Agent,MoveState,Moving,Goal,20.00,0.00,20.00,10.13,0.00,12.72,11.00,0.00,13.00,DStar
3177,8.31,AgentPrefab,Agent,MoveState,Moving,Goal,20.00,0.00,20.00,10.14,0.00,12.72,11.00,0.00,13.00,DStar
3178,8.31,AgentPrefab,Agent,MoveState,Moving,Goal,20.00,0.00,20.00,10.14,0.00,12.72,11.00,0.00,13.00,DStar
3179,8.31,AgentPrefab,Agent,MoveState,Moving,Goal,20.00,0.00,20.00,10.15,0.00,12.72,11.00,0.00,13.00,DStar
3180,8.31,AgentPrefab,Agent,MoveState,Moving,Goal,20.00,0.00,20.00,10.15,0.00,12.73,11.00,0.00,13.00,DStar
3181,8.32,AgentPrefab,Agent,MoveState,Moving,Goal,20.00,0.00,20.00,10.15,0.00,12.73,11.00,0.00,13.00,DStar
3182,8.32,AgentPrefab,Agent,MoveState,Moving,Goal,20.00,0.00,20.00,10.16,0.00,12.73,11.00,0.00,13.00,DStar
3183,8.32,AgentPrefab,Agent,MoveState,Moving,Goal,20.00,0.00,20.00,10.16,0.00,12.73,11.00,0.00,13.00,DStar
3184,8.33,AgentPrefab,Agent,MoveState,Moving,Goal,20.00,0.00,20.00,10.17,0.00,12.73,11.00,0.00,13.00,DStar
3185,8.33,AgentPrefab,Agent,MoveState,Moving,Goal,20.00,0.00,20.00,10.17,0.00,12.73,11.00,0.00,13.00,DStar
3186,8.33,AgentPrefab,Agent,MoveState,Moving,Goal,20.00,0.00,20.00,10.18,0.00,12.74,11.00,0.00,13.00,DStar
3187,8.33,AgentPrefab,Agent,MoveState,Moving,Goal,20.00,0.00,20.00,10.18,0.00,12.74,11.00,0.00,13.00,DStar
3188,8.33,AgentPrefab,Agent,MoveState,Moving,Goal,20.00,0.00,20.00,10.19,0.00,12.74,11.00,0.00,13.00,DStar
3189,8.34,AgentPrefab,Agent,MoveState,Moving,Goal,20.00,0.00,20.00,10.19,0.00,12.74,11.00,0.00,13.00,DStar
3190,8.34,AgentPrefab,Agent,MoveState,Moving,Goal,20.00,0.00,20.00,10.20,0.00,12.74,11.00,0.00,13.00,DStar
3191,8.34,AgentPrefab,Agent,MoveState,Moving,Goal,20.00,0.00,20.00,10.20,0.00,12.74,11.00,0.00,13.00,DStar
3192,8.34,AgentPrefab,Agent,MoveState,Moving,Goal,20.00,0.00,20.00,10.21,0.00,12.74,11.00,0.00,13.00,DStar
3193,8.35,AgentPrefab,Agent,MoveState,Moving,Goal,20.00,0.00,20.00,10.21,0.00,12.75,11.00,0.00,13.00,DStar
3194,8.35,AgentPrefab,Agent,MoveState,Moving,Goal,20.00,0.00,20.00,10.22,0.00,12.75,11.00,0.00,13.00,DStar
3195,8.35,AgentPrefab,Agent,MoveState,Moving,Goal,20.00,0.00,20.00,10.22,0.00,12.75,11.00,0.00,13.00,DStar
3196,8.36,AgentPrefab,Agent,MoveState,Moving,Goal,20.00,0.00,20.00,10.23,0.00,12.75,11.00,0.00,13.00,DStar
3197,8.36,AgentPrefab,Agent,MoveState,Moving,Goal,20.00,0.00,20.00,10.23,0.00,12.75,11.00,0.00,13.00,DStar
3198,8.36,AgentPrefab,Agent,MoveState,Moving,Goal,20.00,0.00,20.00,10.24,0.00,12.75,11.00,0.00,13.00,DStar
3199,8.36,AgentPrefab,Agent,MoveState,Moving,Goal,20.00,0.00,20.00,10.24,0.00,12.76,11.00,0.00,13.00,DStar
3200,8.36,AgentPrefab,Agent,MoveState,Moving,Goal,20.00,0.00,20.00,10.25,0.00,12.76,11.00,0.00,13.00,DStar
3201,8.37,AgentPrefab,Agent,MoveState,Moving,Goal,20.00,0.00,20.00,10.25,0.00,12.76,11.00,0.00,13.00,DStar
3202,8.37,AgentPrefab,Agent,MoveState,Moving,Goal,20.00,0.00,20.00,10.26,0.00,12.76,11.00,0.00,13.00,DStar
3203,8.37,AgentPrefab,Agent,MoveState,Moving,Goal,20.00,0.00,20.00,10.26,0.00,12.76,11.00,0.00,13.00,DStar
3204,8.38,AgentPrefab,Agent,MoveState,Moving,Goal,20.00,0.00,20.00,10.27,0.00,12.76,11.00,0.00,13.00,DStar
3205,8.38,AgentPrefab,Agent,MoveState,Moving,Goal,20.00,0.00,20.00,10.27,0.00,12.77,11.00,0.00,13.00,DStar
3206,8.38,AgentPrefab,Agent,MoveState,Moving,Goal,20.00,0.00,20.00,10.28,0.00,12.77,11.00,0.00,13.00,DStar
3207,8.38,AgentPrefab,Agent,MoveState,Moving,Goal,20.00,0.00,20.00,10.28,0.00,12.77,11.00,0.00,13.00,DStar
3208,8.39,AgentPrefab,Agent,MoveState,Moving,Goal,20.00,0.00,20.00,10.29,0.00,12.77,11.00,0.00,13.00,DStar
3209,8.39,AgentPrefab,Agent,MoveState,Moving,Goal,20.00,0.00,20.00,10.29,0.00,12.77,11.00,0.00,13.00,DStar
3210,8.39,AgentPrefab,Agent,MoveState,Moving,Goal,20.00,0.00,20.00,10.30,0.00,12.77,11.00,0.00,13.00,DStar
3211,8.39,AgentPrefab,Agent,MoveState,Moving,Goal,20.00,0.00,20.00,10.30,0.00,12.77,11.00,0.00,13.00,DStar
3212,8.40,AgentPrefab,Agent,MoveState,Moving,Goal,20.00,0.00,20.00,10.30,0.00,12.78,11.00,0.00,13.00,DStar
3213,8.40,AgentPrefab,Agent,MoveState,Moving,Goal,20.00,0.00,20.00,10.31,0.00,12.78,11.00,0.00,13.00,DStar
3214,8.40,AgentPrefab,Agent,MoveState,Moving,Goal,20.00,0.00,20.00,10.31,0.00,12.78,11.00,0.00,13.00,DStar
3215,8.40,AgentPrefab,Agent,MoveState,Moving,Goal,20.00,0.00,20.00,10.32,0.00,12.78,11.00,0.00,13.00,DStar
3216,8.41,AgentPrefab,Agent,MoveState,Moving,Goal,20.00,0.00,20.00,10.33,0.00,12.78,11.00,0.00,13.00,DStar
3217,8.41,AgentPrefab,Agent,MoveState,Moving,Goal,20.00,0.00,20.00,10.33,0.00,12.78,11.00,0.00,13.00,DStar
3218,8.41,AgentPrefab,Agent,MoveState,Moving,Goal,20.00,0.00,20.00,10.34,0.00,12.79,11.00,0.00,13.00,DStar
3219,8.42,AgentPrefab,Agent,MoveState,Moving,Goal,20.00,0.00,20.00,10.34,0.00,12.79,11.00,0.00,13.00,DStar
3220,8.42,AgentPrefab,Agent,MoveState,Moving,Goal,20.00,0.00,20.00,10.35,0.00,12.79,11.00,0.00,13.00,DStar
3221,8.42,AgentPrefab,Agent,MoveState,Moving,Goal,20.00,0.00,20.00,10.35,0.00,12.79,11.00,0.00,13.00,DStar
3222,8.42,AgentPrefab,Agent,MoveState,Moving,Goal,20.00,0.00,20.00,10.36,0.00,12.79,11.00,0.00,13.00,DStar
3223,8.43,AgentPrefab,Agent,MoveState,Moving,Goal,20.00,0.00,20.00,10.36,0.00,12.79,11.00,0.00,13.00,DStar
3224,8.43,AgentPrefab,Agent,MoveState,Moving,Goal,20.00,0.00,20.00,10.37,0.00,12.80,11.00,0.00,13.00,DStar
3225,8.43,AgentPrefab,Agent,MoveState,Moving,Goal,20.00,0.00,20.00,10.37,0.00,12.80,11.00,0.00,13.00,DStar
3226,8.43,AgentPrefab,Agent,MoveState,Moving,Goal,20.00,0.00,20.00,10.38,0.00,12.80,11.00,0.00,13.00,DStar
3227,8.44,AgentPrefab,Agent,MoveState,Moving,Goal,20.00,0.00,20.00,10.38,0.00,12.80,11.00,0.00,13.00,DStar
3228,8.44,AgentPrefab,Agent,MoveState,Moving,Goal,20.00,0.00,20.00,10.38,0.00,12.80,11.00,0.00,13.00,DStar
3229,8.44,AgentPrefab,Agent,MoveState,Moving,Goal,20.00,0.00,20.00,10.39,0.00,12.80,11.00,0.00,13.00,DStar
3230,8.45,AgentPrefab,Agent,MoveState,Moving,Goal,20.00,0.00,20.00,10.40,0.00,12.81,11.00,0.00,13.00,DStar
3231,8.45,AgentPrefab,Agent,MoveState,Moving,Goal,20.00,0.00,20.00,10.41,0.00,12.81,11.00,0.00,13.00,DStar
3232,8.45,AgentPrefab,Agent,MoveState,Moving,Goal,20.00,0.00,20.00,10.41,0.00,12.81,11.00,0.00,13.00,DStar
3233,8.46,AgentPrefab,Agent,MoveState,Moving,Goal,20.00,0.00,20.00,10.42,0.00,12.81,11.00,0.00,13.00,DStar
3234,8.46,AgentPrefab,Agent,MoveState,Moving,Goal,20.00,0.00,20.00,10.42,0.00,12.81,11.00,0.00,13.00,DStar
3235,8.46,AgentPrefab,Agent,MoveState,Moving,Goal,20.00,0.00,20.00,10.43,0.00,12.82,11.00,0.00,13.00,DStar
3236,8.46,AgentPrefab,Agent,MoveState,Moving,Goal,20.00,0.00,20.00,10.43,0.00,12.82,11.00,0.00,13.00,DStar
3237,8.47,AgentPrefab,Agent,MoveState,Moving,Goal,20.00,0.00,20.00,10.44,0.00,12.82,11.00,0.00,13.00,DStar
3238,8.47,AgentPrefab,Agent,MoveState,Moving,Goal,20.00,0.00,20.00,10.44,0.00,12.82,11.00,0.00,13.00,DStar
3239,8.47,AgentPrefab,Agent,MoveState,Moving,Goal,20.00,0.00,20.00,10.45,0.00,12.82,11.00,0.00,13.00,DStar
3240,8.47,AgentPrefab,Agent,MoveState,Moving,Goal,20.00,0.00,20.00,10.45,0.00,12.82,11.00,0.00,13.00,DStar
3241,8.48,AgentPrefab,Agent,MoveState,Moving,Goal,20.00,0.00,20.00,10.46,0.00,12.83,11.00,0.00,13.00,DStar
3242,8.48,AgentPrefab,Agent,MoveState,Moving,Goal,20.00,0.00,20.00,10.46,0.00,12.83,11.00,0.00,13.00,DStar
3243,8.48,AgentPrefab,Agent,MoveState,Moving,Goal,20.00,0.00,20.00,10.47,0.00,12.83,11.00,0.00,13.00,DStar
3244,8.48,AgentPrefab,Agent,MoveState,Moving,Goal,20.00,0.00,20.00,10.47,0.00,12.83,11.00,0.00,13.00,DStar
3245,8.49,AgentPrefab,Agent,MoveState,Moving,Goal,20.00,0.00,20.00,10.48,0.00,12.83,11.00,0.00,13.00,DStar
3246,8.49,AgentPrefab,Agent,MoveState,Moving,Goal,20.00,0.00,20.00,10.48,0.00,12.83,11.00,0.00,13.00,DStar
3247,8.49,AgentPrefab,Agent,MoveState,Moving,Goal,20.00,0.00,20.00,10.49,0.00,12.84,11.00,0.00,13.00,DStar
3248,8.49,AgentPrefab,Agent,MoveState,Moving,Goal,20.00,0.00,20.00,10.49,0.00,12.84,11.00,0.00,13.00,DStar
3249,8.50,AgentPrefab,Agent,MoveState,Moving,Goal,20.00,0.00,20.00,10.50,0.00,12.84,11.00,0.00,13.00,DStar
3250,8.50,AgentPrefab,Agent,MoveState,Moving,Goal,20.00,0.00,20.00,10.50,0.00,12.84,11.00,0.00,13.00,DStar
3251,8.50,AgentPrefab,Agent,MoveState,Moving,Goal,20.00,0.00,20.00,10.51,0.00,12.84,11.00,0.00,13.00,DStar
3252,8.50,AgentPrefab,Agent,MoveState,Moving,Goal,20.00,0.00,20.00,10.51,0.00,12.84,11.00,0.00,13.00,DStar
3253,8.51,AgentPrefab,Agent,MoveState,Moving,Goal,20.00,0.00,20.00,10.52,0.00,12.84,11.00,0.00,13.00,DStar
3254,8.51,AgentPrefab,Agent,MoveState,Moving,Goal,20.00,0.00,20.00,10.52,0.00,12.85,11.00,0.00,13.00,DStar
3255,8.51,AgentPrefab,Agent,MoveState,Moving,Goal,20.00,0.00,20.00,10.53,0.00,12.85,11.00,0.00,13.00,DStar
3256,8.51,AgentPrefab,Agent,MoveState,Moving,Goal,20.00,0.00,20.00,10.53,0.00,12.85,11.00,0.00,13.00,DStar
3257,8.52,AgentPrefab,Agent,MoveState,Moving,Goal,20.00,0.00,20.00,10.53,0.00,12.85,11.00,0.00,13.00,DStar
3258,8.52,AgentPrefab,Agent,MoveState,Moving,Goal,20.00,0.00,20.00,10.54,0.00,12.85,11.00,0.00,13.00,DStar
3259,8.52,AgentPrefab,Agent,MoveState,Moving,Goal,20.00,0.00,20.00,10.54,0.00,12.85,11.00,0.00,13.00,DStar
3260,8.53,AgentPrefab,Agent,MoveState,Moving,Goal,20.00,0.00,20.00,10.55,0.00,12.85,11.00,0.00,13.00,DStar
3261,8.53,AgentPrefab,Agent,MoveState,Moving,Goal,20.00,0.00,20.00,10.56,0.00,12.86,11.00,0.00,13.00,DStar
3262,8.53,AgentPrefab,Agent,MoveState,Moving,Goal,20.00,0.00,20.00,10.56,0.00,12.86,11.00,0.00,13.00,DStar
3263,8.53,AgentPrefab,Agent,MoveState,Moving,Goal,20.00,0.00,20.00,10.56,0.00,12.86,11.00,0.00,13.00,DStar
3264,8.53,AgentPrefab,Agent,MoveState,Moving,Goal,20.00,0.00,20.00,10.57,0.00,12.86,11.00,0.00,13.00,DStar
3265,8.54,AgentPrefab,Agent,MoveState,Moving,Goal,20.00,0.00,20.00,10.57,0.00,12.86,11.00,0.00,13.00,DStar
3266,8.54,AgentPrefab,Agent,MoveState,Moving,Goal,20.00,0.00,20.00,10.58,0.00,12.86,11.00,0.00,13.00,DStar
3267,8.54,AgentPrefab,Agent,MoveState,Moving,Goal,20.00,0.00,20.00,10.58,0.00,12.87,11.00,0.00,13.00,DStar
3268,8.54,AgentPrefab,Agent,MoveState,Moving,Goal,20.00,0.00,20.00,10.59,0.00,12.87,11.00,0.00,13.00,DStar
3269,8.55,AgentPrefab,Agent,MoveState,Moving,Goal,20.00,0.00,20.00,10.59,0.00,12.87,11.00,0.00,13.00,DStar
3270,8.55,AgentPrefab,Agent,MoveState,Moving,Goal,20.00,0.00,20.00,10.60,0.00,12.87,11.00,0.00,13.00,DStar
3271,8.55,AgentPrefab,Agent,MoveState,Moving,Goal,20.00,0.00,20.00,10.60,0.00,12.87,11.00,0.00,13.00,DStar
3272,8.55,AgentPrefab,Agent,MoveState,Moving,Goal,20.00,0.00,20.00,10.61,0.00,12.87,11.00,0.00,13.00,DStar
3273,8.56,AgentPrefab,Agent,MoveState,Moving,Goal,20.00,0.00,20.00,10.61,0.00,12.87,11.00,0.00,13.00,DStar
3274,8.56,AgentPrefab,Agent,MoveState,Moving,Goal,20.00,0.00,20.00,10.61,0.00,12.88,11.00,0.00,13.00,DStar
3275,8.56,AgentPrefab,Agent,MoveState,Moving,Goal,20.00,0.00,20.00,10.62,0.00,12.88,11.00,0.00,13.00,DStar
3276,8.56,AgentPrefab,Agent,MoveState,Moving,Goal,20.00,0.00,20.00,10.62,0.00,12.88,11.00,0.00,13.00,DStar
3277,8.57,AgentPrefab,Agent,MoveState,Moving,Goal,20.00,0.00,20.00,10.63,0.00,12.88,11.00,0.00,13.00,DStar
3278,8.57,AgentPrefab,Agent,MoveState,Moving,Goal,20.00,0.00,20.00,10.63,0.00,12.88,11.00,0.00,13.00,DStar
3279,8.57,AgentPrefab,Agent,MoveState,Moving,Goal,20.00,0.00,20.00,10.64,0.00,12.88,11.00,0.00,13.00,DStar
3280,8.57,AgentPrefab,Agent,MoveState,Moving,Goal,20.00,0.00,20.00,10.64,0.00,12.88,11.00,0.00,13.00,DStar
3281,8.58,AgentPrefab,Agent,MoveState,Moving,Goal,20.00,0.00,20.00,10.65,0.00,12.89,11.00,0.00,13.00,DStar
3282,8.58,AgentPrefab,Agent,MoveState,Moving,Goal,20.00,0.00,20.00,10.65,0.00,12.89,11.00,0.00,13.00,DStar
3283,8.58,AgentPrefab,Agent,MoveState,Moving,Goal,20.00,0.00,20.00,10.66,0.00,12.89,11.00,0.00,13.00,DStar
3284,8.58,AgentPrefab,Agent,MoveState,Moving,Goal,20.00,0.00,20.00,10.66,0.00,12.89,11.00,0.00,13.00,DStar
3285,8.59,AgentPrefab,Agent,MoveState,Moving,Goal,20.00,0.00,20.00,10.66,0.00,12.89,11.00,0.00,13.00,DStar
3286,8.59,AgentPrefab,Agent,MoveState,Moving,Goal,20.00,0.00,20.00,10.67,0.00,12.89,11.00,0.00,13.00,DStar
3287,8.59,AgentPrefab,Agent,MoveState,Moving,Goal,20.00,0.00,20.00,10.68,0.00,12.90,11.00,0.00,13.00,DStar
3288,8.59,AgentPrefab,Agent,MoveState,Moving,Goal,20.00,0.00,20.00,10.68,0.00,12.90,11.00,0.00,13.00,DStar
3289,8.60,AgentPrefab,Agent,MoveState,Moving,Goal,20.00,0.00,20.00,10.68,0.00,12.90,11.00,0.00,13.00,DStar
3290,8.60,AgentPrefab,Agent,MoveState,Moving,Goal,20.00,0.00,20.00,10.69,0.00,12.90,11.00,0.00,13.00,DStar
3291,8.60,AgentPrefab,Agent,MoveState,Moving,Goal,20.00,0.00,20.00,10.69,0.00,12.90,11.00,0.00,13.00,DStar
3292,8.60,AgentPrefab,Agent,MoveState,Moving,Goal,20.00,0.00,20.00,10.70,0.00,12.90,11.00,0.00,13.00,DStar
3293,8.61,AgentPrefab,Agent,MoveState,Moving,Goal,20.00,0.00,20.00,10.70,0.00,12.90,11.00,0.00,13.00,DStar
3294,8.61,AgentPrefab,Agent,MoveState,Moving,Goal,20.00,0.00,20.00,10.71,0.00,12.91,11.00,0.00,13.00,DStar
3295,8.61,AgentPrefab,Agent,MoveState,Moving,Goal,20.00,0.00,20.00,10.71,0.00,12.91,11.00,0.00,13.00,DStar
3296,8.61,AgentPrefab,Agent,MoveState,Moving,Goal,20.00,0.00,20.00,10.72,0.00,12.91,11.00,0.00,13.00,DStar
3297,8.62,AgentPrefab,Agent,MoveState,Moving,Goal,20.00,0.00,20.00,10.72,0.00,12.91,11.00,0.00,13.00,DStar
3298,8.62,AgentPrefab,Agent,MoveState,Moving,Goal,20.00,0.00,20.00,10.73,0.00,12.91,11.00,0.00,13.00,DStar
3299,8.62,AgentPrefab,Agent,MoveState,Moving,Goal,20.00,0.00,20.00,10.73,0.00,12.91,11.00,0.00,13.00,DStar
3300,8.62,AgentPrefab,Agent,MoveState,Moving,Goal,20.00,0.00,20.00,10.74,0.00,12.92,11.00,0.00,13.00,DStar
3301,8.62,AgentPrefab,Agent,MoveState,Moving,Goal,20.00,0.00,20.00,10.74,0.00,12.92,11.00,0.00,13.00,DStar
3302,8.63,AgentPrefab,Agent,MoveState,Moving,Goal,20.00,0.00,20.00,10.75,0.00,12.92,11.00,0.00,13.00,DStar
3303,8.63,AgentPrefab,Agent,MoveState,Moving,Goal,20.00,0.00,20.00,10.75,0.00,12.92,11.00,0.00,13.00,DStar
3304,8.63,AgentPrefab,Agent,MoveState,Moving,Goal,20.00,0.00,20.00,10.75,0.00,12.92,11.00,0.00,13.00,DStar
3305,8.63,AgentPrefab,Agent,MoveState,Moving,Goal,20.00,0.00,20.00,10.76,0.00,12.92,11.00,0.00,13.00,DStar
3306,8.64,AgentPrefab,Agent,MoveState,Moving,Goal,20.00,0.00,20.00,10.76,0.00,12.92,11.00,0.00,13.00,DStar
3307,8.64,AgentPrefab,Agent,MoveState,Moving,Goal,20.00,0.00,20.00,10.77,0.00,12.93,11.00,0.00,13.00,DStar
3308,8.64,AgentPrefab,Agent,MoveState,Moving,Goal,20.00,0.00,20.00,10.77,0.00,12.93,11.00,0.00,13.00,DStar
3309,8.64,AgentPrefab,Agent,MoveState,Moving,Goal,20.00,0.00,20.00,10.78,0.00,12.93,11.00,0.00,13.00,DStar
3310,8.65,AgentPrefab,Agent,MoveState,Moving,Goal,20.00,0.00,20.00,10.78,0.00,12.93,11.00,0.00,13.00,DStar
3311,8.65,AgentPrefab,Agent,MoveState,Moving,Goal,20.00,0.00,20.00,10.79,0.00,12.93,11.00,0.00,13.00,DStar
3312,8.65,AgentPrefab,Agent,MoveState,Moving,Goal,20.00,0.00,20.00,10.79,0.00,12.93,11.00,0.00,13.00,DStar
3313,8.66,AgentPrefab,Agent,MoveState,Moving,Goal,20.00,0.00,20.00,10.80,0.00,12.93,11.00,0.00,13.00,DStar
3314,8.66,AgentPrefab,Agent,MoveState,Moving,Goal,20.00,0.00,20.00,10.80,0.00,12.94,11.00,0.00,13.00,DStar
3315,8.66,AgentPrefab,Agent,MoveState,Moving,Goal,20.00,0.00,20.00,10.81,0.00,12.94,11.00,0.00,13.00,DStar
3316,8.66,AgentPrefab,Agent,MoveState,Moving,Goal,20.00,0.00,20.00,10.81,0.00,12.94,11.00,0.00,13.00,DStar
3317,8.67,AgentPrefab,Agent,MoveState,Moving,Goal,20.00,0.00,20.00,10.82,0.00,12.94,11.00,0.00,13.00,DStar
3318,8.67,AgentPrefab,Agent,MoveState,Moving,Goal,20.00,0.00,20.00,10.82,0.00,12.94,11.00,0.00,13.00,DStar
3319,8.67,AgentPrefab,Agent,MoveState,Moving,Goal,20.00,0.00,20.00,10.83,0.00,12.94,11.00,0.00,13.00,DStar
3320,8.67,AgentPrefab,Agent,MoveState,Moving,Goal,20.00,0.00,20.00,10.83,0.00,12.95,11.00,0.00,13.00,DStar
3321,8.68,AgentPrefab,Agent,MoveState,Moving,Goal,20.00,0.00,20.00,10.84,0.00,12.95,11.00,0.00,13.00,DStar
3322,8.68,AgentPrefab,Agent,MoveState,Moving,Goal,20.00,0.00,20.00,10.84,0.00,12.95,11.00,0.00,13.00,DStar
3323,8.68,AgentPrefab,Agent,MoveState,Moving,Goal,20.00,0.00,20.00,10.85,0.00,12.95,11.00,0.00,13.00,DStar
3324,8.68,AgentPrefab,Agent,MoveState,Moving,Goal,20.00,0.00,20.00,10.85,0.00,12.95,11.00,0.00,13.00,DStar
3325,8.69,AgentPrefab,Agent,MoveState,Moving,Goal,20.00,0.00,20.00,10.86,0.00,12.95,11.00,0.00,13.00,DStar
3326,8.69,AgentPrefab,Agent,MoveState,Moving,Goal,20.00,0.00,20.00,10.86,0.00,12.96,11.00,0.00,13.00,DStar
3327,8.69,AgentPrefab,Agent,MoveState,Moving,Goal,20.00,0.00,20.00,10.87,0.00,12.96,11.00,0.00,13.00,DStar
3328,8.70,AgentPrefab,Agent,MoveState,Moving,Goal,20.00,0.00,20.00,10.87,0.00,12.96,11.00,0.00,13.00,DStar
3329,8.70,AgentPrefab,Agent,MoveState,Moving,Goal,20.00,0.00,20.00,10.89,0.00,12.96,11.00,0.00,13.00,DStar
3330,8.71,AgentPrefab,Agent,MoveState,Moving,Goal,20.00,0.00,20.00,10.90,0.00,12.97,11.00,0.00,13.00,DStar
3331,8.72,AgentPrefab,Agent,MoveState,Moving,Goal,20.00,0.00,20.00,10.91,0.00,12.97,11.00,0.00,13.00,DStar
3332,8.72,AgentPrefab,Agent,MoveState,Moving,Goal,20.00,0.00,20.00,10.92,0.00,12.97,11.00,0.00,13.00,DStar
3333,8.73,AgentPrefab,Agent,MoveState,Moving,Goal,20.00,0.00,20.00,10.93,0.00,12.98,11.00,0.00,13.00,DStar
3334,8.73,AgentPrefab,Agent,MoveState,Moving,Goal,20.00,0.00,20.00,10.94,0.00,12.98,11.00,0.00,13.00,DStar
3335,8.74,AgentPrefab,Agent,MoveState,Moving,Goal,20.00,0.00,20.00,11.00,0.00,13.00,12.00,0.00,14.00,DStar
3336,8.76,AgentPrefab,Agent,MoveState,Moving,Goal,20.00,0.00,20.00,11.01,0.00,13.01,12.00,0.00,14.00,DStar
3337,8.76,AgentPrefab,Agent,MoveState,Moving,Goal,20.00,0.00,20.00,11.03,0.00,13.03,12.00,0.00,14.00,DStar
3338,8.76,AgentPrefab,Agent,MoveState,Moving,Goal,20.00,0.00,20.00,11.04,0.00,13.04,12.00,0.00,14.00,DStar
3339,8.77,AgentPrefab,Agent,MoveState,Moving,Goal,20.00,0.00,20.00,11.04,0.00,13.04,12.00,0.00,14.00,DStar
3340,8.77,AgentPrefab,Agent,MoveState,Moving,Goal,20.00,0.00,20.00,11.04,0.00,13.04,12.00,0.00,14.00,DStar
3341,8.77,AgentPrefab,Agent,MoveState,Moving,Goal,20.00,0.00,20.00,11.05,0.00,13.05,12.00,0.00,14.00,DStar
3342,8.77,AgentPrefab,Agent,MoveState,Moving,Goal,20.00,0.00,20.00,11.05,0.00,13.05,12.00,0.00,14.00,DStar
3343,8.78,AgentPrefab,Agent,MoveState,Moving,Goal,20.00,0.00,20.00,11.06,0.00,13.06,12.00,0.00,14.00,DStar
3344,8.78,AgentPrefab,Agent,MoveState,Moving,Goal,20.00,0.00,20.00,11.06,0.00,13.06,12.00,0.00,14.00,DStar
3345,8.78,AgentPrefab,Agent,MoveState,Moving,Goal,20.00,0.00,20.00,11.06,0.00,13.06,12.00,0.00,14.00,DStar
3346,8.78,AgentPrefab,Agent,MoveState,Moving,Goal,20.00,0.00,20.00,11.07,0.00,13.07,12.00,0.00,14.00,DStar
3347,8.79,AgentPrefab,Agent,MoveState,Moving,Goal,20.00,0.00,20.00,11.07,0.00,13.07,12.00,0.00,14.00,DStar
3348,8.79,AgentPrefab,Agent,MoveState,Moving,Goal,20.00,0.00,20.00,11.07,0.00,13.07,12.00,0.00,14.00,DStar
3349,8.79,AgentPrefab,Agent,MoveState,Moving,Goal,20.00,0.00,20.00,11.08,0.00,13.08,12.00,0.00,14.00,DStar
3350,8.79,AgentPrefab,Agent,MoveState,Moving,Goal,20.00,0.00,20.00,11.08,0.00,13.08,12.00,0.00,14.00,DStar
3351,8.80,AgentPrefab,Agent,MoveState,Moving,Goal,20.00,0.00,20.00,11.08,0.00,13.08,12.00,0.00,14.00,DStar
3352,8.80,AgentPrefab,Agent,MoveState,Moving,Goal,20.00,0.00,20.00,11.09,0.00,13.09,12.00,0.00,14.00,DStar
3353,8.80,AgentPrefab,Agent,MoveState,Moving,Goal,20.00,0.00,20.00,11.09,0.00,13.09,12.00,0.00,14.00,DStar
3354,8.80,AgentPrefab,Agent,MoveState,Moving,Goal,20.00,0.00,20.00,11.09,0.00,13.09,12.00,0.00,14.00,DStar
3355,8.81,AgentPrefab,Agent,MoveState,Moving,Goal,20.00,0.00,20.00,11.10,0.00,13.10,12.00,0.00,14.00,DStar
3356,8.81,AgentPrefab,Agent,MoveState,Moving,Goal,20.00,0.00,20.00,11.10,0.00,13.10,12.00,0.00,14.00,DStar
3357,8.81,AgentPrefab,Agent,MoveState,Moving,Goal,20.00,0.00,20.00,11.11,0.00,13.11,12.00,0.00,14.00,DStar
3358,8.81,AgentPrefab,Agent,MoveState,Moving,Goal,20.00,0.00,20.00,11.11,0.00,13.11,12.00,0.00,14.00,DStar
3359,8.82,AgentPrefab,Agent,MoveState,Moving,Goal,20.00,0.00,20.00,11.11,0.00,13.11,12.00,0.00,14.00,DStar
3360,8.82,AgentPrefab,Agent,MoveState,Moving,Goal,20.00,0.00,20.00,11.12,0.00,13.12,12.00,0.00,14.00,DStar
3361,8.82,AgentPrefab,Agent,MoveState,Moving,Goal,20.00,0.00,20.00,11.12,0.00,13.12,12.00,0.00,14.00,DStar
3362,8.82,AgentPrefab,Agent,MoveState,Moving,Goal,20.00,0.00,20.00,11.12,0.00,13.12,12.00,0.00,14.00,DStar
3363,8.83,AgentPrefab,Agent,MoveState,Moving,Goal,20.00,0.00,20.00,11.13,0.00,13.13,12.00,0.00,14.00,DStar
3364,8.83,AgentPrefab,Agent,MoveState,Moving,Goal,20.00,0.00,20.00,11.13,0.00,13.13,12.00,0.00,14.00,DStar
3365,8.83,AgentPrefab,Agent,MoveState,Moving,Goal,20.00,0.00,20.00,11.13,0.00,13.13,12.00,0.00,14.00,DStar
3366,8.83,AgentPrefab,Agent,MoveState,Moving,Goal,20.00,0.00,20.00,11.14,0.00,13.14,12.00,0.00,14.00,DStar
3367,8.84,AgentPrefab,Agent,MoveState,Moving,Goal,20.00,0.00,20.00,11.14,0.00,13.14,12.00,0.00,14.00,DStar
3368,8.84,AgentPrefab,Agent,MoveState,Moving,Goal,20.00,0.00,20.00,11.14,0.00,13.14,12.00,0.00,14.00,DStar
3369,8.84,AgentPrefab,Agent,MoveState,Moving,Goal,20.00,0.00,20.00,11.15,0.00,13.15,12.00,0.00,14.00,DStar
3370,8.84,AgentPrefab,Agent,MoveState,Moving,Goal,20.00,0.00,20.00,11.15,0.00,13.15,12.00,0.00,14.00,DStar
3371,8.85,AgentPrefab,Agent,MoveState,Moving,Goal,20.00,0.00,20.00,11.15,0.00,13.15,12.00,0.00,14.00,DStar
3372,8.85,AgentPrefab,Agent,MoveState,Moving,Goal,20.00,0.00,20.00,11.16,0.00,13.16,12.00,0.00,14.00,DStar
3373,8.85,AgentPrefab,Agent,MoveState,Moving,Goal,20.00,0.00,20.00,11.16,0.00,13.16,12.00,0.00,14.00,DStar
3374,8.85,AgentPrefab,Agent,MoveState,Moving,Goal,20.00,0.00,20.00,11.16,0.00,13.16,12.00,0.00,14.00,DStar
3375,8.86,AgentPrefab,Agent,MoveState,Moving,Goal,20.00,0.00,20.00,11.17,0.00,13.17,12.00,0.00,14.00,DStar
3376,8.86,AgentPrefab,Agent,MoveState,Moving,Goal,20.00,0.00,20.00,11.17,0.00,13.17,12.00,0.00,14.00,DStar
3377,8.86,AgentPrefab,Agent,MoveState,Moving,Goal,20.00,0.00,20.00,11.18,0.00,13.18,12.00,0.00,14.00,DStar
3378,8.86,AgentPrefab,Agent,MoveState,Moving,Goal,20.00,0.00,20.00,11.18,0.00,13.18,12.00,0.00,14.00,DStar
3379,8.87,AgentPrefab,Agent,MoveState,Moving,Goal,20.00,0.00,20.00,11.18,0.00,13.18,12.00,0.00,14.00,DStar
3380,8.87,AgentPrefab,Agent,MoveState,Moving,Goal,20.00,0.00,20.00,11.19,0.00,13.19,12.00,0.00,14.00,DStar
3381,8.87,AgentPrefab,Agent,MoveState,Moving,Goal,20.00,0.00,20.00,11.19,0.00,13.19,12.00,0.00,14.00,DStar
3382,8.88,AgentPrefab,Agent,MoveState,Moving,Goal,20.00,0.00,20.00,11.20,0.00,13.20,12.00,0.00,14.00,DStar
3383,8.88,AgentPrefab,Agent,MoveState,Moving,Goal,20.00,0.00,20.00,11.20,0.00,13.20,12.00,0.00,14.00,DStar
3384,8.88,AgentPrefab,Agent,MoveState,Moving,Goal,20.00,0.00,20.00,11.20,0.00,13.20,12.00,0.00,14.00,DStar
3385,8.88,AgentPrefab,Agent,MoveState,Moving,Goal,20.00,0.00,20.00,11.21,0.00,13.21,12.00,0.00,14.00,DStar
3386,8.89,AgentPrefab,Agent,MoveState,Moving,Goal,20.00,0.00,20.00,11.21,0.00,13.21,12.00,0.00,14.00,DStar
3387,8.89,AgentPrefab,Agent,MoveState,Moving,Goal,20.00,0.00,20.00,11.22,0.00,13.22,12.00,0.00,14.00,DStar
3388,8.89,AgentPrefab,Agent,MoveState,Moving,Goal,20.00,0.00,20.00,11.22,0.00,13.22,12.00,0.00,14.00,DStar
3389,8.89,AgentPrefab,Agent,MoveState,Moving,Goal,20.00,0.00,20.00,11.22,0.00,13.22,12.00,0.00,14.00,DStar
3390,8.90,AgentPrefab,Agent,MoveState,Moving,Goal,20.00,0.00,20.00,11.23,0.00,13.23,12.00,0.00,14.00,DStar
3391,8.90,AgentPrefab,Agent,MoveState,Moving,Goal,20.00,0.00,20.00,11.23,0.00,13.23,12.00,0.00,14.00,DStar
3392,8.90,AgentPrefab,Agent,MoveState,Moving,Goal,20.00,0.00,20.00,11.23,0.00,13.23,12.00,0.00,14.00,DStar
3393,8.90,AgentPrefab,Agent,MoveState,Moving,Goal,20.00,0.00,20.00,11.24,0.00,13.24,12.00,0.00,14.00,DStar
3394,8.91,AgentPrefab,Agent,MoveState,Moving,Goal,20.00,0.00,20.00,11.24,0.00,13.24,12.00,0.00,14.00,DStar
3395,8.91,AgentPrefab,Agent,MoveState,Moving,Goal,20.00,0.00,20.00,11.25,0.00,13.25,12.00,0.00,14.00,DStar
3396,8.91,AgentPrefab,Agent,MoveState,Moving,Goal,20.00,0.00,20.00,11.25,0.00,13.25,12.00,0.00,14.00,DStar
3397,8.92,AgentPrefab,Agent,MoveState,Moving,Goal,20.00,0.00,20.00,11.25,0.00,13.25,12.00,0.00,14.00,DStar
3398,8.92,AgentPrefab,Agent,MoveState,Moving,Goal,20.00,0.00,20.00,11.26,0.00,13.26,12.00,0.00,14.00,DStar
3399,8.92,AgentPrefab,Agent,MoveState,Moving,Goal,20.00,0.00,20.00,11.26,0.00,13.26,12.00,0.00,14.00,DStar
3400,8.92,AgentPrefab,Agent,MoveState,Moving,Goal,20.00,0.00,20.00,11.26,0.00,13.26,12.00,0.00,14.00,DStar
3401,8.93,AgentPrefab,Agent,MoveState,Moving,Goal,20.00,0.00,20.00,11.27,0.00,13.27,12.00,0.00,14.00,DStar
3402,8.93,AgentPrefab,Agent,MoveState,Moving,Goal,20.00,0.00,20.00,11.27,0.00,13.27,12.00,0.00,14.00,DStar
3403,8.93,AgentPrefab,Agent,MoveState,Moving,Goal,20.00,0.00,20.00,11.27,0.00,13.27,12.00,0.00,14.00,DStar
3404,8.93,AgentPrefab,Agent,MoveState,Moving,Goal,20.00,0.00,20.00,11.28,0.00,13.28,12.00,0.00,14.00,DStar
3405,8.94,AgentPrefab,Agent,MoveState,Moving,Goal,20.00,0.00,20.00,11.28,0.00,13.28,12.00,0.00,14.00,DStar
3406,8.94,AgentPrefab,Agent,MoveState,Moving,Goal,20.00,0.00,20.00,11.28,0.00,13.28,12.00,0.00,14.00,DStar
3407,8.94,AgentPrefab,Agent,MoveState,Moving,Goal,20.00,0.00,20.00,11.29,0.00,13.29,12.00,0.00,14.00,DStar
3408,8.95,AgentPrefab,Agent,MoveState,Moving,Goal,20.00,0.00,20.00,11.29,0.00,13.29,12.00,0.00,14.00,DStar
3409,8.95,AgentPrefab,Agent,MoveState,Moving,Goal,20.00,0.00,20.00,11.30,0.00,13.30,12.00,0.00,14.00,DStar
3410,8.95,AgentPrefab,Agent,MoveState,Moving,Goal,20.00,0.00,20.00,11.30,0.00,13.30,12.00,0.00,14.00,DStar
3411,8.95,AgentPrefab,Agent,MoveState,Moving,Goal,20.00,0.00,20.00,11.30,0.00,13.30,12.00,0.00,14.00,DStar
3412,8.96,AgentPrefab,Agent,MoveState,Moving,Goal,20.00,0.00,20.00,11.31,0.00,13.31,12.00,0.00,14.00,DStar
3413,8.96,AgentPrefab,Agent,MoveState,Moving,Goal,20.00,0.00,20.00,11.31,0.00,13.31,12.00,0.00,14.00,DStar
3414,8.96,AgentPrefab,Agent,MoveState,Moving,Goal,20.00,0.00,20.00,11.32,0.00,13.32,12.00,0.00,14.00,DStar
3415,8.96,AgentPrefab,Agent,MoveState,Moving,Goal,20.00,0.00,20.00,11.32,0.00,13.32,12.00,0.00,14.00,DStar
3416,8.97,AgentPrefab,Agent,MoveState,Moving,Goal,20.00,0.00,20.00,11.32,0.00,13.32,12.00,0.00,14.00,DStar
3417,8.97,AgentPrefab,Agent,MoveState,Moving,Goal,20.00,0.00,20.00,11.33,0.00,13.33,12.00,0.00,14.00,DStar
3418,8.97,AgentPrefab,Agent,MoveState,Moving,Goal,20.00,0.00,20.00,11.33,0.00,13.33,12.00,0.00,14.00,DStar
3419,8.97,AgentPrefab,Agent,MoveState,Moving,Goal,20.00,0.00,20.00,11.33,0.00,13.33,12.00,0.00,14.00,DStar
3420,8.98,AgentPrefab,Agent,MoveState,Moving,Goal,20.00,0.00,20.00,11.34,0.00,13.34,12.00,0.00,14.00,DStar
3421,8.98,AgentPrefab,Agent,MoveState,Moving,Goal,20.00,0.00,20.00,11.34,0.00,13.34,12.00,0.00,14.00,DStar
3422,8.98,AgentPrefab,Agent,MoveState,Moving,Goal,20.00,0.00,20.00,11.34,0.00,13.34,12.00,0.00,14.00,DStar
3423,8.98,AgentPrefab,Agent,MoveState,Moving,Goal,20.00,0.00,20.00,11.35,0.00,13.35,12.00,0.00,14.00,DStar
3424,8.99,AgentPrefab,Agent,MoveState,Moving,Goal,20.00,0.00,20.00,11.35,0.00,13.35,11.35,0.00,13.35,DStar
3425,8.99,AgentPrefab,Agent,MoveState,Moving,Goal,20.00,0.00,20.00,11.35,0.00,13.35,12.00,0.00,14.00,DStar
3426,8.99,AgentPrefab,Agent,MoveState,Moving,Goal,20.00,0.00,20.00,11.36,0.00,13.36,12.00,0.00,14.00,DStar
3427,8.99,AgentPrefab,Agent,MoveState,Moving,Goal,20.00,0.00,20.00,11.36,0.00,13.36,12.00,0.00,14.00,DStar
3428,9.00,AgentPrefab,Agent,MoveState,Moving,Goal,20.00,0.00,20.00,11.36,0.00,13.36,12.00,0.00,14.00,DStar
3429,9.00,AgentPrefab,Agent,MoveState,Moving,Goal,20.00,0.00,20.00,11.37,0.00,13.37,12.00,0.00,14.00,DStar
3430,9.00,AgentPrefab,Agent,MoveState,Moving,Goal,20.00,0.00,20.00,11.37,0.00,13.37,12.00,0.00,14.00,DStar
3431,9.00,AgentPrefab,Agent,MoveState,Moving,Goal,20.00,0.00,20.00,11.37,0.00,13.37,12.00,0.00,14.00,DStar
3432,9.01,AgentPrefab,Agent,MoveState,Moving,Goal,20.00,0.00,20.00,11.38,0.00,13.38,12.00,0.00,14.00,DStar
3433,9.01,AgentPrefab,Agent,MoveState,Moving,Goal,20.00,0.00,20.00,11.38,0.00,13.38,12.00,0.00,14.00,DStar
3434,9.01,AgentPrefab,Agent,MoveState,Moving,Goal,20.00,0.00,20.00,11.38,0.00,13.38,12.00,0.00,14.00,DStar
3435,9.01,AgentPrefab,Agent,MoveState,Moving,Goal,20.00,0.00,20.00,11.39,0.00,13.39,12.00,0.00,14.00,DStar
3436,9.01,AgentPrefab,Agent,MoveState,Moving,Goal,20.00,0.00,20.00,11.39,0.00,13.39,12.00,0.00,14.00,DStar
3437,9.02,AgentPrefab,Agent,MoveState,Moving,Goal,20.00,0.00,20.00,11.39,0.00,13.39,12.00,0.00,14.00,DStar
3438,9.02,AgentPrefab,Agent,MoveState,Moving,Goal,20.00,0.00,20.00,11.40,0.00,13.40,12.00,0.00,14.00,DStar
3439,9.02,AgentPrefab,Agent,MoveState,Moving,Goal,20.00,0.00,20.00,11.40,0.00,13.40,12.00,0.00,14.00,DStar
3440,9.03,AgentPrefab,Agent,MoveState,Moving,Goal,20.00,0.00,20.00,11.40,0.00,13.40,12.00,0.00,14.00,DStar
3441,9.03,AgentPrefab,Agent,MoveState,Moving,Goal,20.00,0.00,20.00,11.41,0.00,13.41,12.00,0.00,14.00,DStar
3442,9.03,AgentPrefab,Agent,MoveState,Moving,Goal,20.00,0.00,20.00,11.41,0.00,13.41,12.00,0.00,14.00,DStar
3443,9.03,AgentPrefab,Agent,MoveState,Moving,Goal,20.00,0.00,20.00,11.41,0.00,13.41,12.00,0.00,14.00,DStar
3444,9.03,AgentPrefab,Agent,MoveState,Moving,Goal,20.00,0.00,20.00,11.42,0.00,13.42,12.00,0.00,14.00,DStar
3445,9.04,AgentPrefab,Agent,MoveState,Moving,Goal,20.00,0.00,20.00,11.42,0.00,13.42,12.00,0.00,14.00,DStar
3446,9.04,AgentPrefab,Agent,MoveState,Moving,Goal,20.00,0.00,20.00,11.42,0.00,13.42,12.00,0.00,14.00,DStar
3447,9.04,AgentPrefab,Agent,MoveState,Moving,Goal,20.00,0.00,20.00,11.43,0.00,13.43,12.00,0.00,14.00,DStar
3448,9.04,AgentPrefab,Agent,MoveState,Moving,Goal,20.00,0.00,20.00,11.43,0.00,13.43,12.00,0.00,14.00,DStar
3449,9.05,AgentPrefab,Agent,MoveState,Moving,Goal,20.00,0.00,20.00,11.43,0.00,13.43,12.00,0.00,14.00,DStar
3450,9.05,AgentPrefab,Agent,MoveState,Moving,Goal,20.00,0.00,20.00,11.44,0.00,13.44,12.00,0.00,14.00,DStar
3451,9.05,AgentPrefab,Agent,MoveState,Moving,Goal,20.00,0.00,20.00,11.44,0.00,13.44,12.00,0.00,14.00,DStar
3452,9.05,AgentPrefab,Agent,MoveState,Moving,Goal,20.00,0.00,20.00,11.44,0.00,13.44,12.00,0.00,14.00,DStar
3453,9.06,AgentPrefab,Agent,MoveState,Moving,Goal,20.00,0.00,20.00,11.45,0.00,13.45,12.00,0.00,14.00,DStar
3454,9.06,AgentPrefab,Agent,MoveState,Moving,Goal,20.00,0.00,20.00,11.45,0.00,13.45,12.00,0.00,14.00,DStar
3455,9.06,AgentPrefab,Agent,MoveState,Moving,Goal,20.00,0.00,20.00,11.45,0.00,13.45,12.00,0.00,14.00,DStar
3456,9.06,AgentPrefab,Agent,MoveState,Moving,Goal,20.00,0.00,20.00,11.46,0.00,13.46,12.00,0.00,14.00,DStar
3457,9.07,AgentPrefab,Agent,MoveState,Moving,Goal,20.00,0.00,20.00,11.46,0.00,13.46,12.00,0.00,14.00,DStar
3458,9.07,AgentPrefab,Agent,MoveState,Moving,Goal,20.00,0.00,20.00,11.46,0.00,13.46,12.00,0.00,14.00,DStar
3459,9.07,AgentPrefab,Agent,MoveState,Moving,Goal,20.00,0.00,20.00,11.47,0.00,13.47,12.00,0.00,14.00,DStar
3460,9.08,AgentPrefab,Agent,MoveState,Moving,Goal,20.00,0.00,20.00,11.47,0.00,13.47,12.00,0.00,14.00,DStar
3461,9.08,AgentPrefab,Agent,MoveState,Moving,Goal,20.00,0.00,20.00,11.48,0.00,13.48,12.00,0.00,14.00,DStar
3462,9.08,AgentPrefab,Agent,MoveState,Moving,Goal,20.00,0.00,20.00,11.49,0.00,13.49,12.00,0.00,14.00,DStar
3463,9.08,AgentPrefab,Agent,MoveState,Moving,Goal,20.00,0.00,20.00,11.49,0.00,13.49,12.00,0.00,14.00,DStar
3464,9.09,AgentPrefab,Agent,MoveState,Moving,Goal,20.00,0.00,20.00,11.49,0.00,13.49,12.00,0.00,14.00,DStar
3465,9.09,AgentPrefab,Agent,MoveState,Moving,Goal,20.00,0.00,20.00,11.50,0.00,13.50,12.00,0.00,14.00,DStar
3466,9.09,AgentPrefab,Agent,MoveState,Moving,Goal,20.00,0.00,20.00,11.50,0.00,13.50,12.00,0.00,14.00,DStar
3467,9.09,AgentPrefab,Agent,MoveState,Moving,Goal,20.00,0.00,20.00,11.50,0.00,13.50,12.00,0.00,14.00,DStar
3468,9.10,AgentPrefab,Agent,MoveState,Moving,Goal,20.00,0.00,20.00,11.51,0.00,13.51,12.00,0.00,14.00,DStar
3469,9.10,AgentPrefab,Agent,MoveState,Moving,Goal,20.00,0.00,20.00,11.51,0.00,13.51,12.00,0.00,14.00,DStar
3470,9.10,AgentPrefab,Agent,MoveState,Moving,Goal,20.00,0.00,20.00,11.51,0.00,13.51,12.00,0.00,14.00,DStar
3471,9.11,AgentPrefab,Agent,MoveState,Moving,Goal,20.00,0.00,20.00,11.52,0.00,13.52,12.00,0.00,14.00,DStar
3472,9.11,AgentPrefab,Agent,MoveState,Moving,Goal,20.00,0.00,20.00,11.52,0.00,13.52,12.00,0.00,14.00,DStar
3473,9.11,AgentPrefab,Agent,MoveState,Moving,Goal,20.00,0.00,20.00,11.52,0.00,13.52,12.00,0.00,14.00,DStar
3474,9.11,AgentPrefab,Agent,MoveState,Moving,Goal,20.00,0.00,20.00,11.53,0.00,13.53,12.00,0.00,14.00,DStar
3475,9.11,AgentPrefab,Agent,MoveState,Moving,Goal,20.00,0.00,20.00,11.53,0.00,13.53,12.00,0.00,14.00,DStar
3476,9.12,AgentPrefab,Agent,MoveState,Moving,Goal,20.00,0.00,20.00,11.53,0.00,13.53,12.00,0.00,14.00,DStar
3477,9.12,AgentPrefab,Agent,MoveState,Moving,Goal,20.00,0.00,20.00,11.54,0.00,13.54,12.00,0.00,14.00,DStar
3478,9.12,AgentPrefab,Agent,MoveState,Moving,Goal,20.00,0.00,20.00,11.54,0.00,13.54,12.00,0.00,14.00,DStar
3479,9.13,AgentPrefab,Agent,MoveState,Moving,Goal,20.00,0.00,20.00,11.55,0.00,13.55,12.00,0.00,14.00,DStar
3480,9.13,AgentPrefab,Agent,MoveState,Moving,Goal,20.00,0.00,20.00,11.55,0.00,13.55,12.00,0.00,14.00,DStar
3481,9.13,AgentPrefab,Agent,MoveState,Moving,Goal,20.00,0.00,20.00,11.55,0.00,13.55,12.00,0.00,14.00,DStar
3482,9.13,AgentPrefab,Agent,MoveState,Moving,Goal,20.00,0.00,20.00,11.56,0.00,13.56,12.00,0.00,14.00,DStar
3483,9.13,AgentPrefab,Agent,MoveState,Moving,Goal,20.00,0.00,20.00,11.56,0.00,13.56,12.00,0.00,14.00,DStar
3484,9.14,AgentPrefab,Agent,MoveState,Moving,Goal,20.00,0.00,20.00,11.56,0.00,13.56,12.00,0.00,14.00,DStar
3485,9.14,AgentPrefab,Agent,MoveState,Moving,Goal,20.00,0.00,20.00,11.57,0.00,13.57,12.00,0.00,14.00,DStar
3486,9.14,AgentPrefab,Agent,MoveState,Moving,Goal,20.00,0.00,20.00,11.57,0.00,13.57,12.00,0.00,14.00,DStar
3487,9.14,AgentPrefab,Agent,MoveState,Moving,Goal,20.00,0.00,20.00,11.57,0.00,13.57,12.00,0.00,14.00,DStar
3488,9.15,AgentPrefab,Agent,MoveState,Moving,Goal,20.00,0.00,20.00,11.58,0.00,13.58,12.00,0.00,14.00,DStar
3489,9.15,AgentPrefab,Agent,MoveState,Moving,Goal,20.00,0.00,20.00,11.58,0.00,13.58,12.00,0.00,14.00,DStar
3490,9.15,AgentPrefab,Agent,MoveState,Moving,Goal,20.00,0.00,20.00,11.58,0.00,13.58,12.00,0.00,14.00,DStar
3491,9.15,AgentPrefab,Agent,MoveState,Moving,Goal,20.00,0.00,20.00,11.58,0.00,13.58,12.00,0.00,14.00,DStar
3492,9.16,AgentPrefab,Agent,MoveState,Moving,Goal,20.00,0.00,20.00,11.59,0.00,13.59,12.00,0.00,14.00,DStar
3493,9.16,AgentPrefab,Agent,MoveState,Moving,Goal,20.00,0.00,20.00,11.59,0.00,13.59,12.00,0.00,14.00,DStar
3494,9.16,AgentPrefab,Agent,MoveState,Moving,Goal,20.00,0.00,20.00,11.60,0.00,13.60,12.00,0.00,14.00,DStar
3495,9.16,AgentPrefab,Agent,MoveState,Moving,Goal,20.00,0.00,20.00,11.60,0.00,13.60,12.00,0.00,14.00,DStar
3496,9.17,AgentPrefab,Agent,MoveState,Moving,Goal,20.00,0.00,20.00,11.60,0.00,13.60,12.00,0.00,14.00,DStar
3497,9.17,AgentPrefab,Agent,MoveState,Moving,Goal,20.00,0.00,20.00,11.61,0.00,13.61,12.00,0.00,14.00,DStar
3498,9.17,AgentPrefab,Agent,MoveState,Moving,Goal,20.00,0.00,20.00,11.61,0.00,13.61,12.00,0.00,14.00,DStar
3499,9.17,AgentPrefab,Agent,MoveState,Moving,Goal,20.00,0.00,20.00,11.62,0.00,13.62,12.00,0.00,14.00,DStar
3500,9.18,AgentPrefab,Agent,MoveState,Moving,Goal,20.00,0.00,20.00,11.62,0.00,13.62,12.00,0.00,14.00,DStar
3501,9.18,AgentPrefab,Agent,MoveState,Moving,Goal,20.00,0.00,20.00,11.62,0.00,13.62,12.00,0.00,14.00,DStar
3502,9.18,AgentPrefab,Agent,MoveState,Moving,Goal,20.00,0.00,20.00,11.63,0.00,13.63,12.00,0.00,14.00,DStar
3503,9.18,AgentPrefab,Agent,MoveState,Moving,Goal,20.00,0.00,20.00,11.63,0.00,13.63,12.00,0.00,14.00,DStar
3504,9.19,AgentPrefab,Agent,MoveState,Moving,Goal,20.00,0.00,20.00,11.63,0.00,13.63,12.00,0.00,14.00,DStar
3505,9.19,AgentPrefab,Agent,MoveState,Moving,Goal,20.00,0.00,20.00,11.64,0.00,13.64,12.00,0.00,14.00,DStar
3506,9.19,AgentPrefab,Agent,MoveState,Moving,Goal,20.00,0.00,20.00,11.64,0.00,13.64,12.00,0.00,14.00,DStar
3507,9.20,AgentPrefab,Agent,MoveState,Moving,Goal,20.00,0.00,20.00,11.65,0.00,13.65,12.00,0.00,14.00,DStar
3508,9.20,AgentPrefab,Agent,MoveState,Moving,Goal,20.00,0.00,20.00,11.65,0.00,13.65,12.00,0.00,14.00,DStar
3509,9.20,AgentPrefab,Agent,MoveState,Moving,Goal,20.00,0.00,20.00,11.65,0.00,13.65,12.00,0.00,14.00,DStar
3510,9.20,AgentPrefab,Agent,MoveState,Moving,Goal,20.00,0.00,20.00,11.66,0.00,13.66,12.00,0.00,14.00,DStar
3511,9.21,AgentPrefab,Agent,MoveState,Moving,Goal,20.00,0.00,20.00,11.66,0.00,13.66,12.00,0.00,14.00,DStar
3512,9.21,AgentPrefab,Agent,MoveState,Moving,Goal,20.00,0.00,20.00,11.66,0.00,13.66,12.00,0.00,14.00,DStar
3513,9.21,AgentPrefab,Agent,MoveState,Moving,Goal,20.00,0.00,20.00,11.67,0.00,13.67,12.00,0.00,14.00,DStar
3514,9.21,AgentPrefab,Agent,MoveState,Moving,Goal,20.00,0.00,20.00,11.67,0.00,13.67,12.00,0.00,14.00,DStar
3515,9.22,AgentPrefab,Agent,MoveState,Moving,Goal,20.00,0.00,20.00,11.67,0.00,13.67,12.00,0.00,14.00,DStar
3516,9.22,AgentPrefab,Agent,MoveState,Moving,Goal,20.00,0.00,20.00,11.68,0.00,13.68,12.00,0.00,14.00,DStar
3517,9.22,AgentPrefab,Agent,MoveState,Moving,Goal,20.00,0.00,20.00,11.68,0.00,13.68,12.00,0.00,14.00,DStar
3518,9.22,AgentPrefab,Agent,MoveState,Moving,Goal,20.00,0.00,20.00,11.68,0.00,13.68,12.00,0.00,14.00,DStar
3519,9.22,AgentPrefab,Agent,MoveState,Moving,Goal,20.00,0.00,20.00,11.69,0.00,13.69,12.00,0.00,14.00,DStar
3520,9.23,AgentPrefab,Agent,MoveState,Moving,Goal,20.00,0.00,20.00,11.69,0.00,13.69,12.00,0.00,14.00,DStar
3521,9.23,AgentPrefab,Agent,MoveState,Moving,Goal,20.00,0.00,20.00,11.69,0.00,13.69,12.00,0.00,14.00,DStar
3522,9.23,AgentPrefab,Agent,MoveState,Moving,Goal,20.00,0.00,20.00,11.70,0.00,13.70,12.00,0.00,14.00,DStar
3523,9.23,AgentPrefab,Agent,MoveState,Moving,Goal,20.00,0.00,20.00,11.70,0.00,13.70,12.00,0.00,14.00,DStar
3524,9.24,AgentPrefab,Agent,MoveState,Moving,Goal,20.00,0.00,20.00,11.70,0.00,13.70,12.00,0.00,14.00,DStar
3525,9.24,AgentPrefab,Agent,MoveState,Moving,Goal,20.00,0.00,20.00,11.71,0.00,13.71,12.00,0.00,14.00,DStar
3526,9.24,AgentPrefab,Agent,MoveState,Moving,Goal,20.00,0.00,20.00,11.71,0.00,13.71,12.00,0.00,14.00,DStar
3527,9.24,AgentPrefab,Agent,MoveState,Moving,Goal,20.00,0.00,20.00,11.71,0.00,13.71,12.00,0.00,14.00,DStar
3528,9.25,AgentPrefab,Agent,MoveState,Moving,Goal,20.00,0.00,20.00,11.72,0.00,13.72,12.00,0.00,14.00,DStar
3529,9.25,AgentPrefab,Agent,MoveState,Moving,Goal,20.00,0.00,20.00,11.72,0.00,13.72,12.00,0.00,14.00,DStar
3530,9.25,AgentPrefab,Agent,MoveState,Moving,Goal,20.00,0.00,20.00,11.72,0.00,13.72,12.00,0.00,14.00,DStar
3531,9.25,AgentPrefab,Agent,MoveState,Moving,Goal,20.00,0.00,20.00,11.73,0.00,13.73,12.00,0.00,14.00,DStar
3532,9.26,AgentPrefab,Agent,MoveState,Moving,Goal,20.00,0.00,20.00,11.73,0.00,13.73,12.00,0.00,14.00,DStar
3533,9.26,AgentPrefab,Agent,MoveState,Moving,Goal,20.00,0.00,20.00,11.73,0.00,13.73,12.00,0.00,14.00,DStar
3534,9.26,AgentPrefab,Agent,MoveState,Moving,Goal,20.00,0.00,20.00,11.74,0.00,13.74,12.00,0.00,14.00,DStar
3535,9.26,AgentPrefab,Agent,MoveState,Moving,Goal,20.00,0.00,20.00,11.74,0.00,13.74,12.00,0.00,14.00,DStar
3536,9.26,AgentPrefab,Agent,MoveState,Moving,Goal,20.00,0.00,20.00,11.74,0.00,13.74,12.00,0.00,14.00,DStar
3537,9.27,AgentPrefab,Agent,MoveState,Moving,Goal,20.00,0.00,20.00,11.75,0.00,13.75,12.00,0.00,14.00,DStar
3538,9.27,AgentPrefab,Agent,MoveState,Moving,Goal,20.00,0.00,20.00,11.75,0.00,13.75,12.00,0.00,14.00,DStar
3539,9.27,AgentPrefab,Agent,MoveState,Moving,Goal,20.00,0.00,20.00,11.75,0.00,13.75,12.00,0.00,14.00,DStar
3540,9.28,AgentPrefab,Agent,MoveState,Moving,Goal,20.00,0.00,20.00,11.76,0.00,13.76,12.00,0.00,14.00,DStar
3541,9.28,AgentPrefab,Agent,MoveState,Moving,Goal,20.00,0.00,20.00,11.76,0.00,13.76,12.00,0.00,14.00,DStar
3542,9.28,AgentPrefab,Agent,MoveState,Moving,Goal,20.00,0.00,20.00,11.77,0.00,13.77,12.00,0.00,14.00,DStar
3543,9.28,AgentPrefab,Agent,MoveState,Moving,Goal,20.00,0.00,20.00,11.77,0.00,13.77,12.00,0.00,14.00,DStar
3544,9.29,AgentPrefab,Agent,MoveState,Moving,Goal,20.00,0.00,20.00,11.77,0.00,13.77,12.00,0.00,14.00,DStar
3545,9.29,AgentPrefab,Agent,MoveState,Moving,Goal,20.00,0.00,20.00,11.78,0.00,13.78,12.00,0.00,14.00,DStar
3546,9.29,AgentPrefab,Agent,MoveState,Moving,Goal,20.00,0.00,20.00,11.78,0.00,13.78,12.00,0.00,14.00,DStar
3547,9.30,AgentPrefab,Agent,MoveState,Moving,Goal,20.00,0.00,20.00,11.79,0.00,13.79,12.00,0.00,14.00,DStar
3548,9.30,AgentPrefab,Agent,MoveState,Moving,Goal,20.00,0.00,20.00,11.79,0.00,13.79,12.00,0.00,14.00,DStar
3549,9.30,AgentPrefab,Agent,MoveState,Moving,Goal,20.00,0.00,20.00,11.79,0.00,13.79,12.00,0.00,14.00,DStar
3550,9.30,AgentPrefab,Agent,MoveState,Moving,Goal,20.00,0.00,20.00,11.80,0.00,13.80,12.00,0.00,14.00,DStar
3551,9.30,AgentPrefab,Agent,MoveState,Moving,Goal,20.00,0.00,20.00,11.80,0.00,13.80,12.00,0.00,14.00,DStar
3552,9.31,AgentPrefab,Agent,MoveState,Moving,Goal,20.00,0.00,20.00,11.80,0.00,13.80,12.00,0.00,14.00,DStar
3553,9.31,AgentPrefab,Agent,MoveState,Moving,Goal,20.00,0.00,20.00,11.81,0.00,13.81,12.00,0.00,14.00,DStar
3554,9.31,AgentPrefab,Agent,MoveState,Moving,Goal,20.00,0.00,20.00,11.81,0.00,13.81,12.00,0.00,14.00,DStar
3555,9.31,AgentPrefab,Agent,MoveState,Moving,Goal,20.00,0.00,20.00,11.81,0.00,13.81,12.00,0.00,14.00,DStar
3556,9.32,AgentPrefab,Agent,MoveState,Moving,Goal,20.00,0.00,20.00,11.82,0.00,13.82,12.00,0.00,14.00,DStar
3557,9.32,AgentPrefab,Agent,MoveState,Moving,Goal,20.00,0.00,20.00,11.82,0.00,13.82,12.00,0.00,14.00,DStar
3558,9.32,AgentPrefab,Agent,MoveState,Moving,Goal,20.00,0.00,20.00,11.82,0.00,13.82,12.00,0.00,14.00,DStar
3559,9.32,AgentPrefab,Agent,MoveState,Moving,Goal,20.00,0.00,20.00,11.83,0.00,13.83,12.00,0.00,14.00,DStar
3560,9.33,AgentPrefab,Agent,MoveState,Moving,Goal,20.00,0.00,20.00,11.83,0.00,13.83,12.00,0.00,14.00,DStar
3561,9.33,AgentPrefab,Agent,MoveState,Moving,Goal,20.00,0.00,20.00,11.83,0.00,13.83,12.00,0.00,14.00,DStar
3562,9.33,AgentPrefab,Agent,MoveState,Moving,Goal,20.00,0.00,20.00,11.84,0.00,13.84,12.00,0.00,14.00,DStar
3563,9.33,AgentPrefab,Agent,MoveState,Moving,Goal,20.00,0.00,20.00,11.84,0.00,13.84,12.00,0.00,14.00,DStar
3564,9.34,AgentPrefab,Agent,MoveState,Moving,Goal,20.00,0.00,20.00,11.84,0.00,13.84,12.00,0.00,14.00,DStar
3565,9.34,AgentPrefab,Agent,MoveState,Moving,Goal,20.00,0.00,20.00,11.85,0.00,13.85,12.00,0.00,14.00,DStar
3566,9.34,AgentPrefab,Agent,MoveState,Moving,Goal,20.00,0.00,20.00,11.85,0.00,13.85,12.00,0.00,14.00,DStar
3567,9.34,AgentPrefab,Agent,MoveState,Moving,Goal,20.00,0.00,20.00,11.86,0.00,13.86,12.00,0.00,14.00,DStar
3568,9.35,AgentPrefab,Agent,MoveState,Moving,Goal,20.00,0.00,20.00,11.86,0.00,13.86,12.00,0.00,14.00,DStar
3569,9.35,AgentPrefab,Agent,MoveState,Moving,Goal,20.00,0.00,20.00,11.86,0.00,13.86,12.00,0.00,14.00,DStar
3570,9.35,AgentPrefab,Agent,MoveState,Moving,Goal,20.00,0.00,20.00,11.86,0.00,13.86,12.00,0.00,14.00,DStar
3571,9.36,AgentPrefab,Agent,MoveState,Moving,Goal,20.00,0.00,20.00,11.87,0.00,13.87,12.00,0.00,14.00,DStar
3572,9.36,AgentPrefab,Agent,MoveState,Moving,Goal,20.00,0.00,20.00,11.88,0.00,13.88,12.00,0.00,14.00,DStar
3573,9.36,AgentPrefab,Agent,MoveState,Moving,Goal,20.00,0.00,20.00,11.88,0.00,13.88,12.00,0.00,14.00,DStar
3574,9.37,AgentPrefab,Agent,MoveState,Moving,Goal,20.00,0.00,20.00,11.89,0.00,13.89,12.00,0.00,14.00,DStar
3575,9.37,AgentPrefab,Agent,MoveState,Moving,Goal,20.00,0.00,20.00,11.89,0.00,13.89,12.00,0.00,14.00,DStar
3576,9.37,AgentPrefab,Agent,MoveState,Moving,Goal,20.00,0.00,20.00,11.89,0.00,13.89,12.00,0.00,14.00,DStar
3577,9.38,AgentPrefab,Agent,MoveState,Moving,Goal,20.00,0.00,20.00,11.90,0.00,13.90,12.00,0.00,14.00,DStar
3578,9.38,AgentPrefab,Agent,MoveState,Moving,Goal,20.00,0.00,20.00,11.90,0.00,13.90,12.00,0.00,14.00,DStar
3579,9.38,AgentPrefab,Agent,MoveState,Moving,Goal,20.00,0.00,20.00,11.91,0.00,13.91,12.00,0.00,14.00,DStar
3580,9.38,AgentPrefab,Agent,MoveState,Moving,Goal,20.00,0.00,20.00,11.91,0.00,13.91,12.00,0.00,14.00,DStar
3581,9.39,AgentPrefab,Agent,MoveState,Moving,Goal,20.00,0.00,20.00,11.91,0.00,13.91,12.00,0.00,14.00,DStar
3582,9.39,AgentPrefab,Agent,MoveState,Moving,Goal,20.00,0.00,20.00,11.92,0.00,13.92,12.00,0.00,14.00,DStar
3583,9.39,AgentPrefab,Agent,MoveState,Moving,Goal,20.00,0.00,20.00,11.92,0.00,13.92,12.00,0.00,14.00,DStar
3584,9.39,AgentPrefab,Agent,MoveState,Moving,Goal,20.00,0.00,20.00,11.92,0.00,13.92,12.00,0.00,14.00,DStar
3585,9.40,AgentPrefab,Agent,MoveState,Moving,Goal,20.00,0.00,20.00,11.93,0.00,13.93,12.00,0.00,14.00,DStar
3586,9.40,AgentPrefab,Agent,MoveState,Moving,Goal,20.00,0.00,20.00,11.93,0.00,13.93,12.00,0.00,14.00,DStar
3587,9.40,AgentPrefab,Agent,MoveState,Moving,Goal,20.00,0.00,20.00,11.93,0.00,13.93,12.00,0.00,14.00,DStar
3588,9.40,AgentPrefab,Agent,MoveState,Moving,Goal,20.00,0.00,20.00,11.94,0.00,13.94,12.00,0.00,14.00,DStar
3589,9.41,AgentPrefab,Agent,MoveState,Moving,Goal,20.00,0.00,20.00,11.94,0.00,13.94,12.00,0.00,14.00,DStar
3590,9.41,AgentPrefab,Agent,MoveState,Moving,Goal,20.00,0.00,20.00,11.95,0.00,13.95,12.00,0.00,14.00,DStar
3591,9.41,AgentPrefab,Agent,MoveState,Moving,Goal,20.00,0.00,20.00,11.95,0.00,13.95,12.00,0.00,14.00,DStar
3592,9.41,AgentPrefab,Agent,MoveState,Moving,Goal,20.00,0.00,20.00,11.95,0.00,13.95,12.00,0.00,14.00,DStar
3593,9.42,AgentPrefab,Agent,MoveState,Moving,Goal,20.00,0.00,20.00,11.96,0.00,13.96,12.00,0.00,14.00,DStar
3594,9.42,AgentPrefab,Agent,MoveState,Moving,Goal,20.00,0.00,20.00,11.96,0.00,13.96,12.00,0.00,14.00,DStar
3595,9.42,AgentPrefab,Agent,MoveState,Moving,Goal,20.00,0.00,20.00,11.96,0.00,13.96,12.00,0.00,14.00,DStar
3596,9.42,AgentPrefab,Agent,MoveState,Moving,Goal,20.00,0.00,20.00,12.00,0.00,14.00,13.00,0.00,15.00,DStar
3597,9.43,AgentPrefab,Agent,MoveState,Moving,Goal,20.00,0.00,20.00,12.00,0.00,14.00,13.00,0.00,15.00,DStar
3598,9.43,AgentPrefab,Agent,MoveState,Moving,Goal,20.00,0.00,20.00,12.01,0.00,14.01,13.00,0.00,15.00,DStar
3599,9.43,AgentPrefab,Agent,MoveState,Moving,Goal,20.00,0.00,20.00,12.01,0.00,14.01,13.00,0.00,15.00,DStar
3600,9.44,AgentPrefab,Agent,MoveState,Moving,Goal,20.00,0.00,20.00,12.02,0.00,14.02,13.00,0.00,15.00,DStar
3601,9.44,AgentPrefab,Agent,MoveState,Moving,Goal,20.00,0.00,20.00,12.02,0.00,14.02,13.00,0.00,15.00,DStar
3602,9.44,AgentPrefab,Agent,MoveState,Moving,Goal,20.00,0.00,20.00,12.03,0.00,14.03,13.00,0.00,15.00,DStar
3603,9.44,AgentPrefab,Agent,MoveState,Moving,Goal,20.00,0.00,20.00,12.03,0.00,14.03,13.00,0.00,15.00,DStar
3604,9.45,AgentPrefab,Agent,MoveState,Moving,Goal,20.00,0.00,20.00,12.03,0.00,14.03,13.00,0.00,15.00,DStar
3605,9.45,AgentPrefab,Agent,MoveState,Moving,Goal,20.00,0.00,20.00,12.04,0.00,14.04,13.00,0.00,15.00,DStar
3606,9.45,AgentPrefab,Agent,MoveState,Moving,Goal,20.00,0.00,20.00,12.04,0.00,14.04,13.00,0.00,15.00,DStar
3607,9.45,AgentPrefab,Agent,MoveState,Moving,Goal,20.00,0.00,20.00,12.04,0.00,14.04,13.00,0.00,15.00,DStar
3608,9.46,AgentPrefab,Agent,MoveState,Moving,Goal,20.00,0.00,20.00,12.05,0.00,14.05,13.00,0.00,15.00,DStar
3609,9.46,AgentPrefab,Agent,MoveState,Moving,Goal,20.00,0.00,20.00,12.05,0.00,14.05,13.00,0.00,15.00,DStar
3610,9.46,AgentPrefab,Agent,MoveState,Moving,Goal,20.00,0.00,20.00,12.05,0.00,14.05,13.00,0.00,15.00,DStar
3611,9.46,AgentPrefab,Agent,MoveState,Moving,Goal,20.00,0.00,20.00,12.06,0.00,14.06,13.00,0.00,15.00,DStar
3612,9.47,AgentPrefab,Agent,MoveState,Moving,Goal,20.00,0.00,20.00,12.06,0.00,14.06,13.00,0.00,15.00,DStar
3613,9.47,AgentPrefab,Agent,MoveState,Moving,Goal,20.00,0.00,20.00,12.06,0.00,14.06,13.00,0.00,15.00,DStar
3614,9.47,AgentPrefab,Agent,MoveState,Moving,Goal,20.00,0.00,20.00,12.07,0.00,14.07,13.00,0.00,15.00,DStar
3615,9.47,AgentPrefab,Agent,MoveState,Moving,Goal,20.00,0.00,20.00,12.07,0.00,14.07,13.00,0.00,15.00,DStar
3616,9.47,AgentPrefab,Agent,MoveState,Moving,Goal,20.00,0.00,20.00,12.07,0.00,14.07,13.00,0.00,15.00,DStar
3617,9.48,AgentPrefab,Agent,MoveState,Moving,Goal,20.00,0.00,20.00,12.08,0.00,14.08,13.00,0.00,15.00,DStar
3618,9.48,AgentPrefab,Agent,MoveState,Moving,Goal,20.00,0.00,20.00,12.08,0.00,14.08,13.00,0.00,15.00,DStar
3619,9.48,AgentPrefab,Agent,MoveState,Moving,Goal,20.00,0.00,20.00,12.08,0.00,14.08,13.00,0.00,15.00,DStar
3620,9.49,AgentPrefab,Agent,MoveState,Moving,Goal,20.00,0.00,20.00,12.09,0.00,14.09,13.00,0.00,15.00,DStar
3621,9.49,AgentPrefab,Agent,MoveState,Moving,Goal,20.00,0.00,20.00,12.09,0.00,14.09,13.00,0.00,15.00,DStar
3622,9.49,AgentPrefab,Agent,MoveState,Moving,Goal,20.00,0.00,20.00,12.10,0.00,14.10,13.00,0.00,15.00,DStar
3623,9.50,AgentPrefab,Agent,MoveState,Moving,Goal,20.00,0.00,20.00,12.10,0.00,14.10,13.00,0.00,15.00,DStar
3624,9.50,AgentPrefab,Agent,MoveState,Moving,Goal,20.00,0.00,20.00,12.11,0.00,14.11,13.00,0.00,15.00,DStar
3625,9.51,AgentPrefab,Agent,MoveState,Moving,Goal,20.00,0.00,20.00,12.11,0.00,14.11,13.00,0.00,15.00,DStar
3626,9.51,AgentPrefab,Agent,MoveState,Moving,Goal,20.00,0.00,20.00,12.12,0.00,14.12,13.00,0.00,15.00,DStar
3627,9.51,AgentPrefab,Agent,MoveState,Moving,Goal,20.00,0.00,20.00,12.12,0.00,14.12,13.00,0.00,15.00,DStar
3628,9.51,AgentPrefab,Agent,MoveState,Moving,Goal,20.00,0.00,20.00,12.13,0.00,14.13,13.00,0.00,15.00,DStar
3629,9.52,AgentPrefab,Agent,MoveState,Moving,Goal,20.00,0.00,20.00,12.13,0.00,14.13,13.00,0.00,15.00,DStar
3630,9.52,AgentPrefab,Agent,MoveState,Moving,Goal,20.00,0.00,20.00,12.13,0.00,14.13,13.00,0.00,15.00,DStar
3631,9.52,AgentPrefab,Agent,MoveState,Moving,Goal,20.00,0.00,20.00,12.14,0.00,14.14,13.00,0.00,15.00,DStar
3632,9.52,AgentPrefab,Agent,MoveState,Moving,Goal,20.00,0.00,20.00,12.14,0.00,14.14,13.00,0.00,15.00,DStar
3633,9.53,AgentPrefab,Agent,MoveState,Moving,Goal,20.00,0.00,20.00,12.15,0.00,14.15,13.00,0.00,15.00,DStar
3634,9.53,AgentPrefab,Agent,MoveState,Moving,Goal,20.00,0.00,20.00,12.15,0.00,14.15,13.00,0.00,15.00,DStar
3635,9.53,AgentPrefab,Agent,MoveState,Moving,Goal,20.00,0.00,20.00,12.15,0.00,14.15,13.00,0.00,15.00,DStar
3636,9.53,AgentPrefab,Agent,MoveState,Moving,Goal,20.00,0.00,20.00,12.16,0.00,14.16,13.00,0.00,15.00,DStar
3637,9.54,AgentPrefab,Agent,MoveState,Moving,Goal,20.00,0.00,20.00,12.16,0.00,14.16,13.00,0.00,15.00,DStar
3638,9.54,AgentPrefab,Agent,MoveState,Moving,Goal,20.00,0.00,20.00,12.16,0.00,14.16,13.00,0.00,15.00,DStar
3639,9.54,AgentPrefab,Agent,MoveState,Moving,Goal,20.00,0.00,20.00,12.17,0.00,14.17,13.00,0.00,15.00,DStar
3640,9.54,AgentPrefab,Agent,MoveState,Moving,Goal,20.00,0.00,20.00,12.17,0.00,14.17,13.00,0.00,15.00,DStar
3641,9.55,AgentPrefab,Agent,MoveState,Moving,Goal,20.00,0.00,20.00,12.17,0.00,14.17,13.00,0.00,15.00,DStar
3642,9.55,AgentPrefab,Agent,MoveState,Moving,Goal,20.00,0.00,20.00,12.18,0.00,14.18,13.00,0.00,15.00,DStar
3643,9.55,AgentPrefab,Agent,MoveState,Moving,Goal,20.00,0.00,20.00,12.18,0.00,14.18,13.00,0.00,15.00,DStar
3644,9.55,AgentPrefab,Agent,MoveState,Moving,Goal,20.00,0.00,20.00,12.18,0.00,14.18,13.00,0.00,15.00,DStar
3645,9.56,AgentPrefab,Agent,MoveState,Moving,Goal,20.00,0.00,20.00,12.19,0.00,14.19,13.00,0.00,15.00,DStar
3646,9.56,AgentPrefab,Agent,MoveState,Moving,Goal,20.00,0.00,20.00,12.19,0.00,14.19,13.00,0.00,15.00,DStar
3647,9.56,AgentPrefab,Agent,MoveState,Moving,Goal,20.00,0.00,20.00,12.19,0.00,14.19,13.00,0.00,15.00,DStar
3648,9.56,AgentPrefab,Agent,MoveState,Moving,Goal,20.00,0.00,20.00,12.20,0.00,14.20,13.00,0.00,15.00,DStar
3649,9.57,AgentPrefab,Agent,MoveState,Moving,Goal,20.00,0.00,20.00,12.20,0.00,14.20,13.00,0.00,15.00,DStar
3650,9.57,AgentPrefab,Agent,MoveState,Moving,Goal,20.00,0.00,20.00,12.20,0.00,14.20,13.00,0.00,15.00,DStar
3651,9.57,AgentPrefab,Agent,MoveState,Moving,Goal,20.00,0.00,20.00,12.21,0.00,14.21,13.00,0.00,15.00,DStar
3652,9.57,AgentPrefab,Agent,MoveState,Moving,Goal,20.00,0.00,20.00,12.21,0.00,14.21,13.00,0.00,15.00,DStar
3653,9.58,AgentPrefab,Agent,MoveState,Moving,Goal,20.00,0.00,20.00,12.22,0.00,14.22,13.00,0.00,15.00,DStar
3654,9.58,AgentPrefab,Agent,MoveState,Moving,Goal,20.00,0.00,20.00,12.22,0.00,14.22,13.00,0.00,15.00,DStar
3655,9.58,AgentPrefab,Agent,MoveState,Moving,Goal,20.00,0.00,20.00,12.22,0.00,14.22,13.00,0.00,15.00,DStar
3656,9.58,AgentPrefab,Agent,MoveState,Moving,Goal,20.00,0.00,20.00,12.23,0.00,14.23,13.00,0.00,15.00,DStar
3657,9.59,AgentPrefab,Agent,MoveState,Moving,Goal,20.00,0.00,20.00,12.23,0.00,14.23,13.00,0.00,15.00,DStar
3658,9.59,AgentPrefab,Agent,MoveState,Moving,Goal,20.00,0.00,20.00,12.23,0.00,14.23,13.00,0.00,15.00,DStar
3659,9.59,AgentPrefab,Agent,MoveState,Moving,Goal,20.00,0.00,20.00,12.24,0.00,14.24,13.00,0.00,15.00,DStar
3660,9.59,AgentPrefab,Agent,MoveState,Moving,Goal,20.00,0.00,20.00,12.24,0.00,14.24,13.00,0.00,15.00,DStar
3661,9.60,AgentPrefab,Agent,MoveState,Moving,Goal,20.00,0.00,20.00,12.24,0.00,14.24,13.00,0.00,15.00,DStar
3662,9.60,AgentPrefab,Agent,MoveState,Moving,Goal,20.00,0.00,20.00,12.25,0.00,14.25,13.00,0.00,15.00,DStar
3663,9.60,AgentPrefab,Agent,MoveState,Moving,Goal,20.00,0.00,20.00,12.25,0.00,14.25,13.00,0.00,15.00,DStar
3664,9.60,AgentPrefab,Agent,MoveState,Moving,Goal,20.00,0.00,20.00,12.25,0.00,14.25,13.00,0.00,15.00,DStar
3665,9.61,AgentPrefab,Agent,MoveState,Moving,Goal,20.00,0.00,20.00,12.26,0.00,14.26,13.00,0.00,15.00,DStar
3666,9.61,AgentPrefab,Agent,MoveState,Moving,Goal,20.00,0.00,20.00,12.26,0.00,14.26,13.00,0.00,15.00,DStar
3667,9.61,AgentPrefab,Agent,MoveState,Moving,Goal,20.00,0.00,20.00,12.26,0.00,14.26,13.00,0.00,15.00,DStar
3668,9.61,AgentPrefab,Agent,MoveState,Moving,Goal,20.00,0.00,20.00,12.27,0.00,14.27,13.00,0.00,15.00,DStar
3669,9.62,AgentPrefab,Agent,MoveState,Moving,Goal,20.00,0.00,20.00,12.27,0.00,14.27,13.00,0.00,15.00,DStar
3670,9.62,AgentPrefab,Agent,MoveState,Moving,Goal,20.00,0.00,20.00,12.27,0.00,14.27,13.00,0.00,15.00,DStar
3671,9.62,AgentPrefab,Agent,MoveState,Moving,Goal,20.00,0.00,20.00,12.28,0.00,14.28,13.00,0.00,15.00,DStar
3672,9.62,AgentPrefab,Agent,MoveState,Moving,Goal,20.00,0.00,20.00,12.28,0.00,14.28,13.00,0.00,15.00,DStar
3673,9.63,AgentPrefab,Agent,MoveState,Moving,Goal,20.00,0.00,20.00,12.29,0.00,14.29,13.00,0.00,15.00,DStar
3674,9.63,AgentPrefab,Agent,MoveState,Moving,Goal,20.00,0.00,20.00,12.29,0.00,14.29,13.00,0.00,15.00,DStar
3675,9.63,AgentPrefab,Agent,MoveState,Moving,Goal,20.00,0.00,20.00,12.29,0.00,14.29,13.00,0.00,15.00,DStar
3676,9.63,AgentPrefab,Agent,MoveState,Moving,Goal,20.00,0.00,20.00,12.30,0.00,14.30,13.00,0.00,15.00,DStar
3677,9.64,AgentPrefab,Agent,MoveState,Moving,Goal,20.00,0.00,20.00,12.30,0.00,14.30,13.00,0.00,15.00,DStar
3678,9.64,AgentPrefab,Agent,MoveState,Moving,Goal,20.00,0.00,20.00,12.30,0.00,14.30,13.00,0.00,15.00,DStar
3679,9.64,AgentPrefab,Agent,MoveState,Moving,Goal,20.00,0.00,20.00,12.31,0.00,14.31,13.00,0.00,15.00,DStar
3680,9.64,AgentPrefab,Agent,MoveState,Moving,Goal,20.00,0.00,20.00,12.31,0.00,14.31,13.00,0.00,15.00,DStar
3681,9.65,AgentPrefab,Agent,MoveState,Moving,Goal,20.00,0.00,20.00,12.31,0.00,14.31,13.00,0.00,15.00,DStar
3682,9.65,AgentPrefab,Agent,MoveState,Moving,Goal,20.00,0.00,20.00,12.32,0.00,14.32,13.00,0.00,15.00,DStar
3683,9.65,AgentPrefab,Agent,MoveState,Moving,Goal,20.00,0.00,20.00,12.32,0.00,14.32,13.00,0.00,15.00,DStar
3684,9.65,AgentPrefab,Agent,MoveState,Moving,Goal,20.00,0.00,20.00,12.32,0.00,14.32,13.00,0.00,15.00,DStar
3685,9.66,AgentPrefab,Agent,MoveState,Moving,Goal,20.00,0.00,20.00,12.33,0.00,14.33,13.00,0.00,15.00,DStar
3686,9.66,AgentPrefab,Agent,MoveState,Moving,Goal,20.00,0.00,20.00,12.33,0.00,14.33,13.00,0.00,15.00,DStar
3687,9.66,AgentPrefab,Agent,MoveState,Moving,Goal,20.00,0.00,20.00,12.34,0.00,14.34,13.00,0.00,15.00,DStar
3688,9.66,AgentPrefab,Agent,MoveState,Moving,Goal,20.00,0.00,20.00,12.34,0.00,14.34,13.00,0.00,15.00,DStar
3689,9.67,AgentPrefab,Agent,MoveState,Moving,Goal,20.00,0.00,20.00,12.34,0.00,14.34,13.00,0.00,15.00,DStar
3690,9.67,AgentPrefab,Agent,MoveState,Moving,Goal,20.00,0.00,20.00,12.34,0.00,14.34,13.00,0.00,15.00,DStar
3691,9.67,AgentPrefab,Agent,MoveState,Moving,Goal,20.00,0.00,20.00,12.35,0.00,14.35,13.00,0.00,15.00,DStar
3692,9.67,AgentPrefab,Agent,MoveState,Moving,Goal,20.00,0.00,20.00,12.35,0.00,14.35,13.00,0.00,15.00,DStar
3693,9.67,AgentPrefab,Agent,MoveState,Moving,Goal,20.00,0.00,20.00,12.36,0.00,14.36,13.00,0.00,15.00,DStar
3694,9.68,AgentPrefab,Agent,MoveState,Moving,Goal,20.00,0.00,20.00,12.36,0.00,14.36,13.00,0.00,15.00,DStar
3695,9.68,AgentPrefab,Agent,MoveState,Moving,Goal,20.00,0.00,20.00,12.36,0.00,14.36,13.00,0.00,15.00,DStar
3696,9.68,AgentPrefab,Agent,MoveState,Moving,Goal,20.00,0.00,20.00,12.37,0.00,14.37,13.00,0.00,15.00,DStar
3697,9.69,AgentPrefab,Agent,MoveState,Moving,Goal,20.00,0.00,20.00,12.37,0.00,14.37,13.00,0.00,15.00,DStar
3698,9.69,AgentPrefab,Agent,MoveState,Moving,Goal,20.00,0.00,20.00,12.37,0.00,14.37,13.00,0.00,15.00,DStar
3699,9.69,AgentPrefab,Agent,MoveState,Moving,Goal,20.00,0.00,20.00,12.38,0.00,14.38,13.00,0.00,15.00,DStar
3700,9.69,AgentPrefab,Agent,MoveState,Moving,Goal,20.00,0.00,20.00,12.38,0.00,14.38,13.00,0.00,15.00,DStar
3701,9.70,AgentPrefab,Agent,MoveState,Moving,Goal,20.00,0.00,20.00,12.38,0.00,14.38,13.00,0.00,15.00,DStar
3702,9.70,AgentPrefab,Agent,MoveState,Moving,Goal,20.00,0.00,20.00,12.39,0.00,14.39,13.00,0.00,15.00,DStar
3703,9.70,AgentPrefab,Agent,MoveState,Moving,Goal,20.00,0.00,20.00,12.39,0.00,14.39,13.00,0.00,15.00,DStar
3704,9.70,AgentPrefab,Agent,MoveState,Moving,Goal,20.00,0.00,20.00,12.39,0.00,14.39,13.00,0.00,15.00,DStar
3705,9.71,AgentPrefab,Agent,MoveState,Moving,Goal,20.00,0.00,20.00,12.40,0.00,14.40,13.00,0.00,15.00,DStar
3706,9.71,AgentPrefab,Agent,MoveState,Moving,Goal,20.00,0.00,20.00,12.40,0.00,14.40,13.00,0.00,15.00,DStar
3707,9.71,AgentPrefab,Agent,MoveState,Moving,Goal,20.00,0.00,20.00,12.41,0.00,14.41,13.00,0.00,15.00,DStar
3708,9.71,AgentPrefab,Agent,MoveState,Moving,Goal,20.00,0.00,20.00,12.41,0.00,14.41,13.00,0.00,15.00,DStar
3709,9.71,AgentPrefab,Agent,MoveState,Moving,Goal,20.00,0.00,20.00,12.41,0.00,14.41,13.00,0.00,15.00,DStar
3710,9.72,AgentPrefab,Agent,MoveState,Moving,Goal,20.00,0.00,20.00,12.42,0.00,14.42,13.00,0.00,15.00,DStar
3711,9.72,AgentPrefab,Agent,MoveState,Moving,Goal,20.00,0.00,20.00,12.42,0.00,14.42,13.00,0.00,15.00,DStar
3712,9.72,AgentPrefab,Agent,MoveState,Moving,Goal,20.00,0.00,20.00,12.42,0.00,14.42,13.00,0.00,15.00,DStar
3713,9.72,AgentPrefab,Agent,MoveState,Moving,Goal,20.00,0.00,20.00,12.43,0.00,14.43,13.00,0.00,15.00,DStar
3714,9.73,AgentPrefab,Agent,MoveState,Moving,Goal,20.00,0.00,20.00,12.43,0.00,14.43,13.00,0.00,15.00,DStar
3715,9.73,AgentPrefab,Agent,MoveState,Moving,Goal,20.00,0.00,20.00,12.43,0.00,14.43,13.00,0.00,15.00,DStar
3716,9.73,AgentPrefab,Agent,MoveState,Moving,Goal,20.00,0.00,20.00,12.44,0.00,14.44,13.00,0.00,15.00,DStar
3717,9.73,AgentPrefab,Agent,MoveState,Moving,Goal,20.00,0.00,20.00,12.44,0.00,14.44,13.00,0.00,15.00,DStar
3718,9.74,AgentPrefab,Agent,MoveState,Moving,Goal,20.00,0.00,20.00,12.44,0.00,14.44,13.00,0.00,15.00,DStar
3719,9.74,AgentPrefab,Agent,MoveState,Moving,Goal,20.00,0.00,20.00,12.45,0.00,14.45,13.00,0.00,15.00,DStar
3720,9.74,AgentPrefab,Agent,MoveState,Moving,Goal,20.00,0.00,20.00,12.45,0.00,14.45,13.00,0.00,15.00,DStar
3721,9.75,AgentPrefab,Agent,MoveState,Moving,Goal,20.00,0.00,20.00,12.46,0.00,14.46,13.00,0.00,15.00,DStar
3722,9.75,AgentPrefab,Agent,MoveState,Moving,Goal,20.00,0.00,20.00,12.46,0.00,14.46,13.00,0.00,15.00,DStar
3723,9.75,AgentPrefab,Agent,MoveState,Moving,Goal,20.00,0.00,20.00,12.46,0.00,14.46,13.00,0.00,15.00,DStar
3724,9.75,AgentPrefab,Agent,MoveState,Moving,Goal,20.00,0.00,20.00,12.47,0.00,14.47,13.00,0.00,15.00,DStar
3725,9.76,AgentPrefab,Agent,MoveState,Moving,Goal,20.00,0.00,20.00,12.47,0.00,14.47,13.00,0.00,15.00,DStar
3726,9.76,AgentPrefab,Agent,MoveState,Moving,Goal,20.00,0.00,20.00,12.47,0.00,14.47,13.00,0.00,15.00,DStar
3727,9.76,AgentPrefab,Agent,MoveState,Moving,Goal,20.00,0.00,20.00,12.48,0.00,14.48,13.00,0.00,15.00,DStar
3728,9.76,AgentPrefab,Agent,MoveState,Moving,Goal,20.00,0.00,20.00,12.48,0.00,14.48,13.00,0.00,15.00,DStar
3729,9.77,AgentPrefab,Agent,MoveState,Moving,Goal,20.00,0.00,20.00,12.48,0.00,14.48,13.00,0.00,15.00,DStar
3730,9.77,AgentPrefab,Agent,MoveState,Moving,Goal,20.00,0.00,20.00,12.49,0.00,14.49,13.00,0.00,15.00,DStar
3731,9.77,AgentPrefab,Agent,MoveState,Moving,Goal,20.00,0.00,20.00,12.49,0.00,14.49,13.00,0.00,15.00,DStar
3732,9.78,AgentPrefab,Agent,MoveState,Moving,Goal,20.00,0.00,20.00,12.50,0.00,14.50,13.00,0.00,15.00,DStar
3733,9.78,AgentPrefab,Agent,MoveState,Moving,Goal,20.00,0.00,20.00,12.50,0.00,14.50,13.00,0.00,15.00,DStar
3734,9.78,AgentPrefab,Agent,MoveState,Moving,Goal,20.00,0.00,20.00,12.51,0.00,14.51,13.00,0.00,15.00,DStar
3735,9.78,AgentPrefab,Agent,MoveState,Moving,Goal,20.00,0.00,20.00,12.51,0.00,14.51,13.00,0.00,15.00,DStar
3736,9.79,AgentPrefab,Agent,MoveState,Moving,Goal,20.00,0.00,20.00,12.51,0.00,14.51,13.00,0.00,15.00,DStar
3737,9.79,AgentPrefab,Agent,MoveState,Moving,Goal,20.00,0.00,20.00,12.52,0.00,14.52,13.00,0.00,15.00,DStar
3738,9.79,AgentPrefab,Agent,MoveState,Moving,Goal,20.00,0.00,20.00,12.52,0.00,14.52,13.00,0.00,15.00,DStar
3739,9.79,AgentPrefab,Agent,MoveState,Moving,Goal,20.00,0.00,20.00,12.52,0.00,14.52,13.00,0.00,15.00,DStar
3740,9.80,AgentPrefab,Agent,MoveState,Moving,Goal,20.00,0.00,20.00,12.53,0.00,14.53,13.00,0.00,15.00,DStar
3741,9.80,AgentPrefab,Agent,MoveState,Moving,Goal,20.00,0.00,20.00,12.53,0.00,14.53,13.00,0.00,15.00,DStar
3742,9.80,AgentPrefab,Agent,MoveState,Moving,Goal,20.00,0.00,20.00,12.53,0.00,14.53,13.00,0.00,15.00,DStar
3743,9.80,AgentPrefab,Agent,MoveState,Moving,Goal,20.00,0.00,20.00,12.54,0.00,14.54,13.00,0.00,15.00,DStar
3744,9.81,AgentPrefab,Agent,MoveState,Moving,Goal,20.00,0.00,20.00,12.54,0.00,14.54,13.00,0.00,15.00,DStar
3745,9.81,AgentPrefab,Agent,MoveState,Moving,Goal,20.00,0.00,20.00,12.54,0.00,14.54,13.00,0.00,15.00,DStar
3746,9.81,AgentPrefab,Agent,MoveState,Moving,Goal,20.00,0.00,20.00,12.55,0.00,14.55,13.00,0.00,15.00,DStar
3747,9.81,AgentPrefab,Agent,MoveState,Moving,Goal,20.00,0.00,20.00,12.55,0.00,14.55,13.00,0.00,15.00,DStar
3748,9.82,AgentPrefab,Agent,MoveState,Moving,Goal,20.00,0.00,20.00,12.55,0.00,14.55,13.00,0.00,15.00,DStar
3749,9.82,AgentPrefab,Agent,MoveState,Moving,Goal,20.00,0.00,20.00,12.56,0.00,14.56,13.00,0.00,15.00,DStar
3750,9.82,AgentPrefab,Agent,MoveState,Moving,Goal,20.00,0.00,20.00,12.56,0.00,14.56,13.00,0.00,15.00,DStar
3751,9.82,AgentPrefab,Agent,MoveState,Moving,Goal,20.00,0.00,20.00,12.57,0.00,14.57,13.00,0.00,15.00,DStar
3752,9.83,AgentPrefab,Agent,MoveState,Moving,Goal,20.00,0.00,20.00,12.57,0.00,14.57,13.00,0.00,15.00,DStar
3753,9.83,AgentPrefab,Agent,MoveState,Moving,Goal,20.00,0.00,20.00,12.57,0.00,14.57,13.00,0.00,15.00,DStar
3754,9.83,AgentPrefab,Agent,MoveState,Moving,Goal,20.00,0.00,20.00,12.58,0.00,14.58,13.00,0.00,15.00,DStar
3755,9.83,AgentPrefab,Agent,MoveState,Moving,Goal,20.00,0.00,20.00,12.58,0.00,14.58,13.00,0.00,15.00,DStar
3756,9.84,AgentPrefab,Agent,MoveState,Moving,Goal,20.00,0.00,20.00,12.58,0.00,14.58,13.00,0.00,15.00,DStar
3757,9.84,AgentPrefab,Agent,MoveState,Moving,Goal,20.00,0.00,20.00,12.59,0.00,14.59,13.00,0.00,15.00,DStar
3758,9.84,AgentPrefab,Agent,MoveState,Moving,Goal,20.00,0.00,20.00,12.59,0.00,14.59,13.00,0.00,15.00,DStar
3759,9.84,AgentPrefab,Agent,MoveState,Moving,Goal,20.00,0.00,20.00,12.60,0.00,14.60,13.00,0.00,15.00,DStar
3760,9.85,AgentPrefab,Agent,MoveState,Moving,Goal,20.00,0.00,20.00,12.60,0.00,14.60,13.00,0.00,15.00,DStar
3761,9.85,AgentPrefab,Agent,MoveState,Moving,Goal,20.00,0.00,20.00,12.60,0.00,14.60,13.00,0.00,15.00,DStar
3762,9.85,AgentPrefab,Agent,MoveState,Moving,Goal,20.00,0.00,20.00,12.61,0.00,14.61,13.00,0.00,15.00,DStar
3763,9.86,AgentPrefab,Agent,MoveState,Moving,Goal,20.00,0.00,20.00,12.61,0.00,14.61,13.00,0.00,15.00,DStar
3764,9.86,AgentPrefab,Agent,MoveState,Moving,Goal,20.00,0.00,20.00,12.62,0.00,14.62,13.00,0.00,15.00,DStar
3765,9.86,AgentPrefab,Agent,MoveState,Moving,Goal,20.00,0.00,20.00,12.62,0.00,14.62,13.00,0.00,15.00,DStar
3766,9.87,AgentPrefab,Agent,MoveState,Moving,Goal,20.00,0.00,20.00,12.62,0.00,14.62,13.00,0.00,15.00,DStar
3767,9.87,AgentPrefab,Agent,MoveState,Moving,Goal,20.00,0.00,20.00,12.63,0.00,14.63,13.00,0.00,15.00,DStar
3768,9.87,AgentPrefab,Agent,MoveState,Moving,Goal,20.00,0.00,20.00,12.63,0.00,14.63,13.00,0.00,15.00,DStar
3769,9.88,AgentPrefab,Agent,MoveState,Moving,Goal,20.00,0.00,20.00,12.64,0.00,14.64,13.00,0.00,15.00,DStar
3770,9.88,AgentPrefab,Agent,MoveState,Moving,Goal,20.00,0.00,20.00,12.64,0.00,14.64,13.00,0.00,15.00,DStar
3771,9.88,AgentPrefab,Agent,MoveState,Moving,Goal,20.00,0.00,20.00,12.65,0.00,14.65,13.00,0.00,15.00,DStar
3772,9.89,AgentPrefab,Agent,MoveState,Moving,Goal,20.00,0.00,20.00,12.65,0.00,14.65,13.00,0.00,15.00,DStar
3773,9.89,AgentPrefab,Agent,MoveState,Moving,Goal,20.00,0.00,20.00,12.66,0.00,14.66,13.00,0.00,15.00,DStar
3774,9.89,AgentPrefab,Agent,MoveState,Moving,Goal,20.00,0.00,20.00,12.66,0.00,14.66,13.00,0.00,15.00,DStar
3775,9.90,AgentPrefab,Agent,MoveState,Moving,Goal,20.00,0.00,20.00,12.67,0.00,14.67,13.00,0.00,15.00,DStar
3776,9.90,AgentPrefab,Agent,MoveState,Moving,Goal,20.00,0.00,20.00,12.67,0.00,14.67,13.00,0.00,15.00,DStar
3777,9.90,AgentPrefab,Agent,MoveState,Moving,Goal,20.00,0.00,20.00,12.68,0.00,14.68,13.00,0.00,15.00,DStar
3778,9.91,AgentPrefab,Agent,MoveState,Moving,Goal,20.00,0.00,20.00,12.68,0.00,14.68,13.00,0.00,15.00,DStar
3779,9.91,AgentPrefab,Agent,MoveState,Moving,Goal,20.00,0.00,20.00,12.69,0.00,14.69,13.00,0.00,15.00,DStar
3780,9.91,AgentPrefab,Agent,MoveState,Moving,Goal,20.00,0.00,20.00,12.69,0.00,14.69,13.00,0.00,15.00,DStar
3781,9.91,AgentPrefab,Agent,MoveState,Moving,Goal,20.00,0.00,20.00,12.69,0.00,14.69,13.00,0.00,15.00,DStar
3782,9.92,AgentPrefab,Agent,MoveState,Moving,Goal,20.00,0.00,20.00,12.70,0.00,14.70,13.00,0.00,15.00,DStar
3783,9.92,AgentPrefab,Agent,MoveState,Moving,Goal,20.00,0.00,20.00,12.70,0.00,14.70,13.00,0.00,15.00,DStar
3784,9.92,AgentPrefab,Agent,MoveState,Moving,Goal,20.00,0.00,20.00,12.71,0.00,14.71,13.00,0.00,15.00,DStar
3785,9.93,AgentPrefab,Agent,MoveState,Moving,Goal,20.00,0.00,20.00,12.71,0.00,14.71,13.00,0.00,15.00,DStar
3786,9.93,AgentPrefab,Agent,MoveState,Moving,Goal,20.00,0.00,20.00,12.71,0.00,14.71,13.00,0.00,15.00,DStar
3787,9.93,AgentPrefab,Agent,MoveState,Moving,Goal,20.00,0.00,20.00,12.72,0.00,14.72,13.00,0.00,15.00,DStar
3788,9.93,AgentPrefab,Agent,MoveState,Moving,Goal,20.00,0.00,20.00,12.72,0.00,14.72,13.00,0.00,15.00,DStar
3789,9.94,AgentPrefab,Agent,MoveState,Moving,Goal,20.00,0.00,20.00,12.72,0.00,14.72,13.00,0.00,15.00,DStar
3790,9.94,AgentPrefab,Agent,MoveState,Moving,Goal,20.00,0.00,20.00,12.73,0.00,14.73,13.00,0.00,15.00,DStar
3791,9.94,AgentPrefab,Agent,MoveState,Moving,Goal,20.00,0.00,20.00,12.73,0.00,14.73,13.00,0.00,15.00,DStar
3792,9.95,AgentPrefab,Agent,MoveState,Moving,Goal,20.00,0.00,20.00,12.74,0.00,14.74,13.00,0.00,15.00,DStar
3793,9.95,AgentPrefab,Agent,MoveState,Moving,Goal,20.00,0.00,20.00,12.74,0.00,14.74,13.00,0.00,15.00,DStar
3794,9.95,AgentPrefab,Agent,MoveState,Moving,Goal,20.00,0.00,20.00,12.75,0.00,14.75,13.00,0.00,15.00,DStar
3795,9.96,AgentPrefab,Agent,MoveState,Moving,Goal,20.00,0.00,20.00,12.75,0.00,14.75,13.00,0.00,15.00,DStar
3796,9.96,AgentPrefab,Agent,MoveState,Moving,Goal,20.00,0.00,20.00,12.75,0.00,14.75,13.00,0.00,15.00,DStar
3797,9.96,AgentPrefab,Agent,MoveState,Moving,Goal,20.00,0.00,20.00,12.76,0.00,14.76,13.00,0.00,15.00,DStar
3798,9.96,AgentPrefab,Agent,MoveState,Moving,Goal,20.00,0.00,20.00,12.76,0.00,14.76,13.00,0.00,15.00,DStar
3799,9.97,AgentPrefab,Agent,MoveState,Moving,Goal,20.00,0.00,20.00,12.77,0.00,14.77,13.00,0.00,15.00,DStar
3800,9.97,AgentPrefab,Agent,MoveState,Moving,Goal,20.00,0.00,20.00,12.77,0.00,14.77,13.00,0.00,15.00,DStar
3801,9.97,AgentPrefab,Agent,MoveState,Moving,Goal,20.00,0.00,20.00,12.78,0.00,14.78,13.00,0.00,15.00,DStar
3802,9.98,AgentPrefab,Agent,MoveState,Moving,Goal,20.00,0.00,20.00,12.78,0.00,14.78,13.00,0.00,15.00,DStar
3803,9.98,AgentPrefab,Agent,MoveState,Moving,Goal,20.00,0.00,20.00,12.78,0.00,14.78,13.00,0.00,15.00,DStar
3804,9.98,AgentPrefab,Agent,MoveState,Moving,Goal,20.00,0.00,20.00,12.79,0.00,14.79,13.00,0.00,15.00,DStar
3805,9.98,AgentPrefab,Agent,MoveState,Moving,Goal,20.00,0.00,20.00,12.79,0.00,14.79,12.79,0.00,14.79,DStar
3806,9.99,AgentPrefab,Agent,MoveState,Moving,Goal,20.00,0.00,20.00,12.79,0.00,14.79,13.00,0.00,16.00,DStar
3807,9.99,AgentPrefab,Agent,MoveState,Moving,Goal,20.00,0.00,20.00,12.79,0.00,14.80,13.00,0.00,16.00,DStar
3808,10.00,AgentPrefab,Agent,MoveState,Moving,Goal,20.00,0.00,20.00,12.80,0.00,14.81,13.00,0.00,16.00,DStar
3809,10.00,AgentPrefab,Agent,MoveState,Moving,Goal,20.00,0.00,20.00,12.80,0.00,14.81,13.00,0.00,16.00,DStar
3810,10.00,AgentPrefab,Agent,MoveState,Moving,Goal,20.00,0.00,20.00,12.80,0.00,14.82,13.00,0.00,16.00,DStar
3811,10.00,AgentPrefab,Agent,MoveState,Moving,Goal,20.00,0.00,20.00,12.80,0.00,14.82,13.00,0.00,16.00,DStar
3812,10.01,AgentPrefab,Agent,MoveState,Moving,Goal,20.00,0.00,20.00,12.80,0.00,14.83,13.00,0.00,16.00,DStar
3813,10.01,AgentPrefab,Agent,MoveState,Moving,Goal,20.00,0.00,20.00,12.80,0.00,14.84,13.00,0.00,16.00,DStar
3814,10.01,AgentPrefab,Agent,MoveState,Moving,Goal,20.00,0.00,20.00,12.80,0.00,14.84,13.00,0.00,16.00,DStar
3815,10.02,AgentPrefab,Agent,MoveState,Moving,Goal,20.00,0.00,20.00,12.80,0.00,14.85,13.00,0.00,16.00,DStar
3816,10.02,AgentPrefab,Agent,MoveState,Moving,Goal,20.00,0.00,20.00,12.80,0.00,14.85,13.00,0.00,16.00,DStar
3817,10.02,AgentPrefab,Agent,MoveState,Moving,Goal,20.00,0.00,20.00,12.80,0.00,14.86,13.00,0.00,16.00,DStar
3818,10.03,AgentPrefab,Agent,MoveState,Moving,Goal,20.00,0.00,20.00,12.81,0.00,14.87,13.00,0.00,16.00,DStar
3819,10.03,AgentPrefab,Agent,MoveState,Moving,Goal,20.00,0.00,20.00,12.81,0.00,14.87,13.00,0.00,16.00,DStar
3820,10.03,AgentPrefab,Agent,MoveState,Moving,Goal,20.00,0.00,20.00,12.81,0.00,14.88,13.00,0.00,16.00,DStar
3821,10.03,AgentPrefab,Agent,MoveState,Moving,Goal,20.00,0.00,20.00,12.81,0.00,14.88,13.00,0.00,16.00,DStar
3822,10.04,AgentPrefab,Agent,MoveState,Moving,Goal,20.00,0.00,20.00,12.81,0.00,14.89,13.00,0.00,16.00,DStar
3823,10.04,AgentPrefab,Agent,MoveState,Moving,Goal,20.00,0.00,20.00,12.81,0.00,14.90,13.00,0.00,16.00,DStar
3824,10.04,AgentPrefab,Agent,MoveState,Moving,Goal,20.00,0.00,20.00,12.81,0.00,14.90,13.00,0.00,16.00,DStar
3825,10.05,AgentPrefab,Agent,MoveState,Moving,Goal,20.00,0.00,20.00,12.81,0.00,14.91,13.00,0.00,16.00,DStar
3826,10.05,AgentPrefab,Agent,MoveState,Moving,Goal,20.00,0.00,20.00,12.81,0.00,14.91,13.00,0.00,16.00,DStar
3827,10.05,AgentPrefab,Agent,MoveState,Moving,Goal,20.00,0.00,20.00,12.81,0.00,14.92,13.00,0.00,16.00,DStar
3828,10.05,AgentPrefab,Agent,MoveState,Moving,Goal,20.00,0.00,20.00,12.81,0.00,14.92,13.00,0.00,16.00,DStar
3829,10.06,AgentPrefab,Agent,MoveState,Moving,Goal,20.00,0.00,20.00,12.82,0.00,14.93,13.00,0.00,16.00,DStar
3830,10.06,AgentPrefab,Agent,MoveState,Moving,Goal,20.00,0.00,20.00,12.82,0.00,14.93,13.00,0.00,16.00,DStar
3831,10.06,AgentPrefab,Agent,MoveState,Moving,Goal,20.00,0.00,20.00,12.82,0.00,14.94,13.00,0.00,16.00,DStar
3832,10.06,AgentPrefab,Agent,MoveState,Moving,Goal,20.00,0.00,20.00,12.82,0.00,14.94,13.00,0.00,16.00,DStar
3833,10.07,AgentPrefab,Agent,MoveState,Moving,Goal,20.00,0.00,20.00,12.82,0.00,14.95,13.00,0.00,16.00,DStar
3834,10.07,AgentPrefab,Agent,MoveState,Moving,Goal,20.00,0.00,20.00,12.82,0.00,14.95,13.00,0.00,16.00,DStar
3835,10.07,AgentPrefab,Agent,MoveState,Moving,Goal,20.00,0.00,20.00,12.82,0.00,14.96,13.00,0.00,16.00,DStar
3836,10.08,AgentPrefab,Agent,MoveState,Moving,Goal,20.00,0.00,20.00,12.82,0.00,14.96,13.00,0.00,16.00,DStar
3837,10.08,AgentPrefab,Agent,MoveState,Moving,Goal,20.00,0.00,20.00,12.82,0.00,14.97,13.00,0.00,16.00,DStar
3838,10.08,AgentPrefab,Agent,MoveState,Moving,Goal,20.00,0.00,20.00,12.82,0.00,14.97,13.00,0.00,16.00,DStar
3839,10.09,AgentPrefab,Agent,MoveState,Moving,Goal,20.00,0.00,20.00,12.83,0.00,14.98,13.00,0.00,16.00,DStar
3840,10.09,AgentPrefab,Agent,MoveState,Moving,Goal,20.00,0.00,20.00,12.83,0.00,14.99,13.00,0.00,16.00,DStar
3841,10.09,AgentPrefab,Agent,MoveState,Moving,Goal,20.00,0.00,20.00,12.83,0.00,15.00,13.00,0.00,16.00,DStar
3842,10.09,AgentPrefab,Agent,MoveState,Moving,Goal,20.00,0.00,20.00,12.83,0.00,15.00,13.00,0.00,16.00,DStar
3843,10.10,AgentPrefab,Agent,MoveState,Moving,Goal,20.00,0.00,20.00,12.83,0.00,15.01,13.00,0.00,16.00,DStar
3844,10.10,AgentPrefab,Agent,MoveState,Moving,Goal,20.00,0.00,20.00,12.83,0.00,15.01,13.00,0.00,16.00,DStar
3845,10.10,AgentPrefab,Agent,MoveState,Moving,Goal,20.00,0.00,20.00,12.83,0.00,15.01,13.00,0.00,16.00,DStar
3846,10.10,AgentPrefab,Agent,MoveState,Moving,Goal,20.00,0.00,20.00,12.83,0.00,15.02,13.00,0.00,16.00,DStar
3847,10.11,AgentPrefab,Agent,MoveState,Moving,Goal,20.00,0.00,20.00,12.83,0.00,15.02,13.00,0.00,16.00,DStar
3848,10.11,AgentPrefab,Agent,MoveState,Moving,Goal,20.00,0.00,20.00,12.83,0.00,15.03,13.00,0.00,16.00,DStar
3849,10.11,AgentPrefab,Agent,MoveState,Moving,Goal,20.00,0.00,20.00,12.83,0.00,15.04,13.00,0.00,16.00,DStar
3850,10.11,AgentPrefab,Agent,MoveState,Moving,Goal,20.00,0.00,20.00,12.84,0.00,15.04,13.00,0.00,16.00,DStar
3851,10.12,AgentPrefab,Agent,MoveState,Moving,Goal,20.00,0.00,20.00,12.84,0.00,15.05,13.00,0.00,16.00,DStar
3852,10.12,AgentPrefab,Agent,MoveState,Moving,Goal,20.00,0.00,20.00,12.84,0.00,15.05,13.00,0.00,16.00,DStar
3853,10.12,AgentPrefab,Agent,MoveState,Moving,Goal,20.00,0.00,20.00,12.84,0.00,15.06,13.00,0.00,16.00,DStar
3854,10.12,AgentPrefab,Agent,MoveState,Moving,Goal,20.00,0.00,20.00,12.84,0.00,15.06,13.00,0.00,16.00,DStar
3855,10.13,AgentPrefab,Agent,MoveState,Moving,Goal,20.00,0.00,20.00,12.84,0.00,15.07,13.00,0.00,16.00,DStar
3856,10.13,AgentPrefab,Agent,MoveState,Moving,Goal,20.00,0.00,20.00,12.84,0.00,15.07,13.00,0.00,16.00,DStar
3857,10.13,AgentPrefab,Agent,MoveState,Moving,Goal,20.00,0.00,20.00,12.84,0.00,15.08,13.00,0.00,16.00,DStar
3858,10.13,AgentPrefab,Agent,MoveState,Moving,Goal,20.00,0.00,20.00,12.84,0.00,15.08,13.00,0.00,16.00,DStar
3859,10.14,AgentPrefab,Agent,MoveState,Moving,Goal,20.00,0.00,20.00,12.84,0.00,15.09,13.00,0.00,16.00,DStar
3860,10.14,AgentPrefab,Agent,MoveState,Moving,Goal,20.00,0.00,20.00,12.84,0.00,15.09,13.00,0.00,16.00,DStar
3861,10.14,AgentPrefab,Agent,MoveState,Moving,Goal,20.00,0.00,20.00,12.84,0.00,15.09,13.00,0.00,16.00,DStar
3862,10.14,AgentPrefab,Agent,MoveState,Moving,Goal,20.00,0.00,20.00,12.85,0.00,15.10,13.00,0.00,16.00,DStar
3863,10.15,AgentPrefab,Agent,MoveState,Moving,Goal,20.00,0.00,20.00,12.85,0.00,15.10,13.00,0.00,16.00,DStar
3864,10.15,AgentPrefab,Agent,MoveState,Moving,Goal,20.00,0.00,20.00,12.85,0.00,15.11,13.00,0.00,16.00,DStar
3865,10.15,AgentPrefab,Agent,MoveState,Moving,Goal,20.00,0.00,20.00,12.85,0.00,15.11,13.00,0.00,16.00,DStar
3866,10.15,AgentPrefab,Agent,MoveState,Moving,Goal,20.00,0.00,20.00,12.85,0.00,15.12,13.00,0.00,16.00,DStar
3867,10.15,AgentPrefab,Agent,MoveState,Moving,Goal,20.00,0.00,20.00,12.85,0.00,15.12,13.00,0.00,16.00,DStar
3868,10.16,AgentPrefab,Agent,MoveState,Moving,Goal,20.00,0.00,20.00,12.85,0.00,15.13,13.00,0.00,16.00,DStar
3869,10.16,AgentPrefab,Agent,MoveState,Moving,Goal,20.00,0.00,20.00,12.85,0.00,15.13,13.00,0.00,16.00,DStar
3870,10.16,AgentPrefab,Agent,MoveState,Moving,Goal,20.00,0.00,20.00,12.85,0.00,15.14,13.00,0.00,16.00,DStar
3871,10.16,AgentPrefab,Agent,MoveState,Moving,Goal,20.00,0.00,20.00,12.85,0.00,15.14,13.00,0.00,16.00,DStar
3872,10.17,AgentPrefab,Agent,MoveState,Moving,Goal,20.00,0.00,20.00,12.85,0.00,15.15,13.00,0.00,16.00,DStar
3873,10.17,AgentPrefab,Agent,MoveState,Moving,Goal,20.00,0.00,20.00,12.85,0.00,15.15,13.00,0.00,16.00,DStar
3874,10.17,AgentPrefab,Agent,MoveState,Moving,Goal,20.00,0.00,20.00,12.86,0.00,15.16,13.00,0.00,16.00,DStar
3875,10.17,AgentPrefab,Agent,MoveState,Moving,Goal,20.00,0.00,20.00,12.86,0.00,15.16,13.00,0.00,16.00,DStar
3876,10.18,AgentPrefab,Agent,MoveState,Moving,Goal,20.00,0.00,20.00,12.86,0.00,15.17,13.00,0.00,16.00,DStar
3877,10.18,AgentPrefab,Agent,MoveState,Moving,Goal,20.00,0.00,20.00,12.86,0.00,15.17,13.00,0.00,16.00,DStar
3878,10.18,AgentPrefab,Agent,MoveState,Moving,Goal,20.00,0.00,20.00,12.86,0.00,15.18,13.00,0.00,16.00,DStar
3879,10.18,AgentPrefab,Agent,MoveState,Moving,Goal,20.00,0.00,20.00,12.86,0.00,15.18,13.00,0.00,16.00,DStar
3880,10.19,AgentPrefab,Agent,MoveState,Moving,Goal,20.00,0.00,20.00,12.86,0.00,15.18,13.00,0.00,16.00,DStar
3881,10.19,AgentPrefab,Agent,MoveState,Moving,Goal,20.00,0.00,20.00,12.86,0.00,15.19,13.00,0.00,16.00,DStar
3882,10.19,AgentPrefab,Agent,MoveState,Moving,Goal,20.00,0.00,20.00,12.86,0.00,15.20,13.00,0.00,16.00,DStar
3883,10.19,AgentPrefab,Agent,MoveState,Moving,Goal,20.00,0.00,20.00,12.86,0.00,15.20,13.00,0.00,16.00,DStar
3884,10.20,AgentPrefab,Agent,MoveState,Moving,Goal,20.00,0.00,20.00,12.86,0.00,15.21,13.00,0.00,16.00,DStar
3885,10.20,AgentPrefab,Agent,MoveState,Moving,Goal,20.00,0.00,20.00,12.86,0.00,15.21,13.00,0.00,16.00,DStar
3886,10.20,AgentPrefab,Agent,MoveState,Moving,Goal,20.00,0.00,20.00,12.86,0.00,15.21,13.00,0.00,16.00,DStar
3887,10.20,AgentPrefab,Agent,MoveState,Moving,Goal,20.00,0.00,20.00,12.87,0.00,15.22,13.00,0.00,16.00,DStar
3888,10.21,AgentPrefab,Agent,MoveState,Moving,Goal,20.00,0.00,20.00,12.87,0.00,15.22,13.00,0.00,16.00,DStar
3889,10.21,AgentPrefab,Agent,MoveState,Moving,Goal,20.00,0.00,20.00,12.87,0.00,15.23,13.00,0.00,16.00,DStar
3890,10.21,AgentPrefab,Agent,MoveState,Moving,Goal,20.00,0.00,20.00,12.87,0.00,15.23,13.00,0.00,16.00,DStar
3891,10.21,AgentPrefab,Agent,MoveState,Moving,Goal,20.00,0.00,20.00,12.87,0.00,15.24,13.00,0.00,16.00,DStar
3892,10.22,AgentPrefab,Agent,MoveState,Moving,Goal,20.00,0.00,20.00,12.87,0.00,15.24,13.00,0.00,16.00,DStar
3893,10.22,AgentPrefab,Agent,MoveState,Moving,Goal,20.00,0.00,20.00,12.87,0.00,15.25,13.00,0.00,16.00,DStar
3894,10.22,AgentPrefab,Agent,MoveState,Moving,Goal,20.00,0.00,20.00,12.87,0.00,15.25,13.00,0.00,16.00,DStar
3895,10.22,AgentPrefab,Agent,MoveState,Moving,Goal,20.00,0.00,20.00,12.87,0.00,15.26,13.00,0.00,16.00,DStar
3896,10.22,AgentPrefab,Agent,MoveState,Moving,Goal,20.00,0.00,20.00,12.87,0.00,15.26,13.00,0.00,16.00,DStar
3897,10.23,AgentPrefab,Agent,MoveState,Moving,Goal,20.00,0.00,20.00,12.87,0.00,15.26,13.00,0.00,16.00,DStar
3898,10.23,AgentPrefab,Agent,MoveState,Moving,Goal,20.00,0.00,20.00,12.87,0.00,15.27,13.00,0.00,16.00,DStar
3899,10.23,AgentPrefab,Agent,MoveState,Moving,Goal,20.00,0.00,20.00,12.88,0.00,15.27,13.00,0.00,16.00,DStar
3900,10.23,AgentPrefab,Agent,MoveState,Moving,Goal,20.00,0.00,20.00,12.88,0.00,15.28,13.00,0.00,16.00,DStar
3901,10.24,AgentPrefab,Agent,MoveState,Moving,Goal,20.00,0.00,20.00,12.88,0.00,15.28,13.00,0.00,16.00,DStar
3902,10.24,AgentPrefab,Agent,MoveState,Moving,Goal,20.00,0.00,20.00,12.88,0.00,15.29,13.00,0.00,16.00,DStar
3903,10.24,AgentPrefab,Agent,MoveState,Moving,Goal,20.00,0.00,20.00,12.88,0.00,15.29,13.00,0.00,16.00,DStar
3904,10.24,AgentPrefab,Agent,MoveState,Moving,Goal,20.00,0.00,20.00,12.88,0.00,15.30,13.00,0.00,16.00,DStar
3905,10.25,AgentPrefab,Agent,MoveState,Moving,Goal,20.00,0.00,20.00,12.88,0.00,15.30,13.00,0.00,16.00,DStar
3906,10.25,AgentPrefab,Agent,MoveState,Moving,Goal,20.00,0.00,20.00,12.88,0.00,15.31,13.00,0.00,16.00,DStar
3907,10.25,AgentPrefab,Agent,MoveState,Moving,Goal,20.00,0.00,20.00,12.88,0.00,15.31,13.00,0.00,16.00,DStar
3908,10.25,AgentPrefab,Agent,MoveState,Moving,Goal,20.00,0.00,20.00,12.88,0.00,15.32,13.00,0.00,16.00,DStar
3909,10.26,AgentPrefab,Agent,MoveState,Moving,Goal,20.00,0.00,20.00,12.88,0.00,15.32,13.00,0.00,16.00,DStar
3910,10.26,AgentPrefab,Agent,MoveState,Moving,Goal,20.00,0.00,20.00,12.88,0.00,15.33,13.00,0.00,16.00,DStar
3911,10.26,AgentPrefab,Agent,MoveState,Moving,Goal,20.00,0.00,20.00,12.89,0.00,15.33,13.00,0.00,16.00,DStar
3912,10.26,AgentPrefab,Agent,MoveState,Moving,Goal,20.00,0.00,20.00,12.89,0.00,15.34,13.00,0.00,16.00,DStar
3913,10.27,AgentPrefab,Agent,MoveState,Moving,Goal,20.00,0.00,20.00,12.89,0.00,15.34,13.00,0.00,16.00,DStar
3914,10.27,AgentPrefab,Agent,MoveState,Moving,Goal,20.00,0.00,20.00,12.89,0.00,15.35,13.00,0.00,16.00,DStar
3915,10.27,AgentPrefab,Agent,MoveState,Moving,Goal,20.00,0.00,20.00,12.89,0.00,15.35,13.00,0.00,16.00,DStar
3916,10.28,AgentPrefab,Agent,MoveState,Moving,Goal,20.00,0.00,20.00,12.89,0.00,15.36,13.00,0.00,16.00,DStar
3917,10.28,AgentPrefab,Agent,MoveState,Moving,Goal,20.00,0.00,20.00,12.89,0.00,15.37,13.00,0.00,16.00,DStar
3918,10.28,AgentPrefab,Agent,MoveState,Moving,Goal,20.00,0.00,20.00,12.89,0.00,15.37,13.00,0.00,16.00,DStar
3919,10.28,AgentPrefab,Agent,MoveState,Moving,Goal,20.00,0.00,20.00,12.89,0.00,15.38,13.00,0.00,16.00,DStar
3920,10.29,AgentPrefab,Agent,MoveState,Moving,Goal,20.00,0.00,20.00,12.89,0.00,15.38,13.00,0.00,16.00,DStar
3921,10.29,AgentPrefab,Agent,MoveState,Moving,Goal,20.00,0.00,20.00,12.89,0.00,15.39,13.00,0.00,16.00,DStar
3922,10.29,AgentPrefab,Agent,MoveState,Moving,Goal,20.00,0.00,20.00,12.90,0.00,15.39,13.00,0.00,16.00,DStar
3923,10.29,AgentPrefab,Agent,MoveState,Moving,Goal,20.00,0.00,20.00,12.90,0.00,15.40,13.00,0.00,16.00,DStar
3924,10.30,AgentPrefab,Agent,MoveState,Moving,Goal,20.00,0.00,20.00,12.90,0.00,15.40,13.00,0.00,16.00,DStar
3925,10.30,AgentPrefab,Agent,MoveState,Moving,Goal,20.00,0.00,20.00,12.90,0.00,15.41,13.00,0.00,16.00,DStar
3926,10.30,AgentPrefab,Agent,MoveState,Moving,Goal,20.00,0.00,20.00,12.90,0.00,15.41,13.00,0.00,16.00,DStar
3927,10.30,AgentPrefab,Agent,MoveState,Moving,Goal,20.00,0.00,20.00,12.90,0.00,15.41,13.00,0.00,16.00,DStar
3928,10.31,AgentPrefab,Agent,MoveState,Moving,Goal,20.00,0.00,20.00,12.90,0.00,15.42,13.00,0.00,16.00,DStar
3929,10.31,AgentPrefab,Agent,MoveState,Moving,Goal,20.00,0.00,20.00,12.90,0.00,15.42,13.00,0.00,16.00,DStar
3930,10.31,AgentPrefab,Agent,MoveState,Moving,Goal,20.00,0.00,20.00,12.90,0.00,15.43,13.00,0.00,16.00,DStar
3931,10.31,AgentPrefab,Agent,MoveState,Moving,Goal,20.00,0.00,20.00,12.90,0.00,15.43,13.00,0.00,16.00,DStar
3932,10.31,AgentPrefab,Agent,MoveState,Moving,Goal,20.00,0.00,20.00,12.90,0.00,15.44,13.00,0.00,16.00,DStar
3933,10.32,AgentPrefab,Agent,MoveState,Moving,Goal,20.00,0.00,20.00,12.90,0.00,15.44,13.00,0.00,16.00,DStar
3934,10.32,AgentPrefab,Agent,MoveState,Moving,Goal,20.00,0.00,20.00,12.90,0.00,15.45,13.00,0.00,16.00,DStar
3935,10.32,AgentPrefab,Agent,MoveState,Moving,Goal,20.00,0.00,20.00,12.91,0.00,15.45,13.00,0.00,16.00,DStar
3936,10.32,AgentPrefab,Agent,MoveState,Moving,Goal,20.00,0.00,20.00,12.91,0.00,15.46,13.00,0.00,16.00,DStar
3937,10.33,AgentPrefab,Agent,MoveState,Moving,Goal,20.00,0.00,20.00,12.91,0.00,15.46,13.00,0.00,16.00,DStar
3938,10.33,AgentPrefab,Agent,MoveState,Moving,Goal,20.00,0.00,20.00,12.91,0.00,15.47,13.00,0.00,16.00,DStar
3939,10.33,AgentPrefab,Agent,MoveState,Moving,Goal,20.00,0.00,20.00,12.91,0.00,15.47,13.00,0.00,16.00,DStar
3940,10.33,AgentPrefab,Agent,MoveState,Moving,Goal,20.00,0.00,20.00,12.91,0.00,15.48,13.00,0.00,16.00,DStar
3941,10.34,AgentPrefab,Agent,MoveState,Moving,Goal,20.00,0.00,20.00,12.91,0.00,15.48,13.00,0.00,16.00,DStar
3942,10.34,AgentPrefab,Agent,MoveState,Moving,Goal,20.00,0.00,20.00,12.91,0.00,15.48,13.00,0.00,16.00,DStar
3943,10.34,AgentPrefab,Agent,MoveState,Moving,Goal,20.00,0.00,20.00,12.91,0.00,15.49,13.00,0.00,16.00,DStar
3944,10.34,AgentPrefab,Agent,MoveState,Moving,Goal,20.00,0.00,20.00,12.91,0.00,15.49,13.00,0.00,16.00,DStar
3945,10.35,AgentPrefab,Agent,MoveState,Moving,Goal,20.00,0.00,20.00,12.91,0.00,15.50,13.00,0.00,16.00,DStar
3946,10.35,AgentPrefab,Agent,MoveState,Moving,Goal,20.00,0.00,20.00,12.91,0.00,15.50,13.00,0.00,16.00,DStar
3947,10.35,AgentPrefab,Agent,MoveState,Moving,Goal,20.00,0.00,20.00,12.92,0.00,15.51,13.00,0.00,16.00,DStar
3948,10.35,AgentPrefab,Agent,MoveState,Moving,Goal,20.00,0.00,20.00,12.92,0.00,15.51,13.00,0.00,16.00,DStar
3949,10.36,AgentPrefab,Agent,MoveState,Moving,Goal,20.00,0.00,20.00,12.92,0.00,15.52,13.00,0.00,16.00,DStar
3950,10.36,AgentPrefab,Agent,MoveState,Moving,Goal,20.00,0.00,20.00,12.92,0.00,15.53,13.00,0.00,16.00,DStar
3951,10.36,AgentPrefab,Agent,MoveState,Moving,Goal,20.00,0.00,20.00,12.92,0.00,15.53,13.00,0.00,16.00,DStar
3952,10.36,AgentPrefab,Agent,MoveState,Moving,Goal,20.00,0.00,20.00,12.92,0.00,15.54,13.00,0.00,16.00,DStar
3953,10.37,AgentPrefab,Agent,MoveState,Moving,Goal,20.00,0.00,20.00,12.92,0.00,15.54,13.00,0.00,16.00,DStar
3954,10.37,AgentPrefab,Agent,MoveState,Moving,Goal,20.00,0.00,20.00,12.92,0.00,15.54,13.00,0.00,16.00,DStar
3955,10.37,AgentPrefab,Agent,MoveState,Moving,Goal,20.00,0.00,20.00,12.92,0.00,15.55,13.00,0.00,16.00,DStar
3956,10.37,AgentPrefab,Agent,MoveState,Moving,Goal,20.00,0.00,20.00,12.92,0.00,15.56,13.00,0.00,16.00,DStar
3957,10.38,AgentPrefab,Agent,MoveState,Moving,Goal,20.00,0.00,20.00,12.92,0.00,15.56,13.00,0.00,16.00,DStar
3958,10.38,AgentPrefab,Agent,MoveState,Moving,Goal,20.00,0.00,20.00,12.93,0.00,15.56,13.00,0.00,16.00,DStar
3959,10.38,AgentPrefab,Agent,MoveState,Moving,Goal,20.00,0.00,20.00,12.93,0.00,15.57,13.00,0.00,16.00,DStar
3960,10.38,AgentPrefab,Agent,MoveState,Moving,Goal,20.00,0.00,20.00,12.93,0.00,15.57,13.00,0.00,16.00,DStar
3961,10.39,AgentPrefab,Agent,MoveState,Moving,Goal,20.00,0.00,20.00,12.93,0.00,15.58,13.00,0.00,16.00,DStar
3962,10.39,AgentPrefab,Agent,MoveState,Moving,Goal,20.00,0.00,20.00,12.93,0.00,15.59,13.00,0.00,16.00,DStar
3963,10.39,AgentPrefab,Agent,MoveState,Moving,Goal,20.00,0.00,20.00,12.93,0.00,15.59,13.00,0.00,16.00,DStar
3964,10.39,AgentPrefab,Agent,MoveState,Moving,Goal,20.00,0.00,20.00,12.93,0.00,15.59,13.00,0.00,16.00,DStar
3965,10.40,AgentPrefab,Agent,MoveState,Moving,Goal,20.00,0.00,20.00,12.93,0.00,15.60,13.00,0.00,16.00,DStar
3966,10.40,AgentPrefab,Agent,MoveState,Moving,Goal,20.00,0.00,20.00,12.93,0.00,15.60,13.00,0.00,16.00,DStar
3967,10.40,AgentPrefab,Agent,MoveState,Moving,Goal,20.00,0.00,20.00,12.93,0.00,15.61,13.00,0.00,16.00,DStar
3968,10.41,AgentPrefab,Agent,MoveState,Moving,Goal,20.00,0.00,20.00,12.93,0.00,15.61,13.00,0.00,16.00,DStar
3969,10.41,AgentPrefab,Agent,MoveState,Moving,Goal,20.00,0.00,20.00,12.93,0.00,15.62,13.00,0.00,16.00,DStar
3970,10.41,AgentPrefab,Agent,MoveState,Moving,Goal,20.00,0.00,20.00,12.94,0.00,15.63,13.00,0.00,16.00,DStar
3971,10.41,AgentPrefab,Agent,MoveState,Moving,Goal,20.00,0.00,20.00,12.94,0.00,15.63,13.00,0.00,16.00,DStar
3972,10.42,AgentPrefab,Agent,MoveState,Moving,Goal,20.00,0.00,20.00,12.94,0.00,15.64,13.00,0.00,16.00,DStar
3973,10.42,AgentPrefab,Agent,MoveState,Moving,Goal,20.00,0.00,20.00,12.94,0.00,15.64,13.00,0.00,16.00,DStar
3974,10.42,AgentPrefab,Agent,MoveState,Moving,Goal,20.00,0.00,20.00,12.94,0.00,15.65,13.00,0.00,16.00,DStar
3975,10.42,AgentPrefab,Agent,MoveState,Moving,Goal,20.00,0.00,20.00,12.94,0.00,15.65,13.00,0.00,16.00,DStar
3976,10.43,AgentPrefab,Agent,MoveState,Moving,Goal,20.00,0.00,20.00,12.94,0.00,15.66,13.00,0.00,16.00,DStar
3977,10.43,AgentPrefab,Agent,MoveState,Moving,Goal,20.00,0.00,20.00,12.94,0.00,15.66,13.00,0.00,16.00,DStar
3978,10.43,AgentPrefab,Agent,MoveState,Moving,Goal,20.00,0.00,20.00,12.94,0.00,15.67,13.00,0.00,16.00,DStar
3979,10.43,AgentPrefab,Agent,MoveState,Moving,Goal,20.00,0.00,20.00,12.94,0.00,15.67,13.00,0.00,16.00,DStar
3980,10.44,AgentPrefab,Agent,MoveState,Moving,Goal,20.00,0.00,20.00,12.94,0.00,15.68,13.00,0.00,16.00,DStar
3981,10.44,AgentPrefab,Agent,MoveState,Moving,Goal,20.00,0.00,20.00,12.95,0.00,15.68,13.00,0.00,16.00,DStar
3982,10.44,AgentPrefab,Agent,MoveState,Moving,Goal,20.00,0.00,20.00,12.95,0.00,15.69,13.00,0.00,16.00,DStar
3983,10.44,AgentPrefab,Agent,MoveState,Moving,Goal,20.00,0.00,20.00,12.95,0.00,15.69,13.00,0.00,16.00,DStar
3984,10.45,AgentPrefab,Agent,MoveState,Moving,Goal,20.00,0.00,20.00,12.95,0.00,15.70,13.00,0.00,16.00,DStar
3985,10.45,AgentPrefab,Agent,MoveState,Moving,Goal,20.00,0.00,20.00,12.95,0.00,15.70,13.00,0.00,16.00,DStar
3986,10.45,AgentPrefab,Agent,MoveState,Moving,Goal,20.00,0.00,20.00,12.95,0.00,15.71,13.00,0.00,16.00,DStar
3987,10.45,AgentPrefab,Agent,MoveState,Moving,Goal,20.00,0.00,20.00,12.95,0.00,15.71,13.00,0.00,16.00,DStar
3988,10.46,AgentPrefab,Agent,MoveState,Moving,Goal,20.00,0.00,20.00,12.95,0.00,15.72,13.00,0.00,16.00,DStar
3989,10.46,AgentPrefab,Agent,MoveState,Moving,Goal,20.00,0.00,20.00,12.95,0.00,15.72,13.00,0.00,16.00,DStar
3990,10.46,AgentPrefab,Agent,MoveState,Moving,Goal,20.00,0.00,20.00,12.95,0.00,15.72,13.00,0.00,16.00,DStar
3991,10.46,AgentPrefab,Agent,MoveState,Moving,Goal,20.00,0.00,20.00,12.95,0.00,15.73,13.00,0.00,16.00,DStar
3992,10.46,AgentPrefab,Agent,MoveState,Moving,Goal,20.00,0.00,20.00,12.95,0.00,15.73,13.00,0.00,16.00,DStar
3993,10.47,AgentPrefab,Agent,MoveState,Moving,Goal,20.00,0.00,20.00,12.96,0.00,15.74,13.00,0.00,16.00,DStar
3994,10.47,AgentPrefab,Agent,MoveState,Moving,Goal,20.00,0.00,20.00,12.96,0.00,15.74,13.00,0.00,16.00,DStar
3995,10.47,AgentPrefab,Agent,MoveState,Moving,Goal,20.00,0.00,20.00,12.96,0.00,15.75,13.00,0.00,16.00,DStar
3996,10.47,AgentPrefab,Agent,MoveState,Moving,Goal,20.00,0.00,20.00,12.96,0.00,15.75,13.00,0.00,16.00,DStar
3997,10.48,AgentPrefab,Agent,MoveState,Moving,Goal,20.00,0.00,20.00,12.96,0.00,15.76,13.00,0.00,16.00,DStar
3998,10.48,AgentPrefab,Agent,MoveState,Moving,Goal,20.00,0.00,20.00,12.96,0.00,15.76,13.00,0.00,16.00,DStar
3999,10.48,AgentPrefab,Agent,MoveState,Moving,Goal,20.00,0.00,20.00,12.96,0.00,15.77,13.00,0.00,16.00,DStar
4000,10.48,AgentPrefab,Agent,MoveState,Moving,Goal,20.00,0.00,20.00,12.96,0.00,15.77,13.00,0.00,16.00,DStar
4001,10.49,AgentPrefab,Agent,MoveState,Moving,Goal,20.00,0.00,20.00,12.96,0.00,15.78,13.00,0.00,16.00,DStar
4002,10.49,AgentPrefab,Agent,MoveState,Moving,Goal,20.00,0.00,20.00,12.96,0.00,15.78,13.00,0.00,16.00,DStar
4003,10.49,AgentPrefab,Agent,MoveState,Moving,Goal,20.00,0.00,20.00,12.96,0.00,15.79,13.00,0.00,16.00,DStar
4004,10.50,AgentPrefab,Agent,MoveState,Moving,Goal,20.00,0.00,20.00,12.96,0.00,15.79,13.00,0.00,16.00,DStar
4005,10.50,AgentPrefab,Agent,MoveState,Moving,Goal,20.00,0.00,20.00,12.97,0.00,15.80,13.00,0.00,16.00,DStar
4006,10.50,AgentPrefab,Agent,MoveState,Moving,Goal,20.00,0.00,20.00,12.97,0.00,15.80,13.00,0.00,16.00,DStar
4007,10.50,AgentPrefab,Agent,MoveState,Moving,Goal,20.00,0.00,20.00,12.97,0.00,15.81,13.00,0.00,16.00,DStar
4008,10.51,AgentPrefab,Agent,MoveState,Moving,Goal,20.00,0.00,20.00,12.97,0.00,15.81,13.00,0.00,16.00,DStar
4009,10.51,AgentPrefab,Agent,MoveState,Moving,Goal,20.00,0.00,20.00,12.97,0.00,15.82,13.00,0.00,16.00,DStar
4010,10.51,AgentPrefab,Agent,MoveState,Moving,Goal,20.00,0.00,20.00,12.97,0.00,15.82,13.00,0.00,16.00,DStar
4011,10.51,AgentPrefab,Agent,MoveState,Moving,Goal,20.00,0.00,20.00,12.97,0.00,15.83,13.00,0.00,16.00,DStar
4012,10.51,AgentPrefab,Agent,MoveState,Moving,Goal,20.00,0.00,20.00,12.97,0.00,15.83,13.00,0.00,16.00,DStar
4013,10.52,AgentPrefab,Agent,MoveState,Moving,Goal,20.00,0.00,20.00,12.97,0.00,15.84,13.00,0.00,16.00,DStar
4014,10.52,AgentPrefab,Agent,MoveState,Moving,Goal,20.00,0.00,20.00,12.97,0.00,15.84,13.00,0.00,16.00,DStar
4015,10.52,AgentPrefab,Agent,MoveState,Moving,Goal,20.00,0.00,20.00,12.97,0.00,15.85,13.00,0.00,16.00,DStar
4016,10.53,AgentPrefab,Agent,MoveState,Moving,Goal,20.00,0.00,20.00,12.98,0.00,15.85,13.00,0.00,16.00,DStar
4017,10.53,AgentPrefab,Agent,MoveState,Moving,Goal,20.00,0.00,20.00,12.98,0.00,15.86,13.00,0.00,16.00,DStar
4018,10.53,AgentPrefab,Agent,MoveState,Moving,Goal,20.00,0.00,20.00,12.98,0.00,15.86,13.00,0.00,16.00,DStar
4019,10.53,AgentPrefab,Agent,MoveState,Moving,Goal,20.00,0.00,20.00,12.98,0.00,15.87,13.00,0.00,16.00,DStar
4020,10.54,AgentPrefab,Agent,MoveState,Moving,Goal,20.00,0.00,20.00,12.98,0.00,15.87,13.00,0.00,16.00,DStar
4021,10.54,AgentPrefab,Agent,MoveState,Moving,Goal,20.00,0.00,20.00,12.98,0.00,15.88,13.00,0.00,16.00,DStar
4022,10.54,AgentPrefab,Agent,MoveState,Moving,Goal,20.00,0.00,20.00,12.98,0.00,15.88,13.00,0.00,16.00,DStar
4023,10.54,AgentPrefab,Agent,MoveState,Moving,Goal,20.00,0.00,20.00,12.98,0.00,15.89,13.00,0.00,16.00,DStar
4024,10.55,AgentPrefab,Agent,MoveState,Moving,Goal,20.00,0.00,20.00,12.98,0.00,15.90,13.00,0.00,16.00,DStar
4025,10.55,AgentPrefab,Agent,MoveState,Moving,Goal,20.00,0.00,20.00,12.98,0.00,15.90,13.00,0.00,16.00,DStar
4026,10.55,AgentPrefab,Agent,MoveState,Moving,Goal,20.00,0.00,20.00,12.98,0.00,15.91,13.00,0.00,16.00,DStar
4027,10.55,AgentPrefab,Agent,MoveState,Moving,Goal,20.00,0.00,20.00,12.98,0.00,15.91,13.00,0.00,16.00,DStar
4028,10.56,AgentPrefab,Agent,MoveState,Moving,Goal,20.00,0.00,20.00,12.99,0.00,15.92,13.00,0.00,16.00,DStar
4029,10.56,AgentPrefab,Agent,MoveState,Moving,Goal,20.00,0.00,20.00,12.99,0.00,15.92,13.00,0.00,16.00,DStar
4030,10.56,AgentPrefab,Agent,MoveState,Moving,Goal,20.00,0.00,20.00,12.99,0.00,15.92,13.00,0.00,16.00,DStar
4031,10.56,AgentPrefab,Agent,MoveState,Moving,Goal,20.00,0.00,20.00,12.99,0.00,15.93,13.00,0.00,16.00,DStar
4032,10.57,AgentPrefab,Agent,MoveState,Moving,Goal,20.00,0.00,20.00,12.99,0.00,15.93,13.00,0.00,16.00,DStar
4033,10.57,AgentPrefab,Agent,MoveState,Moving,Goal,20.00,0.00,20.00,12.99,0.00,15.94,13.00,0.00,16.00,DStar
4034,10.57,AgentPrefab,Agent,MoveState,Moving,Goal,20.00,0.00,20.00,12.99,0.00,15.94,13.00,0.00,16.00,DStar
4035,10.57,AgentPrefab,Agent,MoveState,Moving,Goal,20.00,0.00,20.00,12.99,0.00,15.95,13.00,0.00,16.00,DStar
4036,10.58,AgentPrefab,Agent,MoveState,Moving,Goal,20.00,0.00,20.00,13.00,0.00,16.00,14.00,0.00,17.00,DStar
4037,10.58,AgentPrefab,Agent,MoveState,Moving,Goal,20.00,0.00,20.00,13.00,0.00,16.00,14.00,0.00,17.00,DStar
4038,10.58,AgentPrefab,Agent,MoveState,Moving,Goal,20.00,0.00,20.00,13.01,0.00,16.01,14.00,0.00,17.00,DStar
4039,10.58,AgentPrefab,Agent,MoveState,Moving,Goal,20.00,0.00,20.00,13.01,0.00,16.01,14.00,0.00,17.00,DStar
4040,10.59,AgentPrefab,Agent,MoveState,Moving,Goal,20.00,0.00,20.00,13.01,0.00,16.01,14.00,0.00,17.00,DStar
4041,10.59,AgentPrefab,Agent,MoveState,Moving,Goal,20.00,0.00,20.00,13.02,0.00,16.02,14.00,0.00,17.00,DStar
4042,10.59,AgentPrefab,Agent,MoveState,Moving,Goal,20.00,0.00,20.00,13.02,0.00,16.02,14.00,0.00,17.00,DStar
4043,10.59,AgentPrefab,Agent,MoveState,Moving,Goal,20.00,0.00,20.00,13.02,0.00,16.02,14.00,0.00,17.00,DStar
4044,10.60,AgentPrefab,Agent,MoveState,Moving,Goal,20.00,0.00,20.00,13.03,0.00,16.03,14.00,0.00,17.00,DStar
4045,10.60,AgentPrefab,Agent,MoveState,Moving,Goal,20.00,0.00,20.00,13.03,0.00,16.03,14.00,0.00,17.00,DStar
4046,10.60,AgentPrefab,Agent,MoveState,Moving,Goal,20.00,0.00,20.00,13.03,0.00,16.03,14.00,0.00,17.00,DStar
4047,10.61,AgentPrefab,Agent,MoveState,Moving,Goal,20.00,0.00,20.00,13.04,0.00,16.04,14.00,0.00,17.00,DStar
4048,10.61,AgentPrefab,Agent,MoveState,Moving,Goal,20.00,0.00,20.00,13.04,0.00,16.04,14.00,0.00,17.00,DStar
4049,10.61,AgentPrefab,Agent,MoveState,Moving,Goal,20.00,0.00,20.00,13.05,0.00,16.05,14.00,0.00,17.00,DStar
4050,10.61,AgentPrefab,Agent,MoveState,Moving,Goal,20.00,0.00,20.00,13.05,0.00,16.05,14.00,0.00,17.00,DStar
4051,10.62,AgentPrefab,Agent,MoveState,Moving,Goal,20.00,0.00,20.00,13.05,0.00,16.05,14.00,0.00,17.00,DStar
4052,10.62,AgentPrefab,Agent,MoveState,Moving,Goal,20.00,0.00,20.00,13.06,0.00,16.06,14.00,0.00,17.00,DStar
4053,10.62,AgentPrefab,Agent,MoveState,Moving,Goal,20.00,0.00,20.00,13.06,0.00,16.06,14.00,0.00,17.00,DStar
4054,10.62,AgentPrefab,Agent,MoveState,Moving,Goal,20.00,0.00,20.00,13.06,0.00,16.06,14.00,0.00,17.00,DStar
4055,10.63,AgentPrefab,Agent,MoveState,Moving,Goal,20.00,0.00,20.00,13.07,0.00,16.07,14.00,0.00,17.00,DStar
4056,10.63,AgentPrefab,Agent,MoveState,Moving,Goal,20.00,0.00,20.00,13.07,0.00,16.07,14.00,0.00,17.00,DStar
4057,10.63,AgentPrefab,Agent,MoveState,Moving,Goal,20.00,0.00,20.00,13.08,0.00,16.08,14.00,0.00,17.00,DStar
4058,10.63,AgentPrefab,Agent,MoveState,Moving,Goal,20.00,0.00,20.00,13.08,0.00,16.08,14.00,0.00,17.00,DStar
4059,10.64,AgentPrefab,Agent,MoveState,Moving,Goal,20.00,0.00,20.00,13.08,0.00,16.08,14.00,0.00,17.00,DStar
4060,10.64,AgentPrefab,Agent,MoveState,Moving,Goal,20.00,0.00,20.00,13.09,0.00,16.09,14.00,0.00,17.00,DStar
4061,10.64,AgentPrefab,Agent,MoveState,Moving,Goal,20.00,0.00,20.00,13.09,0.00,16.09,14.00,0.00,17.00,DStar
4062,10.64,AgentPrefab,Agent,MoveState,Moving,Goal,20.00,0.00,20.00,13.09,0.00,16.09,14.00,0.00,17.00,DStar
4063,10.65,AgentPrefab,Agent,MoveState,Moving,Goal,20.00,0.00,20.00,13.10,0.00,16.10,14.00,0.00,17.00,DStar
4064,10.65,AgentPrefab,Agent,MoveState,Moving,Goal,20.00,0.00,20.00,13.10,0.00,16.10,14.00,0.00,17.00,DStar
4065,10.65,AgentPrefab,Agent,MoveState,Moving,Goal,20.00,0.00,20.00,13.10,0.00,16.10,14.00,0.00,17.00,DStar
4066,10.65,AgentPrefab,Agent,MoveState,Moving,Goal,20.00,0.00,20.00,13.11,0.00,16.11,14.00,0.00,17.00,DStar
4067,10.66,AgentPrefab,Agent,MoveState,Moving,Goal,20.00,0.00,20.00,13.11,0.00,16.11,14.00,0.00,17.00,DStar
4068,10.66,AgentPrefab,Agent,MoveState,Moving,Goal,20.00,0.00,20.00,13.11,0.00,16.11,14.00,0.00,17.00,DStar
4069,10.66,AgentPrefab,Agent,MoveState,Moving,Goal,20.00,0.00,20.00,13.12,0.00,16.12,14.00,0.00,17.00,DStar
4070,10.66,AgentPrefab,Agent,MoveState,Moving,Goal,20.00,0.00,20.00,13.12,0.00,16.12,14.00,0.00,17.00,DStar
4071,10.67,AgentPrefab,Agent,MoveState,Moving,Goal,20.00,0.00,20.00,13.12,0.00,16.12,14.00,0.00,17.00,DStar
4072,10.67,AgentPrefab,Agent,MoveState,Moving,Goal,20.00,0.00,20.00,13.13,0.00,16.13,14.00,0.00,17.00,DStar
4073,10.67,AgentPrefab,Agent,MoveState,Moving,Goal,20.00,0.00,20.00,13.13,0.00,16.13,14.00,0.00,17.00,DStar
4074,10.67,AgentPrefab,Agent,MoveState,Moving,Goal,20.00,0.00,20.00,13.13,0.00,16.13,14.00,0.00,17.00,DStar
4075,10.67,AgentPrefab,Agent,MoveState,Moving,Goal,20.00,0.00,20.00,13.14,0.00,16.14,14.00,0.00,17.00,DStar
4076,10.68,AgentPrefab,Agent,MoveState,Moving,Goal,20.00,0.00,20.00,13.14,0.00,16.14,14.00,0.00,17.00,DStar
4077,10.68,AgentPrefab,Agent,MoveState,Moving,Goal,20.00,0.00,20.00,13.14,0.00,16.14,14.00,0.00,17.00,DStar
4078,10.68,AgentPrefab,Agent,MoveState,Moving,Goal,20.00,0.00,20.00,13.15,0.00,16.15,14.00,0.00,17.00,DStar
4079,10.69,AgentPrefab,Agent,MoveState,Moving,Goal,20.00,0.00,20.00,13.15,0.00,16.15,14.00,0.00,17.00,DStar
4080,10.69,AgentPrefab,Agent,MoveState,Moving,Goal,20.00,0.00,20.00,13.16,0.00,16.16,14.00,0.00,17.00,DStar
4081,10.69,AgentPrefab,Agent,MoveState,Moving,Goal,20.00,0.00,20.00,13.16,0.00,16.16,14.00,0.00,17.00,DStar
4082,10.70,AgentPrefab,Agent,MoveState,Moving,Goal,20.00,0.00,20.00,13.17,0.00,16.17,14.00,0.00,17.00,DStar
4083,10.70,AgentPrefab,Agent,MoveState,Moving,Goal,20.00,0.00,20.00,13.17,0.00,16.17,14.00,0.00,17.00,DStar
4084,10.70,AgentPrefab,Agent,MoveState,Moving,Goal,20.00,0.00,20.00,13.17,0.00,16.17,14.00,0.00,17.00,DStar
4085,10.70,AgentPrefab,Agent,MoveState,Moving,Goal,20.00,0.00,20.00,13.18,0.00,16.18,14.00,0.00,17.00,DStar
4086,10.71,AgentPrefab,Agent,MoveState,Moving,Goal,20.00,0.00,20.00,13.18,0.00,16.18,14.00,0.00,17.00,DStar
4087,10.71,AgentPrefab,Agent,MoveState,Moving,Goal,20.00,0.00,20.00,13.19,0.00,16.19,14.00,0.00,17.00,DStar
4088,10.71,AgentPrefab,Agent,MoveState,Moving,Goal,20.00,0.00,20.00,13.19,0.00,16.19,14.00,0.00,17.00,DStar
4089,10.71,AgentPrefab,Agent,MoveState,Moving,Goal,20.00,0.00,20.00,13.19,0.00,16.19,14.00,0.00,17.00,DStar
4090,10.72,AgentPrefab,Agent,MoveState,Moving,Goal,20.00,0.00,20.00,13.20,0.00,16.20,14.00,0.00,17.00,DStar
4091,10.72,AgentPrefab,Agent,MoveState,Moving,Goal,20.00,0.00,20.00,13.20,0.00,16.20,14.00,0.00,17.00,DStar
4092,10.72,AgentPrefab,Agent,MoveState,Moving,Goal,20.00,0.00,20.00,13.20,0.00,16.20,14.00,0.00,17.00,DStar
4093,10.72,AgentPrefab,Agent,MoveState,Moving,Goal,20.00,0.00,20.00,13.21,0.00,16.21,14.00,0.00,17.00,DStar
4094,10.73,AgentPrefab,Agent,MoveState,Moving,Goal,20.00,0.00,20.00,13.21,0.00,16.21,14.00,0.00,17.00,DStar
4095,10.73,AgentPrefab,Agent,MoveState,Moving,Goal,20.00,0.00,20.00,13.21,0.00,16.21,14.00,0.00,17.00,DStar
4096,10.73,AgentPrefab,Agent,MoveState,Moving,Goal,20.00,0.00,20.00,13.22,0.00,16.22,14.00,0.00,17.00,DStar
4097,10.73,AgentPrefab,Agent,MoveState,Moving,Goal,20.00,0.00,20.00,13.22,0.00,16.22,14.00,0.00,17.00,DStar
4098,10.73,AgentPrefab,Agent,MoveState,Moving,Goal,20.00,0.00,20.00,13.22,0.00,16.22,14.00,0.00,17.00,DStar
4099,10.74,AgentPrefab,Agent,MoveState,Moving,Goal,20.00,0.00,20.00,13.23,0.00,16.23,14.00,0.00,17.00,DStar
4100,10.74,AgentPrefab,Agent,MoveState,Moving,Goal,20.00,0.00,20.00,13.23,0.00,16.23,14.00,0.00,17.00,DStar
4101,10.75,AgentPrefab,Agent,MoveState,Moving,Goal,20.00,0.00,20.00,13.24,0.00,16.24,14.00,0.00,17.00,DStar
4102,10.75,AgentPrefab,Agent,MoveState,Moving,Goal,20.00,0.00,20.00,13.24,0.00,16.24,14.00,0.00,17.00,DStar
4103,10.75,AgentPrefab,Agent,MoveState,Moving,Goal,20.00,0.00,20.00,13.25,0.00,16.25,14.00,0.00,17.00,DStar
4104,10.76,AgentPrefab,Agent,MoveState,Moving,Goal,20.00,0.00,20.00,13.25,0.00,16.25,14.00,0.00,17.00,DStar
4105,10.76,AgentPrefab,Agent,MoveState,Moving,Goal,20.00,0.00,20.00,13.26,0.00,16.26,14.00,0.00,17.00,DStar
4106,10.76,AgentPrefab,Agent,MoveState,Moving,Goal,20.00,0.00,20.00,13.26,0.00,16.26,14.00,0.00,17.00,DStar
4107,10.76,AgentPrefab,Agent,MoveState,Moving,Goal,20.00,0.00,20.00,13.26,0.00,16.26,14.00,0.00,17.00,DStar
4108,10.77,AgentPrefab,Agent,MoveState,Moving,Goal,20.00,0.00,20.00,13.27,0.00,16.27,14.00,0.00,17.00,DStar
4109,10.77,AgentPrefab,Agent,MoveState,Moving,Goal,20.00,0.00,20.00,13.27,0.00,16.27,14.00,0.00,17.00,DStar
4110,10.77,AgentPrefab,Agent,MoveState,Moving,Goal,20.00,0.00,20.00,13.27,0.00,16.27,14.00,0.00,17.00,DStar
4111,10.77,AgentPrefab,Agent,MoveState,Moving,Goal,20.00,0.00,20.00,13.28,0.00,16.28,14.00,0.00,17.00,DStar
4112,10.78,AgentPrefab,Agent,MoveState,Moving,Goal,20.00,0.00,20.00,13.28,0.00,16.28,14.00,0.00,17.00,DStar
4113,10.78,AgentPrefab,Agent,MoveState,Moving,Goal,20.00,0.00,20.00,13.29,0.00,16.29,14.00,0.00,17.00,DStar
4114,10.78,AgentPrefab,Agent,MoveState,Moving,Goal,20.00,0.00,20.00,13.29,0.00,16.29,14.00,0.00,17.00,DStar
4115,10.78,AgentPrefab,Agent,MoveState,Moving,Goal,20.00,0.00,20.00,13.29,0.00,16.29,14.00,0.00,17.00,DStar
4116,10.79,AgentPrefab,Agent,MoveState,Moving,Goal,20.00,0.00,20.00,13.30,0.00,16.30,14.00,0.00,17.00,DStar
4117,10.79,AgentPrefab,Agent,MoveState,Moving,Goal,20.00,0.00,20.00,13.30,0.00,16.30,14.00,0.00,17.00,DStar
4118,10.79,AgentPrefab,Agent,MoveState,Moving,Goal,20.00,0.00,20.00,13.30,0.00,16.30,14.00,0.00,17.00,DStar
4119,10.79,AgentPrefab,Agent,MoveState,Moving,Goal,20.00,0.00,20.00,13.31,0.00,16.31,14.00,0.00,17.00,DStar
4120,10.80,AgentPrefab,Agent,MoveState,Moving,Goal,20.00,0.00,20.00,13.31,0.00,16.31,14.00,0.00,17.00,DStar
4121,10.80,AgentPrefab,Agent,MoveState,Moving,Goal,20.00,0.00,20.00,13.31,0.00,16.31,14.00,0.00,17.00,DStar
4122,10.80,AgentPrefab,Agent,MoveState,Moving,Goal,20.00,0.00,20.00,13.32,0.00,16.32,14.00,0.00,17.00,DStar
4123,10.81,AgentPrefab,Agent,MoveState,Moving,Goal,20.00,0.00,20.00,13.32,0.00,16.32,14.00,0.00,17.00,DStar
4124,10.81,AgentPrefab,Agent,MoveState,Moving,Goal,20.00,0.00,20.00,13.33,0.00,16.33,14.00,0.00,17.00,DStar
4125,10.81,AgentPrefab,Agent,MoveState,Moving,Goal,20.00,0.00,20.00,13.33,0.00,16.33,14.00,0.00,17.00,DStar
4126,10.81,AgentPrefab,Agent,MoveState,Moving,Goal,20.00,0.00,20.00,13.33,0.00,16.33,14.00,0.00,17.00,DStar
4127,10.81,AgentPrefab,Agent,MoveState,Moving,Goal,20.00,0.00,20.00,13.34,0.00,16.34,14.00,0.00,17.00,DStar
4128,10.82,AgentPrefab,Agent,MoveState,Moving,Goal,20.00,0.00,20.00,13.34,0.00,16.34,14.00,0.00,17.00,DStar
4129,10.82,AgentPrefab,Agent,MoveState,Moving,Goal,20.00,0.00,20.00,13.34,0.00,16.34,14.00,0.00,17.00,DStar
4130,10.82,AgentPrefab,Agent,MoveState,Moving,Goal,20.00,0.00,20.00,13.35,0.00,16.35,14.00,0.00,17.00,DStar
4131,10.83,AgentPrefab,Agent,MoveState,Moving,Goal,20.00,0.00,20.00,13.35,0.00,16.35,14.00,0.00,17.00,DStar
4132,10.83,AgentPrefab,Agent,MoveState,Moving,Goal,20.00,0.00,20.00,13.35,0.00,16.35,14.00,0.00,17.00,DStar
4133,10.83,AgentPrefab,Agent,MoveState,Moving,Goal,20.00,0.00,20.00,13.36,0.00,16.36,14.00,0.00,17.00,DStar
4134,10.83,AgentPrefab,Agent,MoveState,Moving,Goal,20.00,0.00,20.00,13.36,0.00,16.36,14.00,0.00,17.00,DStar
4135,10.83,AgentPrefab,Agent,MoveState,Moving,Goal,20.00,0.00,20.00,13.36,0.00,16.36,14.00,0.00,17.00,DStar
4136,10.84,AgentPrefab,Agent,MoveState,Moving,Goal,20.00,0.00,20.00,13.37,0.00,16.37,14.00,0.00,17.00,DStar
4137,10.84,AgentPrefab,Agent,MoveState,Moving,Goal,20.00,0.00,20.00,13.37,0.00,16.37,14.00,0.00,17.00,DStar
4138,10.84,AgentPrefab,Agent,MoveState,Moving,Goal,20.00,0.00,20.00,13.38,0.00,16.38,14.00,0.00,17.00,DStar
4139,10.85,AgentPrefab,Agent,MoveState,Moving,Goal,20.00,0.00,20.00,13.38,0.00,16.38,14.00,0.00,17.00,DStar
4140,10.85,AgentPrefab,Agent,MoveState,Moving,Goal,20.00,0.00,20.00,13.38,0.00,16.38,14.00,0.00,17.00,DStar
4141,10.85,AgentPrefab,Agent,MoveState,Moving,Goal,20.00,0.00,20.00,13.39,0.00,16.39,14.00,0.00,17.00,DStar
4142,10.85,AgentPrefab,Agent,MoveState,Moving,Goal,20.00,0.00,20.00,13.39,0.00,16.39,14.00,0.00,17.00,DStar
4143,10.86,AgentPrefab,Agent,MoveState,Moving,Goal,20.00,0.00,20.00,13.39,0.00,16.39,14.00,0.00,17.00,DStar
4144,10.86,AgentPrefab,Agent,MoveState,Moving,Goal,20.00,0.00,20.00,13.40,0.00,16.40,14.00,0.00,17.00,DStar
4145,10.86,AgentPrefab,Agent,MoveState,Moving,Goal,20.00,0.00,20.00,13.40,0.00,16.40,14.00,0.00,17.00,DStar
4146,10.86,AgentPrefab,Agent,MoveState,Moving,Goal,20.00,0.00,20.00,13.40,0.00,16.40,14.00,0.00,17.00,DStar
4147,10.87,AgentPrefab,Agent,MoveState,Moving,Goal,20.00,0.00,20.00,13.41,0.00,16.41,14.00,0.00,17.00,DStar
4148,10.87,AgentPrefab,Agent,MoveState,Moving,Goal,20.00,0.00,20.00,13.41,0.00,16.41,14.00,0.00,17.00,DStar
4149,10.87,AgentPrefab,Agent,MoveState,Moving,Goal,20.00,0.00,20.00,13.41,0.00,16.41,14.00,0.00,17.00,DStar
4150,10.87,AgentPrefab,Agent,MoveState,Moving,Goal,20.00,0.00,20.00,13.42,0.00,16.42,14.00,0.00,17.00,DStar
4151,10.88,AgentPrefab,Agent,MoveState,Moving,Goal,20.00,0.00,20.00,13.42,0.00,16.42,14.00,0.00,17.00,DStar
4152,10.88,AgentPrefab,Agent,MoveState,Moving,Goal,20.00,0.00,20.00,13.43,0.00,16.43,14.00,0.00,17.00,DStar
4153,10.88,AgentPrefab,Agent,MoveState,Moving,Goal,20.00,0.00,20.00,13.43,0.00,16.43,14.00,0.00,17.00,DStar
4154,10.88,AgentPrefab,Agent,MoveState,Moving,Goal,20.00,0.00,20.00,13.43,0.00,16.43,14.00,0.00,17.00,DStar
4155,10.89,AgentPrefab,Agent,MoveState,Moving,Goal,20.00,0.00,20.00,13.44,0.00,16.44,14.00,0.00,17.00,DStar
4156,10.89,AgentPrefab,Agent,MoveState,Moving,Goal,20.00,0.00,20.00,13.44,0.00,16.44,14.00,0.00,17.00,DStar
4157,10.89,AgentPrefab,Agent,MoveState,Moving,Goal,20.00,0.00,20.00,13.44,0.00,16.44,14.00,0.00,17.00,DStar
4158,10.89,AgentPrefab,Agent,MoveState,Moving,Goal,20.00,0.00,20.00,13.45,0.00,16.45,14.00,0.00,17.00,DStar
4159,10.90,AgentPrefab,Agent,MoveState,Moving,Goal,20.00,0.00,20.00,13.45,0.00,16.45,14.00,0.00,17.00,DStar
4160,10.90,AgentPrefab,Agent,MoveState,Moving,Goal,20.00,0.00,20.00,13.45,0.00,16.45,14.00,0.00,17.00,DStar
4161,10.90,AgentPrefab,Agent,MoveState,Moving,Goal,20.00,0.00,20.00,13.46,0.00,16.46,14.00,0.00,17.00,DStar
4162,10.90,AgentPrefab,Agent,MoveState,Moving,Goal,20.00,0.00,20.00,13.46,0.00,16.46,14.00,0.00,17.00,DStar
4163,10.91,AgentPrefab,Agent,MoveState,Moving,Goal,20.00,0.00,20.00,13.47,0.00,16.47,14.00,0.00,17.00,DStar
4164,10.91,AgentPrefab,Agent,MoveState,Moving,Goal,20.00,0.00,20.00,13.47,0.00,16.47,14.00,0.00,17.00,DStar
4165,10.91,AgentPrefab,Agent,MoveState,Moving,Goal,20.00,0.00,20.00,13.47,0.00,16.47,14.00,0.00,17.00,DStar
4166,10.91,AgentPrefab,Agent,MoveState,Moving,Goal,20.00,0.00,20.00,13.48,0.00,16.48,14.00,0.00,17.00,DStar
4167,10.92,AgentPrefab,Agent,MoveState,Moving,Goal,20.00,0.00,20.00,13.48,0.00,16.48,14.00,0.00,17.00,DStar
4168,10.92,AgentPrefab,Agent,MoveState,Moving,Goal,20.00,0.00,20.00,13.48,0.00,16.48,14.00,0.00,17.00,DStar
4169,10.92,AgentPrefab,Agent,MoveState,Moving,Goal,20.00,0.00,20.00,13.49,0.00,16.49,14.00,0.00,17.00,DStar
4170,10.93,AgentPrefab,Agent,MoveState,Moving,Goal,20.00,0.00,20.00,13.49,0.00,16.49,14.00,0.00,17.00,DStar
4171,10.93,AgentPrefab,Agent,MoveState,Moving,Goal,20.00,0.00,20.00,13.50,0.00,16.50,14.00,0.00,17.00,DStar
4172,10.93,AgentPrefab,Agent,MoveState,Moving,Goal,20.00,0.00,20.00,13.50,0.00,16.50,14.00,0.00,17.00,DStar
4173,10.93,AgentPrefab,Agent,MoveState,Moving,Goal,20.00,0.00,20.00,13.50,0.00,16.50,14.00,0.00,17.00,DStar
4174,10.94,AgentPrefab,Agent,MoveState,Moving,Goal,20.00,0.00,20.00,13.51,0.00,16.51,14.00,0.00,17.00,DStar
4175,10.94,AgentPrefab,Agent,MoveState,Moving,Goal,20.00,0.00,20.00,13.51,0.00,16.51,14.00,0.00,17.00,DStar
4176,10.94,AgentPrefab,Agent,MoveState,Moving,Goal,20.00,0.00,20.00,13.52,0.00,16.52,14.00,0.00,17.00,DStar
4177,10.95,AgentPrefab,Agent,MoveState,Moving,Goal,20.00,0.00,20.00,13.52,0.00,16.52,14.00,0.00,17.00,DStar
4178,10.95,AgentPrefab,Agent,MoveState,Moving,Goal,20.00,0.00,20.00,13.52,0.00,16.52,14.00,0.00,17.00,DStar
4179,10.95,AgentPrefab,Agent,MoveState,Moving,Goal,20.00,0.00,20.00,13.53,0.00,16.53,14.00,0.00,17.00,DStar
4180,10.95,AgentPrefab,Agent,MoveState,Moving,Goal,20.00,0.00,20.00,13.53,0.00,16.53,14.00,0.00,17.00,DStar
4181,10.95,AgentPrefab,Agent,MoveState,Moving,Goal,20.00,0.00,20.00,13.53,0.00,16.53,14.00,0.00,17.00,DStar
4182,10.96,AgentPrefab,Agent,MoveState,Moving,Goal,20.00,0.00,20.00,13.54,0.00,16.54,14.00,0.00,17.00,DStar
4183,10.96,AgentPrefab,Agent,MoveState,Moving,Goal,20.00,0.00,20.00,13.54,0.00,16.54,14.00,0.00,17.00,DStar
4184,10.96,AgentPrefab,Agent,MoveState,Moving,Goal,20.00,0.00,20.00,13.54,0.00,16.54,14.00,0.00,17.00,DStar
4185,10.96,AgentPrefab,Agent,MoveState,Moving,Goal,20.00,0.00,20.00,13.55,0.00,16.55,14.00,0.00,17.00,DStar
4186,10.97,AgentPrefab,Agent,MoveState,Moving,Goal,20.00,0.00,20.00,13.55,0.00,16.55,14.00,0.00,17.00,DStar
4187,10.97,AgentPrefab,Agent,MoveState,Moving,Goal,20.00,0.00,20.00,13.55,0.00,16.55,14.00,0.00,17.00,DStar
4188,10.97,AgentPrefab,Agent,MoveState,Moving,Goal,20.00,0.00,20.00,13.56,0.00,16.56,14.00,0.00,17.00,DStar
4189,10.97,AgentPrefab,Agent,MoveState,Moving,Goal,20.00,0.00,20.00,13.56,0.00,16.56,14.00,0.00,17.00,DStar
4190,10.98,AgentPrefab,Agent,MoveState,Moving,Goal,20.00,0.00,20.00,13.56,0.00,16.56,14.00,0.00,17.00,DStar
4191,10.98,AgentPrefab,Agent,MoveState,Moving,Goal,20.00,0.00,20.00,13.57,0.00,16.57,14.00,0.00,17.00,DStar
4192,10.98,AgentPrefab,Agent,MoveState,Moving,Goal,20.00,0.00,20.00,13.57,0.00,16.57,14.00,0.00,17.00,DStar
4193,10.98,AgentPrefab,Agent,MoveState,Moving,Goal,20.00,0.00,20.00,13.57,0.00,16.57,14.00,0.00,17.00,DStar
4194,10.99,AgentPrefab,Agent,MoveState,Moving,Goal,20.00,0.00,20.00,13.58,0.00,16.58,14.00,0.00,17.00,DStar
4195,10.99,AgentPrefab,Agent,MoveState,Moving,Goal,20.00,0.00,20.00,13.58,0.00,16.58,14.00,0.00,17.00,DStar
4196,10.99,AgentPrefab,Agent,MoveState,Moving,Goal,20.00,0.00,20.00,13.59,0.00,16.59,14.00,0.00,17.00,DStar
4197,10.99,AgentPrefab,Agent,MoveState,Moving,Goal,20.00,0.00,20.00,13.59,0.00,16.59,14.00,0.00,17.00,DStar
4198,11.00,AgentPrefab,Agent,MoveState,Moving,Goal,20.00,0.00,20.00,13.59,0.00,16.59,14.00,0.00,17.00,DStar
4199,11.00,AgentPrefab,Agent,MoveState,Moving,Goal,20.00,0.00,20.00,13.60,0.00,16.60,14.00,0.00,17.00,DStar
4200,11.00,AgentPrefab,Agent,MoveState,Moving,Goal,20.00,0.00,20.00,13.60,0.00,16.60,14.00,0.00,17.00,DStar
4201,11.00,AgentPrefab,Agent,MoveState,Moving,Goal,20.00,0.00,20.00,13.60,0.00,16.60,14.00,0.00,17.00,DStar
4202,11.01,AgentPrefab,Agent,MoveState,Moving,Goal,20.00,0.00,20.00,13.61,0.00,16.61,14.00,0.00,17.00,DStar
4203,11.01,AgentPrefab,Agent,MoveState,Moving,Goal,20.00,0.00,20.00,13.61,0.00,16.61,14.00,0.00,17.00,DStar
4204,11.01,AgentPrefab,Agent,MoveState,Moving,Goal,20.00,0.00,20.00,13.61,0.00,16.61,14.00,0.00,17.00,DStar
4205,11.01,AgentPrefab,Agent,MoveState,Moving,Goal,20.00,0.00,20.00,13.62,0.00,16.62,14.00,0.00,17.00,DStar
4206,11.01,AgentPrefab,Agent,MoveState,Moving,Goal,20.00,0.00,20.00,13.62,0.00,16.62,14.00,0.00,17.00,DStar
4207,11.02,AgentPrefab,Agent,MoveState,Moving,Goal,20.00,0.00,20.00,13.62,0.00,16.62,14.00,0.00,17.00,DStar
4208,11.02,AgentPrefab,Agent,MoveState,Moving,Goal,20.00,0.00,20.00,13.63,0.00,16.63,14.00,0.00,17.00,DStar
4209,11.02,AgentPrefab,Agent,MoveState,Moving,Goal,20.00,0.00,20.00,13.63,0.00,16.63,14.00,0.00,17.00,DStar
4210,11.03,AgentPrefab,Agent,MoveState,Moving,Goal,20.00,0.00,20.00,13.63,0.00,16.63,14.00,0.00,17.00,DStar
4211,11.03,AgentPrefab,Agent,MoveState,Moving,Goal,20.00,0.00,20.00,13.64,0.00,16.64,14.00,0.00,17.00,DStar
4212,11.03,AgentPrefab,Agent,MoveState,Moving,Goal,20.00,0.00,20.00,13.64,0.00,16.64,14.00,0.00,17.00,DStar
4213,11.03,AgentPrefab,Agent,MoveState,Moving,Goal,20.00,0.00,20.00,13.64,0.00,16.64,14.00,0.00,17.00,DStar
4214,11.04,AgentPrefab,Agent,MoveState,Moving,Goal,20.00,0.00,20.00,13.65,0.00,16.65,14.00,0.00,17.00,DStar
4215,11.04,AgentPrefab,Agent,MoveState,Moving,Goal,20.00,0.00,20.00,13.65,0.00,16.65,14.00,0.00,17.00,DStar
4216,11.04,AgentPrefab,Agent,MoveState,Moving,Goal,20.00,0.00,20.00,13.66,0.00,16.66,14.00,0.00,17.00,DStar
4217,11.04,AgentPrefab,Agent,MoveState,Moving,Goal,20.00,0.00,20.00,13.66,0.00,16.66,14.00,0.00,17.00,DStar
4218,11.04,AgentPrefab,Agent,MoveState,Moving,Goal,20.00,0.00,20.00,13.66,0.00,16.66,14.00,0.00,17.00,DStar
4219,11.05,AgentPrefab,Agent,MoveState,Moving,Goal,20.00,0.00,20.00,13.66,0.00,16.66,14.00,0.00,17.00,DStar
4220,11.05,AgentPrefab,Agent,MoveState,Moving,Goal,20.00,0.00,20.00,13.67,0.00,16.67,14.00,0.00,17.00,DStar
4221,11.05,AgentPrefab,Agent,MoveState,Moving,Goal,20.00,0.00,20.00,13.67,0.00,16.67,14.00,0.00,17.00,DStar
4222,11.05,AgentPrefab,Agent,MoveState,Moving,Goal,20.00,0.00,20.00,13.68,0.00,16.68,14.00,0.00,17.00,DStar
4223,11.06,AgentPrefab,Agent,MoveState,Moving,Goal,20.00,0.00,20.00,13.68,0.00,16.68,14.00,0.00,17.00,DStar
4224,11.06,AgentPrefab,Agent,MoveState,Moving,Goal,20.00,0.00,20.00,13.68,0.00,16.68,14.00,0.00,17.00,DStar
4225,11.06,AgentPrefab,Agent,MoveState,Moving,Goal,20.00,0.00,20.00,13.69,0.00,16.69,14.00,0.00,17.00,DStar
4226,11.06,AgentPrefab,Agent,MoveState,Moving,Goal,20.00,0.00,20.00,13.69,0.00,16.69,14.00,0.00,17.00,DStar
4227,11.07,AgentPrefab,Agent,MoveState,Moving,Goal,20.00,0.00,20.00,13.69,0.00,16.69,14.00,0.00,17.00,DStar
4228,11.07,AgentPrefab,Agent,MoveState,Moving,Goal,20.00,0.00,20.00,13.69,0.00,16.69,14.00,0.00,17.00,DStar
4229,11.07,AgentPrefab,Agent,MoveState,Moving,Goal,20.00,0.00,20.00,13.70,0.00,16.70,14.00,0.00,17.00,DStar
4230,11.08,AgentPrefab,Agent,MoveState,Moving,Goal,20.00,0.00,20.00,13.70,0.00,16.70,14.00,0.00,17.00,DStar
4231,11.08,AgentPrefab,Agent,MoveState,Moving,Goal,20.00,0.00,20.00,13.71,0.00,16.71,14.00,0.00,17.00,DStar
4232,11.08,AgentPrefab,Agent,MoveState,Moving,Goal,20.00,0.00,20.00,13.71,0.00,16.71,14.00,0.00,17.00,DStar
4233,11.08,AgentPrefab,Agent,MoveState,Moving,Goal,20.00,0.00,20.00,13.72,0.00,16.72,14.00,0.00,17.00,DStar
4234,11.09,AgentPrefab,Agent,MoveState,Moving,Goal,20.00,0.00,20.00,13.72,0.00,16.72,14.00,0.00,17.00,DStar
4235,11.09,AgentPrefab,Agent,MoveState,Moving,Goal,20.00,0.00,20.00,13.72,0.00,16.72,14.00,0.00,17.00,DStar
4236,11.09,AgentPrefab,Agent,MoveState,Moving,Goal,20.00,0.00,20.00,13.73,0.00,16.73,14.00,0.00,17.00,DStar
4237,11.09,AgentPrefab,Agent,MoveState,Moving,Goal,20.00,0.00,20.00,13.73,0.00,16.73,14.00,0.00,17.00,DStar
4238,11.10,AgentPrefab,Agent,MoveState,Moving,Goal,20.00,0.00,20.00,13.73,0.00,16.73,14.00,0.00,17.00,DStar
4239,11.10,AgentPrefab,Agent,MoveState,Moving,Goal,20.00,0.00,20.00,13.74,0.00,16.74,14.00,0.00,17.00,DStar
4240,11.10,AgentPrefab,Agent,MoveState,Moving,Goal,20.00,0.00,20.00,13.74,0.00,16.74,14.00,0.00,17.00,DStar
4241,11.11,AgentPrefab,Agent,MoveState,Moving,Goal,20.00,0.00,20.00,13.74,0.00,16.74,14.00,0.00,17.00,DStar
4242,11.11,AgentPrefab,Agent,MoveState,Moving,Goal,20.00,0.00,20.00,13.75,0.00,16.75,14.00,0.00,17.00,DStar
4243,11.11,AgentPrefab,Agent,MoveState,Moving,Goal,20.00,0.00,20.00,13.75,0.00,16.75,14.00,0.00,17.00,DStar
4244,11.11,AgentPrefab,Agent,MoveState,Moving,Goal,20.00,0.00,20.00,13.76,0.00,16.76,14.00,0.00,17.00,DStar
4245,11.11,AgentPrefab,Agent,MoveState,Moving,Goal,20.00,0.00,20.00,13.76,0.00,16.76,14.00,0.00,17.00,DStar
4246,11.12,AgentPrefab,Agent,MoveState,Moving,Goal,20.00,0.00,20.00,13.76,0.00,16.76,14.00,0.00,17.00,DStar
4247,11.12,AgentPrefab,Agent,MoveState,Moving,Goal,20.00,0.00,20.00,13.77,0.00,16.77,14.00,0.00,17.00,DStar
4248,11.12,AgentPrefab,Agent,MoveState,Moving,Goal,20.00,0.00,20.00,13.77,0.00,16.77,14.00,0.00,17.00,DStar
4249,11.12,AgentPrefab,Agent,MoveState,Moving,Goal,20.00,0.00,20.00,13.77,0.00,16.77,14.00,0.00,17.00,DStar
4250,11.13,AgentPrefab,Agent,MoveState,Moving,Goal,20.00,0.00,20.00,13.78,0.00,16.78,14.00,0.00,17.00,DStar
4251,11.13,AgentPrefab,Agent,MoveState,Moving,Goal,20.00,0.00,20.00,13.78,0.00,16.78,14.00,0.00,17.00,DStar
4252,11.13,AgentPrefab,Agent,MoveState,Moving,Goal,20.00,0.00,20.00,13.78,0.00,16.78,14.00,0.00,17.00,DStar
4253,11.13,AgentPrefab,Agent,MoveState,Moving,Goal,20.00,0.00,20.00,13.79,0.00,16.79,14.00,0.00,17.00,DStar
4254,11.14,AgentPrefab,Agent,MoveState,Moving,Goal,20.00,0.00,20.00,13.79,0.00,16.79,14.00,0.00,17.00,DStar
4255,11.14,AgentPrefab,Agent,MoveState,Moving,Goal,20.00,0.00,20.00,13.79,0.00,16.79,14.00,0.00,17.00,DStar
4256,11.14,AgentPrefab,Agent,MoveState,Moving,Goal,20.00,0.00,20.00,13.80,0.00,16.80,14.00,0.00,17.00,DStar
4257,11.14,AgentPrefab,Agent,MoveState,Moving,Goal,20.00,0.00,20.00,13.80,0.00,16.80,14.00,0.00,17.00,DStar
4258,11.15,AgentPrefab,Agent,MoveState,Moving,Goal,20.00,0.00,20.00,13.80,0.00,16.80,14.00,0.00,17.00,DStar
4259,11.15,AgentPrefab,Agent,MoveState,Moving,Goal,20.00,0.00,20.00,13.81,0.00,16.81,14.00,0.00,17.00,DStar
4260,11.15,AgentPrefab,Agent,MoveState,Moving,Goal,20.00,0.00,20.00,13.81,0.00,16.81,14.00,0.00,17.00,DStar
4261,11.15,AgentPrefab,Agent,MoveState,Moving,Goal,20.00,0.00,20.00,13.82,0.00,16.82,14.00,0.00,17.00,DStar
4262,11.16,AgentPrefab,Agent,MoveState,Moving,Goal,20.00,0.00,20.00,13.82,0.00,16.82,14.00,0.00,17.00,DStar
4263,11.16,AgentPrefab,Agent,MoveState,Moving,Goal,20.00,0.00,20.00,13.82,0.00,16.82,14.00,0.00,17.00,DStar
4264,11.16,AgentPrefab,Agent,MoveState,Moving,Goal,20.00,0.00,20.00,13.83,0.00,16.83,14.00,0.00,17.00,DStar
4265,11.16,AgentPrefab,Agent,MoveState,Moving,Goal,20.00,0.00,20.00,13.83,0.00,16.83,14.00,0.00,17.00,DStar
4266,11.17,AgentPrefab,Agent,MoveState,Moving,Goal,20.00,0.00,20.00,13.83,0.00,16.83,14.00,0.00,17.00,DStar
4267,11.17,AgentPrefab,Agent,MoveState,Moving,Goal,20.00,0.00,20.00,13.84,0.00,16.84,14.00,0.00,17.00,DStar
4268,11.17,AgentPrefab,Agent,MoveState,Moving,Goal,20.00,0.00,20.00,13.84,0.00,16.84,14.00,0.00,17.00,DStar
4269,11.17,AgentPrefab,Agent,MoveState,Moving,Goal,20.00,0.00,20.00,13.84,0.00,16.84,14.00,0.00,17.00,DStar
4270,11.18,AgentPrefab,Agent,MoveState,Moving,Goal,20.00,0.00,20.00,13.85,0.00,16.85,14.00,0.00,17.00,DStar
4271,11.18,AgentPrefab,Agent,MoveState,Moving,Goal,20.00,0.00,20.00,13.85,0.00,16.85,14.00,0.00,17.00,DStar
4272,11.18,AgentPrefab,Agent,MoveState,Moving,Goal,20.00,0.00,20.00,13.85,0.00,16.85,14.00,0.00,17.00,DStar
4273,11.18,AgentPrefab,Agent,MoveState,Moving,Goal,20.00,0.00,20.00,13.86,0.00,16.86,14.00,0.00,17.00,DStar
4274,11.19,AgentPrefab,Agent,MoveState,Moving,Goal,20.00,0.00,20.00,13.86,0.00,16.86,14.00,0.00,17.00,DStar
4275,11.19,AgentPrefab,Agent,MoveState,Moving,Goal,20.00,0.00,20.00,13.86,0.00,16.86,14.00,0.00,17.00,DStar
4276,11.19,AgentPrefab,Agent,MoveState,Moving,Goal,20.00,0.00,20.00,13.87,0.00,16.87,14.00,0.00,17.00,DStar
4277,11.19,AgentPrefab,Agent,MoveState,Moving,Goal,20.00,0.00,20.00,13.87,0.00,16.87,14.00,0.00,17.00,DStar
4278,11.20,AgentPrefab,Agent,MoveState,Moving,Goal,20.00,0.00,20.00,13.87,0.00,16.87,14.00,0.00,17.00,DStar
4279,11.20,AgentPrefab,Agent,MoveState,Moving,Goal,20.00,0.00,20.00,13.88,0.00,16.88,14.00,0.00,17.00,DStar
4280,11.20,AgentPrefab,Agent,MoveState,Moving,Goal,20.00,0.00,20.00,13.88,0.00,16.88,14.00,0.00,17.00,DStar
4281,11.20,AgentPrefab,Agent,MoveState,Moving,Goal,20.00,0.00,20.00,13.88,0.00,16.88,14.00,0.00,17.00,DStar
4282,11.21,AgentPrefab,Agent,MoveState,Moving,Goal,20.00,0.00,20.00,13.89,0.00,16.89,14.00,0.00,17.00,DStar
4283,11.21,AgentPrefab,Agent,MoveState,Moving,Goal,20.00,0.00,20.00,13.89,0.00,16.89,14.00,0.00,17.00,DStar
4284,11.21,AgentPrefab,Agent,MoveState,Moving,Goal,20.00,0.00,20.00,13.90,0.00,16.90,14.00,0.00,17.00,DStar
4285,11.21,AgentPrefab,Agent,MoveState,Moving,Goal,20.00,0.00,20.00,13.90,0.00,16.90,14.00,0.00,17.00,DStar
4286,11.22,AgentPrefab,Agent,MoveState,Moving,Goal,20.00,0.00,20.00,13.90,0.00,16.90,14.00,0.00,17.00,DStar
4287,11.22,AgentPrefab,Agent,MoveState,Moving,Goal,20.00,0.00,20.00,13.91,0.00,16.91,14.00,0.00,17.00,DStar
4288,11.22,AgentPrefab,Agent,MoveState,Moving,Goal,20.00,0.00,20.00,13.91,0.00,16.91,14.00,0.00,17.00,DStar
4289,11.22,AgentPrefab,Agent,MoveState,Moving,Goal,20.00,0.00,20.00,13.91,0.00,16.91,14.00,0.00,17.00,DStar
4290,11.23,AgentPrefab,Agent,MoveState,Moving,Goal,20.00,0.00,20.00,13.92,0.00,16.92,14.00,0.00,17.00,DStar
4291,11.23,AgentPrefab,Agent,MoveState,Moving,Goal,20.00,0.00,20.00,13.92,0.00,16.92,14.00,0.00,17.00,DStar
4292,11.23,AgentPrefab,Agent,MoveState,Moving,Goal,20.00,0.00,20.00,13.92,0.00,16.92,14.00,0.00,17.00,DStar
4293,11.23,AgentPrefab,Agent,MoveState,Moving,Goal,20.00,0.00,20.00,13.93,0.00,16.93,14.00,0.00,17.00,DStar
4294,11.23,AgentPrefab,Agent,MoveState,Moving,Goal,20.00,0.00,20.00,13.93,0.00,16.93,14.00,0.00,17.00,DStar
4295,11.24,AgentPrefab,Agent,MoveState,Moving,Goal,20.00,0.00,20.00,13.93,0.00,16.93,14.00,0.00,17.00,DStar
4296,11.24,AgentPrefab,Agent,MoveState,Moving,Goal,20.00,0.00,20.00,13.94,0.00,16.94,14.00,0.00,17.00,DStar
4297,11.24,AgentPrefab,Agent,MoveState,Moving,Goal,20.00,0.00,20.00,13.94,0.00,16.94,14.00,0.00,17.00,DStar
4298,11.25,AgentPrefab,Agent,MoveState,Moving,Goal,20.00,0.00,20.00,13.95,0.00,16.95,14.00,0.00,17.00,DStar
4299,11.25,AgentPrefab,Agent,MoveState,Moving,Goal,20.00,0.00,20.00,13.95,0.00,16.95,14.00,0.00,17.00,DStar
4300,11.25,AgentPrefab,Agent,MoveState,Moving,Goal,20.00,0.00,20.00,13.95,0.00,16.95,14.00,0.00,17.00,DStar
4301,11.25,AgentPrefab,Agent,MoveState,Moving,Goal,20.00,0.00,20.00,13.95,0.00,16.95,14.00,0.00,17.00,DStar
4302,11.25,AgentPrefab,Agent,MoveState,Moving,Goal,20.00,0.00,20.00,13.96,0.00,16.96,14.00,0.00,17.00,DStar
4303,11.26,AgentPrefab,Agent,MoveState,Moving,Goal,20.00,0.00,20.00,13.96,0.00,16.96,14.00,0.00,17.00,DStar
4304,11.26,AgentPrefab,Agent,MoveState,Moving,Goal,20.00,0.00,20.00,14.00,0.00,17.00,15.00,0.00,18.00,DStar
4305,11.26,AgentPrefab,Agent,MoveState,Moving,Goal,20.00,0.00,20.00,14.00,0.00,17.00,15.00,0.00,18.00,DStar
4306,11.26,AgentPrefab,Agent,MoveState,Moving,Goal,20.00,0.00,20.00,14.01,0.00,17.01,15.00,0.00,18.00,DStar
4307,11.27,AgentPrefab,Agent,MoveState,Moving,Goal,20.00,0.00,20.00,14.01,0.00,17.01,15.00,0.00,18.00,DStar
4308,11.27,AgentPrefab,Agent,MoveState,Moving,Goal,20.00,0.00,20.00,14.01,0.00,17.01,15.00,0.00,18.00,DStar
4309,11.27,AgentPrefab,Agent,MoveState,Moving,Goal,20.00,0.00,20.00,14.02,0.00,17.02,15.00,0.00,18.00,DStar
4310,11.27,AgentPrefab,Agent,MoveState,Moving,Goal,20.00,0.00,20.00,14.02,0.00,17.02,15.00,0.00,18.00,DStar
4311,11.28,AgentPrefab,Agent,MoveState,Moving,Goal,20.00,0.00,20.00,14.02,0.00,17.02,15.00,0.00,18.00,DStar
4312,11.28,AgentPrefab,Agent,MoveState,Moving,Goal,20.00,0.00,20.00,14.03,0.00,17.03,15.00,0.00,18.00,DStar
4313,11.28,AgentPrefab,Agent,MoveState,Moving,Goal,20.00,0.00,20.00,14.03,0.00,17.03,15.00,0.00,18.00,DStar
4314,11.29,AgentPrefab,Agent,MoveState,Moving,Goal,20.00,0.00,20.00,14.03,0.00,17.03,15.00,0.00,18.00,DStar
4315,11.29,AgentPrefab,Agent,MoveState,Moving,Goal,20.00,0.00,20.00,14.04,0.00,17.04,15.00,0.00,18.00,DStar
4316,11.29,AgentPrefab,Agent,MoveState,Moving,Goal,20.00,0.00,20.00,14.05,0.00,17.05,15.00,0.00,18.00,DStar
4317,11.29,AgentPrefab,Agent,MoveState,Moving,Goal,20.00,0.00,20.00,14.05,0.00,17.05,15.00,0.00,18.00,DStar
4318,11.30,AgentPrefab,Agent,MoveState,Moving,Goal,20.00,0.00,20.00,14.05,0.00,17.05,15.00,0.00,18.00,DStar
4319,11.30,AgentPrefab,Agent,MoveState,Moving,Goal,20.00,0.00,20.00,14.06,0.00,17.06,15.00,0.00,18.00,DStar
4320,11.30,AgentPrefab,Agent,MoveState,Moving,Goal,20.00,0.00,20.00,14.06,0.00,17.06,15.00,0.00,18.00,DStar
4321,11.30,AgentPrefab,Agent,MoveState,Moving,Goal,20.00,0.00,20.00,14.06,0.00,17.06,15.00,0.00,18.00,DStar
4322,11.31,AgentPrefab,Agent,MoveState,Moving,Goal,20.00,0.00,20.00,14.07,0.00,17.07,15.00,0.00,18.00,DStar
4323,11.31,AgentPrefab,Agent,MoveState,Moving,Goal,20.00,0.00,20.00,14.07,0.00,17.07,15.00,0.00,18.00,DStar
4324,11.31,AgentPrefab,Agent,MoveState,Moving,Goal,20.00,0.00,20.00,14.07,0.00,17.07,15.00,0.00,18.00,DStar
4325,11.31,AgentPrefab,Agent,MoveState,Moving,Goal,20.00,0.00,20.00,14.08,0.00,17.08,15.00,0.00,18.00,DStar
4326,11.32,AgentPrefab,Agent,MoveState,Moving,Goal,20.00,0.00,20.00,14.08,0.00,17.08,15.00,0.00,18.00,DStar
4327,11.32,AgentPrefab,Agent,MoveState,Moving,Goal,20.00,0.00,20.00,14.08,0.00,17.08,15.00,0.00,18.00,DStar
4328,11.32,AgentPrefab,Agent,MoveState,Moving,Goal,20.00,0.00,20.00,14.09,0.00,17.09,15.00,0.00,18.00,DStar
4329,11.32,AgentPrefab,Agent,MoveState,Moving,Goal,20.00,0.00,20.00,14.09,0.00,17.09,15.00,0.00,18.00,DStar
4330,11.33,AgentPrefab,Agent,MoveState,Moving,Goal,20.00,0.00,20.00,14.09,0.00,17.09,15.00,0.00,18.00,DStar
4331,11.33,AgentPrefab,Agent,MoveState,Moving,Goal,20.00,0.00,20.00,14.10,0.00,17.10,15.00,0.00,18.00,DStar
4332,11.33,AgentPrefab,Agent,MoveState,Moving,Goal,20.00,0.00,20.00,14.10,0.00,17.10,15.00,0.00,18.00,DStar
4333,11.33,AgentPrefab,Agent,MoveState,Moving,Goal,20.00,0.00,20.00,14.10,0.00,17.10,15.00,0.00,18.00,DStar
4334,11.34,AgentPrefab,Agent,MoveState,Moving,Goal,20.00,0.00,20.00,14.11,0.00,17.11,15.00,0.00,18.00,DStar
4335,11.34,AgentPrefab,Agent,MoveState,Moving,Goal,20.00,0.00,20.00,14.11,0.00,17.11,15.00,0.00,18.00,DStar
4336,11.34,AgentPrefab,Agent,MoveState,Moving,Goal,20.00,0.00,20.00,14.11,0.00,17.11,15.00,0.00,18.00,DStar
4337,11.34,AgentPrefab,Agent,MoveState,Moving,Goal,20.00,0.00,20.00,14.12,0.00,17.12,15.00,0.00,18.00,DStar
4338,11.35,AgentPrefab,Agent,MoveState,Moving,Goal,20.00,0.00,20.00,14.12,0.00,17.12,15.00,0.00,18.00,DStar
4339,11.35,AgentPrefab,Agent,MoveState,Moving,Goal,20.00,0.00,20.00,14.12,0.00,17.12,15.00,0.00,18.00,DStar
4340,11.35,AgentPrefab,Agent,MoveState,Moving,Goal,20.00,0.00,20.00,14.13,0.00,17.13,15.00,0.00,18.00,DStar
4341,11.35,AgentPrefab,Agent,MoveState,Moving,Goal,20.00,0.00,20.00,14.13,0.00,17.13,15.00,0.00,18.00,DStar
4342,11.35,AgentPrefab,Agent,MoveState,Moving,Goal,20.00,0.00,20.00,14.13,0.00,17.13,15.00,0.00,18.00,DStar
4343,11.36,AgentPrefab,Agent,MoveState,Moving,Goal,20.00,0.00,20.00,14.14,0.00,17.14,15.00,0.00,18.00,DStar
4344,11.36,AgentPrefab,Agent,MoveState,Moving,Goal,20.00,0.00,20.00,14.14,0.00,17.14,15.00,0.00,18.00,DStar
4345,11.36,AgentPrefab,Agent,MoveState,Moving,Goal,20.00,0.00,20.00,14.14,0.00,17.14,15.00,0.00,18.00,DStar
4346,11.36,AgentPrefab,Agent,MoveState,Moving,Goal,20.00,0.00,20.00,14.15,0.00,17.15,15.00,0.00,18.00,DStar
4347,11.37,AgentPrefab,Agent,MoveState,Moving,Goal,20.00,0.00,20.00,14.15,0.00,17.15,15.00,0.00,18.00,DStar
4348,11.37,AgentPrefab,Agent,MoveState,Moving,Goal,20.00,0.00,20.00,14.16,0.00,17.16,15.00,0.00,18.00,DStar
4349,11.37,AgentPrefab,Agent,MoveState,Moving,Goal,20.00,0.00,20.00,14.16,0.00,17.16,15.00,0.00,18.00,DStar
4350,11.38,AgentPrefab,Agent,MoveState,Moving,Goal,20.00,0.00,20.00,14.16,0.00,17.16,15.00,0.00,18.00,DStar
4351,11.38,AgentPrefab,Agent,MoveState,Moving,Goal,20.00,0.00,20.00,14.17,0.00,17.17,15.00,0.00,18.00,DStar
4352,11.38,AgentPrefab,Agent,MoveState,Moving,Goal,20.00,0.00,20.00,14.17,0.00,17.17,15.00,0.00,18.00,DStar
4353,11.38,AgentPrefab,Agent,MoveState,Moving,Goal,20.00,0.00,20.00,14.17,0.00,17.17,15.00,0.00,18.00,DStar
4354,11.38,AgentPrefab,Agent,MoveState,Moving,Goal,20.00,0.00,20.00,14.18,0.00,17.18,15.00,0.00,18.00,DStar
4355,11.39,AgentPrefab,Agent,MoveState,Moving,Goal,20.00,0.00,20.00,14.18,0.00,17.18,15.00,0.00,18.00,DStar
4356,11.39,AgentPrefab,Agent,MoveState,Moving,Goal,20.00,0.00,20.00,14.18,0.00,17.18,15.00,0.00,18.00,DStar
4357,11.39,AgentPrefab,Agent,MoveState,Moving,Goal,20.00,0.00,20.00,14.19,0.00,17.19,15.00,0.00,18.00,DStar
4358,11.39,AgentPrefab,Agent,MoveState,Moving,Goal,20.00,0.00,20.00,14.19,0.00,17.19,15.00,0.00,18.00,DStar
4359,11.40,AgentPrefab,Agent,MoveState,Moving,Goal,20.00,0.00,20.00,14.19,0.00,17.19,15.00,0.00,18.00,DStar
4360,11.40,AgentPrefab,Agent,MoveState,Moving,Goal,20.00,0.00,20.00,14.20,0.00,17.20,15.00,0.00,18.00,DStar
4361,11.40,AgentPrefab,Agent,MoveState,Moving,Goal,20.00,0.00,20.00,14.20,0.00,17.20,15.00,0.00,18.00,DStar
4362,11.40,AgentPrefab,Agent,MoveState,Moving,Goal,20.00,0.00,20.00,14.20,0.00,17.20,15.00,0.00,18.00,DStar
4363,11.41,AgentPrefab,Agent,MoveState,Moving,Goal,20.00,0.00,20.00,14.21,0.00,17.21,15.00,0.00,18.00,DStar
4364,11.41,AgentPrefab,Agent,MoveState,Moving,Goal,20.00,0.00,20.00,14.21,0.00,17.21,15.00,0.00,18.00,DStar
4365,11.41,AgentPrefab,Agent,MoveState,Moving,Goal,20.00,0.00,20.00,14.22,0.00,17.22,15.00,0.00,18.00,DStar
4366,11.42,AgentPrefab,Agent,MoveState,Moving,Goal,20.00,0.00,20.00,14.22,0.00,17.22,15.00,0.00,18.00,DStar
4367,11.42,AgentPrefab,Agent,MoveState,Moving,Goal,20.00,0.00,20.00,14.22,0.00,17.22,15.00,0.00,18.00,DStar
4368,11.42,AgentPrefab,Agent,MoveState,Moving,Goal,20.00,0.00,20.00,14.23,0.00,17.23,15.00,0.00,18.00,DStar
4369,11.42,AgentPrefab,Agent,MoveState,Moving,Goal,20.00,0.00,20.00,14.23,0.00,17.23,15.00,0.00,18.00,DStar
4370,11.43,AgentPrefab,Agent,MoveState,Moving,Goal,20.00,0.00,20.00,14.24,0.00,17.24,15.00,0.00,18.00,DStar
4371,11.43,AgentPrefab,Agent,MoveState,Moving,Goal,20.00,0.00,20.00,14.24,0.00,17.24,15.00,0.00,18.00,DStar
4372,11.43,AgentPrefab,Agent,MoveState,Moving,Goal,20.00,0.00,20.00,14.24,0.00,17.24,15.00,0.00,18.00,DStar
4373,11.43,AgentPrefab,Agent,MoveState,Moving,Goal,20.00,0.00,20.00,14.25,0.00,17.25,15.00,0.00,18.00,DStar
4374,11.44,AgentPrefab,Agent,MoveState,Moving,Goal,20.00,0.00,20.00,14.25,0.00,17.25,15.00,0.00,18.00,DStar
4375,11.44,AgentPrefab,Agent,MoveState,Moving,Goal,20.00,0.00,20.00,14.25,0.00,17.25,15.00,0.00,18.00,DStar
4376,11.44,AgentPrefab,Agent,MoveState,Moving,Goal,20.00,0.00,20.00,14.26,0.00,17.26,15.00,0.00,18.00,DStar
4377,11.44,AgentPrefab,Agent,MoveState,Moving,Goal,20.00,0.00,20.00,14.26,0.00,17.26,15.00,0.00,18.00,DStar
4378,11.45,AgentPrefab,Agent,MoveState,Moving,Goal,20.00,0.00,20.00,14.26,0.00,17.26,15.00,0.00,18.00,DStar
4379,11.45,AgentPrefab,Agent,MoveState,Moving,Goal,20.00,0.00,20.00,14.27,0.00,17.27,15.00,0.00,18.00,DStar
4380,11.45,AgentPrefab,Agent,MoveState,Moving,Goal,20.00,0.00,20.00,14.27,0.00,17.27,15.00,0.00,18.00,DStar
4381,11.45,AgentPrefab,Agent,MoveState,Moving,Goal,20.00,0.00,20.00,14.27,0.00,17.27,15.00,0.00,18.00,DStar
4382,11.46,AgentPrefab,Agent,MoveState,Moving,Goal,20.00,0.00,20.00,14.28,0.00,17.28,15.00,0.00,18.00,DStar
4383,11.46,AgentPrefab,Agent,MoveState,Moving,Goal,20.00,0.00,20.00,14.28,0.00,17.28,15.00,0.00,18.00,DStar
4384,11.46,AgentPrefab,Agent,MoveState,Moving,Goal,20.00,0.00,20.00,14.28,0.00,17.28,15.00,0.00,18.00,DStar
4385,11.46,AgentPrefab,Agent,MoveState,Moving,Goal,20.00,0.00,20.00,14.29,0.00,17.29,15.00,0.00,18.00,DStar
4386,11.47,AgentPrefab,Agent,MoveState,Moving,Goal,20.00,0.00,20.00,14.29,0.00,17.29,15.00,0.00,18.00,DStar
4387,11.47,AgentPrefab,Agent,MoveState,Moving,Goal,20.00,0.00,20.00,14.29,0.00,17.29,15.00,0.00,18.00,DStar
4388,11.47,AgentPrefab,Agent,MoveState,Moving,Goal,20.00,0.00,20.00,14.30,0.00,17.30,15.00,0.00,18.00,DStar
4389,11.47,AgentPrefab,Agent,MoveState,Moving,Goal,20.00,0.00,20.00,14.30,0.00,17.30,15.00,0.00,18.00,DStar
4390,11.48,AgentPrefab,Agent,MoveState,Moving,Goal,20.00,0.00,20.00,14.31,0.00,17.31,15.00,0.00,18.00,DStar
4391,11.48,AgentPrefab,Agent,MoveState,Moving,Goal,20.00,0.00,20.00,14.31,0.00,17.31,15.00,0.00,18.00,DStar
4392,11.48,AgentPrefab,Agent,MoveState,Moving,Goal,20.00,0.00,20.00,14.31,0.00,17.31,15.00,0.00,18.00,DStar
4393,11.49,AgentPrefab,Agent,MoveState,Moving,Goal,20.00,0.00,20.00,14.32,0.00,17.32,15.00,0.00,18.00,DStar
4394,11.49,AgentPrefab,Agent,MoveState,Moving,Goal,20.00,0.00,20.00,14.32,0.00,17.32,15.00,0.00,18.00,DStar
4395,11.49,AgentPrefab,Agent,MoveState,Moving,Goal,20.00,0.00,20.00,14.33,0.00,17.33,15.00,0.00,18.00,DStar
4396,11.50,AgentPrefab,Agent,MoveState,Moving,Goal,20.00,0.00,20.00,14.33,0.00,17.33,15.00,0.00,18.00,DStar
4397,11.50,AgentPrefab,Agent,MoveState,Moving,Goal,20.00,0.00,20.00,14.34,0.00,17.34,15.00,0.00,18.00,DStar
4398,11.50,AgentPrefab,Agent,MoveState,Moving,Goal,20.00,0.00,20.00,14.34,0.00,17.34,15.00,0.00,18.00,DStar
4399,11.50,AgentPrefab,Agent,MoveState,Moving,Goal,20.00,0.00,20.00,14.34,0.00,17.34,15.00,0.00,18.00,DStar
4400,11.51,AgentPrefab,Agent,MoveState,Moving,Goal,20.00,0.00,20.00,14.35,0.00,17.35,15.00,0.00,18.00,DStar
4401,11.51,AgentPrefab,Agent,MoveState,Moving,Goal,20.00,0.00,20.00,14.35,0.00,17.35,15.00,0.00,18.00,DStar
4402,11.51,AgentPrefab,Agent,MoveState,Moving,Goal,20.00,0.00,20.00,14.36,0.00,17.36,15.00,0.00,18.00,DStar
4403,11.51,AgentPrefab,Agent,MoveState,Moving,Goal,20.00,0.00,20.00,14.36,0.00,17.36,15.00,0.00,18.00,DStar
4404,11.52,AgentPrefab,Agent,MoveState,Moving,Goal,20.00,0.00,20.00,14.36,0.00,17.36,15.00,0.00,18.00,DStar
4405,11.52,AgentPrefab,Agent,MoveState,Moving,Goal,20.00,0.00,20.00,14.37,0.00,17.37,15.00,0.00,18.00,DStar
4406,11.52,AgentPrefab,Agent,MoveState,Moving,Goal,20.00,0.00,20.00,14.37,0.00,17.37,15.00,0.00,18.00,DStar
4407,11.52,AgentPrefab,Agent,MoveState,Moving,Goal,20.00,0.00,20.00,14.37,0.00,17.37,15.00,0.00,18.00,DStar
4408,11.53,AgentPrefab,Agent,MoveState,Moving,Goal,20.00,0.00,20.00,14.38,0.00,17.38,15.00,0.00,18.00,DStar
4409,11.53,AgentPrefab,Agent,MoveState,Moving,Goal,20.00,0.00,20.00,14.38,0.00,17.38,15.00,0.00,18.00,DStar
4410,11.53,AgentPrefab,Agent,MoveState,Moving,Goal,20.00,0.00,20.00,14.38,0.00,17.38,15.00,0.00,18.00,DStar
4411,11.53,AgentPrefab,Agent,MoveState,Moving,Goal,20.00,0.00,20.00,14.39,0.00,17.39,15.00,0.00,18.00,DStar
4412,11.53,AgentPrefab,Agent,MoveState,Moving,Goal,20.00,0.00,20.00,14.39,0.00,17.39,15.00,0.00,18.00,DStar
4413,11.54,AgentPrefab,Agent,MoveState,Moving,Goal,20.00,0.00,20.00,14.39,0.00,17.39,15.00,0.00,18.00,DStar
4414,11.54,AgentPrefab,Agent,MoveState,Moving,Goal,20.00,0.00,20.00,14.40,0.00,17.40,15.00,0.00,18.00,DStar
4415,11.54,AgentPrefab,Agent,MoveState,Moving,Goal,20.00,0.00,20.00,14.40,0.00,17.40,15.00,0.00,18.00,DStar
4416,11.54,AgentPrefab,Agent,MoveState,Moving,Goal,20.00,0.00,20.00,14.40,0.00,17.40,15.00,0.00,18.00,DStar
4417,11.55,AgentPrefab,Agent,MoveState,Moving,Goal,20.00,0.00,20.00,14.41,0.00,17.41,15.00,0.00,18.00,DStar
4418,11.55,AgentPrefab,Agent,MoveState,Moving,Goal,20.00,0.00,20.00,14.41,0.00,17.41,15.00,0.00,18.00,DStar
4419,11.55,AgentPrefab,Agent,MoveState,Moving,Goal,20.00,0.00,20.00,14.41,0.00,17.41,15.00,0.00,18.00,DStar
4420,11.56,AgentPrefab,Agent,MoveState,Moving,Goal,20.00,0.00,20.00,14.42,0.00,17.42,15.00,0.00,18.00,DStar
4421,11.56,AgentPrefab,Agent,MoveState,Moving,Goal,20.00,0.00,20.00,14.42,0.00,17.42,15.00,0.00,18.00,DStar
4422,11.56,AgentPrefab,Agent,MoveState,Moving,Goal,20.00,0.00,20.00,14.42,0.00,17.42,15.00,0.00,18.00,DStar
4423,11.56,AgentPrefab,Agent,MoveState,Moving,Goal,20.00,0.00,20.00,14.43,0.00,17.43,15.00,0.00,18.00,DStar
4424,11.56,AgentPrefab,Agent,MoveState,Moving,Goal,20.00,0.00,20.00,14.43,0.00,17.43,15.00,0.00,18.00,DStar
4425,11.57,AgentPrefab,Agent,MoveState,Moving,Goal,20.00,0.00,20.00,14.43,0.00,17.43,15.00,0.00,18.00,DStar
4426,11.57,AgentPrefab,Agent,MoveState,Moving,Goal,20.00,0.00,20.00,14.44,0.00,17.44,15.00,0.00,18.00,DStar
4427,11.57,AgentPrefab,Agent,MoveState,Moving,Goal,20.00,0.00,20.00,14.44,0.00,17.44,15.00,0.00,18.00,DStar
4428,11.57,AgentPrefab,Agent,MoveState,Moving,Goal,20.00,0.00,20.00,14.45,0.00,17.45,15.00,0.00,18.00,DStar
4429,11.58,AgentPrefab,Agent,MoveState,Moving,Goal,20.00,0.00,20.00,14.45,0.00,17.45,15.00,0.00,18.00,DStar
4430,11.58,AgentPrefab,Agent,MoveState,Moving,Goal,20.00,0.00,20.00,14.45,0.00,17.45,15.00,0.00,18.00,DStar
4431,11.58,AgentPrefab,Agent,MoveState,Moving,Goal,20.00,0.00,20.00,14.45,0.00,17.45,15.00,0.00,18.00,DStar
4432,11.58,AgentPrefab,Agent,MoveState,Moving,Goal,20.00,0.00,20.00,14.46,0.00,17.46,15.00,0.00,18.00,DStar
4433,11.59,AgentPrefab,Agent,MoveState,Moving,Goal,20.00,0.00,20.00,14.46,0.00,17.46,15.00,0.00,18.00,DStar
4434,11.59,AgentPrefab,Agent,MoveState,Moving,Goal,20.00,0.00,20.00,14.47,0.00,17.47,15.00,0.00,18.00,DStar
4435,11.59,AgentPrefab,Agent,MoveState,Moving,Goal,20.00,0.00,20.00,14.47,0.00,17.47,15.00,0.00,18.00,DStar
4436,11.59,AgentPrefab,Agent,MoveState,Moving,Goal,20.00,0.00,20.00,14.47,0.00,17.47,15.00,0.00,18.00,DStar
4437,11.60,AgentPrefab,Agent,MoveState,Moving,Goal,20.00,0.00,20.00,14.48,0.00,17.48,15.00,0.00,18.00,DStar
4438,11.60,AgentPrefab,Agent,MoveState,Moving,Goal,20.00,0.00,20.00,14.48,0.00,17.48,15.00,0.00,18.00,DStar
4439,11.60,AgentPrefab,Agent,MoveState,Moving,Goal,20.00,0.00,20.00,14.48,0.00,17.48,15.00,0.00,18.00,DStar
4440,11.60,AgentPrefab,Agent,MoveState,Moving,Goal,20.00,0.00,20.00,14.49,0.00,17.49,15.00,0.00,18.00,DStar
4441,11.61,AgentPrefab,Agent,MoveState,Moving,Goal,20.00,0.00,20.00,14.49,0.00,17.49,15.00,0.00,18.00,DStar
4442,11.61,AgentPrefab,Agent,MoveState,Moving,Goal,20.00,0.00,20.00,14.49,0.00,17.49,15.00,0.00,18.00,DStar
4443,11.61,AgentPrefab,Agent,MoveState,Moving,Goal,20.00,0.00,20.00,14.50,0.00,17.50,15.00,0.00,18.00,DStar
4444,11.61,AgentPrefab,Agent,MoveState,Moving,Goal,20.00,0.00,20.00,14.50,0.00,17.50,15.00,0.00,18.00,DStar
4445,11.62,AgentPrefab,Agent,MoveState,Moving,Goal,20.00,0.00,20.00,14.50,0.00,17.50,15.00,0.00,18.00,DStar
4446,11.62,AgentPrefab,Agent,MoveState,Moving,Goal,20.00,0.00,20.00,14.51,0.00,17.51,15.00,0.00,18.00,DStar
4447,11.62,AgentPrefab,Agent,MoveState,Moving,Goal,20.00,0.00,20.00,14.51,0.00,17.51,15.00,0.00,18.00,DStar
4448,11.62,AgentPrefab,Agent,MoveState,Moving,Goal,20.00,0.00,20.00,14.52,0.00,17.52,15.00,0.00,18.00,DStar
4449,11.63,AgentPrefab,Agent,MoveState,Moving,Goal,20.00,0.00,20.00,14.52,0.00,17.52,15.00,0.00,18.00,DStar
4450,11.63,AgentPrefab,Agent,MoveState,Moving,Goal,20.00,0.00,20.00,14.52,0.00,17.52,15.00,0.00,18.00,DStar
4451,11.63,AgentPrefab,Agent,MoveState,Moving,Goal,20.00,0.00,20.00,14.53,0.00,17.53,15.00,0.00,18.00,DStar
4452,11.63,AgentPrefab,Agent,MoveState,Moving,Goal,20.00,0.00,20.00,14.53,0.00,17.53,15.00,0.00,18.00,DStar
4453,11.64,AgentPrefab,Agent,MoveState,Moving,Goal,20.00,0.00,20.00,14.53,0.00,17.53,15.00,0.00,18.00,DStar
4454,11.64,AgentPrefab,Agent,MoveState,Moving,Goal,20.00,0.00,20.00,14.54,0.00,17.54,15.00,0.00,18.00,DStar
4455,11.64,AgentPrefab,Agent,MoveState,Moving,Goal,20.00,0.00,20.00,14.54,0.00,17.54,15.00,0.00,18.00,DStar
4456,11.64,AgentPrefab,Agent,MoveState,Moving,Goal,20.00,0.00,20.00,14.54,0.00,17.54,15.00,0.00,18.00,DStar
4457,11.65,AgentPrefab,Agent,MoveState,Moving,Goal,20.00,0.00,20.00,14.55,0.00,17.55,15.00,0.00,18.00,DStar
4458,11.65,AgentPrefab,Agent,MoveState,Moving,Goal,20.00,0.00,20.00,14.55,0.00,17.55,15.00,0.00,18.00,DStar
4459,11.65,AgentPrefab,Agent,MoveState,Moving,Goal,20.00,0.00,20.00,14.55,0.00,17.55,15.00,0.00,18.00,DStar
4460,11.65,AgentPrefab,Agent,MoveState,Moving,Goal,20.00,0.00,20.00,14.56,0.00,17.56,15.00,0.00,18.00,DStar
4461,11.66,AgentPrefab,Agent,MoveState,Moving,Goal,20.00,0.00,20.00,14.56,0.00,17.56,15.00,0.00,18.00,DStar
4462,11.66,AgentPrefab,Agent,MoveState,Moving,Goal,20.00,0.00,20.00,14.57,0.00,17.57,15.00,0.00,18.00,DStar
4463,11.66,AgentPrefab,Agent,MoveState,Moving,Goal,20.00,0.00,20.00,14.57,0.00,17.57,15.00,0.00,18.00,DStar
4464,11.66,AgentPrefab,Agent,MoveState,Moving,Goal,20.00,0.00,20.00,14.57,0.00,17.57,15.00,0.00,18.00,DStar
4465,11.67,AgentPrefab,Agent,MoveState,Moving,Goal,20.00,0.00,20.00,14.58,0.00,17.58,15.00,0.00,18.00,DStar
4466,11.67,AgentPrefab,Agent,MoveState,Moving,Goal,20.00,0.00,20.00,14.58,0.00,17.58,15.00,0.00,18.00,DStar
4467,11.67,AgentPrefab,Agent,MoveState,Moving,Goal,20.00,0.00,20.00,14.58,0.00,17.58,15.00,0.00,18.00,DStar
4468,11.67,AgentPrefab,Agent,MoveState,Moving,Goal,20.00,0.00,20.00,14.59,0.00,17.59,15.00,0.00,18.00,DStar
4469,11.68,AgentPrefab,Agent,MoveState,Moving,Goal,20.00,0.00,20.00,14.59,0.00,17.59,15.00,0.00,18.00,DStar
4470,11.68,AgentPrefab,Agent,MoveState,Moving,Goal,20.00,0.00,20.00,14.59,0.00,17.59,15.00,0.00,18.00,DStar
4471,11.68,AgentPrefab,Agent,MoveState,Moving,Goal,20.00,0.00,20.00,14.60,0.00,17.60,15.00,0.00,18.00,DStar
4472,11.68,AgentPrefab,Agent,MoveState,Moving,Goal,20.00,0.00,20.00,14.60,0.00,17.60,15.00,0.00,18.00,DStar
4473,11.69,AgentPrefab,Agent,MoveState,Moving,Goal,20.00,0.00,20.00,14.60,0.00,17.60,15.00,0.00,18.00,DStar
4474,11.69,AgentPrefab,Agent,MoveState,Moving,Goal,20.00,0.00,20.00,14.61,0.00,17.61,15.00,0.00,18.00,DStar
4475,11.69,AgentPrefab,Agent,MoveState,Moving,Goal,20.00,0.00,20.00,14.61,0.00,17.61,15.00,0.00,18.00,DStar
4476,11.69,AgentPrefab,Agent,MoveState,Moving,Goal,20.00,0.00,20.00,14.61,0.00,17.61,15.00,0.00,18.00,DStar
4477,11.70,AgentPrefab,Agent,MoveState,Moving,Goal,20.00,0.00,20.00,14.62,0.00,17.62,15.00,0.00,18.00,DStar
4478,11.70,AgentPrefab,Agent,MoveState,Moving,Goal,20.00,0.00,20.00,14.62,0.00,17.62,15.00,0.00,18.00,DStar
4479,11.70,AgentPrefab,Agent,MoveState,Moving,Goal,20.00,0.00,20.00,14.62,0.00,17.62,15.00,0.00,18.00,DStar
4480,11.71,AgentPrefab,Agent,MoveState,Moving,Goal,20.00,0.00,20.00,14.63,0.00,17.63,15.00,0.00,18.00,DStar
4481,11.71,AgentPrefab,Agent,MoveState,Moving,Goal,20.00,0.00,20.00,14.63,0.00,17.63,15.00,0.00,18.00,DStar
4482,11.71,AgentPrefab,Agent,MoveState,Moving,Goal,20.00,0.00,20.00,14.64,0.00,17.64,15.00,0.00,18.00,DStar
4483,11.71,AgentPrefab,Agent,MoveState,Moving,Goal,20.00,0.00,20.00,14.64,0.00,17.64,15.00,0.00,18.00,DStar
4484,11.72,AgentPrefab,Agent,MoveState,Moving,Goal,20.00,0.00,20.00,14.64,0.00,17.64,15.00,0.00,18.00,DStar
4485,11.72,AgentPrefab,Agent,MoveState,Moving,Goal,20.00,0.00,20.00,14.65,0.00,17.65,15.00,0.00,18.00,DStar
4486,11.72,AgentPrefab,Agent,MoveState,Moving,Goal,20.00,0.00,20.00,14.65,0.00,17.65,15.00,0.00,18.00,DStar
4487,11.72,AgentPrefab,Agent,MoveState,Moving,Goal,20.00,0.00,20.00,14.65,0.00,17.65,15.00,0.00,18.00,DStar
4488,11.73,AgentPrefab,Agent,MoveState,Moving,Goal,20.00,0.00,20.00,14.66,0.00,17.66,15.00,0.00,18.00,DStar
4489,11.73,AgentPrefab,Agent,MoveState,Moving,Goal,20.00,0.00,20.00,14.66,0.00,17.66,15.00,0.00,18.00,DStar
4490,11.73,AgentPrefab,Agent,MoveState,Moving,Goal,20.00,0.00,20.00,14.66,0.00,17.66,15.00,0.00,18.00,DStar
4491,11.73,AgentPrefab,Agent,MoveState,Moving,Goal,20.00,0.00,20.00,14.67,0.00,17.67,15.00,0.00,18.00,DStar
4492,11.73,AgentPrefab,Agent,MoveState,Moving,Goal,20.00,0.00,20.00,14.67,0.00,17.67,15.00,0.00,18.00,DStar
4493,11.74,AgentPrefab,Agent,MoveState,Moving,Goal,20.00,0.00,20.00,14.67,0.00,17.67,15.00,0.00,18.00,DStar
4494,11.74,AgentPrefab,Agent,MoveState,Moving,Goal,20.00,0.00,20.00,14.68,0.00,17.68,15.00,0.00,18.00,DStar
4495,11.74,AgentPrefab,Agent,MoveState,Moving,Goal,20.00,0.00,20.00,14.68,0.00,17.68,15.00,0.00,18.00,DStar
4496,11.75,AgentPrefab,Agent,MoveState,Moving,Goal,20.00,0.00,20.00,14.69,0.00,17.69,15.00,0.00,18.00,DStar
4497,11.75,AgentPrefab,Agent,MoveState,Moving,Goal,20.00,0.00,20.00,14.69,0.00,17.69,15.00,0.00,18.00,DStar
4498,11.75,AgentPrefab,Agent,MoveState,Moving,Goal,20.00,0.00,20.00,14.69,0.00,17.69,15.00,0.00,18.00,DStar
4499,11.75,AgentPrefab,Agent,MoveState,Moving,Goal,20.00,0.00,20.00,14.70,0.00,17.70,15.00,0.00,18.00,DStar
4500,11.76,AgentPrefab,Agent,MoveState,Moving,Goal,20.00,0.00,20.00,14.70,0.00,17.70,15.00,0.00,18.00,DStar
4501,11.76,AgentPrefab,Agent,MoveState,Moving,Goal,20.00,0.00,20.00,14.70,0.00,17.70,15.00,0.00,18.00,DStar
4502,11.76,AgentPrefab,Agent,MoveState,Moving,Goal,20.00,0.00,20.00,14.71,0.00,17.71,15.00,0.00,18.00,DStar
4503,11.76,AgentPrefab,Agent,MoveState,Moving,Goal,20.00,0.00,20.00,14.71,0.00,17.71,15.00,0.00,18.00,DStar
4504,11.77,AgentPrefab,Agent,MoveState,Moving,Goal,20.00,0.00,20.00,14.72,0.00,17.72,15.00,0.00,18.00,DStar
4505,11.77,AgentPrefab,Agent,MoveState,Moving,Goal,20.00,0.00,20.00,14.72,0.00,17.72,15.00,0.00,18.00,DStar
4506,11.77,AgentPrefab,Agent,MoveState,Moving,Goal,20.00,0.00,20.00,14.72,0.00,17.72,15.00,0.00,18.00,DStar
4507,11.77,AgentPrefab,Agent,MoveState,Moving,Goal,20.00,0.00,20.00,14.73,0.00,17.73,15.00,0.00,18.00,DStar
4508,11.78,AgentPrefab,Agent,MoveState,Moving,Goal,20.00,0.00,20.00,14.73,0.00,17.73,15.00,0.00,18.00,DStar
4509,11.78,AgentPrefab,Agent,MoveState,Moving,Goal,20.00,0.00,20.00,14.73,0.00,17.73,15.00,0.00,18.00,DStar
4510,11.78,AgentPrefab,Agent,MoveState,Moving,Goal,20.00,0.00,20.00,14.74,0.00,17.74,15.00,0.00,18.00,DStar
4511,11.78,AgentPrefab,Agent,MoveState,Moving,Goal,20.00,0.00,20.00,14.74,0.00,17.74,15.00,0.00,18.00,DStar
4512,11.79,AgentPrefab,Agent,MoveState,Moving,Goal,20.00,0.00,20.00,14.74,0.00,17.74,15.00,0.00,18.00,DStar
4513,11.79,AgentPrefab,Agent,MoveState,Moving,Goal,20.00,0.00,20.00,14.75,0.00,17.75,15.00,0.00,18.00,DStar
4514,11.79,AgentPrefab,Agent,MoveState,Moving,Goal,20.00,0.00,20.00,14.75,0.00,17.75,15.00,0.00,18.00,DStar
4515,11.79,AgentPrefab,Agent,MoveState,Moving,Goal,20.00,0.00,20.00,14.76,0.00,17.76,15.00,0.00,18.00,DStar
4516,11.80,AgentPrefab,Agent,MoveState,Moving,Goal,20.00,0.00,20.00,14.76,0.00,17.76,15.00,0.00,18.00,DStar
4517,11.80,AgentPrefab,Agent,MoveState,Moving,Goal,20.00,0.00,20.00,14.76,0.00,17.76,15.00,0.00,18.00,DStar
4518,11.80,AgentPrefab,Agent,MoveState,Moving,Goal,20.00,0.00,20.00,14.77,0.00,17.77,15.00,0.00,18.00,DStar
4519,11.80,AgentPrefab,Agent,MoveState,Moving,Goal,20.00,0.00,20.00,14.77,0.00,17.77,15.00,0.00,18.00,DStar
4520,11.81,AgentPrefab,Agent,MoveState,Moving,Goal,20.00,0.00,20.00,14.77,0.00,17.77,15.00,0.00,18.00,DStar
4521,11.81,AgentPrefab,Agent,MoveState,Moving,Goal,20.00,0.00,20.00,14.78,0.00,17.78,15.00,0.00,18.00,DStar
4522,11.81,AgentPrefab,Agent,MoveState,Moving,Goal,20.00,0.00,20.00,14.78,0.00,17.78,15.00,0.00,18.00,DStar
4523,11.81,AgentPrefab,Agent,MoveState,Moving,Goal,20.00,0.00,20.00,14.78,0.00,17.78,15.00,0.00,18.00,DStar
4524,11.82,AgentPrefab,Agent,MoveState,Moving,Goal,20.00,0.00,20.00,14.79,0.00,17.79,15.00,0.00,18.00,DStar
4525,11.82,AgentPrefab,Agent,MoveState,Moving,Goal,20.00,0.00,20.00,14.79,0.00,17.79,15.00,0.00,18.00,DStar
4526,11.82,AgentPrefab,Agent,MoveState,Moving,Goal,20.00,0.00,20.00,14.79,0.00,17.79,15.00,0.00,18.00,DStar
4527,11.83,AgentPrefab,Agent,MoveState,Moving,Goal,20.00,0.00,20.00,14.80,0.00,17.80,15.00,0.00,18.00,DStar
4528,11.83,AgentPrefab,Agent,MoveState,Moving,Goal,20.00,0.00,20.00,14.80,0.00,17.80,15.00,0.00,18.00,DStar
4529,11.83,AgentPrefab,Agent,MoveState,Moving,Goal,20.00,0.00,20.00,14.81,0.00,17.81,15.00,0.00,18.00,DStar
4530,11.83,AgentPrefab,Agent,MoveState,Moving,Goal,20.00,0.00,20.00,14.81,0.00,17.81,15.00,0.00,18.00,DStar
4531,11.84,AgentPrefab,Agent,MoveState,Moving,Goal,20.00,0.00,20.00,14.81,0.00,17.81,15.00,0.00,18.00,DStar
4532,11.84,AgentPrefab,Agent,MoveState,Moving,Goal,20.00,0.00,20.00,14.82,0.00,17.82,15.00,0.00,18.00,DStar
4533,11.84,AgentPrefab,Agent,MoveState,Moving,Goal,20.00,0.00,20.00,14.82,0.00,17.82,15.00,0.00,18.00,DStar
4534,11.84,AgentPrefab,Agent,MoveState,Moving,Goal,20.00,0.00,20.00,14.82,0.00,17.82,15.00,0.00,18.00,DStar
4535,11.84,AgentPrefab,Agent,MoveState,Moving,Goal,20.00,0.00,20.00,14.83,0.00,17.83,15.00,0.00,18.00,DStar
4536,11.85,AgentPrefab,Agent,MoveState,Moving,Goal,20.00,0.00,20.00,14.83,0.00,17.83,15.00,0.00,18.00,DStar
4537,11.85,AgentPrefab,Agent,MoveState,Moving,Goal,20.00,0.00,20.00,14.83,0.00,17.83,15.00,0.00,18.00,DStar
4538,11.85,AgentPrefab,Agent,MoveState,Moving,Goal,20.00,0.00,20.00,14.84,0.00,17.84,15.00,0.00,18.00,DStar
4539,11.85,AgentPrefab,Agent,MoveState,Moving,Goal,20.00,0.00,20.00,14.84,0.00,17.84,15.00,0.00,18.00,DStar
4540,11.86,AgentPrefab,Agent,MoveState,Moving,Goal,20.00,0.00,20.00,14.84,0.00,17.84,15.00,0.00,18.00,DStar
4541,11.86,AgentPrefab,Agent,MoveState,Moving,Goal,20.00,0.00,20.00,14.85,0.00,17.85,15.00,0.00,18.00,DStar
4542,11.86,AgentPrefab,Agent,MoveState,Moving,Goal,20.00,0.00,20.00,14.85,0.00,17.85,15.00,0.00,18.00,DStar
4543,11.86,AgentPrefab,Agent,MoveState,Moving,Goal,20.00,0.00,20.00,14.85,0.00,17.85,15.00,0.00,18.00,DStar
4544,11.87,AgentPrefab,Agent,MoveState,Moving,Goal,20.00,0.00,20.00,14.86,0.00,17.86,15.00,0.00,18.00,DStar
4545,11.87,AgentPrefab,Agent,MoveState,Moving,Goal,20.00,0.00,20.00,14.86,0.00,17.86,15.00,0.00,18.00,DStar
4546,11.87,AgentPrefab,Agent,MoveState,Moving,Goal,20.00,0.00,20.00,14.86,0.00,17.86,15.00,0.00,18.00,DStar
4547,11.87,AgentPrefab,Agent,MoveState,Moving,Goal,20.00,0.00,20.00,14.87,0.00,17.87,15.00,0.00,18.00,DStar
4548,11.88,AgentPrefab,Agent,MoveState,Moving,Goal,20.00,0.00,20.00,14.87,0.00,17.87,15.00,0.00,18.00,DStar
4549,11.88,AgentPrefab,Agent,MoveState,Moving,Goal,20.00,0.00,20.00,14.88,0.00,17.88,15.00,0.00,18.00,DStar
4550,11.88,AgentPrefab,Agent,MoveState,Moving,Goal,20.00,0.00,20.00,14.88,0.00,17.88,15.00,0.00,18.00,DStar
4551,11.88,AgentPrefab,Agent,MoveState,Moving,Goal,20.00,0.00,20.00,14.88,0.00,17.88,15.00,0.00,18.00,DStar
4552,11.89,AgentPrefab,Agent,MoveState,Moving,Goal,20.00,0.00,20.00,14.89,0.00,17.89,15.00,0.00,18.00,DStar
4553,11.89,AgentPrefab,Agent,MoveState,Moving,Goal,20.00,0.00,20.00,14.89,0.00,17.89,15.00,0.00,18.00,DStar
4554,11.89,AgentPrefab,Agent,MoveState,Moving,Goal,20.00,0.00,20.00,14.89,0.00,17.89,15.00,0.00,18.00,DStar
4555,11.89,AgentPrefab,Agent,MoveState,Moving,Goal,20.00,0.00,20.00,14.90,0.00,17.90,15.00,0.00,18.00,DStar
4556,11.90,AgentPrefab,Agent,MoveState,Moving,Goal,20.00,0.00,20.00,14.90,0.00,17.90,15.00,0.00,18.00,DStar
4557,11.90,AgentPrefab,Agent,MoveState,Moving,Goal,20.00,0.00,20.00,14.90,0.00,17.90,15.00,0.00,18.00,DStar
4558,11.90,AgentPrefab,Agent,MoveState,Moving,Goal,20.00,0.00,20.00,14.91,0.00,17.91,15.00,0.00,18.00,DStar
4559,11.90,AgentPrefab,Agent,MoveState,Moving,Goal,20.00,0.00,20.00,14.91,0.00,17.91,15.00,0.00,18.00,DStar
4560,11.91,AgentPrefab,Agent,MoveState,Moving,Goal,20.00,0.00,20.00,14.92,0.00,17.92,15.00,0.00,18.00,DStar
4561,11.91,AgentPrefab,Agent,MoveState,Moving,Goal,20.00,0.00,20.00,14.92,0.00,17.92,15.00,0.00,18.00,DStar
4562,11.91,AgentPrefab,Agent,MoveState,Moving,Goal,20.00,0.00,20.00,14.92,0.00,17.92,15.00,0.00,18.00,DStar
4563,11.92,AgentPrefab,Agent,MoveState,Moving,Goal,20.00,0.00,20.00,14.93,0.00,17.93,15.00,0.00,18.00,DStar
4564,11.92,AgentPrefab,Agent,MoveState,Moving,Goal,20.00,0.00,20.00,14.93,0.00,17.93,15.00,0.00,18.00,DStar
4565,11.92,AgentPrefab,Agent,MoveState,Moving,Goal,20.00,0.00,20.00,14.93,0.00,17.93,15.00,0.00,18.00,DStar
4566,11.92,AgentPrefab,Agent,MoveState,Moving,Goal,20.00,0.00,20.00,14.94,0.00,17.94,15.00,0.00,18.00,DStar
4567,11.93,AgentPrefab,Agent,MoveState,Moving,Goal,20.00,0.00,20.00,14.94,0.00,17.94,15.00,0.00,18.00,DStar
4568,11.93,AgentPrefab,Agent,MoveState,Moving,Goal,20.00,0.00,20.00,14.95,0.00,17.95,15.00,0.00,18.00,DStar
4569,11.93,AgentPrefab,Agent,MoveState,Moving,Goal,20.00,0.00,20.00,14.95,0.00,17.95,15.00,0.00,18.00,DStar
4570,11.93,AgentPrefab,Agent,MoveState,Moving,Goal,20.00,0.00,20.00,14.95,0.00,17.95,15.00,0.00,18.00,DStar
4571,11.94,AgentPrefab,Agent,MoveState,Moving,Goal,20.00,0.00,20.00,14.96,0.00,17.96,15.00,0.00,18.00,DStar
4572,11.94,AgentPrefab,Agent,MoveState,Moving,Goal,20.00,0.00,20.00,14.96,0.00,17.96,15.00,0.00,18.00,DStar
4573,11.94,AgentPrefab,Agent,MoveState,Moving,Goal,20.00,0.00,20.00,14.96,0.00,17.96,15.00,0.00,18.00,DStar
4574,11.94,AgentPrefab,Agent,MoveState,Moving,Goal,20.00,0.00,20.00,15.00,0.00,18.00,16.00,0.00,18.00,DStar
4575,11.95,AgentPrefab,Agent,MoveState,Moving,Goal,20.00,0.00,20.00,15.01,0.00,18.00,16.00,0.00,18.00,DStar
4576,11.95,AgentPrefab,Agent,MoveState,Moving,Goal,20.00,0.00,20.00,15.01,0.00,18.00,16.00,0.00,18.00,DStar
4577,11.95,AgentPrefab,Agent,MoveState,Moving,Goal,20.00,0.00,20.00,15.01,0.00,18.00,16.00,0.00,18.00,DStar
4578,11.95,AgentPrefab,Agent,MoveState,Moving,Goal,20.00,0.00,20.00,15.02,0.00,18.00,16.00,0.00,18.00,DStar
4579,11.96,AgentPrefab,Agent,MoveState,Moving,Goal,20.00,0.00,20.00,15.02,0.00,18.00,16.00,0.00,18.00,DStar
4580,11.96,AgentPrefab,Agent,MoveState,Moving,Goal,20.00,0.00,20.00,15.03,0.00,18.00,16.00,0.00,18.00,DStar
4581,11.96,AgentPrefab,Agent,MoveState,Moving,Goal,20.00,0.00,20.00,15.04,0.00,18.00,16.00,0.00,18.00,DStar
4582,11.96,AgentPrefab,Agent,MoveState,Moving,Goal,20.00,0.00,20.00,15.04,0.00,18.00,16.00,0.00,18.00,DStar
4583,11.97,AgentPrefab,Agent,MoveState,Moving,Goal,20.00,0.00,20.00,15.05,0.00,18.00,16.00,0.00,18.00,DStar
4584,11.97,AgentPrefab,Agent,MoveState,Moving,Goal,20.00,0.00,20.00,15.05,0.00,18.00,16.00,0.00,18.00,DStar
4585,11.97,AgentPrefab,Agent,MoveState,Moving,Goal,20.00,0.00,20.00,15.05,0.00,18.00,16.00,0.00,18.00,DStar
4586,11.97,AgentPrefab,Agent,MoveState,Moving,Goal,20.00,0.00,20.00,15.06,0.00,18.00,16.00,0.00,18.00,DStar
4587,11.98,AgentPrefab,Agent,MoveState,Moving,Goal,20.00,0.00,20.00,15.06,0.00,18.00,16.00,0.00,18.00,DStar
4588,11.98,AgentPrefab,Agent,MoveState,Moving,Goal,20.00,0.00,20.00,15.07,0.00,18.00,16.00,0.00,18.00,DStar
4589,11.98,AgentPrefab,Agent,MoveState,Moving,Goal,20.00,0.00,20.00,15.07,0.00,18.00,16.00,0.00,18.00,DStar
4590,11.98,AgentPrefab,Agent,MoveState,Moving,Goal,20.00,0.00,20.00,15.08,0.00,18.00,16.00,0.00,18.00,DStar
4591,11.98,AgentPrefab,Agent,MoveState,Moving,Goal,20.00,0.00,20.00,15.08,0.00,18.00,16.00,0.00,18.00,DStar
4592,11.99,AgentPrefab,Agent,MoveState,Moving,Goal,20.00,0.00,20.00,15.09,0.00,18.00,15.09,0.00,18.00,DStar
4593,11.99,AgentPrefab,Agent,MoveState,Moving,Goal,20.00,0.00,20.00,15.09,0.00,18.00,16.00,0.00,18.00,DStar
4594,12.00,AgentPrefab,Agent,MoveState,Moving,Goal,20.00,0.00,20.00,15.10,0.00,18.00,16.00,0.00,18.00,DStar
4595,12.00,AgentPrefab,Agent,MoveState,Moving,Goal,20.00,0.00,20.00,15.10,0.00,18.00,16.00,0.00,18.00,DStar
4596,12.00,AgentPrefab,Agent,MoveState,Moving,Goal,20.00,0.00,20.00,15.10,0.00,18.00,16.00,0.00,18.00,DStar
4597,12.00,AgentPrefab,Agent,MoveState,Moving,Goal,20.00,0.00,20.00,15.11,0.00,18.00,16.00,0.00,18.00,DStar
4598,12.01,AgentPrefab,Agent,MoveState,Moving,Goal,20.00,0.00,20.00,15.11,0.00,18.00,16.00,0.00,18.00,DStar
4599,12.01,AgentPrefab,Agent,MoveState,Moving,Goal,20.00,0.00,20.00,15.12,0.00,18.00,16.00,0.00,18.00,DStar
4600,12.01,AgentPrefab,Agent,MoveState,Moving,Goal,20.00,0.00,20.00,15.13,0.00,18.00,16.00,0.00,18.00,DStar
4601,12.01,AgentPrefab,Agent,MoveState,Moving,Goal,20.00,0.00,20.00,15.13,0.00,18.00,16.00,0.00,18.00,DStar
4602,12.01,AgentPrefab,Agent,MoveState,Moving,Goal,20.00,0.00,20.00,15.13,0.00,18.00,16.00,0.00,18.00,DStar
4603,12.02,AgentPrefab,Agent,MoveState,Moving,Goal,20.00,0.00,20.00,15.14,0.00,18.00,16.00,0.00,18.00,DStar
4604,12.02,AgentPrefab,Agent,MoveState,Moving,Goal,20.00,0.00,20.00,15.14,0.00,18.00,16.00,0.00,18.00,DStar
4605,12.02,AgentPrefab,Agent,MoveState,Moving,Goal,20.00,0.00,20.00,15.15,0.00,18.00,16.00,0.00,18.00,DStar
4606,12.02,AgentPrefab,Agent,MoveState,Moving,Goal,20.00,0.00,20.00,15.15,0.00,18.00,16.00,0.00,18.00,DStar
4607,12.03,AgentPrefab,Agent,MoveState,Moving,Goal,20.00,0.00,20.00,15.16,0.00,18.00,16.00,0.00,18.00,DStar
4608,12.03,AgentPrefab,Agent,MoveState,Moving,Goal,20.00,0.00,20.00,15.16,0.00,18.00,16.00,0.00,18.00,DStar
4609,12.03,AgentPrefab,Agent,MoveState,Moving,Goal,20.00,0.00,20.00,15.17,0.00,18.00,16.00,0.00,18.00,DStar
4610,12.03,AgentPrefab,Agent,MoveState,Moving,Goal,20.00,0.00,20.00,15.17,0.00,18.00,16.00,0.00,18.00,DStar
4611,12.04,AgentPrefab,Agent,MoveState,Moving,Goal,20.00,0.00,20.00,15.18,0.00,18.00,16.00,0.00,18.00,DStar
4612,12.04,AgentPrefab,Agent,MoveState,Moving,Goal,20.00,0.00,20.00,15.19,0.00,18.00,16.00,0.00,18.00,DStar
4613,12.04,AgentPrefab,Agent,MoveState,Moving,Goal,20.00,0.00,20.00,15.19,0.00,18.00,16.00,0.00,18.00,DStar
4614,12.05,AgentPrefab,Agent,MoveState,Moving,Goal,20.00,0.00,20.00,15.20,0.00,18.00,16.00,0.00,18.00,DStar
4615,12.05,AgentPrefab,Agent,MoveState,Moving,Goal,20.00,0.00,20.00,15.20,0.00,18.00,16.00,0.00,18.00,DStar
4616,12.05,AgentPrefab,Agent,MoveState,Moving,Goal,20.00,0.00,20.00,15.20,0.00,18.00,16.00,0.00,18.00,DStar
4617,12.05,AgentPrefab,Agent,MoveState,Moving,Goal,20.00,0.00,20.00,15.21,0.00,18.00,16.00,0.00,18.00,DStar
4618,12.05,AgentPrefab,Agent,MoveState,Moving,Goal,20.00,0.00,20.00,15.21,0.00,18.00,16.00,0.00,18.00,DStar
4619,12.06,AgentPrefab,Agent,MoveState,Moving,Goal,20.00,0.00,20.00,15.22,0.00,18.00,16.00,0.00,18.00,DStar
4620,12.06,AgentPrefab,Agent,MoveState,Moving,Goal,20.00,0.00,20.00,15.22,0.00,18.00,16.00,0.00,18.00,DStar
4621,12.06,AgentPrefab,Agent,MoveState,Moving,Goal,20.00,0.00,20.00,15.23,0.00,18.00,16.00,0.00,18.00,DStar
4622,12.06,AgentPrefab,Agent,MoveState,Moving,Goal,20.00,0.00,20.00,15.23,0.00,18.00,16.00,0.00,18.00,DStar
4623,12.07,AgentPrefab,Agent,MoveState,Moving,Goal,20.00,0.00,20.00,15.24,0.00,18.00,16.00,0.00,18.00,DStar
4624,12.07,AgentPrefab,Agent,MoveState,Moving,Goal,20.00,0.00,20.00,15.24,0.00,18.00,16.00,0.00,18.00,DStar
4625,12.07,AgentPrefab,Agent,MoveState,Moving,Goal,20.00,0.00,20.00,15.25,0.00,18.00,16.00,0.00,18.00,DStar
4626,12.07,AgentPrefab,Agent,MoveState,Moving,Goal,20.00,0.00,20.00,15.25,0.00,18.00,16.00,0.00,18.00,DStar
4627,12.08,AgentPrefab,Agent,MoveState,Moving,Goal,20.00,0.00,20.00,15.26,0.00,18.00,16.00,0.00,18.00,DStar
4628,12.08,AgentPrefab,Agent,MoveState,Moving,Goal,20.00,0.00,20.00,15.26,0.00,18.00,16.00,0.00,18.00,DStar
4629,12.08,AgentPrefab,Agent,MoveState,Moving,Goal,20.00,0.00,20.00,15.27,0.00,18.00,16.00,0.00,18.00,DStar
4630,12.09,AgentPrefab,Agent,MoveState,Moving,Goal,20.00,0.00,20.00,15.27,0.00,18.00,16.00,0.00,18.00,DStar
4631,12.09,AgentPrefab,Agent,MoveState,Moving,Goal,20.00,0.00,20.00,15.28,0.00,18.00,16.00,0.00,18.00,DStar
4632,12.09,AgentPrefab,Agent,MoveState,Moving,Goal,20.00,0.00,20.00,15.29,0.00,18.00,16.00,0.00,18.00,DStar
4633,12.10,AgentPrefab,Agent,MoveState,Moving,Goal,20.00,0.00,20.00,15.30,0.00,18.00,16.00,0.00,18.00,DStar
4634,12.10,AgentPrefab,Agent,MoveState,Moving,Goal,20.00,0.00,20.00,15.30,0.00,18.00,16.00,0.00,18.00,DStar
4635,12.10,AgentPrefab,Agent,MoveState,Moving,Goal,20.00,0.00,20.00,15.31,0.00,18.00,16.00,0.00,18.00,DStar
4636,12.10,AgentPrefab,Agent,MoveState,Moving,Goal,20.00,0.00,20.00,15.31,0.00,18.00,16.00,0.00,18.00,DStar
4637,12.11,AgentPrefab,Agent,MoveState,Moving,Goal,20.00,0.00,20.00,15.32,0.00,18.00,16.00,0.00,18.00,DStar
4638,12.11,AgentPrefab,Agent,MoveState,Moving,Goal,20.00,0.00,20.00,15.32,0.00,18.00,16.00,0.00,18.00,DStar
4639,12.11,AgentPrefab,Agent,MoveState,Moving,Goal,20.00,0.00,20.00,15.33,0.00,18.00,16.00,0.00,18.00,DStar
4640,12.11,AgentPrefab,Agent,MoveState,Moving,Goal,20.00,0.00,20.00,15.33,0.00,18.00,16.00,0.00,18.00,DStar
4641,12.11,AgentPrefab,Agent,MoveState,Moving,Goal,20.00,0.00,20.00,15.33,0.00,18.00,16.00,0.00,18.00,DStar
4642,12.12,AgentPrefab,Agent,MoveState,Moving,Goal,20.00,0.00,20.00,15.34,0.00,18.00,16.00,0.00,18.00,DStar
4643,12.12,AgentPrefab,Agent,MoveState,Moving,Goal,20.00,0.00,20.00,15.34,0.00,18.00,16.00,0.00,18.00,DStar
4644,12.12,AgentPrefab,Agent,MoveState,Moving,Goal,20.00,0.00,20.00,15.35,0.00,18.00,16.00,0.00,18.00,DStar
4645,12.13,AgentPrefab,Agent,MoveState,Moving,Goal,20.00,0.00,20.00,15.36,0.00,18.00,16.00,0.00,18.00,DStar
4646,12.13,AgentPrefab,Agent,MoveState,Moving,Goal,20.00,0.00,20.00,15.36,0.00,18.00,16.00,0.00,18.00,DStar
4647,12.13,AgentPrefab,Agent,MoveState,Moving,Goal,20.00,0.00,20.00,15.37,0.00,18.00,16.00,0.00,18.00,DStar
4648,12.13,AgentPrefab,Agent,MoveState,Moving,Goal,20.00,0.00,20.00,15.37,0.00,18.00,16.00,0.00,18.00,DStar
4649,12.14,AgentPrefab,Agent,MoveState,Moving,Goal,20.00,0.00,20.00,15.38,0.00,18.00,16.00,0.00,18.00,DStar
4650,12.14,AgentPrefab,Agent,MoveState,Moving,Goal,20.00,0.00,20.00,15.38,0.00,18.00,16.00,0.00,18.00,DStar
4651,12.14,AgentPrefab,Agent,MoveState,Moving,Goal,20.00,0.00,20.00,15.39,0.00,18.00,16.00,0.00,18.00,DStar
4652,12.14,AgentPrefab,Agent,MoveState,Moving,Goal,20.00,0.00,20.00,15.39,0.00,18.00,16.00,0.00,18.00,DStar
4653,12.15,AgentPrefab,Agent,MoveState,Moving,Goal,20.00,0.00,20.00,15.40,0.00,18.00,16.00,0.00,18.00,DStar
4654,12.15,AgentPrefab,Agent,MoveState,Moving,Goal,20.00,0.00,20.00,15.40,0.00,18.00,16.00,0.00,18.00,DStar
4655,12.15,AgentPrefab,Agent,MoveState,Moving,Goal,20.00,0.00,20.00,15.41,0.00,18.00,16.00,0.00,18.00,DStar
4656,12.15,AgentPrefab,Agent,MoveState,Moving,Goal,20.00,0.00,20.00,15.41,0.00,18.00,16.00,0.00,18.00,DStar
4657,12.16,AgentPrefab,Agent,MoveState,Moving,Goal,20.00,0.00,20.00,15.42,0.00,18.00,16.00,0.00,18.00,DStar
4658,12.16,AgentPrefab,Agent,MoveState,Moving,Goal,20.00,0.00,20.00,15.43,0.00,18.00,16.00,0.00,18.00,DStar
4659,12.16,AgentPrefab,Agent,MoveState,Moving,Goal,20.00,0.00,20.00,15.43,0.00,18.00,16.00,0.00,18.00,DStar
4660,12.17,AgentPrefab,Agent,MoveState,Moving,Goal,20.00,0.00,20.00,15.44,0.00,18.00,16.00,0.00,18.00,DStar
4661,12.17,AgentPrefab,Agent,MoveState,Moving,Goal,20.00,0.00,20.00,15.44,0.00,18.00,16.00,0.00,18.00,DStar
4662,12.17,AgentPrefab,Agent,MoveState,Moving,Goal,20.00,0.00,20.00,15.44,0.00,18.00,16.00,0.00,18.00,DStar
4663,12.17,AgentPrefab,Agent,MoveState,Moving,Goal,20.00,0.00,20.00,15.45,0.00,18.00,16.00,0.00,18.00,DStar
4664,12.18,AgentPrefab,Agent,MoveState,Moving,Goal,20.00,0.00,20.00,15.46,0.00,18.00,16.00,0.00,18.00,DStar
4665,12.18,AgentPrefab,Agent,MoveState,Moving,Goal,20.00,0.00,20.00,15.46,0.00,18.00,16.00,0.00,18.00,DStar
4666,12.18,AgentPrefab,Agent,MoveState,Moving,Goal,20.00,0.00,20.00,15.46,0.00,18.00,16.00,0.00,18.00,DStar
4667,12.18,AgentPrefab,Agent,MoveState,Moving,Goal,20.00,0.00,20.00,15.47,0.00,18.00,16.00,0.00,18.00,DStar
4668,12.18,AgentPrefab,Agent,MoveState,Moving,Goal,20.00,0.00,20.00,15.47,0.00,18.00,16.00,0.00,18.00,DStar
4669,12.19,AgentPrefab,Agent,MoveState,Moving,Goal,20.00,0.00,20.00,15.48,0.00,18.00,16.00,0.00,18.00,DStar
4670,12.19,AgentPrefab,Agent,MoveState,Moving,Goal,20.00,0.00,20.00,15.48,0.00,18.00,16.00,0.00,18.00,DStar
4671,12.19,AgentPrefab,Agent,MoveState,Moving,Goal,20.00,0.00,20.00,15.49,0.00,18.00,16.00,0.00,18.00,DStar
4672,12.19,AgentPrefab,Agent,MoveState,Moving,Goal,20.00,0.00,20.00,15.49,0.00,18.00,16.00,0.00,18.00,DStar
4673,12.20,AgentPrefab,Agent,MoveState,Moving,Goal,20.00,0.00,20.00,15.50,0.00,18.00,16.00,0.00,18.00,DStar
4674,12.20,AgentPrefab,Agent,MoveState,Moving,Goal,20.00,0.00,20.00,15.50,0.00,18.00,16.00,0.00,18.00,DStar
4675,12.20,AgentPrefab,Agent,MoveState,Moving,Goal,20.00,0.00,20.00,15.51,0.00,18.00,16.00,0.00,18.00,DStar
4676,12.20,AgentPrefab,Agent,MoveState,Moving,Goal,20.00,0.00,20.00,15.51,0.00,18.00,16.00,0.00,18.00,DStar
4677,12.21,AgentPrefab,Agent,MoveState,Moving,Goal,20.00,0.00,20.00,15.52,0.00,18.00,16.00,0.00,18.00,DStar
4678,12.21,AgentPrefab,Agent,MoveState,Moving,Goal,20.00,0.00,20.00,15.52,0.00,18.00,16.00,0.00,18.00,DStar
4679,12.21,AgentPrefab,Agent,MoveState,Moving,Goal,20.00,0.00,20.00,15.53,0.00,18.00,16.00,0.00,18.00,DStar
4680,12.21,AgentPrefab,Agent,MoveState,Moving,Goal,20.00,0.00,20.00,15.53,0.00,18.00,16.00,0.00,18.00,DStar
4681,12.22,AgentPrefab,Agent,MoveState,Moving,Goal,20.00,0.00,20.00,15.54,0.00,18.00,16.00,0.00,18.00,DStar
4682,12.22,AgentPrefab,Agent,MoveState,Moving,Goal,20.00,0.00,20.00,15.54,0.00,18.00,16.00,0.00,18.00,DStar
4683,12.22,AgentPrefab,Agent,MoveState,Moving,Goal,20.00,0.00,20.00,15.54,0.00,18.00,16.00,0.00,18.00,DStar
4684,12.22,AgentPrefab,Agent,MoveState,Moving,Goal,20.00,0.00,20.00,15.55,0.00,18.00,16.00,0.00,18.00,DStar
4685,12.23,AgentPrefab,Agent,MoveState,Moving,Goal,20.00,0.00,20.00,15.56,0.00,18.00,16.00,0.00,18.00,DStar
4686,12.23,AgentPrefab,Agent,MoveState,Moving,Goal,20.00,0.00,20.00,15.56,0.00,18.00,16.00,0.00,18.00,DStar
4687,12.23,AgentPrefab,Agent,MoveState,Moving,Goal,20.00,0.00,20.00,15.56,0.00,18.00,16.00,0.00,18.00,DStar
4688,12.23,AgentPrefab,Agent,MoveState,Moving,Goal,20.00,0.00,20.00,15.57,0.00,18.00,16.00,0.00,18.00,DStar
4689,12.23,AgentPrefab,Agent,MoveState,Moving,Goal,20.00,0.00,20.00,15.57,0.00,18.00,16.00,0.00,18.00,DStar
4690,12.24,AgentPrefab,Agent,MoveState,Moving,Goal,20.00,0.00,20.00,15.58,0.00,18.00,16.00,0.00,18.00,DStar
4691,12.24,AgentPrefab,Agent,MoveState,Moving,Goal,20.00,0.00,20.00,15.59,0.00,18.00,16.00,0.00,18.00,DStar
4692,12.24,AgentPrefab,Agent,MoveState,Moving,Goal,20.00,0.00,20.00,15.59,0.00,18.00,16.00,0.00,18.00,DStar
4693,12.25,AgentPrefab,Agent,MoveState,Moving,Goal,20.00,0.00,20.00,15.60,0.00,18.00,16.00,0.00,18.00,DStar
4694,12.25,AgentPrefab,Agent,MoveState,Moving,Goal,20.00,0.00,20.00,15.60,0.00,18.00,16.00,0.00,18.00,DStar
4695,12.25,AgentPrefab,Agent,MoveState,Moving,Goal,20.00,0.00,20.00,15.61,0.00,18.00,16.00,0.00,18.00,DStar
4696,12.25,AgentPrefab,Agent,MoveState,Moving,Goal,20.00,0.00,20.00,15.61,0.00,18.00,16.00,0.00,18.00,DStar
4697,12.26,AgentPrefab,Agent,MoveState,Moving,Goal,20.00,0.00,20.00,15.62,0.00,18.00,16.00,0.00,18.00,DStar
4698,12.26,AgentPrefab,Agent,MoveState,Moving,Goal,20.00,0.00,20.00,15.62,0.00,18.00,16.00,0.00,18.00,DStar
4699,12.26,AgentPrefab,Agent,MoveState,Moving,Goal,20.00,0.00,20.00,15.63,0.00,18.00,16.00,0.00,18.00,DStar
4700,12.26,AgentPrefab,Agent,MoveState,Moving,Goal,20.00,0.00,20.00,15.63,0.00,18.00,16.00,0.00,18.00,DStar
4701,12.27,AgentPrefab,Agent,MoveState,Moving,Goal,20.00,0.00,20.00,15.64,0.00,18.00,16.00,0.00,18.00,DStar
4702,12.27,AgentPrefab,Agent,MoveState,Moving,Goal,20.00,0.00,20.00,15.64,0.00,18.00,16.00,0.00,18.00,DStar
4703,12.27,AgentPrefab,Agent,MoveState,Moving,Goal,20.00,0.00,20.00,15.64,0.00,18.00,16.00,0.00,18.00,DStar
4704,12.27,AgentPrefab,Agent,MoveState,Moving,Goal,20.00,0.00,20.00,15.65,0.00,18.00,16.00,0.00,18.00,DStar
4705,12.27,AgentPrefab,Agent,MoveState,Moving,Goal,20.00,0.00,20.00,15.66,0.00,18.00,16.00,0.00,18.00,DStar
4706,12.28,AgentPrefab,Agent,MoveState,Moving,Goal,20.00,0.00,20.00,15.66,0.00,18.00,16.00,0.00,18.00,DStar
4707,12.28,AgentPrefab,Agent,MoveState,Moving,Goal,20.00,0.00,20.00,15.66,0.00,18.00,16.00,0.00,18.00,DStar
4708,12.28,AgentPrefab,Agent,MoveState,Moving,Goal,20.00,0.00,20.00,15.67,0.00,18.00,16.00,0.00,18.00,DStar
4709,12.28,AgentPrefab,Agent,MoveState,Moving,Goal,20.00,0.00,20.00,15.67,0.00,18.00,16.00,0.00,18.00,DStar
4710,12.29,AgentPrefab,Agent,MoveState,Moving,Goal,20.00,0.00,20.00,15.68,0.00,18.00,16.00,0.00,18.00,DStar
4711,12.29,AgentPrefab,Agent,MoveState,Moving,Goal,20.00,0.00,20.00,15.68,0.00,18.00,16.00,0.00,18.00,DStar
4712,12.29,AgentPrefab,Agent,MoveState,Moving,Goal,20.00,0.00,20.00,15.69,0.00,18.00,16.00,0.00,18.00,DStar
4713,12.30,AgentPrefab,Agent,MoveState,Moving,Goal,20.00,0.00,20.00,15.70,0.00,18.00,16.00,0.00,18.00,DStar
4714,12.30,AgentPrefab,Agent,MoveState,Moving,Goal,20.00,0.00,20.00,15.70,0.00,18.00,16.00,0.00,18.00,DStar
4715,12.30,AgentPrefab,Agent,MoveState,Moving,Goal,20.00,0.00,20.00,15.71,0.00,18.00,16.00,0.00,18.00,DStar
4716,12.30,AgentPrefab,Agent,MoveState,Moving,Goal,20.00,0.00,20.00,15.71,0.00,18.00,16.00,0.00,18.00,DStar
4717,12.31,AgentPrefab,Agent,MoveState,Moving,Goal,20.00,0.00,20.00,15.72,0.00,18.00,16.00,0.00,18.00,DStar
4718,12.31,AgentPrefab,Agent,MoveState,Moving,Goal,20.00,0.00,20.00,15.72,0.00,18.00,16.00,0.00,18.00,DStar
4719,12.31,AgentPrefab,Agent,MoveState,Moving,Goal,20.00,0.00,20.00,15.73,0.00,18.00,16.00,0.00,18.00,DStar
4720,12.31,AgentPrefab,Agent,MoveState,Moving,Goal,20.00,0.00,20.00,15.73,0.00,18.00,16.00,0.00,18.00,DStar
4721,12.31,AgentPrefab,Agent,MoveState,Moving,Goal,20.00,0.00,20.00,15.73,0.00,18.00,16.00,0.00,18.00,DStar
4722,12.32,AgentPrefab,Agent,MoveState,Moving,Goal,20.00,0.00,20.00,15.74,0.00,18.00,16.00,0.00,18.00,DStar
4723,12.32,AgentPrefab,Agent,MoveState,Moving,Goal,20.00,0.00,20.00,15.74,0.00,18.00,16.00,0.00,18.00,DStar
4724,12.32,AgentPrefab,Agent,MoveState,Moving,Goal,20.00,0.00,20.00,15.75,0.00,18.00,16.00,0.00,18.00,DStar
4725,12.33,AgentPrefab,Agent,MoveState,Moving,Goal,20.00,0.00,20.00,15.76,0.00,18.00,16.00,0.00,18.00,DStar
4726,12.33,AgentPrefab,Agent,MoveState,Moving,Goal,20.00,0.00,20.00,15.76,0.00,18.00,16.00,0.00,18.00,DStar
4727,12.33,AgentPrefab,Agent,MoveState,Moving,Goal,20.00,0.00,20.00,15.77,0.00,18.00,16.00,0.00,18.00,DStar
4728,12.33,AgentPrefab,Agent,MoveState,Moving,Goal,20.00,0.00,20.00,15.77,0.00,18.00,16.00,0.00,18.00,DStar
4729,12.33,AgentPrefab,Agent,MoveState,Moving,Goal,20.00,0.00,20.00,15.77,0.00,18.00,16.00,0.00,18.00,DStar
4730,12.34,AgentPrefab,Agent,MoveState,Moving,Goal,20.00,0.00,20.00,15.78,0.00,18.00,16.00,0.00,18.00,DStar
4731,12.34,AgentPrefab,Agent,MoveState,Moving,Goal,20.00,0.00,20.00,15.78,0.00,18.00,16.00,0.00,18.00,DStar
4732,12.34,AgentPrefab,Agent,MoveState,Moving,Goal,20.00,0.00,20.00,15.79,0.00,18.00,16.00,0.00,18.00,DStar
4733,12.34,AgentPrefab,Agent,MoveState,Moving,Goal,20.00,0.00,20.00,15.79,0.00,18.00,16.00,0.00,18.00,DStar
4734,12.35,AgentPrefab,Agent,MoveState,Moving,Goal,20.00,0.00,20.00,15.80,0.00,18.00,16.00,0.00,18.00,DStar
4735,12.35,AgentPrefab,Agent,MoveState,Moving,Goal,20.00,0.00,20.00,15.80,0.00,18.00,16.00,0.00,18.00,DStar
4736,12.35,AgentPrefab,Agent,MoveState,Moving,Goal,20.00,0.00,20.00,15.81,0.00,18.00,16.00,0.00,18.00,DStar
4737,12.35,AgentPrefab,Agent,MoveState,Moving,Goal,20.00,0.00,20.00,15.81,0.00,18.00,16.00,0.00,18.00,DStar
4738,12.36,AgentPrefab,Agent,MoveState,Moving,Goal,20.00,0.00,20.00,15.82,0.00,18.00,16.00,0.00,18.00,DStar
4739,12.36,AgentPrefab,Agent,MoveState,Moving,Goal,20.00,0.00,20.00,15.82,0.00,18.00,16.00,0.00,18.00,DStar
4740,12.36,AgentPrefab,Agent,MoveState,Moving,Goal,20.00,0.00,20.00,15.83,0.00,18.00,16.00,0.00,18.00,DStar
4741,12.36,AgentPrefab,Agent,MoveState,Moving,Goal,20.00,0.00,20.00,15.83,0.00,18.00,16.00,0.00,18.00,DStar
4742,12.37,AgentPrefab,Agent,MoveState,Moving,Goal,20.00,0.00,20.00,15.84,0.00,18.00,16.00,0.00,18.00,DStar
4743,12.37,AgentPrefab,Agent,MoveState,Moving,Goal,20.00,0.00,20.00,15.84,0.00,18.00,16.00,0.00,18.00,DStar
4744,12.37,AgentPrefab,Agent,MoveState,Moving,Goal,20.00,0.00,20.00,15.85,0.00,18.00,16.00,0.00,18.00,DStar
4745,12.38,AgentPrefab,Agent,MoveState,Moving,Goal,20.00,0.00,20.00,15.85,0.00,18.00,16.00,0.00,18.00,DStar
4746,12.38,AgentPrefab,Agent,MoveState,Moving,Goal,20.00,0.00,20.00,15.86,0.00,18.00,16.00,0.00,18.00,DStar
4747,12.38,AgentPrefab,Agent,MoveState,Moving,Goal,20.00,0.00,20.00,15.86,0.00,18.00,16.00,0.00,18.00,DStar
4748,12.38,AgentPrefab,Agent,MoveState,Moving,Goal,20.00,0.00,20.00,15.87,0.00,18.00,16.00,0.00,18.00,DStar
4749,12.39,AgentPrefab,Agent,MoveState,Moving,Goal,20.00,0.00,20.00,15.88,0.00,18.00,16.00,0.00,18.00,DStar
4750,12.39,AgentPrefab,Agent,MoveState,Moving,Goal,20.00,0.00,20.00,15.88,0.00,18.00,16.00,0.00,18.00,DStar
4751,12.39,AgentPrefab,Agent,MoveState,Moving,Goal,20.00,0.00,20.00,15.89,0.00,18.00,16.00,0.00,18.00,DStar
4752,12.39,AgentPrefab,Agent,MoveState,Moving,Goal,20.00,0.00,20.00,15.89,0.00,18.00,16.00,0.00,18.00,DStar
4753,12.40,AgentPrefab,Agent,MoveState,Moving,Goal,20.00,0.00,20.00,15.90,0.00,18.00,16.00,0.00,18.00,DStar
4754,12.40,AgentPrefab,Agent,MoveState,Moving,Goal,20.00,0.00,20.00,15.90,0.00,18.00,16.00,0.00,18.00,DStar
4755,12.40,AgentPrefab,Agent,MoveState,Moving,Goal,20.00,0.00,20.00,15.91,0.00,18.00,16.00,0.00,18.00,DStar
4756,12.40,AgentPrefab,Agent,MoveState,Moving,Goal,20.00,0.00,20.00,15.91,0.00,18.00,16.00,0.00,18.00,DStar
4757,12.41,AgentPrefab,Agent,MoveState,Moving,Goal,20.00,0.00,20.00,15.92,0.00,18.00,16.00,0.00,18.00,DStar
4758,12.41,AgentPrefab,Agent,MoveState,Moving,Goal,20.00,0.00,20.00,15.92,0.00,18.00,16.00,0.00,18.00,DStar
4759,12.41,AgentPrefab,Agent,MoveState,Moving,Goal,20.00,0.00,20.00,15.93,0.00,18.00,16.00,0.00,18.00,DStar
4760,12.42,AgentPrefab,Agent,MoveState,Moving,Goal,20.00,0.00,20.00,15.93,0.00,18.00,16.00,0.00,18.00,DStar
4761,12.42,AgentPrefab,Agent,MoveState,Moving,Goal,20.00,0.00,20.00,15.94,0.00,18.00,16.00,0.00,18.00,DStar
4762,12.42,AgentPrefab,Agent,MoveState,Moving,Goal,20.00,0.00,20.00,15.94,0.00,18.00,16.00,0.00,18.00,DStar
4763,12.42,AgentPrefab,Agent,MoveState,Moving,Goal,20.00,0.00,20.00,16.00,0.00,18.00,17.00,0.00,19.00,DStar
4764,12.43,AgentPrefab,Agent,MoveState,Moving,Goal,20.00,0.00,20.00,16.00,0.00,18.00,17.00,0.00,19.00,DStar
4765,12.43,AgentPrefab,Agent,MoveState,Moving,Goal,20.00,0.00,20.00,16.01,0.00,18.01,17.00,0.00,19.00,DStar
4766,12.43,AgentPrefab,Agent,MoveState,Moving,Goal,20.00,0.00,20.00,16.01,0.00,18.01,17.00,0.00,19.00,DStar
4767,12.43,AgentPrefab,Agent,MoveState,Moving,Goal,20.00,0.00,20.00,16.01,0.00,18.01,17.00,0.00,19.00,DStar
4768,12.43,AgentPrefab,Agent,MoveState,Moving,Goal,20.00,0.00,20.00,16.02,0.00,18.02,17.00,0.00,19.00,DStar
4769,12.44,AgentPrefab,Agent,MoveState,Moving,Goal,20.00,0.00,20.00,16.02,0.00,18.02,17.00,0.00,19.00,DStar
4770,12.44,AgentPrefab,Agent,MoveState,Moving,Goal,20.00,0.00,20.00,16.02,0.00,18.02,17.00,0.00,19.00,DStar
4771,12.44,AgentPrefab,Agent,MoveState,Moving,Goal,20.00,0.00,20.00,16.03,0.00,18.03,17.00,0.00,19.00,DStar
4772,12.44,AgentPrefab,Agent,MoveState,Moving,Goal,20.00,0.00,20.00,16.03,0.00,18.03,17.00,0.00,19.00,DStar
4773,12.45,AgentPrefab,Agent,MoveState,Moving,Goal,20.00,0.00,20.00,16.03,0.00,18.03,17.00,0.00,19.00,DStar
4774,12.45,AgentPrefab,Agent,MoveState,Moving,Goal,20.00,0.00,20.00,16.04,0.00,18.04,17.00,0.00,19.00,DStar
4775,12.45,AgentPrefab,Agent,MoveState,Moving,Goal,20.00,0.00,20.00,16.04,0.00,18.04,17.00,0.00,19.00,DStar
4776,12.45,AgentPrefab,Agent,MoveState,Moving,Goal,20.00,0.00,20.00,16.04,0.00,18.04,17.00,0.00,19.00,DStar
4777,12.46,AgentPrefab,Agent,MoveState,Moving,Goal,20.00,0.00,20.00,16.05,0.00,18.05,17.00,0.00,19.00,DStar
4778,12.46,AgentPrefab,Agent,MoveState,Moving,Goal,20.00,0.00,20.00,16.05,0.00,18.05,17.00,0.00,19.00,DStar
4779,12.46,AgentPrefab,Agent,MoveState,Moving,Goal,20.00,0.00,20.00,16.06,0.00,18.06,17.00,0.00,19.00,DStar
4780,12.46,AgentPrefab,Agent,MoveState,Moving,Goal,20.00,0.00,20.00,16.06,0.00,18.06,17.00,0.00,19.00,DStar
4781,12.47,AgentPrefab,Agent,MoveState,Moving,Goal,20.00,0.00,20.00,16.06,0.00,18.06,17.00,0.00,19.00,DStar
4782,12.47,AgentPrefab,Agent,MoveState,Moving,Goal,20.00,0.00,20.00,16.07,0.00,18.07,17.00,0.00,19.00,DStar
4783,12.47,AgentPrefab,Agent,MoveState,Moving,Goal,20.00,0.00,20.00,16.07,0.00,18.07,17.00,0.00,19.00,DStar
4784,12.47,AgentPrefab,Agent,MoveState,Moving,Goal,20.00,0.00,20.00,16.07,0.00,18.07,17.00,0.00,19.00,DStar
4785,12.48,AgentPrefab,Agent,MoveState,Moving,Goal,20.00,0.00,20.00,16.08,0.00,18.08,17.00,0.00,19.00,DStar
4786,12.48,AgentPrefab,Agent,MoveState,Moving,Goal,20.00,0.00,20.00,16.08,0.00,18.08,17.00,0.00,19.00,DStar
4787,12.48,AgentPrefab,Agent,MoveState,Moving,Goal,20.00,0.00,20.00,16.08,0.00,18.08,17.00,0.00,19.00,DStar
4788,12.48,AgentPrefab,Agent,MoveState,Moving,Goal,20.00,0.00,20.00,16.09,0.00,18.09,17.00,0.00,19.00,DStar
4789,12.49,AgentPrefab,Agent,MoveState,Moving,Goal,20.00,0.00,20.00,16.09,0.00,18.09,17.00,0.00,19.00,DStar
4790,12.49,AgentPrefab,Agent,MoveState,Moving,Goal,20.00,0.00,20.00,16.09,0.00,18.09,17.00,0.00,19.00,DStar
4791,12.49,AgentPrefab,Agent,MoveState,Moving,Goal,20.00,0.00,20.00,16.10,0.00,18.10,17.00,0.00,19.00,DStar
4792,12.50,AgentPrefab,Agent,MoveState,Moving,Goal,20.00,0.00,20.00,16.11,0.00,18.11,17.00,0.00,19.00,DStar
4793,12.50,AgentPrefab,Agent,MoveState,Moving,Goal,20.00,0.00,20.00,16.11,0.00,18.11,17.00,0.00,19.00,DStar
4794,12.50,AgentPrefab,Agent,MoveState,Moving,Goal,20.00,0.00,20.00,16.11,0.00,18.11,17.00,0.00,19.00,DStar
4795,12.50,AgentPrefab,Agent,MoveState,Moving,Goal,20.00,0.00,20.00,16.12,0.00,18.12,17.00,0.00,19.00,DStar
4796,12.51,AgentPrefab,Agent,MoveState,Moving,Goal,20.00,0.00,20.00,16.12,0.00,18.12,17.00,0.00,19.00,DStar
4797,12.51,AgentPrefab,Agent,MoveState,Moving,Goal,20.00,0.00,20.00,16.12,0.00,18.12,17.00,0.00,19.00,DStar
4798,12.51,AgentPrefab,Agent,MoveState,Moving,Goal,20.00,0.00,20.00,16.13,0.00,18.13,17.00,0.00,19.00,DStar
4799,12.51,AgentPrefab,Agent,MoveState,Moving,Goal,20.00,0.00,20.00,16.13,0.00,18.13,17.00,0.00,19.00,DStar
4800,12.52,AgentPrefab,Agent,MoveState,Moving,Goal,20.00,0.00,20.00,16.13,0.00,18.13,17.00,0.00,19.00,DStar
4801,12.52,AgentPrefab,Agent,MoveState,Moving,Goal,20.00,0.00,20.00,16.14,0.00,18.14,17.00,0.00,19.00,DStar
4802,12.52,AgentPrefab,Agent,MoveState,Moving,Goal,20.00,0.00,20.00,16.14,0.00,18.14,17.00,0.00,19.00,DStar
4803,12.52,AgentPrefab,Agent,MoveState,Moving,Goal,20.00,0.00,20.00,16.14,0.00,18.14,17.00,0.00,19.00,DStar
4804,12.53,AgentPrefab,Agent,MoveState,Moving,Goal,20.00,0.00,20.00,16.15,0.00,18.15,17.00,0.00,19.00,DStar
4805,12.53,AgentPrefab,Agent,MoveState,Moving,Goal,20.00,0.00,20.00,16.15,0.00,18.15,17.00,0.00,19.00,DStar
4806,12.53,AgentPrefab,Agent,MoveState,Moving,Goal,20.00,0.00,20.00,16.15,0.00,18.15,17.00,0.00,19.00,DStar
4807,12.53,AgentPrefab,Agent,MoveState,Moving,Goal,20.00,0.00,20.00,16.16,0.00,18.16,17.00,0.00,19.00,DStar
4808,12.54,AgentPrefab,Agent,MoveState,Moving,Goal,20.00,0.00,20.00,16.16,0.00,18.16,17.00,0.00,19.00,DStar
4809,12.54,AgentPrefab,Agent,MoveState,Moving,Goal,20.00,0.00,20.00,16.16,0.00,18.16,17.00,0.00,19.00,DStar
4810,12.54,AgentPrefab,Agent,MoveState,Moving,Goal,20.00,0.00,20.00,16.17,0.00,18.17,17.00,0.00,19.00,DStar
4811,12.54,AgentPrefab,Agent,MoveState,Moving,Goal,20.00,0.00,20.00,16.17,0.00,18.17,17.00,0.00,19.00,DStar
4812,12.55,AgentPrefab,Agent,MoveState,Moving,Goal,20.00,0.00,20.00,16.18,0.00,18.18,17.00,0.00,19.00,DStar
4813,12.55,AgentPrefab,Agent,MoveState,Moving,Goal,20.00,0.00,20.00,16.18,0.00,18.18,17.00,0.00,19.00,DStar
4814,12.55,AgentPrefab,Agent,MoveState,Moving,Goal,20.00,0.00,20.00,16.18,0.00,18.18,17.00,0.00,19.00,DStar
4815,12.55,AgentPrefab,Agent,MoveState,Moving,Goal,20.00,0.00,20.00,16.19,0.00,18.19,17.00,0.00,19.00,DStar
4816,12.56,AgentPrefab,Agent,MoveState,Moving,Goal,20.00,0.00,20.00,16.19,0.00,18.19,17.00,0.00,19.00,DStar
4817,12.56,AgentPrefab,Agent,MoveState,Moving,Goal,20.00,0.00,20.00,16.19,0.00,18.19,17.00,0.00,19.00,DStar
4818,12.56,AgentPrefab,Agent,MoveState,Moving,Goal,20.00,0.00,20.00,16.20,0.00,18.20,17.00,0.00,19.00,DStar
4819,12.56,AgentPrefab,Agent,MoveState,Moving,Goal,20.00,0.00,20.00,16.20,0.00,18.20,17.00,0.00,19.00,DStar
4820,12.57,AgentPrefab,Agent,MoveState,Moving,Goal,20.00,0.00,20.00,16.20,0.00,18.20,17.00,0.00,19.00,DStar
4821,12.57,AgentPrefab,Agent,MoveState,Moving,Goal,20.00,0.00,20.00,16.21,0.00,18.21,17.00,0.00,19.00,DStar
4822,12.57,AgentPrefab,Agent,MoveState,Moving,Goal,20.00,0.00,20.00,16.21,0.00,18.21,17.00,0.00,19.00,DStar
4823,12.57,AgentPrefab,Agent,MoveState,Moving,Goal,20.00,0.00,20.00,16.21,0.00,18.21,17.00,0.00,19.00,DStar
4824,12.58,AgentPrefab,Agent,MoveState,Moving,Goal,20.00,0.00,20.00,16.22,0.00,18.22,17.00,0.00,19.00,DStar
4825,12.58,AgentPrefab,Agent,MoveState,Moving,Goal,20.00,0.00,20.00,16.22,0.00,18.22,17.00,0.00,19.00,DStar
4826,12.58,AgentPrefab,Agent,MoveState,Moving,Goal,20.00,0.00,20.00,16.22,0.00,18.22,17.00,0.00,19.00,DStar
4827,12.58,AgentPrefab,Agent,MoveState,Moving,Goal,20.00,0.00,20.00,16.23,0.00,18.23,17.00,0.00,19.00,DStar
4828,12.59,AgentPrefab,Agent,MoveState,Moving,Goal,20.00,0.00,20.00,16.23,0.00,18.23,17.00,0.00,19.00,DStar
4829,12.59,AgentPrefab,Agent,MoveState,Moving,Goal,20.00,0.00,20.00,16.23,0.00,18.23,17.00,0.00,19.00,DStar
4830,12.59,AgentPrefab,Agent,MoveState,Moving,Goal,20.00,0.00,20.00,16.24,0.00,18.24,17.00,0.00,19.00,DStar
4831,12.59,AgentPrefab,Agent,MoveState,Moving,Goal,20.00,0.00,20.00,16.24,0.00,18.24,17.00,0.00,19.00,DStar
4832,12.60,AgentPrefab,Agent,MoveState,Moving,Goal,20.00,0.00,20.00,16.24,0.00,18.24,17.00,0.00,19.00,DStar
4833,12.60,AgentPrefab,Agent,MoveState,Moving,Goal,20.00,0.00,20.00,16.25,0.00,18.25,17.00,0.00,19.00,DStar
4834,12.60,AgentPrefab,Agent,MoveState,Moving,Goal,20.00,0.00,20.00,16.25,0.00,18.25,17.00,0.00,19.00,DStar
4835,12.60,AgentPrefab,Agent,MoveState,Moving,Goal,20.00,0.00,20.00,16.25,0.00,18.25,17.00,0.00,19.00,DStar
4836,12.60,AgentPrefab,Agent,MoveState,Moving,Goal,20.00,0.00,20.00,16.26,0.00,18.26,17.00,0.00,19.00,DStar
4837,12.61,AgentPrefab,Agent,MoveState,Moving,Goal,20.00,0.00,20.00,16.26,0.00,18.26,17.00,0.00,19.00,DStar
4838,12.61,AgentPrefab,Agent,MoveState,Moving,Goal,20.00,0.00,20.00,16.26,0.00,18.26,17.00,0.00,19.00,DStar
4839,12.61,AgentPrefab,Agent,MoveState,Moving,Goal,20.00,0.00,20.00,16.27,0.00,18.27,17.00,0.00,19.00,DStar
4840,12.61,AgentPrefab,Agent,MoveState,Moving,Goal,20.00,0.00,20.00,16.27,0.00,18.27,17.00,0.00,19.00,DStar
4841,12.62,AgentPrefab,Agent,MoveState,Moving,Goal,20.00,0.00,20.00,16.27,0.00,18.27,17.00,0.00,19.00,DStar
4842,12.62,AgentPrefab,Agent,MoveState,Moving,Goal,20.00,0.00,20.00,16.28,0.00,18.28,17.00,0.00,19.00,DStar
4843,12.62,AgentPrefab,Agent,MoveState,Moving,Goal,20.00,0.00,20.00,16.28,0.00,18.28,17.00,0.00,19.00,DStar
4844,12.62,AgentPrefab,Agent,MoveState,Moving,Goal,20.00,0.00,20.00,16.29,0.00,18.29,17.00,0.00,19.00,DStar
4845,12.63,AgentPrefab,Agent,MoveState,Moving,Goal,20.00,0.00,20.00,16.29,0.00,18.29,17.00,0.00,19.00,DStar
4846,12.63,AgentPrefab,Agent,MoveState,Moving,Goal,20.00,0.00,20.00,16.29,0.00,18.29,17.00,0.00,19.00,DStar
4847,12.63,AgentPrefab,Agent,MoveState,Moving,Goal,20.00,0.00,20.00,16.30,0.00,18.30,17.00,0.00,19.00,DStar
4848,12.63,AgentPrefab,Agent,MoveState,Moving,Goal,20.00,0.00,20.00,16.30,0.00,18.30,17.00,0.00,19.00,DStar
4849,12.64,AgentPrefab,Agent,MoveState,Moving,Goal,20.00,0.00,20.00,16.30,0.00,18.30,17.00,0.00,19.00,DStar
4850,12.64,AgentPrefab,Agent,MoveState,Moving,Goal,20.00,0.00,20.00,16.31,0.00,18.31,17.00,0.00,19.00,DStar
4851,12.64,AgentPrefab,Agent,MoveState,Moving,Goal,20.00,0.00,20.00,16.31,0.00,18.31,17.00,0.00,19.00,DStar
4852,12.64,AgentPrefab,Agent,MoveState,Moving,Goal,20.00,0.00,20.00,16.31,0.00,18.31,17.00,0.00,19.00,DStar
4853,12.65,AgentPrefab,Agent,MoveState,Moving,Goal,20.00,0.00,20.00,16.32,0.00,18.32,17.00,0.00,19.00,DStar
4854,12.65,AgentPrefab,Agent,MoveState,Moving,Goal,20.00,0.00,20.00,16.32,0.00,18.32,17.00,0.00,19.00,DStar
4855,12.65,AgentPrefab,Agent,MoveState,Moving,Goal,20.00,0.00,20.00,16.32,0.00,18.32,17.00,0.00,19.00,DStar
4856,12.65,AgentPrefab,Agent,MoveState,Moving,Goal,20.00,0.00,20.00,16.33,0.00,18.33,17.00,0.00,19.00,DStar
4857,12.66,AgentPrefab,Agent,MoveState,Moving,Goal,20.00,0.00,20.00,16.33,0.00,18.33,17.00,0.00,19.00,DStar
4858,12.66,AgentPrefab,Agent,MoveState,Moving,Goal,20.00,0.00,20.00,16.33,0.00,18.33,17.00,0.00,19.00,DStar
4859,12.66,AgentPrefab,Agent,MoveState,Moving,Goal,20.00,0.00,20.00,16.34,0.00,18.34,17.00,0.00,19.00,DStar
4860,12.66,AgentPrefab,Agent,MoveState,Moving,Goal,20.00,0.00,20.00,16.34,0.00,18.34,17.00,0.00,19.00,DStar
4861,12.67,AgentPrefab,Agent,MoveState,Moving,Goal,20.00,0.00,20.00,16.34,0.00,18.34,17.00,0.00,19.00,DStar
4862,12.67,AgentPrefab,Agent,MoveState,Moving,Goal,20.00,0.00,20.00,16.35,0.00,18.35,17.00,0.00,19.00,DStar
4863,12.67,AgentPrefab,Agent,MoveState,Moving,Goal,20.00,0.00,20.00,16.35,0.00,18.35,17.00,0.00,19.00,DStar
4864,12.67,AgentPrefab,Agent,MoveState,Moving,Goal,20.00,0.00,20.00,16.35,0.00,18.35,17.00,0.00,19.00,DStar
4865,12.68,AgentPrefab,Agent,MoveState,Moving,Goal,20.00,0.00,20.00,16.36,0.00,18.36,17.00,0.00,19.00,DStar
4866,12.68,AgentPrefab,Agent,MoveState,Moving,Goal,20.00,0.00,20.00,16.36,0.00,18.36,17.00,0.00,19.00,DStar
4867,12.68,AgentPrefab,Agent,MoveState,Moving,Goal,20.00,0.00,20.00,16.37,0.00,18.37,17.00,0.00,19.00,DStar
4868,12.68,AgentPrefab,Agent,MoveState,Moving,Goal,20.00,0.00,20.00,16.37,0.00,18.37,17.00,0.00,19.00,DStar
4869,12.69,AgentPrefab,Agent,MoveState,Moving,Goal,20.00,0.00,20.00,16.37,0.00,18.37,17.00,0.00,19.00,DStar
4870,12.69,AgentPrefab,Agent,MoveState,Moving,Goal,20.00,0.00,20.00,16.38,0.00,18.38,17.00,0.00,19.00,DStar
4871,12.69,AgentPrefab,Agent,MoveState,Moving,Goal,20.00,0.00,20.00,16.38,0.00,18.38,17.00,0.00,19.00,DStar
4872,12.69,AgentPrefab,Agent,MoveState,Moving,Goal,20.00,0.00,20.00,16.38,0.00,18.38,17.00,0.00,19.00,DStar
4873,12.70,AgentPrefab,Agent,MoveState,Moving,Goal,20.00,0.00,20.00,16.39,0.00,18.39,17.00,0.00,19.00,DStar
4874,12.70,AgentPrefab,Agent,MoveState,Moving,Goal,20.00,0.00,20.00,16.39,0.00,18.39,17.00,0.00,19.00,DStar
4875,12.70,AgentPrefab,Agent,MoveState,Moving,Goal,20.00,0.00,20.00,16.39,0.00,18.39,17.00,0.00,19.00,DStar
4876,12.71,AgentPrefab,Agent,MoveState,Moving,Goal,20.00,0.00,20.00,16.40,0.00,18.40,17.00,0.00,19.00,DStar
4877,12.71,AgentPrefab,Agent,MoveState,Moving,Goal,20.00,0.00,20.00,16.40,0.00,18.40,17.00,0.00,19.00,DStar
4878,12.71,AgentPrefab,Agent,MoveState,Moving,Goal,20.00,0.00,20.00,16.41,0.00,18.41,17.00,0.00,19.00,DStar
4879,12.71,AgentPrefab,Agent,MoveState,Moving,Goal,20.00,0.00,20.00,16.41,0.00,18.41,17.00,0.00,19.00,DStar
4880,12.72,AgentPrefab,Agent,MoveState,Moving,Goal,20.00,0.00,20.00,16.41,0.00,18.41,17.00,0.00,19.00,DStar
4881,12.72,AgentPrefab,Agent,MoveState,Moving,Goal,20.00,0.00,20.00,16.42,0.00,18.42,17.00,0.00,19.00,DStar
4882,12.72,AgentPrefab,Agent,MoveState,Moving,Goal,20.00,0.00,20.00,16.42,0.00,18.42,17.00,0.00,19.00,DStar
4883,12.72,AgentPrefab,Agent,MoveState,Moving,Goal,20.00,0.00,20.00,16.42,0.00,18.42,17.00,0.00,19.00,DStar
4884,12.73,AgentPrefab,Agent,MoveState,Moving,Goal,20.00,0.00,20.00,16.43,0.00,18.43,17.00,0.00,19.00,DStar
4885,12.73,AgentPrefab,Agent,MoveState,Moving,Goal,20.00,0.00,20.00,16.43,0.00,18.43,17.00,0.00,19.00,DStar
4886,12.73,AgentPrefab,Agent,MoveState,Moving,Goal,20.00,0.00,20.00,16.43,0.00,18.43,17.00,0.00,19.00,DStar
4887,12.73,AgentPrefab,Agent,MoveState,Moving,Goal,20.00,0.00,20.00,16.44,0.00,18.44,17.00,0.00,19.00,DStar
4888,12.73,AgentPrefab,Agent,MoveState,Moving,Goal,20.00,0.00,20.00,16.44,0.00,18.44,17.00,0.00,19.00,DStar
4889,12.74,AgentPrefab,Agent,MoveState,Moving,Goal,20.00,0.00,20.00,16.44,0.00,18.44,17.00,0.00,19.00,DStar
4890,12.74,AgentPrefab,Agent,MoveState,Moving,Goal,20.00,0.00,20.00,16.45,0.00,18.45,17.00,0.00,19.00,DStar
4891,12.74,AgentPrefab,Agent,MoveState,Moving,Goal,20.00,0.00,20.00,16.45,0.00,18.45,17.00,0.00,19.00,DStar
4892,12.75,AgentPrefab,Agent,MoveState,Moving,Goal,20.00,0.00,20.00,16.46,0.00,18.46,17.00,0.00,19.00,DStar
4893,12.75,AgentPrefab,Agent,MoveState,Moving,Goal,20.00,0.00,20.00,16.46,0.00,18.46,17.00,0.00,19.00,DStar
4894,12.75,AgentPrefab,Agent,MoveState,Moving,Goal,20.00,0.00,20.00,16.46,0.00,18.46,17.00,0.00,19.00,DStar
4895,12.75,AgentPrefab,Agent,MoveState,Moving,Goal,20.00,0.00,20.00,16.47,0.00,18.47,17.00,0.00,19.00,DStar
4896,12.76,AgentPrefab,Agent,MoveState,Moving,Goal,20.00,0.00,20.00,16.47,0.00,18.47,17.00,0.00,19.00,DStar
4897,12.76,AgentPrefab,Agent,MoveState,Moving,Goal,20.00,0.00,20.00,16.48,0.00,18.48,17.00,0.00,19.00,DStar
4898,12.76,AgentPrefab,Agent,MoveState,Moving,Goal,20.00,0.00,20.00,16.48,0.00,18.48,17.00,0.00,19.00,DStar
4899,12.76,AgentPrefab,Agent,MoveState,Moving,Goal,20.00,0.00,20.00,16.48,0.00,18.48,17.00,0.00,19.00,DStar
4900,12.77,AgentPrefab,Agent,MoveState,Moving,Goal,20.00,0.00,20.00,16.49,0.00,18.49,17.00,0.00,19.00,DStar
4901,12.77,AgentPrefab,Agent,MoveState,Moving,Goal,20.00,0.00,20.00,16.49,0.00,18.49,17.00,0.00,19.00,DStar
4902,12.77,AgentPrefab,Agent,MoveState,Moving,Goal,20.00,0.00,20.00,16.49,0.00,18.49,17.00,0.00,19.00,DStar
4903,12.77,AgentPrefab,Agent,MoveState,Moving,Goal,20.00,0.00,20.00,16.50,0.00,18.50,17.00,0.00,19.00,DStar
4904,12.78,AgentPrefab,Agent,MoveState,Moving,Goal,20.00,0.00,20.00,16.50,0.00,18.50,17.00,0.00,19.00,DStar
4905,12.78,AgentPrefab,Agent,MoveState,Moving,Goal,20.00,0.00,20.00,16.50,0.00,18.50,17.00,0.00,19.00,DStar
4906,12.78,AgentPrefab,Agent,MoveState,Moving,Goal,20.00,0.00,20.00,16.51,0.00,18.51,17.00,0.00,19.00,DStar
4907,12.78,AgentPrefab,Agent,MoveState,Moving,Goal,20.00,0.00,20.00,16.51,0.00,18.51,17.00,0.00,19.00,DStar
4908,12.79,AgentPrefab,Agent,MoveState,Moving,Goal,20.00,0.00,20.00,16.51,0.00,18.51,17.00,0.00,19.00,DStar
4909,12.79,AgentPrefab,Agent,MoveState,Moving,Goal,20.00,0.00,20.00,16.52,0.00,18.52,17.00,0.00,19.00,DStar
4910,12.79,AgentPrefab,Agent,MoveState,Moving,Goal,20.00,0.00,20.00,16.52,0.00,18.52,17.00,0.00,19.00,DStar
4911,12.80,AgentPrefab,Agent,MoveState,Moving,Goal,20.00,0.00,20.00,16.53,0.00,18.53,17.00,0.00,19.00,DStar
4912,12.80,AgentPrefab,Agent,MoveState,Moving,Goal,20.00,0.00,20.00,16.53,0.00,18.53,17.00,0.00,19.00,DStar
4913,12.80,AgentPrefab,Agent,MoveState,Moving,Goal,20.00,0.00,20.00,16.53,0.00,18.53,17.00,0.00,19.00,DStar
4914,12.80,AgentPrefab,Agent,MoveState,Moving,Goal,20.00,0.00,20.00,16.54,0.00,18.54,17.00,0.00,19.00,DStar
4915,12.81,AgentPrefab,Agent,MoveState,Moving,Goal,20.00,0.00,20.00,16.54,0.00,18.54,17.00,0.00,19.00,DStar
4916,12.81,AgentPrefab,Agent,MoveState,Moving,Goal,20.00,0.00,20.00,16.54,0.00,18.54,17.00,0.00,19.00,DStar
4917,12.81,AgentPrefab,Agent,MoveState,Moving,Goal,20.00,0.00,20.00,16.55,0.00,18.55,17.00,0.00,19.00,DStar
4918,12.81,AgentPrefab,Agent,MoveState,Moving,Goal,20.00,0.00,20.00,16.55,0.00,18.55,17.00,0.00,19.00,DStar
4919,12.81,AgentPrefab,Agent,MoveState,Moving,Goal,20.00,0.00,20.00,16.55,0.00,18.55,17.00,0.00,19.00,DStar
4920,12.82,AgentPrefab,Agent,MoveState,Moving,Goal,20.00,0.00,20.00,16.56,0.00,18.56,17.00,0.00,19.00,DStar
4921,12.82,AgentPrefab,Agent,MoveState,Moving,Goal,20.00,0.00,20.00,16.56,0.00,18.56,17.00,0.00,19.00,DStar
4922,12.82,AgentPrefab,Agent,MoveState,Moving,Goal,20.00,0.00,20.00,16.57,0.00,18.57,17.00,0.00,19.00,DStar
4923,12.83,AgentPrefab,Agent,MoveState,Moving,Goal,20.00,0.00,20.00,16.57,0.00,18.57,17.00,0.00,19.00,DStar
4924,12.83,AgentPrefab,Agent,MoveState,Moving,Goal,20.00,0.00,20.00,16.58,0.00,18.58,17.00,0.00,19.00,DStar
4925,12.83,AgentPrefab,Agent,MoveState,Moving,Goal,20.00,0.00,20.00,16.58,0.00,18.58,17.00,0.00,19.00,DStar
4926,12.84,AgentPrefab,Agent,MoveState,Moving,Goal,20.00,0.00,20.00,16.58,0.00,18.58,17.00,0.00,19.00,DStar
4927,12.84,AgentPrefab,Agent,MoveState,Moving,Goal,20.00,0.00,20.00,16.59,0.00,18.59,17.00,0.00,19.00,DStar
4928,12.84,AgentPrefab,Agent,MoveState,Moving,Goal,20.00,0.00,20.00,16.59,0.00,18.59,17.00,0.00,19.00,DStar
4929,12.84,AgentPrefab,Agent,MoveState,Moving,Goal,20.00,0.00,20.00,16.59,0.00,18.59,17.00,0.00,19.00,DStar
4930,12.84,AgentPrefab,Agent,MoveState,Moving,Goal,20.00,0.00,20.00,16.60,0.00,18.60,17.00,0.00,19.00,DStar
4931,12.85,AgentPrefab,Agent,MoveState,Moving,Goal,20.00,0.00,20.00,16.60,0.00,18.60,17.00,0.00,19.00,DStar
4932,12.85,AgentPrefab,Agent,MoveState,Moving,Goal,20.00,0.00,20.00,16.60,0.00,18.60,17.00,0.00,19.00,DStar
4933,12.85,AgentPrefab,Agent,MoveState,Moving,Goal,20.00,0.00,20.00,16.61,0.00,18.61,17.00,0.00,19.00,DStar
4934,12.85,AgentPrefab,Agent,MoveState,Moving,Goal,20.00,0.00,20.00,16.61,0.00,18.61,17.00,0.00,19.00,DStar
4935,12.86,AgentPrefab,Agent,MoveState,Moving,Goal,20.00,0.00,20.00,16.61,0.00,18.61,17.00,0.00,19.00,DStar
4936,12.86,AgentPrefab,Agent,MoveState,Moving,Goal,20.00,0.00,20.00,16.62,0.00,18.62,17.00,0.00,19.00,DStar
4937,12.86,AgentPrefab,Agent,MoveState,Moving,Goal,20.00,0.00,20.00,16.62,0.00,18.62,17.00,0.00,19.00,DStar
4938,12.86,AgentPrefab,Agent,MoveState,Moving,Goal,20.00,0.00,20.00,16.62,0.00,18.62,17.00,0.00,19.00,DStar
4939,12.87,AgentPrefab,Agent,MoveState,Moving,Goal,20.00,0.00,20.00,16.63,0.00,18.63,17.00,0.00,19.00,DStar
4940,12.87,AgentPrefab,Agent,MoveState,Moving,Goal,20.00,0.00,20.00,16.63,0.00,18.63,17.00,0.00,19.00,DStar
4941,12.87,AgentPrefab,Agent,MoveState,Moving,Goal,20.00,0.00,20.00,16.63,0.00,18.63,17.00,0.00,19.00,DStar
4942,12.87,AgentPrefab,Agent,MoveState,Moving,Goal,20.00,0.00,20.00,16.64,0.00,18.64,17.00,0.00,19.00,DStar
4943,12.88,AgentPrefab,Agent,MoveState,Moving,Goal,20.00,0.00,20.00,16.64,0.00,18.64,17.00,0.00,19.00,DStar
4944,12.88,AgentPrefab,Agent,MoveState,Moving,Goal,20.00,0.00,20.00,16.65,0.00,18.65,17.00,0.00,19.00,DStar
4945,12.88,AgentPrefab,Agent,MoveState,Moving,Goal,20.00,0.00,20.00,16.65,0.00,18.65,17.00,0.00,19.00,DStar
4946,12.88,AgentPrefab,Agent,MoveState,Moving,Goal,20.00,0.00,20.00,16.65,0.00,18.65,17.00,0.00,19.00,DStar
4947,12.89,AgentPrefab,Agent,MoveState,Moving,Goal,20.00,0.00,20.00,16.66,0.00,18.66,17.00,0.00,19.00,DStar
4948,12.89,AgentPrefab,Agent,MoveState,Moving,Goal,20.00,0.00,20.00,16.66,0.00,18.66,17.00,0.00,19.00,DStar
4949,12.89,AgentPrefab,Agent,MoveState,Moving,Goal,20.00,0.00,20.00,16.66,0.00,18.66,17.00,0.00,19.00,DStar
4950,12.89,AgentPrefab,Agent,MoveState,Moving,Goal,20.00,0.00,20.00,16.67,0.00,18.67,17.00,0.00,19.00,DStar
4951,12.90,AgentPrefab,Agent,MoveState,Moving,Goal,20.00,0.00,20.00,16.67,0.00,18.67,17.00,0.00,19.00,DStar
4952,12.90,AgentPrefab,Agent,MoveState,Moving,Goal,20.00,0.00,20.00,16.67,0.00,18.67,17.00,0.00,19.00,DStar
4953,12.90,AgentPrefab,Agent,MoveState,Moving,Goal,20.00,0.00,20.00,16.68,0.00,18.68,17.00,0.00,19.00,DStar
4954,12.91,AgentPrefab,Agent,MoveState,Moving,Goal,20.00,0.00,20.00,16.68,0.00,18.68,17.00,0.00,19.00,DStar
4955,12.91,AgentPrefab,Agent,MoveState,Moving,Goal,20.00,0.00,20.00,16.69,0.00,18.69,17.00,0.00,19.00,DStar
4956,12.91,AgentPrefab,Agent,MoveState,Moving,Goal,20.00,0.00,20.00,16.69,0.00,18.69,17.00,0.00,19.00,DStar
4957,12.91,AgentPrefab,Agent,MoveState,Moving,Goal,20.00,0.00,20.00,16.69,0.00,18.69,17.00,0.00,19.00,DStar
4958,12.92,AgentPrefab,Agent,MoveState,Moving,Goal,20.00,0.00,20.00,16.70,0.00,18.70,17.00,0.00,19.00,DStar
4959,12.92,AgentPrefab,Agent,MoveState,Moving,Goal,20.00,0.00,20.00,16.70,0.00,18.70,17.00,0.00,19.00,DStar
4960,12.92,AgentPrefab,Agent,MoveState,Moving,Goal,20.00,0.00,20.00,16.70,0.00,18.70,17.00,0.00,19.00,DStar
4961,12.92,AgentPrefab,Agent,MoveState,Moving,Goal,20.00,0.00,20.00,16.71,0.00,18.71,17.00,0.00,19.00,DStar
4962,12.93,AgentPrefab,Agent,MoveState,Moving,Goal,20.00,0.00,20.00,16.71,0.00,18.71,17.00,0.00,19.00,DStar
4963,12.93,AgentPrefab,Agent,MoveState,Moving,Goal,20.00,0.00,20.00,16.72,0.00,18.72,17.00,0.00,19.00,DStar
4964,12.93,AgentPrefab,Agent,MoveState,Moving,Goal,20.00,0.00,20.00,16.72,0.00,18.72,17.00,0.00,19.00,DStar
4965,12.93,AgentPrefab,Agent,MoveState,Moving,Goal,20.00,0.00,20.00,16.72,0.00,18.72,17.00,0.00,19.00,DStar
4966,12.94,AgentPrefab,Agent,MoveState,Moving,Goal,20.00,0.00,20.00,16.73,0.00,18.73,17.00,0.00,19.00,DStar
4967,12.94,AgentPrefab,Agent,MoveState,Moving,Goal,20.00,0.00,20.00,16.73,0.00,18.73,17.00,0.00,19.00,DStar
4968,12.94,AgentPrefab,Agent,MoveState,Moving,Goal,20.00,0.00,20.00,16.73,0.00,18.73,17.00,0.00,19.00,DStar
4969,12.94,AgentPrefab,Agent,MoveState,Moving,Goal,20.00,0.00,20.00,16.74,0.00,18.74,17.00,0.00,19.00,DStar
4970,12.95,AgentPrefab,Agent,MoveState,Moving,Goal,20.00,0.00,20.00,16.74,0.00,18.74,17.00,0.00,19.00,DStar
4971,12.95,AgentPrefab,Agent,MoveState,Moving,Goal,20.00,0.00,20.00,16.74,0.00,18.74,17.00,0.00,19.00,DStar
4972,12.95,AgentPrefab,Agent,MoveState,Moving,Goal,20.00,0.00,20.00,16.75,0.00,18.75,17.00,0.00,19.00,DStar
4973,12.95,AgentPrefab,Agent,MoveState,Moving,Goal,20.00,0.00,20.00,16.75,0.00,18.75,17.00,0.00,19.00,DStar
4974,12.96,AgentPrefab,Agent,MoveState,Moving,Goal,20.00,0.00,20.00,16.75,0.00,18.75,17.00,0.00,19.00,DStar
4975,12.96,AgentPrefab,Agent,MoveState,Moving,Goal,20.00,0.00,20.00,16.76,0.00,18.76,17.00,0.00,19.00,DStar
4976,12.96,AgentPrefab,Agent,MoveState,Moving,Goal,20.00,0.00,20.00,16.76,0.00,18.76,17.00,0.00,19.00,DStar
4977,12.96,AgentPrefab,Agent,MoveState,Moving,Goal,20.00,0.00,20.00,16.76,0.00,18.76,17.00,0.00,19.00,DStar
4978,12.97,AgentPrefab,Agent,MoveState,Moving,Goal,20.00,0.00,20.00,16.77,0.00,18.77,17.00,0.00,19.00,DStar
4979,12.97,AgentPrefab,Agent,MoveState,Moving,Goal,20.00,0.00,20.00,16.77,0.00,18.77,17.00,0.00,19.00,DStar
4980,12.97,AgentPrefab,Agent,MoveState,Moving,Goal,20.00,0.00,20.00,16.77,0.00,18.77,17.00,0.00,19.00,DStar
4981,12.97,AgentPrefab,Agent,MoveState,Moving,Goal,20.00,0.00,20.00,16.78,0.00,18.78,17.00,0.00,19.00,DStar
4982,12.98,AgentPrefab,Agent,MoveState,Moving,Goal,20.00,0.00,20.00,16.78,0.00,18.78,17.00,0.00,19.00,DStar
4983,12.98,AgentPrefab,Agent,MoveState,Moving,Goal,20.00,0.00,20.00,16.78,0.00,18.78,17.00,0.00,19.00,DStar
4984,12.98,AgentPrefab,Agent,MoveState,Moving,Goal,20.00,0.00,20.00,16.79,0.00,18.79,17.00,0.00,19.00,DStar
4985,12.98,AgentPrefab,Agent,MoveState,Moving,Goal,20.00,0.00,20.00,16.79,0.00,18.79,17.00,0.00,19.00,DStar
4986,12.98,AgentPrefab,Agent,MoveState,Moving,Goal,20.00,0.00,20.00,16.79,0.00,18.79,17.00,0.00,19.00,DStar
4987,12.99,AgentPrefab,Agent,MoveState,Moving,Goal,20.00,0.00,20.00,16.80,0.00,18.80,17.00,0.00,19.00,DStar
4988,12.99,AgentPrefab,Agent,MoveState,Moving,Goal,20.00,0.00,20.00,16.80,0.00,18.80,17.00,0.00,19.00,DStar
4989,12.99,AgentPrefab,Agent,MoveState,Moving,Goal,20.00,0.00,20.00,16.81,0.00,18.81,17.00,0.00,19.00,DStar
4990,13.00,AgentPrefab,Agent,MoveState,Moving,Goal,20.00,0.00,20.00,16.81,0.00,18.81,17.00,0.00,19.00,DStar
4991,13.00,AgentPrefab,Agent,MoveState,Moving,Goal,20.00,0.00,20.00,16.81,0.00,18.81,17.00,0.00,19.00,DStar
4992,13.00,AgentPrefab,Agent,MoveState,Moving,Goal,20.00,0.00,20.00,16.82,0.00,18.82,17.00,0.00,19.00,DStar
4993,13.00,AgentPrefab,Agent,MoveState,Moving,Goal,20.00,0.00,20.00,16.82,0.00,18.82,17.00,0.00,19.00,DStar
4994,13.01,AgentPrefab,Agent,MoveState,Moving,Goal,20.00,0.00,20.00,16.82,0.00,18.82,17.00,0.00,19.00,DStar
4995,13.01,AgentPrefab,Agent,MoveState,Moving,Goal,20.00,0.00,20.00,16.83,0.00,18.83,17.00,0.00,19.00,DStar
4996,13.01,AgentPrefab,Agent,MoveState,Moving,Goal,20.00,0.00,20.00,16.83,0.00,18.83,17.00,0.00,19.00,DStar
4997,13.01,AgentPrefab,Agent,MoveState,Moving,Goal,20.00,0.00,20.00,16.84,0.00,18.84,17.00,0.00,19.00,DStar
4998,13.02,AgentPrefab,Agent,MoveState,Moving,Goal,20.00,0.00,20.00,16.84,0.00,18.84,17.00,0.00,19.00,DStar
4999,13.02,AgentPrefab,Agent,MoveState,Moving,Goal,20.00,0.00,20.00,16.84,0.00,18.84,17.00,0.00,19.00,DStar
5000,13.02,AgentPrefab,Agent,MoveState,Moving,Goal,20.00,0.00,20.00,16.85,0.00,18.85,17.00,0.00,19.00,DStar
5001,13.02,AgentPrefab,Agent,MoveState,Moving,Goal,20.00,0.00,20.00,16.85,0.00,18.85,17.00,0.00,19.00,DStar
5002,13.03,AgentPrefab,Agent,MoveState,Moving,Goal,20.00,0.00,20.00,16.85,0.00,18.85,17.00,0.00,19.00,DStar
5003,13.03,AgentPrefab,Agent,MoveState,Moving,Goal,20.00,0.00,20.00,16.86,0.00,18.86,17.00,0.00,19.00,DStar
5004,13.03,AgentPrefab,Agent,MoveState,Moving,Goal,20.00,0.00,20.00,16.86,0.00,18.86,17.00,0.00,19.00,DStar
5005,13.03,AgentPrefab,Agent,MoveState,Moving,Goal,20.00,0.00,20.00,16.86,0.00,18.86,17.00,0.00,19.00,DStar
5006,13.04,AgentPrefab,Agent,MoveState,Moving,Goal,20.00,0.00,20.00,16.87,0.00,18.87,17.00,0.00,19.00,DStar
5007,13.04,AgentPrefab,Agent,MoveState,Moving,Goal,20.00,0.00,20.00,16.87,0.00,18.87,17.00,0.00,19.00,DStar
5008,13.04,AgentPrefab,Agent,MoveState,Moving,Goal,20.00,0.00,20.00,16.88,0.00,18.88,17.00,0.00,19.00,DStar
5009,13.04,AgentPrefab,Agent,MoveState,Moving,Goal,20.00,0.00,20.00,16.88,0.00,18.88,17.00,0.00,19.00,DStar
5010,13.05,AgentPrefab,Agent,MoveState,Moving,Goal,20.00,0.00,20.00,16.88,0.00,18.88,17.00,0.00,19.00,DStar
5011,13.05,AgentPrefab,Agent,MoveState,Moving,Goal,20.00,0.00,20.00,16.89,0.00,18.89,17.00,0.00,19.00,DStar
5012,13.05,AgentPrefab,Agent,MoveState,Moving,Goal,20.00,0.00,20.00,16.89,0.00,18.89,17.00,0.00,19.00,DStar
5013,13.05,AgentPrefab,Agent,MoveState,Moving,Goal,20.00,0.00,20.00,16.89,0.00,18.89,17.00,0.00,19.00,DStar
5014,13.06,AgentPrefab,Agent,MoveState,Moving,Goal,20.00,0.00,20.00,16.90,0.00,18.90,17.00,0.00,19.00,DStar
5015,13.06,AgentPrefab,Agent,MoveState,Moving,Goal,20.00,0.00,20.00,16.90,0.00,18.90,17.00,0.00,19.00,DStar
5016,13.06,AgentPrefab,Agent,MoveState,Moving,Goal,20.00,0.00,20.00,16.90,0.00,18.90,17.00,0.00,19.00,DStar
5017,13.06,AgentPrefab,Agent,MoveState,Moving,Goal,20.00,0.00,20.00,16.91,0.00,18.91,17.00,0.00,19.00,DStar
5018,13.06,AgentPrefab,Agent,MoveState,Moving,Goal,20.00,0.00,20.00,16.91,0.00,18.91,17.00,0.00,19.00,DStar
5019,13.07,AgentPrefab,Agent,MoveState,Moving,Goal,20.00,0.00,20.00,16.91,0.00,18.91,17.00,0.00,19.00,DStar
5020,13.07,AgentPrefab,Agent,MoveState,Moving,Goal,20.00,0.00,20.00,16.91,0.00,18.91,17.00,0.00,19.00,DStar
5021,13.07,AgentPrefab,Agent,MoveState,Moving,Goal,20.00,0.00,20.00,16.92,0.00,18.92,17.00,0.00,19.00,DStar
5022,13.08,AgentPrefab,Agent,MoveState,Moving,Goal,20.00,0.00,20.00,16.92,0.00,18.92,17.00,0.00,19.00,DStar
5023,13.08,AgentPrefab,Agent,MoveState,Moving,Goal,20.00,0.00,20.00,16.93,0.00,18.93,17.00,0.00,19.00,DStar
5024,13.08,AgentPrefab,Agent,MoveState,Moving,Goal,20.00,0.00,20.00,16.93,0.00,18.93,17.00,0.00,19.00,DStar
5025,13.08,AgentPrefab,Agent,MoveState,Moving,Goal,20.00,0.00,20.00,16.93,0.00,18.93,17.00,0.00,19.00,DStar
5026,13.08,AgentPrefab,Agent,MoveState,Moving,Goal,20.00,0.00,20.00,16.94,0.00,18.94,17.00,0.00,19.00,DStar
5027,13.09,AgentPrefab,Agent,MoveState,Moving,Goal,20.00,0.00,20.00,16.94,0.00,18.94,17.00,0.00,19.00,DStar
5028,13.09,AgentPrefab,Agent,MoveState,Moving,Goal,20.00,0.00,20.00,16.94,0.00,18.94,17.00,0.00,19.00,DStar
5029,13.09,AgentPrefab,Agent,MoveState,Moving,Goal,20.00,0.00,20.00,16.95,0.00,18.95,17.00,0.00,19.00,DStar
5030,13.10,AgentPrefab,Agent,MoveState,Moving,Goal,20.00,0.00,20.00,16.95,0.00,18.95,17.00,0.00,19.00,DStar
5031,13.10,AgentPrefab,Agent,MoveState,Moving,Goal,20.00,0.00,20.00,16.95,0.00,18.95,17.00,0.00,19.00,DStar
5032,13.10,AgentPrefab,Agent,MoveState,Moving,Goal,20.00,0.00,20.00,16.96,0.00,18.96,17.00,0.00,19.00,DStar
5033,13.10,AgentPrefab,Agent,MoveState,Moving,Goal,20.00,0.00,20.00,16.96,0.00,18.96,17.00,0.00,19.00,DStar
5034,13.10,AgentPrefab,Agent,MoveState,Moving,Goal,20.00,0.00,20.00,16.96,0.00,18.96,17.00,0.00,19.00,DStar
5035,13.11,AgentPrefab,Agent,MoveState,Moving,Goal,20.00,0.00,20.00,17.00,0.00,19.00,18.00,0.00,19.00,DStar
5036,13.11,AgentPrefab,Agent,MoveState,Moving,Goal,20.00,0.00,20.00,17.00,0.00,19.00,18.00,0.00,19.00,DStar
5037,13.11,AgentPrefab,Agent,MoveState,Moving,Goal,20.00,0.00,20.00,17.01,0.00,19.00,18.00,0.00,19.00,DStar
5038,13.11,AgentPrefab,Agent,MoveState,Moving,Goal,20.00,0.00,20.00,17.01,0.00,19.00,18.00,0.00,19.00,DStar
5039,13.12,AgentPrefab,Agent,MoveState,Moving,Goal,20.00,0.00,20.00,17.02,0.00,19.00,18.00,0.00,19.00,DStar
5040,13.12,AgentPrefab,Agent,MoveState,Moving,Goal,20.00,0.00,20.00,17.02,0.00,19.00,18.00,0.00,19.00,DStar
5041,13.12,AgentPrefab,Agent,MoveState,Moving,Goal,20.00,0.00,20.00,17.03,0.00,19.00,18.00,0.00,19.00,DStar
5042,13.13,AgentPrefab,Agent,MoveState,Moving,Goal,20.00,0.00,20.00,17.04,0.00,19.00,18.00,0.00,19.00,DStar
5043,13.13,AgentPrefab,Agent,MoveState,Moving,Goal,20.00,0.00,20.00,17.04,0.00,19.00,18.00,0.00,19.00,DStar
5044,13.13,AgentPrefab,Agent,MoveState,Moving,Goal,20.00,0.00,20.00,17.05,0.00,19.00,18.00,0.00,19.00,DStar
5045,13.13,AgentPrefab,Agent,MoveState,Moving,Goal,20.00,0.00,20.00,17.05,0.00,19.00,18.00,0.00,19.00,DStar
5046,13.13,AgentPrefab,Agent,MoveState,Moving,Goal,20.00,0.00,20.00,17.06,0.00,19.00,18.00,0.00,19.00,DStar
5047,13.14,AgentPrefab,Agent,MoveState,Moving,Goal,20.00,0.00,20.00,17.06,0.00,19.00,18.00,0.00,19.00,DStar
5048,13.14,AgentPrefab,Agent,MoveState,Moving,Goal,20.00,0.00,20.00,17.07,0.00,19.00,18.00,0.00,19.00,DStar
5049,13.14,AgentPrefab,Agent,MoveState,Moving,Goal,20.00,0.00,20.00,17.07,0.00,19.00,18.00,0.00,19.00,DStar
5050,13.15,AgentPrefab,Agent,MoveState,Moving,Goal,20.00,0.00,20.00,17.08,0.00,19.00,18.00,0.00,19.00,DStar
5051,13.15,AgentPrefab,Agent,MoveState,Moving,Goal,20.00,0.00,20.00,17.08,0.00,19.00,18.00,0.00,19.00,DStar
5052,13.15,AgentPrefab,Agent,MoveState,Moving,Goal,20.00,0.00,20.00,17.09,0.00,19.00,18.00,0.00,19.00,DStar
5053,13.15,AgentPrefab,Agent,MoveState,Moving,Goal,20.00,0.00,20.00,17.09,0.00,19.00,18.00,0.00,19.00,DStar
5054,13.16,AgentPrefab,Agent,MoveState,Moving,Goal,20.00,0.00,20.00,17.10,0.00,19.00,18.00,0.00,19.00,DStar
5055,13.16,AgentPrefab,Agent,MoveState,Moving,Goal,20.00,0.00,20.00,17.10,0.00,19.00,18.00,0.00,19.00,DStar
5056,13.16,AgentPrefab,Agent,MoveState,Moving,Goal,20.00,0.00,20.00,17.11,0.00,19.00,18.00,0.00,19.00,DStar
5057,13.16,AgentPrefab,Agent,MoveState,Moving,Goal,20.00,0.00,20.00,17.11,0.00,19.00,18.00,0.00,19.00,DStar
5058,13.17,AgentPrefab,Agent,MoveState,Moving,Goal,20.00,0.00,20.00,17.12,0.00,19.00,18.00,0.00,19.00,DStar
5059,13.17,AgentPrefab,Agent,MoveState,Moving,Goal,20.00,0.00,20.00,17.12,0.00,19.00,18.00,0.00,19.00,DStar
5060,13.17,AgentPrefab,Agent,MoveState,Moving,Goal,20.00,0.00,20.00,17.13,0.00,19.00,18.00,0.00,19.00,DStar
5061,13.17,AgentPrefab,Agent,MoveState,Moving,Goal,20.00,0.00,20.00,17.13,0.00,19.00,18.00,0.00,19.00,DStar
5062,13.18,AgentPrefab,Agent,MoveState,Moving,Goal,20.00,0.00,20.00,17.14,0.00,19.00,18.00,0.00,19.00,DStar
5063,13.18,AgentPrefab,Agent,MoveState,Moving,Goal,20.00,0.00,20.00,17.14,0.00,19.00,18.00,0.00,19.00,DStar
5064,13.18,AgentPrefab,Agent,MoveState,Moving,Goal,20.00,0.00,20.00,17.15,0.00,19.00,18.00,0.00,19.00,DStar
5065,13.18,AgentPrefab,Agent,MoveState,Moving,Goal,20.00,0.00,20.00,17.15,0.00,19.00,18.00,0.00,19.00,DStar
5066,13.19,AgentPrefab,Agent,MoveState,Moving,Goal,20.00,0.00,20.00,17.16,0.00,19.00,18.00,0.00,19.00,DStar
5067,13.19,AgentPrefab,Agent,MoveState,Moving,Goal,20.00,0.00,20.00,17.16,0.00,19.00,18.00,0.00,19.00,DStar
5068,13.19,AgentPrefab,Agent,MoveState,Moving,Goal,20.00,0.00,20.00,17.17,0.00,19.00,18.00,0.00,19.00,DStar
5069,13.19,AgentPrefab,Agent,MoveState,Moving,Goal,20.00,0.00,20.00,17.17,0.00,19.00,18.00,0.00,19.00,DStar
5070,13.20,AgentPrefab,Agent,MoveState,Moving,Goal,20.00,0.00,20.00,17.18,0.00,19.00,18.00,0.00,19.00,DStar
5071,13.20,AgentPrefab,Agent,MoveState,Moving,Goal,20.00,0.00,20.00,17.18,0.00,19.00,18.00,0.00,19.00,DStar
5072,13.20,AgentPrefab,Agent,MoveState,Moving,Goal,20.00,0.00,20.00,17.19,0.00,19.00,18.00,0.00,19.00,DStar
5073,13.20,AgentPrefab,Agent,MoveState,Moving,Goal,20.00,0.00,20.00,17.19,0.00,19.00,18.00,0.00,19.00,DStar
5074,13.21,AgentPrefab,Agent,MoveState,Moving,Goal,20.00,0.00,20.00,17.20,0.00,19.00,18.00,0.00,19.00,DStar
5075,13.21,AgentPrefab,Agent,MoveState,Moving,Goal,20.00,0.00,20.00,17.21,0.00,19.00,18.00,0.00,19.00,DStar
5076,13.21,AgentPrefab,Agent,MoveState,Moving,Goal,20.00,0.00,20.00,17.21,0.00,19.00,18.00,0.00,19.00,DStar
5077,13.21,AgentPrefab,Agent,MoveState,Moving,Goal,20.00,0.00,20.00,17.21,0.00,19.00,18.00,0.00,19.00,DStar
5078,13.22,AgentPrefab,Agent,MoveState,Moving,Goal,20.00,0.00,20.00,17.22,0.00,19.00,18.00,0.00,19.00,DStar
5079,13.22,AgentPrefab,Agent,MoveState,Moving,Goal,20.00,0.00,20.00,17.22,0.00,19.00,18.00,0.00,19.00,DStar
5080,13.22,AgentPrefab,Agent,MoveState,Moving,Goal,20.00,0.00,20.00,17.23,0.00,19.00,18.00,0.00,19.00,DStar
5081,13.22,AgentPrefab,Agent,MoveState,Moving,Goal,20.00,0.00,20.00,17.23,0.00,19.00,18.00,0.00,19.00,DStar
5082,13.23,AgentPrefab,Agent,MoveState,Moving,Goal,20.00,0.00,20.00,17.24,0.00,19.00,18.00,0.00,19.00,DStar
5083,13.23,AgentPrefab,Agent,MoveState,Moving,Goal,20.00,0.00,20.00,17.25,0.00,19.00,18.00,0.00,19.00,DStar
5084,13.23,AgentPrefab,Agent,MoveState,Moving,Goal,20.00,0.00,20.00,17.25,0.00,19.00,18.00,0.00,19.00,DStar
5085,13.23,AgentPrefab,Agent,MoveState,Moving,Goal,20.00,0.00,20.00,17.25,0.00,19.00,18.00,0.00,19.00,DStar
5086,13.24,AgentPrefab,Agent,MoveState,Moving,Goal,20.00,0.00,20.00,17.26,0.00,19.00,18.00,0.00,19.00,DStar
5087,13.24,AgentPrefab,Agent,MoveState,Moving,Goal,20.00,0.00,20.00,17.27,0.00,19.00,18.00,0.00,19.00,DStar
5088,13.24,AgentPrefab,Agent,MoveState,Moving,Goal,20.00,0.00,20.00,17.27,0.00,19.00,18.00,0.00,19.00,DStar
5089,13.25,AgentPrefab,Agent,MoveState,Moving,Goal,20.00,0.00,20.00,17.28,0.00,19.00,18.00,0.00,19.00,DStar
5090,13.25,AgentPrefab,Agent,MoveState,Moving,Goal,20.00,0.00,20.00,17.28,0.00,19.00,18.00,0.00,19.00,DStar
5091,13.25,AgentPrefab,Agent,MoveState,Moving,Goal,20.00,0.00,20.00,17.29,0.00,19.00,18.00,0.00,19.00,DStar
5092,13.25,AgentPrefab,Agent,MoveState,Moving,Goal,20.00,0.00,20.00,17.29,0.00,19.00,18.00,0.00,19.00,DStar
5093,13.26,AgentPrefab,Agent,MoveState,Moving,Goal,20.00,0.00,20.00,17.30,0.00,19.00,18.00,0.00,19.00,DStar
5094,13.26,AgentPrefab,Agent,MoveState,Moving,Goal,20.00,0.00,20.00,17.30,0.00,19.00,18.00,0.00,19.00,DStar
5095,13.26,AgentPrefab,Agent,MoveState,Moving,Goal,20.00,0.00,20.00,17.31,0.00,19.00,18.00,0.00,19.00,DStar
5096,13.26,AgentPrefab,Agent,MoveState,Moving,Goal,20.00,0.00,20.00,17.31,0.00,19.00,18.00,0.00,19.00,DStar
5097,13.26,AgentPrefab,Agent,MoveState,Moving,Goal,20.00,0.00,20.00,17.32,0.00,19.00,18.00,0.00,19.00,DStar
5098,13.27,AgentPrefab,Agent,MoveState,Moving,Goal,20.00,0.00,20.00,17.32,0.00,19.00,18.00,0.00,19.00,DStar
5099,13.27,AgentPrefab,Agent,MoveState,Moving,Goal,20.00,0.00,20.00,17.32,0.00,19.00,18.00,0.00,19.00,DStar
5100,13.27,AgentPrefab,Agent,MoveState,Moving,Goal,20.00,0.00,20.00,17.33,0.00,19.00,18.00,0.00,19.00,DStar
5101,13.27,AgentPrefab,Agent,MoveState,Moving,Goal,20.00,0.00,20.00,17.33,0.00,19.00,18.00,0.00,19.00,DStar
5102,13.28,AgentPrefab,Agent,MoveState,Moving,Goal,20.00,0.00,20.00,17.34,0.00,19.00,18.00,0.00,19.00,DStar
5103,13.28,AgentPrefab,Agent,MoveState,Moving,Goal,20.00,0.00,20.00,17.34,0.00,19.00,18.00,0.00,19.00,DStar
5104,13.28,AgentPrefab,Agent,MoveState,Moving,Goal,20.00,0.00,20.00,17.35,0.00,19.00,18.00,0.00,19.00,DStar
5105,13.28,AgentPrefab,Agent,MoveState,Moving,Goal,20.00,0.00,20.00,17.35,0.00,19.00,18.00,0.00,19.00,DStar
5106,13.29,AgentPrefab,Agent,MoveState,Moving,Goal,20.00,0.00,20.00,17.36,0.00,19.00,18.00,0.00,19.00,DStar
5107,13.29,AgentPrefab,Agent,MoveState,Moving,Goal,20.00,0.00,20.00,17.36,0.00,19.00,18.00,0.00,19.00,DStar
5108,13.29,AgentPrefab,Agent,MoveState,Moving,Goal,20.00,0.00,20.00,17.37,0.00,19.00,18.00,0.00,19.00,DStar
5109,13.30,AgentPrefab,Agent,MoveState,Moving,Goal,20.00,0.00,20.00,17.37,0.00,19.00,18.00,0.00,19.00,DStar
5110,13.30,AgentPrefab,Agent,MoveState,Moving,Goal,20.00,0.00,20.00,17.38,0.00,19.00,18.00,0.00,19.00,DStar
5111,13.30,AgentPrefab,Agent,MoveState,Moving,Goal,20.00,0.00,20.00,17.39,0.00,19.00,18.00,0.00,19.00,DStar
5112,13.30,AgentPrefab,Agent,MoveState,Moving,Goal,20.00,0.00,20.00,17.39,0.00,19.00,18.00,0.00,19.00,DStar
5113,13.31,AgentPrefab,Agent,MoveState,Moving,Goal,20.00,0.00,20.00,17.40,0.00,19.00,18.00,0.00,19.00,DStar
5114,13.31,AgentPrefab,Agent,MoveState,Moving,Goal,20.00,0.00,20.00,17.40,0.00,19.00,18.00,0.00,19.00,DStar
5115,13.31,AgentPrefab,Agent,MoveState,Moving,Goal,20.00,0.00,20.00,17.41,0.00,19.00,18.00,0.00,19.00,DStar
5116,13.31,AgentPrefab,Agent,MoveState,Moving,Goal,20.00,0.00,20.00,17.41,0.00,19.00,18.00,0.00,19.00,DStar
5117,13.32,AgentPrefab,Agent,MoveState,Moving,Goal,20.00,0.00,20.00,17.42,0.00,19.00,18.00,0.00,19.00,DStar
5118,13.32,AgentPrefab,Agent,MoveState,Moving,Goal,20.00,0.00,20.00,17.42,0.00,19.00,18.00,0.00,19.00,DStar
5119,13.32,AgentPrefab,Agent,MoveState,Moving,Goal,20.00,0.00,20.00,17.43,0.00,19.00,18.00,0.00,19.00,DStar
5120,13.32,AgentPrefab,Agent,MoveState,Moving,Goal,20.00,0.00,20.00,17.43,0.00,19.00,18.00,0.00,19.00,DStar
5121,13.33,AgentPrefab,Agent,MoveState,Moving,Goal,20.00,0.00,20.00,17.44,0.00,19.00,18.00,0.00,19.00,DStar
5122,13.33,AgentPrefab,Agent,MoveState,Moving,Goal,20.00,0.00,20.00,17.44,0.00,19.00,18.00,0.00,19.00,DStar
5123,13.33,AgentPrefab,Agent,MoveState,Moving,Goal,20.00,0.00,20.00,17.45,0.00,19.00,18.00,0.00,19.00,DStar
5124,13.34,AgentPrefab,Agent,MoveState,Moving,Goal,20.00,0.00,20.00,17.46,0.00,19.00,18.00,0.00,19.00,DStar
5125,13.34,AgentPrefab,Agent,MoveState,Moving,Goal,20.00,0.00,20.00,17.46,0.00,19.00,18.00,0.00,19.00,DStar
5126,13.34,AgentPrefab,Agent,MoveState,Moving,Goal,20.00,0.00,20.00,17.47,0.00,19.00,18.00,0.00,19.00,DStar
5127,13.34,AgentPrefab,Agent,MoveState,Moving,Goal,20.00,0.00,20.00,17.47,0.00,19.00,18.00,0.00,19.00,DStar
5128,13.35,AgentPrefab,Agent,MoveState,Moving,Goal,20.00,0.00,20.00,17.48,0.00,19.00,18.00,0.00,19.00,DStar
5129,13.35,AgentPrefab,Agent,MoveState,Moving,Goal,20.00,0.00,20.00,17.48,0.00,19.00,18.00,0.00,19.00,DStar
5130,13.35,AgentPrefab,Agent,MoveState,Moving,Goal,20.00,0.00,20.00,17.49,0.00,19.00,18.00,0.00,19.00,DStar
5131,13.35,AgentPrefab,Agent,MoveState,Moving,Goal,20.00,0.00,20.00,17.49,0.00,19.00,18.00,0.00,19.00,DStar
5132,13.36,AgentPrefab,Agent,MoveState,Moving,Goal,20.00,0.00,20.00,17.50,0.00,19.00,18.00,0.00,19.00,DStar
5133,13.36,AgentPrefab,Agent,MoveState,Moving,Goal,20.00,0.00,20.00,17.50,0.00,19.00,18.00,0.00,19.00,DStar
5134,13.36,AgentPrefab,Agent,MoveState,Moving,Goal,20.00,0.00,20.00,17.51,0.00,19.00,18.00,0.00,19.00,DStar
5135,13.36,AgentPrefab,Agent,MoveState,Moving,Goal,20.00,0.00,20.00,17.51,0.00,19.00,18.00,0.00,19.00,DStar
5136,13.36,AgentPrefab,Agent,MoveState,Moving,Goal,20.00,0.00,20.00,17.52,0.00,19.00,18.00,0.00,19.00,DStar
5137,13.37,AgentPrefab,Agent,MoveState,Moving,Goal,20.00,0.00,20.00,17.52,0.00,19.00,18.00,0.00,19.00,DStar
5138,13.37,AgentPrefab,Agent,MoveState,Moving,Goal,20.00,0.00,20.00,17.52,0.00,19.00,18.00,0.00,19.00,DStar
5139,13.37,AgentPrefab,Agent,MoveState,Moving,Goal,20.00,0.00,20.00,17.53,0.00,19.00,18.00,0.00,19.00,DStar
5140,13.38,AgentPrefab,Agent,MoveState,Moving,Goal,20.00,0.00,20.00,17.54,0.00,19.00,18.00,0.00,19.00,DStar
5141,13.38,AgentPrefab,Agent,MoveState,Moving,Goal,20.00,0.00,20.00,17.54,0.00,19.00,18.00,0.00,19.00,DStar
5142,13.38,AgentPrefab,Agent,MoveState,Moving,Goal,20.00,0.00,20.00,17.55,0.00,19.00,18.00,0.00,19.00,DStar
5143,13.38,AgentPrefab,Agent,MoveState,Moving,Goal,20.00,0.00,20.00,17.55,0.00,19.00,18.00,0.00,19.00,DStar
5144,13.39,AgentPrefab,Agent,MoveState,Moving,Goal,20.00,0.00,20.00,17.56,0.00,19.00,18.00,0.00,19.00,DStar
5145,13.39,AgentPrefab,Agent,MoveState,Moving,Goal,20.00,0.00,20.00,17.56,0.00,19.00,18.00,0.00,19.00,DStar
5146,13.39,AgentPrefab,Agent,MoveState,Moving,Goal,20.00,0.00,20.00,17.57,0.00,19.00,18.00,0.00,19.00,DStar
5147,13.39,AgentPrefab,Agent,MoveState,Moving,Goal,20.00,0.00,20.00,17.57,0.00,19.00,18.00,0.00,19.00,DStar
5148,13.40,AgentPrefab,Agent,MoveState,Moving,Goal,20.00,0.00,20.00,17.58,0.00,19.00,18.00,0.00,19.00,DStar
5149,13.40,AgentPrefab,Agent,MoveState,Moving,Goal,20.00,0.00,20.00,17.58,0.00,19.00,18.00,0.00,19.00,DStar
5150,13.40,AgentPrefab,Agent,MoveState,Moving,Goal,20.00,0.00,20.00,17.59,0.00,19.00,18.00,0.00,19.00,DStar
5151,13.40,AgentPrefab,Agent,MoveState,Moving,Goal,20.00,0.00,20.00,17.59,0.00,19.00,18.00,0.00,19.00,DStar
5152,13.41,AgentPrefab,Agent,MoveState,Moving,Goal,20.00,0.00,20.00,17.60,0.00,19.00,18.00,0.00,19.00,DStar
5153,13.41,AgentPrefab,Agent,MoveState,Moving,Goal,20.00,0.00,20.00,17.60,0.00,19.00,18.00,0.00,19.00,DStar
5154,13.41,AgentPrefab,Agent,MoveState,Moving,Goal,20.00,0.00,20.00,17.61,0.00,19.00,18.00,0.00,19.00,DStar
5155,13.41,AgentPrefab,Agent,MoveState,Moving,Goal,20.00,0.00,20.00,17.61,0.00,19.00,18.00,0.00,19.00,DStar
5156,13.42,AgentPrefab,Agent,MoveState,Moving,Goal,20.00,0.00,20.00,17.62,0.00,19.00,18.00,0.00,19.00,DStar
5157,13.42,AgentPrefab,Agent,MoveState,Moving,Goal,20.00,0.00,20.00,17.62,0.00,19.00,18.00,0.00,19.00,DStar
5158,13.42,AgentPrefab,Agent,MoveState,Moving,Goal,20.00,0.00,20.00,17.63,0.00,19.00,18.00,0.00,19.00,DStar
5159,13.42,AgentPrefab,Agent,MoveState,Moving,Goal,20.00,0.00,20.00,17.63,0.00,19.00,18.00,0.00,19.00,DStar
5160,13.43,AgentPrefab,Agent,MoveState,Moving,Goal,20.00,0.00,20.00,17.64,0.00,19.00,18.00,0.00,19.00,DStar
5161,13.43,AgentPrefab,Agent,MoveState,Moving,Goal,20.00,0.00,20.00,17.64,0.00,19.00,18.00,0.00,19.00,DStar
5162,13.43,AgentPrefab,Agent,MoveState,Moving,Goal,20.00,0.00,20.00,17.65,0.00,19.00,18.00,0.00,19.00,DStar
5163,13.43,AgentPrefab,Agent,MoveState,Moving,Goal,20.00,0.00,20.00,17.65,0.00,19.00,18.00,0.00,19.00,DStar
5164,13.44,AgentPrefab,Agent,MoveState,Moving,Goal,20.00,0.00,20.00,17.66,0.00,19.00,18.00,0.00,19.00,DStar
5165,13.44,AgentPrefab,Agent,MoveState,Moving,Goal,20.00,0.00,20.00,17.66,0.00,19.00,18.00,0.00,19.00,DStar
5166,13.44,AgentPrefab,Agent,MoveState,Moving,Goal,20.00,0.00,20.00,17.67,0.00,19.00,18.00,0.00,19.00,DStar
5167,13.44,AgentPrefab,Agent,MoveState,Moving,Goal,20.00,0.00,20.00,17.67,0.00,19.00,18.00,0.00,19.00,DStar
5168,13.45,AgentPrefab,Agent,MoveState,Moving,Goal,20.00,0.00,20.00,17.68,0.00,19.00,18.00,0.00,19.00,DStar
5169,13.45,AgentPrefab,Agent,MoveState,Moving,Goal,20.00,0.00,20.00,17.68,0.00,19.00,18.00,0.00,19.00,DStar
5170,13.45,AgentPrefab,Agent,MoveState,Moving,Goal,20.00,0.00,20.00,17.69,0.00,19.00,18.00,0.00,19.00,DStar
5171,13.45,AgentPrefab,Agent,MoveState,Moving,Goal,20.00,0.00,20.00,17.69,0.00,19.00,18.00,0.00,19.00,DStar
5172,13.46,AgentPrefab,Agent,MoveState,Moving,Goal,20.00,0.00,20.00,17.70,0.00,19.00,18.00,0.00,19.00,DStar
5173,13.46,AgentPrefab,Agent,MoveState,Moving,Goal,20.00,0.00,20.00,17.70,0.00,19.00,18.00,0.00,19.00,DStar
5174,13.46,AgentPrefab,Agent,MoveState,Moving,Goal,20.00,0.00,20.00,17.71,0.00,19.00,18.00,0.00,19.00,DStar
5175,13.46,AgentPrefab,Agent,MoveState,Moving,Goal,20.00,0.00,20.00,17.71,0.00,19.00,18.00,0.00,19.00,DStar
5176,13.47,AgentPrefab,Agent,MoveState,Moving,Goal,20.00,0.00,20.00,17.72,0.00,19.00,18.00,0.00,19.00,DStar
5177,13.47,AgentPrefab,Agent,MoveState,Moving,Goal,20.00,0.00,20.00,17.72,0.00,19.00,18.00,0.00,19.00,DStar
5178,13.47,AgentPrefab,Agent,MoveState,Moving,Goal,20.00,0.00,20.00,17.73,0.00,19.00,18.00,0.00,19.00,DStar
5179,13.47,AgentPrefab,Agent,MoveState,Moving,Goal,20.00,0.00,20.00,17.73,0.00,19.00,18.00,0.00,19.00,DStar
5180,13.48,AgentPrefab,Agent,MoveState,Moving,Goal,20.00,0.00,20.00,17.74,0.00,19.00,18.00,0.00,19.00,DStar
5181,13.48,AgentPrefab,Agent,MoveState,Moving,Goal,20.00,0.00,20.00,17.74,0.00,19.00,18.00,0.00,19.00,DStar
5182,13.48,AgentPrefab,Agent,MoveState,Moving,Goal,20.00,0.00,20.00,17.75,0.00,19.00,18.00,0.00,19.00,DStar
5183,13.48,AgentPrefab,Agent,MoveState,Moving,Goal,20.00,0.00,20.00,17.75,0.00,19.00,18.00,0.00,19.00,DStar
5184,13.49,AgentPrefab,Agent,MoveState,Moving,Goal,20.00,0.00,20.00,17.76,0.00,19.00,18.00,0.00,19.00,DStar
5185,13.49,AgentPrefab,Agent,MoveState,Moving,Goal,20.00,0.00,20.00,17.76,0.00,19.00,18.00,0.00,19.00,DStar
5186,13.49,AgentPrefab,Agent,MoveState,Moving,Goal,20.00,0.00,20.00,17.77,0.00,19.00,18.00,0.00,19.00,DStar
5187,13.50,AgentPrefab,Agent,MoveState,Moving,Goal,20.00,0.00,20.00,17.78,0.00,19.00,18.00,0.00,19.00,DStar
5188,13.50,AgentPrefab,Agent,MoveState,Moving,Goal,20.00,0.00,20.00,17.78,0.00,19.00,18.00,0.00,19.00,DStar
5189,13.50,AgentPrefab,Agent,MoveState,Moving,Goal,20.00,0.00,20.00,17.79,0.00,19.00,18.00,0.00,19.00,DStar
5190,13.50,AgentPrefab,Agent,MoveState,Moving,Goal,20.00,0.00,20.00,17.79,0.00,19.00,18.00,0.00,19.00,DStar
5191,13.51,AgentPrefab,Agent,MoveState,Moving,Goal,20.00,0.00,20.00,17.80,0.00,19.00,18.00,0.00,19.00,DStar
5192,13.51,AgentPrefab,Agent,MoveState,Moving,Goal,20.00,0.00,20.00,17.80,0.00,19.00,18.00,0.00,19.00,DStar
5193,13.51,AgentPrefab,Agent,MoveState,Moving,Goal,20.00,0.00,20.00,17.81,0.00,19.00,18.00,0.00,19.00,DStar
5194,13.51,AgentPrefab,Agent,MoveState,Moving,Goal,20.00,0.00,20.00,17.81,0.00,19.00,18.00,0.00,19.00,DStar
5195,13.51,AgentPrefab,Agent,MoveState,Moving,Goal,20.00,0.00,20.00,17.82,0.00,19.00,18.00,0.00,19.00,DStar
5196,13.52,AgentPrefab,Agent,MoveState,Moving,Goal,20.00,0.00,20.00,17.82,0.00,19.00,18.00,0.00,19.00,DStar
5197,13.52,AgentPrefab,Agent,MoveState,Moving,Goal,20.00,0.00,20.00,17.82,0.00,19.00,18.00,0.00,19.00,DStar
5198,13.52,AgentPrefab,Agent,MoveState,Moving,Goal,20.00,0.00,20.00,17.83,0.00,19.00,18.00,0.00,19.00,DStar
5199,13.52,AgentPrefab,Agent,MoveState,Moving,Goal,20.00,0.00,20.00,17.83,0.00,19.00,18.00,0.00,19.00,DStar
5200,13.53,AgentPrefab,Agent,MoveState,Moving,Goal,20.00,0.00,20.00,17.84,0.00,19.00,18.00,0.00,19.00,DStar
5201,13.53,AgentPrefab,Agent,MoveState,Moving,Goal,20.00,0.00,20.00,17.84,0.00,19.00,18.00,0.00,19.00,DStar
5202,13.53,AgentPrefab,Agent,MoveState,Moving,Goal,20.00,0.00,20.00,17.85,0.00,19.00,18.00,0.00,19.00,DStar
5203,13.53,AgentPrefab,Agent,MoveState,Moving,Goal,20.00,0.00,20.00,17.85,0.00,19.00,18.00,0.00,19.00,DStar
5204,13.54,AgentPrefab,Agent,MoveState,Moving,Goal,20.00,0.00,20.00,17.86,0.00,19.00,18.00,0.00,19.00,DStar
5205,13.54,AgentPrefab,Agent,MoveState,Moving,Goal,20.00,0.00,20.00,17.87,0.00,19.00,18.00,0.00,19.00,DStar
5206,13.54,AgentPrefab,Agent,MoveState,Moving,Goal,20.00,0.00,20.00,17.87,0.00,19.00,18.00,0.00,19.00,DStar
5207,13.55,AgentPrefab,Agent,MoveState,Moving,Goal,20.00,0.00,20.00,17.88,0.00,19.00,18.00,0.00,19.00,DStar
5208,13.55,AgentPrefab,Agent,MoveState,Moving,Goal,20.00,0.00,20.00,17.88,0.00,19.00,18.00,0.00,19.00,DStar
5209,13.55,AgentPrefab,Agent,MoveState,Moving,Goal,20.00,0.00,20.00,17.89,0.00,19.00,18.00,0.00,19.00,DStar
5210,13.55,AgentPrefab,Agent,MoveState,Moving,Goal,20.00,0.00,20.00,17.89,0.00,19.00,18.00,0.00,19.00,DStar
5211,13.56,AgentPrefab,Agent,MoveState,Moving,Goal,20.00,0.00,20.00,17.90,0.00,19.00,18.00,0.00,19.00,DStar
5212,13.56,AgentPrefab,Agent,MoveState,Moving,Goal,20.00,0.00,20.00,17.90,0.00,19.00,18.00,0.00,19.00,DStar
5213,13.56,AgentPrefab,Agent,MoveState,Moving,Goal,20.00,0.00,20.00,17.91,0.00,19.00,18.00,0.00,19.00,DStar
5214,13.56,AgentPrefab,Agent,MoveState,Moving,Goal,20.00,0.00,20.00,17.91,0.00,19.00,18.00,0.00,19.00,DStar
5215,13.57,AgentPrefab,Agent,MoveState,Moving,Goal,20.00,0.00,20.00,17.92,0.00,19.00,18.00,0.00,19.00,DStar
5216,13.57,AgentPrefab,Agent,MoveState,Moving,Goal,20.00,0.00,20.00,17.92,0.00,19.00,18.00,0.00,19.00,DStar
5217,13.57,AgentPrefab,Agent,MoveState,Moving,Goal,20.00,0.00,20.00,17.93,0.00,19.00,18.00,0.00,19.00,DStar
5218,13.57,AgentPrefab,Agent,MoveState,Moving,Goal,20.00,0.00,20.00,17.93,0.00,19.00,18.00,0.00,19.00,DStar
5219,13.58,AgentPrefab,Agent,MoveState,Moving,Goal,20.00,0.00,20.00,17.94,0.00,19.00,18.00,0.00,19.00,DStar
5220,13.58,AgentPrefab,Agent,MoveState,Moving,Goal,20.00,0.00,20.00,17.94,0.00,19.00,18.00,0.00,19.00,DStar
5221,13.58,AgentPrefab,Agent,MoveState,Moving,Goal,20.00,0.00,20.00,17.95,0.00,19.00,18.00,0.00,19.00,DStar
5222,13.58,AgentPrefab,Agent,MoveState,Moving,Goal,20.00,0.00,20.00,18.00,0.00,19.00,19.00,0.00,19.00,DStar
5223,13.58,AgentPrefab,Agent,MoveState,Moving,Goal,20.00,0.00,20.00,18.00,0.00,19.00,19.00,0.00,19.00,DStar
5224,13.59,AgentPrefab,Agent,MoveState,Moving,Goal,20.00,0.00,20.00,18.01,0.00,19.00,19.00,0.00,19.00,DStar
5225,13.59,AgentPrefab,Agent,MoveState,Moving,Goal,20.00,0.00,20.00,18.01,0.00,19.00,19.00,0.00,19.00,DStar
5226,13.59,AgentPrefab,Agent,MoveState,Moving,Goal,20.00,0.00,20.00,18.02,0.00,19.00,19.00,0.00,19.00,DStar
5227,13.59,AgentPrefab,Agent,MoveState,Moving,Goal,20.00,0.00,20.00,18.02,0.00,19.00,19.00,0.00,19.00,DStar
5228,13.60,AgentPrefab,Agent,MoveState,Moving,Goal,20.00,0.00,20.00,18.03,0.00,19.00,19.00,0.00,19.00,DStar
5229,13.60,AgentPrefab,Agent,MoveState,Moving,Goal,20.00,0.00,20.00,18.03,0.00,19.00,19.00,0.00,19.00,DStar
5230,13.60,AgentPrefab,Agent,MoveState,Moving,Goal,20.00,0.00,20.00,18.04,0.00,19.00,19.00,0.00,19.00,DStar
5231,13.60,AgentPrefab,Agent,MoveState,Moving,Goal,20.00,0.00,20.00,18.04,0.00,19.00,19.00,0.00,19.00,DStar
5232,13.61,AgentPrefab,Agent,MoveState,Moving,Goal,20.00,0.00,20.00,18.05,0.00,19.00,19.00,0.00,19.00,DStar
5233,13.61,AgentPrefab,Agent,MoveState,Moving,Goal,20.00,0.00,20.00,18.05,0.00,19.00,19.00,0.00,19.00,DStar
5234,13.61,AgentPrefab,Agent,MoveState,Moving,Goal,20.00,0.00,20.00,18.06,0.00,19.00,19.00,0.00,19.00,DStar
5235,13.61,AgentPrefab,Agent,MoveState,Moving,Goal,20.00,0.00,20.00,18.06,0.00,19.00,19.00,0.00,19.00,DStar
5236,13.62,AgentPrefab,Agent,MoveState,Moving,Goal,20.00,0.00,20.00,18.07,0.00,19.00,19.00,0.00,19.00,DStar
5237,13.62,AgentPrefab,Agent,MoveState,Moving,Goal,20.00,0.00,20.00,18.07,0.00,19.00,19.00,0.00,19.00,DStar
5238,13.62,AgentPrefab,Agent,MoveState,Moving,Goal,20.00,0.00,20.00,18.08,0.00,19.00,19.00,0.00,19.00,DStar
5239,13.62,AgentPrefab,Agent,MoveState,Moving,Goal,20.00,0.00,20.00,18.08,0.00,19.00,19.00,0.00,19.00,DStar
5240,13.63,AgentPrefab,Agent,MoveState,Moving,Goal,20.00,0.00,20.00,18.09,0.00,19.00,19.00,0.00,19.00,DStar
5241,13.63,AgentPrefab,Agent,MoveState,Moving,Goal,20.00,0.00,20.00,18.09,0.00,19.00,19.00,0.00,19.00,DStar
5242,13.63,AgentPrefab,Agent,MoveState,Moving,Goal,20.00,0.00,20.00,18.10,0.00,19.00,19.00,0.00,19.00,DStar
5243,13.63,AgentPrefab,Agent,MoveState,Moving,Goal,20.00,0.00,20.00,18.10,0.00,19.00,19.00,0.00,19.00,DStar
5244,13.64,AgentPrefab,Agent,MoveState,Moving,Goal,20.00,0.00,20.00,18.11,0.00,19.00,19.00,0.00,19.00,DStar
5245,13.64,AgentPrefab,Agent,MoveState,Moving,Goal,20.00,0.00,20.00,18.11,0.00,19.00,19.00,0.00,19.00,DStar
5246,13.64,AgentPrefab,Agent,MoveState,Moving,Goal,20.00,0.00,20.00,18.12,0.00,19.00,19.00,0.00,19.00,DStar
5247,13.64,AgentPrefab,Agent,MoveState,Moving,Goal,20.00,0.00,20.00,18.12,0.00,19.00,19.00,0.00,19.00,DStar
5248,13.65,AgentPrefab,Agent,MoveState,Moving,Goal,20.00,0.00,20.00,18.13,0.00,19.00,19.00,0.00,19.00,DStar
5249,13.65,AgentPrefab,Agent,MoveState,Moving,Goal,20.00,0.00,20.00,18.13,0.00,19.00,19.00,0.00,19.00,DStar
5250,13.65,AgentPrefab,Agent,MoveState,Moving,Goal,20.00,0.00,20.00,18.14,0.00,19.00,19.00,0.00,19.00,DStar
5251,13.66,AgentPrefab,Agent,MoveState,Moving,Goal,20.00,0.00,20.00,18.14,0.00,19.00,19.00,0.00,19.00,DStar
5252,13.66,AgentPrefab,Agent,MoveState,Moving,Goal,20.00,0.00,20.00,18.15,0.00,19.00,19.00,0.00,19.00,DStar
5253,13.66,AgentPrefab,Agent,MoveState,Moving,Goal,20.00,0.00,20.00,18.16,0.00,19.00,19.00,0.00,19.00,DStar
5254,13.66,AgentPrefab,Agent,MoveState,Moving,Goal,20.00,0.00,20.00,18.16,0.00,19.00,19.00,0.00,19.00,DStar
5255,13.67,AgentPrefab,Agent,MoveState,Moving,Goal,20.00,0.00,20.00,18.17,0.00,19.00,19.00,0.00,19.00,DStar
5256,13.67,AgentPrefab,Agent,MoveState,Moving,Goal,20.00,0.00,20.00,18.17,0.00,19.00,19.00,0.00,19.00,DStar
5257,13.67,AgentPrefab,Agent,MoveState,Moving,Goal,20.00,0.00,20.00,18.18,0.00,19.00,19.00,0.00,19.00,DStar
5258,13.67,AgentPrefab,Agent,MoveState,Moving,Goal,20.00,0.00,20.00,18.18,0.00,19.00,19.00,0.00,19.00,DStar
5259,13.68,AgentPrefab,Agent,MoveState,Moving,Goal,20.00,0.00,20.00,18.19,0.00,19.00,19.00,0.00,19.00,DStar
5260,13.68,AgentPrefab,Agent,MoveState,Moving,Goal,20.00,0.00,20.00,18.19,0.00,19.00,19.00,0.00,19.00,DStar
5261,13.68,AgentPrefab,Agent,MoveState,Moving,Goal,20.00,0.00,20.00,18.20,0.00,19.00,19.00,0.00,19.00,DStar
5262,13.68,AgentPrefab,Agent,MoveState,Moving,Goal,20.00,0.00,20.00,18.20,0.00,19.00,19.00,0.00,19.00,DStar
5263,13.68,AgentPrefab,Agent,MoveState,Moving,Goal,20.00,0.00,20.00,18.20,0.00,19.00,19.00,0.00,19.00,DStar
5264,13.69,AgentPrefab,Agent,MoveState,Moving,Goal,20.00,0.00,20.00,18.21,0.00,19.00,19.00,0.00,19.00,DStar
5265,13.69,AgentPrefab,Agent,MoveState,Moving,Goal,20.00,0.00,20.00,18.22,0.00,19.00,19.00,0.00,19.00,DStar
5266,13.69,AgentPrefab,Agent,MoveState,Moving,Goal,20.00,0.00,20.00,18.22,0.00,19.00,19.00,0.00,19.00,DStar
5267,13.70,AgentPrefab,Agent,MoveState,Moving,Goal,20.00,0.00,20.00,18.22,0.00,19.00,19.00,0.00,19.00,DStar
5268,13.70,AgentPrefab,Agent,MoveState,Moving,Goal,20.00,0.00,20.00,18.24,0.00,19.00,19.00,0.00,19.00,DStar
5269,13.71,AgentPrefab,Agent,MoveState,Moving,Goal,20.00,0.00,20.00,18.25,0.00,19.00,19.00,0.00,19.00,DStar
5270,13.71,AgentPrefab,Agent,MoveState,Moving,Goal,20.00,0.00,20.00,18.25,0.00,19.00,19.00,0.00,19.00,DStar
5271,13.71,AgentPrefab,Agent,MoveState,Moving,Goal,20.00,0.00,20.00,18.26,0.00,19.00,19.00,0.00,19.00,DStar
5272,13.71,AgentPrefab,Agent,MoveState,Moving,Goal,20.00,0.00,20.00,18.26,0.00,19.00,19.00,0.00,19.00,DStar
5273,13.72,AgentPrefab,Agent,MoveState,Moving,Goal,20.00,0.00,20.00,18.27,0.00,19.00,19.00,0.00,19.00,DStar
5274,13.72,AgentPrefab,Agent,MoveState,Moving,Goal,20.00,0.00,20.00,18.27,0.00,19.00,19.00,0.00,19.00,DStar
5275,13.72,AgentPrefab,Agent,MoveState,Moving,Goal,20.00,0.00,20.00,18.27,0.00,19.00,19.00,0.00,19.00,DStar
5276,13.72,AgentPrefab,Agent,MoveState,Moving,Goal,20.00,0.00,20.00,18.28,0.00,19.00,19.00,0.00,19.00,DStar
5277,13.73,AgentPrefab,Agent,MoveState,Moving,Goal,20.00,0.00,20.00,18.29,0.00,19.00,19.00,0.00,19.00,DStar
5278,13.73,AgentPrefab,Agent,MoveState,Moving,Goal,20.00,0.00,20.00,18.29,0.00,19.00,19.00,0.00,19.00,DStar
5279,13.73,AgentPrefab,Agent,MoveState,Moving,Goal,20.00,0.00,20.00,18.29,0.00,19.00,19.00,0.00,19.00,DStar
5280,13.73,AgentPrefab,Agent,MoveState,Moving,Goal,20.00,0.00,20.00,18.30,0.00,19.00,19.00,0.00,19.00,DStar
5281,13.73,AgentPrefab,Agent,MoveState,Moving,Goal,20.00,0.00,20.00,18.30,0.00,19.00,19.00,0.00,19.00,DStar
5282,13.74,AgentPrefab,Agent,MoveState,Moving,Goal,20.00,0.00,20.00,18.31,0.00,19.00,19.00,0.00,19.00,DStar
5283,13.74,AgentPrefab,Agent,MoveState,Moving,Goal,20.00,0.00,20.00,18.31,0.00,19.00,19.00,0.00,19.00,DStar
5284,13.74,AgentPrefab,Agent,MoveState,Moving,Goal,20.00,0.00,20.00,18.32,0.00,19.00,19.00,0.00,19.00,DStar
5285,13.75,AgentPrefab,Agent,MoveState,Moving,Goal,20.00,0.00,20.00,18.33,0.00,19.00,19.00,0.00,19.00,DStar
5286,13.75,AgentPrefab,Agent,MoveState,Moving,Goal,20.00,0.00,20.00,18.33,0.00,19.00,19.00,0.00,19.00,DStar
5287,13.75,AgentPrefab,Agent,MoveState,Moving,Goal,20.00,0.00,20.00,18.34,0.00,19.00,19.00,0.00,19.00,DStar
5288,13.75,AgentPrefab,Agent,MoveState,Moving,Goal,20.00,0.00,20.00,18.34,0.00,19.00,19.00,0.00,19.00,DStar
5289,13.76,AgentPrefab,Agent,MoveState,Moving,Goal,20.00,0.00,20.00,18.35,0.00,19.00,19.00,0.00,19.00,DStar
5290,13.76,AgentPrefab,Agent,MoveState,Moving,Goal,20.00,0.00,20.00,18.35,0.00,19.00,19.00,0.00,19.00,DStar
5291,13.76,AgentPrefab,Agent,MoveState,Moving,Goal,20.00,0.00,20.00,18.36,0.00,19.00,19.00,0.00,19.00,DStar
5292,13.76,AgentPrefab,Agent,MoveState,Moving,Goal,20.00,0.00,20.00,18.36,0.00,19.00,19.00,0.00,19.00,DStar
5293,13.77,AgentPrefab,Agent,MoveState,Moving,Goal,20.00,0.00,20.00,18.37,0.00,19.00,19.00,0.00,19.00,DStar
5294,13.77,AgentPrefab,Agent,MoveState,Moving,Goal,20.00,0.00,20.00,18.37,0.00,19.00,19.00,0.00,19.00,DStar
5295,13.77,AgentPrefab,Agent,MoveState,Moving,Goal,20.00,0.00,20.00,18.38,0.00,19.00,19.00,0.00,19.00,DStar
5296,13.77,AgentPrefab,Agent,MoveState,Moving,Goal,20.00,0.00,20.00,18.39,0.00,19.00,19.00,0.00,19.00,DStar
5297,13.78,AgentPrefab,Agent,MoveState,Moving,Goal,20.00,0.00,20.00,18.39,0.00,19.00,19.00,0.00,19.00,DStar
5298,13.78,AgentPrefab,Agent,MoveState,Moving,Goal,20.00,0.00,20.00,18.39,0.00,19.00,19.00,0.00,19.00,DStar
5299,13.78,AgentPrefab,Agent,MoveState,Moving,Goal,20.00,0.00,20.00,18.40,0.00,19.00,19.00,0.00,19.00,DStar
5300,13.78,AgentPrefab,Agent,MoveState,Moving,Goal,20.00,0.00,20.00,18.40,0.00,19.00,19.00,0.00,19.00,DStar
5301,13.79,AgentPrefab,Agent,MoveState,Moving,Goal,20.00,0.00,20.00,18.41,0.00,19.00,19.00,0.00,19.00,DStar
5302,13.79,AgentPrefab,Agent,MoveState,Moving,Goal,20.00,0.00,20.00,18.42,0.00,19.00,19.00,0.00,19.00,DStar
5303,13.79,AgentPrefab,Agent,MoveState,Moving,Goal,20.00,0.00,20.00,18.42,0.00,19.00,19.00,0.00,19.00,DStar
5304,13.80,AgentPrefab,Agent,MoveState,Moving,Goal,20.00,0.00,20.00,18.43,0.00,19.00,19.00,0.00,19.00,DStar
5305,13.80,AgentPrefab,Agent,MoveState,Moving,Goal,20.00,0.00,20.00,18.43,0.00,19.00,19.00,0.00,19.00,DStar
5306,13.80,AgentPrefab,Agent,MoveState,Moving,Goal,20.00,0.00,20.00,18.44,0.00,19.00,19.00,0.00,19.00,DStar
5307,13.80,AgentPrefab,Agent,MoveState,Moving,Goal,20.00,0.00,20.00,18.44,0.00,19.00,19.00,0.00,19.00,DStar
5308,13.81,AgentPrefab,Agent,MoveState,Moving,Goal,20.00,0.00,20.00,18.45,0.00,19.00,19.00,0.00,19.00,DStar
5309,13.81,AgentPrefab,Agent,MoveState,Moving,Goal,20.00,0.00,20.00,18.45,0.00,19.00,19.00,0.00,19.00,DStar
5310,13.81,AgentPrefab,Agent,MoveState,Moving,Goal,20.00,0.00,20.00,18.46,0.00,19.00,19.00,0.00,19.00,DStar
5311,13.81,AgentPrefab,Agent,MoveState,Moving,Goal,20.00,0.00,20.00,18.46,0.00,19.00,19.00,0.00,19.00,DStar
5312,13.81,AgentPrefab,Agent,MoveState,Moving,Goal,20.00,0.00,20.00,18.46,0.00,19.00,19.00,0.00,19.00,DStar
5313,13.82,AgentPrefab,Agent,MoveState,Moving,Goal,20.00,0.00,20.00,18.47,0.00,19.00,19.00,0.00,19.00,DStar
5314,13.82,AgentPrefab,Agent,MoveState,Moving,Goal,20.00,0.00,20.00,18.47,0.00,19.00,19.00,0.00,19.00,DStar
5315,13.82,AgentPrefab,Agent,MoveState,Moving,Goal,20.00,0.00,20.00,18.48,0.00,19.00,19.00,0.00,19.00,DStar
5316,13.83,AgentPrefab,Agent,MoveState,Moving,Goal,20.00,0.00,20.00,18.49,0.00,19.00,19.00,0.00,19.00,DStar
5317,13.83,AgentPrefab,Agent,MoveState,Moving,Goal,20.00,0.00,20.00,18.49,0.00,19.00,19.00,0.00,19.00,DStar
5318,13.83,AgentPrefab,Agent,MoveState,Moving,Goal,20.00,0.00,20.00,18.50,0.00,19.00,19.00,0.00,19.00,DStar
5319,13.83,AgentPrefab,Agent,MoveState,Moving,Goal,20.00,0.00,20.00,18.50,0.00,19.00,19.00,0.00,19.00,DStar
5320,13.84,AgentPrefab,Agent,MoveState,Moving,Goal,20.00,0.00,20.00,18.51,0.00,19.00,19.00,0.00,19.00,DStar
5321,13.84,AgentPrefab,Agent,MoveState,Moving,Goal,20.00,0.00,20.00,18.51,0.00,19.00,19.00,0.00,19.00,DStar
5322,13.84,AgentPrefab,Agent,MoveState,Moving,Goal,20.00,0.00,20.00,18.52,0.00,19.00,19.00,0.00,19.00,DStar
5323,13.84,AgentPrefab,Agent,MoveState,Moving,Goal,20.00,0.00,20.00,18.52,0.00,19.00,19.00,0.00,19.00,DStar
5324,13.85,AgentPrefab,Agent,MoveState,Moving,Goal,20.00,0.00,20.00,18.53,0.00,19.00,19.00,0.00,19.00,DStar
5325,13.85,AgentPrefab,Agent,MoveState,Moving,Goal,20.00,0.00,20.00,18.53,0.00,19.00,19.00,0.00,19.00,DStar
5326,13.85,AgentPrefab,Agent,MoveState,Moving,Goal,20.00,0.00,20.00,18.54,0.00,19.00,19.00,0.00,19.00,DStar
5327,13.85,AgentPrefab,Agent,MoveState,Moving,Goal,20.00,0.00,20.00,18.54,0.00,19.00,19.00,0.00,19.00,DStar
5328,13.85,AgentPrefab,Agent,MoveState,Moving,Goal,20.00,0.00,20.00,18.55,0.00,19.00,19.00,0.00,19.00,DStar
5329,13.86,AgentPrefab,Agent,MoveState,Moving,Goal,20.00,0.00,20.00,18.55,0.00,19.00,19.00,0.00,19.00,DStar
5330,13.86,AgentPrefab,Agent,MoveState,Moving,Goal,20.00,0.00,20.00,18.55,0.00,19.00,19.00,0.00,19.00,DStar
5331,13.86,AgentPrefab,Agent,MoveState,Moving,Goal,20.00,0.00,20.00,18.56,0.00,19.00,19.00,0.00,19.00,DStar
5332,13.86,AgentPrefab,Agent,MoveState,Moving,Goal,20.00,0.00,20.00,18.56,0.00,19.00,19.00,0.00,19.00,DStar
5333,13.87,AgentPrefab,Agent,MoveState,Moving,Goal,20.00,0.00,20.00,18.57,0.00,19.00,19.00,0.00,19.00,DStar
5334,13.87,AgentPrefab,Agent,MoveState,Moving,Goal,20.00,0.00,20.00,18.57,0.00,19.00,19.00,0.00,19.00,DStar
5335,13.87,AgentPrefab,Agent,MoveState,Moving,Goal,20.00,0.00,20.00,18.58,0.00,19.00,19.00,0.00,19.00,DStar
5336,13.88,AgentPrefab,Agent,MoveState,Moving,Goal,20.00,0.00,20.00,18.59,0.00,19.00,19.00,0.00,19.00,DStar
5337,13.88,AgentPrefab,Agent,MoveState,Moving,Goal,20.00,0.00,20.00,18.59,0.00,19.00,19.00,0.00,19.00,DStar
5338,13.88,AgentPrefab,Agent,MoveState,Moving,Goal,20.00,0.00,20.00,18.60,0.00,19.00,19.00,0.00,19.00,DStar
5339,13.88,AgentPrefab,Agent,MoveState,Moving,Goal,20.00,0.00,20.00,18.60,0.00,19.00,19.00,0.00,19.00,DStar
5340,13.89,AgentPrefab,Agent,MoveState,Moving,Goal,20.00,0.00,20.00,18.61,0.00,19.00,19.00,0.00,19.00,DStar
5341,13.89,AgentPrefab,Agent,MoveState,Moving,Goal,20.00,0.00,20.00,18.61,0.00,19.00,19.00,0.00,19.00,DStar
5342,13.89,AgentPrefab,Agent,MoveState,Moving,Goal,20.00,0.00,20.00,18.62,0.00,19.00,19.00,0.00,19.00,DStar
5343,13.89,AgentPrefab,Agent,MoveState,Moving,Goal,20.00,0.00,20.00,18.62,0.00,19.00,19.00,0.00,19.00,DStar
5344,13.90,AgentPrefab,Agent,MoveState,Moving,Goal,20.00,0.00,20.00,18.63,0.00,19.00,19.00,0.00,19.00,DStar
5345,13.90,AgentPrefab,Agent,MoveState,Moving,Goal,20.00,0.00,20.00,18.63,0.00,19.00,19.00,0.00,19.00,DStar
5346,13.90,AgentPrefab,Agent,MoveState,Moving,Goal,20.00,0.00,20.00,18.64,0.00,19.00,19.00,0.00,19.00,DStar
5347,13.91,AgentPrefab,Agent,MoveState,Moving,Goal,20.00,0.00,20.00,18.65,0.00,19.00,19.00,0.00,19.00,DStar
5348,13.91,AgentPrefab,Agent,MoveState,Moving,Goal,20.00,0.00,20.00,18.65,0.00,19.00,19.00,0.00,19.00,DStar
5349,13.91,AgentPrefab,Agent,MoveState,Moving,Goal,20.00,0.00,20.00,18.66,0.00,19.00,19.00,0.00,19.00,DStar
5350,13.91,AgentPrefab,Agent,MoveState,Moving,Goal,20.00,0.00,20.00,18.66,0.00,19.00,19.00,0.00,19.00,DStar
5351,13.91,AgentPrefab,Agent,MoveState,Moving,Goal,20.00,0.00,20.00,18.66,0.00,19.00,19.00,0.00,19.00,DStar
5352,13.92,AgentPrefab,Agent,MoveState,Moving,Goal,20.00,0.00,20.00,18.67,0.00,19.00,19.00,0.00,19.00,DStar
5353,13.92,AgentPrefab,Agent,MoveState,Moving,Goal,20.00,0.00,20.00,18.67,0.00,19.00,19.00,0.00,19.00,DStar
5354,13.92,AgentPrefab,Agent,MoveState,Moving,Goal,20.00,0.00,20.00,18.68,0.00,19.00,19.00,0.00,19.00,DStar
5355,13.92,AgentPrefab,Agent,MoveState,Moving,Goal,20.00,0.00,20.00,18.68,0.00,19.00,19.00,0.00,19.00,DStar
5356,13.93,AgentPrefab,Agent,MoveState,Moving,Goal,20.00,0.00,20.00,18.69,0.00,19.00,19.00,0.00,19.00,DStar
5357,13.93,AgentPrefab,Agent,MoveState,Moving,Goal,20.00,0.00,20.00,18.70,0.00,19.00,19.00,0.00,19.00,DStar
5358,13.93,AgentPrefab,Agent,MoveState,Moving,Goal,20.00,0.00,20.00,18.70,0.00,19.00,19.00,0.00,19.00,DStar
5359,13.94,AgentPrefab,Agent,MoveState,Moving,Goal,20.00,0.00,20.00,18.71,0.00,19.00,19.00,0.00,19.00,DStar
5360,13.94,AgentPrefab,Agent,MoveState,Moving,Goal,20.00,0.00,20.00,18.71,0.00,19.00,19.00,0.00,19.00,DStar
5361,13.94,AgentPrefab,Agent,MoveState,Moving,Goal,20.00,0.00,20.00,18.72,0.00,19.00,19.00,0.00,19.00,DStar
5362,13.94,AgentPrefab,Agent,MoveState,Moving,Goal,20.00,0.00,20.00,18.72,0.00,19.00,19.00,0.00,19.00,DStar
5363,13.95,AgentPrefab,Agent,MoveState,Moving,Goal,20.00,0.00,20.00,18.73,0.00,19.00,19.00,0.00,19.00,DStar
5364,13.95,AgentPrefab,Agent,MoveState,Moving,Goal,20.00,0.00,20.00,18.73,0.00,19.00,19.00,0.00,19.00,DStar
5365,13.95,AgentPrefab,Agent,MoveState,Moving,Goal,20.00,0.00,20.00,18.73,0.00,19.00,19.00,0.00,19.00,DStar
5366,13.95,AgentPrefab,Agent,MoveState,Moving,Goal,20.00,0.00,20.00,18.74,0.00,19.00,19.00,0.00,19.00,DStar
5367,13.96,AgentPrefab,Agent,MoveState,Moving,Goal,20.00,0.00,20.00,18.75,0.00,19.00,19.00,0.00,19.00,DStar
5368,13.96,AgentPrefab,Agent,MoveState,Moving,Goal,20.00,0.00,20.00,18.75,0.00,19.00,19.00,0.00,19.00,DStar
5369,13.96,AgentPrefab,Agent,MoveState,Moving,Goal,20.00,0.00,20.00,18.76,0.00,19.00,19.00,0.00,19.00,DStar
5370,13.96,AgentPrefab,Agent,MoveState,Moving,Goal,20.00,0.00,20.00,18.76,0.00,19.00,19.00,0.00,19.00,DStar
5371,13.97,AgentPrefab,Agent,MoveState,Moving,Goal,20.00,0.00,20.00,18.77,0.00,19.00,19.00,0.00,19.00,DStar
5372,13.97,AgentPrefab,Agent,MoveState,Moving,Goal,20.00,0.00,20.00,18.77,0.00,19.00,19.00,0.00,19.00,DStar
5373,13.97,AgentPrefab,Agent,MoveState,Moving,Goal,20.00,0.00,20.00,18.78,0.00,19.00,19.00,0.00,19.00,DStar
5374,13.97,AgentPrefab,Agent,MoveState,Moving,Goal,20.00,0.00,20.00,18.78,0.00,19.00,19.00,0.00,19.00,DStar
5375,13.98,AgentPrefab,Agent,MoveState,Moving,Goal,20.00,0.00,20.00,18.79,0.00,19.00,19.00,0.00,19.00,DStar
5376,13.98,AgentPrefab,Agent,MoveState,Moving,Goal,20.00,0.00,20.00,18.79,0.00,19.00,19.00,0.00,19.00,DStar
5377,13.98,AgentPrefab,Agent,MoveState,Moving,Goal,20.00,0.00,20.00,18.80,0.00,19.00,19.00,0.00,19.00,DStar
5378,13.98,AgentPrefab,Agent,MoveState,Moving,Goal,20.00,0.00,20.00,18.80,0.00,19.00,19.00,0.00,19.00,DStar
5379,13.99,AgentPrefab,Agent,MoveState,Moving,Goal,20.00,0.00,20.00,18.81,0.00,19.00,19.00,0.00,19.00,DStar
5380,13.99,AgentPrefab,Agent,MoveState,Moving,Goal,20.00,0.00,20.00,18.81,0.00,19.00,18.81,0.00,19.00,DStar
5381,13.99,AgentPrefab,Agent,MoveState,Moving,Goal,20.00,0.00,20.00,18.81,0.00,19.00,20.00,0.00,20.00,DStar
5382,14.00,AgentPrefab,Agent,MoveState,Moving,Goal,20.00,0.00,20.00,18.82,0.00,19.00,20.00,0.00,20.00,DStar
5383,14.00,AgentPrefab,Agent,MoveState,Moving,Goal,20.00,0.00,20.00,18.82,0.00,19.01,20.00,0.00,20.00,DStar
5384,14.00,AgentPrefab,Agent,MoveState,Moving,Goal,20.00,0.00,20.00,18.83,0.00,19.01,20.00,0.00,20.00,DStar
5385,14.00,AgentPrefab,Agent,MoveState,Moving,Goal,20.00,0.00,20.00,18.83,0.00,19.01,20.00,0.00,20.00,DStar
5386,14.01,AgentPrefab,Agent,MoveState,Moving,Goal,20.00,0.00,20.00,18.83,0.00,19.02,20.00,0.00,20.00,DStar
5387,14.01,AgentPrefab,Agent,MoveState,Moving,Goal,20.00,0.00,20.00,18.84,0.00,19.02,20.00,0.00,20.00,DStar
5388,14.01,AgentPrefab,Agent,MoveState,Moving,Goal,20.00,0.00,20.00,18.84,0.00,19.02,20.00,0.00,20.00,DStar
5389,14.01,AgentPrefab,Agent,MoveState,Moving,Goal,20.00,0.00,20.00,18.84,0.00,19.03,20.00,0.00,20.00,DStar
5390,14.01,AgentPrefab,Agent,MoveState,Moving,Goal,20.00,0.00,20.00,18.85,0.00,19.03,20.00,0.00,20.00,DStar
5391,14.02,AgentPrefab,Agent,MoveState,Moving,Goal,20.00,0.00,20.00,18.85,0.00,19.03,20.00,0.00,20.00,DStar
5392,14.02,AgentPrefab,Agent,MoveState,Moving,Goal,20.00,0.00,20.00,18.85,0.00,19.03,20.00,0.00,20.00,DStar
5393,14.02,AgentPrefab,Agent,MoveState,Moving,Goal,20.00,0.00,20.00,18.86,0.00,19.04,20.00,0.00,20.00,DStar
5394,14.02,AgentPrefab,Agent,MoveState,Moving,Goal,20.00,0.00,20.00,18.86,0.00,19.04,20.00,0.00,20.00,DStar
5395,14.03,AgentPrefab,Agent,MoveState,Moving,Goal,20.00,0.00,20.00,18.87,0.00,19.04,20.00,0.00,20.00,DStar
5396,14.03,AgentPrefab,Agent,MoveState,Moving,Goal,20.00,0.00,20.00,18.87,0.00,19.05,20.00,0.00,20.00,DStar
5397,14.03,AgentPrefab,Agent,MoveState,Moving,Goal,20.00,0.00,20.00,18.87,0.00,19.05,20.00,0.00,20.00,DStar
5398,14.03,AgentPrefab,Agent,MoveState,Moving,Goal,20.00,0.00,20.00,18.88,0.00,19.05,20.00,0.00,20.00,DStar
5399,14.04,AgentPrefab,Agent,MoveState,Moving,Goal,20.00,0.00,20.00,18.88,0.00,19.06,20.00,0.00,20.00,DStar
5400,14.04,AgentPrefab,Agent,MoveState,Moving,Goal,20.00,0.00,20.00,18.88,0.00,19.06,20.00,0.00,20.00,DStar
5401,14.04,AgentPrefab,Agent,MoveState,Moving,Goal,20.00,0.00,20.00,18.89,0.00,19.06,20.00,0.00,20.00,DStar
5402,14.04,AgentPrefab,Agent,MoveState,Moving,Goal,20.00,0.00,20.00,18.89,0.00,19.07,20.00,0.00,20.00,DStar
5403,14.05,AgentPrefab,Agent,MoveState,Moving,Goal,20.00,0.00,20.00,18.90,0.00,19.07,20.00,0.00,20.00,DStar
5404,14.05,AgentPrefab,Agent,MoveState,Moving,Goal,20.00,0.00,20.00,18.90,0.00,19.07,20.00,0.00,20.00,DStar
5405,14.05,AgentPrefab,Agent,MoveState,Moving,Goal,20.00,0.00,20.00,18.90,0.00,19.08,20.00,0.00,20.00,DStar
5406,14.05,AgentPrefab,Agent,MoveState,Moving,Goal,20.00,0.00,20.00,18.91,0.00,19.08,20.00,0.00,20.00,DStar
5407,14.06,AgentPrefab,Agent,MoveState,Moving,Goal,20.00,0.00,20.00,18.91,0.00,19.08,20.00,0.00,20.00,DStar
5408,14.06,AgentPrefab,Agent,MoveState,Moving,Goal,20.00,0.00,20.00,18.91,0.00,19.09,20.00,0.00,20.00,DStar
5409,14.06,AgentPrefab,Agent,MoveState,Moving,Goal,20.00,0.00,20.00,18.92,0.00,19.09,20.00,0.00,20.00,DStar
5410,14.06,AgentPrefab,Agent,MoveState,Moving,Goal,20.00,0.00,20.00,18.92,0.00,19.09,20.00,0.00,20.00,DStar
5411,14.07,AgentPrefab,Agent,MoveState,Moving,Goal,20.00,0.00,20.00,18.93,0.00,19.09,20.00,0.00,20.00,DStar
5412,14.07,AgentPrefab,Agent,MoveState,Moving,Goal,20.00,0.00,20.00,18.93,0.00,19.10,20.00,0.00,20.00,DStar
5413,14.07,AgentPrefab,Agent,MoveState,Moving,Goal,20.00,0.00,20.00,18.93,0.00,19.10,20.00,0.00,20.00,DStar
5414,14.07,AgentPrefab,Agent,MoveState,Moving,Goal,20.00,0.00,20.00,18.94,0.00,19.10,20.00,0.00,20.00,DStar
5415,14.07,AgentPrefab,Agent,MoveState,Moving,Goal,20.00,0.00,20.00,18.94,0.00,19.11,20.00,0.00,20.00,DStar
5416,14.08,AgentPrefab,Agent,MoveState,Moving,Goal,20.00,0.00,20.00,18.94,0.00,19.11,20.00,0.00,20.00,DStar
5417,14.08,AgentPrefab,Agent,MoveState,Moving,Goal,20.00,0.00,20.00,18.95,0.00,19.11,20.00,0.00,20.00,DStar
5418,14.08,AgentPrefab,Agent,MoveState,Moving,Goal,20.00,0.00,20.00,18.95,0.00,19.12,20.00,0.00,20.00,DStar
5419,14.08,AgentPrefab,Agent,MoveState,Moving,Goal,20.00,0.00,20.00,18.95,0.00,19.12,20.00,0.00,20.00,DStar
5420,14.09,AgentPrefab,Agent,MoveState,Moving,Goal,20.00,0.00,20.00,18.96,0.00,19.12,20.00,0.00,20.00,DStar
5421,14.09,AgentPrefab,Agent,MoveState,Moving,Goal,20.00,0.00,20.00,18.96,0.00,19.13,20.00,0.00,20.00,DStar
5422,14.09,AgentPrefab,Agent,MoveState,Moving,Goal,20.00,0.00,20.00,18.97,0.00,19.13,20.00,0.00,20.00,DStar
5423,14.09,AgentPrefab,Agent,MoveState,Moving,Goal,20.00,0.00,20.00,18.97,0.00,19.13,20.00,0.00,20.00,DStar
5424,14.10,AgentPrefab,Agent,MoveState,Moving,Goal,20.00,0.00,20.00,18.97,0.00,19.13,20.00,0.00,20.00,DStar
5425,14.10,AgentPrefab,Agent,MoveState,Moving,Goal,20.00,0.00,20.00,18.98,0.00,19.14,20.00,0.00,20.00,DStar
5426,14.11,AgentPrefab,Agent,MoveState,Moving,Goal,20.00,0.00,20.00,18.99,0.00,19.14,20.00,0.00,20.00,DStar
5427,14.12,AgentPrefab,Agent,MoveState,Moving,Goal,20.00,0.00,20.00,18.99,0.00,19.15,20.00,0.00,20.00,DStar
5428,14.13,AgentPrefab,Agent,MoveState,Moving,Goal,20.00,0.00,20.00,19.02,0.00,19.17,20.00,0.00,20.00,DStar
5429,14.13,AgentPrefab,Agent,MoveState,Moving,Goal,20.00,0.00,20.00,19.02,0.00,19.18,20.00,0.00,20.00,DStar
5430,14.13,AgentPrefab,Agent,MoveState,Moving,Goal,20.00,0.00,20.00,19.03,0.00,19.18,20.00,0.00,20.00,DStar
5431,14.14,AgentPrefab,Agent,MoveState,Moving,Goal,20.00,0.00,20.00,19.03,0.00,19.19,20.00,0.00,20.00,DStar
5432,14.14,AgentPrefab,Agent,MoveState,Moving,Goal,20.00,0.00,20.00,19.04,0.00,19.19,20.00,0.00,20.00,DStar
5433,14.15,AgentPrefab,Agent,MoveState,Moving,Goal,20.00,0.00,20.00,19.05,0.00,19.20,20.00,0.00,20.00,DStar
5434,14.15,AgentPrefab,Agent,MoveState,Moving,Goal,20.00,0.00,20.00,19.05,0.00,19.20,20.00,0.00,20.00,DStar
5435,14.15,AgentPrefab,Agent,MoveState,Moving,Goal,20.00,0.00,20.00,19.06,0.00,19.20,20.00,0.00,20.00,DStar
5436,14.15,AgentPrefab,Agent,MoveState,Moving,Goal,20.00,0.00,20.00,19.06,0.00,19.21,20.00,0.00,20.00,DStar
5437,14.16,AgentPrefab,Agent,MoveState,Moving,Goal,20.00,0.00,20.00,19.06,0.00,19.21,20.00,0.00,20.00,DStar
5438,14.16,AgentPrefab,Agent,MoveState,Moving,Goal,20.00,0.00,20.00,19.07,0.00,19.22,20.00,0.00,20.00,DStar
5439,14.16,AgentPrefab,Agent,MoveState,Moving,Goal,20.00,0.00,20.00,19.08,0.00,19.22,20.00,0.00,20.00,DStar
5440,14.17,AgentPrefab,Agent,MoveState,Moving,Goal,20.00,0.00,20.00,19.08,0.00,19.23,20.00,0.00,20.00,DStar
5441,14.17,AgentPrefab,Agent,MoveState,Moving,Goal,20.00,0.00,20.00,19.08,0.00,19.23,20.00,0.00,20.00,DStar
5442,14.17,AgentPrefab,Agent,MoveState,Moving,Goal,20.00,0.00,20.00,19.09,0.00,19.23,20.00,0.00,20.00,DStar
5443,14.18,AgentPrefab,Agent,MoveState,Moving,Goal,20.00,0.00,20.00,19.09,0.00,19.24,20.00,0.00,20.00,DStar
5444,14.18,AgentPrefab,Agent,MoveState,Moving,Goal,20.00,0.00,20.00,19.10,0.00,19.24,20.00,0.00,20.00,DStar
5445,14.18,AgentPrefab,Agent,MoveState,Moving,Goal,20.00,0.00,20.00,19.10,0.00,19.24,20.00,0.00,20.00,DStar
5446,14.18,AgentPrefab,Agent,MoveState,Moving,Goal,20.00,0.00,20.00,19.10,0.00,19.24,20.00,0.00,20.00,DStar
5447,14.18,AgentPrefab,Agent,MoveState,Moving,Goal,20.00,0.00,20.00,19.11,0.00,19.25,20.00,0.00,20.00,DStar
5448,14.19,AgentPrefab,Agent,MoveState,Moving,Goal,20.00,0.00,20.00,19.11,0.00,19.25,20.00,0.00,20.00,DStar
5449,14.19,AgentPrefab,Agent,MoveState,Moving,Goal,20.00,0.00,20.00,19.11,0.00,19.25,20.00,0.00,20.00,DStar
5450,14.19,AgentPrefab,Agent,MoveState,Moving,Goal,20.00,0.00,20.00,19.12,0.00,19.26,20.00,0.00,20.00,DStar
5451,14.19,AgentPrefab,Agent,MoveState,Moving,Goal,20.00,0.00,20.00,19.12,0.00,19.26,20.00,0.00,20.00,DStar
5452,14.20,AgentPrefab,Agent,MoveState,Moving,Goal,20.00,0.00,20.00,19.13,0.00,19.26,20.00,0.00,20.00,DStar
5453,14.20,AgentPrefab,Agent,MoveState,Moving,Goal,20.00,0.00,20.00,19.13,0.00,19.27,20.00,0.00,20.00,DStar
5454,14.20,AgentPrefab,Agent,MoveState,Moving,Goal,20.00,0.00,20.00,19.13,0.00,19.27,20.00,0.00,20.00,DStar
5455,14.20,AgentPrefab,Agent,MoveState,Moving,Goal,20.00,0.00,20.00,19.14,0.00,19.27,20.00,0.00,20.00,DStar
5456,14.21,AgentPrefab,Agent,MoveState,Moving,Goal,20.00,0.00,20.00,19.14,0.00,19.28,20.00,0.00,20.00,DStar
5457,14.21,AgentPrefab,Agent,MoveState,Moving,Goal,20.00,0.00,20.00,19.15,0.00,19.28,20.00,0.00,20.00,DStar
5458,14.21,AgentPrefab,Agent,MoveState,Moving,Goal,20.00,0.00,20.00,19.15,0.00,19.28,20.00,0.00,20.00,DStar
5459,14.21,AgentPrefab,Agent,MoveState,Moving,Goal,20.00,0.00,20.00,19.15,0.00,19.29,20.00,0.00,20.00,DStar
5460,14.22,AgentPrefab,Agent,MoveState,Moving,Goal,20.00,0.00,20.00,19.16,0.00,19.29,20.00,0.00,20.00,DStar
5461,14.22,AgentPrefab,Agent,MoveState,Moving,Goal,20.00,0.00,20.00,19.16,0.00,19.29,20.00,0.00,20.00,DStar
5462,14.22,AgentPrefab,Agent,MoveState,Moving,Goal,20.00,0.00,20.00,19.16,0.00,19.30,20.00,0.00,20.00,DStar
5463,14.23,AgentPrefab,Agent,MoveState,Moving,Goal,20.00,0.00,20.00,19.17,0.00,19.30,20.00,0.00,20.00,DStar
5464,14.23,AgentPrefab,Agent,MoveState,Moving,Goal,20.00,0.00,20.00,19.17,0.00,19.30,20.00,0.00,20.00,DStar
5465,14.23,AgentPrefab,Agent,MoveState,Moving,Goal,20.00,0.00,20.00,19.18,0.00,19.31,20.00,0.00,20.00,DStar
5466,14.23,AgentPrefab,Agent,MoveState,Moving,Goal,20.00,0.00,20.00,19.18,0.00,19.31,20.00,0.00,20.00,DStar
5467,14.23,AgentPrefab,Agent,MoveState,Moving,Goal,20.00,0.00,20.00,19.18,0.00,19.31,20.00,0.00,20.00,DStar
5468,14.24,AgentPrefab,Agent,MoveState,Moving,Goal,20.00,0.00,20.00,19.19,0.00,19.32,20.00,0.00,20.00,DStar
5469,14.24,AgentPrefab,Agent,MoveState,Moving,Goal,20.00,0.00,20.00,19.19,0.00,19.32,20.00,0.00,20.00,DStar
5470,14.24,AgentPrefab,Agent,MoveState,Moving,Goal,20.00,0.00,20.00,19.20,0.00,19.32,20.00,0.00,20.00,DStar
5471,14.24,AgentPrefab,Agent,MoveState,Moving,Goal,20.00,0.00,20.00,19.20,0.00,19.33,20.00,0.00,20.00,DStar
5472,14.25,AgentPrefab,Agent,MoveState,Moving,Goal,20.00,0.00,20.00,19.20,0.00,19.33,20.00,0.00,20.00,DStar
5473,14.25,AgentPrefab,Agent,MoveState,Moving,Goal,20.00,0.00,20.00,19.21,0.00,19.33,20.00,0.00,20.00,DStar
5474,14.25,AgentPrefab,Agent,MoveState,Moving,Goal,20.00,0.00,20.00,19.21,0.00,19.33,20.00,0.00,20.00,DStar
5475,14.25,AgentPrefab,Agent,MoveState,Moving,Goal,20.00,0.00,20.00,19.21,0.00,19.34,20.00,0.00,20.00,DStar
5476,14.26,AgentPrefab,Agent,MoveState,Moving,Goal,20.00,0.00,20.00,19.22,0.00,19.34,20.00,0.00,20.00,DStar
5477,14.26,AgentPrefab,Agent,MoveState,Moving,Goal,20.00,0.00,20.00,19.22,0.00,19.34,20.00,0.00,20.00,DStar
5478,14.26,AgentPrefab,Agent,MoveState,Moving,Goal,20.00,0.00,20.00,19.23,0.00,19.35,20.00,0.00,20.00,DStar
5479,14.26,AgentPrefab,Agent,MoveState,Moving,Goal,20.00,0.00,20.00,19.23,0.00,19.35,20.00,0.00,20.00,DStar
5480,14.27,AgentPrefab,Agent,MoveState,Moving,Goal,20.00,0.00,20.00,19.23,0.00,19.35,20.00,0.00,20.00,DStar
5481,14.27,AgentPrefab,Agent,MoveState,Moving,Goal,20.00,0.00,20.00,19.24,0.00,19.36,20.00,0.00,20.00,DStar
5482,14.27,AgentPrefab,Agent,MoveState,Moving,Goal,20.00,0.00,20.00,19.24,0.00,19.36,20.00,0.00,20.00,DStar
5483,14.27,AgentPrefab,Agent,MoveState,Moving,Goal,20.00,0.00,20.00,19.24,0.00,19.36,20.00,0.00,20.00,DStar
5484,14.28,AgentPrefab,Agent,MoveState,Moving,Goal,20.00,0.00,20.00,19.25,0.00,19.37,20.00,0.00,20.00,DStar
5485,14.28,AgentPrefab,Agent,MoveState,Moving,Goal,20.00,0.00,20.00,19.25,0.00,19.37,20.00,0.00,20.00,DStar
5486,14.28,AgentPrefab,Agent,MoveState,Moving,Goal,20.00,0.00,20.00,19.25,0.00,19.37,20.00,0.00,20.00,DStar
5487,14.28,AgentPrefab,Agent,MoveState,Moving,Goal,20.00,0.00,20.00,19.26,0.00,19.37,20.00,0.00,20.00,DStar
5488,14.29,AgentPrefab,Agent,MoveState,Moving,Goal,20.00,0.00,20.00,19.26,0.00,19.38,20.00,0.00,20.00,DStar
5489,14.29,AgentPrefab,Agent,MoveState,Moving,Goal,20.00,0.00,20.00,19.27,0.00,19.38,20.00,0.00,20.00,DStar
5490,14.29,AgentPrefab,Agent,MoveState,Moving,Goal,20.00,0.00,20.00,19.27,0.00,19.39,20.00,0.00,20.00,DStar
5491,14.29,AgentPrefab,Agent,MoveState,Moving,Goal,20.00,0.00,20.00,19.28,0.00,19.39,20.00,0.00,20.00,DStar
5492,14.30,AgentPrefab,Agent,MoveState,Moving,Goal,20.00,0.00,20.00,19.28,0.00,19.39,20.00,0.00,20.00,DStar
5493,14.30,AgentPrefab,Agent,MoveState,Moving,Goal,20.00,0.00,20.00,19.28,0.00,19.40,20.00,0.00,20.00,DStar
5494,14.30,AgentPrefab,Agent,MoveState,Moving,Goal,20.00,0.00,20.00,19.29,0.00,19.40,20.00,0.00,20.00,DStar
5495,14.31,AgentPrefab,Agent,MoveState,Moving,Goal,20.00,0.00,20.00,19.29,0.00,19.40,20.00,0.00,20.00,DStar
5496,14.31,AgentPrefab,Agent,MoveState,Moving,Goal,20.00,0.00,20.00,19.30,0.00,19.41,20.00,0.00,20.00,DStar
5497,14.31,AgentPrefab,Agent,MoveState,Moving,Goal,20.00,0.00,20.00,19.30,0.00,19.41,20.00,0.00,20.00,DStar
5498,14.31,AgentPrefab,Agent,MoveState,Moving,Goal,20.00,0.00,20.00,19.30,0.00,19.41,20.00,0.00,20.00,DStar
5499,14.32,AgentPrefab,Agent,MoveState,Moving,Goal,20.00,0.00,20.00,19.31,0.00,19.42,20.00,0.00,20.00,DStar
5500,14.32,AgentPrefab,Agent,MoveState,Moving,Goal,20.00,0.00,20.00,19.31,0.00,19.42,20.00,0.00,20.00,DStar
5501,14.32,AgentPrefab,Agent,MoveState,Moving,Goal,20.00,0.00,20.00,19.32,0.00,19.42,20.00,0.00,20.00,DStar
5502,14.32,AgentPrefab,Agent,MoveState,Moving,Goal,20.00,0.00,20.00,19.32,0.00,19.43,20.00,0.00,20.00,DStar
5503,14.33,AgentPrefab,Agent,MoveState,Moving,Goal,20.00,0.00,20.00,19.32,0.00,19.43,20.00,0.00,20.00,DStar
5504,14.33,AgentPrefab,Agent,MoveState,Moving,Goal,20.00,0.00,20.00,19.33,0.00,19.43,20.00,0.00,20.00,DStar
5505,14.33,AgentPrefab,Agent,MoveState,Moving,Goal,20.00,0.00,20.00,19.33,0.00,19.44,20.00,0.00,20.00,DStar
5506,14.33,AgentPrefab,Agent,MoveState,Moving,Goal,20.00,0.00,20.00,19.34,0.00,19.44,20.00,0.00,20.00,DStar
5507,14.34,AgentPrefab,Agent,MoveState,Moving,Goal,20.00,0.00,20.00,19.34,0.00,19.44,20.00,0.00,20.00,DStar
5508,14.34,AgentPrefab,Agent,MoveState,Moving,Goal,20.00,0.00,20.00,19.35,0.00,19.45,20.00,0.00,20.00,DStar
5509,14.34,AgentPrefab,Agent,MoveState,Moving,Goal,20.00,0.00,20.00,19.35,0.00,19.45,20.00,0.00,20.00,DStar
5510,14.35,AgentPrefab,Agent,MoveState,Moving,Goal,20.00,0.00,20.00,19.35,0.00,19.46,20.00,0.00,20.00,DStar
5511,14.35,AgentPrefab,Agent,MoveState,Moving,Goal,20.00,0.00,20.00,19.36,0.00,19.46,20.00,0.00,20.00,DStar
5512,14.35,AgentPrefab,Agent,MoveState,Moving,Goal,20.00,0.00,20.00,19.36,0.00,19.46,20.00,0.00,20.00,DStar
5513,14.35,AgentPrefab,Agent,MoveState,Moving,Goal,20.00,0.00,20.00,19.36,0.00,19.46,20.00,0.00,20.00,DStar
5514,14.35,AgentPrefab,Agent,MoveState,Moving,Goal,20.00,0.00,20.00,19.37,0.00,19.47,20.00,0.00,20.00,DStar
5515,14.36,AgentPrefab,Agent,MoveState,Moving,Goal,20.00,0.00,20.00,19.37,0.00,19.47,20.00,0.00,20.00,DStar
5516,14.36,AgentPrefab,Agent,MoveState,Moving,Goal,20.00,0.00,20.00,19.38,0.00,19.47,20.00,0.00,20.00,DStar
5517,14.36,AgentPrefab,Agent,MoveState,Moving,Goal,20.00,0.00,20.00,19.38,0.00,19.48,20.00,0.00,20.00,DStar
5518,14.37,AgentPrefab,Agent,MoveState,Moving,Goal,20.00,0.00,20.00,19.38,0.00,19.48,20.00,0.00,20.00,DStar
5519,14.37,AgentPrefab,Agent,MoveState,Moving,Goal,20.00,0.00,20.00,19.39,0.00,19.48,20.00,0.00,20.00,DStar
5520,14.37,AgentPrefab,Agent,MoveState,Moving,Goal,20.00,0.00,20.00,19.39,0.00,19.49,20.00,0.00,20.00,DStar
5521,14.37,AgentPrefab,Agent,MoveState,Moving,Goal,20.00,0.00,20.00,19.40,0.00,19.49,20.00,0.00,20.00,DStar
5522,14.38,AgentPrefab,Agent,MoveState,Moving,Goal,20.00,0.00,20.00,19.40,0.00,19.50,20.00,0.00,20.00,DStar
5523,14.38,AgentPrefab,Agent,MoveState,Moving,Goal,20.00,0.00,20.00,19.41,0.00,19.50,20.00,0.00,20.00,DStar
5524,14.38,AgentPrefab,Agent,MoveState,Moving,Goal,20.00,0.00,20.00,19.41,0.00,19.50,20.00,0.00,20.00,DStar
5525,14.38,AgentPrefab,Agent,MoveState,Moving,Goal,20.00,0.00,20.00,19.41,0.00,19.51,20.00,0.00,20.00,DStar
5526,14.39,AgentPrefab,Agent,MoveState,Moving,Goal,20.00,0.00,20.00,19.42,0.00,19.51,20.00,0.00,20.00,DStar
5527,14.39,AgentPrefab,Agent,MoveState,Moving,Goal,20.00,0.00,20.00,19.42,0.00,19.51,20.00,0.00,20.00,DStar
5528,14.39,AgentPrefab,Agent,MoveState,Moving,Goal,20.00,0.00,20.00,19.42,0.00,19.51,20.00,0.00,20.00,DStar
5529,14.39,AgentPrefab,Agent,MoveState,Moving,Goal,20.00,0.00,20.00,19.43,0.00,19.52,20.00,0.00,20.00,DStar
5530,14.40,AgentPrefab,Agent,MoveState,Moving,Goal,20.00,0.00,20.00,19.43,0.00,19.52,20.00,0.00,20.00,DStar
5531,14.40,AgentPrefab,Agent,MoveState,Moving,Goal,20.00,0.00,20.00,19.44,0.00,19.52,20.00,0.00,20.00,DStar
5532,14.40,AgentPrefab,Agent,MoveState,Moving,Goal,20.00,0.00,20.00,19.44,0.00,19.53,20.00,0.00,20.00,DStar
5533,14.40,AgentPrefab,Agent,MoveState,Moving,Goal,20.00,0.00,20.00,19.44,0.00,19.53,20.00,0.00,20.00,DStar
5534,14.41,AgentPrefab,Agent,MoveState,Moving,Goal,20.00,0.00,20.00,19.45,0.00,19.53,20.00,0.00,20.00,DStar
5535,14.41,AgentPrefab,Agent,MoveState,Moving,Goal,20.00,0.00,20.00,19.45,0.00,19.54,20.00,0.00,20.00,DStar
5536,14.41,AgentPrefab,Agent,MoveState,Moving,Goal,20.00,0.00,20.00,19.45,0.00,19.54,20.00,0.00,20.00,DStar
5537,14.41,AgentPrefab,Agent,MoveState,Moving,Goal,20.00,0.00,20.00,19.46,0.00,19.54,20.00,0.00,20.00,DStar
5538,14.42,AgentPrefab,Agent,MoveState,Moving,Goal,20.00,0.00,20.00,19.46,0.00,19.55,20.00,0.00,20.00,DStar
5539,14.42,AgentPrefab,Agent,MoveState,Moving,Goal,20.00,0.00,20.00,19.47,0.00,19.55,20.00,0.00,20.00,DStar
5540,14.42,AgentPrefab,Agent,MoveState,Moving,Goal,20.00,0.00,20.00,19.47,0.00,19.55,20.00,0.00,20.00,DStar
5541,14.42,AgentPrefab,Agent,MoveState,Moving,Goal,20.00,0.00,20.00,19.47,0.00,19.56,20.00,0.00,20.00,DStar
5542,14.43,AgentPrefab,Agent,MoveState,Moving,Goal,20.00,0.00,20.00,19.48,0.00,19.56,20.00,0.00,20.00,DStar
5543,14.43,AgentPrefab,Agent,MoveState,Moving,Goal,20.00,0.00,20.00,19.48,0.00,19.56,20.00,0.00,20.00,DStar
5544,14.43,AgentPrefab,Agent,MoveState,Moving,Goal,20.00,0.00,20.00,19.48,0.00,19.57,20.00,0.00,20.00,DStar
5545,14.43,AgentPrefab,Agent,MoveState,Moving,Goal,20.00,0.00,20.00,19.49,0.00,19.57,20.00,0.00,20.00,DStar
5546,14.44,AgentPrefab,Agent,MoveState,Moving,Goal,20.00,0.00,20.00,19.49,0.00,19.57,20.00,0.00,20.00,DStar
5547,14.44,AgentPrefab,Agent,MoveState,Moving,Goal,20.00,0.00,20.00,19.50,0.00,19.57,20.00,0.00,20.00,DStar
5548,14.44,AgentPrefab,Agent,MoveState,Moving,Goal,20.00,0.00,20.00,19.50,0.00,19.58,20.00,0.00,20.00,DStar
5549,14.44,AgentPrefab,Agent,MoveState,Moving,Goal,20.00,0.00,20.00,19.50,0.00,19.58,20.00,0.00,20.00,DStar
5550,14.45,AgentPrefab,Agent,MoveState,Moving,Goal,20.00,0.00,20.00,19.51,0.00,19.58,20.00,0.00,20.00,DStar
5551,14.45,AgentPrefab,Agent,MoveState,Moving,Goal,20.00,0.00,20.00,19.51,0.00,19.59,20.00,0.00,20.00,DStar
5552,14.45,AgentPrefab,Agent,MoveState,Moving,Goal,20.00,0.00,20.00,19.51,0.00,19.59,20.00,0.00,20.00,DStar
5553,14.46,AgentPrefab,Agent,MoveState,Moving,Goal,20.00,0.00,20.00,19.52,0.00,19.59,20.00,0.00,20.00,DStar
5554,14.46,AgentPrefab,Agent,MoveState,Moving,Goal,20.00,0.00,20.00,19.53,0.00,19.60,20.00,0.00,20.00,DStar
5555,14.46,AgentPrefab,Agent,MoveState,Moving,Goal,20.00,0.00,20.00,19.53,0.00,19.60,20.00,0.00,20.00,DStar
5556,14.46,AgentPrefab,Agent,MoveState,Moving,Goal,20.00,0.00,20.00,19.53,0.00,19.61,20.00,0.00,20.00,DStar
5557,14.47,AgentPrefab,Agent,MoveState,Moving,Goal,20.00,0.00,20.00,19.54,0.00,19.61,20.00,0.00,20.00,DStar
5558,14.47,AgentPrefab,Agent,MoveState,Moving,Goal,20.00,0.00,20.00,19.54,0.00,19.61,20.00,0.00,20.00,DStar
5559,14.47,AgentPrefab,Agent,MoveState,Moving,Goal,20.00,0.00,20.00,19.54,0.00,19.62,20.00,0.00,20.00,DStar
5560,14.47,AgentPrefab,Agent,MoveState,Moving,Goal,20.00,0.00,20.00,19.55,0.00,19.62,20.00,0.00,20.00,DStar
5561,14.48,AgentPrefab,Agent,MoveState,Moving,Goal,20.00,0.00,20.00,19.55,0.00,19.62,20.00,0.00,20.00,DStar
5562,14.48,AgentPrefab,Agent,MoveState,Moving,Goal,20.00,0.00,20.00,19.56,0.00,19.63,20.00,0.00,20.00,DStar
5563,14.48,AgentPrefab,Agent,MoveState,Moving,Goal,20.00,0.00,20.00,19.56,0.00,19.63,20.00,0.00,20.00,DStar
5564,14.48,AgentPrefab,Agent,MoveState,Moving,Goal,20.00,0.00,20.00,19.56,0.00,19.63,20.00,0.00,20.00,DStar
5565,14.48,AgentPrefab,Agent,MoveState,Moving,Goal,20.00,0.00,20.00,19.57,0.00,19.63,20.00,0.00,20.00,DStar
5566,14.49,AgentPrefab,Agent,MoveState,Moving,Goal,20.00,0.00,20.00,19.57,0.00,19.64,20.00,0.00,20.00,DStar
5567,14.49,AgentPrefab,Agent,MoveState,Moving,Goal,20.00,0.00,20.00,19.58,0.00,19.64,20.00,0.00,20.00,DStar
5568,14.49,AgentPrefab,Agent,MoveState,Moving,Goal,20.00,0.00,20.00,19.58,0.00,19.65,20.00,0.00,20.00,DStar
5569,14.50,AgentPrefab,Agent,MoveState,Moving,Goal,20.00,0.00,20.00,19.58,0.00,19.65,20.00,0.00,20.00,DStar
5570,14.50,AgentPrefab,Agent,MoveState,Moving,Goal,20.00,0.00,20.00,19.59,0.00,19.65,20.00,0.00,20.00,DStar
5571,14.50,AgentPrefab,Agent,MoveState,Moving,Goal,20.00,0.00,20.00,19.59,0.00,19.65,20.00,0.00,20.00,DStar
5572,14.50,AgentPrefab,Agent,MoveState,Moving,Goal,20.00,0.00,20.00,19.60,0.00,19.66,20.00,0.00,20.00,DStar
5573,14.51,AgentPrefab,Agent,MoveState,Moving,Goal,20.00,0.00,20.00,19.60,0.00,19.66,20.00,0.00,20.00,DStar
5574,14.51,AgentPrefab,Agent,MoveState,Moving,Goal,20.00,0.00,20.00,19.60,0.00,19.67,20.00,0.00,20.00,DStar
5575,14.51,AgentPrefab,Agent,MoveState,Moving,Goal,20.00,0.00,20.00,19.61,0.00,19.67,20.00,0.00,20.00,DStar
5576,14.51,AgentPrefab,Agent,MoveState,Moving,Goal,20.00,0.00,20.00,19.61,0.00,19.67,20.00,0.00,20.00,DStar
5577,14.52,AgentPrefab,Agent,MoveState,Moving,Goal,20.00,0.00,20.00,19.62,0.00,19.68,20.00,0.00,20.00,DStar
5578,14.52,AgentPrefab,Agent,MoveState,Moving,Goal,20.00,0.00,20.00,19.62,0.00,19.68,20.00,0.00,20.00,DStar
5579,14.52,AgentPrefab,Agent,MoveState,Moving,Goal,20.00,0.00,20.00,19.62,0.00,19.68,20.00,0.00,20.00,DStar
5580,14.52,AgentPrefab,Agent,MoveState,Moving,Goal,20.00,0.00,20.00,19.63,0.00,19.68,20.00,0.00,20.00,DStar
5581,14.53,AgentPrefab,Agent,MoveState,Moving,Goal,20.00,0.00,20.00,19.63,0.00,19.69,20.00,0.00,20.00,DStar
5582,14.53,AgentPrefab,Agent,MoveState,Moving,Goal,20.00,0.00,20.00,19.63,0.00,19.69,20.00,0.00,20.00,DStar
5583,14.53,AgentPrefab,Agent,MoveState,Moving,Goal,20.00,0.00,20.00,19.64,0.00,19.69,20.00,0.00,20.00,DStar
5584,14.53,AgentPrefab,Agent,MoveState,Moving,Goal,20.00,0.00,20.00,19.64,0.00,19.70,20.00,0.00,20.00,DStar
5585,14.54,AgentPrefab,Agent,MoveState,Moving,Goal,20.00,0.00,20.00,19.64,0.00,19.70,20.00,0.00,20.00,DStar
5586,14.54,AgentPrefab,Agent,MoveState,Moving,Goal,20.00,0.00,20.00,19.65,0.00,19.70,20.00,0.00,20.00,DStar
5587,14.54,AgentPrefab,Agent,MoveState,Moving,Goal,20.00,0.00,20.00,19.65,0.00,19.71,20.00,0.00,20.00,DStar
5588,14.54,AgentPrefab,Agent,MoveState,Moving,Goal,20.00,0.00,20.00,19.66,0.00,19.71,20.00,0.00,20.00,DStar
5589,14.55,AgentPrefab,Agent,MoveState,Moving,Goal,20.00,0.00,20.00,19.66,0.00,19.71,20.00,0.00,20.00,DStar
5590,14.55,AgentPrefab,Agent,MoveState,Moving,Goal,20.00,0.00,20.00,19.66,0.00,19.72,20.00,0.00,20.00,DStar
5591,14.55,AgentPrefab,Agent,MoveState,Moving,Goal,20.00,0.00,20.00,19.67,0.00,19.72,20.00,0.00,20.00,DStar
5592,14.55,AgentPrefab,Agent,MoveState,Moving,Goal,20.00,0.00,20.00,19.67,0.00,19.72,20.00,0.00,20.00,DStar
5593,14.56,AgentPrefab,Agent,MoveState,Moving,Goal,20.00,0.00,20.00,19.68,0.00,19.73,20.00,0.00,20.00,DStar
5594,14.56,AgentPrefab,Agent,MoveState,Moving,Goal,20.00,0.00,20.00,19.68,0.00,19.73,20.00,0.00,20.00,DStar
5595,14.56,AgentPrefab,Agent,MoveState,Moving,Goal,20.00,0.00,20.00,19.68,0.00,19.73,20.00,0.00,20.00,DStar
5596,14.56,AgentPrefab,Agent,MoveState,Moving,Goal,20.00,0.00,20.00,19.69,0.00,19.74,20.00,0.00,20.00,DStar
5597,14.57,AgentPrefab,Agent,MoveState,Moving,Goal,20.00,0.00,20.00,19.69,0.00,19.74,20.00,0.00,20.00,DStar
5598,14.57,AgentPrefab,Agent,MoveState,Moving,Goal,20.00,0.00,20.00,19.69,0.00,19.74,20.00,0.00,20.00,DStar
5599,14.57,AgentPrefab,Agent,MoveState,Moving,Goal,20.00,0.00,20.00,19.70,0.00,19.74,20.00,0.00,20.00,DStar
5600,14.57,AgentPrefab,Agent,MoveState,Moving,Goal,20.00,0.00,20.00,19.70,0.00,19.75,20.00,0.00,20.00,DStar
5601,14.58,AgentPrefab,Agent,MoveState,Moving,Goal,20.00,0.00,20.00,19.70,0.00,19.75,20.00,0.00,20.00,DStar
5602,14.58,AgentPrefab,Agent,MoveState,Moving,Goal,20.00,0.00,20.00,19.71,0.00,19.75,20.00,0.00,20.00,DStar
5603,14.58,AgentPrefab,Agent,MoveState,Moving,Goal,20.00,0.00,20.00,19.71,0.00,19.76,20.00,0.00,20.00,DStar
5604,14.58,AgentPrefab,Agent,MoveState,Moving,Goal,20.00,0.00,20.00,19.72,0.00,19.76,20.00,0.00,20.00,DStar
5605,14.58,AgentPrefab,Agent,MoveState,Moving,Goal,20.00,0.00,20.00,19.72,0.00,19.76,20.00,0.00,20.00,DStar
5606,14.59,AgentPrefab,Agent,MoveState,Moving,Goal,20.00,0.00,20.00,19.72,0.00,19.77,20.00,0.00,20.00,DStar
5607,14.59,AgentPrefab,Agent,MoveState,Moving,Goal,20.00,0.00,20.00,19.73,0.00,19.77,20.00,0.00,20.00,DStar
5608,14.59,AgentPrefab,Agent,MoveState,Moving,Goal,20.00,0.00,20.00,19.73,0.00,19.77,20.00,0.00,20.00,DStar
5609,14.59,AgentPrefab,Agent,MoveState,Moving,Goal,20.00,0.00,20.00,19.73,0.00,19.78,20.00,0.00,20.00,DStar
5610,14.60,AgentPrefab,Agent,MoveState,Moving,Goal,20.00,0.00,20.00,19.74,0.00,19.78,20.00,0.00,20.00,DStar
5611,14.60,AgentPrefab,Agent,MoveState,Moving,Goal,20.00,0.00,20.00,19.74,0.00,19.78,20.00,0.00,20.00,DStar
5612,14.60,AgentPrefab,Agent,MoveState,Moving,Goal,20.00,0.00,20.00,19.74,0.00,19.78,20.00,0.00,20.00,DStar
5613,14.60,AgentPrefab,Agent,MoveState,Moving,Goal,20.00,0.00,20.00,19.75,0.00,19.79,20.00,0.00,20.00,DStar
5614,14.61,AgentPrefab,Agent,MoveState,Moving,Goal,20.00,0.00,20.00,19.75,0.00,19.79,20.00,0.00,20.00,DStar
5615,14.61,AgentPrefab,Agent,MoveState,Moving,Goal,20.00,0.00,20.00,19.75,0.00,19.79,20.00,0.00,20.00,DStar
5616,14.61,AgentPrefab,Agent,MoveState,Moving,Goal,20.00,0.00,20.00,19.76,0.00,19.80,20.00,0.00,20.00,DStar
5617,14.61,AgentPrefab,Agent,MoveState,Moving,Goal,20.00,0.00,20.00,19.76,0.00,19.80,20.00,0.00,20.00,DStar
5618,14.61,AgentPrefab,Agent,MoveState,Moving,Goal,20.00,0.00,20.00,19.77,0.00,19.80,20.00,0.00,20.00,DStar
5619,14.62,AgentPrefab,Agent,MoveState,Moving,Goal,20.00,0.00,20.00,19.77,0.00,19.81,20.00,0.00,20.00,DStar
5620,14.62,AgentPrefab,Agent,MoveState,Moving,Goal,20.00,0.00,20.00,19.77,0.00,19.81,20.00,0.00,20.00,DStar
5621,14.62,AgentPrefab,Agent,MoveState,Moving,Goal,20.00,0.00,20.00,19.78,0.00,19.81,20.00,0.00,20.00,DStar
5622,14.63,AgentPrefab,Agent,MoveState,Moving,Goal,20.00,0.00,20.00,19.78,0.00,19.82,20.00,0.00,20.00,DStar
5623,14.63,AgentPrefab,Agent,MoveState,Moving,Goal,20.00,0.00,20.00,19.79,0.00,19.82,20.00,0.00,20.00,DStar
5624,14.63,AgentPrefab,Agent,MoveState,Moving,Goal,20.00,0.00,20.00,19.79,0.00,19.82,20.00,0.00,20.00,DStar
5625,14.63,AgentPrefab,Agent,MoveState,Moving,Goal,20.00,0.00,20.00,19.79,0.00,19.83,20.00,0.00,20.00,DStar
5626,14.63,AgentPrefab,Agent,MoveState,Moving,Goal,20.00,0.00,20.00,19.80,0.00,19.83,20.00,0.00,20.00,DStar
5627,14.64,AgentPrefab,Agent,MoveState,Moving,Goal,20.00,0.00,20.00,19.80,0.00,19.83,20.00,0.00,20.00,DStar
5628,14.64,AgentPrefab,Agent,MoveState,Moving,Goal,20.00,0.00,20.00,19.81,0.00,19.84,20.00,0.00,20.00,DStar
5629,14.64,AgentPrefab,Agent,MoveState,Moving,Goal,20.00,0.00,20.00,19.81,0.00,19.84,20.00,0.00,20.00,DStar
5630,14.65,AgentPrefab,Agent,MoveState,Moving,Goal,20.00,0.00,20.00,19.81,0.00,19.84,20.00,0.00,20.00,DStar
5631,14.65,AgentPrefab,Agent,MoveState,Moving,Goal,20.00,0.00,20.00,19.82,0.00,19.85,20.00,0.00,20.00,DStar
5632,14.65,AgentPrefab,Agent,MoveState,Moving,Goal,20.00,0.00,20.00,19.82,0.00,19.85,20.00,0.00,20.00,DStar
5633,14.66,AgentPrefab,Agent,MoveState,Moving,Goal,20.00,0.00,20.00,19.83,0.00,19.85,20.00,0.00,20.00,DStar
5634,14.66,AgentPrefab,Agent,MoveState,Moving,Goal,20.00,0.00,20.00,19.83,0.00,19.86,20.00,0.00,20.00,DStar
5635,14.66,AgentPrefab,Agent,MoveState,Moving,Goal,20.00,0.00,20.00,19.84,0.00,19.86,20.00,0.00,20.00,DStar
5636,14.66,AgentPrefab,Agent,MoveState,Moving,Goal,20.00,0.00,20.00,19.84,0.00,19.87,20.00,0.00,20.00,DStar
5637,14.67,AgentPrefab,Agent,MoveState,Moving,Goal,20.00,0.00,20.00,19.84,0.00,19.87,20.00,0.00,20.00,DStar
5638,14.67,AgentPrefab,Agent,MoveState,Moving,Goal,20.00,0.00,20.00,19.85,0.00,19.87,20.00,0.00,20.00,DStar
5639,14.67,AgentPrefab,Agent,MoveState,Moving,Goal,20.00,0.00,20.00,19.85,0.00,19.88,20.00,0.00,20.00,DStar
5640,14.67,AgentPrefab,Agent,MoveState,Moving,Goal,20.00,0.00,20.00,19.86,0.00,19.88,20.00,0.00,20.00,DStar
5641,14.68,AgentPrefab,Agent,MoveState,Moving,Goal,20.00,0.00,20.00,19.86,0.00,19.88,20.00,0.00,20.00,DStar
5642,14.68,AgentPrefab,Agent,MoveState,Moving,Goal,20.00,0.00,20.00,19.86,0.00,19.89,20.00,0.00,20.00,DStar
5643,14.68,AgentPrefab,Agent,MoveState,Moving,Goal,20.00,0.00,20.00,19.87,0.00,19.89,20.00,0.00,20.00,DStar
5644,14.68,AgentPrefab,Agent,MoveState,Moving,Goal,20.00,0.00,20.00,19.87,0.00,19.89,20.00,0.00,20.00,DStar
5645,14.69,AgentPrefab,Agent,MoveState,Moving,Goal,20.00,0.00,20.00,19.88,0.00,19.90,20.00,0.00,20.00,DStar
5646,14.69,AgentPrefab,Agent,MoveState,Moving,Goal,20.00,0.00,20.00,19.88,0.00,19.90,20.00,0.00,20.00,DStar
5647,14.69,AgentPrefab,Agent,MoveState,Moving,Goal,20.00,0.00,20.00,19.88,0.00,19.90,20.00,0.00,20.00,DStar
5648,14.69,AgentPrefab,Agent,MoveState,Moving,Goal,20.00,0.00,20.00,19.89,0.00,19.90,20.00,0.00,20.00,DStar
5649,14.70,AgentPrefab,Agent,MoveState,Moving,Goal,20.00,0.00,20.00,19.89,0.00,19.91,20.00,0.00,20.00,DStar
5650,14.70,AgentPrefab,Agent,MoveState,Moving,Goal,20.00,0.00,20.00,19.89,0.00,19.91,20.00,0.00,20.00,DStar
5651,14.70,AgentPrefab,Agent,MoveState,Moving,Goal,20.00,0.00,20.00,19.90,0.00,19.91,20.00,0.00,20.00,DStar
5652,14.71,AgentPrefab,Agent,MoveState,Moving,Goal,20.00,0.00,20.00,19.90,0.00,19.92,20.00,0.00,20.00,DStar
5653,14.71,AgentPrefab,Agent,MoveState,Moving,Goal,20.00,0.00,20.00,19.91,0.00,19.92,20.00,0.00,20.00,DStar
5654,14.71,AgentPrefab,Agent,MoveState,Moving,Goal,20.00,0.00,20.00,19.91,0.00,19.93,20.00,0.00,20.00,DStar
5655,14.71,AgentPrefab,Agent,MoveState,Moving,Goal,20.00,0.00,20.00,19.92,0.00,19.93,20.00,0.00,20.00,DStar
5656,14.72,AgentPrefab,Agent,MoveState,Moving,Goal,20.00,0.00,20.00,19.92,0.00,19.93,20.00,0.00,20.00,DStar
5657,14.72,AgentPrefab,Agent,MoveState,Moving,Goal,20.00,0.00,20.00,19.92,0.00,19.94,20.00,0.00,20.00,DStar
5658,14.72,AgentPrefab,Agent,MoveState,Moving,Goal,20.00,0.00,20.00,19.93,0.00,19.94,20.00,0.00,20.00,DStar
5659,14.72,AgentPrefab,Agent,MoveState,Moving,Goal,20.00,0.00,20.00,19.93,0.00,19.94,20.00,0.00,20.00,DStar
5660,14.73,AgentPrefab,Agent,MoveState,Moving,Goal,20.00,0.00,20.00,19.93,0.00,19.94,20.00,0.00,20.00,DStar
5661,14.73,AgentPrefab,Agent,MoveState,Moving,Goal,20.00,0.00,20.00,19.94,0.00,19.95,20.00,0.00,20.00,DStar
5662,14.73,AgentPrefab,Agent,MoveState,Moving,Goal,20.00,0.00,20.00,19.94,0.00,19.95,20.00,0.00,20.00,DStar
5663,14.73,AgentPrefab,Agent,MoveState,Moving,Goal,20.00,0.00,20.00,19.95,0.00,19.95,20.00,0.00,20.00,DStar
5664,14.73,AgentPrefab,Agent,MoveState,Moving,Goal,20.00,0.00,20.00,19.95,0.00,19.96,20.00,0.00,20.00,DStar
5665,14.74,AgentPrefab,Agent,MoveState,Moving,Goal,20.00,0.00,20.00,19.95,0.00,19.96,20.00,0.00,20.00,DStar
5666,14.74,AgentPrefab,Agent,MoveState,Moving,Goal,20.00,0.00,20.00,19.96,0.00,19.96,20.00,0.00,20.00,DStar
5667,14.74,AgentPrefab,Agent,MoveState,Moving,Goal,20.00,0.00,20.00,19.96,0.00,19.97,20.00,0.00,20.00,DStar
5668,14.75,AgentPrefab,Agent,MoveState,Moving,Goal,20.00,0.00,20.00,20.00,0.00,20.00,20.00,0.00,20.00,DStar
5668,14.75,AgentPrefab,Agent,GoalState,Goal,Goal,20.00,0.00,20.00,20.00,0.00,20.00,20.00,0.00,20.00,DStar
