Frame,Time,Object,Type,State,Action,Target,TargetX,TargetY,TargetZ,CurrentX,CurrentY,CurrentZ,NextX,NextY,NextZ,AIType,CPU(ms)
106,0.51,AgentPrefab,Agent,IdleState,Idling,Goal,0.00,0.00,0.00,0.00,0.00,0.00,0.00,0.00,0.00,AStar,
107,0.52,AgentPrefab,Agent,SearchState,Searching,Goal,0.00,0.00,0.00,0.00,0.00,0.00,0.00,0.00,0.00,AStar,
108,0.53,AgentPrefab,Agent,SearchState,Searching,Goal,0.00,0.00,0.00,0.00,0.00,0.00,0.00,0.00,0.00,AStar,
109,0.54,AgentPrefab,Agent,SearchState,Searching,Goal,0.00,0.00,0.00,0.00,0.00,0.00,0.00,0.00,0.00,AStar,
110,0.54,AgentPrefab,Agent,SearchState,Searching,Goal,0.00,0.00,0.00,0.00,0.00,0.00,0.00,0.00,0.00,AStar,
111,0.55,AgentPrefab,Agent,SearchState,Searching,Goal,0.00,0.00,0.00,0.00,0.00,0.00,0.00,0.00,0.00,AStar,
112,0.56,AgentPrefab,Agent,SearchState,Searching,Goal,0.00,0.00,0.00,0.00,0.00,0.00,0.00,0.00,0.00,AStar,
113,0.56,AgentPrefab,Agent,SearchState,Searching,Goal,0.00,0.00,0.00,0.00,0.00,0.00,0.00,0.00,0.00,AStar,
114,0.57,AgentPrefab,Agent,SearchState,Searching,Goal,0.00,0.00,0.00,0.00,0.00,0.00,0.00,0.00,0.00,AStar,
115,0.57,AgentPrefab,Agent,SearchState,Searching,Goal,0.00,0.00,0.00,0.00,0.00,0.00,0.00,0.00,0.00,AStar,
116,0.58,AgentPrefab,Agent,SearchState,Searching,Goal,0.00,0.00,0.00,0.00,0.00,0.00,0.00,0.00,0.00,AStar,
117,0.59,AgentPrefab,Agent,SearchState,Searching,Goal,0.00,0.00,0.00,0.00,0.00,0.00,0.00,0.00,0.00,AStar,
118,0.59,AgentPrefab,Agent,SearchState,Searching,Goal,0.00,0.00,0.00,0.00,0.00,0.00,0.00,0.00,0.00,AStar,
119,0.60,AgentPrefab,Agent,SearchState,Searching,Goal,0.00,0.00,0.00,0.00,0.00,0.00,0.00,0.00,0.00,AStar,
120,0.60,AgentPrefab,Agent,SearchState,Searching,Goal,0.00,0.00,0.00,0.00,0.00,0.00,0.00,0.00,0.00,AStar,
121,0.61,AgentPrefab,Agent,SearchState,Searching,Goal,0.00,0.00,0.00,0.00,0.00,0.00,0.00,0.00,0.00,AStar,
122,0.63,AgentPrefab,Agent,SearchState,Searching,Goal,0.00,0.00,0.00,0.00,0.00,0.00,0.00,0.00,0.00,AStar,
123,0.63,AgentPrefab,Agent,SearchState,Searching,Goal,0.00,0.00,0.00,0.00,0.00,0.00,0.00,0.00,0.00,AStar,
124,0.64,AgentPrefab,Agent,SearchState,Searching,Goal,0.00,0.00,0.00,0.00,0.00,0.00,0.00,0.00,0.00,AStar,
125,0.64,AgentPrefab,Agent,SearchState,Searching,Goal,0.00,0.00,0.00,0.00,0.00,0.00,0.00,0.00,0.00,AStar,
126,0.65,AgentPrefab,Agent,SearchState,Searching,Goal,0.00,0.00,0.00,0.00,0.00,0.00,0.00,0.00,0.00,AStar,
127,0.66,AgentPrefab,Agent,SearchState,Searching,Goal,0.00,0.00,0.00,0.00,0.00,0.00,0.00,0.00,0.00,AStar,
128,0.66,AgentPrefab,Agent,SearchState,Searching,Goal,0.00,0.00,0.00,0.00,0.00,0.00,0.00,0.00,0.00,AStar,
129,0.67,AgentPrefab,Agent,SearchState,Searching,Goal,0.00,0.00,0.00,0.00,0.00,0.00,0.00,0.00,0.00,AStar,
130,0.67,AgentPrefab,Agent,SearchState,Searching,Goal,0.00,0.00,0.00,0.00,0.00,0.00,0.00,0.00,0.00,AStar,
131,0.68,AgentPrefab,Agent,SearchState,Searching,Goal,0.00,0.00,0.00,0.00,0.00,0.00,0.00,0.00,0.00,AStar,
132,0.68,AgentPrefab,Agent,SearchState,Searching,Goal,0.00,0.00,0.00,0.00,0.00,0.00,0.00,0.00,0.00,AStar,
133,0.69,AgentPrefab,Agent,SearchState,Searching,Goal,0.00,0.00,0.00,0.00,0.00,0.00,0.00,0.00,0.00,AStar,
134,0.70,AgentPrefab,Agent,SearchState,Searching,Goal,0.00,0.00,0.00,0.00,0.00,0.00,0.00,0.00,0.00,AStar,
135,0.70,AgentPrefab,Agent,SearchState,Searching,Goal,0.00,0.00,0.00,0.00,0.00,0.00,0.00,0.00,0.00,AStar,
136,0.71,AgentPrefab,Agent,SearchState,Searching,Goal,0.00,0.00,0.00,0.00,0.00,0.00,0.00,0.00,0.00,AStar,
137,0.71,AgentPrefab,Agent,SearchState,Searching,Goal,0.00,0.00,0.00,0.00,0.00,0.00,0.00,0.00,0.00,AStar,
138,0.72,AgentPrefab,Agent,SearchState,Searching,Goal,0.00,0.00,0.00,0.00,0.00,0.00,0.00,0.00,0.00,AStar,
139,0.73,AgentPrefab,Agent,SearchState,Searching,Goal,0.00,0.00,0.00,0.00,0.00,0.00,0.00,0.00,0.00,AStar,
140,0.73,AgentPrefab,Agent,SearchState,Searching,Goal,0.00,0.00,0.00,0.00,0.00,0.00,0.00,0.00,0.00,AStar,
141,0.74,AgentPrefab,Agent,SearchState,Searching,Goal,0.00,0.00,0.00,0.00,0.00,0.00,0.00,0.00,0.00,AStar,
142,0.74,AgentPrefab,Agent,SearchState,Searching,Goal,0.00,0.00,0.00,0.00,0.00,0.00,0.00,0.00,0.00,AStar,
143,0.75,AgentPrefab,Agent,SearchState,Searching,Goal,0.00,0.00,0.00,0.00,0.00,0.00,0.00,0.00,0.00,AStar,
144,0.76,AgentPrefab,Agent,SearchState,Searching,Goal,0.00,0.00,0.00,0.00,0.00,0.00,0.00,0.00,0.00,AStar,
145,0.76,AgentPrefab,Agent,SearchState,Searching,Goal,0.00,0.00,0.00,0.00,0.00,0.00,0.00,0.00,0.00,AStar,
146,0.77,AgentPrefab,Agent,SearchState,Searching,Goal,0.00,0.00,0.00,0.00,0.00,0.00,0.00,0.00,0.00,AStar,
147,0.77,AgentPrefab,Agent,SearchState,Searching,Goal,0.00,0.00,0.00,0.00,0.00,0.00,0.00,0.00,0.00,AStar,
148,0.78,AgentPrefab,Agent,SearchState,Searching,Goal,0.00,0.00,0.00,0.00,0.00,0.00,0.00,0.00,0.00,AStar,
149,0.79,AgentPrefab,Agent,SearchState,Searching,Goal,0.00,0.00,0.00,0.00,0.00,0.00,0.00,0.00,0.00,AStar,
150,0.79,AgentPrefab,Agent,SearchState,Searching,Goal,0.00,0.00,0.00,0.00,0.00,0.00,0.00,0.00,0.00,AStar,
151,0.80,AgentPrefab,Agent,SearchState,Searching,Goal,0.00,0.00,0.00,0.00,0.00,0.00,0.00,0.00,0.00,AStar,
152,0.80,AgentPrefab,Agent,SearchState,Searching,Goal,0.00,0.00,0.00,0.00,0.00,0.00,0.00,0.00,0.00,AStar,
153,0.81,AgentPrefab,Agent,SearchState,Searching,Goal,0.00,0.00,0.00,0.00,0.00,0.00,0.00,0.00,0.00,AStar,
154,0.82,AgentPrefab,Agent,SearchState,Searching,Goal,0.00,0.00,0.00,0.00,0.00,0.00,0.00,0.00,0.00,AStar,
155,0.82,AgentPrefab,Agent,SearchState,Searching,Goal,0.00,0.00,0.00,0.00,0.00,0.00,0.00,0.00,0.00,AStar,
156,0.83,AgentPrefab,Agent,SearchState,Searching,Goal,0.00,0.00,0.00,0.00,0.00,0.00,0.00,0.00,0.00,AStar,
157,0.83,AgentPrefab,Agent,SearchState,Searching,Goal,0.00,0.00,0.00,0.00,0.00,0.00,0.00,0.00,0.00,AStar,
158,0.84,AgentPrefab,Agent,SearchState,Searching,Goal,0.00,0.00,0.00,0.00,0.00,0.00,0.00,0.00,0.00,AStar,
159,0.85,AgentPrefab,Agent,SearchState,Searching,Goal,0.00,0.00,0.00,0.00,0.00,0.00,0.00,0.00,0.00,AStar,
160,0.85,AgentPrefab,Agent,SearchState,Searching,Goal,0.00,0.00,0.00,0.00,0.00,0.00,0.00,0.00,0.00,AStar,
161,0.86,AgentPrefab,Agent,SearchState,Searching,Goal,0.00,0.00,0.00,0.00,0.00,0.00,0.00,0.00,0.00,AStar,
162,0.86,AgentPrefab,Agent,SearchState,Searching,Goal,0.00,0.00,0.00,0.00,0.00,0.00,0.00,0.00,0.00,AStar,
163,0.87,AgentPrefab,Agent,SearchState,Searching,Goal,0.00,0.00,0.00,0.00,0.00,0.00,0.00,0.00,0.00,AStar,
164,0.88,AgentPrefab,Agent,SearchState,Searching,Goal,0.00,0.00,0.00,0.00,0.00,0.00,0.00,0.00,0.00,AStar,
165,0.88,AgentPrefab,Agent,SearchState,Searching,Goal,0.00,0.00,0.00,0.00,0.00,0.00,0.00,0.00,0.00,AStar,
166,0.89,AgentPrefab,Agent,SearchState,Searching,Goal,0.00,0.00,0.00,0.00,0.00,0.00,0.00,0.00,0.00,AStar,
167,0.89,AgentPrefab,Agent,SearchState,Searching,Goal,0.00,0.00,0.00,0.00,0.00,0.00,0.00,0.00,0.00,AStar,
168,0.90,AgentPrefab,Agent,SearchState,Searching,Goal,0.00,0.00,0.00,0.00,0.00,0.00,0.00,0.00,0.00,AStar,
169,0.91,AgentPrefab,Agent,SearchState,Searching,Goal,0.00,0.00,0.00,0.00,0.00,0.00,0.00,0.00,0.00,AStar,
170,0.91,AgentPrefab,Agent,SearchState,Searching,Goal,0.00,0.00,0.00,0.00,0.00,0.00,0.00,0.00,0.00,AStar,
171,0.92,AgentPrefab,Agent,SearchState,Searching,Goal,0.00,0.00,0.00,0.00,0.00,0.00,0.00,0.00,0.00,AStar,
172,0.92,AgentPrefab,Agent,SearchState,Searching,Goal,0.00,0.00,0.00,0.00,0.00,0.00,0.00,0.00,0.00,AStar,
173,0.93,AgentPrefab,Agent,SearchState,Searching,Goal,0.00,0.00,0.00,0.00,0.00,0.00,0.00,0.00,0.00,AStar,
174,0.94,AgentPrefab,Agent,SearchState,Searching,Goal,0.00,0.00,0.00,0.00,0.00,0.00,0.00,0.00,0.00,AStar,
175,0.94,AgentPrefab,Agent,SearchState,Searching,Goal,0.00,0.00,0.00,0.00,0.00,0.00,0.00,0.00,0.00,AStar,
176,0.95,AgentPrefab,Agent,SearchState,Searching,Goal,0.00,0.00,0.00,0.00,0.00,0.00,0.00,0.00,0.00,AStar,
177,0.96,AgentPrefab,Agent,SearchState,Searching,Goal,0.00,0.00,0.00,0.00,0.00,0.00,0.00,0.00,0.00,AStar,
178,0.96,AgentPrefab,Agent,SearchState,Searching,Goal,0.00,0.00,0.00,0.00,0.00,0.00,0.00,0.00,0.00,AStar,
179,0.97,AgentPrefab,Agent,SearchState,Searching,Goal,0.00,0.00,0.00,0.00,0.00,0.00,0.00,0.00,0.00,AStar,
180,0.97,AgentPrefab,Agent,SearchState,Searching,Goal,0.00,0.00,0.00,0.00,0.00,0.00,0.00,0.00,0.00,AStar,
181,0.98,AgentPrefab,Agent,SearchState,Searching,Goal,0.00,0.00,0.00,0.00,0.00,0.00,0.00,0.00,0.00,AStar,
182,0.99,AgentPrefab,Agent,SearchState,Searching,Goal,0.00,0.00,0.00,0.00,0.00,0.00,0.00,0.00,0.00,AStar,
183,0.99,AgentPrefab,Agent,SearchState,Searching,Goal,0.00,0.00,0.00,0.00,0.00,0.00,0.00,0.00,0.00,AStar,
184,1.00,AgentPrefab,Agent,SearchState,Searching,Goal,0.00,0.00,0.00,0.00,0.00,0.00,0.00,0.00,0.00,AStar,
185,1.00,AgentPrefab,Agent,SearchState,Searching,Goal,0.00,0.00,0.00,0.00,0.00,0.00,0.00,0.00,0.00,AStar,
185,1.00,AIManager,Performance,Pathfinding,Executed,AStar,0.00,0.00,0.00,0.00,0.00,0.00,0.00,0.00,0.00,AStar,104.004
186,1.12,AgentPrefab,Agent,SearchState,Searching,Goal,11.00,0.00,11.00,0.00,0.00,0.00,0.00,0.00,0.00,AStar,
186,1.12,AgentPrefab,Agent,MoveState,Moving,Goal,11.00,0.00,11.00,0.00,0.00,0.00,0.00,0.00,0.00,AStar,
187,1.13,AgentPrefab,Agent,MoveState,Moving,Goal,11.00,0.00,11.00,0.00,0.00,0.00,0.00,0.00,0.00,AStar,
188,1.14,AgentPrefab,Agent,MoveState,Moving,Goal,11.00,0.00,11.00,0.00,0.00,0.00,0.70,0.00,0.70,AStar,
189,1.15,AgentPrefab,Agent,MoveState,Moving,Goal,11.00,0.00,11.00,0.01,0.00,0.01,0.70,0.00,0.70,AStar,
190,1.15,AgentPrefab,Agent,MoveState,Moving,Goal,11.00,0.00,11.00,0.02,0.00,0.02,0.70,0.00,0.70,AStar,
191,1.16,AgentPrefab,Agent,MoveState,Moving,Goal,11.00,0.00,11.00,0.03,0.00,0.03,0.70,0.00,0.70,AStar,
192,1.16,AgentPrefab,Agent,MoveState,Moving,Goal,11.00,0.00,11.00,0.03,0.00,0.03,0.70,0.00,0.70,AStar,
193,1.17,AgentPrefab,Agent,MoveState,Moving,Goal,11.00,0.00,11.00,0.04,0.00,0.04,0.70,0.00,0.70,AStar,
194,1.18,AgentPrefab,Agent,MoveState,Moving,Goal,11.00,0.00,11.00,0.05,0.00,0.05,0.70,0.00,0.70,AStar,
195,1.18,AgentPrefab,Agent,MoveState,Moving,Goal,11.00,0.00,11.00,0.06,0.00,0.06,0.70,0.00,0.70,AStar,
196,1.19,AgentPrefab,Agent,MoveState,Moving,Goal,11.00,0.00,11.00,0.07,0.00,0.07,0.70,0.00,0.70,AStar,
197,1.20,AgentPrefab,Agent,MoveState,Moving,Goal,11.00,0.00,11.00,0.08,0.00,0.08,0.70,0.00,0.70,AStar,
198,1.20,AgentPrefab,Agent,MoveState,Moving,Goal,11.00,0.00,11.00,0.09,0.00,0.09,0.70,0.00,0.70,AStar,
199,1.21,AgentPrefab,Agent,MoveState,Moving,Goal,11.00,0.00,11.00,0.10,0.00,0.10,0.70,0.00,0.70,AStar,
200,1.22,AgentPrefab,Agent,MoveState,Moving,Goal,11.00,0.00,11.00,0.11,0.00,0.11,0.70,0.00,0.70,AStar,
201,1.22,AgentPrefab,Agent,MoveState,Moving,Goal,11.00,0.00,11.00,0.12,0.00,0.12,0.70,0.00,0.70,AStar,
202,1.23,AgentPrefab,Agent,MoveState,Moving,Goal,11.00,0.00,11.00,0.12,0.00,0.12,0.70,0.00,0.70,AStar,
203,1.23,AgentPrefab,Agent,MoveState,Moving,Goal,11.00,0.00,11.00,0.13,0.00,0.13,0.70,0.00,0.70,AStar,
204,1.24,AgentPrefab,Agent,MoveState,Moving,Goal,11.00,0.00,11.00,0.14,0.00,0.14,0.70,0.00,0.70,AStar,
205,1.25,AgentPrefab,Agent,MoveState,Moving,Goal,11.00,0.00,11.00,0.15,0.00,0.15,0.70,0.00,0.70,AStar,
206,1.25,AgentPrefab,Agent,MoveState,Moving,Goal,11.00,0.00,11.00,0.16,0.00,0.16,0.70,0.00,0.70,AStar,
207,1.26,AgentPrefab,Agent,MoveState,Moving,Goal,11.00,0.00,11.00,0.17,0.00,0.17,0.70,0.00,0.70,AStar,
208,1.27,AgentPrefab,Agent,MoveState,Moving,Goal,11.00,0.00,11.00,0.18,0.00,0.18,0.70,0.00,0.70,AStar,
209,1.27,AgentPrefab,Agent,MoveState,Moving,Goal,11.00,0.00,11.00,0.19,0.00,0.19,0.70,0.00,0.70,AStar,
210,1.28,AgentPrefab,Agent,MoveState,Moving,Goal,11.00,0.00,11.00,0.20,0.00,0.20,0.70,0.00,0.70,AStar,
211,1.28,AgentPrefab,Agent,MoveState,Moving,Goal,11.00,0.00,11.00,0.20,0.00,0.20,0.70,0.00,0.70,AStar,
212,1.29,AgentPrefab,Agent,MoveState,Moving,Goal,11.00,0.00,11.00,0.21,0.00,0.21,0.70,0.00,0.70,AStar,
213,1.30,AgentPrefab,Agent,MoveState,Moving,Goal,11.00,0.00,11.00,0.22,0.00,0.22,0.70,0.00,0.70,AStar,
214,1.30,AgentPrefab,Agent,MoveState,Moving,Goal,11.00,0.00,11.00,0.23,0.00,0.23,0.70,0.00,0.70,AStar,
215,1.31,AgentPrefab,Agent,MoveState,Moving,Goal,11.00,0.00,11.00,0.24,0.00,0.24,0.70,0.00,0.70,AStar,
216,1.32,AgentPrefab,Agent,MoveState,Moving,Goal,11.00,0.00,11.00,0.25,0.00,0.25,0.70,0.00,0.70,AStar,
217,1.32,AgentPrefab,Agent,MoveState,Moving,Goal,11.00,0.00,11.00,0.26,0.00,0.26,0.70,0.00,0.70,AStar,
218,1.33,AgentPrefab,Agent,MoveState,Moving,Goal,11.00,0.00,11.00,0.27,0.00,0.27,0.70,0.00,0.70,AStar,
219,1.34,AgentPrefab,Agent,MoveState,Moving,Goal,11.00,0.00,11.00,0.28,0.00,0.28,0.70,0.00,0.70,AStar,
220,1.34,AgentPrefab,Agent,MoveState,Moving,Goal,11.00,0.00,11.00,0.29,0.00,0.29,0.70,0.00,0.70,AStar,
221,1.35,AgentPrefab,Agent,MoveState,Moving,Goal,11.00,0.00,11.00,0.30,0.00,0.30,0.70,0.00,0.70,AStar,
222,1.36,AgentPrefab,Agent,MoveState,Moving,Goal,11.00,0.00,11.00,0.30,0.00,0.30,0.70,0.00,0.70,AStar,
223,1.36,AgentPrefab,Agent,MoveState,Moving,Goal,11.00,0.00,11.00,0.31,0.00,0.31,0.70,0.00,0.70,AStar,
224,1.37,AgentPrefab,Agent,MoveState,Moving,Goal,11.00,0.00,11.00,0.32,0.00,0.32,0.70,0.00,0.70,AStar,
225,1.37,AgentPrefab,Agent,MoveState,Moving,Goal,11.00,0.00,11.00,0.33,0.00,0.33,0.70,0.00,0.70,AStar,
226,1.38,AgentPrefab,Agent,MoveState,Moving,Goal,11.00,0.00,11.00,0.34,0.00,0.34,0.70,0.00,0.70,AStar,
227,1.39,AgentPrefab,Agent,MoveState,Moving,Goal,11.00,0.00,11.00,0.35,0.00,0.35,0.70,0.00,0.70,AStar,
228,1.39,AgentPrefab,Agent,MoveState,Moving,Goal,11.00,0.00,11.00,0.36,0.00,0.36,0.70,0.00,0.70,AStar,
229,1.40,AgentPrefab,Agent,MoveState,Moving,Goal,11.00,0.00,11.00,0.37,0.00,0.37,0.70,0.00,0.70,AStar,
230,1.40,AgentPrefab,Agent,MoveState,Moving,Goal,11.00,0.00,11.00,0.37,0.00,0.37,0.70,0.00,0.70,AStar,
231,1.41,AgentPrefab,Agent,MoveState,Moving,Goal,11.00,0.00,11.00,0.38,0.00,0.38,0.70,0.00,0.70,AStar,
232,1.42,AgentPrefab,Agent,MoveState,Moving,Goal,11.00,0.00,11.00,0.39,0.00,0.39,0.70,0.00,0.70,AStar,
233,1.42,AgentPrefab,Agent,MoveState,Moving,Goal,11.00,0.00,11.00,0.40,0.00,0.40,0.70,0.00,0.70,AStar,
234,1.43,AgentPrefab,Agent,MoveState,Moving,Goal,11.00,0.00,11.00,0.41,0.00,0.41,0.70,0.00,0.70,AStar,
235,1.43,AgentPrefab,Agent,MoveState,Moving,Goal,11.00,0.00,11.00,0.42,0.00,0.42,0.70,0.00,0.70,AStar,
236,1.44,AgentPrefab,Agent,MoveState,Moving,Goal,11.00,0.00,11.00,0.43,0.00,0.43,0.70,0.00,0.70,AStar,
237,1.45,AgentPrefab,Agent,MoveState,Moving,Goal,11.00,0.00,11.00,0.43,0.00,0.43,0.70,0.00,0.70,AStar,
238,1.45,AgentPrefab,Agent,MoveState,Moving,Goal,11.00,0.00,11.00,0.44,0.00,0.44,0.70,0.00,0.70,AStar,
239,1.46,AgentPrefab,Agent,MoveState,Moving,Goal,11.00,0.00,11.00,0.45,0.00,0.45,0.70,0.00,0.70,AStar,
240,1.47,AgentPrefab,Agent,MoveState,Moving,Goal,11.00,0.00,11.00,0.46,0.00,0.46,0.70,0.00,0.70,AStar,
241,1.47,AgentPrefab,Agent,MoveState,Moving,Goal,11.00,0.00,11.00,0.47,0.00,0.47,0.70,0.00,0.70,AStar,
242,1.48,AgentPrefab,Agent,MoveState,Moving,Goal,11.00,0.00,11.00,0.48,0.00,0.48,0.70,0.00,0.70,AStar,
243,1.48,AgentPrefab,Agent,MoveState,Moving,Goal,11.00,0.00,11.00,0.49,0.00,0.49,0.70,0.00,0.70,AStar,
244,1.49,AgentPrefab,Agent,MoveState,Moving,Goal,11.00,0.00,11.00,0.50,0.00,0.50,0.70,0.00,0.70,AStar,
245,1.50,AgentPrefab,Agent,MoveState,Moving,Goal,11.00,0.00,11.00,0.50,0.00,0.50,0.70,0.00,0.70,AStar,
246,1.50,AgentPrefab,Agent,MoveState,Moving,Goal,11.00,0.00,11.00,0.51,0.00,0.51,0.70,0.00,0.70,AStar,
247,1.51,AgentPrefab,Agent,MoveState,Moving,Goal,11.00,0.00,11.00,0.52,0.00,0.52,0.70,0.00,0.70,AStar,
248,1.51,AgentPrefab,Agent,MoveState,Moving,Goal,11.00,0.00,11.00,0.53,0.00,0.53,0.70,0.00,0.70,AStar,
249,1.52,AgentPrefab,Agent,MoveState,Moving,Goal,11.00,0.00,11.00,0.54,0.00,0.54,0.70,0.00,0.70,AStar,
250,1.53,AgentPrefab,Agent,MoveState,Moving,Goal,11.00,0.00,11.00,0.55,0.00,0.55,0.70,0.00,0.70,AStar,
251,1.53,AgentPrefab,Agent,MoveState,Moving,Goal,11.00,0.00,11.00,0.56,0.00,0.56,0.70,0.00,0.70,AStar,
252,1.54,AgentPrefab,Agent,MoveState,Moving,Goal,11.00,0.00,11.00,0.57,0.00,0.57,0.70,0.00,0.70,AStar,
253,1.55,AgentPrefab,Agent,MoveState,Moving,Goal,11.00,0.00,11.00,0.57,0.00,0.57,0.70,0.00,0.70,AStar,
254,1.55,AgentPrefab,Agent,MoveState,Moving,Goal,11.00,0.00,11.00,0.58,0.00,0.58,0.70,0.00,0.70,AStar,
255,1.56,AgentPrefab,Agent,MoveState,Moving,Goal,11.00,0.00,11.00,0.59,0.00,0.59,0.70,0.00,0.70,AStar,
256,1.56,AgentPrefab,Agent,MoveState,Moving,Goal,11.00,0.00,11.00,0.60,0.00,0.60,0.70,0.00,0.70,AStar,
257,1.57,AgentPrefab,Agent,MoveState,Moving,Goal,11.00,0.00,11.00,0.61,0.00,0.61,0.70,0.00,0.70,AStar,
258,1.58,AgentPrefab,Agent,MoveState,Moving,Goal,11.00,0.00,11.00,0.62,0.00,0.62,0.70,0.00,0.70,AStar,
259,1.58,AgentPrefab,Agent,MoveState,Moving,Goal,11.00,0.00,11.00,0.62,0.00,0.62,0.70,0.00,0.70,AStar,
260,1.59,AgentPrefab,Agent,MoveState,Moving,Goal,11.00,0.00,11.00,0.63,0.00,0.63,0.70,0.00,0.70,AStar,
261,1.59,AgentPrefab,Agent,MoveState,Moving,Goal,11.00,0.00,11.00,0.64,0.00,0.64,0.70,0.00,0.70,AStar,
262,1.60,AgentPrefab,Agent,MoveState,Moving,Goal,11.00,0.00,11.00,0.65,0.00,0.65,0.70,0.00,0.70,AStar,
263,1.61,AgentPrefab,Agent,MoveState,Moving,Goal,11.00,0.00,11.00,0.66,0.00,0.66,0.70,0.00,0.70,AStar,
264,1.61,AgentPrefab,Agent,MoveState,Moving,Goal,11.00,0.00,11.00,0.70,0.00,0.70,1.40,0.00,1.40,AStar,
265,1.62,AgentPrefab,Agent,MoveState,Moving,Goal,11.00,0.00,11.00,0.71,0.00,0.71,1.40,0.00,1.40,AStar,
266,1.62,AgentPrefab,Agent,MoveState,Moving,Goal,11.00,0.00,11.00,0.72,0.00,0.72,1.40,0.00,1.40,AStar,
267,1.63,AgentPrefab,Agent,MoveState,Moving,Goal,11.00,0.00,11.00,0.73,0.00,0.73,1.40,0.00,1.40,AStar,
268,1.64,AgentPrefab,Agent,MoveState,Moving,Goal,11.00,0.00,11.00,0.73,0.00,0.73,1.40,0.00,1.40,AStar,
269,1.64,AgentPrefab,Agent,MoveState,Moving,Goal,11.00,0.00,11.00,0.74,0.00,0.74,1.40,0.00,1.40,AStar,
270,1.65,AgentPrefab,Agent,MoveState,Moving,Goal,11.00,0.00,11.00,0.75,0.00,0.75,1.40,0.00,1.40,AStar,
271,1.65,AgentPrefab,Agent,MoveState,Moving,Goal,11.00,0.00,11.00,0.76,0.00,0.76,1.40,0.00,1.40,AStar,
272,1.66,AgentPrefab,Agent,MoveState,Moving,Goal,11.00,0.00,11.00,0.77,0.00,0.77,1.40,0.00,1.40,AStar,
273,1.67,AgentPrefab,Agent,MoveState,Moving,Goal,11.00,0.00,11.00,0.78,0.00,0.78,1.40,0.00,1.40,AStar,
274,1.67,AgentPrefab,Agent,MoveState,Moving,Goal,11.00,0.00,11.00,0.79,0.00,0.79,1.40,0.00,1.40,AStar,
275,1.68,AgentPrefab,Agent,MoveState,Moving,Goal,11.00,0.00,11.00,0.79,0.00,0.79,1.40,0.00,1.40,AStar,
276,1.68,AgentPrefab,Agent,MoveState,Moving,Goal,11.00,0.00,11.00,0.80,0.00,0.80,1.40,0.00,1.40,AStar,
277,1.69,AgentPrefab,Agent,MoveState,Moving,Goal,11.00,0.00,11.00,0.81,0.00,0.81,1.40,0.00,1.40,AStar,
278,1.70,AgentPrefab,Agent,MoveState,Moving,Goal,11.00,0.00,11.00,0.82,0.00,0.82,1.40,0.00,1.40,AStar,
279,1.70,AgentPrefab,Agent,MoveState,Moving,Goal,11.00,0.00,11.00,0.83,0.00,0.83,1.40,0.00,1.40,AStar,
280,1.71,AgentPrefab,Agent,MoveState,Moving,Goal,11.00,0.00,11.00,0.84,0.00,0.84,1.40,0.00,1.40,AStar,
281,1.71,AgentPrefab,Agent,MoveState,Moving,Goal,11.00,0.00,11.00,0.84,0.00,0.84,1.40,0.00,1.40,AStar,
282,1.72,AgentPrefab,Agent,MoveState,Moving,Goal,11.00,0.00,11.00,0.85,0.00,0.85,1.40,0.00,1.40,AStar,
283,1.73,AgentPrefab,Agent,MoveState,Moving,Goal,11.00,0.00,11.00,0.86,0.00,0.86,1.40,0.00,1.40,AStar,
284,1.73,AgentPrefab,Agent,MoveState,Moving,Goal,11.00,0.00,11.00,0.87,0.00,0.87,1.40,0.00,1.40,AStar,
285,1.74,AgentPrefab,Agent,MoveState,Moving,Goal,11.00,0.00,11.00,0.88,0.00,0.88,1.40,0.00,1.40,AStar,
286,1.74,AgentPrefab,Agent,MoveState,Moving,Goal,11.00,0.00,11.00,0.89,0.00,0.89,1.40,0.00,1.40,AStar,
287,1.75,AgentPrefab,Agent,MoveState,Moving,Goal,11.00,0.00,11.00,0.90,0.00,0.90,1.40,0.00,1.40,AStar,
288,1.76,AgentPrefab,Agent,MoveState,Moving,Goal,11.00,0.00,11.00,0.91,0.00,0.91,1.40,0.00,1.40,AStar,
289,1.76,AgentPrefab,Agent,MoveState,Moving,Goal,11.00,0.00,11.00,0.91,0.00,0.91,1.40,0.00,1.40,AStar,
290,1.77,AgentPrefab,Agent,MoveState,Moving,Goal,11.00,0.00,11.00,0.92,0.00,0.92,1.40,0.00,1.40,AStar,
291,1.78,AgentPrefab,Agent,MoveState,Moving,Goal,11.00,0.00,11.00,0.93,0.00,0.93,1.40,0.00,1.40,AStar,
292,1.78,AgentPrefab,Agent,MoveState,Moving,Goal,11.00,0.00,11.00,0.94,0.00,0.94,1.40,0.00,1.40,AStar,
293,1.79,AgentPrefab,Agent,MoveState,Moving,Goal,11.00,0.00,11.00,0.95,0.00,0.95,1.40,0.00,1.40,AStar,
294,1.79,AgentPrefab,Agent,MoveState,Moving,Goal,11.00,0.00,11.00,0.96,0.00,0.96,1.40,0.00,1.40,AStar,
295,1.80,AgentPrefab,Agent,MoveState,Moving,Goal,11.00,0.00,11.00,0.97,0.00,0.97,1.40,0.00,1.40,AStar,
296,1.81,AgentPrefab,Agent,MoveState,Moving,Goal,11.00,0.00,11.00,0.97,0.00,0.97,1.40,0.00,1.40,AStar,
297,1.81,AgentPrefab,Agent,MoveState,Moving,Goal,11.00,0.00,11.00,0.98,0.00,0.98,1.40,0.00,1.40,AStar,
298,1.82,AgentPrefab,Agent,MoveState,Moving,Goal,11.00,0.00,11.00,0.99,0.00,0.99,1.40,0.00,1.40,AStar,
299,1.82,AgentPrefab,Agent,MoveState,Moving,Goal,11.00,0.00,11.00,1.00,0.00,1.00,1.40,0.00,1.40,AStar,
300,1.83,AgentPrefab,Agent,MoveState,Moving,Goal,11.00,0.00,11.00,1.01,0.00,1.01,1.40,0.00,1.40,AStar,
301,1.84,AgentPrefab,Agent,MoveState,Moving,Goal,11.00,0.00,11.00,1.02,0.00,1.02,1.40,0.00,1.40,AStar,
302,1.84,AgentPrefab,Agent,MoveState,Moving,Goal,11.00,0.00,11.00,1.03,0.00,1.03,1.40,0.00,1.40,AStar,
303,1.85,AgentPrefab,Agent,MoveState,Moving,Goal,11.00,0.00,11.00,1.03,0.00,1.03,1.40,0.00,1.40,AStar,
304,1.85,AgentPrefab,Agent,MoveState,Moving,Goal,11.00,0.00,11.00,1.04,0.00,1.04,1.40,0.00,1.40,AStar,
305,1.86,AgentPrefab,Agent,MoveState,Moving,Goal,11.00,0.00,11.00,1.05,0.00,1.05,1.40,0.00,1.40,AStar,
306,1.87,AgentPrefab,Agent,MoveState,Moving,Goal,11.00,0.00,11.00,1.06,0.00,1.06,1.40,0.00,1.40,AStar,
307,1.87,AgentPrefab,Agent,MoveState,Moving,Goal,11.00,0.00,11.00,1.07,0.00,1.07,1.40,0.00,1.40,AStar,
308,1.88,AgentPrefab,Agent,MoveState,Moving,Goal,11.00,0.00,11.00,1.08,0.00,1.08,1.40,0.00,1.40,AStar,
309,1.88,AgentPrefab,Agent,MoveState,Moving,Goal,11.00,0.00,11.00,1.08,0.00,1.08,1.40,0.00,1.40,AStar,
310,1.89,AgentPrefab,Agent,MoveState,Moving,Goal,11.00,0.00,11.00,1.09,0.00,1.09,1.40,0.00,1.40,AStar,
311,1.90,AgentPrefab,Agent,MoveState,Moving,Goal,11.00,0.00,11.00,1.10,0.00,1.10,1.40,0.00,1.40,AStar,
312,1.90,AgentPrefab,Agent,MoveState,Moving,Goal,11.00,0.00,11.00,1.11,0.00,1.11,1.40,0.00,1.40,AStar,
313,1.91,AgentPrefab,Agent,MoveState,Moving,Goal,11.00,0.00,11.00,1.12,0.00,1.12,1.40,0.00,1.40,AStar,
314,1.91,AgentPrefab,Agent,MoveState,Moving,Goal,11.00,0.00,11.00,1.13,0.00,1.13,1.40,0.00,1.40,AStar,
315,1.92,AgentPrefab,Agent,MoveState,Moving,Goal,11.00,0.00,11.00,1.14,0.00,1.14,1.40,0.00,1.40,AStar,
316,1.93,AgentPrefab,Agent,MoveState,Moving,Goal,11.00,0.00,11.00,1.14,0.00,1.14,1.40,0.00,1.40,AStar,
317,1.93,AgentPrefab,Agent,MoveState,Moving,Goal,11.00,0.00,11.00,1.15,0.00,1.15,1.40,0.00,1.40,AStar,
318,1.94,AgentPrefab,Agent,MoveState,Moving,Goal,11.00,0.00,11.00,1.16,0.00,1.16,1.40,0.00,1.40,AStar,
319,1.95,AgentPrefab,Agent,MoveState,Moving,Goal,11.00,0.00,11.00,1.17,0.00,1.17,1.40,0.00,1.40,AStar,
320,1.95,AgentPrefab,Agent,MoveState,Moving,Goal,11.00,0.00,11.00,1.18,0.00,1.18,1.40,0.00,1.40,AStar,
321,1.96,AgentPrefab,Agent,MoveState,Moving,Goal,11.00,0.00,11.00,1.19,0.00,1.19,1.40,0.00,1.40,AStar,
322,1.96,AgentPrefab,Agent,MoveState,Moving,Goal,11.00,0.00,11.00,1.20,0.00,1.20,1.40,0.00,1.40,AStar,
323,1.97,AgentPrefab,Agent,MoveState,Moving,Goal,11.00,0.00,11.00,1.20,0.00,1.20,1.40,0.00,1.40,AStar,
324,1.97,AgentPrefab,Agent,MoveState,Moving,Goal,11.00,0.00,11.00,1.21,0.00,1.21,1.40,0.00,1.40,AStar,
325,1.98,AgentPrefab,Agent,MoveState,Moving,Goal,11.00,0.00,11.00,1.22,0.00,1.22,1.40,0.00,1.40,AStar,
326,1.99,AgentPrefab,Agent,MoveState,Moving,Goal,11.00,0.00,11.00,1.23,0.00,1.23,1.40,0.00,1.40,AStar,
327,1.99,AgentPrefab,Agent,MoveState,Moving,Goal,11.00,0.00,11.00,1.24,0.00,1.24,1.40,0.00,1.40,AStar,
328,2.00,AgentPrefab,Agent,MoveState,Moving,Goal,11.00,0.00,11.00,1.25,0.00,1.25,1.40,0.00,1.40,AStar,
329,2.00,AgentPrefab,Agent,MoveState,Moving,Goal,11.00,0.00,11.00,1.26,0.00,1.26,1.40,0.00,1.40,AStar,
330,2.01,AgentPrefab,Agent,MoveState,Moving,Goal,11.00,0.00,11.00,1.26,0.00,1.26,1.40,0.00,1.40,AStar,
331,2.02,AgentPrefab,Agent,MoveState,Moving,Goal,11.00,0.00,11.00,1.27,0.00,1.27,1.40,0.00,1.40,AStar,
332,2.02,AgentPrefab,Agent,MoveState,Moving,Goal,11.00,0.00,11.00,1.28,0.00,1.28,1.40,0.00,1.40,AStar,
333,2.03,AgentPrefab,Agent,MoveState,Moving,Goal,11.00,0.00,11.00,1.29,0.00,1.29,1.40,0.00,1.40,AStar,
334,2.04,AgentPrefab,Agent,MoveState,Moving,Goal,11.00,0.00,11.00,1.30,0.00,1.30,1.40,0.00,1.40,AStar,
335,2.04,AgentPrefab,Agent,MoveState,Moving,Goal,11.00,0.00,11.00,1.31,0.00,1.31,1.40,0.00,1.40,AStar,
336,2.05,AgentPrefab,Agent,MoveState,Moving,Goal,11.00,0.00,11.00,1.32,0.00,1.32,1.40,0.00,1.40,AStar,
337,2.05,AgentPrefab,Agent,MoveState,Moving,Goal,11.00,0.00,11.00,1.33,0.00,1.33,1.40,0.00,1.40,AStar,
338,2.06,AgentPrefab,Agent,MoveState,Moving,Goal,11.00,0.00,11.00,1.33,0.00,1.33,1.40,0.00,1.40,AStar,
339,2.07,AgentPrefab,Agent,MoveState,Moving,Goal,11.00,0.00,11.00,1.34,0.00,1.34,1.40,0.00,1.40,AStar,
340,2.07,AgentPrefab,Agent,MoveState,Moving,Goal,11.00,0.00,11.00,1.35,0.00,1.35,1.40,0.00,1.40,AStar,
341,2.08,AgentPrefab,Agent,MoveState,Moving,Goal,11.00,0.00,11.00,1.36,0.00,1.36,1.40,0.00,1.40,AStar,
342,2.09,AgentPrefab,Agent,MoveState,Moving,Goal,11.00,0.00,11.00,1.40,0.00,1.40,2.10,0.00,2.10,AStar,
343,2.09,AgentPrefab,Agent,MoveState,Moving,Goal,11.00,0.00,11.00,1.41,0.00,1.41,2.10,0.00,2.10,AStar,
344,2.10,AgentPrefab,Agent,MoveState,Moving,Goal,11.00,0.00,11.00,1.42,0.00,1.42,2.10,0.00,2.10,AStar,
345,2.11,AgentPrefab,Agent,MoveState,Moving,Goal,11.00,0.00,11.00,1.43,0.00,1.43,2.10,0.00,2.10,AStar,
346,2.11,AgentPrefab,Agent,MoveState,Moving,Goal,11.00,0.00,11.00,1.44,0.00,1.44,2.10,0.00,2.10,AStar,
347,2.12,AgentPrefab,Agent,MoveState,Moving,Goal,11.00,0.00,11.00,1.45,0.00,1.45,2.10,0.00,2.10,AStar,
348,2.13,AgentPrefab,Agent,MoveState,Moving,Goal,11.00,0.00,11.00,1.46,0.00,1.46,2.10,0.00,2.10,AStar,
349,2.14,AgentPrefab,Agent,MoveState,Moving,Goal,11.00,0.00,11.00,1.47,0.00,1.47,2.10,0.00,2.10,AStar,
350,2.14,AgentPrefab,Agent,MoveState,Moving,Goal,11.00,0.00,11.00,1.48,0.00,1.48,2.10,0.00,2.10,AStar,
351,2.15,AgentPrefab,Agent,MoveState,Moving,Goal,11.00,0.00,11.00,1.49,0.00,1.49,2.10,0.00,2.10,AStar,
352,2.16,AgentPrefab,Agent,MoveState,Moving,Goal,11.00,0.00,11.00,1.50,0.00,1.50,2.10,0.00,2.10,AStar,
353,2.16,AgentPrefab,Agent,MoveState,Moving,Goal,11.00,0.00,11.00,1.51,0.00,1.51,2.10,0.00,2.10,AStar,
354,2.17,AgentPrefab,Agent,MoveState,Moving,Goal,11.00,0.00,11.00,1.52,0.00,1.52,2.10,0.00,2.10,AStar,
355,2.18,AgentPrefab,Agent,MoveState,Moving,Goal,11.00,0.00,11.00,1.53,0.00,1.53,2.10,0.00,2.10,AStar,
356,2.19,AgentPrefab,Agent,MoveState,Moving,Goal,11.00,0.00,11.00,1.54,0.00,1.54,2.10,0.00,2.10,AStar,
357,2.19,AgentPrefab,Agent,MoveState,Moving,Goal,11.00,0.00,11.00,1.55,0.00,1.55,2.10,0.00,2.10,AStar,
358,2.20,AgentPrefab,Agent,MoveState,Moving,Goal,11.00,0.00,11.00,1.56,0.00,1.56,2.10,0.00,2.10,AStar,
359,2.21,AgentPrefab,Agent,MoveState,Moving,Goal,11.00,0.00,11.00,1.57,0.00,1.57,2.10,0.00,2.10,AStar,
360,2.22,AgentPrefab,Agent,MoveState,Moving,Goal,11.00,0.00,11.00,1.58,0.00,1.58,2.10,0.00,2.10,AStar,
361,2.22,AgentPrefab,Agent,MoveState,Moving,Goal,11.00,0.00,11.00,1.59,0.00,1.59,2.10,0.00,2.10,AStar,
362,2.23,AgentPrefab,Agent,MoveState,Moving,Goal,11.00,0.00,11.00,1.60,0.00,1.60,2.10,0.00,2.10,AStar,
363,2.24,AgentPrefab,Agent,MoveState,Moving,Goal,11.00,0.00,11.00,1.61,0.00,1.61,2.10,0.00,2.10,AStar,
364,2.25,AgentPrefab,Agent,MoveState,Moving,Goal,11.00,0.00,11.00,1.62,0.00,1.62,2.10,0.00,2.10,AStar,
365,2.25,AgentPrefab,Agent,MoveState,Moving,Goal,11.00,0.00,11.00,1.63,0.00,1.63,2.10,0.00,2.10,AStar,
366,2.26,AgentPrefab,Agent,MoveState,Moving,Goal,11.00,0.00,11.00,1.65,0.00,1.65,2.10,0.00,2.10,AStar,
367,2.27,AgentPrefab,Agent,MoveState,Moving,Goal,11.00,0.00,11.00,1.66,0.00,1.66,2.10,0.00,2.10,AStar,
368,2.27,AgentPrefab,Agent,MoveState,Moving,Goal,11.00,0.00,11.00,1.67,0.00,1.67,2.10,0.00,2.10,AStar,
369,2.28,AgentPrefab,Agent,MoveState,Moving,Goal,11.00,0.00,11.00,1.68,0.00,1.68,2.10,0.00,2.10,AStar,
370,2.29,AgentPrefab,Agent,MoveState,Moving,Goal,11.00,0.00,11.00,1.69,0.00,1.69,2.10,0.00,2.10,AStar,
371,2.29,AgentPrefab,Agent,MoveState,Moving,Goal,11.00,0.00,11.00,1.69,0.00,1.69,2.10,0.00,2.10,AStar,
372,2.30,AgentPrefab,Agent,MoveState,Moving,Goal,11.00,0.00,11.00,1.70,0.00,1.70,2.10,0.00,2.10,AStar,
373,2.31,AgentPrefab,Agent,MoveState,Moving,Goal,11.00,0.00,11.00,1.71,0.00,1.71,2.10,0.00,2.10,AStar,
374,2.31,AgentPrefab,Agent,MoveState,Moving,Goal,11.00,0.00,11.00,1.72,0.00,1.72,2.10,0.00,2.10,AStar,
375,2.32,AgentPrefab,Agent,MoveState,Moving,Goal,11.00,0.00,11.00,1.73,0.00,1.73,2.10,0.00,2.10,AStar,
376,2.32,AgentPrefab,Agent,MoveState,Moving,Goal,11.00,0.00,11.00,1.74,0.00,1.74,2.10,0.00,2.10,AStar,
377,2.33,AgentPrefab,Agent,MoveState,Moving,Goal,11.00,0.00,11.00,1.75,0.00,1.75,2.10,0.00,2.10,AStar,
378,2.34,AgentPrefab,Agent,MoveState,Moving,Goal,11.00,0.00,11.00,1.75,0.00,1.75,2.10,0.00,2.10,AStar,
379,2.34,AgentPrefab,Agent,MoveState,Moving,Goal,11.00,0.00,11.00,1.76,0.00,1.76,2.10,0.00,2.10,AStar,
380,2.35,AgentPrefab,Agent,MoveState,Moving,Goal,11.00,0.00,11.00,1.77,0.00,1.77,2.10,0.00,2.10,AStar,
381,2.35,AgentPrefab,Agent,MoveState,Moving,Goal,11.00,0.00,11.00,1.78,0.00,1.78,2.10,0.00,2.10,AStar,
382,2.36,AgentPrefab,Agent,MoveState,Moving,Goal,11.00,0.00,11.00,1.79,0.00,1.79,2.10,0.00,2.10,AStar,
383,2.37,AgentPrefab,Agent,MoveState,Moving,Goal,11.00,0.00,11.00,1.80,0.00,1.80,2.10,0.00,2.10,AStar,
384,2.37,AgentPrefab,Agent,MoveState,Moving,Goal,11.00,0.00,11.00,1.81,0.00,1.81,2.10,0.00,2.10,AStar,
385,2.38,AgentPrefab,Agent,MoveState,Moving,Goal,11.00,0.00,11.00,1.81,0.00,1.81,2.10,0.00,2.10,AStar,
386,2.38,AgentPrefab,Agent,MoveState,Moving,Goal,11.00,0.00,11.00,1.82,0.00,1.82,2.10,0.00,2.10,AStar,
387,2.39,AgentPrefab,Agent,MoveState,Moving,Goal,11.00,0.00,11.00,1.83,0.00,1.83,2.10,0.00,2.10,AStar,
388,2.40,AgentPrefab,Agent,MoveState,Moving,Goal,11.00,0.00,11.00,1.84,0.00,1.84,2.10,0.00,2.10,AStar,
389,2.40,AgentPrefab,Agent,MoveState,Moving,Goal,11.00,0.00,11.00,1.85,0.00,1.85,2.10,0.00,2.10,AStar,
390,2.41,AgentPrefab,Agent,MoveState,Moving,Goal,11.00,0.00,11.00,1.86,0.00,1.86,2.10,0.00,2.10,AStar,
391,2.41,AgentPrefab,Agent,MoveState,Moving,Goal,11.00,0.00,11.00,1.86,0.00,1.86,2.10,0.00,2.10,AStar,
392,2.42,AgentPrefab,Agent,MoveState,Moving,Goal,11.00,0.00,11.00,1.87,0.00,1.87,2.10,0.00,2.10,AStar,
393,2.43,AgentPrefab,Agent,MoveState,Moving,Goal,11.00,0.00,11.00,1.88,0.00,1.88,2.10,0.00,2.10,AStar,
394,2.43,AgentPrefab,Agent,MoveState,Moving,Goal,11.00,0.00,11.00,1.89,0.00,1.89,2.10,0.00,2.10,AStar,
395,2.44,AgentPrefab,Agent,MoveState,Moving,Goal,11.00,0.00,11.00,1.90,0.00,1.90,2.10,0.00,2.10,AStar,
396,2.44,AgentPrefab,Agent,MoveState,Moving,Goal,11.00,0.00,11.00,1.91,0.00,1.91,2.10,0.00,2.10,AStar,
397,2.45,AgentPrefab,Agent,MoveState,Moving,Goal,11.00,0.00,11.00,1.92,0.00,1.92,2.10,0.00,2.10,AStar,
398,2.46,AgentPrefab,Agent,MoveState,Moving,Goal,11.00,0.00,11.00,1.93,0.00,1.93,2.10,0.00,2.10,AStar,
399,2.46,AgentPrefab,Agent,MoveState,Moving,Goal,11.00,0.00,11.00,1.93,0.00,1.93,2.10,0.00,2.10,AStar,
400,2.47,AgentPrefab,Agent,MoveState,Moving,Goal,11.00,0.00,11.00,1.94,0.00,1.94,2.10,0.00,2.10,AStar,
401,2.47,AgentPrefab,Agent,MoveState,Moving,Goal,11.00,0.00,11.00,1.95,0.00,1.95,2.10,0.00,2.10,AStar,
402,2.48,AgentPrefab,Agent,MoveState,Moving,Goal,11.00,0.00,11.00,1.96,0.00,1.96,2.10,0.00,2.10,AStar,
403,2.49,AgentPrefab,Agent,MoveState,Moving,Goal,11.00,0.00,11.00,1.97,0.00,1.97,2.10,0.00,2.10,AStar,
404,2.49,AgentPrefab,Agent,MoveState,Moving,Goal,11.00,0.00,11.00,1.98,0.00,1.98,2.10,0.00,2.10,AStar,
405,2.50,AgentPrefab,Agent,MoveState,Moving,Goal,11.00,0.00,11.00,1.98,0.00,1.98,2.10,0.00,2.10,AStar,
406,2.50,AgentPrefab,Agent,MoveState,Moving,Goal,11.00,0.00,11.00,1.99,0.00,1.99,2.10,0.00,2.10,AStar,
407,2.51,AgentPrefab,Agent,MoveState,Moving,Goal,11.00,0.00,11.00,2.00,0.00,2.00,2.10,0.00,2.10,AStar,
408,2.52,AgentPrefab,Agent,MoveState,Moving,Goal,11.00,0.00,11.00,2.01,0.00,2.01,2.10,0.00,2.10,AStar,
409,2.52,AgentPrefab,Agent,MoveState,Moving,Goal,11.00,0.00,11.00,2.02,0.00,2.02,2.10,0.00,2.10,AStar,
410,2.53,AgentPrefab,Agent,MoveState,Moving,Goal,11.00,0.00,11.00,2.03,0.00,2.03,2.10,0.00,2.10,AStar,
411,2.53,AgentPrefab,Agent,MoveState,Moving,Goal,11.00,0.00,11.00,2.04,0.00,2.04,2.10,0.00,2.10,AStar,
412,2.54,AgentPrefab,Agent,MoveState,Moving,Goal,11.00,0.00,11.00,2.04,0.00,2.04,2.10,0.00,2.10,AStar,
413,2.55,AgentPrefab,Agent,MoveState,Moving,Goal,11.00,0.00,11.00,2.05,0.00,2.05,2.10,0.00,2.10,AStar,
414,2.55,AgentPrefab,Agent,MoveState,Moving,Goal,11.00,0.00,11.00,2.06,0.00,2.06,2.10,0.00,2.10,AStar,
415,2.56,AgentPrefab,Agent,MoveState,Moving,Goal,11.00,0.00,11.00,2.10,0.00,2.10,2.80,0.00,2.80,AStar,
416,2.57,AgentPrefab,Agent,MoveState,Moving,Goal,11.00,0.00,11.00,2.11,0.00,2.11,2.80,0.00,2.80,AStar,
417,2.57,AgentPrefab,Agent,MoveState,Moving,Goal,11.00,0.00,11.00,2.12,0.00,2.12,2.80,0.00,2.80,AStar,
418,2.58,AgentPrefab,Agent,MoveState,Moving,Goal,11.00,0.00,11.00,2.13,0.00,2.13,2.80,0.00,2.80,AStar,
419,2.59,AgentPrefab,Agent,MoveState,Moving,Goal,11.00,0.00,11.00,2.14,0.00,2.14,2.80,0.00,2.80,AStar,
420,2.59,AgentPrefab,Agent,MoveState,Moving,Goal,11.00,0.00,11.00,2.15,0.00,2.15,2.80,0.00,2.80,AStar,
421,2.60,AgentPrefab,Agent,MoveState,Moving,Goal,11.00,0.00,11.00,2.16,0.00,2.16,2.80,0.00,2.80,AStar,
422,2.60,AgentPrefab,Agent,MoveState,Moving,Goal,11.00,0.00,11.00,2.16,0.00,2.16,2.80,0.00,2.80,AStar,
423,2.61,AgentPrefab,Agent,MoveState,Moving,Goal,11.00,0.00,11.00,2.17,0.00,2.17,2.80,0.00,2.80,AStar,
424,2.62,AgentPrefab,Agent,MoveState,Moving,Goal,11.00,0.00,11.00,2.18,0.00,2.18,2.80,0.00,2.80,AStar,
425,2.62,AgentPrefab,Agent,MoveState,Moving,Goal,11.00,0.00,11.00,2.19,0.00,2.19,2.80,0.00,2.80,AStar,
426,2.63,AgentPrefab,Agent,MoveState,Moving,Goal,11.00,0.00,11.00,2.20,0.00,2.20,2.80,0.00,2.80,AStar,
427,2.63,AgentPrefab,Agent,MoveState,Moving,Goal,11.00,0.00,11.00,2.21,0.00,2.21,2.80,0.00,2.80,AStar,
428,2.64,AgentPrefab,Agent,MoveState,Moving,Goal,11.00,0.00,11.00,2.22,0.00,2.22,2.80,0.00,2.80,AStar,
429,2.65,AgentPrefab,Agent,MoveState,Moving,Goal,11.00,0.00,11.00,2.23,0.00,2.23,2.80,0.00,2.80,AStar,
430,2.65,AgentPrefab,Agent,MoveState,Moving,Goal,11.00,0.00,11.00,2.24,0.00,2.24,2.80,0.00,2.80,AStar,
431,2.66,AgentPrefab,Agent,MoveState,Moving,Goal,11.00,0.00,11.00,2.24,0.00,2.24,2.80,0.00,2.80,AStar,
432,2.67,AgentPrefab,Agent,MoveState,Moving,Goal,11.00,0.00,11.00,2.25,0.00,2.25,2.80,0.00,2.80,AStar,
433,2.67,AgentPrefab,Agent,MoveState,Moving,Goal,11.00,0.00,11.00,2.26,0.00,2.26,2.80,0.00,2.80,AStar,
434,2.68,AgentPrefab,Agent,MoveState,Moving,Goal,11.00,0.00,11.00,2.27,0.00,2.27,2.80,0.00,2.80,AStar,
435,2.69,AgentPrefab,Agent,MoveState,Moving,Goal,11.00,0.00,11.00,2.28,0.00,2.28,2.80,0.00,2.80,AStar,
436,2.69,AgentPrefab,Agent,MoveState,Moving,Goal,11.00,0.00,11.00,2.29,0.00,2.29,2.80,0.00,2.80,AStar,
437,2.70,AgentPrefab,Agent,MoveState,Moving,Goal,11.00,0.00,11.00,2.30,0.00,2.30,2.80,0.00,2.80,AStar,
438,2.70,AgentPrefab,Agent,MoveState,Moving,Goal,11.00,0.00,11.00,2.30,0.00,2.30,2.80,0.00,2.80,AStar,
439,2.71,AgentPrefab,Agent,MoveState,Moving,Goal,11.00,0.00,11.00,2.31,0.00,2.31,2.80,0.00,2.80,AStar,
440,2.72,AgentPrefab,Agent,MoveState,Moving,Goal,11.00,0.00,11.00,2.32,0.00,2.32,2.80,0.00,2.80,AStar,
441,2.72,AgentPrefab,Agent,MoveState,Moving,Goal,11.00,0.00,11.00,2.33,0.00,2.33,2.80,0.00,2.80,AStar,
442,2.73,AgentPrefab,Agent,MoveState,Moving,Goal,11.00,0.00,11.00,2.34,0.00,2.34,2.80,0.00,2.80,AStar,
443,2.73,AgentPrefab,Agent,MoveState,Moving,Goal,11.00,0.00,11.00,2.35,0.00,2.35,2.80,0.00,2.80,AStar,
444,2.74,AgentPrefab,Agent,MoveState,Moving,Goal,11.00,0.00,11.00,2.36,0.00,2.36,2.80,0.00,2.80,AStar,
445,2.75,AgentPrefab,Agent,MoveState,Moving,Goal,11.00,0.00,11.00,2.36,0.00,2.36,2.80,0.00,2.80,AStar,
446,2.75,AgentPrefab,Agent,MoveState,Moving,Goal,11.00,0.00,11.00,2.37,0.00,2.37,2.80,0.00,2.80,AStar,
447,2.76,AgentPrefab,Agent,MoveState,Moving,Goal,11.00,0.00,11.00,2.38,0.00,2.38,2.80,0.00,2.80,AStar,
448,2.77,AgentPrefab,Agent,MoveState,Moving,Goal,11.00,0.00,11.00,2.39,0.00,2.39,2.80,0.00,2.80,AStar,
449,2.77,AgentPrefab,Agent,MoveState,Moving,Goal,11.00,0.00,11.00,2.40,0.00,2.40,2.80,0.00,2.80,AStar,
450,2.78,AgentPrefab,Agent,MoveState,Moving,Goal,11.00,0.00,11.00,2.41,0.00,2.41,2.80,0.00,2.80,AStar,
451,2.78,AgentPrefab,Agent,MoveState,Moving,Goal,11.00,0.00,11.00,2.42,0.00,2.42,2.80,0.00,2.80,AStar,
452,2.79,AgentPrefab,Agent,MoveState,Moving,Goal,11.00,0.00,11.00,2.43,0.00,2.43,2.80,0.00,2.80,AStar,
453,2.80,AgentPrefab,Agent,MoveState,Moving,Goal,11.00,0.00,11.00,2.43,0.00,2.43,2.80,0.00,2.80,AStar,
454,2.80,AgentPrefab,Agent,MoveState,Moving,Goal,11.00,0.00,11.00,2.44,0.00,2.44,2.80,0.00,2.80,AStar,
455,2.81,AgentPrefab,Agent,MoveState,Moving,Goal,11.00,0.00,11.00,2.45,0.00,2.45,2.80,0.00,2.80,AStar,
456,2.81,AgentPrefab,Agent,MoveState,Moving,Goal,11.00,0.00,11.00,2.46,0.00,2.46,2.80,0.00,2.80,AStar,
457,2.82,AgentPrefab,Agent,MoveState,Moving,Goal,11.00,0.00,11.00,2.47,0.00,2.47,2.80,0.00,2.80,AStar,
458,2.83,AgentPrefab,Agent,MoveState,Moving,Goal,11.00,0.00,11.00,2.48,0.00,2.48,2.80,0.00,2.80,AStar,
459,2.83,AgentPrefab,Agent,MoveState,Moving,Goal,11.00,0.00,11.00,2.49,0.00,2.49,2.80,0.00,2.80,AStar,
460,2.84,AgentPrefab,Agent,MoveState,Moving,Goal,11.00,0.00,11.00,2.49,0.00,2.49,2.80,0.00,2.80,AStar,
461,2.84,AgentPrefab,Agent,MoveState,Moving,Goal,11.00,0.00,11.00,2.50,0.00,2.50,2.80,0.00,2.80,AStar,
462,2.85,AgentPrefab,Agent,MoveState,Moving,Goal,11.00,0.00,11.00,2.51,0.00,2.51,2.80,0.00,2.80,AStar,
463,2.86,AgentPrefab,Agent,MoveState,Moving,Goal,11.00,0.00,11.00,2.52,0.00,2.52,2.80,0.00,2.80,AStar,
464,2.86,AgentPrefab,Agent,MoveState,Moving,Goal,11.00,0.00,11.00,2.53,0.00,2.53,2.80,0.00,2.80,AStar,
465,2.87,AgentPrefab,Agent,MoveState,Moving,Goal,11.00,0.00,11.00,2.54,0.00,2.54,2.80,0.00,2.80,AStar,
466,2.87,AgentPrefab,Agent,MoveState,Moving,Goal,11.00,0.00,11.00,2.55,0.00,2.55,2.80,0.00,2.80,AStar,
467,2.88,AgentPrefab,Agent,MoveState,Moving,Goal,11.00,0.00,11.00,2.55,0.00,2.55,2.80,0.00,2.80,AStar,
468,2.89,AgentPrefab,Agent,MoveState,Moving,Goal,11.00,0.00,11.00,2.56,0.00,2.56,2.80,0.00,2.80,AStar,
469,2.89,AgentPrefab,Agent,MoveState,Moving,Goal,11.00,0.00,11.00,2.57,0.00,2.57,2.80,0.00,2.80,AStar,
470,2.90,AgentPrefab,Agent,MoveState,Moving,Goal,11.00,0.00,11.00,2.58,0.00,2.58,2.80,0.00,2.80,AStar,
471,2.90,AgentPrefab,Agent,MoveState,Moving,Goal,11.00,0.00,11.00,2.59,0.00,2.59,2.80,0.00,2.80,AStar,
472,2.91,AgentPrefab,Agent,MoveState,Moving,Goal,11.00,0.00,11.00,2.60,0.00,2.60,2.80,0.00,2.80,AStar,
473,2.92,AgentPrefab,Agent,MoveState,Moving,Goal,11.00,0.00,11.00,2.61,0.00,2.61,2.80,0.00,2.80,AStar,
474,2.92,AgentPrefab,Agent,MoveState,Moving,Goal,11.00,0.00,11.00,2.61,0.00,2.61,2.80,0.00,2.80,AStar,
475,2.93,AgentPrefab,Agent,MoveState,Moving,Goal,11.00,0.00,11.00,2.62,0.00,2.62,2.80,0.00,2.80,AStar,
476,2.93,AgentPrefab,Agent,MoveState,Moving,Goal,11.00,0.00,11.00,2.63,0.00,2.63,2.80,0.00,2.80,AStar,
477,2.94,AgentPrefab,Agent,MoveState,Moving,Goal,11.00,0.00,11.00,2.64,0.00,2.64,2.80,0.00,2.80,AStar,
478,2.95,AgentPrefab,Agent,MoveState,Moving,Goal,11.00,0.00,11.00,2.65,0.00,2.65,2.80,0.00,2.80,AStar,
479,2.95,AgentPrefab,Agent,MoveState,Moving,Goal,11.00,0.00,11.00,2.66,0.00,2.66,2.80,0.00,2.80,AStar,
480,2.96,AgentPrefab,Agent,MoveState,Moving,Goal,11.00,0.00,11.00,2.67,0.00,2.67,2.80,0.00,2.80,AStar,
481,2.97,AgentPrefab,Agent,MoveState,Moving,Goal,11.00,0.00,11.00,2.67,0.00,2.67,2.80,0.00,2.80,AStar,
482,2.97,AgentPrefab,Agent,MoveState,Moving,Goal,11.00,0.00,11.00,2.69,0.00,2.69,2.80,0.00,2.80,AStar,
483,2.98,AgentPrefab,Agent,MoveState,Moving,Goal,11.00,0.00,11.00,2.69,0.00,2.69,2.80,0.00,2.80,AStar,
484,2.98,AgentPrefab,Agent,MoveState,Moving,Goal,11.00,0.00,11.00,2.70,0.00,2.70,2.80,0.00,2.80,AStar,
485,2.99,AgentPrefab,Agent,MoveState,Moving,Goal,11.00,0.00,11.00,2.71,0.00,2.71,2.80,0.00,2.80,AStar,
486,3.00,AgentPrefab,Agent,MoveState,Moving,Goal,11.00,0.00,11.00,2.72,0.00,2.72,2.80,0.00,2.80,AStar,
487,3.00,AgentPrefab,Agent,MoveState,Moving,Goal,11.00,0.00,11.00,2.73,0.00,2.73,2.80,0.00,2.80,AStar,
488,3.01,AgentPrefab,Agent,MoveState,Moving,Goal,11.00,0.00,11.00,2.74,0.00,2.74,2.80,0.00,2.80,AStar,
489,3.01,AgentPrefab,Agent,MoveState,Moving,Goal,11.00,0.00,11.00,2.74,0.00,2.74,2.80,0.00,2.80,AStar,
490,3.02,AgentPrefab,Agent,MoveState,Moving,Goal,11.00,0.00,11.00,2.75,0.00,2.75,2.80,0.00,2.80,AStar,
491,3.03,AgentPrefab,Agent,MoveState,Moving,Goal,11.00,0.00,11.00,2.76,0.00,2.76,2.80,0.00,2.80,AStar,
492,3.03,AgentPrefab,Agent,MoveState,Moving,Goal,11.00,0.00,11.00,2.80,0.00,2.80,3.50,0.00,3.50,AStar,
493,3.04,AgentPrefab,Agent,MoveState,Moving,Goal,11.00,0.00,11.00,2.81,0.00,2.81,3.50,0.00,3.50,AStar,
494,3.05,AgentPrefab,Agent,MoveState,Moving,Goal,11.00,0.00,11.00,2.82,0.00,2.82,3.50,0.00,3.50,AStar,
495,3.05,AgentPrefab,Agent,MoveState,Moving,Goal,11.00,0.00,11.00,2.83,0.00,2.83,3.50,0.00,3.50,AStar,
496,3.06,AgentPrefab,Agent,MoveState,Moving,Goal,11.00,0.00,11.00,2.84,0.00,2.84,3.50,0.00,3.50,AStar,
497,3.07,AgentPrefab,Agent,MoveState,Moving,Goal,11.00,0.00,11.00,2.84,0.00,2.84,3.50,0.00,3.50,AStar,
498,3.07,AgentPrefab,Agent,MoveState,Moving,Goal,11.00,0.00,11.00,2.85,0.00,2.85,3.50,0.00,3.50,AStar,
499,3.08,AgentPrefab,Agent,MoveState,Moving,Goal,11.00,0.00,11.00,2.86,0.00,2.86,3.50,0.00,3.50,AStar,
500,3.08,AgentPrefab,Agent,MoveState,Moving,Goal,11.00,0.00,11.00,2.87,0.00,2.87,3.50,0.00,3.50,AStar,
501,3.09,AgentPrefab,Agent,MoveState,Moving,Goal,11.00,0.00,11.00,2.88,0.00,2.88,3.50,0.00,3.50,AStar,
502,3.10,AgentPrefab,Agent,MoveState,Moving,Goal,11.00,0.00,11.00,2.89,0.00,2.89,3.50,0.00,3.50,AStar,
503,3.10,AgentPrefab,Agent,MoveState,Moving,Goal,11.00,0.00,11.00,2.90,0.00,2.90,3.50,0.00,3.50,AStar,
504,3.11,AgentPrefab,Agent,MoveState,Moving,Goal,11.00,0.00,11.00,2.91,0.00,2.91,3.50,0.00,3.50,AStar,
505,3.11,AgentPrefab,Agent,MoveState,Moving,Goal,11.00,0.00,11.00,2.91,0.00,2.91,3.50,0.00,3.50,AStar,
506,3.12,AgentPrefab,Agent,MoveState,Moving,Goal,11.00,0.00,11.00,2.92,0.00,2.92,3.50,0.00,3.50,AStar,
507,3.13,AgentPrefab,Agent,MoveState,Moving,Goal,11.00,0.00,11.00,2.93,0.00,2.93,3.50,0.00,3.50,AStar,
508,3.13,AgentPrefab,Agent,MoveState,Moving,Goal,11.00,0.00,11.00,2.94,0.00,2.94,3.50,0.00,3.50,AStar,
509,3.14,AgentPrefab,Agent,MoveState,Moving,Goal,11.00,0.00,11.00,2.95,0.00,2.95,3.50,0.00,3.50,AStar,
510,3.15,AgentPrefab,Agent,MoveState,Moving,Goal,11.00,0.00,11.00,2.96,0.00,2.96,3.50,0.00,3.50,AStar,
511,3.15,AgentPrefab,Agent,MoveState,Moving,Goal,11.00,0.00,11.00,2.97,0.00,2.97,3.50,0.00,3.50,AStar,
512,3.16,AgentPrefab,Agent,MoveState,Moving,Goal,11.00,0.00,11.00,2.98,0.00,2.98,3.50,0.00,3.50,AStar,
513,3.16,AgentPrefab,Agent,MoveState,Moving,Goal,11.00,0.00,11.00,2.98,0.00,2.98,3.50,0.00,3.50,AStar,
514,3.17,AgentPrefab,Agent,MoveState,Moving,Goal,11.00,0.00,11.00,2.99,0.00,2.99,3.50,0.00,3.50,AStar,
515,3.18,AgentPrefab,Agent,MoveState,Moving,Goal,11.00,0.00,11.00,3.00,0.00,3.00,3.50,0.00,3.50,AStar,
516,3.18,AgentPrefab,Agent,MoveState,Moving,Goal,11.00,0.00,11.00,3.01,0.00,3.01,3.50,0.00,3.50,AStar,
517,3.19,AgentPrefab,Agent,MoveState,Moving,Goal,11.00,0.00,11.00,3.02,0.00,3.02,3.50,0.00,3.50,AStar,
518,3.20,AgentPrefab,Agent,MoveState,Moving,Goal,11.00,0.00,11.00,3.03,0.00,3.03,3.50,0.00,3.50,AStar,
519,3.20,AgentPrefab,Agent,MoveState,Moving,Goal,11.00,0.00,11.00,3.04,0.00,3.04,3.50,0.00,3.50,AStar,
520,3.21,AgentPrefab,Agent,MoveState,Moving,Goal,11.00,0.00,11.00,3.05,0.00,3.05,3.50,0.00,3.50,AStar,
521,3.21,AgentPrefab,Agent,MoveState,Moving,Goal,11.00,0.00,11.00,3.06,0.00,3.06,3.50,0.00,3.50,AStar,
522,3.22,AgentPrefab,Agent,MoveState,Moving,Goal,11.00,0.00,11.00,3.06,0.00,3.06,3.50,0.00,3.50,AStar,
523,3.23,AgentPrefab,Agent,MoveState,Moving,Goal,11.00,0.00,11.00,3.07,0.00,3.07,3.50,0.00,3.50,AStar,
524,3.23,AgentPrefab,Agent,MoveState,Moving,Goal,11.00,0.00,11.00,3.08,0.00,3.08,3.50,0.00,3.50,AStar,
525,3.24,AgentPrefab,Agent,MoveState,Moving,Goal,11.00,0.00,11.00,3.09,0.00,3.09,3.50,0.00,3.50,AStar,
526,3.24,AgentPrefab,Agent,MoveState,Moving,Goal,11.00,0.00,11.00,3.10,0.00,3.10,3.50,0.00,3.50,AStar,
527,3.25,AgentPrefab,Agent,MoveState,Moving,Goal,11.00,0.00,11.00,3.11,0.00,3.11,3.50,0.00,3.50,AStar,
528,3.26,AgentPrefab,Agent,MoveState,Moving,Goal,11.00,0.00,11.00,3.12,0.00,3.12,3.50,0.00,3.50,AStar,
529,3.26,AgentPrefab,Agent,MoveState,Moving,Goal,11.00,0.00,11.00,3.12,0.00,3.12,3.50,0.00,3.50,AStar,
530,3.27,AgentPrefab,Agent,MoveState,Moving,Goal,11.00,0.00,11.00,3.13,0.00,3.13,3.50,0.00,3.50,AStar,
531,3.27,AgentPrefab,Agent,MoveState,Moving,Goal,11.00,0.00,11.00,3.14,0.00,3.14,3.50,0.00,3.50,AStar,
532,3.28,AgentPrefab,Agent,MoveState,Moving,Goal,11.00,0.00,11.00,3.15,0.00,3.15,3.50,0.00,3.50,AStar,
533,3.29,AgentPrefab,Agent,MoveState,Moving,Goal,11.00,0.00,11.00,3.16,0.00,3.16,3.50,0.00,3.50,AStar,
534,3.29,AgentPrefab,Agent,MoveState,Moving,Goal,11.00,0.00,11.00,3.17,0.00,3.17,3.50,0.00,3.50,AStar,
535,3.30,AgentPrefab,Agent,MoveState,Moving,Goal,11.00,0.00,11.00,3.18,0.00,3.18,3.50,0.00,3.50,AStar,
536,3.31,AgentPrefab,Agent,MoveState,Moving,Goal,11.00,0.00,11.00,3.18,0.00,3.18,3.50,0.00,3.50,AStar,
537,3.31,AgentPrefab,Agent,MoveState,Moving,Goal,11.00,0.00,11.00,3.19,0.00,3.19,3.50,0.00,3.50,AStar,
538,3.32,AgentPrefab,Agent,MoveState,Moving,Goal,11.00,0.00,11.00,3.20,0.00,3.20,3.50,0.00,3.50,AStar,
539,3.32,AgentPrefab,Agent,MoveState,Moving,Goal,11.00,0.00,11.00,3.21,0.00,3.21,3.50,0.00,3.50,AStar,
540,3.33,AgentPrefab,Agent,MoveState,Moving,Goal,11.00,0.00,11.00,3.22,0.00,3.22,3.50,0.00,3.50,AStar,
541,3.34,AgentPrefab,Agent,MoveState,Moving,Goal,11.00,0.00,11.00,3.23,0.00,3.23,3.50,0.00,3.50,AStar,
542,3.34,AgentPrefab,Agent,MoveState,Moving,Goal,11.00,0.00,11.00,3.24,0.00,3.24,3.50,0.00,3.50,AStar,
543,3.35,AgentPrefab,Agent,MoveState,Moving,Goal,11.00,0.00,11.00,3.25,0.00,3.25,3.50,0.00,3.50,AStar,
544,3.36,AgentPrefab,Agent,MoveState,Moving,Goal,11.00,0.00,11.00,3.26,0.00,3.26,3.50,0.00,3.50,AStar,
545,3.36,AgentPrefab,Agent,MoveState,Moving,Goal,11.00,0.00,11.00,3.26,0.00,3.26,3.50,0.00,3.50,AStar,
546,3.37,AgentPrefab,Agent,MoveState,Moving,Goal,11.00,0.00,11.00,3.27,0.00,3.27,3.50,0.00,3.50,AStar,
547,3.38,AgentPrefab,Agent,MoveState,Moving,Goal,11.00,0.00,11.00,3.28,0.00,3.28,3.50,0.00,3.50,AStar,
548,3.38,AgentPrefab,Agent,MoveState,Moving,Goal,11.00,0.00,11.00,3.29,0.00,3.29,3.50,0.00,3.50,AStar,
549,3.39,AgentPrefab,Agent,MoveState,Moving,Goal,11.00,0.00,11.00,3.30,0.00,3.30,3.50,0.00,3.50,AStar,
550,3.39,AgentPrefab,Agent,MoveState,Moving,Goal,11.00,0.00,11.00,3.31,0.00,3.31,3.50,0.00,3.50,AStar,
551,3.40,AgentPrefab,Agent,MoveState,Moving,Goal,11.00,0.00,11.00,3.32,0.00,3.32,3.50,0.00,3.50,AStar,
552,3.40,AgentPrefab,Agent,MoveState,Moving,Goal,11.00,0.00,11.00,3.33,0.00,3.33,3.50,0.00,3.50,AStar,
553,3.41,AgentPrefab,Agent,MoveState,Moving,Goal,11.00,0.00,11.00,3.33,0.00,3.33,3.50,0.00,3.50,AStar,
554,3.42,AgentPrefab,Agent,MoveState,Moving,Goal,11.00,0.00,11.00,3.34,0.00,3.34,3.50,0.00,3.50,AStar,
555,3.42,AgentPrefab,Agent,MoveState,Moving,Goal,11.00,0.00,11.00,3.35,0.00,3.35,3.50,0.00,3.50,AStar,
556,3.43,AgentPrefab,Agent,MoveState,Moving,Goal,11.00,0.00,11.00,3.36,0.00,3.36,3.50,0.00,3.50,AStar,
557,3.44,AgentPrefab,Agent,MoveState,Moving,Goal,11.00,0.00,11.00,3.37,0.00,3.37,3.50,0.00,3.50,AStar,
558,3.44,AgentPrefab,Agent,MoveState,Moving,Goal,11.00,0.00,11.00,3.38,0.00,3.38,3.50,0.00,3.50,AStar,
559,3.45,AgentPrefab,Agent,MoveState,Moving,Goal,11.00,0.00,11.00,3.39,0.00,3.39,3.50,0.00,3.50,AStar,
560,3.45,AgentPrefab,Agent,MoveState,Moving,Goal,11.00,0.00,11.00,3.39,0.00,3.39,3.50,0.00,3.50,AStar,
561,3.46,AgentPrefab,Agent,MoveState,Moving,Goal,11.00,0.00,11.00,3.40,0.00,3.40,3.50,0.00,3.50,AStar,
562,3.47,AgentPrefab,Agent,MoveState,Moving,Goal,11.00,0.00,11.00,3.41,0.00,3.41,3.50,0.00,3.50,AStar,
563,3.47,AgentPrefab,Agent,MoveState,Moving,Goal,11.00,0.00,11.00,3.42,0.00,3.42,3.50,0.00,3.50,AStar,
564,3.48,AgentPrefab,Agent,MoveState,Moving,Goal,11.00,0.00,11.00,3.43,0.00,3.43,3.50,0.00,3.50,AStar,
565,3.49,AgentPrefab,Agent,MoveState,Moving,Goal,11.00,0.00,11.00,3.44,0.00,3.44,3.50,0.00,3.50,AStar,
566,3.49,AgentPrefab,Agent,MoveState,Moving,Goal,11.00,0.00,11.00,3.45,0.00,3.45,3.50,0.00,3.50,AStar,
567,3.50,AgentPrefab,Agent,MoveState,Moving,Goal,11.00,0.00,11.00,3.46,0.00,3.46,3.50,0.00,3.50,AStar,
568,3.50,AgentPrefab,Agent,MoveState,Moving,Goal,11.00,0.00,11.00,3.50,0.00,3.50,4.20,0.00,4.20,AStar,
569,3.51,AgentPrefab,Agent,MoveState,Moving,Goal,11.00,0.00,11.00,3.51,0.00,3.51,4.20,0.00,4.20,AStar,
570,3.52,AgentPrefab,Agent,MoveState,Moving,Goal,11.00,0.00,11.00,3.52,0.00,3.52,4.20,0.00,4.20,AStar,
571,3.52,AgentPrefab,Agent,MoveState,Moving,Goal,11.00,0.00,11.00,3.53,0.00,3.53,4.20,0.00,4.20,AStar,
572,3.53,AgentPrefab,Agent,MoveState,Moving,Goal,11.00,0.00,11.00,3.54,0.00,3.54,4.20,0.00,4.20,AStar,
573,3.53,AgentPrefab,Agent,MoveState,Moving,Goal,11.00,0.00,11.00,3.54,0.00,3.54,4.20,0.00,4.20,AStar,
574,3.54,AgentPrefab,Agent,MoveState,Moving,Goal,11.00,0.00,11.00,3.55,0.00,3.55,4.20,0.00,4.20,AStar,
575,3.55,AgentPrefab,Agent,MoveState,Moving,Goal,11.00,0.00,11.00,3.56,0.00,3.56,4.20,0.00,4.20,AStar,
576,3.55,AgentPrefab,Agent,MoveState,Moving,Goal,11.00,0.00,11.00,3.57,0.00,3.57,4.20,0.00,4.20,AStar,
577,3.56,AgentPrefab,Agent,MoveState,Moving,Goal,11.00,0.00,11.00,3.58,0.00,3.58,4.20,0.00,4.20,AStar,
578,3.57,AgentPrefab,Agent,MoveState,Moving,Goal,11.00,0.00,11.00,3.59,0.00,3.59,4.20,0.00,4.20,AStar,
579,3.57,AgentPrefab,Agent,MoveState,Moving,Goal,11.00,0.00,11.00,3.60,0.00,3.60,4.20,0.00,4.20,AStar,
580,3.58,AgentPrefab,Agent,MoveState,Moving,Goal,11.00,0.00,11.00,3.61,0.00,3.61,4.20,0.00,4.20,AStar,
581,3.59,AgentPrefab,Agent,MoveState,Moving,Goal,11.00,0.00,11.00,3.62,0.00,3.62,4.20,0.00,4.20,AStar,
582,3.59,AgentPrefab,Agent,MoveState,Moving,Goal,11.00,0.00,11.00,3.62,0.00,3.62,4.20,0.00,4.20,AStar,
583,3.60,AgentPrefab,Agent,MoveState,Moving,Goal,11.00,0.00,11.00,3.63,0.00,3.63,4.20,0.00,4.20,AStar,
584,3.60,AgentPrefab,Agent,MoveState,Moving,Goal,11.00,0.00,11.00,3.64,0.00,3.64,4.20,0.00,4.20,AStar,
585,3.61,AgentPrefab,Agent,MoveState,Moving,Goal,11.00,0.00,11.00,3.65,0.00,3.65,4.20,0.00,4.20,AStar,
586,3.62,AgentPrefab,Agent,MoveState,Moving,Goal,11.00,0.00,11.00,3.66,0.00,3.66,4.20,0.00,4.20,AStar,
587,3.62,AgentPrefab,Agent,MoveState,Moving,Goal,11.00,0.00,11.00,3.67,0.00,3.67,4.20,0.00,4.20,AStar,
588,3.63,AgentPrefab,Agent,MoveState,Moving,Goal,11.00,0.00,11.00,3.68,0.00,3.68,4.20,0.00,4.20,AStar,
589,3.63,AgentPrefab,Agent,MoveState,Moving,Goal,11.00,0.00,11.00,3.69,0.00,3.69,4.20,0.00,4.20,AStar,
590,3.64,AgentPrefab,Agent,MoveState,Moving,Goal,11.00,0.00,11.00,3.69,0.00,3.69,4.20,0.00,4.20,AStar,
591,3.65,AgentPrefab,Agent,MoveState,Moving,Goal,11.00,0.00,11.00,3.70,0.00,3.70,4.20,0.00,4.20,AStar,
592,3.65,AgentPrefab,Agent,MoveState,Moving,Goal,11.00,0.00,11.00,3.71,0.00,3.71,4.20,0.00,4.20,AStar,
593,3.66,AgentPrefab,Agent,MoveState,Moving,Goal,11.00,0.00,11.00,3.72,0.00,3.72,4.20,0.00,4.20,AStar,
594,3.67,AgentPrefab,Agent,MoveState,Moving,Goal,11.00,0.00,11.00,3.73,0.00,3.73,4.20,0.00,4.20,AStar,
595,3.67,AgentPrefab,Agent,MoveState,Moving,Goal,11.00,0.00,11.00,3.74,0.00,3.74,4.20,0.00,4.20,AStar,
596,3.68,AgentPrefab,Agent,MoveState,Moving,Goal,11.00,0.00,11.00,3.75,0.00,3.75,4.20,0.00,4.20,AStar,
597,3.68,AgentPrefab,Agent,MoveState,Moving,Goal,11.00,0.00,11.00,3.75,0.00,3.75,4.20,0.00,4.20,AStar,
598,3.69,AgentPrefab,Agent,MoveState,Moving,Goal,11.00,0.00,11.00,3.76,0.00,3.76,4.20,0.00,4.20,AStar,
599,3.70,AgentPrefab,Agent,MoveState,Moving,Goal,11.00,0.00,11.00,3.77,0.00,3.77,4.20,0.00,4.20,AStar,
600,3.70,AgentPrefab,Agent,MoveState,Moving,Goal,11.00,0.00,11.00,3.78,0.00,3.78,4.20,0.00,4.20,AStar,
601,3.71,AgentPrefab,Agent,MoveState,Moving,Goal,11.00,0.00,11.00,3.79,0.00,3.79,4.20,0.00,4.20,AStar,
602,3.71,AgentPrefab,Agent,MoveState,Moving,Goal,11.00,0.00,11.00,3.80,0.00,3.80,4.20,0.00,4.20,AStar,
603,3.72,AgentPrefab,Agent,MoveState,Moving,Goal,11.00,0.00,11.00,3.81,0.00,3.81,4.20,0.00,4.20,AStar,
604,3.73,AgentPrefab,Agent,MoveState,Moving,Goal,11.00,0.00,11.00,3.82,0.00,3.82,4.20,0.00,4.20,AStar,
605,3.73,AgentPrefab,Agent,MoveState,Moving,Goal,11.00,0.00,11.00,3.82,0.00,3.82,4.20,0.00,4.20,AStar,
606,3.74,AgentPrefab,Agent,MoveState,Moving,Goal,11.00,0.00,11.00,3.83,0.00,3.83,4.20,0.00,4.20,AStar,
607,3.75,AgentPrefab,Agent,MoveState,Moving,Goal,11.00,0.00,11.00,3.84,0.00,3.84,4.20,0.00,4.20,AStar,
608,3.75,AgentPrefab,Agent,MoveState,Moving,Goal,11.00,0.00,11.00,3.85,0.00,3.85,4.20,0.00,4.20,AStar,
609,3.76,AgentPrefab,Agent,MoveState,Moving,Goal,11.00,0.00,11.00,3.86,0.00,3.86,4.20,0.00,4.20,AStar,
610,3.76,AgentPrefab,Agent,MoveState,Moving,Goal,11.00,0.00,11.00,3.87,0.00,3.87,4.20,0.00,4.20,AStar,
611,3.77,AgentPrefab,Agent,MoveState,Moving,Goal,11.00,0.00,11.00,3.88,0.00,3.88,4.20,0.00,4.20,AStar,
612,3.78,AgentPrefab,Agent,MoveState,Moving,Goal,11.00,0.00,11.00,3.88,0.00,3.88,4.20,0.00,4.20,AStar,
613,3.78,AgentPrefab,Agent,MoveState,Moving,Goal,11.00,0.00,11.00,3.89,0.00,3.89,4.20,0.00,4.20,AStar,
614,3.79,AgentPrefab,Agent,MoveState,Moving,Goal,11.00,0.00,11.00,3.90,0.00,3.90,4.20,0.00,4.20,AStar,
615,3.79,AgentPrefab,Agent,MoveState,Moving,Goal,11.00,0.00,11.00,3.91,0.00,3.91,4.20,0.00,4.20,AStar,
616,3.80,AgentPrefab,Agent,MoveState,Moving,Goal,11.00,0.00,11.00,3.92,0.00,3.92,4.20,0.00,4.20,AStar,
617,3.81,AgentPrefab,Agent,MoveState,Moving,Goal,11.00,0.00,11.00,3.93,0.00,3.93,4.20,0.00,4.20,AStar,
618,3.81,AgentPrefab,Agent,MoveState,Moving,Goal,11.00,0.00,11.00,3.94,0.00,3.94,4.20,0.00,4.20,AStar,
619,3.82,AgentPrefab,Agent,MoveState,Moving,Goal,11.00,0.00,11.00,3.95,0.00,3.95,4.20,0.00,4.20,AStar,
620,3.82,AgentPrefab,Agent,MoveState,Moving,Goal,11.00,0.00,11.00,3.95,0.00,3.95,4.20,0.00,4.20,AStar,
621,3.83,AgentPrefab,Agent,MoveState,Moving,Goal,11.00,0.00,11.00,3.96,0.00,3.96,4.20,0.00,4.20,AStar,
622,3.84,AgentPrefab,Agent,MoveState,Moving,Goal,11.00,0.00,11.00,3.97,0.00,3.97,4.20,0.00,4.20,AStar,
623,3.84,AgentPrefab,Agent,MoveState,Moving,Goal,11.00,0.00,11.00,3.98,0.00,3.98,4.20,0.00,4.20,AStar,
624,3.85,AgentPrefab,Agent,MoveState,Moving,Goal,11.00,0.00,11.00,3.99,0.00,3.99,4.20,0.00,4.20,AStar,
625,3.85,AgentPrefab,Agent,MoveState,Moving,Goal,11.00,0.00,11.00,4.00,0.00,4.00,4.20,0.00,4.20,AStar,
626,3.86,AgentPrefab,Agent,MoveState,Moving,Goal,11.00,0.00,11.00,4.01,0.00,4.01,4.20,0.00,4.20,AStar,
627,3.87,AgentPrefab,Agent,MoveState,Moving,Goal,11.00,0.00,11.00,4.01,0.00,4.01,4.20,0.00,4.20,AStar,
628,3.87,AgentPrefab,Agent,MoveState,Moving,Goal,11.00,0.00,11.00,4.02,0.00,4.02,4.20,0.00,4.20,AStar,
629,3.88,AgentPrefab,Agent,MoveState,Moving,Goal,11.00,0.00,11.00,4.03,0.00,4.03,4.20,0.00,4.20,AStar,
630,3.89,AgentPrefab,Agent,MoveState,Moving,Goal,11.00,0.00,11.00,4.04,0.00,4.04,4.20,0.00,4.20,AStar,
631,3.89,AgentPrefab,Agent,MoveState,Moving,Goal,11.00,0.00,11.00,4.05,0.00,4.05,4.20,0.00,4.20,AStar,
632,3.90,AgentPrefab,Agent,MoveState,Moving,Goal,11.00,0.00,11.00,4.06,0.00,4.06,4.20,0.00,4.20,AStar,
633,3.90,AgentPrefab,Agent,MoveState,Moving,Goal,11.00,0.00,11.00,4.07,0.00,4.07,4.20,0.00,4.20,AStar,
634,3.91,AgentPrefab,Agent,MoveState,Moving,Goal,11.00,0.00,11.00,4.07,0.00,4.07,4.20,0.00,4.20,AStar,
635,3.92,AgentPrefab,Agent,MoveState,Moving,Goal,11.00,0.00,11.00,4.08,0.00,4.08,4.20,0.00,4.20,AStar,
636,3.92,AgentPrefab,Agent,MoveState,Moving,Goal,11.00,0.00,11.00,4.09,0.00,4.09,4.20,0.00,4.20,AStar,
637,3.93,AgentPrefab,Agent,MoveState,Moving,Goal,11.00,0.00,11.00,4.10,0.00,4.10,4.20,0.00,4.20,AStar,
638,3.93,AgentPrefab,Agent,MoveState,Moving,Goal,11.00,0.00,11.00,4.11,0.00,4.11,4.20,0.00,4.20,AStar,
639,3.94,AgentPrefab,Agent,MoveState,Moving,Goal,11.00,0.00,11.00,4.12,0.00,4.12,4.20,0.00,4.20,AStar,
640,3.95,AgentPrefab,Agent,MoveState,Moving,Goal,11.00,0.00,11.00,4.13,0.00,4.13,4.20,0.00,4.20,AStar,
641,3.95,AgentPrefab,Agent,MoveState,Moving,Goal,11.00,0.00,11.00,4.14,0.00,4.14,4.20,0.00,4.20,AStar,
642,3.96,AgentPrefab,Agent,MoveState,Moving,Goal,11.00,0.00,11.00,4.14,0.00,4.14,4.20,0.00,4.20,AStar,
643,3.97,AgentPrefab,Agent,MoveState,Moving,Goal,11.00,0.00,11.00,4.15,0.00,4.15,4.20,0.00,4.20,AStar,
644,3.97,AgentPrefab,Agent,MoveState,Moving,Goal,11.00,0.00,11.00,4.16,0.00,4.16,4.20,0.00,4.20,AStar,
645,3.98,AgentPrefab,Agent,MoveState,Moving,Goal,11.00,0.00,11.00,4.20,0.00,4.20,4.90,0.00,4.90,AStar,
646,3.99,AgentPrefab,Agent,MoveState,Moving,Goal,11.00,0.00,11.00,4.21,0.00,4.21,4.90,0.00,4.90,AStar,
647,3.99,AgentPrefab,Agent,MoveState,Moving,Goal,11.00,0.00,11.00,4.22,0.00,4.22,4.90,0.00,4.90,AStar,
648,4.00,AgentPrefab,Agent,MoveState,Moving,Goal,11.00,0.00,11.00,4.23,0.00,4.23,4.90,0.00,4.90,AStar,
649,4.00,AgentPrefab,Agent,MoveState,Moving,Goal,11.00,0.00,11.00,4.24,0.00,4.24,4.90,0.00,4.90,AStar,
650,4.01,AgentPrefab,Agent,MoveState,Moving,Goal,11.00,0.00,11.00,4.25,0.00,4.25,4.90,0.00,4.90,AStar,
651,4.02,AgentPrefab,Agent,MoveState,Moving,Goal,11.00,0.00,11.00,4.25,0.00,4.25,4.90,0.00,4.90,AStar,
652,4.02,AgentPrefab,Agent,MoveState,Moving,Goal,11.00,0.00,11.00,4.26,0.00,4.26,4.90,0.00,4.90,AStar,
653,4.03,AgentPrefab,Agent,MoveState,Moving,Goal,11.00,0.00,11.00,4.27,0.00,4.27,4.90,0.00,4.90,AStar,
654,4.03,AgentPrefab,Agent,MoveState,Moving,Goal,11.00,0.00,11.00,4.28,0.00,4.28,4.90,0.00,4.90,AStar,
655,4.04,AgentPrefab,Agent,MoveState,Moving,Goal,11.00,0.00,11.00,4.29,0.00,4.29,4.90,0.00,4.90,AStar,
656,4.05,AgentPrefab,Agent,MoveState,Moving,Goal,11.00,0.00,11.00,4.30,0.00,4.30,4.90,0.00,4.90,AStar,
657,4.06,AgentPrefab,Agent,MoveState,Moving,Goal,11.00,0.00,11.00,4.32,0.00,4.32,4.90,0.00,4.90,AStar,
658,4.08,AgentPrefab,Agent,MoveState,Moving,Goal,11.00,0.00,11.00,4.33,0.00,4.33,4.90,0.00,4.90,AStar,
659,4.08,AgentPrefab,Agent,MoveState,Moving,Goal,11.00,0.00,11.00,4.35,0.00,4.35,4.90,0.00,4.90,AStar,
660,4.09,AgentPrefab,Agent,MoveState,Moving,Goal,11.00,0.00,11.00,4.36,0.00,4.36,4.90,0.00,4.90,AStar,
661,4.10,AgentPrefab,Agent,MoveState,Moving,Goal,11.00,0.00,11.00,4.37,0.00,4.37,4.90,0.00,4.90,AStar,
662,4.10,AgentPrefab,Agent,MoveState,Moving,Goal,11.00,0.00,11.00,4.38,0.00,4.38,4.90,0.00,4.90,AStar,
663,4.11,AgentPrefab,Agent,MoveState,Moving,Goal,11.00,0.00,11.00,4.39,0.00,4.39,4.90,0.00,4.90,AStar,
664,4.12,AgentPrefab,Agent,MoveState,Moving,Goal,11.00,0.00,11.00,4.40,0.00,4.40,4.90,0.00,4.90,AStar,
665,4.12,AgentPrefab,Agent,MoveState,Moving,Goal,11.00,0.00,11.00,4.40,0.00,4.40,4.90,0.00,4.90,AStar,
666,4.13,AgentPrefab,Agent,MoveState,Moving,Goal,11.00,0.00,11.00,4.41,0.00,4.41,4.90,0.00,4.90,AStar,
667,4.13,AgentPrefab,Agent,MoveState,Moving,Goal,11.00,0.00,11.00,4.42,0.00,4.42,4.90,0.00,4.90,AStar,
668,4.14,AgentPrefab,Agent,MoveState,Moving,Goal,11.00,0.00,11.00,4.43,0.00,4.43,4.90,0.00,4.90,AStar,
669,4.15,AgentPrefab,Agent,MoveState,Moving,Goal,11.00,0.00,11.00,4.44,0.00,4.44,4.90,0.00,4.90,AStar,
670,4.15,AgentPrefab,Agent,MoveState,Moving,Goal,11.00,0.00,11.00,4.45,0.00,4.45,4.90,0.00,4.90,AStar,
671,4.16,AgentPrefab,Agent,MoveState,Moving,Goal,11.00,0.00,11.00,4.46,0.00,4.46,4.90,0.00,4.90,AStar,
672,4.16,AgentPrefab,Agent,MoveState,Moving,Goal,11.00,0.00,11.00,4.46,0.00,4.46,4.90,0.00,4.90,AStar,
673,4.17,AgentPrefab,Agent,MoveState,Moving,Goal,11.00,0.00,11.00,4.47,0.00,4.47,4.90,0.00,4.90,AStar,
674,4.18,AgentPrefab,Agent,MoveState,Moving,Goal,11.00,0.00,11.00,4.48,0.00,4.48,4.90,0.00,4.90,AStar,
675,4.18,AgentPrefab,Agent,MoveState,Moving,Goal,11.00,0.00,11.00,4.49,0.00,4.49,4.90,0.00,4.90,AStar,
676,4.19,AgentPrefab,Agent,MoveState,Moving,Goal,11.00,0.00,11.00,4.50,0.00,4.50,4.90,0.00,4.90,AStar,
677,4.19,AgentPrefab,Agent,MoveState,Moving,Goal,11.00,0.00,11.00,4.51,0.00,4.51,4.90,0.00,4.90,AStar,
678,4.20,AgentPrefab,Agent,MoveState,Moving,Goal,11.00,0.00,11.00,4.52,0.00,4.52,4.90,0.00,4.90,AStar,
679,4.21,AgentPrefab,Agent,MoveState,Moving,Goal,11.00,0.00,11.00,4.53,0.00,4.53,4.90,0.00,4.90,AStar,
680,4.21,AgentPrefab,Agent,MoveState,Moving,Goal,11.00,0.00,11.00,4.53,0.00,4.53,4.90,0.00,4.90,AStar,
681,4.22,AgentPrefab,Agent,MoveState,Moving,Goal,11.00,0.00,11.00,4.54,0.00,4.54,4.90,0.00,4.90,AStar,
682,4.23,AgentPrefab,Agent,MoveState,Moving,Goal,11.00,0.00,11.00,4.55,0.00,4.55,4.90,0.00,4.90,AStar,
683,4.23,AgentPrefab,Agent,MoveState,Moving,Goal,11.00,0.00,11.00,4.56,0.00,4.56,4.90,0.00,4.90,AStar,
684,4.24,AgentPrefab,Agent,MoveState,Moving,Goal,11.00,0.00,11.00,4.57,0.00,4.57,4.90,0.00,4.90,AStar,
685,4.24,AgentPrefab,Agent,MoveState,Moving,Goal,11.00,0.00,11.00,4.58,0.00,4.58,4.90,0.00,4.90,AStar,
686,4.25,AgentPrefab,Agent,MoveState,Moving,Goal,11.00,0.00,11.00,4.59,0.00,4.59,4.90,0.00,4.90,AStar,
687,4.26,AgentPrefab,Agent,MoveState,Moving,Goal,11.00,0.00,11.00,4.60,0.00,4.60,4.90,0.00,4.90,AStar,
688,4.26,AgentPrefab,Agent,MoveState,Moving,Goal,11.00,0.00,11.00,4.60,0.00,4.60,4.90,0.00,4.90,AStar,
689,4.27,AgentPrefab,Agent,MoveState,Moving,Goal,11.00,0.00,11.00,4.61,0.00,4.61,4.90,0.00,4.90,AStar,
690,4.27,AgentPrefab,Agent,MoveState,Moving,Goal,11.00,0.00,11.00,4.62,0.00,4.62,4.90,0.00,4.90,AStar,
691,4.28,AgentPrefab,Agent,MoveState,Moving,Goal,11.00,0.00,11.00,4.63,0.00,4.63,4.90,0.00,4.90,AStar,
692,4.29,AgentPrefab,Agent,MoveState,Moving,Goal,11.00,0.00,11.00,4.64,0.00,4.64,4.90,0.00,4.90,AStar,
693,4.29,AgentPrefab,Agent,MoveState,Moving,Goal,11.00,0.00,11.00,4.65,0.00,4.65,4.90,0.00,4.90,AStar,
694,4.30,AgentPrefab,Agent,MoveState,Moving,Goal,11.00,0.00,11.00,4.66,0.00,4.66,4.90,0.00,4.90,AStar,
695,4.31,AgentPrefab,Agent,MoveState,Moving,Goal,11.00,0.00,11.00,4.67,0.00,4.67,4.90,0.00,4.90,AStar,
696,4.32,AgentPrefab,Agent,MoveState,Moving,Goal,11.00,0.00,11.00,4.67,0.00,4.67,4.90,0.00,4.90,AStar,
697,4.32,AgentPrefab,Agent,MoveState,Moving,Goal,11.00,0.00,11.00,4.69,0.00,4.69,4.90,0.00,4.90,AStar,
698,4.33,AgentPrefab,Agent,MoveState,Moving,Goal,11.00,0.00,11.00,4.70,0.00,4.70,4.90,0.00,4.90,AStar,
699,4.34,AgentPrefab,Agent,MoveState,Moving,Goal,11.00,0.00,11.00,4.71,0.00,4.71,4.90,0.00,4.90,AStar,
700,4.34,AgentPrefab,Agent,MoveState,Moving,Goal,11.00,0.00,11.00,4.72,0.00,4.72,4.90,0.00,4.90,AStar,
701,4.35,AgentPrefab,Agent,MoveState,Moving,Goal,11.00,0.00,11.00,4.73,0.00,4.73,4.90,0.00,4.90,AStar,
702,4.36,AgentPrefab,Agent,MoveState,Moving,Goal,11.00,0.00,11.00,4.73,0.00,4.73,4.90,0.00,4.90,AStar,
703,4.36,AgentPrefab,Agent,MoveState,Moving,Goal,11.00,0.00,11.00,4.74,0.00,4.74,4.90,0.00,4.90,AStar,
704,4.37,AgentPrefab,Agent,MoveState,Moving,Goal,11.00,0.00,11.00,4.75,0.00,4.75,4.90,0.00,4.90,AStar,
705,4.37,AgentPrefab,Agent,MoveState,Moving,Goal,11.00,0.00,11.00,4.76,0.00,4.76,4.90,0.00,4.90,AStar,
706,4.38,AgentPrefab,Agent,MoveState,Moving,Goal,11.00,0.00,11.00,4.77,0.00,4.77,4.90,0.00,4.90,AStar,
707,4.39,AgentPrefab,Agent,MoveState,Moving,Goal,11.00,0.00,11.00,4.78,0.00,4.78,4.90,0.00,4.90,AStar,
708,4.39,AgentPrefab,Agent,MoveState,Moving,Goal,11.00,0.00,11.00,4.79,0.00,4.79,4.90,0.00,4.90,AStar,
709,4.40,AgentPrefab,Agent,MoveState,Moving,Goal,11.00,0.00,11.00,4.80,0.00,4.80,4.90,0.00,4.90,AStar,
710,4.40,AgentPrefab,Agent,MoveState,Moving,Goal,11.00,0.00,11.00,4.80,0.00,4.80,4.90,0.00,4.90,AStar,
711,4.41,AgentPrefab,Agent,MoveState,Moving,Goal,11.00,0.00,11.00,4.81,0.00,4.81,4.90,0.00,4.90,AStar,
712,4.42,AgentPrefab,Agent,MoveState,Moving,Goal,11.00,0.00,11.00,4.82,0.00,4.82,4.90,0.00,4.90,AStar,
713,4.42,AgentPrefab,Agent,MoveState,Moving,Goal,11.00,0.00,11.00,4.83,0.00,4.83,4.90,0.00,4.90,AStar,
714,4.43,AgentPrefab,Agent,MoveState,Moving,Goal,11.00,0.00,11.00,4.84,0.00,4.84,4.90,0.00,4.90,AStar,
715,4.44,AgentPrefab,Agent,MoveState,Moving,Goal,11.00,0.00,11.00,4.85,0.00,4.85,4.90,0.00,4.90,AStar,
716,4.44,AgentPrefab,Agent,MoveState,Moving,Goal,11.00,0.00,11.00,4.86,0.00,4.86,4.90,0.00,4.90,AStar,
717,4.45,AgentPrefab,Agent,MoveState,Moving,Goal,11.00,0.00,11.00,4.90,0.00,4.90,5.60,0.00,5.60,AStar,
718,4.45,AgentPrefab,Agent,MoveState,Moving,Goal,11.00,0.00,11.00,4.91,0.00,4.91,5.60,0.00,5.60,AStar,
719,4.46,AgentPrefab,Agent,MoveState,Moving,Goal,11.00,0.00,11.00,4.92,0.00,4.92,5.60,0.00,5.60,AStar,
720,4.47,AgentPrefab,Agent,MoveState,Moving,Goal,11.00,0.00,11.00,4.93,0.00,4.93,5.60,0.00,5.60,AStar,
721,4.47,AgentPrefab,Agent,MoveState,Moving,Goal,11.00,0.00,11.00,4.94,0.00,4.94,5.60,0.00,5.60,AStar,
722,4.48,AgentPrefab,Agent,MoveState,Moving,Goal,11.00,0.00,11.00,4.95,0.00,4.95,5.60,0.00,5.60,AStar,
723,4.49,AgentPrefab,Agent,MoveState,Moving,Goal,11.00,0.00,11.00,4.95,0.00,4.95,5.60,0.00,5.60,AStar,
724,4.49,AgentPrefab,Agent,MoveState,Moving,Goal,11.00,0.00,11.00,4.96,0.00,4.96,5.60,0.00,5.60,AStar,
725,4.50,AgentPrefab,Agent,MoveState,Moving,Goal,11.00,0.00,11.00,4.97,0.00,4.97,5.60,0.00,5.60,AStar,
726,4.50,AgentPrefab,Agent,MoveState,Moving,Goal,11.00,0.00,11.00,4.98,0.00,4.98,5.60,0.00,5.60,AStar,
727,4.51,AgentPrefab,Agent,MoveState,Moving,Goal,11.00,0.00,11.00,4.99,0.00,4.99,5.60,0.00,5.60,AStar,
728,4.52,AgentPrefab,Agent,MoveState,Moving,Goal,11.00,0.00,11.00,5.00,0.00,5.00,5.60,0.00,5.60,AStar,
729,4.52,AgentPrefab,Agent,MoveState,Moving,Goal,11.00,0.00,11.00,5.01,0.00,5.01,5.60,0.00,5.60,AStar,
730,4.53,AgentPrefab,Agent,MoveState,Moving,Goal,11.00,0.00,11.00,5.02,0.00,5.02,5.60,0.00,5.60,AStar,
731,4.54,AgentPrefab,Agent,MoveState,Moving,Goal,11.00,0.00,11.00,5.02,0.00,5.02,5.60,0.00,5.60,AStar,
732,4.54,AgentPrefab,Agent,MoveState,Moving,Goal,11.00,0.00,11.00,5.03,0.00,5.03,5.60,0.00,5.60,AStar,
733,4.55,AgentPrefab,Agent,MoveState,Moving,Goal,11.00,0.00,11.00,5.04,0.00,5.04,5.60,0.00,5.60,AStar,
734,4.55,AgentPrefab,Agent,MoveState,Moving,Goal,11.00,0.00,11.00,5.05,0.00,5.05,5.60,0.00,5.60,AStar,
735,4.56,AgentPrefab,Agent,MoveState,Moving,Goal,11.00,0.00,11.00,5.06,0.00,5.06,5.60,0.00,5.60,AStar,
736,4.57,AgentPrefab,Agent,MoveState,Moving,Goal,11.00,0.00,11.00,5.07,0.00,5.07,5.60,0.00,5.60,AStar,
737,4.57,AgentPrefab,Agent,MoveState,Moving,Goal,11.00,0.00,11.00,5.08,0.00,5.08,5.60,0.00,5.60,AStar,
738,4.58,AgentPrefab,Agent,MoveState,Moving,Goal,11.00,0.00,11.00,5.09,0.00,5.09,5.60,0.00,5.60,AStar,
739,4.59,AgentPrefab,Agent,MoveState,Moving,Goal,11.00,0.00,11.00,5.09,0.00,5.09,5.60,0.00,5.60,AStar,
740,4.59,AgentPrefab,Agent,MoveState,Moving,Goal,11.00,0.00,11.00,5.10,0.00,5.10,5.60,0.00,5.60,AStar,
741,4.60,AgentPrefab,Agent,MoveState,Moving,Goal,11.00,0.00,11.00,5.11,0.00,5.11,5.60,0.00,5.60,AStar,
742,4.61,AgentPrefab,Agent,MoveState,Moving,Goal,11.00,0.00,11.00,5.12,0.00,5.12,5.60,0.00,5.60,AStar,
743,4.61,AgentPrefab,Agent,MoveState,Moving,Goal,11.00,0.00,11.00,5.13,0.00,5.13,5.60,0.00,5.60,AStar,
744,4.62,AgentPrefab,Agent,MoveState,Moving,Goal,11.00,0.00,11.00,5.14,0.00,5.14,5.60,0.00,5.60,AStar,
745,4.62,AgentPrefab,Agent,MoveState,Moving,Goal,11.00,0.00,11.00,5.15,0.00,5.15,5.60,0.00,5.60,AStar,
746,4.63,AgentPrefab,Agent,MoveState,Moving,Goal,11.00,0.00,11.00,5.16,0.00,5.16,5.60,0.00,5.60,AStar,
747,4.64,AgentPrefab,Agent,MoveState,Moving,Goal,11.00,0.00,11.00,5.17,0.00,5.17,5.60,0.00,5.60,AStar,
748,4.64,AgentPrefab,Agent,MoveState,Moving,Goal,11.00,0.00,11.00,5.18,0.00,5.18,5.60,0.00,5.60,AStar,
749,4.65,AgentPrefab,Agent,MoveState,Moving,Goal,11.00,0.00,11.00,5.19,0.00,5.19,5.60,0.00,5.60,AStar,
750,4.66,AgentPrefab,Agent,MoveState,Moving,Goal,11.00,0.00,11.00,5.19,0.00,5.19,5.60,0.00,5.60,AStar,
751,4.66,AgentPrefab,Agent,MoveState,Moving,Goal,11.00,0.00,11.00,5.20,0.00,5.20,5.60,0.00,5.60,AStar,
752,4.67,AgentPrefab,Agent,MoveState,Moving,Goal,11.00,0.00,11.00,5.21,0.00,5.21,5.60,0.00,5.60,AStar,
753,4.67,AgentPrefab,Agent,MoveState,Moving,Goal,11.00,0.00,11.00,5.22,0.00,5.22,5.60,0.00,5.60,AStar,
754,4.68,AgentPrefab,Agent,MoveState,Moving,Goal,11.00,0.00,11.00,5.23,0.00,5.23,5.60,0.00,5.60,AStar,
755,4.69,AgentPrefab,Agent,MoveState,Moving,Goal,11.00,0.00,11.00,5.24,0.00,5.24,5.60,0.00,5.60,AStar,
756,4.69,AgentPrefab,Agent,MoveState,Moving,Goal,11.00,0.00,11.00,5.25,0.00,5.25,5.60,0.00,5.60,AStar,
757,4.70,AgentPrefab,Agent,MoveState,Moving,Goal,11.00,0.00,11.00,5.25,0.00,5.25,5.60,0.00,5.60,AStar,
758,4.71,AgentPrefab,Agent,MoveState,Moving,Goal,11.00,0.00,11.00,5.26,0.00,5.26,5.60,0.00,5.60,AStar,
759,4.71,AgentPrefab,Agent,MoveState,Moving,Goal,11.00,0.00,11.00,5.27,0.00,5.27,5.60,0.00,5.60,AStar,
760,4.72,AgentPrefab,Agent,MoveState,Moving,Goal,11.00,0.00,11.00,5.28,0.00,5.28,5.60,0.00,5.60,AStar,
761,4.72,AgentPrefab,Agent,MoveState,Moving,Goal,11.00,0.00,11.00,5.29,0.00,5.29,5.60,0.00,5.60,AStar,
762,4.73,AgentPrefab,Agent,MoveState,Moving,Goal,11.00,0.00,11.00,5.30,0.00,5.30,5.60,0.00,5.60,AStar,
763,4.74,AgentPrefab,Agent,MoveState,Moving,Goal,11.00,0.00,11.00,5.31,0.00,5.31,5.60,0.00,5.60,AStar,
764,4.74,AgentPrefab,Agent,MoveState,Moving,Goal,11.00,0.00,11.00,5.32,0.00,5.32,5.60,0.00,5.60,AStar,
765,4.75,AgentPrefab,Agent,MoveState,Moving,Goal,11.00,0.00,11.00,5.33,0.00,5.33,5.60,0.00,5.60,AStar,
766,4.75,AgentPrefab,Agent,MoveState,Moving,Goal,11.00,0.00,11.00,5.33,0.00,5.33,5.60,0.00,5.60,AStar,
767,4.76,AgentPrefab,Agent,MoveState,Moving,Goal,11.00,0.00,11.00,5.34,0.00,5.34,5.60,0.00,5.60,AStar,
768,4.77,AgentPrefab,Agent,MoveState,Moving,Goal,11.00,0.00,11.00,5.35,0.00,5.35,5.60,0.00,5.60,AStar,
769,4.77,AgentPrefab,Agent,MoveState,Moving,Goal,11.00,0.00,11.00,5.36,0.00,5.36,5.60,0.00,5.60,AStar,
770,4.78,AgentPrefab,Agent,MoveState,Moving,Goal,11.00,0.00,11.00,5.37,0.00,5.37,5.60,0.00,5.60,AStar,
771,4.79,AgentPrefab,Agent,MoveState,Moving,Goal,11.00,0.00,11.00,5.38,0.00,5.38,5.60,0.00,5.60,AStar,
772,4.79,AgentPrefab,Agent,MoveState,Moving,Goal,11.00,0.00,11.00,5.39,0.00,5.39,5.60,0.00,5.60,AStar,
773,4.80,AgentPrefab,Agent,MoveState,Moving,Goal,11.00,0.00,11.00,5.39,0.00,5.39,5.60,0.00,5.60,AStar,
774,4.80,AgentPrefab,Agent,MoveState,Moving,Goal,11.00,0.00,11.00,5.40,0.00,5.40,5.60,0.00,5.60,AStar,
775,4.81,AgentPrefab,Agent,MoveState,Moving,Goal,11.00,0.00,11.00,5.41,0.00,5.41,5.60,0.00,5.60,AStar,
776,4.82,AgentPrefab,Agent,MoveState,Moving,Goal,11.00,0.00,11.00,5.42,0.00,5.42,5.60,0.00,5.60,AStar,
777,4.82,AgentPrefab,Agent,MoveState,Moving,Goal,11.00,0.00,11.00,5.43,0.00,5.43,5.60,0.00,5.60,AStar,
778,4.83,AgentPrefab,Agent,MoveState,Moving,Goal,11.00,0.00,11.00,5.44,0.00,5.44,5.60,0.00,5.60,AStar,
779,4.83,AgentPrefab,Agent,MoveState,Moving,Goal,11.00,0.00,11.00,5.45,0.00,5.45,5.60,0.00,5.60,AStar,
780,4.84,AgentPrefab,Agent,MoveState,Moving,Goal,11.00,0.00,11.00,5.46,0.00,5.46,5.60,0.00,5.60,AStar,
781,4.85,AgentPrefab,Agent,MoveState,Moving,Goal,11.00,0.00,11.00,5.46,0.00,5.46,5.60,0.00,5.60,AStar,
782,4.85,AgentPrefab,Agent,MoveState,Moving,Goal,11.00,0.00,11.00,5.47,0.00,5.47,5.60,0.00,5.60,AStar,
783,4.86,AgentPrefab,Agent,MoveState,Moving,Goal,11.00,0.00,11.00,5.48,0.00,5.48,5.60,0.00,5.60,AStar,
784,4.86,AgentPrefab,Agent,MoveState,Moving,Goal,11.00,0.00,11.00,5.49,0.00,5.49,5.60,0.00,5.60,AStar,
785,4.87,AgentPrefab,Agent,MoveState,Moving,Goal,11.00,0.00,11.00,5.50,0.00,5.50,5.60,0.00,5.60,AStar,
786,4.88,AgentPrefab,Agent,MoveState,Moving,Goal,11.00,0.00,11.00,5.51,0.00,5.51,5.60,0.00,5.60,AStar,
787,4.88,AgentPrefab,Agent,MoveState,Moving,Goal,11.00,0.00,11.00,5.52,0.00,5.52,5.60,0.00,5.60,AStar,
788,4.89,AgentPrefab,Agent,MoveState,Moving,Goal,11.00,0.00,11.00,5.52,0.00,5.52,5.60,0.00,5.60,AStar,
789,4.90,AgentPrefab,Agent,MoveState,Moving,Goal,11.00,0.00,11.00,5.53,0.00,5.53,5.60,0.00,5.60,AStar,
790,4.90,AgentPrefab,Agent,MoveState,Moving,Goal,11.00,0.00,11.00,5.54,0.00,5.54,5.60,0.00,5.60,AStar,
791,4.91,AgentPrefab,Agent,MoveState,Moving,Goal,11.00,0.00,11.00,5.55,0.00,5.55,5.60,0.00,5.60,AStar,
792,4.91,AgentPrefab,Agent,MoveState,Moving,Goal,11.00,0.00,11.00,5.56,0.00,5.56,5.60,0.00,5.60,AStar,
793,4.92,AgentPrefab,Agent,MoveState,Moving,Goal,11.00,0.00,11.00,5.60,0.00,5.60,6.30,0.00,6.30,AStar,
794,4.93,AgentPrefab,Agent,MoveState,Moving,Goal,11.00,0.00,11.00,5.60,0.00,5.60,6.30,0.00,6.30,AStar,
795,4.93,AgentPrefab,Agent,MoveState,Moving,Goal,11.00,0.00,11.00,5.60,0.00,5.60,6.30,0.00,6.30,AStar,
796,4.94,AgentPrefab,Agent,MoveState,Moving,Goal,11.00,0.00,11.00,5.60,0.00,5.60,6.30,0.00,6.30,AStar,
797,4.94,AgentPrefab,Agent,MoveState,Moving,Goal,11.00,0.00,11.00,5.60,0.00,5.60,6.30,0.00,6.30,AStar,
798,4.95,AgentPrefab,Agent,MoveState,Moving,Goal,11.00,0.00,11.00,5.60,0.00,5.60,6.30,0.00,6.30,AStar,
799,4.96,AgentPrefab,Agent,MoveState,Moving,Goal,11.00,0.00,11.00,5.60,0.00,5.60,6.30,0.00,6.30,AStar,
800,4.96,AgentPrefab,Agent,MoveState,Moving,Goal,11.00,0.00,11.00,5.60,0.00,5.60,6.30,0.00,6.30,AStar,
801,4.97,AgentPrefab,Agent,MoveState,Moving,Goal,11.00,0.00,11.00,5.60,0.00,5.60,6.30,0.00,6.30,AStar,
802,4.97,AgentPrefab,Agent,MoveState,Moving,Goal,11.00,0.00,11.00,5.60,0.00,5.60,6.30,0.00,6.30,AStar,
803,4.98,AgentPrefab,Agent,MoveState,Moving,Goal,11.00,0.00,11.00,5.60,0.00,5.60,6.30,0.00,6.30,AStar,
804,4.99,AgentPrefab,Agent,MoveState,Moving,Goal,11.00,0.00,11.00,5.60,0.00,5.60,6.30,0.00,6.30,AStar,
805,4.99,AgentPrefab,Agent,MoveState,Moving,Goal,11.00,0.00,11.00,5.60,0.00,5.60,6.30,0.00,6.30,AStar,
806,5.00,AgentPrefab,Agent,MoveState,Moving,Goal,11.00,0.00,11.00,5.60,0.00,5.60,6.30,0.00,6.30,AStar,
807,5.01,AgentPrefab,Agent,MoveState,Moving,Goal,11.00,0.00,11.00,5.60,0.00,5.60,6.30,0.00,6.30,AStar,
808,5.01,AgentPrefab,Agent,MoveState,Moving,Goal,11.00,0.00,11.00,5.60,0.00,5.60,6.30,0.00,6.30,AStar,
809,5.02,AgentPrefab,Agent,MoveState,Moving,Goal,11.00,0.00,11.00,5.60,0.00,5.60,6.30,0.00,6.30,AStar,
810,5.02,AgentPrefab,Agent,MoveState,Moving,Goal,11.00,0.00,11.00,5.60,0.00,5.60,6.30,0.00,6.30,AStar,
811,5.03,AgentPrefab,Agent,MoveState,Moving,Goal,11.00,0.00,11.00,5.60,0.00,5.60,6.30,0.00,6.30,AStar,
812,5.04,AgentPrefab,Agent,MoveState,Moving,Goal,11.00,0.00,11.00,5.60,0.00,5.60,6.30,0.00,6.30,AStar,
813,5.04,AgentPrefab,Agent,MoveState,Moving,Goal,11.00,0.00,11.00,5.60,0.00,5.60,6.30,0.00,6.30,AStar,
814,5.05,AgentPrefab,Agent,MoveState,Moving,Goal,11.00,0.00,11.00,5.60,0.00,5.60,6.30,0.00,6.30,AStar,
815,5.06,AgentPrefab,Agent,MoveState,Moving,Goal,11.00,0.00,11.00,5.60,0.00,5.60,6.30,0.00,6.30,AStar,
816,5.06,AgentPrefab,Agent,MoveState,Moving,Goal,11.00,0.00,11.00,5.60,0.00,5.60,6.30,0.00,6.30,AStar,
817,5.07,AgentPrefab,Agent,MoveState,Moving,Goal,11.00,0.00,11.00,5.60,0.00,5.60,6.30,0.00,6.30,AStar,
818,5.07,AgentPrefab,Agent,MoveState,Moving,Goal,11.00,0.00,11.00,5.60,0.00,5.60,6.30,0.00,6.30,AStar,
819,5.08,AgentPrefab,Agent,MoveState,Moving,Goal,11.00,0.00,11.00,5.60,0.00,5.60,6.30,0.00,6.30,AStar,
820,5.09,AgentPrefab,Agent,MoveState,Moving,Goal,11.00,0.00,11.00,5.60,0.00,5.60,6.30,0.00,6.30,AStar,
821,5.09,AgentPrefab,Agent,MoveState,Moving,Goal,11.00,0.00,11.00,5.60,0.00,5.60,6.30,0.00,6.30,AStar,
822,5.10,AgentPrefab,Agent,MoveState,Moving,Goal,11.00,0.00,11.00,5.60,0.00,5.60,6.30,0.00,6.30,AStar,
823,5.10,AgentPrefab,Agent,MoveState,Moving,Goal,11.00,0.00,11.00,5.60,0.00,5.60,6.30,0.00,6.30,AStar,
824,5.11,AgentPrefab,Agent,MoveState,Moving,Goal,11.00,0.00,11.00,5.60,0.00,5.60,6.30,0.00,6.30,AStar,
825,5.12,AgentPrefab,Agent,MoveState,Moving,Goal,11.00,0.00,11.00,5.60,0.00,5.60,6.30,0.00,6.30,AStar,
826,5.12,AgentPrefab,Agent,MoveState,Moving,Goal,11.00,0.00,11.00,5.60,0.00,5.60,6.30,0.00,6.30,AStar,
827,5.13,AgentPrefab,Agent,MoveState,Moving,Goal,11.00,0.00,11.00,5.60,0.00,5.60,6.30,0.00,6.30,AStar,
828,5.13,AgentPrefab,Agent,MoveState,Moving,Goal,11.00,0.00,11.00,5.60,0.00,5.60,6.30,0.00,6.30,AStar,
829,5.14,AgentPrefab,Agent,MoveState,Moving,Goal,11.00,0.00,11.00,5.60,0.00,5.60,6.30,0.00,6.30,AStar,
830,5.15,AgentPrefab,Agent,MoveState,Moving,Goal,11.00,0.00,11.00,5.60,0.00,5.60,6.30,0.00,6.30,AStar,
831,5.15,AgentPrefab,Agent,MoveState,Moving,Goal,11.00,0.00,11.00,5.60,0.00,5.60,6.30,0.00,6.30,AStar,
832,5.16,AgentPrefab,Agent,MoveState,Moving,Goal,11.00,0.00,11.00,5.60,0.00,5.60,6.30,0.00,6.30,AStar,
833,5.17,AgentPrefab,Agent,MoveState,Moving,Goal,11.00,0.00,11.00,5.60,0.00,5.60,6.30,0.00,6.30,AStar,
834,5.17,AgentPrefab,Agent,MoveState,Moving,Goal,11.00,0.00,11.00,5.60,0.00,5.60,6.30,0.00,6.30,AStar,
835,5.18,AgentPrefab,Agent,MoveState,Moving,Goal,11.00,0.00,11.00,5.60,0.00,5.60,6.30,0.00,6.30,AStar,
836,5.18,AgentPrefab,Agent,MoveState,Moving,Goal,11.00,0.00,11.00,5.60,0.00,5.60,6.30,0.00,6.30,AStar,
837,5.19,AgentPrefab,Agent,MoveState,Moving,Goal,11.00,0.00,11.00,5.60,0.00,5.60,6.30,0.00,6.30,AStar,
838,5.20,AgentPrefab,Agent,MoveState,Moving,Goal,11.00,0.00,11.00,5.60,0.00,5.60,6.30,0.00,6.30,AStar,
839,5.20,AgentPrefab,Agent,MoveState,Moving,Goal,11.00,0.00,11.00,5.60,0.00,5.60,6.30,0.00,6.30,AStar,
840,5.21,AgentPrefab,Agent,MoveState,Moving,Goal,11.00,0.00,11.00,5.60,0.00,5.60,6.30,0.00,6.30,AStar,
841,5.22,AgentPrefab,Agent,MoveState,Moving,Goal,11.00,0.00,11.00,5.60,0.00,5.60,6.30,0.00,6.30,AStar,
842,5.22,AgentPrefab,Agent,MoveState,Moving,Goal,11.00,0.00,11.00,5.60,0.00,5.60,6.30,0.00,6.30,AStar,
843,5.23,AgentPrefab,Agent,MoveState,Moving,Goal,11.00,0.00,11.00,5.60,0.00,5.60,6.30,0.00,6.30,AStar,
844,5.23,AgentPrefab,Agent,MoveState,Moving,Goal,11.00,0.00,11.00,5.60,0.00,5.60,6.30,0.00,6.30,AStar,
845,5.24,AgentPrefab,Agent,MoveState,Moving,Goal,11.00,0.00,11.00,5.60,0.00,5.60,6.30,0.00,6.30,AStar,
846,5.25,AgentPrefab,Agent,MoveState,Moving,Goal,11.00,0.00,11.00,5.60,0.00,5.60,6.30,0.00,6.30,AStar,
847,5.25,AgentPrefab,Agent,MoveState,Moving,Goal,11.00,0.00,11.00,5.60,0.00,5.60,6.30,0.00,6.30,AStar,
848,5.26,AgentPrefab,Agent,MoveState,Moving,Goal,11.00,0.00,11.00,5.60,0.00,5.60,6.30,0.00,6.30,AStar,
849,5.26,AgentPrefab,Agent,MoveState,Moving,Goal,11.00,0.00,11.00,5.60,0.00,5.60,6.30,0.00,6.30,AStar,
850,5.27,AgentPrefab,Agent,MoveState,Moving,Goal,11.00,0.00,11.00,5.60,0.00,5.60,6.30,0.00,6.30,AStar,
851,5.28,AgentPrefab,Agent,MoveState,Moving,Goal,11.00,0.00,11.00,5.60,0.00,5.60,6.30,0.00,6.30,AStar,
852,5.28,AgentPrefab,Agent,MoveState,Moving,Goal,11.00,0.00,11.00,5.60,0.00,5.60,6.30,0.00,6.30,AStar,
853,5.29,AgentPrefab,Agent,MoveState,Moving,Goal,11.00,0.00,11.00,5.60,0.00,5.60,6.30,0.00,6.30,AStar,
854,5.29,AgentPrefab,Agent,MoveState,Moving,Goal,11.00,0.00,11.00,5.60,0.00,5.60,6.30,0.00,6.30,AStar,
855,5.30,AgentPrefab,Agent,MoveState,Moving,Goal,11.00,0.00,11.00,5.60,0.00,5.60,6.30,0.00,6.30,AStar,
856,5.31,AgentPrefab,Agent,MoveState,Moving,Goal,11.00,0.00,11.00,5.60,0.00,5.60,6.30,0.00,6.30,AStar,
857,5.31,AgentPrefab,Agent,MoveState,Moving,Goal,11.00,0.00,11.00,5.60,0.00,5.60,6.30,0.00,6.30,AStar,
858,5.32,AgentPrefab,Agent,MoveState,Moving,Goal,11.00,0.00,11.00,5.60,0.00,5.60,6.30,0.00,6.30,AStar,
859,5.33,AgentPrefab,Agent,MoveState,Moving,Goal,11.00,0.00,11.00,5.60,0.00,5.60,6.30,0.00,6.30,AStar,
860,5.33,AgentPrefab,Agent,MoveState,Moving,Goal,11.00,0.00,11.00,5.60,0.00,5.60,6.30,0.00,6.30,AStar,
861,5.34,AgentPrefab,Agent,MoveState,Moving,Goal,11.00,0.00,11.00,5.60,0.00,5.60,6.30,0.00,6.30,AStar,
862,5.34,AgentPrefab,Agent,MoveState,Moving,Goal,11.00,0.00,11.00,5.60,0.00,5.60,6.30,0.00,6.30,AStar,
863,5.35,AgentPrefab,Agent,MoveState,Moving,Goal,11.00,0.00,11.00,5.60,0.00,5.60,6.30,0.00,6.30,AStar,
864,5.36,AgentPrefab,Agent,MoveState,Moving,Goal,11.00,0.00,11.00,5.60,0.00,5.60,6.30,0.00,6.30,AStar,
865,5.36,AgentPrefab,Agent,MoveState,Moving,Goal,11.00,0.00,11.00,5.60,0.00,5.60,6.30,0.00,6.30,AStar,
866,5.37,AgentPrefab,Agent,MoveState,Moving,Goal,11.00,0.00,11.00,5.60,0.00,5.60,6.30,0.00,6.30,AStar,
867,5.38,AgentPrefab,Agent,MoveState,Moving,Goal,11.00,0.00,11.00,5.60,0.00,5.60,6.30,0.00,6.30,AStar,
868,5.38,AgentPrefab,Agent,MoveState,Moving,Goal,11.00,0.00,11.00,5.60,0.00,5.60,6.30,0.00,6.30,AStar,
869,5.39,AgentPrefab,Agent,MoveState,Moving,Goal,11.00,0.00,11.00,5.60,0.00,5.60,6.30,0.00,6.30,AStar,
870,5.39,AgentPrefab,Agent,MoveState,Moving,Goal,11.00,0.00,11.00,5.60,0.00,5.60,6.30,0.00,6.30,AStar,
871,5.40,AgentPrefab,Agent,MoveState,Moving,Goal,11.00,0.00,11.00,5.60,0.00,5.60,6.30,0.00,6.30,AStar,
872,5.41,AgentPrefab,Agent,MoveState,Moving,Goal,11.00,0.00,11.00,5.60,0.00,5.60,6.30,0.00,6.30,AStar,
873,5.41,AgentPrefab,Agent,MoveState,Moving,Goal,11.00,0.00,11.00,5.60,0.00,5.60,6.30,0.00,6.30,AStar,
874,5.42,AgentPrefab,Agent,MoveState,Moving,Goal,11.00,0.00,11.00,5.60,0.00,5.60,6.30,0.00,6.30,AStar,
875,5.42,AgentPrefab,Agent,MoveState,Moving,Goal,11.00,0.00,11.00,5.60,0.00,5.60,6.30,0.00,6.30,AStar,
876,5.43,AgentPrefab,Agent,MoveState,Moving,Goal,11.00,0.00,11.00,5.60,0.00,5.60,6.30,0.00,6.30,AStar,
877,5.44,AgentPrefab,Agent,MoveState,Moving,Goal,11.00,0.00,11.00,5.60,0.00,5.60,6.30,0.00,6.30,AStar,
878,5.44,AgentPrefab,Agent,MoveState,Moving,Goal,11.00,0.00,11.00,5.60,0.00,5.60,6.30,0.00,6.30,AStar,
879,5.45,AgentPrefab,Agent,MoveState,Moving,Goal,11.00,0.00,11.00,5.60,0.00,5.60,6.30,0.00,6.30,AStar,
880,5.46,AgentPrefab,Agent,MoveState,Moving,Goal,11.00,0.00,11.00,5.60,0.00,5.60,6.30,0.00,6.30,AStar,
881,5.46,AgentPrefab,Agent,MoveState,Moving,Goal,11.00,0.00,11.00,5.60,0.00,5.60,6.30,0.00,6.30,AStar,
882,5.47,AgentPrefab,Agent,MoveState,Moving,Goal,11.00,0.00,11.00,5.60,0.00,5.60,6.30,0.00,6.30,AStar,
883,5.47,AgentPrefab,Agent,MoveState,Moving,Goal,11.00,0.00,11.00,5.60,0.00,5.60,6.30,0.00,6.30,AStar,
884,5.48,AgentPrefab,Agent,MoveState,Moving,Goal,11.00,0.00,11.00,5.60,0.00,5.60,6.30,0.00,6.30,AStar,
885,5.49,AgentPrefab,Agent,MoveState,Moving,Goal,11.00,0.00,11.00,5.60,0.00,5.60,6.30,0.00,6.30,AStar,
886,5.49,AgentPrefab,Agent,MoveState,Moving,Goal,11.00,0.00,11.00,5.60,0.00,5.60,6.30,0.00,6.30,AStar,
887,5.50,AgentPrefab,Agent,MoveState,Moving,Goal,11.00,0.00,11.00,5.60,0.00,5.60,6.30,0.00,6.30,AStar,
888,5.50,AgentPrefab,Agent,MoveState,Moving,Goal,11.00,0.00,11.00,5.60,0.00,5.60,6.30,0.00,6.30,AStar,
889,5.51,AgentPrefab,Agent,MoveState,Moving,Goal,11.00,0.00,11.00,5.60,0.00,5.60,6.30,0.00,6.30,AStar,
890,5.52,AgentPrefab,Agent,MoveState,Moving,Goal,11.00,0.00,11.00,5.60,0.00,5.60,6.30,0.00,6.30,AStar,
891,5.52,AgentPrefab,Agent,MoveState,Moving,Goal,11.00,0.00,11.00,5.60,0.00,5.60,6.30,0.00,6.30,AStar,
892,5.53,AgentPrefab,Agent,MoveState,Moving,Goal,11.00,0.00,11.00,5.60,0.00,5.60,6.30,0.00,6.30,AStar,
893,5.54,AgentPrefab,Agent,MoveState,Moving,Goal,11.00,0.00,11.00,5.60,0.00,5.60,6.30,0.00,6.30,AStar,
894,5.54,AgentPrefab,Agent,MoveState,Moving,Goal,11.00,0.00,11.00,5.60,0.00,5.60,6.30,0.00,6.30,AStar,
895,5.55,AgentPrefab,Agent,MoveState,Moving,Goal,11.00,0.00,11.00,5.60,0.00,5.60,6.30,0.00,6.30,AStar,
896,5.55,AgentPrefab,Agent,MoveState,Moving,Goal,11.00,0.00,11.00,5.60,0.00,5.60,6.30,0.00,6.30,AStar,
897,5.56,AgentPrefab,Agent,MoveState,Moving,Goal,11.00,0.00,11.00,5.60,0.00,5.60,6.30,0.00,6.30,AStar,
898,5.57,AgentPrefab,Agent,MoveState,Moving,Goal,11.00,0.00,11.00,5.60,0.00,5.60,6.30,0.00,6.30,AStar,
899,5.57,AgentPrefab,Agent,MoveState,Moving,Goal,11.00,0.00,11.00,5.60,0.00,5.60,6.30,0.00,6.30,AStar,
900,5.58,AgentPrefab,Agent,MoveState,Moving,Goal,11.00,0.00,11.00,5.60,0.00,5.60,6.30,0.00,6.30,AStar,
901,5.58,AgentPrefab,Agent,MoveState,Moving,Goal,11.00,0.00,11.00,5.60,0.00,5.60,6.30,0.00,6.30,AStar,
902,5.59,AgentPrefab,Agent,MoveState,Moving,Goal,11.00,0.00,11.00,5.60,0.00,5.60,6.30,0.00,6.30,AStar,
903,5.60,AgentPrefab,Agent,MoveState,Moving,Goal,11.00,0.00,11.00,5.60,0.00,5.60,6.30,0.00,6.30,AStar,
904,5.60,AgentPrefab,Agent,MoveState,Moving,Goal,11.00,0.00,11.00,5.60,0.00,5.60,6.30,0.00,6.30,AStar,
905,5.61,AgentPrefab,Agent,MoveState,Moving,Goal,11.00,0.00,11.00,5.60,0.00,5.60,6.30,0.00,6.30,AStar,
906,5.62,AgentPrefab,Agent,MoveState,Moving,Goal,11.00,0.00,11.00,5.60,0.00,5.60,6.30,0.00,6.30,AStar,
907,5.62,AgentPrefab,Agent,MoveState,Moving,Goal,11.00,0.00,11.00,5.60,0.00,5.60,6.30,0.00,6.30,AStar,
908,5.63,AgentPrefab,Agent,MoveState,Moving,Goal,11.00,0.00,11.00,5.60,0.00,5.60,6.30,0.00,6.30,AStar,
909,5.63,AgentPrefab,Agent,MoveState,Moving,Goal,11.00,0.00,11.00,5.60,0.00,5.60,6.30,0.00,6.30,AStar,
910,5.64,AgentPrefab,Agent,MoveState,Moving,Goal,11.00,0.00,11.00,5.60,0.00,5.60,6.30,0.00,6.30,AStar,
911,5.65,AgentPrefab,Agent,MoveState,Moving,Goal,11.00,0.00,11.00,5.60,0.00,5.60,6.30,0.00,6.30,AStar,
912,5.65,AgentPrefab,Agent,MoveState,Moving,Goal,11.00,0.00,11.00,5.60,0.00,5.60,6.30,0.00,6.30,AStar,
913,5.66,AgentPrefab,Agent,MoveState,Moving,Goal,11.00,0.00,11.00,5.60,0.00,5.60,6.30,0.00,6.30,AStar,
914,5.66,AgentPrefab,Agent,MoveState,Moving,Goal,11.00,0.00,11.00,5.60,0.00,5.60,6.30,0.00,6.30,AStar,
915,5.67,AgentPrefab,Agent,MoveState,Moving,Goal,11.00,0.00,11.00,5.60,0.00,5.60,6.30,0.00,6.30,AStar,
916,5.68,AgentPrefab,Agent,MoveState,Moving,Goal,11.00,0.00,11.00,5.60,0.00,5.60,6.30,0.00,6.30,AStar,
917,5.68,AgentPrefab,Agent,MoveState,Moving,Goal,11.00,0.00,11.00,5.60,0.00,5.60,6.30,0.00,6.30,AStar,
918,5.69,AgentPrefab,Agent,MoveState,Moving,Goal,11.00,0.00,11.00,5.60,0.00,5.60,6.30,0.00,6.30,AStar,
919,5.70,AgentPrefab,Agent,MoveState,Moving,Goal,11.00,0.00,11.00,5.60,0.00,5.60,6.30,0.00,6.30,AStar,
920,5.70,AgentPrefab,Agent,MoveState,Moving,Goal,11.00,0.00,11.00,5.60,0.00,5.60,6.30,0.00,6.30,AStar,
921,5.71,AgentPrefab,Agent,MoveState,Moving,Goal,11.00,0.00,11.00,5.60,0.00,5.60,6.30,0.00,6.30,AStar,
922,5.71,AgentPrefab,Agent,MoveState,Moving,Goal,11.00,0.00,11.00,5.60,0.00,5.60,6.30,0.00,6.30,AStar,
923,5.72,AgentPrefab,Agent,MoveState,Moving,Goal,11.00,0.00,11.00,5.60,0.00,5.60,6.30,0.00,6.30,AStar,
924,5.73,AgentPrefab,Agent,MoveState,Moving,Goal,11.00,0.00,11.00,5.60,0.00,5.60,6.30,0.00,6.30,AStar,
925,5.73,AgentPrefab,Agent,MoveState,Moving,Goal,11.00,0.00,11.00,5.60,0.00,5.60,6.30,0.00,6.30,AStar,
926,5.74,AgentPrefab,Agent,MoveState,Moving,Goal,11.00,0.00,11.00,5.60,0.00,5.60,6.30,0.00,6.30,AStar,
927,5.74,AgentPrefab,Agent,MoveState,Moving,Goal,11.00,0.00,11.00,5.60,0.00,5.60,6.30,0.00,6.30,AStar,
928,5.75,AgentPrefab,Agent,MoveState,Moving,Goal,11.00,0.00,11.00,5.60,0.00,5.60,6.30,0.00,6.30,AStar,
929,5.76,AgentPrefab,Agent,MoveState,Moving,Goal,11.00,0.00,11.00,5.60,0.00,5.60,6.30,0.00,6.30,AStar,
930,5.76,AgentPrefab,Agent,MoveState,Moving,Goal,11.00,0.00,11.00,5.60,0.00,5.60,6.30,0.00,6.30,AStar,
931,5.77,AgentPrefab,Agent,MoveState,Moving,Goal,11.00,0.00,11.00,5.60,0.00,5.60,6.30,0.00,6.30,AStar,
932,5.77,AgentPrefab,Agent,MoveState,Moving,Goal,11.00,0.00,11.00,5.60,0.00,5.60,6.30,0.00,6.30,AStar,
933,5.78,AgentPrefab,Agent,MoveState,Moving,Goal,11.00,0.00,11.00,5.60,0.00,5.60,6.30,0.00,6.30,AStar,
934,5.79,AgentPrefab,Agent,MoveState,Moving,Goal,11.00,0.00,11.00,5.60,0.00,5.60,6.30,0.00,6.30,AStar,
935,5.79,AgentPrefab,Agent,MoveState,Moving,Goal,11.00,0.00,11.00,5.60,0.00,5.60,6.30,0.00,6.30,AStar,
936,5.80,AgentPrefab,Agent,MoveState,Moving,Goal,11.00,0.00,11.00,5.60,0.00,5.60,6.30,0.00,6.30,AStar,
937,5.80,AgentPrefab,Agent,MoveState,Moving,Goal,11.00,0.00,11.00,5.60,0.00,5.60,6.30,0.00,6.30,AStar,
938,5.81,AgentPrefab,Agent,MoveState,Moving,Goal,11.00,0.00,11.00,5.60,0.00,5.60,6.30,0.00,6.30,AStar,
939,5.82,AgentPrefab,Agent,MoveState,Moving,Goal,11.00,0.00,11.00,5.60,0.00,5.60,6.30,0.00,6.30,AStar,
940,5.82,AgentPrefab,Agent,MoveState,Moving,Goal,11.00,0.00,11.00,5.60,0.00,5.60,6.30,0.00,6.30,AStar,
941,5.83,AgentPrefab,Agent,MoveState,Moving,Goal,11.00,0.00,11.00,5.60,0.00,5.60,6.30,0.00,6.30,AStar,
942,5.84,AgentPrefab,Agent,MoveState,Moving,Goal,11.00,0.00,11.00,5.60,0.00,5.60,6.30,0.00,6.30,AStar,
943,5.84,AgentPrefab,Agent,MoveState,Moving,Goal,11.00,0.00,11.00,5.60,0.00,5.60,6.30,0.00,6.30,AStar,
944,5.85,AgentPrefab,Agent,MoveState,Moving,Goal,11.00,0.00,11.00,5.60,0.00,5.60,6.30,0.00,6.30,AStar,
945,5.85,AgentPrefab,Agent,MoveState,Moving,Goal,11.00,0.00,11.00,5.60,0.00,5.60,6.30,0.00,6.30,AStar,
946,5.86,AgentPrefab,Agent,MoveState,Moving,Goal,11.00,0.00,11.00,5.60,0.00,5.60,6.30,0.00,6.30,AStar,
947,5.87,AgentPrefab,Agent,MoveState,Moving,Goal,11.00,0.00,11.00,5.60,0.00,5.60,6.30,0.00,6.30,AStar,
948,5.87,AgentPrefab,Agent,MoveState,Moving,Goal,11.00,0.00,11.00,5.60,0.00,5.60,6.30,0.00,6.30,AStar,
949,5.88,AgentPrefab,Agent,MoveState,Moving,Goal,11.00,0.00,11.00,5.60,0.00,5.60,6.30,0.00,6.30,AStar,
950,5.88,AgentPrefab,Agent,MoveState,Moving,Goal,11.00,0.00,11.00,5.60,0.00,5.60,6.30,0.00,6.30,AStar,
951,5.89,AgentPrefab,Agent,MoveState,Moving,Goal,11.00,0.00,11.00,5.60,0.00,5.60,6.30,0.00,6.30,AStar,
952,5.90,AgentPrefab,Agent,MoveState,Moving,Goal,11.00,0.00,11.00,5.60,0.00,5.60,6.30,0.00,6.30,AStar,
953,5.90,AgentPrefab,Agent,MoveState,Moving,Goal,11.00,0.00,11.00,5.60,0.00,5.60,6.30,0.00,6.30,AStar,
954,5.91,AgentPrefab,Agent,MoveState,Moving,Goal,11.00,0.00,11.00,5.60,0.00,5.60,6.30,0.00,6.30,AStar,
955,5.92,AgentPrefab,Agent,MoveState,Moving,Goal,11.00,0.00,11.00,5.60,0.00,5.60,6.30,0.00,6.30,AStar,
956,5.92,AgentPrefab,Agent,SearchState,Searching,Goal,11.00,0.00,11.00,5.60,0.00,5.60,6.30,0.00,6.30,AStar,
956,5.92,AgentPrefab,Agent,MoveState,Moving,Goal,11.00,0.00,11.00,5.60,0.00,5.60,6.30,0.00,6.30,AStar,
957,5.93,AgentPrefab,Agent,MoveState,Moving,Goal,11.00,0.00,11.00,5.60,0.00,5.60,6.30,0.00,6.30,AStar,
958,5.94,AgentPrefab,Agent,MoveState,Moving,Goal,11.00,0.00,11.00,5.60,0.00,5.60,6.30,0.00,6.30,AStar,
959,5.95,AgentPrefab,Agent,MoveState,Moving,Goal,11.00,0.00,11.00,5.60,0.00,5.60,6.30,0.00,6.30,AStar,
960,5.95,AgentPrefab,Agent,MoveState,Moving,Goal,11.00,0.00,11.00,5.60,0.00,5.60,6.30,0.00,6.30,AStar,
961,5.96,AgentPrefab,Agent,MoveState,Moving,Goal,11.00,0.00,11.00,5.60,0.00,5.60,6.30,0.00,6.30,AStar,
962,5.96,AgentPrefab,Agent,MoveState,Moving,Goal,11.00,0.00,11.00,5.60,0.00,5.60,6.30,0.00,6.30,AStar,
963,5.97,AgentPrefab,Agent,MoveState,Moving,Goal,11.00,0.00,11.00,5.60,0.00,5.60,6.30,0.00,6.30,AStar,
964,5.98,AgentPrefab,Agent,MoveState,Moving,Goal,11.00,0.00,11.00,5.60,0.00,5.60,6.30,0.00,6.30,AStar,
965,5.98,AgentPrefab,Agent,MoveState,Moving,Goal,11.00,0.00,11.00,5.60,0.00,5.60,6.30,0.00,6.30,AStar,
966,5.99,AgentPrefab,Agent,MoveState,Moving,Goal,11.00,0.00,11.00,5.60,0.00,5.60,6.30,0.00,6.30,AStar,
967,5.99,AgentPrefab,Agent,MoveState,Moving,Goal,11.00,0.00,11.00,5.61,0.00,5.61,6.30,0.00,6.30,AStar,
968,6.00,AgentPrefab,Agent,MoveState,Moving,Goal,11.00,0.00,11.00,5.62,0.00,5.62,6.30,0.00,6.30,AStar,
969,6.01,AgentPrefab,Agent,MoveState,Moving,Goal,11.00,0.00,11.00,5.63,0.00,5.63,6.30,0.00,6.30,AStar,
970,6.01,AgentPrefab,Agent,MoveState,Moving,Goal,11.00,0.00,11.00,5.63,0.00,5.63,6.30,0.00,6.30,AStar,
971,6.02,AgentPrefab,Agent,MoveState,Moving,Goal,11.00,0.00,11.00,5.64,0.00,5.64,6.30,0.00,6.30,AStar,
972,6.03,AgentPrefab,Agent,MoveState,Moving,Goal,11.00,0.00,11.00,5.65,0.00,5.65,6.30,0.00,6.30,AStar,
973,6.03,AgentPrefab,Agent,MoveState,Moving,Goal,11.00,0.00,11.00,5.66,0.00,5.66,6.30,0.00,6.30,AStar,
974,6.04,AgentPrefab,Agent,MoveState,Moving,Goal,11.00,0.00,11.00,5.67,0.00,5.67,6.30,0.00,6.30,AStar,
975,6.05,AgentPrefab,Agent,MoveState,Moving,Goal,11.00,0.00,11.00,5.68,0.00,5.68,6.30,0.00,6.30,AStar,
976,6.05,AgentPrefab,Agent,MoveState,Moving,Goal,11.00,0.00,11.00,5.69,0.00,5.69,6.30,0.00,6.30,AStar,
977,6.06,AgentPrefab,Agent,MoveState,Moving,Goal,11.00,0.00,11.00,5.70,0.00,5.70,6.30,0.00,6.30,AStar,
978,6.08,AgentPrefab,Agent,MoveState,Moving,Goal,11.00,0.00,11.00,5.71,0.00,5.71,6.30,0.00,6.30,AStar,
979,6.08,AgentPrefab,Agent,MoveState,Moving,Goal,11.00,0.00,11.00,5.74,0.00,5.74,6.30,0.00,6.30,AStar,
980,6.09,AgentPrefab,Agent,MoveState,Moving,Goal,11.00,0.00,11.00,5.74,0.00,5.74,6.30,0.00,6.30,AStar,
981,6.10,AgentPrefab,Agent,MoveState,Moving,Goal,11.00,0.00,11.00,5.75,0.00,5.75,6.30,0.00,6.30,AStar,
982,6.10,AgentPrefab,Agent,MoveState,Moving,Goal,11.00,0.00,11.00,5.76,0.00,5.76,6.30,0.00,6.30,AStar,
983,6.11,AgentPrefab,Agent,MoveState,Moving,Goal,11.00,0.00,11.00,5.77,0.00,5.77,6.30,0.00,6.30,AStar,
984,6.12,AgentPrefab,Agent,MoveState,Moving,Goal,11.00,0.00,11.00,5.78,0.00,5.78,6.30,0.00,6.30,AStar,
985,6.12,AgentPrefab,Agent,MoveState,Moving,Goal,11.00,0.00,11.00,5.79,0.00,5.79,6.30,0.00,6.30,AStar,
986,6.13,AgentPrefab,Agent,MoveState,Moving,Goal,11.00,0.00,11.00,5.80,0.00,5.80,6.30,0.00,6.30,AStar,
987,6.13,AgentPrefab,Agent,MoveState,Moving,Goal,11.00,0.00,11.00,5.81,0.00,5.81,6.30,0.00,6.30,AStar,
988,6.14,AgentPrefab,Agent,MoveState,Moving,Goal,11.00,0.00,11.00,5.81,0.00,5.81,6.30,0.00,6.30,AStar,
989,6.15,AgentPrefab,Agent,MoveState,Moving,Goal,11.00,0.00,11.00,5.82,0.00,5.82,6.30,0.00,6.30,AStar,
990,6.15,AgentPrefab,Agent,MoveState,Moving,Goal,11.00,0.00,11.00,5.83,0.00,5.83,6.30,0.00,6.30,AStar,
991,6.16,AgentPrefab,Agent,MoveState,Moving,Goal,11.00,0.00,11.00,5.84,0.00,5.84,6.30,0.00,6.30,AStar,
992,6.17,AgentPrefab,Agent,MoveState,Moving,Goal,11.00,0.00,11.00,5.85,0.00,5.85,6.30,0.00,6.30,AStar,
993,6.17,AgentPrefab,Agent,MoveState,Moving,Goal,11.00,0.00,11.00,5.86,0.00,5.86,6.30,0.00,6.30,AStar,
994,6.18,AgentPrefab,Agent,MoveState,Moving,Goal,11.00,0.00,11.00,5.87,0.00,5.87,6.30,0.00,6.30,AStar,
995,6.18,AgentPrefab,Agent,MoveState,Moving,Goal,11.00,0.00,11.00,5.87,0.00,5.87,6.30,0.00,6.30,AStar,
996,6.19,AgentPrefab,Agent,MoveState,Moving,Goal,11.00,0.00,11.00,5.88,0.00,5.88,6.30,0.00,6.30,AStar,
997,6.20,AgentPrefab,Agent,MoveState,Moving,Goal,11.00,0.00,11.00,5.89,0.00,5.89,6.30,0.00,6.30,AStar,
998,6.20,AgentPrefab,Agent,MoveState,Moving,Goal,11.00,0.00,11.00,5.90,0.00,5.90,6.30,0.00,6.30,AStar,
999,6.21,AgentPrefab,Agent,MoveState,Moving,Goal,11.00,0.00,11.00,5.91,0.00,5.91,6.30,0.00,6.30,AStar,
1000,6.21,AgentPrefab,Agent,MoveState,Moving,Goal,11.00,0.00,11.00,5.92,0.00,5.92,6.30,0.00,6.30,AStar,
1001,6.22,AgentPrefab,Agent,MoveState,Moving,Goal,11.00,0.00,11.00,5.93,0.00,5.93,6.30,0.00,6.30,AStar,
1002,6.23,AgentPrefab,Agent,MoveState,Moving,Goal,11.00,0.00,11.00,5.94,0.00,5.94,6.30,0.00,6.30,AStar,
1003,6.23,AgentPrefab,Agent,MoveState,Moving,Goal,11.00,0.00,11.00,5.94,0.00,5.94,6.30,0.00,6.30,AStar,
1004,6.24,AgentPrefab,Agent,MoveState,Moving,Goal,11.00,0.00,11.00,5.95,0.00,5.95,6.30,0.00,6.30,AStar,
1005,6.24,AgentPrefab,Agent,MoveState,Moving,Goal,11.00,0.00,11.00,5.96,0.00,5.96,6.30,0.00,6.30,AStar,
1006,6.25,AgentPrefab,Agent,MoveState,Moving,Goal,11.00,0.00,11.00,5.97,0.00,5.97,6.30,0.00,6.30,AStar,
1007,6.26,AgentPrefab,Agent,MoveState,Moving,Goal,11.00,0.00,11.00,5.98,0.00,5.98,6.30,0.00,6.30,AStar,
1008,6.26,AgentPrefab,Agent,MoveState,Moving,Goal,11.00,0.00,11.00,5.99,0.00,5.99,6.30,0.00,6.30,AStar,
1009,6.27,AgentPrefab,Agent,MoveState,Moving,Goal,11.00,0.00,11.00,6.00,0.00,6.00,6.30,0.00,6.30,AStar,
1010,6.28,AgentPrefab,Agent,MoveState,Moving,Goal,11.00,0.00,11.00,6.00,0.00,6.00,6.30,0.00,6.30,AStar,
1011,6.28,AgentPrefab,Agent,MoveState,Moving,Goal,11.00,0.00,11.00,6.01,0.00,6.01,6.30,0.00,6.30,AStar,
1012,6.29,AgentPrefab,Agent,MoveState,Moving,Goal,11.00,0.00,11.00,6.02,0.00,6.02,6.30,0.00,6.30,AStar,
1013,6.29,AgentPrefab,Agent,MoveState,Moving,Goal,11.00,0.00,11.00,6.03,0.00,6.03,6.30,0.00,6.30,AStar,
1014,6.30,AgentPrefab,Agent,MoveState,Moving,Goal,11.00,0.00,11.00,6.04,0.00,6.04,6.30,0.00,6.30,AStar,
1015,6.31,AgentPrefab,Agent,MoveState,Moving,Goal,11.00,0.00,11.00,6.05,0.00,6.05,6.30,0.00,6.30,AStar,
1016,6.32,AgentPrefab,Agent,MoveState,Moving,Goal,11.00,0.00,11.00,6.06,0.00,6.06,6.30,0.00,6.30,AStar,
1017,6.32,AgentPrefab,Agent,MoveState,Moving,Goal,11.00,0.00,11.00,6.07,0.00,6.07,6.30,0.00,6.30,AStar,
1018,6.33,AgentPrefab,Agent,MoveState,Moving,Goal,11.00,0.00,11.00,6.08,0.00,6.08,6.30,0.00,6.30,AStar,
1019,6.34,AgentPrefab,Agent,MoveState,Moving,Goal,11.00,0.00,11.00,6.09,0.00,6.09,6.30,0.00,6.30,AStar,
1020,6.34,AgentPrefab,Agent,MoveState,Moving,Goal,11.00,0.00,11.00,6.10,0.00,6.10,6.30,0.00,6.30,AStar,
1021,6.35,AgentPrefab,Agent,MoveState,Moving,Goal,11.00,0.00,11.00,6.11,0.00,6.11,6.30,0.00,6.30,AStar,
1022,6.36,AgentPrefab,Agent,MoveState,Moving,Goal,11.00,0.00,11.00,6.12,0.00,6.12,6.30,0.00,6.30,AStar,
1023,6.36,AgentPrefab,Agent,MoveState,Moving,Goal,11.00,0.00,11.00,6.13,0.00,6.13,6.30,0.00,6.30,AStar,
1024,6.37,AgentPrefab,Agent,MoveState,Moving,Goal,11.00,0.00,11.00,6.14,0.00,6.14,6.30,0.00,6.30,AStar,
1025,6.37,AgentPrefab,Agent,MoveState,Moving,Goal,11.00,0.00,11.00,6.14,0.00,6.14,6.30,0.00,6.30,AStar,
1026,6.38,AgentPrefab,Agent,MoveState,Moving,Goal,11.00,0.00,11.00,6.15,0.00,6.15,6.30,0.00,6.30,AStar,
1027,6.39,AgentPrefab,Agent,MoveState,Moving,Goal,11.00,0.00,11.00,6.16,0.00,6.16,6.30,0.00,6.30,AStar,
1028,6.39,AgentPrefab,Agent,MoveState,Moving,Goal,11.00,0.00,11.00,6.17,0.00,6.17,6.30,0.00,6.30,AStar,
1029,6.40,AgentPrefab,Agent,MoveState,Moving,Goal,11.00,0.00,11.00,6.18,0.00,6.18,6.30,0.00,6.30,AStar,
1030,6.40,AgentPrefab,Agent,MoveState,Moving,Goal,11.00,0.00,11.00,6.19,0.00,6.19,6.30,0.00,6.30,AStar,
1031,6.41,AgentPrefab,Agent,MoveState,Moving,Goal,11.00,0.00,11.00,6.20,0.00,6.20,6.30,0.00,6.30,AStar,
1032,6.42,AgentPrefab,Agent,MoveState,Moving,Goal,11.00,0.00,11.00,6.20,0.00,6.20,6.30,0.00,6.30,AStar,
1033,6.42,AgentPrefab,Agent,MoveState,Moving,Goal,11.00,0.00,11.00,6.21,0.00,6.21,6.30,0.00,6.30,AStar,
1034,6.43,AgentPrefab,Agent,MoveState,Moving,Goal,11.00,0.00,11.00,6.22,0.00,6.22,6.30,0.00,6.30,AStar,
1035,6.44,AgentPrefab,Agent,MoveState,Moving,Goal,11.00,0.00,11.00,6.23,0.00,6.23,6.30,0.00,6.30,AStar,
1036,6.44,AgentPrefab,Agent,MoveState,Moving,Goal,11.00,0.00,11.00,6.24,0.00,6.24,6.30,0.00,6.30,AStar,
1037,6.45,AgentPrefab,Agent,MoveState,Moving,Goal,11.00,0.00,11.00,6.25,0.00,6.25,6.30,0.00,6.30,AStar,
1038,6.45,AgentPrefab,Agent,MoveState,Moving,Goal,11.00,0.00,11.00,6.26,0.00,6.26,6.30,0.00,6.30,AStar,
1039,6.46,AgentPrefab,Agent,MoveState,Moving,Goal,11.00,0.00,11.00,6.30,0.00,6.30,7.00,0.00,7.00,AStar,
1040,6.47,AgentPrefab,Agent,MoveState,Moving,Goal,11.00,0.00,11.00,6.31,0.00,6.31,7.00,0.00,7.00,AStar,
1041,6.47,AgentPrefab,Agent,MoveState,Moving,Goal,11.00,0.00,11.00,6.32,0.00,6.32,7.00,0.00,7.00,AStar,
1042,6.48,AgentPrefab,Agent,MoveState,Moving,Goal,11.00,0.00,11.00,6.33,0.00,6.33,7.00,0.00,7.00,AStar,
1043,6.49,AgentPrefab,Agent,MoveState,Moving,Goal,11.00,0.00,11.00,6.34,0.00,6.34,7.00,0.00,7.00,AStar,
1044,6.49,AgentPrefab,Agent,MoveState,Moving,Goal,11.00,0.00,11.00,6.34,0.00,6.34,7.00,0.00,7.00,AStar,
1045,6.50,AgentPrefab,Agent,MoveState,Moving,Goal,11.00,0.00,11.00,6.35,0.00,6.35,7.00,0.00,7.00,AStar,
1046,6.50,AgentPrefab,Agent,MoveState,Moving,Goal,11.00,0.00,11.00,6.36,0.00,6.36,7.00,0.00,7.00,AStar,
1047,6.51,AgentPrefab,Agent,MoveState,Moving,Goal,11.00,0.00,11.00,6.37,0.00,6.37,7.00,0.00,7.00,AStar,
1048,6.52,AgentPrefab,Agent,MoveState,Moving,Goal,11.00,0.00,11.00,6.38,0.00,6.38,7.00,0.00,7.00,AStar,
1049,6.52,AgentPrefab,Agent,MoveState,Moving,Goal,11.00,0.00,11.00,6.39,0.00,6.39,7.00,0.00,7.00,AStar,
1050,6.53,AgentPrefab,Agent,MoveState,Moving,Goal,11.00,0.00,11.00,6.40,0.00,6.40,7.00,0.00,7.00,AStar,
1051,6.53,AgentPrefab,Agent,MoveState,Moving,Goal,11.00,0.00,11.00,6.40,0.00,6.40,7.00,0.00,7.00,AStar,
1052,6.54,AgentPrefab,Agent,MoveState,Moving,Goal,11.00,0.00,11.00,6.41,0.00,6.41,7.00,0.00,7.00,AStar,
1053,6.55,AgentPrefab,Agent,MoveState,Moving,Goal,11.00,0.00,11.00,6.42,0.00,6.42,7.00,0.00,7.00,AStar,
1054,6.55,AgentPrefab,Agent,MoveState,Moving,Goal,11.00,0.00,11.00,6.43,0.00,6.43,7.00,0.00,7.00,AStar,
1055,6.56,AgentPrefab,Agent,MoveState,Moving,Goal,11.00,0.00,11.00,6.44,0.00,6.44,7.00,0.00,7.00,AStar,
1056,6.57,AgentPrefab,Agent,MoveState,Moving,Goal,11.00,0.00,11.00,6.45,0.00,6.45,7.00,0.00,7.00,AStar,
1057,6.57,AgentPrefab,Agent,MoveState,Moving,Goal,11.00,0.00,11.00,6.46,0.00,6.46,7.00,0.00,7.00,AStar,
1058,6.58,AgentPrefab,Agent,MoveState,Moving,Goal,11.00,0.00,11.00,6.47,0.00,6.47,7.00,0.00,7.00,AStar,
1059,6.58,AgentPrefab,Agent,MoveState,Moving,Goal,11.00,0.00,11.00,6.48,0.00,6.48,7.00,0.00,7.00,AStar,
1060,6.59,AgentPrefab,Agent,MoveState,Moving,Goal,11.00,0.00,11.00,6.48,0.00,6.48,7.00,0.00,7.00,AStar,
1061,6.60,AgentPrefab,Agent,MoveState,Moving,Goal,11.00,0.00,11.00,6.49,0.00,6.49,7.00,0.00,7.00,AStar,
1062,6.60,AgentPrefab,Agent,MoveState,Moving,Goal,11.00,0.00,11.00,6.50,0.00,6.50,7.00,0.00,7.00,AStar,
1063,6.61,AgentPrefab,Agent,MoveState,Moving,Goal,11.00,0.00,11.00,6.51,0.00,6.51,7.00,0.00,7.00,AStar,
1064,6.61,AgentPrefab,Agent,MoveState,Moving,Goal,11.00,0.00,11.00,6.52,0.00,6.52,7.00,0.00,7.00,AStar,
1065,6.62,AgentPrefab,Agent,MoveState,Moving,Goal,11.00,0.00,11.00,6.53,0.00,6.53,7.00,0.00,7.00,AStar,
1066,6.63,AgentPrefab,Agent,MoveState,Moving,Goal,11.00,0.00,11.00,6.54,0.00,6.54,7.00,0.00,7.00,AStar,
1067,6.63,AgentPrefab,Agent,MoveState,Moving,Goal,11.00,0.00,11.00,6.55,0.00,6.55,7.00,0.00,7.00,AStar,
1068,6.64,AgentPrefab,Agent,MoveState,Moving,Goal,11.00,0.00,11.00,6.55,0.00,6.55,7.00,0.00,7.00,AStar,
1069,6.65,AgentPrefab,Agent,MoveState,Moving,Goal,11.00,0.00,11.00,6.56,0.00,6.56,7.00,0.00,7.00,AStar,
1070,6.65,AgentPrefab,Agent,MoveState,Moving,Goal,11.00,0.00,11.00,6.57,0.00,6.57,7.00,0.00,7.00,AStar,
1071,6.66,AgentPrefab,Agent,MoveState,Moving,Goal,11.00,0.00,11.00,6.58,0.00,6.58,7.00,0.00,7.00,AStar,
1072,6.66,AgentPrefab,Agent,MoveState,Moving,Goal,11.00,0.00,11.00,6.59,0.00,6.59,7.00,0.00,7.00,AStar,
1073,6.67,AgentPrefab,Agent,MoveState,Moving,Goal,11.00,0.00,11.00,6.60,0.00,6.60,7.00,0.00,7.00,AStar,
1074,6.68,AgentPrefab,Agent,MoveState,Moving,Goal,11.00,0.00,11.00,6.61,0.00,6.61,7.00,0.00,7.00,AStar,
1075,6.68,AgentPrefab,Agent,MoveState,Moving,Goal,11.00,0.00,11.00,6.62,0.00,6.62,7.00,0.00,7.00,AStar,
1076,6.69,AgentPrefab,Agent,MoveState,Moving,Goal,11.00,0.00,11.00,6.62,0.00,6.62,7.00,0.00,7.00,AStar,
1077,6.69,AgentPrefab,Agent,MoveState,Moving,Goal,11.00,0.00,11.00,6.63,0.00,6.63,7.00,0.00,7.00,AStar,
1078,6.70,AgentPrefab,Agent,MoveState,Moving,Goal,11.00,0.00,11.00,6.64,0.00,6.64,7.00,0.00,7.00,AStar,
1079,6.71,AgentPrefab,Agent,MoveState,Moving,Goal,11.00,0.00,11.00,6.65,0.00,6.65,7.00,0.00,7.00,AStar,
1080,6.71,AgentPrefab,Agent,MoveState,Moving,Goal,11.00,0.00,11.00,6.66,0.00,6.66,7.00,0.00,7.00,AStar,
1081,6.72,AgentPrefab,Agent,MoveState,Moving,Goal,11.00,0.00,11.00,6.67,0.00,6.67,7.00,0.00,7.00,AStar,
1082,6.73,AgentPrefab,Agent,MoveState,Moving,Goal,11.00,0.00,11.00,6.68,0.00,6.68,7.00,0.00,7.00,AStar,
1083,6.73,AgentPrefab,Agent,MoveState,Moving,Goal,11.00,0.00,11.00,6.68,0.00,6.68,7.00,0.00,7.00,AStar,
1084,6.74,AgentPrefab,Agent,MoveState,Moving,Goal,11.00,0.00,11.00,6.69,0.00,6.69,7.00,0.00,7.00,AStar,
1085,6.74,AgentPrefab,Agent,MoveState,Moving,Goal,11.00,0.00,11.00,6.70,0.00,6.70,7.00,0.00,7.00,AStar,
1086,6.75,AgentPrefab,Agent,MoveState,Moving,Goal,11.00,0.00,11.00,6.71,0.00,6.71,7.00,0.00,7.00,AStar,
1087,6.76,AgentPrefab,Agent,MoveState,Moving,Goal,11.00,0.00,11.00,6.72,0.00,6.72,7.00,0.00,7.00,AStar,
1088,6.76,AgentPrefab,Agent,MoveState,Moving,Goal,11.00,0.00,11.00,6.73,0.00,6.73,7.00,0.00,7.00,AStar,
1089,6.77,AgentPrefab,Agent,MoveState,Moving,Goal,11.00,0.00,11.00,6.74,0.00,6.74,7.00,0.00,7.00,AStar,
1090,6.78,AgentPrefab,Agent,MoveState,Moving,Goal,11.00,0.00,11.00,6.75,0.00,6.75,7.00,0.00,7.00,AStar,
1091,6.78,AgentPrefab,Agent,MoveState,Moving,Goal,11.00,0.00,11.00,6.76,0.00,6.76,7.00,0.00,7.00,AStar,
1092,6.79,AgentPrefab,Agent,MoveState,Moving,Goal,11.00,0.00,11.00,6.77,0.00,6.77,7.00,0.00,7.00,AStar,
1093,6.80,AgentPrefab,Agent,MoveState,Moving,Goal,11.00,0.00,11.00,6.77,0.00,6.77,7.00,0.00,7.00,AStar,
1094,6.80,AgentPrefab,Agent,MoveState,Moving,Goal,11.00,0.00,11.00,6.78,0.00,6.78,7.00,0.00,7.00,AStar,
1095,6.81,AgentPrefab,Agent,MoveState,Moving,Goal,11.00,0.00,11.00,6.79,0.00,6.79,7.00,0.00,7.00,AStar,
1096,6.81,AgentPrefab,Agent,MoveState,Moving,Goal,11.00,0.00,11.00,6.80,0.00,6.80,7.00,0.00,7.00,AStar,
1097,6.82,AgentPrefab,Agent,MoveState,Moving,Goal,11.00,0.00,11.00,6.81,0.00,6.81,7.00,0.00,7.00,AStar,
1098,6.83,AgentPrefab,Agent,MoveState,Moving,Goal,11.00,0.00,11.00,6.82,0.00,6.82,7.00,0.00,7.00,AStar,
1099,6.83,AgentPrefab,Agent,MoveState,Moving,Goal,11.00,0.00,11.00,6.83,0.00,6.83,7.00,0.00,7.00,AStar,
1100,6.84,AgentPrefab,Agent,MoveState,Moving,Goal,11.00,0.00,11.00,6.84,0.00,6.84,7.00,0.00,7.00,AStar,
1101,6.84,AgentPrefab,Agent,MoveState,Moving,Goal,11.00,0.00,11.00,6.84,0.00,6.84,7.00,0.00,7.00,AStar,
1102,6.85,AgentPrefab,Agent,MoveState,Moving,Goal,11.00,0.00,11.00,6.85,0.00,6.85,7.00,0.00,7.00,AStar,
1103,6.86,AgentPrefab,Agent,MoveState,Moving,Goal,11.00,0.00,11.00,6.86,0.00,6.86,7.00,0.00,7.00,AStar,
1104,6.86,AgentPrefab,Agent,MoveState,Moving,Goal,11.00,0.00,11.00,6.87,0.00,6.87,7.00,0.00,7.00,AStar,
1105,6.87,AgentPrefab,Agent,MoveState,Moving,Goal,11.00,0.00,11.00,6.88,0.00,6.88,7.00,0.00,7.00,AStar,
1106,6.88,AgentPrefab,Agent,MoveState,Moving,Goal,11.00,0.00,11.00,6.89,0.00,6.89,7.00,0.00,7.00,AStar,
1107,6.88,AgentPrefab,Agent,MoveState,Moving,Goal,11.00,0.00,11.00,6.90,0.00,6.90,7.00,0.00,7.00,AStar,
1108,6.89,AgentPrefab,Agent,MoveState,Moving,Goal,11.00,0.00,11.00,6.91,0.00,6.91,7.00,0.00,7.00,AStar,
1109,6.89,AgentPrefab,Agent,MoveState,Moving,Goal,11.00,0.00,11.00,6.91,0.00,6.91,7.00,0.00,7.00,AStar,
1110,6.90,AgentPrefab,Agent,MoveState,Moving,Goal,11.00,0.00,11.00,6.92,0.00,6.92,7.00,0.00,7.00,AStar,
1111,6.91,AgentPrefab,Agent,MoveState,Moving,Goal,11.00,0.00,11.00,6.93,0.00,6.93,7.00,0.00,7.00,AStar,
1112,6.91,AgentPrefab,Agent,MoveState,Moving,Goal,11.00,0.00,11.00,6.94,0.00,6.94,7.00,0.00,7.00,AStar,
1113,6.92,AgentPrefab,Agent,MoveState,Moving,Goal,11.00,0.00,11.00,6.95,0.00,6.95,7.00,0.00,7.00,AStar,
1114,6.92,AgentPrefab,Agent,MoveState,Moving,Goal,11.00,0.00,11.00,6.96,0.00,6.96,7.00,0.00,7.00,AStar,
1115,6.93,AgentPrefab,Agent,MoveState,Moving,Goal,11.00,0.00,11.00,7.00,0.00,7.00,7.70,0.00,7.70,AStar,
1116,6.94,AgentPrefab,Agent,MoveState,Moving,Goal,11.00,0.00,11.00,7.01,0.00,7.01,7.70,0.00,7.70,AStar,
1117,6.94,AgentPrefab,Agent,MoveState,Moving,Goal,11.00,0.00,11.00,7.02,0.00,7.02,7.70,0.00,7.70,AStar,
1118,6.95,AgentPrefab,Agent,MoveState,Moving,Goal,11.00,0.00,11.00,7.03,0.00,7.03,7.70,0.00,7.70,AStar,
1119,6.96,AgentPrefab,Agent,MoveState,Moving,Goal,11.00,0.00,11.00,7.03,0.00,7.03,7.70,0.00,7.70,AStar,
1120,6.96,AgentPrefab,Agent,MoveState,Moving,Goal,11.00,0.00,11.00,7.04,0.00,7.04,7.70,0.00,7.70,AStar,
1121,6.97,AgentPrefab,Agent,MoveState,Moving,Goal,11.00,0.00,11.00,7.05,0.00,7.05,7.70,0.00,7.70,AStar,
1122,6.97,AgentPrefab,Agent,MoveState,Moving,Goal,11.00,0.00,11.00,7.06,0.00,7.06,7.70,0.00,7.70,AStar,
1123,6.98,AgentPrefab,Agent,MoveState,Moving,Goal,11.00,0.00,11.00,7.07,0.00,7.07,7.70,0.00,7.70,AStar,
1124,6.99,AgentPrefab,Agent,MoveState,Moving,Goal,11.00,0.00,11.00,7.08,0.00,7.08,7.70,0.00,7.70,AStar,
1125,6.99,AgentPrefab,Agent,MoveState,Moving,Goal,11.00,0.00,11.00,7.09,0.00,7.09,7.70,0.00,7.70,AStar,
1126,7.00,AgentPrefab,Agent,MoveState,Moving,Goal,11.00,0.00,11.00,7.10,0.00,7.10,7.70,0.00,7.70,AStar,
1127,7.00,AgentPrefab,Agent,MoveState,Moving,Goal,11.00,0.00,11.00,7.10,0.00,7.10,7.70,0.00,7.70,AStar,
1128,7.01,AgentPrefab,Agent,MoveState,Moving,Goal,11.00,0.00,11.00,7.11,0.00,7.11,7.70,0.00,7.70,AStar,
1129,7.02,AgentPrefab,Agent,MoveState,Moving,Goal,11.00,0.00,11.00,7.12,0.00,7.12,7.70,0.00,7.70,AStar,
1130,7.02,AgentPrefab,Agent,MoveState,Moving,Goal,11.00,0.00,11.00,7.13,0.00,7.13,7.70,0.00,7.70,AStar,
1131,7.03,AgentPrefab,Agent,MoveState,Moving,Goal,11.00,0.00,11.00,7.14,0.00,7.14,7.70,0.00,7.70,AStar,
1132,7.04,AgentPrefab,Agent,MoveState,Moving,Goal,11.00,0.00,11.00,7.15,0.00,7.15,7.70,0.00,7.70,AStar,
1133,7.04,AgentPrefab,Agent,MoveState,Moving,Goal,11.00,0.00,11.00,7.16,0.00,7.16,7.70,0.00,7.70,AStar,
1134,7.05,AgentPrefab,Agent,MoveState,Moving,Goal,11.00,0.00,11.00,7.17,0.00,7.17,7.70,0.00,7.70,AStar,
1135,7.06,AgentPrefab,Agent,MoveState,Moving,Goal,11.00,0.00,11.00,7.18,0.00,7.18,7.70,0.00,7.70,AStar,
1136,7.06,AgentPrefab,Agent,MoveState,Moving,Goal,11.00,0.00,11.00,7.19,0.00,7.19,7.70,0.00,7.70,AStar,
1137,7.07,AgentPrefab,Agent,MoveState,Moving,Goal,11.00,0.00,11.00,7.19,0.00,7.19,7.70,0.00,7.70,AStar,
1138,7.07,AgentPrefab,Agent,MoveState,Moving,Goal,11.00,0.00,11.00,7.20,0.00,7.20,7.70,0.00,7.70,AStar,
1139,7.08,AgentPrefab,Agent,MoveState,Moving,Goal,11.00,0.00,11.00,7.21,0.00,7.21,7.70,0.00,7.70,AStar,
1140,7.09,AgentPrefab,Agent,MoveState,Moving,Goal,11.00,0.00,11.00,7.22,0.00,7.22,7.70,0.00,7.70,AStar,
1141,7.09,AgentPrefab,Agent,MoveState,Moving,Goal,11.00,0.00,11.00,7.23,0.00,7.23,7.70,0.00,7.70,AStar,
1142,7.10,AgentPrefab,Agent,MoveState,Moving,Goal,11.00,0.00,11.00,7.24,0.00,7.24,7.70,0.00,7.70,AStar,
1143,7.11,AgentPrefab,Agent,MoveState,Moving,Goal,11.00,0.00,11.00,7.25,0.00,7.25,7.70,0.00,7.70,AStar,
1144,7.11,AgentPrefab,Agent,MoveState,Moving,Goal,11.00,0.00,11.00,7.26,0.00,7.26,7.70,0.00,7.70,AStar,
1145,7.12,AgentPrefab,Agent,MoveState,Moving,Goal,11.00,0.00,11.00,7.26,0.00,7.26,7.70,0.00,7.70,AStar,
1146,7.12,AgentPrefab,Agent,MoveState,Moving,Goal,11.00,0.00,11.00,7.27,0.00,7.27,7.70,0.00,7.70,AStar,
1147,7.13,AgentPrefab,Agent,MoveState,Moving,Goal,11.00,0.00,11.00,7.28,0.00,7.28,7.70,0.00,7.70,AStar,
1148,7.14,AgentPrefab,Agent,MoveState,Moving,Goal,11.00,0.00,11.00,7.29,0.00,7.29,7.70,0.00,7.70,AStar,
1149,7.14,AgentPrefab,Agent,MoveState,Moving,Goal,11.00,0.00,11.00,7.30,0.00,7.30,7.70,0.00,7.70,AStar,
1150,7.15,AgentPrefab,Agent,MoveState,Moving,Goal,11.00,0.00,11.00,7.31,0.00,7.31,7.70,0.00,7.70,AStar,
1151,7.15,AgentPrefab,Agent,MoveState,Moving,Goal,11.00,0.00,11.00,7.32,0.00,7.32,7.70,0.00,7.70,AStar,
1152,7.16,AgentPrefab,Agent,MoveState,Moving,Goal,11.00,0.00,11.00,7.33,0.00,7.33,7.70,0.00,7.70,AStar,
1153,7.17,AgentPrefab,Agent,MoveState,Moving,Goal,11.00,0.00,11.00,7.33,0.00,7.33,7.70,0.00,7.70,AStar,
1154,7.17,AgentPrefab,Agent,MoveState,Moving,Goal,11.00,0.00,11.00,7.34,0.00,7.34,7.70,0.00,7.70,AStar,
1155,7.18,AgentPrefab,Agent,MoveState,Moving,Goal,11.00,0.00,11.00,7.35,0.00,7.35,7.70,0.00,7.70,AStar,
1156,7.19,AgentPrefab,Agent,MoveState,Moving,Goal,11.00,0.00,11.00,7.36,0.00,7.36,7.70,0.00,7.70,AStar,
1157,7.19,AgentPrefab,Agent,MoveState,Moving,Goal,11.00,0.00,11.00,7.37,0.00,7.37,7.70,0.00,7.70,AStar,
1158,7.20,AgentPrefab,Agent,MoveState,Moving,Goal,11.00,0.00,11.00,7.38,0.00,7.38,7.70,0.00,7.70,AStar,
1159,7.20,AgentPrefab,Agent,MoveState,Moving,Goal,11.00,0.00,11.00,7.39,0.00,7.39,7.70,0.00,7.70,AStar,
1160,7.21,AgentPrefab,Agent,MoveState,Moving,Goal,11.00,0.00,11.00,7.40,0.00,7.40,7.70,0.00,7.70,AStar,
1161,7.22,AgentPrefab,Agent,MoveState,Moving,Goal,11.00,0.00,11.00,7.40,0.00,7.40,7.70,0.00,7.70,AStar,
1162,7.22,AgentPrefab,Agent,MoveState,Moving,Goal,11.00,0.00,11.00,7.41,0.00,7.41,7.70,0.00,7.70,AStar,
1163,7.23,AgentPrefab,Agent,MoveState,Moving,Goal,11.00,0.00,11.00,7.42,0.00,7.42,7.70,0.00,7.70,AStar,
1164,7.24,AgentPrefab,Agent,MoveState,Moving,Goal,11.00,0.00,11.00,7.43,0.00,7.43,7.70,0.00,7.70,AStar,
1165,7.24,AgentPrefab,Agent,MoveState,Moving,Goal,11.00,0.00,11.00,7.44,0.00,7.44,7.70,0.00,7.70,AStar,
1166,7.25,AgentPrefab,Agent,MoveState,Moving,Goal,11.00,0.00,11.00,7.45,0.00,7.45,7.70,0.00,7.70,AStar,
1167,7.25,AgentPrefab,Agent,MoveState,Moving,Goal,11.00,0.00,11.00,7.46,0.00,7.46,7.70,0.00,7.70,AStar,
1168,7.26,AgentPrefab,Agent,MoveState,Moving,Goal,11.00,0.00,11.00,7.47,0.00,7.47,7.70,0.00,7.70,AStar,
1169,7.27,AgentPrefab,Agent,MoveState,Moving,Goal,11.00,0.00,11.00,7.47,0.00,7.47,7.70,0.00,7.70,AStar,
1170,7.27,AgentPrefab,Agent,MoveState,Moving,Goal,11.00,0.00,11.00,7.48,0.00,7.48,7.70,0.00,7.70,AStar,
1171,7.28,AgentPrefab,Agent,MoveState,Moving,Goal,11.00,0.00,11.00,7.49,0.00,7.49,7.70,0.00,7.70,AStar,
1172,7.29,AgentPrefab,Agent,MoveState,Moving,Goal,11.00,0.00,11.00,7.50,0.00,7.50,7.70,0.00,7.70,AStar,
1173,7.29,AgentPrefab,Agent,MoveState,Moving,Goal,11.00,0.00,11.00,7.51,0.00,7.51,7.70,0.00,7.70,AStar,
1174,7.30,AgentPrefab,Agent,MoveState,Moving,Goal,11.00,0.00,11.00,7.52,0.00,7.52,7.70,0.00,7.70,AStar,
1175,7.31,AgentPrefab,Agent,MoveState,Moving,Goal,11.00,0.00,11.00,7.53,0.00,7.53,7.70,0.00,7.70,AStar,
1176,7.31,AgentPrefab,Agent,MoveState,Moving,Goal,11.00,0.00,11.00,7.54,0.00,7.54,7.70,0.00,7.70,AStar,
1177,7.32,AgentPrefab,Agent,MoveState,Moving,Goal,11.00,0.00,11.00,7.55,0.00,7.55,7.70,0.00,7.70,AStar,
1178,7.33,AgentPrefab,Agent,MoveState,Moving,Goal,11.00,0.00,11.00,7.56,0.00,7.56,7.70,0.00,7.70,AStar,
1179,7.34,AgentPrefab,Agent,MoveState,Moving,Goal,11.00,0.00,11.00,7.57,0.00,7.57,7.70,0.00,7.70,AStar,
1180,7.34,AgentPrefab,Agent,MoveState,Moving,Goal,11.00,0.00,11.00,7.58,0.00,7.58,7.70,0.00,7.70,AStar,
1181,7.35,AgentPrefab,Agent,MoveState,Moving,Goal,11.00,0.00,11.00,7.59,0.00,7.59,7.70,0.00,7.70,AStar,
1182,7.36,AgentPrefab,Agent,MoveState,Moving,Goal,11.00,0.00,11.00,7.60,0.00,7.60,7.70,0.00,7.70,AStar,
1183,7.37,AgentPrefab,Agent,MoveState,Moving,Goal,11.00,0.00,11.00,7.61,0.00,7.61,7.70,0.00,7.70,AStar,
1184,7.37,AgentPrefab,Agent,MoveState,Moving,Goal,11.00,0.00,11.00,7.62,0.00,7.62,7.70,0.00,7.70,AStar,
1185,7.38,AgentPrefab,Agent,MoveState,Moving,Goal,11.00,0.00,11.00,7.63,0.00,7.63,7.70,0.00,7.70,AStar,
1186,7.39,AgentPrefab,Agent,MoveState,Moving,Goal,11.00,0.00,11.00,7.64,0.00,7.64,7.70,0.00,7.70,AStar,
1187,7.39,AgentPrefab,Agent,MoveState,Moving,Goal,11.00,0.00,11.00,7.65,0.00,7.65,7.70,0.00,7.70,AStar,
1188,7.40,AgentPrefab,Agent,MoveState,Moving,Goal,11.00,0.00,11.00,7.66,0.00,7.66,7.70,0.00,7.70,AStar,
1189,7.41,AgentPrefab,Agent,MoveState,Moving,Goal,11.00,0.00,11.00,7.70,0.00,7.70,8.40,0.00,8.40,AStar,
1190,7.42,AgentPrefab,Agent,MoveState,Moving,Goal,11.00,0.00,11.00,7.71,0.00,7.71,8.40,0.00,8.40,AStar,
1191,7.42,AgentPrefab,Agent,MoveState,Moving,Goal,11.00,0.00,11.00,7.72,0.00,7.72,8.40,0.00,8.40,AStar,
1192,7.43,AgentPrefab,Agent,MoveState,Moving,Goal,11.00,0.00,11.00,7.73,0.00,7.73,8.40,0.00,8.40,AStar,
1193,7.44,AgentPrefab,Agent,MoveState,Moving,Goal,11.00,0.00,11.00,7.74,0.00,7.74,8.40,0.00,8.40,AStar,
1194,7.45,AgentPrefab,Agent,MoveState,Moving,Goal,11.00,0.00,11.00,7.75,0.00,7.75,8.40,0.00,8.40,AStar,
1195,7.45,AgentPrefab,Agent,MoveState,Moving,Goal,11.00,0.00,11.00,7.77,0.00,7.77,8.40,0.00,8.40,AStar,
1196,7.46,AgentPrefab,Agent,MoveState,Moving,Goal,11.00,0.00,11.00,7.77,0.00,7.77,8.40,0.00,8.40,AStar,
1197,7.47,AgentPrefab,Agent,MoveState,Moving,Goal,11.00,0.00,11.00,7.79,0.00,7.79,8.40,0.00,8.40,AStar,
1198,7.48,AgentPrefab,Agent,MoveState,Moving,Goal,11.00,0.00,11.00,7.80,0.00,7.80,8.40,0.00,8.40,AStar,
1199,7.48,AgentPrefab,Agent,MoveState,Moving,Goal,11.00,0.00,11.00,7.81,0.00,7.81,8.40,0.00,8.40,AStar,
1200,7.49,AgentPrefab,Agent,MoveState,Moving,Goal,11.00,0.00,11.00,7.82,0.00,7.82,8.40,0.00,8.40,AStar,
1201,7.50,AgentPrefab,Agent,MoveState,Moving,Goal,11.00,0.00,11.00,7.83,0.00,7.83,8.40,0.00,8.40,AStar,
1202,7.50,AgentPrefab,Agent,MoveState,Moving,Goal,11.00,0.00,11.00,7.83,0.00,7.83,8.40,0.00,8.40,AStar,
1203,7.51,AgentPrefab,Agent,MoveState,Moving,Goal,11.00,0.00,11.00,7.84,0.00,7.84,8.40,0.00,8.40,AStar,
1204,7.52,AgentPrefab,Agent,MoveState,Moving,Goal,11.00,0.00,11.00,7.85,0.00,7.85,8.40,0.00,8.40,AStar,
1205,7.52,AgentPrefab,Agent,MoveState,Moving,Goal,11.00,0.00,11.00,7.86,0.00,7.86,8.40,0.00,8.40,AStar,
1206,7.53,AgentPrefab,Agent,MoveState,Moving,Goal,11.00,0.00,11.00,7.87,0.00,7.87,8.40,0.00,8.40,AStar,
1207,7.53,AgentPrefab,Agent,MoveState,Moving,Goal,11.00,0.00,11.00,7.88,0.00,7.88,8.40,0.00,8.40,AStar,
1208,7.54,AgentPrefab,Agent,MoveState,Moving,Goal,11.00,0.00,11.00,7.89,0.00,7.89,8.40,0.00,8.40,AStar,
1209,7.55,AgentPrefab,Agent,MoveState,Moving,Goal,11.00,0.00,11.00,7.90,0.00,7.90,8.40,0.00,8.40,AStar,
1210,7.55,AgentPrefab,Agent,MoveState,Moving,Goal,11.00,0.00,11.00,7.91,0.00,7.91,8.40,0.00,8.40,AStar,
1211,7.56,AgentPrefab,Agent,MoveState,Moving,Goal,11.00,0.00,11.00,7.92,0.00,7.92,8.40,0.00,8.40,AStar,
1212,7.57,AgentPrefab,Agent,MoveState,Moving,Goal,11.00,0.00,11.00,7.92,0.00,7.92,8.40,0.00,8.40,AStar,
1213,7.57,AgentPrefab,Agent,MoveState,Moving,Goal,11.00,0.00,11.00,7.93,0.00,7.93,8.40,0.00,8.40,AStar,
1214,7.58,AgentPrefab,Agent,MoveState,Moving,Goal,11.00,0.00,11.00,7.94,0.00,7.94,8.40,0.00,8.40,AStar,
1215,7.59,AgentPrefab,Agent,MoveState,Moving,Goal,11.00,0.00,11.00,7.95,0.00,7.95,8.40,0.00,8.40,AStar,
1216,7.59,AgentPrefab,Agent,MoveState,Moving,Goal,11.00,0.00,11.00,7.96,0.00,7.96,8.40,0.00,8.40,AStar,
1217,7.60,AgentPrefab,Agent,MoveState,Moving,Goal,11.00,0.00,11.00,7.97,0.00,7.97,8.40,0.00,8.40,AStar,
1218,7.61,AgentPrefab,Agent,MoveState,Moving,Goal,11.00,0.00,11.00,7.98,0.00,7.98,8.40,0.00,8.40,AStar,
1219,7.62,AgentPrefab,Agent,MoveState,Moving,Goal,11.00,0.00,11.00,8.00,0.00,8.00,8.40,0.00,8.40,AStar,
1220,7.63,AgentPrefab,Agent,MoveState,Moving,Goal,11.00,0.00,11.00,8.02,0.00,8.02,8.40,0.00,8.40,AStar,
1221,7.64,AgentPrefab,Agent,MoveState,Moving,Goal,11.00,0.00,11.00,8.03,0.00,8.03,8.40,0.00,8.40,AStar,
1222,7.64,AgentPrefab,Agent,MoveState,Moving,Goal,11.00,0.00,11.00,8.03,0.00,8.03,8.40,0.00,8.40,AStar,
1223,7.65,AgentPrefab,Agent,MoveState,Moving,Goal,11.00,0.00,11.00,8.04,0.00,8.04,8.40,0.00,8.40,AStar,
1224,7.66,AgentPrefab,Agent,MoveState,Moving,Goal,11.00,0.00,11.00,8.05,0.00,8.05,8.40,0.00,8.40,AStar,
1225,7.66,AgentPrefab,Agent,MoveState,Moving,Goal,11.00,0.00,11.00,8.06,0.00,8.06,8.40,0.00,8.40,AStar,
1226,7.67,AgentPrefab,Agent,MoveState,Moving,Goal,11.00,0.00,11.00,8.07,0.00,8.07,8.40,0.00,8.40,AStar,
1227,7.68,AgentPrefab,Agent,MoveState,Moving,Goal,11.00,0.00,11.00,8.08,0.00,8.08,8.40,0.00,8.40,AStar,
1228,7.68,AgentPrefab,Agent,MoveState,Moving,Goal,11.00,0.00,11.00,8.09,0.00,8.09,8.40,0.00,8.40,AStar,
1229,7.69,AgentPrefab,Agent,MoveState,Moving,Goal,11.00,0.00,11.00,8.10,0.00,8.10,8.40,0.00,8.40,AStar,
1230,7.70,AgentPrefab,Agent,MoveState,Moving,Goal,11.00,0.00,11.00,8.11,0.00,8.11,8.40,0.00,8.40,AStar,
1231,7.70,AgentPrefab,Agent,MoveState,Moving,Goal,11.00,0.00,11.00,8.12,0.00,8.12,8.40,0.00,8.40,AStar,
1232,7.71,AgentPrefab,Agent,MoveState,Moving,Goal,11.00,0.00,11.00,8.12,0.00,8.12,8.40,0.00,8.40,AStar,
1233,7.71,AgentPrefab,Agent,MoveState,Moving,Goal,11.00,0.00,11.00,8.13,0.00,8.13,8.40,0.00,8.40,AStar,
1234,7.72,AgentPrefab,Agent,MoveState,Moving,Goal,11.00,0.00,11.00,8.14,0.00,8.14,8.40,0.00,8.40,AStar,
1235,7.73,AgentPrefab,Agent,MoveState,Moving,Goal,11.00,0.00,11.00,8.15,0.00,8.15,8.40,0.00,8.40,AStar,
1236,7.73,AgentPrefab,Agent,MoveState,Moving,Goal,11.00,0.00,11.00,8.16,0.00,8.16,8.40,0.00,8.40,AStar,
1237,7.74,AgentPrefab,Agent,MoveState,Moving,Goal,11.00,0.00,11.00,8.17,0.00,8.17,8.40,0.00,8.40,AStar,
1238,7.74,AgentPrefab,Agent,MoveState,Moving,Goal,11.00,0.00,11.00,8.18,0.00,8.18,8.40,0.00,8.40,AStar,
1239,7.75,AgentPrefab,Agent,MoveState,Moving,Goal,11.00,0.00,11.00,8.19,0.00,8.19,8.40,0.00,8.40,AStar,
1240,7.76,AgentPrefab,Agent,MoveState,Moving,Goal,11.00,0.00,11.00,8.19,0.00,8.19,8.40,0.00,8.40,AStar,
1241,7.76,AgentPrefab,Agent,MoveState,Moving,Goal,11.00,0.00,11.00,8.20,0.00,8.20,8.40,0.00,8.40,AStar,
1242,7.77,AgentPrefab,Agent,MoveState,Moving,Goal,11.00,0.00,11.00,8.21,0.00,8.21,8.40,0.00,8.40,AStar,
1243,7.78,AgentPrefab,Agent,MoveState,Moving,Goal,11.00,0.00,11.00,8.22,0.00,8.22,8.40,0.00,8.40,AStar,
1244,7.78,AgentPrefab,Agent,MoveState,Moving,Goal,11.00,0.00,11.00,8.23,0.00,8.23,8.40,0.00,8.40,AStar,
1245,7.79,AgentPrefab,Agent,MoveState,Moving,Goal,11.00,0.00,11.00,8.24,0.00,8.24,8.40,0.00,8.40,AStar,
1246,7.79,AgentPrefab,Agent,MoveState,Moving,Goal,11.00,0.00,11.00,8.25,0.00,8.25,8.40,0.00,8.40,AStar,
1247,7.80,AgentPrefab,Agent,MoveState,Moving,Goal,11.00,0.00,11.00,8.25,0.00,8.25,8.40,0.00,8.40,AStar,
1248,7.81,AgentPrefab,Agent,MoveState,Moving,Goal,11.00,0.00,11.00,8.26,0.00,8.26,8.40,0.00,8.40,AStar,
1249,7.81,AgentPrefab,Agent,MoveState,Moving,Goal,11.00,0.00,11.00,8.27,0.00,8.27,8.40,0.00,8.40,AStar,
1250,7.82,AgentPrefab,Agent,MoveState,Moving,Goal,11.00,0.00,11.00,8.28,0.00,8.28,8.40,0.00,8.40,AStar,
1251,7.82,AgentPrefab,Agent,MoveState,Moving,Goal,11.00,0.00,11.00,8.29,0.00,8.29,8.40,0.00,8.40,AStar,
1252,7.83,AgentPrefab,Agent,MoveState,Moving,Goal,11.00,0.00,11.00,8.30,0.00,8.30,8.40,0.00,8.40,AStar,
1253,7.84,AgentPrefab,Agent,MoveState,Moving,Goal,11.00,0.00,11.00,8.31,0.00,8.31,8.40,0.00,8.40,AStar,
1254,7.84,AgentPrefab,Agent,MoveState,Moving,Goal,11.00,0.00,11.00,8.32,0.00,8.32,8.40,0.00,8.40,AStar,
1255,7.85,AgentPrefab,Agent,MoveState,Moving,Goal,11.00,0.00,11.00,8.32,0.00,8.32,8.40,0.00,8.40,AStar,
1256,7.86,AgentPrefab,Agent,MoveState,Moving,Goal,11.00,0.00,11.00,8.33,0.00,8.33,8.40,0.00,8.40,AStar,
1257,7.86,AgentPrefab,Agent,MoveState,Moving,Goal,11.00,0.00,11.00,8.34,0.00,8.34,8.40,0.00,8.40,AStar,
1258,7.87,AgentPrefab,Agent,MoveState,Moving,Goal,11.00,0.00,11.00,8.35,0.00,8.35,8.40,0.00,8.40,AStar,
1259,7.87,AgentPrefab,Agent,MoveState,Moving,Goal,11.00,0.00,11.00,8.36,0.00,8.36,8.40,0.00,8.40,AStar,
1260,7.88,AgentPrefab,Agent,MoveState,Moving,Goal,11.00,0.00,11.00,8.40,0.00,8.40,9.30,0.00,8.80,AStar,
1261,7.89,AgentPrefab,Agent,MoveState,Moving,Goal,11.00,0.00,11.00,8.41,0.00,8.41,9.30,0.00,8.80,AStar,
1262,7.89,AgentPrefab,Agent,MoveState,Moving,Goal,11.00,0.00,11.00,8.42,0.00,8.41,9.30,0.00,8.80,AStar,
1263,7.90,AgentPrefab,Agent,MoveState,Moving,Goal,11.00,0.00,11.00,8.43,0.00,8.41,9.30,0.00,8.80,AStar,
1264,7.91,AgentPrefab,Agent,MoveState,Moving,Goal,11.00,0.00,11.00,8.45,0.00,8.42,9.30,0.00,8.80,AStar,
1265,7.91,AgentPrefab,Agent,MoveState,Moving,Goal,11.00,0.00,11.00,8.46,0.00,8.43,9.30,0.00,8.80,AStar,
1266,7.92,AgentPrefab,Agent,MoveState,Moving,Goal,11.00,0.00,11.00,8.47,0.00,8.43,9.30,0.00,8.80,AStar,
1267,7.92,AgentPrefab,Agent,MoveState,Moving,Goal,11.00,0.00,11.00,8.48,0.00,8.44,9.30,0.00,8.80,AStar,
1268,7.93,AgentPrefab,Agent,MoveState,Moving,Goal,11.00,0.00,11.00,8.49,0.00,8.44,9.30,0.00,8.80,AStar,
1269,7.94,AgentPrefab,Agent,MoveState,Moving,Goal,11.00,0.00,11.00,8.50,0.00,8.45,9.30,0.00,8.80,AStar,
1270,7.94,AgentPrefab,Agent,MoveState,Moving,Goal,11.00,0.00,11.00,8.51,0.00,8.45,9.30,0.00,8.80,AStar,
1271,7.95,AgentPrefab,Agent,MoveState,Moving,Goal,11.00,0.00,11.00,8.52,0.00,8.46,9.30,0.00,8.80,AStar,
1272,7.96,AgentPrefab,Agent,MoveState,Moving,Goal,11.00,0.00,11.00,8.54,0.00,8.46,9.30,0.00,8.80,AStar,
1273,7.96,AgentPrefab,Agent,MoveState,Moving,Goal,11.00,0.00,11.00,8.55,0.00,8.47,9.30,0.00,8.80,AStar,
1274,7.97,AgentPrefab,Agent,MoveState,Moving,Goal,11.00,0.00,11.00,8.56,0.00,8.47,9.30,0.00,8.80,AStar,
1275,7.97,AgentPrefab,Agent,MoveState,Moving,Goal,11.00,0.00,11.00,8.57,0.00,8.48,9.30,0.00,8.80,AStar,
1276,7.98,AgentPrefab,Agent,MoveState,Moving,Goal,11.00,0.00,11.00,8.58,0.00,8.48,9.30,0.00,8.80,AStar,
1277,7.99,AgentPrefab,Agent,MoveState,Moving,Goal,11.00,0.00,11.00,8.59,0.00,8.49,9.30,0.00,8.80,AStar,
1278,7.99,AgentPrefab,Agent,MoveState,Moving,Goal,11.00,0.00,11.00,8.61,0.00,8.49,9.30,0.00,8.80,AStar,
1279,8.00,AgentPrefab,Agent,MoveState,Moving,Goal,11.00,0.00,11.00,8.62,0.00,8.50,9.30,0.00,8.80,AStar,
1280,8.01,AgentPrefab,Agent,MoveState,Moving,Goal,11.00,0.00,11.00,8.63,0.00,8.50,9.30,0.00,8.80,AStar,
1281,8.01,AgentPrefab,Agent,MoveState,Moving,Goal,11.00,0.00,11.00,8.64,0.00,8.51,9.30,0.00,8.80,AStar,
1282,8.02,AgentPrefab,Agent,MoveState,Moving,Goal,11.00,0.00,11.00,8.65,0.00,8.51,9.30,0.00,8.80,AStar,
1283,8.03,AgentPrefab,Agent,MoveState,Moving,Goal,11.00,0.00,11.00,8.66,0.00,8.52,9.30,0.00,8.80,AStar,
1284,8.03,AgentPrefab,Agent,MoveState,Moving,Goal,11.00,0.00,11.00,8.67,0.00,8.52,9.30,0.00,8.80,AStar,
1285,8.04,AgentPrefab,Agent,MoveState,Moving,Goal,11.00,0.00,11.00,8.69,0.00,8.53,9.30,0.00,8.80,AStar,
1286,8.04,AgentPrefab,Agent,MoveState,Moving,Goal,11.00,0.00,11.00,8.70,0.00,8.53,9.30,0.00,8.80,AStar,
1287,8.05,AgentPrefab,Agent,MoveState,Moving,Goal,11.00,0.00,11.00,8.71,0.00,8.54,9.30,0.00,8.80,AStar,
1288,8.06,AgentPrefab,Agent,MoveState,Moving,Goal,11.00,0.00,11.00,8.72,0.00,8.54,9.30,0.00,8.80,AStar,
1289,8.06,AgentPrefab,Agent,MoveState,Moving,Goal,11.00,0.00,11.00,8.74,0.00,8.55,9.30,0.00,8.80,AStar,
1290,8.07,AgentPrefab,Agent,MoveState,Moving,Goal,11.00,0.00,11.00,8.74,0.00,8.55,9.30,0.00,8.80,AStar,
1291,8.08,AgentPrefab,Agent,MoveState,Moving,Goal,11.00,0.00,11.00,8.76,0.00,8.56,9.30,0.00,8.80,AStar,
1292,8.08,AgentPrefab,Agent,MoveState,Moving,Goal,11.00,0.00,11.00,8.77,0.00,8.56,9.30,0.00,8.80,AStar,
1293,8.09,AgentPrefab,Agent,MoveState,Moving,Goal,11.00,0.00,11.00,8.78,0.00,8.57,9.30,0.00,8.80,AStar,
1294,8.09,AgentPrefab,Agent,MoveState,Moving,Goal,11.00,0.00,11.00,8.79,0.00,8.57,9.30,0.00,8.80,AStar,
1295,8.10,AgentPrefab,Agent,MoveState,Moving,Goal,11.00,0.00,11.00,8.80,0.00,8.58,9.30,0.00,8.80,AStar,
1296,8.11,AgentPrefab,Agent,MoveState,Moving,Goal,11.00,0.00,11.00,8.81,0.00,8.58,9.30,0.00,8.80,AStar,
1297,8.11,AgentPrefab,Agent,MoveState,Moving,Goal,11.00,0.00,11.00,8.83,0.00,8.59,9.30,0.00,8.80,AStar,
1298,8.12,AgentPrefab,Agent,MoveState,Moving,Goal,11.00,0.00,11.00,8.84,0.00,8.59,9.30,0.00,8.80,AStar,
1299,8.13,AgentPrefab,Agent,MoveState,Moving,Goal,11.00,0.00,11.00,8.85,0.00,8.60,9.30,0.00,8.80,AStar,
1300,8.13,AgentPrefab,Agent,MoveState,Moving,Goal,11.00,0.00,11.00,8.86,0.00,8.60,9.30,0.00,8.80,AStar,
1301,8.14,AgentPrefab,Agent,MoveState,Moving,Goal,11.00,0.00,11.00,8.87,0.00,8.61,9.30,0.00,8.80,AStar,
1302,8.15,AgentPrefab,Agent,MoveState,Moving,Goal,11.00,0.00,11.00,8.88,0.00,8.61,9.30,0.00,8.80,AStar,
1303,8.15,AgentPrefab,Agent,MoveState,Moving,Goal,11.00,0.00,11.00,8.90,0.00,8.62,9.30,0.00,8.80,AStar,
1304,8.16,AgentPrefab,Agent,MoveState,Moving,Goal,11.00,0.00,11.00,8.91,0.00,8.62,9.30,0.00,8.80,AStar,
1305,8.16,AgentPrefab,Agent,MoveState,Moving,Goal,11.00,0.00,11.00,8.92,0.00,8.63,9.30,0.00,8.80,AStar,
1306,8.17,AgentPrefab,Agent,MoveState,Moving,Goal,11.00,0.00,11.00,8.93,0.00,8.64,9.30,0.00,8.80,AStar,
1307,8.18,AgentPrefab,Agent,MoveState,Moving,Goal,11.00,0.00,11.00,8.94,0.00,8.64,9.30,0.00,8.80,AStar,
1308,8.18,AgentPrefab,Agent,MoveState,Moving,Goal,11.00,0.00,11.00,8.95,0.00,8.64,9.30,0.00,8.80,AStar,
1309,8.19,AgentPrefab,Agent,MoveState,Moving,Goal,11.00,0.00,11.00,8.96,0.00,8.65,9.30,0.00,8.80,AStar,
1310,8.20,AgentPrefab,Agent,MoveState,Moving,Goal,11.00,0.00,11.00,8.97,0.00,8.66,9.30,0.00,8.80,AStar,
1311,8.20,AgentPrefab,Agent,MoveState,Moving,Goal,11.00,0.00,11.00,8.99,0.00,8.66,9.30,0.00,8.80,AStar,
1312,8.21,AgentPrefab,Agent,MoveState,Moving,Goal,11.00,0.00,11.00,9.00,0.00,8.67,9.30,0.00,8.80,AStar,
1313,8.21,AgentPrefab,Agent,MoveState,Moving,Goal,11.00,0.00,11.00,9.01,0.00,8.67,9.30,0.00,8.80,AStar,
1314,8.22,AgentPrefab,Agent,MoveState,Moving,Goal,11.00,0.00,11.00,9.02,0.00,8.68,9.30,0.00,8.80,AStar,
1315,8.23,AgentPrefab,Agent,MoveState,Moving,Goal,11.00,0.00,11.00,9.03,0.00,8.68,9.30,0.00,8.80,AStar,
1316,8.23,AgentPrefab,Agent,MoveState,Moving,Goal,11.00,0.00,11.00,9.04,0.00,8.69,9.30,0.00,8.80,AStar,
1317,8.24,AgentPrefab,Agent,MoveState,Moving,Goal,11.00,0.00,11.00,9.06,0.00,8.69,9.30,0.00,8.80,AStar,
1318,8.25,AgentPrefab,Agent,MoveState,Moving,Goal,11.00,0.00,11.00,9.07,0.00,8.70,9.30,0.00,8.80,AStar,
1319,8.25,AgentPrefab,Agent,MoveState,Moving,Goal,11.00,0.00,11.00,9.08,0.00,8.70,9.30,0.00,8.80,AStar,
1320,8.26,AgentPrefab,Agent,MoveState,Moving,Goal,11.00,0.00,11.00,9.09,0.00,8.71,9.30,0.00,8.80,AStar,
1321,8.26,AgentPrefab,Agent,MoveState,Moving,Goal,11.00,0.00,11.00,9.10,0.00,8.71,9.30,0.00,8.80,AStar,
1322,8.27,AgentPrefab,Agent,MoveState,Moving,Goal,11.00,0.00,11.00,9.11,0.00,8.72,9.30,0.00,8.80,AStar,
1323,8.28,AgentPrefab,Agent,MoveState,Moving,Goal,11.00,0.00,11.00,9.12,0.00,8.72,9.30,0.00,8.80,AStar,
1324,8.28,AgentPrefab,Agent,MoveState,Moving,Goal,11.00,0.00,11.00,9.14,0.00,8.73,9.30,0.00,8.80,AStar,
1325,8.29,AgentPrefab,Agent,MoveState,Moving,Goal,11.00,0.00,11.00,9.15,0.00,8.73,9.30,0.00,8.80,AStar,
1326,8.30,AgentPrefab,Agent,MoveState,Moving,Goal,11.00,0.00,11.00,9.16,0.00,8.74,9.30,0.00,8.80,AStar,
1327,8.30,AgentPrefab,Agent,MoveState,Moving,Goal,11.00,0.00,11.00,9.17,0.00,8.74,9.30,0.00,8.80,AStar,
1328,8.31,AgentPrefab,Agent,MoveState,Moving,Goal,11.00,0.00,11.00,9.18,0.00,8.75,9.30,0.00,8.80,AStar,
1329,8.32,AgentPrefab,Agent,MoveState,Moving,Goal,11.00,0.00,11.00,9.19,0.00,8.75,9.30,0.00,8.80,AStar,
1330,8.32,AgentPrefab,Agent,MoveState,Moving,Goal,11.00,0.00,11.00,9.20,0.00,8.76,9.30,0.00,8.80,AStar,
1331,8.33,AgentPrefab,Agent,MoveState,Moving,Goal,11.00,0.00,11.00,9.22,0.00,8.76,9.30,0.00,8.80,AStar,
1332,8.33,AgentPrefab,Agent,MoveState,Moving,Goal,11.00,0.00,11.00,9.23,0.00,8.77,9.30,0.00,8.80,AStar,
1333,8.34,AgentPrefab,Agent,MoveState,Moving,Goal,11.00,0.00,11.00,9.24,0.00,8.77,9.30,0.00,8.80,AStar,
1334,8.35,AgentPrefab,Agent,MoveState,Moving,Goal,11.00,0.00,11.00,9.25,0.00,8.78,9.30,0.00,8.80,AStar,
1335,8.35,AgentPrefab,Agent,MoveState,Moving,Goal,11.00,0.00,11.00,9.30,0.00,8.80,9.70,0.00,9.70,AStar,
1336,8.36,AgentPrefab,Agent,MoveState,Moving,Goal,11.00,0.00,11.00,9.31,0.00,8.81,9.70,0.00,9.70,AStar,
1337,8.37,AgentPrefab,Agent,MoveState,Moving,Goal,11.00,0.00,11.00,9.31,0.00,8.82,9.70,0.00,9.70,AStar,
1338,8.37,AgentPrefab,Agent,MoveState,Moving,Goal,11.00,0.00,11.00,9.32,0.00,8.84,9.70,0.00,9.70,AStar,
1339,8.38,AgentPrefab,Agent,MoveState,Moving,Goal,11.00,0.00,11.00,9.32,0.00,8.85,9.70,0.00,9.70,AStar,
1340,8.38,AgentPrefab,Agent,MoveState,Moving,Goal,11.00,0.00,11.00,9.33,0.00,8.86,9.70,0.00,9.70,AStar,
1341,8.39,AgentPrefab,Agent,MoveState,Moving,Goal,11.00,0.00,11.00,9.33,0.00,8.87,9.70,0.00,9.70,AStar,
1342,8.40,AgentPrefab,Agent,MoveState,Moving,Goal,11.00,0.00,11.00,9.34,0.00,8.88,9.70,0.00,9.70,AStar,
1343,8.40,AgentPrefab,Agent,MoveState,Moving,Goal,11.00,0.00,11.00,9.34,0.00,8.89,9.70,0.00,9.70,AStar,
1344,8.41,AgentPrefab,Agent,MoveState,Moving,Goal,11.00,0.00,11.00,9.35,0.00,8.90,9.70,0.00,9.70,AStar,
1345,8.42,AgentPrefab,Agent,MoveState,Moving,Goal,11.00,0.00,11.00,9.35,0.00,8.92,9.70,0.00,9.70,AStar,
1346,8.42,AgentPrefab,Agent,MoveState,Moving,Goal,11.00,0.00,11.00,9.36,0.00,8.93,9.70,0.00,9.70,AStar,
1347,8.43,AgentPrefab,Agent,MoveState,Moving,Goal,11.00,0.00,11.00,9.36,0.00,8.94,9.70,0.00,9.70,AStar,
1348,8.44,AgentPrefab,Agent,MoveState,Moving,Goal,11.00,0.00,11.00,9.37,0.00,8.95,9.70,0.00,9.70,AStar,
1349,8.44,AgentPrefab,Agent,MoveState,Moving,Goal,11.00,0.00,11.00,9.37,0.00,8.96,9.70,0.00,9.70,AStar,
1350,8.45,AgentPrefab,Agent,MoveState,Moving,Goal,11.00,0.00,11.00,9.38,0.00,8.97,9.70,0.00,9.70,AStar,
1351,8.45,AgentPrefab,Agent,MoveState,Moving,Goal,11.00,0.00,11.00,9.38,0.00,8.98,9.70,0.00,9.70,AStar,
1352,8.46,AgentPrefab,Agent,MoveState,Moving,Goal,11.00,0.00,11.00,9.39,0.00,9.00,9.70,0.00,9.70,AStar,
1353,8.47,AgentPrefab,Agent,MoveState,Moving,Goal,11.00,0.00,11.00,9.39,0.00,9.01,9.70,0.00,9.70,AStar,
1354,8.47,AgentPrefab,Agent,MoveState,Moving,Goal,11.00,0.00,11.00,9.40,0.00,9.02,9.70,0.00,9.70,AStar,
1355,8.48,AgentPrefab,Agent,MoveState,Moving,Goal,11.00,0.00,11.00,9.40,0.00,9.03,9.70,0.00,9.70,AStar,
1356,8.49,AgentPrefab,Agent,MoveState,Moving,Goal,11.00,0.00,11.00,9.41,0.00,9.04,9.70,0.00,9.70,AStar,
1357,8.49,AgentPrefab,Agent,MoveState,Moving,Goal,11.00,0.00,11.00,9.41,0.00,9.05,9.70,0.00,9.70,AStar,
1358,8.50,AgentPrefab,Agent,MoveState,Moving,Goal,11.00,0.00,11.00,9.42,0.00,9.07,9.70,0.00,9.70,AStar,
1359,8.50,AgentPrefab,Agent,MoveState,Moving,Goal,11.00,0.00,11.00,9.42,0.00,9.08,9.70,0.00,9.70,AStar,
1360,8.51,AgentPrefab,Agent,MoveState,Moving,Goal,11.00,0.00,11.00,9.43,0.00,9.09,9.70,0.00,9.70,AStar,
1361,8.52,AgentPrefab,Agent,MoveState,Moving,Goal,11.00,0.00,11.00,9.43,0.00,9.10,9.70,0.00,9.70,AStar,
1362,8.52,AgentPrefab,Agent,MoveState,Moving,Goal,11.00,0.00,11.00,9.44,0.00,9.11,9.70,0.00,9.70,AStar,
1363,8.53,AgentPrefab,Agent,MoveState,Moving,Goal,11.00,0.00,11.00,9.44,0.00,9.12,9.70,0.00,9.70,AStar,
1364,8.54,AgentPrefab,Agent,MoveState,Moving,Goal,11.00,0.00,11.00,9.45,0.00,9.14,9.70,0.00,9.70,AStar,
1365,8.54,AgentPrefab,Agent,MoveState,Moving,Goal,11.00,0.00,11.00,9.45,0.00,9.15,9.70,0.00,9.70,AStar,
1366,8.55,AgentPrefab,Agent,MoveState,Moving,Goal,11.00,0.00,11.00,9.46,0.00,9.16,9.70,0.00,9.70,AStar,
1367,8.55,AgentPrefab,Agent,MoveState,Moving,Goal,11.00,0.00,11.00,9.46,0.00,9.17,9.70,0.00,9.70,AStar,
1368,8.56,AgentPrefab,Agent,MoveState,Moving,Goal,11.00,0.00,11.00,9.47,0.00,9.18,9.70,0.00,9.70,AStar,
1369,8.57,AgentPrefab,Agent,MoveState,Moving,Goal,11.00,0.00,11.00,9.47,0.00,9.19,9.70,0.00,9.70,AStar,
1370,8.57,AgentPrefab,Agent,MoveState,Moving,Goal,11.00,0.00,11.00,9.48,0.00,9.20,9.70,0.00,9.70,AStar,
1371,8.58,AgentPrefab,Agent,MoveState,Moving,Goal,11.00,0.00,11.00,9.48,0.00,9.22,9.70,0.00,9.70,AStar,
1372,8.59,AgentPrefab,Agent,MoveState,Moving,Goal,11.00,0.00,11.00,9.49,0.00,9.23,9.70,0.00,9.70,AStar,
1373,8.59,AgentPrefab,Agent,MoveState,Moving,Goal,11.00,0.00,11.00,9.50,0.00,9.24,9.70,0.00,9.70,AStar,
1374,8.60,AgentPrefab,Agent,MoveState,Moving,Goal,11.00,0.00,11.00,9.50,0.00,9.25,9.70,0.00,9.70,AStar,
1375,8.61,AgentPrefab,Agent,MoveState,Moving,Goal,11.00,0.00,11.00,9.51,0.00,9.26,9.70,0.00,9.70,AStar,
1376,8.61,AgentPrefab,Agent,MoveState,Moving,Goal,11.00,0.00,11.00,9.51,0.00,9.27,9.70,0.00,9.70,AStar,
1377,8.62,AgentPrefab,Agent,MoveState,Moving,Goal,11.00,0.00,11.00,9.52,0.00,9.29,9.70,0.00,9.70,AStar,
1378,8.62,AgentPrefab,Agent,MoveState,Moving,Goal,11.00,0.00,11.00,9.52,0.00,9.30,9.70,0.00,9.70,AStar,
1379,8.63,AgentPrefab,Agent,MoveState,Moving,Goal,11.00,0.00,11.00,9.53,0.00,9.31,9.70,0.00,9.70,AStar,
1380,8.64,AgentPrefab,Agent,MoveState,Moving,Goal,11.00,0.00,11.00,9.53,0.00,9.32,9.70,0.00,9.70,AStar,
1381,8.64,AgentPrefab,Agent,MoveState,Moving,Goal,11.00,0.00,11.00,9.54,0.00,9.33,9.70,0.00,9.70,AStar,
1382,8.65,AgentPrefab,Agent,MoveState,Moving,Goal,11.00,0.00,11.00,9.54,0.00,9.34,9.70,0.00,9.70,AStar,
1383,8.66,AgentPrefab,Agent,MoveState,Moving,Goal,11.00,0.00,11.00,9.55,0.00,9.35,9.70,0.00,9.70,AStar,
1384,8.66,AgentPrefab,Agent,MoveState,Moving,Goal,11.00,0.00,11.00,9.55,0.00,9.37,9.70,0.00,9.70,AStar,
1385,8.67,AgentPrefab,Agent,MoveState,Moving,Goal,11.00,0.00,11.00,9.56,0.00,9.38,9.70,0.00,9.70,AStar,
1386,8.67,AgentPrefab,Agent,MoveState,Moving,Goal,11.00,0.00,11.00,9.56,0.00,9.39,9.70,0.00,9.70,AStar,
1387,8.68,AgentPrefab,Agent,MoveState,Moving,Goal,11.00,0.00,11.00,9.57,0.00,9.40,9.70,0.00,9.70,AStar,
1388,8.69,AgentPrefab,Agent,MoveState,Moving,Goal,11.00,0.00,11.00,9.57,0.00,9.41,9.70,0.00,9.70,AStar,
1389,8.69,AgentPrefab,Agent,MoveState,Moving,Goal,11.00,0.00,11.00,9.58,0.00,9.42,9.70,0.00,9.70,AStar,
1390,8.70,AgentPrefab,Agent,MoveState,Moving,Goal,11.00,0.00,11.00,9.58,0.00,9.43,9.70,0.00,9.70,AStar,
1391,8.71,AgentPrefab,Agent,MoveState,Moving,Goal,11.00,0.00,11.00,9.59,0.00,9.45,9.70,0.00,9.70,AStar,
1392,8.71,AgentPrefab,Agent,MoveState,Moving,Goal,11.00,0.00,11.00,9.59,0.00,9.46,9.70,0.00,9.70,AStar,
1393,8.72,AgentPrefab,Agent,MoveState,Moving,Goal,11.00,0.00,11.00,9.60,0.00,9.47,9.70,0.00,9.70,AStar,
1394,8.73,AgentPrefab,Agent,MoveState,Moving,Goal,11.00,0.00,11.00,9.60,0.00,9.48,9.70,0.00,9.70,AStar,
1395,8.73,AgentPrefab,Agent,MoveState,Moving,Goal,11.00,0.00,11.00,9.61,0.00,9.49,9.70,0.00,9.70,AStar,
1396,8.74,AgentPrefab,Agent,MoveState,Moving,Goal,11.00,0.00,11.00,9.61,0.00,9.50,9.70,0.00,9.70,AStar,
1397,8.74,AgentPrefab,Agent,MoveState,Moving,Goal,11.00,0.00,11.00,9.62,0.00,9.52,9.70,0.00,9.70,AStar,
1398,8.75,AgentPrefab,Agent,MoveState,Moving,Goal,11.00,0.00,11.00,9.62,0.00,9.53,9.70,0.00,9.70,AStar,
1399,8.76,AgentPrefab,Agent,MoveState,Moving,Goal,11.00,0.00,11.00,9.63,0.00,9.54,9.70,0.00,9.70,AStar,
1400,8.76,AgentPrefab,Agent,MoveState,Moving,Goal,11.00,0.00,11.00,9.63,0.00,9.55,9.70,0.00,9.70,AStar,
1401,8.77,AgentPrefab,Agent,MoveState,Moving,Goal,11.00,0.00,11.00,9.64,0.00,9.56,9.70,0.00,9.70,AStar,
1402,8.77,AgentPrefab,Agent,MoveState,Moving,Goal,11.00,0.00,11.00,9.64,0.00,9.57,9.70,0.00,9.70,AStar,
1403,8.78,AgentPrefab,Agent,MoveState,Moving,Goal,11.00,0.00,11.00,9.65,0.00,9.58,9.70,0.00,9.70,AStar,
1404,8.79,AgentPrefab,Agent,MoveState,Moving,Goal,11.00,0.00,11.00,9.65,0.00,9.59,9.70,0.00,9.70,AStar,
1405,8.79,AgentPrefab,Agent,MoveState,Moving,Goal,11.00,0.00,11.00,9.66,0.00,9.61,9.70,0.00,9.70,AStar,
1406,8.80,AgentPrefab,Agent,MoveState,Moving,Goal,11.00,0.00,11.00,9.66,0.00,9.62,9.70,0.00,9.70,AStar,
1407,8.81,AgentPrefab,Agent,MoveState,Moving,Goal,11.00,0.00,11.00,9.67,0.00,9.63,9.70,0.00,9.70,AStar,
1408,8.81,AgentPrefab,Agent,MoveState,Moving,Goal,11.00,0.00,11.00,9.67,0.00,9.64,9.70,0.00,9.70,AStar,
1409,8.82,AgentPrefab,Agent,MoveState,Moving,Goal,11.00,0.00,11.00,9.68,0.00,9.65,9.70,0.00,9.70,AStar,
1410,8.82,AgentPrefab,Agent,MoveState,Moving,Goal,11.00,0.00,11.00,9.70,0.00,9.70,10.60,0.00,10.10,AStar,
1411,8.83,AgentPrefab,Agent,MoveState,Moving,Goal,11.00,0.00,11.00,9.71,0.00,9.71,10.60,0.00,10.10,AStar,
1412,8.84,AgentPrefab,Agent,MoveState,Moving,Goal,11.00,0.00,11.00,9.72,0.00,9.71,10.60,0.00,10.10,AStar,
1413,8.84,AgentPrefab,Agent,MoveState,Moving,Goal,11.00,0.00,11.00,9.73,0.00,9.72,10.60,0.00,10.10,AStar,
1414,8.85,AgentPrefab,Agent,MoveState,Moving,Goal,11.00,0.00,11.00,9.74,0.00,9.72,10.60,0.00,10.10,AStar,
1415,8.86,AgentPrefab,Agent,MoveState,Moving,Goal,11.00,0.00,11.00,9.76,0.00,9.73,10.60,0.00,10.10,AStar,
1416,8.86,AgentPrefab,Agent,MoveState,Moving,Goal,11.00,0.00,11.00,9.77,0.00,9.73,10.60,0.00,10.10,AStar,
1417,8.87,AgentPrefab,Agent,MoveState,Moving,Goal,11.00,0.00,11.00,9.78,0.00,9.74,10.60,0.00,10.10,AStar,
1418,8.88,AgentPrefab,Agent,MoveState,Moving,Goal,11.00,0.00,11.00,9.79,0.00,9.74,10.60,0.00,10.10,AStar,
1419,8.89,AgentPrefab,Agent,MoveState,Moving,Goal,11.00,0.00,11.00,9.80,0.00,9.75,10.60,0.00,10.10,AStar,
1420,8.90,AgentPrefab,Agent,MoveState,Moving,Goal,11.00,0.00,11.00,9.83,0.00,9.76,10.60,0.00,10.10,AStar,
1421,8.91,AgentPrefab,Agent,MoveState,Moving,Goal,11.00,0.00,11.00,9.85,0.00,9.77,10.60,0.00,10.10,AStar,
1422,8.91,AgentPrefab,Agent,MoveState,Moving,Goal,11.00,0.00,11.00,9.86,0.00,9.77,10.60,0.00,10.10,AStar,
1423,8.92,AgentPrefab,Agent,MoveState,Moving,Goal,11.00,0.00,11.00,9.87,0.00,9.78,10.60,0.00,10.10,AStar,
1424,8.93,AgentPrefab,Agent,MoveState,Moving,Goal,11.00,0.00,11.00,9.89,0.00,9.78,10.60,0.00,10.10,AStar,
1425,8.93,AgentPrefab,Agent,MoveState,Moving,Goal,11.00,0.00,11.00,9.90,0.00,9.79,10.60,0.00,10.10,AStar,
1426,8.94,AgentPrefab,Agent,MoveState,Moving,Goal,11.00,0.00,11.00,9.91,0.00,9.79,10.60,0.00,10.10,AStar,
1427,8.95,AgentPrefab,Agent,MoveState,Moving,Goal,11.00,0.00,11.00,9.92,0.00,9.80,10.60,0.00,10.10,AStar,
1428,8.95,AgentPrefab,Agent,MoveState,Moving,Goal,11.00,0.00,11.00,9.93,0.00,9.80,10.60,0.00,10.10,AStar,
1429,8.96,AgentPrefab,Agent,MoveState,Moving,Goal,11.00,0.00,11.00,9.94,0.00,9.81,10.60,0.00,10.10,AStar,
1430,8.96,AgentPrefab,Agent,MoveState,Moving,Goal,11.00,0.00,11.00,9.95,0.00,9.81,10.60,0.00,10.10,AStar,
1431,8.97,AgentPrefab,Agent,MoveState,Moving,Goal,11.00,0.00,11.00,9.97,0.00,9.82,10.60,0.00,10.10,AStar,
1432,8.98,AgentPrefab,Agent,MoveState,Moving,Goal,11.00,0.00,11.00,9.98,0.00,9.82,10.60,0.00,10.10,AStar,
1433,8.98,AgentPrefab,Agent,MoveState,Moving,Goal,11.00,0.00,11.00,9.99,0.00,9.83,10.60,0.00,10.10,AStar,
1434,8.99,AgentPrefab,Agent,MoveState,Moving,Goal,11.00,0.00,11.00,10.00,0.00,9.83,10.60,0.00,10.10,AStar,
1435,9.00,AgentPrefab,Agent,MoveState,Moving,Goal,11.00,0.00,11.00,10.01,0.00,9.84,10.60,0.00,10.10,AStar,
1436,9.00,AgentPrefab,Agent,MoveState,Moving,Goal,11.00,0.00,11.00,10.02,0.00,9.84,10.60,0.00,10.10,AStar,
1437,9.01,AgentPrefab,Agent,MoveState,Moving,Goal,11.00,0.00,11.00,10.04,0.00,9.85,10.60,0.00,10.10,AStar,
1438,9.01,AgentPrefab,Agent,MoveState,Moving,Goal,11.00,0.00,11.00,10.05,0.00,9.85,10.60,0.00,10.10,AStar,
1439,9.02,AgentPrefab,Agent,MoveState,Moving,Goal,11.00,0.00,11.00,10.06,0.00,9.86,10.60,0.00,10.10,AStar,
1440,9.03,AgentPrefab,Agent,MoveState,Moving,Goal,11.00,0.00,11.00,10.07,0.00,9.86,10.60,0.00,10.10,AStar,
1441,9.03,AgentPrefab,Agent,MoveState,Moving,Goal,11.00,0.00,11.00,10.08,0.00,9.87,10.60,0.00,10.10,AStar,
1442,9.04,AgentPrefab,Agent,MoveState,Moving,Goal,11.00,0.00,11.00,10.09,0.00,9.87,10.60,0.00,10.10,AStar,
1443,9.05,AgentPrefab,Agent,MoveState,Moving,Goal,11.00,0.00,11.00,10.11,0.00,9.88,10.60,0.00,10.10,AStar,
1444,9.06,AgentPrefab,Agent,MoveState,Moving,Goal,11.00,0.00,11.00,10.12,0.00,9.89,10.60,0.00,10.10,AStar,
1445,9.06,AgentPrefab,Agent,MoveState,Moving,Goal,11.00,0.00,11.00,10.13,0.00,9.89,10.60,0.00,10.10,AStar,
1446,9.07,AgentPrefab,Agent,MoveState,Moving,Goal,11.00,0.00,11.00,10.14,0.00,9.90,10.60,0.00,10.10,AStar,
1447,9.08,AgentPrefab,Agent,MoveState,Moving,Goal,11.00,0.00,11.00,10.16,0.00,9.90,10.60,0.00,10.10,AStar,
1448,9.08,AgentPrefab,Agent,MoveState,Moving,Goal,11.00,0.00,11.00,10.17,0.00,9.91,10.60,0.00,10.10,AStar,
1449,9.09,AgentPrefab,Agent,MoveState,Moving,Goal,11.00,0.00,11.00,10.18,0.00,9.91,10.60,0.00,10.10,AStar,
1450,9.09,AgentPrefab,Agent,MoveState,Moving,Goal,11.00,0.00,11.00,10.19,0.00,9.92,10.60,0.00,10.10,AStar,
1451,9.10,AgentPrefab,Agent,MoveState,Moving,Goal,11.00,0.00,11.00,10.20,0.00,9.92,10.60,0.00,10.10,AStar,
1452,9.11,AgentPrefab,Agent,MoveState,Moving,Goal,11.00,0.00,11.00,10.21,0.00,9.93,10.60,0.00,10.10,AStar,
1453,9.11,AgentPrefab,Agent,MoveState,Moving,Goal,11.00,0.00,11.00,10.23,0.00,9.93,10.60,0.00,10.10,AStar,
1454,9.12,AgentPrefab,Agent,MoveState,Moving,Goal,11.00,0.00,11.00,10.24,0.00,9.94,10.60,0.00,10.10,AStar,
1455,9.12,AgentPrefab,Agent,MoveState,Moving,Goal,11.00,0.00,11.00,10.25,0.00,9.94,10.60,0.00,10.10,AStar,
1456,9.13,AgentPrefab,Agent,MoveState,Moving,Goal,11.00,0.00,11.00,10.26,0.00,9.95,10.60,0.00,10.10,AStar,
1457,9.14,AgentPrefab,Agent,MoveState,Moving,Goal,11.00,0.00,11.00,10.27,0.00,9.95,10.60,0.00,10.10,AStar,
1458,9.14,AgentPrefab,Agent,MoveState,Moving,Goal,11.00,0.00,11.00,10.28,0.00,9.96,10.60,0.00,10.10,AStar,
1459,9.15,AgentPrefab,Agent,MoveState,Moving,Goal,11.00,0.00,11.00,10.29,0.00,9.96,10.60,0.00,10.10,AStar,
1460,9.16,AgentPrefab,Agent,MoveState,Moving,Goal,11.00,0.00,11.00,10.31,0.00,9.97,10.60,0.00,10.10,AStar,
1461,9.16,AgentPrefab,Agent,MoveState,Moving,Goal,11.00,0.00,11.00,10.32,0.00,9.97,10.60,0.00,10.10,AStar,
1462,9.17,AgentPrefab,Agent,MoveState,Moving,Goal,11.00,0.00,11.00,10.33,0.00,9.98,10.60,0.00,10.10,AStar,
1463,9.17,AgentPrefab,Agent,MoveState,Moving,Goal,11.00,0.00,11.00,10.34,0.00,9.98,10.60,0.00,10.10,AStar,
1464,9.18,AgentPrefab,Agent,MoveState,Moving,Goal,11.00,0.00,11.00,10.35,0.00,9.99,10.60,0.00,10.10,AStar,
1465,9.19,AgentPrefab,Agent,MoveState,Moving,Goal,11.00,0.00,11.00,10.36,0.00,9.99,10.60,0.00,10.10,AStar,
1466,9.19,AgentPrefab,Agent,MoveState,Moving,Goal,11.00,0.00,11.00,10.37,0.00,10.00,10.60,0.00,10.10,AStar,
1467,9.20,AgentPrefab,Agent,MoveState,Moving,Goal,11.00,0.00,11.00,10.39,0.00,10.00,10.60,0.00,10.10,AStar,
1468,9.21,AgentPrefab,Agent,MoveState,Moving,Goal,11.00,0.00,11.00,10.40,0.00,10.01,10.60,0.00,10.10,AStar,
1469,9.21,AgentPrefab,Agent,MoveState,Moving,Goal,11.00,0.00,11.00,10.41,0.00,10.01,10.60,0.00,10.10,AStar,
1470,9.22,AgentPrefab,Agent,MoveState,Moving,Goal,11.00,0.00,11.00,10.42,0.00,10.02,10.60,0.00,10.10,AStar,
1471,9.22,AgentPrefab,Agent,MoveState,Moving,Goal,11.00,0.00,11.00,10.43,0.00,10.03,10.60,0.00,10.10,AStar,
1472,9.23,AgentPrefab,Agent,MoveState,Moving,Goal,11.00,0.00,11.00,10.44,0.00,10.03,10.60,0.00,10.10,AStar,
1473,9.24,AgentPrefab,Agent,MoveState,Moving,Goal,11.00,0.00,11.00,10.45,0.00,10.04,10.60,0.00,10.10,AStar,
1474,9.24,AgentPrefab,Agent,MoveState,Moving,Goal,11.00,0.00,11.00,10.47,0.00,10.04,10.60,0.00,10.10,AStar,
1475,9.25,AgentPrefab,Agent,MoveState,Moving,Goal,11.00,0.00,11.00,10.48,0.00,10.05,10.60,0.00,10.10,AStar,
1476,9.26,AgentPrefab,Agent,MoveState,Moving,Goal,11.00,0.00,11.00,10.49,0.00,10.05,10.60,0.00,10.10,AStar,
1477,9.26,AgentPrefab,Agent,MoveState,Moving,Goal,11.00,0.00,11.00,10.50,0.00,10.06,10.60,0.00,10.10,AStar,
1478,9.27,AgentPrefab,Agent,MoveState,Moving,Goal,11.00,0.00,11.00,10.51,0.00,10.06,10.60,0.00,10.10,AStar,
1479,9.28,AgentPrefab,Agent,MoveState,Moving,Goal,11.00,0.00,11.00,10.52,0.00,10.07,10.60,0.00,10.10,AStar,
1480,9.28,AgentPrefab,Agent,MoveState,Moving,Goal,11.00,0.00,11.00,10.54,0.00,10.07,10.60,0.00,10.10,AStar,
1481,9.29,AgentPrefab,Agent,MoveState,Moving,Goal,11.00,0.00,11.00,10.55,0.00,10.08,10.60,0.00,10.10,AStar,
1482,9.29,AgentPrefab,Agent,MoveState,Moving,Goal,11.00,0.00,11.00,10.60,0.00,10.10,11.00,0.00,11.00,AStar,
1483,9.30,AgentPrefab,Agent,MoveState,Moving,Goal,11.00,0.00,11.00,10.61,0.00,10.11,11.00,0.00,11.00,AStar,
1484,9.31,AgentPrefab,Agent,MoveState,Moving,Goal,11.00,0.00,11.00,10.61,0.00,10.12,11.00,0.00,11.00,AStar,
1485,9.31,AgentPrefab,Agent,MoveState,Moving,Goal,11.00,0.00,11.00,10.62,0.00,10.13,11.00,0.00,11.00,AStar,
1486,9.32,AgentPrefab,Agent,MoveState,Moving,Goal,11.00,0.00,11.00,10.62,0.00,10.15,11.00,0.00,11.00,AStar,
1487,9.33,AgentPrefab,Agent,MoveState,Moving,Goal,11.00,0.00,11.00,10.63,0.00,10.16,11.00,0.00,11.00,AStar,
1488,9.33,AgentPrefab,Agent,MoveState,Moving,Goal,11.00,0.00,11.00,10.63,0.00,10.17,11.00,0.00,11.00,AStar,
1489,9.34,AgentPrefab,Agent,MoveState,Moving,Goal,11.00,0.00,11.00,10.64,0.00,10.18,11.00,0.00,11.00,AStar,
1490,9.34,AgentPrefab,Agent,MoveState,Moving,Goal,11.00,0.00,11.00,10.64,0.00,10.19,11.00,0.00,11.00,AStar,
1491,9.35,AgentPrefab,Agent,MoveState,Moving,Goal,11.00,0.00,11.00,10.65,0.00,10.20,11.00,0.00,11.00,AStar,
1492,9.36,AgentPrefab,Agent,MoveState,Moving,Goal,11.00,0.00,11.00,10.65,0.00,10.21,11.00,0.00,11.00,AStar,
1493,9.36,AgentPrefab,Agent,MoveState,Moving,Goal,11.00,0.00,11.00,10.66,0.00,10.23,11.00,0.00,11.00,AStar,
1494,9.37,AgentPrefab,Agent,MoveState,Moving,Goal,11.00,0.00,11.00,10.66,0.00,10.24,11.00,0.00,11.00,AStar,
1495,9.38,AgentPrefab,Agent,MoveState,Moving,Goal,11.00,0.00,11.00,10.67,0.00,10.25,11.00,0.00,11.00,AStar,
1496,9.38,AgentPrefab,Agent,MoveState,Moving,Goal,11.00,0.00,11.00,10.67,0.00,10.26,11.00,0.00,11.00,AStar,
1497,9.39,AgentPrefab,Agent,MoveState,Moving,Goal,11.00,0.00,11.00,10.68,0.00,10.27,11.00,0.00,11.00,AStar,
1498,9.39,AgentPrefab,Agent,MoveState,Moving,Goal,11.00,0.00,11.00,10.68,0.00,10.28,11.00,0.00,11.00,AStar,
1499,9.40,AgentPrefab,Agent,MoveState,Moving,Goal,11.00,0.00,11.00,10.69,0.00,10.29,11.00,0.00,11.00,AStar,
1500,9.41,AgentPrefab,Agent,MoveState,Moving,Goal,11.00,0.00,11.00,10.69,0.00,10.31,11.00,0.00,11.00,AStar,
1501,9.41,AgentPrefab,Agent,MoveState,Moving,Goal,11.00,0.00,11.00,10.70,0.00,10.32,11.00,0.00,11.00,AStar,
1502,9.42,AgentPrefab,Agent,MoveState,Moving,Goal,11.00,0.00,11.00,10.70,0.00,10.33,11.00,0.00,11.00,AStar,
1503,9.43,AgentPrefab,Agent,MoveState,Moving,Goal,11.00,0.00,11.00,10.71,0.00,10.34,11.00,0.00,11.00,AStar,
1504,9.43,AgentPrefab,Agent,MoveState,Moving,Goal,11.00,0.00,11.00,10.71,0.00,10.35,11.00,0.00,11.00,AStar,
1505,9.44,AgentPrefab,Agent,MoveState,Moving,Goal,11.00,0.00,11.00,10.72,0.00,10.36,11.00,0.00,11.00,AStar,
1506,9.44,AgentPrefab,Agent,MoveState,Moving,Goal,11.00,0.00,11.00,10.72,0.00,10.37,11.00,0.00,11.00,AStar,
1507,9.45,AgentPrefab,Agent,MoveState,Moving,Goal,11.00,0.00,11.00,10.73,0.00,10.39,11.00,0.00,11.00,AStar,
1508,9.46,AgentPrefab,Agent,MoveState,Moving,Goal,11.00,0.00,11.00,10.73,0.00,10.40,11.00,0.00,11.00,AStar,
1509,9.46,AgentPrefab,Agent,MoveState,Moving,Goal,11.00,0.00,11.00,10.74,0.00,10.41,11.00,0.00,11.00,AStar,
1510,9.47,AgentPrefab,Agent,MoveState,Moving,Goal,11.00,0.00,11.00,10.74,0.00,10.42,11.00,0.00,11.00,AStar,
1511,9.48,AgentPrefab,Agent,MoveState,Moving,Goal,11.00,0.00,11.00,10.75,0.00,10.43,11.00,0.00,11.00,AStar,
1512,9.48,AgentPrefab,Agent,MoveState,Moving,Goal,11.00,0.00,11.00,10.75,0.00,10.45,11.00,0.00,11.00,AStar,
1513,9.49,AgentPrefab,Agent,MoveState,Moving,Goal,11.00,0.00,11.00,10.76,0.00,10.46,11.00,0.00,11.00,AStar,
1514,9.50,AgentPrefab,Agent,MoveState,Moving,Goal,11.00,0.00,11.00,10.76,0.00,10.47,11.00,0.00,11.00,AStar,
1515,9.50,AgentPrefab,Agent,MoveState,Moving,Goal,11.00,0.00,11.00,10.77,0.00,10.48,11.00,0.00,11.00,AStar,
1516,9.51,AgentPrefab,Agent,MoveState,Moving,Goal,11.00,0.00,11.00,10.77,0.00,10.49,11.00,0.00,11.00,AStar,
1517,9.52,AgentPrefab,Agent,MoveState,Moving,Goal,11.00,0.00,11.00,10.78,0.00,10.50,11.00,0.00,11.00,AStar,
1518,9.52,AgentPrefab,Agent,MoveState,Moving,Goal,11.00,0.00,11.00,10.79,0.00,10.52,11.00,0.00,11.00,AStar,
1519,9.53,AgentPrefab,Agent,MoveState,Moving,Goal,11.00,0.00,11.00,10.79,0.00,10.53,11.00,0.00,11.00,AStar,
1520,9.53,AgentPrefab,Agent,MoveState,Moving,Goal,11.00,0.00,11.00,10.80,0.00,10.54,11.00,0.00,11.00,AStar,
1521,9.54,AgentPrefab,Agent,MoveState,Moving,Goal,11.00,0.00,11.00,10.80,0.00,10.55,11.00,0.00,11.00,AStar,
1522,9.55,AgentPrefab,Agent,MoveState,Moving,Goal,11.00,0.00,11.00,10.81,0.00,10.56,11.00,0.00,11.00,AStar,
1523,9.55,AgentPrefab,Agent,MoveState,Moving,Goal,11.00,0.00,11.00,10.81,0.00,10.57,11.00,0.00,11.00,AStar,
1524,9.56,AgentPrefab,Agent,MoveState,Moving,Goal,11.00,0.00,11.00,10.82,0.00,10.59,11.00,0.00,11.00,AStar,
1525,9.57,AgentPrefab,Agent,MoveState,Moving,Goal,11.00,0.00,11.00,10.82,0.00,10.60,11.00,0.00,11.00,AStar,
1526,9.57,AgentPrefab,Agent,MoveState,Moving,Goal,11.00,0.00,11.00,10.83,0.00,10.61,11.00,0.00,11.00,AStar,
1527,9.58,AgentPrefab,Agent,MoveState,Moving,Goal,11.00,0.00,11.00,10.83,0.00,10.62,11.00,0.00,11.00,AStar,
1528,9.58,AgentPrefab,Agent,MoveState,Moving,Goal,11.00,0.00,11.00,10.84,0.00,10.63,11.00,0.00,11.00,AStar,
1529,9.59,AgentPrefab,Agent,MoveState,Moving,Goal,11.00,0.00,11.00,10.84,0.00,10.64,11.00,0.00,11.00,AStar,
1530,9.60,AgentPrefab,Agent,MoveState,Moving,Goal,11.00,0.00,11.00,10.85,0.00,10.65,11.00,0.00,11.00,AStar,
1531,9.60,AgentPrefab,Agent,MoveState,Moving,Goal,11.00,0.00,11.00,10.85,0.00,10.67,11.00,0.00,11.00,AStar,
1532,9.61,AgentPrefab,Agent,MoveState,Moving,Goal,11.00,0.00,11.00,10.86,0.00,10.68,11.00,0.00,11.00,AStar,
1533,9.62,AgentPrefab,Agent,MoveState,Moving,Goal,11.00,0.00,11.00,10.86,0.00,10.69,11.00,0.00,11.00,AStar,
1534,9.62,AgentPrefab,Agent,MoveState,Moving,Goal,11.00,0.00,11.00,10.87,0.00,10.70,11.00,0.00,11.00,AStar,
1535,9.63,AgentPrefab,Agent,MoveState,Moving,Goal,11.00,0.00,11.00,10.87,0.00,10.71,11.00,0.00,11.00,AStar,
1536,9.63,AgentPrefab,Agent,MoveState,Moving,Goal,11.00,0.00,11.00,10.88,0.00,10.72,11.00,0.00,11.00,AStar,
1537,9.64,AgentPrefab,Agent,MoveState,Moving,Goal,11.00,0.00,11.00,10.88,0.00,10.73,11.00,0.00,11.00,AStar,
1538,9.65,AgentPrefab,Agent,MoveState,Moving,Goal,11.00,0.00,11.00,10.89,0.00,10.75,11.00,0.00,11.00,AStar,
1539,9.65,AgentPrefab,Agent,MoveState,Moving,Goal,11.00,0.00,11.00,10.89,0.00,10.76,11.00,0.00,11.00,AStar,
1540,9.66,AgentPrefab,Agent,MoveState,Moving,Goal,11.00,0.00,11.00,10.90,0.00,10.77,11.00,0.00,11.00,AStar,
1541,9.67,AgentPrefab,Agent,MoveState,Moving,Goal,11.00,0.00,11.00,10.90,0.00,10.78,11.00,0.00,11.00,AStar,
1542,9.67,AgentPrefab,Agent,MoveState,Moving,Goal,11.00,0.00,11.00,10.91,0.00,10.79,11.00,0.00,11.00,AStar,
1543,9.68,AgentPrefab,Agent,MoveState,Moving,Goal,11.00,0.00,11.00,10.91,0.00,10.80,11.00,0.00,11.00,AStar,
1544,9.68,AgentPrefab,Agent,MoveState,Moving,Goal,11.00,0.00,11.00,10.92,0.00,10.82,11.00,0.00,11.00,AStar,
1545,9.69,AgentPrefab,Agent,MoveState,Moving,Goal,11.00,0.00,11.00,10.92,0.00,10.83,11.00,0.00,11.00,AStar,
1546,9.70,AgentPrefab,Agent,MoveState,Moving,Goal,11.00,0.00,11.00,10.93,0.00,10.84,11.00,0.00,11.00,AStar,
1547,9.70,AgentPrefab,Agent,MoveState,Moving,Goal,11.00,0.00,11.00,10.93,0.00,10.85,11.00,0.00,11.00,AStar,
1548,9.71,AgentPrefab,Agent,MoveState,Moving,Goal,11.00,0.00,11.00,10.94,0.00,10.86,11.00,0.00,11.00,AStar,
1549,9.72,AgentPrefab,Agent,MoveState,Moving,Goal,11.00,0.00,11.00,10.94,0.00,10.87,11.00,0.00,11.00,AStar,
1550,9.72,AgentPrefab,Agent,MoveState,Moving,Goal,11.00,0.00,11.00,10.95,0.00,10.88,11.00,0.00,11.00,AStar,
1551,9.73,AgentPrefab,Agent,MoveState,Moving,Goal,11.00,0.00,11.00,10.95,0.00,10.89,11.00,0.00,11.00,AStar,
1552,9.74,AgentPrefab,Agent,MoveState,Moving,Goal,11.00,0.00,11.00,10.96,0.00,10.91,11.00,0.00,11.00,AStar,
1553,9.74,AgentPrefab,Agent,MoveState,Moving,Goal,11.00,0.00,11.00,10.96,0.00,10.92,11.00,0.00,11.00,AStar,
1554,9.75,AgentPrefab,Agent,MoveState,Moving,Goal,11.00,0.00,11.00,10.97,0.00,10.93,11.00,0.00,11.00,AStar,
1555,9.75,AgentPrefab,Agent,MoveState,Moving,Goal,11.00,0.00,11.00,10.97,0.00,10.94,11.00,0.00,11.00,AStar,
1556,9.76,AgentPrefab,Agent,MoveState,Moving,Goal,11.00,0.00,11.00,10.98,0.00,10.95,11.00,0.00,11.00,AStar,
1557,9.77,AgentPrefab,Agent,MoveState,Moving,Goal,11.00,0.00,11.00,11.00,0.00,11.00,11.00,0.00,11.00,AStar,
1557,9.77,AIManager,Performance,Pathfinding,Executed,AStar,0.00,0.00,0.00,0.00,0.00,0.00,0.00,0.00,0.00,AStar,1.339
1557,9.77,AgentPrefab,Agent,MoveState,Moving,Goal,20.00,0.00,10.00,11.00,0.00,11.00,11.00,0.00,11.00,AStar,
1558,9.78,AgentPrefab,Agent,MoveState,Moving,Goal,20.00,0.00,10.00,11.00,0.00,11.00,11.00,0.00,11.00,AStar,
1559,9.79,AgentPrefab,Agent,MoveState,Moving,Goal,20.00,0.00,10.00,11.00,0.00,11.00,12.00,0.00,10.80,AStar,
1560,9.80,AgentPrefab,Agent,MoveState,Moving,Goal,20.00,0.00,10.00,11.01,0.00,11.00,12.00,0.00,10.80,AStar,
1561,9.80,AgentPrefab,Agent,MoveState,Moving,Goal,20.00,0.00,10.00,11.02,0.00,11.00,12.00,0.00,10.80,AStar,
1562,9.81,AgentPrefab,Agent,MoveState,Moving,Goal,20.00,0.00,10.00,11.04,0.00,10.99,12.00,0.00,10.80,AStar,
1563,9.82,AgentPrefab,Agent,MoveState,Moving,Goal,20.00,0.00,10.00,11.05,0.00,10.99,12.00,0.00,10.80,AStar,
1564,9.82,AgentPrefab,Agent,MoveState,Moving,Goal,20.00,0.00,10.00,11.06,0.00,10.99,12.00,0.00,10.80,AStar,
1565,9.83,AgentPrefab,Agent,MoveState,Moving,Goal,20.00,0.00,10.00,11.07,0.00,10.99,12.00,0.00,10.80,AStar,
1566,9.83,AgentPrefab,Agent,MoveState,Moving,Goal,20.00,0.00,10.00,11.09,0.00,10.98,12.00,0.00,10.80,AStar,
1567,9.84,AgentPrefab,Agent,MoveState,Moving,Goal,20.00,0.00,10.00,11.10,0.00,10.98,12.00,0.00,10.80,AStar,
1568,9.85,AgentPrefab,Agent,MoveState,Moving,Goal,20.00,0.00,10.00,11.11,0.00,10.98,12.00,0.00,10.80,AStar,
1569,9.85,AgentPrefab,Agent,MoveState,Moving,Goal,20.00,0.00,10.00,11.12,0.00,10.98,12.00,0.00,10.80,AStar,
1570,9.86,AgentPrefab,Agent,MoveState,Moving,Goal,20.00,0.00,10.00,11.14,0.00,10.97,12.00,0.00,10.80,AStar,
1571,9.87,AgentPrefab,Agent,MoveState,Moving,Goal,20.00,0.00,10.00,11.15,0.00,10.97,12.00,0.00,10.80,AStar,
1572,9.87,AgentPrefab,Agent,MoveState,Moving,Goal,20.00,0.00,10.00,11.16,0.00,10.97,12.00,0.00,10.80,AStar,
1573,9.88,AgentPrefab,Agent,MoveState,Moving,Goal,20.00,0.00,10.00,11.17,0.00,10.97,12.00,0.00,10.80,AStar,
1574,9.89,AgentPrefab,Agent,MoveState,Moving,Goal,20.00,0.00,10.00,11.19,0.00,10.96,12.00,0.00,10.80,AStar,
1575,9.89,AgentPrefab,Agent,MoveState,Moving,Goal,20.00,0.00,10.00,11.20,0.00,10.96,12.00,0.00,10.80,AStar,
1576,9.90,AgentPrefab,Agent,MoveState,Moving,Goal,20.00,0.00,10.00,11.21,0.00,10.96,12.00,0.00,10.80,AStar,
1577,9.91,AgentPrefab,Agent,MoveState,Moving,Goal,20.00,0.00,10.00,11.22,0.00,10.96,12.00,0.00,10.80,AStar,
1578,9.91,AgentPrefab,Agent,MoveState,Moving,Goal,20.00,0.00,10.00,11.24,0.00,10.95,12.00,0.00,10.80,AStar,
1579,9.92,AgentPrefab,Agent,MoveState,Moving,Goal,20.00,0.00,10.00,11.25,0.00,10.95,12.00,0.00,10.80,AStar,
1580,9.92,AgentPrefab,Agent,MoveState,Moving,Goal,20.00,0.00,10.00,11.26,0.00,10.95,12.00,0.00,10.80,AStar,
1581,9.93,AgentPrefab,Agent,MoveState,Moving,Goal,20.00,0.00,10.00,11.27,0.00,10.95,12.00,0.00,10.80,AStar,
1582,9.94,AgentPrefab,Agent,MoveState,Moving,Goal,20.00,0.00,10.00,11.29,0.00,10.94,12.00,0.00,10.80,AStar,
1583,9.94,AgentPrefab,Agent,MoveState,Moving,Goal,20.00,0.00,10.00,11.30,0.00,10.94,12.00,0.00,10.80,AStar,
1584,9.95,AgentPrefab,Agent,MoveState,Moving,Goal,20.00,0.00,10.00,11.31,0.00,10.94,12.00,0.00,10.80,AStar,
1585,9.96,AgentPrefab,Agent,MoveState,Moving,Goal,20.00,0.00,10.00,11.32,0.00,10.94,12.00,0.00,10.80,AStar,
1586,9.96,AgentPrefab,Agent,MoveState,Moving,Goal,20.00,0.00,10.00,11.34,0.00,10.93,12.00,0.00,10.80,AStar,
1587,9.97,AgentPrefab,Agent,MoveState,Moving,Goal,20.00,0.00,10.00,11.35,0.00,10.93,12.00,0.00,10.80,AStar,
1588,9.98,AgentPrefab,Agent,MoveState,Moving,Goal,20.00,0.00,10.00,11.36,0.00,10.93,12.00,0.00,10.80,AStar,
1589,9.98,AgentPrefab,Agent,MoveState,Moving,Goal,20.00,0.00,10.00,11.37,0.00,10.93,12.00,0.00,10.80,AStar,
1590,9.99,AgentPrefab,Agent,MoveState,Moving,Goal,20.00,0.00,10.00,11.39,0.00,10.92,12.00,0.00,10.80,AStar,
1591,9.99,AgentPrefab,Agent,MoveState,Moving,Goal,20.00,0.00,10.00,11.40,0.00,10.92,12.00,0.00,10.80,AStar,
1592,10.01,AgentPrefab,Agent,MoveState,Moving,Goal,20.00,0.00,10.00,11.41,0.00,10.92,12.00,0.00,10.80,AStar,
1593,10.02,AgentPrefab,Agent,MoveState,Moving,Goal,20.00,0.00,10.00,11.44,0.00,10.91,12.00,0.00,10.80,AStar,
1594,10.03,AgentPrefab,Agent,MoveState,Moving,Goal,20.00,0.00,10.00,11.46,0.00,10.91,12.00,0.00,10.80,AStar,
1595,10.03,AgentPrefab,Agent,MoveState,Moving,Goal,20.00,0.00,10.00,11.48,0.00,10.90,12.00,0.00,10.80,AStar,
1596,10.04,AgentPrefab,Agent,MoveState,Moving,Goal,20.00,0.00,10.00,11.49,0.00,10.90,12.00,0.00,10.80,AStar,
1597,10.05,AgentPrefab,Agent,MoveState,Moving,Goal,20.00,0.00,10.00,11.50,0.00,10.90,12.00,0.00,10.80,AStar,
1598,10.05,AgentPrefab,Agent,MoveState,Moving,Goal,20.00,0.00,10.00,11.51,0.00,10.90,12.00,0.00,10.80,AStar,
1599,10.06,AgentPrefab,Agent,MoveState,Moving,Goal,20.00,0.00,10.00,11.53,0.00,10.89,12.00,0.00,10.80,AStar,
1600,10.06,AgentPrefab,Agent,MoveState,Moving,Goal,20.00,0.00,10.00,11.54,0.00,10.89,12.00,0.00,10.80,AStar,
1601,10.07,AgentPrefab,Agent,MoveState,Moving,Goal,20.00,0.00,10.00,11.55,0.00,10.89,12.00,0.00,10.80,AStar,
1602,10.08,AgentPrefab,Agent,MoveState,Moving,Goal,20.00,0.00,10.00,11.56,0.00,10.89,12.00,0.00,10.80,AStar,
1603,10.09,AgentPrefab,Agent,MoveState,Moving,Goal,20.00,0.00,10.00,11.57,0.00,10.89,12.00,0.00,10.80,AStar,
1604,10.09,AgentPrefab,Agent,MoveState,Moving,Goal,20.00,0.00,10.00,11.59,0.00,10.88,12.00,0.00,10.80,AStar,
1605,10.10,AgentPrefab,Agent,MoveState,Moving,Goal,20.00,0.00,10.00,11.60,0.00,10.88,12.00,0.00,10.80,AStar,
1606,10.11,AgentPrefab,Agent,MoveState,Moving,Goal,20.00,0.00,10.00,11.62,0.00,10.88,12.00,0.00,10.80,AStar,
1607,10.11,AgentPrefab,Agent,MoveState,Moving,Goal,20.00,0.00,10.00,11.63,0.00,10.87,12.00,0.00,10.80,AStar,
1608,10.12,AgentPrefab,Agent,MoveState,Moving,Goal,20.00,0.00,10.00,11.65,0.00,10.87,12.00,0.00,10.80,AStar,
1609,10.13,AgentPrefab,Agent,MoveState,Moving,Goal,20.00,0.00,10.00,11.66,0.00,10.87,12.00,0.00,10.80,AStar,
1610,10.14,AgentPrefab,Agent,MoveState,Moving,Goal,20.00,0.00,10.00,11.68,0.00,10.86,12.00,0.00,10.80,AStar,
1611,10.15,AgentPrefab,Agent,MoveState,Moving,Goal,20.00,0.00,10.00,11.69,0.00,10.86,12.00,0.00,10.80,AStar,
1612,10.15,AgentPrefab,Agent,MoveState,Moving,Goal,20.00,0.00,10.00,11.71,0.00,10.86,12.00,0.00,10.80,AStar,
1613,10.16,AgentPrefab,Agent,MoveState,Moving,Goal,20.00,0.00,10.00,11.72,0.00,10.86,12.00,0.00,10.80,AStar,
1614,10.17,AgentPrefab,Agent,MoveState,Moving,Goal,20.00,0.00,10.00,11.73,0.00,10.85,12.00,0.00,10.80,AStar,
1615,10.17,AgentPrefab,Agent,MoveState,Moving,Goal,20.00,0.00,10.00,11.75,0.00,10.85,12.00,0.00,10.80,AStar,
1616,10.18,AgentPrefab,Agent,MoveState,Moving,Goal,20.00,0.00,10.00,11.76,0.00,10.85,12.00,0.00,10.80,AStar,
1617,10.19,AgentPrefab,Agent,MoveState,Moving,Goal,20.00,0.00,10.00,11.77,0.00,10.85,12.00,0.00,10.80,AStar,
1618,10.19,AgentPrefab,Agent,MoveState,Moving,Goal,20.00,0.00,10.00,11.79,0.00,10.84,12.00,0.00,10.80,AStar,
1619,10.20,AgentPrefab,Agent,MoveState,Moving,Goal,20.00,0.00,10.00,11.80,0.00,10.84,12.00,0.00,10.80,AStar,
1620,10.21,AgentPrefab,Agent,MoveState,Moving,Goal,20.00,0.00,10.00,11.81,0.00,10.84,12.00,0.00,10.80,AStar,
1621,10.21,AgentPrefab,Agent,MoveState,Moving,Goal,20.00,0.00,10.00,11.83,0.00,10.83,12.00,0.00,10.80,AStar,
1622,10.22,AgentPrefab,Agent,MoveState,Moving,Goal,20.00,0.00,10.00,11.84,0.00,10.83,12.00,0.00,10.80,AStar,
1623,10.22,AgentPrefab,Agent,MoveState,Moving,Goal,20.00,0.00,10.00,11.85,0.00,10.83,12.00,0.00,10.80,AStar,
1624,10.23,AgentPrefab,Agent,MoveState,Moving,Goal,20.00,0.00,10.00,11.86,0.00,10.83,12.00,0.00,10.80,AStar,
1625,10.24,AgentPrefab,Agent,MoveState,Moving,Goal,20.00,0.00,10.00,11.88,0.00,10.82,12.00,0.00,10.80,AStar,
1626,10.24,AgentPrefab,Agent,MoveState,Moving,Goal,20.00,0.00,10.00,11.89,0.00,10.82,12.00,0.00,10.80,AStar,
1627,10.25,AgentPrefab,Agent,MoveState,Moving,Goal,20.00,0.00,10.00,11.90,0.00,10.82,12.00,0.00,10.80,AStar,
1628,10.26,AgentPrefab,Agent,MoveState,Moving,Goal,20.00,0.00,10.00,11.91,0.00,10.82,12.00,0.00,10.80,AStar,
1629,10.26,AgentPrefab,Agent,MoveState,Moving,Goal,20.00,0.00,10.00,11.93,0.00,10.81,12.00,0.00,10.80,AStar,
1630,10.27,AgentPrefab,Agent,MoveState,Moving,Goal,20.00,0.00,10.00,11.94,0.00,10.81,12.00,0.00,10.80,AStar,
1631,10.28,AgentPrefab,Agent,MoveState,Moving,Goal,20.00,0.00,10.00,12.00,0.00,10.80,13.00,0.00,10.60,AStar,
1632,10.28,AgentPrefab,Agent,MoveState,Moving,Goal,20.00,0.00,10.00,12.01,0.00,10.80,13.00,0.00,10.60,AStar,
1633,10.29,AgentPrefab,Agent,MoveState,Moving,Goal,20.00,0.00,10.00,12.02,0.00,10.80,13.00,0.00,10.60,AStar,
1634,10.30,AgentPrefab,Agent,MoveState,Moving,Goal,20.00,0.00,10.00,12.04,0.00,10.79,13.00,0.00,10.60,AStar,
1635,10.30,AgentPrefab,Agent,MoveState,Moving,Goal,20.00,0.00,10.00,12.05,0.00,10.79,13.00,0.00,10.60,AStar,
1636,10.31,AgentPrefab,Agent,MoveState,Moving,Goal,20.00,0.00,10.00,12.06,0.00,10.79,13.00,0.00,10.60,AStar,
1637,10.32,AgentPrefab,Agent,MoveState,Moving,Goal,20.00,0.00,10.00,12.08,0.00,10.78,13.00,0.00,10.60,AStar,
1638,10.32,AgentPrefab,Agent,MoveState,Moving,Goal,20.00,0.00,10.00,12.09,0.00,10.78,13.00,0.00,10.60,AStar,
1639,10.33,AgentPrefab,Agent,MoveState,Moving,Goal,20.00,0.00,10.00,12.10,0.00,10.78,13.00,0.00,10.60,AStar,
1640,10.33,AgentPrefab,Agent,MoveState,Moving,Goal,20.00,0.00,10.00,12.11,0.00,10.78,13.00,0.00,10.60,AStar,
1641,10.34,AgentPrefab,Agent,MoveState,Moving,Goal,20.00,0.00,10.00,12.13,0.00,10.77,13.00,0.00,10.60,AStar,
1642,10.35,AgentPrefab,Agent,MoveState,Moving,Goal,20.00,0.00,10.00,12.14,0.00,10.77,13.00,0.00,10.60,AStar,
1643,10.35,AgentPrefab,Agent,MoveState,Moving,Goal,20.00,0.00,10.00,12.15,0.00,10.77,13.00,0.00,10.60,AStar,
1644,10.36,AgentPrefab,Agent,MoveState,Moving,Goal,20.00,0.00,10.00,12.16,0.00,10.77,13.00,0.00,10.60,AStar,
1645,10.37,AgentPrefab,Agent,MoveState,Moving,Goal,20.00,0.00,10.00,12.18,0.00,10.76,13.00,0.00,10.60,AStar,
1646,10.37,AgentPrefab,Agent,MoveState,Moving,Goal,20.00,0.00,10.00,12.19,0.00,10.76,13.00,0.00,10.60,AStar,
1647,10.38,AgentPrefab,Agent,MoveState,Moving,Goal,20.00,0.00,10.00,12.20,0.00,10.76,13.00,0.00,10.60,AStar,
1648,10.39,AgentPrefab,Agent,MoveState,Moving,Goal,20.00,0.00,10.00,12.21,0.00,10.76,13.00,0.00,10.60,AStar,
1649,10.39,AgentPrefab,Agent,MoveState,Moving,Goal,20.00,0.00,10.00,12.23,0.00,10.75,13.00,0.00,10.60,AStar,
1650,10.40,AgentPrefab,Agent,MoveState,Moving,Goal,20.00,0.00,10.00,12.24,0.00,10.75,13.00,0.00,10.60,AStar,
1651,10.40,AgentPrefab,Agent,MoveState,Moving,Goal,20.00,0.00,10.00,12.25,0.00,10.75,13.00,0.00,10.60,AStar,
1652,10.41,AgentPrefab,Agent,MoveState,Moving,Goal,20.00,0.00,10.00,12.26,0.00,10.75,13.00,0.00,10.60,AStar,
1653,10.42,AgentPrefab,Agent,MoveState,Moving,Goal,20.00,0.00,10.00,12.28,0.00,10.74,13.00,0.00,10.60,AStar,
1654,10.42,AgentPrefab,Agent,MoveState,Moving,Goal,20.00,0.00,10.00,12.29,0.00,10.74,13.00,0.00,10.60,AStar,
1655,10.43,AgentPrefab,Agent,MoveState,Moving,Goal,20.00,0.00,10.00,12.30,0.00,10.74,13.00,0.00,10.60,AStar,
1656,10.44,AgentPrefab,Agent,MoveState,Moving,Goal,20.00,0.00,10.00,12.31,0.00,10.74,13.00,0.00,10.60,AStar,
1657,10.44,AgentPrefab,Agent,MoveState,Moving,Goal,20.00,0.00,10.00,12.33,0.00,10.73,13.00,0.00,10.60,AStar,
1658,10.45,AgentPrefab,Agent,MoveState,Moving,Goal,20.00,0.00,10.00,12.34,0.00,10.73,13.00,0.00,10.60,AStar,
1659,10.46,AgentPrefab,Agent,MoveState,Moving,Goal,20.00,0.00,10.00,12.35,0.00,10.73,13.00,0.00,10.60,AStar,
1660,10.46,AgentPrefab,Agent,MoveState,Moving,Goal,20.00,0.00,10.00,12.36,0.00,10.73,13.00,0.00,10.60,AStar,
1661,10.47,AgentPrefab,Agent,MoveState,Moving,Goal,20.00,0.00,10.00,12.38,0.00,10.72,13.00,0.00,10.60,AStar,
1662,10.47,AgentPrefab,Agent,MoveState,Moving,Goal,20.00,0.00,10.00,12.39,0.00,10.72,13.00,0.00,10.60,AStar,
1663,10.48,AgentPrefab,Agent,MoveState,Moving,Goal,20.00,0.00,10.00,12.40,0.00,10.72,13.00,0.00,10.60,AStar,
1664,10.49,AgentPrefab,Agent,MoveState,Moving,Goal,20.00,0.00,10.00,12.41,0.00,10.72,13.00,0.00,10.60,AStar,
1665,10.49,AgentPrefab,Agent,MoveState,Moving,Goal,20.00,0.00,10.00,12.43,0.00,10.71,13.00,0.00,10.60,AStar,
1666,10.50,AgentPrefab,Agent,MoveState,Moving,Goal,20.00,0.00,10.00,12.44,0.00,10.71,13.00,0.00,10.60,AStar,
1667,10.51,AgentPrefab,Agent,MoveState,Moving,Goal,20.00,0.00,10.00,12.45,0.00,10.71,13.00,0.00,10.60,AStar,
1668,10.51,AgentPrefab,Agent,MoveState,Moving,Goal,20.00,0.00,10.00,12.46,0.00,10.71,13.00,0.00,10.60,AStar,
1669,10.52,AgentPrefab,Agent,MoveState,Moving,Goal,20.00,0.00,10.00,12.47,0.00,10.71,13.00,0.00,10.60,AStar,
1670,10.53,AgentPrefab,Agent,MoveState,Moving,Goal,20.00,0.00,10.00,12.49,0.00,10.70,13.00,0.00,10.60,AStar,
1671,10.53,AgentPrefab,Agent,MoveState,Moving,Goal,20.00,0.00,10.00,12.50,0.00,10.70,13.00,0.00,10.60,AStar,
1672,10.54,AgentPrefab,Agent,MoveState,Moving,Goal,20.00,0.00,10.00,12.51,0.00,10.70,13.00,0.00,10.60,AStar,
1673,10.54,AgentPrefab,Agent,MoveState,Moving,Goal,20.00,0.00,10.00,12.53,0.00,10.69,13.00,0.00,10.60,AStar,
1674,10.55,AgentPrefab,Agent,MoveState,Moving,Goal,20.00,0.00,10.00,12.54,0.00,10.69,13.00,0.00,10.60,AStar,
1675,10.56,AgentPrefab,Agent,MoveState,Moving,Goal,20.00,0.00,10.00,12.55,0.00,10.69,13.00,0.00,10.60,AStar,
1676,10.56,AgentPrefab,Agent,MoveState,Moving,Goal,20.00,0.00,10.00,12.56,0.00,10.69,13.00,0.00,10.60,AStar,
1677,10.57,AgentPrefab,Agent,MoveState,Moving,Goal,20.00,0.00,10.00,12.58,0.00,10.68,13.00,0.00,10.60,AStar,
1678,10.58,AgentPrefab,Agent,MoveState,Moving,Goal,20.00,0.00,10.00,12.59,0.00,10.68,13.00,0.00,10.60,AStar,
1679,10.58,AgentPrefab,Agent,MoveState,Moving,Goal,20.00,0.00,10.00,12.60,0.00,10.68,13.00,0.00,10.60,AStar,
1680,10.59,AgentPrefab,Agent,MoveState,Moving,Goal,20.00,0.00,10.00,12.61,0.00,10.68,13.00,0.00,10.60,AStar,
1681,10.60,AgentPrefab,Agent,MoveState,Moving,Goal,20.00,0.00,10.00,12.63,0.00,10.67,13.00,0.00,10.60,AStar,
1682,10.60,AgentPrefab,Agent,MoveState,Moving,Goal,20.00,0.00,10.00,12.64,0.00,10.67,13.00,0.00,10.60,AStar,
1683,10.61,AgentPrefab,Agent,MoveState,Moving,Goal,20.00,0.00,10.00,12.65,0.00,10.67,13.00,0.00,10.60,AStar,
1684,10.61,AgentPrefab,Agent,MoveState,Moving,Goal,20.00,0.00,10.00,12.66,0.00,10.67,13.00,0.00,10.60,AStar,
1685,10.62,AgentPrefab,Agent,MoveState,Moving,Goal,20.00,0.00,10.00,12.68,0.00,10.66,13.00,0.00,10.60,AStar,
1686,10.63,AgentPrefab,Agent,MoveState,Moving,Goal,20.00,0.00,10.00,12.69,0.00,10.66,13.00,0.00,10.60,AStar,
1687,10.63,AgentPrefab,Agent,MoveState,Moving,Goal,20.00,0.00,10.00,12.70,0.00,10.66,13.00,0.00,10.60,AStar,
1688,10.64,AgentPrefab,Agent,MoveState,Moving,Goal,20.00,0.00,10.00,12.71,0.00,10.66,13.00,0.00,10.60,AStar,
1689,10.65,AgentPrefab,Agent,MoveState,Moving,Goal,20.00,0.00,10.00,12.72,0.00,10.66,13.00,0.00,10.60,AStar,
1690,10.65,AgentPrefab,Agent,MoveState,Moving,Goal,20.00,0.00,10.00,12.74,0.00,10.65,13.00,0.00,10.60,AStar,
1691,10.66,AgentPrefab,Agent,MoveState,Moving,Goal,20.00,0.00,10.00,12.75,0.00,10.65,13.00,0.00,10.60,AStar,
1692,10.66,AgentPrefab,Agent,MoveState,Moving,Goal,20.00,0.00,10.00,12.76,0.00,10.65,13.00,0.00,10.60,AStar,
1693,10.67,AgentPrefab,Agent,MoveState,Moving,Goal,20.00,0.00,10.00,12.77,0.00,10.65,13.00,0.00,10.60,AStar,
1694,10.68,AgentPrefab,Agent,MoveState,Moving,Goal,20.00,0.00,10.00,12.79,0.00,10.64,13.00,0.00,10.60,AStar,
1695,10.68,AgentPrefab,Agent,MoveState,Moving,Goal,20.00,0.00,10.00,12.80,0.00,10.64,13.00,0.00,10.60,AStar,
1696,10.69,AgentPrefab,Agent,MoveState,Moving,Goal,20.00,0.00,10.00,12.81,0.00,10.64,13.00,0.00,10.60,AStar,
1697,10.70,AgentPrefab,Agent,MoveState,Moving,Goal,20.00,0.00,10.00,12.82,0.00,10.64,13.00,0.00,10.60,AStar,
1698,10.70,AgentPrefab,Agent,MoveState,Moving,Goal,20.00,0.00,10.00,12.84,0.00,10.63,13.00,0.00,10.60,AStar,
1699,10.71,AgentPrefab,Agent,MoveState,Moving,Goal,20.00,0.00,10.00,12.85,0.00,10.63,13.00,0.00,10.60,AStar,
1700,10.72,AgentPrefab,Agent,MoveState,Moving,Goal,20.00,0.00,10.00,12.86,0.00,10.63,13.00,0.00,10.60,AStar,
1701,10.72,AgentPrefab,Agent,MoveState,Moving,Goal,20.00,0.00,10.00,12.87,0.00,10.63,13.00,0.00,10.60,AStar,
1702,10.73,AgentPrefab,Agent,MoveState,Moving,Goal,20.00,0.00,10.00,12.89,0.00,10.62,13.00,0.00,10.60,AStar,
1703,10.73,AgentPrefab,Agent,MoveState,Moving,Goal,20.00,0.00,10.00,12.90,0.00,10.62,13.00,0.00,10.60,AStar,
1704,10.74,AgentPrefab,Agent,MoveState,Moving,Goal,20.00,0.00,10.00,12.91,0.00,10.62,13.00,0.00,10.60,AStar,
1705,10.75,AgentPrefab,Agent,MoveState,Moving,Goal,20.00,0.00,10.00,12.92,0.00,10.62,13.00,0.00,10.60,AStar,
1706,10.75,AgentPrefab,Agent,MoveState,Moving,Goal,20.00,0.00,10.00,12.94,0.00,10.61,13.00,0.00,10.60,AStar,
1707,10.76,AgentPrefab,Agent,MoveState,Moving,Goal,20.00,0.00,10.00,12.95,0.00,10.61,13.00,0.00,10.60,AStar,
1708,10.77,AgentPrefab,Agent,MoveState,Moving,Goal,20.00,0.00,10.00,13.00,0.00,10.60,14.00,0.00,10.40,AStar,
1709,10.77,AgentPrefab,Agent,MoveState,Moving,Goal,20.00,0.00,10.00,13.01,0.00,10.60,14.00,0.00,10.40,AStar,
1710,10.78,AgentPrefab,Agent,MoveState,Moving,Goal,20.00,0.00,10.00,13.03,0.00,10.59,14.00,0.00,10.40,AStar,
1711,10.78,AgentPrefab,Agent,MoveState,Moving,Goal,20.00,0.00,10.00,13.04,0.00,10.59,14.00,0.00,10.40,AStar,
1712,10.79,AgentPrefab,Agent,MoveState,Moving,Goal,20.00,0.00,10.00,13.05,0.00,10.59,14.00,0.00,10.40,AStar,
1713,10.80,AgentPrefab,Agent,MoveState,Moving,Goal,20.00,0.00,10.00,13.06,0.00,10.59,14.00,0.00,10.40,AStar,
1714,10.80,AgentPrefab,Agent,MoveState,Moving,Goal,20.00,0.00,10.00,13.07,0.00,10.59,14.00,0.00,10.40,AStar,
1715,10.81,AgentPrefab,Agent,MoveState,Moving,Goal,20.00,0.00,10.00,13.09,0.00,10.58,14.00,0.00,10.40,AStar,
1716,10.82,AgentPrefab,Agent,MoveState,Moving,Goal,20.00,0.00,10.00,13.10,0.00,10.58,14.00,0.00,10.40,AStar,
1717,10.82,AgentPrefab,Agent,MoveState,Moving,Goal,20.00,0.00,10.00,13.11,0.00,10.58,14.00,0.00,10.40,AStar,
1718,10.83,AgentPrefab,Agent,MoveState,Moving,Goal,20.00,0.00,10.00,13.12,0.00,10.58,14.00,0.00,10.40,AStar,
1719,10.83,AgentPrefab,Agent,MoveState,Moving,Goal,20.00,0.00,10.00,13.14,0.00,10.57,14.00,0.00,10.40,AStar,
1720,10.84,AgentPrefab,Agent,MoveState,Moving,Goal,20.00,0.00,10.00,13.15,0.00,10.57,14.00,0.00,10.40,AStar,
1721,10.85,AgentPrefab,Agent,MoveState,Moving,Goal,20.00,0.00,10.00,13.16,0.00,10.57,14.00,0.00,10.40,AStar,
1722,10.86,AgentPrefab,Agent,MoveState,Moving,Goal,20.00,0.00,10.00,13.18,0.00,10.56,14.00,0.00,10.40,AStar,
1723,10.86,AgentPrefab,Agent,MoveState,Moving,Goal,20.00,0.00,10.00,13.19,0.00,10.56,14.00,0.00,10.40,AStar,
1724,10.87,AgentPrefab,Agent,MoveState,Moving,Goal,20.00,0.00,10.00,13.20,0.00,10.56,14.00,0.00,10.40,AStar,
1725,10.88,AgentPrefab,Agent,MoveState,Moving,Goal,20.00,0.00,10.00,13.22,0.00,10.56,14.00,0.00,10.40,AStar,
1726,10.88,AgentPrefab,Agent,MoveState,Moving,Goal,20.00,0.00,10.00,13.23,0.00,10.55,14.00,0.00,10.40,AStar,
1727,10.89,AgentPrefab,Agent,MoveState,Moving,Goal,20.00,0.00,10.00,13.24,0.00,10.55,14.00,0.00,10.40,AStar,
1728,10.90,AgentPrefab,Agent,MoveState,Moving,Goal,20.00,0.00,10.00,13.25,0.00,10.55,14.00,0.00,10.40,AStar,
1729,10.90,AgentPrefab,Agent,MoveState,Moving,Goal,20.00,0.00,10.00,13.27,0.00,10.55,14.00,0.00,10.40,AStar,
1730,10.91,AgentPrefab,Agent,MoveState,Moving,Goal,20.00,0.00,10.00,13.28,0.00,10.54,14.00,0.00,10.40,AStar,
1731,10.91,AgentPrefab,Agent,MoveState,Moving,Goal,20.00,0.00,10.00,13.29,0.00,10.54,14.00,0.00,10.40,AStar,
1732,10.92,AgentPrefab,Agent,MoveState,Moving,Goal,20.00,0.00,10.00,13.30,0.00,10.54,14.00,0.00,10.40,AStar,
1733,10.93,AgentPrefab,Agent,MoveState,Moving,Goal,20.00,0.00,10.00,13.32,0.00,10.54,14.00,0.00,10.40,AStar,
1734,10.93,AgentPrefab,Agent,MoveState,Moving,Goal,20.00,0.00,10.00,13.33,0.00,10.53,14.00,0.00,10.40,AStar,
1735,10.94,AgentPrefab,Agent,MoveState,Moving,Goal,20.00,0.00,10.00,13.34,0.00,10.53,14.00,0.00,10.40,AStar,
1736,10.95,AgentPrefab,Agent,MoveState,Moving,Goal,20.00,0.00,10.00,13.36,0.00,10.53,14.00,0.00,10.40,AStar,
1737,10.95,AgentPrefab,Agent,MoveState,Moving,Goal,20.00,0.00,10.00,13.37,0.00,10.53,14.00,0.00,10.40,AStar,
1738,10.96,AgentPrefab,Agent,MoveState,Moving,Goal,20.00,0.00,10.00,13.38,0.00,10.52,14.00,0.00,10.40,AStar,
1739,10.97,AgentPrefab,Agent,MoveState,Moving,Goal,20.00,0.00,10.00,13.39,0.00,10.52,14.00,0.00,10.40,AStar,
1740,10.97,AgentPrefab,Agent,MoveState,Moving,Goal,20.00,0.00,10.00,13.41,0.00,10.52,14.00,0.00,10.40,AStar,
1741,10.98,AgentPrefab,Agent,MoveState,Moving,Goal,20.00,0.00,10.00,13.42,0.00,10.52,14.00,0.00,10.40,AStar,
1742,10.98,AgentPrefab,Agent,MoveState,Moving,Goal,20.00,0.00,10.00,13.43,0.00,10.51,14.00,0.00,10.40,AStar,
1743,10.99,AgentPrefab,Agent,MoveState,Moving,Goal,20.00,0.00,10.00,13.44,0.00,10.51,14.00,0.00,10.40,AStar,
1744,11.00,AgentPrefab,Agent,MoveState,Moving,Goal,20.00,0.00,10.00,13.46,0.00,10.51,14.00,0.00,10.40,AStar,
1745,11.00,AgentPrefab,Agent,MoveState,Moving,Goal,20.00,0.00,10.00,13.47,0.00,10.51,14.00,0.00,10.40,AStar,
1746,11.01,AgentPrefab,Agent,MoveState,Moving,Goal,20.00,0.00,10.00,13.48,0.00,10.50,14.00,0.00,10.40,AStar,
1747,11.02,AgentPrefab,Agent,MoveState,Moving,Goal,20.00,0.00,10.00,13.49,0.00,10.50,14.00,0.00,10.40,AStar,
1748,11.02,AgentPrefab,Agent,MoveState,Moving,Goal,20.00,0.00,10.00,13.51,0.00,10.50,14.00,0.00,10.40,AStar,
1749,11.03,AgentPrefab,Agent,MoveState,Moving,Goal,20.00,0.00,10.00,13.52,0.00,10.50,14.00,0.00,10.40,AStar,
1750,11.04,AgentPrefab,Agent,MoveState,Moving,Goal,20.00,0.00,10.00,13.53,0.00,10.49,14.00,0.00,10.40,AStar,
1751,11.05,AgentPrefab,Agent,MoveState,Moving,Goal,20.00,0.00,10.00,13.56,0.00,10.49,14.00,0.00,10.40,AStar,
1752,11.06,AgentPrefab,Agent,MoveState,Moving,Goal,20.00,0.00,10.00,13.58,0.00,10.48,14.00,0.00,10.40,AStar,
1753,11.07,AgentPrefab,Agent,MoveState,Moving,Goal,20.00,0.00,10.00,13.59,0.00,10.48,14.00,0.00,10.40,AStar,
1754,11.07,AgentPrefab,Agent,MoveState,Moving,Goal,20.00,0.00,10.00,13.61,0.00,10.48,14.00,0.00,10.40,AStar,
1755,11.08,AgentPrefab,Agent,MoveState,Moving,Goal,20.00,0.00,10.00,13.62,0.00,10.48,14.00,0.00,10.40,AStar,
1756,11.09,AgentPrefab,Agent,MoveState,Moving,Goal,20.00,0.00,10.00,13.63,0.00,10.47,14.00,0.00,10.40,AStar,
1757,11.09,AgentPrefab,Agent,MoveState,Moving,Goal,20.00,0.00,10.00,13.64,0.00,10.47,14.00,0.00,10.40,AStar,
1758,11.10,AgentPrefab,Agent,MoveState,Moving,Goal,20.00,0.00,10.00,13.66,0.00,10.47,14.00,0.00,10.40,AStar,
1759,11.11,AgentPrefab,Agent,MoveState,Moving,Goal,20.00,0.00,10.00,13.67,0.00,10.47,14.00,0.00,10.40,AStar,
1760,11.11,AgentPrefab,Agent,MoveState,Moving,Goal,20.00,0.00,10.00,13.68,0.00,10.46,14.00,0.00,10.40,AStar,
1761,11.12,AgentPrefab,Agent,MoveState,Moving,Goal,20.00,0.00,10.00,13.69,0.00,10.46,14.00,0.00,10.40,AStar,
1762,11.13,AgentPrefab,Agent,MoveState,Moving,Goal,20.00,0.00,10.00,13.71,0.00,10.46,14.00,0.00,10.40,AStar,
1763,11.13,AgentPrefab,Agent,MoveState,Moving,Goal,20.00,0.00,10.00,13.72,0.00,10.46,14.00,0.00,10.40,AStar,
1764,11.14,AgentPrefab,Agent,MoveState,Moving,Goal,20.00,0.00,10.00,13.73,0.00,10.45,14.00,0.00,10.40,AStar,
1765,11.14,AgentPrefab,Agent,MoveState,Moving,Goal,20.00,0.00,10.00,13.74,0.00,10.45,14.00,0.00,10.40,AStar,
1766,11.15,AgentPrefab,Agent,MoveState,Moving,Goal,20.00,0.00,10.00,13.76,0.00,10.45,14.00,0.00,10.40,AStar,
1767,11.16,AgentPrefab,Agent,MoveState,Moving,Goal,20.00,0.00,10.00,13.77,0.00,10.45,14.00,0.00,10.40,AStar,
1768,11.16,AgentPrefab,Agent,MoveState,Moving,Goal,20.00,0.00,10.00,13.78,0.00,10.44,14.00,0.00,10.40,AStar,
1769,11.17,AgentPrefab,Agent,MoveState,Moving,Goal,20.00,0.00,10.00,13.79,0.00,10.44,14.00,0.00,10.40,AStar,
1770,11.18,AgentPrefab,Agent,MoveState,Moving,Goal,20.00,0.00,10.00,13.81,0.00,10.44,14.00,0.00,10.40,AStar,
1771,11.18,AgentPrefab,Agent,MoveState,Moving,Goal,20.00,0.00,10.00,13.82,0.00,10.44,14.00,0.00,10.40,AStar,
1772,11.19,AgentPrefab,Agent,MoveState,Moving,Goal,20.00,0.00,10.00,13.83,0.00,10.43,14.00,0.00,10.40,AStar,
1773,11.19,AgentPrefab,Agent,MoveState,Moving,Goal,20.00,0.00,10.00,13.84,0.00,10.43,14.00,0.00,10.40,AStar,
1774,11.20,AgentPrefab,Agent,MoveState,Moving,Goal,20.00,0.00,10.00,13.86,0.00,10.43,14.00,0.00,10.40,AStar,
1775,11.21,AgentPrefab,Agent,MoveState,Moving,Goal,20.00,0.00,10.00,13.87,0.00,10.43,14.00,0.00,10.40,AStar,
1776,11.21,AgentPrefab,Agent,MoveState,Moving,Goal,20.00,0.00,10.00,13.88,0.00,10.42,14.00,0.00,10.40,AStar,
1777,11.22,AgentPrefab,Agent,MoveState,Moving,Goal,20.00,0.00,10.00,13.89,0.00,10.42,14.00,0.00,10.40,AStar,
1778,11.23,AgentPrefab,Agent,MoveState,Moving,Goal,20.00,0.00,10.00,13.91,0.00,10.42,14.00,0.00,10.40,AStar,
1779,11.23,AgentPrefab,Agent,MoveState,Moving,Goal,20.00,0.00,10.00,13.92,0.00,10.42,14.00,0.00,10.40,AStar,
1780,11.24,AgentPrefab,Agent,MoveState,Moving,Goal,20.00,0.00,10.00,13.93,0.00,10.41,14.00,0.00,10.40,AStar,
1781,11.25,AgentPrefab,Agent,MoveState,Moving,Goal,20.00,0.00,10.00,13.94,0.00,10.41,14.00,0.00,10.40,AStar,
1782,11.25,AgentPrefab,Agent,MoveState,Moving,Goal,20.00,0.00,10.00,14.00,0.00,10.40,15.00,0.00,10.20,AStar,
1783,11.26,AgentPrefab,Agent,MoveState,Moving,Goal,20.00,0.00,10.00,14.01,0.00,10.40,15.00,0.00,10.20,AStar,
1784,11.26,AgentPrefab,Agent,MoveState,Moving,Goal,20.00,0.00,10.00,14.02,0.00,10.40,15.00,0.00,10.20,AStar,
1785,11.27,AgentPrefab,Agent,MoveState,Moving,Goal,20.00,0.00,10.00,14.04,0.00,10.39,15.00,0.00,10.20,AStar,
1786,11.28,AgentPrefab,Agent,MoveState,Moving,Goal,20.00,0.00,10.00,14.05,0.00,10.39,15.00,0.00,10.20,AStar,
1787,11.28,AgentPrefab,Agent,MoveState,Moving,Goal,20.00,0.00,10.00,14.06,0.00,10.39,15.00,0.00,10.20,AStar,
1788,11.29,AgentPrefab,Agent,MoveState,Moving,Goal,20.00,0.00,10.00,14.08,0.00,10.38,15.00,0.00,10.20,AStar,
1789,11.30,AgentPrefab,Agent,MoveState,Moving,Goal,20.00,0.00,10.00,14.09,0.00,10.38,15.00,0.00,10.20,AStar,
1790,11.30,AgentPrefab,Agent,MoveState,Moving,Goal,20.00,0.00,10.00,14.10,0.00,10.38,15.00,0.00,10.20,AStar,
1791,11.31,AgentPrefab,Agent,MoveState,Moving,Goal,20.00,0.00,10.00,14.11,0.00,10.38,15.00,0.00,10.20,AStar,
1792,11.32,AgentPrefab,Agent,MoveState,Moving,Goal,20.00,0.00,10.00,14.13,0.00,10.37,15.00,0.00,10.20,AStar,
1793,11.32,AgentPrefab,Agent,MoveState,Moving,Goal,20.00,0.00,10.00,14.14,0.00,10.37,15.00,0.00,10.20,AStar,
1794,11.33,AgentPrefab,Agent,MoveState,Moving,Goal,20.00,0.00,10.00,14.15,0.00,10.37,15.00,0.00,10.20,AStar,
1795,11.34,AgentPrefab,Agent,MoveState,Moving,Goal,20.00,0.00,10.00,14.16,0.00,10.37,15.00,0.00,10.20,AStar,
1796,11.34,AgentPrefab,Agent,MoveState,Moving,Goal,20.00,0.00,10.00,14.18,0.00,10.36,15.00,0.00,10.20,AStar,
1797,11.35,AgentPrefab,Agent,MoveState,Moving,Goal,20.00,0.00,10.00,14.19,0.00,10.36,15.00,0.00,10.20,AStar,
1798,11.35,AgentPrefab,Agent,MoveState,Moving,Goal,20.00,0.00,10.00,14.20,0.00,10.36,15.00,0.00,10.20,AStar,
1799,11.36,AgentPrefab,Agent,MoveState,Moving,Goal,20.00,0.00,10.00,14.21,0.00,10.36,15.00,0.00,10.20,AStar,
1800,11.37,AgentPrefab,Agent,MoveState,Moving,Goal,20.00,0.00,10.00,14.23,0.00,10.35,15.00,0.00,10.20,AStar,
1801,11.37,AgentPrefab,Agent,MoveState,Moving,Goal,20.00,0.00,10.00,14.24,0.00,10.35,15.00,0.00,10.20,AStar,
1802,11.38,AgentPrefab,Agent,MoveState,Moving,Goal,20.00,0.00,10.00,14.25,0.00,10.35,15.00,0.00,10.20,AStar,
1803,11.39,AgentPrefab,Agent,MoveState,Moving,Goal,20.00,0.00,10.00,14.26,0.00,10.35,15.00,0.00,10.20,AStar,
1804,11.39,AgentPrefab,Agent,MoveState,Moving,Goal,20.00,0.00,10.00,14.28,0.00,10.34,15.00,0.00,10.20,AStar,
1805,11.40,AgentPrefab,Agent,MoveState,Moving,Goal,20.00,0.00,10.00,14.29,0.00,10.34,15.00,0.00,10.20,AStar,
1806,11.41,AgentPrefab,Agent,MoveState,Moving,Goal,20.00,0.00,10.00,14.30,0.00,10.34,15.00,0.00,10.20,AStar,
1807,11.41,AgentPrefab,Agent,MoveState,Moving,Goal,20.00,0.00,10.00,14.31,0.00,10.34,15.00,0.00,10.20,AStar,
1808,11.42,AgentPrefab,Agent,MoveState,Moving,Goal,20.00,0.00,10.00,14.33,0.00,10.33,15.00,0.00,10.20,AStar,
1809,11.43,AgentPrefab,Agent,MoveState,Moving,Goal,20.00,0.00,10.00,14.34,0.00,10.33,15.00,0.00,10.20,AStar,
1810,11.43,AgentPrefab,Agent,MoveState,Moving,Goal,20.00,0.00,10.00,14.35,0.00,10.33,15.00,0.00,10.20,AStar,
1811,11.44,AgentPrefab,Agent,MoveState,Moving,Goal,20.00,0.00,10.00,14.36,0.00,10.33,15.00,0.00,10.20,AStar,
1812,11.44,AgentPrefab,Agent,MoveState,Moving,Goal,20.00,0.00,10.00,14.38,0.00,10.32,15.00,0.00,10.20,AStar,
1813,11.45,AgentPrefab,Agent,MoveState,Moving,Goal,20.00,0.00,10.00,14.39,0.00,10.32,15.00,0.00,10.20,AStar,
1814,11.46,AgentPrefab,Agent,MoveState,Moving,Goal,20.00,0.00,10.00,14.40,0.00,10.32,15.00,0.00,10.20,AStar,
1815,11.46,AgentPrefab,Agent,MoveState,Moving,Goal,20.00,0.00,10.00,14.41,0.00,10.32,15.00,0.00,10.20,AStar,
1816,11.47,AgentPrefab,Agent,MoveState,Moving,Goal,20.00,0.00,10.00,14.43,0.00,10.31,15.00,0.00,10.20,AStar,
1817,11.48,AgentPrefab,Agent,MoveState,Moving,Goal,20.00,0.00,10.00,14.44,0.00,10.31,15.00,0.00,10.20,AStar,
1818,11.48,AgentPrefab,Agent,MoveState,Moving,Goal,20.00,0.00,10.00,14.45,0.00,10.31,15.00,0.00,10.20,AStar,
1819,11.49,AgentPrefab,Agent,MoveState,Moving,Goal,20.00,0.00,10.00,14.46,0.00,10.31,15.00,0.00,10.20,AStar,
1820,11.50,AgentPrefab,Agent,MoveState,Moving,Goal,20.00,0.00,10.00,14.48,0.00,10.30,15.00,0.00,10.20,AStar,
1821,11.50,AgentPrefab,Agent,MoveState,Moving,Goal,20.00,0.00,10.00,14.49,0.00,10.30,15.00,0.00,10.20,AStar,
1822,11.51,AgentPrefab,Agent,MoveState,Moving,Goal,20.00,0.00,10.00,14.50,0.00,10.30,15.00,0.00,10.20,AStar,
1823,11.52,AgentPrefab,Agent,MoveState,Moving,Goal,20.00,0.00,10.00,14.51,0.00,10.30,15.00,0.00,10.20,AStar,
1824,11.52,AgentPrefab,Agent,MoveState,Moving,Goal,20.00,0.00,10.00,14.53,0.00,10.29,15.00,0.00,10.20,AStar,
1825,11.53,AgentPrefab,Agent,MoveState,Moving,Goal,20.00,0.00,10.00,14.54,0.00,10.29,15.00,0.00,10.20,AStar,
1826,11.53,AgentPrefab,Agent,MoveState,Moving,Goal,20.00,0.00,10.00,14.55,0.00,10.29,15.00,0.00,10.20,AStar,
1827,11.54,AgentPrefab,Agent,MoveState,Moving,Goal,20.00,0.00,10.00,14.57,0.00,10.29,15.00,0.00,10.20,AStar,
1828,11.55,AgentPrefab,Agent,MoveState,Moving,Goal,20.00,0.00,10.00,14.58,0.00,10.28,15.00,0.00,10.20,AStar,
1829,11.55,AgentPrefab,Agent,MoveState,Moving,Goal,20.00,0.00,10.00,14.59,0.00,10.28,15.00,0.00,10.20,AStar,
1830,11.56,AgentPrefab,Agent,MoveState,Moving,Goal,20.00,0.00,10.00,14.60,0.00,10.28,15.00,0.00,10.20,AStar,
1831,11.57,AgentPrefab,Agent,MoveState,Moving,Goal,20.00,0.00,10.00,14.62,0.00,10.28,15.00,0.00,10.20,AStar,
1832,11.57,AgentPrefab,Agent,MoveState,Moving,Goal,20.00,0.00,10.00,14.63,0.00,10.27,15.00,0.00,10.20,AStar,
1833,11.58,AgentPrefab,Agent,MoveState,Moving,Goal,20.00,0.00,10.00,14.64,0.00,10.27,15.00,0.00,10.20,AStar,
1834,11.59,AgentPrefab,Agent,MoveState,Moving,Goal,20.00,0.00,10.00,14.65,0.00,10.27,15.00,0.00,10.20,AStar,
1835,11.59,AgentPrefab,Agent,MoveState,Moving,Goal,20.00,0.00,10.00,14.67,0.00,10.27,15.00,0.00,10.20,AStar,
1836,11.60,AgentPrefab,Agent,MoveState,Moving,Goal,20.00,0.00,10.00,14.68,0.00,10.26,15.00,0.00,10.20,AStar,
1837,11.60,AgentPrefab,Agent,MoveState,Moving,Goal,20.00,0.00,10.00,14.69,0.00,10.26,15.00,0.00,10.20,AStar,
1838,11.61,AgentPrefab,Agent,MoveState,Moving,Goal,20.00,0.00,10.00,14.70,0.00,10.26,15.00,0.00,10.20,AStar,
1839,11.62,AgentPrefab,Agent,MoveState,Moving,Goal,20.00,0.00,10.00,14.72,0.00,10.26,15.00,0.00,10.20,AStar,
1840,11.62,AgentPrefab,Agent,MoveState,Moving,Goal,20.00,0.00,10.00,14.73,0.00,10.25,15.00,0.00,10.20,AStar,
1841,11.63,AgentPrefab,Agent,MoveState,Moving,Goal,20.00,0.00,10.00,14.74,0.00,10.25,15.00,0.00,10.20,AStar,
1842,11.64,AgentPrefab,Agent,MoveState,Moving,Goal,20.00,0.00,10.00,14.75,0.00,10.25,15.00,0.00,10.20,AStar,
1843,11.64,AgentPrefab,Agent,MoveState,Moving,Goal,20.00,0.00,10.00,14.77,0.00,10.25,15.00,0.00,10.20,AStar,
1844,11.65,AgentPrefab,Agent,MoveState,Moving,Goal,20.00,0.00,10.00,14.78,0.00,10.24,15.00,0.00,10.20,AStar,
1845,11.66,AgentPrefab,Agent,MoveState,Moving,Goal,20.00,0.00,10.00,14.79,0.00,10.24,15.00,0.00,10.20,AStar,
1846,11.66,AgentPrefab,Agent,MoveState,Moving,Goal,20.00,0.00,10.00,14.80,0.00,10.24,15.00,0.00,10.20,AStar,
1847,11.67,AgentPrefab,Agent,MoveState,Moving,Goal,20.00,0.00,10.00,14.82,0.00,10.24,15.00,0.00,10.20,AStar,
1848,11.67,AgentPrefab,Agent,MoveState,Moving,Goal,20.00,0.00,10.00,14.83,0.00,10.23,15.00,0.00,10.20,AStar,
1849,11.68,AgentPrefab,Agent,MoveState,Moving,Goal,20.00,0.00,10.00,14.84,0.00,10.23,15.00,0.00,10.20,AStar,
1850,11.69,AgentPrefab,Agent,MoveState,Moving,Goal,20.00,0.00,10.00,14.85,0.00,10.23,15.00,0.00,10.20,AStar,
1851,11.69,AgentPrefab,Agent,MoveState,Moving,Goal,20.00,0.00,10.00,14.87,0.00,10.23,15.00,0.00,10.20,AStar,
1852,11.70,AgentPrefab,Agent,MoveState,Moving,Goal,20.00,0.00,10.00,14.88,0.00,10.22,15.00,0.00,10.20,AStar,
1853,11.71,AgentPrefab,Agent,MoveState,Moving,Goal,20.00,0.00,10.00,14.89,0.00,10.22,15.00,0.00,10.20,AStar,
1854,11.71,AgentPrefab,Agent,MoveState,Moving,Goal,20.00,0.00,10.00,14.90,0.00,10.22,15.00,0.00,10.20,AStar,
1855,11.72,AgentPrefab,Agent,MoveState,Moving,Goal,20.00,0.00,10.00,14.92,0.00,10.22,15.00,0.00,10.20,AStar,
1856,11.73,AgentPrefab,Agent,MoveState,Moving,Goal,20.00,0.00,10.00,14.93,0.00,10.21,15.00,0.00,10.20,AStar,
1857,11.73,AgentPrefab,Agent,MoveState,Moving,Goal,20.00,0.00,10.00,14.94,0.00,10.21,15.00,0.00,10.20,AStar,
1858,11.74,AgentPrefab,Agent,MoveState,Moving,Goal,20.00,0.00,10.00,15.00,0.00,10.20,16.00,0.00,10.20,AStar,
1859,11.74,AgentPrefab,Agent,MoveState,Moving,Goal,20.00,0.00,10.00,15.01,0.00,10.20,16.00,0.00,10.20,AStar,
1860,11.75,AgentPrefab,Agent,MoveState,Moving,Goal,20.00,0.00,10.00,15.02,0.00,10.20,16.00,0.00,10.20,AStar,
1861,11.76,AgentPrefab,Agent,MoveState,Moving,Goal,20.00,0.00,10.00,15.04,0.00,10.20,16.00,0.00,10.20,AStar,
1862,11.76,AgentPrefab,Agent,MoveState,Moving,Goal,20.00,0.00,10.00,15.05,0.00,10.20,16.00,0.00,10.20,AStar,
1863,11.77,AgentPrefab,Agent,MoveState,Moving,Goal,20.00,0.00,10.00,15.06,0.00,10.20,16.00,0.00,10.20,AStar,
1864,11.78,AgentPrefab,Agent,MoveState,Moving,Goal,20.00,0.00,10.00,15.08,0.00,10.20,16.00,0.00,10.20,AStar,
1865,11.78,AgentPrefab,Agent,MoveState,Moving,Goal,20.00,0.00,10.00,15.09,0.00,10.20,16.00,0.00,10.20,AStar,
1866,11.79,AgentPrefab,Agent,MoveState,Moving,Goal,20.00,0.00,10.00,15.10,0.00,10.20,16.00,0.00,10.20,AStar,
1867,11.80,AgentPrefab,Agent,MoveState,Moving,Goal,20.00,0.00,10.00,15.11,0.00,10.20,16.00,0.00,10.20,AStar,
1868,11.80,AgentPrefab,Agent,MoveState,Moving,Goal,20.00,0.00,10.00,15.13,0.00,10.20,16.00,0.00,10.20,AStar,
1869,11.81,AgentPrefab,Agent,MoveState,Moving,Goal,20.00,0.00,10.00,15.14,0.00,10.20,16.00,0.00,10.20,AStar,
1870,11.81,AgentPrefab,Agent,MoveState,Moving,Goal,20.00,0.00,10.00,15.15,0.00,10.20,16.00,0.00,10.20,AStar,
1871,11.82,AgentPrefab,Agent,MoveState,Moving,Goal,20.00,0.00,10.00,15.17,0.00,10.20,16.00,0.00,10.20,AStar,
1872,11.83,AgentPrefab,Agent,MoveState,Moving,Goal,20.00,0.00,10.00,15.18,0.00,10.20,16.00,0.00,10.20,AStar,
1873,11.83,AgentPrefab,Agent,MoveState,Moving,Goal,20.00,0.00,10.00,15.19,0.00,10.20,16.00,0.00,10.20,AStar,
1874,11.84,AgentPrefab,Agent,MoveState,Moving,Goal,20.00,0.00,10.00,15.20,0.00,10.20,16.00,0.00,10.20,AStar,
1875,11.85,AgentPrefab,Agent,MoveState,Moving,Goal,20.00,0.00,10.00,15.22,0.00,10.20,16.00,0.00,10.20,AStar,
1876,11.85,AgentPrefab,Agent,MoveState,Moving,Goal,20.00,0.00,10.00,15.23,0.00,10.20,16.00,0.00,10.20,AStar,
1877,11.86,AgentPrefab,Agent,MoveState,Moving,Goal,20.00,0.00,10.00,15.24,0.00,10.20,16.00,0.00,10.20,AStar,
1878,11.87,AgentPrefab,Agent,MoveState,Moving,Goal,20.00,0.00,10.00,15.26,0.00,10.20,16.00,0.00,10.20,AStar,
1879,11.87,AgentPrefab,Agent,MoveState,Moving,Goal,20.00,0.00,10.00,15.27,0.00,10.20,16.00,0.00,10.20,AStar,
1880,11.88,AgentPrefab,Agent,MoveState,Moving,Goal,20.00,0.00,10.00,15.28,0.00,10.20,16.00,0.00,10.20,AStar,
1881,11.88,AgentPrefab,Agent,MoveState,Moving,Goal,20.00,0.00,10.00,15.29,0.00,10.20,16.00,0.00,10.20,AStar,
1882,11.89,AgentPrefab,Agent,MoveState,Moving,Goal,20.00,0.00,10.00,15.31,0.00,10.20,16.00,0.00,10.20,AStar,
1883,11.90,AgentPrefab,Agent,MoveState,Moving,Goal,20.00,0.00,10.00,15.32,0.00,10.20,16.00,0.00,10.20,AStar,
1884,11.90,AgentPrefab,Agent,MoveState,Moving,Goal,20.00,0.00,10.00,15.33,0.00,10.20,16.00,0.00,10.20,AStar,
1885,11.91,AgentPrefab,Agent,MoveState,Moving,Goal,20.00,0.00,10.00,15.34,0.00,10.20,16.00,0.00,10.20,AStar,
1886,11.92,AgentPrefab,Agent,MoveState,Moving,Goal,20.00,0.00,10.00,15.36,0.00,10.20,16.00,0.00,10.20,AStar,
1887,11.93,AgentPrefab,Agent,MoveState,Moving,Goal,20.00,0.00,10.00,15.37,0.00,10.20,16.00,0.00,10.20,AStar,
1888,11.93,AgentPrefab,Agent,MoveState,Moving,Goal,20.00,0.00,10.00,15.39,0.00,10.20,16.00,0.00,10.20,AStar,
1889,11.94,AgentPrefab,Agent,MoveState,Moving,Goal,20.00,0.00,10.00,15.40,0.00,10.20,16.00,0.00,10.20,AStar,
1890,11.94,AgentPrefab,Agent,MoveState,Moving,Goal,20.00,0.00,10.00,15.41,0.00,10.20,16.00,0.00,10.20,AStar,
1891,11.95,AgentPrefab,Agent,MoveState,Moving,Goal,20.00,0.00,10.00,15.42,0.00,10.20,16.00,0.00,10.20,AStar,
1892,11.96,AgentPrefab,Agent,MoveState,Moving,Goal,20.00,0.00,10.00,15.44,0.00,10.20,16.00,0.00,10.20,AStar,
1893,11.96,AgentPrefab,Agent,MoveState,Moving,Goal,20.00,0.00,10.00,15.45,0.00,10.20,16.00,0.00,10.20,AStar,
1894,11.97,AgentPrefab,Agent,MoveState,Moving,Goal,20.00,0.00,10.00,15.46,0.00,10.20,16.00,0.00,10.20,AStar,
1895,11.99,AgentPrefab,Agent,MoveState,Moving,Goal,20.00,0.00,10.00,15.49,0.00,10.20,16.00,0.00,10.20,AStar,
1896,11.99,AgentPrefab,Agent,MoveState,Moving,Goal,20.00,0.00,10.00,15.51,0.00,10.20,16.00,0.00,10.20,AStar,
1897,12.00,AgentPrefab,Agent,MoveState,Moving,Goal,20.00,0.00,10.00,15.52,0.00,10.20,16.00,0.00,10.20,AStar,
1898,12.01,AgentPrefab,Agent,MoveState,Moving,Goal,20.00,0.00,10.00,15.54,0.00,10.20,16.00,0.00,10.20,AStar,
1899,12.01,AgentPrefab,Agent,MoveState,Moving,Goal,20.00,0.00,10.00,15.55,0.00,10.20,16.00,0.00,10.20,AStar,
1900,12.02,AgentPrefab,Agent,MoveState,Moving,Goal,20.00,0.00,10.00,15.56,0.00,10.20,16.00,0.00,10.20,AStar,
1901,12.03,AgentPrefab,Agent,MoveState,Moving,Goal,20.00,0.00,10.00,15.58,0.00,10.20,16.00,0.00,10.20,AStar,
1902,12.03,AgentPrefab,Agent,MoveState,Moving,Goal,20.00,0.00,10.00,15.59,0.00,10.20,16.00,0.00,10.20,AStar,
1903,12.04,AgentPrefab,Agent,MoveState,Moving,Goal,20.00,0.00,10.00,15.60,0.00,10.20,16.00,0.00,10.20,AStar,
1904,12.04,AgentPrefab,Agent,MoveState,Moving,Goal,20.00,0.00,10.00,15.61,0.00,10.20,16.00,0.00,10.20,AStar,
1905,12.05,AgentPrefab,Agent,MoveState,Moving,Goal,20.00,0.00,10.00,15.63,0.00,10.20,16.00,0.00,10.20,AStar,
1906,12.06,AgentPrefab,Agent,MoveState,Moving,Goal,20.00,0.00,10.00,15.64,0.00,10.20,16.00,0.00,10.20,AStar,
1907,12.06,AgentPrefab,Agent,MoveState,Moving,Goal,20.00,0.00,10.00,15.65,0.00,10.20,16.00,0.00,10.20,AStar,
1908,12.07,AgentPrefab,Agent,MoveState,Moving,Goal,20.00,0.00,10.00,15.66,0.00,10.20,16.00,0.00,10.20,AStar,
1909,12.08,AgentPrefab,Agent,MoveState,Moving,Goal,20.00,0.00,10.00,15.68,0.00,10.20,16.00,0.00,10.20,AStar,
1910,12.08,AgentPrefab,Agent,MoveState,Moving,Goal,20.00,0.00,10.00,15.69,0.00,10.20,16.00,0.00,10.20,AStar,
1911,12.09,AgentPrefab,Agent,MoveState,Moving,Goal,20.00,0.00,10.00,15.70,0.00,10.20,16.00,0.00,10.20,AStar,
1912,12.10,AgentPrefab,Agent,MoveState,Moving,Goal,20.00,0.00,10.00,15.71,0.00,10.20,16.00,0.00,10.20,AStar,
1913,12.10,AgentPrefab,Agent,MoveState,Moving,Goal,20.00,0.00,10.00,15.73,0.00,10.20,16.00,0.00,10.20,AStar,
1914,12.11,AgentPrefab,Agent,MoveState,Moving,Goal,20.00,0.00,10.00,15.74,0.00,10.20,16.00,0.00,10.20,AStar,
1915,12.12,AgentPrefab,Agent,MoveState,Moving,Goal,20.00,0.00,10.00,15.75,0.00,10.20,16.00,0.00,10.20,AStar,
1916,12.12,AgentPrefab,Agent,MoveState,Moving,Goal,20.00,0.00,10.00,15.77,0.00,10.20,16.00,0.00,10.20,AStar,
1917,12.13,AgentPrefab,Agent,MoveState,Moving,Goal,20.00,0.00,10.00,15.78,0.00,10.20,16.00,0.00,10.20,AStar,
1918,12.13,AgentPrefab,Agent,MoveState,Moving,Goal,20.00,0.00,10.00,15.79,0.00,10.20,16.00,0.00,10.20,AStar,
1919,12.14,AgentPrefab,Agent,MoveState,Moving,Goal,20.00,0.00,10.00,15.81,0.00,10.20,16.00,0.00,10.20,AStar,
1920,12.15,AgentPrefab,Agent,MoveState,Moving,Goal,20.00,0.00,10.00,15.82,0.00,10.20,16.00,0.00,10.20,AStar,
1921,12.15,AgentPrefab,Agent,MoveState,Moving,Goal,20.00,0.00,10.00,15.83,0.00,10.20,16.00,0.00,10.20,AStar,
1922,12.16,AgentPrefab,Agent,MoveState,Moving,Goal,20.00,0.00,10.00,15.84,0.00,10.20,16.00,0.00,10.20,AStar,
1923,12.17,AgentPrefab,Agent,MoveState,Moving,Goal,20.00,0.00,10.00,15.86,0.00,10.20,16.00,0.00,10.20,AStar,
1924,12.17,AgentPrefab,Agent,MoveState,Moving,Goal,20.00,0.00,10.00,15.87,0.00,10.20,16.00,0.00,10.20,AStar,
1925,12.18,AgentPrefab,Agent,MoveState,Moving,Goal,20.00,0.00,10.00,15.88,0.00,10.20,16.00,0.00,10.20,AStar,
1926,12.19,AgentPrefab,Agent,MoveState,Moving,Goal,20.00,0.00,10.00,15.89,0.00,10.20,16.00,0.00,10.20,AStar,
1927,12.19,AgentPrefab,Agent,MoveState,Moving,Goal,20.00,0.00,10.00,15.91,0.00,10.20,16.00,0.00,10.20,AStar,
1928,12.20,AgentPrefab,Agent,MoveState,Moving,Goal,20.00,0.00,10.00,15.92,0.00,10.20,16.00,0.00,10.20,AStar,
1929,12.21,AgentPrefab,Agent,MoveState,Moving,Goal,20.00,0.00,10.00,15.93,0.00,10.20,16.00,0.00,10.20,AStar,
1930,12.21,AgentPrefab,Agent,MoveState,Moving,Goal,20.00,0.00,10.00,15.95,0.00,10.20,16.00,0.00,10.20,AStar,
1931,12.22,AgentPrefab,Agent,MoveState,Moving,Goal,20.00,0.00,10.00,16.00,0.00,10.20,17.00,0.00,10.20,AStar,
1932,12.22,AgentPrefab,Agent,MoveState,Moving,Goal,20.00,0.00,10.00,16.01,0.00,10.20,17.00,0.00,10.20,AStar,
1933,12.23,AgentPrefab,Agent,MoveState,Moving,Goal,20.00,0.00,10.00,16.03,0.00,10.20,17.00,0.00,10.20,AStar,
1934,12.24,AgentPrefab,Agent,MoveState,Moving,Goal,20.00,0.00,10.00,16.04,0.00,10.20,17.00,0.00,10.20,AStar,
1935,12.24,AgentPrefab,Agent,MoveState,Moving,Goal,20.00,0.00,10.00,16.05,0.00,10.20,17.00,0.00,10.20,AStar,
1936,12.25,AgentPrefab,Agent,MoveState,Moving,Goal,20.00,0.00,10.00,16.06,0.00,10.20,17.00,0.00,10.20,AStar,
1937,12.26,AgentPrefab,Agent,MoveState,Moving,Goal,20.00,0.00,10.00,16.08,0.00,10.20,17.00,0.00,10.20,AStar,
1938,12.26,AgentPrefab,Agent,MoveState,Moving,Goal,20.00,0.00,10.00,16.09,0.00,10.20,17.00,0.00,10.20,AStar,
1939,12.27,AgentPrefab,Agent,MoveState,Moving,Goal,20.00,0.00,10.00,16.10,0.00,10.20,17.00,0.00,10.20,AStar,
1940,12.28,AgentPrefab,Agent,MoveState,Moving,Goal,20.00,0.00,10.00,16.12,0.00,10.20,17.00,0.00,10.20,AStar,
1941,12.28,AgentPrefab,Agent,MoveState,Moving,Goal,20.00,0.00,10.00,16.13,0.00,10.20,17.00,0.00,10.20,AStar,
1942,12.29,AgentPrefab,Agent,MoveState,Moving,Goal,20.00,0.00,10.00,16.14,0.00,10.20,17.00,0.00,10.20,AStar,
1943,12.29,AgentPrefab,Agent,MoveState,Moving,Goal,20.00,0.00,10.00,16.15,0.00,10.20,17.00,0.00,10.20,AStar,
1944,12.30,AgentPrefab,Agent,MoveState,Moving,Goal,20.00,0.00,10.00,16.17,0.00,10.20,17.00,0.00,10.20,AStar,
1945,12.31,AgentPrefab,Agent,MoveState,Moving,Goal,20.00,0.00,10.00,16.18,0.00,10.20,17.00,0.00,10.20,AStar,
1946,12.31,AgentPrefab,Agent,MoveState,Moving,Goal,20.00,0.00,10.00,16.19,0.00,10.20,17.00,0.00,10.20,AStar,
1947,12.32,AgentPrefab,Agent,MoveState,Moving,Goal,20.00,0.00,10.00,16.20,0.00,10.20,17.00,0.00,10.20,AStar,
1948,12.33,AgentPrefab,Agent,MoveState,Moving,Goal,20.00,0.00,10.00,16.22,0.00,10.20,17.00,0.00,10.20,AStar,
1949,12.33,AgentPrefab,Agent,MoveState,Moving,Goal,20.00,0.00,10.00,16.23,0.00,10.20,17.00,0.00,10.20,AStar,
1950,12.34,AgentPrefab,Agent,MoveState,Moving,Goal,20.00,0.00,10.00,16.25,0.00,10.20,17.00,0.00,10.20,AStar,
1951,12.35,AgentPrefab,Agent,MoveState,Moving,Goal,20.00,0.00,10.00,16.25,0.00,10.20,17.00,0.00,10.20,AStar,
1952,12.35,AgentPrefab,Agent,MoveState,Moving,Goal,20.00,0.00,10.00,16.27,0.00,10.20,17.00,0.00,10.20,AStar,
1953,12.36,AgentPrefab,Agent,MoveState,Moving,Goal,20.00,0.00,10.00,16.28,0.00,10.20,17.00,0.00,10.20,AStar,
1954,12.36,AgentPrefab,Agent,MoveState,Moving,Goal,20.00,0.00,10.00,16.29,0.00,10.20,17.00,0.00,10.20,AStar,
1955,12.37,AgentPrefab,Agent,MoveState,Moving,Goal,20.00,0.00,10.00,16.31,0.00,10.20,17.00,0.00,10.20,AStar,
1956,12.38,AgentPrefab,Agent,MoveState,Moving,Goal,20.00,0.00,10.00,16.32,0.00,10.20,17.00,0.00,10.20,AStar,
1957,12.38,AgentPrefab,Agent,MoveState,Moving,Goal,20.00,0.00,10.00,16.33,0.00,10.20,17.00,0.00,10.20,AStar,
1958,12.39,AgentPrefab,Agent,MoveState,Moving,Goal,20.00,0.00,10.00,16.35,0.00,10.20,17.00,0.00,10.20,AStar,
1959,12.40,AgentPrefab,Agent,MoveState,Moving,Goal,20.00,0.00,10.00,16.36,0.00,10.20,17.00,0.00,10.20,AStar,
1960,12.40,AgentPrefab,Agent,MoveState,Moving,Goal,20.00,0.00,10.00,16.37,0.00,10.20,17.00,0.00,10.20,AStar,
1961,12.41,AgentPrefab,Agent,MoveState,Moving,Goal,20.00,0.00,10.00,16.38,0.00,10.20,17.00,0.00,10.20,AStar,
1962,12.42,AgentPrefab,Agent,MoveState,Moving,Goal,20.00,0.00,10.00,16.40,0.00,10.20,17.00,0.00,10.20,AStar,
1963,12.42,AgentPrefab,Agent,MoveState,Moving,Goal,20.00,0.00,10.00,16.41,0.00,10.20,17.00,0.00,10.20,AStar,
1964,12.43,AgentPrefab,Agent,MoveState,Moving,Goal,20.00,0.00,10.00,16.42,0.00,10.20,17.00,0.00,10.20,AStar,
1965,12.44,AgentPrefab,Agent,MoveState,Moving,Goal,20.00,0.00,10.00,16.44,0.00,10.20,17.00,0.00,10.20,AStar,
1966,12.44,AgentPrefab,Agent,MoveState,Moving,Goal,20.00,0.00,10.00,16.45,0.00,10.20,17.00,0.00,10.20,AStar,
1967,12.45,AgentPrefab,Agent,MoveState,Moving,Goal,20.00,0.00,10.00,16.46,0.00,10.20,17.00,0.00,10.20,AStar,
1968,12.45,AgentPrefab,Agent,MoveState,Moving,Goal,20.00,0.00,10.00,16.47,0.00,10.20,17.00,0.00,10.20,AStar,
1969,12.46,AgentPrefab,Agent,MoveState,Moving,Goal,20.00,0.00,10.00,16.49,0.00,10.20,17.00,0.00,10.20,AStar,
1970,12.47,AgentPrefab,Agent,MoveState,Moving,Goal,20.00,0.00,10.00,16.50,0.00,10.20,17.00,0.00,10.20,AStar,
1971,12.47,AgentPrefab,Agent,MoveState,Moving,Goal,20.00,0.00,10.00,16.51,0.00,10.20,17.00,0.00,10.20,AStar,
1972,12.48,AgentPrefab,Agent,MoveState,Moving,Goal,20.00,0.00,10.00,16.52,0.00,10.20,17.00,0.00,10.20,AStar,
1973,12.49,AgentPrefab,Agent,MoveState,Moving,Goal,20.00,0.00,10.00,16.54,0.00,10.20,17.00,0.00,10.20,AStar,
1974,12.49,AgentPrefab,Agent,MoveState,Moving,Goal,20.00,0.00,10.00,16.55,0.00,10.20,17.00,0.00,10.20,AStar,
1975,12.50,AgentPrefab,Agent,MoveState,Moving,Goal,20.00,0.00,10.00,16.56,0.00,10.20,17.00,0.00,10.20,AStar,
1976,12.51,AgentPrefab,Agent,MoveState,Moving,Goal,20.00,0.00,10.00,16.57,0.00,10.20,17.00,0.00,10.20,AStar,
1977,12.51,AgentPrefab,Agent,MoveState,Moving,Goal,20.00,0.00,10.00,16.59,0.00,10.20,17.00,0.00,10.20,AStar,
1978,12.52,AgentPrefab,Agent,MoveState,Moving,Goal,20.00,0.00,10.00,16.60,0.00,10.20,17.00,0.00,10.20,AStar,
1979,12.53,AgentPrefab,Agent,MoveState,Moving,Goal,20.00,0.00,10.00,16.62,0.00,10.20,17.00,0.00,10.20,AStar,
1980,12.54,AgentPrefab,Agent,MoveState,Moving,Goal,20.00,0.00,10.00,16.63,0.00,10.20,17.00,0.00,10.20,AStar,
1981,12.54,AgentPrefab,Agent,MoveState,Moving,Goal,20.00,0.00,10.00,16.65,0.00,10.20,17.00,0.00,10.20,AStar,
1982,12.55,AgentPrefab,Agent,MoveState,Moving,Goal,20.00,0.00,10.00,16.66,0.00,10.20,17.00,0.00,10.20,AStar,
1983,12.56,AgentPrefab,Agent,MoveState,Moving,Goal,20.00,0.00,10.00,16.68,0.00,10.20,17.00,0.00,10.20,AStar,
1984,12.57,AgentPrefab,Agent,MoveState,Moving,Goal,20.00,0.00,10.00,16.70,0.00,10.20,17.00,0.00,10.20,AStar,
1985,12.57,AgentPrefab,Agent,MoveState,Moving,Goal,20.00,0.00,10.00,16.71,0.00,10.20,17.00,0.00,10.20,AStar,
1986,12.58,AgentPrefab,Agent,MoveState,Moving,Goal,20.00,0.00,10.00,16.73,0.00,10.20,17.00,0.00,10.20,AStar,
1987,12.59,AgentPrefab,Agent,MoveState,Moving,Goal,20.00,0.00,10.00,16.74,0.00,10.20,17.00,0.00,10.20,AStar,
1988,12.60,AgentPrefab,Agent,MoveState,Moving,Goal,20.00,0.00,10.00,16.75,0.00,10.20,17.00,0.00,10.20,AStar,
1989,12.60,AgentPrefab,Agent,MoveState,Moving,Goal,20.00,0.00,10.00,16.77,0.00,10.20,17.00,0.00,10.20,AStar,
1990,12.61,AgentPrefab,Agent,MoveState,Moving,Goal,20.00,0.00,10.00,16.78,0.00,10.20,17.00,0.00,10.20,AStar,
1991,12.62,AgentPrefab,Agent,MoveState,Moving,Goal,20.00,0.00,10.00,16.80,0.00,10.20,17.00,0.00,10.20,AStar,
1992,12.63,AgentPrefab,Agent,MoveState,Moving,Goal,20.00,0.00,10.00,16.82,0.00,10.20,17.00,0.00,10.20,AStar,
1993,12.63,AgentPrefab,Agent,MoveState,Moving,Goal,20.00,0.00,10.00,16.83,0.00,10.20,17.00,0.00,10.20,AStar,
1994,12.64,AgentPrefab,Agent,MoveState,Moving,Goal,20.00,0.00,10.00,16.85,0.00,10.20,17.00,0.00,10.20,AStar,
1995,12.65,AgentPrefab,Agent,MoveState,Moving,Goal,20.00,0.00,10.00,16.86,0.00,10.20,17.00,0.00,10.20,AStar,
1996,12.66,AgentPrefab,Agent,MoveState,Moving,Goal,20.00,0.00,10.00,16.88,0.00,10.20,17.00,0.00,10.20,AStar,
1997,12.67,AgentPrefab,Agent,MoveState,Moving,Goal,20.00,0.00,10.00,16.89,0.00,10.20,17.00,0.00,10.20,AStar,
1998,12.67,AgentPrefab,Agent,MoveState,Moving,Goal,20.00,0.00,10.00,16.91,0.00,10.20,17.00,0.00,10.20,AStar,
1999,12.68,AgentPrefab,Agent,MoveState,Moving,Goal,20.00,0.00,10.00,16.92,0.00,10.20,17.00,0.00,10.20,AStar,
2000,12.69,AgentPrefab,Agent,MoveState,Moving,Goal,20.00,0.00,10.00,16.94,0.00,10.20,17.00,0.00,10.20,AStar,
2001,12.70,AgentPrefab,Agent,MoveState,Moving,Goal,20.00,0.00,10.00,17.00,0.00,10.20,18.00,0.00,10.20,AStar,
2002,12.70,AgentPrefab,Agent,MoveState,Moving,Goal,20.00,0.00,10.00,17.02,0.00,10.20,18.00,0.00,10.20,AStar,
2003,12.71,AgentPrefab,Agent,MoveState,Moving,Goal,20.00,0.00,10.00,17.03,0.00,10.20,18.00,0.00,10.20,AStar,
2004,12.72,AgentPrefab,Agent,MoveState,Moving,Goal,20.00,0.00,10.00,17.04,0.00,10.20,18.00,0.00,10.20,AStar,
2005,12.72,AgentPrefab,Agent,MoveState,Moving,Goal,20.00,0.00,10.00,17.06,0.00,10.20,18.00,0.00,10.20,AStar,
2006,12.73,AgentPrefab,Agent,MoveState,Moving,Goal,20.00,0.00,10.00,17.07,0.00,10.20,18.00,0.00,10.20,AStar,
2007,12.74,AgentPrefab,Agent,MoveState,Moving,Goal,20.00,0.00,10.00,17.08,0.00,10.20,18.00,0.00,10.20,AStar,
2008,12.74,AgentPrefab,Agent,MoveState,Moving,Goal,20.00,0.00,10.00,17.10,0.00,10.20,18.00,0.00,10.20,AStar,
2009,12.75,AgentPrefab,Agent,MoveState,Moving,Goal,20.00,0.00,10.00,17.11,0.00,10.20,18.00,0.00,10.20,AStar,
2010,12.76,AgentPrefab,Agent,MoveState,Moving,Goal,20.00,0.00,10.00,17.12,0.00,10.20,18.00,0.00,10.20,AStar,
2011,12.76,AgentPrefab,Agent,MoveState,Moving,Goal,20.00,0.00,10.00,17.14,0.00,10.20,18.00,0.00,10.20,AStar,
2012,12.77,AgentPrefab,Agent,MoveState,Moving,Goal,20.00,0.00,10.00,17.15,0.00,10.20,18.00,0.00,10.20,AStar,
2013,12.77,AgentPrefab,Agent,MoveState,Moving,Goal,20.00,0.00,10.00,17.16,0.00,10.20,18.00,0.00,10.20,AStar,
2014,12.78,AgentPrefab,Agent,MoveState,Moving,Goal,20.00,0.00,10.00,17.17,0.00,10.20,18.00,0.00,10.20,AStar,
2015,12.79,AgentPrefab,Agent,MoveState,Moving,Goal,20.00,0.00,10.00,17.19,0.00,10.20,18.00,0.00,10.20,AStar,
2016,12.79,AgentPrefab,Agent,MoveState,Moving,Goal,20.00,0.00,10.00,17.20,0.00,10.20,18.00,0.00,10.20,AStar,
2017,12.80,AgentPrefab,Agent,MoveState,Moving,Goal,20.00,0.00,10.00,17.21,0.00,10.20,18.00,0.00,10.20,AStar,
2018,12.81,AgentPrefab,Agent,MoveState,Moving,Goal,20.00,0.00,10.00,17.23,0.00,10.20,18.00,0.00,10.20,AStar,
2019,12.81,AgentPrefab,Agent,MoveState,Moving,Goal,20.00,0.00,10.00,17.24,0.00,10.20,18.00,0.00,10.20,AStar,
2020,12.82,AgentPrefab,Agent,MoveState,Moving,Goal,20.00,0.00,10.00,17.25,0.00,10.20,18.00,0.00,10.20,AStar,
2021,12.83,AgentPrefab,Agent,MoveState,Moving,Goal,20.00,0.00,10.00,17.26,0.00,10.20,18.00,0.00,10.20,AStar,
2022,12.83,AgentPrefab,Agent,MoveState,Moving,Goal,20.00,0.00,10.00,17.28,0.00,10.20,18.00,0.00,10.20,AStar,
2023,12.84,AgentPrefab,Agent,MoveState,Moving,Goal,20.00,0.00,10.00,17.29,0.00,10.20,18.00,0.00,10.20,AStar,
2024,12.85,AgentPrefab,Agent,MoveState,Moving,Goal,20.00,0.00,10.00,17.30,0.00,10.20,18.00,0.00,10.20,AStar,
2025,12.85,AgentPrefab,Agent,MoveState,Moving,Goal,20.00,0.00,10.00,17.31,0.00,10.20,18.00,0.00,10.20,AStar,
2026,12.86,AgentPrefab,Agent,MoveState,Moving,Goal,20.00,0.00,10.00,17.33,0.00,10.20,18.00,0.00,10.20,AStar,
2027,12.86,AgentPrefab,Agent,MoveState,Moving,Goal,20.00,0.00,10.00,17.34,0.00,10.20,18.00,0.00,10.20,AStar,
2028,12.88,AgentPrefab,Agent,MoveState,Moving,Goal,20.00,0.00,10.00,17.35,0.00,10.20,18.00,0.00,10.20,AStar,
2029,12.89,AgentPrefab,Agent,MoveState,Moving,Goal,20.00,0.00,10.00,17.38,0.00,10.20,18.00,0.00,10.20,AStar,
2030,12.90,AgentPrefab,Agent,MoveState,Moving,Goal,20.00,0.00,10.00,17.40,0.00,10.20,18.00,0.00,10.20,AStar,
2031,12.90,AgentPrefab,Agent,MoveState,Moving,Goal,20.00,0.00,10.00,17.42,0.00,10.20,18.00,0.00,10.20,AStar,
2032,12.91,AgentPrefab,Agent,MoveState,Moving,Goal,20.00,0.00,10.00,17.43,0.00,10.20,18.00,0.00,10.20,AStar,
2033,12.92,AgentPrefab,Agent,MoveState,Moving,Goal,20.00,0.00,10.00,17.44,0.00,10.20,18.00,0.00,10.20,AStar,
2034,12.92,AgentPrefab,Agent,MoveState,Moving,Goal,20.00,0.00,10.00,17.45,0.00,10.20,18.00,0.00,10.20,AStar,
2035,12.93,AgentPrefab,Agent,MoveState,Moving,Goal,20.00,0.00,10.00,17.47,0.00,10.20,18.00,0.00,10.20,AStar,
2036,12.93,AgentPrefab,Agent,MoveState,Moving,Goal,20.00,0.00,10.00,17.48,0.00,10.20,18.00,0.00,10.20,AStar,
2037,12.94,AgentPrefab,Agent,MoveState,Moving,Goal,20.00,0.00,10.00,17.49,0.00,10.20,18.00,0.00,10.20,AStar,
2038,12.95,AgentPrefab,Agent,MoveState,Moving,Goal,20.00,0.00,10.00,17.51,0.00,10.20,18.00,0.00,10.20,AStar,
2039,12.95,AgentPrefab,Agent,MoveState,Moving,Goal,20.00,0.00,10.00,17.52,0.00,10.20,18.00,0.00,10.20,AStar,
2040,12.96,AgentPrefab,Agent,MoveState,Moving,Goal,20.00,0.00,10.00,17.53,0.00,10.20,18.00,0.00,10.20,AStar,
2041,12.97,AgentPrefab,Agent,MoveState,Moving,Goal,20.00,0.00,10.00,17.54,0.00,10.20,18.00,0.00,10.20,AStar,
2042,12.97,AgentPrefab,Agent,MoveState,Moving,Goal,20.00,0.00,10.00,17.56,0.00,10.20,18.00,0.00,10.20,AStar,
2043,12.98,AgentPrefab,Agent,MoveState,Moving,Goal,20.00,0.00,10.00,17.57,0.00,10.20,18.00,0.00,10.20,AStar,
2044,12.99,AgentPrefab,Agent,MoveState,Moving,Goal,20.00,0.00,10.00,17.58,0.00,10.20,18.00,0.00,10.20,AStar,
2045,12.99,AgentPrefab,Agent,MoveState,Moving,Goal,20.00,0.00,10.00,17.60,0.00,10.20,18.00,0.00,10.20,AStar,
2046,13.00,AgentPrefab,Agent,MoveState,Moving,Goal,20.00,0.00,10.00,17.61,0.00,10.20,18.00,0.00,10.20,AStar,
2047,13.01,AgentPrefab,Agent,MoveState,Moving,Goal,20.00,0.00,10.00,17.62,0.00,10.20,18.00,0.00,10.20,AStar,
2048,13.01,AgentPrefab,Agent,MoveState,Moving,Goal,20.00,0.00,10.00,17.63,0.00,10.20,18.00,0.00,10.20,AStar,
2049,13.02,AgentPrefab,Agent,MoveState,Moving,Goal,20.00,0.00,10.00,17.65,0.00,10.20,18.00,0.00,10.20,AStar,
2050,13.03,AgentPrefab,Agent,MoveState,Moving,Goal,20.00,0.00,10.00,17.66,0.00,10.20,18.00,0.00,10.20,AStar,
2051,13.03,AgentPrefab,Agent,MoveState,Moving,Goal,20.00,0.00,10.00,17.67,0.00,10.20,18.00,0.00,10.20,AStar,
2052,13.04,AgentPrefab,Agent,MoveState,Moving,Goal,20.00,0.00,10.00,17.69,0.00,10.20,18.00,0.00,10.20,AStar,
2053,13.05,AgentPrefab,Agent,MoveState,Moving,Goal,20.00,0.00,10.00,17.70,0.00,10.20,18.00,0.00,10.20,AStar,
2054,13.05,AgentPrefab,Agent,MoveState,Moving,Goal,20.00,0.00,10.00,17.71,0.00,10.20,18.00,0.00,10.20,AStar,
2055,13.06,AgentPrefab,Agent,MoveState,Moving,Goal,20.00,0.00,10.00,17.73,0.00,10.20,18.00,0.00,10.20,AStar,
2056,13.07,AgentPrefab,Agent,MoveState,Moving,Goal,20.00,0.00,10.00,17.74,0.00,10.20,18.00,0.00,10.20,AStar,
2057,13.07,AgentPrefab,Agent,MoveState,Moving,Goal,20.00,0.00,10.00,17.75,0.00,10.20,18.00,0.00,10.20,AStar,
2058,13.08,AgentPrefab,Agent,MoveState,Moving,Goal,20.00,0.00,10.00,17.77,0.00,10.20,18.00,0.00,10.20,AStar,
2059,13.09,AgentPrefab,Agent,MoveState,Moving,Goal,20.00,0.00,10.00,17.78,0.00,10.20,18.00,0.00,10.20,AStar,
2060,13.09,AgentPrefab,Agent,MoveState,Moving,Goal,20.00,0.00,10.00,17.79,0.00,10.20,18.00,0.00,10.20,AStar,
2061,13.10,AgentPrefab,Agent,MoveState,Moving,Goal,20.00,0.00,10.00,17.81,0.00,10.20,18.00,0.00,10.20,AStar,
2062,13.10,AgentPrefab,Agent,MoveState,Moving,Goal,20.00,0.00,10.00,17.82,0.00,10.20,18.00,0.00,10.20,AStar,
2063,13.11,AgentPrefab,Agent,MoveState,Moving,Goal,20.00,0.00,10.00,17.83,0.00,10.20,18.00,0.00,10.20,AStar,
2064,13.12,AgentPrefab,Agent,MoveState,Moving,Goal,20.00,0.00,10.00,17.85,0.00,10.20,18.00,0.00,10.20,AStar,
2065,13.12,AgentPrefab,Agent,MoveState,Moving,Goal,20.00,0.00,10.00,17.86,0.00,10.20,18.00,0.00,10.20,AStar,
2066,13.14,AgentPrefab,Agent,MoveState,Moving,Goal,20.00,0.00,10.00,17.87,0.00,10.20,18.00,0.00,10.20,AStar,
2067,13.14,AgentPrefab,Agent,MoveState,Moving,Goal,20.00,0.00,10.00,17.90,0.00,10.20,18.00,0.00,10.20,AStar,
2068,13.15,AgentPrefab,Agent,MoveState,Moving,Goal,20.00,0.00,10.00,17.91,0.00,10.20,18.00,0.00,10.20,AStar,
2069,13.16,AgentPrefab,Agent,MoveState,Moving,Goal,20.00,0.00,10.00,17.92,0.00,10.20,18.00,0.00,10.20,AStar,
2070,13.16,AgentPrefab,Agent,MoveState,Moving,Goal,20.00,0.00,10.00,17.94,0.00,10.20,18.00,0.00,10.20,AStar,
2071,13.17,AgentPrefab,Agent,MoveState,Moving,Goal,20.00,0.00,10.00,17.95,0.00,10.20,18.00,0.00,10.20,AStar,
2072,13.18,AgentPrefab,Agent,MoveState,Moving,Goal,20.00,0.00,10.00,18.00,0.00,10.20,19.00,0.00,10.00,AStar,
2073,13.18,AgentPrefab,Agent,MoveState,Moving,Goal,20.00,0.00,10.00,18.01,0.00,10.20,19.00,0.00,10.00,AStar,
2074,13.19,AgentPrefab,Agent,MoveState,Moving,Goal,20.00,0.00,10.00,18.03,0.00,10.19,19.00,0.00,10.00,AStar,
2075,13.20,AgentPrefab,Agent,MoveState,Moving,Goal,20.00,0.00,10.00,18.04,0.00,10.19,19.00,0.00,10.00,AStar,
2076,13.20,AgentPrefab,Agent,MoveState,Moving,Goal,20.00,0.00,10.00,18.05,0.00,10.19,19.00,0.00,10.00,AStar,
2077,13.21,AgentPrefab,Agent,MoveState,Moving,Goal,20.00,0.00,10.00,18.07,0.00,10.19,19.00,0.00,10.00,AStar,
2078,13.22,AgentPrefab,Agent,MoveState,Moving,Goal,20.00,0.00,10.00,18.08,0.00,10.18,19.00,0.00,10.00,AStar,
2079,13.22,AgentPrefab,Agent,MoveState,Moving,Goal,20.00,0.00,10.00,18.09,0.00,10.18,19.00,0.00,10.00,AStar,
2080,13.23,AgentPrefab,Agent,MoveState,Moving,Goal,20.00,0.00,10.00,18.10,0.00,10.18,19.00,0.00,10.00,AStar,
2081,13.24,AgentPrefab,Agent,MoveState,Moving,Goal,20.00,0.00,10.00,18.12,0.00,10.18,19.00,0.00,10.00,AStar,
2082,13.24,AgentPrefab,Agent,MoveState,Moving,Goal,20.00,0.00,10.00,18.13,0.00,10.17,19.00,0.00,10.00,AStar,
2083,13.25,AgentPrefab,Agent,MoveState,Moving,Goal,20.00,0.00,10.00,18.14,0.00,10.17,19.00,0.00,10.00,AStar,
2084,13.26,AgentPrefab,Agent,MoveState,Moving,Goal,20.00,0.00,10.00,18.15,0.00,10.17,19.00,0.00,10.00,AStar,
2085,13.26,AgentPrefab,Agent,MoveState,Moving,Goal,20.00,0.00,10.00,18.17,0.00,10.17,19.00,0.00,10.00,AStar,
2086,13.27,AgentPrefab,Agent,MoveState,Moving,Goal,20.00,0.00,10.00,18.18,0.00,10.16,19.00,0.00,10.00,AStar,
2087,13.27,AgentPrefab,Agent,MoveState,Moving,Goal,20.00,0.00,10.00,18.19,0.00,10.16,19.00,0.00,10.00,AStar,
2088,13.28,AgentPrefab,Agent,MoveState,Moving,Goal,20.00,0.00,10.00,18.21,0.00,10.16,19.00,0.00,10.00,AStar,
2089,13.29,AgentPrefab,Agent,MoveState,Moving,Goal,20.00,0.00,10.00,18.22,0.00,10.16,19.00,0.00,10.00,AStar,
2090,13.29,AgentPrefab,Agent,MoveState,Moving,Goal,20.00,0.00,10.00,18.23,0.00,10.15,19.00,0.00,10.00,AStar,
2091,13.30,AgentPrefab,Agent,MoveState,Moving,Goal,20.00,0.00,10.00,18.25,0.00,10.15,19.00,0.00,10.00,AStar,
2092,13.31,AgentPrefab,Agent,MoveState,Moving,Goal,20.00,0.00,10.00,18.26,0.00,10.15,19.00,0.00,10.00,AStar,
2093,13.31,AgentPrefab,Agent,MoveState,Moving,Goal,20.00,0.00,10.00,18.27,0.00,10.15,19.00,0.00,10.00,AStar,
2094,13.32,AgentPrefab,Agent,MoveState,Moving,Goal,20.00,0.00,10.00,18.28,0.00,10.14,19.00,0.00,10.00,AStar,
2095,13.33,AgentPrefab,Agent,MoveState,Moving,Goal,20.00,0.00,10.00,18.30,0.00,10.14,19.00,0.00,10.00,AStar,
2096,13.33,AgentPrefab,Agent,MoveState,Moving,Goal,20.00,0.00,10.00,18.31,0.00,10.14,19.00,0.00,10.00,AStar,
2097,13.34,AgentPrefab,Agent,MoveState,Moving,Goal,20.00,0.00,10.00,18.32,0.00,10.14,19.00,0.00,10.00,AStar,
2098,13.35,AgentPrefab,Agent,MoveState,Moving,Goal,20.00,0.00,10.00,18.33,0.00,10.13,19.00,0.00,10.00,AStar,
2099,13.35,AgentPrefab,Agent,MoveState,Moving,Goal,20.00,0.00,10.00,18.35,0.00,10.13,19.00,0.00,10.00,AStar,
2100,13.36,AgentPrefab,Agent,MoveState,Moving,Goal,20.00,0.00,10.00,18.36,0.00,10.13,19.00,0.00,10.00,AStar,
2101,13.37,AgentPrefab,Agent,MoveState,Moving,Goal,20.00,0.00,10.00,18.37,0.00,10.13,19.00,0.00,10.00,AStar,
2102,13.37,AgentPrefab,Agent,MoveState,Moving,Goal,20.00,0.00,10.00,18.39,0.00,10.12,19.00,0.00,10.00,AStar,
2103,13.38,AgentPrefab,Agent,MoveState,Moving,Goal,20.00,0.00,10.00,18.40,0.00,10.12,19.00,0.00,10.00,AStar,
2104,13.39,AgentPrefab,Agent,MoveState,Moving,Goal,20.00,0.00,10.00,18.41,0.00,10.12,19.00,0.00,10.00,AStar,
2105,13.39,AgentPrefab,Agent,MoveState,Moving,Goal,20.00,0.00,10.00,18.43,0.00,10.11,19.00,0.00,10.00,AStar,
2106,13.40,AgentPrefab,Agent,MoveState,Moving,Goal,20.00,0.00,10.00,18.44,0.00,10.11,19.00,0.00,10.00,AStar,
2107,13.41,AgentPrefab,Agent,MoveState,Moving,Goal,20.00,0.00,10.00,18.45,0.00,10.11,19.00,0.00,10.00,AStar,
2108,13.41,AgentPrefab,Agent,MoveState,Moving,Goal,20.00,0.00,10.00,18.46,0.00,10.11,19.00,0.00,10.00,AStar,
2109,13.42,AgentPrefab,Agent,MoveState,Moving,Goal,20.00,0.00,10.00,18.48,0.00,10.10,19.00,0.00,10.00,AStar,
2110,13.43,AgentPrefab,Agent,MoveState,Moving,Goal,20.00,0.00,10.00,18.49,0.00,10.10,19.00,0.00,10.00,AStar,
2111,13.43,AgentPrefab,Agent,MoveState,Moving,Goal,20.00,0.00,10.00,18.50,0.00,10.10,19.00,0.00,10.00,AStar,
2112,13.44,AgentPrefab,Agent,MoveState,Moving,Goal,20.00,0.00,10.00,18.52,0.00,10.10,19.00,0.00,10.00,AStar,
2113,13.45,AgentPrefab,Agent,MoveState,Moving,Goal,20.00,0.00,10.00,18.53,0.00,10.09,19.00,0.00,10.00,AStar,
2114,13.45,AgentPrefab,Agent,MoveState,Moving,Goal,20.00,0.00,10.00,18.54,0.00,10.09,19.00,0.00,10.00,AStar,
2115,13.46,AgentPrefab,Agent,MoveState,Moving,Goal,20.00,0.00,10.00,18.55,0.00,10.09,19.00,0.00,10.00,AStar,
2116,13.47,AgentPrefab,Agent,MoveState,Moving,Goal,20.00,0.00,10.00,18.57,0.00,10.09,19.00,0.00,10.00,AStar,
2117,13.47,AgentPrefab,Agent,MoveState,Moving,Goal,20.00,0.00,10.00,18.58,0.00,10.08,19.00,0.00,10.00,AStar,
2118,13.48,AgentPrefab,Agent,MoveState,Moving,Goal,20.00,0.00,10.00,18.59,0.00,10.08,19.00,0.00,10.00,AStar,
2119,13.48,AgentPrefab,Agent,MoveState,Moving,Goal,20.00,0.00,10.00,18.61,0.00,10.08,19.00,0.00,10.00,AStar,
2120,13.49,AgentPrefab,Agent,MoveState,Moving,Goal,20.00,0.00,10.00,18.62,0.00,10.08,19.00,0.00,10.00,AStar,
2121,13.50,AgentPrefab,Agent,MoveState,Moving,Goal,20.00,0.00,10.00,18.63,0.00,10.07,19.00,0.00,10.00,AStar,
2122,13.50,AgentPrefab,Agent,MoveState,Moving,Goal,20.00,0.00,10.00,18.64,0.00,10.07,19.00,0.00,10.00,AStar,
2123,13.51,AgentPrefab,Agent,MoveState,Moving,Goal,20.00,0.00,10.00,18.66,0.00,10.07,19.00,0.00,10.00,AStar,
2124,13.52,AgentPrefab,Agent,MoveState,Moving,Goal,20.00,0.00,10.00,18.67,0.00,10.07,19.00,0.00,10.00,AStar,
2125,13.52,AgentPrefab,Agent,MoveState,Moving,Goal,20.00,0.00,10.00,18.68,0.00,10.06,19.00,0.00,10.00,AStar,
2126,13.53,AgentPrefab,Agent,MoveState,Moving,Goal,20.00,0.00,10.00,18.69,0.00,10.06,19.00,0.00,10.00,AStar,
2127,13.54,AgentPrefab,Agent,MoveState,Moving,Goal,20.00,0.00,10.00,18.71,0.00,10.06,19.00,0.00,10.00,AStar,
2128,13.54,AgentPrefab,Agent,MoveState,Moving,Goal,20.00,0.00,10.00,18.72,0.00,10.06,19.00,0.00,10.00,AStar,
2129,13.55,AgentPrefab,Agent,MoveState,Moving,Goal,20.00,0.00,10.00,18.73,0.00,10.05,19.00,0.00,10.00,AStar,
2130,13.56,AgentPrefab,Agent,MoveState,Moving,Goal,20.00,0.00,10.00,18.75,0.00,10.05,19.00,0.00,10.00,AStar,
2131,13.56,AgentPrefab,Agent,MoveState,Moving,Goal,20.00,0.00,10.00,18.76,0.00,10.05,19.00,0.00,10.00,AStar,
2132,13.57,AgentPrefab,Agent,MoveState,Moving,Goal,20.00,0.00,10.00,18.77,0.00,10.05,19.00,0.00,10.00,AStar,
2133,13.58,AgentPrefab,Agent,MoveState,Moving,Goal,20.00,0.00,10.00,18.79,0.00,10.04,19.00,0.00,10.00,AStar,
2134,13.58,AgentPrefab,Agent,MoveState,Moving,Goal,20.00,0.00,10.00,18.80,0.00,10.04,19.00,0.00,10.00,AStar,
2135,13.59,AgentPrefab,Agent,MoveState,Moving,Goal,20.00,0.00,10.00,18.81,0.00,10.04,19.00,0.00,10.00,AStar,
2136,13.60,AgentPrefab,Agent,MoveState,Moving,Goal,20.00,0.00,10.00,18.82,0.00,10.04,19.00,0.00,10.00,AStar,
2137,13.60,AgentPrefab,Agent,MoveState,Moving,Goal,20.00,0.00,10.00,18.84,0.00,10.03,19.00,0.00,10.00,AStar,
2138,13.61,AgentPrefab,Agent,MoveState,Moving,Goal,20.00,0.00,10.00,18.85,0.00,10.03,19.00,0.00,10.00,AStar,
2139,13.62,AgentPrefab,Agent,MoveState,Moving,Goal,20.00,0.00,10.00,18.86,0.00,10.03,19.00,0.00,10.00,AStar,
2140,13.62,AgentPrefab,Agent,MoveState,Moving,Goal,20.00,0.00,10.00,18.88,0.00,10.02,19.00,0.00,10.00,AStar,
2141,13.63,AgentPrefab,Agent,MoveState,Moving,Goal,20.00,0.00,10.00,18.89,0.00,10.02,19.00,0.00,10.00,AStar,
2142,13.64,AgentPrefab,Agent,MoveState,Moving,Goal,20.00,0.00,10.00,18.90,0.00,10.02,19.00,0.00,10.00,AStar,
2143,13.64,AgentPrefab,Agent,MoveState,Moving,Goal,20.00,0.00,10.00,18.91,0.00,10.02,19.00,0.00,10.00,AStar,
2144,13.65,AgentPrefab,Agent,MoveState,Moving,Goal,20.00,0.00,10.00,18.93,0.00,10.01,19.00,0.00,10.00,AStar,
2145,13.66,AgentPrefab,Agent,MoveState,Moving,Goal,20.00,0.00,10.00,18.94,0.00,10.01,19.00,0.00,10.00,AStar,
2146,13.66,AgentPrefab,Agent,MoveState,Moving,Goal,20.00,0.00,10.00,19.00,0.00,10.00,20.00,0.00,10.00,AStar,
2147,13.67,AgentPrefab,Agent,MoveState,Moving,Goal,20.00,0.00,10.00,19.01,0.00,10.00,20.00,0.00,10.00,AStar,
2148,13.68,AgentPrefab,Agent,MoveState,Moving,Goal,20.00,0.00,10.00,19.03,0.00,10.00,20.00,0.00,10.00,AStar,
2149,13.68,AgentPrefab,Agent,MoveState,Moving,Goal,20.00,0.00,10.00,19.04,0.00,10.00,20.00,0.00,10.00,AStar,
2150,13.69,AgentPrefab,Agent,MoveState,Moving,Goal,20.00,0.00,10.00,19.05,0.00,10.00,20.00,0.00,10.00,AStar,
2151,13.69,AgentPrefab,Agent,MoveState,Moving,Goal,20.00,0.00,10.00,19.07,0.00,10.00,20.00,0.00,10.00,AStar,
2152,13.70,AgentPrefab,Agent,MoveState,Moving,Goal,20.00,0.00,10.00,19.08,0.00,10.00,20.00,0.00,10.00,AStar,
2153,13.71,AgentPrefab,Agent,MoveState,Moving,Goal,20.00,0.00,10.00,19.09,0.00,10.00,20.00,0.00,10.00,AStar,
2154,13.73,AgentPrefab,Agent,MoveState,Moving,Goal,20.00,0.00,10.00,19.10,0.00,10.00,20.00,0.00,10.00,AStar,
2155,13.73,AgentPrefab,Agent,MoveState,Moving,Goal,20.00,0.00,10.00,19.14,0.00,10.00,20.00,0.00,10.00,AStar,
2156,13.74,AgentPrefab,Agent,MoveState,Moving,Goal,20.00,0.00,10.00,19.15,0.00,10.00,20.00,0.00,10.00,AStar,
2157,13.75,AgentPrefab,Agent,MoveState,Moving,Goal,20.00,0.00,10.00,19.17,0.00,10.00,20.00,0.00,10.00,AStar,
2158,13.75,AgentPrefab,Agent,MoveState,Moving,Goal,20.00,0.00,10.00,19.18,0.00,10.00,20.00,0.00,10.00,AStar,
2159,13.76,AgentPrefab,Agent,MoveState,Moving,Goal,20.00,0.00,10.00,19.20,0.00,10.00,20.00,0.00,10.00,AStar,
2160,13.77,AgentPrefab,Agent,MoveState,Moving,Goal,20.00,0.00,10.00,19.21,0.00,10.00,20.00,0.00,10.00,AStar,
2161,13.77,AgentPrefab,Agent,MoveState,Moving,Goal,20.00,0.00,10.00,19.22,0.00,10.00,20.00,0.00,10.00,AStar,
2162,13.78,AgentPrefab,Agent,MoveState,Moving,Goal,20.00,0.00,10.00,19.24,0.00,10.00,20.00,0.00,10.00,AStar,
2163,13.79,AgentPrefab,Agent,MoveState,Moving,Goal,20.00,0.00,10.00,19.25,0.00,10.00,20.00,0.00,10.00,AStar,
2164,13.79,AgentPrefab,Agent,MoveState,Moving,Goal,20.00,0.00,10.00,19.26,0.00,10.00,20.00,0.00,10.00,AStar,
2165,13.80,AgentPrefab,Agent,MoveState,Moving,Goal,20.00,0.00,10.00,19.27,0.00,10.00,20.00,0.00,10.00,AStar,
2166,13.81,AgentPrefab,Agent,MoveState,Moving,Goal,20.00,0.00,10.00,19.29,0.00,10.00,20.00,0.00,10.00,AStar,
2167,13.81,AgentPrefab,Agent,MoveState,Moving,Goal,20.00,0.00,10.00,19.30,0.00,10.00,20.00,0.00,10.00,AStar,
2168,13.82,AgentPrefab,Agent,MoveState,Moving,Goal,20.00,0.00,10.00,19.31,0.00,10.00,20.00,0.00,10.00,AStar,
2169,13.83,AgentPrefab,Agent,MoveState,Moving,Goal,20.00,0.00,10.00,19.33,0.00,10.00,20.00,0.00,10.00,AStar,
2170,13.83,AgentPrefab,Agent,MoveState,Moving,Goal,20.00,0.00,10.00,19.34,0.00,10.00,20.00,0.00,10.00,AStar,
2171,13.84,AgentPrefab,Agent,MoveState,Moving,Goal,20.00,0.00,10.00,19.35,0.00,10.00,20.00,0.00,10.00,AStar,
2172,13.84,AgentPrefab,Agent,MoveState,Moving,Goal,20.00,0.00,10.00,19.37,0.00,10.00,20.00,0.00,10.00,AStar,
2173,13.85,AgentPrefab,Agent,MoveState,Moving,Goal,20.00,0.00,10.00,19.38,0.00,10.00,20.00,0.00,10.00,AStar,
2174,13.86,AgentPrefab,Agent,MoveState,Moving,Goal,20.00,0.00,10.00,19.39,0.00,10.00,20.00,0.00,10.00,AStar,
2175,13.86,AgentPrefab,Agent,MoveState,Moving,Goal,20.00,0.00,10.00,19.41,0.00,10.00,20.00,0.00,10.00,AStar,
2176,13.87,AgentPrefab,Agent,MoveState,Moving,Goal,20.00,0.00,10.00,19.42,0.00,10.00,20.00,0.00,10.00,AStar,
2177,13.88,AgentPrefab,Agent,MoveState,Moving,Goal,20.00,0.00,10.00,19.43,0.00,10.00,20.00,0.00,10.00,AStar,
2178,13.88,AgentPrefab,Agent,MoveState,Moving,Goal,20.00,0.00,10.00,19.44,0.00,10.00,20.00,0.00,10.00,AStar,
2179,13.89,AgentPrefab,Agent,MoveState,Moving,Goal,20.00,0.00,10.00,19.46,0.00,10.00,20.00,0.00,10.00,AStar,
2180,13.90,AgentPrefab,Agent,MoveState,Moving,Goal,20.00,0.00,10.00,19.47,0.00,10.00,20.00,0.00,10.00,AStar,
2181,13.90,AgentPrefab,Agent,MoveState,Moving,Goal,20.00,0.00,10.00,19.48,0.00,10.00,20.00,0.00,10.00,AStar,
2182,13.91,AgentPrefab,Agent,MoveState,Moving,Goal,20.00,0.00,10.00,19.50,0.00,10.00,20.00,0.00,10.00,AStar,
2183,13.92,AgentPrefab,Agent,MoveState,Moving,Goal,20.00,0.00,10.00,19.51,0.00,10.00,20.00,0.00,10.00,AStar,
2184,13.92,AgentPrefab,Agent,MoveState,Moving,Goal,20.00,0.00,10.00,19.52,0.00,10.00,20.00,0.00,10.00,AStar,
2185,13.93,AgentPrefab,Agent,MoveState,Moving,Goal,20.00,0.00,10.00,19.54,0.00,10.00,20.00,0.00,10.00,AStar,
2186,13.94,AgentPrefab,Agent,MoveState,Moving,Goal,20.00,0.00,10.00,19.55,0.00,10.00,20.00,0.00,10.00,AStar,
2187,13.94,AgentPrefab,Agent,MoveState,Moving,Goal,20.00,0.00,10.00,19.56,0.00,10.00,20.00,0.00,10.00,AStar,
2188,13.95,AgentPrefab,Agent,MoveState,Moving,Goal,20.00,0.00,10.00,19.58,0.00,10.00,20.00,0.00,10.00,AStar,
2189,13.96,AgentPrefab,Agent,MoveState,Moving,Goal,20.00,0.00,10.00,19.59,0.00,10.00,20.00,0.00,10.00,AStar,
2190,13.96,AgentPrefab,Agent,MoveState,Moving,Goal,20.00,0.00,10.00,19.61,0.00,10.00,20.00,0.00,10.00,AStar,
2191,13.97,AgentPrefab,Agent,MoveState,Moving,Goal,20.00,0.00,10.00,19.62,0.00,10.00,20.00,0.00,10.00,AStar,
2192,13.98,AgentPrefab,Agent,MoveState,Moving,Goal,20.00,0.00,10.00,19.63,0.00,10.00,20.00,0.00,10.00,AStar,
2193,13.98,AgentPrefab,Agent,MoveState,Moving,Goal,20.00,0.00,10.00,19.64,0.00,10.00,20.00,0.00,10.00,AStar,
2194,13.99,AgentPrefab,Agent,MoveState,Moving,Goal,20.00,0.00,10.00,19.66,0.00,10.00,20.00,0.00,10.00,AStar,
2195,14.00,AgentPrefab,Agent,MoveState,Moving,Goal,20.00,0.00,10.00,19.67,0.00,10.00,20.00,0.00,10.00,AStar,
2196,14.00,AgentPrefab,Agent,MoveState,Moving,Goal,20.00,0.00,10.00,19.68,0.00,10.00,20.00,0.00,10.00,AStar,
2197,14.01,AgentPrefab,Agent,MoveState,Moving,Goal,20.00,0.00,10.00,19.70,0.00,10.00,20.00,0.00,10.00,AStar,
2198,14.02,AgentPrefab,Agent,MoveState,Moving,Goal,20.00,0.00,10.00,19.71,0.00,10.00,20.00,0.00,10.00,AStar,
2199,14.02,AgentPrefab,Agent,MoveState,Moving,Goal,20.00,0.00,10.00,19.72,0.00,10.00,20.00,0.00,10.00,AStar,
2200,14.03,AgentPrefab,Agent,MoveState,Moving,Goal,20.00,0.00,10.00,19.74,0.00,10.00,20.00,0.00,10.00,AStar,
2201,14.04,AgentPrefab,Agent,MoveState,Moving,Goal,20.00,0.00,10.00,19.75,0.00,10.00,20.00,0.00,10.00,AStar,
2202,14.04,AgentPrefab,Agent,MoveState,Moving,Goal,20.00,0.00,10.00,19.76,0.00,10.00,20.00,0.00,10.00,AStar,
2203,14.05,AgentPrefab,Agent,MoveState,Moving,Goal,20.00,0.00,10.00,19.78,0.00,10.00,20.00,0.00,10.00,AStar,
2204,14.06,AgentPrefab,Agent,MoveState,Moving,Goal,20.00,0.00,10.00,19.79,0.00,10.00,20.00,0.00,10.00,AStar,
2205,14.06,AgentPrefab,Agent,MoveState,Moving,Goal,20.00,0.00,10.00,19.80,0.00,10.00,20.00,0.00,10.00,AStar,
2206,14.07,AgentPrefab,Agent,MoveState,Moving,Goal,20.00,0.00,10.00,19.81,0.00,10.00,20.00,0.00,10.00,AStar,
2207,14.08,AgentPrefab,Agent,MoveState,Moving,Goal,20.00,0.00,10.00,19.83,0.00,10.00,20.00,0.00,10.00,AStar,
2208,14.08,AgentPrefab,Agent,MoveState,Moving,Goal,20.00,0.00,10.00,19.84,0.00,10.00,20.00,0.00,10.00,AStar,
2209,14.09,AgentPrefab,Agent,MoveState,Moving,Goal,20.00,0.00,10.00,19.85,0.00,10.00,20.00,0.00,10.00,AStar,
2210,14.10,AgentPrefab,Agent,MoveState,Moving,Goal,20.00,0.00,10.00,19.87,0.00,10.00,20.00,0.00,10.00,AStar,
2211,14.10,AgentPrefab,Agent,MoveState,Moving,Goal,20.00,0.00,10.00,19.88,0.00,10.00,20.00,0.00,10.00,AStar,
2212,14.11,AgentPrefab,Agent,MoveState,Moving,Goal,20.00,0.00,10.00,19.89,0.00,10.00,20.00,0.00,10.00,AStar,
2213,14.12,AgentPrefab,Agent,MoveState,Moving,Goal,20.00,0.00,10.00,19.91,0.00,10.00,20.00,0.00,10.00,AStar,
2214,14.12,AgentPrefab,Agent,MoveState,Moving,Goal,20.00,0.00,10.00,19.92,0.00,10.00,20.00,0.00,10.00,AStar,
2215,14.13,AgentPrefab,Agent,MoveState,Moving,Goal,20.00,0.00,10.00,19.93,0.00,10.00,20.00,0.00,10.00,AStar,
2216,14.14,AgentPrefab,Agent,MoveState,Moving,Goal,20.00,0.00,10.00,19.95,0.00,10.00,20.00,0.00,10.00,AStar,
2217,14.14,AgentPrefab,Agent,MoveState,Moving,Goal,20.00,0.00,10.00,20.00,0.00,10.00,20.00,0.00,10.00,AStar,
2217,14.14,AIManager,Performance,Pathfinding,Executed,AStar,0.00,0.00,0.00,0.00,0.00,0.00,0.00,0.00,0.00,AStar,0.574
2217,14.14,AgentPrefab,Agent,MoveState,Moving,Goal,20.00,0.00,20.00,20.00,0.00,10.00,20.00,0.00,10.00,AStar,
2218,14.16,AgentPrefab,Agent,MoveState,Moving,Goal,20.00,0.00,20.00,20.00,0.00,10.00,20.00,0.00,10.00,AStar,
2219,14.17,AgentPrefab,Agent,MoveState,Moving,Goal,20.00,0.00,20.00,20.00,0.00,10.00,20.00,0.00,11.00,AStar,
2220,14.17,AgentPrefab,Agent,MoveState,Moving,Goal,20.00,0.00,20.00,20.00,0.00,10.02,20.00,0.00,11.00,AStar,
2221,14.18,AgentPrefab,Agent,MoveState,Moving,Goal,20.00,0.00,20.00,20.00,0.00,10.03,20.00,0.00,11.00,AStar,
2222,14.19,AgentPrefab,Agent,MoveState,Moving,Goal,20.00,0.00,20.00,20.00,0.00,10.04,20.00,0.00,11.00,AStar,
2223,14.20,AgentPrefab,Agent,MoveState,Moving,Goal,20.00,0.00,20.00,20.00,0.00,10.06,20.00,0.00,11.00,AStar,
2224,14.20,AgentPrefab,Agent,MoveState,Moving,Goal,20.00,0.00,20.00,20.00,0.00,10.07,20.00,0.00,11.00,AStar,
2225,14.21,AgentPrefab,Agent,MoveState,Moving,Goal,20.00,0.00,20.00,20.00,0.00,10.08,20.00,0.00,11.00,AStar,
2226,14.22,AgentPrefab,Agent,MoveState,Moving,Goal,20.00,0.00,20.00,20.00,0.00,10.10,20.00,0.00,11.00,AStar,
2227,14.22,AgentPrefab,Agent,MoveState,Moving,Goal,20.00,0.00,20.00,20.00,0.00,10.11,20.00,0.00,11.00,AStar,
2228,14.23,AgentPrefab,Agent,MoveState,Moving,Goal,20.00,0.00,20.00,20.00,0.00,10.12,20.00,0.00,11.00,AStar,
2229,14.24,AgentPrefab,Agent,MoveState,Moving,Goal,20.00,0.00,20.00,20.00,0.00,10.14,20.00,0.00,11.00,AStar,
2230,14.24,AgentPrefab,Agent,MoveState,Moving,Goal,20.00,0.00,20.00,20.00,0.00,10.15,20.00,0.00,11.00,AStar,
2231,14.25,AgentPrefab,Agent,MoveState,Moving,Goal,20.00,0.00,20.00,20.00,0.00,10.16,20.00,0.00,11.00,AStar,
2232,14.26,AgentPrefab,Agent,MoveState,Moving,Goal,20.00,0.00,20.00,20.00,0.00,10.18,20.00,0.00,11.00,AStar,
2233,14.26,AgentPrefab,Agent,MoveState,Moving,Goal,20.00,0.00,20.00,20.00,0.00,10.19,20.00,0.00,11.00,AStar,
2234,14.27,AgentPrefab,Agent,MoveState,Moving,Goal,20.00,0.00,20.00,20.00,0.00,10.20,20.00,0.00,11.00,AStar,
2235,14.28,AgentPrefab,Agent,MoveState,Moving,Goal,20.00,0.00,20.00,20.00,0.00,10.22,20.00,0.00,11.00,AStar,
2236,14.28,AgentPrefab,Agent,MoveState,Moving,Goal,20.00,0.00,20.00,20.00,0.00,10.23,20.00,0.00,11.00,AStar,
2237,14.29,AgentPrefab,Agent,MoveState,Moving,Goal,20.00,0.00,20.00,20.00,0.00,10.24,20.00,0.00,11.00,AStar,
2238,14.30,AgentPrefab,Agent,MoveState,Moving,Goal,20.00,0.00,20.00,20.00,0.00,10.26,20.00,0.00,11.00,AStar,
2239,14.30,AgentPrefab,Agent,MoveState,Moving,Goal,20.00,0.00,20.00,20.00,0.00,10.27,20.00,0.00,11.00,AStar,
2240,14.31,AgentPrefab,Agent,MoveState,Moving,Goal,20.00,0.00,20.00,20.00,0.00,10.28,20.00,0.00,11.00,AStar,
2241,14.32,AgentPrefab,Agent,MoveState,Moving,Goal,20.00,0.00,20.00,20.00,0.00,10.30,20.00,0.00,11.00,AStar,
2242,14.32,AgentPrefab,Agent,MoveState,Moving,Goal,20.00,0.00,20.00,20.00,0.00,10.31,20.00,0.00,11.00,AStar,
2243,14.33,AgentPrefab,Agent,MoveState,Moving,Goal,20.00,0.00,20.00,20.00,0.00,10.32,20.00,0.00,11.00,AStar,
2244,14.34,AgentPrefab,Agent,MoveState,Moving,Goal,20.00,0.00,20.00,20.00,0.00,10.34,20.00,0.00,11.00,AStar,
2245,14.34,AgentPrefab,Agent,MoveState,Moving,Goal,20.00,0.00,20.00,20.00,0.00,10.35,20.00,0.00,11.00,AStar,
2246,14.35,AgentPrefab,Agent,MoveState,Moving,Goal,20.00,0.00,20.00,20.00,0.00,10.36,20.00,0.00,11.00,AStar,
2247,14.36,AgentPrefab,Agent,MoveState,Moving,Goal,20.00,0.00,20.00,20.00,0.00,10.38,20.00,0.00,11.00,AStar,
2248,14.36,AgentPrefab,Agent,MoveState,Moving,Goal,20.00,0.00,20.00,20.00,0.00,10.39,20.00,0.00,11.00,AStar,
2249,14.37,AgentPrefab,Agent,MoveState,Moving,Goal,20.00,0.00,20.00,20.00,0.00,10.40,20.00,0.00,11.00,AStar,
2250,14.38,AgentPrefab,Agent,MoveState,Moving,Goal,20.00,0.00,20.00,20.00,0.00,10.42,20.00,0.00,11.00,AStar,
2251,14.38,AgentPrefab,Agent,MoveState,Moving,Goal,20.00,0.00,20.00,20.00,0.00,10.43,20.00,0.00,11.00,AStar,
2252,14.39,AgentPrefab,Agent,MoveState,Moving,Goal,20.00,0.00,20.00,20.00,0.00,10.44,20.00,0.00,11.00,AStar,
2253,14.40,AgentPrefab,Agent,MoveState,Moving,Goal,20.00,0.00,20.00,20.00,0.00,10.46,20.00,0.00,11.00,AStar,
2254,14.40,AgentPrefab,Agent,MoveState,Moving,Goal,20.00,0.00,20.00,20.00,0.00,10.47,20.00,0.00,11.00,AStar,
2255,14.41,AgentPrefab,Agent,MoveState,Moving,Goal,20.00,0.00,20.00,20.00,0.00,10.49,20.00,0.00,11.00,AStar,
2256,14.42,AgentPrefab,Agent,MoveState,Moving,Goal,20.00,0.00,20.00,20.00,0.00,10.50,20.00,0.00,11.00,AStar,
2257,14.42,AgentPrefab,Agent,MoveState,Moving,Goal,20.00,0.00,20.00,20.00,0.00,10.51,20.00,0.00,11.00,AStar,
2258,14.43,AgentPrefab,Agent,MoveState,Moving,Goal,20.00,0.00,20.00,20.00,0.00,10.52,20.00,0.00,11.00,AStar,
2259,14.44,AgentPrefab,Agent,MoveState,Moving,Goal,20.00,0.00,20.00,20.00,0.00,10.54,20.00,0.00,11.00,AStar,
2260,14.44,AgentPrefab,Agent,MoveState,Moving,Goal,20.00,0.00,20.00,20.00,0.00,10.55,20.00,0.00,11.00,AStar,
2261,14.45,AgentPrefab,Agent,MoveState,Moving,Goal,20.00,0.00,20.00,20.00,0.00,10.56,20.00,0.00,11.00,AStar,
2262,14.46,AgentPrefab,Agent,MoveState,Moving,Goal,20.00,0.00,20.00,20.00,0.00,10.58,20.00,0.00,11.00,AStar,
2263,14.46,AgentPrefab,Agent,MoveState,Moving,Goal,20.00,0.00,20.00,20.00,0.00,10.59,20.00,0.00,11.00,AStar,
2264,14.47,AgentPrefab,Agent,MoveState,Moving,Goal,20.00,0.00,20.00,20.00,0.00,10.60,20.00,0.00,11.00,AStar,
2265,14.48,AgentPrefab,Agent,MoveState,Moving,Goal,20.00,0.00,20.00,20.00,0.00,10.62,20.00,0.00,11.00,AStar,
2266,14.48,AgentPrefab,Agent,MoveState,Moving,Goal,20.00,0.00,20.00,20.00,0.00,10.63,20.00,0.00,11.00,AStar,
2267,14.49,AgentPrefab,Agent,MoveState,Moving,Goal,20.00,0.00,20.00,20.00,0.00,10.64,20.00,0.00,11.00,AStar,
2268,14.50,AgentPrefab,Agent,MoveState,Moving,Goal,20.00,0.00,20.00,20.00,0.00,10.66,20.00,0.00,11.00,AStar,
2269,14.50,AgentPrefab,Agent,MoveState,Moving,Goal,20.00,0.00,20.00,20.00,0.00,10.67,20.00,0.00,11.00,AStar,
2270,14.52,AgentPrefab,Agent,MoveState,Moving,Goal,20.00,0.00,20.00,20.00,0.00,10.68,20.00,0.00,11.00,AStar,
2271,14.53,AgentPrefab,Agent,MoveState,Moving,Goal,20.00,0.00,20.00,20.00,0.00,10.71,20.00,0.00,11.00,AStar,
2272,14.53,AgentPrefab,Agent,MoveState,Moving,Goal,20.00,0.00,20.00,20.00,0.00,10.73,20.00,0.00,11.00,AStar,
2273,14.54,AgentPrefab,Agent,MoveState,Moving,Goal,20.00,0.00,20.00,20.00,0.00,10.75,20.00,0.00,11.00,AStar,
2274,14.55,AgentPrefab,Agent,MoveState,Moving,Goal,20.00,0.00,20.00,20.00,0.00,10.76,20.00,0.00,11.00,AStar,
2275,14.55,AgentPrefab,Agent,MoveState,Moving,Goal,20.00,0.00,20.00,20.00,0.00,10.77,20.00,0.00,11.00,AStar,
2276,14.56,AgentPrefab,Agent,MoveState,Moving,Goal,20.00,0.00,20.00,20.00,0.00,10.79,20.00,0.00,11.00,AStar,
2277,14.57,AgentPrefab,Agent,MoveState,Moving,Goal,20.00,0.00,20.00,20.00,0.00,10.80,20.00,0.00,11.00,AStar,
2278,14.58,AgentPrefab,Agent,MoveState,Moving,Goal,20.00,0.00,20.00,20.00,0.00,10.81,20.00,0.00,11.00,AStar,
2279,14.58,AgentPrefab,Agent,MoveState,Moving,Goal,20.00,0.00,20.00,20.00,0.00,10.83,20.00,0.00,11.00,AStar,
2280,14.59,AgentPrefab,Agent,MoveState,Moving,Goal,20.00,0.00,20.00,20.00,0.00,10.84,20.00,0.00,11.00,AStar,
2281,14.59,AgentPrefab,Agent,MoveState,Moving,Goal,20.00,0.00,20.00,20.00,0.00,10.85,20.00,0.00,11.00,AStar,
2282,14.60,AgentPrefab,Agent,MoveState,Moving,Goal,20.00,0.00,20.00,20.00,0.00,10.87,20.00,0.00,11.00,AStar,
2283,14.61,AgentPrefab,Agent,MoveState,Moving,Goal,20.00,0.00,20.00,20.00,0.00,10.88,20.00,0.00,11.00,AStar,
2284,14.61,AgentPrefab,Agent,MoveState,Moving,Goal,20.00,0.00,20.00,20.00,0.00,10.89,20.00,0.00,11.00,AStar,
2285,14.62,AgentPrefab,Agent,MoveState,Moving,Goal,20.00,0.00,20.00,20.00,0.00,10.91,20.00,0.00,11.00,AStar,
2286,14.63,AgentPrefab,Agent,MoveState,Moving,Goal,20.00,0.00,20.00,20.00,0.00,10.92,20.00,0.00,11.00,AStar,
2287,14.63,AgentPrefab,Agent,MoveState,Moving,Goal,20.00,0.00,20.00,20.00,0.00,10.93,20.00,0.00,11.00,AStar,
2288,14.64,AgentPrefab,Agent,MoveState,Moving,Goal,20.00,0.00,20.00,20.00,0.00,10.95,20.00,0.00,11.00,AStar,
2289,14.65,AgentPrefab,Agent,MoveState,Moving,Goal,20.00,0.00,20.00,20.00,0.00,11.00,20.00,0.00,12.00,AStar,
2290,14.65,AgentPrefab,Agent,MoveState,Moving,Goal,20.00,0.00,20.00,20.00,0.00,11.01,20.00,0.00,12.00,AStar,
2291,14.66,AgentPrefab,Agent,MoveState,Moving,Goal,20.00,0.00,20.00,20.00,0.00,11.03,20.00,0.00,12.00,AStar,
2292,14.67,AgentPrefab,Agent,MoveState,Moving,Goal,20.00,0.00,20.00,20.00,0.00,11.04,20.00,0.00,12.00,AStar,
2293,14.67,AgentPrefab,Agent,MoveState,Moving,Goal,20.00,0.00,20.00,20.00,0.00,11.05,20.00,0.00,12.00,AStar,
2294,14.68,AgentPrefab,Agent,MoveState,Moving,Goal,20.00,0.00,20.00,20.00,0.00,11.07,20.00,0.00,12.00,AStar,
2295,14.69,AgentPrefab,Agent,MoveState,Moving,Goal,20.00,0.00,20.00,20.00,0.00,11.08,20.00,0.00,12.00,AStar,
2296,14.69,AgentPrefab,Agent,MoveState,Moving,Goal,20.00,0.00,20.00,20.00,0.00,11.09,20.00,0.00,12.00,AStar,
2297,14.70,AgentPrefab,Agent,MoveState,Moving,Goal,20.00,0.00,20.00,20.00,0.00,11.10,20.00,0.00,12.00,AStar,
2298,14.71,AgentPrefab,Agent,MoveState,Moving,Goal,20.00,0.00,20.00,20.00,0.00,11.12,20.00,0.00,12.00,AStar,
2299,14.71,AgentPrefab,Agent,MoveState,Moving,Goal,20.00,0.00,20.00,20.00,0.00,11.13,20.00,0.00,12.00,AStar,
2300,14.72,AgentPrefab,Agent,MoveState,Moving,Goal,20.00,0.00,20.00,20.00,0.00,11.14,20.00,0.00,12.00,AStar,
2301,14.73,AgentPrefab,Agent,MoveState,Moving,Goal,20.00,0.00,20.00,20.00,0.00,11.16,20.00,0.00,12.00,AStar,
2302,14.73,AgentPrefab,Agent,MoveState,Moving,Goal,20.00,0.00,20.00,20.00,0.00,11.17,20.00,0.00,12.00,AStar,
2303,14.74,AgentPrefab,Agent,MoveState,Moving,Goal,20.00,0.00,20.00,20.00,0.00,11.18,20.00,0.00,12.00,AStar,
2304,14.75,AgentPrefab,Agent,MoveState,Moving,Goal,20.00,0.00,20.00,20.00,0.00,11.20,20.00,0.00,12.00,AStar,
2305,14.75,AgentPrefab,Agent,MoveState,Moving,Goal,20.00,0.00,20.00,20.00,0.00,11.21,20.00,0.00,12.00,AStar,
2306,14.76,AgentPrefab,Agent,MoveState,Moving,Goal,20.00,0.00,20.00,20.00,0.00,11.22,20.00,0.00,12.00,AStar,
2307,14.77,AgentPrefab,Agent,MoveState,Moving,Goal,20.00,0.00,20.00,20.00,0.00,11.24,20.00,0.00,12.00,AStar,
2308,14.77,AgentPrefab,Agent,MoveState,Moving,Goal,20.00,0.00,20.00,20.00,0.00,11.25,20.00,0.00,12.00,AStar,
2309,14.78,AgentPrefab,Agent,MoveState,Moving,Goal,20.00,0.00,20.00,20.00,0.00,11.26,20.00,0.00,12.00,AStar,
2310,14.79,AgentPrefab,Agent,MoveState,Moving,Goal,20.00,0.00,20.00,20.00,0.00,11.28,20.00,0.00,12.00,AStar,
2311,14.79,AgentPrefab,Agent,MoveState,Moving,Goal,20.00,0.00,20.00,20.00,0.00,11.29,20.00,0.00,12.00,AStar,
2312,14.80,AgentPrefab,Agent,MoveState,Moving,Goal,20.00,0.00,20.00,20.00,0.00,11.30,20.00,0.00,12.00,AStar,
2313,14.81,AgentPrefab,Agent,MoveState,Moving,Goal,20.00,0.00,20.00,20.00,0.00,11.32,20.00,0.00,12.00,AStar,
2314,14.81,AgentPrefab,Agent,MoveState,Moving,Goal,20.00,0.00,20.00,20.00,0.00,11.33,20.00,0.00,12.00,AStar,
2315,14.82,AgentPrefab,Agent,MoveState,Moving,Goal,20.00,0.00,20.00,20.00,0.00,11.34,20.00,0.00,12.00,AStar,
2316,14.83,AgentPrefab,Agent,MoveState,Moving,Goal,20.00,0.00,20.00,20.00,0.00,11.36,20.00,0.00,12.00,AStar,
2317,14.83,AgentPrefab,Agent,MoveState,Moving,Goal,20.00,0.00,20.00,20.00,0.00,11.37,20.00,0.00,12.00,AStar,
2318,14.84,AgentPrefab,Agent,MoveState,Moving,Goal,20.00,0.00,20.00,20.00,0.00,11.38,20.00,0.00,12.00,AStar,
2319,14.85,AgentPrefab,Agent,MoveState,Moving,Goal,20.00,0.00,20.00,20.00,0.00,11.40,20.00,0.00,12.00,AStar,
2320,14.85,AgentPrefab,Agent,MoveState,Moving,Goal,20.00,0.00,20.00,20.00,0.00,11.41,20.00,0.00,12.00,AStar,
2321,14.86,AgentPrefab,Agent,MoveState,Moving,Goal,20.00,0.00,20.00,20.00,0.00,11.42,20.00,0.00,12.00,AStar,
2322,14.87,AgentPrefab,Agent,MoveState,Moving,Goal,20.00,0.00,20.00,20.00,0.00,11.44,20.00,0.00,12.00,AStar,
2323,14.87,AgentPrefab,Agent,MoveState,Moving,Goal,20.00,0.00,20.00,20.00,0.00,11.45,20.00,0.00,12.00,AStar,
2324,14.88,AgentPrefab,Agent,MoveState,Moving,Goal,20.00,0.00,20.00,20.00,0.00,11.46,20.00,0.00,12.00,AStar,
2325,14.89,AgentPrefab,Agent,MoveState,Moving,Goal,20.00,0.00,20.00,20.00,0.00,11.48,20.00,0.00,12.00,AStar,
2326,14.89,AgentPrefab,Agent,MoveState,Moving,Goal,20.00,0.00,20.00,20.00,0.00,11.49,20.00,0.00,12.00,AStar,
2327,14.90,AgentPrefab,Agent,MoveState,Moving,Goal,20.00,0.00,20.00,20.00,0.00,11.50,20.00,0.00,12.00,AStar,
2328,14.91,AgentPrefab,Agent,MoveState,Moving,Goal,20.00,0.00,20.00,20.00,0.00,11.52,20.00,0.00,12.00,AStar,
2329,14.91,AgentPrefab,Agent,MoveState,Moving,Goal,20.00,0.00,20.00,20.00,0.00,11.53,20.00,0.00,12.00,AStar,
2330,14.92,AgentPrefab,Agent,MoveState,Moving,Goal,20.00,0.00,20.00,20.00,0.00,11.54,20.00,0.00,12.00,AStar,
2331,14.92,AgentPrefab,Agent,MoveState,Moving,Goal,20.00,0.00,20.00,20.00,0.00,11.55,20.00,0.00,12.00,AStar,
2332,14.93,AgentPrefab,Agent,MoveState,Moving,Goal,20.00,0.00,20.00,20.00,0.00,11.57,20.00,0.00,12.00,AStar,
2333,14.94,AgentPrefab,Agent,MoveState,Moving,Goal,20.00,0.00,20.00,20.00,0.00,11.58,20.00,0.00,12.00,AStar,
2334,14.94,AgentPrefab,Agent,MoveState,Moving,Goal,20.00,0.00,20.00,20.00,0.00,11.59,20.00,0.00,12.00,AStar,
2335,14.95,AgentPrefab,Agent,MoveState,Moving,Goal,20.00,0.00,20.00,20.00,0.00,11.61,20.00,0.00,12.00,AStar,
2336,14.96,AgentPrefab,Agent,MoveState,Moving,Goal,20.00,0.00,20.00,20.00,0.00,11.62,20.00,0.00,12.00,AStar,
2337,14.96,AgentPrefab,Agent,MoveState,Moving,Goal,20.00,0.00,20.00,20.00,0.00,11.63,20.00,0.00,12.00,AStar,
2338,14.97,AgentPrefab,Agent,MoveState,Moving,Goal,20.00,0.00,20.00,20.00,0.00,11.65,20.00,0.00,12.00,AStar,
2339,14.98,AgentPrefab,Agent,MoveState,Moving,Goal,20.00,0.00,20.00,20.00,0.00,11.66,20.00,0.00,12.00,AStar,
2340,14.98,AgentPrefab,Agent,MoveState,Moving,Goal,20.00,0.00,20.00,20.00,0.00,11.67,20.00,0.00,12.00,AStar,
2341,14.99,AgentPrefab,Agent,MoveState,Moving,Goal,20.00,0.00,20.00,20.00,0.00,11.69,20.00,0.00,12.00,AStar,
2342,15.00,AgentPrefab,Agent,MoveState,Moving,Goal,20.00,0.00,20.00,20.00,0.00,11.70,20.00,0.00,12.00,AStar,
2343,15.00,AgentPrefab,Agent,MoveState,Moving,Goal,20.00,0.00,20.00,20.00,0.00,11.71,20.00,0.00,12.00,AStar,
2344,15.01,AgentPrefab,Agent,MoveState,Moving,Goal,20.00,0.00,20.00,20.00,0.00,11.73,20.00,0.00,12.00,AStar,
2345,15.02,AgentPrefab,Agent,MoveState,Moving,Goal,20.00,0.00,20.00,20.00,0.00,11.74,20.00,0.00,12.00,AStar,
2346,15.02,AgentPrefab,Agent,MoveState,Moving,Goal,20.00,0.00,20.00,20.00,0.00,11.75,20.00,0.00,12.00,AStar,
2347,15.03,AgentPrefab,Agent,MoveState,Moving,Goal,20.00,0.00,20.00,20.00,0.00,11.77,20.00,0.00,12.00,AStar,
2348,15.04,AgentPrefab,Agent,MoveState,Moving,Goal,20.00,0.00,20.00,20.00,0.00,11.78,20.00,0.00,12.00,AStar,
2349,15.04,AgentPrefab,Agent,MoveState,Moving,Goal,20.00,0.00,20.00,20.00,0.00,11.79,20.00,0.00,12.00,AStar,
2350,15.05,AgentPrefab,Agent,MoveState,Moving,Goal,20.00,0.00,20.00,20.00,0.00,11.81,20.00,0.00,12.00,AStar,
2351,15.06,AgentPrefab,Agent,MoveState,Moving,Goal,20.00,0.00,20.00,20.00,0.00,11.82,20.00,0.00,12.00,AStar,
2352,15.06,AgentPrefab,Agent,MoveState,Moving,Goal,20.00,0.00,20.00,20.00,0.00,11.83,20.00,0.00,12.00,AStar,
2353,15.07,AgentPrefab,Agent,MoveState,Moving,Goal,20.00,0.00,20.00,20.00,0.00,11.85,20.00,0.00,12.00,AStar,
2354,15.08,AgentPrefab,Agent,MoveState,Moving,Goal,20.00,0.00,20.00,20.00,0.00,11.86,20.00,0.00,12.00,AStar,
2355,15.08,AgentPrefab,Agent,MoveState,Moving,Goal,20.00,0.00,20.00,20.00,0.00,11.87,20.00,0.00,12.00,AStar,
2356,15.09,AgentPrefab,Agent,MoveState,Moving,Goal,20.00,0.00,20.00,20.00,0.00,11.89,20.00,0.00,12.00,AStar,
2357,15.10,AgentPrefab,Agent,MoveState,Moving,Goal,20.00,0.00,20.00,20.00,0.00,11.90,20.00,0.00,12.00,AStar,
2358,15.10,AgentPrefab,Agent,MoveState,Moving,Goal,20.00,0.00,20.00,20.00,0.00,11.91,20.00,0.00,12.00,AStar,
2359,15.11,AgentPrefab,Agent,MoveState,Moving,Goal,20.00,0.00,20.00,20.00,0.00,11.93,20.00,0.00,12.00,AStar,
2360,15.12,AgentPrefab,Agent,MoveState,Moving,Goal,20.00,0.00,20.00,20.00,0.00,11.94,20.00,0.00,12.00,AStar,
2361,15.12,AgentPrefab,Agent,MoveState,Moving,Goal,20.00,0.00,20.00,20.00,0.00,12.00,20.00,0.00,13.00,AStar,
2362,15.13,AgentPrefab,Agent,MoveState,Moving,Goal,20.00,0.00,20.00,20.00,0.00,12.01,20.00,0.00,13.00,AStar,
2363,15.14,AgentPrefab,Agent,MoveState,Moving,Goal,20.00,0.00,20.00,20.00,0.00,12.03,20.00,0.00,13.00,AStar,
2364,15.14,AgentPrefab,Agent,MoveState,Moving,Goal,20.00,0.00,20.00,20.00,0.00,12.04,20.00,0.00,13.00,AStar,
2365,15.15,AgentPrefab,Agent,MoveState,Moving,Goal,20.00,0.00,20.00,20.00,0.00,12.05,20.00,0.00,13.00,AStar,
2366,15.16,AgentPrefab,Agent,MoveState,Moving,Goal,20.00,0.00,20.00,20.00,0.00,12.07,20.00,0.00,13.00,AStar,
2367,15.16,AgentPrefab,Agent,MoveState,Moving,Goal,20.00,0.00,20.00,20.00,0.00,12.08,20.00,0.00,13.00,AStar,
2368,15.17,AgentPrefab,Agent,MoveState,Moving,Goal,20.00,0.00,20.00,20.00,0.00,12.09,20.00,0.00,13.00,AStar,
2369,15.18,AgentPrefab,Agent,MoveState,Moving,Goal,20.00,0.00,20.00,20.00,0.00,12.11,20.00,0.00,13.00,AStar,
2370,15.18,AgentPrefab,Agent,MoveState,Moving,Goal,20.00,0.00,20.00,20.00,0.00,12.12,20.00,0.00,13.00,AStar,
2371,15.19,AgentPrefab,Agent,MoveState,Moving,Goal,20.00,0.00,20.00,20.00,0.00,12.13,20.00,0.00,13.00,AStar,
2372,15.20,AgentPrefab,Agent,MoveState,Moving,Goal,20.00,0.00,20.00,20.00,0.00,12.15,20.00,0.00,13.00,AStar,
2373,15.20,AgentPrefab,Agent,MoveState,Moving,Goal,20.00,0.00,20.00,20.00,0.00,12.16,20.00,0.00,13.00,AStar,
2374,15.21,AgentPrefab,Agent,MoveState,Moving,Goal,20.00,0.00,20.00,20.00,0.00,12.17,20.00,0.00,13.00,AStar,
2375,15.22,AgentPrefab,Agent,MoveState,Moving,Goal,20.00,0.00,20.00,20.00,0.00,12.19,20.00,0.00,13.00,AStar,
2376,15.22,AgentPrefab,Agent,MoveState,Moving,Goal,20.00,0.00,20.00,20.00,0.00,12.20,20.00,0.00,13.00,AStar,
2377,15.23,AgentPrefab,Agent,MoveState,Moving,Goal,20.00,0.00,20.00,20.00,0.00,12.21,20.00,0.00,13.00,AStar,
2378,15.24,AgentPrefab,Agent,MoveState,Moving,Goal,20.00,0.00,20.00,20.00,0.00,12.23,20.00,0.00,13.00,AStar,
2379,15.24,AgentPrefab,Agent,MoveState,Moving,Goal,20.00,0.00,20.00,20.00,0.00,12.24,20.00,0.00,13.00,AStar,
2380,15.25,AgentPrefab,Agent,MoveState,Moving,Goal,20.00,0.00,20.00,20.00,0.00,12.25,20.00,0.00,13.00,AStar,
2381,15.26,AgentPrefab,Agent,MoveState,Moving,Goal,20.00,0.00,20.00,20.00,0.00,12.27,20.00,0.00,13.00,AStar,
2382,15.26,AgentPrefab,Agent,MoveState,Moving,Goal,20.00,0.00,20.00,20.00,0.00,12.28,20.00,0.00,13.00,AStar,
2383,15.28,AgentPrefab,Agent,MoveState,Moving,Goal,20.00,0.00,20.00,20.00,0.00,12.29,20.00,0.00,13.00,AStar,
2384,15.29,AgentPrefab,Agent,MoveState,Moving,Goal,20.00,0.00,20.00,20.00,0.00,12.33,20.00,0.00,13.00,AStar,
2385,15.30,AgentPrefab,Agent,MoveState,Moving,Goal,20.00,0.00,20.00,20.00,0.00,12.34,20.00,0.00,13.00,AStar,
2386,15.30,AgentPrefab,Agent,MoveState,Moving,Goal,20.00,0.00,20.00,20.00,0.00,12.36,20.00,0.00,13.00,AStar,
2387,15.31,AgentPrefab,Agent,MoveState,Moving,Goal,20.00,0.00,20.00,20.00,0.00,12.37,20.00,0.00,13.00,AStar,
2388,15.32,AgentPrefab,Agent,MoveState,Moving,Goal,20.00,0.00,20.00,20.00,0.00,12.39,20.00,0.00,13.00,AStar,
2389,15.32,AgentPrefab,Agent,MoveState,Moving,Goal,20.00,0.00,20.00,20.00,0.00,12.40,20.00,0.00,13.00,AStar,
2390,15.33,AgentPrefab,Agent,MoveState,Moving,Goal,20.00,0.00,20.00,20.00,0.00,12.41,20.00,0.00,13.00,AStar,
2391,15.34,AgentPrefab,Agent,MoveState,Moving,Goal,20.00,0.00,20.00,20.00,0.00,12.42,20.00,0.00,13.00,AStar,
2392,15.34,AgentPrefab,Agent,MoveState,Moving,Goal,20.00,0.00,20.00,20.00,0.00,12.44,20.00,0.00,13.00,AStar,
2393,15.35,AgentPrefab,Agent,MoveState,Moving,Goal,20.00,0.00,20.00,20.00,0.00,12.45,20.00,0.00,13.00,AStar,
2394,15.36,AgentPrefab,Agent,MoveState,Moving,Goal,20.00,0.00,20.00,20.00,0.00,12.46,20.00,0.00,13.00,AStar,
2395,15.36,AgentPrefab,Agent,MoveState,Moving,Goal,20.00,0.00,20.00,20.00,0.00,12.48,20.00,0.00,13.00,AStar,
2396,15.37,AgentPrefab,Agent,MoveState,Moving,Goal,20.00,0.00,20.00,20.00,0.00,12.49,20.00,0.00,13.00,AStar,
2397,15.38,AgentPrefab,Agent,MoveState,Moving,Goal,20.00,0.00,20.00,20.00,0.00,12.50,20.00,0.00,13.00,AStar,
2398,15.38,AgentPrefab,Agent,MoveState,Moving,Goal,20.00,0.00,20.00,20.00,0.00,12.52,20.00,0.00,13.00,AStar,
2399,15.39,AgentPrefab,Agent,MoveState,Moving,Goal,20.00,0.00,20.00,20.00,0.00,12.53,20.00,0.00,13.00,AStar,
2400,15.40,AgentPrefab,Agent,MoveState,Moving,Goal,20.00,0.00,20.00,20.00,0.00,12.54,20.00,0.00,13.00,AStar,
2401,15.40,AgentPrefab,Agent,MoveState,Moving,Goal,20.00,0.00,20.00,20.00,0.00,12.56,20.00,0.00,13.00,AStar,
2402,15.41,AgentPrefab,Agent,MoveState,Moving,Goal,20.00,0.00,20.00,20.00,0.00,12.57,20.00,0.00,13.00,AStar,
2403,15.41,AgentPrefab,Agent,MoveState,Moving,Goal,20.00,0.00,20.00,20.00,0.00,12.58,20.00,0.00,13.00,AStar,
2404,15.42,AgentPrefab,Agent,MoveState,Moving,Goal,20.00,0.00,20.00,20.00,0.00,12.60,20.00,0.00,13.00,AStar,
2405,15.43,AgentPrefab,Agent,MoveState,Moving,Goal,20.00,0.00,20.00,20.00,0.00,12.61,20.00,0.00,13.00,AStar,
2406,15.43,AgentPrefab,Agent,MoveState,Moving,Goal,20.00,0.00,20.00,20.00,0.00,12.62,20.00,0.00,13.00,AStar,
2407,15.44,AgentPrefab,Agent,MoveState,Moving,Goal,20.00,0.00,20.00,20.00,0.00,12.64,20.00,0.00,13.00,AStar,
2408,15.45,AgentPrefab,Agent,MoveState,Moving,Goal,20.00,0.00,20.00,20.00,0.00,12.65,20.00,0.00,13.00,AStar,
2409,15.45,AgentPrefab,Agent,MoveState,Moving,Goal,20.00,0.00,20.00,20.00,0.00,12.66,20.00,0.00,13.00,AStar,
2410,15.46,AgentPrefab,Agent,MoveState,Moving,Goal,20.00,0.00,20.00,20.00,0.00,12.68,20.00,0.00,13.00,AStar,
2411,15.47,AgentPrefab,Agent,MoveState,Moving,Goal,20.00,0.00,20.00,20.00,0.00,12.69,20.00,0.00,13.00,AStar,
2412,15.47,AgentPrefab,Agent,MoveState,Moving,Goal,20.00,0.00,20.00,20.00,0.00,12.70,20.00,0.00,13.00,AStar,
2413,15.48,AgentPrefab,Agent,MoveState,Moving,Goal,20.00,0.00,20.00,20.00,0.00,12.72,20.00,0.00,13.00,AStar,
2414,15.49,AgentPrefab,Agent,MoveState,Moving,Goal,20.00,0.00,20.00,20.00,0.00,12.73,20.00,0.00,13.00,AStar,
2415,15.49,AgentPrefab,Agent,MoveState,Moving,Goal,20.00,0.00,20.00,20.00,0.00,12.74,20.00,0.00,13.00,AStar,
2416,15.50,AgentPrefab,Agent,MoveState,Moving,Goal,20.00,0.00,20.00,20.00,0.00,12.75,20.00,0.00,13.00,AStar,
2417,15.51,AgentPrefab,Agent,MoveState,Moving,Goal,20.00,0.00,20.00,20.00,0.00,12.77,20.00,0.00,13.00,AStar,
2418,15.51,AgentPrefab,Agent,MoveState,Moving,Goal,20.00,0.00,20.00,20.00,0.00,12.78,20.00,0.00,13.00,AStar,
2419,15.52,AgentPrefab,Agent,MoveState,Moving,Goal,20.00,0.00,20.00,20.00,0.00,12.79,20.00,0.00,13.00,AStar,
2420,15.53,AgentPrefab,Agent,MoveState,Moving,Goal,20.00,0.00,20.00,20.00,0.00,12.81,20.00,0.00,13.00,AStar,
2421,15.53,AgentPrefab,Agent,MoveState,Moving,Goal,20.00,0.00,20.00,20.00,0.00,12.82,20.00,0.00,13.00,AStar,
2422,15.54,AgentPrefab,Agent,MoveState,Moving,Goal,20.00,0.00,20.00,20.00,0.00,12.83,20.00,0.00,13.00,AStar,
2423,15.55,AgentPrefab,Agent,MoveState,Moving,Goal,20.00,0.00,20.00,20.00,0.00,12.85,20.00,0.00,13.00,AStar,
2424,15.55,AgentPrefab,Agent,MoveState,Moving,Goal,20.00,0.00,20.00,20.00,0.00,12.86,20.00,0.00,13.00,AStar,
2425,15.56,AgentPrefab,Agent,MoveState,Moving,Goal,20.00,0.00,20.00,20.00,0.00,12.87,20.00,0.00,13.00,AStar,
2426,15.57,AgentPrefab,Agent,MoveState,Moving,Goal,20.00,0.00,20.00,20.00,0.00,12.89,20.00,0.00,13.00,AStar,
2427,15.57,AgentPrefab,Agent,MoveState,Moving,Goal,20.00,0.00,20.00,20.00,0.00,12.90,20.00,0.00,13.00,AStar,
2428,15.58,AgentPrefab,Agent,MoveState,Moving,Goal,20.00,0.00,20.00,20.00,0.00,12.91,20.00,0.00,13.00,AStar,
2429,15.59,AgentPrefab,Agent,MoveState,Moving,Goal,20.00,0.00,20.00,20.00,0.00,12.93,20.00,0.00,13.00,AStar,
2430,15.59,AgentPrefab,Agent,MoveState,Moving,Goal,20.00,0.00,20.00,20.00,0.00,12.94,20.00,0.00,13.00,AStar,
2431,15.60,AgentPrefab,Agent,MoveState,Moving,Goal,20.00,0.00,20.00,20.00,0.00,13.00,20.00,0.00,14.00,AStar,
2432,15.61,AgentPrefab,Agent,MoveState,Moving,Goal,20.00,0.00,20.00,20.00,0.00,13.02,20.00,0.00,14.00,AStar,
2433,15.61,AgentPrefab,Agent,MoveState,Moving,Goal,20.00,0.00,20.00,20.00,0.00,13.03,20.00,0.00,14.00,AStar,
2434,15.62,AgentPrefab,Agent,MoveState,Moving,Goal,20.00,0.00,20.00,20.00,0.00,13.04,20.00,0.00,14.00,AStar,
2435,15.63,AgentPrefab,Agent,MoveState,Moving,Goal,20.00,0.00,20.00,20.00,0.00,13.05,20.00,0.00,14.00,AStar,
2436,15.63,AgentPrefab,Agent,MoveState,Moving,Goal,20.00,0.00,20.00,20.00,0.00,13.05,20.00,0.00,14.00,AStar,
2437,15.64,AgentPrefab,Agent,MoveState,Moving,Goal,20.00,0.00,20.00,20.00,0.00,13.05,20.00,0.00,14.00,AStar,
2438,15.65,AgentPrefab,Agent,MoveState,Moving,Goal,20.00,0.00,20.00,20.00,0.00,13.05,20.00,0.00,14.00,AStar,
2439,15.65,AgentPrefab,Agent,MoveState,Moving,Goal,20.00,0.00,20.00,20.00,0.00,13.05,20.00,0.00,14.00,AStar,
2440,15.66,AgentPrefab,Agent,MoveState,Moving,Goal,20.00,0.00,20.00,20.00,0.00,13.05,20.00,0.00,14.00,AStar,
2441,15.67,AgentPrefab,Agent,MoveState,Moving,Goal,20.00,0.00,20.00,20.00,0.00,13.05,20.00,0.00,14.00,AStar,
2442,15.67,AgentPrefab,Agent,MoveState,Moving,Goal,20.00,0.00,20.00,20.00,0.00,13.05,20.00,0.00,14.00,AStar,
2443,15.68,AgentPrefab,Agent,MoveState,Moving,Goal,20.00,0.00,20.00,20.00,0.00,13.05,20.00,0.00,14.00,AStar,
2444,15.69,AgentPrefab,Agent,MoveState,Moving,Goal,20.00,0.00,20.00,20.00,0.00,13.05,20.00,0.00,14.00,AStar,
2445,15.69,AgentPrefab,Agent,MoveState,Moving,Goal,20.00,0.00,20.00,20.00,0.00,13.05,20.00,0.00,14.00,AStar,
2446,15.70,AgentPrefab,Agent,MoveState,Moving,Goal,20.00,0.00,20.00,20.00,0.00,13.05,20.00,0.00,14.00,AStar,
2447,15.71,AgentPrefab,Agent,MoveState,Moving,Goal,20.00,0.00,20.00,20.00,0.00,13.05,20.00,0.00,14.00,AStar,
2448,15.71,AgentPrefab,Agent,MoveState,Moving,Goal,20.00,0.00,20.00,20.00,0.00,13.05,20.00,0.00,14.00,AStar,
2449,15.72,AgentPrefab,Agent,MoveState,Moving,Goal,20.00,0.00,20.00,20.00,0.00,13.05,20.00,0.00,14.00,AStar,
2450,15.72,AgentPrefab,Agent,MoveState,Moving,Goal,20.00,0.00,20.00,20.00,0.00,13.05,20.00,0.00,14.00,AStar,
2451,15.73,AgentPrefab,Agent,MoveState,Moving,Goal,20.00,0.00,20.00,20.00,0.00,13.05,20.00,0.00,14.00,AStar,
2452,15.74,AgentPrefab,Agent,MoveState,Moving,Goal,20.00,0.00,20.00,20.00,0.00,13.05,20.00,0.00,14.00,AStar,
2453,15.74,AgentPrefab,Agent,MoveState,Moving,Goal,20.00,0.00,20.00,20.00,0.00,13.05,20.00,0.00,14.00,AStar,
2454,15.75,AgentPrefab,Agent,MoveState,Moving,Goal,20.00,0.00,20.00,20.00,0.00,13.05,20.00,0.00,14.00,AStar,
2455,15.76,AgentPrefab,Agent,MoveState,Moving,Goal,20.00,0.00,20.00,20.00,0.00,13.05,20.00,0.00,14.00,AStar,
2456,15.76,AgentPrefab,Agent,MoveState,Moving,Goal,20.00,0.00,20.00,20.00,0.00,13.05,20.00,0.00,14.00,AStar,
2457,15.77,AgentPrefab,Agent,MoveState,Moving,Goal,20.00,0.00,20.00,20.00,0.00,13.05,20.00,0.00,14.00,AStar,
2458,15.78,AgentPrefab,Agent,MoveState,Moving,Goal,20.00,0.00,20.00,20.00,0.00,13.05,20.00,0.00,14.00,AStar,
2459,15.78,AgentPrefab,Agent,MoveState,Moving,Goal,20.00,0.00,20.00,20.00,0.00,13.05,20.00,0.00,14.00,AStar,
2460,15.79,AgentPrefab,Agent,MoveState,Moving,Goal,20.00,0.00,20.00,20.00,0.00,13.05,20.00,0.00,14.00,AStar,
2461,15.80,AgentPrefab,Agent,MoveState,Moving,Goal,20.00,0.00,20.00,20.00,0.00,13.05,20.00,0.00,14.00,AStar,
2462,15.81,AgentPrefab,Agent,MoveState,Moving,Goal,20.00,0.00,20.00,20.00,0.00,13.05,20.00,0.00,14.00,AStar,
2463,15.81,AgentPrefab,Agent,MoveState,Moving,Goal,20.00,0.00,20.00,20.00,0.00,13.05,20.00,0.00,14.00,AStar,
2464,15.82,AgentPrefab,Agent,MoveState,Moving,Goal,20.00,0.00,20.00,20.00,0.00,13.06,20.00,0.00,14.00,AStar,
2465,15.82,AgentPrefab,Agent,MoveState,Moving,Goal,20.00,0.00,20.00,20.00,0.00,13.06,20.00,0.00,14.00,AStar,
2466,15.83,AgentPrefab,Agent,MoveState,Moving,Goal,20.00,0.00,20.00,20.00,0.00,13.06,20.00,0.00,14.00,AStar,
2467,15.84,AgentPrefab,Agent,MoveState,Moving,Goal,20.00,0.00,20.00,20.00,0.00,13.06,20.00,0.00,14.00,AStar,
2468,15.84,AgentPrefab,Agent,MoveState,Moving,Goal,20.00,0.00,20.00,20.00,0.00,13.06,20.00,0.00,14.00,AStar,
2469,15.85,AgentPrefab,Agent,MoveState,Moving,Goal,20.00,0.00,20.00,20.00,0.00,13.06,20.00,0.00,14.00,AStar,
2470,15.86,AgentPrefab,Agent,MoveState,Moving,Goal,20.00,0.00,20.00,20.00,0.00,13.06,20.00,0.00,14.00,AStar,
2471,15.87,AgentPrefab,Agent,MoveState,Moving,Goal,20.00,0.00,20.00,20.00,0.00,13.06,20.00,0.00,14.00,AStar,
2472,15.88,AgentPrefab,Agent,MoveState,Moving,Goal,20.00,0.00,20.00,20.00,0.00,13.06,20.00,0.00,14.00,AStar,
2473,15.88,AgentPrefab,Agent,MoveState,Moving,Goal,20.00,0.00,20.00,20.00,0.00,13.06,20.00,0.00,14.00,AStar,
2474,15.89,AgentPrefab,Agent,MoveState,Moving,Goal,20.00,0.00,20.00,20.00,0.00,13.06,20.00,0.00,14.00,AStar,
2475,15.90,AgentPrefab,Agent,MoveState,Moving,Goal,20.00,0.00,20.00,20.00,0.00,13.06,20.00,0.00,14.00,AStar,
2476,15.90,AgentPrefab,Agent,MoveState,Moving,Goal,20.00,0.00,20.00,20.00,0.00,13.06,20.00,0.00,14.00,AStar,
2477,15.91,AgentPrefab,Agent,MoveState,Moving,Goal,20.00,0.00,20.00,20.00,0.00,13.06,20.00,0.00,14.00,AStar,
2478,15.92,AgentPrefab,Agent,MoveState,Moving,Goal,20.00,0.00,20.00,20.00,0.00,13.06,20.00,0.00,14.00,AStar,
2479,15.92,AgentPrefab,Agent,MoveState,Moving,Goal,20.00,0.00,20.00,20.00,0.00,13.06,20.00,0.00,14.00,AStar,
2480,15.93,AgentPrefab,Agent,MoveState,Moving,Goal,20.00,0.00,20.00,20.00,0.00,13.06,20.00,0.00,14.00,AStar,
2481,15.94,AgentPrefab,Agent,MoveState,Moving,Goal,20.00,0.00,20.00,20.00,0.00,13.06,20.00,0.00,14.00,AStar,
2482,15.94,AgentPrefab,Agent,MoveState,Moving,Goal,20.00,0.00,20.00,20.00,0.00,13.06,20.00,0.00,14.00,AStar,
2483,15.95,AgentPrefab,Agent,MoveState,Moving,Goal,20.00,0.00,20.00,20.00,0.00,13.06,20.00,0.00,14.00,AStar,
2484,15.96,AgentPrefab,Agent,MoveState,Moving,Goal,20.00,0.00,20.00,20.00,0.00,13.06,20.00,0.00,14.00,AStar,
2485,15.96,AgentPrefab,Agent,MoveState,Moving,Goal,20.00,0.00,20.00,20.00,0.00,13.06,20.00,0.00,14.00,AStar,
2486,15.97,AgentPrefab,Agent,MoveState,Moving,Goal,20.00,0.00,20.00,20.00,0.00,13.06,20.00,0.00,14.00,AStar,
2487,15.98,AgentPrefab,Agent,MoveState,Moving,Goal,20.00,0.00,20.00,20.00,0.00,13.06,20.00,0.00,14.00,AStar,
2488,15.98,AgentPrefab,Agent,MoveState,Moving,Goal,20.00,0.00,20.00,20.00,0.00,13.06,20.00,0.00,14.00,AStar,
2489,15.99,AgentPrefab,Agent,MoveState,Moving,Goal,20.00,0.00,20.00,20.00,0.00,13.06,20.00,0.00,14.00,AStar,
2490,16.00,AgentPrefab,Agent,MoveState,Moving,Goal,20.00,0.00,20.00,20.00,0.00,13.06,20.00,0.00,14.00,AStar,
2491,16.02,AgentPrefab,Agent,MoveState,Moving,Goal,20.00,0.00,20.00,20.00,0.00,13.06,20.00,0.00,14.00,AStar,
2492,16.02,AgentPrefab,Agent,MoveState,Moving,Goal,20.00,0.00,20.00,20.00,0.00,13.06,20.00,0.00,14.00,AStar,
2493,16.03,AgentPrefab,Agent,MoveState,Moving,Goal,20.00,0.00,20.00,20.00,0.00,13.06,20.00,0.00,14.00,AStar,
2494,16.03,AgentPrefab,Agent,MoveState,Moving,Goal,20.00,0.00,20.00,20.00,0.00,13.08,20.00,0.00,14.00,AStar,
2495,16.04,AgentPrefab,Agent,MoveState,Moving,Goal,20.00,0.00,20.00,20.00,0.00,13.09,20.00,0.00,14.00,AStar,
2496,16.05,AgentPrefab,Agent,MoveState,Moving,Goal,20.00,0.00,20.00,20.00,0.00,13.10,20.00,0.00,14.00,AStar,
2497,16.05,AgentPrefab,Agent,MoveState,Moving,Goal,20.00,0.00,20.00,20.00,0.00,13.12,20.00,0.00,14.00,AStar,
2498,16.06,AgentPrefab,Agent,MoveState,Moving,Goal,20.00,0.00,20.00,20.00,0.00,13.13,20.00,0.00,14.00,AStar,
2499,16.07,AgentPrefab,Agent,MoveState,Moving,Goal,20.00,0.00,20.00,20.00,0.00,13.14,20.00,0.00,14.00,AStar,
2500,16.07,AgentPrefab,Agent,MoveState,Moving,Goal,20.00,0.00,20.00,20.00,0.00,13.16,20.00,0.00,14.00,AStar,
2501,16.08,AgentPrefab,Agent,MoveState,Moving,Goal,20.00,0.00,20.00,20.00,0.00,13.17,20.00,0.00,14.00,AStar,
2502,16.09,AgentPrefab,Agent,MoveState,Moving,Goal,20.00,0.00,20.00,20.00,0.00,13.18,20.00,0.00,14.00,AStar,
2503,16.09,AgentPrefab,Agent,MoveState,Moving,Goal,20.00,0.00,20.00,20.00,0.00,13.19,20.00,0.00,14.00,AStar,
2504,16.10,AgentPrefab,Agent,MoveState,Moving,Goal,20.00,0.00,20.00,20.00,0.00,13.21,20.00,0.00,14.00,AStar,
2505,16.11,AgentPrefab,Agent,MoveState,Moving,Goal,20.00,0.00,20.00,20.00,0.00,13.22,20.00,0.00,14.00,AStar,
2506,16.11,AgentPrefab,Agent,MoveState,Moving,Goal,20.00,0.00,20.00,20.00,0.00,13.23,20.00,0.00,14.00,AStar,
2507,16.12,AgentPrefab,Agent,MoveState,Moving,Goal,20.00,0.00,20.00,20.00,0.00,13.25,20.00,0.00,14.00,AStar,
2508,16.13,AgentPrefab,Agent,MoveState,Moving,Goal,20.00,0.00,20.00,20.00,0.00,13.26,20.00,0.00,14.00,AStar,
2509,16.13,AgentPrefab,Agent,MoveState,Moving,Goal,20.00,0.00,20.00,20.00,0.00,13.27,20.00,0.00,14.00,AStar,
2510,16.14,AgentPrefab,Agent,MoveState,Moving,Goal,20.00,0.00,20.00,20.00,0.00,13.29,20.00,0.00,14.00,AStar,
2511,16.15,AgentPrefab,Agent,MoveState,Moving,Goal,20.00,0.00,20.00,20.00,0.00,13.30,20.00,0.00,14.00,AStar,
2512,16.15,AgentPrefab,Agent,MoveState,Moving,Goal,20.00,0.00,20.00,20.00,0.00,13.31,20.00,0.00,14.00,AStar,
2513,16.16,AgentPrefab,Agent,MoveState,Moving,Goal,20.00,0.00,20.00,20.00,0.00,13.33,20.00,0.00,14.00,AStar,
2514,16.17,AgentPrefab,Agent,MoveState,Moving,Goal,20.00,0.00,20.00,20.00,0.00,13.34,20.00,0.00,14.00,AStar,
2515,16.17,AgentPrefab,Agent,MoveState,Moving,Goal,20.00,0.00,20.00,20.00,0.00,13.35,20.00,0.00,14.00,AStar,
2516,16.18,AgentPrefab,Agent,MoveState,Moving,Goal,20.00,0.00,20.00,20.00,0.00,13.37,20.00,0.00,14.00,AStar,
2517,16.19,AgentPrefab,Agent,MoveState,Moving,Goal,20.00,0.00,20.00,20.00,0.00,13.38,20.00,0.00,14.00,AStar,
2518,16.19,AgentPrefab,Agent,MoveState,Moving,Goal,20.00,0.00,20.00,20.00,0.00,13.39,20.00,0.00,14.00,AStar,
2519,16.20,AgentPrefab,Agent,MoveState,Moving,Goal,20.00,0.00,20.00,20.00,0.00,13.41,20.00,0.00,14.00,AStar,
2520,16.21,AgentPrefab,Agent,MoveState,Moving,Goal,20.00,0.00,20.00,20.00,0.00,13.42,20.00,0.00,14.00,AStar,
2521,16.21,AgentPrefab,Agent,MoveState,Moving,Goal,20.00,0.00,20.00,20.00,0.00,13.44,20.00,0.00,14.00,AStar,
2522,16.22,AgentPrefab,Agent,MoveState,Moving,Goal,20.00,0.00,20.00,20.00,0.00,13.45,20.00,0.00,14.00,AStar,
2523,16.23,AgentPrefab,Agent,MoveState,Moving,Goal,20.00,0.00,20.00,20.00,0.00,13.46,20.00,0.00,14.00,AStar,
2524,16.23,AgentPrefab,Agent,MoveState,Moving,Goal,20.00,0.00,20.00,20.00,0.00,13.47,20.00,0.00,14.00,AStar,
2525,16.24,AgentPrefab,Agent,MoveState,Moving,Goal,20.00,0.00,20.00,20.00,0.00,13.49,20.00,0.00,14.00,AStar,
2526,16.25,AgentPrefab,Agent,MoveState,Moving,Goal,20.00,0.00,20.00,20.00,0.00,13.50,20.00,0.00,14.00,AStar,
2527,16.25,AgentPrefab,Agent,MoveState,Moving,Goal,20.00,0.00,20.00,20.00,0.00,13.51,20.00,0.00,14.00,AStar,
2528,16.26,AgentPrefab,Agent,MoveState,Moving,Goal,20.00,0.00,20.00,20.00,0.00,13.53,20.00,0.00,14.00,AStar,
2529,16.27,AgentPrefab,Agent,MoveState,Moving,Goal,20.00,0.00,20.00,20.00,0.00,13.54,20.00,0.00,14.00,AStar,
2530,16.27,AgentPrefab,Agent,MoveState,Moving,Goal,20.00,0.00,20.00,20.00,0.00,13.55,20.00,0.00,14.00,AStar,
2531,16.28,AgentPrefab,Agent,MoveState,Moving,Goal,20.00,0.00,20.00,20.00,0.00,13.57,20.00,0.00,14.00,AStar,
2532,16.29,AgentPrefab,Agent,MoveState,Moving,Goal,20.00,0.00,20.00,20.00,0.00,13.58,20.00,0.00,14.00,AStar,
2533,16.29,AgentPrefab,Agent,MoveState,Moving,Goal,20.00,0.00,20.00,20.00,0.00,13.59,20.00,0.00,14.00,AStar,
2534,16.30,AgentPrefab,Agent,MoveState,Moving,Goal,20.00,0.00,20.00,20.00,0.00,13.61,20.00,0.00,14.00,AStar,
2535,16.31,AgentPrefab,Agent,MoveState,Moving,Goal,20.00,0.00,20.00,20.00,0.00,13.62,20.00,0.00,14.00,AStar,
2536,16.31,AgentPrefab,Agent,MoveState,Moving,Goal,20.00,0.00,20.00,20.00,0.00,13.63,20.00,0.00,14.00,AStar,
2537,16.32,AgentPrefab,Agent,MoveState,Moving,Goal,20.00,0.00,20.00,20.00,0.00,13.65,20.00,0.00,14.00,AStar,
2538,16.33,AgentPrefab,Agent,MoveState,Moving,Goal,20.00,0.00,20.00,20.00,0.00,13.66,20.00,0.00,14.00,AStar,
2539,16.33,AgentPrefab,Agent,MoveState,Moving,Goal,20.00,0.00,20.00,20.00,0.00,13.67,20.00,0.00,14.00,AStar,
2540,16.34,AgentPrefab,Agent,MoveState,Moving,Goal,20.00,0.00,20.00,20.00,0.00,13.69,20.00,0.00,14.00,AStar,
2541,16.35,AgentPrefab,Agent,MoveState,Moving,Goal,20.00,0.00,20.00,20.00,0.00,13.70,20.00,0.00,14.00,AStar,
2542,16.35,AgentPrefab,Agent,MoveState,Moving,Goal,20.00,0.00,20.00,20.00,0.00,13.71,20.00,0.00,14.00,AStar,
2543,16.36,AgentPrefab,Agent,MoveState,Moving,Goal,20.00,0.00,20.00,20.00,0.00,13.73,20.00,0.00,14.00,AStar,
2544,16.37,AgentPrefab,Agent,MoveState,Moving,Goal,20.00,0.00,20.00,20.00,0.00,13.74,20.00,0.00,14.00,AStar,
2545,16.37,AgentPrefab,Agent,MoveState,Moving,Goal,20.00,0.00,20.00,20.00,0.00,13.75,20.00,0.00,14.00,AStar,
2546,16.38,AgentPrefab,Agent,MoveState,Moving,Goal,20.00,0.00,20.00,20.00,0.00,13.77,20.00,0.00,14.00,AStar,
2547,16.39,AgentPrefab,Agent,MoveState,Moving,Goal,20.00,0.00,20.00,20.00,0.00,13.78,20.00,0.00,14.00,AStar,
2548,16.39,AgentPrefab,Agent,MoveState,Moving,Goal,20.00,0.00,20.00,20.00,0.00,13.79,20.00,0.00,14.00,AStar,
2549,16.40,AgentPrefab,Agent,MoveState,Moving,Goal,20.00,0.00,20.00,20.00,0.00,13.81,20.00,0.00,14.00,AStar,
2550,16.41,AgentPrefab,Agent,MoveState,Moving,Goal,20.00,0.00,20.00,20.00,0.00,13.82,20.00,0.00,14.00,AStar,
2551,16.41,AgentPrefab,Agent,MoveState,Moving,Goal,20.00,0.00,20.00,20.00,0.00,13.83,20.00,0.00,14.00,AStar,
2552,16.42,AgentPrefab,Agent,MoveState,Moving,Goal,20.00,0.00,20.00,20.00,0.00,13.85,20.00,0.00,14.00,AStar,
2553,16.43,AgentPrefab,Agent,MoveState,Moving,Goal,20.00,0.00,20.00,20.00,0.00,13.86,20.00,0.00,14.00,AStar,
2554,16.43,AgentPrefab,Agent,MoveState,Moving,Goal,20.00,0.00,20.00,20.00,0.00,13.87,20.00,0.00,14.00,AStar,
2555,16.44,AgentPrefab,Agent,MoveState,Moving,Goal,20.00,0.00,20.00,20.00,0.00,13.89,20.00,0.00,14.00,AStar,
2556,16.45,AgentPrefab,Agent,MoveState,Moving,Goal,20.00,0.00,20.00,20.00,0.00,13.90,20.00,0.00,14.00,AStar,
2557,16.45,AgentPrefab,Agent,MoveState,Moving,Goal,20.00,0.00,20.00,20.00,0.00,13.91,20.00,0.00,14.00,AStar,
2558,16.46,AgentPrefab,Agent,MoveState,Moving,Goal,20.00,0.00,20.00,20.00,0.00,13.93,20.00,0.00,14.00,AStar,
2559,16.47,AgentPrefab,Agent,MoveState,Moving,Goal,20.00,0.00,20.00,20.00,0.00,13.94,20.00,0.00,14.00,AStar,
2560,16.47,AgentPrefab,Agent,MoveState,Moving,Goal,20.00,0.00,20.00,20.00,0.00,14.00,20.00,0.00,15.00,AStar,
2561,16.48,AgentPrefab,Agent,MoveState,Moving,Goal,20.00,0.00,20.00,20.00,0.00,14.01,20.00,0.00,15.00,AStar,
2562,16.49,AgentPrefab,Agent,MoveState,Moving,Goal,20.00,0.00,20.00,20.00,0.00,14.03,20.00,0.00,15.00,AStar,
2563,16.49,AgentPrefab,Agent,MoveState,Moving,Goal,20.00,0.00,20.00,20.00,0.00,14.04,20.00,0.00,15.00,AStar,
2564,16.50,AgentPrefab,Agent,MoveState,Moving,Goal,20.00,0.00,20.00,20.00,0.00,14.05,20.00,0.00,15.00,AStar,
2565,16.51,AgentPrefab,Agent,MoveState,Moving,Goal,20.00,0.00,20.00,20.00,0.00,14.07,20.00,0.00,15.00,AStar,
2566,16.51,AgentPrefab,Agent,MoveState,Moving,Goal,20.00,0.00,20.00,20.00,0.00,14.08,20.00,0.00,15.00,AStar,
2567,16.52,AgentPrefab,Agent,MoveState,Moving,Goal,20.00,0.00,20.00,20.00,0.00,14.09,20.00,0.00,15.00,AStar,
2568,16.53,AgentPrefab,Agent,MoveState,Moving,Goal,20.00,0.00,20.00,20.00,0.00,14.11,20.00,0.00,15.00,AStar,
2569,16.53,AgentPrefab,Agent,MoveState,Moving,Goal,20.00,0.00,20.00,20.00,0.00,14.12,20.00,0.00,15.00,AStar,
2570,16.54,AgentPrefab,Agent,MoveState,Moving,Goal,20.00,0.00,20.00,20.00,0.00,14.13,20.00,0.00,15.00,AStar,
2571,16.55,AgentPrefab,Agent,MoveState,Moving,Goal,20.00,0.00,20.00,20.00,0.00,14.15,20.00,0.00,15.00,AStar,
2572,16.55,AgentPrefab,Agent,MoveState,Moving,Goal,20.00,0.00,20.00,20.00,0.00,14.16,20.00,0.00,15.00,AStar,
2573,16.56,AgentPrefab,Agent,MoveState,Moving,Goal,20.00,0.00,20.00,20.00,0.00,14.17,20.00,0.00,15.00,AStar,
2574,16.57,AgentPrefab,Agent,MoveState,Moving,Goal,20.00,0.00,20.00,20.00,0.00,14.19,20.00,0.00,15.00,AStar,
2575,16.57,AgentPrefab,Agent,MoveState,Moving,Goal,20.00,0.00,20.00,20.00,0.00,14.20,20.00,0.00,15.00,AStar,
2576,16.58,AgentPrefab,Agent,MoveState,Moving,Goal,20.00,0.00,20.00,20.00,0.00,14.22,20.00,0.00,15.00,AStar,
2577,16.59,AgentPrefab,Agent,MoveState,Moving,Goal,20.00,0.00,20.00,20.00,0.00,14.23,20.00,0.00,15.00,AStar,
2578,16.59,AgentPrefab,Agent,MoveState,Moving,Goal,20.00,0.00,20.00,20.00,0.00,14.24,20.00,0.00,15.00,AStar,
2579,16.60,AgentPrefab,Agent,MoveState,Moving,Goal,20.00,0.00,20.00,20.00,0.00,14.26,20.00,0.00,15.00,AStar,
2580,16.61,AgentPrefab,Agent,MoveState,Moving,Goal,20.00,0.00,20.00,20.00,0.00,14.27,20.00,0.00,15.00,AStar,
2581,16.62,AgentPrefab,Agent,MoveState,Moving,Goal,20.00,0.00,20.00,20.00,0.00,14.28,20.00,0.00,15.00,AStar,
2582,16.62,AgentPrefab,Agent,MoveState,Moving,Goal,20.00,0.00,20.00,20.00,0.00,14.30,20.00,0.00,15.00,AStar,
2583,16.63,AgentPrefab,Agent,MoveState,Moving,Goal,20.00,0.00,20.00,20.00,0.00,14.31,20.00,0.00,15.00,AStar,
2584,16.64,AgentPrefab,Agent,MoveState,Moving,Goal,20.00,0.00,20.00,20.00,0.00,14.33,20.00,0.00,15.00,AStar,
2585,16.64,AgentPrefab,Agent,MoveState,Moving,Goal,20.00,0.00,20.00,20.00,0.00,14.34,20.00,0.00,15.00,AStar,
2586,16.65,AgentPrefab,Agent,MoveState,Moving,Goal,20.00,0.00,20.00,20.00,0.00,14.35,20.00,0.00,15.00,AStar,
2587,16.66,AgentPrefab,Agent,MoveState,Moving,Goal,20.00,0.00,20.00,20.00,0.00,14.37,20.00,0.00,15.00,AStar,
2588,16.66,AgentPrefab,Agent,MoveState,Moving,Goal,20.00,0.00,20.00,20.00,0.00,14.38,20.00,0.00,15.00,AStar,
2589,16.67,AgentPrefab,Agent,MoveState,Moving,Goal,20.00,0.00,20.00,20.00,0.00,14.40,20.00,0.00,15.00,AStar,
2590,16.68,AgentPrefab,Agent,MoveState,Moving,Goal,20.00,0.00,20.00,20.00,0.00,14.41,20.00,0.00,15.00,AStar,
2591,16.68,AgentPrefab,Agent,MoveState,Moving,Goal,20.00,0.00,20.00,20.00,0.00,14.42,20.00,0.00,15.00,AStar,
2592,16.69,AgentPrefab,Agent,MoveState,Moving,Goal,20.00,0.00,20.00,20.00,0.00,14.44,20.00,0.00,15.00,AStar,
2593,16.70,AgentPrefab,Agent,MoveState,Moving,Goal,20.00,0.00,20.00,20.00,0.00,14.45,20.00,0.00,15.00,AStar,
2594,16.72,AgentPrefab,Agent,MoveState,Moving,Goal,20.00,0.00,20.00,20.00,0.00,14.48,20.00,0.00,15.00,AStar,
2595,16.72,AgentPrefab,Agent,MoveState,Moving,Goal,20.00,0.00,20.00,20.00,0.00,14.50,20.00,0.00,15.00,AStar,
2596,16.73,AgentPrefab,Agent,MoveState,Moving,Goal,20.00,0.00,20.00,20.00,0.00,14.52,20.00,0.00,15.00,AStar,
2597,16.74,AgentPrefab,Agent,MoveState,Moving,Goal,20.00,0.00,20.00,20.00,0.00,14.53,20.00,0.00,15.00,AStar,
2598,16.75,AgentPrefab,Agent,MoveState,Moving,Goal,20.00,0.00,20.00,20.00,0.00,14.54,20.00,0.00,15.00,AStar,
2599,16.75,AgentPrefab,Agent,MoveState,Moving,Goal,20.00,0.00,20.00,20.00,0.00,14.56,20.00,0.00,15.00,AStar,
2600,16.76,AgentPrefab,Agent,MoveState,Moving,Goal,20.00,0.00,20.00,20.00,0.00,14.57,20.00,0.00,15.00,AStar,
2601,16.77,AgentPrefab,Agent,MoveState,Moving,Goal,20.00,0.00,20.00,20.00,0.00,14.59,20.00,0.00,15.00,AStar,
2602,16.77,AgentPrefab,Agent,MoveState,Moving,Goal,20.00,0.00,20.00,20.00,0.00,14.60,20.00,0.00,15.00,AStar,
2603,16.78,AgentPrefab,Agent,MoveState,Moving,Goal,20.00,0.00,20.00,20.00,0.00,14.61,20.00,0.00,15.00,AStar,
2604,16.79,AgentPrefab,Agent,MoveState,Moving,Goal,20.00,0.00,20.00,20.00,0.00,14.63,20.00,0.00,15.00,AStar,
2605,16.79,AgentPrefab,Agent,MoveState,Moving,Goal,20.00,0.00,20.00,20.00,0.00,14.64,20.00,0.00,15.00,AStar,
2606,16.80,AgentPrefab,Agent,MoveState,Moving,Goal,20.00,0.00,20.00,20.00,0.00,14.65,20.00,0.00,15.00,AStar,
2607,16.81,AgentPrefab,Agent,MoveState,Moving,Goal,20.00,0.00,20.00,20.00,0.00,14.67,20.00,0.00,15.00,AStar,
2608,16.81,AgentPrefab,Agent,MoveState,Moving,Goal,20.00,0.00,20.00,20.00,0.00,14.68,20.00,0.00,15.00,AStar,
2609,16.82,AgentPrefab,Agent,MoveState,Moving,Goal,20.00,0.00,20.00,20.00,0.00,14.70,20.00,0.00,15.00,AStar,
2610,16.83,AgentPrefab,Agent,MoveState,Moving,Goal,20.00,0.00,20.00,20.00,0.00,14.71,20.00,0.00,15.00,AStar,
2611,16.83,AgentPrefab,Agent,MoveState,Moving,Goal,20.00,0.00,20.00,20.00,0.00,14.72,20.00,0.00,15.00,AStar,
2612,16.84,AgentPrefab,Agent,MoveState,Moving,Goal,20.00,0.00,20.00,20.00,0.00,14.74,20.00,0.00,15.00,AStar,
2613,16.85,AgentPrefab,Agent,MoveState,Moving,Goal,20.00,0.00,20.00,20.00,0.00,14.75,20.00,0.00,15.00,AStar,
2614,16.86,AgentPrefab,Agent,MoveState,Moving,Goal,20.00,0.00,20.00,20.00,0.00,14.76,20.00,0.00,15.00,AStar,
2615,16.86,AgentPrefab,Agent,MoveState,Moving,Goal,20.00,0.00,20.00,20.00,0.00,14.78,20.00,0.00,15.00,AStar,
2616,16.87,AgentPrefab,Agent,MoveState,Moving,Goal,20.00,0.00,20.00,20.00,0.00,14.79,20.00,0.00,15.00,AStar,
2617,16.88,AgentPrefab,Agent,MoveState,Moving,Goal,20.00,0.00,20.00,20.00,0.00,14.81,20.00,0.00,15.00,AStar,
2618,16.88,AgentPrefab,Agent,MoveState,Moving,Goal,20.00,0.00,20.00,20.00,0.00,14.82,20.00,0.00,15.00,AStar,
2619,16.89,AgentPrefab,Agent,MoveState,Moving,Goal,20.00,0.00,20.00,20.00,0.00,14.83,20.00,0.00,15.00,AStar,
2620,16.90,AgentPrefab,Agent,MoveState,Moving,Goal,20.00,0.00,20.00,20.00,0.00,14.85,20.00,0.00,15.00,AStar,
2621,16.90,AgentPrefab,Agent,MoveState,Moving,Goal,20.00,0.00,20.00,20.00,0.00,14.86,20.00,0.00,15.00,AStar,
2622,16.91,AgentPrefab,Agent,MoveState,Moving,Goal,20.00,0.00,20.00,20.00,0.00,14.87,20.00,0.00,15.00,AStar,
2623,16.92,AgentPrefab,Agent,MoveState,Moving,Goal,20.00,0.00,20.00,20.00,0.00,14.89,20.00,0.00,15.00,AStar,
2624,16.92,AgentPrefab,Agent,MoveState,Moving,Goal,20.00,0.00,20.00,20.00,0.00,14.90,20.00,0.00,15.00,AStar,
2625,16.93,AgentPrefab,Agent,MoveState,Moving,Goal,20.00,0.00,20.00,20.00,0.00,14.92,20.00,0.00,15.00,AStar,
2626,16.94,AgentPrefab,Agent,MoveState,Moving,Goal,20.00,0.00,20.00,20.00,0.00,14.93,20.00,0.00,15.00,AStar,
2627,16.95,AgentPrefab,Agent,MoveState,Moving,Goal,20.00,0.00,20.00,20.00,0.00,14.94,20.00,0.00,15.00,AStar,
2628,16.95,AgentPrefab,Agent,MoveState,Moving,Goal,20.00,0.00,20.00,20.00,0.00,15.00,20.00,0.00,16.00,AStar,
2629,16.96,AgentPrefab,Agent,MoveState,Moving,Goal,20.00,0.00,20.00,20.00,0.00,15.02,20.00,0.00,16.00,AStar,
2630,16.97,AgentPrefab,Agent,MoveState,Moving,Goal,20.00,0.00,20.00,20.00,0.00,15.03,20.00,0.00,16.00,AStar,
2631,16.97,AgentPrefab,Agent,MoveState,Moving,Goal,20.00,0.00,20.00,20.00,0.00,15.04,20.00,0.00,16.00,AStar,
2632,16.98,AgentPrefab,Agent,MoveState,Moving,Goal,20.00,0.00,20.00,20.00,0.00,15.06,20.00,0.00,16.00,AStar,
2633,16.99,AgentPrefab,Agent,MoveState,Moving,Goal,20.00,0.00,20.00,20.00,0.00,15.07,20.00,0.00,16.00,AStar,
2634,16.99,AgentPrefab,Agent,MoveState,Moving,Goal,20.00,0.00,20.00,20.00,0.00,15.08,20.00,0.00,16.00,AStar,
2635,17.00,AgentPrefab,Agent,MoveState,Moving,Goal,20.00,0.00,20.00,20.00,0.00,15.10,20.00,0.00,16.00,AStar,
2636,17.01,AgentPrefab,Agent,MoveState,Moving,Goal,20.00,0.00,20.00,20.00,0.00,15.11,20.00,0.00,16.00,AStar,
2637,17.01,AgentPrefab,Agent,MoveState,Moving,Goal,20.00,0.00,20.00,20.00,0.00,15.12,20.00,0.00,16.00,AStar,
2638,17.02,AgentPrefab,Agent,MoveState,Moving,Goal,20.00,0.00,20.00,20.00,0.00,15.14,20.00,0.00,16.00,AStar,
2639,17.03,AgentPrefab,Agent,MoveState,Moving,Goal,20.00,0.00,20.00,20.00,0.00,15.16,20.00,0.00,16.00,AStar,
2640,17.04,AgentPrefab,Agent,MoveState,Moving,Goal,20.00,0.00,20.00,20.00,0.00,15.16,20.00,0.00,16.00,AStar,
2641,17.04,AgentPrefab,Agent,MoveState,Moving,Goal,20.00,0.00,20.00,20.00,0.00,15.16,20.00,0.00,16.00,AStar,
2642,17.05,AgentPrefab,Agent,MoveState,Moving,Goal,20.00,0.00,20.00,20.00,0.00,15.16,20.00,0.00,16.00,AStar,
2643,17.06,AgentPrefab,Agent,MoveState,Moving,Goal,20.00,0.00,20.00,20.00,0.00,15.16,20.00,0.00,16.00,AStar,
2644,17.06,AgentPrefab,Agent,MoveState,Moving,Goal,20.00,0.00,20.00,20.00,0.00,15.16,20.00,0.00,16.00,AStar,
2645,17.07,AgentPrefab,Agent,MoveState,Moving,Goal,20.00,0.00,20.00,20.00,0.00,15.16,20.00,0.00,16.00,AStar,
2646,17.08,AgentPrefab,Agent,MoveState,Moving,Goal,20.00,0.00,20.00,20.00,0.00,15.16,20.00,0.00,16.00,AStar,
2647,17.08,AgentPrefab,Agent,MoveState,Moving,Goal,20.00,0.00,20.00,20.00,0.00,15.16,20.00,0.00,16.00,AStar,
2648,17.09,AgentPrefab,Agent,MoveState,Moving,Goal,20.00,0.00,20.00,20.00,0.00,15.16,20.00,0.00,16.00,AStar,
2649,17.10,AgentPrefab,Agent,MoveState,Moving,Goal,20.00,0.00,20.00,20.00,0.00,15.16,20.00,0.00,16.00,AStar,
2650,17.11,AgentPrefab,Agent,MoveState,Moving,Goal,20.00,0.00,20.00,20.00,0.00,15.16,20.00,0.00,16.00,AStar,
2651,17.11,AgentPrefab,Agent,MoveState,Moving,Goal,20.00,0.00,20.00,20.00,0.00,15.16,20.00,0.00,16.00,AStar,
2652,17.12,AgentPrefab,Agent,MoveState,Moving,Goal,20.00,0.00,20.00,20.00,0.00,15.16,20.00,0.00,16.00,AStar,
2653,17.13,AgentPrefab,Agent,MoveState,Moving,Goal,20.00,0.00,20.00,20.00,0.00,15.16,20.00,0.00,16.00,AStar,
2654,17.13,AgentPrefab,Agent,MoveState,Moving,Goal,20.00,0.00,20.00,20.00,0.00,15.16,20.00,0.00,16.00,AStar,
2655,17.14,AgentPrefab,Agent,MoveState,Moving,Goal,20.00,0.00,20.00,20.00,0.00,15.16,20.00,0.00,16.00,AStar,
2656,17.15,AgentPrefab,Agent,MoveState,Moving,Goal,20.00,0.00,20.00,20.00,0.00,15.16,20.00,0.00,16.00,AStar,
2657,17.15,AgentPrefab,Agent,MoveState,Moving,Goal,20.00,0.00,20.00,20.00,0.00,15.16,20.00,0.00,16.00,AStar,
2658,17.16,AgentPrefab,Agent,MoveState,Moving,Goal,20.00,0.00,20.00,20.00,0.00,15.16,20.00,0.00,16.00,AStar,
2659,17.17,AgentPrefab,Agent,MoveState,Moving,Goal,20.00,0.00,20.00,20.00,0.00,15.16,20.00,0.00,16.00,AStar,
2660,17.18,AgentPrefab,Agent,MoveState,Moving,Goal,20.00,0.00,20.00,20.00,0.00,15.16,20.00,0.00,16.00,AStar,
2661,17.18,AgentPrefab,Agent,MoveState,Moving,Goal,20.00,0.00,20.00,20.00,0.00,15.16,20.00,0.00,16.00,AStar,
2662,17.19,AgentPrefab,Agent,MoveState,Moving,Goal,20.00,0.00,20.00,20.00,0.00,15.16,20.00,0.00,16.00,AStar,
2663,17.20,AgentPrefab,Agent,MoveState,Moving,Goal,20.00,0.00,20.00,20.00,0.00,15.16,20.00,0.00,16.00,AStar,
2664,17.20,AgentPrefab,Agent,MoveState,Moving,Goal,20.00,0.00,20.00,20.00,0.00,15.16,20.00,0.00,16.00,AStar,
2665,17.21,AgentPrefab,Agent,MoveState,Moving,Goal,20.00,0.00,20.00,20.00,0.00,15.16,20.00,0.00,16.00,AStar,
2666,17.22,AgentPrefab,Agent,MoveState,Moving,Goal,20.00,0.00,20.00,20.00,0.00,15.16,20.00,0.00,16.00,AStar,
2667,17.23,AgentPrefab,Agent,MoveState,Moving,Goal,20.00,0.00,20.00,20.00,0.00,15.16,20.00,0.00,16.00,AStar,
2668,17.23,AgentPrefab,Agent,MoveState,Moving,Goal,20.00,0.00,20.00,20.00,0.00,15.16,20.00,0.00,16.00,AStar,
2669,17.24,AgentPrefab,Agent,MoveState,Moving,Goal,20.00,0.00,20.00,20.00,0.00,15.16,20.00,0.00,16.00,AStar,
2670,17.25,AgentPrefab,Agent,MoveState,Moving,Goal,20.00,0.00,20.00,20.00,0.00,15.16,20.00,0.00,16.00,AStar,
2671,17.25,AgentPrefab,Agent,MoveState,Moving,Goal,20.00,0.00,20.00,20.00,0.00,15.16,20.00,0.00,16.00,AStar,
2672,17.26,AgentPrefab,Agent,MoveState,Moving,Goal,20.00,0.00,20.00,20.00,0.00,15.16,20.00,0.00,16.00,AStar,
2673,17.27,AgentPrefab,Agent,MoveState,Moving,Goal,20.00,0.00,20.00,20.00,0.00,15.16,20.00,0.00,16.00,AStar,
2674,17.27,AgentPrefab,Agent,MoveState,Moving,Goal,20.00,0.00,20.00,20.00,0.00,15.16,20.00,0.00,16.00,AStar,
2675,17.28,AgentPrefab,Agent,MoveState,Moving,Goal,20.00,0.00,20.00,20.00,0.00,15.16,20.00,0.00,16.00,AStar,
2676,17.29,AgentPrefab,Agent,MoveState,Moving,Goal,20.00,0.00,20.00,20.00,0.00,15.16,20.00,0.00,16.00,AStar,
2677,17.30,AgentPrefab,Agent,MoveState,Moving,Goal,20.00,0.00,20.00,20.00,0.00,15.16,20.00,0.00,16.00,AStar,
2678,17.30,AgentPrefab,Agent,MoveState,Moving,Goal,20.00,0.00,20.00,20.00,0.00,15.16,20.00,0.00,16.00,AStar,
2679,17.31,AgentPrefab,Agent,MoveState,Moving,Goal,20.00,0.00,20.00,20.00,0.00,15.16,20.00,0.00,16.00,AStar,
2680,17.32,AgentPrefab,Agent,MoveState,Moving,Goal,20.00,0.00,20.00,20.00,0.00,15.16,20.00,0.00,16.00,AStar,
2681,17.32,AgentPrefab,Agent,MoveState,Moving,Goal,20.00,0.00,20.00,20.00,0.00,15.16,20.00,0.00,16.00,AStar,
2682,17.33,AgentPrefab,Agent,MoveState,Moving,Goal,20.00,0.00,20.00,20.00,0.00,15.16,20.00,0.00,16.00,AStar,
2683,17.34,AgentPrefab,Agent,MoveState,Moving,Goal,20.00,0.00,20.00,20.00,0.00,15.16,20.00,0.00,16.00,AStar,
2684,17.34,AgentPrefab,Agent,MoveState,Moving,Goal,20.00,0.00,20.00,20.00,0.00,15.16,20.00,0.00,16.00,AStar,
2685,17.35,AgentPrefab,Agent,MoveState,Moving,Goal,20.00,0.00,20.00,20.00,0.00,15.16,20.00,0.00,16.00,AStar,
2686,17.36,AgentPrefab,Agent,MoveState,Moving,Goal,20.00,0.00,20.00,20.00,0.00,15.16,20.00,0.00,16.00,AStar,
2687,17.37,AgentPrefab,Agent,MoveState,Moving,Goal,20.00,0.00,20.00,20.00,0.00,15.16,20.00,0.00,16.00,AStar,
2688,17.37,AgentPrefab,Agent,MoveState,Moving,Goal,20.00,0.00,20.00,20.00,0.00,15.16,20.00,0.00,16.00,AStar,
2689,17.38,AgentPrefab,Agent,MoveState,Moving,Goal,20.00,0.00,20.00,20.00,0.00,15.16,20.00,0.00,16.00,AStar,
2690,17.39,AgentPrefab,Agent,MoveState,Moving,Goal,20.00,0.00,20.00,20.00,0.00,15.16,20.00,0.00,16.00,AStar,
2691,17.39,AgentPrefab,Agent,MoveState,Moving,Goal,20.00,0.00,20.00,20.00,0.00,15.16,20.00,0.00,16.00,AStar,
2692,17.41,AgentPrefab,Agent,MoveState,Moving,Goal,20.00,0.00,20.00,20.00,0.00,15.16,20.00,0.00,16.00,AStar,
2693,17.42,AgentPrefab,Agent,MoveState,Moving,Goal,20.00,0.00,20.00,20.00,0.00,15.16,20.00,0.00,16.00,AStar,
2694,17.43,AgentPrefab,Agent,MoveState,Moving,Goal,20.00,0.00,20.00,20.00,0.00,15.16,20.00,0.00,16.00,AStar,
2695,17.43,AgentPrefab,Agent,MoveState,Moving,Goal,20.00,0.00,20.00,20.00,0.00,15.16,20.00,0.00,16.00,AStar,
2696,17.44,AgentPrefab,Agent,MoveState,Moving,Goal,20.00,0.00,20.00,20.00,0.00,15.16,20.00,0.00,16.00,AStar,
2697,17.45,AgentPrefab,Agent,MoveState,Moving,Goal,20.00,0.00,20.00,20.00,0.00,15.16,20.00,0.00,16.00,AStar,
2698,17.45,AgentPrefab,Agent,MoveState,Moving,Goal,20.00,0.00,20.00,20.00,0.00,15.16,20.00,0.00,16.00,AStar,
2699,17.46,AgentPrefab,Agent,MoveState,Moving,Goal,20.00,0.00,20.00,20.00,0.00,15.16,20.00,0.00,16.00,AStar,
2700,17.47,AgentPrefab,Agent,MoveState,Moving,Goal,20.00,0.00,20.00,20.00,0.00,15.16,20.00,0.00,16.00,AStar,
2701,17.47,AgentPrefab,Agent,MoveState,Moving,Goal,20.00,0.00,20.00,20.00,0.00,15.16,20.00,0.00,16.00,AStar,
2702,17.48,AgentPrefab,Agent,MoveState,Moving,Goal,20.00,0.00,20.00,20.00,0.00,15.16,20.00,0.00,16.00,AStar,
2703,17.49,AgentPrefab,Agent,MoveState,Moving,Goal,20.00,0.00,20.00,20.00,0.00,15.16,20.00,0.00,16.00,AStar,
2704,17.49,AgentPrefab,Agent,MoveState,Moving,Goal,20.00,0.00,20.00,20.00,0.00,15.16,20.00,0.00,16.00,AStar,
2705,17.50,AgentPrefab,Agent,MoveState,Moving,Goal,20.00,0.00,20.00,20.00,0.00,15.16,20.00,0.00,16.00,AStar,
2706,17.51,AgentPrefab,Agent,MoveState,Moving,Goal,20.00,0.00,20.00,20.00,0.00,15.16,20.00,0.00,16.00,AStar,
2707,17.52,AgentPrefab,Agent,MoveState,Moving,Goal,20.00,0.00,20.00,20.00,0.00,15.16,20.00,0.00,16.00,AStar,
2708,17.52,AgentPrefab,Agent,MoveState,Moving,Goal,20.00,0.00,20.00,20.00,0.00,15.16,20.00,0.00,16.00,AStar,
2709,17.53,AgentPrefab,Agent,MoveState,Moving,Goal,20.00,0.00,20.00,20.00,0.00,15.16,20.00,0.00,16.00,AStar,
2710,17.54,AgentPrefab,Agent,MoveState,Moving,Goal,20.00,0.00,20.00,20.00,0.00,15.16,20.00,0.00,16.00,AStar,
2711,17.54,AgentPrefab,Agent,MoveState,Moving,Goal,20.00,0.00,20.00,20.00,0.00,15.16,20.00,0.00,16.00,AStar,
2712,17.55,AgentPrefab,Agent,MoveState,Moving,Goal,20.00,0.00,20.00,20.00,0.00,15.16,20.00,0.00,16.00,AStar,
2713,17.56,AgentPrefab,Agent,MoveState,Moving,Goal,20.00,0.00,20.00,20.00,0.00,15.16,20.00,0.00,16.00,AStar,
2714,17.56,AgentPrefab,Agent,MoveState,Moving,Goal,20.00,0.00,20.00,20.00,0.00,15.16,20.00,0.00,16.00,AStar,
2715,17.57,AgentPrefab,Agent,MoveState,Moving,Goal,20.00,0.00,20.00,20.00,0.00,15.16,20.00,0.00,16.00,AStar,
2716,17.58,AgentPrefab,Agent,MoveState,Moving,Goal,20.00,0.00,20.00,20.00,0.00,15.16,20.00,0.00,16.00,AStar,
2717,17.59,AgentPrefab,Agent,MoveState,Moving,Goal,20.00,0.00,20.00,20.00,0.00,15.16,20.00,0.00,16.00,AStar,
2718,17.59,AgentPrefab,Agent,MoveState,Moving,Goal,20.00,0.00,20.00,20.00,0.00,15.16,20.00,0.00,16.00,AStar,
2719,17.60,AgentPrefab,Agent,MoveState,Moving,Goal,20.00,0.00,20.00,20.00,0.00,15.16,20.00,0.00,16.00,AStar,
2720,17.61,AgentPrefab,Agent,MoveState,Moving,Goal,20.00,0.00,20.00,20.00,0.00,15.16,20.00,0.00,16.00,AStar,
2721,17.61,AgentPrefab,Agent,MoveState,Moving,Goal,20.00,0.00,20.00,20.00,0.00,15.16,20.00,0.00,16.00,AStar,
2722,17.62,AgentPrefab,Agent,MoveState,Moving,Goal,20.00,0.00,20.00,20.00,0.00,15.16,20.00,0.00,16.00,AStar,
2723,17.63,AgentPrefab,Agent,MoveState,Moving,Goal,20.00,0.00,20.00,20.00,0.00,15.16,20.00,0.00,16.00,AStar,
2724,17.64,AgentPrefab,Agent,MoveState,Moving,Goal,20.00,0.00,20.00,20.00,0.00,15.16,20.00,0.00,16.00,AStar,
2725,17.64,AgentPrefab,Agent,MoveState,Moving,Goal,20.00,0.00,20.00,20.00,0.00,15.16,20.00,0.00,16.00,AStar,
2726,17.65,AgentPrefab,Agent,MoveState,Moving,Goal,20.00,0.00,20.00,20.00,0.00,15.16,20.00,0.00,16.00,AStar,
2727,17.66,AgentPrefab,Agent,MoveState,Moving,Goal,20.00,0.00,20.00,20.00,0.00,15.16,20.00,0.00,16.00,AStar,
2728,17.66,AgentPrefab,Agent,MoveState,Moving,Goal,20.00,0.00,20.00,20.00,0.00,15.16,20.00,0.00,16.00,AStar,
2729,17.67,AgentPrefab,Agent,MoveState,Moving,Goal,20.00,0.00,20.00,20.00,0.00,15.16,20.00,0.00,16.00,AStar,
2730,17.68,AgentPrefab,Agent,MoveState,Moving,Goal,20.00,0.00,20.00,20.00,0.00,15.16,20.00,0.00,16.00,AStar,
2731,17.68,AgentPrefab,Agent,MoveState,Moving,Goal,20.00,0.00,20.00,20.00,0.00,15.16,20.00,0.00,16.00,AStar,
2732,17.69,AgentPrefab,Agent,MoveState,Moving,Goal,20.00,0.00,20.00,20.00,0.00,15.16,20.00,0.00,16.00,AStar,
2733,17.70,AgentPrefab,Agent,MoveState,Moving,Goal,20.00,0.00,20.00,20.00,0.00,15.16,20.00,0.00,16.00,AStar,
2734,17.70,AgentPrefab,Agent,MoveState,Moving,Goal,20.00,0.00,20.00,20.00,0.00,15.16,20.00,0.00,16.00,AStar,
2735,17.71,AgentPrefab,Agent,MoveState,Moving,Goal,20.00,0.00,20.00,20.00,0.00,15.16,20.00,0.00,16.00,AStar,
2736,17.72,AgentPrefab,Agent,MoveState,Moving,Goal,20.00,0.00,20.00,20.00,0.00,15.16,20.00,0.00,16.00,AStar,
2737,17.73,AgentPrefab,Agent,MoveState,Moving,Goal,20.00,0.00,20.00,20.00,0.00,15.16,20.00,0.00,16.00,AStar,
2738,17.74,AgentPrefab,Agent,MoveState,Moving,Goal,20.00,0.00,20.00,20.00,0.00,15.16,20.00,0.00,16.00,AStar,
2739,17.75,AgentPrefab,Agent,MoveState,Moving,Goal,20.00,0.00,20.00,20.00,0.00,15.16,20.00,0.00,16.00,AStar,
2740,17.75,AgentPrefab,Agent,MoveState,Moving,Goal,20.00,0.00,20.00,20.00,0.00,15.16,20.00,0.00,16.00,AStar,
2741,17.76,AgentPrefab,Agent,MoveState,Moving,Goal,20.00,0.00,20.00,20.00,0.00,15.16,20.00,0.00,16.00,AStar,
2742,17.77,AgentPrefab,Agent,MoveState,Moving,Goal,20.00,0.00,20.00,20.00,0.00,15.16,20.00,0.00,16.00,AStar,
2743,17.78,AgentPrefab,Agent,MoveState,Moving,Goal,20.00,0.00,20.00,20.00,0.00,15.16,20.00,0.00,16.00,AStar,
2744,17.79,AgentPrefab,Agent,MoveState,Moving,Goal,20.00,0.00,20.00,20.00,0.00,15.16,20.00,0.00,16.00,AStar,
2745,17.79,AgentPrefab,Agent,MoveState,Moving,Goal,20.00,0.00,20.00,20.00,0.00,15.16,20.00,0.00,16.00,AStar,
2746,17.80,AgentPrefab,Agent,MoveState,Moving,Goal,20.00,0.00,20.00,20.00,0.00,15.16,20.00,0.00,16.00,AStar,
2747,17.81,AgentPrefab,Agent,MoveState,Moving,Goal,20.00,0.00,20.00,20.00,0.00,15.16,20.00,0.00,16.00,AStar,
2748,17.82,AgentPrefab,Agent,MoveState,Moving,Goal,20.00,0.00,20.00,20.00,0.00,15.16,20.00,0.00,16.00,AStar,
2749,17.83,AgentPrefab,Agent,MoveState,Moving,Goal,20.00,0.00,20.00,20.00,0.00,15.16,20.00,0.00,16.00,AStar,
2750,17.83,AgentPrefab,Agent,MoveState,Moving,Goal,20.00,0.00,20.00,20.00,0.00,15.16,20.00,0.00,16.00,AStar,
2751,17.84,AgentPrefab,Agent,MoveState,Moving,Goal,20.00,0.00,20.00,20.00,0.00,15.16,20.00,0.00,16.00,AStar,
2752,17.85,AgentPrefab,Agent,MoveState,Moving,Goal,20.00,0.00,20.00,20.00,0.00,15.16,20.00,0.00,16.00,AStar,
2753,17.86,AgentPrefab,Agent,MoveState,Moving,Goal,20.00,0.00,20.00,20.00,0.00,15.16,20.00,0.00,16.00,AStar,
2754,17.87,AgentPrefab,Agent,MoveState,Moving,Goal,20.00,0.00,20.00,20.00,0.00,15.16,20.00,0.00,16.00,AStar,
2755,17.88,AgentPrefab,Agent,MoveState,Moving,Goal,20.00,0.00,20.00,20.00,0.00,15.16,20.00,0.00,16.00,AStar,
2756,17.88,AgentPrefab,Agent,MoveState,Moving,Goal,20.00,0.00,20.00,20.00,0.00,15.16,20.00,0.00,16.00,AStar,
2757,17.89,AgentPrefab,Agent,MoveState,Moving,Goal,20.00,0.00,20.00,20.00,0.00,15.16,20.00,0.00,16.00,AStar,
2758,17.90,AgentPrefab,Agent,MoveState,Moving,Goal,20.00,0.00,20.00,20.00,0.00,15.16,20.00,0.00,16.00,AStar,
2759,17.91,AgentPrefab,Agent,MoveState,Moving,Goal,20.00,0.00,20.00,20.00,0.00,15.16,20.00,0.00,16.00,AStar,
2760,17.92,AgentPrefab,Agent,MoveState,Moving,Goal,20.00,0.00,20.00,20.00,0.00,15.16,20.00,0.00,16.00,AStar,
2761,17.92,AgentPrefab,Agent,MoveState,Moving,Goal,20.00,0.00,20.00,20.00,0.00,15.16,20.00,0.00,16.00,AStar,
2762,17.93,AgentPrefab,Agent,MoveState,Moving,Goal,20.00,0.00,20.00,20.00,0.00,15.16,20.00,0.00,16.00,AStar,
2763,17.94,AgentPrefab,Agent,MoveState,Moving,Goal,20.00,0.00,20.00,20.00,0.00,15.16,20.00,0.00,16.00,AStar,
2764,17.94,AgentPrefab,Agent,MoveState,Moving,Goal,20.00,0.00,20.00,20.00,0.00,15.16,20.00,0.00,16.00,AStar,
2765,17.95,AgentPrefab,Agent,MoveState,Moving,Goal,20.00,0.00,20.00,20.00,0.00,15.16,20.00,0.00,16.00,AStar,
2766,17.96,AgentPrefab,Agent,MoveState,Moving,Goal,20.00,0.00,20.00,20.00,0.00,15.16,20.00,0.00,16.00,AStar,
2767,17.97,AgentPrefab,Agent,MoveState,Moving,Goal,20.00,0.00,20.00,20.00,0.00,15.16,20.00,0.00,16.00,AStar,
2768,17.97,AgentPrefab,Agent,MoveState,Moving,Goal,20.00,0.00,20.00,20.00,0.00,15.16,20.00,0.00,16.00,AStar,
2769,17.98,AgentPrefab,Agent,MoveState,Moving,Goal,20.00,0.00,20.00,20.00,0.00,15.16,20.00,0.00,16.00,AStar,
2770,17.99,AgentPrefab,Agent,MoveState,Moving,Goal,20.00,0.00,20.00,20.00,0.00,15.16,20.00,0.00,16.00,AStar,
2771,17.99,AgentPrefab,Agent,MoveState,Moving,Goal,20.00,0.00,20.00,20.00,0.00,15.16,20.00,0.00,16.00,AStar,
2772,18.00,AgentPrefab,Agent,MoveState,Moving,Goal,20.00,0.00,20.00,20.00,0.00,15.16,20.00,0.00,16.00,AStar,
2773,18.01,AgentPrefab,Agent,MoveState,Moving,Goal,20.00,0.00,20.00,20.00,0.00,15.16,20.00,0.00,16.00,AStar,
2774,18.01,AgentPrefab,Agent,MoveState,Moving,Goal,20.00,0.00,20.00,20.00,0.00,15.16,20.00,0.00,16.00,AStar,
2775,18.02,AgentPrefab,Agent,MoveState,Moving,Goal,20.00,0.00,20.00,20.00,0.00,15.16,20.00,0.00,16.00,AStar,
2776,18.03,AgentPrefab,Agent,MoveState,Moving,Goal,20.00,0.00,20.00,20.00,0.00,15.16,20.00,0.00,16.00,AStar,
2777,18.03,AgentPrefab,Agent,SearchState,Searching,Goal,20.00,0.00,20.00,20.00,0.00,15.16,20.00,0.00,16.00,AStar,
2777,18.03,AgentPrefab,Agent,MoveState,Moving,Goal,20.00,0.00,20.00,20.00,0.00,15.16,20.00,0.00,16.00,AStar,
2778,18.05,AgentPrefab,Agent,MoveState,Moving,Goal,20.00,0.00,20.00,20.00,0.00,15.16,20.00,0.00,16.00,AStar,
2779,18.06,AgentPrefab,Agent,MoveState,Moving,Goal,20.00,0.00,20.00,20.00,0.00,15.19,20.00,0.00,16.00,AStar,
2780,18.06,AgentPrefab,Agent,MoveState,Moving,Goal,20.00,0.00,20.00,20.00,0.00,15.20,20.00,0.00,16.00,AStar,
2781,18.07,AgentPrefab,Agent,MoveState,Moving,Goal,20.00,0.00,20.00,20.00,0.00,15.21,20.00,0.00,16.00,AStar,
2782,18.08,AgentPrefab,Agent,MoveState,Moving,Goal,20.00,0.00,20.00,20.00,0.00,15.23,20.00,0.00,16.00,AStar,
2783,18.08,AgentPrefab,Agent,MoveState,Moving,Goal,20.00,0.00,20.00,20.00,0.00,15.24,20.00,0.00,16.00,AStar,
2784,18.09,AgentPrefab,Agent,MoveState,Moving,Goal,20.00,0.00,20.00,20.00,0.00,15.25,20.00,0.00,16.00,AStar,
2785,18.10,AgentPrefab,Agent,MoveState,Moving,Goal,20.00,0.00,20.00,20.00,0.00,15.27,20.00,0.00,16.00,AStar,
2786,18.11,AgentPrefab,Agent,MoveState,Moving,Goal,20.00,0.00,20.00,20.00,0.00,15.28,20.00,0.00,16.00,AStar,
2787,18.12,AgentPrefab,Agent,MoveState,Moving,Goal,20.00,0.00,20.00,20.00,0.00,15.31,20.00,0.00,16.00,AStar,
2788,18.13,AgentPrefab,Agent,MoveState,Moving,Goal,20.00,0.00,20.00,20.00,0.00,15.33,20.00,0.00,16.00,AStar,
2789,18.14,AgentPrefab,Agent,MoveState,Moving,Goal,20.00,0.00,20.00,20.00,0.00,15.35,20.00,0.00,16.00,AStar,
2790,18.14,AgentPrefab,Agent,MoveState,Moving,Goal,20.00,0.00,20.00,20.00,0.00,15.36,20.00,0.00,16.00,AStar,
2791,18.15,AgentPrefab,Agent,MoveState,Moving,Goal,20.00,0.00,20.00,20.00,0.00,15.37,20.00,0.00,16.00,AStar,
2792,18.16,AgentPrefab,Agent,MoveState,Moving,Goal,20.00,0.00,20.00,20.00,0.00,15.39,20.00,0.00,16.00,AStar,
2793,18.16,AgentPrefab,Agent,MoveState,Moving,Goal,20.00,0.00,20.00,20.00,0.00,15.40,20.00,0.00,16.00,AStar,
2794,18.17,AgentPrefab,Agent,MoveState,Moving,Goal,20.00,0.00,20.00,20.00,0.00,15.42,20.00,0.00,16.00,AStar,
2795,18.18,AgentPrefab,Agent,MoveState,Moving,Goal,20.00,0.00,20.00,20.00,0.00,15.43,20.00,0.00,16.00,AStar,
2796,18.19,AgentPrefab,Agent,MoveState,Moving,Goal,20.00,0.00,20.00,20.00,0.00,15.45,20.00,0.00,16.00,AStar,
2797,18.19,AgentPrefab,Agent,MoveState,Moving,Goal,20.00,0.00,20.00,20.00,0.00,15.46,20.00,0.00,16.00,AStar,
2798,18.20,AgentPrefab,Agent,MoveState,Moving,Goal,20.00,0.00,20.00,20.00,0.00,15.47,20.00,0.00,16.00,AStar,
2799,18.21,AgentPrefab,Agent,MoveState,Moving,Goal,20.00,0.00,20.00,20.00,0.00,15.49,20.00,0.00,16.00,AStar,
2800,18.21,AgentPrefab,Agent,MoveState,Moving,Goal,20.00,0.00,20.00,20.00,0.00,15.50,20.00,0.00,16.00,AStar,
2801,18.22,AgentPrefab,Agent,MoveState,Moving,Goal,20.00,0.00,20.00,20.00,0.00,15.51,20.00,0.00,16.00,AStar,
2802,18.23,AgentPrefab,Agent,MoveState,Moving,Goal,20.00,0.00,20.00,20.00,0.00,15.53,20.00,0.00,16.00,AStar,
2803,18.23,AgentPrefab,Agent,MoveState,Moving,Goal,20.00,0.00,20.00,20.00,0.00,15.54,20.00,0.00,16.00,AStar,
2804,18.24,AgentPrefab,Agent,MoveState,Moving,Goal,20.00,0.00,20.00,20.00,0.00,15.56,20.00,0.00,16.00,AStar,
2805,18.25,AgentPrefab,Agent,MoveState,Moving,Goal,20.00,0.00,20.00,20.00,0.00,15.57,20.00,0.00,16.00,AStar,
2806,18.26,AgentPrefab,Agent,MoveState,Moving,Goal,20.00,0.00,20.00,20.00,0.00,15.59,20.00,0.00,16.00,AStar,
2807,18.26,AgentPrefab,Agent,MoveState,Moving,Goal,20.00,0.00,20.00,20.00,0.00,15.60,20.00,0.00,16.00,AStar,
2808,18.27,AgentPrefab,Agent,MoveState,Moving,Goal,20.00,0.00,20.00,20.00,0.00,15.61,20.00,0.00,16.00,AStar,
2809,18.28,AgentPrefab,Agent,MoveState,Moving,Goal,20.00,0.00,20.00,20.00,0.00,15.63,20.00,0.00,16.00,AStar,
2810,18.28,AgentPrefab,Agent,MoveState,Moving,Goal,20.00,0.00,20.00,20.00,0.00,15.64,20.00,0.00,16.00,AStar,
2811,18.29,AgentPrefab,Agent,MoveState,Moving,Goal,20.00,0.00,20.00,20.00,0.00,15.65,20.00,0.00,16.00,AStar,
2812,18.30,AgentPrefab,Agent,MoveState,Moving,Goal,20.00,0.00,20.00,20.00,0.00,15.67,20.00,0.00,16.00,AStar,
2813,18.30,AgentPrefab,Agent,MoveState,Moving,Goal,20.00,0.00,20.00,20.00,0.00,15.68,20.00,0.00,16.00,AStar,
2814,18.31,AgentPrefab,Agent,MoveState,Moving,Goal,20.00,0.00,20.00,20.00,0.00,15.70,20.00,0.00,16.00,AStar,
2815,18.32,AgentPrefab,Agent,MoveState,Moving,Goal,20.00,0.00,20.00,20.00,0.00,15.71,20.00,0.00,16.00,AStar,
2816,18.33,AgentPrefab,Agent,MoveState,Moving,Goal,20.00,0.00,20.00,20.00,0.00,15.72,20.00,0.00,16.00,AStar,
2817,18.33,AgentPrefab,Agent,MoveState,Moving,Goal,20.00,0.00,20.00,20.00,0.00,15.74,20.00,0.00,16.00,AStar,
2818,18.34,AgentPrefab,Agent,MoveState,Moving,Goal,20.00,0.00,20.00,20.00,0.00,15.75,20.00,0.00,16.00,AStar,
2819,18.35,AgentPrefab,Agent,MoveState,Moving,Goal,20.00,0.00,20.00,20.00,0.00,15.77,20.00,0.00,16.00,AStar,
2820,18.35,AgentPrefab,Agent,MoveState,Moving,Goal,20.00,0.00,20.00,20.00,0.00,15.78,20.00,0.00,16.00,AStar,
2821,18.36,AgentPrefab,Agent,MoveState,Moving,Goal,20.00,0.00,20.00,20.00,0.00,15.79,20.00,0.00,16.00,AStar,
2822,18.37,AgentPrefab,Agent,MoveState,Moving,Goal,20.00,0.00,20.00,20.00,0.00,15.81,20.00,0.00,16.00,AStar,
2823,18.37,AgentPrefab,Agent,MoveState,Moving,Goal,20.00,0.00,20.00,20.00,0.00,15.82,20.00,0.00,16.00,AStar,
2824,18.38,AgentPrefab,Agent,MoveState,Moving,Goal,20.00,0.00,20.00,20.00,0.00,15.84,20.00,0.00,16.00,AStar,
2825,18.39,AgentPrefab,Agent,MoveState,Moving,Goal,20.00,0.00,20.00,20.00,0.00,15.85,20.00,0.00,16.00,AStar,
2826,18.39,AgentPrefab,Agent,MoveState,Moving,Goal,20.00,0.00,20.00,20.00,0.00,15.86,20.00,0.00,16.00,AStar,
2827,18.40,AgentPrefab,Agent,MoveState,Moving,Goal,20.00,0.00,20.00,20.00,0.00,15.88,20.00,0.00,16.00,AStar,
2828,18.41,AgentPrefab,Agent,MoveState,Moving,Goal,20.00,0.00,20.00,20.00,0.00,15.89,20.00,0.00,16.00,AStar,
2829,18.42,AgentPrefab,Agent,MoveState,Moving,Goal,20.00,0.00,20.00,20.00,0.00,15.90,20.00,0.00,16.00,AStar,
2830,18.42,AgentPrefab,Agent,MoveState,Moving,Goal,20.00,0.00,20.00,20.00,0.00,15.92,20.00,0.00,16.00,AStar,
2831,18.43,AgentPrefab,Agent,MoveState,Moving,Goal,20.00,0.00,20.00,20.00,0.00,15.93,20.00,0.00,16.00,AStar,
2832,18.44,AgentPrefab,Agent,MoveState,Moving,Goal,20.00,0.00,20.00,20.00,0.00,15.95,20.00,0.00,16.00,AStar,
2833,18.44,AgentPrefab,Agent,MoveState,Moving,Goal,20.00,0.00,20.00,20.00,0.00,16.00,20.00,0.00,17.00,AStar,
2834,18.45,AgentPrefab,Agent,MoveState,Moving,Goal,20.00,0.00,20.00,20.00,0.00,16.01,20.00,0.00,17.00,AStar,
2835,18.46,AgentPrefab,Agent,MoveState,Moving,Goal,20.00,0.00,20.00,20.00,0.00,16.03,20.00,0.00,17.00,AStar,
2836,18.46,AgentPrefab,Agent,MoveState,Moving,Goal,20.00,0.00,20.00,20.00,0.00,16.04,20.00,0.00,17.00,AStar,
2837,18.47,AgentPrefab,Agent,MoveState,Moving,Goal,20.00,0.00,20.00,20.00,0.00,16.06,20.00,0.00,17.00,AStar,
2838,18.48,AgentPrefab,Agent,MoveState,Moving,Goal,20.00,0.00,20.00,20.00,0.00,16.07,20.00,0.00,17.00,AStar,
2839,18.49,AgentPrefab,Agent,MoveState,Moving,Goal,20.00,0.00,20.00,20.00,0.00,16.08,20.00,0.00,17.00,AStar,
2840,18.49,AgentPrefab,Agent,MoveState,Moving,Goal,20.00,0.00,20.00,20.00,0.00,16.10,20.00,0.00,17.00,AStar,
2841,18.50,AgentPrefab,Agent,MoveState,Moving,Goal,20.00,0.00,20.00,20.00,0.00,16.11,20.00,0.00,17.00,AStar,
2842,18.51,AgentPrefab,Agent,MoveState,Moving,Goal,20.00,0.00,20.00,20.00,0.00,16.13,20.00,0.00,17.00,AStar,
2843,18.51,AgentPrefab,Agent,MoveState,Moving,Goal,20.00,0.00,20.00,20.00,0.00,16.14,20.00,0.00,17.00,AStar,
2844,18.52,AgentPrefab,Agent,MoveState,Moving,Goal,20.00,0.00,20.00,20.00,0.00,16.15,20.00,0.00,17.00,AStar,
2845,18.53,AgentPrefab,Agent,MoveState,Moving,Goal,20.00,0.00,20.00,20.00,0.00,16.17,20.00,0.00,17.00,AStar,
2846,18.53,AgentPrefab,Agent,MoveState,Moving,Goal,20.00,0.00,20.00,20.00,0.00,16.18,20.00,0.00,17.00,AStar,
2847,18.54,AgentPrefab,Agent,MoveState,Moving,Goal,20.00,0.00,20.00,20.00,0.00,16.20,20.00,0.00,17.00,AStar,
2848,18.55,AgentPrefab,Agent,MoveState,Moving,Goal,20.00,0.00,20.00,20.00,0.00,16.21,20.00,0.00,17.00,AStar,
2849,18.55,AgentPrefab,Agent,MoveState,Moving,Goal,20.00,0.00,20.00,20.00,0.00,16.22,20.00,0.00,17.00,AStar,
2850,18.56,AgentPrefab,Agent,MoveState,Moving,Goal,20.00,0.00,20.00,20.00,0.00,16.24,20.00,0.00,17.00,AStar,
2851,18.57,AgentPrefab,Agent,MoveState,Moving,Goal,20.00,0.00,20.00,20.00,0.00,16.25,20.00,0.00,17.00,AStar,
2852,18.58,AgentPrefab,Agent,MoveState,Moving,Goal,20.00,0.00,20.00,20.00,0.00,16.26,20.00,0.00,17.00,AStar,
2853,18.58,AgentPrefab,Agent,MoveState,Moving,Goal,20.00,0.00,20.00,20.00,0.00,16.28,20.00,0.00,17.00,AStar,
2854,18.59,AgentPrefab,Agent,MoveState,Moving,Goal,20.00,0.00,20.00,20.00,0.00,16.29,20.00,0.00,17.00,AStar,
2855,18.60,AgentPrefab,Agent,MoveState,Moving,Goal,20.00,0.00,20.00,20.00,0.00,16.31,20.00,0.00,17.00,AStar,
2856,18.60,AgentPrefab,Agent,MoveState,Moving,Goal,20.00,0.00,20.00,20.00,0.00,16.32,20.00,0.00,17.00,AStar,
2857,18.61,AgentPrefab,Agent,MoveState,Moving,Goal,20.00,0.00,20.00,20.00,0.00,16.33,20.00,0.00,17.00,AStar,
2858,18.62,AgentPrefab,Agent,MoveState,Moving,Goal,20.00,0.00,20.00,20.00,0.00,16.35,20.00,0.00,17.00,AStar,
2859,18.62,AgentPrefab,Agent,MoveState,Moving,Goal,20.00,0.00,20.00,20.00,0.00,16.36,20.00,0.00,17.00,AStar,
2860,18.63,AgentPrefab,Agent,MoveState,Moving,Goal,20.00,0.00,20.00,20.00,0.00,16.38,20.00,0.00,17.00,AStar,
2861,18.64,AgentPrefab,Agent,MoveState,Moving,Goal,20.00,0.00,20.00,20.00,0.00,16.39,20.00,0.00,17.00,AStar,
2862,18.65,AgentPrefab,Agent,MoveState,Moving,Goal,20.00,0.00,20.00,20.00,0.00,16.40,20.00,0.00,17.00,AStar,
2863,18.65,AgentPrefab,Agent,MoveState,Moving,Goal,20.00,0.00,20.00,20.00,0.00,16.42,20.00,0.00,17.00,AStar,
2864,18.66,AgentPrefab,Agent,MoveState,Moving,Goal,20.00,0.00,20.00,20.00,0.00,16.43,20.00,0.00,17.00,AStar,
2865,18.67,AgentPrefab,Agent,MoveState,Moving,Goal,20.00,0.00,20.00,20.00,0.00,16.44,20.00,0.00,17.00,AStar,
2866,18.67,AgentPrefab,Agent,MoveState,Moving,Goal,20.00,0.00,20.00,20.00,0.00,16.46,20.00,0.00,17.00,AStar,
2867,18.68,AgentPrefab,Agent,MoveState,Moving,Goal,20.00,0.00,20.00,20.00,0.00,16.47,20.00,0.00,17.00,AStar,
2868,18.69,AgentPrefab,Agent,MoveState,Moving,Goal,20.00,0.00,20.00,20.00,0.00,16.49,20.00,0.00,17.00,AStar,
2869,18.69,AgentPrefab,Agent,MoveState,Moving,Goal,20.00,0.00,20.00,20.00,0.00,16.50,20.00,0.00,17.00,AStar,
2870,18.70,AgentPrefab,Agent,MoveState,Moving,Goal,20.00,0.00,20.00,20.00,0.00,16.52,20.00,0.00,17.00,AStar,
2871,18.71,AgentPrefab,Agent,MoveState,Moving,Goal,20.00,0.00,20.00,20.00,0.00,16.53,20.00,0.00,17.00,AStar,
2872,18.72,AgentPrefab,Agent,MoveState,Moving,Goal,20.00,0.00,20.00,20.00,0.00,16.54,20.00,0.00,17.00,AStar,
2873,18.72,AgentPrefab,Agent,MoveState,Moving,Goal,20.00,0.00,20.00,20.00,0.00,16.56,20.00,0.00,17.00,AStar,
2874,18.73,AgentPrefab,Agent,MoveState,Moving,Goal,20.00,0.00,20.00,20.00,0.00,16.57,20.00,0.00,17.00,AStar,
2875,18.74,AgentPrefab,Agent,MoveState,Moving,Goal,20.00,0.00,20.00,20.00,0.00,16.59,20.00,0.00,17.00,AStar,
2876,18.74,AgentPrefab,Agent,MoveState,Moving,Goal,20.00,0.00,20.00,20.00,0.00,16.60,20.00,0.00,17.00,AStar,
2877,18.75,AgentPrefab,Agent,MoveState,Moving,Goal,20.00,0.00,20.00,20.00,0.00,16.61,20.00,0.00,17.00,AStar,
2878,18.76,AgentPrefab,Agent,MoveState,Moving,Goal,20.00,0.00,20.00,20.00,0.00,16.63,20.00,0.00,17.00,AStar,
2879,18.78,AgentPrefab,Agent,MoveState,Moving,Goal,20.00,0.00,20.00,20.00,0.00,16.65,20.00,0.00,17.00,AStar,
2880,18.78,AgentPrefab,Agent,MoveState,Moving,Goal,20.00,0.00,20.00,20.00,0.00,16.68,20.00,0.00,17.00,AStar,
2881,18.79,AgentPrefab,Agent,MoveState,Moving,Goal,20.00,0.00,20.00,20.00,0.00,16.69,20.00,0.00,17.00,AStar,
2882,18.80,AgentPrefab,Agent,MoveState,Moving,Goal,20.00,0.00,20.00,20.00,0.00,16.71,20.00,0.00,17.00,AStar,
2883,18.80,AgentPrefab,Agent,MoveState,Moving,Goal,20.00,0.00,20.00,20.00,0.00,16.72,20.00,0.00,17.00,AStar,
2884,18.81,AgentPrefab,Agent,MoveState,Moving,Goal,20.00,0.00,20.00,20.00,0.00,16.74,20.00,0.00,17.00,AStar,
2885,18.82,AgentPrefab,Agent,MoveState,Moving,Goal,20.00,0.00,20.00,20.00,0.00,16.75,20.00,0.00,17.00,AStar,
2886,18.83,AgentPrefab,Agent,MoveState,Moving,Goal,20.00,0.00,20.00,20.00,0.00,16.76,20.00,0.00,17.00,AStar,
2887,18.83,AgentPrefab,Agent,MoveState,Moving,Goal,20.00,0.00,20.00,20.00,0.00,16.78,20.00,0.00,17.00,AStar,
2888,18.84,AgentPrefab,Agent,MoveState,Moving,Goal,20.00,0.00,20.00,20.00,0.00,16.79,20.00,0.00,17.00,AStar,
2889,18.85,AgentPrefab,Agent,MoveState,Moving,Goal,20.00,0.00,20.00,20.00,0.00,16.81,20.00,0.00,17.00,AStar,
2890,18.85,AgentPrefab,Agent,MoveState,Moving,Goal,20.00,0.00,20.00,20.00,0.00,16.82,20.00,0.00,17.00,AStar,
2891,18.86,AgentPrefab,Agent,MoveState,Moving,Goal,20.00,0.00,20.00,20.00,0.00,16.84,20.00,0.00,17.00,AStar,
2892,18.87,AgentPrefab,Agent,MoveState,Moving,Goal,20.00,0.00,20.00,20.00,0.00,16.85,20.00,0.00,17.00,AStar,
2893,18.87,AgentPrefab,Agent,MoveState,Moving,Goal,20.00,0.00,20.00,20.00,0.00,16.86,20.00,0.00,17.00,AStar,
2894,18.88,AgentPrefab,Agent,MoveState,Moving,Goal,20.00,0.00,20.00,20.00,0.00,16.88,20.00,0.00,17.00,AStar,
2895,18.89,AgentPrefab,Agent,MoveState,Moving,Goal,20.00,0.00,20.00,20.00,0.00,16.89,20.00,0.00,17.00,AStar,
2896,18.89,AgentPrefab,Agent,MoveState,Moving,Goal,20.00,0.00,20.00,20.00,0.00,16.90,20.00,0.00,17.00,AStar,
2897,18.90,AgentPrefab,Agent,MoveState,Moving,Goal,20.00,0.00,20.00,20.00,0.00,16.92,20.00,0.00,17.00,AStar,
2898,18.91,AgentPrefab,Agent,MoveState,Moving,Goal,20.00,0.00,20.00,20.00,0.00,16.93,20.00,0.00,17.00,AStar,
2899,18.92,AgentPrefab,Agent,MoveState,Moving,Goal,20.00,0.00,20.00,20.00,0.00,16.94,20.00,0.00,17.00,AStar,
2900,18.92,AgentPrefab,Agent,MoveState,Moving,Goal,20.00,0.00,20.00,20.00,0.00,17.00,20.00,0.00,18.00,AStar,
2901,18.93,AgentPrefab,Agent,MoveState,Moving,Goal,20.00,0.00,20.00,20.00,0.00,17.01,20.00,0.00,18.00,AStar,
2902,18.94,AgentPrefab,Agent,MoveState,Moving,Goal,20.00,0.00,20.00,20.00,0.00,17.03,20.00,0.00,18.00,AStar,
2903,18.94,AgentPrefab,Agent,MoveState,Moving,Goal,20.00,0.00,20.00,20.00,0.00,17.04,20.00,0.00,18.00,AStar,
2904,18.95,AgentPrefab,Agent,MoveState,Moving,Goal,20.00,0.00,20.00,20.00,0.00,17.05,20.00,0.00,18.00,AStar,
2905,18.96,AgentPrefab,Agent,MoveState,Moving,Goal,20.00,0.00,20.00,20.00,0.00,17.07,20.00,0.00,18.00,AStar,
2906,18.96,AgentPrefab,Agent,MoveState,Moving,Goal,20.00,0.00,20.00,20.00,0.00,17.08,20.00,0.00,18.00,AStar,
2907,18.97,AgentPrefab,Agent,MoveState,Moving,Goal,20.00,0.00,20.00,20.00,0.00,17.10,20.00,0.00,18.00,AStar,
2908,18.98,AgentPrefab,Agent,MoveState,Moving,Goal,20.00,0.00,20.00,20.00,0.00,17.11,20.00,0.00,18.00,AStar,
2909,18.99,AgentPrefab,Agent,MoveState,Moving,Goal,20.00,0.00,20.00,20.00,0.00,17.12,20.00,0.00,18.00,AStar,
2910,18.99,AgentPrefab,Agent,MoveState,Moving,Goal,20.00,0.00,20.00,20.00,0.00,17.14,20.00,0.00,18.00,AStar,
2911,19.00,AgentPrefab,Agent,MoveState,Moving,Goal,20.00,0.00,20.00,20.00,0.00,17.15,20.00,0.00,18.00,AStar,
2912,19.01,AgentPrefab,Agent,MoveState,Moving,Goal,20.00,0.00,20.00,20.00,0.00,17.17,20.00,0.00,18.00,AStar,
2913,19.01,AgentPrefab,Agent,MoveState,Moving,Goal,20.00,0.00,20.00,20.00,0.00,17.18,20.00,0.00,18.00,AStar,
2914,19.02,AgentPrefab,Agent,MoveState,Moving,Goal,20.00,0.00,20.00,20.00,0.00,17.20,20.00,0.00,18.00,AStar,
2915,19.03,AgentPrefab,Agent,MoveState,Moving,Goal,20.00,0.00,20.00,20.00,0.00,17.21,20.00,0.00,18.00,AStar,
2916,19.03,AgentPrefab,Agent,MoveState,Moving,Goal,20.00,0.00,20.00,20.00,0.00,17.22,20.00,0.00,18.00,AStar,
2917,19.04,AgentPrefab,Agent,MoveState,Moving,Goal,20.00,0.00,20.00,20.00,0.00,17.24,20.00,0.00,18.00,AStar,
2918,19.05,AgentPrefab,Agent,MoveState,Moving,Goal,20.00,0.00,20.00,20.00,0.00,17.25,20.00,0.00,18.00,AStar,
2919,19.06,AgentPrefab,Agent,MoveState,Moving,Goal,20.00,0.00,20.00,20.00,0.00,17.27,20.00,0.00,18.00,AStar,
2920,19.06,AgentPrefab,Agent,MoveState,Moving,Goal,20.00,0.00,20.00,20.00,0.00,17.28,20.00,0.00,18.00,AStar,
2921,19.07,AgentPrefab,Agent,MoveState,Moving,Goal,20.00,0.00,20.00,20.00,0.00,17.29,20.00,0.00,18.00,AStar,
2922,19.08,AgentPrefab,Agent,MoveState,Moving,Goal,20.00,0.00,20.00,20.00,0.00,17.31,20.00,0.00,18.00,AStar,
2923,19.08,AgentPrefab,Agent,MoveState,Moving,Goal,20.00,0.00,20.00,20.00,0.00,17.32,20.00,0.00,18.00,AStar,
2924,19.09,AgentPrefab,Agent,MoveState,Moving,Goal,20.00,0.00,20.00,20.00,0.00,17.34,20.00,0.00,18.00,AStar,
2925,19.10,AgentPrefab,Agent,MoveState,Moving,Goal,20.00,0.00,20.00,20.00,0.00,17.35,20.00,0.00,18.00,AStar,
2926,19.10,AgentPrefab,Agent,MoveState,Moving,Goal,20.00,0.00,20.00,20.00,0.00,17.36,20.00,0.00,18.00,AStar,
2927,19.11,AgentPrefab,Agent,MoveState,Moving,Goal,20.00,0.00,20.00,20.00,0.00,17.38,20.00,0.00,18.00,AStar,
2928,19.12,AgentPrefab,Agent,MoveState,Moving,Goal,20.00,0.00,20.00,20.00,0.00,17.39,20.00,0.00,18.00,AStar,
2929,19.13,AgentPrefab,Agent,MoveState,Moving,Goal,20.00,0.00,20.00,20.00,0.00,17.40,20.00,0.00,18.00,AStar,
2930,19.13,AgentPrefab,Agent,MoveState,Moving,Goal,20.00,0.00,20.00,20.00,0.00,17.42,20.00,0.00,18.00,AStar,
2931,19.14,AgentPrefab,Agent,MoveState,Moving,Goal,20.00,0.00,20.00,20.00,0.00,17.43,20.00,0.00,18.00,AStar,
2932,19.15,AgentPrefab,Agent,MoveState,Moving,Goal,20.00,0.00,20.00,20.00,0.00,17.45,20.00,0.00,18.00,AStar,
2933,19.15,AgentPrefab,Agent,MoveState,Moving,Goal,20.00,0.00,20.00,20.00,0.00,17.46,20.00,0.00,18.00,AStar,
2934,19.16,AgentPrefab,Agent,MoveState,Moving,Goal,20.00,0.00,20.00,20.00,0.00,17.47,20.00,0.00,18.00,AStar,
2935,19.17,AgentPrefab,Agent,MoveState,Moving,Goal,20.00,0.00,20.00,20.00,0.00,17.49,20.00,0.00,18.00,AStar,
2936,19.17,AgentPrefab,Agent,MoveState,Moving,Goal,20.00,0.00,20.00,20.00,0.00,17.50,20.00,0.00,18.00,AStar,
2937,19.18,AgentPrefab,Agent,MoveState,Moving,Goal,20.00,0.00,20.00,20.00,0.00,17.52,20.00,0.00,18.00,AStar,
2938,19.19,AgentPrefab,Agent,MoveState,Moving,Goal,20.00,0.00,20.00,20.00,0.00,17.53,20.00,0.00,18.00,AStar,
2939,19.19,AgentPrefab,Agent,MoveState,Moving,Goal,20.00,0.00,20.00,20.00,0.00,17.54,20.00,0.00,18.00,AStar,
2940,19.20,AgentPrefab,Agent,MoveState,Moving,Goal,20.00,0.00,20.00,20.00,0.00,17.56,20.00,0.00,18.00,AStar,
2941,19.21,AgentPrefab,Agent,MoveState,Moving,Goal,20.00,0.00,20.00,20.00,0.00,17.57,20.00,0.00,18.00,AStar,
2942,19.22,AgentPrefab,Agent,MoveState,Moving,Goal,20.00,0.00,20.00,20.00,0.00,17.58,20.00,0.00,18.00,AStar,
2943,19.22,AgentPrefab,Agent,MoveState,Moving,Goal,20.00,0.00,20.00,20.00,0.00,17.60,20.00,0.00,18.00,AStar,
2944,19.23,AgentPrefab,Agent,MoveState,Moving,Goal,20.00,0.00,20.00,20.00,0.00,17.61,20.00,0.00,18.00,AStar,
2945,19.24,AgentPrefab,Agent,MoveState,Moving,Goal,20.00,0.00,20.00,20.00,0.00,17.62,20.00,0.00,18.00,AStar,
2946,19.24,AgentPrefab,Agent,MoveState,Moving,Goal,20.00,0.00,20.00,20.00,0.00,17.64,20.00,0.00,18.00,AStar,
2947,19.25,AgentPrefab,Agent,MoveState,Moving,Goal,20.00,0.00,20.00,20.00,0.00,17.65,20.00,0.00,18.00,AStar,
2948,19.26,AgentPrefab,Agent,MoveState,Moving,Goal,20.00,0.00,20.00,20.00,0.00,17.67,20.00,0.00,18.00,AStar,
2949,19.26,AgentPrefab,Agent,MoveState,Moving,Goal,20.00,0.00,20.00,20.00,0.00,17.68,20.00,0.00,18.00,AStar,
2950,19.27,AgentPrefab,Agent,MoveState,Moving,Goal,20.00,0.00,20.00,20.00,0.00,17.70,20.00,0.00,18.00,AStar,
2951,19.28,AgentPrefab,Agent,MoveState,Moving,Goal,20.00,0.00,20.00,20.00,0.00,17.71,20.00,0.00,18.00,AStar,
2952,19.28,AgentPrefab,Agent,MoveState,Moving,Goal,20.00,0.00,20.00,20.00,0.00,17.72,20.00,0.00,18.00,AStar,
2953,19.29,AgentPrefab,Agent,MoveState,Moving,Goal,20.00,0.00,20.00,20.00,0.00,17.74,20.00,0.00,18.00,AStar,
2954,19.30,AgentPrefab,Agent,MoveState,Moving,Goal,20.00,0.00,20.00,20.00,0.00,17.75,20.00,0.00,18.00,AStar,
2955,19.31,AgentPrefab,Agent,MoveState,Moving,Goal,20.00,0.00,20.00,20.00,0.00,17.76,20.00,0.00,18.00,AStar,
2956,19.31,AgentPrefab,Agent,MoveState,Moving,Goal,20.00,0.00,20.00,20.00,0.00,17.78,20.00,0.00,18.00,AStar,
2957,19.32,AgentPrefab,Agent,MoveState,Moving,Goal,20.00,0.00,20.00,20.00,0.00,17.79,20.00,0.00,18.00,AStar,
2958,19.33,AgentPrefab,Agent,MoveState,Moving,Goal,20.00,0.00,20.00,20.00,0.00,17.81,20.00,0.00,18.00,AStar,
2959,19.33,AgentPrefab,Agent,MoveState,Moving,Goal,20.00,0.00,20.00,20.00,0.00,17.82,20.00,0.00,18.00,AStar,
2960,19.34,AgentPrefab,Agent,MoveState,Moving,Goal,20.00,0.00,20.00,20.00,0.00,17.83,20.00,0.00,18.00,AStar,
2961,19.35,AgentPrefab,Agent,MoveState,Moving,Goal,20.00,0.00,20.00,20.00,0.00,17.85,20.00,0.00,18.00,AStar,
2962,19.35,AgentPrefab,Agent,MoveState,Moving,Goal,20.00,0.00,20.00,20.00,0.00,17.86,20.00,0.00,18.00,AStar,
2963,19.36,AgentPrefab,Agent,MoveState,Moving,Goal,20.00,0.00,20.00,20.00,0.00,17.87,20.00,0.00,18.00,AStar,
2964,19.37,AgentPrefab,Agent,MoveState,Moving,Goal,20.00,0.00,20.00,20.00,0.00,17.89,20.00,0.00,18.00,AStar,
2965,19.37,AgentPrefab,Agent,MoveState,Moving,Goal,20.00,0.00,20.00,20.00,0.00,17.90,20.00,0.00,18.00,AStar,
2966,19.38,AgentPrefab,Agent,MoveState,Moving,Goal,20.00,0.00,20.00,20.00,0.00,17.91,20.00,0.00,18.00,AStar,
2967,19.39,AgentPrefab,Agent,MoveState,Moving,Goal,20.00,0.00,20.00,20.00,0.00,17.93,20.00,0.00,18.00,AStar,
2968,19.41,AgentPrefab,Agent,MoveState,Moving,Goal,20.00,0.00,20.00,20.00,0.00,18.00,20.00,0.00,19.00,AStar,
2969,19.41,AgentPrefab,Agent,MoveState,Moving,Goal,20.00,0.00,20.00,20.00,0.00,18.02,20.00,0.00,19.00,AStar,
2970,19.42,AgentPrefab,Agent,MoveState,Moving,Goal,20.00,0.00,20.00,20.00,0.00,18.04,20.00,0.00,19.00,AStar,
2971,19.43,AgentPrefab,Agent,MoveState,Moving,Goal,20.00,0.00,20.00,20.00,0.00,18.05,20.00,0.00,19.00,AStar,
2972,19.43,AgentPrefab,Agent,MoveState,Moving,Goal,20.00,0.00,20.00,20.00,0.00,18.07,20.00,0.00,19.00,AStar,
2973,19.44,AgentPrefab,Agent,MoveState,Moving,Goal,20.00,0.00,20.00,20.00,0.00,18.08,20.00,0.00,19.00,AStar,
2974,19.45,AgentPrefab,Agent,MoveState,Moving,Goal,20.00,0.00,20.00,20.00,0.00,18.09,20.00,0.00,19.00,AStar,
2975,19.45,AgentPrefab,Agent,MoveState,Moving,Goal,20.00,0.00,20.00,20.00,0.00,18.11,20.00,0.00,19.00,AStar,
2976,19.46,AgentPrefab,Agent,MoveState,Moving,Goal,20.00,0.00,20.00,20.00,0.00,18.12,20.00,0.00,19.00,AStar,
2977,19.47,AgentPrefab,Agent,MoveState,Moving,Goal,20.00,0.00,20.00,20.00,0.00,18.14,20.00,0.00,19.00,AStar,
2978,19.47,AgentPrefab,Agent,MoveState,Moving,Goal,20.00,0.00,20.00,20.00,0.00,18.15,20.00,0.00,19.00,AStar,
2979,19.48,AgentPrefab,Agent,MoveState,Moving,Goal,20.00,0.00,20.00,20.00,0.00,18.16,20.00,0.00,19.00,AStar,
2980,19.49,AgentPrefab,Agent,MoveState,Moving,Goal,20.00,0.00,20.00,20.00,0.00,18.18,20.00,0.00,19.00,AStar,
2981,19.50,AgentPrefab,Agent,MoveState,Moving,Goal,20.00,0.00,20.00,20.00,0.00,18.19,20.00,0.00,19.00,AStar,
2982,19.50,AgentPrefab,Agent,MoveState,Moving,Goal,20.00,0.00,20.00,20.00,0.00,18.20,20.00,0.00,19.00,AStar,
2983,19.51,AgentPrefab,Agent,MoveState,Moving,Goal,20.00,0.00,20.00,20.00,0.00,18.22,20.00,0.00,19.00,AStar,
2984,19.52,AgentPrefab,Agent,MoveState,Moving,Goal,20.00,0.00,20.00,20.00,0.00,18.23,20.00,0.00,19.00,AStar,
2985,19.52,AgentPrefab,Agent,MoveState,Moving,Goal,20.00,0.00,20.00,20.00,0.00,18.25,20.00,0.00,19.00,AStar,
2986,19.53,AgentPrefab,Agent,MoveState,Moving,Goal,20.00,0.00,20.00,20.00,0.00,18.26,20.00,0.00,19.00,AStar,
2987,19.54,AgentPrefab,Agent,MoveState,Moving,Goal,20.00,0.00,20.00,20.00,0.00,18.27,20.00,0.00,19.00,AStar,
2988,19.54,AgentPrefab,Agent,MoveState,Moving,Goal,20.00,0.00,20.00,20.00,0.00,18.29,20.00,0.00,19.00,AStar,
2989,19.55,AgentPrefab,Agent,MoveState,Moving,Goal,20.00,0.00,20.00,20.00,0.00,18.30,20.00,0.00,19.00,AStar,
2990,19.56,AgentPrefab,Agent,MoveState,Moving,Goal,20.00,0.00,20.00,20.00,0.00,18.31,20.00,0.00,19.00,AStar,
2991,19.56,AgentPrefab,Agent,MoveState,Moving,Goal,20.00,0.00,20.00,20.00,0.00,18.33,20.00,0.00,19.00,AStar,
2992,19.57,AgentPrefab,Agent,MoveState,Moving,Goal,20.00,0.00,20.00,20.00,0.00,18.34,20.00,0.00,19.00,AStar,
2993,19.58,AgentPrefab,Agent,MoveState,Moving,Goal,20.00,0.00,20.00,20.00,0.00,18.36,20.00,0.00,19.00,AStar,
2994,19.59,AgentPrefab,Agent,MoveState,Moving,Goal,20.00,0.00,20.00,20.00,0.00,18.37,20.00,0.00,19.00,AStar,
2995,19.59,AgentPrefab,Agent,MoveState,Moving,Goal,20.00,0.00,20.00,20.00,0.00,18.38,20.00,0.00,19.00,AStar,
2996,19.60,AgentPrefab,Agent,MoveState,Moving,Goal,20.00,0.00,20.00,20.00,0.00,18.40,20.00,0.00,19.00,AStar,
2997,19.61,AgentPrefab,Agent,MoveState,Moving,Goal,20.00,0.00,20.00,20.00,0.00,18.41,20.00,0.00,19.00,AStar,
2998,19.61,AgentPrefab,Agent,MoveState,Moving,Goal,20.00,0.00,20.00,20.00,0.00,18.43,20.00,0.00,19.00,AStar,
2999,19.62,AgentPrefab,Agent,MoveState,Moving,Goal,20.00,0.00,20.00,20.00,0.00,18.44,20.00,0.00,19.00,AStar,
3000,19.63,AgentPrefab,Agent,MoveState,Moving,Goal,20.00,0.00,20.00,20.00,0.00,18.45,20.00,0.00,19.00,AStar,
3001,19.63,AgentPrefab,Agent,MoveState,Moving,Goal,20.00,0.00,20.00,20.00,0.00,18.47,20.00,0.00,19.00,AStar,
3002,19.64,AgentPrefab,Agent,MoveState,Moving,Goal,20.00,0.00,20.00,20.00,0.00,18.48,20.00,0.00,19.00,AStar,
3003,19.65,AgentPrefab,Agent,MoveState,Moving,Goal,20.00,0.00,20.00,20.00,0.00,18.50,20.00,0.00,19.00,AStar,
3004,19.65,AgentPrefab,Agent,MoveState,Moving,Goal,20.00,0.00,20.00,20.00,0.00,18.51,20.00,0.00,19.00,AStar,
3005,19.66,AgentPrefab,Agent,MoveState,Moving,Goal,20.00,0.00,20.00,20.00,0.00,18.52,20.00,0.00,19.00,AStar,
3006,19.67,AgentPrefab,Agent,MoveState,Moving,Goal,20.00,0.00,20.00,20.00,0.00,18.54,20.00,0.00,19.00,AStar,
3007,19.68,AgentPrefab,Agent,MoveState,Moving,Goal,20.00,0.00,20.00,20.00,0.00,18.55,20.00,0.00,19.00,AStar,
3008,19.68,AgentPrefab,Agent,MoveState,Moving,Goal,20.00,0.00,20.00,20.00,0.00,18.57,20.00,0.00,19.00,AStar,
3009,19.69,AgentPrefab,Agent,MoveState,Moving,Goal,20.00,0.00,20.00,20.00,0.00,18.58,20.00,0.00,19.00,AStar,
3010,19.70,AgentPrefab,Agent,MoveState,Moving,Goal,20.00,0.00,20.00,20.00,0.00,18.59,20.00,0.00,19.00,AStar,
3011,19.70,AgentPrefab,Agent,MoveState,Moving,Goal,20.00,0.00,20.00,20.00,0.00,18.61,20.00,0.00,19.00,AStar,
3012,19.71,AgentPrefab,Agent,MoveState,Moving,Goal,20.00,0.00,20.00,20.00,0.00,18.62,20.00,0.00,19.00,AStar,
3013,19.72,AgentPrefab,Agent,MoveState,Moving,Goal,20.00,0.00,20.00,20.00,0.00,18.63,20.00,0.00,19.00,AStar,
3014,19.72,AgentPrefab,Agent,MoveState,Moving,Goal,20.00,0.00,20.00,20.00,0.00,18.65,20.00,0.00,19.00,AStar,
3015,19.73,AgentPrefab,Agent,MoveState,Moving,Goal,20.00,0.00,20.00,20.00,0.00,18.66,20.00,0.00,19.00,AStar,
3016,19.74,AgentPrefab,Agent,MoveState,Moving,Goal,20.00,0.00,20.00,20.00,0.00,18.68,20.00,0.00,19.00,AStar,
3017,19.74,AgentPrefab,Agent,MoveState,Moving,Goal,20.00,0.00,20.00,20.00,0.00,18.69,20.00,0.00,19.00,AStar,
3018,19.75,AgentPrefab,Agent,MoveState,Moving,Goal,20.00,0.00,20.00,20.00,0.00,18.70,20.00,0.00,19.00,AStar,
3019,19.76,AgentPrefab,Agent,MoveState,Moving,Goal,20.00,0.00,20.00,20.00,0.00,18.72,20.00,0.00,19.00,AStar,
3020,19.77,AgentPrefab,Agent,MoveState,Moving,Goal,20.00,0.00,20.00,20.00,0.00,18.73,20.00,0.00,19.00,AStar,
3021,19.77,AgentPrefab,Agent,MoveState,Moving,Goal,20.00,0.00,20.00,20.00,0.00,18.74,20.00,0.00,19.00,AStar,
3022,19.78,AgentPrefab,Agent,MoveState,Moving,Goal,20.00,0.00,20.00,20.00,0.00,18.76,20.00,0.00,19.00,AStar,
3023,19.79,AgentPrefab,Agent,MoveState,Moving,Goal,20.00,0.00,20.00,20.00,0.00,18.77,20.00,0.00,19.00,AStar,
3024,19.79,AgentPrefab,Agent,MoveState,Moving,Goal,20.00,0.00,20.00,20.00,0.00,18.78,20.00,0.00,19.00,AStar,
3025,19.80,AgentPrefab,Agent,MoveState,Moving,Goal,20.00,0.00,20.00,20.00,0.00,18.80,20.00,0.00,19.00,AStar,
3026,19.81,AgentPrefab,Agent,MoveState,Moving,Goal,20.00,0.00,20.00,20.00,0.00,18.81,20.00,0.00,19.00,AStar,
3027,19.81,AgentPrefab,Agent,MoveState,Moving,Goal,20.00,0.00,20.00,20.00,0.00,18.83,20.00,0.00,19.00,AStar,
3028,19.82,AgentPrefab,Agent,MoveState,Moving,Goal,20.00,0.00,20.00,20.00,0.00,18.84,20.00,0.00,19.00,AStar,
3029,19.83,AgentPrefab,Agent,MoveState,Moving,Goal,20.00,0.00,20.00,20.00,0.00,18.85,20.00,0.00,19.00,AStar,
3030,19.83,AgentPrefab,Agent,MoveState,Moving,Goal,20.00,0.00,20.00,20.00,0.00,18.87,20.00,0.00,19.00,AStar,
3031,19.84,AgentPrefab,Agent,MoveState,Moving,Goal,20.00,0.00,20.00,20.00,0.00,18.88,20.00,0.00,19.00,AStar,
3032,19.85,AgentPrefab,Agent,MoveState,Moving,Goal,20.00,0.00,20.00,20.00,0.00,18.89,20.00,0.00,19.00,AStar,
3033,19.85,AgentPrefab,Agent,MoveState,Moving,Goal,20.00,0.00,20.00,20.00,0.00,18.91,20.00,0.00,19.00,AStar,
3034,19.86,AgentPrefab,Agent,MoveState,Moving,Goal,20.00,0.00,20.00,20.00,0.00,18.92,20.00,0.00,19.00,AStar,
3035,19.87,AgentPrefab,Agent,MoveState,Moving,Goal,20.00,0.00,20.00,20.00,0.00,18.94,20.00,0.00,19.00,AStar,
3036,19.87,AgentPrefab,Agent,MoveState,Moving,Goal,20.00,0.00,20.00,20.00,0.00,19.00,20.00,0.00,20.00,AStar,
3037,19.88,AgentPrefab,Agent,MoveState,Moving,Goal,20.00,0.00,20.00,20.00,0.00,19.01,20.00,0.00,20.00,AStar,
3038,19.89,AgentPrefab,Agent,MoveState,Moving,Goal,20.00,0.00,20.00,20.00,0.00,19.02,20.00,0.00,20.00,AStar,
3039,19.90,AgentPrefab,Agent,MoveState,Moving,Goal,20.00,0.00,20.00,20.00,0.00,19.04,20.00,0.00,20.00,AStar,
3040,19.90,AgentPrefab,Agent,MoveState,Moving,Goal,20.00,0.00,20.00,20.00,0.00,19.05,20.00,0.00,20.00,AStar,
3041,19.91,AgentPrefab,Agent,MoveState,Moving,Goal,20.00,0.00,20.00,20.00,0.00,19.07,20.00,0.00,20.00,AStar,
3042,19.92,AgentPrefab,Agent,MoveState,Moving,Goal,20.00,0.00,20.00,20.00,0.00,19.08,20.00,0.00,20.00,AStar,
3043,19.92,AgentPrefab,Agent,MoveState,Moving,Goal,20.00,0.00,20.00,20.00,0.00,19.09,20.00,0.00,20.00,AStar,
3044,19.93,AgentPrefab,Agent,MoveState,Moving,Goal,20.00,0.00,20.00,20.00,0.00,19.11,20.00,0.00,20.00,AStar,
3045,19.94,AgentPrefab,Agent,MoveState,Moving,Goal,20.00,0.00,20.00,20.00,0.00,19.12,20.00,0.00,20.00,AStar,
3046,19.95,AgentPrefab,Agent,MoveState,Moving,Goal,20.00,0.00,20.00,20.00,0.00,19.13,20.00,0.00,20.00,AStar,
3047,19.96,AgentPrefab,Agent,MoveState,Moving,Goal,20.00,0.00,20.00,20.00,0.00,19.16,20.00,0.00,20.00,AStar,
3048,19.96,AgentPrefab,Agent,MoveState,Moving,Goal,20.00,0.00,20.00,20.00,0.00,19.17,20.00,0.00,20.00,AStar,
3049,19.97,AgentPrefab,Agent,MoveState,Moving,Goal,20.00,0.00,20.00,20.00,0.00,19.19,20.00,0.00,20.00,AStar,
3050,19.98,AgentPrefab,Agent,MoveState,Moving,Goal,20.00,0.00,20.00,20.00,0.00,19.20,20.00,0.00,20.00,AStar,
3051,19.98,AgentPrefab,Agent,MoveState,Moving,Goal,20.00,0.00,20.00,20.00,0.00,19.21,20.00,0.00,20.00,AStar,
3052,19.99,AgentPrefab,Agent,MoveState,Moving,Goal,20.00,0.00,20.00,20.00,0.00,19.23,20.00,0.00,20.00,AStar,
3053,20.00,AgentPrefab,Agent,MoveState,Moving,Goal,20.00,0.00,20.00,20.00,0.00,19.24,20.00,0.00,20.00,AStar,
3054,20.02,AgentPrefab,Agent,MoveState,Moving,Goal,20.00,0.00,20.00,20.00,0.00,19.26,20.00,0.00,20.00,AStar,
3055,20.02,AgentPrefab,Agent,MoveState,Moving,Goal,20.00,0.00,20.00,20.00,0.00,19.30,20.00,0.00,20.00,AStar,
3056,20.03,AgentPrefab,Agent,MoveState,Moving,Goal,20.00,0.00,20.00,20.00,0.00,19.31,20.00,0.00,20.00,AStar,
3057,20.04,AgentPrefab,Agent,MoveState,Moving,Goal,20.00,0.00,20.00,20.00,0.00,19.32,20.00,0.00,20.00,AStar,
3058,20.04,AgentPrefab,Agent,MoveState,Moving,Goal,20.00,0.00,20.00,20.00,0.00,19.34,20.00,0.00,20.00,AStar,
3059,20.05,AgentPrefab,Agent,MoveState,Moving,Goal,20.00,0.00,20.00,20.00,0.00,19.35,20.00,0.00,20.00,AStar,
3060,20.06,AgentPrefab,Agent,MoveState,Moving,Goal,20.00,0.00,20.00,20.00,0.00,19.36,20.00,0.00,20.00,AStar,
3061,20.06,AgentPrefab,Agent,MoveState,Moving,Goal,20.00,0.00,20.00,20.00,0.00,19.38,20.00,0.00,20.00,AStar,
3062,20.07,AgentPrefab,Agent,MoveState,Moving,Goal,20.00,0.00,20.00,20.00,0.00,19.39,20.00,0.00,20.00,AStar,
3063,20.08,AgentPrefab,Agent,MoveState,Moving,Goal,20.00,0.00,20.00,20.00,0.00,19.41,20.00,0.00,20.00,AStar,
3064,20.09,AgentPrefab,Agent,MoveState,Moving,Goal,20.00,0.00,20.00,20.00,0.00,19.42,20.00,0.00,20.00,AStar,
3065,20.09,AgentPrefab,Agent,MoveState,Moving,Goal,20.00,0.00,20.00,20.00,0.00,19.43,20.00,0.00,20.00,AStar,
3066,20.10,AgentPrefab,Agent,MoveState,Moving,Goal,20.00,0.00,20.00,20.00,0.00,19.45,20.00,0.00,20.00,AStar,
3067,20.11,AgentPrefab,Agent,MoveState,Moving,Goal,20.00,0.00,20.00,20.00,0.00,19.46,20.00,0.00,20.00,AStar,
3068,20.11,AgentPrefab,Agent,MoveState,Moving,Goal,20.00,0.00,20.00,20.00,0.00,19.48,20.00,0.00,20.00,AStar,
3069,20.12,AgentPrefab,Agent,MoveState,Moving,Goal,20.00,0.00,20.00,20.00,0.00,19.49,20.00,0.00,20.00,AStar,
3070,20.13,AgentPrefab,Agent,MoveState,Moving,Goal,20.00,0.00,20.00,20.00,0.00,19.50,20.00,0.00,20.00,AStar,
3071,20.13,AgentPrefab,Agent,MoveState,Moving,Goal,20.00,0.00,20.00,20.00,0.00,19.52,20.00,0.00,20.00,AStar,
3072,20.14,AgentPrefab,Agent,MoveState,Moving,Goal,20.00,0.00,20.00,20.00,0.00,19.53,20.00,0.00,20.00,AStar,
3073,20.15,AgentPrefab,Agent,MoveState,Moving,Goal,20.00,0.00,20.00,20.00,0.00,19.54,20.00,0.00,20.00,AStar,
3074,20.15,AgentPrefab,Agent,MoveState,Moving,Goal,20.00,0.00,20.00,20.00,0.00,19.56,20.00,0.00,20.00,AStar,
3075,20.16,AgentPrefab,Agent,MoveState,Moving,Goal,20.00,0.00,20.00,20.00,0.00,19.57,20.00,0.00,20.00,AStar,
3076,20.17,AgentPrefab,Agent,MoveState,Moving,Goal,20.00,0.00,20.00,20.00,0.00,19.59,20.00,0.00,20.00,AStar,
3077,20.18,AgentPrefab,Agent,MoveState,Moving,Goal,20.00,0.00,20.00,20.00,0.00,19.60,20.00,0.00,20.00,AStar,
3078,20.18,AgentPrefab,Agent,MoveState,Moving,Goal,20.00,0.00,20.00,20.00,0.00,19.61,20.00,0.00,20.00,AStar,
3079,20.19,AgentPrefab,Agent,MoveState,Moving,Goal,20.00,0.00,20.00,20.00,0.00,19.63,20.00,0.00,20.00,AStar,
3080,20.20,AgentPrefab,Agent,MoveState,Moving,Goal,20.00,0.00,20.00,20.00,0.00,19.64,20.00,0.00,20.00,AStar,
3081,20.20,AgentPrefab,Agent,MoveState,Moving,Goal,20.00,0.00,20.00,20.00,0.00,19.66,20.00,0.00,20.00,AStar,
3082,20.21,AgentPrefab,Agent,MoveState,Moving,Goal,20.00,0.00,20.00,20.00,0.00,19.67,20.00,0.00,20.00,AStar,
3083,20.22,AgentPrefab,Agent,MoveState,Moving,Goal,20.00,0.00,20.00,20.00,0.00,19.68,20.00,0.00,20.00,AStar,
3084,20.23,AgentPrefab,Agent,MoveState,Moving,Goal,20.00,0.00,20.00,20.00,0.00,19.70,20.00,0.00,20.00,AStar,
3085,20.24,AgentPrefab,Agent,MoveState,Moving,Goal,20.00,0.00,20.00,20.00,0.00,19.72,20.00,0.00,20.00,AStar,
3086,20.24,AgentPrefab,Agent,MoveState,Moving,Goal,20.00,0.00,20.00,20.00,0.00,19.73,20.00,0.00,20.00,AStar,
3087,20.25,AgentPrefab,Agent,MoveState,Moving,Goal,20.00,0.00,20.00,20.00,0.00,19.75,20.00,0.00,20.00,AStar,
3088,20.26,AgentPrefab,Agent,MoveState,Moving,Goal,20.00,0.00,20.00,20.00,0.00,19.77,20.00,0.00,20.00,AStar,
3089,20.27,AgentPrefab,Agent,MoveState,Moving,Goal,20.00,0.00,20.00,20.00,0.00,19.78,20.00,0.00,20.00,AStar,
3090,20.28,AgentPrefab,Agent,MoveState,Moving,Goal,20.00,0.00,20.00,20.00,0.00,19.80,20.00,0.00,20.00,AStar,
3091,20.28,AgentPrefab,Agent,MoveState,Moving,Goal,20.00,0.00,20.00,20.00,0.00,19.82,20.00,0.00,20.00,AStar,
3092,20.29,AgentPrefab,Agent,MoveState,Moving,Goal,20.00,0.00,20.00,20.00,0.00,19.83,20.00,0.00,20.00,AStar,
3093,20.30,AgentPrefab,Agent,MoveState,Moving,Goal,20.00,0.00,20.00,20.00,0.00,19.85,20.00,0.00,20.00,AStar,
3094,20.31,AgentPrefab,Agent,MoveState,Moving,Goal,20.00,0.00,20.00,20.00,0.00,19.86,20.00,0.00,20.00,AStar,
3095,20.31,AgentPrefab,Agent,MoveState,Moving,Goal,20.00,0.00,20.00,20.00,0.00,19.88,20.00,0.00,20.00,AStar,
3096,20.32,AgentPrefab,Agent,MoveState,Moving,Goal,20.00,0.00,20.00,20.00,0.00,19.89,20.00,0.00,20.00,AStar,
3097,20.33,AgentPrefab,Agent,MoveState,Moving,Goal,20.00,0.00,20.00,20.00,0.00,19.91,20.00,0.00,20.00,AStar,
3098,20.34,AgentPrefab,Agent,MoveState,Moving,Goal,20.00,0.00,20.00,20.00,0.00,19.92,20.00,0.00,20.00,AStar,
3099,20.34,AgentPrefab,Agent,MoveState,Moving,Goal,20.00,0.00,20.00,20.00,0.00,19.93,20.00,0.00,20.00,AStar,
3100,20.35,AgentPrefab,Agent,MoveState,Moving,Goal,20.00,0.00,20.00,20.00,0.00,19.95,20.00,0.00,20.00,AStar,
3101,20.36,AgentPrefab,Agent,MoveState,Moving,Goal,20.00,0.00,20.00,20.00,0.00,20.00,20.00,0.00,20.00,AStar,
3101,20.36,AIManager,Performance,Pathfinding,Executed,AStar,0.00,0.00,0.00,0.00,0.00,0.00,0.00,0.00,0.00,AStar,0.372
3101,20.36,AgentPrefab,Agent,MoveState,Moving,Goal,10.00,0.00,20.00,20.00,0.00,20.00,20.00,0.00,20.00,AStar,
3102,20.38,AgentPrefab,Agent,MoveState,Moving,Goal,10.00,0.00,20.00,20.00,0.00,20.00,20.00,0.00,20.00,AStar,
3103,20.38,AgentPrefab,Agent,MoveState,Moving,Goal,10.00,0.00,20.00,20.00,0.00,20.00,19.00,0.00,20.00,AStar,
3104,20.39,AgentPrefab,Agent,MoveState,Moving,Goal,10.00,0.00,20.00,19.99,0.00,20.00,19.00,0.00,20.00,AStar,
3105,20.40,AgentPrefab,Agent,MoveState,Moving,Goal,10.00,0.00,20.00,19.97,0.00,20.00,19.00,0.00,20.00,AStar,
3106,20.40,AgentPrefab,Agent,MoveState,Moving,Goal,10.00,0.00,20.00,19.96,0.00,20.00,19.00,0.00,20.00,AStar,
3107,20.41,AgentPrefab,Agent,MoveState,Moving,Goal,10.00,0.00,20.00,19.95,0.00,20.00,19.00,0.00,20.00,AStar,
3108,20.42,AgentPrefab,Agent,MoveState,Moving,Goal,10.00,0.00,20.00,19.93,0.00,20.00,19.00,0.00,20.00,AStar,
3109,20.42,AgentPrefab,Agent,MoveState,Moving,Goal,10.00,0.00,20.00,19.92,0.00,20.00,19.00,0.00,20.00,AStar,
3110,20.43,AgentPrefab,Agent,MoveState,Moving,Goal,10.00,0.00,20.00,19.90,0.00,20.00,19.00,0.00,20.00,AStar,
3111,20.44,AgentPrefab,Agent,MoveState,Moving,Goal,10.00,0.00,20.00,19.89,0.00,20.00,19.00,0.00,20.00,AStar,
3112,20.44,AgentPrefab,Agent,MoveState,Moving,Goal,10.00,0.00,20.00,19.88,0.00,20.00,19.00,0.00,20.00,AStar,
3113,20.45,AgentPrefab,Agent,MoveState,Moving,Goal,10.00,0.00,20.00,19.86,0.00,20.00,19.00,0.00,20.00,AStar,
3114,20.46,AgentPrefab,Agent,MoveState,Moving,Goal,10.00,0.00,20.00,19.85,0.00,20.00,19.00,0.00,20.00,AStar,
3115,20.47,AgentPrefab,Agent,MoveState,Moving,Goal,10.00,0.00,20.00,19.84,0.00,20.00,19.00,0.00,20.00,AStar,
3116,20.47,AgentPrefab,Agent,MoveState,Moving,Goal,10.00,0.00,20.00,19.82,0.00,20.00,19.00,0.00,20.00,AStar,
3117,20.48,AgentPrefab,Agent,MoveState,Moving,Goal,10.00,0.00,20.00,19.81,0.00,20.00,19.00,0.00,20.00,AStar,
3118,20.49,AgentPrefab,Agent,MoveState,Moving,Goal,10.00,0.00,20.00,19.79,0.00,20.00,19.00,0.00,20.00,AStar,
3119,20.50,AgentPrefab,Agent,MoveState,Moving,Goal,10.00,0.00,20.00,19.78,0.00,20.00,19.00,0.00,20.00,AStar,
3120,20.50,AgentPrefab,Agent,MoveState,Moving,Goal,10.00,0.00,20.00,19.76,0.00,20.00,19.00,0.00,20.00,AStar,
3121,20.51,AgentPrefab,Agent,MoveState,Moving,Goal,10.00,0.00,20.00,19.75,0.00,20.00,19.00,0.00,20.00,AStar,
3122,20.52,AgentPrefab,Agent,MoveState,Moving,Goal,10.00,0.00,20.00,19.73,0.00,20.00,19.00,0.00,20.00,AStar,
3123,20.52,AgentPrefab,Agent,MoveState,Moving,Goal,10.00,0.00,20.00,19.72,0.00,20.00,19.00,0.00,20.00,AStar,
3124,20.53,AgentPrefab,Agent,MoveState,Moving,Goal,10.00,0.00,20.00,19.71,0.00,20.00,19.00,0.00,20.00,AStar,
3125,20.54,AgentPrefab,Agent,MoveState,Moving,Goal,10.00,0.00,20.00,19.69,0.00,20.00,19.00,0.00,20.00,AStar,
3126,20.54,AgentPrefab,Agent,MoveState,Moving,Goal,10.00,0.00,20.00,19.68,0.00,20.00,19.00,0.00,20.00,AStar,
3127,20.55,AgentPrefab,Agent,MoveState,Moving,Goal,10.00,0.00,20.00,19.67,0.00,20.00,19.00,0.00,20.00,AStar,
3128,20.56,AgentPrefab,Agent,MoveState,Moving,Goal,10.00,0.00,20.00,19.65,0.00,20.00,19.00,0.00,20.00,AStar,
3129,20.56,AgentPrefab,Agent,MoveState,Moving,Goal,10.00,0.00,20.00,19.64,0.00,20.00,19.00,0.00,20.00,AStar,
3130,20.57,AgentPrefab,Agent,MoveState,Moving,Goal,10.00,0.00,20.00,19.62,0.00,20.00,19.00,0.00,20.00,AStar,
3131,20.58,AgentPrefab,Agent,MoveState,Moving,Goal,10.00,0.00,20.00,19.61,0.00,20.00,19.00,0.00,20.00,AStar,
3132,20.59,AgentPrefab,Agent,MoveState,Moving,Goal,10.00,0.00,20.00,19.60,0.00,20.00,19.00,0.00,20.00,AStar,
3133,20.59,AgentPrefab,Agent,MoveState,Moving,Goal,10.00,0.00,20.00,19.58,0.00,20.00,19.00,0.00,20.00,AStar,
3134,20.60,AgentPrefab,Agent,MoveState,Moving,Goal,10.00,0.00,20.00,19.57,0.00,20.00,19.00,0.00,20.00,AStar,
3135,20.61,AgentPrefab,Agent,MoveState,Moving,Goal,10.00,0.00,20.00,19.55,0.00,20.00,19.00,0.00,20.00,AStar,
3136,20.62,AgentPrefab,Agent,MoveState,Moving,Goal,10.00,0.00,20.00,19.54,0.00,20.00,19.00,0.00,20.00,AStar,
3137,20.64,AgentPrefab,Agent,MoveState,Moving,Goal,10.00,0.00,20.00,19.51,0.00,20.00,19.00,0.00,20.00,AStar,
3138,20.65,AgentPrefab,Agent,MoveState,Moving,Goal,10.00,0.00,20.00,19.48,0.00,20.00,19.00,0.00,20.00,AStar,
3139,20.67,AgentPrefab,Agent,MoveState,Moving,Goal,10.00,0.00,20.00,19.45,0.00,20.00,19.00,0.00,20.00,AStar,
3140,20.68,AgentPrefab,Agent,MoveState,Moving,Goal,10.00,0.00,20.00,19.42,0.00,20.00,19.00,0.00,20.00,AStar,
3141,20.70,AgentPrefab,Agent,MoveState,Moving,Goal,10.00,0.00,20.00,19.39,0.00,20.00,19.00,0.00,20.00,AStar,
3142,20.71,AgentPrefab,Agent,MoveState,Moving,Goal,10.00,0.00,20.00,19.36,0.00,20.00,19.00,0.00,20.00,AStar,
3143,20.73,AgentPrefab,Agent,MoveState,Moving,Goal,10.00,0.00,20.00,19.33,0.00,20.00,19.00,0.00,20.00,AStar,
3144,20.74,AgentPrefab,Agent,MoveState,Moving,Goal,10.00,0.00,20.00,19.30,0.00,20.00,19.00,0.00,20.00,AStar,
3145,20.76,AgentPrefab,Agent,MoveState,Moving,Goal,10.00,0.00,20.00,19.27,0.00,20.00,19.00,0.00,20.00,AStar,
3146,20.77,AgentPrefab,Agent,MoveState,Moving,Goal,10.00,0.00,20.00,19.24,0.00,20.00,19.00,0.00,20.00,AStar,
3147,20.79,AgentPrefab,Agent,MoveState,Moving,Goal,10.00,0.00,20.00,19.21,0.00,20.00,19.00,0.00,20.00,AStar,
3148,20.80,AgentPrefab,Agent,MoveState,Moving,Goal,10.00,0.00,20.00,19.18,0.00,20.00,19.00,0.00,20.00,AStar,
3149,20.82,AgentPrefab,Agent,MoveState,Moving,Goal,10.00,0.00,20.00,19.15,0.00,20.00,19.00,0.00,20.00,AStar,
3150,20.83,AgentPrefab,Agent,MoveState,Moving,Goal,10.00,0.00,20.00,19.12,0.00,20.00,19.00,0.00,20.00,AStar,
3151,20.85,AgentPrefab,Agent,MoveState,Moving,Goal,10.00,0.00,20.00,19.09,0.00,20.00,19.00,0.00,20.00,AStar,
3152,20.86,AgentPrefab,Agent,MoveState,Moving,Goal,10.00,0.00,20.00,19.06,0.00,20.00,19.00,0.00,20.00,AStar,
3153,20.86,AgentPrefab,Agent,MoveState,Moving,Goal,10.00,0.00,20.00,19.00,0.00,20.00,18.00,0.00,20.00,AStar,
3154,20.87,AgentPrefab,Agent,MoveState,Moving,Goal,10.00,0.00,20.00,18.99,0.00,20.00,18.00,0.00,20.00,AStar,
3155,20.88,AgentPrefab,Agent,MoveState,Moving,Goal,10.00,0.00,20.00,18.97,0.00,20.00,18.00,0.00,20.00,AStar,
3156,20.88,AgentPrefab,Agent,MoveState,Moving,Goal,10.00,0.00,20.00,18.96,0.00,20.00,18.00,0.00,20.00,AStar,
3157,20.89,AgentPrefab,Agent,MoveState,Moving,Goal,10.00,0.00,20.00,18.94,0.00,20.00,18.00,0.00,20.00,AStar,
3158,20.90,AgentPrefab,Agent,MoveState,Moving,Goal,10.00,0.00,20.00,18.93,0.00,20.00,18.00,0.00,20.00,AStar,
3159,20.90,AgentPrefab,Agent,MoveState,Moving,Goal,10.00,0.00,20.00,18.92,0.00,20.00,18.00,0.00,20.00,AStar,
3160,20.91,AgentPrefab,Agent,MoveState,Moving,Goal,10.00,0.00,20.00,18.90,0.00,20.00,18.00,0.00,20.00,AStar,
3161,20.92,AgentPrefab,Agent,MoveState,Moving,Goal,10.00,0.00,20.00,18.89,0.00,20.00,18.00,0.00,20.00,AStar,
3162,20.92,AgentPrefab,Agent,MoveState,Moving,Goal,10.00,0.00,20.00,18.88,0.00,20.00,18.00,0.00,20.00,AStar,
3163,20.93,AgentPrefab,Agent,MoveState,Moving,Goal,10.00,0.00,20.00,18.86,0.00,20.00,18.00,0.00,20.00,AStar,
3164,20.94,AgentPrefab,Agent,MoveState,Moving,Goal,10.00,0.00,20.00,18.85,0.00,20.00,18.00,0.00,20.00,AStar,
3165,20.95,AgentPrefab,Agent,MoveState,Moving,Goal,10.00,0.00,20.00,18.83,0.00,20.00,18.00,0.00,20.00,AStar,
3166,20.95,AgentPrefab,Agent,MoveState,Moving,Goal,10.00,0.00,20.00,18.82,0.00,20.00,18.00,0.00,20.00,AStar,
3167,20.96,AgentPrefab,Agent,MoveState,Moving,Goal,10.00,0.00,20.00,18.81,0.00,20.00,18.00,0.00,20.00,AStar,
3168,20.97,AgentPrefab,Agent,MoveState,Moving,Goal,10.00,0.00,20.00,18.79,0.00,20.00,18.00,0.00,20.00,AStar,
3169,20.97,AgentPrefab,Agent,MoveState,Moving,Goal,10.00,0.00,20.00,18.78,0.00,20.00,18.00,0.00,20.00,AStar,
3170,20.98,AgentPrefab,Agent,MoveState,Moving,Goal,10.00,0.00,20.00,18.77,0.00,20.00,18.00,0.00,20.00,AStar,
3171,20.99,AgentPrefab,Agent,MoveState,Moving,Goal,10.00,0.00,20.00,18.75,0.00,20.00,18.00,0.00,20.00,AStar,
3172,20.99,AgentPrefab,Agent,MoveState,Moving,Goal,10.00,0.00,20.00,18.74,0.00,20.00,18.00,0.00,20.00,AStar,
3173,21.00,AgentPrefab,Agent,MoveState,Moving,Goal,10.00,0.00,20.00,18.72,0.00,20.00,18.00,0.00,20.00,AStar,
3174,21.01,AgentPrefab,Agent,MoveState,Moving,Goal,10.00,0.00,20.00,18.71,0.00,20.00,18.00,0.00,20.00,AStar,
3175,21.02,AgentPrefab,Agent,MoveState,Moving,Goal,10.00,0.00,20.00,18.70,0.00,20.00,18.00,0.00,20.00,AStar,
3176,21.02,AgentPrefab,Agent,MoveState,Moving,Goal,10.00,0.00,20.00,18.68,0.00,20.00,18.00,0.00,20.00,AStar,
3177,21.03,AgentPrefab,Agent,MoveState,Moving,Goal,10.00,0.00,20.00,18.67,0.00,20.00,18.00,0.00,20.00,AStar,
3178,21.04,AgentPrefab,Agent,MoveState,Moving,Goal,10.00,0.00,20.00,18.66,0.00,20.00,18.00,0.00,20.00,AStar,
3179,21.04,AgentPrefab,Agent,MoveState,Moving,Goal,10.00,0.00,20.00,18.64,0.00,20.00,18.00,0.00,20.00,AStar,
3180,21.05,AgentPrefab,Agent,MoveState,Moving,Goal,10.00,0.00,20.00,18.63,0.00,20.00,18.00,0.00,20.00,AStar,
3181,21.06,AgentPrefab,Agent,MoveState,Moving,Goal,10.00,0.00,20.00,18.61,0.00,20.00,18.00,0.00,20.00,AStar,
3182,21.06,AgentPrefab,Agent,MoveState,Moving,Goal,10.00,0.00,20.00,18.60,0.00,20.00,18.00,0.00,20.00,AStar,
3183,21.07,AgentPrefab,Agent,MoveState,Moving,Goal,10.00,0.00,20.00,18.59,0.00,20.00,18.00,0.00,20.00,AStar,
3184,21.08,AgentPrefab,Agent,MoveState,Moving,Goal,10.00,0.00,20.00,18.57,0.00,20.00,18.00,0.00,20.00,AStar,
3185,21.08,AgentPrefab,Agent,MoveState,Moving,Goal,10.00,0.00,20.00,18.56,0.00,20.00,18.00,0.00,20.00,AStar,
3186,21.09,AgentPrefab,Agent,MoveState,Moving,Goal,10.00,0.00,20.00,18.54,0.00,20.00,18.00,0.00,20.00,AStar,
3187,21.10,AgentPrefab,Agent,MoveState,Moving,Goal,10.00,0.00,20.00,18.53,0.00,20.00,18.00,0.00,20.00,AStar,
3188,21.10,AgentPrefab,Agent,MoveState,Moving,Goal,10.00,0.00,20.00,18.51,0.00,20.00,18.00,0.00,20.00,AStar,
3189,21.11,AgentPrefab,Agent,MoveState,Moving,Goal,10.00,0.00,20.00,18.50,0.00,20.00,18.00,0.00,20.00,AStar,
3190,21.12,AgentPrefab,Agent,MoveState,Moving,Goal,10.00,0.00,20.00,18.49,0.00,20.00,18.00,0.00,20.00,AStar,
3191,21.13,AgentPrefab,Agent,MoveState,Moving,Goal,10.00,0.00,20.00,18.48,0.00,20.00,18.00,0.00,20.00,AStar,
3192,21.13,AgentPrefab,Agent,MoveState,Moving,Goal,10.00,0.00,20.00,18.46,0.00,20.00,18.00,0.00,20.00,AStar,
3193,21.14,AgentPrefab,Agent,MoveState,Moving,Goal,10.00,0.00,20.00,18.45,0.00,20.00,18.00,0.00,20.00,AStar,
3194,21.15,AgentPrefab,Agent,MoveState,Moving,Goal,10.00,0.00,20.00,18.43,0.00,20.00,18.00,0.00,20.00,AStar,
3195,21.15,AgentPrefab,Agent,MoveState,Moving,Goal,10.00,0.00,20.00,18.42,0.00,20.00,18.00,0.00,20.00,AStar,
3196,21.16,AgentPrefab,Agent,MoveState,Moving,Goal,10.00,0.00,20.00,18.41,0.00,20.00,18.00,0.00,20.00,AStar,
3197,21.17,AgentPrefab,Agent,MoveState,Moving,Goal,10.00,0.00,20.00,18.39,0.00,20.00,18.00,0.00,20.00,AStar,
3198,21.17,AgentPrefab,Agent,MoveState,Moving,Goal,10.00,0.00,20.00,18.38,0.00,20.00,18.00,0.00,20.00,AStar,
3199,21.18,AgentPrefab,Agent,MoveState,Moving,Goal,10.00,0.00,20.00,18.37,0.00,20.00,18.00,0.00,20.00,AStar,
3200,21.19,AgentPrefab,Agent,MoveState,Moving,Goal,10.00,0.00,20.00,18.35,0.00,20.00,18.00,0.00,20.00,AStar,
3201,21.19,AgentPrefab,Agent,MoveState,Moving,Goal,10.00,0.00,20.00,18.34,0.00,20.00,18.00,0.00,20.00,AStar,
3202,21.20,AgentPrefab,Agent,MoveState,Moving,Goal,10.00,0.00,20.00,18.32,0.00,20.00,18.00,0.00,20.00,AStar,
3203,21.21,AgentPrefab,Agent,MoveState,Moving,Goal,10.00,0.00,20.00,18.31,0.00,20.00,18.00,0.00,20.00,AStar,
3204,21.22,AgentPrefab,Agent,MoveState,Moving,Goal,10.00,0.00,20.00,18.30,0.00,20.00,18.00,0.00,20.00,AStar,
3205,21.22,AgentPrefab,Agent,MoveState,Moving,Goal,10.00,0.00,20.00,18.28,0.00,20.00,18.00,0.00,20.00,AStar,
3206,21.23,AgentPrefab,Agent,MoveState,Moving,Goal,10.00,0.00,20.00,18.27,0.00,20.00,18.00,0.00,20.00,AStar,
3207,21.24,AgentPrefab,Agent,MoveState,Moving,Goal,10.00,0.00,20.00,18.25,0.00,20.00,18.00,0.00,20.00,AStar,
3208,21.24,AgentPrefab,Agent,MoveState,Moving,Goal,10.00,0.00,20.00,18.24,0.00,20.00,18.00,0.00,20.00,AStar,
3209,21.25,AgentPrefab,Agent,MoveState,Moving,Goal,10.00,0.00,20.00,18.23,0.00,20.00,18.00,0.00,20.00,AStar,
3210,21.26,AgentPrefab,Agent,MoveState,Moving,Goal,10.00,0.00,20.00,18.21,0.00,20.00,18.00,0.00,20.00,AStar,
3211,21.26,AgentPrefab,Agent,MoveState,Moving,Goal,10.00,0.00,20.00,18.20,0.00,20.00,18.00,0.00,20.00,AStar,
3212,21.27,AgentPrefab,Agent,MoveState,Moving,Goal,10.00,0.00,20.00,18.18,0.00,20.00,18.00,0.00,20.00,AStar,
3213,21.28,AgentPrefab,Agent,MoveState,Moving,Goal,10.00,0.00,20.00,18.17,0.00,20.00,18.00,0.00,20.00,AStar,
3214,21.28,AgentPrefab,Agent,MoveState,Moving,Goal,10.00,0.00,20.00,18.16,0.00,20.00,18.00,0.00,20.00,AStar,
3215,21.29,AgentPrefab,Agent,MoveState,Moving,Goal,10.00,0.00,20.00,18.14,0.00,20.00,18.00,0.00,20.00,AStar,
3216,21.30,AgentPrefab,Agent,MoveState,Moving,Goal,10.00,0.00,20.00,18.13,0.00,20.00,18.00,0.00,20.00,AStar,
3217,21.31,AgentPrefab,Agent,MoveState,Moving,Goal,10.00,0.00,20.00,18.11,0.00,20.00,18.00,0.00,20.00,AStar,
3218,21.31,AgentPrefab,Agent,MoveState,Moving,Goal,10.00,0.00,20.00,18.10,0.00,20.00,18.00,0.00,20.00,AStar,
3219,21.32,AgentPrefab,Agent,MoveState,Moving,Goal,10.00,0.00,20.00,18.09,0.00,20.00,18.00,0.00,20.00,AStar,
3220,21.33,AgentPrefab,Agent,MoveState,Moving,Goal,10.00,0.00,20.00,18.07,0.00,20.00,18.00,0.00,20.00,AStar,
3221,21.33,AgentPrefab,Agent,MoveState,Moving,Goal,10.00,0.00,20.00,18.06,0.00,20.00,18.00,0.00,20.00,AStar,
3222,21.34,AgentPrefab,Agent,MoveState,Moving,Goal,10.00,0.00,20.00,18.00,0.00,20.00,17.00,0.00,20.00,AStar,
3223,21.35,AgentPrefab,Agent,MoveState,Moving,Goal,10.00,0.00,20.00,17.99,0.00,20.00,17.00,0.00,20.00,AStar,
3224,21.35,AgentPrefab,Agent,MoveState,Moving,Goal,10.00,0.00,20.00,17.97,0.00,20.00,17.00,0.00,20.00,AStar,
3225,21.36,AgentPrefab,Agent,MoveState,Moving,Goal,10.00,0.00,20.00,17.96,0.00,20.00,17.00,0.00,20.00,AStar,
3226,21.37,AgentPrefab,Agent,MoveState,Moving,Goal,10.00,0.00,20.00,17.95,0.00,20.00,17.00,0.00,20.00,AStar,
3227,21.37,AgentPrefab,Agent,MoveState,Moving,Goal,10.00,0.00,20.00,17.93,0.00,20.00,17.00,0.00,20.00,AStar,
3228,21.38,AgentPrefab,Agent,MoveState,Moving,Goal,10.00,0.00,20.00,17.92,0.00,20.00,17.00,0.00,20.00,AStar,
3229,21.39,AgentPrefab,Agent,MoveState,Moving,Goal,10.00,0.00,20.00,17.90,0.00,20.00,17.00,0.00,20.00,AStar,
3230,21.39,AgentPrefab,Agent,MoveState,Moving,Goal,10.00,0.00,20.00,17.89,0.00,20.00,17.00,0.00,20.00,AStar,
3231,21.41,AgentPrefab,Agent,MoveState,Moving,Goal,10.00,0.00,20.00,17.88,0.00,20.00,17.00,0.00,20.00,AStar,
3232,21.42,AgentPrefab,Agent,MoveState,Moving,Goal,10.00,0.00,20.00,17.84,0.00,20.00,17.00,0.00,20.00,AStar,
3233,21.43,AgentPrefab,Agent,MoveState,Moving,Goal,10.00,0.00,20.00,17.83,0.00,20.00,17.00,0.00,20.00,AStar,
3234,21.43,AgentPrefab,Agent,MoveState,Moving,Goal,10.00,0.00,20.00,17.81,0.00,20.00,17.00,0.00,20.00,AStar,
3235,21.44,AgentPrefab,Agent,MoveState,Moving,Goal,10.00,0.00,20.00,17.80,0.00,20.00,17.00,0.00,20.00,AStar,
3236,21.45,AgentPrefab,Agent,MoveState,Moving,Goal,10.00,0.00,20.00,17.79,0.00,20.00,17.00,0.00,20.00,AStar,
3237,21.45,AgentPrefab,Agent,MoveState,Moving,Goal,10.00,0.00,20.00,17.77,0.00,20.00,17.00,0.00,20.00,AStar,
3238,21.46,AgentPrefab,Agent,MoveState,Moving,Goal,10.00,0.00,20.00,17.76,0.00,20.00,17.00,0.00,20.00,AStar,
3239,21.47,AgentPrefab,Agent,MoveState,Moving,Goal,10.00,0.00,20.00,17.74,0.00,20.00,17.00,0.00,20.00,AStar,
3240,21.48,AgentPrefab,Agent,MoveState,Moving,Goal,10.00,0.00,20.00,17.73,0.00,20.00,17.00,0.00,20.00,AStar,
3241,21.48,AgentPrefab,Agent,MoveState,Moving,Goal,10.00,0.00,20.00,17.72,0.00,20.00,17.00,0.00,20.00,AStar,
3242,21.49,AgentPrefab,Agent,MoveState,Moving,Goal,10.00,0.00,20.00,17.70,0.00,20.00,17.00,0.00,20.00,AStar,
3243,21.50,AgentPrefab,Agent,MoveState,Moving,Goal,10.00,0.00,20.00,17.69,0.00,20.00,17.00,0.00,20.00,AStar,
3244,21.50,AgentPrefab,Agent,MoveState,Moving,Goal,10.00,0.00,20.00,17.67,0.00,20.00,17.00,0.00,20.00,AStar,
3245,21.51,AgentPrefab,Agent,MoveState,Moving,Goal,10.00,0.00,20.00,17.66,0.00,20.00,17.00,0.00,20.00,AStar,
3246,21.52,AgentPrefab,Agent,MoveState,Moving,Goal,10.00,0.00,20.00,17.65,0.00,20.00,17.00,0.00,20.00,AStar,
3247,21.52,AgentPrefab,Agent,MoveState,Moving,Goal,10.00,0.00,20.00,17.63,0.00,20.00,17.00,0.00,20.00,AStar,
3248,21.53,AgentPrefab,Agent,MoveState,Moving,Goal,10.00,0.00,20.00,17.62,0.00,20.00,17.00,0.00,20.00,AStar,
3249,21.54,AgentPrefab,Agent,MoveState,Moving,Goal,10.00,0.00,20.00,17.61,0.00,20.00,17.00,0.00,20.00,AStar,
3250,21.54,AgentPrefab,Agent,MoveState,Moving,Goal,10.00,0.00,20.00,17.59,0.00,20.00,17.00,0.00,20.00,AStar,
3251,21.55,AgentPrefab,Agent,MoveState,Moving,Goal,10.00,0.00,20.00,17.58,0.00,20.00,17.00,0.00,20.00,AStar,
3252,21.56,AgentPrefab,Agent,MoveState,Moving,Goal,10.00,0.00,20.00,17.56,0.00,20.00,17.00,0.00,20.00,AStar,
3253,21.56,AgentPrefab,Agent,MoveState,Moving,Goal,10.00,0.00,20.00,17.55,0.00,20.00,17.00,0.00,20.00,AStar,
3254,21.57,AgentPrefab,Agent,MoveState,Moving,Goal,10.00,0.00,20.00,17.54,0.00,20.00,17.00,0.00,20.00,AStar,
3255,21.58,AgentPrefab,Agent,MoveState,Moving,Goal,10.00,0.00,20.00,17.52,0.00,20.00,17.00,0.00,20.00,AStar,
3256,21.59,AgentPrefab,Agent,MoveState,Moving,Goal,10.00,0.00,20.00,17.51,0.00,20.00,17.00,0.00,20.00,AStar,
3257,21.59,AgentPrefab,Agent,MoveState,Moving,Goal,10.00,0.00,20.00,17.50,0.00,20.00,17.00,0.00,20.00,AStar,
3258,21.60,AgentPrefab,Agent,MoveState,Moving,Goal,10.00,0.00,20.00,17.48,0.00,20.00,17.00,0.00,20.00,AStar,
3259,21.61,AgentPrefab,Agent,MoveState,Moving,Goal,10.00,0.00,20.00,17.47,0.00,20.00,17.00,0.00,20.00,AStar,
3260,21.61,AgentPrefab,Agent,MoveState,Moving,Goal,10.00,0.00,20.00,17.45,0.00,20.00,17.00,0.00,20.00,AStar,
3261,21.62,AgentPrefab,Agent,MoveState,Moving,Goal,10.00,0.00,20.00,17.44,0.00,20.00,17.00,0.00,20.00,AStar,
3262,21.63,AgentPrefab,Agent,MoveState,Moving,Goal,10.00,0.00,20.00,17.43,0.00,20.00,17.00,0.00,20.00,AStar,
3263,21.63,AgentPrefab,Agent,MoveState,Moving,Goal,10.00,0.00,20.00,17.41,0.00,20.00,17.00,0.00,20.00,AStar,
3264,21.64,AgentPrefab,Agent,MoveState,Moving,Goal,10.00,0.00,20.00,17.40,0.00,20.00,17.00,0.00,20.00,AStar,
3265,21.65,AgentPrefab,Agent,MoveState,Moving,Goal,10.00,0.00,20.00,17.39,0.00,20.00,17.00,0.00,20.00,AStar,
3266,21.65,AgentPrefab,Agent,MoveState,Moving,Goal,10.00,0.00,20.00,17.37,0.00,20.00,17.00,0.00,20.00,AStar,
3267,21.66,AgentPrefab,Agent,MoveState,Moving,Goal,10.00,0.00,20.00,17.36,0.00,20.00,17.00,0.00,20.00,AStar,
3268,21.67,AgentPrefab,Agent,MoveState,Moving,Goal,10.00,0.00,20.00,17.34,0.00,20.00,17.00,0.00,20.00,AStar,
3269,21.68,AgentPrefab,Agent,MoveState,Moving,Goal,10.00,0.00,20.00,17.33,0.00,20.00,17.00,0.00,20.00,AStar,
3270,21.68,AgentPrefab,Agent,MoveState,Moving,Goal,10.00,0.00,20.00,17.32,0.00,20.00,17.00,0.00,20.00,AStar,
3271,21.69,AgentPrefab,Agent,MoveState,Moving,Goal,10.00,0.00,20.00,17.30,0.00,20.00,17.00,0.00,20.00,AStar,
3272,21.70,AgentPrefab,Agent,MoveState,Moving,Goal,10.00,0.00,20.00,17.29,0.00,20.00,17.00,0.00,20.00,AStar,
3273,21.70,AgentPrefab,Agent,MoveState,Moving,Goal,10.00,0.00,20.00,17.27,0.00,20.00,17.00,0.00,20.00,AStar,
3274,21.71,AgentPrefab,Agent,MoveState,Moving,Goal,10.00,0.00,20.00,17.26,0.00,20.00,17.00,0.00,20.00,AStar,
3275,21.72,AgentPrefab,Agent,MoveState,Moving,Goal,10.00,0.00,20.00,17.24,0.00,20.00,17.00,0.00,20.00,AStar,
3276,21.72,AgentPrefab,Agent,MoveState,Moving,Goal,10.00,0.00,20.00,17.23,0.00,20.00,17.00,0.00,20.00,AStar,
3277,21.73,AgentPrefab,Agent,MoveState,Moving,Goal,10.00,0.00,20.00,17.22,0.00,20.00,17.00,0.00,20.00,AStar,
3278,21.74,AgentPrefab,Agent,MoveState,Moving,Goal,10.00,0.00,20.00,17.20,0.00,20.00,17.00,0.00,20.00,AStar,
3279,21.74,AgentPrefab,Agent,MoveState,Moving,Goal,10.00,0.00,20.00,17.19,0.00,20.00,17.00,0.00,20.00,AStar,
3280,21.75,AgentPrefab,Agent,MoveState,Moving,Goal,10.00,0.00,20.00,17.18,0.00,20.00,17.00,0.00,20.00,AStar,
3281,21.76,AgentPrefab,Agent,MoveState,Moving,Goal,10.00,0.00,20.00,17.16,0.00,20.00,17.00,0.00,20.00,AStar,
3282,21.77,AgentPrefab,Agent,MoveState,Moving,Goal,10.00,0.00,20.00,17.15,0.00,20.00,17.00,0.00,20.00,AStar,
3283,21.77,AgentPrefab,Agent,MoveState,Moving,Goal,10.00,0.00,20.00,17.14,0.00,20.00,17.00,0.00,20.00,AStar,
3284,21.78,AgentPrefab,Agent,MoveState,Moving,Goal,10.00,0.00,20.00,17.12,0.00,20.00,17.00,0.00,20.00,AStar,
3285,21.79,AgentPrefab,Agent,MoveState,Moving,Goal,10.00,0.00,20.00,17.11,0.00,20.00,17.00,0.00,20.00,AStar,
3286,21.79,AgentPrefab,Agent,MoveState,Moving,Goal,10.00,0.00,20.00,17.09,0.00,20.00,17.00,0.00,20.00,AStar,
3287,21.80,AgentPrefab,Agent,MoveState,Moving,Goal,10.00,0.00,20.00,17.08,0.00,20.00,17.00,0.00,20.00,AStar,
3288,21.81,AgentPrefab,Agent,MoveState,Moving,Goal,10.00,0.00,20.00,17.07,0.00,20.00,17.00,0.00,20.00,AStar,
3289,21.81,AgentPrefab,Agent,MoveState,Moving,Goal,10.00,0.00,20.00,17.05,0.00,20.00,17.00,0.00,20.00,AStar,
3290,21.82,AgentPrefab,Agent,MoveState,Moving,Goal,10.00,0.00,20.00,17.00,0.00,20.00,16.00,0.00,20.00,AStar,
3291,21.83,AgentPrefab,Agent,MoveState,Moving,Goal,10.00,0.00,20.00,16.99,0.00,20.00,16.00,0.00,20.00,AStar,
3292,21.83,AgentPrefab,Agent,MoveState,Moving,Goal,10.00,0.00,20.00,16.97,0.00,20.00,16.00,0.00,20.00,AStar,
3293,21.84,AgentPrefab,Agent,MoveState,Moving,Goal,10.00,0.00,20.00,16.96,0.00,20.00,16.00,0.00,20.00,AStar,
3294,21.85,AgentPrefab,Agent,MoveState,Moving,Goal,10.00,0.00,20.00,16.95,0.00,20.00,16.00,0.00,20.00,AStar,
3295,21.86,AgentPrefab,Agent,MoveState,Moving,Goal,10.00,0.00,20.00,16.95,0.00,20.00,16.00,0.00,20.00,AStar,
3296,21.86,AgentPrefab,Agent,MoveState,Moving,Goal,10.00,0.00,20.00,16.95,0.00,20.00,16.00,0.00,20.00,AStar,
3297,21.87,AgentPrefab,Agent,MoveState,Moving,Goal,10.00,0.00,20.00,16.95,0.00,20.00,16.00,0.00,20.00,AStar,
3298,21.88,AgentPrefab,Agent,MoveState,Moving,Goal,10.00,0.00,20.00,16.95,0.00,20.00,16.00,0.00,20.00,AStar,
3299,21.88,AgentPrefab,Agent,MoveState,Moving,Goal,10.00,0.00,20.00,16.95,0.00,20.00,16.00,0.00,20.00,AStar,
3300,21.89,AgentPrefab,Agent,MoveState,Moving,Goal,10.00,0.00,20.00,16.95,0.00,20.00,16.00,0.00,20.00,AStar,
3301,21.90,AgentPrefab,Agent,MoveState,Moving,Goal,10.00,0.00,20.00,16.95,0.00,20.00,16.00,0.00,20.00,AStar,
3302,21.90,AgentPrefab,Agent,MoveState,Moving,Goal,10.00,0.00,20.00,16.95,0.00,20.00,16.00,0.00,20.00,AStar,
3303,21.91,AgentPrefab,Agent,MoveState,Moving,Goal,10.00,0.00,20.00,16.95,0.00,20.00,16.00,0.00,20.00,AStar,
3304,21.92,AgentPrefab,Agent,MoveState,Moving,Goal,10.00,0.00,20.00,16.95,0.00,20.00,16.00,0.00,20.00,AStar,
3305,21.92,AgentPrefab,Agent,MoveState,Moving,Goal,10.00,0.00,20.00,16.95,0.00,20.00,16.00,0.00,20.00,AStar,
3306,21.93,AgentPrefab,Agent,MoveState,Moving,Goal,10.00,0.00,20.00,16.95,0.00,20.00,16.00,0.00,20.00,AStar,
3307,21.94,AgentPrefab,Agent,MoveState,Moving,Goal,10.00,0.00,20.00,16.95,0.00,20.00,16.00,0.00,20.00,AStar,
3308,21.95,AgentPrefab,Agent,MoveState,Moving,Goal,10.00,0.00,20.00,16.95,0.00,20.00,16.00,0.00,20.00,AStar,
3309,21.95,AgentPrefab,Agent,MoveState,Moving,Goal,10.00,0.00,20.00,16.95,0.00,20.00,16.00,0.00,20.00,AStar,
3310,21.97,AgentPrefab,Agent,MoveState,Moving,Goal,10.00,0.00,20.00,16.95,0.00,20.00,16.00,0.00,20.00,AStar,
3311,21.98,AgentPrefab,Agent,MoveState,Moving,Goal,10.00,0.00,20.00,16.95,0.00,20.00,16.00,0.00,20.00,AStar,
3312,21.98,AgentPrefab,Agent,MoveState,Moving,Goal,10.00,0.00,20.00,16.95,0.00,20.00,16.00,0.00,20.00,AStar,
3313,21.99,AgentPrefab,Agent,MoveState,Moving,Goal,10.00,0.00,20.00,16.95,0.00,20.00,16.00,0.00,20.00,AStar,
3314,22.00,AgentPrefab,Agent,MoveState,Moving,Goal,10.00,0.00,20.00,16.95,0.00,20.00,16.00,0.00,20.00,AStar,
3315,22.00,AgentPrefab,Agent,MoveState,Moving,Goal,10.00,0.00,20.00,16.95,0.00,20.00,16.00,0.00,20.00,AStar,
3316,22.01,AgentPrefab,Agent,MoveState,Moving,Goal,10.00,0.00,20.00,16.95,0.00,20.00,16.00,0.00,20.00,AStar,
3317,22.02,AgentPrefab,Agent,MoveState,Moving,Goal,10.00,0.00,20.00,16.95,0.00,20.00,16.00,0.00,20.00,AStar,
3318,22.03,AgentPrefab,Agent,MoveState,Moving,Goal,10.00,0.00,20.00,16.95,0.00,20.00,16.00,0.00,20.00,AStar,
3319,22.03,AgentPrefab,Agent,MoveState,Moving,Goal,10.00,0.00,20.00,16.95,0.00,20.00,16.00,0.00,20.00,AStar,
3320,22.04,AgentPrefab,Agent,MoveState,Moving,Goal,10.00,0.00,20.00,16.95,0.00,20.00,16.00,0.00,20.00,AStar,
3321,22.05,AgentPrefab,Agent,MoveState,Moving,Goal,10.00,0.00,20.00,16.95,0.00,20.00,16.00,0.00,20.00,AStar,
3322,22.05,AgentPrefab,Agent,MoveState,Moving,Goal,10.00,0.00,20.00,16.93,0.00,20.00,16.00,0.00,20.00,AStar,
3323,22.06,AgentPrefab,Agent,MoveState,Moving,Goal,10.00,0.00,20.00,16.92,0.00,20.00,16.00,0.00,20.00,AStar,
3324,22.07,AgentPrefab,Agent,MoveState,Moving,Goal,10.00,0.00,20.00,16.90,0.00,20.00,16.00,0.00,20.00,AStar,
3325,22.07,AgentPrefab,Agent,MoveState,Moving,Goal,10.00,0.00,20.00,16.89,0.00,20.00,16.00,0.00,20.00,AStar,
3326,22.08,AgentPrefab,Agent,MoveState,Moving,Goal,10.00,0.00,20.00,16.88,0.00,20.00,16.00,0.00,20.00,AStar,
3327,22.09,AgentPrefab,Agent,MoveState,Moving,Goal,10.00,0.00,20.00,16.86,0.00,20.00,16.00,0.00,20.00,AStar,
3328,22.09,AgentPrefab,Agent,MoveState,Moving,Goal,10.00,0.00,20.00,16.85,0.00,20.00,16.00,0.00,20.00,AStar,
3329,22.10,AgentPrefab,Agent,MoveState,Moving,Goal,10.00,0.00,20.00,16.84,0.00,20.00,16.00,0.00,20.00,AStar,
3330,22.11,AgentPrefab,Agent,MoveState,Moving,Goal,10.00,0.00,20.00,16.82,0.00,20.00,16.00,0.00,20.00,AStar,
3331,22.12,AgentPrefab,Agent,MoveState,Moving,Goal,10.00,0.00,20.00,16.81,0.00,20.00,16.00,0.00,20.00,AStar,
3332,22.12,AgentPrefab,Agent,MoveState,Moving,Goal,10.00,0.00,20.00,16.79,0.00,20.00,16.00,0.00,20.00,AStar,
3333,22.13,AgentPrefab,Agent,MoveState,Moving,Goal,10.00,0.00,20.00,16.78,0.00,20.00,16.00,0.00,20.00,AStar,
3334,22.14,AgentPrefab,Agent,MoveState,Moving,Goal,10.00,0.00,20.00,16.77,0.00,20.00,16.00,0.00,20.00,AStar,
3335,22.14,AgentPrefab,Agent,MoveState,Moving,Goal,10.00,0.00,20.00,16.75,0.00,20.00,16.00,0.00,20.00,AStar,
3336,22.15,AgentPrefab,Agent,MoveState,Moving,Goal,10.00,0.00,20.00,16.74,0.00,20.00,16.00,0.00,20.00,AStar,
3337,22.16,AgentPrefab,Agent,MoveState,Moving,Goal,10.00,0.00,20.00,16.72,0.00,20.00,16.00,0.00,20.00,AStar,
3338,22.16,AgentPrefab,Agent,MoveState,Moving,Goal,10.00,0.00,20.00,16.71,0.00,20.00,16.00,0.00,20.00,AStar,
3339,22.17,AgentPrefab,Agent,MoveState,Moving,Goal,10.00,0.00,20.00,16.70,0.00,20.00,16.00,0.00,20.00,AStar,
3340,22.18,AgentPrefab,Agent,MoveState,Moving,Goal,10.00,0.00,20.00,16.68,0.00,20.00,16.00,0.00,20.00,AStar,
3341,22.18,AgentPrefab,Agent,MoveState,Moving,Goal,10.00,0.00,20.00,16.67,0.00,20.00,16.00,0.00,20.00,AStar,
3342,22.19,AgentPrefab,Agent,MoveState,Moving,Goal,10.00,0.00,20.00,16.65,0.00,20.00,16.00,0.00,20.00,AStar,
3343,22.20,AgentPrefab,Agent,MoveState,Moving,Goal,10.00,0.00,20.00,16.64,0.00,20.00,16.00,0.00,20.00,AStar,
3344,22.21,AgentPrefab,Agent,MoveState,Moving,Goal,10.00,0.00,20.00,16.63,0.00,20.00,16.00,0.00,20.00,AStar,
3345,22.21,AgentPrefab,Agent,MoveState,Moving,Goal,10.00,0.00,20.00,16.61,0.00,20.00,16.00,0.00,20.00,AStar,
3346,22.22,AgentPrefab,Agent,MoveState,Moving,Goal,10.00,0.00,20.00,16.60,0.00,20.00,16.00,0.00,20.00,AStar,
3347,22.23,AgentPrefab,Agent,MoveState,Moving,Goal,10.00,0.00,20.00,16.59,0.00,20.00,16.00,0.00,20.00,AStar,
3348,22.23,AgentPrefab,Agent,MoveState,Moving,Goal,10.00,0.00,20.00,16.57,0.00,20.00,16.00,0.00,20.00,AStar,
3349,22.24,AgentPrefab,Agent,MoveState,Moving,Goal,10.00,0.00,20.00,16.56,0.00,20.00,16.00,0.00,20.00,AStar,
3350,22.25,AgentPrefab,Agent,MoveState,Moving,Goal,10.00,0.00,20.00,16.54,0.00,20.00,16.00,0.00,20.00,AStar,
3351,22.25,AgentPrefab,Agent,MoveState,Moving,Goal,10.00,0.00,20.00,16.53,0.00,20.00,16.00,0.00,20.00,AStar,
3352,22.26,AgentPrefab,Agent,MoveState,Moving,Goal,10.00,0.00,20.00,16.52,0.00,20.00,16.00,0.00,20.00,AStar,
3353,22.27,AgentPrefab,Agent,MoveState,Moving,Goal,10.00,0.00,20.00,16.50,0.00,20.00,16.00,0.00,20.00,AStar,
3354,22.27,AgentPrefab,Agent,MoveState,Moving,Goal,10.00,0.00,20.00,16.49,0.00,20.00,16.00,0.00,20.00,AStar,
3355,22.28,AgentPrefab,Agent,MoveState,Moving,Goal,10.00,0.00,20.00,16.47,0.00,20.00,16.00,0.00,20.00,AStar,
3356,22.29,AgentPrefab,Agent,MoveState,Moving,Goal,10.00,0.00,20.00,16.46,0.00,20.00,16.00,0.00,20.00,AStar,
3357,22.30,AgentPrefab,Agent,MoveState,Moving,Goal,10.00,0.00,20.00,16.45,0.00,20.00,16.00,0.00,20.00,AStar,
3358,22.30,AgentPrefab,Agent,MoveState,Moving,Goal,10.00,0.00,20.00,16.43,0.00,20.00,16.00,0.00,20.00,AStar,
3359,22.31,AgentPrefab,Agent,MoveState,Moving,Goal,10.00,0.00,20.00,16.42,0.00,20.00,16.00,0.00,20.00,AStar,
3360,22.32,AgentPrefab,Agent,MoveState,Moving,Goal,10.00,0.00,20.00,16.41,0.00,20.00,16.00,0.00,20.00,AStar,
3361,22.32,AgentPrefab,Agent,MoveState,Moving,Goal,10.00,0.00,20.00,16.39,0.00,20.00,16.00,0.00,20.00,AStar,
3362,22.33,AgentPrefab,Agent,MoveState,Moving,Goal,10.00,0.00,20.00,16.38,0.00,20.00,16.00,0.00,20.00,AStar,
3363,22.34,AgentPrefab,Agent,MoveState,Moving,Goal,10.00,0.00,20.00,16.36,0.00,20.00,16.00,0.00,20.00,AStar,
3364,22.34,AgentPrefab,Agent,MoveState,Moving,Goal,10.00,0.00,20.00,16.35,0.00,20.00,16.00,0.00,20.00,AStar,
3365,22.35,AgentPrefab,Agent,MoveState,Moving,Goal,10.00,0.00,20.00,16.34,0.00,20.00,16.00,0.00,20.00,AStar,
3366,22.36,AgentPrefab,Agent,MoveState,Moving,Goal,10.00,0.00,20.00,16.32,0.00,20.00,16.00,0.00,20.00,AStar,
3367,22.36,AgentPrefab,Agent,MoveState,Moving,Goal,10.00,0.00,20.00,16.31,0.00,20.00,16.00,0.00,20.00,AStar,
3368,22.37,AgentPrefab,Agent,MoveState,Moving,Goal,10.00,0.00,20.00,16.29,0.00,20.00,16.00,0.00,20.00,AStar,
3369,22.38,AgentPrefab,Agent,MoveState,Moving,Goal,10.00,0.00,20.00,16.28,0.00,20.00,16.00,0.00,20.00,AStar,
3370,22.39,AgentPrefab,Agent,MoveState,Moving,Goal,10.00,0.00,20.00,16.27,0.00,20.00,16.00,0.00,20.00,AStar,
3371,22.39,AgentPrefab,Agent,MoveState,Moving,Goal,10.00,0.00,20.00,16.25,0.00,20.00,16.00,0.00,20.00,AStar,
3372,22.40,AgentPrefab,Agent,MoveState,Moving,Goal,10.00,0.00,20.00,16.24,0.00,20.00,16.00,0.00,20.00,AStar,
3373,22.41,AgentPrefab,Agent,MoveState,Moving,Goal,10.00,0.00,20.00,16.22,0.00,20.00,16.00,0.00,20.00,AStar,
3374,22.41,AgentPrefab,Agent,MoveState,Moving,Goal,10.00,0.00,20.00,16.21,0.00,20.00,16.00,0.00,20.00,AStar,
3375,22.42,AgentPrefab,Agent,MoveState,Moving,Goal,10.00,0.00,20.00,16.20,0.00,20.00,16.00,0.00,20.00,AStar,
3376,22.43,AgentPrefab,Agent,MoveState,Moving,Goal,10.00,0.00,20.00,16.18,0.00,20.00,16.00,0.00,20.00,AStar,
3377,22.43,AgentPrefab,Agent,MoveState,Moving,Goal,10.00,0.00,20.00,16.17,0.00,20.00,16.00,0.00,20.00,AStar,
3378,22.44,AgentPrefab,Agent,MoveState,Moving,Goal,10.00,0.00,20.00,16.16,0.00,20.00,16.00,0.00,20.00,AStar,
3379,22.45,AgentPrefab,Agent,MoveState,Moving,Goal,10.00,0.00,20.00,16.14,0.00,20.00,16.00,0.00,20.00,AStar,
3380,22.45,AgentPrefab,Agent,MoveState,Moving,Goal,10.00,0.00,20.00,16.13,0.00,20.00,16.00,0.00,20.00,AStar,
3381,22.46,AgentPrefab,Agent,MoveState,Moving,Goal,10.00,0.00,20.00,16.11,0.00,20.00,16.00,0.00,20.00,AStar,
3382,22.47,AgentPrefab,Agent,MoveState,Moving,Goal,10.00,0.00,20.00,16.10,0.00,20.00,16.00,0.00,20.00,AStar,
3383,22.48,AgentPrefab,Agent,MoveState,Moving,Goal,10.00,0.00,20.00,16.09,0.00,20.00,16.00,0.00,20.00,AStar,
3384,22.48,AgentPrefab,Agent,MoveState,Moving,Goal,10.00,0.00,20.00,16.07,0.00,20.00,16.00,0.00,20.00,AStar,
3385,22.49,AgentPrefab,Agent,MoveState,Moving,Goal,10.00,0.00,20.00,16.06,0.00,20.00,16.00,0.00,20.00,AStar,
3386,22.50,AgentPrefab,Agent,MoveState,Moving,Goal,10.00,0.00,20.00,16.00,0.00,20.00,15.00,0.00,20.00,AStar,
3387,22.52,AgentPrefab,Agent,MoveState,Moving,Goal,10.00,0.00,20.00,15.99,0.00,20.00,15.00,0.00,20.00,AStar,
3388,22.52,AgentPrefab,Agent,MoveState,Moving,Goal,10.00,0.00,20.00,15.95,0.00,20.00,15.00,0.00,20.00,AStar,
3389,22.53,AgentPrefab,Agent,MoveState,Moving,Goal,10.00,0.00,20.00,15.94,0.00,20.00,15.00,0.00,20.00,AStar,
3390,22.54,AgentPrefab,Agent,MoveState,Moving,Goal,10.00,0.00,20.00,15.92,0.00,20.00,15.00,0.00,20.00,AStar,
3391,22.54,AgentPrefab,Agent,MoveState,Moving,Goal,10.00,0.00,20.00,15.91,0.00,20.00,15.00,0.00,20.00,AStar,
3392,22.55,AgentPrefab,Agent,MoveState,Moving,Goal,10.00,0.00,20.00,15.90,0.00,20.00,15.00,0.00,20.00,AStar,
3393,22.56,AgentPrefab,Agent,MoveState,Moving,Goal,10.00,0.00,20.00,15.88,0.00,20.00,15.00,0.00,20.00,AStar,
3394,22.56,AgentPrefab,Agent,MoveState,Moving,Goal,10.00,0.00,20.00,15.87,0.00,20.00,15.00,0.00,20.00,AStar,
3395,22.57,AgentPrefab,Agent,MoveState,Moving,Goal,10.00,0.00,20.00,15.85,0.00,20.00,15.00,0.00,20.00,AStar,
3396,22.58,AgentPrefab,Agent,MoveState,Moving,Goal,10.00,0.00,20.00,15.84,0.00,20.00,15.00,0.00,20.00,AStar,
3397,22.58,AgentPrefab,Agent,MoveState,Moving,Goal,10.00,0.00,20.00,15.83,0.00,20.00,15.00,0.00,20.00,AStar,
3398,22.59,AgentPrefab,Agent,MoveState,Moving,Goal,10.00,0.00,20.00,15.81,0.00,20.00,15.00,0.00,20.00,AStar,
3399,22.60,AgentPrefab,Agent,MoveState,Moving,Goal,10.00,0.00,20.00,15.80,0.00,20.00,15.00,0.00,20.00,AStar,
3400,22.61,AgentPrefab,Agent,MoveState,Moving,Goal,10.00,0.00,20.00,15.78,0.00,20.00,15.00,0.00,20.00,AStar,
3401,22.61,AgentPrefab,Agent,MoveState,Moving,Goal,10.00,0.00,20.00,15.77,0.00,20.00,15.00,0.00,20.00,AStar,
3402,22.62,AgentPrefab,Agent,MoveState,Moving,Goal,10.00,0.00,20.00,15.76,0.00,20.00,15.00,0.00,20.00,AStar,
3403,22.63,AgentPrefab,Agent,MoveState,Moving,Goal,10.00,0.00,20.00,15.74,0.00,20.00,15.00,0.00,20.00,AStar,
3404,22.63,AgentPrefab,Agent,MoveState,Moving,Goal,10.00,0.00,20.00,15.73,0.00,20.00,15.00,0.00,20.00,AStar,
3405,22.64,AgentPrefab,Agent,MoveState,Moving,Goal,10.00,0.00,20.00,15.71,0.00,20.00,15.00,0.00,20.00,AStar,
3406,22.65,AgentPrefab,Agent,MoveState,Moving,Goal,10.00,0.00,20.00,15.70,0.00,20.00,15.00,0.00,20.00,AStar,
3407,22.66,AgentPrefab,Agent,MoveState,Moving,Goal,10.00,0.00,20.00,15.68,0.00,20.00,15.00,0.00,20.00,AStar,
3408,22.66,AgentPrefab,Agent,MoveState,Moving,Goal,10.00,0.00,20.00,15.67,0.00,20.00,15.00,0.00,20.00,AStar,
3409,22.67,AgentPrefab,Agent,MoveState,Moving,Goal,10.00,0.00,20.00,15.66,0.00,20.00,15.00,0.00,20.00,AStar,
3410,22.68,AgentPrefab,Agent,MoveState,Moving,Goal,10.00,0.00,20.00,15.64,0.00,20.00,15.00,0.00,20.00,AStar,
3411,22.68,AgentPrefab,Agent,MoveState,Moving,Goal,10.00,0.00,20.00,15.63,0.00,20.00,15.00,0.00,20.00,AStar,
3412,22.69,AgentPrefab,Agent,MoveState,Moving,Goal,10.00,0.00,20.00,15.61,0.00,20.00,15.00,0.00,20.00,AStar,
3413,22.70,AgentPrefab,Agent,MoveState,Moving,Goal,10.00,0.00,20.00,15.60,0.00,20.00,15.00,0.00,20.00,AStar,
3414,22.70,AgentPrefab,Agent,MoveState,Moving,Goal,10.00,0.00,20.00,15.59,0.00,20.00,15.00,0.00,20.00,AStar,
3415,22.71,AgentPrefab,Agent,MoveState,Moving,Goal,10.00,0.00,20.00,15.57,0.00,20.00,15.00,0.00,20.00,AStar,
3416,22.72,AgentPrefab,Agent,MoveState,Moving,Goal,10.00,0.00,20.00,15.56,0.00,20.00,15.00,0.00,20.00,AStar,
3417,22.73,AgentPrefab,Agent,MoveState,Moving,Goal,10.00,0.00,20.00,15.54,0.00,20.00,15.00,0.00,20.00,AStar,
3418,22.73,AgentPrefab,Agent,MoveState,Moving,Goal,10.00,0.00,20.00,15.53,0.00,20.00,15.00,0.00,20.00,AStar,
3419,22.74,AgentPrefab,Agent,MoveState,Moving,Goal,10.00,0.00,20.00,15.51,0.00,20.00,15.00,0.00,20.00,AStar,
3420,22.75,AgentPrefab,Agent,MoveState,Moving,Goal,10.00,0.00,20.00,15.50,0.00,20.00,15.00,0.00,20.00,AStar,
3421,22.76,AgentPrefab,Agent,MoveState,Moving,Goal,10.00,0.00,20.00,15.48,0.00,20.00,15.00,0.00,20.00,AStar,
3422,22.76,AgentPrefab,Agent,MoveState,Moving,Goal,10.00,0.00,20.00,15.47,0.00,20.00,15.00,0.00,20.00,AStar,
3423,22.77,AgentPrefab,Agent,MoveState,Moving,Goal,10.00,0.00,20.00,15.46,0.00,20.00,15.00,0.00,20.00,AStar,
3424,22.78,AgentPrefab,Agent,MoveState,Moving,Goal,10.00,0.00,20.00,15.44,0.00,20.00,15.00,0.00,20.00,AStar,
3425,22.78,AgentPrefab,Agent,MoveState,Moving,Goal,10.00,0.00,20.00,15.43,0.00,20.00,15.00,0.00,20.00,AStar,
3426,22.79,AgentPrefab,Agent,MoveState,Moving,Goal,10.00,0.00,20.00,15.42,0.00,20.00,15.00,0.00,20.00,AStar,
3427,22.80,AgentPrefab,Agent,MoveState,Moving,Goal,10.00,0.00,20.00,15.40,0.00,20.00,15.00,0.00,20.00,AStar,
3428,22.80,AgentPrefab,Agent,MoveState,Moving,Goal,10.00,0.00,20.00,15.39,0.00,20.00,15.00,0.00,20.00,AStar,
3429,22.81,AgentPrefab,Agent,MoveState,Moving,Goal,10.00,0.00,20.00,15.37,0.00,20.00,15.00,0.00,20.00,AStar,
3430,22.82,AgentPrefab,Agent,MoveState,Moving,Goal,10.00,0.00,20.00,15.36,0.00,20.00,15.00,0.00,20.00,AStar,
3431,22.82,AgentPrefab,Agent,MoveState,Moving,Goal,10.00,0.00,20.00,15.35,0.00,20.00,15.00,0.00,20.00,AStar,
3432,22.83,AgentPrefab,Agent,MoveState,Moving,Goal,10.00,0.00,20.00,15.33,0.00,20.00,15.00,0.00,20.00,AStar,
3433,22.84,AgentPrefab,Agent,MoveState,Moving,Goal,10.00,0.00,20.00,15.32,0.00,20.00,15.00,0.00,20.00,AStar,
3434,22.84,AgentPrefab,Agent,MoveState,Moving,Goal,10.00,0.00,20.00,15.30,0.00,20.00,15.00,0.00,20.00,AStar,
3435,22.85,AgentPrefab,Agent,MoveState,Moving,Goal,10.00,0.00,20.00,15.29,0.00,20.00,15.00,0.00,20.00,AStar,
3436,22.86,AgentPrefab,Agent,MoveState,Moving,Goal,10.00,0.00,20.00,15.28,0.00,20.00,15.00,0.00,20.00,AStar,
3437,22.87,AgentPrefab,Agent,MoveState,Moving,Goal,10.00,0.00,20.00,15.26,0.00,20.00,15.00,0.00,20.00,AStar,
3438,22.87,AgentPrefab,Agent,MoveState,Moving,Goal,10.00,0.00,20.00,15.25,0.00,20.00,15.00,0.00,20.00,AStar,
3439,22.88,AgentPrefab,Agent,MoveState,Moving,Goal,10.00,0.00,20.00,15.24,0.00,20.00,15.00,0.00,20.00,AStar,
3440,22.89,AgentPrefab,Agent,MoveState,Moving,Goal,10.00,0.00,20.00,15.22,0.00,20.00,15.00,0.00,20.00,AStar,
3441,22.89,AgentPrefab,Agent,MoveState,Moving,Goal,10.00,0.00,20.00,15.21,0.00,20.00,15.00,0.00,20.00,AStar,
3442,22.90,AgentPrefab,Agent,MoveState,Moving,Goal,10.00,0.00,20.00,15.19,0.00,20.00,15.00,0.00,20.00,AStar,
3443,22.91,AgentPrefab,Agent,MoveState,Moving,Goal,10.00,0.00,20.00,15.18,0.00,20.00,15.00,0.00,20.00,AStar,
3444,22.91,AgentPrefab,Agent,MoveState,Moving,Goal,10.00,0.00,20.00,15.17,0.00,20.00,15.00,0.00,20.00,AStar,
3445,22.92,AgentPrefab,Agent,MoveState,Moving,Goal,10.00,0.00,20.00,15.15,0.00,20.00,15.00,0.00,20.00,AStar,
3446,22.93,AgentPrefab,Agent,MoveState,Moving,Goal,10.00,0.00,20.00,15.14,0.00,20.00,15.00,0.00,20.00,AStar,
3447,22.94,AgentPrefab,Agent,MoveState,Moving,Goal,10.00,0.00,20.00,15.12,0.00,20.00,15.00,0.00,20.00,AStar,
3448,22.95,AgentPrefab,Agent,MoveState,Moving,Goal,10.00,0.00,20.00,15.10,0.00,20.00,15.00,0.00,20.00,AStar,
3449,22.95,AgentPrefab,Agent,MoveState,Moving,Goal,10.00,0.00,20.00,15.09,0.00,20.00,15.00,0.00,20.00,AStar,
3450,22.96,AgentPrefab,Agent,MoveState,Moving,Goal,10.00,0.00,20.00,15.07,0.00,20.00,15.00,0.00,20.00,AStar,
3451,22.97,AgentPrefab,Agent,MoveState,Moving,Goal,10.00,0.00,20.00,15.06,0.00,20.00,15.00,0.00,20.00,AStar,
3452,22.98,AgentPrefab,Agent,MoveState,Moving,Goal,10.00,0.00,20.00,15.00,0.00,20.00,14.00,0.00,20.00,AStar,
3453,22.99,AgentPrefab,Agent,MoveState,Moving,Goal,10.00,0.00,20.00,14.98,0.00,20.00,14.00,0.00,20.00,AStar,
3454,22.99,AgentPrefab,Agent,MoveState,Moving,Goal,10.00,0.00,20.00,14.97,0.00,20.00,14.00,0.00,20.00,AStar,
3455,23.00,AgentPrefab,Agent,MoveState,Moving,Goal,10.00,0.00,20.00,14.95,0.00,20.00,14.00,0.00,20.00,AStar,
3456,23.01,AgentPrefab,Agent,MoveState,Moving,Goal,10.00,0.00,20.00,14.94,0.00,20.00,14.00,0.00,20.00,AStar,
3457,23.02,AgentPrefab,Agent,MoveState,Moving,Goal,10.00,0.00,20.00,14.92,0.00,20.00,14.00,0.00,20.00,AStar,
3458,23.03,AgentPrefab,Agent,MoveState,Moving,Goal,10.00,0.00,20.00,14.91,0.00,20.00,14.00,0.00,20.00,AStar,
3459,23.03,AgentPrefab,Agent,MoveState,Moving,Goal,10.00,0.00,20.00,14.89,0.00,20.00,14.00,0.00,20.00,AStar,
3460,23.04,AgentPrefab,Agent,MoveState,Moving,Goal,10.00,0.00,20.00,14.87,0.00,20.00,14.00,0.00,20.00,AStar,
3461,23.05,AgentPrefab,Agent,MoveState,Moving,Goal,10.00,0.00,20.00,14.86,0.00,20.00,14.00,0.00,20.00,AStar,
3462,23.06,AgentPrefab,Agent,MoveState,Moving,Goal,10.00,0.00,20.00,14.86,0.00,20.00,14.00,0.00,20.00,AStar,
3463,23.08,AgentPrefab,Agent,MoveState,Moving,Goal,10.00,0.00,20.00,14.86,0.00,20.00,14.00,0.00,20.00,AStar,
3464,23.09,AgentPrefab,Agent,MoveState,Moving,Goal,10.00,0.00,20.00,14.86,0.00,20.00,14.00,0.00,20.00,AStar,
3465,23.10,AgentPrefab,Agent,MoveState,Moving,Goal,10.00,0.00,20.00,14.86,0.00,20.00,14.00,0.00,20.00,AStar,
3466,23.10,AgentPrefab,Agent,MoveState,Moving,Goal,10.00,0.00,20.00,14.86,0.00,20.00,14.00,0.00,20.00,AStar,
3467,23.11,AgentPrefab,Agent,MoveState,Moving,Goal,10.00,0.00,20.00,14.86,0.00,20.00,14.00,0.00,20.00,AStar,
3468,23.12,AgentPrefab,Agent,MoveState,Moving,Goal,10.00,0.00,20.00,14.86,0.00,20.00,14.00,0.00,20.00,AStar,
3469,23.13,AgentPrefab,Agent,MoveState,Moving,Goal,10.00,0.00,20.00,14.86,0.00,20.00,14.00,0.00,20.00,AStar,
3470,23.13,AgentPrefab,Agent,MoveState,Moving,Goal,10.00,0.00,20.00,14.86,0.00,20.00,14.00,0.00,20.00,AStar,
3471,23.14,AgentPrefab,Agent,MoveState,Moving,Goal,10.00,0.00,20.00,14.86,0.00,20.00,14.00,0.00,20.00,AStar,
3472,23.15,AgentPrefab,Agent,MoveState,Moving,Goal,10.00,0.00,20.00,14.86,0.00,20.00,14.00,0.00,20.00,AStar,
3473,23.16,AgentPrefab,Agent,MoveState,Moving,Goal,10.00,0.00,20.00,14.86,0.00,20.00,14.00,0.00,20.00,AStar,
3474,23.16,AgentPrefab,Agent,MoveState,Moving,Goal,10.00,0.00,20.00,14.86,0.00,20.00,14.00,0.00,20.00,AStar,
3475,23.17,AgentPrefab,Agent,MoveState,Moving,Goal,10.00,0.00,20.00,14.86,0.00,20.00,14.00,0.00,20.00,AStar,
3476,23.18,AgentPrefab,Agent,MoveState,Moving,Goal,10.00,0.00,20.00,14.86,0.00,20.00,14.00,0.00,20.00,AStar,
3477,23.18,AgentPrefab,Agent,MoveState,Moving,Goal,10.00,0.00,20.00,14.86,0.00,20.00,14.00,0.00,20.00,AStar,
3478,23.19,AgentPrefab,Agent,MoveState,Moving,Goal,10.00,0.00,20.00,14.86,0.00,20.00,14.00,0.00,20.00,AStar,
3479,23.20,AgentPrefab,Agent,MoveState,Moving,Goal,10.00,0.00,20.00,14.86,0.00,20.00,14.00,0.00,20.00,AStar,
3480,23.20,AgentPrefab,Agent,MoveState,Moving,Goal,10.00,0.00,20.00,14.86,0.00,20.00,14.00,0.00,20.00,AStar,
3481,23.21,AgentPrefab,Agent,MoveState,Moving,Goal,10.00,0.00,20.00,14.86,0.00,20.00,14.00,0.00,20.00,AStar,
3482,23.22,AgentPrefab,Agent,MoveState,Moving,Goal,10.00,0.00,20.00,14.86,0.00,20.00,14.00,0.00,20.00,AStar,
3483,23.23,AgentPrefab,Agent,MoveState,Moving,Goal,10.00,0.00,20.00,14.86,0.00,20.00,14.00,0.00,20.00,AStar,
3484,23.23,AgentPrefab,Agent,MoveState,Moving,Goal,10.00,0.00,20.00,14.86,0.00,20.00,14.00,0.00,20.00,AStar,
3485,23.24,AgentPrefab,Agent,MoveState,Moving,Goal,10.00,0.00,20.00,14.86,0.00,20.00,14.00,0.00,20.00,AStar,
3486,23.25,AgentPrefab,Agent,MoveState,Moving,Goal,10.00,0.00,20.00,14.86,0.00,20.00,14.00,0.00,20.00,AStar,
3487,23.25,AgentPrefab,Agent,MoveState,Moving,Goal,10.00,0.00,20.00,14.86,0.00,20.00,14.00,0.00,20.00,AStar,
3488,23.26,AgentPrefab,Agent,MoveState,Moving,Goal,10.00,0.00,20.00,14.86,0.00,20.00,14.00,0.00,20.00,AStar,
3489,23.27,AgentPrefab,Agent,MoveState,Moving,Goal,10.00,0.00,20.00,14.86,0.00,20.00,14.00,0.00,20.00,AStar,
3490,23.27,AgentPrefab,Agent,MoveState,Moving,Goal,10.00,0.00,20.00,14.86,0.00,20.00,14.00,0.00,20.00,AStar,
3491,23.28,AgentPrefab,Agent,MoveState,Moving,Goal,10.00,0.00,20.00,14.86,0.00,20.00,14.00,0.00,20.00,AStar,
3492,23.29,AgentPrefab,Agent,MoveState,Moving,Goal,10.00,0.00,20.00,14.86,0.00,20.00,14.00,0.00,20.00,AStar,
3493,23.29,AgentPrefab,Agent,MoveState,Moving,Goal,10.00,0.00,20.00,14.86,0.00,20.00,14.00,0.00,20.00,AStar,
3494,23.30,AgentPrefab,Agent,MoveState,Moving,Goal,10.00,0.00,20.00,14.86,0.00,20.00,14.00,0.00,20.00,AStar,
3495,23.31,AgentPrefab,Agent,MoveState,Moving,Goal,10.00,0.00,20.00,14.86,0.00,20.00,14.00,0.00,20.00,AStar,
3496,23.32,AgentPrefab,Agent,MoveState,Moving,Goal,10.00,0.00,20.00,14.86,0.00,20.00,14.00,0.00,20.00,AStar,
3497,23.32,AgentPrefab,Agent,MoveState,Moving,Goal,10.00,0.00,20.00,14.86,0.00,20.00,14.00,0.00,20.00,AStar,
3498,23.33,AgentPrefab,Agent,MoveState,Moving,Goal,10.00,0.00,20.00,14.86,0.00,20.00,14.00,0.00,20.00,AStar,
3499,23.34,AgentPrefab,Agent,MoveState,Moving,Goal,10.00,0.00,20.00,14.86,0.00,20.00,14.00,0.00,20.00,AStar,
3500,23.34,AgentPrefab,Agent,MoveState,Moving,Goal,10.00,0.00,20.00,14.86,0.00,20.00,14.00,0.00,20.00,AStar,
3501,23.35,AgentPrefab,Agent,MoveState,Moving,Goal,10.00,0.00,20.00,14.86,0.00,20.00,14.00,0.00,20.00,AStar,
3502,23.36,AgentPrefab,Agent,MoveState,Moving,Goal,10.00,0.00,20.00,14.86,0.00,20.00,14.00,0.00,20.00,AStar,
3503,23.36,AgentPrefab,Agent,MoveState,Moving,Goal,10.00,0.00,20.00,14.86,0.00,20.00,14.00,0.00,20.00,AStar,
3504,23.37,AgentPrefab,Agent,MoveState,Moving,Goal,10.00,0.00,20.00,14.86,0.00,20.00,14.00,0.00,20.00,AStar,
3505,23.38,AgentPrefab,Agent,MoveState,Moving,Goal,10.00,0.00,20.00,14.86,0.00,20.00,14.00,0.00,20.00,AStar,
3506,23.38,AgentPrefab,Agent,MoveState,Moving,Goal,10.00,0.00,20.00,14.86,0.00,20.00,14.00,0.00,20.00,AStar,
3507,23.39,AgentPrefab,Agent,MoveState,Moving,Goal,10.00,0.00,20.00,14.86,0.00,20.00,14.00,0.00,20.00,AStar,
3508,23.40,AgentPrefab,Agent,MoveState,Moving,Goal,10.00,0.00,20.00,14.86,0.00,20.00,14.00,0.00,20.00,AStar,
3509,23.41,AgentPrefab,Agent,MoveState,Moving,Goal,10.00,0.00,20.00,14.86,0.00,20.00,14.00,0.00,20.00,AStar,
3510,23.41,AgentPrefab,Agent,MoveState,Moving,Goal,10.00,0.00,20.00,14.86,0.00,20.00,14.00,0.00,20.00,AStar,
3511,23.42,AgentPrefab,Agent,MoveState,Moving,Goal,10.00,0.00,20.00,14.86,0.00,20.00,14.00,0.00,20.00,AStar,
3512,23.43,AgentPrefab,Agent,MoveState,Moving,Goal,10.00,0.00,20.00,14.86,0.00,20.00,14.00,0.00,20.00,AStar,
3513,23.43,AgentPrefab,Agent,MoveState,Moving,Goal,10.00,0.00,20.00,14.86,0.00,20.00,14.00,0.00,20.00,AStar,
3514,23.44,AgentPrefab,Agent,MoveState,Moving,Goal,10.00,0.00,20.00,14.86,0.00,20.00,14.00,0.00,20.00,AStar,
3515,23.45,AgentPrefab,Agent,MoveState,Moving,Goal,10.00,0.00,20.00,14.86,0.00,20.00,14.00,0.00,20.00,AStar,
3516,23.45,AgentPrefab,Agent,MoveState,Moving,Goal,10.00,0.00,20.00,14.86,0.00,20.00,14.00,0.00,20.00,AStar,
3517,23.46,AgentPrefab,Agent,MoveState,Moving,Goal,10.00,0.00,20.00,14.86,0.00,20.00,14.00,0.00,20.00,AStar,
3518,23.47,AgentPrefab,Agent,MoveState,Moving,Goal,10.00,0.00,20.00,14.86,0.00,20.00,14.00,0.00,20.00,AStar,
3519,23.47,AgentPrefab,Agent,MoveState,Moving,Goal,10.00,0.00,20.00,14.86,0.00,20.00,14.00,0.00,20.00,AStar,
3520,23.48,AgentPrefab,Agent,MoveState,Moving,Goal,10.00,0.00,20.00,14.86,0.00,20.00,14.00,0.00,20.00,AStar,
3521,23.49,AgentPrefab,Agent,MoveState,Moving,Goal,10.00,0.00,20.00,14.86,0.00,20.00,14.00,0.00,20.00,AStar,
3522,23.50,AgentPrefab,Agent,MoveState,Moving,Goal,10.00,0.00,20.00,14.86,0.00,20.00,14.00,0.00,20.00,AStar,
3523,23.50,AgentPrefab,Agent,MoveState,Moving,Goal,10.00,0.00,20.00,14.86,0.00,20.00,14.00,0.00,20.00,AStar,
3524,23.51,AgentPrefab,Agent,MoveState,Moving,Goal,10.00,0.00,20.00,14.86,0.00,20.00,14.00,0.00,20.00,AStar,
3525,23.52,AgentPrefab,Agent,MoveState,Moving,Goal,10.00,0.00,20.00,14.86,0.00,20.00,14.00,0.00,20.00,AStar,
3526,23.52,AgentPrefab,Agent,MoveState,Moving,Goal,10.00,0.00,20.00,14.86,0.00,20.00,14.00,0.00,20.00,AStar,
3527,23.53,AgentPrefab,Agent,MoveState,Moving,Goal,10.00,0.00,20.00,14.86,0.00,20.00,14.00,0.00,20.00,AStar,
3528,23.54,AgentPrefab,Agent,MoveState,Moving,Goal,10.00,0.00,20.00,14.86,0.00,20.00,14.00,0.00,20.00,AStar,
3529,23.55,AgentPrefab,Agent,MoveState,Moving,Goal,10.00,0.00,20.00,14.86,0.00,20.00,14.00,0.00,20.00,AStar,
3530,23.55,AgentPrefab,Agent,MoveState,Moving,Goal,10.00,0.00,20.00,14.86,0.00,20.00,14.00,0.00,20.00,AStar,
3531,23.56,AgentPrefab,Agent,MoveState,Moving,Goal,10.00,0.00,20.00,14.86,0.00,20.00,14.00,0.00,20.00,AStar,
3532,23.57,AgentPrefab,Agent,MoveState,Moving,Goal,10.00,0.00,20.00,14.86,0.00,20.00,14.00,0.00,20.00,AStar,
3533,23.57,AgentPrefab,Agent,MoveState,Moving,Goal,10.00,0.00,20.00,14.86,0.00,20.00,14.00,0.00,20.00,AStar,
3534,23.58,AgentPrefab,Agent,MoveState,Moving,Goal,10.00,0.00,20.00,14.86,0.00,20.00,14.00,0.00,20.00,AStar,
3535,23.59,AgentPrefab,Agent,MoveState,Moving,Goal,10.00,0.00,20.00,14.86,0.00,20.00,14.00,0.00,20.00,AStar,
3536,23.61,AgentPrefab,Agent,MoveState,Moving,Goal,10.00,0.00,20.00,14.86,0.00,20.00,14.00,0.00,20.00,AStar,
3537,23.61,AgentPrefab,Agent,MoveState,Moving,Goal,10.00,0.00,20.00,14.86,0.00,20.00,14.00,0.00,20.00,AStar,
3538,23.62,AgentPrefab,Agent,MoveState,Moving,Goal,10.00,0.00,20.00,14.86,0.00,20.00,14.00,0.00,20.00,AStar,
3539,23.63,AgentPrefab,Agent,MoveState,Moving,Goal,10.00,0.00,20.00,14.86,0.00,20.00,14.00,0.00,20.00,AStar,
3540,23.63,AgentPrefab,Agent,MoveState,Moving,Goal,10.00,0.00,20.00,14.86,0.00,20.00,14.00,0.00,20.00,AStar,
3541,23.64,AgentPrefab,Agent,MoveState,Moving,Goal,10.00,0.00,20.00,14.86,0.00,20.00,14.00,0.00,20.00,AStar,
3542,23.65,AgentPrefab,Agent,MoveState,Moving,Goal,10.00,0.00,20.00,14.86,0.00,20.00,14.00,0.00,20.00,AStar,
3543,23.65,AgentPrefab,Agent,MoveState,Moving,Goal,10.00,0.00,20.00,14.86,0.00,20.00,14.00,0.00,20.00,AStar,
3544,23.66,AgentPrefab,Agent,MoveState,Moving,Goal,10.00,0.00,20.00,14.86,0.00,20.00,14.00,0.00,20.00,AStar,
3545,23.67,AgentPrefab,Agent,MoveState,Moving,Goal,10.00,0.00,20.00,14.86,0.00,20.00,14.00,0.00,20.00,AStar,
3546,23.67,AgentPrefab,Agent,MoveState,Moving,Goal,10.00,0.00,20.00,14.86,0.00,20.00,14.00,0.00,20.00,AStar,
3547,23.68,AgentPrefab,Agent,MoveState,Moving,Goal,10.00,0.00,20.00,14.86,0.00,20.00,14.00,0.00,20.00,AStar,
3548,23.69,AgentPrefab,Agent,MoveState,Moving,Goal,10.00,0.00,20.00,14.86,0.00,20.00,14.00,0.00,20.00,AStar,
3549,23.69,AgentPrefab,Agent,MoveState,Moving,Goal,10.00,0.00,20.00,14.86,0.00,20.00,14.00,0.00,20.00,AStar,
3550,23.70,AgentPrefab,Agent,MoveState,Moving,Goal,10.00,0.00,20.00,14.86,0.00,20.00,14.00,0.00,20.00,AStar,
3551,23.71,AgentPrefab,Agent,MoveState,Moving,Goal,10.00,0.00,20.00,14.86,0.00,20.00,14.00,0.00,20.00,AStar,
3552,23.72,AgentPrefab,Agent,MoveState,Moving,Goal,10.00,0.00,20.00,14.86,0.00,20.00,14.00,0.00,20.00,AStar,
3553,23.72,AgentPrefab,Agent,MoveState,Moving,Goal,10.00,0.00,20.00,14.86,0.00,20.00,14.00,0.00,20.00,AStar,
3554,23.73,AgentPrefab,Agent,MoveState,Moving,Goal,10.00,0.00,20.00,14.86,0.00,20.00,14.00,0.00,20.00,AStar,
3555,23.74,AgentPrefab,Agent,MoveState,Moving,Goal,10.00,0.00,20.00,14.86,0.00,20.00,14.00,0.00,20.00,AStar,
3556,23.74,AgentPrefab,Agent,MoveState,Moving,Goal,10.00,0.00,20.00,14.86,0.00,20.00,14.00,0.00,20.00,AStar,
3557,23.75,AgentPrefab,Agent,MoveState,Moving,Goal,10.00,0.00,20.00,14.86,0.00,20.00,14.00,0.00,20.00,AStar,
3558,23.76,AgentPrefab,Agent,MoveState,Moving,Goal,10.00,0.00,20.00,14.86,0.00,20.00,14.00,0.00,20.00,AStar,
3559,23.76,AgentPrefab,Agent,MoveState,Moving,Goal,10.00,0.00,20.00,14.86,0.00,20.00,14.00,0.00,20.00,AStar,
3560,23.77,AgentPrefab,Agent,MoveState,Moving,Goal,10.00,0.00,20.00,14.86,0.00,20.00,14.00,0.00,20.00,AStar,
3561,23.78,AgentPrefab,Agent,MoveState,Moving,Goal,10.00,0.00,20.00,14.86,0.00,20.00,14.00,0.00,20.00,AStar,
3562,23.79,AgentPrefab,Agent,MoveState,Moving,Goal,10.00,0.00,20.00,14.86,0.00,20.00,14.00,0.00,20.00,AStar,
3563,23.79,AgentPrefab,Agent,MoveState,Moving,Goal,10.00,0.00,20.00,14.86,0.00,20.00,14.00,0.00,20.00,AStar,
3564,23.80,AgentPrefab,Agent,MoveState,Moving,Goal,10.00,0.00,20.00,14.86,0.00,20.00,14.00,0.00,20.00,AStar,
3565,23.81,AgentPrefab,Agent,MoveState,Moving,Goal,10.00,0.00,20.00,14.86,0.00,20.00,14.00,0.00,20.00,AStar,
3566,23.81,AgentPrefab,Agent,MoveState,Moving,Goal,10.00,0.00,20.00,14.86,0.00,20.00,14.00,0.00,20.00,AStar,
3567,23.82,AgentPrefab,Agent,MoveState,Moving,Goal,10.00,0.00,20.00,14.86,0.00,20.00,14.00,0.00,20.00,AStar,
3568,23.83,AgentPrefab,Agent,MoveState,Moving,Goal,10.00,0.00,20.00,14.86,0.00,20.00,14.00,0.00,20.00,AStar,
3569,23.83,AgentPrefab,Agent,MoveState,Moving,Goal,10.00,0.00,20.00,14.86,0.00,20.00,14.00,0.00,20.00,AStar,
3570,23.84,AgentPrefab,Agent,MoveState,Moving,Goal,10.00,0.00,20.00,14.86,0.00,20.00,14.00,0.00,20.00,AStar,
3571,23.85,AgentPrefab,Agent,MoveState,Moving,Goal,10.00,0.00,20.00,14.86,0.00,20.00,14.00,0.00,20.00,AStar,
3572,23.85,AgentPrefab,Agent,MoveState,Moving,Goal,10.00,0.00,20.00,14.86,0.00,20.00,14.00,0.00,20.00,AStar,
3573,23.86,AgentPrefab,Agent,MoveState,Moving,Goal,10.00,0.00,20.00,14.86,0.00,20.00,14.00,0.00,20.00,AStar,
3574,23.87,AgentPrefab,Agent,MoveState,Moving,Goal,10.00,0.00,20.00,14.86,0.00,20.00,14.00,0.00,20.00,AStar,
3575,23.88,AgentPrefab,Agent,MoveState,Moving,Goal,10.00,0.00,20.00,14.86,0.00,20.00,14.00,0.00,20.00,AStar,
3576,23.88,AgentPrefab,Agent,MoveState,Moving,Goal,10.00,0.00,20.00,14.86,0.00,20.00,14.00,0.00,20.00,AStar,
3577,23.89,AgentPrefab,Agent,MoveState,Moving,Goal,10.00,0.00,20.00,14.86,0.00,20.00,14.00,0.00,20.00,AStar,
3578,23.90,AgentPrefab,Agent,MoveState,Moving,Goal,10.00,0.00,20.00,14.86,0.00,20.00,14.00,0.00,20.00,AStar,
3579,23.90,AgentPrefab,Agent,MoveState,Moving,Goal,10.00,0.00,20.00,14.86,0.00,20.00,14.00,0.00,20.00,AStar,
3580,23.91,AgentPrefab,Agent,MoveState,Moving,Goal,10.00,0.00,20.00,14.86,0.00,20.00,14.00,0.00,20.00,AStar,
3581,23.92,AgentPrefab,Agent,MoveState,Moving,Goal,10.00,0.00,20.00,14.86,0.00,20.00,14.00,0.00,20.00,AStar,
3582,23.92,AgentPrefab,Agent,MoveState,Moving,Goal,10.00,0.00,20.00,14.86,0.00,20.00,14.00,0.00,20.00,AStar,
3583,23.93,AgentPrefab,Agent,MoveState,Moving,Goal,10.00,0.00,20.00,14.86,0.00,20.00,14.00,0.00,20.00,AStar,
3584,23.94,AgentPrefab,Agent,MoveState,Moving,Goal,10.00,0.00,20.00,14.86,0.00,20.00,14.00,0.00,20.00,AStar,
3585,23.94,AgentPrefab,Agent,MoveState,Moving,Goal,10.00,0.00,20.00,14.86,0.00,20.00,14.00,0.00,20.00,AStar,
3586,23.95,AgentPrefab,Agent,MoveState,Moving,Goal,10.00,0.00,20.00,14.86,0.00,20.00,14.00,0.00,20.00,AStar,
3587,23.96,AgentPrefab,Agent,MoveState,Moving,Goal,10.00,0.00,20.00,14.86,0.00,20.00,14.00,0.00,20.00,AStar,
3588,23.97,AgentPrefab,Agent,MoveState,Moving,Goal,10.00,0.00,20.00,14.86,0.00,20.00,14.00,0.00,20.00,AStar,
3589,23.97,AgentPrefab,Agent,MoveState,Moving,Goal,10.00,0.00,20.00,14.86,0.00,20.00,14.00,0.00,20.00,AStar,
3590,23.98,AgentPrefab,Agent,MoveState,Moving,Goal,10.00,0.00,20.00,14.86,0.00,20.00,14.00,0.00,20.00,AStar,
3591,23.99,AgentPrefab,Agent,MoveState,Moving,Goal,10.00,0.00,20.00,14.86,0.00,20.00,14.00,0.00,20.00,AStar,
3592,23.99,AgentPrefab,Agent,MoveState,Moving,Goal,10.00,0.00,20.00,14.86,0.00,20.00,14.00,0.00,20.00,AStar,
3593,24.00,AgentPrefab,Agent,MoveState,Moving,Goal,10.00,0.00,20.00,14.86,0.00,20.00,14.00,0.00,20.00,AStar,
3594,24.01,AgentPrefab,Agent,MoveState,Moving,Goal,10.00,0.00,20.00,14.86,0.00,20.00,14.00,0.00,20.00,AStar,
3595,24.01,AgentPrefab,Agent,MoveState,Moving,Goal,10.00,0.00,20.00,14.86,0.00,20.00,14.00,0.00,20.00,AStar,
3596,24.02,AgentPrefab,Agent,MoveState,Moving,Goal,10.00,0.00,20.00,14.86,0.00,20.00,14.00,0.00,20.00,AStar,
3597,24.03,AgentPrefab,Agent,MoveState,Moving,Goal,10.00,0.00,20.00,14.86,0.00,20.00,14.00,0.00,20.00,AStar,
3598,24.04,AgentPrefab,Agent,MoveState,Moving,Goal,10.00,0.00,20.00,14.86,0.00,20.00,14.00,0.00,20.00,AStar,
3599,24.04,AgentPrefab,Agent,MoveState,Moving,Goal,10.00,0.00,20.00,14.86,0.00,20.00,14.00,0.00,20.00,AStar,
3600,24.05,AgentPrefab,Agent,MoveState,Moving,Goal,10.00,0.00,20.00,14.86,0.00,20.00,14.00,0.00,20.00,AStar,
3601,24.06,AgentPrefab,Agent,SearchState,Searching,Goal,10.00,0.00,20.00,14.86,0.00,20.00,14.00,0.00,20.00,AStar,
3601,24.06,AgentPrefab,Agent,MoveState,Moving,Goal,10.00,0.00,20.00,14.86,0.00,20.00,14.00,0.00,20.00,AStar,
3602,24.07,AgentPrefab,Agent,MoveState,Moving,Goal,10.00,0.00,20.00,14.86,0.00,20.00,14.00,0.00,20.00,AStar,
3603,24.08,AgentPrefab,Agent,MoveState,Moving,Goal,10.00,0.00,20.00,14.83,0.00,20.00,14.00,0.00,20.00,AStar,
3604,24.08,AgentPrefab,Agent,MoveState,Moving,Goal,10.00,0.00,20.00,14.82,0.00,20.00,14.00,0.00,20.00,AStar,
3605,24.09,AgentPrefab,Agent,MoveState,Moving,Goal,10.00,0.00,20.00,14.80,0.00,20.00,14.00,0.00,20.00,AStar,
3606,24.10,AgentPrefab,Agent,MoveState,Moving,Goal,10.00,0.00,20.00,14.79,0.00,20.00,14.00,0.00,20.00,AStar,
3607,24.12,AgentPrefab,Agent,MoveState,Moving,Goal,10.00,0.00,20.00,14.77,0.00,20.00,14.00,0.00,20.00,AStar,
3608,24.12,AgentPrefab,Agent,MoveState,Moving,Goal,10.00,0.00,20.00,14.74,0.00,20.00,14.00,0.00,20.00,AStar,
3609,24.13,AgentPrefab,Agent,MoveState,Moving,Goal,10.00,0.00,20.00,14.73,0.00,20.00,14.00,0.00,20.00,AStar,
3610,24.14,AgentPrefab,Agent,MoveState,Moving,Goal,10.00,0.00,20.00,14.71,0.00,20.00,14.00,0.00,20.00,AStar,
3611,24.14,AgentPrefab,Agent,MoveState,Moving,Goal,10.00,0.00,20.00,14.70,0.00,20.00,14.00,0.00,20.00,AStar,
3612,24.15,AgentPrefab,Agent,MoveState,Moving,Goal,10.00,0.00,20.00,14.68,0.00,20.00,14.00,0.00,20.00,AStar,
3613,24.16,AgentPrefab,Agent,MoveState,Moving,Goal,10.00,0.00,20.00,14.67,0.00,20.00,14.00,0.00,20.00,AStar,
3614,24.16,AgentPrefab,Agent,MoveState,Moving,Goal,10.00,0.00,20.00,14.65,0.00,20.00,14.00,0.00,20.00,AStar,
3615,24.17,AgentPrefab,Agent,MoveState,Moving,Goal,10.00,0.00,20.00,14.64,0.00,20.00,14.00,0.00,20.00,AStar,
3616,24.18,AgentPrefab,Agent,MoveState,Moving,Goal,10.00,0.00,20.00,14.63,0.00,20.00,14.00,0.00,20.00,AStar,
3617,24.18,AgentPrefab,Agent,MoveState,Moving,Goal,10.00,0.00,20.00,14.61,0.00,20.00,14.00,0.00,20.00,AStar,
3618,24.19,AgentPrefab,Agent,MoveState,Moving,Goal,10.00,0.00,20.00,14.60,0.00,20.00,14.00,0.00,20.00,AStar,
3619,24.20,AgentPrefab,Agent,MoveState,Moving,Goal,10.00,0.00,20.00,14.59,0.00,20.00,14.00,0.00,20.00,AStar,
3620,24.21,AgentPrefab,Agent,MoveState,Moving,Goal,10.00,0.00,20.00,14.57,0.00,20.00,14.00,0.00,20.00,AStar,
3621,24.21,AgentPrefab,Agent,MoveState,Moving,Goal,10.00,0.00,20.00,14.56,0.00,20.00,14.00,0.00,20.00,AStar,
3622,24.22,AgentPrefab,Agent,MoveState,Moving,Goal,10.00,0.00,20.00,14.54,0.00,20.00,14.00,0.00,20.00,AStar,
3623,24.23,AgentPrefab,Agent,MoveState,Moving,Goal,10.00,0.00,20.00,14.53,0.00,20.00,14.00,0.00,20.00,AStar,
3624,24.23,AgentPrefab,Agent,MoveState,Moving,Goal,10.00,0.00,20.00,14.52,0.00,20.00,14.00,0.00,20.00,AStar,
3625,24.24,AgentPrefab,Agent,MoveState,Moving,Goal,10.00,0.00,20.00,14.50,0.00,20.00,14.00,0.00,20.00,AStar,
3626,24.25,AgentPrefab,Agent,MoveState,Moving,Goal,10.00,0.00,20.00,14.49,0.00,20.00,14.00,0.00,20.00,AStar,
3627,24.25,AgentPrefab,Agent,MoveState,Moving,Goal,10.00,0.00,20.00,14.47,0.00,20.00,14.00,0.00,20.00,AStar,
3628,24.26,AgentPrefab,Agent,MoveState,Moving,Goal,10.00,0.00,20.00,14.46,0.00,20.00,14.00,0.00,20.00,AStar,
3629,24.27,AgentPrefab,Agent,MoveState,Moving,Goal,10.00,0.00,20.00,14.45,0.00,20.00,14.00,0.00,20.00,AStar,
3630,24.27,AgentPrefab,Agent,MoveState,Moving,Goal,10.00,0.00,20.00,14.43,0.00,20.00,14.00,0.00,20.00,AStar,
3631,24.28,AgentPrefab,Agent,MoveState,Moving,Goal,10.00,0.00,20.00,14.42,0.00,20.00,14.00,0.00,20.00,AStar,
3632,24.29,AgentPrefab,Agent,MoveState,Moving,Goal,10.00,0.00,20.00,14.40,0.00,20.00,14.00,0.00,20.00,AStar,
3633,24.30,AgentPrefab,Agent,MoveState,Moving,Goal,10.00,0.00,20.00,14.39,0.00,20.00,14.00,0.00,20.00,AStar,
3634,24.30,AgentPrefab,Agent,MoveState,Moving,Goal,10.00,0.00,20.00,14.38,0.00,20.00,14.00,0.00,20.00,AStar,
3635,24.31,AgentPrefab,Agent,MoveState,Moving,Goal,10.00,0.00,20.00,14.36,0.00,20.00,14.00,0.00,20.00,AStar,
3636,24.32,AgentPrefab,Agent,MoveState,Moving,Goal,10.00,0.00,20.00,14.35,0.00,20.00,14.00,0.00,20.00,AStar,
3637,24.32,AgentPrefab,Agent,MoveState,Moving,Goal,10.00,0.00,20.00,14.33,0.00,20.00,14.00,0.00,20.00,AStar,
3638,24.33,AgentPrefab,Agent,MoveState,Moving,Goal,10.00,0.00,20.00,14.32,0.00,20.00,14.00,0.00,20.00,AStar,
3639,24.34,AgentPrefab,Agent,MoveState,Moving,Goal,10.00,0.00,20.00,14.31,0.00,20.00,14.00,0.00,20.00,AStar,
3640,24.35,AgentPrefab,Agent,MoveState,Moving,Goal,10.00,0.00,20.00,14.29,0.00,20.00,14.00,0.00,20.00,AStar,
3641,24.35,AgentPrefab,Agent,MoveState,Moving,Goal,10.00,0.00,20.00,14.28,0.00,20.00,14.00,0.00,20.00,AStar,
3642,24.36,AgentPrefab,Agent,MoveState,Moving,Goal,10.00,0.00,20.00,14.27,0.00,20.00,14.00,0.00,20.00,AStar,
3643,24.37,AgentPrefab,Agent,MoveState,Moving,Goal,10.00,0.00,20.00,14.25,0.00,20.00,14.00,0.00,20.00,AStar,
3644,24.37,AgentPrefab,Agent,MoveState,Moving,Goal,10.00,0.00,20.00,14.24,0.00,20.00,14.00,0.00,20.00,AStar,
3645,24.38,AgentPrefab,Agent,MoveState,Moving,Goal,10.00,0.00,20.00,14.22,0.00,20.00,14.00,0.00,20.00,AStar,
3646,24.39,AgentPrefab,Agent,MoveState,Moving,Goal,10.00,0.00,20.00,14.21,0.00,20.00,14.00,0.00,20.00,AStar,
3647,24.39,AgentPrefab,Agent,MoveState,Moving,Goal,10.00,0.00,20.00,14.20,0.00,20.00,14.00,0.00,20.00,AStar,
3648,24.40,AgentPrefab,Agent,MoveState,Moving,Goal,10.00,0.00,20.00,14.18,0.00,20.00,14.00,0.00,20.00,AStar,
3649,24.41,AgentPrefab,Agent,MoveState,Moving,Goal,10.00,0.00,20.00,14.17,0.00,20.00,14.00,0.00,20.00,AStar,
3650,24.41,AgentPrefab,Agent,MoveState,Moving,Goal,10.00,0.00,20.00,14.15,0.00,20.00,14.00,0.00,20.00,AStar,
3651,24.42,AgentPrefab,Agent,MoveState,Moving,Goal,10.00,0.00,20.00,14.14,0.00,20.00,14.00,0.00,20.00,AStar,
3652,24.43,AgentPrefab,Agent,MoveState,Moving,Goal,10.00,0.00,20.00,14.13,0.00,20.00,14.00,0.00,20.00,AStar,
3653,24.44,AgentPrefab,Agent,MoveState,Moving,Goal,10.00,0.00,20.00,14.11,0.00,20.00,14.00,0.00,20.00,AStar,
3654,24.44,AgentPrefab,Agent,MoveState,Moving,Goal,10.00,0.00,20.00,14.10,0.00,20.00,14.00,0.00,20.00,AStar,
3655,24.45,AgentPrefab,Agent,MoveState,Moving,Goal,10.00,0.00,20.00,14.08,0.00,20.00,14.00,0.00,20.00,AStar,
3656,24.46,AgentPrefab,Agent,MoveState,Moving,Goal,10.00,0.00,20.00,14.07,0.00,20.00,14.00,0.00,20.00,AStar,
3657,24.46,AgentPrefab,Agent,MoveState,Moving,Goal,10.00,0.00,20.00,14.06,0.00,20.00,14.00,0.00,20.00,AStar,
3658,24.47,AgentPrefab,Agent,MoveState,Moving,Goal,10.00,0.00,20.00,14.00,0.00,20.00,13.00,0.00,20.00,AStar,
3659,24.48,AgentPrefab,Agent,MoveState,Moving,Goal,10.00,0.00,20.00,13.99,0.00,20.00,13.00,0.00,20.00,AStar,
3660,24.49,AgentPrefab,Agent,MoveState,Moving,Goal,10.00,0.00,20.00,13.97,0.00,20.00,13.00,0.00,20.00,AStar,
3661,24.49,AgentPrefab,Agent,MoveState,Moving,Goal,10.00,0.00,20.00,13.96,0.00,20.00,13.00,0.00,20.00,AStar,
3662,24.50,AgentPrefab,Agent,MoveState,Moving,Goal,10.00,0.00,20.00,13.94,0.00,20.00,13.00,0.00,20.00,AStar,
3663,24.51,AgentPrefab,Agent,MoveState,Moving,Goal,10.00,0.00,20.00,13.93,0.00,20.00,13.00,0.00,20.00,AStar,
3664,24.51,AgentPrefab,Agent,MoveState,Moving,Goal,10.00,0.00,20.00,13.91,0.00,20.00,13.00,0.00,20.00,AStar,
3665,24.52,AgentPrefab,Agent,MoveState,Moving,Goal,10.00,0.00,20.00,13.90,0.00,20.00,13.00,0.00,20.00,AStar,
3666,24.53,AgentPrefab,Agent,MoveState,Moving,Goal,10.00,0.00,20.00,13.89,0.00,20.00,13.00,0.00,20.00,AStar,
3667,24.53,AgentPrefab,Agent,MoveState,Moving,Goal,10.00,0.00,20.00,13.87,0.00,20.00,13.00,0.00,20.00,AStar,
3668,24.54,AgentPrefab,Agent,MoveState,Moving,Goal,10.00,0.00,20.00,13.86,0.00,20.00,13.00,0.00,20.00,AStar,
3669,24.55,AgentPrefab,Agent,MoveState,Moving,Goal,10.00,0.00,20.00,13.84,0.00,20.00,13.00,0.00,20.00,AStar,
3670,24.56,AgentPrefab,Agent,MoveState,Moving,Goal,10.00,0.00,20.00,13.83,0.00,20.00,13.00,0.00,20.00,AStar,
3671,24.56,AgentPrefab,Agent,MoveState,Moving,Goal,10.00,0.00,20.00,13.82,0.00,20.00,13.00,0.00,20.00,AStar,
3672,24.57,AgentPrefab,Agent,MoveState,Moving,Goal,10.00,0.00,20.00,13.80,0.00,20.00,13.00,0.00,20.00,AStar,
3673,24.58,AgentPrefab,Agent,MoveState,Moving,Goal,10.00,0.00,20.00,13.79,0.00,20.00,13.00,0.00,20.00,AStar,
3674,24.58,AgentPrefab,Agent,MoveState,Moving,Goal,10.00,0.00,20.00,13.77,0.00,20.00,13.00,0.00,20.00,AStar,
3675,24.59,AgentPrefab,Agent,MoveState,Moving,Goal,10.00,0.00,20.00,13.76,0.00,20.00,13.00,0.00,20.00,AStar,
3676,24.60,AgentPrefab,Agent,MoveState,Moving,Goal,10.00,0.00,20.00,13.75,0.00,20.00,13.00,0.00,20.00,AStar,
3677,24.60,AgentPrefab,Agent,MoveState,Moving,Goal,10.00,0.00,20.00,13.73,0.00,20.00,13.00,0.00,20.00,AStar,
3678,24.62,AgentPrefab,Agent,MoveState,Moving,Goal,10.00,0.00,20.00,13.72,0.00,20.00,13.00,0.00,20.00,AStar,
3679,24.63,AgentPrefab,Agent,MoveState,Moving,Goal,10.00,0.00,20.00,13.68,0.00,20.00,13.00,0.00,20.00,AStar,
3680,24.64,AgentPrefab,Agent,MoveState,Moving,Goal,10.00,0.00,20.00,13.67,0.00,20.00,13.00,0.00,20.00,AStar,
3681,24.64,AgentPrefab,Agent,MoveState,Moving,Goal,10.00,0.00,20.00,13.65,0.00,20.00,13.00,0.00,20.00,AStar,
3682,24.65,AgentPrefab,Agent,MoveState,Moving,Goal,10.00,0.00,20.00,13.64,0.00,20.00,13.00,0.00,20.00,AStar,
3683,24.66,AgentPrefab,Agent,MoveState,Moving,Goal,10.00,0.00,20.00,13.63,0.00,20.00,13.00,0.00,20.00,AStar,
3684,24.66,AgentPrefab,Agent,MoveState,Moving,Goal,10.00,0.00,20.00,13.61,0.00,20.00,13.00,0.00,20.00,AStar,
3685,24.67,AgentPrefab,Agent,MoveState,Moving,Goal,10.00,0.00,20.00,13.60,0.00,20.00,13.00,0.00,20.00,AStar,
3686,24.68,AgentPrefab,Agent,MoveState,Moving,Goal,10.00,0.00,20.00,13.58,0.00,20.00,13.00,0.00,20.00,AStar,
3687,24.69,AgentPrefab,Agent,MoveState,Moving,Goal,10.00,0.00,20.00,13.57,0.00,20.00,13.00,0.00,20.00,AStar,
3688,24.69,AgentPrefab,Agent,MoveState,Moving,Goal,10.00,0.00,20.00,13.56,0.00,20.00,13.00,0.00,20.00,AStar,
3689,24.70,AgentPrefab,Agent,MoveState,Moving,Goal,10.00,0.00,20.00,13.54,0.00,20.00,13.00,0.00,20.00,AStar,
3690,24.71,AgentPrefab,Agent,MoveState,Moving,Goal,10.00,0.00,20.00,13.53,0.00,20.00,13.00,0.00,20.00,AStar,
3691,24.71,AgentPrefab,Agent,MoveState,Moving,Goal,10.00,0.00,20.00,13.51,0.00,20.00,13.00,0.00,20.00,AStar,
3692,24.72,AgentPrefab,Agent,MoveState,Moving,Goal,10.00,0.00,20.00,13.50,0.00,20.00,13.00,0.00,20.00,AStar,
3693,24.73,AgentPrefab,Agent,MoveState,Moving,Goal,10.00,0.00,20.00,13.49,0.00,20.00,13.00,0.00,20.00,AStar,
3694,24.73,AgentPrefab,Agent,MoveState,Moving,Goal,10.00,0.00,20.00,13.47,0.00,20.00,13.00,0.00,20.00,AStar,
3695,24.74,AgentPrefab,Agent,MoveState,Moving,Goal,10.00,0.00,20.00,13.46,0.00,20.00,13.00,0.00,20.00,AStar,
3696,24.75,AgentPrefab,Agent,MoveState,Moving,Goal,10.00,0.00,20.00,13.45,0.00,20.00,13.00,0.00,20.00,AStar,
3697,24.76,AgentPrefab,Agent,MoveState,Moving,Goal,10.00,0.00,20.00,13.43,0.00,20.00,13.00,0.00,20.00,AStar,
3698,24.76,AgentPrefab,Agent,MoveState,Moving,Goal,10.00,0.00,20.00,13.42,0.00,20.00,13.00,0.00,20.00,AStar,
3699,24.77,AgentPrefab,Agent,MoveState,Moving,Goal,10.00,0.00,20.00,13.40,0.00,20.00,13.00,0.00,20.00,AStar,
3700,24.78,AgentPrefab,Agent,MoveState,Moving,Goal,10.00,0.00,20.00,13.39,0.00,20.00,13.00,0.00,20.00,AStar,
3701,24.78,AgentPrefab,Agent,MoveState,Moving,Goal,10.00,0.00,20.00,13.38,0.00,20.00,13.00,0.00,20.00,AStar,
3702,24.79,AgentPrefab,Agent,MoveState,Moving,Goal,10.00,0.00,20.00,13.36,0.00,20.00,13.00,0.00,20.00,AStar,
3703,24.80,AgentPrefab,Agent,MoveState,Moving,Goal,10.00,0.00,20.00,13.35,0.00,20.00,13.00,0.00,20.00,AStar,
3704,24.80,AgentPrefab,Agent,MoveState,Moving,Goal,10.00,0.00,20.00,13.33,0.00,20.00,13.00,0.00,20.00,AStar,
3705,24.81,AgentPrefab,Agent,MoveState,Moving,Goal,10.00,0.00,20.00,13.32,0.00,20.00,13.00,0.00,20.00,AStar,
3706,24.82,AgentPrefab,Agent,MoveState,Moving,Goal,10.00,0.00,20.00,13.31,0.00,20.00,13.00,0.00,20.00,AStar,
3707,24.82,AgentPrefab,Agent,MoveState,Moving,Goal,10.00,0.00,20.00,13.29,0.00,20.00,13.00,0.00,20.00,AStar,
3708,24.83,AgentPrefab,Agent,MoveState,Moving,Goal,10.00,0.00,20.00,13.28,0.00,20.00,13.00,0.00,20.00,AStar,
3709,24.84,AgentPrefab,Agent,MoveState,Moving,Goal,10.00,0.00,20.00,13.26,0.00,20.00,13.00,0.00,20.00,AStar,
3710,24.85,AgentPrefab,Agent,MoveState,Moving,Goal,10.00,0.00,20.00,13.25,0.00,20.00,13.00,0.00,20.00,AStar,
3711,24.85,AgentPrefab,Agent,MoveState,Moving,Goal,10.00,0.00,20.00,13.23,0.00,20.00,13.00,0.00,20.00,AStar,
3712,24.86,AgentPrefab,Agent,MoveState,Moving,Goal,10.00,0.00,20.00,13.22,0.00,20.00,13.00,0.00,20.00,AStar,
3713,24.87,AgentPrefab,Agent,MoveState,Moving,Goal,10.00,0.00,20.00,13.21,0.00,20.00,13.00,0.00,20.00,AStar,
3714,24.87,AgentPrefab,Agent,MoveState,Moving,Goal,10.00,0.00,20.00,13.19,0.00,20.00,13.00,0.00,20.00,AStar,
3715,24.88,AgentPrefab,Agent,MoveState,Moving,Goal,10.00,0.00,20.00,13.18,0.00,20.00,13.00,0.00,20.00,AStar,
3716,24.89,AgentPrefab,Agent,MoveState,Moving,Goal,10.00,0.00,20.00,13.17,0.00,20.00,13.00,0.00,20.00,AStar,
3717,24.90,AgentPrefab,Agent,MoveState,Moving,Goal,10.00,0.00,20.00,13.15,0.00,20.00,13.00,0.00,20.00,AStar,
3718,24.90,AgentPrefab,Agent,MoveState,Moving,Goal,10.00,0.00,20.00,13.14,0.00,20.00,13.00,0.00,20.00,AStar,
3719,24.91,AgentPrefab,Agent,MoveState,Moving,Goal,10.00,0.00,20.00,13.12,0.00,20.00,13.00,0.00,20.00,AStar,
3720,24.92,AgentPrefab,Agent,MoveState,Moving,Goal,10.00,0.00,20.00,13.11,0.00,20.00,13.00,0.00,20.00,AStar,
3721,24.92,AgentPrefab,Agent,MoveState,Moving,Goal,10.00,0.00,20.00,13.09,0.00,20.00,13.00,0.00,20.00,AStar,
3722,24.93,AgentPrefab,Agent,MoveState,Moving,Goal,10.00,0.00,20.00,13.08,0.00,20.00,13.00,0.00,20.00,AStar,
3723,24.94,AgentPrefab,Agent,MoveState,Moving,Goal,10.00,0.00,20.00,13.07,0.00,20.00,13.00,0.00,20.00,AStar,
3724,24.94,AgentPrefab,Agent,MoveState,Moving,Goal,10.00,0.00,20.00,13.05,0.00,20.00,13.00,0.00,20.00,AStar,
3725,24.95,AgentPrefab,Agent,MoveState,Moving,Goal,10.00,0.00,20.00,13.00,0.00,20.00,12.00,0.00,20.00,AStar,
3726,24.96,AgentPrefab,Agent,MoveState,Moving,Goal,10.00,0.00,20.00,12.99,0.00,20.00,12.00,0.00,20.00,AStar,
3727,24.97,AgentPrefab,Agent,MoveState,Moving,Goal,10.00,0.00,20.00,12.97,0.00,20.00,12.00,0.00,20.00,AStar,
3728,24.97,AgentPrefab,Agent,MoveState,Moving,Goal,10.00,0.00,20.00,12.96,0.00,20.00,12.00,0.00,20.00,AStar,
3729,24.98,AgentPrefab,Agent,MoveState,Moving,Goal,10.00,0.00,20.00,12.94,0.00,20.00,12.00,0.00,20.00,AStar,
3730,24.99,AgentPrefab,Agent,MoveState,Moving,Goal,10.00,0.00,20.00,12.93,0.00,20.00,12.00,0.00,20.00,AStar,
3731,24.99,AgentPrefab,Agent,MoveState,Moving,Goal,10.00,0.00,20.00,12.92,0.00,20.00,12.00,0.00,20.00,AStar,
3732,25.00,AgentPrefab,Agent,MoveState,Moving,Goal,10.00,0.00,20.00,12.90,0.00,20.00,12.00,0.00,20.00,AStar,
3733,25.01,AgentPrefab,Agent,MoveState,Moving,Goal,10.00,0.00,20.00,12.89,0.00,20.00,12.00,0.00,20.00,AStar,
3734,25.01,AgentPrefab,Agent,MoveState,Moving,Goal,10.00,0.00,20.00,12.87,0.00,20.00,12.00,0.00,20.00,AStar,
3735,25.02,AgentPrefab,Agent,MoveState,Moving,Goal,10.00,0.00,20.00,12.86,0.00,20.00,12.00,0.00,20.00,AStar,
3736,25.03,AgentPrefab,Agent,MoveState,Moving,Goal,10.00,0.00,20.00,12.85,0.00,20.00,12.00,0.00,20.00,AStar,
3737,25.03,AgentPrefab,Agent,MoveState,Moving,Goal,10.00,0.00,20.00,12.83,0.00,20.00,12.00,0.00,20.00,AStar,
3738,25.04,AgentPrefab,Agent,MoveState,Moving,Goal,10.00,0.00,20.00,12.82,0.00,20.00,12.00,0.00,20.00,AStar,
3739,25.05,AgentPrefab,Agent,MoveState,Moving,Goal,10.00,0.00,20.00,12.80,0.00,20.00,12.00,0.00,20.00,AStar,
3740,25.06,AgentPrefab,Agent,MoveState,Moving,Goal,10.00,0.00,20.00,12.79,0.00,20.00,12.00,0.00,20.00,AStar,
3741,25.06,AgentPrefab,Agent,MoveState,Moving,Goal,10.00,0.00,20.00,12.78,0.00,20.00,12.00,0.00,20.00,AStar,
3742,25.07,AgentPrefab,Agent,MoveState,Moving,Goal,10.00,0.00,20.00,12.76,0.00,20.00,12.00,0.00,20.00,AStar,
3743,25.08,AgentPrefab,Agent,MoveState,Moving,Goal,10.00,0.00,20.00,12.75,0.00,20.00,12.00,0.00,20.00,AStar,
3744,25.08,AgentPrefab,Agent,MoveState,Moving,Goal,10.00,0.00,20.00,12.73,0.00,20.00,12.00,0.00,20.00,AStar,
3745,25.09,AgentPrefab,Agent,MoveState,Moving,Goal,10.00,0.00,20.00,12.72,0.00,20.00,12.00,0.00,20.00,AStar,
3746,25.10,AgentPrefab,Agent,MoveState,Moving,Goal,10.00,0.00,20.00,12.71,0.00,20.00,12.00,0.00,20.00,AStar,
3747,25.12,AgentPrefab,Agent,MoveState,Moving,Goal,10.00,0.00,20.00,12.69,0.00,20.00,12.00,0.00,20.00,AStar,
3748,25.12,AgentPrefab,Agent,MoveState,Moving,Goal,10.00,0.00,20.00,12.66,0.00,20.00,12.00,0.00,20.00,AStar,
3749,25.13,AgentPrefab,Agent,MoveState,Moving,Goal,10.00,0.00,20.00,12.64,0.00,20.00,12.00,0.00,20.00,AStar,
3750,25.14,AgentPrefab,Agent,MoveState,Moving,Goal,10.00,0.00,20.00,12.63,0.00,20.00,12.00,0.00,20.00,AStar,
3751,25.14,AgentPrefab,Agent,MoveState,Moving,Goal,10.00,0.00,20.00,12.61,0.00,20.00,12.00,0.00,20.00,AStar,
3752,25.15,AgentPrefab,Agent,MoveState,Moving,Goal,10.00,0.00,20.00,12.60,0.00,20.00,12.00,0.00,20.00,AStar,
3753,25.16,AgentPrefab,Agent,MoveState,Moving,Goal,10.00,0.00,20.00,12.59,0.00,20.00,12.00,0.00,20.00,AStar,
3754,25.17,AgentPrefab,Agent,MoveState,Moving,Goal,10.00,0.00,20.00,12.57,0.00,20.00,12.00,0.00,20.00,AStar,
3755,25.17,AgentPrefab,Agent,MoveState,Moving,Goal,10.00,0.00,20.00,12.56,0.00,20.00,12.00,0.00,20.00,AStar,
3756,25.18,AgentPrefab,Agent,MoveState,Moving,Goal,10.00,0.00,20.00,12.54,0.00,20.00,12.00,0.00,20.00,AStar,
3757,25.19,AgentPrefab,Agent,MoveState,Moving,Goal,10.00,0.00,20.00,12.53,0.00,20.00,12.00,0.00,20.00,AStar,
3758,25.19,AgentPrefab,Agent,MoveState,Moving,Goal,10.00,0.00,20.00,12.52,0.00,20.00,12.00,0.00,20.00,AStar,
3759,25.20,AgentPrefab,Agent,MoveState,Moving,Goal,10.00,0.00,20.00,12.50,0.00,20.00,12.00,0.00,20.00,AStar,
3760,25.21,AgentPrefab,Agent,MoveState,Moving,Goal,10.00,0.00,20.00,12.49,0.00,20.00,12.00,0.00,20.00,AStar,
3761,25.21,AgentPrefab,Agent,MoveState,Moving,Goal,10.00,0.00,20.00,12.47,0.00,20.00,12.00,0.00,20.00,AStar,
3762,25.22,AgentPrefab,Agent,MoveState,Moving,Goal,10.00,0.00,20.00,12.46,0.00,20.00,12.00,0.00,20.00,AStar,
3763,25.23,AgentPrefab,Agent,MoveState,Moving,Goal,10.00,0.00,20.00,12.45,0.00,20.00,12.00,0.00,20.00,AStar,
3764,25.24,AgentPrefab,Agent,MoveState,Moving,Goal,10.00,0.00,20.00,12.43,0.00,20.00,12.00,0.00,20.00,AStar,
3765,25.24,AgentPrefab,Agent,MoveState,Moving,Goal,10.00,0.00,20.00,12.42,0.00,20.00,12.00,0.00,20.00,AStar,
3766,25.25,AgentPrefab,Agent,MoveState,Moving,Goal,10.00,0.00,20.00,12.40,0.00,20.00,12.00,0.00,20.00,AStar,
3767,25.26,AgentPrefab,Agent,MoveState,Moving,Goal,10.00,0.00,20.00,12.39,0.00,20.00,12.00,0.00,20.00,AStar,
3768,25.26,AgentPrefab,Agent,MoveState,Moving,Goal,10.00,0.00,20.00,12.38,0.00,20.00,12.00,0.00,20.00,AStar,
3769,25.27,AgentPrefab,Agent,MoveState,Moving,Goal,10.00,0.00,20.00,12.36,0.00,20.00,12.00,0.00,20.00,AStar,
3770,25.28,AgentPrefab,Agent,MoveState,Moving,Goal,10.00,0.00,20.00,12.35,0.00,20.00,12.00,0.00,20.00,AStar,
3771,25.28,AgentPrefab,Agent,MoveState,Moving,Goal,10.00,0.00,20.00,12.33,0.00,20.00,12.00,0.00,20.00,AStar,
3772,25.29,AgentPrefab,Agent,MoveState,Moving,Goal,10.00,0.00,20.00,12.32,0.00,20.00,12.00,0.00,20.00,AStar,
3773,25.30,AgentPrefab,Agent,MoveState,Moving,Goal,10.00,0.00,20.00,12.30,0.00,20.00,12.00,0.00,20.00,AStar,
3774,25.31,AgentPrefab,Agent,MoveState,Moving,Goal,10.00,0.00,20.00,12.29,0.00,20.00,12.00,0.00,20.00,AStar,
3775,25.31,AgentPrefab,Agent,MoveState,Moving,Goal,10.00,0.00,20.00,12.28,0.00,20.00,12.00,0.00,20.00,AStar,
3776,25.32,AgentPrefab,Agent,MoveState,Moving,Goal,10.00,0.00,20.00,12.26,0.00,20.00,12.00,0.00,20.00,AStar,
3777,25.33,AgentPrefab,Agent,MoveState,Moving,Goal,10.00,0.00,20.00,12.25,0.00,20.00,12.00,0.00,20.00,AStar,
3778,25.33,AgentPrefab,Agent,MoveState,Moving,Goal,10.00,0.00,20.00,12.23,0.00,20.00,12.00,0.00,20.00,AStar,
3779,25.34,AgentPrefab,Agent,MoveState,Moving,Goal,10.00,0.00,20.00,12.22,0.00,20.00,12.00,0.00,20.00,AStar,
3780,25.35,AgentPrefab,Agent,MoveState,Moving,Goal,10.00,0.00,20.00,12.21,0.00,20.00,12.00,0.00,20.00,AStar,
3781,25.36,AgentPrefab,Agent,MoveState,Moving,Goal,10.00,0.00,20.00,12.19,0.00,20.00,12.00,0.00,20.00,AStar,
3782,25.36,AgentPrefab,Agent,MoveState,Moving,Goal,10.00,0.00,20.00,12.18,0.00,20.00,12.00,0.00,20.00,AStar,
3783,25.37,AgentPrefab,Agent,MoveState,Moving,Goal,10.00,0.00,20.00,12.16,0.00,20.00,12.00,0.00,20.00,AStar,
3784,25.38,AgentPrefab,Agent,MoveState,Moving,Goal,10.00,0.00,20.00,12.15,0.00,20.00,12.00,0.00,20.00,AStar,
3785,25.38,AgentPrefab,Agent,MoveState,Moving,Goal,10.00,0.00,20.00,12.13,0.00,20.00,12.00,0.00,20.00,AStar,
3786,25.39,AgentPrefab,Agent,MoveState,Moving,Goal,10.00,0.00,20.00,12.12,0.00,20.00,12.00,0.00,20.00,AStar,
3787,25.40,AgentPrefab,Agent,MoveState,Moving,Goal,10.00,0.00,20.00,12.11,0.00,20.00,12.00,0.00,20.00,AStar,
3788,25.40,AgentPrefab,Agent,MoveState,Moving,Goal,10.00,0.00,20.00,12.09,0.00,20.00,12.00,0.00,20.00,AStar,
3789,25.41,AgentPrefab,Agent,MoveState,Moving,Goal,10.00,0.00,20.00,12.08,0.00,20.00,12.00,0.00,20.00,AStar,
3790,25.42,AgentPrefab,Agent,MoveState,Moving,Goal,10.00,0.00,20.00,12.06,0.00,20.00,12.00,0.00,20.00,AStar,
3791,25.43,AgentPrefab,Agent,MoveState,Moving,Goal,10.00,0.00,20.00,12.05,0.00,20.00,12.00,0.00,20.00,AStar,
3792,25.43,AgentPrefab,Agent,MoveState,Moving,Goal,10.00,0.00,20.00,12.00,0.00,20.00,11.00,0.00,20.00,AStar,
3793,25.44,AgentPrefab,Agent,MoveState,Moving,Goal,10.00,0.00,20.00,11.99,0.00,20.00,11.00,0.00,20.00,AStar,
3794,25.45,AgentPrefab,Agent,MoveState,Moving,Goal,10.00,0.00,20.00,11.97,0.00,20.00,11.00,0.00,20.00,AStar,
3795,25.45,AgentPrefab,Agent,MoveState,Moving,Goal,10.00,0.00,20.00,11.96,0.00,20.00,11.00,0.00,20.00,AStar,
3796,25.46,AgentPrefab,Agent,MoveState,Moving,Goal,10.00,0.00,20.00,11.94,0.00,20.00,11.00,0.00,20.00,AStar,
3797,25.47,AgentPrefab,Agent,MoveState,Moving,Goal,10.00,0.00,20.00,11.93,0.00,20.00,11.00,0.00,20.00,AStar,
3798,25.48,AgentPrefab,Agent,MoveState,Moving,Goal,10.00,0.00,20.00,11.92,0.00,20.00,11.00,0.00,20.00,AStar,
3799,25.48,AgentPrefab,Agent,MoveState,Moving,Goal,10.00,0.00,20.00,11.90,0.00,20.00,11.00,0.00,20.00,AStar,
3800,25.49,AgentPrefab,Agent,MoveState,Moving,Goal,10.00,0.00,20.00,11.89,0.00,20.00,11.00,0.00,20.00,AStar,
3801,25.50,AgentPrefab,Agent,MoveState,Moving,Goal,10.00,0.00,20.00,11.87,0.00,20.00,11.00,0.00,20.00,AStar,
3802,25.51,AgentPrefab,Agent,MoveState,Moving,Goal,10.00,0.00,20.00,11.86,0.00,20.00,11.00,0.00,20.00,AStar,
3803,25.51,AgentPrefab,Agent,MoveState,Moving,Goal,10.00,0.00,20.00,11.84,0.00,20.00,11.00,0.00,20.00,AStar,
3804,25.52,AgentPrefab,Agent,MoveState,Moving,Goal,10.00,0.00,20.00,11.82,0.00,20.00,11.00,0.00,20.00,AStar,
3805,25.53,AgentPrefab,Agent,MoveState,Moving,Goal,10.00,0.00,20.00,11.81,0.00,20.00,11.00,0.00,20.00,AStar,
3806,25.53,AgentPrefab,Agent,MoveState,Moving,Goal,10.00,0.00,20.00,11.80,0.00,20.00,11.00,0.00,20.00,AStar,
3807,25.54,AgentPrefab,Agent,MoveState,Moving,Goal,10.00,0.00,20.00,11.78,0.00,20.00,11.00,0.00,20.00,AStar,
3808,25.55,AgentPrefab,Agent,MoveState,Moving,Goal,10.00,0.00,20.00,11.77,0.00,20.00,11.00,0.00,20.00,AStar,
3809,25.56,AgentPrefab,Agent,MoveState,Moving,Goal,10.00,0.00,20.00,11.75,0.00,20.00,11.00,0.00,20.00,AStar,
3810,25.56,AgentPrefab,Agent,MoveState,Moving,Goal,10.00,0.00,20.00,11.74,0.00,20.00,11.00,0.00,20.00,AStar,
3811,25.57,AgentPrefab,Agent,MoveState,Moving,Goal,10.00,0.00,20.00,11.73,0.00,20.00,11.00,0.00,20.00,AStar,
3812,25.58,AgentPrefab,Agent,MoveState,Moving,Goal,10.00,0.00,20.00,11.71,0.00,20.00,11.00,0.00,20.00,AStar,
3813,25.58,AgentPrefab,Agent,MoveState,Moving,Goal,10.00,0.00,20.00,11.70,0.00,20.00,11.00,0.00,20.00,AStar,
3814,25.59,AgentPrefab,Agent,MoveState,Moving,Goal,10.00,0.00,20.00,11.68,0.00,20.00,11.00,0.00,20.00,AStar,
3815,25.61,AgentPrefab,Agent,MoveState,Moving,Goal,10.00,0.00,20.00,11.67,0.00,20.00,11.00,0.00,20.00,AStar,
3816,25.62,AgentPrefab,Agent,MoveState,Moving,Goal,10.00,0.00,20.00,11.63,0.00,20.00,11.00,0.00,20.00,AStar,
3817,25.62,AgentPrefab,Agent,MoveState,Moving,Goal,10.00,0.00,20.00,11.62,0.00,20.00,11.00,0.00,20.00,AStar,
3818,25.63,AgentPrefab,Agent,MoveState,Moving,Goal,10.00,0.00,20.00,11.61,0.00,20.00,11.00,0.00,20.00,AStar,
3819,25.64,AgentPrefab,Agent,MoveState,Moving,Goal,10.00,0.00,20.00,11.59,0.00,20.00,11.00,0.00,20.00,AStar,
3820,25.64,AgentPrefab,Agent,MoveState,Moving,Goal,10.00,0.00,20.00,11.58,0.00,20.00,11.00,0.00,20.00,AStar,
3821,25.65,AgentPrefab,Agent,MoveState,Moving,Goal,10.00,0.00,20.00,11.56,0.00,20.00,11.00,0.00,20.00,AStar,
3822,25.66,AgentPrefab,Agent,MoveState,Moving,Goal,10.00,0.00,20.00,11.55,0.00,20.00,11.00,0.00,20.00,AStar,
3823,25.66,AgentPrefab,Agent,MoveState,Moving,Goal,10.00,0.00,20.00,11.54,0.00,20.00,11.00,0.00,20.00,AStar,
3824,25.67,AgentPrefab,Agent,MoveState,Moving,Goal,10.00,0.00,20.00,11.52,0.00,20.00,11.00,0.00,20.00,AStar,
3825,25.68,AgentPrefab,Agent,MoveState,Moving,Goal,10.00,0.00,20.00,11.51,0.00,20.00,11.00,0.00,20.00,AStar,
3826,25.69,AgentPrefab,Agent,MoveState,Moving,Goal,10.00,0.00,20.00,11.49,0.00,20.00,11.00,0.00,20.00,AStar,
3827,25.69,AgentPrefab,Agent,MoveState,Moving,Goal,10.00,0.00,20.00,11.48,0.00,20.00,11.00,0.00,20.00,AStar,
3828,25.70,AgentPrefab,Agent,MoveState,Moving,Goal,10.00,0.00,20.00,11.47,0.00,20.00,11.00,0.00,20.00,AStar,
3829,25.71,AgentPrefab,Agent,MoveState,Moving,Goal,10.00,0.00,20.00,11.45,0.00,20.00,11.00,0.00,20.00,AStar,
3830,25.71,AgentPrefab,Agent,MoveState,Moving,Goal,10.00,0.00,20.00,11.44,0.00,20.00,11.00,0.00,20.00,AStar,
3831,25.72,AgentPrefab,Agent,MoveState,Moving,Goal,10.00,0.00,20.00,11.42,0.00,20.00,11.00,0.00,20.00,AStar,
3832,25.73,AgentPrefab,Agent,MoveState,Moving,Goal,10.00,0.00,20.00,11.41,0.00,20.00,11.00,0.00,20.00,AStar,
3833,25.73,AgentPrefab,Agent,MoveState,Moving,Goal,10.00,0.00,20.00,11.40,0.00,20.00,11.00,0.00,20.00,AStar,
3834,25.74,AgentPrefab,Agent,MoveState,Moving,Goal,10.00,0.00,20.00,11.38,0.00,20.00,11.00,0.00,20.00,AStar,
3835,25.75,AgentPrefab,Agent,MoveState,Moving,Goal,10.00,0.00,20.00,11.37,0.00,20.00,11.00,0.00,20.00,AStar,
3836,25.76,AgentPrefab,Agent,MoveState,Moving,Goal,10.00,0.00,20.00,11.35,0.00,20.00,11.00,0.00,20.00,AStar,
3837,25.76,AgentPrefab,Agent,MoveState,Moving,Goal,10.00,0.00,20.00,11.34,0.00,20.00,11.00,0.00,20.00,AStar,
3838,25.77,AgentPrefab,Agent,MoveState,Moving,Goal,10.00,0.00,20.00,11.33,0.00,20.00,11.00,0.00,20.00,AStar,
3839,25.78,AgentPrefab,Agent,MoveState,Moving,Goal,10.00,0.00,20.00,11.31,0.00,20.00,11.00,0.00,20.00,AStar,
3840,25.78,AgentPrefab,Agent,MoveState,Moving,Goal,10.00,0.00,20.00,11.30,0.00,20.00,11.00,0.00,20.00,AStar,
3841,25.79,AgentPrefab,Agent,MoveState,Moving,Goal,10.00,0.00,20.00,11.28,0.00,20.00,11.00,0.00,20.00,AStar,
3842,25.80,AgentPrefab,Agent,MoveState,Moving,Goal,10.00,0.00,20.00,11.27,0.00,20.00,11.00,0.00,20.00,AStar,
3843,25.80,AgentPrefab,Agent,MoveState,Moving,Goal,10.00,0.00,20.00,11.26,0.00,20.00,11.00,0.00,20.00,AStar,
3844,25.81,AgentPrefab,Agent,MoveState,Moving,Goal,10.00,0.00,20.00,11.24,0.00,20.00,11.00,0.00,20.00,AStar,
3845,25.82,AgentPrefab,Agent,MoveState,Moving,Goal,10.00,0.00,20.00,11.23,0.00,20.00,11.00,0.00,20.00,AStar,
3846,25.82,AgentPrefab,Agent,MoveState,Moving,Goal,10.00,0.00,20.00,11.22,0.00,20.00,11.00,0.00,20.00,AStar,
3847,25.83,AgentPrefab,Agent,MoveState,Moving,Goal,10.00,0.00,20.00,11.20,0.00,20.00,11.00,0.00,20.00,AStar,
3848,25.84,AgentPrefab,Agent,MoveState,Moving,Goal,10.00,0.00,20.00,11.19,0.00,20.00,11.00,0.00,20.00,AStar,
3849,25.85,AgentPrefab,Agent,MoveState,Moving,Goal,10.00,0.00,20.00,11.17,0.00,20.00,11.00,0.00,20.00,AStar,
3850,25.85,AgentPrefab,Agent,MoveState,Moving,Goal,10.00,0.00,20.00,11.16,0.00,20.00,11.00,0.00,20.00,AStar,
3851,25.86,AgentPrefab,Agent,MoveState,Moving,Goal,10.00,0.00,20.00,11.14,0.00,20.00,11.00,0.00,20.00,AStar,
3852,25.87,AgentPrefab,Agent,MoveState,Moving,Goal,10.00,0.00,20.00,11.13,0.00,20.00,11.00,0.00,20.00,AStar,
3853,25.87,AgentPrefab,Agent,MoveState,Moving,Goal,10.00,0.00,20.00,11.12,0.00,20.00,11.00,0.00,20.00,AStar,
3854,25.88,AgentPrefab,Agent,MoveState,Moving,Goal,10.00,0.00,20.00,11.10,0.00,20.00,11.00,0.00,20.00,AStar,
3855,25.89,AgentPrefab,Agent,MoveState,Moving,Goal,10.00,0.00,20.00,11.09,0.00,20.00,11.00,0.00,20.00,AStar,
3856,25.90,AgentPrefab,Agent,MoveState,Moving,Goal,10.00,0.00,20.00,11.07,0.00,20.00,11.00,0.00,20.00,AStar,
3857,25.90,AgentPrefab,Agent,MoveState,Moving,Goal,10.00,0.00,20.00,11.06,0.00,20.00,11.00,0.00,20.00,AStar,
3858,25.91,AgentPrefab,Agent,MoveState,Moving,Goal,10.00,0.00,20.00,11.00,0.00,20.00,10.00,0.00,20.00,AStar,
3859,25.92,AgentPrefab,Agent,MoveState,Moving,Goal,10.00,0.00,20.00,10.99,0.00,20.00,10.00,0.00,20.00,AStar,
3860,25.92,AgentPrefab,Agent,MoveState,Moving,Goal,10.00,0.00,20.00,10.97,0.00,20.00,10.00,0.00,20.00,AStar,
3861,25.93,AgentPrefab,Agent,MoveState,Moving,Goal,10.00,0.00,20.00,10.96,0.00,20.00,10.00,0.00,20.00,AStar,
3862,25.94,AgentPrefab,Agent,MoveState,Moving,Goal,10.00,0.00,20.00,10.94,0.00,20.00,10.00,0.00,20.00,AStar,
3863,25.94,AgentPrefab,Agent,MoveState,Moving,Goal,10.00,0.00,20.00,10.93,0.00,20.00,10.00,0.00,20.00,AStar,
3864,25.95,AgentPrefab,Agent,MoveState,Moving,Goal,10.00,0.00,20.00,10.92,0.00,20.00,10.00,0.00,20.00,AStar,
3865,25.96,AgentPrefab,Agent,MoveState,Moving,Goal,10.00,0.00,20.00,10.90,0.00,20.00,10.00,0.00,20.00,AStar,
3866,25.97,AgentPrefab,Agent,MoveState,Moving,Goal,10.00,0.00,20.00,10.89,0.00,20.00,10.00,0.00,20.00,AStar,
3867,25.97,AgentPrefab,Agent,MoveState,Moving,Goal,10.00,0.00,20.00,10.87,0.00,20.00,10.00,0.00,20.00,AStar,
3868,25.98,AgentPrefab,Agent,MoveState,Moving,Goal,10.00,0.00,20.00,10.86,0.00,20.00,10.00,0.00,20.00,AStar,
3869,25.99,AgentPrefab,Agent,MoveState,Moving,Goal,10.00,0.00,20.00,10.85,0.00,20.00,10.00,0.00,20.00,AStar,
3870,25.99,AgentPrefab,Agent,MoveState,Moving,Goal,10.00,0.00,20.00,10.83,0.00,20.00,10.00,0.00,20.00,AStar,
3871,26.00,AgentPrefab,Agent,MoveState,Moving,Goal,10.00,0.00,20.00,10.82,0.00,20.00,10.00,0.00,20.00,AStar,
3872,26.01,AgentPrefab,Agent,MoveState,Moving,Goal,10.00,0.00,20.00,10.81,0.00,20.00,10.00,0.00,20.00,AStar,
3873,26.01,AgentPrefab,Agent,MoveState,Moving,Goal,10.00,0.00,20.00,10.79,0.00,20.00,10.00,0.00,20.00,AStar,
3874,26.02,AgentPrefab,Agent,MoveState,Moving,Goal,10.00,0.00,20.00,10.78,0.00,20.00,10.00,0.00,20.00,AStar,
3875,26.03,AgentPrefab,Agent,MoveState,Moving,Goal,10.00,0.00,20.00,10.76,0.00,20.00,10.00,0.00,20.00,AStar,
3876,26.03,AgentPrefab,Agent,MoveState,Moving,Goal,10.00,0.00,20.00,10.75,0.00,20.00,10.00,0.00,20.00,AStar,
3877,26.04,AgentPrefab,Agent,MoveState,Moving,Goal,10.00,0.00,20.00,10.74,0.00,20.00,10.00,0.00,20.00,AStar,
3878,26.05,AgentPrefab,Agent,MoveState,Moving,Goal,10.00,0.00,20.00,10.72,0.00,20.00,10.00,0.00,20.00,AStar,
3879,26.06,AgentPrefab,Agent,MoveState,Moving,Goal,10.00,0.00,20.00,10.71,0.00,20.00,10.00,0.00,20.00,AStar,
3880,26.06,AgentPrefab,Agent,MoveState,Moving,Goal,10.00,0.00,20.00,10.69,0.00,20.00,10.00,0.00,20.00,AStar,
3881,26.07,AgentPrefab,Agent,MoveState,Moving,Goal,10.00,0.00,20.00,10.68,0.00,20.00,10.00,0.00,20.00,AStar,
3882,26.09,AgentPrefab,Agent,MoveState,Moving,Goal,10.00,0.00,20.00,10.67,0.00,20.00,10.00,0.00,20.00,AStar,
3883,26.09,AgentPrefab,Agent,MoveState,Moving,Goal,10.00,0.00,20.00,10.63,0.00,20.00,10.00,0.00,20.00,AStar,
3884,26.10,AgentPrefab,Agent,MoveState,Moving,Goal,10.00,0.00,20.00,10.62,0.00,20.00,10.00,0.00,20.00,AStar,
3885,26.11,AgentPrefab,Agent,MoveState,Moving,Goal,10.00,0.00,20.00,10.60,0.00,20.00,10.00,0.00,20.00,AStar,
3886,26.12,AgentPrefab,Agent,MoveState,Moving,Goal,10.00,0.00,20.00,10.59,0.00,20.00,10.00,0.00,20.00,AStar,
3887,26.12,AgentPrefab,Agent,MoveState,Moving,Goal,10.00,0.00,20.00,10.57,0.00,20.00,10.00,0.00,20.00,AStar,
3888,26.13,AgentPrefab,Agent,MoveState,Moving,Goal,10.00,0.00,20.00,10.56,0.00,20.00,10.00,0.00,20.00,AStar,
3889,26.14,AgentPrefab,Agent,MoveState,Moving,Goal,10.00,0.00,20.00,10.55,0.00,20.00,10.00,0.00,20.00,AStar,
3890,26.14,AgentPrefab,Agent,MoveState,Moving,Goal,10.00,0.00,20.00,10.53,0.00,20.00,10.00,0.00,20.00,AStar,
3891,26.15,AgentPrefab,Agent,MoveState,Moving,Goal,10.00,0.00,20.00,10.52,0.00,20.00,10.00,0.00,20.00,AStar,
3892,26.16,AgentPrefab,Agent,MoveState,Moving,Goal,10.00,0.00,20.00,10.50,0.00,20.00,10.00,0.00,20.00,AStar,
3893,26.16,AgentPrefab,Agent,MoveState,Moving,Goal,10.00,0.00,20.00,10.49,0.00,20.00,10.00,0.00,20.00,AStar,
3894,26.17,AgentPrefab,Agent,MoveState,Moving,Goal,10.00,0.00,20.00,10.48,0.00,20.00,10.00,0.00,20.00,AStar,
3895,26.18,AgentPrefab,Agent,MoveState,Moving,Goal,10.00,0.00,20.00,10.46,0.00,20.00,10.00,0.00,20.00,AStar,
3896,26.18,AgentPrefab,Agent,MoveState,Moving,Goal,10.00,0.00,20.00,10.45,0.00,20.00,10.00,0.00,20.00,AStar,
3897,26.19,AgentPrefab,Agent,MoveState,Moving,Goal,10.00,0.00,20.00,10.43,0.00,20.00,10.00,0.00,20.00,AStar,
3898,26.20,AgentPrefab,Agent,MoveState,Moving,Goal,10.00,0.00,20.00,10.42,0.00,20.00,10.00,0.00,20.00,AStar,
3899,26.21,AgentPrefab,Agent,MoveState,Moving,Goal,10.00,0.00,20.00,10.40,0.00,20.00,10.00,0.00,20.00,AStar,
3900,26.21,AgentPrefab,Agent,MoveState,Moving,Goal,10.00,0.00,20.00,10.39,0.00,20.00,10.00,0.00,20.00,AStar,
3901,26.22,AgentPrefab,Agent,MoveState,Moving,Goal,10.00,0.00,20.00,10.38,0.00,20.00,10.00,0.00,20.00,AStar,
3902,26.23,AgentPrefab,Agent,MoveState,Moving,Goal,10.00,0.00,20.00,10.36,0.00,20.00,10.00,0.00,20.00,AStar,
3903,26.23,AgentPrefab,Agent,MoveState,Moving,Goal,10.00,0.00,20.00,10.35,0.00,20.00,10.00,0.00,20.00,AStar,
3904,26.24,AgentPrefab,Agent,MoveState,Moving,Goal,10.00,0.00,20.00,10.34,0.00,20.00,10.00,0.00,20.00,AStar,
3905,26.25,AgentPrefab,Agent,MoveState,Moving,Goal,10.00,0.00,20.00,10.32,0.00,20.00,10.00,0.00,20.00,AStar,
3906,26.25,AgentPrefab,Agent,MoveState,Moving,Goal,10.00,0.00,20.00,10.31,0.00,20.00,10.00,0.00,20.00,AStar,
3907,26.26,AgentPrefab,Agent,MoveState,Moving,Goal,10.00,0.00,20.00,10.30,0.00,20.00,10.00,0.00,20.00,AStar,
3908,26.27,AgentPrefab,Agent,MoveState,Moving,Goal,10.00,0.00,20.00,10.28,0.00,20.00,10.00,0.00,20.00,AStar,
3909,26.28,AgentPrefab,Agent,MoveState,Moving,Goal,10.00,0.00,20.00,10.27,0.00,20.00,10.00,0.00,20.00,AStar,
3910,26.28,AgentPrefab,Agent,MoveState,Moving,Goal,10.00,0.00,20.00,10.25,0.00,20.00,10.00,0.00,20.00,AStar,
3911,26.29,AgentPrefab,Agent,MoveState,Moving,Goal,10.00,0.00,20.00,10.24,0.00,20.00,10.00,0.00,20.00,AStar,
3912,26.30,AgentPrefab,Agent,MoveState,Moving,Goal,10.00,0.00,20.00,10.22,0.00,20.00,10.00,0.00,20.00,AStar,
3913,26.30,AgentPrefab,Agent,MoveState,Moving,Goal,10.00,0.00,20.00,10.21,0.00,20.00,10.00,0.00,20.00,AStar,
3914,26.31,AgentPrefab,Agent,MoveState,Moving,Goal,10.00,0.00,20.00,10.20,0.00,20.00,10.00,0.00,20.00,AStar,
3915,26.32,AgentPrefab,Agent,MoveState,Moving,Goal,10.00,0.00,20.00,10.18,0.00,20.00,10.00,0.00,20.00,AStar,
3916,26.32,AgentPrefab,Agent,MoveState,Moving,Goal,10.00,0.00,20.00,10.17,0.00,20.00,10.00,0.00,20.00,AStar,
3917,26.33,AgentPrefab,Agent,MoveState,Moving,Goal,10.00,0.00,20.00,10.16,0.00,20.00,10.00,0.00,20.00,AStar,
3918,26.34,AgentPrefab,Agent,MoveState,Moving,Goal,10.00,0.00,20.00,10.14,0.00,20.00,10.00,0.00,20.00,AStar,
3919,26.35,AgentPrefab,Agent,MoveState,Moving,Goal,10.00,0.00,20.00,10.13,0.00,20.00,10.00,0.00,20.00,AStar,
3920,26.35,AgentPrefab,Agent,MoveState,Moving,Goal,10.00,0.00,20.00,10.11,0.00,20.00,10.00,0.00,20.00,AStar,
3921,26.36,AgentPrefab,Agent,MoveState,Moving,Goal,10.00,0.00,20.00,10.10,0.00,20.00,10.00,0.00,20.00,AStar,
3922,26.37,AgentPrefab,Agent,MoveState,Moving,Goal,10.00,0.00,20.00,10.08,0.00,20.00,10.00,0.00,20.00,AStar,
3923,26.37,AgentPrefab,Agent,MoveState,Moving,Goal,10.00,0.00,20.00,10.07,0.00,20.00,10.00,0.00,20.00,AStar,
3924,26.38,AgentPrefab,Agent,MoveState,Moving,Goal,10.00,0.00,20.00,10.06,0.00,20.00,10.00,0.00,20.00,AStar,
3925,26.39,AgentPrefab,Agent,MoveState,Moving,Goal,10.00,0.00,20.00,10.00,0.00,20.00,10.00,0.00,20.00,AStar,
3926,26.40,AgentPrefab,Agent,IdleState,Idling,Goal,0.00,0.00,0.00,10.00,0.00,20.00,10.00,0.00,20.00,AStar,
3927,26.41,AgentPrefab,Agent,SearchState,Searching,Goal,0.00,0.00,0.00,10.00,0.00,20.00,10.00,0.00,20.00,AStar,
3927,26.41,AgentPrefab,Agent,MoveState,Moving,Goal,0.00,0.00,0.00,10.00,0.00,20.00,10.00,0.00,20.00,AStar,
3928,26.42,AgentPrefab,Agent,MoveState,Moving,Goal,0.00,0.00,0.00,10.00,0.00,20.00,10.00,0.00,20.00,AStar,
3929,26.42,AgentPrefab,Agent,SearchState,Searching,Goal,0.00,0.00,0.00,10.00,0.00,20.00,10.00,0.00,20.00,AStar,
3929,26.42,AgentPrefab,Agent,MoveState,Moving,Goal,0.00,0.00,0.00,10.00,0.00,20.00,10.00,0.00,20.00,AStar,
3930,26.44,AgentPrefab,Agent,MoveState,Moving,Goal,0.00,0.00,0.00,10.00,0.00,20.00,10.00,0.00,20.00,AStar,
3931,26.44,AgentPrefab,Agent,SearchState,Searching,Goal,0.00,0.00,0.00,10.00,0.00,20.00,10.00,0.00,20.00,AStar,
3931,26.44,AgentPrefab,Agent,MoveState,Moving,Goal,0.00,0.00,0.00,10.00,0.00,20.00,10.00,0.00,20.00,AStar,
3932,26.46,AgentPrefab,Agent,MoveState,Moving,Goal,0.00,0.00,0.00,10.00,0.00,20.00,10.00,0.00,20.00,AStar,
3933,26.46,AgentPrefab,Agent,SearchState,Searching,Goal,0.00,0.00,0.00,10.00,0.00,20.00,10.00,0.00,20.00,AStar,
3933,26.46,AgentPrefab,Agent,MoveState,Moving,Goal,0.00,0.00,0.00,10.00,0.00,20.00,10.00,0.00,20.00,AStar,
3934,26.48,AgentPrefab,Agent,MoveState,Moving,Goal,0.00,0.00,0.00,10.00,0.00,20.00,10.00,0.00,20.00,AStar,
3935,26.48,AgentPrefab,Agent,SearchState,Searching,Goal,0.00,0.00,0.00,10.00,0.00,20.00,10.00,0.00,20.00,AStar,
3935,26.48,AgentPrefab,Agent,MoveState,Moving,Goal,0.00,0.00,0.00,10.00,0.00,20.00,10.00,0.00,20.00,AStar,
3936,26.50,AgentPrefab,Agent,MoveState,Moving,Goal,0.00,0.00,0.00,10.00,0.00,20.00,10.00,0.00,20.00,AStar,
3937,26.51,AgentPrefab,Agent,SearchState,Searching,Goal,0.00,0.00,0.00,10.00,0.00,20.00,10.00,0.00,20.00,AStar,
3937,26.51,AgentPrefab,Agent,MoveState,Moving,Goal,0.00,0.00,0.00,10.00,0.00,20.00,10.00,0.00,20.00,AStar,
3938,26.52,AgentPrefab,Agent,MoveState,Moving,Goal,0.00,0.00,0.00,10.00,0.00,20.00,10.00,0.00,20.00,AStar,
3939,26.53,AgentPrefab,Agent,SearchState,Searching,Goal,0.00,0.00,0.00,10.00,0.00,20.00,10.00,0.00,20.00,AStar,
3939,26.53,AgentPrefab,Agent,MoveState,Moving,Goal,0.00,0.00,0.00,10.00,0.00,20.00,10.00,0.00,20.00,AStar,
3940,26.54,AgentPrefab,Agent,MoveState,Moving,Goal,0.00,0.00,0.00,10.00,0.00,20.00,10.00,0.00,20.00,AStar,
3941,26.56,AgentPrefab,Agent,SearchState,Searching,Goal,0.00,0.00,0.00,10.00,0.00,20.00,10.00,0.00,20.00,AStar,
3941,26.56,AgentPrefab,Agent,MoveState,Moving,Goal,0.00,0.00,0.00,10.00,0.00,20.00,10.00,0.00,20.00,AStar,
3942,26.57,AgentPrefab,Agent,MoveState,Moving,Goal,0.00,0.00,0.00,10.00,0.00,20.00,10.00,0.00,20.00,AStar,
3943,26.58,AgentPrefab,Agent,SearchState,Searching,Goal,0.00,0.00,0.00,10.00,0.00,20.00,10.00,0.00,20.00,AStar,
3943,26.58,AgentPrefab,Agent,MoveState,Moving,Goal,0.00,0.00,0.00,10.00,0.00,20.00,10.00,0.00,20.00,AStar,
3944,26.59,AgentPrefab,Agent,MoveState,Moving,Goal,0.00,0.00,0.00,10.00,0.00,20.00,10.00,0.00,20.00,AStar,
3945,26.60,AgentPrefab,Agent,SearchState,Searching,Goal,0.00,0.00,0.00,10.00,0.00,20.00,10.00,0.00,20.00,AStar,
3945,26.60,AgentPrefab,Agent,MoveState,Moving,Goal,0.00,0.00,0.00,10.00,0.00,20.00,10.00,0.00,20.00,AStar,
3946,26.61,AgentPrefab,Agent,MoveState,Moving,Goal,0.00,0.00,0.00,10.00,0.00,20.00,10.00,0.00,20.00,AStar,
3947,26.62,AgentPrefab,Agent,SearchState,Searching,Goal,0.00,0.00,0.00,10.00,0.00,20.00,10.00,0.00,20.00,AStar,
3947,26.62,AgentPrefab,Agent,MoveState,Moving,Goal,0.00,0.00,0.00,10.00,0.00,20.00,10.00,0.00,20.00,AStar,
3948,26.63,AgentPrefab,Agent,MoveState,Moving,Goal,0.00,0.00,0.00,10.00,0.00,20.00,10.00,0.00,20.00,AStar,
3949,26.64,AgentPrefab,Agent,SearchState,Searching,Goal,0.00,0.00,0.00,10.00,0.00,20.00,10.00,0.00,20.00,AStar,
3949,26.64,AgentPrefab,Agent,MoveState,Moving,Goal,0.00,0.00,0.00,10.00,0.00,20.00,10.00,0.00,20.00,AStar,
3950,26.65,AgentPrefab,Agent,MoveState,Moving,Goal,0.00,0.00,0.00,10.00,0.00,20.00,10.00,0.00,20.00,AStar,
3951,26.66,AgentPrefab,Agent,SearchState,Searching,Goal,0.00,0.00,0.00,10.00,0.00,20.00,10.00,0.00,20.00,AStar,
3951,26.66,AgentPrefab,Agent,MoveState,Moving,Goal,0.00,0.00,0.00,10.00,0.00,20.00,10.00,0.00,20.00,AStar,
3952,26.67,AgentPrefab,Agent,MoveState,Moving,Goal,0.00,0.00,0.00,10.00,0.00,20.00,10.00,0.00,20.00,AStar,
3953,26.68,AgentPrefab,Agent,SearchState,Searching,Goal,0.00,0.00,0.00,10.00,0.00,20.00,10.00,0.00,20.00,AStar,
3953,26.68,AgentPrefab,Agent,MoveState,Moving,Goal,0.00,0.00,0.00,10.00,0.00,20.00,10.00,0.00,20.00,AStar,
3954,26.69,AgentPrefab,Agent,MoveState,Moving,Goal,0.00,0.00,0.00,10.00,0.00,20.00,10.00,0.00,20.00,AStar,
3955,26.70,AgentPrefab,Agent,SearchState,Searching,Goal,0.00,0.00,0.00,10.00,0.00,20.00,10.00,0.00,20.00,AStar,
3955,26.70,AgentPrefab,Agent,MoveState,Moving,Goal,0.00,0.00,0.00,10.00,0.00,20.00,10.00,0.00,20.00,AStar,
3956,26.71,AgentPrefab,Agent,MoveState,Moving,Goal,0.00,0.00,0.00,10.00,0.00,20.00,10.00,0.00,20.00,AStar,
3957,26.72,AgentPrefab,Agent,SearchState,Searching,Goal,0.00,0.00,0.00,10.00,0.00,20.00,10.00,0.00,20.00,AStar,
3957,26.72,AgentPrefab,Agent,MoveState,Moving,Goal,0.00,0.00,0.00,10.00,0.00,20.00,10.00,0.00,20.00,AStar,
3958,26.73,AgentPrefab,Agent,MoveState,Moving,Goal,0.00,0.00,0.00,10.00,0.00,20.00,10.00,0.00,20.00,AStar,
3959,26.74,AgentPrefab,Agent,SearchState,Searching,Goal,0.00,0.00,0.00,10.00,0.00,20.00,10.00,0.00,20.00,AStar,
3959,26.74,AgentPrefab,Agent,MoveState,Moving,Goal,0.00,0.00,0.00,10.00,0.00,20.00,10.00,0.00,20.00,AStar,
3960,26.75,AgentPrefab,Agent,MoveState,Moving,Goal,0.00,0.00,0.00,10.00,0.00,20.00,10.00,0.00,20.00,AStar,
3961,26.76,AgentPrefab,Agent,SearchState,Searching,Goal,0.00,0.00,0.00,10.00,0.00,20.00,10.00,0.00,20.00,AStar,
3961,26.76,AgentPrefab,Agent,MoveState,Moving,Goal,0.00,0.00,0.00,10.00,0.00,20.00,10.00,0.00,20.00,AStar,
3962,26.78,AgentPrefab,Agent,MoveState,Moving,Goal,0.00,0.00,0.00,10.00,0.00,20.00,10.00,0.00,20.00,AStar,
3963,26.78,AgentPrefab,Agent,SearchState,Searching,Goal,0.00,0.00,0.00,10.00,0.00,20.00,10.00,0.00,20.00,AStar,
3963,26.78,AgentPrefab,Agent,MoveState,Moving,Goal,0.00,0.00,0.00,10.00,0.00,20.00,10.00,0.00,20.00,AStar,
3964,26.80,AgentPrefab,Agent,MoveState,Moving,Goal,0.00,0.00,0.00,10.00,0.00,20.00,10.00,0.00,20.00,AStar,
3965,26.80,AgentPrefab,Agent,SearchState,Searching,Goal,0.00,0.00,0.00,10.00,0.00,20.00,10.00,0.00,20.00,AStar,
3965,26.80,AgentPrefab,Agent,MoveState,Moving,Goal,0.00,0.00,0.00,10.00,0.00,20.00,10.00,0.00,20.00,AStar,
3966,26.82,AgentPrefab,Agent,MoveState,Moving,Goal,0.00,0.00,0.00,10.00,0.00,20.00,10.00,0.00,20.00,AStar,
3967,26.82,AgentPrefab,Agent,SearchState,Searching,Goal,0.00,0.00,0.00,10.00,0.00,20.00,10.00,0.00,20.00,AStar,
3967,26.82,AgentPrefab,Agent,MoveState,Moving,Goal,0.00,0.00,0.00,10.00,0.00,20.00,10.00,0.00,20.00,AStar,
3968,26.84,AgentPrefab,Agent,MoveState,Moving,Goal,0.00,0.00,0.00,10.00,0.00,20.00,10.00,0.00,20.00,AStar,
3969,26.84,AgentPrefab,Agent,SearchState,Searching,Goal,0.00,0.00,0.00,10.00,0.00,20.00,10.00,0.00,20.00,AStar,
3969,26.84,AgentPrefab,Agent,MoveState,Moving,Goal,0.00,0.00,0.00,10.00,0.00,20.00,10.00,0.00,20.00,AStar,
3970,26.86,AgentPrefab,Agent,MoveState,Moving,Goal,0.00,0.00,0.00,10.00,0.00,20.00,10.00,0.00,20.00,AStar,
3971,26.87,AgentPrefab,Agent,SearchState,Searching,Goal,0.00,0.00,0.00,10.00,0.00,20.00,10.00,0.00,20.00,AStar,
3971,26.87,AgentPrefab,Agent,MoveState,Moving,Goal,0.00,0.00,0.00,10.00,0.00,20.00,10.00,0.00,20.00,AStar,
3972,26.88,AgentPrefab,Agent,MoveState,Moving,Goal,0.00,0.00,0.00,10.00,0.00,20.00,10.00,0.00,20.00,AStar,
3973,26.89,AgentPrefab,Agent,SearchState,Searching,Goal,0.00,0.00,0.00,10.00,0.00,20.00,10.00,0.00,20.00,AStar,
3973,26.89,AgentPrefab,Agent,MoveState,Moving,Goal,0.00,0.00,0.00,10.00,0.00,20.00,10.00,0.00,20.00,AStar,
3974,26.90,AgentPrefab,Agent,MoveState,Moving,Goal,0.00,0.00,0.00,10.00,0.00,20.00,10.00,0.00,20.00,AStar,
3975,26.91,AgentPrefab,Agent,SearchState,Searching,Goal,0.00,0.00,0.00,10.00,0.00,20.00,10.00,0.00,20.00,AStar,
3975,26.91,AgentPrefab,Agent,MoveState,Moving,Goal,0.00,0.00,0.00,10.00,0.00,20.00,10.00,0.00,20.00,AStar,
3976,26.92,AgentPrefab,Agent,MoveState,Moving,Goal,0.00,0.00,0.00,10.00,0.00,20.00,10.00,0.00,20.00,AStar,
3977,26.93,AgentPrefab,Agent,SearchState,Searching,Goal,0.00,0.00,0.00,10.00,0.00,20.00,10.00,0.00,20.00,AStar,
3977,26.93,AgentPrefab,Agent,MoveState,Moving,Goal,0.00,0.00,0.00,10.00,0.00,20.00,10.00,0.00,20.00,AStar,
3978,26.94,AgentPrefab,Agent,MoveState,Moving,Goal,0.00,0.00,0.00,10.00,0.00,20.00,10.00,0.00,20.00,AStar,
3979,26.95,AgentPrefab,Agent,SearchState,Searching,Goal,0.00,0.00,0.00,10.00,0.00,20.00,10.00,0.00,20.00,AStar,
3979,26.95,AgentPrefab,Agent,MoveState,Moving,Goal,0.00,0.00,0.00,10.00,0.00,20.00,10.00,0.00,20.00,AStar,
3980,26.96,AgentPrefab,Agent,MoveState,Moving,Goal,0.00,0.00,0.00,10.00,0.00,20.00,10.00,0.00,20.00,AStar,
3981,26.97,AgentPrefab,Agent,SearchState,Searching,Goal,0.00,0.00,0.00,10.00,0.00,20.00,10.00,0.00,20.00,AStar,
3981,26.97,AgentPrefab,Agent,MoveState,Moving,Goal,0.00,0.00,0.00,10.00,0.00,20.00,10.00,0.00,20.00,AStar,
3982,26.98,AgentPrefab,Agent,MoveState,Moving,Goal,0.00,0.00,0.00,10.00,0.00,20.00,10.00,0.00,20.00,AStar,
3983,26.99,AgentPrefab,Agent,SearchState,Searching,Goal,0.00,0.00,0.00,10.00,0.00,20.00,10.00,0.00,20.00,AStar,
3983,26.99,AgentPrefab,Agent,MoveState,Moving,Goal,0.00,0.00,0.00,10.00,0.00,20.00,10.00,0.00,20.00,AStar,
3984,27.01,AgentPrefab,Agent,MoveState,Moving,Goal,0.00,0.00,0.00,10.00,0.00,20.00,10.00,0.00,20.00,AStar,
3985,27.02,AgentPrefab,Agent,SearchState,Searching,Goal,0.00,0.00,0.00,10.00,0.00,20.00,10.00,0.00,20.00,AStar,
3985,27.02,AgentPrefab,Agent,MoveState,Moving,Goal,0.00,0.00,0.00,10.00,0.00,20.00,10.00,0.00,20.00,AStar,
3986,27.03,AgentPrefab,Agent,MoveState,Moving,Goal,0.00,0.00,0.00,10.00,0.00,20.00,10.00,0.00,20.00,AStar,
3987,27.04,AgentPrefab,Agent,SearchState,Searching,Goal,0.00,0.00,0.00,10.00,0.00,20.00,10.00,0.00,20.00,AStar,
3987,27.04,AgentPrefab,Agent,MoveState,Moving,Goal,0.00,0.00,0.00,10.00,0.00,20.00,10.00,0.00,20.00,AStar,
3988,27.05,AgentPrefab,Agent,MoveState,Moving,Goal,0.00,0.00,0.00,10.00,0.00,20.00,10.00,0.00,20.00,AStar,
3989,27.06,AgentPrefab,Agent,SearchState,Searching,Goal,0.00,0.00,0.00,10.00,0.00,20.00,10.00,0.00,20.00,AStar,
3989,27.06,AgentPrefab,Agent,MoveState,Moving,Goal,0.00,0.00,0.00,10.00,0.00,20.00,10.00,0.00,20.00,AStar,
3990,27.07,AgentPrefab,Agent,MoveState,Moving,Goal,0.00,0.00,0.00,10.00,0.00,20.00,10.00,0.00,20.00,AStar,
3991,27.08,AgentPrefab,Agent,SearchState,Searching,Goal,0.00,0.00,0.00,10.00,0.00,20.00,10.00,0.00,20.00,AStar,
3991,27.08,AgentPrefab,Agent,MoveState,Moving,Goal,0.00,0.00,0.00,10.00,0.00,20.00,10.00,0.00,20.00,AStar,
3992,27.10,AgentPrefab,Agent,MoveState,Moving,Goal,0.00,0.00,0.00,10.00,0.00,20.00,10.00,0.00,20.00,AStar,
3993,27.10,AgentPrefab,Agent,SearchState,Searching,Goal,0.00,0.00,0.00,10.00,0.00,20.00,10.00,0.00,20.00,AStar,
3993,27.10,AgentPrefab,Agent,MoveState,Moving,Goal,0.00,0.00,0.00,10.00,0.00,20.00,10.00,0.00,20.00,AStar,
3994,27.12,AgentPrefab,Agent,MoveState,Moving,Goal,0.00,0.00,0.00,10.00,0.00,20.00,10.00,0.00,20.00,AStar,
3995,27.12,AgentPrefab,Agent,SearchState,Searching,Goal,0.00,0.00,0.00,10.00,0.00,20.00,10.00,0.00,20.00,AStar,
3995,27.12,AgentPrefab,Agent,MoveState,Moving,Goal,0.00,0.00,0.00,10.00,0.00,20.00,10.00,0.00,20.00,AStar,
3996,27.14,AgentPrefab,Agent,MoveState,Moving,Goal,0.00,0.00,0.00,10.00,0.00,20.00,10.00,0.00,20.00,AStar,
3997,27.14,AgentPrefab,Agent,SearchState,Searching,Goal,0.00,0.00,0.00,10.00,0.00,20.00,10.00,0.00,20.00,AStar,
3997,27.14,AgentPrefab,Agent,MoveState,Moving,Goal,0.00,0.00,0.00,10.00,0.00,20.00,10.00,0.00,20.00,AStar,
3998,27.16,AgentPrefab,Agent,MoveState,Moving,Goal,0.00,0.00,0.00,10.00,0.00,20.00,10.00,0.00,20.00,AStar,
3999,27.17,AgentPrefab,Agent,SearchState,Searching,Goal,0.00,0.00,0.00,10.00,0.00,20.00,10.00,0.00,20.00,AStar,
3999,27.17,AgentPrefab,Agent,MoveState,Moving,Goal,0.00,0.00,0.00,10.00,0.00,20.00,10.00,0.00,20.00,AStar,
4000,27.18,AgentPrefab,Agent,MoveState,Moving,Goal,0.00,0.00,0.00,10.00,0.00,20.00,10.00,0.00,20.00,AStar,
4001,27.19,AgentPrefab,Agent,SearchState,Searching,Goal,0.00,0.00,0.00,10.00,0.00,20.00,10.00,0.00,20.00,AStar,
4001,27.19,AgentPrefab,Agent,MoveState,Moving,Goal,0.00,0.00,0.00,10.00,0.00,20.00,10.00,0.00,20.00,AStar,
4002,27.21,AgentPrefab,Agent,MoveState,Moving,Goal,0.00,0.00,0.00,10.00,0.00,20.00,10.00,0.00,20.00,AStar,
4003,27.21,AgentPrefab,Agent,SearchState,Searching,Goal,0.00,0.00,0.00,10.00,0.00,20.00,10.00,0.00,20.00,AStar,
4003,27.21,AgentPrefab,Agent,MoveState,Moving,Goal,0.00,0.00,0.00,10.00,0.00,20.00,10.00,0.00,20.00,AStar,
4004,27.23,AgentPrefab,Agent,MoveState,Moving,Goal,0.00,0.00,0.00,10.00,0.00,20.00,10.00,0.00,20.00,AStar,
4005,27.23,AgentPrefab,Agent,SearchState,Searching,Goal,0.00,0.00,0.00,10.00,0.00,20.00,10.00,0.00,20.00,AStar,
4005,27.23,AgentPrefab,Agent,MoveState,Moving,Goal,0.00,0.00,0.00,10.00,0.00,20.00,10.00,0.00,20.00,AStar,
4006,27.25,AgentPrefab,Agent,MoveState,Moving,Goal,0.00,0.00,0.00,10.00,0.00,20.00,10.00,0.00,20.00,AStar,
4007,27.25,AgentPrefab,Agent,SearchState,Searching,Goal,0.00,0.00,0.00,10.00,0.00,20.00,10.00,0.00,20.00,AStar,
4007,27.25,AgentPrefab,Agent,MoveState,Moving,Goal,0.00,0.00,0.00,10.00,0.00,20.00,10.00,0.00,20.00,AStar,
4008,27.27,AgentPrefab,Agent,MoveState,Moving,Goal,0.00,0.00,0.00,10.00,0.00,20.00,10.00,0.00,20.00,AStar,
4009,27.27,AgentPrefab,Agent,SearchState,Searching,Goal,0.00,0.00,0.00,10.00,0.00,20.00,10.00,0.00,20.00,AStar,
4009,27.27,AgentPrefab,Agent,MoveState,Moving,Goal,0.00,0.00,0.00,10.00,0.00,20.00,10.00,0.00,20.00,AStar,
4010,27.29,AgentPrefab,Agent,MoveState,Moving,Goal,0.00,0.00,0.00,10.00,0.00,20.00,10.00,0.00,20.00,AStar,
4011,27.30,AgentPrefab,Agent,SearchState,Searching,Goal,0.00,0.00,0.00,10.00,0.00,20.00,10.00,0.00,20.00,AStar,
4011,27.30,AgentPrefab,Agent,MoveState,Moving,Goal,0.00,0.00,0.00,10.00,0.00,20.00,10.00,0.00,20.00,AStar,
4012,27.31,AgentPrefab,Agent,MoveState,Moving,Goal,0.00,0.00,0.00,10.00,0.00,20.00,10.00,0.00,20.00,AStar,
4013,27.32,AgentPrefab,Agent,SearchState,Searching,Goal,0.00,0.00,0.00,10.00,0.00,20.00,10.00,0.00,20.00,AStar,
4013,27.32,AgentPrefab,Agent,MoveState,Moving,Goal,0.00,0.00,0.00,10.00,0.00,20.00,10.00,0.00,20.00,AStar,
4014,27.33,AgentPrefab,Agent,MoveState,Moving,Goal,0.00,0.00,0.00,10.00,0.00,20.00,10.00,0.00,20.00,AStar,
4015,27.34,AgentPrefab,Agent,SearchState,Searching,Goal,0.00,0.00,0.00,10.00,0.00,20.00,10.00,0.00,20.00,AStar,
4015,27.34,AgentPrefab,Agent,MoveState,Moving,Goal,0.00,0.00,0.00,10.00,0.00,20.00,10.00,0.00,20.00,AStar,
4016,27.35,AgentPrefab,Agent,MoveState,Moving,Goal,0.00,0.00,0.00,10.00,0.00,20.00,10.00,0.00,20.00,AStar,
4017,27.36,AgentPrefab,Agent,SearchState,Searching,Goal,0.00,0.00,0.00,10.00,0.00,20.00,10.00,0.00,20.00,AStar,
4017,27.36,AgentPrefab,Agent,MoveState,Moving,Goal,0.00,0.00,0.00,10.00,0.00,20.00,10.00,0.00,20.00,AStar,
4018,27.37,AgentPrefab,Agent,MoveState,Moving,Goal,0.00,0.00,0.00,10.00,0.00,20.00,10.00,0.00,20.00,AStar,
4019,27.38,AgentPrefab,Agent,SearchState,Searching,Goal,0.00,0.00,0.00,10.00,0.00,20.00,10.00,0.00,20.00,AStar,
4019,27.38,AgentPrefab,Agent,MoveState,Moving,Goal,0.00,0.00,0.00,10.00,0.00,20.00,10.00,0.00,20.00,AStar,
4020,27.39,AgentPrefab,Agent,MoveState,Moving,Goal,0.00,0.00,0.00,10.00,0.00,20.00,10.00,0.00,20.00,AStar,
4021,27.40,AgentPrefab,Agent,SearchState,Searching,Goal,0.00,0.00,0.00,10.00,0.00,20.00,10.00,0.00,20.00,AStar,
4021,27.40,AgentPrefab,Agent,MoveState,Moving,Goal,0.00,0.00,0.00,10.00,0.00,20.00,10.00,0.00,20.00,AStar,
4022,27.41,AgentPrefab,Agent,MoveState,Moving,Goal,0.00,0.00,0.00,10.00,0.00,20.00,10.00,0.00,20.00,AStar,
4023,27.42,AgentPrefab,Agent,SearchState,Searching,Goal,0.00,0.00,0.00,10.00,0.00,20.00,10.00,0.00,20.00,AStar,
4023,27.42,AgentPrefab,Agent,MoveState,Moving,Goal,0.00,0.00,0.00,10.00,0.00,20.00,10.00,0.00,20.00,AStar,
4024,27.43,AgentPrefab,Agent,MoveState,Moving,Goal,0.00,0.00,0.00,10.00,0.00,20.00,10.00,0.00,20.00,AStar,
4025,27.44,AgentPrefab,Agent,SearchState,Searching,Goal,0.00,0.00,0.00,10.00,0.00,20.00,10.00,0.00,20.00,AStar,
4025,27.44,AgentPrefab,Agent,MoveState,Moving,Goal,0.00,0.00,0.00,10.00,0.00,20.00,10.00,0.00,20.00,AStar,
4026,27.45,AgentPrefab,Agent,MoveState,Moving,Goal,0.00,0.00,0.00,10.00,0.00,20.00,10.00,0.00,20.00,AStar,
4027,27.47,AgentPrefab,Agent,SearchState,Searching,Goal,0.00,0.00,0.00,10.00,0.00,20.00,10.00,0.00,20.00,AStar,
4027,27.47,AgentPrefab,Agent,MoveState,Moving,Goal,0.00,0.00,0.00,10.00,0.00,20.00,10.00,0.00,20.00,AStar,
4028,27.48,AgentPrefab,Agent,MoveState,Moving,Goal,0.00,0.00,0.00,10.00,0.00,20.00,10.00,0.00,20.00,AStar,
4029,27.49,AgentPrefab,Agent,SearchState,Searching,Goal,0.00,0.00,0.00,10.00,0.00,20.00,10.00,0.00,20.00,AStar,
4029,27.49,AgentPrefab,Agent,MoveState,Moving,Goal,0.00,0.00,0.00,10.00,0.00,20.00,10.00,0.00,20.00,AStar,
4030,27.50,AgentPrefab,Agent,MoveState,Moving,Goal,0.00,0.00,0.00,10.00,0.00,20.00,10.00,0.00,20.00,AStar,
4031,27.51,AgentPrefab,Agent,SearchState,Searching,Goal,0.00,0.00,0.00,10.00,0.00,20.00,10.00,0.00,20.00,AStar,
4031,27.51,AgentPrefab,Agent,MoveState,Moving,Goal,0.00,0.00,0.00,10.00,0.00,20.00,10.00,0.00,20.00,AStar,
4032,27.53,AgentPrefab,Agent,MoveState,Moving,Goal,0.00,0.00,0.00,10.00,0.00,20.00,10.00,0.00,20.00,AStar,
4033,27.53,AgentPrefab,Agent,SearchState,Searching,Goal,0.00,0.00,0.00,10.00,0.00,20.00,10.00,0.00,20.00,AStar,
4033,27.53,AgentPrefab,Agent,MoveState,Moving,Goal,0.00,0.00,0.00,10.00,0.00,20.00,10.00,0.00,20.00,AStar,
4034,27.55,AgentPrefab,Agent,MoveState,Moving,Goal,0.00,0.00,0.00,10.00,0.00,20.00,10.00,0.00,20.00,AStar,
4035,27.55,AgentPrefab,Agent,SearchState,Searching,Goal,0.00,0.00,0.00,10.00,0.00,20.00,10.00,0.00,20.00,AStar,
4035,27.55,AgentPrefab,Agent,MoveState,Moving,Goal,0.00,0.00,0.00,10.00,0.00,20.00,10.00,0.00,20.00,AStar,
4036,27.57,AgentPrefab,Agent,MoveState,Moving,Goal,0.00,0.00,0.00,10.00,0.00,20.00,10.00,0.00,20.00,AStar,
4037,27.57,AgentPrefab,Agent,SearchState,Searching,Goal,0.00,0.00,0.00,10.00,0.00,20.00,10.00,0.00,20.00,AStar,
4037,27.57,AgentPrefab,Agent,MoveState,Moving,Goal,0.00,0.00,0.00,10.00,0.00,20.00,10.00,0.00,20.00,AStar,
4038,27.59,AgentPrefab,Agent,MoveState,Moving,Goal,0.00,0.00,0.00,10.00,0.00,20.00,10.00,0.00,20.00,AStar,
4039,27.59,AgentPrefab,Agent,SearchState,Searching,Goal,0.00,0.00,0.00,10.00,0.00,20.00,10.00,0.00,20.00,AStar,
4039,27.59,AgentPrefab,Agent,MoveState,Moving,Goal,0.00,0.00,0.00,10.00,0.00,20.00,10.00,0.00,20.00,AStar,
4040,27.61,AgentPrefab,Agent,MoveState,Moving,Goal,0.00,0.00,0.00,10.00,0.00,20.00,10.00,0.00,20.00,AStar,
4041,27.61,AgentPrefab,Agent,SearchState,Searching,Goal,0.00,0.00,0.00,10.00,0.00,20.00,10.00,0.00,20.00,AStar,
4041,27.61,AgentPrefab,Agent,MoveState,Moving,Goal,0.00,0.00,0.00,10.00,0.00,20.00,10.00,0.00,20.00,AStar,
4042,27.63,AgentPrefab,Agent,MoveState,Moving,Goal,0.00,0.00,0.00,10.00,0.00,20.00,10.00,0.00,20.00,AStar,
4043,27.63,AgentPrefab,Agent,SearchState,Searching,Goal,0.00,0.00,0.00,10.00,0.00,20.00,10.00,0.00,20.00,AStar,
4043,27.63,AgentPrefab,Agent,MoveState,Moving,Goal,0.00,0.00,0.00,10.00,0.00,20.00,10.00,0.00,20.00,AStar,
4044,27.65,AgentPrefab,Agent,MoveState,Moving,Goal,0.00,0.00,0.00,10.00,0.00,20.00,10.00,0.00,20.00,AStar,
4045,27.65,AgentPrefab,Agent,SearchState,Searching,Goal,0.00,0.00,0.00,10.00,0.00,20.00,10.00,0.00,20.00,AStar,
4045,27.65,AgentPrefab,Agent,MoveState,Moving,Goal,0.00,0.00,0.00,10.00,0.00,20.00,10.00,0.00,20.00,AStar,
4046,27.67,AgentPrefab,Agent,MoveState,Moving,Goal,0.00,0.00,0.00,10.00,0.00,20.00,10.00,0.00,20.00,AStar,
4047,27.67,AgentPrefab,Agent,SearchState,Searching,Goal,0.00,0.00,0.00,10.00,0.00,20.00,10.00,0.00,20.00,AStar,
4047,27.67,AgentPrefab,Agent,MoveState,Moving,Goal,0.00,0.00,0.00,10.00,0.00,20.00,10.00,0.00,20.00,AStar,
4048,27.69,AgentPrefab,Agent,MoveState,Moving,Goal,0.00,0.00,0.00,10.00,0.00,20.00,10.00,0.00,20.00,AStar,
4049,27.69,AgentPrefab,Agent,SearchState,Searching,Goal,0.00,0.00,0.00,10.00,0.00,20.00,10.00,0.00,20.00,AStar,
4049,27.69,AgentPrefab,Agent,MoveState,Moving,Goal,0.00,0.00,0.00,10.00,0.00,20.00,10.00,0.00,20.00,AStar,
4050,27.71,AgentPrefab,Agent,MoveState,Moving,Goal,0.00,0.00,0.00,10.00,0.00,20.00,10.00,0.00,20.00,AStar,
4051,27.72,AgentPrefab,Agent,SearchState,Searching,Goal,0.00,0.00,0.00,10.00,0.00,20.00,10.00,0.00,20.00,AStar,
4051,27.72,AgentPrefab,Agent,MoveState,Moving,Goal,0.00,0.00,0.00,10.00,0.00,20.00,10.00,0.00,20.00,AStar,
4052,27.73,AgentPrefab,Agent,MoveState,Moving,Goal,0.00,0.00,0.00,10.00,0.00,20.00,10.00,0.00,20.00,AStar,
4053,27.74,AgentPrefab,Agent,SearchState,Searching,Goal,0.00,0.00,0.00,10.00,0.00,20.00,10.00,0.00,20.00,AStar,
4053,27.74,AgentPrefab,Agent,MoveState,Moving,Goal,0.00,0.00,0.00,10.00,0.00,20.00,10.00,0.00,20.00,AStar,
4054,27.75,AgentPrefab,Agent,MoveState,Moving,Goal,0.00,0.00,0.00,10.00,0.00,20.00,10.00,0.00,20.00,AStar,
4055,27.76,AgentPrefab,Agent,SearchState,Searching,Goal,0.00,0.00,0.00,10.00,0.00,20.00,10.00,0.00,20.00,AStar,
4055,27.76,AgentPrefab,Agent,MoveState,Moving,Goal,0.00,0.00,0.00,10.00,0.00,20.00,10.00,0.00,20.00,AStar,
4056,27.77,AgentPrefab,Agent,MoveState,Moving,Goal,0.00,0.00,0.00,10.00,0.00,20.00,10.00,0.00,20.00,AStar,
4057,27.78,AgentPrefab,Agent,SearchState,Searching,Goal,0.00,0.00,0.00,10.00,0.00,20.00,10.00,0.00,20.00,AStar,
4057,27.78,AgentPrefab,Agent,MoveState,Moving,Goal,0.00,0.00,0.00,10.00,0.00,20.00,10.00,0.00,20.00,AStar,
4058,27.79,AgentPrefab,Agent,MoveState,Moving,Goal,0.00,0.00,0.00,10.00,0.00,20.00,10.00,0.00,20.00,AStar,
4059,27.80,AgentPrefab,Agent,SearchState,Searching,Goal,0.00,0.00,0.00,10.00,0.00,20.00,10.00,0.00,20.00,AStar,
4059,27.80,AgentPrefab,Agent,MoveState,Moving,Goal,0.00,0.00,0.00,10.00,0.00,20.00,10.00,0.00,20.00,AStar,
4060,27.81,AgentPrefab,Agent,MoveState,Moving,Goal,0.00,0.00,0.00,10.00,0.00,20.00,10.00,0.00,20.00,AStar,
4061,27.82,AgentPrefab,Agent,SearchState,Searching,Goal,0.00,0.00,0.00,10.00,0.00,20.00,10.00,0.00,20.00,AStar,
4061,27.82,AgentPrefab,Agent,MoveState,Moving,Goal,0.00,0.00,0.00,10.00,0.00,20.00,10.00,0.00,20.00,AStar,
4062,27.83,AgentPrefab,Agent,MoveState,Moving,Goal,0.00,0.00,0.00,10.00,0.00,20.00,10.00,0.00,20.00,AStar,
4063,27.84,AgentPrefab,Agent,SearchState,Searching,Goal,0.00,0.00,0.00,10.00,0.00,20.00,10.00,0.00,20.00,AStar,
4063,27.84,AgentPrefab,Agent,MoveState,Moving,Goal,0.00,0.00,0.00,10.00,0.00,20.00,10.00,0.00,20.00,AStar,
4064,27.85,AgentPrefab,Agent,MoveState,Moving,Goal,0.00,0.00,0.00,10.00,0.00,20.00,10.00,0.00,20.00,AStar,
4065,27.86,AgentPrefab,Agent,SearchState,Searching,Goal,0.00,0.00,0.00,10.00,0.00,20.00,10.00,0.00,20.00,AStar,
4065,27.86,AgentPrefab,Agent,MoveState,Moving,Goal,0.00,0.00,0.00,10.00,0.00,20.00,10.00,0.00,20.00,AStar,
4066,27.87,AgentPrefab,Agent,MoveState,Moving,Goal,0.00,0.00,0.00,10.00,0.00,20.00,10.00,0.00,20.00,AStar,
4067,27.88,AgentPrefab,Agent,SearchState,Searching,Goal,0.00,0.00,0.00,10.00,0.00,20.00,10.00,0.00,20.00,AStar,
4067,27.88,AgentPrefab,Agent,MoveState,Moving,Goal,0.00,0.00,0.00,10.00,0.00,20.00,10.00,0.00,20.00,AStar,
4068,27.89,AgentPrefab,Agent,MoveState,Moving,Goal,0.00,0.00,0.00,10.00,0.00,20.00,10.00,0.00,20.00,AStar,
4069,27.91,AgentPrefab,Agent,SearchState,Searching,Goal,0.00,0.00,0.00,10.00,0.00,20.00,10.00,0.00,20.00,AStar,
4069,27.91,AgentPrefab,Agent,MoveState,Moving,Goal,0.00,0.00,0.00,10.00,0.00,20.00,10.00,0.00,20.00,AStar,
4070,27.92,AgentPrefab,Agent,MoveState,Moving,Goal,0.00,0.00,0.00,10.00,0.00,20.00,10.00,0.00,20.00,AStar,
4071,27.93,AgentPrefab,Agent,SearchState,Searching,Goal,0.00,0.00,0.00,10.00,0.00,20.00,10.00,0.00,20.00,AStar,
4071,27.93,AgentPrefab,Agent,MoveState,Moving,Goal,0.00,0.00,0.00,10.00,0.00,20.00,10.00,0.00,20.00,AStar,
4072,27.94,AgentPrefab,Agent,MoveState,Moving,Goal,0.00,0.00,0.00,10.00,0.00,20.00,10.00,0.00,20.00,AStar,
4073,27.95,AgentPrefab,Agent,SearchState,Searching,Goal,0.00,0.00,0.00,10.00,0.00,20.00,10.00,0.00,20.00,AStar,
4073,27.95,AgentPrefab,Agent,MoveState,Moving,Goal,0.00,0.00,0.00,10.00,0.00,20.00,10.00,0.00,20.00,AStar,
4074,27.97,AgentPrefab,Agent,MoveState,Moving,Goal,0.00,0.00,0.00,10.00,0.00,20.00,10.00,0.00,20.00,AStar,
4075,27.97,AgentPrefab,Agent,SearchState,Searching,Goal,0.00,0.00,0.00,10.00,0.00,20.00,10.00,0.00,20.00,AStar,
4075,27.97,AgentPrefab,Agent,MoveState,Moving,Goal,0.00,0.00,0.00,10.00,0.00,20.00,10.00,0.00,20.00,AStar,
4076,27.98,AgentPrefab,Agent,MoveState,Moving,Goal,0.00,0.00,0.00,10.00,0.00,20.00,10.00,0.00,20.00,AStar,
4077,27.99,AgentPrefab,Agent,SearchState,Searching,Goal,0.00,0.00,0.00,10.00,0.00,20.00,10.00,0.00,20.00,AStar,
4077,27.99,AgentPrefab,Agent,MoveState,Moving,Goal,0.00,0.00,0.00,10.00,0.00,20.00,10.00,0.00,20.00,AStar,
4078,28.01,AgentPrefab,Agent,MoveState,Moving,Goal,0.00,0.00,0.00,10.00,0.00,20.00,10.00,0.00,20.00,AStar,
4079,28.01,AgentPrefab,Agent,SearchState,Searching,Goal,0.00,0.00,0.00,10.00,0.00,20.00,10.00,0.00,20.00,AStar,
4079,28.01,AgentPrefab,Agent,MoveState,Moving,Goal,0.00,0.00,0.00,10.00,0.00,20.00,10.00,0.00,20.00,AStar,
4080,28.03,AgentPrefab,Agent,MoveState,Moving,Goal,0.00,0.00,0.00,10.00,0.00,20.00,10.00,0.00,20.00,AStar,
4081,28.03,AgentPrefab,Agent,SearchState,Searching,Goal,0.00,0.00,0.00,10.00,0.00,20.00,10.00,0.00,20.00,AStar,
4081,28.03,AgentPrefab,Agent,MoveState,Moving,Goal,0.00,0.00,0.00,10.00,0.00,20.00,10.00,0.00,20.00,AStar,
4082,28.05,AgentPrefab,Agent,MoveState,Moving,Goal,0.00,0.00,0.00,10.00,0.00,20.00,10.00,0.00,20.00,AStar,
4083,28.05,AgentPrefab,Agent,SearchState,Searching,Goal,0.00,0.00,0.00,10.00,0.00,20.00,10.00,0.00,20.00,AStar,
4083,28.05,AgentPrefab,Agent,MoveState,Moving,Goal,0.00,0.00,0.00,10.00,0.00,20.00,10.00,0.00,20.00,AStar,
4084,28.07,AgentPrefab,Agent,MoveState,Moving,Goal,0.00,0.00,0.00,10.00,0.00,20.00,10.00,0.00,20.00,AStar,
4085,28.07,AgentPrefab,Agent,SearchState,Searching,Goal,0.00,0.00,0.00,10.00,0.00,20.00,10.00,0.00,20.00,AStar,
4085,28.07,AgentPrefab,Agent,MoveState,Moving,Goal,0.00,0.00,0.00,10.00,0.00,20.00,10.00,0.00,20.00,AStar,
4086,28.09,AgentPrefab,Agent,MoveState,Moving,Goal,0.00,0.00,0.00,10.00,0.00,20.00,10.00,0.00,20.00,AStar,
4087,28.09,AgentPrefab,Agent,SearchState,Searching,Goal,0.00,0.00,0.00,10.00,0.00,20.00,10.00,0.00,20.00,AStar,
4087,28.09,AgentPrefab,Agent,MoveState,Moving,Goal,0.00,0.00,0.00,10.00,0.00,20.00,10.00,0.00,20.00,AStar,
4088,28.11,AgentPrefab,Agent,MoveState,Moving,Goal,0.00,0.00,0.00,10.00,0.00,20.00,10.00,0.00,20.00,AStar,
4089,28.11,AgentPrefab,Agent,SearchState,Searching,Goal,0.00,0.00,0.00,10.00,0.00,20.00,10.00,0.00,20.00,AStar,
4089,28.11,AgentPrefab,Agent,MoveState,Moving,Goal,0.00,0.00,0.00,10.00,0.00,20.00,10.00,0.00,20.00,AStar,
4090,28.13,AgentPrefab,Agent,MoveState,Moving,Goal,0.00,0.00,0.00,10.00,0.00,20.00,10.00,0.00,20.00,AStar,
4091,28.14,AgentPrefab,Agent,SearchState,Searching,Goal,0.00,0.00,0.00,10.00,0.00,20.00,10.00,0.00,20.00,AStar,
4091,28.14,AgentPrefab,Agent,MoveState,Moving,Goal,0.00,0.00,0.00,10.00,0.00,20.00,10.00,0.00,20.00,AStar,
4092,28.15,AgentPrefab,Agent,MoveState,Moving,Goal,0.00,0.00,0.00,10.00,0.00,20.00,10.00,0.00,20.00,AStar,
4093,28.16,AgentPrefab,Agent,SearchState,Searching,Goal,0.00,0.00,0.00,10.00,0.00,20.00,10.00,0.00,20.00,AStar,
4093,28.16,AgentPrefab,Agent,MoveState,Moving,Goal,0.00,0.00,0.00,10.00,0.00,20.00,10.00,0.00,20.00,AStar,
4094,28.18,AgentPrefab,Agent,MoveState,Moving,Goal,0.00,0.00,0.00,10.00,0.00,20.00,10.00,0.00,20.00,AStar,
4095,28.19,AgentPrefab,Agent,SearchState,Searching,Goal,0.00,0.00,0.00,10.00,0.00,20.00,10.00,0.00,20.00,AStar,
4095,28.19,AgentPrefab,Agent,MoveState,Moving,Goal,0.00,0.00,0.00,10.00,0.00,20.00,10.00,0.00,20.00,AStar,
4096,28.20,AgentPrefab,Agent,MoveState,Moving,Goal,0.00,0.00,0.00,10.00,0.00,20.00,10.00,0.00,20.00,AStar,
4097,28.21,AgentPrefab,Agent,SearchState,Searching,Goal,0.00,0.00,0.00,10.00,0.00,20.00,10.00,0.00,20.00,AStar,
4097,28.21,AgentPrefab,Agent,MoveState,Moving,Goal,0.00,0.00,0.00,10.00,0.00,20.00,10.00,0.00,20.00,AStar,
4098,28.23,AgentPrefab,Agent,MoveState,Moving,Goal,0.00,0.00,0.00,10.00,0.00,20.00,10.00,0.00,20.00,AStar,
4099,28.23,AgentPrefab,Agent,SearchState,Searching,Goal,0.00,0.00,0.00,10.00,0.00,20.00,10.00,0.00,20.00,AStar,
4099,28.23,AgentPrefab,Agent,MoveState,Moving,Goal,0.00,0.00,0.00,10.00,0.00,20.00,10.00,0.00,20.00,AStar,
4100,28.25,AgentPrefab,Agent,MoveState,Moving,Goal,0.00,0.00,0.00,10.00,0.00,20.00,10.00,0.00,20.00,AStar,
4101,28.26,AgentPrefab,Agent,SearchState,Searching,Goal,0.00,0.00,0.00,10.00,0.00,20.00,10.00,0.00,20.00,AStar,
4101,28.26,AgentPrefab,Agent,MoveState,Moving,Goal,0.00,0.00,0.00,10.00,0.00,20.00,10.00,0.00,20.00,AStar,
4102,28.27,AgentPrefab,Agent,MoveState,Moving,Goal,0.00,0.00,0.00,10.00,0.00,20.00,10.00,0.00,20.00,AStar,
4103,28.28,AgentPrefab,Agent,SearchState,Searching,Goal,0.00,0.00,0.00,10.00,0.00,20.00,10.00,0.00,20.00,AStar,
4103,28.28,AgentPrefab,Agent,MoveState,Moving,Goal,0.00,0.00,0.00,10.00,0.00,20.00,10.00,0.00,20.00,AStar,
4104,28.30,AgentPrefab,Agent,MoveState,Moving,Goal,0.00,0.00,0.00,10.00,0.00,20.00,10.00,0.00,20.00,AStar,
4105,28.31,AgentPrefab,Agent,SearchState,Searching,Goal,0.00,0.00,0.00,10.00,0.00,20.00,10.00,0.00,20.00,AStar,
4105,28.31,AgentPrefab,Agent,MoveState,Moving,Goal,0.00,0.00,0.00,10.00,0.00,20.00,10.00,0.00,20.00,AStar,
4106,28.32,AgentPrefab,Agent,MoveState,Moving,Goal,0.00,0.00,0.00,10.00,0.00,20.00,10.00,0.00,20.00,AStar,
4107,28.33,AgentPrefab,Agent,SearchState,Searching,Goal,0.00,0.00,0.00,10.00,0.00,20.00,10.00,0.00,20.00,AStar,
4107,28.33,AgentPrefab,Agent,MoveState,Moving,Goal,0.00,0.00,0.00,10.00,0.00,20.00,10.00,0.00,20.00,AStar,
4108,28.34,AgentPrefab,Agent,MoveState,Moving,Goal,0.00,0.00,0.00,10.00,0.00,20.00,10.00,0.00,20.00,AStar,
4109,28.35,AgentPrefab,Agent,SearchState,Searching,Goal,0.00,0.00,0.00,10.00,0.00,20.00,10.00,0.00,20.00,AStar,
4109,28.35,AgentPrefab,Agent,MoveState,Moving,Goal,0.00,0.00,0.00,10.00,0.00,20.00,10.00,0.00,20.00,AStar,
4110,28.37,AgentPrefab,Agent,MoveState,Moving,Goal,0.00,0.00,0.00,10.00,0.00,20.00,10.00,0.00,20.00,AStar,
4111,28.38,AgentPrefab,Agent,SearchState,Searching,Goal,0.00,0.00,0.00,10.00,0.00,20.00,10.00,0.00,20.00,AStar,
4111,28.38,AgentPrefab,Agent,MoveState,Moving,Goal,0.00,0.00,0.00,10.00,0.00,20.00,10.00,0.00,20.00,AStar,
4112,28.40,AgentPrefab,Agent,MoveState,Moving,Goal,0.00,0.00,0.00,10.00,0.00,20.00,10.00,0.00,20.00,AStar,
4113,28.40,AgentPrefab,Agent,SearchState,Searching,Goal,0.00,0.00,0.00,10.00,0.00,20.00,10.00,0.00,20.00,AStar,
4113,28.40,AgentPrefab,Agent,MoveState,Moving,Goal,0.00,0.00,0.00,10.00,0.00,20.00,10.00,0.00,20.00,AStar,
4114,28.42,AgentPrefab,Agent,MoveState,Moving,Goal,0.00,0.00,0.00,10.00,0.00,20.00,10.00,0.00,20.00,AStar,
4115,28.42,AgentPrefab,Agent,SearchState,Searching,Goal,0.00,0.00,0.00,10.00,0.00,20.00,10.00,0.00,20.00,AStar,
4115,28.42,AgentPrefab,Agent,MoveState,Moving,Goal,0.00,0.00,0.00,10.00,0.00,20.00,10.00,0.00,20.00,AStar,
4116,28.44,AgentPrefab,Agent,MoveState,Moving,Goal,0.00,0.00,0.00,10.00,0.00,20.00,10.00,0.00,20.00,AStar,
4117,28.44,AgentPrefab,Agent,SearchState,Searching,Goal,0.00,0.00,0.00,10.00,0.00,20.00,10.00,0.00,20.00,AStar,
4117,28.44,AgentPrefab,Agent,MoveState,Moving,Goal,0.00,0.00,0.00,10.00,0.00,20.00,10.00,0.00,20.00,AStar,
4118,28.46,AgentPrefab,Agent,MoveState,Moving,Goal,0.00,0.00,0.00,10.00,0.00,20.00,10.00,0.00,20.00,AStar,
4119,28.46,AgentPrefab,Agent,SearchState,Searching,Goal,0.00,0.00,0.00,10.00,0.00,20.00,10.00,0.00,20.00,AStar,
4119,28.46,AgentPrefab,Agent,MoveState,Moving,Goal,0.00,0.00,0.00,10.00,0.00,20.00,10.00,0.00,20.00,AStar,
4120,28.48,AgentPrefab,Agent,MoveState,Moving,Goal,0.00,0.00,0.00,10.00,0.00,20.00,10.00,0.00,20.00,AStar,
4121,28.48,AgentPrefab,Agent,SearchState,Searching,Goal,0.00,0.00,0.00,10.00,0.00,20.00,10.00,0.00,20.00,AStar,
4121,28.48,AgentPrefab,Agent,MoveState,Moving,Goal,0.00,0.00,0.00,10.00,0.00,20.00,10.00,0.00,20.00,AStar,
4122,28.50,AgentPrefab,Agent,MoveState,Moving,Goal,0.00,0.00,0.00,10.00,0.00,20.00,10.00,0.00,20.00,AStar,
4123,28.50,AgentPrefab,Agent,SearchState,Searching,Goal,0.00,0.00,0.00,10.00,0.00,20.00,10.00,0.00,20.00,AStar,
4123,28.50,AgentPrefab,Agent,MoveState,Moving,Goal,0.00,0.00,0.00,10.00,0.00,20.00,10.00,0.00,20.00,AStar,
4124,28.52,AgentPrefab,Agent,MoveState,Moving,Goal,0.00,0.00,0.00,10.00,0.00,20.00,10.00,0.00,20.00,AStar,
4125,28.52,AgentPrefab,Agent,SearchState,Searching,Goal,0.00,0.00,0.00,10.00,0.00,20.00,10.00,0.00,20.00,AStar,
4125,28.52,AgentPrefab,Agent,MoveState,Moving,Goal,0.00,0.00,0.00,10.00,0.00,20.00,10.00,0.00,20.00,AStar,
4126,28.54,AgentPrefab,Agent,MoveState,Moving,Goal,0.00,0.00,0.00,10.00,0.00,20.00,10.00,0.00,20.00,AStar,
4127,28.54,AgentPrefab,Agent,SearchState,Searching,Goal,0.00,0.00,0.00,10.00,0.00,20.00,10.00,0.00,20.00,AStar,
4127,28.54,AgentPrefab,Agent,MoveState,Moving,Goal,0.00,0.00,0.00,10.00,0.00,20.00,10.00,0.00,20.00,AStar,
4128,28.56,AgentPrefab,Agent,MoveState,Moving,Goal,0.00,0.00,0.00,10.00,0.00,20.00,10.00,0.00,20.00,AStar,
4129,28.56,AgentPrefab,Agent,SearchState,Searching,Goal,0.00,0.00,0.00,10.00,0.00,20.00,10.00,0.00,20.00,AStar,
4129,28.56,AgentPrefab,Agent,MoveState,Moving,Goal,0.00,0.00,0.00,10.00,0.00,20.00,10.00,0.00,20.00,AStar,
4130,28.58,AgentPrefab,Agent,MoveState,Moving,Goal,0.00,0.00,0.00,10.00,0.00,20.00,10.00,0.00,20.00,AStar,
4131,28.59,AgentPrefab,Agent,SearchState,Searching,Goal,0.00,0.00,0.00,10.00,0.00,20.00,10.00,0.00,20.00,AStar,
4131,28.59,AgentPrefab,Agent,MoveState,Moving,Goal,0.00,0.00,0.00,10.00,0.00,20.00,10.00,0.00,20.00,AStar,
4132,28.60,AgentPrefab,Agent,MoveState,Moving,Goal,0.00,0.00,0.00,10.00,0.00,20.00,10.00,0.00,20.00,AStar,
4133,28.61,AgentPrefab,Agent,SearchState,Searching,Goal,0.00,0.00,0.00,10.00,0.00,20.00,10.00,0.00,20.00,AStar,
4133,28.61,AgentPrefab,Agent,MoveState,Moving,Goal,0.00,0.00,0.00,10.00,0.00,20.00,10.00,0.00,20.00,AStar,
4134,28.62,AgentPrefab,Agent,MoveState,Moving,Goal,0.00,0.00,0.00,10.00,0.00,20.00,10.00,0.00,20.00,AStar,
4135,28.63,AgentPrefab,Agent,SearchState,Searching,Goal,0.00,0.00,0.00,10.00,0.00,20.00,10.00,0.00,20.00,AStar,
4135,28.63,AgentPrefab,Agent,MoveState,Moving,Goal,0.00,0.00,0.00,10.00,0.00,20.00,10.00,0.00,20.00,AStar,
4136,28.64,AgentPrefab,Agent,MoveState,Moving,Goal,0.00,0.00,0.00,10.00,0.00,20.00,10.00,0.00,20.00,AStar,
4137,28.65,AgentPrefab,Agent,SearchState,Searching,Goal,0.00,0.00,0.00,10.00,0.00,20.00,10.00,0.00,20.00,AStar,
4137,28.65,AgentPrefab,Agent,MoveState,Moving,Goal,0.00,0.00,0.00,10.00,0.00,20.00,10.00,0.00,20.00,AStar,
4138,28.66,AgentPrefab,Agent,MoveState,Moving,Goal,0.00,0.00,0.00,10.00,0.00,20.00,10.00,0.00,20.00,AStar,
4139,28.67,AgentPrefab,Agent,SearchState,Searching,Goal,0.00,0.00,0.00,10.00,0.00,20.00,10.00,0.00,20.00,AStar,
4139,28.67,AgentPrefab,Agent,MoveState,Moving,Goal,0.00,0.00,0.00,10.00,0.00,20.00,10.00,0.00,20.00,AStar,
4140,28.68,AgentPrefab,Agent,MoveState,Moving,Goal,0.00,0.00,0.00,10.00,0.00,20.00,10.00,0.00,20.00,AStar,
4141,28.69,AgentPrefab,Agent,SearchState,Searching,Goal,0.00,0.00,0.00,10.00,0.00,20.00,10.00,0.00,20.00,AStar,
4141,28.69,AgentPrefab,Agent,MoveState,Moving,Goal,0.00,0.00,0.00,10.00,0.00,20.00,10.00,0.00,20.00,AStar,
4142,28.70,AgentPrefab,Agent,MoveState,Moving,Goal,0.00,0.00,0.00,10.00,0.00,20.00,10.00,0.00,20.00,AStar,
4143,28.71,AgentPrefab,Agent,SearchState,Searching,Goal,0.00,0.00,0.00,10.00,0.00,20.00,10.00,0.00,20.00,AStar,
4143,28.71,AgentPrefab,Agent,MoveState,Moving,Goal,0.00,0.00,0.00,10.00,0.00,20.00,10.00,0.00,20.00,AStar,
4144,28.72,AgentPrefab,Agent,MoveState,Moving,Goal,0.00,0.00,0.00,10.00,0.00,20.00,10.00,0.00,20.00,AStar,
4145,28.73,AgentPrefab,Agent,SearchState,Searching,Goal,0.00,0.00,0.00,10.00,0.00,20.00,10.00,0.00,20.00,AStar,
4145,28.73,AgentPrefab,Agent,MoveState,Moving,Goal,0.00,0.00,0.00,10.00,0.00,20.00,10.00,0.00,20.00,AStar,
4146,28.74,AgentPrefab,Agent,MoveState,Moving,Goal,0.00,0.00,0.00,10.00,0.00,20.00,10.00,0.00,20.00,AStar,
4147,28.75,AgentPrefab,Agent,SearchState,Searching,Goal,0.00,0.00,0.00,10.00,0.00,20.00,10.00,0.00,20.00,AStar,
4147,28.75,AgentPrefab,Agent,MoveState,Moving,Goal,0.00,0.00,0.00,10.00,0.00,20.00,10.00,0.00,20.00,AStar,
4148,28.76,AgentPrefab,Agent,MoveState,Moving,Goal,0.00,0.00,0.00,10.00,0.00,20.00,10.00,0.00,20.00,AStar,
4149,28.77,AgentPrefab,Agent,SearchState,Searching,Goal,0.00,0.00,0.00,10.00,0.00,20.00,10.00,0.00,20.00,AStar,
4149,28.77,AgentPrefab,Agent,MoveState,Moving,Goal,0.00,0.00,0.00,10.00,0.00,20.00,10.00,0.00,20.00,AStar,
4150,28.78,AgentPrefab,Agent,MoveState,Moving,Goal,0.00,0.00,0.00,10.00,0.00,20.00,10.00,0.00,20.00,AStar,
4151,28.81,AgentPrefab,Agent,SearchState,Searching,Goal,0.00,0.00,0.00,10.00,0.00,20.00,10.00,0.00,20.00,AStar,
4151,28.81,AgentPrefab,Agent,MoveState,Moving,Goal,0.00,0.00,0.00,10.00,0.00,20.00,10.00,0.00,20.00,AStar,
4152,28.82,AgentPrefab,Agent,MoveState,Moving,Goal,0.00,0.00,0.00,10.00,0.00,20.00,10.00,0.00,20.00,AStar,
4153,28.83,AgentPrefab,Agent,SearchState,Searching,Goal,0.00,0.00,0.00,10.00,0.00,20.00,10.00,0.00,20.00,AStar,
4153,28.83,AgentPrefab,Agent,MoveState,Moving,Goal,0.00,0.00,0.00,10.00,0.00,20.00,10.00,0.00,20.00,AStar,
4154,28.84,AgentPrefab,Agent,MoveState,Moving,Goal,0.00,0.00,0.00,10.00,0.00,20.00,10.00,0.00,20.00,AStar,
4155,28.85,AgentPrefab,Agent,SearchState,Searching,Goal,0.00,0.00,0.00,10.00,0.00,20.00,10.00,0.00,20.00,AStar,
4155,28.85,AgentPrefab,Agent,MoveState,Moving,Goal,0.00,0.00,0.00,10.00,0.00,20.00,10.00,0.00,20.00,AStar,
4156,28.86,AgentPrefab,Agent,MoveState,Moving,Goal,0.00,0.00,0.00,10.00,0.00,20.00,10.00,0.00,20.00,AStar,
4157,28.87,AgentPrefab,Agent,SearchState,Searching,Goal,0.00,0.00,0.00,10.00,0.00,20.00,10.00,0.00,20.00,AStar,
4157,28.87,AgentPrefab,Agent,MoveState,Moving,Goal,0.00,0.00,0.00,10.00,0.00,20.00,10.00,0.00,20.00,AStar,
4158,28.88,AgentPrefab,Agent,MoveState,Moving,Goal,0.00,0.00,0.00,10.00,0.00,20.00,10.00,0.00,20.00,AStar,
4159,28.89,AgentPrefab,Agent,SearchState,Searching,Goal,0.00,0.00,0.00,10.00,0.00,20.00,10.00,0.00,20.00,AStar,
4159,28.89,AgentPrefab,Agent,MoveState,Moving,Goal,0.00,0.00,0.00,10.00,0.00,20.00,10.00,0.00,20.00,AStar,
4160,28.90,AgentPrefab,Agent,MoveState,Moving,Goal,0.00,0.00,0.00,10.00,0.00,20.00,10.00,0.00,20.00,AStar,
4161,28.91,AgentPrefab,Agent,SearchState,Searching,Goal,0.00,0.00,0.00,10.00,0.00,20.00,10.00,0.00,20.00,AStar,
4161,28.91,AgentPrefab,Agent,MoveState,Moving,Goal,0.00,0.00,0.00,10.00,0.00,20.00,10.00,0.00,20.00,AStar,
4162,28.92,AgentPrefab,Agent,MoveState,Moving,Goal,0.00,0.00,0.00,10.00,0.00,20.00,10.00,0.00,20.00,AStar,
4163,28.93,AgentPrefab,Agent,SearchState,Searching,Goal,0.00,0.00,0.00,10.00,0.00,20.00,10.00,0.00,20.00,AStar,
4163,28.93,AgentPrefab,Agent,MoveState,Moving,Goal,0.00,0.00,0.00,10.00,0.00,20.00,10.00,0.00,20.00,AStar,
4164,28.94,AgentPrefab,Agent,MoveState,Moving,Goal,0.00,0.00,0.00,10.00,0.00,20.00,10.00,0.00,20.00,AStar,
4165,28.96,AgentPrefab,Agent,SearchState,Searching,Goal,0.00,0.00,0.00,10.00,0.00,20.00,10.00,0.00,20.00,AStar,
4165,28.96,AgentPrefab,Agent,MoveState,Moving,Goal,0.00,0.00,0.00,10.00,0.00,20.00,10.00,0.00,20.00,AStar,
