Frame,Time,Object,Type,State,Action,Target,TargetX,TargetY,TargetZ,CurrentX,CurrentY,CurrentZ,NextX,NextY,NextZ,AIType
1,0.00,AllyPrefab,Ally,AllyIdleState,Idling,AgentPrefab,0.00,0.00,0.00,9.00,0.00,17.00,9.00,0.00,17.00,N/A
1,0.00,AgentPrefab,Agent,IdleState,Idling,AllyPrefab,9.00,0.00,17.00,0.00,0.00,0.00,0.00,0.00,0.00,AStar
2,0.02,AllyPrefab,Ally,AllyIdleState,Idling,AgentPrefab,0.00,0.00,0.00,9.00,0.00,17.00,9.00,0.00,17.00,N/A
2,0.02,AgentPrefab,Agent,SearchState,Searching,AllyPrefab,9.00,0.00,17.00,0.00,0.00,0.00,0.00,0.00,0.00,AStar
3,0.05,AllyPrefab,Ally,AllyIdleState,Idling,AgentPrefab,0.00,0.00,0.00,9.00,0.00,17.00,9.00,0.00,17.00,N/A
3,0.05,AgentPrefab,Agent,MoveState,Moving,AllyPrefab,9.00,0.00,17.00,0.00,0.00,0.00,0.00,0.00,0.00,AStar
4,0.06,AllyPrefab,Ally,AllyIdleState,Idling,AgentPrefab,0.00,0.00,0.00,9.00,0.00,17.00,9.00,0.00,17.00,N/A
4,0.06,AgentPrefab,Agent,MoveState,Moving,AllyPrefab,9.00,0.00,17.00,0.00,0.00,0.00,1.00,0.00,1.00,AStar
5,0.06,AllyPrefab,Ally,AllyIdleState,Idling,AgentPrefab,0.02,0.00,0.02,9.00,0.00,17.00,9.00,0.00,17.00,N/A
5,0.06,AgentPrefab,Agent,MoveState,Moving,AllyPrefab,9.00,0.00,17.00,0.02,0.00,0.02,1.00,0.00,1.00,AStar
6,0.07,AllyPrefab,Ally,AllyIdleState,Idling,AgentPrefab,0.02,0.00,0.02,9.00,0.00,17.00,9.00,0.00,17.00,N/A
6,0.07,AgentPrefab,Agent,MoveState,Moving,AllyPrefab,9.00,0.00,17.00,0.02,0.00,0.02,1.00,0.00,1.00,AStar
7,0.07,AllyPrefab,Ally,AllyIdleState,Idling,AgentPrefab,0.03,0.00,0.03,9.00,0.00,17.00,9.00,0.00,17.00,N/A
7,0.07,AgentPrefab,Agent,MoveState,Moving,AllyPrefab,9.00,0.00,17.00,0.03,0.00,0.03,1.00,0.00,1.00,AStar
8,0.07,AllyPrefab,Ally,AllyIdleState,Idling,AgentPrefab,0.03,0.00,0.03,9.00,0.00,17.00,9.00,0.00,17.00,N/A
8,0.07,AgentPrefab,Agent,MoveState,Moving,AllyPrefab,9.00,0.00,17.00,0.03,0.00,0.03,1.00,0.00,1.00,AStar
9,0.08,AllyPrefab,Ally,AllyIdleState,Idling,AgentPrefab,0.04,0.00,0.04,9.00,0.00,17.00,9.00,0.00,17.00,N/A
9,0.08,AgentPrefab,Agent,MoveState,Moving,AllyPrefab,9.00,0.00,17.00,0.04,0.00,0.04,1.00,0.00,1.00,AStar
10,0.08,AllyPrefab,Ally,AllyIdleState,Idling,AgentPrefab,0.04,0.00,0.04,9.00,0.00,17.00,9.00,0.00,17.00,N/A
10,0.08,AgentPrefab,Agent,MoveState,Moving,AllyPrefab,9.00,0.00,17.00,0.04,0.00,0.04,1.00,0.00,1.00,AStar
11,0.09,AllyPrefab,Ally,AllyIdleState,Idling,AgentPrefab,0.05,0.00,0.05,9.00,0.00,17.00,9.00,0.00,17.00,N/A
11,0.09,AgentPrefab,Agent,MoveState,Moving,AllyPrefab,9.00,0.00,17.00,0.05,0.00,0.05,1.00,0.00,1.00,AStar
12,0.09,AllyPrefab,Ally,AllyIdleState,Idling,AgentPrefab,0.05,0.00,0.05,9.00,0.00,17.00,9.00,0.00,17.00,N/A
12,0.09,AgentPrefab,Agent,MoveState,Moving,AllyPrefab,9.00,0.00,17.00,0.05,0.00,0.05,1.00,0.00,1.00,AStar
13,0.09,AllyPrefab,Ally,AllyIdleState,Idling,AgentPrefab,0.06,0.00,0.06,9.00,0.00,17.00,9.00,0.00,17.00,N/A
13,0.09,AgentPrefab,Agent,MoveState,Moving,AllyPrefab,9.00,0.00,17.00,0.06,0.00,0.06,1.00,0.00,1.00,AStar
14,0.10,AllyPrefab,Ally,AllyIdleState,Idling,AgentPrefab,0.06,0.00,0.06,9.00,0.00,17.00,9.00,0.00,17.00,N/A
14,0.10,AgentPrefab,Agent,MoveState,Moving,AllyPrefab,9.00,0.00,17.00,0.06,0.00,0.06,1.00,0.00,1.00,AStar
15,0.10,AllyPrefab,Ally,AllyIdleState,Idling,AgentPrefab,0.07,0.00,0.07,9.00,0.00,17.00,9.00,0.00,17.00,N/A
15,0.10,AgentPrefab,Agent,MoveState,Moving,AllyPrefab,9.00,0.00,17.00,0.07,0.00,0.07,1.00,0.00,1.00,AStar
16,0.10,AllyPrefab,Ally,AllyIdleState,Idling,AgentPrefab,0.07,0.00,0.07,9.00,0.00,17.00,9.00,0.00,17.00,N/A
16,0.10,AgentPrefab,Agent,MoveState,Moving,AllyPrefab,9.00,0.00,17.00,0.07,0.00,0.07,1.00,0.00,1.00,AStar
17,0.11,AllyPrefab,Ally,AllyIdleState,Idling,AgentPrefab,0.08,0.00,0.08,9.00,0.00,17.00,9.00,0.00,17.00,N/A
17,0.11,AgentPrefab,Agent,MoveState,Moving,AllyPrefab,9.00,0.00,17.00,0.08,0.00,0.08,1.00,0.00,1.00,AStar
18,0.11,AllyPrefab,Ally,AllyIdleState,Idling,AgentPrefab,0.08,0.00,0.08,9.00,0.00,17.00,9.00,0.00,17.00,N/A
18,0.11,AgentPrefab,Agent,MoveState,Moving,AllyPrefab,9.00,0.00,17.00,0.08,0.00,0.08,1.00,0.00,1.00,AStar
19,0.11,AllyPrefab,Ally,AllyIdleState,Idling,AgentPrefab,0.09,0.00,0.09,9.00,0.00,17.00,9.00,0.00,17.00,N/A
19,0.11,AgentPrefab,Agent,MoveState,Moving,AllyPrefab,9.00,0.00,17.00,0.09,0.00,0.09,1.00,0.00,1.00,AStar
20,0.12,AllyPrefab,Ally,AllyIdleState,Idling,AgentPrefab,0.09,0.00,0.09,9.00,0.00,17.00,9.00,0.00,17.00,N/A
20,0.12,AgentPrefab,Agent,MoveState,Moving,AllyPrefab,9.00,0.00,17.00,0.09,0.00,0.09,1.00,0.00,1.00,AStar
21,0.12,AllyPrefab,Ally,AllyIdleState,Idling,AgentPrefab,0.10,0.00,0.10,9.00,0.00,17.00,9.00,0.00,17.00,N/A
21,0.12,AgentPrefab,Agent,MoveState,Moving,AllyPrefab,9.00,0.00,17.00,0.10,0.00,0.10,1.00,0.00,1.00,AStar
22,0.12,AllyPrefab,Ally,AllyIdleState,Idling,AgentPrefab,0.10,0.00,0.10,9.00,0.00,17.00,9.00,0.00,17.00,N/A
22,0.12,AgentPrefab,Agent,MoveState,Moving,AllyPrefab,9.00,0.00,17.00,0.10,0.00,0.10,1.00,0.00,1.00,AStar
23,0.13,AllyPrefab,Ally,AllyIdleState,Idling,AgentPrefab,0.11,0.00,0.11,9.00,0.00,17.00,9.00,0.00,17.00,N/A
23,0.13,AgentPrefab,Agent,MoveState,Moving,AllyPrefab,9.00,0.00,17.00,0.11,0.00,0.11,1.00,0.00,1.00,AStar
24,0.13,AllyPrefab,Ally,AllyIdleState,Idling,AgentPrefab,0.11,0.00,0.11,9.00,0.00,17.00,9.00,0.00,17.00,N/A
24,0.13,AgentPrefab,Agent,MoveState,Moving,AllyPrefab,9.00,0.00,17.00,0.11,0.00,0.11,1.00,0.00,1.00,AStar
25,0.13,AllyPrefab,Ally,AllyIdleState,Idling,AgentPrefab,0.11,0.00,0.11,9.00,0.00,17.00,9.00,0.00,17.00,N/A
25,0.13,AgentPrefab,Agent,MoveState,Moving,AllyPrefab,9.00,0.00,17.00,0.11,0.00,0.11,1.00,0.00,1.00,AStar
26,0.14,AllyPrefab,Ally,AllyIdleState,Idling,AgentPrefab,0.12,0.00,0.12,9.00,0.00,17.00,9.00,0.00,17.00,N/A
26,0.14,AgentPrefab,Agent,MoveState,Moving,AllyPrefab,9.00,0.00,17.00,0.12,0.00,0.12,1.00,0.00,1.00,AStar
27,0.14,AllyPrefab,Ally,AllyIdleState,Idling,AgentPrefab,0.13,0.00,0.13,9.00,0.00,17.00,9.00,0.00,17.00,N/A
27,0.14,AgentPrefab,Agent,MoveState,Moving,AllyPrefab,9.00,0.00,17.00,0.13,0.00,0.13,1.00,0.00,1.00,AStar
28,0.14,AllyPrefab,Ally,AllyIdleState,Idling,AgentPrefab,0.13,0.00,0.13,9.00,0.00,17.00,9.00,0.00,17.00,N/A
28,0.14,AgentPrefab,Agent,MoveState,Moving,AllyPrefab,9.00,0.00,17.00,0.13,0.00,0.13,1.00,0.00,1.00,AStar
29,0.15,AllyPrefab,Ally,AllyIdleState,Idling,AgentPrefab,0.13,0.00,0.13,9.00,0.00,17.00,9.00,0.00,17.00,N/A
29,0.15,AgentPrefab,Agent,MoveState,Moving,AllyPrefab,9.00,0.00,17.00,0.13,0.00,0.13,1.00,0.00,1.00,AStar
30,0.15,AllyPrefab,Ally,AllyIdleState,Idling,AgentPrefab,0.14,0.00,0.14,9.00,0.00,17.00,9.00,0.00,17.00,N/A
30,0.15,AgentPrefab,Agent,MoveState,Moving,AllyPrefab,9.00,0.00,17.00,0.14,0.00,0.14,1.00,0.00,1.00,AStar
31,0.15,AllyPrefab,Ally,AllyIdleState,Idling,AgentPrefab,0.14,0.00,0.14,9.00,0.00,17.00,9.00,0.00,17.00,N/A
31,0.15,AgentPrefab,Agent,MoveState,Moving,AllyPrefab,9.00,0.00,17.00,0.14,0.00,0.14,1.00,0.00,1.00,AStar
32,0.16,AllyPrefab,Ally,AllyIdleState,Idling,AgentPrefab,0.15,0.00,0.15,9.00,0.00,17.00,9.00,0.00,17.00,N/A
32,0.16,AgentPrefab,Agent,MoveState,Moving,AllyPrefab,9.00,0.00,17.00,0.15,0.00,0.15,1.00,0.00,1.00,AStar
33,0.16,AllyPrefab,Ally,AllyIdleState,Idling,AgentPrefab,0.15,0.00,0.15,9.00,0.00,17.00,9.00,0.00,17.00,N/A
33,0.16,AgentPrefab,Agent,MoveState,Moving,AllyPrefab,9.00,0.00,17.00,0.15,0.00,0.15,1.00,0.00,1.00,AStar
34,0.16,AllyPrefab,Ally,AllyIdleState,Idling,AgentPrefab,0.16,0.00,0.16,9.00,0.00,17.00,9.00,0.00,17.00,N/A
34,0.16,AgentPrefab,Agent,MoveState,Moving,AllyPrefab,9.00,0.00,17.00,0.16,0.00,0.16,1.00,0.00,1.00,AStar
35,0.17,AllyPrefab,Ally,AllyIdleState,Idling,AgentPrefab,0.16,0.00,0.16,9.00,0.00,17.00,9.00,0.00,17.00,N/A
35,0.17,AgentPrefab,Agent,MoveState,Moving,AllyPrefab,9.00,0.00,17.00,0.16,0.00,0.16,1.00,0.00,1.00,AStar
36,0.17,AllyPrefab,Ally,AllyIdleState,Idling,AgentPrefab,0.17,0.00,0.17,9.00,0.00,17.00,9.00,0.00,17.00,N/A
36,0.17,AgentPrefab,Agent,MoveState,Moving,AllyPrefab,9.00,0.00,17.00,0.17,0.00,0.17,1.00,0.00,1.00,AStar
37,0.17,AllyPrefab,Ally,AllyIdleState,Idling,AgentPrefab,0.17,0.00,0.17,9.00,0.00,17.00,9.00,0.00,17.00,N/A
37,0.17,AgentPrefab,Agent,MoveState,Moving,AllyPrefab,9.00,0.00,17.00,0.17,0.00,0.17,1.00,0.00,1.00,AStar
38,0.18,AllyPrefab,Ally,AllyIdleState,Idling,AgentPrefab,0.18,0.00,0.18,9.00,0.00,17.00,9.00,0.00,17.00,N/A
38,0.18,AgentPrefab,Agent,MoveState,Moving,AllyPrefab,9.00,0.00,17.00,0.18,0.00,0.18,1.00,0.00,1.00,AStar
39,0.18,AllyPrefab,Ally,AllyIdleState,Idling,AgentPrefab,0.18,0.00,0.18,9.00,0.00,17.00,9.00,0.00,17.00,N/A
39,0.18,AgentPrefab,Agent,MoveState,Moving,AllyPrefab,9.00,0.00,17.00,0.18,0.00,0.18,1.00,0.00,1.00,AStar
40,0.18,AllyPrefab,Ally,AllyIdleState,Idling,AgentPrefab,0.19,0.00,0.19,9.00,0.00,17.00,9.00,0.00,17.00,N/A
40,0.18,AgentPrefab,Agent,MoveState,Moving,AllyPrefab,9.00,0.00,17.00,0.19,0.00,0.19,1.00,0.00,1.00,AStar
41,0.19,AllyPrefab,Ally,AllyIdleState,Idling,AgentPrefab,0.19,0.00,0.19,9.00,0.00,17.00,9.00,0.00,17.00,N/A
41,0.19,AgentPrefab,Agent,MoveState,Moving,AllyPrefab,9.00,0.00,17.00,0.19,0.00,0.19,1.00,0.00,1.00,AStar
42,0.19,AllyPrefab,Ally,AllyIdleState,Idling,AgentPrefab,0.20,0.00,0.20,9.00,0.00,17.00,9.00,0.00,17.00,N/A
42,0.19,AgentPrefab,Agent,MoveState,Moving,AllyPrefab,9.00,0.00,17.00,0.20,0.00,0.20,1.00,0.00,1.00,AStar
43,0.19,AllyPrefab,Ally,AllyIdleState,Idling,AgentPrefab,0.20,0.00,0.20,9.00,0.00,17.00,9.00,0.00,17.00,N/A
43,0.19,AgentPrefab,Agent,MoveState,Moving,AllyPrefab,9.00,0.00,17.00,0.20,0.00,0.20,1.00,0.00,1.00,AStar
44,0.20,AllyPrefab,Ally,AllyIdleState,Idling,AgentPrefab,0.21,0.00,0.21,9.00,0.00,17.00,9.00,0.00,17.00,N/A
44,0.20,AgentPrefab,Agent,MoveState,Moving,AllyPrefab,9.00,0.00,17.00,0.21,0.00,0.21,1.00,0.00,1.00,AStar
45,0.20,AllyPrefab,Ally,AllyIdleState,Idling,AgentPrefab,0.21,0.00,0.21,9.00,0.00,17.00,9.00,0.00,17.00,N/A
45,0.20,AgentPrefab,Agent,MoveState,Moving,AllyPrefab,9.00,0.00,17.00,0.21,0.00,0.21,1.00,0.00,1.00,AStar
46,0.20,AllyPrefab,Ally,AllyIdleState,Idling,AgentPrefab,0.22,0.00,0.22,9.00,0.00,17.00,9.00,0.00,17.00,N/A
46,0.20,AgentPrefab,Agent,MoveState,Moving,AllyPrefab,9.00,0.00,17.00,0.22,0.00,0.22,1.00,0.00,1.00,AStar
47,0.21,AllyPrefab,Ally,AllyIdleState,Idling,AgentPrefab,0.22,0.00,0.22,9.00,0.00,17.00,9.00,0.00,17.00,N/A
47,0.21,AgentPrefab,Agent,MoveState,Moving,AllyPrefab,9.00,0.00,17.00,0.22,0.00,0.22,1.00,0.00,1.00,AStar
48,0.21,AllyPrefab,Ally,AllyIdleState,Idling,AgentPrefab,0.23,0.00,0.23,9.00,0.00,17.00,9.00,0.00,17.00,N/A
48,0.21,AgentPrefab,Agent,MoveState,Moving,AllyPrefab,9.00,0.00,17.00,0.23,0.00,0.23,1.00,0.00,1.00,AStar
49,0.22,AllyPrefab,Ally,AllyIdleState,Idling,AgentPrefab,0.23,0.00,0.23,9.00,0.00,17.00,9.00,0.00,17.00,N/A
49,0.22,AgentPrefab,Agent,MoveState,Moving,AllyPrefab,9.00,0.00,17.00,0.23,0.00,0.23,1.00,0.00,1.00,AStar
50,0.22,AllyPrefab,Ally,AllyIdleState,Idling,AgentPrefab,0.24,0.00,0.24,9.00,0.00,17.00,9.00,0.00,17.00,N/A
50,0.22,AgentPrefab,Agent,MoveState,Moving,AllyPrefab,9.00,0.00,17.00,0.24,0.00,0.24,1.00,0.00,1.00,AStar
51,0.22,AllyPrefab,Ally,AllyIdleState,Idling,AgentPrefab,0.24,0.00,0.24,9.00,0.00,17.00,9.00,0.00,17.00,N/A
51,0.22,AgentPrefab,Agent,MoveState,Moving,AllyPrefab,9.00,0.00,17.00,0.24,0.00,0.24,1.00,0.00,1.00,AStar
52,0.22,AllyPrefab,Ally,AllyIdleState,Idling,AgentPrefab,0.25,0.00,0.25,9.00,0.00,17.00,9.00,0.00,17.00,N/A
52,0.22,AgentPrefab,Agent,MoveState,Moving,AllyPrefab,9.00,0.00,17.00,0.25,0.00,0.25,1.00,0.00,1.00,AStar
53,0.23,AllyPrefab,Ally,AllyIdleState,Idling,AgentPrefab,0.25,0.00,0.25,9.00,0.00,17.00,9.00,0.00,17.00,N/A
53,0.23,AgentPrefab,Agent,MoveState,Moving,AllyPrefab,9.00,0.00,17.00,0.25,0.00,0.25,1.00,0.00,1.00,AStar
54,0.23,AllyPrefab,Ally,AllyIdleState,Idling,AgentPrefab,0.25,0.00,0.25,9.00,0.00,17.00,9.00,0.00,17.00,N/A
54,0.23,AgentPrefab,Agent,MoveState,Moving,AllyPrefab,9.00,0.00,17.00,0.25,0.00,0.25,1.00,0.00,1.00,AStar
55,0.24,AllyPrefab,Ally,AllyIdleState,Idling,AgentPrefab,0.26,0.00,0.26,9.00,0.00,17.00,9.00,0.00,17.00,N/A
55,0.24,AgentPrefab,Agent,MoveState,Moving,AllyPrefab,9.00,0.00,17.00,0.26,0.00,0.26,1.00,0.00,1.00,AStar
56,0.24,AllyPrefab,Ally,AllyIdleState,Idling,AgentPrefab,0.27,0.00,0.27,9.00,0.00,17.00,9.00,0.00,17.00,N/A
56,0.24,AgentPrefab,Agent,MoveState,Moving,AllyPrefab,9.00,0.00,17.00,0.27,0.00,0.27,1.00,0.00,1.00,AStar
57,0.24,AllyPrefab,Ally,AllyIdleState,Idling,AgentPrefab,0.27,0.00,0.27,9.00,0.00,17.00,9.00,0.00,17.00,N/A
57,0.24,AgentPrefab,Agent,MoveState,Moving,AllyPrefab,9.00,0.00,17.00,0.27,0.00,0.27,1.00,0.00,1.00,AStar
58,0.25,AllyPrefab,Ally,AllyIdleState,Idling,AgentPrefab,0.28,0.00,0.28,9.00,0.00,17.00,9.00,0.00,17.00,N/A
58,0.25,AgentPrefab,Agent,MoveState,Moving,AllyPrefab,9.00,0.00,17.00,0.28,0.00,0.28,1.00,0.00,1.00,AStar
59,0.25,AllyPrefab,Ally,AllyIdleState,Idling,AgentPrefab,0.28,0.00,0.28,9.00,0.00,17.00,9.00,0.00,17.00,N/A
59,0.25,AgentPrefab,Agent,MoveState,Moving,AllyPrefab,9.00,0.00,17.00,0.28,0.00,0.28,1.00,0.00,1.00,AStar
60,0.25,AllyPrefab,Ally,AllyIdleState,Idling,AgentPrefab,0.29,0.00,0.29,9.00,0.00,17.00,9.00,0.00,17.00,N/A
60,0.25,AgentPrefab,Agent,MoveState,Moving,AllyPrefab,9.00,0.00,17.00,0.29,0.00,0.29,1.00,0.00,1.00,AStar
61,0.26,AllyPrefab,Ally,AllyIdleState,Idling,AgentPrefab,0.29,0.00,0.29,9.00,0.00,17.00,9.00,0.00,17.00,N/A
61,0.26,AgentPrefab,Agent,MoveState,Moving,AllyPrefab,9.00,0.00,17.00,0.29,0.00,0.29,1.00,0.00,1.00,AStar
62,0.26,AllyPrefab,Ally,AllyIdleState,Idling,AgentPrefab,0.30,0.00,0.30,9.00,0.00,17.00,9.00,0.00,17.00,N/A
62,0.26,AgentPrefab,Agent,MoveState,Moving,AllyPrefab,9.00,0.00,17.00,0.30,0.00,0.30,1.00,0.00,1.00,AStar
63,0.26,AllyPrefab,Ally,AllyIdleState,Idling,AgentPrefab,0.30,0.00,0.30,9.00,0.00,17.00,9.00,0.00,17.00,N/A
63,0.26,AgentPrefab,Agent,MoveState,Moving,AllyPrefab,9.00,0.00,17.00,0.30,0.00,0.30,1.00,0.00,1.00,AStar
64,0.27,AllyPrefab,Ally,AllyIdleState,Idling,AgentPrefab,0.31,0.00,0.31,9.00,0.00,17.00,9.00,0.00,17.00,N/A
64,0.27,AgentPrefab,Agent,MoveState,Moving,AllyPrefab,9.00,0.00,17.00,0.31,0.00,0.31,1.00,0.00,1.00,AStar
65,0.27,AllyPrefab,Ally,AllyIdleState,Idling,AgentPrefab,0.31,0.00,0.31,9.00,0.00,17.00,9.00,0.00,17.00,N/A
65,0.27,AgentPrefab,Agent,MoveState,Moving,AllyPrefab,9.00,0.00,17.00,0.31,0.00,0.31,1.00,0.00,1.00,AStar
66,0.28,AllyPrefab,Ally,AllyIdleState,Idling,AgentPrefab,0.32,0.00,0.32,9.00,0.00,17.00,9.00,0.00,17.00,N/A
66,0.28,AgentPrefab,Agent,MoveState,Moving,AllyPrefab,9.00,0.00,17.00,0.32,0.00,0.32,1.00,0.00,1.00,AStar
67,0.28,AllyPrefab,Ally,AllyIdleState,Idling,AgentPrefab,0.32,0.00,0.32,9.00,0.00,17.00,9.00,0.00,17.00,N/A
67,0.28,AgentPrefab,Agent,MoveState,Moving,AllyPrefab,9.00,0.00,17.00,0.32,0.00,0.32,1.00,0.00,1.00,AStar
68,0.28,AllyPrefab,Ally,AllyIdleState,Idling,AgentPrefab,0.33,0.00,0.33,9.00,0.00,17.00,9.00,0.00,17.00,N/A
68,0.28,AgentPrefab,Agent,MoveState,Moving,AllyPrefab,9.00,0.00,17.00,0.33,0.00,0.33,1.00,0.00,1.00,AStar
69,0.29,AllyPrefab,Ally,AllyIdleState,Idling,AgentPrefab,0.33,0.00,0.33,9.00,0.00,17.00,9.00,0.00,17.00,N/A
69,0.29,AgentPrefab,Agent,MoveState,Moving,AllyPrefab,9.00,0.00,17.00,0.33,0.00,0.33,1.00,0.00,1.00,AStar
70,0.29,AllyPrefab,Ally,AllyIdleState,Idling,AgentPrefab,0.34,0.00,0.34,9.00,0.00,17.00,9.00,0.00,17.00,N/A
70,0.29,AgentPrefab,Agent,MoveState,Moving,AllyPrefab,9.00,0.00,17.00,0.34,0.00,0.34,1.00,0.00,1.00,AStar
71,0.29,AllyPrefab,Ally,AllyIdleState,Idling,AgentPrefab,0.34,0.00,0.34,9.00,0.00,17.00,9.00,0.00,17.00,N/A
71,0.29,AgentPrefab,Agent,MoveState,Moving,AllyPrefab,9.00,0.00,17.00,0.34,0.00,0.34,1.00,0.00,1.00,AStar
72,0.30,AllyPrefab,Ally,AllyIdleState,Idling,AgentPrefab,0.35,0.00,0.35,9.00,0.00,17.00,9.00,0.00,17.00,N/A
72,0.30,AgentPrefab,Agent,MoveState,Moving,AllyPrefab,9.00,0.00,17.00,0.35,0.00,0.35,1.00,0.00,1.00,AStar
73,0.30,AllyPrefab,Ally,AllyIdleState,Idling,AgentPrefab,0.35,0.00,0.35,9.00,0.00,17.00,9.00,0.00,17.00,N/A
73,0.30,AgentPrefab,Agent,MoveState,Moving,AllyPrefab,9.00,0.00,17.00,0.35,0.00,0.35,1.00,0.00,1.00,AStar
74,0.30,AllyPrefab,Ally,AllyIdleState,Idling,AgentPrefab,0.36,0.00,0.36,9.00,0.00,17.00,9.00,0.00,17.00,N/A
74,0.30,AgentPrefab,Agent,MoveState,Moving,AllyPrefab,9.00,0.00,17.00,0.36,0.00,0.36,1.00,0.00,1.00,AStar
75,0.31,AllyPrefab,Ally,AllyIdleState,Idling,AgentPrefab,0.36,0.00,0.36,9.00,0.00,17.00,9.00,0.00,17.00,N/A
75,0.31,AgentPrefab,Agent,MoveState,Moving,AllyPrefab,9.00,0.00,17.00,0.36,0.00,0.36,1.00,0.00,1.00,AStar
76,0.31,AllyPrefab,Ally,AllyIdleState,Idling,AgentPrefab,0.37,0.00,0.37,9.00,0.00,17.00,9.00,0.00,17.00,N/A
76,0.31,AgentPrefab,Agent,MoveState,Moving,AllyPrefab,9.00,0.00,17.00,0.37,0.00,0.37,1.00,0.00,1.00,AStar
77,0.31,AllyPrefab,Ally,AllyIdleState,Idling,AgentPrefab,0.37,0.00,0.37,9.00,0.00,17.00,9.00,0.00,17.00,N/A
77,0.31,AgentPrefab,Agent,MoveState,Moving,AllyPrefab,9.00,0.00,17.00,0.37,0.00,0.37,1.00,0.00,1.00,AStar
78,0.32,AllyPrefab,Ally,AllyIdleState,Idling,AgentPrefab,0.38,0.00,0.38,9.00,0.00,17.00,9.00,0.00,17.00,N/A
78,0.32,AgentPrefab,Agent,MoveState,Moving,AllyPrefab,9.00,0.00,17.00,0.38,0.00,0.38,1.00,0.00,1.00,AStar
79,0.32,AllyPrefab,Ally,AllyIdleState,Idling,AgentPrefab,0.38,0.00,0.38,9.00,0.00,17.00,9.00,0.00,17.00,N/A
79,0.32,AgentPrefab,Agent,MoveState,Moving,AllyPrefab,9.00,0.00,17.00,0.38,0.00,0.38,1.00,0.00,1.00,AStar
80,0.32,AllyPrefab,Ally,AllyIdleState,Idling,AgentPrefab,0.39,0.00,0.39,9.00,0.00,17.00,9.00,0.00,17.00,N/A
80,0.32,AgentPrefab,Agent,MoveState,Moving,AllyPrefab,9.00,0.00,17.00,0.39,0.00,0.39,1.00,0.00,1.00,AStar
81,0.33,AllyPrefab,Ally,AllyIdleState,Idling,AgentPrefab,0.39,0.00,0.39,9.00,0.00,17.00,9.00,0.00,17.00,N/A
81,0.33,AgentPrefab,Agent,MoveState,Moving,AllyPrefab,9.00,0.00,17.00,0.39,0.00,0.39,1.00,0.00,1.00,AStar
82,0.33,AllyPrefab,Ally,AllyIdleState,Idling,AgentPrefab,0.39,0.00,0.39,9.00,0.00,17.00,9.00,0.00,17.00,N/A
82,0.33,AgentPrefab,Agent,MoveState,Moving,AllyPrefab,9.00,0.00,17.00,0.39,0.00,0.39,1.00,0.00,1.00,AStar
83,0.33,AllyPrefab,Ally,AllyIdleState,Idling,AgentPrefab,0.40,0.00,0.40,9.00,0.00,17.00,9.00,0.00,17.00,N/A
83,0.33,AgentPrefab,Agent,MoveState,Moving,AllyPrefab,9.00,0.00,17.00,0.40,0.00,0.40,1.00,0.00,1.00,AStar
84,0.34,AllyPrefab,Ally,AllyIdleState,Idling,AgentPrefab,0.40,0.00,0.40,9.00,0.00,17.00,9.00,0.00,17.00,N/A
84,0.34,AgentPrefab,Agent,MoveState,Moving,AllyPrefab,9.00,0.00,17.00,0.40,0.00,0.40,1.00,0.00,1.00,AStar
85,0.34,AllyPrefab,Ally,AllyIdleState,Idling,AgentPrefab,0.41,0.00,0.41,9.00,0.00,17.00,9.00,0.00,17.00,N/A
85,0.34,AgentPrefab,Agent,MoveState,Moving,AllyPrefab,9.00,0.00,17.00,0.41,0.00,0.41,1.00,0.00,1.00,AStar
86,0.34,AllyPrefab,Ally,AllyIdleState,Idling,AgentPrefab,0.41,0.00,0.41,9.00,0.00,17.00,9.00,0.00,17.00,N/A
86,0.34,AgentPrefab,Agent,MoveState,Moving,AllyPrefab,9.00,0.00,17.00,0.41,0.00,0.41,1.00,0.00,1.00,AStar
87,0.35,AllyPrefab,Ally,AllyIdleState,Idling,AgentPrefab,0.42,0.00,0.42,9.00,0.00,17.00,9.00,0.00,17.00,N/A
87,0.35,AgentPrefab,Agent,MoveState,Moving,AllyPrefab,9.00,0.00,17.00,0.42,0.00,0.42,1.00,0.00,1.00,AStar
88,0.35,AllyPrefab,Ally,AllyIdleState,Idling,AgentPrefab,0.42,0.00,0.42,9.00,0.00,17.00,9.00,0.00,17.00,N/A
88,0.35,AgentPrefab,Agent,MoveState,Moving,AllyPrefab,9.00,0.00,17.00,0.42,0.00,0.42,1.00,0.00,1.00,AStar
89,0.35,AllyPrefab,Ally,AllyIdleState,Idling,AgentPrefab,0.43,0.00,0.43,9.00,0.00,17.00,9.00,0.00,17.00,N/A
89,0.35,AgentPrefab,Agent,MoveState,Moving,AllyPrefab,9.00,0.00,17.00,0.43,0.00,0.43,1.00,0.00,1.00,AStar
90,0.36,AllyPrefab,Ally,AllyIdleState,Idling,AgentPrefab,0.43,0.00,0.43,9.00,0.00,17.00,9.00,0.00,17.00,N/A
90,0.36,AgentPrefab,Agent,MoveState,Moving,AllyPrefab,9.00,0.00,17.00,0.43,0.00,0.43,1.00,0.00,1.00,AStar
91,0.36,AllyPrefab,Ally,AllyIdleState,Idling,AgentPrefab,0.44,0.00,0.44,9.00,0.00,17.00,9.00,0.00,17.00,N/A
91,0.36,AgentPrefab,Agent,MoveState,Moving,AllyPrefab,9.00,0.00,17.00,0.44,0.00,0.44,1.00,0.00,1.00,AStar
92,0.36,AllyPrefab,Ally,AllyIdleState,Idling,AgentPrefab,0.44,0.00,0.44,9.00,0.00,17.00,9.00,0.00,17.00,N/A
92,0.36,AgentPrefab,Agent,MoveState,Moving,AllyPrefab,9.00,0.00,17.00,0.44,0.00,0.44,1.00,0.00,1.00,AStar
93,0.37,AllyPrefab,Ally,AllyIdleState,Idling,AgentPrefab,0.45,0.00,0.45,9.00,0.00,17.00,9.00,0.00,17.00,N/A
93,0.37,AgentPrefab,Agent,MoveState,Moving,AllyPrefab,9.00,0.00,17.00,0.45,0.00,0.45,1.00,0.00,1.00,AStar
94,0.37,AllyPrefab,Ally,AllyIdleState,Idling,AgentPrefab,0.45,0.00,0.45,9.00,0.00,17.00,9.00,0.00,17.00,N/A
94,0.37,AgentPrefab,Agent,MoveState,Moving,AllyPrefab,9.00,0.00,17.00,0.45,0.00,0.45,1.00,0.00,1.00,AStar
95,0.37,AllyPrefab,Ally,AllyIdleState,Idling,AgentPrefab,0.46,0.00,0.46,9.00,0.00,17.00,9.00,0.00,17.00,N/A
95,0.37,AgentPrefab,Agent,MoveState,Moving,AllyPrefab,9.00,0.00,17.00,0.46,0.00,0.46,1.00,0.00,1.00,AStar
96,0.38,AllyPrefab,Ally,AllyIdleState,Idling,AgentPrefab,0.46,0.00,0.46,9.00,0.00,17.00,9.00,0.00,17.00,N/A
96,0.38,AgentPrefab,Agent,MoveState,Moving,AllyPrefab,9.00,0.00,17.00,0.46,0.00,0.46,1.00,0.00,1.00,AStar
97,0.38,AllyPrefab,Ally,AllyIdleState,Idling,AgentPrefab,0.47,0.00,0.47,9.00,0.00,17.00,9.00,0.00,17.00,N/A
97,0.38,AgentPrefab,Agent,MoveState,Moving,AllyPrefab,9.00,0.00,17.00,0.47,0.00,0.47,1.00,0.00,1.00,AStar
98,0.39,AllyPrefab,Ally,AllyIdleState,Idling,AgentPrefab,0.47,0.00,0.47,9.00,0.00,17.00,9.00,0.00,17.00,N/A
98,0.39,AgentPrefab,Agent,MoveState,Moving,AllyPrefab,9.00,0.00,17.00,0.47,0.00,0.47,1.00,0.00,1.00,AStar
99,0.39,AllyPrefab,Ally,AllyIdleState,Idling,AgentPrefab,0.48,0.00,0.48,9.00,0.00,17.00,9.00,0.00,17.00,N/A
99,0.39,AgentPrefab,Agent,MoveState,Moving,AllyPrefab,9.00,0.00,17.00,0.48,0.00,0.48,1.00,0.00,1.00,AStar
100,0.39,AllyPrefab,Ally,AllyIdleState,Idling,AgentPrefab,0.48,0.00,0.48,9.00,0.00,17.00,9.00,0.00,17.00,N/A
100,0.39,AgentPrefab,Agent,MoveState,Moving,AllyPrefab,9.00,0.00,17.00,0.48,0.00,0.48,1.00,0.00,1.00,AStar
101,0.40,AllyPrefab,Ally,AllyIdleState,Idling,AgentPrefab,0.49,0.00,0.49,9.00,0.00,17.00,9.00,0.00,17.00,N/A
101,0.40,AgentPrefab,Agent,MoveState,Moving,AllyPrefab,9.00,0.00,17.00,0.49,0.00,0.49,1.00,0.00,1.00,AStar
102,0.40,AllyPrefab,Ally,AllyIdleState,Idling,AgentPrefab,0.49,0.00,0.49,9.00,0.00,17.00,9.00,0.00,17.00,N/A
102,0.40,AgentPrefab,Agent,MoveState,Moving,AllyPrefab,9.00,0.00,17.00,0.49,0.00,0.49,1.00,0.00,1.00,AStar
103,0.40,AllyPrefab,Ally,AllyIdleState,Idling,AgentPrefab,0.50,0.00,0.50,9.00,0.00,17.00,9.00,0.00,17.00,N/A
103,0.40,AgentPrefab,Agent,MoveState,Moving,AllyPrefab,9.00,0.00,17.00,0.50,0.00,0.50,1.00,0.00,1.00,AStar
104,0.41,AllyPrefab,Ally,AllyIdleState,Idling,AgentPrefab,0.50,0.00,0.50,9.00,0.00,17.00,9.00,0.00,17.00,N/A
104,0.41,AgentPrefab,Agent,MoveState,Moving,AllyPrefab,9.00,0.00,17.00,0.50,0.00,0.50,1.00,0.00,1.00,AStar
105,0.41,AllyPrefab,Ally,AllyIdleState,Idling,AgentPrefab,0.51,0.00,0.51,9.00,0.00,17.00,9.00,0.00,17.00,N/A
105,0.41,AgentPrefab,Agent,MoveState,Moving,AllyPrefab,9.00,0.00,17.00,0.51,0.00,0.51,1.00,0.00,1.00,AStar
106,0.42,AllyPrefab,Ally,AllyIdleState,Idling,AgentPrefab,0.51,0.00,0.51,9.00,0.00,17.00,9.00,0.00,17.00,N/A
106,0.42,AgentPrefab,Agent,MoveState,Moving,AllyPrefab,9.00,0.00,17.00,0.51,0.00,0.51,1.00,0.00,1.00,AStar
107,0.42,AllyPrefab,Ally,AllyIdleState,Idling,AgentPrefab,0.52,0.00,0.52,9.00,0.00,17.00,9.00,0.00,17.00,N/A
107,0.42,AgentPrefab,Agent,MoveState,Moving,AllyPrefab,9.00,0.00,17.00,0.52,0.00,0.52,1.00,0.00,1.00,AStar
108,0.43,AllyPrefab,Ally,AllyIdleState,Idling,AgentPrefab,0.53,0.00,0.53,9.00,0.00,17.00,9.00,0.00,17.00,N/A
108,0.43,AgentPrefab,Agent,MoveState,Moving,AllyPrefab,9.00,0.00,17.00,0.53,0.00,0.53,1.00,0.00,1.00,AStar
109,0.43,AllyPrefab,Ally,AllyIdleState,Idling,AgentPrefab,0.54,0.00,0.54,9.00,0.00,17.00,9.00,0.00,17.00,N/A
109,0.43,AgentPrefab,Agent,MoveState,Moving,AllyPrefab,9.00,0.00,17.00,0.54,0.00,0.54,1.00,0.00,1.00,AStar
110,0.44,AllyPrefab,Ally,AllyIdleState,Idling,AgentPrefab,0.54,0.00,0.54,9.00,0.00,17.00,9.00,0.00,17.00,N/A
110,0.44,AgentPrefab,Agent,MoveState,Moving,AllyPrefab,9.00,0.00,17.00,0.54,0.00,0.54,1.00,0.00,1.00,AStar
111,0.44,AllyPrefab,Ally,AllyIdleState,Idling,AgentPrefab,0.55,0.00,0.55,9.00,0.00,17.00,9.00,0.00,17.00,N/A
111,0.44,AgentPrefab,Agent,MoveState,Moving,AllyPrefab,9.00,0.00,17.00,0.55,0.00,0.55,1.00,0.00,1.00,AStar
112,0.44,AllyPrefab,Ally,AllyIdleState,Idling,AgentPrefab,0.56,0.00,0.56,9.00,0.00,17.00,9.00,0.00,17.00,N/A
112,0.44,AgentPrefab,Agent,MoveState,Moving,AllyPrefab,9.00,0.00,17.00,0.56,0.00,0.56,1.00,0.00,1.00,AStar
113,0.45,AllyPrefab,Ally,AllyIdleState,Idling,AgentPrefab,0.56,0.00,0.56,9.00,0.00,17.00,9.00,0.00,17.00,N/A
113,0.45,AgentPrefab,Agent,MoveState,Moving,AllyPrefab,9.00,0.00,17.00,0.56,0.00,0.56,1.00,0.00,1.00,AStar
114,0.45,AllyPrefab,Ally,AllyIdleState,Idling,AgentPrefab,0.57,0.00,0.57,9.00,0.00,17.00,9.00,0.00,17.00,N/A
114,0.45,AgentPrefab,Agent,MoveState,Moving,AllyPrefab,9.00,0.00,17.00,0.57,0.00,0.57,1.00,0.00,1.00,AStar
115,0.46,AllyPrefab,Ally,AllyIdleState,Idling,AgentPrefab,0.57,0.00,0.57,9.00,0.00,17.00,9.00,0.00,17.00,N/A
115,0.46,AgentPrefab,Agent,MoveState,Moving,AllyPrefab,9.00,0.00,17.00,0.57,0.00,0.57,1.00,0.00,1.00,AStar
116,0.46,AllyPrefab,Ally,AllyIdleState,Idling,AgentPrefab,0.58,0.00,0.58,9.00,0.00,17.00,9.00,0.00,17.00,N/A
116,0.46,AgentPrefab,Agent,MoveState,Moving,AllyPrefab,9.00,0.00,17.00,0.58,0.00,0.58,1.00,0.00,1.00,AStar
117,0.46,AllyPrefab,Ally,AllyIdleState,Idling,AgentPrefab,0.58,0.00,0.58,9.00,0.00,17.00,9.00,0.00,17.00,N/A
117,0.46,AgentPrefab,Agent,MoveState,Moving,AllyPrefab,9.00,0.00,17.00,0.58,0.00,0.58,1.00,0.00,1.00,AStar
118,0.47,AllyPrefab,Ally,AllyIdleState,Idling,AgentPrefab,0.59,0.00,0.59,9.00,0.00,17.00,9.00,0.00,17.00,N/A
118,0.47,AgentPrefab,Agent,MoveState,Moving,AllyPrefab,9.00,0.00,17.00,0.59,0.00,0.59,1.00,0.00,1.00,AStar
119,0.47,AllyPrefab,Ally,AllyIdleState,Idling,AgentPrefab,0.59,0.00,0.59,9.00,0.00,17.00,9.00,0.00,17.00,N/A
119,0.47,AgentPrefab,Agent,MoveState,Moving,AllyPrefab,9.00,0.00,17.00,0.59,0.00,0.59,1.00,0.00,1.00,AStar
120,0.47,AllyPrefab,Ally,AllyIdleState,Idling,AgentPrefab,0.60,0.00,0.60,9.00,0.00,17.00,9.00,0.00,17.00,N/A
120,0.47,AgentPrefab,Agent,MoveState,Moving,AllyPrefab,9.00,0.00,17.00,0.60,0.00,0.60,1.00,0.00,1.00,AStar
121,0.48,AllyPrefab,Ally,AllyIdleState,Idling,AgentPrefab,0.60,0.00,0.60,9.00,0.00,17.00,9.00,0.00,17.00,N/A
121,0.48,AgentPrefab,Agent,MoveState,Moving,AllyPrefab,9.00,0.00,17.00,0.60,0.00,0.60,1.00,0.00,1.00,AStar
122,0.48,AllyPrefab,Ally,AllyIdleState,Idling,AgentPrefab,0.61,0.00,0.61,9.00,0.00,17.00,9.00,0.00,17.00,N/A
122,0.48,AgentPrefab,Agent,MoveState,Moving,AllyPrefab,9.00,0.00,17.00,0.61,0.00,0.61,1.00,0.00,1.00,AStar
123,0.49,AllyPrefab,Ally,AllyIdleState,Idling,AgentPrefab,0.61,0.00,0.61,9.00,0.00,17.00,9.00,0.00,17.00,N/A
123,0.49,AgentPrefab,Agent,MoveState,Moving,AllyPrefab,9.00,0.00,17.00,0.61,0.00,0.61,1.00,0.00,1.00,AStar
124,0.49,AllyPrefab,Ally,AllyIdleState,Idling,AgentPrefab,0.62,0.00,0.62,9.00,0.00,17.00,9.00,0.00,17.00,N/A
124,0.49,AgentPrefab,Agent,MoveState,Moving,AllyPrefab,9.00,0.00,17.00,0.62,0.00,0.62,1.00,0.00,1.00,AStar
125,0.49,AllyPrefab,Ally,AllyIdleState,Idling,AgentPrefab,0.62,0.00,0.62,9.00,0.00,17.00,9.00,0.00,17.00,N/A
125,0.49,AgentPrefab,Agent,MoveState,Moving,AllyPrefab,9.00,0.00,17.00,0.62,0.00,0.62,1.00,0.00,1.00,AStar
126,0.50,AllyPrefab,Ally,AllyIdleState,Idling,AgentPrefab,0.63,0.00,0.63,9.00,0.00,17.00,9.00,0.00,17.00,N/A
126,0.50,AgentPrefab,Agent,MoveState,Moving,AllyPrefab,9.00,0.00,17.00,0.63,0.00,0.63,1.00,0.00,1.00,AStar
127,0.50,AllyPrefab,Ally,AllyIdleState,Idling,AgentPrefab,0.63,0.00,0.63,9.00,0.00,17.00,9.00,0.00,17.00,N/A
127,0.50,AgentPrefab,Agent,MoveState,Moving,AllyPrefab,9.00,0.00,17.00,0.63,0.00,0.63,1.00,0.00,1.00,AStar
128,0.51,AllyPrefab,Ally,AllyIdleState,Idling,AgentPrefab,0.64,0.00,0.64,9.00,0.00,17.00,9.00,0.00,17.00,N/A
128,0.51,AgentPrefab,Agent,MoveState,Moving,AllyPrefab,9.00,0.00,17.00,0.64,0.00,0.64,1.00,0.00,1.00,AStar
129,0.51,AllyPrefab,Ally,AllyIdleState,Idling,AgentPrefab,0.65,0.00,0.65,9.00,0.00,17.00,9.00,0.00,17.00,N/A
129,0.51,AgentPrefab,Agent,MoveState,Moving,AllyPrefab,9.00,0.00,17.00,0.65,0.00,0.65,1.00,0.00,1.00,AStar
130,0.51,AllyPrefab,Ally,AllyIdleState,Idling,AgentPrefab,0.65,0.00,0.65,9.00,0.00,17.00,9.00,0.00,17.00,N/A
130,0.51,AgentPrefab,Agent,MoveState,Moving,AllyPrefab,9.00,0.00,17.00,0.65,0.00,0.65,1.00,0.00,1.00,AStar
131,0.52,AllyPrefab,Ally,AllyIdleState,Idling,AgentPrefab,0.66,0.00,0.66,9.00,0.00,17.00,9.00,0.00,17.00,N/A
131,0.52,AgentPrefab,Agent,MoveState,Moving,AllyPrefab,9.00,0.00,17.00,0.66,0.00,0.66,1.00,0.00,1.00,AStar
132,0.52,AllyPrefab,Ally,AllyIdleState,Idling,AgentPrefab,0.66,0.00,0.66,9.00,0.00,17.00,9.00,0.00,17.00,N/A
132,0.52,AgentPrefab,Agent,MoveState,Moving,AllyPrefab,9.00,0.00,17.00,0.66,0.00,0.66,1.00,0.00,1.00,AStar
133,0.52,AllyPrefab,Ally,AllyIdleState,Idling,AgentPrefab,0.67,0.00,0.67,9.00,0.00,17.00,9.00,0.00,17.00,N/A
133,0.52,AgentPrefab,Agent,MoveState,Moving,AllyPrefab,9.00,0.00,17.00,0.67,0.00,0.67,1.00,0.00,1.00,AStar
134,0.53,AllyPrefab,Ally,AllyIdleState,Idling,AgentPrefab,0.67,0.00,0.67,9.00,0.00,17.00,9.00,0.00,17.00,N/A
134,0.53,AgentPrefab,Agent,MoveState,Moving,AllyPrefab,9.00,0.00,17.00,0.67,0.00,0.67,0.67,0.00,0.67,AStar
135,0.53,AllyPrefab,Ally,AllyIdleState,Idling,AgentPrefab,0.67,0.00,0.67,9.00,0.00,17.00,9.00,0.00,17.00,N/A
135,0.53,AgentPrefab,Agent,MoveState,Moving,AllyPrefab,9.00,0.00,17.00,0.67,0.00,0.67,1.67,0.00,1.67,AStar
136,0.53,AllyPrefab,Ally,AllyIdleState,Idling,AgentPrefab,0.68,0.00,0.68,9.00,0.00,17.00,9.00,0.00,17.00,N/A
136,0.53,AgentPrefab,Agent,MoveState,Moving,AllyPrefab,9.00,0.00,17.00,0.68,0.00,0.68,1.67,0.00,1.67,AStar
137,0.54,AllyPrefab,Ally,AllyIdleState,Idling,AgentPrefab,0.68,0.00,0.68,9.00,0.00,17.00,9.00,0.00,17.00,N/A
137,0.54,AgentPrefab,Agent,MoveState,Moving,AllyPrefab,9.00,0.00,17.00,0.68,0.00,0.68,1.67,0.00,1.67,AStar
138,0.54,AllyPrefab,Ally,AllyIdleState,Idling,AgentPrefab,0.69,0.00,0.69,9.00,0.00,17.00,9.00,0.00,17.00,N/A
138,0.54,AgentPrefab,Agent,MoveState,Moving,AllyPrefab,9.00,0.00,17.00,0.69,0.00,0.69,1.67,0.00,1.67,AStar
139,0.54,AllyPrefab,Ally,AllyIdleState,Idling,AgentPrefab,0.69,0.00,0.69,9.00,0.00,17.00,9.00,0.00,17.00,N/A
139,0.54,AgentPrefab,Agent,MoveState,Moving,AllyPrefab,9.00,0.00,17.00,0.69,0.00,0.69,1.67,0.00,1.67,AStar
140,0.55,AllyPrefab,Ally,AllyIdleState,Idling,AgentPrefab,0.69,0.00,0.69,9.00,0.00,17.00,9.00,0.00,17.00,N/A
140,0.55,AgentPrefab,Agent,MoveState,Moving,AllyPrefab,9.00,0.00,17.00,0.69,0.00,0.69,1.67,0.00,1.67,AStar
141,0.55,AllyPrefab,Ally,AllyIdleState,Idling,AgentPrefab,0.70,0.00,0.70,9.00,0.00,17.00,9.00,0.00,17.00,N/A
141,0.55,AgentPrefab,Agent,MoveState,Moving,AllyPrefab,9.00,0.00,17.00,0.70,0.00,0.70,1.67,0.00,1.67,AStar
142,0.55,AllyPrefab,Ally,AllyIdleState,Idling,AgentPrefab,0.70,0.00,0.70,9.00,0.00,17.00,9.00,0.00,17.00,N/A
142,0.55,AgentPrefab,Agent,MoveState,Moving,AllyPrefab,9.00,0.00,17.00,0.70,0.00,0.70,1.67,0.00,1.67,AStar
143,0.55,AllyPrefab,Ally,AllyIdleState,Idling,AgentPrefab,0.71,0.00,0.71,9.00,0.00,17.00,9.00,0.00,17.00,N/A
143,0.55,AgentPrefab,Agent,MoveState,Moving,AllyPrefab,9.00,0.00,17.00,0.71,0.00,0.71,1.67,0.00,1.67,AStar
144,0.56,AllyPrefab,Ally,AllyIdleState,Idling,AgentPrefab,0.71,0.00,0.71,9.00,0.00,17.00,9.00,0.00,17.00,N/A
144,0.56,AgentPrefab,Agent,MoveState,Moving,AllyPrefab,9.00,0.00,17.00,0.71,0.00,0.71,1.67,0.00,1.67,AStar
145,0.56,AllyPrefab,Ally,AllyIdleState,Idling,AgentPrefab,0.71,0.00,0.71,9.00,0.00,17.00,9.00,0.00,17.00,N/A
145,0.56,AgentPrefab,Agent,MoveState,Moving,AllyPrefab,9.00,0.00,17.00,0.71,0.00,0.71,1.67,0.00,1.67,AStar
146,0.56,AllyPrefab,Ally,AllyIdleState,Idling,AgentPrefab,0.72,0.00,0.72,9.00,0.00,17.00,9.00,0.00,17.00,N/A
146,0.56,AgentPrefab,Agent,MoveState,Moving,AllyPrefab,9.00,0.00,17.00,0.72,0.00,0.72,1.67,0.00,1.67,AStar
147,0.57,AllyPrefab,Ally,AllyIdleState,Idling,AgentPrefab,0.72,0.00,0.72,9.00,0.00,17.00,9.00,0.00,17.00,N/A
147,0.57,AgentPrefab,Agent,MoveState,Moving,AllyPrefab,9.00,0.00,17.00,0.72,0.00,0.72,1.67,0.00,1.67,AStar
148,0.57,AllyPrefab,Ally,AllyIdleState,Idling,AgentPrefab,0.73,0.00,0.73,9.00,0.00,17.00,9.00,0.00,17.00,N/A
148,0.57,AgentPrefab,Agent,MoveState,Moving,AllyPrefab,9.00,0.00,17.00,0.73,0.00,0.73,1.67,0.00,1.67,AStar
149,0.57,AllyPrefab,Ally,AllyIdleState,Idling,AgentPrefab,0.73,0.00,0.73,9.00,0.00,17.00,9.00,0.00,17.00,N/A
149,0.57,AgentPrefab,Agent,MoveState,Moving,AllyPrefab,9.00,0.00,17.00,0.73,0.00,0.73,1.67,0.00,1.67,AStar
150,0.57,AllyPrefab,Ally,AllyIdleState,Idling,AgentPrefab,0.73,0.00,0.73,9.00,0.00,17.00,9.00,0.00,17.00,N/A
150,0.57,AgentPrefab,Agent,MoveState,Moving,AllyPrefab,9.00,0.00,17.00,0.73,0.00,0.73,1.67,0.00,1.67,AStar
151,0.58,AllyPrefab,Ally,AllyIdleState,Idling,AgentPrefab,0.74,0.00,0.74,9.00,0.00,17.00,9.00,0.00,17.00,N/A
151,0.58,AgentPrefab,Agent,MoveState,Moving,AllyPrefab,9.00,0.00,17.00,0.74,0.00,0.74,1.67,0.00,1.67,AStar
152,0.58,AllyPrefab,Ally,AllyIdleState,Idling,AgentPrefab,0.74,0.00,0.74,9.00,0.00,17.00,9.00,0.00,17.00,N/A
152,0.58,AgentPrefab,Agent,MoveState,Moving,AllyPrefab,9.00,0.00,17.00,0.74,0.00,0.74,1.67,0.00,1.67,AStar
153,0.58,AllyPrefab,Ally,AllyIdleState,Idling,AgentPrefab,0.75,0.00,0.75,9.00,0.00,17.00,9.00,0.00,17.00,N/A
153,0.58,AgentPrefab,Agent,MoveState,Moving,AllyPrefab,9.00,0.00,17.00,0.75,0.00,0.75,1.67,0.00,1.67,AStar
154,0.59,AllyPrefab,Ally,AllyIdleState,Idling,AgentPrefab,0.75,0.00,0.75,9.00,0.00,17.00,9.00,0.00,17.00,N/A
154,0.59,AgentPrefab,Agent,MoveState,Moving,AllyPrefab,9.00,0.00,17.00,0.75,0.00,0.75,1.67,0.00,1.67,AStar
155,0.59,AllyPrefab,Ally,AllyIdleState,Idling,AgentPrefab,0.76,0.00,0.76,9.00,0.00,17.00,9.00,0.00,17.00,N/A
155,0.59,AgentPrefab,Agent,MoveState,Moving,AllyPrefab,9.00,0.00,17.00,0.76,0.00,0.76,1.67,0.00,1.67,AStar
156,0.59,AllyPrefab,Ally,AllyIdleState,Idling,AgentPrefab,0.76,0.00,0.76,9.00,0.00,17.00,9.00,0.00,17.00,N/A
156,0.59,AgentPrefab,Agent,MoveState,Moving,AllyPrefab,9.00,0.00,17.00,0.76,0.00,0.76,1.67,0.00,1.67,AStar
157,0.60,AllyPrefab,Ally,AllyIdleState,Idling,AgentPrefab,0.76,0.00,0.76,9.00,0.00,17.00,9.00,0.00,17.00,N/A
157,0.60,AgentPrefab,Agent,MoveState,Moving,AllyPrefab,9.00,0.00,17.00,0.76,0.00,0.76,1.67,0.00,1.67,AStar
158,0.60,AllyPrefab,Ally,AllyIdleState,Idling,AgentPrefab,0.77,0.00,0.77,9.00,0.00,17.00,9.00,0.00,17.00,N/A
158,0.60,AgentPrefab,Agent,MoveState,Moving,AllyPrefab,9.00,0.00,17.00,0.77,0.00,0.77,1.67,0.00,1.67,AStar
159,0.60,AllyPrefab,Ally,AllyIdleState,Idling,AgentPrefab,0.77,0.00,0.77,9.00,0.00,17.00,9.00,0.00,17.00,N/A
159,0.60,AgentPrefab,Agent,MoveState,Moving,AllyPrefab,9.00,0.00,17.00,0.77,0.00,0.77,1.67,0.00,1.67,AStar
160,0.61,AllyPrefab,Ally,AllyIdleState,Idling,AgentPrefab,0.78,0.00,0.78,9.00,0.00,17.00,9.00,0.00,17.00,N/A
160,0.61,AgentPrefab,Agent,MoveState,Moving,AllyPrefab,9.00,0.00,17.00,0.78,0.00,0.78,1.67,0.00,1.67,AStar
161,0.61,AllyPrefab,Ally,AllyIdleState,Idling,AgentPrefab,0.78,0.00,0.78,9.00,0.00,17.00,9.00,0.00,17.00,N/A
161,0.61,AgentPrefab,Agent,MoveState,Moving,AllyPrefab,9.00,0.00,17.00,0.78,0.00,0.78,1.67,0.00,1.67,AStar
162,0.61,AllyPrefab,Ally,AllyIdleState,Idling,AgentPrefab,0.79,0.00,0.79,9.00,0.00,17.00,9.00,0.00,17.00,N/A
162,0.61,AgentPrefab,Agent,MoveState,Moving,AllyPrefab,9.00,0.00,17.00,0.79,0.00,0.79,1.67,0.00,1.67,AStar
163,0.62,AllyPrefab,Ally,AllyIdleState,Idling,AgentPrefab,0.79,0.00,0.79,9.00,0.00,17.00,9.00,0.00,17.00,N/A
163,0.62,AgentPrefab,Agent,MoveState,Moving,AllyPrefab,9.00,0.00,17.00,0.79,0.00,0.79,1.67,0.00,1.67,AStar
164,0.62,AllyPrefab,Ally,AllyIdleState,Idling,AgentPrefab,0.80,0.00,0.80,9.00,0.00,17.00,9.00,0.00,17.00,N/A
164,0.62,AgentPrefab,Agent,MoveState,Moving,AllyPrefab,9.00,0.00,17.00,0.80,0.00,0.80,1.67,0.00,1.67,AStar
165,0.62,AllyPrefab,Ally,AllyIdleState,Idling,AgentPrefab,0.80,0.00,0.80,9.00,0.00,17.00,9.00,0.00,17.00,N/A
165,0.62,AgentPrefab,Agent,MoveState,Moving,AllyPrefab,9.00,0.00,17.00,0.80,0.00,0.80,1.67,0.00,1.67,AStar
166,0.63,AllyPrefab,Ally,AllyIdleState,Idling,AgentPrefab,0.81,0.00,0.81,9.00,0.00,17.00,9.00,0.00,17.00,N/A
166,0.63,AgentPrefab,Agent,MoveState,Moving,AllyPrefab,9.00,0.00,17.00,0.81,0.00,0.81,1.67,0.00,1.67,AStar
167,0.63,AllyPrefab,Ally,AllyIdleState,Idling,AgentPrefab,0.81,0.00,0.81,9.00,0.00,17.00,9.00,0.00,17.00,N/A
167,0.63,AgentPrefab,Agent,MoveState,Moving,AllyPrefab,9.00,0.00,17.00,0.81,0.00,0.81,1.67,0.00,1.67,AStar
168,0.63,AllyPrefab,Ally,AllyIdleState,Idling,AgentPrefab,0.81,0.00,0.81,9.00,0.00,17.00,9.00,0.00,17.00,N/A
168,0.63,AgentPrefab,Agent,MoveState,Moving,AllyPrefab,9.00,0.00,17.00,0.81,0.00,0.81,1.67,0.00,1.67,AStar
169,0.63,AllyPrefab,Ally,AllyIdleState,Idling,AgentPrefab,0.82,0.00,0.82,9.00,0.00,17.00,9.00,0.00,17.00,N/A
169,0.63,AgentPrefab,Agent,MoveState,Moving,AllyPrefab,9.00,0.00,17.00,0.82,0.00,0.82,1.67,0.00,1.67,AStar
170,0.64,AllyPrefab,Ally,AllyIdleState,Idling,AgentPrefab,0.82,0.00,0.82,9.00,0.00,17.00,9.00,0.00,17.00,N/A
170,0.64,AgentPrefab,Agent,MoveState,Moving,AllyPrefab,9.00,0.00,17.00,0.82,0.00,0.82,1.67,0.00,1.67,AStar
171,0.64,AllyPrefab,Ally,AllyIdleState,Idling,AgentPrefab,0.83,0.00,0.83,9.00,0.00,17.00,9.00,0.00,17.00,N/A
171,0.64,AgentPrefab,Agent,MoveState,Moving,AllyPrefab,9.00,0.00,17.00,0.83,0.00,0.83,1.67,0.00,1.67,AStar
172,0.64,AllyPrefab,Ally,AllyIdleState,Idling,AgentPrefab,0.83,0.00,0.83,9.00,0.00,17.00,9.00,0.00,17.00,N/A
172,0.64,AgentPrefab,Agent,MoveState,Moving,AllyPrefab,9.00,0.00,17.00,0.83,0.00,0.83,1.67,0.00,1.67,AStar
173,0.65,AllyPrefab,Ally,AllyIdleState,Idling,AgentPrefab,0.84,0.00,0.84,9.00,0.00,17.00,9.00,0.00,17.00,N/A
173,0.65,AgentPrefab,Agent,MoveState,Moving,AllyPrefab,9.00,0.00,17.00,0.84,0.00,0.84,1.67,0.00,1.67,AStar
174,0.65,AllyPrefab,Ally,AllyIdleState,Idling,AgentPrefab,0.85,0.00,0.85,9.00,0.00,17.00,9.00,0.00,17.00,N/A
174,0.65,AgentPrefab,Agent,MoveState,Moving,AllyPrefab,9.00,0.00,17.00,0.85,0.00,0.85,1.67,0.00,1.67,AStar
175,0.66,AllyPrefab,Ally,AllyIdleState,Idling,AgentPrefab,0.85,0.00,0.85,9.00,0.00,17.00,9.00,0.00,17.00,N/A
175,0.66,AgentPrefab,Agent,MoveState,Moving,AllyPrefab,9.00,0.00,17.00,0.85,0.00,0.85,1.67,0.00,1.67,AStar
176,0.66,AllyPrefab,Ally,AllyIdleState,Idling,AgentPrefab,0.85,0.00,0.85,9.00,0.00,17.00,9.00,0.00,17.00,N/A
176,0.66,AgentPrefab,Agent,MoveState,Moving,AllyPrefab,9.00,0.00,17.00,0.85,0.00,0.85,1.67,0.00,1.67,AStar
177,0.66,AllyPrefab,Ally,AllyIdleState,Idling,AgentPrefab,0.86,0.00,0.86,9.00,0.00,17.00,9.00,0.00,17.00,N/A
177,0.66,AgentPrefab,Agent,MoveState,Moving,AllyPrefab,9.00,0.00,17.00,0.86,0.00,0.86,1.67,0.00,1.67,AStar
178,0.67,AllyPrefab,Ally,AllyIdleState,Idling,AgentPrefab,0.86,0.00,0.86,9.00,0.00,17.00,9.00,0.00,17.00,N/A
178,0.67,AgentPrefab,Agent,MoveState,Moving,AllyPrefab,9.00,0.00,17.00,0.86,0.00,0.86,1.67,0.00,1.67,AStar
179,0.67,AllyPrefab,Ally,AllyIdleState,Idling,AgentPrefab,0.87,0.00,0.87,9.00,0.00,17.00,9.00,0.00,17.00,N/A
179,0.67,AgentPrefab,Agent,MoveState,Moving,AllyPrefab,9.00,0.00,17.00,0.87,0.00,0.87,1.67,0.00,1.67,AStar
180,0.67,AllyPrefab,Ally,AllyIdleState,Idling,AgentPrefab,0.87,0.00,0.87,9.00,0.00,17.00,9.00,0.00,17.00,N/A
180,0.67,AgentPrefab,Agent,MoveState,Moving,AllyPrefab,9.00,0.00,17.00,0.87,0.00,0.87,1.67,0.00,1.67,AStar
181,0.68,AllyPrefab,Ally,AllyIdleState,Idling,AgentPrefab,0.88,0.00,0.88,9.00,0.00,17.00,9.00,0.00,17.00,N/A
181,0.68,AgentPrefab,Agent,MoveState,Moving,AllyPrefab,9.00,0.00,17.00,0.88,0.00,0.88,1.67,0.00,1.67,AStar
182,0.68,AllyPrefab,Ally,AllyIdleState,Idling,AgentPrefab,0.88,0.00,0.88,9.00,0.00,17.00,9.00,0.00,17.00,N/A
182,0.68,AgentPrefab,Agent,MoveState,Moving,AllyPrefab,9.00,0.00,17.00,0.88,0.00,0.88,1.67,0.00,1.67,AStar
183,0.68,AllyPrefab,Ally,AllyIdleState,Idling,AgentPrefab,0.89,0.00,0.89,9.00,0.00,17.00,9.00,0.00,17.00,N/A
183,0.68,AgentPrefab,Agent,MoveState,Moving,AllyPrefab,9.00,0.00,17.00,0.89,0.00,0.89,1.67,0.00,1.67,AStar
184,0.68,AllyPrefab,Ally,AllyIdleState,Idling,AgentPrefab,0.89,0.00,0.89,9.00,0.00,17.00,9.00,0.00,17.00,N/A
184,0.68,AgentPrefab,Agent,MoveState,Moving,AllyPrefab,9.00,0.00,17.00,0.89,0.00,0.89,1.67,0.00,1.67,AStar
185,0.69,AllyPrefab,Ally,AllyIdleState,Idling,AgentPrefab,0.89,0.00,0.89,9.00,0.00,17.00,9.00,0.00,17.00,N/A
185,0.69,AgentPrefab,Agent,MoveState,Moving,AllyPrefab,9.00,0.00,17.00,0.89,0.00,0.89,1.67,0.00,1.67,AStar
186,0.69,AllyPrefab,Ally,AllyIdleState,Idling,AgentPrefab,0.90,0.00,0.90,9.00,0.00,17.00,9.00,0.00,17.00,N/A
186,0.69,AgentPrefab,Agent,MoveState,Moving,AllyPrefab,9.00,0.00,17.00,0.90,0.00,0.90,1.67,0.00,1.67,AStar
187,0.69,AllyPrefab,Ally,AllyIdleState,Idling,AgentPrefab,0.90,0.00,0.90,9.00,0.00,17.00,9.00,0.00,17.00,N/A
187,0.69,AgentPrefab,Agent,MoveState,Moving,AllyPrefab,9.00,0.00,17.00,0.90,0.00,0.90,1.67,0.00,1.67,AStar
188,0.70,AllyPrefab,Ally,AllyIdleState,Idling,AgentPrefab,0.91,0.00,0.91,9.00,0.00,17.00,9.00,0.00,17.00,N/A
188,0.70,AgentPrefab,Agent,MoveState,Moving,AllyPrefab,9.00,0.00,17.00,0.91,0.00,0.91,1.67,0.00,1.67,AStar
189,0.70,AllyPrefab,Ally,AllyIdleState,Idling,AgentPrefab,0.91,0.00,0.91,9.00,0.00,17.00,9.00,0.00,17.00,N/A
189,0.70,AgentPrefab,Agent,MoveState,Moving,AllyPrefab,9.00,0.00,17.00,0.91,0.00,0.91,1.67,0.00,1.67,AStar
190,0.70,AllyPrefab,Ally,AllyIdleState,Idling,AgentPrefab,0.92,0.00,0.92,9.00,0.00,17.00,9.00,0.00,17.00,N/A
190,0.70,AgentPrefab,Agent,MoveState,Moving,AllyPrefab,9.00,0.00,17.00,0.92,0.00,0.92,1.67,0.00,1.67,AStar
191,0.71,AllyPrefab,Ally,AllyIdleState,Idling,AgentPrefab,0.92,0.00,0.92,9.00,0.00,17.00,9.00,0.00,17.00,N/A
191,0.71,AgentPrefab,Agent,MoveState,Moving,AllyPrefab,9.00,0.00,17.00,0.92,0.00,0.92,1.67,0.00,1.67,AStar
192,0.71,AllyPrefab,Ally,AllyIdleState,Idling,AgentPrefab,0.93,0.00,0.93,9.00,0.00,17.00,9.00,0.00,17.00,N/A
192,0.71,AgentPrefab,Agent,MoveState,Moving,AllyPrefab,9.00,0.00,17.00,0.93,0.00,0.93,1.67,0.00,1.67,AStar
193,0.71,AllyPrefab,Ally,AllyIdleState,Idling,AgentPrefab,0.93,0.00,0.93,9.00,0.00,17.00,9.00,0.00,17.00,N/A
193,0.71,AgentPrefab,Agent,MoveState,Moving,AllyPrefab,9.00,0.00,17.00,0.93,0.00,0.93,1.67,0.00,1.67,AStar
194,0.72,AllyPrefab,Ally,AllyIdleState,Idling,AgentPrefab,0.94,0.00,0.94,9.00,0.00,17.00,9.00,0.00,17.00,N/A
194,0.72,AgentPrefab,Agent,MoveState,Moving,AllyPrefab,9.00,0.00,17.00,0.94,0.00,0.94,1.67,0.00,1.67,AStar
195,0.72,AllyPrefab,Ally,AllyIdleState,Idling,AgentPrefab,0.94,0.00,0.94,9.00,0.00,17.00,9.00,0.00,17.00,N/A
195,0.72,AgentPrefab,Agent,MoveState,Moving,AllyPrefab,9.00,0.00,17.00,0.94,0.00,0.94,1.67,0.00,1.67,AStar
196,0.72,AllyPrefab,Ally,AllyIdleState,Idling,AgentPrefab,0.94,0.00,0.94,9.00,0.00,17.00,9.00,0.00,17.00,N/A
196,0.72,AgentPrefab,Agent,MoveState,Moving,AllyPrefab,9.00,0.00,17.00,0.94,0.00,0.94,1.67,0.00,1.67,AStar
197,0.72,AllyPrefab,Ally,AllyIdleState,Idling,AgentPrefab,0.95,0.00,0.95,9.00,0.00,17.00,9.00,0.00,17.00,N/A
197,0.72,AgentPrefab,Agent,MoveState,Moving,AllyPrefab,9.00,0.00,17.00,0.95,0.00,0.95,1.67,0.00,1.67,AStar
198,0.73,AllyPrefab,Ally,AllyIdleState,Idling,AgentPrefab,0.95,0.00,0.95,9.00,0.00,17.00,9.00,0.00,17.00,N/A
198,0.73,AgentPrefab,Agent,MoveState,Moving,AllyPrefab,9.00,0.00,17.00,0.95,0.00,0.95,1.67,0.00,1.67,AStar
199,0.73,AllyPrefab,Ally,AllyIdleState,Idling,AgentPrefab,0.96,0.00,0.96,9.00,0.00,17.00,9.00,0.00,17.00,N/A
199,0.73,AgentPrefab,Agent,MoveState,Moving,AllyPrefab,9.00,0.00,17.00,0.96,0.00,0.96,1.67,0.00,1.67,AStar
200,0.73,AllyPrefab,Ally,AllyIdleState,Idling,AgentPrefab,0.96,0.00,0.96,9.00,0.00,17.00,9.00,0.00,17.00,N/A
200,0.73,AgentPrefab,Agent,MoveState,Moving,AllyPrefab,9.00,0.00,17.00,0.96,0.00,0.96,1.67,0.00,1.67,AStar
201,0.74,AllyPrefab,Ally,AllyIdleState,Idling,AgentPrefab,0.96,0.00,0.96,9.00,0.00,17.00,9.00,0.00,17.00,N/A
201,0.74,AgentPrefab,Agent,MoveState,Moving,AllyPrefab,9.00,0.00,17.00,0.96,0.00,0.96,1.67,0.00,1.67,AStar
202,0.74,AllyPrefab,Ally,AllyIdleState,Idling,AgentPrefab,0.97,0.00,0.97,9.00,0.00,17.00,9.00,0.00,17.00,N/A
202,0.74,AgentPrefab,Agent,MoveState,Moving,AllyPrefab,9.00,0.00,17.00,0.97,0.00,0.97,1.67,0.00,1.67,AStar
203,0.74,AllyPrefab,Ally,AllyIdleState,Idling,AgentPrefab,0.97,0.00,0.97,9.00,0.00,17.00,9.00,0.00,17.00,N/A
203,0.74,AgentPrefab,Agent,MoveState,Moving,AllyPrefab,9.00,0.00,17.00,0.97,0.00,0.97,1.67,0.00,1.67,AStar
204,0.74,AllyPrefab,Ally,AllyIdleState,Idling,AgentPrefab,0.98,0.00,0.98,9.00,0.00,17.00,9.00,0.00,17.00,N/A
204,0.74,AgentPrefab,Agent,MoveState,Moving,AllyPrefab,9.00,0.00,17.00,0.98,0.00,0.98,1.67,0.00,1.67,AStar
205,0.75,AllyPrefab,Ally,AllyIdleState,Idling,AgentPrefab,0.98,0.00,0.98,9.00,0.00,17.00,9.00,0.00,17.00,N/A
205,0.75,AgentPrefab,Agent,MoveState,Moving,AllyPrefab,9.00,0.00,17.00,0.98,0.00,0.98,1.67,0.00,1.67,AStar
206,0.75,AllyPrefab,Ally,AllyIdleState,Idling,AgentPrefab,0.99,0.00,0.99,9.00,0.00,17.00,9.00,0.00,17.00,N/A
206,0.75,AgentPrefab,Agent,MoveState,Moving,AllyPrefab,9.00,0.00,17.00,0.99,0.00,0.99,1.67,0.00,1.67,AStar
207,0.75,AllyPrefab,Ally,AllyIdleState,Idling,AgentPrefab,0.99,0.00,0.99,9.00,0.00,17.00,9.00,0.00,17.00,N/A
207,0.75,AgentPrefab,Agent,MoveState,Moving,AllyPrefab,9.00,0.00,17.00,0.99,0.00,0.99,1.67,0.00,1.67,AStar
208,0.76,AllyPrefab,Ally,AllyIdleState,Idling,AgentPrefab,0.99,0.00,0.99,9.00,0.00,17.00,9.00,0.00,17.00,N/A
208,0.76,AgentPrefab,Agent,MoveState,Moving,AllyPrefab,9.00,0.00,17.00,0.99,0.00,0.99,1.67,0.00,1.67,AStar
209,0.76,AllyPrefab,Ally,AllyIdleState,Idling,AgentPrefab,1.00,0.00,1.00,9.00,0.00,17.00,9.00,0.00,17.00,N/A
209,0.76,AgentPrefab,Agent,MoveState,Moving,AllyPrefab,9.00,0.00,17.00,1.00,0.00,1.00,1.67,0.00,1.67,AStar
210,0.76,AllyPrefab,Ally,AllyIdleState,Idling,AgentPrefab,1.00,0.00,1.00,9.00,0.00,17.00,9.00,0.00,17.00,N/A
210,0.76,AgentPrefab,Agent,MoveState,Moving,AllyPrefab,9.00,0.00,17.00,1.00,0.00,1.00,1.67,0.00,1.67,AStar
211,0.77,AllyPrefab,Ally,AllyIdleState,Idling,AgentPrefab,1.01,0.00,1.01,9.00,0.00,17.00,9.00,0.00,17.00,N/A
211,0.77,AgentPrefab,Agent,MoveState,Moving,AllyPrefab,9.00,0.00,17.00,1.01,0.00,1.01,1.67,0.00,1.67,AStar
212,0.77,AllyPrefab,Ally,AllyIdleState,Idling,AgentPrefab,1.01,0.00,1.01,9.00,0.00,17.00,9.00,0.00,17.00,N/A
212,0.77,AgentPrefab,Agent,MoveState,Moving,AllyPrefab,9.00,0.00,17.00,1.01,0.00,1.01,1.67,0.00,1.67,AStar
213,0.77,AllyPrefab,Ally,AllyIdleState,Idling,AgentPrefab,1.01,0.00,1.01,9.00,0.00,17.00,9.00,0.00,17.00,N/A
213,0.77,AgentPrefab,Agent,MoveState,Moving,AllyPrefab,9.00,0.00,17.00,1.01,0.00,1.01,1.67,0.00,1.67,AStar
214,0.78,AllyPrefab,Ally,AllyIdleState,Idling,AgentPrefab,1.02,0.00,1.02,9.00,0.00,17.00,9.00,0.00,17.00,N/A
214,0.78,AgentPrefab,Agent,MoveState,Moving,AllyPrefab,9.00,0.00,17.00,1.02,0.00,1.02,1.67,0.00,1.67,AStar
215,0.78,AllyPrefab,Ally,AllyIdleState,Idling,AgentPrefab,1.02,0.00,1.02,9.00,0.00,17.00,9.00,0.00,17.00,N/A
215,0.78,AgentPrefab,Agent,MoveState,Moving,AllyPrefab,9.00,0.00,17.00,1.02,0.00,1.02,1.67,0.00,1.67,AStar
216,0.78,AllyPrefab,Ally,AllyIdleState,Idling,AgentPrefab,1.03,0.00,1.03,9.00,0.00,17.00,9.00,0.00,17.00,N/A
216,0.78,AgentPrefab,Agent,MoveState,Moving,AllyPrefab,9.00,0.00,17.00,1.03,0.00,1.03,1.67,0.00,1.67,AStar
217,0.79,AllyPrefab,Ally,AllyIdleState,Idling,AgentPrefab,1.03,0.00,1.03,9.00,0.00,17.00,9.00,0.00,17.00,N/A
217,0.79,AgentPrefab,Agent,MoveState,Moving,AllyPrefab,9.00,0.00,17.00,1.03,0.00,1.03,1.67,0.00,1.67,AStar
218,0.79,AllyPrefab,Ally,AllyIdleState,Idling,AgentPrefab,1.04,0.00,1.04,9.00,0.00,17.00,9.00,0.00,17.00,N/A
218,0.79,AgentPrefab,Agent,MoveState,Moving,AllyPrefab,9.00,0.00,17.00,1.04,0.00,1.04,1.67,0.00,1.67,AStar
219,0.79,AllyPrefab,Ally,AllyIdleState,Idling,AgentPrefab,1.04,0.00,1.04,9.00,0.00,17.00,9.00,0.00,17.00,N/A
219,0.79,AgentPrefab,Agent,MoveState,Moving,AllyPrefab,9.00,0.00,17.00,1.04,0.00,1.04,1.67,0.00,1.67,AStar
220,0.80,AllyPrefab,Ally,AllyIdleState,Idling,AgentPrefab,1.05,0.00,1.05,9.00,0.00,17.00,9.00,0.00,17.00,N/A
220,0.80,AgentPrefab,Agent,MoveState,Moving,AllyPrefab,9.00,0.00,17.00,1.05,0.00,1.05,1.67,0.00,1.67,AStar
221,0.80,AllyPrefab,Ally,AllyIdleState,Idling,AgentPrefab,1.05,0.00,1.05,9.00,0.00,17.00,9.00,0.00,17.00,N/A
221,0.80,AgentPrefab,Agent,MoveState,Moving,AllyPrefab,9.00,0.00,17.00,1.05,0.00,1.05,1.67,0.00,1.67,AStar
222,0.80,AllyPrefab,Ally,AllyIdleState,Idling,AgentPrefab,1.06,0.00,1.06,9.00,0.00,17.00,9.00,0.00,17.00,N/A
222,0.80,AgentPrefab,Agent,MoveState,Moving,AllyPrefab,9.00,0.00,17.00,1.06,0.00,1.06,1.67,0.00,1.67,AStar
223,0.80,AllyPrefab,Ally,AllyIdleState,Idling,AgentPrefab,1.06,0.00,1.06,9.00,0.00,17.00,9.00,0.00,17.00,N/A
223,0.80,AgentPrefab,Agent,MoveState,Moving,AllyPrefab,9.00,0.00,17.00,1.06,0.00,1.06,1.67,0.00,1.67,AStar
224,0.81,AllyPrefab,Ally,AllyIdleState,Idling,AgentPrefab,1.06,0.00,1.06,9.00,0.00,17.00,9.00,0.00,17.00,N/A
224,0.81,AgentPrefab,Agent,MoveState,Moving,AllyPrefab,9.00,0.00,17.00,1.06,0.00,1.06,1.67,0.00,1.67,AStar
225,0.81,AllyPrefab,Ally,AllyIdleState,Idling,AgentPrefab,1.07,0.00,1.07,9.00,0.00,17.00,9.00,0.00,17.00,N/A
225,0.81,AgentPrefab,Agent,MoveState,Moving,AllyPrefab,9.00,0.00,17.00,1.07,0.00,1.07,1.67,0.00,1.67,AStar
226,0.81,AllyPrefab,Ally,AllyIdleState,Idling,AgentPrefab,1.07,0.00,1.07,9.00,0.00,17.00,9.00,0.00,17.00,N/A
226,0.81,AgentPrefab,Agent,MoveState,Moving,AllyPrefab,9.00,0.00,17.00,1.07,0.00,1.07,1.67,0.00,1.67,AStar
227,0.82,AllyPrefab,Ally,AllyIdleState,Idling,AgentPrefab,1.08,0.00,1.08,9.00,0.00,17.00,9.00,0.00,17.00,N/A
227,0.82,AgentPrefab,Agent,MoveState,Moving,AllyPrefab,9.00,0.00,17.00,1.08,0.00,1.08,1.67,0.00,1.67,AStar
228,0.82,AllyPrefab,Ally,AllyIdleState,Idling,AgentPrefab,1.08,0.00,1.08,9.00,0.00,17.00,9.00,0.00,17.00,N/A
228,0.82,AgentPrefab,Agent,MoveState,Moving,AllyPrefab,9.00,0.00,17.00,1.08,0.00,1.08,1.67,0.00,1.67,AStar
229,0.82,AllyPrefab,Ally,AllyIdleState,Idling,AgentPrefab,1.09,0.00,1.09,9.00,0.00,17.00,9.00,0.00,17.00,N/A
229,0.82,AgentPrefab,Agent,MoveState,Moving,AllyPrefab,9.00,0.00,17.00,1.09,0.00,1.09,1.67,0.00,1.67,AStar
230,0.83,AllyPrefab,Ally,AllyIdleState,Idling,AgentPrefab,1.09,0.00,1.09,9.00,0.00,17.00,9.00,0.00,17.00,N/A
230,0.83,AgentPrefab,Agent,MoveState,Moving,AllyPrefab,9.00,0.00,17.00,1.09,0.00,1.09,1.67,0.00,1.67,AStar
231,0.83,AllyPrefab,Ally,AllyIdleState,Idling,AgentPrefab,1.09,0.00,1.09,9.00,0.00,17.00,9.00,0.00,17.00,N/A
231,0.83,AgentPrefab,Agent,MoveState,Moving,AllyPrefab,9.00,0.00,17.00,1.09,0.00,1.09,1.67,0.00,1.67,AStar
232,0.83,AllyPrefab,Ally,AllyIdleState,Idling,AgentPrefab,1.10,0.00,1.10,9.00,0.00,17.00,9.00,0.00,17.00,N/A
232,0.83,AgentPrefab,Agent,MoveState,Moving,AllyPrefab,9.00,0.00,17.00,1.10,0.00,1.10,1.67,0.00,1.67,AStar
233,0.84,AllyPrefab,Ally,AllyIdleState,Idling,AgentPrefab,1.10,0.00,1.10,9.00,0.00,17.00,9.00,0.00,17.00,N/A
233,0.84,AgentPrefab,Agent,MoveState,Moving,AllyPrefab,9.00,0.00,17.00,1.10,0.00,1.10,1.67,0.00,1.67,AStar
234,0.84,AllyPrefab,Ally,AllyIdleState,Idling,AgentPrefab,1.11,0.00,1.11,9.00,0.00,17.00,9.00,0.00,17.00,N/A
234,0.84,AgentPrefab,Agent,MoveState,Moving,AllyPrefab,9.00,0.00,17.00,1.11,0.00,1.11,1.67,0.00,1.67,AStar
235,0.84,AllyPrefab,Ally,AllyIdleState,Idling,AgentPrefab,1.11,0.00,1.11,9.00,0.00,17.00,9.00,0.00,17.00,N/A
235,0.84,AgentPrefab,Agent,MoveState,Moving,AllyPrefab,9.00,0.00,17.00,1.11,0.00,1.11,1.67,0.00,1.67,AStar
236,0.84,AllyPrefab,Ally,AllyIdleState,Idling,AgentPrefab,1.12,0.00,1.12,9.00,0.00,17.00,9.00,0.00,17.00,N/A
236,0.84,AgentPrefab,Agent,MoveState,Moving,AllyPrefab,9.00,0.00,17.00,1.12,0.00,1.12,1.67,0.00,1.67,AStar
237,0.85,AllyPrefab,Ally,AllyIdleState,Idling,AgentPrefab,1.12,0.00,1.12,9.00,0.00,17.00,9.00,0.00,17.00,N/A
237,0.85,AgentPrefab,Agent,MoveState,Moving,AllyPrefab,9.00,0.00,17.00,1.12,0.00,1.12,1.67,0.00,1.67,AStar
238,0.85,AllyPrefab,Ally,AllyIdleState,Idling,AgentPrefab,1.12,0.00,1.12,9.00,0.00,17.00,9.00,0.00,17.00,N/A
238,0.85,AgentPrefab,Agent,MoveState,Moving,AllyPrefab,9.00,0.00,17.00,1.12,0.00,1.12,1.67,0.00,1.67,AStar
239,0.85,AllyPrefab,Ally,AllyIdleState,Idling,AgentPrefab,1.13,0.00,1.13,9.00,0.00,17.00,9.00,0.00,17.00,N/A
239,0.85,AgentPrefab,Agent,MoveState,Moving,AllyPrefab,9.00,0.00,17.00,1.13,0.00,1.13,1.67,0.00,1.67,AStar
240,0.86,AllyPrefab,Ally,AllyIdleState,Idling,AgentPrefab,1.13,0.00,1.13,9.00,0.00,17.00,9.00,0.00,17.00,N/A
240,0.86,AgentPrefab,Agent,MoveState,Moving,AllyPrefab,9.00,0.00,17.00,1.13,0.00,1.13,1.67,0.00,1.67,AStar
241,0.86,AllyPrefab,Ally,AllyIdleState,Idling,AgentPrefab,1.14,0.00,1.14,9.00,0.00,17.00,9.00,0.00,17.00,N/A
241,0.86,AgentPrefab,Agent,MoveState,Moving,AllyPrefab,9.00,0.00,17.00,1.14,0.00,1.14,1.67,0.00,1.67,AStar
242,0.86,AllyPrefab,Ally,AllyIdleState,Idling,AgentPrefab,1.14,0.00,1.14,9.00,0.00,17.00,9.00,0.00,17.00,N/A
242,0.86,AgentPrefab,Agent,MoveState,Moving,AllyPrefab,9.00,0.00,17.00,1.14,0.00,1.14,1.67,0.00,1.67,AStar
243,0.87,AllyPrefab,Ally,AllyIdleState,Idling,AgentPrefab,1.14,0.00,1.14,9.00,0.00,17.00,9.00,0.00,17.00,N/A
243,0.87,AgentPrefab,Agent,MoveState,Moving,AllyPrefab,9.00,0.00,17.00,1.14,0.00,1.14,1.67,0.00,1.67,AStar
244,0.87,AllyPrefab,Ally,AllyIdleState,Idling,AgentPrefab,1.15,0.00,1.15,9.00,0.00,17.00,9.00,0.00,17.00,N/A
244,0.87,AgentPrefab,Agent,MoveState,Moving,AllyPrefab,9.00,0.00,17.00,1.15,0.00,1.15,1.67,0.00,1.67,AStar
245,0.87,AllyPrefab,Ally,AllyIdleState,Idling,AgentPrefab,1.15,0.00,1.15,9.00,0.00,17.00,9.00,0.00,17.00,N/A
245,0.87,AgentPrefab,Agent,MoveState,Moving,AllyPrefab,9.00,0.00,17.00,1.15,0.00,1.15,1.67,0.00,1.67,AStar
246,0.87,AllyPrefab,Ally,AllyIdleState,Idling,AgentPrefab,1.16,0.00,1.16,9.00,0.00,17.00,9.00,0.00,17.00,N/A
246,0.87,AgentPrefab,Agent,MoveState,Moving,AllyPrefab,9.00,0.00,17.00,1.16,0.00,1.16,1.67,0.00,1.67,AStar
247,0.88,AllyPrefab,Ally,AllyIdleState,Idling,AgentPrefab,1.16,0.00,1.16,9.00,0.00,17.00,9.00,0.00,17.00,N/A
247,0.88,AgentPrefab,Agent,MoveState,Moving,AllyPrefab,9.00,0.00,17.00,1.16,0.00,1.16,1.67,0.00,1.67,AStar
248,0.88,AllyPrefab,Ally,AllyIdleState,Idling,AgentPrefab,1.17,0.00,1.17,9.00,0.00,17.00,9.00,0.00,17.00,N/A
248,0.88,AgentPrefab,Agent,MoveState,Moving,AllyPrefab,9.00,0.00,17.00,1.17,0.00,1.17,1.67,0.00,1.67,AStar
249,0.88,AllyPrefab,Ally,AllyIdleState,Idling,AgentPrefab,1.17,0.00,1.17,9.00,0.00,17.00,9.00,0.00,17.00,N/A
249,0.88,AgentPrefab,Agent,MoveState,Moving,AllyPrefab,9.00,0.00,17.00,1.17,0.00,1.17,1.67,0.00,1.67,AStar
250,0.89,AllyPrefab,Ally,AllyIdleState,Idling,AgentPrefab,1.18,0.00,1.18,9.00,0.00,17.00,9.00,0.00,17.00,N/A
250,0.89,AgentPrefab,Agent,MoveState,Moving,AllyPrefab,9.00,0.00,17.00,1.18,0.00,1.18,1.67,0.00,1.67,AStar
251,0.89,AllyPrefab,Ally,AllyIdleState,Idling,AgentPrefab,1.18,0.00,1.18,9.00,0.00,17.00,9.00,0.00,17.00,N/A
251,0.89,AgentPrefab,Agent,MoveState,Moving,AllyPrefab,9.00,0.00,17.00,1.18,0.00,1.18,1.67,0.00,1.67,AStar
252,0.89,AllyPrefab,Ally,AllyIdleState,Idling,AgentPrefab,1.18,0.00,1.18,9.00,0.00,17.00,9.00,0.00,17.00,N/A
252,0.89,AgentPrefab,Agent,MoveState,Moving,AllyPrefab,9.00,0.00,17.00,1.18,0.00,1.18,1.67,0.00,1.67,AStar
253,0.90,AllyPrefab,Ally,AllyIdleState,Idling,AgentPrefab,1.19,0.00,1.19,9.00,0.00,17.00,9.00,0.00,17.00,N/A
253,0.90,AgentPrefab,Agent,MoveState,Moving,AllyPrefab,9.00,0.00,17.00,1.19,0.00,1.19,1.67,0.00,1.67,AStar
254,0.90,AllyPrefab,Ally,AllyIdleState,Idling,AgentPrefab,1.19,0.00,1.19,9.00,0.00,17.00,9.00,0.00,17.00,N/A
254,0.90,AgentPrefab,Agent,MoveState,Moving,AllyPrefab,9.00,0.00,17.00,1.19,0.00,1.19,1.67,0.00,1.67,AStar
255,0.90,AllyPrefab,Ally,AllyIdleState,Idling,AgentPrefab,1.20,0.00,1.20,9.00,0.00,17.00,9.00,0.00,17.00,N/A
255,0.90,AgentPrefab,Agent,MoveState,Moving,AllyPrefab,9.00,0.00,17.00,1.20,0.00,1.20,1.67,0.00,1.67,AStar
256,0.90,AllyPrefab,Ally,AllyIdleState,Idling,AgentPrefab,1.20,0.00,1.20,9.00,0.00,17.00,9.00,0.00,17.00,N/A
256,0.90,AgentPrefab,Agent,MoveState,Moving,AllyPrefab,9.00,0.00,17.00,1.20,0.00,1.20,1.67,0.00,1.67,AStar
257,0.91,AllyPrefab,Ally,AllyIdleState,Idling,AgentPrefab,1.20,0.00,1.20,9.00,0.00,17.00,9.00,0.00,17.00,N/A
257,0.91,AgentPrefab,Agent,MoveState,Moving,AllyPrefab,9.00,0.00,17.00,1.20,0.00,1.20,1.67,0.00,1.67,AStar
258,0.91,AllyPrefab,Ally,AllyIdleState,Idling,AgentPrefab,1.21,0.00,1.21,9.00,0.00,17.00,9.00,0.00,17.00,N/A
258,0.91,AgentPrefab,Agent,MoveState,Moving,AllyPrefab,9.00,0.00,17.00,1.21,0.00,1.21,1.67,0.00,1.67,AStar
259,0.91,AllyPrefab,Ally,AllyIdleState,Idling,AgentPrefab,1.21,0.00,1.21,9.00,0.00,17.00,9.00,0.00,17.00,N/A
259,0.91,AgentPrefab,Agent,MoveState,Moving,AllyPrefab,9.00,0.00,17.00,1.21,0.00,1.21,1.67,0.00,1.67,AStar
260,0.92,AllyPrefab,Ally,AllyIdleState,Idling,AgentPrefab,1.22,0.00,1.22,9.00,0.00,17.00,9.00,0.00,17.00,N/A
260,0.92,AgentPrefab,Agent,MoveState,Moving,AllyPrefab,9.00,0.00,17.00,1.22,0.00,1.22,1.67,0.00,1.67,AStar
261,0.92,AllyPrefab,Ally,AllyIdleState,Idling,AgentPrefab,1.22,0.00,1.22,9.00,0.00,17.00,9.00,0.00,17.00,N/A
261,0.92,AgentPrefab,Agent,MoveState,Moving,AllyPrefab,9.00,0.00,17.00,1.22,0.00,1.22,1.67,0.00,1.67,AStar
262,0.92,AllyPrefab,Ally,AllyIdleState,Idling,AgentPrefab,1.23,0.00,1.23,9.00,0.00,17.00,9.00,0.00,17.00,N/A
262,0.92,AgentPrefab,Agent,MoveState,Moving,AllyPrefab,9.00,0.00,17.00,1.23,0.00,1.23,1.67,0.00,1.67,AStar
263,0.93,AllyPrefab,Ally,AllyIdleState,Idling,AgentPrefab,1.23,0.00,1.23,9.00,0.00,17.00,9.00,0.00,17.00,N/A
263,0.93,AgentPrefab,Agent,MoveState,Moving,AllyPrefab,9.00,0.00,17.00,1.23,0.00,1.23,1.67,0.00,1.67,AStar
264,0.93,AllyPrefab,Ally,AllyIdleState,Idling,AgentPrefab,1.24,0.00,1.24,9.00,0.00,17.00,9.00,0.00,17.00,N/A
264,0.93,AgentPrefab,Agent,MoveState,Moving,AllyPrefab,9.00,0.00,17.00,1.24,0.00,1.24,1.67,0.00,1.67,AStar
265,0.93,AllyPrefab,Ally,AllyIdleState,Idling,AgentPrefab,1.24,0.00,1.24,9.00,0.00,17.00,9.00,0.00,17.00,N/A
265,0.93,AgentPrefab,Agent,MoveState,Moving,AllyPrefab,9.00,0.00,17.00,1.24,0.00,1.24,1.67,0.00,1.67,AStar
266,0.94,AllyPrefab,Ally,AllyIdleState,Idling,AgentPrefab,1.25,0.00,1.25,9.00,0.00,17.00,9.00,0.00,17.00,N/A
266,0.94,AgentPrefab,Agent,MoveState,Moving,AllyPrefab,9.00,0.00,17.00,1.25,0.00,1.25,1.67,0.00,1.67,AStar
267,0.94,AllyPrefab,Ally,AllyIdleState,Idling,AgentPrefab,1.25,0.00,1.25,9.00,0.00,17.00,9.00,0.00,17.00,N/A
267,0.94,AgentPrefab,Agent,MoveState,Moving,AllyPrefab,9.00,0.00,17.00,1.25,0.00,1.25,1.67,0.00,1.67,AStar
268,0.94,AllyPrefab,Ally,AllyIdleState,Idling,AgentPrefab,1.25,0.00,1.25,9.00,0.00,17.00,9.00,0.00,17.00,N/A
268,0.94,AgentPrefab,Agent,MoveState,Moving,AllyPrefab,9.00,0.00,17.00,1.25,0.00,1.25,1.67,0.00,1.67,AStar
269,0.94,AllyPrefab,Ally,AllyIdleState,Idling,AgentPrefab,1.26,0.00,1.26,9.00,0.00,17.00,9.00,0.00,17.00,N/A
269,0.94,AgentPrefab,Agent,MoveState,Moving,AllyPrefab,9.00,0.00,17.00,1.26,0.00,1.26,1.67,0.00,1.67,AStar
270,0.95,AllyPrefab,Ally,AllyIdleState,Idling,AgentPrefab,1.26,0.00,1.26,9.00,0.00,17.00,9.00,0.00,17.00,N/A
270,0.95,AgentPrefab,Agent,MoveState,Moving,AllyPrefab,9.00,0.00,17.00,1.26,0.00,1.26,1.67,0.00,1.67,AStar
271,0.95,AllyPrefab,Ally,AllyIdleState,Idling,AgentPrefab,1.27,0.00,1.27,9.00,0.00,17.00,9.00,0.00,17.00,N/A
271,0.95,AgentPrefab,Agent,MoveState,Moving,AllyPrefab,9.00,0.00,17.00,1.27,0.00,1.27,1.67,0.00,1.67,AStar
272,0.96,AllyPrefab,Ally,AllyIdleState,Idling,AgentPrefab,1.27,0.00,1.27,9.00,0.00,17.00,9.00,0.00,17.00,N/A
272,0.96,AgentPrefab,Agent,MoveState,Moving,AllyPrefab,9.00,0.00,17.00,1.27,0.00,1.27,1.67,0.00,1.67,AStar
273,0.96,AllyPrefab,Ally,AllyIdleState,Idling,AgentPrefab,1.28,0.00,1.28,9.00,0.00,17.00,9.00,0.00,17.00,N/A
273,0.96,AgentPrefab,Agent,MoveState,Moving,AllyPrefab,9.00,0.00,17.00,1.28,0.00,1.28,1.67,0.00,1.67,AStar
274,0.96,AllyPrefab,Ally,AllyIdleState,Idling,AgentPrefab,1.28,0.00,1.28,9.00,0.00,17.00,9.00,0.00,17.00,N/A
274,0.96,AgentPrefab,Agent,MoveState,Moving,AllyPrefab,9.00,0.00,17.00,1.28,0.00,1.28,1.67,0.00,1.67,AStar
275,0.96,AllyPrefab,Ally,AllyIdleState,Idling,AgentPrefab,1.29,0.00,1.29,9.00,0.00,17.00,9.00,0.00,17.00,N/A
275,0.96,AgentPrefab,Agent,MoveState,Moving,AllyPrefab,9.00,0.00,17.00,1.29,0.00,1.29,1.67,0.00,1.67,AStar
276,0.97,AllyPrefab,Ally,AllyIdleState,Idling,AgentPrefab,1.29,0.00,1.29,9.00,0.00,17.00,9.00,0.00,17.00,N/A
276,0.97,AgentPrefab,Agent,MoveState,Moving,AllyPrefab,9.00,0.00,17.00,1.29,0.00,1.29,1.67,0.00,1.67,AStar
277,0.97,AllyPrefab,Ally,AllyIdleState,Idling,AgentPrefab,1.30,0.00,1.30,9.00,0.00,17.00,9.00,0.00,17.00,N/A
277,0.97,AgentPrefab,Agent,MoveState,Moving,AllyPrefab,9.00,0.00,17.00,1.30,0.00,1.30,1.67,0.00,1.67,AStar
278,0.97,AllyPrefab,Ally,AllyIdleState,Idling,AgentPrefab,1.30,0.00,1.30,9.00,0.00,17.00,9.00,0.00,17.00,N/A
278,0.97,AgentPrefab,Agent,MoveState,Moving,AllyPrefab,9.00,0.00,17.00,1.30,0.00,1.30,1.67,0.00,1.67,AStar
279,0.98,AllyPrefab,Ally,AllyIdleState,Idling,AgentPrefab,1.30,0.00,1.30,9.00,0.00,17.00,9.00,0.00,17.00,N/A
279,0.98,AgentPrefab,Agent,MoveState,Moving,AllyPrefab,9.00,0.00,17.00,1.30,0.00,1.30,1.67,0.00,1.67,AStar
280,0.98,AllyPrefab,Ally,AllyIdleState,Idling,AgentPrefab,1.31,0.00,1.31,9.00,0.00,17.00,9.00,0.00,17.00,N/A
280,0.98,AgentPrefab,Agent,MoveState,Moving,AllyPrefab,9.00,0.00,17.00,1.31,0.00,1.31,1.67,0.00,1.67,AStar
281,0.98,AllyPrefab,Ally,AllyIdleState,Idling,AgentPrefab,1.31,0.00,1.31,9.00,0.00,17.00,9.00,0.00,17.00,N/A
281,0.98,AgentPrefab,Agent,MoveState,Moving,AllyPrefab,9.00,0.00,17.00,1.31,0.00,1.31,1.67,0.00,1.67,AStar
282,0.99,AllyPrefab,Ally,AllyIdleState,Idling,AgentPrefab,1.32,0.00,1.32,9.00,0.00,17.00,9.00,0.00,17.00,N/A
282,0.99,AgentPrefab,Agent,MoveState,Moving,AllyPrefab,9.00,0.00,17.00,1.32,0.00,1.32,1.67,0.00,1.67,AStar
283,0.99,AllyPrefab,Ally,AllyIdleState,Idling,AgentPrefab,1.32,0.00,1.32,9.00,0.00,17.00,9.00,0.00,17.00,N/A
283,0.99,AgentPrefab,Agent,MoveState,Moving,AllyPrefab,9.00,0.00,17.00,1.32,0.00,1.32,1.67,0.00,1.67,AStar
284,0.99,AllyPrefab,Ally,AllyIdleState,Idling,AgentPrefab,1.33,0.00,1.33,9.00,0.00,17.00,9.00,0.00,17.00,N/A
284,0.99,AgentPrefab,Agent,MoveState,Moving,AllyPrefab,9.00,0.00,17.00,1.33,0.00,1.33,1.67,0.00,1.67,AStar
285,1.00,AllyPrefab,Ally,AllyIdleState,Idling,AgentPrefab,1.33,0.00,1.33,9.00,0.00,17.00,9.00,0.00,17.00,N/A
285,1.00,AgentPrefab,Agent,MoveState,Moving,AllyPrefab,9.00,0.00,17.00,1.33,0.00,1.33,1.67,0.00,1.67,AStar
286,1.00,AllyPrefab,Ally,AllyIdleState,Idling,AgentPrefab,1.34,0.00,1.34,9.00,0.00,17.00,9.00,0.00,17.00,N/A
286,1.00,AgentPrefab,Agent,MoveState,Moving,AllyPrefab,9.00,0.00,17.00,1.34,0.00,1.34,1.67,0.00,1.67,AStar
287,1.00,AllyPrefab,Ally,AllyIdleState,Idling,AgentPrefab,1.34,0.00,1.34,9.00,0.00,17.00,9.00,0.00,17.00,N/A
287,1.00,AgentPrefab,Agent,MoveState,Moving,AllyPrefab,9.00,0.00,17.00,1.34,0.00,1.34,1.67,0.00,1.67,AStar
288,1.01,AllyPrefab,Ally,AllyIdleState,Idling,AgentPrefab,1.34,0.00,1.34,9.00,0.00,17.00,9.00,0.00,17.00,N/A
288,1.01,AgentPrefab,Agent,MoveState,Moving,AllyPrefab,9.00,0.00,17.00,1.34,0.00,1.34,1.67,0.00,1.67,AStar
289,1.01,AllyPrefab,Ally,AllyIdleState,Idling,AgentPrefab,1.35,0.00,1.35,9.00,0.00,17.00,9.00,0.00,17.00,N/A
289,1.01,AgentPrefab,Agent,MoveState,Moving,AllyPrefab,9.00,0.00,17.00,1.35,0.00,1.35,1.67,0.00,1.67,AStar
290,1.01,AllyPrefab,Ally,AllyIdleState,Idling,AgentPrefab,1.35,0.00,1.35,9.00,0.00,17.00,9.00,0.00,17.00,N/A
290,1.01,AgentPrefab,Agent,MoveState,Moving,AllyPrefab,9.00,0.00,17.00,1.35,0.00,1.35,1.67,0.00,1.67,AStar
291,1.01,AllyPrefab,Ally,AllyIdleState,Idling,AgentPrefab,1.36,0.00,1.36,9.00,0.00,17.00,9.00,0.00,17.00,N/A
291,1.01,AgentPrefab,Agent,MoveState,Moving,AllyPrefab,9.00,0.00,17.00,1.36,0.00,1.36,1.67,0.00,1.67,AStar
292,1.02,AllyPrefab,Ally,AllyIdleState,Idling,AgentPrefab,1.36,0.00,1.36,9.00,0.00,17.00,9.00,0.00,17.00,N/A
292,1.02,AgentPrefab,Agent,MoveState,Moving,AllyPrefab,9.00,0.00,17.00,1.36,0.00,1.36,1.67,0.00,1.67,AStar
293,1.02,AllyPrefab,Ally,AllyIdleState,Idling,AgentPrefab,1.37,0.00,1.37,9.00,0.00,17.00,9.00,0.00,17.00,N/A
293,1.02,AgentPrefab,Agent,MoveState,Moving,AllyPrefab,9.00,0.00,17.00,1.37,0.00,1.37,1.67,0.00,1.67,AStar
294,1.02,AllyPrefab,Ally,AllyIdleState,Idling,AgentPrefab,1.37,0.00,1.37,9.00,0.00,17.00,9.00,0.00,17.00,N/A
294,1.02,AgentPrefab,Agent,MoveState,Moving,AllyPrefab,9.00,0.00,17.00,1.37,0.00,1.37,1.67,0.00,1.67,AStar
295,1.03,AllyPrefab,Ally,AllyIdleState,Idling,AgentPrefab,1.37,0.00,1.37,9.00,0.00,17.00,9.00,0.00,17.00,N/A
295,1.03,AgentPrefab,Agent,MoveState,Moving,AllyPrefab,9.00,0.00,17.00,1.37,0.00,1.37,1.67,0.00,1.67,AStar
296,1.03,AllyPrefab,Ally,AllyIdleState,Idling,AgentPrefab,1.38,0.00,1.38,9.00,0.00,17.00,9.00,0.00,17.00,N/A
296,1.03,AgentPrefab,Agent,MoveState,Moving,AllyPrefab,9.00,0.00,17.00,1.38,0.00,1.38,1.67,0.00,1.67,AStar
297,1.03,AllyPrefab,Ally,AllyIdleState,Idling,AgentPrefab,1.38,0.00,1.38,9.00,0.00,17.00,9.00,0.00,17.00,N/A
297,1.03,AgentPrefab,Agent,MoveState,Moving,AllyPrefab,9.00,0.00,17.00,1.38,0.00,1.38,1.67,0.00,1.67,AStar
298,1.04,AllyPrefab,Ally,AllyIdleState,Idling,AgentPrefab,1.39,0.00,1.39,9.00,0.00,17.00,9.00,0.00,17.00,N/A
298,1.04,AgentPrefab,Agent,MoveState,Moving,AllyPrefab,9.00,0.00,17.00,1.39,0.00,1.39,1.67,0.00,1.67,AStar
299,1.04,AllyPrefab,Ally,AllyIdleState,Idling,AgentPrefab,1.39,0.00,1.39,9.00,0.00,17.00,9.00,0.00,17.00,N/A
299,1.04,AgentPrefab,Agent,MoveState,Moving,AllyPrefab,9.00,0.00,17.00,1.39,0.00,1.39,1.67,0.00,1.67,AStar
300,1.04,AllyPrefab,Ally,AllyIdleState,Idling,AgentPrefab,1.40,0.00,1.40,9.00,0.00,17.00,9.00,0.00,17.00,N/A
300,1.04,AgentPrefab,Agent,MoveState,Moving,AllyPrefab,9.00,0.00,17.00,1.40,0.00,1.40,1.67,0.00,1.67,AStar
301,1.05,AllyPrefab,Ally,AllyIdleState,Idling,AgentPrefab,1.40,0.00,1.40,9.00,0.00,17.00,9.00,0.00,17.00,N/A
301,1.05,AgentPrefab,Agent,MoveState,Moving,AllyPrefab,9.00,0.00,17.00,1.40,0.00,1.40,1.67,0.00,1.67,AStar
302,1.05,AllyPrefab,Ally,AllyIdleState,Idling,AgentPrefab,1.41,0.00,1.41,9.00,0.00,17.00,9.00,0.00,17.00,N/A
302,1.05,AgentPrefab,Agent,MoveState,Moving,AllyPrefab,9.00,0.00,17.00,1.41,0.00,1.41,1.67,0.00,1.67,AStar
303,1.05,AllyPrefab,Ally,AllyIdleState,Idling,AgentPrefab,1.41,0.00,1.41,9.00,0.00,17.00,9.00,0.00,17.00,N/A
303,1.05,AgentPrefab,Agent,MoveState,Moving,AllyPrefab,9.00,0.00,17.00,1.41,0.00,1.41,1.67,0.00,1.67,AStar
304,1.06,AllyPrefab,Ally,AllyIdleState,Idling,AgentPrefab,1.42,0.00,1.42,9.00,0.00,17.00,9.00,0.00,17.00,N/A
304,1.06,AgentPrefab,Agent,MoveState,Moving,AllyPrefab,9.00,0.00,17.00,1.42,0.00,1.42,1.67,0.00,1.67,AStar
305,1.06,AllyPrefab,Ally,AllyIdleState,Idling,AgentPrefab,1.42,0.00,1.42,9.00,0.00,17.00,9.00,0.00,17.00,N/A
305,1.06,AgentPrefab,Agent,MoveState,Moving,AllyPrefab,9.00,0.00,17.00,1.42,0.00,1.42,1.67,0.00,1.67,AStar
306,1.06,AllyPrefab,Ally,AllyIdleState,Idling,AgentPrefab,1.42,0.00,1.42,9.00,0.00,17.00,9.00,0.00,17.00,N/A
306,1.06,AgentPrefab,Agent,MoveState,Moving,AllyPrefab,9.00,0.00,17.00,1.42,0.00,1.42,1.67,0.00,1.67,AStar
307,1.06,AllyPrefab,Ally,AllyIdleState,Idling,AgentPrefab,1.43,0.00,1.43,9.00,0.00,17.00,9.00,0.00,17.00,N/A
307,1.06,AgentPrefab,Agent,MoveState,Moving,AllyPrefab,9.00,0.00,17.00,1.43,0.00,1.43,1.67,0.00,1.67,AStar
308,1.07,AllyPrefab,Ally,AllyIdleState,Idling,AgentPrefab,1.43,0.00,1.43,9.00,0.00,17.00,9.00,0.00,17.00,N/A
308,1.07,AgentPrefab,Agent,MoveState,Moving,AllyPrefab,9.00,0.00,17.00,1.43,0.00,1.43,1.67,0.00,1.67,AStar
309,1.07,AllyPrefab,Ally,AllyIdleState,Idling,AgentPrefab,1.44,0.00,1.44,9.00,0.00,17.00,9.00,0.00,17.00,N/A
309,1.07,AgentPrefab,Agent,MoveState,Moving,AllyPrefab,9.00,0.00,17.00,1.44,0.00,1.44,1.67,0.00,1.67,AStar
310,1.07,AllyPrefab,Ally,AllyIdleState,Idling,AgentPrefab,1.44,0.00,1.44,9.00,0.00,17.00,9.00,0.00,17.00,N/A
310,1.07,AgentPrefab,Agent,MoveState,Moving,AllyPrefab,9.00,0.00,17.00,1.44,0.00,1.44,1.67,0.00,1.67,AStar
311,1.08,AllyPrefab,Ally,AllyIdleState,Idling,AgentPrefab,1.44,0.00,1.44,9.00,0.00,17.00,9.00,0.00,17.00,N/A
311,1.08,AgentPrefab,Agent,MoveState,Moving,AllyPrefab,9.00,0.00,17.00,1.44,0.00,1.44,1.67,0.00,1.67,AStar
312,1.08,AllyPrefab,Ally,AllyIdleState,Idling,AgentPrefab,1.45,0.00,1.45,9.00,0.00,17.00,9.00,0.00,17.00,N/A
312,1.08,AgentPrefab,Agent,MoveState,Moving,AllyPrefab,9.00,0.00,17.00,1.45,0.00,1.45,1.67,0.00,1.67,AStar
313,1.08,AllyPrefab,Ally,AllyIdleState,Idling,AgentPrefab,1.45,0.00,1.45,9.00,0.00,17.00,9.00,0.00,17.00,N/A
313,1.08,AgentPrefab,Agent,MoveState,Moving,AllyPrefab,9.00,0.00,17.00,1.45,0.00,1.45,1.67,0.00,1.67,AStar
314,1.09,AllyPrefab,Ally,AllyIdleState,Idling,AgentPrefab,1.46,0.00,1.46,9.00,0.00,17.00,9.00,0.00,17.00,N/A
314,1.09,AgentPrefab,Agent,MoveState,Moving,AllyPrefab,9.00,0.00,17.00,1.46,0.00,1.46,1.67,0.00,1.67,AStar
315,1.09,AllyPrefab,Ally,AllyIdleState,Idling,AgentPrefab,1.46,0.00,1.46,9.00,0.00,17.00,9.00,0.00,17.00,N/A
315,1.09,AgentPrefab,Agent,MoveState,Moving,AllyPrefab,9.00,0.00,17.00,1.46,0.00,1.46,1.67,0.00,1.67,AStar
316,1.09,AllyPrefab,Ally,AllyIdleState,Idling,AgentPrefab,1.47,0.00,1.47,9.00,0.00,17.00,9.00,0.00,17.00,N/A
316,1.09,AgentPrefab,Agent,MoveState,Moving,AllyPrefab,9.00,0.00,17.00,1.47,0.00,1.47,1.67,0.00,1.67,AStar
317,1.10,AllyPrefab,Ally,AllyIdleState,Idling,AgentPrefab,1.47,0.00,1.47,9.00,0.00,17.00,9.00,0.00,17.00,N/A
317,1.10,AgentPrefab,Agent,MoveState,Moving,AllyPrefab,9.00,0.00,17.00,1.47,0.00,1.47,1.67,0.00,1.67,AStar
318,1.10,AllyPrefab,Ally,AllyIdleState,Idling,AgentPrefab,1.48,0.00,1.48,9.00,0.00,17.00,9.00,0.00,17.00,N/A
318,1.10,AgentPrefab,Agent,MoveState,Moving,AllyPrefab,9.00,0.00,17.00,1.48,0.00,1.48,1.67,0.00,1.67,AStar
319,1.10,AllyPrefab,Ally,AllyIdleState,Idling,AgentPrefab,1.48,0.00,1.48,9.00,0.00,17.00,9.00,0.00,17.00,N/A
319,1.10,AgentPrefab,Agent,MoveState,Moving,AllyPrefab,9.00,0.00,17.00,1.48,0.00,1.48,1.67,0.00,1.67,AStar
320,1.11,AllyPrefab,Ally,AllyIdleState,Idling,AgentPrefab,1.49,0.00,1.49,9.00,0.00,17.00,9.00,0.00,17.00,N/A
320,1.11,AgentPrefab,Agent,MoveState,Moving,AllyPrefab,9.00,0.00,17.00,1.49,0.00,1.49,1.67,0.00,1.67,AStar
321,1.11,AllyPrefab,Ally,AllyIdleState,Idling,AgentPrefab,1.49,0.00,1.49,9.00,0.00,17.00,9.00,0.00,17.00,N/A
321,1.11,AgentPrefab,Agent,MoveState,Moving,AllyPrefab,9.00,0.00,17.00,1.49,0.00,1.49,1.67,0.00,1.67,AStar
322,1.11,AllyPrefab,Ally,AllyIdleState,Idling,AgentPrefab,1.49,0.00,1.49,9.00,0.00,17.00,9.00,0.00,17.00,N/A
322,1.11,AgentPrefab,Agent,MoveState,Moving,AllyPrefab,9.00,0.00,17.00,1.49,0.00,1.49,1.67,0.00,1.67,AStar
323,1.11,AllyPrefab,Ally,AllyIdleState,Idling,AgentPrefab,1.50,0.00,1.50,9.00,0.00,17.00,9.00,0.00,17.00,N/A
323,1.11,AgentPrefab,Agent,MoveState,Moving,AllyPrefab,9.00,0.00,17.00,1.50,0.00,1.50,1.67,0.00,1.67,AStar
324,1.12,AllyPrefab,Ally,AllyIdleState,Idling,AgentPrefab,1.50,0.00,1.50,9.00,0.00,17.00,9.00,0.00,17.00,N/A
324,1.12,AgentPrefab,Agent,MoveState,Moving,AllyPrefab,9.00,0.00,17.00,1.50,0.00,1.50,1.67,0.00,1.67,AStar
325,1.12,AllyPrefab,Ally,AllyIdleState,Idling,AgentPrefab,1.51,0.00,1.51,9.00,0.00,17.00,9.00,0.00,17.00,N/A
325,1.12,AgentPrefab,Agent,MoveState,Moving,AllyPrefab,9.00,0.00,17.00,1.51,0.00,1.51,1.67,0.00,1.67,AStar
326,1.12,AllyPrefab,Ally,AllyIdleState,Idling,AgentPrefab,1.51,0.00,1.51,9.00,0.00,17.00,9.00,0.00,17.00,N/A
326,1.12,AgentPrefab,Agent,MoveState,Moving,AllyPrefab,9.00,0.00,17.00,1.51,0.00,1.51,1.67,0.00,1.67,AStar
327,1.13,AllyPrefab,Ally,AllyIdleState,Idling,AgentPrefab,1.52,0.00,1.52,9.00,0.00,17.00,9.00,0.00,17.00,N/A
327,1.13,AgentPrefab,Agent,MoveState,Moving,AllyPrefab,9.00,0.00,17.00,1.52,0.00,1.52,1.67,0.00,1.67,AStar
328,1.13,AllyPrefab,Ally,AllyIdleState,Idling,AgentPrefab,1.52,0.00,1.52,9.00,0.00,17.00,9.00,0.00,17.00,N/A
328,1.13,AgentPrefab,Agent,MoveState,Moving,AllyPrefab,9.00,0.00,17.00,1.52,0.00,1.52,1.67,0.00,1.67,AStar
329,1.13,AllyPrefab,Ally,AllyIdleState,Idling,AgentPrefab,1.52,0.00,1.52,9.00,0.00,17.00,9.00,0.00,17.00,N/A
329,1.13,AgentPrefab,Agent,MoveState,Moving,AllyPrefab,9.00,0.00,17.00,1.52,0.00,1.52,1.67,0.00,1.67,AStar
330,1.14,AllyPrefab,Ally,AllyIdleState,Idling,AgentPrefab,1.53,0.00,1.53,9.00,0.00,17.00,9.00,0.00,17.00,N/A
330,1.14,AgentPrefab,Agent,MoveState,Moving,AllyPrefab,9.00,0.00,17.00,1.53,0.00,1.53,1.67,0.00,1.67,AStar
331,1.14,AllyPrefab,Ally,AllyIdleState,Idling,AgentPrefab,1.53,0.00,1.53,9.00,0.00,17.00,9.00,0.00,17.00,N/A
331,1.14,AgentPrefab,Agent,MoveState,Moving,AllyPrefab,9.00,0.00,17.00,1.53,0.00,1.53,1.67,0.00,1.67,AStar
332,1.14,AllyPrefab,Ally,AllyIdleState,Idling,AgentPrefab,1.54,0.00,1.54,9.00,0.00,17.00,9.00,0.00,17.00,N/A
332,1.14,AgentPrefab,Agent,MoveState,Moving,AllyPrefab,9.00,0.00,17.00,1.54,0.00,1.54,1.67,0.00,1.67,AStar
333,1.14,AllyPrefab,Ally,AllyIdleState,Idling,AgentPrefab,1.54,0.00,1.54,9.00,0.00,17.00,9.00,0.00,17.00,N/A
333,1.14,AgentPrefab,Agent,MoveState,Moving,AllyPrefab,9.00,0.00,17.00,1.54,0.00,1.54,1.67,0.00,1.67,AStar
334,1.15,AllyPrefab,Ally,AllyIdleState,Idling,AgentPrefab,1.54,0.00,1.54,9.00,0.00,17.00,9.00,0.00,17.00,N/A
334,1.15,AgentPrefab,Agent,MoveState,Moving,AllyPrefab,9.00,0.00,17.00,1.54,0.00,1.54,1.67,0.00,1.67,AStar
335,1.15,AllyPrefab,Ally,AllyIdleState,Idling,AgentPrefab,1.55,0.00,1.55,9.00,0.00,17.00,9.00,0.00,17.00,N/A
335,1.15,AgentPrefab,Agent,MoveState,Moving,AllyPrefab,9.00,0.00,17.00,1.55,0.00,1.55,1.67,0.00,1.67,AStar
336,1.15,AllyPrefab,Ally,AllyIdleState,Idling,AgentPrefab,1.55,0.00,1.55,9.00,0.00,17.00,9.00,0.00,17.00,N/A
336,1.15,AgentPrefab,Agent,MoveState,Moving,AllyPrefab,9.00,0.00,17.00,1.55,0.00,1.55,1.67,0.00,1.67,AStar
337,1.16,AllyPrefab,Ally,AllyIdleState,Idling,AgentPrefab,1.56,0.00,1.56,9.00,0.00,17.00,9.00,0.00,17.00,N/A
337,1.16,AgentPrefab,Agent,MoveState,Moving,AllyPrefab,9.00,0.00,17.00,1.56,0.00,1.56,1.67,0.00,1.67,AStar
338,1.16,AllyPrefab,Ally,AllyIdleState,Idling,AgentPrefab,1.56,0.00,1.56,9.00,0.00,17.00,9.00,0.00,17.00,N/A
338,1.16,AgentPrefab,Agent,MoveState,Moving,AllyPrefab,9.00,0.00,17.00,1.56,0.00,1.56,1.67,0.00,1.67,AStar
339,1.16,AllyPrefab,Ally,AllyIdleState,Idling,AgentPrefab,1.57,0.00,1.57,9.00,0.00,17.00,9.00,0.00,17.00,N/A
339,1.16,AgentPrefab,Agent,MoveState,Moving,AllyPrefab,9.00,0.00,17.00,1.57,0.00,1.57,1.67,0.00,1.67,AStar
340,1.17,AllyPrefab,Ally,AllyIdleState,Idling,AgentPrefab,1.57,0.00,1.57,9.00,0.00,17.00,9.00,0.00,17.00,N/A
340,1.17,AgentPrefab,Agent,MoveState,Moving,AllyPrefab,9.00,0.00,17.00,1.57,0.00,1.57,1.67,0.00,1.67,AStar
341,1.17,AllyPrefab,Ally,AllyIdleState,Idling,AgentPrefab,1.57,0.00,1.57,9.00,0.00,17.00,9.00,0.00,17.00,N/A
341,1.17,AgentPrefab,Agent,MoveState,Moving,AllyPrefab,9.00,0.00,17.00,1.57,0.00,1.57,1.67,0.00,1.67,AStar
342,1.17,AllyPrefab,Ally,AllyIdleState,Idling,AgentPrefab,1.58,0.00,1.58,9.00,0.00,17.00,9.00,0.00,17.00,N/A
342,1.17,AgentPrefab,Agent,MoveState,Moving,AllyPrefab,9.00,0.00,17.00,1.58,0.00,1.58,1.67,0.00,1.67,AStar
343,1.17,AllyPrefab,Ally,AllyIdleState,Idling,AgentPrefab,1.58,0.00,1.58,9.00,0.00,17.00,9.00,0.00,17.00,N/A
343,1.17,AgentPrefab,Agent,MoveState,Moving,AllyPrefab,9.00,0.00,17.00,1.58,0.00,1.58,1.67,0.00,1.67,AStar
344,1.18,AllyPrefab,Ally,AllyIdleState,Idling,AgentPrefab,1.59,0.00,1.59,9.00,0.00,17.00,9.00,0.00,17.00,N/A
344,1.18,AgentPrefab,Agent,MoveState,Moving,AllyPrefab,9.00,0.00,17.00,1.59,0.00,1.59,1.67,0.00,1.67,AStar
345,1.18,AllyPrefab,Ally,AllyIdleState,Idling,AgentPrefab,1.59,0.00,1.59,9.00,0.00,17.00,9.00,0.00,17.00,N/A
345,1.18,AgentPrefab,Agent,MoveState,Moving,AllyPrefab,9.00,0.00,17.00,1.59,0.00,1.59,1.67,0.00,1.67,AStar
346,1.18,AllyPrefab,Ally,AllyIdleState,Idling,AgentPrefab,1.60,0.00,1.60,9.00,0.00,17.00,9.00,0.00,17.00,N/A
346,1.18,AgentPrefab,Agent,MoveState,Moving,AllyPrefab,9.00,0.00,17.00,1.60,0.00,1.60,1.67,0.00,1.67,AStar
347,1.19,AllyPrefab,Ally,AllyIdleState,Idling,AgentPrefab,1.60,0.00,1.60,9.00,0.00,17.00,9.00,0.00,17.00,N/A
347,1.19,AgentPrefab,Agent,MoveState,Moving,AllyPrefab,9.00,0.00,17.00,1.60,0.00,1.60,1.67,0.00,1.67,AStar
348,1.19,AllyPrefab,Ally,AllyIdleState,Idling,AgentPrefab,1.60,0.00,1.60,9.00,0.00,17.00,9.00,0.00,17.00,N/A
348,1.19,AgentPrefab,Agent,MoveState,Moving,AllyPrefab,9.00,0.00,17.00,1.60,0.00,1.60,1.67,0.00,1.67,AStar
349,1.19,AllyPrefab,Ally,AllyIdleState,Idling,AgentPrefab,1.61,0.00,1.61,9.00,0.00,17.00,9.00,0.00,17.00,N/A
349,1.19,AgentPrefab,Agent,MoveState,Moving,AllyPrefab,9.00,0.00,17.00,1.61,0.00,1.61,1.67,0.00,1.67,AStar
350,1.20,AllyPrefab,Ally,AllyIdleState,Idling,AgentPrefab,1.61,0.00,1.61,9.00,0.00,17.00,9.00,0.00,17.00,N/A
350,1.20,AgentPrefab,Agent,MoveState,Moving,AllyPrefab,9.00,0.00,17.00,1.61,0.00,1.61,1.67,0.00,1.67,AStar
351,1.20,AllyPrefab,Ally,AllyIdleState,Idling,AgentPrefab,1.62,0.00,1.62,9.00,0.00,17.00,9.00,0.00,17.00,N/A
351,1.20,AgentPrefab,Agent,MoveState,Moving,AllyPrefab,9.00,0.00,17.00,1.62,0.00,1.62,1.67,0.00,1.67,AStar
352,1.20,AllyPrefab,Ally,AllyIdleState,Idling,AgentPrefab,1.62,0.00,1.62,9.00,0.00,17.00,9.00,0.00,17.00,N/A
352,1.20,AgentPrefab,Agent,MoveState,Moving,AllyPrefab,9.00,0.00,17.00,1.62,0.00,1.62,1.67,0.00,1.67,AStar
353,1.21,AllyPrefab,Ally,AllyIdleState,Idling,AgentPrefab,1.63,0.00,1.63,9.00,0.00,17.00,9.00,0.00,17.00,N/A
353,1.21,AgentPrefab,Agent,MoveState,Moving,AllyPrefab,9.00,0.00,17.00,1.63,0.00,1.63,1.67,0.00,1.67,AStar
354,1.21,AllyPrefab,Ally,AllyIdleState,Idling,AgentPrefab,1.63,0.00,1.63,9.00,0.00,17.00,9.00,0.00,17.00,N/A
354,1.21,AgentPrefab,Agent,MoveState,Moving,AllyPrefab,9.00,0.00,17.00,1.63,0.00,1.63,1.67,0.00,1.67,AStar
355,1.21,AllyPrefab,Ally,AllyIdleState,Idling,AgentPrefab,1.67,0.00,1.67,9.00,0.00,17.00,9.00,0.00,17.00,N/A
355,1.21,AgentPrefab,Agent,MoveState,Moving,AllyPrefab,9.00,0.00,17.00,1.67,0.00,1.67,2.67,0.00,2.67,AStar
356,1.21,AllyPrefab,Ally,AllyIdleState,Idling,AgentPrefab,1.67,0.00,1.67,9.00,0.00,17.00,9.00,0.00,17.00,N/A
356,1.21,AgentPrefab,Agent,MoveState,Moving,AllyPrefab,9.00,0.00,17.00,1.67,0.00,1.67,2.67,0.00,2.67,AStar
357,1.22,AllyPrefab,Ally,AllyIdleState,Idling,AgentPrefab,1.68,0.00,1.68,9.00,0.00,17.00,9.00,0.00,17.00,N/A
357,1.22,AgentPrefab,Agent,MoveState,Moving,AllyPrefab,9.00,0.00,17.00,1.68,0.00,1.68,2.67,0.00,2.67,AStar
358,1.22,AllyPrefab,Ally,AllyIdleState,Idling,AgentPrefab,1.68,0.00,1.68,9.00,0.00,17.00,9.00,0.00,17.00,N/A
358,1.22,AgentPrefab,Agent,MoveState,Moving,AllyPrefab,9.00,0.00,17.00,1.68,0.00,1.68,2.67,0.00,2.67,AStar
359,1.22,AllyPrefab,Ally,AllyIdleState,Idling,AgentPrefab,1.69,0.00,1.69,9.00,0.00,17.00,9.00,0.00,17.00,N/A
359,1.22,AgentPrefab,Agent,MoveState,Moving,AllyPrefab,9.00,0.00,17.00,1.69,0.00,1.69,2.67,0.00,2.67,AStar
360,1.23,AllyPrefab,Ally,AllyIdleState,Idling,AgentPrefab,1.69,0.00,1.69,9.00,0.00,17.00,9.00,0.00,17.00,N/A
360,1.23,AgentPrefab,Agent,MoveState,Moving,AllyPrefab,9.00,0.00,17.00,1.69,0.00,1.69,2.67,0.00,2.67,AStar
361,1.23,AllyPrefab,Ally,AllyIdleState,Idling,AgentPrefab,1.70,0.00,1.70,9.00,0.00,17.00,9.00,0.00,17.00,N/A
361,1.23,AgentPrefab,Agent,MoveState,Moving,AllyPrefab,9.00,0.00,17.00,1.70,0.00,1.70,2.67,0.00,2.67,AStar
362,1.23,AllyPrefab,Ally,AllyIdleState,Idling,AgentPrefab,1.70,0.00,1.70,9.00,0.00,17.00,9.00,0.00,17.00,N/A
362,1.23,AgentPrefab,Agent,MoveState,Moving,AllyPrefab,9.00,0.00,17.00,1.70,0.00,1.70,2.67,0.00,2.67,AStar
363,1.24,AllyPrefab,Ally,AllyIdleState,Idling,AgentPrefab,1.71,0.00,1.71,9.00,0.00,17.00,9.00,0.00,17.00,N/A
363,1.24,AgentPrefab,Agent,MoveState,Moving,AllyPrefab,9.00,0.00,17.00,1.71,0.00,1.71,2.67,0.00,2.67,AStar
364,1.24,AllyPrefab,Ally,AllyIdleState,Idling,AgentPrefab,1.71,0.00,1.71,9.00,0.00,17.00,9.00,0.00,17.00,N/A
364,1.24,AgentPrefab,Agent,MoveState,Moving,AllyPrefab,9.00,0.00,17.00,1.71,0.00,1.71,2.67,0.00,2.67,AStar
365,1.24,AllyPrefab,Ally,AllyIdleState,Idling,AgentPrefab,1.71,0.00,1.71,9.00,0.00,17.00,9.00,0.00,17.00,N/A
365,1.24,AgentPrefab,Agent,MoveState,Moving,AllyPrefab,9.00,0.00,17.00,1.71,0.00,1.71,2.67,0.00,2.67,AStar
366,1.24,AllyPrefab,Ally,AllyIdleState,Idling,AgentPrefab,1.72,0.00,1.72,9.00,0.00,17.00,9.00,0.00,17.00,N/A
366,1.24,AgentPrefab,Agent,MoveState,Moving,AllyPrefab,9.00,0.00,17.00,1.72,0.00,1.72,2.67,0.00,2.67,AStar
367,1.25,AllyPrefab,Ally,AllyIdleState,Idling,AgentPrefab,1.72,0.00,1.72,9.00,0.00,17.00,9.00,0.00,17.00,N/A
367,1.25,AgentPrefab,Agent,MoveState,Moving,AllyPrefab,9.00,0.00,17.00,1.72,0.00,1.72,2.67,0.00,2.67,AStar
368,1.25,AllyPrefab,Ally,AllyIdleState,Idling,AgentPrefab,1.73,0.00,1.73,9.00,0.00,17.00,9.00,0.00,17.00,N/A
368,1.25,AgentPrefab,Agent,MoveState,Moving,AllyPrefab,9.00,0.00,17.00,1.73,0.00,1.73,2.67,0.00,2.67,AStar
369,1.26,AllyPrefab,Ally,AllyIdleState,Idling,AgentPrefab,1.73,0.00,1.73,9.00,0.00,17.00,9.00,0.00,17.00,N/A
369,1.26,AgentPrefab,Agent,MoveState,Moving,AllyPrefab,9.00,0.00,17.00,1.73,0.00,1.73,2.67,0.00,2.67,AStar
370,1.26,AllyPrefab,Ally,AllyIdleState,Idling,AgentPrefab,1.74,0.00,1.74,9.00,0.00,17.00,9.00,0.00,17.00,N/A
370,1.26,AgentPrefab,Agent,MoveState,Moving,AllyPrefab,9.00,0.00,17.00,1.74,0.00,1.74,2.67,0.00,2.67,AStar
371,1.26,AllyPrefab,Ally,AllyIdleState,Idling,AgentPrefab,1.74,0.00,1.74,9.00,0.00,17.00,9.00,0.00,17.00,N/A
371,1.26,AgentPrefab,Agent,MoveState,Moving,AllyPrefab,9.00,0.00,17.00,1.74,0.00,1.74,2.67,0.00,2.67,AStar
372,1.27,AllyPrefab,Ally,AllyIdleState,Idling,AgentPrefab,1.75,0.00,1.75,9.00,0.00,17.00,9.00,0.00,17.00,N/A
372,1.27,AgentPrefab,Agent,MoveState,Moving,AllyPrefab,9.00,0.00,17.00,1.75,0.00,1.75,2.67,0.00,2.67,AStar
373,1.27,AllyPrefab,Ally,AllyIdleState,Idling,AgentPrefab,1.75,0.00,1.75,9.00,0.00,17.00,9.00,0.00,17.00,N/A
373,1.27,AgentPrefab,Agent,MoveState,Moving,AllyPrefab,9.00,0.00,17.00,1.75,0.00,1.75,2.67,0.00,2.67,AStar
374,1.27,AllyPrefab,Ally,AllyIdleState,Idling,AgentPrefab,1.75,0.00,1.75,9.00,0.00,17.00,9.00,0.00,17.00,N/A
374,1.27,AgentPrefab,Agent,MoveState,Moving,AllyPrefab,9.00,0.00,17.00,1.75,0.00,1.75,2.67,0.00,2.67,AStar
375,1.27,AllyPrefab,Ally,AllyIdleState,Idling,AgentPrefab,1.76,0.00,1.76,9.00,0.00,17.00,9.00,0.00,17.00,N/A
375,1.27,AgentPrefab,Agent,MoveState,Moving,AllyPrefab,9.00,0.00,17.00,1.76,0.00,1.76,2.67,0.00,2.67,AStar
376,1.28,AllyPrefab,Ally,AllyIdleState,Idling,AgentPrefab,1.76,0.00,1.76,9.00,0.00,17.00,9.00,0.00,17.00,N/A
376,1.28,AgentPrefab,Agent,MoveState,Moving,AllyPrefab,9.00,0.00,17.00,1.76,0.00,1.76,2.67,0.00,2.67,AStar
377,1.28,AllyPrefab,Ally,AllyIdleState,Idling,AgentPrefab,1.77,0.00,1.77,9.00,0.00,17.00,9.00,0.00,17.00,N/A
377,1.28,AgentPrefab,Agent,MoveState,Moving,AllyPrefab,9.00,0.00,17.00,1.77,0.00,1.77,2.67,0.00,2.67,AStar
378,1.28,AllyPrefab,Ally,AllyIdleState,Idling,AgentPrefab,1.77,0.00,1.77,9.00,0.00,17.00,9.00,0.00,17.00,N/A
378,1.28,AgentPrefab,Agent,MoveState,Moving,AllyPrefab,9.00,0.00,17.00,1.77,0.00,1.77,2.67,0.00,2.67,AStar
379,1.29,AllyPrefab,Ally,AllyIdleState,Idling,AgentPrefab,1.78,0.00,1.78,9.00,0.00,17.00,9.00,0.00,17.00,N/A
379,1.29,AgentPrefab,Agent,MoveState,Moving,AllyPrefab,9.00,0.00,17.00,1.78,0.00,1.78,2.67,0.00,2.67,AStar
380,1.29,AllyPrefab,Ally,AllyIdleState,Idling,AgentPrefab,1.78,0.00,1.78,9.00,0.00,17.00,9.00,0.00,17.00,N/A
380,1.29,AgentPrefab,Agent,MoveState,Moving,AllyPrefab,9.00,0.00,17.00,1.78,0.00,1.78,2.67,0.00,2.67,AStar
381,1.29,AllyPrefab,Ally,AllyIdleState,Idling,AgentPrefab,1.78,0.00,1.78,9.00,0.00,17.00,9.00,0.00,17.00,N/A
381,1.29,AgentPrefab,Agent,MoveState,Moving,AllyPrefab,9.00,0.00,17.00,1.78,0.00,1.78,2.67,0.00,2.67,AStar
382,1.29,AllyPrefab,Ally,AllyIdleState,Idling,AgentPrefab,1.79,0.00,1.79,9.00,0.00,17.00,9.00,0.00,17.00,N/A
382,1.29,AgentPrefab,Agent,MoveState,Moving,AllyPrefab,9.00,0.00,17.00,1.79,0.00,1.79,2.67,0.00,2.67,AStar
383,1.30,AllyPrefab,Ally,AllyIdleState,Idling,AgentPrefab,1.79,0.00,1.79,9.00,0.00,17.00,9.00,0.00,17.00,N/A
383,1.30,AgentPrefab,Agent,MoveState,Moving,AllyPrefab,9.00,0.00,17.00,1.79,0.00,1.79,2.67,0.00,2.67,AStar
384,1.30,AllyPrefab,Ally,AllyIdleState,Idling,AgentPrefab,1.80,0.00,1.80,9.00,0.00,17.00,9.00,0.00,17.00,N/A
384,1.30,AgentPrefab,Agent,MoveState,Moving,AllyPrefab,9.00,0.00,17.00,1.80,0.00,1.80,2.67,0.00,2.67,AStar
385,1.30,AllyPrefab,Ally,AllyIdleState,Idling,AgentPrefab,1.80,0.00,1.80,9.00,0.00,17.00,9.00,0.00,17.00,N/A
385,1.30,AgentPrefab,Agent,MoveState,Moving,AllyPrefab,9.00,0.00,17.00,1.80,0.00,1.80,2.67,0.00,2.67,AStar
386,1.31,AllyPrefab,Ally,AllyIdleState,Idling,AgentPrefab,1.81,0.00,1.81,9.00,0.00,17.00,9.00,0.00,17.00,N/A
386,1.31,AgentPrefab,Agent,MoveState,Moving,AllyPrefab,9.00,0.00,17.00,1.81,0.00,1.81,2.67,0.00,2.67,AStar
387,1.31,AllyPrefab,Ally,AllyIdleState,Idling,AgentPrefab,1.81,0.00,1.81,9.00,0.00,17.00,9.00,0.00,17.00,N/A
387,1.31,AgentPrefab,Agent,MoveState,Moving,AllyPrefab,9.00,0.00,17.00,1.81,0.00,1.81,2.67,0.00,2.67,AStar
388,1.31,AllyPrefab,Ally,AllyIdleState,Idling,AgentPrefab,1.81,0.00,1.81,9.00,0.00,17.00,9.00,0.00,17.00,N/A
388,1.31,AgentPrefab,Agent,MoveState,Moving,AllyPrefab,9.00,0.00,17.00,1.81,0.00,1.81,2.67,0.00,2.67,AStar
389,1.32,AllyPrefab,Ally,AllyIdleState,Idling,AgentPrefab,1.82,0.00,1.82,9.00,0.00,17.00,9.00,0.00,17.00,N/A
389,1.32,AgentPrefab,Agent,MoveState,Moving,AllyPrefab,9.00,0.00,17.00,1.82,0.00,1.82,2.67,0.00,2.67,AStar
390,1.32,AllyPrefab,Ally,AllyIdleState,Idling,AgentPrefab,1.82,0.00,1.82,9.00,0.00,17.00,9.00,0.00,17.00,N/A
390,1.32,AgentPrefab,Agent,MoveState,Moving,AllyPrefab,9.00,0.00,17.00,1.82,0.00,1.82,2.67,0.00,2.67,AStar
391,1.32,AllyPrefab,Ally,AllyIdleState,Idling,AgentPrefab,1.83,0.00,1.83,9.00,0.00,17.00,9.00,0.00,17.00,N/A
391,1.32,AgentPrefab,Agent,MoveState,Moving,AllyPrefab,9.00,0.00,17.00,1.83,0.00,1.83,2.67,0.00,2.67,AStar
392,1.32,AllyPrefab,Ally,AllyIdleState,Idling,AgentPrefab,1.83,0.00,1.83,9.00,0.00,17.00,9.00,0.00,17.00,N/A
392,1.32,AgentPrefab,Agent,MoveState,Moving,AllyPrefab,9.00,0.00,17.00,1.83,0.00,1.83,2.67,0.00,2.67,AStar
393,1.33,AllyPrefab,Ally,AllyIdleState,Idling,AgentPrefab,1.83,0.00,1.83,9.00,0.00,17.00,9.00,0.00,17.00,N/A
393,1.33,AgentPrefab,Agent,MoveState,Moving,AllyPrefab,9.00,0.00,17.00,1.83,0.00,1.83,2.67,0.00,2.67,AStar
394,1.33,AllyPrefab,Ally,AllyIdleState,Idling,AgentPrefab,1.84,0.00,1.84,9.00,0.00,17.00,9.00,0.00,17.00,N/A
394,1.33,AgentPrefab,Agent,MoveState,Moving,AllyPrefab,9.00,0.00,17.00,1.84,0.00,1.84,2.67,0.00,2.67,AStar
395,1.33,AllyPrefab,Ally,AllyIdleState,Idling,AgentPrefab,1.84,0.00,1.84,9.00,0.00,17.00,9.00,0.00,17.00,N/A
395,1.33,AgentPrefab,Agent,MoveState,Moving,AllyPrefab,9.00,0.00,17.00,1.84,0.00,1.84,2.67,0.00,2.67,AStar
396,1.34,AllyPrefab,Ally,AllyIdleState,Idling,AgentPrefab,1.85,0.00,1.85,9.00,0.00,17.00,9.00,0.00,17.00,N/A
396,1.34,AgentPrefab,Agent,MoveState,Moving,AllyPrefab,9.00,0.00,17.00,1.85,0.00,1.85,2.67,0.00,2.67,AStar
397,1.34,AllyPrefab,Ally,AllyIdleState,Idling,AgentPrefab,1.85,0.00,1.85,9.00,0.00,17.00,9.00,0.00,17.00,N/A
397,1.34,AgentPrefab,Agent,MoveState,Moving,AllyPrefab,9.00,0.00,17.00,1.85,0.00,1.85,2.67,0.00,2.67,AStar
398,1.34,AllyPrefab,Ally,AllyIdleState,Idling,AgentPrefab,1.86,0.00,1.86,9.00,0.00,17.00,9.00,0.00,17.00,N/A
398,1.34,AgentPrefab,Agent,MoveState,Moving,AllyPrefab,9.00,0.00,17.00,1.86,0.00,1.86,2.67,0.00,2.67,AStar
399,1.35,AllyPrefab,Ally,AllyIdleState,Idling,AgentPrefab,1.86,0.00,1.86,9.00,0.00,17.00,9.00,0.00,17.00,N/A
399,1.35,AgentPrefab,Agent,MoveState,Moving,AllyPrefab,9.00,0.00,17.00,1.86,0.00,1.86,2.67,0.00,2.67,AStar
400,1.35,AllyPrefab,Ally,AllyIdleState,Idling,AgentPrefab,1.86,0.00,1.86,9.00,0.00,17.00,9.00,0.00,17.00,N/A
400,1.35,AgentPrefab,Agent,MoveState,Moving,AllyPrefab,9.00,0.00,17.00,1.86,0.00,1.86,2.67,0.00,2.67,AStar
401,1.35,AllyPrefab,Ally,AllyIdleState,Idling,AgentPrefab,1.87,0.00,1.87,9.00,0.00,17.00,9.00,0.00,17.00,N/A
401,1.35,AgentPrefab,Agent,MoveState,Moving,AllyPrefab,9.00,0.00,17.00,1.87,0.00,1.87,2.67,0.00,2.67,AStar
402,1.35,AllyPrefab,Ally,AllyIdleState,Idling,AgentPrefab,1.87,0.00,1.87,9.00,0.00,17.00,9.00,0.00,17.00,N/A
402,1.35,AgentPrefab,Agent,MoveState,Moving,AllyPrefab,9.00,0.00,17.00,1.87,0.00,1.87,2.67,0.00,2.67,AStar
403,1.36,AllyPrefab,Ally,AllyIdleState,Idling,AgentPrefab,1.88,0.00,1.88,9.00,0.00,17.00,9.00,0.00,17.00,N/A
403,1.36,AgentPrefab,Agent,MoveState,Moving,AllyPrefab,9.00,0.00,17.00,1.88,0.00,1.88,2.67,0.00,2.67,AStar
404,1.36,AllyPrefab,Ally,AllyIdleState,Idling,AgentPrefab,1.88,0.00,1.88,9.00,0.00,17.00,9.00,0.00,17.00,N/A
404,1.36,AgentPrefab,Agent,MoveState,Moving,AllyPrefab,9.00,0.00,17.00,1.88,0.00,1.88,2.67,0.00,2.67,AStar
405,1.36,AllyPrefab,Ally,AllyIdleState,Idling,AgentPrefab,1.89,0.00,1.89,9.00,0.00,17.00,9.00,0.00,17.00,N/A
405,1.36,AgentPrefab,Agent,MoveState,Moving,AllyPrefab,9.00,0.00,17.00,1.89,0.00,1.89,2.67,0.00,2.67,AStar
406,1.37,AllyPrefab,Ally,AllyIdleState,Idling,AgentPrefab,1.89,0.00,1.89,9.00,0.00,17.00,9.00,0.00,17.00,N/A
406,1.37,AgentPrefab,Agent,MoveState,Moving,AllyPrefab,9.00,0.00,17.00,1.89,0.00,1.89,2.67,0.00,2.67,AStar
407,1.37,AllyPrefab,Ally,AllyIdleState,Idling,AgentPrefab,1.90,0.00,1.90,9.00,0.00,17.00,9.00,0.00,17.00,N/A
407,1.37,AgentPrefab,Agent,MoveState,Moving,AllyPrefab,9.00,0.00,17.00,1.90,0.00,1.90,2.67,0.00,2.67,AStar
408,1.37,AllyPrefab,Ally,AllyIdleState,Idling,AgentPrefab,1.90,0.00,1.90,9.00,0.00,17.00,9.00,0.00,17.00,N/A
408,1.37,AgentPrefab,Agent,MoveState,Moving,AllyPrefab,9.00,0.00,17.00,1.90,0.00,1.90,2.67,0.00,2.67,AStar
409,1.38,AllyPrefab,Ally,AllyIdleState,Idling,AgentPrefab,1.90,0.00,1.90,9.00,0.00,17.00,9.00,0.00,17.00,N/A
409,1.38,AgentPrefab,Agent,MoveState,Moving,AllyPrefab,9.00,0.00,17.00,1.90,0.00,1.90,2.67,0.00,2.67,AStar
410,1.38,AllyPrefab,Ally,AllyIdleState,Idling,AgentPrefab,1.91,0.00,1.91,9.00,0.00,17.00,9.00,0.00,17.00,N/A
410,1.38,AgentPrefab,Agent,MoveState,Moving,AllyPrefab,9.00,0.00,17.00,1.91,0.00,1.91,2.67,0.00,2.67,AStar
411,1.38,AllyPrefab,Ally,AllyIdleState,Idling,AgentPrefab,1.91,0.00,1.91,9.00,0.00,17.00,9.00,0.00,17.00,N/A
411,1.38,AgentPrefab,Agent,MoveState,Moving,AllyPrefab,9.00,0.00,17.00,1.91,0.00,1.91,2.67,0.00,2.67,AStar
412,1.39,AllyPrefab,Ally,AllyIdleState,Idling,AgentPrefab,1.92,0.00,1.92,9.00,0.00,17.00,9.00,0.00,17.00,N/A
412,1.39,AgentPrefab,Agent,MoveState,Moving,AllyPrefab,9.00,0.00,17.00,1.92,0.00,1.92,2.67,0.00,2.67,AStar
413,1.39,AllyPrefab,Ally,AllyIdleState,Idling,AgentPrefab,1.92,0.00,1.92,9.00,0.00,17.00,9.00,0.00,17.00,N/A
413,1.39,AgentPrefab,Agent,MoveState,Moving,AllyPrefab,9.00,0.00,17.00,1.92,0.00,1.92,2.67,0.00,2.67,AStar
414,1.39,AllyPrefab,Ally,AllyIdleState,Idling,AgentPrefab,1.93,0.00,1.93,9.00,0.00,17.00,9.00,0.00,17.00,N/A
414,1.39,AgentPrefab,Agent,MoveState,Moving,AllyPrefab,9.00,0.00,17.00,1.93,0.00,1.93,2.67,0.00,2.67,AStar
415,1.39,AllyPrefab,Ally,AllyIdleState,Idling,AgentPrefab,1.93,0.00,1.93,9.00,0.00,17.00,9.00,0.00,17.00,N/A
415,1.39,AgentPrefab,Agent,MoveState,Moving,AllyPrefab,9.00,0.00,17.00,1.93,0.00,1.93,2.67,0.00,2.67,AStar
416,1.40,AllyPrefab,Ally,AllyIdleState,Idling,AgentPrefab,1.93,0.00,1.93,9.00,0.00,17.00,9.00,0.00,17.00,N/A
416,1.40,AgentPrefab,Agent,MoveState,Moving,AllyPrefab,9.00,0.00,17.00,1.93,0.00,1.93,2.67,0.00,2.67,AStar
417,1.40,AllyPrefab,Ally,AllyIdleState,Idling,AgentPrefab,1.94,0.00,1.94,9.00,0.00,17.00,9.00,0.00,17.00,N/A
417,1.40,AgentPrefab,Agent,MoveState,Moving,AllyPrefab,9.00,0.00,17.00,1.94,0.00,1.94,2.67,0.00,2.67,AStar
418,1.40,AllyPrefab,Ally,AllyIdleState,Idling,AgentPrefab,1.94,0.00,1.94,9.00,0.00,17.00,9.00,0.00,17.00,N/A
418,1.40,AgentPrefab,Agent,MoveState,Moving,AllyPrefab,9.00,0.00,17.00,1.94,0.00,1.94,2.67,0.00,2.67,AStar
419,1.41,AllyPrefab,Ally,AllyIdleState,Idling,AgentPrefab,1.95,0.00,1.95,9.00,0.00,17.00,9.00,0.00,17.00,N/A
419,1.41,AgentPrefab,Agent,MoveState,Moving,AllyPrefab,9.00,0.00,17.00,1.95,0.00,1.95,2.67,0.00,2.67,AStar
420,1.41,AllyPrefab,Ally,AllyIdleState,Idling,AgentPrefab,1.95,0.00,1.95,9.00,0.00,17.00,9.00,0.00,17.00,N/A
420,1.41,AgentPrefab,Agent,MoveState,Moving,AllyPrefab,9.00,0.00,17.00,1.95,0.00,1.95,2.67,0.00,2.67,AStar
421,1.41,AllyPrefab,Ally,AllyIdleState,Idling,AgentPrefab,1.95,0.00,1.95,9.00,0.00,17.00,9.00,0.00,17.00,N/A
421,1.41,AgentPrefab,Agent,MoveState,Moving,AllyPrefab,9.00,0.00,17.00,1.95,0.00,1.95,2.67,0.00,2.67,AStar
422,1.42,AllyPrefab,Ally,AllyIdleState,Idling,AgentPrefab,1.96,0.00,1.96,9.00,0.00,17.00,9.00,0.00,17.00,N/A
422,1.42,AgentPrefab,Agent,MoveState,Moving,AllyPrefab,9.00,0.00,17.00,1.96,0.00,1.96,2.67,0.00,2.67,AStar
423,1.42,AllyPrefab,Ally,AllyIdleState,Idling,AgentPrefab,1.96,0.00,1.96,9.00,0.00,17.00,9.00,0.00,17.00,N/A
423,1.42,AgentPrefab,Agent,MoveState,Moving,AllyPrefab,9.00,0.00,17.00,1.96,0.00,1.96,2.67,0.00,2.67,AStar
424,1.42,AllyPrefab,Ally,AllyIdleState,Idling,AgentPrefab,1.97,0.00,1.97,9.00,0.00,17.00,9.00,0.00,17.00,N/A
424,1.42,AgentPrefab,Agent,MoveState,Moving,AllyPrefab,9.00,0.00,17.00,1.97,0.00,1.97,2.67,0.00,2.67,AStar
425,1.42,AllyPrefab,Ally,AllyIdleState,Idling,AgentPrefab,1.97,0.00,1.97,9.00,0.00,17.00,9.00,0.00,17.00,N/A
425,1.42,AgentPrefab,Agent,MoveState,Moving,AllyPrefab,9.00,0.00,17.00,1.97,0.00,1.97,2.67,0.00,2.67,AStar
426,1.43,AllyPrefab,Ally,AllyIdleState,Idling,AgentPrefab,1.98,0.00,1.98,9.00,0.00,17.00,9.00,0.00,17.00,N/A
426,1.43,AgentPrefab,Agent,MoveState,Moving,AllyPrefab,9.00,0.00,17.00,1.98,0.00,1.98,2.67,0.00,2.67,AStar
427,1.43,AllyPrefab,Ally,AllyIdleState,Idling,AgentPrefab,1.98,0.00,1.98,9.00,0.00,17.00,9.00,0.00,17.00,N/A
427,1.43,AgentPrefab,Agent,MoveState,Moving,AllyPrefab,9.00,0.00,17.00,1.98,0.00,1.98,2.67,0.00,2.67,AStar
428,1.43,AllyPrefab,Ally,AllyIdleState,Idling,AgentPrefab,1.98,0.00,1.98,9.00,0.00,17.00,9.00,0.00,17.00,N/A
428,1.43,AgentPrefab,Agent,MoveState,Moving,AllyPrefab,9.00,0.00,17.00,1.98,0.00,1.98,2.67,0.00,2.67,AStar
429,1.44,AllyPrefab,Ally,AllyIdleState,Idling,AgentPrefab,1.99,0.00,1.99,9.00,0.00,17.00,9.00,0.00,17.00,N/A
429,1.44,AgentPrefab,Agent,MoveState,Moving,AllyPrefab,9.00,0.00,17.00,1.99,0.00,1.99,2.67,0.00,2.67,AStar
430,1.44,AllyPrefab,Ally,AllyIdleState,Idling,AgentPrefab,1.99,0.00,1.99,9.00,0.00,17.00,9.00,0.00,17.00,N/A
430,1.44,AgentPrefab,Agent,MoveState,Moving,AllyPrefab,9.00,0.00,17.00,1.99,0.00,1.99,2.67,0.00,2.67,AStar
431,1.44,AllyPrefab,Ally,AllyIdleState,Idling,AgentPrefab,2.00,0.00,2.00,9.00,0.00,17.00,9.00,0.00,17.00,N/A
431,1.44,AgentPrefab,Agent,MoveState,Moving,AllyPrefab,9.00,0.00,17.00,2.00,0.00,2.00,2.67,0.00,2.67,AStar
432,1.44,AllyPrefab,Ally,AllyIdleState,Idling,AgentPrefab,2.00,0.00,2.00,9.00,0.00,17.00,9.00,0.00,17.00,N/A
432,1.44,AgentPrefab,Agent,MoveState,Moving,AllyPrefab,9.00,0.00,17.00,2.00,0.00,2.00,2.67,0.00,2.67,AStar
433,1.45,AllyPrefab,Ally,AllyIdleState,Idling,AgentPrefab,2.00,0.00,2.00,9.00,0.00,17.00,9.00,0.00,17.00,N/A
433,1.45,AgentPrefab,Agent,MoveState,Moving,AllyPrefab,9.00,0.00,17.00,2.00,0.00,2.00,2.67,0.00,2.67,AStar
434,1.45,AllyPrefab,Ally,AllyIdleState,Idling,AgentPrefab,2.01,0.00,2.01,9.00,0.00,17.00,9.00,0.00,17.00,N/A
434,1.45,AgentPrefab,Agent,MoveState,Moving,AllyPrefab,9.00,0.00,17.00,2.01,0.00,2.01,2.67,0.00,2.67,AStar
435,1.45,AllyPrefab,Ally,AllyIdleState,Idling,AgentPrefab,2.01,0.00,2.01,9.00,0.00,17.00,9.00,0.00,17.00,N/A
435,1.45,AgentPrefab,Agent,MoveState,Moving,AllyPrefab,9.00,0.00,17.00,2.01,0.00,2.01,2.67,0.00,2.67,AStar
436,1.46,AllyPrefab,Ally,AllyIdleState,Idling,AgentPrefab,2.02,0.00,2.02,9.00,0.00,17.00,9.00,0.00,17.00,N/A
436,1.46,AgentPrefab,Agent,MoveState,Moving,AllyPrefab,9.00,0.00,17.00,2.02,0.00,2.02,2.67,0.00,2.67,AStar
437,1.46,AllyPrefab,Ally,AllyIdleState,Idling,AgentPrefab,2.02,0.00,2.02,9.00,0.00,17.00,9.00,0.00,17.00,N/A
437,1.46,AgentPrefab,Agent,MoveState,Moving,AllyPrefab,9.00,0.00,17.00,2.02,0.00,2.02,2.67,0.00,2.67,AStar
438,1.46,AllyPrefab,Ally,AllyIdleState,Idling,AgentPrefab,2.03,0.00,2.03,9.00,0.00,17.00,9.00,0.00,17.00,N/A
438,1.46,AgentPrefab,Agent,MoveState,Moving,AllyPrefab,9.00,0.00,17.00,2.03,0.00,2.03,2.67,0.00,2.67,AStar
439,1.47,AllyPrefab,Ally,AllyIdleState,Idling,AgentPrefab,2.03,0.00,2.03,9.00,0.00,17.00,9.00,0.00,17.00,N/A
439,1.47,AgentPrefab,Agent,MoveState,Moving,AllyPrefab,9.00,0.00,17.00,2.03,0.00,2.03,2.67,0.00,2.67,AStar
440,1.47,AllyPrefab,Ally,AllyIdleState,Idling,AgentPrefab,2.04,0.00,2.04,9.00,0.00,17.00,9.00,0.00,17.00,N/A
440,1.47,AgentPrefab,Agent,MoveState,Moving,AllyPrefab,9.00,0.00,17.00,2.04,0.00,2.04,2.67,0.00,2.67,AStar
441,1.47,AllyPrefab,Ally,AllyIdleState,Idling,AgentPrefab,2.04,0.00,2.04,9.00,0.00,17.00,9.00,0.00,17.00,N/A
441,1.47,AgentPrefab,Agent,MoveState,Moving,AllyPrefab,9.00,0.00,17.00,2.04,0.00,2.04,2.67,0.00,2.67,AStar
442,1.48,AllyPrefab,Ally,AllyIdleState,Idling,AgentPrefab,2.04,0.00,2.04,9.00,0.00,17.00,9.00,0.00,17.00,N/A
442,1.48,AgentPrefab,Agent,MoveState,Moving,AllyPrefab,9.00,0.00,17.00,2.04,0.00,2.04,2.67,0.00,2.67,AStar
443,1.48,AllyPrefab,Ally,AllyIdleState,Idling,AgentPrefab,2.05,0.00,2.05,9.00,0.00,17.00,9.00,0.00,17.00,N/A
443,1.48,AgentPrefab,Agent,MoveState,Moving,AllyPrefab,9.00,0.00,17.00,2.05,0.00,2.05,2.67,0.00,2.67,AStar
444,1.48,AllyPrefab,Ally,AllyIdleState,Idling,AgentPrefab,2.05,0.00,2.05,9.00,0.00,17.00,9.00,0.00,17.00,N/A
444,1.48,AgentPrefab,Agent,MoveState,Moving,AllyPrefab,9.00,0.00,17.00,2.05,0.00,2.05,2.67,0.00,2.67,AStar
445,1.48,AllyPrefab,Ally,AllyIdleState,Idling,AgentPrefab,2.06,0.00,2.06,9.00,0.00,17.00,9.00,0.00,17.00,N/A
445,1.48,AgentPrefab,Agent,MoveState,Moving,AllyPrefab,9.00,0.00,17.00,2.06,0.00,2.06,2.67,0.00,2.67,AStar
446,1.49,AllyPrefab,Ally,AllyIdleState,Idling,AgentPrefab,2.06,0.00,2.06,9.00,0.00,17.00,9.00,0.00,17.00,N/A
446,1.49,AgentPrefab,Agent,MoveState,Moving,AllyPrefab,9.00,0.00,17.00,2.06,0.00,2.06,2.67,0.00,2.67,AStar
447,1.49,AllyPrefab,Ally,AllyIdleState,Idling,AgentPrefab,2.06,0.00,2.06,9.00,0.00,17.00,9.00,0.00,17.00,N/A
447,1.49,AgentPrefab,Agent,MoveState,Moving,AllyPrefab,9.00,0.00,17.00,2.06,0.00,2.06,2.67,0.00,2.67,AStar
448,1.49,AllyPrefab,Ally,AllyIdleState,Idling,AgentPrefab,2.07,0.00,2.07,9.00,0.00,17.00,9.00,0.00,17.00,N/A
448,1.49,AgentPrefab,Agent,MoveState,Moving,AllyPrefab,9.00,0.00,17.00,2.07,0.00,2.07,2.67,0.00,2.67,AStar
449,1.50,AllyPrefab,Ally,AllyIdleState,Idling,AgentPrefab,2.07,0.00,2.07,9.00,0.00,17.00,9.00,0.00,17.00,N/A
449,1.50,AgentPrefab,Agent,MoveState,Moving,AllyPrefab,9.00,0.00,17.00,2.07,0.00,2.07,2.67,0.00,2.67,AStar
450,1.50,AllyPrefab,Ally,AllyIdleState,Idling,AgentPrefab,2.08,0.00,2.08,9.00,0.00,17.00,9.00,0.00,17.00,N/A
450,1.50,AgentPrefab,Agent,MoveState,Moving,AllyPrefab,9.00,0.00,17.00,2.08,0.00,2.08,2.67,0.00,2.67,AStar
451,1.50,AllyPrefab,Ally,AllyIdleState,Idling,AgentPrefab,2.08,0.00,2.08,9.00,0.00,17.00,9.00,0.00,17.00,N/A
451,1.50,AgentPrefab,Agent,MoveState,Moving,AllyPrefab,9.00,0.00,17.00,2.08,0.00,2.08,2.67,0.00,2.67,AStar
452,1.51,AllyPrefab,Ally,AllyIdleState,Idling,AgentPrefab,2.09,0.00,2.09,9.00,0.00,17.00,9.00,0.00,17.00,N/A
452,1.51,AgentPrefab,Agent,MoveState,Moving,AllyPrefab,9.00,0.00,17.00,2.09,0.00,2.09,2.67,0.00,2.67,AStar
453,1.51,AllyPrefab,Ally,AllyIdleState,Idling,AgentPrefab,2.09,0.00,2.09,9.00,0.00,17.00,9.00,0.00,17.00,N/A
453,1.51,AgentPrefab,Agent,MoveState,Moving,AllyPrefab,9.00,0.00,17.00,2.09,0.00,2.09,2.67,0.00,2.67,AStar
454,1.51,AllyPrefab,Ally,AllyIdleState,Idling,AgentPrefab,2.09,0.00,2.09,9.00,0.00,17.00,9.00,0.00,17.00,N/A
454,1.51,AgentPrefab,Agent,MoveState,Moving,AllyPrefab,9.00,0.00,17.00,2.09,0.00,2.09,2.67,0.00,2.67,AStar
455,1.51,AllyPrefab,Ally,AllyIdleState,Idling,AgentPrefab,2.10,0.00,2.10,9.00,0.00,17.00,9.00,0.00,17.00,N/A
455,1.51,AgentPrefab,Agent,MoveState,Moving,AllyPrefab,9.00,0.00,17.00,2.10,0.00,2.10,2.67,0.00,2.67,AStar
456,1.52,AllyPrefab,Ally,AllyIdleState,Idling,AgentPrefab,2.10,0.00,2.10,9.00,0.00,17.00,9.00,0.00,17.00,N/A
456,1.52,AgentPrefab,Agent,MoveState,Moving,AllyPrefab,9.00,0.00,17.00,2.10,0.00,2.10,2.67,0.00,2.67,AStar
457,1.52,AllyPrefab,Ally,AllyIdleState,Idling,AgentPrefab,2.11,0.00,2.11,9.00,0.00,17.00,9.00,0.00,17.00,N/A
457,1.52,AgentPrefab,Agent,MoveState,Moving,AllyPrefab,9.00,0.00,17.00,2.11,0.00,2.11,2.67,0.00,2.67,AStar
458,1.52,AllyPrefab,Ally,AllyIdleState,Idling,AgentPrefab,2.11,0.00,2.11,9.00,0.00,17.00,9.00,0.00,17.00,N/A
458,1.52,AgentPrefab,Agent,MoveState,Moving,AllyPrefab,9.00,0.00,17.00,2.11,0.00,2.11,2.67,0.00,2.67,AStar
459,1.53,AllyPrefab,Ally,AllyIdleState,Idling,AgentPrefab,2.12,0.00,2.12,9.00,0.00,17.00,9.00,0.00,17.00,N/A
459,1.53,AgentPrefab,Agent,MoveState,Moving,AllyPrefab,9.00,0.00,17.00,2.12,0.00,2.12,2.67,0.00,2.67,AStar
460,1.53,AllyPrefab,Ally,AllyIdleState,Idling,AgentPrefab,2.12,0.00,2.12,9.00,0.00,17.00,9.00,0.00,17.00,N/A
460,1.53,AgentPrefab,Agent,MoveState,Moving,AllyPrefab,9.00,0.00,17.00,2.12,0.00,2.12,2.67,0.00,2.67,AStar
461,1.53,AllyPrefab,Ally,AllyIdleState,Idling,AgentPrefab,2.12,0.00,2.12,9.00,0.00,17.00,9.00,0.00,17.00,N/A
461,1.53,AgentPrefab,Agent,MoveState,Moving,AllyPrefab,9.00,0.00,17.00,2.12,0.00,2.12,2.67,0.00,2.67,AStar
462,1.54,AllyPrefab,Ally,AllyIdleState,Idling,AgentPrefab,2.13,0.00,2.13,9.00,0.00,17.00,9.00,0.00,17.00,N/A
462,1.54,AgentPrefab,Agent,MoveState,Moving,AllyPrefab,9.00,0.00,17.00,2.13,0.00,2.13,2.67,0.00,2.67,AStar
463,1.54,AllyPrefab,Ally,AllyIdleState,Idling,AgentPrefab,2.14,0.00,2.14,9.00,0.00,17.00,9.00,0.00,17.00,N/A
463,1.54,AgentPrefab,Agent,MoveState,Moving,AllyPrefab,9.00,0.00,17.00,2.14,0.00,2.14,2.67,0.00,2.67,AStar
464,1.54,AllyPrefab,Ally,AllyIdleState,Idling,AgentPrefab,2.14,0.00,2.14,9.00,0.00,17.00,9.00,0.00,17.00,N/A
464,1.54,AgentPrefab,Agent,MoveState,Moving,AllyPrefab,9.00,0.00,17.00,2.14,0.00,2.14,2.67,0.00,2.67,AStar
465,1.55,AllyPrefab,Ally,AllyIdleState,Idling,AgentPrefab,2.14,0.00,2.14,9.00,0.00,17.00,9.00,0.00,17.00,N/A
465,1.55,AgentPrefab,Agent,MoveState,Moving,AllyPrefab,9.00,0.00,17.00,2.14,0.00,2.14,2.67,0.00,2.67,AStar
466,1.55,AllyPrefab,Ally,AllyIdleState,Idling,AgentPrefab,2.15,0.00,2.15,9.00,0.00,17.00,9.00,0.00,17.00,N/A
466,1.55,AgentPrefab,Agent,MoveState,Moving,AllyPrefab,9.00,0.00,17.00,2.15,0.00,2.15,2.67,0.00,2.67,AStar
467,1.55,AllyPrefab,Ally,AllyIdleState,Idling,AgentPrefab,2.15,0.00,2.15,9.00,0.00,17.00,9.00,0.00,17.00,N/A
467,1.55,AgentPrefab,Agent,MoveState,Moving,AllyPrefab,9.00,0.00,17.00,2.15,0.00,2.15,2.67,0.00,2.67,AStar
468,1.56,AllyPrefab,Ally,AllyIdleState,Idling,AgentPrefab,2.16,0.00,2.16,9.00,0.00,17.00,9.00,0.00,17.00,N/A
468,1.56,AgentPrefab,Agent,MoveState,Moving,AllyPrefab,9.00,0.00,17.00,2.16,0.00,2.16,2.67,0.00,2.67,AStar
469,1.56,AllyPrefab,Ally,AllyIdleState,Idling,AgentPrefab,2.16,0.00,2.16,9.00,0.00,17.00,9.00,0.00,17.00,N/A
469,1.56,AgentPrefab,Agent,MoveState,Moving,AllyPrefab,9.00,0.00,17.00,2.16,0.00,2.16,2.67,0.00,2.67,AStar
470,1.56,AllyPrefab,Ally,AllyIdleState,Idling,AgentPrefab,2.16,0.00,2.16,9.00,0.00,17.00,9.00,0.00,17.00,N/A
470,1.56,AgentPrefab,Agent,MoveState,Moving,AllyPrefab,9.00,0.00,17.00,2.16,0.00,2.16,2.67,0.00,2.67,AStar
471,1.56,AllyPrefab,Ally,AllyIdleState,Idling,AgentPrefab,2.17,0.00,2.17,9.00,0.00,17.00,9.00,0.00,17.00,N/A
471,1.56,AgentPrefab,Agent,MoveState,Moving,AllyPrefab,9.00,0.00,17.00,2.17,0.00,2.17,2.67,0.00,2.67,AStar
472,1.57,AllyPrefab,Ally,AllyIdleState,Idling,AgentPrefab,2.17,0.00,2.17,9.00,0.00,17.00,9.00,0.00,17.00,N/A
472,1.57,AgentPrefab,Agent,MoveState,Moving,AllyPrefab,9.00,0.00,17.00,2.17,0.00,2.17,2.67,0.00,2.67,AStar
473,1.57,AllyPrefab,Ally,AllyIdleState,Idling,AgentPrefab,2.18,0.00,2.18,9.00,0.00,17.00,9.00,0.00,17.00,N/A
473,1.57,AgentPrefab,Agent,MoveState,Moving,AllyPrefab,9.00,0.00,17.00,2.18,0.00,2.18,2.67,0.00,2.67,AStar
474,1.57,AllyPrefab,Ally,AllyIdleState,Idling,AgentPrefab,2.18,0.00,2.18,9.00,0.00,17.00,9.00,0.00,17.00,N/A
474,1.57,AgentPrefab,Agent,MoveState,Moving,AllyPrefab,9.00,0.00,17.00,2.18,0.00,2.18,2.67,0.00,2.67,AStar
475,1.58,AllyPrefab,Ally,AllyIdleState,Idling,AgentPrefab,2.19,0.00,2.19,9.00,0.00,17.00,9.00,0.00,17.00,N/A
475,1.58,AgentPrefab,Agent,MoveState,Moving,AllyPrefab,9.00,0.00,17.00,2.19,0.00,2.19,2.67,0.00,2.67,AStar
476,1.58,AllyPrefab,Ally,AllyIdleState,Idling,AgentPrefab,2.19,0.00,2.19,9.00,0.00,17.00,9.00,0.00,17.00,N/A
476,1.58,AgentPrefab,Agent,MoveState,Moving,AllyPrefab,9.00,0.00,17.00,2.19,0.00,2.19,2.67,0.00,2.67,AStar
477,1.58,AllyPrefab,Ally,AllyIdleState,Idling,AgentPrefab,2.19,0.00,2.19,9.00,0.00,17.00,9.00,0.00,17.00,N/A
477,1.58,AgentPrefab,Agent,MoveState,Moving,AllyPrefab,9.00,0.00,17.00,2.19,0.00,2.19,2.67,0.00,2.67,AStar
478,1.59,AllyPrefab,Ally,AllyIdleState,Idling,AgentPrefab,2.20,0.00,2.20,9.00,0.00,17.00,9.00,0.00,17.00,N/A
478,1.59,AgentPrefab,Agent,MoveState,Moving,AllyPrefab,9.00,0.00,17.00,2.20,0.00,2.20,2.67,0.00,2.67,AStar
479,1.59,AllyPrefab,Ally,AllyIdleState,Idling,AgentPrefab,2.20,0.00,2.20,9.00,0.00,17.00,9.00,0.00,17.00,N/A
479,1.59,AgentPrefab,Agent,MoveState,Moving,AllyPrefab,9.00,0.00,17.00,2.20,0.00,2.20,2.67,0.00,2.67,AStar
480,1.59,AllyPrefab,Ally,AllyIdleState,Idling,AgentPrefab,2.21,0.00,2.21,9.00,0.00,17.00,9.00,0.00,17.00,N/A
480,1.59,AgentPrefab,Agent,MoveState,Moving,AllyPrefab,9.00,0.00,17.00,2.21,0.00,2.21,2.67,0.00,2.67,AStar
481,1.59,AllyPrefab,Ally,AllyIdleState,Idling,AgentPrefab,2.21,0.00,2.21,9.00,0.00,17.00,9.00,0.00,17.00,N/A
481,1.59,AgentPrefab,Agent,MoveState,Moving,AllyPrefab,9.00,0.00,17.00,2.21,0.00,2.21,2.67,0.00,2.67,AStar
482,1.60,AllyPrefab,Ally,AllyIdleState,Idling,AgentPrefab,2.22,0.00,2.22,9.00,0.00,17.00,9.00,0.00,17.00,N/A
482,1.60,AgentPrefab,Agent,MoveState,Moving,AllyPrefab,9.00,0.00,17.00,2.22,0.00,2.22,2.67,0.00,2.67,AStar
483,1.60,AllyPrefab,Ally,AllyIdleState,Idling,AgentPrefab,2.22,0.00,2.22,9.00,0.00,17.00,9.00,0.00,17.00,N/A
483,1.60,AgentPrefab,Agent,MoveState,Moving,AllyPrefab,9.00,0.00,17.00,2.22,0.00,2.22,2.67,0.00,2.67,AStar
484,1.60,AllyPrefab,Ally,AllyIdleState,Idling,AgentPrefab,2.22,0.00,2.22,9.00,0.00,17.00,9.00,0.00,17.00,N/A
484,1.60,AgentPrefab,Agent,MoveState,Moving,AllyPrefab,9.00,0.00,17.00,2.22,0.00,2.22,2.67,0.00,2.67,AStar
485,1.61,AllyPrefab,Ally,AllyIdleState,Idling,AgentPrefab,2.23,0.00,2.23,9.00,0.00,17.00,9.00,0.00,17.00,N/A
485,1.61,AgentPrefab,Agent,MoveState,Moving,AllyPrefab,9.00,0.00,17.00,2.23,0.00,2.23,2.67,0.00,2.67,AStar
486,1.61,AllyPrefab,Ally,AllyIdleState,Idling,AgentPrefab,2.23,0.00,2.23,9.00,0.00,17.00,9.00,0.00,17.00,N/A
486,1.61,AgentPrefab,Agent,MoveState,Moving,AllyPrefab,9.00,0.00,17.00,2.23,0.00,2.23,2.67,0.00,2.67,AStar
487,1.61,AllyPrefab,Ally,AllyIdleState,Idling,AgentPrefab,2.24,0.00,2.24,9.00,0.00,17.00,9.00,0.00,17.00,N/A
487,1.61,AgentPrefab,Agent,MoveState,Moving,AllyPrefab,9.00,0.00,17.00,2.24,0.00,2.24,2.67,0.00,2.67,AStar
488,1.61,AllyPrefab,Ally,AllyIdleState,Idling,AgentPrefab,2.24,0.00,2.24,9.00,0.00,17.00,9.00,0.00,17.00,N/A
488,1.61,AgentPrefab,Agent,MoveState,Moving,AllyPrefab,9.00,0.00,17.00,2.24,0.00,2.24,2.67,0.00,2.67,AStar
489,1.62,AllyPrefab,Ally,AllyIdleState,Idling,AgentPrefab,2.25,0.00,2.25,9.00,0.00,17.00,9.00,0.00,17.00,N/A
489,1.62,AgentPrefab,Agent,MoveState,Moving,AllyPrefab,9.00,0.00,17.00,2.25,0.00,2.25,2.67,0.00,2.67,AStar
490,1.62,AllyPrefab,Ally,AllyIdleState,Idling,AgentPrefab,2.25,0.00,2.25,9.00,0.00,17.00,9.00,0.00,17.00,N/A
490,1.62,AgentPrefab,Agent,MoveState,Moving,AllyPrefab,9.00,0.00,17.00,2.25,0.00,2.25,2.67,0.00,2.67,AStar
491,1.62,AllyPrefab,Ally,AllyIdleState,Idling,AgentPrefab,2.25,0.00,2.25,9.00,0.00,17.00,9.00,0.00,17.00,N/A
491,1.62,AgentPrefab,Agent,MoveState,Moving,AllyPrefab,9.00,0.00,17.00,2.25,0.00,2.25,2.67,0.00,2.67,AStar
492,1.63,AllyPrefab,Ally,AllyIdleState,Idling,AgentPrefab,2.26,0.00,2.26,9.00,0.00,17.00,9.00,0.00,17.00,N/A
492,1.63,AgentPrefab,Agent,MoveState,Moving,AllyPrefab,9.00,0.00,17.00,2.26,0.00,2.26,2.67,0.00,2.67,AStar
493,1.63,AllyPrefab,Ally,AllyIdleState,Idling,AgentPrefab,2.26,0.00,2.26,9.00,0.00,17.00,9.00,0.00,17.00,N/A
493,1.63,AgentPrefab,Agent,MoveState,Moving,AllyPrefab,9.00,0.00,17.00,2.26,0.00,2.26,2.67,0.00,2.67,AStar
494,1.63,AllyPrefab,Ally,AllyIdleState,Idling,AgentPrefab,2.27,0.00,2.27,9.00,0.00,17.00,9.00,0.00,17.00,N/A
494,1.63,AgentPrefab,Agent,MoveState,Moving,AllyPrefab,9.00,0.00,17.00,2.27,0.00,2.27,2.67,0.00,2.67,AStar
495,1.64,AllyPrefab,Ally,AllyIdleState,Idling,AgentPrefab,2.27,0.00,2.27,9.00,0.00,17.00,9.00,0.00,17.00,N/A
495,1.64,AgentPrefab,Agent,MoveState,Moving,AllyPrefab,9.00,0.00,17.00,2.27,0.00,2.27,2.67,0.00,2.67,AStar
496,1.64,AllyPrefab,Ally,AllyIdleState,Idling,AgentPrefab,2.28,0.00,2.28,9.00,0.00,17.00,9.00,0.00,17.00,N/A
496,1.64,AgentPrefab,Agent,MoveState,Moving,AllyPrefab,9.00,0.00,17.00,2.28,0.00,2.28,2.67,0.00,2.67,AStar
497,1.64,AllyPrefab,Ally,AllyIdleState,Idling,AgentPrefab,2.28,0.00,2.28,9.00,0.00,17.00,9.00,0.00,17.00,N/A
497,1.64,AgentPrefab,Agent,MoveState,Moving,AllyPrefab,9.00,0.00,17.00,2.28,0.00,2.28,2.67,0.00,2.67,AStar
498,1.65,AllyPrefab,Ally,AllyIdleState,Idling,AgentPrefab,2.28,0.00,2.28,9.00,0.00,17.00,9.00,0.00,17.00,N/A
498,1.65,AgentPrefab,Agent,MoveState,Moving,AllyPrefab,9.00,0.00,17.00,2.28,0.00,2.28,2.67,0.00,2.67,AStar
499,1.65,AllyPrefab,Ally,AllyIdleState,Idling,AgentPrefab,2.29,0.00,2.29,9.00,0.00,17.00,9.00,0.00,17.00,N/A
499,1.65,AgentPrefab,Agent,MoveState,Moving,AllyPrefab,9.00,0.00,17.00,2.29,0.00,2.29,2.67,0.00,2.67,AStar
500,1.65,AllyPrefab,Ally,AllyIdleState,Idling,AgentPrefab,2.29,0.00,2.29,9.00,0.00,17.00,9.00,0.00,17.00,N/A
500,1.65,AgentPrefab,Agent,MoveState,Moving,AllyPrefab,9.00,0.00,17.00,2.29,0.00,2.29,2.67,0.00,2.67,AStar
501,1.65,AllyPrefab,Ally,AllyIdleState,Idling,AgentPrefab,2.30,0.00,2.30,9.00,0.00,17.00,9.00,0.00,17.00,N/A
501,1.65,AgentPrefab,Agent,MoveState,Moving,AllyPrefab,9.00,0.00,17.00,2.30,0.00,2.30,2.67,0.00,2.67,AStar
502,1.66,AllyPrefab,Ally,AllyIdleState,Idling,AgentPrefab,2.30,0.00,2.30,9.00,0.00,17.00,9.00,0.00,17.00,N/A
502,1.66,AgentPrefab,Agent,MoveState,Moving,AllyPrefab,9.00,0.00,17.00,2.30,0.00,2.30,2.67,0.00,2.67,AStar
503,1.66,AllyPrefab,Ally,AllyIdleState,Idling,AgentPrefab,2.30,0.00,2.30,9.00,0.00,17.00,9.00,0.00,17.00,N/A
503,1.66,AgentPrefab,Agent,MoveState,Moving,AllyPrefab,9.00,0.00,17.00,2.30,0.00,2.30,2.67,0.00,2.67,AStar
504,1.66,AllyPrefab,Ally,AllyIdleState,Idling,AgentPrefab,2.31,0.00,2.31,9.00,0.00,17.00,9.00,0.00,17.00,N/A
504,1.66,AgentPrefab,Agent,MoveState,Moving,AllyPrefab,9.00,0.00,17.00,2.31,0.00,2.31,2.67,0.00,2.67,AStar
505,1.67,AllyPrefab,Ally,AllyIdleState,Idling,AgentPrefab,2.31,0.00,2.31,9.00,0.00,17.00,9.00,0.00,17.00,N/A
505,1.67,AgentPrefab,Agent,MoveState,Moving,AllyPrefab,9.00,0.00,17.00,2.31,0.00,2.31,2.67,0.00,2.67,AStar
506,1.67,AllyPrefab,Ally,AllyIdleState,Idling,AgentPrefab,2.32,0.00,2.32,9.00,0.00,17.00,9.00,0.00,17.00,N/A
506,1.67,AgentPrefab,Agent,MoveState,Moving,AllyPrefab,9.00,0.00,17.00,2.32,0.00,2.32,2.67,0.00,2.67,AStar
507,1.67,AllyPrefab,Ally,AllyIdleState,Idling,AgentPrefab,2.32,0.00,2.32,9.00,0.00,17.00,9.00,0.00,17.00,N/A
507,1.67,AgentPrefab,Agent,MoveState,Moving,AllyPrefab,9.00,0.00,17.00,2.32,0.00,2.32,2.67,0.00,2.67,AStar
508,1.68,AllyPrefab,Ally,AllyIdleState,Idling,AgentPrefab,2.33,0.00,2.33,9.00,0.00,17.00,9.00,0.00,17.00,N/A
508,1.68,AgentPrefab,Agent,MoveState,Moving,AllyPrefab,9.00,0.00,17.00,2.33,0.00,2.33,2.67,0.00,2.67,AStar
509,1.68,AllyPrefab,Ally,AllyIdleState,Idling,AgentPrefab,2.33,0.00,2.33,9.00,0.00,17.00,9.00,0.00,17.00,N/A
509,1.68,AgentPrefab,Agent,MoveState,Moving,AllyPrefab,9.00,0.00,17.00,2.33,0.00,2.33,2.67,0.00,2.67,AStar
510,1.68,AllyPrefab,Ally,AllyIdleState,Idling,AgentPrefab,2.34,0.00,2.34,9.00,0.00,17.00,9.00,0.00,17.00,N/A
510,1.68,AgentPrefab,Agent,MoveState,Moving,AllyPrefab,9.00,0.00,17.00,2.34,0.00,2.34,2.67,0.00,2.67,AStar
511,1.69,AllyPrefab,Ally,AllyIdleState,Idling,AgentPrefab,2.34,0.00,2.34,9.00,0.00,17.00,9.00,0.00,17.00,N/A
511,1.69,AgentPrefab,Agent,MoveState,Moving,AllyPrefab,9.00,0.00,17.00,2.34,0.00,2.34,2.67,0.00,2.67,AStar
512,1.69,AllyPrefab,Ally,AllyIdleState,Idling,AgentPrefab,2.34,0.00,2.34,9.00,0.00,17.00,9.00,0.00,17.00,N/A
512,1.69,AgentPrefab,Agent,MoveState,Moving,AllyPrefab,9.00,0.00,17.00,2.34,0.00,2.34,2.67,0.00,2.67,AStar
513,1.69,AllyPrefab,Ally,AllyIdleState,Idling,AgentPrefab,2.35,0.00,2.35,9.00,0.00,17.00,9.00,0.00,17.00,N/A
513,1.69,AgentPrefab,Agent,MoveState,Moving,AllyPrefab,9.00,0.00,17.00,2.35,0.00,2.35,2.67,0.00,2.67,AStar
514,1.69,AllyPrefab,Ally,AllyIdleState,Idling,AgentPrefab,2.35,0.00,2.35,9.00,0.00,17.00,9.00,0.00,17.00,N/A
514,1.69,AgentPrefab,Agent,MoveState,Moving,AllyPrefab,9.00,0.00,17.00,2.35,0.00,2.35,2.67,0.00,2.67,AStar
515,1.70,AllyPrefab,Ally,AllyIdleState,Idling,AgentPrefab,2.36,0.00,2.36,9.00,0.00,17.00,9.00,0.00,17.00,N/A
515,1.70,AgentPrefab,Agent,MoveState,Moving,AllyPrefab,9.00,0.00,17.00,2.36,0.00,2.36,2.67,0.00,2.67,AStar
516,1.70,AllyPrefab,Ally,AllyIdleState,Idling,AgentPrefab,2.36,0.00,2.36,9.00,0.00,17.00,9.00,0.00,17.00,N/A
516,1.70,AgentPrefab,Agent,MoveState,Moving,AllyPrefab,9.00,0.00,17.00,2.36,0.00,2.36,2.67,0.00,2.67,AStar
517,1.70,AllyPrefab,Ally,AllyIdleState,Idling,AgentPrefab,2.37,0.00,2.37,9.00,0.00,17.00,9.00,0.00,17.00,N/A
517,1.70,AgentPrefab,Agent,MoveState,Moving,AllyPrefab,9.00,0.00,17.00,2.37,0.00,2.37,2.67,0.00,2.67,AStar
518,1.71,AllyPrefab,Ally,AllyIdleState,Idling,AgentPrefab,2.37,0.00,2.37,9.00,0.00,17.00,9.00,0.00,17.00,N/A
518,1.71,AgentPrefab,Agent,MoveState,Moving,AllyPrefab,9.00,0.00,17.00,2.37,0.00,2.37,2.67,0.00,2.67,AStar
519,1.71,AllyPrefab,Ally,AllyIdleState,Idling,AgentPrefab,2.38,0.00,2.38,9.00,0.00,17.00,9.00,0.00,17.00,N/A
519,1.71,AgentPrefab,Agent,MoveState,Moving,AllyPrefab,9.00,0.00,17.00,2.38,0.00,2.38,2.67,0.00,2.67,AStar
520,1.71,AllyPrefab,Ally,AllyIdleState,Idling,AgentPrefab,2.38,0.00,2.38,9.00,0.00,17.00,9.00,0.00,17.00,N/A
520,1.71,AgentPrefab,Agent,MoveState,Moving,AllyPrefab,9.00,0.00,17.00,2.38,0.00,2.38,2.67,0.00,2.67,AStar
521,1.72,AllyPrefab,Ally,AllyIdleState,Idling,AgentPrefab,2.38,0.00,2.38,9.00,0.00,17.00,9.00,0.00,17.00,N/A
521,1.72,AgentPrefab,Agent,MoveState,Moving,AllyPrefab,9.00,0.00,17.00,2.38,0.00,2.38,2.67,0.00,2.67,AStar
522,1.72,AllyPrefab,Ally,AllyIdleState,Idling,AgentPrefab,2.39,0.00,2.39,9.00,0.00,17.00,9.00,0.00,17.00,N/A
522,1.72,AgentPrefab,Agent,MoveState,Moving,AllyPrefab,9.00,0.00,17.00,2.39,0.00,2.39,2.67,0.00,2.67,AStar
523,1.72,AllyPrefab,Ally,AllyIdleState,Idling,AgentPrefab,2.39,0.00,2.39,9.00,0.00,17.00,9.00,0.00,17.00,N/A
523,1.72,AgentPrefab,Agent,MoveState,Moving,AllyPrefab,9.00,0.00,17.00,2.39,0.00,2.39,2.67,0.00,2.67,AStar
524,1.73,AllyPrefab,Ally,AllyIdleState,Idling,AgentPrefab,2.40,0.00,2.40,9.00,0.00,17.00,9.00,0.00,17.00,N/A
524,1.73,AgentPrefab,Agent,MoveState,Moving,AllyPrefab,9.00,0.00,17.00,2.40,0.00,2.40,2.67,0.00,2.67,AStar
525,1.73,AllyPrefab,Ally,AllyIdleState,Idling,AgentPrefab,2.40,0.00,2.40,9.00,0.00,17.00,9.00,0.00,17.00,N/A
525,1.73,AgentPrefab,Agent,MoveState,Moving,AllyPrefab,9.00,0.00,17.00,2.40,0.00,2.40,2.67,0.00,2.67,AStar
526,1.73,AllyPrefab,Ally,AllyIdleState,Idling,AgentPrefab,2.41,0.00,2.41,9.00,0.00,17.00,9.00,0.00,17.00,N/A
526,1.73,AgentPrefab,Agent,MoveState,Moving,AllyPrefab,9.00,0.00,17.00,2.41,0.00,2.41,2.67,0.00,2.67,AStar
527,1.73,AllyPrefab,Ally,AllyIdleState,Idling,AgentPrefab,2.41,0.00,2.41,9.00,0.00,17.00,9.00,0.00,17.00,N/A
527,1.73,AgentPrefab,Agent,MoveState,Moving,AllyPrefab,9.00,0.00,17.00,2.41,0.00,2.41,2.67,0.00,2.67,AStar
528,1.74,AllyPrefab,Ally,AllyIdleState,Idling,AgentPrefab,2.41,0.00,2.41,9.00,0.00,17.00,9.00,0.00,17.00,N/A
528,1.74,AgentPrefab,Agent,MoveState,Moving,AllyPrefab,9.00,0.00,17.00,2.41,0.00,2.41,2.67,0.00,2.67,AStar
529,1.74,AllyPrefab,Ally,AllyIdleState,Idling,AgentPrefab,2.42,0.00,2.42,9.00,0.00,17.00,9.00,0.00,17.00,N/A
529,1.74,AgentPrefab,Agent,MoveState,Moving,AllyPrefab,9.00,0.00,17.00,2.42,0.00,2.42,2.67,0.00,2.67,AStar
530,1.74,AllyPrefab,Ally,AllyIdleState,Idling,AgentPrefab,2.42,0.00,2.42,9.00,0.00,17.00,9.00,0.00,17.00,N/A
530,1.74,AgentPrefab,Agent,MoveState,Moving,AllyPrefab,9.00,0.00,17.00,2.42,0.00,2.42,2.67,0.00,2.67,AStar
531,1.75,AllyPrefab,Ally,AllyIdleState,Idling,AgentPrefab,2.43,0.00,2.43,9.00,0.00,17.00,9.00,0.00,17.00,N/A
531,1.75,AgentPrefab,Agent,MoveState,Moving,AllyPrefab,9.00,0.00,17.00,2.43,0.00,2.43,2.67,0.00,2.67,AStar
532,1.75,AllyPrefab,Ally,AllyIdleState,Idling,AgentPrefab,2.43,0.00,2.43,9.00,0.00,17.00,9.00,0.00,17.00,N/A
532,1.75,AgentPrefab,Agent,MoveState,Moving,AllyPrefab,9.00,0.00,17.00,2.43,0.00,2.43,2.67,0.00,2.67,AStar
533,1.75,AllyPrefab,Ally,AllyIdleState,Idling,AgentPrefab,2.44,0.00,2.44,9.00,0.00,17.00,9.00,0.00,17.00,N/A
533,1.75,AgentPrefab,Agent,MoveState,Moving,AllyPrefab,9.00,0.00,17.00,2.44,0.00,2.44,2.67,0.00,2.67,AStar
534,1.76,AllyPrefab,Ally,AllyIdleState,Idling,AgentPrefab,2.44,0.00,2.44,9.00,0.00,17.00,9.00,0.00,17.00,N/A
534,1.76,AgentPrefab,Agent,MoveState,Moving,AllyPrefab,9.00,0.00,17.00,2.44,0.00,2.44,2.67,0.00,2.67,AStar
535,1.76,AllyPrefab,Ally,AllyIdleState,Idling,AgentPrefab,2.45,0.00,2.45,9.00,0.00,17.00,9.00,0.00,17.00,N/A
535,1.76,AgentPrefab,Agent,MoveState,Moving,AllyPrefab,9.00,0.00,17.00,2.45,0.00,2.45,2.67,0.00,2.67,AStar
536,1.76,AllyPrefab,Ally,AllyIdleState,Idling,AgentPrefab,2.45,0.00,2.45,9.00,0.00,17.00,9.00,0.00,17.00,N/A
536,1.76,AgentPrefab,Agent,MoveState,Moving,AllyPrefab,9.00,0.00,17.00,2.45,0.00,2.45,2.67,0.00,2.67,AStar
537,1.77,AllyPrefab,Ally,AllyIdleState,Idling,AgentPrefab,2.45,0.00,2.45,9.00,0.00,17.00,9.00,0.00,17.00,N/A
537,1.77,AgentPrefab,Agent,MoveState,Moving,AllyPrefab,9.00,0.00,17.00,2.45,0.00,2.45,2.67,0.00,2.67,AStar
538,1.77,AllyPrefab,Ally,AllyIdleState,Idling,AgentPrefab,2.46,0.00,2.46,9.00,0.00,17.00,9.00,0.00,17.00,N/A
538,1.77,AgentPrefab,Agent,MoveState,Moving,AllyPrefab,9.00,0.00,17.00,2.46,0.00,2.46,2.67,0.00,2.67,AStar
539,1.77,AllyPrefab,Ally,AllyIdleState,Idling,AgentPrefab,2.46,0.00,2.46,9.00,0.00,17.00,9.00,0.00,17.00,N/A
539,1.77,AgentPrefab,Agent,MoveState,Moving,AllyPrefab,9.00,0.00,17.00,2.46,0.00,2.46,2.67,0.00,2.67,AStar
540,1.77,AllyPrefab,Ally,AllyIdleState,Idling,AgentPrefab,2.47,0.00,2.47,9.00,0.00,17.00,9.00,0.00,17.00,N/A
540,1.77,AgentPrefab,Agent,MoveState,Moving,AllyPrefab,9.00,0.00,17.00,2.47,0.00,2.47,2.67,0.00,2.67,AStar
541,1.78,AllyPrefab,Ally,AllyIdleState,Idling,AgentPrefab,2.47,0.00,2.47,9.00,0.00,17.00,9.00,0.00,17.00,N/A
541,1.78,AgentPrefab,Agent,MoveState,Moving,AllyPrefab,9.00,0.00,17.00,2.47,0.00,2.47,2.67,0.00,2.67,AStar
542,1.78,AllyPrefab,Ally,AllyIdleState,Idling,AgentPrefab,2.47,0.00,2.47,9.00,0.00,17.00,9.00,0.00,17.00,N/A
542,1.78,AgentPrefab,Agent,MoveState,Moving,AllyPrefab,9.00,0.00,17.00,2.47,0.00,2.47,2.67,0.00,2.67,AStar
543,1.78,AllyPrefab,Ally,AllyIdleState,Idling,AgentPrefab,2.48,0.00,2.48,9.00,0.00,17.00,9.00,0.00,17.00,N/A
543,1.78,AgentPrefab,Agent,MoveState,Moving,AllyPrefab,9.00,0.00,17.00,2.48,0.00,2.48,2.67,0.00,2.67,AStar
544,1.79,AllyPrefab,Ally,AllyIdleState,Idling,AgentPrefab,2.48,0.00,2.48,9.00,0.00,17.00,9.00,0.00,17.00,N/A
544,1.79,AgentPrefab,Agent,MoveState,Moving,AllyPrefab,9.00,0.00,17.00,2.48,0.00,2.48,2.67,0.00,2.67,AStar
545,1.79,AllyPrefab,Ally,AllyIdleState,Idling,AgentPrefab,2.49,0.00,2.49,9.00,0.00,17.00,9.00,0.00,17.00,N/A
545,1.79,AgentPrefab,Agent,MoveState,Moving,AllyPrefab,9.00,0.00,17.00,2.49,0.00,2.49,2.67,0.00,2.67,AStar
546,1.79,AllyPrefab,Ally,AllyIdleState,Idling,AgentPrefab,2.49,0.00,2.49,9.00,0.00,17.00,9.00,0.00,17.00,N/A
546,1.79,AgentPrefab,Agent,MoveState,Moving,AllyPrefab,9.00,0.00,17.00,2.49,0.00,2.49,2.67,0.00,2.67,AStar
547,1.80,AllyPrefab,Ally,AllyIdleState,Idling,AgentPrefab,2.50,0.00,2.50,9.00,0.00,17.00,9.00,0.00,17.00,N/A
547,1.80,AgentPrefab,Agent,MoveState,Moving,AllyPrefab,9.00,0.00,17.00,2.50,0.00,2.50,2.67,0.00,2.67,AStar
548,1.80,AllyPrefab,Ally,AllyIdleState,Idling,AgentPrefab,2.50,0.00,2.50,9.00,0.00,17.00,9.00,0.00,17.00,N/A
548,1.80,AgentPrefab,Agent,MoveState,Moving,AllyPrefab,9.00,0.00,17.00,2.50,0.00,2.50,2.67,0.00,2.67,AStar
549,1.80,AllyPrefab,Ally,AllyIdleState,Idling,AgentPrefab,2.51,0.00,2.51,9.00,0.00,17.00,9.00,0.00,17.00,N/A
549,1.80,AgentPrefab,Agent,MoveState,Moving,AllyPrefab,9.00,0.00,17.00,2.51,0.00,2.51,2.67,0.00,2.67,AStar
550,1.81,AllyPrefab,Ally,AllyIdleState,Idling,AgentPrefab,2.51,0.00,2.51,9.00,0.00,17.00,9.00,0.00,17.00,N/A
550,1.81,AgentPrefab,Agent,MoveState,Moving,AllyPrefab,9.00,0.00,17.00,2.51,0.00,2.51,2.67,0.00,2.67,AStar
551,1.81,AllyPrefab,Ally,AllyIdleState,Idling,AgentPrefab,2.52,0.00,2.52,9.00,0.00,17.00,9.00,0.00,17.00,N/A
551,1.81,AgentPrefab,Agent,MoveState,Moving,AllyPrefab,9.00,0.00,17.00,2.52,0.00,2.52,2.67,0.00,2.67,AStar
552,1.81,AllyPrefab,Ally,AllyIdleState,Idling,AgentPrefab,2.52,0.00,2.52,9.00,0.00,17.00,9.00,0.00,17.00,N/A
552,1.81,AgentPrefab,Agent,MoveState,Moving,AllyPrefab,9.00,0.00,17.00,2.52,0.00,2.52,2.67,0.00,2.67,AStar
553,1.82,AllyPrefab,Ally,AllyIdleState,Idling,AgentPrefab,2.53,0.00,2.53,9.00,0.00,17.00,9.00,0.00,17.00,N/A
553,1.82,AgentPrefab,Agent,MoveState,Moving,AllyPrefab,9.00,0.00,17.00,2.53,0.00,2.53,2.67,0.00,2.67,AStar
554,1.82,AllyPrefab,Ally,AllyIdleState,Idling,AgentPrefab,2.53,0.00,2.53,9.00,0.00,17.00,9.00,0.00,17.00,N/A
554,1.82,AgentPrefab,Agent,MoveState,Moving,AllyPrefab,9.00,0.00,17.00,2.53,0.00,2.53,2.67,0.00,2.67,AStar
555,1.83,AllyPrefab,Ally,AllyIdleState,Idling,AgentPrefab,2.54,0.00,2.54,9.00,0.00,17.00,9.00,0.00,17.00,N/A
555,1.83,AgentPrefab,Agent,MoveState,Moving,AllyPrefab,9.00,0.00,17.00,2.54,0.00,2.54,2.67,0.00,2.67,AStar
556,1.83,AllyPrefab,Ally,AllyIdleState,Idling,AgentPrefab,2.54,0.00,2.54,9.00,0.00,17.00,9.00,0.00,17.00,N/A
556,1.83,AgentPrefab,Agent,MoveState,Moving,AllyPrefab,9.00,0.00,17.00,2.54,0.00,2.54,2.67,0.00,2.67,AStar
557,1.83,AllyPrefab,Ally,AllyIdleState,Idling,AgentPrefab,2.55,0.00,2.55,9.00,0.00,17.00,9.00,0.00,17.00,N/A
557,1.83,AgentPrefab,Agent,MoveState,Moving,AllyPrefab,9.00,0.00,17.00,2.55,0.00,2.55,2.67,0.00,2.67,AStar
558,1.84,AllyPrefab,Ally,AllyIdleState,Idling,AgentPrefab,2.56,0.00,2.56,9.00,0.00,17.00,9.00,0.00,17.00,N/A
558,1.84,AgentPrefab,Agent,MoveState,Moving,AllyPrefab,9.00,0.00,17.00,2.56,0.00,2.56,2.67,0.00,2.67,AStar
559,1.84,AllyPrefab,Ally,AllyIdleState,Idling,AgentPrefab,2.56,0.00,2.56,9.00,0.00,17.00,9.00,0.00,17.00,N/A
559,1.84,AgentPrefab,Agent,MoveState,Moving,AllyPrefab,9.00,0.00,17.00,2.56,0.00,2.56,2.67,0.00,2.67,AStar
560,1.84,AllyPrefab,Ally,AllyIdleState,Idling,AgentPrefab,2.57,0.00,2.57,9.00,0.00,17.00,9.00,0.00,17.00,N/A
560,1.84,AgentPrefab,Agent,MoveState,Moving,AllyPrefab,9.00,0.00,17.00,2.57,0.00,2.57,2.67,0.00,2.67,AStar
561,1.85,AllyPrefab,Ally,AllyIdleState,Idling,AgentPrefab,2.57,0.00,2.57,9.00,0.00,17.00,9.00,0.00,17.00,N/A
561,1.85,AgentPrefab,Agent,MoveState,Moving,AllyPrefab,9.00,0.00,17.00,2.57,0.00,2.57,2.67,0.00,2.67,AStar
562,1.85,AllyPrefab,Ally,AllyIdleState,Idling,AgentPrefab,2.58,0.00,2.58,9.00,0.00,17.00,9.00,0.00,17.00,N/A
562,1.85,AgentPrefab,Agent,MoveState,Moving,AllyPrefab,9.00,0.00,17.00,2.58,0.00,2.58,2.67,0.00,2.67,AStar
563,1.86,AllyPrefab,Ally,AllyIdleState,Idling,AgentPrefab,2.58,0.00,2.58,9.00,0.00,17.00,9.00,0.00,17.00,N/A
563,1.86,AgentPrefab,Agent,MoveState,Moving,AllyPrefab,9.00,0.00,17.00,2.58,0.00,2.58,2.67,0.00,2.67,AStar
564,1.86,AllyPrefab,Ally,AllyIdleState,Idling,AgentPrefab,2.59,0.00,2.59,9.00,0.00,17.00,9.00,0.00,17.00,N/A
564,1.86,AgentPrefab,Agent,MoveState,Moving,AllyPrefab,9.00,0.00,17.00,2.59,0.00,2.59,2.67,0.00,2.67,AStar
565,1.86,AllyPrefab,Ally,AllyIdleState,Idling,AgentPrefab,2.59,0.00,2.59,9.00,0.00,17.00,9.00,0.00,17.00,N/A
565,1.86,AgentPrefab,Agent,MoveState,Moving,AllyPrefab,9.00,0.00,17.00,2.59,0.00,2.59,2.67,0.00,2.67,AStar
566,1.87,AllyPrefab,Ally,AllyIdleState,Idling,AgentPrefab,2.59,0.00,2.59,9.00,0.00,17.00,9.00,0.00,17.00,N/A
566,1.87,AgentPrefab,Agent,MoveState,Moving,AllyPrefab,9.00,0.00,17.00,2.59,0.00,2.59,2.67,0.00,2.67,AStar
567,1.87,AllyPrefab,Ally,AllyIdleState,Idling,AgentPrefab,2.60,0.00,2.60,9.00,0.00,17.00,9.00,0.00,17.00,N/A
567,1.87,AgentPrefab,Agent,MoveState,Moving,AllyPrefab,9.00,0.00,17.00,2.60,0.00,2.60,2.67,0.00,2.67,AStar
568,1.87,AllyPrefab,Ally,AllyIdleState,Idling,AgentPrefab,2.61,0.00,2.61,9.00,0.00,17.00,9.00,0.00,17.00,N/A
568,1.87,AgentPrefab,Agent,MoveState,Moving,AllyPrefab,9.00,0.00,17.00,2.61,0.00,2.61,2.67,0.00,2.67,AStar
569,1.88,AllyPrefab,Ally,AllyIdleState,Idling,AgentPrefab,2.61,0.00,2.61,9.00,0.00,17.00,9.00,0.00,17.00,N/A
569,1.88,AgentPrefab,Agent,MoveState,Moving,AllyPrefab,9.00,0.00,17.00,2.61,0.00,2.61,2.67,0.00,2.67,AStar
570,1.88,AllyPrefab,Ally,AllyIdleState,Idling,AgentPrefab,2.61,0.00,2.61,9.00,0.00,17.00,9.00,0.00,17.00,N/A
570,1.88,AgentPrefab,Agent,MoveState,Moving,AllyPrefab,9.00,0.00,17.00,2.61,0.00,2.61,2.67,0.00,2.67,AStar
571,1.88,AllyPrefab,Ally,AllyIdleState,Idling,AgentPrefab,2.62,0.00,2.62,9.00,0.00,17.00,9.00,0.00,17.00,N/A
571,1.88,AgentPrefab,Agent,MoveState,Moving,AllyPrefab,9.00,0.00,17.00,2.62,0.00,2.62,2.67,0.00,2.67,AStar
572,1.89,AllyPrefab,Ally,AllyIdleState,Idling,AgentPrefab,2.62,0.00,2.62,9.00,0.00,17.00,9.00,0.00,17.00,N/A
572,1.89,AgentPrefab,Agent,MoveState,Moving,AllyPrefab,9.00,0.00,17.00,2.62,0.00,2.62,2.67,0.00,2.67,AStar
573,1.89,AllyPrefab,Ally,AllyIdleState,Idling,AgentPrefab,2.63,0.00,2.63,9.00,0.00,17.00,9.00,0.00,17.00,N/A
573,1.89,AgentPrefab,Agent,MoveState,Moving,AllyPrefab,9.00,0.00,17.00,2.63,0.00,2.63,2.67,0.00,2.67,AStar
574,1.89,AllyPrefab,Ally,AllyIdleState,Idling,AgentPrefab,2.63,0.00,2.63,9.00,0.00,17.00,9.00,0.00,17.00,N/A
574,1.89,AgentPrefab,Agent,MoveState,Moving,AllyPrefab,9.00,0.00,17.00,2.63,0.00,2.63,2.67,0.00,2.67,AStar
575,1.89,AllyPrefab,Ally,AllyIdleState,Idling,AgentPrefab,2.67,0.00,2.67,9.00,0.00,17.00,9.00,0.00,17.00,N/A
575,1.89,AgentPrefab,Agent,MoveState,Moving,AllyPrefab,9.00,0.00,17.00,2.67,0.00,2.67,3.67,0.00,3.67,AStar
576,1.90,AllyPrefab,Ally,AllyIdleState,Idling,AgentPrefab,2.67,0.00,2.67,9.00,0.00,17.00,9.00,0.00,17.00,N/A
576,1.90,AgentPrefab,Agent,MoveState,Moving,AllyPrefab,9.00,0.00,17.00,2.67,0.00,2.67,3.67,0.00,3.67,AStar
577,1.90,AllyPrefab,Ally,AllyIdleState,Idling,AgentPrefab,2.68,0.00,2.68,9.00,0.00,17.00,9.00,0.00,17.00,N/A
577,1.90,AgentPrefab,Agent,MoveState,Moving,AllyPrefab,9.00,0.00,17.00,2.68,0.00,2.68,3.67,0.00,3.67,AStar
578,1.90,AllyPrefab,Ally,AllyIdleState,Idling,AgentPrefab,2.68,0.00,2.68,9.00,0.00,17.00,9.00,0.00,17.00,N/A
578,1.90,AgentPrefab,Agent,MoveState,Moving,AllyPrefab,9.00,0.00,17.00,2.68,0.00,2.68,3.67,0.00,3.67,AStar
579,1.91,AllyPrefab,Ally,AllyIdleState,Idling,AgentPrefab,2.69,0.00,2.69,9.00,0.00,17.00,9.00,0.00,17.00,N/A
579,1.91,AgentPrefab,Agent,MoveState,Moving,AllyPrefab,9.00,0.00,17.00,2.69,0.00,2.69,3.67,0.00,3.67,AStar
580,1.91,AllyPrefab,Ally,AllyIdleState,Idling,AgentPrefab,2.69,0.00,2.69,9.00,0.00,17.00,9.00,0.00,17.00,N/A
580,1.91,AgentPrefab,Agent,MoveState,Moving,AllyPrefab,9.00,0.00,17.00,2.69,0.00,2.69,3.67,0.00,3.67,AStar
581,1.91,AllyPrefab,Ally,AllyIdleState,Idling,AgentPrefab,2.69,0.00,2.69,9.00,0.00,17.00,9.00,0.00,17.00,N/A
581,1.91,AgentPrefab,Agent,MoveState,Moving,AllyPrefab,9.00,0.00,17.00,2.69,0.00,2.69,3.67,0.00,3.67,AStar
582,1.92,AllyPrefab,Ally,AllyIdleState,Idling,AgentPrefab,2.70,0.00,2.70,9.00,0.00,17.00,9.00,0.00,17.00,N/A
582,1.92,AgentPrefab,Agent,MoveState,Moving,AllyPrefab,9.00,0.00,17.00,2.70,0.00,2.70,3.67,0.00,3.67,AStar
583,1.92,AllyPrefab,Ally,AllyIdleState,Idling,AgentPrefab,2.70,0.00,2.70,9.00,0.00,17.00,9.00,0.00,17.00,N/A
583,1.92,AgentPrefab,Agent,MoveState,Moving,AllyPrefab,9.00,0.00,17.00,2.70,0.00,2.70,3.67,0.00,3.67,AStar
584,1.92,AllyPrefab,Ally,AllyIdleState,Idling,AgentPrefab,2.71,0.00,2.71,9.00,0.00,17.00,9.00,0.00,17.00,N/A
584,1.92,AgentPrefab,Agent,MoveState,Moving,AllyPrefab,9.00,0.00,17.00,2.71,0.00,2.71,3.67,0.00,3.67,AStar
585,1.93,AllyPrefab,Ally,AllyIdleState,Idling,AgentPrefab,2.72,0.00,2.72,9.00,0.00,17.00,9.00,0.00,17.00,N/A
585,1.93,AgentPrefab,Agent,MoveState,Moving,AllyPrefab,9.00,0.00,17.00,2.72,0.00,2.72,3.67,0.00,3.67,AStar
586,1.93,AllyPrefab,Ally,AllyIdleState,Idling,AgentPrefab,2.72,0.00,2.72,9.00,0.00,17.00,9.00,0.00,17.00,N/A
586,1.93,AgentPrefab,Agent,MoveState,Moving,AllyPrefab,9.00,0.00,17.00,2.72,0.00,2.72,3.67,0.00,3.67,AStar
587,1.93,AllyPrefab,Ally,AllyIdleState,Idling,AgentPrefab,2.73,0.00,2.73,9.00,0.00,17.00,9.00,0.00,17.00,N/A
587,1.93,AgentPrefab,Agent,MoveState,Moving,AllyPrefab,9.00,0.00,17.00,2.73,0.00,2.73,3.67,0.00,3.67,AStar
588,1.94,AllyPrefab,Ally,AllyIdleState,Idling,AgentPrefab,2.73,0.00,2.73,9.00,0.00,17.00,9.00,0.00,17.00,N/A
588,1.94,AgentPrefab,Agent,MoveState,Moving,AllyPrefab,9.00,0.00,17.00,2.73,0.00,2.73,3.67,0.00,3.67,AStar
589,1.94,AllyPrefab,Ally,AllyIdleState,Idling,AgentPrefab,2.73,0.00,2.73,9.00,0.00,17.00,9.00,0.00,17.00,N/A
589,1.94,AgentPrefab,Agent,MoveState,Moving,AllyPrefab,9.00,0.00,17.00,2.73,0.00,2.73,3.67,0.00,3.67,AStar
590,1.94,AllyPrefab,Ally,AllyIdleState,Idling,AgentPrefab,2.74,0.00,2.74,9.00,0.00,17.00,9.00,0.00,17.00,N/A
590,1.94,AgentPrefab,Agent,MoveState,Moving,AllyPrefab,9.00,0.00,17.00,2.74,0.00,2.74,3.67,0.00,3.67,AStar
591,1.94,AllyPrefab,Ally,AllyIdleState,Idling,AgentPrefab,2.74,0.00,2.74,9.00,0.00,17.00,9.00,0.00,17.00,N/A
591,1.94,AgentPrefab,Agent,MoveState,Moving,AllyPrefab,9.00,0.00,17.00,2.74,0.00,2.74,3.67,0.00,3.67,AStar
592,1.95,AllyPrefab,Ally,AllyIdleState,Idling,AgentPrefab,2.75,0.00,2.75,9.00,0.00,17.00,9.00,0.00,17.00,N/A
592,1.95,AgentPrefab,Agent,MoveState,Moving,AllyPrefab,9.00,0.00,17.00,2.75,0.00,2.75,3.67,0.00,3.67,AStar
593,1.95,AllyPrefab,Ally,AllyIdleState,Idling,AgentPrefab,2.75,0.00,2.75,9.00,0.00,17.00,9.00,0.00,17.00,N/A
593,1.95,AgentPrefab,Agent,MoveState,Moving,AllyPrefab,9.00,0.00,17.00,2.75,0.00,2.75,3.67,0.00,3.67,AStar
594,1.95,AllyPrefab,Ally,AllyIdleState,Idling,AgentPrefab,2.76,0.00,2.76,9.00,0.00,17.00,9.00,0.00,17.00,N/A
594,1.95,AgentPrefab,Agent,MoveState,Moving,AllyPrefab,9.00,0.00,17.00,2.76,0.00,2.76,3.67,0.00,3.67,AStar
595,1.96,AllyPrefab,Ally,AllyIdleState,Idling,AgentPrefab,2.76,0.00,2.76,9.00,0.00,17.00,9.00,0.00,17.00,N/A
595,1.96,AgentPrefab,Agent,MoveState,Moving,AllyPrefab,9.00,0.00,17.00,2.76,0.00,2.76,3.67,0.00,3.67,AStar
596,1.96,AllyPrefab,Ally,AllyIdleState,Idling,AgentPrefab,2.76,0.00,2.76,9.00,0.00,17.00,9.00,0.00,17.00,N/A
596,1.96,AgentPrefab,Agent,MoveState,Moving,AllyPrefab,9.00,0.00,17.00,2.76,0.00,2.76,3.67,0.00,3.67,AStar
597,1.96,AllyPrefab,Ally,AllyIdleState,Idling,AgentPrefab,2.77,0.00,2.77,9.00,0.00,17.00,9.00,0.00,17.00,N/A
597,1.96,AgentPrefab,Agent,MoveState,Moving,AllyPrefab,9.00,0.00,17.00,2.77,0.00,2.77,3.67,0.00,3.67,AStar
598,1.97,AllyPrefab,Ally,AllyIdleState,Idling,AgentPrefab,2.77,0.00,2.77,9.00,0.00,17.00,9.00,0.00,17.00,N/A
598,1.97,AgentPrefab,Agent,MoveState,Moving,AllyPrefab,9.00,0.00,17.00,2.77,0.00,2.77,3.67,0.00,3.67,AStar
599,1.97,AllyPrefab,Ally,AllyIdleState,Idling,AgentPrefab,2.78,0.00,2.78,9.00,0.00,17.00,9.00,0.00,17.00,N/A
599,1.97,AgentPrefab,Agent,MoveState,Moving,AllyPrefab,9.00,0.00,17.00,2.78,0.00,2.78,3.67,0.00,3.67,AStar
600,1.97,AllyPrefab,Ally,AllyIdleState,Idling,AgentPrefab,2.78,0.00,2.78,9.00,0.00,17.00,9.00,0.00,17.00,N/A
600,1.97,AgentPrefab,Agent,MoveState,Moving,AllyPrefab,9.00,0.00,17.00,2.78,0.00,2.78,3.67,0.00,3.67,AStar
601,1.98,AllyPrefab,Ally,AllyIdleState,Idling,AgentPrefab,2.79,0.00,2.79,9.00,0.00,17.00,9.00,0.00,17.00,N/A
601,1.98,AgentPrefab,Agent,MoveState,Moving,AllyPrefab,9.00,0.00,17.00,2.79,0.00,2.79,3.67,0.00,3.67,AStar
602,1.98,AllyPrefab,Ally,AllyIdleState,Idling,AgentPrefab,2.79,0.00,2.79,9.00,0.00,17.00,9.00,0.00,17.00,N/A
602,1.98,AgentPrefab,Agent,MoveState,Moving,AllyPrefab,9.00,0.00,17.00,2.79,0.00,2.79,3.67,0.00,3.67,AStar
603,1.99,AllyPrefab,Ally,AllyIdleState,Idling,AgentPrefab,2.80,0.00,2.80,9.00,0.00,17.00,9.00,0.00,17.00,N/A
603,1.99,AgentPrefab,Agent,MoveState,Moving,AllyPrefab,9.00,0.00,17.00,2.80,0.00,2.80,3.67,0.00,3.67,AStar
604,1.99,AllyPrefab,Ally,AllyIdleState,Idling,AgentPrefab,2.80,0.00,2.80,9.00,0.00,17.00,9.00,0.00,17.00,N/A
604,1.99,AgentPrefab,Agent,MoveState,Moving,AllyPrefab,9.00,0.00,17.00,2.80,0.00,2.80,3.67,0.00,3.67,AStar
605,1.99,AllyPrefab,Ally,AllyIdleState,Idling,AgentPrefab,2.81,0.00,2.81,9.00,0.00,17.00,9.00,0.00,17.00,N/A
605,1.99,AgentPrefab,Agent,MoveState,Moving,AllyPrefab,9.00,0.00,17.00,2.81,0.00,2.81,3.67,0.00,3.67,AStar
606,1.99,AllyPrefab,Ally,AllyIdleState,Idling,AgentPrefab,2.81,0.00,2.81,9.00,0.00,17.00,9.00,0.00,17.00,N/A
606,1.99,AgentPrefab,Agent,MoveState,Moving,AllyPrefab,9.00,0.00,17.00,2.81,0.00,2.81,3.67,0.00,3.67,AStar
607,2.00,AllyPrefab,Ally,AllyIdleState,Idling,AgentPrefab,2.82,0.00,2.82,9.00,0.00,17.00,9.00,0.00,17.00,N/A
607,2.00,AgentPrefab,Agent,MoveState,Moving,AllyPrefab,9.00,0.00,17.00,2.82,0.00,2.82,3.67,0.00,3.67,AStar
608,2.00,AllyPrefab,Ally,AllyIdleState,Idling,AgentPrefab,2.82,0.00,2.82,9.00,0.00,17.00,9.00,0.00,17.00,N/A
608,2.00,AgentPrefab,Agent,MoveState,Moving,AllyPrefab,9.00,0.00,17.00,2.82,0.00,2.82,3.67,0.00,3.67,AStar
609,2.00,AllyPrefab,Ally,AllyIdleState,Idling,AgentPrefab,2.83,0.00,2.83,9.00,0.00,17.00,9.00,0.00,17.00,N/A
609,2.00,AgentPrefab,Agent,MoveState,Moving,AllyPrefab,9.00,0.00,17.00,2.83,0.00,2.83,3.67,0.00,3.67,AStar
610,2.01,AllyPrefab,Ally,AllyIdleState,Idling,AgentPrefab,2.83,0.00,2.83,9.00,0.00,17.00,9.00,0.00,17.00,N/A
610,2.01,AgentPrefab,Agent,MoveState,Moving,AllyPrefab,9.00,0.00,17.00,2.83,0.00,2.83,3.67,0.00,3.67,AStar
611,2.01,AllyPrefab,Ally,AllyIdleState,Idling,AgentPrefab,2.84,0.00,2.84,9.00,0.00,17.00,9.00,0.00,17.00,N/A
611,2.01,AgentPrefab,Agent,MoveState,Moving,AllyPrefab,9.00,0.00,17.00,2.84,0.00,2.84,3.67,0.00,3.67,AStar
612,2.01,AllyPrefab,Ally,AllyIdleState,Idling,AgentPrefab,2.84,0.00,2.84,9.00,0.00,17.00,9.00,0.00,17.00,N/A
612,2.01,AgentPrefab,Agent,MoveState,Moving,AllyPrefab,9.00,0.00,17.00,2.84,0.00,2.84,3.67,0.00,3.67,AStar
613,2.02,AllyPrefab,Ally,AllyIdleState,Idling,AgentPrefab,2.84,0.00,2.84,9.00,0.00,17.00,9.00,0.00,17.00,N/A
613,2.02,AgentPrefab,Agent,MoveState,Moving,AllyPrefab,9.00,0.00,17.00,2.84,0.00,2.84,3.67,0.00,3.67,AStar
614,2.02,AllyPrefab,Ally,AllyIdleState,Idling,AgentPrefab,2.85,0.00,2.85,9.00,0.00,17.00,9.00,0.00,17.00,N/A
614,2.02,AgentPrefab,Agent,MoveState,Moving,AllyPrefab,9.00,0.00,17.00,2.85,0.00,2.85,3.67,0.00,3.67,AStar
615,2.02,AllyPrefab,Ally,AllyIdleState,Idling,AgentPrefab,2.85,0.00,2.85,9.00,0.00,17.00,9.00,0.00,17.00,N/A
615,2.02,AgentPrefab,Agent,MoveState,Moving,AllyPrefab,9.00,0.00,17.00,2.85,0.00,2.85,3.67,0.00,3.67,AStar
616,2.03,AllyPrefab,Ally,AllyIdleState,Idling,AgentPrefab,2.86,0.00,2.86,9.00,0.00,17.00,9.00,0.00,17.00,N/A
616,2.03,AgentPrefab,Agent,MoveState,Moving,AllyPrefab,9.00,0.00,17.00,2.86,0.00,2.86,3.67,0.00,3.67,AStar
617,2.03,AllyPrefab,Ally,AllyIdleState,Idling,AgentPrefab,2.86,0.00,2.86,9.00,0.00,17.00,9.00,0.00,17.00,N/A
617,2.03,AgentPrefab,Agent,MoveState,Moving,AllyPrefab,9.00,0.00,17.00,2.86,0.00,2.86,3.67,0.00,3.67,AStar
618,2.03,AllyPrefab,Ally,AllyIdleState,Idling,AgentPrefab,2.87,0.00,2.87,9.00,0.00,17.00,9.00,0.00,17.00,N/A
618,2.03,AgentPrefab,Agent,MoveState,Moving,AllyPrefab,9.00,0.00,17.00,2.87,0.00,2.87,3.67,0.00,3.67,AStar
619,2.04,AllyPrefab,Ally,AllyIdleState,Idling,AgentPrefab,2.87,0.00,2.87,9.00,0.00,17.00,9.00,0.00,17.00,N/A
619,2.04,AgentPrefab,Agent,MoveState,Moving,AllyPrefab,9.00,0.00,17.00,2.87,0.00,2.87,3.67,0.00,3.67,AStar
620,2.04,AllyPrefab,Ally,AllyIdleState,Idling,AgentPrefab,2.88,0.00,2.88,9.00,0.00,17.00,9.00,0.00,17.00,N/A
620,2.04,AgentPrefab,Agent,MoveState,Moving,AllyPrefab,9.00,0.00,17.00,2.88,0.00,2.88,3.67,0.00,3.67,AStar
621,2.04,AllyPrefab,Ally,AllyIdleState,Idling,AgentPrefab,2.88,0.00,2.88,9.00,0.00,17.00,9.00,0.00,17.00,N/A
621,2.04,AgentPrefab,Agent,MoveState,Moving,AllyPrefab,9.00,0.00,17.00,2.88,0.00,2.88,3.67,0.00,3.67,AStar
622,2.04,AllyPrefab,Ally,AllyIdleState,Idling,AgentPrefab,2.88,0.00,2.88,9.00,0.00,17.00,9.00,0.00,17.00,N/A
622,2.04,AgentPrefab,Agent,MoveState,Moving,AllyPrefab,9.00,0.00,17.00,2.88,0.00,2.88,3.67,0.00,3.67,AStar
623,2.05,AllyPrefab,Ally,AllyIdleState,Idling,AgentPrefab,2.89,0.00,2.89,9.00,0.00,17.00,9.00,0.00,17.00,N/A
623,2.05,AgentPrefab,Agent,MoveState,Moving,AllyPrefab,9.00,0.00,17.00,2.89,0.00,2.89,3.67,0.00,3.67,AStar
624,2.05,AllyPrefab,Ally,AllyIdleState,Idling,AgentPrefab,2.89,0.00,2.89,9.00,0.00,17.00,9.00,0.00,17.00,N/A
624,2.05,AgentPrefab,Agent,MoveState,Moving,AllyPrefab,9.00,0.00,17.00,2.89,0.00,2.89,3.67,0.00,3.67,AStar
625,2.05,AllyPrefab,Ally,AllyIdleState,Idling,AgentPrefab,2.90,0.00,2.90,9.00,0.00,17.00,9.00,0.00,17.00,N/A
625,2.05,AgentPrefab,Agent,MoveState,Moving,AllyPrefab,9.00,0.00,17.00,2.90,0.00,2.90,3.67,0.00,3.67,AStar
626,2.06,AllyPrefab,Ally,AllyIdleState,Idling,AgentPrefab,2.90,0.00,2.90,9.00,0.00,17.00,9.00,0.00,17.00,N/A
626,2.06,AgentPrefab,Agent,MoveState,Moving,AllyPrefab,9.00,0.00,17.00,2.90,0.00,2.90,3.67,0.00,3.67,AStar
627,2.06,AllyPrefab,Ally,AllyIdleState,Idling,AgentPrefab,2.91,0.00,2.91,9.00,0.00,17.00,9.00,0.00,17.00,N/A
627,2.06,AgentPrefab,Agent,MoveState,Moving,AllyPrefab,9.00,0.00,17.00,2.91,0.00,2.91,3.67,0.00,3.67,AStar
628,2.06,AllyPrefab,Ally,AllyIdleState,Idling,AgentPrefab,2.91,0.00,2.91,9.00,0.00,17.00,9.00,0.00,17.00,N/A
628,2.06,AgentPrefab,Agent,MoveState,Moving,AllyPrefab,9.00,0.00,17.00,2.91,0.00,2.91,3.67,0.00,3.67,AStar
629,2.07,AllyPrefab,Ally,AllyIdleState,Idling,AgentPrefab,2.91,0.00,2.91,9.00,0.00,17.00,9.00,0.00,17.00,N/A
629,2.07,AgentPrefab,Agent,MoveState,Moving,AllyPrefab,9.00,0.00,17.00,2.91,0.00,2.91,3.67,0.00,3.67,AStar
630,2.07,AllyPrefab,Ally,AllyIdleState,Idling,AgentPrefab,2.92,0.00,2.92,9.00,0.00,17.00,9.00,0.00,17.00,N/A
630,2.07,AgentPrefab,Agent,MoveState,Moving,AllyPrefab,9.00,0.00,17.00,2.92,0.00,2.92,3.67,0.00,3.67,AStar
631,2.07,AllyPrefab,Ally,AllyIdleState,Idling,AgentPrefab,2.92,0.00,2.92,9.00,0.00,17.00,9.00,0.00,17.00,N/A
631,2.07,AgentPrefab,Agent,MoveState,Moving,AllyPrefab,9.00,0.00,17.00,2.92,0.00,2.92,3.67,0.00,3.67,AStar
632,2.08,AllyPrefab,Ally,AllyIdleState,Idling,AgentPrefab,2.93,0.00,2.93,9.00,0.00,17.00,9.00,0.00,17.00,N/A
632,2.08,AgentPrefab,Agent,MoveState,Moving,AllyPrefab,9.00,0.00,17.00,2.93,0.00,2.93,3.67,0.00,3.67,AStar
633,2.08,AllyPrefab,Ally,AllyIdleState,Idling,AgentPrefab,2.93,0.00,2.93,9.00,0.00,17.00,9.00,0.00,17.00,N/A
633,2.08,AgentPrefab,Agent,MoveState,Moving,AllyPrefab,9.00,0.00,17.00,2.93,0.00,2.93,3.67,0.00,3.67,AStar
634,2.08,AllyPrefab,Ally,AllyIdleState,Idling,AgentPrefab,2.94,0.00,2.94,9.00,0.00,17.00,9.00,0.00,17.00,N/A
634,2.08,AgentPrefab,Agent,MoveState,Moving,AllyPrefab,9.00,0.00,17.00,2.94,0.00,2.94,3.67,0.00,3.67,AStar
635,2.09,AllyPrefab,Ally,AllyIdleState,Idling,AgentPrefab,2.94,0.00,2.94,9.00,0.00,17.00,9.00,0.00,17.00,N/A
635,2.09,AgentPrefab,Agent,MoveState,Moving,AllyPrefab,9.00,0.00,17.00,2.94,0.00,2.94,3.67,0.00,3.67,AStar
636,2.09,AllyPrefab,Ally,AllyIdleState,Idling,AgentPrefab,2.95,0.00,2.95,9.00,0.00,17.00,9.00,0.00,17.00,N/A
636,2.09,AgentPrefab,Agent,MoveState,Moving,AllyPrefab,9.00,0.00,17.00,2.95,0.00,2.95,3.67,0.00,3.67,AStar
637,2.09,AllyPrefab,Ally,AllyIdleState,Idling,AgentPrefab,2.95,0.00,2.95,9.00,0.00,17.00,9.00,0.00,17.00,N/A
637,2.09,AgentPrefab,Agent,MoveState,Moving,AllyPrefab,9.00,0.00,17.00,2.95,0.00,2.95,3.67,0.00,3.67,AStar
638,2.10,AllyPrefab,Ally,AllyIdleState,Idling,AgentPrefab,2.96,0.00,2.96,9.00,0.00,17.00,9.00,0.00,17.00,N/A
638,2.10,AgentPrefab,Agent,MoveState,Moving,AllyPrefab,9.00,0.00,17.00,2.96,0.00,2.96,3.67,0.00,3.67,AStar
639,2.10,AllyPrefab,Ally,AllyIdleState,Idling,AgentPrefab,2.96,0.00,2.96,9.00,0.00,17.00,9.00,0.00,17.00,N/A
639,2.10,AgentPrefab,Agent,MoveState,Moving,AllyPrefab,9.00,0.00,17.00,2.96,0.00,2.96,3.67,0.00,3.67,AStar
640,2.10,AllyPrefab,Ally,AllyIdleState,Idling,AgentPrefab,2.96,0.00,2.96,9.00,0.00,17.00,9.00,0.00,17.00,N/A
640,2.10,AgentPrefab,Agent,MoveState,Moving,AllyPrefab,9.00,0.00,17.00,2.96,0.00,2.96,3.67,0.00,3.67,AStar
641,2.10,AllyPrefab,Ally,AllyIdleState,Idling,AgentPrefab,2.97,0.00,2.97,9.00,0.00,17.00,9.00,0.00,17.00,N/A
641,2.10,AgentPrefab,Agent,MoveState,Moving,AllyPrefab,9.00,0.00,17.00,2.97,0.00,2.97,3.67,0.00,3.67,AStar
642,2.11,AllyPrefab,Ally,AllyIdleState,Idling,AgentPrefab,2.97,0.00,2.97,9.00,0.00,17.00,9.00,0.00,17.00,N/A
642,2.11,AgentPrefab,Agent,MoveState,Moving,AllyPrefab,9.00,0.00,17.00,2.97,0.00,2.97,3.67,0.00,3.67,AStar
643,2.11,AllyPrefab,Ally,AllyIdleState,Idling,AgentPrefab,2.98,0.00,2.98,9.00,0.00,17.00,9.00,0.00,17.00,N/A
643,2.11,AgentPrefab,Agent,MoveState,Moving,AllyPrefab,9.00,0.00,17.00,2.98,0.00,2.98,3.67,0.00,3.67,AStar
644,2.11,AllyPrefab,Ally,AllyIdleState,Idling,AgentPrefab,2.98,0.00,2.98,9.00,0.00,17.00,9.00,0.00,17.00,N/A
644,2.11,AgentPrefab,Agent,MoveState,Moving,AllyPrefab,9.00,0.00,17.00,2.98,0.00,2.98,3.67,0.00,3.67,AStar
645,2.12,AllyPrefab,Ally,AllyIdleState,Idling,AgentPrefab,2.99,0.00,2.99,9.00,0.00,17.00,9.00,0.00,17.00,N/A
645,2.12,AgentPrefab,Agent,MoveState,Moving,AllyPrefab,9.00,0.00,17.00,2.99,0.00,2.99,3.67,0.00,3.67,AStar
646,2.12,AllyPrefab,Ally,AllyIdleState,Idling,AgentPrefab,2.99,0.00,2.99,9.00,0.00,17.00,9.00,0.00,17.00,N/A
646,2.12,AgentPrefab,Agent,MoveState,Moving,AllyPrefab,9.00,0.00,17.00,2.99,0.00,2.99,3.67,0.00,3.67,AStar
647,2.12,AllyPrefab,Ally,AllyIdleState,Idling,AgentPrefab,3.00,0.00,3.00,9.00,0.00,17.00,9.00,0.00,17.00,N/A
647,2.12,AgentPrefab,Agent,MoveState,Moving,AllyPrefab,9.00,0.00,17.00,3.00,0.00,3.00,3.67,0.00,3.67,AStar
648,2.13,AllyPrefab,Ally,AllyIdleState,Idling,AgentPrefab,3.00,0.00,3.00,9.00,0.00,17.00,9.00,0.00,17.00,N/A
648,2.13,AgentPrefab,Agent,MoveState,Moving,AllyPrefab,9.00,0.00,17.00,3.00,0.00,3.00,3.67,0.00,3.67,AStar
649,2.13,AllyPrefab,Ally,AllyIdleState,Idling,AgentPrefab,3.00,0.00,3.00,9.00,0.00,17.00,9.00,0.00,17.00,N/A
649,2.13,AgentPrefab,Agent,MoveState,Moving,AllyPrefab,9.00,0.00,17.00,3.00,0.00,3.00,3.67,0.00,3.67,AStar
650,2.13,AllyPrefab,Ally,AllyIdleState,Idling,AgentPrefab,3.01,0.00,3.01,9.00,0.00,17.00,9.00,0.00,17.00,N/A
650,2.13,AgentPrefab,Agent,MoveState,Moving,AllyPrefab,9.00,0.00,17.00,3.01,0.00,3.01,3.67,0.00,3.67,AStar
651,2.14,AllyPrefab,Ally,AllyIdleState,Idling,AgentPrefab,3.01,0.00,3.01,9.00,0.00,17.00,9.00,0.00,17.00,N/A
651,2.14,AgentPrefab,Agent,MoveState,Moving,AllyPrefab,9.00,0.00,17.00,3.01,0.00,3.01,3.67,0.00,3.67,AStar
652,2.14,AllyPrefab,Ally,AllyIdleState,Idling,AgentPrefab,3.02,0.00,3.02,9.00,0.00,17.00,9.00,0.00,17.00,N/A
652,2.14,AgentPrefab,Agent,MoveState,Moving,AllyPrefab,9.00,0.00,17.00,3.02,0.00,3.02,3.67,0.00,3.67,AStar
653,2.14,AllyPrefab,Ally,AllyIdleState,Idling,AgentPrefab,3.02,0.00,3.02,9.00,0.00,17.00,9.00,0.00,17.00,N/A
653,2.14,AgentPrefab,Agent,MoveState,Moving,AllyPrefab,9.00,0.00,17.00,3.02,0.00,3.02,3.67,0.00,3.67,AStar
654,2.14,AllyPrefab,Ally,AllyIdleState,Idling,AgentPrefab,3.02,0.00,3.02,9.00,0.00,17.00,9.00,0.00,17.00,N/A
654,2.14,AgentPrefab,Agent,MoveState,Moving,AllyPrefab,9.00,0.00,17.00,3.02,0.00,3.02,3.67,0.00,3.67,AStar
655,2.15,AllyPrefab,Ally,AllyIdleState,Idling,AgentPrefab,3.03,0.00,3.03,9.00,0.00,17.00,9.00,0.00,17.00,N/A
655,2.15,AgentPrefab,Agent,MoveState,Moving,AllyPrefab,9.00,0.00,17.00,3.03,0.00,3.03,3.67,0.00,3.67,AStar
656,2.15,AllyPrefab,Ally,AllyIdleState,Idling,AgentPrefab,3.03,0.00,3.03,9.00,0.00,17.00,9.00,0.00,17.00,N/A
656,2.15,AgentPrefab,Agent,MoveState,Moving,AllyPrefab,9.00,0.00,17.00,3.03,0.00,3.03,3.67,0.00,3.67,AStar
657,2.15,AllyPrefab,Ally,AllyIdleState,Idling,AgentPrefab,3.04,0.00,3.04,9.00,0.00,17.00,9.00,0.00,17.00,N/A
657,2.15,AgentPrefab,Agent,MoveState,Moving,AllyPrefab,9.00,0.00,17.00,3.04,0.00,3.04,3.67,0.00,3.67,AStar
658,2.16,AllyPrefab,Ally,AllyIdleState,Idling,AgentPrefab,3.04,0.00,3.04,9.00,0.00,17.00,9.00,0.00,17.00,N/A
658,2.16,AgentPrefab,Agent,MoveState,Moving,AllyPrefab,9.00,0.00,17.00,3.04,0.00,3.04,3.67,0.00,3.67,AStar
659,2.16,AllyPrefab,Ally,AllyIdleState,Idling,AgentPrefab,3.05,0.00,3.05,9.00,0.00,17.00,9.00,0.00,17.00,N/A
659,2.16,AgentPrefab,Agent,MoveState,Moving,AllyPrefab,9.00,0.00,17.00,3.05,0.00,3.05,3.67,0.00,3.67,AStar
660,2.16,AllyPrefab,Ally,AllyIdleState,Idling,AgentPrefab,3.05,0.00,3.05,9.00,0.00,17.00,9.00,0.00,17.00,N/A
660,2.16,AgentPrefab,Agent,MoveState,Moving,AllyPrefab,9.00,0.00,17.00,3.05,0.00,3.05,3.67,0.00,3.67,AStar
661,2.17,AllyPrefab,Ally,AllyIdleState,Idling,AgentPrefab,3.05,0.00,3.05,9.00,0.00,17.00,9.00,0.00,17.00,N/A
661,2.17,AgentPrefab,Agent,MoveState,Moving,AllyPrefab,9.00,0.00,17.00,3.05,0.00,3.05,3.67,0.00,3.67,AStar
662,2.17,AllyPrefab,Ally,AllyIdleState,Idling,AgentPrefab,3.06,0.00,3.06,9.00,0.00,17.00,9.00,0.00,17.00,N/A
662,2.17,AgentPrefab,Agent,MoveState,Moving,AllyPrefab,9.00,0.00,17.00,3.06,0.00,3.06,3.67,0.00,3.67,AStar
663,2.17,AllyPrefab,Ally,AllyIdleState,Idling,AgentPrefab,3.06,0.00,3.06,9.00,0.00,17.00,9.00,0.00,17.00,N/A
663,2.17,AgentPrefab,Agent,MoveState,Moving,AllyPrefab,9.00,0.00,17.00,3.06,0.00,3.06,3.67,0.00,3.67,AStar
664,2.17,AllyPrefab,Ally,AllyIdleState,Idling,AgentPrefab,3.07,0.00,3.07,9.00,0.00,17.00,9.00,0.00,17.00,N/A
664,2.17,AgentPrefab,Agent,MoveState,Moving,AllyPrefab,9.00,0.00,17.00,3.07,0.00,3.07,3.67,0.00,3.67,AStar
665,2.18,AllyPrefab,Ally,AllyIdleState,Idling,AgentPrefab,3.07,0.00,3.07,9.00,0.00,17.00,9.00,0.00,17.00,N/A
665,2.18,AgentPrefab,Agent,MoveState,Moving,AllyPrefab,9.00,0.00,17.00,3.07,0.00,3.07,3.67,0.00,3.67,AStar
666,2.18,AllyPrefab,Ally,AllyIdleState,Idling,AgentPrefab,3.07,0.00,3.07,9.00,0.00,17.00,9.00,0.00,17.00,N/A
666,2.18,AgentPrefab,Agent,MoveState,Moving,AllyPrefab,9.00,0.00,17.00,3.07,0.00,3.07,3.67,0.00,3.67,AStar
667,2.18,AllyPrefab,Ally,AllyIdleState,Idling,AgentPrefab,3.08,0.00,3.08,9.00,0.00,17.00,9.00,0.00,17.00,N/A
667,2.18,AgentPrefab,Agent,MoveState,Moving,AllyPrefab,9.00,0.00,17.00,3.08,0.00,3.08,3.67,0.00,3.67,AStar
668,2.19,AllyPrefab,Ally,AllyIdleState,Idling,AgentPrefab,3.08,0.00,3.08,9.00,0.00,17.00,9.00,0.00,17.00,N/A
668,2.19,AgentPrefab,Agent,MoveState,Moving,AllyPrefab,9.00,0.00,17.00,3.08,0.00,3.08,3.67,0.00,3.67,AStar
669,2.19,AllyPrefab,Ally,AllyIdleState,Idling,AgentPrefab,3.09,0.00,3.09,9.00,0.00,17.00,9.00,0.00,17.00,N/A
669,2.19,AgentPrefab,Agent,MoveState,Moving,AllyPrefab,9.00,0.00,17.00,3.09,0.00,3.09,3.67,0.00,3.67,AStar
670,2.19,AllyPrefab,Ally,AllyIdleState,Idling,AgentPrefab,3.09,0.00,3.09,9.00,0.00,17.00,9.00,0.00,17.00,N/A
670,2.19,AgentPrefab,Agent,MoveState,Moving,AllyPrefab,9.00,0.00,17.00,3.09,0.00,3.09,3.67,0.00,3.67,AStar
671,2.19,AllyPrefab,Ally,AllyIdleState,Idling,AgentPrefab,3.10,0.00,3.10,9.00,0.00,17.00,9.00,0.00,17.00,N/A
671,2.19,AgentPrefab,Agent,MoveState,Moving,AllyPrefab,9.00,0.00,17.00,3.10,0.00,3.10,3.67,0.00,3.67,AStar
672,2.20,AllyPrefab,Ally,AllyIdleState,Idling,AgentPrefab,3.10,0.00,3.10,9.00,0.00,17.00,9.00,0.00,17.00,N/A
672,2.20,AgentPrefab,Agent,MoveState,Moving,AllyPrefab,9.00,0.00,17.00,3.10,0.00,3.10,3.67,0.00,3.67,AStar
673,2.20,AllyPrefab,Ally,AllyIdleState,Idling,AgentPrefab,3.11,0.00,3.11,9.00,0.00,17.00,9.00,0.00,17.00,N/A
673,2.20,AgentPrefab,Agent,MoveState,Moving,AllyPrefab,9.00,0.00,17.00,3.11,0.00,3.11,3.67,0.00,3.67,AStar
674,2.20,AllyPrefab,Ally,AllyIdleState,Idling,AgentPrefab,3.11,0.00,3.11,9.00,0.00,17.00,9.00,0.00,17.00,N/A
674,2.20,AgentPrefab,Agent,MoveState,Moving,AllyPrefab,9.00,0.00,17.00,3.11,0.00,3.11,3.67,0.00,3.67,AStar
675,2.21,AllyPrefab,Ally,AllyIdleState,Idling,AgentPrefab,3.11,0.00,3.11,9.00,0.00,17.00,9.00,0.00,17.00,N/A
675,2.21,AgentPrefab,Agent,MoveState,Moving,AllyPrefab,9.00,0.00,17.00,3.11,0.00,3.11,3.67,0.00,3.67,AStar
676,2.21,AllyPrefab,Ally,AllyIdleState,Idling,AgentPrefab,3.12,0.00,3.12,9.00,0.00,17.00,9.00,0.00,17.00,N/A
676,2.21,AgentPrefab,Agent,MoveState,Moving,AllyPrefab,9.00,0.00,17.00,3.12,0.00,3.12,3.67,0.00,3.67,AStar
677,2.21,AllyPrefab,Ally,AllyIdleState,Idling,AgentPrefab,3.12,0.00,3.12,9.00,0.00,17.00,9.00,0.00,17.00,N/A
677,2.21,AgentPrefab,Agent,MoveState,Moving,AllyPrefab,9.00,0.00,17.00,3.12,0.00,3.12,3.67,0.00,3.67,AStar
678,2.22,AllyPrefab,Ally,AllyIdleState,Idling,AgentPrefab,3.13,0.00,3.13,9.00,0.00,17.00,9.00,0.00,17.00,N/A
678,2.22,AgentPrefab,Agent,MoveState,Moving,AllyPrefab,9.00,0.00,17.00,3.13,0.00,3.13,3.67,0.00,3.67,AStar
679,2.22,AllyPrefab,Ally,AllyIdleState,Idling,AgentPrefab,3.13,0.00,3.13,9.00,0.00,17.00,9.00,0.00,17.00,N/A
679,2.22,AgentPrefab,Agent,MoveState,Moving,AllyPrefab,9.00,0.00,17.00,3.13,0.00,3.13,3.67,0.00,3.67,AStar
680,2.22,AllyPrefab,Ally,AllyIdleState,Idling,AgentPrefab,3.13,0.00,3.13,9.00,0.00,17.00,9.00,0.00,17.00,N/A
680,2.22,AgentPrefab,Agent,MoveState,Moving,AllyPrefab,9.00,0.00,17.00,3.13,0.00,3.13,3.67,0.00,3.67,AStar
681,2.22,AllyPrefab,Ally,AllyIdleState,Idling,AgentPrefab,3.14,0.00,3.14,9.00,0.00,17.00,9.00,0.00,17.00,N/A
681,2.22,AgentPrefab,Agent,MoveState,Moving,AllyPrefab,9.00,0.00,17.00,3.14,0.00,3.14,3.67,0.00,3.67,AStar
682,2.23,AllyPrefab,Ally,AllyIdleState,Idling,AgentPrefab,3.14,0.00,3.14,9.00,0.00,17.00,9.00,0.00,17.00,N/A
682,2.23,AgentPrefab,Agent,MoveState,Moving,AllyPrefab,9.00,0.00,17.00,3.14,0.00,3.14,3.67,0.00,3.67,AStar
683,2.23,AllyPrefab,Ally,AllyIdleState,Idling,AgentPrefab,3.15,0.00,3.15,9.00,0.00,17.00,9.00,0.00,17.00,N/A
683,2.23,AgentPrefab,Agent,MoveState,Moving,AllyPrefab,9.00,0.00,17.00,3.15,0.00,3.15,3.67,0.00,3.67,AStar
684,2.24,AllyPrefab,Ally,AllyIdleState,Idling,AgentPrefab,3.15,0.00,3.15,9.00,0.00,17.00,9.00,0.00,17.00,N/A
684,2.24,AgentPrefab,Agent,MoveState,Moving,AllyPrefab,9.00,0.00,17.00,3.15,0.00,3.15,3.67,0.00,3.67,AStar
685,2.24,AllyPrefab,Ally,AllyIdleState,Idling,AgentPrefab,3.16,0.00,3.16,9.00,0.00,17.00,9.00,0.00,17.00,N/A
685,2.24,AgentPrefab,Agent,MoveState,Moving,AllyPrefab,9.00,0.00,17.00,3.16,0.00,3.16,3.67,0.00,3.67,AStar
686,2.24,AllyPrefab,Ally,AllyIdleState,Idling,AgentPrefab,3.16,0.00,3.16,9.00,0.00,17.00,9.00,0.00,17.00,N/A
686,2.24,AgentPrefab,Agent,MoveState,Moving,AllyPrefab,9.00,0.00,17.00,3.16,0.00,3.16,3.67,0.00,3.67,AStar
687,2.24,AllyPrefab,Ally,AllyIdleState,Idling,AgentPrefab,3.17,0.00,3.17,9.00,0.00,17.00,9.00,0.00,17.00,N/A
687,2.24,AgentPrefab,Agent,MoveState,Moving,AllyPrefab,9.00,0.00,17.00,3.17,0.00,3.17,3.67,0.00,3.67,AStar
688,2.25,AllyPrefab,Ally,AllyIdleState,Idling,AgentPrefab,3.17,0.00,3.17,9.00,0.00,17.00,9.00,0.00,17.00,N/A
688,2.25,AgentPrefab,Agent,MoveState,Moving,AllyPrefab,9.00,0.00,17.00,3.17,0.00,3.17,3.67,0.00,3.67,AStar
689,2.25,AllyPrefab,Ally,AllyIdleState,Idling,AgentPrefab,3.18,0.00,3.18,9.00,0.00,17.00,9.00,0.00,17.00,N/A
689,2.25,AgentPrefab,Agent,MoveState,Moving,AllyPrefab,9.00,0.00,17.00,3.18,0.00,3.18,3.67,0.00,3.67,AStar
690,2.25,AllyPrefab,Ally,AllyIdleState,Idling,AgentPrefab,3.18,0.00,3.18,9.00,0.00,17.00,9.00,0.00,17.00,N/A
690,2.25,AgentPrefab,Agent,MoveState,Moving,AllyPrefab,9.00,0.00,17.00,3.18,0.00,3.18,3.67,0.00,3.67,AStar
691,2.26,AllyPrefab,Ally,AllyIdleState,Idling,AgentPrefab,3.18,0.00,3.18,9.00,0.00,17.00,9.00,0.00,17.00,N/A
691,2.26,AgentPrefab,Agent,MoveState,Moving,AllyPrefab,9.00,0.00,17.00,3.18,0.00,3.18,3.67,0.00,3.67,AStar
692,2.26,AllyPrefab,Ally,AllyIdleState,Idling,AgentPrefab,3.19,0.00,3.19,9.00,0.00,17.00,9.00,0.00,17.00,N/A
692,2.26,AgentPrefab,Agent,MoveState,Moving,AllyPrefab,9.00,0.00,17.00,3.19,0.00,3.19,3.67,0.00,3.67,AStar
693,2.26,AllyPrefab,Ally,AllyIdleState,Idling,AgentPrefab,3.19,0.00,3.19,9.00,0.00,17.00,9.00,0.00,17.00,N/A
693,2.26,AgentPrefab,Agent,MoveState,Moving,AllyPrefab,9.00,0.00,17.00,3.19,0.00,3.19,3.67,0.00,3.67,AStar
694,2.27,AllyPrefab,Ally,AllyIdleState,Idling,AgentPrefab,3.20,0.00,3.20,9.00,0.00,17.00,9.00,0.00,17.00,N/A
694,2.27,AgentPrefab,Agent,MoveState,Moving,AllyPrefab,9.00,0.00,17.00,3.20,0.00,3.20,3.67,0.00,3.67,AStar
695,2.27,AllyPrefab,Ally,AllyIdleState,Idling,AgentPrefab,3.20,0.00,3.20,9.00,0.00,17.00,9.00,0.00,17.00,N/A
695,2.27,AgentPrefab,Agent,MoveState,Moving,AllyPrefab,9.00,0.00,17.00,3.20,0.00,3.20,3.67,0.00,3.67,AStar
696,2.27,AllyPrefab,Ally,AllyIdleState,Idling,AgentPrefab,3.21,0.00,3.21,9.00,0.00,17.00,9.00,0.00,17.00,N/A
696,2.27,AgentPrefab,Agent,MoveState,Moving,AllyPrefab,9.00,0.00,17.00,3.21,0.00,3.21,3.67,0.00,3.67,AStar
697,2.28,AllyPrefab,Ally,AllyIdleState,Idling,AgentPrefab,3.21,0.00,3.21,9.00,0.00,17.00,9.00,0.00,17.00,N/A
697,2.28,AgentPrefab,Agent,MoveState,Moving,AllyPrefab,9.00,0.00,17.00,3.21,0.00,3.21,3.67,0.00,3.67,AStar
698,2.28,AllyPrefab,Ally,AllyIdleState,Idling,AgentPrefab,3.21,0.00,3.21,9.00,0.00,17.00,9.00,0.00,17.00,N/A
698,2.28,AgentPrefab,Agent,MoveState,Moving,AllyPrefab,9.00,0.00,17.00,3.21,0.00,3.21,3.67,0.00,3.67,AStar
699,2.28,AllyPrefab,Ally,AllyIdleState,Idling,AgentPrefab,3.22,0.00,3.22,9.00,0.00,17.00,9.00,0.00,17.00,N/A
699,2.28,AgentPrefab,Agent,MoveState,Moving,AllyPrefab,9.00,0.00,17.00,3.22,0.00,3.22,3.67,0.00,3.67,AStar
700,2.28,AllyPrefab,Ally,AllyIdleState,Idling,AgentPrefab,3.22,0.00,3.22,9.00,0.00,17.00,9.00,0.00,17.00,N/A
700,2.28,AgentPrefab,Agent,MoveState,Moving,AllyPrefab,9.00,0.00,17.00,3.22,0.00,3.22,3.67,0.00,3.67,AStar
701,2.29,AllyPrefab,Ally,AllyIdleState,Idling,AgentPrefab,3.23,0.00,3.23,9.00,0.00,17.00,9.00,0.00,17.00,N/A
701,2.29,AgentPrefab,Agent,MoveState,Moving,AllyPrefab,9.00,0.00,17.00,3.23,0.00,3.23,3.67,0.00,3.67,AStar
702,2.29,AllyPrefab,Ally,AllyIdleState,Idling,AgentPrefab,3.23,0.00,3.23,9.00,0.00,17.00,9.00,0.00,17.00,N/A
702,2.29,AgentPrefab,Agent,MoveState,Moving,AllyPrefab,9.00,0.00,17.00,3.23,0.00,3.23,3.67,0.00,3.67,AStar
703,2.29,AllyPrefab,Ally,AllyIdleState,Idling,AgentPrefab,3.24,0.00,3.24,9.00,0.00,17.00,9.00,0.00,17.00,N/A
703,2.29,AgentPrefab,Agent,MoveState,Moving,AllyPrefab,9.00,0.00,17.00,3.24,0.00,3.24,3.67,0.00,3.67,AStar
704,2.30,AllyPrefab,Ally,AllyIdleState,Idling,AgentPrefab,3.24,0.00,3.24,9.00,0.00,17.00,9.00,0.00,17.00,N/A
704,2.30,AgentPrefab,Agent,MoveState,Moving,AllyPrefab,9.00,0.00,17.00,3.24,0.00,3.24,3.67,0.00,3.67,AStar
705,2.30,AllyPrefab,Ally,AllyIdleState,Idling,AgentPrefab,3.24,0.00,3.24,9.00,0.00,17.00,9.00,0.00,17.00,N/A
705,2.30,AgentPrefab,Agent,MoveState,Moving,AllyPrefab,9.00,0.00,17.00,3.24,0.00,3.24,3.67,0.00,3.67,AStar
706,2.30,AllyPrefab,Ally,AllyIdleState,Idling,AgentPrefab,3.25,0.00,3.25,9.00,0.00,17.00,9.00,0.00,17.00,N/A
706,2.30,AgentPrefab,Agent,MoveState,Moving,AllyPrefab,9.00,0.00,17.00,3.25,0.00,3.25,3.67,0.00,3.67,AStar
707,2.30,AllyPrefab,Ally,AllyIdleState,Idling,AgentPrefab,3.25,0.00,3.25,9.00,0.00,17.00,9.00,0.00,17.00,N/A
707,2.30,AgentPrefab,Agent,MoveState,Moving,AllyPrefab,9.00,0.00,17.00,3.25,0.00,3.25,3.67,0.00,3.67,AStar
708,2.31,AllyPrefab,Ally,AllyIdleState,Idling,AgentPrefab,3.26,0.00,3.26,9.00,0.00,17.00,9.00,0.00,17.00,N/A
708,2.31,AgentPrefab,Agent,MoveState,Moving,AllyPrefab,9.00,0.00,17.00,3.26,0.00,3.26,3.67,0.00,3.67,AStar
709,2.31,AllyPrefab,Ally,AllyIdleState,Idling,AgentPrefab,3.26,0.00,3.26,9.00,0.00,17.00,9.00,0.00,17.00,N/A
709,2.31,AgentPrefab,Agent,MoveState,Moving,AllyPrefab,9.00,0.00,17.00,3.26,0.00,3.26,3.67,0.00,3.67,AStar
710,2.31,AllyPrefab,Ally,AllyIdleState,Idling,AgentPrefab,3.26,0.00,3.26,9.00,0.00,17.00,9.00,0.00,17.00,N/A
710,2.31,AgentPrefab,Agent,MoveState,Moving,AllyPrefab,9.00,0.00,17.00,3.26,0.00,3.26,3.67,0.00,3.67,AStar
711,2.32,AllyPrefab,Ally,AllyIdleState,Idling,AgentPrefab,3.27,0.00,3.27,9.00,0.00,17.00,9.00,0.00,17.00,N/A
711,2.32,AgentPrefab,Agent,MoveState,Moving,AllyPrefab,9.00,0.00,17.00,3.27,0.00,3.27,3.67,0.00,3.67,AStar
712,2.32,AllyPrefab,Ally,AllyIdleState,Idling,AgentPrefab,3.27,0.00,3.27,9.00,0.00,17.00,9.00,0.00,17.00,N/A
712,2.32,AgentPrefab,Agent,MoveState,Moving,AllyPrefab,9.00,0.00,17.00,3.27,0.00,3.27,3.67,0.00,3.67,AStar
713,2.32,AllyPrefab,Ally,AllyIdleState,Idling,AgentPrefab,3.28,0.00,3.28,9.00,0.00,17.00,9.00,0.00,17.00,N/A
713,2.32,AgentPrefab,Agent,MoveState,Moving,AllyPrefab,9.00,0.00,17.00,3.28,0.00,3.28,3.67,0.00,3.67,AStar
714,2.32,AllyPrefab,Ally,AllyIdleState,Idling,AgentPrefab,3.28,0.00,3.28,9.00,0.00,17.00,9.00,0.00,17.00,N/A
714,2.32,AgentPrefab,Agent,MoveState,Moving,AllyPrefab,9.00,0.00,17.00,3.28,0.00,3.28,3.67,0.00,3.67,AStar
715,2.33,AllyPrefab,Ally,AllyIdleState,Idling,AgentPrefab,3.28,0.00,3.28,9.00,0.00,17.00,9.00,0.00,17.00,N/A
715,2.33,AgentPrefab,Agent,MoveState,Moving,AllyPrefab,9.00,0.00,17.00,3.28,0.00,3.28,3.67,0.00,3.67,AStar
716,2.33,AllyPrefab,Ally,AllyIdleState,Idling,AgentPrefab,3.29,0.00,3.29,9.00,0.00,17.00,9.00,0.00,17.00,N/A
716,2.33,AgentPrefab,Agent,MoveState,Moving,AllyPrefab,9.00,0.00,17.00,3.29,0.00,3.29,3.67,0.00,3.67,AStar
717,2.34,AllyPrefab,Ally,AllyIdleState,Idling,AgentPrefab,3.29,0.00,3.29,9.00,0.00,17.00,9.00,0.00,17.00,N/A
717,2.34,AgentPrefab,Agent,MoveState,Moving,AllyPrefab,9.00,0.00,17.00,3.29,0.00,3.29,3.67,0.00,3.67,AStar
718,2.34,AllyPrefab,Ally,AllyIdleState,Idling,AgentPrefab,3.30,0.00,3.30,9.00,0.00,17.00,9.00,0.00,17.00,N/A
718,2.34,AgentPrefab,Agent,MoveState,Moving,AllyPrefab,9.00,0.00,17.00,3.30,0.00,3.30,3.67,0.00,3.67,AStar
719,2.34,AllyPrefab,Ally,AllyIdleState,Idling,AgentPrefab,3.30,0.00,3.30,9.00,0.00,17.00,9.00,0.00,17.00,N/A
719,2.34,AgentPrefab,Agent,MoveState,Moving,AllyPrefab,9.00,0.00,17.00,3.30,0.00,3.30,3.67,0.00,3.67,AStar
720,2.34,AllyPrefab,Ally,AllyIdleState,Idling,AgentPrefab,3.31,0.00,3.31,9.00,0.00,17.00,9.00,0.00,17.00,N/A
720,2.34,AgentPrefab,Agent,MoveState,Moving,AllyPrefab,9.00,0.00,17.00,3.31,0.00,3.31,3.67,0.00,3.67,AStar
721,2.35,AllyPrefab,Ally,AllyIdleState,Idling,AgentPrefab,3.31,0.00,3.31,9.00,0.00,17.00,9.00,0.00,17.00,N/A
721,2.35,AgentPrefab,Agent,MoveState,Moving,AllyPrefab,9.00,0.00,17.00,3.31,0.00,3.31,3.67,0.00,3.67,AStar
722,2.35,AllyPrefab,Ally,AllyIdleState,Idling,AgentPrefab,3.32,0.00,3.32,9.00,0.00,17.00,9.00,0.00,17.00,N/A
722,2.35,AgentPrefab,Agent,MoveState,Moving,AllyPrefab,9.00,0.00,17.00,3.32,0.00,3.32,3.67,0.00,3.67,AStar
723,2.35,AllyPrefab,Ally,AllyIdleState,Idling,AgentPrefab,3.32,0.00,3.32,9.00,0.00,17.00,9.00,0.00,17.00,N/A
723,2.35,AgentPrefab,Agent,MoveState,Moving,AllyPrefab,9.00,0.00,17.00,3.32,0.00,3.32,3.67,0.00,3.67,AStar
724,2.36,AllyPrefab,Ally,AllyIdleState,Idling,AgentPrefab,3.32,0.00,3.32,9.00,0.00,17.00,9.00,0.00,17.00,N/A
724,2.36,AgentPrefab,Agent,MoveState,Moving,AllyPrefab,9.00,0.00,17.00,3.32,0.00,3.32,3.67,0.00,3.67,AStar
725,2.36,AllyPrefab,Ally,AllyIdleState,Idling,AgentPrefab,3.33,0.00,3.33,9.00,0.00,17.00,9.00,0.00,17.00,N/A
725,2.36,AgentPrefab,Agent,MoveState,Moving,AllyPrefab,9.00,0.00,17.00,3.33,0.00,3.33,3.67,0.00,3.67,AStar
726,2.36,AllyPrefab,Ally,AllyIdleState,Idling,AgentPrefab,3.33,0.00,3.33,9.00,0.00,17.00,9.00,0.00,17.00,N/A
726,2.36,AgentPrefab,Agent,MoveState,Moving,AllyPrefab,9.00,0.00,17.00,3.33,0.00,3.33,3.67,0.00,3.67,AStar
727,2.37,AllyPrefab,Ally,AllyIdleState,Idling,AgentPrefab,3.34,0.00,3.34,9.00,0.00,17.00,9.00,0.00,17.00,N/A
727,2.37,AgentPrefab,Agent,MoveState,Moving,AllyPrefab,9.00,0.00,17.00,3.34,0.00,3.34,3.67,0.00,3.67,AStar
728,2.37,AllyPrefab,Ally,AllyIdleState,Idling,AgentPrefab,3.34,0.00,3.34,9.00,0.00,17.00,9.00,0.00,17.00,N/A
728,2.37,AgentPrefab,Agent,MoveState,Moving,AllyPrefab,9.00,0.00,17.00,3.34,0.00,3.34,3.67,0.00,3.67,AStar
729,2.37,AllyPrefab,Ally,AllyIdleState,Idling,AgentPrefab,3.35,0.00,3.35,9.00,0.00,17.00,9.00,0.00,17.00,N/A
729,2.37,AgentPrefab,Agent,MoveState,Moving,AllyPrefab,9.00,0.00,17.00,3.35,0.00,3.35,3.67,0.00,3.67,AStar
730,2.38,AllyPrefab,Ally,AllyIdleState,Idling,AgentPrefab,3.35,0.00,3.35,9.00,0.00,17.00,9.00,0.00,17.00,N/A
730,2.38,AgentPrefab,Agent,MoveState,Moving,AllyPrefab,9.00,0.00,17.00,3.35,0.00,3.35,3.67,0.00,3.67,AStar
731,2.38,AllyPrefab,Ally,AllyIdleState,Idling,AgentPrefab,3.36,0.00,3.36,9.00,0.00,17.00,9.00,0.00,17.00,N/A
731,2.38,AgentPrefab,Agent,MoveState,Moving,AllyPrefab,9.00,0.00,17.00,3.36,0.00,3.36,3.67,0.00,3.67,AStar
732,2.38,AllyPrefab,Ally,AllyIdleState,Idling,AgentPrefab,3.36,0.00,3.36,9.00,0.00,17.00,9.00,0.00,17.00,N/A
732,2.38,AgentPrefab,Agent,MoveState,Moving,AllyPrefab,9.00,0.00,17.00,3.36,0.00,3.36,3.67,0.00,3.67,AStar
733,2.39,AllyPrefab,Ally,AllyIdleState,Idling,AgentPrefab,3.37,0.00,3.37,9.00,0.00,17.00,9.00,0.00,17.00,N/A
733,2.39,AgentPrefab,Agent,MoveState,Moving,AllyPrefab,9.00,0.00,17.00,3.37,0.00,3.37,3.67,0.00,3.67,AStar
734,2.39,AllyPrefab,Ally,AllyIdleState,Idling,AgentPrefab,3.37,0.00,3.37,9.00,0.00,17.00,9.00,0.00,17.00,N/A
734,2.39,AgentPrefab,Agent,MoveState,Moving,AllyPrefab,9.00,0.00,17.00,3.37,0.00,3.37,3.67,0.00,3.67,AStar
735,2.39,AllyPrefab,Ally,AllyIdleState,Idling,AgentPrefab,3.37,0.00,3.37,9.00,0.00,17.00,9.00,0.00,17.00,N/A
735,2.39,AgentPrefab,Agent,MoveState,Moving,AllyPrefab,9.00,0.00,17.00,3.37,0.00,3.37,3.67,0.00,3.67,AStar
736,2.39,AllyPrefab,Ally,AllyIdleState,Idling,AgentPrefab,3.38,0.00,3.38,9.00,0.00,17.00,9.00,0.00,17.00,N/A
736,2.39,AgentPrefab,Agent,MoveState,Moving,AllyPrefab,9.00,0.00,17.00,3.38,0.00,3.38,3.67,0.00,3.67,AStar
737,2.40,AllyPrefab,Ally,AllyIdleState,Idling,AgentPrefab,3.38,0.00,3.38,9.00,0.00,17.00,9.00,0.00,17.00,N/A
737,2.40,AgentPrefab,Agent,MoveState,Moving,AllyPrefab,9.00,0.00,17.00,3.38,0.00,3.38,3.67,0.00,3.67,AStar
738,2.40,AllyPrefab,Ally,AllyIdleState,Idling,AgentPrefab,3.39,0.00,3.39,9.00,0.00,17.00,9.00,0.00,17.00,N/A
738,2.40,AgentPrefab,Agent,MoveState,Moving,AllyPrefab,9.00,0.00,17.00,3.39,0.00,3.39,3.67,0.00,3.67,AStar
739,2.40,AllyPrefab,Ally,AllyIdleState,Idling,AgentPrefab,3.39,0.00,3.39,9.00,0.00,17.00,9.00,0.00,17.00,N/A
739,2.40,AgentPrefab,Agent,MoveState,Moving,AllyPrefab,9.00,0.00,17.00,3.39,0.00,3.39,3.67,0.00,3.67,AStar
740,2.41,AllyPrefab,Ally,AllyIdleState,Idling,AgentPrefab,3.39,0.00,3.39,9.00,0.00,17.00,9.00,0.00,17.00,N/A
740,2.41,AgentPrefab,Agent,MoveState,Moving,AllyPrefab,9.00,0.00,17.00,3.39,0.00,3.39,3.67,0.00,3.67,AStar
741,2.41,AllyPrefab,Ally,AllyIdleState,Idling,AgentPrefab,3.40,0.00,3.40,9.00,0.00,17.00,9.00,0.00,17.00,N/A
741,2.41,AgentPrefab,Agent,MoveState,Moving,AllyPrefab,9.00,0.00,17.00,3.40,0.00,3.40,3.67,0.00,3.67,AStar
742,2.41,AllyPrefab,Ally,AllyIdleState,Idling,AgentPrefab,3.40,0.00,3.40,9.00,0.00,17.00,9.00,0.00,17.00,N/A
742,2.41,AgentPrefab,Agent,MoveState,Moving,AllyPrefab,9.00,0.00,17.00,3.40,0.00,3.40,3.67,0.00,3.67,AStar
743,2.41,AllyPrefab,Ally,AllyIdleState,Idling,AgentPrefab,3.41,0.00,3.41,9.00,0.00,17.00,9.00,0.00,17.00,N/A
743,2.41,AgentPrefab,Agent,MoveState,Moving,AllyPrefab,9.00,0.00,17.00,3.41,0.00,3.41,3.67,0.00,3.67,AStar
744,2.42,AllyPrefab,Ally,AllyIdleState,Idling,AgentPrefab,3.41,0.00,3.41,9.00,0.00,17.00,9.00,0.00,17.00,N/A
744,2.42,AgentPrefab,Agent,MoveState,Moving,AllyPrefab,9.00,0.00,17.00,3.41,0.00,3.41,3.67,0.00,3.67,AStar
745,2.42,AllyPrefab,Ally,AllyIdleState,Idling,AgentPrefab,3.42,0.00,3.42,9.00,0.00,17.00,9.00,0.00,17.00,N/A
745,2.42,AgentPrefab,Agent,MoveState,Moving,AllyPrefab,9.00,0.00,17.00,3.42,0.00,3.42,3.67,0.00,3.67,AStar
746,2.42,AllyPrefab,Ally,AllyIdleState,Idling,AgentPrefab,3.42,0.00,3.42,9.00,0.00,17.00,9.00,0.00,17.00,N/A
746,2.42,AgentPrefab,Agent,MoveState,Moving,AllyPrefab,9.00,0.00,17.00,3.42,0.00,3.42,3.67,0.00,3.67,AStar
747,2.43,AllyPrefab,Ally,AllyIdleState,Idling,AgentPrefab,3.42,0.00,3.42,9.00,0.00,17.00,9.00,0.00,17.00,N/A
747,2.43,AgentPrefab,Agent,MoveState,Moving,AllyPrefab,9.00,0.00,17.00,3.42,0.00,3.42,3.67,0.00,3.67,AStar
748,2.43,AllyPrefab,Ally,AllyIdleState,Idling,AgentPrefab,3.43,0.00,3.43,9.00,0.00,17.00,9.00,0.00,17.00,N/A
748,2.43,AgentPrefab,Agent,MoveState,Moving,AllyPrefab,9.00,0.00,17.00,3.43,0.00,3.43,3.67,0.00,3.67,AStar
749,2.43,AllyPrefab,Ally,AllyIdleState,Idling,AgentPrefab,3.43,0.00,3.43,9.00,0.00,17.00,9.00,0.00,17.00,N/A
749,2.43,AgentPrefab,Agent,MoveState,Moving,AllyPrefab,9.00,0.00,17.00,3.43,0.00,3.43,3.67,0.00,3.67,AStar
750,2.44,AllyPrefab,Ally,AllyIdleState,Idling,AgentPrefab,3.44,0.00,3.44,9.00,0.00,17.00,9.00,0.00,17.00,N/A
750,2.44,AgentPrefab,Agent,MoveState,Moving,AllyPrefab,9.00,0.00,17.00,3.44,0.00,3.44,3.67,0.00,3.67,AStar
751,2.44,AllyPrefab,Ally,AllyIdleState,Idling,AgentPrefab,3.44,0.00,3.44,9.00,0.00,17.00,9.00,0.00,17.00,N/A
751,2.44,AgentPrefab,Agent,MoveState,Moving,AllyPrefab,9.00,0.00,17.00,3.44,0.00,3.44,3.67,0.00,3.67,AStar
752,2.44,AllyPrefab,Ally,AllyIdleState,Idling,AgentPrefab,3.45,0.00,3.45,9.00,0.00,17.00,9.00,0.00,17.00,N/A
752,2.44,AgentPrefab,Agent,MoveState,Moving,AllyPrefab,9.00,0.00,17.00,3.45,0.00,3.45,3.67,0.00,3.67,AStar
753,2.44,AllyPrefab,Ally,AllyIdleState,Idling,AgentPrefab,3.45,0.00,3.45,9.00,0.00,17.00,9.00,0.00,17.00,N/A
753,2.44,AgentPrefab,Agent,MoveState,Moving,AllyPrefab,9.00,0.00,17.00,3.45,0.00,3.45,3.67,0.00,3.67,AStar
754,2.45,AllyPrefab,Ally,AllyIdleState,Idling,AgentPrefab,3.45,0.00,3.45,9.00,0.00,17.00,9.00,0.00,17.00,N/A
754,2.45,AgentPrefab,Agent,MoveState,Moving,AllyPrefab,9.00,0.00,17.00,3.45,0.00,3.45,3.67,0.00,3.67,AStar
755,2.45,AllyPrefab,Ally,AllyIdleState,Idling,AgentPrefab,3.46,0.00,3.46,9.00,0.00,17.00,9.00,0.00,17.00,N/A
755,2.45,AgentPrefab,Agent,MoveState,Moving,AllyPrefab,9.00,0.00,17.00,3.46,0.00,3.46,3.67,0.00,3.67,AStar
756,2.46,AllyPrefab,Ally,AllyIdleState,Idling,AgentPrefab,3.46,0.00,3.46,9.00,0.00,17.00,9.00,0.00,17.00,N/A
756,2.46,AgentPrefab,Agent,MoveState,Moving,AllyPrefab,9.00,0.00,17.00,3.46,0.00,3.46,3.67,0.00,3.67,AStar
757,2.46,AllyPrefab,Ally,AllyIdleState,Idling,AgentPrefab,3.47,0.00,3.47,9.00,0.00,17.00,9.00,0.00,17.00,N/A
757,2.46,AgentPrefab,Agent,MoveState,Moving,AllyPrefab,9.00,0.00,17.00,3.47,0.00,3.47,3.67,0.00,3.67,AStar
758,2.46,AllyPrefab,Ally,AllyIdleState,Idling,AgentPrefab,3.47,0.00,3.47,9.00,0.00,17.00,9.00,0.00,17.00,N/A
758,2.46,AgentPrefab,Agent,MoveState,Moving,AllyPrefab,9.00,0.00,17.00,3.47,0.00,3.47,3.67,0.00,3.67,AStar
759,2.46,AllyPrefab,Ally,AllyIdleState,Idling,AgentPrefab,3.48,0.00,3.48,9.00,0.00,17.00,9.00,0.00,17.00,N/A
759,2.46,AgentPrefab,Agent,MoveState,Moving,AllyPrefab,9.00,0.00,17.00,3.48,0.00,3.48,3.67,0.00,3.67,AStar
760,2.47,AllyPrefab,Ally,AllyIdleState,Idling,AgentPrefab,3.48,0.00,3.48,9.00,0.00,17.00,9.00,0.00,17.00,N/A
760,2.47,AgentPrefab,Agent,MoveState,Moving,AllyPrefab,9.00,0.00,17.00,3.48,0.00,3.48,3.67,0.00,3.67,AStar
761,2.47,AllyPrefab,Ally,AllyIdleState,Idling,AgentPrefab,3.49,0.00,3.49,9.00,0.00,17.00,9.00,0.00,17.00,N/A
761,2.47,AgentPrefab,Agent,MoveState,Moving,AllyPrefab,9.00,0.00,17.00,3.49,0.00,3.49,3.67,0.00,3.67,AStar
762,2.47,AllyPrefab,Ally,AllyIdleState,Idling,AgentPrefab,3.49,0.00,3.49,9.00,0.00,17.00,9.00,0.00,17.00,N/A
762,2.47,AgentPrefab,Agent,MoveState,Moving,AllyPrefab,9.00,0.00,17.00,3.49,0.00,3.49,3.67,0.00,3.67,AStar
763,2.48,AllyPrefab,Ally,AllyIdleState,Idling,AgentPrefab,3.49,0.00,3.49,9.00,0.00,17.00,9.00,0.00,17.00,N/A
763,2.48,AgentPrefab,Agent,MoveState,Moving,AllyPrefab,9.00,0.00,17.00,3.49,0.00,3.49,3.67,0.00,3.67,AStar
764,2.48,AllyPrefab,Ally,AllyIdleState,Idling,AgentPrefab,3.50,0.00,3.50,9.00,0.00,17.00,9.00,0.00,17.00,N/A
764,2.48,AgentPrefab,Agent,MoveState,Moving,AllyPrefab,9.00,0.00,17.00,3.50,0.00,3.50,3.67,0.00,3.67,AStar
765,2.48,AllyPrefab,Ally,AllyIdleState,Idling,AgentPrefab,3.50,0.00,3.50,9.00,0.00,17.00,9.00,0.00,17.00,N/A
765,2.48,AgentPrefab,Agent,MoveState,Moving,AllyPrefab,9.00,0.00,17.00,3.50,0.00,3.50,3.67,0.00,3.67,AStar
766,2.49,AllyPrefab,Ally,AllyIdleState,Idling,AgentPrefab,3.51,0.00,3.51,9.00,0.00,17.00,9.00,0.00,17.00,N/A
766,2.49,AgentPrefab,Agent,MoveState,Moving,AllyPrefab,9.00,0.00,17.00,3.51,0.00,3.51,3.67,0.00,3.67,AStar
767,2.49,AllyPrefab,Ally,AllyIdleState,Idling,AgentPrefab,3.51,0.00,3.51,9.00,0.00,17.00,9.00,0.00,17.00,N/A
767,2.49,AgentPrefab,Agent,MoveState,Moving,AllyPrefab,9.00,0.00,17.00,3.51,0.00,3.51,3.67,0.00,3.67,AStar
768,2.49,AllyPrefab,Ally,AllyIdleState,Idling,AgentPrefab,3.51,0.00,3.51,9.00,0.00,17.00,9.00,0.00,17.00,N/A
768,2.49,AgentPrefab,Agent,MoveState,Moving,AllyPrefab,9.00,0.00,17.00,3.51,0.00,3.51,3.67,0.00,3.67,AStar
769,2.49,AllyPrefab,Ally,AllyIdleState,Idling,AgentPrefab,3.52,0.00,3.52,9.00,0.00,17.00,9.00,0.00,17.00,N/A
769,2.49,AgentPrefab,Agent,MoveState,Moving,AllyPrefab,9.00,0.00,17.00,3.52,0.00,3.52,3.67,0.00,3.67,AStar
770,2.50,AllyPrefab,Ally,AllyIdleState,Idling,AgentPrefab,3.52,0.00,3.52,9.00,0.00,17.00,9.00,0.00,17.00,N/A
770,2.50,AgentPrefab,Agent,MoveState,Moving,AllyPrefab,9.00,0.00,17.00,3.52,0.00,3.52,3.67,0.00,3.67,AStar
771,2.50,AllyPrefab,Ally,AllyIdleState,Idling,AgentPrefab,3.53,0.00,3.53,9.00,0.00,17.00,9.00,0.00,17.00,N/A
771,2.50,AgentPrefab,Agent,MoveState,Moving,AllyPrefab,9.00,0.00,17.00,3.53,0.00,3.53,3.67,0.00,3.67,AStar
772,2.50,AllyPrefab,Ally,AllyIdleState,Idling,AgentPrefab,3.53,0.00,3.53,9.00,0.00,17.00,9.00,0.00,17.00,N/A
772,2.50,AgentPrefab,Agent,MoveState,Moving,AllyPrefab,9.00,0.00,17.00,3.53,0.00,3.53,3.67,0.00,3.67,AStar
773,2.51,AllyPrefab,Ally,AllyIdleState,Idling,AgentPrefab,3.54,0.00,3.54,9.00,0.00,17.00,9.00,0.00,17.00,N/A
773,2.51,AgentPrefab,Agent,MoveState,Moving,AllyPrefab,9.00,0.00,17.00,3.54,0.00,3.54,3.67,0.00,3.67,AStar
774,2.51,AllyPrefab,Ally,AllyIdleState,Idling,AgentPrefab,3.54,0.00,3.54,9.00,0.00,17.00,9.00,0.00,17.00,N/A
774,2.51,AgentPrefab,Agent,MoveState,Moving,AllyPrefab,9.00,0.00,17.00,3.54,0.00,3.54,3.67,0.00,3.67,AStar
775,2.51,AllyPrefab,Ally,AllyIdleState,Idling,AgentPrefab,3.55,0.00,3.55,9.00,0.00,17.00,9.00,0.00,17.00,N/A
775,2.51,AgentPrefab,Agent,MoveState,Moving,AllyPrefab,9.00,0.00,17.00,3.55,0.00,3.55,3.67,0.00,3.67,AStar
776,2.52,AllyPrefab,Ally,AllyIdleState,Idling,AgentPrefab,3.55,0.00,3.55,9.00,0.00,17.00,9.00,0.00,17.00,N/A
776,2.52,AgentPrefab,Agent,MoveState,Moving,AllyPrefab,9.00,0.00,17.00,3.55,0.00,3.55,3.67,0.00,3.67,AStar
777,2.52,AllyPrefab,Ally,AllyIdleState,Idling,AgentPrefab,3.56,0.00,3.56,9.00,0.00,17.00,9.00,0.00,17.00,N/A
777,2.52,AgentPrefab,Agent,MoveState,Moving,AllyPrefab,9.00,0.00,17.00,3.56,0.00,3.56,3.67,0.00,3.67,AStar
778,2.52,AllyPrefab,Ally,AllyIdleState,Idling,AgentPrefab,3.56,0.00,3.56,9.00,0.00,17.00,9.00,0.00,17.00,N/A
778,2.52,AgentPrefab,Agent,MoveState,Moving,AllyPrefab,9.00,0.00,17.00,3.56,0.00,3.56,3.67,0.00,3.67,AStar
779,2.53,AllyPrefab,Ally,AllyIdleState,Idling,AgentPrefab,3.56,0.00,3.56,9.00,0.00,17.00,9.00,0.00,17.00,N/A
779,2.53,AgentPrefab,Agent,MoveState,Moving,AllyPrefab,9.00,0.00,17.00,3.56,0.00,3.56,3.67,0.00,3.67,AStar
780,2.53,AllyPrefab,Ally,AllyIdleState,Idling,AgentPrefab,3.57,0.00,3.57,9.00,0.00,17.00,9.00,0.00,17.00,N/A
780,2.53,AgentPrefab,Agent,MoveState,Moving,AllyPrefab,9.00,0.00,17.00,3.57,0.00,3.57,3.67,0.00,3.67,AStar
781,2.53,AllyPrefab,Ally,AllyIdleState,Idling,AgentPrefab,3.57,0.00,3.57,9.00,0.00,17.00,9.00,0.00,17.00,N/A
781,2.53,AgentPrefab,Agent,MoveState,Moving,AllyPrefab,9.00,0.00,17.00,3.57,0.00,3.57,3.67,0.00,3.67,AStar
782,2.53,AllyPrefab,Ally,AllyIdleState,Idling,AgentPrefab,3.58,0.00,3.58,9.00,0.00,17.00,9.00,0.00,17.00,N/A
782,2.53,AgentPrefab,Agent,MoveState,Moving,AllyPrefab,9.00,0.00,17.00,3.58,0.00,3.58,3.67,0.00,3.67,AStar
783,2.54,AllyPrefab,Ally,AllyIdleState,Idling,AgentPrefab,3.58,0.00,3.58,9.00,0.00,17.00,9.00,0.00,17.00,N/A
783,2.54,AgentPrefab,Agent,MoveState,Moving,AllyPrefab,9.00,0.00,17.00,3.58,0.00,3.58,3.67,0.00,3.67,AStar
784,2.54,AllyPrefab,Ally,AllyIdleState,Idling,AgentPrefab,3.58,0.00,3.58,9.00,0.00,17.00,9.00,0.00,17.00,N/A
784,2.54,AgentPrefab,Agent,MoveState,Moving,AllyPrefab,9.00,0.00,17.00,3.58,0.00,3.58,3.67,0.00,3.67,AStar
785,2.54,AllyPrefab,Ally,AllyIdleState,Idling,AgentPrefab,3.59,0.00,3.59,9.00,0.00,17.00,9.00,0.00,17.00,N/A
785,2.54,AgentPrefab,Agent,MoveState,Moving,AllyPrefab,9.00,0.00,17.00,3.59,0.00,3.59,3.67,0.00,3.67,AStar
786,2.55,AllyPrefab,Ally,AllyIdleState,Idling,AgentPrefab,3.59,0.00,3.59,9.00,0.00,17.00,9.00,0.00,17.00,N/A
786,2.55,AgentPrefab,Agent,MoveState,Moving,AllyPrefab,9.00,0.00,17.00,3.59,0.00,3.59,3.67,0.00,3.67,AStar
787,2.55,AllyPrefab,Ally,AllyIdleState,Idling,AgentPrefab,3.60,0.00,3.60,9.00,0.00,17.00,9.00,0.00,17.00,N/A
787,2.55,AgentPrefab,Agent,MoveState,Moving,AllyPrefab,9.00,0.00,17.00,3.60,0.00,3.60,3.67,0.00,3.67,AStar
788,2.55,AllyPrefab,Ally,AllyIdleState,Idling,AgentPrefab,3.60,0.00,3.60,9.00,0.00,17.00,9.00,0.00,17.00,N/A
788,2.55,AgentPrefab,Agent,MoveState,Moving,AllyPrefab,9.00,0.00,17.00,3.60,0.00,3.60,3.67,0.00,3.67,AStar
789,2.56,AllyPrefab,Ally,AllyIdleState,Idling,AgentPrefab,3.61,0.00,3.61,9.00,0.00,17.00,9.00,0.00,17.00,N/A
789,2.56,AgentPrefab,Agent,MoveState,Moving,AllyPrefab,9.00,0.00,17.00,3.61,0.00,3.61,3.67,0.00,3.67,AStar
790,2.56,AllyPrefab,Ally,AllyIdleState,Idling,AgentPrefab,3.61,0.00,3.61,9.00,0.00,17.00,9.00,0.00,17.00,N/A
790,2.56,AgentPrefab,Agent,MoveState,Moving,AllyPrefab,9.00,0.00,17.00,3.61,0.00,3.61,3.67,0.00,3.67,AStar
791,2.56,AllyPrefab,Ally,AllyIdleState,Idling,AgentPrefab,3.61,0.00,3.61,9.00,0.00,17.00,9.00,0.00,17.00,N/A
791,2.56,AgentPrefab,Agent,MoveState,Moving,AllyPrefab,9.00,0.00,17.00,3.61,0.00,3.61,3.67,0.00,3.67,AStar
792,2.56,AllyPrefab,Ally,AllyIdleState,Idling,AgentPrefab,3.62,0.00,3.62,9.00,0.00,17.00,9.00,0.00,17.00,N/A
792,2.56,AgentPrefab,Agent,MoveState,Moving,AllyPrefab,9.00,0.00,17.00,3.62,0.00,3.62,3.67,0.00,3.67,AStar
793,2.57,AllyPrefab,Ally,AllyIdleState,Idling,AgentPrefab,3.62,0.00,3.62,9.00,0.00,17.00,9.00,0.00,17.00,N/A
793,2.57,AgentPrefab,Agent,MoveState,Moving,AllyPrefab,9.00,0.00,17.00,3.62,0.00,3.62,3.67,0.00,3.67,AStar
794,2.57,AllyPrefab,Ally,AllyIdleState,Idling,AgentPrefab,3.63,0.00,3.63,9.00,0.00,17.00,9.00,0.00,17.00,N/A
794,2.57,AgentPrefab,Agent,MoveState,Moving,AllyPrefab,9.00,0.00,17.00,3.63,0.00,3.63,3.67,0.00,3.67,AStar
795,2.57,AllyPrefab,Ally,AllyIdleState,Idling,AgentPrefab,3.63,0.00,3.63,9.00,0.00,17.00,9.00,0.00,17.00,N/A
795,2.57,AgentPrefab,Agent,MoveState,Moving,AllyPrefab,9.00,0.00,17.00,3.63,0.00,3.63,3.67,0.00,3.67,AStar
796,2.58,AllyPrefab,Ally,AllyIdleState,Idling,AgentPrefab,3.63,0.00,3.63,9.00,0.00,17.00,9.00,0.00,17.00,N/A
796,2.58,AgentPrefab,Agent,MoveState,Moving,AllyPrefab,9.00,0.00,17.00,3.63,0.00,3.63,3.67,0.00,3.67,AStar
797,2.58,AllyPrefab,Ally,AllyIdleState,Idling,AgentPrefab,3.67,0.00,3.67,9.00,0.00,17.00,9.00,0.00,17.00,N/A
797,2.58,AgentPrefab,Agent,MoveState,Moving,AllyPrefab,9.00,0.00,17.00,3.67,0.00,3.67,4.67,0.00,4.67,AStar
798,2.58,AllyPrefab,Ally,AllyIdleState,Idling,AgentPrefab,3.67,0.00,3.67,9.00,0.00,17.00,9.00,0.00,17.00,N/A
798,2.58,AgentPrefab,Agent,MoveState,Moving,AllyPrefab,9.00,0.00,17.00,3.67,0.00,3.67,4.67,0.00,4.67,AStar
799,2.59,AllyPrefab,Ally,AllyIdleState,Idling,AgentPrefab,3.68,0.00,3.68,9.00,0.00,17.00,9.00,0.00,17.00,N/A
799,2.59,AgentPrefab,Agent,MoveState,Moving,AllyPrefab,9.00,0.00,17.00,3.68,0.00,3.68,4.67,0.00,4.67,AStar
800,2.59,AllyPrefab,Ally,AllyIdleState,Idling,AgentPrefab,3.68,0.00,3.68,9.00,0.00,17.00,9.00,0.00,17.00,N/A
800,2.59,AgentPrefab,Agent,MoveState,Moving,AllyPrefab,9.00,0.00,17.00,3.68,0.00,3.68,4.67,0.00,4.67,AStar
801,2.59,AllyPrefab,Ally,AllyIdleState,Idling,AgentPrefab,3.69,0.00,3.69,9.00,0.00,17.00,9.00,0.00,17.00,N/A
801,2.59,AgentPrefab,Agent,MoveState,Moving,AllyPrefab,9.00,0.00,17.00,3.69,0.00,3.69,4.67,0.00,4.67,AStar
802,2.59,AllyPrefab,Ally,AllyIdleState,Idling,AgentPrefab,3.69,0.00,3.69,9.00,0.00,17.00,9.00,0.00,17.00,N/A
802,2.59,AgentPrefab,Agent,MoveState,Moving,AllyPrefab,9.00,0.00,17.00,3.69,0.00,3.69,4.67,0.00,4.67,AStar
803,2.60,AllyPrefab,Ally,AllyIdleState,Idling,AgentPrefab,3.70,0.00,3.70,9.00,0.00,17.00,9.00,0.00,17.00,N/A
803,2.60,AgentPrefab,Agent,MoveState,Moving,AllyPrefab,9.00,0.00,17.00,3.70,0.00,3.70,4.67,0.00,4.67,AStar
804,2.60,AllyPrefab,Ally,AllyIdleState,Idling,AgentPrefab,3.70,0.00,3.70,9.00,0.00,17.00,9.00,0.00,17.00,N/A
804,2.60,AgentPrefab,Agent,MoveState,Moving,AllyPrefab,9.00,0.00,17.00,3.70,0.00,3.70,4.67,0.00,4.67,AStar
805,2.60,AllyPrefab,Ally,AllyIdleState,Idling,AgentPrefab,3.71,0.00,3.71,9.00,0.00,17.00,9.00,0.00,17.00,N/A
805,2.60,AgentPrefab,Agent,MoveState,Moving,AllyPrefab,9.00,0.00,17.00,3.71,0.00,3.71,4.67,0.00,4.67,AStar
806,2.61,AllyPrefab,Ally,AllyIdleState,Idling,AgentPrefab,3.71,0.00,3.71,9.00,0.00,17.00,9.00,0.00,17.00,N/A
806,2.61,AgentPrefab,Agent,MoveState,Moving,AllyPrefab,9.00,0.00,17.00,3.71,0.00,3.71,4.67,0.00,4.67,AStar
807,2.61,AllyPrefab,Ally,AllyIdleState,Idling,AgentPrefab,3.71,0.00,3.71,9.00,0.00,17.00,9.00,0.00,17.00,N/A
807,2.61,AgentPrefab,Agent,MoveState,Moving,AllyPrefab,9.00,0.00,17.00,3.71,0.00,3.71,4.67,0.00,4.67,AStar
808,2.61,AllyPrefab,Ally,AllyIdleState,Idling,AgentPrefab,3.72,0.00,3.72,9.00,0.00,17.00,9.00,0.00,17.00,N/A
808,2.61,AgentPrefab,Agent,MoveState,Moving,AllyPrefab,9.00,0.00,17.00,3.72,0.00,3.72,4.67,0.00,4.67,AStar
809,2.62,AllyPrefab,Ally,AllyIdleState,Idling,AgentPrefab,3.72,0.00,3.72,9.00,0.00,17.00,9.00,0.00,17.00,N/A
809,2.62,AgentPrefab,Agent,MoveState,Moving,AllyPrefab,9.00,0.00,17.00,3.72,0.00,3.72,4.67,0.00,4.67,AStar
810,2.62,AllyPrefab,Ally,AllyIdleState,Idling,AgentPrefab,3.73,0.00,3.73,9.00,0.00,17.00,9.00,0.00,17.00,N/A
810,2.62,AgentPrefab,Agent,MoveState,Moving,AllyPrefab,9.00,0.00,17.00,3.73,0.00,3.73,4.67,0.00,4.67,AStar
811,2.62,AllyPrefab,Ally,AllyIdleState,Idling,AgentPrefab,3.73,0.00,3.73,9.00,0.00,17.00,9.00,0.00,17.00,N/A
811,2.62,AgentPrefab,Agent,MoveState,Moving,AllyPrefab,9.00,0.00,17.00,3.73,0.00,3.73,4.67,0.00,4.67,AStar
812,2.63,AllyPrefab,Ally,AllyIdleState,Idling,AgentPrefab,3.74,0.00,3.74,9.00,0.00,17.00,9.00,0.00,17.00,N/A
812,2.63,AgentPrefab,Agent,MoveState,Moving,AllyPrefab,9.00,0.00,17.00,3.74,0.00,3.74,4.67,0.00,4.67,AStar
813,2.63,AllyPrefab,Ally,AllyIdleState,Idling,AgentPrefab,3.74,0.00,3.74,9.00,0.00,17.00,9.00,0.00,17.00,N/A
813,2.63,AgentPrefab,Agent,MoveState,Moving,AllyPrefab,9.00,0.00,17.00,3.74,0.00,3.74,4.67,0.00,4.67,AStar
814,2.63,AllyPrefab,Ally,AllyIdleState,Idling,AgentPrefab,3.74,0.00,3.74,9.00,0.00,17.00,9.00,0.00,17.00,N/A
814,2.63,AgentPrefab,Agent,MoveState,Moving,AllyPrefab,9.00,0.00,17.00,3.74,0.00,3.74,4.67,0.00,4.67,AStar
815,2.64,AllyPrefab,Ally,AllyIdleState,Idling,AgentPrefab,3.75,0.00,3.75,9.00,0.00,17.00,9.00,0.00,17.00,N/A
815,2.64,AgentPrefab,Agent,MoveState,Moving,AllyPrefab,9.00,0.00,17.00,3.75,0.00,3.75,4.67,0.00,4.67,AStar
816,2.64,AllyPrefab,Ally,AllyIdleState,Idling,AgentPrefab,3.76,0.00,3.76,9.00,0.00,17.00,9.00,0.00,17.00,N/A
816,2.64,AgentPrefab,Agent,MoveState,Moving,AllyPrefab,9.00,0.00,17.00,3.76,0.00,3.76,4.67,0.00,4.67,AStar
817,2.64,AllyPrefab,Ally,AllyIdleState,Idling,AgentPrefab,3.76,0.00,3.76,9.00,0.00,17.00,9.00,0.00,17.00,N/A
817,2.64,AgentPrefab,Agent,MoveState,Moving,AllyPrefab,9.00,0.00,17.00,3.76,0.00,3.76,4.67,0.00,4.67,AStar
818,2.64,AllyPrefab,Ally,AllyIdleState,Idling,AgentPrefab,3.76,0.00,3.76,9.00,0.00,17.00,9.00,0.00,17.00,N/A
818,2.64,AgentPrefab,Agent,MoveState,Moving,AllyPrefab,9.00,0.00,17.00,3.76,0.00,3.76,4.67,0.00,4.67,AStar
819,2.65,AllyPrefab,Ally,AllyIdleState,Idling,AgentPrefab,3.77,0.00,3.77,9.00,0.00,17.00,9.00,0.00,17.00,N/A
819,2.65,AgentPrefab,Agent,MoveState,Moving,AllyPrefab,9.00,0.00,17.00,3.77,0.00,3.77,4.67,0.00,4.67,AStar
820,2.65,AllyPrefab,Ally,AllyIdleState,Idling,AgentPrefab,3.77,0.00,3.77,9.00,0.00,17.00,9.00,0.00,17.00,N/A
820,2.65,AgentPrefab,Agent,MoveState,Moving,AllyPrefab,9.00,0.00,17.00,3.77,0.00,3.77,4.67,0.00,4.67,AStar
821,2.65,AllyPrefab,Ally,AllyIdleState,Idling,AgentPrefab,3.78,0.00,3.78,9.00,0.00,17.00,9.00,0.00,17.00,N/A
821,2.65,AgentPrefab,Agent,MoveState,Moving,AllyPrefab,9.00,0.00,17.00,3.78,0.00,3.78,4.67,0.00,4.67,AStar
822,2.66,AllyPrefab,Ally,AllyIdleState,Idling,AgentPrefab,3.78,0.00,3.78,9.00,0.00,17.00,9.00,0.00,17.00,N/A
822,2.66,AgentPrefab,Agent,MoveState,Moving,AllyPrefab,9.00,0.00,17.00,3.78,0.00,3.78,4.67,0.00,4.67,AStar
823,2.66,AllyPrefab,Ally,AllyIdleState,Idling,AgentPrefab,3.78,0.00,3.78,9.00,0.00,17.00,9.00,0.00,17.00,N/A
823,2.66,AgentPrefab,Agent,MoveState,Moving,AllyPrefab,9.00,0.00,17.00,3.78,0.00,3.78,4.67,0.00,4.67,AStar
824,2.66,AllyPrefab,Ally,AllyIdleState,Idling,AgentPrefab,3.79,0.00,3.79,9.00,0.00,17.00,9.00,0.00,17.00,N/A
824,2.66,AgentPrefab,Agent,MoveState,Moving,AllyPrefab,9.00,0.00,17.00,3.79,0.00,3.79,4.67,0.00,4.67,AStar
825,2.67,AllyPrefab,Ally,AllyIdleState,Idling,AgentPrefab,3.79,0.00,3.79,9.00,0.00,17.00,9.00,0.00,17.00,N/A
825,2.67,AgentPrefab,Agent,MoveState,Moving,AllyPrefab,9.00,0.00,17.00,3.79,0.00,3.79,4.67,0.00,4.67,AStar
826,2.67,AllyPrefab,Ally,AllyIdleState,Idling,AgentPrefab,3.80,0.00,3.80,9.00,0.00,17.00,9.00,0.00,17.00,N/A
826,2.67,AgentPrefab,Agent,MoveState,Moving,AllyPrefab,9.00,0.00,17.00,3.80,0.00,3.80,4.67,0.00,4.67,AStar
827,2.67,AllyPrefab,Ally,AllyIdleState,Idling,AgentPrefab,3.80,0.00,3.80,9.00,0.00,17.00,9.00,0.00,17.00,N/A
827,2.67,AgentPrefab,Agent,MoveState,Moving,AllyPrefab,9.00,0.00,17.00,3.80,0.00,3.80,4.67,0.00,4.67,AStar
828,2.67,AllyPrefab,Ally,AllyIdleState,Idling,AgentPrefab,3.81,0.00,3.81,9.00,0.00,17.00,9.00,0.00,17.00,N/A
828,2.67,AgentPrefab,Agent,MoveState,Moving,AllyPrefab,9.00,0.00,17.00,3.81,0.00,3.81,4.67,0.00,4.67,AStar
829,2.68,AllyPrefab,Ally,AllyIdleState,Idling,AgentPrefab,3.81,0.00,3.81,9.00,0.00,17.00,9.00,0.00,17.00,N/A
829,2.68,AgentPrefab,Agent,MoveState,Moving,AllyPrefab,9.00,0.00,17.00,3.81,0.00,3.81,4.67,0.00,4.67,AStar
830,2.68,AllyPrefab,Ally,AllyIdleState,Idling,AgentPrefab,3.81,0.00,3.81,9.00,0.00,17.00,9.00,0.00,17.00,N/A
830,2.68,AgentPrefab,Agent,MoveState,Moving,AllyPrefab,9.00,0.00,17.00,3.81,0.00,3.81,4.67,0.00,4.67,AStar
831,2.68,AllyPrefab,Ally,AllyIdleState,Idling,AgentPrefab,3.82,0.00,3.82,9.00,0.00,17.00,9.00,0.00,17.00,N/A
831,2.68,AgentPrefab,Agent,MoveState,Moving,AllyPrefab,9.00,0.00,17.00,3.82,0.00,3.82,4.67,0.00,4.67,AStar
832,2.69,AllyPrefab,Ally,AllyIdleState,Idling,AgentPrefab,3.82,0.00,3.82,9.00,0.00,17.00,9.00,0.00,17.00,N/A
832,2.69,AgentPrefab,Agent,MoveState,Moving,AllyPrefab,9.00,0.00,17.00,3.82,0.00,3.82,4.67,0.00,4.67,AStar
833,2.69,AllyPrefab,Ally,AllyIdleState,Idling,AgentPrefab,3.83,0.00,3.83,9.00,0.00,17.00,9.00,0.00,17.00,N/A
833,2.69,AgentPrefab,Agent,MoveState,Moving,AllyPrefab,9.00,0.00,17.00,3.83,0.00,3.83,4.67,0.00,4.67,AStar
834,2.69,AllyPrefab,Ally,AllyIdleState,Idling,AgentPrefab,3.83,0.00,3.83,9.00,0.00,17.00,9.00,0.00,17.00,N/A
834,2.69,AgentPrefab,Agent,MoveState,Moving,AllyPrefab,9.00,0.00,17.00,3.83,0.00,3.83,4.67,0.00,4.67,AStar
835,2.69,AllyPrefab,Ally,AllyIdleState,Idling,AgentPrefab,3.83,0.00,3.83,9.00,0.00,17.00,9.00,0.00,17.00,N/A
835,2.69,AgentPrefab,Agent,MoveState,Moving,AllyPrefab,9.00,0.00,17.00,3.83,0.00,3.83,4.67,0.00,4.67,AStar
836,2.70,AllyPrefab,Ally,AllyIdleState,Idling,AgentPrefab,3.84,0.00,3.84,9.00,0.00,17.00,9.00,0.00,17.00,N/A
836,2.70,AgentPrefab,Agent,MoveState,Moving,AllyPrefab,9.00,0.00,17.00,3.84,0.00,3.84,4.67,0.00,4.67,AStar
837,2.70,AllyPrefab,Ally,AllyIdleState,Idling,AgentPrefab,3.84,0.00,3.84,9.00,0.00,17.00,9.00,0.00,17.00,N/A
837,2.70,AgentPrefab,Agent,MoveState,Moving,AllyPrefab,9.00,0.00,17.00,3.84,0.00,3.84,4.67,0.00,4.67,AStar
838,2.70,AllyPrefab,Ally,AllyIdleState,Idling,AgentPrefab,3.85,0.00,3.85,9.00,0.00,17.00,9.00,0.00,17.00,N/A
838,2.70,AgentPrefab,Agent,MoveState,Moving,AllyPrefab,9.00,0.00,17.00,3.85,0.00,3.85,4.67,0.00,4.67,AStar
839,2.71,AllyPrefab,Ally,AllyIdleState,Idling,AgentPrefab,3.85,0.00,3.85,9.00,0.00,17.00,9.00,0.00,17.00,N/A
839,2.71,AgentPrefab,Agent,MoveState,Moving,AllyPrefab,9.00,0.00,17.00,3.85,0.00,3.85,4.67,0.00,4.67,AStar
840,2.71,AllyPrefab,Ally,AllyIdleState,Idling,AgentPrefab,3.86,0.00,3.86,9.00,0.00,17.00,9.00,0.00,17.00,N/A
840,2.71,AgentPrefab,Agent,MoveState,Moving,AllyPrefab,9.00,0.00,17.00,3.86,0.00,3.86,4.67,0.00,4.67,AStar
841,2.71,AllyPrefab,Ally,AllyIdleState,Idling,AgentPrefab,3.86,0.00,3.86,9.00,0.00,17.00,9.00,0.00,17.00,N/A
841,2.71,AgentPrefab,Agent,MoveState,Moving,AllyPrefab,9.00,0.00,17.00,3.86,0.00,3.86,4.67,0.00,4.67,AStar
842,2.72,AllyPrefab,Ally,AllyIdleState,Idling,AgentPrefab,3.87,0.00,3.87,9.00,0.00,17.00,9.00,0.00,17.00,N/A
842,2.72,AgentPrefab,Agent,MoveState,Moving,AllyPrefab,9.00,0.00,17.00,3.87,0.00,3.87,4.67,0.00,4.67,AStar
843,2.72,AllyPrefab,Ally,AllyIdleState,Idling,AgentPrefab,3.87,0.00,3.87,9.00,0.00,17.00,9.00,0.00,17.00,N/A
843,2.72,AgentPrefab,Agent,MoveState,Moving,AllyPrefab,9.00,0.00,17.00,3.87,0.00,3.87,4.67,0.00,4.67,AStar
844,2.72,AllyPrefab,Ally,AllyIdleState,Idling,AgentPrefab,3.87,0.00,3.87,9.00,0.00,17.00,9.00,0.00,17.00,N/A
844,2.72,AgentPrefab,Agent,MoveState,Moving,AllyPrefab,9.00,0.00,17.00,3.87,0.00,3.87,4.67,0.00,4.67,AStar
845,2.73,AllyPrefab,Ally,AllyIdleState,Idling,AgentPrefab,3.88,0.00,3.88,9.00,0.00,17.00,9.00,0.00,17.00,N/A
845,2.73,AgentPrefab,Agent,MoveState,Moving,AllyPrefab,9.00,0.00,17.00,3.88,0.00,3.88,4.67,0.00,4.67,AStar
846,2.73,AllyPrefab,Ally,AllyIdleState,Idling,AgentPrefab,3.88,0.00,3.88,9.00,0.00,17.00,9.00,0.00,17.00,N/A
846,2.73,AgentPrefab,Agent,MoveState,Moving,AllyPrefab,9.00,0.00,17.00,3.88,0.00,3.88,4.67,0.00,4.67,AStar
847,2.73,AllyPrefab,Ally,AllyIdleState,Idling,AgentPrefab,3.89,0.00,3.89,9.00,0.00,17.00,9.00,0.00,17.00,N/A
847,2.73,AgentPrefab,Agent,MoveState,Moving,AllyPrefab,9.00,0.00,17.00,3.89,0.00,3.89,4.67,0.00,4.67,AStar
848,2.73,AllyPrefab,Ally,AllyIdleState,Idling,AgentPrefab,3.89,0.00,3.89,9.00,0.00,17.00,9.00,0.00,17.00,N/A
848,2.73,AgentPrefab,Agent,MoveState,Moving,AllyPrefab,9.00,0.00,17.00,3.89,0.00,3.89,4.67,0.00,4.67,AStar
849,2.74,AllyPrefab,Ally,AllyIdleState,Idling,AgentPrefab,3.89,0.00,3.89,9.00,0.00,17.00,9.00,0.00,17.00,N/A
849,2.74,AgentPrefab,Agent,MoveState,Moving,AllyPrefab,9.00,0.00,17.00,3.89,0.00,3.89,4.67,0.00,4.67,AStar
850,2.74,AllyPrefab,Ally,AllyIdleState,Idling,AgentPrefab,3.90,0.00,3.90,9.00,0.00,17.00,9.00,0.00,17.00,N/A
850,2.74,AgentPrefab,Agent,MoveState,Moving,AllyPrefab,9.00,0.00,17.00,3.90,0.00,3.90,4.67,0.00,4.67,AStar
851,2.74,AllyPrefab,Ally,AllyIdleState,Idling,AgentPrefab,3.90,0.00,3.90,9.00,0.00,17.00,9.00,0.00,17.00,N/A
851,2.74,AgentPrefab,Agent,MoveState,Moving,AllyPrefab,9.00,0.00,17.00,3.90,0.00,3.90,4.67,0.00,4.67,AStar
852,2.74,AllyPrefab,Ally,AllyIdleState,Idling,AgentPrefab,3.91,0.00,3.91,9.00,0.00,17.00,9.00,0.00,17.00,N/A
852,2.74,AgentPrefab,Agent,MoveState,Moving,AllyPrefab,9.00,0.00,17.00,3.91,0.00,3.91,4.67,0.00,4.67,AStar
853,2.75,AllyPrefab,Ally,AllyIdleState,Idling,AgentPrefab,3.91,0.00,3.91,9.00,0.00,17.00,9.00,0.00,17.00,N/A
853,2.75,AgentPrefab,Agent,MoveState,Moving,AllyPrefab,9.00,0.00,17.00,3.91,0.00,3.91,4.67,0.00,4.67,AStar
854,2.75,AllyPrefab,Ally,AllyIdleState,Idling,AgentPrefab,3.92,0.00,3.92,9.00,0.00,17.00,9.00,0.00,17.00,N/A
854,2.75,AgentPrefab,Agent,MoveState,Moving,AllyPrefab,9.00,0.00,17.00,3.92,0.00,3.92,4.67,0.00,4.67,AStar
855,2.76,AllyPrefab,Ally,AllyIdleState,Idling,AgentPrefab,3.92,0.00,3.92,9.00,0.00,17.00,9.00,0.00,17.00,N/A
855,2.76,AgentPrefab,Agent,MoveState,Moving,AllyPrefab,9.00,0.00,17.00,3.92,0.00,3.92,4.67,0.00,4.67,AStar
856,2.76,AllyPrefab,Ally,AllyIdleState,Idling,AgentPrefab,3.92,0.00,3.92,9.00,0.00,17.00,9.00,0.00,17.00,N/A
856,2.76,AgentPrefab,Agent,MoveState,Moving,AllyPrefab,9.00,0.00,17.00,3.92,0.00,3.92,4.67,0.00,4.67,AStar
857,2.76,AllyPrefab,Ally,AllyIdleState,Idling,AgentPrefab,3.93,0.00,3.93,9.00,0.00,17.00,9.00,0.00,17.00,N/A
857,2.76,AgentPrefab,Agent,MoveState,Moving,AllyPrefab,9.00,0.00,17.00,3.93,0.00,3.93,4.67,0.00,4.67,AStar
858,2.76,AllyPrefab,Ally,AllyIdleState,Idling,AgentPrefab,3.93,0.00,3.93,9.00,0.00,17.00,9.00,0.00,17.00,N/A
858,2.76,AgentPrefab,Agent,MoveState,Moving,AllyPrefab,9.00,0.00,17.00,3.93,0.00,3.93,4.67,0.00,4.67,AStar
859,2.77,AllyPrefab,Ally,AllyIdleState,Idling,AgentPrefab,3.94,0.00,3.94,9.00,0.00,17.00,9.00,0.00,17.00,N/A
859,2.77,AgentPrefab,Agent,MoveState,Moving,AllyPrefab,9.00,0.00,17.00,3.94,0.00,3.94,4.67,0.00,4.67,AStar
860,2.77,AllyPrefab,Ally,AllyIdleState,Idling,AgentPrefab,3.94,0.00,3.94,9.00,0.00,17.00,9.00,0.00,17.00,N/A
860,2.77,AgentPrefab,Agent,MoveState,Moving,AllyPrefab,9.00,0.00,17.00,3.94,0.00,3.94,4.67,0.00,4.67,AStar
861,2.77,AllyPrefab,Ally,AllyIdleState,Idling,AgentPrefab,3.94,0.00,3.94,9.00,0.00,17.00,9.00,0.00,17.00,N/A
861,2.77,AgentPrefab,Agent,MoveState,Moving,AllyPrefab,9.00,0.00,17.00,3.94,0.00,3.94,4.67,0.00,4.67,AStar
862,2.78,AllyPrefab,Ally,AllyIdleState,Idling,AgentPrefab,3.95,0.00,3.95,9.00,0.00,17.00,9.00,0.00,17.00,N/A
862,2.78,AgentPrefab,Agent,MoveState,Moving,AllyPrefab,9.00,0.00,17.00,3.95,0.00,3.95,4.67,0.00,4.67,AStar
863,2.78,AllyPrefab,Ally,AllyIdleState,Idling,AgentPrefab,3.95,0.00,3.95,9.00,0.00,17.00,9.00,0.00,17.00,N/A
863,2.78,AgentPrefab,Agent,MoveState,Moving,AllyPrefab,9.00,0.00,17.00,3.95,0.00,3.95,4.67,0.00,4.67,AStar
864,2.78,AllyPrefab,Ally,AllyIdleState,Idling,AgentPrefab,3.96,0.00,3.96,9.00,0.00,17.00,9.00,0.00,17.00,N/A
864,2.78,AgentPrefab,Agent,MoveState,Moving,AllyPrefab,9.00,0.00,17.00,3.96,0.00,3.96,4.67,0.00,4.67,AStar
865,2.79,AllyPrefab,Ally,AllyIdleState,Idling,AgentPrefab,3.97,0.00,3.97,9.00,0.00,17.00,9.00,0.00,17.00,N/A
865,2.79,AgentPrefab,Agent,MoveState,Moving,AllyPrefab,9.00,0.00,17.00,3.97,0.00,3.97,4.67,0.00,4.67,AStar
866,2.79,AllyPrefab,Ally,AllyIdleState,Idling,AgentPrefab,3.97,0.00,3.97,9.00,0.00,17.00,9.00,0.00,17.00,N/A
866,2.79,AgentPrefab,Agent,MoveState,Moving,AllyPrefab,9.00,0.00,17.00,3.97,0.00,3.97,4.67,0.00,4.67,AStar
867,2.79,AllyPrefab,Ally,AllyIdleState,Idling,AgentPrefab,3.97,0.00,3.97,9.00,0.00,17.00,9.00,0.00,17.00,N/A
867,2.79,AgentPrefab,Agent,MoveState,Moving,AllyPrefab,9.00,0.00,17.00,3.97,0.00,3.97,4.67,0.00,4.67,AStar
868,2.80,AllyPrefab,Ally,AllyIdleState,Idling,AgentPrefab,3.98,0.00,3.98,9.00,0.00,17.00,9.00,0.00,17.00,N/A
868,2.80,AgentPrefab,Agent,MoveState,Moving,AllyPrefab,9.00,0.00,17.00,3.98,0.00,3.98,4.67,0.00,4.67,AStar
869,2.80,AllyPrefab,Ally,AllyIdleState,Idling,AgentPrefab,3.98,0.00,3.98,9.00,0.00,17.00,9.00,0.00,17.00,N/A
869,2.80,AgentPrefab,Agent,MoveState,Moving,AllyPrefab,9.00,0.00,17.00,3.98,0.00,3.98,4.67,0.00,4.67,AStar
870,2.80,AllyPrefab,Ally,AllyIdleState,Idling,AgentPrefab,3.99,0.00,3.99,9.00,0.00,17.00,9.00,0.00,17.00,N/A
870,2.80,AgentPrefab,Agent,MoveState,Moving,AllyPrefab,9.00,0.00,17.00,3.99,0.00,3.99,4.67,0.00,4.67,AStar
871,2.81,AllyPrefab,Ally,AllyIdleState,Idling,AgentPrefab,3.99,0.00,3.99,9.00,0.00,17.00,9.00,0.00,17.00,N/A
871,2.81,AgentPrefab,Agent,MoveState,Moving,AllyPrefab,9.00,0.00,17.00,3.99,0.00,3.99,4.67,0.00,4.67,AStar
872,2.81,AllyPrefab,Ally,AllyIdleState,Idling,AgentPrefab,4.00,0.00,4.00,9.00,0.00,17.00,9.00,0.00,17.00,N/A
872,2.81,AgentPrefab,Agent,MoveState,Moving,AllyPrefab,9.00,0.00,17.00,4.00,0.00,4.00,4.67,0.00,4.67,AStar
873,2.81,AllyPrefab,Ally,AllyIdleState,Idling,AgentPrefab,4.00,0.00,4.00,9.00,0.00,17.00,9.00,0.00,17.00,N/A
873,2.81,AgentPrefab,Agent,MoveState,Moving,AllyPrefab,9.00,0.00,17.00,4.00,0.00,4.00,4.67,0.00,4.67,AStar
874,2.81,AllyPrefab,Ally,AllyIdleState,Idling,AgentPrefab,4.00,0.00,4.00,9.00,0.00,17.00,9.00,0.00,17.00,N/A
874,2.81,AgentPrefab,Agent,MoveState,Moving,AllyPrefab,9.00,0.00,17.00,4.00,0.00,4.00,4.67,0.00,4.67,AStar
875,2.82,AllyPrefab,Ally,AllyIdleState,Idling,AgentPrefab,4.01,0.00,4.01,9.00,0.00,17.00,9.00,0.00,17.00,N/A
875,2.82,AgentPrefab,Agent,MoveState,Moving,AllyPrefab,9.00,0.00,17.00,4.01,0.00,4.01,4.67,0.00,4.67,AStar
876,2.82,AllyPrefab,Ally,AllyIdleState,Idling,AgentPrefab,4.01,0.00,4.01,9.00,0.00,17.00,9.00,0.00,17.00,N/A
876,2.82,AgentPrefab,Agent,MoveState,Moving,AllyPrefab,9.00,0.00,17.00,4.01,0.00,4.01,4.67,0.00,4.67,AStar
877,2.82,AllyPrefab,Ally,AllyIdleState,Idling,AgentPrefab,4.02,0.00,4.02,9.00,0.00,17.00,9.00,0.00,17.00,N/A
877,2.82,AgentPrefab,Agent,MoveState,Moving,AllyPrefab,9.00,0.00,17.00,4.02,0.00,4.02,4.67,0.00,4.67,AStar
878,2.83,AllyPrefab,Ally,AllyIdleState,Idling,AgentPrefab,4.02,0.00,4.02,9.00,0.00,17.00,9.00,0.00,17.00,N/A
878,2.83,AgentPrefab,Agent,MoveState,Moving,AllyPrefab,9.00,0.00,17.00,4.02,0.00,4.02,4.67,0.00,4.67,AStar
879,2.83,AllyPrefab,Ally,AllyIdleState,Idling,AgentPrefab,4.02,0.00,4.02,9.00,0.00,17.00,9.00,0.00,17.00,N/A
879,2.83,AgentPrefab,Agent,MoveState,Moving,AllyPrefab,9.00,0.00,17.00,4.02,0.00,4.02,4.67,0.00,4.67,AStar
880,2.83,AllyPrefab,Ally,AllyIdleState,Idling,AgentPrefab,4.03,0.00,4.03,9.00,0.00,17.00,9.00,0.00,17.00,N/A
880,2.83,AgentPrefab,Agent,MoveState,Moving,AllyPrefab,9.00,0.00,17.00,4.03,0.00,4.03,4.67,0.00,4.67,AStar
881,2.84,AllyPrefab,Ally,AllyIdleState,Idling,AgentPrefab,4.03,0.00,4.03,9.00,0.00,17.00,9.00,0.00,17.00,N/A
881,2.84,AgentPrefab,Agent,MoveState,Moving,AllyPrefab,9.00,0.00,17.00,4.03,0.00,4.03,4.67,0.00,4.67,AStar
882,2.84,AllyPrefab,Ally,AllyIdleState,Idling,AgentPrefab,4.04,0.00,4.04,9.00,0.00,17.00,9.00,0.00,17.00,N/A
882,2.84,AgentPrefab,Agent,MoveState,Moving,AllyPrefab,9.00,0.00,17.00,4.04,0.00,4.04,4.67,0.00,4.67,AStar
883,2.84,AllyPrefab,Ally,AllyIdleState,Idling,AgentPrefab,4.04,0.00,4.04,9.00,0.00,17.00,9.00,0.00,17.00,N/A
883,2.84,AgentPrefab,Agent,MoveState,Moving,AllyPrefab,9.00,0.00,17.00,4.04,0.00,4.04,4.67,0.00,4.67,AStar
884,2.84,AllyPrefab,Ally,AllyIdleState,Idling,AgentPrefab,4.05,0.00,4.05,9.00,0.00,17.00,9.00,0.00,17.00,N/A
884,2.84,AgentPrefab,Agent,MoveState,Moving,AllyPrefab,9.00,0.00,17.00,4.05,0.00,4.05,4.67,0.00,4.67,AStar
885,2.85,AllyPrefab,Ally,AllyIdleState,Idling,AgentPrefab,4.05,0.00,4.05,9.00,0.00,17.00,9.00,0.00,17.00,N/A
885,2.85,AgentPrefab,Agent,MoveState,Moving,AllyPrefab,9.00,0.00,17.00,4.05,0.00,4.05,4.67,0.00,4.67,AStar
886,2.85,AllyPrefab,Ally,AllyIdleState,Idling,AgentPrefab,4.06,0.00,4.06,9.00,0.00,17.00,9.00,0.00,17.00,N/A
886,2.85,AgentPrefab,Agent,MoveState,Moving,AllyPrefab,9.00,0.00,17.00,4.06,0.00,4.06,4.67,0.00,4.67,AStar
887,2.85,AllyPrefab,Ally,AllyIdleState,Idling,AgentPrefab,4.06,0.00,4.06,9.00,0.00,17.00,9.00,0.00,17.00,N/A
887,2.85,AgentPrefab,Agent,MoveState,Moving,AllyPrefab,9.00,0.00,17.00,4.06,0.00,4.06,4.67,0.00,4.67,AStar
888,2.86,AllyPrefab,Ally,AllyIdleState,Idling,AgentPrefab,4.06,0.00,4.06,9.00,0.00,17.00,9.00,0.00,17.00,N/A
888,2.86,AgentPrefab,Agent,MoveState,Moving,AllyPrefab,9.00,0.00,17.00,4.06,0.00,4.06,4.67,0.00,4.67,AStar
889,2.86,AllyPrefab,Ally,AllyIdleState,Idling,AgentPrefab,4.07,0.00,4.07,9.00,0.00,17.00,9.00,0.00,17.00,N/A
889,2.86,AgentPrefab,Agent,MoveState,Moving,AllyPrefab,9.00,0.00,17.00,4.07,0.00,4.07,4.67,0.00,4.67,AStar
890,2.86,AllyPrefab,Ally,AllyIdleState,Idling,AgentPrefab,4.07,0.00,4.07,9.00,0.00,17.00,9.00,0.00,17.00,N/A
890,2.86,AgentPrefab,Agent,MoveState,Moving,AllyPrefab,9.00,0.00,17.00,4.07,0.00,4.07,4.67,0.00,4.67,AStar
891,2.87,AllyPrefab,Ally,AllyIdleState,Idling,AgentPrefab,4.08,0.00,4.08,9.00,0.00,17.00,9.00,0.00,17.00,N/A
891,2.87,AgentPrefab,Agent,MoveState,Moving,AllyPrefab,9.00,0.00,17.00,4.08,0.00,4.08,4.67,0.00,4.67,AStar
892,2.87,AllyPrefab,Ally,AllyIdleState,Idling,AgentPrefab,4.08,0.00,4.08,9.00,0.00,17.00,9.00,0.00,17.00,N/A
892,2.87,AgentPrefab,Agent,MoveState,Moving,AllyPrefab,9.00,0.00,17.00,4.08,0.00,4.08,4.67,0.00,4.67,AStar
893,2.87,AllyPrefab,Ally,AllyIdleState,Idling,AgentPrefab,4.09,0.00,4.09,9.00,0.00,17.00,9.00,0.00,17.00,N/A
893,2.87,AgentPrefab,Agent,MoveState,Moving,AllyPrefab,9.00,0.00,17.00,4.09,0.00,4.09,4.67,0.00,4.67,AStar
894,2.88,AllyPrefab,Ally,AllyIdleState,Idling,AgentPrefab,4.09,0.00,4.09,9.00,0.00,17.00,9.00,0.00,17.00,N/A
894,2.88,AgentPrefab,Agent,MoveState,Moving,AllyPrefab,9.00,0.00,17.00,4.09,0.00,4.09,4.67,0.00,4.67,AStar
895,2.88,AllyPrefab,Ally,AllyIdleState,Idling,AgentPrefab,4.10,0.00,4.10,9.00,0.00,17.00,9.00,0.00,17.00,N/A
895,2.88,AgentPrefab,Agent,MoveState,Moving,AllyPrefab,9.00,0.00,17.00,4.10,0.00,4.10,4.67,0.00,4.67,AStar
896,2.88,AllyPrefab,Ally,AllyIdleState,Idling,AgentPrefab,4.10,0.00,4.10,9.00,0.00,17.00,9.00,0.00,17.00,N/A
896,2.88,AgentPrefab,Agent,MoveState,Moving,AllyPrefab,9.00,0.00,17.00,4.10,0.00,4.10,4.67,0.00,4.67,AStar
897,2.89,AllyPrefab,Ally,AllyIdleState,Idling,AgentPrefab,4.11,0.00,4.11,9.00,0.00,17.00,9.00,0.00,17.00,N/A
897,2.89,AgentPrefab,Agent,MoveState,Moving,AllyPrefab,9.00,0.00,17.00,4.11,0.00,4.11,4.67,0.00,4.67,AStar
898,2.89,AllyPrefab,Ally,AllyIdleState,Idling,AgentPrefab,4.11,0.00,4.11,9.00,0.00,17.00,9.00,0.00,17.00,N/A
898,2.89,AgentPrefab,Agent,MoveState,Moving,AllyPrefab,9.00,0.00,17.00,4.11,0.00,4.11,4.67,0.00,4.67,AStar
899,2.89,AllyPrefab,Ally,AllyIdleState,Idling,AgentPrefab,4.11,0.00,4.11,9.00,0.00,17.00,9.00,0.00,17.00,N/A
899,2.89,AgentPrefab,Agent,MoveState,Moving,AllyPrefab,9.00,0.00,17.00,4.11,0.00,4.11,4.67,0.00,4.67,AStar
900,2.90,AllyPrefab,Ally,AllyIdleState,Idling,AgentPrefab,4.12,0.00,4.12,9.00,0.00,17.00,9.00,0.00,17.00,N/A
900,2.90,AgentPrefab,Agent,MoveState,Moving,AllyPrefab,9.00,0.00,17.00,4.12,0.00,4.12,4.67,0.00,4.67,AStar
901,2.90,AllyPrefab,Ally,AllyIdleState,Idling,AgentPrefab,4.12,0.00,4.12,9.00,0.00,17.00,9.00,0.00,17.00,N/A
901,2.90,AgentPrefab,Agent,MoveState,Moving,AllyPrefab,9.00,0.00,17.00,4.12,0.00,4.12,4.67,0.00,4.67,AStar
902,2.90,AllyPrefab,Ally,AllyIdleState,Idling,AgentPrefab,4.13,0.00,4.13,9.00,0.00,17.00,9.00,0.00,17.00,N/A
902,2.90,AgentPrefab,Agent,MoveState,Moving,AllyPrefab,9.00,0.00,17.00,4.13,0.00,4.13,4.67,0.00,4.67,AStar
903,2.90,AllyPrefab,Ally,AllyIdleState,Idling,AgentPrefab,4.13,0.00,4.13,9.00,0.00,17.00,9.00,0.00,17.00,N/A
903,2.90,AgentPrefab,Agent,MoveState,Moving,AllyPrefab,9.00,0.00,17.00,4.13,0.00,4.13,4.67,0.00,4.67,AStar
904,2.91,AllyPrefab,Ally,AllyIdleState,Idling,AgentPrefab,4.13,0.00,4.13,9.00,0.00,17.00,9.00,0.00,17.00,N/A
904,2.91,AgentPrefab,Agent,MoveState,Moving,AllyPrefab,9.00,0.00,17.00,4.13,0.00,4.13,4.67,0.00,4.67,AStar
905,2.91,AllyPrefab,Ally,AllyIdleState,Idling,AgentPrefab,4.14,0.00,4.14,9.00,0.00,17.00,9.00,0.00,17.00,N/A
905,2.91,AgentPrefab,Agent,MoveState,Moving,AllyPrefab,9.00,0.00,17.00,4.14,0.00,4.14,4.67,0.00,4.67,AStar
906,2.91,AllyPrefab,Ally,AllyIdleState,Idling,AgentPrefab,4.14,0.00,4.14,9.00,0.00,17.00,9.00,0.00,17.00,N/A
906,2.91,AgentPrefab,Agent,MoveState,Moving,AllyPrefab,9.00,0.00,17.00,4.14,0.00,4.14,4.67,0.00,4.67,AStar
907,2.92,AllyPrefab,Ally,AllyIdleState,Idling,AgentPrefab,4.15,0.00,4.15,9.00,0.00,17.00,9.00,0.00,17.00,N/A
907,2.92,AgentPrefab,Agent,MoveState,Moving,AllyPrefab,9.00,0.00,17.00,4.15,0.00,4.15,4.67,0.00,4.67,AStar
908,2.92,AllyPrefab,Ally,AllyIdleState,Idling,AgentPrefab,4.15,0.00,4.15,9.00,0.00,17.00,9.00,0.00,17.00,N/A
908,2.92,AgentPrefab,Agent,MoveState,Moving,AllyPrefab,9.00,0.00,17.00,4.15,0.00,4.15,4.67,0.00,4.67,AStar
909,2.92,AllyPrefab,Ally,AllyIdleState,Idling,AgentPrefab,4.16,0.00,4.16,9.00,0.00,17.00,9.00,0.00,17.00,N/A
909,2.92,AgentPrefab,Agent,MoveState,Moving,AllyPrefab,9.00,0.00,17.00,4.16,0.00,4.16,4.67,0.00,4.67,AStar
910,2.93,AllyPrefab,Ally,AllyIdleState,Idling,AgentPrefab,4.16,0.00,4.16,9.00,0.00,17.00,9.00,0.00,17.00,N/A
910,2.93,AgentPrefab,Agent,MoveState,Moving,AllyPrefab,9.00,0.00,17.00,4.16,0.00,4.16,4.67,0.00,4.67,AStar
911,2.93,AllyPrefab,Ally,AllyIdleState,Idling,AgentPrefab,4.17,0.00,4.17,9.00,0.00,17.00,9.00,0.00,17.00,N/A
911,2.93,AgentPrefab,Agent,MoveState,Moving,AllyPrefab,9.00,0.00,17.00,4.17,0.00,4.17,4.67,0.00,4.67,AStar
912,2.93,AllyPrefab,Ally,AllyIdleState,Idling,AgentPrefab,4.17,0.00,4.17,9.00,0.00,17.00,9.00,0.00,17.00,N/A
912,2.93,AgentPrefab,Agent,MoveState,Moving,AllyPrefab,9.00,0.00,17.00,4.17,0.00,4.17,4.67,0.00,4.67,AStar
913,2.93,AllyPrefab,Ally,AllyIdleState,Idling,AgentPrefab,4.17,0.00,4.17,9.00,0.00,17.00,9.00,0.00,17.00,N/A
913,2.93,AgentPrefab,Agent,MoveState,Moving,AllyPrefab,9.00,0.00,17.00,4.17,0.00,4.17,4.67,0.00,4.67,AStar
914,2.94,AllyPrefab,Ally,AllyIdleState,Idling,AgentPrefab,4.18,0.00,4.18,9.00,0.00,17.00,9.00,0.00,17.00,N/A
914,2.94,AgentPrefab,Agent,MoveState,Moving,AllyPrefab,9.00,0.00,17.00,4.18,0.00,4.18,4.67,0.00,4.67,AStar
915,2.94,AllyPrefab,Ally,AllyIdleState,Idling,AgentPrefab,4.18,0.00,4.18,9.00,0.00,17.00,9.00,0.00,17.00,N/A
915,2.94,AgentPrefab,Agent,MoveState,Moving,AllyPrefab,9.00,0.00,17.00,4.18,0.00,4.18,4.67,0.00,4.67,AStar
916,2.94,AllyPrefab,Ally,AllyIdleState,Idling,AgentPrefab,4.19,0.00,4.19,9.00,0.00,17.00,9.00,0.00,17.00,N/A
916,2.94,AgentPrefab,Agent,MoveState,Moving,AllyPrefab,9.00,0.00,17.00,4.19,0.00,4.19,4.67,0.00,4.67,AStar
917,2.95,AllyPrefab,Ally,AllyIdleState,Idling,AgentPrefab,4.19,0.00,4.19,9.00,0.00,17.00,9.00,0.00,17.00,N/A
917,2.95,AgentPrefab,Agent,MoveState,Moving,AllyPrefab,9.00,0.00,17.00,4.19,0.00,4.19,4.67,0.00,4.67,AStar
918,2.95,AllyPrefab,Ally,AllyIdleState,Idling,AgentPrefab,4.19,0.00,4.19,9.00,0.00,17.00,9.00,0.00,17.00,N/A
918,2.95,AgentPrefab,Agent,MoveState,Moving,AllyPrefab,9.00,0.00,17.00,4.19,0.00,4.19,4.67,0.00,4.67,AStar
919,2.95,AllyPrefab,Ally,AllyIdleState,Idling,AgentPrefab,4.20,0.00,4.20,9.00,0.00,17.00,9.00,0.00,17.00,N/A
919,2.95,AgentPrefab,Agent,MoveState,Moving,AllyPrefab,9.00,0.00,17.00,4.20,0.00,4.20,4.67,0.00,4.67,AStar
920,2.96,AllyPrefab,Ally,AllyIdleState,Idling,AgentPrefab,4.20,0.00,4.20,9.00,0.00,17.00,9.00,0.00,17.00,N/A
920,2.96,AgentPrefab,Agent,MoveState,Moving,AllyPrefab,9.00,0.00,17.00,4.20,0.00,4.20,4.67,0.00,4.67,AStar
921,2.96,AllyPrefab,Ally,AllyIdleState,Idling,AgentPrefab,4.21,0.00,4.21,9.00,0.00,17.00,9.00,0.00,17.00,N/A
921,2.96,AgentPrefab,Agent,MoveState,Moving,AllyPrefab,9.00,0.00,17.00,4.21,0.00,4.21,4.67,0.00,4.67,AStar
922,2.96,AllyPrefab,Ally,AllyIdleState,Idling,AgentPrefab,4.21,0.00,4.21,9.00,0.00,17.00,9.00,0.00,17.00,N/A
922,2.96,AgentPrefab,Agent,MoveState,Moving,AllyPrefab,9.00,0.00,17.00,4.21,0.00,4.21,4.67,0.00,4.67,AStar
923,2.96,AllyPrefab,Ally,AllyIdleState,Idling,AgentPrefab,4.22,0.00,4.22,9.00,0.00,17.00,9.00,0.00,17.00,N/A
923,2.96,AgentPrefab,Agent,MoveState,Moving,AllyPrefab,9.00,0.00,17.00,4.22,0.00,4.22,4.67,0.00,4.67,AStar
924,2.97,AllyPrefab,Ally,AllyIdleState,Idling,AgentPrefab,4.22,0.00,4.22,9.00,0.00,17.00,9.00,0.00,17.00,N/A
924,2.97,AgentPrefab,Agent,MoveState,Moving,AllyPrefab,9.00,0.00,17.00,4.22,0.00,4.22,4.67,0.00,4.67,AStar
925,2.97,AllyPrefab,Ally,AllyIdleState,Idling,AgentPrefab,4.23,0.00,4.23,9.00,0.00,17.00,9.00,0.00,17.00,N/A
925,2.97,AgentPrefab,Agent,MoveState,Moving,AllyPrefab,9.00,0.00,17.00,4.23,0.00,4.23,4.67,0.00,4.67,AStar
926,2.97,AllyPrefab,Ally,AllyIdleState,Idling,AgentPrefab,4.23,0.00,4.23,9.00,0.00,17.00,9.00,0.00,17.00,N/A
926,2.97,AgentPrefab,Agent,MoveState,Moving,AllyPrefab,9.00,0.00,17.00,4.23,0.00,4.23,4.67,0.00,4.67,AStar
927,2.98,AllyPrefab,Ally,AllyIdleState,Idling,AgentPrefab,4.23,0.00,4.23,9.00,0.00,17.00,9.00,0.00,17.00,N/A
927,2.98,AgentPrefab,Agent,MoveState,Moving,AllyPrefab,9.00,0.00,17.00,4.23,0.00,4.23,4.67,0.00,4.67,AStar
928,2.98,AllyPrefab,Ally,AllyIdleState,Idling,AgentPrefab,4.24,0.00,4.24,9.00,0.00,17.00,9.00,0.00,17.00,N/A
928,2.98,AgentPrefab,Agent,MoveState,Moving,AllyPrefab,9.00,0.00,17.00,4.24,0.00,4.24,4.67,0.00,4.67,AStar
929,2.98,AllyPrefab,Ally,AllyIdleState,Idling,AgentPrefab,4.24,0.00,4.24,9.00,0.00,17.00,9.00,0.00,17.00,N/A
929,2.98,AgentPrefab,Agent,MoveState,Moving,AllyPrefab,9.00,0.00,17.00,4.24,0.00,4.24,4.67,0.00,4.67,AStar
930,2.99,AllyPrefab,Ally,AllyIdleState,Idling,AgentPrefab,4.25,0.00,4.25,9.00,0.00,17.00,9.00,0.00,17.00,N/A
930,2.99,AgentPrefab,Agent,MoveState,Moving,AllyPrefab,9.00,0.00,17.00,4.25,0.00,4.25,4.67,0.00,4.67,AStar
931,2.99,AllyPrefab,Ally,AllyIdleState,Idling,AgentPrefab,4.25,0.00,4.25,9.00,0.00,17.00,9.00,0.00,17.00,N/A
931,2.99,AgentPrefab,Agent,MoveState,Moving,AllyPrefab,9.00,0.00,17.00,4.25,0.00,4.25,4.67,0.00,4.67,AStar
932,2.99,AllyPrefab,Ally,AllyIdleState,Idling,AgentPrefab,4.25,0.00,4.25,9.00,0.00,17.00,9.00,0.00,17.00,N/A
932,2.99,AgentPrefab,Agent,MoveState,Moving,AllyPrefab,9.00,0.00,17.00,4.25,0.00,4.25,4.67,0.00,4.67,AStar
933,3.00,AllyPrefab,Ally,AllyIdleState,Idling,AgentPrefab,4.26,0.00,4.26,9.00,0.00,17.00,9.00,0.00,17.00,N/A
933,3.00,AgentPrefab,Agent,MoveState,Moving,AllyPrefab,9.00,0.00,17.00,4.26,0.00,4.26,4.67,0.00,4.67,AStar
934,3.00,AllyPrefab,Ally,AllyIdleState,Idling,AgentPrefab,4.26,0.00,4.26,9.00,0.00,17.00,9.00,0.00,17.00,N/A
934,3.00,AgentPrefab,Agent,MoveState,Moving,AllyPrefab,9.00,0.00,17.00,4.26,0.00,4.26,4.67,0.00,4.67,AStar
935,3.00,AllyPrefab,Ally,AllyIdleState,Idling,AgentPrefab,4.27,0.00,4.27,9.00,0.00,17.00,9.00,0.00,17.00,N/A
935,3.00,AgentPrefab,Agent,MoveState,Moving,AllyPrefab,9.00,0.00,17.00,4.27,0.00,4.27,4.67,0.00,4.67,AStar
936,3.00,AllyPrefab,Ally,AllyIdleState,Idling,AgentPrefab,4.27,0.00,4.27,9.00,0.00,17.00,9.00,0.00,17.00,N/A
936,3.00,AgentPrefab,Agent,MoveState,Moving,AllyPrefab,9.00,0.00,17.00,4.27,0.00,4.27,4.67,0.00,4.67,AStar
937,3.01,AllyPrefab,Ally,AllyIdleState,Idling,AgentPrefab,4.28,0.00,4.28,9.00,0.00,17.00,9.00,0.00,17.00,N/A
937,3.01,AgentPrefab,Agent,MoveState,Moving,AllyPrefab,9.00,0.00,17.00,4.28,0.00,4.28,4.67,0.00,4.67,AStar
938,3.01,AllyPrefab,Ally,AllyIdleState,Idling,AgentPrefab,4.28,0.00,4.28,9.00,0.00,17.00,9.00,0.00,17.00,N/A
938,3.01,AgentPrefab,Agent,MoveState,Moving,AllyPrefab,9.00,0.00,17.00,4.28,0.00,4.28,4.67,0.00,4.67,AStar
939,3.01,AllyPrefab,Ally,AllyIdleState,Idling,AgentPrefab,4.29,0.00,4.29,9.00,0.00,17.00,9.00,0.00,17.00,N/A
939,3.01,AgentPrefab,Agent,MoveState,Moving,AllyPrefab,9.00,0.00,17.00,4.29,0.00,4.29,4.67,0.00,4.67,AStar
940,3.02,AllyPrefab,Ally,AllyIdleState,Idling,AgentPrefab,4.29,0.00,4.29,9.00,0.00,17.00,9.00,0.00,17.00,N/A
940,3.02,AgentPrefab,Agent,MoveState,Moving,AllyPrefab,9.00,0.00,17.00,4.29,0.00,4.29,4.67,0.00,4.67,AStar
941,3.02,AllyPrefab,Ally,AllyIdleState,Idling,AgentPrefab,4.29,0.00,4.29,9.00,0.00,17.00,9.00,0.00,17.00,N/A
941,3.02,AgentPrefab,Agent,MoveState,Moving,AllyPrefab,9.00,0.00,17.00,4.29,0.00,4.29,4.67,0.00,4.67,AStar
942,3.02,AllyPrefab,Ally,AllyIdleState,Idling,AgentPrefab,4.30,0.00,4.30,9.00,0.00,17.00,9.00,0.00,17.00,N/A
942,3.02,AgentPrefab,Agent,MoveState,Moving,AllyPrefab,9.00,0.00,17.00,4.30,0.00,4.30,4.67,0.00,4.67,AStar
943,3.03,AllyPrefab,Ally,AllyIdleState,Idling,AgentPrefab,4.30,0.00,4.30,9.00,0.00,17.00,9.00,0.00,17.00,N/A
943,3.03,AgentPrefab,Agent,MoveState,Moving,AllyPrefab,9.00,0.00,17.00,4.30,0.00,4.30,4.67,0.00,4.67,AStar
944,3.03,AllyPrefab,Ally,AllyIdleState,Idling,AgentPrefab,4.31,0.00,4.31,9.00,0.00,17.00,9.00,0.00,17.00,N/A
944,3.03,AgentPrefab,Agent,MoveState,Moving,AllyPrefab,9.00,0.00,17.00,4.31,0.00,4.31,4.67,0.00,4.67,AStar
945,3.03,AllyPrefab,Ally,AllyIdleState,Idling,AgentPrefab,4.31,0.00,4.31,9.00,0.00,17.00,9.00,0.00,17.00,N/A
945,3.03,AgentPrefab,Agent,MoveState,Moving,AllyPrefab,9.00,0.00,17.00,4.31,0.00,4.31,4.67,0.00,4.67,AStar
946,3.04,AllyPrefab,Ally,AllyIdleState,Idling,AgentPrefab,4.32,0.00,4.32,9.00,0.00,17.00,9.00,0.00,17.00,N/A
946,3.04,AgentPrefab,Agent,MoveState,Moving,AllyPrefab,9.00,0.00,17.00,4.32,0.00,4.32,4.67,0.00,4.67,AStar
947,3.04,AllyPrefab,Ally,AllyIdleState,Idling,AgentPrefab,4.32,0.00,4.32,9.00,0.00,17.00,9.00,0.00,17.00,N/A
947,3.04,AgentPrefab,Agent,MoveState,Moving,AllyPrefab,9.00,0.00,17.00,4.32,0.00,4.32,4.67,0.00,4.67,AStar
948,3.04,AllyPrefab,Ally,AllyIdleState,Idling,AgentPrefab,4.33,0.00,4.33,9.00,0.00,17.00,9.00,0.00,17.00,N/A
948,3.04,AgentPrefab,Agent,MoveState,Moving,AllyPrefab,9.00,0.00,17.00,4.33,0.00,4.33,4.67,0.00,4.67,AStar
949,3.04,AllyPrefab,Ally,AllyIdleState,Idling,AgentPrefab,4.33,0.00,4.33,9.00,0.00,17.00,9.00,0.00,17.00,N/A
949,3.04,AgentPrefab,Agent,MoveState,Moving,AllyPrefab,9.00,0.00,17.00,4.33,0.00,4.33,4.67,0.00,4.67,AStar
950,3.05,AllyPrefab,Ally,AllyIdleState,Idling,AgentPrefab,4.33,0.00,4.33,9.00,0.00,17.00,9.00,0.00,17.00,N/A
950,3.05,AgentPrefab,Agent,MoveState,Moving,AllyPrefab,9.00,0.00,17.00,4.33,0.00,4.33,4.67,0.00,4.67,AStar
951,3.05,AllyPrefab,Ally,AllyIdleState,Idling,AgentPrefab,4.34,0.00,4.34,9.00,0.00,17.00,9.00,0.00,17.00,N/A
951,3.05,AgentPrefab,Agent,MoveState,Moving,AllyPrefab,9.00,0.00,17.00,4.34,0.00,4.34,4.67,0.00,4.67,AStar
952,3.05,AllyPrefab,Ally,AllyIdleState,Idling,AgentPrefab,4.34,0.00,4.34,9.00,0.00,17.00,9.00,0.00,17.00,N/A
952,3.05,AgentPrefab,Agent,MoveState,Moving,AllyPrefab,9.00,0.00,17.00,4.34,0.00,4.34,4.67,0.00,4.67,AStar
953,3.06,AllyPrefab,Ally,AllyIdleState,Idling,AgentPrefab,4.35,0.00,4.35,9.00,0.00,17.00,9.00,0.00,17.00,N/A
953,3.06,AgentPrefab,Agent,MoveState,Moving,AllyPrefab,9.00,0.00,17.00,4.35,0.00,4.35,4.67,0.00,4.67,AStar
954,3.06,AllyPrefab,Ally,AllyIdleState,Idling,AgentPrefab,4.35,0.00,4.35,9.00,0.00,17.00,9.00,0.00,17.00,N/A
954,3.06,AgentPrefab,Agent,MoveState,Moving,AllyPrefab,9.00,0.00,17.00,4.35,0.00,4.35,4.67,0.00,4.67,AStar
955,3.06,AllyPrefab,Ally,AllyIdleState,Idling,AgentPrefab,4.36,0.00,4.36,9.00,0.00,17.00,9.00,0.00,17.00,N/A
955,3.06,AgentPrefab,Agent,MoveState,Moving,AllyPrefab,9.00,0.00,17.00,4.36,0.00,4.36,4.67,0.00,4.67,AStar
956,3.07,AllyPrefab,Ally,AllyIdleState,Idling,AgentPrefab,4.36,0.00,4.36,9.00,0.00,17.00,9.00,0.00,17.00,N/A
956,3.07,AgentPrefab,Agent,MoveState,Moving,AllyPrefab,9.00,0.00,17.00,4.36,0.00,4.36,4.67,0.00,4.67,AStar
957,3.07,AllyPrefab,Ally,AllyIdleState,Idling,AgentPrefab,4.36,0.00,4.36,9.00,0.00,17.00,9.00,0.00,17.00,N/A
957,3.07,AgentPrefab,Agent,MoveState,Moving,AllyPrefab,9.00,0.00,17.00,4.36,0.00,4.36,4.67,0.00,4.67,AStar
958,3.07,AllyPrefab,Ally,AllyIdleState,Idling,AgentPrefab,4.37,0.00,4.37,9.00,0.00,17.00,9.00,0.00,17.00,N/A
958,3.07,AgentPrefab,Agent,MoveState,Moving,AllyPrefab,9.00,0.00,17.00,4.37,0.00,4.37,4.67,0.00,4.67,AStar
959,3.07,AllyPrefab,Ally,AllyIdleState,Idling,AgentPrefab,4.37,0.00,4.37,9.00,0.00,17.00,9.00,0.00,17.00,N/A
959,3.07,AgentPrefab,Agent,MoveState,Moving,AllyPrefab,9.00,0.00,17.00,4.37,0.00,4.37,4.67,0.00,4.67,AStar
960,3.08,AllyPrefab,Ally,AllyIdleState,Idling,AgentPrefab,4.38,0.00,4.38,9.00,0.00,17.00,9.00,0.00,17.00,N/A
960,3.08,AgentPrefab,Agent,MoveState,Moving,AllyPrefab,9.00,0.00,17.00,4.38,0.00,4.38,4.67,0.00,4.67,AStar
961,3.08,AllyPrefab,Ally,AllyIdleState,Idling,AgentPrefab,4.38,0.00,4.38,9.00,0.00,17.00,9.00,0.00,17.00,N/A
961,3.08,AgentPrefab,Agent,MoveState,Moving,AllyPrefab,9.00,0.00,17.00,4.38,0.00,4.38,4.67,0.00,4.67,AStar
962,3.08,AllyPrefab,Ally,AllyIdleState,Idling,AgentPrefab,4.39,0.00,4.39,9.00,0.00,17.00,9.00,0.00,17.00,N/A
962,3.08,AgentPrefab,Agent,MoveState,Moving,AllyPrefab,9.00,0.00,17.00,4.39,0.00,4.39,4.67,0.00,4.67,AStar
963,3.09,AllyPrefab,Ally,AllyIdleState,Idling,AgentPrefab,4.39,0.00,4.39,9.00,0.00,17.00,9.00,0.00,17.00,N/A
963,3.09,AgentPrefab,Agent,MoveState,Moving,AllyPrefab,9.00,0.00,17.00,4.39,0.00,4.39,4.67,0.00,4.67,AStar
964,3.09,AllyPrefab,Ally,AllyIdleState,Idling,AgentPrefab,4.39,0.00,4.39,9.00,0.00,17.00,9.00,0.00,17.00,N/A
964,3.09,AgentPrefab,Agent,MoveState,Moving,AllyPrefab,9.00,0.00,17.00,4.39,0.00,4.39,4.67,0.00,4.67,AStar
965,3.09,AllyPrefab,Ally,AllyIdleState,Idling,AgentPrefab,4.40,0.00,4.40,9.00,0.00,17.00,9.00,0.00,17.00,N/A
965,3.09,AgentPrefab,Agent,MoveState,Moving,AllyPrefab,9.00,0.00,17.00,4.40,0.00,4.40,4.67,0.00,4.67,AStar
966,3.10,AllyPrefab,Ally,AllyIdleState,Idling,AgentPrefab,4.40,0.00,4.40,9.00,0.00,17.00,9.00,0.00,17.00,N/A
966,3.10,AgentPrefab,Agent,MoveState,Moving,AllyPrefab,9.00,0.00,17.00,4.40,0.00,4.40,4.67,0.00,4.67,AStar
967,3.10,AllyPrefab,Ally,AllyIdleState,Idling,AgentPrefab,4.41,0.00,4.41,9.00,0.00,17.00,9.00,0.00,17.00,N/A
967,3.10,AgentPrefab,Agent,MoveState,Moving,AllyPrefab,9.00,0.00,17.00,4.41,0.00,4.41,4.67,0.00,4.67,AStar
968,3.10,AllyPrefab,Ally,AllyIdleState,Idling,AgentPrefab,4.41,0.00,4.41,9.00,0.00,17.00,9.00,0.00,17.00,N/A
968,3.10,AgentPrefab,Agent,MoveState,Moving,AllyPrefab,9.00,0.00,17.00,4.41,0.00,4.41,4.67,0.00,4.67,AStar
969,3.10,AllyPrefab,Ally,AllyIdleState,Idling,AgentPrefab,4.41,0.00,4.41,9.00,0.00,17.00,9.00,0.00,17.00,N/A
969,3.10,AgentPrefab,Agent,MoveState,Moving,AllyPrefab,9.00,0.00,17.00,4.41,0.00,4.41,4.67,0.00,4.67,AStar
970,3.11,AllyPrefab,Ally,AllyIdleState,Idling,AgentPrefab,4.42,0.00,4.42,9.00,0.00,17.00,9.00,0.00,17.00,N/A
970,3.11,AgentPrefab,Agent,MoveState,Moving,AllyPrefab,9.00,0.00,17.00,4.42,0.00,4.42,4.67,0.00,4.67,AStar
971,3.11,AllyPrefab,Ally,AllyIdleState,Idling,AgentPrefab,4.42,0.00,4.42,9.00,0.00,17.00,9.00,0.00,17.00,N/A
971,3.11,AgentPrefab,Agent,MoveState,Moving,AllyPrefab,9.00,0.00,17.00,4.42,0.00,4.42,4.67,0.00,4.67,AStar
972,3.11,AllyPrefab,Ally,AllyIdleState,Idling,AgentPrefab,4.43,0.00,4.43,9.00,0.00,17.00,9.00,0.00,17.00,N/A
972,3.11,AgentPrefab,Agent,MoveState,Moving,AllyPrefab,9.00,0.00,17.00,4.43,0.00,4.43,4.67,0.00,4.67,AStar
973,3.12,AllyPrefab,Ally,AllyIdleState,Idling,AgentPrefab,4.43,0.00,4.43,9.00,0.00,17.00,9.00,0.00,17.00,N/A
973,3.12,AgentPrefab,Agent,MoveState,Moving,AllyPrefab,9.00,0.00,17.00,4.43,0.00,4.43,4.67,0.00,4.67,AStar
974,3.12,AllyPrefab,Ally,AllyIdleState,Idling,AgentPrefab,4.44,0.00,4.44,9.00,0.00,17.00,9.00,0.00,17.00,N/A
974,3.12,AgentPrefab,Agent,MoveState,Moving,AllyPrefab,9.00,0.00,17.00,4.44,0.00,4.44,4.67,0.00,4.67,AStar
975,3.12,AllyPrefab,Ally,AllyIdleState,Idling,AgentPrefab,4.44,0.00,4.44,9.00,0.00,17.00,9.00,0.00,17.00,N/A
975,3.12,AgentPrefab,Agent,MoveState,Moving,AllyPrefab,9.00,0.00,17.00,4.44,0.00,4.44,4.67,0.00,4.67,AStar
976,3.13,AllyPrefab,Ally,AllyIdleState,Idling,AgentPrefab,4.44,0.00,4.44,9.00,0.00,17.00,9.00,0.00,17.00,N/A
976,3.13,AgentPrefab,Agent,MoveState,Moving,AllyPrefab,9.00,0.00,17.00,4.44,0.00,4.44,4.67,0.00,4.67,AStar
977,3.13,AllyPrefab,Ally,AllyIdleState,Idling,AgentPrefab,4.45,0.00,4.45,9.00,0.00,17.00,9.00,0.00,17.00,N/A
977,3.13,AgentPrefab,Agent,MoveState,Moving,AllyPrefab,9.00,0.00,17.00,4.45,0.00,4.45,4.67,0.00,4.67,AStar
978,3.13,AllyPrefab,Ally,AllyIdleState,Idling,AgentPrefab,4.45,0.00,4.45,9.00,0.00,17.00,9.00,0.00,17.00,N/A
978,3.13,AgentPrefab,Agent,MoveState,Moving,AllyPrefab,9.00,0.00,17.00,4.45,0.00,4.45,4.67,0.00,4.67,AStar
979,3.13,AllyPrefab,Ally,AllyIdleState,Idling,AgentPrefab,4.46,0.00,4.46,9.00,0.00,17.00,9.00,0.00,17.00,N/A
979,3.13,AgentPrefab,Agent,MoveState,Moving,AllyPrefab,9.00,0.00,17.00,4.46,0.00,4.46,4.67,0.00,4.67,AStar
980,3.14,AllyPrefab,Ally,AllyIdleState,Idling,AgentPrefab,4.46,0.00,4.46,9.00,0.00,17.00,9.00,0.00,17.00,N/A
980,3.14,AgentPrefab,Agent,MoveState,Moving,AllyPrefab,9.00,0.00,17.00,4.46,0.00,4.46,4.67,0.00,4.67,AStar
981,3.14,AllyPrefab,Ally,AllyIdleState,Idling,AgentPrefab,4.47,0.00,4.47,9.00,0.00,17.00,9.00,0.00,17.00,N/A
981,3.14,AgentPrefab,Agent,MoveState,Moving,AllyPrefab,9.00,0.00,17.00,4.47,0.00,4.47,4.67,0.00,4.67,AStar
982,3.14,AllyPrefab,Ally,AllyIdleState,Idling,AgentPrefab,4.47,0.00,4.47,9.00,0.00,17.00,9.00,0.00,17.00,N/A
982,3.14,AgentPrefab,Agent,MoveState,Moving,AllyPrefab,9.00,0.00,17.00,4.47,0.00,4.47,4.67,0.00,4.67,AStar
983,3.15,AllyPrefab,Ally,AllyIdleState,Idling,AgentPrefab,4.47,0.00,4.47,9.00,0.00,17.00,9.00,0.00,17.00,N/A
983,3.15,AgentPrefab,Agent,MoveState,Moving,AllyPrefab,9.00,0.00,17.00,4.47,0.00,4.47,4.67,0.00,4.67,AStar
984,3.15,AllyPrefab,Ally,AllyIdleState,Idling,AgentPrefab,4.48,0.00,4.48,9.00,0.00,17.00,9.00,0.00,17.00,N/A
984,3.15,AgentPrefab,Agent,MoveState,Moving,AllyPrefab,9.00,0.00,17.00,4.48,0.00,4.48,4.67,0.00,4.67,AStar
985,3.15,AllyPrefab,Ally,AllyIdleState,Idling,AgentPrefab,4.48,0.00,4.48,9.00,0.00,17.00,9.00,0.00,17.00,N/A
985,3.15,AgentPrefab,Agent,MoveState,Moving,AllyPrefab,9.00,0.00,17.00,4.48,0.00,4.48,4.67,0.00,4.67,AStar
986,3.16,AllyPrefab,Ally,AllyIdleState,Idling,AgentPrefab,4.49,0.00,4.49,9.00,0.00,17.00,9.00,0.00,17.00,N/A
986,3.16,AgentPrefab,Agent,MoveState,Moving,AllyPrefab,9.00,0.00,17.00,4.49,0.00,4.49,4.67,0.00,4.67,AStar
987,3.16,AllyPrefab,Ally,AllyIdleState,Idling,AgentPrefab,4.49,0.00,4.49,9.00,0.00,17.00,9.00,0.00,17.00,N/A
987,3.16,AgentPrefab,Agent,MoveState,Moving,AllyPrefab,9.00,0.00,17.00,4.49,0.00,4.49,4.67,0.00,4.67,AStar
988,3.16,AllyPrefab,Ally,AllyIdleState,Idling,AgentPrefab,4.49,0.00,4.49,9.00,0.00,17.00,9.00,0.00,17.00,N/A
988,3.16,AgentPrefab,Agent,MoveState,Moving,AllyPrefab,9.00,0.00,17.00,4.49,0.00,4.49,4.67,0.00,4.67,AStar
989,3.17,AllyPrefab,Ally,AllyIdleState,Idling,AgentPrefab,4.50,0.00,4.50,9.00,0.00,17.00,9.00,0.00,17.00,N/A
989,3.17,AgentPrefab,Agent,MoveState,Moving,AllyPrefab,9.00,0.00,17.00,4.50,0.00,4.50,4.67,0.00,4.67,AStar
990,3.17,AllyPrefab,Ally,AllyIdleState,Idling,AgentPrefab,4.50,0.00,4.50,9.00,0.00,17.00,9.00,0.00,17.00,N/A
990,3.17,AgentPrefab,Agent,MoveState,Moving,AllyPrefab,9.00,0.00,17.00,4.50,0.00,4.50,4.67,0.00,4.67,AStar
991,3.17,AllyPrefab,Ally,AllyIdleState,Idling,AgentPrefab,4.51,0.00,4.51,9.00,0.00,17.00,9.00,0.00,17.00,N/A
991,3.17,AgentPrefab,Agent,MoveState,Moving,AllyPrefab,9.00,0.00,17.00,4.51,0.00,4.51,4.67,0.00,4.67,AStar
992,3.17,AllyPrefab,Ally,AllyIdleState,Idling,AgentPrefab,4.51,0.00,4.51,9.00,0.00,17.00,9.00,0.00,17.00,N/A
992,3.17,AgentPrefab,Agent,MoveState,Moving,AllyPrefab,9.00,0.00,17.00,4.51,0.00,4.51,4.67,0.00,4.67,AStar
993,3.18,AllyPrefab,Ally,AllyIdleState,Idling,AgentPrefab,4.52,0.00,4.52,9.00,0.00,17.00,9.00,0.00,17.00,N/A
993,3.18,AgentPrefab,Agent,MoveState,Moving,AllyPrefab,9.00,0.00,17.00,4.52,0.00,4.52,4.67,0.00,4.67,AStar
994,3.18,AllyPrefab,Ally,AllyIdleState,Idling,AgentPrefab,4.52,0.00,4.52,9.00,0.00,17.00,9.00,0.00,17.00,N/A
994,3.18,AgentPrefab,Agent,MoveState,Moving,AllyPrefab,9.00,0.00,17.00,4.52,0.00,4.52,4.67,0.00,4.67,AStar
995,3.18,AllyPrefab,Ally,AllyIdleState,Idling,AgentPrefab,4.53,0.00,4.53,9.00,0.00,17.00,9.00,0.00,17.00,N/A
995,3.18,AgentPrefab,Agent,MoveState,Moving,AllyPrefab,9.00,0.00,17.00,4.53,0.00,4.53,4.67,0.00,4.67,AStar
996,3.19,AllyPrefab,Ally,AllyIdleState,Idling,AgentPrefab,4.53,0.00,4.53,9.00,0.00,17.00,9.00,0.00,17.00,N/A
996,3.19,AgentPrefab,Agent,MoveState,Moving,AllyPrefab,9.00,0.00,17.00,4.53,0.00,4.53,4.67,0.00,4.67,AStar
997,3.19,AllyPrefab,Ally,AllyIdleState,Idling,AgentPrefab,4.53,0.00,4.53,9.00,0.00,17.00,9.00,0.00,17.00,N/A
997,3.19,AgentPrefab,Agent,MoveState,Moving,AllyPrefab,9.00,0.00,17.00,4.53,0.00,4.53,4.67,0.00,4.67,AStar
998,3.19,AllyPrefab,Ally,AllyIdleState,Idling,AgentPrefab,4.54,0.00,4.54,9.00,0.00,17.00,9.00,0.00,17.00,N/A
998,3.19,AgentPrefab,Agent,MoveState,Moving,AllyPrefab,9.00,0.00,17.00,4.54,0.00,4.54,4.67,0.00,4.67,AStar
999,3.19,AllyPrefab,Ally,AllyIdleState,Idling,AgentPrefab,4.54,0.00,4.54,9.00,0.00,17.00,9.00,0.00,17.00,N/A
999,3.19,AgentPrefab,Agent,MoveState,Moving,AllyPrefab,9.00,0.00,17.00,4.54,0.00,4.54,4.67,0.00,4.67,AStar
1000,3.20,AllyPrefab,Ally,AllyIdleState,Idling,AgentPrefab,4.55,0.00,4.55,9.00,0.00,17.00,9.00,0.00,17.00,N/A
1000,3.20,AgentPrefab,Agent,MoveState,Moving,AllyPrefab,9.00,0.00,17.00,4.55,0.00,4.55,4.67,0.00,4.67,AStar
1001,3.20,AllyPrefab,Ally,AllyIdleState,Idling,AgentPrefab,4.55,0.00,4.55,9.00,0.00,17.00,9.00,0.00,17.00,N/A
1001,3.20,AgentPrefab,Agent,MoveState,Moving,AllyPrefab,9.00,0.00,17.00,4.55,0.00,4.55,4.67,0.00,4.67,AStar
1002,3.20,AllyPrefab,Ally,AllyIdleState,Idling,AgentPrefab,4.56,0.00,4.56,9.00,0.00,17.00,9.00,0.00,17.00,N/A
1002,3.20,AgentPrefab,Agent,MoveState,Moving,AllyPrefab,9.00,0.00,17.00,4.56,0.00,4.56,4.67,0.00,4.67,AStar
1003,3.21,AllyPrefab,Ally,AllyIdleState,Idling,AgentPrefab,4.56,0.00,4.56,9.00,0.00,17.00,9.00,0.00,17.00,N/A
1003,3.21,AgentPrefab,Agent,MoveState,Moving,AllyPrefab,9.00,0.00,17.00,4.56,0.00,4.56,4.67,0.00,4.67,AStar
1004,3.21,AllyPrefab,Ally,AllyIdleState,Idling,AgentPrefab,4.56,0.00,4.56,9.00,0.00,17.00,9.00,0.00,17.00,N/A
1004,3.21,AgentPrefab,Agent,MoveState,Moving,AllyPrefab,9.00,0.00,17.00,4.56,0.00,4.56,4.67,0.00,4.67,AStar
1005,3.21,AllyPrefab,Ally,AllyIdleState,Idling,AgentPrefab,4.57,0.00,4.57,9.00,0.00,17.00,9.00,0.00,17.00,N/A
1005,3.21,AgentPrefab,Agent,MoveState,Moving,AllyPrefab,9.00,0.00,17.00,4.57,0.00,4.57,4.67,0.00,4.67,AStar
1006,3.22,AllyPrefab,Ally,AllyIdleState,Idling,AgentPrefab,4.57,0.00,4.57,9.00,0.00,17.00,9.00,0.00,17.00,N/A
1006,3.22,AgentPrefab,Agent,MoveState,Moving,AllyPrefab,9.00,0.00,17.00,4.57,0.00,4.57,4.67,0.00,4.67,AStar
1007,3.22,AllyPrefab,Ally,AllyIdleState,Idling,AgentPrefab,4.58,0.00,4.58,9.00,0.00,17.00,9.00,0.00,17.00,N/A
1007,3.22,AgentPrefab,Agent,MoveState,Moving,AllyPrefab,9.00,0.00,17.00,4.58,0.00,4.58,4.67,0.00,4.67,AStar
1008,3.22,AllyPrefab,Ally,AllyIdleState,Idling,AgentPrefab,4.58,0.00,4.58,9.00,0.00,17.00,9.00,0.00,17.00,N/A
1008,3.22,AgentPrefab,Agent,MoveState,Moving,AllyPrefab,9.00,0.00,17.00,4.58,0.00,4.58,4.67,0.00,4.67,AStar
1009,3.23,AllyPrefab,Ally,AllyIdleState,Idling,AgentPrefab,4.59,0.00,4.59,9.00,0.00,17.00,9.00,0.00,17.00,N/A
1009,3.23,AgentPrefab,Agent,MoveState,Moving,AllyPrefab,9.00,0.00,17.00,4.59,0.00,4.59,4.67,0.00,4.67,AStar
1010,3.23,AllyPrefab,Ally,AllyIdleState,Idling,AgentPrefab,4.59,0.00,4.59,9.00,0.00,17.00,9.00,0.00,17.00,N/A
1010,3.23,AgentPrefab,Agent,MoveState,Moving,AllyPrefab,9.00,0.00,17.00,4.59,0.00,4.59,4.67,0.00,4.67,AStar
1011,3.23,AllyPrefab,Ally,AllyIdleState,Idling,AgentPrefab,4.59,0.00,4.59,9.00,0.00,17.00,9.00,0.00,17.00,N/A
1011,3.23,AgentPrefab,Agent,MoveState,Moving,AllyPrefab,9.00,0.00,17.00,4.59,0.00,4.59,4.67,0.00,4.67,AStar
1012,3.23,AllyPrefab,Ally,AllyIdleState,Idling,AgentPrefab,4.60,0.00,4.60,9.00,0.00,17.00,9.00,0.00,17.00,N/A
1012,3.23,AgentPrefab,Agent,MoveState,Moving,AllyPrefab,9.00,0.00,17.00,4.60,0.00,4.60,4.67,0.00,4.67,AStar
1013,3.24,AllyPrefab,Ally,AllyIdleState,Idling,AgentPrefab,4.60,0.00,4.60,9.00,0.00,17.00,9.00,0.00,17.00,N/A
1013,3.24,AgentPrefab,Agent,MoveState,Moving,AllyPrefab,9.00,0.00,17.00,4.60,0.00,4.60,4.67,0.00,4.67,AStar
1014,3.24,AllyPrefab,Ally,AllyIdleState,Idling,AgentPrefab,4.61,0.00,4.61,9.00,0.00,17.00,9.00,0.00,17.00,N/A
1014,3.24,AgentPrefab,Agent,MoveState,Moving,AllyPrefab,9.00,0.00,17.00,4.61,0.00,4.61,4.67,0.00,4.67,AStar
1015,3.24,AllyPrefab,Ally,AllyIdleState,Idling,AgentPrefab,4.61,0.00,4.61,9.00,0.00,17.00,9.00,0.00,17.00,N/A
1015,3.24,AgentPrefab,Agent,MoveState,Moving,AllyPrefab,9.00,0.00,17.00,4.61,0.00,4.61,4.67,0.00,4.67,AStar
1016,3.25,AllyPrefab,Ally,AllyIdleState,Idling,AgentPrefab,4.61,0.00,4.61,9.00,0.00,17.00,9.00,0.00,17.00,N/A
1016,3.25,AgentPrefab,Agent,MoveState,Moving,AllyPrefab,9.00,0.00,17.00,4.61,0.00,4.61,4.67,0.00,4.67,AStar
1017,3.25,AllyPrefab,Ally,AllyIdleState,Idling,AgentPrefab,4.62,0.00,4.62,9.00,0.00,17.00,9.00,0.00,17.00,N/A
1017,3.25,AgentPrefab,Agent,MoveState,Moving,AllyPrefab,9.00,0.00,17.00,4.62,0.00,4.62,4.67,0.00,4.67,AStar
1018,3.25,AllyPrefab,Ally,AllyIdleState,Idling,AgentPrefab,4.63,0.00,4.63,9.00,0.00,17.00,9.00,0.00,17.00,N/A
1018,3.25,AgentPrefab,Agent,MoveState,Moving,AllyPrefab,9.00,0.00,17.00,4.63,0.00,4.63,4.67,0.00,4.67,AStar
1019,3.26,AllyPrefab,Ally,AllyIdleState,Idling,AgentPrefab,4.63,0.00,4.63,9.00,0.00,17.00,9.00,0.00,17.00,N/A
1019,3.26,AgentPrefab,Agent,MoveState,Moving,AllyPrefab,9.00,0.00,17.00,4.63,0.00,4.63,4.67,0.00,4.67,AStar
1020,3.26,AllyPrefab,Ally,AllyIdleState,Idling,AgentPrefab,4.63,0.00,4.63,9.00,0.00,17.00,9.00,0.00,17.00,N/A
1020,3.26,AgentPrefab,Agent,MoveState,Moving,AllyPrefab,9.00,0.00,17.00,4.63,0.00,4.63,4.67,0.00,4.67,AStar
1021,3.26,AllyPrefab,Ally,AllyIdleState,Idling,AgentPrefab,4.67,0.00,4.67,9.00,0.00,17.00,9.00,0.00,17.00,N/A
1021,3.26,AgentPrefab,Agent,MoveState,Moving,AllyPrefab,9.00,0.00,17.00,4.67,0.00,4.67,5.67,0.00,5.67,AStar
1022,3.27,AllyPrefab,Ally,AllyIdleState,Idling,AgentPrefab,4.68,0.00,4.68,9.00,0.00,17.00,9.00,0.00,17.00,N/A
1022,3.27,AgentPrefab,Agent,MoveState,Moving,AllyPrefab,9.00,0.00,17.00,4.68,0.00,4.68,5.67,0.00,5.67,AStar
1023,3.27,AllyPrefab,Ally,AllyIdleState,Idling,AgentPrefab,4.68,0.00,4.68,9.00,0.00,17.00,9.00,0.00,17.00,N/A
1023,3.27,AgentPrefab,Agent,MoveState,Moving,AllyPrefab,9.00,0.00,17.00,4.68,0.00,4.68,5.67,0.00,5.67,AStar
1024,3.27,AllyPrefab,Ally,AllyIdleState,Idling,AgentPrefab,4.68,0.00,4.68,9.00,0.00,17.00,9.00,0.00,17.00,N/A
1024,3.27,AgentPrefab,Agent,MoveState,Moving,AllyPrefab,9.00,0.00,17.00,4.68,0.00,4.68,5.67,0.00,5.67,AStar
1025,3.28,AllyPrefab,Ally,AllyIdleState,Idling,AgentPrefab,4.69,0.00,4.69,9.00,0.00,17.00,9.00,0.00,17.00,N/A
1025,3.28,AgentPrefab,Agent,MoveState,Moving,AllyPrefab,9.00,0.00,17.00,4.69,0.00,4.69,5.67,0.00,5.67,AStar
1026,3.28,AllyPrefab,Ally,AllyIdleState,Idling,AgentPrefab,4.69,0.00,4.69,9.00,0.00,17.00,9.00,0.00,17.00,N/A
1026,3.28,AgentPrefab,Agent,MoveState,Moving,AllyPrefab,9.00,0.00,17.00,4.69,0.00,4.69,5.67,0.00,5.67,AStar
1027,3.28,AllyPrefab,Ally,AllyIdleState,Idling,AgentPrefab,4.70,0.00,4.70,9.00,0.00,17.00,9.00,0.00,17.00,N/A
1027,3.28,AgentPrefab,Agent,MoveState,Moving,AllyPrefab,9.00,0.00,17.00,4.70,0.00,4.70,5.67,0.00,5.67,AStar
1028,3.28,AllyPrefab,Ally,AllyIdleState,Idling,AgentPrefab,4.70,0.00,4.70,9.00,0.00,17.00,9.00,0.00,17.00,N/A
1028,3.28,AgentPrefab,Agent,MoveState,Moving,AllyPrefab,9.00,0.00,17.00,4.70,0.00,4.70,5.67,0.00,5.67,AStar
1029,3.29,AllyPrefab,Ally,AllyIdleState,Idling,AgentPrefab,4.70,0.00,4.70,9.00,0.00,17.00,9.00,0.00,17.00,N/A
1029,3.29,AgentPrefab,Agent,MoveState,Moving,AllyPrefab,9.00,0.00,17.00,4.70,0.00,4.70,5.67,0.00,5.67,AStar
1030,3.29,AllyPrefab,Ally,AllyIdleState,Idling,AgentPrefab,4.71,0.00,4.71,9.00,0.00,17.00,9.00,0.00,17.00,N/A
1030,3.29,AgentPrefab,Agent,MoveState,Moving,AllyPrefab,9.00,0.00,17.00,4.71,0.00,4.71,5.67,0.00,5.67,AStar
1031,3.29,AllyPrefab,Ally,AllyIdleState,Idling,AgentPrefab,4.71,0.00,4.71,9.00,0.00,17.00,9.00,0.00,17.00,N/A
1031,3.29,AgentPrefab,Agent,MoveState,Moving,AllyPrefab,9.00,0.00,17.00,4.71,0.00,4.71,5.67,0.00,5.67,AStar
1032,3.30,AllyPrefab,Ally,AllyIdleState,Idling,AgentPrefab,4.72,0.00,4.72,9.00,0.00,17.00,9.00,0.00,17.00,N/A
1032,3.30,AgentPrefab,Agent,MoveState,Moving,AllyPrefab,9.00,0.00,17.00,4.72,0.00,4.72,5.67,0.00,5.67,AStar
1033,3.30,AllyPrefab,Ally,AllyIdleState,Idling,AgentPrefab,4.72,0.00,4.72,9.00,0.00,17.00,9.00,0.00,17.00,N/A
1033,3.30,AgentPrefab,Agent,MoveState,Moving,AllyPrefab,9.00,0.00,17.00,4.72,0.00,4.72,5.67,0.00,5.67,AStar
1034,3.30,AllyPrefab,Ally,AllyIdleState,Idling,AgentPrefab,4.72,0.00,4.72,9.00,0.00,17.00,9.00,0.00,17.00,N/A
1034,3.30,AgentPrefab,Agent,MoveState,Moving,AllyPrefab,9.00,0.00,17.00,4.72,0.00,4.72,5.67,0.00,5.67,AStar
1035,3.30,AllyPrefab,Ally,AllyIdleState,Idling,AgentPrefab,4.73,0.00,4.73,9.00,0.00,17.00,9.00,0.00,17.00,N/A
1035,3.30,AgentPrefab,Agent,MoveState,Moving,AllyPrefab,9.00,0.00,17.00,4.73,0.00,4.73,5.67,0.00,5.67,AStar
1036,3.31,AllyPrefab,Ally,AllyIdleState,Idling,AgentPrefab,4.73,0.00,4.73,9.00,0.00,17.00,9.00,0.00,17.00,N/A
1036,3.31,AgentPrefab,Agent,MoveState,Moving,AllyPrefab,9.00,0.00,17.00,4.73,0.00,4.73,5.67,0.00,5.67,AStar
1037,3.31,AllyPrefab,Ally,AllyIdleState,Idling,AgentPrefab,4.74,0.00,4.74,9.00,0.00,17.00,9.00,0.00,17.00,N/A
1037,3.31,AgentPrefab,Agent,MoveState,Moving,AllyPrefab,9.00,0.00,17.00,4.74,0.00,4.74,5.67,0.00,5.67,AStar
1038,3.31,AllyPrefab,Ally,AllyIdleState,Idling,AgentPrefab,4.74,0.00,4.74,9.00,0.00,17.00,9.00,0.00,17.00,N/A
1038,3.31,AgentPrefab,Agent,MoveState,Moving,AllyPrefab,9.00,0.00,17.00,4.74,0.00,4.74,5.67,0.00,5.67,AStar
1039,3.32,AllyPrefab,Ally,AllyIdleState,Idling,AgentPrefab,4.75,0.00,4.75,9.00,0.00,17.00,9.00,0.00,17.00,N/A
1039,3.32,AgentPrefab,Agent,MoveState,Moving,AllyPrefab,9.00,0.00,17.00,4.75,0.00,4.75,5.67,0.00,5.67,AStar
1040,3.32,AllyPrefab,Ally,AllyIdleState,Idling,AgentPrefab,4.75,0.00,4.75,9.00,0.00,17.00,9.00,0.00,17.00,N/A
1040,3.32,AgentPrefab,Agent,MoveState,Moving,AllyPrefab,9.00,0.00,17.00,4.75,0.00,4.75,5.67,0.00,5.67,AStar
1041,3.32,AllyPrefab,Ally,AllyIdleState,Idling,AgentPrefab,4.75,0.00,4.75,9.00,0.00,17.00,9.00,0.00,17.00,N/A
1041,3.32,AgentPrefab,Agent,MoveState,Moving,AllyPrefab,9.00,0.00,17.00,4.75,0.00,4.75,5.67,0.00,5.67,AStar
1042,3.32,AllyPrefab,Ally,AllyIdleState,Idling,AgentPrefab,4.76,0.00,4.76,9.00,0.00,17.00,9.00,0.00,17.00,N/A
1042,3.32,AgentPrefab,Agent,MoveState,Moving,AllyPrefab,9.00,0.00,17.00,4.76,0.00,4.76,5.67,0.00,5.67,AStar
1043,3.33,AllyPrefab,Ally,AllyIdleState,Idling,AgentPrefab,4.76,0.00,4.76,9.00,0.00,17.00,9.00,0.00,17.00,N/A
1043,3.33,AgentPrefab,Agent,MoveState,Moving,AllyPrefab,9.00,0.00,17.00,4.76,0.00,4.76,5.67,0.00,5.67,AStar
1044,3.33,AllyPrefab,Ally,AllyIdleState,Idling,AgentPrefab,4.77,0.00,4.77,9.00,0.00,17.00,9.00,0.00,17.00,N/A
1044,3.33,AgentPrefab,Agent,MoveState,Moving,AllyPrefab,9.00,0.00,17.00,4.77,0.00,4.77,5.67,0.00,5.67,AStar
1045,3.34,AllyPrefab,Ally,AllyIdleState,Idling,AgentPrefab,4.77,0.00,4.77,9.00,0.00,17.00,9.00,0.00,17.00,N/A
1045,3.34,AgentPrefab,Agent,MoveState,Moving,AllyPrefab,9.00,0.00,17.00,4.77,0.00,4.77,5.67,0.00,5.67,AStar
1046,3.34,AllyPrefab,Ally,AllyIdleState,Idling,AgentPrefab,4.78,0.00,4.78,9.00,0.00,17.00,9.00,0.00,17.00,N/A
1046,3.34,AgentPrefab,Agent,MoveState,Moving,AllyPrefab,9.00,0.00,17.00,4.78,0.00,4.78,5.67,0.00,5.67,AStar
1047,3.34,AllyPrefab,Ally,AllyIdleState,Idling,AgentPrefab,4.78,0.00,4.78,9.00,0.00,17.00,9.00,0.00,17.00,N/A
1047,3.34,AgentPrefab,Agent,MoveState,Moving,AllyPrefab,9.00,0.00,17.00,4.78,0.00,4.78,5.67,0.00,5.67,AStar
1048,3.34,AllyPrefab,Ally,AllyIdleState,Idling,AgentPrefab,4.78,0.00,4.78,9.00,0.00,17.00,9.00,0.00,17.00,N/A
1048,3.34,AgentPrefab,Agent,MoveState,Moving,AllyPrefab,9.00,0.00,17.00,4.78,0.00,4.78,5.67,0.00,5.67,AStar
1049,3.35,AllyPrefab,Ally,AllyIdleState,Idling,AgentPrefab,4.79,0.00,4.79,9.00,0.00,17.00,9.00,0.00,17.00,N/A
1049,3.35,AgentPrefab,Agent,MoveState,Moving,AllyPrefab,9.00,0.00,17.00,4.79,0.00,4.79,5.67,0.00,5.67,AStar
1050,3.35,AllyPrefab,Ally,AllyIdleState,Idling,AgentPrefab,4.79,0.00,4.79,9.00,0.00,17.00,9.00,0.00,17.00,N/A
1050,3.35,AgentPrefab,Agent,MoveState,Moving,AllyPrefab,9.00,0.00,17.00,4.79,0.00,4.79,5.67,0.00,5.67,AStar
1051,3.35,AllyPrefab,Ally,AllyIdleState,Idling,AgentPrefab,4.80,0.00,4.80,9.00,0.00,17.00,9.00,0.00,17.00,N/A
1051,3.35,AgentPrefab,Agent,MoveState,Moving,AllyPrefab,9.00,0.00,17.00,4.80,0.00,4.80,5.67,0.00,5.67,AStar
1052,3.36,AllyPrefab,Ally,AllyIdleState,Idling,AgentPrefab,4.80,0.00,4.80,9.00,0.00,17.00,9.00,0.00,17.00,N/A
1052,3.36,AgentPrefab,Agent,MoveState,Moving,AllyPrefab,9.00,0.00,17.00,4.80,0.00,4.80,5.67,0.00,5.67,AStar
1053,3.36,AllyPrefab,Ally,AllyIdleState,Idling,AgentPrefab,4.81,0.00,4.81,9.00,0.00,17.00,9.00,0.00,17.00,N/A
1053,3.36,AgentPrefab,Agent,MoveState,Moving,AllyPrefab,9.00,0.00,17.00,4.81,0.00,4.81,5.67,0.00,5.67,AStar
1054,3.36,AllyPrefab,Ally,AllyIdleState,Idling,AgentPrefab,4.81,0.00,4.81,9.00,0.00,17.00,9.00,0.00,17.00,N/A
1054,3.36,AgentPrefab,Agent,MoveState,Moving,AllyPrefab,9.00,0.00,17.00,4.81,0.00,4.81,5.67,0.00,5.67,AStar
1055,3.37,AllyPrefab,Ally,AllyIdleState,Idling,AgentPrefab,4.81,0.00,4.81,9.00,0.00,17.00,9.00,0.00,17.00,N/A
1055,3.37,AgentPrefab,Agent,MoveState,Moving,AllyPrefab,9.00,0.00,17.00,4.81,0.00,4.81,5.67,0.00,5.67,AStar
1056,3.37,AllyPrefab,Ally,AllyIdleState,Idling,AgentPrefab,4.82,0.00,4.82,9.00,0.00,17.00,9.00,0.00,17.00,N/A
1056,3.37,AgentPrefab,Agent,MoveState,Moving,AllyPrefab,9.00,0.00,17.00,4.82,0.00,4.82,5.67,0.00,5.67,AStar
1057,3.37,AllyPrefab,Ally,AllyIdleState,Idling,AgentPrefab,4.82,0.00,4.82,9.00,0.00,17.00,9.00,0.00,17.00,N/A
1057,3.37,AgentPrefab,Agent,MoveState,Moving,AllyPrefab,9.00,0.00,17.00,4.82,0.00,4.82,5.67,0.00,5.67,AStar
1058,3.37,AllyPrefab,Ally,AllyIdleState,Idling,AgentPrefab,4.83,0.00,4.83,9.00,0.00,17.00,9.00,0.00,17.00,N/A
1058,3.37,AgentPrefab,Agent,MoveState,Moving,AllyPrefab,9.00,0.00,17.00,4.83,0.00,4.83,5.67,0.00,5.67,AStar
1059,3.38,AllyPrefab,Ally,AllyIdleState,Idling,AgentPrefab,4.83,0.00,4.83,9.00,0.00,17.00,9.00,0.00,17.00,N/A
1059,3.38,AgentPrefab,Agent,MoveState,Moving,AllyPrefab,9.00,0.00,17.00,4.83,0.00,4.83,5.67,0.00,5.67,AStar
1060,3.38,AllyPrefab,Ally,AllyIdleState,Idling,AgentPrefab,4.84,0.00,4.84,9.00,0.00,17.00,9.00,0.00,17.00,N/A
1060,3.38,AgentPrefab,Agent,MoveState,Moving,AllyPrefab,9.00,0.00,17.00,4.84,0.00,4.84,5.67,0.00,5.67,AStar
1061,3.38,AllyPrefab,Ally,AllyIdleState,Idling,AgentPrefab,4.84,0.00,4.84,9.00,0.00,17.00,9.00,0.00,17.00,N/A
1061,3.38,AgentPrefab,Agent,MoveState,Moving,AllyPrefab,9.00,0.00,17.00,4.84,0.00,4.84,5.67,0.00,5.67,AStar
1062,3.39,AllyPrefab,Ally,AllyIdleState,Idling,AgentPrefab,4.84,0.00,4.84,9.00,0.00,17.00,9.00,0.00,17.00,N/A
1062,3.39,AgentPrefab,Agent,MoveState,Moving,AllyPrefab,9.00,0.00,17.00,4.84,0.00,4.84,5.67,0.00,5.67,AStar
1063,3.39,AllyPrefab,Ally,AllyIdleState,Idling,AgentPrefab,4.85,0.00,4.85,9.00,0.00,17.00,9.00,0.00,17.00,N/A
1063,3.39,AgentPrefab,Agent,MoveState,Moving,AllyPrefab,9.00,0.00,17.00,4.85,0.00,4.85,5.67,0.00,5.67,AStar
1064,3.39,AllyPrefab,Ally,AllyIdleState,Idling,AgentPrefab,4.85,0.00,4.85,9.00,0.00,17.00,9.00,0.00,17.00,N/A
1064,3.39,AgentPrefab,Agent,MoveState,Moving,AllyPrefab,9.00,0.00,17.00,4.85,0.00,4.85,5.67,0.00,5.67,AStar
1065,3.40,AllyPrefab,Ally,AllyIdleState,Idling,AgentPrefab,4.86,0.00,4.86,9.00,0.00,17.00,9.00,0.00,17.00,N/A
1065,3.40,AgentPrefab,Agent,MoveState,Moving,AllyPrefab,9.00,0.00,17.00,4.86,0.00,4.86,5.67,0.00,5.67,AStar
1066,3.40,AllyPrefab,Ally,AllyIdleState,Idling,AgentPrefab,4.86,0.00,4.86,9.00,0.00,17.00,9.00,0.00,17.00,N/A
1066,3.40,AgentPrefab,Agent,MoveState,Moving,AllyPrefab,9.00,0.00,17.00,4.86,0.00,4.86,5.67,0.00,5.67,AStar
1067,3.40,AllyPrefab,Ally,AllyIdleState,Idling,AgentPrefab,4.87,0.00,4.87,9.00,0.00,17.00,9.00,0.00,17.00,N/A
1067,3.40,AgentPrefab,Agent,MoveState,Moving,AllyPrefab,9.00,0.00,17.00,4.87,0.00,4.87,5.67,0.00,5.67,AStar
1068,3.40,AllyPrefab,Ally,AllyIdleState,Idling,AgentPrefab,4.87,0.00,4.87,9.00,0.00,17.00,9.00,0.00,17.00,N/A
1068,3.40,AgentPrefab,Agent,MoveState,Moving,AllyPrefab,9.00,0.00,17.00,4.87,0.00,4.87,5.67,0.00,5.67,AStar
1069,3.41,AllyPrefab,Ally,AllyIdleState,Idling,AgentPrefab,4.87,0.00,4.87,9.00,0.00,17.00,9.00,0.00,17.00,N/A
1069,3.41,AgentPrefab,Agent,MoveState,Moving,AllyPrefab,9.00,0.00,17.00,4.87,0.00,4.87,5.67,0.00,5.67,AStar
1070,3.41,AllyPrefab,Ally,AllyIdleState,Idling,AgentPrefab,4.88,0.00,4.88,9.00,0.00,17.00,9.00,0.00,17.00,N/A
1070,3.41,AgentPrefab,Agent,MoveState,Moving,AllyPrefab,9.00,0.00,17.00,4.88,0.00,4.88,5.67,0.00,5.67,AStar
1071,3.41,AllyPrefab,Ally,AllyIdleState,Idling,AgentPrefab,4.88,0.00,4.88,9.00,0.00,17.00,9.00,0.00,17.00,N/A
1071,3.41,AgentPrefab,Agent,MoveState,Moving,AllyPrefab,9.00,0.00,17.00,4.88,0.00,4.88,5.67,0.00,5.67,AStar
1072,3.42,AllyPrefab,Ally,AllyIdleState,Idling,AgentPrefab,4.89,0.00,4.89,9.00,0.00,17.00,9.00,0.00,17.00,N/A
1072,3.42,AgentPrefab,Agent,MoveState,Moving,AllyPrefab,9.00,0.00,17.00,4.89,0.00,4.89,5.67,0.00,5.67,AStar
1073,3.42,AllyPrefab,Ally,AllyIdleState,Idling,AgentPrefab,4.89,0.00,4.89,9.00,0.00,17.00,9.00,0.00,17.00,N/A
1073,3.42,AgentPrefab,Agent,MoveState,Moving,AllyPrefab,9.00,0.00,17.00,4.89,0.00,4.89,5.67,0.00,5.67,AStar
1074,3.42,AllyPrefab,Ally,AllyIdleState,Idling,AgentPrefab,4.90,0.00,4.90,9.00,0.00,17.00,9.00,0.00,17.00,N/A
1074,3.42,AgentPrefab,Agent,MoveState,Moving,AllyPrefab,9.00,0.00,17.00,4.90,0.00,4.90,5.67,0.00,5.67,AStar
1075,3.42,AllyPrefab,Ally,AllyIdleState,Idling,AgentPrefab,4.90,0.00,4.90,9.00,0.00,17.00,9.00,0.00,17.00,N/A
1075,3.42,AgentPrefab,Agent,MoveState,Moving,AllyPrefab,9.00,0.00,17.00,4.90,0.00,4.90,5.67,0.00,5.67,AStar
1076,3.43,AllyPrefab,Ally,AllyIdleState,Idling,AgentPrefab,4.90,0.00,4.90,9.00,0.00,17.00,9.00,0.00,17.00,N/A
1076,3.43,AgentPrefab,Agent,MoveState,Moving,AllyPrefab,9.00,0.00,17.00,4.90,0.00,4.90,5.67,0.00,5.67,AStar
1077,3.43,AllyPrefab,Ally,AllyIdleState,Idling,AgentPrefab,4.91,0.00,4.91,9.00,0.00,17.00,9.00,0.00,17.00,N/A
1077,3.43,AgentPrefab,Agent,MoveState,Moving,AllyPrefab,9.00,0.00,17.00,4.91,0.00,4.91,5.67,0.00,5.67,AStar
1078,3.43,AllyPrefab,Ally,AllyIdleState,Idling,AgentPrefab,4.91,0.00,4.91,9.00,0.00,17.00,9.00,0.00,17.00,N/A
1078,3.43,AgentPrefab,Agent,MoveState,Moving,AllyPrefab,9.00,0.00,17.00,4.91,0.00,4.91,5.67,0.00,5.67,AStar
1079,3.44,AllyPrefab,Ally,AllyIdleState,Idling,AgentPrefab,4.92,0.00,4.92,9.00,0.00,17.00,9.00,0.00,17.00,N/A
1079,3.44,AgentPrefab,Agent,MoveState,Moving,AllyPrefab,9.00,0.00,17.00,4.92,0.00,4.92,5.67,0.00,5.67,AStar
1080,3.44,AllyPrefab,Ally,AllyIdleState,Idling,AgentPrefab,4.92,0.00,4.92,9.00,0.00,17.00,9.00,0.00,17.00,N/A
1080,3.44,AgentPrefab,Agent,MoveState,Moving,AllyPrefab,9.00,0.00,17.00,4.92,0.00,4.92,5.67,0.00,5.67,AStar
1081,3.44,AllyPrefab,Ally,AllyIdleState,Idling,AgentPrefab,4.93,0.00,4.93,9.00,0.00,17.00,9.00,0.00,17.00,N/A
1081,3.44,AgentPrefab,Agent,MoveState,Moving,AllyPrefab,9.00,0.00,17.00,4.93,0.00,4.93,5.67,0.00,5.67,AStar
1082,3.45,AllyPrefab,Ally,AllyIdleState,Idling,AgentPrefab,4.93,0.00,4.93,9.00,0.00,17.00,9.00,0.00,17.00,N/A
1082,3.45,AgentPrefab,Agent,MoveState,Moving,AllyPrefab,9.00,0.00,17.00,4.93,0.00,4.93,5.67,0.00,5.67,AStar
1083,3.45,AllyPrefab,Ally,AllyIdleState,Idling,AgentPrefab,4.94,0.00,4.94,9.00,0.00,17.00,9.00,0.00,17.00,N/A
1083,3.45,AgentPrefab,Agent,MoveState,Moving,AllyPrefab,9.00,0.00,17.00,4.94,0.00,4.94,5.67,0.00,5.67,AStar
1084,3.45,AllyPrefab,Ally,AllyIdleState,Idling,AgentPrefab,4.94,0.00,4.94,9.00,0.00,17.00,9.00,0.00,17.00,N/A
1084,3.45,AgentPrefab,Agent,MoveState,Moving,AllyPrefab,9.00,0.00,17.00,4.94,0.00,4.94,5.67,0.00,5.67,AStar
1085,3.46,AllyPrefab,Ally,AllyIdleState,Idling,AgentPrefab,4.94,0.00,4.94,9.00,0.00,17.00,9.00,0.00,17.00,N/A
1085,3.46,AgentPrefab,Agent,MoveState,Moving,AllyPrefab,9.00,0.00,17.00,4.94,0.00,4.94,5.67,0.00,5.67,AStar
1086,3.46,AllyPrefab,Ally,AllyIdleState,Idling,AgentPrefab,4.95,0.00,4.95,9.00,0.00,17.00,9.00,0.00,17.00,N/A
1086,3.46,AgentPrefab,Agent,MoveState,Moving,AllyPrefab,9.00,0.00,17.00,4.95,0.00,4.95,5.67,0.00,5.67,AStar
1087,3.46,AllyPrefab,Ally,AllyIdleState,Idling,AgentPrefab,4.95,0.00,4.95,9.00,0.00,17.00,9.00,0.00,17.00,N/A
1087,3.46,AgentPrefab,Agent,MoveState,Moving,AllyPrefab,9.00,0.00,17.00,4.95,0.00,4.95,5.67,0.00,5.67,AStar
1088,3.47,AllyPrefab,Ally,AllyIdleState,Idling,AgentPrefab,4.96,0.00,4.96,9.00,0.00,17.00,9.00,0.00,17.00,N/A
1088,3.47,AgentPrefab,Agent,MoveState,Moving,AllyPrefab,9.00,0.00,17.00,4.96,0.00,4.96,5.67,0.00,5.67,AStar
1089,3.47,AllyPrefab,Ally,AllyIdleState,Idling,AgentPrefab,4.96,0.00,4.96,9.00,0.00,17.00,9.00,0.00,17.00,N/A
1089,3.47,AgentPrefab,Agent,MoveState,Moving,AllyPrefab,9.00,0.00,17.00,4.96,0.00,4.96,5.67,0.00,5.67,AStar
1090,3.47,AllyPrefab,Ally,AllyIdleState,Idling,AgentPrefab,4.96,0.00,4.96,9.00,0.00,17.00,9.00,0.00,17.00,N/A
1090,3.47,AgentPrefab,Agent,MoveState,Moving,AllyPrefab,9.00,0.00,17.00,4.96,0.00,4.96,5.67,0.00,5.67,AStar
1091,3.47,AllyPrefab,Ally,AllyIdleState,Idling,AgentPrefab,4.97,0.00,4.97,9.00,0.00,17.00,9.00,0.00,17.00,N/A
1091,3.47,AgentPrefab,Agent,MoveState,Moving,AllyPrefab,9.00,0.00,17.00,4.97,0.00,4.97,5.67,0.00,5.67,AStar
1092,3.48,AllyPrefab,Ally,AllyIdleState,Idling,AgentPrefab,4.97,0.00,4.97,9.00,0.00,17.00,9.00,0.00,17.00,N/A
1092,3.48,AgentPrefab,Agent,MoveState,Moving,AllyPrefab,9.00,0.00,17.00,4.97,0.00,4.97,5.67,0.00,5.67,AStar
1093,3.48,AllyPrefab,Ally,AllyIdleState,Idling,AgentPrefab,4.98,0.00,4.98,9.00,0.00,17.00,9.00,0.00,17.00,N/A
1093,3.48,AgentPrefab,Agent,MoveState,Moving,AllyPrefab,9.00,0.00,17.00,4.98,0.00,4.98,5.67,0.00,5.67,AStar
1094,3.48,AllyPrefab,Ally,AllyIdleState,Idling,AgentPrefab,4.98,0.00,4.98,9.00,0.00,17.00,9.00,0.00,17.00,N/A
1094,3.48,AgentPrefab,Agent,MoveState,Moving,AllyPrefab,9.00,0.00,17.00,4.98,0.00,4.98,5.67,0.00,5.67,AStar
1095,3.49,AllyPrefab,Ally,AllyIdleState,Idling,AgentPrefab,4.99,0.00,4.99,9.00,0.00,17.00,9.00,0.00,17.00,N/A
1095,3.49,AgentPrefab,Agent,MoveState,Moving,AllyPrefab,9.00,0.00,17.00,4.99,0.00,4.99,5.67,0.00,5.67,AStar
1096,3.49,AllyPrefab,Ally,AllyIdleState,Idling,AgentPrefab,4.99,0.00,4.99,9.00,0.00,17.00,9.00,0.00,17.00,N/A
1096,3.49,AgentPrefab,Agent,MoveState,Moving,AllyPrefab,9.00,0.00,17.00,4.99,0.00,4.99,5.67,0.00,5.67,AStar
1097,3.49,AllyPrefab,Ally,AllyIdleState,Idling,AgentPrefab,4.99,0.00,4.99,9.00,0.00,17.00,9.00,0.00,17.00,N/A
1097,3.49,AgentPrefab,Agent,MoveState,Moving,AllyPrefab,9.00,0.00,17.00,4.99,0.00,4.99,5.67,0.00,5.67,AStar
1098,3.49,AllyPrefab,Ally,AllyIdleState,Idling,AgentPrefab,5.00,0.00,5.00,9.00,0.00,17.00,9.00,0.00,17.00,N/A
1098,3.49,AgentPrefab,Agent,MoveState,Moving,AllyPrefab,9.00,0.00,17.00,5.00,0.00,5.00,5.67,0.00,5.67,AStar
1099,3.50,AllyPrefab,Ally,AllyIdleState,Idling,AgentPrefab,5.00,0.00,5.00,9.00,0.00,17.00,9.00,0.00,17.00,N/A
1099,3.50,AgentPrefab,Agent,MoveState,Moving,AllyPrefab,9.00,0.00,17.00,5.00,0.00,5.00,5.67,0.00,5.67,AStar
1100,3.50,AllyPrefab,Ally,AllyIdleState,Idling,AgentPrefab,5.01,0.00,5.01,9.00,0.00,17.00,9.00,0.00,17.00,N/A
1100,3.50,AgentPrefab,Agent,MoveState,Moving,AllyPrefab,9.00,0.00,17.00,5.01,0.00,5.01,5.67,0.00,5.67,AStar
1101,3.50,AllyPrefab,Ally,AllyIdleState,Idling,AgentPrefab,5.01,0.00,5.01,9.00,0.00,17.00,9.00,0.00,17.00,N/A
1101,3.50,AgentPrefab,Agent,MoveState,Moving,AllyPrefab,9.00,0.00,17.00,5.01,0.00,5.01,5.67,0.00,5.67,AStar
1102,3.51,AllyPrefab,Ally,AllyIdleState,Idling,AgentPrefab,5.02,0.00,5.02,9.00,0.00,17.00,9.00,0.00,17.00,N/A
1102,3.51,AgentPrefab,Agent,MoveState,Moving,AllyPrefab,9.00,0.00,17.00,5.02,0.00,5.02,5.67,0.00,5.67,AStar
1103,3.51,AllyPrefab,Ally,AllyIdleState,Idling,AgentPrefab,5.02,0.00,5.02,9.00,0.00,17.00,9.00,0.00,17.00,N/A
1103,3.51,AgentPrefab,Agent,MoveState,Moving,AllyPrefab,9.00,0.00,17.00,5.02,0.00,5.02,5.67,0.00,5.67,AStar
1104,3.51,AllyPrefab,Ally,AllyIdleState,Idling,AgentPrefab,5.02,0.00,5.02,9.00,0.00,17.00,9.00,0.00,17.00,N/A
1104,3.51,AgentPrefab,Agent,MoveState,Moving,AllyPrefab,9.00,0.00,17.00,5.02,0.00,5.02,5.67,0.00,5.67,AStar
1105,3.52,AllyPrefab,Ally,AllyIdleState,Idling,AgentPrefab,5.03,0.00,5.03,9.00,0.00,17.00,9.00,0.00,17.00,N/A
1105,3.52,AgentPrefab,Agent,MoveState,Moving,AllyPrefab,9.00,0.00,17.00,5.03,0.00,5.03,5.67,0.00,5.67,AStar
1106,3.52,AllyPrefab,Ally,AllyIdleState,Idling,AgentPrefab,5.03,0.00,5.03,9.00,0.00,17.00,9.00,0.00,17.00,N/A
1106,3.52,AgentPrefab,Agent,MoveState,Moving,AllyPrefab,9.00,0.00,17.00,5.03,0.00,5.03,5.67,0.00,5.67,AStar
1107,3.52,AllyPrefab,Ally,AllyIdleState,Idling,AgentPrefab,5.04,0.00,5.04,9.00,0.00,17.00,9.00,0.00,17.00,N/A
1107,3.52,AgentPrefab,Agent,MoveState,Moving,AllyPrefab,9.00,0.00,17.00,5.04,0.00,5.04,5.67,0.00,5.67,AStar
1108,3.53,AllyPrefab,Ally,AllyIdleState,Idling,AgentPrefab,5.04,0.00,5.04,9.00,0.00,17.00,9.00,0.00,17.00,N/A
1108,3.53,AgentPrefab,Agent,MoveState,Moving,AllyPrefab,9.00,0.00,17.00,5.04,0.00,5.04,5.67,0.00,5.67,AStar
1109,3.53,AllyPrefab,Ally,AllyIdleState,Idling,AgentPrefab,5.05,0.00,5.05,9.00,0.00,17.00,9.00,0.00,17.00,N/A
1109,3.53,AgentPrefab,Agent,MoveState,Moving,AllyPrefab,9.00,0.00,17.00,5.05,0.00,5.05,5.67,0.00,5.67,AStar
1110,3.53,AllyPrefab,Ally,AllyIdleState,Idling,AgentPrefab,5.05,0.00,5.05,9.00,0.00,17.00,9.00,0.00,17.00,N/A
1110,3.53,AgentPrefab,Agent,MoveState,Moving,AllyPrefab,9.00,0.00,17.00,5.05,0.00,5.05,5.67,0.00,5.67,AStar
1111,3.54,AllyPrefab,Ally,AllyIdleState,Idling,AgentPrefab,5.06,0.00,5.06,9.00,0.00,17.00,9.00,0.00,17.00,N/A
1111,3.54,AgentPrefab,Agent,MoveState,Moving,AllyPrefab,9.00,0.00,17.00,5.06,0.00,5.06,5.67,0.00,5.67,AStar
1112,3.54,AllyPrefab,Ally,AllyIdleState,Idling,AgentPrefab,5.06,0.00,5.06,9.00,0.00,17.00,9.00,0.00,17.00,N/A
1112,3.54,AgentPrefab,Agent,MoveState,Moving,AllyPrefab,9.00,0.00,17.00,5.06,0.00,5.06,5.67,0.00,5.67,AStar
1113,3.54,AllyPrefab,Ally,AllyIdleState,Idling,AgentPrefab,5.06,0.00,5.06,9.00,0.00,17.00,9.00,0.00,17.00,N/A
1113,3.54,AgentPrefab,Agent,MoveState,Moving,AllyPrefab,9.00,0.00,17.00,5.06,0.00,5.06,5.67,0.00,5.67,AStar
1114,3.54,AllyPrefab,Ally,AllyIdleState,Idling,AgentPrefab,5.07,0.00,5.07,9.00,0.00,17.00,9.00,0.00,17.00,N/A
1114,3.54,AgentPrefab,Agent,MoveState,Moving,AllyPrefab,9.00,0.00,17.00,5.07,0.00,5.07,5.67,0.00,5.67,AStar
1115,3.55,AllyPrefab,Ally,AllyIdleState,Idling,AgentPrefab,5.07,0.00,5.07,9.00,0.00,17.00,9.00,0.00,17.00,N/A
1115,3.55,AgentPrefab,Agent,MoveState,Moving,AllyPrefab,9.00,0.00,17.00,5.07,0.00,5.07,5.67,0.00,5.67,AStar
1116,3.55,AllyPrefab,Ally,AllyIdleState,Idling,AgentPrefab,5.08,0.00,5.08,9.00,0.00,17.00,9.00,0.00,17.00,N/A
1116,3.55,AgentPrefab,Agent,MoveState,Moving,AllyPrefab,9.00,0.00,17.00,5.08,0.00,5.08,5.67,0.00,5.67,AStar
1117,3.55,AllyPrefab,Ally,AllyIdleState,Idling,AgentPrefab,5.08,0.00,5.08,9.00,0.00,17.00,9.00,0.00,17.00,N/A
1117,3.55,AgentPrefab,Agent,MoveState,Moving,AllyPrefab,9.00,0.00,17.00,5.08,0.00,5.08,5.67,0.00,5.67,AStar
1118,3.56,AllyPrefab,Ally,AllyIdleState,Idling,AgentPrefab,5.09,0.00,5.09,9.00,0.00,17.00,9.00,0.00,17.00,N/A
1118,3.56,AgentPrefab,Agent,MoveState,Moving,AllyPrefab,9.00,0.00,17.00,5.09,0.00,5.09,5.67,0.00,5.67,AStar
1119,3.56,AllyPrefab,Ally,AllyIdleState,Idling,AgentPrefab,5.09,0.00,5.09,9.00,0.00,17.00,9.00,0.00,17.00,N/A
1119,3.56,AgentPrefab,Agent,MoveState,Moving,AllyPrefab,9.00,0.00,17.00,5.09,0.00,5.09,5.67,0.00,5.67,AStar
1120,3.56,AllyPrefab,Ally,AllyIdleState,Idling,AgentPrefab,5.09,0.00,5.09,9.00,0.00,17.00,9.00,0.00,17.00,N/A
1120,3.56,AgentPrefab,Agent,MoveState,Moving,AllyPrefab,9.00,0.00,17.00,5.09,0.00,5.09,5.67,0.00,5.67,AStar
1121,3.57,AllyPrefab,Ally,AllyIdleState,Idling,AgentPrefab,5.10,0.00,5.10,9.00,0.00,17.00,9.00,0.00,17.00,N/A
1121,3.57,AgentPrefab,Agent,MoveState,Moving,AllyPrefab,9.00,0.00,17.00,5.10,0.00,5.10,5.67,0.00,5.67,AStar
1122,3.57,AllyPrefab,Ally,AllyIdleState,Idling,AgentPrefab,5.10,0.00,5.10,9.00,0.00,17.00,9.00,0.00,17.00,N/A
1122,3.57,AgentPrefab,Agent,MoveState,Moving,AllyPrefab,9.00,0.00,17.00,5.10,0.00,5.10,5.67,0.00,5.67,AStar
1123,3.57,AllyPrefab,Ally,AllyIdleState,Idling,AgentPrefab,5.11,0.00,5.11,9.00,0.00,17.00,9.00,0.00,17.00,N/A
1123,3.57,AgentPrefab,Agent,MoveState,Moving,AllyPrefab,9.00,0.00,17.00,5.11,0.00,5.11,5.67,0.00,5.67,AStar
1124,3.57,AllyPrefab,Ally,AllyIdleState,Idling,AgentPrefab,5.11,0.00,5.11,9.00,0.00,17.00,9.00,0.00,17.00,N/A
1124,3.57,AgentPrefab,Agent,MoveState,Moving,AllyPrefab,9.00,0.00,17.00,5.11,0.00,5.11,5.67,0.00,5.67,AStar
1125,3.58,AllyPrefab,Ally,AllyIdleState,Idling,AgentPrefab,5.11,0.00,5.11,9.00,0.00,17.00,9.00,0.00,17.00,N/A
1125,3.58,AgentPrefab,Agent,MoveState,Moving,AllyPrefab,9.00,0.00,17.00,5.11,0.00,5.11,5.67,0.00,5.67,AStar
1126,3.58,AllyPrefab,Ally,AllyIdleState,Idling,AgentPrefab,5.12,0.00,5.12,9.00,0.00,17.00,9.00,0.00,17.00,N/A
1126,3.58,AgentPrefab,Agent,MoveState,Moving,AllyPrefab,9.00,0.00,17.00,5.12,0.00,5.12,5.67,0.00,5.67,AStar
1127,3.59,AllyPrefab,Ally,AllyIdleState,Idling,AgentPrefab,5.12,0.00,5.12,9.00,0.00,17.00,9.00,0.00,17.00,N/A
1127,3.59,AgentPrefab,Agent,MoveState,Moving,AllyPrefab,9.00,0.00,17.00,5.12,0.00,5.12,5.67,0.00,5.67,AStar
1128,3.59,AllyPrefab,Ally,AllyIdleState,Idling,AgentPrefab,5.13,0.00,5.13,9.00,0.00,17.00,9.00,0.00,17.00,N/A
1128,3.59,AgentPrefab,Agent,MoveState,Moving,AllyPrefab,9.00,0.00,17.00,5.13,0.00,5.13,5.67,0.00,5.67,AStar
1129,3.59,AllyPrefab,Ally,AllyIdleState,Idling,AgentPrefab,5.13,0.00,5.13,9.00,0.00,17.00,9.00,0.00,17.00,N/A
1129,3.59,AgentPrefab,Agent,MoveState,Moving,AllyPrefab,9.00,0.00,17.00,5.13,0.00,5.13,5.67,0.00,5.67,AStar
1130,3.59,AllyPrefab,Ally,AllyIdleState,Idling,AgentPrefab,5.14,0.00,5.14,9.00,0.00,17.00,9.00,0.00,17.00,N/A
1130,3.59,AgentPrefab,Agent,MoveState,Moving,AllyPrefab,9.00,0.00,17.00,5.14,0.00,5.14,5.67,0.00,5.67,AStar
1131,3.60,AllyPrefab,Ally,AllyIdleState,Idling,AgentPrefab,5.14,0.00,5.14,9.00,0.00,17.00,9.00,0.00,17.00,N/A
1131,3.60,AgentPrefab,Agent,MoveState,Moving,AllyPrefab,9.00,0.00,17.00,5.14,0.00,5.14,5.67,0.00,5.67,AStar
1132,3.60,AllyPrefab,Ally,AllyIdleState,Idling,AgentPrefab,5.15,0.00,5.15,9.00,0.00,17.00,9.00,0.00,17.00,N/A
1132,3.60,AgentPrefab,Agent,MoveState,Moving,AllyPrefab,9.00,0.00,17.00,5.15,0.00,5.15,5.67,0.00,5.67,AStar
1133,3.60,AllyPrefab,Ally,AllyIdleState,Idling,AgentPrefab,5.15,0.00,5.15,9.00,0.00,17.00,9.00,0.00,17.00,N/A
1133,3.60,AgentPrefab,Agent,MoveState,Moving,AllyPrefab,9.00,0.00,17.00,5.15,0.00,5.15,5.67,0.00,5.67,AStar
1134,3.61,AllyPrefab,Ally,AllyIdleState,Idling,AgentPrefab,5.15,0.00,5.15,9.00,0.00,17.00,9.00,0.00,17.00,N/A
1134,3.61,AgentPrefab,Agent,MoveState,Moving,AllyPrefab,9.00,0.00,17.00,5.15,0.00,5.15,5.67,0.00,5.67,AStar
1135,3.61,AllyPrefab,Ally,AllyIdleState,Idling,AgentPrefab,5.16,0.00,5.16,9.00,0.00,17.00,9.00,0.00,17.00,N/A
1135,3.61,AgentPrefab,Agent,MoveState,Moving,AllyPrefab,9.00,0.00,17.00,5.16,0.00,5.16,5.67,0.00,5.67,AStar
1136,3.61,AllyPrefab,Ally,AllyIdleState,Idling,AgentPrefab,5.16,0.00,5.16,9.00,0.00,17.00,9.00,0.00,17.00,N/A
1136,3.61,AgentPrefab,Agent,MoveState,Moving,AllyPrefab,9.00,0.00,17.00,5.16,0.00,5.16,5.67,0.00,5.67,AStar
1137,3.61,AllyPrefab,Ally,AllyIdleState,Idling,AgentPrefab,5.17,0.00,5.17,9.00,0.00,17.00,9.00,0.00,17.00,N/A
1137,3.61,AgentPrefab,Agent,MoveState,Moving,AllyPrefab,9.00,0.00,17.00,5.17,0.00,5.17,5.67,0.00,5.67,AStar
1138,3.62,AllyPrefab,Ally,AllyIdleState,Idling,AgentPrefab,5.17,0.00,5.17,9.00,0.00,17.00,9.00,0.00,17.00,N/A
1138,3.62,AgentPrefab,Agent,MoveState,Moving,AllyPrefab,9.00,0.00,17.00,5.17,0.00,5.17,5.67,0.00,5.67,AStar
1139,3.62,AllyPrefab,Ally,AllyIdleState,Idling,AgentPrefab,5.18,0.00,5.18,9.00,0.00,17.00,9.00,0.00,17.00,N/A
1139,3.62,AgentPrefab,Agent,MoveState,Moving,AllyPrefab,9.00,0.00,17.00,5.18,0.00,5.18,5.67,0.00,5.67,AStar
1140,3.62,AllyPrefab,Ally,AllyIdleState,Idling,AgentPrefab,5.18,0.00,5.18,9.00,0.00,17.00,9.00,0.00,17.00,N/A
1140,3.62,AgentPrefab,Agent,MoveState,Moving,AllyPrefab,9.00,0.00,17.00,5.18,0.00,5.18,5.67,0.00,5.67,AStar
1141,3.63,AllyPrefab,Ally,AllyIdleState,Idling,AgentPrefab,5.18,0.00,5.18,9.00,0.00,17.00,9.00,0.00,17.00,N/A
1141,3.63,AgentPrefab,Agent,MoveState,Moving,AllyPrefab,9.00,0.00,17.00,5.18,0.00,5.18,5.67,0.00,5.67,AStar
1142,3.63,AllyPrefab,Ally,AllyIdleState,Idling,AgentPrefab,5.19,0.00,5.19,9.00,0.00,17.00,9.00,0.00,17.00,N/A
1142,3.63,AgentPrefab,Agent,MoveState,Moving,AllyPrefab,9.00,0.00,17.00,5.19,0.00,5.19,5.67,0.00,5.67,AStar
1143,3.63,AllyPrefab,Ally,AllyIdleState,Idling,AgentPrefab,5.19,0.00,5.19,9.00,0.00,17.00,9.00,0.00,17.00,N/A
1143,3.63,AgentPrefab,Agent,MoveState,Moving,AllyPrefab,9.00,0.00,17.00,5.19,0.00,5.19,5.67,0.00,5.67,AStar
1144,3.64,AllyPrefab,Ally,AllyIdleState,Idling,AgentPrefab,5.20,0.00,5.20,9.00,0.00,17.00,9.00,0.00,17.00,N/A
1144,3.64,AgentPrefab,Agent,MoveState,Moving,AllyPrefab,9.00,0.00,17.00,5.20,0.00,5.20,5.67,0.00,5.67,AStar
1145,3.64,AllyPrefab,Ally,AllyIdleState,Idling,AgentPrefab,5.20,0.00,5.20,9.00,0.00,17.00,9.00,0.00,17.00,N/A
1145,3.64,AgentPrefab,Agent,MoveState,Moving,AllyPrefab,9.00,0.00,17.00,5.20,0.00,5.20,5.67,0.00,5.67,AStar
1146,3.64,AllyPrefab,Ally,AllyIdleState,Idling,AgentPrefab,5.20,0.00,5.20,9.00,0.00,17.00,9.00,0.00,17.00,N/A
1146,3.64,AgentPrefab,Agent,MoveState,Moving,AllyPrefab,9.00,0.00,17.00,5.20,0.00,5.20,5.67,0.00,5.67,AStar
1147,3.64,AllyPrefab,Ally,AllyIdleState,Idling,AgentPrefab,5.21,0.00,5.21,9.00,0.00,17.00,9.00,0.00,17.00,N/A
1147,3.64,AgentPrefab,Agent,MoveState,Moving,AllyPrefab,9.00,0.00,17.00,5.21,0.00,5.21,5.67,0.00,5.67,AStar
1148,3.65,AllyPrefab,Ally,AllyIdleState,Idling,AgentPrefab,5.21,0.00,5.21,9.00,0.00,17.00,9.00,0.00,17.00,N/A
1148,3.65,AgentPrefab,Agent,MoveState,Moving,AllyPrefab,9.00,0.00,17.00,5.21,0.00,5.21,5.67,0.00,5.67,AStar
1149,3.65,AllyPrefab,Ally,AllyIdleState,Idling,AgentPrefab,5.22,0.00,5.22,9.00,0.00,17.00,9.00,0.00,17.00,N/A
1149,3.65,AgentPrefab,Agent,MoveState,Moving,AllyPrefab,9.00,0.00,17.00,5.22,0.00,5.22,5.67,0.00,5.67,AStar
1150,3.65,AllyPrefab,Ally,AllyIdleState,Idling,AgentPrefab,5.22,0.00,5.22,9.00,0.00,17.00,9.00,0.00,17.00,N/A
1150,3.65,AgentPrefab,Agent,MoveState,Moving,AllyPrefab,9.00,0.00,17.00,5.22,0.00,5.22,5.67,0.00,5.67,AStar
1151,3.66,AllyPrefab,Ally,AllyIdleState,Idling,AgentPrefab,5.23,0.00,5.23,9.00,0.00,17.00,9.00,0.00,17.00,N/A
1151,3.66,AgentPrefab,Agent,MoveState,Moving,AllyPrefab,9.00,0.00,17.00,5.23,0.00,5.23,5.67,0.00,5.67,AStar
1152,3.66,AllyPrefab,Ally,AllyIdleState,Idling,AgentPrefab,5.23,0.00,5.23,9.00,0.00,17.00,9.00,0.00,17.00,N/A
1152,3.66,AgentPrefab,Agent,MoveState,Moving,AllyPrefab,9.00,0.00,17.00,5.23,0.00,5.23,5.67,0.00,5.67,AStar
1153,3.66,AllyPrefab,Ally,AllyIdleState,Idling,AgentPrefab,5.23,0.00,5.23,9.00,0.00,17.00,9.00,0.00,17.00,N/A
1153,3.66,AgentPrefab,Agent,MoveState,Moving,AllyPrefab,9.00,0.00,17.00,5.23,0.00,5.23,5.67,0.00,5.67,AStar
1154,3.67,AllyPrefab,Ally,AllyIdleState,Idling,AgentPrefab,5.24,0.00,5.24,9.00,0.00,17.00,9.00,0.00,17.00,N/A
1154,3.67,AgentPrefab,Agent,MoveState,Moving,AllyPrefab,9.00,0.00,17.00,5.24,0.00,5.24,5.67,0.00,5.67,AStar
1155,3.67,AllyPrefab,Ally,AllyIdleState,Idling,AgentPrefab,5.24,0.00,5.24,9.00,0.00,17.00,9.00,0.00,17.00,N/A
1155,3.67,AgentPrefab,Agent,MoveState,Moving,AllyPrefab,9.00,0.00,17.00,5.24,0.00,5.24,5.67,0.00,5.67,AStar
1156,3.67,AllyPrefab,Ally,AllyIdleState,Idling,AgentPrefab,5.25,0.00,5.25,9.00,0.00,17.00,9.00,0.00,17.00,N/A
1156,3.67,AgentPrefab,Agent,MoveState,Moving,AllyPrefab,9.00,0.00,17.00,5.25,0.00,5.25,5.67,0.00,5.67,AStar
1157,3.68,AllyPrefab,Ally,AllyIdleState,Idling,AgentPrefab,5.25,0.00,5.25,9.00,0.00,17.00,9.00,0.00,17.00,N/A
1157,3.68,AgentPrefab,Agent,MoveState,Moving,AllyPrefab,9.00,0.00,17.00,5.25,0.00,5.25,5.67,0.00,5.67,AStar
1158,3.68,AllyPrefab,Ally,AllyIdleState,Idling,AgentPrefab,5.26,0.00,5.26,9.00,0.00,17.00,9.00,0.00,17.00,N/A
1158,3.68,AgentPrefab,Agent,MoveState,Moving,AllyPrefab,9.00,0.00,17.00,5.26,0.00,5.26,5.67,0.00,5.67,AStar
1159,3.68,AllyPrefab,Ally,AllyIdleState,Idling,AgentPrefab,5.26,0.00,5.26,9.00,0.00,17.00,9.00,0.00,17.00,N/A
1159,3.68,AgentPrefab,Agent,MoveState,Moving,AllyPrefab,9.00,0.00,17.00,5.26,0.00,5.26,5.67,0.00,5.67,AStar
1160,3.68,AllyPrefab,Ally,AllyIdleState,Idling,AgentPrefab,5.27,0.00,5.27,9.00,0.00,17.00,9.00,0.00,17.00,N/A
1160,3.68,AgentPrefab,Agent,MoveState,Moving,AllyPrefab,9.00,0.00,17.00,5.27,0.00,5.27,5.67,0.00,5.67,AStar
1161,3.69,AllyPrefab,Ally,AllyIdleState,Idling,AgentPrefab,5.27,0.00,5.27,9.00,0.00,17.00,9.00,0.00,17.00,N/A
1161,3.69,AgentPrefab,Agent,MoveState,Moving,AllyPrefab,9.00,0.00,17.00,5.27,0.00,5.27,5.67,0.00,5.67,AStar
1162,3.69,AllyPrefab,Ally,AllyIdleState,Idling,AgentPrefab,5.27,0.00,5.27,9.00,0.00,17.00,9.00,0.00,17.00,N/A
1162,3.69,AgentPrefab,Agent,MoveState,Moving,AllyPrefab,9.00,0.00,17.00,5.27,0.00,5.27,5.67,0.00,5.67,AStar
1163,3.69,AllyPrefab,Ally,AllyIdleState,Idling,AgentPrefab,5.28,0.00,5.28,9.00,0.00,17.00,9.00,0.00,17.00,N/A
1163,3.69,AgentPrefab,Agent,MoveState,Moving,AllyPrefab,9.00,0.00,17.00,5.28,0.00,5.28,5.67,0.00,5.67,AStar
1164,3.70,AllyPrefab,Ally,AllyIdleState,Idling,AgentPrefab,5.28,0.00,5.28,9.00,0.00,17.00,9.00,0.00,17.00,N/A
1164,3.70,AgentPrefab,Agent,MoveState,Moving,AllyPrefab,9.00,0.00,17.00,5.28,0.00,5.28,5.67,0.00,5.67,AStar
1165,3.70,AllyPrefab,Ally,AllyIdleState,Idling,AgentPrefab,5.29,0.00,5.29,9.00,0.00,17.00,9.00,0.00,17.00,N/A
1165,3.70,AgentPrefab,Agent,MoveState,Moving,AllyPrefab,9.00,0.00,17.00,5.29,0.00,5.29,5.67,0.00,5.67,AStar
1166,3.70,AllyPrefab,Ally,AllyIdleState,Idling,AgentPrefab,5.29,0.00,5.29,9.00,0.00,17.00,9.00,0.00,17.00,N/A
1166,3.70,AgentPrefab,Agent,MoveState,Moving,AllyPrefab,9.00,0.00,17.00,5.29,0.00,5.29,5.67,0.00,5.67,AStar
1167,3.71,AllyPrefab,Ally,AllyIdleState,Idling,AgentPrefab,5.30,0.00,5.30,9.00,0.00,17.00,9.00,0.00,17.00,N/A
1167,3.71,AgentPrefab,Agent,MoveState,Moving,AllyPrefab,9.00,0.00,17.00,5.30,0.00,5.30,5.67,0.00,5.67,AStar
1168,3.71,AllyPrefab,Ally,AllyIdleState,Idling,AgentPrefab,5.30,0.00,5.30,9.00,0.00,17.00,9.00,0.00,17.00,N/A
1168,3.71,AgentPrefab,Agent,MoveState,Moving,AllyPrefab,9.00,0.00,17.00,5.30,0.00,5.30,5.67,0.00,5.67,AStar
1169,3.71,AllyPrefab,Ally,AllyIdleState,Idling,AgentPrefab,5.31,0.00,5.31,9.00,0.00,17.00,9.00,0.00,17.00,N/A
1169,3.71,AgentPrefab,Agent,MoveState,Moving,AllyPrefab,9.00,0.00,17.00,5.31,0.00,5.31,5.67,0.00,5.67,AStar
1170,3.72,AllyPrefab,Ally,AllyIdleState,Idling,AgentPrefab,5.31,0.00,5.31,9.00,0.00,17.00,9.00,0.00,17.00,N/A
1170,3.72,AgentPrefab,Agent,MoveState,Moving,AllyPrefab,9.00,0.00,17.00,5.31,0.00,5.31,5.67,0.00,5.67,AStar
1171,3.72,AllyPrefab,Ally,AllyIdleState,Idling,AgentPrefab,5.32,0.00,5.32,9.00,0.00,17.00,9.00,0.00,17.00,N/A
1171,3.72,AgentPrefab,Agent,MoveState,Moving,AllyPrefab,9.00,0.00,17.00,5.32,0.00,5.32,5.67,0.00,5.67,AStar
1172,3.72,AllyPrefab,Ally,AllyIdleState,Idling,AgentPrefab,5.32,0.00,5.32,9.00,0.00,17.00,9.00,0.00,17.00,N/A
1172,3.72,AgentPrefab,Agent,MoveState,Moving,AllyPrefab,9.00,0.00,17.00,5.32,0.00,5.32,5.67,0.00,5.67,AStar
1173,3.72,AllyPrefab,Ally,AllyIdleState,Idling,AgentPrefab,5.32,0.00,5.32,9.00,0.00,17.00,9.00,0.00,17.00,N/A
1173,3.72,AgentPrefab,Agent,MoveState,Moving,AllyPrefab,9.00,0.00,17.00,5.32,0.00,5.32,5.67,0.00,5.67,AStar
1174,3.73,AllyPrefab,Ally,AllyIdleState,Idling,AgentPrefab,5.33,0.00,5.33,9.00,0.00,17.00,9.00,0.00,17.00,N/A
1174,3.73,AgentPrefab,Agent,MoveState,Moving,AllyPrefab,9.00,0.00,17.00,5.33,0.00,5.33,5.67,0.00,5.67,AStar
1175,3.73,AllyPrefab,Ally,AllyIdleState,Idling,AgentPrefab,5.33,0.00,5.33,9.00,0.00,17.00,9.00,0.00,17.00,N/A
1175,3.73,AgentPrefab,Agent,MoveState,Moving,AllyPrefab,9.00,0.00,17.00,5.33,0.00,5.33,5.67,0.00,5.67,AStar
1176,3.73,AllyPrefab,Ally,AllyIdleState,Idling,AgentPrefab,5.34,0.00,5.34,9.00,0.00,17.00,9.00,0.00,17.00,N/A
1176,3.73,AgentPrefab,Agent,MoveState,Moving,AllyPrefab,9.00,0.00,17.00,5.34,0.00,5.34,5.67,0.00,5.67,AStar
1177,3.74,AllyPrefab,Ally,AllyIdleState,Idling,AgentPrefab,5.34,0.00,5.34,9.00,0.00,17.00,9.00,0.00,17.00,N/A
1177,3.74,AgentPrefab,Agent,MoveState,Moving,AllyPrefab,9.00,0.00,17.00,5.34,0.00,5.34,5.67,0.00,5.67,AStar
1178,3.74,AllyPrefab,Ally,AllyIdleState,Idling,AgentPrefab,5.34,0.00,5.34,9.00,0.00,17.00,9.00,0.00,17.00,N/A
1178,3.74,AgentPrefab,Agent,MoveState,Moving,AllyPrefab,9.00,0.00,17.00,5.34,0.00,5.34,5.67,0.00,5.67,AStar
1179,3.74,AllyPrefab,Ally,AllyIdleState,Idling,AgentPrefab,5.35,0.00,5.35,9.00,0.00,17.00,9.00,0.00,17.00,N/A
1179,3.74,AgentPrefab,Agent,MoveState,Moving,AllyPrefab,9.00,0.00,17.00,5.35,0.00,5.35,5.67,0.00,5.67,AStar
1180,3.75,AllyPrefab,Ally,AllyIdleState,Idling,AgentPrefab,5.35,0.00,5.35,9.00,0.00,17.00,9.00,0.00,17.00,N/A
1180,3.75,AgentPrefab,Agent,MoveState,Moving,AllyPrefab,9.00,0.00,17.00,5.35,0.00,5.35,5.67,0.00,5.67,AStar
1181,3.75,AllyPrefab,Ally,AllyIdleState,Idling,AgentPrefab,5.36,0.00,5.36,9.00,0.00,17.00,9.00,0.00,17.00,N/A
1181,3.75,AgentPrefab,Agent,MoveState,Moving,AllyPrefab,9.00,0.00,17.00,5.36,0.00,5.36,5.67,0.00,5.67,AStar
1182,3.75,AllyPrefab,Ally,AllyIdleState,Idling,AgentPrefab,5.36,0.00,5.36,9.00,0.00,17.00,9.00,0.00,17.00,N/A
1182,3.75,AgentPrefab,Agent,MoveState,Moving,AllyPrefab,9.00,0.00,17.00,5.36,0.00,5.36,5.67,0.00,5.67,AStar
1183,3.76,AllyPrefab,Ally,AllyIdleState,Idling,AgentPrefab,5.37,0.00,5.37,9.00,0.00,17.00,9.00,0.00,17.00,N/A
1183,3.76,AgentPrefab,Agent,MoveState,Moving,AllyPrefab,9.00,0.00,17.00,5.37,0.00,5.37,5.67,0.00,5.67,AStar
1184,3.76,AllyPrefab,Ally,AllyIdleState,Idling,AgentPrefab,5.37,0.00,5.37,9.00,0.00,17.00,9.00,0.00,17.00,N/A
1184,3.76,AgentPrefab,Agent,MoveState,Moving,AllyPrefab,9.00,0.00,17.00,5.37,0.00,5.37,5.67,0.00,5.67,AStar
1185,3.76,AllyPrefab,Ally,AllyIdleState,Idling,AgentPrefab,5.37,0.00,5.37,9.00,0.00,17.00,9.00,0.00,17.00,N/A
1185,3.76,AgentPrefab,Agent,MoveState,Moving,AllyPrefab,9.00,0.00,17.00,5.37,0.00,5.37,5.67,0.00,5.67,AStar
1186,3.76,AllyPrefab,Ally,AllyIdleState,Idling,AgentPrefab,5.38,0.00,5.38,9.00,0.00,17.00,9.00,0.00,17.00,N/A
1186,3.76,AgentPrefab,Agent,MoveState,Moving,AllyPrefab,9.00,0.00,17.00,5.38,0.00,5.38,5.67,0.00,5.67,AStar
1187,3.77,AllyPrefab,Ally,AllyIdleState,Idling,AgentPrefab,5.38,0.00,5.38,9.00,0.00,17.00,9.00,0.00,17.00,N/A
1187,3.77,AgentPrefab,Agent,MoveState,Moving,AllyPrefab,9.00,0.00,17.00,5.38,0.00,5.38,5.67,0.00,5.67,AStar
1188,3.77,AllyPrefab,Ally,AllyIdleState,Idling,AgentPrefab,5.39,0.00,5.39,9.00,0.00,17.00,9.00,0.00,17.00,N/A
1188,3.77,AgentPrefab,Agent,MoveState,Moving,AllyPrefab,9.00,0.00,17.00,5.39,0.00,5.39,5.67,0.00,5.67,AStar
1189,3.77,AllyPrefab,Ally,AllyIdleState,Idling,AgentPrefab,5.39,0.00,5.39,9.00,0.00,17.00,9.00,0.00,17.00,N/A
1189,3.77,AgentPrefab,Agent,MoveState,Moving,AllyPrefab,9.00,0.00,17.00,5.39,0.00,5.39,5.67,0.00,5.67,AStar
1190,3.78,AllyPrefab,Ally,AllyIdleState,Idling,AgentPrefab,5.40,0.00,5.40,9.00,0.00,17.00,9.00,0.00,17.00,N/A
1190,3.78,AgentPrefab,Agent,MoveState,Moving,AllyPrefab,9.00,0.00,17.00,5.40,0.00,5.40,5.67,0.00,5.67,AStar
1191,3.78,AllyPrefab,Ally,AllyIdleState,Idling,AgentPrefab,5.40,0.00,5.40,9.00,0.00,17.00,9.00,0.00,17.00,N/A
1191,3.78,AgentPrefab,Agent,MoveState,Moving,AllyPrefab,9.00,0.00,17.00,5.40,0.00,5.40,5.67,0.00,5.67,AStar
1192,3.78,AllyPrefab,Ally,AllyIdleState,Idling,AgentPrefab,5.40,0.00,5.40,9.00,0.00,17.00,9.00,0.00,17.00,N/A
1192,3.78,AgentPrefab,Agent,MoveState,Moving,AllyPrefab,9.00,0.00,17.00,5.40,0.00,5.40,5.67,0.00,5.67,AStar
1193,3.79,AllyPrefab,Ally,AllyIdleState,Idling,AgentPrefab,5.41,0.00,5.41,9.00,0.00,17.00,9.00,0.00,17.00,N/A
1193,3.79,AgentPrefab,Agent,MoveState,Moving,AllyPrefab,9.00,0.00,17.00,5.41,0.00,5.41,5.67,0.00,5.67,AStar
1194,3.79,AllyPrefab,Ally,AllyIdleState,Idling,AgentPrefab,5.41,0.00,5.41,9.00,0.00,17.00,9.00,0.00,17.00,N/A
1194,3.79,AgentPrefab,Agent,MoveState,Moving,AllyPrefab,9.00,0.00,17.00,5.41,0.00,5.41,5.67,0.00,5.67,AStar
1195,3.79,AllyPrefab,Ally,AllyIdleState,Idling,AgentPrefab,5.42,0.00,5.42,9.00,0.00,17.00,9.00,0.00,17.00,N/A
1195,3.79,AgentPrefab,Agent,MoveState,Moving,AllyPrefab,9.00,0.00,17.00,5.42,0.00,5.42,5.67,0.00,5.67,AStar
1196,3.79,AllyPrefab,Ally,AllyIdleState,Idling,AgentPrefab,5.42,0.00,5.42,9.00,0.00,17.00,9.00,0.00,17.00,N/A
1196,3.79,AgentPrefab,Agent,MoveState,Moving,AllyPrefab,9.00,0.00,17.00,5.42,0.00,5.42,5.67,0.00,5.67,AStar
1197,3.80,AllyPrefab,Ally,AllyIdleState,Idling,AgentPrefab,5.42,0.00,5.42,9.00,0.00,17.00,9.00,0.00,17.00,N/A
1197,3.80,AgentPrefab,Agent,MoveState,Moving,AllyPrefab,9.00,0.00,17.00,5.42,0.00,5.42,5.67,0.00,5.67,AStar
1198,3.80,AllyPrefab,Ally,AllyIdleState,Idling,AgentPrefab,5.43,0.00,5.43,9.00,0.00,17.00,9.00,0.00,17.00,N/A
1198,3.80,AgentPrefab,Agent,MoveState,Moving,AllyPrefab,9.00,0.00,17.00,5.43,0.00,5.43,5.67,0.00,5.67,AStar
1199,3.80,AllyPrefab,Ally,AllyIdleState,Idling,AgentPrefab,5.43,0.00,5.43,9.00,0.00,17.00,9.00,0.00,17.00,N/A
1199,3.80,AgentPrefab,Agent,MoveState,Moving,AllyPrefab,9.00,0.00,17.00,5.43,0.00,5.43,5.67,0.00,5.67,AStar
1200,3.81,AllyPrefab,Ally,AllyIdleState,Idling,AgentPrefab,5.44,0.00,5.44,9.00,0.00,17.00,9.00,0.00,17.00,N/A
1200,3.81,AgentPrefab,Agent,MoveState,Moving,AllyPrefab,9.00,0.00,17.00,5.44,0.00,5.44,5.67,0.00,5.67,AStar
1201,3.81,AllyPrefab,Ally,AllyIdleState,Idling,AgentPrefab,5.44,0.00,5.44,9.00,0.00,17.00,9.00,0.00,17.00,N/A
1201,3.81,AgentPrefab,Agent,MoveState,Moving,AllyPrefab,9.00,0.00,17.00,5.44,0.00,5.44,5.67,0.00,5.67,AStar
1202,3.81,AllyPrefab,Ally,AllyIdleState,Idling,AgentPrefab,5.45,0.00,5.45,9.00,0.00,17.00,9.00,0.00,17.00,N/A
1202,3.81,AgentPrefab,Agent,MoveState,Moving,AllyPrefab,9.00,0.00,17.00,5.45,0.00,5.45,5.67,0.00,5.67,AStar
1203,3.81,AllyPrefab,Ally,AllyIdleState,Idling,AgentPrefab,5.45,0.00,5.45,9.00,0.00,17.00,9.00,0.00,17.00,N/A
1203,3.81,AgentPrefab,Agent,MoveState,Moving,AllyPrefab,9.00,0.00,17.00,5.45,0.00,5.45,5.67,0.00,5.67,AStar
1204,3.82,AllyPrefab,Ally,AllyIdleState,Idling,AgentPrefab,5.45,0.00,5.45,9.00,0.00,17.00,9.00,0.00,17.00,N/A
1204,3.82,AgentPrefab,Agent,MoveState,Moving,AllyPrefab,9.00,0.00,17.00,5.45,0.00,5.45,5.67,0.00,5.67,AStar
1205,3.82,AllyPrefab,Ally,AllyIdleState,Idling,AgentPrefab,5.46,0.00,5.46,9.00,0.00,17.00,9.00,0.00,17.00,N/A
1205,3.82,AgentPrefab,Agent,MoveState,Moving,AllyPrefab,9.00,0.00,17.00,5.46,0.00,5.46,5.67,0.00,5.67,AStar
1206,3.82,AllyPrefab,Ally,AllyIdleState,Idling,AgentPrefab,5.46,0.00,5.46,9.00,0.00,17.00,9.00,0.00,17.00,N/A
1206,3.82,AgentPrefab,Agent,MoveState,Moving,AllyPrefab,9.00,0.00,17.00,5.46,0.00,5.46,5.67,0.00,5.67,AStar
1207,3.83,AllyPrefab,Ally,AllyIdleState,Idling,AgentPrefab,5.47,0.00,5.47,9.00,0.00,17.00,9.00,0.00,17.00,N/A
1207,3.83,AgentPrefab,Agent,MoveState,Moving,AllyPrefab,9.00,0.00,17.00,5.47,0.00,5.47,5.67,0.00,5.67,AStar
1208,3.83,AllyPrefab,Ally,AllyIdleState,Idling,AgentPrefab,5.47,0.00,5.47,9.00,0.00,17.00,9.00,0.00,17.00,N/A
1208,3.83,AgentPrefab,Agent,MoveState,Moving,AllyPrefab,9.00,0.00,17.00,5.47,0.00,5.47,5.67,0.00,5.67,AStar
1209,3.83,AllyPrefab,Ally,AllyIdleState,Idling,AgentPrefab,5.47,0.00,5.47,9.00,0.00,17.00,9.00,0.00,17.00,N/A
1209,3.83,AgentPrefab,Agent,MoveState,Moving,AllyPrefab,9.00,0.00,17.00,5.47,0.00,5.47,5.67,0.00,5.67,AStar
1210,3.84,AllyPrefab,Ally,AllyIdleState,Idling,AgentPrefab,5.48,0.00,5.48,9.00,0.00,17.00,9.00,0.00,17.00,N/A
1210,3.84,AgentPrefab,Agent,MoveState,Moving,AllyPrefab,9.00,0.00,17.00,5.48,0.00,5.48,5.67,0.00,5.67,AStar
1211,3.84,AllyPrefab,Ally,AllyIdleState,Idling,AgentPrefab,5.48,0.00,5.48,9.00,0.00,17.00,9.00,0.00,17.00,N/A
1211,3.84,AgentPrefab,Agent,MoveState,Moving,AllyPrefab,9.00,0.00,17.00,5.48,0.00,5.48,5.67,0.00,5.67,AStar
1212,3.84,AllyPrefab,Ally,AllyIdleState,Idling,AgentPrefab,5.49,0.00,5.49,9.00,0.00,17.00,9.00,0.00,17.00,N/A
1212,3.84,AgentPrefab,Agent,MoveState,Moving,AllyPrefab,9.00,0.00,17.00,5.49,0.00,5.49,5.67,0.00,5.67,AStar
1213,3.84,AllyPrefab,Ally,AllyIdleState,Idling,AgentPrefab,5.49,0.00,5.49,9.00,0.00,17.00,9.00,0.00,17.00,N/A
1213,3.84,AgentPrefab,Agent,MoveState,Moving,AllyPrefab,9.00,0.00,17.00,5.49,0.00,5.49,5.67,0.00,5.67,AStar
1214,3.85,AllyPrefab,Ally,AllyIdleState,Idling,AgentPrefab,5.50,0.00,5.50,9.00,0.00,17.00,9.00,0.00,17.00,N/A
1214,3.85,AgentPrefab,Agent,MoveState,Moving,AllyPrefab,9.00,0.00,17.00,5.50,0.00,5.50,5.67,0.00,5.67,AStar
1215,3.85,AllyPrefab,Ally,AllyIdleState,Idling,AgentPrefab,5.50,0.00,5.50,9.00,0.00,17.00,9.00,0.00,17.00,N/A
1215,3.85,AgentPrefab,Agent,MoveState,Moving,AllyPrefab,9.00,0.00,17.00,5.50,0.00,5.50,5.67,0.00,5.67,AStar
1216,3.85,AllyPrefab,Ally,AllyIdleState,Idling,AgentPrefab,5.51,0.00,5.51,9.00,0.00,17.00,9.00,0.00,17.00,N/A
1216,3.85,AgentPrefab,Agent,MoveState,Moving,AllyPrefab,9.00,0.00,17.00,5.51,0.00,5.51,5.67,0.00,5.67,AStar
1217,3.86,AllyPrefab,Ally,AllyIdleState,Idling,AgentPrefab,5.51,0.00,5.51,9.00,0.00,17.00,9.00,0.00,17.00,N/A
1217,3.86,AgentPrefab,Agent,MoveState,Moving,AllyPrefab,9.00,0.00,17.00,5.51,0.00,5.51,5.67,0.00,5.67,AStar
1218,3.86,AllyPrefab,Ally,AllyIdleState,Idling,AgentPrefab,5.51,0.00,5.51,9.00,0.00,17.00,9.00,0.00,17.00,N/A
1218,3.86,AgentPrefab,Agent,MoveState,Moving,AllyPrefab,9.00,0.00,17.00,5.51,0.00,5.51,5.67,0.00,5.67,AStar
1219,3.86,AllyPrefab,Ally,AllyIdleState,Idling,AgentPrefab,5.52,0.00,5.52,9.00,0.00,17.00,9.00,0.00,17.00,N/A
1219,3.86,AgentPrefab,Agent,MoveState,Moving,AllyPrefab,9.00,0.00,17.00,5.52,0.00,5.52,5.67,0.00,5.67,AStar
1220,3.87,AllyPrefab,Ally,AllyIdleState,Idling,AgentPrefab,5.52,0.00,5.52,9.00,0.00,17.00,9.00,0.00,17.00,N/A
1220,3.87,AgentPrefab,Agent,MoveState,Moving,AllyPrefab,9.00,0.00,17.00,5.52,0.00,5.52,5.67,0.00,5.67,AStar
1221,3.87,AllyPrefab,Ally,AllyIdleState,Idling,AgentPrefab,5.53,0.00,5.53,9.00,0.00,17.00,9.00,0.00,17.00,N/A
1221,3.87,AgentPrefab,Agent,MoveState,Moving,AllyPrefab,9.00,0.00,17.00,5.53,0.00,5.53,5.67,0.00,5.67,AStar
1222,3.87,AllyPrefab,Ally,AllyIdleState,Idling,AgentPrefab,5.53,0.00,5.53,9.00,0.00,17.00,9.00,0.00,17.00,N/A
1222,3.87,AgentPrefab,Agent,MoveState,Moving,AllyPrefab,9.00,0.00,17.00,5.53,0.00,5.53,5.67,0.00,5.67,AStar
1223,3.88,AllyPrefab,Ally,AllyIdleState,Idling,AgentPrefab,5.54,0.00,5.54,9.00,0.00,17.00,9.00,0.00,17.00,N/A
1223,3.88,AgentPrefab,Agent,MoveState,Moving,AllyPrefab,9.00,0.00,17.00,5.54,0.00,5.54,5.67,0.00,5.67,AStar
1224,3.88,AllyPrefab,Ally,AllyIdleState,Idling,AgentPrefab,5.54,0.00,5.54,9.00,0.00,17.00,9.00,0.00,17.00,N/A
1224,3.88,AgentPrefab,Agent,MoveState,Moving,AllyPrefab,9.00,0.00,17.00,5.54,0.00,5.54,5.67,0.00,5.67,AStar
1225,3.88,AllyPrefab,Ally,AllyIdleState,Idling,AgentPrefab,5.55,0.00,5.55,9.00,0.00,17.00,9.00,0.00,17.00,N/A
1225,3.88,AgentPrefab,Agent,MoveState,Moving,AllyPrefab,9.00,0.00,17.00,5.55,0.00,5.55,5.67,0.00,5.67,AStar
1226,3.89,AllyPrefab,Ally,AllyIdleState,Idling,AgentPrefab,5.55,0.00,5.55,9.00,0.00,17.00,9.00,0.00,17.00,N/A
1226,3.89,AgentPrefab,Agent,MoveState,Moving,AllyPrefab,9.00,0.00,17.00,5.55,0.00,5.55,5.67,0.00,5.67,AStar
1227,3.89,AllyPrefab,Ally,AllyIdleState,Idling,AgentPrefab,5.55,0.00,5.55,9.00,0.00,17.00,9.00,0.00,17.00,N/A
1227,3.89,AgentPrefab,Agent,MoveState,Moving,AllyPrefab,9.00,0.00,17.00,5.55,0.00,5.55,5.67,0.00,5.67,AStar
1228,3.89,AllyPrefab,Ally,AllyIdleState,Idling,AgentPrefab,5.56,0.00,5.56,9.00,0.00,17.00,9.00,0.00,17.00,N/A
1228,3.89,AgentPrefab,Agent,MoveState,Moving,AllyPrefab,9.00,0.00,17.00,5.56,0.00,5.56,5.67,0.00,5.67,AStar
1229,3.89,AllyPrefab,Ally,AllyIdleState,Idling,AgentPrefab,5.56,0.00,5.56,9.00,0.00,17.00,9.00,0.00,17.00,N/A
1229,3.89,AgentPrefab,Agent,MoveState,Moving,AllyPrefab,9.00,0.00,17.00,5.56,0.00,5.56,5.67,0.00,5.67,AStar
1230,3.90,AllyPrefab,Ally,AllyIdleState,Idling,AgentPrefab,5.57,0.00,5.57,9.00,0.00,17.00,9.00,0.00,17.00,N/A
1230,3.90,AgentPrefab,Agent,MoveState,Moving,AllyPrefab,9.00,0.00,17.00,5.57,0.00,5.57,5.67,0.00,5.67,AStar
1231,3.90,AllyPrefab,Ally,AllyIdleState,Idling,AgentPrefab,5.57,0.00,5.57,9.00,0.00,17.00,9.00,0.00,17.00,N/A
1231,3.90,AgentPrefab,Agent,MoveState,Moving,AllyPrefab,9.00,0.00,17.00,5.57,0.00,5.57,5.67,0.00,5.67,AStar
1232,3.90,AllyPrefab,Ally,AllyIdleState,Idling,AgentPrefab,5.58,0.00,5.58,9.00,0.00,17.00,9.00,0.00,17.00,N/A
1232,3.90,AgentPrefab,Agent,MoveState,Moving,AllyPrefab,9.00,0.00,17.00,5.58,0.00,5.58,5.67,0.00,5.67,AStar
1233,3.91,AllyPrefab,Ally,AllyIdleState,Idling,AgentPrefab,5.58,0.00,5.58,9.00,0.00,17.00,9.00,0.00,17.00,N/A
1233,3.91,AgentPrefab,Agent,MoveState,Moving,AllyPrefab,9.00,0.00,17.00,5.58,0.00,5.58,5.67,0.00,5.67,AStar
1234,3.91,AllyPrefab,Ally,AllyIdleState,Idling,AgentPrefab,5.59,0.00,5.59,9.00,0.00,17.00,9.00,0.00,17.00,N/A
1234,3.91,AgentPrefab,Agent,MoveState,Moving,AllyPrefab,9.00,0.00,17.00,5.59,0.00,5.59,5.67,0.00,5.67,AStar
1235,3.91,AllyPrefab,Ally,AllyIdleState,Idling,AgentPrefab,5.59,0.00,5.59,9.00,0.00,17.00,9.00,0.00,17.00,N/A
1235,3.91,AgentPrefab,Agent,MoveState,Moving,AllyPrefab,9.00,0.00,17.00,5.59,0.00,5.59,5.67,0.00,5.67,AStar
1236,3.92,AllyPrefab,Ally,AllyIdleState,Idling,AgentPrefab,5.59,0.00,5.59,9.00,0.00,17.00,9.00,0.00,17.00,N/A
1236,3.92,AgentPrefab,Agent,MoveState,Moving,AllyPrefab,9.00,0.00,17.00,5.59,0.00,5.59,5.67,0.00,5.67,AStar
1237,3.92,AllyPrefab,Ally,AllyIdleState,Idling,AgentPrefab,5.59,0.00,5.59,9.00,0.00,17.00,9.00,0.00,17.00,N/A
1237,3.92,AgentPrefab,Agent,MoveState,Moving,AllyPrefab,9.00,0.00,17.00,5.59,0.00,5.59,5.67,0.00,5.67,AStar
1238,3.92,AllyPrefab,Ally,AllyIdleState,Idling,AgentPrefab,5.59,0.00,5.59,9.00,0.00,17.00,9.00,0.00,17.00,N/A
1238,3.92,AgentPrefab,Agent,MoveState,Moving,AllyPrefab,9.00,0.00,17.00,5.59,0.00,5.59,5.67,0.00,5.67,AStar
1239,3.93,AllyPrefab,Ally,AllyIdleState,Idling,AgentPrefab,5.59,0.00,5.59,9.00,0.00,17.00,9.00,0.00,17.00,N/A
1239,3.93,AgentPrefab,Agent,MoveState,Moving,AllyPrefab,9.00,0.00,17.00,5.59,0.00,5.59,5.67,0.00,5.67,AStar
1240,3.93,AllyPrefab,Ally,AllyIdleState,Idling,AgentPrefab,5.59,0.00,5.59,9.00,0.00,17.00,9.00,0.00,17.00,N/A
1240,3.93,AgentPrefab,Agent,MoveState,Moving,AllyPrefab,9.00,0.00,17.00,5.59,0.00,5.59,5.67,0.00,5.67,AStar
1241,3.93,AllyPrefab,Ally,AllyIdleState,Idling,AgentPrefab,5.59,0.00,5.59,9.00,0.00,17.00,9.00,0.00,17.00,N/A
1241,3.93,AgentPrefab,Agent,MoveState,Moving,AllyPrefab,9.00,0.00,17.00,5.59,0.00,5.59,5.67,0.00,5.67,AStar
1242,3.94,AllyPrefab,Ally,AllyIdleState,Idling,AgentPrefab,5.59,0.00,5.59,9.00,0.00,17.00,9.00,0.00,17.00,N/A
1242,3.94,AgentPrefab,Agent,MoveState,Moving,AllyPrefab,9.00,0.00,17.00,5.59,0.00,5.59,5.67,0.00,5.67,AStar
1243,3.94,AllyPrefab,Ally,AllyIdleState,Idling,AgentPrefab,5.59,0.00,5.59,9.00,0.00,17.00,9.00,0.00,17.00,N/A
1243,3.94,AgentPrefab,Agent,MoveState,Moving,AllyPrefab,9.00,0.00,17.00,5.59,0.00,5.59,5.67,0.00,5.67,AStar
1244,3.94,AllyPrefab,Ally,AllyIdleState,Idling,AgentPrefab,5.59,0.00,5.59,9.00,0.00,17.00,9.00,0.00,17.00,N/A
1244,3.94,AgentPrefab,Agent,MoveState,Moving,AllyPrefab,9.00,0.00,17.00,5.59,0.00,5.59,5.67,0.00,5.67,AStar
1245,3.94,AllyPrefab,Ally,AllyIdleState,Idling,AgentPrefab,5.59,0.00,5.59,9.00,0.00,17.00,9.00,0.00,17.00,N/A
1245,3.94,AgentPrefab,Agent,MoveState,Moving,AllyPrefab,9.00,0.00,17.00,5.59,0.00,5.59,5.67,0.00,5.67,AStar
1246,3.95,AllyPrefab,Ally,AllyIdleState,Idling,AgentPrefab,5.59,0.00,5.59,9.00,0.00,17.00,9.00,0.00,17.00,N/A
1246,3.95,AgentPrefab,Agent,MoveState,Moving,AllyPrefab,9.00,0.00,17.00,5.59,0.00,5.59,5.67,0.00,5.67,AStar
1247,3.95,AllyPrefab,Ally,AllyIdleState,Idling,AgentPrefab,5.59,0.00,5.59,9.00,0.00,17.00,9.00,0.00,17.00,N/A
1247,3.95,AgentPrefab,Agent,MoveState,Moving,AllyPrefab,9.00,0.00,17.00,5.59,0.00,5.59,5.67,0.00,5.67,AStar
1248,3.95,AllyPrefab,Ally,AllyIdleState,Idling,AgentPrefab,5.59,0.00,5.59,9.00,0.00,17.00,9.00,0.00,17.00,N/A
1248,3.95,AgentPrefab,Agent,MoveState,Moving,AllyPrefab,9.00,0.00,17.00,5.59,0.00,5.59,5.67,0.00,5.67,AStar
1249,3.96,AllyPrefab,Ally,AllyIdleState,Idling,AgentPrefab,5.59,0.00,5.59,9.00,0.00,17.00,9.00,0.00,17.00,N/A
1249,3.96,AgentPrefab,Agent,MoveState,Moving,AllyPrefab,9.00,0.00,17.00,5.59,0.00,5.59,5.67,0.00,5.67,AStar
1250,3.96,AllyPrefab,Ally,AllyIdleState,Idling,AgentPrefab,5.59,0.00,5.59,9.00,0.00,17.00,9.00,0.00,17.00,N/A
1250,3.96,AgentPrefab,Agent,MoveState,Moving,AllyPrefab,9.00,0.00,17.00,5.59,0.00,5.59,5.67,0.00,5.67,AStar
1251,3.96,AllyPrefab,Ally,AllyIdleState,Idling,AgentPrefab,5.59,0.00,5.59,9.00,0.00,17.00,9.00,0.00,17.00,N/A
1251,3.96,AgentPrefab,Agent,MoveState,Moving,AllyPrefab,9.00,0.00,17.00,5.59,0.00,5.59,5.67,0.00,5.67,AStar
1252,3.97,AllyPrefab,Ally,AllyIdleState,Idling,AgentPrefab,5.59,0.00,5.59,9.00,0.00,17.00,9.00,0.00,17.00,N/A
1252,3.97,AgentPrefab,Agent,MoveState,Moving,AllyPrefab,9.00,0.00,17.00,5.59,0.00,5.59,5.67,0.00,5.67,AStar
1253,3.97,AllyPrefab,Ally,AllyIdleState,Idling,AgentPrefab,5.59,0.00,5.59,9.00,0.00,17.00,9.00,0.00,17.00,N/A
1253,3.97,AgentPrefab,Agent,MoveState,Moving,AllyPrefab,9.00,0.00,17.00,5.59,0.00,5.59,5.67,0.00,5.67,AStar
1254,3.97,AllyPrefab,Ally,AllyIdleState,Idling,AgentPrefab,5.59,0.00,5.59,9.00,0.00,17.00,9.00,0.00,17.00,N/A
1254,3.97,AgentPrefab,Agent,MoveState,Moving,AllyPrefab,9.00,0.00,17.00,5.59,0.00,5.59,5.67,0.00,5.67,AStar
1255,3.97,AllyPrefab,Ally,AllyIdleState,Idling,AgentPrefab,5.59,0.00,5.59,9.00,0.00,17.00,9.00,0.00,17.00,N/A
1255,3.97,AgentPrefab,Agent,MoveState,Moving,AllyPrefab,9.00,0.00,17.00,5.59,0.00,5.59,5.67,0.00,5.67,AStar
1256,3.98,AllyPrefab,Ally,AllyIdleState,Idling,AgentPrefab,5.59,0.00,5.59,9.00,0.00,17.00,9.00,0.00,17.00,N/A
1256,3.98,AgentPrefab,Agent,MoveState,Moving,AllyPrefab,9.00,0.00,17.00,5.59,0.00,5.59,5.67,0.00,5.67,AStar
1257,3.98,AllyPrefab,Ally,AllyIdleState,Idling,AgentPrefab,5.59,0.00,5.59,9.00,0.00,17.00,9.00,0.00,17.00,N/A
1257,3.98,AgentPrefab,Agent,MoveState,Moving,AllyPrefab,9.00,0.00,17.00,5.59,0.00,5.59,5.67,0.00,5.67,AStar
1258,3.98,AllyPrefab,Ally,AllyIdleState,Idling,AgentPrefab,5.59,0.00,5.59,9.00,0.00,17.00,9.00,0.00,17.00,N/A
1258,3.98,AgentPrefab,Agent,MoveState,Moving,AllyPrefab,9.00,0.00,17.00,5.59,0.00,5.59,5.67,0.00,5.67,AStar
1259,3.99,AllyPrefab,Ally,AllyIdleState,Idling,AgentPrefab,5.59,0.00,5.59,9.00,0.00,17.00,9.00,0.00,17.00,N/A
1259,3.99,AgentPrefab,Agent,MoveState,Moving,AllyPrefab,9.00,0.00,17.00,5.59,0.00,5.59,5.67,0.00,5.67,AStar
1260,3.99,AllyPrefab,Ally,AllyIdleState,Idling,AgentPrefab,5.59,0.00,5.59,9.00,0.00,17.00,9.00,0.00,17.00,N/A
1260,3.99,AgentPrefab,Agent,MoveState,Moving,AllyPrefab,9.00,0.00,17.00,5.59,0.00,5.59,5.67,0.00,5.67,AStar
1261,3.99,AllyPrefab,Ally,AllyIdleState,Idling,AgentPrefab,5.59,0.00,5.59,9.00,0.00,17.00,9.00,0.00,17.00,N/A
1261,3.99,AgentPrefab,Agent,MoveState,Moving,AllyPrefab,9.00,0.00,17.00,5.59,0.00,5.59,5.67,0.00,5.67,AStar
1262,3.99,AllyPrefab,Ally,AllyIdleState,Idling,AgentPrefab,5.59,0.00,5.59,9.00,0.00,17.00,9.00,0.00,17.00,N/A
1262,3.99,AgentPrefab,Agent,MoveState,Moving,AllyPrefab,9.00,0.00,17.00,5.59,0.00,5.59,5.67,0.00,5.67,AStar
1263,4.00,AllyPrefab,Ally,AllyIdleState,Idling,AgentPrefab,5.59,0.00,5.59,9.00,0.00,17.00,9.00,0.00,17.00,N/A
1263,4.00,AgentPrefab,Agent,MoveState,Moving,AllyPrefab,9.00,0.00,17.00,5.59,0.00,5.59,5.67,0.00,5.67,AStar
1264,4.00,AllyPrefab,Ally,AllyIdleState,Idling,AgentPrefab,5.59,0.00,5.59,9.00,0.00,17.00,9.00,0.00,17.00,N/A
1264,4.00,AgentPrefab,Agent,MoveState,Moving,AllyPrefab,9.00,0.00,17.00,5.59,0.00,5.59,5.67,0.00,5.67,AStar
1265,4.00,AllyPrefab,Ally,AllyIdleState,Idling,AgentPrefab,5.59,0.00,5.59,9.00,0.00,17.00,9.00,0.00,17.00,N/A
1265,4.00,AgentPrefab,Agent,MoveState,Moving,AllyPrefab,9.00,0.00,17.00,5.59,0.00,5.59,5.67,0.00,5.67,AStar
1266,4.01,AllyPrefab,Ally,AllyIdleState,Idling,AgentPrefab,5.59,0.00,5.59,9.00,0.00,17.00,9.00,0.00,17.00,N/A
1266,4.01,AgentPrefab,Agent,MoveState,Moving,AllyPrefab,9.00,0.00,17.00,5.59,0.00,5.59,5.67,0.00,5.67,AStar
1267,4.01,AllyPrefab,Ally,AllyIdleState,Idling,AgentPrefab,5.59,0.00,5.59,9.00,0.00,17.00,9.00,0.00,17.00,N/A
1267,4.01,AgentPrefab,Agent,MoveState,Moving,AllyPrefab,9.00,0.00,17.00,5.59,0.00,5.59,5.67,0.00,5.67,AStar
1268,4.01,AllyPrefab,Ally,AllyIdleState,Idling,AgentPrefab,5.59,0.00,5.59,9.00,0.00,17.00,9.00,0.00,17.00,N/A
1268,4.01,AgentPrefab,Agent,MoveState,Moving,AllyPrefab,9.00,0.00,17.00,5.59,0.00,5.59,5.67,0.00,5.67,AStar
1269,4.02,AllyPrefab,Ally,AllyIdleState,Idling,AgentPrefab,5.59,0.00,5.59,9.00,0.00,17.00,9.00,0.00,17.00,N/A
1269,4.02,AgentPrefab,Agent,MoveState,Moving,AllyPrefab,9.00,0.00,17.00,5.59,0.00,5.59,5.67,0.00,5.67,AStar
1270,4.02,AllyPrefab,Ally,AllyIdleState,Idling,AgentPrefab,5.59,0.00,5.59,9.00,0.00,17.00,9.00,0.00,17.00,N/A
1270,4.02,AgentPrefab,Agent,MoveState,Moving,AllyPrefab,9.00,0.00,17.00,5.59,0.00,5.59,5.67,0.00,5.67,AStar
1271,4.02,AllyPrefab,Ally,AllyIdleState,Idling,AgentPrefab,5.59,0.00,5.59,9.00,0.00,17.00,9.00,0.00,17.00,N/A
1271,4.02,AgentPrefab,Agent,MoveState,Moving,AllyPrefab,9.00,0.00,17.00,5.59,0.00,5.59,5.67,0.00,5.67,AStar
1272,4.02,AllyPrefab,Ally,AllyIdleState,Idling,AgentPrefab,5.59,0.00,5.59,9.00,0.00,17.00,9.00,0.00,17.00,N/A
1272,4.02,AgentPrefab,Agent,MoveState,Moving,AllyPrefab,9.00,0.00,17.00,5.59,0.00,5.59,5.67,0.00,5.67,AStar
1273,4.03,AllyPrefab,Ally,AllyIdleState,Idling,AgentPrefab,5.59,0.00,5.59,9.00,0.00,17.00,9.00,0.00,17.00,N/A
1273,4.03,AgentPrefab,Agent,MoveState,Moving,AllyPrefab,9.00,0.00,17.00,5.59,0.00,5.59,5.67,0.00,5.67,AStar
1274,4.03,AllyPrefab,Ally,AllyIdleState,Idling,AgentPrefab,5.59,0.00,5.59,9.00,0.00,17.00,9.00,0.00,17.00,N/A
1274,4.03,AgentPrefab,Agent,MoveState,Moving,AllyPrefab,9.00,0.00,17.00,5.59,0.00,5.59,5.67,0.00,5.67,AStar
1275,4.03,AllyPrefab,Ally,AllyIdleState,Idling,AgentPrefab,5.59,0.00,5.59,9.00,0.00,17.00,9.00,0.00,17.00,N/A
1275,4.03,AgentPrefab,Agent,MoveState,Moving,AllyPrefab,9.00,0.00,17.00,5.59,0.00,5.59,5.67,0.00,5.67,AStar
1276,4.04,AllyPrefab,Ally,AllyIdleState,Idling,AgentPrefab,5.59,0.00,5.59,9.00,0.00,17.00,9.00,0.00,17.00,N/A
1276,4.04,AgentPrefab,Agent,MoveState,Moving,AllyPrefab,9.00,0.00,17.00,5.59,0.00,5.59,5.67,0.00,5.67,AStar
1277,4.04,AllyPrefab,Ally,AllyIdleState,Idling,AgentPrefab,5.59,0.00,5.59,9.00,0.00,17.00,9.00,0.00,17.00,N/A
1277,4.04,AgentPrefab,Agent,MoveState,Moving,AllyPrefab,9.00,0.00,17.00,5.59,0.00,5.59,5.67,0.00,5.67,AStar
1278,4.04,AllyPrefab,Ally,AllyIdleState,Idling,AgentPrefab,5.59,0.00,5.59,9.00,0.00,17.00,9.00,0.00,17.00,N/A
1278,4.04,AgentPrefab,Agent,MoveState,Moving,AllyPrefab,9.00,0.00,17.00,5.59,0.00,5.59,5.67,0.00,5.67,AStar
1279,4.05,AllyPrefab,Ally,AllyIdleState,Idling,AgentPrefab,5.59,0.00,5.59,9.00,0.00,17.00,9.00,0.00,17.00,N/A
1279,4.05,AgentPrefab,Agent,MoveState,Moving,AllyPrefab,9.00,0.00,17.00,5.59,0.00,5.59,5.67,0.00,5.67,AStar
1280,4.05,AllyPrefab,Ally,AllyIdleState,Idling,AgentPrefab,5.59,0.00,5.59,9.00,0.00,17.00,9.00,0.00,17.00,N/A
1280,4.05,AgentPrefab,Agent,MoveState,Moving,AllyPrefab,9.00,0.00,17.00,5.59,0.00,5.59,5.67,0.00,5.67,AStar
1281,4.05,AllyPrefab,Ally,AllyIdleState,Idling,AgentPrefab,5.59,0.00,5.59,9.00,0.00,17.00,9.00,0.00,17.00,N/A
1281,4.05,AgentPrefab,Agent,MoveState,Moving,AllyPrefab,9.00,0.00,17.00,5.59,0.00,5.59,5.67,0.00,5.67,AStar
1282,4.06,AllyPrefab,Ally,AllyIdleState,Idling,AgentPrefab,5.59,0.00,5.59,9.00,0.00,17.00,9.00,0.00,17.00,N/A
1282,4.06,AgentPrefab,Agent,MoveState,Moving,AllyPrefab,9.00,0.00,17.00,5.59,0.00,5.59,5.67,0.00,5.67,AStar
1283,4.06,AllyPrefab,Ally,AllyIdleState,Idling,AgentPrefab,5.59,0.00,5.59,9.00,0.00,17.00,9.00,0.00,17.00,N/A
1283,4.06,AgentPrefab,Agent,MoveState,Moving,AllyPrefab,9.00,0.00,17.00,5.59,0.00,5.59,5.67,0.00,5.67,AStar
1284,4.06,AllyPrefab,Ally,AllyIdleState,Idling,AgentPrefab,5.59,0.00,5.59,9.00,0.00,17.00,9.00,0.00,17.00,N/A
1284,4.06,AgentPrefab,Agent,MoveState,Moving,AllyPrefab,9.00,0.00,17.00,5.59,0.00,5.59,5.67,0.00,5.67,AStar
1285,4.06,AllyPrefab,Ally,AllyIdleState,Idling,AgentPrefab,5.59,0.00,5.59,9.00,0.00,17.00,9.00,0.00,17.00,N/A
1285,4.06,AgentPrefab,Agent,MoveState,Moving,AllyPrefab,9.00,0.00,17.00,5.59,0.00,5.59,5.67,0.00,5.67,AStar
1286,4.07,AllyPrefab,Ally,AllyIdleState,Idling,AgentPrefab,5.59,0.00,5.59,9.00,0.00,17.00,9.00,0.00,17.00,N/A
1286,4.07,AgentPrefab,Agent,MoveState,Moving,AllyPrefab,9.00,0.00,17.00,5.59,0.00,5.59,5.67,0.00,5.67,AStar
1287,4.07,AllyPrefab,Ally,AllyIdleState,Idling,AgentPrefab,5.59,0.00,5.59,9.00,0.00,17.00,9.00,0.00,17.00,N/A
1287,4.07,AgentPrefab,Agent,MoveState,Moving,AllyPrefab,9.00,0.00,17.00,5.59,0.00,5.59,5.67,0.00,5.67,AStar
1288,4.07,AllyPrefab,Ally,AllyIdleState,Idling,AgentPrefab,5.59,0.00,5.59,9.00,0.00,17.00,9.00,0.00,17.00,N/A
1288,4.07,AgentPrefab,Agent,MoveState,Moving,AllyPrefab,9.00,0.00,17.00,5.59,0.00,5.59,5.67,0.00,5.67,AStar
1289,4.08,AllyPrefab,Ally,AllyIdleState,Idling,AgentPrefab,5.59,0.00,5.59,9.00,0.00,17.00,9.00,0.00,17.00,N/A
1289,4.08,AgentPrefab,Agent,MoveState,Moving,AllyPrefab,9.00,0.00,17.00,5.59,0.00,5.59,5.67,0.00,5.67,AStar
1290,4.08,AllyPrefab,Ally,AllyIdleState,Idling,AgentPrefab,5.59,0.00,5.59,9.00,0.00,17.00,9.00,0.00,17.00,N/A
1290,4.08,AgentPrefab,Agent,MoveState,Moving,AllyPrefab,9.00,0.00,17.00,5.59,0.00,5.59,5.67,0.00,5.67,AStar
1291,4.08,AllyPrefab,Ally,AllyIdleState,Idling,AgentPrefab,5.59,0.00,5.59,9.00,0.00,17.00,9.00,0.00,17.00,N/A
1291,4.08,AgentPrefab,Agent,MoveState,Moving,AllyPrefab,9.00,0.00,17.00,5.59,0.00,5.59,5.67,0.00,5.67,AStar
1292,4.09,AllyPrefab,Ally,AllyIdleState,Idling,AgentPrefab,5.59,0.00,5.59,9.00,0.00,17.00,9.00,0.00,17.00,N/A
1292,4.09,AgentPrefab,Agent,MoveState,Moving,AllyPrefab,9.00,0.00,17.00,5.59,0.00,5.59,5.67,0.00,5.67,AStar
1293,4.09,AllyPrefab,Ally,AllyIdleState,Idling,AgentPrefab,5.59,0.00,5.59,9.00,0.00,17.00,9.00,0.00,17.00,N/A
1293,4.09,AgentPrefab,Agent,MoveState,Moving,AllyPrefab,9.00,0.00,17.00,5.59,0.00,5.59,5.67,0.00,5.67,AStar
1294,4.09,AllyPrefab,Ally,AllyIdleState,Idling,AgentPrefab,5.59,0.00,5.59,9.00,0.00,17.00,9.00,0.00,17.00,N/A
1294,4.09,AgentPrefab,Agent,MoveState,Moving,AllyPrefab,9.00,0.00,17.00,5.59,0.00,5.59,5.67,0.00,5.67,AStar
1295,4.09,AllyPrefab,Ally,AllyIdleState,Idling,AgentPrefab,5.59,0.00,5.59,9.00,0.00,17.00,9.00,0.00,17.00,N/A
1295,4.09,AgentPrefab,Agent,MoveState,Moving,AllyPrefab,9.00,0.00,17.00,5.59,0.00,5.59,5.67,0.00,5.67,AStar
1296,4.10,AllyPrefab,Ally,AllyIdleState,Idling,AgentPrefab,5.59,0.00,5.59,9.00,0.00,17.00,9.00,0.00,17.00,N/A
1296,4.10,AgentPrefab,Agent,MoveState,Moving,AllyPrefab,9.00,0.00,17.00,5.59,0.00,5.59,5.67,0.00,5.67,AStar
1297,4.10,AllyPrefab,Ally,AllyIdleState,Idling,AgentPrefab,5.59,0.00,5.59,9.00,0.00,17.00,9.00,0.00,17.00,N/A
1297,4.10,AgentPrefab,Agent,MoveState,Moving,AllyPrefab,9.00,0.00,17.00,5.59,0.00,5.59,5.67,0.00,5.67,AStar
1298,4.10,AllyPrefab,Ally,AllyIdleState,Idling,AgentPrefab,5.59,0.00,5.59,9.00,0.00,17.00,9.00,0.00,17.00,N/A
1298,4.10,AgentPrefab,Agent,MoveState,Moving,AllyPrefab,9.00,0.00,17.00,5.59,0.00,5.59,5.67,0.00,5.67,AStar
1299,4.11,AllyPrefab,Ally,AllyIdleState,Idling,AgentPrefab,5.59,0.00,5.59,9.00,0.00,17.00,9.00,0.00,17.00,N/A
1299,4.11,AgentPrefab,Agent,MoveState,Moving,AllyPrefab,9.00,0.00,17.00,5.59,0.00,5.59,5.67,0.00,5.67,AStar
1300,4.11,AllyPrefab,Ally,AllyIdleState,Idling,AgentPrefab,5.59,0.00,5.59,9.00,0.00,17.00,9.00,0.00,17.00,N/A
1300,4.11,AgentPrefab,Agent,MoveState,Moving,AllyPrefab,9.00,0.00,17.00,5.59,0.00,5.59,5.67,0.00,5.67,AStar
1301,4.11,AllyPrefab,Ally,AllyIdleState,Idling,AgentPrefab,5.59,0.00,5.59,9.00,0.00,17.00,9.00,0.00,17.00,N/A
1301,4.11,AgentPrefab,Agent,MoveState,Moving,AllyPrefab,9.00,0.00,17.00,5.59,0.00,5.59,5.67,0.00,5.67,AStar
1302,4.11,AllyPrefab,Ally,AllyIdleState,Idling,AgentPrefab,5.59,0.00,5.59,9.00,0.00,17.00,9.00,0.00,17.00,N/A
1302,4.11,AgentPrefab,Agent,MoveState,Moving,AllyPrefab,9.00,0.00,17.00,5.59,0.00,5.59,5.67,0.00,5.67,AStar
1303,4.12,AllyPrefab,Ally,AllyIdleState,Idling,AgentPrefab,5.59,0.00,5.59,9.00,0.00,17.00,9.00,0.00,17.00,N/A
1303,4.12,AgentPrefab,Agent,MoveState,Moving,AllyPrefab,9.00,0.00,17.00,5.59,0.00,5.59,5.67,0.00,5.67,AStar
1304,4.12,AllyPrefab,Ally,AllyIdleState,Idling,AgentPrefab,5.59,0.00,5.59,9.00,0.00,17.00,9.00,0.00,17.00,N/A
1304,4.12,AgentPrefab,Agent,MoveState,Moving,AllyPrefab,9.00,0.00,17.00,5.59,0.00,5.59,5.67,0.00,5.67,AStar
1305,4.12,AllyPrefab,Ally,AllyIdleState,Idling,AgentPrefab,5.59,0.00,5.59,9.00,0.00,17.00,9.00,0.00,17.00,N/A
1305,4.12,AgentPrefab,Agent,MoveState,Moving,AllyPrefab,9.00,0.00,17.00,5.59,0.00,5.59,5.67,0.00,5.67,AStar
1306,4.13,AllyPrefab,Ally,AllyIdleState,Idling,AgentPrefab,5.59,0.00,5.59,9.00,0.00,17.00,9.00,0.00,17.00,N/A
1306,4.13,AgentPrefab,Agent,MoveState,Moving,AllyPrefab,9.00,0.00,17.00,5.59,0.00,5.59,5.67,0.00,5.67,AStar
1307,4.13,AllyPrefab,Ally,AllyIdleState,Idling,AgentPrefab,5.59,0.00,5.59,9.00,0.00,17.00,9.00,0.00,17.00,N/A
1307,4.13,AgentPrefab,Agent,MoveState,Moving,AllyPrefab,9.00,0.00,17.00,5.59,0.00,5.59,5.67,0.00,5.67,AStar
1308,4.13,AllyPrefab,Ally,AllyIdleState,Idling,AgentPrefab,5.59,0.00,5.59,9.00,0.00,17.00,9.00,0.00,17.00,N/A
1308,4.13,AgentPrefab,Agent,MoveState,Moving,AllyPrefab,9.00,0.00,17.00,5.59,0.00,5.59,5.67,0.00,5.67,AStar
1309,4.13,AllyPrefab,Ally,AllyIdleState,Idling,AgentPrefab,5.59,0.00,5.59,9.00,0.00,17.00,9.00,0.00,17.00,N/A
1309,4.13,AgentPrefab,Agent,MoveState,Moving,AllyPrefab,9.00,0.00,17.00,5.59,0.00,5.59,5.67,0.00,5.67,AStar
1310,4.14,AllyPrefab,Ally,AllyIdleState,Idling,AgentPrefab,5.59,0.00,5.59,9.00,0.00,17.00,9.00,0.00,17.00,N/A
1310,4.14,AgentPrefab,Agent,MoveState,Moving,AllyPrefab,9.00,0.00,17.00,5.59,0.00,5.59,5.67,0.00,5.67,AStar
1311,4.14,AllyPrefab,Ally,AllyIdleState,Idling,AgentPrefab,5.59,0.00,5.59,9.00,0.00,17.00,9.00,0.00,17.00,N/A
1311,4.14,AgentPrefab,Agent,MoveState,Moving,AllyPrefab,9.00,0.00,17.00,5.59,0.00,5.59,5.67,0.00,5.67,AStar
1312,4.14,AllyPrefab,Ally,AllyIdleState,Idling,AgentPrefab,5.59,0.00,5.59,9.00,0.00,17.00,9.00,0.00,17.00,N/A
1312,4.14,AgentPrefab,Agent,MoveState,Moving,AllyPrefab,9.00,0.00,17.00,5.59,0.00,5.59,5.67,0.00,5.67,AStar
1313,4.15,AllyPrefab,Ally,AllyIdleState,Idling,AgentPrefab,5.59,0.00,5.59,9.00,0.00,17.00,9.00,0.00,17.00,N/A
1313,4.15,AgentPrefab,Agent,MoveState,Moving,AllyPrefab,9.00,0.00,17.00,5.59,0.00,5.59,5.67,0.00,5.67,AStar
1314,4.15,AllyPrefab,Ally,AllyIdleState,Idling,AgentPrefab,5.59,0.00,5.59,9.00,0.00,17.00,9.00,0.00,17.00,N/A
1314,4.15,AgentPrefab,Agent,MoveState,Moving,AllyPrefab,9.00,0.00,17.00,5.59,0.00,5.59,5.67,0.00,5.67,AStar
1315,4.15,AllyPrefab,Ally,AllyIdleState,Idling,AgentPrefab,5.59,0.00,5.59,9.00,0.00,17.00,9.00,0.00,17.00,N/A
1315,4.15,AgentPrefab,Agent,MoveState,Moving,AllyPrefab,9.00,0.00,17.00,5.59,0.00,5.59,5.67,0.00,5.67,AStar
1316,4.15,AllyPrefab,Ally,AllyIdleState,Idling,AgentPrefab,5.59,0.00,5.59,9.00,0.00,17.00,9.00,0.00,17.00,N/A
1316,4.15,AgentPrefab,Agent,MoveState,Moving,AllyPrefab,9.00,0.00,17.00,5.59,0.00,5.59,5.67,0.00,5.67,AStar
1317,4.16,AllyPrefab,Ally,AllyIdleState,Idling,AgentPrefab,5.59,0.00,5.59,9.00,0.00,17.00,9.00,0.00,17.00,N/A
1317,4.16,AgentPrefab,Agent,MoveState,Moving,AllyPrefab,9.00,0.00,17.00,5.59,0.00,5.59,5.67,0.00,5.67,AStar
1318,4.16,AllyPrefab,Ally,AllyIdleState,Idling,AgentPrefab,5.59,0.00,5.59,9.00,0.00,17.00,9.00,0.00,17.00,N/A
1318,4.16,AgentPrefab,Agent,MoveState,Moving,AllyPrefab,9.00,0.00,17.00,5.59,0.00,5.59,5.67,0.00,5.67,AStar
1319,4.16,AllyPrefab,Ally,AllyIdleState,Idling,AgentPrefab,5.59,0.00,5.59,9.00,0.00,17.00,9.00,0.00,17.00,N/A
1319,4.16,AgentPrefab,Agent,MoveState,Moving,AllyPrefab,9.00,0.00,17.00,5.59,0.00,5.59,5.67,0.00,5.67,AStar
1320,4.17,AllyPrefab,Ally,AllyIdleState,Idling,AgentPrefab,5.59,0.00,5.59,9.00,0.00,17.00,9.00,0.00,17.00,N/A
1320,4.17,AgentPrefab,Agent,MoveState,Moving,AllyPrefab,9.00,0.00,17.00,5.59,0.00,5.59,5.67,0.00,5.67,AStar
1321,4.17,AllyPrefab,Ally,AllyIdleState,Idling,AgentPrefab,5.59,0.00,5.59,9.00,0.00,17.00,9.00,0.00,17.00,N/A
1321,4.17,AgentPrefab,Agent,MoveState,Moving,AllyPrefab,9.00,0.00,17.00,5.59,0.00,5.59,5.67,0.00,5.67,AStar
1322,4.17,AllyPrefab,Ally,AllyIdleState,Idling,AgentPrefab,5.59,0.00,5.59,9.00,0.00,17.00,9.00,0.00,17.00,N/A
1322,4.17,AgentPrefab,Agent,MoveState,Moving,AllyPrefab,9.00,0.00,17.00,5.59,0.00,5.59,5.67,0.00,5.67,AStar
1323,4.18,AllyPrefab,Ally,AllyIdleState,Idling,AgentPrefab,5.59,0.00,5.59,9.00,0.00,17.00,9.00,0.00,17.00,N/A
1323,4.18,AgentPrefab,Agent,MoveState,Moving,AllyPrefab,9.00,0.00,17.00,5.59,0.00,5.59,5.67,0.00,5.67,AStar
1324,4.18,AllyPrefab,Ally,AllyIdleState,Idling,AgentPrefab,5.59,0.00,5.59,9.00,0.00,17.00,9.00,0.00,17.00,N/A
1324,4.18,AgentPrefab,Agent,MoveState,Moving,AllyPrefab,9.00,0.00,17.00,5.59,0.00,5.59,5.67,0.00,5.67,AStar
1325,4.18,AllyPrefab,Ally,AllyIdleState,Idling,AgentPrefab,5.59,0.00,5.59,9.00,0.00,17.00,9.00,0.00,17.00,N/A
1325,4.18,AgentPrefab,Agent,MoveState,Moving,AllyPrefab,9.00,0.00,17.00,5.59,0.00,5.59,5.67,0.00,5.67,AStar
1326,4.18,AllyPrefab,Ally,AllyIdleState,Idling,AgentPrefab,5.59,0.00,5.59,9.00,0.00,17.00,9.00,0.00,17.00,N/A
1326,4.18,AgentPrefab,Agent,MoveState,Moving,AllyPrefab,9.00,0.00,17.00,5.59,0.00,5.59,5.67,0.00,5.67,AStar
1327,4.19,AllyPrefab,Ally,AllyIdleState,Idling,AgentPrefab,5.59,0.00,5.59,9.00,0.00,17.00,9.00,0.00,17.00,N/A
1327,4.19,AgentPrefab,Agent,MoveState,Moving,AllyPrefab,9.00,0.00,17.00,5.59,0.00,5.59,5.67,0.00,5.67,AStar
1328,4.19,AllyPrefab,Ally,AllyIdleState,Idling,AgentPrefab,5.59,0.00,5.59,9.00,0.00,17.00,9.00,0.00,17.00,N/A
1328,4.19,AgentPrefab,Agent,MoveState,Moving,AllyPrefab,9.00,0.00,17.00,5.59,0.00,5.59,5.67,0.00,5.67,AStar
1329,4.19,AllyPrefab,Ally,AllyIdleState,Idling,AgentPrefab,5.59,0.00,5.59,9.00,0.00,17.00,9.00,0.00,17.00,N/A
1329,4.19,AgentPrefab,Agent,MoveState,Moving,AllyPrefab,9.00,0.00,17.00,5.59,0.00,5.59,5.67,0.00,5.67,AStar
1330,4.20,AllyPrefab,Ally,AllyIdleState,Idling,AgentPrefab,5.59,0.00,5.59,9.00,0.00,17.00,9.00,0.00,17.00,N/A
1330,4.20,AgentPrefab,Agent,MoveState,Moving,AllyPrefab,9.00,0.00,17.00,5.59,0.00,5.59,5.67,0.00,5.67,AStar
1331,4.20,AllyPrefab,Ally,AllyIdleState,Idling,AgentPrefab,5.59,0.00,5.59,9.00,0.00,17.00,9.00,0.00,17.00,N/A
1331,4.20,AgentPrefab,Agent,MoveState,Moving,AllyPrefab,9.00,0.00,17.00,5.59,0.00,5.59,5.67,0.00,5.67,AStar
1332,4.20,AllyPrefab,Ally,AllyIdleState,Idling,AgentPrefab,5.59,0.00,5.59,9.00,0.00,17.00,9.00,0.00,17.00,N/A
1332,4.20,AgentPrefab,Agent,MoveState,Moving,AllyPrefab,9.00,0.00,17.00,5.59,0.00,5.59,5.67,0.00,5.67,AStar
1333,4.21,AllyPrefab,Ally,AllyIdleState,Idling,AgentPrefab,5.59,0.00,5.59,9.00,0.00,17.00,9.00,0.00,17.00,N/A
1333,4.21,AgentPrefab,Agent,MoveState,Moving,AllyPrefab,9.00,0.00,17.00,5.59,0.00,5.59,5.67,0.00,5.67,AStar
1334,4.21,AllyPrefab,Ally,AllyIdleState,Idling,AgentPrefab,5.59,0.00,5.59,9.00,0.00,17.00,9.00,0.00,17.00,N/A
1334,4.21,AgentPrefab,Agent,MoveState,Moving,AllyPrefab,9.00,0.00,17.00,5.59,0.00,5.59,5.67,0.00,5.67,AStar
1335,4.21,AllyPrefab,Ally,AllyIdleState,Idling,AgentPrefab,5.59,0.00,5.59,9.00,0.00,17.00,9.00,0.00,17.00,N/A
1335,4.21,AgentPrefab,Agent,MoveState,Moving,AllyPrefab,9.00,0.00,17.00,5.59,0.00,5.59,5.67,0.00,5.67,AStar
1336,4.22,AllyPrefab,Ally,AllyIdleState,Idling,AgentPrefab,5.59,0.00,5.59,9.00,0.00,17.00,9.00,0.00,17.00,N/A
1336,4.22,AgentPrefab,Agent,MoveState,Moving,AllyPrefab,9.00,0.00,17.00,5.59,0.00,5.59,5.67,0.00,5.67,AStar
1337,4.22,AllyPrefab,Ally,AllyIdleState,Idling,AgentPrefab,5.59,0.00,5.59,9.00,0.00,17.00,9.00,0.00,17.00,N/A
1337,4.22,AgentPrefab,Agent,MoveState,Moving,AllyPrefab,9.00,0.00,17.00,5.59,0.00,5.59,5.67,0.00,5.67,AStar
1338,4.22,AllyPrefab,Ally,AllyIdleState,Idling,AgentPrefab,5.59,0.00,5.59,9.00,0.00,17.00,9.00,0.00,17.00,N/A
1338,4.22,AgentPrefab,Agent,MoveState,Moving,AllyPrefab,9.00,0.00,17.00,5.59,0.00,5.59,5.67,0.00,5.67,AStar
1339,4.23,AllyPrefab,Ally,AllyIdleState,Idling,AgentPrefab,5.59,0.00,5.59,9.00,0.00,17.00,9.00,0.00,17.00,N/A
1339,4.23,AgentPrefab,Agent,MoveState,Moving,AllyPrefab,9.00,0.00,17.00,5.59,0.00,5.59,5.67,0.00,5.67,AStar
1340,4.23,AllyPrefab,Ally,AllyIdleState,Idling,AgentPrefab,5.59,0.00,5.59,9.00,0.00,17.00,9.00,0.00,17.00,N/A
1340,4.23,AgentPrefab,Agent,MoveState,Moving,AllyPrefab,9.00,0.00,17.00,5.59,0.00,5.59,5.67,0.00,5.67,AStar
1341,4.23,AllyPrefab,Ally,AllyIdleState,Idling,AgentPrefab,5.59,0.00,5.59,9.00,0.00,17.00,9.00,0.00,17.00,N/A
1341,4.23,AgentPrefab,Agent,MoveState,Moving,AllyPrefab,9.00,0.00,17.00,5.59,0.00,5.59,5.67,0.00,5.67,AStar
1342,4.24,AllyPrefab,Ally,AllyIdleState,Idling,AgentPrefab,5.59,0.00,5.59,9.00,0.00,17.00,9.00,0.00,17.00,N/A
1342,4.24,AgentPrefab,Agent,MoveState,Moving,AllyPrefab,9.00,0.00,17.00,5.59,0.00,5.59,5.67,0.00,5.67,AStar
1343,4.24,AllyPrefab,Ally,AllyIdleState,Idling,AgentPrefab,5.59,0.00,5.59,9.00,0.00,17.00,9.00,0.00,17.00,N/A
1343,4.24,AgentPrefab,Agent,MoveState,Moving,AllyPrefab,9.00,0.00,17.00,5.59,0.00,5.59,5.67,0.00,5.67,AStar
1344,4.24,AllyPrefab,Ally,AllyIdleState,Idling,AgentPrefab,5.59,0.00,5.59,9.00,0.00,17.00,9.00,0.00,17.00,N/A
1344,4.24,AgentPrefab,Agent,MoveState,Moving,AllyPrefab,9.00,0.00,17.00,5.59,0.00,5.59,5.67,0.00,5.67,AStar
1345,4.25,AllyPrefab,Ally,AllyIdleState,Idling,AgentPrefab,5.59,0.00,5.59,9.00,0.00,17.00,9.00,0.00,17.00,N/A
1345,4.25,AgentPrefab,Agent,MoveState,Moving,AllyPrefab,9.00,0.00,17.00,5.59,0.00,5.59,5.67,0.00,5.67,AStar
1346,4.25,AllyPrefab,Ally,AllyIdleState,Idling,AgentPrefab,5.59,0.00,5.59,9.00,0.00,17.00,9.00,0.00,17.00,N/A
1346,4.25,AgentPrefab,Agent,MoveState,Moving,AllyPrefab,9.00,0.00,17.00,5.59,0.00,5.59,5.67,0.00,5.67,AStar
1347,4.25,AllyPrefab,Ally,AllyIdleState,Idling,AgentPrefab,5.59,0.00,5.59,9.00,0.00,17.00,9.00,0.00,17.00,N/A
1347,4.25,AgentPrefab,Agent,MoveState,Moving,AllyPrefab,9.00,0.00,17.00,5.59,0.00,5.59,5.67,0.00,5.67,AStar
1348,4.26,AllyPrefab,Ally,AllyIdleState,Idling,AgentPrefab,5.59,0.00,5.59,9.00,0.00,17.00,9.00,0.00,17.00,N/A
1348,4.26,AgentPrefab,Agent,MoveState,Moving,AllyPrefab,9.00,0.00,17.00,5.59,0.00,5.59,5.67,0.00,5.67,AStar
1349,4.26,AllyPrefab,Ally,AllyIdleState,Idling,AgentPrefab,5.59,0.00,5.59,9.00,0.00,17.00,9.00,0.00,17.00,N/A
1349,4.26,AgentPrefab,Agent,MoveState,Moving,AllyPrefab,9.00,0.00,17.00,5.59,0.00,5.59,5.67,0.00,5.67,AStar
1350,4.26,AllyPrefab,Ally,AllyIdleState,Idling,AgentPrefab,5.59,0.00,5.59,9.00,0.00,17.00,9.00,0.00,17.00,N/A
1350,4.26,AgentPrefab,Agent,MoveState,Moving,AllyPrefab,9.00,0.00,17.00,5.59,0.00,5.59,5.67,0.00,5.67,AStar
1351,4.27,AllyPrefab,Ally,AllyIdleState,Idling,AgentPrefab,5.59,0.00,5.59,9.00,0.00,17.00,9.00,0.00,17.00,N/A
1351,4.27,AgentPrefab,Agent,MoveState,Moving,AllyPrefab,9.00,0.00,17.00,5.59,0.00,5.59,5.67,0.00,5.67,AStar
1352,4.27,AllyPrefab,Ally,AllyIdleState,Idling,AgentPrefab,5.59,0.00,5.59,9.00,0.00,17.00,9.00,0.00,17.00,N/A
1352,4.27,AgentPrefab,Agent,MoveState,Moving,AllyPrefab,9.00,0.00,17.00,5.59,0.00,5.59,5.67,0.00,5.67,AStar
1353,4.27,AllyPrefab,Ally,AllyIdleState,Idling,AgentPrefab,5.59,0.00,5.59,9.00,0.00,17.00,9.00,0.00,17.00,N/A
1353,4.27,AgentPrefab,Agent,MoveState,Moving,AllyPrefab,9.00,0.00,17.00,5.59,0.00,5.59,5.67,0.00,5.67,AStar
1354,4.28,AllyPrefab,Ally,AllyIdleState,Idling,AgentPrefab,5.59,0.00,5.59,9.00,0.00,17.00,9.00,0.00,17.00,N/A
1354,4.28,AgentPrefab,Agent,MoveState,Moving,AllyPrefab,9.00,0.00,17.00,5.59,0.00,5.59,5.67,0.00,5.67,AStar
1355,4.28,AllyPrefab,Ally,AllyIdleState,Idling,AgentPrefab,5.59,0.00,5.59,9.00,0.00,17.00,9.00,0.00,17.00,N/A
1355,4.28,AgentPrefab,Agent,MoveState,Moving,AllyPrefab,9.00,0.00,17.00,5.59,0.00,5.59,5.67,0.00,5.67,AStar
1356,4.29,AllyPrefab,Ally,AllyIdleState,Idling,AgentPrefab,5.59,0.00,5.59,9.00,0.00,17.00,9.00,0.00,17.00,N/A
1356,4.29,AgentPrefab,Agent,MoveState,Moving,AllyPrefab,9.00,0.00,17.00,5.59,0.00,5.59,5.67,0.00,5.67,AStar
1357,4.29,AllyPrefab,Ally,AllyIdleState,Idling,AgentPrefab,5.59,0.00,5.59,9.00,0.00,17.00,9.00,0.00,17.00,N/A
1357,4.29,AgentPrefab,Agent,MoveState,Moving,AllyPrefab,9.00,0.00,17.00,5.59,0.00,5.59,5.67,0.00,5.67,AStar
1358,4.29,AllyPrefab,Ally,AllyIdleState,Idling,AgentPrefab,5.59,0.00,5.59,9.00,0.00,17.00,9.00,0.00,17.00,N/A
1358,4.29,AgentPrefab,Agent,MoveState,Moving,AllyPrefab,9.00,0.00,17.00,5.59,0.00,5.59,5.67,0.00,5.67,AStar
1359,4.29,AllyPrefab,Ally,AllyIdleState,Idling,AgentPrefab,5.59,0.00,5.59,9.00,0.00,17.00,9.00,0.00,17.00,N/A
1359,4.29,AgentPrefab,Agent,MoveState,Moving,AllyPrefab,9.00,0.00,17.00,5.59,0.00,5.59,5.67,0.00,5.67,AStar
1360,4.30,AllyPrefab,Ally,AllyIdleState,Idling,AgentPrefab,5.59,0.00,5.59,9.00,0.00,17.00,9.00,0.00,17.00,N/A
1360,4.30,AgentPrefab,Agent,MoveState,Moving,AllyPrefab,9.00,0.00,17.00,5.59,0.00,5.59,5.67,0.00,5.67,AStar
1361,4.30,AllyPrefab,Ally,AllyIdleState,Idling,AgentPrefab,5.59,0.00,5.59,9.00,0.00,17.00,9.00,0.00,17.00,N/A
1361,4.30,AgentPrefab,Agent,MoveState,Moving,AllyPrefab,9.00,0.00,17.00,5.59,0.00,5.59,5.67,0.00,5.67,AStar
1362,4.30,AllyPrefab,Ally,AllyIdleState,Idling,AgentPrefab,5.59,0.00,5.59,9.00,0.00,17.00,9.00,0.00,17.00,N/A
1362,4.30,AgentPrefab,Agent,MoveState,Moving,AllyPrefab,9.00,0.00,17.00,5.59,0.00,5.59,5.67,0.00,5.67,AStar
1363,4.31,AllyPrefab,Ally,AllyIdleState,Idling,AgentPrefab,5.59,0.00,5.59,9.00,0.00,17.00,9.00,0.00,17.00,N/A
1363,4.31,AgentPrefab,Agent,MoveState,Moving,AllyPrefab,9.00,0.00,17.00,5.59,0.00,5.59,5.67,0.00,5.67,AStar
1364,4.31,AllyPrefab,Ally,AllyIdleState,Idling,AgentPrefab,5.59,0.00,5.59,9.00,0.00,17.00,9.00,0.00,17.00,N/A
1364,4.31,AgentPrefab,Agent,MoveState,Moving,AllyPrefab,9.00,0.00,17.00,5.59,0.00,5.59,5.67,0.00,5.67,AStar
1365,4.32,AllyPrefab,Ally,AllyIdleState,Idling,AgentPrefab,5.59,0.00,5.59,9.00,0.00,17.00,9.00,0.00,17.00,N/A
1365,4.32,AgentPrefab,Agent,MoveState,Moving,AllyPrefab,9.00,0.00,17.00,5.59,0.00,5.59,5.67,0.00,5.67,AStar
1366,4.32,AllyPrefab,Ally,AllyIdleState,Idling,AgentPrefab,5.59,0.00,5.59,9.00,0.00,17.00,9.00,0.00,17.00,N/A
1366,4.32,AgentPrefab,Agent,MoveState,Moving,AllyPrefab,9.00,0.00,17.00,5.59,0.00,5.59,5.67,0.00,5.67,AStar
1367,4.32,AllyPrefab,Ally,AllyIdleState,Idling,AgentPrefab,5.59,0.00,5.59,9.00,0.00,17.00,9.00,0.00,17.00,N/A
1367,4.32,AgentPrefab,Agent,MoveState,Moving,AllyPrefab,9.00,0.00,17.00,5.59,0.00,5.59,5.67,0.00,5.67,AStar
1368,4.33,AllyPrefab,Ally,AllyIdleState,Idling,AgentPrefab,5.59,0.00,5.59,9.00,0.00,17.00,9.00,0.00,17.00,N/A
1368,4.33,AgentPrefab,Agent,MoveState,Moving,AllyPrefab,9.00,0.00,17.00,5.59,0.00,5.59,5.67,0.00,5.67,AStar
1369,4.33,AllyPrefab,Ally,AllyIdleState,Idling,AgentPrefab,5.59,0.00,5.59,9.00,0.00,17.00,9.00,0.00,17.00,N/A
1369,4.33,AgentPrefab,Agent,MoveState,Moving,AllyPrefab,9.00,0.00,17.00,5.59,0.00,5.59,5.67,0.00,5.67,AStar
1370,4.34,AllyPrefab,Ally,AllyIdleState,Idling,AgentPrefab,5.59,0.00,5.59,9.00,0.00,17.00,9.00,0.00,17.00,N/A
1370,4.34,AgentPrefab,Agent,MoveState,Moving,AllyPrefab,9.00,0.00,17.00,5.59,0.00,5.59,5.67,0.00,5.67,AStar
1371,4.34,AllyPrefab,Ally,AllyIdleState,Idling,AgentPrefab,5.59,0.00,5.59,9.00,0.00,17.00,9.00,0.00,17.00,N/A
1371,4.34,AgentPrefab,Agent,MoveState,Moving,AllyPrefab,9.00,0.00,17.00,5.59,0.00,5.59,5.67,0.00,5.67,AStar
1372,4.34,AllyPrefab,Ally,AllyIdleState,Idling,AgentPrefab,5.59,0.00,5.59,9.00,0.00,17.00,9.00,0.00,17.00,N/A
1372,4.34,AgentPrefab,Agent,MoveState,Moving,AllyPrefab,9.00,0.00,17.00,5.59,0.00,5.59,5.67,0.00,5.67,AStar
1373,4.35,AllyPrefab,Ally,AllyIdleState,Idling,AgentPrefab,5.59,0.00,5.59,9.00,0.00,17.00,9.00,0.00,17.00,N/A
1373,4.35,AgentPrefab,Agent,MoveState,Moving,AllyPrefab,9.00,0.00,17.00,5.59,0.00,5.59,5.67,0.00,5.67,AStar
1374,4.35,AllyPrefab,Ally,AllyIdleState,Idling,AgentPrefab,5.59,0.00,5.59,9.00,0.00,17.00,9.00,0.00,17.00,N/A
1374,4.35,AgentPrefab,Agent,MoveState,Moving,AllyPrefab,9.00,0.00,17.00,5.59,0.00,5.59,5.67,0.00,5.67,AStar
1375,4.35,AllyPrefab,Ally,AllyIdleState,Idling,AgentPrefab,5.59,0.00,5.59,9.00,0.00,17.00,9.00,0.00,17.00,N/A
1375,4.35,AgentPrefab,Agent,MoveState,Moving,AllyPrefab,9.00,0.00,17.00,5.59,0.00,5.59,5.67,0.00,5.67,AStar
1376,4.36,AllyPrefab,Ally,AllyIdleState,Idling,AgentPrefab,5.59,0.00,5.59,9.00,0.00,17.00,9.00,0.00,17.00,N/A
1376,4.36,AgentPrefab,Agent,MoveState,Moving,AllyPrefab,9.00,0.00,17.00,5.59,0.00,5.59,5.67,0.00,5.67,AStar
1377,4.36,AllyPrefab,Ally,AllyIdleState,Idling,AgentPrefab,5.59,0.00,5.59,9.00,0.00,17.00,9.00,0.00,17.00,N/A
1377,4.36,AgentPrefab,Agent,MoveState,Moving,AllyPrefab,9.00,0.00,17.00,5.59,0.00,5.59,5.67,0.00,5.67,AStar
1378,4.36,AllyPrefab,Ally,AllyIdleState,Idling,AgentPrefab,5.59,0.00,5.59,9.00,0.00,17.00,9.00,0.00,17.00,N/A
1378,4.36,AgentPrefab,Agent,MoveState,Moving,AllyPrefab,9.00,0.00,17.00,5.59,0.00,5.59,5.67,0.00,5.67,AStar
1379,4.37,AllyPrefab,Ally,AllyIdleState,Idling,AgentPrefab,5.59,0.00,5.59,9.00,0.00,17.00,9.00,0.00,17.00,N/A
1379,4.37,AgentPrefab,Agent,MoveState,Moving,AllyPrefab,9.00,0.00,17.00,5.59,0.00,5.59,5.67,0.00,5.67,AStar
1380,4.37,AllyPrefab,Ally,AllyIdleState,Idling,AgentPrefab,5.59,0.00,5.59,9.00,0.00,17.00,9.00,0.00,17.00,N/A
1380,4.37,AgentPrefab,Agent,MoveState,Moving,AllyPrefab,9.00,0.00,17.00,5.59,0.00,5.59,5.67,0.00,5.67,AStar
1381,4.38,AllyPrefab,Ally,AllyIdleState,Idling,AgentPrefab,5.59,0.00,5.59,9.00,0.00,17.00,9.00,0.00,17.00,N/A
1381,4.38,AgentPrefab,Agent,MoveState,Moving,AllyPrefab,9.00,0.00,17.00,5.59,0.00,5.59,5.67,0.00,5.67,AStar
1382,4.38,AllyPrefab,Ally,AllyIdleState,Idling,AgentPrefab,5.59,0.00,5.59,9.00,0.00,17.00,9.00,0.00,17.00,N/A
1382,4.38,AgentPrefab,Agent,MoveState,Moving,AllyPrefab,9.00,0.00,17.00,5.59,0.00,5.59,5.67,0.00,5.67,AStar
1383,4.38,AllyPrefab,Ally,AllyIdleState,Idling,AgentPrefab,5.59,0.00,5.59,9.00,0.00,17.00,9.00,0.00,17.00,N/A
1383,4.38,AgentPrefab,Agent,MoveState,Moving,AllyPrefab,9.00,0.00,17.00,5.59,0.00,5.59,5.67,0.00,5.67,AStar
1384,4.39,AllyPrefab,Ally,AllyIdleState,Idling,AgentPrefab,5.59,0.00,5.59,9.00,0.00,17.00,9.00,0.00,17.00,N/A
1384,4.39,AgentPrefab,Agent,MoveState,Moving,AllyPrefab,9.00,0.00,17.00,5.59,0.00,5.59,5.67,0.00,5.67,AStar
1385,4.39,AllyPrefab,Ally,AllyIdleState,Idling,AgentPrefab,5.59,0.00,5.59,9.00,0.00,17.00,9.00,0.00,17.00,N/A
1385,4.39,AgentPrefab,Agent,MoveState,Moving,AllyPrefab,9.00,0.00,17.00,5.59,0.00,5.59,5.67,0.00,5.67,AStar
1386,4.39,AllyPrefab,Ally,AllyIdleState,Idling,AgentPrefab,5.59,0.00,5.59,9.00,0.00,17.00,9.00,0.00,17.00,N/A
1386,4.39,AgentPrefab,Agent,MoveState,Moving,AllyPrefab,9.00,0.00,17.00,5.59,0.00,5.59,5.67,0.00,5.67,AStar
1387,4.40,AllyPrefab,Ally,AllyIdleState,Idling,AgentPrefab,5.59,0.00,5.59,9.00,0.00,17.00,9.00,0.00,17.00,N/A
1387,4.40,AgentPrefab,Agent,MoveState,Moving,AllyPrefab,9.00,0.00,17.00,5.59,0.00,5.59,5.67,0.00,5.67,AStar
1388,4.40,AllyPrefab,Ally,AllyIdleState,Idling,AgentPrefab,5.59,0.00,5.59,9.00,0.00,17.00,9.00,0.00,17.00,N/A
1388,4.40,AgentPrefab,Agent,MoveState,Moving,AllyPrefab,9.00,0.00,17.00,5.59,0.00,5.59,5.67,0.00,5.67,AStar
1389,4.40,AllyPrefab,Ally,AllyIdleState,Idling,AgentPrefab,5.59,0.00,5.59,9.00,0.00,17.00,9.00,0.00,17.00,N/A
1389,4.40,AgentPrefab,Agent,MoveState,Moving,AllyPrefab,9.00,0.00,17.00,5.59,0.00,5.59,5.67,0.00,5.67,AStar
1390,4.41,AllyPrefab,Ally,AllyIdleState,Idling,AgentPrefab,5.59,0.00,5.59,9.00,0.00,17.00,9.00,0.00,17.00,N/A
1390,4.41,AgentPrefab,Agent,MoveState,Moving,AllyPrefab,9.00,0.00,17.00,5.59,0.00,5.59,5.67,0.00,5.67,AStar
1391,4.41,AllyPrefab,Ally,AllyIdleState,Idling,AgentPrefab,5.59,0.00,5.59,9.00,0.00,17.00,9.00,0.00,17.00,N/A
1391,4.41,AgentPrefab,Agent,MoveState,Moving,AllyPrefab,9.00,0.00,17.00,5.59,0.00,5.59,5.67,0.00,5.67,AStar
1392,4.41,AllyPrefab,Ally,AllyIdleState,Idling,AgentPrefab,5.59,0.00,5.59,9.00,0.00,17.00,9.00,0.00,17.00,N/A
1392,4.41,AgentPrefab,Agent,MoveState,Moving,AllyPrefab,9.00,0.00,17.00,5.59,0.00,5.59,5.67,0.00,5.67,AStar
1393,4.41,AllyPrefab,Ally,AllyIdleState,Idling,AgentPrefab,5.59,0.00,5.59,9.00,0.00,17.00,9.00,0.00,17.00,N/A
1393,4.41,AgentPrefab,Agent,MoveState,Moving,AllyPrefab,9.00,0.00,17.00,5.59,0.00,5.59,5.67,0.00,5.67,AStar
1394,4.42,AllyPrefab,Ally,AllyIdleState,Idling,AgentPrefab,5.59,0.00,5.59,9.00,0.00,17.00,9.00,0.00,17.00,N/A
1394,4.42,AgentPrefab,Agent,MoveState,Moving,AllyPrefab,9.00,0.00,17.00,5.59,0.00,5.59,5.67,0.00,5.67,AStar
1395,4.42,AllyPrefab,Ally,AllyIdleState,Idling,AgentPrefab,5.59,0.00,5.59,9.00,0.00,17.00,9.00,0.00,17.00,N/A
1395,4.42,AgentPrefab,Agent,MoveState,Moving,AllyPrefab,9.00,0.00,17.00,5.59,0.00,5.59,5.67,0.00,5.67,AStar
1396,4.42,AllyPrefab,Ally,AllyIdleState,Idling,AgentPrefab,5.59,0.00,5.59,9.00,0.00,17.00,9.00,0.00,17.00,N/A
1396,4.42,AgentPrefab,Agent,MoveState,Moving,AllyPrefab,9.00,0.00,17.00,5.59,0.00,5.59,5.67,0.00,5.67,AStar
1397,4.43,AllyPrefab,Ally,AllyIdleState,Idling,AgentPrefab,5.59,0.00,5.59,9.00,0.00,17.00,9.00,0.00,17.00,N/A
1397,4.43,AgentPrefab,Agent,MoveState,Moving,AllyPrefab,9.00,0.00,17.00,5.59,0.00,5.59,5.67,0.00,5.67,AStar
1398,4.43,AllyPrefab,Ally,AllyIdleState,Idling,AgentPrefab,5.59,0.00,5.59,9.00,0.00,17.00,9.00,0.00,17.00,N/A
1398,4.43,AgentPrefab,Agent,MoveState,Moving,AllyPrefab,9.00,0.00,17.00,5.59,0.00,5.59,5.67,0.00,5.67,AStar
1399,4.43,AllyPrefab,Ally,AllyIdleState,Idling,AgentPrefab,5.59,0.00,5.59,9.00,0.00,17.00,9.00,0.00,17.00,N/A
1399,4.43,AgentPrefab,Agent,MoveState,Moving,AllyPrefab,9.00,0.00,17.00,5.59,0.00,5.59,5.67,0.00,5.67,AStar
1400,4.44,AllyPrefab,Ally,AllyIdleState,Idling,AgentPrefab,5.59,0.00,5.59,9.00,0.00,17.00,9.00,0.00,17.00,N/A
1400,4.44,AgentPrefab,Agent,MoveState,Moving,AllyPrefab,9.00,0.00,17.00,5.59,0.00,5.59,5.67,0.00,5.67,AStar
1401,4.44,AllyPrefab,Ally,AllyIdleState,Idling,AgentPrefab,5.59,0.00,5.59,9.00,0.00,17.00,9.00,0.00,17.00,N/A
1401,4.44,AgentPrefab,Agent,MoveState,Moving,AllyPrefab,9.00,0.00,17.00,5.59,0.00,5.59,5.67,0.00,5.67,AStar
1402,4.44,AllyPrefab,Ally,AllyIdleState,Idling,AgentPrefab,5.59,0.00,5.59,9.00,0.00,17.00,9.00,0.00,17.00,N/A
1402,4.44,AgentPrefab,Agent,MoveState,Moving,AllyPrefab,9.00,0.00,17.00,5.59,0.00,5.59,5.67,0.00,5.67,AStar
1403,4.44,AllyPrefab,Ally,AllyIdleState,Idling,AgentPrefab,5.59,0.00,5.59,9.00,0.00,17.00,9.00,0.00,17.00,N/A
1403,4.44,AgentPrefab,Agent,MoveState,Moving,AllyPrefab,9.00,0.00,17.00,5.59,0.00,5.59,5.67,0.00,5.67,AStar
1404,4.45,AllyPrefab,Ally,AllyIdleState,Idling,AgentPrefab,5.59,0.00,5.59,9.00,0.00,17.00,9.00,0.00,17.00,N/A
1404,4.45,AgentPrefab,Agent,MoveState,Moving,AllyPrefab,9.00,0.00,17.00,5.59,0.00,5.59,5.67,0.00,5.67,AStar
1405,4.45,AllyPrefab,Ally,AllyIdleState,Idling,AgentPrefab,5.59,0.00,5.59,9.00,0.00,17.00,9.00,0.00,17.00,N/A
1405,4.45,AgentPrefab,Agent,MoveState,Moving,AllyPrefab,9.00,0.00,17.00,5.59,0.00,5.59,5.67,0.00,5.67,AStar
1406,4.45,AllyPrefab,Ally,AllyIdleState,Idling,AgentPrefab,5.59,0.00,5.59,9.00,0.00,17.00,9.00,0.00,17.00,N/A
1406,4.45,AgentPrefab,Agent,MoveState,Moving,AllyPrefab,9.00,0.00,17.00,5.59,0.00,5.59,5.67,0.00,5.67,AStar
1407,4.46,AllyPrefab,Ally,AllyIdleState,Idling,AgentPrefab,5.59,0.00,5.59,9.00,0.00,17.00,9.00,0.00,17.00,N/A
1407,4.46,AgentPrefab,Agent,MoveState,Moving,AllyPrefab,9.00,0.00,17.00,5.59,0.00,5.59,5.67,0.00,5.67,AStar
1408,4.46,AllyPrefab,Ally,AllyIdleState,Idling,AgentPrefab,5.59,0.00,5.59,9.00,0.00,17.00,9.00,0.00,17.00,N/A
1408,4.46,AgentPrefab,Agent,MoveState,Moving,AllyPrefab,9.00,0.00,17.00,5.59,0.00,5.59,5.67,0.00,5.67,AStar
1409,4.46,AllyPrefab,Ally,AllyIdleState,Idling,AgentPrefab,5.59,0.00,5.59,9.00,0.00,17.00,9.00,0.00,17.00,N/A
1409,4.46,AgentPrefab,Agent,MoveState,Moving,AllyPrefab,9.00,0.00,17.00,5.59,0.00,5.59,5.67,0.00,5.67,AStar
1410,4.47,AllyPrefab,Ally,AllyIdleState,Idling,AgentPrefab,5.59,0.00,5.59,9.00,0.00,17.00,9.00,0.00,17.00,N/A
1410,4.47,AgentPrefab,Agent,MoveState,Moving,AllyPrefab,9.00,0.00,17.00,5.59,0.00,5.59,5.67,0.00,5.67,AStar
1411,4.47,AllyPrefab,Ally,AllyIdleState,Idling,AgentPrefab,5.59,0.00,5.59,9.00,0.00,17.00,9.00,0.00,17.00,N/A
1411,4.47,AgentPrefab,Agent,MoveState,Moving,AllyPrefab,9.00,0.00,17.00,5.59,0.00,5.59,5.67,0.00,5.67,AStar
1412,4.47,AllyPrefab,Ally,AllyIdleState,Idling,AgentPrefab,5.59,0.00,5.59,9.00,0.00,17.00,9.00,0.00,17.00,N/A
1412,4.47,AgentPrefab,Agent,MoveState,Moving,AllyPrefab,9.00,0.00,17.00,5.59,0.00,5.59,5.67,0.00,5.67,AStar
1413,4.48,AllyPrefab,Ally,AllyIdleState,Idling,AgentPrefab,5.59,0.00,5.59,9.00,0.00,17.00,9.00,0.00,17.00,N/A
1413,4.48,AgentPrefab,Agent,MoveState,Moving,AllyPrefab,9.00,0.00,17.00,5.59,0.00,5.59,5.67,0.00,5.67,AStar
1414,4.48,AllyPrefab,Ally,AllyIdleState,Idling,AgentPrefab,5.59,0.00,5.59,9.00,0.00,17.00,9.00,0.00,17.00,N/A
1414,4.48,AgentPrefab,Agent,MoveState,Moving,AllyPrefab,9.00,0.00,17.00,5.59,0.00,5.59,5.67,0.00,5.67,AStar
1415,4.48,AllyPrefab,Ally,AllyIdleState,Idling,AgentPrefab,5.59,0.00,5.59,9.00,0.00,17.00,9.00,0.00,17.00,N/A
1415,4.48,AgentPrefab,Agent,MoveState,Moving,AllyPrefab,9.00,0.00,17.00,5.59,0.00,5.59,5.67,0.00,5.67,AStar
1416,4.48,AllyPrefab,Ally,AllyIdleState,Idling,AgentPrefab,5.59,0.00,5.59,9.00,0.00,17.00,9.00,0.00,17.00,N/A
1416,4.48,AgentPrefab,Agent,MoveState,Moving,AllyPrefab,9.00,0.00,17.00,5.59,0.00,5.59,5.67,0.00,5.67,AStar
1417,4.49,AllyPrefab,Ally,AllyIdleState,Idling,AgentPrefab,5.59,0.00,5.59,9.00,0.00,17.00,9.00,0.00,17.00,N/A
1417,4.49,AgentPrefab,Agent,MoveState,Moving,AllyPrefab,9.00,0.00,17.00,5.59,0.00,5.59,5.67,0.00,5.67,AStar
1418,4.49,AllyPrefab,Ally,AllyIdleState,Idling,AgentPrefab,5.59,0.00,5.59,9.00,0.00,17.00,9.00,0.00,17.00,N/A
1418,4.49,AgentPrefab,Agent,MoveState,Moving,AllyPrefab,9.00,0.00,17.00,5.59,0.00,5.59,5.67,0.00,5.67,AStar
1419,4.49,AllyPrefab,Ally,AllyIdleState,Idling,AgentPrefab,5.59,0.00,5.59,9.00,0.00,17.00,9.00,0.00,17.00,N/A
1419,4.49,AgentPrefab,Agent,MoveState,Moving,AllyPrefab,9.00,0.00,17.00,5.59,0.00,5.59,5.67,0.00,5.67,AStar
1420,4.49,AllyPrefab,Ally,AllyIdleState,Idling,AgentPrefab,5.59,0.00,5.59,9.00,0.00,17.00,9.00,0.00,17.00,N/A
1420,4.49,AgentPrefab,Agent,MoveState,Moving,AllyPrefab,9.00,0.00,17.00,5.59,0.00,5.59,5.67,0.00,5.67,AStar
1421,4.50,AllyPrefab,Ally,AllyIdleState,Idling,AgentPrefab,5.59,0.00,5.59,9.00,0.00,17.00,9.00,0.00,17.00,N/A
1421,4.50,AgentPrefab,Agent,MoveState,Moving,AllyPrefab,9.00,0.00,17.00,5.59,0.00,5.59,5.67,0.00,5.67,AStar
1422,4.50,AllyPrefab,Ally,AllyIdleState,Idling,AgentPrefab,5.59,0.00,5.59,9.00,0.00,17.00,9.00,0.00,17.00,N/A
1422,4.50,AgentPrefab,Agent,MoveState,Moving,AllyPrefab,9.00,0.00,17.00,5.59,0.00,5.59,5.67,0.00,5.67,AStar
1423,4.51,AllyPrefab,Ally,AllyIdleState,Idling,AgentPrefab,5.59,0.00,5.59,9.00,0.00,17.00,9.00,0.00,17.00,N/A
1423,4.51,AgentPrefab,Agent,MoveState,Moving,AllyPrefab,9.00,0.00,17.00,5.59,0.00,5.59,5.67,0.00,5.67,AStar
1424,4.51,AllyPrefab,Ally,AllyIdleState,Idling,AgentPrefab,5.59,0.00,5.59,9.00,0.00,17.00,9.00,0.00,17.00,N/A
1424,4.51,AgentPrefab,Agent,MoveState,Moving,AllyPrefab,9.00,0.00,17.00,5.59,0.00,5.59,5.67,0.00,5.67,AStar
1425,4.51,AllyPrefab,Ally,AllyIdleState,Idling,AgentPrefab,5.59,0.00,5.59,9.00,0.00,17.00,9.00,0.00,17.00,N/A
1425,4.51,AgentPrefab,Agent,MoveState,Moving,AllyPrefab,9.00,0.00,17.00,5.59,0.00,5.59,5.67,0.00,5.67,AStar
1426,4.51,AllyPrefab,Ally,AllyIdleState,Idling,AgentPrefab,5.59,0.00,5.59,9.00,0.00,17.00,9.00,0.00,17.00,N/A
1426,4.51,AgentPrefab,Agent,MoveState,Moving,AllyPrefab,9.00,0.00,17.00,5.59,0.00,5.59,5.67,0.00,5.67,AStar
1427,4.52,AllyPrefab,Ally,AllyIdleState,Idling,AgentPrefab,5.59,0.00,5.59,9.00,0.00,17.00,9.00,0.00,17.00,N/A
1427,4.52,AgentPrefab,Agent,MoveState,Moving,AllyPrefab,9.00,0.00,17.00,5.59,0.00,5.59,5.67,0.00,5.67,AStar
1428,4.52,AllyPrefab,Ally,AllyIdleState,Idling,AgentPrefab,5.59,0.00,5.59,9.00,0.00,17.00,9.00,0.00,17.00,N/A
1428,4.52,AgentPrefab,Agent,MoveState,Moving,AllyPrefab,9.00,0.00,17.00,5.59,0.00,5.59,5.67,0.00,5.67,AStar
1429,4.52,AllyPrefab,Ally,AllyIdleState,Idling,AgentPrefab,5.59,0.00,5.59,9.00,0.00,17.00,9.00,0.00,17.00,N/A
1429,4.52,AgentPrefab,Agent,MoveState,Moving,AllyPrefab,9.00,0.00,17.00,5.59,0.00,5.59,5.67,0.00,5.67,AStar
1430,4.53,AllyPrefab,Ally,AllyIdleState,Idling,AgentPrefab,5.59,0.00,5.59,9.00,0.00,17.00,9.00,0.00,17.00,N/A
1430,4.53,AgentPrefab,Agent,MoveState,Moving,AllyPrefab,9.00,0.00,17.00,5.59,0.00,5.59,5.67,0.00,5.67,AStar
1431,4.53,AllyPrefab,Ally,AllyIdleState,Idling,AgentPrefab,5.59,0.00,5.59,9.00,0.00,17.00,9.00,0.00,17.00,N/A
1431,4.53,AgentPrefab,Agent,MoveState,Moving,AllyPrefab,9.00,0.00,17.00,5.59,0.00,5.59,5.67,0.00,5.67,AStar
1432,4.53,AllyPrefab,Ally,AllyIdleState,Idling,AgentPrefab,5.59,0.00,5.59,9.00,0.00,17.00,9.00,0.00,17.00,N/A
1432,4.53,AgentPrefab,Agent,MoveState,Moving,AllyPrefab,9.00,0.00,17.00,5.59,0.00,5.59,5.67,0.00,5.67,AStar
1433,4.53,AllyPrefab,Ally,AllyIdleState,Idling,AgentPrefab,5.59,0.00,5.59,9.00,0.00,17.00,9.00,0.00,17.00,N/A
1433,4.53,AgentPrefab,Agent,MoveState,Moving,AllyPrefab,9.00,0.00,17.00,5.59,0.00,5.59,5.67,0.00,5.67,AStar
1434,4.54,AllyPrefab,Ally,AllyIdleState,Idling,AgentPrefab,5.59,0.00,5.59,9.00,0.00,17.00,9.00,0.00,17.00,N/A
1434,4.54,AgentPrefab,Agent,MoveState,Moving,AllyPrefab,9.00,0.00,17.00,5.59,0.00,5.59,5.67,0.00,5.67,AStar
1435,4.54,AllyPrefab,Ally,AllyIdleState,Idling,AgentPrefab,5.59,0.00,5.59,9.00,0.00,17.00,9.00,0.00,17.00,N/A
1435,4.54,AgentPrefab,Agent,MoveState,Moving,AllyPrefab,9.00,0.00,17.00,5.59,0.00,5.59,5.67,0.00,5.67,AStar
1436,4.54,AllyPrefab,Ally,AllyIdleState,Idling,AgentPrefab,5.59,0.00,5.59,9.00,0.00,17.00,9.00,0.00,17.00,N/A
1436,4.54,AgentPrefab,Agent,MoveState,Moving,AllyPrefab,9.00,0.00,17.00,5.59,0.00,5.59,5.67,0.00,5.67,AStar
1437,4.55,AllyPrefab,Ally,AllyIdleState,Idling,AgentPrefab,5.59,0.00,5.59,9.00,0.00,17.00,9.00,0.00,17.00,N/A
1437,4.55,AgentPrefab,Agent,MoveState,Moving,AllyPrefab,9.00,0.00,17.00,5.59,0.00,5.59,5.67,0.00,5.67,AStar
1438,4.55,AllyPrefab,Ally,AllyIdleState,Idling,AgentPrefab,5.59,0.00,5.59,9.00,0.00,17.00,9.00,0.00,17.00,N/A
1438,4.55,AgentPrefab,Agent,MoveState,Moving,AllyPrefab,9.00,0.00,17.00,5.59,0.00,5.59,5.67,0.00,5.67,AStar
1439,4.55,AllyPrefab,Ally,AllyIdleState,Idling,AgentPrefab,5.59,0.00,5.59,9.00,0.00,17.00,9.00,0.00,17.00,N/A
1439,4.55,AgentPrefab,Agent,MoveState,Moving,AllyPrefab,9.00,0.00,17.00,5.59,0.00,5.59,5.67,0.00,5.67,AStar
1440,4.55,AllyPrefab,Ally,AllyIdleState,Idling,AgentPrefab,5.59,0.00,5.59,9.00,0.00,17.00,9.00,0.00,17.00,N/A
1440,4.55,AgentPrefab,Agent,MoveState,Moving,AllyPrefab,9.00,0.00,17.00,5.59,0.00,5.59,5.67,0.00,5.67,AStar
1441,4.56,AllyPrefab,Ally,AllyIdleState,Idling,AgentPrefab,5.59,0.00,5.59,9.00,0.00,17.00,9.00,0.00,17.00,N/A
1441,4.56,AgentPrefab,Agent,MoveState,Moving,AllyPrefab,9.00,0.00,17.00,5.59,0.00,5.59,5.67,0.00,5.67,AStar
1442,4.56,AllyPrefab,Ally,AllyIdleState,Idling,AgentPrefab,5.59,0.00,5.59,9.00,0.00,17.00,9.00,0.00,17.00,N/A
1442,4.56,AgentPrefab,Agent,MoveState,Moving,AllyPrefab,9.00,0.00,17.00,5.59,0.00,5.59,5.67,0.00,5.67,AStar
1443,4.56,AllyPrefab,Ally,AllyIdleState,Idling,AgentPrefab,5.59,0.00,5.59,9.00,0.00,17.00,9.00,0.00,17.00,N/A
1443,4.56,AgentPrefab,Agent,MoveState,Moving,AllyPrefab,9.00,0.00,17.00,5.59,0.00,5.59,5.67,0.00,5.67,AStar
1444,4.57,AllyPrefab,Ally,AllyIdleState,Idling,AgentPrefab,5.59,0.00,5.59,9.00,0.00,17.00,9.00,0.00,17.00,N/A
1444,4.57,AgentPrefab,Agent,MoveState,Moving,AllyPrefab,9.00,0.00,17.00,5.59,0.00,5.59,5.67,0.00,5.67,AStar
1445,4.57,AllyPrefab,Ally,AllyIdleState,Idling,AgentPrefab,5.59,0.00,5.59,9.00,0.00,17.00,9.00,0.00,17.00,N/A
1445,4.57,AgentPrefab,Agent,MoveState,Moving,AllyPrefab,9.00,0.00,17.00,5.59,0.00,5.59,5.67,0.00,5.67,AStar
1446,4.57,AllyPrefab,Ally,AllyIdleState,Idling,AgentPrefab,5.59,0.00,5.59,9.00,0.00,17.00,9.00,0.00,17.00,N/A
1446,4.57,AgentPrefab,Agent,MoveState,Moving,AllyPrefab,9.00,0.00,17.00,5.59,0.00,5.59,5.67,0.00,5.67,AStar
1447,4.57,AllyPrefab,Ally,AllyIdleState,Idling,AgentPrefab,5.59,0.00,5.59,9.00,0.00,17.00,9.00,0.00,17.00,N/A
1447,4.57,AgentPrefab,Agent,MoveState,Moving,AllyPrefab,9.00,0.00,17.00,5.59,0.00,5.59,5.67,0.00,5.67,AStar
1448,4.58,AllyPrefab,Ally,AllyIdleState,Idling,AgentPrefab,5.59,0.00,5.59,9.00,0.00,17.00,9.00,0.00,17.00,N/A
1448,4.58,AgentPrefab,Agent,MoveState,Moving,AllyPrefab,9.00,0.00,17.00,5.59,0.00,5.59,5.67,0.00,5.67,AStar
1449,4.58,AllyPrefab,Ally,AllyIdleState,Idling,AgentPrefab,5.59,0.00,5.59,9.00,0.00,17.00,9.00,0.00,17.00,N/A
1449,4.58,AgentPrefab,Agent,MoveState,Moving,AllyPrefab,9.00,0.00,17.00,5.59,0.00,5.59,5.67,0.00,5.67,AStar
1450,4.58,AllyPrefab,Ally,AllyIdleState,Idling,AgentPrefab,5.59,0.00,5.59,9.00,0.00,17.00,9.00,0.00,17.00,N/A
1450,4.58,AgentPrefab,Agent,MoveState,Moving,AllyPrefab,9.00,0.00,17.00,5.59,0.00,5.59,5.67,0.00,5.67,AStar
1451,4.59,AllyPrefab,Ally,AllyIdleState,Idling,AgentPrefab,5.59,0.00,5.59,9.00,0.00,17.00,9.00,0.00,17.00,N/A
1451,4.59,AgentPrefab,Agent,MoveState,Moving,AllyPrefab,9.00,0.00,17.00,5.59,0.00,5.59,5.67,0.00,5.67,AStar
1452,4.59,AllyPrefab,Ally,AllyIdleState,Idling,AgentPrefab,5.59,0.00,5.59,9.00,0.00,17.00,9.00,0.00,17.00,N/A
1452,4.59,AgentPrefab,Agent,MoveState,Moving,AllyPrefab,9.00,0.00,17.00,5.59,0.00,5.59,5.67,0.00,5.67,AStar
1453,4.59,AllyPrefab,Ally,AllyIdleState,Idling,AgentPrefab,5.59,0.00,5.59,9.00,0.00,17.00,9.00,0.00,17.00,N/A
1453,4.59,AgentPrefab,Agent,MoveState,Moving,AllyPrefab,9.00,0.00,17.00,5.59,0.00,5.59,5.67,0.00,5.67,AStar
1454,4.60,AllyPrefab,Ally,AllyIdleState,Idling,AgentPrefab,5.59,0.00,5.59,9.00,0.00,17.00,9.00,0.00,17.00,N/A
1454,4.60,AgentPrefab,Agent,MoveState,Moving,AllyPrefab,9.00,0.00,17.00,5.59,0.00,5.59,5.67,0.00,5.67,AStar
1455,4.60,AllyPrefab,Ally,AllyIdleState,Idling,AgentPrefab,5.59,0.00,5.59,9.00,0.00,17.00,9.00,0.00,17.00,N/A
1455,4.60,AgentPrefab,Agent,MoveState,Moving,AllyPrefab,9.00,0.00,17.00,5.59,0.00,5.59,5.67,0.00,5.67,AStar
1456,4.60,AllyPrefab,Ally,AllyIdleState,Idling,AgentPrefab,5.59,0.00,5.59,9.00,0.00,17.00,9.00,0.00,17.00,N/A
1456,4.60,AgentPrefab,Agent,MoveState,Moving,AllyPrefab,9.00,0.00,17.00,5.59,0.00,5.59,5.67,0.00,5.67,AStar
1457,4.61,AllyPrefab,Ally,AllyIdleState,Idling,AgentPrefab,5.59,0.00,5.59,9.00,0.00,17.00,9.00,0.00,17.00,N/A
1457,4.61,AgentPrefab,Agent,MoveState,Moving,AllyPrefab,9.00,0.00,17.00,5.59,0.00,5.59,5.67,0.00,5.67,AStar
1458,4.61,AllyPrefab,Ally,AllyIdleState,Idling,AgentPrefab,5.59,0.00,5.59,9.00,0.00,17.00,9.00,0.00,17.00,N/A
1458,4.61,AgentPrefab,Agent,MoveState,Moving,AllyPrefab,9.00,0.00,17.00,5.59,0.00,5.59,5.67,0.00,5.67,AStar
1459,4.61,AllyPrefab,Ally,AllyIdleState,Idling,AgentPrefab,5.59,0.00,5.59,9.00,0.00,17.00,9.00,0.00,17.00,N/A
1459,4.61,AgentPrefab,Agent,MoveState,Moving,AllyPrefab,9.00,0.00,17.00,5.59,0.00,5.59,5.67,0.00,5.67,AStar
1460,4.61,AllyPrefab,Ally,AllyIdleState,Idling,AgentPrefab,5.59,0.00,5.59,9.00,0.00,17.00,9.00,0.00,17.00,N/A
1460,4.61,AgentPrefab,Agent,MoveState,Moving,AllyPrefab,9.00,0.00,17.00,5.59,0.00,5.59,5.67,0.00,5.67,AStar
1461,4.62,AllyPrefab,Ally,AllyIdleState,Idling,AgentPrefab,5.59,0.00,5.59,9.00,0.00,17.00,9.00,0.00,17.00,N/A
1461,4.62,AgentPrefab,Agent,MoveState,Moving,AllyPrefab,9.00,0.00,17.00,5.59,0.00,5.59,5.67,0.00,5.67,AStar
1462,4.62,AllyPrefab,Ally,AllyIdleState,Idling,AgentPrefab,5.59,0.00,5.59,9.00,0.00,17.00,9.00,0.00,17.00,N/A
1462,4.62,AgentPrefab,Agent,MoveState,Moving,AllyPrefab,9.00,0.00,17.00,5.59,0.00,5.59,5.67,0.00,5.67,AStar
1463,4.62,AllyPrefab,Ally,AllyIdleState,Idling,AgentPrefab,5.59,0.00,5.59,9.00,0.00,17.00,9.00,0.00,17.00,N/A
1463,4.62,AgentPrefab,Agent,MoveState,Moving,AllyPrefab,9.00,0.00,17.00,5.59,0.00,5.59,5.67,0.00,5.67,AStar
1464,4.63,AllyPrefab,Ally,AllyIdleState,Idling,AgentPrefab,5.59,0.00,5.59,9.00,0.00,17.00,9.00,0.00,17.00,N/A
1464,4.63,AgentPrefab,Agent,MoveState,Moving,AllyPrefab,9.00,0.00,17.00,5.59,0.00,5.59,5.67,0.00,5.67,AStar
1465,4.63,AllyPrefab,Ally,AllyIdleState,Idling,AgentPrefab,5.59,0.00,5.59,9.00,0.00,17.00,9.00,0.00,17.00,N/A
1465,4.63,AgentPrefab,Agent,MoveState,Moving,AllyPrefab,9.00,0.00,17.00,5.59,0.00,5.59,5.67,0.00,5.67,AStar
1466,4.63,AllyPrefab,Ally,AllyIdleState,Idling,AgentPrefab,5.59,0.00,5.59,9.00,0.00,17.00,9.00,0.00,17.00,N/A
1466,4.63,AgentPrefab,Agent,MoveState,Moving,AllyPrefab,9.00,0.00,17.00,5.59,0.00,5.59,5.67,0.00,5.67,AStar
1467,4.64,AllyPrefab,Ally,AllyIdleState,Idling,AgentPrefab,5.59,0.00,5.59,9.00,0.00,17.00,9.00,0.00,17.00,N/A
1467,4.64,AgentPrefab,Agent,MoveState,Moving,AllyPrefab,9.00,0.00,17.00,5.59,0.00,5.59,5.67,0.00,5.67,AStar
1468,4.64,AllyPrefab,Ally,AllyIdleState,Idling,AgentPrefab,5.59,0.00,5.59,9.00,0.00,17.00,9.00,0.00,17.00,N/A
1468,4.64,AgentPrefab,Agent,MoveState,Moving,AllyPrefab,9.00,0.00,17.00,5.59,0.00,5.59,5.67,0.00,5.67,AStar
1469,4.64,AllyPrefab,Ally,AllyIdleState,Idling,AgentPrefab,5.59,0.00,5.59,9.00,0.00,17.00,9.00,0.00,17.00,N/A
1469,4.64,AgentPrefab,Agent,MoveState,Moving,AllyPrefab,9.00,0.00,17.00,5.59,0.00,5.59,5.67,0.00,5.67,AStar
1470,4.64,AllyPrefab,Ally,AllyIdleState,Idling,AgentPrefab,5.59,0.00,5.59,9.00,0.00,17.00,9.00,0.00,17.00,N/A
1470,4.64,AgentPrefab,Agent,MoveState,Moving,AllyPrefab,9.00,0.00,17.00,5.59,0.00,5.59,5.67,0.00,5.67,AStar
1471,4.65,AllyPrefab,Ally,AllyIdleState,Idling,AgentPrefab,5.59,0.00,5.59,9.00,0.00,17.00,9.00,0.00,17.00,N/A
1471,4.65,AgentPrefab,Agent,MoveState,Moving,AllyPrefab,9.00,0.00,17.00,5.59,0.00,5.59,5.67,0.00,5.67,AStar
1472,4.65,AllyPrefab,Ally,AllyIdleState,Idling,AgentPrefab,5.59,0.00,5.59,9.00,0.00,17.00,9.00,0.00,17.00,N/A
1472,4.65,AgentPrefab,Agent,MoveState,Moving,AllyPrefab,9.00,0.00,17.00,5.59,0.00,5.59,5.67,0.00,5.67,AStar
1473,4.65,AllyPrefab,Ally,AllyIdleState,Idling,AgentPrefab,5.59,0.00,5.59,9.00,0.00,17.00,9.00,0.00,17.00,N/A
1473,4.65,AgentPrefab,Agent,MoveState,Moving,AllyPrefab,9.00,0.00,17.00,5.59,0.00,5.59,5.67,0.00,5.67,AStar
1474,4.66,AllyPrefab,Ally,AllyIdleState,Idling,AgentPrefab,5.59,0.00,5.59,9.00,0.00,17.00,9.00,0.00,17.00,N/A
1474,4.66,AgentPrefab,Agent,MoveState,Moving,AllyPrefab,9.00,0.00,17.00,5.59,0.00,5.59,5.67,0.00,5.67,AStar
1475,4.66,AllyPrefab,Ally,AllyIdleState,Idling,AgentPrefab,5.59,0.00,5.59,9.00,0.00,17.00,9.00,0.00,17.00,N/A
1475,4.66,AgentPrefab,Agent,MoveState,Moving,AllyPrefab,9.00,0.00,17.00,5.59,0.00,5.59,5.67,0.00,5.67,AStar
1476,4.66,AllyPrefab,Ally,AllyIdleState,Idling,AgentPrefab,5.59,0.00,5.59,9.00,0.00,17.00,9.00,0.00,17.00,N/A
1476,4.66,AgentPrefab,Agent,MoveState,Moving,AllyPrefab,9.00,0.00,17.00,5.59,0.00,5.59,5.67,0.00,5.67,AStar
1477,4.67,AllyPrefab,Ally,AllyIdleState,Idling,AgentPrefab,5.59,0.00,5.59,9.00,0.00,17.00,9.00,0.00,17.00,N/A
1477,4.67,AgentPrefab,Agent,MoveState,Moving,AllyPrefab,9.00,0.00,17.00,5.59,0.00,5.59,5.67,0.00,5.67,AStar
1478,4.67,AllyPrefab,Ally,AllyIdleState,Idling,AgentPrefab,5.59,0.00,5.59,9.00,0.00,17.00,9.00,0.00,17.00,N/A
1478,4.67,AgentPrefab,Agent,MoveState,Moving,AllyPrefab,9.00,0.00,17.00,5.59,0.00,5.59,5.67,0.00,5.67,AStar
1479,4.67,AllyPrefab,Ally,AllyIdleState,Idling,AgentPrefab,5.59,0.00,5.59,9.00,0.00,17.00,9.00,0.00,17.00,N/A
1479,4.67,AgentPrefab,Agent,MoveState,Moving,AllyPrefab,9.00,0.00,17.00,5.59,0.00,5.59,5.67,0.00,5.67,AStar
1480,4.67,AllyPrefab,Ally,AllyIdleState,Idling,AgentPrefab,5.59,0.00,5.59,9.00,0.00,17.00,9.00,0.00,17.00,N/A
1480,4.67,AgentPrefab,Agent,MoveState,Moving,AllyPrefab,9.00,0.00,17.00,5.59,0.00,5.59,5.67,0.00,5.67,AStar
1481,4.68,AllyPrefab,Ally,AllyIdleState,Idling,AgentPrefab,5.59,0.00,5.59,9.00,0.00,17.00,9.00,0.00,17.00,N/A
1481,4.68,AgentPrefab,Agent,MoveState,Moving,AllyPrefab,9.00,0.00,17.00,5.59,0.00,5.59,5.67,0.00,5.67,AStar
1482,4.68,AllyPrefab,Ally,AllyIdleState,Idling,AgentPrefab,5.59,0.00,5.59,9.00,0.00,17.00,9.00,0.00,17.00,N/A
1482,4.68,AgentPrefab,Agent,MoveState,Moving,AllyPrefab,9.00,0.00,17.00,5.59,0.00,5.59,5.67,0.00,5.67,AStar
1483,4.68,AllyPrefab,Ally,AllyIdleState,Idling,AgentPrefab,5.59,0.00,5.59,9.00,0.00,17.00,9.00,0.00,17.00,N/A
1483,4.68,AgentPrefab,Agent,MoveState,Moving,AllyPrefab,9.00,0.00,17.00,5.59,0.00,5.59,5.67,0.00,5.67,AStar
1484,4.69,AllyPrefab,Ally,AllyIdleState,Idling,AgentPrefab,5.59,0.00,5.59,9.00,0.00,17.00,9.00,0.00,17.00,N/A
1484,4.69,AgentPrefab,Agent,MoveState,Moving,AllyPrefab,9.00,0.00,17.00,5.59,0.00,5.59,5.67,0.00,5.67,AStar
1485,4.69,AllyPrefab,Ally,AllyIdleState,Idling,AgentPrefab,5.59,0.00,5.59,9.00,0.00,17.00,9.00,0.00,17.00,N/A
1485,4.69,AgentPrefab,Agent,MoveState,Moving,AllyPrefab,9.00,0.00,17.00,5.59,0.00,5.59,5.67,0.00,5.67,AStar
1486,4.69,AllyPrefab,Ally,AllyIdleState,Idling,AgentPrefab,5.59,0.00,5.59,9.00,0.00,17.00,9.00,0.00,17.00,N/A
1486,4.69,AgentPrefab,Agent,MoveState,Moving,AllyPrefab,9.00,0.00,17.00,5.59,0.00,5.59,5.67,0.00,5.67,AStar
1487,4.69,AllyPrefab,Ally,AllyIdleState,Idling,AgentPrefab,5.59,0.00,5.59,9.00,0.00,17.00,9.00,0.00,17.00,N/A
1487,4.69,AgentPrefab,Agent,MoveState,Moving,AllyPrefab,9.00,0.00,17.00,5.59,0.00,5.59,5.67,0.00,5.67,AStar
1488,4.70,AllyPrefab,Ally,AllyIdleState,Idling,AgentPrefab,5.59,0.00,5.59,9.00,0.00,17.00,9.00,0.00,17.00,N/A
1488,4.70,AgentPrefab,Agent,MoveState,Moving,AllyPrefab,9.00,0.00,17.00,5.59,0.00,5.59,5.67,0.00,5.67,AStar
1489,4.70,AllyPrefab,Ally,AllyIdleState,Idling,AgentPrefab,5.59,0.00,5.59,9.00,0.00,17.00,9.00,0.00,17.00,N/A
1489,4.70,AgentPrefab,Agent,MoveState,Moving,AllyPrefab,9.00,0.00,17.00,5.59,0.00,5.59,5.67,0.00,5.67,AStar
1490,4.70,AllyPrefab,Ally,AllyIdleState,Idling,AgentPrefab,5.59,0.00,5.59,9.00,0.00,17.00,9.00,0.00,17.00,N/A
1490,4.70,AgentPrefab,Agent,MoveState,Moving,AllyPrefab,9.00,0.00,17.00,5.59,0.00,5.59,5.67,0.00,5.67,AStar
1491,4.71,AllyPrefab,Ally,AllyIdleState,Idling,AgentPrefab,5.59,0.00,5.59,9.00,0.00,17.00,9.00,0.00,17.00,N/A
1491,4.71,AgentPrefab,Agent,MoveState,Moving,AllyPrefab,9.00,0.00,17.00,5.59,0.00,5.59,5.67,0.00,5.67,AStar
1492,4.71,AllyPrefab,Ally,AllyIdleState,Idling,AgentPrefab,5.59,0.00,5.59,9.00,0.00,17.00,9.00,0.00,17.00,N/A
1492,4.71,AgentPrefab,Agent,MoveState,Moving,AllyPrefab,9.00,0.00,17.00,5.59,0.00,5.59,5.67,0.00,5.67,AStar
1493,4.71,AllyPrefab,Ally,AllyIdleState,Idling,AgentPrefab,5.59,0.00,5.59,9.00,0.00,17.00,9.00,0.00,17.00,N/A
1493,4.71,AgentPrefab,Agent,MoveState,Moving,AllyPrefab,9.00,0.00,17.00,5.59,0.00,5.59,5.67,0.00,5.67,AStar
1494,4.71,AllyPrefab,Ally,AllyIdleState,Idling,AgentPrefab,5.59,0.00,5.59,9.00,0.00,17.00,9.00,0.00,17.00,N/A
1494,4.71,AgentPrefab,Agent,MoveState,Moving,AllyPrefab,9.00,0.00,17.00,5.59,0.00,5.59,5.67,0.00,5.67,AStar
1495,4.72,AllyPrefab,Ally,AllyIdleState,Idling,AgentPrefab,5.59,0.00,5.59,9.00,0.00,17.00,9.00,0.00,17.00,N/A
1495,4.72,AgentPrefab,Agent,MoveState,Moving,AllyPrefab,9.00,0.00,17.00,5.59,0.00,5.59,5.67,0.00,5.67,AStar
1496,4.72,AllyPrefab,Ally,AllyIdleState,Idling,AgentPrefab,5.59,0.00,5.59,9.00,0.00,17.00,9.00,0.00,17.00,N/A
1496,4.72,AgentPrefab,Agent,MoveState,Moving,AllyPrefab,9.00,0.00,17.00,5.59,0.00,5.59,5.67,0.00,5.67,AStar
1497,4.72,AllyPrefab,Ally,AllyIdleState,Idling,AgentPrefab,5.59,0.00,5.59,9.00,0.00,17.00,9.00,0.00,17.00,N/A
1497,4.72,AgentPrefab,Agent,MoveState,Moving,AllyPrefab,9.00,0.00,17.00,5.59,0.00,5.59,5.67,0.00,5.67,AStar
1498,4.73,AllyPrefab,Ally,AllyIdleState,Idling,AgentPrefab,5.59,0.00,5.59,9.00,0.00,17.00,9.00,0.00,17.00,N/A
1498,4.73,AgentPrefab,Agent,MoveState,Moving,AllyPrefab,9.00,0.00,17.00,5.59,0.00,5.59,5.67,0.00,5.67,AStar
1499,4.73,AllyPrefab,Ally,AllyIdleState,Idling,AgentPrefab,5.59,0.00,5.59,9.00,0.00,17.00,9.00,0.00,17.00,N/A
1499,4.73,AgentPrefab,Agent,MoveState,Moving,AllyPrefab,9.00,0.00,17.00,5.59,0.00,5.59,5.67,0.00,5.67,AStar
1500,4.73,AllyPrefab,Ally,AllyIdleState,Idling,AgentPrefab,5.59,0.00,5.59,9.00,0.00,17.00,9.00,0.00,17.00,N/A
1500,4.73,AgentPrefab,Agent,MoveState,Moving,AllyPrefab,9.00,0.00,17.00,5.59,0.00,5.59,5.67,0.00,5.67,AStar
1501,4.73,AllyPrefab,Ally,AllyIdleState,Idling,AgentPrefab,5.59,0.00,5.59,9.00,0.00,17.00,9.00,0.00,17.00,N/A
1501,4.73,AgentPrefab,Agent,MoveState,Moving,AllyPrefab,9.00,0.00,17.00,5.59,0.00,5.59,5.67,0.00,5.67,AStar
1502,4.74,AllyPrefab,Ally,AllyIdleState,Idling,AgentPrefab,5.59,0.00,5.59,9.00,0.00,17.00,9.00,0.00,17.00,N/A
1502,4.74,AgentPrefab,Agent,MoveState,Moving,AllyPrefab,9.00,0.00,17.00,5.59,0.00,5.59,5.67,0.00,5.67,AStar
1503,4.74,AllyPrefab,Ally,AllyIdleState,Idling,AgentPrefab,5.59,0.00,5.59,9.00,0.00,17.00,9.00,0.00,17.00,N/A
1503,4.74,AgentPrefab,Agent,MoveState,Moving,AllyPrefab,9.00,0.00,17.00,5.59,0.00,5.59,5.67,0.00,5.67,AStar
1504,4.74,AllyPrefab,Ally,AllyIdleState,Idling,AgentPrefab,5.59,0.00,5.59,9.00,0.00,17.00,9.00,0.00,17.00,N/A
1504,4.74,AgentPrefab,Agent,MoveState,Moving,AllyPrefab,9.00,0.00,17.00,5.59,0.00,5.59,5.67,0.00,5.67,AStar
1505,4.75,AllyPrefab,Ally,AllyIdleState,Idling,AgentPrefab,5.59,0.00,5.59,9.00,0.00,17.00,9.00,0.00,17.00,N/A
1505,4.75,AgentPrefab,Agent,MoveState,Moving,AllyPrefab,9.00,0.00,17.00,5.59,0.00,5.59,5.67,0.00,5.67,AStar
1506,4.75,AllyPrefab,Ally,AllyIdleState,Idling,AgentPrefab,5.59,0.00,5.59,9.00,0.00,17.00,9.00,0.00,17.00,N/A
1506,4.75,AgentPrefab,Agent,MoveState,Moving,AllyPrefab,9.00,0.00,17.00,5.59,0.00,5.59,5.67,0.00,5.67,AStar
1507,4.75,AllyPrefab,Ally,AllyIdleState,Idling,AgentPrefab,5.59,0.00,5.59,9.00,0.00,17.00,9.00,0.00,17.00,N/A
1507,4.75,AgentPrefab,Agent,MoveState,Moving,AllyPrefab,9.00,0.00,17.00,5.59,0.00,5.59,5.67,0.00,5.67,AStar
1508,4.76,AllyPrefab,Ally,AllyIdleState,Idling,AgentPrefab,5.59,0.00,5.59,9.00,0.00,17.00,9.00,0.00,17.00,N/A
1508,4.76,AgentPrefab,Agent,MoveState,Moving,AllyPrefab,9.00,0.00,17.00,5.59,0.00,5.59,5.67,0.00,5.67,AStar
1509,4.76,AllyPrefab,Ally,AllyIdleState,Idling,AgentPrefab,5.59,0.00,5.59,9.00,0.00,17.00,9.00,0.00,17.00,N/A
1509,4.76,AgentPrefab,Agent,MoveState,Moving,AllyPrefab,9.00,0.00,17.00,5.59,0.00,5.59,5.67,0.00,5.67,AStar
1510,4.76,AllyPrefab,Ally,AllyIdleState,Idling,AgentPrefab,5.59,0.00,5.59,9.00,0.00,17.00,9.00,0.00,17.00,N/A
1510,4.76,AgentPrefab,Agent,MoveState,Moving,AllyPrefab,9.00,0.00,17.00,5.59,0.00,5.59,5.67,0.00,5.67,AStar
1511,4.76,AllyPrefab,Ally,AllyIdleState,Idling,AgentPrefab,5.59,0.00,5.59,9.00,0.00,17.00,9.00,0.00,17.00,N/A
1511,4.76,AgentPrefab,Agent,MoveState,Moving,AllyPrefab,9.00,0.00,17.00,5.59,0.00,5.59,5.67,0.00,5.67,AStar
1512,4.77,AllyPrefab,Ally,AllyIdleState,Idling,AgentPrefab,5.59,0.00,5.59,9.00,0.00,17.00,9.00,0.00,17.00,N/A
1512,4.77,AgentPrefab,Agent,MoveState,Moving,AllyPrefab,9.00,0.00,17.00,5.59,0.00,5.59,5.67,0.00,5.67,AStar
1513,4.77,AllyPrefab,Ally,AllyIdleState,Idling,AgentPrefab,5.59,0.00,5.59,9.00,0.00,17.00,9.00,0.00,17.00,N/A
1513,4.77,AgentPrefab,Agent,MoveState,Moving,AllyPrefab,9.00,0.00,17.00,5.59,0.00,5.59,5.67,0.00,5.67,AStar
1514,4.77,AllyPrefab,Ally,AllyIdleState,Idling,AgentPrefab,5.59,0.00,5.59,9.00,0.00,17.00,9.00,0.00,17.00,N/A
1514,4.77,AgentPrefab,Agent,MoveState,Moving,AllyPrefab,9.00,0.00,17.00,5.59,0.00,5.59,5.67,0.00,5.67,AStar
1515,4.78,AllyPrefab,Ally,AllyIdleState,Idling,AgentPrefab,5.59,0.00,5.59,9.00,0.00,17.00,9.00,0.00,17.00,N/A
1515,4.78,AgentPrefab,Agent,MoveState,Moving,AllyPrefab,9.00,0.00,17.00,5.59,0.00,5.59,5.67,0.00,5.67,AStar
1516,4.78,AllyPrefab,Ally,AllyIdleState,Idling,AgentPrefab,5.59,0.00,5.59,9.00,0.00,17.00,9.00,0.00,17.00,N/A
1516,4.78,AgentPrefab,Agent,MoveState,Moving,AllyPrefab,9.00,0.00,17.00,5.59,0.00,5.59,5.67,0.00,5.67,AStar
1517,4.78,AllyPrefab,Ally,AllyIdleState,Idling,AgentPrefab,5.59,0.00,5.59,9.00,0.00,17.00,9.00,0.00,17.00,N/A
1517,4.78,AgentPrefab,Agent,MoveState,Moving,AllyPrefab,9.00,0.00,17.00,5.59,0.00,5.59,5.67,0.00,5.67,AStar
1518,4.79,AllyPrefab,Ally,AllyIdleState,Idling,AgentPrefab,5.59,0.00,5.59,9.00,0.00,17.00,9.00,0.00,17.00,N/A
1518,4.79,AgentPrefab,Agent,MoveState,Moving,AllyPrefab,9.00,0.00,17.00,5.59,0.00,5.59,5.67,0.00,5.67,AStar
1519,4.79,AllyPrefab,Ally,AllyIdleState,Idling,AgentPrefab,5.59,0.00,5.59,9.00,0.00,17.00,9.00,0.00,17.00,N/A
1519,4.79,AgentPrefab,Agent,MoveState,Moving,AllyPrefab,9.00,0.00,17.00,5.59,0.00,5.59,5.67,0.00,5.67,AStar
1520,4.79,AllyPrefab,Ally,AllyIdleState,Idling,AgentPrefab,5.59,0.00,5.59,9.00,0.00,17.00,9.00,0.00,17.00,N/A
1520,4.79,AgentPrefab,Agent,MoveState,Moving,AllyPrefab,9.00,0.00,17.00,5.59,0.00,5.59,5.67,0.00,5.67,AStar
1521,4.80,AllyPrefab,Ally,AllyIdleState,Idling,AgentPrefab,5.59,0.00,5.59,9.00,0.00,17.00,9.00,0.00,17.00,N/A
1521,4.80,AgentPrefab,Agent,MoveState,Moving,AllyPrefab,9.00,0.00,17.00,5.59,0.00,5.59,5.67,0.00,5.67,AStar
1522,4.80,AllyPrefab,Ally,AllyIdleState,Idling,AgentPrefab,5.59,0.00,5.59,9.00,0.00,17.00,9.00,0.00,17.00,N/A
1522,4.80,AgentPrefab,Agent,MoveState,Moving,AllyPrefab,9.00,0.00,17.00,5.59,0.00,5.59,5.67,0.00,5.67,AStar
1523,4.80,AllyPrefab,Ally,AllyIdleState,Idling,AgentPrefab,5.59,0.00,5.59,9.00,0.00,17.00,9.00,0.00,17.00,N/A
1523,4.80,AgentPrefab,Agent,MoveState,Moving,AllyPrefab,9.00,0.00,17.00,5.59,0.00,5.59,5.67,0.00,5.67,AStar
1524,4.80,AllyPrefab,Ally,AllyIdleState,Idling,AgentPrefab,5.59,0.00,5.59,9.00,0.00,17.00,9.00,0.00,17.00,N/A
1524,4.80,AgentPrefab,Agent,MoveState,Moving,AllyPrefab,9.00,0.00,17.00,5.59,0.00,5.59,5.67,0.00,5.67,AStar
1525,4.81,AllyPrefab,Ally,AllyIdleState,Idling,AgentPrefab,5.59,0.00,5.59,9.00,0.00,17.00,9.00,0.00,17.00,N/A
1525,4.81,AgentPrefab,Agent,MoveState,Moving,AllyPrefab,9.00,0.00,17.00,5.59,0.00,5.59,5.67,0.00,5.67,AStar
1526,4.81,AllyPrefab,Ally,AllyIdleState,Idling,AgentPrefab,5.59,0.00,5.59,9.00,0.00,17.00,9.00,0.00,17.00,N/A
1526,4.81,AgentPrefab,Agent,MoveState,Moving,AllyPrefab,9.00,0.00,17.00,5.59,0.00,5.59,5.67,0.00,5.67,AStar
1527,4.81,AllyPrefab,Ally,AllyIdleState,Idling,AgentPrefab,5.59,0.00,5.59,9.00,0.00,17.00,9.00,0.00,17.00,N/A
1527,4.81,AgentPrefab,Agent,MoveState,Moving,AllyPrefab,9.00,0.00,17.00,5.59,0.00,5.59,5.67,0.00,5.67,AStar
1528,4.82,AllyPrefab,Ally,AllyIdleState,Idling,AgentPrefab,5.59,0.00,5.59,9.00,0.00,17.00,9.00,0.00,17.00,N/A
1528,4.82,AgentPrefab,Agent,MoveState,Moving,AllyPrefab,9.00,0.00,17.00,5.59,0.00,5.59,5.67,0.00,5.67,AStar
1529,4.82,AllyPrefab,Ally,AllyIdleState,Idling,AgentPrefab,5.59,0.00,5.59,9.00,0.00,17.00,9.00,0.00,17.00,N/A
1529,4.82,AgentPrefab,Agent,MoveState,Moving,AllyPrefab,9.00,0.00,17.00,5.59,0.00,5.59,5.67,0.00,5.67,AStar
1530,4.82,AllyPrefab,Ally,AllyIdleState,Idling,AgentPrefab,5.59,0.00,5.59,9.00,0.00,17.00,9.00,0.00,17.00,N/A
1530,4.82,AgentPrefab,Agent,MoveState,Moving,AllyPrefab,9.00,0.00,17.00,5.59,0.00,5.59,5.67,0.00,5.67,AStar
1531,4.82,AllyPrefab,Ally,AllyIdleState,Idling,AgentPrefab,5.59,0.00,5.59,9.00,0.00,17.00,9.00,0.00,17.00,N/A
1531,4.82,AgentPrefab,Agent,MoveState,Moving,AllyPrefab,9.00,0.00,17.00,5.59,0.00,5.59,5.67,0.00,5.67,AStar
1532,4.83,AllyPrefab,Ally,AllyIdleState,Idling,AgentPrefab,5.59,0.00,5.59,9.00,0.00,17.00,9.00,0.00,17.00,N/A
1532,4.83,AgentPrefab,Agent,MoveState,Moving,AllyPrefab,9.00,0.00,17.00,5.59,0.00,5.59,5.67,0.00,5.67,AStar
1533,4.83,AllyPrefab,Ally,AllyIdleState,Idling,AgentPrefab,5.59,0.00,5.59,9.00,0.00,17.00,9.00,0.00,17.00,N/A
1533,4.83,AgentPrefab,Agent,MoveState,Moving,AllyPrefab,9.00,0.00,17.00,5.59,0.00,5.59,5.67,0.00,5.67,AStar
1534,4.83,AllyPrefab,Ally,AllyIdleState,Idling,AgentPrefab,5.59,0.00,5.59,9.00,0.00,17.00,9.00,0.00,17.00,N/A
1534,4.83,AgentPrefab,Agent,MoveState,Moving,AllyPrefab,9.00,0.00,17.00,5.59,0.00,5.59,5.67,0.00,5.67,AStar
1535,4.84,AllyPrefab,Ally,AllyIdleState,Idling,AgentPrefab,5.59,0.00,5.59,9.00,0.00,17.00,9.00,0.00,17.00,N/A
1535,4.84,AgentPrefab,Agent,MoveState,Moving,AllyPrefab,9.00,0.00,17.00,5.59,0.00,5.59,5.67,0.00,5.67,AStar
1536,4.84,AllyPrefab,Ally,AllyIdleState,Idling,AgentPrefab,5.59,0.00,5.59,9.00,0.00,17.00,9.00,0.00,17.00,N/A
1536,4.84,AgentPrefab,Agent,MoveState,Moving,AllyPrefab,9.00,0.00,17.00,5.59,0.00,5.59,5.67,0.00,5.67,AStar
1537,4.84,AllyPrefab,Ally,AllyIdleState,Idling,AgentPrefab,5.59,0.00,5.59,9.00,0.00,17.00,9.00,0.00,17.00,N/A
1537,4.84,AgentPrefab,Agent,MoveState,Moving,AllyPrefab,9.00,0.00,17.00,5.59,0.00,5.59,5.67,0.00,5.67,AStar
1538,4.84,AllyPrefab,Ally,AllyIdleState,Idling,AgentPrefab,5.59,0.00,5.59,9.00,0.00,17.00,9.00,0.00,17.00,N/A
1538,4.84,AgentPrefab,Agent,MoveState,Moving,AllyPrefab,9.00,0.00,17.00,5.59,0.00,5.59,5.67,0.00,5.67,AStar
1539,4.85,AllyPrefab,Ally,AllyIdleState,Idling,AgentPrefab,5.59,0.00,5.59,9.00,0.00,17.00,9.00,0.00,17.00,N/A
1539,4.85,AgentPrefab,Agent,MoveState,Moving,AllyPrefab,9.00,0.00,17.00,5.59,0.00,5.59,5.67,0.00,5.67,AStar
1540,4.85,AllyPrefab,Ally,AllyIdleState,Idling,AgentPrefab,5.59,0.00,5.59,9.00,0.00,17.00,9.00,0.00,17.00,N/A
1540,4.85,AgentPrefab,Agent,MoveState,Moving,AllyPrefab,9.00,0.00,17.00,5.59,0.00,5.59,5.67,0.00,5.67,AStar
1541,4.85,AllyPrefab,Ally,AllyIdleState,Idling,AgentPrefab,5.59,0.00,5.59,9.00,0.00,17.00,9.00,0.00,17.00,N/A
1541,4.85,AgentPrefab,Agent,MoveState,Moving,AllyPrefab,9.00,0.00,17.00,5.59,0.00,5.59,5.67,0.00,5.67,AStar
1542,4.86,AllyPrefab,Ally,AllyIdleState,Idling,AgentPrefab,5.59,0.00,5.59,9.00,0.00,17.00,9.00,0.00,17.00,N/A
1542,4.86,AgentPrefab,Agent,MoveState,Moving,AllyPrefab,9.00,0.00,17.00,5.59,0.00,5.59,5.67,0.00,5.67,AStar
1543,4.86,AllyPrefab,Ally,AllyIdleState,Idling,AgentPrefab,5.59,0.00,5.59,9.00,0.00,17.00,9.00,0.00,17.00,N/A
1543,4.86,AgentPrefab,Agent,MoveState,Moving,AllyPrefab,9.00,0.00,17.00,5.59,0.00,5.59,5.67,0.00,5.67,AStar
1544,4.86,AllyPrefab,Ally,AllyIdleState,Idling,AgentPrefab,5.59,0.00,5.59,9.00,0.00,17.00,9.00,0.00,17.00,N/A
1544,4.86,AgentPrefab,Agent,MoveState,Moving,AllyPrefab,9.00,0.00,17.00,5.59,0.00,5.59,5.67,0.00,5.67,AStar
1545,4.87,AllyPrefab,Ally,AllyIdleState,Idling,AgentPrefab,5.59,0.00,5.59,9.00,0.00,17.00,9.00,0.00,17.00,N/A
1545,4.87,AgentPrefab,Agent,MoveState,Moving,AllyPrefab,9.00,0.00,17.00,5.59,0.00,5.59,5.67,0.00,5.67,AStar
1546,4.87,AllyPrefab,Ally,AllyIdleState,Idling,AgentPrefab,5.59,0.00,5.59,9.00,0.00,17.00,9.00,0.00,17.00,N/A
1546,4.87,AgentPrefab,Agent,MoveState,Moving,AllyPrefab,9.00,0.00,17.00,5.59,0.00,5.59,5.67,0.00,5.67,AStar
1547,4.87,AllyPrefab,Ally,AllyIdleState,Idling,AgentPrefab,5.59,0.00,5.59,9.00,0.00,17.00,9.00,0.00,17.00,N/A
1547,4.87,AgentPrefab,Agent,MoveState,Moving,AllyPrefab,9.00,0.00,17.00,5.59,0.00,5.59,5.67,0.00,5.67,AStar
1548,4.88,AllyPrefab,Ally,AllyIdleState,Idling,AgentPrefab,5.59,0.00,5.59,9.00,0.00,17.00,9.00,0.00,17.00,N/A
1548,4.88,AgentPrefab,Agent,MoveState,Moving,AllyPrefab,9.00,0.00,17.00,5.59,0.00,5.59,5.67,0.00,5.67,AStar
1549,4.88,AllyPrefab,Ally,AllyIdleState,Idling,AgentPrefab,5.59,0.00,5.59,9.00,0.00,17.00,9.00,0.00,17.00,N/A
1549,4.88,AgentPrefab,Agent,MoveState,Moving,AllyPrefab,9.00,0.00,17.00,5.59,0.00,5.59,5.67,0.00,5.67,AStar
1550,4.88,AllyPrefab,Ally,AllyIdleState,Idling,AgentPrefab,5.59,0.00,5.59,9.00,0.00,17.00,9.00,0.00,17.00,N/A
1550,4.88,AgentPrefab,Agent,MoveState,Moving,AllyPrefab,9.00,0.00,17.00,5.59,0.00,5.59,5.67,0.00,5.67,AStar
1551,4.88,AllyPrefab,Ally,AllyIdleState,Idling,AgentPrefab,5.59,0.00,5.59,9.00,0.00,17.00,9.00,0.00,17.00,N/A
1551,4.88,AgentPrefab,Agent,MoveState,Moving,AllyPrefab,9.00,0.00,17.00,5.59,0.00,5.59,5.67,0.00,5.67,AStar
1552,4.89,AllyPrefab,Ally,AllyIdleState,Idling,AgentPrefab,5.59,0.00,5.59,9.00,0.00,17.00,9.00,0.00,17.00,N/A
1552,4.89,AgentPrefab,Agent,MoveState,Moving,AllyPrefab,9.00,0.00,17.00,5.59,0.00,5.59,5.67,0.00,5.67,AStar
1553,4.89,AllyPrefab,Ally,AllyIdleState,Idling,AgentPrefab,5.59,0.00,5.59,9.00,0.00,17.00,9.00,0.00,17.00,N/A
1553,4.89,AgentPrefab,Agent,MoveState,Moving,AllyPrefab,9.00,0.00,17.00,5.59,0.00,5.59,5.67,0.00,5.67,AStar
1554,4.89,AllyPrefab,Ally,AllyIdleState,Idling,AgentPrefab,5.59,0.00,5.59,9.00,0.00,17.00,9.00,0.00,17.00,N/A
1554,4.89,AgentPrefab,Agent,MoveState,Moving,AllyPrefab,9.00,0.00,17.00,5.59,0.00,5.59,5.67,0.00,5.67,AStar
1555,4.90,AllyPrefab,Ally,AllyIdleState,Idling,AgentPrefab,5.59,0.00,5.59,9.00,0.00,17.00,9.00,0.00,17.00,N/A
1555,4.90,AgentPrefab,Agent,MoveState,Moving,AllyPrefab,9.00,0.00,17.00,5.59,0.00,5.59,5.67,0.00,5.67,AStar
1556,4.90,AllyPrefab,Ally,AllyIdleState,Idling,AgentPrefab,5.59,0.00,5.59,9.00,0.00,17.00,9.00,0.00,17.00,N/A
1556,4.90,AgentPrefab,Agent,MoveState,Moving,AllyPrefab,9.00,0.00,17.00,5.59,0.00,5.59,5.67,0.00,5.67,AStar
1557,4.90,AllyPrefab,Ally,AllyIdleState,Idling,AgentPrefab,5.59,0.00,5.59,9.00,0.00,17.00,9.00,0.00,17.00,N/A
1557,4.90,AgentPrefab,Agent,MoveState,Moving,AllyPrefab,9.00,0.00,17.00,5.59,0.00,5.59,5.67,0.00,5.67,AStar
1558,4.90,AllyPrefab,Ally,AllyIdleState,Idling,AgentPrefab,5.59,0.00,5.59,9.00,0.00,17.00,9.00,0.00,17.00,N/A
1558,4.90,AgentPrefab,Agent,MoveState,Moving,AllyPrefab,9.00,0.00,17.00,5.59,0.00,5.59,5.67,0.00,5.67,AStar
1559,4.91,AllyPrefab,Ally,AllyIdleState,Idling,AgentPrefab,5.59,0.00,5.59,9.00,0.00,17.00,9.00,0.00,17.00,N/A
1559,4.91,AgentPrefab,Agent,MoveState,Moving,AllyPrefab,9.00,0.00,17.00,5.59,0.00,5.59,5.67,0.00,5.67,AStar
1560,4.91,AllyPrefab,Ally,AllyIdleState,Idling,AgentPrefab,5.59,0.00,5.59,9.00,0.00,17.00,9.00,0.00,17.00,N/A
1560,4.91,AgentPrefab,Agent,MoveState,Moving,AllyPrefab,9.00,0.00,17.00,5.59,0.00,5.59,5.67,0.00,5.67,AStar
1561,4.91,AllyPrefab,Ally,AllyIdleState,Idling,AgentPrefab,5.59,0.00,5.59,9.00,0.00,17.00,9.00,0.00,17.00,N/A
1561,4.91,AgentPrefab,Agent,SearchState,Searching,AllyPrefab,9.00,0.00,17.00,5.59,0.00,5.59,5.67,0.00,5.67,AStar
1562,4.92,AllyPrefab,Ally,AllyIdleState,Idling,AgentPrefab,5.59,0.00,5.59,9.00,0.00,17.00,9.00,0.00,17.00,N/A
1562,4.92,AgentPrefab,Agent,MoveState,Moving,AllyPrefab,9.00,0.00,17.00,5.59,0.00,5.59,5.67,0.00,5.67,AStar
1563,4.92,AllyPrefab,Ally,AllyIdleState,Idling,AgentPrefab,5.59,0.00,5.59,9.00,0.00,17.00,9.00,0.00,17.00,N/A
1563,4.92,AgentPrefab,Agent,MoveState,Moving,AllyPrefab,9.00,0.00,17.00,5.59,0.00,5.59,5.67,0.00,5.67,AStar
1564,4.92,AllyPrefab,Ally,AllyIdleState,Idling,AgentPrefab,5.59,0.00,5.59,9.00,0.00,17.00,9.00,0.00,17.00,N/A
1564,4.92,AgentPrefab,Agent,MoveState,Moving,AllyPrefab,9.00,0.00,17.00,5.59,0.00,5.59,5.67,0.00,5.67,AStar
1565,4.93,AllyPrefab,Ally,AllyIdleState,Idling,AgentPrefab,5.59,0.00,5.59,9.00,0.00,17.00,9.00,0.00,17.00,N/A
1565,4.93,AgentPrefab,Agent,MoveState,Moving,AllyPrefab,9.00,0.00,17.00,5.59,0.00,5.59,5.67,0.00,5.67,AStar
1566,4.93,AllyPrefab,Ally,AllyIdleState,Idling,AgentPrefab,5.59,0.00,5.59,9.00,0.00,17.00,9.00,0.00,17.00,N/A
1566,4.93,AgentPrefab,Agent,MoveState,Moving,AllyPrefab,9.00,0.00,17.00,5.59,0.00,5.59,5.67,0.00,5.67,AStar
1567,4.93,AllyPrefab,Ally,AllyIdleState,Idling,AgentPrefab,5.59,0.00,5.59,9.00,0.00,17.00,9.00,0.00,17.00,N/A
1567,4.93,AgentPrefab,Agent,MoveState,Moving,AllyPrefab,9.00,0.00,17.00,5.59,0.00,5.59,5.67,0.00,5.67,AStar
1568,4.93,AllyPrefab,Ally,AllyIdleState,Idling,AgentPrefab,5.59,0.00,5.59,9.00,0.00,17.00,9.00,0.00,17.00,N/A
1568,4.93,AgentPrefab,Agent,MoveState,Moving,AllyPrefab,9.00,0.00,17.00,5.59,0.00,5.59,5.67,0.00,5.67,AStar
1569,4.94,AllyPrefab,Ally,AllyIdleState,Idling,AgentPrefab,5.59,0.00,5.59,9.00,0.00,17.00,9.00,0.00,17.00,N/A
1569,4.94,AgentPrefab,Agent,MoveState,Moving,AllyPrefab,9.00,0.00,17.00,5.59,0.00,5.59,5.67,0.00,5.67,AStar
1570,4.94,AllyPrefab,Ally,AllyIdleState,Idling,AgentPrefab,5.59,0.00,5.59,9.00,0.00,17.00,9.00,0.00,17.00,N/A
1570,4.94,AgentPrefab,Agent,MoveState,Moving,AllyPrefab,9.00,0.00,17.00,5.59,0.00,5.59,5.67,0.00,5.67,AStar
1571,4.94,AllyPrefab,Ally,AllyIdleState,Idling,AgentPrefab,5.59,0.00,5.59,9.00,0.00,17.00,9.00,0.00,17.00,N/A
1571,4.94,AgentPrefab,Agent,MoveState,Moving,AllyPrefab,9.00,0.00,17.00,5.59,0.00,5.59,5.67,0.00,5.67,AStar
1572,4.95,AllyPrefab,Ally,AllyIdleState,Idling,AgentPrefab,5.59,0.00,5.59,9.00,0.00,17.00,9.00,0.00,17.00,N/A
1572,4.95,AgentPrefab,Agent,MoveState,Moving,AllyPrefab,9.00,0.00,17.00,5.59,0.00,5.59,5.67,0.00,5.67,AStar
1573,4.95,AllyPrefab,Ally,AllyIdleState,Idling,AgentPrefab,5.59,0.00,5.59,9.00,0.00,17.00,9.00,0.00,17.00,N/A
1573,4.95,AgentPrefab,Agent,MoveState,Moving,AllyPrefab,9.00,0.00,17.00,5.59,0.00,5.59,5.67,0.00,5.67,AStar
1574,4.95,AllyPrefab,Ally,AllyIdleState,Idling,AgentPrefab,5.59,0.00,5.59,9.00,0.00,17.00,9.00,0.00,17.00,N/A
1574,4.95,AgentPrefab,Agent,MoveState,Moving,AllyPrefab,9.00,0.00,17.00,5.59,0.00,5.59,5.67,0.00,5.67,AStar
1575,4.96,AllyPrefab,Ally,AllyIdleState,Idling,AgentPrefab,5.59,0.00,5.59,9.00,0.00,17.00,9.00,0.00,17.00,N/A
1575,4.96,AgentPrefab,Agent,MoveState,Moving,AllyPrefab,9.00,0.00,17.00,5.59,0.00,5.59,5.67,0.00,5.67,AStar
1576,4.96,AllyPrefab,Ally,AllyIdleState,Idling,AgentPrefab,5.59,0.00,5.59,9.00,0.00,17.00,9.00,0.00,17.00,N/A
1576,4.96,AgentPrefab,Agent,MoveState,Moving,AllyPrefab,9.00,0.00,17.00,5.59,0.00,5.59,5.67,0.00,5.67,AStar
1577,4.96,AllyPrefab,Ally,AllyIdleState,Idling,AgentPrefab,5.59,0.00,5.59,9.00,0.00,17.00,9.00,0.00,17.00,N/A
1577,4.96,AgentPrefab,Agent,MoveState,Moving,AllyPrefab,9.00,0.00,17.00,5.59,0.00,5.59,5.67,0.00,5.67,AStar
1578,4.96,AllyPrefab,Ally,AllyIdleState,Idling,AgentPrefab,5.59,0.00,5.59,9.00,0.00,17.00,9.00,0.00,17.00,N/A
1578,4.96,AgentPrefab,Agent,MoveState,Moving,AllyPrefab,9.00,0.00,17.00,5.59,0.00,5.59,5.67,0.00,5.67,AStar
1579,4.97,AllyPrefab,Ally,AllyIdleState,Idling,AgentPrefab,5.59,0.00,5.59,9.00,0.00,17.00,9.00,0.00,17.00,N/A
1579,4.97,AgentPrefab,Agent,MoveState,Moving,AllyPrefab,9.00,0.00,17.00,5.59,0.00,5.59,5.67,0.00,5.67,AStar
1580,4.97,AllyPrefab,Ally,AllyIdleState,Idling,AgentPrefab,5.59,0.00,5.59,9.00,0.00,17.00,9.00,0.00,17.00,N/A
1580,4.97,AgentPrefab,Agent,MoveState,Moving,AllyPrefab,9.00,0.00,17.00,5.59,0.00,5.59,5.67,0.00,5.67,AStar
1581,4.97,AllyPrefab,Ally,AllyIdleState,Idling,AgentPrefab,5.59,0.00,5.59,9.00,0.00,17.00,9.00,0.00,17.00,N/A
1581,4.97,AgentPrefab,Agent,MoveState,Moving,AllyPrefab,9.00,0.00,17.00,5.59,0.00,5.59,5.67,0.00,5.67,AStar
1582,4.98,AllyPrefab,Ally,AllyIdleState,Idling,AgentPrefab,5.59,0.00,5.59,9.00,0.00,17.00,9.00,0.00,17.00,N/A
1582,4.98,AgentPrefab,Agent,MoveState,Moving,AllyPrefab,9.00,0.00,17.00,5.59,0.00,5.59,5.67,0.00,5.67,AStar
1583,4.98,AllyPrefab,Ally,AllyIdleState,Idling,AgentPrefab,5.59,0.00,5.59,9.00,0.00,17.00,9.00,0.00,17.00,N/A
1583,4.98,AgentPrefab,Agent,MoveState,Moving,AllyPrefab,9.00,0.00,17.00,5.59,0.00,5.59,5.67,0.00,5.67,AStar
1584,4.98,AllyPrefab,Ally,AllyIdleState,Idling,AgentPrefab,5.59,0.00,5.59,9.00,0.00,17.00,9.00,0.00,17.00,N/A
1584,4.98,AgentPrefab,Agent,MoveState,Moving,AllyPrefab,9.00,0.00,17.00,5.59,0.00,5.59,5.67,0.00,5.67,AStar
1585,4.99,AllyPrefab,Ally,AllyIdleState,Idling,AgentPrefab,5.59,0.00,5.59,9.00,0.00,17.00,9.00,0.00,17.00,N/A
1585,4.99,AgentPrefab,Agent,MoveState,Moving,AllyPrefab,9.00,0.00,17.00,5.59,0.00,5.59,5.67,0.00,5.67,AStar
1586,4.99,AllyPrefab,Ally,AllyIdleState,Idling,AgentPrefab,5.59,0.00,5.59,9.00,0.00,17.00,9.00,0.00,17.00,N/A
1586,4.99,AgentPrefab,Agent,MoveState,Moving,AllyPrefab,9.00,0.00,17.00,5.59,0.00,5.59,5.67,0.00,5.67,AStar
1587,4.99,AllyPrefab,Ally,AllyIdleState,Idling,AgentPrefab,5.59,0.00,5.59,9.00,0.00,17.00,9.00,0.00,17.00,N/A
1587,4.99,AgentPrefab,Agent,MoveState,Moving,AllyPrefab,9.00,0.00,17.00,5.59,0.00,5.59,5.67,0.00,5.67,AStar
1588,5.00,AllyPrefab,Ally,AllyIdleState,Idling,AgentPrefab,5.59,0.00,5.59,9.00,0.00,17.00,9.00,0.00,17.00,N/A
1588,5.00,AgentPrefab,Agent,MoveState,Moving,AllyPrefab,9.00,0.00,17.00,5.59,0.00,5.59,5.67,0.00,5.67,AStar
1589,5.00,AllyPrefab,Ally,AllyIdleState,Idling,AgentPrefab,5.59,0.00,5.59,9.00,0.00,17.00,9.00,0.00,17.00,N/A
1589,5.00,AgentPrefab,Agent,MoveState,Moving,AllyPrefab,9.00,0.00,17.00,5.59,0.00,5.59,5.67,0.00,5.67,AStar
1590,5.00,AllyPrefab,Ally,AllyIdleState,Idling,AgentPrefab,5.59,0.00,5.59,9.00,0.00,17.00,9.00,0.00,17.00,N/A
1590,5.00,AgentPrefab,Agent,MoveState,Moving,AllyPrefab,9.00,0.00,17.00,5.59,0.00,5.59,5.67,0.00,5.67,AStar
1591,5.01,AllyPrefab,Ally,AllyIdleState,Idling,AgentPrefab,5.59,0.00,5.59,9.00,0.00,17.00,9.00,0.00,17.00,N/A
1591,5.01,AgentPrefab,Agent,MoveState,Moving,AllyPrefab,9.00,0.00,17.00,5.59,0.00,5.59,5.67,0.00,5.67,AStar
1592,5.01,AllyPrefab,Ally,AllyIdleState,Idling,AgentPrefab,5.59,0.00,5.59,9.00,0.00,17.00,9.00,0.00,17.00,N/A
1592,5.01,AgentPrefab,Agent,MoveState,Moving,AllyPrefab,9.00,0.00,17.00,5.59,0.00,5.59,5.67,0.00,5.67,AStar
1593,5.01,AllyPrefab,Ally,AllyIdleState,Idling,AgentPrefab,5.59,0.00,5.59,9.00,0.00,17.00,9.00,0.00,17.00,N/A
1593,5.01,AgentPrefab,Agent,MoveState,Moving,AllyPrefab,9.00,0.00,17.00,5.59,0.00,5.59,5.67,0.00,5.67,AStar
1594,5.01,AllyPrefab,Ally,AllyIdleState,Idling,AgentPrefab,5.59,0.00,5.59,9.00,0.00,17.00,9.00,0.00,17.00,N/A
1594,5.01,AgentPrefab,Agent,MoveState,Moving,AllyPrefab,9.00,0.00,17.00,5.59,0.00,5.59,5.67,0.00,5.67,AStar
1595,5.02,AllyPrefab,Ally,AllyIdleState,Idling,AgentPrefab,5.59,0.00,5.59,9.00,0.00,17.00,9.00,0.00,17.00,N/A
1595,5.02,AgentPrefab,Agent,MoveState,Moving,AllyPrefab,9.00,0.00,17.00,5.59,0.00,5.59,5.67,0.00,5.67,AStar
1596,5.02,AllyPrefab,Ally,AllyIdleState,Idling,AgentPrefab,5.59,0.00,5.59,9.00,0.00,17.00,9.00,0.00,17.00,N/A
1596,5.02,AgentPrefab,Agent,MoveState,Moving,AllyPrefab,9.00,0.00,17.00,5.59,0.00,5.59,5.67,0.00,5.67,AStar
1597,5.02,AllyPrefab,Ally,AllyIdleState,Idling,AgentPrefab,5.59,0.00,5.59,9.00,0.00,17.00,9.00,0.00,17.00,N/A
1597,5.02,AgentPrefab,Agent,MoveState,Moving,AllyPrefab,9.00,0.00,17.00,5.59,0.00,5.59,5.67,0.00,5.67,AStar
1598,5.03,AllyPrefab,Ally,AllyIdleState,Idling,AgentPrefab,5.59,0.00,5.59,9.00,0.00,17.00,9.00,0.00,17.00,N/A
1598,5.03,AgentPrefab,Agent,MoveState,Moving,AllyPrefab,9.00,0.00,17.00,5.59,0.00,5.59,5.67,0.00,5.67,AStar
1599,5.03,AllyPrefab,Ally,AllyIdleState,Idling,AgentPrefab,5.59,0.00,5.59,9.00,0.00,17.00,9.00,0.00,17.00,N/A
1599,5.03,AgentPrefab,Agent,MoveState,Moving,AllyPrefab,9.00,0.00,17.00,5.59,0.00,5.59,5.67,0.00,5.67,AStar
1600,5.04,AllyPrefab,Ally,AllyIdleState,Idling,AgentPrefab,5.59,0.00,5.59,9.00,0.00,17.00,9.00,0.00,17.00,N/A
1600,5.04,AgentPrefab,Agent,MoveState,Moving,AllyPrefab,9.00,0.00,17.00,5.59,0.00,5.59,5.67,0.00,5.67,AStar
1601,5.04,AllyPrefab,Ally,AllyIdleState,Idling,AgentPrefab,5.59,0.00,5.59,9.00,0.00,17.00,9.00,0.00,17.00,N/A
1601,5.04,AgentPrefab,Agent,MoveState,Moving,AllyPrefab,9.00,0.00,17.00,5.59,0.00,5.59,5.67,0.00,5.67,AStar
1602,5.04,AllyPrefab,Ally,AllyIdleState,Idling,AgentPrefab,5.59,0.00,5.59,9.00,0.00,17.00,9.00,0.00,17.00,N/A
1602,5.04,AgentPrefab,Agent,MoveState,Moving,AllyPrefab,9.00,0.00,17.00,5.59,0.00,5.59,5.67,0.00,5.67,AStar
1603,5.04,AllyPrefab,Ally,AllyIdleState,Idling,AgentPrefab,5.59,0.00,5.59,9.00,0.00,17.00,9.00,0.00,17.00,N/A
1603,5.04,AgentPrefab,Agent,MoveState,Moving,AllyPrefab,9.00,0.00,17.00,5.59,0.00,5.59,5.67,0.00,5.67,AStar
1604,5.05,AllyPrefab,Ally,AllyIdleState,Idling,AgentPrefab,5.59,0.00,5.59,9.00,0.00,17.00,9.00,0.00,17.00,N/A
1604,5.05,AgentPrefab,Agent,MoveState,Moving,AllyPrefab,9.00,0.00,17.00,5.59,0.00,5.59,5.67,0.00,5.67,AStar
1605,5.05,AllyPrefab,Ally,AllyIdleState,Idling,AgentPrefab,5.59,0.00,5.59,9.00,0.00,17.00,9.00,0.00,17.00,N/A
1605,5.05,AgentPrefab,Agent,MoveState,Moving,AllyPrefab,9.00,0.00,17.00,5.59,0.00,5.59,5.67,0.00,5.67,AStar
1606,5.06,AllyPrefab,Ally,AllyIdleState,Idling,AgentPrefab,5.59,0.00,5.59,9.00,0.00,17.00,9.00,0.00,17.00,N/A
1606,5.06,AgentPrefab,Agent,MoveState,Moving,AllyPrefab,9.00,0.00,17.00,5.59,0.00,5.59,5.67,0.00,5.67,AStar
1607,5.06,AllyPrefab,Ally,AllyIdleState,Idling,AgentPrefab,5.59,0.00,5.59,9.00,0.00,17.00,9.00,0.00,17.00,N/A
1607,5.06,AgentPrefab,Agent,MoveState,Moving,AllyPrefab,9.00,0.00,17.00,5.59,0.00,5.59,5.67,0.00,5.67,AStar
1608,5.06,AllyPrefab,Ally,AllyIdleState,Idling,AgentPrefab,5.59,0.00,5.59,9.00,0.00,17.00,9.00,0.00,17.00,N/A
1608,5.06,AgentPrefab,Agent,MoveState,Moving,AllyPrefab,9.00,0.00,17.00,5.59,0.00,5.59,5.67,0.00,5.67,AStar
1609,5.07,AllyPrefab,Ally,AllyIdleState,Idling,AgentPrefab,5.59,0.00,5.59,9.00,0.00,17.00,9.00,0.00,17.00,N/A
1609,5.07,AgentPrefab,Agent,MoveState,Moving,AllyPrefab,9.00,0.00,17.00,5.59,0.00,5.59,5.67,0.00,5.67,AStar
1610,5.07,AllyPrefab,Ally,AllyIdleState,Idling,AgentPrefab,5.59,0.00,5.59,9.00,0.00,17.00,9.00,0.00,17.00,N/A
1610,5.07,AgentPrefab,Agent,MoveState,Moving,AllyPrefab,9.00,0.00,17.00,5.59,0.00,5.59,5.67,0.00,5.67,AStar
1611,5.07,AllyPrefab,Ally,AllyIdleState,Idling,AgentPrefab,5.59,0.00,5.59,9.00,0.00,17.00,9.00,0.00,17.00,N/A
1611,5.07,AgentPrefab,Agent,MoveState,Moving,AllyPrefab,9.00,0.00,17.00,5.59,0.00,5.59,5.67,0.00,5.67,AStar
1612,5.08,AllyPrefab,Ally,AllyIdleState,Idling,AgentPrefab,5.59,0.00,5.59,9.00,0.00,17.00,9.00,0.00,17.00,N/A
1612,5.08,AgentPrefab,Agent,MoveState,Moving,AllyPrefab,9.00,0.00,17.00,5.59,0.00,5.59,5.67,0.00,5.67,AStar
1613,5.08,AllyPrefab,Ally,AllyIdleState,Idling,AgentPrefab,5.59,0.00,5.59,9.00,0.00,17.00,9.00,0.00,17.00,N/A
1613,5.08,AgentPrefab,Agent,MoveState,Moving,AllyPrefab,9.00,0.00,17.00,5.59,0.00,5.59,5.67,0.00,5.67,AStar
1614,5.08,AllyPrefab,Ally,AllyIdleState,Idling,AgentPrefab,5.59,0.00,5.59,9.00,0.00,17.00,9.00,0.00,17.00,N/A
1614,5.08,AgentPrefab,Agent,MoveState,Moving,AllyPrefab,9.00,0.00,17.00,5.59,0.00,5.59,5.67,0.00,5.67,AStar
1615,5.09,AllyPrefab,Ally,AllyIdleState,Idling,AgentPrefab,5.59,0.00,5.59,9.00,0.00,17.00,9.00,0.00,17.00,N/A
1615,5.09,AgentPrefab,Agent,MoveState,Moving,AllyPrefab,9.00,0.00,17.00,5.59,0.00,5.59,5.67,0.00,5.67,AStar
1616,5.09,AllyPrefab,Ally,AllyIdleState,Idling,AgentPrefab,5.59,0.00,5.59,9.00,0.00,17.00,9.00,0.00,17.00,N/A
1616,5.09,AgentPrefab,Agent,MoveState,Moving,AllyPrefab,9.00,0.00,17.00,5.59,0.00,5.59,5.67,0.00,5.67,AStar
1617,5.09,AllyPrefab,Ally,AllyIdleState,Idling,AgentPrefab,5.59,0.00,5.59,9.00,0.00,17.00,9.00,0.00,17.00,N/A
1617,5.09,AgentPrefab,Agent,MoveState,Moving,AllyPrefab,9.00,0.00,17.00,5.59,0.00,5.59,5.67,0.00,5.67,AStar
1618,5.10,AllyPrefab,Ally,AllyIdleState,Idling,AgentPrefab,5.59,0.00,5.59,9.00,0.00,17.00,9.00,0.00,17.00,N/A
1618,5.10,AgentPrefab,Agent,MoveState,Moving,AllyPrefab,9.00,0.00,17.00,5.59,0.00,5.59,5.67,0.00,5.67,AStar
1619,5.10,AllyPrefab,Ally,AllyIdleState,Idling,AgentPrefab,5.59,0.00,5.59,9.00,0.00,17.00,9.00,0.00,17.00,N/A
1619,5.10,AgentPrefab,Agent,MoveState,Moving,AllyPrefab,9.00,0.00,17.00,5.59,0.00,5.59,5.67,0.00,5.67,AStar
1620,5.10,AllyPrefab,Ally,AllyIdleState,Idling,AgentPrefab,5.59,0.00,5.59,9.00,0.00,17.00,9.00,0.00,17.00,N/A
1620,5.10,AgentPrefab,Agent,MoveState,Moving,AllyPrefab,9.00,0.00,17.00,5.59,0.00,5.59,5.67,0.00,5.67,AStar
1621,5.11,AllyPrefab,Ally,AllyIdleState,Idling,AgentPrefab,5.59,0.00,5.59,9.00,0.00,17.00,9.00,0.00,17.00,N/A
1621,5.11,AgentPrefab,Agent,MoveState,Moving,AllyPrefab,9.00,0.00,17.00,5.59,0.00,5.59,5.67,0.00,5.67,AStar
1622,5.11,AllyPrefab,Ally,AllyIdleState,Idling,AgentPrefab,5.59,0.00,5.59,9.00,0.00,17.00,9.00,0.00,17.00,N/A
1622,5.11,AgentPrefab,Agent,MoveState,Moving,AllyPrefab,9.00,0.00,17.00,5.59,0.00,5.59,5.67,0.00,5.67,AStar
1623,5.11,AllyPrefab,Ally,AllyIdleState,Idling,AgentPrefab,5.59,0.00,5.59,9.00,0.00,17.00,9.00,0.00,17.00,N/A
1623,5.11,AgentPrefab,Agent,MoveState,Moving,AllyPrefab,9.00,0.00,17.00,5.59,0.00,5.59,5.67,0.00,5.67,AStar
1624,5.12,AllyPrefab,Ally,AllyIdleState,Idling,AgentPrefab,5.59,0.00,5.59,9.00,0.00,17.00,9.00,0.00,17.00,N/A
1624,5.12,AgentPrefab,Agent,MoveState,Moving,AllyPrefab,9.00,0.00,17.00,5.59,0.00,5.59,5.67,0.00,5.67,AStar
1625,5.12,AllyPrefab,Ally,AllyIdleState,Idling,AgentPrefab,5.59,0.00,5.59,9.00,0.00,17.00,9.00,0.00,17.00,N/A
1625,5.12,AgentPrefab,Agent,MoveState,Moving,AllyPrefab,9.00,0.00,17.00,5.59,0.00,5.59,5.67,0.00,5.67,AStar
1626,5.12,AllyPrefab,Ally,AllyIdleState,Idling,AgentPrefab,5.59,0.00,5.59,9.00,0.00,17.00,9.00,0.00,17.00,N/A
1626,5.12,AgentPrefab,Agent,MoveState,Moving,AllyPrefab,9.00,0.00,17.00,5.59,0.00,5.59,5.67,0.00,5.67,AStar
1627,5.13,AllyPrefab,Ally,AllyIdleState,Idling,AgentPrefab,5.59,0.00,5.59,9.00,0.00,17.00,9.00,0.00,17.00,N/A
1627,5.13,AgentPrefab,Agent,MoveState,Moving,AllyPrefab,9.00,0.00,17.00,5.59,0.00,5.59,5.67,0.00,5.67,AStar
1628,5.13,AllyPrefab,Ally,AllyIdleState,Idling,AgentPrefab,5.59,0.00,5.59,9.00,0.00,17.00,9.00,0.00,17.00,N/A
1628,5.13,AgentPrefab,Agent,MoveState,Moving,AllyPrefab,9.00,0.00,17.00,5.59,0.00,5.59,5.67,0.00,5.67,AStar
1629,5.13,AllyPrefab,Ally,AllyIdleState,Idling,AgentPrefab,5.59,0.00,5.59,9.00,0.00,17.00,9.00,0.00,17.00,N/A
1629,5.13,AgentPrefab,Agent,MoveState,Moving,AllyPrefab,9.00,0.00,17.00,5.59,0.00,5.59,5.67,0.00,5.67,AStar
1630,5.13,AllyPrefab,Ally,AllyIdleState,Idling,AgentPrefab,5.59,0.00,5.59,9.00,0.00,17.00,9.00,0.00,17.00,N/A
1630,5.13,AgentPrefab,Agent,MoveState,Moving,AllyPrefab,9.00,0.00,17.00,5.59,0.00,5.59,5.67,0.00,5.67,AStar
1631,5.14,AllyPrefab,Ally,AllyIdleState,Idling,AgentPrefab,5.59,0.00,5.59,9.00,0.00,17.00,9.00,0.00,17.00,N/A
1631,5.14,AgentPrefab,Agent,MoveState,Moving,AllyPrefab,9.00,0.00,17.00,5.59,0.00,5.59,5.67,0.00,5.67,AStar
1632,5.14,AllyPrefab,Ally,AllyIdleState,Idling,AgentPrefab,5.59,0.00,5.59,9.00,0.00,17.00,9.00,0.00,17.00,N/A
1632,5.14,AgentPrefab,Agent,MoveState,Moving,AllyPrefab,9.00,0.00,17.00,5.59,0.00,5.59,5.67,0.00,5.67,AStar
1633,5.14,AllyPrefab,Ally,AllyIdleState,Idling,AgentPrefab,5.59,0.00,5.59,9.00,0.00,17.00,9.00,0.00,17.00,N/A
1633,5.14,AgentPrefab,Agent,MoveState,Moving,AllyPrefab,9.00,0.00,17.00,5.59,0.00,5.59,5.67,0.00,5.67,AStar
1634,5.15,AllyPrefab,Ally,AllyIdleState,Idling,AgentPrefab,5.59,0.00,5.59,9.00,0.00,17.00,9.00,0.00,17.00,N/A
1634,5.15,AgentPrefab,Agent,MoveState,Moving,AllyPrefab,9.00,0.00,17.00,5.59,0.00,5.59,5.67,0.00,5.67,AStar
1635,5.15,AllyPrefab,Ally,AllyIdleState,Idling,AgentPrefab,5.59,0.00,5.59,9.00,0.00,17.00,9.00,0.00,17.00,N/A
1635,5.15,AgentPrefab,Agent,MoveState,Moving,AllyPrefab,9.00,0.00,17.00,5.59,0.00,5.59,5.67,0.00,5.67,AStar
1636,5.15,AllyPrefab,Ally,AllyIdleState,Idling,AgentPrefab,5.59,0.00,5.59,9.00,0.00,17.00,9.00,0.00,17.00,N/A
1636,5.15,AgentPrefab,Agent,MoveState,Moving,AllyPrefab,9.00,0.00,17.00,5.59,0.00,5.59,5.67,0.00,5.67,AStar
1637,5.15,AllyPrefab,Ally,AllyIdleState,Idling,AgentPrefab,5.59,0.00,5.59,9.00,0.00,17.00,9.00,0.00,17.00,N/A
1637,5.15,AgentPrefab,Agent,MoveState,Moving,AllyPrefab,9.00,0.00,17.00,5.59,0.00,5.59,5.67,0.00,5.67,AStar
1638,5.16,AllyPrefab,Ally,AllyIdleState,Idling,AgentPrefab,5.59,0.00,5.59,9.00,0.00,17.00,9.00,0.00,17.00,N/A
1638,5.16,AgentPrefab,Agent,MoveState,Moving,AllyPrefab,9.00,0.00,17.00,5.59,0.00,5.59,5.67,0.00,5.67,AStar
1639,5.16,AllyPrefab,Ally,AllyIdleState,Idling,AgentPrefab,5.59,0.00,5.59,9.00,0.00,17.00,9.00,0.00,17.00,N/A
1639,5.16,AgentPrefab,Agent,MoveState,Moving,AllyPrefab,9.00,0.00,17.00,5.59,0.00,5.59,5.67,0.00,5.67,AStar
1640,5.16,AllyPrefab,Ally,AllyIdleState,Idling,AgentPrefab,5.59,0.00,5.59,9.00,0.00,17.00,9.00,0.00,17.00,N/A
1640,5.16,AgentPrefab,Agent,MoveState,Moving,AllyPrefab,9.00,0.00,17.00,5.59,0.00,5.59,5.67,0.00,5.67,AStar
1641,5.17,AllyPrefab,Ally,AllyIdleState,Idling,AgentPrefab,5.59,0.00,5.59,9.00,0.00,17.00,9.00,0.00,17.00,N/A
1641,5.17,AgentPrefab,Agent,MoveState,Moving,AllyPrefab,9.00,0.00,17.00,5.59,0.00,5.59,5.67,0.00,5.67,AStar
1642,5.17,AllyPrefab,Ally,AllyIdleState,Idling,AgentPrefab,5.59,0.00,5.59,9.00,0.00,17.00,9.00,0.00,17.00,N/A
1642,5.17,AgentPrefab,Agent,MoveState,Moving,AllyPrefab,9.00,0.00,17.00,5.59,0.00,5.59,5.67,0.00,5.67,AStar
1643,5.17,AllyPrefab,Ally,AllyIdleState,Idling,AgentPrefab,5.59,0.00,5.59,9.00,0.00,17.00,9.00,0.00,17.00,N/A
1643,5.17,AgentPrefab,Agent,MoveState,Moving,AllyPrefab,9.00,0.00,17.00,5.59,0.00,5.59,5.67,0.00,5.67,AStar
1644,5.18,AllyPrefab,Ally,AllyIdleState,Idling,AgentPrefab,5.59,0.00,5.59,9.00,0.00,17.00,9.00,0.00,17.00,N/A
1644,5.18,AgentPrefab,Agent,MoveState,Moving,AllyPrefab,9.00,0.00,17.00,5.59,0.00,5.59,5.67,0.00,5.67,AStar
1645,5.18,AllyPrefab,Ally,AllyIdleState,Idling,AgentPrefab,5.59,0.00,5.59,9.00,0.00,17.00,9.00,0.00,17.00,N/A
1645,5.18,AgentPrefab,Agent,MoveState,Moving,AllyPrefab,9.00,0.00,17.00,5.59,0.00,5.59,5.67,0.00,5.67,AStar
1646,5.18,AllyPrefab,Ally,AllyIdleState,Idling,AgentPrefab,5.59,0.00,5.59,9.00,0.00,17.00,9.00,0.00,17.00,N/A
1646,5.18,AgentPrefab,Agent,MoveState,Moving,AllyPrefab,9.00,0.00,17.00,5.59,0.00,5.59,5.67,0.00,5.67,AStar
1647,5.18,AllyPrefab,Ally,AllyIdleState,Idling,AgentPrefab,5.59,0.00,5.59,9.00,0.00,17.00,9.00,0.00,17.00,N/A
1647,5.18,AgentPrefab,Agent,MoveState,Moving,AllyPrefab,9.00,0.00,17.00,5.59,0.00,5.59,5.67,0.00,5.67,AStar
1648,5.19,AllyPrefab,Ally,AllyIdleState,Idling,AgentPrefab,5.59,0.00,5.59,9.00,0.00,17.00,9.00,0.00,17.00,N/A
1648,5.19,AgentPrefab,Agent,MoveState,Moving,AllyPrefab,9.00,0.00,17.00,5.59,0.00,5.59,5.67,0.00,5.67,AStar
1649,5.19,AllyPrefab,Ally,AllyIdleState,Idling,AgentPrefab,5.59,0.00,5.59,9.00,0.00,17.00,9.00,0.00,17.00,N/A
1649,5.19,AgentPrefab,Agent,MoveState,Moving,AllyPrefab,9.00,0.00,17.00,5.59,0.00,5.59,5.67,0.00,5.67,AStar
1650,5.19,AllyPrefab,Ally,AllyIdleState,Idling,AgentPrefab,5.59,0.00,5.59,9.00,0.00,17.00,9.00,0.00,17.00,N/A
1650,5.19,AgentPrefab,Agent,MoveState,Moving,AllyPrefab,9.00,0.00,17.00,5.59,0.00,5.59,5.67,0.00,5.67,AStar
1651,5.20,AllyPrefab,Ally,AllyIdleState,Idling,AgentPrefab,5.59,0.00,5.59,9.00,0.00,17.00,9.00,0.00,17.00,N/A
1651,5.20,AgentPrefab,Agent,MoveState,Moving,AllyPrefab,9.00,0.00,17.00,5.59,0.00,5.59,5.67,0.00,5.67,AStar
1652,5.20,AllyPrefab,Ally,AllyIdleState,Idling,AgentPrefab,5.59,0.00,5.59,9.00,0.00,17.00,9.00,0.00,17.00,N/A
1652,5.20,AgentPrefab,Agent,MoveState,Moving,AllyPrefab,9.00,0.00,17.00,5.59,0.00,5.59,5.67,0.00,5.67,AStar
1653,5.20,AllyPrefab,Ally,AllyIdleState,Idling,AgentPrefab,5.59,0.00,5.59,9.00,0.00,17.00,9.00,0.00,17.00,N/A
1653,5.20,AgentPrefab,Agent,MoveState,Moving,AllyPrefab,9.00,0.00,17.00,5.59,0.00,5.59,5.67,0.00,5.67,AStar
1654,5.21,AllyPrefab,Ally,AllyIdleState,Idling,AgentPrefab,5.59,0.00,5.59,9.00,0.00,17.00,9.00,0.00,17.00,N/A
1654,5.21,AgentPrefab,Agent,MoveState,Moving,AllyPrefab,9.00,0.00,17.00,5.59,0.00,5.59,5.67,0.00,5.67,AStar
1655,5.21,AllyPrefab,Ally,AllyIdleState,Idling,AgentPrefab,5.59,0.00,5.59,9.00,0.00,17.00,9.00,0.00,17.00,N/A
1655,5.21,AgentPrefab,Agent,MoveState,Moving,AllyPrefab,9.00,0.00,17.00,5.59,0.00,5.59,5.67,0.00,5.67,AStar
1656,5.21,AllyPrefab,Ally,AllyIdleState,Idling,AgentPrefab,5.59,0.00,5.59,9.00,0.00,17.00,9.00,0.00,17.00,N/A
1656,5.21,AgentPrefab,Agent,MoveState,Moving,AllyPrefab,9.00,0.00,17.00,5.59,0.00,5.59,5.67,0.00,5.67,AStar
1657,5.22,AllyPrefab,Ally,AllyIdleState,Idling,AgentPrefab,5.59,0.00,5.59,9.00,0.00,17.00,9.00,0.00,17.00,N/A
1657,5.22,AgentPrefab,Agent,MoveState,Moving,AllyPrefab,9.00,0.00,17.00,5.59,0.00,5.59,5.67,0.00,5.67,AStar
1658,5.22,AllyPrefab,Ally,AllyIdleState,Idling,AgentPrefab,5.59,0.00,5.59,9.00,0.00,17.00,9.00,0.00,17.00,N/A
1658,5.22,AgentPrefab,Agent,MoveState,Moving,AllyPrefab,9.00,0.00,17.00,5.59,0.00,5.59,5.67,0.00,5.67,AStar
1659,5.22,AllyPrefab,Ally,AllyIdleState,Idling,AgentPrefab,5.59,0.00,5.59,9.00,0.00,17.00,9.00,0.00,17.00,N/A
1659,5.22,AgentPrefab,Agent,MoveState,Moving,AllyPrefab,9.00,0.00,17.00,5.59,0.00,5.59,5.67,0.00,5.67,AStar
1660,5.22,AllyPrefab,Ally,AllyIdleState,Idling,AgentPrefab,5.59,0.00,5.59,9.00,0.00,17.00,9.00,0.00,17.00,N/A
1660,5.22,AgentPrefab,Agent,MoveState,Moving,AllyPrefab,9.00,0.00,17.00,5.59,0.00,5.59,5.67,0.00,5.67,AStar
1661,5.23,AllyPrefab,Ally,AllyIdleState,Idling,AgentPrefab,5.59,0.00,5.59,9.00,0.00,17.00,9.00,0.00,17.00,N/A
1661,5.23,AgentPrefab,Agent,MoveState,Moving,AllyPrefab,9.00,0.00,17.00,5.59,0.00,5.59,5.67,0.00,5.67,AStar
1662,5.23,AllyPrefab,Ally,AllyIdleState,Idling,AgentPrefab,5.59,0.00,5.59,9.00,0.00,17.00,9.00,0.00,17.00,N/A
1662,5.23,AgentPrefab,Agent,MoveState,Moving,AllyPrefab,9.00,0.00,17.00,5.59,0.00,5.59,5.67,0.00,5.67,AStar
1663,5.23,AllyPrefab,Ally,AllyIdleState,Idling,AgentPrefab,5.59,0.00,5.59,9.00,0.00,17.00,9.00,0.00,17.00,N/A
1663,5.23,AgentPrefab,Agent,MoveState,Moving,AllyPrefab,9.00,0.00,17.00,5.59,0.00,5.59,5.67,0.00,5.67,AStar
1664,5.24,AllyPrefab,Ally,AllyIdleState,Idling,AgentPrefab,5.59,0.00,5.59,9.00,0.00,17.00,9.00,0.00,17.00,N/A
1664,5.24,AgentPrefab,Agent,MoveState,Moving,AllyPrefab,9.00,0.00,17.00,5.59,0.00,5.59,5.67,0.00,5.67,AStar
1665,5.24,AllyPrefab,Ally,AllyIdleState,Idling,AgentPrefab,5.59,0.00,5.59,9.00,0.00,17.00,9.00,0.00,17.00,N/A
1665,5.24,AgentPrefab,Agent,MoveState,Moving,AllyPrefab,9.00,0.00,17.00,5.59,0.00,5.59,5.67,0.00,5.67,AStar
1666,5.24,AllyPrefab,Ally,AllyIdleState,Idling,AgentPrefab,5.59,0.00,5.59,9.00,0.00,17.00,9.00,0.00,17.00,N/A
1666,5.24,AgentPrefab,Agent,MoveState,Moving,AllyPrefab,9.00,0.00,17.00,5.59,0.00,5.59,5.67,0.00,5.67,AStar
1667,5.24,AllyPrefab,Ally,AllyIdleState,Idling,AgentPrefab,5.59,0.00,5.59,9.00,0.00,17.00,9.00,0.00,17.00,N/A
1667,5.24,AgentPrefab,Agent,MoveState,Moving,AllyPrefab,9.00,0.00,17.00,5.59,0.00,5.59,5.67,0.00,5.67,AStar
1668,5.25,AllyPrefab,Ally,AllyIdleState,Idling,AgentPrefab,5.59,0.00,5.59,9.00,0.00,17.00,9.00,0.00,17.00,N/A
1668,5.25,AgentPrefab,Agent,MoveState,Moving,AllyPrefab,9.00,0.00,17.00,5.59,0.00,5.59,5.67,0.00,5.67,AStar
1669,5.25,AllyPrefab,Ally,AllyIdleState,Idling,AgentPrefab,5.59,0.00,5.59,9.00,0.00,17.00,9.00,0.00,17.00,N/A
1669,5.25,AgentPrefab,Agent,MoveState,Moving,AllyPrefab,9.00,0.00,17.00,5.59,0.00,5.59,5.67,0.00,5.67,AStar
1670,5.25,AllyPrefab,Ally,AllyIdleState,Idling,AgentPrefab,5.59,0.00,5.59,9.00,0.00,17.00,9.00,0.00,17.00,N/A
1670,5.25,AgentPrefab,Agent,MoveState,Moving,AllyPrefab,9.00,0.00,17.00,5.59,0.00,5.59,5.67,0.00,5.67,AStar
1671,5.26,AllyPrefab,Ally,AllyIdleState,Idling,AgentPrefab,5.59,0.00,5.59,9.00,0.00,17.00,9.00,0.00,17.00,N/A
1671,5.26,AgentPrefab,Agent,MoveState,Moving,AllyPrefab,9.00,0.00,17.00,5.59,0.00,5.59,5.67,0.00,5.67,AStar
1672,5.26,AllyPrefab,Ally,AllyIdleState,Idling,AgentPrefab,5.59,0.00,5.59,9.00,0.00,17.00,9.00,0.00,17.00,N/A
1672,5.26,AgentPrefab,Agent,MoveState,Moving,AllyPrefab,9.00,0.00,17.00,5.59,0.00,5.59,5.67,0.00,5.67,AStar
1673,5.26,AllyPrefab,Ally,AllyIdleState,Idling,AgentPrefab,5.59,0.00,5.59,9.00,0.00,17.00,9.00,0.00,17.00,N/A
1673,5.26,AgentPrefab,Agent,MoveState,Moving,AllyPrefab,9.00,0.00,17.00,5.59,0.00,5.59,5.67,0.00,5.67,AStar
1674,5.27,AllyPrefab,Ally,AllyIdleState,Idling,AgentPrefab,5.59,0.00,5.59,9.00,0.00,17.00,9.00,0.00,17.00,N/A
1674,5.27,AgentPrefab,Agent,MoveState,Moving,AllyPrefab,9.00,0.00,17.00,5.59,0.00,5.59,5.67,0.00,5.67,AStar
1675,5.27,AllyPrefab,Ally,AllyIdleState,Idling,AgentPrefab,5.59,0.00,5.59,9.00,0.00,17.00,9.00,0.00,17.00,N/A
1675,5.27,AgentPrefab,Agent,MoveState,Moving,AllyPrefab,9.00,0.00,17.00,5.59,0.00,5.59,5.67,0.00,5.67,AStar
1676,5.27,AllyPrefab,Ally,AllyIdleState,Idling,AgentPrefab,5.59,0.00,5.59,9.00,0.00,17.00,9.00,0.00,17.00,N/A
1676,5.27,AgentPrefab,Agent,MoveState,Moving,AllyPrefab,9.00,0.00,17.00,5.59,0.00,5.59,5.67,0.00,5.67,AStar
1677,5.27,AllyPrefab,Ally,AllyIdleState,Idling,AgentPrefab,5.59,0.00,5.59,9.00,0.00,17.00,9.00,0.00,17.00,N/A
1677,5.27,AgentPrefab,Agent,MoveState,Moving,AllyPrefab,9.00,0.00,17.00,5.59,0.00,5.59,5.67,0.00,5.67,AStar
1678,5.28,AllyPrefab,Ally,AllyIdleState,Idling,AgentPrefab,5.59,0.00,5.59,9.00,0.00,17.00,9.00,0.00,17.00,N/A
1678,5.28,AgentPrefab,Agent,MoveState,Moving,AllyPrefab,9.00,0.00,17.00,5.59,0.00,5.59,5.67,0.00,5.67,AStar
1679,5.28,AllyPrefab,Ally,AllyIdleState,Idling,AgentPrefab,5.59,0.00,5.59,9.00,0.00,17.00,9.00,0.00,17.00,N/A
1679,5.28,AgentPrefab,Agent,MoveState,Moving,AllyPrefab,9.00,0.00,17.00,5.59,0.00,5.59,5.67,0.00,5.67,AStar
1680,5.28,AllyPrefab,Ally,AllyIdleState,Idling,AgentPrefab,5.59,0.00,5.59,9.00,0.00,17.00,9.00,0.00,17.00,N/A
1680,5.28,AgentPrefab,Agent,MoveState,Moving,AllyPrefab,9.00,0.00,17.00,5.59,0.00,5.59,5.67,0.00,5.67,AStar
1681,5.29,AllyPrefab,Ally,AllyIdleState,Idling,AgentPrefab,5.59,0.00,5.59,9.00,0.00,17.00,9.00,0.00,17.00,N/A
1681,5.29,AgentPrefab,Agent,MoveState,Moving,AllyPrefab,9.00,0.00,17.00,5.59,0.00,5.59,5.67,0.00,5.67,AStar
1682,5.29,AllyPrefab,Ally,AllyIdleState,Idling,AgentPrefab,5.59,0.00,5.59,9.00,0.00,17.00,9.00,0.00,17.00,N/A
1682,5.29,AgentPrefab,Agent,MoveState,Moving,AllyPrefab,9.00,0.00,17.00,5.59,0.00,5.59,5.67,0.00,5.67,AStar
1683,5.29,AllyPrefab,Ally,AllyIdleState,Idling,AgentPrefab,5.59,0.00,5.59,9.00,0.00,17.00,9.00,0.00,17.00,N/A
1683,5.29,AgentPrefab,Agent,MoveState,Moving,AllyPrefab,9.00,0.00,17.00,5.59,0.00,5.59,5.67,0.00,5.67,AStar
1684,5.29,AllyPrefab,Ally,AllyIdleState,Idling,AgentPrefab,5.59,0.00,5.59,9.00,0.00,17.00,9.00,0.00,17.00,N/A
1684,5.29,AgentPrefab,Agent,MoveState,Moving,AllyPrefab,9.00,0.00,17.00,5.59,0.00,5.59,5.67,0.00,5.67,AStar
1685,5.30,AllyPrefab,Ally,AllyIdleState,Idling,AgentPrefab,5.59,0.00,5.59,9.00,0.00,17.00,9.00,0.00,17.00,N/A
1685,5.30,AgentPrefab,Agent,MoveState,Moving,AllyPrefab,9.00,0.00,17.00,5.59,0.00,5.59,5.67,0.00,5.67,AStar
1686,5.30,AllyPrefab,Ally,AllyIdleState,Idling,AgentPrefab,5.59,0.00,5.59,9.00,0.00,17.00,9.00,0.00,17.00,N/A
1686,5.30,AgentPrefab,Agent,MoveState,Moving,AllyPrefab,9.00,0.00,17.00,5.59,0.00,5.59,5.67,0.00,5.67,AStar
1687,5.30,AllyPrefab,Ally,AllyIdleState,Idling,AgentPrefab,5.59,0.00,5.59,9.00,0.00,17.00,9.00,0.00,17.00,N/A
1687,5.30,AgentPrefab,Agent,MoveState,Moving,AllyPrefab,9.00,0.00,17.00,5.59,0.00,5.59,5.67,0.00,5.67,AStar
1688,5.31,AllyPrefab,Ally,AllyIdleState,Idling,AgentPrefab,5.59,0.00,5.59,9.00,0.00,17.00,9.00,0.00,17.00,N/A
1688,5.31,AgentPrefab,Agent,MoveState,Moving,AllyPrefab,9.00,0.00,17.00,5.59,0.00,5.59,5.67,0.00,5.67,AStar
1689,5.31,AllyPrefab,Ally,AllyIdleState,Idling,AgentPrefab,5.59,0.00,5.59,9.00,0.00,17.00,9.00,0.00,17.00,N/A
1689,5.31,AgentPrefab,Agent,MoveState,Moving,AllyPrefab,9.00,0.00,17.00,5.59,0.00,5.59,5.67,0.00,5.67,AStar
1690,5.31,AllyPrefab,Ally,AllyIdleState,Idling,AgentPrefab,5.59,0.00,5.59,9.00,0.00,17.00,9.00,0.00,17.00,N/A
1690,5.31,AgentPrefab,Agent,MoveState,Moving,AllyPrefab,9.00,0.00,17.00,5.59,0.00,5.59,5.67,0.00,5.67,AStar
1691,5.32,AllyPrefab,Ally,AllyIdleState,Idling,AgentPrefab,5.59,0.00,5.59,9.00,0.00,17.00,9.00,0.00,17.00,N/A
1691,5.32,AgentPrefab,Agent,MoveState,Moving,AllyPrefab,9.00,0.00,17.00,5.59,0.00,5.59,5.67,0.00,5.67,AStar
1692,5.32,AllyPrefab,Ally,AllyIdleState,Idling,AgentPrefab,5.59,0.00,5.59,9.00,0.00,17.00,9.00,0.00,17.00,N/A
1692,5.32,AgentPrefab,Agent,MoveState,Moving,AllyPrefab,9.00,0.00,17.00,5.59,0.00,5.59,5.67,0.00,5.67,AStar
1693,5.32,AllyPrefab,Ally,AllyIdleState,Idling,AgentPrefab,5.59,0.00,5.59,9.00,0.00,17.00,9.00,0.00,17.00,N/A
1693,5.32,AgentPrefab,Agent,MoveState,Moving,AllyPrefab,9.00,0.00,17.00,5.59,0.00,5.59,5.67,0.00,5.67,AStar
1694,5.32,AllyPrefab,Ally,AllyIdleState,Idling,AgentPrefab,5.59,0.00,5.59,9.00,0.00,17.00,9.00,0.00,17.00,N/A
1694,5.32,AgentPrefab,Agent,MoveState,Moving,AllyPrefab,9.00,0.00,17.00,5.59,0.00,5.59,5.67,0.00,5.67,AStar
1695,5.33,AllyPrefab,Ally,AllyIdleState,Idling,AgentPrefab,5.59,0.00,5.59,9.00,0.00,17.00,9.00,0.00,17.00,N/A
1695,5.33,AgentPrefab,Agent,MoveState,Moving,AllyPrefab,9.00,0.00,17.00,5.59,0.00,5.59,5.67,0.00,5.67,AStar
1696,5.33,AllyPrefab,Ally,AllyIdleState,Idling,AgentPrefab,5.59,0.00,5.59,9.00,0.00,17.00,9.00,0.00,17.00,N/A
1696,5.33,AgentPrefab,Agent,MoveState,Moving,AllyPrefab,9.00,0.00,17.00,5.59,0.00,5.59,5.67,0.00,5.67,AStar
1697,5.33,AllyPrefab,Ally,AllyIdleState,Idling,AgentPrefab,5.59,0.00,5.59,9.00,0.00,17.00,9.00,0.00,17.00,N/A
1697,5.33,AgentPrefab,Agent,MoveState,Moving,AllyPrefab,9.00,0.00,17.00,5.59,0.00,5.59,5.67,0.00,5.67,AStar
1698,5.34,AllyPrefab,Ally,AllyIdleState,Idling,AgentPrefab,5.59,0.00,5.59,9.00,0.00,17.00,9.00,0.00,17.00,N/A
1698,5.34,AgentPrefab,Agent,MoveState,Moving,AllyPrefab,9.00,0.00,17.00,5.59,0.00,5.59,5.67,0.00,5.67,AStar
1699,5.34,AllyPrefab,Ally,AllyIdleState,Idling,AgentPrefab,5.59,0.00,5.59,9.00,0.00,17.00,9.00,0.00,17.00,N/A
1699,5.34,AgentPrefab,Agent,MoveState,Moving,AllyPrefab,9.00,0.00,17.00,5.59,0.00,5.59,5.67,0.00,5.67,AStar
1700,5.34,AllyPrefab,Ally,AllyIdleState,Idling,AgentPrefab,5.59,0.00,5.59,9.00,0.00,17.00,9.00,0.00,17.00,N/A
1700,5.34,AgentPrefab,Agent,MoveState,Moving,AllyPrefab,9.00,0.00,17.00,5.59,0.00,5.59,5.67,0.00,5.67,AStar
1701,5.35,AllyPrefab,Ally,AllyIdleState,Idling,AgentPrefab,5.59,0.00,5.59,9.00,0.00,17.00,9.00,0.00,17.00,N/A
1701,5.35,AgentPrefab,Agent,MoveState,Moving,AllyPrefab,9.00,0.00,17.00,5.59,0.00,5.59,5.67,0.00,5.67,AStar
1702,5.35,AllyPrefab,Ally,AllyIdleState,Idling,AgentPrefab,5.59,0.00,5.59,9.00,0.00,17.00,9.00,0.00,17.00,N/A
1702,5.35,AgentPrefab,Agent,MoveState,Moving,AllyPrefab,9.00,0.00,17.00,5.59,0.00,5.59,5.67,0.00,5.67,AStar
1703,5.35,AllyPrefab,Ally,AllyIdleState,Idling,AgentPrefab,5.59,0.00,5.59,9.00,0.00,17.00,9.00,0.00,17.00,N/A
1703,5.35,AgentPrefab,Agent,MoveState,Moving,AllyPrefab,9.00,0.00,17.00,5.59,0.00,5.59,5.67,0.00,5.67,AStar
1704,5.36,AllyPrefab,Ally,AllyIdleState,Idling,AgentPrefab,5.59,0.00,5.59,9.00,0.00,17.00,9.00,0.00,17.00,N/A
1704,5.36,AgentPrefab,Agent,MoveState,Moving,AllyPrefab,9.00,0.00,17.00,5.59,0.00,5.59,5.67,0.00,5.67,AStar
1705,5.36,AllyPrefab,Ally,AllyIdleState,Idling,AgentPrefab,5.59,0.00,5.59,9.00,0.00,17.00,9.00,0.00,17.00,N/A
1705,5.36,AgentPrefab,Agent,MoveState,Moving,AllyPrefab,9.00,0.00,17.00,5.59,0.00,5.59,5.67,0.00,5.67,AStar
1706,5.36,AllyPrefab,Ally,AllyIdleState,Idling,AgentPrefab,5.59,0.00,5.59,9.00,0.00,17.00,9.00,0.00,17.00,N/A
1706,5.36,AgentPrefab,Agent,MoveState,Moving,AllyPrefab,9.00,0.00,17.00,5.59,0.00,5.59,5.67,0.00,5.67,AStar
1707,5.36,AllyPrefab,Ally,AllyIdleState,Idling,AgentPrefab,5.59,0.00,5.59,9.00,0.00,17.00,9.00,0.00,17.00,N/A
1707,5.36,AgentPrefab,Agent,MoveState,Moving,AllyPrefab,9.00,0.00,17.00,5.59,0.00,5.59,5.67,0.00,5.67,AStar
1708,5.37,AllyPrefab,Ally,AllyIdleState,Idling,AgentPrefab,5.59,0.00,5.59,9.00,0.00,17.00,9.00,0.00,17.00,N/A
1708,5.37,AgentPrefab,Agent,MoveState,Moving,AllyPrefab,9.00,0.00,17.00,5.59,0.00,5.59,5.67,0.00,5.67,AStar
1709,5.37,AllyPrefab,Ally,AllyIdleState,Idling,AgentPrefab,5.59,0.00,5.59,9.00,0.00,17.00,9.00,0.00,17.00,N/A
1709,5.37,AgentPrefab,Agent,MoveState,Moving,AllyPrefab,9.00,0.00,17.00,5.59,0.00,5.59,5.67,0.00,5.67,AStar
1710,5.37,AllyPrefab,Ally,AllyIdleState,Idling,AgentPrefab,5.59,0.00,5.59,9.00,0.00,17.00,9.00,0.00,17.00,N/A
1710,5.37,AgentPrefab,Agent,MoveState,Moving,AllyPrefab,9.00,0.00,17.00,5.59,0.00,5.59,5.67,0.00,5.67,AStar
1711,5.38,AllyPrefab,Ally,AllyIdleState,Idling,AgentPrefab,5.59,0.00,5.59,9.00,0.00,17.00,9.00,0.00,17.00,N/A
1711,5.38,AgentPrefab,Agent,MoveState,Moving,AllyPrefab,9.00,0.00,17.00,5.59,0.00,5.59,5.67,0.00,5.67,AStar
1712,5.38,AllyPrefab,Ally,AllyIdleState,Idling,AgentPrefab,5.59,0.00,5.59,9.00,0.00,17.00,9.00,0.00,17.00,N/A
1712,5.38,AgentPrefab,Agent,MoveState,Moving,AllyPrefab,9.00,0.00,17.00,5.59,0.00,5.59,5.67,0.00,5.67,AStar
1713,5.38,AllyPrefab,Ally,AllyIdleState,Idling,AgentPrefab,5.59,0.00,5.59,9.00,0.00,17.00,9.00,0.00,17.00,N/A
1713,5.38,AgentPrefab,Agent,MoveState,Moving,AllyPrefab,9.00,0.00,17.00,5.59,0.00,5.59,5.67,0.00,5.67,AStar
1714,5.39,AllyPrefab,Ally,AllyIdleState,Idling,AgentPrefab,5.59,0.00,5.59,9.00,0.00,17.00,9.00,0.00,17.00,N/A
1714,5.39,AgentPrefab,Agent,MoveState,Moving,AllyPrefab,9.00,0.00,17.00,5.59,0.00,5.59,5.67,0.00,5.67,AStar
1715,5.39,AllyPrefab,Ally,AllyIdleState,Idling,AgentPrefab,5.59,0.00,5.59,9.00,0.00,17.00,9.00,0.00,17.00,N/A
1715,5.39,AgentPrefab,Agent,MoveState,Moving,AllyPrefab,9.00,0.00,17.00,5.59,0.00,5.59,5.67,0.00,5.67,AStar
1716,5.39,AllyPrefab,Ally,AllyIdleState,Idling,AgentPrefab,5.59,0.00,5.59,9.00,0.00,17.00,9.00,0.00,17.00,N/A
1716,5.39,AgentPrefab,Agent,MoveState,Moving,AllyPrefab,9.00,0.00,17.00,5.59,0.00,5.59,5.67,0.00,5.67,AStar
1717,5.39,AllyPrefab,Ally,AllyIdleState,Idling,AgentPrefab,5.59,0.00,5.59,9.00,0.00,17.00,9.00,0.00,17.00,N/A
1717,5.39,AgentPrefab,Agent,MoveState,Moving,AllyPrefab,9.00,0.00,17.00,5.59,0.00,5.59,5.67,0.00,5.67,AStar
1718,5.40,AllyPrefab,Ally,AllyIdleState,Idling,AgentPrefab,5.59,0.00,5.59,9.00,0.00,17.00,9.00,0.00,17.00,N/A
1718,5.40,AgentPrefab,Agent,MoveState,Moving,AllyPrefab,9.00,0.00,17.00,5.59,0.00,5.59,5.67,0.00,5.67,AStar
1719,5.40,AllyPrefab,Ally,AllyIdleState,Idling,AgentPrefab,5.59,0.00,5.59,9.00,0.00,17.00,9.00,0.00,17.00,N/A
1719,5.40,AgentPrefab,Agent,MoveState,Moving,AllyPrefab,9.00,0.00,17.00,5.59,0.00,5.59,5.67,0.00,5.67,AStar
1720,5.40,AllyPrefab,Ally,AllyIdleState,Idling,AgentPrefab,5.59,0.00,5.59,9.00,0.00,17.00,9.00,0.00,17.00,N/A
1720,5.40,AgentPrefab,Agent,MoveState,Moving,AllyPrefab,9.00,0.00,17.00,5.59,0.00,5.59,5.67,0.00,5.67,AStar
1721,5.41,AllyPrefab,Ally,AllyIdleState,Idling,AgentPrefab,5.59,0.00,5.59,9.00,0.00,17.00,9.00,0.00,17.00,N/A
1721,5.41,AgentPrefab,Agent,MoveState,Moving,AllyPrefab,9.00,0.00,17.00,5.59,0.00,5.59,5.67,0.00,5.67,AStar
1722,5.41,AllyPrefab,Ally,AllyIdleState,Idling,AgentPrefab,5.59,0.00,5.59,9.00,0.00,17.00,9.00,0.00,17.00,N/A
1722,5.41,AgentPrefab,Agent,MoveState,Moving,AllyPrefab,9.00,0.00,17.00,5.59,0.00,5.59,5.67,0.00,5.67,AStar
1723,5.41,AllyPrefab,Ally,AllyIdleState,Idling,AgentPrefab,5.59,0.00,5.59,9.00,0.00,17.00,9.00,0.00,17.00,N/A
1723,5.41,AgentPrefab,Agent,MoveState,Moving,AllyPrefab,9.00,0.00,17.00,5.59,0.00,5.59,5.67,0.00,5.67,AStar
1724,5.41,AllyPrefab,Ally,AllyIdleState,Idling,AgentPrefab,5.59,0.00,5.59,9.00,0.00,17.00,9.00,0.00,17.00,N/A
1724,5.41,AgentPrefab,Agent,MoveState,Moving,AllyPrefab,9.00,0.00,17.00,5.59,0.00,5.59,5.67,0.00,5.67,AStar
1725,5.42,AllyPrefab,Ally,AllyIdleState,Idling,AgentPrefab,5.59,0.00,5.59,9.00,0.00,17.00,9.00,0.00,17.00,N/A
1725,5.42,AgentPrefab,Agent,MoveState,Moving,AllyPrefab,9.00,0.00,17.00,5.59,0.00,5.59,5.67,0.00,5.67,AStar
1726,5.42,AllyPrefab,Ally,AllyIdleState,Idling,AgentPrefab,5.59,0.00,5.59,9.00,0.00,17.00,9.00,0.00,17.00,N/A
1726,5.42,AgentPrefab,Agent,MoveState,Moving,AllyPrefab,9.00,0.00,17.00,5.59,0.00,5.59,5.67,0.00,5.67,AStar
1727,5.43,AllyPrefab,Ally,AllyIdleState,Idling,AgentPrefab,5.59,0.00,5.59,9.00,0.00,17.00,9.00,0.00,17.00,N/A
1727,5.43,AgentPrefab,Agent,MoveState,Moving,AllyPrefab,9.00,0.00,17.00,5.59,0.00,5.59,5.67,0.00,5.67,AStar
1728,5.43,AllyPrefab,Ally,AllyIdleState,Idling,AgentPrefab,5.59,0.00,5.59,9.00,0.00,17.00,9.00,0.00,17.00,N/A
1728,5.43,AgentPrefab,Agent,MoveState,Moving,AllyPrefab,9.00,0.00,17.00,5.59,0.00,5.59,5.67,0.00,5.67,AStar
1729,5.43,AllyPrefab,Ally,AllyIdleState,Idling,AgentPrefab,5.59,0.00,5.59,9.00,0.00,17.00,9.00,0.00,17.00,N/A
1729,5.43,AgentPrefab,Agent,MoveState,Moving,AllyPrefab,9.00,0.00,17.00,5.59,0.00,5.59,5.67,0.00,5.67,AStar
1730,5.44,AllyPrefab,Ally,AllyIdleState,Idling,AgentPrefab,5.59,0.00,5.59,9.00,0.00,17.00,9.00,0.00,17.00,N/A
1730,5.44,AgentPrefab,Agent,MoveState,Moving,AllyPrefab,9.00,0.00,17.00,5.59,0.00,5.59,5.67,0.00,5.67,AStar
1731,5.44,AllyPrefab,Ally,AllyIdleState,Idling,AgentPrefab,5.59,0.00,5.59,9.00,0.00,17.00,9.00,0.00,17.00,N/A
1731,5.44,AgentPrefab,Agent,MoveState,Moving,AllyPrefab,9.00,0.00,17.00,5.59,0.00,5.59,5.67,0.00,5.67,AStar
1732,5.44,AllyPrefab,Ally,AllyIdleState,Idling,AgentPrefab,5.59,0.00,5.59,9.00,0.00,17.00,9.00,0.00,17.00,N/A
1732,5.44,AgentPrefab,Agent,MoveState,Moving,AllyPrefab,9.00,0.00,17.00,5.59,0.00,5.59,5.67,0.00,5.67,AStar
1733,5.44,AllyPrefab,Ally,AllyIdleState,Idling,AgentPrefab,5.59,0.00,5.59,9.00,0.00,17.00,9.00,0.00,17.00,N/A
1733,5.44,AgentPrefab,Agent,MoveState,Moving,AllyPrefab,9.00,0.00,17.00,5.59,0.00,5.59,5.67,0.00,5.67,AStar
1734,5.45,AllyPrefab,Ally,AllyIdleState,Idling,AgentPrefab,5.59,0.00,5.59,9.00,0.00,17.00,9.00,0.00,17.00,N/A
1734,5.45,AgentPrefab,Agent,MoveState,Moving,AllyPrefab,9.00,0.00,17.00,5.59,0.00,5.59,5.67,0.00,5.67,AStar
1735,5.45,AllyPrefab,Ally,AllyIdleState,Idling,AgentPrefab,5.59,0.00,5.59,9.00,0.00,17.00,9.00,0.00,17.00,N/A
1735,5.45,AgentPrefab,Agent,MoveState,Moving,AllyPrefab,9.00,0.00,17.00,5.59,0.00,5.59,5.67,0.00,5.67,AStar
1736,5.45,AllyPrefab,Ally,AllyIdleState,Idling,AgentPrefab,5.59,0.00,5.59,9.00,0.00,17.00,9.00,0.00,17.00,N/A
1736,5.45,AgentPrefab,Agent,MoveState,Moving,AllyPrefab,9.00,0.00,17.00,5.59,0.00,5.59,5.67,0.00,5.67,AStar
1737,5.46,AllyPrefab,Ally,AllyIdleState,Idling,AgentPrefab,5.59,0.00,5.59,9.00,0.00,17.00,9.00,0.00,17.00,N/A
1737,5.46,AgentPrefab,Agent,MoveState,Moving,AllyPrefab,9.00,0.00,17.00,5.59,0.00,5.59,5.67,0.00,5.67,AStar
1738,5.46,AllyPrefab,Ally,AllyIdleState,Idling,AgentPrefab,5.59,0.00,5.59,9.00,0.00,17.00,9.00,0.00,17.00,N/A
1738,5.46,AgentPrefab,Agent,MoveState,Moving,AllyPrefab,9.00,0.00,17.00,5.59,0.00,5.59,5.67,0.00,5.67,AStar
1739,5.46,AllyPrefab,Ally,AllyIdleState,Idling,AgentPrefab,5.59,0.00,5.59,9.00,0.00,17.00,9.00,0.00,17.00,N/A
1739,5.46,AgentPrefab,Agent,MoveState,Moving,AllyPrefab,9.00,0.00,17.00,5.59,0.00,5.59,5.67,0.00,5.67,AStar
1740,5.47,AllyPrefab,Ally,AllyIdleState,Idling,AgentPrefab,5.59,0.00,5.59,9.00,0.00,17.00,9.00,0.00,17.00,N/A
1740,5.47,AgentPrefab,Agent,MoveState,Moving,AllyPrefab,9.00,0.00,17.00,5.59,0.00,5.59,5.67,0.00,5.67,AStar
1741,5.47,AllyPrefab,Ally,AllyIdleState,Idling,AgentPrefab,5.59,0.00,5.59,9.00,0.00,17.00,9.00,0.00,17.00,N/A
1741,5.47,AgentPrefab,Agent,MoveState,Moving,AllyPrefab,9.00,0.00,17.00,5.59,0.00,5.59,5.67,0.00,5.67,AStar
1742,5.47,AllyPrefab,Ally,AllyIdleState,Idling,AgentPrefab,5.59,0.00,5.59,9.00,0.00,17.00,9.00,0.00,17.00,N/A
1742,5.47,AgentPrefab,Agent,MoveState,Moving,AllyPrefab,9.00,0.00,17.00,5.59,0.00,5.59,5.67,0.00,5.67,AStar
1743,5.47,AllyPrefab,Ally,AllyIdleState,Idling,AgentPrefab,5.59,0.00,5.59,9.00,0.00,17.00,9.00,0.00,17.00,N/A
1743,5.47,AgentPrefab,Agent,MoveState,Moving,AllyPrefab,9.00,0.00,17.00,5.59,0.00,5.59,5.67,0.00,5.67,AStar
1744,5.48,AllyPrefab,Ally,AllyIdleState,Idling,AgentPrefab,5.59,0.00,5.59,9.00,0.00,17.00,9.00,0.00,17.00,N/A
1744,5.48,AgentPrefab,Agent,MoveState,Moving,AllyPrefab,9.00,0.00,17.00,5.59,0.00,5.59,5.67,0.00,5.67,AStar
1745,5.48,AllyPrefab,Ally,AllyIdleState,Idling,AgentPrefab,5.59,0.00,5.59,9.00,0.00,17.00,9.00,0.00,17.00,N/A
1745,5.48,AgentPrefab,Agent,MoveState,Moving,AllyPrefab,9.00,0.00,17.00,5.59,0.00,5.59,5.67,0.00,5.67,AStar
1746,5.48,AllyPrefab,Ally,AllyIdleState,Idling,AgentPrefab,5.59,0.00,5.59,9.00,0.00,17.00,9.00,0.00,17.00,N/A
1746,5.48,AgentPrefab,Agent,MoveState,Moving,AllyPrefab,9.00,0.00,17.00,5.59,0.00,5.59,5.67,0.00,5.67,AStar
1747,5.49,AllyPrefab,Ally,AllyIdleState,Idling,AgentPrefab,5.59,0.00,5.59,9.00,0.00,17.00,9.00,0.00,17.00,N/A
1747,5.49,AgentPrefab,Agent,MoveState,Moving,AllyPrefab,9.00,0.00,17.00,5.59,0.00,5.59,5.67,0.00,5.67,AStar
1748,5.49,AllyPrefab,Ally,AllyIdleState,Idling,AgentPrefab,5.59,0.00,5.59,9.00,0.00,17.00,9.00,0.00,17.00,N/A
1748,5.49,AgentPrefab,Agent,MoveState,Moving,AllyPrefab,9.00,0.00,17.00,5.59,0.00,5.59,5.67,0.00,5.67,AStar
1749,5.49,AllyPrefab,Ally,AllyIdleState,Idling,AgentPrefab,5.59,0.00,5.59,9.00,0.00,17.00,9.00,0.00,17.00,N/A
1749,5.49,AgentPrefab,Agent,MoveState,Moving,AllyPrefab,9.00,0.00,17.00,5.59,0.00,5.59,5.67,0.00,5.67,AStar
1750,5.49,AllyPrefab,Ally,AllyIdleState,Idling,AgentPrefab,5.59,0.00,5.59,9.00,0.00,17.00,9.00,0.00,17.00,N/A
1750,5.49,AgentPrefab,Agent,MoveState,Moving,AllyPrefab,9.00,0.00,17.00,5.59,0.00,5.59,5.67,0.00,5.67,AStar
1751,5.50,AllyPrefab,Ally,AllyIdleState,Idling,AgentPrefab,5.59,0.00,5.59,9.00,0.00,17.00,9.00,0.00,17.00,N/A
1751,5.50,AgentPrefab,Agent,MoveState,Moving,AllyPrefab,9.00,0.00,17.00,5.59,0.00,5.59,5.67,0.00,5.67,AStar
1752,5.50,AllyPrefab,Ally,AllyIdleState,Idling,AgentPrefab,5.59,0.00,5.59,9.00,0.00,17.00,9.00,0.00,17.00,N/A
1752,5.50,AgentPrefab,Agent,MoveState,Moving,AllyPrefab,9.00,0.00,17.00,5.59,0.00,5.59,5.67,0.00,5.67,AStar
1753,5.50,AllyPrefab,Ally,AllyIdleState,Idling,AgentPrefab,5.59,0.00,5.59,9.00,0.00,17.00,9.00,0.00,17.00,N/A
1753,5.50,AgentPrefab,Agent,MoveState,Moving,AllyPrefab,9.00,0.00,17.00,5.59,0.00,5.59,5.67,0.00,5.67,AStar
1754,5.51,AllyPrefab,Ally,AllyIdleState,Idling,AgentPrefab,5.59,0.00,5.59,9.00,0.00,17.00,9.00,0.00,17.00,N/A
1754,5.51,AgentPrefab,Agent,MoveState,Moving,AllyPrefab,9.00,0.00,17.00,5.59,0.00,5.59,5.67,0.00,5.67,AStar
1755,5.51,AllyPrefab,Ally,AllyIdleState,Idling,AgentPrefab,5.59,0.00,5.59,9.00,0.00,17.00,9.00,0.00,17.00,N/A
1755,5.51,AgentPrefab,Agent,MoveState,Moving,AllyPrefab,9.00,0.00,17.00,5.59,0.00,5.59,5.67,0.00,5.67,AStar
1756,5.51,AllyPrefab,Ally,AllyIdleState,Idling,AgentPrefab,5.59,0.00,5.59,9.00,0.00,17.00,9.00,0.00,17.00,N/A
1756,5.51,AgentPrefab,Agent,MoveState,Moving,AllyPrefab,9.00,0.00,17.00,5.59,0.00,5.59,5.67,0.00,5.67,AStar
1757,5.52,AllyPrefab,Ally,AllyIdleState,Idling,AgentPrefab,5.59,0.00,5.59,9.00,0.00,17.00,9.00,0.00,17.00,N/A
1757,5.52,AgentPrefab,Agent,MoveState,Moving,AllyPrefab,9.00,0.00,17.00,5.59,0.00,5.59,5.67,0.00,5.67,AStar
1758,5.52,AllyPrefab,Ally,AllyIdleState,Idling,AgentPrefab,5.59,0.00,5.59,9.00,0.00,17.00,9.00,0.00,17.00,N/A
1758,5.52,AgentPrefab,Agent,MoveState,Moving,AllyPrefab,9.00,0.00,17.00,5.59,0.00,5.59,5.67,0.00,5.67,AStar
1759,5.52,AllyPrefab,Ally,AllyIdleState,Idling,AgentPrefab,5.59,0.00,5.59,9.00,0.00,17.00,9.00,0.00,17.00,N/A
1759,5.52,AgentPrefab,Agent,MoveState,Moving,AllyPrefab,9.00,0.00,17.00,5.59,0.00,5.59,5.67,0.00,5.67,AStar
1760,5.52,AllyPrefab,Ally,AllyIdleState,Idling,AgentPrefab,5.59,0.00,5.59,9.00,0.00,17.00,9.00,0.00,17.00,N/A
1760,5.52,AgentPrefab,Agent,MoveState,Moving,AllyPrefab,9.00,0.00,17.00,5.59,0.00,5.59,5.67,0.00,5.67,AStar
1761,5.53,AllyPrefab,Ally,AllyIdleState,Idling,AgentPrefab,5.59,0.00,5.59,9.00,0.00,17.00,9.00,0.00,17.00,N/A
1761,5.53,AgentPrefab,Agent,MoveState,Moving,AllyPrefab,9.00,0.00,17.00,5.59,0.00,5.59,5.67,0.00,5.67,AStar
1762,5.53,AllyPrefab,Ally,AllyIdleState,Idling,AgentPrefab,5.59,0.00,5.59,9.00,0.00,17.00,9.00,0.00,17.00,N/A
1762,5.53,AgentPrefab,Agent,MoveState,Moving,AllyPrefab,9.00,0.00,17.00,5.59,0.00,5.59,5.67,0.00,5.67,AStar
1763,5.54,AllyPrefab,Ally,AllyIdleState,Idling,AgentPrefab,5.59,0.00,5.59,9.00,0.00,17.00,9.00,0.00,17.00,N/A
1763,5.54,AgentPrefab,Agent,MoveState,Moving,AllyPrefab,9.00,0.00,17.00,5.59,0.00,5.59,5.67,0.00,5.67,AStar
1764,5.55,AllyPrefab,Ally,AllyIdleState,Idling,AgentPrefab,5.59,0.00,5.59,9.00,0.00,17.00,9.00,0.00,17.00,N/A
1764,5.55,AgentPrefab,Agent,MoveState,Moving,AllyPrefab,9.00,0.00,17.00,5.59,0.00,5.59,5.67,0.00,5.67,AStar
1765,5.55,AllyPrefab,Ally,AllyIdleState,Idling,AgentPrefab,5.59,0.00,5.59,9.00,0.00,17.00,9.00,0.00,17.00,N/A
1765,5.55,AgentPrefab,Agent,MoveState,Moving,AllyPrefab,9.00,0.00,17.00,5.59,0.00,5.59,5.67,0.00,5.67,AStar
1766,5.56,AllyPrefab,Ally,AllyIdleState,Idling,AgentPrefab,5.59,0.00,5.59,9.00,0.00,17.00,9.00,0.00,17.00,N/A
1766,5.56,AgentPrefab,Agent,MoveState,Moving,AllyPrefab,9.00,0.00,17.00,5.59,0.00,5.59,5.67,0.00,5.67,AStar
1767,5.57,AllyPrefab,Ally,AllyIdleState,Idling,AgentPrefab,5.59,0.00,5.59,9.00,0.00,17.00,9.00,0.00,17.00,N/A
1767,5.57,AgentPrefab,Agent,MoveState,Moving,AllyPrefab,9.00,0.00,17.00,5.59,0.00,5.59,5.67,0.00,5.67,AStar
1768,5.57,AllyPrefab,Ally,AllyIdleState,Idling,AgentPrefab,5.59,0.00,5.59,9.00,0.00,17.00,9.00,0.00,17.00,N/A
1768,5.57,AgentPrefab,Agent,MoveState,Moving,AllyPrefab,9.00,0.00,17.00,5.59,0.00,5.59,5.67,0.00,5.67,AStar
1769,5.59,AllyPrefab,Ally,AllyIdleState,Idling,AgentPrefab,5.59,0.00,5.59,9.00,0.00,17.00,9.00,0.00,17.00,N/A
1769,5.59,AgentPrefab,Agent,MoveState,Moving,AllyPrefab,9.00,0.00,17.00,5.59,0.00,5.59,5.67,0.00,5.67,AStar
1770,5.59,AllyPrefab,Ally,AllyIdleState,Idling,AgentPrefab,5.59,0.00,5.59,9.00,0.00,17.00,9.00,0.00,17.00,N/A
1770,5.59,AgentPrefab,Agent,MoveState,Moving,AllyPrefab,9.00,0.00,17.00,5.59,0.00,5.59,5.67,0.00,5.67,AStar
1771,5.60,AllyPrefab,Ally,AllyIdleState,Idling,AgentPrefab,5.59,0.00,5.59,9.00,0.00,17.00,9.00,0.00,17.00,N/A
1771,5.60,AgentPrefab,Agent,MoveState,Moving,AllyPrefab,9.00,0.00,17.00,5.59,0.00,5.59,5.67,0.00,5.67,AStar
1772,5.60,AllyPrefab,Ally,AllyIdleState,Idling,AgentPrefab,5.59,0.00,5.59,9.00,0.00,17.00,9.00,0.00,17.00,N/A
1772,5.60,AgentPrefab,Agent,MoveState,Moving,AllyPrefab,9.00,0.00,17.00,5.59,0.00,5.59,5.67,0.00,5.67,AStar
1773,5.60,AllyPrefab,Ally,AllyIdleState,Idling,AgentPrefab,5.59,0.00,5.59,9.00,0.00,17.00,9.00,0.00,17.00,N/A
1773,5.60,AgentPrefab,Agent,MoveState,Moving,AllyPrefab,9.00,0.00,17.00,5.59,0.00,5.59,5.67,0.00,5.67,AStar
1774,5.61,AllyPrefab,Ally,AllyIdleState,Idling,AgentPrefab,5.59,0.00,5.59,9.00,0.00,17.00,9.00,0.00,17.00,N/A
1774,5.61,AgentPrefab,Agent,MoveState,Moving,AllyPrefab,9.00,0.00,17.00,5.59,0.00,5.59,5.67,0.00,5.67,AStar
1775,5.61,AllyPrefab,Ally,AllyIdleState,Idling,AgentPrefab,5.59,0.00,5.59,9.00,0.00,17.00,9.00,0.00,17.00,N/A
1775,5.61,AgentPrefab,Agent,MoveState,Moving,AllyPrefab,9.00,0.00,17.00,5.59,0.00,5.59,5.67,0.00,5.67,AStar
1776,5.61,AllyPrefab,Ally,AllyIdleState,Idling,AgentPrefab,5.59,0.00,5.59,9.00,0.00,17.00,9.00,0.00,17.00,N/A
1776,5.61,AgentPrefab,Agent,MoveState,Moving,AllyPrefab,9.00,0.00,17.00,5.59,0.00,5.59,5.67,0.00,5.67,AStar
1777,5.61,AllyPrefab,Ally,AllyIdleState,Idling,AgentPrefab,5.59,0.00,5.59,9.00,0.00,17.00,9.00,0.00,17.00,N/A
1777,5.61,AgentPrefab,Agent,MoveState,Moving,AllyPrefab,9.00,0.00,17.00,5.59,0.00,5.59,5.67,0.00,5.67,AStar
1778,5.62,AllyPrefab,Ally,AllyIdleState,Idling,AgentPrefab,5.59,0.00,5.59,9.00,0.00,17.00,9.00,0.00,17.00,N/A
1778,5.62,AgentPrefab,Agent,MoveState,Moving,AllyPrefab,9.00,0.00,17.00,5.59,0.00,5.59,5.67,0.00,5.67,AStar
1779,5.62,AllyPrefab,Ally,AllyIdleState,Idling,AgentPrefab,5.59,0.00,5.59,9.00,0.00,17.00,9.00,0.00,17.00,N/A
1779,5.62,AgentPrefab,Agent,MoveState,Moving,AllyPrefab,9.00,0.00,17.00,5.59,0.00,5.59,5.67,0.00,5.67,AStar
1780,5.62,AllyPrefab,Ally,AllyIdleState,Idling,AgentPrefab,5.59,0.00,5.59,9.00,0.00,17.00,9.00,0.00,17.00,N/A
1780,5.62,AgentPrefab,Agent,MoveState,Moving,AllyPrefab,9.00,0.00,17.00,5.59,0.00,5.59,5.67,0.00,5.67,AStar
1781,5.63,AllyPrefab,Ally,AllyIdleState,Idling,AgentPrefab,5.59,0.00,5.59,9.00,0.00,17.00,9.00,0.00,17.00,N/A
1781,5.63,AgentPrefab,Agent,MoveState,Moving,AllyPrefab,9.00,0.00,17.00,5.59,0.00,5.59,5.67,0.00,5.67,AStar
1782,5.63,AllyPrefab,Ally,AllyIdleState,Idling,AgentPrefab,5.59,0.00,5.59,9.00,0.00,17.00,9.00,0.00,17.00,N/A
1782,5.63,AgentPrefab,Agent,MoveState,Moving,AllyPrefab,9.00,0.00,17.00,5.59,0.00,5.59,5.67,0.00,5.67,AStar
1783,5.63,AllyPrefab,Ally,AllyIdleState,Idling,AgentPrefab,5.59,0.00,5.59,9.00,0.00,17.00,9.00,0.00,17.00,N/A
1783,5.63,AgentPrefab,Agent,MoveState,Moving,AllyPrefab,9.00,0.00,17.00,5.59,0.00,5.59,5.67,0.00,5.67,AStar
1784,5.64,AllyPrefab,Ally,AllyIdleState,Idling,AgentPrefab,5.59,0.00,5.59,9.00,0.00,17.00,9.00,0.00,17.00,N/A
1784,5.64,AgentPrefab,Agent,MoveState,Moving,AllyPrefab,9.00,0.00,17.00,5.59,0.00,5.59,5.67,0.00,5.67,AStar
1785,5.64,AllyPrefab,Ally,AllyIdleState,Idling,AgentPrefab,5.59,0.00,5.59,9.00,0.00,17.00,9.00,0.00,17.00,N/A
1785,5.64,AgentPrefab,Agent,MoveState,Moving,AllyPrefab,9.00,0.00,17.00,5.59,0.00,5.59,5.67,0.00,5.67,AStar
1786,5.64,AllyPrefab,Ally,AllyIdleState,Idling,AgentPrefab,5.59,0.00,5.59,9.00,0.00,17.00,9.00,0.00,17.00,N/A
1786,5.64,AgentPrefab,Agent,MoveState,Moving,AllyPrefab,9.00,0.00,17.00,5.59,0.00,5.59,5.67,0.00,5.67,AStar
1787,5.65,AllyPrefab,Ally,AllyIdleState,Idling,AgentPrefab,5.59,0.00,5.59,9.00,0.00,17.00,9.00,0.00,17.00,N/A
1787,5.65,AgentPrefab,Agent,MoveState,Moving,AllyPrefab,9.00,0.00,17.00,5.59,0.00,5.59,5.67,0.00,5.67,AStar
1788,5.65,AllyPrefab,Ally,AllyIdleState,Idling,AgentPrefab,5.59,0.00,5.59,9.00,0.00,17.00,9.00,0.00,17.00,N/A
1788,5.65,AgentPrefab,Agent,MoveState,Moving,AllyPrefab,9.00,0.00,17.00,5.59,0.00,5.59,5.67,0.00,5.67,AStar
1789,5.65,AllyPrefab,Ally,AllyIdleState,Idling,AgentPrefab,5.59,0.00,5.59,9.00,0.00,17.00,9.00,0.00,17.00,N/A
1789,5.65,AgentPrefab,Agent,MoveState,Moving,AllyPrefab,9.00,0.00,17.00,5.59,0.00,5.59,5.67,0.00,5.67,AStar
1790,5.66,AllyPrefab,Ally,AllyIdleState,Idling,AgentPrefab,5.59,0.00,5.59,9.00,0.00,17.00,9.00,0.00,17.00,N/A
1790,5.66,AgentPrefab,Agent,MoveState,Moving,AllyPrefab,9.00,0.00,17.00,5.59,0.00,5.59,5.67,0.00,5.67,AStar
1791,5.66,AllyPrefab,Ally,AllyIdleState,Idling,AgentPrefab,5.59,0.00,5.59,9.00,0.00,17.00,9.00,0.00,17.00,N/A
1791,5.66,AgentPrefab,Agent,MoveState,Moving,AllyPrefab,9.00,0.00,17.00,5.59,0.00,5.59,5.67,0.00,5.67,AStar
1792,5.66,AllyPrefab,Ally,AllyIdleState,Idling,AgentPrefab,5.59,0.00,5.59,9.00,0.00,17.00,9.00,0.00,17.00,N/A
1792,5.66,AgentPrefab,Agent,MoveState,Moving,AllyPrefab,9.00,0.00,17.00,5.59,0.00,5.59,5.67,0.00,5.67,AStar
1793,5.66,AllyPrefab,Ally,AllyIdleState,Idling,AgentPrefab,5.59,0.00,5.59,9.00,0.00,17.00,9.00,0.00,17.00,N/A
1793,5.66,AgentPrefab,Agent,MoveState,Moving,AllyPrefab,9.00,0.00,17.00,5.59,0.00,5.59,5.67,0.00,5.67,AStar
1794,5.67,AllyPrefab,Ally,AllyIdleState,Idling,AgentPrefab,5.59,0.00,5.59,9.00,0.00,17.00,9.00,0.00,17.00,N/A
1794,5.67,AgentPrefab,Agent,MoveState,Moving,AllyPrefab,9.00,0.00,17.00,5.59,0.00,5.59,5.67,0.00,5.67,AStar
1795,5.67,AllyPrefab,Ally,AllyIdleState,Idling,AgentPrefab,5.59,0.00,5.59,9.00,0.00,17.00,9.00,0.00,17.00,N/A
1795,5.67,AgentPrefab,Agent,MoveState,Moving,AllyPrefab,9.00,0.00,17.00,5.59,0.00,5.59,5.67,0.00,5.67,AStar
1796,5.67,AllyPrefab,Ally,AllyIdleState,Idling,AgentPrefab,5.59,0.00,5.59,9.00,0.00,17.00,9.00,0.00,17.00,N/A
1796,5.67,AgentPrefab,Agent,MoveState,Moving,AllyPrefab,9.00,0.00,17.00,5.59,0.00,5.59,5.67,0.00,5.67,AStar
1797,5.68,AllyPrefab,Ally,AllyIdleState,Idling,AgentPrefab,5.59,0.00,5.59,9.00,0.00,17.00,9.00,0.00,17.00,N/A
1797,5.68,AgentPrefab,Agent,MoveState,Moving,AllyPrefab,9.00,0.00,17.00,5.59,0.00,5.59,5.67,0.00,5.67,AStar
1798,5.68,AllyPrefab,Ally,AllyIdleState,Idling,AgentPrefab,5.59,0.00,5.59,9.00,0.00,17.00,9.00,0.00,17.00,N/A
1798,5.68,AgentPrefab,Agent,MoveState,Moving,AllyPrefab,9.00,0.00,17.00,5.59,0.00,5.59,5.67,0.00,5.67,AStar
1799,5.68,AllyPrefab,Ally,AllyIdleState,Idling,AgentPrefab,5.59,0.00,5.59,9.00,0.00,17.00,9.00,0.00,17.00,N/A
1799,5.68,AgentPrefab,Agent,MoveState,Moving,AllyPrefab,9.00,0.00,17.00,5.59,0.00,5.59,5.67,0.00,5.67,AStar
1800,5.68,AllyPrefab,Ally,AllyIdleState,Idling,AgentPrefab,5.59,0.00,5.59,9.00,0.00,17.00,9.00,0.00,17.00,N/A
1800,5.68,AgentPrefab,Agent,MoveState,Moving,AllyPrefab,9.00,0.00,17.00,5.59,0.00,5.59,5.67,0.00,5.67,AStar
1801,5.69,AllyPrefab,Ally,AllyIdleState,Idling,AgentPrefab,5.59,0.00,5.59,9.00,0.00,17.00,9.00,0.00,17.00,N/A
1801,5.69,AgentPrefab,Agent,MoveState,Moving,AllyPrefab,9.00,0.00,17.00,5.59,0.00,5.59,5.67,0.00,5.67,AStar
1802,5.69,AllyPrefab,Ally,AllyIdleState,Idling,AgentPrefab,5.59,0.00,5.59,9.00,0.00,17.00,9.00,0.00,17.00,N/A
1802,5.69,AgentPrefab,Agent,MoveState,Moving,AllyPrefab,9.00,0.00,17.00,5.59,0.00,5.59,5.67,0.00,5.67,AStar
1803,5.69,AllyPrefab,Ally,AllyIdleState,Idling,AgentPrefab,5.59,0.00,5.59,9.00,0.00,17.00,9.00,0.00,17.00,N/A
1803,5.69,AgentPrefab,Agent,MoveState,Moving,AllyPrefab,9.00,0.00,17.00,5.59,0.00,5.59,5.67,0.00,5.67,AStar
1804,5.70,AllyPrefab,Ally,AllyIdleState,Idling,AgentPrefab,5.59,0.00,5.59,9.00,0.00,17.00,9.00,0.00,17.00,N/A
1804,5.70,AgentPrefab,Agent,MoveState,Moving,AllyPrefab,9.00,0.00,17.00,5.59,0.00,5.59,5.67,0.00,5.67,AStar
1805,5.70,AllyPrefab,Ally,AllyIdleState,Idling,AgentPrefab,5.59,0.00,5.59,9.00,0.00,17.00,9.00,0.00,17.00,N/A
1805,5.70,AgentPrefab,Agent,MoveState,Moving,AllyPrefab,9.00,0.00,17.00,5.59,0.00,5.59,5.67,0.00,5.67,AStar
1806,5.70,AllyPrefab,Ally,AllyIdleState,Idling,AgentPrefab,5.59,0.00,5.59,9.00,0.00,17.00,9.00,0.00,17.00,N/A
1806,5.70,AgentPrefab,Agent,MoveState,Moving,AllyPrefab,9.00,0.00,17.00,5.59,0.00,5.59,5.67,0.00,5.67,AStar
1807,5.71,AllyPrefab,Ally,AllyIdleState,Idling,AgentPrefab,5.59,0.00,5.59,9.00,0.00,17.00,9.00,0.00,17.00,N/A
1807,5.71,AgentPrefab,Agent,MoveState,Moving,AllyPrefab,9.00,0.00,17.00,5.59,0.00,5.59,5.67,0.00,5.67,AStar
1808,5.71,AllyPrefab,Ally,AllyIdleState,Idling,AgentPrefab,5.59,0.00,5.59,9.00,0.00,17.00,9.00,0.00,17.00,N/A
1808,5.71,AgentPrefab,Agent,MoveState,Moving,AllyPrefab,9.00,0.00,17.00,5.59,0.00,5.59,5.67,0.00,5.67,AStar
1809,5.71,AllyPrefab,Ally,AllyIdleState,Idling,AgentPrefab,5.59,0.00,5.59,9.00,0.00,17.00,9.00,0.00,17.00,N/A
1809,5.71,AgentPrefab,Agent,MoveState,Moving,AllyPrefab,9.00,0.00,17.00,5.59,0.00,5.59,5.67,0.00,5.67,AStar
1810,5.71,AllyPrefab,Ally,AllyIdleState,Idling,AgentPrefab,5.59,0.00,5.59,9.00,0.00,17.00,9.00,0.00,17.00,N/A
1810,5.71,AgentPrefab,Agent,MoveState,Moving,AllyPrefab,9.00,0.00,17.00,5.59,0.00,5.59,5.67,0.00,5.67,AStar
1811,5.72,AllyPrefab,Ally,AllyIdleState,Idling,AgentPrefab,5.59,0.00,5.59,9.00,0.00,17.00,9.00,0.00,17.00,N/A
1811,5.72,AgentPrefab,Agent,MoveState,Moving,AllyPrefab,9.00,0.00,17.00,5.59,0.00,5.59,5.67,0.00,5.67,AStar
1812,5.72,AllyPrefab,Ally,AllyIdleState,Idling,AgentPrefab,5.59,0.00,5.59,9.00,0.00,17.00,9.00,0.00,17.00,N/A
1812,5.72,AgentPrefab,Agent,MoveState,Moving,AllyPrefab,9.00,0.00,17.00,5.59,0.00,5.59,5.67,0.00,5.67,AStar
1813,5.72,AllyPrefab,Ally,AllyIdleState,Idling,AgentPrefab,5.59,0.00,5.59,9.00,0.00,17.00,9.00,0.00,17.00,N/A
1813,5.72,AgentPrefab,Agent,MoveState,Moving,AllyPrefab,9.00,0.00,17.00,5.59,0.00,5.59,5.67,0.00,5.67,AStar
1814,5.73,AllyPrefab,Ally,AllyIdleState,Idling,AgentPrefab,5.59,0.00,5.59,9.00,0.00,17.00,9.00,0.00,17.00,N/A
1814,5.73,AgentPrefab,Agent,MoveState,Moving,AllyPrefab,9.00,0.00,17.00,5.59,0.00,5.59,5.67,0.00,5.67,AStar
1815,5.73,AllyPrefab,Ally,AllyIdleState,Idling,AgentPrefab,5.59,0.00,5.59,9.00,0.00,17.00,9.00,0.00,17.00,N/A
1815,5.73,AgentPrefab,Agent,MoveState,Moving,AllyPrefab,9.00,0.00,17.00,5.59,0.00,5.59,5.67,0.00,5.67,AStar
1816,5.73,AllyPrefab,Ally,AllyIdleState,Idling,AgentPrefab,5.59,0.00,5.59,9.00,0.00,17.00,9.00,0.00,17.00,N/A
1816,5.73,AgentPrefab,Agent,MoveState,Moving,AllyPrefab,9.00,0.00,17.00,5.59,0.00,5.59,5.67,0.00,5.67,AStar
1817,5.74,AllyPrefab,Ally,AllyIdleState,Idling,AgentPrefab,5.59,0.00,5.59,9.00,0.00,17.00,9.00,0.00,17.00,N/A
1817,5.74,AgentPrefab,Agent,MoveState,Moving,AllyPrefab,9.00,0.00,17.00,5.59,0.00,5.59,5.67,0.00,5.67,AStar
1818,5.74,AllyPrefab,Ally,AllyIdleState,Idling,AgentPrefab,5.59,0.00,5.59,9.00,0.00,17.00,9.00,0.00,17.00,N/A
1818,5.74,AgentPrefab,Agent,MoveState,Moving,AllyPrefab,9.00,0.00,17.00,5.59,0.00,5.59,5.67,0.00,5.67,AStar
1819,5.74,AllyPrefab,Ally,AllyIdleState,Idling,AgentPrefab,5.59,0.00,5.59,9.00,0.00,17.00,9.00,0.00,17.00,N/A
1819,5.74,AgentPrefab,Agent,MoveState,Moving,AllyPrefab,9.00,0.00,17.00,5.59,0.00,5.59,5.67,0.00,5.67,AStar
1820,5.75,AllyPrefab,Ally,AllyIdleState,Idling,AgentPrefab,5.59,0.00,5.59,9.00,0.00,17.00,9.00,0.00,17.00,N/A
1820,5.75,AgentPrefab,Agent,MoveState,Moving,AllyPrefab,9.00,0.00,17.00,5.59,0.00,5.59,5.67,0.00,5.67,AStar
1821,5.75,AllyPrefab,Ally,AllyIdleState,Idling,AgentPrefab,5.59,0.00,5.59,9.00,0.00,17.00,9.00,0.00,17.00,N/A
1821,5.75,AgentPrefab,Agent,MoveState,Moving,AllyPrefab,9.00,0.00,17.00,5.59,0.00,5.59,5.67,0.00,5.67,AStar
1822,5.75,AllyPrefab,Ally,AllyIdleState,Idling,AgentPrefab,5.59,0.00,5.59,9.00,0.00,17.00,9.00,0.00,17.00,N/A
1822,5.75,AgentPrefab,Agent,MoveState,Moving,AllyPrefab,9.00,0.00,17.00,5.59,0.00,5.59,5.67,0.00,5.67,AStar
1823,5.76,AllyPrefab,Ally,AllyIdleState,Idling,AgentPrefab,5.59,0.00,5.59,9.00,0.00,17.00,9.00,0.00,17.00,N/A
1823,5.76,AgentPrefab,Agent,MoveState,Moving,AllyPrefab,9.00,0.00,17.00,5.59,0.00,5.59,5.67,0.00,5.67,AStar
1824,5.76,AllyPrefab,Ally,AllyIdleState,Idling,AgentPrefab,5.59,0.00,5.59,9.00,0.00,17.00,9.00,0.00,17.00,N/A
1824,5.76,AgentPrefab,Agent,MoveState,Moving,AllyPrefab,9.00,0.00,17.00,5.59,0.00,5.59,5.67,0.00,5.67,AStar
1825,5.76,AllyPrefab,Ally,AllyIdleState,Idling,AgentPrefab,5.59,0.00,5.59,9.00,0.00,17.00,9.00,0.00,17.00,N/A
1825,5.76,AgentPrefab,Agent,MoveState,Moving,AllyPrefab,9.00,0.00,17.00,5.59,0.00,5.59,5.67,0.00,5.67,AStar
1826,5.76,AllyPrefab,Ally,AllyIdleState,Idling,AgentPrefab,5.59,0.00,5.59,9.00,0.00,17.00,9.00,0.00,17.00,N/A
1826,5.76,AgentPrefab,Agent,MoveState,Moving,AllyPrefab,9.00,0.00,17.00,5.59,0.00,5.59,5.67,0.00,5.67,AStar
1827,5.77,AllyPrefab,Ally,AllyIdleState,Idling,AgentPrefab,5.59,0.00,5.59,9.00,0.00,17.00,9.00,0.00,17.00,N/A
1827,5.77,AgentPrefab,Agent,MoveState,Moving,AllyPrefab,9.00,0.00,17.00,5.59,0.00,5.59,5.67,0.00,5.67,AStar
1828,5.77,AllyPrefab,Ally,AllyIdleState,Idling,AgentPrefab,5.59,0.00,5.59,9.00,0.00,17.00,9.00,0.00,17.00,N/A
1828,5.77,AgentPrefab,Agent,MoveState,Moving,AllyPrefab,9.00,0.00,17.00,5.59,0.00,5.59,5.67,0.00,5.67,AStar
1829,5.77,AllyPrefab,Ally,AllyIdleState,Idling,AgentPrefab,5.59,0.00,5.59,9.00,0.00,17.00,9.00,0.00,17.00,N/A
1829,5.77,AgentPrefab,Agent,MoveState,Moving,AllyPrefab,9.00,0.00,17.00,5.59,0.00,5.59,5.67,0.00,5.67,AStar
1830,5.78,AllyPrefab,Ally,AllyIdleState,Idling,AgentPrefab,5.59,0.00,5.59,9.00,0.00,17.00,9.00,0.00,17.00,N/A
1830,5.78,AgentPrefab,Agent,MoveState,Moving,AllyPrefab,9.00,0.00,17.00,5.59,0.00,5.59,5.67,0.00,5.67,AStar
1831,5.78,AllyPrefab,Ally,AllyIdleState,Idling,AgentPrefab,5.59,0.00,5.59,9.00,0.00,17.00,9.00,0.00,17.00,N/A
1831,5.78,AgentPrefab,Agent,MoveState,Moving,AllyPrefab,9.00,0.00,17.00,5.59,0.00,5.59,5.67,0.00,5.67,AStar
1832,5.78,AllyPrefab,Ally,AllyIdleState,Idling,AgentPrefab,5.59,0.00,5.59,9.00,0.00,17.00,9.00,0.00,17.00,N/A
1832,5.78,AgentPrefab,Agent,MoveState,Moving,AllyPrefab,9.00,0.00,17.00,5.59,0.00,5.59,5.67,0.00,5.67,AStar
1833,5.78,AllyPrefab,Ally,AllyIdleState,Idling,AgentPrefab,5.59,0.00,5.59,9.00,0.00,17.00,9.00,0.00,17.00,N/A
1833,5.78,AgentPrefab,Agent,MoveState,Moving,AllyPrefab,9.00,0.00,17.00,5.59,0.00,5.59,5.67,0.00,5.67,AStar
1834,5.79,AllyPrefab,Ally,AllyIdleState,Idling,AgentPrefab,5.59,0.00,5.59,9.00,0.00,17.00,9.00,0.00,17.00,N/A
1834,5.79,AgentPrefab,Agent,MoveState,Moving,AllyPrefab,9.00,0.00,17.00,5.59,0.00,5.59,5.67,0.00,5.67,AStar
1835,5.79,AllyPrefab,Ally,AllyIdleState,Idling,AgentPrefab,5.59,0.00,5.59,9.00,0.00,17.00,9.00,0.00,17.00,N/A
1835,5.79,AgentPrefab,Agent,MoveState,Moving,AllyPrefab,9.00,0.00,17.00,5.59,0.00,5.59,5.67,0.00,5.67,AStar
1836,5.79,AllyPrefab,Ally,AllyIdleState,Idling,AgentPrefab,5.59,0.00,5.59,9.00,0.00,17.00,9.00,0.00,17.00,N/A
1836,5.79,AgentPrefab,Agent,MoveState,Moving,AllyPrefab,9.00,0.00,17.00,5.59,0.00,5.59,5.67,0.00,5.67,AStar
1837,5.80,AllyPrefab,Ally,AllyIdleState,Idling,AgentPrefab,5.59,0.00,5.59,9.00,0.00,17.00,9.00,0.00,17.00,N/A
1837,5.80,AgentPrefab,Agent,MoveState,Moving,AllyPrefab,9.00,0.00,17.00,5.59,0.00,5.59,5.67,0.00,5.67,AStar
1838,5.80,AllyPrefab,Ally,AllyIdleState,Idling,AgentPrefab,5.59,0.00,5.59,9.00,0.00,17.00,9.00,0.00,17.00,N/A
1838,5.80,AgentPrefab,Agent,MoveState,Moving,AllyPrefab,9.00,0.00,17.00,5.59,0.00,5.59,5.67,0.00,5.67,AStar
1839,5.80,AllyPrefab,Ally,AllyIdleState,Idling,AgentPrefab,5.59,0.00,5.59,9.00,0.00,17.00,9.00,0.00,17.00,N/A
1839,5.80,AgentPrefab,Agent,MoveState,Moving,AllyPrefab,9.00,0.00,17.00,5.59,0.00,5.59,5.67,0.00,5.67,AStar
1840,5.81,AllyPrefab,Ally,AllyIdleState,Idling,AgentPrefab,5.59,0.00,5.59,9.00,0.00,17.00,9.00,0.00,17.00,N/A
1840,5.81,AgentPrefab,Agent,MoveState,Moving,AllyPrefab,9.00,0.00,17.00,5.59,0.00,5.59,5.67,0.00,5.67,AStar
1841,5.81,AllyPrefab,Ally,AllyIdleState,Idling,AgentPrefab,5.59,0.00,5.59,9.00,0.00,17.00,9.00,0.00,17.00,N/A
1841,5.81,AgentPrefab,Agent,MoveState,Moving,AllyPrefab,9.00,0.00,17.00,5.59,0.00,5.59,5.67,0.00,5.67,AStar
1842,5.81,AllyPrefab,Ally,AllyIdleState,Idling,AgentPrefab,5.59,0.00,5.59,9.00,0.00,17.00,9.00,0.00,17.00,N/A
1842,5.81,AgentPrefab,Agent,MoveState,Moving,AllyPrefab,9.00,0.00,17.00,5.59,0.00,5.59,5.67,0.00,5.67,AStar
1843,5.81,AllyPrefab,Ally,AllyIdleState,Idling,AgentPrefab,5.59,0.00,5.59,9.00,0.00,17.00,9.00,0.00,17.00,N/A
1843,5.81,AgentPrefab,Agent,MoveState,Moving,AllyPrefab,9.00,0.00,17.00,5.59,0.00,5.59,5.67,0.00,5.67,AStar
1844,5.82,AllyPrefab,Ally,AllyIdleState,Idling,AgentPrefab,5.59,0.00,5.59,9.00,0.00,17.00,9.00,0.00,17.00,N/A
1844,5.82,AgentPrefab,Agent,MoveState,Moving,AllyPrefab,9.00,0.00,17.00,5.59,0.00,5.59,5.67,0.00,5.67,AStar
1845,5.82,AllyPrefab,Ally,AllyIdleState,Idling,AgentPrefab,5.59,0.00,5.59,9.00,0.00,17.00,9.00,0.00,17.00,N/A
1845,5.82,AgentPrefab,Agent,MoveState,Moving,AllyPrefab,9.00,0.00,17.00,5.59,0.00,5.59,5.67,0.00,5.67,AStar
1846,5.82,AllyPrefab,Ally,AllyIdleState,Idling,AgentPrefab,5.59,0.00,5.59,9.00,0.00,17.00,9.00,0.00,17.00,N/A
1846,5.82,AgentPrefab,Agent,MoveState,Moving,AllyPrefab,9.00,0.00,17.00,5.59,0.00,5.59,5.67,0.00,5.67,AStar
1847,5.83,AllyPrefab,Ally,AllyIdleState,Idling,AgentPrefab,5.59,0.00,5.59,9.00,0.00,17.00,9.00,0.00,17.00,N/A
1847,5.83,AgentPrefab,Agent,MoveState,Moving,AllyPrefab,9.00,0.00,17.00,5.59,0.00,5.59,5.67,0.00,5.67,AStar
1848,5.83,AllyPrefab,Ally,AllyIdleState,Idling,AgentPrefab,5.59,0.00,5.59,9.00,0.00,17.00,9.00,0.00,17.00,N/A
1848,5.83,AgentPrefab,Agent,MoveState,Moving,AllyPrefab,9.00,0.00,17.00,5.59,0.00,5.59,5.67,0.00,5.67,AStar
1849,5.83,AllyPrefab,Ally,AllyIdleState,Idling,AgentPrefab,5.59,0.00,5.59,9.00,0.00,17.00,9.00,0.00,17.00,N/A
1849,5.83,AgentPrefab,Agent,MoveState,Moving,AllyPrefab,9.00,0.00,17.00,5.59,0.00,5.59,5.67,0.00,5.67,AStar
1850,5.83,AllyPrefab,Ally,AllyIdleState,Idling,AgentPrefab,5.59,0.00,5.59,9.00,0.00,17.00,9.00,0.00,17.00,N/A
1850,5.83,AgentPrefab,Agent,MoveState,Moving,AllyPrefab,9.00,0.00,17.00,5.59,0.00,5.59,5.67,0.00,5.67,AStar
1851,5.84,AllyPrefab,Ally,AllyIdleState,Idling,AgentPrefab,5.59,0.00,5.59,9.00,0.00,17.00,9.00,0.00,17.00,N/A
1851,5.84,AgentPrefab,Agent,MoveState,Moving,AllyPrefab,9.00,0.00,17.00,5.59,0.00,5.59,5.67,0.00,5.67,AStar
1852,5.84,AllyPrefab,Ally,AllyIdleState,Idling,AgentPrefab,5.59,0.00,5.59,9.00,0.00,17.00,9.00,0.00,17.00,N/A
1852,5.84,AgentPrefab,Agent,MoveState,Moving,AllyPrefab,9.00,0.00,17.00,5.59,0.00,5.59,5.67,0.00,5.67,AStar
1853,5.84,AllyPrefab,Ally,AllyIdleState,Idling,AgentPrefab,5.59,0.00,5.59,9.00,0.00,17.00,9.00,0.00,17.00,N/A
1853,5.84,AgentPrefab,Agent,MoveState,Moving,AllyPrefab,9.00,0.00,17.00,5.59,0.00,5.59,5.67,0.00,5.67,AStar
1854,5.85,AllyPrefab,Ally,AllyIdleState,Idling,AgentPrefab,5.59,0.00,5.59,9.00,0.00,17.00,9.00,0.00,17.00,N/A
1854,5.85,AgentPrefab,Agent,MoveState,Moving,AllyPrefab,9.00,0.00,17.00,5.59,0.00,5.59,5.67,0.00,5.67,AStar
1855,5.85,AllyPrefab,Ally,AllyIdleState,Idling,AgentPrefab,5.59,0.00,5.59,9.00,0.00,17.00,9.00,0.00,17.00,N/A
1855,5.85,AgentPrefab,Agent,MoveState,Moving,AllyPrefab,9.00,0.00,17.00,5.59,0.00,5.59,5.67,0.00,5.67,AStar
1856,5.85,AllyPrefab,Ally,AllyIdleState,Idling,AgentPrefab,5.59,0.00,5.59,9.00,0.00,17.00,9.00,0.00,17.00,N/A
1856,5.85,AgentPrefab,Agent,MoveState,Moving,AllyPrefab,9.00,0.00,17.00,5.59,0.00,5.59,5.67,0.00,5.67,AStar
1857,5.86,AllyPrefab,Ally,AllyIdleState,Idling,AgentPrefab,5.59,0.00,5.59,9.00,0.00,17.00,9.00,0.00,17.00,N/A
1857,5.86,AgentPrefab,Agent,MoveState,Moving,AllyPrefab,9.00,0.00,17.00,5.59,0.00,5.59,5.67,0.00,5.67,AStar
1858,5.86,AllyPrefab,Ally,AllyIdleState,Idling,AgentPrefab,5.59,0.00,5.59,9.00,0.00,17.00,9.00,0.00,17.00,N/A
1858,5.86,AgentPrefab,Agent,MoveState,Moving,AllyPrefab,9.00,0.00,17.00,5.59,0.00,5.59,5.67,0.00,5.67,AStar
1859,5.86,AllyPrefab,Ally,AllyIdleState,Idling,AgentPrefab,5.59,0.00,5.59,9.00,0.00,17.00,9.00,0.00,17.00,N/A
1859,5.86,AgentPrefab,Agent,MoveState,Moving,AllyPrefab,9.00,0.00,17.00,5.59,0.00,5.59,5.67,0.00,5.67,AStar
1860,5.86,AllyPrefab,Ally,AllyIdleState,Idling,AgentPrefab,5.59,0.00,5.59,9.00,0.00,17.00,9.00,0.00,17.00,N/A
1860,5.86,AgentPrefab,Agent,MoveState,Moving,AllyPrefab,9.00,0.00,17.00,5.59,0.00,5.59,5.67,0.00,5.67,AStar
1861,5.87,AllyPrefab,Ally,AllyIdleState,Idling,AgentPrefab,5.59,0.00,5.59,9.00,0.00,17.00,9.00,0.00,17.00,N/A
1861,5.87,AgentPrefab,Agent,MoveState,Moving,AllyPrefab,9.00,0.00,17.00,5.59,0.00,5.59,5.67,0.00,5.67,AStar
1862,5.87,AllyPrefab,Ally,AllyIdleState,Idling,AgentPrefab,5.59,0.00,5.59,9.00,0.00,17.00,9.00,0.00,17.00,N/A
1862,5.87,AgentPrefab,Agent,MoveState,Moving,AllyPrefab,9.00,0.00,17.00,5.59,0.00,5.59,5.67,0.00,5.67,AStar
1863,5.87,AllyPrefab,Ally,AllyIdleState,Idling,AgentPrefab,5.59,0.00,5.59,9.00,0.00,17.00,9.00,0.00,17.00,N/A
1863,5.87,AgentPrefab,Agent,MoveState,Moving,AllyPrefab,9.00,0.00,17.00,5.59,0.00,5.59,5.67,0.00,5.67,AStar
1864,5.88,AllyPrefab,Ally,AllyIdleState,Idling,AgentPrefab,5.59,0.00,5.59,9.00,0.00,17.00,9.00,0.00,17.00,N/A
1864,5.88,AgentPrefab,Agent,MoveState,Moving,AllyPrefab,9.00,0.00,17.00,5.59,0.00,5.59,5.67,0.00,5.67,AStar
1865,5.88,AllyPrefab,Ally,AllyIdleState,Idling,AgentPrefab,5.59,0.00,5.59,9.00,0.00,17.00,9.00,0.00,17.00,N/A
1865,5.88,AgentPrefab,Agent,MoveState,Moving,AllyPrefab,9.00,0.00,17.00,5.59,0.00,5.59,5.67,0.00,5.67,AStar
1866,5.88,AllyPrefab,Ally,AllyIdleState,Idling,AgentPrefab,5.59,0.00,5.59,9.00,0.00,17.00,9.00,0.00,17.00,N/A
1866,5.88,AgentPrefab,Agent,MoveState,Moving,AllyPrefab,9.00,0.00,17.00,5.59,0.00,5.59,5.67,0.00,5.67,AStar
1867,5.89,AllyPrefab,Ally,AllyIdleState,Idling,AgentPrefab,5.59,0.00,5.59,9.00,0.00,17.00,9.00,0.00,17.00,N/A
1867,5.89,AgentPrefab,Agent,MoveState,Moving,AllyPrefab,9.00,0.00,17.00,5.59,0.00,5.59,5.67,0.00,5.67,AStar
1868,5.89,AllyPrefab,Ally,AllyIdleState,Idling,AgentPrefab,5.59,0.00,5.59,9.00,0.00,17.00,9.00,0.00,17.00,N/A
1868,5.89,AgentPrefab,Agent,MoveState,Moving,AllyPrefab,9.00,0.00,17.00,5.59,0.00,5.59,5.67,0.00,5.67,AStar
1869,5.89,AllyPrefab,Ally,AllyIdleState,Idling,AgentPrefab,5.59,0.00,5.59,9.00,0.00,17.00,9.00,0.00,17.00,N/A
1869,5.89,AgentPrefab,Agent,MoveState,Moving,AllyPrefab,9.00,0.00,17.00,5.59,0.00,5.59,5.67,0.00,5.67,AStar
1870,5.89,AllyPrefab,Ally,AllyIdleState,Idling,AgentPrefab,5.59,0.00,5.59,9.00,0.00,17.00,9.00,0.00,17.00,N/A
1870,5.89,AgentPrefab,Agent,MoveState,Moving,AllyPrefab,9.00,0.00,17.00,5.59,0.00,5.59,5.67,0.00,5.67,AStar
1871,5.90,AllyPrefab,Ally,AllyIdleState,Idling,AgentPrefab,5.59,0.00,5.59,9.00,0.00,17.00,9.00,0.00,17.00,N/A
1871,5.90,AgentPrefab,Agent,MoveState,Moving,AllyPrefab,9.00,0.00,17.00,5.59,0.00,5.59,5.67,0.00,5.67,AStar
1872,5.90,AllyPrefab,Ally,AllyIdleState,Idling,AgentPrefab,5.59,0.00,5.59,9.00,0.00,17.00,9.00,0.00,17.00,N/A
1872,5.90,AgentPrefab,Agent,MoveState,Moving,AllyPrefab,9.00,0.00,17.00,5.59,0.00,5.59,5.67,0.00,5.67,AStar
1873,5.90,AllyPrefab,Ally,AllyIdleState,Idling,AgentPrefab,5.59,0.00,5.59,9.00,0.00,17.00,9.00,0.00,17.00,N/A
1873,5.90,AgentPrefab,Agent,MoveState,Moving,AllyPrefab,9.00,0.00,17.00,5.59,0.00,5.59,5.67,0.00,5.67,AStar
1874,5.91,AllyPrefab,Ally,AllyIdleState,Idling,AgentPrefab,5.59,0.00,5.59,9.00,0.00,17.00,9.00,0.00,17.00,N/A
1874,5.91,AgentPrefab,Agent,MoveState,Moving,AllyPrefab,9.00,0.00,17.00,5.59,0.00,5.59,5.67,0.00,5.67,AStar
1875,5.91,AllyPrefab,Ally,AllyIdleState,Idling,AgentPrefab,5.59,0.00,5.59,9.00,0.00,17.00,9.00,0.00,17.00,N/A
1875,5.91,AgentPrefab,Agent,MoveState,Moving,AllyPrefab,9.00,0.00,17.00,5.59,0.00,5.59,5.67,0.00,5.67,AStar
1876,5.91,AllyPrefab,Ally,AllyIdleState,Idling,AgentPrefab,5.59,0.00,5.59,9.00,0.00,17.00,9.00,0.00,17.00,N/A
1876,5.91,AgentPrefab,Agent,MoveState,Moving,AllyPrefab,9.00,0.00,17.00,5.59,0.00,5.59,5.67,0.00,5.67,AStar
1877,5.92,AllyPrefab,Ally,AllyIdleState,Idling,AgentPrefab,5.59,0.00,5.59,9.00,0.00,17.00,9.00,0.00,17.00,N/A
1877,5.92,AgentPrefab,Agent,MoveState,Moving,AllyPrefab,9.00,0.00,17.00,5.59,0.00,5.59,5.67,0.00,5.67,AStar
1878,5.92,AllyPrefab,Ally,AllyIdleState,Idling,AgentPrefab,5.59,0.00,5.59,9.00,0.00,17.00,9.00,0.00,17.00,N/A
1878,5.92,AgentPrefab,Agent,SearchState,Searching,AllyPrefab,9.00,0.00,17.00,5.59,0.00,5.59,5.67,0.00,5.67,AStar
1879,5.92,AllyPrefab,Ally,AllyIdleState,Idling,AgentPrefab,5.59,0.00,5.59,9.00,0.00,17.00,9.00,0.00,17.00,N/A
1879,5.92,AgentPrefab,Agent,MoveState,Moving,AllyPrefab,9.00,0.00,17.00,5.59,0.00,5.59,5.67,0.00,5.67,AStar
1880,5.92,AllyPrefab,Ally,AllyIdleState,Idling,AgentPrefab,5.59,0.00,5.59,9.00,0.00,17.00,9.00,0.00,17.00,N/A
1880,5.92,AgentPrefab,Agent,MoveState,Moving,AllyPrefab,9.00,0.00,17.00,5.59,0.00,5.59,5.67,0.00,5.67,AStar
1881,5.93,AllyPrefab,Ally,AllyIdleState,Idling,AgentPrefab,5.59,0.00,5.59,9.00,0.00,17.00,9.00,0.00,17.00,N/A
1881,5.93,AgentPrefab,Agent,MoveState,Moving,AllyPrefab,9.00,0.00,17.00,5.59,0.00,5.59,5.67,0.00,5.67,AStar
1882,5.93,AllyPrefab,Ally,AllyIdleState,Idling,AgentPrefab,5.59,0.00,5.59,9.00,0.00,17.00,9.00,0.00,17.00,N/A
1882,5.93,AgentPrefab,Agent,MoveState,Moving,AllyPrefab,9.00,0.00,17.00,5.59,0.00,5.59,5.67,0.00,5.67,AStar
1883,5.93,AllyPrefab,Ally,AllyIdleState,Idling,AgentPrefab,5.59,0.00,5.59,9.00,0.00,17.00,9.00,0.00,17.00,N/A
1883,5.93,AgentPrefab,Agent,MoveState,Moving,AllyPrefab,9.00,0.00,17.00,5.59,0.00,5.59,5.67,0.00,5.67,AStar
1884,5.94,AllyPrefab,Ally,AllyIdleState,Idling,AgentPrefab,5.59,0.00,5.59,9.00,0.00,17.00,9.00,0.00,17.00,N/A
1884,5.94,AgentPrefab,Agent,MoveState,Moving,AllyPrefab,9.00,0.00,17.00,5.59,0.00,5.59,5.67,0.00,5.67,AStar
1885,5.94,AllyPrefab,Ally,AllyIdleState,Idling,AgentPrefab,5.59,0.00,5.59,9.00,0.00,17.00,9.00,0.00,17.00,N/A
1885,5.94,AgentPrefab,Agent,MoveState,Moving,AllyPrefab,9.00,0.00,17.00,5.59,0.00,5.59,5.67,0.00,5.67,AStar
1886,5.94,AllyPrefab,Ally,AllyIdleState,Idling,AgentPrefab,5.59,0.00,5.59,9.00,0.00,17.00,9.00,0.00,17.00,N/A
1886,5.94,AgentPrefab,Agent,MoveState,Moving,AllyPrefab,9.00,0.00,17.00,5.59,0.00,5.59,5.67,0.00,5.67,AStar
1887,5.94,AllyPrefab,Ally,AllyIdleState,Idling,AgentPrefab,5.59,0.00,5.59,9.00,0.00,17.00,9.00,0.00,17.00,N/A
1887,5.94,AgentPrefab,Agent,MoveState,Moving,AllyPrefab,9.00,0.00,17.00,5.59,0.00,5.59,5.67,0.00,5.67,AStar
1888,5.95,AllyPrefab,Ally,AllyIdleState,Idling,AgentPrefab,5.59,0.00,5.59,9.00,0.00,17.00,9.00,0.00,17.00,N/A
1888,5.95,AgentPrefab,Agent,MoveState,Moving,AllyPrefab,9.00,0.00,17.00,5.59,0.00,5.59,5.67,0.00,5.67,AStar
1889,5.95,AllyPrefab,Ally,AllyIdleState,Idling,AgentPrefab,5.59,0.00,5.59,9.00,0.00,17.00,9.00,0.00,17.00,N/A
1889,5.95,AgentPrefab,Agent,MoveState,Moving,AllyPrefab,9.00,0.00,17.00,5.59,0.00,5.59,5.67,0.00,5.67,AStar
1890,5.95,AllyPrefab,Ally,AllyIdleState,Idling,AgentPrefab,5.59,0.00,5.59,9.00,0.00,17.00,9.00,0.00,17.00,N/A
1890,5.95,AgentPrefab,Agent,MoveState,Moving,AllyPrefab,9.00,0.00,17.00,5.59,0.00,5.59,5.67,0.00,5.67,AStar
1891,5.96,AllyPrefab,Ally,AllyIdleState,Idling,AgentPrefab,5.59,0.00,5.59,9.00,0.00,17.00,9.00,0.00,17.00,N/A
1891,5.96,AgentPrefab,Agent,MoveState,Moving,AllyPrefab,9.00,0.00,17.00,5.59,0.00,5.59,5.67,0.00,5.67,AStar
1892,5.96,AllyPrefab,Ally,AllyIdleState,Idling,AgentPrefab,5.59,0.00,5.59,9.00,0.00,17.00,9.00,0.00,17.00,N/A
1892,5.96,AgentPrefab,Agent,MoveState,Moving,AllyPrefab,9.00,0.00,17.00,5.59,0.00,5.59,5.67,0.00,5.67,AStar
1893,5.96,AllyPrefab,Ally,AllyIdleState,Idling,AgentPrefab,5.59,0.00,5.59,9.00,0.00,17.00,9.00,0.00,17.00,N/A
1893,5.96,AgentPrefab,Agent,MoveState,Moving,AllyPrefab,9.00,0.00,17.00,5.59,0.00,5.59,5.67,0.00,5.67,AStar
1894,5.97,AllyPrefab,Ally,AllyIdleState,Idling,AgentPrefab,5.59,0.00,5.59,9.00,0.00,17.00,9.00,0.00,17.00,N/A
1894,5.97,AgentPrefab,Agent,MoveState,Moving,AllyPrefab,9.00,0.00,17.00,5.59,0.00,5.59,5.67,0.00,5.67,AStar
1895,5.97,AllyPrefab,Ally,AllyIdleState,Idling,AgentPrefab,5.59,0.00,5.59,9.00,0.00,17.00,9.00,0.00,17.00,N/A
1895,5.97,AgentPrefab,Agent,MoveState,Moving,AllyPrefab,9.00,0.00,17.00,5.59,0.00,5.59,5.67,0.00,5.67,AStar
1896,5.97,AllyPrefab,Ally,AllyIdleState,Idling,AgentPrefab,5.59,0.00,5.59,9.00,0.00,17.00,9.00,0.00,17.00,N/A
1896,5.97,AgentPrefab,Agent,MoveState,Moving,AllyPrefab,9.00,0.00,17.00,5.59,0.00,5.59,5.67,0.00,5.67,AStar
1897,5.97,AllyPrefab,Ally,AllyIdleState,Idling,AgentPrefab,5.59,0.00,5.59,9.00,0.00,17.00,9.00,0.00,17.00,N/A
1897,5.97,AgentPrefab,Agent,MoveState,Moving,AllyPrefab,9.00,0.00,17.00,5.59,0.00,5.59,5.67,0.00,5.67,AStar
1898,5.98,AllyPrefab,Ally,AllyIdleState,Idling,AgentPrefab,5.59,0.00,5.59,9.00,0.00,17.00,9.00,0.00,17.00,N/A
1898,5.98,AgentPrefab,Agent,MoveState,Moving,AllyPrefab,9.00,0.00,17.00,5.59,0.00,5.59,5.67,0.00,5.67,AStar
1899,5.98,AllyPrefab,Ally,AllyIdleState,Idling,AgentPrefab,5.59,0.00,5.59,9.00,0.00,17.00,9.00,0.00,17.00,N/A
1899,5.98,AgentPrefab,Agent,MoveState,Moving,AllyPrefab,9.00,0.00,17.00,5.59,0.00,5.59,5.67,0.00,5.67,AStar
1900,5.98,AllyPrefab,Ally,AllyIdleState,Idling,AgentPrefab,5.59,0.00,5.59,9.00,0.00,17.00,9.00,0.00,17.00,N/A
1900,5.98,AgentPrefab,Agent,MoveState,Moving,AllyPrefab,9.00,0.00,17.00,5.59,0.00,5.59,5.67,0.00,5.67,AStar
1901,5.99,AllyPrefab,Ally,AllyIdleState,Idling,AgentPrefab,5.59,0.00,5.59,9.00,0.00,17.00,9.00,0.00,17.00,N/A
1901,5.99,AgentPrefab,Agent,MoveState,Moving,AllyPrefab,9.00,0.00,17.00,5.59,0.00,5.59,5.67,0.00,5.67,AStar
1902,5.99,AllyPrefab,Ally,AllyIdleState,Idling,AgentPrefab,5.59,0.00,5.59,9.00,0.00,17.00,9.00,0.00,17.00,N/A
1902,5.99,AgentPrefab,Agent,MoveState,Moving,AllyPrefab,9.00,0.00,17.00,5.59,0.00,5.59,5.67,0.00,5.67,AStar
1903,5.99,AllyPrefab,Ally,AllyIdleState,Idling,AgentPrefab,5.60,0.00,5.60,9.00,0.00,17.00,9.00,0.00,17.00,N/A
1903,5.99,AgentPrefab,Agent,MoveState,Moving,AllyPrefab,9.00,0.00,17.00,5.60,0.00,5.60,5.67,0.00,5.67,AStar
1904,6.00,AllyPrefab,Ally,AllyIdleState,Idling,AgentPrefab,5.60,0.00,5.60,9.00,0.00,17.00,9.00,0.00,17.00,N/A
1904,6.00,AgentPrefab,Agent,MoveState,Moving,AllyPrefab,9.00,0.00,17.00,5.60,0.00,5.60,5.67,0.00,5.67,AStar
1905,6.00,AllyPrefab,Ally,AllyIdleState,Idling,AgentPrefab,5.61,0.00,5.61,9.00,0.00,17.00,9.00,0.00,17.00,N/A
1905,6.00,AgentPrefab,Agent,MoveState,Moving,AllyPrefab,9.00,0.00,17.00,5.61,0.00,5.61,5.67,0.00,5.67,AStar
1906,6.00,AllyPrefab,Ally,AllyIdleState,Idling,AgentPrefab,5.61,0.00,5.61,9.00,0.00,17.00,9.00,0.00,17.00,N/A
1906,6.00,AgentPrefab,Agent,MoveState,Moving,AllyPrefab,9.00,0.00,17.00,5.61,0.00,5.61,5.67,0.00,5.67,AStar
1907,6.01,AllyPrefab,Ally,AllyIdleState,Idling,AgentPrefab,5.62,0.00,5.62,9.00,0.00,17.00,9.00,0.00,17.00,N/A
1907,6.01,AgentPrefab,Agent,MoveState,Moving,AllyPrefab,9.00,0.00,17.00,5.62,0.00,5.62,5.67,0.00,5.67,AStar
1908,6.01,AllyPrefab,Ally,AllyIdleState,Idling,AgentPrefab,5.62,0.00,5.62,9.00,0.00,17.00,9.00,0.00,17.00,N/A
1908,6.01,AgentPrefab,Agent,MoveState,Moving,AllyPrefab,9.00,0.00,17.00,5.62,0.00,5.62,5.67,0.00,5.67,AStar
1909,6.01,AllyPrefab,Ally,AllyIdleState,Idling,AgentPrefab,5.63,0.00,5.63,9.00,0.00,17.00,9.00,0.00,17.00,N/A
1909,6.01,AgentPrefab,Agent,MoveState,Moving,AllyPrefab,9.00,0.00,17.00,5.63,0.00,5.63,5.67,0.00,5.67,AStar
1910,6.02,AllyPrefab,Ally,AllyIdleState,Idling,AgentPrefab,5.63,0.00,5.63,9.00,0.00,17.00,9.00,0.00,17.00,N/A
1910,6.02,AgentPrefab,Agent,MoveState,Moving,AllyPrefab,9.00,0.00,17.00,5.63,0.00,5.63,5.67,0.00,5.67,AStar
1911,6.02,AllyPrefab,Ally,AllyIdleState,Idling,AgentPrefab,5.67,0.00,5.67,9.00,0.00,17.00,9.00,0.00,17.00,N/A
1911,6.02,AgentPrefab,Agent,MoveState,Moving,AllyPrefab,9.00,0.00,17.00,5.67,0.00,5.67,6.67,0.00,6.67,AStar
1912,6.02,AllyPrefab,Ally,AllyIdleState,Idling,AgentPrefab,5.67,0.00,5.67,9.00,0.00,17.00,9.00,0.00,17.00,N/A
1912,6.02,AgentPrefab,Agent,MoveState,Moving,AllyPrefab,9.00,0.00,17.00,5.67,0.00,5.67,6.67,0.00,6.67,AStar
1913,6.03,AllyPrefab,Ally,AllyIdleState,Idling,AgentPrefab,5.68,0.00,5.68,9.00,0.00,17.00,9.00,0.00,17.00,N/A
1913,6.03,AgentPrefab,Agent,MoveState,Moving,AllyPrefab,9.00,0.00,17.00,5.68,0.00,5.68,6.67,0.00,6.67,AStar
1914,6.03,AllyPrefab,Ally,AllyIdleState,Idling,AgentPrefab,5.68,0.00,5.68,9.00,0.00,17.00,9.00,0.00,17.00,N/A
1914,6.03,AgentPrefab,Agent,MoveState,Moving,AllyPrefab,9.00,0.00,17.00,5.68,0.00,5.68,6.67,0.00,6.67,AStar
1915,6.03,AllyPrefab,Ally,AllyIdleState,Idling,AgentPrefab,5.69,0.00,5.69,9.00,0.00,17.00,9.00,0.00,17.00,N/A
1915,6.03,AgentPrefab,Agent,MoveState,Moving,AllyPrefab,9.00,0.00,17.00,5.69,0.00,5.69,6.67,0.00,6.67,AStar
1916,6.03,AllyPrefab,Ally,AllyIdleState,Idling,AgentPrefab,5.69,0.00,5.69,9.00,0.00,17.00,9.00,0.00,17.00,N/A
1916,6.03,AgentPrefab,Agent,MoveState,Moving,AllyPrefab,9.00,0.00,17.00,5.69,0.00,5.69,6.67,0.00,6.67,AStar
1917,6.04,AllyPrefab,Ally,AllyIdleState,Idling,AgentPrefab,5.70,0.00,5.70,9.00,0.00,17.00,9.00,0.00,17.00,N/A
1917,6.04,AgentPrefab,Agent,MoveState,Moving,AllyPrefab,9.00,0.00,17.00,5.70,0.00,5.70,6.67,0.00,6.67,AStar
1918,6.04,AllyPrefab,Ally,AllyIdleState,Idling,AgentPrefab,5.70,0.00,5.70,9.00,0.00,17.00,9.00,0.00,17.00,N/A
1918,6.04,AgentPrefab,Agent,MoveState,Moving,AllyPrefab,9.00,0.00,17.00,5.70,0.00,5.70,6.67,0.00,6.67,AStar
1919,6.04,AllyPrefab,Ally,AllyIdleState,Idling,AgentPrefab,5.70,0.00,5.70,9.00,0.00,17.00,9.00,0.00,17.00,N/A
1919,6.04,AgentPrefab,Agent,MoveState,Moving,AllyPrefab,9.00,0.00,17.00,5.70,0.00,5.70,6.67,0.00,6.67,AStar
1920,6.05,AllyPrefab,Ally,AllyIdleState,Idling,AgentPrefab,5.71,0.00,5.71,9.00,0.00,17.00,9.00,0.00,17.00,N/A
1920,6.05,AgentPrefab,Agent,MoveState,Moving,AllyPrefab,9.00,0.00,17.00,5.71,0.00,5.71,6.67,0.00,6.67,AStar
1921,6.05,AllyPrefab,Ally,AllyIdleState,Idling,AgentPrefab,5.71,0.00,5.71,9.00,0.00,17.00,9.00,0.00,17.00,N/A
1921,6.05,AgentPrefab,Agent,MoveState,Moving,AllyPrefab,9.00,0.00,17.00,5.71,0.00,5.71,6.67,0.00,6.67,AStar
1922,6.05,AllyPrefab,Ally,AllyIdleState,Idling,AgentPrefab,5.72,0.00,5.72,9.00,0.00,17.00,9.00,0.00,17.00,N/A
1922,6.05,AgentPrefab,Agent,MoveState,Moving,AllyPrefab,9.00,0.00,17.00,5.72,0.00,5.72,6.67,0.00,6.67,AStar
1923,6.06,AllyPrefab,Ally,AllyIdleState,Idling,AgentPrefab,5.72,0.00,5.72,9.00,0.00,17.00,9.00,0.00,17.00,N/A
1923,6.06,AgentPrefab,Agent,MoveState,Moving,AllyPrefab,9.00,0.00,17.00,5.72,0.00,5.72,6.67,0.00,6.67,AStar
1924,6.06,AllyPrefab,Ally,AllyIdleState,Idling,AgentPrefab,5.73,0.00,5.73,9.00,0.00,17.00,9.00,0.00,17.00,N/A
1924,6.06,AgentPrefab,Agent,MoveState,Moving,AllyPrefab,9.00,0.00,17.00,5.73,0.00,5.73,6.67,0.00,6.67,AStar
1925,6.06,AllyPrefab,Ally,AllyIdleState,Idling,AgentPrefab,5.73,0.00,5.73,9.00,0.00,17.00,9.00,0.00,17.00,N/A
1925,6.06,AgentPrefab,Agent,MoveState,Moving,AllyPrefab,9.00,0.00,17.00,5.73,0.00,5.73,6.67,0.00,6.67,AStar
1926,6.07,AllyPrefab,Ally,AllyIdleState,Idling,AgentPrefab,5.74,0.00,5.74,9.00,0.00,17.00,9.00,0.00,17.00,N/A
1926,6.07,AgentPrefab,Agent,MoveState,Moving,AllyPrefab,9.00,0.00,17.00,5.74,0.00,5.74,6.67,0.00,6.67,AStar
1927,6.07,AllyPrefab,Ally,AllyIdleState,Idling,AgentPrefab,5.74,0.00,5.74,9.00,0.00,17.00,9.00,0.00,17.00,N/A
1927,6.07,AgentPrefab,Agent,MoveState,Moving,AllyPrefab,9.00,0.00,17.00,5.74,0.00,5.74,6.67,0.00,6.67,AStar
1928,6.07,AllyPrefab,Ally,AllyIdleState,Idling,AgentPrefab,5.74,0.00,5.74,9.00,0.00,17.00,9.00,0.00,17.00,N/A
1928,6.07,AgentPrefab,Agent,MoveState,Moving,AllyPrefab,9.00,0.00,17.00,5.74,0.00,5.74,6.67,0.00,6.67,AStar
1929,6.07,AllyPrefab,Ally,AllyIdleState,Idling,AgentPrefab,5.75,0.00,5.75,9.00,0.00,17.00,9.00,0.00,17.00,N/A
1929,6.07,AgentPrefab,Agent,MoveState,Moving,AllyPrefab,9.00,0.00,17.00,5.75,0.00,5.75,6.67,0.00,6.67,AStar
1930,6.08,AllyPrefab,Ally,AllyIdleState,Idling,AgentPrefab,5.75,0.00,5.75,9.00,0.00,17.00,9.00,0.00,17.00,N/A
1930,6.08,AgentPrefab,Agent,MoveState,Moving,AllyPrefab,9.00,0.00,17.00,5.75,0.00,5.75,6.67,0.00,6.67,AStar
1931,6.08,AllyPrefab,Ally,AllyIdleState,Idling,AgentPrefab,5.76,0.00,5.76,9.00,0.00,17.00,9.00,0.00,17.00,N/A
1931,6.08,AgentPrefab,Agent,MoveState,Moving,AllyPrefab,9.00,0.00,17.00,5.76,0.00,5.76,6.67,0.00,6.67,AStar
1932,6.09,AllyPrefab,Ally,AllyIdleState,Idling,AgentPrefab,5.76,0.00,5.76,9.00,0.00,17.00,9.00,0.00,17.00,N/A
1932,6.09,AgentPrefab,Agent,MoveState,Moving,AllyPrefab,9.00,0.00,17.00,5.76,0.00,5.76,6.67,0.00,6.67,AStar
1933,6.09,AllyPrefab,Ally,AllyIdleState,Idling,AgentPrefab,5.77,0.00,5.77,9.00,0.00,17.00,9.00,0.00,17.00,N/A
1933,6.09,AgentPrefab,Agent,MoveState,Moving,AllyPrefab,9.00,0.00,17.00,5.77,0.00,5.77,6.67,0.00,6.67,AStar
1934,6.09,AllyPrefab,Ally,AllyIdleState,Idling,AgentPrefab,5.77,0.00,5.77,9.00,0.00,17.00,9.00,0.00,17.00,N/A
1934,6.09,AgentPrefab,Agent,MoveState,Moving,AllyPrefab,9.00,0.00,17.00,5.77,0.00,5.77,6.67,0.00,6.67,AStar
1935,6.09,AllyPrefab,Ally,AllyIdleState,Idling,AgentPrefab,5.78,0.00,5.78,9.00,0.00,17.00,9.00,0.00,17.00,N/A
1935,6.09,AgentPrefab,Agent,MoveState,Moving,AllyPrefab,9.00,0.00,17.00,5.78,0.00,5.78,6.67,0.00,6.67,AStar
1936,6.10,AllyPrefab,Ally,AllyIdleState,Idling,AgentPrefab,5.78,0.00,5.78,9.00,0.00,17.00,9.00,0.00,17.00,N/A
1936,6.10,AgentPrefab,Agent,MoveState,Moving,AllyPrefab,9.00,0.00,17.00,5.78,0.00,5.78,6.67,0.00,6.67,AStar
1937,6.10,AllyPrefab,Ally,AllyIdleState,Idling,AgentPrefab,5.78,0.00,5.78,9.00,0.00,17.00,9.00,0.00,17.00,N/A
1937,6.10,AgentPrefab,Agent,MoveState,Moving,AllyPrefab,9.00,0.00,17.00,5.78,0.00,5.78,6.67,0.00,6.67,AStar
1938,6.10,AllyPrefab,Ally,AllyIdleState,Idling,AgentPrefab,5.79,0.00,5.79,9.00,0.00,17.00,9.00,0.00,17.00,N/A
1938,6.10,AgentPrefab,Agent,MoveState,Moving,AllyPrefab,9.00,0.00,17.00,5.79,0.00,5.79,6.67,0.00,6.67,AStar
1939,6.11,AllyPrefab,Ally,AllyIdleState,Idling,AgentPrefab,5.79,0.00,5.79,9.00,0.00,17.00,9.00,0.00,17.00,N/A
1939,6.11,AgentPrefab,Agent,MoveState,Moving,AllyPrefab,9.00,0.00,17.00,5.79,0.00,5.79,6.67,0.00,6.67,AStar
1940,6.11,AllyPrefab,Ally,AllyIdleState,Idling,AgentPrefab,5.80,0.00,5.80,9.00,0.00,17.00,9.00,0.00,17.00,N/A
1940,6.11,AgentPrefab,Agent,MoveState,Moving,AllyPrefab,9.00,0.00,17.00,5.80,0.00,5.80,6.67,0.00,6.67,AStar
1941,6.11,AllyPrefab,Ally,AllyIdleState,Idling,AgentPrefab,5.80,0.00,5.80,9.00,0.00,17.00,9.00,0.00,17.00,N/A
1941,6.11,AgentPrefab,Agent,MoveState,Moving,AllyPrefab,9.00,0.00,17.00,5.80,0.00,5.80,6.67,0.00,6.67,AStar
1942,6.11,AllyPrefab,Ally,AllyIdleState,Idling,AgentPrefab,5.81,0.00,5.81,9.00,0.00,17.00,9.00,0.00,17.00,N/A
1942,6.11,AgentPrefab,Agent,MoveState,Moving,AllyPrefab,9.00,0.00,17.00,5.81,0.00,5.81,6.67,0.00,6.67,AStar
1943,6.12,AllyPrefab,Ally,AllyIdleState,Idling,AgentPrefab,5.81,0.00,5.81,9.00,0.00,17.00,9.00,0.00,17.00,N/A
1943,6.12,AgentPrefab,Agent,MoveState,Moving,AllyPrefab,9.00,0.00,17.00,5.81,0.00,5.81,6.67,0.00,6.67,AStar
1944,6.12,AllyPrefab,Ally,AllyIdleState,Idling,AgentPrefab,5.81,0.00,5.81,9.00,0.00,17.00,9.00,0.00,17.00,N/A
1944,6.12,AgentPrefab,Agent,MoveState,Moving,AllyPrefab,9.00,0.00,17.00,5.81,0.00,5.81,6.67,0.00,6.67,AStar
1945,6.12,AllyPrefab,Ally,AllyIdleState,Idling,AgentPrefab,5.82,0.00,5.82,9.00,0.00,17.00,9.00,0.00,17.00,N/A
1945,6.12,AgentPrefab,Agent,MoveState,Moving,AllyPrefab,9.00,0.00,17.00,5.82,0.00,5.82,6.67,0.00,6.67,AStar
1946,6.13,AllyPrefab,Ally,AllyIdleState,Idling,AgentPrefab,5.82,0.00,5.82,9.00,0.00,17.00,9.00,0.00,17.00,N/A
1946,6.13,AgentPrefab,Agent,MoveState,Moving,AllyPrefab,9.00,0.00,17.00,5.82,0.00,5.82,6.67,0.00,6.67,AStar
1947,6.13,AllyPrefab,Ally,AllyIdleState,Idling,AgentPrefab,5.83,0.00,5.83,9.00,0.00,17.00,9.00,0.00,17.00,N/A
1947,6.13,AgentPrefab,Agent,MoveState,Moving,AllyPrefab,9.00,0.00,17.00,5.83,0.00,5.83,6.67,0.00,6.67,AStar
1948,6.13,AllyPrefab,Ally,AllyIdleState,Idling,AgentPrefab,5.83,0.00,5.83,9.00,0.00,17.00,9.00,0.00,17.00,N/A
1948,6.13,AgentPrefab,Agent,MoveState,Moving,AllyPrefab,9.00,0.00,17.00,5.83,0.00,5.83,6.67,0.00,6.67,AStar
1949,6.14,AllyPrefab,Ally,AllyIdleState,Idling,AgentPrefab,5.84,0.00,5.84,9.00,0.00,17.00,9.00,0.00,17.00,N/A
1949,6.14,AgentPrefab,Agent,MoveState,Moving,AllyPrefab,9.00,0.00,17.00,5.84,0.00,5.84,6.67,0.00,6.67,AStar
1950,6.14,AllyPrefab,Ally,AllyIdleState,Idling,AgentPrefab,5.84,0.00,5.84,9.00,0.00,17.00,9.00,0.00,17.00,N/A
1950,6.14,AgentPrefab,Agent,MoveState,Moving,AllyPrefab,9.00,0.00,17.00,5.84,0.00,5.84,6.67,0.00,6.67,AStar
1951,6.14,AllyPrefab,Ally,AllyIdleState,Idling,AgentPrefab,5.84,0.00,5.84,9.00,0.00,17.00,9.00,0.00,17.00,N/A
1951,6.14,AgentPrefab,Agent,MoveState,Moving,AllyPrefab,9.00,0.00,17.00,5.84,0.00,5.84,6.67,0.00,6.67,AStar
1952,6.15,AllyPrefab,Ally,AllyIdleState,Idling,AgentPrefab,5.85,0.00,5.85,9.00,0.00,17.00,9.00,0.00,17.00,N/A
1952,6.15,AgentPrefab,Agent,MoveState,Moving,AllyPrefab,9.00,0.00,17.00,5.85,0.00,5.85,6.67,0.00,6.67,AStar
1953,6.15,AllyPrefab,Ally,AllyIdleState,Idling,AgentPrefab,5.85,0.00,5.85,9.00,0.00,17.00,9.00,0.00,17.00,N/A
1953,6.15,AgentPrefab,Agent,MoveState,Moving,AllyPrefab,9.00,0.00,17.00,5.85,0.00,5.85,6.67,0.00,6.67,AStar
1954,6.15,AllyPrefab,Ally,AllyIdleState,Idling,AgentPrefab,5.86,0.00,5.86,9.00,0.00,17.00,9.00,0.00,17.00,N/A
1954,6.15,AgentPrefab,Agent,MoveState,Moving,AllyPrefab,9.00,0.00,17.00,5.86,0.00,5.86,6.67,0.00,6.67,AStar
1955,6.15,AllyPrefab,Ally,AllyIdleState,Idling,AgentPrefab,5.86,0.00,5.86,9.00,0.00,17.00,9.00,0.00,17.00,N/A
1955,6.15,AgentPrefab,Agent,MoveState,Moving,AllyPrefab,9.00,0.00,17.00,5.86,0.00,5.86,6.67,0.00,6.67,AStar
1956,6.16,AllyPrefab,Ally,AllyIdleState,Idling,AgentPrefab,5.86,0.00,5.86,9.00,0.00,17.00,9.00,0.00,17.00,N/A
1956,6.16,AgentPrefab,Agent,MoveState,Moving,AllyPrefab,9.00,0.00,17.00,5.86,0.00,5.86,6.67,0.00,6.67,AStar
1957,6.16,AllyPrefab,Ally,AllyIdleState,Idling,AgentPrefab,5.87,0.00,5.87,9.00,0.00,17.00,9.00,0.00,17.00,N/A
1957,6.16,AgentPrefab,Agent,MoveState,Moving,AllyPrefab,9.00,0.00,17.00,5.87,0.00,5.87,6.67,0.00,6.67,AStar
1958,6.16,AllyPrefab,Ally,AllyIdleState,Idling,AgentPrefab,5.87,0.00,5.87,9.00,0.00,17.00,9.00,0.00,17.00,N/A
1958,6.16,AgentPrefab,Agent,MoveState,Moving,AllyPrefab,9.00,0.00,17.00,5.87,0.00,5.87,6.67,0.00,6.67,AStar
1959,6.17,AllyPrefab,Ally,AllyIdleState,Idling,AgentPrefab,5.88,0.00,5.88,9.00,0.00,17.00,9.00,0.00,17.00,N/A
1959,6.17,AgentPrefab,Agent,MoveState,Moving,AllyPrefab,9.00,0.00,17.00,5.88,0.00,5.88,6.67,0.00,6.67,AStar
1960,6.17,AllyPrefab,Ally,AllyIdleState,Idling,AgentPrefab,5.88,0.00,5.88,9.00,0.00,17.00,9.00,0.00,17.00,N/A
1960,6.17,AgentPrefab,Agent,MoveState,Moving,AllyPrefab,9.00,0.00,17.00,5.88,0.00,5.88,6.67,0.00,6.67,AStar
1961,6.17,AllyPrefab,Ally,AllyIdleState,Idling,AgentPrefab,5.89,0.00,5.89,9.00,0.00,17.00,9.00,0.00,17.00,N/A
1961,6.17,AgentPrefab,Agent,MoveState,Moving,AllyPrefab,9.00,0.00,17.00,5.89,0.00,5.89,6.67,0.00,6.67,AStar
1962,6.17,AllyPrefab,Ally,AllyIdleState,Idling,AgentPrefab,5.89,0.00,5.89,9.00,0.00,17.00,9.00,0.00,17.00,N/A
1962,6.17,AgentPrefab,Agent,MoveState,Moving,AllyPrefab,9.00,0.00,17.00,5.89,0.00,5.89,6.67,0.00,6.67,AStar
1963,6.18,AllyPrefab,Ally,AllyIdleState,Idling,AgentPrefab,5.89,0.00,5.89,9.00,0.00,17.00,9.00,0.00,17.00,N/A
1963,6.18,AgentPrefab,Agent,MoveState,Moving,AllyPrefab,9.00,0.00,17.00,5.89,0.00,5.89,6.67,0.00,6.67,AStar
1964,6.18,AllyPrefab,Ally,AllyIdleState,Idling,AgentPrefab,5.90,0.00,5.90,9.00,0.00,17.00,9.00,0.00,17.00,N/A
1964,6.18,AgentPrefab,Agent,MoveState,Moving,AllyPrefab,9.00,0.00,17.00,5.90,0.00,5.90,6.67,0.00,6.67,AStar
1965,6.18,AllyPrefab,Ally,AllyIdleState,Idling,AgentPrefab,5.90,0.00,5.90,9.00,0.00,17.00,9.00,0.00,17.00,N/A
1965,6.18,AgentPrefab,Agent,MoveState,Moving,AllyPrefab,9.00,0.00,17.00,5.90,0.00,5.90,6.67,0.00,6.67,AStar
1966,6.19,AllyPrefab,Ally,AllyIdleState,Idling,AgentPrefab,5.91,0.00,5.91,9.00,0.00,17.00,9.00,0.00,17.00,N/A
1966,6.19,AgentPrefab,Agent,MoveState,Moving,AllyPrefab,9.00,0.00,17.00,5.91,0.00,5.91,6.67,0.00,6.67,AStar
1967,6.19,AllyPrefab,Ally,AllyIdleState,Idling,AgentPrefab,5.91,0.00,5.91,9.00,0.00,17.00,9.00,0.00,17.00,N/A
1967,6.19,AgentPrefab,Agent,MoveState,Moving,AllyPrefab,9.00,0.00,17.00,5.91,0.00,5.91,6.67,0.00,6.67,AStar
1968,6.19,AllyPrefab,Ally,AllyIdleState,Idling,AgentPrefab,5.91,0.00,5.91,9.00,0.00,17.00,9.00,0.00,17.00,N/A
1968,6.19,AgentPrefab,Agent,MoveState,Moving,AllyPrefab,9.00,0.00,17.00,5.91,0.00,5.91,6.67,0.00,6.67,AStar
1969,6.19,AllyPrefab,Ally,AllyIdleState,Idling,AgentPrefab,5.92,0.00,5.92,9.00,0.00,17.00,9.00,0.00,17.00,N/A
1969,6.19,AgentPrefab,Agent,MoveState,Moving,AllyPrefab,9.00,0.00,17.00,5.92,0.00,5.92,6.67,0.00,6.67,AStar
1970,6.20,AllyPrefab,Ally,AllyIdleState,Idling,AgentPrefab,5.92,0.00,5.92,9.00,0.00,17.00,9.00,0.00,17.00,N/A
1970,6.20,AgentPrefab,Agent,MoveState,Moving,AllyPrefab,9.00,0.00,17.00,5.92,0.00,5.92,6.67,0.00,6.67,AStar
1971,6.20,AllyPrefab,Ally,AllyIdleState,Idling,AgentPrefab,5.93,0.00,5.93,9.00,0.00,17.00,9.00,0.00,17.00,N/A
1971,6.20,AgentPrefab,Agent,MoveState,Moving,AllyPrefab,9.00,0.00,17.00,5.93,0.00,5.93,6.67,0.00,6.67,AStar
1972,6.20,AllyPrefab,Ally,AllyIdleState,Idling,AgentPrefab,5.93,0.00,5.93,9.00,0.00,17.00,9.00,0.00,17.00,N/A
1972,6.20,AgentPrefab,Agent,MoveState,Moving,AllyPrefab,9.00,0.00,17.00,5.93,0.00,5.93,6.67,0.00,6.67,AStar
1973,6.21,AllyPrefab,Ally,AllyIdleState,Idling,AgentPrefab,5.94,0.00,5.94,9.00,0.00,17.00,9.00,0.00,17.00,N/A
1973,6.21,AgentPrefab,Agent,MoveState,Moving,AllyPrefab,9.00,0.00,17.00,5.94,0.00,5.94,6.67,0.00,6.67,AStar
1974,6.21,AllyPrefab,Ally,AllyIdleState,Idling,AgentPrefab,5.94,0.00,5.94,9.00,0.00,17.00,9.00,0.00,17.00,N/A
1974,6.21,AgentPrefab,Agent,MoveState,Moving,AllyPrefab,9.00,0.00,17.00,5.94,0.00,5.94,6.67,0.00,6.67,AStar
1975,6.21,AllyPrefab,Ally,AllyIdleState,Idling,AgentPrefab,5.94,0.00,5.94,9.00,0.00,17.00,9.00,0.00,17.00,N/A
1975,6.21,AgentPrefab,Agent,MoveState,Moving,AllyPrefab,9.00,0.00,17.00,5.94,0.00,5.94,6.67,0.00,6.67,AStar
1976,6.22,AllyPrefab,Ally,AllyIdleState,Idling,AgentPrefab,5.95,0.00,5.95,9.00,0.00,17.00,9.00,0.00,17.00,N/A
1976,6.22,AgentPrefab,Agent,MoveState,Moving,AllyPrefab,9.00,0.00,17.00,5.95,0.00,5.95,6.67,0.00,6.67,AStar
1977,6.22,AllyPrefab,Ally,AllyIdleState,Idling,AgentPrefab,5.95,0.00,5.95,9.00,0.00,17.00,9.00,0.00,17.00,N/A
1977,6.22,AgentPrefab,Agent,MoveState,Moving,AllyPrefab,9.00,0.00,17.00,5.95,0.00,5.95,6.67,0.00,6.67,AStar
1978,6.22,AllyPrefab,Ally,AllyIdleState,Idling,AgentPrefab,5.96,0.00,5.96,9.00,0.00,17.00,9.00,0.00,17.00,N/A
1978,6.22,AgentPrefab,Agent,MoveState,Moving,AllyPrefab,9.00,0.00,17.00,5.96,0.00,5.96,6.67,0.00,6.67,AStar
1979,6.23,AllyPrefab,Ally,AllyIdleState,Idling,AgentPrefab,5.96,0.00,5.96,9.00,0.00,17.00,9.00,0.00,17.00,N/A
1979,6.23,AgentPrefab,Agent,MoveState,Moving,AllyPrefab,9.00,0.00,17.00,5.96,0.00,5.96,6.67,0.00,6.67,AStar
1980,6.23,AllyPrefab,Ally,AllyIdleState,Idling,AgentPrefab,5.97,0.00,5.97,9.00,0.00,17.00,9.00,0.00,17.00,N/A
1980,6.23,AgentPrefab,Agent,MoveState,Moving,AllyPrefab,9.00,0.00,17.00,5.97,0.00,5.97,6.67,0.00,6.67,AStar
1981,6.23,AllyPrefab,Ally,AllyIdleState,Idling,AgentPrefab,5.97,0.00,5.97,9.00,0.00,17.00,9.00,0.00,17.00,N/A
1981,6.23,AgentPrefab,Agent,MoveState,Moving,AllyPrefab,9.00,0.00,17.00,5.97,0.00,5.97,6.67,0.00,6.67,AStar
1982,6.24,AllyPrefab,Ally,AllyIdleState,Idling,AgentPrefab,5.98,0.00,5.98,9.00,0.00,17.00,9.00,0.00,17.00,N/A
1982,6.24,AgentPrefab,Agent,MoveState,Moving,AllyPrefab,9.00,0.00,17.00,5.98,0.00,5.98,6.67,0.00,6.67,AStar
1983,6.24,AllyPrefab,Ally,AllyIdleState,Idling,AgentPrefab,5.98,0.00,5.98,9.00,0.00,17.00,9.00,0.00,17.00,N/A
1983,6.24,AgentPrefab,Agent,MoveState,Moving,AllyPrefab,9.00,0.00,17.00,5.98,0.00,5.98,6.67,0.00,6.67,AStar
1984,6.24,AllyPrefab,Ally,AllyIdleState,Idling,AgentPrefab,5.98,0.00,5.98,9.00,0.00,17.00,9.00,0.00,17.00,N/A
1984,6.24,AgentPrefab,Agent,MoveState,Moving,AllyPrefab,9.00,0.00,17.00,5.98,0.00,5.98,6.67,0.00,6.67,AStar
1985,6.24,AllyPrefab,Ally,AllyIdleState,Idling,AgentPrefab,5.99,0.00,5.99,9.00,0.00,17.00,9.00,0.00,17.00,N/A
1985,6.24,AgentPrefab,Agent,MoveState,Moving,AllyPrefab,9.00,0.00,17.00,5.99,0.00,5.99,6.67,0.00,6.67,AStar
1986,6.25,AllyPrefab,Ally,AllyIdleState,Idling,AgentPrefab,5.99,0.00,5.99,9.00,0.00,17.00,9.00,0.00,17.00,N/A
1986,6.25,AgentPrefab,Agent,MoveState,Moving,AllyPrefab,9.00,0.00,17.00,5.99,0.00,5.99,6.67,0.00,6.67,AStar
1987,6.25,AllyPrefab,Ally,AllyIdleState,Idling,AgentPrefab,6.00,0.00,6.00,9.00,0.00,17.00,9.00,0.00,17.00,N/A
1987,6.25,AgentPrefab,Agent,MoveState,Moving,AllyPrefab,9.00,0.00,17.00,6.00,0.00,6.00,6.67,0.00,6.67,AStar
1988,6.25,AllyPrefab,Ally,AllyIdleState,Idling,AgentPrefab,6.00,0.00,6.00,9.00,0.00,17.00,9.00,0.00,17.00,N/A
1988,6.25,AgentPrefab,Agent,MoveState,Moving,AllyPrefab,9.00,0.00,17.00,6.00,0.00,6.00,6.67,0.00,6.67,AStar
1989,6.26,AllyPrefab,Ally,AllyIdleState,Idling,AgentPrefab,6.01,0.00,6.01,9.00,0.00,17.00,9.00,0.00,17.00,N/A
1989,6.26,AgentPrefab,Agent,MoveState,Moving,AllyPrefab,9.00,0.00,17.00,6.01,0.00,6.01,6.67,0.00,6.67,AStar
1990,6.26,AllyPrefab,Ally,AllyIdleState,Idling,AgentPrefab,6.01,0.00,6.01,9.00,0.00,17.00,9.00,0.00,17.00,N/A
1990,6.26,AgentPrefab,Agent,MoveState,Moving,AllyPrefab,9.00,0.00,17.00,6.01,0.00,6.01,6.67,0.00,6.67,AStar
1991,6.26,AllyPrefab,Ally,AllyIdleState,Idling,AgentPrefab,6.01,0.00,6.01,9.00,0.00,17.00,9.00,0.00,17.00,N/A
1991,6.26,AgentPrefab,Agent,MoveState,Moving,AllyPrefab,9.00,0.00,17.00,6.01,0.00,6.01,6.67,0.00,6.67,AStar
1992,6.27,AllyPrefab,Ally,AllyIdleState,Idling,AgentPrefab,6.02,0.00,6.02,9.00,0.00,17.00,9.00,0.00,17.00,N/A
1992,6.27,AgentPrefab,Agent,MoveState,Moving,AllyPrefab,9.00,0.00,17.00,6.02,0.00,6.02,6.67,0.00,6.67,AStar
1993,6.27,AllyPrefab,Ally,AllyIdleState,Idling,AgentPrefab,6.02,0.00,6.02,9.00,0.00,17.00,9.00,0.00,17.00,N/A
1993,6.27,AgentPrefab,Agent,MoveState,Moving,AllyPrefab,9.00,0.00,17.00,6.02,0.00,6.02,6.67,0.00,6.67,AStar
1994,6.27,AllyPrefab,Ally,AllyIdleState,Idling,AgentPrefab,6.03,0.00,6.03,9.00,0.00,17.00,9.00,0.00,17.00,N/A
1994,6.27,AgentPrefab,Agent,MoveState,Moving,AllyPrefab,9.00,0.00,17.00,6.03,0.00,6.03,6.67,0.00,6.67,AStar
1995,6.28,AllyPrefab,Ally,AllyIdleState,Idling,AgentPrefab,6.03,0.00,6.03,9.00,0.00,17.00,9.00,0.00,17.00,N/A
1995,6.28,AgentPrefab,Agent,MoveState,Moving,AllyPrefab,9.00,0.00,17.00,6.03,0.00,6.03,6.67,0.00,6.67,AStar
1996,6.28,AllyPrefab,Ally,AllyIdleState,Idling,AgentPrefab,6.04,0.00,6.04,9.00,0.00,17.00,9.00,0.00,17.00,N/A
1996,6.28,AgentPrefab,Agent,MoveState,Moving,AllyPrefab,9.00,0.00,17.00,6.04,0.00,6.04,6.67,0.00,6.67,AStar
1997,6.28,AllyPrefab,Ally,AllyIdleState,Idling,AgentPrefab,6.04,0.00,6.04,9.00,0.00,17.00,9.00,0.00,17.00,N/A
1997,6.28,AgentPrefab,Agent,MoveState,Moving,AllyPrefab,9.00,0.00,17.00,6.04,0.00,6.04,6.67,0.00,6.67,AStar
1998,6.28,AllyPrefab,Ally,AllyIdleState,Idling,AgentPrefab,6.04,0.00,6.04,9.00,0.00,17.00,9.00,0.00,17.00,N/A
1998,6.28,AgentPrefab,Agent,MoveState,Moving,AllyPrefab,9.00,0.00,17.00,6.04,0.00,6.04,6.67,0.00,6.67,AStar
1999,6.29,AllyPrefab,Ally,AllyIdleState,Idling,AgentPrefab,6.05,0.00,6.05,9.00,0.00,17.00,9.00,0.00,17.00,N/A
1999,6.29,AgentPrefab,Agent,MoveState,Moving,AllyPrefab,9.00,0.00,17.00,6.05,0.00,6.05,6.67,0.00,6.67,AStar
2000,6.29,AllyPrefab,Ally,AllyIdleState,Idling,AgentPrefab,6.05,0.00,6.05,9.00,0.00,17.00,9.00,0.00,17.00,N/A
2000,6.29,AgentPrefab,Agent,MoveState,Moving,AllyPrefab,9.00,0.00,17.00,6.05,0.00,6.05,6.67,0.00,6.67,AStar
2001,6.29,AllyPrefab,Ally,AllyIdleState,Idling,AgentPrefab,6.06,0.00,6.06,9.00,0.00,17.00,9.00,0.00,17.00,N/A
2001,6.29,AgentPrefab,Agent,MoveState,Moving,AllyPrefab,9.00,0.00,17.00,6.06,0.00,6.06,6.67,0.00,6.67,AStar
2002,6.30,AllyPrefab,Ally,AllyIdleState,Idling,AgentPrefab,6.06,0.00,6.06,9.00,0.00,17.00,9.00,0.00,17.00,N/A
2002,6.30,AgentPrefab,Agent,MoveState,Moving,AllyPrefab,9.00,0.00,17.00,6.06,0.00,6.06,6.67,0.00,6.67,AStar
2003,6.30,AllyPrefab,Ally,AllyIdleState,Idling,AgentPrefab,6.06,0.00,6.06,9.00,0.00,17.00,9.00,0.00,17.00,N/A
2003,6.30,AgentPrefab,Agent,MoveState,Moving,AllyPrefab,9.00,0.00,17.00,6.06,0.00,6.06,6.67,0.00,6.67,AStar
2004,6.30,AllyPrefab,Ally,AllyIdleState,Idling,AgentPrefab,6.07,0.00,6.07,9.00,0.00,17.00,9.00,0.00,17.00,N/A
2004,6.30,AgentPrefab,Agent,MoveState,Moving,AllyPrefab,9.00,0.00,17.00,6.07,0.00,6.07,6.67,0.00,6.67,AStar
2005,6.31,AllyPrefab,Ally,AllyIdleState,Idling,AgentPrefab,6.08,0.00,6.08,9.00,0.00,17.00,9.00,0.00,17.00,N/A
2005,6.31,AgentPrefab,Agent,MoveState,Moving,AllyPrefab,9.00,0.00,17.00,6.08,0.00,6.08,6.67,0.00,6.67,AStar
2006,6.31,AllyPrefab,Ally,AllyIdleState,Idling,AgentPrefab,6.08,0.00,6.08,9.00,0.00,17.00,9.00,0.00,17.00,N/A
2006,6.31,AgentPrefab,Agent,MoveState,Moving,AllyPrefab,9.00,0.00,17.00,6.08,0.00,6.08,6.67,0.00,6.67,AStar
2007,6.31,AllyPrefab,Ally,AllyIdleState,Idling,AgentPrefab,6.08,0.00,6.08,9.00,0.00,17.00,9.00,0.00,17.00,N/A
2007,6.31,AgentPrefab,Agent,MoveState,Moving,AllyPrefab,9.00,0.00,17.00,6.08,0.00,6.08,6.67,0.00,6.67,AStar
2008,6.31,AllyPrefab,Ally,AllyIdleState,Idling,AgentPrefab,6.09,0.00,6.09,9.00,0.00,17.00,9.00,0.00,17.00,N/A
2008,6.31,AgentPrefab,Agent,MoveState,Moving,AllyPrefab,9.00,0.00,17.00,6.09,0.00,6.09,6.67,0.00,6.67,AStar
2009,6.32,AllyPrefab,Ally,AllyIdleState,Idling,AgentPrefab,6.09,0.00,6.09,9.00,0.00,17.00,9.00,0.00,17.00,N/A
2009,6.32,AgentPrefab,Agent,MoveState,Moving,AllyPrefab,9.00,0.00,17.00,6.09,0.00,6.09,6.67,0.00,6.67,AStar
2010,6.32,AllyPrefab,Ally,AllyIdleState,Idling,AgentPrefab,6.10,0.00,6.10,9.00,0.00,17.00,9.00,0.00,17.00,N/A
2010,6.32,AgentPrefab,Agent,MoveState,Moving,AllyPrefab,9.00,0.00,17.00,6.10,0.00,6.10,6.67,0.00,6.67,AStar
2011,6.32,AllyPrefab,Ally,AllyIdleState,Idling,AgentPrefab,6.10,0.00,6.10,9.00,0.00,17.00,9.00,0.00,17.00,N/A
2011,6.32,AgentPrefab,Agent,MoveState,Moving,AllyPrefab,9.00,0.00,17.00,6.10,0.00,6.10,6.67,0.00,6.67,AStar
2012,6.33,AllyPrefab,Ally,AllyIdleState,Idling,AgentPrefab,6.10,0.00,6.10,9.00,0.00,17.00,9.00,0.00,17.00,N/A
2012,6.33,AgentPrefab,Agent,MoveState,Moving,AllyPrefab,9.00,0.00,17.00,6.10,0.00,6.10,6.67,0.00,6.67,AStar
2013,6.33,AllyPrefab,Ally,AllyIdleState,Idling,AgentPrefab,6.11,0.00,6.11,9.00,0.00,17.00,9.00,0.00,17.00,N/A
2013,6.33,AgentPrefab,Agent,MoveState,Moving,AllyPrefab,9.00,0.00,17.00,6.11,0.00,6.11,6.67,0.00,6.67,AStar
2014,6.33,AllyPrefab,Ally,AllyIdleState,Idling,AgentPrefab,6.11,0.00,6.11,9.00,0.00,17.00,9.00,0.00,17.00,N/A
2014,6.33,AgentPrefab,Agent,MoveState,Moving,AllyPrefab,9.00,0.00,17.00,6.11,0.00,6.11,6.67,0.00,6.67,AStar
2015,6.34,AllyPrefab,Ally,AllyIdleState,Idling,AgentPrefab,6.12,0.00,6.12,9.00,0.00,17.00,9.00,0.00,17.00,N/A
2015,6.34,AgentPrefab,Agent,MoveState,Moving,AllyPrefab,9.00,0.00,17.00,6.12,0.00,6.12,6.67,0.00,6.67,AStar
2016,6.34,AllyPrefab,Ally,AllyIdleState,Idling,AgentPrefab,6.12,0.00,6.12,9.00,0.00,17.00,9.00,0.00,17.00,N/A
2016,6.34,AgentPrefab,Agent,MoveState,Moving,AllyPrefab,9.00,0.00,17.00,6.12,0.00,6.12,6.67,0.00,6.67,AStar
2017,6.34,AllyPrefab,Ally,AllyIdleState,Idling,AgentPrefab,6.12,0.00,6.12,9.00,0.00,17.00,9.00,0.00,17.00,N/A
2017,6.34,AgentPrefab,Agent,MoveState,Moving,AllyPrefab,9.00,0.00,17.00,6.12,0.00,6.12,6.67,0.00,6.67,AStar
2018,6.34,AllyPrefab,Ally,AllyIdleState,Idling,AgentPrefab,6.13,0.00,6.13,9.00,0.00,17.00,9.00,0.00,17.00,N/A
2018,6.34,AgentPrefab,Agent,MoveState,Moving,AllyPrefab,9.00,0.00,17.00,6.13,0.00,6.13,6.67,0.00,6.67,AStar
2019,6.35,AllyPrefab,Ally,AllyIdleState,Idling,AgentPrefab,6.13,0.00,6.13,9.00,0.00,17.00,9.00,0.00,17.00,N/A
2019,6.35,AgentPrefab,Agent,MoveState,Moving,AllyPrefab,9.00,0.00,17.00,6.13,0.00,6.13,6.67,0.00,6.67,AStar
2020,6.35,AllyPrefab,Ally,AllyIdleState,Idling,AgentPrefab,6.14,0.00,6.14,9.00,0.00,17.00,9.00,0.00,17.00,N/A
2020,6.35,AgentPrefab,Agent,MoveState,Moving,AllyPrefab,9.00,0.00,17.00,6.14,0.00,6.14,6.67,0.00,6.67,AStar
2021,6.35,AllyPrefab,Ally,AllyIdleState,Idling,AgentPrefab,6.14,0.00,6.14,9.00,0.00,17.00,9.00,0.00,17.00,N/A
2021,6.35,AgentPrefab,Agent,MoveState,Moving,AllyPrefab,9.00,0.00,17.00,6.14,0.00,6.14,6.67,0.00,6.67,AStar
2022,6.36,AllyPrefab,Ally,AllyIdleState,Idling,AgentPrefab,6.15,0.00,6.15,9.00,0.00,17.00,9.00,0.00,17.00,N/A
2022,6.36,AgentPrefab,Agent,MoveState,Moving,AllyPrefab,9.00,0.00,17.00,6.15,0.00,6.15,6.67,0.00,6.67,AStar
2023,6.36,AllyPrefab,Ally,AllyIdleState,Idling,AgentPrefab,6.15,0.00,6.15,9.00,0.00,17.00,9.00,0.00,17.00,N/A
2023,6.36,AgentPrefab,Agent,MoveState,Moving,AllyPrefab,9.00,0.00,17.00,6.15,0.00,6.15,6.67,0.00,6.67,AStar
2024,6.36,AllyPrefab,Ally,AllyIdleState,Idling,AgentPrefab,6.15,0.00,6.15,9.00,0.00,17.00,9.00,0.00,17.00,N/A
2024,6.36,AgentPrefab,Agent,MoveState,Moving,AllyPrefab,9.00,0.00,17.00,6.15,0.00,6.15,6.67,0.00,6.67,AStar
2025,6.36,AllyPrefab,Ally,AllyIdleState,Idling,AgentPrefab,6.16,0.00,6.16,9.00,0.00,17.00,9.00,0.00,17.00,N/A
2025,6.36,AgentPrefab,Agent,MoveState,Moving,AllyPrefab,9.00,0.00,17.00,6.16,0.00,6.16,6.67,0.00,6.67,AStar
2026,6.37,AllyPrefab,Ally,AllyIdleState,Idling,AgentPrefab,6.16,0.00,6.16,9.00,0.00,17.00,9.00,0.00,17.00,N/A
2026,6.37,AgentPrefab,Agent,MoveState,Moving,AllyPrefab,9.00,0.00,17.00,6.16,0.00,6.16,6.67,0.00,6.67,AStar
2027,6.37,AllyPrefab,Ally,AllyIdleState,Idling,AgentPrefab,6.17,0.00,6.17,9.00,0.00,17.00,9.00,0.00,17.00,N/A
2027,6.37,AgentPrefab,Agent,MoveState,Moving,AllyPrefab,9.00,0.00,17.00,6.17,0.00,6.17,6.67,0.00,6.67,AStar
2028,6.37,AllyPrefab,Ally,AllyIdleState,Idling,AgentPrefab,6.17,0.00,6.17,9.00,0.00,17.00,9.00,0.00,17.00,N/A
2028,6.37,AgentPrefab,Agent,MoveState,Moving,AllyPrefab,9.00,0.00,17.00,6.17,0.00,6.17,6.67,0.00,6.67,AStar
2029,6.38,AllyPrefab,Ally,AllyIdleState,Idling,AgentPrefab,6.17,0.00,6.17,9.00,0.00,17.00,9.00,0.00,17.00,N/A
2029,6.38,AgentPrefab,Agent,MoveState,Moving,AllyPrefab,9.00,0.00,17.00,6.17,0.00,6.17,6.67,0.00,6.67,AStar
2030,6.38,AllyPrefab,Ally,AllyIdleState,Idling,AgentPrefab,6.18,0.00,6.18,9.00,0.00,17.00,9.00,0.00,17.00,N/A
2030,6.38,AgentPrefab,Agent,MoveState,Moving,AllyPrefab,9.00,0.00,17.00,6.18,0.00,6.18,6.67,0.00,6.67,AStar
2031,6.38,AllyPrefab,Ally,AllyIdleState,Idling,AgentPrefab,6.18,0.00,6.18,9.00,0.00,17.00,9.00,0.00,17.00,N/A
2031,6.38,AgentPrefab,Agent,MoveState,Moving,AllyPrefab,9.00,0.00,17.00,6.18,0.00,6.18,6.67,0.00,6.67,AStar
2032,6.39,AllyPrefab,Ally,AllyIdleState,Idling,AgentPrefab,6.19,0.00,6.19,9.00,0.00,17.00,9.00,0.00,17.00,N/A
2032,6.39,AgentPrefab,Agent,MoveState,Moving,AllyPrefab,9.00,0.00,17.00,6.19,0.00,6.19,6.67,0.00,6.67,AStar
2033,6.39,AllyPrefab,Ally,AllyIdleState,Idling,AgentPrefab,6.19,0.00,6.19,9.00,0.00,17.00,9.00,0.00,17.00,N/A
2033,6.39,AgentPrefab,Agent,MoveState,Moving,AllyPrefab,9.00,0.00,17.00,6.19,0.00,6.19,6.67,0.00,6.67,AStar
2034,6.39,AllyPrefab,Ally,AllyIdleState,Idling,AgentPrefab,6.20,0.00,6.20,9.00,0.00,17.00,9.00,0.00,17.00,N/A
2034,6.39,AgentPrefab,Agent,MoveState,Moving,AllyPrefab,9.00,0.00,17.00,6.20,0.00,6.20,6.67,0.00,6.67,AStar
2035,6.40,AllyPrefab,Ally,AllyIdleState,Idling,AgentPrefab,6.20,0.00,6.20,9.00,0.00,17.00,9.00,0.00,17.00,N/A
2035,6.40,AgentPrefab,Agent,MoveState,Moving,AllyPrefab,9.00,0.00,17.00,6.20,0.00,6.20,6.67,0.00,6.67,AStar
2036,6.40,AllyPrefab,Ally,AllyIdleState,Idling,AgentPrefab,6.21,0.00,6.21,9.00,0.00,17.00,9.00,0.00,17.00,N/A
2036,6.40,AgentPrefab,Agent,MoveState,Moving,AllyPrefab,9.00,0.00,17.00,6.21,0.00,6.21,6.67,0.00,6.67,AStar
2037,6.40,AllyPrefab,Ally,AllyIdleState,Idling,AgentPrefab,6.21,0.00,6.21,9.00,0.00,17.00,9.00,0.00,17.00,N/A
2037,6.40,AgentPrefab,Agent,MoveState,Moving,AllyPrefab,9.00,0.00,17.00,6.21,0.00,6.21,6.67,0.00,6.67,AStar
2038,6.40,AllyPrefab,Ally,AllyIdleState,Idling,AgentPrefab,6.21,0.00,6.21,9.00,0.00,17.00,9.00,0.00,17.00,N/A
2038,6.40,AgentPrefab,Agent,MoveState,Moving,AllyPrefab,9.00,0.00,17.00,6.21,0.00,6.21,6.67,0.00,6.67,AStar
2039,6.41,AllyPrefab,Ally,AllyIdleState,Idling,AgentPrefab,6.22,0.00,6.22,9.00,0.00,17.00,9.00,0.00,17.00,N/A
2039,6.41,AgentPrefab,Agent,MoveState,Moving,AllyPrefab,9.00,0.00,17.00,6.22,0.00,6.22,6.67,0.00,6.67,AStar
2040,6.41,AllyPrefab,Ally,AllyIdleState,Idling,AgentPrefab,6.22,0.00,6.22,9.00,0.00,17.00,9.00,0.00,17.00,N/A
2040,6.41,AgentPrefab,Agent,MoveState,Moving,AllyPrefab,9.00,0.00,17.00,6.22,0.00,6.22,6.67,0.00,6.67,AStar
2041,6.41,AllyPrefab,Ally,AllyIdleState,Idling,AgentPrefab,6.23,0.00,6.23,9.00,0.00,17.00,9.00,0.00,17.00,N/A
2041,6.41,AgentPrefab,Agent,MoveState,Moving,AllyPrefab,9.00,0.00,17.00,6.23,0.00,6.23,6.67,0.00,6.67,AStar
2042,6.42,AllyPrefab,Ally,AllyIdleState,Idling,AgentPrefab,6.23,0.00,6.23,9.00,0.00,17.00,9.00,0.00,17.00,N/A
2042,6.42,AgentPrefab,Agent,MoveState,Moving,AllyPrefab,9.00,0.00,17.00,6.23,0.00,6.23,6.67,0.00,6.67,AStar
2043,6.42,AllyPrefab,Ally,AllyIdleState,Idling,AgentPrefab,6.24,0.00,6.24,9.00,0.00,17.00,9.00,0.00,17.00,N/A
2043,6.42,AgentPrefab,Agent,MoveState,Moving,AllyPrefab,9.00,0.00,17.00,6.24,0.00,6.24,6.67,0.00,6.67,AStar
2044,6.42,AllyPrefab,Ally,AllyIdleState,Idling,AgentPrefab,6.24,0.00,6.24,9.00,0.00,17.00,9.00,0.00,17.00,N/A
2044,6.42,AgentPrefab,Agent,MoveState,Moving,AllyPrefab,9.00,0.00,17.00,6.24,0.00,6.24,6.67,0.00,6.67,AStar
2045,6.43,AllyPrefab,Ally,AllyIdleState,Idling,AgentPrefab,6.25,0.00,6.25,9.00,0.00,17.00,9.00,0.00,17.00,N/A
2045,6.43,AgentPrefab,Agent,MoveState,Moving,AllyPrefab,9.00,0.00,17.00,6.25,0.00,6.25,6.67,0.00,6.67,AStar
2046,6.43,AllyPrefab,Ally,AllyIdleState,Idling,AgentPrefab,6.25,0.00,6.25,9.00,0.00,17.00,9.00,0.00,17.00,N/A
2046,6.43,AgentPrefab,Agent,MoveState,Moving,AllyPrefab,9.00,0.00,17.00,6.25,0.00,6.25,6.67,0.00,6.67,AStar
2047,6.43,AllyPrefab,Ally,AllyIdleState,Idling,AgentPrefab,6.26,0.00,6.26,9.00,0.00,17.00,9.00,0.00,17.00,N/A
2047,6.43,AgentPrefab,Agent,MoveState,Moving,AllyPrefab,9.00,0.00,17.00,6.26,0.00,6.26,6.67,0.00,6.67,AStar
2048,6.44,AllyPrefab,Ally,AllyIdleState,Idling,AgentPrefab,6.26,0.00,6.26,9.00,0.00,17.00,9.00,0.00,17.00,N/A
2048,6.44,AgentPrefab,Agent,MoveState,Moving,AllyPrefab,9.00,0.00,17.00,6.26,0.00,6.26,6.67,0.00,6.67,AStar
2049,6.44,AllyPrefab,Ally,AllyIdleState,Idling,AgentPrefab,6.26,0.00,6.26,9.00,0.00,17.00,9.00,0.00,17.00,N/A
2049,6.44,AgentPrefab,Agent,MoveState,Moving,AllyPrefab,9.00,0.00,17.00,6.26,0.00,6.26,6.67,0.00,6.67,AStar
2050,6.44,AllyPrefab,Ally,AllyIdleState,Idling,AgentPrefab,6.27,0.00,6.27,9.00,0.00,17.00,9.00,0.00,17.00,N/A
2050,6.44,AgentPrefab,Agent,MoveState,Moving,AllyPrefab,9.00,0.00,17.00,6.27,0.00,6.27,6.67,0.00,6.67,AStar
2051,6.44,AllyPrefab,Ally,AllyIdleState,Idling,AgentPrefab,6.27,0.00,6.27,9.00,0.00,17.00,9.00,0.00,17.00,N/A
2051,6.44,AgentPrefab,Agent,MoveState,Moving,AllyPrefab,9.00,0.00,17.00,6.27,0.00,6.27,6.67,0.00,6.67,AStar
2052,6.45,AllyPrefab,Ally,AllyIdleState,Idling,AgentPrefab,6.28,0.00,6.28,9.00,0.00,17.00,9.00,0.00,17.00,N/A
2052,6.45,AgentPrefab,Agent,MoveState,Moving,AllyPrefab,9.00,0.00,17.00,6.28,0.00,6.28,6.67,0.00,6.67,AStar
2053,6.45,AllyPrefab,Ally,AllyIdleState,Idling,AgentPrefab,6.28,0.00,6.28,9.00,0.00,17.00,9.00,0.00,17.00,N/A
2053,6.45,AgentPrefab,Agent,MoveState,Moving,AllyPrefab,9.00,0.00,17.00,6.28,0.00,6.28,6.67,0.00,6.67,AStar
2054,6.45,AllyPrefab,Ally,AllyIdleState,Idling,AgentPrefab,6.28,0.00,6.28,9.00,0.00,17.00,9.00,0.00,17.00,N/A
2054,6.45,AgentPrefab,Agent,MoveState,Moving,AllyPrefab,9.00,0.00,17.00,6.28,0.00,6.28,6.67,0.00,6.67,AStar
2055,6.46,AllyPrefab,Ally,AllyIdleState,Idling,AgentPrefab,6.29,0.00,6.29,9.00,0.00,17.00,9.00,0.00,17.00,N/A
2055,6.46,AgentPrefab,Agent,MoveState,Moving,AllyPrefab,9.00,0.00,17.00,6.29,0.00,6.29,6.67,0.00,6.67,AStar
2056,6.46,AllyPrefab,Ally,AllyIdleState,Idling,AgentPrefab,6.29,0.00,6.29,9.00,0.00,17.00,9.00,0.00,17.00,N/A
2056,6.46,AgentPrefab,Agent,MoveState,Moving,AllyPrefab,9.00,0.00,17.00,6.29,0.00,6.29,6.67,0.00,6.67,AStar
2057,6.46,AllyPrefab,Ally,AllyIdleState,Idling,AgentPrefab,6.30,0.00,6.30,9.00,0.00,17.00,9.00,0.00,17.00,N/A
2057,6.46,AgentPrefab,Agent,MoveState,Moving,AllyPrefab,9.00,0.00,17.00,6.30,0.00,6.30,6.67,0.00,6.67,AStar
2058,6.47,AllyPrefab,Ally,AllyIdleState,Idling,AgentPrefab,6.30,0.00,6.30,9.00,0.00,17.00,9.00,0.00,17.00,N/A
2058,6.47,AgentPrefab,Agent,MoveState,Moving,AllyPrefab,9.00,0.00,17.00,6.30,0.00,6.30,6.67,0.00,6.67,AStar
2059,6.47,AllyPrefab,Ally,AllyIdleState,Idling,AgentPrefab,6.31,0.00,6.31,9.00,0.00,17.00,9.00,0.00,17.00,N/A
2059,6.47,AgentPrefab,Agent,MoveState,Moving,AllyPrefab,9.00,0.00,17.00,6.31,0.00,6.31,6.67,0.00,6.67,AStar
2060,6.47,AllyPrefab,Ally,AllyIdleState,Idling,AgentPrefab,6.31,0.00,6.31,9.00,0.00,17.00,9.00,0.00,17.00,N/A
2060,6.47,AgentPrefab,Agent,MoveState,Moving,AllyPrefab,9.00,0.00,17.00,6.31,0.00,6.31,6.67,0.00,6.67,AStar
2061,6.47,AllyPrefab,Ally,AllyIdleState,Idling,AgentPrefab,6.31,0.00,6.31,9.00,0.00,17.00,9.00,0.00,17.00,N/A
2061,6.47,AgentPrefab,Agent,MoveState,Moving,AllyPrefab,9.00,0.00,17.00,6.31,0.00,6.31,6.67,0.00,6.67,AStar
2062,6.48,AllyPrefab,Ally,AllyIdleState,Idling,AgentPrefab,6.32,0.00,6.32,9.00,0.00,17.00,9.00,0.00,17.00,N/A
2062,6.48,AgentPrefab,Agent,MoveState,Moving,AllyPrefab,9.00,0.00,17.00,6.32,0.00,6.32,6.67,0.00,6.67,AStar
2063,6.48,AllyPrefab,Ally,AllyIdleState,Idling,AgentPrefab,6.32,0.00,6.32,9.00,0.00,17.00,9.00,0.00,17.00,N/A
2063,6.48,AgentPrefab,Agent,MoveState,Moving,AllyPrefab,9.00,0.00,17.00,6.32,0.00,6.32,6.67,0.00,6.67,AStar
2064,6.48,AllyPrefab,Ally,AllyIdleState,Idling,AgentPrefab,6.33,0.00,6.33,9.00,0.00,17.00,9.00,0.00,17.00,N/A
2064,6.48,AgentPrefab,Agent,MoveState,Moving,AllyPrefab,9.00,0.00,17.00,6.33,0.00,6.33,6.67,0.00,6.67,AStar
2065,6.49,AllyPrefab,Ally,AllyIdleState,Idling,AgentPrefab,6.33,0.00,6.33,9.00,0.00,17.00,9.00,0.00,17.00,N/A
2065,6.49,AgentPrefab,Agent,MoveState,Moving,AllyPrefab,9.00,0.00,17.00,6.33,0.00,6.33,6.67,0.00,6.67,AStar
2066,6.49,AllyPrefab,Ally,AllyIdleState,Idling,AgentPrefab,6.34,0.00,6.34,9.00,0.00,17.00,9.00,0.00,17.00,N/A
2066,6.49,AgentPrefab,Agent,MoveState,Moving,AllyPrefab,9.00,0.00,17.00,6.34,0.00,6.34,6.67,0.00,6.67,AStar
2067,6.49,AllyPrefab,Ally,AllyIdleState,Idling,AgentPrefab,6.34,0.00,6.34,9.00,0.00,17.00,9.00,0.00,17.00,N/A
2067,6.49,AgentPrefab,Agent,MoveState,Moving,AllyPrefab,9.00,0.00,17.00,6.34,0.00,6.34,6.67,0.00,6.67,AStar
2068,6.50,AllyPrefab,Ally,AllyIdleState,Idling,AgentPrefab,6.34,0.00,6.34,9.00,0.00,17.00,9.00,0.00,17.00,N/A
2068,6.50,AgentPrefab,Agent,MoveState,Moving,AllyPrefab,9.00,0.00,17.00,6.34,0.00,6.34,6.67,0.00,6.67,AStar
2069,6.50,AllyPrefab,Ally,AllyIdleState,Idling,AgentPrefab,6.35,0.00,6.35,9.00,0.00,17.00,9.00,0.00,17.00,N/A
2069,6.50,AgentPrefab,Agent,MoveState,Moving,AllyPrefab,9.00,0.00,17.00,6.35,0.00,6.35,6.67,0.00,6.67,AStar
2070,6.50,AllyPrefab,Ally,AllyIdleState,Idling,AgentPrefab,6.35,0.00,6.35,9.00,0.00,17.00,9.00,0.00,17.00,N/A
2070,6.50,AgentPrefab,Agent,MoveState,Moving,AllyPrefab,9.00,0.00,17.00,6.35,0.00,6.35,6.67,0.00,6.67,AStar
2071,6.50,AllyPrefab,Ally,AllyIdleState,Idling,AgentPrefab,6.36,0.00,6.36,9.00,0.00,17.00,9.00,0.00,17.00,N/A
2071,6.50,AgentPrefab,Agent,MoveState,Moving,AllyPrefab,9.00,0.00,17.00,6.36,0.00,6.36,6.67,0.00,6.67,AStar
2072,6.51,AllyPrefab,Ally,AllyIdleState,Idling,AgentPrefab,6.36,0.00,6.36,9.00,0.00,17.00,9.00,0.00,17.00,N/A
2072,6.51,AgentPrefab,Agent,MoveState,Moving,AllyPrefab,9.00,0.00,17.00,6.36,0.00,6.36,6.67,0.00,6.67,AStar
2073,6.51,AllyPrefab,Ally,AllyIdleState,Idling,AgentPrefab,6.36,0.00,6.36,9.00,0.00,17.00,9.00,0.00,17.00,N/A
2073,6.51,AgentPrefab,Agent,MoveState,Moving,AllyPrefab,9.00,0.00,17.00,6.36,0.00,6.36,6.67,0.00,6.67,AStar
2074,6.51,AllyPrefab,Ally,AllyIdleState,Idling,AgentPrefab,6.37,0.00,6.37,9.00,0.00,17.00,9.00,0.00,17.00,N/A
2074,6.51,AgentPrefab,Agent,MoveState,Moving,AllyPrefab,9.00,0.00,17.00,6.37,0.00,6.37,6.67,0.00,6.67,AStar
2075,6.52,AllyPrefab,Ally,AllyIdleState,Idling,AgentPrefab,6.37,0.00,6.37,9.00,0.00,17.00,9.00,0.00,17.00,N/A
2075,6.52,AgentPrefab,Agent,MoveState,Moving,AllyPrefab,9.00,0.00,17.00,6.37,0.00,6.37,6.67,0.00,6.67,AStar
2076,6.52,AllyPrefab,Ally,AllyIdleState,Idling,AgentPrefab,6.38,0.00,6.38,9.00,0.00,17.00,9.00,0.00,17.00,N/A
2076,6.52,AgentPrefab,Agent,MoveState,Moving,AllyPrefab,9.00,0.00,17.00,6.38,0.00,6.38,6.67,0.00,6.67,AStar
2077,6.52,AllyPrefab,Ally,AllyIdleState,Idling,AgentPrefab,6.38,0.00,6.38,9.00,0.00,17.00,9.00,0.00,17.00,N/A
2077,6.52,AgentPrefab,Agent,MoveState,Moving,AllyPrefab,9.00,0.00,17.00,6.38,0.00,6.38,6.67,0.00,6.67,AStar
2078,6.53,AllyPrefab,Ally,AllyIdleState,Idling,AgentPrefab,6.39,0.00,6.39,9.00,0.00,17.00,9.00,0.00,17.00,N/A
2078,6.53,AgentPrefab,Agent,MoveState,Moving,AllyPrefab,9.00,0.00,17.00,6.39,0.00,6.39,6.67,0.00,6.67,AStar
2079,6.53,AllyPrefab,Ally,AllyIdleState,Idling,AgentPrefab,6.39,0.00,6.39,9.00,0.00,17.00,9.00,0.00,17.00,N/A
2079,6.53,AgentPrefab,Agent,MoveState,Moving,AllyPrefab,9.00,0.00,17.00,6.39,0.00,6.39,6.67,0.00,6.67,AStar
2080,6.53,AllyPrefab,Ally,AllyIdleState,Idling,AgentPrefab,6.40,0.00,6.40,9.00,0.00,17.00,9.00,0.00,17.00,N/A
2080,6.53,AgentPrefab,Agent,MoveState,Moving,AllyPrefab,9.00,0.00,17.00,6.40,0.00,6.40,6.67,0.00,6.67,AStar
2081,6.54,AllyPrefab,Ally,AllyIdleState,Idling,AgentPrefab,6.40,0.00,6.40,9.00,0.00,17.00,9.00,0.00,17.00,N/A
2081,6.54,AgentPrefab,Agent,MoveState,Moving,AllyPrefab,9.00,0.00,17.00,6.40,0.00,6.40,6.67,0.00,6.67,AStar
2082,6.54,AllyPrefab,Ally,AllyIdleState,Idling,AgentPrefab,6.41,0.00,6.41,9.00,0.00,17.00,9.00,0.00,17.00,N/A
2082,6.54,AgentPrefab,Agent,MoveState,Moving,AllyPrefab,9.00,0.00,17.00,6.41,0.00,6.41,6.67,0.00,6.67,AStar
2083,6.54,AllyPrefab,Ally,AllyIdleState,Idling,AgentPrefab,6.41,0.00,6.41,9.00,0.00,17.00,9.00,0.00,17.00,N/A
2083,6.54,AgentPrefab,Agent,MoveState,Moving,AllyPrefab,9.00,0.00,17.00,6.41,0.00,6.41,6.67,0.00,6.67,AStar
2084,6.54,AllyPrefab,Ally,AllyIdleState,Idling,AgentPrefab,6.41,0.00,6.41,9.00,0.00,17.00,9.00,0.00,17.00,N/A
2084,6.54,AgentPrefab,Agent,MoveState,Moving,AllyPrefab,9.00,0.00,17.00,6.41,0.00,6.41,6.67,0.00,6.67,AStar
2085,6.55,AllyPrefab,Ally,AllyIdleState,Idling,AgentPrefab,6.42,0.00,6.42,9.00,0.00,17.00,9.00,0.00,17.00,N/A
2085,6.55,AgentPrefab,Agent,MoveState,Moving,AllyPrefab,9.00,0.00,17.00,6.42,0.00,6.42,6.67,0.00,6.67,AStar
2086,6.55,AllyPrefab,Ally,AllyIdleState,Idling,AgentPrefab,6.42,0.00,6.42,9.00,0.00,17.00,9.00,0.00,17.00,N/A
2086,6.55,AgentPrefab,Agent,MoveState,Moving,AllyPrefab,9.00,0.00,17.00,6.42,0.00,6.42,6.67,0.00,6.67,AStar
2087,6.55,AllyPrefab,Ally,AllyIdleState,Idling,AgentPrefab,6.43,0.00,6.43,9.00,0.00,17.00,9.00,0.00,17.00,N/A
2087,6.55,AgentPrefab,Agent,MoveState,Moving,AllyPrefab,9.00,0.00,17.00,6.43,0.00,6.43,6.67,0.00,6.67,AStar
2088,6.56,AllyPrefab,Ally,AllyIdleState,Idling,AgentPrefab,6.43,0.00,6.43,9.00,0.00,17.00,9.00,0.00,17.00,N/A
2088,6.56,AgentPrefab,Agent,MoveState,Moving,AllyPrefab,9.00,0.00,17.00,6.43,0.00,6.43,6.67,0.00,6.67,AStar
2089,6.56,AllyPrefab,Ally,AllyIdleState,Idling,AgentPrefab,6.44,0.00,6.44,9.00,0.00,17.00,9.00,0.00,17.00,N/A
2089,6.56,AgentPrefab,Agent,MoveState,Moving,AllyPrefab,9.00,0.00,17.00,6.44,0.00,6.44,6.67,0.00,6.67,AStar
2090,6.56,AllyPrefab,Ally,AllyIdleState,Idling,AgentPrefab,6.44,0.00,6.44,9.00,0.00,17.00,9.00,0.00,17.00,N/A
2090,6.56,AgentPrefab,Agent,MoveState,Moving,AllyPrefab,9.00,0.00,17.00,6.44,0.00,6.44,6.67,0.00,6.67,AStar
2091,6.57,AllyPrefab,Ally,AllyIdleState,Idling,AgentPrefab,6.44,0.00,6.44,9.00,0.00,17.00,9.00,0.00,17.00,N/A
2091,6.57,AgentPrefab,Agent,MoveState,Moving,AllyPrefab,9.00,0.00,17.00,6.44,0.00,6.44,6.67,0.00,6.67,AStar
2092,6.57,AllyPrefab,Ally,AllyIdleState,Idling,AgentPrefab,6.45,0.00,6.45,9.00,0.00,17.00,9.00,0.00,17.00,N/A
2092,6.57,AgentPrefab,Agent,MoveState,Moving,AllyPrefab,9.00,0.00,17.00,6.45,0.00,6.45,6.67,0.00,6.67,AStar
2093,6.57,AllyPrefab,Ally,AllyIdleState,Idling,AgentPrefab,6.45,0.00,6.45,9.00,0.00,17.00,9.00,0.00,17.00,N/A
2093,6.57,AgentPrefab,Agent,MoveState,Moving,AllyPrefab,9.00,0.00,17.00,6.45,0.00,6.45,6.67,0.00,6.67,AStar
2094,6.57,AllyPrefab,Ally,AllyIdleState,Idling,AgentPrefab,6.46,0.00,6.46,9.00,0.00,17.00,9.00,0.00,17.00,N/A
2094,6.57,AgentPrefab,Agent,MoveState,Moving,AllyPrefab,9.00,0.00,17.00,6.46,0.00,6.46,6.67,0.00,6.67,AStar
2095,6.58,AllyPrefab,Ally,AllyIdleState,Idling,AgentPrefab,6.46,0.00,6.46,9.00,0.00,17.00,9.00,0.00,17.00,N/A
2095,6.58,AgentPrefab,Agent,MoveState,Moving,AllyPrefab,9.00,0.00,17.00,6.46,0.00,6.46,6.67,0.00,6.67,AStar
2096,6.58,AllyPrefab,Ally,AllyIdleState,Idling,AgentPrefab,6.46,0.00,6.46,9.00,0.00,17.00,9.00,0.00,17.00,N/A
2096,6.58,AgentPrefab,Agent,MoveState,Moving,AllyPrefab,9.00,0.00,17.00,6.46,0.00,6.46,6.67,0.00,6.67,AStar
2097,6.59,AllyPrefab,Ally,AllyIdleState,Idling,AgentPrefab,6.47,0.00,6.47,9.00,0.00,17.00,9.00,0.00,17.00,N/A
2097,6.59,AgentPrefab,Agent,MoveState,Moving,AllyPrefab,9.00,0.00,17.00,6.47,0.00,6.47,6.67,0.00,6.67,AStar
2098,6.59,AllyPrefab,Ally,AllyIdleState,Idling,AgentPrefab,6.47,0.00,6.47,9.00,0.00,17.00,9.00,0.00,17.00,N/A
2098,6.59,AgentPrefab,Agent,MoveState,Moving,AllyPrefab,9.00,0.00,17.00,6.47,0.00,6.47,6.67,0.00,6.67,AStar
2099,6.59,AllyPrefab,Ally,AllyIdleState,Idling,AgentPrefab,6.48,0.00,6.48,9.00,0.00,17.00,9.00,0.00,17.00,N/A
2099,6.59,AgentPrefab,Agent,MoveState,Moving,AllyPrefab,9.00,0.00,17.00,6.48,0.00,6.48,6.67,0.00,6.67,AStar
2100,6.59,AllyPrefab,Ally,AllyIdleState,Idling,AgentPrefab,6.48,0.00,6.48,9.00,0.00,17.00,9.00,0.00,17.00,N/A
2100,6.59,AgentPrefab,Agent,MoveState,Moving,AllyPrefab,9.00,0.00,17.00,6.48,0.00,6.48,6.67,0.00,6.67,AStar
2101,6.60,AllyPrefab,Ally,AllyIdleState,Idling,AgentPrefab,6.49,0.00,6.49,9.00,0.00,17.00,9.00,0.00,17.00,N/A
2101,6.60,AgentPrefab,Agent,MoveState,Moving,AllyPrefab,9.00,0.00,17.00,6.49,0.00,6.49,6.67,0.00,6.67,AStar
2102,6.60,AllyPrefab,Ally,AllyIdleState,Idling,AgentPrefab,6.49,0.00,6.49,9.00,0.00,17.00,9.00,0.00,17.00,N/A
2102,6.60,AgentPrefab,Agent,MoveState,Moving,AllyPrefab,9.00,0.00,17.00,6.49,0.00,6.49,6.67,0.00,6.67,AStar
2103,6.60,AllyPrefab,Ally,AllyIdleState,Idling,AgentPrefab,6.50,0.00,6.50,9.00,0.00,17.00,9.00,0.00,17.00,N/A
2103,6.60,AgentPrefab,Agent,MoveState,Moving,AllyPrefab,9.00,0.00,17.00,6.50,0.00,6.50,6.67,0.00,6.67,AStar
2104,6.61,AllyPrefab,Ally,AllyIdleState,Idling,AgentPrefab,6.50,0.00,6.50,9.00,0.00,17.00,9.00,0.00,17.00,N/A
2104,6.61,AgentPrefab,Agent,MoveState,Moving,AllyPrefab,9.00,0.00,17.00,6.50,0.00,6.50,6.67,0.00,6.67,AStar
2105,6.61,AllyPrefab,Ally,AllyIdleState,Idling,AgentPrefab,6.50,0.00,6.50,9.00,0.00,17.00,9.00,0.00,17.00,N/A
2105,6.61,AgentPrefab,Agent,MoveState,Moving,AllyPrefab,9.00,0.00,17.00,6.50,0.00,6.50,6.67,0.00,6.67,AStar
2106,6.61,AllyPrefab,Ally,AllyIdleState,Idling,AgentPrefab,6.51,0.00,6.51,9.00,0.00,17.00,9.00,0.00,17.00,N/A
2106,6.61,AgentPrefab,Agent,MoveState,Moving,AllyPrefab,9.00,0.00,17.00,6.51,0.00,6.51,6.67,0.00,6.67,AStar
2107,6.61,AllyPrefab,Ally,AllyIdleState,Idling,AgentPrefab,6.51,0.00,6.51,9.00,0.00,17.00,9.00,0.00,17.00,N/A
2107,6.61,AgentPrefab,Agent,MoveState,Moving,AllyPrefab,9.00,0.00,17.00,6.51,0.00,6.51,6.67,0.00,6.67,AStar
2108,6.62,AllyPrefab,Ally,AllyIdleState,Idling,AgentPrefab,6.52,0.00,6.52,9.00,0.00,17.00,9.00,0.00,17.00,N/A
2108,6.62,AgentPrefab,Agent,MoveState,Moving,AllyPrefab,9.00,0.00,17.00,6.52,0.00,6.52,6.67,0.00,6.67,AStar
2109,6.62,AllyPrefab,Ally,AllyIdleState,Idling,AgentPrefab,6.52,0.00,6.52,9.00,0.00,17.00,9.00,0.00,17.00,N/A
2109,6.62,AgentPrefab,Agent,MoveState,Moving,AllyPrefab,9.00,0.00,17.00,6.52,0.00,6.52,6.67,0.00,6.67,AStar
2110,6.62,AllyPrefab,Ally,AllyIdleState,Idling,AgentPrefab,6.52,0.00,6.52,9.00,0.00,17.00,9.00,0.00,17.00,N/A
2110,6.62,AgentPrefab,Agent,MoveState,Moving,AllyPrefab,9.00,0.00,17.00,6.52,0.00,6.52,6.67,0.00,6.67,AStar
2111,6.63,AllyPrefab,Ally,AllyIdleState,Idling,AgentPrefab,6.53,0.00,6.53,9.00,0.00,17.00,9.00,0.00,17.00,N/A
2111,6.63,AgentPrefab,Agent,MoveState,Moving,AllyPrefab,9.00,0.00,17.00,6.53,0.00,6.53,6.67,0.00,6.67,AStar
2112,6.63,AllyPrefab,Ally,AllyIdleState,Idling,AgentPrefab,6.53,0.00,6.53,9.00,0.00,17.00,9.00,0.00,17.00,N/A
2112,6.63,AgentPrefab,Agent,MoveState,Moving,AllyPrefab,9.00,0.00,17.00,6.53,0.00,6.53,6.67,0.00,6.67,AStar
2113,6.63,AllyPrefab,Ally,AllyIdleState,Idling,AgentPrefab,6.54,0.00,6.54,9.00,0.00,17.00,9.00,0.00,17.00,N/A
2113,6.63,AgentPrefab,Agent,MoveState,Moving,AllyPrefab,9.00,0.00,17.00,6.54,0.00,6.54,6.67,0.00,6.67,AStar
2114,6.64,AllyPrefab,Ally,AllyIdleState,Idling,AgentPrefab,6.54,0.00,6.54,9.00,0.00,17.00,9.00,0.00,17.00,N/A
2114,6.64,AgentPrefab,Agent,MoveState,Moving,AllyPrefab,9.00,0.00,17.00,6.54,0.00,6.54,6.67,0.00,6.67,AStar
2115,6.64,AllyPrefab,Ally,AllyIdleState,Idling,AgentPrefab,6.55,0.00,6.55,9.00,0.00,17.00,9.00,0.00,17.00,N/A
2115,6.64,AgentPrefab,Agent,MoveState,Moving,AllyPrefab,9.00,0.00,17.00,6.55,0.00,6.55,6.67,0.00,6.67,AStar
2116,6.64,AllyPrefab,Ally,AllyIdleState,Idling,AgentPrefab,6.55,0.00,6.55,9.00,0.00,17.00,9.00,0.00,17.00,N/A
2116,6.64,AgentPrefab,Agent,MoveState,Moving,AllyPrefab,9.00,0.00,17.00,6.55,0.00,6.55,6.67,0.00,6.67,AStar
2117,6.64,AllyPrefab,Ally,AllyIdleState,Idling,AgentPrefab,6.55,0.00,6.55,9.00,0.00,17.00,9.00,0.00,17.00,N/A
2117,6.64,AgentPrefab,Agent,MoveState,Moving,AllyPrefab,9.00,0.00,17.00,6.55,0.00,6.55,6.67,0.00,6.67,AStar
2118,6.65,AllyPrefab,Ally,AllyIdleState,Idling,AgentPrefab,6.56,0.00,6.56,9.00,0.00,17.00,9.00,0.00,17.00,N/A
2118,6.65,AgentPrefab,Agent,MoveState,Moving,AllyPrefab,9.00,0.00,17.00,6.56,0.00,6.56,6.67,0.00,6.67,AStar
2119,6.65,AllyPrefab,Ally,AllyIdleState,Idling,AgentPrefab,6.56,0.00,6.56,9.00,0.00,17.00,9.00,0.00,17.00,N/A
2119,6.65,AgentPrefab,Agent,MoveState,Moving,AllyPrefab,9.00,0.00,17.00,6.56,0.00,6.56,6.67,0.00,6.67,AStar
2120,6.65,AllyPrefab,Ally,AllyIdleState,Idling,AgentPrefab,6.57,0.00,6.57,9.00,0.00,17.00,9.00,0.00,17.00,N/A
2120,6.65,AgentPrefab,Agent,MoveState,Moving,AllyPrefab,9.00,0.00,17.00,6.57,0.00,6.57,6.67,0.00,6.67,AStar
2121,6.66,AllyPrefab,Ally,AllyIdleState,Idling,AgentPrefab,6.57,0.00,6.57,9.00,0.00,17.00,9.00,0.00,17.00,N/A
2121,6.66,AgentPrefab,Agent,MoveState,Moving,AllyPrefab,9.00,0.00,17.00,6.57,0.00,6.57,6.67,0.00,6.67,AStar
2122,6.66,AllyPrefab,Ally,AllyIdleState,Idling,AgentPrefab,6.58,0.00,6.58,9.00,0.00,17.00,9.00,0.00,17.00,N/A
2122,6.66,AgentPrefab,Agent,MoveState,Moving,AllyPrefab,9.00,0.00,17.00,6.58,0.00,6.58,6.67,0.00,6.67,AStar
2123,6.66,AllyPrefab,Ally,AllyIdleState,Idling,AgentPrefab,6.58,0.00,6.58,9.00,0.00,17.00,9.00,0.00,17.00,N/A
2123,6.66,AgentPrefab,Agent,MoveState,Moving,AllyPrefab,9.00,0.00,17.00,6.58,0.00,6.58,6.67,0.00,6.67,AStar
2124,6.67,AllyPrefab,Ally,AllyIdleState,Idling,AgentPrefab,6.58,0.00,6.58,9.00,0.00,17.00,9.00,0.00,17.00,N/A
2124,6.67,AgentPrefab,Agent,MoveState,Moving,AllyPrefab,9.00,0.00,17.00,6.58,0.00,6.58,6.67,0.00,6.67,AStar
2125,6.67,AllyPrefab,Ally,AllyIdleState,Idling,AgentPrefab,6.59,0.00,6.59,9.00,0.00,17.00,9.00,0.00,17.00,N/A
2125,6.67,AgentPrefab,Agent,MoveState,Moving,AllyPrefab,9.00,0.00,17.00,6.59,0.00,6.59,6.67,0.00,6.67,AStar
2126,6.67,AllyPrefab,Ally,AllyIdleState,Idling,AgentPrefab,6.59,0.00,6.59,9.00,0.00,17.00,9.00,0.00,17.00,N/A
2126,6.67,AgentPrefab,Agent,MoveState,Moving,AllyPrefab,9.00,0.00,17.00,6.59,0.00,6.59,6.67,0.00,6.67,AStar
2127,6.67,AllyPrefab,Ally,AllyIdleState,Idling,AgentPrefab,6.60,0.00,6.60,9.00,0.00,17.00,9.00,0.00,17.00,N/A
2127,6.67,AgentPrefab,Agent,MoveState,Moving,AllyPrefab,9.00,0.00,17.00,6.60,0.00,6.60,6.67,0.00,6.67,AStar
2128,6.68,AllyPrefab,Ally,AllyIdleState,Idling,AgentPrefab,6.60,0.00,6.60,9.00,0.00,17.00,9.00,0.00,17.00,N/A
2128,6.68,AgentPrefab,Agent,MoveState,Moving,AllyPrefab,9.00,0.00,17.00,6.60,0.00,6.60,6.67,0.00,6.67,AStar
2129,6.68,AllyPrefab,Ally,AllyIdleState,Idling,AgentPrefab,6.60,0.00,6.60,9.00,0.00,17.00,9.00,0.00,17.00,N/A
2129,6.68,AgentPrefab,Agent,MoveState,Moving,AllyPrefab,9.00,0.00,17.00,6.60,0.00,6.60,6.67,0.00,6.67,AStar
2130,6.68,AllyPrefab,Ally,AllyIdleState,Idling,AgentPrefab,6.61,0.00,6.61,9.00,0.00,17.00,9.00,0.00,17.00,N/A
2130,6.68,AgentPrefab,Agent,MoveState,Moving,AllyPrefab,9.00,0.00,17.00,6.61,0.00,6.61,6.67,0.00,6.67,AStar
2131,6.69,AllyPrefab,Ally,AllyIdleState,Idling,AgentPrefab,6.61,0.00,6.61,9.00,0.00,17.00,9.00,0.00,17.00,N/A
2131,6.69,AgentPrefab,Agent,MoveState,Moving,AllyPrefab,9.00,0.00,17.00,6.61,0.00,6.61,6.67,0.00,6.67,AStar
2132,6.69,AllyPrefab,Ally,AllyIdleState,Idling,AgentPrefab,6.62,0.00,6.62,9.00,0.00,17.00,9.00,0.00,17.00,N/A
2132,6.69,AgentPrefab,Agent,MoveState,Moving,AllyPrefab,9.00,0.00,17.00,6.62,0.00,6.62,6.67,0.00,6.67,AStar
2133,6.69,AllyPrefab,Ally,AllyIdleState,Idling,AgentPrefab,6.62,0.00,6.62,9.00,0.00,17.00,9.00,0.00,17.00,N/A
2133,6.69,AgentPrefab,Agent,MoveState,Moving,AllyPrefab,9.00,0.00,17.00,6.62,0.00,6.62,6.67,0.00,6.67,AStar
2134,6.69,AllyPrefab,Ally,AllyIdleState,Idling,AgentPrefab,6.63,0.00,6.63,9.00,0.00,17.00,9.00,0.00,17.00,N/A
2134,6.69,AgentPrefab,Agent,MoveState,Moving,AllyPrefab,9.00,0.00,17.00,6.63,0.00,6.63,6.67,0.00,6.67,AStar
2135,6.70,AllyPrefab,Ally,AllyIdleState,Idling,AgentPrefab,6.63,0.00,6.63,9.00,0.00,17.00,9.00,0.00,17.00,N/A
2135,6.70,AgentPrefab,Agent,MoveState,Moving,AllyPrefab,9.00,0.00,17.00,6.63,0.00,6.63,6.67,0.00,6.67,AStar
2136,6.70,AllyPrefab,Ally,AllyIdleState,Idling,AgentPrefab,6.63,0.00,6.63,9.00,0.00,17.00,9.00,0.00,17.00,N/A
2136,6.70,AgentPrefab,Agent,MoveState,Moving,AllyPrefab,9.00,0.00,17.00,6.63,0.00,6.63,6.67,0.00,6.67,AStar
2137,6.70,AllyPrefab,Ally,AllyIdleState,Idling,AgentPrefab,6.67,0.00,6.67,9.00,0.00,17.00,9.00,0.00,17.00,N/A
2137,6.70,AgentPrefab,Agent,MoveState,Moving,AllyPrefab,9.00,0.00,17.00,6.67,0.00,6.67,7.67,0.00,7.67,AStar
2138,6.71,AllyPrefab,Ally,AllyIdleState,Idling,AgentPrefab,6.67,0.00,6.67,9.00,0.00,17.00,9.00,0.00,17.00,N/A
2138,6.71,AgentPrefab,Agent,MoveState,Moving,AllyPrefab,9.00,0.00,17.00,6.67,0.00,6.67,7.67,0.00,7.67,AStar
2139,6.71,AllyPrefab,Ally,AllyIdleState,Idling,AgentPrefab,6.68,0.00,6.68,9.00,0.00,17.00,9.00,0.00,17.00,N/A
2139,6.71,AgentPrefab,Agent,MoveState,Moving,AllyPrefab,9.00,0.00,17.00,6.68,0.00,6.68,7.67,0.00,7.67,AStar
2140,6.71,AllyPrefab,Ally,AllyIdleState,Idling,AgentPrefab,6.68,0.00,6.68,9.00,0.00,17.00,9.00,0.00,17.00,N/A
2140,6.71,AgentPrefab,Agent,MoveState,Moving,AllyPrefab,9.00,0.00,17.00,6.68,0.00,6.68,7.67,0.00,7.67,AStar
2141,6.72,AllyPrefab,Ally,AllyIdleState,Idling,AgentPrefab,6.69,0.00,6.69,9.00,0.00,17.00,9.00,0.00,17.00,N/A
2141,6.72,AgentPrefab,Agent,MoveState,Moving,AllyPrefab,9.00,0.00,17.00,6.69,0.00,6.69,7.67,0.00,7.67,AStar
2142,6.72,AllyPrefab,Ally,AllyIdleState,Idling,AgentPrefab,6.69,0.00,6.69,9.00,0.00,17.00,9.00,0.00,17.00,N/A
2142,6.72,AgentPrefab,Agent,MoveState,Moving,AllyPrefab,9.00,0.00,17.00,6.69,0.00,6.69,7.67,0.00,7.67,AStar
2143,6.72,AllyPrefab,Ally,AllyIdleState,Idling,AgentPrefab,6.70,0.00,6.70,9.00,0.00,17.00,9.00,0.00,17.00,N/A
2143,6.72,AgentPrefab,Agent,MoveState,Moving,AllyPrefab,9.00,0.00,17.00,6.70,0.00,6.70,7.67,0.00,7.67,AStar
2144,6.73,AllyPrefab,Ally,AllyIdleState,Idling,AgentPrefab,6.70,0.00,6.70,9.00,0.00,17.00,9.00,0.00,17.00,N/A
2144,6.73,AgentPrefab,Agent,MoveState,Moving,AllyPrefab,9.00,0.00,17.00,6.70,0.00,6.70,7.67,0.00,7.67,AStar
2145,6.73,AllyPrefab,Ally,AllyIdleState,Idling,AgentPrefab,6.71,0.00,6.71,9.00,0.00,17.00,9.00,0.00,17.00,N/A
2145,6.73,AgentPrefab,Agent,MoveState,Moving,AllyPrefab,9.00,0.00,17.00,6.71,0.00,6.71,7.67,0.00,7.67,AStar
2146,6.73,AllyPrefab,Ally,AllyIdleState,Idling,AgentPrefab,6.71,0.00,6.71,9.00,0.00,17.00,9.00,0.00,17.00,N/A
2146,6.73,AgentPrefab,Agent,MoveState,Moving,AllyPrefab,9.00,0.00,17.00,6.71,0.00,6.71,7.67,0.00,7.67,AStar
2147,6.73,AllyPrefab,Ally,AllyIdleState,Idling,AgentPrefab,6.71,0.00,6.71,9.00,0.00,17.00,9.00,0.00,17.00,N/A
2147,6.73,AgentPrefab,Agent,MoveState,Moving,AllyPrefab,9.00,0.00,17.00,6.71,0.00,6.71,7.67,0.00,7.67,AStar
2148,6.74,AllyPrefab,Ally,AllyIdleState,Idling,AgentPrefab,6.72,0.00,6.72,9.00,0.00,17.00,9.00,0.00,17.00,N/A
2148,6.74,AgentPrefab,Agent,MoveState,Moving,AllyPrefab,9.00,0.00,17.00,6.72,0.00,6.72,7.67,0.00,7.67,AStar
2149,6.74,AllyPrefab,Ally,AllyIdleState,Idling,AgentPrefab,6.72,0.00,6.72,9.00,0.00,17.00,9.00,0.00,17.00,N/A
2149,6.74,AgentPrefab,Agent,MoveState,Moving,AllyPrefab,9.00,0.00,17.00,6.72,0.00,6.72,7.67,0.00,7.67,AStar
2150,6.74,AllyPrefab,Ally,AllyIdleState,Idling,AgentPrefab,6.73,0.00,6.73,9.00,0.00,17.00,9.00,0.00,17.00,N/A
2150,6.74,AgentPrefab,Agent,MoveState,Moving,AllyPrefab,9.00,0.00,17.00,6.73,0.00,6.73,7.67,0.00,7.67,AStar
2151,6.75,AllyPrefab,Ally,AllyIdleState,Idling,AgentPrefab,6.73,0.00,6.73,9.00,0.00,17.00,9.00,0.00,17.00,N/A
2151,6.75,AgentPrefab,Agent,MoveState,Moving,AllyPrefab,9.00,0.00,17.00,6.73,0.00,6.73,7.67,0.00,7.67,AStar
2152,6.75,AllyPrefab,Ally,AllyIdleState,Idling,AgentPrefab,6.73,0.00,6.73,9.00,0.00,17.00,9.00,0.00,17.00,N/A
2152,6.75,AgentPrefab,Agent,MoveState,Moving,AllyPrefab,9.00,0.00,17.00,6.73,0.00,6.73,7.67,0.00,7.67,AStar
2153,6.76,AllyPrefab,Ally,AllyIdleState,Idling,AgentPrefab,6.74,0.00,6.74,9.00,0.00,17.00,9.00,0.00,17.00,N/A
2153,6.76,AgentPrefab,Agent,MoveState,Moving,AllyPrefab,9.00,0.00,17.00,6.74,0.00,6.74,7.67,0.00,7.67,AStar
2154,6.76,AllyPrefab,Ally,AllyIdleState,Idling,AgentPrefab,6.75,0.00,6.75,9.00,0.00,17.00,9.00,0.00,17.00,N/A
2154,6.76,AgentPrefab,Agent,MoveState,Moving,AllyPrefab,9.00,0.00,17.00,6.75,0.00,6.75,7.67,0.00,7.67,AStar
2155,6.76,AllyPrefab,Ally,AllyIdleState,Idling,AgentPrefab,6.75,0.00,6.75,9.00,0.00,17.00,9.00,0.00,17.00,N/A
2155,6.76,AgentPrefab,Agent,MoveState,Moving,AllyPrefab,9.00,0.00,17.00,6.75,0.00,6.75,7.67,0.00,7.67,AStar
2156,6.76,AllyPrefab,Ally,AllyIdleState,Idling,AgentPrefab,6.76,0.00,6.76,9.00,0.00,17.00,9.00,0.00,17.00,N/A
2156,6.76,AgentPrefab,Agent,MoveState,Moving,AllyPrefab,9.00,0.00,17.00,6.76,0.00,6.76,7.67,0.00,7.67,AStar
2157,6.77,AllyPrefab,Ally,AllyIdleState,Idling,AgentPrefab,6.76,0.00,6.76,9.00,0.00,17.00,9.00,0.00,17.00,N/A
2157,6.77,AgentPrefab,Agent,MoveState,Moving,AllyPrefab,9.00,0.00,17.00,6.76,0.00,6.76,7.67,0.00,7.67,AStar
2158,6.77,AllyPrefab,Ally,AllyIdleState,Idling,AgentPrefab,6.76,0.00,6.76,9.00,0.00,17.00,9.00,0.00,17.00,N/A
2158,6.77,AgentPrefab,Agent,MoveState,Moving,AllyPrefab,9.00,0.00,17.00,6.76,0.00,6.76,7.67,0.00,7.67,AStar
2159,6.77,AllyPrefab,Ally,AllyIdleState,Idling,AgentPrefab,6.77,0.00,6.77,9.00,0.00,17.00,9.00,0.00,17.00,N/A
2159,6.77,AgentPrefab,Agent,MoveState,Moving,AllyPrefab,9.00,0.00,17.00,6.77,0.00,6.77,7.67,0.00,7.67,AStar
2160,6.78,AllyPrefab,Ally,AllyIdleState,Idling,AgentPrefab,6.77,0.00,6.77,9.00,0.00,17.00,9.00,0.00,17.00,N/A
2160,6.78,AgentPrefab,Agent,MoveState,Moving,AllyPrefab,9.00,0.00,17.00,6.77,0.00,6.77,7.67,0.00,7.67,AStar
2161,6.78,AllyPrefab,Ally,AllyIdleState,Idling,AgentPrefab,6.78,0.00,6.78,9.00,0.00,17.00,9.00,0.00,17.00,N/A
2161,6.78,AgentPrefab,Agent,MoveState,Moving,AllyPrefab,9.00,0.00,17.00,6.78,0.00,6.78,7.67,0.00,7.67,AStar
2162,6.78,AllyPrefab,Ally,AllyIdleState,Idling,AgentPrefab,6.78,0.00,6.78,9.00,0.00,17.00,9.00,0.00,17.00,N/A
2162,6.78,AgentPrefab,Agent,MoveState,Moving,AllyPrefab,9.00,0.00,17.00,6.78,0.00,6.78,7.67,0.00,7.67,AStar
2163,6.79,AllyPrefab,Ally,AllyIdleState,Idling,AgentPrefab,6.79,0.00,6.79,9.00,0.00,17.00,9.00,0.00,17.00,N/A
2163,6.79,AgentPrefab,Agent,MoveState,Moving,AllyPrefab,9.00,0.00,17.00,6.79,0.00,6.79,7.67,0.00,7.67,AStar
2164,6.79,AllyPrefab,Ally,AllyIdleState,Idling,AgentPrefab,6.79,0.00,6.79,9.00,0.00,17.00,9.00,0.00,17.00,N/A
2164,6.79,AgentPrefab,Agent,MoveState,Moving,AllyPrefab,9.00,0.00,17.00,6.79,0.00,6.79,7.67,0.00,7.67,AStar
2165,6.79,AllyPrefab,Ally,AllyIdleState,Idling,AgentPrefab,6.79,0.00,6.79,9.00,0.00,17.00,9.00,0.00,17.00,N/A
2165,6.79,AgentPrefab,Agent,MoveState,Moving,AllyPrefab,9.00,0.00,17.00,6.79,0.00,6.79,7.67,0.00,7.67,AStar
2166,6.79,AllyPrefab,Ally,AllyIdleState,Idling,AgentPrefab,6.80,0.00,6.80,9.00,0.00,17.00,9.00,0.00,17.00,N/A
2166,6.79,AgentPrefab,Agent,MoveState,Moving,AllyPrefab,9.00,0.00,17.00,6.80,0.00,6.80,7.67,0.00,7.67,AStar
2167,6.80,AllyPrefab,Ally,AllyIdleState,Idling,AgentPrefab,6.80,0.00,6.80,9.00,0.00,17.00,9.00,0.00,17.00,N/A
2167,6.80,AgentPrefab,Agent,MoveState,Moving,AllyPrefab,9.00,0.00,17.00,6.80,0.00,6.80,7.67,0.00,7.67,AStar
2168,6.80,AllyPrefab,Ally,AllyIdleState,Idling,AgentPrefab,6.81,0.00,6.81,9.00,0.00,17.00,9.00,0.00,17.00,N/A
2168,6.80,AgentPrefab,Agent,MoveState,Moving,AllyPrefab,9.00,0.00,17.00,6.81,0.00,6.81,7.67,0.00,7.67,AStar
2169,6.80,AllyPrefab,Ally,AllyIdleState,Idling,AgentPrefab,6.81,0.00,6.81,9.00,0.00,17.00,9.00,0.00,17.00,N/A
2169,6.80,AgentPrefab,Agent,MoveState,Moving,AllyPrefab,9.00,0.00,17.00,6.81,0.00,6.81,7.67,0.00,7.67,AStar
2170,6.81,AllyPrefab,Ally,AllyIdleState,Idling,AgentPrefab,6.82,0.00,6.82,9.00,0.00,17.00,9.00,0.00,17.00,N/A
2170,6.81,AgentPrefab,Agent,MoveState,Moving,AllyPrefab,9.00,0.00,17.00,6.82,0.00,6.82,7.67,0.00,7.67,AStar
2171,6.81,AllyPrefab,Ally,AllyIdleState,Idling,AgentPrefab,6.82,0.00,6.82,9.00,0.00,17.00,9.00,0.00,17.00,N/A
2171,6.81,AgentPrefab,Agent,MoveState,Moving,AllyPrefab,9.00,0.00,17.00,6.82,0.00,6.82,7.67,0.00,7.67,AStar
2172,6.81,AllyPrefab,Ally,AllyIdleState,Idling,AgentPrefab,6.82,0.00,6.82,9.00,0.00,17.00,9.00,0.00,17.00,N/A
2172,6.81,AgentPrefab,Agent,MoveState,Moving,AllyPrefab,9.00,0.00,17.00,6.82,0.00,6.82,7.67,0.00,7.67,AStar
2173,6.82,AllyPrefab,Ally,AllyIdleState,Idling,AgentPrefab,6.83,0.00,6.83,9.00,0.00,17.00,9.00,0.00,17.00,N/A
2173,6.82,AgentPrefab,Agent,MoveState,Moving,AllyPrefab,9.00,0.00,17.00,6.83,0.00,6.83,7.67,0.00,7.67,AStar
2174,6.82,AllyPrefab,Ally,AllyIdleState,Idling,AgentPrefab,6.83,0.00,6.83,9.00,0.00,17.00,9.00,0.00,17.00,N/A
2174,6.82,AgentPrefab,Agent,MoveState,Moving,AllyPrefab,9.00,0.00,17.00,6.83,0.00,6.83,7.67,0.00,7.67,AStar
2175,6.82,AllyPrefab,Ally,AllyIdleState,Idling,AgentPrefab,6.84,0.00,6.84,9.00,0.00,17.00,9.00,0.00,17.00,N/A
2175,6.82,AgentPrefab,Agent,MoveState,Moving,AllyPrefab,9.00,0.00,17.00,6.84,0.00,6.84,7.67,0.00,7.67,AStar
2176,6.82,AllyPrefab,Ally,AllyIdleState,Idling,AgentPrefab,6.84,0.00,6.84,9.00,0.00,17.00,9.00,0.00,17.00,N/A
2176,6.82,AgentPrefab,Agent,MoveState,Moving,AllyPrefab,9.00,0.00,17.00,6.84,0.00,6.84,7.67,0.00,7.67,AStar
2177,6.83,AllyPrefab,Ally,AllyIdleState,Idling,AgentPrefab,6.85,0.00,6.85,9.00,0.00,17.00,9.00,0.00,17.00,N/A
2177,6.83,AgentPrefab,Agent,MoveState,Moving,AllyPrefab,9.00,0.00,17.00,6.85,0.00,6.85,7.67,0.00,7.67,AStar
2178,6.83,AllyPrefab,Ally,AllyIdleState,Idling,AgentPrefab,6.85,0.00,6.85,9.00,0.00,17.00,9.00,0.00,17.00,N/A
2178,6.83,AgentPrefab,Agent,MoveState,Moving,AllyPrefab,9.00,0.00,17.00,6.85,0.00,6.85,7.67,0.00,7.67,AStar
2179,6.83,AllyPrefab,Ally,AllyIdleState,Idling,AgentPrefab,6.85,0.00,6.85,9.00,0.00,17.00,9.00,0.00,17.00,N/A
2179,6.83,AgentPrefab,Agent,MoveState,Moving,AllyPrefab,9.00,0.00,17.00,6.85,0.00,6.85,7.67,0.00,7.67,AStar
2180,6.84,AllyPrefab,Ally,AllyIdleState,Idling,AgentPrefab,6.86,0.00,6.86,9.00,0.00,17.00,9.00,0.00,17.00,N/A
2180,6.84,AgentPrefab,Agent,MoveState,Moving,AllyPrefab,9.00,0.00,17.00,6.86,0.00,6.86,7.67,0.00,7.67,AStar
2181,6.84,AllyPrefab,Ally,AllyIdleState,Idling,AgentPrefab,6.86,0.00,6.86,9.00,0.00,17.00,9.00,0.00,17.00,N/A
2181,6.84,AgentPrefab,Agent,MoveState,Moving,AllyPrefab,9.00,0.00,17.00,6.86,0.00,6.86,7.67,0.00,7.67,AStar
2182,6.84,AllyPrefab,Ally,AllyIdleState,Idling,AgentPrefab,6.87,0.00,6.87,9.00,0.00,17.00,9.00,0.00,17.00,N/A
2182,6.84,AgentPrefab,Agent,MoveState,Moving,AllyPrefab,9.00,0.00,17.00,6.87,0.00,6.87,7.67,0.00,7.67,AStar
2183,6.85,AllyPrefab,Ally,AllyIdleState,Idling,AgentPrefab,6.87,0.00,6.87,9.00,0.00,17.00,9.00,0.00,17.00,N/A
2183,6.85,AgentPrefab,Agent,MoveState,Moving,AllyPrefab,9.00,0.00,17.00,6.87,0.00,6.87,7.67,0.00,7.67,AStar
2184,6.85,AllyPrefab,Ally,AllyIdleState,Idling,AgentPrefab,6.88,0.00,6.88,9.00,0.00,17.00,9.00,0.00,17.00,N/A
2184,6.85,AgentPrefab,Agent,MoveState,Moving,AllyPrefab,9.00,0.00,17.00,6.88,0.00,6.88,7.67,0.00,7.67,AStar
2185,6.85,AllyPrefab,Ally,AllyIdleState,Idling,AgentPrefab,6.88,0.00,6.88,9.00,0.00,17.00,9.00,0.00,17.00,N/A
2185,6.85,AgentPrefab,Agent,MoveState,Moving,AllyPrefab,9.00,0.00,17.00,6.88,0.00,6.88,7.67,0.00,7.67,AStar
2186,6.86,AllyPrefab,Ally,AllyIdleState,Idling,AgentPrefab,6.89,0.00,6.89,9.00,0.00,17.00,9.00,0.00,17.00,N/A
2186,6.86,AgentPrefab,Agent,MoveState,Moving,AllyPrefab,9.00,0.00,17.00,6.89,0.00,6.89,7.67,0.00,7.67,AStar
2187,6.86,AllyPrefab,Ally,AllyIdleState,Idling,AgentPrefab,6.89,0.00,6.89,9.00,0.00,17.00,9.00,0.00,17.00,N/A
2187,6.86,AgentPrefab,Agent,MoveState,Moving,AllyPrefab,9.00,0.00,17.00,6.89,0.00,6.89,7.67,0.00,7.67,AStar
2188,6.86,AllyPrefab,Ally,AllyIdleState,Idling,AgentPrefab,6.89,0.00,6.89,9.00,0.00,17.00,9.00,0.00,17.00,N/A
2188,6.86,AgentPrefab,Agent,MoveState,Moving,AllyPrefab,9.00,0.00,17.00,6.89,0.00,6.89,7.67,0.00,7.67,AStar
2189,6.87,AllyPrefab,Ally,AllyIdleState,Idling,AgentPrefab,6.90,0.00,6.90,9.00,0.00,17.00,9.00,0.00,17.00,N/A
2189,6.87,AgentPrefab,Agent,MoveState,Moving,AllyPrefab,9.00,0.00,17.00,6.90,0.00,6.90,7.67,0.00,7.67,AStar
2190,6.87,AllyPrefab,Ally,AllyIdleState,Idling,AgentPrefab,6.91,0.00,6.91,9.00,0.00,17.00,9.00,0.00,17.00,N/A
2190,6.87,AgentPrefab,Agent,MoveState,Moving,AllyPrefab,9.00,0.00,17.00,6.91,0.00,6.91,7.67,0.00,7.67,AStar
2191,6.87,AllyPrefab,Ally,AllyIdleState,Idling,AgentPrefab,6.91,0.00,6.91,9.00,0.00,17.00,9.00,0.00,17.00,N/A
2191,6.87,AgentPrefab,Agent,MoveState,Moving,AllyPrefab,9.00,0.00,17.00,6.91,0.00,6.91,7.67,0.00,7.67,AStar
2192,6.88,AllyPrefab,Ally,AllyIdleState,Idling,AgentPrefab,6.92,0.00,6.92,9.00,0.00,17.00,9.00,0.00,17.00,N/A
2192,6.88,AgentPrefab,Agent,MoveState,Moving,AllyPrefab,9.00,0.00,17.00,6.92,0.00,6.92,7.67,0.00,7.67,AStar
2193,6.88,AllyPrefab,Ally,AllyIdleState,Idling,AgentPrefab,6.92,0.00,6.92,9.00,0.00,17.00,9.00,0.00,17.00,N/A
2193,6.88,AgentPrefab,Agent,MoveState,Moving,AllyPrefab,9.00,0.00,17.00,6.92,0.00,6.92,7.67,0.00,7.67,AStar
2194,6.88,AllyPrefab,Ally,AllyIdleState,Idling,AgentPrefab,6.93,0.00,6.93,9.00,0.00,17.00,9.00,0.00,17.00,N/A
2194,6.88,AgentPrefab,Agent,MoveState,Moving,AllyPrefab,9.00,0.00,17.00,6.93,0.00,6.93,7.67,0.00,7.67,AStar
2195,6.89,AllyPrefab,Ally,AllyIdleState,Idling,AgentPrefab,6.93,0.00,6.93,9.00,0.00,17.00,9.00,0.00,17.00,N/A
2195,6.89,AgentPrefab,Agent,MoveState,Moving,AllyPrefab,9.00,0.00,17.00,6.93,0.00,6.93,7.67,0.00,7.67,AStar
2196,6.89,AllyPrefab,Ally,AllyIdleState,Idling,AgentPrefab,6.94,0.00,6.94,9.00,0.00,17.00,9.00,0.00,17.00,N/A
2196,6.89,AgentPrefab,Agent,MoveState,Moving,AllyPrefab,9.00,0.00,17.00,6.94,0.00,6.94,7.67,0.00,7.67,AStar
2197,6.89,AllyPrefab,Ally,AllyIdleState,Idling,AgentPrefab,6.94,0.00,6.94,9.00,0.00,17.00,9.00,0.00,17.00,N/A
2197,6.89,AgentPrefab,Agent,MoveState,Moving,AllyPrefab,9.00,0.00,17.00,6.94,0.00,6.94,7.67,0.00,7.67,AStar
2198,6.90,AllyPrefab,Ally,AllyIdleState,Idling,AgentPrefab,6.94,0.00,6.94,9.00,0.00,17.00,9.00,0.00,17.00,N/A
2198,6.90,AgentPrefab,Agent,MoveState,Moving,AllyPrefab,9.00,0.00,17.00,6.94,0.00,6.94,7.67,0.00,7.67,AStar
2199,6.90,AllyPrefab,Ally,AllyIdleState,Idling,AgentPrefab,6.95,0.00,6.95,9.00,0.00,17.00,9.00,0.00,17.00,N/A
2199,6.90,AgentPrefab,Agent,MoveState,Moving,AllyPrefab,9.00,0.00,17.00,6.95,0.00,6.95,7.67,0.00,7.67,AStar
2200,6.90,AllyPrefab,Ally,AllyIdleState,Idling,AgentPrefab,6.95,0.00,6.95,9.00,0.00,17.00,9.00,0.00,17.00,N/A
2200,6.90,AgentPrefab,Agent,MoveState,Moving,AllyPrefab,9.00,0.00,17.00,6.95,0.00,6.95,7.67,0.00,7.67,AStar
2201,6.91,AllyPrefab,Ally,AllyIdleState,Idling,AgentPrefab,6.96,0.00,6.96,9.00,0.00,17.00,9.00,0.00,17.00,N/A
2201,6.91,AgentPrefab,Agent,MoveState,Moving,AllyPrefab,9.00,0.00,17.00,6.96,0.00,6.96,7.67,0.00,7.67,AStar
2202,6.91,AllyPrefab,Ally,AllyIdleState,Idling,AgentPrefab,6.96,0.00,6.96,9.00,0.00,17.00,9.00,0.00,17.00,N/A
2202,6.91,AgentPrefab,Agent,MoveState,Moving,AllyPrefab,9.00,0.00,17.00,6.96,0.00,6.96,7.67,0.00,7.67,AStar
2203,6.91,AllyPrefab,Ally,AllyIdleState,Idling,AgentPrefab,6.96,0.00,6.96,9.00,0.00,17.00,9.00,0.00,17.00,N/A
2203,6.91,AgentPrefab,Agent,MoveState,Moving,AllyPrefab,9.00,0.00,17.00,6.96,0.00,6.96,7.67,0.00,7.67,AStar
2204,6.92,AllyPrefab,Ally,AllyIdleState,Idling,AgentPrefab,6.97,0.00,6.97,9.00,0.00,17.00,9.00,0.00,17.00,N/A
2204,6.92,AgentPrefab,Agent,MoveState,Moving,AllyPrefab,9.00,0.00,17.00,6.97,0.00,6.97,7.67,0.00,7.67,AStar
2205,6.92,AllyPrefab,Ally,AllyIdleState,Idling,AgentPrefab,6.98,0.00,6.98,9.00,0.00,17.00,9.00,0.00,17.00,N/A
2205,6.92,AgentPrefab,Agent,MoveState,Moving,AllyPrefab,9.00,0.00,17.00,6.98,0.00,6.98,7.67,0.00,7.67,AStar
2206,6.92,AllyPrefab,Ally,AllyIdleState,Idling,AgentPrefab,6.98,0.00,6.98,9.00,0.00,17.00,9.00,0.00,17.00,N/A
2206,6.92,AgentPrefab,Agent,MoveState,Moving,AllyPrefab,9.00,0.00,17.00,6.98,0.00,6.98,7.67,0.00,7.67,AStar
2207,6.92,AllyPrefab,Ally,AllyIdleState,Idling,AgentPrefab,6.98,0.00,6.98,9.00,0.00,17.00,9.00,0.00,17.00,N/A
2207,6.92,AgentPrefab,Agent,MoveState,Moving,AllyPrefab,9.00,0.00,17.00,6.98,0.00,6.98,7.67,0.00,7.67,AStar
2208,6.93,AllyPrefab,Ally,AllyIdleState,Idling,AgentPrefab,6.99,0.00,6.99,9.00,0.00,17.00,9.00,0.00,17.00,N/A
2208,6.93,AgentPrefab,Agent,MoveState,Moving,AllyPrefab,9.00,0.00,17.00,6.99,0.00,6.99,7.67,0.00,7.67,AStar
2209,6.93,AllyPrefab,Ally,AllyIdleState,Idling,AgentPrefab,6.99,0.00,6.99,9.00,0.00,17.00,9.00,0.00,17.00,N/A
2209,6.93,AgentPrefab,Agent,MoveState,Moving,AllyPrefab,9.00,0.00,17.00,6.99,0.00,6.99,7.67,0.00,7.67,AStar
2210,6.93,AllyPrefab,Ally,AllyIdleState,Idling,AgentPrefab,7.00,0.00,7.00,9.00,0.00,17.00,9.00,0.00,17.00,N/A
2210,6.93,AgentPrefab,Agent,MoveState,Moving,AllyPrefab,9.00,0.00,17.00,7.00,0.00,7.00,7.67,0.00,7.67,AStar
2211,6.94,AllyPrefab,Ally,AllyIdleState,Idling,AgentPrefab,7.00,0.00,7.00,9.00,0.00,17.00,9.00,0.00,17.00,N/A
2211,6.94,AgentPrefab,Agent,MoveState,Moving,AllyPrefab,9.00,0.00,17.00,7.00,0.00,7.00,7.67,0.00,7.67,AStar
2212,6.94,AllyPrefab,Ally,AllyIdleState,Idling,AgentPrefab,7.00,0.00,7.00,9.00,0.00,17.00,9.00,0.00,17.00,N/A
2212,6.94,AgentPrefab,Agent,MoveState,Moving,AllyPrefab,9.00,0.00,17.00,7.00,0.00,7.00,7.67,0.00,7.67,AStar
2213,6.94,AllyPrefab,Ally,AllyIdleState,Idling,AgentPrefab,7.01,0.00,7.01,9.00,0.00,17.00,9.00,0.00,17.00,N/A
2213,6.94,AgentPrefab,Agent,MoveState,Moving,AllyPrefab,9.00,0.00,17.00,7.01,0.00,7.01,7.67,0.00,7.67,AStar
2214,6.95,AllyPrefab,Ally,AllyIdleState,Idling,AgentPrefab,7.01,0.00,7.01,9.00,0.00,17.00,9.00,0.00,17.00,N/A
2214,6.95,AgentPrefab,Agent,MoveState,Moving,AllyPrefab,9.00,0.00,17.00,7.01,0.00,7.01,7.67,0.00,7.67,AStar
2215,6.95,AllyPrefab,Ally,AllyIdleState,Idling,AgentPrefab,7.02,0.00,7.02,9.00,0.00,17.00,9.00,0.00,17.00,N/A
2215,6.95,AgentPrefab,Agent,MoveState,Moving,AllyPrefab,9.00,0.00,17.00,7.02,0.00,7.02,7.67,0.00,7.67,AStar
2216,6.95,AllyPrefab,Ally,AllyIdleState,Idling,AgentPrefab,7.02,0.00,7.02,9.00,0.00,17.00,9.00,0.00,17.00,N/A
2216,6.95,AgentPrefab,Agent,MoveState,Moving,AllyPrefab,9.00,0.00,17.00,7.02,0.00,7.02,7.67,0.00,7.67,AStar
2217,6.95,AllyPrefab,Ally,AllyIdleState,Idling,AgentPrefab,7.03,0.00,7.03,9.00,0.00,17.00,9.00,0.00,17.00,N/A
2217,6.95,AgentPrefab,Agent,MoveState,Moving,AllyPrefab,9.00,0.00,17.00,7.03,0.00,7.03,7.67,0.00,7.67,AStar
2218,6.98,AllyPrefab,Ally,AllyIdleState,Idling,AgentPrefab,7.03,0.00,7.03,9.00,0.00,17.00,9.00,0.00,17.00,N/A
2218,6.98,AgentPrefab,Agent,MoveState,Moving,AllyPrefab,9.00,0.00,17.00,7.03,0.00,7.03,7.67,0.00,7.67,AStar
2219,6.98,AllyPrefab,Ally,AllyIdleState,Idling,AgentPrefab,7.06,0.00,7.06,9.00,0.00,17.00,9.00,0.00,17.00,N/A
2219,6.98,AgentPrefab,Agent,MoveState,Moving,AllyPrefab,9.00,0.00,17.00,7.06,0.00,7.06,7.67,0.00,7.67,AStar
2220,6.99,AllyPrefab,Ally,AllyIdleState,Idling,AgentPrefab,7.07,0.00,7.07,9.00,0.00,17.00,9.00,0.00,17.00,N/A
2220,6.99,AgentPrefab,Agent,MoveState,Moving,AllyPrefab,9.00,0.00,17.00,7.07,0.00,7.07,7.67,0.00,7.67,AStar
2221,6.99,AllyPrefab,Ally,AllyIdleState,Idling,AgentPrefab,7.07,0.00,7.07,9.00,0.00,17.00,9.00,0.00,17.00,N/A
2221,6.99,AgentPrefab,Agent,MoveState,Moving,AllyPrefab,9.00,0.00,17.00,7.07,0.00,7.07,7.67,0.00,7.67,AStar
2222,6.99,AllyPrefab,Ally,AllyIdleState,Idling,AgentPrefab,7.08,0.00,7.08,9.00,0.00,17.00,9.00,0.00,17.00,N/A
2222,6.99,AgentPrefab,Agent,MoveState,Moving,AllyPrefab,9.00,0.00,17.00,7.08,0.00,7.08,7.67,0.00,7.67,AStar
2223,6.99,AllyPrefab,Ally,AllyIdleState,Idling,AgentPrefab,7.08,0.00,7.08,9.00,0.00,17.00,9.00,0.00,17.00,N/A
2223,6.99,AgentPrefab,Agent,MoveState,Moving,AllyPrefab,9.00,0.00,17.00,7.08,0.00,7.08,7.67,0.00,7.67,AStar
2224,7.00,AllyPrefab,Ally,AllyIdleState,Idling,AgentPrefab,7.09,0.00,7.09,9.00,0.00,17.00,9.00,0.00,17.00,N/A
2224,7.00,AgentPrefab,Agent,MoveState,Moving,AllyPrefab,9.00,0.00,17.00,7.09,0.00,7.09,7.67,0.00,7.67,AStar
2225,7.00,AllyPrefab,Ally,AllyIdleState,Idling,AgentPrefab,7.09,0.00,7.09,9.00,0.00,17.00,9.00,0.00,17.00,N/A
2225,7.00,AgentPrefab,Agent,MoveState,Moving,AllyPrefab,9.00,0.00,17.00,7.09,0.00,7.09,7.67,0.00,7.67,AStar
2226,7.00,AllyPrefab,Ally,AllyIdleState,Idling,AgentPrefab,7.09,0.00,7.09,9.00,0.00,17.00,9.00,0.00,17.00,N/A
2226,7.00,AgentPrefab,Agent,MoveState,Moving,AllyPrefab,9.00,0.00,17.00,7.09,0.00,7.09,7.67,0.00,7.67,AStar
2227,7.01,AllyPrefab,Ally,AllyIdleState,Idling,AgentPrefab,7.10,0.00,7.10,9.00,0.00,17.00,9.00,0.00,17.00,N/A
2227,7.01,AgentPrefab,Agent,MoveState,Moving,AllyPrefab,9.00,0.00,17.00,7.10,0.00,7.10,7.67,0.00,7.67,AStar
2228,7.01,AllyPrefab,Ally,AllyIdleState,Idling,AgentPrefab,7.10,0.00,7.10,9.00,0.00,17.00,9.00,0.00,17.00,N/A
2228,7.01,AgentPrefab,Agent,MoveState,Moving,AllyPrefab,9.00,0.00,17.00,7.10,0.00,7.10,7.67,0.00,7.67,AStar
2229,7.01,AllyPrefab,Ally,AllyIdleState,Idling,AgentPrefab,7.11,0.00,7.11,9.00,0.00,17.00,9.00,0.00,17.00,N/A
2229,7.01,AgentPrefab,Agent,MoveState,Moving,AllyPrefab,9.00,0.00,17.00,7.11,0.00,7.11,7.67,0.00,7.67,AStar
2230,7.02,AllyPrefab,Ally,AllyIdleState,Idling,AgentPrefab,7.11,0.00,7.11,9.00,0.00,17.00,9.00,0.00,17.00,N/A
2230,7.02,AgentPrefab,Agent,MoveState,Moving,AllyPrefab,9.00,0.00,17.00,7.11,0.00,7.11,7.67,0.00,7.67,AStar
2231,7.02,AllyPrefab,Ally,AllyIdleState,Idling,AgentPrefab,7.12,0.00,7.12,9.00,0.00,17.00,9.00,0.00,17.00,N/A
2231,7.02,AgentPrefab,Agent,MoveState,Moving,AllyPrefab,9.00,0.00,17.00,7.12,0.00,7.12,7.67,0.00,7.67,AStar
2232,7.02,AllyPrefab,Ally,AllyIdleState,Idling,AgentPrefab,7.12,0.00,7.12,9.00,0.00,17.00,9.00,0.00,17.00,N/A
2232,7.02,AgentPrefab,Agent,MoveState,Moving,AllyPrefab,9.00,0.00,17.00,7.12,0.00,7.12,7.67,0.00,7.67,AStar
2233,7.02,AllyPrefab,Ally,AllyIdleState,Idling,AgentPrefab,7.12,0.00,7.12,9.00,0.00,17.00,9.00,0.00,17.00,N/A
2233,7.02,AgentPrefab,Agent,MoveState,Moving,AllyPrefab,9.00,0.00,17.00,7.12,0.00,7.12,7.67,0.00,7.67,AStar
2234,7.03,AllyPrefab,Ally,AllyIdleState,Idling,AgentPrefab,7.13,0.00,7.13,9.00,0.00,17.00,9.00,0.00,17.00,N/A
2234,7.03,AgentPrefab,Agent,MoveState,Moving,AllyPrefab,9.00,0.00,17.00,7.13,0.00,7.13,7.67,0.00,7.67,AStar
2235,7.03,AllyPrefab,Ally,AllyIdleState,Idling,AgentPrefab,7.13,0.00,7.13,9.00,0.00,17.00,9.00,0.00,17.00,N/A
2235,7.03,AgentPrefab,Agent,MoveState,Moving,AllyPrefab,9.00,0.00,17.00,7.13,0.00,7.13,7.67,0.00,7.67,AStar
2236,7.03,AllyPrefab,Ally,AllyIdleState,Idling,AgentPrefab,7.14,0.00,7.14,9.00,0.00,17.00,9.00,0.00,17.00,N/A
2236,7.03,AgentPrefab,Agent,MoveState,Moving,AllyPrefab,9.00,0.00,17.00,7.14,0.00,7.14,7.67,0.00,7.67,AStar
2237,7.04,AllyPrefab,Ally,AllyIdleState,Idling,AgentPrefab,7.14,0.00,7.14,9.00,0.00,17.00,9.00,0.00,17.00,N/A
2237,7.04,AgentPrefab,Agent,MoveState,Moving,AllyPrefab,9.00,0.00,17.00,7.14,0.00,7.14,7.67,0.00,7.67,AStar
2238,7.04,AllyPrefab,Ally,AllyIdleState,Idling,AgentPrefab,7.14,0.00,7.14,9.00,0.00,17.00,9.00,0.00,17.00,N/A
2238,7.04,AgentPrefab,Agent,MoveState,Moving,AllyPrefab,9.00,0.00,17.00,7.14,0.00,7.14,7.67,0.00,7.67,AStar
2239,7.04,AllyPrefab,Ally,AllyIdleState,Idling,AgentPrefab,7.15,0.00,7.15,9.00,0.00,17.00,9.00,0.00,17.00,N/A
2239,7.04,AgentPrefab,Agent,MoveState,Moving,AllyPrefab,9.00,0.00,17.00,7.15,0.00,7.15,7.67,0.00,7.67,AStar
2240,7.05,AllyPrefab,Ally,AllyIdleState,Idling,AgentPrefab,7.15,0.00,7.15,9.00,0.00,17.00,9.00,0.00,17.00,N/A
2240,7.05,AgentPrefab,Agent,MoveState,Moving,AllyPrefab,9.00,0.00,17.00,7.15,0.00,7.15,7.67,0.00,7.67,AStar
