Frame,Time,Object,Type,State,Action,Target,TargetX,TargetY,TargetZ,CurrentX,CurrentY,CurrentZ,NextX,NextY,NextZ,AIType
1,0.00,AgentPrefab,Agent,IdleState,Idling,Goal,20.00,0.00,20.00,0.00,0.00,0.00,0.00,0.00,0.00,DStar
2,0.02,AgentPrefab,Agent,SearchState,Searching,Goal,20.00,0.00,20.00,0.00,0.00,0.00,0.00,0.00,0.00,DStar
3,0.07,AgentPrefab,Agent,MoveState,Moving,Goal,20.00,0.00,20.00,0.00,0.00,0.00,0.00,0.00,0.00,DStar
4,0.08,AgentPrefab,Agent,MoveState,Moving,Goal,20.00,0.00,20.00,0.00,0.00,0.00,1.00,0.00,1.00,DStar
5,0.09,AgentPrefab,Agent,MoveState,Moving,Goal,20.00,0.00,20.00,0.02,0.00,0.02,1.00,0.00,1.00,DStar
6,0.10,AgentPrefab,Agent,MoveState,Moving,Goal,20.00,0.00,20.00,0.03,0.00,0.03,1.00,0.00,1.00,DStar
7,0.10,AgentPrefab,Agent,MoveState,Moving,Goal,20.00,0.00,20.00,0.04,0.00,0.04,1.00,0.00,1.00,DStar
8,0.11,AgentPrefab,Agent,MoveState,Moving,Goal,20.00,0.00,20.00,0.04,0.00,0.04,1.00,0.00,1.00,DStar
9,0.12,AgentPrefab,Agent,MoveState,Moving,Goal,20.00,0.00,20.00,0.05,0.00,0.05,1.00,0.00,1.00,DStar
10,0.13,AgentPrefab,Agent,MoveState,Moving,Goal,20.00,0.00,20.00,0.07,0.00,0.07,1.00,0.00,1.00,DStar
11,0.14,AgentPrefab,Agent,MoveState,Moving,Goal,20.00,0.00,20.00,0.08,0.00,0.08,1.00,0.00,1.00,DStar
12,0.15,AgentPrefab,Agent,MoveState,Moving,Goal,20.00,0.00,20.00,0.10,0.00,0.10,1.00,0.00,1.00,DStar
13,0.16,AgentPrefab,Agent,MoveState,Moving,Goal,20.00,0.00,20.00,0.11,0.00,0.11,1.00,0.00,1.00,DStar
14,0.17,AgentPrefab,Agent,MoveState,Moving,Goal,20.00,0.00,20.00,0.13,0.00,0.13,1.00,0.00,1.00,DStar
15,0.18,AgentPrefab,Agent,MoveState,Moving,Goal,20.00,0.00,20.00,0.14,0.00,0.14,1.00,0.00,1.00,DStar
16,0.19,AgentPrefab,Agent,MoveState,Moving,Goal,20.00,0.00,20.00,0.16,0.00,0.16,1.00,0.00,1.00,DStar
17,0.20,AgentPrefab,Agent,MoveState,Moving,Goal,20.00,0.00,20.00,0.17,0.00,0.17,1.00,0.00,1.00,DStar
18,0.23,AgentPrefab,Agent,MoveState,Moving,Goal,20.00,0.00,20.00,0.19,0.00,0.19,1.00,0.00,1.00,DStar
19,0.25,AgentPrefab,Agent,MoveState,Moving,Goal,20.00,0.00,20.00,0.23,0.00,0.23,1.00,0.00,1.00,DStar
20,0.25,AgentPrefab,Agent,MoveState,Moving,Goal,20.00,0.00,20.00,0.25,0.00,0.25,1.00,0.00,1.00,DStar
21,0.25,AgentPrefab,Agent,MoveState,Moving,Goal,20.00,0.00,20.00,0.25,0.00,0.25,1.00,0.00,1.00,DStar
22,0.26,AgentPrefab,Agent,MoveState,Moving,Goal,20.00,0.00,20.00,0.26,0.00,0.26,1.00,0.00,1.00,DStar
23,0.26,AgentPrefab,Agent,MoveState,Moving,Goal,20.00,0.00,20.00,0.27,0.00,0.27,1.00,0.00,1.00,DStar
24,0.27,AgentPrefab,Agent,MoveState,Moving,Goal,20.00,0.00,20.00,0.27,0.00,0.27,1.00,0.00,1.00,DStar
25,0.27,AgentPrefab,Agent,MoveState,Moving,Goal,20.00,0.00,20.00,0.28,0.00,0.28,1.00,0.00,1.00,DStar
26,0.27,AgentPrefab,Agent,MoveState,Moving,Goal,20.00,0.00,20.00,0.28,0.00,0.28,1.00,0.00,1.00,DStar
27,0.28,AgentPrefab,Agent,MoveState,Moving,Goal,20.00,0.00,20.00,0.29,0.00,0.29,1.00,0.00,1.00,DStar
28,0.28,AgentPrefab,Agent,MoveState,Moving,Goal,20.00,0.00,20.00,0.29,0.00,0.29,1.00,0.00,1.00,DStar
29,0.29,AgentPrefab,Agent,MoveState,Moving,Goal,20.00,0.00,20.00,0.30,0.00,0.30,1.00,0.00,1.00,DStar
30,0.29,AgentPrefab,Agent,MoveState,Moving,Goal,20.00,0.00,20.00,0.31,0.00,0.31,1.00,0.00,1.00,DStar
31,0.29,AgentPrefab,Agent,MoveState,Moving,Goal,20.00,0.00,20.00,0.31,0.00,0.31,1.00,0.00,1.00,DStar
32,0.30,AgentPrefab,Agent,MoveState,Moving,Goal,20.00,0.00,20.00,0.32,0.00,0.32,1.00,0.00,1.00,DStar
33,0.30,AgentPrefab,Agent,MoveState,Moving,Goal,20.00,0.00,20.00,0.32,0.00,0.32,1.00,0.00,1.00,DStar
34,0.31,AgentPrefab,Agent,MoveState,Moving,Goal,20.00,0.00,20.00,0.33,0.00,0.33,1.00,0.00,1.00,DStar
35,0.31,AgentPrefab,Agent,MoveState,Moving,Goal,20.00,0.00,20.00,0.33,0.00,0.33,1.00,0.00,1.00,DStar
36,0.31,AgentPrefab,Agent,MoveState,Moving,Goal,20.00,0.00,20.00,0.34,0.00,0.34,1.00,0.00,1.00,DStar
37,0.32,AgentPrefab,Agent,MoveState,Moving,Goal,20.00,0.00,20.00,0.34,0.00,0.34,1.00,0.00,1.00,DStar
38,0.32,AgentPrefab,Agent,MoveState,Moving,Goal,20.00,0.00,20.00,0.35,0.00,0.35,1.00,0.00,1.00,DStar
39,0.32,AgentPrefab,Agent,MoveState,Moving,Goal,20.00,0.00,20.00,0.36,0.00,0.36,1.00,0.00,1.00,DStar
40,0.33,AgentPrefab,Agent,MoveState,Moving,Goal,20.00,0.00,20.00,0.36,0.00,0.36,1.00,0.00,1.00,DStar
41,0.33,AgentPrefab,Agent,MoveState,Moving,Goal,20.00,0.00,20.00,0.37,0.00,0.37,1.00,0.00,1.00,DStar
42,0.34,AgentPrefab,Agent,MoveState,Moving,Goal,20.00,0.00,20.00,0.37,0.00,0.37,1.00,0.00,1.00,DStar
43,0.34,AgentPrefab,Agent,MoveState,Moving,Goal,20.00,0.00,20.00,0.38,0.00,0.38,1.00,0.00,1.00,DStar
44,0.35,AgentPrefab,Agent,MoveState,Moving,Goal,20.00,0.00,20.00,0.38,0.00,0.38,1.00,0.00,1.00,DStar
45,0.35,AgentPrefab,Agent,MoveState,Moving,Goal,20.00,0.00,20.00,0.39,0.00,0.39,1.00,0.00,1.00,DStar
46,0.35,AgentPrefab,Agent,MoveState,Moving,Goal,20.00,0.00,20.00,0.40,0.00,0.40,1.00,0.00,1.00,DStar
47,0.36,AgentPrefab,Agent,MoveState,Moving,Goal,20.00,0.00,20.00,0.40,0.00,0.40,1.00,0.00,1.00,DStar
48,0.36,AgentPrefab,Agent,MoveState,Moving,Goal,20.00,0.00,20.00,0.41,0.00,0.41,1.00,0.00,1.00,DStar
49,0.37,AgentPrefab,Agent,MoveState,Moving,Goal,20.00,0.00,20.00,0.41,0.00,0.41,1.00,0.00,1.00,DStar
50,0.37,AgentPrefab,Agent,MoveState,Moving,Goal,20.00,0.00,20.00,0.42,0.00,0.42,1.00,0.00,1.00,DStar
51,0.38,AgentPrefab,Agent,MoveState,Moving,Goal,20.00,0.00,20.00,0.43,0.00,0.43,1.00,0.00,1.00,DStar
52,0.38,AgentPrefab,Agent,MoveState,Moving,Goal,20.00,0.00,20.00,0.43,0.00,0.43,1.00,0.00,1.00,DStar
53,0.39,AgentPrefab,Agent,MoveState,Moving,Goal,20.00,0.00,20.00,0.44,0.00,0.44,1.00,0.00,1.00,DStar
54,0.39,AgentPrefab,Agent,MoveState,Moving,Goal,20.00,0.00,20.00,0.45,0.00,0.45,1.00,0.00,1.00,DStar
55,0.39,AgentPrefab,Agent,MoveState,Moving,Goal,20.00,0.00,20.00,0.45,0.00,0.45,1.00,0.00,1.00,DStar
56,0.40,AgentPrefab,Agent,MoveState,Moving,Goal,20.00,0.00,20.00,0.46,0.00,0.46,1.00,0.00,1.00,DStar
57,0.40,AgentPrefab,Agent,MoveState,Moving,Goal,20.00,0.00,20.00,0.47,0.00,0.47,1.00,0.00,1.00,DStar
58,0.41,AgentPrefab,Agent,MoveState,Moving,Goal,20.00,0.00,20.00,0.47,0.00,0.47,1.00,0.00,1.00,DStar
59,0.41,AgentPrefab,Agent,MoveState,Moving,Goal,20.00,0.00,20.00,0.48,0.00,0.48,1.00,0.00,1.00,DStar
60,0.42,AgentPrefab,Agent,MoveState,Moving,Goal,20.00,0.00,20.00,0.49,0.00,0.49,1.00,0.00,1.00,DStar
61,0.42,AgentPrefab,Agent,MoveState,Moving,Goal,20.00,0.00,20.00,0.49,0.00,0.49,1.00,0.00,1.00,DStar
62,0.43,AgentPrefab,Agent,MoveState,Moving,Goal,20.00,0.00,20.00,0.50,0.00,0.50,1.00,0.00,1.00,DStar
63,0.43,AgentPrefab,Agent,MoveState,Moving,Goal,20.00,0.00,20.00,0.51,0.00,0.51,1.00,0.00,1.00,DStar
64,0.44,AgentPrefab,Agent,MoveState,Moving,Goal,20.00,0.00,20.00,0.51,0.00,0.51,1.00,0.00,1.00,DStar
65,0.44,AgentPrefab,Agent,MoveState,Moving,Goal,20.00,0.00,20.00,0.52,0.00,0.52,1.00,0.00,1.00,DStar
66,0.44,AgentPrefab,Agent,MoveState,Moving,Goal,20.00,0.00,20.00,0.52,0.00,0.52,1.00,0.00,1.00,DStar
67,0.45,AgentPrefab,Agent,MoveState,Moving,Goal,20.00,0.00,20.00,0.53,0.00,0.53,1.00,0.00,1.00,DStar
68,0.45,AgentPrefab,Agent,MoveState,Moving,Goal,20.00,0.00,20.00,0.53,0.00,0.53,1.00,0.00,1.00,DStar
69,0.46,AgentPrefab,Agent,MoveState,Moving,Goal,20.00,0.00,20.00,0.54,0.00,0.54,1.00,0.00,1.00,DStar
70,0.46,AgentPrefab,Agent,MoveState,Moving,Goal,20.00,0.00,20.00,0.55,0.00,0.55,1.00,0.00,1.00,DStar
71,0.46,AgentPrefab,Agent,MoveState,Moving,Goal,20.00,0.00,20.00,0.55,0.00,0.55,1.00,0.00,1.00,DStar
72,0.47,AgentPrefab,Agent,MoveState,Moving,Goal,20.00,0.00,20.00,0.56,0.00,0.56,1.00,0.00,1.00,DStar
73,0.47,AgentPrefab,Agent,MoveState,Moving,Goal,20.00,0.00,20.00,0.56,0.00,0.56,1.00,0.00,1.00,DStar
74,0.48,AgentPrefab,Agent,MoveState,Moving,Goal,20.00,0.00,20.00,0.57,0.00,0.57,1.00,0.00,1.00,DStar
75,0.48,AgentPrefab,Agent,MoveState,Moving,Goal,20.00,0.00,20.00,0.58,0.00,0.58,1.00,0.00,1.00,DStar
76,0.49,AgentPrefab,Agent,MoveState,Moving,Goal,20.00,0.00,20.00,0.58,0.00,0.58,1.00,0.00,1.00,DStar
77,0.49,AgentPrefab,Agent,MoveState,Moving,Goal,20.00,0.00,20.00,0.59,0.00,0.59,1.00,0.00,1.00,DStar
78,0.50,AgentPrefab,Agent,MoveState,Moving,Goal,20.00,0.00,20.00,0.60,0.00,0.60,1.00,0.00,1.00,DStar
79,0.50,AgentPrefab,Agent,MoveState,Moving,Goal,20.00,0.00,20.00,0.60,0.00,0.60,1.00,0.00,1.00,DStar
80,0.50,AgentPrefab,Agent,MoveState,Moving,Goal,20.00,0.00,20.00,0.61,0.00,0.61,1.00,0.00,1.00,DStar
81,0.51,AgentPrefab,Agent,MoveState,Moving,Goal,20.00,0.00,20.00,0.61,0.00,0.61,1.00,0.00,1.00,DStar
82,0.51,AgentPrefab,Agent,MoveState,Moving,Goal,20.00,0.00,20.00,0.62,0.00,0.62,1.00,0.00,1.00,DStar
83,0.52,AgentPrefab,Agent,MoveState,Moving,Goal,20.00,0.00,20.00,0.63,0.00,0.63,1.00,0.00,1.00,DStar
84,0.52,AgentPrefab,Agent,MoveState,Moving,Goal,20.00,0.00,20.00,0.63,0.00,0.63,1.00,0.00,1.00,DStar
85,0.60,AgentPrefab,Agent,MoveState,Moving,Goal,20.00,0.00,20.00,0.64,0.00,0.64,1.00,0.00,1.00,DStar
86,0.61,AgentPrefab,Agent,MoveState,Moving,Goal,20.00,0.00,20.00,0.75,0.00,0.75,1.00,0.00,1.00,DStar
87,0.61,AgentPrefab,Agent,MoveState,Moving,Goal,20.00,0.00,20.00,0.76,0.00,0.76,1.00,0.00,1.00,DStar
88,0.62,AgentPrefab,Agent,MoveState,Moving,Goal,20.00,0.00,20.00,0.77,0.00,0.77,1.00,0.00,1.00,DStar
89,0.62,AgentPrefab,Agent,MoveState,Moving,Goal,20.00,0.00,20.00,0.78,0.00,0.78,1.00,0.00,1.00,DStar
90,0.62,AgentPrefab,Agent,MoveState,Moving,Goal,20.00,0.00,20.00,0.78,0.00,0.78,1.00,0.00,1.00,DStar
91,0.63,AgentPrefab,Agent,MoveState,Moving,Goal,20.00,0.00,20.00,0.79,0.00,0.79,1.00,0.00,1.00,DStar
92,0.63,AgentPrefab,Agent,MoveState,Moving,Goal,20.00,0.00,20.00,0.79,0.00,0.79,1.00,0.00,1.00,DStar
93,0.64,AgentPrefab,Agent,MoveState,Moving,Goal,20.00,0.00,20.00,0.79,0.00,0.79,1.00,0.00,1.00,DStar
94,0.64,AgentPrefab,Agent,MoveState,Moving,Goal,20.00,0.00,20.00,0.80,0.00,0.80,1.00,0.00,1.00,DStar
95,0.64,AgentPrefab,Agent,MoveState,Moving,Goal,20.00,0.00,20.00,0.81,0.00,0.81,1.00,0.00,1.00,DStar
96,0.65,AgentPrefab,Agent,MoveState,Moving,Goal,20.00,0.00,20.00,0.81,0.00,0.81,1.00,0.00,1.00,DStar
97,0.65,AgentPrefab,Agent,MoveState,Moving,Goal,20.00,0.00,20.00,0.82,0.00,0.82,1.00,0.00,1.00,DStar
98,0.65,AgentPrefab,Agent,MoveState,Moving,Goal,20.00,0.00,20.00,0.82,0.00,0.82,1.00,0.00,1.00,DStar
99,0.66,AgentPrefab,Agent,MoveState,Moving,Goal,20.00,0.00,20.00,0.83,0.00,0.83,1.00,0.00,1.00,DStar
100,0.66,AgentPrefab,Agent,MoveState,Moving,Goal,20.00,0.00,20.00,0.83,0.00,0.83,1.00,0.00,1.00,DStar
101,0.67,AgentPrefab,Agent,MoveState,Moving,Goal,20.00,0.00,20.00,0.84,0.00,0.84,1.00,0.00,1.00,DStar
102,0.67,AgentPrefab,Agent,MoveState,Moving,Goal,20.00,0.00,20.00,0.84,0.00,0.84,1.00,0.00,1.00,DStar
103,0.67,AgentPrefab,Agent,MoveState,Moving,Goal,20.00,0.00,20.00,0.85,0.00,0.85,1.00,0.00,1.00,DStar
104,0.68,AgentPrefab,Agent,MoveState,Moving,Goal,20.00,0.00,20.00,0.86,0.00,0.86,1.00,0.00,1.00,DStar
105,0.68,AgentPrefab,Agent,MoveState,Moving,Goal,20.00,0.00,20.00,0.86,0.00,0.86,1.00,0.00,1.00,DStar
106,0.68,AgentPrefab,Agent,MoveState,Moving,Goal,20.00,0.00,20.00,0.86,0.00,0.86,1.00,0.00,1.00,DStar
107,0.69,AgentPrefab,Agent,MoveState,Moving,Goal,20.00,0.00,20.00,0.87,0.00,0.87,1.00,0.00,1.00,DStar
108,0.69,AgentPrefab,Agent,MoveState,Moving,Goal,20.00,0.00,20.00,0.87,0.00,0.87,1.00,0.00,1.00,DStar
109,0.69,AgentPrefab,Agent,MoveState,Moving,Goal,20.00,0.00,20.00,0.88,0.00,0.88,1.00,0.00,1.00,DStar
110,0.70,AgentPrefab,Agent,MoveState,Moving,Goal,20.00,0.00,20.00,0.88,0.00,0.88,1.00,0.00,1.00,DStar
111,0.70,AgentPrefab,Agent,MoveState,Moving,Goal,20.00,0.00,20.00,0.89,0.00,0.89,1.00,0.00,1.00,DStar
112,0.70,AgentPrefab,Agent,MoveState,Moving,Goal,20.00,0.00,20.00,0.89,0.00,0.89,1.00,0.00,1.00,DStar
113,0.71,AgentPrefab,Agent,MoveState,Moving,Goal,20.00,0.00,20.00,0.90,0.00,0.90,1.00,0.00,1.00,DStar
114,0.71,AgentPrefab,Agent,MoveState,Moving,Goal,20.00,0.00,20.00,0.90,0.00,0.90,1.00,0.00,1.00,DStar
115,0.71,AgentPrefab,Agent,MoveState,Moving,Goal,20.00,0.00,20.00,0.91,0.00,0.91,1.00,0.00,1.00,DStar
116,0.72,AgentPrefab,Agent,MoveState,Moving,Goal,20.00,0.00,20.00,0.91,0.00,0.91,1.00,0.00,1.00,DStar
117,0.72,AgentPrefab,Agent,MoveState,Moving,Goal,20.00,0.00,20.00,0.92,0.00,0.92,1.00,0.00,1.00,DStar
118,0.72,AgentPrefab,Agent,MoveState,Moving,Goal,20.00,0.00,20.00,0.92,0.00,0.92,1.00,0.00,1.00,DStar
119,0.73,AgentPrefab,Agent,MoveState,Moving,Goal,20.00,0.00,20.00,0.93,0.00,0.93,1.00,0.00,1.00,DStar
120,0.73,AgentPrefab,Agent,MoveState,Moving,Goal,20.00,0.00,20.00,0.93,0.00,0.93,1.00,0.00,1.00,DStar
121,0.74,AgentPrefab,Agent,MoveState,Moving,Goal,20.00,0.00,20.00,0.94,0.00,0.94,1.00,0.00,1.00,DStar
122,0.74,AgentPrefab,Agent,MoveState,Moving,Goal,20.00,0.00,20.00,0.94,0.00,0.94,1.00,0.00,1.00,DStar
123,0.74,AgentPrefab,Agent,MoveState,Moving,Goal,20.00,0.00,20.00,0.95,0.00,0.95,1.00,0.00,1.00,DStar
124,0.74,AgentPrefab,Agent,MoveState,Moving,Goal,20.00,0.00,20.00,0.95,0.00,0.95,1.00,0.00,1.00,DStar
125,0.75,AgentPrefab,Agent,MoveState,Moving,Goal,20.00,0.00,20.00,0.95,0.00,0.95,1.00,0.00,1.00,DStar
126,0.75,AgentPrefab,Agent,MoveState,Moving,Goal,20.00,0.00,20.00,0.96,0.00,0.96,1.00,0.00,1.00,DStar
127,0.75,AgentPrefab,Agent,MoveState,Moving,Goal,20.00,0.00,20.00,0.96,0.00,0.96,1.00,0.00,1.00,DStar
128,0.76,AgentPrefab,Agent,MoveState,Moving,Goal,20.00,0.00,20.00,1.00,0.00,1.00,2.00,0.00,2.00,DStar
129,0.76,AgentPrefab,Agent,MoveState,Moving,Goal,20.00,0.00,20.00,1.00,0.00,1.00,2.00,0.00,2.00,DStar
130,0.76,AgentPrefab,Agent,MoveState,Moving,Goal,20.00,0.00,20.00,1.01,0.00,1.01,2.00,0.00,2.00,DStar
131,0.77,AgentPrefab,Agent,MoveState,Moving,Goal,20.00,0.00,20.00,1.01,0.00,1.01,2.00,0.00,2.00,DStar
132,0.77,AgentPrefab,Agent,MoveState,Moving,Goal,20.00,0.00,20.00,1.02,0.00,1.02,2.00,0.00,2.00,DStar
133,0.78,AgentPrefab,Agent,MoveState,Moving,Goal,20.00,0.00,20.00,1.02,0.00,1.02,2.00,0.00,2.00,DStar
134,0.78,AgentPrefab,Agent,MoveState,Moving,Goal,20.00,0.00,20.00,1.03,0.00,1.03,2.00,0.00,2.00,DStar
135,0.78,AgentPrefab,Agent,MoveState,Moving,Goal,20.00,0.00,20.00,1.03,0.00,1.03,2.00,0.00,2.00,DStar
136,0.79,AgentPrefab,Agent,MoveState,Moving,Goal,20.00,0.00,20.00,1.04,0.00,1.04,2.00,0.00,2.00,DStar
137,0.79,AgentPrefab,Agent,MoveState,Moving,Goal,20.00,0.00,20.00,1.04,0.00,1.04,2.00,0.00,2.00,DStar
138,0.79,AgentPrefab,Agent,MoveState,Moving,Goal,20.00,0.00,20.00,1.05,0.00,1.05,2.00,0.00,2.00,DStar
139,0.80,AgentPrefab,Agent,MoveState,Moving,Goal,20.00,0.00,20.00,1.05,0.00,1.05,2.00,0.00,2.00,DStar
140,0.80,AgentPrefab,Agent,MoveState,Moving,Goal,20.00,0.00,20.00,1.06,0.00,1.06,2.00,0.00,2.00,DStar
141,0.80,AgentPrefab,Agent,MoveState,Moving,Goal,20.00,0.00,20.00,1.06,0.00,1.06,2.00,0.00,2.00,DStar
142,0.81,AgentPrefab,Agent,MoveState,Moving,Goal,20.00,0.00,20.00,1.07,0.00,1.07,2.00,0.00,2.00,DStar
143,0.81,AgentPrefab,Agent,MoveState,Moving,Goal,20.00,0.00,20.00,1.07,0.00,1.07,2.00,0.00,2.00,DStar
144,0.82,AgentPrefab,Agent,MoveState,Moving,Goal,20.00,0.00,20.00,1.08,0.00,1.08,2.00,0.00,2.00,DStar
145,0.82,AgentPrefab,Agent,MoveState,Moving,Goal,20.00,0.00,20.00,1.09,0.00,1.09,2.00,0.00,2.00,DStar
146,0.83,AgentPrefab,Agent,MoveState,Moving,Goal,20.00,0.00,20.00,1.10,0.00,1.10,2.00,0.00,2.00,DStar
147,0.83,AgentPrefab,Agent,MoveState,Moving,Goal,20.00,0.00,20.00,1.10,0.00,1.10,2.00,0.00,2.00,DStar
148,0.83,AgentPrefab,Agent,MoveState,Moving,Goal,20.00,0.00,20.00,1.10,0.00,1.10,2.00,0.00,2.00,DStar
149,0.84,AgentPrefab,Agent,MoveState,Moving,Goal,20.00,0.00,20.00,1.11,0.00,1.11,2.00,0.00,2.00,DStar
150,0.84,AgentPrefab,Agent,MoveState,Moving,Goal,20.00,0.00,20.00,1.12,0.00,1.12,2.00,0.00,2.00,DStar
151,0.84,AgentPrefab,Agent,MoveState,Moving,Goal,20.00,0.00,20.00,1.12,0.00,1.12,2.00,0.00,2.00,DStar
152,0.85,AgentPrefab,Agent,MoveState,Moving,Goal,20.00,0.00,20.00,1.13,0.00,1.13,2.00,0.00,2.00,DStar
153,0.85,AgentPrefab,Agent,MoveState,Moving,Goal,20.00,0.00,20.00,1.13,0.00,1.13,2.00,0.00,2.00,DStar
154,0.85,AgentPrefab,Agent,MoveState,Moving,Goal,20.00,0.00,20.00,1.13,0.00,1.13,2.00,0.00,2.00,DStar
155,0.86,AgentPrefab,Agent,MoveState,Moving,Goal,20.00,0.00,20.00,1.14,0.00,1.14,2.00,0.00,2.00,DStar
156,0.86,AgentPrefab,Agent,MoveState,Moving,Goal,20.00,0.00,20.00,1.15,0.00,1.15,2.00,0.00,2.00,DStar
157,0.86,AgentPrefab,Agent,MoveState,Moving,Goal,20.00,0.00,20.00,1.15,0.00,1.15,2.00,0.00,2.00,DStar
158,0.87,AgentPrefab,Agent,MoveState,Moving,Goal,20.00,0.00,20.00,1.15,0.00,1.15,2.00,0.00,2.00,DStar
159,0.87,AgentPrefab,Agent,MoveState,Moving,Goal,20.00,0.00,20.00,1.16,0.00,1.16,2.00,0.00,2.00,DStar
160,0.87,AgentPrefab,Agent,MoveState,Moving,Goal,20.00,0.00,20.00,1.16,0.00,1.16,2.00,0.00,2.00,DStar
161,0.88,AgentPrefab,Agent,MoveState,Moving,Goal,20.00,0.00,20.00,1.17,0.00,1.17,2.00,0.00,2.00,DStar
162,0.88,AgentPrefab,Agent,MoveState,Moving,Goal,20.00,0.00,20.00,1.17,0.00,1.17,2.00,0.00,2.00,DStar
163,0.88,AgentPrefab,Agent,MoveState,Moving,Goal,20.00,0.00,20.00,1.18,0.00,1.18,2.00,0.00,2.00,DStar
164,0.89,AgentPrefab,Agent,MoveState,Moving,Goal,20.00,0.00,20.00,1.18,0.00,1.18,2.00,0.00,2.00,DStar
165,0.89,AgentPrefab,Agent,MoveState,Moving,Goal,20.00,0.00,20.00,1.19,0.00,1.19,2.00,0.00,2.00,DStar
166,0.89,AgentPrefab,Agent,MoveState,Moving,Goal,20.00,0.00,20.00,1.19,0.00,1.19,2.00,0.00,2.00,DStar
167,0.90,AgentPrefab,Agent,MoveState,Moving,Goal,20.00,0.00,20.00,1.19,0.00,1.19,2.00,0.00,2.00,DStar
168,0.90,AgentPrefab,Agent,MoveState,Moving,Goal,20.00,0.00,20.00,1.20,0.00,1.20,2.00,0.00,2.00,DStar
169,0.90,AgentPrefab,Agent,MoveState,Moving,Goal,20.00,0.00,20.00,1.20,0.00,1.20,2.00,0.00,2.00,DStar
170,0.91,AgentPrefab,Agent,MoveState,Moving,Goal,20.00,0.00,20.00,1.21,0.00,1.21,2.00,0.00,2.00,DStar
171,0.91,AgentPrefab,Agent,MoveState,Moving,Goal,20.00,0.00,20.00,1.21,0.00,1.21,2.00,0.00,2.00,DStar
172,0.91,AgentPrefab,Agent,MoveState,Moving,Goal,20.00,0.00,20.00,1.22,0.00,1.22,2.00,0.00,2.00,DStar
173,0.92,AgentPrefab,Agent,MoveState,Moving,Goal,20.00,0.00,20.00,1.23,0.00,1.23,2.00,0.00,2.00,DStar
174,0.92,AgentPrefab,Agent,MoveState,Moving,Goal,20.00,0.00,20.00,1.23,0.00,1.23,2.00,0.00,2.00,DStar
175,0.92,AgentPrefab,Agent,MoveState,Moving,Goal,20.00,0.00,20.00,1.24,0.00,1.24,2.00,0.00,2.00,DStar
176,0.93,AgentPrefab,Agent,MoveState,Moving,Goal,20.00,0.00,20.00,1.24,0.00,1.24,2.00,0.00,2.00,DStar
177,0.93,AgentPrefab,Agent,MoveState,Moving,Goal,20.00,0.00,20.00,1.24,0.00,1.24,2.00,0.00,2.00,DStar
178,0.93,AgentPrefab,Agent,MoveState,Moving,Goal,20.00,0.00,20.00,1.25,0.00,1.25,2.00,0.00,2.00,DStar
179,0.94,AgentPrefab,Agent,MoveState,Moving,Goal,20.00,0.00,20.00,1.25,0.00,1.25,2.00,0.00,2.00,DStar
180,0.94,AgentPrefab,Agent,MoveState,Moving,Goal,20.00,0.00,20.00,1.26,0.00,1.26,2.00,0.00,2.00,DStar
181,0.94,AgentPrefab,Agent,MoveState,Moving,Goal,20.00,0.00,20.00,1.26,0.00,1.26,2.00,0.00,2.00,DStar
182,0.95,AgentPrefab,Agent,MoveState,Moving,Goal,20.00,0.00,20.00,1.27,0.00,1.27,2.00,0.00,2.00,DStar
183,0.95,AgentPrefab,Agent,MoveState,Moving,Goal,20.00,0.00,20.00,1.27,0.00,1.27,2.00,0.00,2.00,DStar
184,0.96,AgentPrefab,Agent,MoveState,Moving,Goal,20.00,0.00,20.00,1.28,0.00,1.28,2.00,0.00,2.00,DStar
185,0.96,AgentPrefab,Agent,MoveState,Moving,Goal,20.00,0.00,20.00,1.28,0.00,1.28,2.00,0.00,2.00,DStar
186,0.96,AgentPrefab,Agent,MoveState,Moving,Goal,20.00,0.00,20.00,1.29,0.00,1.29,2.00,0.00,2.00,DStar
187,0.97,AgentPrefab,Agent,MoveState,Moving,Goal,20.00,0.00,20.00,1.29,0.00,1.29,2.00,0.00,2.00,DStar
188,0.97,AgentPrefab,Agent,MoveState,Moving,Goal,20.00,0.00,20.00,1.30,0.00,1.30,2.00,0.00,2.00,DStar
189,0.97,AgentPrefab,Agent,MoveState,Moving,Goal,20.00,0.00,20.00,1.31,0.00,1.31,2.00,0.00,2.00,DStar
190,0.98,AgentPrefab,Agent,MoveState,Moving,Goal,20.00,0.00,20.00,1.31,0.00,1.31,2.00,0.00,2.00,DStar
191,0.98,AgentPrefab,Agent,MoveState,Moving,Goal,20.00,0.00,20.00,1.32,0.00,1.32,2.00,0.00,2.00,DStar
192,0.99,AgentPrefab,Agent,MoveState,Moving,Goal,20.00,0.00,20.00,1.32,0.00,1.32,2.00,0.00,2.00,DStar
193,0.99,AgentPrefab,Agent,MoveState,Moving,Goal,20.00,0.00,20.00,1.33,0.00,1.33,2.00,0.00,2.00,DStar
194,1.00,AgentPrefab,Agent,MoveState,Moving,Goal,20.00,0.00,20.00,1.34,0.00,1.34,2.00,0.00,2.00,DStar
195,1.00,AgentPrefab,Agent,MoveState,Moving,Goal,20.00,0.00,20.00,1.34,0.00,1.34,2.00,0.00,2.00,DStar
196,1.01,AgentPrefab,Agent,MoveState,Moving,Goal,20.00,0.00,20.00,1.35,0.00,1.35,2.00,0.00,2.00,DStar
197,1.01,AgentPrefab,Agent,MoveState,Moving,Goal,20.00,0.00,20.00,1.36,0.00,1.36,2.00,0.00,2.00,DStar
198,1.02,AgentPrefab,Agent,MoveState,Moving,Goal,20.00,0.00,20.00,1.37,0.00,1.37,2.00,0.00,2.00,DStar
199,1.02,AgentPrefab,Agent,MoveState,Moving,Goal,20.00,0.00,20.00,1.37,0.00,1.37,2.00,0.00,2.00,DStar
200,1.03,AgentPrefab,Agent,MoveState,Moving,Goal,20.00,0.00,20.00,1.38,0.00,1.38,2.00,0.00,2.00,DStar
201,1.03,AgentPrefab,Agent,MoveState,Moving,Goal,20.00,0.00,20.00,1.38,0.00,1.38,2.00,0.00,2.00,DStar
202,1.03,AgentPrefab,Agent,MoveState,Moving,Goal,20.00,0.00,20.00,1.39,0.00,1.39,2.00,0.00,2.00,DStar
203,1.04,AgentPrefab,Agent,MoveState,Moving,Goal,20.00,0.00,20.00,1.39,0.00,1.39,2.00,0.00,2.00,DStar
204,1.04,AgentPrefab,Agent,MoveState,Moving,Goal,20.00,0.00,20.00,1.40,0.00,1.40,2.00,0.00,2.00,DStar
205,1.04,AgentPrefab,Agent,MoveState,Moving,Goal,20.00,0.00,20.00,1.40,0.00,1.40,2.00,0.00,2.00,DStar
206,1.05,AgentPrefab,Agent,MoveState,Moving,Goal,20.00,0.00,20.00,1.41,0.00,1.41,2.00,0.00,2.00,DStar
207,1.05,AgentPrefab,Agent,MoveState,Moving,Goal,20.00,0.00,20.00,1.41,0.00,1.41,2.00,0.00,2.00,DStar
208,1.05,AgentPrefab,Agent,MoveState,Moving,Goal,20.00,0.00,20.00,1.42,0.00,1.42,2.00,0.00,2.00,DStar
209,1.06,AgentPrefab,Agent,MoveState,Moving,Goal,20.00,0.00,20.00,1.42,0.00,1.42,2.00,0.00,2.00,DStar
210,1.06,AgentPrefab,Agent,MoveState,Moving,Goal,20.00,0.00,20.00,1.43,0.00,1.43,2.00,0.00,2.00,DStar
211,1.07,AgentPrefab,Agent,MoveState,Moving,Goal,20.00,0.00,20.00,1.43,0.00,1.43,2.00,0.00,2.00,DStar
212,1.07,AgentPrefab,Agent,MoveState,Moving,Goal,20.00,0.00,20.00,1.44,0.00,1.44,2.00,0.00,2.00,DStar
213,1.07,AgentPrefab,Agent,MoveState,Moving,Goal,20.00,0.00,20.00,1.45,0.00,1.45,2.00,0.00,2.00,DStar
214,1.08,AgentPrefab,Agent,MoveState,Moving,Goal,20.00,0.00,20.00,1.45,0.00,1.45,2.00,0.00,2.00,DStar
215,1.08,AgentPrefab,Agent,MoveState,Moving,Goal,20.00,0.00,20.00,1.46,0.00,1.46,2.00,0.00,2.00,DStar
216,1.08,AgentPrefab,Agent,MoveState,Moving,Goal,20.00,0.00,20.00,1.46,0.00,1.46,2.00,0.00,2.00,DStar
217,1.09,AgentPrefab,Agent,MoveState,Moving,Goal,20.00,0.00,20.00,1.46,0.00,1.46,2.00,0.00,2.00,DStar
218,1.09,AgentPrefab,Agent,MoveState,Moving,Goal,20.00,0.00,20.00,1.47,0.00,1.47,2.00,0.00,2.00,DStar
219,1.09,AgentPrefab,Agent,MoveState,Moving,Goal,20.00,0.00,20.00,1.47,0.00,1.47,2.00,0.00,2.00,DStar
220,1.10,AgentPrefab,Agent,MoveState,Moving,Goal,20.00,0.00,20.00,1.48,0.00,1.48,2.00,0.00,2.00,DStar
221,1.10,AgentPrefab,Agent,MoveState,Moving,Goal,20.00,0.00,20.00,1.49,0.00,1.49,2.00,0.00,2.00,DStar
222,1.10,AgentPrefab,Agent,MoveState,Moving,Goal,20.00,0.00,20.00,1.49,0.00,1.49,2.00,0.00,2.00,DStar
223,1.11,AgentPrefab,Agent,MoveState,Moving,Goal,20.00,0.00,20.00,1.49,0.00,1.49,2.00,0.00,2.00,DStar
224,1.11,AgentPrefab,Agent,MoveState,Moving,Goal,20.00,0.00,20.00,1.50,0.00,1.50,2.00,0.00,2.00,DStar
225,1.11,AgentPrefab,Agent,MoveState,Moving,Goal,20.00,0.00,20.00,1.50,0.00,1.50,2.00,0.00,2.00,DStar
226,1.12,AgentPrefab,Agent,MoveState,Moving,Goal,20.00,0.00,20.00,1.51,0.00,1.51,2.00,0.00,2.00,DStar
227,1.12,AgentPrefab,Agent,MoveState,Moving,Goal,20.00,0.00,20.00,1.51,0.00,1.51,2.00,0.00,2.00,DStar
228,1.13,AgentPrefab,Agent,MoveState,Moving,Goal,20.00,0.00,20.00,1.52,0.00,1.52,2.00,0.00,2.00,DStar
229,1.13,AgentPrefab,Agent,MoveState,Moving,Goal,20.00,0.00,20.00,1.52,0.00,1.52,2.00,0.00,2.00,DStar
230,1.13,AgentPrefab,Agent,MoveState,Moving,Goal,20.00,0.00,20.00,1.53,0.00,1.53,2.00,0.00,2.00,DStar
231,1.14,AgentPrefab,Agent,MoveState,Moving,Goal,20.00,0.00,20.00,1.53,0.00,1.53,2.00,0.00,2.00,DStar
232,1.14,AgentPrefab,Agent,MoveState,Moving,Goal,20.00,0.00,20.00,1.54,0.00,1.54,2.00,0.00,2.00,DStar
233,1.14,AgentPrefab,Agent,MoveState,Moving,Goal,20.00,0.00,20.00,1.54,0.00,1.54,2.00,0.00,2.00,DStar
234,1.15,AgentPrefab,Agent,MoveState,Moving,Goal,20.00,0.00,20.00,1.55,0.00,1.55,2.00,0.00,2.00,DStar
235,1.15,AgentPrefab,Agent,MoveState,Moving,Goal,20.00,0.00,20.00,1.55,0.00,1.55,2.00,0.00,2.00,DStar
236,1.15,AgentPrefab,Agent,MoveState,Moving,Goal,20.00,0.00,20.00,1.56,0.00,1.56,2.00,0.00,2.00,DStar
237,1.16,AgentPrefab,Agent,MoveState,Moving,Goal,20.00,0.00,20.00,1.56,0.00,1.56,2.00,0.00,2.00,DStar
238,1.16,AgentPrefab,Agent,MoveState,Moving,Goal,20.00,0.00,20.00,1.57,0.00,1.57,2.00,0.00,2.00,DStar
239,1.16,AgentPrefab,Agent,MoveState,Moving,Goal,20.00,0.00,20.00,1.57,0.00,1.57,2.00,0.00,2.00,DStar
240,1.16,AgentPrefab,Agent,MoveState,Moving,Goal,20.00,0.00,20.00,1.58,0.00,1.58,2.00,0.00,2.00,DStar
241,1.17,AgentPrefab,Agent,MoveState,Moving,Goal,20.00,0.00,20.00,1.58,0.00,1.58,2.00,0.00,2.00,DStar
242,1.17,AgentPrefab,Agent,MoveState,Moving,Goal,20.00,0.00,20.00,1.58,0.00,1.58,2.00,0.00,2.00,DStar
243,1.18,AgentPrefab,Agent,MoveState,Moving,Goal,20.00,0.00,20.00,1.59,0.00,1.59,2.00,0.00,2.00,DStar
244,1.18,AgentPrefab,Agent,MoveState,Moving,Goal,20.00,0.00,20.00,1.60,0.00,1.60,2.00,0.00,2.00,DStar
245,1.18,AgentPrefab,Agent,MoveState,Moving,Goal,20.00,0.00,20.00,1.60,0.00,1.60,2.00,0.00,2.00,DStar
246,1.19,AgentPrefab,Agent,MoveState,Moving,Goal,20.00,0.00,20.00,1.60,0.00,1.60,2.00,0.00,2.00,DStar
247,1.19,AgentPrefab,Agent,MoveState,Moving,Goal,20.00,0.00,20.00,1.61,0.00,1.61,2.00,0.00,2.00,DStar
248,1.19,AgentPrefab,Agent,MoveState,Moving,Goal,20.00,0.00,20.00,1.61,0.00,1.61,2.00,0.00,2.00,DStar
249,1.20,AgentPrefab,Agent,MoveState,Moving,Goal,20.00,0.00,20.00,1.62,0.00,1.62,2.00,0.00,2.00,DStar
250,1.20,AgentPrefab,Agent,MoveState,Moving,Goal,20.00,0.00,20.00,1.63,0.00,1.63,2.00,0.00,2.00,DStar
251,1.20,AgentPrefab,Agent,MoveState,Moving,Goal,20.00,0.00,20.00,1.63,0.00,1.63,2.00,0.00,2.00,DStar
252,1.21,AgentPrefab,Agent,MoveState,Moving,Goal,20.00,0.00,20.00,1.64,0.00,1.64,2.00,0.00,2.00,DStar
253,1.21,AgentPrefab,Agent,MoveState,Moving,Goal,20.00,0.00,20.00,1.64,0.00,1.64,2.00,0.00,2.00,DStar
254,1.22,AgentPrefab,Agent,MoveState,Moving,Goal,20.00,0.00,20.00,1.65,0.00,1.65,2.00,0.00,2.00,DStar
255,1.22,AgentPrefab,Agent,MoveState,Moving,Goal,20.00,0.00,20.00,1.65,0.00,1.65,2.00,0.00,2.00,DStar
256,1.22,AgentPrefab,Agent,MoveState,Moving,Goal,20.00,0.00,20.00,1.66,0.00,1.66,2.00,0.00,2.00,DStar
257,1.23,AgentPrefab,Agent,MoveState,Moving,Goal,20.00,0.00,20.00,1.66,0.00,1.66,2.00,0.00,2.00,DStar
258,1.23,AgentPrefab,Agent,MoveState,Moving,Goal,20.00,0.00,20.00,1.67,0.00,1.67,2.00,0.00,2.00,DStar
259,1.24,AgentPrefab,Agent,MoveState,Moving,Goal,20.00,0.00,20.00,1.68,0.00,1.68,2.00,0.00,2.00,DStar
260,1.24,AgentPrefab,Agent,MoveState,Moving,Goal,20.00,0.00,20.00,1.68,0.00,1.68,2.00,0.00,2.00,DStar
261,1.25,AgentPrefab,Agent,MoveState,Moving,Goal,20.00,0.00,20.00,1.69,0.00,1.69,2.00,0.00,2.00,DStar
262,1.25,AgentPrefab,Agent,MoveState,Moving,Goal,20.00,0.00,20.00,1.69,0.00,1.69,2.00,0.00,2.00,DStar
263,1.25,AgentPrefab,Agent,MoveState,Moving,Goal,20.00,0.00,20.00,1.70,0.00,1.70,2.00,0.00,2.00,DStar
264,1.26,AgentPrefab,Agent,MoveState,Moving,Goal,20.00,0.00,20.00,1.71,0.00,1.71,2.00,0.00,2.00,DStar
265,1.26,AgentPrefab,Agent,MoveState,Moving,Goal,20.00,0.00,20.00,1.71,0.00,1.71,2.00,0.00,2.00,DStar
266,1.27,AgentPrefab,Agent,MoveState,Moving,Goal,20.00,0.00,20.00,1.72,0.00,1.72,2.00,0.00,2.00,DStar
267,1.27,AgentPrefab,Agent,MoveState,Moving,Goal,20.00,0.00,20.00,1.72,0.00,1.72,2.00,0.00,2.00,DStar
268,1.28,AgentPrefab,Agent,MoveState,Moving,Goal,20.00,0.00,20.00,1.73,0.00,1.73,2.00,0.00,2.00,DStar
269,1.28,AgentPrefab,Agent,MoveState,Moving,Goal,20.00,0.00,20.00,1.74,0.00,1.74,2.00,0.00,2.00,DStar
270,1.29,AgentPrefab,Agent,MoveState,Moving,Goal,20.00,0.00,20.00,1.74,0.00,1.74,2.00,0.00,2.00,DStar
271,1.29,AgentPrefab,Agent,MoveState,Moving,Goal,20.00,0.00,20.00,1.75,0.00,1.75,2.00,0.00,2.00,DStar
272,1.29,AgentPrefab,Agent,MoveState,Moving,Goal,20.00,0.00,20.00,1.76,0.00,1.76,2.00,0.00,2.00,DStar
273,1.30,AgentPrefab,Agent,MoveState,Moving,Goal,20.00,0.00,20.00,1.76,0.00,1.76,2.00,0.00,2.00,DStar
274,1.30,AgentPrefab,Agent,MoveState,Moving,Goal,20.00,0.00,20.00,1.77,0.00,1.77,2.00,0.00,2.00,DStar
275,1.31,AgentPrefab,Agent,MoveState,Moving,Goal,20.00,0.00,20.00,1.78,0.00,1.78,2.00,0.00,2.00,DStar
276,1.31,AgentPrefab,Agent,MoveState,Moving,Goal,20.00,0.00,20.00,1.78,0.00,1.78,2.00,0.00,2.00,DStar
277,1.32,AgentPrefab,Agent,MoveState,Moving,Goal,20.00,0.00,20.00,1.79,0.00,1.79,2.00,0.00,2.00,DStar
278,1.32,AgentPrefab,Agent,MoveState,Moving,Goal,20.00,0.00,20.00,1.80,0.00,1.80,2.00,0.00,2.00,DStar
279,1.33,AgentPrefab,Agent,MoveState,Moving,Goal,20.00,0.00,20.00,1.80,0.00,1.80,2.00,0.00,2.00,DStar
280,1.33,AgentPrefab,Agent,MoveState,Moving,Goal,20.00,0.00,20.00,1.81,0.00,1.81,2.00,0.00,2.00,DStar
281,1.34,AgentPrefab,Agent,MoveState,Moving,Goal,20.00,0.00,20.00,1.81,0.00,1.81,2.00,0.00,2.00,DStar
282,1.34,AgentPrefab,Agent,MoveState,Moving,Goal,20.00,0.00,20.00,1.82,0.00,1.82,2.00,0.00,2.00,DStar
283,1.34,AgentPrefab,Agent,MoveState,Moving,Goal,20.00,0.00,20.00,1.83,0.00,1.83,2.00,0.00,2.00,DStar
284,1.35,AgentPrefab,Agent,MoveState,Moving,Goal,20.00,0.00,20.00,1.83,0.00,1.83,2.00,0.00,2.00,DStar
285,1.35,AgentPrefab,Agent,MoveState,Moving,Goal,20.00,0.00,20.00,1.84,0.00,1.84,2.00,0.00,2.00,DStar
286,1.36,AgentPrefab,Agent,MoveState,Moving,Goal,20.00,0.00,20.00,1.84,0.00,1.84,2.00,0.00,2.00,DStar
287,1.36,AgentPrefab,Agent,MoveState,Moving,Goal,20.00,0.00,20.00,1.85,0.00,1.85,2.00,0.00,2.00,DStar
288,1.36,AgentPrefab,Agent,MoveState,Moving,Goal,20.00,0.00,20.00,1.86,0.00,1.86,2.00,0.00,2.00,DStar
289,1.37,AgentPrefab,Agent,MoveState,Moving,Goal,20.00,0.00,20.00,1.86,0.00,1.86,2.00,0.00,2.00,DStar
290,1.37,AgentPrefab,Agent,MoveState,Moving,Goal,20.00,0.00,20.00,1.87,0.00,1.87,2.00,0.00,2.00,DStar
291,1.38,AgentPrefab,Agent,MoveState,Moving,Goal,20.00,0.00,20.00,1.87,0.00,1.87,2.00,0.00,2.00,DStar
292,1.38,AgentPrefab,Agent,MoveState,Moving,Goal,20.00,0.00,20.00,1.88,0.00,1.88,2.00,0.00,2.00,DStar
293,1.38,AgentPrefab,Agent,MoveState,Moving,Goal,20.00,0.00,20.00,1.88,0.00,1.88,2.00,0.00,2.00,DStar
294,1.39,AgentPrefab,Agent,MoveState,Moving,Goal,20.00,0.00,20.00,1.89,0.00,1.89,2.00,0.00,2.00,DStar
295,1.39,AgentPrefab,Agent,MoveState,Moving,Goal,20.00,0.00,20.00,1.90,0.00,1.90,2.00,0.00,2.00,DStar
296,1.40,AgentPrefab,Agent,MoveState,Moving,Goal,20.00,0.00,20.00,1.90,0.00,1.90,2.00,0.00,2.00,DStar
297,1.40,AgentPrefab,Agent,MoveState,Moving,Goal,20.00,0.00,20.00,1.91,0.00,1.91,2.00,0.00,2.00,DStar
298,1.41,AgentPrefab,Agent,MoveState,Moving,Goal,20.00,0.00,20.00,1.91,0.00,1.91,2.00,0.00,2.00,DStar
299,1.41,AgentPrefab,Agent,MoveState,Moving,Goal,20.00,0.00,20.00,1.92,0.00,1.92,2.00,0.00,2.00,DStar
300,1.42,AgentPrefab,Agent,MoveState,Moving,Goal,20.00,0.00,20.00,1.93,0.00,1.93,2.00,0.00,2.00,DStar
301,1.42,AgentPrefab,Agent,MoveState,Moving,Goal,20.00,0.00,20.00,1.94,0.00,1.94,2.00,0.00,2.00,DStar
302,1.43,AgentPrefab,Agent,MoveState,Moving,Goal,20.00,0.00,20.00,1.94,0.00,1.94,2.00,0.00,2.00,DStar
303,1.43,AgentPrefab,Agent,MoveState,Moving,Goal,20.00,0.00,20.00,1.95,0.00,1.95,2.00,0.00,2.00,DStar
304,1.43,AgentPrefab,Agent,MoveState,Moving,Goal,20.00,0.00,20.00,1.95,0.00,1.95,2.00,0.00,2.00,DStar
305,1.44,AgentPrefab,Agent,MoveState,Moving,Goal,20.00,0.00,20.00,1.96,0.00,1.96,2.00,0.00,2.00,DStar
306,1.44,AgentPrefab,Agent,MoveState,Moving,Goal,20.00,0.00,20.00,1.96,0.00,1.96,2.00,0.00,2.00,DStar
307,1.45,AgentPrefab,Agent,MoveState,Moving,Goal,20.00,0.00,20.00,2.00,0.00,2.00,3.00,0.00,3.00,DStar
308,1.45,AgentPrefab,Agent,MoveState,Moving,Goal,20.00,0.00,20.00,2.01,0.00,2.01,3.00,0.00,3.00,DStar
309,1.46,AgentPrefab,Agent,MoveState,Moving,Goal,20.00,0.00,20.00,2.01,0.00,2.01,3.00,0.00,3.00,DStar
310,1.46,AgentPrefab,Agent,MoveState,Moving,Goal,20.00,0.00,20.00,2.02,0.00,2.02,3.00,0.00,3.00,DStar
311,1.46,AgentPrefab,Agent,MoveState,Moving,Goal,20.00,0.00,20.00,2.02,0.00,2.02,3.00,0.00,3.00,DStar
312,1.46,AgentPrefab,Agent,MoveState,Moving,Goal,20.00,0.00,20.00,2.03,0.00,2.03,3.00,0.00,3.00,DStar
313,1.47,AgentPrefab,Agent,MoveState,Moving,Goal,20.00,0.00,20.00,2.03,0.00,2.03,3.00,0.00,3.00,DStar
314,1.47,AgentPrefab,Agent,MoveState,Moving,Goal,20.00,0.00,20.00,2.04,0.00,2.04,3.00,0.00,3.00,DStar
315,1.47,AgentPrefab,Agent,MoveState,Moving,Goal,20.00,0.00,20.00,2.04,0.00,2.04,3.00,0.00,3.00,DStar
316,1.48,AgentPrefab,Agent,MoveState,Moving,Goal,20.00,0.00,20.00,2.04,0.00,2.04,3.00,0.00,3.00,DStar
317,1.48,AgentPrefab,Agent,MoveState,Moving,Goal,20.00,0.00,20.00,2.05,0.00,2.05,3.00,0.00,3.00,DStar
318,1.48,AgentPrefab,Agent,MoveState,Moving,Goal,20.00,0.00,20.00,2.05,0.00,2.05,3.00,0.00,3.00,DStar
319,1.48,AgentPrefab,Agent,MoveState,Moving,Goal,20.00,0.00,20.00,2.06,0.00,2.06,3.00,0.00,3.00,DStar
320,1.49,AgentPrefab,Agent,MoveState,Moving,Goal,20.00,0.00,20.00,2.06,0.00,2.06,3.00,0.00,3.00,DStar
321,1.49,AgentPrefab,Agent,MoveState,Moving,Goal,20.00,0.00,20.00,2.06,0.00,2.06,3.00,0.00,3.00,DStar
322,1.49,AgentPrefab,Agent,MoveState,Moving,Goal,20.00,0.00,20.00,2.07,0.00,2.07,3.00,0.00,3.00,DStar
323,1.49,AgentPrefab,Agent,MoveState,Moving,Goal,20.00,0.00,20.00,2.07,0.00,2.07,3.00,0.00,3.00,DStar
324,1.50,AgentPrefab,Agent,MoveState,Moving,Goal,20.00,0.00,20.00,2.07,0.00,2.07,3.00,0.00,3.00,DStar
325,1.50,AgentPrefab,Agent,MoveState,Moving,Goal,20.00,0.00,20.00,2.08,0.00,2.08,3.00,0.00,3.00,DStar
326,1.50,AgentPrefab,Agent,MoveState,Moving,Goal,20.00,0.00,20.00,2.08,0.00,2.08,3.00,0.00,3.00,DStar
327,1.51,AgentPrefab,Agent,MoveState,Moving,Goal,20.00,0.00,20.00,2.09,0.00,2.09,3.00,0.00,3.00,DStar
328,1.51,AgentPrefab,Agent,MoveState,Moving,Goal,20.00,0.00,20.00,2.09,0.00,2.09,3.00,0.00,3.00,DStar
329,1.51,AgentPrefab,Agent,MoveState,Moving,Goal,20.00,0.00,20.00,2.09,0.00,2.09,3.00,0.00,3.00,DStar
330,1.51,AgentPrefab,Agent,MoveState,Moving,Goal,20.00,0.00,20.00,2.10,0.00,2.10,3.00,0.00,3.00,DStar
331,1.52,AgentPrefab,Agent,MoveState,Moving,Goal,20.00,0.00,20.00,2.10,0.00,2.10,3.00,0.00,3.00,DStar
332,1.52,AgentPrefab,Agent,MoveState,Moving,Goal,20.00,0.00,20.00,2.10,0.00,2.10,3.00,0.00,3.00,DStar
333,1.52,AgentPrefab,Agent,MoveState,Moving,Goal,20.00,0.00,20.00,2.11,0.00,2.11,3.00,0.00,3.00,DStar
334,1.53,AgentPrefab,Agent,MoveState,Moving,Goal,20.00,0.00,20.00,2.11,0.00,2.11,3.00,0.00,3.00,DStar
335,1.53,AgentPrefab,Agent,MoveState,Moving,Goal,20.00,0.00,20.00,2.12,0.00,2.12,3.00,0.00,3.00,DStar
336,1.53,AgentPrefab,Agent,MoveState,Moving,Goal,20.00,0.00,20.00,2.12,0.00,2.12,3.00,0.00,3.00,DStar
337,1.53,AgentPrefab,Agent,MoveState,Moving,Goal,20.00,0.00,20.00,2.13,0.00,2.13,3.00,0.00,3.00,DStar
338,1.54,AgentPrefab,Agent,MoveState,Moving,Goal,20.00,0.00,20.00,2.13,0.00,2.13,3.00,0.00,3.00,DStar
339,1.54,AgentPrefab,Agent,MoveState,Moving,Goal,20.00,0.00,20.00,2.13,0.00,2.13,3.00,0.00,3.00,DStar
340,1.54,AgentPrefab,Agent,MoveState,Moving,Goal,20.00,0.00,20.00,2.14,0.00,2.14,3.00,0.00,3.00,DStar
341,1.54,AgentPrefab,Agent,MoveState,Moving,Goal,20.00,0.00,20.00,2.14,0.00,2.14,3.00,0.00,3.00,DStar
342,1.55,AgentPrefab,Agent,MoveState,Moving,Goal,20.00,0.00,20.00,2.15,0.00,2.15,3.00,0.00,3.00,DStar
343,1.55,AgentPrefab,Agent,MoveState,Moving,Goal,20.00,0.00,20.00,2.15,0.00,2.15,3.00,0.00,3.00,DStar
344,1.55,AgentPrefab,Agent,MoveState,Moving,Goal,20.00,0.00,20.00,2.15,0.00,2.15,3.00,0.00,3.00,DStar
345,1.56,AgentPrefab,Agent,MoveState,Moving,Goal,20.00,0.00,20.00,2.16,0.00,2.16,3.00,0.00,3.00,DStar
346,1.56,AgentPrefab,Agent,MoveState,Moving,Goal,20.00,0.00,20.00,2.16,0.00,2.16,3.00,0.00,3.00,DStar
347,1.56,AgentPrefab,Agent,MoveState,Moving,Goal,20.00,0.00,20.00,2.17,0.00,2.17,3.00,0.00,3.00,DStar
348,1.57,AgentPrefab,Agent,MoveState,Moving,Goal,20.00,0.00,20.00,2.17,0.00,2.17,3.00,0.00,3.00,DStar
349,1.57,AgentPrefab,Agent,MoveState,Moving,Goal,20.00,0.00,20.00,2.17,0.00,2.17,3.00,0.00,3.00,DStar
350,1.57,AgentPrefab,Agent,MoveState,Moving,Goal,20.00,0.00,20.00,2.18,0.00,2.18,3.00,0.00,3.00,DStar
351,1.57,AgentPrefab,Agent,MoveState,Moving,Goal,20.00,0.00,20.00,2.18,0.00,2.18,3.00,0.00,3.00,DStar
352,1.58,AgentPrefab,Agent,MoveState,Moving,Goal,20.00,0.00,20.00,2.19,0.00,2.19,3.00,0.00,3.00,DStar
353,1.58,AgentPrefab,Agent,MoveState,Moving,Goal,20.00,0.00,20.00,2.19,0.00,2.19,3.00,0.00,3.00,DStar
354,1.58,AgentPrefab,Agent,MoveState,Moving,Goal,20.00,0.00,20.00,2.19,0.00,2.19,3.00,0.00,3.00,DStar
355,1.58,AgentPrefab,Agent,MoveState,Moving,Goal,20.00,0.00,20.00,2.20,0.00,2.20,3.00,0.00,3.00,DStar
356,1.59,AgentPrefab,Agent,MoveState,Moving,Goal,20.00,0.00,20.00,2.20,0.00,2.20,3.00,0.00,3.00,DStar
357,1.59,AgentPrefab,Agent,MoveState,Moving,Goal,20.00,0.00,20.00,2.21,0.00,2.21,3.00,0.00,3.00,DStar
358,1.59,AgentPrefab,Agent,MoveState,Moving,Goal,20.00,0.00,20.00,2.21,0.00,2.21,3.00,0.00,3.00,DStar
359,1.60,AgentPrefab,Agent,MoveState,Moving,Goal,20.00,0.00,20.00,2.21,0.00,2.21,3.00,0.00,3.00,DStar
360,1.60,AgentPrefab,Agent,MoveState,Moving,Goal,20.00,0.00,20.00,2.22,0.00,2.22,3.00,0.00,3.00,DStar
361,1.60,AgentPrefab,Agent,MoveState,Moving,Goal,20.00,0.00,20.00,2.22,0.00,2.22,3.00,0.00,3.00,DStar
362,1.60,AgentPrefab,Agent,MoveState,Moving,Goal,20.00,0.00,20.00,2.22,0.00,2.22,3.00,0.00,3.00,DStar
363,1.61,AgentPrefab,Agent,MoveState,Moving,Goal,20.00,0.00,20.00,2.23,0.00,2.23,3.00,0.00,3.00,DStar
364,1.61,AgentPrefab,Agent,MoveState,Moving,Goal,20.00,0.00,20.00,2.23,0.00,2.23,3.00,0.00,3.00,DStar
365,1.61,AgentPrefab,Agent,MoveState,Moving,Goal,20.00,0.00,20.00,2.23,0.00,2.23,3.00,0.00,3.00,DStar
366,1.62,AgentPrefab,Agent,MoveState,Moving,Goal,20.00,0.00,20.00,2.24,0.00,2.24,3.00,0.00,3.00,DStar
367,1.62,AgentPrefab,Agent,MoveState,Moving,Goal,20.00,0.00,20.00,2.25,0.00,2.25,3.00,0.00,3.00,DStar
368,1.62,AgentPrefab,Agent,MoveState,Moving,Goal,20.00,0.00,20.00,2.25,0.00,2.25,3.00,0.00,3.00,DStar
369,1.63,AgentPrefab,Agent,MoveState,Moving,Goal,20.00,0.00,20.00,2.26,0.00,2.26,3.00,0.00,3.00,DStar
370,1.63,AgentPrefab,Agent,MoveState,Moving,Goal,20.00,0.00,20.00,2.26,0.00,2.26,3.00,0.00,3.00,DStar
371,1.63,AgentPrefab,Agent,MoveState,Moving,Goal,20.00,0.00,20.00,2.26,0.00,2.26,3.00,0.00,3.00,DStar
372,1.63,AgentPrefab,Agent,MoveState,Moving,Goal,20.00,0.00,20.00,2.27,0.00,2.27,3.00,0.00,3.00,DStar
373,1.64,AgentPrefab,Agent,MoveState,Moving,Goal,20.00,0.00,20.00,2.27,0.00,2.27,3.00,0.00,3.00,DStar
374,1.64,AgentPrefab,Agent,MoveState,Moving,Goal,20.00,0.00,20.00,2.27,0.00,2.27,3.00,0.00,3.00,DStar
375,1.64,AgentPrefab,Agent,MoveState,Moving,Goal,20.00,0.00,20.00,2.28,0.00,2.28,3.00,0.00,3.00,DStar
376,1.64,AgentPrefab,Agent,MoveState,Moving,Goal,20.00,0.00,20.00,2.28,0.00,2.28,3.00,0.00,3.00,DStar
377,1.65,AgentPrefab,Agent,MoveState,Moving,Goal,20.00,0.00,20.00,2.29,0.00,2.29,3.00,0.00,3.00,DStar
378,1.65,AgentPrefab,Agent,MoveState,Moving,Goal,20.00,0.00,20.00,2.29,0.00,2.29,3.00,0.00,3.00,DStar
379,1.65,AgentPrefab,Agent,MoveState,Moving,Goal,20.00,0.00,20.00,2.29,0.00,2.29,3.00,0.00,3.00,DStar
380,1.65,AgentPrefab,Agent,MoveState,Moving,Goal,20.00,0.00,20.00,2.30,0.00,2.30,3.00,0.00,3.00,DStar
381,1.66,AgentPrefab,Agent,MoveState,Moving,Goal,20.00,0.00,20.00,2.30,0.00,2.30,3.00,0.00,3.00,DStar
382,1.66,AgentPrefab,Agent,MoveState,Moving,Goal,20.00,0.00,20.00,2.30,0.00,2.30,3.00,0.00,3.00,DStar
383,1.66,AgentPrefab,Agent,MoveState,Moving,Goal,20.00,0.00,20.00,2.31,0.00,2.31,3.00,0.00,3.00,DStar
384,1.67,AgentPrefab,Agent,MoveState,Moving,Goal,20.00,0.00,20.00,2.31,0.00,2.31,3.00,0.00,3.00,DStar
385,1.67,AgentPrefab,Agent,MoveState,Moving,Goal,20.00,0.00,20.00,2.32,0.00,2.32,3.00,0.00,3.00,DStar
386,1.67,AgentPrefab,Agent,MoveState,Moving,Goal,20.00,0.00,20.00,2.32,0.00,2.32,3.00,0.00,3.00,DStar
387,1.67,AgentPrefab,Agent,MoveState,Moving,Goal,20.00,0.00,20.00,2.32,0.00,2.32,3.00,0.00,3.00,DStar
388,1.68,AgentPrefab,Agent,MoveState,Moving,Goal,20.00,0.00,20.00,2.33,0.00,2.33,3.00,0.00,3.00,DStar
389,1.68,AgentPrefab,Agent,MoveState,Moving,Goal,20.00,0.00,20.00,2.33,0.00,2.33,3.00,0.00,3.00,DStar
390,1.68,AgentPrefab,Agent,MoveState,Moving,Goal,20.00,0.00,20.00,2.33,0.00,2.33,3.00,0.00,3.00,DStar
391,1.68,AgentPrefab,Agent,MoveState,Moving,Goal,20.00,0.00,20.00,2.34,0.00,2.34,3.00,0.00,3.00,DStar
392,1.69,AgentPrefab,Agent,MoveState,Moving,Goal,20.00,0.00,20.00,2.34,0.00,2.34,3.00,0.00,3.00,DStar
393,1.69,AgentPrefab,Agent,MoveState,Moving,Goal,20.00,0.00,20.00,2.35,0.00,2.35,3.00,0.00,3.00,DStar
394,1.69,AgentPrefab,Agent,MoveState,Moving,Goal,20.00,0.00,20.00,2.35,0.00,2.35,3.00,0.00,3.00,DStar
395,1.69,AgentPrefab,Agent,MoveState,Moving,Goal,20.00,0.00,20.00,2.35,0.00,2.35,3.00,0.00,3.00,DStar
396,1.70,AgentPrefab,Agent,MoveState,Moving,Goal,20.00,0.00,20.00,2.36,0.00,2.36,3.00,0.00,3.00,DStar
397,1.70,AgentPrefab,Agent,MoveState,Moving,Goal,20.00,0.00,20.00,2.36,0.00,2.36,3.00,0.00,3.00,DStar
398,1.70,AgentPrefab,Agent,MoveState,Moving,Goal,20.00,0.00,20.00,2.36,0.00,2.36,3.00,0.00,3.00,DStar
399,1.71,AgentPrefab,Agent,MoveState,Moving,Goal,20.00,0.00,20.00,2.37,0.00,2.37,3.00,0.00,3.00,DStar
400,1.71,AgentPrefab,Agent,MoveState,Moving,Goal,20.00,0.00,20.00,2.37,0.00,2.37,3.00,0.00,3.00,DStar
401,1.71,AgentPrefab,Agent,MoveState,Moving,Goal,20.00,0.00,20.00,2.38,0.00,2.38,3.00,0.00,3.00,DStar
402,1.71,AgentPrefab,Agent,MoveState,Moving,Goal,20.00,0.00,20.00,2.38,0.00,2.38,3.00,0.00,3.00,DStar
403,1.72,AgentPrefab,Agent,MoveState,Moving,Goal,20.00,0.00,20.00,2.38,0.00,2.38,3.00,0.00,3.00,DStar
404,1.72,AgentPrefab,Agent,MoveState,Moving,Goal,20.00,0.00,20.00,2.39,0.00,2.39,3.00,0.00,3.00,DStar
405,1.72,AgentPrefab,Agent,MoveState,Moving,Goal,20.00,0.00,20.00,2.39,0.00,2.39,3.00,0.00,3.00,DStar
406,1.72,AgentPrefab,Agent,MoveState,Moving,Goal,20.00,0.00,20.00,2.40,0.00,2.40,3.00,0.00,3.00,DStar
407,1.73,AgentPrefab,Agent,MoveState,Moving,Goal,20.00,0.00,20.00,2.40,0.00,2.40,3.00,0.00,3.00,DStar
408,1.73,AgentPrefab,Agent,MoveState,Moving,Goal,20.00,0.00,20.00,2.40,0.00,2.40,3.00,0.00,3.00,DStar
409,1.73,AgentPrefab,Agent,MoveState,Moving,Goal,20.00,0.00,20.00,2.41,0.00,2.41,3.00,0.00,3.00,DStar
410,1.73,AgentPrefab,Agent,MoveState,Moving,Goal,20.00,0.00,20.00,2.41,0.00,2.41,3.00,0.00,3.00,DStar
411,1.74,AgentPrefab,Agent,MoveState,Moving,Goal,20.00,0.00,20.00,2.41,0.00,2.41,3.00,0.00,3.00,DStar
412,1.74,AgentPrefab,Agent,MoveState,Moving,Goal,20.00,0.00,20.00,2.42,0.00,2.42,3.00,0.00,3.00,DStar
413,1.74,AgentPrefab,Agent,MoveState,Moving,Goal,20.00,0.00,20.00,2.42,0.00,2.42,3.00,0.00,3.00,DStar
414,1.75,AgentPrefab,Agent,MoveState,Moving,Goal,20.00,0.00,20.00,2.43,0.00,2.43,3.00,0.00,3.00,DStar
415,1.75,AgentPrefab,Agent,MoveState,Moving,Goal,20.00,0.00,20.00,2.43,0.00,2.43,3.00,0.00,3.00,DStar
416,1.75,AgentPrefab,Agent,MoveState,Moving,Goal,20.00,0.00,20.00,2.43,0.00,2.43,3.00,0.00,3.00,DStar
417,1.75,AgentPrefab,Agent,MoveState,Moving,Goal,20.00,0.00,20.00,2.44,0.00,2.44,3.00,0.00,3.00,DStar
418,1.76,AgentPrefab,Agent,MoveState,Moving,Goal,20.00,0.00,20.00,2.44,0.00,2.44,3.00,0.00,3.00,DStar
419,1.76,AgentPrefab,Agent,MoveState,Moving,Goal,20.00,0.00,20.00,2.44,0.00,2.44,3.00,0.00,3.00,DStar
420,1.76,AgentPrefab,Agent,MoveState,Moving,Goal,20.00,0.00,20.00,2.45,0.00,2.45,3.00,0.00,3.00,DStar
421,1.76,AgentPrefab,Agent,MoveState,Moving,Goal,20.00,0.00,20.00,2.45,0.00,2.45,3.00,0.00,3.00,DStar
422,1.77,AgentPrefab,Agent,MoveState,Moving,Goal,20.00,0.00,20.00,2.45,0.00,2.45,3.00,0.00,3.00,DStar
423,1.77,AgentPrefab,Agent,MoveState,Moving,Goal,20.00,0.00,20.00,2.46,0.00,2.46,3.00,0.00,3.00,DStar
424,1.77,AgentPrefab,Agent,MoveState,Moving,Goal,20.00,0.00,20.00,2.46,0.00,2.46,3.00,0.00,3.00,DStar
425,1.77,AgentPrefab,Agent,MoveState,Moving,Goal,20.00,0.00,20.00,2.47,0.00,2.47,3.00,0.00,3.00,DStar
426,1.78,AgentPrefab,Agent,MoveState,Moving,Goal,20.00,0.00,20.00,2.47,0.00,2.47,3.00,0.00,3.00,DStar
427,1.78,AgentPrefab,Agent,MoveState,Moving,Goal,20.00,0.00,20.00,2.47,0.00,2.47,3.00,0.00,3.00,DStar
428,1.78,AgentPrefab,Agent,MoveState,Moving,Goal,20.00,0.00,20.00,2.48,0.00,2.48,3.00,0.00,3.00,DStar
429,1.78,AgentPrefab,Agent,MoveState,Moving,Goal,20.00,0.00,20.00,2.48,0.00,2.48,3.00,0.00,3.00,DStar
430,1.79,AgentPrefab,Agent,MoveState,Moving,Goal,20.00,0.00,20.00,2.48,0.00,2.48,3.00,0.00,3.00,DStar
431,1.79,AgentPrefab,Agent,MoveState,Moving,Goal,20.00,0.00,20.00,2.49,0.00,2.49,3.00,0.00,3.00,DStar
432,1.79,AgentPrefab,Agent,MoveState,Moving,Goal,20.00,0.00,20.00,2.49,0.00,2.49,3.00,0.00,3.00,DStar
433,1.79,AgentPrefab,Agent,MoveState,Moving,Goal,20.00,0.00,20.00,2.50,0.00,2.50,3.00,0.00,3.00,DStar
434,1.80,AgentPrefab,Agent,MoveState,Moving,Goal,20.00,0.00,20.00,2.50,0.00,2.50,3.00,0.00,3.00,DStar
435,1.80,AgentPrefab,Agent,MoveState,Moving,Goal,20.00,0.00,20.00,2.50,0.00,2.50,3.00,0.00,3.00,DStar
436,1.80,AgentPrefab,Agent,MoveState,Moving,Goal,20.00,0.00,20.00,2.51,0.00,2.51,3.00,0.00,3.00,DStar
437,1.81,AgentPrefab,Agent,MoveState,Moving,Goal,20.00,0.00,20.00,2.51,0.00,2.51,3.00,0.00,3.00,DStar
438,1.81,AgentPrefab,Agent,MoveState,Moving,Goal,20.00,0.00,20.00,2.51,0.00,2.51,3.00,0.00,3.00,DStar
439,1.81,AgentPrefab,Agent,MoveState,Moving,Goal,20.00,0.00,20.00,2.52,0.00,2.52,3.00,0.00,3.00,DStar
440,1.81,AgentPrefab,Agent,MoveState,Moving,Goal,20.00,0.00,20.00,2.52,0.00,2.52,3.00,0.00,3.00,DStar
441,1.82,AgentPrefab,Agent,MoveState,Moving,Goal,20.00,0.00,20.00,2.52,0.00,2.52,3.00,0.00,3.00,DStar
442,1.82,AgentPrefab,Agent,MoveState,Moving,Goal,20.00,0.00,20.00,2.53,0.00,2.53,3.00,0.00,3.00,DStar
443,1.82,AgentPrefab,Agent,MoveState,Moving,Goal,20.00,0.00,20.00,2.54,0.00,2.54,3.00,0.00,3.00,DStar
444,1.83,AgentPrefab,Agent,MoveState,Moving,Goal,20.00,0.00,20.00,2.54,0.00,2.54,3.00,0.00,3.00,DStar
445,1.83,AgentPrefab,Agent,MoveState,Moving,Goal,20.00,0.00,20.00,2.54,0.00,2.54,3.00,0.00,3.00,DStar
446,1.83,AgentPrefab,Agent,MoveState,Moving,Goal,20.00,0.00,20.00,2.55,0.00,2.55,3.00,0.00,3.00,DStar
447,1.83,AgentPrefab,Agent,MoveState,Moving,Goal,20.00,0.00,20.00,2.55,0.00,2.55,3.00,0.00,3.00,DStar
448,1.84,AgentPrefab,Agent,MoveState,Moving,Goal,20.00,0.00,20.00,2.55,0.00,2.55,3.00,0.00,3.00,DStar
449,1.84,AgentPrefab,Agent,MoveState,Moving,Goal,20.00,0.00,20.00,2.56,0.00,2.56,3.00,0.00,3.00,DStar
450,1.84,AgentPrefab,Agent,MoveState,Moving,Goal,20.00,0.00,20.00,2.56,0.00,2.56,3.00,0.00,3.00,DStar
451,1.84,AgentPrefab,Agent,MoveState,Moving,Goal,20.00,0.00,20.00,2.57,0.00,2.57,3.00,0.00,3.00,DStar
452,1.85,AgentPrefab,Agent,MoveState,Moving,Goal,20.00,0.00,20.00,2.57,0.00,2.57,3.00,0.00,3.00,DStar
453,1.85,AgentPrefab,Agent,MoveState,Moving,Goal,20.00,0.00,20.00,2.57,0.00,2.57,3.00,0.00,3.00,DStar
454,1.85,AgentPrefab,Agent,MoveState,Moving,Goal,20.00,0.00,20.00,2.58,0.00,2.58,3.00,0.00,3.00,DStar
455,1.86,AgentPrefab,Agent,MoveState,Moving,Goal,20.00,0.00,20.00,2.58,0.00,2.58,3.00,0.00,3.00,DStar
456,1.86,AgentPrefab,Agent,MoveState,Moving,Goal,20.00,0.00,20.00,2.59,0.00,2.59,3.00,0.00,3.00,DStar
457,1.86,AgentPrefab,Agent,MoveState,Moving,Goal,20.00,0.00,20.00,2.59,0.00,2.59,3.00,0.00,3.00,DStar
458,1.87,AgentPrefab,Agent,MoveState,Moving,Goal,20.00,0.00,20.00,2.60,0.00,2.60,3.00,0.00,3.00,DStar
459,1.87,AgentPrefab,Agent,MoveState,Moving,Goal,20.00,0.00,20.00,2.60,0.00,2.60,3.00,0.00,3.00,DStar
460,1.87,AgentPrefab,Agent,MoveState,Moving,Goal,20.00,0.00,20.00,2.60,0.00,2.60,3.00,0.00,3.00,DStar
461,1.87,AgentPrefab,Agent,MoveState,Moving,Goal,20.00,0.00,20.00,2.61,0.00,2.61,3.00,0.00,3.00,DStar
462,1.88,AgentPrefab,Agent,MoveState,Moving,Goal,20.00,0.00,20.00,2.61,0.00,2.61,3.00,0.00,3.00,DStar
463,1.88,AgentPrefab,Agent,MoveState,Moving,Goal,20.00,0.00,20.00,2.61,0.00,2.61,3.00,0.00,3.00,DStar
464,1.88,AgentPrefab,Agent,MoveState,Moving,Goal,20.00,0.00,20.00,2.62,0.00,2.62,3.00,0.00,3.00,DStar
465,1.88,AgentPrefab,Agent,MoveState,Moving,Goal,20.00,0.00,20.00,2.62,0.00,2.62,3.00,0.00,3.00,DStar
466,1.89,AgentPrefab,Agent,MoveState,Moving,Goal,20.00,0.00,20.00,2.62,0.00,2.62,3.00,0.00,3.00,DStar
467,1.89,AgentPrefab,Agent,MoveState,Moving,Goal,20.00,0.00,20.00,2.63,0.00,2.63,3.00,0.00,3.00,DStar
468,1.89,AgentPrefab,Agent,MoveState,Moving,Goal,20.00,0.00,20.00,2.63,0.00,2.63,3.00,0.00,3.00,DStar
469,1.89,AgentPrefab,Agent,MoveState,Moving,Goal,20.00,0.00,20.00,2.64,0.00,2.64,3.00,0.00,3.00,DStar
470,1.90,AgentPrefab,Agent,MoveState,Moving,Goal,20.00,0.00,20.00,2.64,0.00,2.64,3.00,0.00,3.00,DStar
471,1.90,AgentPrefab,Agent,MoveState,Moving,Goal,20.00,0.00,20.00,2.64,0.00,2.64,3.00,0.00,3.00,DStar
472,1.90,AgentPrefab,Agent,MoveState,Moving,Goal,20.00,0.00,20.00,2.65,0.00,2.65,3.00,0.00,3.00,DStar
473,1.90,AgentPrefab,Agent,MoveState,Moving,Goal,20.00,0.00,20.00,2.65,0.00,2.65,3.00,0.00,3.00,DStar
474,1.91,AgentPrefab,Agent,MoveState,Moving,Goal,20.00,0.00,20.00,2.65,0.00,2.65,3.00,0.00,3.00,DStar
475,1.91,AgentPrefab,Agent,MoveState,Moving,Goal,20.00,0.00,20.00,2.66,0.00,2.66,3.00,0.00,3.00,DStar
476,1.91,AgentPrefab,Agent,MoveState,Moving,Goal,20.00,0.00,20.00,2.66,0.00,2.66,3.00,0.00,3.00,DStar
477,1.91,AgentPrefab,Agent,MoveState,Moving,Goal,20.00,0.00,20.00,2.66,0.00,2.66,3.00,0.00,3.00,DStar
478,1.92,AgentPrefab,Agent,MoveState,Moving,Goal,20.00,0.00,20.00,2.67,0.00,2.67,3.00,0.00,3.00,DStar
479,1.92,AgentPrefab,Agent,MoveState,Moving,Goal,20.00,0.00,20.00,2.67,0.00,2.67,3.00,0.00,3.00,DStar
480,1.92,AgentPrefab,Agent,MoveState,Moving,Goal,20.00,0.00,20.00,2.68,0.00,2.68,3.00,0.00,3.00,DStar
481,1.93,AgentPrefab,Agent,MoveState,Moving,Goal,20.00,0.00,20.00,2.68,0.00,2.68,3.00,0.00,3.00,DStar
482,1.93,AgentPrefab,Agent,MoveState,Moving,Goal,20.00,0.00,20.00,2.68,0.00,2.68,3.00,0.00,3.00,DStar
483,1.93,AgentPrefab,Agent,MoveState,Moving,Goal,20.00,0.00,20.00,2.69,0.00,2.69,3.00,0.00,3.00,DStar
484,1.93,AgentPrefab,Agent,MoveState,Moving,Goal,20.00,0.00,20.00,2.69,0.00,2.69,3.00,0.00,3.00,DStar
485,1.94,AgentPrefab,Agent,MoveState,Moving,Goal,20.00,0.00,20.00,2.69,0.00,2.69,3.00,0.00,3.00,DStar
486,1.94,AgentPrefab,Agent,MoveState,Moving,Goal,20.00,0.00,20.00,2.70,0.00,2.70,3.00,0.00,3.00,DStar
487,1.94,AgentPrefab,Agent,MoveState,Moving,Goal,20.00,0.00,20.00,2.70,0.00,2.70,3.00,0.00,3.00,DStar
488,1.94,AgentPrefab,Agent,MoveState,Moving,Goal,20.00,0.00,20.00,2.71,0.00,2.71,3.00,0.00,3.00,DStar
489,1.95,AgentPrefab,Agent,MoveState,Moving,Goal,20.00,0.00,20.00,2.71,0.00,2.71,3.00,0.00,3.00,DStar
490,1.95,AgentPrefab,Agent,MoveState,Moving,Goal,20.00,0.00,20.00,2.71,0.00,2.71,3.00,0.00,3.00,DStar
491,1.95,AgentPrefab,Agent,MoveState,Moving,Goal,20.00,0.00,20.00,2.72,0.00,2.72,3.00,0.00,3.00,DStar
492,1.95,AgentPrefab,Agent,MoveState,Moving,Goal,20.00,0.00,20.00,2.72,0.00,2.72,3.00,0.00,3.00,DStar
493,1.96,AgentPrefab,Agent,MoveState,Moving,Goal,20.00,0.00,20.00,2.72,0.00,2.72,3.00,0.00,3.00,DStar
494,1.96,AgentPrefab,Agent,MoveState,Moving,Goal,20.00,0.00,20.00,2.73,0.00,2.73,3.00,0.00,3.00,DStar
495,1.96,AgentPrefab,Agent,MoveState,Moving,Goal,20.00,0.00,20.00,2.73,0.00,2.73,3.00,0.00,3.00,DStar
496,1.96,AgentPrefab,Agent,MoveState,Moving,Goal,20.00,0.00,20.00,2.73,0.00,2.73,3.00,0.00,3.00,DStar
497,1.97,AgentPrefab,Agent,MoveState,Moving,Goal,20.00,0.00,20.00,2.74,0.00,2.74,3.00,0.00,3.00,DStar
498,1.97,AgentPrefab,Agent,MoveState,Moving,Goal,20.00,0.00,20.00,2.74,0.00,2.74,3.00,0.00,3.00,DStar
499,1.97,AgentPrefab,Agent,MoveState,Moving,Goal,20.00,0.00,20.00,2.75,0.00,2.75,3.00,0.00,3.00,DStar
500,1.97,AgentPrefab,Agent,MoveState,Moving,Goal,20.00,0.00,20.00,2.75,0.00,2.75,3.00,0.00,3.00,DStar
501,1.98,AgentPrefab,Agent,MoveState,Moving,Goal,20.00,0.00,20.00,2.75,0.00,2.75,3.00,0.00,3.00,DStar
502,1.98,AgentPrefab,Agent,MoveState,Moving,Goal,20.00,0.00,20.00,2.76,0.00,2.76,3.00,0.00,3.00,DStar
503,1.98,AgentPrefab,Agent,MoveState,Moving,Goal,20.00,0.00,20.00,2.76,0.00,2.76,3.00,0.00,3.00,DStar
504,1.99,AgentPrefab,Agent,MoveState,Moving,Goal,20.00,0.00,20.00,2.76,0.00,2.76,3.00,0.00,3.00,DStar
505,1.99,AgentPrefab,Agent,MoveState,Moving,Goal,20.00,0.00,20.00,2.77,0.00,2.77,3.00,0.00,3.00,DStar
506,1.99,AgentPrefab,Agent,MoveState,Moving,Goal,20.00,0.00,20.00,2.78,0.00,2.78,3.00,0.00,3.00,DStar
507,2.00,AgentPrefab,Agent,MoveState,Moving,Goal,20.00,0.00,20.00,2.78,0.00,2.78,3.00,0.00,3.00,DStar
508,2.00,AgentPrefab,Agent,MoveState,Moving,Goal,20.00,0.00,20.00,2.78,0.00,2.78,3.00,0.00,3.00,DStar
509,2.00,AgentPrefab,Agent,MoveState,Moving,Goal,20.00,0.00,20.00,2.79,0.00,2.79,3.00,0.00,3.00,DStar
510,2.00,AgentPrefab,Agent,MoveState,Moving,Goal,20.00,0.00,20.00,2.79,0.00,2.79,3.00,0.00,3.00,DStar
511,2.01,AgentPrefab,Agent,MoveState,Moving,Goal,20.00,0.00,20.00,2.79,0.00,2.79,3.00,0.00,3.00,DStar
512,2.01,AgentPrefab,Agent,MoveState,Moving,Goal,20.00,0.00,20.00,2.80,0.00,2.80,3.00,0.00,3.00,DStar
513,2.01,AgentPrefab,Agent,MoveState,Moving,Goal,20.00,0.00,20.00,2.80,0.00,2.80,3.00,0.00,3.00,DStar
514,2.01,AgentPrefab,Agent,MoveState,Moving,Goal,20.00,0.00,20.00,2.80,0.00,2.80,3.00,0.00,3.00,DStar
515,2.02,AgentPrefab,Agent,MoveState,Moving,Goal,20.00,0.00,20.00,2.81,0.00,2.81,3.00,0.00,3.00,DStar
516,2.02,AgentPrefab,Agent,MoveState,Moving,Goal,20.00,0.00,20.00,2.82,0.00,2.82,3.00,0.00,3.00,DStar
517,2.03,AgentPrefab,Agent,MoveState,Moving,Goal,20.00,0.00,20.00,2.82,0.00,2.82,3.00,0.00,3.00,DStar
518,2.03,AgentPrefab,Agent,MoveState,Moving,Goal,20.00,0.00,20.00,2.83,0.00,2.83,3.00,0.00,3.00,DStar
519,2.03,AgentPrefab,Agent,MoveState,Moving,Goal,20.00,0.00,20.00,2.83,0.00,2.83,3.00,0.00,3.00,DStar
520,2.03,AgentPrefab,Agent,MoveState,Moving,Goal,20.00,0.00,20.00,2.83,0.00,2.83,3.00,0.00,3.00,DStar
521,2.04,AgentPrefab,Agent,MoveState,Moving,Goal,20.00,0.00,20.00,2.84,0.00,2.84,3.00,0.00,3.00,DStar
522,2.04,AgentPrefab,Agent,MoveState,Moving,Goal,20.00,0.00,20.00,2.84,0.00,2.84,3.00,0.00,3.00,DStar
523,2.04,AgentPrefab,Agent,MoveState,Moving,Goal,20.00,0.00,20.00,2.85,0.00,2.85,3.00,0.00,3.00,DStar
524,2.04,AgentPrefab,Agent,MoveState,Moving,Goal,20.00,0.00,20.00,2.85,0.00,2.85,3.00,0.00,3.00,DStar
525,2.05,AgentPrefab,Agent,MoveState,Moving,Goal,20.00,0.00,20.00,2.85,0.00,2.85,3.00,0.00,3.00,DStar
526,2.05,AgentPrefab,Agent,MoveState,Moving,Goal,20.00,0.00,20.00,2.86,0.00,2.86,3.00,0.00,3.00,DStar
527,2.05,AgentPrefab,Agent,MoveState,Moving,Goal,20.00,0.00,20.00,2.86,0.00,2.86,3.00,0.00,3.00,DStar
528,2.06,AgentPrefab,Agent,MoveState,Moving,Goal,20.00,0.00,20.00,2.86,0.00,2.86,3.00,0.00,3.00,DStar
529,2.06,AgentPrefab,Agent,MoveState,Moving,Goal,20.00,0.00,20.00,2.87,0.00,2.87,3.00,0.00,3.00,DStar
530,2.06,AgentPrefab,Agent,MoveState,Moving,Goal,20.00,0.00,20.00,2.87,0.00,2.87,3.00,0.00,3.00,DStar
531,2.06,AgentPrefab,Agent,MoveState,Moving,Goal,20.00,0.00,20.00,2.87,0.00,2.87,3.00,0.00,3.00,DStar
532,2.07,AgentPrefab,Agent,MoveState,Moving,Goal,20.00,0.00,20.00,2.88,0.00,2.88,3.00,0.00,3.00,DStar
533,2.07,AgentPrefab,Agent,MoveState,Moving,Goal,20.00,0.00,20.00,2.88,0.00,2.88,3.00,0.00,3.00,DStar
534,2.07,AgentPrefab,Agent,MoveState,Moving,Goal,20.00,0.00,20.00,2.89,0.00,2.89,3.00,0.00,3.00,DStar
535,2.07,AgentPrefab,Agent,MoveState,Moving,Goal,20.00,0.00,20.00,2.89,0.00,2.89,3.00,0.00,3.00,DStar
536,2.08,AgentPrefab,Agent,MoveState,Moving,Goal,20.00,0.00,20.00,2.89,0.00,2.89,3.00,0.00,3.00,DStar
537,2.08,AgentPrefab,Agent,MoveState,Moving,Goal,20.00,0.00,20.00,2.90,0.00,2.90,3.00,0.00,3.00,DStar
538,2.08,AgentPrefab,Agent,MoveState,Moving,Goal,20.00,0.00,20.00,2.90,0.00,2.90,3.00,0.00,3.00,DStar
539,2.08,AgentPrefab,Agent,MoveState,Moving,Goal,20.00,0.00,20.00,2.91,0.00,2.91,3.00,0.00,3.00,DStar
540,2.09,AgentPrefab,Agent,MoveState,Moving,Goal,20.00,0.00,20.00,2.91,0.00,2.91,3.00,0.00,3.00,DStar
541,2.09,AgentPrefab,Agent,MoveState,Moving,Goal,20.00,0.00,20.00,2.91,0.00,2.91,3.00,0.00,3.00,DStar
542,2.09,AgentPrefab,Agent,MoveState,Moving,Goal,20.00,0.00,20.00,2.92,0.00,2.92,3.00,0.00,3.00,DStar
543,2.10,AgentPrefab,Agent,MoveState,Moving,Goal,20.00,0.00,20.00,2.92,0.00,2.92,3.00,0.00,3.00,DStar
544,2.10,AgentPrefab,Agent,MoveState,Moving,Goal,20.00,0.00,20.00,2.92,0.00,2.92,3.00,0.00,3.00,DStar
545,2.10,AgentPrefab,Agent,MoveState,Moving,Goal,20.00,0.00,20.00,2.93,0.00,2.93,3.00,0.00,3.00,DStar
546,2.10,AgentPrefab,Agent,MoveState,Moving,Goal,20.00,0.00,20.00,2.93,0.00,2.93,3.00,0.00,3.00,DStar
547,2.11,AgentPrefab,Agent,MoveState,Moving,Goal,20.00,0.00,20.00,2.94,0.00,2.94,3.00,0.00,3.00,DStar
548,2.11,AgentPrefab,Agent,MoveState,Moving,Goal,20.00,0.00,20.00,2.94,0.00,2.94,3.00,0.00,3.00,DStar
549,2.11,AgentPrefab,Agent,MoveState,Moving,Goal,20.00,0.00,20.00,2.94,0.00,2.94,3.00,0.00,3.00,DStar
550,2.11,AgentPrefab,Agent,MoveState,Moving,Goal,20.00,0.00,20.00,2.95,0.00,2.95,3.00,0.00,3.00,DStar
551,2.12,AgentPrefab,Agent,MoveState,Moving,Goal,20.00,0.00,20.00,2.95,0.00,2.95,3.00,0.00,3.00,DStar
552,2.12,AgentPrefab,Agent,MoveState,Moving,Goal,20.00,0.00,20.00,2.95,0.00,2.95,3.00,0.00,3.00,DStar
553,2.12,AgentPrefab,Agent,MoveState,Moving,Goal,20.00,0.00,20.00,2.96,0.00,2.96,3.00,0.00,3.00,DStar
554,2.12,AgentPrefab,Agent,MoveState,Moving,Goal,20.00,0.00,20.00,2.96,0.00,2.96,3.00,0.00,3.00,DStar
555,2.13,AgentPrefab,Agent,MoveState,Moving,Goal,20.00,0.00,20.00,3.00,0.00,3.00,4.00,0.00,4.00,DStar
556,2.13,AgentPrefab,Agent,MoveState,Moving,Goal,20.00,0.00,20.00,3.00,0.00,3.00,4.00,0.00,4.00,DStar
557,2.13,AgentPrefab,Agent,MoveState,Moving,Goal,20.00,0.00,20.00,3.01,0.00,3.01,4.00,0.00,4.00,DStar
558,2.13,AgentPrefab,Agent,MoveState,Moving,Goal,20.00,0.00,20.00,3.01,0.00,3.01,4.00,0.00,4.00,DStar
559,2.14,AgentPrefab,Agent,MoveState,Moving,Goal,20.00,0.00,20.00,3.01,0.00,3.01,4.00,0.00,4.00,DStar
560,2.14,AgentPrefab,Agent,MoveState,Moving,Goal,20.00,0.00,20.00,3.02,0.00,3.02,4.00,0.00,4.00,DStar
561,2.14,AgentPrefab,Agent,MoveState,Moving,Goal,20.00,0.00,20.00,3.02,0.00,3.02,4.00,0.00,4.00,DStar
562,2.14,AgentPrefab,Agent,MoveState,Moving,Goal,20.00,0.00,20.00,3.02,0.00,3.02,4.00,0.00,4.00,DStar
563,2.15,AgentPrefab,Agent,MoveState,Moving,Goal,20.00,0.00,20.00,3.03,0.00,3.03,4.00,0.00,4.00,DStar
564,2.15,AgentPrefab,Agent,MoveState,Moving,Goal,20.00,0.00,20.00,3.03,0.00,3.03,4.00,0.00,4.00,DStar
565,2.15,AgentPrefab,Agent,MoveState,Moving,Goal,20.00,0.00,20.00,3.04,0.00,3.04,4.00,0.00,4.00,DStar
566,2.15,AgentPrefab,Agent,MoveState,Moving,Goal,20.00,0.00,20.00,3.04,0.00,3.04,4.00,0.00,4.00,DStar
567,2.16,AgentPrefab,Agent,MoveState,Moving,Goal,20.00,0.00,20.00,3.04,0.00,3.04,4.00,0.00,4.00,DStar
568,2.16,AgentPrefab,Agent,MoveState,Moving,Goal,20.00,0.00,20.00,3.05,0.00,3.05,4.00,0.00,4.00,DStar
569,2.16,AgentPrefab,Agent,MoveState,Moving,Goal,20.00,0.00,20.00,3.05,0.00,3.05,4.00,0.00,4.00,DStar
570,2.16,AgentPrefab,Agent,MoveState,Moving,Goal,20.00,0.00,20.00,3.05,0.00,3.05,4.00,0.00,4.00,DStar
571,2.17,AgentPrefab,Agent,MoveState,Moving,Goal,20.00,0.00,20.00,3.06,0.00,3.06,4.00,0.00,4.00,DStar
572,2.17,AgentPrefab,Agent,MoveState,Moving,Goal,20.00,0.00,20.00,3.06,0.00,3.06,4.00,0.00,4.00,DStar
573,2.17,AgentPrefab,Agent,MoveState,Moving,Goal,20.00,0.00,20.00,3.06,0.00,3.06,4.00,0.00,4.00,DStar
574,2.18,AgentPrefab,Agent,MoveState,Moving,Goal,20.00,0.00,20.00,3.07,0.00,3.07,4.00,0.00,4.00,DStar
575,2.18,AgentPrefab,Agent,MoveState,Moving,Goal,20.00,0.00,20.00,3.07,0.00,3.07,4.00,0.00,4.00,DStar
576,2.18,AgentPrefab,Agent,MoveState,Moving,Goal,20.00,0.00,20.00,3.08,0.00,3.08,4.00,0.00,4.00,DStar
577,2.18,AgentPrefab,Agent,MoveState,Moving,Goal,20.00,0.00,20.00,3.08,0.00,3.08,4.00,0.00,4.00,DStar
578,2.19,AgentPrefab,Agent,MoveState,Moving,Goal,20.00,0.00,20.00,3.08,0.00,3.08,4.00,0.00,4.00,DStar
579,2.19,AgentPrefab,Agent,MoveState,Moving,Goal,20.00,0.00,20.00,3.09,0.00,3.09,4.00,0.00,4.00,DStar
580,2.19,AgentPrefab,Agent,MoveState,Moving,Goal,20.00,0.00,20.00,3.09,0.00,3.09,4.00,0.00,4.00,DStar
581,2.19,AgentPrefab,Agent,MoveState,Moving,Goal,20.00,0.00,20.00,3.09,0.00,3.09,4.00,0.00,4.00,DStar
582,2.20,AgentPrefab,Agent,MoveState,Moving,Goal,20.00,0.00,20.00,3.10,0.00,3.10,4.00,0.00,4.00,DStar
583,2.20,AgentPrefab,Agent,MoveState,Moving,Goal,20.00,0.00,20.00,3.10,0.00,3.10,4.00,0.00,4.00,DStar
584,2.20,AgentPrefab,Agent,MoveState,Moving,Goal,20.00,0.00,20.00,3.11,0.00,3.11,4.00,0.00,4.00,DStar
585,2.20,AgentPrefab,Agent,MoveState,Moving,Goal,20.00,0.00,20.00,3.11,0.00,3.11,4.00,0.00,4.00,DStar
586,2.21,AgentPrefab,Agent,MoveState,Moving,Goal,20.00,0.00,20.00,3.11,0.00,3.11,4.00,0.00,4.00,DStar
587,2.21,AgentPrefab,Agent,MoveState,Moving,Goal,20.00,0.00,20.00,3.12,0.00,3.12,4.00,0.00,4.00,DStar
588,2.21,AgentPrefab,Agent,MoveState,Moving,Goal,20.00,0.00,20.00,3.12,0.00,3.12,4.00,0.00,4.00,DStar
589,2.21,AgentPrefab,Agent,MoveState,Moving,Goal,20.00,0.00,20.00,3.12,0.00,3.12,4.00,0.00,4.00,DStar
590,2.22,AgentPrefab,Agent,MoveState,Moving,Goal,20.00,0.00,20.00,3.13,0.00,3.13,4.00,0.00,4.00,DStar
591,2.22,AgentPrefab,Agent,MoveState,Moving,Goal,20.00,0.00,20.00,3.14,0.00,3.14,4.00,0.00,4.00,DStar
592,2.23,AgentPrefab,Agent,MoveState,Moving,Goal,20.00,0.00,20.00,3.14,0.00,3.14,4.00,0.00,4.00,DStar
593,2.23,AgentPrefab,Agent,MoveState,Moving,Goal,20.00,0.00,20.00,3.14,0.00,3.14,4.00,0.00,4.00,DStar
594,2.23,AgentPrefab,Agent,MoveState,Moving,Goal,20.00,0.00,20.00,3.15,0.00,3.15,4.00,0.00,4.00,DStar
595,2.23,AgentPrefab,Agent,MoveState,Moving,Goal,20.00,0.00,20.00,3.15,0.00,3.15,4.00,0.00,4.00,DStar
596,2.24,AgentPrefab,Agent,MoveState,Moving,Goal,20.00,0.00,20.00,3.16,0.00,3.16,4.00,0.00,4.00,DStar
597,2.24,AgentPrefab,Agent,MoveState,Moving,Goal,20.00,0.00,20.00,3.16,0.00,3.16,4.00,0.00,4.00,DStar
598,2.24,AgentPrefab,Agent,MoveState,Moving,Goal,20.00,0.00,20.00,3.16,0.00,3.16,4.00,0.00,4.00,DStar
599,2.25,AgentPrefab,Agent,MoveState,Moving,Goal,20.00,0.00,20.00,3.17,0.00,3.17,4.00,0.00,4.00,DStar
600,2.25,AgentPrefab,Agent,MoveState,Moving,Goal,20.00,0.00,20.00,3.17,0.00,3.17,4.00,0.00,4.00,DStar
601,2.25,AgentPrefab,Agent,MoveState,Moving,Goal,20.00,0.00,20.00,3.17,0.00,3.17,4.00,0.00,4.00,DStar
602,2.25,AgentPrefab,Agent,MoveState,Moving,Goal,20.00,0.00,20.00,3.18,0.00,3.18,4.00,0.00,4.00,DStar
603,2.26,AgentPrefab,Agent,MoveState,Moving,Goal,20.00,0.00,20.00,3.18,0.00,3.18,4.00,0.00,4.00,DStar
604,2.26,AgentPrefab,Agent,MoveState,Moving,Goal,20.00,0.00,20.00,3.19,0.00,3.19,4.00,0.00,4.00,DStar
605,2.26,AgentPrefab,Agent,MoveState,Moving,Goal,20.00,0.00,20.00,3.19,0.00,3.19,4.00,0.00,4.00,DStar
606,2.26,AgentPrefab,Agent,MoveState,Moving,Goal,20.00,0.00,20.00,3.19,0.00,3.19,4.00,0.00,4.00,DStar
607,2.27,AgentPrefab,Agent,MoveState,Moving,Goal,20.00,0.00,20.00,3.20,0.00,3.20,4.00,0.00,4.00,DStar
608,2.27,AgentPrefab,Agent,MoveState,Moving,Goal,20.00,0.00,20.00,3.20,0.00,3.20,4.00,0.00,4.00,DStar
609,2.27,AgentPrefab,Agent,MoveState,Moving,Goal,20.00,0.00,20.00,3.20,0.00,3.20,4.00,0.00,4.00,DStar
610,2.27,AgentPrefab,Agent,MoveState,Moving,Goal,20.00,0.00,20.00,3.21,0.00,3.21,4.00,0.00,4.00,DStar
611,2.28,AgentPrefab,Agent,MoveState,Moving,Goal,20.00,0.00,20.00,3.21,0.00,3.21,4.00,0.00,4.00,DStar
612,2.28,AgentPrefab,Agent,MoveState,Moving,Goal,20.00,0.00,20.00,3.22,0.00,3.22,4.00,0.00,4.00,DStar
613,2.28,AgentPrefab,Agent,MoveState,Moving,Goal,20.00,0.00,20.00,3.22,0.00,3.22,4.00,0.00,4.00,DStar
614,2.28,AgentPrefab,Agent,MoveState,Moving,Goal,20.00,0.00,20.00,3.22,0.00,3.22,4.00,0.00,4.00,DStar
615,2.29,AgentPrefab,Agent,MoveState,Moving,Goal,20.00,0.00,20.00,3.23,0.00,3.23,4.00,0.00,4.00,DStar
616,2.29,AgentPrefab,Agent,MoveState,Moving,Goal,20.00,0.00,20.00,3.23,0.00,3.23,4.00,0.00,4.00,DStar
617,2.29,AgentPrefab,Agent,MoveState,Moving,Goal,20.00,0.00,20.00,3.23,0.00,3.23,4.00,0.00,4.00,DStar
618,2.29,AgentPrefab,Agent,MoveState,Moving,Goal,20.00,0.00,20.00,3.24,0.00,3.24,4.00,0.00,4.00,DStar
619,2.30,AgentPrefab,Agent,MoveState,Moving,Goal,20.00,0.00,20.00,3.24,0.00,3.24,4.00,0.00,4.00,DStar
620,2.30,AgentPrefab,Agent,MoveState,Moving,Goal,20.00,0.00,20.00,3.25,0.00,3.25,4.00,0.00,4.00,DStar
621,2.30,AgentPrefab,Agent,MoveState,Moving,Goal,20.00,0.00,20.00,3.25,0.00,3.25,4.00,0.00,4.00,DStar
622,2.31,AgentPrefab,Agent,MoveState,Moving,Goal,20.00,0.00,20.00,3.25,0.00,3.25,4.00,0.00,4.00,DStar
623,2.31,AgentPrefab,Agent,MoveState,Moving,Goal,20.00,0.00,20.00,3.26,0.00,3.26,4.00,0.00,4.00,DStar
624,2.31,AgentPrefab,Agent,MoveState,Moving,Goal,20.00,0.00,20.00,3.26,0.00,3.26,4.00,0.00,4.00,DStar
625,2.31,AgentPrefab,Agent,MoveState,Moving,Goal,20.00,0.00,20.00,3.26,0.00,3.26,4.00,0.00,4.00,DStar
626,2.32,AgentPrefab,Agent,MoveState,Moving,Goal,20.00,0.00,20.00,3.27,0.00,3.27,4.00,0.00,4.00,DStar
627,2.32,AgentPrefab,Agent,MoveState,Moving,Goal,20.00,0.00,20.00,3.27,0.00,3.27,4.00,0.00,4.00,DStar
628,2.32,AgentPrefab,Agent,MoveState,Moving,Goal,20.00,0.00,20.00,3.27,0.00,3.27,4.00,0.00,4.00,DStar
629,2.32,AgentPrefab,Agent,MoveState,Moving,Goal,20.00,0.00,20.00,3.28,0.00,3.28,4.00,0.00,4.00,DStar
630,2.33,AgentPrefab,Agent,MoveState,Moving,Goal,20.00,0.00,20.00,3.28,0.00,3.28,4.00,0.00,4.00,DStar
631,2.33,AgentPrefab,Agent,MoveState,Moving,Goal,20.00,0.00,20.00,3.28,0.00,3.28,4.00,0.00,4.00,DStar
632,2.33,AgentPrefab,Agent,MoveState,Moving,Goal,20.00,0.00,20.00,3.29,0.00,3.29,4.00,0.00,4.00,DStar
633,2.33,AgentPrefab,Agent,MoveState,Moving,Goal,20.00,0.00,20.00,3.29,0.00,3.29,4.00,0.00,4.00,DStar
634,2.34,AgentPrefab,Agent,MoveState,Moving,Goal,20.00,0.00,20.00,3.30,0.00,3.30,4.00,0.00,4.00,DStar
635,2.34,AgentPrefab,Agent,MoveState,Moving,Goal,20.00,0.00,20.00,3.30,0.00,3.30,4.00,0.00,4.00,DStar
636,2.34,AgentPrefab,Agent,MoveState,Moving,Goal,20.00,0.00,20.00,3.30,0.00,3.30,4.00,0.00,4.00,DStar
637,2.34,AgentPrefab,Agent,MoveState,Moving,Goal,20.00,0.00,20.00,3.31,0.00,3.31,4.00,0.00,4.00,DStar
638,2.35,AgentPrefab,Agent,MoveState,Moving,Goal,20.00,0.00,20.00,3.31,0.00,3.31,4.00,0.00,4.00,DStar
639,2.35,AgentPrefab,Agent,MoveState,Moving,Goal,20.00,0.00,20.00,3.31,0.00,3.31,4.00,0.00,4.00,DStar
640,2.35,AgentPrefab,Agent,MoveState,Moving,Goal,20.00,0.00,20.00,3.32,0.00,3.32,4.00,0.00,4.00,DStar
641,2.35,AgentPrefab,Agent,MoveState,Moving,Goal,20.00,0.00,20.00,3.32,0.00,3.32,4.00,0.00,4.00,DStar
642,2.36,AgentPrefab,Agent,MoveState,Moving,Goal,20.00,0.00,20.00,3.32,0.00,3.32,4.00,0.00,4.00,DStar
643,2.36,AgentPrefab,Agent,MoveState,Moving,Goal,20.00,0.00,20.00,3.33,0.00,3.33,4.00,0.00,4.00,DStar
644,2.36,AgentPrefab,Agent,MoveState,Moving,Goal,20.00,0.00,20.00,3.33,0.00,3.33,4.00,0.00,4.00,DStar
645,2.37,AgentPrefab,Agent,MoveState,Moving,Goal,20.00,0.00,20.00,3.34,0.00,3.34,4.00,0.00,4.00,DStar
646,2.37,AgentPrefab,Agent,MoveState,Moving,Goal,20.00,0.00,20.00,3.34,0.00,3.34,4.00,0.00,4.00,DStar
647,2.37,AgentPrefab,Agent,MoveState,Moving,Goal,20.00,0.00,20.00,3.35,0.00,3.35,4.00,0.00,4.00,DStar
648,2.37,AgentPrefab,Agent,MoveState,Moving,Goal,20.00,0.00,20.00,3.35,0.00,3.35,4.00,0.00,4.00,DStar
649,2.38,AgentPrefab,Agent,MoveState,Moving,Goal,20.00,0.00,20.00,3.35,0.00,3.35,4.00,0.00,4.00,DStar
650,2.38,AgentPrefab,Agent,MoveState,Moving,Goal,20.00,0.00,20.00,3.36,0.00,3.36,4.00,0.00,4.00,DStar
651,2.38,AgentPrefab,Agent,MoveState,Moving,Goal,20.00,0.00,20.00,3.36,0.00,3.36,4.00,0.00,4.00,DStar
652,2.38,AgentPrefab,Agent,MoveState,Moving,Goal,20.00,0.00,20.00,3.36,0.00,3.36,4.00,0.00,4.00,DStar
653,2.39,AgentPrefab,Agent,MoveState,Moving,Goal,20.00,0.00,20.00,3.37,0.00,3.37,4.00,0.00,4.00,DStar
654,2.39,AgentPrefab,Agent,MoveState,Moving,Goal,20.00,0.00,20.00,3.37,0.00,3.37,4.00,0.00,4.00,DStar
655,2.40,AgentPrefab,Agent,MoveState,Moving,Goal,20.00,0.00,20.00,3.38,0.00,3.38,4.00,0.00,4.00,DStar
656,2.41,AgentPrefab,Agent,MoveState,Moving,Goal,20.00,0.00,20.00,3.39,0.00,3.39,4.00,0.00,4.00,DStar
657,2.41,AgentPrefab,Agent,MoveState,Moving,Goal,20.00,0.00,20.00,3.40,0.00,3.40,4.00,0.00,4.00,DStar
658,2.41,AgentPrefab,Agent,MoveState,Moving,Goal,20.00,0.00,20.00,3.40,0.00,3.40,4.00,0.00,4.00,DStar
659,2.41,AgentPrefab,Agent,MoveState,Moving,Goal,20.00,0.00,20.00,3.41,0.00,3.41,4.00,0.00,4.00,DStar
660,2.42,AgentPrefab,Agent,MoveState,Moving,Goal,20.00,0.00,20.00,3.41,0.00,3.41,4.00,0.00,4.00,DStar
661,2.42,AgentPrefab,Agent,MoveState,Moving,Goal,20.00,0.00,20.00,3.41,0.00,3.41,4.00,0.00,4.00,DStar
662,2.42,AgentPrefab,Agent,MoveState,Moving,Goal,20.00,0.00,20.00,3.42,0.00,3.42,4.00,0.00,4.00,DStar
663,2.43,AgentPrefab,Agent,MoveState,Moving,Goal,20.00,0.00,20.00,3.42,0.00,3.42,4.00,0.00,4.00,DStar
664,2.43,AgentPrefab,Agent,MoveState,Moving,Goal,20.00,0.00,20.00,3.43,0.00,3.43,4.00,0.00,4.00,DStar
665,2.43,AgentPrefab,Agent,MoveState,Moving,Goal,20.00,0.00,20.00,3.43,0.00,3.43,4.00,0.00,4.00,DStar
666,2.43,AgentPrefab,Agent,MoveState,Moving,Goal,20.00,0.00,20.00,3.44,0.00,3.44,4.00,0.00,4.00,DStar
667,2.44,AgentPrefab,Agent,MoveState,Moving,Goal,20.00,0.00,20.00,3.44,0.00,3.44,4.00,0.00,4.00,DStar
668,2.44,AgentPrefab,Agent,MoveState,Moving,Goal,20.00,0.00,20.00,3.44,0.00,3.44,4.00,0.00,4.00,DStar
669,2.44,AgentPrefab,Agent,MoveState,Moving,Goal,20.00,0.00,20.00,3.45,0.00,3.45,4.00,0.00,4.00,DStar
670,2.45,AgentPrefab,Agent,MoveState,Moving,Goal,20.00,0.00,20.00,3.45,0.00,3.45,4.00,0.00,4.00,DStar
671,2.45,AgentPrefab,Agent,MoveState,Moving,Goal,20.00,0.00,20.00,3.45,0.00,3.45,4.00,0.00,4.00,DStar
672,2.45,AgentPrefab,Agent,MoveState,Moving,Goal,20.00,0.00,20.00,3.46,0.00,3.46,4.00,0.00,4.00,DStar
673,2.45,AgentPrefab,Agent,MoveState,Moving,Goal,20.00,0.00,20.00,3.46,0.00,3.46,4.00,0.00,4.00,DStar
674,2.46,AgentPrefab,Agent,MoveState,Moving,Goal,20.00,0.00,20.00,3.47,0.00,3.47,4.00,0.00,4.00,DStar
675,2.46,AgentPrefab,Agent,MoveState,Moving,Goal,20.00,0.00,20.00,3.47,0.00,3.47,4.00,0.00,4.00,DStar
676,2.46,AgentPrefab,Agent,MoveState,Moving,Goal,20.00,0.00,20.00,3.47,0.00,3.47,4.00,0.00,4.00,DStar
677,2.46,AgentPrefab,Agent,MoveState,Moving,Goal,20.00,0.00,20.00,3.48,0.00,3.48,4.00,0.00,4.00,DStar
678,2.47,AgentPrefab,Agent,MoveState,Moving,Goal,20.00,0.00,20.00,3.48,0.00,3.48,4.00,0.00,4.00,DStar
679,2.47,AgentPrefab,Agent,MoveState,Moving,Goal,20.00,0.00,20.00,3.48,0.00,3.48,4.00,0.00,4.00,DStar
680,2.47,AgentPrefab,Agent,MoveState,Moving,Goal,20.00,0.00,20.00,3.49,0.00,3.49,4.00,0.00,4.00,DStar
681,2.47,AgentPrefab,Agent,MoveState,Moving,Goal,20.00,0.00,20.00,3.49,0.00,3.49,4.00,0.00,4.00,DStar
682,2.48,AgentPrefab,Agent,MoveState,Moving,Goal,20.00,0.00,20.00,3.49,0.00,3.49,4.00,0.00,4.00,DStar
683,2.48,AgentPrefab,Agent,MoveState,Moving,Goal,20.00,0.00,20.00,3.50,0.00,3.50,4.00,0.00,4.00,DStar
684,2.48,AgentPrefab,Agent,MoveState,Moving,Goal,20.00,0.00,20.00,3.50,0.00,3.50,4.00,0.00,4.00,DStar
685,2.48,AgentPrefab,Agent,MoveState,Moving,Goal,20.00,0.00,20.00,3.51,0.00,3.51,4.00,0.00,4.00,DStar
686,2.49,AgentPrefab,Agent,MoveState,Moving,Goal,20.00,0.00,20.00,3.51,0.00,3.51,4.00,0.00,4.00,DStar
687,2.49,AgentPrefab,Agent,MoveState,Moving,Goal,20.00,0.00,20.00,3.51,0.00,3.51,4.00,0.00,4.00,DStar
688,2.49,AgentPrefab,Agent,MoveState,Moving,Goal,20.00,0.00,20.00,3.52,0.00,3.52,4.00,0.00,4.00,DStar
689,2.50,AgentPrefab,Agent,MoveState,Moving,Goal,20.00,0.00,20.00,3.52,0.00,3.52,4.00,0.00,4.00,DStar
690,2.50,AgentPrefab,Agent,MoveState,Moving,Goal,20.00,0.00,20.00,3.53,0.00,3.53,4.00,0.00,4.00,DStar
691,2.50,AgentPrefab,Agent,MoveState,Moving,Goal,20.00,0.00,20.00,3.53,0.00,3.53,4.00,0.00,4.00,DStar
692,2.50,AgentPrefab,Agent,MoveState,Moving,Goal,20.00,0.00,20.00,3.53,0.00,3.53,4.00,0.00,4.00,DStar
693,2.51,AgentPrefab,Agent,MoveState,Moving,Goal,20.00,0.00,20.00,3.54,0.00,3.54,4.00,0.00,4.00,DStar
694,2.51,AgentPrefab,Agent,MoveState,Moving,Goal,20.00,0.00,20.00,3.54,0.00,3.54,4.00,0.00,4.00,DStar
695,2.51,AgentPrefab,Agent,MoveState,Moving,Goal,20.00,0.00,20.00,3.55,0.00,3.55,4.00,0.00,4.00,DStar
696,2.52,AgentPrefab,Agent,MoveState,Moving,Goal,20.00,0.00,20.00,3.55,0.00,3.55,4.00,0.00,4.00,DStar
697,2.52,AgentPrefab,Agent,MoveState,Moving,Goal,20.00,0.00,20.00,3.55,0.00,3.55,4.00,0.00,4.00,DStar
698,2.52,AgentPrefab,Agent,MoveState,Moving,Goal,20.00,0.00,20.00,3.56,0.00,3.56,4.00,0.00,4.00,DStar
699,2.52,AgentPrefab,Agent,MoveState,Moving,Goal,20.00,0.00,20.00,3.56,0.00,3.56,4.00,0.00,4.00,DStar
700,2.53,AgentPrefab,Agent,MoveState,Moving,Goal,20.00,0.00,20.00,3.57,0.00,3.57,4.00,0.00,4.00,DStar
701,2.53,AgentPrefab,Agent,MoveState,Moving,Goal,20.00,0.00,20.00,3.57,0.00,3.57,4.00,0.00,4.00,DStar
702,2.53,AgentPrefab,Agent,MoveState,Moving,Goal,20.00,0.00,20.00,3.57,0.00,3.57,4.00,0.00,4.00,DStar
703,2.53,AgentPrefab,Agent,MoveState,Moving,Goal,20.00,0.00,20.00,3.58,0.00,3.58,4.00,0.00,4.00,DStar
704,2.54,AgentPrefab,Agent,MoveState,Moving,Goal,20.00,0.00,20.00,3.58,0.00,3.58,4.00,0.00,4.00,DStar
705,2.54,AgentPrefab,Agent,MoveState,Moving,Goal,20.00,0.00,20.00,3.58,0.00,3.58,4.00,0.00,4.00,DStar
706,2.54,AgentPrefab,Agent,MoveState,Moving,Goal,20.00,0.00,20.00,3.59,0.00,3.59,4.00,0.00,4.00,DStar
707,2.54,AgentPrefab,Agent,MoveState,Moving,Goal,20.00,0.00,20.00,3.59,0.00,3.59,4.00,0.00,4.00,DStar
708,2.55,AgentPrefab,Agent,MoveState,Moving,Goal,20.00,0.00,20.00,3.59,0.00,3.59,4.00,0.00,4.00,DStar
709,2.55,AgentPrefab,Agent,MoveState,Moving,Goal,20.00,0.00,20.00,3.60,0.00,3.60,4.00,0.00,4.00,DStar
710,2.55,AgentPrefab,Agent,MoveState,Moving,Goal,20.00,0.00,20.00,3.60,0.00,3.60,4.00,0.00,4.00,DStar
711,2.56,AgentPrefab,Agent,MoveState,Moving,Goal,20.00,0.00,20.00,3.61,0.00,3.61,4.00,0.00,4.00,DStar
712,2.56,AgentPrefab,Agent,MoveState,Moving,Goal,20.00,0.00,20.00,3.61,0.00,3.61,4.00,0.00,4.00,DStar
713,2.56,AgentPrefab,Agent,MoveState,Moving,Goal,20.00,0.00,20.00,3.61,0.00,3.61,4.00,0.00,4.00,DStar
714,2.56,AgentPrefab,Agent,MoveState,Moving,Goal,20.00,0.00,20.00,3.62,0.00,3.62,4.00,0.00,4.00,DStar
715,2.57,AgentPrefab,Agent,MoveState,Moving,Goal,20.00,0.00,20.00,3.62,0.00,3.62,4.00,0.00,4.00,DStar
716,2.57,AgentPrefab,Agent,MoveState,Moving,Goal,20.00,0.00,20.00,3.62,0.00,3.62,4.00,0.00,4.00,DStar
717,2.57,AgentPrefab,Agent,MoveState,Moving,Goal,20.00,0.00,20.00,3.63,0.00,3.63,4.00,0.00,4.00,DStar
718,2.57,AgentPrefab,Agent,MoveState,Moving,Goal,20.00,0.00,20.00,3.63,0.00,3.63,4.00,0.00,4.00,DStar
719,2.58,AgentPrefab,Agent,MoveState,Moving,Goal,20.00,0.00,20.00,3.63,0.00,3.63,4.00,0.00,4.00,DStar
720,2.58,AgentPrefab,Agent,MoveState,Moving,Goal,20.00,0.00,20.00,3.64,0.00,3.64,4.00,0.00,4.00,DStar
721,2.58,AgentPrefab,Agent,MoveState,Moving,Goal,20.00,0.00,20.00,3.64,0.00,3.64,4.00,0.00,4.00,DStar
722,2.58,AgentPrefab,Agent,MoveState,Moving,Goal,20.00,0.00,20.00,3.65,0.00,3.65,4.00,0.00,4.00,DStar
723,2.59,AgentPrefab,Agent,MoveState,Moving,Goal,20.00,0.00,20.00,3.65,0.00,3.65,4.00,0.00,4.00,DStar
724,2.59,AgentPrefab,Agent,MoveState,Moving,Goal,20.00,0.00,20.00,3.65,0.00,3.65,4.00,0.00,4.00,DStar
725,2.59,AgentPrefab,Agent,MoveState,Moving,Goal,20.00,0.00,20.00,3.66,0.00,3.66,4.00,0.00,4.00,DStar
726,2.60,AgentPrefab,Agent,MoveState,Moving,Goal,20.00,0.00,20.00,3.66,0.00,3.66,4.00,0.00,4.00,DStar
727,2.60,AgentPrefab,Agent,MoveState,Moving,Goal,20.00,0.00,20.00,3.67,0.00,3.67,4.00,0.00,4.00,DStar
728,2.60,AgentPrefab,Agent,MoveState,Moving,Goal,20.00,0.00,20.00,3.67,0.00,3.67,4.00,0.00,4.00,DStar
729,2.61,AgentPrefab,Agent,MoveState,Moving,Goal,20.00,0.00,20.00,3.68,0.00,3.68,4.00,0.00,4.00,DStar
730,2.61,AgentPrefab,Agent,MoveState,Moving,Goal,20.00,0.00,20.00,3.68,0.00,3.68,4.00,0.00,4.00,DStar
731,2.61,AgentPrefab,Agent,MoveState,Moving,Goal,20.00,0.00,20.00,3.68,0.00,3.68,4.00,0.00,4.00,DStar
732,2.61,AgentPrefab,Agent,MoveState,Moving,Goal,20.00,0.00,20.00,3.69,0.00,3.69,4.00,0.00,4.00,DStar
733,2.62,AgentPrefab,Agent,MoveState,Moving,Goal,20.00,0.00,20.00,3.69,0.00,3.69,4.00,0.00,4.00,DStar
734,2.62,AgentPrefab,Agent,MoveState,Moving,Goal,20.00,0.00,20.00,3.70,0.00,3.70,4.00,0.00,4.00,DStar
735,2.62,AgentPrefab,Agent,MoveState,Moving,Goal,20.00,0.00,20.00,3.70,0.00,3.70,4.00,0.00,4.00,DStar
736,2.63,AgentPrefab,Agent,MoveState,Moving,Goal,20.00,0.00,20.00,3.71,0.00,3.71,4.00,0.00,4.00,DStar
737,2.63,AgentPrefab,Agent,MoveState,Moving,Goal,20.00,0.00,20.00,3.71,0.00,3.71,4.00,0.00,4.00,DStar
738,2.63,AgentPrefab,Agent,MoveState,Moving,Goal,20.00,0.00,20.00,3.71,0.00,3.71,4.00,0.00,4.00,DStar
739,2.64,AgentPrefab,Agent,MoveState,Moving,Goal,20.00,0.00,20.00,3.72,0.00,3.72,4.00,0.00,4.00,DStar
740,2.64,AgentPrefab,Agent,MoveState,Moving,Goal,20.00,0.00,20.00,3.72,0.00,3.72,4.00,0.00,4.00,DStar
741,2.64,AgentPrefab,Agent,MoveState,Moving,Goal,20.00,0.00,20.00,3.73,0.00,3.73,4.00,0.00,4.00,DStar
742,2.64,AgentPrefab,Agent,MoveState,Moving,Goal,20.00,0.00,20.00,3.73,0.00,3.73,4.00,0.00,4.00,DStar
743,2.65,AgentPrefab,Agent,MoveState,Moving,Goal,20.00,0.00,20.00,3.73,0.00,3.73,4.00,0.00,4.00,DStar
744,2.65,AgentPrefab,Agent,MoveState,Moving,Goal,20.00,0.00,20.00,3.74,0.00,3.74,4.00,0.00,4.00,DStar
745,2.65,AgentPrefab,Agent,MoveState,Moving,Goal,20.00,0.00,20.00,3.74,0.00,3.74,4.00,0.00,4.00,DStar
746,2.65,AgentPrefab,Agent,MoveState,Moving,Goal,20.00,0.00,20.00,3.75,0.00,3.75,4.00,0.00,4.00,DStar
747,2.66,AgentPrefab,Agent,MoveState,Moving,Goal,20.00,0.00,20.00,3.75,0.00,3.75,4.00,0.00,4.00,DStar
748,2.66,AgentPrefab,Agent,MoveState,Moving,Goal,20.00,0.00,20.00,3.75,0.00,3.75,4.00,0.00,4.00,DStar
749,2.66,AgentPrefab,Agent,MoveState,Moving,Goal,20.00,0.00,20.00,3.76,0.00,3.76,4.00,0.00,4.00,DStar
750,2.66,AgentPrefab,Agent,MoveState,Moving,Goal,20.00,0.00,20.00,3.76,0.00,3.76,4.00,0.00,4.00,DStar
751,2.67,AgentPrefab,Agent,MoveState,Moving,Goal,20.00,0.00,20.00,3.76,0.00,3.76,4.00,0.00,4.00,DStar
752,2.67,AgentPrefab,Agent,MoveState,Moving,Goal,20.00,0.00,20.00,3.77,0.00,3.77,4.00,0.00,4.00,DStar
753,2.67,AgentPrefab,Agent,MoveState,Moving,Goal,20.00,0.00,20.00,3.77,0.00,3.77,4.00,0.00,4.00,DStar
754,2.68,AgentPrefab,Agent,MoveState,Moving,Goal,20.00,0.00,20.00,3.78,0.00,3.78,4.00,0.00,4.00,DStar
755,2.68,AgentPrefab,Agent,MoveState,Moving,Goal,20.00,0.00,20.00,3.78,0.00,3.78,4.00,0.00,4.00,DStar
756,2.68,AgentPrefab,Agent,MoveState,Moving,Goal,20.00,0.00,20.00,3.78,0.00,3.78,4.00,0.00,4.00,DStar
757,2.68,AgentPrefab,Agent,MoveState,Moving,Goal,20.00,0.00,20.00,3.79,0.00,3.79,4.00,0.00,4.00,DStar
758,2.69,AgentPrefab,Agent,MoveState,Moving,Goal,20.00,0.00,20.00,3.79,0.00,3.79,4.00,0.00,4.00,DStar
759,2.69,AgentPrefab,Agent,MoveState,Moving,Goal,20.00,0.00,20.00,3.80,0.00,3.80,4.00,0.00,4.00,DStar
760,2.69,AgentPrefab,Agent,MoveState,Moving,Goal,20.00,0.00,20.00,3.80,0.00,3.80,4.00,0.00,4.00,DStar
761,2.69,AgentPrefab,Agent,MoveState,Moving,Goal,20.00,0.00,20.00,3.80,0.00,3.80,4.00,0.00,4.00,DStar
762,2.70,AgentPrefab,Agent,MoveState,Moving,Goal,20.00,0.00,20.00,3.81,0.00,3.81,4.00,0.00,4.00,DStar
763,2.70,AgentPrefab,Agent,MoveState,Moving,Goal,20.00,0.00,20.00,3.81,0.00,3.81,4.00,0.00,4.00,DStar
764,2.70,AgentPrefab,Agent,MoveState,Moving,Goal,20.00,0.00,20.00,3.81,0.00,3.81,4.00,0.00,4.00,DStar
765,2.71,AgentPrefab,Agent,MoveState,Moving,Goal,20.00,0.00,20.00,3.82,0.00,3.82,4.00,0.00,4.00,DStar
766,2.71,AgentPrefab,Agent,MoveState,Moving,Goal,20.00,0.00,20.00,3.82,0.00,3.82,4.00,0.00,4.00,DStar
767,2.71,AgentPrefab,Agent,MoveState,Moving,Goal,20.00,0.00,20.00,3.82,0.00,3.82,4.00,0.00,4.00,DStar
768,2.71,AgentPrefab,Agent,MoveState,Moving,Goal,20.00,0.00,20.00,3.83,0.00,3.83,4.00,0.00,4.00,DStar
769,2.72,AgentPrefab,Agent,MoveState,Moving,Goal,20.00,0.00,20.00,3.83,0.00,3.83,4.00,0.00,4.00,DStar
770,2.72,AgentPrefab,Agent,MoveState,Moving,Goal,20.00,0.00,20.00,3.84,0.00,3.84,4.00,0.00,4.00,DStar
771,2.72,AgentPrefab,Agent,MoveState,Moving,Goal,20.00,0.00,20.00,3.84,0.00,3.84,4.00,0.00,4.00,DStar
772,2.72,AgentPrefab,Agent,MoveState,Moving,Goal,20.00,0.00,20.00,3.84,0.00,3.84,4.00,0.00,4.00,DStar
773,2.73,AgentPrefab,Agent,MoveState,Moving,Goal,20.00,0.00,20.00,3.85,0.00,3.85,4.00,0.00,4.00,DStar
774,2.73,AgentPrefab,Agent,MoveState,Moving,Goal,20.00,0.00,20.00,3.85,0.00,3.85,4.00,0.00,4.00,DStar
775,2.73,AgentPrefab,Agent,MoveState,Moving,Goal,20.00,0.00,20.00,3.85,0.00,3.85,4.00,0.00,4.00,DStar
776,2.73,AgentPrefab,Agent,MoveState,Moving,Goal,20.00,0.00,20.00,3.86,0.00,3.86,4.00,0.00,4.00,DStar
777,2.74,AgentPrefab,Agent,MoveState,Moving,Goal,20.00,0.00,20.00,3.86,0.00,3.86,4.00,0.00,4.00,DStar
778,2.74,AgentPrefab,Agent,MoveState,Moving,Goal,20.00,0.00,20.00,3.87,0.00,3.87,4.00,0.00,4.00,DStar
779,2.74,AgentPrefab,Agent,MoveState,Moving,Goal,20.00,0.00,20.00,3.87,0.00,3.87,4.00,0.00,4.00,DStar
780,2.74,AgentPrefab,Agent,MoveState,Moving,Goal,20.00,0.00,20.00,3.87,0.00,3.87,4.00,0.00,4.00,DStar
781,2.75,AgentPrefab,Agent,MoveState,Moving,Goal,20.00,0.00,20.00,3.88,0.00,3.88,4.00,0.00,4.00,DStar
782,2.75,AgentPrefab,Agent,MoveState,Moving,Goal,20.00,0.00,20.00,3.88,0.00,3.88,4.00,0.00,4.00,DStar
783,2.75,AgentPrefab,Agent,MoveState,Moving,Goal,20.00,0.00,20.00,3.88,0.00,3.88,4.00,0.00,4.00,DStar
784,2.76,AgentPrefab,Agent,MoveState,Moving,Goal,20.00,0.00,20.00,3.89,0.00,3.89,4.00,0.00,4.00,DStar
785,2.76,AgentPrefab,Agent,MoveState,Moving,Goal,20.00,0.00,20.00,3.89,0.00,3.89,4.00,0.00,4.00,DStar
786,2.76,AgentPrefab,Agent,MoveState,Moving,Goal,20.00,0.00,20.00,3.90,0.00,3.90,4.00,0.00,4.00,DStar
787,2.76,AgentPrefab,Agent,MoveState,Moving,Goal,20.00,0.00,20.00,3.90,0.00,3.90,4.00,0.00,4.00,DStar
788,2.77,AgentPrefab,Agent,MoveState,Moving,Goal,20.00,0.00,20.00,3.90,0.00,3.90,4.00,0.00,4.00,DStar
789,2.77,AgentPrefab,Agent,MoveState,Moving,Goal,20.00,0.00,20.00,3.91,0.00,3.91,4.00,0.00,4.00,DStar
790,2.77,AgentPrefab,Agent,MoveState,Moving,Goal,20.00,0.00,20.00,3.91,0.00,3.91,4.00,0.00,4.00,DStar
791,2.77,AgentPrefab,Agent,MoveState,Moving,Goal,20.00,0.00,20.00,3.91,0.00,3.91,4.00,0.00,4.00,DStar
792,2.78,AgentPrefab,Agent,MoveState,Moving,Goal,20.00,0.00,20.00,3.92,0.00,3.92,4.00,0.00,4.00,DStar
793,2.78,AgentPrefab,Agent,MoveState,Moving,Goal,20.00,0.00,20.00,3.92,0.00,3.92,4.00,0.00,4.00,DStar
794,2.78,AgentPrefab,Agent,MoveState,Moving,Goal,20.00,0.00,20.00,3.93,0.00,3.93,4.00,0.00,4.00,DStar
795,2.78,AgentPrefab,Agent,MoveState,Moving,Goal,20.00,0.00,20.00,3.93,0.00,3.93,4.00,0.00,4.00,DStar
796,2.79,AgentPrefab,Agent,MoveState,Moving,Goal,20.00,0.00,20.00,3.93,0.00,3.93,4.00,0.00,4.00,DStar
797,2.79,AgentPrefab,Agent,MoveState,Moving,Goal,20.00,0.00,20.00,3.94,0.00,3.94,4.00,0.00,4.00,DStar
798,2.79,AgentPrefab,Agent,MoveState,Moving,Goal,20.00,0.00,20.00,3.94,0.00,3.94,4.00,0.00,4.00,DStar
799,2.80,AgentPrefab,Agent,MoveState,Moving,Goal,20.00,0.00,20.00,3.95,0.00,3.95,4.00,0.00,4.00,DStar
800,2.80,AgentPrefab,Agent,MoveState,Moving,Goal,20.00,0.00,20.00,3.95,0.00,3.95,4.00,0.00,4.00,DStar
801,2.80,AgentPrefab,Agent,MoveState,Moving,Goal,20.00,0.00,20.00,3.95,0.00,3.95,4.00,0.00,4.00,DStar
802,2.80,AgentPrefab,Agent,MoveState,Moving,Goal,20.00,0.00,20.00,3.96,0.00,3.96,4.00,0.00,4.00,DStar
803,2.81,AgentPrefab,Agent,MoveState,Moving,Goal,20.00,0.00,20.00,3.96,0.00,3.96,4.00,0.00,4.00,DStar
804,2.81,AgentPrefab,Agent,MoveState,Moving,Goal,20.00,0.00,20.00,3.96,0.00,3.96,4.00,0.00,4.00,DStar
805,2.81,AgentPrefab,Agent,MoveState,Moving,Goal,20.00,0.00,20.00,4.00,0.00,4.00,5.00,0.00,5.00,DStar
806,2.81,AgentPrefab,Agent,MoveState,Moving,Goal,20.00,0.00,20.00,4.00,0.00,4.00,5.00,0.00,5.00,DStar
807,2.82,AgentPrefab,Agent,MoveState,Moving,Goal,20.00,0.00,20.00,4.01,0.00,4.01,5.00,0.00,5.00,DStar
808,2.82,AgentPrefab,Agent,MoveState,Moving,Goal,20.00,0.00,20.00,4.01,0.00,4.01,5.00,0.00,5.00,DStar
809,2.83,AgentPrefab,Agent,MoveState,Moving,Goal,20.00,0.00,20.00,4.02,0.00,4.02,5.00,0.00,5.00,DStar
810,2.83,AgentPrefab,Agent,MoveState,Moving,Goal,20.00,0.00,20.00,4.02,0.00,4.02,5.00,0.00,5.00,DStar
811,2.83,AgentPrefab,Agent,MoveState,Moving,Goal,20.00,0.00,20.00,4.03,0.00,4.03,5.00,0.00,5.00,DStar
812,2.83,AgentPrefab,Agent,MoveState,Moving,Goal,20.00,0.00,20.00,4.03,0.00,4.03,5.00,0.00,5.00,DStar
813,2.84,AgentPrefab,Agent,MoveState,Moving,Goal,20.00,0.00,20.00,4.04,0.00,4.04,5.00,0.00,5.00,DStar
814,2.84,AgentPrefab,Agent,MoveState,Moving,Goal,20.00,0.00,20.00,4.04,0.00,4.04,5.00,0.00,5.00,DStar
815,2.84,AgentPrefab,Agent,MoveState,Moving,Goal,20.00,0.00,20.00,4.04,0.00,4.04,5.00,0.00,5.00,DStar
816,2.85,AgentPrefab,Agent,MoveState,Moving,Goal,20.00,0.00,20.00,4.05,0.00,4.05,5.00,0.00,5.00,DStar
817,2.85,AgentPrefab,Agent,MoveState,Moving,Goal,20.00,0.00,20.00,4.05,0.00,4.05,5.00,0.00,5.00,DStar
818,2.85,AgentPrefab,Agent,MoveState,Moving,Goal,20.00,0.00,20.00,4.06,0.00,4.06,5.00,0.00,5.00,DStar
819,2.85,AgentPrefab,Agent,MoveState,Moving,Goal,20.00,0.00,20.00,4.06,0.00,4.06,5.00,0.00,5.00,DStar
820,2.86,AgentPrefab,Agent,MoveState,Moving,Goal,20.00,0.00,20.00,4.06,0.00,4.06,5.00,0.00,5.00,DStar
821,2.86,AgentPrefab,Agent,MoveState,Moving,Goal,20.00,0.00,20.00,4.07,0.00,4.07,5.00,0.00,5.00,DStar
822,2.86,AgentPrefab,Agent,MoveState,Moving,Goal,20.00,0.00,20.00,4.07,0.00,4.07,5.00,0.00,5.00,DStar
823,2.87,AgentPrefab,Agent,MoveState,Moving,Goal,20.00,0.00,20.00,4.08,0.00,4.08,5.00,0.00,5.00,DStar
824,2.87,AgentPrefab,Agent,MoveState,Moving,Goal,20.00,0.00,20.00,4.08,0.00,4.08,5.00,0.00,5.00,DStar
825,2.87,AgentPrefab,Agent,MoveState,Moving,Goal,20.00,0.00,20.00,4.08,0.00,4.08,5.00,0.00,5.00,DStar
826,2.87,AgentPrefab,Agent,MoveState,Moving,Goal,20.00,0.00,20.00,4.09,0.00,4.09,5.00,0.00,5.00,DStar
827,2.88,AgentPrefab,Agent,MoveState,Moving,Goal,20.00,0.00,20.00,4.09,0.00,4.09,5.00,0.00,5.00,DStar
828,2.88,AgentPrefab,Agent,MoveState,Moving,Goal,20.00,0.00,20.00,4.10,0.00,4.10,5.00,0.00,5.00,DStar
829,2.88,AgentPrefab,Agent,MoveState,Moving,Goal,20.00,0.00,20.00,4.10,0.00,4.10,5.00,0.00,5.00,DStar
830,2.88,AgentPrefab,Agent,MoveState,Moving,Goal,20.00,0.00,20.00,4.10,0.00,4.10,5.00,0.00,5.00,DStar
831,2.89,AgentPrefab,Agent,MoveState,Moving,Goal,20.00,0.00,20.00,4.11,0.00,4.11,5.00,0.00,5.00,DStar
832,2.89,AgentPrefab,Agent,MoveState,Moving,Goal,20.00,0.00,20.00,4.11,0.00,4.11,5.00,0.00,5.00,DStar
833,2.89,AgentPrefab,Agent,MoveState,Moving,Goal,20.00,0.00,20.00,4.11,0.00,4.11,5.00,0.00,5.00,DStar
834,2.89,AgentPrefab,Agent,MoveState,Moving,Goal,20.00,0.00,20.00,4.12,0.00,4.12,5.00,0.00,5.00,DStar
835,2.90,AgentPrefab,Agent,MoveState,Moving,Goal,20.00,0.00,20.00,4.12,0.00,4.12,5.00,0.00,5.00,DStar
836,2.90,AgentPrefab,Agent,MoveState,Moving,Goal,20.00,0.00,20.00,4.13,0.00,4.13,5.00,0.00,5.00,DStar
837,2.90,AgentPrefab,Agent,MoveState,Moving,Goal,20.00,0.00,20.00,4.13,0.00,4.13,5.00,0.00,5.00,DStar
838,2.90,AgentPrefab,Agent,MoveState,Moving,Goal,20.00,0.00,20.00,4.13,0.00,4.13,5.00,0.00,5.00,DStar
839,2.91,AgentPrefab,Agent,MoveState,Moving,Goal,20.00,0.00,20.00,4.14,0.00,4.14,5.00,0.00,5.00,DStar
840,2.91,AgentPrefab,Agent,MoveState,Moving,Goal,20.00,0.00,20.00,4.14,0.00,4.14,5.00,0.00,5.00,DStar
841,2.91,AgentPrefab,Agent,MoveState,Moving,Goal,20.00,0.00,20.00,4.14,0.00,4.14,5.00,0.00,5.00,DStar
842,2.91,AgentPrefab,Agent,MoveState,Moving,Goal,20.00,0.00,20.00,4.15,0.00,4.15,5.00,0.00,5.00,DStar
843,2.92,AgentPrefab,Agent,MoveState,Moving,Goal,20.00,0.00,20.00,4.15,0.00,4.15,5.00,0.00,5.00,DStar
844,2.92,AgentPrefab,Agent,MoveState,Moving,Goal,20.00,0.00,20.00,4.15,0.00,4.15,5.00,0.00,5.00,DStar
845,2.92,AgentPrefab,Agent,MoveState,Moving,Goal,20.00,0.00,20.00,4.16,0.00,4.16,5.00,0.00,5.00,DStar
846,2.93,AgentPrefab,Agent,MoveState,Moving,Goal,20.00,0.00,20.00,4.16,0.00,4.16,5.00,0.00,5.00,DStar
847,2.93,AgentPrefab,Agent,MoveState,Moving,Goal,20.00,0.00,20.00,4.17,0.00,4.17,5.00,0.00,5.00,DStar
848,2.93,AgentPrefab,Agent,MoveState,Moving,Goal,20.00,0.00,20.00,4.17,0.00,4.17,5.00,0.00,5.00,DStar
849,2.93,AgentPrefab,Agent,MoveState,Moving,Goal,20.00,0.00,20.00,4.17,0.00,4.17,5.00,0.00,5.00,DStar
850,2.94,AgentPrefab,Agent,MoveState,Moving,Goal,20.00,0.00,20.00,4.18,0.00,4.18,5.00,0.00,5.00,DStar
851,2.94,AgentPrefab,Agent,MoveState,Moving,Goal,20.00,0.00,20.00,4.18,0.00,4.18,5.00,0.00,5.00,DStar
852,2.94,AgentPrefab,Agent,MoveState,Moving,Goal,20.00,0.00,20.00,4.18,0.00,4.18,5.00,0.00,5.00,DStar
853,2.94,AgentPrefab,Agent,MoveState,Moving,Goal,20.00,0.00,20.00,4.19,0.00,4.19,5.00,0.00,5.00,DStar
854,2.95,AgentPrefab,Agent,MoveState,Moving,Goal,20.00,0.00,20.00,4.19,0.00,4.19,5.00,0.00,5.00,DStar
855,2.95,AgentPrefab,Agent,MoveState,Moving,Goal,20.00,0.00,20.00,4.19,0.00,4.19,5.00,0.00,5.00,DStar
856,2.95,AgentPrefab,Agent,MoveState,Moving,Goal,20.00,0.00,20.00,4.20,0.00,4.20,5.00,0.00,5.00,DStar
857,2.96,AgentPrefab,Agent,MoveState,Moving,Goal,20.00,0.00,20.00,4.20,0.00,4.20,5.00,0.00,5.00,DStar
858,2.96,AgentPrefab,Agent,MoveState,Moving,Goal,20.00,0.00,20.00,4.21,0.00,4.21,5.00,0.00,5.00,DStar
859,2.96,AgentPrefab,Agent,MoveState,Moving,Goal,20.00,0.00,20.00,4.21,0.00,4.21,5.00,0.00,5.00,DStar
860,2.97,AgentPrefab,Agent,MoveState,Moving,Goal,20.00,0.00,20.00,4.22,0.00,4.22,5.00,0.00,5.00,DStar
861,2.97,AgentPrefab,Agent,MoveState,Moving,Goal,20.00,0.00,20.00,4.22,0.00,4.22,5.00,0.00,5.00,DStar
862,2.97,AgentPrefab,Agent,MoveState,Moving,Goal,20.00,0.00,20.00,4.23,0.00,4.23,5.00,0.00,5.00,DStar
863,2.97,AgentPrefab,Agent,MoveState,Moving,Goal,20.00,0.00,20.00,4.23,0.00,4.23,5.00,0.00,5.00,DStar
864,2.98,AgentPrefab,Agent,MoveState,Moving,Goal,20.00,0.00,20.00,4.23,0.00,4.23,5.00,0.00,5.00,DStar
865,2.98,AgentPrefab,Agent,MoveState,Moving,Goal,20.00,0.00,20.00,4.24,0.00,4.24,4.24,0.00,4.24,DStar
866,2.99,AgentPrefab,Agent,MoveState,Moving,Goal,20.00,0.00,20.00,4.24,0.00,4.24,4.24,0.00,5.24,DStar
867,2.99,AgentPrefab,Agent,MoveState,Moving,Goal,20.00,0.00,20.00,4.24,0.00,4.25,4.24,0.00,5.24,DStar
868,2.99,AgentPrefab,Agent,MoveState,Moving,Goal,20.00,0.00,20.00,4.24,0.00,4.26,4.24,0.00,5.24,DStar
869,2.99,AgentPrefab,Agent,MoveState,Moving,Goal,20.00,0.00,20.00,4.24,0.00,4.26,4.24,0.00,5.24,DStar
870,3.00,AgentPrefab,Agent,MoveState,Moving,Goal,20.00,0.00,20.00,4.24,0.00,4.27,4.24,0.00,5.24,DStar
871,3.00,AgentPrefab,Agent,MoveState,Moving,Goal,20.00,0.00,20.00,4.24,0.00,4.27,4.24,0.00,5.24,DStar
872,3.00,AgentPrefab,Agent,MoveState,Moving,Goal,20.00,0.00,20.00,4.24,0.00,4.28,4.24,0.00,5.24,DStar
873,3.00,AgentPrefab,Agent,MoveState,Moving,Goal,20.00,0.00,20.00,4.24,0.00,4.28,4.24,0.00,5.24,DStar
874,3.01,AgentPrefab,Agent,MoveState,Moving,Goal,20.00,0.00,20.00,4.24,0.00,4.29,4.24,0.00,5.24,DStar
875,3.01,AgentPrefab,Agent,MoveState,Moving,Goal,20.00,0.00,20.00,4.24,0.00,4.29,4.24,0.00,5.24,DStar
876,3.01,AgentPrefab,Agent,MoveState,Moving,Goal,20.00,0.00,20.00,4.24,0.00,4.30,4.24,0.00,5.24,DStar
877,3.01,AgentPrefab,Agent,MoveState,Moving,Goal,20.00,0.00,20.00,4.24,0.00,4.30,4.24,0.00,5.24,DStar
878,3.02,AgentPrefab,Agent,MoveState,Moving,Goal,20.00,0.00,20.00,4.24,0.00,4.31,4.24,0.00,5.24,DStar
879,3.02,AgentPrefab,Agent,MoveState,Moving,Goal,20.00,0.00,20.00,4.24,0.00,4.31,4.24,0.00,5.24,DStar
880,3.03,AgentPrefab,Agent,MoveState,Moving,Goal,20.00,0.00,20.00,4.24,0.00,4.32,4.24,0.00,5.24,DStar
881,3.03,AgentPrefab,Agent,MoveState,Moving,Goal,20.00,0.00,20.00,4.24,0.00,4.34,4.24,0.00,5.24,DStar
882,3.03,AgentPrefab,Agent,MoveState,Moving,Goal,20.00,0.00,20.00,4.24,0.00,4.34,4.24,0.00,5.24,DStar
883,3.04,AgentPrefab,Agent,MoveState,Moving,Goal,20.00,0.00,20.00,4.24,0.00,4.35,4.24,0.00,5.24,DStar
884,3.04,AgentPrefab,Agent,MoveState,Moving,Goal,20.00,0.00,20.00,4.24,0.00,4.35,4.24,0.00,5.24,DStar
885,3.04,AgentPrefab,Agent,MoveState,Moving,Goal,20.00,0.00,20.00,4.24,0.00,4.36,4.24,0.00,5.24,DStar
886,3.05,AgentPrefab,Agent,MoveState,Moving,Goal,20.00,0.00,20.00,4.24,0.00,4.36,4.24,0.00,5.24,DStar
887,3.05,AgentPrefab,Agent,MoveState,Moving,Goal,20.00,0.00,20.00,4.24,0.00,4.37,4.24,0.00,5.24,DStar
888,3.05,AgentPrefab,Agent,MoveState,Moving,Goal,20.00,0.00,20.00,4.24,0.00,4.37,4.24,0.00,5.24,DStar
889,3.05,AgentPrefab,Agent,MoveState,Moving,Goal,20.00,0.00,20.00,4.24,0.00,4.38,4.24,0.00,5.24,DStar
890,3.06,AgentPrefab,Agent,MoveState,Moving,Goal,20.00,0.00,20.00,4.24,0.00,4.39,4.24,0.00,5.24,DStar
891,3.06,AgentPrefab,Agent,MoveState,Moving,Goal,20.00,0.00,20.00,4.24,0.00,4.39,4.24,0.00,5.24,DStar
892,3.06,AgentPrefab,Agent,MoveState,Moving,Goal,20.00,0.00,20.00,4.24,0.00,4.40,4.24,0.00,5.24,DStar
893,3.06,AgentPrefab,Agent,MoveState,Moving,Goal,20.00,0.00,20.00,4.24,0.00,4.40,4.24,0.00,5.24,DStar
894,3.07,AgentPrefab,Agent,MoveState,Moving,Goal,20.00,0.00,20.00,4.24,0.00,4.41,4.24,0.00,5.24,DStar
895,3.07,AgentPrefab,Agent,MoveState,Moving,Goal,20.00,0.00,20.00,4.24,0.00,4.41,4.24,0.00,5.24,DStar
896,3.07,AgentPrefab,Agent,MoveState,Moving,Goal,20.00,0.00,20.00,4.24,0.00,4.42,4.24,0.00,5.24,DStar
897,3.07,AgentPrefab,Agent,MoveState,Moving,Goal,20.00,0.00,20.00,4.24,0.00,4.42,4.24,0.00,5.24,DStar
898,3.08,AgentPrefab,Agent,MoveState,Moving,Goal,20.00,0.00,20.00,4.24,0.00,4.43,4.24,0.00,5.24,DStar
899,3.08,AgentPrefab,Agent,MoveState,Moving,Goal,20.00,0.00,20.00,4.24,0.00,4.43,4.24,0.00,5.24,DStar
900,3.08,AgentPrefab,Agent,MoveState,Moving,Goal,20.00,0.00,20.00,4.24,0.00,4.44,4.24,0.00,5.24,DStar
901,3.08,AgentPrefab,Agent,MoveState,Moving,Goal,20.00,0.00,20.00,4.24,0.00,4.44,4.24,0.00,5.24,DStar
902,3.09,AgentPrefab,Agent,MoveState,Moving,Goal,20.00,0.00,20.00,4.24,0.00,4.45,4.24,0.00,5.24,DStar
903,3.09,AgentPrefab,Agent,MoveState,Moving,Goal,20.00,0.00,20.00,4.24,0.00,4.45,4.24,0.00,5.24,DStar
904,3.09,AgentPrefab,Agent,MoveState,Moving,Goal,20.00,0.00,20.00,4.24,0.00,4.46,4.24,0.00,5.24,DStar
905,3.09,AgentPrefab,Agent,MoveState,Moving,Goal,20.00,0.00,20.00,4.24,0.00,4.46,4.24,0.00,5.24,DStar
906,3.10,AgentPrefab,Agent,MoveState,Moving,Goal,20.00,0.00,20.00,4.24,0.00,4.47,4.24,0.00,5.24,DStar
907,3.10,AgentPrefab,Agent,MoveState,Moving,Goal,20.00,0.00,20.00,4.24,0.00,4.47,4.24,0.00,5.24,DStar
908,3.10,AgentPrefab,Agent,MoveState,Moving,Goal,20.00,0.00,20.00,4.24,0.00,4.48,4.24,0.00,5.24,DStar
909,3.10,AgentPrefab,Agent,MoveState,Moving,Goal,20.00,0.00,20.00,4.24,0.00,4.48,4.24,0.00,5.24,DStar
910,3.11,AgentPrefab,Agent,MoveState,Moving,Goal,20.00,0.00,20.00,4.24,0.00,4.49,4.24,0.00,5.24,DStar
911,3.11,AgentPrefab,Agent,MoveState,Moving,Goal,20.00,0.00,20.00,4.24,0.00,4.49,4.24,0.00,5.24,DStar
912,3.11,AgentPrefab,Agent,MoveState,Moving,Goal,20.00,0.00,20.00,4.24,0.00,4.50,4.24,0.00,5.24,DStar
913,3.12,AgentPrefab,Agent,MoveState,Moving,Goal,20.00,0.00,20.00,4.24,0.00,4.50,4.24,0.00,5.24,DStar
914,3.12,AgentPrefab,Agent,MoveState,Moving,Goal,20.00,0.00,20.00,4.24,0.00,4.51,4.24,0.00,5.24,DStar
915,3.12,AgentPrefab,Agent,MoveState,Moving,Goal,20.00,0.00,20.00,4.24,0.00,4.51,4.24,0.00,5.24,DStar
916,3.12,AgentPrefab,Agent,MoveState,Moving,Goal,20.00,0.00,20.00,4.24,0.00,4.52,4.24,0.00,5.24,DStar
917,3.13,AgentPrefab,Agent,MoveState,Moving,Goal,20.00,0.00,20.00,4.24,0.00,4.53,4.24,0.00,5.24,DStar
918,3.13,AgentPrefab,Agent,MoveState,Moving,Goal,20.00,0.00,20.00,4.24,0.00,4.53,4.24,0.00,5.24,DStar
919,3.13,AgentPrefab,Agent,MoveState,Moving,Goal,20.00,0.00,20.00,4.24,0.00,4.54,4.24,0.00,5.24,DStar
920,3.13,AgentPrefab,Agent,MoveState,Moving,Goal,20.00,0.00,20.00,4.24,0.00,4.54,4.24,0.00,5.24,DStar
921,3.14,AgentPrefab,Agent,MoveState,Moving,Goal,20.00,0.00,20.00,4.24,0.00,4.55,4.24,0.00,5.24,DStar
922,3.14,AgentPrefab,Agent,MoveState,Moving,Goal,20.00,0.00,20.00,4.24,0.00,4.55,4.24,0.00,5.24,DStar
923,3.14,AgentPrefab,Agent,MoveState,Moving,Goal,20.00,0.00,20.00,4.24,0.00,4.56,4.24,0.00,5.24,DStar
924,3.14,AgentPrefab,Agent,MoveState,Moving,Goal,20.00,0.00,20.00,4.24,0.00,4.56,4.24,0.00,5.24,DStar
925,3.15,AgentPrefab,Agent,MoveState,Moving,Goal,20.00,0.00,20.00,4.24,0.00,4.57,4.24,0.00,5.24,DStar
926,3.15,AgentPrefab,Agent,MoveState,Moving,Goal,20.00,0.00,20.00,4.24,0.00,4.57,4.24,0.00,5.24,DStar
927,3.15,AgentPrefab,Agent,MoveState,Moving,Goal,20.00,0.00,20.00,4.24,0.00,4.58,4.24,0.00,5.24,DStar
928,3.15,AgentPrefab,Agent,MoveState,Moving,Goal,20.00,0.00,20.00,4.24,0.00,4.58,4.24,0.00,5.24,DStar
929,3.16,AgentPrefab,Agent,MoveState,Moving,Goal,20.00,0.00,20.00,4.24,0.00,4.59,4.24,0.00,5.24,DStar
930,3.16,AgentPrefab,Agent,MoveState,Moving,Goal,20.00,0.00,20.00,4.24,0.00,4.59,4.24,0.00,5.24,DStar
931,3.16,AgentPrefab,Agent,MoveState,Moving,Goal,20.00,0.00,20.00,4.24,0.00,4.60,4.24,0.00,5.24,DStar
932,3.16,AgentPrefab,Agent,MoveState,Moving,Goal,20.00,0.00,20.00,4.24,0.00,4.60,4.24,0.00,5.24,DStar
933,3.17,AgentPrefab,Agent,MoveState,Moving,Goal,20.00,0.00,20.00,4.24,0.00,4.61,4.24,0.00,5.24,DStar
934,3.17,AgentPrefab,Agent,MoveState,Moving,Goal,20.00,0.00,20.00,4.24,0.00,4.61,4.24,0.00,5.24,DStar
935,3.17,AgentPrefab,Agent,MoveState,Moving,Goal,20.00,0.00,20.00,4.24,0.00,4.62,4.24,0.00,5.24,DStar
936,3.18,AgentPrefab,Agent,MoveState,Moving,Goal,20.00,0.00,20.00,4.24,0.00,4.62,4.24,0.00,5.24,DStar
937,3.18,AgentPrefab,Agent,MoveState,Moving,Goal,20.00,0.00,20.00,4.24,0.00,4.63,4.24,0.00,5.24,DStar
938,3.18,AgentPrefab,Agent,MoveState,Moving,Goal,20.00,0.00,20.00,4.24,0.00,4.63,4.24,0.00,5.24,DStar
939,3.18,AgentPrefab,Agent,MoveState,Moving,Goal,20.00,0.00,20.00,4.24,0.00,4.64,4.24,0.00,5.24,DStar
940,3.19,AgentPrefab,Agent,MoveState,Moving,Goal,20.00,0.00,20.00,4.24,0.00,4.64,4.24,0.00,5.24,DStar
941,3.19,AgentPrefab,Agent,MoveState,Moving,Goal,20.00,0.00,20.00,4.24,0.00,4.65,4.24,0.00,5.24,DStar
942,3.19,AgentPrefab,Agent,MoveState,Moving,Goal,20.00,0.00,20.00,4.24,0.00,4.65,4.24,0.00,5.24,DStar
943,3.19,AgentPrefab,Agent,MoveState,Moving,Goal,20.00,0.00,20.00,4.24,0.00,4.66,4.24,0.00,5.24,DStar
944,3.20,AgentPrefab,Agent,MoveState,Moving,Goal,20.00,0.00,20.00,4.24,0.00,4.66,4.24,0.00,5.24,DStar
945,3.20,AgentPrefab,Agent,MoveState,Moving,Goal,20.00,0.00,20.00,4.24,0.00,4.67,4.24,0.00,5.24,DStar
946,3.20,AgentPrefab,Agent,MoveState,Moving,Goal,20.00,0.00,20.00,4.24,0.00,4.67,4.24,0.00,5.24,DStar
947,3.20,AgentPrefab,Agent,MoveState,Moving,Goal,20.00,0.00,20.00,4.24,0.00,4.68,4.24,0.00,5.24,DStar
948,3.21,AgentPrefab,Agent,MoveState,Moving,Goal,20.00,0.00,20.00,4.24,0.00,4.69,4.24,0.00,5.24,DStar
949,3.21,AgentPrefab,Agent,MoveState,Moving,Goal,20.00,0.00,20.00,4.24,0.00,4.69,4.24,0.00,5.24,DStar
950,3.21,AgentPrefab,Agent,MoveState,Moving,Goal,20.00,0.00,20.00,4.24,0.00,4.70,4.24,0.00,5.24,DStar
951,3.21,AgentPrefab,Agent,MoveState,Moving,Goal,20.00,0.00,20.00,4.24,0.00,4.70,4.24,0.00,5.24,DStar
952,3.22,AgentPrefab,Agent,MoveState,Moving,Goal,20.00,0.00,20.00,4.24,0.00,4.71,4.24,0.00,5.24,DStar
953,3.22,AgentPrefab,Agent,MoveState,Moving,Goal,20.00,0.00,20.00,4.24,0.00,4.71,4.24,0.00,5.24,DStar
954,3.22,AgentPrefab,Agent,MoveState,Moving,Goal,20.00,0.00,20.00,4.24,0.00,4.72,4.24,0.00,5.24,DStar
955,3.23,AgentPrefab,Agent,MoveState,Moving,Goal,20.00,0.00,20.00,4.24,0.00,4.72,4.24,0.00,5.24,DStar
956,3.23,AgentPrefab,Agent,MoveState,Moving,Goal,20.00,0.00,20.00,4.24,0.00,4.73,4.24,0.00,5.24,DStar
957,3.23,AgentPrefab,Agent,MoveState,Moving,Goal,20.00,0.00,20.00,4.24,0.00,4.74,4.24,0.00,5.24,DStar
958,3.24,AgentPrefab,Agent,MoveState,Moving,Goal,20.00,0.00,20.00,4.24,0.00,4.74,4.24,0.00,5.24,DStar
959,3.24,AgentPrefab,Agent,MoveState,Moving,Goal,20.00,0.00,20.00,4.24,0.00,4.75,4.24,0.00,5.24,DStar
960,3.24,AgentPrefab,Agent,MoveState,Moving,Goal,20.00,0.00,20.00,4.24,0.00,4.76,4.24,0.00,5.24,DStar
961,3.24,AgentPrefab,Agent,MoveState,Moving,Goal,20.00,0.00,20.00,4.24,0.00,4.76,4.24,0.00,5.24,DStar
962,3.25,AgentPrefab,Agent,MoveState,Moving,Goal,20.00,0.00,20.00,4.24,0.00,4.77,4.24,0.00,5.24,DStar
963,3.25,AgentPrefab,Agent,MoveState,Moving,Goal,20.00,0.00,20.00,4.24,0.00,4.77,4.24,0.00,5.24,DStar
964,3.25,AgentPrefab,Agent,MoveState,Moving,Goal,20.00,0.00,20.00,4.24,0.00,4.78,4.24,0.00,5.24,DStar
965,3.25,AgentPrefab,Agent,MoveState,Moving,Goal,20.00,0.00,20.00,4.24,0.00,4.78,4.24,0.00,5.24,DStar
966,3.26,AgentPrefab,Agent,MoveState,Moving,Goal,20.00,0.00,20.00,4.24,0.00,4.79,4.24,0.00,5.24,DStar
967,3.26,AgentPrefab,Agent,MoveState,Moving,Goal,20.00,0.00,20.00,4.24,0.00,4.79,4.24,0.00,5.24,DStar
968,3.26,AgentPrefab,Agent,MoveState,Moving,Goal,20.00,0.00,20.00,4.24,0.00,4.80,4.24,0.00,5.24,DStar
969,3.26,AgentPrefab,Agent,MoveState,Moving,Goal,20.00,0.00,20.00,4.24,0.00,4.80,4.24,0.00,5.24,DStar
970,3.27,AgentPrefab,Agent,MoveState,Moving,Goal,20.00,0.00,20.00,4.24,0.00,4.80,4.24,0.00,5.24,DStar
971,3.27,AgentPrefab,Agent,MoveState,Moving,Goal,20.00,0.00,20.00,4.24,0.00,4.81,4.24,0.00,5.24,DStar
972,3.27,AgentPrefab,Agent,MoveState,Moving,Goal,20.00,0.00,20.00,4.24,0.00,4.82,4.24,0.00,5.24,DStar
973,3.27,AgentPrefab,Agent,MoveState,Moving,Goal,20.00,0.00,20.00,4.24,0.00,4.82,4.24,0.00,5.24,DStar
974,3.28,AgentPrefab,Agent,MoveState,Moving,Goal,20.00,0.00,20.00,4.24,0.00,4.83,4.24,0.00,5.24,DStar
975,3.28,AgentPrefab,Agent,MoveState,Moving,Goal,20.00,0.00,20.00,4.24,0.00,4.83,4.24,0.00,5.24,DStar
976,3.28,AgentPrefab,Agent,MoveState,Moving,Goal,20.00,0.00,20.00,4.24,0.00,4.84,4.24,0.00,5.24,DStar
977,3.28,AgentPrefab,Agent,MoveState,Moving,Goal,20.00,0.00,20.00,4.24,0.00,4.84,4.24,0.00,5.24,DStar
978,3.29,AgentPrefab,Agent,MoveState,Moving,Goal,20.00,0.00,20.00,4.24,0.00,4.85,4.24,0.00,5.24,DStar
979,3.29,AgentPrefab,Agent,MoveState,Moving,Goal,20.00,0.00,20.00,4.24,0.00,4.85,4.24,0.00,5.24,DStar
980,3.29,AgentPrefab,Agent,MoveState,Moving,Goal,20.00,0.00,20.00,4.24,0.00,4.86,4.24,0.00,5.24,DStar
981,3.29,AgentPrefab,Agent,MoveState,Moving,Goal,20.00,0.00,20.00,4.24,0.00,4.86,4.24,0.00,5.24,DStar
982,3.30,AgentPrefab,Agent,MoveState,Moving,Goal,20.00,0.00,20.00,4.24,0.00,4.87,4.24,0.00,5.24,DStar
983,3.30,AgentPrefab,Agent,MoveState,Moving,Goal,20.00,0.00,20.00,4.24,0.00,4.87,4.24,0.00,5.24,DStar
984,3.30,AgentPrefab,Agent,MoveState,Moving,Goal,20.00,0.00,20.00,4.24,0.00,4.88,4.24,0.00,5.24,DStar
985,3.30,AgentPrefab,Agent,MoveState,Moving,Goal,20.00,0.00,20.00,4.24,0.00,4.88,4.24,0.00,5.24,DStar
986,3.31,AgentPrefab,Agent,MoveState,Moving,Goal,20.00,0.00,20.00,4.24,0.00,4.89,4.24,0.00,5.24,DStar
987,3.31,AgentPrefab,Agent,MoveState,Moving,Goal,20.00,0.00,20.00,4.24,0.00,4.89,4.24,0.00,5.24,DStar
988,3.31,AgentPrefab,Agent,MoveState,Moving,Goal,20.00,0.00,20.00,4.24,0.00,4.90,4.24,0.00,5.24,DStar
989,3.31,AgentPrefab,Agent,MoveState,Moving,Goal,20.00,0.00,20.00,4.24,0.00,4.90,4.24,0.00,5.24,DStar
990,3.32,AgentPrefab,Agent,MoveState,Moving,Goal,20.00,0.00,20.00,4.24,0.00,4.91,4.24,0.00,5.24,DStar
991,3.32,AgentPrefab,Agent,MoveState,Moving,Goal,20.00,0.00,20.00,4.24,0.00,4.91,4.24,0.00,5.24,DStar
992,3.32,AgentPrefab,Agent,MoveState,Moving,Goal,20.00,0.00,20.00,4.24,0.00,4.92,4.24,0.00,5.24,DStar
993,3.33,AgentPrefab,Agent,MoveState,Moving,Goal,20.00,0.00,20.00,4.24,0.00,4.92,4.24,0.00,5.24,DStar
994,3.33,AgentPrefab,Agent,MoveState,Moving,Goal,20.00,0.00,20.00,4.24,0.00,4.93,4.24,0.00,5.24,DStar
995,3.33,AgentPrefab,Agent,MoveState,Moving,Goal,20.00,0.00,20.00,4.24,0.00,4.94,4.24,0.00,5.24,DStar
996,3.33,AgentPrefab,Agent,MoveState,Moving,Goal,20.00,0.00,20.00,4.24,0.00,4.94,4.24,0.00,5.24,DStar
997,3.34,AgentPrefab,Agent,MoveState,Moving,Goal,20.00,0.00,20.00,4.24,0.00,4.95,4.24,0.00,5.24,DStar
998,3.34,AgentPrefab,Agent,MoveState,Moving,Goal,20.00,0.00,20.00,4.24,0.00,4.95,4.24,0.00,5.24,DStar
999,3.34,AgentPrefab,Agent,MoveState,Moving,Goal,20.00,0.00,20.00,4.24,0.00,4.96,4.24,0.00,5.24,DStar
1000,3.34,AgentPrefab,Agent,MoveState,Moving,Goal,20.00,0.00,20.00,4.24,0.00,4.96,4.24,0.00,5.24,DStar
1001,3.35,AgentPrefab,Agent,MoveState,Moving,Goal,20.00,0.00,20.00,4.24,0.00,4.97,4.24,0.00,5.24,DStar
1002,3.35,AgentPrefab,Agent,MoveState,Moving,Goal,20.00,0.00,20.00,4.24,0.00,4.97,4.24,0.00,5.24,DStar
1003,3.35,AgentPrefab,Agent,MoveState,Moving,Goal,20.00,0.00,20.00,4.24,0.00,4.98,4.24,0.00,5.24,DStar
1004,3.35,AgentPrefab,Agent,MoveState,Moving,Goal,20.00,0.00,20.00,4.24,0.00,4.98,4.24,0.00,5.24,DStar
1005,3.36,AgentPrefab,Agent,MoveState,Moving,Goal,20.00,0.00,20.00,4.24,0.00,4.99,4.24,0.00,5.24,DStar
1006,3.36,AgentPrefab,Agent,MoveState,Moving,Goal,20.00,0.00,20.00,4.24,0.00,4.99,4.24,0.00,5.24,DStar
1007,3.36,AgentPrefab,Agent,MoveState,Moving,Goal,20.00,0.00,20.00,4.24,0.00,5.00,4.24,0.00,5.24,DStar
1008,3.37,AgentPrefab,Agent,MoveState,Moving,Goal,20.00,0.00,20.00,4.24,0.00,5.01,4.24,0.00,5.24,DStar
1009,3.37,AgentPrefab,Agent,MoveState,Moving,Goal,20.00,0.00,20.00,4.24,0.00,5.01,4.24,0.00,5.24,DStar
1010,3.37,AgentPrefab,Agent,MoveState,Moving,Goal,20.00,0.00,20.00,4.24,0.00,5.02,4.24,0.00,5.24,DStar
1011,3.38,AgentPrefab,Agent,MoveState,Moving,Goal,20.00,0.00,20.00,4.24,0.00,5.03,4.24,0.00,5.24,DStar
1012,3.38,AgentPrefab,Agent,MoveState,Moving,Goal,20.00,0.00,20.00,4.24,0.00,5.03,4.24,0.00,5.24,DStar
1013,3.38,AgentPrefab,Agent,MoveState,Moving,Goal,20.00,0.00,20.00,4.24,0.00,5.04,4.24,0.00,5.24,DStar
1014,3.39,AgentPrefab,Agent,MoveState,Moving,Goal,20.00,0.00,20.00,4.24,0.00,5.04,4.24,0.00,5.24,DStar
1015,3.39,AgentPrefab,Agent,MoveState,Moving,Goal,20.00,0.00,20.00,4.24,0.00,5.05,4.24,0.00,5.24,DStar
1016,3.39,AgentPrefab,Agent,MoveState,Moving,Goal,20.00,0.00,20.00,4.24,0.00,5.06,4.24,0.00,5.24,DStar
1017,3.39,AgentPrefab,Agent,MoveState,Moving,Goal,20.00,0.00,20.00,4.24,0.00,5.06,4.24,0.00,5.24,DStar
1018,3.40,AgentPrefab,Agent,MoveState,Moving,Goal,20.00,0.00,20.00,4.24,0.00,5.07,4.24,0.00,5.24,DStar
1019,3.40,AgentPrefab,Agent,MoveState,Moving,Goal,20.00,0.00,20.00,4.24,0.00,5.07,4.24,0.00,5.24,DStar
1020,3.40,AgentPrefab,Agent,MoveState,Moving,Goal,20.00,0.00,20.00,4.24,0.00,5.08,4.24,0.00,5.24,DStar
1021,3.40,AgentPrefab,Agent,MoveState,Moving,Goal,20.00,0.00,20.00,4.24,0.00,5.08,4.24,0.00,5.24,DStar
1022,3.41,AgentPrefab,Agent,MoveState,Moving,Goal,20.00,0.00,20.00,4.24,0.00,5.09,4.24,0.00,5.24,DStar
1023,3.41,AgentPrefab,Agent,MoveState,Moving,Goal,20.00,0.00,20.00,4.24,0.00,5.09,4.24,0.00,5.24,DStar
1024,3.41,AgentPrefab,Agent,MoveState,Moving,Goal,20.00,0.00,20.00,4.24,0.00,5.10,4.24,0.00,5.24,DStar
1025,3.42,AgentPrefab,Agent,MoveState,Moving,Goal,20.00,0.00,20.00,4.24,0.00,5.10,4.24,0.00,5.24,DStar
1026,3.42,AgentPrefab,Agent,MoveState,Moving,Goal,20.00,0.00,20.00,4.24,0.00,5.11,4.24,0.00,5.24,DStar
1027,3.42,AgentPrefab,Agent,MoveState,Moving,Goal,20.00,0.00,20.00,4.24,0.00,5.12,4.24,0.00,5.24,DStar
1028,3.42,AgentPrefab,Agent,MoveState,Moving,Goal,20.00,0.00,20.00,4.24,0.00,5.12,4.24,0.00,5.24,DStar
1029,3.43,AgentPrefab,Agent,MoveState,Moving,Goal,20.00,0.00,20.00,4.24,0.00,5.13,4.24,0.00,5.24,DStar
1030,3.43,AgentPrefab,Agent,MoveState,Moving,Goal,20.00,0.00,20.00,4.24,0.00,5.14,4.24,0.00,5.24,DStar
1031,3.44,AgentPrefab,Agent,MoveState,Moving,Goal,20.00,0.00,20.00,4.24,0.00,5.14,4.24,0.00,5.24,DStar
1032,3.44,AgentPrefab,Agent,MoveState,Moving,Goal,20.00,0.00,20.00,4.24,0.00,5.15,4.24,0.00,5.24,DStar
1033,3.44,AgentPrefab,Agent,MoveState,Moving,Goal,20.00,0.00,20.00,4.24,0.00,5.16,4.24,0.00,5.24,DStar
1034,3.45,AgentPrefab,Agent,MoveState,Moving,Goal,20.00,0.00,20.00,4.24,0.00,5.16,4.24,0.00,5.24,DStar
1035,3.45,AgentPrefab,Agent,MoveState,Moving,Goal,20.00,0.00,20.00,4.24,0.00,5.17,4.24,0.00,5.24,DStar
1036,3.45,AgentPrefab,Agent,MoveState,Moving,Goal,20.00,0.00,20.00,4.24,0.00,5.18,4.24,0.00,5.24,DStar
1037,3.46,AgentPrefab,Agent,MoveState,Moving,Goal,20.00,0.00,20.00,4.24,0.00,5.18,4.24,0.00,5.24,DStar
1038,3.46,AgentPrefab,Agent,MoveState,Moving,Goal,20.00,0.00,20.00,4.24,0.00,5.24,4.24,0.00,6.24,DStar
1039,3.46,AgentPrefab,Agent,MoveState,Moving,Goal,20.00,0.00,20.00,4.24,0.00,5.24,4.24,0.00,6.24,DStar
1040,3.46,AgentPrefab,Agent,MoveState,Moving,Goal,20.00,0.00,20.00,4.24,0.00,5.25,4.24,0.00,6.24,DStar
1041,3.47,AgentPrefab,Agent,MoveState,Moving,Goal,20.00,0.00,20.00,4.24,0.00,5.26,4.24,0.00,6.24,DStar
1042,3.47,AgentPrefab,Agent,MoveState,Moving,Goal,20.00,0.00,20.00,4.24,0.00,5.26,4.24,0.00,6.24,DStar
1043,3.47,AgentPrefab,Agent,MoveState,Moving,Goal,20.00,0.00,20.00,4.24,0.00,5.27,4.24,0.00,6.24,DStar
1044,3.48,AgentPrefab,Agent,MoveState,Moving,Goal,20.00,0.00,20.00,4.24,0.00,5.27,4.24,0.00,6.24,DStar
1045,3.48,AgentPrefab,Agent,MoveState,Moving,Goal,20.00,0.00,20.00,4.24,0.00,5.28,4.24,0.00,6.24,DStar
1046,3.48,AgentPrefab,Agent,MoveState,Moving,Goal,20.00,0.00,20.00,4.24,0.00,5.28,4.24,0.00,6.24,DStar
1047,3.49,AgentPrefab,Agent,MoveState,Moving,Goal,20.00,0.00,20.00,4.24,0.00,5.29,4.24,0.00,6.24,DStar
1048,3.49,AgentPrefab,Agent,MoveState,Moving,Goal,20.00,0.00,20.00,4.24,0.00,5.30,4.24,0.00,6.24,DStar
1049,3.49,AgentPrefab,Agent,MoveState,Moving,Goal,20.00,0.00,20.00,4.24,0.00,5.30,4.24,0.00,6.24,DStar
1050,3.49,AgentPrefab,Agent,MoveState,Moving,Goal,20.00,0.00,20.00,4.24,0.00,5.31,4.24,0.00,6.24,DStar
1051,3.50,AgentPrefab,Agent,MoveState,Moving,Goal,20.00,0.00,20.00,4.24,0.00,5.31,4.24,0.00,6.24,DStar
1052,3.50,AgentPrefab,Agent,MoveState,Moving,Goal,20.00,0.00,20.00,4.24,0.00,5.32,4.24,0.00,6.24,DStar
1053,3.50,AgentPrefab,Agent,MoveState,Moving,Goal,20.00,0.00,20.00,4.24,0.00,5.32,4.24,0.00,6.24,DStar
1054,3.51,AgentPrefab,Agent,MoveState,Moving,Goal,20.00,0.00,20.00,4.24,0.00,5.33,4.24,0.00,6.24,DStar
1055,3.51,AgentPrefab,Agent,MoveState,Moving,Goal,20.00,0.00,20.00,4.24,0.00,5.34,4.24,0.00,6.24,DStar
1056,3.51,AgentPrefab,Agent,MoveState,Moving,Goal,20.00,0.00,20.00,4.24,0.00,5.34,4.24,0.00,6.24,DStar
1057,3.51,AgentPrefab,Agent,MoveState,Moving,Goal,20.00,0.00,20.00,4.24,0.00,5.35,4.24,0.00,6.24,DStar
1058,3.52,AgentPrefab,Agent,MoveState,Moving,Goal,20.00,0.00,20.00,4.24,0.00,5.35,4.24,0.00,6.24,DStar
1059,3.52,AgentPrefab,Agent,MoveState,Moving,Goal,20.00,0.00,20.00,4.24,0.00,5.36,4.24,0.00,6.24,DStar
1060,3.52,AgentPrefab,Agent,MoveState,Moving,Goal,20.00,0.00,20.00,4.24,0.00,5.36,4.24,0.00,6.24,DStar
1061,3.53,AgentPrefab,Agent,MoveState,Moving,Goal,20.00,0.00,20.00,4.24,0.00,5.37,4.24,0.00,6.24,DStar
1062,3.53,AgentPrefab,Agent,MoveState,Moving,Goal,20.00,0.00,20.00,4.24,0.00,5.38,4.24,0.00,6.24,DStar
1063,3.53,AgentPrefab,Agent,MoveState,Moving,Goal,20.00,0.00,20.00,4.24,0.00,5.38,4.24,0.00,6.24,DStar
1064,3.53,AgentPrefab,Agent,MoveState,Moving,Goal,20.00,0.00,20.00,4.24,0.00,5.39,4.24,0.00,6.24,DStar
1065,3.54,AgentPrefab,Agent,MoveState,Moving,Goal,20.00,0.00,20.00,4.24,0.00,5.39,4.24,0.00,6.24,DStar
1066,3.54,AgentPrefab,Agent,MoveState,Moving,Goal,20.00,0.00,20.00,4.24,0.00,5.40,4.24,0.00,6.24,DStar
1067,3.54,AgentPrefab,Agent,MoveState,Moving,Goal,20.00,0.00,20.00,4.24,0.00,5.41,4.24,0.00,6.24,DStar
1068,3.55,AgentPrefab,Agent,MoveState,Moving,Goal,20.00,0.00,20.00,4.24,0.00,5.41,4.24,0.00,6.24,DStar
1069,3.55,AgentPrefab,Agent,MoveState,Moving,Goal,20.00,0.00,20.00,4.24,0.00,5.42,4.24,0.00,6.24,DStar
1070,3.55,AgentPrefab,Agent,MoveState,Moving,Goal,20.00,0.00,20.00,4.24,0.00,5.42,4.24,0.00,6.24,DStar
1071,3.56,AgentPrefab,Agent,MoveState,Moving,Goal,20.00,0.00,20.00,4.24,0.00,5.43,4.24,0.00,6.24,DStar
1072,3.56,AgentPrefab,Agent,MoveState,Moving,Goal,20.00,0.00,20.00,4.24,0.00,5.44,4.24,0.00,6.24,DStar
1073,3.56,AgentPrefab,Agent,MoveState,Moving,Goal,20.00,0.00,20.00,4.24,0.00,5.44,4.24,0.00,6.24,DStar
1074,3.56,AgentPrefab,Agent,MoveState,Moving,Goal,20.00,0.00,20.00,4.24,0.00,5.45,4.24,0.00,6.24,DStar
1075,3.57,AgentPrefab,Agent,MoveState,Moving,Goal,20.00,0.00,20.00,4.24,0.00,5.46,4.24,0.00,6.24,DStar
1076,3.57,AgentPrefab,Agent,MoveState,Moving,Goal,20.00,0.00,20.00,4.24,0.00,5.46,4.24,0.00,6.24,DStar
1077,3.57,AgentPrefab,Agent,MoveState,Moving,Goal,20.00,0.00,20.00,4.24,0.00,5.47,4.24,0.00,6.24,DStar
1078,3.58,AgentPrefab,Agent,MoveState,Moving,Goal,20.00,0.00,20.00,4.24,0.00,5.47,4.24,0.00,6.24,DStar
1079,3.58,AgentPrefab,Agent,MoveState,Moving,Goal,20.00,0.00,20.00,4.24,0.00,5.48,4.24,0.00,6.24,DStar
1080,3.58,AgentPrefab,Agent,MoveState,Moving,Goal,20.00,0.00,20.00,4.24,0.00,5.49,4.24,0.00,6.24,DStar
1081,3.59,AgentPrefab,Agent,MoveState,Moving,Goal,20.00,0.00,20.00,4.24,0.00,5.49,4.24,0.00,6.24,DStar
1082,3.59,AgentPrefab,Agent,MoveState,Moving,Goal,20.00,0.00,20.00,4.24,0.00,5.50,4.24,0.00,6.24,DStar
1083,3.59,AgentPrefab,Agent,MoveState,Moving,Goal,20.00,0.00,20.00,4.24,0.00,5.50,4.24,0.00,6.24,DStar
1084,3.59,AgentPrefab,Agent,MoveState,Moving,Goal,20.00,0.00,20.00,4.24,0.00,5.51,4.24,0.00,6.24,DStar
1085,3.60,AgentPrefab,Agent,MoveState,Moving,Goal,20.00,0.00,20.00,4.24,0.00,5.52,4.24,0.00,6.24,DStar
1086,3.60,AgentPrefab,Agent,MoveState,Moving,Goal,20.00,0.00,20.00,4.24,0.00,5.52,4.24,0.00,6.24,DStar
1087,3.60,AgentPrefab,Agent,MoveState,Moving,Goal,20.00,0.00,20.00,4.24,0.00,5.53,4.24,0.00,6.24,DStar
1088,3.61,AgentPrefab,Agent,MoveState,Moving,Goal,20.00,0.00,20.00,4.24,0.00,5.53,4.24,0.00,6.24,DStar
1089,3.61,AgentPrefab,Agent,MoveState,Moving,Goal,20.00,0.00,20.00,4.24,0.00,5.54,4.24,0.00,6.24,DStar
1090,3.61,AgentPrefab,Agent,MoveState,Moving,Goal,20.00,0.00,20.00,4.24,0.00,5.55,4.24,0.00,6.24,DStar
1091,3.62,AgentPrefab,Agent,MoveState,Moving,Goal,20.00,0.00,20.00,4.24,0.00,5.55,4.24,0.00,6.24,DStar
1092,3.62,AgentPrefab,Agent,MoveState,Moving,Goal,20.00,0.00,20.00,4.24,0.00,5.56,4.24,0.00,6.24,DStar
1093,3.62,AgentPrefab,Agent,MoveState,Moving,Goal,20.00,0.00,20.00,4.24,0.00,5.56,4.24,0.00,6.24,DStar
1094,3.62,AgentPrefab,Agent,MoveState,Moving,Goal,20.00,0.00,20.00,4.24,0.00,5.57,4.24,0.00,6.24,DStar
1095,3.63,AgentPrefab,Agent,MoveState,Moving,Goal,20.00,0.00,20.00,4.24,0.00,5.57,4.24,0.00,6.24,DStar
1096,3.63,AgentPrefab,Agent,MoveState,Moving,Goal,20.00,0.00,20.00,4.24,0.00,5.58,4.24,0.00,6.24,DStar
1097,3.64,AgentPrefab,Agent,MoveState,Moving,Goal,20.00,0.00,20.00,4.24,0.00,5.59,4.24,0.00,6.24,DStar
1098,3.64,AgentPrefab,Agent,MoveState,Moving,Goal,20.00,0.00,20.00,4.24,0.00,5.60,4.24,0.00,6.24,DStar
1099,3.64,AgentPrefab,Agent,MoveState,Moving,Goal,20.00,0.00,20.00,4.24,0.00,5.61,4.24,0.00,6.24,DStar
1100,3.65,AgentPrefab,Agent,MoveState,Moving,Goal,20.00,0.00,20.00,4.24,0.00,5.61,4.24,0.00,6.24,DStar
1101,3.65,AgentPrefab,Agent,MoveState,Moving,Goal,20.00,0.00,20.00,4.24,0.00,5.62,4.24,0.00,6.24,DStar
1102,3.65,AgentPrefab,Agent,MoveState,Moving,Goal,20.00,0.00,20.00,4.24,0.00,5.62,4.24,0.00,6.24,DStar
1103,3.66,AgentPrefab,Agent,MoveState,Moving,Goal,20.00,0.00,20.00,4.24,0.00,5.63,4.24,0.00,6.24,DStar
1104,3.66,AgentPrefab,Agent,MoveState,Moving,Goal,20.00,0.00,20.00,4.24,0.00,5.64,4.24,0.00,6.24,DStar
1105,3.66,AgentPrefab,Agent,MoveState,Moving,Goal,20.00,0.00,20.00,4.24,0.00,5.64,4.24,0.00,6.24,DStar
1106,3.66,AgentPrefab,Agent,MoveState,Moving,Goal,20.00,0.00,20.00,4.24,0.00,5.65,4.24,0.00,6.24,DStar
1107,3.67,AgentPrefab,Agent,MoveState,Moving,Goal,20.00,0.00,20.00,4.24,0.00,5.65,4.24,0.00,6.24,DStar
1108,3.67,AgentPrefab,Agent,MoveState,Moving,Goal,20.00,0.00,20.00,4.24,0.00,5.66,4.24,0.00,6.24,DStar
1109,3.67,AgentPrefab,Agent,MoveState,Moving,Goal,20.00,0.00,20.00,4.24,0.00,5.67,4.24,0.00,6.24,DStar
1110,3.68,AgentPrefab,Agent,MoveState,Moving,Goal,20.00,0.00,20.00,4.24,0.00,5.67,4.24,0.00,6.24,DStar
1111,3.68,AgentPrefab,Agent,MoveState,Moving,Goal,20.00,0.00,20.00,4.24,0.00,5.68,4.24,0.00,6.24,DStar
1112,3.68,AgentPrefab,Agent,MoveState,Moving,Goal,20.00,0.00,20.00,4.24,0.00,5.68,4.24,0.00,6.24,DStar
1113,3.68,AgentPrefab,Agent,MoveState,Moving,Goal,20.00,0.00,20.00,4.24,0.00,5.69,4.24,0.00,6.24,DStar
1114,3.69,AgentPrefab,Agent,MoveState,Moving,Goal,20.00,0.00,20.00,4.24,0.00,5.69,4.24,0.00,6.24,DStar
1115,3.69,AgentPrefab,Agent,MoveState,Moving,Goal,20.00,0.00,20.00,4.24,0.00,5.70,4.24,0.00,6.24,DStar
1116,3.69,AgentPrefab,Agent,MoveState,Moving,Goal,20.00,0.00,20.00,4.24,0.00,5.71,4.24,0.00,6.24,DStar
1117,3.70,AgentPrefab,Agent,MoveState,Moving,Goal,20.00,0.00,20.00,4.24,0.00,5.71,4.24,0.00,6.24,DStar
1118,3.70,AgentPrefab,Agent,MoveState,Moving,Goal,20.00,0.00,20.00,4.24,0.00,5.72,4.24,0.00,6.24,DStar
1119,3.70,AgentPrefab,Agent,MoveState,Moving,Goal,20.00,0.00,20.00,4.24,0.00,5.72,4.24,0.00,6.24,DStar
1120,3.71,AgentPrefab,Agent,MoveState,Moving,Goal,20.00,0.00,20.00,4.24,0.00,5.73,4.24,0.00,6.24,DStar
1121,3.71,AgentPrefab,Agent,MoveState,Moving,Goal,20.00,0.00,20.00,4.24,0.00,5.74,4.24,0.00,6.24,DStar
1122,3.71,AgentPrefab,Agent,MoveState,Moving,Goal,20.00,0.00,20.00,4.24,0.00,5.74,4.24,0.00,6.24,DStar
1123,3.71,AgentPrefab,Agent,MoveState,Moving,Goal,20.00,0.00,20.00,4.24,0.00,5.75,4.24,0.00,6.24,DStar
1124,3.72,AgentPrefab,Agent,MoveState,Moving,Goal,20.00,0.00,20.00,4.24,0.00,5.75,4.24,0.00,6.24,DStar
1125,3.72,AgentPrefab,Agent,MoveState,Moving,Goal,20.00,0.00,20.00,4.24,0.00,5.76,4.24,0.00,6.24,DStar
1126,3.72,AgentPrefab,Agent,MoveState,Moving,Goal,20.00,0.00,20.00,4.24,0.00,5.77,4.24,0.00,6.24,DStar
1127,3.73,AgentPrefab,Agent,MoveState,Moving,Goal,20.00,0.00,20.00,4.24,0.00,5.77,4.24,0.00,6.24,DStar
1128,3.73,AgentPrefab,Agent,MoveState,Moving,Goal,20.00,0.00,20.00,4.24,0.00,5.78,4.24,0.00,6.24,DStar
1129,3.73,AgentPrefab,Agent,MoveState,Moving,Goal,20.00,0.00,20.00,4.24,0.00,5.78,4.24,0.00,6.24,DStar
1130,3.73,AgentPrefab,Agent,MoveState,Moving,Goal,20.00,0.00,20.00,4.24,0.00,5.79,4.24,0.00,6.24,DStar
1131,3.74,AgentPrefab,Agent,MoveState,Moving,Goal,20.00,0.00,20.00,4.24,0.00,5.79,4.24,0.00,6.24,DStar
1132,3.74,AgentPrefab,Agent,MoveState,Moving,Goal,20.00,0.00,20.00,4.24,0.00,5.80,4.24,0.00,6.24,DStar
1133,3.74,AgentPrefab,Agent,MoveState,Moving,Goal,20.00,0.00,20.00,4.24,0.00,5.80,4.24,0.00,6.24,DStar
1134,3.74,AgentPrefab,Agent,MoveState,Moving,Goal,20.00,0.00,20.00,4.24,0.00,5.81,4.24,0.00,6.24,DStar
1135,3.75,AgentPrefab,Agent,MoveState,Moving,Goal,20.00,0.00,20.00,4.24,0.00,5.81,4.24,0.00,6.24,DStar
1136,3.75,AgentPrefab,Agent,MoveState,Moving,Goal,20.00,0.00,20.00,4.24,0.00,5.82,4.24,0.00,6.24,DStar
1137,3.75,AgentPrefab,Agent,MoveState,Moving,Goal,20.00,0.00,20.00,4.24,0.00,5.82,4.24,0.00,6.24,DStar
1138,3.76,AgentPrefab,Agent,MoveState,Moving,Goal,20.00,0.00,20.00,4.24,0.00,5.83,4.24,0.00,6.24,DStar
1139,3.76,AgentPrefab,Agent,MoveState,Moving,Goal,20.00,0.00,20.00,4.24,0.00,5.84,4.24,0.00,6.24,DStar
1140,3.76,AgentPrefab,Agent,MoveState,Moving,Goal,20.00,0.00,20.00,4.24,0.00,5.84,4.24,0.00,6.24,DStar
1141,3.76,AgentPrefab,Agent,MoveState,Moving,Goal,20.00,0.00,20.00,4.24,0.00,5.85,4.24,0.00,6.24,DStar
1142,3.77,AgentPrefab,Agent,MoveState,Moving,Goal,20.00,0.00,20.00,4.24,0.00,5.86,4.24,0.00,6.24,DStar
1143,3.77,AgentPrefab,Agent,MoveState,Moving,Goal,20.00,0.00,20.00,4.24,0.00,5.86,4.24,0.00,6.24,DStar
1144,3.77,AgentPrefab,Agent,MoveState,Moving,Goal,20.00,0.00,20.00,4.24,0.00,5.87,4.24,0.00,6.24,DStar
1145,3.77,AgentPrefab,Agent,MoveState,Moving,Goal,20.00,0.00,20.00,4.24,0.00,5.87,4.24,0.00,6.24,DStar
1146,3.78,AgentPrefab,Agent,MoveState,Moving,Goal,20.00,0.00,20.00,4.24,0.00,5.88,4.24,0.00,6.24,DStar
1147,3.78,AgentPrefab,Agent,MoveState,Moving,Goal,20.00,0.00,20.00,4.24,0.00,5.88,4.24,0.00,6.24,DStar
1148,3.78,AgentPrefab,Agent,MoveState,Moving,Goal,20.00,0.00,20.00,4.24,0.00,5.89,4.24,0.00,6.24,DStar
1149,3.79,AgentPrefab,Agent,MoveState,Moving,Goal,20.00,0.00,20.00,4.24,0.00,5.89,4.24,0.00,6.24,DStar
1150,3.79,AgentPrefab,Agent,MoveState,Moving,Goal,20.00,0.00,20.00,4.24,0.00,5.90,4.24,0.00,6.24,DStar
1151,3.79,AgentPrefab,Agent,MoveState,Moving,Goal,20.00,0.00,20.00,4.24,0.00,5.90,4.24,0.00,6.24,DStar
1152,3.79,AgentPrefab,Agent,MoveState,Moving,Goal,20.00,0.00,20.00,4.24,0.00,5.91,4.24,0.00,6.24,DStar
1153,3.80,AgentPrefab,Agent,MoveState,Moving,Goal,20.00,0.00,20.00,4.24,0.00,5.91,4.24,0.00,6.24,DStar
1154,3.80,AgentPrefab,Agent,MoveState,Moving,Goal,20.00,0.00,20.00,4.24,0.00,5.92,4.24,0.00,6.24,DStar
1155,3.80,AgentPrefab,Agent,MoveState,Moving,Goal,20.00,0.00,20.00,4.24,0.00,5.92,4.24,0.00,6.24,DStar
1156,3.80,AgentPrefab,Agent,MoveState,Moving,Goal,20.00,0.00,20.00,4.24,0.00,5.93,4.24,0.00,6.24,DStar
1157,3.81,AgentPrefab,Agent,MoveState,Moving,Goal,20.00,0.00,20.00,4.24,0.00,5.93,4.24,0.00,6.24,DStar
1158,3.81,AgentPrefab,Agent,MoveState,Moving,Goal,20.00,0.00,20.00,4.24,0.00,5.94,4.24,0.00,6.24,DStar
1159,3.81,AgentPrefab,Agent,MoveState,Moving,Goal,20.00,0.00,20.00,4.24,0.00,5.94,4.24,0.00,6.24,DStar
1160,3.81,AgentPrefab,Agent,MoveState,Moving,Goal,20.00,0.00,20.00,4.24,0.00,5.95,4.24,0.00,6.24,DStar
1161,3.82,AgentPrefab,Agent,MoveState,Moving,Goal,20.00,0.00,20.00,4.24,0.00,5.96,4.24,0.00,6.24,DStar
1162,3.82,AgentPrefab,Agent,MoveState,Moving,Goal,20.00,0.00,20.00,4.24,0.00,5.96,4.24,0.00,6.24,DStar
1163,3.82,AgentPrefab,Agent,MoveState,Moving,Goal,20.00,0.00,20.00,4.24,0.00,5.97,4.24,0.00,6.24,DStar
1164,3.82,AgentPrefab,Agent,MoveState,Moving,Goal,20.00,0.00,20.00,4.24,0.00,5.97,4.24,0.00,6.24,DStar
1165,3.83,AgentPrefab,Agent,MoveState,Moving,Goal,20.00,0.00,20.00,4.24,0.00,5.98,4.24,0.00,6.24,DStar
1166,3.83,AgentPrefab,Agent,MoveState,Moving,Goal,20.00,0.00,20.00,4.24,0.00,5.98,4.24,0.00,6.24,DStar
1167,3.84,AgentPrefab,Agent,MoveState,Moving,Goal,20.00,0.00,20.00,4.24,0.00,5.99,4.24,0.00,6.24,DStar
1168,3.84,AgentPrefab,Agent,MoveState,Moving,Goal,20.00,0.00,20.00,4.24,0.00,6.00,4.24,0.00,6.24,DStar
1169,3.84,AgentPrefab,Agent,MoveState,Moving,Goal,20.00,0.00,20.00,4.24,0.00,6.00,4.24,0.00,6.24,DStar
1170,3.84,AgentPrefab,Agent,MoveState,Moving,Goal,20.00,0.00,20.00,4.24,0.00,6.01,4.24,0.00,6.24,DStar
1171,3.85,AgentPrefab,Agent,MoveState,Moving,Goal,20.00,0.00,20.00,4.24,0.00,6.01,4.24,0.00,6.24,DStar
1172,3.85,AgentPrefab,Agent,MoveState,Moving,Goal,20.00,0.00,20.00,4.24,0.00,6.02,4.24,0.00,6.24,DStar
1173,3.85,AgentPrefab,Agent,MoveState,Moving,Goal,20.00,0.00,20.00,4.24,0.00,6.02,4.24,0.00,6.24,DStar
1174,3.85,AgentPrefab,Agent,MoveState,Moving,Goal,20.00,0.00,20.00,4.24,0.00,6.03,4.24,0.00,6.24,DStar
1175,3.86,AgentPrefab,Agent,MoveState,Moving,Goal,20.00,0.00,20.00,4.24,0.00,6.03,4.24,0.00,6.24,DStar
1176,3.86,AgentPrefab,Agent,MoveState,Moving,Goal,20.00,0.00,20.00,4.24,0.00,6.04,4.24,0.00,6.24,DStar
1177,3.86,AgentPrefab,Agent,MoveState,Moving,Goal,20.00,0.00,20.00,4.24,0.00,6.05,4.24,0.00,6.24,DStar
1178,3.86,AgentPrefab,Agent,MoveState,Moving,Goal,20.00,0.00,20.00,4.24,0.00,6.05,4.24,0.00,6.24,DStar
1179,3.87,AgentPrefab,Agent,MoveState,Moving,Goal,20.00,0.00,20.00,4.24,0.00,6.06,4.24,0.00,6.24,DStar
1180,3.87,AgentPrefab,Agent,MoveState,Moving,Goal,20.00,0.00,20.00,4.24,0.00,6.06,4.24,0.00,6.24,DStar
1181,3.87,AgentPrefab,Agent,MoveState,Moving,Goal,20.00,0.00,20.00,4.24,0.00,6.07,4.24,0.00,6.24,DStar
1182,3.88,AgentPrefab,Agent,MoveState,Moving,Goal,20.00,0.00,20.00,4.24,0.00,6.07,4.24,0.00,6.24,DStar
1183,3.88,AgentPrefab,Agent,MoveState,Moving,Goal,20.00,0.00,20.00,4.24,0.00,6.08,4.24,0.00,6.24,DStar
1184,3.88,AgentPrefab,Agent,MoveState,Moving,Goal,20.00,0.00,20.00,4.24,0.00,6.08,4.24,0.00,6.24,DStar
1185,3.88,AgentPrefab,Agent,MoveState,Moving,Goal,20.00,0.00,20.00,4.24,0.00,6.09,4.24,0.00,6.24,DStar
1186,3.89,AgentPrefab,Agent,MoveState,Moving,Goal,20.00,0.00,20.00,4.24,0.00,6.09,4.24,0.00,6.24,DStar
1187,3.89,AgentPrefab,Agent,MoveState,Moving,Goal,20.00,0.00,20.00,4.24,0.00,6.10,4.24,0.00,6.24,DStar
1188,3.89,AgentPrefab,Agent,MoveState,Moving,Goal,20.00,0.00,20.00,4.24,0.00,6.10,4.24,0.00,6.24,DStar
1189,3.89,AgentPrefab,Agent,MoveState,Moving,Goal,20.00,0.00,20.00,4.24,0.00,6.11,4.24,0.00,6.24,DStar
1190,3.90,AgentPrefab,Agent,MoveState,Moving,Goal,20.00,0.00,20.00,4.24,0.00,6.12,4.24,0.00,6.24,DStar
1191,3.90,AgentPrefab,Agent,MoveState,Moving,Goal,20.00,0.00,20.00,4.24,0.00,6.12,4.24,0.00,6.24,DStar
1192,3.91,AgentPrefab,Agent,MoveState,Moving,Goal,20.00,0.00,20.00,4.24,0.00,6.13,4.24,0.00,6.24,DStar
1193,3.91,AgentPrefab,Agent,MoveState,Moving,Goal,20.00,0.00,20.00,4.24,0.00,6.14,4.24,0.00,6.24,DStar
1194,3.91,AgentPrefab,Agent,MoveState,Moving,Goal,20.00,0.00,20.00,4.24,0.00,6.14,4.24,0.00,6.24,DStar
1195,3.92,AgentPrefab,Agent,MoveState,Moving,Goal,20.00,0.00,20.00,4.24,0.00,6.15,4.24,0.00,6.24,DStar
1196,3.92,AgentPrefab,Agent,MoveState,Moving,Goal,20.00,0.00,20.00,4.24,0.00,6.16,4.24,0.00,6.24,DStar
1197,3.92,AgentPrefab,Agent,MoveState,Moving,Goal,20.00,0.00,20.00,4.24,0.00,6.16,4.24,0.00,6.24,DStar
1198,3.92,AgentPrefab,Agent,MoveState,Moving,Goal,20.00,0.00,20.00,4.24,0.00,6.17,4.24,0.00,6.24,DStar
1199,3.93,AgentPrefab,Agent,MoveState,Moving,Goal,20.00,0.00,20.00,4.24,0.00,6.17,4.24,0.00,6.24,DStar
1200,3.93,AgentPrefab,Agent,MoveState,Moving,Goal,20.00,0.00,20.00,4.24,0.00,6.18,4.24,0.00,6.24,DStar
1201,3.93,AgentPrefab,Agent,MoveState,Moving,Goal,20.00,0.00,20.00,4.24,0.00,6.18,4.24,0.00,6.24,DStar
1202,3.93,AgentPrefab,Agent,MoveState,Moving,Goal,20.00,0.00,20.00,4.24,0.00,6.24,4.24,0.00,7.24,DStar
1203,3.94,AgentPrefab,Agent,MoveState,Moving,Goal,20.00,0.00,20.00,4.24,0.00,6.24,4.24,0.00,7.24,DStar
1204,3.94,AgentPrefab,Agent,MoveState,Moving,Goal,20.00,0.00,20.00,4.24,0.00,6.25,4.24,0.00,7.24,DStar
1205,3.94,AgentPrefab,Agent,MoveState,Moving,Goal,20.00,0.00,20.00,4.24,0.00,6.26,4.24,0.00,7.24,DStar
1206,3.95,AgentPrefab,Agent,MoveState,Moving,Goal,20.00,0.00,20.00,4.24,0.00,6.26,4.24,0.00,7.24,DStar
1207,3.95,AgentPrefab,Agent,MoveState,Moving,Goal,20.00,0.00,20.00,4.24,0.00,6.27,4.24,0.00,7.24,DStar
1208,3.95,AgentPrefab,Agent,MoveState,Moving,Goal,20.00,0.00,20.00,4.24,0.00,6.27,4.24,0.00,7.24,DStar
1209,3.95,AgentPrefab,Agent,MoveState,Moving,Goal,20.00,0.00,20.00,4.24,0.00,6.28,4.24,0.00,7.24,DStar
1210,3.96,AgentPrefab,Agent,MoveState,Moving,Goal,20.00,0.00,20.00,4.24,0.00,6.28,4.24,0.00,7.24,DStar
1211,3.96,AgentPrefab,Agent,MoveState,Moving,Goal,20.00,0.00,20.00,4.24,0.00,6.29,4.24,0.00,7.24,DStar
1212,3.96,AgentPrefab,Agent,MoveState,Moving,Goal,20.00,0.00,20.00,4.24,0.00,6.29,4.24,0.00,7.24,DStar
1213,3.96,AgentPrefab,Agent,MoveState,Moving,Goal,20.00,0.00,20.00,4.24,0.00,6.30,4.24,0.00,7.24,DStar
1214,3.97,AgentPrefab,Agent,MoveState,Moving,Goal,20.00,0.00,20.00,4.24,0.00,6.30,4.24,0.00,7.24,DStar
1215,3.97,AgentPrefab,Agent,MoveState,Moving,Goal,20.00,0.00,20.00,4.24,0.00,6.31,4.24,0.00,7.24,DStar
1216,3.97,AgentPrefab,Agent,MoveState,Moving,Goal,20.00,0.00,20.00,4.24,0.00,6.31,4.24,0.00,7.24,DStar
1217,3.97,AgentPrefab,Agent,MoveState,Moving,Goal,20.00,0.00,20.00,4.24,0.00,6.32,4.24,0.00,7.24,DStar
1218,3.98,AgentPrefab,Agent,MoveState,Moving,Goal,20.00,0.00,20.00,4.24,0.00,6.32,4.24,0.00,7.24,DStar
1219,3.98,AgentPrefab,Agent,MoveState,Moving,Goal,20.00,0.00,20.00,4.24,0.00,6.33,4.24,0.00,7.24,DStar
1220,3.98,AgentPrefab,Agent,MoveState,Moving,Goal,20.00,0.00,20.00,4.24,0.00,6.33,4.24,0.00,7.24,DStar
1221,3.98,AgentPrefab,Agent,MoveState,Moving,Goal,20.00,0.00,20.00,4.24,0.00,6.34,4.24,0.00,7.24,DStar
1222,3.99,AgentPrefab,Agent,MoveState,Moving,Goal,20.00,0.00,20.00,4.24,0.00,6.34,4.24,0.00,7.24,DStar
1223,3.99,AgentPrefab,Agent,MoveState,Moving,Goal,20.00,0.00,20.00,4.24,0.00,6.35,4.24,0.00,7.24,DStar
1224,3.99,AgentPrefab,Agent,MoveState,Moving,Goal,20.00,0.00,20.00,4.24,0.00,6.36,4.24,0.00,7.24,DStar
1225,4.00,AgentPrefab,Agent,MoveState,Moving,Goal,20.00,0.00,20.00,4.24,0.00,6.36,4.24,0.00,7.24,DStar
1226,4.00,AgentPrefab,Agent,MoveState,Moving,Goal,20.00,0.00,20.00,4.24,0.00,6.37,4.24,0.00,7.24,DStar
1227,4.01,AgentPrefab,Agent,MoveState,Moving,Goal,20.00,0.00,20.00,4.24,0.00,6.37,4.24,0.00,7.24,DStar
1228,4.01,AgentPrefab,Agent,MoveState,Moving,Goal,20.00,0.00,20.00,4.24,0.00,6.40,4.24,0.00,7.24,DStar
1229,4.02,AgentPrefab,Agent,MoveState,Moving,Goal,20.00,0.00,20.00,4.24,0.00,6.40,4.24,0.00,7.24,DStar
1230,4.02,AgentPrefab,Agent,MoveState,Moving,Goal,20.00,0.00,20.00,4.24,0.00,6.41,4.24,0.00,7.24,DStar
1231,4.02,AgentPrefab,Agent,MoveState,Moving,Goal,20.00,0.00,20.00,4.24,0.00,6.41,4.24,0.00,7.24,DStar
1232,4.03,AgentPrefab,Agent,MoveState,Moving,Goal,20.00,0.00,20.00,4.24,0.00,6.42,4.24,0.00,7.24,DStar
1233,4.03,AgentPrefab,Agent,MoveState,Moving,Goal,20.00,0.00,20.00,4.24,0.00,6.43,4.24,0.00,7.24,DStar
1234,4.04,AgentPrefab,Agent,MoveState,Moving,Goal,20.00,0.00,20.00,4.24,0.00,6.43,4.24,0.00,7.24,DStar
1235,4.04,AgentPrefab,Agent,MoveState,Moving,Goal,20.00,0.00,20.00,4.24,0.00,6.45,4.24,0.00,7.24,DStar
1236,4.04,AgentPrefab,Agent,MoveState,Moving,Goal,20.00,0.00,20.00,4.24,0.00,6.45,4.24,0.00,7.24,DStar
1237,4.05,AgentPrefab,Agent,MoveState,Moving,Goal,20.00,0.00,20.00,4.24,0.00,6.46,4.24,0.00,7.24,DStar
1238,4.05,AgentPrefab,Agent,MoveState,Moving,Goal,20.00,0.00,20.00,4.24,0.00,6.47,4.24,0.00,7.24,DStar
1239,4.05,AgentPrefab,Agent,MoveState,Moving,Goal,20.00,0.00,20.00,4.24,0.00,6.47,4.24,0.00,7.24,DStar
1240,4.05,AgentPrefab,Agent,MoveState,Moving,Goal,20.00,0.00,20.00,4.24,0.00,6.48,4.24,0.00,7.24,DStar
1241,4.06,AgentPrefab,Agent,MoveState,Moving,Goal,20.00,0.00,20.00,4.24,0.00,6.48,4.24,0.00,7.24,DStar
1242,4.06,AgentPrefab,Agent,MoveState,Moving,Goal,20.00,0.00,20.00,4.24,0.00,6.49,4.24,0.00,7.24,DStar
1243,4.06,AgentPrefab,Agent,MoveState,Moving,Goal,20.00,0.00,20.00,4.24,0.00,6.49,4.24,0.00,7.24,DStar
1244,4.06,AgentPrefab,Agent,MoveState,Moving,Goal,20.00,0.00,20.00,4.24,0.00,6.50,4.24,0.00,7.24,DStar
1245,4.07,AgentPrefab,Agent,MoveState,Moving,Goal,20.00,0.00,20.00,4.24,0.00,6.50,4.24,0.00,7.24,DStar
1246,4.07,AgentPrefab,Agent,MoveState,Moving,Goal,20.00,0.00,20.00,4.24,0.00,6.51,4.24,0.00,7.24,DStar
1247,4.07,AgentPrefab,Agent,MoveState,Moving,Goal,20.00,0.00,20.00,4.24,0.00,6.52,4.24,0.00,7.24,DStar
1248,4.08,AgentPrefab,Agent,MoveState,Moving,Goal,20.00,0.00,20.00,4.24,0.00,6.52,4.24,0.00,7.24,DStar
1249,4.08,AgentPrefab,Agent,MoveState,Moving,Goal,20.00,0.00,20.00,4.24,0.00,6.53,4.24,0.00,7.24,DStar
1250,4.08,AgentPrefab,Agent,MoveState,Moving,Goal,20.00,0.00,20.00,4.24,0.00,6.53,4.24,0.00,7.24,DStar
1251,4.08,AgentPrefab,Agent,MoveState,Moving,Goal,20.00,0.00,20.00,4.24,0.00,6.54,4.24,0.00,7.24,DStar
1252,4.09,AgentPrefab,Agent,MoveState,Moving,Goal,20.00,0.00,20.00,4.24,0.00,6.54,4.24,0.00,7.24,DStar
1253,4.09,AgentPrefab,Agent,MoveState,Moving,Goal,20.00,0.00,20.00,4.24,0.00,6.55,4.24,0.00,7.24,DStar
1254,4.09,AgentPrefab,Agent,MoveState,Moving,Goal,20.00,0.00,20.00,4.24,0.00,6.55,4.24,0.00,7.24,DStar
1255,4.09,AgentPrefab,Agent,MoveState,Moving,Goal,20.00,0.00,20.00,4.24,0.00,6.56,4.24,0.00,7.24,DStar
1256,4.10,AgentPrefab,Agent,MoveState,Moving,Goal,20.00,0.00,20.00,4.24,0.00,6.56,4.24,0.00,7.24,DStar
1257,4.10,AgentPrefab,Agent,MoveState,Moving,Goal,20.00,0.00,20.00,4.24,0.00,6.57,4.24,0.00,7.24,DStar
1258,4.10,AgentPrefab,Agent,MoveState,Moving,Goal,20.00,0.00,20.00,4.24,0.00,6.58,4.24,0.00,7.24,DStar
1259,4.11,AgentPrefab,Agent,MoveState,Moving,Goal,20.00,0.00,20.00,4.24,0.00,6.58,4.24,0.00,7.24,DStar
1260,4.11,AgentPrefab,Agent,MoveState,Moving,Goal,20.00,0.00,20.00,4.24,0.00,6.59,4.24,0.00,7.24,DStar
1261,4.11,AgentPrefab,Agent,MoveState,Moving,Goal,20.00,0.00,20.00,4.24,0.00,6.59,4.24,0.00,7.24,DStar
1262,4.11,AgentPrefab,Agent,MoveState,Moving,Goal,20.00,0.00,20.00,4.24,0.00,6.60,4.24,0.00,7.24,DStar
1263,4.12,AgentPrefab,Agent,MoveState,Moving,Goal,20.00,0.00,20.00,4.24,0.00,6.60,4.24,0.00,7.24,DStar
1264,4.12,AgentPrefab,Agent,MoveState,Moving,Goal,20.00,0.00,20.00,4.24,0.00,6.61,4.24,0.00,7.24,DStar
1265,4.12,AgentPrefab,Agent,MoveState,Moving,Goal,20.00,0.00,20.00,4.24,0.00,6.61,4.24,0.00,7.24,DStar
1266,4.12,AgentPrefab,Agent,MoveState,Moving,Goal,20.00,0.00,20.00,4.24,0.00,6.62,4.24,0.00,7.24,DStar
1267,4.13,AgentPrefab,Agent,MoveState,Moving,Goal,20.00,0.00,20.00,4.24,0.00,6.63,4.24,0.00,7.24,DStar
1268,4.13,AgentPrefab,Agent,MoveState,Moving,Goal,20.00,0.00,20.00,4.24,0.00,6.63,4.24,0.00,7.24,DStar
1269,4.13,AgentPrefab,Agent,MoveState,Moving,Goal,20.00,0.00,20.00,4.24,0.00,6.64,4.24,0.00,7.24,DStar
1270,4.14,AgentPrefab,Agent,MoveState,Moving,Goal,20.00,0.00,20.00,4.24,0.00,6.64,4.24,0.00,7.24,DStar
1271,4.14,AgentPrefab,Agent,MoveState,Moving,Goal,20.00,0.00,20.00,4.24,0.00,6.65,4.24,0.00,7.24,DStar
1272,4.14,AgentPrefab,Agent,MoveState,Moving,Goal,20.00,0.00,20.00,4.24,0.00,6.65,4.24,0.00,7.24,DStar
1273,4.14,AgentPrefab,Agent,MoveState,Moving,Goal,20.00,0.00,20.00,4.24,0.00,6.66,4.24,0.00,7.24,DStar
1274,4.15,AgentPrefab,Agent,MoveState,Moving,Goal,20.00,0.00,20.00,4.24,0.00,6.66,4.24,0.00,7.24,DStar
1275,4.15,AgentPrefab,Agent,MoveState,Moving,Goal,20.00,0.00,20.00,4.24,0.00,6.67,4.24,0.00,7.24,DStar
1276,4.15,AgentPrefab,Agent,MoveState,Moving,Goal,20.00,0.00,20.00,4.24,0.00,6.67,4.24,0.00,7.24,DStar
1277,4.15,AgentPrefab,Agent,MoveState,Moving,Goal,20.00,0.00,20.00,4.24,0.00,6.68,4.24,0.00,7.24,DStar
1278,4.16,AgentPrefab,Agent,MoveState,Moving,Goal,20.00,0.00,20.00,4.24,0.00,6.68,4.24,0.00,7.24,DStar
1279,4.16,AgentPrefab,Agent,MoveState,Moving,Goal,20.00,0.00,20.00,4.24,0.00,6.69,4.24,0.00,7.24,DStar
1280,4.16,AgentPrefab,Agent,MoveState,Moving,Goal,20.00,0.00,20.00,4.24,0.00,6.69,4.24,0.00,7.24,DStar
1281,4.16,AgentPrefab,Agent,MoveState,Moving,Goal,20.00,0.00,20.00,4.24,0.00,6.70,4.24,0.00,7.24,DStar
1282,4.17,AgentPrefab,Agent,MoveState,Moving,Goal,20.00,0.00,20.00,4.24,0.00,6.70,4.24,0.00,7.24,DStar
1283,4.17,AgentPrefab,Agent,MoveState,Moving,Goal,20.00,0.00,20.00,4.24,0.00,6.71,4.24,0.00,7.24,DStar
1284,4.17,AgentPrefab,Agent,MoveState,Moving,Goal,20.00,0.00,20.00,4.24,0.00,6.72,4.24,0.00,7.24,DStar
1285,4.18,AgentPrefab,Agent,MoveState,Moving,Goal,20.00,0.00,20.00,4.24,0.00,6.72,4.24,0.00,7.24,DStar
1286,4.18,AgentPrefab,Agent,MoveState,Moving,Goal,20.00,0.00,20.00,4.24,0.00,6.73,4.24,0.00,7.24,DStar
1287,4.18,AgentPrefab,Agent,MoveState,Moving,Goal,20.00,0.00,20.00,4.24,0.00,6.73,4.24,0.00,7.24,DStar
1288,4.18,AgentPrefab,Agent,MoveState,Moving,Goal,20.00,0.00,20.00,4.24,0.00,6.74,4.24,0.00,7.24,DStar
1289,4.19,AgentPrefab,Agent,MoveState,Moving,Goal,20.00,0.00,20.00,4.24,0.00,6.74,4.24,0.00,7.24,DStar
1290,4.19,AgentPrefab,Agent,MoveState,Moving,Goal,20.00,0.00,20.00,4.24,0.00,6.75,4.24,0.00,7.24,DStar
1291,4.19,AgentPrefab,Agent,MoveState,Moving,Goal,20.00,0.00,20.00,4.24,0.00,6.75,4.24,0.00,7.24,DStar
1292,4.19,AgentPrefab,Agent,MoveState,Moving,Goal,20.00,0.00,20.00,4.24,0.00,6.76,4.24,0.00,7.24,DStar
1293,4.20,AgentPrefab,Agent,MoveState,Moving,Goal,20.00,0.00,20.00,4.24,0.00,6.76,4.24,0.00,7.24,DStar
1294,4.20,AgentPrefab,Agent,MoveState,Moving,Goal,20.00,0.00,20.00,4.24,0.00,6.77,4.24,0.00,7.24,DStar
1295,4.20,AgentPrefab,Agent,MoveState,Moving,Goal,20.00,0.00,20.00,4.24,0.00,6.77,4.24,0.00,7.24,DStar
1296,4.20,AgentPrefab,Agent,MoveState,Moving,Goal,20.00,0.00,20.00,4.24,0.00,6.78,4.24,0.00,7.24,DStar
1297,4.21,AgentPrefab,Agent,MoveState,Moving,Goal,20.00,0.00,20.00,4.24,0.00,6.78,4.24,0.00,7.24,DStar
1298,4.21,AgentPrefab,Agent,MoveState,Moving,Goal,20.00,0.00,20.00,4.24,0.00,6.79,4.24,0.00,7.24,DStar
1299,4.21,AgentPrefab,Agent,MoveState,Moving,Goal,20.00,0.00,20.00,4.24,0.00,6.79,4.24,0.00,7.24,DStar
1300,4.21,AgentPrefab,Agent,MoveState,Moving,Goal,20.00,0.00,20.00,4.24,0.00,6.80,4.24,0.00,7.24,DStar
1301,4.22,AgentPrefab,Agent,MoveState,Moving,Goal,20.00,0.00,20.00,4.24,0.00,6.80,4.24,0.00,7.24,DStar
1302,4.22,AgentPrefab,Agent,MoveState,Moving,Goal,20.00,0.00,20.00,4.24,0.00,6.81,4.24,0.00,7.24,DStar
1303,4.22,AgentPrefab,Agent,MoveState,Moving,Goal,20.00,0.00,20.00,4.24,0.00,6.82,4.24,0.00,7.24,DStar
1304,4.22,AgentPrefab,Agent,MoveState,Moving,Goal,20.00,0.00,20.00,4.24,0.00,6.82,4.24,0.00,7.24,DStar
1305,4.23,AgentPrefab,Agent,MoveState,Moving,Goal,20.00,0.00,20.00,4.24,0.00,6.83,4.24,0.00,7.24,DStar
1306,4.23,AgentPrefab,Agent,MoveState,Moving,Goal,20.00,0.00,20.00,4.24,0.00,6.83,4.24,0.00,7.24,DStar
1307,4.24,AgentPrefab,Agent,MoveState,Moving,Goal,20.00,0.00,20.00,4.24,0.00,6.83,4.24,0.00,7.24,DStar
1308,4.24,AgentPrefab,Agent,MoveState,Moving,Goal,20.00,0.00,20.00,4.24,0.00,6.85,4.24,0.00,7.24,DStar
1309,4.24,AgentPrefab,Agent,MoveState,Moving,Goal,20.00,0.00,20.00,4.24,0.00,6.85,4.24,0.00,7.24,DStar
1310,4.24,AgentPrefab,Agent,MoveState,Moving,Goal,20.00,0.00,20.00,4.24,0.00,6.86,4.24,0.00,7.24,DStar
1311,4.25,AgentPrefab,Agent,MoveState,Moving,Goal,20.00,0.00,20.00,4.24,0.00,6.86,4.24,0.00,7.24,DStar
1312,4.25,AgentPrefab,Agent,MoveState,Moving,Goal,20.00,0.00,20.00,4.24,0.00,6.87,4.24,0.00,7.24,DStar
1313,4.25,AgentPrefab,Agent,MoveState,Moving,Goal,20.00,0.00,20.00,4.24,0.00,6.88,4.24,0.00,7.24,DStar
1314,4.26,AgentPrefab,Agent,MoveState,Moving,Goal,20.00,0.00,20.00,4.24,0.00,6.88,4.24,0.00,7.24,DStar
1315,4.26,AgentPrefab,Agent,MoveState,Moving,Goal,20.00,0.00,20.00,4.24,0.00,6.89,4.24,0.00,7.24,DStar
1316,4.26,AgentPrefab,Agent,MoveState,Moving,Goal,20.00,0.00,20.00,4.24,0.00,6.89,4.24,0.00,7.24,DStar
1317,4.26,AgentPrefab,Agent,MoveState,Moving,Goal,20.00,0.00,20.00,4.24,0.00,6.90,4.24,0.00,7.24,DStar
1318,4.27,AgentPrefab,Agent,MoveState,Moving,Goal,20.00,0.00,20.00,4.24,0.00,6.90,4.24,0.00,7.24,DStar
1319,4.27,AgentPrefab,Agent,MoveState,Moving,Goal,20.00,0.00,20.00,4.24,0.00,6.91,4.24,0.00,7.24,DStar
1320,4.27,AgentPrefab,Agent,MoveState,Moving,Goal,20.00,0.00,20.00,4.24,0.00,6.92,4.24,0.00,7.24,DStar
1321,4.27,AgentPrefab,Agent,MoveState,Moving,Goal,20.00,0.00,20.00,4.24,0.00,6.92,4.24,0.00,7.24,DStar
1322,4.28,AgentPrefab,Agent,MoveState,Moving,Goal,20.00,0.00,20.00,4.24,0.00,6.93,4.24,0.00,7.24,DStar
1323,4.28,AgentPrefab,Agent,MoveState,Moving,Goal,20.00,0.00,20.00,4.24,0.00,6.93,4.24,0.00,7.24,DStar
1324,4.28,AgentPrefab,Agent,MoveState,Moving,Goal,20.00,0.00,20.00,4.24,0.00,6.94,4.24,0.00,7.24,DStar
1325,4.29,AgentPrefab,Agent,MoveState,Moving,Goal,20.00,0.00,20.00,4.24,0.00,6.94,4.24,0.00,7.24,DStar
1326,4.29,AgentPrefab,Agent,MoveState,Moving,Goal,20.00,0.00,20.00,4.24,0.00,6.95,4.24,0.00,7.24,DStar
1327,4.29,AgentPrefab,Agent,MoveState,Moving,Goal,20.00,0.00,20.00,4.24,0.00,6.95,4.24,0.00,7.24,DStar
1328,4.29,AgentPrefab,Agent,MoveState,Moving,Goal,20.00,0.00,20.00,4.24,0.00,6.96,4.24,0.00,7.24,DStar
1329,4.30,AgentPrefab,Agent,MoveState,Moving,Goal,20.00,0.00,20.00,4.24,0.00,6.96,4.24,0.00,7.24,DStar
1330,4.30,AgentPrefab,Agent,MoveState,Moving,Goal,20.00,0.00,20.00,4.24,0.00,6.97,4.24,0.00,7.24,DStar
1331,4.30,AgentPrefab,Agent,MoveState,Moving,Goal,20.00,0.00,20.00,4.24,0.00,6.98,4.24,0.00,7.24,DStar
1332,4.31,AgentPrefab,Agent,MoveState,Moving,Goal,20.00,0.00,20.00,4.24,0.00,6.98,4.24,0.00,7.24,DStar
1333,4.31,AgentPrefab,Agent,MoveState,Moving,Goal,20.00,0.00,20.00,4.24,0.00,6.99,4.24,0.00,7.24,DStar
1334,4.31,AgentPrefab,Agent,MoveState,Moving,Goal,20.00,0.00,20.00,4.24,0.00,7.00,4.24,0.00,7.24,DStar
1335,4.32,AgentPrefab,Agent,MoveState,Moving,Goal,20.00,0.00,20.00,4.24,0.00,7.00,4.24,0.00,7.24,DStar
1336,4.32,AgentPrefab,Agent,MoveState,Moving,Goal,20.00,0.00,20.00,4.24,0.00,7.01,4.24,0.00,7.24,DStar
1337,4.32,AgentPrefab,Agent,MoveState,Moving,Goal,20.00,0.00,20.00,4.24,0.00,7.02,4.24,0.00,7.24,DStar
1338,4.33,AgentPrefab,Agent,MoveState,Moving,Goal,20.00,0.00,20.00,4.24,0.00,7.02,4.24,0.00,7.24,DStar
1339,4.33,AgentPrefab,Agent,MoveState,Moving,Goal,20.00,0.00,20.00,4.24,0.00,7.03,4.24,0.00,7.24,DStar
1340,4.33,AgentPrefab,Agent,MoveState,Moving,Goal,20.00,0.00,20.00,4.24,0.00,7.03,4.24,0.00,7.24,DStar
1341,4.33,AgentPrefab,Agent,MoveState,Moving,Goal,20.00,0.00,20.00,4.24,0.00,7.04,4.24,0.00,7.24,DStar
1342,4.34,AgentPrefab,Agent,MoveState,Moving,Goal,20.00,0.00,20.00,4.24,0.00,7.04,4.24,0.00,7.24,DStar
1343,4.34,AgentPrefab,Agent,MoveState,Moving,Goal,20.00,0.00,20.00,4.24,0.00,7.05,4.24,0.00,7.24,DStar
1344,4.34,AgentPrefab,Agent,MoveState,Moving,Goal,20.00,0.00,20.00,4.24,0.00,7.05,4.24,0.00,7.24,DStar
1345,4.35,AgentPrefab,Agent,MoveState,Moving,Goal,20.00,0.00,20.00,4.24,0.00,7.06,4.24,0.00,7.24,DStar
1346,4.35,AgentPrefab,Agent,MoveState,Moving,Goal,20.00,0.00,20.00,4.24,0.00,7.07,4.24,0.00,7.24,DStar
1347,4.35,AgentPrefab,Agent,MoveState,Moving,Goal,20.00,0.00,20.00,4.24,0.00,7.07,4.24,0.00,7.24,DStar
1348,4.35,AgentPrefab,Agent,MoveState,Moving,Goal,20.00,0.00,20.00,4.24,0.00,7.08,4.24,0.00,7.24,DStar
1349,4.36,AgentPrefab,Agent,MoveState,Moving,Goal,20.00,0.00,20.00,4.24,0.00,7.08,4.24,0.00,7.24,DStar
1350,4.36,AgentPrefab,Agent,MoveState,Moving,Goal,20.00,0.00,20.00,4.24,0.00,7.09,4.24,0.00,7.24,DStar
1351,4.36,AgentPrefab,Agent,MoveState,Moving,Goal,20.00,0.00,20.00,4.24,0.00,7.09,4.24,0.00,7.24,DStar
1352,4.36,AgentPrefab,Agent,MoveState,Moving,Goal,20.00,0.00,20.00,4.24,0.00,7.10,4.24,0.00,7.24,DStar
1353,4.37,AgentPrefab,Agent,MoveState,Moving,Goal,20.00,0.00,20.00,4.24,0.00,7.10,4.24,0.00,7.24,DStar
1354,4.37,AgentPrefab,Agent,MoveState,Moving,Goal,20.00,0.00,20.00,4.24,0.00,7.11,4.24,0.00,7.24,DStar
1355,4.37,AgentPrefab,Agent,MoveState,Moving,Goal,20.00,0.00,20.00,4.24,0.00,7.12,4.24,0.00,7.24,DStar
1356,4.38,AgentPrefab,Agent,MoveState,Moving,Goal,20.00,0.00,20.00,4.24,0.00,7.12,4.24,0.00,7.24,DStar
1357,4.38,AgentPrefab,Agent,MoveState,Moving,Goal,20.00,0.00,20.00,4.24,0.00,7.13,4.24,0.00,7.24,DStar
1358,4.38,AgentPrefab,Agent,MoveState,Moving,Goal,20.00,0.00,20.00,4.24,0.00,7.13,4.24,0.00,7.24,DStar
1359,4.39,AgentPrefab,Agent,MoveState,Moving,Goal,20.00,0.00,20.00,4.24,0.00,7.14,4.24,0.00,7.24,DStar
1360,4.39,AgentPrefab,Agent,MoveState,Moving,Goal,20.00,0.00,20.00,4.24,0.00,7.15,4.24,0.00,7.24,DStar
1361,4.39,AgentPrefab,Agent,MoveState,Moving,Goal,20.00,0.00,20.00,4.24,0.00,7.15,4.24,0.00,7.24,DStar
1362,4.40,AgentPrefab,Agent,MoveState,Moving,Goal,20.00,0.00,20.00,4.24,0.00,7.16,4.24,0.00,7.24,DStar
1363,4.40,AgentPrefab,Agent,MoveState,Moving,Goal,20.00,0.00,20.00,4.24,0.00,7.17,4.24,0.00,7.24,DStar
1364,4.40,AgentPrefab,Agent,MoveState,Moving,Goal,20.00,0.00,20.00,4.24,0.00,7.17,4.24,0.00,7.24,DStar
1365,4.40,AgentPrefab,Agent,MoveState,Moving,Goal,20.00,0.00,20.00,4.24,0.00,7.18,4.24,0.00,7.24,DStar
1366,4.41,AgentPrefab,Agent,MoveState,Moving,Goal,20.00,0.00,20.00,4.24,0.00,7.18,4.24,0.00,7.24,DStar
1367,4.41,AgentPrefab,Agent,MoveState,Moving,Goal,20.00,0.00,20.00,4.24,0.00,7.24,5.24,0.00,8.24,DStar
1368,4.41,AgentPrefab,Agent,MoveState,Moving,Goal,20.00,0.00,20.00,4.24,0.00,7.24,5.24,0.00,8.24,DStar
1369,4.42,AgentPrefab,Agent,MoveState,Moving,Goal,20.00,0.00,20.00,4.25,0.00,7.25,5.24,0.00,8.24,DStar
1370,4.42,AgentPrefab,Agent,MoveState,Moving,Goal,20.00,0.00,20.00,4.25,0.00,7.25,5.24,0.00,8.24,DStar
1371,4.42,AgentPrefab,Agent,MoveState,Moving,Goal,20.00,0.00,20.00,4.26,0.00,7.26,5.24,0.00,8.24,DStar
1372,4.43,AgentPrefab,Agent,MoveState,Moving,Goal,20.00,0.00,20.00,4.26,0.00,7.26,5.24,0.00,8.24,DStar
1373,4.43,AgentPrefab,Agent,MoveState,Moving,Goal,20.00,0.00,20.00,4.26,0.00,7.26,5.24,0.00,8.24,DStar
1374,4.43,AgentPrefab,Agent,MoveState,Moving,Goal,20.00,0.00,20.00,4.27,0.00,7.27,5.24,0.00,8.24,DStar
1375,4.44,AgentPrefab,Agent,MoveState,Moving,Goal,20.00,0.00,20.00,4.27,0.00,7.27,5.24,0.00,8.24,DStar
1376,4.44,AgentPrefab,Agent,MoveState,Moving,Goal,20.00,0.00,20.00,4.28,0.00,7.28,5.24,0.00,8.24,DStar
1377,4.45,AgentPrefab,Agent,MoveState,Moving,Goal,20.00,0.00,20.00,4.29,0.00,7.29,5.24,0.00,8.24,DStar
1378,4.45,AgentPrefab,Agent,MoveState,Moving,Goal,20.00,0.00,20.00,4.29,0.00,7.29,5.24,0.00,8.24,DStar
1379,4.46,AgentPrefab,Agent,MoveState,Moving,Goal,20.00,0.00,20.00,4.30,0.00,7.30,5.24,0.00,8.24,DStar
1380,4.46,AgentPrefab,Agent,MoveState,Moving,Goal,20.00,0.00,20.00,4.31,0.00,7.31,5.24,0.00,8.24,DStar
1381,4.46,AgentPrefab,Agent,MoveState,Moving,Goal,20.00,0.00,20.00,4.31,0.00,7.31,5.24,0.00,8.24,DStar
1382,4.47,AgentPrefab,Agent,MoveState,Moving,Goal,20.00,0.00,20.00,4.32,0.00,7.32,5.24,0.00,8.24,DStar
1383,4.47,AgentPrefab,Agent,MoveState,Moving,Goal,20.00,0.00,20.00,4.32,0.00,7.32,5.24,0.00,8.24,DStar
1384,4.47,AgentPrefab,Agent,MoveState,Moving,Goal,20.00,0.00,20.00,4.33,0.00,7.33,5.24,0.00,8.24,DStar
1385,4.48,AgentPrefab,Agent,MoveState,Moving,Goal,20.00,0.00,20.00,4.33,0.00,7.33,5.24,0.00,8.24,DStar
1386,4.48,AgentPrefab,Agent,MoveState,Moving,Goal,20.00,0.00,20.00,4.34,0.00,7.34,5.24,0.00,8.24,DStar
1387,4.48,AgentPrefab,Agent,MoveState,Moving,Goal,20.00,0.00,20.00,4.34,0.00,7.34,5.24,0.00,8.24,DStar
1388,4.49,AgentPrefab,Agent,MoveState,Moving,Goal,20.00,0.00,20.00,4.34,0.00,7.34,5.24,0.00,8.24,DStar
1389,4.49,AgentPrefab,Agent,MoveState,Moving,Goal,20.00,0.00,20.00,4.35,0.00,7.35,5.24,0.00,8.24,DStar
1390,4.49,AgentPrefab,Agent,MoveState,Moving,Goal,20.00,0.00,20.00,4.36,0.00,7.36,5.24,0.00,8.24,DStar
1391,4.50,AgentPrefab,Agent,MoveState,Moving,Goal,20.00,0.00,20.00,4.36,0.00,7.36,5.24,0.00,8.24,DStar
1392,4.50,AgentPrefab,Agent,MoveState,Moving,Goal,20.00,0.00,20.00,4.37,0.00,7.37,5.24,0.00,8.24,DStar
1393,4.51,AgentPrefab,Agent,MoveState,Moving,Goal,20.00,0.00,20.00,4.37,0.00,7.37,5.24,0.00,8.24,DStar
1394,4.51,AgentPrefab,Agent,MoveState,Moving,Goal,20.00,0.00,20.00,4.38,0.00,7.38,5.24,0.00,8.24,DStar
1395,4.51,AgentPrefab,Agent,MoveState,Moving,Goal,20.00,0.00,20.00,4.38,0.00,7.38,5.24,0.00,8.24,DStar
1396,4.51,AgentPrefab,Agent,MoveState,Moving,Goal,20.00,0.00,20.00,4.39,0.00,7.39,5.24,0.00,8.24,DStar
1397,4.52,AgentPrefab,Agent,MoveState,Moving,Goal,20.00,0.00,20.00,4.39,0.00,7.39,5.24,0.00,8.24,DStar
1398,4.52,AgentPrefab,Agent,MoveState,Moving,Goal,20.00,0.00,20.00,4.39,0.00,7.39,5.24,0.00,8.24,DStar
1399,4.52,AgentPrefab,Agent,MoveState,Moving,Goal,20.00,0.00,20.00,4.40,0.00,7.40,5.24,0.00,8.24,DStar
1400,4.53,AgentPrefab,Agent,MoveState,Moving,Goal,20.00,0.00,20.00,4.40,0.00,7.40,5.24,0.00,8.24,DStar
1401,4.53,AgentPrefab,Agent,MoveState,Moving,Goal,20.00,0.00,20.00,4.41,0.00,7.41,5.24,0.00,8.24,DStar
1402,4.53,AgentPrefab,Agent,MoveState,Moving,Goal,20.00,0.00,20.00,4.41,0.00,7.41,5.24,0.00,8.24,DStar
1403,4.53,AgentPrefab,Agent,MoveState,Moving,Goal,20.00,0.00,20.00,4.41,0.00,7.41,5.24,0.00,8.24,DStar
1404,4.54,AgentPrefab,Agent,MoveState,Moving,Goal,20.00,0.00,20.00,4.42,0.00,7.42,5.24,0.00,8.24,DStar
1405,4.54,AgentPrefab,Agent,MoveState,Moving,Goal,20.00,0.00,20.00,4.42,0.00,7.42,5.24,0.00,8.24,DStar
1406,4.54,AgentPrefab,Agent,MoveState,Moving,Goal,20.00,0.00,20.00,4.43,0.00,7.43,5.24,0.00,8.24,DStar
1407,4.55,AgentPrefab,Agent,MoveState,Moving,Goal,20.00,0.00,20.00,4.43,0.00,7.43,5.24,0.00,8.24,DStar
1408,4.55,AgentPrefab,Agent,MoveState,Moving,Goal,20.00,0.00,20.00,4.43,0.00,7.43,5.24,0.00,8.24,DStar
1409,4.55,AgentPrefab,Agent,MoveState,Moving,Goal,20.00,0.00,20.00,4.44,0.00,7.44,5.24,0.00,8.24,DStar
1410,4.55,AgentPrefab,Agent,MoveState,Moving,Goal,20.00,0.00,20.00,4.44,0.00,7.44,5.24,0.00,8.24,DStar
1411,4.56,AgentPrefab,Agent,MoveState,Moving,Goal,20.00,0.00,20.00,4.44,0.00,7.44,5.24,0.00,8.24,DStar
1412,4.56,AgentPrefab,Agent,MoveState,Moving,Goal,20.00,0.00,20.00,4.45,0.00,7.45,5.24,0.00,8.24,DStar
1413,4.56,AgentPrefab,Agent,MoveState,Moving,Goal,20.00,0.00,20.00,4.45,0.00,7.45,5.24,0.00,8.24,DStar
1414,4.56,AgentPrefab,Agent,MoveState,Moving,Goal,20.00,0.00,20.00,4.46,0.00,7.46,5.24,0.00,8.24,DStar
1415,4.57,AgentPrefab,Agent,MoveState,Moving,Goal,20.00,0.00,20.00,4.46,0.00,7.46,5.24,0.00,8.24,DStar
1416,4.57,AgentPrefab,Agent,MoveState,Moving,Goal,20.00,0.00,20.00,4.46,0.00,7.46,5.24,0.00,8.24,DStar
1417,4.57,AgentPrefab,Agent,MoveState,Moving,Goal,20.00,0.00,20.00,4.47,0.00,7.47,5.24,0.00,8.24,DStar
1418,4.57,AgentPrefab,Agent,MoveState,Moving,Goal,20.00,0.00,20.00,4.47,0.00,7.47,5.24,0.00,8.24,DStar
1419,4.58,AgentPrefab,Agent,MoveState,Moving,Goal,20.00,0.00,20.00,4.47,0.00,7.47,5.24,0.00,8.24,DStar
1420,4.58,AgentPrefab,Agent,MoveState,Moving,Goal,20.00,0.00,20.00,4.48,0.00,7.48,5.24,0.00,8.24,DStar
1421,4.58,AgentPrefab,Agent,MoveState,Moving,Goal,20.00,0.00,20.00,4.48,0.00,7.48,5.24,0.00,8.24,DStar
1422,4.58,AgentPrefab,Agent,MoveState,Moving,Goal,20.00,0.00,20.00,4.48,0.00,7.48,5.24,0.00,8.24,DStar
1423,4.59,AgentPrefab,Agent,MoveState,Moving,Goal,20.00,0.00,20.00,4.49,0.00,7.49,5.24,0.00,8.24,DStar
1424,4.59,AgentPrefab,Agent,MoveState,Moving,Goal,20.00,0.00,20.00,4.49,0.00,7.49,5.24,0.00,8.24,DStar
1425,4.59,AgentPrefab,Agent,MoveState,Moving,Goal,20.00,0.00,20.00,4.50,0.00,7.50,5.24,0.00,8.24,DStar
1426,4.59,AgentPrefab,Agent,MoveState,Moving,Goal,20.00,0.00,20.00,4.50,0.00,7.50,5.24,0.00,8.24,DStar
1427,4.60,AgentPrefab,Agent,MoveState,Moving,Goal,20.00,0.00,20.00,4.50,0.00,7.50,5.24,0.00,8.24,DStar
1428,4.60,AgentPrefab,Agent,MoveState,Moving,Goal,20.00,0.00,20.00,4.51,0.00,7.51,5.24,0.00,8.24,DStar
1429,4.60,AgentPrefab,Agent,MoveState,Moving,Goal,20.00,0.00,20.00,4.51,0.00,7.51,5.24,0.00,8.24,DStar
1430,4.61,AgentPrefab,Agent,MoveState,Moving,Goal,20.00,0.00,20.00,4.52,0.00,7.52,5.24,0.00,8.24,DStar
1431,4.61,AgentPrefab,Agent,MoveState,Moving,Goal,20.00,0.00,20.00,4.52,0.00,7.52,5.24,0.00,8.24,DStar
1432,4.61,AgentPrefab,Agent,MoveState,Moving,Goal,20.00,0.00,20.00,4.52,0.00,7.52,5.24,0.00,8.24,DStar
1433,4.61,AgentPrefab,Agent,MoveState,Moving,Goal,20.00,0.00,20.00,4.53,0.00,7.53,5.24,0.00,8.24,DStar
1434,4.62,AgentPrefab,Agent,MoveState,Moving,Goal,20.00,0.00,20.00,4.53,0.00,7.53,5.24,0.00,8.24,DStar
1435,4.62,AgentPrefab,Agent,MoveState,Moving,Goal,20.00,0.00,20.00,4.53,0.00,7.53,5.24,0.00,8.24,DStar
1436,4.62,AgentPrefab,Agent,MoveState,Moving,Goal,20.00,0.00,20.00,4.54,0.00,7.54,5.24,0.00,8.24,DStar
1437,4.62,AgentPrefab,Agent,MoveState,Moving,Goal,20.00,0.00,20.00,4.54,0.00,7.54,5.24,0.00,8.24,DStar
1438,4.63,AgentPrefab,Agent,MoveState,Moving,Goal,20.00,0.00,20.00,4.55,0.00,7.55,5.24,0.00,8.24,DStar
1439,4.63,AgentPrefab,Agent,MoveState,Moving,Goal,20.00,0.00,20.00,4.55,0.00,7.55,5.24,0.00,8.24,DStar
1440,4.63,AgentPrefab,Agent,MoveState,Moving,Goal,20.00,0.00,20.00,4.55,0.00,7.55,5.24,0.00,8.24,DStar
1441,4.64,AgentPrefab,Agent,MoveState,Moving,Goal,20.00,0.00,20.00,4.56,0.00,7.56,5.24,0.00,8.24,DStar
1442,4.64,AgentPrefab,Agent,MoveState,Moving,Goal,20.00,0.00,20.00,4.56,0.00,7.56,5.24,0.00,8.24,DStar
1443,4.64,AgentPrefab,Agent,MoveState,Moving,Goal,20.00,0.00,20.00,4.57,0.00,7.57,5.24,0.00,8.24,DStar
1444,4.65,AgentPrefab,Agent,MoveState,Moving,Goal,20.00,0.00,20.00,4.57,0.00,7.57,5.24,0.00,8.24,DStar
1445,4.65,AgentPrefab,Agent,MoveState,Moving,Goal,20.00,0.00,20.00,4.58,0.00,7.58,5.24,0.00,8.24,DStar
1446,4.65,AgentPrefab,Agent,MoveState,Moving,Goal,20.00,0.00,20.00,4.58,0.00,7.58,5.24,0.00,8.24,DStar
1447,4.65,AgentPrefab,Agent,MoveState,Moving,Goal,20.00,0.00,20.00,4.58,0.00,7.58,5.24,0.00,8.24,DStar
1448,4.66,AgentPrefab,Agent,MoveState,Moving,Goal,20.00,0.00,20.00,4.59,0.00,7.59,5.24,0.00,8.24,DStar
1449,4.66,AgentPrefab,Agent,MoveState,Moving,Goal,20.00,0.00,20.00,4.59,0.00,7.59,5.24,0.00,8.24,DStar
1450,4.66,AgentPrefab,Agent,MoveState,Moving,Goal,20.00,0.00,20.00,4.59,0.00,7.59,5.24,0.00,8.24,DStar
1451,4.66,AgentPrefab,Agent,MoveState,Moving,Goal,20.00,0.00,20.00,4.60,0.00,7.60,5.24,0.00,8.24,DStar
1452,4.67,AgentPrefab,Agent,MoveState,Moving,Goal,20.00,0.00,20.00,4.60,0.00,7.60,5.24,0.00,8.24,DStar
1453,4.67,AgentPrefab,Agent,MoveState,Moving,Goal,20.00,0.00,20.00,4.61,0.00,7.61,5.24,0.00,8.24,DStar
1454,4.67,AgentPrefab,Agent,MoveState,Moving,Goal,20.00,0.00,20.00,4.61,0.00,7.61,5.24,0.00,8.24,DStar
1455,4.68,AgentPrefab,Agent,MoveState,Moving,Goal,20.00,0.00,20.00,4.61,0.00,7.61,5.24,0.00,8.24,DStar
1456,4.68,AgentPrefab,Agent,MoveState,Moving,Goal,20.00,0.00,20.00,4.62,0.00,7.62,5.24,0.00,8.24,DStar
1457,4.68,AgentPrefab,Agent,MoveState,Moving,Goal,20.00,0.00,20.00,4.62,0.00,7.62,5.24,0.00,8.24,DStar
1458,4.69,AgentPrefab,Agent,MoveState,Moving,Goal,20.00,0.00,20.00,4.63,0.00,7.63,5.24,0.00,8.24,DStar
1459,4.69,AgentPrefab,Agent,MoveState,Moving,Goal,20.00,0.00,20.00,4.63,0.00,7.63,5.24,0.00,8.24,DStar
1460,4.69,AgentPrefab,Agent,MoveState,Moving,Goal,20.00,0.00,20.00,4.64,0.00,7.64,5.24,0.00,8.24,DStar
1461,4.69,AgentPrefab,Agent,MoveState,Moving,Goal,20.00,0.00,20.00,4.64,0.00,7.64,5.24,0.00,8.24,DStar
1462,4.70,AgentPrefab,Agent,MoveState,Moving,Goal,20.00,0.00,20.00,4.64,0.00,7.64,5.24,0.00,8.24,DStar
1463,4.70,AgentPrefab,Agent,MoveState,Moving,Goal,20.00,0.00,20.00,4.65,0.00,7.65,5.24,0.00,8.24,DStar
1464,4.70,AgentPrefab,Agent,MoveState,Moving,Goal,20.00,0.00,20.00,4.65,0.00,7.65,5.24,0.00,8.24,DStar
1465,4.70,AgentPrefab,Agent,MoveState,Moving,Goal,20.00,0.00,20.00,4.65,0.00,7.65,5.24,0.00,8.24,DStar
1466,4.71,AgentPrefab,Agent,MoveState,Moving,Goal,20.00,0.00,20.00,4.66,0.00,7.66,5.24,0.00,8.24,DStar
1467,4.71,AgentPrefab,Agent,MoveState,Moving,Goal,20.00,0.00,20.00,4.66,0.00,7.66,5.24,0.00,8.24,DStar
1468,4.71,AgentPrefab,Agent,MoveState,Moving,Goal,20.00,0.00,20.00,4.67,0.00,7.67,5.24,0.00,8.24,DStar
1469,4.71,AgentPrefab,Agent,MoveState,Moving,Goal,20.00,0.00,20.00,4.67,0.00,7.67,5.24,0.00,8.24,DStar
1470,4.72,AgentPrefab,Agent,MoveState,Moving,Goal,20.00,0.00,20.00,4.67,0.00,7.67,5.24,0.00,8.24,DStar
1471,4.72,AgentPrefab,Agent,MoveState,Moving,Goal,20.00,0.00,20.00,4.68,0.00,7.68,5.24,0.00,8.24,DStar
1472,4.72,AgentPrefab,Agent,MoveState,Moving,Goal,20.00,0.00,20.00,4.68,0.00,7.68,5.24,0.00,8.24,DStar
1473,4.72,AgentPrefab,Agent,MoveState,Moving,Goal,20.00,0.00,20.00,4.68,0.00,7.68,5.24,0.00,8.24,DStar
1474,4.73,AgentPrefab,Agent,MoveState,Moving,Goal,20.00,0.00,20.00,4.69,0.00,7.69,5.24,0.00,8.24,DStar
1475,4.73,AgentPrefab,Agent,MoveState,Moving,Goal,20.00,0.00,20.00,4.69,0.00,7.69,5.24,0.00,8.24,DStar
1476,4.73,AgentPrefab,Agent,MoveState,Moving,Goal,20.00,0.00,20.00,4.70,0.00,7.70,5.24,0.00,8.24,DStar
1477,4.74,AgentPrefab,Agent,MoveState,Moving,Goal,20.00,0.00,20.00,4.70,0.00,7.70,5.24,0.00,8.24,DStar
1478,4.74,AgentPrefab,Agent,MoveState,Moving,Goal,20.00,0.00,20.00,4.70,0.00,7.70,5.24,0.00,8.24,DStar
1479,4.74,AgentPrefab,Agent,MoveState,Moving,Goal,20.00,0.00,20.00,4.71,0.00,7.71,5.24,0.00,8.24,DStar
1480,4.74,AgentPrefab,Agent,MoveState,Moving,Goal,20.00,0.00,20.00,4.71,0.00,7.71,5.24,0.00,8.24,DStar
1481,4.75,AgentPrefab,Agent,MoveState,Moving,Goal,20.00,0.00,20.00,4.71,0.00,7.71,5.24,0.00,8.24,DStar
1482,4.75,AgentPrefab,Agent,MoveState,Moving,Goal,20.00,0.00,20.00,4.72,0.00,7.72,5.24,0.00,8.24,DStar
1483,4.75,AgentPrefab,Agent,MoveState,Moving,Goal,20.00,0.00,20.00,4.72,0.00,7.72,5.24,0.00,8.24,DStar
1484,4.75,AgentPrefab,Agent,MoveState,Moving,Goal,20.00,0.00,20.00,4.73,0.00,7.73,5.24,0.00,8.24,DStar
1485,4.76,AgentPrefab,Agent,MoveState,Moving,Goal,20.00,0.00,20.00,4.73,0.00,7.73,5.24,0.00,8.24,DStar
1486,4.76,AgentPrefab,Agent,MoveState,Moving,Goal,20.00,0.00,20.00,4.73,0.00,7.73,5.24,0.00,8.24,DStar
1487,4.76,AgentPrefab,Agent,MoveState,Moving,Goal,20.00,0.00,20.00,4.74,0.00,7.74,5.24,0.00,8.24,DStar
1488,4.77,AgentPrefab,Agent,MoveState,Moving,Goal,20.00,0.00,20.00,4.74,0.00,7.74,5.24,0.00,8.24,DStar
1489,4.77,AgentPrefab,Agent,MoveState,Moving,Goal,20.00,0.00,20.00,4.74,0.00,7.74,5.24,0.00,8.24,DStar
1490,4.77,AgentPrefab,Agent,MoveState,Moving,Goal,20.00,0.00,20.00,4.75,0.00,7.75,5.24,0.00,8.24,DStar
1491,4.77,AgentPrefab,Agent,MoveState,Moving,Goal,20.00,0.00,20.00,4.75,0.00,7.75,5.24,0.00,8.24,DStar
1492,4.78,AgentPrefab,Agent,MoveState,Moving,Goal,20.00,0.00,20.00,4.76,0.00,7.76,5.24,0.00,8.24,DStar
1493,4.78,AgentPrefab,Agent,MoveState,Moving,Goal,20.00,0.00,20.00,4.76,0.00,7.76,5.24,0.00,8.24,DStar
1494,4.78,AgentPrefab,Agent,MoveState,Moving,Goal,20.00,0.00,20.00,4.76,0.00,7.76,5.24,0.00,8.24,DStar
1495,4.78,AgentPrefab,Agent,MoveState,Moving,Goal,20.00,0.00,20.00,4.77,0.00,7.77,5.24,0.00,8.24,DStar
1496,4.79,AgentPrefab,Agent,MoveState,Moving,Goal,20.00,0.00,20.00,4.77,0.00,7.77,5.24,0.00,8.24,DStar
1497,4.79,AgentPrefab,Agent,MoveState,Moving,Goal,20.00,0.00,20.00,4.77,0.00,7.77,5.24,0.00,8.24,DStar
1498,4.79,AgentPrefab,Agent,MoveState,Moving,Goal,20.00,0.00,20.00,4.78,0.00,7.78,5.24,0.00,8.24,DStar
1499,4.79,AgentPrefab,Agent,MoveState,Moving,Goal,20.00,0.00,20.00,4.78,0.00,7.78,5.24,0.00,8.24,DStar
1500,4.80,AgentPrefab,Agent,MoveState,Moving,Goal,20.00,0.00,20.00,4.79,0.00,7.79,5.24,0.00,8.24,DStar
1501,4.80,AgentPrefab,Agent,MoveState,Moving,Goal,20.00,0.00,20.00,4.79,0.00,7.79,5.24,0.00,8.24,DStar
1502,4.80,AgentPrefab,Agent,MoveState,Moving,Goal,20.00,0.00,20.00,4.79,0.00,7.79,5.24,0.00,8.24,DStar
1503,4.80,AgentPrefab,Agent,MoveState,Moving,Goal,20.00,0.00,20.00,4.80,0.00,7.80,5.24,0.00,8.24,DStar
1504,4.81,AgentPrefab,Agent,MoveState,Moving,Goal,20.00,0.00,20.00,4.80,0.00,7.80,5.24,0.00,8.24,DStar
1505,4.81,AgentPrefab,Agent,MoveState,Moving,Goal,20.00,0.00,20.00,4.80,0.00,7.80,5.24,0.00,8.24,DStar
1506,4.81,AgentPrefab,Agent,MoveState,Moving,Goal,20.00,0.00,20.00,4.81,0.00,7.81,5.24,0.00,8.24,DStar
1507,4.81,AgentPrefab,Agent,MoveState,Moving,Goal,20.00,0.00,20.00,4.81,0.00,7.81,5.24,0.00,8.24,DStar
1508,4.82,AgentPrefab,Agent,MoveState,Moving,Goal,20.00,0.00,20.00,4.81,0.00,7.81,5.24,0.00,8.24,DStar
1509,4.82,AgentPrefab,Agent,MoveState,Moving,Goal,20.00,0.00,20.00,4.82,0.00,7.82,5.24,0.00,8.24,DStar
1510,4.82,AgentPrefab,Agent,MoveState,Moving,Goal,20.00,0.00,20.00,4.82,0.00,7.82,5.24,0.00,8.24,DStar
1511,4.83,AgentPrefab,Agent,MoveState,Moving,Goal,20.00,0.00,20.00,4.83,0.00,7.83,5.24,0.00,8.24,DStar
1512,4.83,AgentPrefab,Agent,MoveState,Moving,Goal,20.00,0.00,20.00,4.83,0.00,7.83,5.24,0.00,8.24,DStar
1513,4.83,AgentPrefab,Agent,MoveState,Moving,Goal,20.00,0.00,20.00,4.83,0.00,7.83,5.24,0.00,8.24,DStar
1514,4.83,AgentPrefab,Agent,MoveState,Moving,Goal,20.00,0.00,20.00,4.84,0.00,7.84,5.24,0.00,8.24,DStar
1515,4.84,AgentPrefab,Agent,MoveState,Moving,Goal,20.00,0.00,20.00,4.84,0.00,7.84,5.24,0.00,8.24,DStar
1516,4.84,AgentPrefab,Agent,MoveState,Moving,Goal,20.00,0.00,20.00,4.85,0.00,7.85,5.24,0.00,8.24,DStar
1517,4.84,AgentPrefab,Agent,MoveState,Moving,Goal,20.00,0.00,20.00,4.85,0.00,7.85,5.24,0.00,8.24,DStar
1518,4.85,AgentPrefab,Agent,MoveState,Moving,Goal,20.00,0.00,20.00,4.85,0.00,7.85,5.24,0.00,8.24,DStar
1519,4.85,AgentPrefab,Agent,MoveState,Moving,Goal,20.00,0.00,20.00,4.86,0.00,7.86,5.24,0.00,8.24,DStar
1520,4.85,AgentPrefab,Agent,MoveState,Moving,Goal,20.00,0.00,20.00,4.86,0.00,7.86,5.24,0.00,8.24,DStar
1521,4.85,AgentPrefab,Agent,MoveState,Moving,Goal,20.00,0.00,20.00,4.87,0.00,7.87,5.24,0.00,8.24,DStar
1522,4.86,AgentPrefab,Agent,MoveState,Moving,Goal,20.00,0.00,20.00,4.87,0.00,7.87,5.24,0.00,8.24,DStar
1523,4.86,AgentPrefab,Agent,MoveState,Moving,Goal,20.00,0.00,20.00,4.87,0.00,7.87,5.24,0.00,8.24,DStar
1524,4.86,AgentPrefab,Agent,MoveState,Moving,Goal,20.00,0.00,20.00,4.88,0.00,7.88,5.24,0.00,8.24,DStar
1525,4.86,AgentPrefab,Agent,MoveState,Moving,Goal,20.00,0.00,20.00,4.88,0.00,7.88,5.24,0.00,8.24,DStar
1526,4.87,AgentPrefab,Agent,MoveState,Moving,Goal,20.00,0.00,20.00,4.88,0.00,7.88,5.24,0.00,8.24,DStar
1527,4.87,AgentPrefab,Agent,MoveState,Moving,Goal,20.00,0.00,20.00,4.89,0.00,7.89,5.24,0.00,8.24,DStar
1528,4.87,AgentPrefab,Agent,MoveState,Moving,Goal,20.00,0.00,20.00,4.89,0.00,7.89,5.24,0.00,8.24,DStar
1529,4.88,AgentPrefab,Agent,MoveState,Moving,Goal,20.00,0.00,20.00,4.90,0.00,7.90,5.24,0.00,8.24,DStar
1530,4.88,AgentPrefab,Agent,MoveState,Moving,Goal,20.00,0.00,20.00,4.90,0.00,7.90,5.24,0.00,8.24,DStar
1531,4.88,AgentPrefab,Agent,MoveState,Moving,Goal,20.00,0.00,20.00,4.91,0.00,7.91,5.24,0.00,8.24,DStar
1532,4.88,AgentPrefab,Agent,MoveState,Moving,Goal,20.00,0.00,20.00,4.91,0.00,7.91,5.24,0.00,8.24,DStar
1533,4.89,AgentPrefab,Agent,MoveState,Moving,Goal,20.00,0.00,20.00,4.91,0.00,7.91,5.24,0.00,8.24,DStar
1534,4.89,AgentPrefab,Agent,MoveState,Moving,Goal,20.00,0.00,20.00,4.92,0.00,7.92,5.24,0.00,8.24,DStar
1535,4.89,AgentPrefab,Agent,MoveState,Moving,Goal,20.00,0.00,20.00,4.92,0.00,7.92,5.24,0.00,8.24,DStar
1536,4.89,AgentPrefab,Agent,MoveState,Moving,Goal,20.00,0.00,20.00,4.92,0.00,7.92,5.24,0.00,8.24,DStar
1537,4.90,AgentPrefab,Agent,MoveState,Moving,Goal,20.00,0.00,20.00,4.93,0.00,7.93,5.24,0.00,8.24,DStar
1538,4.90,AgentPrefab,Agent,MoveState,Moving,Goal,20.00,0.00,20.00,4.93,0.00,7.93,5.24,0.00,8.24,DStar
1539,4.90,AgentPrefab,Agent,MoveState,Moving,Goal,20.00,0.00,20.00,4.94,0.00,7.94,5.24,0.00,8.24,DStar
1540,4.91,AgentPrefab,Agent,MoveState,Moving,Goal,20.00,0.00,20.00,4.94,0.00,7.94,5.24,0.00,8.24,DStar
1541,4.91,AgentPrefab,Agent,MoveState,Moving,Goal,20.00,0.00,20.00,4.94,0.00,7.94,5.24,0.00,8.24,DStar
1542,4.91,AgentPrefab,Agent,MoveState,Moving,Goal,20.00,0.00,20.00,4.95,0.00,7.95,5.24,0.00,8.24,DStar
1543,4.91,AgentPrefab,Agent,MoveState,Moving,Goal,20.00,0.00,20.00,4.95,0.00,7.95,5.24,0.00,8.24,DStar
1544,4.92,AgentPrefab,Agent,MoveState,Moving,Goal,20.00,0.00,20.00,4.95,0.00,7.95,5.24,0.00,8.24,DStar
1545,4.92,AgentPrefab,Agent,MoveState,Moving,Goal,20.00,0.00,20.00,4.96,0.00,7.96,5.24,0.00,8.24,DStar
1546,4.92,AgentPrefab,Agent,MoveState,Moving,Goal,20.00,0.00,20.00,4.96,0.00,7.96,5.24,0.00,8.24,DStar
1547,4.92,AgentPrefab,Agent,MoveState,Moving,Goal,20.00,0.00,20.00,4.97,0.00,7.97,5.24,0.00,8.24,DStar
1548,4.93,AgentPrefab,Agent,MoveState,Moving,Goal,20.00,0.00,20.00,4.97,0.00,7.97,5.24,0.00,8.24,DStar
1549,4.93,AgentPrefab,Agent,MoveState,Moving,Goal,20.00,0.00,20.00,4.97,0.00,7.97,5.24,0.00,8.24,DStar
1550,4.93,AgentPrefab,Agent,MoveState,Moving,Goal,20.00,0.00,20.00,4.98,0.00,7.98,5.24,0.00,8.24,DStar
1551,4.93,AgentPrefab,Agent,MoveState,Moving,Goal,20.00,0.00,20.00,4.98,0.00,7.98,5.24,0.00,8.24,DStar
1552,4.94,AgentPrefab,Agent,MoveState,Moving,Goal,20.00,0.00,20.00,4.98,0.00,7.98,5.24,0.00,8.24,DStar
1553,4.94,AgentPrefab,Agent,MoveState,Moving,Goal,20.00,0.00,20.00,4.99,0.00,7.99,5.24,0.00,8.24,DStar
1554,4.94,AgentPrefab,Agent,MoveState,Moving,Goal,20.00,0.00,20.00,4.99,0.00,7.99,5.24,0.00,8.24,DStar
1555,4.94,AgentPrefab,Agent,MoveState,Moving,Goal,20.00,0.00,20.00,4.99,0.00,7.99,5.24,0.00,8.24,DStar
1556,4.95,AgentPrefab,Agent,MoveState,Moving,Goal,20.00,0.00,20.00,5.00,0.00,8.00,5.24,0.00,8.24,DStar
1557,4.95,AgentPrefab,Agent,MoveState,Moving,Goal,20.00,0.00,20.00,5.00,0.00,8.00,5.24,0.00,8.24,DStar
1558,4.95,AgentPrefab,Agent,MoveState,Moving,Goal,20.00,0.00,20.00,5.00,0.00,8.00,5.24,0.00,8.24,DStar
1559,4.96,AgentPrefab,Agent,MoveState,Moving,Goal,20.00,0.00,20.00,5.01,0.00,8.01,5.24,0.00,8.24,DStar
1560,4.96,AgentPrefab,Agent,MoveState,Moving,Goal,20.00,0.00,20.00,5.01,0.00,8.01,5.24,0.00,8.24,DStar
1561,4.96,AgentPrefab,Agent,MoveState,Moving,Goal,20.00,0.00,20.00,5.02,0.00,8.02,5.24,0.00,8.24,DStar
1562,4.96,AgentPrefab,Agent,MoveState,Moving,Goal,20.00,0.00,20.00,5.02,0.00,8.02,5.24,0.00,8.24,DStar
1563,4.97,AgentPrefab,Agent,MoveState,Moving,Goal,20.00,0.00,20.00,5.02,0.00,8.02,5.24,0.00,8.24,DStar
1564,4.97,AgentPrefab,Agent,MoveState,Moving,Goal,20.00,0.00,20.00,5.03,0.00,8.03,5.24,0.00,8.24,DStar
1565,4.97,AgentPrefab,Agent,MoveState,Moving,Goal,20.00,0.00,20.00,5.03,0.00,8.03,5.24,0.00,8.24,DStar
1566,4.97,AgentPrefab,Agent,MoveState,Moving,Goal,20.00,0.00,20.00,5.04,0.00,8.04,5.24,0.00,8.24,DStar
1567,4.98,AgentPrefab,Agent,MoveState,Moving,Goal,20.00,0.00,20.00,5.04,0.00,8.04,5.24,0.00,8.24,DStar
1568,4.98,AgentPrefab,Agent,MoveState,Moving,Goal,20.00,0.00,20.00,5.04,0.00,8.04,5.24,0.00,8.24,DStar
1569,4.98,AgentPrefab,Agent,MoveState,Moving,Goal,20.00,0.00,20.00,5.05,0.00,8.05,5.24,0.00,8.24,DStar
1570,4.99,AgentPrefab,Agent,MoveState,Moving,Goal,20.00,0.00,20.00,5.05,0.00,8.05,5.24,0.00,8.24,DStar
1571,4.99,AgentPrefab,Agent,MoveState,Moving,Goal,20.00,0.00,20.00,5.06,0.00,8.06,5.24,0.00,8.24,DStar
1572,4.99,AgentPrefab,Agent,MoveState,Moving,Goal,20.00,0.00,20.00,5.06,0.00,8.06,5.24,0.00,8.24,DStar
1573,4.99,AgentPrefab,Agent,MoveState,Moving,Goal,20.00,0.00,20.00,5.06,0.00,8.06,5.24,0.00,8.24,DStar
1574,5.00,AgentPrefab,Agent,MoveState,Moving,Goal,20.00,0.00,20.00,5.07,0.00,8.07,5.24,0.00,8.24,DStar
1575,5.00,AgentPrefab,Agent,MoveState,Moving,Goal,20.00,0.00,20.00,5.07,0.00,8.07,5.24,0.00,8.24,DStar
1576,5.00,AgentPrefab,Agent,MoveState,Moving,Goal,20.00,0.00,20.00,5.07,0.00,8.07,5.24,0.00,8.24,DStar
1577,5.00,AgentPrefab,Agent,MoveState,Moving,Goal,20.00,0.00,20.00,5.08,0.00,8.08,5.24,0.00,8.24,DStar
1578,5.01,AgentPrefab,Agent,MoveState,Moving,Goal,20.00,0.00,20.00,5.08,0.00,8.08,5.24,0.00,8.24,DStar
1579,5.01,AgentPrefab,Agent,MoveState,Moving,Goal,20.00,0.00,20.00,5.09,0.00,8.09,5.24,0.00,8.24,DStar
1580,5.01,AgentPrefab,Agent,MoveState,Moving,Goal,20.00,0.00,20.00,5.09,0.00,8.09,5.24,0.00,8.24,DStar
1581,5.02,AgentPrefab,Agent,MoveState,Moving,Goal,20.00,0.00,20.00,5.09,0.00,8.09,5.24,0.00,8.24,DStar
1582,5.02,AgentPrefab,Agent,MoveState,Moving,Goal,20.00,0.00,20.00,5.10,0.00,8.10,5.24,0.00,8.24,DStar
1583,5.02,AgentPrefab,Agent,MoveState,Moving,Goal,20.00,0.00,20.00,5.10,0.00,8.10,5.24,0.00,8.24,DStar
1584,5.02,AgentPrefab,Agent,MoveState,Moving,Goal,20.00,0.00,20.00,5.11,0.00,8.11,5.24,0.00,8.24,DStar
1585,5.03,AgentPrefab,Agent,MoveState,Moving,Goal,20.00,0.00,20.00,5.11,0.00,8.11,5.24,0.00,8.24,DStar
1586,5.03,AgentPrefab,Agent,MoveState,Moving,Goal,20.00,0.00,20.00,5.11,0.00,8.11,5.24,0.00,8.24,DStar
1587,5.03,AgentPrefab,Agent,MoveState,Moving,Goal,20.00,0.00,20.00,5.12,0.00,8.12,5.24,0.00,8.24,DStar
1588,5.04,AgentPrefab,Agent,MoveState,Moving,Goal,20.00,0.00,20.00,5.12,0.00,8.12,5.24,0.00,8.24,DStar
1589,5.04,AgentPrefab,Agent,MoveState,Moving,Goal,20.00,0.00,20.00,5.13,0.00,8.13,5.24,0.00,8.24,DStar
1590,5.04,AgentPrefab,Agent,MoveState,Moving,Goal,20.00,0.00,20.00,5.13,0.00,8.13,5.24,0.00,8.24,DStar
1591,5.05,AgentPrefab,Agent,MoveState,Moving,Goal,20.00,0.00,20.00,5.14,0.00,8.14,5.24,0.00,8.24,DStar
1592,5.05,AgentPrefab,Agent,MoveState,Moving,Goal,20.00,0.00,20.00,5.14,0.00,8.14,5.24,0.00,8.24,DStar
1593,5.05,AgentPrefab,Agent,MoveState,Moving,Goal,20.00,0.00,20.00,5.14,0.00,8.14,5.24,0.00,8.24,DStar
1594,5.05,AgentPrefab,Agent,MoveState,Moving,Goal,20.00,0.00,20.00,5.15,0.00,8.15,5.24,0.00,8.24,DStar
1595,5.06,AgentPrefab,Agent,MoveState,Moving,Goal,20.00,0.00,20.00,5.15,0.00,8.15,5.24,0.00,8.24,DStar
1596,5.06,AgentPrefab,Agent,MoveState,Moving,Goal,20.00,0.00,20.00,5.16,0.00,8.16,5.24,0.00,8.24,DStar
1597,5.06,AgentPrefab,Agent,MoveState,Moving,Goal,20.00,0.00,20.00,5.16,0.00,8.16,5.24,0.00,8.24,DStar
1598,5.07,AgentPrefab,Agent,MoveState,Moving,Goal,20.00,0.00,20.00,5.17,0.00,8.17,5.24,0.00,8.24,DStar
1599,5.07,AgentPrefab,Agent,MoveState,Moving,Goal,20.00,0.00,20.00,5.17,0.00,8.17,5.24,0.00,8.24,DStar
1600,5.07,AgentPrefab,Agent,MoveState,Moving,Goal,20.00,0.00,20.00,5.17,0.00,8.17,5.24,0.00,8.24,DStar
1601,5.08,AgentPrefab,Agent,MoveState,Moving,Goal,20.00,0.00,20.00,5.18,0.00,8.18,5.24,0.00,8.24,DStar
1602,5.08,AgentPrefab,Agent,MoveState,Moving,Goal,20.00,0.00,20.00,5.18,0.00,8.18,5.24,0.00,8.24,DStar
1603,5.08,AgentPrefab,Agent,MoveState,Moving,Goal,20.00,0.00,20.00,5.19,0.00,8.19,5.24,0.00,8.24,DStar
1604,5.08,AgentPrefab,Agent,MoveState,Moving,Goal,20.00,0.00,20.00,5.19,0.00,8.19,5.24,0.00,8.24,DStar
1605,5.09,AgentPrefab,Agent,MoveState,Moving,Goal,20.00,0.00,20.00,5.19,0.00,8.19,5.24,0.00,8.24,DStar
1606,5.09,AgentPrefab,Agent,MoveState,Moving,Goal,20.00,0.00,20.00,5.20,0.00,8.20,5.24,0.00,8.24,DStar
1607,5.09,AgentPrefab,Agent,MoveState,Moving,Goal,20.00,0.00,20.00,5.20,0.00,8.20,5.24,0.00,8.24,DStar
1608,5.09,AgentPrefab,Agent,MoveState,Moving,Goal,20.00,0.00,20.00,5.24,0.00,8.24,6.24,0.00,9.24,DStar
1609,5.10,AgentPrefab,Agent,MoveState,Moving,Goal,20.00,0.00,20.00,5.24,0.00,8.24,6.24,0.00,9.24,DStar
1610,5.10,AgentPrefab,Agent,MoveState,Moving,Goal,20.00,0.00,20.00,5.25,0.00,8.25,6.24,0.00,9.24,DStar
1611,5.10,AgentPrefab,Agent,MoveState,Moving,Goal,20.00,0.00,20.00,5.25,0.00,8.25,6.24,0.00,9.24,DStar
1612,5.10,AgentPrefab,Agent,MoveState,Moving,Goal,20.00,0.00,20.00,5.25,0.00,8.25,6.24,0.00,9.24,DStar
1613,5.11,AgentPrefab,Agent,MoveState,Moving,Goal,20.00,0.00,20.00,5.26,0.00,8.26,6.24,0.00,9.24,DStar
1614,5.11,AgentPrefab,Agent,MoveState,Moving,Goal,20.00,0.00,20.00,5.26,0.00,8.26,6.24,0.00,9.24,DStar
1615,5.11,AgentPrefab,Agent,MoveState,Moving,Goal,20.00,0.00,20.00,5.27,0.00,8.27,6.24,0.00,9.24,DStar
1616,5.12,AgentPrefab,Agent,MoveState,Moving,Goal,20.00,0.00,20.00,5.27,0.00,8.27,6.24,0.00,9.24,DStar
1617,5.12,AgentPrefab,Agent,MoveState,Moving,Goal,20.00,0.00,20.00,5.27,0.00,8.27,6.24,0.00,9.24,DStar
1618,5.12,AgentPrefab,Agent,MoveState,Moving,Goal,20.00,0.00,20.00,5.28,0.00,8.28,6.24,0.00,9.24,DStar
1619,5.12,AgentPrefab,Agent,MoveState,Moving,Goal,20.00,0.00,20.00,5.28,0.00,8.28,6.24,0.00,9.24,DStar
1620,5.13,AgentPrefab,Agent,MoveState,Moving,Goal,20.00,0.00,20.00,5.28,0.00,8.28,6.24,0.00,9.24,DStar
1621,5.13,AgentPrefab,Agent,MoveState,Moving,Goal,20.00,0.00,20.00,5.29,0.00,8.29,6.24,0.00,9.24,DStar
1622,5.13,AgentPrefab,Agent,MoveState,Moving,Goal,20.00,0.00,20.00,5.29,0.00,8.29,6.24,0.00,9.24,DStar
1623,5.14,AgentPrefab,Agent,MoveState,Moving,Goal,20.00,0.00,20.00,5.30,0.00,8.30,6.24,0.00,9.24,DStar
1624,5.14,AgentPrefab,Agent,MoveState,Moving,Goal,20.00,0.00,20.00,5.30,0.00,8.30,6.24,0.00,9.24,DStar
1625,5.14,AgentPrefab,Agent,MoveState,Moving,Goal,20.00,0.00,20.00,5.31,0.00,8.31,6.24,0.00,9.24,DStar
1626,5.15,AgentPrefab,Agent,MoveState,Moving,Goal,20.00,0.00,20.00,5.31,0.00,8.31,6.24,0.00,9.24,DStar
1627,5.15,AgentPrefab,Agent,MoveState,Moving,Goal,20.00,0.00,20.00,5.32,0.00,8.32,6.24,0.00,9.24,DStar
1628,5.15,AgentPrefab,Agent,MoveState,Moving,Goal,20.00,0.00,20.00,5.32,0.00,8.32,6.24,0.00,9.24,DStar
1629,5.15,AgentPrefab,Agent,MoveState,Moving,Goal,20.00,0.00,20.00,5.32,0.00,8.32,6.24,0.00,9.24,DStar
1630,5.16,AgentPrefab,Agent,MoveState,Moving,Goal,20.00,0.00,20.00,5.33,0.00,8.33,6.24,0.00,9.24,DStar
1631,5.16,AgentPrefab,Agent,MoveState,Moving,Goal,20.00,0.00,20.00,5.33,0.00,8.33,6.24,0.00,9.24,DStar
1632,5.16,AgentPrefab,Agent,MoveState,Moving,Goal,20.00,0.00,20.00,5.33,0.00,8.33,6.24,0.00,9.24,DStar
1633,5.16,AgentPrefab,Agent,MoveState,Moving,Goal,20.00,0.00,20.00,5.34,0.00,8.34,6.24,0.00,9.24,DStar
1634,5.17,AgentPrefab,Agent,MoveState,Moving,Goal,20.00,0.00,20.00,5.34,0.00,8.34,6.24,0.00,9.24,DStar
1635,5.17,AgentPrefab,Agent,MoveState,Moving,Goal,20.00,0.00,20.00,5.35,0.00,8.35,6.24,0.00,9.24,DStar
1636,5.17,AgentPrefab,Agent,MoveState,Moving,Goal,20.00,0.00,20.00,5.35,0.00,8.35,6.24,0.00,9.24,DStar
1637,5.18,AgentPrefab,Agent,MoveState,Moving,Goal,20.00,0.00,20.00,5.35,0.00,8.35,6.24,0.00,9.24,DStar
1638,5.18,AgentPrefab,Agent,MoveState,Moving,Goal,20.00,0.00,20.00,5.36,0.00,8.36,6.24,0.00,9.24,DStar
1639,5.18,AgentPrefab,Agent,MoveState,Moving,Goal,20.00,0.00,20.00,5.36,0.00,8.36,6.24,0.00,9.24,DStar
1640,5.18,AgentPrefab,Agent,MoveState,Moving,Goal,20.00,0.00,20.00,5.36,0.00,8.36,6.24,0.00,9.24,DStar
1641,5.19,AgentPrefab,Agent,MoveState,Moving,Goal,20.00,0.00,20.00,5.37,0.00,8.37,6.24,0.00,9.24,DStar
1642,5.19,AgentPrefab,Agent,MoveState,Moving,Goal,20.00,0.00,20.00,5.37,0.00,8.37,6.24,0.00,9.24,DStar
1643,5.19,AgentPrefab,Agent,MoveState,Moving,Goal,20.00,0.00,20.00,5.38,0.00,8.38,6.24,0.00,9.24,DStar
1644,5.19,AgentPrefab,Agent,MoveState,Moving,Goal,20.00,0.00,20.00,5.38,0.00,8.38,6.24,0.00,9.24,DStar
1645,5.20,AgentPrefab,Agent,MoveState,Moving,Goal,20.00,0.00,20.00,5.38,0.00,8.38,6.24,0.00,9.24,DStar
1646,5.20,AgentPrefab,Agent,MoveState,Moving,Goal,20.00,0.00,20.00,5.39,0.00,8.39,6.24,0.00,9.24,DStar
1647,5.20,AgentPrefab,Agent,MoveState,Moving,Goal,20.00,0.00,20.00,5.39,0.00,8.39,6.24,0.00,9.24,DStar
1648,5.20,AgentPrefab,Agent,MoveState,Moving,Goal,20.00,0.00,20.00,5.39,0.00,8.40,6.24,0.00,9.24,DStar
1649,5.21,AgentPrefab,Agent,MoveState,Moving,Goal,20.00,0.00,20.00,5.40,0.00,8.40,6.24,0.00,9.24,DStar
1650,5.21,AgentPrefab,Agent,MoveState,Moving,Goal,20.00,0.00,20.00,5.40,0.00,8.40,6.24,0.00,9.24,DStar
1651,5.21,AgentPrefab,Agent,MoveState,Moving,Goal,20.00,0.00,20.00,5.41,0.00,8.41,6.24,0.00,9.24,DStar
1652,5.21,AgentPrefab,Agent,MoveState,Moving,Goal,20.00,0.00,20.00,5.41,0.00,8.41,6.24,0.00,9.24,DStar
1653,5.22,AgentPrefab,Agent,MoveState,Moving,Goal,20.00,0.00,20.00,5.41,0.00,8.41,6.24,0.00,9.24,DStar
1654,5.22,AgentPrefab,Agent,MoveState,Moving,Goal,20.00,0.00,20.00,5.42,0.00,8.42,6.24,0.00,9.24,DStar
1655,5.22,AgentPrefab,Agent,MoveState,Moving,Goal,20.00,0.00,20.00,5.42,0.00,8.42,6.24,0.00,9.24,DStar
1656,5.23,AgentPrefab,Agent,MoveState,Moving,Goal,20.00,0.00,20.00,5.42,0.00,8.42,6.24,0.00,9.24,DStar
1657,5.23,AgentPrefab,Agent,MoveState,Moving,Goal,20.00,0.00,20.00,5.43,0.00,8.43,6.24,0.00,9.24,DStar
1658,5.23,AgentPrefab,Agent,MoveState,Moving,Goal,20.00,0.00,20.00,5.43,0.00,8.43,6.24,0.00,9.24,DStar
1659,5.23,AgentPrefab,Agent,MoveState,Moving,Goal,20.00,0.00,20.00,5.44,0.00,8.44,6.24,0.00,9.24,DStar
1660,5.24,AgentPrefab,Agent,MoveState,Moving,Goal,20.00,0.00,20.00,5.44,0.00,8.44,6.24,0.00,9.24,DStar
1661,5.24,AgentPrefab,Agent,MoveState,Moving,Goal,20.00,0.00,20.00,5.44,0.00,8.44,6.24,0.00,9.24,DStar
1662,5.25,AgentPrefab,Agent,MoveState,Moving,Goal,20.00,0.00,20.00,5.45,0.00,8.45,6.24,0.00,9.24,DStar
1663,5.25,AgentPrefab,Agent,MoveState,Moving,Goal,20.00,0.00,20.00,5.46,0.00,8.46,6.24,0.00,9.24,DStar
1664,5.25,AgentPrefab,Agent,MoveState,Moving,Goal,20.00,0.00,20.00,5.46,0.00,8.46,6.24,0.00,9.24,DStar
1665,5.25,AgentPrefab,Agent,MoveState,Moving,Goal,20.00,0.00,20.00,5.46,0.00,8.46,6.24,0.00,9.24,DStar
1666,5.26,AgentPrefab,Agent,MoveState,Moving,Goal,20.00,0.00,20.00,5.47,0.00,8.47,6.24,0.00,9.24,DStar
1667,5.26,AgentPrefab,Agent,MoveState,Moving,Goal,20.00,0.00,20.00,5.47,0.00,8.47,6.24,0.00,9.24,DStar
1668,5.26,AgentPrefab,Agent,MoveState,Moving,Goal,20.00,0.00,20.00,5.48,0.00,8.48,6.24,0.00,9.24,DStar
1669,5.27,AgentPrefab,Agent,MoveState,Moving,Goal,20.00,0.00,20.00,5.48,0.00,8.48,6.24,0.00,9.24,DStar
1670,5.27,AgentPrefab,Agent,MoveState,Moving,Goal,20.00,0.00,20.00,5.48,0.00,8.48,6.24,0.00,9.24,DStar
1671,5.27,AgentPrefab,Agent,MoveState,Moving,Goal,20.00,0.00,20.00,5.49,0.00,8.49,6.24,0.00,9.24,DStar
1672,5.27,AgentPrefab,Agent,MoveState,Moving,Goal,20.00,0.00,20.00,5.49,0.00,8.49,6.24,0.00,9.24,DStar
1673,5.28,AgentPrefab,Agent,MoveState,Moving,Goal,20.00,0.00,20.00,5.50,0.00,8.50,6.24,0.00,9.24,DStar
1674,5.28,AgentPrefab,Agent,MoveState,Moving,Goal,20.00,0.00,20.00,5.50,0.00,8.50,6.24,0.00,9.24,DStar
1675,5.28,AgentPrefab,Agent,MoveState,Moving,Goal,20.00,0.00,20.00,5.50,0.00,8.50,6.24,0.00,9.24,DStar
1676,5.28,AgentPrefab,Agent,MoveState,Moving,Goal,20.00,0.00,20.00,5.51,0.00,8.51,6.24,0.00,9.24,DStar
1677,5.29,AgentPrefab,Agent,MoveState,Moving,Goal,20.00,0.00,20.00,5.51,0.00,8.51,6.24,0.00,9.24,DStar
1678,5.29,AgentPrefab,Agent,MoveState,Moving,Goal,20.00,0.00,20.00,5.51,0.00,8.51,6.24,0.00,9.24,DStar
1679,5.29,AgentPrefab,Agent,MoveState,Moving,Goal,20.00,0.00,20.00,5.52,0.00,8.52,6.24,0.00,9.24,DStar
1680,5.29,AgentPrefab,Agent,MoveState,Moving,Goal,20.00,0.00,20.00,5.52,0.00,8.52,6.24,0.00,9.24,DStar
1681,5.30,AgentPrefab,Agent,MoveState,Moving,Goal,20.00,0.00,20.00,5.53,0.00,8.53,6.24,0.00,9.24,DStar
1682,5.30,AgentPrefab,Agent,MoveState,Moving,Goal,20.00,0.00,20.00,5.53,0.00,8.53,6.24,0.00,9.24,DStar
1683,5.30,AgentPrefab,Agent,MoveState,Moving,Goal,20.00,0.00,20.00,5.53,0.00,8.53,6.24,0.00,9.24,DStar
1684,5.30,AgentPrefab,Agent,MoveState,Moving,Goal,20.00,0.00,20.00,5.54,0.00,8.54,6.24,0.00,9.24,DStar
1685,5.31,AgentPrefab,Agent,MoveState,Moving,Goal,20.00,0.00,20.00,5.54,0.00,8.54,6.24,0.00,9.24,DStar
1686,5.31,AgentPrefab,Agent,MoveState,Moving,Goal,20.00,0.00,20.00,5.54,0.00,8.54,6.24,0.00,9.24,DStar
1687,5.31,AgentPrefab,Agent,MoveState,Moving,Goal,20.00,0.00,20.00,5.55,0.00,8.55,6.24,0.00,9.24,DStar
1688,5.32,AgentPrefab,Agent,MoveState,Moving,Goal,20.00,0.00,20.00,5.55,0.00,8.55,6.24,0.00,9.24,DStar
1689,5.32,AgentPrefab,Agent,MoveState,Moving,Goal,20.00,0.00,20.00,5.55,0.00,8.55,6.24,0.00,9.24,DStar
1690,5.32,AgentPrefab,Agent,MoveState,Moving,Goal,20.00,0.00,20.00,5.56,0.00,8.56,6.24,0.00,9.24,DStar
1691,5.32,AgentPrefab,Agent,MoveState,Moving,Goal,20.00,0.00,20.00,5.56,0.00,8.56,6.24,0.00,9.24,DStar
1692,5.33,AgentPrefab,Agent,MoveState,Moving,Goal,20.00,0.00,20.00,5.57,0.00,8.57,6.24,0.00,9.24,DStar
1693,5.33,AgentPrefab,Agent,MoveState,Moving,Goal,20.00,0.00,20.00,5.57,0.00,8.57,6.24,0.00,9.24,DStar
1694,5.33,AgentPrefab,Agent,MoveState,Moving,Goal,20.00,0.00,20.00,5.57,0.00,8.57,6.24,0.00,9.24,DStar
1695,5.33,AgentPrefab,Agent,MoveState,Moving,Goal,20.00,0.00,20.00,5.58,0.00,8.58,6.24,0.00,9.24,DStar
1696,5.34,AgentPrefab,Agent,MoveState,Moving,Goal,20.00,0.00,20.00,5.58,0.00,8.58,6.24,0.00,9.24,DStar
1697,5.34,AgentPrefab,Agent,MoveState,Moving,Goal,20.00,0.00,20.00,5.58,0.00,8.58,6.24,0.00,9.24,DStar
1698,5.34,AgentPrefab,Agent,MoveState,Moving,Goal,20.00,0.00,20.00,5.59,0.00,8.59,6.24,0.00,9.24,DStar
1699,5.34,AgentPrefab,Agent,MoveState,Moving,Goal,20.00,0.00,20.00,5.59,0.00,8.59,6.24,0.00,9.24,DStar
1700,5.35,AgentPrefab,Agent,MoveState,Moving,Goal,20.00,0.00,20.00,5.60,0.00,8.60,6.24,0.00,9.24,DStar
1701,5.35,AgentPrefab,Agent,MoveState,Moving,Goal,20.00,0.00,20.00,5.60,0.00,8.60,6.24,0.00,9.24,DStar
1702,5.35,AgentPrefab,Agent,MoveState,Moving,Goal,20.00,0.00,20.00,5.60,0.00,8.60,6.24,0.00,9.24,DStar
1703,5.35,AgentPrefab,Agent,MoveState,Moving,Goal,20.00,0.00,20.00,5.61,0.00,8.61,6.24,0.00,9.24,DStar
1704,5.36,AgentPrefab,Agent,MoveState,Moving,Goal,20.00,0.00,20.00,5.61,0.00,8.61,6.24,0.00,9.24,DStar
1705,5.36,AgentPrefab,Agent,MoveState,Moving,Goal,20.00,0.00,20.00,5.61,0.00,8.61,6.24,0.00,9.24,DStar
1706,5.36,AgentPrefab,Agent,MoveState,Moving,Goal,20.00,0.00,20.00,5.62,0.00,8.62,6.24,0.00,9.24,DStar
1707,5.36,AgentPrefab,Agent,MoveState,Moving,Goal,20.00,0.00,20.00,5.62,0.00,8.62,6.24,0.00,9.24,DStar
1708,5.37,AgentPrefab,Agent,MoveState,Moving,Goal,20.00,0.00,20.00,5.62,0.00,8.62,6.24,0.00,9.24,DStar
1709,5.37,AgentPrefab,Agent,MoveState,Moving,Goal,20.00,0.00,20.00,5.63,0.00,8.63,6.24,0.00,9.24,DStar
1710,5.37,AgentPrefab,Agent,MoveState,Moving,Goal,20.00,0.00,20.00,5.63,0.00,8.63,6.24,0.00,9.24,DStar
1711,5.37,AgentPrefab,Agent,MoveState,Moving,Goal,20.00,0.00,20.00,5.63,0.00,8.63,6.24,0.00,9.24,DStar
1712,5.38,AgentPrefab,Agent,MoveState,Moving,Goal,20.00,0.00,20.00,5.64,0.00,8.64,6.24,0.00,9.24,DStar
1713,5.38,AgentPrefab,Agent,MoveState,Moving,Goal,20.00,0.00,20.00,5.64,0.00,8.64,6.24,0.00,9.24,DStar
1714,5.38,AgentPrefab,Agent,MoveState,Moving,Goal,20.00,0.00,20.00,5.65,0.00,8.65,6.24,0.00,9.24,DStar
1715,5.38,AgentPrefab,Agent,MoveState,Moving,Goal,20.00,0.00,20.00,5.65,0.00,8.65,6.24,0.00,9.24,DStar
1716,5.39,AgentPrefab,Agent,MoveState,Moving,Goal,20.00,0.00,20.00,5.65,0.00,8.65,6.24,0.00,9.24,DStar
1717,5.39,AgentPrefab,Agent,MoveState,Moving,Goal,20.00,0.00,20.00,5.66,0.00,8.66,6.24,0.00,9.24,DStar
1718,5.39,AgentPrefab,Agent,MoveState,Moving,Goal,20.00,0.00,20.00,5.66,0.00,8.66,6.24,0.00,9.24,DStar
1719,5.40,AgentPrefab,Agent,MoveState,Moving,Goal,20.00,0.00,20.00,5.67,0.00,8.67,6.24,0.00,9.24,DStar
1720,5.40,AgentPrefab,Agent,MoveState,Moving,Goal,20.00,0.00,20.00,5.67,0.00,8.67,6.24,0.00,9.24,DStar
1721,5.40,AgentPrefab,Agent,MoveState,Moving,Goal,20.00,0.00,20.00,5.67,0.00,8.67,6.24,0.00,9.24,DStar
1722,5.40,AgentPrefab,Agent,MoveState,Moving,Goal,20.00,0.00,20.00,5.68,0.00,8.68,6.24,0.00,9.24,DStar
1723,5.41,AgentPrefab,Agent,MoveState,Moving,Goal,20.00,0.00,20.00,5.68,0.00,8.68,6.24,0.00,9.24,DStar
1724,5.41,AgentPrefab,Agent,MoveState,Moving,Goal,20.00,0.00,20.00,5.68,0.00,8.68,6.24,0.00,9.24,DStar
1725,5.41,AgentPrefab,Agent,MoveState,Moving,Goal,20.00,0.00,20.00,5.69,0.00,8.69,6.24,0.00,9.24,DStar
1726,5.41,AgentPrefab,Agent,MoveState,Moving,Goal,20.00,0.00,20.00,5.69,0.00,8.69,6.24,0.00,9.24,DStar
1727,5.42,AgentPrefab,Agent,MoveState,Moving,Goal,20.00,0.00,20.00,5.69,0.00,8.69,6.24,0.00,9.24,DStar
1728,5.42,AgentPrefab,Agent,MoveState,Moving,Goal,20.00,0.00,20.00,5.70,0.00,8.70,6.24,0.00,9.24,DStar
1729,5.42,AgentPrefab,Agent,MoveState,Moving,Goal,20.00,0.00,20.00,5.70,0.00,8.70,6.24,0.00,9.24,DStar
1730,5.43,AgentPrefab,Agent,MoveState,Moving,Goal,20.00,0.00,20.00,5.71,0.00,8.71,6.24,0.00,9.24,DStar
1731,5.43,AgentPrefab,Agent,MoveState,Moving,Goal,20.00,0.00,20.00,5.71,0.00,8.71,6.24,0.00,9.24,DStar
1732,5.43,AgentPrefab,Agent,MoveState,Moving,Goal,20.00,0.00,20.00,5.71,0.00,8.71,6.24,0.00,9.24,DStar
1733,5.43,AgentPrefab,Agent,MoveState,Moving,Goal,20.00,0.00,20.00,5.72,0.00,8.72,6.24,0.00,9.24,DStar
1734,5.44,AgentPrefab,Agent,MoveState,Moving,Goal,20.00,0.00,20.00,5.72,0.00,8.72,6.24,0.00,9.24,DStar
1735,5.44,AgentPrefab,Agent,MoveState,Moving,Goal,20.00,0.00,20.00,5.73,0.00,8.73,6.24,0.00,9.24,DStar
1736,5.44,AgentPrefab,Agent,MoveState,Moving,Goal,20.00,0.00,20.00,5.73,0.00,8.73,6.24,0.00,9.24,DStar
1737,5.45,AgentPrefab,Agent,MoveState,Moving,Goal,20.00,0.00,20.00,5.74,0.00,8.74,6.24,0.00,9.24,DStar
1738,5.45,AgentPrefab,Agent,MoveState,Moving,Goal,20.00,0.00,20.00,5.74,0.00,8.74,6.24,0.00,9.24,DStar
1739,5.45,AgentPrefab,Agent,MoveState,Moving,Goal,20.00,0.00,20.00,5.75,0.00,8.75,6.24,0.00,9.24,DStar
1740,5.46,AgentPrefab,Agent,MoveState,Moving,Goal,20.00,0.00,20.00,5.75,0.00,8.75,6.24,0.00,9.24,DStar
1741,5.46,AgentPrefab,Agent,MoveState,Moving,Goal,20.00,0.00,20.00,5.75,0.00,8.75,6.24,0.00,9.24,DStar
1742,5.46,AgentPrefab,Agent,MoveState,Moving,Goal,20.00,0.00,20.00,5.76,0.00,8.76,6.24,0.00,9.24,DStar
1743,5.46,AgentPrefab,Agent,MoveState,Moving,Goal,20.00,0.00,20.00,5.76,0.00,8.76,6.24,0.00,9.24,DStar
1744,5.47,AgentPrefab,Agent,MoveState,Moving,Goal,20.00,0.00,20.00,5.76,0.00,8.76,6.24,0.00,9.24,DStar
1745,5.47,AgentPrefab,Agent,MoveState,Moving,Goal,20.00,0.00,20.00,5.77,0.00,8.77,6.24,0.00,9.24,DStar
1746,5.47,AgentPrefab,Agent,MoveState,Moving,Goal,20.00,0.00,20.00,5.77,0.00,8.77,6.24,0.00,9.24,DStar
1747,5.47,AgentPrefab,Agent,MoveState,Moving,Goal,20.00,0.00,20.00,5.78,0.00,8.78,6.24,0.00,9.24,DStar
1748,5.48,AgentPrefab,Agent,MoveState,Moving,Goal,20.00,0.00,20.00,5.78,0.00,8.78,6.24,0.00,9.24,DStar
1749,5.48,AgentPrefab,Agent,MoveState,Moving,Goal,20.00,0.00,20.00,5.78,0.00,8.78,6.24,0.00,9.24,DStar
1750,5.48,AgentPrefab,Agent,MoveState,Moving,Goal,20.00,0.00,20.00,5.79,0.00,8.79,6.24,0.00,9.24,DStar
1751,5.49,AgentPrefab,Agent,MoveState,Moving,Goal,20.00,0.00,20.00,5.79,0.00,8.79,6.24,0.00,9.24,DStar
1752,5.49,AgentPrefab,Agent,MoveState,Moving,Goal,20.00,0.00,20.00,5.80,0.00,8.80,6.24,0.00,9.24,DStar
1753,5.49,AgentPrefab,Agent,MoveState,Moving,Goal,20.00,0.00,20.00,5.80,0.00,8.80,6.24,0.00,9.24,DStar
1754,5.49,AgentPrefab,Agent,MoveState,Moving,Goal,20.00,0.00,20.00,5.80,0.00,8.80,6.24,0.00,9.24,DStar
1755,5.50,AgentPrefab,Agent,MoveState,Moving,Goal,20.00,0.00,20.00,5.81,0.00,8.81,6.24,0.00,9.24,DStar
1756,5.50,AgentPrefab,Agent,MoveState,Moving,Goal,20.00,0.00,20.00,5.81,0.00,8.81,6.24,0.00,9.24,DStar
1757,5.51,AgentPrefab,Agent,MoveState,Moving,Goal,20.00,0.00,20.00,5.82,0.00,8.82,6.24,0.00,9.24,DStar
1758,5.51,AgentPrefab,Agent,MoveState,Moving,Goal,20.00,0.00,20.00,5.82,0.00,8.82,6.24,0.00,9.24,DStar
1759,5.51,AgentPrefab,Agent,MoveState,Moving,Goal,20.00,0.00,20.00,5.83,0.00,8.83,6.24,0.00,9.24,DStar
1760,5.51,AgentPrefab,Agent,MoveState,Moving,Goal,20.00,0.00,20.00,5.83,0.00,8.83,6.24,0.00,9.24,DStar
1761,5.52,AgentPrefab,Agent,MoveState,Moving,Goal,20.00,0.00,20.00,5.84,0.00,8.84,6.24,0.00,9.24,DStar
1762,5.52,AgentPrefab,Agent,MoveState,Moving,Goal,20.00,0.00,20.00,5.84,0.00,8.84,6.24,0.00,9.24,DStar
1763,5.52,AgentPrefab,Agent,MoveState,Moving,Goal,20.00,0.00,20.00,5.85,0.00,8.85,6.24,0.00,9.24,DStar
1764,5.53,AgentPrefab,Agent,MoveState,Moving,Goal,20.00,0.00,20.00,5.85,0.00,8.85,6.24,0.00,9.24,DStar
1765,5.53,AgentPrefab,Agent,MoveState,Moving,Goal,20.00,0.00,20.00,5.85,0.00,8.85,6.24,0.00,9.24,DStar
1766,5.53,AgentPrefab,Agent,MoveState,Moving,Goal,20.00,0.00,20.00,5.86,0.00,8.86,6.24,0.00,9.24,DStar
1767,5.54,AgentPrefab,Agent,MoveState,Moving,Goal,20.00,0.00,20.00,5.86,0.00,8.86,6.24,0.00,9.24,DStar
1768,5.54,AgentPrefab,Agent,MoveState,Moving,Goal,20.00,0.00,20.00,5.87,0.00,8.87,6.24,0.00,9.24,DStar
1769,5.54,AgentPrefab,Agent,MoveState,Moving,Goal,20.00,0.00,20.00,5.87,0.00,8.87,6.24,0.00,9.24,DStar
1770,5.54,AgentPrefab,Agent,MoveState,Moving,Goal,20.00,0.00,20.00,5.87,0.00,8.87,6.24,0.00,9.24,DStar
1771,5.55,AgentPrefab,Agent,MoveState,Moving,Goal,20.00,0.00,20.00,5.88,0.00,8.88,6.24,0.00,9.24,DStar
1772,5.55,AgentPrefab,Agent,MoveState,Moving,Goal,20.00,0.00,20.00,5.88,0.00,8.88,6.24,0.00,9.24,DStar
1773,5.55,AgentPrefab,Agent,MoveState,Moving,Goal,20.00,0.00,20.00,5.89,0.00,8.89,6.24,0.00,9.24,DStar
1774,5.55,AgentPrefab,Agent,MoveState,Moving,Goal,20.00,0.00,20.00,5.89,0.00,8.89,6.24,0.00,9.24,DStar
1775,5.56,AgentPrefab,Agent,MoveState,Moving,Goal,20.00,0.00,20.00,5.89,0.00,8.89,6.24,0.00,9.24,DStar
1776,5.56,AgentPrefab,Agent,MoveState,Moving,Goal,20.00,0.00,20.00,5.90,0.00,8.90,6.24,0.00,9.24,DStar
1777,5.56,AgentPrefab,Agent,MoveState,Moving,Goal,20.00,0.00,20.00,5.90,0.00,8.90,6.24,0.00,9.24,DStar
1778,5.57,AgentPrefab,Agent,MoveState,Moving,Goal,20.00,0.00,20.00,5.90,0.00,8.90,6.24,0.00,9.24,DStar
1779,5.57,AgentPrefab,Agent,MoveState,Moving,Goal,20.00,0.00,20.00,5.91,0.00,8.91,6.24,0.00,9.24,DStar
1780,5.57,AgentPrefab,Agent,MoveState,Moving,Goal,20.00,0.00,20.00,5.91,0.00,8.91,6.24,0.00,9.24,DStar
1781,5.57,AgentPrefab,Agent,MoveState,Moving,Goal,20.00,0.00,20.00,5.92,0.00,8.92,6.24,0.00,9.24,DStar
1782,5.58,AgentPrefab,Agent,MoveState,Moving,Goal,20.00,0.00,20.00,5.92,0.00,8.92,6.24,0.00,9.24,DStar
1783,5.58,AgentPrefab,Agent,MoveState,Moving,Goal,20.00,0.00,20.00,5.92,0.00,8.92,6.24,0.00,9.24,DStar
1784,5.58,AgentPrefab,Agent,MoveState,Moving,Goal,20.00,0.00,20.00,5.93,0.00,8.93,6.24,0.00,9.24,DStar
1785,5.58,AgentPrefab,Agent,MoveState,Moving,Goal,20.00,0.00,20.00,5.93,0.00,8.93,6.24,0.00,9.24,DStar
1786,5.59,AgentPrefab,Agent,MoveState,Moving,Goal,20.00,0.00,20.00,5.93,0.00,8.93,6.24,0.00,9.24,DStar
1787,5.59,AgentPrefab,Agent,MoveState,Moving,Goal,20.00,0.00,20.00,5.94,0.00,8.94,6.24,0.00,9.24,DStar
1788,5.59,AgentPrefab,Agent,MoveState,Moving,Goal,20.00,0.00,20.00,5.94,0.00,8.94,6.24,0.00,9.24,DStar
1789,5.60,AgentPrefab,Agent,MoveState,Moving,Goal,20.00,0.00,20.00,5.95,0.00,8.95,6.24,0.00,9.24,DStar
1790,5.60,AgentPrefab,Agent,MoveState,Moving,Goal,20.00,0.00,20.00,5.95,0.00,8.95,6.24,0.00,9.24,DStar
1791,5.60,AgentPrefab,Agent,MoveState,Moving,Goal,20.00,0.00,20.00,5.95,0.00,8.95,6.24,0.00,9.24,DStar
1792,5.60,AgentPrefab,Agent,MoveState,Moving,Goal,20.00,0.00,20.00,5.96,0.00,8.96,6.24,0.00,9.24,DStar
1793,5.61,AgentPrefab,Agent,MoveState,Moving,Goal,20.00,0.00,20.00,5.96,0.00,8.96,6.24,0.00,9.24,DStar
1794,5.61,AgentPrefab,Agent,MoveState,Moving,Goal,20.00,0.00,20.00,5.97,0.00,8.97,6.24,0.00,9.24,DStar
1795,5.61,AgentPrefab,Agent,MoveState,Moving,Goal,20.00,0.00,20.00,5.97,0.00,8.97,6.24,0.00,9.24,DStar
1796,5.61,AgentPrefab,Agent,MoveState,Moving,Goal,20.00,0.00,20.00,5.97,0.00,8.97,6.24,0.00,9.24,DStar
1797,5.62,AgentPrefab,Agent,MoveState,Moving,Goal,20.00,0.00,20.00,5.98,0.00,8.98,6.24,0.00,9.24,DStar
1798,5.62,AgentPrefab,Agent,MoveState,Moving,Goal,20.00,0.00,20.00,5.98,0.00,8.98,6.24,0.00,9.24,DStar
1799,5.62,AgentPrefab,Agent,MoveState,Moving,Goal,20.00,0.00,20.00,5.99,0.00,8.99,6.24,0.00,9.24,DStar
1800,5.63,AgentPrefab,Agent,MoveState,Moving,Goal,20.00,0.00,20.00,5.99,0.00,8.99,6.24,0.00,9.24,DStar
1801,5.63,AgentPrefab,Agent,MoveState,Moving,Goal,20.00,0.00,20.00,5.99,0.00,8.99,6.24,0.00,9.24,DStar
1802,5.63,AgentPrefab,Agent,MoveState,Moving,Goal,20.00,0.00,20.00,6.00,0.00,9.00,6.24,0.00,9.24,DStar
1803,5.63,AgentPrefab,Agent,MoveState,Moving,Goal,20.00,0.00,20.00,6.00,0.00,9.00,6.24,0.00,9.24,DStar
1804,5.64,AgentPrefab,Agent,MoveState,Moving,Goal,20.00,0.00,20.00,6.01,0.00,9.01,6.24,0.00,9.24,DStar
1805,5.64,AgentPrefab,Agent,MoveState,Moving,Goal,20.00,0.00,20.00,6.01,0.00,9.01,6.24,0.00,9.24,DStar
1806,5.65,AgentPrefab,Agent,MoveState,Moving,Goal,20.00,0.00,20.00,6.02,0.00,9.02,6.24,0.00,9.24,DStar
1807,5.65,AgentPrefab,Agent,MoveState,Moving,Goal,20.00,0.00,20.00,6.02,0.00,9.02,6.24,0.00,9.24,DStar
1808,5.65,AgentPrefab,Agent,MoveState,Moving,Goal,20.00,0.00,20.00,6.03,0.00,9.03,6.24,0.00,9.24,DStar
1809,5.65,AgentPrefab,Agent,MoveState,Moving,Goal,20.00,0.00,20.00,6.03,0.00,9.03,6.24,0.00,9.24,DStar
1810,5.66,AgentPrefab,Agent,MoveState,Moving,Goal,20.00,0.00,20.00,6.03,0.00,9.03,6.24,0.00,9.24,DStar
1811,5.66,AgentPrefab,Agent,MoveState,Moving,Goal,20.00,0.00,20.00,6.04,0.00,9.04,6.24,0.00,9.24,DStar
1812,5.66,AgentPrefab,Agent,MoveState,Moving,Goal,20.00,0.00,20.00,6.04,0.00,9.04,6.24,0.00,9.24,DStar
1813,5.66,AgentPrefab,Agent,MoveState,Moving,Goal,20.00,0.00,20.00,6.04,0.00,9.04,6.24,0.00,9.24,DStar
1814,5.67,AgentPrefab,Agent,MoveState,Moving,Goal,20.00,0.00,20.00,6.05,0.00,9.05,6.24,0.00,9.24,DStar
1815,5.67,AgentPrefab,Agent,MoveState,Moving,Goal,20.00,0.00,20.00,6.05,0.00,9.05,6.24,0.00,9.24,DStar
1816,5.67,AgentPrefab,Agent,MoveState,Moving,Goal,20.00,0.00,20.00,6.06,0.00,9.06,6.24,0.00,9.24,DStar
1817,5.68,AgentPrefab,Agent,MoveState,Moving,Goal,20.00,0.00,20.00,6.06,0.00,9.06,6.24,0.00,9.24,DStar
1818,5.68,AgentPrefab,Agent,MoveState,Moving,Goal,20.00,0.00,20.00,6.06,0.00,9.06,6.24,0.00,9.24,DStar
1819,5.68,AgentPrefab,Agent,MoveState,Moving,Goal,20.00,0.00,20.00,6.07,0.00,9.07,6.24,0.00,9.24,DStar
1820,5.68,AgentPrefab,Agent,MoveState,Moving,Goal,20.00,0.00,20.00,6.07,0.00,9.07,6.24,0.00,9.24,DStar
1821,5.69,AgentPrefab,Agent,MoveState,Moving,Goal,20.00,0.00,20.00,6.08,0.00,9.08,6.24,0.00,9.24,DStar
1822,5.69,AgentPrefab,Agent,MoveState,Moving,Goal,20.00,0.00,20.00,6.08,0.00,9.08,6.24,0.00,9.24,DStar
1823,5.69,AgentPrefab,Agent,MoveState,Moving,Goal,20.00,0.00,20.00,6.09,0.00,9.09,6.24,0.00,9.24,DStar
1824,5.70,AgentPrefab,Agent,MoveState,Moving,Goal,20.00,0.00,20.00,6.09,0.00,9.09,6.24,0.00,9.24,DStar
1825,5.70,AgentPrefab,Agent,MoveState,Moving,Goal,20.00,0.00,20.00,6.09,0.00,9.09,6.24,0.00,9.24,DStar
1826,5.70,AgentPrefab,Agent,MoveState,Moving,Goal,20.00,0.00,20.00,6.10,0.00,9.10,6.24,0.00,9.24,DStar
1827,5.71,AgentPrefab,Agent,MoveState,Moving,Goal,20.00,0.00,20.00,6.10,0.00,9.10,6.24,0.00,9.24,DStar
1828,5.71,AgentPrefab,Agent,MoveState,Moving,Goal,20.00,0.00,20.00,6.11,0.00,9.11,6.24,0.00,9.24,DStar
1829,5.71,AgentPrefab,Agent,MoveState,Moving,Goal,20.00,0.00,20.00,6.11,0.00,9.11,6.24,0.00,9.24,DStar
1830,5.71,AgentPrefab,Agent,MoveState,Moving,Goal,20.00,0.00,20.00,6.11,0.00,9.11,6.24,0.00,9.24,DStar
1831,5.72,AgentPrefab,Agent,MoveState,Moving,Goal,20.00,0.00,20.00,6.12,0.00,9.12,6.24,0.00,9.24,DStar
1832,5.72,AgentPrefab,Agent,MoveState,Moving,Goal,20.00,0.00,20.00,6.12,0.00,9.12,6.24,0.00,9.24,DStar
1833,5.72,AgentPrefab,Agent,MoveState,Moving,Goal,20.00,0.00,20.00,6.13,0.00,9.13,6.24,0.00,9.24,DStar
1834,5.72,AgentPrefab,Agent,MoveState,Moving,Goal,20.00,0.00,20.00,6.13,0.00,9.13,6.24,0.00,9.24,DStar
1835,5.73,AgentPrefab,Agent,MoveState,Moving,Goal,20.00,0.00,20.00,6.13,0.00,9.13,6.24,0.00,9.24,DStar
1836,5.73,AgentPrefab,Agent,MoveState,Moving,Goal,20.00,0.00,20.00,6.14,0.00,9.14,6.24,0.00,9.24,DStar
1837,5.73,AgentPrefab,Agent,MoveState,Moving,Goal,20.00,0.00,20.00,6.14,0.00,9.14,6.24,0.00,9.24,DStar
1838,5.74,AgentPrefab,Agent,MoveState,Moving,Goal,20.00,0.00,20.00,6.15,0.00,9.15,6.24,0.00,9.24,DStar
1839,5.74,AgentPrefab,Agent,MoveState,Moving,Goal,20.00,0.00,20.00,6.15,0.00,9.15,6.24,0.00,9.24,DStar
1840,5.74,AgentPrefab,Agent,MoveState,Moving,Goal,20.00,0.00,20.00,6.16,0.00,9.16,6.24,0.00,9.24,DStar
1841,5.75,AgentPrefab,Agent,MoveState,Moving,Goal,20.00,0.00,20.00,6.16,0.00,9.16,6.24,0.00,9.24,DStar
1842,5.75,AgentPrefab,Agent,MoveState,Moving,Goal,20.00,0.00,20.00,6.17,0.00,9.17,6.24,0.00,9.24,DStar
1843,5.75,AgentPrefab,Agent,MoveState,Moving,Goal,20.00,0.00,20.00,6.17,0.00,9.17,6.24,0.00,9.24,DStar
1844,5.76,AgentPrefab,Agent,MoveState,Moving,Goal,20.00,0.00,20.00,6.17,0.00,9.17,6.24,0.00,9.24,DStar
1845,5.76,AgentPrefab,Agent,MoveState,Moving,Goal,20.00,0.00,20.00,6.18,0.00,9.18,6.24,0.00,9.24,DStar
1846,5.76,AgentPrefab,Agent,MoveState,Moving,Goal,20.00,0.00,20.00,6.18,0.00,9.18,6.24,0.00,9.24,DStar
1847,5.76,AgentPrefab,Agent,MoveState,Moving,Goal,20.00,0.00,20.00,6.19,0.00,9.19,6.24,0.00,9.24,DStar
1848,5.77,AgentPrefab,Agent,MoveState,Moving,Goal,20.00,0.00,20.00,6.19,0.00,9.19,6.24,0.00,9.24,DStar
1849,5.77,AgentPrefab,Agent,MoveState,Moving,Goal,20.00,0.00,20.00,6.19,0.00,9.19,6.24,0.00,9.24,DStar
1850,5.77,AgentPrefab,Agent,MoveState,Moving,Goal,20.00,0.00,20.00,6.20,0.00,9.20,6.24,0.00,9.24,DStar
1851,5.78,AgentPrefab,Agent,MoveState,Moving,Goal,20.00,0.00,20.00,6.20,0.00,9.20,6.24,0.00,9.24,DStar
1852,5.78,AgentPrefab,Agent,MoveState,Moving,Goal,20.00,0.00,20.00,6.24,0.00,9.24,7.24,0.00,10.24,DStar
1853,5.78,AgentPrefab,Agent,MoveState,Moving,Goal,20.00,0.00,20.00,6.24,0.00,9.24,7.24,0.00,10.24,DStar
1854,5.78,AgentPrefab,Agent,MoveState,Moving,Goal,20.00,0.00,20.00,6.25,0.00,9.25,7.24,0.00,10.24,DStar
1855,5.79,AgentPrefab,Agent,MoveState,Moving,Goal,20.00,0.00,20.00,6.25,0.00,9.25,7.24,0.00,10.24,DStar
1856,5.79,AgentPrefab,Agent,MoveState,Moving,Goal,20.00,0.00,20.00,6.25,0.00,9.25,7.24,0.00,10.24,DStar
1857,5.79,AgentPrefab,Agent,MoveState,Moving,Goal,20.00,0.00,20.00,6.26,0.00,9.26,7.24,0.00,10.24,DStar
1858,5.79,AgentPrefab,Agent,MoveState,Moving,Goal,20.00,0.00,20.00,6.26,0.00,9.26,7.24,0.00,10.24,DStar
1859,5.80,AgentPrefab,Agent,MoveState,Moving,Goal,20.00,0.00,20.00,6.27,0.00,9.27,7.24,0.00,10.24,DStar
1860,5.80,AgentPrefab,Agent,MoveState,Moving,Goal,20.00,0.00,20.00,6.27,0.00,9.27,7.24,0.00,10.24,DStar
1861,5.81,AgentPrefab,Agent,MoveState,Moving,Goal,20.00,0.00,20.00,6.28,0.00,9.28,7.24,0.00,10.24,DStar
1862,5.81,AgentPrefab,Agent,MoveState,Moving,Goal,20.00,0.00,20.00,6.28,0.00,9.28,7.24,0.00,10.24,DStar
1863,5.81,AgentPrefab,Agent,MoveState,Moving,Goal,20.00,0.00,20.00,6.28,0.00,9.28,7.24,0.00,10.24,DStar
1864,5.81,AgentPrefab,Agent,MoveState,Moving,Goal,20.00,0.00,20.00,6.29,0.00,9.29,7.24,0.00,10.24,DStar
1865,5.82,AgentPrefab,Agent,MoveState,Moving,Goal,20.00,0.00,20.00,6.29,0.00,9.29,7.24,0.00,10.24,DStar
1866,5.82,AgentPrefab,Agent,MoveState,Moving,Goal,20.00,0.00,20.00,6.30,0.00,9.30,7.24,0.00,10.24,DStar
1867,5.82,AgentPrefab,Agent,MoveState,Moving,Goal,20.00,0.00,20.00,6.30,0.00,9.30,7.24,0.00,10.24,DStar
1868,5.82,AgentPrefab,Agent,MoveState,Moving,Goal,20.00,0.00,20.00,6.30,0.00,9.30,7.24,0.00,10.24,DStar
1869,5.83,AgentPrefab,Agent,MoveState,Moving,Goal,20.00,0.00,20.00,6.31,0.00,9.31,7.24,0.00,10.24,DStar
1870,5.83,AgentPrefab,Agent,MoveState,Moving,Goal,20.00,0.00,20.00,6.31,0.00,9.31,7.24,0.00,10.24,DStar
1871,5.83,AgentPrefab,Agent,MoveState,Moving,Goal,20.00,0.00,20.00,6.31,0.00,9.31,7.24,0.00,10.24,DStar
1872,5.83,AgentPrefab,Agent,MoveState,Moving,Goal,20.00,0.00,20.00,6.32,0.00,9.32,7.24,0.00,10.24,DStar
1873,5.84,AgentPrefab,Agent,MoveState,Moving,Goal,20.00,0.00,20.00,6.32,0.00,9.32,7.24,0.00,10.24,DStar
1874,5.84,AgentPrefab,Agent,MoveState,Moving,Goal,20.00,0.00,20.00,6.33,0.00,9.33,7.24,0.00,10.24,DStar
1875,5.85,AgentPrefab,Agent,MoveState,Moving,Goal,20.00,0.00,20.00,6.34,0.00,9.34,7.24,0.00,10.24,DStar
1876,5.85,AgentPrefab,Agent,MoveState,Moving,Goal,20.00,0.00,20.00,6.34,0.00,9.34,7.24,0.00,10.24,DStar
1877,5.85,AgentPrefab,Agent,MoveState,Moving,Goal,20.00,0.00,20.00,6.34,0.00,9.34,7.24,0.00,10.24,DStar
1878,5.86,AgentPrefab,Agent,MoveState,Moving,Goal,20.00,0.00,20.00,6.35,0.00,9.35,7.24,0.00,10.24,DStar
1879,5.86,AgentPrefab,Agent,MoveState,Moving,Goal,20.00,0.00,20.00,6.35,0.00,9.35,7.24,0.00,10.24,DStar
1880,5.86,AgentPrefab,Agent,MoveState,Moving,Goal,20.00,0.00,20.00,6.36,0.00,9.36,7.24,0.00,10.24,DStar
1881,5.86,AgentPrefab,Agent,MoveState,Moving,Goal,20.00,0.00,20.00,6.36,0.00,9.36,7.24,0.00,10.24,DStar
1882,5.87,AgentPrefab,Agent,MoveState,Moving,Goal,20.00,0.00,20.00,6.36,0.00,9.36,7.24,0.00,10.24,DStar
1883,5.87,AgentPrefab,Agent,MoveState,Moving,Goal,20.00,0.00,20.00,6.37,0.00,9.37,7.24,0.00,10.24,DStar
1884,5.87,AgentPrefab,Agent,MoveState,Moving,Goal,20.00,0.00,20.00,6.37,0.00,9.37,7.24,0.00,10.24,DStar
1885,5.87,AgentPrefab,Agent,MoveState,Moving,Goal,20.00,0.00,20.00,6.38,0.00,9.38,7.24,0.00,10.24,DStar
1886,5.88,AgentPrefab,Agent,MoveState,Moving,Goal,20.00,0.00,20.00,6.38,0.00,9.38,7.24,0.00,10.24,DStar
1887,5.88,AgentPrefab,Agent,MoveState,Moving,Goal,20.00,0.00,20.00,6.38,0.00,9.38,7.24,0.00,10.24,DStar
1888,5.88,AgentPrefab,Agent,MoveState,Moving,Goal,20.00,0.00,20.00,6.39,0.00,9.39,7.24,0.00,10.24,DStar
1889,5.89,AgentPrefab,Agent,MoveState,Moving,Goal,20.00,0.00,20.00,6.39,0.00,9.39,7.24,0.00,10.24,DStar
1890,5.89,AgentPrefab,Agent,MoveState,Moving,Goal,20.00,0.00,20.00,6.39,0.00,9.39,7.24,0.00,10.24,DStar
1891,5.89,AgentPrefab,Agent,MoveState,Moving,Goal,20.00,0.00,20.00,6.40,0.00,9.40,7.24,0.00,10.24,DStar
1892,5.89,AgentPrefab,Agent,MoveState,Moving,Goal,20.00,0.00,20.00,6.40,0.00,9.40,7.24,0.00,10.24,DStar
1893,5.90,AgentPrefab,Agent,MoveState,Moving,Goal,20.00,0.00,20.00,6.41,0.00,9.41,7.24,0.00,10.24,DStar
1894,5.90,AgentPrefab,Agent,MoveState,Moving,Goal,20.00,0.00,20.00,6.41,0.00,9.41,7.24,0.00,10.24,DStar
1895,5.90,AgentPrefab,Agent,MoveState,Moving,Goal,20.00,0.00,20.00,6.41,0.00,9.41,7.24,0.00,10.24,DStar
1896,5.90,AgentPrefab,Agent,MoveState,Moving,Goal,20.00,0.00,20.00,6.42,0.00,9.42,7.24,0.00,10.24,DStar
1897,5.91,AgentPrefab,Agent,MoveState,Moving,Goal,20.00,0.00,20.00,6.42,0.00,9.42,7.24,0.00,10.24,DStar
1898,5.91,AgentPrefab,Agent,MoveState,Moving,Goal,20.00,0.00,20.00,6.42,0.00,9.42,7.24,0.00,10.24,DStar
1899,5.91,AgentPrefab,Agent,MoveState,Moving,Goal,20.00,0.00,20.00,6.43,0.00,9.43,7.24,0.00,10.24,DStar
1900,5.92,AgentPrefab,Agent,MoveState,Moving,Goal,20.00,0.00,20.00,6.43,0.00,9.43,7.24,0.00,10.24,DStar
1901,5.92,AgentPrefab,Agent,MoveState,Moving,Goal,20.00,0.00,20.00,6.44,0.00,9.44,7.24,0.00,10.24,DStar
1902,5.92,AgentPrefab,Agent,MoveState,Moving,Goal,20.00,0.00,20.00,6.44,0.00,9.44,7.24,0.00,10.24,DStar
1903,5.93,AgentPrefab,Agent,MoveState,Moving,Goal,20.00,0.00,20.00,6.45,0.00,9.45,7.24,0.00,10.24,DStar
1904,5.93,AgentPrefab,Agent,MoveState,Moving,Goal,20.00,0.00,20.00,6.45,0.00,9.45,7.24,0.00,10.24,DStar
1905,5.93,AgentPrefab,Agent,MoveState,Moving,Goal,20.00,0.00,20.00,6.45,0.00,9.45,7.24,0.00,10.24,DStar
1906,5.93,AgentPrefab,Agent,MoveState,Moving,Goal,20.00,0.00,20.00,6.46,0.00,9.46,7.24,0.00,10.24,DStar
1907,5.94,AgentPrefab,Agent,MoveState,Moving,Goal,20.00,0.00,20.00,6.46,0.00,9.46,7.24,0.00,10.24,DStar
1908,5.94,AgentPrefab,Agent,MoveState,Moving,Goal,20.00,0.00,20.00,6.47,0.00,9.47,7.24,0.00,10.24,DStar
1909,5.94,AgentPrefab,Agent,MoveState,Moving,Goal,20.00,0.00,20.00,6.47,0.00,9.47,7.24,0.00,10.24,DStar
1910,5.95,AgentPrefab,Agent,MoveState,Moving,Goal,20.00,0.00,20.00,6.47,0.00,9.47,7.24,0.00,10.24,DStar
1911,5.95,AgentPrefab,Agent,MoveState,Moving,Goal,20.00,0.00,20.00,6.48,0.00,9.48,7.24,0.00,10.24,DStar
1912,5.95,AgentPrefab,Agent,MoveState,Moving,Goal,20.00,0.00,20.00,6.48,0.00,9.48,7.24,0.00,10.24,DStar
1913,5.95,AgentPrefab,Agent,MoveState,Moving,Goal,20.00,0.00,20.00,6.49,0.00,9.49,7.24,0.00,10.24,DStar
1914,5.96,AgentPrefab,Agent,MoveState,Moving,Goal,20.00,0.00,20.00,6.49,0.00,9.49,7.24,0.00,10.24,DStar
1915,5.96,AgentPrefab,Agent,MoveState,Moving,Goal,20.00,0.00,20.00,6.49,0.00,9.49,7.24,0.00,10.24,DStar
1916,5.96,AgentPrefab,Agent,MoveState,Moving,Goal,20.00,0.00,20.00,6.50,0.00,9.50,7.24,0.00,10.24,DStar
1917,5.96,AgentPrefab,Agent,MoveState,Moving,Goal,20.00,0.00,20.00,6.50,0.00,9.50,7.24,0.00,10.24,DStar
1918,5.97,AgentPrefab,Agent,MoveState,Moving,Goal,20.00,0.00,20.00,6.50,0.00,9.50,7.24,0.00,10.24,DStar
1919,5.97,AgentPrefab,Agent,MoveState,Moving,Goal,20.00,0.00,20.00,6.51,0.00,9.51,7.24,0.00,10.24,DStar
1920,5.97,AgentPrefab,Agent,MoveState,Moving,Goal,20.00,0.00,20.00,6.51,0.00,9.51,7.24,0.00,10.24,DStar
1921,5.97,AgentPrefab,Agent,MoveState,Moving,Goal,20.00,0.00,20.00,6.52,0.00,9.52,7.24,0.00,10.24,DStar
1922,5.98,AgentPrefab,Agent,MoveState,Moving,Goal,20.00,0.00,20.00,6.52,0.00,9.52,7.24,0.00,10.24,DStar
1923,5.98,AgentPrefab,Agent,MoveState,Moving,Goal,20.00,0.00,20.00,6.52,0.00,9.52,7.24,0.00,10.24,DStar
1924,6.04,AgentPrefab,Agent,MoveState,Moving,Goal,20.00,0.00,20.00,6.53,0.00,9.53,7.24,0.00,10.24,DStar
1925,6.05,AgentPrefab,Agent,MoveState,Moving,Goal,20.00,0.00,20.00,6.61,0.00,9.61,7.24,0.00,10.24,DStar
1926,6.05,AgentPrefab,Agent,MoveState,Moving,Goal,20.00,0.00,20.00,6.62,0.00,9.62,7.24,0.00,10.24,DStar
1927,6.05,AgentPrefab,Agent,MoveState,Moving,Goal,20.00,0.00,20.00,6.63,0.00,9.63,7.24,0.00,10.24,DStar
1928,6.06,AgentPrefab,Agent,MoveState,Moving,Goal,20.00,0.00,20.00,6.63,0.00,9.63,7.24,0.00,10.24,DStar
1929,6.06,AgentPrefab,Agent,MoveState,Moving,Goal,20.00,0.00,20.00,6.64,0.00,9.64,7.24,0.00,10.24,DStar
1930,6.06,AgentPrefab,Agent,MoveState,Moving,Goal,20.00,0.00,20.00,6.64,0.00,9.64,7.24,0.00,10.24,DStar
1931,6.07,AgentPrefab,Agent,MoveState,Moving,Goal,20.00,0.00,20.00,6.64,0.00,9.64,7.24,0.00,10.24,DStar
1932,6.07,AgentPrefab,Agent,MoveState,Moving,Goal,20.00,0.00,20.00,6.65,0.00,9.65,7.24,0.00,10.24,DStar
1933,6.07,AgentPrefab,Agent,MoveState,Moving,Goal,20.00,0.00,20.00,6.65,0.00,9.65,7.24,0.00,10.24,DStar
1934,6.07,AgentPrefab,Agent,MoveState,Moving,Goal,20.00,0.00,20.00,6.66,0.00,9.66,7.24,0.00,10.24,DStar
1935,6.08,AgentPrefab,Agent,MoveState,Moving,Goal,20.00,0.00,20.00,6.66,0.00,9.66,7.24,0.00,10.24,DStar
1936,6.08,AgentPrefab,Agent,MoveState,Moving,Goal,20.00,0.00,20.00,6.66,0.00,9.66,7.24,0.00,10.24,DStar
1937,6.08,AgentPrefab,Agent,MoveState,Moving,Goal,20.00,0.00,20.00,6.67,0.00,9.67,7.24,0.00,10.24,DStar
1938,6.09,AgentPrefab,Agent,MoveState,Moving,Goal,20.00,0.00,20.00,6.67,0.00,9.67,7.24,0.00,10.24,DStar
1939,6.09,AgentPrefab,Agent,MoveState,Moving,Goal,20.00,0.00,20.00,6.68,0.00,9.68,7.24,0.00,10.24,DStar
1940,6.09,AgentPrefab,Agent,MoveState,Moving,Goal,20.00,0.00,20.00,6.68,0.00,9.68,7.24,0.00,10.24,DStar
1941,6.09,AgentPrefab,Agent,MoveState,Moving,Goal,20.00,0.00,20.00,6.68,0.00,9.68,7.24,0.00,10.24,DStar
1942,6.10,AgentPrefab,Agent,MoveState,Moving,Goal,20.00,0.00,20.00,6.69,0.00,9.69,7.24,0.00,10.24,DStar
1943,6.10,AgentPrefab,Agent,MoveState,Moving,Goal,20.00,0.00,20.00,6.69,0.00,9.69,7.24,0.00,10.24,DStar
1944,6.10,AgentPrefab,Agent,MoveState,Moving,Goal,20.00,0.00,20.00,6.70,0.00,9.70,7.24,0.00,10.24,DStar
1945,6.10,AgentPrefab,Agent,MoveState,Moving,Goal,20.00,0.00,20.00,6.70,0.00,9.70,7.24,0.00,10.24,DStar
1946,6.11,AgentPrefab,Agent,MoveState,Moving,Goal,20.00,0.00,20.00,6.70,0.00,9.70,7.24,0.00,10.24,DStar
1947,6.11,AgentPrefab,Agent,MoveState,Moving,Goal,20.00,0.00,20.00,6.71,0.00,9.71,7.24,0.00,10.24,DStar
1948,6.11,AgentPrefab,Agent,MoveState,Moving,Goal,20.00,0.00,20.00,6.71,0.00,9.71,7.24,0.00,10.24,DStar
1949,6.12,AgentPrefab,Agent,MoveState,Moving,Goal,20.00,0.00,20.00,6.72,0.00,9.72,7.24,0.00,10.24,DStar
1950,6.12,AgentPrefab,Agent,MoveState,Moving,Goal,20.00,0.00,20.00,6.72,0.00,9.72,7.24,0.00,10.24,DStar
1951,6.12,AgentPrefab,Agent,MoveState,Moving,Goal,20.00,0.00,20.00,6.72,0.00,9.72,7.24,0.00,10.24,DStar
1952,6.12,AgentPrefab,Agent,MoveState,Moving,Goal,20.00,0.00,20.00,6.73,0.00,9.73,7.24,0.00,10.24,DStar
1953,6.13,AgentPrefab,Agent,MoveState,Moving,Goal,20.00,0.00,20.00,6.73,0.00,9.73,7.24,0.00,10.24,DStar
1954,6.13,AgentPrefab,Agent,MoveState,Moving,Goal,20.00,0.00,20.00,6.73,0.00,9.73,7.24,0.00,10.24,DStar
1955,6.13,AgentPrefab,Agent,MoveState,Moving,Goal,20.00,0.00,20.00,6.74,0.00,9.74,7.24,0.00,10.24,DStar
1956,6.13,AgentPrefab,Agent,MoveState,Moving,Goal,20.00,0.00,20.00,6.74,0.00,9.74,7.24,0.00,10.24,DStar
1957,6.14,AgentPrefab,Agent,MoveState,Moving,Goal,20.00,0.00,20.00,6.75,0.00,9.75,7.24,0.00,10.24,DStar
1958,6.14,AgentPrefab,Agent,MoveState,Moving,Goal,20.00,0.00,20.00,6.75,0.00,9.75,7.24,0.00,10.24,DStar
1959,6.14,AgentPrefab,Agent,MoveState,Moving,Goal,20.00,0.00,20.00,6.75,0.00,9.75,7.24,0.00,10.24,DStar
1960,6.15,AgentPrefab,Agent,MoveState,Moving,Goal,20.00,0.00,20.00,6.76,0.00,9.76,7.24,0.00,10.24,DStar
1961,6.15,AgentPrefab,Agent,MoveState,Moving,Goal,20.00,0.00,20.00,6.76,0.00,9.76,7.24,0.00,10.24,DStar
1962,6.15,AgentPrefab,Agent,MoveState,Moving,Goal,20.00,0.00,20.00,6.77,0.00,9.77,7.24,0.00,10.24,DStar
1963,6.15,AgentPrefab,Agent,MoveState,Moving,Goal,20.00,0.00,20.00,6.77,0.00,9.77,7.24,0.00,10.24,DStar
1964,6.16,AgentPrefab,Agent,MoveState,Moving,Goal,20.00,0.00,20.00,6.77,0.00,9.77,7.24,0.00,10.24,DStar
1965,6.16,AgentPrefab,Agent,MoveState,Moving,Goal,20.00,0.00,20.00,6.78,0.00,9.78,7.24,0.00,10.24,DStar
1966,6.16,AgentPrefab,Agent,MoveState,Moving,Goal,20.00,0.00,20.00,6.78,0.00,9.78,7.24,0.00,10.24,DStar
1967,6.17,AgentPrefab,Agent,MoveState,Moving,Goal,20.00,0.00,20.00,6.79,0.00,9.79,7.24,0.00,10.24,DStar
1968,6.17,AgentPrefab,Agent,MoveState,Moving,Goal,20.00,0.00,20.00,6.79,0.00,9.79,7.24,0.00,10.24,DStar
1969,6.17,AgentPrefab,Agent,MoveState,Moving,Goal,20.00,0.00,20.00,6.80,0.00,9.80,7.24,0.00,10.24,DStar
1970,6.18,AgentPrefab,Agent,MoveState,Moving,Goal,20.00,0.00,20.00,6.80,0.00,9.80,7.24,0.00,10.24,DStar
1971,6.18,AgentPrefab,Agent,MoveState,Moving,Goal,20.00,0.00,20.00,6.80,0.00,9.80,7.24,0.00,10.24,DStar
1972,6.18,AgentPrefab,Agent,MoveState,Moving,Goal,20.00,0.00,20.00,6.81,0.00,9.81,7.24,0.00,10.24,DStar
1973,6.18,AgentPrefab,Agent,MoveState,Moving,Goal,20.00,0.00,20.00,6.81,0.00,9.81,7.24,0.00,10.24,DStar
1974,6.19,AgentPrefab,Agent,MoveState,Moving,Goal,20.00,0.00,20.00,6.82,0.00,9.82,7.24,0.00,10.24,DStar
1975,6.19,AgentPrefab,Agent,MoveState,Moving,Goal,20.00,0.00,20.00,6.82,0.00,9.82,7.24,0.00,10.24,DStar
1976,6.19,AgentPrefab,Agent,MoveState,Moving,Goal,20.00,0.00,20.00,6.82,0.00,9.82,7.24,0.00,10.24,DStar
1977,6.19,AgentPrefab,Agent,MoveState,Moving,Goal,20.00,0.00,20.00,6.83,0.00,9.83,7.24,0.00,10.24,DStar
1978,6.20,AgentPrefab,Agent,MoveState,Moving,Goal,20.00,0.00,20.00,6.83,0.00,9.83,7.24,0.00,10.24,DStar
1979,6.20,AgentPrefab,Agent,MoveState,Moving,Goal,20.00,0.00,20.00,6.83,0.00,9.83,7.24,0.00,10.24,DStar
1980,6.20,AgentPrefab,Agent,MoveState,Moving,Goal,20.00,0.00,20.00,6.84,0.00,9.84,7.24,0.00,10.24,DStar
1981,6.20,AgentPrefab,Agent,MoveState,Moving,Goal,20.00,0.00,20.00,6.84,0.00,9.84,7.24,0.00,10.24,DStar
1982,6.21,AgentPrefab,Agent,MoveState,Moving,Goal,20.00,0.00,20.00,6.85,0.00,9.85,7.24,0.00,10.24,DStar
1983,6.21,AgentPrefab,Agent,MoveState,Moving,Goal,20.00,0.00,20.00,6.85,0.00,9.85,7.24,0.00,10.24,DStar
1984,6.21,AgentPrefab,Agent,MoveState,Moving,Goal,20.00,0.00,20.00,6.85,0.00,9.85,7.24,0.00,10.24,DStar
1985,6.22,AgentPrefab,Agent,MoveState,Moving,Goal,20.00,0.00,20.00,6.86,0.00,9.86,7.24,0.00,10.24,DStar
1986,6.22,AgentPrefab,Agent,MoveState,Moving,Goal,20.00,0.00,20.00,6.86,0.00,9.86,7.24,0.00,10.24,DStar
1987,6.22,AgentPrefab,Agent,MoveState,Moving,Goal,20.00,0.00,20.00,6.86,0.00,9.86,7.24,0.00,10.24,DStar
1988,6.22,AgentPrefab,Agent,MoveState,Moving,Goal,20.00,0.00,20.00,6.87,0.00,9.87,7.24,0.00,10.24,DStar
1989,6.23,AgentPrefab,Agent,MoveState,Moving,Goal,20.00,0.00,20.00,6.87,0.00,9.87,7.24,0.00,10.24,DStar
1990,6.23,AgentPrefab,Agent,MoveState,Moving,Goal,20.00,0.00,20.00,6.88,0.00,9.88,7.24,0.00,10.24,DStar
1991,6.23,AgentPrefab,Agent,MoveState,Moving,Goal,20.00,0.00,20.00,6.88,0.00,9.88,7.24,0.00,10.24,DStar
1992,6.24,AgentPrefab,Agent,MoveState,Moving,Goal,20.00,0.00,20.00,6.88,0.00,9.88,7.24,0.00,10.24,DStar
1993,6.24,AgentPrefab,Agent,MoveState,Moving,Goal,20.00,0.00,20.00,6.89,0.00,9.89,7.24,0.00,10.24,DStar
1994,6.24,AgentPrefab,Agent,MoveState,Moving,Goal,20.00,0.00,20.00,6.89,0.00,9.89,7.24,0.00,10.24,DStar
1995,6.25,AgentPrefab,Agent,MoveState,Moving,Goal,20.00,0.00,20.00,6.90,0.00,9.90,7.24,0.00,10.24,DStar
1996,6.25,AgentPrefab,Agent,MoveState,Moving,Goal,20.00,0.00,20.00,6.90,0.00,9.90,7.24,0.00,10.24,DStar
1997,6.25,AgentPrefab,Agent,MoveState,Moving,Goal,20.00,0.00,20.00,6.91,0.00,9.91,7.24,0.00,10.24,DStar
1998,6.25,AgentPrefab,Agent,MoveState,Moving,Goal,20.00,0.00,20.00,6.91,0.00,9.91,7.24,0.00,10.24,DStar
1999,6.26,AgentPrefab,Agent,MoveState,Moving,Goal,20.00,0.00,20.00,6.92,0.00,9.92,7.24,0.00,10.24,DStar
2000,6.26,AgentPrefab,Agent,MoveState,Moving,Goal,20.00,0.00,20.00,6.92,0.00,9.92,7.24,0.00,10.24,DStar
2001,6.26,AgentPrefab,Agent,MoveState,Moving,Goal,20.00,0.00,20.00,6.92,0.00,9.92,7.24,0.00,10.24,DStar
2002,6.27,AgentPrefab,Agent,MoveState,Moving,Goal,20.00,0.00,20.00,6.93,0.00,9.93,7.24,0.00,10.24,DStar
2003,6.27,AgentPrefab,Agent,MoveState,Moving,Goal,20.00,0.00,20.00,6.93,0.00,9.93,7.24,0.00,10.24,DStar
2004,6.27,AgentPrefab,Agent,MoveState,Moving,Goal,20.00,0.00,20.00,6.93,0.00,9.93,7.24,0.00,10.24,DStar
2005,6.27,AgentPrefab,Agent,MoveState,Moving,Goal,20.00,0.00,20.00,6.94,0.00,9.94,7.24,0.00,10.24,DStar
2006,6.28,AgentPrefab,Agent,MoveState,Moving,Goal,20.00,0.00,20.00,6.94,0.00,9.94,7.24,0.00,10.24,DStar
2007,6.28,AgentPrefab,Agent,MoveState,Moving,Goal,20.00,0.00,20.00,6.95,0.00,9.95,7.24,0.00,10.24,DStar
2008,6.28,AgentPrefab,Agent,MoveState,Moving,Goal,20.00,0.00,20.00,6.95,0.00,9.95,7.24,0.00,10.24,DStar
2009,6.29,AgentPrefab,Agent,MoveState,Moving,Goal,20.00,0.00,20.00,6.96,0.00,9.96,7.24,0.00,10.24,DStar
2010,6.29,AgentPrefab,Agent,MoveState,Moving,Goal,20.00,0.00,20.00,6.96,0.00,9.96,7.24,0.00,10.24,DStar
2011,6.29,AgentPrefab,Agent,MoveState,Moving,Goal,20.00,0.00,20.00,6.97,0.00,9.97,7.24,0.00,10.24,DStar
2012,6.30,AgentPrefab,Agent,MoveState,Moving,Goal,20.00,0.00,20.00,6.97,0.00,9.97,7.24,0.00,10.24,DStar
2013,6.30,AgentPrefab,Agent,MoveState,Moving,Goal,20.00,0.00,20.00,6.98,0.00,9.98,7.24,0.00,10.24,DStar
2014,6.30,AgentPrefab,Agent,MoveState,Moving,Goal,20.00,0.00,20.00,6.98,0.00,9.98,7.24,0.00,10.24,DStar
2015,6.31,AgentPrefab,Agent,MoveState,Moving,Goal,20.00,0.00,20.00,6.98,0.00,9.98,7.24,0.00,10.24,DStar
2016,6.31,AgentPrefab,Agent,MoveState,Moving,Goal,20.00,0.00,20.00,6.99,0.00,9.99,7.24,0.00,10.24,DStar
2017,6.31,AgentPrefab,Agent,MoveState,Moving,Goal,20.00,0.00,20.00,6.99,0.00,9.99,7.24,0.00,10.24,DStar
2018,6.31,AgentPrefab,Agent,MoveState,Moving,Goal,20.00,0.00,20.00,7.00,0.00,10.00,7.24,0.00,10.24,DStar
2019,6.32,AgentPrefab,Agent,MoveState,Moving,Goal,20.00,0.00,20.00,7.00,0.00,10.00,7.24,0.00,10.24,DStar
2020,6.32,AgentPrefab,Agent,MoveState,Moving,Goal,20.00,0.00,20.00,7.00,0.00,10.00,7.24,0.00,10.24,DStar
2021,6.32,AgentPrefab,Agent,MoveState,Moving,Goal,20.00,0.00,20.00,7.01,0.00,10.01,7.24,0.00,10.24,DStar
2022,6.33,AgentPrefab,Agent,MoveState,Moving,Goal,20.00,0.00,20.00,7.01,0.00,10.01,7.24,0.00,10.24,DStar
2023,6.33,AgentPrefab,Agent,MoveState,Moving,Goal,20.00,0.00,20.00,7.02,0.00,10.02,7.24,0.00,10.24,DStar
2024,6.33,AgentPrefab,Agent,MoveState,Moving,Goal,20.00,0.00,20.00,7.02,0.00,10.02,7.24,0.00,10.24,DStar
2025,6.33,AgentPrefab,Agent,MoveState,Moving,Goal,20.00,0.00,20.00,7.02,0.00,10.02,7.24,0.00,10.24,DStar
2026,6.34,AgentPrefab,Agent,MoveState,Moving,Goal,20.00,0.00,20.00,7.03,0.00,10.03,7.24,0.00,10.24,DStar
2027,6.34,AgentPrefab,Agent,MoveState,Moving,Goal,20.00,0.00,20.00,7.03,0.00,10.03,7.24,0.00,10.24,DStar
2028,6.35,AgentPrefab,Agent,MoveState,Moving,Goal,20.00,0.00,20.00,7.04,0.00,10.04,7.24,0.00,10.24,DStar
2029,6.35,AgentPrefab,Agent,MoveState,Moving,Goal,20.00,0.00,20.00,7.04,0.00,10.04,7.24,0.00,10.24,DStar
2030,6.35,AgentPrefab,Agent,MoveState,Moving,Goal,20.00,0.00,20.00,7.05,0.00,10.05,7.24,0.00,10.24,DStar
2031,6.36,AgentPrefab,Agent,MoveState,Moving,Goal,20.00,0.00,20.00,7.05,0.00,10.05,7.24,0.00,10.24,DStar
2032,6.36,AgentPrefab,Agent,MoveState,Moving,Goal,20.00,0.00,20.00,7.06,0.00,10.06,7.24,0.00,10.24,DStar
2033,6.36,AgentPrefab,Agent,MoveState,Moving,Goal,20.00,0.00,20.00,7.06,0.00,10.06,7.24,0.00,10.24,DStar
2034,6.36,AgentPrefab,Agent,MoveState,Moving,Goal,20.00,0.00,20.00,7.07,0.00,10.07,7.24,0.00,10.24,DStar
2035,6.37,AgentPrefab,Agent,MoveState,Moving,Goal,20.00,0.00,20.00,7.07,0.00,10.07,7.24,0.00,10.24,DStar
2036,6.37,AgentPrefab,Agent,MoveState,Moving,Goal,20.00,0.00,20.00,7.07,0.00,10.07,7.24,0.00,10.24,DStar
2037,6.37,AgentPrefab,Agent,MoveState,Moving,Goal,20.00,0.00,20.00,7.08,0.00,10.08,7.24,0.00,10.24,DStar
2038,6.38,AgentPrefab,Agent,MoveState,Moving,Goal,20.00,0.00,20.00,7.09,0.00,10.09,7.24,0.00,10.24,DStar
2039,6.38,AgentPrefab,Agent,MoveState,Moving,Goal,20.00,0.00,20.00,7.09,0.00,10.09,7.24,0.00,10.24,DStar
2040,6.38,AgentPrefab,Agent,MoveState,Moving,Goal,20.00,0.00,20.00,7.09,0.00,10.09,7.24,0.00,10.24,DStar
2041,6.39,AgentPrefab,Agent,MoveState,Moving,Goal,20.00,0.00,20.00,7.10,0.00,10.10,7.24,0.00,10.24,DStar
2042,6.39,AgentPrefab,Agent,MoveState,Moving,Goal,20.00,0.00,20.00,7.11,0.00,10.11,7.24,0.00,10.24,DStar
2043,6.39,AgentPrefab,Agent,MoveState,Moving,Goal,20.00,0.00,20.00,7.11,0.00,10.11,7.24,0.00,10.24,DStar
2044,6.40,AgentPrefab,Agent,MoveState,Moving,Goal,20.00,0.00,20.00,7.11,0.00,10.11,7.24,0.00,10.24,DStar
2045,6.40,AgentPrefab,Agent,MoveState,Moving,Goal,20.00,0.00,20.00,7.12,0.00,10.12,7.24,0.00,10.24,DStar
2046,6.40,AgentPrefab,Agent,MoveState,Moving,Goal,20.00,0.00,20.00,7.12,0.00,10.12,7.24,0.00,10.24,DStar
2047,6.40,AgentPrefab,Agent,MoveState,Moving,Goal,20.00,0.00,20.00,7.12,0.00,10.12,7.24,0.00,10.24,DStar
2048,6.41,AgentPrefab,Agent,MoveState,Moving,Goal,20.00,0.00,20.00,7.13,0.00,10.13,7.24,0.00,10.24,DStar
2049,6.41,AgentPrefab,Agent,MoveState,Moving,Goal,20.00,0.00,20.00,7.13,0.00,10.13,7.24,0.00,10.24,DStar
2050,6.41,AgentPrefab,Agent,MoveState,Moving,Goal,20.00,0.00,20.00,7.13,0.00,10.13,7.24,0.00,10.24,DStar
2051,6.41,AgentPrefab,Agent,MoveState,Moving,Goal,20.00,0.00,20.00,7.14,0.00,10.14,7.24,0.00,10.24,DStar
2052,6.42,AgentPrefab,Agent,MoveState,Moving,Goal,20.00,0.00,20.00,7.14,0.00,10.14,7.24,0.00,10.24,DStar
2053,6.42,AgentPrefab,Agent,MoveState,Moving,Goal,20.00,0.00,20.00,7.15,0.00,10.15,7.24,0.00,10.24,DStar
2054,6.42,AgentPrefab,Agent,MoveState,Moving,Goal,20.00,0.00,20.00,7.15,0.00,10.15,7.24,0.00,10.24,DStar
2055,6.43,AgentPrefab,Agent,MoveState,Moving,Goal,20.00,0.00,20.00,7.16,0.00,10.16,7.24,0.00,10.24,DStar
2056,6.43,AgentPrefab,Agent,MoveState,Moving,Goal,20.00,0.00,20.00,7.16,0.00,10.16,7.24,0.00,10.24,DStar
2057,6.44,AgentPrefab,Agent,MoveState,Moving,Goal,20.00,0.00,20.00,7.17,0.00,10.17,7.24,0.00,10.24,DStar
2058,6.44,AgentPrefab,Agent,MoveState,Moving,Goal,20.00,0.00,20.00,7.17,0.00,10.17,7.24,0.00,10.24,DStar
2059,6.44,AgentPrefab,Agent,MoveState,Moving,Goal,20.00,0.00,20.00,7.18,0.00,10.18,7.24,0.00,10.24,DStar
2060,6.45,AgentPrefab,Agent,MoveState,Moving,Goal,20.00,0.00,20.00,7.18,0.00,10.18,7.24,0.00,10.24,DStar
2061,6.45,AgentPrefab,Agent,MoveState,Moving,Goal,20.00,0.00,20.00,7.19,0.00,10.19,7.24,0.00,10.24,DStar
2062,6.46,AgentPrefab,Agent,MoveState,Moving,Goal,20.00,0.00,20.00,7.20,0.00,10.20,7.24,0.00,10.24,DStar
2063,6.46,AgentPrefab,Agent,MoveState,Moving,Goal,20.00,0.00,20.00,7.24,0.00,10.24,8.24,0.00,11.24,DStar
2064,6.47,AgentPrefab,Agent,MoveState,Moving,Goal,20.00,0.00,20.00,7.25,0.00,10.25,8.24,0.00,11.24,DStar
2065,6.47,AgentPrefab,Agent,MoveState,Moving,Goal,20.00,0.00,20.00,7.25,0.00,10.25,8.24,0.00,11.24,DStar
2066,6.47,AgentPrefab,Agent,MoveState,Moving,Goal,20.00,0.00,20.00,7.26,0.00,10.26,8.24,0.00,11.24,DStar
2067,6.48,AgentPrefab,Agent,MoveState,Moving,Goal,20.00,0.00,20.00,7.26,0.00,10.26,8.24,0.00,11.24,DStar
2068,6.48,AgentPrefab,Agent,MoveState,Moving,Goal,20.00,0.00,20.00,7.27,0.00,10.27,8.24,0.00,11.24,DStar
2069,6.48,AgentPrefab,Agent,MoveState,Moving,Goal,20.00,0.00,20.00,7.27,0.00,10.27,8.24,0.00,11.24,DStar
2070,6.49,AgentPrefab,Agent,MoveState,Moving,Goal,20.00,0.00,20.00,7.27,0.00,10.27,8.24,0.00,11.24,DStar
2071,6.49,AgentPrefab,Agent,MoveState,Moving,Goal,20.00,0.00,20.00,7.28,0.00,10.28,8.24,0.00,11.24,DStar
2072,6.49,AgentPrefab,Agent,MoveState,Moving,Goal,20.00,0.00,20.00,7.28,0.00,10.28,8.24,0.00,11.24,DStar
2073,6.49,AgentPrefab,Agent,MoveState,Moving,Goal,20.00,0.00,20.00,7.28,0.00,10.28,8.24,0.00,11.24,DStar
2074,6.50,AgentPrefab,Agent,MoveState,Moving,Goal,20.00,0.00,20.00,7.29,0.00,10.29,8.24,0.00,11.24,DStar
2075,6.50,AgentPrefab,Agent,MoveState,Moving,Goal,20.00,0.00,20.00,7.29,0.00,10.29,8.24,0.00,11.24,DStar
2076,6.50,AgentPrefab,Agent,MoveState,Moving,Goal,20.00,0.00,20.00,7.30,0.00,10.30,8.24,0.00,11.24,DStar
2077,6.51,AgentPrefab,Agent,MoveState,Moving,Goal,20.00,0.00,20.00,7.30,0.00,10.30,8.24,0.00,11.24,DStar
2078,6.51,AgentPrefab,Agent,MoveState,Moving,Goal,20.00,0.00,20.00,7.30,0.00,10.30,8.24,0.00,11.24,DStar
2079,6.51,AgentPrefab,Agent,MoveState,Moving,Goal,20.00,0.00,20.00,7.31,0.00,10.31,8.24,0.00,11.24,DStar
2080,6.51,AgentPrefab,Agent,MoveState,Moving,Goal,20.00,0.00,20.00,7.31,0.00,10.31,8.24,0.00,11.24,DStar
2081,6.52,AgentPrefab,Agent,MoveState,Moving,Goal,20.00,0.00,20.00,7.32,0.00,10.32,8.24,0.00,11.24,DStar
2082,6.52,AgentPrefab,Agent,MoveState,Moving,Goal,20.00,0.00,20.00,7.32,0.00,10.32,8.24,0.00,11.24,DStar
2083,6.52,AgentPrefab,Agent,MoveState,Moving,Goal,20.00,0.00,20.00,7.32,0.00,10.32,8.24,0.00,11.24,DStar
2084,6.52,AgentPrefab,Agent,MoveState,Moving,Goal,20.00,0.00,20.00,7.33,0.00,10.33,8.24,0.00,11.24,DStar
2085,6.53,AgentPrefab,Agent,MoveState,Moving,Goal,20.00,0.00,20.00,7.33,0.00,10.33,8.24,0.00,11.24,DStar
2086,6.53,AgentPrefab,Agent,MoveState,Moving,Goal,20.00,0.00,20.00,7.34,0.00,10.34,8.24,0.00,11.24,DStar
2087,6.53,AgentPrefab,Agent,MoveState,Moving,Goal,20.00,0.00,20.00,7.34,0.00,10.34,8.24,0.00,11.24,DStar
2088,6.54,AgentPrefab,Agent,MoveState,Moving,Goal,20.00,0.00,20.00,7.34,0.00,10.34,8.24,0.00,11.24,DStar
2089,6.54,AgentPrefab,Agent,MoveState,Moving,Goal,20.00,0.00,20.00,7.35,0.00,10.35,8.24,0.00,11.24,DStar
2090,6.54,AgentPrefab,Agent,MoveState,Moving,Goal,20.00,0.00,20.00,7.35,0.00,10.35,8.24,0.00,11.24,DStar
2091,6.54,AgentPrefab,Agent,MoveState,Moving,Goal,20.00,0.00,20.00,7.35,0.00,10.35,8.24,0.00,11.24,DStar
2092,6.55,AgentPrefab,Agent,MoveState,Moving,Goal,20.00,0.00,20.00,7.36,0.00,10.36,8.24,0.00,11.24,DStar
2093,6.55,AgentPrefab,Agent,MoveState,Moving,Goal,20.00,0.00,20.00,7.36,0.00,10.36,8.24,0.00,11.24,DStar
2094,6.55,AgentPrefab,Agent,MoveState,Moving,Goal,20.00,0.00,20.00,7.37,0.00,10.37,8.24,0.00,11.24,DStar
2095,6.55,AgentPrefab,Agent,MoveState,Moving,Goal,20.00,0.00,20.00,7.37,0.00,10.37,8.24,0.00,11.24,DStar
2096,6.56,AgentPrefab,Agent,MoveState,Moving,Goal,20.00,0.00,20.00,7.37,0.00,10.37,8.24,0.00,11.24,DStar
2097,6.56,AgentPrefab,Agent,MoveState,Moving,Goal,20.00,0.00,20.00,7.38,0.00,10.38,8.24,0.00,11.24,DStar
2098,6.56,AgentPrefab,Agent,MoveState,Moving,Goal,20.00,0.00,20.00,7.38,0.00,10.38,8.24,0.00,11.24,DStar
2099,6.56,AgentPrefab,Agent,MoveState,Moving,Goal,20.00,0.00,20.00,7.38,0.00,10.38,8.24,0.00,11.24,DStar
2100,6.57,AgentPrefab,Agent,MoveState,Moving,Goal,20.00,0.00,20.00,7.39,0.00,10.39,8.24,0.00,11.24,DStar
2101,6.57,AgentPrefab,Agent,MoveState,Moving,Goal,20.00,0.00,20.00,7.39,0.00,10.39,8.24,0.00,11.24,DStar
2102,6.57,AgentPrefab,Agent,MoveState,Moving,Goal,20.00,0.00,20.00,7.40,0.00,10.40,8.24,0.00,11.24,DStar
2103,6.57,AgentPrefab,Agent,MoveState,Moving,Goal,20.00,0.00,20.00,7.40,0.00,10.40,8.24,0.00,11.24,DStar
2104,6.58,AgentPrefab,Agent,MoveState,Moving,Goal,20.00,0.00,20.00,7.40,0.00,10.40,8.24,0.00,11.24,DStar
2105,6.58,AgentPrefab,Agent,MoveState,Moving,Goal,20.00,0.00,20.00,7.41,0.00,10.41,8.24,0.00,11.24,DStar
2106,6.58,AgentPrefab,Agent,MoveState,Moving,Goal,20.00,0.00,20.00,7.41,0.00,10.41,8.24,0.00,11.24,DStar
2107,6.58,AgentPrefab,Agent,MoveState,Moving,Goal,20.00,0.00,20.00,7.41,0.00,10.41,8.24,0.00,11.24,DStar
2108,6.59,AgentPrefab,Agent,MoveState,Moving,Goal,20.00,0.00,20.00,7.42,0.00,10.42,8.24,0.00,11.24,DStar
2109,6.59,AgentPrefab,Agent,MoveState,Moving,Goal,20.00,0.00,20.00,7.42,0.00,10.42,8.24,0.00,11.24,DStar
2110,6.59,AgentPrefab,Agent,MoveState,Moving,Goal,20.00,0.00,20.00,7.43,0.00,10.43,8.24,0.00,11.24,DStar
2111,6.60,AgentPrefab,Agent,MoveState,Moving,Goal,20.00,0.00,20.00,7.43,0.00,10.43,8.24,0.00,11.24,DStar
2112,6.60,AgentPrefab,Agent,MoveState,Moving,Goal,20.00,0.00,20.00,7.43,0.00,10.43,8.24,0.00,11.24,DStar
2113,6.60,AgentPrefab,Agent,MoveState,Moving,Goal,20.00,0.00,20.00,7.44,0.00,10.44,8.24,0.00,11.24,DStar
2114,6.60,AgentPrefab,Agent,MoveState,Moving,Goal,20.00,0.00,20.00,7.44,0.00,10.44,8.24,0.00,11.24,DStar
2115,6.61,AgentPrefab,Agent,MoveState,Moving,Goal,20.00,0.00,20.00,7.44,0.00,10.44,8.24,0.00,11.24,DStar
2116,6.61,AgentPrefab,Agent,MoveState,Moving,Goal,20.00,0.00,20.00,7.45,0.00,10.45,8.24,0.00,11.24,DStar
2117,6.61,AgentPrefab,Agent,MoveState,Moving,Goal,20.00,0.00,20.00,7.45,0.00,10.45,8.24,0.00,11.24,DStar
2118,6.61,AgentPrefab,Agent,MoveState,Moving,Goal,20.00,0.00,20.00,7.46,0.00,10.46,8.24,0.00,11.24,DStar
2119,6.62,AgentPrefab,Agent,MoveState,Moving,Goal,20.00,0.00,20.00,7.46,0.00,10.46,8.24,0.00,11.24,DStar
2120,6.62,AgentPrefab,Agent,MoveState,Moving,Goal,20.00,0.00,20.00,7.46,0.00,10.46,8.24,0.00,11.24,DStar
2121,6.62,AgentPrefab,Agent,MoveState,Moving,Goal,20.00,0.00,20.00,7.47,0.00,10.47,8.24,0.00,11.24,DStar
2122,6.63,AgentPrefab,Agent,MoveState,Moving,Goal,20.00,0.00,20.00,7.47,0.00,10.47,8.24,0.00,11.24,DStar
2123,6.63,AgentPrefab,Agent,MoveState,Moving,Goal,20.00,0.00,20.00,7.48,0.00,10.48,8.24,0.00,11.24,DStar
2124,6.63,AgentPrefab,Agent,MoveState,Moving,Goal,20.00,0.00,20.00,7.48,0.00,10.48,8.24,0.00,11.24,DStar
2125,6.63,AgentPrefab,Agent,MoveState,Moving,Goal,20.00,0.00,20.00,7.48,0.00,10.48,8.24,0.00,11.24,DStar
2126,6.64,AgentPrefab,Agent,MoveState,Moving,Goal,20.00,0.00,20.00,7.49,0.00,10.49,8.24,0.00,11.24,DStar
2127,6.64,AgentPrefab,Agent,MoveState,Moving,Goal,20.00,0.00,20.00,7.49,0.00,10.49,8.24,0.00,11.24,DStar
2128,6.64,AgentPrefab,Agent,MoveState,Moving,Goal,20.00,0.00,20.00,7.50,0.00,10.50,8.24,0.00,11.24,DStar
2129,6.64,AgentPrefab,Agent,MoveState,Moving,Goal,20.00,0.00,20.00,7.50,0.00,10.50,8.24,0.00,11.24,DStar
2130,6.65,AgentPrefab,Agent,MoveState,Moving,Goal,20.00,0.00,20.00,7.50,0.00,10.50,8.24,0.00,11.24,DStar
2131,6.65,AgentPrefab,Agent,MoveState,Moving,Goal,20.00,0.00,20.00,7.51,0.00,10.51,8.24,0.00,11.24,DStar
2132,6.66,AgentPrefab,Agent,MoveState,Moving,Goal,20.00,0.00,20.00,7.52,0.00,10.52,8.24,0.00,11.24,DStar
2133,6.66,AgentPrefab,Agent,MoveState,Moving,Goal,20.00,0.00,20.00,7.52,0.00,10.52,8.24,0.00,11.24,DStar
2134,6.66,AgentPrefab,Agent,MoveState,Moving,Goal,20.00,0.00,20.00,7.52,0.00,10.52,8.24,0.00,11.24,DStar
2135,6.67,AgentPrefab,Agent,MoveState,Moving,Goal,20.00,0.00,20.00,7.53,0.00,10.53,8.24,0.00,11.24,DStar
2136,6.67,AgentPrefab,Agent,MoveState,Moving,Goal,20.00,0.00,20.00,7.53,0.00,10.53,8.24,0.00,11.24,DStar
2137,6.67,AgentPrefab,Agent,MoveState,Moving,Goal,20.00,0.00,20.00,7.54,0.00,10.54,8.24,0.00,11.24,DStar
2138,6.67,AgentPrefab,Agent,MoveState,Moving,Goal,20.00,0.00,20.00,7.54,0.00,10.54,8.24,0.00,11.24,DStar
2139,6.68,AgentPrefab,Agent,MoveState,Moving,Goal,20.00,0.00,20.00,7.54,0.00,10.54,8.24,0.00,11.24,DStar
2140,6.68,AgentPrefab,Agent,MoveState,Moving,Goal,20.00,0.00,20.00,7.55,0.00,10.55,8.24,0.00,11.24,DStar
2141,6.68,AgentPrefab,Agent,MoveState,Moving,Goal,20.00,0.00,20.00,7.55,0.00,10.55,8.24,0.00,11.24,DStar
2142,6.68,AgentPrefab,Agent,MoveState,Moving,Goal,20.00,0.00,20.00,7.55,0.00,10.55,8.24,0.00,11.24,DStar
2143,6.69,AgentPrefab,Agent,MoveState,Moving,Goal,20.00,0.00,20.00,7.56,0.00,10.56,8.24,0.00,11.24,DStar
2144,6.69,AgentPrefab,Agent,MoveState,Moving,Goal,20.00,0.00,20.00,7.56,0.00,10.56,8.24,0.00,11.24,DStar
2145,6.69,AgentPrefab,Agent,MoveState,Moving,Goal,20.00,0.00,20.00,7.57,0.00,10.57,8.24,0.00,11.24,DStar
2146,6.69,AgentPrefab,Agent,MoveState,Moving,Goal,20.00,0.00,20.00,7.57,0.00,10.57,8.24,0.00,11.24,DStar
2147,6.70,AgentPrefab,Agent,MoveState,Moving,Goal,20.00,0.00,20.00,7.57,0.00,10.57,8.24,0.00,11.24,DStar
2148,6.70,AgentPrefab,Agent,MoveState,Moving,Goal,20.00,0.00,20.00,7.58,0.00,10.58,8.24,0.00,11.24,DStar
2149,6.70,AgentPrefab,Agent,MoveState,Moving,Goal,20.00,0.00,20.00,7.58,0.00,10.58,8.24,0.00,11.24,DStar
2150,6.71,AgentPrefab,Agent,MoveState,Moving,Goal,20.00,0.00,20.00,7.58,0.00,10.58,8.24,0.00,11.24,DStar
2151,6.71,AgentPrefab,Agent,MoveState,Moving,Goal,20.00,0.00,20.00,7.59,0.00,10.59,8.24,0.00,11.24,DStar
2152,6.71,AgentPrefab,Agent,MoveState,Moving,Goal,20.00,0.00,20.00,7.59,0.00,10.59,8.24,0.00,11.24,DStar
2153,6.71,AgentPrefab,Agent,MoveState,Moving,Goal,20.00,0.00,20.00,7.60,0.00,10.60,8.24,0.00,11.24,DStar
2154,6.72,AgentPrefab,Agent,MoveState,Moving,Goal,20.00,0.00,20.00,7.60,0.00,10.60,8.24,0.00,11.24,DStar
2155,6.72,AgentPrefab,Agent,MoveState,Moving,Goal,20.00,0.00,20.00,7.60,0.00,10.60,8.24,0.00,11.24,DStar
2156,6.72,AgentPrefab,Agent,MoveState,Moving,Goal,20.00,0.00,20.00,7.61,0.00,10.61,8.24,0.00,11.24,DStar
2157,6.72,AgentPrefab,Agent,MoveState,Moving,Goal,20.00,0.00,20.00,7.61,0.00,10.61,8.24,0.00,11.24,DStar
2158,6.73,AgentPrefab,Agent,MoveState,Moving,Goal,20.00,0.00,20.00,7.61,0.00,10.61,8.24,0.00,11.24,DStar
2159,6.73,AgentPrefab,Agent,MoveState,Moving,Goal,20.00,0.00,20.00,7.62,0.00,10.62,8.24,0.00,11.24,DStar
2160,6.73,AgentPrefab,Agent,MoveState,Moving,Goal,20.00,0.00,20.00,7.62,0.00,10.62,8.24,0.00,11.24,DStar
2161,6.73,AgentPrefab,Agent,MoveState,Moving,Goal,20.00,0.00,20.00,7.63,0.00,10.63,8.24,0.00,11.24,DStar
2162,6.74,AgentPrefab,Agent,MoveState,Moving,Goal,20.00,0.00,20.00,7.63,0.00,10.63,8.24,0.00,11.24,DStar
2163,6.74,AgentPrefab,Agent,MoveState,Moving,Goal,20.00,0.00,20.00,7.63,0.00,10.63,8.24,0.00,11.24,DStar
2164,6.74,AgentPrefab,Agent,MoveState,Moving,Goal,20.00,0.00,20.00,7.64,0.00,10.64,8.24,0.00,11.24,DStar
2165,6.75,AgentPrefab,Agent,MoveState,Moving,Goal,20.00,0.00,20.00,7.64,0.00,10.64,8.24,0.00,11.24,DStar
2166,6.75,AgentPrefab,Agent,MoveState,Moving,Goal,20.00,0.00,20.00,7.64,0.00,10.64,8.24,0.00,11.24,DStar
2167,6.75,AgentPrefab,Agent,MoveState,Moving,Goal,20.00,0.00,20.00,7.65,0.00,10.65,8.24,0.00,11.24,DStar
2168,6.75,AgentPrefab,Agent,MoveState,Moving,Goal,20.00,0.00,20.00,7.65,0.00,10.65,8.24,0.00,11.24,DStar
2169,6.76,AgentPrefab,Agent,MoveState,Moving,Goal,20.00,0.00,20.00,7.66,0.00,10.66,8.24,0.00,11.24,DStar
2170,6.76,AgentPrefab,Agent,MoveState,Moving,Goal,20.00,0.00,20.00,7.66,0.00,10.66,8.24,0.00,11.24,DStar
2171,6.76,AgentPrefab,Agent,MoveState,Moving,Goal,20.00,0.00,20.00,7.66,0.00,10.66,8.24,0.00,11.24,DStar
2172,6.76,AgentPrefab,Agent,MoveState,Moving,Goal,20.00,0.00,20.00,7.67,0.00,10.67,8.24,0.00,11.24,DStar
2173,6.77,AgentPrefab,Agent,MoveState,Moving,Goal,20.00,0.00,20.00,7.67,0.00,10.67,8.24,0.00,11.24,DStar
2174,6.77,AgentPrefab,Agent,MoveState,Moving,Goal,20.00,0.00,20.00,7.68,0.00,10.68,8.24,0.00,11.24,DStar
2175,6.77,AgentPrefab,Agent,MoveState,Moving,Goal,20.00,0.00,20.00,7.68,0.00,10.68,8.24,0.00,11.24,DStar
2176,6.78,AgentPrefab,Agent,MoveState,Moving,Goal,20.00,0.00,20.00,7.68,0.00,10.68,8.24,0.00,11.24,DStar
2177,6.78,AgentPrefab,Agent,MoveState,Moving,Goal,20.00,0.00,20.00,7.69,0.00,10.69,8.24,0.00,11.24,DStar
2178,6.78,AgentPrefab,Agent,MoveState,Moving,Goal,20.00,0.00,20.00,7.69,0.00,10.69,8.24,0.00,11.24,DStar
2179,6.79,AgentPrefab,Agent,MoveState,Moving,Goal,20.00,0.00,20.00,7.70,0.00,10.70,8.24,0.00,11.24,DStar
2180,6.79,AgentPrefab,Agent,MoveState,Moving,Goal,20.00,0.00,20.00,7.70,0.00,10.70,8.24,0.00,11.24,DStar
2181,6.79,AgentPrefab,Agent,MoveState,Moving,Goal,20.00,0.00,20.00,7.71,0.00,10.71,8.24,0.00,11.24,DStar
2182,6.80,AgentPrefab,Agent,MoveState,Moving,Goal,20.00,0.00,20.00,7.71,0.00,10.71,8.24,0.00,11.24,DStar
2183,6.80,AgentPrefab,Agent,MoveState,Moving,Goal,20.00,0.00,20.00,7.72,0.00,10.72,8.24,0.00,11.24,DStar
2184,6.80,AgentPrefab,Agent,MoveState,Moving,Goal,20.00,0.00,20.00,7.72,0.00,10.72,8.24,0.00,11.24,DStar
2185,6.81,AgentPrefab,Agent,MoveState,Moving,Goal,20.00,0.00,20.00,7.73,0.00,10.73,8.24,0.00,11.24,DStar
2186,6.81,AgentPrefab,Agent,MoveState,Moving,Goal,20.00,0.00,20.00,7.73,0.00,10.73,8.24,0.00,11.24,DStar
2187,6.81,AgentPrefab,Agent,MoveState,Moving,Goal,20.00,0.00,20.00,7.74,0.00,10.74,8.24,0.00,11.24,DStar
2188,6.82,AgentPrefab,Agent,MoveState,Moving,Goal,20.00,0.00,20.00,7.74,0.00,10.74,8.24,0.00,11.24,DStar
2189,6.82,AgentPrefab,Agent,MoveState,Moving,Goal,20.00,0.00,20.00,7.74,0.00,10.74,8.24,0.00,11.24,DStar
2190,6.82,AgentPrefab,Agent,MoveState,Moving,Goal,20.00,0.00,20.00,7.75,0.00,10.75,8.24,0.00,11.24,DStar
2191,6.83,AgentPrefab,Agent,MoveState,Moving,Goal,20.00,0.00,20.00,7.75,0.00,10.75,8.24,0.00,11.24,DStar
2192,6.83,AgentPrefab,Agent,MoveState,Moving,Goal,20.00,0.00,20.00,7.76,0.00,10.76,8.24,0.00,11.24,DStar
2193,6.83,AgentPrefab,Agent,MoveState,Moving,Goal,20.00,0.00,20.00,7.76,0.00,10.76,8.24,0.00,11.24,DStar
2194,6.83,AgentPrefab,Agent,MoveState,Moving,Goal,20.00,0.00,20.00,7.77,0.00,10.77,8.24,0.00,11.24,DStar
2195,6.84,AgentPrefab,Agent,MoveState,Moving,Goal,20.00,0.00,20.00,7.77,0.00,10.77,8.24,0.00,11.24,DStar
2196,6.84,AgentPrefab,Agent,MoveState,Moving,Goal,20.00,0.00,20.00,7.77,0.00,10.77,8.24,0.00,11.24,DStar
2197,6.84,AgentPrefab,Agent,MoveState,Moving,Goal,20.00,0.00,20.00,7.78,0.00,10.78,8.24,0.00,11.24,DStar
2198,6.85,AgentPrefab,Agent,MoveState,Moving,Goal,20.00,0.00,20.00,7.78,0.00,10.78,8.24,0.00,11.24,DStar
2199,6.85,AgentPrefab,Agent,MoveState,Moving,Goal,20.00,0.00,20.00,7.79,0.00,10.79,8.24,0.00,11.24,DStar
2200,6.86,AgentPrefab,Agent,MoveState,Moving,Goal,20.00,0.00,20.00,7.80,0.00,10.80,8.24,0.00,11.24,DStar
2201,6.86,AgentPrefab,Agent,MoveState,Moving,Goal,20.00,0.00,20.00,7.80,0.00,10.80,8.24,0.00,11.24,DStar
2202,6.86,AgentPrefab,Agent,MoveState,Moving,Goal,20.00,0.00,20.00,7.81,0.00,10.81,8.24,0.00,11.24,DStar
2203,6.87,AgentPrefab,Agent,MoveState,Moving,Goal,20.00,0.00,20.00,7.81,0.00,10.81,8.24,0.00,11.24,DStar
2204,6.87,AgentPrefab,Agent,MoveState,Moving,Goal,20.00,0.00,20.00,7.81,0.00,10.81,8.24,0.00,11.24,DStar
2205,6.87,AgentPrefab,Agent,MoveState,Moving,Goal,20.00,0.00,20.00,7.82,0.00,10.82,8.24,0.00,11.24,DStar
2206,6.88,AgentPrefab,Agent,MoveState,Moving,Goal,20.00,0.00,20.00,7.83,0.00,10.83,8.24,0.00,11.24,DStar
2207,6.88,AgentPrefab,Agent,MoveState,Moving,Goal,20.00,0.00,20.00,7.83,0.00,10.83,8.24,0.00,11.24,DStar
2208,6.88,AgentPrefab,Agent,MoveState,Moving,Goal,20.00,0.00,20.00,7.83,0.00,10.83,8.24,0.00,11.24,DStar
2209,6.89,AgentPrefab,Agent,MoveState,Moving,Goal,20.00,0.00,20.00,7.84,0.00,10.84,8.24,0.00,11.24,DStar
2210,6.89,AgentPrefab,Agent,MoveState,Moving,Goal,20.00,0.00,20.00,7.84,0.00,10.84,8.24,0.00,11.24,DStar
2211,6.89,AgentPrefab,Agent,MoveState,Moving,Goal,20.00,0.00,20.00,7.85,0.00,10.85,8.24,0.00,11.24,DStar
2212,6.89,AgentPrefab,Agent,MoveState,Moving,Goal,20.00,0.00,20.00,7.85,0.00,10.85,8.24,0.00,11.24,DStar
2213,6.90,AgentPrefab,Agent,MoveState,Moving,Goal,20.00,0.00,20.00,7.86,0.00,10.86,8.24,0.00,11.24,DStar
2214,6.90,AgentPrefab,Agent,MoveState,Moving,Goal,20.00,0.00,20.00,7.86,0.00,10.86,8.24,0.00,11.24,DStar
2215,6.90,AgentPrefab,Agent,MoveState,Moving,Goal,20.00,0.00,20.00,7.86,0.00,10.86,8.24,0.00,11.24,DStar
2216,6.91,AgentPrefab,Agent,MoveState,Moving,Goal,20.00,0.00,20.00,7.87,0.00,10.87,8.24,0.00,11.24,DStar
2217,6.91,AgentPrefab,Agent,MoveState,Moving,Goal,20.00,0.00,20.00,7.87,0.00,10.87,8.24,0.00,11.24,DStar
2218,6.91,AgentPrefab,Agent,MoveState,Moving,Goal,20.00,0.00,20.00,7.88,0.00,10.88,8.24,0.00,11.24,DStar
2219,6.92,AgentPrefab,Agent,MoveState,Moving,Goal,20.00,0.00,20.00,7.88,0.00,10.88,8.24,0.00,11.24,DStar
2220,6.92,AgentPrefab,Agent,MoveState,Moving,Goal,20.00,0.00,20.00,7.89,0.00,10.89,8.24,0.00,11.24,DStar
2221,6.92,AgentPrefab,Agent,MoveState,Moving,Goal,20.00,0.00,20.00,7.89,0.00,10.89,8.24,0.00,11.24,DStar
2222,6.92,AgentPrefab,Agent,MoveState,Moving,Goal,20.00,0.00,20.00,7.89,0.00,10.89,8.24,0.00,11.24,DStar
2223,6.93,AgentPrefab,Agent,MoveState,Moving,Goal,20.00,0.00,20.00,7.90,0.00,10.90,8.24,0.00,11.24,DStar
2224,6.93,AgentPrefab,Agent,MoveState,Moving,Goal,20.00,0.00,20.00,7.90,0.00,10.90,8.24,0.00,11.24,DStar
2225,6.93,AgentPrefab,Agent,MoveState,Moving,Goal,20.00,0.00,20.00,7.91,0.00,10.91,8.24,0.00,11.24,DStar
2226,6.94,AgentPrefab,Agent,MoveState,Moving,Goal,20.00,0.00,20.00,7.91,0.00,10.91,8.24,0.00,11.24,DStar
2227,6.94,AgentPrefab,Agent,MoveState,Moving,Goal,20.00,0.00,20.00,7.92,0.00,10.92,8.24,0.00,11.24,DStar
2228,6.94,AgentPrefab,Agent,MoveState,Moving,Goal,20.00,0.00,20.00,7.92,0.00,10.92,8.24,0.00,11.24,DStar
2229,6.95,AgentPrefab,Agent,MoveState,Moving,Goal,20.00,0.00,20.00,7.92,0.00,10.92,8.24,0.00,11.24,DStar
2230,6.95,AgentPrefab,Agent,MoveState,Moving,Goal,20.00,0.00,20.00,7.93,0.00,10.93,8.24,0.00,11.24,DStar
2231,6.95,AgentPrefab,Agent,MoveState,Moving,Goal,20.00,0.00,20.00,7.93,0.00,10.93,8.24,0.00,11.24,DStar
2232,6.96,AgentPrefab,Agent,MoveState,Moving,Goal,20.00,0.00,20.00,7.94,0.00,10.94,8.24,0.00,11.24,DStar
2233,6.96,AgentPrefab,Agent,MoveState,Moving,Goal,20.00,0.00,20.00,7.94,0.00,10.94,8.24,0.00,11.24,DStar
2234,6.96,AgentPrefab,Agent,MoveState,Moving,Goal,20.00,0.00,20.00,7.95,0.00,10.95,8.24,0.00,11.24,DStar
2235,6.97,AgentPrefab,Agent,MoveState,Moving,Goal,20.00,0.00,20.00,7.95,0.00,10.95,8.24,0.00,11.24,DStar
2236,6.97,AgentPrefab,Agent,MoveState,Moving,Goal,20.00,0.00,20.00,7.96,0.00,10.96,8.24,0.00,11.24,DStar
2237,6.97,AgentPrefab,Agent,MoveState,Moving,Goal,20.00,0.00,20.00,7.96,0.00,10.96,8.24,0.00,11.24,DStar
2238,6.97,AgentPrefab,Agent,MoveState,Moving,Goal,20.00,0.00,20.00,7.96,0.00,10.96,8.24,0.00,11.24,DStar
2239,6.98,AgentPrefab,Agent,MoveState,Moving,Goal,20.00,0.00,20.00,7.97,0.00,10.97,8.24,0.00,11.24,DStar
2240,6.98,AgentPrefab,Agent,MoveState,Moving,Goal,20.00,0.00,20.00,7.97,0.00,10.97,8.24,0.00,11.24,DStar
2241,6.98,AgentPrefab,Agent,MoveState,Moving,Goal,20.00,0.00,20.00,7.98,0.00,10.98,8.24,0.00,11.24,DStar
2242,6.99,AgentPrefab,Agent,MoveState,Moving,Goal,20.00,0.00,20.00,7.98,0.00,10.98,8.24,0.00,11.24,DStar
2243,6.99,AgentPrefab,Agent,MoveState,Moving,Goal,20.00,0.00,20.00,7.99,0.00,10.99,8.24,0.00,11.24,DStar
2244,6.99,AgentPrefab,Agent,MoveState,Moving,Goal,20.00,0.00,20.00,7.99,0.00,10.99,8.24,0.00,11.24,DStar
2245,7.00,AgentPrefab,Agent,MoveState,Moving,Goal,20.00,0.00,20.00,7.99,0.00,10.99,8.24,0.00,11.24,DStar
2246,7.00,AgentPrefab,Agent,MoveState,Moving,Goal,20.00,0.00,20.00,8.00,0.00,11.00,8.24,0.00,11.24,DStar
2247,7.00,AgentPrefab,Agent,MoveState,Moving,Goal,20.00,0.00,20.00,8.00,0.00,11.00,8.24,0.00,11.24,DStar
2248,7.01,AgentPrefab,Agent,MoveState,Moving,Goal,20.00,0.00,20.00,8.01,0.00,11.01,8.24,0.00,11.24,DStar
2249,7.01,AgentPrefab,Agent,MoveState,Moving,Goal,20.00,0.00,20.00,8.01,0.00,11.01,8.24,0.00,11.24,DStar
2250,7.01,AgentPrefab,Agent,MoveState,Moving,Goal,20.00,0.00,20.00,8.02,0.00,11.02,8.24,0.00,11.24,DStar
2251,7.01,AgentPrefab,Agent,MoveState,Moving,Goal,20.00,0.00,20.00,8.02,0.00,11.02,8.24,0.00,11.24,DStar
2252,7.02,AgentPrefab,Agent,MoveState,Moving,Goal,20.00,0.00,20.00,8.02,0.00,11.02,8.24,0.00,11.24,DStar
2253,7.02,AgentPrefab,Agent,MoveState,Moving,Goal,20.00,0.00,20.00,8.03,0.00,11.03,8.24,0.00,11.24,DStar
2254,7.02,AgentPrefab,Agent,MoveState,Moving,Goal,20.00,0.00,20.00,8.03,0.00,11.03,8.24,0.00,11.24,DStar
2255,7.03,AgentPrefab,Agent,MoveState,Moving,Goal,20.00,0.00,20.00,8.04,0.00,11.04,8.24,0.00,11.24,DStar
2256,7.03,AgentPrefab,Agent,MoveState,Moving,Goal,20.00,0.00,20.00,8.04,0.00,11.04,8.24,0.00,11.24,DStar
2257,7.03,AgentPrefab,Agent,MoveState,Moving,Goal,20.00,0.00,20.00,8.05,0.00,11.05,8.24,0.00,11.24,DStar
2258,7.04,AgentPrefab,Agent,MoveState,Moving,Goal,20.00,0.00,20.00,8.05,0.00,11.05,8.24,0.00,11.24,DStar
2259,7.04,AgentPrefab,Agent,MoveState,Moving,Goal,20.00,0.00,20.00,8.05,0.00,11.05,8.24,0.00,11.24,DStar
2260,7.04,AgentPrefab,Agent,MoveState,Moving,Goal,20.00,0.00,20.00,8.06,0.00,11.06,8.24,0.00,11.24,DStar
2261,7.05,AgentPrefab,Agent,MoveState,Moving,Goal,20.00,0.00,20.00,8.06,0.00,11.06,8.24,0.00,11.24,DStar
2262,7.05,AgentPrefab,Agent,MoveState,Moving,Goal,20.00,0.00,20.00,8.07,0.00,11.07,8.24,0.00,11.24,DStar
2263,7.05,AgentPrefab,Agent,MoveState,Moving,Goal,20.00,0.00,20.00,8.07,0.00,11.07,8.24,0.00,11.24,DStar
2264,7.06,AgentPrefab,Agent,MoveState,Moving,Goal,20.00,0.00,20.00,8.08,0.00,11.08,8.24,0.00,11.24,DStar
2265,7.06,AgentPrefab,Agent,MoveState,Moving,Goal,20.00,0.00,20.00,8.09,0.00,11.09,8.24,0.00,11.24,DStar
2266,7.06,AgentPrefab,Agent,MoveState,Moving,Goal,20.00,0.00,20.00,8.09,0.00,11.09,8.24,0.00,11.24,DStar
2267,7.07,AgentPrefab,Agent,MoveState,Moving,Goal,20.00,0.00,20.00,8.09,0.00,11.09,8.24,0.00,11.24,DStar
2268,7.07,AgentPrefab,Agent,MoveState,Moving,Goal,20.00,0.00,20.00,8.10,0.00,11.10,8.24,0.00,11.24,DStar
2269,7.07,AgentPrefab,Agent,MoveState,Moving,Goal,20.00,0.00,20.00,8.11,0.00,11.11,8.24,0.00,11.24,DStar
2270,7.08,AgentPrefab,Agent,MoveState,Moving,Goal,20.00,0.00,20.00,8.11,0.00,11.11,8.24,0.00,11.24,DStar
2271,7.08,AgentPrefab,Agent,MoveState,Moving,Goal,20.00,0.00,20.00,8.11,0.00,11.11,8.24,0.00,11.24,DStar
2272,7.08,AgentPrefab,Agent,MoveState,Moving,Goal,20.00,0.00,20.00,8.12,0.00,11.12,8.24,0.00,11.24,DStar
2273,7.09,AgentPrefab,Agent,MoveState,Moving,Goal,20.00,0.00,20.00,8.12,0.00,11.12,8.24,0.00,11.24,DStar
2274,7.09,AgentPrefab,Agent,MoveState,Moving,Goal,20.00,0.00,20.00,8.13,0.00,11.13,8.24,0.00,11.24,DStar
2275,7.09,AgentPrefab,Agent,MoveState,Moving,Goal,20.00,0.00,20.00,8.13,0.00,11.13,8.24,0.00,11.24,DStar
2276,7.10,AgentPrefab,Agent,MoveState,Moving,Goal,20.00,0.00,20.00,8.14,0.00,11.14,8.24,0.00,11.24,DStar
2277,7.10,AgentPrefab,Agent,MoveState,Moving,Goal,20.00,0.00,20.00,8.14,0.00,11.14,8.24,0.00,11.24,DStar
2278,7.10,AgentPrefab,Agent,MoveState,Moving,Goal,20.00,0.00,20.00,8.14,0.00,11.14,8.24,0.00,11.24,DStar
2279,7.11,AgentPrefab,Agent,MoveState,Moving,Goal,20.00,0.00,20.00,8.15,0.00,11.15,8.24,0.00,11.24,DStar
2280,7.11,AgentPrefab,Agent,MoveState,Moving,Goal,20.00,0.00,20.00,8.15,0.00,11.15,8.24,0.00,11.24,DStar
2281,7.11,AgentPrefab,Agent,MoveState,Moving,Goal,20.00,0.00,20.00,8.16,0.00,11.16,8.24,0.00,11.24,DStar
2282,7.11,AgentPrefab,Agent,MoveState,Moving,Goal,20.00,0.00,20.00,8.16,0.00,11.16,8.24,0.00,11.24,DStar
2283,7.12,AgentPrefab,Agent,MoveState,Moving,Goal,20.00,0.00,20.00,8.17,0.00,11.17,8.24,0.00,11.24,DStar
2284,7.12,AgentPrefab,Agent,MoveState,Moving,Goal,20.00,0.00,20.00,8.17,0.00,11.17,8.24,0.00,11.24,DStar
2285,7.12,AgentPrefab,Agent,MoveState,Moving,Goal,20.00,0.00,20.00,8.18,0.00,11.18,8.24,0.00,11.24,DStar
2286,7.13,AgentPrefab,Agent,MoveState,Moving,Goal,20.00,0.00,20.00,8.18,0.00,11.18,8.24,0.00,11.24,DStar
2287,7.13,AgentPrefab,Agent,MoveState,Moving,Goal,20.00,0.00,20.00,8.18,0.00,11.18,8.24,0.00,11.24,DStar
2288,7.13,AgentPrefab,Agent,MoveState,Moving,Goal,20.00,0.00,20.00,8.19,0.00,11.19,8.24,0.00,11.24,DStar
2289,7.14,AgentPrefab,Agent,MoveState,Moving,Goal,20.00,0.00,20.00,8.19,0.00,11.19,8.24,0.00,11.24,DStar
2290,7.14,AgentPrefab,Agent,MoveState,Moving,Goal,20.00,0.00,20.00,8.20,0.00,11.20,8.24,0.00,11.24,DStar
2291,7.15,AgentPrefab,Agent,MoveState,Moving,Goal,20.00,0.00,20.00,8.24,0.00,11.24,9.24,0.00,12.24,DStar
2292,7.15,AgentPrefab,Agent,MoveState,Moving,Goal,20.00,0.00,20.00,8.24,0.00,11.24,9.24,0.00,12.24,DStar
2293,7.15,AgentPrefab,Agent,MoveState,Moving,Goal,20.00,0.00,20.00,8.25,0.00,11.25,9.24,0.00,12.24,DStar
2294,7.15,AgentPrefab,Agent,MoveState,Moving,Goal,20.00,0.00,20.00,8.25,0.00,11.25,9.24,0.00,12.24,DStar
2295,7.16,AgentPrefab,Agent,MoveState,Moving,Goal,20.00,0.00,20.00,8.25,0.00,11.25,9.24,0.00,12.24,DStar
2296,7.16,AgentPrefab,Agent,MoveState,Moving,Goal,20.00,0.00,20.00,8.26,0.00,11.26,9.24,0.00,12.24,DStar
2297,7.16,AgentPrefab,Agent,MoveState,Moving,Goal,20.00,0.00,20.00,8.26,0.00,11.26,9.24,0.00,12.24,DStar
2298,7.16,AgentPrefab,Agent,MoveState,Moving,Goal,20.00,0.00,20.00,8.27,0.00,11.27,9.24,0.00,12.24,DStar
2299,7.17,AgentPrefab,Agent,MoveState,Moving,Goal,20.00,0.00,20.00,8.27,0.00,11.27,9.24,0.00,12.24,DStar
2300,7.17,AgentPrefab,Agent,MoveState,Moving,Goal,20.00,0.00,20.00,8.27,0.00,11.27,9.24,0.00,12.24,DStar
2301,7.17,AgentPrefab,Agent,MoveState,Moving,Goal,20.00,0.00,20.00,8.28,0.00,11.28,9.24,0.00,12.24,DStar
2302,7.17,AgentPrefab,Agent,MoveState,Moving,Goal,20.00,0.00,20.00,8.28,0.00,11.28,9.24,0.00,12.24,DStar
2303,7.18,AgentPrefab,Agent,MoveState,Moving,Goal,20.00,0.00,20.00,8.29,0.00,11.29,9.24,0.00,12.24,DStar
2304,7.18,AgentPrefab,Agent,MoveState,Moving,Goal,20.00,0.00,20.00,8.29,0.00,11.29,9.24,0.00,12.24,DStar
2305,7.18,AgentPrefab,Agent,MoveState,Moving,Goal,20.00,0.00,20.00,8.29,0.00,11.29,9.24,0.00,12.24,DStar
2306,7.19,AgentPrefab,Agent,MoveState,Moving,Goal,20.00,0.00,20.00,8.30,0.00,11.30,9.24,0.00,12.24,DStar
2307,7.19,AgentPrefab,Agent,MoveState,Moving,Goal,20.00,0.00,20.00,8.30,0.00,11.30,9.24,0.00,12.24,DStar
2308,7.19,AgentPrefab,Agent,MoveState,Moving,Goal,20.00,0.00,20.00,8.31,0.00,11.31,9.24,0.00,12.24,DStar
2309,7.19,AgentPrefab,Agent,MoveState,Moving,Goal,20.00,0.00,20.00,8.31,0.00,11.31,9.24,0.00,12.24,DStar
2310,7.20,AgentPrefab,Agent,MoveState,Moving,Goal,20.00,0.00,20.00,8.31,0.00,11.31,9.24,0.00,12.24,DStar
2311,7.20,AgentPrefab,Agent,MoveState,Moving,Goal,20.00,0.00,20.00,8.32,0.00,11.32,9.24,0.00,12.24,DStar
2312,7.20,AgentPrefab,Agent,MoveState,Moving,Goal,20.00,0.00,20.00,8.32,0.00,11.32,9.24,0.00,12.24,DStar
2313,7.21,AgentPrefab,Agent,MoveState,Moving,Goal,20.00,0.00,20.00,8.32,0.00,11.32,9.24,0.00,12.24,DStar
2314,7.21,AgentPrefab,Agent,MoveState,Moving,Goal,20.00,0.00,20.00,8.33,0.00,11.33,9.24,0.00,12.24,DStar
2315,7.21,AgentPrefab,Agent,MoveState,Moving,Goal,20.00,0.00,20.00,8.33,0.00,11.33,9.24,0.00,12.24,DStar
2316,7.21,AgentPrefab,Agent,MoveState,Moving,Goal,20.00,0.00,20.00,8.34,0.00,11.34,9.24,0.00,12.24,DStar
2317,7.22,AgentPrefab,Agent,MoveState,Moving,Goal,20.00,0.00,20.00,8.34,0.00,11.34,9.24,0.00,12.24,DStar
2318,7.22,AgentPrefab,Agent,MoveState,Moving,Goal,20.00,0.00,20.00,8.34,0.00,11.34,9.24,0.00,12.24,DStar
2319,7.22,AgentPrefab,Agent,MoveState,Moving,Goal,20.00,0.00,20.00,8.35,0.00,11.35,9.24,0.00,12.24,DStar
2320,7.22,AgentPrefab,Agent,MoveState,Moving,Goal,20.00,0.00,20.00,8.35,0.00,11.35,9.24,0.00,12.24,DStar
2321,7.23,AgentPrefab,Agent,MoveState,Moving,Goal,20.00,0.00,20.00,8.35,0.00,11.35,9.24,0.00,12.24,DStar
2322,7.23,AgentPrefab,Agent,MoveState,Moving,Goal,20.00,0.00,20.00,8.36,0.00,11.36,9.24,0.00,12.24,DStar
2323,7.23,AgentPrefab,Agent,MoveState,Moving,Goal,20.00,0.00,20.00,8.36,0.00,11.36,9.24,0.00,12.24,DStar
2324,7.23,AgentPrefab,Agent,MoveState,Moving,Goal,20.00,0.00,20.00,8.37,0.00,11.37,9.24,0.00,12.24,DStar
2325,7.24,AgentPrefab,Agent,MoveState,Moving,Goal,20.00,0.00,20.00,8.37,0.00,11.37,9.24,0.00,12.24,DStar
2326,7.24,AgentPrefab,Agent,MoveState,Moving,Goal,20.00,0.00,20.00,8.37,0.00,11.37,9.24,0.00,12.24,DStar
2327,7.24,AgentPrefab,Agent,MoveState,Moving,Goal,20.00,0.00,20.00,8.38,0.00,11.38,9.24,0.00,12.24,DStar
2328,7.25,AgentPrefab,Agent,MoveState,Moving,Goal,20.00,0.00,20.00,8.38,0.00,11.38,9.24,0.00,12.24,DStar
2329,7.25,AgentPrefab,Agent,MoveState,Moving,Goal,20.00,0.00,20.00,8.39,0.00,11.39,9.24,0.00,12.24,DStar
2330,7.25,AgentPrefab,Agent,MoveState,Moving,Goal,20.00,0.00,20.00,8.39,0.00,11.39,9.24,0.00,12.24,DStar
2331,7.26,AgentPrefab,Agent,MoveState,Moving,Goal,20.00,0.00,20.00,8.39,0.00,11.39,9.24,0.00,12.24,DStar
2332,7.26,AgentPrefab,Agent,MoveState,Moving,Goal,20.00,0.00,20.00,8.40,0.00,11.40,9.24,0.00,12.24,DStar
2333,7.26,AgentPrefab,Agent,MoveState,Moving,Goal,20.00,0.00,20.00,8.41,0.00,11.41,9.24,0.00,12.24,DStar
2334,7.27,AgentPrefab,Agent,MoveState,Moving,Goal,20.00,0.00,20.00,8.41,0.00,11.41,9.24,0.00,12.24,DStar
2335,7.27,AgentPrefab,Agent,MoveState,Moving,Goal,20.00,0.00,20.00,8.41,0.00,11.41,9.24,0.00,12.24,DStar
2336,7.27,AgentPrefab,Agent,MoveState,Moving,Goal,20.00,0.00,20.00,8.42,0.00,11.42,9.24,0.00,12.24,DStar
2337,7.27,AgentPrefab,Agent,MoveState,Moving,Goal,20.00,0.00,20.00,8.42,0.00,11.42,9.24,0.00,12.24,DStar
2338,7.28,AgentPrefab,Agent,MoveState,Moving,Goal,20.00,0.00,20.00,8.43,0.00,11.43,9.24,0.00,12.24,DStar
2339,7.28,AgentPrefab,Agent,MoveState,Moving,Goal,20.00,0.00,20.00,8.43,0.00,11.43,9.24,0.00,12.24,DStar
2340,7.28,AgentPrefab,Agent,MoveState,Moving,Goal,20.00,0.00,20.00,8.43,0.00,11.43,9.24,0.00,12.24,DStar
2341,7.29,AgentPrefab,Agent,MoveState,Moving,Goal,20.00,0.00,20.00,8.44,0.00,11.44,9.24,0.00,12.24,DStar
2342,7.29,AgentPrefab,Agent,MoveState,Moving,Goal,20.00,0.00,20.00,8.44,0.00,11.44,9.24,0.00,12.24,DStar
2343,7.29,AgentPrefab,Agent,MoveState,Moving,Goal,20.00,0.00,20.00,8.45,0.00,11.45,9.24,0.00,12.24,DStar
2344,7.29,AgentPrefab,Agent,MoveState,Moving,Goal,20.00,0.00,20.00,8.45,0.00,11.45,9.24,0.00,12.24,DStar
2345,7.30,AgentPrefab,Agent,MoveState,Moving,Goal,20.00,0.00,20.00,8.45,0.00,11.45,9.24,0.00,12.24,DStar
2346,7.30,AgentPrefab,Agent,MoveState,Moving,Goal,20.00,0.00,20.00,8.46,0.00,11.46,9.24,0.00,12.24,DStar
2347,7.30,AgentPrefab,Agent,MoveState,Moving,Goal,20.00,0.00,20.00,8.46,0.00,11.46,9.24,0.00,12.24,DStar
2348,7.31,AgentPrefab,Agent,MoveState,Moving,Goal,20.00,0.00,20.00,8.47,0.00,11.47,9.24,0.00,12.24,DStar
2349,7.31,AgentPrefab,Agent,MoveState,Moving,Goal,20.00,0.00,20.00,8.47,0.00,11.47,9.24,0.00,12.24,DStar
2350,7.31,AgentPrefab,Agent,MoveState,Moving,Goal,20.00,0.00,20.00,8.47,0.00,11.47,9.24,0.00,12.24,DStar
2351,7.31,AgentPrefab,Agent,MoveState,Moving,Goal,20.00,0.00,20.00,8.48,0.00,11.48,9.24,0.00,12.24,DStar
2352,7.32,AgentPrefab,Agent,MoveState,Moving,Goal,20.00,0.00,20.00,8.48,0.00,11.48,9.24,0.00,12.24,DStar
2353,7.32,AgentPrefab,Agent,MoveState,Moving,Goal,20.00,0.00,20.00,8.48,0.00,11.48,9.24,0.00,12.24,DStar
2354,7.32,AgentPrefab,Agent,MoveState,Moving,Goal,20.00,0.00,20.00,8.49,0.00,11.49,9.24,0.00,12.24,DStar
2355,7.32,AgentPrefab,Agent,MoveState,Moving,Goal,20.00,0.00,20.00,8.49,0.00,11.49,9.24,0.00,12.24,DStar
2356,7.33,AgentPrefab,Agent,MoveState,Moving,Goal,20.00,0.00,20.00,8.50,0.00,11.50,9.24,0.00,12.24,DStar
2357,7.33,AgentPrefab,Agent,MoveState,Moving,Goal,20.00,0.00,20.00,8.50,0.00,11.50,9.24,0.00,12.24,DStar
2358,7.33,AgentPrefab,Agent,MoveState,Moving,Goal,20.00,0.00,20.00,8.50,0.00,11.50,9.24,0.00,12.24,DStar
2359,7.33,AgentPrefab,Agent,MoveState,Moving,Goal,20.00,0.00,20.00,8.51,0.00,11.51,9.24,0.00,12.24,DStar
2360,7.34,AgentPrefab,Agent,MoveState,Moving,Goal,20.00,0.00,20.00,8.51,0.00,11.51,9.24,0.00,12.24,DStar
2361,7.34,AgentPrefab,Agent,MoveState,Moving,Goal,20.00,0.00,20.00,8.51,0.00,11.51,9.24,0.00,12.24,DStar
2362,7.34,AgentPrefab,Agent,MoveState,Moving,Goal,20.00,0.00,20.00,8.52,0.00,11.52,9.24,0.00,12.24,DStar
2363,7.34,AgentPrefab,Agent,MoveState,Moving,Goal,20.00,0.00,20.00,8.52,0.00,11.52,9.24,0.00,12.24,DStar
2364,7.35,AgentPrefab,Agent,MoveState,Moving,Goal,20.00,0.00,20.00,8.53,0.00,11.53,9.24,0.00,12.24,DStar
2365,7.35,AgentPrefab,Agent,MoveState,Moving,Goal,20.00,0.00,20.00,8.53,0.00,11.53,9.24,0.00,12.24,DStar
2366,7.35,AgentPrefab,Agent,MoveState,Moving,Goal,20.00,0.00,20.00,8.53,0.00,11.53,9.24,0.00,12.24,DStar
2367,7.36,AgentPrefab,Agent,MoveState,Moving,Goal,20.00,0.00,20.00,8.54,0.00,11.54,9.24,0.00,12.24,DStar
2368,7.36,AgentPrefab,Agent,MoveState,Moving,Goal,20.00,0.00,20.00,8.54,0.00,11.54,9.24,0.00,12.24,DStar
2369,7.36,AgentPrefab,Agent,MoveState,Moving,Goal,20.00,0.00,20.00,8.54,0.00,11.54,9.24,0.00,12.24,DStar
2370,7.36,AgentPrefab,Agent,MoveState,Moving,Goal,20.00,0.00,20.00,8.55,0.00,11.55,9.24,0.00,12.24,DStar
2371,7.37,AgentPrefab,Agent,MoveState,Moving,Goal,20.00,0.00,20.00,8.55,0.00,11.55,9.24,0.00,12.24,DStar
2372,7.37,AgentPrefab,Agent,MoveState,Moving,Goal,20.00,0.00,20.00,8.55,0.00,11.55,9.24,0.00,12.24,DStar
2373,7.37,AgentPrefab,Agent,MoveState,Moving,Goal,20.00,0.00,20.00,8.56,0.00,11.56,9.24,0.00,12.24,DStar
2374,7.37,AgentPrefab,Agent,MoveState,Moving,Goal,20.00,0.00,20.00,8.56,0.00,11.56,9.24,0.00,12.24,DStar
2375,7.38,AgentPrefab,Agent,MoveState,Moving,Goal,20.00,0.00,20.00,8.57,0.00,11.57,9.24,0.00,12.24,DStar
2376,7.38,AgentPrefab,Agent,MoveState,Moving,Goal,20.00,0.00,20.00,8.57,0.00,11.57,9.24,0.00,12.24,DStar
2377,7.38,AgentPrefab,Agent,MoveState,Moving,Goal,20.00,0.00,20.00,8.57,0.00,11.57,9.24,0.00,12.24,DStar
2378,7.38,AgentPrefab,Agent,MoveState,Moving,Goal,20.00,0.00,20.00,8.58,0.00,11.58,9.24,0.00,12.24,DStar
2379,7.39,AgentPrefab,Agent,MoveState,Moving,Goal,20.00,0.00,20.00,8.58,0.00,11.58,9.24,0.00,12.24,DStar
2380,7.39,AgentPrefab,Agent,MoveState,Moving,Goal,20.00,0.00,20.00,8.59,0.00,11.59,9.24,0.00,12.24,DStar
2381,7.39,AgentPrefab,Agent,MoveState,Moving,Goal,20.00,0.00,20.00,8.59,0.00,11.59,9.24,0.00,12.24,DStar
2382,7.39,AgentPrefab,Agent,MoveState,Moving,Goal,20.00,0.00,20.00,8.59,0.00,11.59,9.24,0.00,12.24,DStar
2383,7.40,AgentPrefab,Agent,MoveState,Moving,Goal,20.00,0.00,20.00,8.60,0.00,11.60,9.24,0.00,12.24,DStar
2384,7.40,AgentPrefab,Agent,MoveState,Moving,Goal,20.00,0.00,20.00,8.60,0.00,11.60,9.24,0.00,12.24,DStar
2385,7.40,AgentPrefab,Agent,MoveState,Moving,Goal,20.00,0.00,20.00,8.60,0.00,11.60,9.24,0.00,12.24,DStar
2386,7.41,AgentPrefab,Agent,MoveState,Moving,Goal,20.00,0.00,20.00,8.61,0.00,11.61,9.24,0.00,12.24,DStar
2387,7.41,AgentPrefab,Agent,MoveState,Moving,Goal,20.00,0.00,20.00,8.61,0.00,11.61,9.24,0.00,12.24,DStar
2388,7.41,AgentPrefab,Agent,MoveState,Moving,Goal,20.00,0.00,20.00,8.62,0.00,11.62,9.24,0.00,12.24,DStar
2389,7.42,AgentPrefab,Agent,MoveState,Moving,Goal,20.00,0.00,20.00,8.62,0.00,11.62,9.24,0.00,12.24,DStar
2390,7.42,AgentPrefab,Agent,MoveState,Moving,Goal,20.00,0.00,20.00,8.63,0.00,11.63,9.24,0.00,12.24,DStar
2391,7.42,AgentPrefab,Agent,MoveState,Moving,Goal,20.00,0.00,20.00,8.63,0.00,11.63,9.24,0.00,12.24,DStar
2392,7.42,AgentPrefab,Agent,MoveState,Moving,Goal,20.00,0.00,20.00,8.63,0.00,11.63,9.24,0.00,12.24,DStar
2393,7.43,AgentPrefab,Agent,MoveState,Moving,Goal,20.00,0.00,20.00,8.64,0.00,11.64,9.24,0.00,12.24,DStar
2394,7.43,AgentPrefab,Agent,MoveState,Moving,Goal,20.00,0.00,20.00,8.64,0.00,11.64,9.24,0.00,12.24,DStar
2395,7.43,AgentPrefab,Agent,MoveState,Moving,Goal,20.00,0.00,20.00,8.65,0.00,11.65,9.24,0.00,12.24,DStar
2396,7.43,AgentPrefab,Agent,MoveState,Moving,Goal,20.00,0.00,20.00,8.65,0.00,11.65,9.24,0.00,12.24,DStar
2397,7.44,AgentPrefab,Agent,MoveState,Moving,Goal,20.00,0.00,20.00,8.65,0.00,11.65,9.24,0.00,12.24,DStar
2398,7.44,AgentPrefab,Agent,MoveState,Moving,Goal,20.00,0.00,20.00,8.66,0.00,11.66,9.24,0.00,12.24,DStar
2399,7.44,AgentPrefab,Agent,MoveState,Moving,Goal,20.00,0.00,20.00,8.66,0.00,11.66,9.24,0.00,12.24,DStar
2400,7.45,AgentPrefab,Agent,MoveState,Moving,Goal,20.00,0.00,20.00,8.66,0.00,11.66,9.24,0.00,12.24,DStar
2401,7.45,AgentPrefab,Agent,MoveState,Moving,Goal,20.00,0.00,20.00,8.67,0.00,11.67,9.24,0.00,12.24,DStar
2402,7.45,AgentPrefab,Agent,MoveState,Moving,Goal,20.00,0.00,20.00,8.67,0.00,11.67,9.24,0.00,12.24,DStar
2403,7.45,AgentPrefab,Agent,MoveState,Moving,Goal,20.00,0.00,20.00,8.68,0.00,11.68,9.24,0.00,12.24,DStar
2404,7.46,AgentPrefab,Agent,MoveState,Moving,Goal,20.00,0.00,20.00,8.68,0.00,11.68,9.24,0.00,12.24,DStar
2405,7.46,AgentPrefab,Agent,MoveState,Moving,Goal,20.00,0.00,20.00,8.69,0.00,11.69,9.24,0.00,12.24,DStar
2406,7.46,AgentPrefab,Agent,MoveState,Moving,Goal,20.00,0.00,20.00,8.69,0.00,11.69,9.24,0.00,12.24,DStar
2407,7.47,AgentPrefab,Agent,MoveState,Moving,Goal,20.00,0.00,20.00,8.69,0.00,11.69,9.24,0.00,12.24,DStar
2408,7.47,AgentPrefab,Agent,MoveState,Moving,Goal,20.00,0.00,20.00,8.70,0.00,11.70,9.24,0.00,12.24,DStar
2409,7.47,AgentPrefab,Agent,MoveState,Moving,Goal,20.00,0.00,20.00,8.70,0.00,11.70,9.24,0.00,12.24,DStar
2410,7.47,AgentPrefab,Agent,MoveState,Moving,Goal,20.00,0.00,20.00,8.71,0.00,11.71,9.24,0.00,12.24,DStar
2411,7.48,AgentPrefab,Agent,MoveState,Moving,Goal,20.00,0.00,20.00,8.71,0.00,11.71,9.24,0.00,12.24,DStar
2412,7.48,AgentPrefab,Agent,MoveState,Moving,Goal,20.00,0.00,20.00,8.71,0.00,11.71,9.24,0.00,12.24,DStar
2413,7.48,AgentPrefab,Agent,MoveState,Moving,Goal,20.00,0.00,20.00,8.72,0.00,11.72,9.24,0.00,12.24,DStar
2414,7.49,AgentPrefab,Agent,MoveState,Moving,Goal,20.00,0.00,20.00,8.72,0.00,11.72,9.24,0.00,12.24,DStar
2415,7.49,AgentPrefab,Agent,MoveState,Moving,Goal,20.00,0.00,20.00,8.73,0.00,11.73,9.24,0.00,12.24,DStar
2416,7.49,AgentPrefab,Agent,MoveState,Moving,Goal,20.00,0.00,20.00,8.73,0.00,11.73,9.24,0.00,12.24,DStar
2417,7.49,AgentPrefab,Agent,MoveState,Moving,Goal,20.00,0.00,20.00,8.73,0.00,11.73,9.24,0.00,12.24,DStar
2418,7.50,AgentPrefab,Agent,MoveState,Moving,Goal,20.00,0.00,20.00,8.74,0.00,11.74,9.24,0.00,12.24,DStar
2419,7.50,AgentPrefab,Agent,MoveState,Moving,Goal,20.00,0.00,20.00,8.74,0.00,11.74,9.24,0.00,12.24,DStar
2420,7.50,AgentPrefab,Agent,MoveState,Moving,Goal,20.00,0.00,20.00,8.75,0.00,11.75,9.24,0.00,12.24,DStar
2421,7.51,AgentPrefab,Agent,MoveState,Moving,Goal,20.00,0.00,20.00,8.75,0.00,11.75,9.24,0.00,12.24,DStar
2422,7.51,AgentPrefab,Agent,MoveState,Moving,Goal,20.00,0.00,20.00,8.75,0.00,11.75,9.24,0.00,12.24,DStar
2423,7.51,AgentPrefab,Agent,MoveState,Moving,Goal,20.00,0.00,20.00,8.76,0.00,11.76,9.24,0.00,12.24,DStar
2424,7.51,AgentPrefab,Agent,MoveState,Moving,Goal,20.00,0.00,20.00,8.76,0.00,11.76,9.24,0.00,12.24,DStar
2425,7.52,AgentPrefab,Agent,MoveState,Moving,Goal,20.00,0.00,20.00,8.77,0.00,11.77,9.24,0.00,12.24,DStar
2426,7.52,AgentPrefab,Agent,MoveState,Moving,Goal,20.00,0.00,20.00,8.77,0.00,11.77,9.24,0.00,12.24,DStar
2427,7.52,AgentPrefab,Agent,MoveState,Moving,Goal,20.00,0.00,20.00,8.77,0.00,11.77,9.24,0.00,12.24,DStar
2428,7.52,AgentPrefab,Agent,MoveState,Moving,Goal,20.00,0.00,20.00,8.78,0.00,11.78,9.24,0.00,12.24,DStar
2429,7.53,AgentPrefab,Agent,MoveState,Moving,Goal,20.00,0.00,20.00,8.78,0.00,11.78,9.24,0.00,12.24,DStar
2430,7.53,AgentPrefab,Agent,MoveState,Moving,Goal,20.00,0.00,20.00,8.78,0.00,11.78,9.24,0.00,12.24,DStar
2431,7.53,AgentPrefab,Agent,MoveState,Moving,Goal,20.00,0.00,20.00,8.79,0.00,11.79,9.24,0.00,12.24,DStar
2432,7.54,AgentPrefab,Agent,MoveState,Moving,Goal,20.00,0.00,20.00,8.79,0.00,11.79,9.24,0.00,12.24,DStar
2433,7.54,AgentPrefab,Agent,MoveState,Moving,Goal,20.00,0.00,20.00,8.80,0.00,11.80,9.24,0.00,12.24,DStar
2434,7.54,AgentPrefab,Agent,MoveState,Moving,Goal,20.00,0.00,20.00,8.80,0.00,11.80,9.24,0.00,12.24,DStar
2435,7.54,AgentPrefab,Agent,MoveState,Moving,Goal,20.00,0.00,20.00,8.80,0.00,11.80,9.24,0.00,12.24,DStar
2436,7.55,AgentPrefab,Agent,MoveState,Moving,Goal,20.00,0.00,20.00,8.81,0.00,11.81,9.24,0.00,12.24,DStar
2437,7.55,AgentPrefab,Agent,MoveState,Moving,Goal,20.00,0.00,20.00,8.81,0.00,11.81,9.24,0.00,12.24,DStar
2438,7.55,AgentPrefab,Agent,MoveState,Moving,Goal,20.00,0.00,20.00,8.82,0.00,11.82,9.24,0.00,12.24,DStar
2439,7.56,AgentPrefab,Agent,MoveState,Moving,Goal,20.00,0.00,20.00,8.82,0.00,11.82,9.24,0.00,12.24,DStar
2440,7.56,AgentPrefab,Agent,MoveState,Moving,Goal,20.00,0.00,20.00,8.82,0.00,11.82,9.24,0.00,12.24,DStar
2441,7.56,AgentPrefab,Agent,MoveState,Moving,Goal,20.00,0.00,20.00,8.83,0.00,11.83,9.24,0.00,12.24,DStar
2442,7.56,AgentPrefab,Agent,MoveState,Moving,Goal,20.00,0.00,20.00,8.83,0.00,11.83,9.24,0.00,12.24,DStar
2443,7.57,AgentPrefab,Agent,MoveState,Moving,Goal,20.00,0.00,20.00,8.84,0.00,11.84,9.24,0.00,12.24,DStar
2444,7.57,AgentPrefab,Agent,MoveState,Moving,Goal,20.00,0.00,20.00,8.84,0.00,11.84,9.24,0.00,12.24,DStar
2445,7.57,AgentPrefab,Agent,MoveState,Moving,Goal,20.00,0.00,20.00,8.84,0.00,11.84,9.24,0.00,12.24,DStar
2446,7.57,AgentPrefab,Agent,MoveState,Moving,Goal,20.00,0.00,20.00,8.85,0.00,11.85,9.24,0.00,12.24,DStar
2447,7.58,AgentPrefab,Agent,MoveState,Moving,Goal,20.00,0.00,20.00,8.85,0.00,11.85,9.24,0.00,12.24,DStar
2448,7.58,AgentPrefab,Agent,MoveState,Moving,Goal,20.00,0.00,20.00,8.85,0.00,11.85,9.24,0.00,12.24,DStar
2449,7.58,AgentPrefab,Agent,MoveState,Moving,Goal,20.00,0.00,20.00,8.86,0.00,11.86,9.24,0.00,12.24,DStar
2450,7.58,AgentPrefab,Agent,MoveState,Moving,Goal,20.00,0.00,20.00,8.86,0.00,11.86,9.24,0.00,12.24,DStar
2451,7.59,AgentPrefab,Agent,MoveState,Moving,Goal,20.00,0.00,20.00,8.86,0.00,11.86,9.24,0.00,12.24,DStar
2452,7.59,AgentPrefab,Agent,MoveState,Moving,Goal,20.00,0.00,20.00,8.87,0.00,11.87,9.24,0.00,12.24,DStar
2453,7.59,AgentPrefab,Agent,MoveState,Moving,Goal,20.00,0.00,20.00,8.87,0.00,11.87,9.24,0.00,12.24,DStar
2454,7.59,AgentPrefab,Agent,MoveState,Moving,Goal,20.00,0.00,20.00,8.87,0.00,11.87,9.24,0.00,12.24,DStar
2455,7.60,AgentPrefab,Agent,MoveState,Moving,Goal,20.00,0.00,20.00,8.88,0.00,11.88,9.24,0.00,12.24,DStar
2456,7.60,AgentPrefab,Agent,MoveState,Moving,Goal,20.00,0.00,20.00,8.88,0.00,11.88,9.24,0.00,12.24,DStar
2457,7.60,AgentPrefab,Agent,MoveState,Moving,Goal,20.00,0.00,20.00,8.89,0.00,11.89,9.24,0.00,12.24,DStar
2458,7.60,AgentPrefab,Agent,MoveState,Moving,Goal,20.00,0.00,20.00,8.89,0.00,11.89,9.24,0.00,12.24,DStar
2459,7.61,AgentPrefab,Agent,MoveState,Moving,Goal,20.00,0.00,20.00,8.89,0.00,11.89,9.24,0.00,12.24,DStar
2460,7.61,AgentPrefab,Agent,MoveState,Moving,Goal,20.00,0.00,20.00,8.90,0.00,11.90,9.24,0.00,12.24,DStar
2461,7.61,AgentPrefab,Agent,MoveState,Moving,Goal,20.00,0.00,20.00,8.90,0.00,11.90,9.24,0.00,12.24,DStar
2462,7.62,AgentPrefab,Agent,MoveState,Moving,Goal,20.00,0.00,20.00,8.91,0.00,11.91,9.24,0.00,12.24,DStar
2463,7.62,AgentPrefab,Agent,MoveState,Moving,Goal,20.00,0.00,20.00,8.91,0.00,11.91,9.24,0.00,12.24,DStar
2464,7.62,AgentPrefab,Agent,MoveState,Moving,Goal,20.00,0.00,20.00,8.91,0.00,11.91,9.24,0.00,12.24,DStar
2465,7.62,AgentPrefab,Agent,MoveState,Moving,Goal,20.00,0.00,20.00,8.92,0.00,11.92,9.24,0.00,12.24,DStar
2466,7.63,AgentPrefab,Agent,MoveState,Moving,Goal,20.00,0.00,20.00,8.92,0.00,11.92,9.24,0.00,12.24,DStar
2467,7.63,AgentPrefab,Agent,MoveState,Moving,Goal,20.00,0.00,20.00,8.92,0.00,11.92,9.24,0.00,12.24,DStar
2468,7.63,AgentPrefab,Agent,MoveState,Moving,Goal,20.00,0.00,20.00,8.93,0.00,11.93,9.24,0.00,12.24,DStar
2469,7.63,AgentPrefab,Agent,MoveState,Moving,Goal,20.00,0.00,20.00,8.93,0.00,11.93,9.24,0.00,12.24,DStar
2470,7.64,AgentPrefab,Agent,MoveState,Moving,Goal,20.00,0.00,20.00,8.93,0.00,11.93,9.24,0.00,12.24,DStar
2471,7.64,AgentPrefab,Agent,MoveState,Moving,Goal,20.00,0.00,20.00,8.94,0.00,11.94,9.24,0.00,12.24,DStar
2472,7.64,AgentPrefab,Agent,MoveState,Moving,Goal,20.00,0.00,20.00,8.94,0.00,11.94,9.24,0.00,12.24,DStar
2473,7.64,AgentPrefab,Agent,MoveState,Moving,Goal,20.00,0.00,20.00,8.95,0.00,11.95,9.24,0.00,12.24,DStar
2474,7.65,AgentPrefab,Agent,MoveState,Moving,Goal,20.00,0.00,20.00,8.95,0.00,11.95,9.24,0.00,12.24,DStar
2475,7.65,AgentPrefab,Agent,MoveState,Moving,Goal,20.00,0.00,20.00,8.95,0.00,11.95,9.24,0.00,12.24,DStar
2476,7.65,AgentPrefab,Agent,MoveState,Moving,Goal,20.00,0.00,20.00,8.96,0.00,11.96,9.24,0.00,12.24,DStar
2477,7.65,AgentPrefab,Agent,MoveState,Moving,Goal,20.00,0.00,20.00,8.96,0.00,11.96,9.24,0.00,12.24,DStar
2478,7.66,AgentPrefab,Agent,MoveState,Moving,Goal,20.00,0.00,20.00,8.96,0.00,11.96,9.24,0.00,12.24,DStar
2479,7.66,AgentPrefab,Agent,MoveState,Moving,Goal,20.00,0.00,20.00,8.97,0.00,11.97,9.24,0.00,12.24,DStar
2480,7.66,AgentPrefab,Agent,MoveState,Moving,Goal,20.00,0.00,20.00,8.97,0.00,11.97,9.24,0.00,12.24,DStar
2481,7.67,AgentPrefab,Agent,MoveState,Moving,Goal,20.00,0.00,20.00,8.98,0.00,11.98,9.24,0.00,12.24,DStar
2482,7.67,AgentPrefab,Agent,MoveState,Moving,Goal,20.00,0.00,20.00,8.98,0.00,11.98,9.24,0.00,12.24,DStar
2483,7.67,AgentPrefab,Agent,MoveState,Moving,Goal,20.00,0.00,20.00,8.99,0.00,11.99,9.24,0.00,12.24,DStar
2484,7.68,AgentPrefab,Agent,MoveState,Moving,Goal,20.00,0.00,20.00,8.99,0.00,11.99,9.24,0.00,12.24,DStar
2485,7.68,AgentPrefab,Agent,MoveState,Moving,Goal,20.00,0.00,20.00,8.99,0.00,11.99,9.24,0.00,12.24,DStar
2486,7.68,AgentPrefab,Agent,MoveState,Moving,Goal,20.00,0.00,20.00,9.00,0.00,12.00,9.24,0.00,12.24,DStar
2487,7.68,AgentPrefab,Agent,MoveState,Moving,Goal,20.00,0.00,20.00,9.00,0.00,12.00,9.24,0.00,12.24,DStar
2488,7.69,AgentPrefab,Agent,MoveState,Moving,Goal,20.00,0.00,20.00,9.00,0.00,12.00,9.24,0.00,12.24,DStar
2489,7.69,AgentPrefab,Agent,MoveState,Moving,Goal,20.00,0.00,20.00,9.01,0.00,12.01,9.24,0.00,12.24,DStar
2490,7.69,AgentPrefab,Agent,MoveState,Moving,Goal,20.00,0.00,20.00,9.01,0.00,12.01,9.24,0.00,12.24,DStar
2491,7.69,AgentPrefab,Agent,MoveState,Moving,Goal,20.00,0.00,20.00,9.02,0.00,12.02,9.24,0.00,12.24,DStar
2492,7.70,AgentPrefab,Agent,MoveState,Moving,Goal,20.00,0.00,20.00,9.02,0.00,12.02,9.24,0.00,12.24,DStar
2493,7.70,AgentPrefab,Agent,MoveState,Moving,Goal,20.00,0.00,20.00,9.02,0.00,12.02,9.24,0.00,12.24,DStar
2494,7.70,AgentPrefab,Agent,MoveState,Moving,Goal,20.00,0.00,20.00,9.03,0.00,12.03,9.24,0.00,12.24,DStar
2495,7.70,AgentPrefab,Agent,MoveState,Moving,Goal,20.00,0.00,20.00,9.03,0.00,12.03,9.24,0.00,12.24,DStar
2496,7.71,AgentPrefab,Agent,MoveState,Moving,Goal,20.00,0.00,20.00,9.03,0.00,12.03,9.24,0.00,12.24,DStar
2497,7.71,AgentPrefab,Agent,MoveState,Moving,Goal,20.00,0.00,20.00,9.04,0.00,12.04,9.24,0.00,12.24,DStar
2498,7.71,AgentPrefab,Agent,MoveState,Moving,Goal,20.00,0.00,20.00,9.04,0.00,12.04,9.24,0.00,12.24,DStar
2499,7.71,AgentPrefab,Agent,MoveState,Moving,Goal,20.00,0.00,20.00,9.04,0.00,12.04,9.24,0.00,12.24,DStar
2500,7.72,AgentPrefab,Agent,MoveState,Moving,Goal,20.00,0.00,20.00,9.05,0.00,12.05,9.24,0.00,12.24,DStar
2501,7.72,AgentPrefab,Agent,MoveState,Moving,Goal,20.00,0.00,20.00,9.05,0.00,12.05,9.24,0.00,12.24,DStar
2502,7.72,AgentPrefab,Agent,MoveState,Moving,Goal,20.00,0.00,20.00,9.06,0.00,12.06,9.24,0.00,12.24,DStar
2503,7.72,AgentPrefab,Agent,MoveState,Moving,Goal,20.00,0.00,20.00,9.06,0.00,12.06,9.24,0.00,12.24,DStar
2504,7.73,AgentPrefab,Agent,MoveState,Moving,Goal,20.00,0.00,20.00,9.06,0.00,12.06,9.24,0.00,12.24,DStar
2505,7.73,AgentPrefab,Agent,MoveState,Moving,Goal,20.00,0.00,20.00,9.07,0.00,12.07,9.24,0.00,12.24,DStar
2506,7.73,AgentPrefab,Agent,MoveState,Moving,Goal,20.00,0.00,20.00,9.07,0.00,12.07,9.24,0.00,12.24,DStar
2507,7.74,AgentPrefab,Agent,MoveState,Moving,Goal,20.00,0.00,20.00,9.07,0.00,12.07,9.24,0.00,12.24,DStar
2508,7.74,AgentPrefab,Agent,MoveState,Moving,Goal,20.00,0.00,20.00,9.08,0.00,12.08,9.24,0.00,12.24,DStar
2509,7.74,AgentPrefab,Agent,MoveState,Moving,Goal,20.00,0.00,20.00,9.08,0.00,12.08,9.24,0.00,12.24,DStar
2510,7.74,AgentPrefab,Agent,MoveState,Moving,Goal,20.00,0.00,20.00,9.09,0.00,12.09,9.24,0.00,12.24,DStar
2511,7.75,AgentPrefab,Agent,MoveState,Moving,Goal,20.00,0.00,20.00,9.09,0.00,12.09,9.24,0.00,12.24,DStar
2512,7.75,AgentPrefab,Agent,MoveState,Moving,Goal,20.00,0.00,20.00,9.09,0.00,12.09,9.24,0.00,12.24,DStar
2513,7.75,AgentPrefab,Agent,MoveState,Moving,Goal,20.00,0.00,20.00,9.10,0.00,12.10,9.24,0.00,12.24,DStar
2514,7.75,AgentPrefab,Agent,MoveState,Moving,Goal,20.00,0.00,20.00,9.10,0.00,12.10,9.24,0.00,12.24,DStar
2515,7.76,AgentPrefab,Agent,MoveState,Moving,Goal,20.00,0.00,20.00,9.11,0.00,12.11,9.24,0.00,12.24,DStar
2516,7.76,AgentPrefab,Agent,MoveState,Moving,Goal,20.00,0.00,20.00,9.11,0.00,12.11,9.24,0.00,12.24,DStar
2517,7.76,AgentPrefab,Agent,MoveState,Moving,Goal,20.00,0.00,20.00,9.11,0.00,12.11,9.24,0.00,12.24,DStar
2518,7.77,AgentPrefab,Agent,MoveState,Moving,Goal,20.00,0.00,20.00,9.12,0.00,12.12,9.24,0.00,12.24,DStar
2519,7.77,AgentPrefab,Agent,MoveState,Moving,Goal,20.00,0.00,20.00,9.12,0.00,12.12,9.24,0.00,12.24,DStar
2520,7.77,AgentPrefab,Agent,MoveState,Moving,Goal,20.00,0.00,20.00,9.13,0.00,12.13,9.24,0.00,12.24,DStar
2521,7.77,AgentPrefab,Agent,MoveState,Moving,Goal,20.00,0.00,20.00,9.13,0.00,12.13,9.24,0.00,12.24,DStar
2522,7.78,AgentPrefab,Agent,MoveState,Moving,Goal,20.00,0.00,20.00,9.13,0.00,12.13,9.24,0.00,12.24,DStar
2523,7.78,AgentPrefab,Agent,MoveState,Moving,Goal,20.00,0.00,20.00,9.14,0.00,12.14,9.24,0.00,12.24,DStar
2524,7.78,AgentPrefab,Agent,MoveState,Moving,Goal,20.00,0.00,20.00,9.14,0.00,12.14,9.24,0.00,12.24,DStar
2525,7.78,AgentPrefab,Agent,MoveState,Moving,Goal,20.00,0.00,20.00,9.14,0.00,12.14,9.24,0.00,12.24,DStar
2526,7.79,AgentPrefab,Agent,MoveState,Moving,Goal,20.00,0.00,20.00,9.15,0.00,12.15,9.24,0.00,12.24,DStar
2527,7.79,AgentPrefab,Agent,MoveState,Moving,Goal,20.00,0.00,20.00,9.15,0.00,12.15,9.24,0.00,12.24,DStar
2528,7.79,AgentPrefab,Agent,MoveState,Moving,Goal,20.00,0.00,20.00,9.16,0.00,12.16,9.24,0.00,12.24,DStar
2529,7.80,AgentPrefab,Agent,MoveState,Moving,Goal,20.00,0.00,20.00,9.16,0.00,12.16,9.24,0.00,12.24,DStar
2530,7.80,AgentPrefab,Agent,MoveState,Moving,Goal,20.00,0.00,20.00,9.16,0.00,12.16,9.24,0.00,12.24,DStar
2531,7.80,AgentPrefab,Agent,MoveState,Moving,Goal,20.00,0.00,20.00,9.17,0.00,12.17,9.24,0.00,12.24,DStar
2532,7.80,AgentPrefab,Agent,MoveState,Moving,Goal,20.00,0.00,20.00,9.17,0.00,12.17,9.24,0.00,12.24,DStar
2533,7.81,AgentPrefab,Agent,MoveState,Moving,Goal,20.00,0.00,20.00,9.17,0.00,12.17,9.24,0.00,12.24,DStar
2534,7.81,AgentPrefab,Agent,MoveState,Moving,Goal,20.00,0.00,20.00,9.18,0.00,12.18,9.24,0.00,12.24,DStar
2535,7.81,AgentPrefab,Agent,MoveState,Moving,Goal,20.00,0.00,20.00,9.18,0.00,12.18,9.24,0.00,12.24,DStar
2536,7.81,AgentPrefab,Agent,MoveState,Moving,Goal,20.00,0.00,20.00,9.18,0.00,12.18,9.24,0.00,12.24,DStar
2537,7.82,AgentPrefab,Agent,MoveState,Moving,Goal,20.00,0.00,20.00,9.19,0.00,12.19,9.24,0.00,12.24,DStar
2538,7.82,AgentPrefab,Agent,MoveState,Moving,Goal,20.00,0.00,20.00,9.19,0.00,12.19,9.24,0.00,12.24,DStar
2539,7.82,AgentPrefab,Agent,MoveState,Moving,Goal,20.00,0.00,20.00,9.20,0.00,12.20,9.24,0.00,12.24,DStar
2540,7.82,AgentPrefab,Agent,MoveState,Moving,Goal,20.00,0.00,20.00,9.20,0.00,12.20,9.24,0.00,12.24,DStar
2541,7.83,AgentPrefab,Agent,MoveState,Moving,Goal,20.00,0.00,20.00,9.20,0.00,12.20,9.24,0.00,12.24,DStar
2542,7.83,AgentPrefab,Agent,MoveState,Moving,Goal,20.00,0.00,20.00,9.24,0.00,12.24,10.24,0.00,13.24,DStar
2543,7.83,AgentPrefab,Agent,MoveState,Moving,Goal,20.00,0.00,20.00,9.24,0.00,12.24,10.24,0.00,13.24,DStar
2544,7.83,AgentPrefab,Agent,MoveState,Moving,Goal,20.00,0.00,20.00,9.25,0.00,12.25,10.24,0.00,13.24,DStar
2545,7.84,AgentPrefab,Agent,MoveState,Moving,Goal,20.00,0.00,20.00,9.25,0.00,12.25,10.24,0.00,13.24,DStar
2546,7.84,AgentPrefab,Agent,MoveState,Moving,Goal,20.00,0.00,20.00,9.25,0.00,12.25,10.24,0.00,13.24,DStar
2547,7.84,AgentPrefab,Agent,MoveState,Moving,Goal,20.00,0.00,20.00,9.26,0.00,12.26,10.24,0.00,13.24,DStar
2548,7.85,AgentPrefab,Agent,MoveState,Moving,Goal,20.00,0.00,20.00,9.26,0.00,12.26,10.24,0.00,13.24,DStar
2549,7.85,AgentPrefab,Agent,MoveState,Moving,Goal,20.00,0.00,20.00,9.27,0.00,12.27,10.24,0.00,13.24,DStar
2550,7.85,AgentPrefab,Agent,MoveState,Moving,Goal,20.00,0.00,20.00,9.27,0.00,12.27,10.24,0.00,13.24,DStar
2551,7.85,AgentPrefab,Agent,MoveState,Moving,Goal,20.00,0.00,20.00,9.27,0.00,12.27,10.24,0.00,13.24,DStar
2552,7.86,AgentPrefab,Agent,MoveState,Moving,Goal,20.00,0.00,20.00,9.28,0.00,12.28,10.24,0.00,13.24,DStar
2553,7.86,AgentPrefab,Agent,MoveState,Moving,Goal,20.00,0.00,20.00,9.28,0.00,12.28,10.24,0.00,13.24,DStar
2554,7.87,AgentPrefab,Agent,MoveState,Moving,Goal,20.00,0.00,20.00,9.29,0.00,12.29,10.24,0.00,13.24,DStar
2555,7.87,AgentPrefab,Agent,MoveState,Moving,Goal,20.00,0.00,20.00,9.30,0.00,12.30,10.24,0.00,13.24,DStar
2556,7.87,AgentPrefab,Agent,MoveState,Moving,Goal,20.00,0.00,20.00,9.30,0.00,12.30,10.24,0.00,13.24,DStar
2557,7.88,AgentPrefab,Agent,MoveState,Moving,Goal,20.00,0.00,20.00,9.30,0.00,12.30,10.24,0.00,13.24,DStar
2558,7.88,AgentPrefab,Agent,MoveState,Moving,Goal,20.00,0.00,20.00,9.31,0.00,12.31,10.24,0.00,13.24,DStar
2559,7.88,AgentPrefab,Agent,MoveState,Moving,Goal,20.00,0.00,20.00,9.31,0.00,12.31,10.24,0.00,13.24,DStar
2560,7.88,AgentPrefab,Agent,MoveState,Moving,Goal,20.00,0.00,20.00,9.32,0.00,12.32,10.24,0.00,13.24,DStar
2561,7.89,AgentPrefab,Agent,MoveState,Moving,Goal,20.00,0.00,20.00,9.32,0.00,12.32,10.24,0.00,13.24,DStar
2562,7.89,AgentPrefab,Agent,MoveState,Moving,Goal,20.00,0.00,20.00,9.32,0.00,12.32,10.24,0.00,13.24,DStar
2563,7.89,AgentPrefab,Agent,MoveState,Moving,Goal,20.00,0.00,20.00,9.33,0.00,12.33,10.24,0.00,13.24,DStar
2564,7.89,AgentPrefab,Agent,MoveState,Moving,Goal,20.00,0.00,20.00,9.33,0.00,12.33,10.24,0.00,13.24,DStar
2565,7.90,AgentPrefab,Agent,MoveState,Moving,Goal,20.00,0.00,20.00,9.34,0.00,12.34,10.24,0.00,13.24,DStar
2566,7.90,AgentPrefab,Agent,MoveState,Moving,Goal,20.00,0.00,20.00,9.34,0.00,12.34,10.24,0.00,13.24,DStar
2567,7.90,AgentPrefab,Agent,MoveState,Moving,Goal,20.00,0.00,20.00,9.34,0.00,12.34,10.24,0.00,13.24,DStar
2568,7.91,AgentPrefab,Agent,MoveState,Moving,Goal,20.00,0.00,20.00,9.35,0.00,12.35,10.24,0.00,13.24,DStar
2569,7.91,AgentPrefab,Agent,MoveState,Moving,Goal,20.00,0.00,20.00,9.35,0.00,12.35,10.24,0.00,13.24,DStar
2570,7.91,AgentPrefab,Agent,MoveState,Moving,Goal,20.00,0.00,20.00,9.35,0.00,12.35,10.24,0.00,13.24,DStar
2571,7.91,AgentPrefab,Agent,MoveState,Moving,Goal,20.00,0.00,20.00,9.36,0.00,12.36,10.24,0.00,13.24,DStar
2572,7.92,AgentPrefab,Agent,MoveState,Moving,Goal,20.00,0.00,20.00,9.36,0.00,12.36,10.24,0.00,13.24,DStar
2573,7.92,AgentPrefab,Agent,MoveState,Moving,Goal,20.00,0.00,20.00,9.37,0.00,12.37,10.24,0.00,13.24,DStar
2574,7.92,AgentPrefab,Agent,MoveState,Moving,Goal,20.00,0.00,20.00,9.37,0.00,12.37,10.24,0.00,13.24,DStar
2575,7.92,AgentPrefab,Agent,MoveState,Moving,Goal,20.00,0.00,20.00,9.37,0.00,12.37,10.24,0.00,13.24,DStar
2576,7.93,AgentPrefab,Agent,MoveState,Moving,Goal,20.00,0.00,20.00,9.38,0.00,12.38,10.24,0.00,13.24,DStar
2577,7.93,AgentPrefab,Agent,MoveState,Moving,Goal,20.00,0.00,20.00,9.38,0.00,12.38,10.24,0.00,13.24,DStar
2578,7.93,AgentPrefab,Agent,MoveState,Moving,Goal,20.00,0.00,20.00,9.38,0.00,12.38,10.24,0.00,13.24,DStar
2579,7.93,AgentPrefab,Agent,MoveState,Moving,Goal,20.00,0.00,20.00,9.39,0.00,12.39,10.24,0.00,13.24,DStar
2580,7.94,AgentPrefab,Agent,MoveState,Moving,Goal,20.00,0.00,20.00,9.39,0.00,12.39,10.24,0.00,13.24,DStar
2581,7.94,AgentPrefab,Agent,MoveState,Moving,Goal,20.00,0.00,20.00,9.40,0.00,12.40,10.24,0.00,13.24,DStar
2582,7.94,AgentPrefab,Agent,MoveState,Moving,Goal,20.00,0.00,20.00,9.40,0.00,12.40,10.24,0.00,13.24,DStar
2583,7.94,AgentPrefab,Agent,MoveState,Moving,Goal,20.00,0.00,20.00,9.40,0.00,12.40,10.24,0.00,13.24,DStar
2584,7.95,AgentPrefab,Agent,MoveState,Moving,Goal,20.00,0.00,20.00,9.41,0.00,12.41,10.24,0.00,13.24,DStar
2585,7.95,AgentPrefab,Agent,MoveState,Moving,Goal,20.00,0.00,20.00,9.41,0.00,12.41,10.24,0.00,13.24,DStar
2586,7.95,AgentPrefab,Agent,MoveState,Moving,Goal,20.00,0.00,20.00,9.41,0.00,12.41,10.24,0.00,13.24,DStar
2587,7.96,AgentPrefab,Agent,MoveState,Moving,Goal,20.00,0.00,20.00,9.42,0.00,12.42,10.24,0.00,13.24,DStar
2588,7.96,AgentPrefab,Agent,MoveState,Moving,Goal,20.00,0.00,20.00,9.42,0.00,12.42,10.24,0.00,13.24,DStar
2589,7.96,AgentPrefab,Agent,MoveState,Moving,Goal,20.00,0.00,20.00,9.43,0.00,12.43,10.24,0.00,13.24,DStar
2590,7.96,AgentPrefab,Agent,MoveState,Moving,Goal,20.00,0.00,20.00,9.43,0.00,12.43,10.24,0.00,13.24,DStar
2591,7.97,AgentPrefab,Agent,MoveState,Moving,Goal,20.00,0.00,20.00,9.43,0.00,12.43,10.24,0.00,13.24,DStar
2592,7.97,AgentPrefab,Agent,MoveState,Moving,Goal,20.00,0.00,20.00,9.44,0.00,12.44,10.24,0.00,13.24,DStar
2593,7.97,AgentPrefab,Agent,MoveState,Moving,Goal,20.00,0.00,20.00,9.44,0.00,12.44,10.24,0.00,13.24,DStar
2594,7.97,AgentPrefab,Agent,MoveState,Moving,Goal,20.00,0.00,20.00,9.44,0.00,12.44,10.24,0.00,13.24,DStar
2595,7.98,AgentPrefab,Agent,MoveState,Moving,Goal,20.00,0.00,20.00,9.45,0.00,12.45,10.24,0.00,13.24,DStar
2596,7.98,AgentPrefab,Agent,MoveState,Moving,Goal,20.00,0.00,20.00,9.45,0.00,12.45,10.24,0.00,13.24,DStar
2597,7.98,AgentPrefab,Agent,MoveState,Moving,Goal,20.00,0.00,20.00,9.46,0.00,12.46,10.24,0.00,13.24,DStar
2598,7.98,AgentPrefab,Agent,MoveState,Moving,Goal,20.00,0.00,20.00,9.46,0.00,12.46,10.24,0.00,13.24,DStar
2599,7.99,AgentPrefab,Agent,MoveState,Moving,Goal,20.00,0.00,20.00,9.46,0.00,12.46,10.24,0.00,13.24,DStar
2600,7.99,AgentPrefab,Agent,MoveState,Moving,Goal,20.00,0.00,20.00,9.47,0.00,12.47,10.24,0.00,13.24,DStar
2601,7.99,AgentPrefab,Agent,MoveState,Moving,Goal,20.00,0.00,20.00,9.47,0.00,12.47,10.24,0.00,13.24,DStar
2602,8.00,AgentPrefab,Agent,MoveState,Moving,Goal,20.00,0.00,20.00,9.47,0.00,12.47,10.24,0.00,13.24,DStar
2603,8.00,AgentPrefab,Agent,MoveState,Moving,Goal,20.00,0.00,20.00,9.48,0.00,12.48,10.24,0.00,13.24,DStar
2604,8.00,AgentPrefab,Agent,MoveState,Moving,Goal,20.00,0.00,20.00,9.48,0.00,12.48,10.24,0.00,13.24,DStar
2605,8.00,AgentPrefab,Agent,MoveState,Moving,Goal,20.00,0.00,20.00,9.49,0.00,12.49,10.24,0.00,13.24,DStar
2606,8.01,AgentPrefab,Agent,MoveState,Moving,Goal,20.00,0.00,20.00,9.49,0.00,12.49,10.24,0.00,13.24,DStar
2607,8.01,AgentPrefab,Agent,MoveState,Moving,Goal,20.00,0.00,20.00,9.49,0.00,12.49,10.24,0.00,13.24,DStar
2608,8.01,AgentPrefab,Agent,MoveState,Moving,Goal,20.00,0.00,20.00,9.50,0.00,12.50,10.24,0.00,13.24,DStar
2609,8.01,AgentPrefab,Agent,MoveState,Moving,Goal,20.00,0.00,20.00,9.50,0.00,12.50,10.24,0.00,13.24,DStar
2610,8.02,AgentPrefab,Agent,MoveState,Moving,Goal,20.00,0.00,20.00,9.50,0.00,12.50,10.24,0.00,13.24,DStar
2611,8.02,AgentPrefab,Agent,MoveState,Moving,Goal,20.00,0.00,20.00,9.51,0.00,12.51,10.24,0.00,13.24,DStar
2612,8.02,AgentPrefab,Agent,MoveState,Moving,Goal,20.00,0.00,20.00,9.51,0.00,12.51,10.24,0.00,13.24,DStar
2613,8.03,AgentPrefab,Agent,MoveState,Moving,Goal,20.00,0.00,20.00,9.52,0.00,12.52,10.24,0.00,13.24,DStar
2614,8.03,AgentPrefab,Agent,MoveState,Moving,Goal,20.00,0.00,20.00,9.52,0.00,12.52,10.24,0.00,13.24,DStar
2615,8.03,AgentPrefab,Agent,MoveState,Moving,Goal,20.00,0.00,20.00,9.52,0.00,12.52,10.24,0.00,13.24,DStar
2616,8.03,AgentPrefab,Agent,MoveState,Moving,Goal,20.00,0.00,20.00,9.53,0.00,12.53,10.24,0.00,13.24,DStar
2617,8.04,AgentPrefab,Agent,MoveState,Moving,Goal,20.00,0.00,20.00,9.53,0.00,12.53,10.24,0.00,13.24,DStar
2618,8.04,AgentPrefab,Agent,MoveState,Moving,Goal,20.00,0.00,20.00,9.54,0.00,12.54,10.24,0.00,13.24,DStar
2619,8.04,AgentPrefab,Agent,MoveState,Moving,Goal,20.00,0.00,20.00,9.54,0.00,12.54,10.24,0.00,13.24,DStar
2620,8.10,AgentPrefab,Agent,MoveState,Moving,Goal,20.00,0.00,20.00,9.54,0.00,12.54,10.24,0.00,13.24,DStar
2621,8.10,AgentPrefab,Agent,MoveState,Moving,Goal,20.00,0.00,20.00,9.62,0.00,12.62,10.24,0.00,13.24,DStar
2622,8.11,AgentPrefab,Agent,MoveState,Moving,Goal,20.00,0.00,20.00,9.63,0.00,12.63,10.24,0.00,13.24,DStar
2623,8.11,AgentPrefab,Agent,MoveState,Moving,Goal,20.00,0.00,20.00,9.63,0.00,12.63,10.24,0.00,13.24,DStar
2624,8.11,AgentPrefab,Agent,MoveState,Moving,Goal,20.00,0.00,20.00,9.64,0.00,12.64,10.24,0.00,13.24,DStar
2625,8.11,AgentPrefab,Agent,MoveState,Moving,Goal,20.00,0.00,20.00,9.64,0.00,12.64,10.24,0.00,13.24,DStar
2626,8.12,AgentPrefab,Agent,MoveState,Moving,Goal,20.00,0.00,20.00,9.64,0.00,12.64,10.24,0.00,13.24,DStar
2627,8.12,AgentPrefab,Agent,MoveState,Moving,Goal,20.00,0.00,20.00,9.65,0.00,12.65,10.24,0.00,13.24,DStar
2628,8.12,AgentPrefab,Agent,MoveState,Moving,Goal,20.00,0.00,20.00,9.65,0.00,12.65,10.24,0.00,13.24,DStar
2629,8.12,AgentPrefab,Agent,MoveState,Moving,Goal,20.00,0.00,20.00,9.66,0.00,12.66,10.24,0.00,13.24,DStar
2630,8.13,AgentPrefab,Agent,MoveState,Moving,Goal,20.00,0.00,20.00,9.66,0.00,12.66,10.24,0.00,13.24,DStar
2631,8.13,AgentPrefab,Agent,MoveState,Moving,Goal,20.00,0.00,20.00,9.66,0.00,12.66,10.24,0.00,13.24,DStar
2632,8.13,AgentPrefab,Agent,MoveState,Moving,Goal,20.00,0.00,20.00,9.67,0.00,12.67,10.24,0.00,13.24,DStar
2633,8.13,AgentPrefab,Agent,MoveState,Moving,Goal,20.00,0.00,20.00,9.67,0.00,12.67,10.24,0.00,13.24,DStar
2634,8.14,AgentPrefab,Agent,MoveState,Moving,Goal,20.00,0.00,20.00,9.68,0.00,12.68,10.24,0.00,13.24,DStar
2635,8.14,AgentPrefab,Agent,MoveState,Moving,Goal,20.00,0.00,20.00,9.68,0.00,12.68,10.24,0.00,13.24,DStar
2636,8.14,AgentPrefab,Agent,MoveState,Moving,Goal,20.00,0.00,20.00,9.68,0.00,12.68,10.24,0.00,13.24,DStar
2637,8.15,AgentPrefab,Agent,MoveState,Moving,Goal,20.00,0.00,20.00,9.69,0.00,12.69,10.24,0.00,13.24,DStar
2638,8.15,AgentPrefab,Agent,MoveState,Moving,Goal,20.00,0.00,20.00,9.69,0.00,12.69,10.24,0.00,13.24,DStar
2639,8.15,AgentPrefab,Agent,MoveState,Moving,Goal,20.00,0.00,20.00,9.69,0.00,12.69,10.24,0.00,13.24,DStar
2640,8.15,AgentPrefab,Agent,MoveState,Moving,Goal,20.00,0.00,20.00,9.70,0.00,12.70,10.24,0.00,13.24,DStar
2641,8.16,AgentPrefab,Agent,MoveState,Moving,Goal,20.00,0.00,20.00,9.70,0.00,12.70,10.24,0.00,13.24,DStar
2642,8.16,AgentPrefab,Agent,MoveState,Moving,Goal,20.00,0.00,20.00,9.71,0.00,12.71,10.24,0.00,13.24,DStar
2643,8.16,AgentPrefab,Agent,MoveState,Moving,Goal,20.00,0.00,20.00,9.71,0.00,12.71,10.24,0.00,13.24,DStar
2644,8.16,AgentPrefab,Agent,MoveState,Moving,Goal,20.00,0.00,20.00,9.71,0.00,12.71,10.24,0.00,13.24,DStar
2645,8.17,AgentPrefab,Agent,MoveState,Moving,Goal,20.00,0.00,20.00,9.72,0.00,12.72,10.24,0.00,13.24,DStar
2646,8.17,AgentPrefab,Agent,MoveState,Moving,Goal,20.00,0.00,20.00,9.72,0.00,12.72,10.24,0.00,13.24,DStar
2647,8.17,AgentPrefab,Agent,MoveState,Moving,Goal,20.00,0.00,20.00,9.73,0.00,12.73,10.24,0.00,13.24,DStar
2648,8.18,AgentPrefab,Agent,MoveState,Moving,Goal,20.00,0.00,20.00,9.73,0.00,12.73,10.24,0.00,13.24,DStar
2649,8.18,AgentPrefab,Agent,MoveState,Moving,Goal,20.00,0.00,20.00,9.73,0.00,12.73,10.24,0.00,13.24,DStar
2650,8.18,AgentPrefab,Agent,MoveState,Moving,Goal,20.00,0.00,20.00,9.74,0.00,12.74,10.24,0.00,13.24,DStar
2651,8.18,AgentPrefab,Agent,MoveState,Moving,Goal,20.00,0.00,20.00,9.74,0.00,12.74,10.24,0.00,13.24,DStar
2652,8.19,AgentPrefab,Agent,MoveState,Moving,Goal,20.00,0.00,20.00,9.74,0.00,12.74,10.24,0.00,13.24,DStar
2653,8.19,AgentPrefab,Agent,MoveState,Moving,Goal,20.00,0.00,20.00,9.75,0.00,12.75,10.24,0.00,13.24,DStar
2654,8.19,AgentPrefab,Agent,MoveState,Moving,Goal,20.00,0.00,20.00,9.75,0.00,12.75,10.24,0.00,13.24,DStar
2655,8.19,AgentPrefab,Agent,MoveState,Moving,Goal,20.00,0.00,20.00,9.76,0.00,12.76,10.24,0.00,13.24,DStar
2656,8.20,AgentPrefab,Agent,MoveState,Moving,Goal,20.00,0.00,20.00,9.76,0.00,12.76,10.24,0.00,13.24,DStar
2657,8.20,AgentPrefab,Agent,MoveState,Moving,Goal,20.00,0.00,20.00,9.76,0.00,12.76,10.24,0.00,13.24,DStar
2658,8.20,AgentPrefab,Agent,MoveState,Moving,Goal,20.00,0.00,20.00,9.77,0.00,12.77,10.24,0.00,13.24,DStar
2659,8.21,AgentPrefab,Agent,MoveState,Moving,Goal,20.00,0.00,20.00,9.77,0.00,12.77,10.24,0.00,13.24,DStar
2660,8.21,AgentPrefab,Agent,MoveState,Moving,Goal,20.00,0.00,20.00,9.78,0.00,12.78,10.24,0.00,13.24,DStar
2661,8.21,AgentPrefab,Agent,MoveState,Moving,Goal,20.00,0.00,20.00,9.78,0.00,12.78,10.24,0.00,13.24,DStar
2662,8.22,AgentPrefab,Agent,MoveState,Moving,Goal,20.00,0.00,20.00,9.78,0.00,12.78,10.24,0.00,13.24,DStar
2663,8.22,AgentPrefab,Agent,MoveState,Moving,Goal,20.00,0.00,20.00,9.79,0.00,12.79,10.24,0.00,13.24,DStar
2664,8.22,AgentPrefab,Agent,MoveState,Moving,Goal,20.00,0.00,20.00,9.79,0.00,12.79,10.24,0.00,13.24,DStar
2665,8.22,AgentPrefab,Agent,MoveState,Moving,Goal,20.00,0.00,20.00,9.80,0.00,12.80,10.24,0.00,13.24,DStar
2666,8.23,AgentPrefab,Agent,MoveState,Moving,Goal,20.00,0.00,20.00,9.80,0.00,12.80,10.24,0.00,13.24,DStar
2667,8.23,AgentPrefab,Agent,MoveState,Moving,Goal,20.00,0.00,20.00,9.81,0.00,12.81,10.24,0.00,13.24,DStar
2668,8.23,AgentPrefab,Agent,MoveState,Moving,Goal,20.00,0.00,20.00,9.81,0.00,12.81,10.24,0.00,13.24,DStar
2669,8.24,AgentPrefab,Agent,MoveState,Moving,Goal,20.00,0.00,20.00,9.81,0.00,12.81,10.24,0.00,13.24,DStar
2670,8.24,AgentPrefab,Agent,MoveState,Moving,Goal,20.00,0.00,20.00,9.82,0.00,12.82,10.24,0.00,13.24,DStar
2671,8.24,AgentPrefab,Agent,MoveState,Moving,Goal,20.00,0.00,20.00,9.82,0.00,12.82,10.24,0.00,13.24,DStar
2672,8.24,AgentPrefab,Agent,MoveState,Moving,Goal,20.00,0.00,20.00,9.83,0.00,12.83,10.24,0.00,13.24,DStar
2673,8.25,AgentPrefab,Agent,MoveState,Moving,Goal,20.00,0.00,20.00,9.83,0.00,12.83,10.24,0.00,13.24,DStar
2674,8.25,AgentPrefab,Agent,MoveState,Moving,Goal,20.00,0.00,20.00,9.83,0.00,12.83,10.24,0.00,13.24,DStar
2675,8.25,AgentPrefab,Agent,MoveState,Moving,Goal,20.00,0.00,20.00,9.84,0.00,12.84,10.24,0.00,13.24,DStar
2676,8.26,AgentPrefab,Agent,MoveState,Moving,Goal,20.00,0.00,20.00,9.84,0.00,12.84,10.24,0.00,13.24,DStar
2677,8.26,AgentPrefab,Agent,MoveState,Moving,Goal,20.00,0.00,20.00,9.85,0.00,12.85,10.24,0.00,13.24,DStar
2678,8.26,AgentPrefab,Agent,MoveState,Moving,Goal,20.00,0.00,20.00,9.85,0.00,12.85,10.24,0.00,13.24,DStar
2679,8.26,AgentPrefab,Agent,MoveState,Moving,Goal,20.00,0.00,20.00,9.85,0.00,12.85,10.24,0.00,13.24,DStar
2680,8.27,AgentPrefab,Agent,MoveState,Moving,Goal,20.00,0.00,20.00,9.86,0.00,12.86,10.24,0.00,13.24,DStar
2681,8.27,AgentPrefab,Agent,MoveState,Moving,Goal,20.00,0.00,20.00,9.86,0.00,12.86,10.24,0.00,13.24,DStar
2682,8.27,AgentPrefab,Agent,MoveState,Moving,Goal,20.00,0.00,20.00,9.87,0.00,12.87,10.24,0.00,13.24,DStar
2683,8.27,AgentPrefab,Agent,MoveState,Moving,Goal,20.00,0.00,20.00,9.87,0.00,12.87,10.24,0.00,13.24,DStar
2684,8.28,AgentPrefab,Agent,MoveState,Moving,Goal,20.00,0.00,20.00,9.87,0.00,12.87,10.24,0.00,13.24,DStar
2685,8.28,AgentPrefab,Agent,MoveState,Moving,Goal,20.00,0.00,20.00,9.88,0.00,12.88,10.24,0.00,13.24,DStar
2686,8.28,AgentPrefab,Agent,MoveState,Moving,Goal,20.00,0.00,20.00,9.88,0.00,12.88,10.24,0.00,13.24,DStar
2687,8.29,AgentPrefab,Agent,MoveState,Moving,Goal,20.00,0.00,20.00,9.89,0.00,12.89,10.24,0.00,13.24,DStar
2688,8.29,AgentPrefab,Agent,MoveState,Moving,Goal,20.00,0.00,20.00,9.89,0.00,12.89,10.24,0.00,13.24,DStar
2689,8.29,AgentPrefab,Agent,MoveState,Moving,Goal,20.00,0.00,20.00,9.89,0.00,12.89,10.24,0.00,13.24,DStar
2690,8.30,AgentPrefab,Agent,MoveState,Moving,Goal,20.00,0.00,20.00,9.90,0.00,12.90,10.24,0.00,13.24,DStar
2691,8.30,AgentPrefab,Agent,MoveState,Moving,Goal,20.00,0.00,20.00,9.90,0.00,12.90,10.24,0.00,13.24,DStar
2692,8.30,AgentPrefab,Agent,MoveState,Moving,Goal,20.00,0.00,20.00,9.91,0.00,12.91,10.24,0.00,13.24,DStar
2693,8.31,AgentPrefab,Agent,MoveState,Moving,Goal,20.00,0.00,20.00,9.91,0.00,12.91,10.24,0.00,13.24,DStar
2694,8.31,AgentPrefab,Agent,MoveState,Moving,Goal,20.00,0.00,20.00,9.92,0.00,12.92,10.24,0.00,13.24,DStar
2695,8.31,AgentPrefab,Agent,MoveState,Moving,Goal,20.00,0.00,20.00,9.92,0.00,12.92,10.24,0.00,13.24,DStar
2696,8.31,AgentPrefab,Agent,MoveState,Moving,Goal,20.00,0.00,20.00,9.92,0.00,12.92,10.24,0.00,13.24,DStar
2697,8.32,AgentPrefab,Agent,MoveState,Moving,Goal,20.00,0.00,20.00,9.93,0.00,12.93,10.24,0.00,13.24,DStar
2698,8.32,AgentPrefab,Agent,MoveState,Moving,Goal,20.00,0.00,20.00,9.93,0.00,12.93,10.24,0.00,13.24,DStar
2699,8.32,AgentPrefab,Agent,MoveState,Moving,Goal,20.00,0.00,20.00,9.93,0.00,12.93,10.24,0.00,13.24,DStar
2700,8.32,AgentPrefab,Agent,MoveState,Moving,Goal,20.00,0.00,20.00,9.94,0.00,12.94,10.24,0.00,13.24,DStar
2701,8.33,AgentPrefab,Agent,MoveState,Moving,Goal,20.00,0.00,20.00,9.94,0.00,12.94,10.24,0.00,13.24,DStar
2702,8.33,AgentPrefab,Agent,MoveState,Moving,Goal,20.00,0.00,20.00,9.95,0.00,12.95,10.24,0.00,13.24,DStar
2703,8.33,AgentPrefab,Agent,MoveState,Moving,Goal,20.00,0.00,20.00,9.95,0.00,12.95,10.24,0.00,13.24,DStar
2704,8.33,AgentPrefab,Agent,MoveState,Moving,Goal,20.00,0.00,20.00,9.95,0.00,12.95,10.24,0.00,13.24,DStar
2705,8.34,AgentPrefab,Agent,MoveState,Moving,Goal,20.00,0.00,20.00,9.96,0.00,12.96,10.24,0.00,13.24,DStar
2706,8.34,AgentPrefab,Agent,MoveState,Moving,Goal,20.00,0.00,20.00,9.96,0.00,12.96,10.24,0.00,13.24,DStar
2707,8.34,AgentPrefab,Agent,MoveState,Moving,Goal,20.00,0.00,20.00,9.97,0.00,12.97,10.24,0.00,13.24,DStar
2708,8.35,AgentPrefab,Agent,MoveState,Moving,Goal,20.00,0.00,20.00,9.97,0.00,12.97,10.24,0.00,13.24,DStar
2709,8.35,AgentPrefab,Agent,MoveState,Moving,Goal,20.00,0.00,20.00,9.97,0.00,12.97,10.24,0.00,13.24,DStar
2710,8.35,AgentPrefab,Agent,MoveState,Moving,Goal,20.00,0.00,20.00,9.98,0.00,12.98,10.24,0.00,13.24,DStar
2711,8.35,AgentPrefab,Agent,MoveState,Moving,Goal,20.00,0.00,20.00,9.98,0.00,12.98,10.24,0.00,13.24,DStar
2712,8.36,AgentPrefab,Agent,MoveState,Moving,Goal,20.00,0.00,20.00,9.98,0.00,12.98,10.24,0.00,13.24,DStar
2713,8.36,AgentPrefab,Agent,MoveState,Moving,Goal,20.00,0.00,20.00,9.99,0.00,12.99,10.24,0.00,13.24,DStar
2714,8.36,AgentPrefab,Agent,MoveState,Moving,Goal,20.00,0.00,20.00,9.99,0.00,12.99,10.24,0.00,13.24,DStar
2715,8.37,AgentPrefab,Agent,MoveState,Moving,Goal,20.00,0.00,20.00,10.00,0.00,13.00,10.24,0.00,13.24,DStar
2716,8.37,AgentPrefab,Agent,MoveState,Moving,Goal,20.00,0.00,20.00,10.00,0.00,13.00,10.24,0.00,13.24,DStar
2717,8.37,AgentPrefab,Agent,MoveState,Moving,Goal,20.00,0.00,20.00,10.01,0.00,13.01,10.24,0.00,13.24,DStar
2718,8.38,AgentPrefab,Agent,MoveState,Moving,Goal,20.00,0.00,20.00,10.01,0.00,13.01,10.24,0.00,13.24,DStar
2719,8.38,AgentPrefab,Agent,MoveState,Moving,Goal,20.00,0.00,20.00,10.02,0.00,13.02,10.24,0.00,13.24,DStar
2720,8.38,AgentPrefab,Agent,MoveState,Moving,Goal,20.00,0.00,20.00,10.02,0.00,13.02,10.24,0.00,13.24,DStar
2721,8.39,AgentPrefab,Agent,MoveState,Moving,Goal,20.00,0.00,20.00,10.02,0.00,13.02,10.24,0.00,13.24,DStar
2722,8.39,AgentPrefab,Agent,MoveState,Moving,Goal,20.00,0.00,20.00,10.03,0.00,13.03,10.24,0.00,13.24,DStar
2723,8.39,AgentPrefab,Agent,MoveState,Moving,Goal,20.00,0.00,20.00,10.04,0.00,13.04,10.24,0.00,13.24,DStar
2724,8.40,AgentPrefab,Agent,MoveState,Moving,Goal,20.00,0.00,20.00,10.04,0.00,13.04,10.24,0.00,13.24,DStar
2725,8.40,AgentPrefab,Agent,MoveState,Moving,Goal,20.00,0.00,20.00,10.05,0.00,13.05,10.24,0.00,13.24,DStar
2726,8.41,AgentPrefab,Agent,MoveState,Moving,Goal,20.00,0.00,20.00,10.05,0.00,13.05,10.24,0.00,13.24,DStar
2727,8.41,AgentPrefab,Agent,MoveState,Moving,Goal,20.00,0.00,20.00,10.06,0.00,13.06,10.24,0.00,13.24,DStar
2728,8.41,AgentPrefab,Agent,MoveState,Moving,Goal,20.00,0.00,20.00,10.06,0.00,13.06,10.24,0.00,13.24,DStar
2729,8.42,AgentPrefab,Agent,MoveState,Moving,Goal,20.00,0.00,20.00,10.07,0.00,13.07,10.24,0.00,13.24,DStar
2730,8.42,AgentPrefab,Agent,MoveState,Moving,Goal,20.00,0.00,20.00,10.07,0.00,13.07,10.24,0.00,13.24,DStar
2731,8.42,AgentPrefab,Agent,MoveState,Moving,Goal,20.00,0.00,20.00,10.08,0.00,13.08,10.24,0.00,13.24,DStar
2732,8.43,AgentPrefab,Agent,MoveState,Moving,Goal,20.00,0.00,20.00,10.08,0.00,13.08,10.24,0.00,13.24,DStar
2733,8.43,AgentPrefab,Agent,MoveState,Moving,Goal,20.00,0.00,20.00,10.09,0.00,13.09,10.24,0.00,13.24,DStar
2734,8.43,AgentPrefab,Agent,MoveState,Moving,Goal,20.00,0.00,20.00,10.09,0.00,13.09,10.24,0.00,13.24,DStar
2735,8.44,AgentPrefab,Agent,MoveState,Moving,Goal,20.00,0.00,20.00,10.10,0.00,13.10,10.24,0.00,13.24,DStar
2736,8.44,AgentPrefab,Agent,MoveState,Moving,Goal,20.00,0.00,20.00,10.10,0.00,13.10,10.24,0.00,13.24,DStar
2737,8.44,AgentPrefab,Agent,MoveState,Moving,Goal,20.00,0.00,20.00,10.11,0.00,13.11,10.24,0.00,13.24,DStar
2738,8.45,AgentPrefab,Agent,MoveState,Moving,Goal,20.00,0.00,20.00,10.11,0.00,13.11,10.24,0.00,13.24,DStar
2739,8.45,AgentPrefab,Agent,MoveState,Moving,Goal,20.00,0.00,20.00,10.11,0.00,13.11,10.24,0.00,13.24,DStar
2740,8.45,AgentPrefab,Agent,MoveState,Moving,Goal,20.00,0.00,20.00,10.12,0.00,13.12,10.24,0.00,13.24,DStar
2741,8.46,AgentPrefab,Agent,MoveState,Moving,Goal,20.00,0.00,20.00,10.12,0.00,13.12,10.24,0.00,13.24,DStar
2742,8.46,AgentPrefab,Agent,MoveState,Moving,Goal,20.00,0.00,20.00,10.13,0.00,13.13,10.24,0.00,13.24,DStar
2743,8.46,AgentPrefab,Agent,MoveState,Moving,Goal,20.00,0.00,20.00,10.13,0.00,13.13,10.24,0.00,13.24,DStar
2744,8.47,AgentPrefab,Agent,MoveState,Moving,Goal,20.00,0.00,20.00,10.14,0.00,13.14,10.24,0.00,13.24,DStar
2745,8.47,AgentPrefab,Agent,MoveState,Moving,Goal,20.00,0.00,20.00,10.14,0.00,13.14,10.24,0.00,13.24,DStar
2746,8.47,AgentPrefab,Agent,MoveState,Moving,Goal,20.00,0.00,20.00,10.15,0.00,13.15,10.24,0.00,13.24,DStar
2747,8.47,AgentPrefab,Agent,MoveState,Moving,Goal,20.00,0.00,20.00,10.15,0.00,13.15,10.24,0.00,13.24,DStar
2748,8.48,AgentPrefab,Agent,MoveState,Moving,Goal,20.00,0.00,20.00,10.16,0.00,13.16,10.24,0.00,13.24,DStar
2749,8.48,AgentPrefab,Agent,MoveState,Moving,Goal,20.00,0.00,20.00,10.16,0.00,13.16,10.24,0.00,13.24,DStar
2750,8.49,AgentPrefab,Agent,MoveState,Moving,Goal,20.00,0.00,20.00,10.17,0.00,13.17,10.24,0.00,13.24,DStar
2751,8.49,AgentPrefab,Agent,MoveState,Moving,Goal,20.00,0.00,20.00,10.17,0.00,13.17,10.24,0.00,13.24,DStar
2752,8.49,AgentPrefab,Agent,MoveState,Moving,Goal,20.00,0.00,20.00,10.18,0.00,13.18,10.24,0.00,13.24,DStar
2753,8.50,AgentPrefab,Agent,MoveState,Moving,Goal,20.00,0.00,20.00,10.18,0.00,13.18,10.24,0.00,13.24,DStar
2754,8.50,AgentPrefab,Agent,MoveState,Moving,Goal,20.00,0.00,20.00,10.18,0.00,13.18,10.24,0.00,13.24,DStar
2755,8.50,AgentPrefab,Agent,MoveState,Moving,Goal,20.00,0.00,20.00,10.19,0.00,13.19,10.24,0.00,13.24,DStar
2756,8.51,AgentPrefab,Agent,MoveState,Moving,Goal,20.00,0.00,20.00,10.20,0.00,13.20,10.24,0.00,13.24,DStar
2757,8.51,AgentPrefab,Agent,MoveState,Moving,Goal,20.00,0.00,20.00,10.20,0.00,13.20,10.24,0.00,13.24,DStar
2758,8.51,AgentPrefab,Agent,MoveState,Moving,Goal,20.00,0.00,20.00,10.24,0.00,13.24,11.24,0.00,14.24,DStar
2759,8.52,AgentPrefab,Agent,MoveState,Moving,Goal,20.00,0.00,20.00,10.24,0.00,13.24,11.24,0.00,14.24,DStar
2760,8.52,AgentPrefab,Agent,MoveState,Moving,Goal,20.00,0.00,20.00,10.25,0.00,13.25,11.24,0.00,14.24,DStar
2761,8.52,AgentPrefab,Agent,MoveState,Moving,Goal,20.00,0.00,20.00,10.25,0.00,13.25,11.24,0.00,14.24,DStar
2762,8.52,AgentPrefab,Agent,MoveState,Moving,Goal,20.00,0.00,20.00,10.25,0.00,13.25,11.24,0.00,14.24,DStar
2763,8.53,AgentPrefab,Agent,MoveState,Moving,Goal,20.00,0.00,20.00,10.26,0.00,13.26,11.24,0.00,14.24,DStar
2764,8.53,AgentPrefab,Agent,MoveState,Moving,Goal,20.00,0.00,20.00,10.26,0.00,13.26,11.24,0.00,14.24,DStar
2765,8.53,AgentPrefab,Agent,MoveState,Moving,Goal,20.00,0.00,20.00,10.27,0.00,13.27,11.24,0.00,14.24,DStar
2766,8.54,AgentPrefab,Agent,MoveState,Moving,Goal,20.00,0.00,20.00,10.27,0.00,13.27,11.24,0.00,14.24,DStar
2767,8.54,AgentPrefab,Agent,MoveState,Moving,Goal,20.00,0.00,20.00,10.27,0.00,13.27,11.24,0.00,14.24,DStar
2768,8.54,AgentPrefab,Agent,MoveState,Moving,Goal,20.00,0.00,20.00,10.28,0.00,13.28,11.24,0.00,14.24,DStar
2769,8.54,AgentPrefab,Agent,MoveState,Moving,Goal,20.00,0.00,20.00,10.28,0.00,13.28,11.24,0.00,14.24,DStar
2770,8.55,AgentPrefab,Agent,MoveState,Moving,Goal,20.00,0.00,20.00,10.29,0.00,13.29,11.24,0.00,14.24,DStar
2771,8.55,AgentPrefab,Agent,MoveState,Moving,Goal,20.00,0.00,20.00,10.29,0.00,13.29,11.24,0.00,14.24,DStar
2772,8.55,AgentPrefab,Agent,MoveState,Moving,Goal,20.00,0.00,20.00,10.29,0.00,13.29,11.24,0.00,14.24,DStar
2773,8.55,AgentPrefab,Agent,MoveState,Moving,Goal,20.00,0.00,20.00,10.30,0.00,13.30,11.24,0.00,14.24,DStar
2774,8.56,AgentPrefab,Agent,MoveState,Moving,Goal,20.00,0.00,20.00,10.30,0.00,13.30,11.24,0.00,14.24,DStar
2775,8.56,AgentPrefab,Agent,MoveState,Moving,Goal,20.00,0.00,20.00,10.30,0.00,13.30,11.24,0.00,14.24,DStar
2776,8.56,AgentPrefab,Agent,MoveState,Moving,Goal,20.00,0.00,20.00,10.31,0.00,13.31,11.24,0.00,14.24,DStar
2777,8.56,AgentPrefab,Agent,MoveState,Moving,Goal,20.00,0.00,20.00,10.31,0.00,13.31,11.24,0.00,14.24,DStar
2778,8.57,AgentPrefab,Agent,MoveState,Moving,Goal,20.00,0.00,20.00,10.31,0.00,13.31,11.24,0.00,14.24,DStar
2779,8.57,AgentPrefab,Agent,MoveState,Moving,Goal,20.00,0.00,20.00,10.32,0.00,13.32,11.24,0.00,14.24,DStar
2780,8.57,AgentPrefab,Agent,MoveState,Moving,Goal,20.00,0.00,20.00,10.32,0.00,13.32,11.24,0.00,14.24,DStar
2781,8.57,AgentPrefab,Agent,MoveState,Moving,Goal,20.00,0.00,20.00,10.33,0.00,13.33,11.24,0.00,14.24,DStar
2782,8.58,AgentPrefab,Agent,MoveState,Moving,Goal,20.00,0.00,20.00,10.33,0.00,13.33,11.24,0.00,14.24,DStar
2783,8.58,AgentPrefab,Agent,MoveState,Moving,Goal,20.00,0.00,20.00,10.33,0.00,13.33,11.24,0.00,14.24,DStar
2784,8.58,AgentPrefab,Agent,MoveState,Moving,Goal,20.00,0.00,20.00,10.34,0.00,13.34,11.24,0.00,14.24,DStar
2785,8.59,AgentPrefab,Agent,MoveState,Moving,Goal,20.00,0.00,20.00,10.34,0.00,13.34,11.24,0.00,14.24,DStar
2786,8.59,AgentPrefab,Agent,MoveState,Moving,Goal,20.00,0.00,20.00,10.35,0.00,13.35,11.24,0.00,14.24,DStar
2787,8.59,AgentPrefab,Agent,MoveState,Moving,Goal,20.00,0.00,20.00,10.35,0.00,13.35,11.24,0.00,14.24,DStar
2788,8.59,AgentPrefab,Agent,MoveState,Moving,Goal,20.00,0.00,20.00,10.35,0.00,13.35,11.24,0.00,14.24,DStar
2789,8.60,AgentPrefab,Agent,MoveState,Moving,Goal,20.00,0.00,20.00,10.36,0.00,13.36,11.24,0.00,14.24,DStar
2790,8.60,AgentPrefab,Agent,MoveState,Moving,Goal,20.00,0.00,20.00,10.36,0.00,13.36,11.24,0.00,14.24,DStar
2791,8.60,AgentPrefab,Agent,MoveState,Moving,Goal,20.00,0.00,20.00,10.36,0.00,13.36,11.24,0.00,14.24,DStar
2792,8.61,AgentPrefab,Agent,MoveState,Moving,Goal,20.00,0.00,20.00,10.37,0.00,13.37,11.24,0.00,14.24,DStar
2793,8.61,AgentPrefab,Agent,MoveState,Moving,Goal,20.00,0.00,20.00,10.37,0.00,13.37,11.24,0.00,14.24,DStar
2794,8.61,AgentPrefab,Agent,MoveState,Moving,Goal,20.00,0.00,20.00,10.38,0.00,13.38,11.24,0.00,14.24,DStar
2795,8.61,AgentPrefab,Agent,MoveState,Moving,Goal,20.00,0.00,20.00,10.38,0.00,13.38,11.24,0.00,14.24,DStar
2796,8.62,AgentPrefab,Agent,MoveState,Moving,Goal,20.00,0.00,20.00,10.39,0.00,13.39,11.24,0.00,14.24,DStar
2797,8.62,AgentPrefab,Agent,MoveState,Moving,Goal,20.00,0.00,20.00,10.39,0.00,13.39,11.24,0.00,14.24,DStar
2798,8.62,AgentPrefab,Agent,MoveState,Moving,Goal,20.00,0.00,20.00,10.39,0.00,13.39,11.24,0.00,14.24,DStar
2799,8.62,AgentPrefab,Agent,MoveState,Moving,Goal,20.00,0.00,20.00,10.40,0.00,13.40,11.24,0.00,14.24,DStar
2800,8.63,AgentPrefab,Agent,MoveState,Moving,Goal,20.00,0.00,20.00,10.40,0.00,13.40,11.24,0.00,14.24,DStar
2801,8.63,AgentPrefab,Agent,MoveState,Moving,Goal,20.00,0.00,20.00,10.40,0.00,13.40,11.24,0.00,14.24,DStar
2802,8.63,AgentPrefab,Agent,MoveState,Moving,Goal,20.00,0.00,20.00,10.41,0.00,13.41,11.24,0.00,14.24,DStar
2803,8.63,AgentPrefab,Agent,MoveState,Moving,Goal,20.00,0.00,20.00,10.41,0.00,13.41,11.24,0.00,14.24,DStar
2804,8.64,AgentPrefab,Agent,MoveState,Moving,Goal,20.00,0.00,20.00,10.41,0.00,13.41,11.24,0.00,14.24,DStar
2805,8.64,AgentPrefab,Agent,MoveState,Moving,Goal,20.00,0.00,20.00,10.42,0.00,13.42,11.24,0.00,14.24,DStar
2806,8.64,AgentPrefab,Agent,MoveState,Moving,Goal,20.00,0.00,20.00,10.42,0.00,13.42,11.24,0.00,14.24,DStar
2807,8.65,AgentPrefab,Agent,MoveState,Moving,Goal,20.00,0.00,20.00,10.43,0.00,13.43,11.24,0.00,14.24,DStar
2808,8.65,AgentPrefab,Agent,MoveState,Moving,Goal,20.00,0.00,20.00,10.43,0.00,13.43,11.24,0.00,14.24,DStar
2809,8.65,AgentPrefab,Agent,MoveState,Moving,Goal,20.00,0.00,20.00,10.43,0.00,13.43,11.24,0.00,14.24,DStar
2810,8.65,AgentPrefab,Agent,MoveState,Moving,Goal,20.00,0.00,20.00,10.44,0.00,13.44,11.24,0.00,14.24,DStar
2811,8.66,AgentPrefab,Agent,MoveState,Moving,Goal,20.00,0.00,20.00,10.44,0.00,13.44,11.24,0.00,14.24,DStar
2812,8.66,AgentPrefab,Agent,MoveState,Moving,Goal,20.00,0.00,20.00,10.45,0.00,13.45,11.24,0.00,14.24,DStar
2813,8.66,AgentPrefab,Agent,MoveState,Moving,Goal,20.00,0.00,20.00,10.45,0.00,13.45,11.24,0.00,14.24,DStar
2814,8.66,AgentPrefab,Agent,MoveState,Moving,Goal,20.00,0.00,20.00,10.45,0.00,13.45,11.24,0.00,14.24,DStar
2815,8.67,AgentPrefab,Agent,MoveState,Moving,Goal,20.00,0.00,20.00,10.46,0.00,13.46,11.24,0.00,14.24,DStar
2816,8.67,AgentPrefab,Agent,MoveState,Moving,Goal,20.00,0.00,20.00,10.46,0.00,13.46,11.24,0.00,14.24,DStar
2817,8.67,AgentPrefab,Agent,MoveState,Moving,Goal,20.00,0.00,20.00,10.46,0.00,13.46,11.24,0.00,14.24,DStar
2818,8.67,AgentPrefab,Agent,MoveState,Moving,Goal,20.00,0.00,20.00,10.47,0.00,13.47,11.24,0.00,14.24,DStar
2819,8.68,AgentPrefab,Agent,MoveState,Moving,Goal,20.00,0.00,20.00,10.47,0.00,13.47,11.24,0.00,14.24,DStar
2820,8.68,AgentPrefab,Agent,MoveState,Moving,Goal,20.00,0.00,20.00,10.47,0.00,13.47,11.24,0.00,14.24,DStar
2821,8.68,AgentPrefab,Agent,MoveState,Moving,Goal,20.00,0.00,20.00,10.48,0.00,13.48,11.24,0.00,14.24,DStar
2822,8.68,AgentPrefab,Agent,MoveState,Moving,Goal,20.00,0.00,20.00,10.48,0.00,13.48,11.24,0.00,14.24,DStar
2823,8.69,AgentPrefab,Agent,MoveState,Moving,Goal,20.00,0.00,20.00,10.48,0.00,13.48,11.24,0.00,14.24,DStar
2824,8.69,AgentPrefab,Agent,MoveState,Moving,Goal,20.00,0.00,20.00,10.49,0.00,13.49,11.24,0.00,14.24,DStar
2825,8.69,AgentPrefab,Agent,MoveState,Moving,Goal,20.00,0.00,20.00,10.49,0.00,13.49,11.24,0.00,14.24,DStar
2826,8.69,AgentPrefab,Agent,MoveState,Moving,Goal,20.00,0.00,20.00,10.50,0.00,13.50,11.24,0.00,14.24,DStar
2827,8.70,AgentPrefab,Agent,MoveState,Moving,Goal,20.00,0.00,20.00,10.50,0.00,13.50,11.24,0.00,14.24,DStar
2828,8.70,AgentPrefab,Agent,MoveState,Moving,Goal,20.00,0.00,20.00,10.50,0.00,13.50,11.24,0.00,14.24,DStar
2829,8.71,AgentPrefab,Agent,MoveState,Moving,Goal,20.00,0.00,20.00,10.51,0.00,13.51,11.24,0.00,14.24,DStar
2830,8.71,AgentPrefab,Agent,MoveState,Moving,Goal,20.00,0.00,20.00,10.52,0.00,13.52,11.24,0.00,14.24,DStar
2831,8.71,AgentPrefab,Agent,MoveState,Moving,Goal,20.00,0.00,20.00,10.52,0.00,13.52,11.24,0.00,14.24,DStar
2832,8.72,AgentPrefab,Agent,MoveState,Moving,Goal,20.00,0.00,20.00,10.52,0.00,13.52,11.24,0.00,14.24,DStar
2833,8.72,AgentPrefab,Agent,MoveState,Moving,Goal,20.00,0.00,20.00,10.53,0.00,13.53,11.24,0.00,14.24,DStar
2834,8.72,AgentPrefab,Agent,MoveState,Moving,Goal,20.00,0.00,20.00,10.53,0.00,13.53,11.24,0.00,14.24,DStar
2835,8.72,AgentPrefab,Agent,MoveState,Moving,Goal,20.00,0.00,20.00,10.54,0.00,13.54,11.24,0.00,14.24,DStar
2836,8.73,AgentPrefab,Agent,MoveState,Moving,Goal,20.00,0.00,20.00,10.54,0.00,13.54,11.24,0.00,14.24,DStar
2837,8.73,AgentPrefab,Agent,MoveState,Moving,Goal,20.00,0.00,20.00,10.54,0.00,13.54,11.24,0.00,14.24,DStar
2838,8.73,AgentPrefab,Agent,MoveState,Moving,Goal,20.00,0.00,20.00,10.55,0.00,13.55,11.24,0.00,14.24,DStar
2839,8.73,AgentPrefab,Agent,MoveState,Moving,Goal,20.00,0.00,20.00,10.55,0.00,13.55,11.24,0.00,14.24,DStar
2840,8.74,AgentPrefab,Agent,MoveState,Moving,Goal,20.00,0.00,20.00,10.56,0.00,13.56,11.24,0.00,14.24,DStar
2841,8.74,AgentPrefab,Agent,MoveState,Moving,Goal,20.00,0.00,20.00,10.56,0.00,13.56,11.24,0.00,14.24,DStar
2842,8.74,AgentPrefab,Agent,MoveState,Moving,Goal,20.00,0.00,20.00,10.56,0.00,13.56,11.24,0.00,14.24,DStar
2843,8.75,AgentPrefab,Agent,MoveState,Moving,Goal,20.00,0.00,20.00,10.57,0.00,13.57,11.24,0.00,14.24,DStar
2844,8.75,AgentPrefab,Agent,MoveState,Moving,Goal,20.00,0.00,20.00,10.57,0.00,13.57,11.24,0.00,14.24,DStar
2845,8.75,AgentPrefab,Agent,MoveState,Moving,Goal,20.00,0.00,20.00,10.58,0.00,13.58,11.24,0.00,14.24,DStar
2846,8.75,AgentPrefab,Agent,MoveState,Moving,Goal,20.00,0.00,20.00,10.58,0.00,13.58,11.24,0.00,14.24,DStar
2847,8.76,AgentPrefab,Agent,MoveState,Moving,Goal,20.00,0.00,20.00,10.58,0.00,13.58,11.24,0.00,14.24,DStar
2848,8.76,AgentPrefab,Agent,MoveState,Moving,Goal,20.00,0.00,20.00,10.59,0.00,13.59,11.24,0.00,14.24,DStar
2849,8.76,AgentPrefab,Agent,MoveState,Moving,Goal,20.00,0.00,20.00,10.59,0.00,13.59,11.24,0.00,14.24,DStar
2850,8.77,AgentPrefab,Agent,MoveState,Moving,Goal,20.00,0.00,20.00,10.59,0.00,13.59,11.24,0.00,14.24,DStar
2851,8.77,AgentPrefab,Agent,MoveState,Moving,Goal,20.00,0.00,20.00,10.60,0.00,13.60,11.24,0.00,14.24,DStar
2852,8.77,AgentPrefab,Agent,MoveState,Moving,Goal,20.00,0.00,20.00,10.60,0.00,13.60,11.24,0.00,14.24,DStar
2853,8.77,AgentPrefab,Agent,MoveState,Moving,Goal,20.00,0.00,20.00,10.61,0.00,13.61,11.24,0.00,14.24,DStar
2854,8.78,AgentPrefab,Agent,MoveState,Moving,Goal,20.00,0.00,20.00,10.61,0.00,13.61,11.24,0.00,14.24,DStar
2855,8.78,AgentPrefab,Agent,MoveState,Moving,Goal,20.00,0.00,20.00,10.62,0.00,13.62,11.24,0.00,14.24,DStar
2856,8.78,AgentPrefab,Agent,MoveState,Moving,Goal,20.00,0.00,20.00,10.62,0.00,13.62,11.24,0.00,14.24,DStar
2857,8.78,AgentPrefab,Agent,MoveState,Moving,Goal,20.00,0.00,20.00,10.62,0.00,13.62,11.24,0.00,14.24,DStar
2858,8.79,AgentPrefab,Agent,MoveState,Moving,Goal,20.00,0.00,20.00,10.63,0.00,13.63,11.24,0.00,14.24,DStar
2859,8.79,AgentPrefab,Agent,MoveState,Moving,Goal,20.00,0.00,20.00,10.63,0.00,13.63,11.24,0.00,14.24,DStar
2860,8.79,AgentPrefab,Agent,MoveState,Moving,Goal,20.00,0.00,20.00,10.63,0.00,13.63,11.24,0.00,14.24,DStar
2861,8.80,AgentPrefab,Agent,MoveState,Moving,Goal,20.00,0.00,20.00,10.64,0.00,13.64,11.24,0.00,14.24,DStar
2862,8.80,AgentPrefab,Agent,MoveState,Moving,Goal,20.00,0.00,20.00,10.64,0.00,13.64,11.24,0.00,14.24,DStar
2863,8.80,AgentPrefab,Agent,MoveState,Moving,Goal,20.00,0.00,20.00,10.65,0.00,13.65,11.24,0.00,14.24,DStar
2864,8.80,AgentPrefab,Agent,MoveState,Moving,Goal,20.00,0.00,20.00,10.65,0.00,13.65,11.24,0.00,14.24,DStar
2865,8.81,AgentPrefab,Agent,MoveState,Moving,Goal,20.00,0.00,20.00,10.65,0.00,13.65,11.24,0.00,14.24,DStar
2866,8.81,AgentPrefab,Agent,MoveState,Moving,Goal,20.00,0.00,20.00,10.66,0.00,13.66,11.24,0.00,14.24,DStar
2867,8.81,AgentPrefab,Agent,MoveState,Moving,Goal,20.00,0.00,20.00,10.66,0.00,13.66,11.24,0.00,14.24,DStar
2868,8.81,AgentPrefab,Agent,MoveState,Moving,Goal,20.00,0.00,20.00,10.66,0.00,13.66,11.24,0.00,14.24,DStar
2869,8.82,AgentPrefab,Agent,MoveState,Moving,Goal,20.00,0.00,20.00,10.67,0.00,13.67,11.24,0.00,14.24,DStar
2870,8.82,AgentPrefab,Agent,MoveState,Moving,Goal,20.00,0.00,20.00,10.67,0.00,13.67,11.24,0.00,14.24,DStar
2871,8.82,AgentPrefab,Agent,MoveState,Moving,Goal,20.00,0.00,20.00,10.68,0.00,13.68,11.24,0.00,14.24,DStar
2872,8.82,AgentPrefab,Agent,MoveState,Moving,Goal,20.00,0.00,20.00,10.68,0.00,13.68,11.24,0.00,14.24,DStar
2873,8.83,AgentPrefab,Agent,MoveState,Moving,Goal,20.00,0.00,20.00,10.68,0.00,13.68,11.24,0.00,14.24,DStar
2874,8.83,AgentPrefab,Agent,MoveState,Moving,Goal,20.00,0.00,20.00,10.69,0.00,13.69,11.24,0.00,14.24,DStar
2875,8.83,AgentPrefab,Agent,MoveState,Moving,Goal,20.00,0.00,20.00,10.69,0.00,13.69,11.24,0.00,14.24,DStar
2876,8.84,AgentPrefab,Agent,MoveState,Moving,Goal,20.00,0.00,20.00,10.70,0.00,13.70,11.24,0.00,14.24,DStar
2877,8.84,AgentPrefab,Agent,MoveState,Moving,Goal,20.00,0.00,20.00,10.70,0.00,13.70,11.24,0.00,14.24,DStar
2878,8.84,AgentPrefab,Agent,MoveState,Moving,Goal,20.00,0.00,20.00,10.71,0.00,13.71,11.24,0.00,14.24,DStar
2879,8.85,AgentPrefab,Agent,MoveState,Moving,Goal,20.00,0.00,20.00,10.71,0.00,13.71,11.24,0.00,14.24,DStar
2880,8.85,AgentPrefab,Agent,MoveState,Moving,Goal,20.00,0.00,20.00,10.71,0.00,13.71,11.24,0.00,14.24,DStar
2881,8.85,AgentPrefab,Agent,MoveState,Moving,Goal,20.00,0.00,20.00,10.72,0.00,13.72,11.24,0.00,14.24,DStar
2882,8.85,AgentPrefab,Agent,MoveState,Moving,Goal,20.00,0.00,20.00,10.72,0.00,13.72,11.24,0.00,14.24,DStar
2883,8.86,AgentPrefab,Agent,MoveState,Moving,Goal,20.00,0.00,20.00,10.72,0.00,13.72,11.24,0.00,14.24,DStar
2884,8.86,AgentPrefab,Agent,MoveState,Moving,Goal,20.00,0.00,20.00,10.73,0.00,13.73,11.24,0.00,14.24,DStar
2885,8.86,AgentPrefab,Agent,MoveState,Moving,Goal,20.00,0.00,20.00,10.73,0.00,13.73,11.24,0.00,14.24,DStar
2886,8.86,AgentPrefab,Agent,MoveState,Moving,Goal,20.00,0.00,20.00,10.74,0.00,13.74,11.24,0.00,14.24,DStar
2887,8.87,AgentPrefab,Agent,MoveState,Moving,Goal,20.00,0.00,20.00,10.74,0.00,13.74,11.24,0.00,14.24,DStar
2888,8.87,AgentPrefab,Agent,MoveState,Moving,Goal,20.00,0.00,20.00,10.74,0.00,13.74,11.24,0.00,14.24,DStar
2889,8.91,AgentPrefab,Agent,MoveState,Moving,Goal,20.00,0.00,20.00,10.75,0.00,13.75,11.24,0.00,14.24,DStar
