Frame,Time,Object,Type,State,Action,Target,TargetX,TargetY,TargetZ,CurrentX,CurrentY,CurrentZ,NextX,NextY,NextZ,AIType,CPU(ms)
1,0.00,AgentPrefab,Agent,IdleState,Idling,Goal,20.00,0.00,20.00,0.00,0.00,0.00,0.00,0.00,0.00,AStar,
1,0.00,AIManager,Performance,Pathfinding,Executed,AStar,0.00,0.00,0.00,0.00,0.00,0.00,0.00,0.00,0.00,AStar,894.821
2,0.02,AgentPrefab,Agent,SearchState,Searching,Goal,20.00,0.00,20.00,0.00,0.00,0.00,0.00,0.00,0.00,AStar,
3,0.04,AgentPrefab,Agent,MoveState,Moving,Goal,20.00,0.00,20.00,0.00,0.00,0.00,0.00,0.00,0.00,AStar,
4,0.04,AgentPrefab,Agent,MoveState,Moving,Goal,20.00,0.00,20.00,0.00,0.00,0.00,0.70,0.00,0.70,AStar,
5,0.05,AgentPrefab,Agent,MoveState,Moving,Goal,20.00,0.00,20.00,0.01,0.00,0.01,0.70,0.00,0.70,AStar,
6,0.06,AgentPrefab,Agent,MoveState,Moving,Goal,20.00,0.00,20.00,0.01,0.00,0.01,0.70,0.00,0.70,AStar,
7,0.06,AgentPrefab,Agent,MoveState,Moving,Goal,20.00,0.00,20.00,0.03,0.00,0.03,0.70,0.00,0.70,AStar,
8,0.07,AgentPrefab,Agent,MoveState,Moving,Goal,20.00,0.00,20.00,0.04,0.00,0.04,0.70,0.00,0.70,AStar,
9,0.07,AgentPrefab,Agent,MoveState,Moving,Goal,20.00,0.00,20.00,0.04,0.00,0.04,0.70,0.00,0.70,AStar,
10,0.08,AgentPrefab,Agent,MoveState,Moving,Goal,20.00,0.00,20.00,0.05,0.00,0.05,0.70,0.00,0.70,AStar,
11,0.09,AgentPrefab,Agent,MoveState,Moving,Goal,20.00,0.00,20.00,0.06,0.00,0.06,0.70,0.00,0.70,AStar,
12,0.09,AgentPrefab,Agent,MoveState,Moving,Goal,20.00,0.00,20.00,0.07,0.00,0.07,0.70,0.00,0.70,AStar,
13,0.10,AgentPrefab,Agent,MoveState,Moving,Goal,20.00,0.00,20.00,0.08,0.00,0.08,0.70,0.00,0.70,AStar,
14,0.10,AgentPrefab,Agent,MoveState,Moving,Goal,20.00,0.00,20.00,0.09,0.00,0.09,0.70,0.00,0.70,AStar,
15,0.11,AgentPrefab,Agent,MoveState,Moving,Goal,20.00,0.00,20.00,0.10,0.00,0.10,0.70,0.00,0.70,AStar,
16,0.12,AgentPrefab,Agent,MoveState,Moving,Goal,20.00,0.00,20.00,0.10,0.00,0.10,0.70,0.00,0.70,AStar,
17,0.12,AgentPrefab,Agent,MoveState,Moving,Goal,20.00,0.00,20.00,0.11,0.00,0.11,0.70,0.00,0.70,AStar,
18,0.13,AgentPrefab,Agent,MoveState,Moving,Goal,20.00,0.00,20.00,0.12,0.00,0.12,0.70,0.00,0.70,AStar,
19,0.13,AgentPrefab,Agent,MoveState,Moving,Goal,20.00,0.00,20.00,0.13,0.00,0.13,0.70,0.00,0.70,AStar,
20,0.14,AgentPrefab,Agent,MoveState,Moving,Goal,20.00,0.00,20.00,0.14,0.00,0.14,0.70,0.00,0.70,AStar,
21,0.15,AgentPrefab,Agent,MoveState,Moving,Goal,20.00,0.00,20.00,0.15,0.00,0.15,0.70,0.00,0.70,AStar,
22,0.15,AgentPrefab,Agent,MoveState,Moving,Goal,20.00,0.00,20.00,0.15,0.00,0.15,0.70,0.00,0.70,AStar,
23,0.16,AgentPrefab,Agent,MoveState,Moving,Goal,20.00,0.00,20.00,0.16,0.00,0.16,0.70,0.00,0.70,AStar,
24,0.16,AgentPrefab,Agent,MoveState,Moving,Goal,20.00,0.00,20.00,0.17,0.00,0.17,0.70,0.00,0.70,AStar,
25,0.17,AgentPrefab,Agent,MoveState,Moving,Goal,20.00,0.00,20.00,0.18,0.00,0.18,0.70,0.00,0.70,AStar,
26,0.17,AgentPrefab,Agent,MoveState,Moving,Goal,20.00,0.00,20.00,0.19,0.00,0.19,0.70,0.00,0.70,AStar,
27,0.18,AgentPrefab,Agent,MoveState,Moving,Goal,20.00,0.00,20.00,0.20,0.00,0.20,0.70,0.00,0.70,AStar,
28,0.19,AgentPrefab,Agent,MoveState,Moving,Goal,20.00,0.00,20.00,0.20,0.00,0.20,0.70,0.00,0.70,AStar,
29,0.19,AgentPrefab,Agent,MoveState,Moving,Goal,20.00,0.00,20.00,0.21,0.00,0.21,0.70,0.00,0.70,AStar,
30,0.20,AgentPrefab,Agent,MoveState,Moving,Goal,20.00,0.00,20.00,0.22,0.00,0.22,0.70,0.00,0.70,AStar,
31,0.21,AgentPrefab,Agent,MoveState,Moving,Goal,20.00,0.00,20.00,0.23,0.00,0.23,0.70,0.00,0.70,AStar,
32,0.21,AgentPrefab,Agent,MoveState,Moving,Goal,20.00,0.00,20.00,0.24,0.00,0.24,0.70,0.00,0.70,AStar,
33,0.22,AgentPrefab,Agent,MoveState,Moving,Goal,20.00,0.00,20.00,0.25,0.00,0.25,0.70,0.00,0.70,AStar,
34,0.22,AgentPrefab,Agent,MoveState,Moving,Goal,20.00,0.00,20.00,0.26,0.00,0.26,0.70,0.00,0.70,AStar,
35,0.23,AgentPrefab,Agent,MoveState,Moving,Goal,20.00,0.00,20.00,0.26,0.00,0.26,0.70,0.00,0.70,AStar,
36,0.23,AgentPrefab,Agent,MoveState,Moving,Goal,20.00,0.00,20.00,0.27,0.00,0.27,0.70,0.00,0.70,AStar,
37,0.24,AgentPrefab,Agent,MoveState,Moving,Goal,20.00,0.00,20.00,0.28,0.00,0.28,0.70,0.00,0.70,AStar,
38,0.24,AgentPrefab,Agent,MoveState,Moving,Goal,20.00,0.00,20.00,0.29,0.00,0.29,0.70,0.00,0.70,AStar,
39,0.25,AgentPrefab,Agent,MoveState,Moving,Goal,20.00,0.00,20.00,0.30,0.00,0.30,0.70,0.00,0.70,AStar,
40,0.26,AgentPrefab,Agent,MoveState,Moving,Goal,20.00,0.00,20.00,0.30,0.00,0.30,0.70,0.00,0.70,AStar,
41,0.26,AgentPrefab,Agent,MoveState,Moving,Goal,20.00,0.00,20.00,0.31,0.00,0.31,0.70,0.00,0.70,AStar,
42,0.27,AgentPrefab,Agent,MoveState,Moving,Goal,20.00,0.00,20.00,0.32,0.00,0.32,0.70,0.00,0.70,AStar,
43,0.27,AgentPrefab,Agent,MoveState,Moving,Goal,20.00,0.00,20.00,0.33,0.00,0.33,0.70,0.00,0.70,AStar,
44,0.28,AgentPrefab,Agent,MoveState,Moving,Goal,20.00,0.00,20.00,0.34,0.00,0.34,0.70,0.00,0.70,AStar,
45,0.29,AgentPrefab,Agent,MoveState,Moving,Goal,20.00,0.00,20.00,0.35,0.00,0.35,0.70,0.00,0.70,AStar,
46,0.29,AgentPrefab,Agent,MoveState,Moving,Goal,20.00,0.00,20.00,0.36,0.00,0.36,0.70,0.00,0.70,AStar,
47,0.30,AgentPrefab,Agent,MoveState,Moving,Goal,20.00,0.00,20.00,0.36,0.00,0.36,0.70,0.00,0.70,AStar,
48,0.31,AgentPrefab,Agent,MoveState,Moving,Goal,20.00,0.00,20.00,0.37,0.00,0.37,0.70,0.00,0.70,AStar,
49,0.31,AgentPrefab,Agent,MoveState,Moving,Goal,20.00,0.00,20.00,0.38,0.00,0.38,0.70,0.00,0.70,AStar,
50,0.32,AgentPrefab,Agent,MoveState,Moving,Goal,20.00,0.00,20.00,0.39,0.00,0.39,0.70,0.00,0.70,AStar,
51,0.32,AgentPrefab,Agent,MoveState,Moving,Goal,20.00,0.00,20.00,0.40,0.00,0.40,0.70,0.00,0.70,AStar,
52,0.33,AgentPrefab,Agent,MoveState,Moving,Goal,20.00,0.00,20.00,0.41,0.00,0.41,0.70,0.00,0.70,AStar,
53,0.34,AgentPrefab,Agent,MoveState,Moving,Goal,20.00,0.00,20.00,0.41,0.00,0.41,0.70,0.00,0.70,AStar,
54,0.34,AgentPrefab,Agent,MoveState,Moving,Goal,20.00,0.00,20.00,0.42,0.00,0.42,0.70,0.00,0.70,AStar,
55,0.35,AgentPrefab,Agent,MoveState,Moving,Goal,20.00,0.00,20.00,0.43,0.00,0.43,0.70,0.00,0.70,AStar,
56,0.35,AgentPrefab,Agent,MoveState,Moving,Goal,20.00,0.00,20.00,0.44,0.00,0.44,0.70,0.00,0.70,AStar,
57,0.36,AgentPrefab,Agent,MoveState,Moving,Goal,20.00,0.00,20.00,0.45,0.00,0.45,0.70,0.00,0.70,AStar,
58,0.37,AgentPrefab,Agent,MoveState,Moving,Goal,20.00,0.00,20.00,0.46,0.00,0.46,0.70,0.00,0.70,AStar,
59,0.37,AgentPrefab,Agent,MoveState,Moving,Goal,20.00,0.00,20.00,0.47,0.00,0.47,0.70,0.00,0.70,AStar,
60,0.38,AgentPrefab,Agent,MoveState,Moving,Goal,20.00,0.00,20.00,0.48,0.00,0.48,0.70,0.00,0.70,AStar,
61,0.39,AgentPrefab,Agent,MoveState,Moving,Goal,20.00,0.00,20.00,0.49,0.00,0.49,0.70,0.00,0.70,AStar,
62,0.39,AgentPrefab,Agent,MoveState,Moving,Goal,20.00,0.00,20.00,0.50,0.00,0.50,0.70,0.00,0.70,AStar,
63,0.40,AgentPrefab,Agent,MoveState,Moving,Goal,20.00,0.00,20.00,0.50,0.00,0.50,0.70,0.00,0.70,AStar,
64,0.40,AgentPrefab,Agent,MoveState,Moving,Goal,20.00,0.00,20.00,0.51,0.00,0.51,0.70,0.00,0.70,AStar,
65,0.41,AgentPrefab,Agent,MoveState,Moving,Goal,20.00,0.00,20.00,0.52,0.00,0.52,0.70,0.00,0.70,AStar,
66,0.42,AgentPrefab,Agent,MoveState,Moving,Goal,20.00,0.00,20.00,0.53,0.00,0.53,0.70,0.00,0.70,AStar,
67,0.42,AgentPrefab,Agent,MoveState,Moving,Goal,20.00,0.00,20.00,0.54,0.00,0.54,0.70,0.00,0.70,AStar,
68,0.43,AgentPrefab,Agent,MoveState,Moving,Goal,20.00,0.00,20.00,0.55,0.00,0.55,0.70,0.00,0.70,AStar,
69,0.43,AgentPrefab,Agent,MoveState,Moving,Goal,20.00,0.00,20.00,0.55,0.00,0.55,0.70,0.00,0.70,AStar,
70,0.44,AgentPrefab,Agent,MoveState,Moving,Goal,20.00,0.00,20.00,0.56,0.00,0.56,0.70,0.00,0.70,AStar,
71,0.45,AgentPrefab,Agent,MoveState,Moving,Goal,20.00,0.00,20.00,0.57,0.00,0.57,0.70,0.00,0.70,AStar,
72,0.45,AgentPrefab,Agent,MoveState,Moving,Goal,20.00,0.00,20.00,0.58,0.00,0.58,0.70,0.00,0.70,AStar,
73,0.46,AgentPrefab,Agent,MoveState,Moving,Goal,20.00,0.00,20.00,0.59,0.00,0.59,0.70,0.00,0.70,AStar,
74,0.46,AgentPrefab,Agent,MoveState,Moving,Goal,20.00,0.00,20.00,0.60,0.00,0.60,0.70,0.00,0.70,AStar,
75,0.47,AgentPrefab,Agent,MoveState,Moving,Goal,20.00,0.00,20.00,0.61,0.00,0.61,0.70,0.00,0.70,AStar,
76,0.48,AgentPrefab,Agent,MoveState,Moving,Goal,20.00,0.00,20.00,0.62,0.00,0.62,0.70,0.00,0.70,AStar,
77,0.48,AgentPrefab,Agent,MoveState,Moving,Goal,20.00,0.00,20.00,0.62,0.00,0.62,0.70,0.00,0.70,AStar,
78,0.49,AgentPrefab,Agent,MoveState,Moving,Goal,20.00,0.00,20.00,0.63,0.00,0.63,0.70,0.00,0.70,AStar,
79,0.49,AgentPrefab,Agent,MoveState,Moving,Goal,20.00,0.00,20.00,0.64,0.00,0.64,0.70,0.00,0.70,AStar,
80,0.50,AgentPrefab,Agent,MoveState,Moving,Goal,20.00,0.00,20.00,0.65,0.00,0.65,0.70,0.00,0.70,AStar,
81,0.51,AgentPrefab,Agent,MoveState,Moving,Goal,20.00,0.00,20.00,0.66,0.00,0.66,0.70,0.00,0.70,AStar,
82,0.51,AgentPrefab,Agent,MoveState,Moving,Goal,20.00,0.00,20.00,0.70,0.00,0.70,1.40,0.00,1.40,AStar,
83,0.52,AgentPrefab,Agent,MoveState,Moving,Goal,20.00,0.00,20.00,0.71,0.00,0.71,1.40,0.00,1.40,AStar,
84,0.52,AgentPrefab,Agent,MoveState,Moving,Goal,20.00,0.00,20.00,0.72,0.00,0.72,1.40,0.00,1.40,AStar,
84,0.52,AIManager,Performance,Pathfinding,Executed,AStar,0.00,0.00,0.00,0.00,0.00,0.00,0.00,0.00,0.00,AStar,36.814
85,0.57,AgentPrefab,Agent,MoveState,Moving,Goal,20.00,0.00,20.00,0.72,0.00,0.72,0.72,0.00,0.72,AStar,
86,0.58,AgentPrefab,Agent,MoveState,Moving,Goal,20.00,0.00,20.00,0.72,0.00,0.72,1.60,0.00,1.30,AStar,
87,0.58,AgentPrefab,Agent,MoveState,Moving,Goal,20.00,0.00,20.00,0.73,0.00,0.73,1.60,0.00,1.30,AStar,
88,0.59,AgentPrefab,Agent,MoveState,Moving,Goal,20.00,0.00,20.00,0.75,0.00,0.74,1.60,0.00,1.30,AStar,
89,0.59,AgentPrefab,Agent,MoveState,Moving,Goal,20.00,0.00,20.00,0.76,0.00,0.75,1.60,0.00,1.30,AStar,
90,0.60,AgentPrefab,Agent,MoveState,Moving,Goal,20.00,0.00,20.00,0.77,0.00,0.75,1.60,0.00,1.30,AStar,
91,0.61,AgentPrefab,Agent,MoveState,Moving,Goal,20.00,0.00,20.00,0.78,0.00,0.76,1.60,0.00,1.30,AStar,
92,0.61,AgentPrefab,Agent,MoveState,Moving,Goal,20.00,0.00,20.00,0.79,0.00,0.77,1.60,0.00,1.30,AStar,
93,0.62,AgentPrefab,Agent,MoveState,Moving,Goal,20.00,0.00,20.00,0.80,0.00,0.77,1.60,0.00,1.30,AStar,
94,0.62,AgentPrefab,Agent,MoveState,Moving,Goal,20.00,0.00,20.00,0.81,0.00,0.78,1.60,0.00,1.30,AStar,
95,0.63,AgentPrefab,Agent,MoveState,Moving,Goal,20.00,0.00,20.00,0.82,0.00,0.79,1.60,0.00,1.30,AStar,
96,0.64,AgentPrefab,Agent,MoveState,Moving,Goal,20.00,0.00,20.00,0.83,0.00,0.79,1.60,0.00,1.30,AStar,
97,0.65,AgentPrefab,Agent,MoveState,Moving,Goal,20.00,0.00,20.00,0.84,0.00,0.80,1.60,0.00,1.30,AStar,
98,0.65,AgentPrefab,Agent,MoveState,Moving,Goal,20.00,0.00,20.00,0.85,0.00,0.81,1.60,0.00,1.30,AStar,
99,0.66,AgentPrefab,Agent,MoveState,Moving,Goal,20.00,0.00,20.00,0.86,0.00,0.81,1.60,0.00,1.30,AStar,
100,0.66,AgentPrefab,Agent,MoveState,Moving,Goal,20.00,0.00,20.00,0.87,0.00,0.82,1.60,0.00,1.30,AStar,
101,0.67,AgentPrefab,Agent,MoveState,Moving,Goal,20.00,0.00,20.00,0.88,0.00,0.83,1.60,0.00,1.30,AStar,
102,0.67,AgentPrefab,Agent,MoveState,Moving,Goal,20.00,0.00,20.00,0.89,0.00,0.83,1.60,0.00,1.30,AStar,
103,0.68,AgentPrefab,Agent,MoveState,Moving,Goal,20.00,0.00,20.00,0.90,0.00,0.84,1.60,0.00,1.30,AStar,
104,0.69,AgentPrefab,Agent,MoveState,Moving,Goal,20.00,0.00,20.00,0.91,0.00,0.85,1.60,0.00,1.30,AStar,
105,0.69,AgentPrefab,Agent,MoveState,Moving,Goal,20.00,0.00,20.00,0.92,0.00,0.85,1.60,0.00,1.30,AStar,
106,0.70,AgentPrefab,Agent,MoveState,Moving,Goal,20.00,0.00,20.00,0.93,0.00,0.86,1.60,0.00,1.30,AStar,
107,0.71,AgentPrefab,Agent,MoveState,Moving,Goal,20.00,0.00,20.00,0.94,0.00,0.87,1.60,0.00,1.30,AStar,
108,0.71,AgentPrefab,Agent,MoveState,Moving,Goal,20.00,0.00,20.00,0.95,0.00,0.88,1.60,0.00,1.30,AStar,
109,0.72,AgentPrefab,Agent,MoveState,Moving,Goal,20.00,0.00,20.00,0.96,0.00,0.88,1.60,0.00,1.30,AStar,
110,0.72,AgentPrefab,Agent,MoveState,Moving,Goal,20.00,0.00,20.00,0.97,0.00,0.89,1.60,0.00,1.30,AStar,
111,0.73,AgentPrefab,Agent,MoveState,Moving,Goal,20.00,0.00,20.00,0.98,0.00,0.89,1.60,0.00,1.30,AStar,
112,0.74,AgentPrefab,Agent,MoveState,Moving,Goal,20.00,0.00,20.00,0.99,0.00,0.90,1.60,0.00,1.30,AStar,
113,0.74,AgentPrefab,Agent,MoveState,Moving,Goal,20.00,0.00,20.00,1.00,0.00,0.91,1.60,0.00,1.30,AStar,
114,0.75,AgentPrefab,Agent,MoveState,Moving,Goal,20.00,0.00,20.00,1.01,0.00,0.91,1.60,0.00,1.30,AStar,
115,0.75,AgentPrefab,Agent,MoveState,Moving,Goal,20.00,0.00,20.00,1.02,0.00,0.92,1.60,0.00,1.30,AStar,
116,0.76,AgentPrefab,Agent,MoveState,Moving,Goal,20.00,0.00,20.00,1.04,0.00,0.93,1.60,0.00,1.30,AStar,
117,0.77,AgentPrefab,Agent,MoveState,Moving,Goal,20.00,0.00,20.00,1.05,0.00,0.94,1.60,0.00,1.30,AStar,
118,0.77,AgentPrefab,Agent,MoveState,Moving,Goal,20.00,0.00,20.00,1.06,0.00,0.94,1.60,0.00,1.30,AStar,
119,0.78,AgentPrefab,Agent,MoveState,Moving,Goal,20.00,0.00,20.00,1.07,0.00,0.95,1.60,0.00,1.30,AStar,
120,0.78,AgentPrefab,Agent,MoveState,Moving,Goal,20.00,0.00,20.00,1.07,0.00,0.95,1.60,0.00,1.30,AStar,
121,0.79,AgentPrefab,Agent,MoveState,Moving,Goal,20.00,0.00,20.00,1.08,0.00,0.96,1.60,0.00,1.30,AStar,
122,0.80,AgentPrefab,Agent,MoveState,Moving,Goal,20.00,0.00,20.00,1.09,0.00,0.97,1.60,0.00,1.30,AStar,
123,0.80,AgentPrefab,Agent,MoveState,Moving,Goal,20.00,0.00,20.00,1.10,0.00,0.97,1.60,0.00,1.30,AStar,
124,0.81,AgentPrefab,Agent,MoveState,Moving,Goal,20.00,0.00,20.00,1.12,0.00,0.98,1.60,0.00,1.30,AStar,
125,0.81,AgentPrefab,Agent,MoveState,Moving,Goal,20.00,0.00,20.00,1.13,0.00,0.99,1.60,0.00,1.30,AStar,
126,0.82,AgentPrefab,Agent,MoveState,Moving,Goal,20.00,0.00,20.00,1.14,0.00,0.99,1.60,0.00,1.30,AStar,
127,0.83,AgentPrefab,Agent,MoveState,Moving,Goal,20.00,0.00,20.00,1.14,0.00,1.00,1.60,0.00,1.30,AStar,
128,0.83,AgentPrefab,Agent,MoveState,Moving,Goal,20.00,0.00,20.00,1.16,0.00,1.01,1.60,0.00,1.30,AStar,
129,0.84,AgentPrefab,Agent,MoveState,Moving,Goal,20.00,0.00,20.00,1.17,0.00,1.01,1.60,0.00,1.30,AStar,
130,0.85,AgentPrefab,Agent,MoveState,Moving,Goal,20.00,0.00,20.00,1.18,0.00,1.02,1.60,0.00,1.30,AStar,
131,0.85,AgentPrefab,Agent,MoveState,Moving,Goal,20.00,0.00,20.00,1.19,0.00,1.03,1.60,0.00,1.30,AStar,
132,0.86,AgentPrefab,Agent,MoveState,Moving,Goal,20.00,0.00,20.00,1.20,0.00,1.03,1.60,0.00,1.30,AStar,
133,0.86,AgentPrefab,Agent,MoveState,Moving,Goal,20.00,0.00,20.00,1.21,0.00,1.04,1.60,0.00,1.30,AStar,
134,0.87,AgentPrefab,Agent,MoveState,Moving,Goal,20.00,0.00,20.00,1.22,0.00,1.05,1.60,0.00,1.30,AStar,
135,0.88,AgentPrefab,Agent,MoveState,Moving,Goal,20.00,0.00,20.00,1.23,0.00,1.06,1.60,0.00,1.30,AStar,
136,0.88,AgentPrefab,Agent,MoveState,Moving,Goal,20.00,0.00,20.00,1.24,0.00,1.06,1.60,0.00,1.30,AStar,
137,0.89,AgentPrefab,Agent,MoveState,Moving,Goal,20.00,0.00,20.00,1.25,0.00,1.07,1.60,0.00,1.30,AStar,
138,0.89,AgentPrefab,Agent,MoveState,Moving,Goal,20.00,0.00,20.00,1.26,0.00,1.08,1.60,0.00,1.30,AStar,
139,0.90,AgentPrefab,Agent,MoveState,Moving,Goal,20.00,0.00,20.00,1.27,0.00,1.08,1.60,0.00,1.30,AStar,
140,0.91,AgentPrefab,Agent,MoveState,Moving,Goal,20.00,0.00,20.00,1.28,0.00,1.09,1.60,0.00,1.30,AStar,
141,0.91,AgentPrefab,Agent,MoveState,Moving,Goal,20.00,0.00,20.00,1.29,0.00,1.10,1.60,0.00,1.30,AStar,
142,0.92,AgentPrefab,Agent,MoveState,Moving,Goal,20.00,0.00,20.00,1.30,0.00,1.10,1.60,0.00,1.30,AStar,
143,0.92,AgentPrefab,Agent,MoveState,Moving,Goal,20.00,0.00,20.00,1.31,0.00,1.11,1.60,0.00,1.30,AStar,
144,0.93,AgentPrefab,Agent,MoveState,Moving,Goal,20.00,0.00,20.00,1.32,0.00,1.12,1.60,0.00,1.30,AStar,
145,0.94,AgentPrefab,Agent,MoveState,Moving,Goal,20.00,0.00,20.00,1.33,0.00,1.12,1.60,0.00,1.30,AStar,
146,0.94,AgentPrefab,Agent,MoveState,Moving,Goal,20.00,0.00,20.00,1.34,0.00,1.13,1.60,0.00,1.30,AStar,
147,0.95,AgentPrefab,Agent,MoveState,Moving,Goal,20.00,0.00,20.00,1.35,0.00,1.13,1.60,0.00,1.30,AStar,
148,0.96,AgentPrefab,Agent,MoveState,Moving,Goal,20.00,0.00,20.00,1.36,0.00,1.14,1.60,0.00,1.30,AStar,
149,0.96,AgentPrefab,Agent,MoveState,Moving,Goal,20.00,0.00,20.00,1.37,0.00,1.15,1.60,0.00,1.30,AStar,
150,0.97,AgentPrefab,Agent,MoveState,Moving,Goal,20.00,0.00,20.00,1.38,0.00,1.16,1.60,0.00,1.30,AStar,
151,0.97,AgentPrefab,Agent,MoveState,Moving,Goal,20.00,0.00,20.00,1.39,0.00,1.16,1.60,0.00,1.30,AStar,
152,0.98,AgentPrefab,Agent,MoveState,Moving,Goal,20.00,0.00,20.00,1.40,0.00,1.17,1.60,0.00,1.30,AStar,
153,0.98,AgentPrefab,Agent,MoveState,Moving,Goal,20.00,0.00,20.00,1.41,0.00,1.17,1.60,0.00,1.30,AStar,
154,0.99,AgentPrefab,Agent,MoveState,Moving,Goal,20.00,0.00,20.00,1.42,0.00,1.18,1.60,0.00,1.30,AStar,
155,1.00,AgentPrefab,Agent,MoveState,Moving,Goal,20.00,0.00,20.00,1.43,0.00,1.19,1.60,0.00,1.30,AStar,
156,1.00,AgentPrefab,Agent,MoveState,Moving,Goal,20.00,0.00,20.00,1.44,0.00,1.19,1.60,0.00,1.30,AStar,
157,1.01,AgentPrefab,Agent,MoveState,Moving,Goal,20.00,0.00,20.00,1.45,0.00,1.20,1.60,0.00,1.30,AStar,
158,1.02,AgentPrefab,Agent,MoveState,Moving,Goal,20.00,0.00,20.00,1.46,0.00,1.21,1.60,0.00,1.30,AStar,
159,1.02,AgentPrefab,Agent,MoveState,Moving,Goal,20.00,0.00,20.00,1.47,0.00,1.21,1.60,0.00,1.30,AStar,
160,1.03,AgentPrefab,Agent,MoveState,Moving,Goal,20.00,0.00,20.00,1.48,0.00,1.22,1.60,0.00,1.30,AStar,
161,1.03,AgentPrefab,Agent,MoveState,Moving,Goal,20.00,0.00,20.00,1.49,0.00,1.23,1.60,0.00,1.30,AStar,
162,1.04,AgentPrefab,Agent,MoveState,Moving,Goal,20.00,0.00,20.00,1.50,0.00,1.23,1.60,0.00,1.30,AStar,
163,1.05,AgentPrefab,Agent,MoveState,Moving,Goal,20.00,0.00,20.00,1.51,0.00,1.24,1.60,0.00,1.30,AStar,
164,1.05,AgentPrefab,Agent,MoveState,Moving,Goal,20.00,0.00,20.00,1.52,0.00,1.25,1.60,0.00,1.30,AStar,
165,1.06,AgentPrefab,Agent,MoveState,Moving,Goal,20.00,0.00,20.00,1.53,0.00,1.25,1.60,0.00,1.30,AStar,
166,1.06,AgentPrefab,Agent,MoveState,Moving,Goal,20.00,0.00,20.00,1.54,0.00,1.26,1.60,0.00,1.30,AStar,
167,1.07,AgentPrefab,Agent,MoveState,Moving,Goal,20.00,0.00,20.00,1.55,0.00,1.27,1.60,0.00,1.30,AStar,
168,1.07,AgentPrefab,Agent,MoveState,Moving,Goal,20.00,0.00,20.00,1.60,0.00,1.30,2.30,0.00,2.00,AStar,
169,1.08,AgentPrefab,Agent,MoveState,Moving,Goal,20.00,0.00,20.00,1.61,0.00,1.31,2.30,0.00,2.00,AStar,
170,1.09,AgentPrefab,Agent,MoveState,Moving,Goal,20.00,0.00,20.00,1.62,0.00,1.32,2.30,0.00,2.00,AStar,
171,1.10,AgentPrefab,Agent,MoveState,Moving,Goal,20.00,0.00,20.00,1.63,0.00,1.33,2.30,0.00,2.00,AStar,
172,1.10,AgentPrefab,Agent,MoveState,Moving,Goal,20.00,0.00,20.00,1.64,0.00,1.34,2.30,0.00,2.00,AStar,
173,1.11,AgentPrefab,Agent,MoveState,Moving,Goal,20.00,0.00,20.00,1.64,0.00,1.34,2.30,0.00,2.00,AStar,
174,1.11,AgentPrefab,Agent,MoveState,Moving,Goal,20.00,0.00,20.00,1.65,0.00,1.35,2.30,0.00,2.00,AStar,
175,1.12,AgentPrefab,Agent,MoveState,Moving,Goal,20.00,0.00,20.00,1.66,0.00,1.36,2.30,0.00,2.00,AStar,
176,1.13,AgentPrefab,Agent,MoveState,Moving,Goal,20.00,0.00,20.00,1.67,0.00,1.37,2.30,0.00,2.00,AStar,
177,1.13,AgentPrefab,Agent,MoveState,Moving,Goal,20.00,0.00,20.00,1.68,0.00,1.38,2.30,0.00,2.00,AStar,
178,1.14,AgentPrefab,Agent,MoveState,Moving,Goal,20.00,0.00,20.00,1.69,0.00,1.39,2.30,0.00,2.00,AStar,
179,1.14,AgentPrefab,Agent,MoveState,Moving,Goal,20.00,0.00,20.00,1.70,0.00,1.40,2.30,0.00,2.00,AStar,
180,1.15,AgentPrefab,Agent,MoveState,Moving,Goal,20.00,0.00,20.00,1.70,0.00,1.40,2.30,0.00,2.00,AStar,
181,1.15,AgentPrefab,Agent,MoveState,Moving,Goal,20.00,0.00,20.00,1.71,0.00,1.41,2.30,0.00,2.00,AStar,
182,1.16,AgentPrefab,Agent,MoveState,Moving,Goal,20.00,0.00,20.00,1.72,0.00,1.42,2.30,0.00,2.00,AStar,
183,1.17,AgentPrefab,Agent,MoveState,Moving,Goal,20.00,0.00,20.00,1.73,0.00,1.43,2.30,0.00,2.00,AStar,
184,1.17,AgentPrefab,Agent,MoveState,Moving,Goal,20.00,0.00,20.00,1.74,0.00,1.44,2.30,0.00,2.00,AStar,
185,1.18,AgentPrefab,Agent,MoveState,Moving,Goal,20.00,0.00,20.00,1.75,0.00,1.45,2.30,0.00,2.00,AStar,
186,1.18,AgentPrefab,Agent,MoveState,Moving,Goal,20.00,0.00,20.00,1.75,0.00,1.45,2.30,0.00,2.00,AStar,
187,1.19,AgentPrefab,Agent,MoveState,Moving,Goal,20.00,0.00,20.00,1.76,0.00,1.46,2.30,0.00,2.00,AStar,
188,1.20,AgentPrefab,Agent,MoveState,Moving,Goal,20.00,0.00,20.00,1.77,0.00,1.47,2.30,0.00,2.00,AStar,
189,1.20,AgentPrefab,Agent,MoveState,Moving,Goal,20.00,0.00,20.00,1.78,0.00,1.48,2.30,0.00,2.00,AStar,
190,1.21,AgentPrefab,Agent,MoveState,Moving,Goal,20.00,0.00,20.00,1.79,0.00,1.49,2.30,0.00,2.00,AStar,
191,1.21,AgentPrefab,Agent,MoveState,Moving,Goal,20.00,0.00,20.00,1.80,0.00,1.50,2.30,0.00,2.00,AStar,
192,1.22,AgentPrefab,Agent,MoveState,Moving,Goal,20.00,0.00,20.00,1.81,0.00,1.51,2.30,0.00,2.00,AStar,
193,1.23,AgentPrefab,Agent,MoveState,Moving,Goal,20.00,0.00,20.00,1.81,0.00,1.51,2.30,0.00,2.00,AStar,
194,1.23,AgentPrefab,Agent,MoveState,Moving,Goal,20.00,0.00,20.00,1.82,0.00,1.52,2.30,0.00,2.00,AStar,
195,1.24,AgentPrefab,Agent,MoveState,Moving,Goal,20.00,0.00,20.00,1.83,0.00,1.53,2.30,0.00,2.00,AStar,
196,1.24,AgentPrefab,Agent,MoveState,Moving,Goal,20.00,0.00,20.00,1.84,0.00,1.54,2.30,0.00,2.00,AStar,
197,1.25,AgentPrefab,Agent,MoveState,Moving,Goal,20.00,0.00,20.00,1.85,0.00,1.55,2.30,0.00,2.00,AStar,
198,1.26,AgentPrefab,Agent,MoveState,Moving,Goal,20.00,0.00,20.00,1.86,0.00,1.56,2.30,0.00,2.00,AStar,
199,1.26,AgentPrefab,Agent,MoveState,Moving,Goal,20.00,0.00,20.00,1.87,0.00,1.57,2.30,0.00,2.00,AStar,
200,1.27,AgentPrefab,Agent,MoveState,Moving,Goal,20.00,0.00,20.00,1.87,0.00,1.57,2.30,0.00,2.00,AStar,
201,1.27,AgentPrefab,Agent,MoveState,Moving,Goal,20.00,0.00,20.00,1.88,0.00,1.58,2.30,0.00,2.00,AStar,
202,1.28,AgentPrefab,Agent,MoveState,Moving,Goal,20.00,0.00,20.00,1.89,0.00,1.59,2.30,0.00,2.00,AStar,
203,1.29,AgentPrefab,Agent,MoveState,Moving,Goal,20.00,0.00,20.00,1.90,0.00,1.60,2.30,0.00,2.00,AStar,
204,1.29,AgentPrefab,Agent,MoveState,Moving,Goal,20.00,0.00,20.00,1.91,0.00,1.61,2.30,0.00,2.00,AStar,
205,1.30,AgentPrefab,Agent,MoveState,Moving,Goal,20.00,0.00,20.00,1.91,0.00,1.61,2.30,0.00,2.00,AStar,
206,1.30,AgentPrefab,Agent,MoveState,Moving,Goal,20.00,0.00,20.00,1.92,0.00,1.62,2.30,0.00,2.00,AStar,
207,1.31,AgentPrefab,Agent,MoveState,Moving,Goal,20.00,0.00,20.00,1.93,0.00,1.63,2.30,0.00,2.00,AStar,
208,1.31,AgentPrefab,Agent,MoveState,Moving,Goal,20.00,0.00,20.00,1.94,0.00,1.64,2.30,0.00,2.00,AStar,
209,1.32,AgentPrefab,Agent,MoveState,Moving,Goal,20.00,0.00,20.00,1.95,0.00,1.65,2.30,0.00,2.00,AStar,
210,1.33,AgentPrefab,Agent,MoveState,Moving,Goal,20.00,0.00,20.00,1.96,0.00,1.66,2.30,0.00,2.00,AStar,
211,1.33,AgentPrefab,Agent,MoveState,Moving,Goal,20.00,0.00,20.00,1.96,0.00,1.66,2.30,0.00,2.00,AStar,
212,1.34,AgentPrefab,Agent,MoveState,Moving,Goal,20.00,0.00,20.00,1.97,0.00,1.67,2.30,0.00,2.00,AStar,
213,1.34,AgentPrefab,Agent,MoveState,Moving,Goal,20.00,0.00,20.00,1.98,0.00,1.68,2.30,0.00,2.00,AStar,
214,1.35,AgentPrefab,Agent,MoveState,Moving,Goal,20.00,0.00,20.00,1.99,0.00,1.69,2.30,0.00,2.00,AStar,
215,1.36,AgentPrefab,Agent,MoveState,Moving,Goal,20.00,0.00,20.00,2.00,0.00,1.70,2.30,0.00,2.00,AStar,
216,1.36,AgentPrefab,Agent,MoveState,Moving,Goal,20.00,0.00,20.00,2.01,0.00,1.71,2.30,0.00,2.00,AStar,
217,1.37,AgentPrefab,Agent,MoveState,Moving,Goal,20.00,0.00,20.00,2.01,0.00,1.71,2.30,0.00,2.00,AStar,
218,1.38,AgentPrefab,Agent,MoveState,Moving,Goal,20.00,0.00,20.00,2.02,0.00,1.72,2.30,0.00,2.00,AStar,
219,1.38,AgentPrefab,Agent,MoveState,Moving,Goal,20.00,0.00,20.00,2.04,0.00,1.74,2.30,0.00,2.00,AStar,
220,1.39,AgentPrefab,Agent,MoveState,Moving,Goal,20.00,0.00,20.00,2.04,0.00,1.74,2.30,0.00,2.00,AStar,
221,1.39,AgentPrefab,Agent,MoveState,Moving,Goal,20.00,0.00,20.00,2.05,0.00,1.75,2.30,0.00,2.00,AStar,
222,1.40,AgentPrefab,Agent,MoveState,Moving,Goal,20.00,0.00,20.00,2.06,0.00,1.76,2.30,0.00,2.00,AStar,
223,1.41,AgentPrefab,Agent,MoveState,Moving,Goal,20.00,0.00,20.00,2.07,0.00,1.77,2.30,0.00,2.00,AStar,
224,1.41,AgentPrefab,Agent,MoveState,Moving,Goal,20.00,0.00,20.00,2.08,0.00,1.78,2.30,0.00,2.00,AStar,
225,1.42,AgentPrefab,Agent,MoveState,Moving,Goal,20.00,0.00,20.00,2.09,0.00,1.79,2.30,0.00,2.00,AStar,
226,1.43,AgentPrefab,Agent,MoveState,Moving,Goal,20.00,0.00,20.00,2.10,0.00,1.80,2.30,0.00,2.00,AStar,
227,1.43,AgentPrefab,Agent,MoveState,Moving,Goal,20.00,0.00,20.00,2.10,0.00,1.80,2.30,0.00,2.00,AStar,
228,1.44,AgentPrefab,Agent,MoveState,Moving,Goal,20.00,0.00,20.00,2.11,0.00,1.81,2.30,0.00,2.00,AStar,
229,1.44,AgentPrefab,Agent,MoveState,Moving,Goal,20.00,0.00,20.00,2.12,0.00,1.82,2.30,0.00,2.00,AStar,
230,1.45,AgentPrefab,Agent,MoveState,Moving,Goal,20.00,0.00,20.00,2.13,0.00,1.83,2.30,0.00,2.00,AStar,
231,1.46,AgentPrefab,Agent,MoveState,Moving,Goal,20.00,0.00,20.00,2.14,0.00,1.84,2.30,0.00,2.00,AStar,
232,1.46,AgentPrefab,Agent,MoveState,Moving,Goal,20.00,0.00,20.00,2.15,0.00,1.85,2.30,0.00,2.00,AStar,
233,1.47,AgentPrefab,Agent,MoveState,Moving,Goal,20.00,0.00,20.00,2.15,0.00,1.85,2.30,0.00,2.00,AStar,
234,1.47,AgentPrefab,Agent,MoveState,Moving,Goal,20.00,0.00,20.00,2.16,0.00,1.86,2.30,0.00,2.00,AStar,
235,1.48,AgentPrefab,Agent,MoveState,Moving,Goal,20.00,0.00,20.00,2.17,0.00,1.87,2.30,0.00,2.00,AStar,
236,1.49,AgentPrefab,Agent,MoveState,Moving,Goal,20.00,0.00,20.00,2.18,0.00,1.88,2.30,0.00,2.00,AStar,
237,1.49,AgentPrefab,Agent,MoveState,Moving,Goal,20.00,0.00,20.00,2.19,0.00,1.89,2.30,0.00,2.00,AStar,
238,1.50,AgentPrefab,Agent,MoveState,Moving,Goal,20.00,0.00,20.00,2.20,0.00,1.90,2.30,0.00,2.00,AStar,
239,1.50,AgentPrefab,Agent,MoveState,Moving,Goal,20.00,0.00,20.00,2.20,0.00,1.90,2.30,0.00,2.00,AStar,
240,1.51,AgentPrefab,Agent,MoveState,Moving,Goal,20.00,0.00,20.00,2.21,0.00,1.91,2.30,0.00,2.00,AStar,
241,1.51,AgentPrefab,Agent,MoveState,Moving,Goal,20.00,0.00,20.00,2.22,0.00,1.92,2.30,0.00,2.00,AStar,
242,1.52,AgentPrefab,Agent,MoveState,Moving,Goal,20.00,0.00,20.00,2.23,0.00,1.93,2.30,0.00,2.00,AStar,
243,1.53,AgentPrefab,Agent,MoveState,Moving,Goal,20.00,0.00,20.00,2.24,0.00,1.94,2.30,0.00,2.00,AStar,
244,1.53,AgentPrefab,Agent,MoveState,Moving,Goal,20.00,0.00,20.00,2.25,0.00,1.95,2.30,0.00,2.00,AStar,
245,1.54,AgentPrefab,Agent,MoveState,Moving,Goal,20.00,0.00,20.00,2.26,0.00,1.96,2.30,0.00,2.00,AStar,
246,1.54,AgentPrefab,Agent,MoveState,Moving,Goal,20.00,0.00,20.00,2.26,0.00,1.96,2.30,0.00,2.00,AStar,
247,1.55,AgentPrefab,Agent,MoveState,Moving,Goal,20.00,0.00,20.00,2.30,0.00,2.00,3.00,0.00,2.70,AStar,
248,1.56,AgentPrefab,Agent,MoveState,Moving,Goal,20.00,0.00,20.00,2.31,0.00,2.01,3.00,0.00,2.70,AStar,
249,1.56,AgentPrefab,Agent,MoveState,Moving,Goal,20.00,0.00,20.00,2.32,0.00,2.02,3.00,0.00,2.70,AStar,
250,1.57,AgentPrefab,Agent,MoveState,Moving,Goal,20.00,0.00,20.00,2.32,0.00,2.02,3.00,0.00,2.70,AStar,
251,1.57,AgentPrefab,Agent,MoveState,Moving,Goal,20.00,0.00,20.00,2.33,0.00,2.03,3.00,0.00,2.70,AStar,
252,1.58,AgentPrefab,Agent,MoveState,Moving,Goal,20.00,0.00,20.00,2.34,0.00,2.04,3.00,0.00,2.70,AStar,
253,1.59,AgentPrefab,Agent,MoveState,Moving,Goal,20.00,0.00,20.00,2.35,0.00,2.05,3.00,0.00,2.70,AStar,
254,1.59,AgentPrefab,Agent,MoveState,Moving,Goal,20.00,0.00,20.00,2.36,0.00,2.06,3.00,0.00,2.70,AStar,
255,1.60,AgentPrefab,Agent,MoveState,Moving,Goal,20.00,0.00,20.00,2.37,0.00,2.07,3.00,0.00,2.70,AStar,
256,1.60,AgentPrefab,Agent,MoveState,Moving,Goal,20.00,0.00,20.00,2.38,0.00,2.08,3.00,0.00,2.70,AStar,
257,1.61,AgentPrefab,Agent,MoveState,Moving,Goal,20.00,0.00,20.00,2.38,0.00,2.08,3.00,0.00,2.70,AStar,
258,1.62,AgentPrefab,Agent,MoveState,Moving,Goal,20.00,0.00,20.00,2.39,0.00,2.09,3.00,0.00,2.70,AStar,
259,1.62,AgentPrefab,Agent,MoveState,Moving,Goal,20.00,0.00,20.00,2.40,0.00,2.10,3.00,0.00,2.70,AStar,
260,1.63,AgentPrefab,Agent,MoveState,Moving,Goal,20.00,0.00,20.00,2.41,0.00,2.11,3.00,0.00,2.70,AStar,
261,1.63,AgentPrefab,Agent,MoveState,Moving,Goal,20.00,0.00,20.00,2.42,0.00,2.12,3.00,0.00,2.70,AStar,
262,1.64,AgentPrefab,Agent,MoveState,Moving,Goal,20.00,0.00,20.00,2.43,0.00,2.13,3.00,0.00,2.70,AStar,
263,1.65,AgentPrefab,Agent,MoveState,Moving,Goal,20.00,0.00,20.00,2.44,0.00,2.14,3.00,0.00,2.70,AStar,
264,1.65,AgentPrefab,Agent,MoveState,Moving,Goal,20.00,0.00,20.00,2.44,0.00,2.14,3.00,0.00,2.70,AStar,
265,1.66,AgentPrefab,Agent,MoveState,Moving,Goal,20.00,0.00,20.00,2.45,0.00,2.15,3.00,0.00,2.70,AStar,
266,1.66,AgentPrefab,Agent,MoveState,Moving,Goal,20.00,0.00,20.00,2.46,0.00,2.16,3.00,0.00,2.70,AStar,
267,1.67,AgentPrefab,Agent,MoveState,Moving,Goal,20.00,0.00,20.00,2.47,0.00,2.17,3.00,0.00,2.70,AStar,
268,1.68,AgentPrefab,Agent,MoveState,Moving,Goal,20.00,0.00,20.00,2.48,0.00,2.18,3.00,0.00,2.70,AStar,
269,1.68,AgentPrefab,Agent,MoveState,Moving,Goal,20.00,0.00,20.00,2.48,0.00,2.18,3.00,0.00,2.70,AStar,
270,1.69,AgentPrefab,Agent,MoveState,Moving,Goal,20.00,0.00,20.00,2.49,0.00,2.19,3.00,0.00,2.70,AStar,
271,1.69,AgentPrefab,Agent,MoveState,Moving,Goal,20.00,0.00,20.00,2.50,0.00,2.20,3.00,0.00,2.70,AStar,
272,1.70,AgentPrefab,Agent,MoveState,Moving,Goal,20.00,0.00,20.00,2.51,0.00,2.21,3.00,0.00,2.70,AStar,
273,1.71,AgentPrefab,Agent,MoveState,Moving,Goal,20.00,0.00,20.00,2.52,0.00,2.22,3.00,0.00,2.70,AStar,
274,1.71,AgentPrefab,Agent,MoveState,Moving,Goal,20.00,0.00,20.00,2.53,0.00,2.23,3.00,0.00,2.70,AStar,
275,1.72,AgentPrefab,Agent,MoveState,Moving,Goal,20.00,0.00,20.00,2.54,0.00,2.24,3.00,0.00,2.70,AStar,
276,1.72,AgentPrefab,Agent,MoveState,Moving,Goal,20.00,0.00,20.00,2.55,0.00,2.25,3.00,0.00,2.70,AStar,
277,1.73,AgentPrefab,Agent,MoveState,Moving,Goal,20.00,0.00,20.00,2.55,0.00,2.25,3.00,0.00,2.70,AStar,
278,1.74,AgentPrefab,Agent,MoveState,Moving,Goal,20.00,0.00,20.00,2.56,0.00,2.26,3.00,0.00,2.70,AStar,
279,1.74,AgentPrefab,Agent,MoveState,Moving,Goal,20.00,0.00,20.00,2.57,0.00,2.27,3.00,0.00,2.70,AStar,
280,1.75,AgentPrefab,Agent,MoveState,Moving,Goal,20.00,0.00,20.00,2.58,0.00,2.28,3.00,0.00,2.70,AStar,
281,1.75,AgentPrefab,Agent,MoveState,Moving,Goal,20.00,0.00,20.00,2.59,0.00,2.29,3.00,0.00,2.70,AStar,
282,1.76,AgentPrefab,Agent,MoveState,Moving,Goal,20.00,0.00,20.00,2.60,0.00,2.30,3.00,0.00,2.70,AStar,
283,1.77,AgentPrefab,Agent,MoveState,Moving,Goal,20.00,0.00,20.00,2.60,0.00,2.30,3.00,0.00,2.70,AStar,
284,1.77,AgentPrefab,Agent,MoveState,Moving,Goal,20.00,0.00,20.00,2.61,0.00,2.31,3.00,0.00,2.70,AStar,
285,1.78,AgentPrefab,Agent,MoveState,Moving,Goal,20.00,0.00,20.00,2.62,0.00,2.32,3.00,0.00,2.70,AStar,
286,1.79,AgentPrefab,Agent,MoveState,Moving,Goal,20.00,0.00,20.00,2.63,0.00,2.33,3.00,0.00,2.70,AStar,
287,1.79,AgentPrefab,Agent,MoveState,Moving,Goal,20.00,0.00,20.00,2.64,0.00,2.34,3.00,0.00,2.70,AStar,
288,1.80,AgentPrefab,Agent,MoveState,Moving,Goal,20.00,0.00,20.00,2.65,0.00,2.35,3.00,0.00,2.70,AStar,
289,1.80,AgentPrefab,Agent,MoveState,Moving,Goal,20.00,0.00,20.00,2.66,0.00,2.36,3.00,0.00,2.70,AStar,
290,1.81,AgentPrefab,Agent,MoveState,Moving,Goal,20.00,0.00,20.00,2.67,0.00,2.37,3.00,0.00,2.70,AStar,
291,1.81,AgentPrefab,Agent,MoveState,Moving,Goal,20.00,0.00,20.00,2.67,0.00,2.37,3.00,0.00,2.70,AStar,
292,1.82,AgentPrefab,Agent,MoveState,Moving,Goal,20.00,0.00,20.00,2.68,0.00,2.38,3.00,0.00,2.70,AStar,
293,1.83,AgentPrefab,Agent,MoveState,Moving,Goal,20.00,0.00,20.00,2.69,0.00,2.39,3.00,0.00,2.70,AStar,
294,1.83,AgentPrefab,Agent,MoveState,Moving,Goal,20.00,0.00,20.00,2.70,0.00,2.40,3.00,0.00,2.70,AStar,
295,1.84,AgentPrefab,Agent,MoveState,Moving,Goal,20.00,0.00,20.00,2.71,0.00,2.41,3.00,0.00,2.70,AStar,
296,1.84,AgentPrefab,Agent,MoveState,Moving,Goal,20.00,0.00,20.00,2.72,0.00,2.42,3.00,0.00,2.70,AStar,
297,1.85,AgentPrefab,Agent,MoveState,Moving,Goal,20.00,0.00,20.00,2.72,0.00,2.42,3.00,0.00,2.70,AStar,
298,1.86,AgentPrefab,Agent,MoveState,Moving,Goal,20.00,0.00,20.00,2.73,0.00,2.43,3.00,0.00,2.70,AStar,
299,1.86,AgentPrefab,Agent,MoveState,Moving,Goal,20.00,0.00,20.00,2.74,0.00,2.44,3.00,0.00,2.70,AStar,
300,1.87,AgentPrefab,Agent,MoveState,Moving,Goal,20.00,0.00,20.00,2.75,0.00,2.45,3.00,0.00,2.70,AStar,
301,1.88,AgentPrefab,Agent,MoveState,Moving,Goal,20.00,0.00,20.00,2.76,0.00,2.46,3.00,0.00,2.70,AStar,
302,1.88,AgentPrefab,Agent,MoveState,Moving,Goal,20.00,0.00,20.00,2.77,0.00,2.47,3.00,0.00,2.70,AStar,
303,1.89,AgentPrefab,Agent,MoveState,Moving,Goal,20.00,0.00,20.00,2.78,0.00,2.48,3.00,0.00,2.70,AStar,
304,1.90,AgentPrefab,Agent,MoveState,Moving,Goal,20.00,0.00,20.00,2.79,0.00,2.49,3.00,0.00,2.70,AStar,
305,1.90,AgentPrefab,Agent,MoveState,Moving,Goal,20.00,0.00,20.00,2.80,0.00,2.50,3.00,0.00,2.70,AStar,
306,1.91,AgentPrefab,Agent,MoveState,Moving,Goal,20.00,0.00,20.00,2.81,0.00,2.51,3.00,0.00,2.70,AStar,
307,1.92,AgentPrefab,Agent,MoveState,Moving,Goal,20.00,0.00,20.00,2.82,0.00,2.52,3.00,0.00,2.70,AStar,
308,1.93,AgentPrefab,Agent,MoveState,Moving,Goal,20.00,0.00,20.00,2.83,0.00,2.53,3.00,0.00,2.70,AStar,
309,1.93,AgentPrefab,Agent,MoveState,Moving,Goal,20.00,0.00,20.00,2.84,0.00,2.54,3.00,0.00,2.70,AStar,
310,1.94,AgentPrefab,Agent,MoveState,Moving,Goal,20.00,0.00,20.00,2.85,0.00,2.55,3.00,0.00,2.70,AStar,
311,1.95,AgentPrefab,Agent,MoveState,Moving,Goal,20.00,0.00,20.00,2.86,0.00,2.56,3.00,0.00,2.70,AStar,
312,1.96,AgentPrefab,Agent,MoveState,Moving,Goal,20.00,0.00,20.00,2.87,0.00,2.57,3.00,0.00,2.70,AStar,
313,1.97,AgentPrefab,Agent,MoveState,Moving,Goal,20.00,0.00,20.00,2.88,0.00,2.58,3.00,0.00,2.70,AStar,
314,1.97,AgentPrefab,Agent,MoveState,Moving,Goal,20.00,0.00,20.00,2.90,0.00,2.60,3.00,0.00,2.70,AStar,
315,1.98,AgentPrefab,Agent,MoveState,Moving,Goal,20.00,0.00,20.00,2.91,0.00,2.61,3.00,0.00,2.70,AStar,
316,1.99,AgentPrefab,Agent,MoveState,Moving,Goal,20.00,0.00,20.00,2.92,0.00,2.62,3.00,0.00,2.70,AStar,
317,2.00,AgentPrefab,Agent,MoveState,Moving,Goal,20.00,0.00,20.00,2.93,0.00,2.63,3.00,0.00,2.70,AStar,
318,2.00,AgentPrefab,Agent,MoveState,Moving,Goal,20.00,0.00,20.00,2.94,0.00,2.64,3.00,0.00,2.70,AStar,
319,2.01,AgentPrefab,Agent,MoveState,Moving,Goal,20.00,0.00,20.00,2.95,0.00,2.65,3.00,0.00,2.70,AStar,
320,2.02,AgentPrefab,Agent,MoveState,Moving,Goal,20.00,0.00,20.00,2.96,0.00,2.66,3.00,0.00,2.70,AStar,
321,2.03,AgentPrefab,Agent,MoveState,Moving,Goal,20.00,0.00,20.00,3.00,0.00,2.70,3.70,0.00,3.40,AStar,
322,2.04,AgentPrefab,Agent,MoveState,Moving,Goal,20.00,0.00,20.00,3.01,0.00,2.71,3.70,0.00,3.40,AStar,
323,2.04,AgentPrefab,Agent,MoveState,Moving,Goal,20.00,0.00,20.00,3.02,0.00,2.72,3.70,0.00,3.40,AStar,
324,2.05,AgentPrefab,Agent,MoveState,Moving,Goal,20.00,0.00,20.00,3.03,0.00,2.73,3.70,0.00,3.40,AStar,
325,2.06,AgentPrefab,Agent,MoveState,Moving,Goal,20.00,0.00,20.00,3.04,0.00,2.74,3.70,0.00,3.40,AStar,
326,2.06,AgentPrefab,Agent,MoveState,Moving,Goal,20.00,0.00,20.00,3.05,0.00,2.75,3.70,0.00,3.40,AStar,
327,2.07,AgentPrefab,Agent,MoveState,Moving,Goal,20.00,0.00,20.00,3.06,0.00,2.76,3.70,0.00,3.40,AStar,
328,2.08,AgentPrefab,Agent,MoveState,Moving,Goal,20.00,0.00,20.00,3.07,0.00,2.77,3.70,0.00,3.40,AStar,
329,2.08,AgentPrefab,Agent,MoveState,Moving,Goal,20.00,0.00,20.00,3.08,0.00,2.78,3.70,0.00,3.40,AStar,
330,2.09,AgentPrefab,Agent,MoveState,Moving,Goal,20.00,0.00,20.00,3.09,0.00,2.79,3.70,0.00,3.40,AStar,
331,2.10,AgentPrefab,Agent,MoveState,Moving,Goal,20.00,0.00,20.00,3.10,0.00,2.80,3.70,0.00,3.40,AStar,
332,2.10,AgentPrefab,Agent,MoveState,Moving,Goal,20.00,0.00,20.00,3.11,0.00,2.81,3.70,0.00,3.40,AStar,
333,2.11,AgentPrefab,Agent,MoveState,Moving,Goal,20.00,0.00,20.00,3.12,0.00,2.82,3.70,0.00,3.40,AStar,
334,2.12,AgentPrefab,Agent,MoveState,Moving,Goal,20.00,0.00,20.00,3.13,0.00,2.83,3.70,0.00,3.40,AStar,
335,2.12,AgentPrefab,Agent,MoveState,Moving,Goal,20.00,0.00,20.00,3.14,0.00,2.84,3.70,0.00,3.40,AStar,
336,2.13,AgentPrefab,Agent,MoveState,Moving,Goal,20.00,0.00,20.00,3.15,0.00,2.85,3.70,0.00,3.40,AStar,
337,2.14,AgentPrefab,Agent,MoveState,Moving,Goal,20.00,0.00,20.00,3.15,0.00,2.85,3.70,0.00,3.40,AStar,
338,2.14,AgentPrefab,Agent,MoveState,Moving,Goal,20.00,0.00,20.00,3.16,0.00,2.86,3.70,0.00,3.40,AStar,
339,2.15,AgentPrefab,Agent,MoveState,Moving,Goal,20.00,0.00,20.00,3.17,0.00,2.87,3.70,0.00,3.40,AStar,
340,2.15,AgentPrefab,Agent,MoveState,Moving,Goal,20.00,0.00,20.00,3.18,0.00,2.88,3.70,0.00,3.40,AStar,
341,2.16,AgentPrefab,Agent,MoveState,Moving,Goal,20.00,0.00,20.00,3.19,0.00,2.89,3.70,0.00,3.40,AStar,
342,2.17,AgentPrefab,Agent,MoveState,Moving,Goal,20.00,0.00,20.00,3.20,0.00,2.90,3.70,0.00,3.40,AStar,
343,2.17,AgentPrefab,Agent,MoveState,Moving,Goal,20.00,0.00,20.00,3.21,0.00,2.91,3.70,0.00,3.40,AStar,
344,2.18,AgentPrefab,Agent,MoveState,Moving,Goal,20.00,0.00,20.00,3.22,0.00,2.92,3.70,0.00,3.40,AStar,
345,2.19,AgentPrefab,Agent,MoveState,Moving,Goal,20.00,0.00,20.00,3.23,0.00,2.93,3.70,0.00,3.40,AStar,
346,2.19,AgentPrefab,Agent,MoveState,Moving,Goal,20.00,0.00,20.00,3.24,0.00,2.94,3.70,0.00,3.40,AStar,
347,2.20,AgentPrefab,Agent,MoveState,Moving,Goal,20.00,0.00,20.00,3.24,0.00,2.94,3.70,0.00,3.40,AStar,
348,2.21,AgentPrefab,Agent,MoveState,Moving,Goal,20.00,0.00,20.00,3.25,0.00,2.95,3.70,0.00,3.40,AStar,
349,2.21,AgentPrefab,Agent,MoveState,Moving,Goal,20.00,0.00,20.00,3.26,0.00,2.96,3.70,0.00,3.40,AStar,
350,2.22,AgentPrefab,Agent,MoveState,Moving,Goal,20.00,0.00,20.00,3.27,0.00,2.97,3.70,0.00,3.40,AStar,
351,2.23,AgentPrefab,Agent,MoveState,Moving,Goal,20.00,0.00,20.00,3.28,0.00,2.98,3.70,0.00,3.40,AStar,
352,2.23,AgentPrefab,Agent,MoveState,Moving,Goal,20.00,0.00,20.00,3.29,0.00,2.99,3.70,0.00,3.40,AStar,
353,2.24,AgentPrefab,Agent,MoveState,Moving,Goal,20.00,0.00,20.00,3.30,0.00,3.00,3.70,0.00,3.40,AStar,
354,2.25,AgentPrefab,Agent,MoveState,Moving,Goal,20.00,0.00,20.00,3.31,0.00,3.01,3.70,0.00,3.40,AStar,
355,2.25,AgentPrefab,Agent,MoveState,Moving,Goal,20.00,0.00,20.00,3.32,0.00,3.02,3.70,0.00,3.40,AStar,
356,2.26,AgentPrefab,Agent,MoveState,Moving,Goal,20.00,0.00,20.00,3.33,0.00,3.03,3.70,0.00,3.40,AStar,
357,2.27,AgentPrefab,Agent,MoveState,Moving,Goal,20.00,0.00,20.00,3.34,0.00,3.04,3.70,0.00,3.40,AStar,
358,2.28,AgentPrefab,Agent,MoveState,Moving,Goal,20.00,0.00,20.00,3.35,0.00,3.05,3.70,0.00,3.40,AStar,
359,2.28,AgentPrefab,Agent,MoveState,Moving,Goal,20.00,0.00,20.00,3.36,0.00,3.06,3.70,0.00,3.40,AStar,
360,2.29,AgentPrefab,Agent,MoveState,Moving,Goal,20.00,0.00,20.00,3.37,0.00,3.07,3.70,0.00,3.40,AStar,
361,2.29,AgentPrefab,Agent,MoveState,Moving,Goal,20.00,0.00,20.00,3.38,0.00,3.08,3.70,0.00,3.40,AStar,
362,2.30,AgentPrefab,Agent,MoveState,Moving,Goal,20.00,0.00,20.00,3.39,0.00,3.09,3.70,0.00,3.40,AStar,
363,2.31,AgentPrefab,Agent,MoveState,Moving,Goal,20.00,0.00,20.00,3.40,0.00,3.10,3.70,0.00,3.40,AStar,
364,2.31,AgentPrefab,Agent,MoveState,Moving,Goal,20.00,0.00,20.00,3.40,0.00,3.10,3.70,0.00,3.40,AStar,
365,2.32,AgentPrefab,Agent,MoveState,Moving,Goal,20.00,0.00,20.00,3.41,0.00,3.11,3.70,0.00,3.40,AStar,
366,2.32,AgentPrefab,Agent,MoveState,Moving,Goal,20.00,0.00,20.00,3.42,0.00,3.12,3.70,0.00,3.40,AStar,
367,2.33,AgentPrefab,Agent,MoveState,Moving,Goal,20.00,0.00,20.00,3.43,0.00,3.13,3.70,0.00,3.40,AStar,
368,2.34,AgentPrefab,Agent,MoveState,Moving,Goal,20.00,0.00,20.00,3.44,0.00,3.14,3.70,0.00,3.40,AStar,
369,2.34,AgentPrefab,Agent,MoveState,Moving,Goal,20.00,0.00,20.00,3.45,0.00,3.15,3.70,0.00,3.40,AStar,
370,2.35,AgentPrefab,Agent,MoveState,Moving,Goal,20.00,0.00,20.00,3.45,0.00,3.15,3.70,0.00,3.40,AStar,
371,2.35,AgentPrefab,Agent,MoveState,Moving,Goal,20.00,0.00,20.00,3.46,0.00,3.16,3.70,0.00,3.40,AStar,
372,2.36,AgentPrefab,Agent,MoveState,Moving,Goal,20.00,0.00,20.00,3.47,0.00,3.17,3.70,0.00,3.40,AStar,
373,2.37,AgentPrefab,Agent,MoveState,Moving,Goal,20.00,0.00,20.00,3.48,0.00,3.18,3.70,0.00,3.40,AStar,
374,2.37,AgentPrefab,Agent,MoveState,Moving,Goal,20.00,0.00,20.00,3.49,0.00,3.19,3.70,0.00,3.40,AStar,
375,2.38,AgentPrefab,Agent,MoveState,Moving,Goal,20.00,0.00,20.00,3.50,0.00,3.20,3.70,0.00,3.40,AStar,
376,2.38,AgentPrefab,Agent,MoveState,Moving,Goal,20.00,0.00,20.00,3.51,0.00,3.21,3.70,0.00,3.40,AStar,
377,2.39,AgentPrefab,Agent,MoveState,Moving,Goal,20.00,0.00,20.00,3.51,0.00,3.21,3.70,0.00,3.40,AStar,
378,2.39,AgentPrefab,Agent,MoveState,Moving,Goal,20.00,0.00,20.00,3.52,0.00,3.22,3.70,0.00,3.40,AStar,
379,2.40,AgentPrefab,Agent,MoveState,Moving,Goal,20.00,0.00,20.00,3.53,0.00,3.23,3.70,0.00,3.40,AStar,
380,2.41,AgentPrefab,Agent,MoveState,Moving,Goal,20.00,0.00,20.00,3.54,0.00,3.24,3.70,0.00,3.40,AStar,
381,2.41,AgentPrefab,Agent,MoveState,Moving,Goal,20.00,0.00,20.00,3.55,0.00,3.25,3.70,0.00,3.40,AStar,
382,2.42,AgentPrefab,Agent,MoveState,Moving,Goal,20.00,0.00,20.00,3.55,0.00,3.25,3.70,0.00,3.40,AStar,
383,2.42,AgentPrefab,Agent,MoveState,Moving,Goal,20.00,0.00,20.00,3.56,0.00,3.26,3.70,0.00,3.40,AStar,
384,2.43,AgentPrefab,Agent,MoveState,Moving,Goal,20.00,0.00,20.00,3.57,0.00,3.27,3.70,0.00,3.40,AStar,
385,2.44,AgentPrefab,Agent,MoveState,Moving,Goal,20.00,0.00,20.00,3.58,0.00,3.28,3.70,0.00,3.40,AStar,
386,2.44,AgentPrefab,Agent,MoveState,Moving,Goal,20.00,0.00,20.00,3.59,0.00,3.29,3.70,0.00,3.40,AStar,
387,2.45,AgentPrefab,Agent,MoveState,Moving,Goal,20.00,0.00,20.00,3.60,0.00,3.30,3.70,0.00,3.40,AStar,
388,2.46,AgentPrefab,Agent,MoveState,Moving,Goal,20.00,0.00,20.00,3.61,0.00,3.31,3.70,0.00,3.40,AStar,
389,2.46,AgentPrefab,Agent,MoveState,Moving,Goal,20.00,0.00,20.00,3.62,0.00,3.32,3.70,0.00,3.40,AStar,
390,2.47,AgentPrefab,Agent,MoveState,Moving,Goal,20.00,0.00,20.00,3.62,0.00,3.32,3.70,0.00,3.40,AStar,
391,2.47,AgentPrefab,Agent,MoveState,Moving,Goal,20.00,0.00,20.00,3.63,0.00,3.33,3.70,0.00,3.40,AStar,
392,2.48,AgentPrefab,Agent,MoveState,Moving,Goal,20.00,0.00,20.00,3.64,0.00,3.34,3.70,0.00,3.40,AStar,
393,2.48,AgentPrefab,Agent,MoveState,Moving,Goal,20.00,0.00,20.00,3.65,0.00,3.35,3.70,0.00,3.40,AStar,
394,2.49,AgentPrefab,Agent,MoveState,Moving,Goal,20.00,0.00,20.00,3.66,0.00,3.36,3.70,0.00,3.40,AStar,
395,2.50,AgentPrefab,Agent,MoveState,Moving,Goal,20.00,0.00,20.00,3.70,0.00,3.40,4.40,0.00,4.10,AStar,
396,2.50,AgentPrefab,Agent,MoveState,Moving,Goal,20.00,0.00,20.00,3.71,0.00,3.41,4.40,0.00,4.10,AStar,
397,2.51,AgentPrefab,Agent,MoveState,Moving,Goal,20.00,0.00,20.00,3.72,0.00,3.42,4.40,0.00,4.10,AStar,
398,2.52,AgentPrefab,Agent,MoveState,Moving,Goal,20.00,0.00,20.00,3.73,0.00,3.43,4.40,0.00,4.10,AStar,
399,2.52,AgentPrefab,Agent,MoveState,Moving,Goal,20.00,0.00,20.00,3.74,0.00,3.44,4.40,0.00,4.10,AStar,
400,2.53,AgentPrefab,Agent,MoveState,Moving,Goal,20.00,0.00,20.00,3.74,0.00,3.44,4.40,0.00,4.10,AStar,
401,2.54,AgentPrefab,Agent,MoveState,Moving,Goal,20.00,0.00,20.00,3.75,0.00,3.45,4.40,0.00,4.10,AStar,
402,2.54,AgentPrefab,Agent,MoveState,Moving,Goal,20.00,0.00,20.00,3.76,0.00,3.46,4.40,0.00,4.10,AStar,
403,2.55,AgentPrefab,Agent,MoveState,Moving,Goal,20.00,0.00,20.00,3.77,0.00,3.47,4.40,0.00,4.10,AStar,
404,2.55,AgentPrefab,Agent,MoveState,Moving,Goal,20.00,0.00,20.00,3.78,0.00,3.48,4.40,0.00,4.10,AStar,
405,2.56,AgentPrefab,Agent,MoveState,Moving,Goal,20.00,0.00,20.00,3.79,0.00,3.49,4.40,0.00,4.10,AStar,
406,2.57,AgentPrefab,Agent,MoveState,Moving,Goal,20.00,0.00,20.00,3.80,0.00,3.50,4.40,0.00,4.10,AStar,
407,2.57,AgentPrefab,Agent,MoveState,Moving,Goal,20.00,0.00,20.00,3.81,0.00,3.51,4.40,0.00,4.10,AStar,
408,2.58,AgentPrefab,Agent,MoveState,Moving,Goal,20.00,0.00,20.00,3.81,0.00,3.51,4.40,0.00,4.10,AStar,
409,2.58,AgentPrefab,Agent,MoveState,Moving,Goal,20.00,0.00,20.00,3.82,0.00,3.52,4.40,0.00,4.10,AStar,
410,2.59,AgentPrefab,Agent,MoveState,Moving,Goal,20.00,0.00,20.00,3.83,0.00,3.53,4.40,0.00,4.10,AStar,
411,2.60,AgentPrefab,Agent,MoveState,Moving,Goal,20.00,0.00,20.00,3.84,0.00,3.54,4.40,0.00,4.10,AStar,
412,2.60,AgentPrefab,Agent,MoveState,Moving,Goal,20.00,0.00,20.00,3.85,0.00,3.55,4.40,0.00,4.10,AStar,
413,2.61,AgentPrefab,Agent,MoveState,Moving,Goal,20.00,0.00,20.00,3.86,0.00,3.56,4.40,0.00,4.10,AStar,
414,2.61,AgentPrefab,Agent,MoveState,Moving,Goal,20.00,0.00,20.00,3.86,0.00,3.56,4.40,0.00,4.10,AStar,
415,2.62,AgentPrefab,Agent,MoveState,Moving,Goal,20.00,0.00,20.00,3.87,0.00,3.57,4.40,0.00,4.10,AStar,
416,2.63,AgentPrefab,Agent,MoveState,Moving,Goal,20.00,0.00,20.00,3.88,0.00,3.58,4.40,0.00,4.10,AStar,
417,2.63,AgentPrefab,Agent,MoveState,Moving,Goal,20.00,0.00,20.00,3.89,0.00,3.59,4.40,0.00,4.10,AStar,
418,2.64,AgentPrefab,Agent,MoveState,Moving,Goal,20.00,0.00,20.00,3.90,0.00,3.60,4.40,0.00,4.10,AStar,
419,2.64,AgentPrefab,Agent,MoveState,Moving,Goal,20.00,0.00,20.00,3.91,0.00,3.61,4.40,0.00,4.10,AStar,
420,2.65,AgentPrefab,Agent,MoveState,Moving,Goal,20.00,0.00,20.00,3.92,0.00,3.62,4.40,0.00,4.10,AStar,
421,2.66,AgentPrefab,Agent,MoveState,Moving,Goal,20.00,0.00,20.00,3.92,0.00,3.62,4.40,0.00,4.10,AStar,
422,2.66,AgentPrefab,Agent,MoveState,Moving,Goal,20.00,0.00,20.00,3.93,0.00,3.63,4.40,0.00,4.10,AStar,
423,2.67,AgentPrefab,Agent,MoveState,Moving,Goal,20.00,0.00,20.00,3.94,0.00,3.64,4.40,0.00,4.10,AStar,
424,2.67,AgentPrefab,Agent,MoveState,Moving,Goal,20.00,0.00,20.00,3.95,0.00,3.65,4.40,0.00,4.10,AStar,
425,2.68,AgentPrefab,Agent,MoveState,Moving,Goal,20.00,0.00,20.00,3.96,0.00,3.66,4.40,0.00,4.10,AStar,
426,2.69,AgentPrefab,Agent,MoveState,Moving,Goal,20.00,0.00,20.00,3.97,0.00,3.67,4.40,0.00,4.10,AStar,
427,2.69,AgentPrefab,Agent,MoveState,Moving,Goal,20.00,0.00,20.00,3.98,0.00,3.68,4.40,0.00,4.10,AStar,
428,2.70,AgentPrefab,Agent,MoveState,Moving,Goal,20.00,0.00,20.00,3.98,0.00,3.68,4.40,0.00,4.10,AStar,
429,2.70,AgentPrefab,Agent,MoveState,Moving,Goal,20.00,0.00,20.00,3.99,0.00,3.69,4.40,0.00,4.10,AStar,
430,2.71,AgentPrefab,Agent,MoveState,Moving,Goal,20.00,0.00,20.00,4.00,0.00,3.70,4.40,0.00,4.10,AStar,
431,2.72,AgentPrefab,Agent,MoveState,Moving,Goal,20.00,0.00,20.00,4.01,0.00,3.71,4.40,0.00,4.10,AStar,
432,2.72,AgentPrefab,Agent,MoveState,Moving,Goal,20.00,0.00,20.00,4.02,0.00,3.72,4.40,0.00,4.10,AStar,
433,2.73,AgentPrefab,Agent,MoveState,Moving,Goal,20.00,0.00,20.00,4.03,0.00,3.73,4.40,0.00,4.10,AStar,
434,2.73,AgentPrefab,Agent,MoveState,Moving,Goal,20.00,0.00,20.00,4.04,0.00,3.74,4.40,0.00,4.10,AStar,
435,2.74,AgentPrefab,Agent,MoveState,Moving,Goal,20.00,0.00,20.00,4.04,0.00,3.74,4.40,0.00,4.10,AStar,
436,2.75,AgentPrefab,Agent,MoveState,Moving,Goal,20.00,0.00,20.00,4.05,0.00,3.75,4.40,0.00,4.10,AStar,
437,2.75,AgentPrefab,Agent,MoveState,Moving,Goal,20.00,0.00,20.00,4.06,0.00,3.76,4.40,0.00,4.10,AStar,
438,2.76,AgentPrefab,Agent,MoveState,Moving,Goal,20.00,0.00,20.00,4.07,0.00,3.77,4.40,0.00,4.10,AStar,
439,2.76,AgentPrefab,Agent,MoveState,Moving,Goal,20.00,0.00,20.00,4.08,0.00,3.78,4.40,0.00,4.10,AStar,
440,2.77,AgentPrefab,Agent,MoveState,Moving,Goal,20.00,0.00,20.00,4.09,0.00,3.79,4.40,0.00,4.10,AStar,
441,2.78,AgentPrefab,Agent,MoveState,Moving,Goal,20.00,0.00,20.00,4.10,0.00,3.80,4.40,0.00,4.10,AStar,
442,2.78,AgentPrefab,Agent,MoveState,Moving,Goal,20.00,0.00,20.00,4.10,0.00,3.80,4.40,0.00,4.10,AStar,
443,2.79,AgentPrefab,Agent,MoveState,Moving,Goal,20.00,0.00,20.00,4.11,0.00,3.81,4.40,0.00,4.10,AStar,
444,2.80,AgentPrefab,Agent,MoveState,Moving,Goal,20.00,0.00,20.00,4.12,0.00,3.82,4.40,0.00,4.10,AStar,
445,2.80,AgentPrefab,Agent,MoveState,Moving,Goal,20.00,0.00,20.00,4.13,0.00,3.83,4.40,0.00,4.10,AStar,
446,2.81,AgentPrefab,Agent,MoveState,Moving,Goal,20.00,0.00,20.00,4.14,0.00,3.84,4.40,0.00,4.10,AStar,
447,2.81,AgentPrefab,Agent,MoveState,Moving,Goal,20.00,0.00,20.00,4.15,0.00,3.85,4.40,0.00,4.10,AStar,
448,2.82,AgentPrefab,Agent,MoveState,Moving,Goal,20.00,0.00,20.00,4.16,0.00,3.86,4.40,0.00,4.10,AStar,
449,2.82,AgentPrefab,Agent,MoveState,Moving,Goal,20.00,0.00,20.00,4.16,0.00,3.86,4.40,0.00,4.10,AStar,
450,2.83,AgentPrefab,Agent,MoveState,Moving,Goal,20.00,0.00,20.00,4.17,0.00,3.87,4.40,0.00,4.10,AStar,
451,2.84,AgentPrefab,Agent,MoveState,Moving,Goal,20.00,0.00,20.00,4.18,0.00,3.88,4.40,0.00,4.10,AStar,
452,2.84,AgentPrefab,Agent,MoveState,Moving,Goal,20.00,0.00,20.00,4.19,0.00,3.89,4.40,0.00,4.10,AStar,
453,2.85,AgentPrefab,Agent,MoveState,Moving,Goal,20.00,0.00,20.00,4.20,0.00,3.90,4.40,0.00,4.10,AStar,
454,2.86,AgentPrefab,Agent,MoveState,Moving,Goal,20.00,0.00,20.00,4.21,0.00,3.91,4.40,0.00,4.10,AStar,
455,2.86,AgentPrefab,Agent,MoveState,Moving,Goal,20.00,0.00,20.00,4.22,0.00,3.92,4.40,0.00,4.10,AStar,
456,2.87,AgentPrefab,Agent,MoveState,Moving,Goal,20.00,0.00,20.00,4.23,0.00,3.93,4.40,0.00,4.10,AStar,
457,2.87,AgentPrefab,Agent,MoveState,Moving,Goal,20.00,0.00,20.00,4.23,0.00,3.93,4.40,0.00,4.10,AStar,
458,2.88,AgentPrefab,Agent,MoveState,Moving,Goal,20.00,0.00,20.00,4.24,0.00,3.94,4.40,0.00,4.10,AStar,
459,2.89,AgentPrefab,Agent,MoveState,Moving,Goal,20.00,0.00,20.00,4.25,0.00,3.95,4.40,0.00,4.10,AStar,
460,2.89,AgentPrefab,Agent,MoveState,Moving,Goal,20.00,0.00,20.00,4.26,0.00,3.96,4.40,0.00,4.10,AStar,
461,2.90,AgentPrefab,Agent,MoveState,Moving,Goal,20.00,0.00,20.00,4.27,0.00,3.97,4.40,0.00,4.10,AStar,
462,2.90,AgentPrefab,Agent,MoveState,Moving,Goal,20.00,0.00,20.00,4.28,0.00,3.98,4.40,0.00,4.10,AStar,
463,2.91,AgentPrefab,Agent,MoveState,Moving,Goal,20.00,0.00,20.00,4.28,0.00,3.98,4.40,0.00,4.10,AStar,
464,2.92,AgentPrefab,Agent,MoveState,Moving,Goal,20.00,0.00,20.00,4.29,0.00,3.99,4.40,0.00,4.10,AStar,
465,2.92,AgentPrefab,Agent,MoveState,Moving,Goal,20.00,0.00,20.00,4.30,0.00,4.00,4.40,0.00,4.10,AStar,
466,2.93,AgentPrefab,Agent,MoveState,Moving,Goal,20.00,0.00,20.00,4.31,0.00,4.01,4.40,0.00,4.10,AStar,
467,2.93,AgentPrefab,Agent,MoveState,Moving,Goal,20.00,0.00,20.00,4.32,0.00,4.02,4.40,0.00,4.10,AStar,
468,2.94,AgentPrefab,Agent,MoveState,Moving,Goal,20.00,0.00,20.00,4.33,0.00,4.03,4.40,0.00,4.10,AStar,
469,2.95,AgentPrefab,Agent,MoveState,Moving,Goal,20.00,0.00,20.00,4.34,0.00,4.04,4.40,0.00,4.10,AStar,
470,2.95,AgentPrefab,Agent,MoveState,Moving,Goal,20.00,0.00,20.00,4.34,0.00,4.04,4.40,0.00,4.10,AStar,
471,2.96,AgentPrefab,Agent,MoveState,Moving,Goal,20.00,0.00,20.00,4.35,0.00,4.05,4.40,0.00,4.10,AStar,
472,2.97,AgentPrefab,Agent,MoveState,Moving,Goal,20.00,0.00,20.00,4.36,0.00,4.06,4.40,0.00,4.10,AStar,
473,2.97,AgentPrefab,Agent,MoveState,Moving,Goal,20.00,0.00,20.00,4.40,0.00,4.10,5.10,0.00,4.80,AStar,
474,2.98,AgentPrefab,Agent,MoveState,Moving,Goal,20.00,0.00,20.00,4.41,0.00,4.11,5.10,0.00,4.80,AStar,
475,2.98,AgentPrefab,Agent,MoveState,Moving,Goal,20.00,0.00,20.00,4.42,0.00,4.12,5.10,0.00,4.80,AStar,
476,2.99,AgentPrefab,Agent,MoveState,Moving,Goal,20.00,0.00,20.00,4.43,0.00,4.13,5.10,0.00,4.80,AStar,
477,3.00,AgentPrefab,Agent,MoveState,Moving,Goal,20.00,0.00,20.00,4.44,0.00,4.14,5.10,0.00,4.80,AStar,
478,3.00,AgentPrefab,Agent,MoveState,Moving,Goal,20.00,0.00,20.00,4.44,0.00,4.14,5.10,0.00,4.80,AStar,
479,3.01,AgentPrefab,Agent,MoveState,Moving,Goal,20.00,0.00,20.00,4.45,0.00,4.15,5.10,0.00,4.80,AStar,
480,3.02,AgentPrefab,Agent,MoveState,Moving,Goal,20.00,0.00,20.00,4.46,0.00,4.16,5.10,0.00,4.80,AStar,
481,3.02,AgentPrefab,Agent,MoveState,Moving,Goal,20.00,0.00,20.00,4.47,0.00,4.17,5.10,0.00,4.80,AStar,
482,3.03,AgentPrefab,Agent,MoveState,Moving,Goal,20.00,0.00,20.00,4.48,0.00,4.18,5.10,0.00,4.80,AStar,
483,3.03,AgentPrefab,Agent,MoveState,Moving,Goal,20.00,0.00,20.00,4.49,0.00,4.19,5.10,0.00,4.80,AStar,
484,3.04,AgentPrefab,Agent,MoveState,Moving,Goal,20.00,0.00,20.00,4.50,0.00,4.20,5.10,0.00,4.80,AStar,
485,3.04,AgentPrefab,Agent,MoveState,Moving,Goal,20.00,0.00,20.00,4.50,0.00,4.20,5.10,0.00,4.80,AStar,
486,3.05,AgentPrefab,Agent,MoveState,Moving,Goal,20.00,0.00,20.00,4.51,0.00,4.21,5.10,0.00,4.80,AStar,
487,3.06,AgentPrefab,Agent,MoveState,Moving,Goal,20.00,0.00,20.00,4.52,0.00,4.22,5.10,0.00,4.80,AStar,
488,3.06,AgentPrefab,Agent,MoveState,Moving,Goal,20.00,0.00,20.00,4.53,0.00,4.23,5.10,0.00,4.80,AStar,
489,3.07,AgentPrefab,Agent,MoveState,Moving,Goal,20.00,0.00,20.00,4.54,0.00,4.24,5.10,0.00,4.80,AStar,
490,3.08,AgentPrefab,Agent,MoveState,Moving,Goal,20.00,0.00,20.00,4.55,0.00,4.25,5.10,0.00,4.80,AStar,
491,3.08,AgentPrefab,Agent,MoveState,Moving,Goal,20.00,0.00,20.00,4.56,0.00,4.26,5.10,0.00,4.80,AStar,
492,3.09,AgentPrefab,Agent,MoveState,Moving,Goal,20.00,0.00,20.00,4.57,0.00,4.27,5.10,0.00,4.80,AStar,
493,3.09,AgentPrefab,Agent,MoveState,Moving,Goal,20.00,0.00,20.00,4.57,0.00,4.27,5.10,0.00,4.80,AStar,
494,3.10,AgentPrefab,Agent,MoveState,Moving,Goal,20.00,0.00,20.00,4.58,0.00,4.28,5.10,0.00,4.80,AStar,
495,3.11,AgentPrefab,Agent,MoveState,Moving,Goal,20.00,0.00,20.00,4.59,0.00,4.29,5.10,0.00,4.80,AStar,
496,3.11,AgentPrefab,Agent,MoveState,Moving,Goal,20.00,0.00,20.00,4.60,0.00,4.30,5.10,0.00,4.80,AStar,
497,3.12,AgentPrefab,Agent,MoveState,Moving,Goal,20.00,0.00,20.00,4.61,0.00,4.31,5.10,0.00,4.80,AStar,
498,3.13,AgentPrefab,Agent,MoveState,Moving,Goal,20.00,0.00,20.00,4.62,0.00,4.32,5.10,0.00,4.80,AStar,
499,3.13,AgentPrefab,Agent,MoveState,Moving,Goal,20.00,0.00,20.00,4.63,0.00,4.33,5.10,0.00,4.80,AStar,
500,3.14,AgentPrefab,Agent,MoveState,Moving,Goal,20.00,0.00,20.00,4.63,0.00,4.33,5.10,0.00,4.80,AStar,
501,3.14,AgentPrefab,Agent,MoveState,Moving,Goal,20.00,0.00,20.00,4.64,0.00,4.34,5.10,0.00,4.80,AStar,
502,3.15,AgentPrefab,Agent,MoveState,Moving,Goal,20.00,0.00,20.00,4.65,0.00,4.35,5.10,0.00,4.80,AStar,
503,3.15,AgentPrefab,Agent,MoveState,Moving,Goal,20.00,0.00,20.00,4.66,0.00,4.36,5.10,0.00,4.80,AStar,
504,3.16,AgentPrefab,Agent,MoveState,Moving,Goal,20.00,0.00,20.00,4.67,0.00,4.37,5.10,0.00,4.80,AStar,
505,3.17,AgentPrefab,Agent,MoveState,Moving,Goal,20.00,0.00,20.00,4.68,0.00,4.38,5.10,0.00,4.80,AStar,
506,3.17,AgentPrefab,Agent,MoveState,Moving,Goal,20.00,0.00,20.00,4.68,0.00,4.38,5.10,0.00,4.80,AStar,
507,3.18,AgentPrefab,Agent,MoveState,Moving,Goal,20.00,0.00,20.00,4.69,0.00,4.39,5.10,0.00,4.80,AStar,
508,3.18,AgentPrefab,Agent,MoveState,Moving,Goal,20.00,0.00,20.00,4.70,0.00,4.40,5.10,0.00,4.80,AStar,
509,3.19,AgentPrefab,Agent,MoveState,Moving,Goal,20.00,0.00,20.00,4.71,0.00,4.41,5.10,0.00,4.80,AStar,
510,3.20,AgentPrefab,Agent,MoveState,Moving,Goal,20.00,0.00,20.00,4.72,0.00,4.42,5.10,0.00,4.80,AStar,
511,3.20,AgentPrefab,Agent,MoveState,Moving,Goal,20.00,0.00,20.00,4.73,0.00,4.43,5.10,0.00,4.80,AStar,
512,3.21,AgentPrefab,Agent,MoveState,Moving,Goal,20.00,0.00,20.00,4.74,0.00,4.44,5.10,0.00,4.80,AStar,
513,3.22,AgentPrefab,Agent,MoveState,Moving,Goal,20.00,0.00,20.00,4.74,0.00,4.44,5.10,0.00,4.80,AStar,
514,3.22,AgentPrefab,Agent,MoveState,Moving,Goal,20.00,0.00,20.00,4.75,0.00,4.45,5.10,0.00,4.80,AStar,
515,3.23,AgentPrefab,Agent,MoveState,Moving,Goal,20.00,0.00,20.00,4.76,0.00,4.46,5.10,0.00,4.80,AStar,
516,3.23,AgentPrefab,Agent,MoveState,Moving,Goal,20.00,0.00,20.00,4.77,0.00,4.47,5.10,0.00,4.80,AStar,
517,3.24,AgentPrefab,Agent,MoveState,Moving,Goal,20.00,0.00,20.00,4.78,0.00,4.48,5.10,0.00,4.80,AStar,
518,3.24,AgentPrefab,Agent,MoveState,Moving,Goal,20.00,0.00,20.00,4.79,0.00,4.49,5.10,0.00,4.80,AStar,
519,3.25,AgentPrefab,Agent,MoveState,Moving,Goal,20.00,0.00,20.00,4.79,0.00,4.49,5.10,0.00,4.80,AStar,
520,3.26,AgentPrefab,Agent,MoveState,Moving,Goal,20.00,0.00,20.00,4.80,0.00,4.50,5.10,0.00,4.80,AStar,
521,3.26,AgentPrefab,Agent,MoveState,Moving,Goal,20.00,0.00,20.00,4.81,0.00,4.51,5.10,0.00,4.80,AStar,
522,3.27,AgentPrefab,Agent,MoveState,Moving,Goal,20.00,0.00,20.00,4.82,0.00,4.52,5.10,0.00,4.80,AStar,
523,3.28,AgentPrefab,Agent,MoveState,Moving,Goal,20.00,0.00,20.00,4.83,0.00,4.53,5.10,0.00,4.80,AStar,
524,3.28,AgentPrefab,Agent,MoveState,Moving,Goal,20.00,0.00,20.00,4.84,0.00,4.54,5.10,0.00,4.80,AStar,
525,3.29,AgentPrefab,Agent,MoveState,Moving,Goal,20.00,0.00,20.00,4.85,0.00,4.55,5.10,0.00,4.80,AStar,
526,3.30,AgentPrefab,Agent,MoveState,Moving,Goal,20.00,0.00,20.00,4.86,0.00,4.56,5.10,0.00,4.80,AStar,
527,3.30,AgentPrefab,Agent,MoveState,Moving,Goal,20.00,0.00,20.00,4.87,0.00,4.57,5.10,0.00,4.80,AStar,
528,3.31,AgentPrefab,Agent,MoveState,Moving,Goal,20.00,0.00,20.00,4.88,0.00,4.58,5.10,0.00,4.80,AStar,
529,3.31,AgentPrefab,Agent,MoveState,Moving,Goal,20.00,0.00,20.00,4.88,0.00,4.58,5.10,0.00,4.80,AStar,
530,3.32,AgentPrefab,Agent,MoveState,Moving,Goal,20.00,0.00,20.00,4.89,0.00,4.59,5.10,0.00,4.80,AStar,
531,3.32,AgentPrefab,Agent,MoveState,Moving,Goal,20.00,0.00,20.00,4.90,0.00,4.60,5.10,0.00,4.80,AStar,
532,3.33,AgentPrefab,Agent,MoveState,Moving,Goal,20.00,0.00,20.00,4.91,0.00,4.61,5.10,0.00,4.80,AStar,
533,3.34,AgentPrefab,Agent,MoveState,Moving,Goal,20.00,0.00,20.00,4.92,0.00,4.62,5.10,0.00,4.80,AStar,
534,3.34,AgentPrefab,Agent,MoveState,Moving,Goal,20.00,0.00,20.00,4.93,0.00,4.63,5.10,0.00,4.80,AStar,
535,3.35,AgentPrefab,Agent,MoveState,Moving,Goal,20.00,0.00,20.00,4.93,0.00,4.63,5.10,0.00,4.80,AStar,
536,3.36,AgentPrefab,Agent,MoveState,Moving,Goal,20.00,0.00,20.00,4.94,0.00,4.64,5.10,0.00,4.80,AStar,
537,3.36,AgentPrefab,Agent,MoveState,Moving,Goal,20.00,0.00,20.00,4.95,0.00,4.65,5.10,0.00,4.80,AStar,
538,3.37,AgentPrefab,Agent,MoveState,Moving,Goal,20.00,0.00,20.00,4.96,0.00,4.66,5.10,0.00,4.80,AStar,
539,3.38,AgentPrefab,Agent,MoveState,Moving,Goal,20.00,0.00,20.00,4.97,0.00,4.67,5.10,0.00,4.80,AStar,
540,3.39,AgentPrefab,Agent,MoveState,Moving,Goal,20.00,0.00,20.00,4.99,0.00,4.69,5.10,0.00,4.80,AStar,
541,3.41,AgentPrefab,Agent,MoveState,Moving,Goal,20.00,0.00,20.00,5.00,0.00,4.70,5.10,0.00,4.80,AStar,
542,3.41,AgentPrefab,Agent,MoveState,Moving,Goal,20.00,0.00,20.00,5.02,0.00,4.72,5.10,0.00,4.80,AStar,
543,3.42,AgentPrefab,Agent,MoveState,Moving,Goal,20.00,0.00,20.00,5.03,0.00,4.73,5.10,0.00,4.80,AStar,
544,3.42,AgentPrefab,Agent,MoveState,Moving,Goal,20.00,0.00,20.00,5.04,0.00,4.74,5.10,0.00,4.80,AStar,
545,3.43,AgentPrefab,Agent,MoveState,Moving,Goal,20.00,0.00,20.00,5.05,0.00,4.75,5.10,0.00,4.80,AStar,
546,3.44,AgentPrefab,Agent,MoveState,Moving,Goal,20.00,0.00,20.00,5.06,0.00,4.76,5.10,0.00,4.80,AStar,
547,3.44,AgentPrefab,Agent,MoveState,Moving,Goal,20.00,0.00,20.00,5.06,0.00,4.76,5.10,0.00,4.80,AStar,
548,3.45,AgentPrefab,Agent,MoveState,Moving,Goal,20.00,0.00,20.00,5.10,0.00,4.80,5.80,0.00,5.50,AStar,
549,3.45,AgentPrefab,Agent,MoveState,Moving,Goal,20.00,0.00,20.00,5.11,0.00,4.81,5.80,0.00,5.50,AStar,
550,3.46,AgentPrefab,Agent,MoveState,Moving,Goal,20.00,0.00,20.00,5.12,0.00,4.82,5.80,0.00,5.50,AStar,
551,3.47,AgentPrefab,Agent,MoveState,Moving,Goal,20.00,0.00,20.00,5.13,0.00,4.83,5.80,0.00,5.50,AStar,
552,3.47,AgentPrefab,Agent,MoveState,Moving,Goal,20.00,0.00,20.00,5.14,0.00,4.84,5.80,0.00,5.50,AStar,
553,3.48,AgentPrefab,Agent,MoveState,Moving,Goal,20.00,0.00,20.00,5.14,0.00,4.84,5.80,0.00,5.50,AStar,
554,3.48,AgentPrefab,Agent,MoveState,Moving,Goal,20.00,0.00,20.00,5.15,0.00,4.85,5.80,0.00,5.50,AStar,
555,3.49,AgentPrefab,Agent,MoveState,Moving,Goal,20.00,0.00,20.00,5.16,0.00,4.86,5.80,0.00,5.50,AStar,
556,3.49,AgentPrefab,Agent,MoveState,Moving,Goal,20.00,0.00,20.00,5.17,0.00,4.87,5.80,0.00,5.50,AStar,
557,3.50,AgentPrefab,Agent,MoveState,Moving,Goal,20.00,0.00,20.00,5.18,0.00,4.88,5.80,0.00,5.50,AStar,
558,3.51,AgentPrefab,Agent,MoveState,Moving,Goal,20.00,0.00,20.00,5.19,0.00,4.89,5.80,0.00,5.50,AStar,
559,3.51,AgentPrefab,Agent,MoveState,Moving,Goal,20.00,0.00,20.00,5.19,0.00,4.89,5.80,0.00,5.50,AStar,
560,3.52,AgentPrefab,Agent,MoveState,Moving,Goal,20.00,0.00,20.00,5.20,0.00,4.90,5.80,0.00,5.50,AStar,
561,3.53,AgentPrefab,Agent,MoveState,Moving,Goal,20.00,0.00,20.00,5.21,0.00,4.91,5.80,0.00,5.50,AStar,
562,3.53,AgentPrefab,Agent,MoveState,Moving,Goal,20.00,0.00,20.00,5.22,0.00,4.92,5.80,0.00,5.50,AStar,
563,3.54,AgentPrefab,Agent,MoveState,Moving,Goal,20.00,0.00,20.00,5.23,0.00,4.93,5.80,0.00,5.50,AStar,
564,3.54,AgentPrefab,Agent,MoveState,Moving,Goal,20.00,0.00,20.00,5.24,0.00,4.94,5.80,0.00,5.50,AStar,
565,3.55,AgentPrefab,Agent,MoveState,Moving,Goal,20.00,0.00,20.00,5.24,0.00,4.94,5.80,0.00,5.50,AStar,
566,3.56,AgentPrefab,Agent,MoveState,Moving,Goal,20.00,0.00,20.00,5.25,0.00,4.95,5.80,0.00,5.50,AStar,
567,3.56,AgentPrefab,Agent,MoveState,Moving,Goal,20.00,0.00,20.00,5.26,0.00,4.96,5.80,0.00,5.50,AStar,
568,3.57,AgentPrefab,Agent,MoveState,Moving,Goal,20.00,0.00,20.00,5.27,0.00,4.97,5.80,0.00,5.50,AStar,
569,3.57,AgentPrefab,Agent,MoveState,Moving,Goal,20.00,0.00,20.00,5.28,0.00,4.98,5.80,0.00,5.50,AStar,
570,3.58,AgentPrefab,Agent,MoveState,Moving,Goal,20.00,0.00,20.00,5.29,0.00,4.99,5.80,0.00,5.50,AStar,
571,3.59,AgentPrefab,Agent,MoveState,Moving,Goal,20.00,0.00,20.00,5.29,0.00,4.99,5.80,0.00,5.50,AStar,
572,3.59,AgentPrefab,Agent,MoveState,Moving,Goal,20.00,0.00,20.00,5.30,0.00,5.00,5.80,0.00,5.50,AStar,
573,3.60,AgentPrefab,Agent,MoveState,Moving,Goal,20.00,0.00,20.00,5.31,0.00,5.01,5.80,0.00,5.50,AStar,
574,3.60,AgentPrefab,Agent,MoveState,Moving,Goal,20.00,0.00,20.00,5.32,0.00,5.02,5.80,0.00,5.50,AStar,
575,3.61,AgentPrefab,Agent,MoveState,Moving,Goal,20.00,0.00,20.00,5.33,0.00,5.03,5.80,0.00,5.50,AStar,
576,3.62,AgentPrefab,Agent,MoveState,Moving,Goal,20.00,0.00,20.00,5.34,0.00,5.04,5.80,0.00,5.50,AStar,
577,3.62,AgentPrefab,Agent,MoveState,Moving,Goal,20.00,0.00,20.00,5.35,0.00,5.05,5.80,0.00,5.50,AStar,
578,3.63,AgentPrefab,Agent,MoveState,Moving,Goal,20.00,0.00,20.00,5.36,0.00,5.06,5.80,0.00,5.50,AStar,
579,3.63,AgentPrefab,Agent,MoveState,Moving,Goal,20.00,0.00,20.00,5.36,0.00,5.06,5.80,0.00,5.50,AStar,
580,3.64,AgentPrefab,Agent,MoveState,Moving,Goal,20.00,0.00,20.00,5.37,0.00,5.07,5.80,0.00,5.50,AStar,
581,3.65,AgentPrefab,Agent,MoveState,Moving,Goal,20.00,0.00,20.00,5.38,0.00,5.08,5.80,0.00,5.50,AStar,
582,3.65,AgentPrefab,Agent,MoveState,Moving,Goal,20.00,0.00,20.00,5.39,0.00,5.09,5.80,0.00,5.50,AStar,
583,3.66,AgentPrefab,Agent,MoveState,Moving,Goal,20.00,0.00,20.00,5.40,0.00,5.10,5.80,0.00,5.50,AStar,
584,3.66,AgentPrefab,Agent,MoveState,Moving,Goal,20.00,0.00,20.00,5.41,0.00,5.11,5.80,0.00,5.50,AStar,
585,3.67,AgentPrefab,Agent,MoveState,Moving,Goal,20.00,0.00,20.00,5.42,0.00,5.12,5.80,0.00,5.50,AStar,
586,3.68,AgentPrefab,Agent,MoveState,Moving,Goal,20.00,0.00,20.00,5.43,0.00,5.13,5.80,0.00,5.50,AStar,
587,3.68,AgentPrefab,Agent,MoveState,Moving,Goal,20.00,0.00,20.00,5.43,0.00,5.13,5.80,0.00,5.50,AStar,
588,3.69,AgentPrefab,Agent,MoveState,Moving,Goal,20.00,0.00,20.00,5.44,0.00,5.14,5.80,0.00,5.50,AStar,
589,3.69,AgentPrefab,Agent,MoveState,Moving,Goal,20.00,0.00,20.00,5.45,0.00,5.15,5.80,0.00,5.50,AStar,
590,3.70,AgentPrefab,Agent,MoveState,Moving,Goal,20.00,0.00,20.00,5.46,0.00,5.16,5.80,0.00,5.50,AStar,
591,3.71,AgentPrefab,Agent,MoveState,Moving,Goal,20.00,0.00,20.00,5.47,0.00,5.17,5.80,0.00,5.50,AStar,
592,3.71,AgentPrefab,Agent,MoveState,Moving,Goal,20.00,0.00,20.00,5.48,0.00,5.18,5.80,0.00,5.50,AStar,
593,3.72,AgentPrefab,Agent,MoveState,Moving,Goal,20.00,0.00,20.00,5.48,0.00,5.18,5.80,0.00,5.50,AStar,
594,3.72,AgentPrefab,Agent,MoveState,Moving,Goal,20.00,0.00,20.00,5.49,0.00,5.19,5.80,0.00,5.50,AStar,
595,3.73,AgentPrefab,Agent,MoveState,Moving,Goal,20.00,0.00,20.00,5.50,0.00,5.20,5.80,0.00,5.50,AStar,
596,3.74,AgentPrefab,Agent,MoveState,Moving,Goal,20.00,0.00,20.00,5.51,0.00,5.21,5.80,0.00,5.50,AStar,
597,3.74,AgentPrefab,Agent,MoveState,Moving,Goal,20.00,0.00,20.00,5.52,0.00,5.22,5.80,0.00,5.50,AStar,
598,3.75,AgentPrefab,Agent,MoveState,Moving,Goal,20.00,0.00,20.00,5.53,0.00,5.23,5.80,0.00,5.50,AStar,
599,3.76,AgentPrefab,Agent,MoveState,Moving,Goal,20.00,0.00,20.00,5.53,0.00,5.23,5.80,0.00,5.50,AStar,
600,3.76,AgentPrefab,Agent,MoveState,Moving,Goal,20.00,0.00,20.00,5.54,0.00,5.24,5.80,0.00,5.50,AStar,
601,3.77,AgentPrefab,Agent,MoveState,Moving,Goal,20.00,0.00,20.00,5.55,0.00,5.25,5.80,0.00,5.50,AStar,
602,3.77,AgentPrefab,Agent,MoveState,Moving,Goal,20.00,0.00,20.00,5.56,0.00,5.26,5.80,0.00,5.50,AStar,
603,3.78,AgentPrefab,Agent,MoveState,Moving,Goal,20.00,0.00,20.00,5.57,0.00,5.27,5.80,0.00,5.50,AStar,
604,3.79,AgentPrefab,Agent,MoveState,Moving,Goal,20.00,0.00,20.00,5.58,0.00,5.28,5.80,0.00,5.50,AStar,
605,3.79,AgentPrefab,Agent,MoveState,Moving,Goal,20.00,0.00,20.00,5.59,0.00,5.29,5.80,0.00,5.50,AStar,
606,3.80,AgentPrefab,Agent,MoveState,Moving,Goal,20.00,0.00,20.00,5.60,0.00,5.30,5.80,0.00,5.50,AStar,
607,3.80,AgentPrefab,Agent,MoveState,Moving,Goal,20.00,0.00,20.00,5.60,0.00,5.30,5.80,0.00,5.50,AStar,
608,3.81,AgentPrefab,Agent,MoveState,Moving,Goal,20.00,0.00,20.00,5.61,0.00,5.31,5.80,0.00,5.50,AStar,
609,3.82,AgentPrefab,Agent,MoveState,Moving,Goal,20.00,0.00,20.00,5.62,0.00,5.32,5.80,0.00,5.50,AStar,
610,3.82,AgentPrefab,Agent,MoveState,Moving,Goal,20.00,0.00,20.00,5.63,0.00,5.33,5.80,0.00,5.50,AStar,
611,3.83,AgentPrefab,Agent,MoveState,Moving,Goal,20.00,0.00,20.00,5.64,0.00,5.34,5.80,0.00,5.50,AStar,
612,3.83,AgentPrefab,Agent,MoveState,Moving,Goal,20.00,0.00,20.00,5.65,0.00,5.35,5.80,0.00,5.50,AStar,
613,3.84,AgentPrefab,Agent,MoveState,Moving,Goal,20.00,0.00,20.00,5.66,0.00,5.36,5.80,0.00,5.50,AStar,
614,3.85,AgentPrefab,Agent,MoveState,Moving,Goal,20.00,0.00,20.00,5.66,0.00,5.36,5.80,0.00,5.50,AStar,
615,3.85,AgentPrefab,Agent,MoveState,Moving,Goal,20.00,0.00,20.00,5.67,0.00,5.37,5.80,0.00,5.50,AStar,
616,3.86,AgentPrefab,Agent,MoveState,Moving,Goal,20.00,0.00,20.00,5.68,0.00,5.38,5.80,0.00,5.50,AStar,
617,3.86,AgentPrefab,Agent,MoveState,Moving,Goal,20.00,0.00,20.00,5.69,0.00,5.39,5.80,0.00,5.50,AStar,
618,3.87,AgentPrefab,Agent,MoveState,Moving,Goal,20.00,0.00,20.00,5.70,0.00,5.40,5.80,0.00,5.50,AStar,
619,3.88,AgentPrefab,Agent,MoveState,Moving,Goal,20.00,0.00,20.00,5.71,0.00,5.41,5.80,0.00,5.50,AStar,
620,3.88,AgentPrefab,Agent,MoveState,Moving,Goal,20.00,0.00,20.00,5.71,0.00,5.41,5.80,0.00,5.50,AStar,
621,3.89,AgentPrefab,Agent,MoveState,Moving,Goal,20.00,0.00,20.00,5.72,0.00,5.42,5.80,0.00,5.50,AStar,
622,3.89,AgentPrefab,Agent,MoveState,Moving,Goal,20.00,0.00,20.00,5.73,0.00,5.43,5.80,0.00,5.50,AStar,
623,3.90,AgentPrefab,Agent,MoveState,Moving,Goal,20.00,0.00,20.00,5.74,0.00,5.44,5.80,0.00,5.50,AStar,
624,3.91,AgentPrefab,Agent,MoveState,Moving,Goal,20.00,0.00,20.00,5.74,0.00,5.44,5.80,0.00,5.50,AStar,
625,3.91,AgentPrefab,Agent,MoveState,Moving,Goal,20.00,0.00,20.00,5.74,0.00,5.44,5.80,0.00,5.50,AStar,
626,3.92,AgentPrefab,Agent,MoveState,Moving,Goal,20.00,0.00,20.00,5.74,0.00,5.44,5.80,0.00,5.50,AStar,
627,3.92,AgentPrefab,Agent,MoveState,Moving,Goal,20.00,0.00,20.00,5.74,0.00,5.44,5.80,0.00,5.50,AStar,
628,3.93,AgentPrefab,Agent,MoveState,Moving,Goal,20.00,0.00,20.00,5.74,0.00,5.44,5.80,0.00,5.50,AStar,
629,3.94,AgentPrefab,Agent,MoveState,Moving,Goal,20.00,0.00,20.00,5.74,0.00,5.44,5.80,0.00,5.50,AStar,
630,3.94,AgentPrefab,Agent,MoveState,Moving,Goal,20.00,0.00,20.00,5.74,0.00,5.44,5.80,0.00,5.50,AStar,
631,3.95,AgentPrefab,Agent,MoveState,Moving,Goal,20.00,0.00,20.00,5.74,0.00,5.44,5.80,0.00,5.50,AStar,
632,3.96,AgentPrefab,Agent,MoveState,Moving,Goal,20.00,0.00,20.00,5.74,0.00,5.44,5.80,0.00,5.50,AStar,
633,3.96,AgentPrefab,Agent,MoveState,Moving,Goal,20.00,0.00,20.00,5.74,0.00,5.44,5.80,0.00,5.50,AStar,
634,3.97,AgentPrefab,Agent,MoveState,Moving,Goal,20.00,0.00,20.00,5.74,0.00,5.44,5.80,0.00,5.50,AStar,
635,3.97,AgentPrefab,Agent,MoveState,Moving,Goal,20.00,0.00,20.00,5.74,0.00,5.44,5.80,0.00,5.50,AStar,
636,3.98,AgentPrefab,Agent,MoveState,Moving,Goal,20.00,0.00,20.00,5.74,0.00,5.44,5.80,0.00,5.50,AStar,
637,3.99,AgentPrefab,Agent,MoveState,Moving,Goal,20.00,0.00,20.00,5.74,0.00,5.44,5.80,0.00,5.50,AStar,
638,3.99,AgentPrefab,Agent,MoveState,Moving,Goal,20.00,0.00,20.00,5.74,0.00,5.44,5.80,0.00,5.50,AStar,
639,4.00,AgentPrefab,Agent,MoveState,Moving,Goal,20.00,0.00,20.00,5.74,0.00,5.44,5.80,0.00,5.50,AStar,
640,4.01,AgentPrefab,Agent,MoveState,Moving,Goal,20.00,0.00,20.00,5.74,0.00,5.44,5.80,0.00,5.50,AStar,
641,4.01,AgentPrefab,Agent,MoveState,Moving,Goal,20.00,0.00,20.00,5.74,0.00,5.44,5.80,0.00,5.50,AStar,
642,4.02,AgentPrefab,Agent,MoveState,Moving,Goal,20.00,0.00,20.00,5.74,0.00,5.44,5.80,0.00,5.50,AStar,
643,4.02,AgentPrefab,Agent,MoveState,Moving,Goal,20.00,0.00,20.00,5.74,0.00,5.44,5.80,0.00,5.50,AStar,
644,4.03,AgentPrefab,Agent,MoveState,Moving,Goal,20.00,0.00,20.00,5.74,0.00,5.44,5.80,0.00,5.50,AStar,
645,4.04,AgentPrefab,Agent,MoveState,Moving,Goal,20.00,0.00,20.00,5.74,0.00,5.44,5.80,0.00,5.50,AStar,
646,4.04,AgentPrefab,Agent,MoveState,Moving,Goal,20.00,0.00,20.00,5.74,0.00,5.44,5.80,0.00,5.50,AStar,
647,4.05,AgentPrefab,Agent,MoveState,Moving,Goal,20.00,0.00,20.00,5.74,0.00,5.44,5.80,0.00,5.50,AStar,
648,4.05,AgentPrefab,Agent,MoveState,Moving,Goal,20.00,0.00,20.00,5.74,0.00,5.44,5.80,0.00,5.50,AStar,
649,4.06,AgentPrefab,Agent,MoveState,Moving,Goal,20.00,0.00,20.00,5.74,0.00,5.44,5.80,0.00,5.50,AStar,
650,4.07,AgentPrefab,Agent,MoveState,Moving,Goal,20.00,0.00,20.00,5.74,0.00,5.44,5.80,0.00,5.50,AStar,
651,4.07,AgentPrefab,Agent,MoveState,Moving,Goal,20.00,0.00,20.00,5.74,0.00,5.44,5.80,0.00,5.50,AStar,
652,4.08,AgentPrefab,Agent,MoveState,Moving,Goal,20.00,0.00,20.00,5.74,0.00,5.44,5.80,0.00,5.50,AStar,
653,4.08,AgentPrefab,Agent,MoveState,Moving,Goal,20.00,0.00,20.00,5.74,0.00,5.44,5.80,0.00,5.50,AStar,
654,4.09,AgentPrefab,Agent,MoveState,Moving,Goal,20.00,0.00,20.00,5.74,0.00,5.44,5.80,0.00,5.50,AStar,
655,4.10,AgentPrefab,Agent,MoveState,Moving,Goal,20.00,0.00,20.00,5.74,0.00,5.44,5.80,0.00,5.50,AStar,
656,4.10,AgentPrefab,Agent,MoveState,Moving,Goal,20.00,0.00,20.00,5.74,0.00,5.44,5.80,0.00,5.50,AStar,
657,4.11,AgentPrefab,Agent,MoveState,Moving,Goal,20.00,0.00,20.00,5.74,0.00,5.44,5.80,0.00,5.50,AStar,
658,4.11,AgentPrefab,Agent,MoveState,Moving,Goal,20.00,0.00,20.00,5.74,0.00,5.44,5.80,0.00,5.50,AStar,
659,4.12,AgentPrefab,Agent,MoveState,Moving,Goal,20.00,0.00,20.00,5.74,0.00,5.44,5.80,0.00,5.50,AStar,
660,4.13,AgentPrefab,Agent,MoveState,Moving,Goal,20.00,0.00,20.00,5.74,0.00,5.44,5.80,0.00,5.50,AStar,
661,4.13,AgentPrefab,Agent,MoveState,Moving,Goal,20.00,0.00,20.00,5.74,0.00,5.44,5.80,0.00,5.50,AStar,
662,4.14,AgentPrefab,Agent,MoveState,Moving,Goal,20.00,0.00,20.00,5.74,0.00,5.44,5.80,0.00,5.50,AStar,
663,4.14,AgentPrefab,Agent,MoveState,Moving,Goal,20.00,0.00,20.00,5.74,0.00,5.44,5.80,0.00,5.50,AStar,
664,4.15,AgentPrefab,Agent,MoveState,Moving,Goal,20.00,0.00,20.00,5.74,0.00,5.44,5.80,0.00,5.50,AStar,
665,4.16,AgentPrefab,Agent,MoveState,Moving,Goal,20.00,0.00,20.00,5.74,0.00,5.44,5.80,0.00,5.50,AStar,
666,4.16,AgentPrefab,Agent,MoveState,Moving,Goal,20.00,0.00,20.00,5.74,0.00,5.44,5.80,0.00,5.50,AStar,
667,4.17,AgentPrefab,Agent,MoveState,Moving,Goal,20.00,0.00,20.00,5.74,0.00,5.44,5.80,0.00,5.50,AStar,
668,4.18,AgentPrefab,Agent,MoveState,Moving,Goal,20.00,0.00,20.00,5.74,0.00,5.44,5.80,0.00,5.50,AStar,
669,4.18,AgentPrefab,Agent,MoveState,Moving,Goal,20.00,0.00,20.00,5.74,0.00,5.44,5.80,0.00,5.50,AStar,
670,4.19,AgentPrefab,Agent,MoveState,Moving,Goal,20.00,0.00,20.00,5.74,0.00,5.44,5.80,0.00,5.50,AStar,
671,4.19,AgentPrefab,Agent,MoveState,Moving,Goal,20.00,0.00,20.00,5.74,0.00,5.44,5.80,0.00,5.50,AStar,
672,4.20,AgentPrefab,Agent,MoveState,Moving,Goal,20.00,0.00,20.00,5.74,0.00,5.44,5.80,0.00,5.50,AStar,
673,4.20,AgentPrefab,Agent,MoveState,Moving,Goal,20.00,0.00,20.00,5.74,0.00,5.44,5.80,0.00,5.50,AStar,
674,4.21,AgentPrefab,Agent,MoveState,Moving,Goal,20.00,0.00,20.00,5.74,0.00,5.44,5.80,0.00,5.50,AStar,
675,4.22,AgentPrefab,Agent,MoveState,Moving,Goal,20.00,0.00,20.00,5.74,0.00,5.44,5.80,0.00,5.50,AStar,
676,4.22,AgentPrefab,Agent,MoveState,Moving,Goal,20.00,0.00,20.00,5.74,0.00,5.44,5.80,0.00,5.50,AStar,
677,4.23,AgentPrefab,Agent,MoveState,Moving,Goal,20.00,0.00,20.00,5.74,0.00,5.44,5.80,0.00,5.50,AStar,
678,4.23,AgentPrefab,Agent,MoveState,Moving,Goal,20.00,0.00,20.00,5.74,0.00,5.44,5.80,0.00,5.50,AStar,
679,4.24,AgentPrefab,Agent,MoveState,Moving,Goal,20.00,0.00,20.00,5.74,0.00,5.44,5.80,0.00,5.50,AStar,
680,4.25,AgentPrefab,Agent,MoveState,Moving,Goal,20.00,0.00,20.00,5.74,0.00,5.44,5.80,0.00,5.50,AStar,
681,4.25,AgentPrefab,Agent,MoveState,Moving,Goal,20.00,0.00,20.00,5.74,0.00,5.44,5.80,0.00,5.50,AStar,
682,4.26,AgentPrefab,Agent,MoveState,Moving,Goal,20.00,0.00,20.00,5.74,0.00,5.44,5.80,0.00,5.50,AStar,
683,4.26,AgentPrefab,Agent,MoveState,Moving,Goal,20.00,0.00,20.00,5.74,0.00,5.44,5.80,0.00,5.50,AStar,
684,4.27,AgentPrefab,Agent,MoveState,Moving,Goal,20.00,0.00,20.00,5.74,0.00,5.44,5.80,0.00,5.50,AStar,
685,4.28,AgentPrefab,Agent,MoveState,Moving,Goal,20.00,0.00,20.00,5.74,0.00,5.44,5.80,0.00,5.50,AStar,
686,4.28,AgentPrefab,Agent,MoveState,Moving,Goal,20.00,0.00,20.00,5.74,0.00,5.44,5.80,0.00,5.50,AStar,
687,4.29,AgentPrefab,Agent,MoveState,Moving,Goal,20.00,0.00,20.00,5.74,0.00,5.44,5.80,0.00,5.50,AStar,
688,4.29,AgentPrefab,Agent,MoveState,Moving,Goal,20.00,0.00,20.00,5.74,0.00,5.44,5.80,0.00,5.50,AStar,
689,4.30,AgentPrefab,Agent,MoveState,Moving,Goal,20.00,0.00,20.00,5.74,0.00,5.44,5.80,0.00,5.50,AStar,
690,4.31,AgentPrefab,Agent,MoveState,Moving,Goal,20.00,0.00,20.00,5.74,0.00,5.44,5.80,0.00,5.50,AStar,
691,4.31,AgentPrefab,Agent,MoveState,Moving,Goal,20.00,0.00,20.00,5.74,0.00,5.44,5.80,0.00,5.50,AStar,
692,4.32,AgentPrefab,Agent,MoveState,Moving,Goal,20.00,0.00,20.00,5.74,0.00,5.44,5.80,0.00,5.50,AStar,
693,4.32,AgentPrefab,Agent,MoveState,Moving,Goal,20.00,0.00,20.00,5.74,0.00,5.44,5.80,0.00,5.50,AStar,
694,4.33,AgentPrefab,Agent,MoveState,Moving,Goal,20.00,0.00,20.00,5.74,0.00,5.44,5.80,0.00,5.50,AStar,
695,4.34,AgentPrefab,Agent,MoveState,Moving,Goal,20.00,0.00,20.00,5.74,0.00,5.44,5.80,0.00,5.50,AStar,
696,4.34,AgentPrefab,Agent,MoveState,Moving,Goal,20.00,0.00,20.00,5.74,0.00,5.44,5.80,0.00,5.50,AStar,
697,4.35,AgentPrefab,Agent,MoveState,Moving,Goal,20.00,0.00,20.00,5.74,0.00,5.44,5.80,0.00,5.50,AStar,
698,4.35,AgentPrefab,Agent,MoveState,Moving,Goal,20.00,0.00,20.00,5.74,0.00,5.44,5.80,0.00,5.50,AStar,
699,4.36,AgentPrefab,Agent,MoveState,Moving,Goal,20.00,0.00,20.00,5.74,0.00,5.44,5.80,0.00,5.50,AStar,
700,4.37,AgentPrefab,Agent,MoveState,Moving,Goal,20.00,0.00,20.00,5.74,0.00,5.44,5.80,0.00,5.50,AStar,
701,4.37,AgentPrefab,Agent,MoveState,Moving,Goal,20.00,0.00,20.00,5.74,0.00,5.44,5.80,0.00,5.50,AStar,
702,4.38,AgentPrefab,Agent,MoveState,Moving,Goal,20.00,0.00,20.00,5.74,0.00,5.44,5.80,0.00,5.50,AStar,
703,4.38,AgentPrefab,Agent,MoveState,Moving,Goal,20.00,0.00,20.00,5.74,0.00,5.44,5.80,0.00,5.50,AStar,
704,4.39,AgentPrefab,Agent,MoveState,Moving,Goal,20.00,0.00,20.00,5.74,0.00,5.44,5.80,0.00,5.50,AStar,
705,4.40,AgentPrefab,Agent,MoveState,Moving,Goal,20.00,0.00,20.00,5.74,0.00,5.44,5.80,0.00,5.50,AStar,
706,4.40,AgentPrefab,Agent,MoveState,Moving,Goal,20.00,0.00,20.00,5.74,0.00,5.44,5.80,0.00,5.50,AStar,
707,4.41,AgentPrefab,Agent,MoveState,Moving,Goal,20.00,0.00,20.00,5.74,0.00,5.44,5.80,0.00,5.50,AStar,
708,4.41,AgentPrefab,Agent,MoveState,Moving,Goal,20.00,0.00,20.00,5.74,0.00,5.44,5.80,0.00,5.50,AStar,
709,4.42,AgentPrefab,Agent,MoveState,Moving,Goal,20.00,0.00,20.00,5.74,0.00,5.44,5.80,0.00,5.50,AStar,
710,4.43,AgentPrefab,Agent,MoveState,Moving,Goal,20.00,0.00,20.00,5.74,0.00,5.44,5.80,0.00,5.50,AStar,
711,4.43,AgentPrefab,Agent,MoveState,Moving,Goal,20.00,0.00,20.00,5.74,0.00,5.44,5.80,0.00,5.50,AStar,
712,4.44,AgentPrefab,Agent,MoveState,Moving,Goal,20.00,0.00,20.00,5.74,0.00,5.44,5.80,0.00,5.50,AStar,
713,4.44,AgentPrefab,Agent,MoveState,Moving,Goal,20.00,0.00,20.00,5.74,0.00,5.44,5.80,0.00,5.50,AStar,
714,4.45,AgentPrefab,Agent,MoveState,Moving,Goal,20.00,0.00,20.00,5.74,0.00,5.44,5.80,0.00,5.50,AStar,
715,4.46,AgentPrefab,Agent,MoveState,Moving,Goal,20.00,0.00,20.00,5.74,0.00,5.44,5.80,0.00,5.50,AStar,
716,4.46,AgentPrefab,Agent,MoveState,Moving,Goal,20.00,0.00,20.00,5.74,0.00,5.44,5.80,0.00,5.50,AStar,
717,4.47,AgentPrefab,Agent,MoveState,Moving,Goal,20.00,0.00,20.00,5.74,0.00,5.44,5.80,0.00,5.50,AStar,
718,4.47,AgentPrefab,Agent,MoveState,Moving,Goal,20.00,0.00,20.00,5.74,0.00,5.44,5.80,0.00,5.50,AStar,
719,4.48,AgentPrefab,Agent,MoveState,Moving,Goal,20.00,0.00,20.00,5.74,0.00,5.44,5.80,0.00,5.50,AStar,
720,4.49,AgentPrefab,Agent,MoveState,Moving,Goal,20.00,0.00,20.00,5.74,0.00,5.44,5.80,0.00,5.50,AStar,
721,4.49,AgentPrefab,Agent,MoveState,Moving,Goal,20.00,0.00,20.00,5.74,0.00,5.44,5.80,0.00,5.50,AStar,
722,4.50,AgentPrefab,Agent,MoveState,Moving,Goal,20.00,0.00,20.00,5.74,0.00,5.44,5.80,0.00,5.50,AStar,
723,4.51,AgentPrefab,Agent,MoveState,Moving,Goal,20.00,0.00,20.00,5.74,0.00,5.44,5.80,0.00,5.50,AStar,
724,4.51,AgentPrefab,Agent,MoveState,Moving,Goal,20.00,0.00,20.00,5.74,0.00,5.44,5.80,0.00,5.50,AStar,
725,4.52,AgentPrefab,Agent,MoveState,Moving,Goal,20.00,0.00,20.00,5.74,0.00,5.44,5.80,0.00,5.50,AStar,
726,4.52,AgentPrefab,Agent,MoveState,Moving,Goal,20.00,0.00,20.00,5.74,0.00,5.44,5.80,0.00,5.50,AStar,
727,4.53,AgentPrefab,Agent,MoveState,Moving,Goal,20.00,0.00,20.00,5.74,0.00,5.44,5.80,0.00,5.50,AStar,
728,4.53,AgentPrefab,Agent,MoveState,Moving,Goal,20.00,0.00,20.00,5.74,0.00,5.44,5.80,0.00,5.50,AStar,
729,4.54,AgentPrefab,Agent,MoveState,Moving,Goal,20.00,0.00,20.00,5.74,0.00,5.44,5.80,0.00,5.50,AStar,
730,4.55,AgentPrefab,Agent,MoveState,Moving,Goal,20.00,0.00,20.00,5.74,0.00,5.44,5.80,0.00,5.50,AStar,
731,4.55,AgentPrefab,Agent,MoveState,Moving,Goal,20.00,0.00,20.00,5.74,0.00,5.44,5.80,0.00,5.50,AStar,
732,4.56,AgentPrefab,Agent,MoveState,Moving,Goal,20.00,0.00,20.00,5.74,0.00,5.44,5.80,0.00,5.50,AStar,
733,4.56,AgentPrefab,Agent,MoveState,Moving,Goal,20.00,0.00,20.00,5.74,0.00,5.44,5.80,0.00,5.50,AStar,
734,4.57,AgentPrefab,Agent,MoveState,Moving,Goal,20.00,0.00,20.00,5.74,0.00,5.44,5.80,0.00,5.50,AStar,
735,4.58,AgentPrefab,Agent,MoveState,Moving,Goal,20.00,0.00,20.00,5.74,0.00,5.44,5.80,0.00,5.50,AStar,
736,4.58,AgentPrefab,Agent,MoveState,Moving,Goal,20.00,0.00,20.00,5.74,0.00,5.44,5.80,0.00,5.50,AStar,
737,4.59,AgentPrefab,Agent,MoveState,Moving,Goal,20.00,0.00,20.00,5.74,0.00,5.44,5.80,0.00,5.50,AStar,
738,4.60,AgentPrefab,Agent,MoveState,Moving,Goal,20.00,0.00,20.00,5.74,0.00,5.44,5.80,0.00,5.50,AStar,
739,4.60,AgentPrefab,Agent,MoveState,Moving,Goal,20.00,0.00,20.00,5.74,0.00,5.44,5.80,0.00,5.50,AStar,
740,4.61,AgentPrefab,Agent,MoveState,Moving,Goal,20.00,0.00,20.00,5.74,0.00,5.44,5.80,0.00,5.50,AStar,
741,4.61,AgentPrefab,Agent,MoveState,Moving,Goal,20.00,0.00,20.00,5.74,0.00,5.44,5.80,0.00,5.50,AStar,
742,4.62,AgentPrefab,Agent,MoveState,Moving,Goal,20.00,0.00,20.00,5.74,0.00,5.44,5.80,0.00,5.50,AStar,
743,4.62,AgentPrefab,Agent,MoveState,Moving,Goal,20.00,0.00,20.00,5.74,0.00,5.44,5.80,0.00,5.50,AStar,
744,4.63,AgentPrefab,Agent,MoveState,Moving,Goal,20.00,0.00,20.00,5.74,0.00,5.44,5.80,0.00,5.50,AStar,
745,4.64,AgentPrefab,Agent,MoveState,Moving,Goal,20.00,0.00,20.00,5.74,0.00,5.44,5.80,0.00,5.50,AStar,
746,4.64,AgentPrefab,Agent,MoveState,Moving,Goal,20.00,0.00,20.00,5.74,0.00,5.44,5.80,0.00,5.50,AStar,
747,4.65,AgentPrefab,Agent,MoveState,Moving,Goal,20.00,0.00,20.00,5.74,0.00,5.44,5.80,0.00,5.50,AStar,
748,4.66,AgentPrefab,Agent,MoveState,Moving,Goal,20.00,0.00,20.00,5.74,0.00,5.44,5.80,0.00,5.50,AStar,
749,4.66,AgentPrefab,Agent,MoveState,Moving,Goal,20.00,0.00,20.00,5.74,0.00,5.44,5.80,0.00,5.50,AStar,
750,4.67,AgentPrefab,Agent,MoveState,Moving,Goal,20.00,0.00,20.00,5.74,0.00,5.44,5.80,0.00,5.50,AStar,
751,4.67,AgentPrefab,Agent,MoveState,Moving,Goal,20.00,0.00,20.00,5.74,0.00,5.44,5.80,0.00,5.50,AStar,
752,4.68,AgentPrefab,Agent,MoveState,Moving,Goal,20.00,0.00,20.00,5.74,0.00,5.44,5.80,0.00,5.50,AStar,
753,4.69,AgentPrefab,Agent,MoveState,Moving,Goal,20.00,0.00,20.00,5.74,0.00,5.44,5.80,0.00,5.50,AStar,
754,4.69,AgentPrefab,Agent,MoveState,Moving,Goal,20.00,0.00,20.00,5.74,0.00,5.44,5.80,0.00,5.50,AStar,
755,4.70,AgentPrefab,Agent,MoveState,Moving,Goal,20.00,0.00,20.00,5.74,0.00,5.44,5.80,0.00,5.50,AStar,
756,4.70,AgentPrefab,Agent,MoveState,Moving,Goal,20.00,0.00,20.00,5.74,0.00,5.44,5.80,0.00,5.50,AStar,
757,4.71,AgentPrefab,Agent,MoveState,Moving,Goal,20.00,0.00,20.00,5.74,0.00,5.44,5.80,0.00,5.50,AStar,
758,4.72,AgentPrefab,Agent,MoveState,Moving,Goal,20.00,0.00,20.00,5.74,0.00,5.44,5.80,0.00,5.50,AStar,
759,4.72,AgentPrefab,Agent,MoveState,Moving,Goal,20.00,0.00,20.00,5.74,0.00,5.44,5.80,0.00,5.50,AStar,
760,4.73,AgentPrefab,Agent,MoveState,Moving,Goal,20.00,0.00,20.00,5.74,0.00,5.44,5.80,0.00,5.50,AStar,
761,4.73,AgentPrefab,Agent,MoveState,Moving,Goal,20.00,0.00,20.00,5.74,0.00,5.44,5.80,0.00,5.50,AStar,
762,4.74,AgentPrefab,Agent,MoveState,Moving,Goal,20.00,0.00,20.00,5.74,0.00,5.44,5.80,0.00,5.50,AStar,
763,4.75,AgentPrefab,Agent,MoveState,Moving,Goal,20.00,0.00,20.00,5.74,0.00,5.44,5.80,0.00,5.50,AStar,
764,4.75,AgentPrefab,Agent,MoveState,Moving,Goal,20.00,0.00,20.00,5.74,0.00,5.44,5.80,0.00,5.50,AStar,
765,4.76,AgentPrefab,Agent,MoveState,Moving,Goal,20.00,0.00,20.00,5.74,0.00,5.44,5.80,0.00,5.50,AStar,
766,4.76,AgentPrefab,Agent,MoveState,Moving,Goal,20.00,0.00,20.00,5.74,0.00,5.44,5.80,0.00,5.50,AStar,
767,4.77,AgentPrefab,Agent,MoveState,Moving,Goal,20.00,0.00,20.00,5.74,0.00,5.44,5.80,0.00,5.50,AStar,
768,4.78,AgentPrefab,Agent,MoveState,Moving,Goal,20.00,0.00,20.00,5.74,0.00,5.44,5.80,0.00,5.50,AStar,
769,4.78,AgentPrefab,Agent,MoveState,Moving,Goal,20.00,0.00,20.00,5.74,0.00,5.44,5.80,0.00,5.50,AStar,
770,4.79,AgentPrefab,Agent,MoveState,Moving,Goal,20.00,0.00,20.00,5.74,0.00,5.44,5.80,0.00,5.50,AStar,
771,4.79,AgentPrefab,Agent,MoveState,Moving,Goal,20.00,0.00,20.00,5.74,0.00,5.44,5.80,0.00,5.50,AStar,
772,4.80,AgentPrefab,Agent,MoveState,Moving,Goal,20.00,0.00,20.00,5.74,0.00,5.44,5.80,0.00,5.50,AStar,
773,4.81,AgentPrefab,Agent,MoveState,Moving,Goal,20.00,0.00,20.00,5.74,0.00,5.44,5.80,0.00,5.50,AStar,
774,4.81,AgentPrefab,Agent,MoveState,Moving,Goal,20.00,0.00,20.00,5.74,0.00,5.44,5.80,0.00,5.50,AStar,
775,4.82,AgentPrefab,Agent,MoveState,Moving,Goal,20.00,0.00,20.00,5.74,0.00,5.44,5.80,0.00,5.50,AStar,
776,4.82,AgentPrefab,Agent,MoveState,Moving,Goal,20.00,0.00,20.00,5.74,0.00,5.44,5.80,0.00,5.50,AStar,
777,4.83,AgentPrefab,Agent,MoveState,Moving,Goal,20.00,0.00,20.00,5.74,0.00,5.44,5.80,0.00,5.50,AStar,
778,4.84,AgentPrefab,Agent,MoveState,Moving,Goal,20.00,0.00,20.00,5.74,0.00,5.44,5.80,0.00,5.50,AStar,
779,4.84,AgentPrefab,Agent,MoveState,Moving,Goal,20.00,0.00,20.00,5.74,0.00,5.44,5.80,0.00,5.50,AStar,
780,4.85,AgentPrefab,Agent,MoveState,Moving,Goal,20.00,0.00,20.00,5.74,0.00,5.44,5.80,0.00,5.50,AStar,
781,4.85,AgentPrefab,Agent,MoveState,Moving,Goal,20.00,0.00,20.00,5.74,0.00,5.44,5.80,0.00,5.50,AStar,
782,4.86,AgentPrefab,Agent,MoveState,Moving,Goal,20.00,0.00,20.00,5.74,0.00,5.44,5.80,0.00,5.50,AStar,
783,4.87,AgentPrefab,Agent,MoveState,Moving,Goal,20.00,0.00,20.00,5.74,0.00,5.44,5.80,0.00,5.50,AStar,
784,4.87,AgentPrefab,Agent,MoveState,Moving,Goal,20.00,0.00,20.00,5.74,0.00,5.44,5.80,0.00,5.50,AStar,
785,4.88,AgentPrefab,Agent,MoveState,Moving,Goal,20.00,0.00,20.00,5.74,0.00,5.44,5.80,0.00,5.50,AStar,
786,4.88,AgentPrefab,Agent,MoveState,Moving,Goal,20.00,0.00,20.00,5.74,0.00,5.44,5.80,0.00,5.50,AStar,
787,4.89,AgentPrefab,Agent,MoveState,Moving,Goal,20.00,0.00,20.00,5.74,0.00,5.44,5.80,0.00,5.50,AStar,
788,4.90,AgentPrefab,Agent,MoveState,Moving,Goal,20.00,0.00,20.00,5.74,0.00,5.44,5.80,0.00,5.50,AStar,
789,4.90,AgentPrefab,Agent,SearchState,Searching,Goal,20.00,0.00,20.00,5.74,0.00,5.44,5.80,0.00,5.50,AStar,
790,4.91,AgentPrefab,Agent,MoveState,Moving,Goal,20.00,0.00,20.00,5.74,0.00,5.44,5.80,0.00,5.50,AStar,
791,4.91,AgentPrefab,Agent,MoveState,Moving,Goal,20.00,0.00,20.00,5.74,0.00,5.44,5.80,0.00,5.50,AStar,
792,4.92,AgentPrefab,Agent,MoveState,Moving,Goal,20.00,0.00,20.00,5.74,0.00,5.44,5.80,0.00,5.50,AStar,
793,4.93,AgentPrefab,Agent,MoveState,Moving,Goal,20.00,0.00,20.00,5.74,0.00,5.44,5.80,0.00,5.50,AStar,
794,4.93,AgentPrefab,Agent,MoveState,Moving,Goal,20.00,0.00,20.00,5.74,0.00,5.44,5.80,0.00,5.50,AStar,
795,4.94,AgentPrefab,Agent,MoveState,Moving,Goal,20.00,0.00,20.00,5.74,0.00,5.44,5.80,0.00,5.50,AStar,
796,4.94,AgentPrefab,Agent,MoveState,Moving,Goal,20.00,0.00,20.00,5.74,0.00,5.44,5.80,0.00,5.50,AStar,
797,4.95,AgentPrefab,Agent,MoveState,Moving,Goal,20.00,0.00,20.00,5.74,0.00,5.44,5.80,0.00,5.50,AStar,
798,4.96,AgentPrefab,Agent,MoveState,Moving,Goal,20.00,0.00,20.00,5.74,0.00,5.44,5.80,0.00,5.50,AStar,
799,4.96,AgentPrefab,Agent,MoveState,Moving,Goal,20.00,0.00,20.00,5.74,0.00,5.44,5.80,0.00,5.50,AStar,
800,4.97,AgentPrefab,Agent,MoveState,Moving,Goal,20.00,0.00,20.00,5.74,0.00,5.44,5.80,0.00,5.50,AStar,
801,4.97,AgentPrefab,Agent,MoveState,Moving,Goal,20.00,0.00,20.00,5.74,0.00,5.44,5.80,0.00,5.50,AStar,
802,4.98,AgentPrefab,Agent,MoveState,Moving,Goal,20.00,0.00,20.00,5.74,0.00,5.44,5.80,0.00,5.50,AStar,
803,4.99,AgentPrefab,Agent,MoveState,Moving,Goal,20.00,0.00,20.00,5.74,0.00,5.44,5.80,0.00,5.50,AStar,
804,4.99,AgentPrefab,Agent,MoveState,Moving,Goal,20.00,0.00,20.00,5.74,0.00,5.44,5.80,0.00,5.50,AStar,
805,5.00,AgentPrefab,Agent,MoveState,Moving,Goal,20.00,0.00,20.00,5.74,0.00,5.44,5.80,0.00,5.50,AStar,
806,5.00,AgentPrefab,Agent,MoveState,Moving,Goal,20.00,0.00,20.00,5.74,0.00,5.44,5.80,0.00,5.50,AStar,
807,5.01,AgentPrefab,Agent,MoveState,Moving,Goal,20.00,0.00,20.00,5.74,0.00,5.44,5.80,0.00,5.50,AStar,
808,5.02,AgentPrefab,Agent,MoveState,Moving,Goal,20.00,0.00,20.00,5.74,0.00,5.44,5.80,0.00,5.50,AStar,
809,5.02,AgentPrefab,Agent,MoveState,Moving,Goal,20.00,0.00,20.00,5.74,0.00,5.44,5.80,0.00,5.50,AStar,
810,5.03,AgentPrefab,Agent,MoveState,Moving,Goal,20.00,0.00,20.00,5.74,0.00,5.44,5.80,0.00,5.50,AStar,
811,5.03,AgentPrefab,Agent,MoveState,Moving,Goal,20.00,0.00,20.00,5.74,0.00,5.44,5.80,0.00,5.50,AStar,
812,5.04,AgentPrefab,Agent,MoveState,Moving,Goal,20.00,0.00,20.00,5.74,0.00,5.44,5.80,0.00,5.50,AStar,
813,5.05,AgentPrefab,Agent,MoveState,Moving,Goal,20.00,0.00,20.00,5.74,0.00,5.44,5.80,0.00,5.50,AStar,
814,5.05,AgentPrefab,Agent,MoveState,Moving,Goal,20.00,0.00,20.00,5.74,0.00,5.44,5.80,0.00,5.50,AStar,
815,5.06,AgentPrefab,Agent,MoveState,Moving,Goal,20.00,0.00,20.00,5.74,0.00,5.44,5.80,0.00,5.50,AStar,
816,5.06,AgentPrefab,Agent,MoveState,Moving,Goal,20.00,0.00,20.00,5.74,0.00,5.44,5.80,0.00,5.50,AStar,
817,5.07,AgentPrefab,Agent,MoveState,Moving,Goal,20.00,0.00,20.00,5.74,0.00,5.44,5.80,0.00,5.50,AStar,
818,5.08,AgentPrefab,Agent,MoveState,Moving,Goal,20.00,0.00,20.00,5.74,0.00,5.44,5.80,0.00,5.50,AStar,
819,5.08,AgentPrefab,Agent,MoveState,Moving,Goal,20.00,0.00,20.00,5.74,0.00,5.44,5.80,0.00,5.50,AStar,
820,5.09,AgentPrefab,Agent,MoveState,Moving,Goal,20.00,0.00,20.00,5.74,0.00,5.44,5.80,0.00,5.50,AStar,
821,5.09,AgentPrefab,Agent,MoveState,Moving,Goal,20.00,0.00,20.00,5.74,0.00,5.44,5.80,0.00,5.50,AStar,
822,5.10,AgentPrefab,Agent,MoveState,Moving,Goal,20.00,0.00,20.00,5.74,0.00,5.44,5.80,0.00,5.50,AStar,
823,5.11,AgentPrefab,Agent,MoveState,Moving,Goal,20.00,0.00,20.00,5.74,0.00,5.44,5.80,0.00,5.50,AStar,
824,5.11,AgentPrefab,Agent,MoveState,Moving,Goal,20.00,0.00,20.00,5.74,0.00,5.44,5.80,0.00,5.50,AStar,
825,5.12,AgentPrefab,Agent,MoveState,Moving,Goal,20.00,0.00,20.00,5.74,0.00,5.44,5.80,0.00,5.50,AStar,
826,5.12,AgentPrefab,Agent,MoveState,Moving,Goal,20.00,0.00,20.00,5.74,0.00,5.44,5.80,0.00,5.50,AStar,
827,5.13,AgentPrefab,Agent,MoveState,Moving,Goal,20.00,0.00,20.00,5.74,0.00,5.44,5.80,0.00,5.50,AStar,
828,5.14,AgentPrefab,Agent,MoveState,Moving,Goal,20.00,0.00,20.00,5.74,0.00,5.44,5.80,0.00,5.50,AStar,
829,5.14,AgentPrefab,Agent,MoveState,Moving,Goal,20.00,0.00,20.00,5.74,0.00,5.44,5.80,0.00,5.50,AStar,
830,5.15,AgentPrefab,Agent,MoveState,Moving,Goal,20.00,0.00,20.00,5.74,0.00,5.44,5.80,0.00,5.50,AStar,
831,5.15,AgentPrefab,Agent,MoveState,Moving,Goal,20.00,0.00,20.00,5.74,0.00,5.44,5.80,0.00,5.50,AStar,
832,5.16,AgentPrefab,Agent,MoveState,Moving,Goal,20.00,0.00,20.00,5.74,0.00,5.44,5.80,0.00,5.50,AStar,
833,5.17,AgentPrefab,Agent,MoveState,Moving,Goal,20.00,0.00,20.00,5.74,0.00,5.44,5.80,0.00,5.50,AStar,
834,5.17,AgentPrefab,Agent,MoveState,Moving,Goal,20.00,0.00,20.00,5.74,0.00,5.44,5.80,0.00,5.50,AStar,
835,5.18,AgentPrefab,Agent,MoveState,Moving,Goal,20.00,0.00,20.00,5.74,0.00,5.44,5.80,0.00,5.50,AStar,
836,5.19,AgentPrefab,Agent,MoveState,Moving,Goal,20.00,0.00,20.00,5.74,0.00,5.44,5.80,0.00,5.50,AStar,
837,5.19,AgentPrefab,Agent,MoveState,Moving,Goal,20.00,0.00,20.00,5.74,0.00,5.44,5.80,0.00,5.50,AStar,
838,5.20,AgentPrefab,Agent,MoveState,Moving,Goal,20.00,0.00,20.00,5.74,0.00,5.44,5.80,0.00,5.50,AStar,
839,5.20,AgentPrefab,Agent,MoveState,Moving,Goal,20.00,0.00,20.00,5.74,0.00,5.44,5.80,0.00,5.50,AStar,
840,5.21,AgentPrefab,Agent,MoveState,Moving,Goal,20.00,0.00,20.00,5.74,0.00,5.44,5.80,0.00,5.50,AStar,
841,5.21,AgentPrefab,Agent,MoveState,Moving,Goal,20.00,0.00,20.00,5.74,0.00,5.44,5.80,0.00,5.50,AStar,
842,5.22,AgentPrefab,Agent,MoveState,Moving,Goal,20.00,0.00,20.00,5.74,0.00,5.44,5.80,0.00,5.50,AStar,
843,5.23,AgentPrefab,Agent,MoveState,Moving,Goal,20.00,0.00,20.00,5.74,0.00,5.44,5.80,0.00,5.50,AStar,
844,5.23,AgentPrefab,Agent,MoveState,Moving,Goal,20.00,0.00,20.00,5.74,0.00,5.44,5.80,0.00,5.50,AStar,
845,5.24,AgentPrefab,Agent,MoveState,Moving,Goal,20.00,0.00,20.00,5.74,0.00,5.44,5.80,0.00,5.50,AStar,
846,5.24,AgentPrefab,Agent,MoveState,Moving,Goal,20.00,0.00,20.00,5.74,0.00,5.44,5.80,0.00,5.50,AStar,
847,5.25,AgentPrefab,Agent,MoveState,Moving,Goal,20.00,0.00,20.00,5.74,0.00,5.44,5.80,0.00,5.50,AStar,
848,5.26,AgentPrefab,Agent,MoveState,Moving,Goal,20.00,0.00,20.00,5.74,0.00,5.44,5.80,0.00,5.50,AStar,
849,5.26,AgentPrefab,Agent,MoveState,Moving,Goal,20.00,0.00,20.00,5.74,0.00,5.44,5.80,0.00,5.50,AStar,
850,5.27,AgentPrefab,Agent,MoveState,Moving,Goal,20.00,0.00,20.00,5.74,0.00,5.44,5.80,0.00,5.50,AStar,
851,5.27,AgentPrefab,Agent,MoveState,Moving,Goal,20.00,0.00,20.00,5.74,0.00,5.44,5.80,0.00,5.50,AStar,
852,5.28,AgentPrefab,Agent,MoveState,Moving,Goal,20.00,0.00,20.00,5.74,0.00,5.44,5.80,0.00,5.50,AStar,
853,5.29,AgentPrefab,Agent,MoveState,Moving,Goal,20.00,0.00,20.00,5.74,0.00,5.44,5.80,0.00,5.50,AStar,
854,5.29,AgentPrefab,Agent,MoveState,Moving,Goal,20.00,0.00,20.00,5.74,0.00,5.44,5.80,0.00,5.50,AStar,
855,5.30,AgentPrefab,Agent,MoveState,Moving,Goal,20.00,0.00,20.00,5.74,0.00,5.44,5.80,0.00,5.50,AStar,
856,5.31,AgentPrefab,Agent,MoveState,Moving,Goal,20.00,0.00,20.00,5.74,0.00,5.44,5.80,0.00,5.50,AStar,
857,5.32,AgentPrefab,Agent,MoveState,Moving,Goal,20.00,0.00,20.00,5.74,0.00,5.44,5.80,0.00,5.50,AStar,
858,5.33,AgentPrefab,Agent,MoveState,Moving,Goal,20.00,0.00,20.00,5.74,0.00,5.44,5.80,0.00,5.50,AStar,
859,5.34,AgentPrefab,Agent,MoveState,Moving,Goal,20.00,0.00,20.00,5.74,0.00,5.44,5.80,0.00,5.50,AStar,
860,5.34,AgentPrefab,Agent,MoveState,Moving,Goal,20.00,0.00,20.00,5.74,0.00,5.44,5.80,0.00,5.50,AStar,
861,5.35,AgentPrefab,Agent,MoveState,Moving,Goal,20.00,0.00,20.00,5.74,0.00,5.44,5.80,0.00,5.50,AStar,
862,5.35,AgentPrefab,Agent,MoveState,Moving,Goal,20.00,0.00,20.00,5.74,0.00,5.44,5.80,0.00,5.50,AStar,
863,5.36,AgentPrefab,Agent,MoveState,Moving,Goal,20.00,0.00,20.00,5.74,0.00,5.44,5.80,0.00,5.50,AStar,
864,5.37,AgentPrefab,Agent,MoveState,Moving,Goal,20.00,0.00,20.00,5.74,0.00,5.44,5.80,0.00,5.50,AStar,
865,5.37,AgentPrefab,Agent,MoveState,Moving,Goal,20.00,0.00,20.00,5.74,0.00,5.44,5.80,0.00,5.50,AStar,
866,5.38,AgentPrefab,Agent,MoveState,Moving,Goal,20.00,0.00,20.00,5.74,0.00,5.44,5.80,0.00,5.50,AStar,
867,5.38,AgentPrefab,Agent,MoveState,Moving,Goal,20.00,0.00,20.00,5.74,0.00,5.44,5.80,0.00,5.50,AStar,
868,5.39,AgentPrefab,Agent,MoveState,Moving,Goal,20.00,0.00,20.00,5.74,0.00,5.44,5.80,0.00,5.50,AStar,
869,5.39,AgentPrefab,Agent,MoveState,Moving,Goal,20.00,0.00,20.00,5.74,0.00,5.44,5.80,0.00,5.50,AStar,
870,5.40,AgentPrefab,Agent,MoveState,Moving,Goal,20.00,0.00,20.00,5.74,0.00,5.44,5.80,0.00,5.50,AStar,
871,5.41,AgentPrefab,Agent,MoveState,Moving,Goal,20.00,0.00,20.00,5.74,0.00,5.44,5.80,0.00,5.50,AStar,
872,5.41,AgentPrefab,Agent,MoveState,Moving,Goal,20.00,0.00,20.00,5.74,0.00,5.44,5.80,0.00,5.50,AStar,
873,5.42,AgentPrefab,Agent,MoveState,Moving,Goal,20.00,0.00,20.00,5.74,0.00,5.44,5.80,0.00,5.50,AStar,
874,5.43,AgentPrefab,Agent,MoveState,Moving,Goal,20.00,0.00,20.00,5.74,0.00,5.44,5.80,0.00,5.50,AStar,
875,5.43,AgentPrefab,Agent,MoveState,Moving,Goal,20.00,0.00,20.00,5.74,0.00,5.44,5.80,0.00,5.50,AStar,
876,5.44,AgentPrefab,Agent,MoveState,Moving,Goal,20.00,0.00,20.00,5.74,0.00,5.44,5.80,0.00,5.50,AStar,
877,5.44,AgentPrefab,Agent,MoveState,Moving,Goal,20.00,0.00,20.00,5.74,0.00,5.44,5.80,0.00,5.50,AStar,
878,5.45,AgentPrefab,Agent,MoveState,Moving,Goal,20.00,0.00,20.00,5.74,0.00,5.44,5.80,0.00,5.50,AStar,
879,5.46,AgentPrefab,Agent,MoveState,Moving,Goal,20.00,0.00,20.00,5.74,0.00,5.44,5.80,0.00,5.50,AStar,
880,5.46,AgentPrefab,Agent,MoveState,Moving,Goal,20.00,0.00,20.00,5.74,0.00,5.44,5.80,0.00,5.50,AStar,
881,5.47,AgentPrefab,Agent,MoveState,Moving,Goal,20.00,0.00,20.00,5.74,0.00,5.44,5.80,0.00,5.50,AStar,
882,5.47,AgentPrefab,Agent,MoveState,Moving,Goal,20.00,0.00,20.00,5.74,0.00,5.44,5.80,0.00,5.50,AStar,
883,5.48,AgentPrefab,Agent,MoveState,Moving,Goal,20.00,0.00,20.00,5.74,0.00,5.44,5.80,0.00,5.50,AStar,
884,5.49,AgentPrefab,Agent,MoveState,Moving,Goal,20.00,0.00,20.00,5.74,0.00,5.44,5.80,0.00,5.50,AStar,
885,5.49,AgentPrefab,Agent,MoveState,Moving,Goal,20.00,0.00,20.00,5.74,0.00,5.44,5.80,0.00,5.50,AStar,
886,5.50,AgentPrefab,Agent,MoveState,Moving,Goal,20.00,0.00,20.00,5.74,0.00,5.44,5.80,0.00,5.50,AStar,
887,5.50,AgentPrefab,Agent,MoveState,Moving,Goal,20.00,0.00,20.00,5.74,0.00,5.44,5.80,0.00,5.50,AStar,
888,5.51,AgentPrefab,Agent,MoveState,Moving,Goal,20.00,0.00,20.00,5.74,0.00,5.44,5.80,0.00,5.50,AStar,
889,5.52,AgentPrefab,Agent,MoveState,Moving,Goal,20.00,0.00,20.00,5.74,0.00,5.44,5.80,0.00,5.50,AStar,
890,5.52,AgentPrefab,Agent,MoveState,Moving,Goal,20.00,0.00,20.00,5.74,0.00,5.44,5.80,0.00,5.50,AStar,
891,5.53,AgentPrefab,Agent,MoveState,Moving,Goal,20.00,0.00,20.00,5.74,0.00,5.44,5.80,0.00,5.50,AStar,
892,5.53,AgentPrefab,Agent,MoveState,Moving,Goal,20.00,0.00,20.00,5.74,0.00,5.44,5.80,0.00,5.50,AStar,
893,5.54,AgentPrefab,Agent,MoveState,Moving,Goal,20.00,0.00,20.00,5.74,0.00,5.44,5.80,0.00,5.50,AStar,
894,5.55,AgentPrefab,Agent,MoveState,Moving,Goal,20.00,0.00,20.00,5.74,0.00,5.44,5.80,0.00,5.50,AStar,
895,5.55,AgentPrefab,Agent,MoveState,Moving,Goal,20.00,0.00,20.00,5.74,0.00,5.44,5.80,0.00,5.50,AStar,
896,5.56,AgentPrefab,Agent,MoveState,Moving,Goal,20.00,0.00,20.00,5.74,0.00,5.44,5.80,0.00,5.50,AStar,
897,5.56,AgentPrefab,Agent,MoveState,Moving,Goal,20.00,0.00,20.00,5.74,0.00,5.44,5.80,0.00,5.50,AStar,
898,5.57,AgentPrefab,Agent,MoveState,Moving,Goal,20.00,0.00,20.00,5.74,0.00,5.44,5.80,0.00,5.50,AStar,
899,5.57,AgentPrefab,Agent,MoveState,Moving,Goal,20.00,0.00,20.00,5.74,0.00,5.44,5.80,0.00,5.50,AStar,
900,5.58,AgentPrefab,Agent,MoveState,Moving,Goal,20.00,0.00,20.00,5.74,0.00,5.44,5.80,0.00,5.50,AStar,
901,5.59,AgentPrefab,Agent,MoveState,Moving,Goal,20.00,0.00,20.00,5.74,0.00,5.44,5.80,0.00,5.50,AStar,
902,5.59,AgentPrefab,Agent,MoveState,Moving,Goal,20.00,0.00,20.00,5.74,0.00,5.44,5.80,0.00,5.50,AStar,
903,5.60,AgentPrefab,Agent,MoveState,Moving,Goal,20.00,0.00,20.00,5.74,0.00,5.44,5.80,0.00,5.50,AStar,
904,5.61,AgentPrefab,Agent,MoveState,Moving,Goal,20.00,0.00,20.00,5.74,0.00,5.44,5.80,0.00,5.50,AStar,
905,5.61,AgentPrefab,Agent,MoveState,Moving,Goal,20.00,0.00,20.00,5.74,0.00,5.44,5.80,0.00,5.50,AStar,
906,5.62,AgentPrefab,Agent,MoveState,Moving,Goal,20.00,0.00,20.00,5.74,0.00,5.44,5.80,0.00,5.50,AStar,
907,5.62,AgentPrefab,Agent,MoveState,Moving,Goal,20.00,0.00,20.00,5.74,0.00,5.44,5.80,0.00,5.50,AStar,
908,5.63,AgentPrefab,Agent,MoveState,Moving,Goal,20.00,0.00,20.00,5.74,0.00,5.44,5.80,0.00,5.50,AStar,
909,5.64,AgentPrefab,Agent,MoveState,Moving,Goal,20.00,0.00,20.00,5.74,0.00,5.44,5.80,0.00,5.50,AStar,
910,5.64,AgentPrefab,Agent,MoveState,Moving,Goal,20.00,0.00,20.00,5.74,0.00,5.44,5.80,0.00,5.50,AStar,
911,5.65,AgentPrefab,Agent,MoveState,Moving,Goal,20.00,0.00,20.00,5.74,0.00,5.44,5.80,0.00,5.50,AStar,
912,5.65,AgentPrefab,Agent,MoveState,Moving,Goal,20.00,0.00,20.00,5.74,0.00,5.44,5.80,0.00,5.50,AStar,
913,5.66,AgentPrefab,Agent,MoveState,Moving,Goal,20.00,0.00,20.00,5.74,0.00,5.44,5.80,0.00,5.50,AStar,
914,5.67,AgentPrefab,Agent,MoveState,Moving,Goal,20.00,0.00,20.00,5.74,0.00,5.44,5.80,0.00,5.50,AStar,
915,5.67,AgentPrefab,Agent,MoveState,Moving,Goal,20.00,0.00,20.00,5.74,0.00,5.44,5.80,0.00,5.50,AStar,
916,5.68,AgentPrefab,Agent,MoveState,Moving,Goal,20.00,0.00,20.00,5.74,0.00,5.44,5.80,0.00,5.50,AStar,
917,5.69,AgentPrefab,Agent,MoveState,Moving,Goal,20.00,0.00,20.00,5.74,0.00,5.44,5.80,0.00,5.50,AStar,
918,5.69,AgentPrefab,Agent,MoveState,Moving,Goal,20.00,0.00,20.00,5.74,0.00,5.44,5.80,0.00,5.50,AStar,
919,5.70,AgentPrefab,Agent,MoveState,Moving,Goal,20.00,0.00,20.00,5.74,0.00,5.44,5.80,0.00,5.50,AStar,
920,5.70,AgentPrefab,Agent,MoveState,Moving,Goal,20.00,0.00,20.00,5.74,0.00,5.44,5.80,0.00,5.50,AStar,
921,5.71,AgentPrefab,Agent,MoveState,Moving,Goal,20.00,0.00,20.00,5.74,0.00,5.44,5.80,0.00,5.50,AStar,
922,5.71,AgentPrefab,Agent,MoveState,Moving,Goal,20.00,0.00,20.00,5.74,0.00,5.44,5.80,0.00,5.50,AStar,
923,5.72,AgentPrefab,Agent,MoveState,Moving,Goal,20.00,0.00,20.00,5.74,0.00,5.44,5.80,0.00,5.50,AStar,
924,5.73,AgentPrefab,Agent,MoveState,Moving,Goal,20.00,0.00,20.00,5.74,0.00,5.44,5.80,0.00,5.50,AStar,
925,5.73,AgentPrefab,Agent,MoveState,Moving,Goal,20.00,0.00,20.00,5.74,0.00,5.44,5.80,0.00,5.50,AStar,
926,5.74,AgentPrefab,Agent,MoveState,Moving,Goal,20.00,0.00,20.00,5.74,0.00,5.44,5.80,0.00,5.50,AStar,
927,5.74,AgentPrefab,Agent,MoveState,Moving,Goal,20.00,0.00,20.00,5.74,0.00,5.44,5.80,0.00,5.50,AStar,
928,5.75,AgentPrefab,Agent,MoveState,Moving,Goal,20.00,0.00,20.00,5.74,0.00,5.44,5.80,0.00,5.50,AStar,
929,5.76,AgentPrefab,Agent,MoveState,Moving,Goal,20.00,0.00,20.00,5.74,0.00,5.44,5.80,0.00,5.50,AStar,
930,5.76,AgentPrefab,Agent,MoveState,Moving,Goal,20.00,0.00,20.00,5.74,0.00,5.44,5.80,0.00,5.50,AStar,
931,5.77,AgentPrefab,Agent,MoveState,Moving,Goal,20.00,0.00,20.00,5.74,0.00,5.44,5.80,0.00,5.50,AStar,
932,5.77,AgentPrefab,Agent,MoveState,Moving,Goal,20.00,0.00,20.00,5.74,0.00,5.44,5.80,0.00,5.50,AStar,
933,5.78,AgentPrefab,Agent,MoveState,Moving,Goal,20.00,0.00,20.00,5.74,0.00,5.44,5.80,0.00,5.50,AStar,
934,5.79,AgentPrefab,Agent,MoveState,Moving,Goal,20.00,0.00,20.00,5.74,0.00,5.44,5.80,0.00,5.50,AStar,
935,5.79,AgentPrefab,Agent,MoveState,Moving,Goal,20.00,0.00,20.00,5.74,0.00,5.44,5.80,0.00,5.50,AStar,
936,5.80,AgentPrefab,Agent,MoveState,Moving,Goal,20.00,0.00,20.00,5.74,0.00,5.44,5.80,0.00,5.50,AStar,
937,5.81,AgentPrefab,Agent,MoveState,Moving,Goal,20.00,0.00,20.00,5.74,0.00,5.44,5.80,0.00,5.50,AStar,
938,5.81,AgentPrefab,Agent,MoveState,Moving,Goal,20.00,0.00,20.00,5.74,0.00,5.44,5.80,0.00,5.50,AStar,
939,5.82,AgentPrefab,Agent,MoveState,Moving,Goal,20.00,0.00,20.00,5.74,0.00,5.44,5.80,0.00,5.50,AStar,
940,5.82,AgentPrefab,Agent,MoveState,Moving,Goal,20.00,0.00,20.00,5.74,0.00,5.44,5.80,0.00,5.50,AStar,
941,5.83,AgentPrefab,Agent,MoveState,Moving,Goal,20.00,0.00,20.00,5.74,0.00,5.44,5.80,0.00,5.50,AStar,
942,5.84,AgentPrefab,Agent,MoveState,Moving,Goal,20.00,0.00,20.00,5.74,0.00,5.44,5.80,0.00,5.50,AStar,
943,5.84,AgentPrefab,Agent,MoveState,Moving,Goal,20.00,0.00,20.00,5.74,0.00,5.44,5.80,0.00,5.50,AStar,
944,5.85,AgentPrefab,Agent,MoveState,Moving,Goal,20.00,0.00,20.00,5.74,0.00,5.44,5.80,0.00,5.50,AStar,
945,5.86,AgentPrefab,Agent,MoveState,Moving,Goal,20.00,0.00,20.00,5.74,0.00,5.44,5.80,0.00,5.50,AStar,
946,5.86,AgentPrefab,Agent,MoveState,Moving,Goal,20.00,0.00,20.00,5.74,0.00,5.44,5.80,0.00,5.50,AStar,
947,5.87,AgentPrefab,Agent,MoveState,Moving,Goal,20.00,0.00,20.00,5.74,0.00,5.44,5.80,0.00,5.50,AStar,
948,5.87,AgentPrefab,Agent,MoveState,Moving,Goal,20.00,0.00,20.00,5.74,0.00,5.44,5.80,0.00,5.50,AStar,
949,5.88,AgentPrefab,Agent,MoveState,Moving,Goal,20.00,0.00,20.00,5.74,0.00,5.44,5.80,0.00,5.50,AStar,
950,5.89,AgentPrefab,Agent,MoveState,Moving,Goal,20.00,0.00,20.00,5.74,0.00,5.44,5.80,0.00,5.50,AStar,
951,5.89,AgentPrefab,Agent,MoveState,Moving,Goal,20.00,0.00,20.00,5.74,0.00,5.44,5.80,0.00,5.50,AStar,
952,5.90,AgentPrefab,Agent,MoveState,Moving,Goal,20.00,0.00,20.00,5.74,0.00,5.44,5.80,0.00,5.50,AStar,
953,5.90,AgentPrefab,Agent,MoveState,Moving,Goal,20.00,0.00,20.00,5.74,0.00,5.44,5.80,0.00,5.50,AStar,
954,5.91,AgentPrefab,Agent,SearchState,Searching,Goal,20.00,0.00,20.00,5.74,0.00,5.44,5.80,0.00,5.50,AStar,
955,5.92,AgentPrefab,Agent,MoveState,Moving,Goal,20.00,0.00,20.00,5.74,0.00,5.44,5.80,0.00,5.50,AStar,
956,5.92,AgentPrefab,Agent,MoveState,Moving,Goal,20.00,0.00,20.00,5.74,0.00,5.44,5.80,0.00,5.50,AStar,
957,5.93,AgentPrefab,Agent,MoveState,Moving,Goal,20.00,0.00,20.00,5.74,0.00,5.44,5.80,0.00,5.50,AStar,
958,5.94,AgentPrefab,Agent,MoveState,Moving,Goal,20.00,0.00,20.00,5.74,0.00,5.44,5.80,0.00,5.50,AStar,
959,5.94,AgentPrefab,Agent,MoveState,Moving,Goal,20.00,0.00,20.00,5.74,0.00,5.44,5.80,0.00,5.50,AStar,
960,5.95,AgentPrefab,Agent,MoveState,Moving,Goal,20.00,0.00,20.00,5.74,0.00,5.44,5.80,0.00,5.50,AStar,
961,5.95,AgentPrefab,Agent,MoveState,Moving,Goal,20.00,0.00,20.00,5.74,0.00,5.44,5.80,0.00,5.50,AStar,
962,5.96,AgentPrefab,Agent,MoveState,Moving,Goal,20.00,0.00,20.00,5.74,0.00,5.44,5.80,0.00,5.50,AStar,
963,5.97,AgentPrefab,Agent,MoveState,Moving,Goal,20.00,0.00,20.00,5.74,0.00,5.44,5.80,0.00,5.50,AStar,
964,5.97,AgentPrefab,Agent,MoveState,Moving,Goal,20.00,0.00,20.00,5.74,0.00,5.44,5.80,0.00,5.50,AStar,
965,5.98,AgentPrefab,Agent,MoveState,Moving,Goal,20.00,0.00,20.00,5.74,0.00,5.44,5.80,0.00,5.50,AStar,
966,5.98,AgentPrefab,Agent,MoveState,Moving,Goal,20.00,0.00,20.00,5.74,0.00,5.44,5.80,0.00,5.50,AStar,
967,5.99,AgentPrefab,Agent,MoveState,Moving,Goal,20.00,0.00,20.00,5.75,0.00,5.45,5.80,0.00,5.50,AStar,
968,6.00,AgentPrefab,Agent,MoveState,Moving,Goal,20.00,0.00,20.00,5.76,0.00,5.46,5.80,0.00,5.50,AStar,
969,6.00,AgentPrefab,Agent,MoveState,Moving,Goal,20.00,0.00,20.00,5.80,0.00,5.50,6.50,0.00,6.20,AStar,
970,6.01,AgentPrefab,Agent,MoveState,Moving,Goal,20.00,0.00,20.00,5.81,0.00,5.51,6.50,0.00,6.20,AStar,
971,6.02,AgentPrefab,Agent,MoveState,Moving,Goal,20.00,0.00,20.00,5.82,0.00,5.52,6.50,0.00,6.20,AStar,
972,6.02,AgentPrefab,Agent,MoveState,Moving,Goal,20.00,0.00,20.00,5.83,0.00,5.53,6.50,0.00,6.20,AStar,
973,6.03,AgentPrefab,Agent,MoveState,Moving,Goal,20.00,0.00,20.00,5.84,0.00,5.54,6.50,0.00,6.20,AStar,
974,6.03,AgentPrefab,Agent,MoveState,Moving,Goal,20.00,0.00,20.00,5.84,0.00,5.54,6.50,0.00,6.20,AStar,
975,6.04,AgentPrefab,Agent,MoveState,Moving,Goal,20.00,0.00,20.00,5.85,0.00,5.55,6.50,0.00,6.20,AStar,
976,6.05,AgentPrefab,Agent,MoveState,Moving,Goal,20.00,0.00,20.00,5.86,0.00,5.56,6.50,0.00,6.20,AStar,
977,6.05,AgentPrefab,Agent,MoveState,Moving,Goal,20.00,0.00,20.00,5.87,0.00,5.57,6.50,0.00,6.20,AStar,
978,6.06,AgentPrefab,Agent,MoveState,Moving,Goal,20.00,0.00,20.00,5.88,0.00,5.58,6.50,0.00,6.20,AStar,
979,6.07,AgentPrefab,Agent,MoveState,Moving,Goal,20.00,0.00,20.00,5.89,0.00,5.59,6.50,0.00,6.20,AStar,
980,6.07,AgentPrefab,Agent,MoveState,Moving,Goal,20.00,0.00,20.00,5.90,0.00,5.60,6.50,0.00,6.20,AStar,
981,6.08,AgentPrefab,Agent,MoveState,Moving,Goal,20.00,0.00,20.00,5.91,0.00,5.61,6.50,0.00,6.20,AStar,
982,6.08,AgentPrefab,Agent,MoveState,Moving,Goal,20.00,0.00,20.00,5.92,0.00,5.62,6.50,0.00,6.20,AStar,
983,6.09,AgentPrefab,Agent,MoveState,Moving,Goal,20.00,0.00,20.00,5.92,0.00,5.62,6.50,0.00,6.20,AStar,
984,6.10,AgentPrefab,Agent,MoveState,Moving,Goal,20.00,0.00,20.00,5.93,0.00,5.63,6.50,0.00,6.20,AStar,
985,6.10,AgentPrefab,Agent,MoveState,Moving,Goal,20.00,0.00,20.00,5.94,0.00,5.64,6.50,0.00,6.20,AStar,
986,6.11,AgentPrefab,Agent,MoveState,Moving,Goal,20.00,0.00,20.00,5.95,0.00,5.65,6.50,0.00,6.20,AStar,
987,6.12,AgentPrefab,Agent,MoveState,Moving,Goal,20.00,0.00,20.00,5.96,0.00,5.66,6.50,0.00,6.20,AStar,
988,6.12,AgentPrefab,Agent,MoveState,Moving,Goal,20.00,0.00,20.00,5.97,0.00,5.67,6.50,0.00,6.20,AStar,
989,6.13,AgentPrefab,Agent,MoveState,Moving,Goal,20.00,0.00,20.00,5.98,0.00,5.68,6.50,0.00,6.20,AStar,
990,6.13,AgentPrefab,Agent,MoveState,Moving,Goal,20.00,0.00,20.00,5.98,0.00,5.68,6.50,0.00,6.20,AStar,
991,6.14,AgentPrefab,Agent,MoveState,Moving,Goal,20.00,0.00,20.00,5.99,0.00,5.69,6.50,0.00,6.20,AStar,
992,6.15,AgentPrefab,Agent,MoveState,Moving,Goal,20.00,0.00,20.00,6.00,0.00,5.70,6.50,0.00,6.20,AStar,
993,6.15,AgentPrefab,Agent,MoveState,Moving,Goal,20.00,0.00,20.00,6.01,0.00,5.71,6.50,0.00,6.20,AStar,
994,6.16,AgentPrefab,Agent,MoveState,Moving,Goal,20.00,0.00,20.00,6.02,0.00,5.72,6.50,0.00,6.20,AStar,
995,6.16,AgentPrefab,Agent,MoveState,Moving,Goal,20.00,0.00,20.00,6.03,0.00,5.73,6.50,0.00,6.20,AStar,
996,6.18,AgentPrefab,Agent,MoveState,Moving,Goal,20.00,0.00,20.00,6.04,0.00,5.74,6.50,0.00,6.20,AStar,
997,6.19,AgentPrefab,Agent,MoveState,Moving,Goal,20.00,0.00,20.00,6.07,0.00,5.77,6.50,0.00,6.20,AStar,
998,6.20,AgentPrefab,Agent,MoveState,Moving,Goal,20.00,0.00,20.00,6.08,0.00,5.78,6.50,0.00,6.20,AStar,
999,6.20,AgentPrefab,Agent,MoveState,Moving,Goal,20.00,0.00,20.00,6.08,0.00,5.78,6.50,0.00,6.20,AStar,
1000,6.21,AgentPrefab,Agent,MoveState,Moving,Goal,20.00,0.00,20.00,6.09,0.00,5.79,6.50,0.00,6.20,AStar,
1001,6.22,AgentPrefab,Agent,MoveState,Moving,Goal,20.00,0.00,20.00,6.10,0.00,5.80,6.50,0.00,6.20,AStar,
1002,6.22,AgentPrefab,Agent,MoveState,Moving,Goal,20.00,0.00,20.00,6.11,0.00,5.81,6.50,0.00,6.20,AStar,
1003,6.23,AgentPrefab,Agent,MoveState,Moving,Goal,20.00,0.00,20.00,6.12,0.00,5.82,6.50,0.00,6.20,AStar,
1004,6.24,AgentPrefab,Agent,MoveState,Moving,Goal,20.00,0.00,20.00,6.13,0.00,5.83,6.50,0.00,6.20,AStar,
1005,6.24,AgentPrefab,Agent,MoveState,Moving,Goal,20.00,0.00,20.00,6.14,0.00,5.84,6.50,0.00,6.20,AStar,
1006,6.25,AgentPrefab,Agent,MoveState,Moving,Goal,20.00,0.00,20.00,6.15,0.00,5.85,6.50,0.00,6.20,AStar,
1007,6.25,AgentPrefab,Agent,MoveState,Moving,Goal,20.00,0.00,20.00,6.15,0.00,5.85,6.50,0.00,6.20,AStar,
1008,6.26,AgentPrefab,Agent,MoveState,Moving,Goal,20.00,0.00,20.00,6.16,0.00,5.86,6.50,0.00,6.20,AStar,
1009,6.27,AgentPrefab,Agent,MoveState,Moving,Goal,20.00,0.00,20.00,6.17,0.00,5.87,6.50,0.00,6.20,AStar,
1010,6.27,AgentPrefab,Agent,MoveState,Moving,Goal,20.00,0.00,20.00,6.18,0.00,5.88,6.50,0.00,6.20,AStar,
1011,6.28,AgentPrefab,Agent,MoveState,Moving,Goal,20.00,0.00,20.00,6.19,0.00,5.89,6.50,0.00,6.20,AStar,
1012,6.28,AgentPrefab,Agent,MoveState,Moving,Goal,20.00,0.00,20.00,6.20,0.00,5.90,6.50,0.00,6.20,AStar,
1013,6.29,AgentPrefab,Agent,MoveState,Moving,Goal,20.00,0.00,20.00,6.21,0.00,5.91,6.50,0.00,6.20,AStar,
1014,6.29,AgentPrefab,Agent,MoveState,Moving,Goal,20.00,0.00,20.00,6.21,0.00,5.91,6.50,0.00,6.20,AStar,
1015,6.30,AgentPrefab,Agent,MoveState,Moving,Goal,20.00,0.00,20.00,6.22,0.00,5.92,6.50,0.00,6.20,AStar,
1016,6.31,AgentPrefab,Agent,MoveState,Moving,Goal,20.00,0.00,20.00,6.23,0.00,5.93,6.50,0.00,6.20,AStar,
1017,6.31,AgentPrefab,Agent,MoveState,Moving,Goal,20.00,0.00,20.00,6.24,0.00,5.94,6.50,0.00,6.20,AStar,
1018,6.32,AgentPrefab,Agent,MoveState,Moving,Goal,20.00,0.00,20.00,6.25,0.00,5.95,6.50,0.00,6.20,AStar,
1019,6.33,AgentPrefab,Agent,MoveState,Moving,Goal,20.00,0.00,20.00,6.26,0.00,5.96,6.50,0.00,6.20,AStar,
1020,6.33,AgentPrefab,Agent,MoveState,Moving,Goal,20.00,0.00,20.00,6.26,0.00,5.96,6.50,0.00,6.20,AStar,
1021,6.34,AgentPrefab,Agent,MoveState,Moving,Goal,20.00,0.00,20.00,6.27,0.00,5.97,6.50,0.00,6.20,AStar,
1022,6.34,AgentPrefab,Agent,MoveState,Moving,Goal,20.00,0.00,20.00,6.28,0.00,5.98,6.50,0.00,6.20,AStar,
1023,6.35,AgentPrefab,Agent,MoveState,Moving,Goal,20.00,0.00,20.00,6.29,0.00,5.99,6.50,0.00,6.20,AStar,
1024,6.36,AgentPrefab,Agent,MoveState,Moving,Goal,20.00,0.00,20.00,6.30,0.00,6.00,6.50,0.00,6.20,AStar,
1025,6.36,AgentPrefab,Agent,MoveState,Moving,Goal,20.00,0.00,20.00,6.31,0.00,6.01,6.50,0.00,6.20,AStar,
1026,6.37,AgentPrefab,Agent,MoveState,Moving,Goal,20.00,0.00,20.00,6.32,0.00,6.02,6.50,0.00,6.20,AStar,
1027,6.37,AgentPrefab,Agent,MoveState,Moving,Goal,20.00,0.00,20.00,6.33,0.00,6.03,6.50,0.00,6.20,AStar,
1028,6.38,AgentPrefab,Agent,MoveState,Moving,Goal,20.00,0.00,20.00,6.33,0.00,6.03,6.50,0.00,6.20,AStar,
1029,6.39,AgentPrefab,Agent,MoveState,Moving,Goal,20.00,0.00,20.00,6.34,0.00,6.04,6.50,0.00,6.20,AStar,
1030,6.39,AgentPrefab,Agent,MoveState,Moving,Goal,20.00,0.00,20.00,6.35,0.00,6.05,6.50,0.00,6.20,AStar,
1031,6.40,AgentPrefab,Agent,MoveState,Moving,Goal,20.00,0.00,20.00,6.36,0.00,6.06,6.50,0.00,6.20,AStar,
1032,6.41,AgentPrefab,Agent,MoveState,Moving,Goal,20.00,0.00,20.00,6.37,0.00,6.07,6.50,0.00,6.20,AStar,
1033,6.41,AgentPrefab,Agent,MoveState,Moving,Goal,20.00,0.00,20.00,6.38,0.00,6.08,6.50,0.00,6.20,AStar,
1034,6.42,AgentPrefab,Agent,MoveState,Moving,Goal,20.00,0.00,20.00,6.39,0.00,6.09,6.50,0.00,6.20,AStar,
1035,6.42,AgentPrefab,Agent,MoveState,Moving,Goal,20.00,0.00,20.00,6.40,0.00,6.10,6.50,0.00,6.20,AStar,
1036,6.43,AgentPrefab,Agent,MoveState,Moving,Goal,20.00,0.00,20.00,6.41,0.00,6.11,6.50,0.00,6.20,AStar,
1037,6.44,AgentPrefab,Agent,MoveState,Moving,Goal,20.00,0.00,20.00,6.41,0.00,6.11,6.50,0.00,6.20,AStar,
1038,6.44,AgentPrefab,Agent,MoveState,Moving,Goal,20.00,0.00,20.00,6.42,0.00,6.12,6.50,0.00,6.20,AStar,
1039,6.45,AgentPrefab,Agent,MoveState,Moving,Goal,20.00,0.00,20.00,6.43,0.00,6.13,6.50,0.00,6.20,AStar,
1040,6.46,AgentPrefab,Agent,MoveState,Moving,Goal,20.00,0.00,20.00,6.44,0.00,6.14,6.50,0.00,6.20,AStar,
1041,6.46,AgentPrefab,Agent,MoveState,Moving,Goal,20.00,0.00,20.00,6.45,0.00,6.15,6.50,0.00,6.20,AStar,
1042,6.47,AgentPrefab,Agent,MoveState,Moving,Goal,20.00,0.00,20.00,6.46,0.00,6.16,6.50,0.00,6.20,AStar,
1043,6.47,AgentPrefab,Agent,MoveState,Moving,Goal,20.00,0.00,20.00,6.50,0.00,6.20,7.20,0.00,6.90,AStar,
1044,6.48,AgentPrefab,Agent,MoveState,Moving,Goal,20.00,0.00,20.00,6.51,0.00,6.21,7.20,0.00,6.90,AStar,
1045,6.49,AgentPrefab,Agent,MoveState,Moving,Goal,20.00,0.00,20.00,6.52,0.00,6.22,7.20,0.00,6.90,AStar,
1046,6.49,AgentPrefab,Agent,MoveState,Moving,Goal,20.00,0.00,20.00,6.53,0.00,6.23,7.20,0.00,6.90,AStar,
1047,6.50,AgentPrefab,Agent,MoveState,Moving,Goal,20.00,0.00,20.00,6.54,0.00,6.24,7.20,0.00,6.90,AStar,
1048,6.51,AgentPrefab,Agent,MoveState,Moving,Goal,20.00,0.00,20.00,6.55,0.00,6.25,7.20,0.00,6.90,AStar,
1049,6.52,AgentPrefab,Agent,MoveState,Moving,Goal,20.00,0.00,20.00,6.56,0.00,6.26,7.20,0.00,6.90,AStar,
1050,6.52,AgentPrefab,Agent,MoveState,Moving,Goal,20.00,0.00,20.00,6.57,0.00,6.27,7.20,0.00,6.90,AStar,
1051,6.53,AgentPrefab,Agent,MoveState,Moving,Goal,20.00,0.00,20.00,6.58,0.00,6.28,7.20,0.00,6.90,AStar,
1052,6.53,AgentPrefab,Agent,MoveState,Moving,Goal,20.00,0.00,20.00,6.59,0.00,6.29,7.20,0.00,6.90,AStar,
1053,6.54,AgentPrefab,Agent,MoveState,Moving,Goal,20.00,0.00,20.00,6.59,0.00,6.29,7.20,0.00,6.90,AStar,
1054,6.55,AgentPrefab,Agent,MoveState,Moving,Goal,20.00,0.00,20.00,6.60,0.00,6.30,7.20,0.00,6.90,AStar,
1055,6.55,AgentPrefab,Agent,MoveState,Moving,Goal,20.00,0.00,20.00,6.61,0.00,6.31,7.20,0.00,6.90,AStar,
1056,6.56,AgentPrefab,Agent,MoveState,Moving,Goal,20.00,0.00,20.00,6.62,0.00,6.32,7.20,0.00,6.90,AStar,
1057,6.56,AgentPrefab,Agent,MoveState,Moving,Goal,20.00,0.00,20.00,6.63,0.00,6.33,7.20,0.00,6.90,AStar,
1058,6.57,AgentPrefab,Agent,MoveState,Moving,Goal,20.00,0.00,20.00,6.64,0.00,6.34,7.20,0.00,6.90,AStar,
1059,6.58,AgentPrefab,Agent,MoveState,Moving,Goal,20.00,0.00,20.00,6.65,0.00,6.35,7.20,0.00,6.90,AStar,
1060,6.58,AgentPrefab,Agent,MoveState,Moving,Goal,20.00,0.00,20.00,6.65,0.00,6.35,7.20,0.00,6.90,AStar,
1061,6.59,AgentPrefab,Agent,MoveState,Moving,Goal,20.00,0.00,20.00,6.66,0.00,6.36,7.20,0.00,6.90,AStar,
1062,6.60,AgentPrefab,Agent,MoveState,Moving,Goal,20.00,0.00,20.00,6.67,0.00,6.37,7.20,0.00,6.90,AStar,
1063,6.60,AgentPrefab,Agent,MoveState,Moving,Goal,20.00,0.00,20.00,6.68,0.00,6.38,7.20,0.00,6.90,AStar,
1064,6.61,AgentPrefab,Agent,MoveState,Moving,Goal,20.00,0.00,20.00,6.69,0.00,6.39,7.20,0.00,6.90,AStar,
1065,6.61,AgentPrefab,Agent,MoveState,Moving,Goal,20.00,0.00,20.00,6.70,0.00,6.40,7.20,0.00,6.90,AStar,
1066,6.62,AgentPrefab,Agent,MoveState,Moving,Goal,20.00,0.00,20.00,6.71,0.00,6.41,7.20,0.00,6.90,AStar,
1067,6.63,AgentPrefab,Agent,MoveState,Moving,Goal,20.00,0.00,20.00,6.72,0.00,6.42,7.20,0.00,6.90,AStar,
1068,6.63,AgentPrefab,Agent,MoveState,Moving,Goal,20.00,0.00,20.00,6.72,0.00,6.42,7.20,0.00,6.90,AStar,
1069,6.64,AgentPrefab,Agent,MoveState,Moving,Goal,20.00,0.00,20.00,6.73,0.00,6.43,7.20,0.00,6.90,AStar,
1070,6.65,AgentPrefab,Agent,MoveState,Moving,Goal,20.00,0.00,20.00,6.74,0.00,6.44,7.20,0.00,6.90,AStar,
1071,6.65,AgentPrefab,Agent,MoveState,Moving,Goal,20.00,0.00,20.00,6.75,0.00,6.45,7.20,0.00,6.90,AStar,
1072,6.66,AgentPrefab,Agent,MoveState,Moving,Goal,20.00,0.00,20.00,6.76,0.00,6.46,7.20,0.00,6.90,AStar,
1073,6.66,AgentPrefab,Agent,MoveState,Moving,Goal,20.00,0.00,20.00,6.77,0.00,6.47,7.20,0.00,6.90,AStar,
1074,6.67,AgentPrefab,Agent,MoveState,Moving,Goal,20.00,0.00,20.00,6.78,0.00,6.48,7.20,0.00,6.90,AStar,
1075,6.68,AgentPrefab,Agent,MoveState,Moving,Goal,20.00,0.00,20.00,6.79,0.00,6.49,7.20,0.00,6.90,AStar,
1076,6.68,AgentPrefab,Agent,MoveState,Moving,Goal,20.00,0.00,20.00,6.80,0.00,6.50,7.20,0.00,6.90,AStar,
1077,6.69,AgentPrefab,Agent,MoveState,Moving,Goal,20.00,0.00,20.00,6.81,0.00,6.51,7.20,0.00,6.90,AStar,
1078,6.70,AgentPrefab,Agent,MoveState,Moving,Goal,20.00,0.00,20.00,6.81,0.00,6.51,7.20,0.00,6.90,AStar,
1079,6.70,AgentPrefab,Agent,MoveState,Moving,Goal,20.00,0.00,20.00,6.82,0.00,6.52,7.20,0.00,6.90,AStar,
1080,6.71,AgentPrefab,Agent,MoveState,Moving,Goal,20.00,0.00,20.00,6.83,0.00,6.53,7.20,0.00,6.90,AStar,
1081,6.71,AgentPrefab,Agent,MoveState,Moving,Goal,20.00,0.00,20.00,6.84,0.00,6.54,7.20,0.00,6.90,AStar,
1082,6.72,AgentPrefab,Agent,MoveState,Moving,Goal,20.00,0.00,20.00,6.85,0.00,6.55,7.20,0.00,6.90,AStar,
1083,6.73,AgentPrefab,Agent,MoveState,Moving,Goal,20.00,0.00,20.00,6.86,0.00,6.56,7.20,0.00,6.90,AStar,
1084,6.73,AgentPrefab,Agent,MoveState,Moving,Goal,20.00,0.00,20.00,6.86,0.00,6.56,7.20,0.00,6.90,AStar,
1085,6.74,AgentPrefab,Agent,MoveState,Moving,Goal,20.00,0.00,20.00,6.87,0.00,6.57,7.20,0.00,6.90,AStar,
1086,6.74,AgentPrefab,Agent,MoveState,Moving,Goal,20.00,0.00,20.00,6.88,0.00,6.58,7.20,0.00,6.90,AStar,
1087,6.75,AgentPrefab,Agent,MoveState,Moving,Goal,20.00,0.00,20.00,6.89,0.00,6.59,7.20,0.00,6.90,AStar,
1088,6.76,AgentPrefab,Agent,MoveState,Moving,Goal,20.00,0.00,20.00,6.90,0.00,6.60,7.20,0.00,6.90,AStar,
1089,6.76,AgentPrefab,Agent,MoveState,Moving,Goal,20.00,0.00,20.00,6.91,0.00,6.61,7.20,0.00,6.90,AStar,
1090,6.77,AgentPrefab,Agent,MoveState,Moving,Goal,20.00,0.00,20.00,6.92,0.00,6.62,7.20,0.00,6.90,AStar,
1091,6.77,AgentPrefab,Agent,MoveState,Moving,Goal,20.00,0.00,20.00,6.93,0.00,6.63,7.20,0.00,6.90,AStar,
1092,6.78,AgentPrefab,Agent,MoveState,Moving,Goal,20.00,0.00,20.00,6.93,0.00,6.63,7.20,0.00,6.90,AStar,
1093,6.79,AgentPrefab,Agent,MoveState,Moving,Goal,20.00,0.00,20.00,6.94,0.00,6.64,7.20,0.00,6.90,AStar,
1094,6.80,AgentPrefab,Agent,MoveState,Moving,Goal,20.00,0.00,20.00,6.95,0.00,6.65,7.20,0.00,6.90,AStar,
1095,6.81,AgentPrefab,Agent,MoveState,Moving,Goal,20.00,0.00,20.00,6.98,0.00,6.68,7.20,0.00,6.90,AStar,
1096,6.82,AgentPrefab,Agent,MoveState,Moving,Goal,20.00,0.00,20.00,6.99,0.00,6.69,7.20,0.00,6.90,AStar,
1097,6.83,AgentPrefab,Agent,MoveState,Moving,Goal,20.00,0.00,20.00,7.00,0.00,6.70,7.20,0.00,6.90,AStar,
1098,6.84,AgentPrefab,Agent,MoveState,Moving,Goal,20.00,0.00,20.00,7.01,0.00,6.71,7.20,0.00,6.90,AStar,
1099,6.85,AgentPrefab,Agent,MoveState,Moving,Goal,20.00,0.00,20.00,7.03,0.00,6.73,7.20,0.00,6.90,AStar,
1100,6.86,AgentPrefab,Agent,MoveState,Moving,Goal,20.00,0.00,20.00,7.04,0.00,6.74,7.20,0.00,6.90,AStar,
1101,6.87,AgentPrefab,Agent,MoveState,Moving,Goal,20.00,0.00,20.00,7.06,0.00,6.76,7.20,0.00,6.90,AStar,
1102,6.88,AgentPrefab,Agent,MoveState,Moving,Goal,20.00,0.00,20.00,7.07,0.00,6.77,7.20,0.00,6.90,AStar,
1103,6.89,AgentPrefab,Agent,MoveState,Moving,Goal,20.00,0.00,20.00,7.09,0.00,6.79,7.20,0.00,6.90,AStar,
1104,6.90,AgentPrefab,Agent,MoveState,Moving,Goal,20.00,0.00,20.00,7.10,0.00,6.80,7.20,0.00,6.90,AStar,
1105,6.91,AgentPrefab,Agent,MoveState,Moving,Goal,20.00,0.00,20.00,7.11,0.00,6.81,7.20,0.00,6.90,AStar,
1106,6.92,AgentPrefab,Agent,MoveState,Moving,Goal,20.00,0.00,20.00,7.12,0.00,6.82,7.20,0.00,6.90,AStar,
1107,6.93,AgentPrefab,Agent,MoveState,Moving,Goal,20.00,0.00,20.00,7.14,0.00,6.84,7.20,0.00,6.90,AStar,
1108,6.94,AgentPrefab,Agent,MoveState,Moving,Goal,20.00,0.00,20.00,7.15,0.00,6.85,7.20,0.00,6.90,AStar,
1109,6.95,AgentPrefab,Agent,MoveState,Moving,Goal,20.00,0.00,20.00,7.20,0.00,6.90,7.90,0.00,7.60,AStar,
1110,6.96,AgentPrefab,Agent,MoveState,Moving,Goal,20.00,0.00,20.00,7.21,0.00,6.91,7.90,0.00,7.60,AStar,
1111,6.96,AgentPrefab,Agent,MoveState,Moving,Goal,20.00,0.00,20.00,7.23,0.00,6.93,7.90,0.00,7.60,AStar,
1112,6.97,AgentPrefab,Agent,MoveState,Moving,Goal,20.00,0.00,20.00,7.24,0.00,6.94,7.90,0.00,7.60,AStar,
1113,6.98,AgentPrefab,Agent,MoveState,Moving,Goal,20.00,0.00,20.00,7.25,0.00,6.95,7.90,0.00,7.60,AStar,
1114,7.00,AgentPrefab,Agent,MoveState,Moving,Goal,20.00,0.00,20.00,7.26,0.00,6.96,7.90,0.00,7.60,AStar,
1115,7.01,AgentPrefab,Agent,MoveState,Moving,Goal,20.00,0.00,20.00,7.28,0.00,6.98,7.90,0.00,7.60,AStar,
1116,7.02,AgentPrefab,Agent,MoveState,Moving,Goal,20.00,0.00,20.00,7.30,0.00,7.00,7.90,0.00,7.60,AStar,
1117,7.03,AgentPrefab,Agent,MoveState,Moving,Goal,20.00,0.00,20.00,7.31,0.00,7.01,7.90,0.00,7.60,AStar,
1118,7.04,AgentPrefab,Agent,MoveState,Moving,Goal,20.00,0.00,20.00,7.32,0.00,7.02,7.90,0.00,7.60,AStar,
1119,7.06,AgentPrefab,Agent,MoveState,Moving,Goal,20.00,0.00,20.00,7.34,0.00,7.04,7.90,0.00,7.60,AStar,
1120,7.06,AgentPrefab,Agent,MoveState,Moving,Goal,20.00,0.00,20.00,7.37,0.00,7.07,7.90,0.00,7.60,AStar,
1121,7.07,AgentPrefab,Agent,MoveState,Moving,Goal,20.00,0.00,20.00,7.37,0.00,7.07,7.90,0.00,7.60,AStar,
1122,7.08,AgentPrefab,Agent,MoveState,Moving,Goal,20.00,0.00,20.00,7.38,0.00,7.08,7.90,0.00,7.60,AStar,
1123,7.08,AgentPrefab,Agent,MoveState,Moving,Goal,20.00,0.00,20.00,7.39,0.00,7.09,7.90,0.00,7.60,AStar,
1124,7.09,AgentPrefab,Agent,MoveState,Moving,Goal,20.00,0.00,20.00,7.41,0.00,7.11,7.90,0.00,7.60,AStar,
1125,7.10,AgentPrefab,Agent,MoveState,Moving,Goal,20.00,0.00,20.00,7.42,0.00,7.12,7.90,0.00,7.60,AStar,
1126,7.11,AgentPrefab,Agent,MoveState,Moving,Goal,20.00,0.00,20.00,7.43,0.00,7.13,7.90,0.00,7.60,AStar,
1127,7.11,AgentPrefab,Agent,MoveState,Moving,Goal,20.00,0.00,20.00,7.44,0.00,7.14,7.90,0.00,7.60,AStar,
1128,7.12,AgentPrefab,Agent,MoveState,Moving,Goal,20.00,0.00,20.00,7.45,0.00,7.15,7.90,0.00,7.60,AStar,
1129,7.13,AgentPrefab,Agent,MoveState,Moving,Goal,20.00,0.00,20.00,7.46,0.00,7.16,7.90,0.00,7.60,AStar,
1130,7.14,AgentPrefab,Agent,MoveState,Moving,Goal,20.00,0.00,20.00,7.47,0.00,7.17,7.90,0.00,7.60,AStar,
1131,7.14,AgentPrefab,Agent,MoveState,Moving,Goal,20.00,0.00,20.00,7.48,0.00,7.18,7.90,0.00,7.60,AStar,
1132,7.15,AgentPrefab,Agent,MoveState,Moving,Goal,20.00,0.00,20.00,7.49,0.00,7.19,7.90,0.00,7.60,AStar,
1133,7.16,AgentPrefab,Agent,MoveState,Moving,Goal,20.00,0.00,20.00,7.50,0.00,7.20,7.90,0.00,7.60,AStar,
1134,7.17,AgentPrefab,Agent,MoveState,Moving,Goal,20.00,0.00,20.00,7.51,0.00,7.21,7.90,0.00,7.60,AStar,
1135,7.17,AgentPrefab,Agent,MoveState,Moving,Goal,20.00,0.00,20.00,7.52,0.00,7.22,7.90,0.00,7.60,AStar,
1136,7.18,AgentPrefab,Agent,MoveState,Moving,Goal,20.00,0.00,20.00,7.53,0.00,7.23,7.90,0.00,7.60,AStar,
1137,7.19,AgentPrefab,Agent,MoveState,Moving,Goal,20.00,0.00,20.00,7.54,0.00,7.24,7.90,0.00,7.60,AStar,
1138,7.20,AgentPrefab,Agent,MoveState,Moving,Goal,20.00,0.00,20.00,7.56,0.00,7.26,7.90,0.00,7.60,AStar,
1139,7.20,AgentPrefab,Agent,MoveState,Moving,Goal,20.00,0.00,20.00,7.56,0.00,7.26,7.90,0.00,7.60,AStar,
1140,7.21,AgentPrefab,Agent,MoveState,Moving,Goal,20.00,0.00,20.00,7.57,0.00,7.27,7.90,0.00,7.60,AStar,
1141,7.22,AgentPrefab,Agent,MoveState,Moving,Goal,20.00,0.00,20.00,7.59,0.00,7.29,7.90,0.00,7.60,AStar,
1142,7.23,AgentPrefab,Agent,MoveState,Moving,Goal,20.00,0.00,20.00,7.60,0.00,7.30,7.90,0.00,7.60,AStar,
1143,7.23,AgentPrefab,Agent,MoveState,Moving,Goal,20.00,0.00,20.00,7.61,0.00,7.31,7.90,0.00,7.60,AStar,
1144,7.24,AgentPrefab,Agent,MoveState,Moving,Goal,20.00,0.00,20.00,7.62,0.00,7.32,7.90,0.00,7.60,AStar,
1145,7.25,AgentPrefab,Agent,MoveState,Moving,Goal,20.00,0.00,20.00,7.63,0.00,7.33,7.90,0.00,7.60,AStar,
1146,7.25,AgentPrefab,Agent,MoveState,Moving,Goal,20.00,0.00,20.00,7.64,0.00,7.34,7.90,0.00,7.60,AStar,
1147,7.26,AgentPrefab,Agent,MoveState,Moving,Goal,20.00,0.00,20.00,7.65,0.00,7.35,7.90,0.00,7.60,AStar,
1148,7.27,AgentPrefab,Agent,MoveState,Moving,Goal,20.00,0.00,20.00,7.66,0.00,7.36,7.90,0.00,7.60,AStar,
1149,7.27,AgentPrefab,Agent,MoveState,Moving,Goal,20.00,0.00,20.00,7.67,0.00,7.37,7.90,0.00,7.60,AStar,
1150,7.28,AgentPrefab,Agent,MoveState,Moving,Goal,20.00,0.00,20.00,7.68,0.00,7.38,7.90,0.00,7.60,AStar,
1151,7.29,AgentPrefab,Agent,MoveState,Moving,Goal,20.00,0.00,20.00,7.68,0.00,7.38,7.90,0.00,7.60,AStar,
1152,7.29,AgentPrefab,Agent,MoveState,Moving,Goal,20.00,0.00,20.00,7.69,0.00,7.39,7.90,0.00,7.60,AStar,
1153,7.30,AgentPrefab,Agent,MoveState,Moving,Goal,20.00,0.00,20.00,7.70,0.00,7.40,7.90,0.00,7.60,AStar,
1154,7.31,AgentPrefab,Agent,MoveState,Moving,Goal,20.00,0.00,20.00,7.71,0.00,7.41,7.90,0.00,7.60,AStar,
1155,7.31,AgentPrefab,Agent,MoveState,Moving,Goal,20.00,0.00,20.00,7.72,0.00,7.42,7.90,0.00,7.60,AStar,
1156,7.32,AgentPrefab,Agent,MoveState,Moving,Goal,20.00,0.00,20.00,7.73,0.00,7.43,7.90,0.00,7.60,AStar,
1157,7.32,AgentPrefab,Agent,MoveState,Moving,Goal,20.00,0.00,20.00,7.74,0.00,7.44,7.90,0.00,7.60,AStar,
1158,7.33,AgentPrefab,Agent,MoveState,Moving,Goal,20.00,0.00,20.00,7.75,0.00,7.45,7.90,0.00,7.60,AStar,
1159,7.34,AgentPrefab,Agent,MoveState,Moving,Goal,20.00,0.00,20.00,7.75,0.00,7.45,7.90,0.00,7.60,AStar,
1160,7.34,AgentPrefab,Agent,MoveState,Moving,Goal,20.00,0.00,20.00,7.76,0.00,7.46,7.90,0.00,7.60,AStar,
1161,7.35,AgentPrefab,Agent,MoveState,Moving,Goal,20.00,0.00,20.00,7.77,0.00,7.47,7.90,0.00,7.60,AStar,
1162,7.35,AgentPrefab,Agent,MoveState,Moving,Goal,20.00,0.00,20.00,7.78,0.00,7.48,7.90,0.00,7.60,AStar,
1163,7.36,AgentPrefab,Agent,MoveState,Moving,Goal,20.00,0.00,20.00,7.79,0.00,7.49,7.90,0.00,7.60,AStar,
1164,7.37,AgentPrefab,Agent,MoveState,Moving,Goal,20.00,0.00,20.00,7.80,0.00,7.50,7.90,0.00,7.60,AStar,
1165,7.37,AgentPrefab,Agent,MoveState,Moving,Goal,20.00,0.00,20.00,7.81,0.00,7.51,7.90,0.00,7.60,AStar,
1166,7.38,AgentPrefab,Agent,MoveState,Moving,Goal,20.00,0.00,20.00,7.81,0.00,7.51,7.90,0.00,7.60,AStar,
1167,7.39,AgentPrefab,Agent,MoveState,Moving,Goal,20.00,0.00,20.00,7.82,0.00,7.52,7.90,0.00,7.60,AStar,
1168,7.39,AgentPrefab,Agent,MoveState,Moving,Goal,20.00,0.00,20.00,7.83,0.00,7.53,7.90,0.00,7.60,AStar,
1169,7.40,AgentPrefab,Agent,MoveState,Moving,Goal,20.00,0.00,20.00,7.84,0.00,7.54,7.90,0.00,7.60,AStar,
1170,7.40,AgentPrefab,Agent,MoveState,Moving,Goal,20.00,0.00,20.00,7.85,0.00,7.55,7.90,0.00,7.60,AStar,
1171,7.41,AgentPrefab,Agent,MoveState,Moving,Goal,20.00,0.00,20.00,7.86,0.00,7.56,7.90,0.00,7.60,AStar,
1172,7.42,AgentPrefab,Agent,MoveState,Moving,Goal,20.00,0.00,20.00,7.90,0.00,7.60,8.60,0.00,8.30,AStar,
1173,7.42,AgentPrefab,Agent,MoveState,Moving,Goal,20.00,0.00,20.00,7.91,0.00,7.61,8.60,0.00,8.30,AStar,
1174,7.43,AgentPrefab,Agent,MoveState,Moving,Goal,20.00,0.00,20.00,7.92,0.00,7.62,8.60,0.00,8.30,AStar,
1175,7.44,AgentPrefab,Agent,MoveState,Moving,Goal,20.00,0.00,20.00,7.93,0.00,7.63,8.60,0.00,8.30,AStar,
1176,7.44,AgentPrefab,Agent,MoveState,Moving,Goal,20.00,0.00,20.00,7.94,0.00,7.64,8.60,0.00,8.30,AStar,
1177,7.45,AgentPrefab,Agent,MoveState,Moving,Goal,20.00,0.00,20.00,7.95,0.00,7.65,8.60,0.00,8.30,AStar,
1178,7.45,AgentPrefab,Agent,MoveState,Moving,Goal,20.00,0.00,20.00,7.95,0.00,7.65,8.60,0.00,8.30,AStar,
1179,7.47,AgentPrefab,Agent,MoveState,Moving,Goal,20.00,0.00,20.00,7.96,0.00,7.66,8.60,0.00,8.30,AStar,
1180,7.47,AgentPrefab,Agent,MoveState,Moving,Goal,20.00,0.00,20.00,7.98,0.00,7.68,8.60,0.00,8.30,AStar,
1181,7.48,AgentPrefab,Agent,MoveState,Moving,Goal,20.00,0.00,20.00,7.99,0.00,7.69,8.60,0.00,8.30,AStar,
1182,7.49,AgentPrefab,Agent,MoveState,Moving,Goal,20.00,0.00,20.00,8.00,0.00,7.70,8.60,0.00,8.30,AStar,
1183,7.49,AgentPrefab,Agent,MoveState,Moving,Goal,20.00,0.00,20.00,8.01,0.00,7.71,8.60,0.00,8.30,AStar,
1184,7.50,AgentPrefab,Agent,MoveState,Moving,Goal,20.00,0.00,20.00,8.02,0.00,7.72,8.60,0.00,8.30,AStar,
1185,7.51,AgentPrefab,Agent,MoveState,Moving,Goal,20.00,0.00,20.00,8.03,0.00,7.73,8.60,0.00,8.30,AStar,
1186,7.51,AgentPrefab,Agent,MoveState,Moving,Goal,20.00,0.00,20.00,8.04,0.00,7.74,8.60,0.00,8.30,AStar,
1187,7.52,AgentPrefab,Agent,MoveState,Moving,Goal,20.00,0.00,20.00,8.04,0.00,7.74,8.60,0.00,8.30,AStar,
1188,7.52,AgentPrefab,Agent,MoveState,Moving,Goal,20.00,0.00,20.00,8.05,0.00,7.75,8.60,0.00,8.30,AStar,
1189,7.53,AgentPrefab,Agent,MoveState,Moving,Goal,20.00,0.00,20.00,8.06,0.00,7.76,8.60,0.00,8.30,AStar,
1190,7.54,AgentPrefab,Agent,MoveState,Moving,Goal,20.00,0.00,20.00,8.07,0.00,7.77,8.60,0.00,8.30,AStar,
1191,7.54,AgentPrefab,Agent,MoveState,Moving,Goal,20.00,0.00,20.00,8.08,0.00,7.78,8.60,0.00,8.30,AStar,
1192,7.55,AgentPrefab,Agent,MoveState,Moving,Goal,20.00,0.00,20.00,8.09,0.00,7.79,8.60,0.00,8.30,AStar,
1193,7.55,AgentPrefab,Agent,MoveState,Moving,Goal,20.00,0.00,20.00,8.10,0.00,7.80,8.60,0.00,8.30,AStar,
1194,7.56,AgentPrefab,Agent,MoveState,Moving,Goal,20.00,0.00,20.00,8.10,0.00,7.80,8.60,0.00,8.30,AStar,
1195,7.57,AgentPrefab,Agent,MoveState,Moving,Goal,20.00,0.00,20.00,8.11,0.00,7.81,8.60,0.00,8.30,AStar,
1196,7.57,AgentPrefab,Agent,MoveState,Moving,Goal,20.00,0.00,20.00,8.12,0.00,7.82,8.60,0.00,8.30,AStar,
1197,7.58,AgentPrefab,Agent,MoveState,Moving,Goal,20.00,0.00,20.00,8.13,0.00,7.83,8.60,0.00,8.30,AStar,
1198,7.59,AgentPrefab,Agent,MoveState,Moving,Goal,20.00,0.00,20.00,8.14,0.00,7.84,8.60,0.00,8.30,AStar,
1199,7.59,AgentPrefab,Agent,MoveState,Moving,Goal,20.00,0.00,20.00,8.15,0.00,7.85,8.60,0.00,8.30,AStar,
1200,7.60,AgentPrefab,Agent,MoveState,Moving,Goal,20.00,0.00,20.00,8.16,0.00,7.86,8.60,0.00,8.30,AStar,
1201,7.60,AgentPrefab,Agent,MoveState,Moving,Goal,20.00,0.00,20.00,8.17,0.00,7.87,8.60,0.00,8.30,AStar,
1202,7.61,AgentPrefab,Agent,MoveState,Moving,Goal,20.00,0.00,20.00,8.18,0.00,7.88,8.60,0.00,8.30,AStar,
1203,7.62,AgentPrefab,Agent,MoveState,Moving,Goal,20.00,0.00,20.00,8.18,0.00,7.88,8.60,0.00,8.30,AStar,
1204,7.62,AgentPrefab,Agent,MoveState,Moving,Goal,20.00,0.00,20.00,8.19,0.00,7.89,8.60,0.00,8.30,AStar,
1205,7.63,AgentPrefab,Agent,MoveState,Moving,Goal,20.00,0.00,20.00,8.20,0.00,7.90,8.60,0.00,8.30,AStar,
1206,7.64,AgentPrefab,Agent,MoveState,Moving,Goal,20.00,0.00,20.00,8.21,0.00,7.91,8.60,0.00,8.30,AStar,
1207,7.64,AgentPrefab,Agent,MoveState,Moving,Goal,20.00,0.00,20.00,8.22,0.00,7.92,8.60,0.00,8.30,AStar,
1208,7.65,AgentPrefab,Agent,MoveState,Moving,Goal,20.00,0.00,20.00,8.23,0.00,7.93,8.60,0.00,8.30,AStar,
1209,7.65,AgentPrefab,Agent,MoveState,Moving,Goal,20.00,0.00,20.00,8.24,0.00,7.94,8.60,0.00,8.30,AStar,
1210,7.66,AgentPrefab,Agent,MoveState,Moving,Goal,20.00,0.00,20.00,8.25,0.00,7.95,8.60,0.00,8.30,AStar,
1211,7.67,AgentPrefab,Agent,MoveState,Moving,Goal,20.00,0.00,20.00,8.25,0.00,7.95,8.60,0.00,8.30,AStar,
1212,7.67,AgentPrefab,Agent,MoveState,Moving,Goal,20.00,0.00,20.00,8.26,0.00,7.96,8.60,0.00,8.30,AStar,
1213,7.68,AgentPrefab,Agent,MoveState,Moving,Goal,20.00,0.00,20.00,8.27,0.00,7.97,8.60,0.00,8.30,AStar,
1214,7.68,AgentPrefab,Agent,MoveState,Moving,Goal,20.00,0.00,20.00,8.28,0.00,7.98,8.60,0.00,8.30,AStar,
1215,7.69,AgentPrefab,Agent,MoveState,Moving,Goal,20.00,0.00,20.00,8.29,0.00,7.99,8.60,0.00,8.30,AStar,
1216,7.70,AgentPrefab,Agent,MoveState,Moving,Goal,20.00,0.00,20.00,8.30,0.00,8.00,8.60,0.00,8.30,AStar,
1217,7.70,AgentPrefab,Agent,MoveState,Moving,Goal,20.00,0.00,20.00,8.31,0.00,8.01,8.60,0.00,8.30,AStar,
1218,7.71,AgentPrefab,Agent,MoveState,Moving,Goal,20.00,0.00,20.00,8.31,0.00,8.01,8.60,0.00,8.30,AStar,
1219,7.71,AgentPrefab,Agent,MoveState,Moving,Goal,20.00,0.00,20.00,8.32,0.00,8.02,8.60,0.00,8.30,AStar,
1220,7.72,AgentPrefab,Agent,MoveState,Moving,Goal,20.00,0.00,20.00,8.33,0.00,8.03,8.60,0.00,8.30,AStar,
1221,7.73,AgentPrefab,Agent,MoveState,Moving,Goal,20.00,0.00,20.00,8.34,0.00,8.04,8.60,0.00,8.30,AStar,
1222,7.73,AgentPrefab,Agent,MoveState,Moving,Goal,20.00,0.00,20.00,8.35,0.00,8.05,8.60,0.00,8.30,AStar,
1223,7.74,AgentPrefab,Agent,MoveState,Moving,Goal,20.00,0.00,20.00,8.36,0.00,8.06,8.60,0.00,8.30,AStar,
1224,7.75,AgentPrefab,Agent,MoveState,Moving,Goal,20.00,0.00,20.00,8.37,0.00,8.07,8.60,0.00,8.30,AStar,
1225,7.75,AgentPrefab,Agent,MoveState,Moving,Goal,20.00,0.00,20.00,8.37,0.00,8.07,8.60,0.00,8.30,AStar,
1226,7.76,AgentPrefab,Agent,MoveState,Moving,Goal,20.00,0.00,20.00,8.39,0.00,8.09,8.60,0.00,8.30,AStar,
1227,7.76,AgentPrefab,Agent,MoveState,Moving,Goal,20.00,0.00,20.00,8.39,0.00,8.09,8.60,0.00,8.30,AStar,
1228,7.77,AgentPrefab,Agent,MoveState,Moving,Goal,20.00,0.00,20.00,8.40,0.00,8.10,8.60,0.00,8.30,AStar,
1229,7.78,AgentPrefab,Agent,MoveState,Moving,Goal,20.00,0.00,20.00,8.41,0.00,8.11,8.60,0.00,8.30,AStar,
1230,7.78,AgentPrefab,Agent,MoveState,Moving,Goal,20.00,0.00,20.00,8.42,0.00,8.12,8.60,0.00,8.30,AStar,
1231,7.79,AgentPrefab,Agent,MoveState,Moving,Goal,20.00,0.00,20.00,8.43,0.00,8.13,8.60,0.00,8.30,AStar,
1232,7.80,AgentPrefab,Agent,MoveState,Moving,Goal,20.00,0.00,20.00,8.44,0.00,8.14,8.60,0.00,8.30,AStar,
1233,7.80,AgentPrefab,Agent,MoveState,Moving,Goal,20.00,0.00,20.00,8.45,0.00,8.15,8.60,0.00,8.30,AStar,
1234,7.81,AgentPrefab,Agent,MoveState,Moving,Goal,20.00,0.00,20.00,8.46,0.00,8.16,8.60,0.00,8.30,AStar,
1235,7.81,AgentPrefab,Agent,MoveState,Moving,Goal,20.00,0.00,20.00,8.46,0.00,8.16,8.60,0.00,8.30,AStar,
1236,7.82,AgentPrefab,Agent,MoveState,Moving,Goal,20.00,0.00,20.00,8.47,0.00,8.17,8.60,0.00,8.30,AStar,
1237,7.83,AgentPrefab,Agent,MoveState,Moving,Goal,20.00,0.00,20.00,8.48,0.00,8.18,8.60,0.00,8.30,AStar,
1238,7.83,AgentPrefab,Agent,MoveState,Moving,Goal,20.00,0.00,20.00,8.49,0.00,8.19,8.60,0.00,8.30,AStar,
1239,7.84,AgentPrefab,Agent,MoveState,Moving,Goal,20.00,0.00,20.00,8.50,0.00,8.20,8.60,0.00,8.30,AStar,
1240,7.84,AgentPrefab,Agent,MoveState,Moving,Goal,20.00,0.00,20.00,8.51,0.00,8.21,8.60,0.00,8.30,AStar,
1241,7.86,AgentPrefab,Agent,MoveState,Moving,Goal,20.00,0.00,20.00,8.52,0.00,8.22,8.60,0.00,8.30,AStar,
1242,7.86,AgentPrefab,Agent,MoveState,Moving,Goal,20.00,0.00,20.00,8.54,0.00,8.24,8.60,0.00,8.30,AStar,
1243,7.87,AgentPrefab,Agent,MoveState,Moving,Goal,20.00,0.00,20.00,8.54,0.00,8.24,8.60,0.00,8.30,AStar,
1244,7.88,AgentPrefab,Agent,MoveState,Moving,Goal,20.00,0.00,20.00,8.55,0.00,8.25,8.60,0.00,8.30,AStar,
1245,7.88,AgentPrefab,Agent,MoveState,Moving,Goal,20.00,0.00,20.00,8.56,0.00,8.26,8.60,0.00,8.30,AStar,
1246,7.89,AgentPrefab,Agent,MoveState,Moving,Goal,20.00,0.00,20.00,8.60,0.00,8.30,9.30,0.00,9.00,AStar,
1247,7.90,AgentPrefab,Agent,MoveState,Moving,Goal,20.00,0.00,20.00,8.61,0.00,8.31,9.30,0.00,9.00,AStar,
1248,7.90,AgentPrefab,Agent,MoveState,Moving,Goal,20.00,0.00,20.00,8.62,0.00,8.32,9.30,0.00,9.00,AStar,
1249,7.91,AgentPrefab,Agent,MoveState,Moving,Goal,20.00,0.00,20.00,8.63,0.00,8.33,9.30,0.00,9.00,AStar,
1250,7.92,AgentPrefab,Agent,MoveState,Moving,Goal,20.00,0.00,20.00,8.63,0.00,8.33,9.30,0.00,9.00,AStar,
1251,7.92,AgentPrefab,Agent,MoveState,Moving,Goal,20.00,0.00,20.00,8.64,0.00,8.34,9.30,0.00,9.00,AStar,
1252,7.93,AgentPrefab,Agent,MoveState,Moving,Goal,20.00,0.00,20.00,8.66,0.00,8.36,9.30,0.00,9.00,AStar,
1253,7.94,AgentPrefab,Agent,MoveState,Moving,Goal,20.00,0.00,20.00,8.66,0.00,8.36,9.30,0.00,9.00,AStar,
1254,7.94,AgentPrefab,Agent,MoveState,Moving,Goal,20.00,0.00,20.00,8.67,0.00,8.37,9.30,0.00,9.00,AStar,
1255,7.95,AgentPrefab,Agent,MoveState,Moving,Goal,20.00,0.00,20.00,8.68,0.00,8.38,9.30,0.00,9.00,AStar,
1256,7.96,AgentPrefab,Agent,MoveState,Moving,Goal,20.00,0.00,20.00,8.69,0.00,8.39,9.30,0.00,9.00,AStar,
1257,7.96,AgentPrefab,Agent,MoveState,Moving,Goal,20.00,0.00,20.00,8.70,0.00,8.40,9.30,0.00,9.00,AStar,
1258,7.97,AgentPrefab,Agent,MoveState,Moving,Goal,20.00,0.00,20.00,8.71,0.00,8.41,9.30,0.00,9.00,AStar,
1259,7.97,AgentPrefab,Agent,MoveState,Moving,Goal,20.00,0.00,20.00,8.72,0.00,8.42,9.30,0.00,9.00,AStar,
1260,7.98,AgentPrefab,Agent,MoveState,Moving,Goal,20.00,0.00,20.00,8.73,0.00,8.43,9.30,0.00,9.00,AStar,
1261,7.99,AgentPrefab,Agent,MoveState,Moving,Goal,20.00,0.00,20.00,8.74,0.00,8.44,9.30,0.00,9.00,AStar,
1262,7.99,AgentPrefab,Agent,MoveState,Moving,Goal,20.00,0.00,20.00,8.74,0.00,8.44,9.30,0.00,9.00,AStar,
1263,8.00,AgentPrefab,Agent,MoveState,Moving,Goal,20.00,0.00,20.00,8.75,0.00,8.45,9.30,0.00,9.00,AStar,
1264,8.01,AgentPrefab,Agent,MoveState,Moving,Goal,20.00,0.00,20.00,8.76,0.00,8.46,9.30,0.00,9.00,AStar,
1265,8.01,AgentPrefab,Agent,MoveState,Moving,Goal,20.00,0.00,20.00,8.77,0.00,8.47,9.30,0.00,9.00,AStar,
1266,8.02,AgentPrefab,Agent,MoveState,Moving,Goal,20.00,0.00,20.00,8.78,0.00,8.48,9.30,0.00,9.00,AStar,
1267,8.02,AgentPrefab,Agent,MoveState,Moving,Goal,20.00,0.00,20.00,8.79,0.00,8.49,9.30,0.00,9.00,AStar,
1268,8.03,AgentPrefab,Agent,MoveState,Moving,Goal,20.00,0.00,20.00,8.80,0.00,8.50,9.30,0.00,9.00,AStar,
1269,8.04,AgentPrefab,Agent,MoveState,Moving,Goal,20.00,0.00,20.00,8.81,0.00,8.51,9.30,0.00,9.00,AStar,
1270,8.04,AgentPrefab,Agent,MoveState,Moving,Goal,20.00,0.00,20.00,8.81,0.00,8.51,9.30,0.00,9.00,AStar,
1271,8.05,AgentPrefab,Agent,MoveState,Moving,Goal,20.00,0.00,20.00,8.82,0.00,8.52,9.30,0.00,9.00,AStar,
1272,8.06,AgentPrefab,Agent,MoveState,Moving,Goal,20.00,0.00,20.00,8.83,0.00,8.53,9.30,0.00,9.00,AStar,
1273,8.06,AgentPrefab,Agent,MoveState,Moving,Goal,20.00,0.00,20.00,8.84,0.00,8.54,9.30,0.00,9.00,AStar,
1274,8.07,AgentPrefab,Agent,MoveState,Moving,Goal,20.00,0.00,20.00,8.85,0.00,8.55,9.30,0.00,9.00,AStar,
1275,8.07,AgentPrefab,Agent,MoveState,Moving,Goal,20.00,0.00,20.00,8.86,0.00,8.56,9.30,0.00,9.00,AStar,
1276,8.08,AgentPrefab,Agent,MoveState,Moving,Goal,20.00,0.00,20.00,8.87,0.00,8.57,9.30,0.00,9.00,AStar,
1277,8.09,AgentPrefab,Agent,MoveState,Moving,Goal,20.00,0.00,20.00,8.88,0.00,8.58,9.30,0.00,9.00,AStar,
1278,8.09,AgentPrefab,Agent,MoveState,Moving,Goal,20.00,0.00,20.00,8.89,0.00,8.59,9.30,0.00,9.00,AStar,
1279,8.10,AgentPrefab,Agent,MoveState,Moving,Goal,20.00,0.00,20.00,8.89,0.00,8.59,9.30,0.00,9.00,AStar,
1280,8.11,AgentPrefab,Agent,MoveState,Moving,Goal,20.00,0.00,20.00,8.90,0.00,8.60,9.30,0.00,9.00,AStar,
1281,8.11,AgentPrefab,Agent,MoveState,Moving,Goal,20.00,0.00,20.00,8.91,0.00,8.61,9.30,0.00,9.00,AStar,
1282,8.12,AgentPrefab,Agent,MoveState,Moving,Goal,20.00,0.00,20.00,8.92,0.00,8.62,9.30,0.00,9.00,AStar,
1283,8.12,AgentPrefab,Agent,MoveState,Moving,Goal,20.00,0.00,20.00,8.93,0.00,8.63,9.30,0.00,9.00,AStar,
1284,8.13,AgentPrefab,Agent,MoveState,Moving,Goal,20.00,0.00,20.00,8.94,0.00,8.64,9.30,0.00,9.00,AStar,
1285,8.14,AgentPrefab,Agent,MoveState,Moving,Goal,20.00,0.00,20.00,8.95,0.00,8.65,9.30,0.00,9.00,AStar,
1286,8.14,AgentPrefab,Agent,MoveState,Moving,Goal,20.00,0.00,20.00,8.96,0.00,8.66,9.30,0.00,9.00,AStar,
1287,8.15,AgentPrefab,Agent,MoveState,Moving,Goal,20.00,0.00,20.00,8.97,0.00,8.67,9.30,0.00,9.00,AStar,
1288,8.15,AgentPrefab,Agent,MoveState,Moving,Goal,20.00,0.00,20.00,8.97,0.00,8.67,9.30,0.00,9.00,AStar,
1289,8.16,AgentPrefab,Agent,MoveState,Moving,Goal,20.00,0.00,20.00,8.98,0.00,8.68,9.30,0.00,9.00,AStar,
1290,8.17,AgentPrefab,Agent,MoveState,Moving,Goal,20.00,0.00,20.00,8.99,0.00,8.69,9.30,0.00,9.00,AStar,
1291,8.17,AgentPrefab,Agent,MoveState,Moving,Goal,20.00,0.00,20.00,9.00,0.00,8.70,9.30,0.00,9.00,AStar,
1292,8.18,AgentPrefab,Agent,MoveState,Moving,Goal,20.00,0.00,20.00,9.01,0.00,8.71,9.30,0.00,9.00,AStar,
1293,8.19,AgentPrefab,Agent,MoveState,Moving,Goal,20.00,0.00,20.00,9.02,0.00,8.72,9.30,0.00,9.00,AStar,
1294,8.19,AgentPrefab,Agent,MoveState,Moving,Goal,20.00,0.00,20.00,9.03,0.00,8.73,9.30,0.00,9.00,AStar,
1295,8.20,AgentPrefab,Agent,MoveState,Moving,Goal,20.00,0.00,20.00,9.03,0.00,8.73,9.30,0.00,9.00,AStar,
1296,8.20,AgentPrefab,Agent,MoveState,Moving,Goal,20.00,0.00,20.00,9.04,0.00,8.74,9.30,0.00,9.00,AStar,
1297,8.21,AgentPrefab,Agent,MoveState,Moving,Goal,20.00,0.00,20.00,9.05,0.00,8.75,9.30,0.00,9.00,AStar,
1298,8.22,AgentPrefab,Agent,MoveState,Moving,Goal,20.00,0.00,20.00,9.06,0.00,8.76,9.30,0.00,9.00,AStar,
1299,8.22,AgentPrefab,Agent,MoveState,Moving,Goal,20.00,0.00,20.00,9.07,0.00,8.77,9.30,0.00,9.00,AStar,
1300,8.23,AgentPrefab,Agent,MoveState,Moving,Goal,20.00,0.00,20.00,9.08,0.00,8.78,9.30,0.00,9.00,AStar,
1301,8.23,AgentPrefab,Agent,MoveState,Moving,Goal,20.00,0.00,20.00,9.09,0.00,8.79,9.30,0.00,9.00,AStar,
1302,8.24,AgentPrefab,Agent,MoveState,Moving,Goal,20.00,0.00,20.00,9.10,0.00,8.80,9.30,0.00,9.00,AStar,
1303,8.25,AgentPrefab,Agent,MoveState,Moving,Goal,20.00,0.00,20.00,9.10,0.00,8.80,9.30,0.00,9.00,AStar,
1304,8.25,AgentPrefab,Agent,MoveState,Moving,Goal,20.00,0.00,20.00,9.11,0.00,8.81,9.30,0.00,9.00,AStar,
1305,8.26,AgentPrefab,Agent,MoveState,Moving,Goal,20.00,0.00,20.00,9.12,0.00,8.82,9.30,0.00,9.00,AStar,
1306,8.27,AgentPrefab,Agent,MoveState,Moving,Goal,20.00,0.00,20.00,9.13,0.00,8.83,9.30,0.00,9.00,AStar,
1307,8.27,AgentPrefab,Agent,MoveState,Moving,Goal,20.00,0.00,20.00,9.14,0.00,8.84,9.30,0.00,9.00,AStar,
1308,8.28,AgentPrefab,Agent,MoveState,Moving,Goal,20.00,0.00,20.00,9.15,0.00,8.85,9.30,0.00,9.00,AStar,
1309,8.28,AgentPrefab,Agent,MoveState,Moving,Goal,20.00,0.00,20.00,9.16,0.00,8.86,9.30,0.00,9.00,AStar,
1310,8.29,AgentPrefab,Agent,MoveState,Moving,Goal,20.00,0.00,20.00,9.17,0.00,8.87,9.30,0.00,9.00,AStar,
1311,8.30,AgentPrefab,Agent,MoveState,Moving,Goal,20.00,0.00,20.00,9.17,0.00,8.87,9.30,0.00,9.00,AStar,
1312,8.30,AgentPrefab,Agent,MoveState,Moving,Goal,20.00,0.00,20.00,9.18,0.00,8.88,9.30,0.00,9.00,AStar,
1313,8.31,AgentPrefab,Agent,MoveState,Moving,Goal,20.00,0.00,20.00,9.19,0.00,8.89,9.30,0.00,9.00,AStar,
1314,8.32,AgentPrefab,Agent,MoveState,Moving,Goal,20.00,0.00,20.00,9.20,0.00,8.90,9.30,0.00,9.00,AStar,
1315,8.32,AgentPrefab,Agent,MoveState,Moving,Goal,20.00,0.00,20.00,9.21,0.00,8.91,9.30,0.00,9.00,AStar,
1316,8.34,AgentPrefab,Agent,MoveState,Moving,Goal,20.00,0.00,20.00,9.22,0.00,8.92,9.30,0.00,9.00,AStar,
1317,8.35,AgentPrefab,Agent,MoveState,Moving,Goal,20.00,0.00,20.00,9.22,0.00,8.92,9.30,0.00,9.00,AStar,
1318,8.35,AgentPrefab,Agent,MoveState,Moving,Goal,20.00,0.00,20.00,9.22,0.00,8.92,9.30,0.00,9.00,AStar,
1319,8.36,AgentPrefab,Agent,MoveState,Moving,Goal,20.00,0.00,20.00,9.22,0.00,8.92,9.30,0.00,9.00,AStar,
1320,8.36,AgentPrefab,Agent,MoveState,Moving,Goal,20.00,0.00,20.00,9.23,0.00,8.93,9.30,0.00,9.00,AStar,
1321,8.37,AgentPrefab,Agent,MoveState,Moving,Goal,20.00,0.00,20.00,9.23,0.00,8.93,9.30,0.00,9.00,AStar,
1322,8.38,AgentPrefab,Agent,MoveState,Moving,Goal,20.00,0.00,20.00,9.23,0.00,8.93,9.30,0.00,9.00,AStar,
1323,8.38,AgentPrefab,Agent,MoveState,Moving,Goal,20.00,0.00,20.00,9.23,0.00,8.93,9.30,0.00,9.00,AStar,
1324,8.39,AgentPrefab,Agent,MoveState,Moving,Goal,20.00,0.00,20.00,9.23,0.00,8.93,9.30,0.00,9.00,AStar,
1325,8.40,AgentPrefab,Agent,MoveState,Moving,Goal,20.00,0.00,20.00,9.23,0.00,8.93,9.30,0.00,9.00,AStar,
1326,8.40,AgentPrefab,Agent,MoveState,Moving,Goal,20.00,0.00,20.00,9.23,0.00,8.93,9.30,0.00,9.00,AStar,
1327,8.41,AgentPrefab,Agent,MoveState,Moving,Goal,20.00,0.00,20.00,9.23,0.00,8.93,9.30,0.00,9.00,AStar,
1328,8.42,AgentPrefab,Agent,MoveState,Moving,Goal,20.00,0.00,20.00,9.23,0.00,8.93,9.30,0.00,9.00,AStar,
1329,8.42,AgentPrefab,Agent,MoveState,Moving,Goal,20.00,0.00,20.00,9.23,0.00,8.93,9.30,0.00,9.00,AStar,
1330,8.43,AgentPrefab,Agent,MoveState,Moving,Goal,20.00,0.00,20.00,9.23,0.00,8.93,9.30,0.00,9.00,AStar,
1331,8.44,AgentPrefab,Agent,MoveState,Moving,Goal,20.00,0.00,20.00,9.23,0.00,8.93,9.30,0.00,9.00,AStar,
1332,8.44,AgentPrefab,Agent,MoveState,Moving,Goal,20.00,0.00,20.00,9.23,0.00,8.93,9.30,0.00,9.00,AStar,
1333,8.45,AgentPrefab,Agent,MoveState,Moving,Goal,20.00,0.00,20.00,9.23,0.00,8.93,9.30,0.00,9.00,AStar,
1334,8.45,AgentPrefab,Agent,MoveState,Moving,Goal,20.00,0.00,20.00,9.23,0.00,8.93,9.30,0.00,9.00,AStar,
1335,8.46,AgentPrefab,Agent,MoveState,Moving,Goal,20.00,0.00,20.00,9.23,0.00,8.93,9.30,0.00,9.00,AStar,
1336,8.47,AgentPrefab,Agent,MoveState,Moving,Goal,20.00,0.00,20.00,9.23,0.00,8.93,9.30,0.00,9.00,AStar,
1337,8.47,AgentPrefab,Agent,MoveState,Moving,Goal,20.00,0.00,20.00,9.23,0.00,8.93,9.30,0.00,9.00,AStar,
1338,8.48,AgentPrefab,Agent,MoveState,Moving,Goal,20.00,0.00,20.00,9.23,0.00,8.93,9.30,0.00,9.00,AStar,
1339,8.48,AgentPrefab,Agent,MoveState,Moving,Goal,20.00,0.00,20.00,9.23,0.00,8.93,9.30,0.00,9.00,AStar,
1340,8.49,AgentPrefab,Agent,MoveState,Moving,Goal,20.00,0.00,20.00,9.23,0.00,8.93,9.30,0.00,9.00,AStar,
1341,8.50,AgentPrefab,Agent,MoveState,Moving,Goal,20.00,0.00,20.00,9.23,0.00,8.93,9.30,0.00,9.00,AStar,
1342,8.50,AgentPrefab,Agent,MoveState,Moving,Goal,20.00,0.00,20.00,9.23,0.00,8.93,9.30,0.00,9.00,AStar,
1343,8.51,AgentPrefab,Agent,MoveState,Moving,Goal,20.00,0.00,20.00,9.23,0.00,8.93,9.30,0.00,9.00,AStar,
1344,8.52,AgentPrefab,Agent,MoveState,Moving,Goal,20.00,0.00,20.00,9.23,0.00,8.93,9.30,0.00,9.00,AStar,
1345,8.52,AgentPrefab,Agent,MoveState,Moving,Goal,20.00,0.00,20.00,9.23,0.00,8.93,9.30,0.00,9.00,AStar,
1346,8.53,AgentPrefab,Agent,MoveState,Moving,Goal,20.00,0.00,20.00,9.23,0.00,8.93,9.30,0.00,9.00,AStar,
1347,8.53,AgentPrefab,Agent,MoveState,Moving,Goal,20.00,0.00,20.00,9.23,0.00,8.93,9.30,0.00,9.00,AStar,
1348,8.54,AgentPrefab,Agent,MoveState,Moving,Goal,20.00,0.00,20.00,9.23,0.00,8.93,9.30,0.00,9.00,AStar,
1349,8.55,AgentPrefab,Agent,MoveState,Moving,Goal,20.00,0.00,20.00,9.23,0.00,8.93,9.30,0.00,9.00,AStar,
1350,8.55,AgentPrefab,Agent,MoveState,Moving,Goal,20.00,0.00,20.00,9.23,0.00,8.93,9.30,0.00,9.00,AStar,
1351,8.56,AgentPrefab,Agent,MoveState,Moving,Goal,20.00,0.00,20.00,9.23,0.00,8.93,9.30,0.00,9.00,AStar,
1352,8.56,AgentPrefab,Agent,MoveState,Moving,Goal,20.00,0.00,20.00,9.23,0.00,8.93,9.30,0.00,9.00,AStar,
1353,8.57,AgentPrefab,Agent,MoveState,Moving,Goal,20.00,0.00,20.00,9.23,0.00,8.93,9.30,0.00,9.00,AStar,
1354,8.58,AgentPrefab,Agent,MoveState,Moving,Goal,20.00,0.00,20.00,9.23,0.00,8.93,9.30,0.00,9.00,AStar,
1355,8.59,AgentPrefab,Agent,MoveState,Moving,Goal,20.00,0.00,20.00,9.23,0.00,8.93,9.30,0.00,9.00,AStar,
1356,8.59,AgentPrefab,Agent,MoveState,Moving,Goal,20.00,0.00,20.00,9.23,0.00,8.93,9.30,0.00,9.00,AStar,
1357,8.60,AgentPrefab,Agent,MoveState,Moving,Goal,20.00,0.00,20.00,9.23,0.00,8.93,9.30,0.00,9.00,AStar,
1358,8.60,AgentPrefab,Agent,MoveState,Moving,Goal,20.00,0.00,20.00,9.23,0.00,8.93,9.30,0.00,9.00,AStar,
1359,8.61,AgentPrefab,Agent,MoveState,Moving,Goal,20.00,0.00,20.00,9.23,0.00,8.93,9.30,0.00,9.00,AStar,
1360,8.62,AgentPrefab,Agent,MoveState,Moving,Goal,20.00,0.00,20.00,9.23,0.00,8.93,9.30,0.00,9.00,AStar,
1361,8.62,AgentPrefab,Agent,MoveState,Moving,Goal,20.00,0.00,20.00,9.23,0.00,8.93,9.30,0.00,9.00,AStar,
1362,8.63,AgentPrefab,Agent,MoveState,Moving,Goal,20.00,0.00,20.00,9.23,0.00,8.93,9.30,0.00,9.00,AStar,
1363,8.64,AgentPrefab,Agent,MoveState,Moving,Goal,20.00,0.00,20.00,9.23,0.00,8.93,9.30,0.00,9.00,AStar,
1364,8.64,AgentPrefab,Agent,MoveState,Moving,Goal,20.00,0.00,20.00,9.23,0.00,8.93,9.30,0.00,9.00,AStar,
1365,8.65,AgentPrefab,Agent,MoveState,Moving,Goal,20.00,0.00,20.00,9.23,0.00,8.93,9.30,0.00,9.00,AStar,
1366,8.65,AgentPrefab,Agent,MoveState,Moving,Goal,20.00,0.00,20.00,9.23,0.00,8.93,9.30,0.00,9.00,AStar,
1367,8.66,AgentPrefab,Agent,MoveState,Moving,Goal,20.00,0.00,20.00,9.23,0.00,8.93,9.30,0.00,9.00,AStar,
1368,8.67,AgentPrefab,Agent,MoveState,Moving,Goal,20.00,0.00,20.00,9.23,0.00,8.93,9.30,0.00,9.00,AStar,
1369,8.67,AgentPrefab,Agent,MoveState,Moving,Goal,20.00,0.00,20.00,9.23,0.00,8.93,9.30,0.00,9.00,AStar,
1370,8.68,AgentPrefab,Agent,MoveState,Moving,Goal,20.00,0.00,20.00,9.23,0.00,8.93,9.30,0.00,9.00,AStar,
1371,8.69,AgentPrefab,Agent,MoveState,Moving,Goal,20.00,0.00,20.00,9.23,0.00,8.93,9.30,0.00,9.00,AStar,
1372,8.69,AgentPrefab,Agent,MoveState,Moving,Goal,20.00,0.00,20.00,9.23,0.00,8.93,9.30,0.00,9.00,AStar,
1373,8.70,AgentPrefab,Agent,MoveState,Moving,Goal,20.00,0.00,20.00,9.23,0.00,8.93,9.30,0.00,9.00,AStar,
1374,8.70,AgentPrefab,Agent,MoveState,Moving,Goal,20.00,0.00,20.00,9.23,0.00,8.93,9.30,0.00,9.00,AStar,
1375,8.71,AgentPrefab,Agent,MoveState,Moving,Goal,20.00,0.00,20.00,9.23,0.00,8.93,9.30,0.00,9.00,AStar,
1376,8.72,AgentPrefab,Agent,MoveState,Moving,Goal,20.00,0.00,20.00,9.23,0.00,8.93,9.30,0.00,9.00,AStar,
1377,8.72,AgentPrefab,Agent,MoveState,Moving,Goal,20.00,0.00,20.00,9.23,0.00,8.93,9.30,0.00,9.00,AStar,
1378,8.73,AgentPrefab,Agent,MoveState,Moving,Goal,20.00,0.00,20.00,9.23,0.00,8.93,9.30,0.00,9.00,AStar,
1379,8.73,AgentPrefab,Agent,MoveState,Moving,Goal,20.00,0.00,20.00,9.23,0.00,8.93,9.30,0.00,9.00,AStar,
1380,8.74,AgentPrefab,Agent,MoveState,Moving,Goal,20.00,0.00,20.00,9.23,0.00,8.93,9.30,0.00,9.00,AStar,
1381,8.75,AgentPrefab,Agent,MoveState,Moving,Goal,20.00,0.00,20.00,9.23,0.00,8.93,9.30,0.00,9.00,AStar,
1382,8.75,AgentPrefab,Agent,MoveState,Moving,Goal,20.00,0.00,20.00,9.23,0.00,8.93,9.30,0.00,9.00,AStar,
1383,8.76,AgentPrefab,Agent,MoveState,Moving,Goal,20.00,0.00,20.00,9.23,0.00,8.93,9.30,0.00,9.00,AStar,
1384,8.77,AgentPrefab,Agent,MoveState,Moving,Goal,20.00,0.00,20.00,9.23,0.00,8.93,9.30,0.00,9.00,AStar,
1385,8.77,AgentPrefab,Agent,MoveState,Moving,Goal,20.00,0.00,20.00,9.23,0.00,8.93,9.30,0.00,9.00,AStar,
1386,8.78,AgentPrefab,Agent,MoveState,Moving,Goal,20.00,0.00,20.00,9.23,0.00,8.93,9.30,0.00,9.00,AStar,
1387,8.78,AgentPrefab,Agent,MoveState,Moving,Goal,20.00,0.00,20.00,9.23,0.00,8.93,9.30,0.00,9.00,AStar,
1388,8.79,AgentPrefab,Agent,MoveState,Moving,Goal,20.00,0.00,20.00,9.23,0.00,8.93,9.30,0.00,9.00,AStar,
1389,8.80,AgentPrefab,Agent,MoveState,Moving,Goal,20.00,0.00,20.00,9.23,0.00,8.93,9.30,0.00,9.00,AStar,
1390,8.80,AgentPrefab,Agent,MoveState,Moving,Goal,20.00,0.00,20.00,9.23,0.00,8.93,9.30,0.00,9.00,AStar,
1391,8.81,AgentPrefab,Agent,MoveState,Moving,Goal,20.00,0.00,20.00,9.23,0.00,8.93,9.30,0.00,9.00,AStar,
1392,8.82,AgentPrefab,Agent,MoveState,Moving,Goal,20.00,0.00,20.00,9.23,0.00,8.93,9.30,0.00,9.00,AStar,
1393,8.82,AgentPrefab,Agent,MoveState,Moving,Goal,20.00,0.00,20.00,9.23,0.00,8.93,9.30,0.00,9.00,AStar,
1394,8.83,AgentPrefab,Agent,MoveState,Moving,Goal,20.00,0.00,20.00,9.23,0.00,8.93,9.30,0.00,9.00,AStar,
1395,8.84,AgentPrefab,Agent,MoveState,Moving,Goal,20.00,0.00,20.00,9.23,0.00,8.93,9.30,0.00,9.00,AStar,
1396,8.84,AgentPrefab,Agent,MoveState,Moving,Goal,20.00,0.00,20.00,9.23,0.00,8.93,9.30,0.00,9.00,AStar,
1397,8.85,AgentPrefab,Agent,MoveState,Moving,Goal,20.00,0.00,20.00,9.23,0.00,8.93,9.30,0.00,9.00,AStar,
1398,8.85,AgentPrefab,Agent,MoveState,Moving,Goal,20.00,0.00,20.00,9.23,0.00,8.93,9.30,0.00,9.00,AStar,
1399,8.86,AgentPrefab,Agent,MoveState,Moving,Goal,20.00,0.00,20.00,9.23,0.00,8.93,9.30,0.00,9.00,AStar,
1400,8.87,AgentPrefab,Agent,MoveState,Moving,Goal,20.00,0.00,20.00,9.23,0.00,8.93,9.30,0.00,9.00,AStar,
1401,8.87,AgentPrefab,Agent,MoveState,Moving,Goal,20.00,0.00,20.00,9.23,0.00,8.93,9.30,0.00,9.00,AStar,
1402,8.88,AgentPrefab,Agent,MoveState,Moving,Goal,20.00,0.00,20.00,9.23,0.00,8.93,9.30,0.00,9.00,AStar,
1403,8.88,AgentPrefab,Agent,MoveState,Moving,Goal,20.00,0.00,20.00,9.23,0.00,8.93,9.30,0.00,9.00,AStar,
1404,8.89,AgentPrefab,Agent,MoveState,Moving,Goal,20.00,0.00,20.00,9.23,0.00,8.93,9.30,0.00,9.00,AStar,
1405,8.90,AgentPrefab,Agent,MoveState,Moving,Goal,20.00,0.00,20.00,9.23,0.00,8.93,9.30,0.00,9.00,AStar,
1406,8.90,AgentPrefab,Agent,MoveState,Moving,Goal,20.00,0.00,20.00,9.23,0.00,8.93,9.30,0.00,9.00,AStar,
1407,8.91,AgentPrefab,Agent,MoveState,Moving,Goal,20.00,0.00,20.00,9.23,0.00,8.93,9.30,0.00,9.00,AStar,
1408,8.92,AgentPrefab,Agent,MoveState,Moving,Goal,20.00,0.00,20.00,9.23,0.00,8.93,9.30,0.00,9.00,AStar,
1409,8.92,AgentPrefab,Agent,MoveState,Moving,Goal,20.00,0.00,20.00,9.23,0.00,8.93,9.30,0.00,9.00,AStar,
1410,8.93,AgentPrefab,Agent,MoveState,Moving,Goal,20.00,0.00,20.00,9.23,0.00,8.93,9.30,0.00,9.00,AStar,
1411,8.94,AgentPrefab,Agent,MoveState,Moving,Goal,20.00,0.00,20.00,9.23,0.00,8.93,9.30,0.00,9.00,AStar,
1412,8.94,AgentPrefab,Agent,MoveState,Moving,Goal,20.00,0.00,20.00,9.23,0.00,8.93,9.30,0.00,9.00,AStar,
1413,8.95,AgentPrefab,Agent,MoveState,Moving,Goal,20.00,0.00,20.00,9.23,0.00,8.93,9.30,0.00,9.00,AStar,
1414,8.95,AgentPrefab,Agent,MoveState,Moving,Goal,20.00,0.00,20.00,9.23,0.00,8.93,9.30,0.00,9.00,AStar,
1415,8.96,AgentPrefab,Agent,MoveState,Moving,Goal,20.00,0.00,20.00,9.23,0.00,8.93,9.30,0.00,9.00,AStar,
1416,8.97,AgentPrefab,Agent,MoveState,Moving,Goal,20.00,0.00,20.00,9.23,0.00,8.93,9.30,0.00,9.00,AStar,
1417,8.97,AgentPrefab,Agent,MoveState,Moving,Goal,20.00,0.00,20.00,9.23,0.00,8.93,9.30,0.00,9.00,AStar,
1418,8.98,AgentPrefab,Agent,MoveState,Moving,Goal,20.00,0.00,20.00,9.23,0.00,8.93,9.30,0.00,9.00,AStar,
1419,8.99,AgentPrefab,Agent,MoveState,Moving,Goal,20.00,0.00,20.00,9.23,0.00,8.93,9.30,0.00,9.00,AStar,
1420,8.99,AgentPrefab,Agent,MoveState,Moving,Goal,20.00,0.00,20.00,9.23,0.00,8.93,9.30,0.00,9.00,AStar,
1421,9.00,AgentPrefab,Agent,MoveState,Moving,Goal,20.00,0.00,20.00,9.23,0.00,8.93,9.30,0.00,9.00,AStar,
1422,9.01,AgentPrefab,Agent,MoveState,Moving,Goal,20.00,0.00,20.00,9.23,0.00,8.93,9.30,0.00,9.00,AStar,
1423,9.01,AgentPrefab,Agent,MoveState,Moving,Goal,20.00,0.00,20.00,9.23,0.00,8.93,9.30,0.00,9.00,AStar,
1424,9.02,AgentPrefab,Agent,MoveState,Moving,Goal,20.00,0.00,20.00,9.23,0.00,8.93,9.30,0.00,9.00,AStar,
1425,9.02,AgentPrefab,Agent,MoveState,Moving,Goal,20.00,0.00,20.00,9.23,0.00,8.93,9.30,0.00,9.00,AStar,
1426,9.03,AgentPrefab,Agent,MoveState,Moving,Goal,20.00,0.00,20.00,9.23,0.00,8.93,9.30,0.00,9.00,AStar,
1427,9.04,AgentPrefab,Agent,MoveState,Moving,Goal,20.00,0.00,20.00,9.23,0.00,8.93,9.30,0.00,9.00,AStar,
1428,9.04,AgentPrefab,Agent,MoveState,Moving,Goal,20.00,0.00,20.00,9.23,0.00,8.93,9.30,0.00,9.00,AStar,
1429,9.05,AgentPrefab,Agent,MoveState,Moving,Goal,20.00,0.00,20.00,9.23,0.00,8.93,9.30,0.00,9.00,AStar,
1430,9.06,AgentPrefab,Agent,MoveState,Moving,Goal,20.00,0.00,20.00,9.23,0.00,8.93,9.30,0.00,9.00,AStar,
1431,9.06,AgentPrefab,Agent,MoveState,Moving,Goal,20.00,0.00,20.00,9.23,0.00,8.93,9.30,0.00,9.00,AStar,
1432,9.07,AgentPrefab,Agent,MoveState,Moving,Goal,20.00,0.00,20.00,9.23,0.00,8.93,9.30,0.00,9.00,AStar,
1433,9.07,AgentPrefab,Agent,MoveState,Moving,Goal,20.00,0.00,20.00,9.23,0.00,8.93,9.30,0.00,9.00,AStar,
1434,9.08,AgentPrefab,Agent,MoveState,Moving,Goal,20.00,0.00,20.00,9.23,0.00,8.93,9.30,0.00,9.00,AStar,
1435,9.09,AgentPrefab,Agent,MoveState,Moving,Goal,20.00,0.00,20.00,9.23,0.00,8.93,9.30,0.00,9.00,AStar,
1436,9.09,AgentPrefab,Agent,MoveState,Moving,Goal,20.00,0.00,20.00,9.23,0.00,8.93,9.30,0.00,9.00,AStar,
1437,9.10,AgentPrefab,Agent,MoveState,Moving,Goal,20.00,0.00,20.00,9.23,0.00,8.93,9.30,0.00,9.00,AStar,
1438,9.11,AgentPrefab,Agent,MoveState,Moving,Goal,20.00,0.00,20.00,9.23,0.00,8.93,9.30,0.00,9.00,AStar,
1439,9.11,AgentPrefab,Agent,MoveState,Moving,Goal,20.00,0.00,20.00,9.23,0.00,8.93,9.30,0.00,9.00,AStar,
1440,9.12,AgentPrefab,Agent,MoveState,Moving,Goal,20.00,0.00,20.00,9.23,0.00,8.93,9.30,0.00,9.00,AStar,
1441,9.12,AgentPrefab,Agent,MoveState,Moving,Goal,20.00,0.00,20.00,9.23,0.00,8.93,9.30,0.00,9.00,AStar,
1442,9.13,AgentPrefab,Agent,MoveState,Moving,Goal,20.00,0.00,20.00,9.23,0.00,8.93,9.30,0.00,9.00,AStar,
1443,9.14,AgentPrefab,Agent,MoveState,Moving,Goal,20.00,0.00,20.00,9.23,0.00,8.93,9.30,0.00,9.00,AStar,
1444,9.14,AgentPrefab,Agent,MoveState,Moving,Goal,20.00,0.00,20.00,9.23,0.00,8.93,9.30,0.00,9.00,AStar,
1445,9.15,AgentPrefab,Agent,MoveState,Moving,Goal,20.00,0.00,20.00,9.23,0.00,8.93,9.30,0.00,9.00,AStar,
1446,9.16,AgentPrefab,Agent,MoveState,Moving,Goal,20.00,0.00,20.00,9.23,0.00,8.93,9.30,0.00,9.00,AStar,
1447,9.16,AgentPrefab,Agent,MoveState,Moving,Goal,20.00,0.00,20.00,9.23,0.00,8.93,9.30,0.00,9.00,AStar,
1448,9.17,AgentPrefab,Agent,MoveState,Moving,Goal,20.00,0.00,20.00,9.23,0.00,8.93,9.30,0.00,9.00,AStar,
1449,9.17,AgentPrefab,Agent,MoveState,Moving,Goal,20.00,0.00,20.00,9.23,0.00,8.93,9.30,0.00,9.00,AStar,
1450,9.18,AgentPrefab,Agent,MoveState,Moving,Goal,20.00,0.00,20.00,9.23,0.00,8.93,9.30,0.00,9.00,AStar,
1451,9.19,AgentPrefab,Agent,MoveState,Moving,Goal,20.00,0.00,20.00,9.23,0.00,8.93,9.30,0.00,9.00,AStar,
1452,9.19,AgentPrefab,Agent,MoveState,Moving,Goal,20.00,0.00,20.00,9.23,0.00,8.93,9.30,0.00,9.00,AStar,
1453,9.20,AgentPrefab,Agent,MoveState,Moving,Goal,20.00,0.00,20.00,9.23,0.00,8.93,9.30,0.00,9.00,AStar,
1454,9.20,AgentPrefab,Agent,MoveState,Moving,Goal,20.00,0.00,20.00,9.23,0.00,8.93,9.30,0.00,9.00,AStar,
1455,9.21,AgentPrefab,Agent,MoveState,Moving,Goal,20.00,0.00,20.00,9.23,0.00,8.93,9.30,0.00,9.00,AStar,
1456,9.22,AgentPrefab,Agent,MoveState,Moving,Goal,20.00,0.00,20.00,9.23,0.00,8.93,9.30,0.00,9.00,AStar,
1457,9.22,AgentPrefab,Agent,MoveState,Moving,Goal,20.00,0.00,20.00,9.23,0.00,8.93,9.30,0.00,9.00,AStar,
1458,9.23,AgentPrefab,Agent,MoveState,Moving,Goal,20.00,0.00,20.00,9.23,0.00,8.93,9.30,0.00,9.00,AStar,
1459,9.24,AgentPrefab,Agent,MoveState,Moving,Goal,20.00,0.00,20.00,9.23,0.00,8.93,9.30,0.00,9.00,AStar,
1460,9.24,AgentPrefab,Agent,MoveState,Moving,Goal,20.00,0.00,20.00,9.23,0.00,8.93,9.30,0.00,9.00,AStar,
1461,9.25,AgentPrefab,Agent,MoveState,Moving,Goal,20.00,0.00,20.00,9.23,0.00,8.93,9.30,0.00,9.00,AStar,
1462,9.26,AgentPrefab,Agent,MoveState,Moving,Goal,20.00,0.00,20.00,9.23,0.00,8.93,9.30,0.00,9.00,AStar,
1463,9.26,AgentPrefab,Agent,MoveState,Moving,Goal,20.00,0.00,20.00,9.23,0.00,8.93,9.30,0.00,9.00,AStar,
1464,9.27,AgentPrefab,Agent,MoveState,Moving,Goal,20.00,0.00,20.00,9.23,0.00,8.93,9.30,0.00,9.00,AStar,
1465,9.27,AgentPrefab,Agent,MoveState,Moving,Goal,20.00,0.00,20.00,9.23,0.00,8.93,9.30,0.00,9.00,AStar,
1466,9.28,AgentPrefab,Agent,MoveState,Moving,Goal,20.00,0.00,20.00,9.23,0.00,8.93,9.30,0.00,9.00,AStar,
1467,9.29,AgentPrefab,Agent,MoveState,Moving,Goal,20.00,0.00,20.00,9.23,0.00,8.93,9.30,0.00,9.00,AStar,
1468,9.29,AgentPrefab,Agent,MoveState,Moving,Goal,20.00,0.00,20.00,9.23,0.00,8.93,9.30,0.00,9.00,AStar,
1469,9.30,AgentPrefab,Agent,MoveState,Moving,Goal,20.00,0.00,20.00,9.23,0.00,8.93,9.30,0.00,9.00,AStar,
1470,9.31,AgentPrefab,Agent,MoveState,Moving,Goal,20.00,0.00,20.00,9.23,0.00,8.93,9.30,0.00,9.00,AStar,
1471,9.31,AgentPrefab,Agent,MoveState,Moving,Goal,20.00,0.00,20.00,9.23,0.00,8.93,9.30,0.00,9.00,AStar,
1472,9.32,AgentPrefab,Agent,MoveState,Moving,Goal,20.00,0.00,20.00,9.23,0.00,8.93,9.30,0.00,9.00,AStar,
1473,9.32,AgentPrefab,Agent,MoveState,Moving,Goal,20.00,0.00,20.00,9.23,0.00,8.93,9.30,0.00,9.00,AStar,
1474,9.33,AgentPrefab,Agent,MoveState,Moving,Goal,20.00,0.00,20.00,9.23,0.00,8.93,9.30,0.00,9.00,AStar,
1475,9.34,AgentPrefab,Agent,MoveState,Moving,Goal,20.00,0.00,20.00,9.23,0.00,8.93,9.30,0.00,9.00,AStar,
1476,9.34,AgentPrefab,Agent,MoveState,Moving,Goal,20.00,0.00,20.00,9.23,0.00,8.93,9.30,0.00,9.00,AStar,
1477,9.35,AgentPrefab,Agent,MoveState,Moving,Goal,20.00,0.00,20.00,9.23,0.00,8.93,9.30,0.00,9.00,AStar,
1478,9.36,AgentPrefab,Agent,MoveState,Moving,Goal,20.00,0.00,20.00,9.23,0.00,8.93,9.30,0.00,9.00,AStar,
1479,9.36,AgentPrefab,Agent,MoveState,Moving,Goal,20.00,0.00,20.00,9.23,0.00,8.93,9.30,0.00,9.00,AStar,
1480,9.37,AgentPrefab,Agent,SearchState,Searching,Goal,20.00,0.00,20.00,9.23,0.00,8.93,9.30,0.00,9.00,AStar,
1481,9.37,AgentPrefab,Agent,MoveState,Moving,Goal,20.00,0.00,20.00,9.23,0.00,8.93,9.30,0.00,9.00,AStar,
1482,9.38,AgentPrefab,Agent,MoveState,Moving,Goal,20.00,0.00,20.00,9.23,0.00,8.93,9.30,0.00,9.00,AStar,
1483,9.39,AgentPrefab,Agent,MoveState,Moving,Goal,20.00,0.00,20.00,9.23,0.00,8.93,9.30,0.00,9.00,AStar,
1484,9.39,AgentPrefab,Agent,MoveState,Moving,Goal,20.00,0.00,20.00,9.23,0.00,8.93,9.30,0.00,9.00,AStar,
1485,9.40,AgentPrefab,Agent,MoveState,Moving,Goal,20.00,0.00,20.00,9.23,0.00,8.93,9.30,0.00,9.00,AStar,
1486,9.41,AgentPrefab,Agent,MoveState,Moving,Goal,20.00,0.00,20.00,9.23,0.00,8.93,9.30,0.00,9.00,AStar,
1487,9.41,AgentPrefab,Agent,MoveState,Moving,Goal,20.00,0.00,20.00,9.23,0.00,8.93,9.30,0.00,9.00,AStar,
1488,9.42,AgentPrefab,Agent,MoveState,Moving,Goal,20.00,0.00,20.00,9.23,0.00,8.93,9.30,0.00,9.00,AStar,
1489,9.42,AgentPrefab,Agent,MoveState,Moving,Goal,20.00,0.00,20.00,9.23,0.00,8.93,9.30,0.00,9.00,AStar,
1490,9.43,AgentPrefab,Agent,MoveState,Moving,Goal,20.00,0.00,20.00,9.23,0.00,8.93,9.30,0.00,9.00,AStar,
1491,9.44,AgentPrefab,Agent,MoveState,Moving,Goal,20.00,0.00,20.00,9.23,0.00,8.93,9.30,0.00,9.00,AStar,
1492,9.45,AgentPrefab,Agent,MoveState,Moving,Goal,20.00,0.00,20.00,9.23,0.00,8.93,9.30,0.00,9.00,AStar,
1493,9.46,AgentPrefab,Agent,MoveState,Moving,Goal,20.00,0.00,20.00,9.23,0.00,8.93,9.30,0.00,9.00,AStar,
1494,9.47,AgentPrefab,Agent,MoveState,Moving,Goal,20.00,0.00,20.00,9.23,0.00,8.93,9.30,0.00,9.00,AStar,
1495,9.47,AgentPrefab,Agent,MoveState,Moving,Goal,20.00,0.00,20.00,9.23,0.00,8.93,9.30,0.00,9.00,AStar,
1496,9.48,AgentPrefab,Agent,MoveState,Moving,Goal,20.00,0.00,20.00,9.23,0.00,8.93,9.30,0.00,9.00,AStar,
1497,9.49,AgentPrefab,Agent,MoveState,Moving,Goal,20.00,0.00,20.00,9.23,0.00,8.93,9.30,0.00,9.00,AStar,
1498,9.49,AgentPrefab,Agent,MoveState,Moving,Goal,20.00,0.00,20.00,9.23,0.00,8.93,9.30,0.00,9.00,AStar,
1499,9.50,AgentPrefab,Agent,MoveState,Moving,Goal,20.00,0.00,20.00,9.23,0.00,8.93,9.30,0.00,9.00,AStar,
1500,9.50,AgentPrefab,Agent,MoveState,Moving,Goal,20.00,0.00,20.00,9.23,0.00,8.93,9.30,0.00,9.00,AStar,
1501,9.51,AgentPrefab,Agent,MoveState,Moving,Goal,20.00,0.00,20.00,9.23,0.00,8.93,9.30,0.00,9.00,AStar,
1502,9.52,AgentPrefab,Agent,MoveState,Moving,Goal,20.00,0.00,20.00,9.23,0.00,8.93,9.30,0.00,9.00,AStar,
1503,9.52,AgentPrefab,Agent,MoveState,Moving,Goal,20.00,0.00,20.00,9.23,0.00,8.93,9.30,0.00,9.00,AStar,
1504,9.53,AgentPrefab,Agent,MoveState,Moving,Goal,20.00,0.00,20.00,9.23,0.00,8.93,9.30,0.00,9.00,AStar,
1505,9.53,AgentPrefab,Agent,MoveState,Moving,Goal,20.00,0.00,20.00,9.23,0.00,8.93,9.30,0.00,9.00,AStar,
1506,9.54,AgentPrefab,Agent,MoveState,Moving,Goal,20.00,0.00,20.00,9.23,0.00,8.93,9.30,0.00,9.00,AStar,
1507,9.55,AgentPrefab,Agent,MoveState,Moving,Goal,20.00,0.00,20.00,9.23,0.00,8.93,9.30,0.00,9.00,AStar,
1508,9.55,AgentPrefab,Agent,MoveState,Moving,Goal,20.00,0.00,20.00,9.23,0.00,8.93,9.30,0.00,9.00,AStar,
1509,9.56,AgentPrefab,Agent,MoveState,Moving,Goal,20.00,0.00,20.00,9.23,0.00,8.93,9.30,0.00,9.00,AStar,
1510,9.57,AgentPrefab,Agent,MoveState,Moving,Goal,20.00,0.00,20.00,9.23,0.00,8.93,9.30,0.00,9.00,AStar,
1511,9.57,AgentPrefab,Agent,MoveState,Moving,Goal,20.00,0.00,20.00,9.23,0.00,8.93,9.30,0.00,9.00,AStar,
1512,9.58,AgentPrefab,Agent,MoveState,Moving,Goal,20.00,0.00,20.00,9.23,0.00,8.93,9.30,0.00,9.00,AStar,
1513,9.59,AgentPrefab,Agent,MoveState,Moving,Goal,20.00,0.00,20.00,9.23,0.00,8.93,9.30,0.00,9.00,AStar,
1514,9.59,AgentPrefab,Agent,MoveState,Moving,Goal,20.00,0.00,20.00,9.23,0.00,8.93,9.30,0.00,9.00,AStar,
1515,9.60,AgentPrefab,Agent,MoveState,Moving,Goal,20.00,0.00,20.00,9.23,0.00,8.93,9.30,0.00,9.00,AStar,
1516,9.61,AgentPrefab,Agent,MoveState,Moving,Goal,20.00,0.00,20.00,9.23,0.00,8.93,9.30,0.00,9.00,AStar,
1517,9.61,AgentPrefab,Agent,MoveState,Moving,Goal,20.00,0.00,20.00,9.23,0.00,8.93,9.30,0.00,9.00,AStar,
1518,9.62,AgentPrefab,Agent,MoveState,Moving,Goal,20.00,0.00,20.00,9.23,0.00,8.93,9.30,0.00,9.00,AStar,
1519,9.62,AgentPrefab,Agent,MoveState,Moving,Goal,20.00,0.00,20.00,9.23,0.00,8.93,9.30,0.00,9.00,AStar,
1520,9.63,AgentPrefab,Agent,MoveState,Moving,Goal,20.00,0.00,20.00,9.23,0.00,8.93,9.30,0.00,9.00,AStar,
1521,9.64,AgentPrefab,Agent,MoveState,Moving,Goal,20.00,0.00,20.00,9.23,0.00,8.93,9.30,0.00,9.00,AStar,
1522,9.64,AgentPrefab,Agent,MoveState,Moving,Goal,20.00,0.00,20.00,9.23,0.00,8.93,9.30,0.00,9.00,AStar,
1523,9.65,AgentPrefab,Agent,MoveState,Moving,Goal,20.00,0.00,20.00,9.23,0.00,8.93,9.30,0.00,9.00,AStar,
1524,9.66,AgentPrefab,Agent,MoveState,Moving,Goal,20.00,0.00,20.00,9.23,0.00,8.93,9.30,0.00,9.00,AStar,
1525,9.66,AgentPrefab,Agent,MoveState,Moving,Goal,20.00,0.00,20.00,9.23,0.00,8.93,9.30,0.00,9.00,AStar,
1526,9.67,AgentPrefab,Agent,MoveState,Moving,Goal,20.00,0.00,20.00,9.23,0.00,8.93,9.30,0.00,9.00,AStar,
1527,9.67,AgentPrefab,Agent,MoveState,Moving,Goal,20.00,0.00,20.00,9.23,0.00,8.93,9.30,0.00,9.00,AStar,
1528,9.68,AgentPrefab,Agent,MoveState,Moving,Goal,20.00,0.00,20.00,9.23,0.00,8.93,9.30,0.00,9.00,AStar,
1529,9.69,AgentPrefab,Agent,MoveState,Moving,Goal,20.00,0.00,20.00,9.23,0.00,8.93,9.30,0.00,9.00,AStar,
1530,9.69,AgentPrefab,Agent,MoveState,Moving,Goal,20.00,0.00,20.00,9.23,0.00,8.93,9.30,0.00,9.00,AStar,
1531,9.70,AgentPrefab,Agent,MoveState,Moving,Goal,20.00,0.00,20.00,9.23,0.00,8.93,9.30,0.00,9.00,AStar,
1532,9.70,AgentPrefab,Agent,MoveState,Moving,Goal,20.00,0.00,20.00,9.23,0.00,8.93,9.30,0.00,9.00,AStar,
1533,9.71,AgentPrefab,Agent,MoveState,Moving,Goal,20.00,0.00,20.00,9.23,0.00,8.93,9.30,0.00,9.00,AStar,
1534,9.72,AgentPrefab,Agent,MoveState,Moving,Goal,20.00,0.00,20.00,9.23,0.00,8.93,9.30,0.00,9.00,AStar,
1535,9.72,AgentPrefab,Agent,MoveState,Moving,Goal,20.00,0.00,20.00,9.23,0.00,8.93,9.30,0.00,9.00,AStar,
1536,9.73,AgentPrefab,Agent,MoveState,Moving,Goal,20.00,0.00,20.00,9.23,0.00,8.93,9.30,0.00,9.00,AStar,
1537,9.74,AgentPrefab,Agent,MoveState,Moving,Goal,20.00,0.00,20.00,9.23,0.00,8.93,9.30,0.00,9.00,AStar,
1538,9.74,AgentPrefab,Agent,MoveState,Moving,Goal,20.00,0.00,20.00,9.23,0.00,8.93,9.30,0.00,9.00,AStar,
1539,9.75,AgentPrefab,Agent,MoveState,Moving,Goal,20.00,0.00,20.00,9.23,0.00,8.93,9.30,0.00,9.00,AStar,
1540,9.76,AgentPrefab,Agent,MoveState,Moving,Goal,20.00,0.00,20.00,9.23,0.00,8.93,9.30,0.00,9.00,AStar,
1541,9.76,AgentPrefab,Agent,MoveState,Moving,Goal,20.00,0.00,20.00,9.23,0.00,8.93,9.30,0.00,9.00,AStar,
1542,9.77,AgentPrefab,Agent,MoveState,Moving,Goal,20.00,0.00,20.00,9.23,0.00,8.93,9.30,0.00,9.00,AStar,
1543,9.77,AgentPrefab,Agent,MoveState,Moving,Goal,20.00,0.00,20.00,9.23,0.00,8.93,9.30,0.00,9.00,AStar,
1544,9.78,AgentPrefab,Agent,MoveState,Moving,Goal,20.00,0.00,20.00,9.23,0.00,8.93,9.30,0.00,9.00,AStar,
1545,9.79,AgentPrefab,Agent,MoveState,Moving,Goal,20.00,0.00,20.00,9.23,0.00,8.93,9.30,0.00,9.00,AStar,
1546,9.79,AgentPrefab,Agent,MoveState,Moving,Goal,20.00,0.00,20.00,9.23,0.00,8.93,9.30,0.00,9.00,AStar,
1547,9.80,AgentPrefab,Agent,MoveState,Moving,Goal,20.00,0.00,20.00,9.23,0.00,8.93,9.30,0.00,9.00,AStar,
1548,9.81,AgentPrefab,Agent,MoveState,Moving,Goal,20.00,0.00,20.00,9.23,0.00,8.93,9.30,0.00,9.00,AStar,
1549,9.81,AgentPrefab,Agent,MoveState,Moving,Goal,20.00,0.00,20.00,9.23,0.00,8.93,9.30,0.00,9.00,AStar,
1550,9.82,AgentPrefab,Agent,MoveState,Moving,Goal,20.00,0.00,20.00,9.23,0.00,8.93,9.30,0.00,9.00,AStar,
1551,9.82,AgentPrefab,Agent,MoveState,Moving,Goal,20.00,0.00,20.00,9.23,0.00,8.93,9.30,0.00,9.00,AStar,
1552,9.83,AgentPrefab,Agent,MoveState,Moving,Goal,20.00,0.00,20.00,9.23,0.00,8.93,9.30,0.00,9.00,AStar,
1553,9.84,AgentPrefab,Agent,MoveState,Moving,Goal,20.00,0.00,20.00,9.23,0.00,8.93,9.30,0.00,9.00,AStar,
1554,9.84,AgentPrefab,Agent,MoveState,Moving,Goal,20.00,0.00,20.00,9.23,0.00,8.93,9.30,0.00,9.00,AStar,
1555,9.85,AgentPrefab,Agent,MoveState,Moving,Goal,20.00,0.00,20.00,9.23,0.00,8.93,9.30,0.00,9.00,AStar,
1556,9.86,AgentPrefab,Agent,MoveState,Moving,Goal,20.00,0.00,20.00,9.23,0.00,8.93,9.30,0.00,9.00,AStar,
1557,9.86,AgentPrefab,Agent,MoveState,Moving,Goal,20.00,0.00,20.00,9.23,0.00,8.93,9.30,0.00,9.00,AStar,
1558,9.87,AgentPrefab,Agent,MoveState,Moving,Goal,20.00,0.00,20.00,9.23,0.00,8.93,9.30,0.00,9.00,AStar,
1559,9.87,AgentPrefab,Agent,MoveState,Moving,Goal,20.00,0.00,20.00,9.23,0.00,8.93,9.30,0.00,9.00,AStar,
1560,9.88,AgentPrefab,Agent,MoveState,Moving,Goal,20.00,0.00,20.00,9.23,0.00,8.93,9.30,0.00,9.00,AStar,
1561,9.89,AgentPrefab,Agent,MoveState,Moving,Goal,20.00,0.00,20.00,9.23,0.00,8.93,9.30,0.00,9.00,AStar,
1562,9.89,AgentPrefab,Agent,MoveState,Moving,Goal,20.00,0.00,20.00,9.23,0.00,8.93,9.30,0.00,9.00,AStar,
1563,9.90,AgentPrefab,Agent,MoveState,Moving,Goal,20.00,0.00,20.00,9.23,0.00,8.93,9.30,0.00,9.00,AStar,
1564,9.91,AgentPrefab,Agent,MoveState,Moving,Goal,20.00,0.00,20.00,9.23,0.00,8.93,9.30,0.00,9.00,AStar,
1565,9.91,AgentPrefab,Agent,MoveState,Moving,Goal,20.00,0.00,20.00,9.23,0.00,8.93,9.30,0.00,9.00,AStar,
1566,9.92,AgentPrefab,Agent,MoveState,Moving,Goal,20.00,0.00,20.00,9.23,0.00,8.93,9.30,0.00,9.00,AStar,
1567,9.93,AgentPrefab,Agent,MoveState,Moving,Goal,20.00,0.00,20.00,9.23,0.00,8.93,9.30,0.00,9.00,AStar,
1568,9.94,AgentPrefab,Agent,MoveState,Moving,Goal,20.00,0.00,20.00,9.23,0.00,8.93,9.30,0.00,9.00,AStar,
1569,9.94,AgentPrefab,Agent,MoveState,Moving,Goal,20.00,0.00,20.00,9.23,0.00,8.93,9.30,0.00,9.00,AStar,
1570,9.95,AgentPrefab,Agent,MoveState,Moving,Goal,20.00,0.00,20.00,9.23,0.00,8.93,9.30,0.00,9.00,AStar,
1571,9.96,AgentPrefab,Agent,MoveState,Moving,Goal,20.00,0.00,20.00,9.23,0.00,8.93,9.30,0.00,9.00,AStar,
1572,9.97,AgentPrefab,Agent,MoveState,Moving,Goal,20.00,0.00,20.00,9.23,0.00,8.93,9.30,0.00,9.00,AStar,
1573,9.98,AgentPrefab,Agent,MoveState,Moving,Goal,20.00,0.00,20.00,9.23,0.00,8.93,9.30,0.00,9.00,AStar,
1574,9.98,AgentPrefab,Agent,MoveState,Moving,Goal,20.00,0.00,20.00,9.23,0.00,8.93,9.30,0.00,9.00,AStar,
1575,9.99,AgentPrefab,Agent,MoveState,Moving,Goal,20.00,0.00,20.00,9.23,0.00,8.93,9.30,0.00,9.00,AStar,
1576,10.00,AgentPrefab,Agent,MoveState,Moving,Goal,20.00,0.00,20.00,9.24,0.00,8.94,9.30,0.00,9.00,AStar,
1577,10.00,AgentPrefab,Agent,MoveState,Moving,Goal,20.00,0.00,20.00,9.25,0.00,8.95,9.30,0.00,9.00,AStar,
1578,10.01,AgentPrefab,Agent,MoveState,Moving,Goal,20.00,0.00,20.00,9.26,0.00,8.96,9.30,0.00,9.00,AStar,
1579,10.02,AgentPrefab,Agent,MoveState,Moving,Goal,20.00,0.00,20.00,9.30,0.00,9.00,10.00,0.00,9.70,AStar,
1580,10.02,AgentPrefab,Agent,MoveState,Moving,Goal,20.00,0.00,20.00,9.31,0.00,9.01,10.00,0.00,9.70,AStar,
1581,10.03,AgentPrefab,Agent,MoveState,Moving,Goal,20.00,0.00,20.00,9.32,0.00,9.02,10.00,0.00,9.70,AStar,
1582,10.04,AgentPrefab,Agent,MoveState,Moving,Goal,20.00,0.00,20.00,9.33,0.00,9.03,10.00,0.00,9.70,AStar,
1583,10.04,AgentPrefab,Agent,MoveState,Moving,Goal,20.00,0.00,20.00,9.34,0.00,9.04,10.00,0.00,9.70,AStar,
1584,10.05,AgentPrefab,Agent,MoveState,Moving,Goal,20.00,0.00,20.00,9.34,0.00,9.04,10.00,0.00,9.70,AStar,
1585,10.06,AgentPrefab,Agent,MoveState,Moving,Goal,20.00,0.00,20.00,9.35,0.00,9.05,10.00,0.00,9.70,AStar,
1586,10.06,AgentPrefab,Agent,MoveState,Moving,Goal,20.00,0.00,20.00,9.36,0.00,9.06,10.00,0.00,9.70,AStar,
1587,10.07,AgentPrefab,Agent,MoveState,Moving,Goal,20.00,0.00,20.00,9.37,0.00,9.07,10.00,0.00,9.70,AStar,
1588,10.07,AgentPrefab,Agent,MoveState,Moving,Goal,20.00,0.00,20.00,9.38,0.00,9.08,10.00,0.00,9.70,AStar,
1589,10.08,AgentPrefab,Agent,MoveState,Moving,Goal,20.00,0.00,20.00,9.39,0.00,9.09,10.00,0.00,9.70,AStar,
1590,10.09,AgentPrefab,Agent,MoveState,Moving,Goal,20.00,0.00,20.00,9.40,0.00,9.10,10.00,0.00,9.70,AStar,
1591,10.09,AgentPrefab,Agent,MoveState,Moving,Goal,20.00,0.00,20.00,9.41,0.00,9.11,10.00,0.00,9.70,AStar,
1592,10.10,AgentPrefab,Agent,MoveState,Moving,Goal,20.00,0.00,20.00,9.42,0.00,9.12,10.00,0.00,9.70,AStar,
1593,10.10,AgentPrefab,Agent,MoveState,Moving,Goal,20.00,0.00,20.00,9.42,0.00,9.12,10.00,0.00,9.70,AStar,
1594,10.11,AgentPrefab,Agent,MoveState,Moving,Goal,20.00,0.00,20.00,9.43,0.00,9.13,10.00,0.00,9.70,AStar,
1595,10.12,AgentPrefab,Agent,MoveState,Moving,Goal,20.00,0.00,20.00,9.44,0.00,9.14,10.00,0.00,9.70,AStar,
1596,10.12,AgentPrefab,Agent,MoveState,Moving,Goal,20.00,0.00,20.00,9.45,0.00,9.15,10.00,0.00,9.70,AStar,
1597,10.13,AgentPrefab,Agent,MoveState,Moving,Goal,20.00,0.00,20.00,9.46,0.00,9.16,10.00,0.00,9.70,AStar,
1598,10.14,AgentPrefab,Agent,MoveState,Moving,Goal,20.00,0.00,20.00,9.47,0.00,9.17,10.00,0.00,9.70,AStar,
1599,10.14,AgentPrefab,Agent,MoveState,Moving,Goal,20.00,0.00,20.00,9.48,0.00,9.18,10.00,0.00,9.70,AStar,
1600,10.15,AgentPrefab,Agent,MoveState,Moving,Goal,20.00,0.00,20.00,9.49,0.00,9.19,10.00,0.00,9.70,AStar,
1601,10.15,AgentPrefab,Agent,MoveState,Moving,Goal,20.00,0.00,20.00,9.50,0.00,9.20,10.00,0.00,9.70,AStar,
1602,10.16,AgentPrefab,Agent,MoveState,Moving,Goal,20.00,0.00,20.00,9.50,0.00,9.20,10.00,0.00,9.70,AStar,
1603,10.17,AgentPrefab,Agent,MoveState,Moving,Goal,20.00,0.00,20.00,9.51,0.00,9.21,10.00,0.00,9.70,AStar,
1604,10.17,AgentPrefab,Agent,MoveState,Moving,Goal,20.00,0.00,20.00,9.52,0.00,9.22,10.00,0.00,9.70,AStar,
1605,10.18,AgentPrefab,Agent,MoveState,Moving,Goal,20.00,0.00,20.00,9.53,0.00,9.23,10.00,0.00,9.70,AStar,
1606,10.19,AgentPrefab,Agent,MoveState,Moving,Goal,20.00,0.00,20.00,9.54,0.00,9.24,10.00,0.00,9.70,AStar,
1607,10.20,AgentPrefab,Agent,MoveState,Moving,Goal,20.00,0.00,20.00,9.55,0.00,9.25,10.00,0.00,9.70,AStar,
1608,10.20,AgentPrefab,Agent,MoveState,Moving,Goal,20.00,0.00,20.00,9.56,0.00,9.26,10.00,0.00,9.70,AStar,
1609,10.21,AgentPrefab,Agent,MoveState,Moving,Goal,20.00,0.00,20.00,9.57,0.00,9.27,10.00,0.00,9.70,AStar,
1610,10.22,AgentPrefab,Agent,MoveState,Moving,Goal,20.00,0.00,20.00,9.58,0.00,9.28,10.00,0.00,9.70,AStar,
1611,10.22,AgentPrefab,Agent,MoveState,Moving,Goal,20.00,0.00,20.00,9.59,0.00,9.29,10.00,0.00,9.70,AStar,
1612,10.23,AgentPrefab,Agent,MoveState,Moving,Goal,20.00,0.00,20.00,9.60,0.00,9.30,10.00,0.00,9.70,AStar,
1613,10.23,AgentPrefab,Agent,MoveState,Moving,Goal,20.00,0.00,20.00,9.61,0.00,9.31,10.00,0.00,9.70,AStar,
1614,10.24,AgentPrefab,Agent,MoveState,Moving,Goal,20.00,0.00,20.00,9.62,0.00,9.32,10.00,0.00,9.70,AStar,
1615,10.25,AgentPrefab,Agent,MoveState,Moving,Goal,20.00,0.00,20.00,9.62,0.00,9.32,10.00,0.00,9.70,AStar,
1616,10.25,AgentPrefab,Agent,MoveState,Moving,Goal,20.00,0.00,20.00,9.63,0.00,9.33,10.00,0.00,9.70,AStar,
1617,10.26,AgentPrefab,Agent,MoveState,Moving,Goal,20.00,0.00,20.00,9.64,0.00,9.34,10.00,0.00,9.70,AStar,
1618,10.26,AgentPrefab,Agent,MoveState,Moving,Goal,20.00,0.00,20.00,9.65,0.00,9.35,10.00,0.00,9.70,AStar,
1619,10.27,AgentPrefab,Agent,MoveState,Moving,Goal,20.00,0.00,20.00,9.66,0.00,9.36,10.00,0.00,9.70,AStar,
1620,10.28,AgentPrefab,Agent,MoveState,Moving,Goal,20.00,0.00,20.00,9.67,0.00,9.37,10.00,0.00,9.70,AStar,
1621,10.28,AgentPrefab,Agent,MoveState,Moving,Goal,20.00,0.00,20.00,9.68,0.00,9.38,10.00,0.00,9.70,AStar,
1622,10.29,AgentPrefab,Agent,MoveState,Moving,Goal,20.00,0.00,20.00,9.69,0.00,9.39,10.00,0.00,9.70,AStar,
1623,10.29,AgentPrefab,Agent,MoveState,Moving,Goal,20.00,0.00,20.00,9.69,0.00,9.39,10.00,0.00,9.70,AStar,
1624,10.30,AgentPrefab,Agent,MoveState,Moving,Goal,20.00,0.00,20.00,9.70,0.00,9.40,10.00,0.00,9.70,AStar,
1625,10.31,AgentPrefab,Agent,MoveState,Moving,Goal,20.00,0.00,20.00,9.71,0.00,9.41,10.00,0.00,9.70,AStar,
1626,10.31,AgentPrefab,Agent,MoveState,Moving,Goal,20.00,0.00,20.00,9.72,0.00,9.42,10.00,0.00,9.70,AStar,
1627,10.32,AgentPrefab,Agent,MoveState,Moving,Goal,20.00,0.00,20.00,9.73,0.00,9.43,10.00,0.00,9.70,AStar,
1628,10.33,AgentPrefab,Agent,MoveState,Moving,Goal,20.00,0.00,20.00,9.74,0.00,9.44,10.00,0.00,9.70,AStar,
1629,10.33,AgentPrefab,Agent,MoveState,Moving,Goal,20.00,0.00,20.00,9.75,0.00,9.45,10.00,0.00,9.70,AStar,
1630,10.34,AgentPrefab,Agent,MoveState,Moving,Goal,20.00,0.00,20.00,9.76,0.00,9.46,10.00,0.00,9.70,AStar,
1631,10.35,AgentPrefab,Agent,MoveState,Moving,Goal,20.00,0.00,20.00,9.77,0.00,9.47,10.00,0.00,9.70,AStar,
1632,10.35,AgentPrefab,Agent,MoveState,Moving,Goal,20.00,0.00,20.00,9.77,0.00,9.47,10.00,0.00,9.70,AStar,
1633,10.36,AgentPrefab,Agent,MoveState,Moving,Goal,20.00,0.00,20.00,9.78,0.00,9.48,10.00,0.00,9.70,AStar,
1634,10.36,AgentPrefab,Agent,MoveState,Moving,Goal,20.00,0.00,20.00,9.79,0.00,9.49,10.00,0.00,9.70,AStar,
1635,10.37,AgentPrefab,Agent,MoveState,Moving,Goal,20.00,0.00,20.00,9.80,0.00,9.50,10.00,0.00,9.70,AStar,
1636,10.38,AgentPrefab,Agent,MoveState,Moving,Goal,20.00,0.00,20.00,9.81,0.00,9.51,10.00,0.00,9.70,AStar,
1637,10.38,AgentPrefab,Agent,MoveState,Moving,Goal,20.00,0.00,20.00,9.82,0.00,9.52,10.00,0.00,9.70,AStar,
1638,10.39,AgentPrefab,Agent,MoveState,Moving,Goal,20.00,0.00,20.00,9.83,0.00,9.53,10.00,0.00,9.70,AStar,
1639,10.39,AgentPrefab,Agent,MoveState,Moving,Goal,20.00,0.00,20.00,9.84,0.00,9.54,10.00,0.00,9.70,AStar,
1640,10.40,AgentPrefab,Agent,MoveState,Moving,Goal,20.00,0.00,20.00,9.84,0.00,9.54,10.00,0.00,9.70,AStar,
1641,10.41,AgentPrefab,Agent,MoveState,Moving,Goal,20.00,0.00,20.00,9.85,0.00,9.55,10.00,0.00,9.70,AStar,
1642,10.41,AgentPrefab,Agent,MoveState,Moving,Goal,20.00,0.00,20.00,9.86,0.00,9.56,10.00,0.00,9.70,AStar,
1643,10.42,AgentPrefab,Agent,MoveState,Moving,Goal,20.00,0.00,20.00,9.87,0.00,9.57,10.00,0.00,9.70,AStar,
1644,10.43,AgentPrefab,Agent,MoveState,Moving,Goal,20.00,0.00,20.00,9.88,0.00,9.58,10.00,0.00,9.70,AStar,
1645,10.43,AgentPrefab,Agent,MoveState,Moving,Goal,20.00,0.00,20.00,9.89,0.00,9.59,10.00,0.00,9.70,AStar,
1646,10.44,AgentPrefab,Agent,MoveState,Moving,Goal,20.00,0.00,20.00,9.90,0.00,9.60,10.00,0.00,9.70,AStar,
1647,10.45,AgentPrefab,Agent,MoveState,Moving,Goal,20.00,0.00,20.00,9.91,0.00,9.61,10.00,0.00,9.70,AStar,
1648,10.45,AgentPrefab,Agent,MoveState,Moving,Goal,20.00,0.00,20.00,9.92,0.00,9.62,10.00,0.00,9.70,AStar,
1649,10.46,AgentPrefab,Agent,MoveState,Moving,Goal,20.00,0.00,20.00,9.92,0.00,9.62,10.00,0.00,9.70,AStar,
1650,10.46,AgentPrefab,Agent,MoveState,Moving,Goal,20.00,0.00,20.00,9.93,0.00,9.63,10.00,0.00,9.70,AStar,
1651,10.48,AgentPrefab,Agent,MoveState,Moving,Goal,20.00,0.00,20.00,9.94,0.00,9.64,10.00,0.00,9.70,AStar,
1652,10.49,AgentPrefab,Agent,MoveState,Moving,Goal,20.00,0.00,20.00,10.00,0.00,9.70,10.70,0.00,10.40,AStar,
1653,10.49,AgentPrefab,Agent,MoveState,Moving,Goal,20.00,0.00,20.00,10.01,0.00,9.71,10.70,0.00,10.40,AStar,
1654,10.50,AgentPrefab,Agent,MoveState,Moving,Goal,20.00,0.00,20.00,10.01,0.00,9.71,10.70,0.00,10.40,AStar,
1655,10.51,AgentPrefab,Agent,MoveState,Moving,Goal,20.00,0.00,20.00,10.02,0.00,9.72,10.70,0.00,10.40,AStar,
1656,10.51,AgentPrefab,Agent,MoveState,Moving,Goal,20.00,0.00,20.00,10.03,0.00,9.73,10.70,0.00,10.40,AStar,
1657,10.52,AgentPrefab,Agent,MoveState,Moving,Goal,20.00,0.00,20.00,10.04,0.00,9.74,10.70,0.00,10.40,AStar,
1658,10.52,AgentPrefab,Agent,MoveState,Moving,Goal,20.00,0.00,20.00,10.05,0.00,9.75,10.70,0.00,10.40,AStar,
1659,10.53,AgentPrefab,Agent,MoveState,Moving,Goal,20.00,0.00,20.00,10.06,0.00,9.76,10.70,0.00,10.40,AStar,
1660,10.54,AgentPrefab,Agent,MoveState,Moving,Goal,20.00,0.00,20.00,10.07,0.00,9.77,10.70,0.00,10.40,AStar,
1661,10.54,AgentPrefab,Agent,MoveState,Moving,Goal,20.00,0.00,20.00,10.08,0.00,9.78,10.70,0.00,10.40,AStar,
1662,10.55,AgentPrefab,Agent,MoveState,Moving,Goal,20.00,0.00,20.00,10.08,0.00,9.78,10.70,0.00,10.40,AStar,
1663,10.56,AgentPrefab,Agent,MoveState,Moving,Goal,20.00,0.00,20.00,10.09,0.00,9.79,10.70,0.00,10.40,AStar,
1664,10.56,AgentPrefab,Agent,MoveState,Moving,Goal,20.00,0.00,20.00,10.10,0.00,9.80,10.70,0.00,10.40,AStar,
1665,10.57,AgentPrefab,Agent,MoveState,Moving,Goal,20.00,0.00,20.00,10.11,0.00,9.81,10.70,0.00,10.40,AStar,
1666,10.57,AgentPrefab,Agent,MoveState,Moving,Goal,20.00,0.00,20.00,10.12,0.00,9.82,10.70,0.00,10.40,AStar,
1667,10.58,AgentPrefab,Agent,MoveState,Moving,Goal,20.00,0.00,20.00,10.13,0.00,9.83,10.70,0.00,10.40,AStar,
1668,10.59,AgentPrefab,Agent,MoveState,Moving,Goal,20.00,0.00,20.00,10.14,0.00,9.84,10.70,0.00,10.40,AStar,
1669,10.59,AgentPrefab,Agent,MoveState,Moving,Goal,20.00,0.00,20.00,10.15,0.00,9.85,10.70,0.00,10.40,AStar,
1670,10.60,AgentPrefab,Agent,MoveState,Moving,Goal,20.00,0.00,20.00,10.16,0.00,9.86,10.70,0.00,10.40,AStar,
1671,10.61,AgentPrefab,Agent,MoveState,Moving,Goal,20.00,0.00,20.00,10.17,0.00,9.87,10.70,0.00,10.40,AStar,
1672,10.61,AgentPrefab,Agent,MoveState,Moving,Goal,20.00,0.00,20.00,10.17,0.00,9.87,10.70,0.00,10.40,AStar,
1673,10.62,AgentPrefab,Agent,MoveState,Moving,Goal,20.00,0.00,20.00,10.18,0.00,9.88,10.70,0.00,10.40,AStar,
1674,10.63,AgentPrefab,Agent,MoveState,Moving,Goal,20.00,0.00,20.00,10.19,0.00,9.89,10.70,0.00,10.40,AStar,
1675,10.63,AgentPrefab,Agent,MoveState,Moving,Goal,20.00,0.00,20.00,10.20,0.00,9.90,10.70,0.00,10.40,AStar,
1676,10.64,AgentPrefab,Agent,MoveState,Moving,Goal,20.00,0.00,20.00,10.21,0.00,9.91,10.70,0.00,10.40,AStar,
1677,10.64,AgentPrefab,Agent,MoveState,Moving,Goal,20.00,0.00,20.00,10.22,0.00,9.92,10.70,0.00,10.40,AStar,
1678,10.65,AgentPrefab,Agent,MoveState,Moving,Goal,20.00,0.00,20.00,10.23,0.00,9.93,10.70,0.00,10.40,AStar,
1679,10.66,AgentPrefab,Agent,MoveState,Moving,Goal,20.00,0.00,20.00,10.24,0.00,9.94,10.70,0.00,10.40,AStar,
1680,10.66,AgentPrefab,Agent,MoveState,Moving,Goal,20.00,0.00,20.00,10.24,0.00,9.94,10.70,0.00,10.40,AStar,
1681,10.67,AgentPrefab,Agent,MoveState,Moving,Goal,20.00,0.00,20.00,10.25,0.00,9.95,10.70,0.00,10.40,AStar,
1682,10.68,AgentPrefab,Agent,MoveState,Moving,Goal,20.00,0.00,20.00,10.26,0.00,9.96,10.70,0.00,10.40,AStar,
1683,10.68,AgentPrefab,Agent,MoveState,Moving,Goal,20.00,0.00,20.00,10.27,0.00,9.97,10.70,0.00,10.40,AStar,
1684,10.69,AgentPrefab,Agent,MoveState,Moving,Goal,20.00,0.00,20.00,10.28,0.00,9.98,10.70,0.00,10.40,AStar,
1685,10.69,AgentPrefab,Agent,MoveState,Moving,Goal,20.00,0.00,20.00,10.29,0.00,9.99,10.70,0.00,10.40,AStar,
1686,10.70,AgentPrefab,Agent,MoveState,Moving,Goal,20.00,0.00,20.00,10.30,0.00,10.00,10.70,0.00,10.40,AStar,
1687,10.71,AgentPrefab,Agent,MoveState,Moving,Goal,20.00,0.00,20.00,10.31,0.00,10.01,10.70,0.00,10.40,AStar,
1688,10.71,AgentPrefab,Agent,MoveState,Moving,Goal,20.00,0.00,20.00,10.32,0.00,10.02,10.70,0.00,10.40,AStar,
1689,10.72,AgentPrefab,Agent,MoveState,Moving,Goal,20.00,0.00,20.00,10.32,0.00,10.02,10.70,0.00,10.40,AStar,
1690,10.73,AgentPrefab,Agent,MoveState,Moving,Goal,20.00,0.00,20.00,10.33,0.00,10.03,10.70,0.00,10.40,AStar,
1691,10.73,AgentPrefab,Agent,MoveState,Moving,Goal,20.00,0.00,20.00,10.34,0.00,10.04,10.70,0.00,10.40,AStar,
1692,10.74,AgentPrefab,Agent,MoveState,Moving,Goal,20.00,0.00,20.00,10.35,0.00,10.05,10.70,0.00,10.40,AStar,
1693,10.74,AgentPrefab,Agent,MoveState,Moving,Goal,20.00,0.00,20.00,10.36,0.00,10.06,10.70,0.00,10.40,AStar,
1694,10.75,AgentPrefab,Agent,MoveState,Moving,Goal,20.00,0.00,20.00,10.37,0.00,10.07,10.70,0.00,10.40,AStar,
1695,10.76,AgentPrefab,Agent,MoveState,Moving,Goal,20.00,0.00,20.00,10.38,0.00,10.08,10.70,0.00,10.40,AStar,
1696,10.76,AgentPrefab,Agent,MoveState,Moving,Goal,20.00,0.00,20.00,10.39,0.00,10.09,10.70,0.00,10.40,AStar,
1697,10.77,AgentPrefab,Agent,MoveState,Moving,Goal,20.00,0.00,20.00,10.40,0.00,10.10,10.70,0.00,10.40,AStar,
1698,10.78,AgentPrefab,Agent,MoveState,Moving,Goal,20.00,0.00,20.00,10.40,0.00,10.10,10.70,0.00,10.40,AStar,
1699,10.78,AgentPrefab,Agent,MoveState,Moving,Goal,20.00,0.00,20.00,10.41,0.00,10.11,10.70,0.00,10.40,AStar,
1700,10.79,AgentPrefab,Agent,MoveState,Moving,Goal,20.00,0.00,20.00,10.42,0.00,10.12,10.70,0.00,10.40,AStar,
1701,10.79,AgentPrefab,Agent,MoveState,Moving,Goal,20.00,0.00,20.00,10.43,0.00,10.13,10.70,0.00,10.40,AStar,
1702,10.80,AgentPrefab,Agent,MoveState,Moving,Goal,20.00,0.00,20.00,10.44,0.00,10.14,10.70,0.00,10.40,AStar,
1703,10.81,AgentPrefab,Agent,MoveState,Moving,Goal,20.00,0.00,20.00,10.45,0.00,10.15,10.70,0.00,10.40,AStar,
1704,10.81,AgentPrefab,Agent,MoveState,Moving,Goal,20.00,0.00,20.00,10.46,0.00,10.16,10.70,0.00,10.40,AStar,
1705,10.82,AgentPrefab,Agent,MoveState,Moving,Goal,20.00,0.00,20.00,10.47,0.00,10.17,10.70,0.00,10.40,AStar,
1706,10.83,AgentPrefab,Agent,MoveState,Moving,Goal,20.00,0.00,20.00,10.48,0.00,10.18,10.70,0.00,10.40,AStar,
1707,10.83,AgentPrefab,Agent,MoveState,Moving,Goal,20.00,0.00,20.00,10.48,0.00,10.18,10.70,0.00,10.40,AStar,
1708,10.84,AgentPrefab,Agent,MoveState,Moving,Goal,20.00,0.00,20.00,10.49,0.00,10.19,10.70,0.00,10.40,AStar,
1709,10.84,AgentPrefab,Agent,MoveState,Moving,Goal,20.00,0.00,20.00,10.50,0.00,10.20,10.70,0.00,10.40,AStar,
1710,10.85,AgentPrefab,Agent,MoveState,Moving,Goal,20.00,0.00,20.00,10.51,0.00,10.21,10.70,0.00,10.40,AStar,
1711,10.86,AgentPrefab,Agent,MoveState,Moving,Goal,20.00,0.00,20.00,10.52,0.00,10.22,10.70,0.00,10.40,AStar,
1712,10.86,AgentPrefab,Agent,MoveState,Moving,Goal,20.00,0.00,20.00,10.53,0.00,10.23,10.70,0.00,10.40,AStar,
1713,10.87,AgentPrefab,Agent,MoveState,Moving,Goal,20.00,0.00,20.00,10.54,0.00,10.24,10.70,0.00,10.40,AStar,
1714,10.88,AgentPrefab,Agent,MoveState,Moving,Goal,20.00,0.00,20.00,10.55,0.00,10.25,10.70,0.00,10.40,AStar,
1715,10.88,AgentPrefab,Agent,MoveState,Moving,Goal,20.00,0.00,20.00,10.55,0.00,10.25,10.70,0.00,10.40,AStar,
1716,10.89,AgentPrefab,Agent,MoveState,Moving,Goal,20.00,0.00,20.00,10.56,0.00,10.26,10.70,0.00,10.40,AStar,
1717,10.89,AgentPrefab,Agent,MoveState,Moving,Goal,20.00,0.00,20.00,10.57,0.00,10.27,10.70,0.00,10.40,AStar,
1718,10.90,AgentPrefab,Agent,MoveState,Moving,Goal,20.00,0.00,20.00,10.58,0.00,10.28,10.70,0.00,10.40,AStar,
1719,10.91,AgentPrefab,Agent,MoveState,Moving,Goal,20.00,0.00,20.00,10.59,0.00,10.29,10.70,0.00,10.40,AStar,
1720,10.91,AgentPrefab,Agent,MoveState,Moving,Goal,20.00,0.00,20.00,10.60,0.00,10.30,10.70,0.00,10.40,AStar,
1721,10.92,AgentPrefab,Agent,MoveState,Moving,Goal,20.00,0.00,20.00,10.61,0.00,10.31,10.70,0.00,10.40,AStar,
1722,10.93,AgentPrefab,Agent,MoveState,Moving,Goal,20.00,0.00,20.00,10.62,0.00,10.32,10.70,0.00,10.40,AStar,
1723,10.93,AgentPrefab,Agent,MoveState,Moving,Goal,20.00,0.00,20.00,10.63,0.00,10.33,10.70,0.00,10.40,AStar,
1724,10.94,AgentPrefab,Agent,MoveState,Moving,Goal,20.00,0.00,20.00,10.63,0.00,10.33,10.70,0.00,10.40,AStar,
1725,10.94,AgentPrefab,Agent,MoveState,Moving,Goal,20.00,0.00,20.00,10.64,0.00,10.34,10.70,0.00,10.40,AStar,
1726,10.95,AgentPrefab,Agent,MoveState,Moving,Goal,20.00,0.00,20.00,10.65,0.00,10.35,10.70,0.00,10.40,AStar,
1727,10.96,AgentPrefab,Agent,MoveState,Moving,Goal,20.00,0.00,20.00,10.66,0.00,10.36,10.70,0.00,10.40,AStar,
1728,10.96,AgentPrefab,Agent,MoveState,Moving,Goal,20.00,0.00,20.00,10.70,0.00,10.40,11.40,0.00,11.10,AStar,
1729,10.97,AgentPrefab,Agent,MoveState,Moving,Goal,20.00,0.00,20.00,10.71,0.00,10.41,11.40,0.00,11.10,AStar,
1730,10.98,AgentPrefab,Agent,MoveState,Moving,Goal,20.00,0.00,20.00,10.72,0.00,10.42,11.40,0.00,11.10,AStar,
1731,10.98,AgentPrefab,Agent,MoveState,Moving,Goal,20.00,0.00,20.00,10.73,0.00,10.43,11.40,0.00,11.10,AStar,
1732,10.99,AgentPrefab,Agent,MoveState,Moving,Goal,20.00,0.00,20.00,10.74,0.00,10.44,11.40,0.00,11.10,AStar,
1733,10.99,AgentPrefab,Agent,MoveState,Moving,Goal,20.00,0.00,20.00,10.75,0.00,10.45,11.40,0.00,11.10,AStar,
1734,11.00,AgentPrefab,Agent,MoveState,Moving,Goal,20.00,0.00,20.00,10.75,0.00,10.45,11.40,0.00,11.10,AStar,
1735,11.01,AgentPrefab,Agent,MoveState,Moving,Goal,20.00,0.00,20.00,10.76,0.00,10.46,11.40,0.00,11.10,AStar,
1736,11.01,AgentPrefab,Agent,MoveState,Moving,Goal,20.00,0.00,20.00,10.77,0.00,10.47,11.40,0.00,11.10,AStar,
1737,11.02,AgentPrefab,Agent,MoveState,Moving,Goal,20.00,0.00,20.00,10.78,0.00,10.48,11.40,0.00,11.10,AStar,
1738,11.03,AgentPrefab,Agent,MoveState,Moving,Goal,20.00,0.00,20.00,10.79,0.00,10.49,11.40,0.00,11.10,AStar,
1739,11.03,AgentPrefab,Agent,MoveState,Moving,Goal,20.00,0.00,20.00,10.80,0.00,10.50,11.40,0.00,11.10,AStar,
1740,11.04,AgentPrefab,Agent,MoveState,Moving,Goal,20.00,0.00,20.00,10.81,0.00,10.51,11.40,0.00,11.10,AStar,
1741,11.04,AgentPrefab,Agent,MoveState,Moving,Goal,20.00,0.00,20.00,10.82,0.00,10.52,11.40,0.00,11.10,AStar,
1742,11.05,AgentPrefab,Agent,MoveState,Moving,Goal,20.00,0.00,20.00,10.83,0.00,10.53,11.40,0.00,11.10,AStar,
1743,11.06,AgentPrefab,Agent,MoveState,Moving,Goal,20.00,0.00,20.00,10.84,0.00,10.54,11.40,0.00,11.10,AStar,
1744,11.07,AgentPrefab,Agent,MoveState,Moving,Goal,20.00,0.00,20.00,10.85,0.00,10.55,11.40,0.00,11.10,AStar,
1745,11.07,AgentPrefab,Agent,MoveState,Moving,Goal,20.00,0.00,20.00,10.86,0.00,10.56,11.40,0.00,11.10,AStar,
1746,11.08,AgentPrefab,Agent,MoveState,Moving,Goal,20.00,0.00,20.00,10.86,0.00,10.56,11.40,0.00,11.10,AStar,
1747,11.09,AgentPrefab,Agent,MoveState,Moving,Goal,20.00,0.00,20.00,10.87,0.00,10.57,11.40,0.00,11.10,AStar,
1748,11.09,AgentPrefab,Agent,MoveState,Moving,Goal,20.00,0.00,20.00,10.88,0.00,10.58,11.40,0.00,11.10,AStar,
1749,11.10,AgentPrefab,Agent,MoveState,Moving,Goal,20.00,0.00,20.00,10.89,0.00,10.59,11.40,0.00,11.10,AStar,
1750,11.10,AgentPrefab,Agent,MoveState,Moving,Goal,20.00,0.00,20.00,10.90,0.00,10.60,11.40,0.00,11.10,AStar,
1751,11.11,AgentPrefab,Agent,MoveState,Moving,Goal,20.00,0.00,20.00,10.91,0.00,10.61,11.40,0.00,11.10,AStar,
1752,11.12,AgentPrefab,Agent,MoveState,Moving,Goal,20.00,0.00,20.00,10.92,0.00,10.62,11.40,0.00,11.10,AStar,
1753,11.12,AgentPrefab,Agent,MoveState,Moving,Goal,20.00,0.00,20.00,10.93,0.00,10.63,11.40,0.00,11.10,AStar,
1754,11.13,AgentPrefab,Agent,MoveState,Moving,Goal,20.00,0.00,20.00,10.93,0.00,10.63,11.40,0.00,11.10,AStar,
1755,11.13,AgentPrefab,Agent,MoveState,Moving,Goal,20.00,0.00,20.00,10.94,0.00,10.64,11.40,0.00,11.10,AStar,
1756,11.14,AgentPrefab,Agent,MoveState,Moving,Goal,20.00,0.00,20.00,10.95,0.00,10.65,11.40,0.00,11.10,AStar,
1757,11.15,AgentPrefab,Agent,MoveState,Moving,Goal,20.00,0.00,20.00,10.96,0.00,10.66,11.40,0.00,11.10,AStar,
1758,11.15,AgentPrefab,Agent,MoveState,Moving,Goal,20.00,0.00,20.00,10.97,0.00,10.67,11.40,0.00,11.10,AStar,
1759,11.16,AgentPrefab,Agent,MoveState,Moving,Goal,20.00,0.00,20.00,10.98,0.00,10.68,11.40,0.00,11.10,AStar,
1760,11.17,AgentPrefab,Agent,MoveState,Moving,Goal,20.00,0.00,20.00,10.99,0.00,10.69,11.40,0.00,11.10,AStar,
1761,11.17,AgentPrefab,Agent,MoveState,Moving,Goal,20.00,0.00,20.00,11.00,0.00,10.70,11.40,0.00,11.10,AStar,
1762,11.18,AgentPrefab,Agent,MoveState,Moving,Goal,20.00,0.00,20.00,11.01,0.00,10.71,11.40,0.00,11.10,AStar,
1763,11.19,AgentPrefab,Agent,MoveState,Moving,Goal,20.00,0.00,20.00,11.01,0.00,10.71,11.40,0.00,11.10,AStar,
1764,11.19,AgentPrefab,Agent,MoveState,Moving,Goal,20.00,0.00,20.00,11.02,0.00,10.72,11.40,0.00,11.10,AStar,
1765,11.20,AgentPrefab,Agent,MoveState,Moving,Goal,20.00,0.00,20.00,11.03,0.00,10.73,11.40,0.00,11.10,AStar,
1766,11.20,AgentPrefab,Agent,MoveState,Moving,Goal,20.00,0.00,20.00,11.04,0.00,10.74,11.40,0.00,11.10,AStar,
1767,11.21,AgentPrefab,Agent,MoveState,Moving,Goal,20.00,0.00,20.00,11.05,0.00,10.75,11.40,0.00,11.10,AStar,
1768,11.22,AgentPrefab,Agent,MoveState,Moving,Goal,20.00,0.00,20.00,11.06,0.00,10.76,11.40,0.00,11.10,AStar,
1769,11.22,AgentPrefab,Agent,MoveState,Moving,Goal,20.00,0.00,20.00,11.07,0.00,10.77,11.40,0.00,11.10,AStar,
1770,11.23,AgentPrefab,Agent,MoveState,Moving,Goal,20.00,0.00,20.00,11.08,0.00,10.78,11.40,0.00,11.10,AStar,
1771,11.24,AgentPrefab,Agent,MoveState,Moving,Goal,20.00,0.00,20.00,11.09,0.00,10.79,11.40,0.00,11.10,AStar,
1772,11.24,AgentPrefab,Agent,MoveState,Moving,Goal,20.00,0.00,20.00,11.09,0.00,10.79,11.40,0.00,11.10,AStar,
1773,11.25,AgentPrefab,Agent,MoveState,Moving,Goal,20.00,0.00,20.00,11.10,0.00,10.80,11.40,0.00,11.10,AStar,
1774,11.25,AgentPrefab,Agent,MoveState,Moving,Goal,20.00,0.00,20.00,11.11,0.00,10.81,11.40,0.00,11.10,AStar,
1775,11.26,AgentPrefab,Agent,MoveState,Moving,Goal,20.00,0.00,20.00,11.12,0.00,10.82,11.40,0.00,11.10,AStar,
1776,11.27,AgentPrefab,Agent,MoveState,Moving,Goal,20.00,0.00,20.00,11.13,0.00,10.83,11.40,0.00,11.10,AStar,
1777,11.27,AgentPrefab,Agent,MoveState,Moving,Goal,20.00,0.00,20.00,11.14,0.00,10.84,11.40,0.00,11.10,AStar,
1778,11.28,AgentPrefab,Agent,MoveState,Moving,Goal,20.00,0.00,20.00,11.15,0.00,10.85,11.40,0.00,11.10,AStar,
1779,11.29,AgentPrefab,Agent,MoveState,Moving,Goal,20.00,0.00,20.00,11.16,0.00,10.86,11.40,0.00,11.10,AStar,
1780,11.29,AgentPrefab,Agent,MoveState,Moving,Goal,20.00,0.00,20.00,11.17,0.00,10.87,11.40,0.00,11.10,AStar,
1781,11.30,AgentPrefab,Agent,MoveState,Moving,Goal,20.00,0.00,20.00,11.17,0.00,10.87,11.40,0.00,11.10,AStar,
1782,11.30,AgentPrefab,Agent,MoveState,Moving,Goal,20.00,0.00,20.00,11.18,0.00,10.88,11.40,0.00,11.10,AStar,
1783,11.31,AgentPrefab,Agent,MoveState,Moving,Goal,20.00,0.00,20.00,11.19,0.00,10.89,11.40,0.00,11.10,AStar,
1784,11.32,AgentPrefab,Agent,MoveState,Moving,Goal,20.00,0.00,20.00,11.20,0.00,10.90,11.40,0.00,11.10,AStar,
1785,11.32,AgentPrefab,Agent,MoveState,Moving,Goal,20.00,0.00,20.00,11.21,0.00,10.91,11.40,0.00,11.10,AStar,
1786,11.33,AgentPrefab,Agent,MoveState,Moving,Goal,20.00,0.00,20.00,11.22,0.00,10.92,11.40,0.00,11.10,AStar,
1787,11.33,AgentPrefab,Agent,MoveState,Moving,Goal,20.00,0.00,20.00,11.23,0.00,10.93,11.40,0.00,11.10,AStar,
1788,11.34,AgentPrefab,Agent,MoveState,Moving,Goal,20.00,0.00,20.00,11.24,0.00,10.94,11.40,0.00,11.10,AStar,
1789,11.35,AgentPrefab,Agent,MoveState,Moving,Goal,20.00,0.00,20.00,11.24,0.00,10.94,11.40,0.00,11.10,AStar,
1790,11.35,AgentPrefab,Agent,MoveState,Moving,Goal,20.00,0.00,20.00,11.25,0.00,10.95,11.40,0.00,11.10,AStar,
1791,11.36,AgentPrefab,Agent,MoveState,Moving,Goal,20.00,0.00,20.00,11.26,0.00,10.96,11.40,0.00,11.10,AStar,
1792,11.37,AgentPrefab,Agent,MoveState,Moving,Goal,20.00,0.00,20.00,11.27,0.00,10.97,11.40,0.00,11.10,AStar,
1793,11.37,AgentPrefab,Agent,MoveState,Moving,Goal,20.00,0.00,20.00,11.28,0.00,10.98,11.40,0.00,11.10,AStar,
1794,11.38,AgentPrefab,Agent,MoveState,Moving,Goal,20.00,0.00,20.00,11.29,0.00,10.99,11.40,0.00,11.10,AStar,
1795,11.38,AgentPrefab,Agent,MoveState,Moving,Goal,20.00,0.00,20.00,11.30,0.00,11.00,11.40,0.00,11.10,AStar,
1796,11.40,AgentPrefab,Agent,MoveState,Moving,Goal,20.00,0.00,20.00,11.31,0.00,11.01,11.40,0.00,11.10,AStar,
1797,11.41,AgentPrefab,Agent,MoveState,Moving,Goal,20.00,0.00,20.00,11.33,0.00,11.03,11.40,0.00,11.10,AStar,
1798,11.41,AgentPrefab,Agent,MoveState,Moving,Goal,20.00,0.00,20.00,11.34,0.00,11.04,11.40,0.00,11.10,AStar,
1799,11.42,AgentPrefab,Agent,MoveState,Moving,Goal,20.00,0.00,20.00,11.35,0.00,11.05,11.40,0.00,11.10,AStar,
1800,11.43,AgentPrefab,Agent,MoveState,Moving,Goal,20.00,0.00,20.00,11.36,0.00,11.06,11.40,0.00,11.10,AStar,
1801,11.43,AgentPrefab,Agent,MoveState,Moving,Goal,20.00,0.00,20.00,11.40,0.00,11.10,12.10,0.00,11.80,AStar,
1802,11.44,AgentPrefab,Agent,MoveState,Moving,Goal,20.00,0.00,20.00,11.41,0.00,11.11,12.10,0.00,11.80,AStar,
1803,11.45,AgentPrefab,Agent,MoveState,Moving,Goal,20.00,0.00,20.00,11.42,0.00,11.12,12.10,0.00,11.80,AStar,
1804,11.45,AgentPrefab,Agent,MoveState,Moving,Goal,20.00,0.00,20.00,11.43,0.00,11.13,12.10,0.00,11.80,AStar,
1805,11.46,AgentPrefab,Agent,MoveState,Moving,Goal,20.00,0.00,20.00,11.43,0.00,11.13,12.10,0.00,11.80,AStar,
1806,11.46,AgentPrefab,Agent,MoveState,Moving,Goal,20.00,0.00,20.00,11.44,0.00,11.14,12.10,0.00,11.80,AStar,
1807,11.47,AgentPrefab,Agent,MoveState,Moving,Goal,20.00,0.00,20.00,11.45,0.00,11.15,12.10,0.00,11.80,AStar,
1808,11.48,AgentPrefab,Agent,MoveState,Moving,Goal,20.00,0.00,20.00,11.46,0.00,11.16,12.10,0.00,11.80,AStar,
1809,11.48,AgentPrefab,Agent,MoveState,Moving,Goal,20.00,0.00,20.00,11.47,0.00,11.17,12.10,0.00,11.80,AStar,
1810,11.49,AgentPrefab,Agent,MoveState,Moving,Goal,20.00,0.00,20.00,11.48,0.00,11.18,12.10,0.00,11.80,AStar,
1811,11.49,AgentPrefab,Agent,MoveState,Moving,Goal,20.00,0.00,20.00,11.49,0.00,11.19,12.10,0.00,11.80,AStar,
1812,11.50,AgentPrefab,Agent,MoveState,Moving,Goal,20.00,0.00,20.00,11.50,0.00,11.20,12.10,0.00,11.80,AStar,
1813,11.51,AgentPrefab,Agent,MoveState,Moving,Goal,20.00,0.00,20.00,11.51,0.00,11.21,12.10,0.00,11.80,AStar,
1814,11.51,AgentPrefab,Agent,MoveState,Moving,Goal,20.00,0.00,20.00,11.51,0.00,11.21,12.10,0.00,11.80,AStar,
1815,11.52,AgentPrefab,Agent,MoveState,Moving,Goal,20.00,0.00,20.00,11.52,0.00,11.22,12.10,0.00,11.80,AStar,
1816,11.53,AgentPrefab,Agent,MoveState,Moving,Goal,20.00,0.00,20.00,11.53,0.00,11.23,12.10,0.00,11.80,AStar,
1817,11.53,AgentPrefab,Agent,MoveState,Moving,Goal,20.00,0.00,20.00,11.54,0.00,11.24,12.10,0.00,11.80,AStar,
1818,11.54,AgentPrefab,Agent,MoveState,Moving,Goal,20.00,0.00,20.00,11.55,0.00,11.25,12.10,0.00,11.80,AStar,
1819,11.54,AgentPrefab,Agent,MoveState,Moving,Goal,20.00,0.00,20.00,11.56,0.00,11.26,12.10,0.00,11.80,AStar,
1820,11.55,AgentPrefab,Agent,MoveState,Moving,Goal,20.00,0.00,20.00,11.57,0.00,11.27,12.10,0.00,11.80,AStar,
1821,11.56,AgentPrefab,Agent,MoveState,Moving,Goal,20.00,0.00,20.00,11.58,0.00,11.28,12.10,0.00,11.80,AStar,
1822,11.57,AgentPrefab,Agent,MoveState,Moving,Goal,20.00,0.00,20.00,11.59,0.00,11.29,12.10,0.00,11.80,AStar,
1823,11.57,AgentPrefab,Agent,MoveState,Moving,Goal,20.00,0.00,20.00,11.60,0.00,11.30,12.10,0.00,11.80,AStar,
1824,11.58,AgentPrefab,Agent,MoveState,Moving,Goal,20.00,0.00,20.00,11.61,0.00,11.31,12.10,0.00,11.80,AStar,
1825,11.59,AgentPrefab,Agent,MoveState,Moving,Goal,20.00,0.00,20.00,11.62,0.00,11.32,12.10,0.00,11.80,AStar,
1826,11.59,AgentPrefab,Agent,MoveState,Moving,Goal,20.00,0.00,20.00,11.63,0.00,11.33,12.10,0.00,11.80,AStar,
1827,11.60,AgentPrefab,Agent,MoveState,Moving,Goal,20.00,0.00,20.00,11.63,0.00,11.33,12.10,0.00,11.80,AStar,
1828,11.60,AgentPrefab,Agent,MoveState,Moving,Goal,20.00,0.00,20.00,11.64,0.00,11.34,12.10,0.00,11.80,AStar,
1829,11.61,AgentPrefab,Agent,MoveState,Moving,Goal,20.00,0.00,20.00,11.65,0.00,11.35,12.10,0.00,11.80,AStar,
1830,11.62,AgentPrefab,Agent,MoveState,Moving,Goal,20.00,0.00,20.00,11.66,0.00,11.36,12.10,0.00,11.80,AStar,
1831,11.62,AgentPrefab,Agent,MoveState,Moving,Goal,20.00,0.00,20.00,11.67,0.00,11.37,12.10,0.00,11.80,AStar,
1832,11.63,AgentPrefab,Agent,MoveState,Moving,Goal,20.00,0.00,20.00,11.68,0.00,11.38,12.10,0.00,11.80,AStar,
1833,11.64,AgentPrefab,Agent,MoveState,Moving,Goal,20.00,0.00,20.00,11.69,0.00,11.39,12.10,0.00,11.80,AStar,
1834,11.64,AgentPrefab,Agent,MoveState,Moving,Goal,20.00,0.00,20.00,11.70,0.00,11.40,12.10,0.00,11.80,AStar,
1835,11.65,AgentPrefab,Agent,MoveState,Moving,Goal,20.00,0.00,20.00,11.70,0.00,11.40,12.10,0.00,11.80,AStar,
1836,11.65,AgentPrefab,Agent,MoveState,Moving,Goal,20.00,0.00,20.00,11.71,0.00,11.41,12.10,0.00,11.80,AStar,
1837,11.66,AgentPrefab,Agent,MoveState,Moving,Goal,20.00,0.00,20.00,11.72,0.00,11.42,12.10,0.00,11.80,AStar,
1838,11.67,AgentPrefab,Agent,MoveState,Moving,Goal,20.00,0.00,20.00,11.73,0.00,11.43,12.10,0.00,11.80,AStar,
1839,11.67,AgentPrefab,Agent,MoveState,Moving,Goal,20.00,0.00,20.00,11.74,0.00,11.44,12.10,0.00,11.80,AStar,
1840,11.68,AgentPrefab,Agent,MoveState,Moving,Goal,20.00,0.00,20.00,11.75,0.00,11.45,12.10,0.00,11.80,AStar,
1841,11.69,AgentPrefab,Agent,MoveState,Moving,Goal,20.00,0.00,20.00,11.76,0.00,11.46,12.10,0.00,11.80,AStar,
1842,11.69,AgentPrefab,Agent,MoveState,Moving,Goal,20.00,0.00,20.00,11.77,0.00,11.47,12.10,0.00,11.80,AStar,
1843,11.70,AgentPrefab,Agent,MoveState,Moving,Goal,20.00,0.00,20.00,11.77,0.00,11.47,12.10,0.00,11.80,AStar,
1844,11.70,AgentPrefab,Agent,MoveState,Moving,Goal,20.00,0.00,20.00,11.78,0.00,11.48,12.10,0.00,11.80,AStar,
1845,11.71,AgentPrefab,Agent,MoveState,Moving,Goal,20.00,0.00,20.00,11.79,0.00,11.49,12.10,0.00,11.80,AStar,
1846,11.72,AgentPrefab,Agent,MoveState,Moving,Goal,20.00,0.00,20.00,11.80,0.00,11.50,12.10,0.00,11.80,AStar,
1847,11.72,AgentPrefab,Agent,MoveState,Moving,Goal,20.00,0.00,20.00,11.81,0.00,11.51,12.10,0.00,11.80,AStar,
1848,11.73,AgentPrefab,Agent,MoveState,Moving,Goal,20.00,0.00,20.00,11.82,0.00,11.52,12.10,0.00,11.80,AStar,
1849,11.74,AgentPrefab,Agent,MoveState,Moving,Goal,20.00,0.00,20.00,11.83,0.00,11.53,12.10,0.00,11.80,AStar,
1850,11.74,AgentPrefab,Agent,MoveState,Moving,Goal,20.00,0.00,20.00,11.84,0.00,11.54,12.10,0.00,11.80,AStar,
1851,11.75,AgentPrefab,Agent,MoveState,Moving,Goal,20.00,0.00,20.00,11.85,0.00,11.55,12.10,0.00,11.80,AStar,
1852,11.76,AgentPrefab,Agent,MoveState,Moving,Goal,20.00,0.00,20.00,11.86,0.00,11.56,12.10,0.00,11.80,AStar,
1853,11.76,AgentPrefab,Agent,MoveState,Moving,Goal,20.00,0.00,20.00,11.87,0.00,11.57,12.10,0.00,11.80,AStar,
1854,11.77,AgentPrefab,Agent,MoveState,Moving,Goal,20.00,0.00,20.00,11.88,0.00,11.58,12.10,0.00,11.80,AStar,
1855,11.77,AgentPrefab,Agent,MoveState,Moving,Goal,20.00,0.00,20.00,11.88,0.00,11.58,12.10,0.00,11.80,AStar,
1856,11.78,AgentPrefab,Agent,MoveState,Moving,Goal,20.00,0.00,20.00,11.89,0.00,11.59,12.10,0.00,11.80,AStar,
1857,11.79,AgentPrefab,Agent,MoveState,Moving,Goal,20.00,0.00,20.00,11.90,0.00,11.60,12.10,0.00,11.80,AStar,
1858,11.79,AgentPrefab,Agent,MoveState,Moving,Goal,20.00,0.00,20.00,11.91,0.00,11.61,12.10,0.00,11.80,AStar,
1859,11.80,AgentPrefab,Agent,MoveState,Moving,Goal,20.00,0.00,20.00,11.92,0.00,11.62,12.10,0.00,11.80,AStar,
1860,11.81,AgentPrefab,Agent,MoveState,Moving,Goal,20.00,0.00,20.00,11.93,0.00,11.63,12.10,0.00,11.80,AStar,
1861,11.81,AgentPrefab,Agent,MoveState,Moving,Goal,20.00,0.00,20.00,11.94,0.00,11.64,12.10,0.00,11.80,AStar,
1862,11.82,AgentPrefab,Agent,MoveState,Moving,Goal,20.00,0.00,20.00,11.95,0.00,11.65,12.10,0.00,11.80,AStar,
1863,11.82,AgentPrefab,Agent,MoveState,Moving,Goal,20.00,0.00,20.00,11.95,0.00,11.65,12.10,0.00,11.80,AStar,
1864,11.83,AgentPrefab,Agent,MoveState,Moving,Goal,20.00,0.00,20.00,11.96,0.00,11.66,12.10,0.00,11.80,AStar,
1865,11.84,AgentPrefab,Agent,MoveState,Moving,Goal,20.00,0.00,20.00,11.97,0.00,11.67,12.10,0.00,11.80,AStar,
1866,11.84,AgentPrefab,Agent,MoveState,Moving,Goal,20.00,0.00,20.00,11.98,0.00,11.68,12.10,0.00,11.80,AStar,
1867,11.85,AgentPrefab,Agent,MoveState,Moving,Goal,20.00,0.00,20.00,11.99,0.00,11.69,12.10,0.00,11.80,AStar,
1868,11.86,AgentPrefab,Agent,MoveState,Moving,Goal,20.00,0.00,20.00,12.00,0.00,11.70,12.10,0.00,11.80,AStar,
1869,11.86,AgentPrefab,Agent,MoveState,Moving,Goal,20.00,0.00,20.00,12.01,0.00,11.71,12.10,0.00,11.80,AStar,
1870,11.87,AgentPrefab,Agent,MoveState,Moving,Goal,20.00,0.00,20.00,12.02,0.00,11.72,12.10,0.00,11.80,AStar,
1871,11.87,AgentPrefab,Agent,MoveState,Moving,Goal,20.00,0.00,20.00,12.03,0.00,11.73,12.10,0.00,11.80,AStar,
1872,11.88,AgentPrefab,Agent,MoveState,Moving,Goal,20.00,0.00,20.00,12.03,0.00,11.73,12.10,0.00,11.80,AStar,
1873,11.89,AgentPrefab,Agent,MoveState,Moving,Goal,20.00,0.00,20.00,12.04,0.00,11.74,12.10,0.00,11.80,AStar,
1874,11.89,AgentPrefab,Agent,MoveState,Moving,Goal,20.00,0.00,20.00,12.05,0.00,11.75,12.10,0.00,11.80,AStar,
1875,11.90,AgentPrefab,Agent,MoveState,Moving,Goal,20.00,0.00,20.00,12.06,0.00,11.76,12.10,0.00,11.80,AStar,
1876,11.91,AgentPrefab,Agent,MoveState,Moving,Goal,20.00,0.00,20.00,12.10,0.00,11.80,12.80,0.00,12.50,AStar,
1877,11.91,AgentPrefab,Agent,MoveState,Moving,Goal,20.00,0.00,20.00,12.11,0.00,11.81,12.80,0.00,12.50,AStar,
1878,11.92,AgentPrefab,Agent,MoveState,Moving,Goal,20.00,0.00,20.00,12.12,0.00,11.82,12.80,0.00,12.50,AStar,
1879,11.93,AgentPrefab,Agent,MoveState,Moving,Goal,20.00,0.00,20.00,12.13,0.00,11.83,12.80,0.00,12.50,AStar,
1880,11.93,AgentPrefab,Agent,MoveState,Moving,Goal,20.00,0.00,20.00,12.14,0.00,11.84,12.80,0.00,12.50,AStar,
1881,11.94,AgentPrefab,Agent,MoveState,Moving,Goal,20.00,0.00,20.00,12.15,0.00,11.85,12.80,0.00,12.50,AStar,
1882,11.95,AgentPrefab,Agent,MoveState,Moving,Goal,20.00,0.00,20.00,12.15,0.00,11.85,12.80,0.00,12.50,AStar,
1883,11.95,AgentPrefab,Agent,MoveState,Moving,Goal,20.00,0.00,20.00,12.16,0.00,11.86,12.80,0.00,12.50,AStar,
1884,11.96,AgentPrefab,Agent,MoveState,Moving,Goal,20.00,0.00,20.00,12.17,0.00,11.87,12.80,0.00,12.50,AStar,
1885,11.96,AgentPrefab,Agent,MoveState,Moving,Goal,20.00,0.00,20.00,12.18,0.00,11.88,12.80,0.00,12.50,AStar,
1886,11.97,AgentPrefab,Agent,MoveState,Moving,Goal,20.00,0.00,20.00,12.19,0.00,11.89,12.80,0.00,12.50,AStar,
1887,11.98,AgentPrefab,Agent,MoveState,Moving,Goal,20.00,0.00,20.00,12.20,0.00,11.90,12.80,0.00,12.50,AStar,
1888,11.98,AgentPrefab,Agent,MoveState,Moving,Goal,20.00,0.00,20.00,12.21,0.00,11.91,12.80,0.00,12.50,AStar,
1889,11.99,AgentPrefab,Agent,MoveState,Moving,Goal,20.00,0.00,20.00,12.21,0.00,11.91,12.80,0.00,12.50,AStar,
1890,11.99,AgentPrefab,Agent,MoveState,Moving,Goal,20.00,0.00,20.00,12.23,0.00,11.93,12.80,0.00,12.50,AStar,
1891,12.00,AgentPrefab,Agent,MoveState,Moving,Goal,20.00,0.00,20.00,12.23,0.00,11.93,12.80,0.00,12.50,AStar,
1892,12.01,AgentPrefab,Agent,MoveState,Moving,Goal,20.00,0.00,20.00,12.24,0.00,11.94,12.80,0.00,12.50,AStar,
1893,12.01,AgentPrefab,Agent,MoveState,Moving,Goal,20.00,0.00,20.00,12.25,0.00,11.95,12.80,0.00,12.50,AStar,
1894,12.02,AgentPrefab,Agent,MoveState,Moving,Goal,20.00,0.00,20.00,12.26,0.00,11.96,12.80,0.00,12.50,AStar,
1895,12.03,AgentPrefab,Agent,MoveState,Moving,Goal,20.00,0.00,20.00,12.27,0.00,11.97,12.80,0.00,12.50,AStar,
1896,12.03,AgentPrefab,Agent,MoveState,Moving,Goal,20.00,0.00,20.00,12.28,0.00,11.98,12.80,0.00,12.50,AStar,
1897,12.04,AgentPrefab,Agent,MoveState,Moving,Goal,20.00,0.00,20.00,12.29,0.00,11.99,12.80,0.00,12.50,AStar,
1898,12.04,AgentPrefab,Agent,MoveState,Moving,Goal,20.00,0.00,20.00,12.29,0.00,11.99,12.80,0.00,12.50,AStar,
1899,12.05,AgentPrefab,Agent,MoveState,Moving,Goal,20.00,0.00,20.00,12.30,0.00,12.00,12.80,0.00,12.50,AStar,
1900,12.06,AgentPrefab,Agent,MoveState,Moving,Goal,20.00,0.00,20.00,12.31,0.00,12.01,12.80,0.00,12.50,AStar,
1901,12.07,AgentPrefab,Agent,MoveState,Moving,Goal,20.00,0.00,20.00,12.32,0.00,12.02,12.80,0.00,12.50,AStar,
1902,12.07,AgentPrefab,Agent,MoveState,Moving,Goal,20.00,0.00,20.00,12.33,0.00,12.03,12.80,0.00,12.50,AStar,
1903,12.08,AgentPrefab,Agent,MoveState,Moving,Goal,20.00,0.00,20.00,12.34,0.00,12.04,12.80,0.00,12.50,AStar,
1904,12.09,AgentPrefab,Agent,MoveState,Moving,Goal,20.00,0.00,20.00,12.35,0.00,12.05,12.80,0.00,12.50,AStar,
1905,12.09,AgentPrefab,Agent,MoveState,Moving,Goal,20.00,0.00,20.00,12.36,0.00,12.06,12.80,0.00,12.50,AStar,
1906,12.10,AgentPrefab,Agent,MoveState,Moving,Goal,20.00,0.00,20.00,12.37,0.00,12.07,12.80,0.00,12.50,AStar,
1907,12.10,AgentPrefab,Agent,MoveState,Moving,Goal,20.00,0.00,20.00,12.38,0.00,12.08,12.80,0.00,12.50,AStar,
1908,12.11,AgentPrefab,Agent,MoveState,Moving,Goal,20.00,0.00,20.00,12.39,0.00,12.09,12.80,0.00,12.50,AStar,
1909,12.12,AgentPrefab,Agent,MoveState,Moving,Goal,20.00,0.00,20.00,12.40,0.00,12.10,12.80,0.00,12.50,AStar,
1910,12.12,AgentPrefab,Agent,MoveState,Moving,Goal,20.00,0.00,20.00,12.40,0.00,12.10,12.80,0.00,12.50,AStar,
1911,12.13,AgentPrefab,Agent,MoveState,Moving,Goal,20.00,0.00,20.00,12.41,0.00,12.11,12.80,0.00,12.50,AStar,
1912,12.13,AgentPrefab,Agent,MoveState,Moving,Goal,20.00,0.00,20.00,12.42,0.00,12.12,12.80,0.00,12.50,AStar,
1913,12.14,AgentPrefab,Agent,MoveState,Moving,Goal,20.00,0.00,20.00,12.43,0.00,12.13,12.80,0.00,12.50,AStar,
1914,12.15,AgentPrefab,Agent,MoveState,Moving,Goal,20.00,0.00,20.00,12.44,0.00,12.14,12.80,0.00,12.50,AStar,
1915,12.15,AgentPrefab,Agent,MoveState,Moving,Goal,20.00,0.00,20.00,12.45,0.00,12.15,12.80,0.00,12.50,AStar,
1916,12.16,AgentPrefab,Agent,MoveState,Moving,Goal,20.00,0.00,20.00,12.46,0.00,12.16,12.80,0.00,12.50,AStar,
1917,12.17,AgentPrefab,Agent,MoveState,Moving,Goal,20.00,0.00,20.00,12.46,0.00,12.16,12.80,0.00,12.50,AStar,
1918,12.17,AgentPrefab,Agent,MoveState,Moving,Goal,20.00,0.00,20.00,12.48,0.00,12.18,12.80,0.00,12.50,AStar,
1919,12.18,AgentPrefab,Agent,MoveState,Moving,Goal,20.00,0.00,20.00,12.48,0.00,12.18,12.80,0.00,12.50,AStar,
1920,12.18,AgentPrefab,Agent,MoveState,Moving,Goal,20.00,0.00,20.00,12.49,0.00,12.19,12.80,0.00,12.50,AStar,
1921,12.19,AgentPrefab,Agent,MoveState,Moving,Goal,20.00,0.00,20.00,12.50,0.00,12.20,12.80,0.00,12.50,AStar,
1922,12.20,AgentPrefab,Agent,MoveState,Moving,Goal,20.00,0.00,20.00,12.51,0.00,12.21,12.80,0.00,12.50,AStar,
1923,12.20,AgentPrefab,Agent,MoveState,Moving,Goal,20.00,0.00,20.00,12.52,0.00,12.22,12.80,0.00,12.50,AStar,
1924,12.21,AgentPrefab,Agent,MoveState,Moving,Goal,20.00,0.00,20.00,12.53,0.00,12.23,12.80,0.00,12.50,AStar,
1925,12.22,AgentPrefab,Agent,MoveState,Moving,Goal,20.00,0.00,20.00,12.54,0.00,12.24,12.80,0.00,12.50,AStar,
1926,12.22,AgentPrefab,Agent,MoveState,Moving,Goal,20.00,0.00,20.00,12.55,0.00,12.25,12.80,0.00,12.50,AStar,
1927,12.23,AgentPrefab,Agent,MoveState,Moving,Goal,20.00,0.00,20.00,12.56,0.00,12.26,12.80,0.00,12.50,AStar,
1928,12.24,AgentPrefab,Agent,MoveState,Moving,Goal,20.00,0.00,20.00,12.56,0.00,12.26,12.80,0.00,12.50,AStar,
1929,12.24,AgentPrefab,Agent,MoveState,Moving,Goal,20.00,0.00,20.00,12.57,0.00,12.27,12.80,0.00,12.50,AStar,
1930,12.25,AgentPrefab,Agent,MoveState,Moving,Goal,20.00,0.00,20.00,12.58,0.00,12.28,12.80,0.00,12.50,AStar,
1931,12.27,AgentPrefab,Agent,MoveState,Moving,Goal,20.00,0.00,20.00,12.59,0.00,12.29,12.80,0.00,12.50,AStar,
1932,12.27,AgentPrefab,Agent,MoveState,Moving,Goal,20.00,0.00,20.00,12.62,0.00,12.32,12.80,0.00,12.50,AStar,
1933,12.28,AgentPrefab,Agent,MoveState,Moving,Goal,20.00,0.00,20.00,12.63,0.00,12.33,12.80,0.00,12.50,AStar,
1934,12.29,AgentPrefab,Agent,MoveState,Moving,Goal,20.00,0.00,20.00,12.64,0.00,12.34,12.80,0.00,12.50,AStar,
1935,12.30,AgentPrefab,Agent,MoveState,Moving,Goal,20.00,0.00,20.00,12.65,0.00,12.35,12.80,0.00,12.50,AStar,
1936,12.30,AgentPrefab,Agent,MoveState,Moving,Goal,20.00,0.00,20.00,12.66,0.00,12.36,12.80,0.00,12.50,AStar,
1937,12.31,AgentPrefab,Agent,MoveState,Moving,Goal,20.00,0.00,20.00,12.67,0.00,12.37,12.80,0.00,12.50,AStar,
1938,12.32,AgentPrefab,Agent,MoveState,Moving,Goal,20.00,0.00,20.00,12.68,0.00,12.38,12.80,0.00,12.50,AStar,
1939,12.33,AgentPrefab,Agent,MoveState,Moving,Goal,20.00,0.00,20.00,12.69,0.00,12.39,12.80,0.00,12.50,AStar,
1940,12.33,AgentPrefab,Agent,MoveState,Moving,Goal,20.00,0.00,20.00,12.70,0.00,12.40,12.80,0.00,12.50,AStar,
1941,12.34,AgentPrefab,Agent,MoveState,Moving,Goal,20.00,0.00,20.00,12.71,0.00,12.41,12.80,0.00,12.50,AStar,
1942,12.35,AgentPrefab,Agent,MoveState,Moving,Goal,20.00,0.00,20.00,12.72,0.00,12.42,12.80,0.00,12.50,AStar,
1943,12.36,AgentPrefab,Agent,MoveState,Moving,Goal,20.00,0.00,20.00,12.73,0.00,12.43,12.80,0.00,12.50,AStar,
1944,12.36,AgentPrefab,Agent,MoveState,Moving,Goal,20.00,0.00,20.00,12.74,0.00,12.44,12.80,0.00,12.50,AStar,
1945,12.37,AgentPrefab,Agent,MoveState,Moving,Goal,20.00,0.00,20.00,12.75,0.00,12.45,12.80,0.00,12.50,AStar,
1946,12.38,AgentPrefab,Agent,MoveState,Moving,Goal,20.00,0.00,20.00,12.80,0.00,12.50,13.50,0.00,13.20,AStar,
1947,12.39,AgentPrefab,Agent,MoveState,Moving,Goal,20.00,0.00,20.00,12.81,0.00,12.51,13.50,0.00,13.20,AStar,
1948,12.40,AgentPrefab,Agent,MoveState,Moving,Goal,20.00,0.00,20.00,12.82,0.00,12.52,13.50,0.00,13.20,AStar,
1949,12.40,AgentPrefab,Agent,MoveState,Moving,Goal,20.00,0.00,20.00,12.83,0.00,12.53,13.50,0.00,13.20,AStar,
1950,12.41,AgentPrefab,Agent,MoveState,Moving,Goal,20.00,0.00,20.00,12.84,0.00,12.54,13.50,0.00,13.20,AStar,
1951,12.42,AgentPrefab,Agent,MoveState,Moving,Goal,20.00,0.00,20.00,12.86,0.00,12.56,13.50,0.00,13.20,AStar,
1952,12.43,AgentPrefab,Agent,MoveState,Moving,Goal,20.00,0.00,20.00,12.87,0.00,12.57,13.50,0.00,13.20,AStar,
1953,12.43,AgentPrefab,Agent,MoveState,Moving,Goal,20.00,0.00,20.00,12.88,0.00,12.58,13.50,0.00,13.20,AStar,
1954,12.44,AgentPrefab,Agent,MoveState,Moving,Goal,20.00,0.00,20.00,12.89,0.00,12.59,13.50,0.00,13.20,AStar,
1955,12.45,AgentPrefab,Agent,MoveState,Moving,Goal,20.00,0.00,20.00,12.90,0.00,12.60,13.50,0.00,13.20,AStar,
1956,12.45,AgentPrefab,Agent,MoveState,Moving,Goal,20.00,0.00,20.00,12.91,0.00,12.61,13.50,0.00,13.20,AStar,
1957,12.46,AgentPrefab,Agent,MoveState,Moving,Goal,20.00,0.00,20.00,12.92,0.00,12.62,13.50,0.00,13.20,AStar,
1958,12.47,AgentPrefab,Agent,MoveState,Moving,Goal,20.00,0.00,20.00,12.92,0.00,12.62,13.50,0.00,13.20,AStar,
1959,12.47,AgentPrefab,Agent,MoveState,Moving,Goal,20.00,0.00,20.00,12.94,0.00,12.64,13.50,0.00,13.20,AStar,
1960,12.48,AgentPrefab,Agent,MoveState,Moving,Goal,20.00,0.00,20.00,12.94,0.00,12.64,13.50,0.00,13.20,AStar,
1961,12.49,AgentPrefab,Agent,MoveState,Moving,Goal,20.00,0.00,20.00,12.95,0.00,12.65,13.50,0.00,13.20,AStar,
1962,12.49,AgentPrefab,Agent,MoveState,Moving,Goal,20.00,0.00,20.00,12.96,0.00,12.66,13.50,0.00,13.20,AStar,
1963,12.50,AgentPrefab,Agent,MoveState,Moving,Goal,20.00,0.00,20.00,12.97,0.00,12.67,13.50,0.00,13.20,AStar,
1964,12.51,AgentPrefab,Agent,MoveState,Moving,Goal,20.00,0.00,20.00,12.98,0.00,12.68,13.50,0.00,13.20,AStar,
1965,12.51,AgentPrefab,Agent,MoveState,Moving,Goal,20.00,0.00,20.00,12.99,0.00,12.69,13.50,0.00,13.20,AStar,
1966,12.52,AgentPrefab,Agent,MoveState,Moving,Goal,20.00,0.00,20.00,13.00,0.00,12.70,13.50,0.00,13.20,AStar,
1967,12.53,AgentPrefab,Agent,MoveState,Moving,Goal,20.00,0.00,20.00,13.01,0.00,12.71,13.50,0.00,13.20,AStar,
1968,12.53,AgentPrefab,Agent,MoveState,Moving,Goal,20.00,0.00,20.00,13.02,0.00,12.72,13.50,0.00,13.20,AStar,
1969,12.54,AgentPrefab,Agent,MoveState,Moving,Goal,20.00,0.00,20.00,13.03,0.00,12.73,13.50,0.00,13.20,AStar,
1970,12.55,AgentPrefab,Agent,MoveState,Moving,Goal,20.00,0.00,20.00,13.04,0.00,12.74,13.50,0.00,13.20,AStar,
1971,12.55,AgentPrefab,Agent,MoveState,Moving,Goal,20.00,0.00,20.00,13.05,0.00,12.75,13.50,0.00,13.20,AStar,
1972,12.56,AgentPrefab,Agent,MoveState,Moving,Goal,20.00,0.00,20.00,13.06,0.00,12.76,13.50,0.00,13.20,AStar,
1973,12.57,AgentPrefab,Agent,MoveState,Moving,Goal,20.00,0.00,20.00,13.07,0.00,12.77,13.50,0.00,13.20,AStar,
1974,12.57,AgentPrefab,Agent,MoveState,Moving,Goal,20.00,0.00,20.00,13.07,0.00,12.77,13.50,0.00,13.20,AStar,
1975,12.58,AgentPrefab,Agent,MoveState,Moving,Goal,20.00,0.00,20.00,13.08,0.00,12.78,13.50,0.00,13.20,AStar,
1976,12.58,AgentPrefab,Agent,MoveState,Moving,Goal,20.00,0.00,20.00,13.09,0.00,12.79,13.50,0.00,13.20,AStar,
1977,12.59,AgentPrefab,Agent,MoveState,Moving,Goal,20.00,0.00,20.00,13.10,0.00,12.80,13.50,0.00,13.20,AStar,
1978,12.60,AgentPrefab,Agent,MoveState,Moving,Goal,20.00,0.00,20.00,13.11,0.00,12.81,13.50,0.00,13.20,AStar,
1979,12.60,AgentPrefab,Agent,MoveState,Moving,Goal,20.00,0.00,20.00,13.12,0.00,12.82,13.50,0.00,13.20,AStar,
1980,12.61,AgentPrefab,Agent,MoveState,Moving,Goal,20.00,0.00,20.00,13.13,0.00,12.83,13.50,0.00,13.20,AStar,
1981,12.62,AgentPrefab,Agent,MoveState,Moving,Goal,20.00,0.00,20.00,13.14,0.00,12.84,13.50,0.00,13.20,AStar,
1982,12.62,AgentPrefab,Agent,MoveState,Moving,Goal,20.00,0.00,20.00,13.15,0.00,12.85,13.50,0.00,13.20,AStar,
1983,12.63,AgentPrefab,Agent,MoveState,Moving,Goal,20.00,0.00,20.00,13.16,0.00,12.86,13.50,0.00,13.20,AStar,
1984,12.64,AgentPrefab,Agent,MoveState,Moving,Goal,20.00,0.00,20.00,13.16,0.00,12.86,13.50,0.00,13.20,AStar,
1985,12.64,AgentPrefab,Agent,MoveState,Moving,Goal,20.00,0.00,20.00,13.18,0.00,12.88,13.50,0.00,13.20,AStar,
1986,12.65,AgentPrefab,Agent,MoveState,Moving,Goal,20.00,0.00,20.00,13.18,0.00,12.88,13.50,0.00,13.20,AStar,
1987,12.66,AgentPrefab,Agent,MoveState,Moving,Goal,20.00,0.00,20.00,13.19,0.00,12.89,13.50,0.00,13.20,AStar,
1988,12.66,AgentPrefab,Agent,MoveState,Moving,Goal,20.00,0.00,20.00,13.20,0.00,12.90,13.50,0.00,13.20,AStar,
1989,12.67,AgentPrefab,Agent,MoveState,Moving,Goal,20.00,0.00,20.00,13.21,0.00,12.91,13.50,0.00,13.20,AStar,
1990,12.67,AgentPrefab,Agent,MoveState,Moving,Goal,20.00,0.00,20.00,13.22,0.00,12.92,13.50,0.00,13.20,AStar,
1991,12.68,AgentPrefab,Agent,MoveState,Moving,Goal,20.00,0.00,20.00,13.23,0.00,12.93,13.50,0.00,13.20,AStar,
1992,12.69,AgentPrefab,Agent,MoveState,Moving,Goal,20.00,0.00,20.00,13.24,0.00,12.94,13.50,0.00,13.20,AStar,
1993,12.70,AgentPrefab,Agent,MoveState,Moving,Goal,20.00,0.00,20.00,13.25,0.00,12.95,13.50,0.00,13.20,AStar,
1994,12.70,AgentPrefab,Agent,MoveState,Moving,Goal,20.00,0.00,20.00,13.26,0.00,12.96,13.50,0.00,13.20,AStar,
1995,12.71,AgentPrefab,Agent,MoveState,Moving,Goal,20.00,0.00,20.00,13.27,0.00,12.97,13.50,0.00,13.20,AStar,
1996,12.72,AgentPrefab,Agent,MoveState,Moving,Goal,20.00,0.00,20.00,13.28,0.00,12.98,13.50,0.00,13.20,AStar,
1997,12.72,AgentPrefab,Agent,MoveState,Moving,Goal,20.00,0.00,20.00,13.29,0.00,12.99,13.50,0.00,13.20,AStar,
1998,12.73,AgentPrefab,Agent,MoveState,Moving,Goal,20.00,0.00,20.00,13.30,0.00,13.00,13.50,0.00,13.20,AStar,
1999,12.73,AgentPrefab,Agent,MoveState,Moving,Goal,20.00,0.00,20.00,13.30,0.00,13.00,13.50,0.00,13.20,AStar,
2000,12.74,AgentPrefab,Agent,MoveState,Moving,Goal,20.00,0.00,20.00,13.31,0.00,13.01,13.50,0.00,13.20,AStar,
2001,12.75,AgentPrefab,Agent,MoveState,Moving,Goal,20.00,0.00,20.00,13.32,0.00,13.02,13.50,0.00,13.20,AStar,
2002,12.75,AgentPrefab,Agent,MoveState,Moving,Goal,20.00,0.00,20.00,13.33,0.00,13.03,13.50,0.00,13.20,AStar,
2003,12.76,AgentPrefab,Agent,MoveState,Moving,Goal,20.00,0.00,20.00,13.34,0.00,13.04,13.50,0.00,13.20,AStar,
2004,12.77,AgentPrefab,Agent,MoveState,Moving,Goal,20.00,0.00,20.00,13.35,0.00,13.05,13.50,0.00,13.20,AStar,
2005,12.77,AgentPrefab,Agent,MoveState,Moving,Goal,20.00,0.00,20.00,13.36,0.00,13.06,13.50,0.00,13.20,AStar,
2006,12.78,AgentPrefab,Agent,MoveState,Moving,Goal,20.00,0.00,20.00,13.37,0.00,13.07,13.50,0.00,13.20,AStar,
2007,12.79,AgentPrefab,Agent,MoveState,Moving,Goal,20.00,0.00,20.00,13.38,0.00,13.08,13.50,0.00,13.20,AStar,
2008,12.79,AgentPrefab,Agent,MoveState,Moving,Goal,20.00,0.00,20.00,13.39,0.00,13.09,13.50,0.00,13.20,AStar,
2009,12.80,AgentPrefab,Agent,MoveState,Moving,Goal,20.00,0.00,20.00,13.40,0.00,13.10,13.50,0.00,13.20,AStar,
2010,12.81,AgentPrefab,Agent,MoveState,Moving,Goal,20.00,0.00,20.00,13.41,0.00,13.11,13.50,0.00,13.20,AStar,
2011,12.81,AgentPrefab,Agent,MoveState,Moving,Goal,20.00,0.00,20.00,13.41,0.00,13.11,13.50,0.00,13.20,AStar,
2012,12.82,AgentPrefab,Agent,MoveState,Moving,Goal,20.00,0.00,20.00,13.42,0.00,13.12,13.50,0.00,13.20,AStar,
2013,12.83,AgentPrefab,Agent,MoveState,Moving,Goal,20.00,0.00,20.00,13.43,0.00,13.13,13.50,0.00,13.20,AStar,
2014,12.83,AgentPrefab,Agent,MoveState,Moving,Goal,20.00,0.00,20.00,13.44,0.00,13.14,13.50,0.00,13.20,AStar,
2015,12.84,AgentPrefab,Agent,MoveState,Moving,Goal,20.00,0.00,20.00,13.45,0.00,13.15,13.50,0.00,13.20,AStar,
2016,12.85,AgentPrefab,Agent,MoveState,Moving,Goal,20.00,0.00,20.00,13.46,0.00,13.16,13.50,0.00,13.20,AStar,
2017,12.85,AgentPrefab,Agent,MoveState,Moving,Goal,20.00,0.00,20.00,13.50,0.00,13.20,14.20,0.00,13.90,AStar,
2018,12.86,AgentPrefab,Agent,MoveState,Moving,Goal,20.00,0.00,20.00,13.51,0.00,13.21,14.20,0.00,13.90,AStar,
2019,12.87,AgentPrefab,Agent,MoveState,Moving,Goal,20.00,0.00,20.00,13.52,0.00,13.22,14.20,0.00,13.90,AStar,
2020,12.87,AgentPrefab,Agent,MoveState,Moving,Goal,20.00,0.00,20.00,13.53,0.00,13.23,14.20,0.00,13.90,AStar,
2021,12.88,AgentPrefab,Agent,MoveState,Moving,Goal,20.00,0.00,20.00,13.54,0.00,13.24,14.20,0.00,13.90,AStar,
2022,12.89,AgentPrefab,Agent,MoveState,Moving,Goal,20.00,0.00,20.00,13.55,0.00,13.25,14.20,0.00,13.90,AStar,
2023,12.89,AgentPrefab,Agent,MoveState,Moving,Goal,20.00,0.00,20.00,13.56,0.00,13.26,14.20,0.00,13.90,AStar,
2024,12.90,AgentPrefab,Agent,MoveState,Moving,Goal,20.00,0.00,20.00,13.57,0.00,13.27,14.20,0.00,13.90,AStar,
2025,12.90,AgentPrefab,Agent,MoveState,Moving,Goal,20.00,0.00,20.00,13.57,0.00,13.27,14.20,0.00,13.90,AStar,
2026,12.91,AgentPrefab,Agent,MoveState,Moving,Goal,20.00,0.00,20.00,13.58,0.00,13.28,14.20,0.00,13.90,AStar,
2027,12.92,AgentPrefab,Agent,MoveState,Moving,Goal,20.00,0.00,20.00,13.60,0.00,13.30,14.20,0.00,13.90,AStar,
2028,12.93,AgentPrefab,Agent,MoveState,Moving,Goal,20.00,0.00,20.00,13.61,0.00,13.31,14.20,0.00,13.90,AStar,
2029,12.93,AgentPrefab,Agent,MoveState,Moving,Goal,20.00,0.00,20.00,13.62,0.00,13.32,14.20,0.00,13.90,AStar,
2030,12.94,AgentPrefab,Agent,MoveState,Moving,Goal,20.00,0.00,20.00,13.63,0.00,13.33,14.20,0.00,13.90,AStar,
2031,12.95,AgentPrefab,Agent,MoveState,Moving,Goal,20.00,0.00,20.00,13.64,0.00,13.34,14.20,0.00,13.90,AStar,
2032,12.95,AgentPrefab,Agent,MoveState,Moving,Goal,20.00,0.00,20.00,13.64,0.00,13.34,14.20,0.00,13.90,AStar,
2033,12.96,AgentPrefab,Agent,MoveState,Moving,Goal,20.00,0.00,20.00,13.65,0.00,13.35,14.20,0.00,13.90,AStar,
2034,12.97,AgentPrefab,Agent,MoveState,Moving,Goal,20.00,0.00,20.00,13.66,0.00,13.36,14.20,0.00,13.90,AStar,
2035,12.97,AgentPrefab,Agent,MoveState,Moving,Goal,20.00,0.00,20.00,13.67,0.00,13.37,14.20,0.00,13.90,AStar,
2036,12.98,AgentPrefab,Agent,MoveState,Moving,Goal,20.00,0.00,20.00,13.68,0.00,13.38,14.20,0.00,13.90,AStar,
2037,12.99,AgentPrefab,Agent,MoveState,Moving,Goal,20.00,0.00,20.00,13.69,0.00,13.39,14.20,0.00,13.90,AStar,
2038,12.99,AgentPrefab,Agent,MoveState,Moving,Goal,20.00,0.00,20.00,13.70,0.00,13.40,14.20,0.00,13.90,AStar,
2039,13.00,AgentPrefab,Agent,MoveState,Moving,Goal,20.00,0.00,20.00,13.71,0.00,13.41,14.20,0.00,13.90,AStar,
2040,13.01,AgentPrefab,Agent,MoveState,Moving,Goal,20.00,0.00,20.00,13.72,0.00,13.42,14.20,0.00,13.90,AStar,
2041,13.01,AgentPrefab,Agent,MoveState,Moving,Goal,20.00,0.00,20.00,13.73,0.00,13.43,14.20,0.00,13.90,AStar,
2042,13.02,AgentPrefab,Agent,MoveState,Moving,Goal,20.00,0.00,20.00,13.74,0.00,13.44,14.20,0.00,13.90,AStar,
2043,13.03,AgentPrefab,Agent,MoveState,Moving,Goal,20.00,0.00,20.00,13.75,0.00,13.45,14.20,0.00,13.90,AStar,
2044,13.03,AgentPrefab,Agent,MoveState,Moving,Goal,20.00,0.00,20.00,13.76,0.00,13.46,14.20,0.00,13.90,AStar,
2045,13.04,AgentPrefab,Agent,MoveState,Moving,Goal,20.00,0.00,20.00,13.77,0.00,13.47,14.20,0.00,13.90,AStar,
2046,13.05,AgentPrefab,Agent,MoveState,Moving,Goal,20.00,0.00,20.00,13.77,0.00,13.47,14.20,0.00,13.90,AStar,
2047,13.05,AgentPrefab,Agent,MoveState,Moving,Goal,20.00,0.00,20.00,13.78,0.00,13.48,14.20,0.00,13.90,AStar,
2048,13.06,AgentPrefab,Agent,MoveState,Moving,Goal,20.00,0.00,20.00,13.79,0.00,13.49,14.20,0.00,13.90,AStar,
2049,13.07,AgentPrefab,Agent,MoveState,Moving,Goal,20.00,0.00,20.00,13.80,0.00,13.50,14.20,0.00,13.90,AStar,
2050,13.07,AgentPrefab,Agent,MoveState,Moving,Goal,20.00,0.00,20.00,13.81,0.00,13.51,14.20,0.00,13.90,AStar,
2051,13.08,AgentPrefab,Agent,MoveState,Moving,Goal,20.00,0.00,20.00,13.82,0.00,13.52,14.20,0.00,13.90,AStar,
2052,13.08,AgentPrefab,Agent,MoveState,Moving,Goal,20.00,0.00,20.00,13.83,0.00,13.53,14.20,0.00,13.90,AStar,
2053,13.09,AgentPrefab,Agent,MoveState,Moving,Goal,20.00,0.00,20.00,13.84,0.00,13.54,14.20,0.00,13.90,AStar,
2054,13.10,AgentPrefab,Agent,MoveState,Moving,Goal,20.00,0.00,20.00,13.85,0.00,13.55,14.20,0.00,13.90,AStar,
2055,13.10,AgentPrefab,Agent,MoveState,Moving,Goal,20.00,0.00,20.00,13.86,0.00,13.56,14.20,0.00,13.90,AStar,
2056,13.12,AgentPrefab,Agent,MoveState,Moving,Goal,20.00,0.00,20.00,13.87,0.00,13.57,14.20,0.00,13.90,AStar,
2057,13.13,AgentPrefab,Agent,MoveState,Moving,Goal,20.00,0.00,20.00,13.89,0.00,13.59,14.20,0.00,13.90,AStar,
2058,13.13,AgentPrefab,Agent,MoveState,Moving,Goal,20.00,0.00,20.00,13.90,0.00,13.60,14.20,0.00,13.90,AStar,
2059,13.14,AgentPrefab,Agent,MoveState,Moving,Goal,20.00,0.00,20.00,13.91,0.00,13.61,14.20,0.00,13.90,AStar,
2060,13.15,AgentPrefab,Agent,MoveState,Moving,Goal,20.00,0.00,20.00,13.92,0.00,13.62,14.20,0.00,13.90,AStar,
2061,13.15,AgentPrefab,Agent,MoveState,Moving,Goal,20.00,0.00,20.00,13.93,0.00,13.63,14.20,0.00,13.90,AStar,
2062,13.16,AgentPrefab,Agent,MoveState,Moving,Goal,20.00,0.00,20.00,13.93,0.00,13.63,14.20,0.00,13.90,AStar,
2063,13.17,AgentPrefab,Agent,MoveState,Moving,Goal,20.00,0.00,20.00,13.94,0.00,13.64,14.20,0.00,13.90,AStar,
2064,13.17,AgentPrefab,Agent,MoveState,Moving,Goal,20.00,0.00,20.00,13.95,0.00,13.65,14.20,0.00,13.90,AStar,
2065,13.18,AgentPrefab,Agent,MoveState,Moving,Goal,20.00,0.00,20.00,13.96,0.00,13.66,14.20,0.00,13.90,AStar,
2066,13.18,AgentPrefab,Agent,MoveState,Moving,Goal,20.00,0.00,20.00,13.97,0.00,13.67,14.20,0.00,13.90,AStar,
2067,13.19,AgentPrefab,Agent,MoveState,Moving,Goal,20.00,0.00,20.00,13.98,0.00,13.68,14.20,0.00,13.90,AStar,
2068,13.20,AgentPrefab,Agent,MoveState,Moving,Goal,20.00,0.00,20.00,13.99,0.00,13.69,14.20,0.00,13.90,AStar,
2069,13.20,AgentPrefab,Agent,MoveState,Moving,Goal,20.00,0.00,20.00,14.00,0.00,13.70,14.20,0.00,13.90,AStar,
2070,13.21,AgentPrefab,Agent,MoveState,Moving,Goal,20.00,0.00,20.00,14.01,0.00,13.71,14.20,0.00,13.90,AStar,
2071,13.22,AgentPrefab,Agent,MoveState,Moving,Goal,20.00,0.00,20.00,14.02,0.00,13.72,14.20,0.00,13.90,AStar,
2072,13.22,AgentPrefab,Agent,MoveState,Moving,Goal,20.00,0.00,20.00,14.03,0.00,13.73,14.20,0.00,13.90,AStar,
2073,13.23,AgentPrefab,Agent,MoveState,Moving,Goal,20.00,0.00,20.00,14.04,0.00,13.74,14.20,0.00,13.90,AStar,
2074,13.24,AgentPrefab,Agent,MoveState,Moving,Goal,20.00,0.00,20.00,14.04,0.00,13.74,14.20,0.00,13.90,AStar,
2075,13.24,AgentPrefab,Agent,MoveState,Moving,Goal,20.00,0.00,20.00,14.05,0.00,13.75,14.20,0.00,13.90,AStar,
2076,13.25,AgentPrefab,Agent,MoveState,Moving,Goal,20.00,0.00,20.00,14.06,0.00,13.76,14.20,0.00,13.90,AStar,
2077,13.26,AgentPrefab,Agent,MoveState,Moving,Goal,20.00,0.00,20.00,14.07,0.00,13.77,14.20,0.00,13.90,AStar,
2078,13.26,AgentPrefab,Agent,MoveState,Moving,Goal,20.00,0.00,20.00,14.08,0.00,13.78,14.20,0.00,13.90,AStar,
2079,13.27,AgentPrefab,Agent,MoveState,Moving,Goal,20.00,0.00,20.00,14.09,0.00,13.79,14.20,0.00,13.90,AStar,
2080,13.28,AgentPrefab,Agent,MoveState,Moving,Goal,20.00,0.00,20.00,14.10,0.00,13.80,14.20,0.00,13.90,AStar,
2081,13.28,AgentPrefab,Agent,MoveState,Moving,Goal,20.00,0.00,20.00,14.11,0.00,13.81,14.20,0.00,13.90,AStar,
2082,13.29,AgentPrefab,Agent,MoveState,Moving,Goal,20.00,0.00,20.00,14.12,0.00,13.82,14.20,0.00,13.90,AStar,
2083,13.29,AgentPrefab,Agent,MoveState,Moving,Goal,20.00,0.00,20.00,14.13,0.00,13.83,14.20,0.00,13.90,AStar,
2084,13.30,AgentPrefab,Agent,MoveState,Moving,Goal,20.00,0.00,20.00,14.14,0.00,13.84,14.20,0.00,13.90,AStar,
2085,13.31,AgentPrefab,Agent,MoveState,Moving,Goal,20.00,0.00,20.00,14.15,0.00,13.85,14.20,0.00,13.90,AStar,
2086,13.31,AgentPrefab,Agent,MoveState,Moving,Goal,20.00,0.00,20.00,14.15,0.00,13.85,14.20,0.00,13.90,AStar,
2087,13.32,AgentPrefab,Agent,MoveState,Moving,Goal,20.00,0.00,20.00,14.16,0.00,13.86,14.20,0.00,13.90,AStar,
2088,13.33,AgentPrefab,Agent,MoveState,Moving,Goal,20.00,0.00,20.00,14.20,0.00,13.90,14.80,0.00,14.70,AStar,
2089,13.33,AgentPrefab,Agent,MoveState,Moving,Goal,20.00,0.00,20.00,14.21,0.00,13.91,14.80,0.00,14.70,AStar,
2090,13.34,AgentPrefab,Agent,MoveState,Moving,Goal,20.00,0.00,20.00,14.22,0.00,13.92,14.80,0.00,14.70,AStar,
2091,13.35,AgentPrefab,Agent,MoveState,Moving,Goal,20.00,0.00,20.00,14.22,0.00,13.93,14.80,0.00,14.70,AStar,
2092,13.35,AgentPrefab,Agent,MoveState,Moving,Goal,20.00,0.00,20.00,14.23,0.00,13.94,14.80,0.00,14.70,AStar,
2093,13.36,AgentPrefab,Agent,MoveState,Moving,Goal,20.00,0.00,20.00,14.24,0.00,13.95,14.80,0.00,14.70,AStar,
2094,13.37,AgentPrefab,Agent,MoveState,Moving,Goal,20.00,0.00,20.00,14.25,0.00,13.96,14.80,0.00,14.70,AStar,
2095,13.37,AgentPrefab,Agent,MoveState,Moving,Goal,20.00,0.00,20.00,14.25,0.00,13.97,14.80,0.00,14.70,AStar,
2096,13.38,AgentPrefab,Agent,MoveState,Moving,Goal,20.00,0.00,20.00,14.26,0.00,13.98,14.80,0.00,14.70,AStar,
2097,13.39,AgentPrefab,Agent,MoveState,Moving,Goal,20.00,0.00,20.00,14.27,0.00,13.99,14.80,0.00,14.70,AStar,
2098,13.39,AgentPrefab,Agent,MoveState,Moving,Goal,20.00,0.00,20.00,14.28,0.00,14.00,14.80,0.00,14.70,AStar,
2099,13.40,AgentPrefab,Agent,MoveState,Moving,Goal,20.00,0.00,20.00,14.28,0.00,14.01,14.80,0.00,14.70,AStar,
2100,13.41,AgentPrefab,Agent,MoveState,Moving,Goal,20.00,0.00,20.00,14.29,0.00,14.03,14.80,0.00,14.70,AStar,
2101,13.41,AgentPrefab,Agent,MoveState,Moving,Goal,20.00,0.00,20.00,14.30,0.00,14.04,14.80,0.00,14.70,AStar,
2102,13.42,AgentPrefab,Agent,MoveState,Moving,Goal,20.00,0.00,20.00,14.31,0.00,14.05,14.80,0.00,14.70,AStar,
2103,13.43,AgentPrefab,Agent,MoveState,Moving,Goal,20.00,0.00,20.00,14.32,0.00,14.06,14.80,0.00,14.70,AStar,
2104,13.43,AgentPrefab,Agent,MoveState,Moving,Goal,20.00,0.00,20.00,14.32,0.00,14.07,14.80,0.00,14.70,AStar,
2105,13.44,AgentPrefab,Agent,MoveState,Moving,Goal,20.00,0.00,20.00,14.33,0.00,14.08,14.80,0.00,14.70,AStar,
2106,13.45,AgentPrefab,Agent,MoveState,Moving,Goal,20.00,0.00,20.00,14.34,0.00,14.09,14.80,0.00,14.70,AStar,
2107,13.45,AgentPrefab,Agent,MoveState,Moving,Goal,20.00,0.00,20.00,14.35,0.00,14.10,14.80,0.00,14.70,AStar,
2108,13.46,AgentPrefab,Agent,MoveState,Moving,Goal,20.00,0.00,20.00,14.36,0.00,14.11,14.80,0.00,14.70,AStar,
2109,13.47,AgentPrefab,Agent,MoveState,Moving,Goal,20.00,0.00,20.00,14.36,0.00,14.12,14.80,0.00,14.70,AStar,
2110,13.47,AgentPrefab,Agent,MoveState,Moving,Goal,20.00,0.00,20.00,14.37,0.00,14.13,14.80,0.00,14.70,AStar,
2111,13.48,AgentPrefab,Agent,MoveState,Moving,Goal,20.00,0.00,20.00,14.38,0.00,14.14,14.80,0.00,14.70,AStar,
2112,13.49,AgentPrefab,Agent,MoveState,Moving,Goal,20.00,0.00,20.00,14.39,0.00,14.15,14.80,0.00,14.70,AStar,
2113,13.49,AgentPrefab,Agent,MoveState,Moving,Goal,20.00,0.00,20.00,14.40,0.00,14.16,14.80,0.00,14.70,AStar,
2114,13.50,AgentPrefab,Agent,MoveState,Moving,Goal,20.00,0.00,20.00,14.40,0.00,14.17,14.80,0.00,14.70,AStar,
2115,13.50,AgentPrefab,Agent,MoveState,Moving,Goal,20.00,0.00,20.00,14.41,0.00,14.18,14.80,0.00,14.70,AStar,
2116,13.51,AgentPrefab,Agent,MoveState,Moving,Goal,20.00,0.00,20.00,14.42,0.00,14.19,14.80,0.00,14.70,AStar,
2117,13.52,AgentPrefab,Agent,MoveState,Moving,Goal,20.00,0.00,20.00,14.43,0.00,14.20,14.80,0.00,14.70,AStar,
2118,13.52,AgentPrefab,Agent,MoveState,Moving,Goal,20.00,0.00,20.00,14.44,0.00,14.21,14.80,0.00,14.70,AStar,
2119,13.53,AgentPrefab,Agent,MoveState,Moving,Goal,20.00,0.00,20.00,14.44,0.00,14.22,14.80,0.00,14.70,AStar,
2120,13.54,AgentPrefab,Agent,MoveState,Moving,Goal,20.00,0.00,20.00,14.45,0.00,14.23,14.80,0.00,14.70,AStar,
2121,13.54,AgentPrefab,Agent,MoveState,Moving,Goal,20.00,0.00,20.00,14.46,0.00,14.24,14.80,0.00,14.70,AStar,
2122,13.55,AgentPrefab,Agent,MoveState,Moving,Goal,20.00,0.00,20.00,14.47,0.00,14.25,14.80,0.00,14.70,AStar,
2123,13.56,AgentPrefab,Agent,MoveState,Moving,Goal,20.00,0.00,20.00,14.47,0.00,14.26,14.80,0.00,14.70,AStar,
2124,13.56,AgentPrefab,Agent,MoveState,Moving,Goal,20.00,0.00,20.00,14.48,0.00,14.28,14.80,0.00,14.70,AStar,
2125,13.57,AgentPrefab,Agent,MoveState,Moving,Goal,20.00,0.00,20.00,14.49,0.00,14.29,14.80,0.00,14.70,AStar,
2126,13.58,AgentPrefab,Agent,MoveState,Moving,Goal,20.00,0.00,20.00,14.50,0.00,14.30,14.80,0.00,14.70,AStar,
2127,13.58,AgentPrefab,Agent,MoveState,Moving,Goal,20.00,0.00,20.00,14.51,0.00,14.31,14.80,0.00,14.70,AStar,
2128,13.59,AgentPrefab,Agent,MoveState,Moving,Goal,20.00,0.00,20.00,14.51,0.00,14.32,14.80,0.00,14.70,AStar,
2129,13.59,AgentPrefab,Agent,MoveState,Moving,Goal,20.00,0.00,20.00,14.52,0.00,14.33,14.80,0.00,14.70,AStar,
2130,13.60,AgentPrefab,Agent,MoveState,Moving,Goal,20.00,0.00,20.00,14.53,0.00,14.34,14.80,0.00,14.70,AStar,
2131,13.61,AgentPrefab,Agent,MoveState,Moving,Goal,20.00,0.00,20.00,14.54,0.00,14.35,14.80,0.00,14.70,AStar,
2132,13.62,AgentPrefab,Agent,MoveState,Moving,Goal,20.00,0.00,20.00,14.55,0.00,14.36,14.80,0.00,14.70,AStar,
2133,13.62,AgentPrefab,Agent,MoveState,Moving,Goal,20.00,0.00,20.00,14.56,0.00,14.37,14.80,0.00,14.70,AStar,
2134,13.63,AgentPrefab,Agent,MoveState,Moving,Goal,20.00,0.00,20.00,14.56,0.00,14.38,14.80,0.00,14.70,AStar,
2135,13.64,AgentPrefab,Agent,MoveState,Moving,Goal,20.00,0.00,20.00,14.57,0.00,14.39,14.80,0.00,14.70,AStar,
2136,13.64,AgentPrefab,Agent,MoveState,Moving,Goal,20.00,0.00,20.00,14.58,0.00,14.41,14.80,0.00,14.70,AStar,
2137,13.65,AgentPrefab,Agent,MoveState,Moving,Goal,20.00,0.00,20.00,14.59,0.00,14.42,14.80,0.00,14.70,AStar,
2138,13.66,AgentPrefab,Agent,MoveState,Moving,Goal,20.00,0.00,20.00,14.59,0.00,14.43,14.80,0.00,14.70,AStar,
2139,13.66,AgentPrefab,Agent,MoveState,Moving,Goal,20.00,0.00,20.00,14.60,0.00,14.44,14.80,0.00,14.70,AStar,
2140,13.67,AgentPrefab,Agent,MoveState,Moving,Goal,20.00,0.00,20.00,14.61,0.00,14.45,14.80,0.00,14.70,AStar,
2141,13.68,AgentPrefab,Agent,MoveState,Moving,Goal,20.00,0.00,20.00,14.62,0.00,14.46,14.80,0.00,14.70,AStar,
2142,13.68,AgentPrefab,Agent,MoveState,Moving,Goal,20.00,0.00,20.00,14.62,0.00,14.47,14.80,0.00,14.70,AStar,
2143,13.69,AgentPrefab,Agent,MoveState,Moving,Goal,20.00,0.00,20.00,14.63,0.00,14.48,14.80,0.00,14.70,AStar,
2144,13.70,AgentPrefab,Agent,MoveState,Moving,Goal,20.00,0.00,20.00,14.64,0.00,14.49,14.80,0.00,14.70,AStar,
2145,13.70,AgentPrefab,Agent,MoveState,Moving,Goal,20.00,0.00,20.00,14.65,0.00,14.50,14.80,0.00,14.70,AStar,
2146,13.71,AgentPrefab,Agent,MoveState,Moving,Goal,20.00,0.00,20.00,14.66,0.00,14.51,14.80,0.00,14.70,AStar,
2147,13.71,AgentPrefab,Agent,MoveState,Moving,Goal,20.00,0.00,20.00,14.66,0.00,14.52,14.80,0.00,14.70,AStar,
2148,13.72,AgentPrefab,Agent,MoveState,Moving,Goal,20.00,0.00,20.00,14.67,0.00,14.53,14.80,0.00,14.70,AStar,
2149,13.73,AgentPrefab,Agent,MoveState,Moving,Goal,20.00,0.00,20.00,14.68,0.00,14.54,14.80,0.00,14.70,AStar,
2150,13.73,AgentPrefab,Agent,MoveState,Moving,Goal,20.00,0.00,20.00,14.69,0.00,14.55,14.80,0.00,14.70,AStar,
2151,13.74,AgentPrefab,Agent,MoveState,Moving,Goal,20.00,0.00,20.00,14.70,0.00,14.56,14.80,0.00,14.70,AStar,
2152,13.75,AgentPrefab,Agent,MoveState,Moving,Goal,20.00,0.00,20.00,14.70,0.00,14.57,14.80,0.00,14.70,AStar,
2153,13.75,AgentPrefab,Agent,MoveState,Moving,Goal,20.00,0.00,20.00,14.71,0.00,14.58,14.80,0.00,14.70,AStar,
2154,13.76,AgentPrefab,Agent,MoveState,Moving,Goal,20.00,0.00,20.00,14.72,0.00,14.59,14.80,0.00,14.70,AStar,
2155,13.77,AgentPrefab,Agent,MoveState,Moving,Goal,20.00,0.00,20.00,14.73,0.00,14.60,14.80,0.00,14.70,AStar,
2156,13.77,AgentPrefab,Agent,MoveState,Moving,Goal,20.00,0.00,20.00,14.73,0.00,14.61,14.80,0.00,14.70,AStar,
2157,13.78,AgentPrefab,Agent,MoveState,Moving,Goal,20.00,0.00,20.00,14.74,0.00,14.62,14.80,0.00,14.70,AStar,
2158,13.79,AgentPrefab,Agent,MoveState,Moving,Goal,20.00,0.00,20.00,14.75,0.00,14.63,14.80,0.00,14.70,AStar,
2159,13.79,AgentPrefab,Agent,MoveState,Moving,Goal,20.00,0.00,20.00,14.76,0.00,14.64,14.80,0.00,14.70,AStar,
2160,13.80,AgentPrefab,Agent,MoveState,Moving,Goal,20.00,0.00,20.00,14.77,0.00,14.65,14.80,0.00,14.70,AStar,
2161,13.81,AgentPrefab,Agent,MoveState,Moving,Goal,20.00,0.00,20.00,14.80,0.00,14.70,15.50,0.00,15.40,AStar,
2162,13.81,AgentPrefab,Agent,MoveState,Moving,Goal,20.00,0.00,20.00,14.81,0.00,14.71,15.50,0.00,15.40,AStar,
2163,13.82,AgentPrefab,Agent,MoveState,Moving,Goal,20.00,0.00,20.00,14.82,0.00,14.72,15.50,0.00,15.40,AStar,
2164,13.83,AgentPrefab,Agent,MoveState,Moving,Goal,20.00,0.00,20.00,14.83,0.00,14.73,15.50,0.00,15.40,AStar,
2165,13.83,AgentPrefab,Agent,MoveState,Moving,Goal,20.00,0.00,20.00,14.84,0.00,14.74,15.50,0.00,15.40,AStar,
2166,13.84,AgentPrefab,Agent,MoveState,Moving,Goal,20.00,0.00,20.00,14.85,0.00,14.75,15.50,0.00,15.40,AStar,
2167,13.85,AgentPrefab,Agent,MoveState,Moving,Goal,20.00,0.00,20.00,14.86,0.00,14.76,15.50,0.00,15.40,AStar,
2168,13.85,AgentPrefab,Agent,MoveState,Moving,Goal,20.00,0.00,20.00,14.86,0.00,14.76,15.50,0.00,15.40,AStar,
2169,13.86,AgentPrefab,Agent,MoveState,Moving,Goal,20.00,0.00,20.00,14.88,0.00,14.78,15.50,0.00,15.40,AStar,
2170,13.87,AgentPrefab,Agent,MoveState,Moving,Goal,20.00,0.00,20.00,14.88,0.00,14.78,15.50,0.00,15.40,AStar,
2171,13.87,AgentPrefab,Agent,MoveState,Moving,Goal,20.00,0.00,20.00,14.89,0.00,14.79,15.50,0.00,15.40,AStar,
2172,13.88,AgentPrefab,Agent,MoveState,Moving,Goal,20.00,0.00,20.00,14.90,0.00,14.80,15.50,0.00,15.40,AStar,
2173,13.89,AgentPrefab,Agent,MoveState,Moving,Goal,20.00,0.00,20.00,14.91,0.00,14.81,15.50,0.00,15.40,AStar,
2174,13.89,AgentPrefab,Agent,MoveState,Moving,Goal,20.00,0.00,20.00,14.92,0.00,14.82,15.50,0.00,15.40,AStar,
2175,13.91,AgentPrefab,Agent,MoveState,Moving,Goal,20.00,0.00,20.00,14.93,0.00,14.83,15.50,0.00,15.40,AStar,
2176,13.92,AgentPrefab,Agent,MoveState,Moving,Goal,20.00,0.00,20.00,14.95,0.00,14.85,15.50,0.00,15.40,AStar,
2177,13.92,AgentPrefab,Agent,MoveState,Moving,Goal,20.00,0.00,20.00,14.96,0.00,14.86,15.50,0.00,15.40,AStar,
2178,13.93,AgentPrefab,Agent,MoveState,Moving,Goal,20.00,0.00,20.00,14.97,0.00,14.87,15.50,0.00,15.40,AStar,
2179,13.94,AgentPrefab,Agent,MoveState,Moving,Goal,20.00,0.00,20.00,14.98,0.00,14.88,15.50,0.00,15.40,AStar,
2180,13.94,AgentPrefab,Agent,MoveState,Moving,Goal,20.00,0.00,20.00,14.99,0.00,14.89,15.50,0.00,15.40,AStar,
2181,13.95,AgentPrefab,Agent,MoveState,Moving,Goal,20.00,0.00,20.00,15.00,0.00,14.90,15.50,0.00,15.40,AStar,
2182,13.96,AgentPrefab,Agent,MoveState,Moving,Goal,20.00,0.00,20.00,15.01,0.00,14.91,15.50,0.00,15.40,AStar,
2183,13.96,AgentPrefab,Agent,MoveState,Moving,Goal,20.00,0.00,20.00,15.02,0.00,14.92,15.50,0.00,15.40,AStar,
2184,13.97,AgentPrefab,Agent,MoveState,Moving,Goal,20.00,0.00,20.00,15.03,0.00,14.93,15.50,0.00,15.40,AStar,
2185,13.98,AgentPrefab,Agent,MoveState,Moving,Goal,20.00,0.00,20.00,15.04,0.00,14.94,15.50,0.00,15.40,AStar,
2186,13.98,AgentPrefab,Agent,MoveState,Moving,Goal,20.00,0.00,20.00,15.05,0.00,14.95,15.50,0.00,15.40,AStar,
2187,13.99,AgentPrefab,Agent,MoveState,Moving,Goal,20.00,0.00,20.00,15.06,0.00,14.96,15.50,0.00,15.40,AStar,
2188,13.99,AgentPrefab,Agent,MoveState,Moving,Goal,20.00,0.00,20.00,15.07,0.00,14.97,15.50,0.00,15.40,AStar,
2189,14.00,AgentPrefab,Agent,MoveState,Moving,Goal,20.00,0.00,20.00,15.08,0.00,14.98,15.50,0.00,15.40,AStar,
2190,14.01,AgentPrefab,Agent,MoveState,Moving,Goal,20.00,0.00,20.00,15.08,0.00,14.98,15.50,0.00,15.40,AStar,
2191,14.01,AgentPrefab,Agent,MoveState,Moving,Goal,20.00,0.00,20.00,15.08,0.00,14.98,15.50,0.00,15.40,AStar,
2192,14.02,AgentPrefab,Agent,MoveState,Moving,Goal,20.00,0.00,20.00,15.08,0.00,14.98,15.50,0.00,15.40,AStar,
2193,14.03,AgentPrefab,Agent,MoveState,Moving,Goal,20.00,0.00,20.00,15.08,0.00,14.98,15.50,0.00,15.40,AStar,
2194,14.03,AgentPrefab,Agent,MoveState,Moving,Goal,20.00,0.00,20.00,15.08,0.00,14.98,15.50,0.00,15.40,AStar,
2195,14.04,AgentPrefab,Agent,MoveState,Moving,Goal,20.00,0.00,20.00,15.08,0.00,14.98,15.50,0.00,15.40,AStar,
2196,14.04,AgentPrefab,Agent,MoveState,Moving,Goal,20.00,0.00,20.00,15.08,0.00,14.98,15.50,0.00,15.40,AStar,
2197,14.05,AgentPrefab,Agent,MoveState,Moving,Goal,20.00,0.00,20.00,15.08,0.00,14.98,15.50,0.00,15.40,AStar,
2198,14.06,AgentPrefab,Agent,MoveState,Moving,Goal,20.00,0.00,20.00,15.08,0.00,14.98,15.50,0.00,15.40,AStar,
2199,14.07,AgentPrefab,Agent,MoveState,Moving,Goal,20.00,0.00,20.00,15.08,0.00,14.98,15.50,0.00,15.40,AStar,
2200,14.07,AgentPrefab,Agent,MoveState,Moving,Goal,20.00,0.00,20.00,15.08,0.00,14.98,15.50,0.00,15.40,AStar,
2201,14.08,AgentPrefab,Agent,MoveState,Moving,Goal,20.00,0.00,20.00,15.08,0.00,14.98,15.50,0.00,15.40,AStar,
2202,14.08,AgentPrefab,Agent,MoveState,Moving,Goal,20.00,0.00,20.00,15.08,0.00,14.98,15.50,0.00,15.40,AStar,
2203,14.09,AgentPrefab,Agent,MoveState,Moving,Goal,20.00,0.00,20.00,15.08,0.00,14.98,15.50,0.00,15.40,AStar,
2204,14.10,AgentPrefab,Agent,MoveState,Moving,Goal,20.00,0.00,20.00,15.08,0.00,14.98,15.50,0.00,15.40,AStar,
2205,14.11,AgentPrefab,Agent,MoveState,Moving,Goal,20.00,0.00,20.00,15.08,0.00,14.98,15.50,0.00,15.40,AStar,
2206,14.11,AgentPrefab,Agent,MoveState,Moving,Goal,20.00,0.00,20.00,15.08,0.00,14.98,15.50,0.00,15.40,AStar,
2207,14.12,AgentPrefab,Agent,MoveState,Moving,Goal,20.00,0.00,20.00,15.08,0.00,14.98,15.50,0.00,15.40,AStar,
2208,14.13,AgentPrefab,Agent,MoveState,Moving,Goal,20.00,0.00,20.00,15.08,0.00,14.98,15.50,0.00,15.40,AStar,
2209,14.13,AgentPrefab,Agent,MoveState,Moving,Goal,20.00,0.00,20.00,15.08,0.00,14.98,15.50,0.00,15.40,AStar,
2210,14.14,AgentPrefab,Agent,MoveState,Moving,Goal,20.00,0.00,20.00,15.08,0.00,14.98,15.50,0.00,15.40,AStar,
2211,14.14,AgentPrefab,Agent,MoveState,Moving,Goal,20.00,0.00,20.00,15.08,0.00,14.98,15.50,0.00,15.40,AStar,
2212,14.15,AgentPrefab,Agent,MoveState,Moving,Goal,20.00,0.00,20.00,15.08,0.00,14.98,15.50,0.00,15.40,AStar,
2213,14.16,AgentPrefab,Agent,MoveState,Moving,Goal,20.00,0.00,20.00,15.08,0.00,14.98,15.50,0.00,15.40,AStar,
2214,14.16,AgentPrefab,Agent,MoveState,Moving,Goal,20.00,0.00,20.00,15.08,0.00,14.98,15.50,0.00,15.40,AStar,
2215,14.17,AgentPrefab,Agent,MoveState,Moving,Goal,20.00,0.00,20.00,15.08,0.00,14.98,15.50,0.00,15.40,AStar,
2216,14.18,AgentPrefab,Agent,MoveState,Moving,Goal,20.00,0.00,20.00,15.08,0.00,14.98,15.50,0.00,15.40,AStar,
2217,14.18,AgentPrefab,Agent,MoveState,Moving,Goal,20.00,0.00,20.00,15.08,0.00,14.98,15.50,0.00,15.40,AStar,
2218,14.19,AgentPrefab,Agent,MoveState,Moving,Goal,20.00,0.00,20.00,15.08,0.00,14.98,15.50,0.00,15.40,AStar,
2219,14.20,AgentPrefab,Agent,MoveState,Moving,Goal,20.00,0.00,20.00,15.08,0.00,14.98,15.50,0.00,15.40,AStar,
2220,14.20,AgentPrefab,Agent,MoveState,Moving,Goal,20.00,0.00,20.00,15.08,0.00,14.98,15.50,0.00,15.40,AStar,
2221,14.21,AgentPrefab,Agent,MoveState,Moving,Goal,20.00,0.00,20.00,15.08,0.00,14.98,15.50,0.00,15.40,AStar,
2222,14.22,AgentPrefab,Agent,MoveState,Moving,Goal,20.00,0.00,20.00,15.08,0.00,14.98,15.50,0.00,15.40,AStar,
2223,14.22,AgentPrefab,Agent,MoveState,Moving,Goal,20.00,0.00,20.00,15.08,0.00,14.98,15.50,0.00,15.40,AStar,
2224,14.23,AgentPrefab,Agent,MoveState,Moving,Goal,20.00,0.00,20.00,15.08,0.00,14.98,15.50,0.00,15.40,AStar,
2225,14.24,AgentPrefab,Agent,MoveState,Moving,Goal,20.00,0.00,20.00,15.08,0.00,14.98,15.50,0.00,15.40,AStar,
2226,14.24,AgentPrefab,Agent,MoveState,Moving,Goal,20.00,0.00,20.00,15.08,0.00,14.98,15.50,0.00,15.40,AStar,
2227,14.25,AgentPrefab,Agent,MoveState,Moving,Goal,20.00,0.00,20.00,15.08,0.00,14.98,15.50,0.00,15.40,AStar,
2228,14.25,AgentPrefab,Agent,MoveState,Moving,Goal,20.00,0.00,20.00,15.08,0.00,14.98,15.50,0.00,15.40,AStar,
2229,14.26,AgentPrefab,Agent,MoveState,Moving,Goal,20.00,0.00,20.00,15.08,0.00,14.98,15.50,0.00,15.40,AStar,
2230,14.27,AgentPrefab,Agent,MoveState,Moving,Goal,20.00,0.00,20.00,15.08,0.00,14.98,15.50,0.00,15.40,AStar,
2231,14.28,AgentPrefab,Agent,MoveState,Moving,Goal,20.00,0.00,20.00,15.08,0.00,14.98,15.50,0.00,15.40,AStar,
2232,14.29,AgentPrefab,Agent,MoveState,Moving,Goal,20.00,0.00,20.00,15.08,0.00,14.98,15.50,0.00,15.40,AStar,
2233,14.29,AgentPrefab,Agent,MoveState,Moving,Goal,20.00,0.00,20.00,15.08,0.00,14.98,15.50,0.00,15.40,AStar,
2234,14.30,AgentPrefab,Agent,MoveState,Moving,Goal,20.00,0.00,20.00,15.08,0.00,14.98,15.50,0.00,15.40,AStar,
2235,14.31,AgentPrefab,Agent,MoveState,Moving,Goal,20.00,0.00,20.00,15.08,0.00,14.98,15.50,0.00,15.40,AStar,
2236,14.31,AgentPrefab,Agent,MoveState,Moving,Goal,20.00,0.00,20.00,15.08,0.00,14.98,15.50,0.00,15.40,AStar,
2237,14.32,AgentPrefab,Agent,MoveState,Moving,Goal,20.00,0.00,20.00,15.08,0.00,14.98,15.50,0.00,15.40,AStar,
2238,14.33,AgentPrefab,Agent,MoveState,Moving,Goal,20.00,0.00,20.00,15.08,0.00,14.98,15.50,0.00,15.40,AStar,
2239,14.33,AgentPrefab,Agent,MoveState,Moving,Goal,20.00,0.00,20.00,15.08,0.00,14.98,15.50,0.00,15.40,AStar,
2240,14.34,AgentPrefab,Agent,MoveState,Moving,Goal,20.00,0.00,20.00,15.08,0.00,14.98,15.50,0.00,15.40,AStar,
2241,14.34,AgentPrefab,Agent,MoveState,Moving,Goal,20.00,0.00,20.00,15.08,0.00,14.98,15.50,0.00,15.40,AStar,
2242,14.35,AgentPrefab,Agent,MoveState,Moving,Goal,20.00,0.00,20.00,15.08,0.00,14.98,15.50,0.00,15.40,AStar,
2243,14.36,AgentPrefab,Agent,MoveState,Moving,Goal,20.00,0.00,20.00,15.08,0.00,14.98,15.50,0.00,15.40,AStar,
2244,14.36,AgentPrefab,Agent,MoveState,Moving,Goal,20.00,0.00,20.00,15.08,0.00,14.98,15.50,0.00,15.40,AStar,
2245,14.37,AgentPrefab,Agent,MoveState,Moving,Goal,20.00,0.00,20.00,15.08,0.00,14.98,15.50,0.00,15.40,AStar,
2246,14.38,AgentPrefab,Agent,MoveState,Moving,Goal,20.00,0.00,20.00,15.08,0.00,14.98,15.50,0.00,15.40,AStar,
2247,14.38,AgentPrefab,Agent,MoveState,Moving,Goal,20.00,0.00,20.00,15.08,0.00,14.98,15.50,0.00,15.40,AStar,
2248,14.39,AgentPrefab,Agent,MoveState,Moving,Goal,20.00,0.00,20.00,15.08,0.00,14.98,15.50,0.00,15.40,AStar,
2249,14.40,AgentPrefab,Agent,MoveState,Moving,Goal,20.00,0.00,20.00,15.08,0.00,14.98,15.50,0.00,15.40,AStar,
2250,14.40,AgentPrefab,Agent,MoveState,Moving,Goal,20.00,0.00,20.00,15.08,0.00,14.98,15.50,0.00,15.40,AStar,
2251,14.41,AgentPrefab,Agent,MoveState,Moving,Goal,20.00,0.00,20.00,15.08,0.00,14.98,15.50,0.00,15.40,AStar,
2252,14.42,AgentPrefab,Agent,MoveState,Moving,Goal,20.00,0.00,20.00,15.08,0.00,14.98,15.50,0.00,15.40,AStar,
2253,14.42,AgentPrefab,Agent,MoveState,Moving,Goal,20.00,0.00,20.00,15.08,0.00,14.98,15.50,0.00,15.40,AStar,
2254,14.43,AgentPrefab,Agent,MoveState,Moving,Goal,20.00,0.00,20.00,15.08,0.00,14.98,15.50,0.00,15.40,AStar,
2255,14.44,AgentPrefab,Agent,MoveState,Moving,Goal,20.00,0.00,20.00,15.08,0.00,14.98,15.50,0.00,15.40,AStar,
2256,14.44,AgentPrefab,Agent,MoveState,Moving,Goal,20.00,0.00,20.00,15.08,0.00,14.98,15.50,0.00,15.40,AStar,
2257,14.45,AgentPrefab,Agent,MoveState,Moving,Goal,20.00,0.00,20.00,15.08,0.00,14.98,15.50,0.00,15.40,AStar,
2258,14.45,AgentPrefab,Agent,MoveState,Moving,Goal,20.00,0.00,20.00,15.08,0.00,14.98,15.50,0.00,15.40,AStar,
2259,14.46,AgentPrefab,Agent,MoveState,Moving,Goal,20.00,0.00,20.00,15.08,0.00,14.98,15.50,0.00,15.40,AStar,
2260,14.47,AgentPrefab,Agent,MoveState,Moving,Goal,20.00,0.00,20.00,15.08,0.00,14.98,15.50,0.00,15.40,AStar,
2261,14.47,AgentPrefab,Agent,MoveState,Moving,Goal,20.00,0.00,20.00,15.08,0.00,14.98,15.50,0.00,15.40,AStar,
2262,14.48,AgentPrefab,Agent,MoveState,Moving,Goal,20.00,0.00,20.00,15.08,0.00,14.98,15.50,0.00,15.40,AStar,
2263,14.49,AgentPrefab,Agent,MoveState,Moving,Goal,20.00,0.00,20.00,15.08,0.00,14.98,15.50,0.00,15.40,AStar,
2264,14.49,AgentPrefab,Agent,MoveState,Moving,Goal,20.00,0.00,20.00,15.08,0.00,14.98,15.50,0.00,15.40,AStar,
2265,14.50,AgentPrefab,Agent,MoveState,Moving,Goal,20.00,0.00,20.00,15.08,0.00,14.98,15.50,0.00,15.40,AStar,
2266,14.51,AgentPrefab,Agent,MoveState,Moving,Goal,20.00,0.00,20.00,15.08,0.00,14.98,15.50,0.00,15.40,AStar,
2267,14.51,AgentPrefab,Agent,MoveState,Moving,Goal,20.00,0.00,20.00,15.08,0.00,14.98,15.50,0.00,15.40,AStar,
2268,14.52,AgentPrefab,Agent,MoveState,Moving,Goal,20.00,0.00,20.00,15.08,0.00,14.98,15.50,0.00,15.40,AStar,
2269,14.53,AgentPrefab,Agent,MoveState,Moving,Goal,20.00,0.00,20.00,15.08,0.00,14.98,15.50,0.00,15.40,AStar,
2270,14.53,AgentPrefab,Agent,MoveState,Moving,Goal,20.00,0.00,20.00,15.08,0.00,14.98,15.50,0.00,15.40,AStar,
2271,14.54,AgentPrefab,Agent,MoveState,Moving,Goal,20.00,0.00,20.00,15.08,0.00,14.98,15.50,0.00,15.40,AStar,
2272,14.54,AgentPrefab,Agent,MoveState,Moving,Goal,20.00,0.00,20.00,15.08,0.00,14.98,15.50,0.00,15.40,AStar,
2273,14.55,AgentPrefab,Agent,MoveState,Moving,Goal,20.00,0.00,20.00,15.08,0.00,14.98,15.50,0.00,15.40,AStar,
2274,14.56,AgentPrefab,Agent,MoveState,Moving,Goal,20.00,0.00,20.00,15.08,0.00,14.98,15.50,0.00,15.40,AStar,
2275,14.57,AgentPrefab,Agent,MoveState,Moving,Goal,20.00,0.00,20.00,15.08,0.00,14.98,15.50,0.00,15.40,AStar,
2276,14.57,AgentPrefab,Agent,MoveState,Moving,Goal,20.00,0.00,20.00,15.08,0.00,14.98,15.50,0.00,15.40,AStar,
2277,14.58,AgentPrefab,Agent,MoveState,Moving,Goal,20.00,0.00,20.00,15.08,0.00,14.98,15.50,0.00,15.40,AStar,
2278,14.58,AgentPrefab,Agent,MoveState,Moving,Goal,20.00,0.00,20.00,15.08,0.00,14.98,15.50,0.00,15.40,AStar,
2279,14.59,AgentPrefab,Agent,MoveState,Moving,Goal,20.00,0.00,20.00,15.08,0.00,14.98,15.50,0.00,15.40,AStar,
2280,14.60,AgentPrefab,Agent,MoveState,Moving,Goal,20.00,0.00,20.00,15.08,0.00,14.98,15.50,0.00,15.40,AStar,
2281,14.61,AgentPrefab,Agent,MoveState,Moving,Goal,20.00,0.00,20.00,15.08,0.00,14.98,15.50,0.00,15.40,AStar,
2282,14.61,AgentPrefab,Agent,MoveState,Moving,Goal,20.00,0.00,20.00,15.08,0.00,14.98,15.50,0.00,15.40,AStar,
2283,14.62,AgentPrefab,Agent,MoveState,Moving,Goal,20.00,0.00,20.00,15.08,0.00,14.98,15.50,0.00,15.40,AStar,
2284,14.63,AgentPrefab,Agent,MoveState,Moving,Goal,20.00,0.00,20.00,15.08,0.00,14.98,15.50,0.00,15.40,AStar,
2285,14.63,AgentPrefab,Agent,MoveState,Moving,Goal,20.00,0.00,20.00,15.08,0.00,14.98,15.50,0.00,15.40,AStar,
2286,14.64,AgentPrefab,Agent,MoveState,Moving,Goal,20.00,0.00,20.00,15.08,0.00,14.98,15.50,0.00,15.40,AStar,
2287,14.66,AgentPrefab,Agent,MoveState,Moving,Goal,20.00,0.00,20.00,15.08,0.00,14.98,15.50,0.00,15.40,AStar,
2288,14.66,AgentPrefab,Agent,MoveState,Moving,Goal,20.00,0.00,20.00,15.08,0.00,14.98,15.50,0.00,15.40,AStar,
2289,14.67,AgentPrefab,Agent,MoveState,Moving,Goal,20.00,0.00,20.00,15.08,0.00,14.98,15.50,0.00,15.40,AStar,
2290,14.67,AgentPrefab,Agent,MoveState,Moving,Goal,20.00,0.00,20.00,15.08,0.00,14.98,15.50,0.00,15.40,AStar,
2291,14.68,AgentPrefab,Agent,MoveState,Moving,Goal,20.00,0.00,20.00,15.08,0.00,14.98,15.50,0.00,15.40,AStar,
2292,14.69,AgentPrefab,Agent,MoveState,Moving,Goal,20.00,0.00,20.00,15.08,0.00,14.98,15.50,0.00,15.40,AStar,
2293,14.69,AgentPrefab,Agent,MoveState,Moving,Goal,20.00,0.00,20.00,15.08,0.00,14.98,15.50,0.00,15.40,AStar,
2294,14.70,AgentPrefab,Agent,MoveState,Moving,Goal,20.00,0.00,20.00,15.08,0.00,14.98,15.50,0.00,15.40,AStar,
2295,14.71,AgentPrefab,Agent,MoveState,Moving,Goal,20.00,0.00,20.00,15.08,0.00,14.98,15.50,0.00,15.40,AStar,
2296,14.71,AgentPrefab,Agent,MoveState,Moving,Goal,20.00,0.00,20.00,15.08,0.00,14.98,15.50,0.00,15.40,AStar,
2297,14.72,AgentPrefab,Agent,MoveState,Moving,Goal,20.00,0.00,20.00,15.08,0.00,14.98,15.50,0.00,15.40,AStar,
2298,14.73,AgentPrefab,Agent,MoveState,Moving,Goal,20.00,0.00,20.00,15.08,0.00,14.98,15.50,0.00,15.40,AStar,
2299,14.73,AgentPrefab,Agent,MoveState,Moving,Goal,20.00,0.00,20.00,15.08,0.00,14.98,15.50,0.00,15.40,AStar,
2300,14.74,AgentPrefab,Agent,MoveState,Moving,Goal,20.00,0.00,20.00,15.08,0.00,14.98,15.50,0.00,15.40,AStar,
2301,14.75,AgentPrefab,Agent,MoveState,Moving,Goal,20.00,0.00,20.00,15.08,0.00,14.98,15.50,0.00,15.40,AStar,
2302,14.75,AgentPrefab,Agent,MoveState,Moving,Goal,20.00,0.00,20.00,15.08,0.00,14.98,15.50,0.00,15.40,AStar,
2303,14.76,AgentPrefab,Agent,MoveState,Moving,Goal,20.00,0.00,20.00,15.08,0.00,14.98,15.50,0.00,15.40,AStar,
2304,14.77,AgentPrefab,Agent,MoveState,Moving,Goal,20.00,0.00,20.00,15.08,0.00,14.98,15.50,0.00,15.40,AStar,
2305,14.77,AgentPrefab,Agent,MoveState,Moving,Goal,20.00,0.00,20.00,15.08,0.00,14.98,15.50,0.00,15.40,AStar,
2306,14.78,AgentPrefab,Agent,MoveState,Moving,Goal,20.00,0.00,20.00,15.08,0.00,14.98,15.50,0.00,15.40,AStar,
2307,14.79,AgentPrefab,Agent,MoveState,Moving,Goal,20.00,0.00,20.00,15.08,0.00,14.98,15.50,0.00,15.40,AStar,
2308,14.79,AgentPrefab,Agent,MoveState,Moving,Goal,20.00,0.00,20.00,15.08,0.00,14.98,15.50,0.00,15.40,AStar,
2309,14.80,AgentPrefab,Agent,MoveState,Moving,Goal,20.00,0.00,20.00,15.08,0.00,14.98,15.50,0.00,15.40,AStar,
2310,14.81,AgentPrefab,Agent,MoveState,Moving,Goal,20.00,0.00,20.00,15.08,0.00,14.98,15.50,0.00,15.40,AStar,
2311,14.81,AgentPrefab,Agent,MoveState,Moving,Goal,20.00,0.00,20.00,15.08,0.00,14.98,15.50,0.00,15.40,AStar,
2312,14.82,AgentPrefab,Agent,MoveState,Moving,Goal,20.00,0.00,20.00,15.08,0.00,14.98,15.50,0.00,15.40,AStar,
2313,14.82,AgentPrefab,Agent,MoveState,Moving,Goal,20.00,0.00,20.00,15.08,0.00,14.98,15.50,0.00,15.40,AStar,
2314,14.83,AgentPrefab,Agent,MoveState,Moving,Goal,20.00,0.00,20.00,15.08,0.00,14.98,15.50,0.00,15.40,AStar,
2315,14.84,AgentPrefab,Agent,MoveState,Moving,Goal,20.00,0.00,20.00,15.08,0.00,14.98,15.50,0.00,15.40,AStar,
2316,14.84,AgentPrefab,Agent,MoveState,Moving,Goal,20.00,0.00,20.00,15.08,0.00,14.98,15.50,0.00,15.40,AStar,
2317,14.85,AgentPrefab,Agent,MoveState,Moving,Goal,20.00,0.00,20.00,15.08,0.00,14.98,15.50,0.00,15.40,AStar,
2318,14.86,AgentPrefab,Agent,MoveState,Moving,Goal,20.00,0.00,20.00,15.08,0.00,14.98,15.50,0.00,15.40,AStar,
2319,14.86,AgentPrefab,Agent,MoveState,Moving,Goal,20.00,0.00,20.00,15.08,0.00,14.98,15.50,0.00,15.40,AStar,
2320,14.87,AgentPrefab,Agent,MoveState,Moving,Goal,20.00,0.00,20.00,15.08,0.00,14.98,15.50,0.00,15.40,AStar,
2321,14.88,AgentPrefab,Agent,MoveState,Moving,Goal,20.00,0.00,20.00,15.08,0.00,14.98,15.50,0.00,15.40,AStar,
2322,14.88,AgentPrefab,Agent,MoveState,Moving,Goal,20.00,0.00,20.00,15.08,0.00,14.98,15.50,0.00,15.40,AStar,
2323,14.89,AgentPrefab,Agent,MoveState,Moving,Goal,20.00,0.00,20.00,15.08,0.00,14.98,15.50,0.00,15.40,AStar,
2324,14.90,AgentPrefab,Agent,MoveState,Moving,Goal,20.00,0.00,20.00,15.08,0.00,14.98,15.50,0.00,15.40,AStar,
2325,14.90,AgentPrefab,Agent,MoveState,Moving,Goal,20.00,0.00,20.00,15.08,0.00,14.98,15.50,0.00,15.40,AStar,
2326,14.91,AgentPrefab,Agent,MoveState,Moving,Goal,20.00,0.00,20.00,15.08,0.00,14.98,15.50,0.00,15.40,AStar,
2327,14.92,AgentPrefab,Agent,MoveState,Moving,Goal,20.00,0.00,20.00,15.08,0.00,14.98,15.50,0.00,15.40,AStar,
2328,14.92,AgentPrefab,Agent,MoveState,Moving,Goal,20.00,0.00,20.00,15.08,0.00,14.98,15.50,0.00,15.40,AStar,
2329,14.93,AgentPrefab,Agent,MoveState,Moving,Goal,20.00,0.00,20.00,15.08,0.00,14.98,15.50,0.00,15.40,AStar,
2330,14.94,AgentPrefab,Agent,MoveState,Moving,Goal,20.00,0.00,20.00,15.08,0.00,14.98,15.50,0.00,15.40,AStar,
2331,14.94,AgentPrefab,Agent,MoveState,Moving,Goal,20.00,0.00,20.00,15.08,0.00,14.98,15.50,0.00,15.40,AStar,
2332,14.95,AgentPrefab,Agent,MoveState,Moving,Goal,20.00,0.00,20.00,15.08,0.00,14.98,15.50,0.00,15.40,AStar,
2333,14.96,AgentPrefab,Agent,MoveState,Moving,Goal,20.00,0.00,20.00,15.08,0.00,14.98,15.50,0.00,15.40,AStar,
2334,14.96,AgentPrefab,Agent,MoveState,Moving,Goal,20.00,0.00,20.00,15.08,0.00,14.98,15.50,0.00,15.40,AStar,
2335,14.97,AgentPrefab,Agent,MoveState,Moving,Goal,20.00,0.00,20.00,15.08,0.00,14.98,15.50,0.00,15.40,AStar,
2336,14.98,AgentPrefab,Agent,MoveState,Moving,Goal,20.00,0.00,20.00,15.08,0.00,14.98,15.50,0.00,15.40,AStar,
2337,14.98,AgentPrefab,Agent,MoveState,Moving,Goal,20.00,0.00,20.00,15.08,0.00,14.98,15.50,0.00,15.40,AStar,
2338,14.99,AgentPrefab,Agent,MoveState,Moving,Goal,20.00,0.00,20.00,15.08,0.00,14.98,15.50,0.00,15.40,AStar,
2339,14.99,AgentPrefab,Agent,MoveState,Moving,Goal,20.00,0.00,20.00,15.08,0.00,14.98,15.50,0.00,15.40,AStar,
2340,15.00,AgentPrefab,Agent,MoveState,Moving,Goal,20.00,0.00,20.00,15.08,0.00,14.98,15.50,0.00,15.40,AStar,
2341,15.01,AgentPrefab,Agent,SearchState,Searching,Goal,20.00,0.00,20.00,15.08,0.00,14.98,15.50,0.00,15.40,AStar,
2342,15.01,AgentPrefab,Agent,MoveState,Moving,Goal,20.00,0.00,20.00,15.08,0.00,14.98,15.50,0.00,15.40,AStar,
2343,15.02,AgentPrefab,Agent,MoveState,Moving,Goal,20.00,0.00,20.00,15.08,0.00,14.98,15.50,0.00,15.40,AStar,
2344,15.03,AgentPrefab,Agent,MoveState,Moving,Goal,20.00,0.00,20.00,15.08,0.00,14.98,15.50,0.00,15.40,AStar,
2345,15.03,AgentPrefab,Agent,MoveState,Moving,Goal,20.00,0.00,20.00,15.08,0.00,14.98,15.50,0.00,15.40,AStar,
2346,15.04,AgentPrefab,Agent,MoveState,Moving,Goal,20.00,0.00,20.00,15.08,0.00,14.98,15.50,0.00,15.40,AStar,
2347,15.05,AgentPrefab,Agent,MoveState,Moving,Goal,20.00,0.00,20.00,15.08,0.00,14.98,15.50,0.00,15.40,AStar,
2348,15.05,AgentPrefab,Agent,MoveState,Moving,Goal,20.00,0.00,20.00,15.08,0.00,14.98,15.50,0.00,15.40,AStar,
2349,15.06,AgentPrefab,Agent,MoveState,Moving,Goal,20.00,0.00,20.00,15.08,0.00,14.98,15.50,0.00,15.40,AStar,
2350,15.07,AgentPrefab,Agent,MoveState,Moving,Goal,20.00,0.00,20.00,15.08,0.00,14.98,15.50,0.00,15.40,AStar,
2351,15.07,AgentPrefab,Agent,MoveState,Moving,Goal,20.00,0.00,20.00,15.08,0.00,14.98,15.50,0.00,15.40,AStar,
2352,15.08,AgentPrefab,Agent,MoveState,Moving,Goal,20.00,0.00,20.00,15.08,0.00,14.98,15.50,0.00,15.40,AStar,
2353,15.09,AgentPrefab,Agent,MoveState,Moving,Goal,20.00,0.00,20.00,15.08,0.00,14.98,15.50,0.00,15.40,AStar,
2354,15.09,AgentPrefab,Agent,MoveState,Moving,Goal,20.00,0.00,20.00,15.08,0.00,14.98,15.50,0.00,15.40,AStar,
2355,15.10,AgentPrefab,Agent,MoveState,Moving,Goal,20.00,0.00,20.00,15.08,0.00,14.98,15.50,0.00,15.40,AStar,
2356,15.11,AgentPrefab,Agent,MoveState,Moving,Goal,20.00,0.00,20.00,15.08,0.00,14.98,15.50,0.00,15.40,AStar,
2357,15.11,AgentPrefab,Agent,MoveState,Moving,Goal,20.00,0.00,20.00,15.08,0.00,14.98,15.50,0.00,15.40,AStar,
2358,15.12,AgentPrefab,Agent,MoveState,Moving,Goal,20.00,0.00,20.00,15.08,0.00,14.98,15.50,0.00,15.40,AStar,
2359,15.12,AgentPrefab,Agent,MoveState,Moving,Goal,20.00,0.00,20.00,15.08,0.00,14.98,15.50,0.00,15.40,AStar,
2360,15.13,AgentPrefab,Agent,MoveState,Moving,Goal,20.00,0.00,20.00,15.08,0.00,14.98,15.50,0.00,15.40,AStar,
2361,15.14,AgentPrefab,Agent,MoveState,Moving,Goal,20.00,0.00,20.00,15.08,0.00,14.98,15.50,0.00,15.40,AStar,
2362,15.15,AgentPrefab,Agent,MoveState,Moving,Goal,20.00,0.00,20.00,15.08,0.00,14.98,15.50,0.00,15.40,AStar,
2363,15.15,AgentPrefab,Agent,MoveState,Moving,Goal,20.00,0.00,20.00,15.08,0.00,14.98,15.50,0.00,15.40,AStar,
2364,15.16,AgentPrefab,Agent,MoveState,Moving,Goal,20.00,0.00,20.00,15.08,0.00,14.98,15.50,0.00,15.40,AStar,
2365,15.16,AgentPrefab,Agent,MoveState,Moving,Goal,20.00,0.00,20.00,15.08,0.00,14.98,15.50,0.00,15.40,AStar,
2366,15.17,AgentPrefab,Agent,MoveState,Moving,Goal,20.00,0.00,20.00,15.08,0.00,14.98,15.50,0.00,15.40,AStar,
2367,15.18,AgentPrefab,Agent,MoveState,Moving,Goal,20.00,0.00,20.00,15.08,0.00,14.98,15.50,0.00,15.40,AStar,
2368,15.18,AgentPrefab,Agent,MoveState,Moving,Goal,20.00,0.00,20.00,15.08,0.00,14.98,15.50,0.00,15.40,AStar,
2369,15.19,AgentPrefab,Agent,MoveState,Moving,Goal,20.00,0.00,20.00,15.08,0.00,14.98,15.50,0.00,15.40,AStar,
2370,15.20,AgentPrefab,Agent,MoveState,Moving,Goal,20.00,0.00,20.00,15.08,0.00,14.98,15.50,0.00,15.40,AStar,
2371,15.20,AgentPrefab,Agent,MoveState,Moving,Goal,20.00,0.00,20.00,15.08,0.00,14.98,15.50,0.00,15.40,AStar,
2372,15.21,AgentPrefab,Agent,MoveState,Moving,Goal,20.00,0.00,20.00,15.08,0.00,14.98,15.50,0.00,15.40,AStar,
2373,15.22,AgentPrefab,Agent,MoveState,Moving,Goal,20.00,0.00,20.00,15.08,0.00,14.98,15.50,0.00,15.40,AStar,
2374,15.22,AgentPrefab,Agent,MoveState,Moving,Goal,20.00,0.00,20.00,15.08,0.00,14.98,15.50,0.00,15.40,AStar,
2375,15.23,AgentPrefab,Agent,MoveState,Moving,Goal,20.00,0.00,20.00,15.08,0.00,14.98,15.50,0.00,15.40,AStar,
2376,15.24,AgentPrefab,Agent,MoveState,Moving,Goal,20.00,0.00,20.00,15.08,0.00,14.98,15.50,0.00,15.40,AStar,
2377,15.24,AgentPrefab,Agent,MoveState,Moving,Goal,20.00,0.00,20.00,15.08,0.00,14.98,15.50,0.00,15.40,AStar,
2378,15.25,AgentPrefab,Agent,MoveState,Moving,Goal,20.00,0.00,20.00,15.08,0.00,14.98,15.50,0.00,15.40,AStar,
2379,15.26,AgentPrefab,Agent,MoveState,Moving,Goal,20.00,0.00,20.00,15.08,0.00,14.98,15.50,0.00,15.40,AStar,
2380,15.26,AgentPrefab,Agent,MoveState,Moving,Goal,20.00,0.00,20.00,15.08,0.00,14.98,15.50,0.00,15.40,AStar,
2381,15.27,AgentPrefab,Agent,MoveState,Moving,Goal,20.00,0.00,20.00,15.08,0.00,14.98,15.50,0.00,15.40,AStar,
2382,15.28,AgentPrefab,Agent,MoveState,Moving,Goal,20.00,0.00,20.00,15.08,0.00,14.98,15.50,0.00,15.40,AStar,
2383,15.28,AgentPrefab,Agent,MoveState,Moving,Goal,20.00,0.00,20.00,15.08,0.00,14.98,15.50,0.00,15.40,AStar,
2384,15.29,AgentPrefab,Agent,MoveState,Moving,Goal,20.00,0.00,20.00,15.08,0.00,14.98,15.50,0.00,15.40,AStar,
2385,15.29,AgentPrefab,Agent,MoveState,Moving,Goal,20.00,0.00,20.00,15.08,0.00,14.98,15.50,0.00,15.40,AStar,
2386,15.30,AgentPrefab,Agent,MoveState,Moving,Goal,20.00,0.00,20.00,15.08,0.00,14.98,15.50,0.00,15.40,AStar,
2387,15.31,AgentPrefab,Agent,MoveState,Moving,Goal,20.00,0.00,20.00,15.08,0.00,14.98,15.50,0.00,15.40,AStar,
2388,15.31,AgentPrefab,Agent,MoveState,Moving,Goal,20.00,0.00,20.00,15.08,0.00,14.98,15.50,0.00,15.40,AStar,
2389,15.32,AgentPrefab,Agent,MoveState,Moving,Goal,20.00,0.00,20.00,15.08,0.00,14.98,15.50,0.00,15.40,AStar,
2390,15.33,AgentPrefab,Agent,MoveState,Moving,Goal,20.00,0.00,20.00,15.08,0.00,14.98,15.50,0.00,15.40,AStar,
2391,15.33,AgentPrefab,Agent,MoveState,Moving,Goal,20.00,0.00,20.00,15.08,0.00,14.98,15.50,0.00,15.40,AStar,
2392,15.34,AgentPrefab,Agent,MoveState,Moving,Goal,20.00,0.00,20.00,15.08,0.00,14.98,15.50,0.00,15.40,AStar,
2393,15.35,AgentPrefab,Agent,MoveState,Moving,Goal,20.00,0.00,20.00,15.08,0.00,14.98,15.50,0.00,15.40,AStar,
2394,15.36,AgentPrefab,Agent,MoveState,Moving,Goal,20.00,0.00,20.00,15.08,0.00,14.98,15.50,0.00,15.40,AStar,
2395,15.37,AgentPrefab,Agent,MoveState,Moving,Goal,20.00,0.00,20.00,15.08,0.00,14.98,15.50,0.00,15.40,AStar,
2396,15.37,AgentPrefab,Agent,MoveState,Moving,Goal,20.00,0.00,20.00,15.08,0.00,14.98,15.50,0.00,15.40,AStar,
2397,15.38,AgentPrefab,Agent,MoveState,Moving,Goal,20.00,0.00,20.00,15.08,0.00,14.98,15.50,0.00,15.40,AStar,
2398,15.39,AgentPrefab,Agent,MoveState,Moving,Goal,20.00,0.00,20.00,15.08,0.00,14.98,15.50,0.00,15.40,AStar,
2399,15.39,AgentPrefab,Agent,MoveState,Moving,Goal,20.00,0.00,20.00,15.08,0.00,14.98,15.50,0.00,15.40,AStar,
2400,15.40,AgentPrefab,Agent,MoveState,Moving,Goal,20.00,0.00,20.00,15.08,0.00,14.98,15.50,0.00,15.40,AStar,
2401,15.41,AgentPrefab,Agent,MoveState,Moving,Goal,20.00,0.00,20.00,15.08,0.00,14.98,15.50,0.00,15.40,AStar,
2402,15.41,AgentPrefab,Agent,MoveState,Moving,Goal,20.00,0.00,20.00,15.08,0.00,14.98,15.50,0.00,15.40,AStar,
2403,15.42,AgentPrefab,Agent,MoveState,Moving,Goal,20.00,0.00,20.00,15.08,0.00,14.98,15.50,0.00,15.40,AStar,
2404,15.43,AgentPrefab,Agent,MoveState,Moving,Goal,20.00,0.00,20.00,15.08,0.00,14.98,15.50,0.00,15.40,AStar,
2405,15.43,AgentPrefab,Agent,MoveState,Moving,Goal,20.00,0.00,20.00,15.08,0.00,14.98,15.50,0.00,15.40,AStar,
2406,15.44,AgentPrefab,Agent,MoveState,Moving,Goal,20.00,0.00,20.00,15.08,0.00,14.98,15.50,0.00,15.40,AStar,
2407,15.45,AgentPrefab,Agent,MoveState,Moving,Goal,20.00,0.00,20.00,15.08,0.00,14.98,15.50,0.00,15.40,AStar,
2408,15.45,AgentPrefab,Agent,MoveState,Moving,Goal,20.00,0.00,20.00,15.08,0.00,14.98,15.50,0.00,15.40,AStar,
2409,15.46,AgentPrefab,Agent,MoveState,Moving,Goal,20.00,0.00,20.00,15.08,0.00,14.98,15.50,0.00,15.40,AStar,
2410,15.47,AgentPrefab,Agent,MoveState,Moving,Goal,20.00,0.00,20.00,15.08,0.00,14.98,15.50,0.00,15.40,AStar,
2411,15.47,AgentPrefab,Agent,MoveState,Moving,Goal,20.00,0.00,20.00,15.08,0.00,14.98,15.50,0.00,15.40,AStar,
2412,15.48,AgentPrefab,Agent,MoveState,Moving,Goal,20.00,0.00,20.00,15.08,0.00,14.98,15.50,0.00,15.40,AStar,
2413,15.49,AgentPrefab,Agent,MoveState,Moving,Goal,20.00,0.00,20.00,15.08,0.00,14.98,15.50,0.00,15.40,AStar,
2414,15.49,AgentPrefab,Agent,MoveState,Moving,Goal,20.00,0.00,20.00,15.08,0.00,14.98,15.50,0.00,15.40,AStar,
2415,15.50,AgentPrefab,Agent,MoveState,Moving,Goal,20.00,0.00,20.00,15.08,0.00,14.98,15.50,0.00,15.40,AStar,
2416,15.51,AgentPrefab,Agent,MoveState,Moving,Goal,20.00,0.00,20.00,15.08,0.00,14.98,15.50,0.00,15.40,AStar,
2417,15.51,AgentPrefab,Agent,MoveState,Moving,Goal,20.00,0.00,20.00,15.08,0.00,14.98,15.50,0.00,15.40,AStar,
2418,15.52,AgentPrefab,Agent,MoveState,Moving,Goal,20.00,0.00,20.00,15.08,0.00,14.98,15.50,0.00,15.40,AStar,
2419,15.52,AgentPrefab,Agent,MoveState,Moving,Goal,20.00,0.00,20.00,15.08,0.00,14.98,15.50,0.00,15.40,AStar,
2420,15.53,AgentPrefab,Agent,MoveState,Moving,Goal,20.00,0.00,20.00,15.08,0.00,14.98,15.50,0.00,15.40,AStar,
2421,15.54,AgentPrefab,Agent,MoveState,Moving,Goal,20.00,0.00,20.00,15.08,0.00,14.98,15.50,0.00,15.40,AStar,
2422,15.54,AgentPrefab,Agent,MoveState,Moving,Goal,20.00,0.00,20.00,15.08,0.00,14.98,15.50,0.00,15.40,AStar,
2423,15.55,AgentPrefab,Agent,MoveState,Moving,Goal,20.00,0.00,20.00,15.08,0.00,14.98,15.50,0.00,15.40,AStar,
2424,15.56,AgentPrefab,Agent,MoveState,Moving,Goal,20.00,0.00,20.00,15.08,0.00,14.98,15.50,0.00,15.40,AStar,
2425,15.56,AgentPrefab,Agent,MoveState,Moving,Goal,20.00,0.00,20.00,15.08,0.00,14.98,15.50,0.00,15.40,AStar,
2426,15.57,AgentPrefab,Agent,MoveState,Moving,Goal,20.00,0.00,20.00,15.08,0.00,14.98,15.50,0.00,15.40,AStar,
2427,15.58,AgentPrefab,Agent,MoveState,Moving,Goal,20.00,0.00,20.00,15.08,0.00,14.98,15.50,0.00,15.40,AStar,
2428,15.58,AgentPrefab,Agent,MoveState,Moving,Goal,20.00,0.00,20.00,15.08,0.00,14.98,15.50,0.00,15.40,AStar,
2429,15.59,AgentPrefab,Agent,MoveState,Moving,Goal,20.00,0.00,20.00,15.08,0.00,14.98,15.50,0.00,15.40,AStar,
2430,15.59,AgentPrefab,Agent,MoveState,Moving,Goal,20.00,0.00,20.00,15.08,0.00,14.98,15.50,0.00,15.40,AStar,
2431,15.60,AgentPrefab,Agent,MoveState,Moving,Goal,20.00,0.00,20.00,15.08,0.00,14.98,15.50,0.00,15.40,AStar,
2432,15.61,AgentPrefab,Agent,MoveState,Moving,Goal,20.00,0.00,20.00,15.08,0.00,14.98,15.50,0.00,15.40,AStar,
2433,15.62,AgentPrefab,Agent,MoveState,Moving,Goal,20.00,0.00,20.00,15.08,0.00,14.98,15.50,0.00,15.40,AStar,
2434,15.62,AgentPrefab,Agent,MoveState,Moving,Goal,20.00,0.00,20.00,15.08,0.00,14.98,15.50,0.00,15.40,AStar,
2435,15.63,AgentPrefab,Agent,MoveState,Moving,Goal,20.00,0.00,20.00,15.08,0.00,14.98,15.50,0.00,15.40,AStar,
2436,15.64,AgentPrefab,Agent,MoveState,Moving,Goal,20.00,0.00,20.00,15.08,0.00,14.98,15.50,0.00,15.40,AStar,
2437,15.65,AgentPrefab,Agent,MoveState,Moving,Goal,20.00,0.00,20.00,15.08,0.00,14.98,15.50,0.00,15.40,AStar,
2438,15.65,AgentPrefab,Agent,MoveState,Moving,Goal,20.00,0.00,20.00,15.08,0.00,14.98,15.50,0.00,15.40,AStar,
2439,15.66,AgentPrefab,Agent,MoveState,Moving,Goal,20.00,0.00,20.00,15.08,0.00,14.98,15.50,0.00,15.40,AStar,
2440,15.67,AgentPrefab,Agent,MoveState,Moving,Goal,20.00,0.00,20.00,15.08,0.00,14.98,15.50,0.00,15.40,AStar,
2441,15.67,AgentPrefab,Agent,MoveState,Moving,Goal,20.00,0.00,20.00,15.08,0.00,14.98,15.50,0.00,15.40,AStar,
2442,15.68,AgentPrefab,Agent,MoveState,Moving,Goal,20.00,0.00,20.00,15.08,0.00,14.98,15.50,0.00,15.40,AStar,
2443,15.69,AgentPrefab,Agent,MoveState,Moving,Goal,20.00,0.00,20.00,15.08,0.00,14.98,15.50,0.00,15.40,AStar,
2444,15.69,AgentPrefab,Agent,MoveState,Moving,Goal,20.00,0.00,20.00,15.08,0.00,14.98,15.50,0.00,15.40,AStar,
2445,15.70,AgentPrefab,Agent,MoveState,Moving,Goal,20.00,0.00,20.00,15.08,0.00,14.98,15.50,0.00,15.40,AStar,
2446,15.70,AgentPrefab,Agent,MoveState,Moving,Goal,20.00,0.00,20.00,15.08,0.00,14.98,15.50,0.00,15.40,AStar,
2447,15.71,AgentPrefab,Agent,MoveState,Moving,Goal,20.00,0.00,20.00,15.08,0.00,14.98,15.50,0.00,15.40,AStar,
2448,15.72,AgentPrefab,Agent,MoveState,Moving,Goal,20.00,0.00,20.00,15.08,0.00,14.98,15.50,0.00,15.40,AStar,
2449,15.72,AgentPrefab,Agent,MoveState,Moving,Goal,20.00,0.00,20.00,15.08,0.00,14.98,15.50,0.00,15.40,AStar,
2450,15.73,AgentPrefab,Agent,MoveState,Moving,Goal,20.00,0.00,20.00,15.08,0.00,14.98,15.50,0.00,15.40,AStar,
2451,15.74,AgentPrefab,Agent,MoveState,Moving,Goal,20.00,0.00,20.00,15.08,0.00,14.98,15.50,0.00,15.40,AStar,
2452,15.74,AgentPrefab,Agent,MoveState,Moving,Goal,20.00,0.00,20.00,15.08,0.00,14.98,15.50,0.00,15.40,AStar,
2453,15.75,AgentPrefab,Agent,MoveState,Moving,Goal,20.00,0.00,20.00,15.08,0.00,14.98,15.50,0.00,15.40,AStar,
2454,15.76,AgentPrefab,Agent,MoveState,Moving,Goal,20.00,0.00,20.00,15.08,0.00,14.98,15.50,0.00,15.40,AStar,
2455,15.76,AgentPrefab,Agent,MoveState,Moving,Goal,20.00,0.00,20.00,15.08,0.00,14.98,15.50,0.00,15.40,AStar,
2456,15.77,AgentPrefab,Agent,MoveState,Moving,Goal,20.00,0.00,20.00,15.08,0.00,14.98,15.50,0.00,15.40,AStar,
2457,15.77,AgentPrefab,Agent,MoveState,Moving,Goal,20.00,0.00,20.00,15.08,0.00,14.98,15.50,0.00,15.40,AStar,
2458,15.78,AgentPrefab,Agent,MoveState,Moving,Goal,20.00,0.00,20.00,15.08,0.00,14.98,15.50,0.00,15.40,AStar,
2459,15.79,AgentPrefab,Agent,MoveState,Moving,Goal,20.00,0.00,20.00,15.08,0.00,14.98,15.50,0.00,15.40,AStar,
2460,15.79,AgentPrefab,Agent,MoveState,Moving,Goal,20.00,0.00,20.00,15.08,0.00,14.98,15.50,0.00,15.40,AStar,
2461,15.80,AgentPrefab,Agent,MoveState,Moving,Goal,20.00,0.00,20.00,15.08,0.00,14.98,15.50,0.00,15.40,AStar,
2462,15.81,AgentPrefab,Agent,MoveState,Moving,Goal,20.00,0.00,20.00,15.08,0.00,14.98,15.50,0.00,15.40,AStar,
2463,15.81,AgentPrefab,Agent,MoveState,Moving,Goal,20.00,0.00,20.00,15.08,0.00,14.98,15.50,0.00,15.40,AStar,
2464,15.82,AgentPrefab,Agent,MoveState,Moving,Goal,20.00,0.00,20.00,15.08,0.00,14.98,15.50,0.00,15.40,AStar,
2465,15.83,AgentPrefab,Agent,MoveState,Moving,Goal,20.00,0.00,20.00,15.08,0.00,14.98,15.50,0.00,15.40,AStar,
2466,15.83,AgentPrefab,Agent,MoveState,Moving,Goal,20.00,0.00,20.00,15.08,0.00,14.98,15.50,0.00,15.40,AStar,
2467,15.84,AgentPrefab,Agent,MoveState,Moving,Goal,20.00,0.00,20.00,15.08,0.00,14.98,15.50,0.00,15.40,AStar,
2468,15.85,AgentPrefab,Agent,MoveState,Moving,Goal,20.00,0.00,20.00,15.08,0.00,14.98,15.50,0.00,15.40,AStar,
2469,15.85,AgentPrefab,Agent,MoveState,Moving,Goal,20.00,0.00,20.00,15.08,0.00,14.98,15.50,0.00,15.40,AStar,
2470,15.86,AgentPrefab,Agent,MoveState,Moving,Goal,20.00,0.00,20.00,15.08,0.00,14.98,15.50,0.00,15.40,AStar,
2471,15.87,AgentPrefab,Agent,MoveState,Moving,Goal,20.00,0.00,20.00,15.08,0.00,14.98,15.50,0.00,15.40,AStar,
2472,15.87,AgentPrefab,Agent,MoveState,Moving,Goal,20.00,0.00,20.00,15.08,0.00,14.98,15.50,0.00,15.40,AStar,
2473,15.88,AgentPrefab,Agent,MoveState,Moving,Goal,20.00,0.00,20.00,15.08,0.00,14.98,15.50,0.00,15.40,AStar,
2474,15.89,AgentPrefab,Agent,MoveState,Moving,Goal,20.00,0.00,20.00,15.08,0.00,14.98,15.50,0.00,15.40,AStar,
2475,15.89,AgentPrefab,Agent,MoveState,Moving,Goal,20.00,0.00,20.00,15.08,0.00,14.98,15.50,0.00,15.40,AStar,
2476,15.90,AgentPrefab,Agent,MoveState,Moving,Goal,20.00,0.00,20.00,15.08,0.00,14.98,15.50,0.00,15.40,AStar,
2477,15.91,AgentPrefab,Agent,MoveState,Moving,Goal,20.00,0.00,20.00,15.08,0.00,14.98,15.50,0.00,15.40,AStar,
2478,15.91,AgentPrefab,Agent,MoveState,Moving,Goal,20.00,0.00,20.00,15.08,0.00,14.98,15.50,0.00,15.40,AStar,
2479,15.92,AgentPrefab,Agent,MoveState,Moving,Goal,20.00,0.00,20.00,15.08,0.00,14.98,15.50,0.00,15.40,AStar,
2480,15.92,AgentPrefab,Agent,MoveState,Moving,Goal,20.00,0.00,20.00,15.08,0.00,14.98,15.50,0.00,15.40,AStar,
2481,15.93,AgentPrefab,Agent,MoveState,Moving,Goal,20.00,0.00,20.00,15.08,0.00,14.98,15.50,0.00,15.40,AStar,
2482,15.94,AgentPrefab,Agent,MoveState,Moving,Goal,20.00,0.00,20.00,15.08,0.00,14.98,15.50,0.00,15.40,AStar,
2483,15.95,AgentPrefab,Agent,MoveState,Moving,Goal,20.00,0.00,20.00,15.08,0.00,14.98,15.50,0.00,15.40,AStar,
2484,15.95,AgentPrefab,Agent,MoveState,Moving,Goal,20.00,0.00,20.00,15.08,0.00,14.98,15.50,0.00,15.40,AStar,
2485,15.96,AgentPrefab,Agent,MoveState,Moving,Goal,20.00,0.00,20.00,15.08,0.00,14.98,15.50,0.00,15.40,AStar,
2486,15.97,AgentPrefab,Agent,MoveState,Moving,Goal,20.00,0.00,20.00,15.08,0.00,14.98,15.50,0.00,15.40,AStar,
2487,15.97,AgentPrefab,Agent,MoveState,Moving,Goal,20.00,0.00,20.00,15.08,0.00,14.98,15.50,0.00,15.40,AStar,
2488,15.98,AgentPrefab,Agent,MoveState,Moving,Goal,20.00,0.00,20.00,15.08,0.00,14.98,15.50,0.00,15.40,AStar,
2489,15.99,AgentPrefab,Agent,MoveState,Moving,Goal,20.00,0.00,20.00,15.08,0.00,14.98,15.50,0.00,15.40,AStar,
2490,15.99,AgentPrefab,Agent,MoveState,Moving,Goal,20.00,0.00,20.00,15.08,0.00,14.98,15.50,0.00,15.40,AStar,
2491,16.00,AgentPrefab,Agent,MoveState,Moving,Goal,20.00,0.00,20.00,15.08,0.00,14.98,15.50,0.00,15.40,AStar,
2492,16.01,AgentPrefab,Agent,MoveState,Moving,Goal,20.00,0.00,20.00,15.08,0.00,14.98,15.50,0.00,15.40,AStar,
2493,16.02,AgentPrefab,Agent,MoveState,Moving,Goal,20.00,0.00,20.00,15.09,0.00,14.99,15.50,0.00,15.40,AStar,
2494,16.02,AgentPrefab,Agent,MoveState,Moving,Goal,20.00,0.00,20.00,15.10,0.00,15.00,15.50,0.00,15.40,AStar,
2495,16.03,AgentPrefab,Agent,MoveState,Moving,Goal,20.00,0.00,20.00,15.11,0.00,15.01,15.50,0.00,15.40,AStar,
2496,16.04,AgentPrefab,Agent,MoveState,Moving,Goal,20.00,0.00,20.00,15.12,0.00,15.02,15.50,0.00,15.40,AStar,
2497,16.05,AgentPrefab,Agent,MoveState,Moving,Goal,20.00,0.00,20.00,15.13,0.00,15.03,15.50,0.00,15.40,AStar,
2498,16.06,AgentPrefab,Agent,MoveState,Moving,Goal,20.00,0.00,20.00,15.16,0.00,15.06,15.50,0.00,15.40,AStar,
2499,16.07,AgentPrefab,Agent,MoveState,Moving,Goal,20.00,0.00,20.00,15.16,0.00,15.06,15.50,0.00,15.40,AStar,
2500,16.07,AgentPrefab,Agent,MoveState,Moving,Goal,20.00,0.00,20.00,15.18,0.00,15.08,15.50,0.00,15.40,AStar,
2501,16.08,AgentPrefab,Agent,MoveState,Moving,Goal,20.00,0.00,20.00,15.18,0.00,15.08,15.50,0.00,15.40,AStar,
2502,16.09,AgentPrefab,Agent,MoveState,Moving,Goal,20.00,0.00,20.00,15.19,0.00,15.09,15.50,0.00,15.40,AStar,
2503,16.09,AgentPrefab,Agent,MoveState,Moving,Goal,20.00,0.00,20.00,15.21,0.00,15.11,15.50,0.00,15.40,AStar,
2504,16.10,AgentPrefab,Agent,MoveState,Moving,Goal,20.00,0.00,20.00,15.21,0.00,15.11,15.50,0.00,15.40,AStar,
2505,16.11,AgentPrefab,Agent,MoveState,Moving,Goal,20.00,0.00,20.00,15.22,0.00,15.12,15.50,0.00,15.40,AStar,
2506,16.11,AgentPrefab,Agent,MoveState,Moving,Goal,20.00,0.00,20.00,15.23,0.00,15.13,15.50,0.00,15.40,AStar,
2507,16.12,AgentPrefab,Agent,MoveState,Moving,Goal,20.00,0.00,20.00,15.24,0.00,15.14,15.50,0.00,15.40,AStar,
2508,16.13,AgentPrefab,Agent,MoveState,Moving,Goal,20.00,0.00,20.00,15.25,0.00,15.15,15.50,0.00,15.40,AStar,
2509,16.13,AgentPrefab,Agent,MoveState,Moving,Goal,20.00,0.00,20.00,15.26,0.00,15.16,15.50,0.00,15.40,AStar,
2510,16.14,AgentPrefab,Agent,MoveState,Moving,Goal,20.00,0.00,20.00,15.27,0.00,15.17,15.50,0.00,15.40,AStar,
2511,16.15,AgentPrefab,Agent,MoveState,Moving,Goal,20.00,0.00,20.00,15.28,0.00,15.18,15.50,0.00,15.40,AStar,
2512,16.15,AgentPrefab,Agent,MoveState,Moving,Goal,20.00,0.00,20.00,15.29,0.00,15.19,15.50,0.00,15.40,AStar,
2513,16.16,AgentPrefab,Agent,MoveState,Moving,Goal,20.00,0.00,20.00,15.30,0.00,15.20,15.50,0.00,15.40,AStar,
2514,16.17,AgentPrefab,Agent,MoveState,Moving,Goal,20.00,0.00,20.00,15.31,0.00,15.21,15.50,0.00,15.40,AStar,
2515,16.17,AgentPrefab,Agent,MoveState,Moving,Goal,20.00,0.00,20.00,15.32,0.00,15.22,15.50,0.00,15.40,AStar,
2516,16.18,AgentPrefab,Agent,MoveState,Moving,Goal,20.00,0.00,20.00,15.33,0.00,15.23,15.50,0.00,15.40,AStar,
2517,16.19,AgentPrefab,Agent,MoveState,Moving,Goal,20.00,0.00,20.00,15.34,0.00,15.24,15.50,0.00,15.40,AStar,
2518,16.20,AgentPrefab,Agent,MoveState,Moving,Goal,20.00,0.00,20.00,15.35,0.00,15.25,15.50,0.00,15.40,AStar,
2519,16.20,AgentPrefab,Agent,MoveState,Moving,Goal,20.00,0.00,20.00,15.36,0.00,15.26,15.50,0.00,15.40,AStar,
2520,16.21,AgentPrefab,Agent,MoveState,Moving,Goal,20.00,0.00,20.00,15.37,0.00,15.27,15.50,0.00,15.40,AStar,
2521,16.22,AgentPrefab,Agent,MoveState,Moving,Goal,20.00,0.00,20.00,15.38,0.00,15.28,15.50,0.00,15.40,AStar,
2522,16.22,AgentPrefab,Agent,MoveState,Moving,Goal,20.00,0.00,20.00,15.39,0.00,15.29,15.50,0.00,15.40,AStar,
2523,16.23,AgentPrefab,Agent,MoveState,Moving,Goal,20.00,0.00,20.00,15.40,0.00,15.30,15.50,0.00,15.40,AStar,
2524,16.24,AgentPrefab,Agent,MoveState,Moving,Goal,20.00,0.00,20.00,15.41,0.00,15.31,15.50,0.00,15.40,AStar,
2525,16.24,AgentPrefab,Agent,MoveState,Moving,Goal,20.00,0.00,20.00,15.42,0.00,15.32,15.50,0.00,15.40,AStar,
2526,16.25,AgentPrefab,Agent,MoveState,Moving,Goal,20.00,0.00,20.00,15.43,0.00,15.33,15.50,0.00,15.40,AStar,
2527,16.26,AgentPrefab,Agent,MoveState,Moving,Goal,20.00,0.00,20.00,15.44,0.00,15.34,15.50,0.00,15.40,AStar,
2528,16.26,AgentPrefab,Agent,MoveState,Moving,Goal,20.00,0.00,20.00,15.44,0.00,15.34,15.50,0.00,15.40,AStar,
2529,16.27,AgentPrefab,Agent,MoveState,Moving,Goal,20.00,0.00,20.00,15.45,0.00,15.35,15.50,0.00,15.40,AStar,
2530,16.28,AgentPrefab,Agent,MoveState,Moving,Goal,20.00,0.00,20.00,15.50,0.00,15.40,16.20,0.00,16.10,AStar,
2531,16.28,AgentPrefab,Agent,MoveState,Moving,Goal,20.00,0.00,20.00,15.51,0.00,15.41,16.20,0.00,16.10,AStar,
2532,16.29,AgentPrefab,Agent,MoveState,Moving,Goal,20.00,0.00,20.00,15.52,0.00,15.42,16.20,0.00,16.10,AStar,
2533,16.30,AgentPrefab,Agent,MoveState,Moving,Goal,20.00,0.00,20.00,15.53,0.00,15.43,16.20,0.00,16.10,AStar,
2534,16.30,AgentPrefab,Agent,MoveState,Moving,Goal,20.00,0.00,20.00,15.54,0.00,15.44,16.20,0.00,16.10,AStar,
2535,16.31,AgentPrefab,Agent,MoveState,Moving,Goal,20.00,0.00,20.00,15.55,0.00,15.45,16.20,0.00,16.10,AStar,
2536,16.32,AgentPrefab,Agent,MoveState,Moving,Goal,20.00,0.00,20.00,15.56,0.00,15.46,16.20,0.00,16.10,AStar,
2537,16.32,AgentPrefab,Agent,MoveState,Moving,Goal,20.00,0.00,20.00,15.57,0.00,15.47,16.20,0.00,16.10,AStar,
2538,16.33,AgentPrefab,Agent,MoveState,Moving,Goal,20.00,0.00,20.00,15.58,0.00,15.48,16.20,0.00,16.10,AStar,
2539,16.34,AgentPrefab,Agent,MoveState,Moving,Goal,20.00,0.00,20.00,15.59,0.00,15.49,16.20,0.00,16.10,AStar,
2540,16.34,AgentPrefab,Agent,MoveState,Moving,Goal,20.00,0.00,20.00,15.59,0.00,15.49,16.20,0.00,16.10,AStar,
2541,16.35,AgentPrefab,Agent,MoveState,Moving,Goal,20.00,0.00,20.00,15.60,0.00,15.50,16.20,0.00,16.10,AStar,
2542,16.36,AgentPrefab,Agent,MoveState,Moving,Goal,20.00,0.00,20.00,15.61,0.00,15.51,16.20,0.00,16.10,AStar,
2543,16.37,AgentPrefab,Agent,MoveState,Moving,Goal,20.00,0.00,20.00,15.62,0.00,15.52,16.20,0.00,16.10,AStar,
2544,16.37,AgentPrefab,Agent,MoveState,Moving,Goal,20.00,0.00,20.00,15.63,0.00,15.53,16.20,0.00,16.10,AStar,
2545,16.38,AgentPrefab,Agent,MoveState,Moving,Goal,20.00,0.00,20.00,15.64,0.00,15.54,16.20,0.00,16.10,AStar,
2546,16.39,AgentPrefab,Agent,MoveState,Moving,Goal,20.00,0.00,20.00,15.65,0.00,15.55,16.20,0.00,16.10,AStar,
2547,16.39,AgentPrefab,Agent,MoveState,Moving,Goal,20.00,0.00,20.00,15.66,0.00,15.56,16.20,0.00,16.10,AStar,
2548,16.40,AgentPrefab,Agent,MoveState,Moving,Goal,20.00,0.00,20.00,15.67,0.00,15.57,16.20,0.00,16.10,AStar,
2549,16.41,AgentPrefab,Agent,MoveState,Moving,Goal,20.00,0.00,20.00,15.68,0.00,15.58,16.20,0.00,16.10,AStar,
2550,16.41,AgentPrefab,Agent,MoveState,Moving,Goal,20.00,0.00,20.00,15.69,0.00,15.59,16.20,0.00,16.10,AStar,
2551,16.42,AgentPrefab,Agent,MoveState,Moving,Goal,20.00,0.00,20.00,15.70,0.00,15.60,16.20,0.00,16.10,AStar,
2552,16.43,AgentPrefab,Agent,MoveState,Moving,Goal,20.00,0.00,20.00,15.71,0.00,15.61,16.20,0.00,16.10,AStar,
2553,16.43,AgentPrefab,Agent,MoveState,Moving,Goal,20.00,0.00,20.00,15.72,0.00,15.62,16.20,0.00,16.10,AStar,
2554,16.44,AgentPrefab,Agent,MoveState,Moving,Goal,20.00,0.00,20.00,15.73,0.00,15.63,16.20,0.00,16.10,AStar,
2555,16.45,AgentPrefab,Agent,MoveState,Moving,Goal,20.00,0.00,20.00,15.74,0.00,15.64,16.20,0.00,16.10,AStar,
2556,16.46,AgentPrefab,Agent,MoveState,Moving,Goal,20.00,0.00,20.00,15.75,0.00,15.65,16.20,0.00,16.10,AStar,
2557,16.46,AgentPrefab,Agent,MoveState,Moving,Goal,20.00,0.00,20.00,15.76,0.00,15.66,16.20,0.00,16.10,AStar,
2558,16.47,AgentPrefab,Agent,MoveState,Moving,Goal,20.00,0.00,20.00,15.77,0.00,15.67,16.20,0.00,16.10,AStar,
2559,16.48,AgentPrefab,Agent,MoveState,Moving,Goal,20.00,0.00,20.00,15.79,0.00,15.69,16.20,0.00,16.10,AStar,
2560,16.49,AgentPrefab,Agent,MoveState,Moving,Goal,20.00,0.00,20.00,15.80,0.00,15.70,16.20,0.00,16.10,AStar,
2561,16.49,AgentPrefab,Agent,MoveState,Moving,Goal,20.00,0.00,20.00,15.81,0.00,15.71,16.20,0.00,16.10,AStar,
2562,16.50,AgentPrefab,Agent,MoveState,Moving,Goal,20.00,0.00,20.00,15.82,0.00,15.72,16.20,0.00,16.10,AStar,
2563,16.51,AgentPrefab,Agent,MoveState,Moving,Goal,20.00,0.00,20.00,15.83,0.00,15.73,16.20,0.00,16.10,AStar,
2564,16.51,AgentPrefab,Agent,MoveState,Moving,Goal,20.00,0.00,20.00,15.83,0.00,15.73,16.20,0.00,16.10,AStar,
2565,16.52,AgentPrefab,Agent,MoveState,Moving,Goal,20.00,0.00,20.00,15.84,0.00,15.74,16.20,0.00,16.10,AStar,
2566,16.53,AgentPrefab,Agent,MoveState,Moving,Goal,20.00,0.00,20.00,15.86,0.00,15.76,16.20,0.00,16.10,AStar,
2567,16.54,AgentPrefab,Agent,MoveState,Moving,Goal,20.00,0.00,20.00,15.87,0.00,15.77,16.20,0.00,16.10,AStar,
2568,16.54,AgentPrefab,Agent,MoveState,Moving,Goal,20.00,0.00,20.00,15.88,0.00,15.78,16.20,0.00,16.10,AStar,
2569,16.55,AgentPrefab,Agent,MoveState,Moving,Goal,20.00,0.00,20.00,15.89,0.00,15.79,16.20,0.00,16.10,AStar,
2570,16.56,AgentPrefab,Agent,MoveState,Moving,Goal,20.00,0.00,20.00,15.90,0.00,15.80,16.20,0.00,16.10,AStar,
2571,16.56,AgentPrefab,Agent,MoveState,Moving,Goal,20.00,0.00,20.00,15.91,0.00,15.81,16.20,0.00,16.10,AStar,
2572,16.57,AgentPrefab,Agent,MoveState,Moving,Goal,20.00,0.00,20.00,15.92,0.00,15.82,16.20,0.00,16.10,AStar,
2573,16.58,AgentPrefab,Agent,MoveState,Moving,Goal,20.00,0.00,20.00,15.93,0.00,15.83,16.20,0.00,16.10,AStar,
2574,16.59,AgentPrefab,Agent,MoveState,Moving,Goal,20.00,0.00,20.00,15.94,0.00,15.84,16.20,0.00,16.10,AStar,
2575,16.59,AgentPrefab,Agent,MoveState,Moving,Goal,20.00,0.00,20.00,15.94,0.00,15.84,16.20,0.00,16.10,AStar,
2576,16.60,AgentPrefab,Agent,MoveState,Moving,Goal,20.00,0.00,20.00,15.95,0.00,15.85,16.20,0.00,16.10,AStar,
2577,16.61,AgentPrefab,Agent,MoveState,Moving,Goal,20.00,0.00,20.00,15.96,0.00,15.86,16.20,0.00,16.10,AStar,
2578,16.61,AgentPrefab,Agent,MoveState,Moving,Goal,20.00,0.00,20.00,15.97,0.00,15.87,16.20,0.00,16.10,AStar,
2579,16.62,AgentPrefab,Agent,MoveState,Moving,Goal,20.00,0.00,20.00,15.98,0.00,15.88,16.20,0.00,16.10,AStar,
2580,16.63,AgentPrefab,Agent,MoveState,Moving,Goal,20.00,0.00,20.00,15.99,0.00,15.89,16.20,0.00,16.10,AStar,
2581,16.63,AgentPrefab,Agent,MoveState,Moving,Goal,20.00,0.00,20.00,16.00,0.00,15.90,16.20,0.00,16.10,AStar,
2582,16.64,AgentPrefab,Agent,MoveState,Moving,Goal,20.00,0.00,20.00,16.01,0.00,15.91,16.20,0.00,16.10,AStar,
2583,16.65,AgentPrefab,Agent,MoveState,Moving,Goal,20.00,0.00,20.00,16.02,0.00,15.92,16.20,0.00,16.10,AStar,
2584,16.65,AgentPrefab,Agent,MoveState,Moving,Goal,20.00,0.00,20.00,16.03,0.00,15.93,16.20,0.00,16.10,AStar,
2585,16.66,AgentPrefab,Agent,MoveState,Moving,Goal,20.00,0.00,20.00,16.04,0.00,15.94,16.20,0.00,16.10,AStar,
2586,16.67,AgentPrefab,Agent,MoveState,Moving,Goal,20.00,0.00,20.00,16.05,0.00,15.95,16.20,0.00,16.10,AStar,
2587,16.67,AgentPrefab,Agent,MoveState,Moving,Goal,20.00,0.00,20.00,16.06,0.00,15.96,16.20,0.00,16.10,AStar,
2588,16.68,AgentPrefab,Agent,MoveState,Moving,Goal,20.00,0.00,20.00,16.07,0.00,15.97,16.20,0.00,16.10,AStar,
2589,16.69,AgentPrefab,Agent,MoveState,Moving,Goal,20.00,0.00,20.00,16.08,0.00,15.98,16.20,0.00,16.10,AStar,
2590,16.70,AgentPrefab,Agent,MoveState,Moving,Goal,20.00,0.00,20.00,16.09,0.00,15.99,16.20,0.00,16.10,AStar,
2591,16.70,AgentPrefab,Agent,MoveState,Moving,Goal,20.00,0.00,20.00,16.10,0.00,16.00,16.20,0.00,16.10,AStar,
2592,16.71,AgentPrefab,Agent,MoveState,Moving,Goal,20.00,0.00,20.00,16.11,0.00,16.01,16.20,0.00,16.10,AStar,
2593,16.72,AgentPrefab,Agent,MoveState,Moving,Goal,20.00,0.00,20.00,16.12,0.00,16.02,16.20,0.00,16.10,AStar,
2594,16.72,AgentPrefab,Agent,MoveState,Moving,Goal,20.00,0.00,20.00,16.13,0.00,16.03,16.20,0.00,16.10,AStar,
2595,16.73,AgentPrefab,Agent,MoveState,Moving,Goal,20.00,0.00,20.00,16.14,0.00,16.04,16.20,0.00,16.10,AStar,
2596,16.75,AgentPrefab,Agent,MoveState,Moving,Goal,20.00,0.00,20.00,16.15,0.00,16.05,16.20,0.00,16.10,AStar,
2597,16.75,AgentPrefab,Agent,MoveState,Moving,Goal,20.00,0.00,20.00,16.20,0.00,16.10,16.90,0.00,16.80,AStar,
2598,16.76,AgentPrefab,Agent,MoveState,Moving,Goal,20.00,0.00,20.00,16.21,0.00,16.11,16.90,0.00,16.80,AStar,
2599,16.77,AgentPrefab,Agent,MoveState,Moving,Goal,20.00,0.00,20.00,16.22,0.00,16.12,16.90,0.00,16.80,AStar,
2600,16.77,AgentPrefab,Agent,MoveState,Moving,Goal,20.00,0.00,20.00,16.23,0.00,16.13,16.90,0.00,16.80,AStar,
2601,16.78,AgentPrefab,Agent,MoveState,Moving,Goal,20.00,0.00,20.00,16.24,0.00,16.14,16.90,0.00,16.80,AStar,
2602,16.79,AgentPrefab,Agent,MoveState,Moving,Goal,20.00,0.00,20.00,16.25,0.00,16.15,16.90,0.00,16.80,AStar,
2603,16.79,AgentPrefab,Agent,MoveState,Moving,Goal,20.00,0.00,20.00,16.26,0.00,16.16,16.90,0.00,16.80,AStar,
2604,16.80,AgentPrefab,Agent,MoveState,Moving,Goal,20.00,0.00,20.00,16.27,0.00,16.17,16.90,0.00,16.80,AStar,
2605,16.81,AgentPrefab,Agent,MoveState,Moving,Goal,20.00,0.00,20.00,16.28,0.00,16.18,16.90,0.00,16.80,AStar,
2606,16.82,AgentPrefab,Agent,MoveState,Moving,Goal,20.00,0.00,20.00,16.29,0.00,16.19,16.90,0.00,16.80,AStar,
2607,16.82,AgentPrefab,Agent,MoveState,Moving,Goal,20.00,0.00,20.00,16.30,0.00,16.20,16.90,0.00,16.80,AStar,
2608,16.83,AgentPrefab,Agent,MoveState,Moving,Goal,20.00,0.00,20.00,16.31,0.00,16.21,16.90,0.00,16.80,AStar,
2609,16.84,AgentPrefab,Agent,MoveState,Moving,Goal,20.00,0.00,20.00,16.32,0.00,16.22,16.90,0.00,16.80,AStar,
2610,16.84,AgentPrefab,Agent,MoveState,Moving,Goal,20.00,0.00,20.00,16.33,0.00,16.23,16.90,0.00,16.80,AStar,
2611,16.85,AgentPrefab,Agent,MoveState,Moving,Goal,20.00,0.00,20.00,16.33,0.00,16.23,16.90,0.00,16.80,AStar,
2612,16.86,AgentPrefab,Agent,MoveState,Moving,Goal,20.00,0.00,20.00,16.35,0.00,16.25,16.90,0.00,16.80,AStar,
2613,16.86,AgentPrefab,Agent,MoveState,Moving,Goal,20.00,0.00,20.00,16.36,0.00,16.26,16.90,0.00,16.80,AStar,
2614,16.87,AgentPrefab,Agent,MoveState,Moving,Goal,20.00,0.00,20.00,16.37,0.00,16.27,16.90,0.00,16.80,AStar,
2615,16.88,AgentPrefab,Agent,MoveState,Moving,Goal,20.00,0.00,20.00,16.38,0.00,16.28,16.90,0.00,16.80,AStar,
2616,16.89,AgentPrefab,Agent,MoveState,Moving,Goal,20.00,0.00,20.00,16.39,0.00,16.29,16.90,0.00,16.80,AStar,
2617,16.89,AgentPrefab,Agent,MoveState,Moving,Goal,20.00,0.00,20.00,16.40,0.00,16.30,16.90,0.00,16.80,AStar,
2618,16.90,AgentPrefab,Agent,MoveState,Moving,Goal,20.00,0.00,20.00,16.41,0.00,16.31,16.90,0.00,16.80,AStar,
2619,16.91,AgentPrefab,Agent,MoveState,Moving,Goal,20.00,0.00,20.00,16.42,0.00,16.32,16.90,0.00,16.80,AStar,
2620,16.91,AgentPrefab,Agent,MoveState,Moving,Goal,20.00,0.00,20.00,16.43,0.00,16.33,16.90,0.00,16.80,AStar,
2621,16.92,AgentPrefab,Agent,MoveState,Moving,Goal,20.00,0.00,20.00,16.44,0.00,16.34,16.90,0.00,16.80,AStar,
2622,16.93,AgentPrefab,Agent,MoveState,Moving,Goal,20.00,0.00,20.00,16.44,0.00,16.34,16.90,0.00,16.80,AStar,
2623,16.93,AgentPrefab,Agent,MoveState,Moving,Goal,20.00,0.00,20.00,16.45,0.00,16.35,16.90,0.00,16.80,AStar,
2624,16.94,AgentPrefab,Agent,MoveState,Moving,Goal,20.00,0.00,20.00,16.46,0.00,16.36,16.90,0.00,16.80,AStar,
2625,16.95,AgentPrefab,Agent,MoveState,Moving,Goal,20.00,0.00,20.00,16.47,0.00,16.37,16.90,0.00,16.80,AStar,
2626,16.95,AgentPrefab,Agent,MoveState,Moving,Goal,20.00,0.00,20.00,16.48,0.00,16.38,16.90,0.00,16.80,AStar,
2627,16.96,AgentPrefab,Agent,MoveState,Moving,Goal,20.00,0.00,20.00,16.49,0.00,16.39,16.90,0.00,16.80,AStar,
2628,16.97,AgentPrefab,Agent,MoveState,Moving,Goal,20.00,0.00,20.00,16.50,0.00,16.40,16.90,0.00,16.80,AStar,
2629,16.97,AgentPrefab,Agent,MoveState,Moving,Goal,20.00,0.00,20.00,16.51,0.00,16.41,16.90,0.00,16.80,AStar,
2630,16.98,AgentPrefab,Agent,MoveState,Moving,Goal,20.00,0.00,20.00,16.52,0.00,16.42,16.90,0.00,16.80,AStar,
2631,16.99,AgentPrefab,Agent,MoveState,Moving,Goal,20.00,0.00,20.00,16.53,0.00,16.43,16.90,0.00,16.80,AStar,
2632,16.99,AgentPrefab,Agent,MoveState,Moving,Goal,20.00,0.00,20.00,16.54,0.00,16.44,16.90,0.00,16.80,AStar,
2633,17.00,AgentPrefab,Agent,MoveState,Moving,Goal,20.00,0.00,20.00,16.55,0.00,16.45,16.90,0.00,16.80,AStar,
2634,17.01,AgentPrefab,Agent,MoveState,Moving,Goal,20.00,0.00,20.00,16.56,0.00,16.46,16.90,0.00,16.80,AStar,
2635,17.02,AgentPrefab,Agent,MoveState,Moving,Goal,20.00,0.00,20.00,16.57,0.00,16.47,16.90,0.00,16.80,AStar,
2636,17.02,AgentPrefab,Agent,MoveState,Moving,Goal,20.00,0.00,20.00,16.58,0.00,16.48,16.90,0.00,16.80,AStar,
2637,17.03,AgentPrefab,Agent,MoveState,Moving,Goal,20.00,0.00,20.00,16.59,0.00,16.49,16.90,0.00,16.80,AStar,
2638,17.04,AgentPrefab,Agent,MoveState,Moving,Goal,20.00,0.00,20.00,16.60,0.00,16.50,16.90,0.00,16.80,AStar,
2639,17.04,AgentPrefab,Agent,MoveState,Moving,Goal,20.00,0.00,20.00,16.61,0.00,16.51,16.90,0.00,16.80,AStar,
2640,17.05,AgentPrefab,Agent,MoveState,Moving,Goal,20.00,0.00,20.00,16.62,0.00,16.52,16.90,0.00,16.80,AStar,
2641,17.06,AgentPrefab,Agent,MoveState,Moving,Goal,20.00,0.00,20.00,16.63,0.00,16.53,16.90,0.00,16.80,AStar,
2642,17.07,AgentPrefab,Agent,MoveState,Moving,Goal,20.00,0.00,20.00,16.64,0.00,16.54,16.90,0.00,16.80,AStar,
2643,17.07,AgentPrefab,Agent,MoveState,Moving,Goal,20.00,0.00,20.00,16.65,0.00,16.55,16.90,0.00,16.80,AStar,
2644,17.08,AgentPrefab,Agent,MoveState,Moving,Goal,20.00,0.00,20.00,16.66,0.00,16.56,16.90,0.00,16.80,AStar,
2645,17.09,AgentPrefab,Agent,MoveState,Moving,Goal,20.00,0.00,20.00,16.67,0.00,16.57,16.90,0.00,16.80,AStar,
2646,17.09,AgentPrefab,Agent,MoveState,Moving,Goal,20.00,0.00,20.00,16.68,0.00,16.58,16.90,0.00,16.80,AStar,
2647,17.10,AgentPrefab,Agent,MoveState,Moving,Goal,20.00,0.00,20.00,16.69,0.00,16.59,16.90,0.00,16.80,AStar,
2648,17.11,AgentPrefab,Agent,MoveState,Moving,Goal,20.00,0.00,20.00,16.70,0.00,16.60,16.90,0.00,16.80,AStar,
2649,17.11,AgentPrefab,Agent,MoveState,Moving,Goal,20.00,0.00,20.00,16.71,0.00,16.61,16.90,0.00,16.80,AStar,
2650,17.12,AgentPrefab,Agent,MoveState,Moving,Goal,20.00,0.00,20.00,16.72,0.00,16.62,16.90,0.00,16.80,AStar,
2651,17.13,AgentPrefab,Agent,MoveState,Moving,Goal,20.00,0.00,20.00,16.73,0.00,16.63,16.90,0.00,16.80,AStar,
2652,17.14,AgentPrefab,Agent,MoveState,Moving,Goal,20.00,0.00,20.00,16.74,0.00,16.64,16.90,0.00,16.80,AStar,
2653,17.14,AgentPrefab,Agent,MoveState,Moving,Goal,20.00,0.00,20.00,16.75,0.00,16.65,16.90,0.00,16.80,AStar,
2654,17.15,AgentPrefab,Agent,MoveState,Moving,Goal,20.00,0.00,20.00,16.76,0.00,16.66,16.90,0.00,16.80,AStar,
2655,17.16,AgentPrefab,Agent,MoveState,Moving,Goal,20.00,0.00,20.00,16.77,0.00,16.67,16.90,0.00,16.80,AStar,
2656,17.16,AgentPrefab,Agent,MoveState,Moving,Goal,20.00,0.00,20.00,16.78,0.00,16.68,16.90,0.00,16.80,AStar,
2657,17.17,AgentPrefab,Agent,MoveState,Moving,Goal,20.00,0.00,20.00,16.79,0.00,16.69,16.90,0.00,16.80,AStar,
2658,17.18,AgentPrefab,Agent,MoveState,Moving,Goal,20.00,0.00,20.00,16.80,0.00,16.70,16.90,0.00,16.80,AStar,
2659,17.18,AgentPrefab,Agent,MoveState,Moving,Goal,20.00,0.00,20.00,16.81,0.00,16.71,16.90,0.00,16.80,AStar,
2660,17.19,AgentPrefab,Agent,MoveState,Moving,Goal,20.00,0.00,20.00,16.82,0.00,16.72,16.90,0.00,16.80,AStar,
2661,17.20,AgentPrefab,Agent,MoveState,Moving,Goal,20.00,0.00,20.00,16.83,0.00,16.73,16.90,0.00,16.80,AStar,
2662,17.21,AgentPrefab,Agent,MoveState,Moving,Goal,20.00,0.00,20.00,16.84,0.00,16.74,16.90,0.00,16.80,AStar,
2663,17.21,AgentPrefab,Agent,MoveState,Moving,Goal,20.00,0.00,20.00,16.85,0.00,16.75,16.90,0.00,16.80,AStar,
2664,17.22,AgentPrefab,Agent,MoveState,Moving,Goal,20.00,0.00,20.00,16.86,0.00,16.76,16.90,0.00,16.80,AStar,
2665,17.23,AgentPrefab,Agent,MoveState,Moving,Goal,20.00,0.00,20.00,16.90,0.00,16.80,17.60,0.00,17.50,AStar,
2666,17.23,AgentPrefab,Agent,MoveState,Moving,Goal,20.00,0.00,20.00,16.91,0.00,16.81,17.60,0.00,17.50,AStar,
2667,17.24,AgentPrefab,Agent,MoveState,Moving,Goal,20.00,0.00,20.00,16.92,0.00,16.82,17.60,0.00,17.50,AStar,
2668,17.25,AgentPrefab,Agent,MoveState,Moving,Goal,20.00,0.00,20.00,16.93,0.00,16.83,17.60,0.00,17.50,AStar,
2669,17.25,AgentPrefab,Agent,MoveState,Moving,Goal,20.00,0.00,20.00,16.94,0.00,16.84,17.60,0.00,17.50,AStar,
2670,17.26,AgentPrefab,Agent,MoveState,Moving,Goal,20.00,0.00,20.00,16.95,0.00,16.85,17.60,0.00,17.50,AStar,
2671,17.27,AgentPrefab,Agent,MoveState,Moving,Goal,20.00,0.00,20.00,16.96,0.00,16.86,17.60,0.00,17.50,AStar,
2672,17.27,AgentPrefab,Agent,MoveState,Moving,Goal,20.00,0.00,20.00,16.97,0.00,16.87,17.60,0.00,17.50,AStar,
2673,17.28,AgentPrefab,Agent,MoveState,Moving,Goal,20.00,0.00,20.00,16.98,0.00,16.88,17.60,0.00,17.50,AStar,
2674,17.29,AgentPrefab,Agent,MoveState,Moving,Goal,20.00,0.00,20.00,16.98,0.00,16.88,17.60,0.00,17.50,AStar,
2675,17.29,AgentPrefab,Agent,MoveState,Moving,Goal,20.00,0.00,20.00,16.99,0.00,16.89,17.60,0.00,17.50,AStar,
2676,17.30,AgentPrefab,Agent,MoveState,Moving,Goal,20.00,0.00,20.00,17.00,0.00,16.90,17.60,0.00,17.50,AStar,
2677,17.31,AgentPrefab,Agent,MoveState,Moving,Goal,20.00,0.00,20.00,17.01,0.00,16.91,17.60,0.00,17.50,AStar,
2678,17.31,AgentPrefab,Agent,MoveState,Moving,Goal,20.00,0.00,20.00,17.02,0.00,16.92,17.60,0.00,17.50,AStar,
2679,17.32,AgentPrefab,Agent,MoveState,Moving,Goal,20.00,0.00,20.00,17.03,0.00,16.93,17.60,0.00,17.50,AStar,
2680,17.33,AgentPrefab,Agent,MoveState,Moving,Goal,20.00,0.00,20.00,17.04,0.00,16.94,17.60,0.00,17.50,AStar,
2681,17.33,AgentPrefab,Agent,MoveState,Moving,Goal,20.00,0.00,20.00,17.05,0.00,16.95,17.60,0.00,17.50,AStar,
2682,17.34,AgentPrefab,Agent,MoveState,Moving,Goal,20.00,0.00,20.00,17.06,0.00,16.96,17.60,0.00,17.50,AStar,
2683,17.35,AgentPrefab,Agent,MoveState,Moving,Goal,20.00,0.00,20.00,17.07,0.00,16.97,17.60,0.00,17.50,AStar,
2684,17.36,AgentPrefab,Agent,MoveState,Moving,Goal,20.00,0.00,20.00,17.08,0.00,16.98,17.60,0.00,17.50,AStar,
2685,17.36,AgentPrefab,Agent,MoveState,Moving,Goal,20.00,0.00,20.00,17.09,0.00,16.99,17.60,0.00,17.50,AStar,
2686,17.37,AgentPrefab,Agent,MoveState,Moving,Goal,20.00,0.00,20.00,17.10,0.00,17.00,17.60,0.00,17.50,AStar,
2687,17.38,AgentPrefab,Agent,MoveState,Moving,Goal,20.00,0.00,20.00,17.11,0.00,17.01,17.60,0.00,17.50,AStar,
2688,17.38,AgentPrefab,Agent,MoveState,Moving,Goal,20.00,0.00,20.00,17.12,0.00,17.02,17.60,0.00,17.50,AStar,
2689,17.39,AgentPrefab,Agent,MoveState,Moving,Goal,20.00,0.00,20.00,17.13,0.00,17.03,17.60,0.00,17.50,AStar,
2690,17.40,AgentPrefab,Agent,MoveState,Moving,Goal,20.00,0.00,20.00,17.14,0.00,17.04,17.60,0.00,17.50,AStar,
2691,17.41,AgentPrefab,Agent,MoveState,Moving,Goal,20.00,0.00,20.00,17.15,0.00,17.05,17.60,0.00,17.50,AStar,
2692,17.42,AgentPrefab,Agent,MoveState,Moving,Goal,20.00,0.00,20.00,17.17,0.00,17.07,17.60,0.00,17.50,AStar,
2693,17.43,AgentPrefab,Agent,MoveState,Moving,Goal,20.00,0.00,20.00,17.19,0.00,17.09,17.60,0.00,17.50,AStar,
2694,17.44,AgentPrefab,Agent,MoveState,Moving,Goal,20.00,0.00,20.00,17.19,0.00,17.09,17.60,0.00,17.50,AStar,
2695,17.44,AgentPrefab,Agent,MoveState,Moving,Goal,20.00,0.00,20.00,17.20,0.00,17.10,17.60,0.00,17.50,AStar,
2696,17.45,AgentPrefab,Agent,MoveState,Moving,Goal,20.00,0.00,20.00,17.21,0.00,17.11,17.60,0.00,17.50,AStar,
2697,17.46,AgentPrefab,Agent,MoveState,Moving,Goal,20.00,0.00,20.00,17.23,0.00,17.13,17.60,0.00,17.50,AStar,
2698,17.47,AgentPrefab,Agent,MoveState,Moving,Goal,20.00,0.00,20.00,17.24,0.00,17.14,17.60,0.00,17.50,AStar,
2699,17.48,AgentPrefab,Agent,MoveState,Moving,Goal,20.00,0.00,20.00,17.25,0.00,17.15,17.60,0.00,17.50,AStar,
2700,17.48,AgentPrefab,Agent,MoveState,Moving,Goal,20.00,0.00,20.00,17.26,0.00,17.16,17.60,0.00,17.50,AStar,
2701,17.49,AgentPrefab,Agent,MoveState,Moving,Goal,20.00,0.00,20.00,17.27,0.00,17.17,17.60,0.00,17.50,AStar,
2702,17.50,AgentPrefab,Agent,MoveState,Moving,Goal,20.00,0.00,20.00,17.28,0.00,17.18,17.60,0.00,17.50,AStar,
2703,17.51,AgentPrefab,Agent,MoveState,Moving,Goal,20.00,0.00,20.00,17.30,0.00,17.20,17.60,0.00,17.50,AStar,
2704,17.52,AgentPrefab,Agent,MoveState,Moving,Goal,20.00,0.00,20.00,17.31,0.00,17.21,17.60,0.00,17.50,AStar,
2705,17.53,AgentPrefab,Agent,MoveState,Moving,Goal,20.00,0.00,20.00,17.32,0.00,17.22,17.60,0.00,17.50,AStar,
2706,17.53,AgentPrefab,Agent,MoveState,Moving,Goal,20.00,0.00,20.00,17.33,0.00,17.23,17.60,0.00,17.50,AStar,
2707,17.54,AgentPrefab,Agent,MoveState,Moving,Goal,20.00,0.00,20.00,17.34,0.00,17.24,17.60,0.00,17.50,AStar,
2708,17.55,AgentPrefab,Agent,MoveState,Moving,Goal,20.00,0.00,20.00,17.35,0.00,17.25,17.60,0.00,17.50,AStar,
2709,17.56,AgentPrefab,Agent,MoveState,Moving,Goal,20.00,0.00,20.00,17.37,0.00,17.27,17.60,0.00,17.50,AStar,
2710,17.57,AgentPrefab,Agent,MoveState,Moving,Goal,20.00,0.00,20.00,17.38,0.00,17.28,17.60,0.00,17.50,AStar,
2711,17.58,AgentPrefab,Agent,MoveState,Moving,Goal,20.00,0.00,20.00,17.39,0.00,17.29,17.60,0.00,17.50,AStar,
2712,17.58,AgentPrefab,Agent,MoveState,Moving,Goal,20.00,0.00,20.00,17.40,0.00,17.30,17.60,0.00,17.50,AStar,
2713,17.59,AgentPrefab,Agent,MoveState,Moving,Goal,20.00,0.00,20.00,17.41,0.00,17.31,17.60,0.00,17.50,AStar,
2714,17.60,AgentPrefab,Agent,MoveState,Moving,Goal,20.00,0.00,20.00,17.42,0.00,17.32,17.60,0.00,17.50,AStar,
2715,17.61,AgentPrefab,Agent,MoveState,Moving,Goal,20.00,0.00,20.00,17.44,0.00,17.34,17.60,0.00,17.50,AStar,
2716,17.62,AgentPrefab,Agent,MoveState,Moving,Goal,20.00,0.00,20.00,17.45,0.00,17.35,17.60,0.00,17.50,AStar,
2717,17.62,AgentPrefab,Agent,MoveState,Moving,Goal,20.00,0.00,20.00,17.46,0.00,17.36,17.60,0.00,17.50,AStar,
2718,17.63,AgentPrefab,Agent,MoveState,Moving,Goal,20.00,0.00,20.00,17.47,0.00,17.37,17.60,0.00,17.50,AStar,
2719,17.64,AgentPrefab,Agent,MoveState,Moving,Goal,20.00,0.00,20.00,17.48,0.00,17.38,17.60,0.00,17.50,AStar,
2720,17.65,AgentPrefab,Agent,MoveState,Moving,Goal,20.00,0.00,20.00,17.49,0.00,17.39,17.60,0.00,17.50,AStar,
2721,17.65,AgentPrefab,Agent,MoveState,Moving,Goal,20.00,0.00,20.00,17.50,0.00,17.40,17.60,0.00,17.50,AStar,
2722,17.66,AgentPrefab,Agent,MoveState,Moving,Goal,20.00,0.00,20.00,17.51,0.00,17.41,17.60,0.00,17.50,AStar,
2723,17.67,AgentPrefab,Agent,MoveState,Moving,Goal,20.00,0.00,20.00,17.52,0.00,17.42,17.60,0.00,17.50,AStar,
2724,17.67,AgentPrefab,Agent,MoveState,Moving,Goal,20.00,0.00,20.00,17.53,0.00,17.43,17.60,0.00,17.50,AStar,
2725,17.68,AgentPrefab,Agent,MoveState,Moving,Goal,20.00,0.00,20.00,17.54,0.00,17.44,17.60,0.00,17.50,AStar,
2726,17.69,AgentPrefab,Agent,MoveState,Moving,Goal,20.00,0.00,20.00,17.55,0.00,17.45,17.60,0.00,17.50,AStar,
2727,17.69,AgentPrefab,Agent,MoveState,Moving,Goal,20.00,0.00,20.00,17.56,0.00,17.46,17.60,0.00,17.50,AStar,
2728,17.70,AgentPrefab,Agent,MoveState,Moving,Goal,20.00,0.00,20.00,17.60,0.00,17.50,18.30,0.00,18.20,AStar,
2729,17.71,AgentPrefab,Agent,MoveState,Moving,Goal,20.00,0.00,20.00,17.61,0.00,17.51,18.30,0.00,18.20,AStar,
2730,17.71,AgentPrefab,Agent,MoveState,Moving,Goal,20.00,0.00,20.00,17.62,0.00,17.52,18.30,0.00,18.20,AStar,
2731,17.72,AgentPrefab,Agent,MoveState,Moving,Goal,20.00,0.00,20.00,17.63,0.00,17.53,18.30,0.00,18.20,AStar,
2732,17.73,AgentPrefab,Agent,MoveState,Moving,Goal,20.00,0.00,20.00,17.64,0.00,17.54,18.30,0.00,18.20,AStar,
2733,17.74,AgentPrefab,Agent,MoveState,Moving,Goal,20.00,0.00,20.00,17.65,0.00,17.55,18.30,0.00,18.20,AStar,
2734,17.74,AgentPrefab,Agent,MoveState,Moving,Goal,20.00,0.00,20.00,17.66,0.00,17.56,18.30,0.00,18.20,AStar,
2735,17.75,AgentPrefab,Agent,MoveState,Moving,Goal,20.00,0.00,20.00,17.67,0.00,17.57,18.30,0.00,18.20,AStar,
2736,17.76,AgentPrefab,Agent,MoveState,Moving,Goal,20.00,0.00,20.00,17.68,0.00,17.58,18.30,0.00,18.20,AStar,
2737,17.76,AgentPrefab,Agent,MoveState,Moving,Goal,20.00,0.00,20.00,17.69,0.00,17.59,18.30,0.00,18.20,AStar,
2738,17.77,AgentPrefab,Agent,MoveState,Moving,Goal,20.00,0.00,20.00,17.70,0.00,17.60,18.30,0.00,18.20,AStar,
2739,17.78,AgentPrefab,Agent,MoveState,Moving,Goal,20.00,0.00,20.00,17.71,0.00,17.61,18.30,0.00,18.20,AStar,
2740,17.78,AgentPrefab,Agent,MoveState,Moving,Goal,20.00,0.00,20.00,17.72,0.00,17.62,18.30,0.00,18.20,AStar,
2741,17.79,AgentPrefab,Agent,MoveState,Moving,Goal,20.00,0.00,20.00,17.72,0.00,17.62,18.30,0.00,18.20,AStar,
2742,17.80,AgentPrefab,Agent,MoveState,Moving,Goal,20.00,0.00,20.00,17.73,0.00,17.63,18.30,0.00,18.20,AStar,
2743,17.80,AgentPrefab,Agent,MoveState,Moving,Goal,20.00,0.00,20.00,17.74,0.00,17.64,18.30,0.00,18.20,AStar,
2744,17.81,AgentPrefab,Agent,MoveState,Moving,Goal,20.00,0.00,20.00,17.76,0.00,17.66,18.30,0.00,18.20,AStar,
2745,17.82,AgentPrefab,Agent,MoveState,Moving,Goal,20.00,0.00,20.00,17.76,0.00,17.66,18.30,0.00,18.20,AStar,
2746,17.82,AgentPrefab,Agent,MoveState,Moving,Goal,20.00,0.00,20.00,17.77,0.00,17.67,18.30,0.00,18.20,AStar,
2747,17.83,AgentPrefab,Agent,MoveState,Moving,Goal,20.00,0.00,20.00,17.78,0.00,17.68,18.30,0.00,18.20,AStar,
2748,17.84,AgentPrefab,Agent,MoveState,Moving,Goal,20.00,0.00,20.00,17.79,0.00,17.69,18.30,0.00,18.20,AStar,
2749,17.84,AgentPrefab,Agent,MoveState,Moving,Goal,20.00,0.00,20.00,17.80,0.00,17.70,18.30,0.00,18.20,AStar,
2750,17.85,AgentPrefab,Agent,MoveState,Moving,Goal,20.00,0.00,20.00,17.81,0.00,17.71,18.30,0.00,18.20,AStar,
2751,17.86,AgentPrefab,Agent,MoveState,Moving,Goal,20.00,0.00,20.00,17.82,0.00,17.72,18.30,0.00,18.20,AStar,
2752,17.87,AgentPrefab,Agent,MoveState,Moving,Goal,20.00,0.00,20.00,17.83,0.00,17.73,18.30,0.00,18.20,AStar,
2753,17.87,AgentPrefab,Agent,MoveState,Moving,Goal,20.00,0.00,20.00,17.84,0.00,17.74,18.30,0.00,18.20,AStar,
2754,17.88,AgentPrefab,Agent,MoveState,Moving,Goal,20.00,0.00,20.00,17.85,0.00,17.75,18.30,0.00,18.20,AStar,
2755,17.89,AgentPrefab,Agent,MoveState,Moving,Goal,20.00,0.00,20.00,17.86,0.00,17.76,18.30,0.00,18.20,AStar,
2756,17.90,AgentPrefab,Agent,MoveState,Moving,Goal,20.00,0.00,20.00,17.88,0.00,17.78,18.30,0.00,18.20,AStar,
2757,17.90,AgentPrefab,Agent,MoveState,Moving,Goal,20.00,0.00,20.00,17.88,0.00,17.78,18.30,0.00,18.20,AStar,
2758,17.91,AgentPrefab,Agent,MoveState,Moving,Goal,20.00,0.00,20.00,17.89,0.00,17.79,18.30,0.00,18.20,AStar,
2759,17.92,AgentPrefab,Agent,MoveState,Moving,Goal,20.00,0.00,20.00,17.90,0.00,17.80,18.30,0.00,18.20,AStar,
2760,17.92,AgentPrefab,Agent,MoveState,Moving,Goal,20.00,0.00,20.00,17.91,0.00,17.81,18.30,0.00,18.20,AStar,
2761,17.93,AgentPrefab,Agent,MoveState,Moving,Goal,20.00,0.00,20.00,17.92,0.00,17.82,18.30,0.00,18.20,AStar,
2762,17.94,AgentPrefab,Agent,MoveState,Moving,Goal,20.00,0.00,20.00,17.93,0.00,17.83,18.30,0.00,18.20,AStar,
2763,17.94,AgentPrefab,Agent,MoveState,Moving,Goal,20.00,0.00,20.00,17.94,0.00,17.84,18.30,0.00,18.20,AStar,
2764,17.95,AgentPrefab,Agent,MoveState,Moving,Goal,20.00,0.00,20.00,17.95,0.00,17.85,18.30,0.00,18.20,AStar,
2765,17.96,AgentPrefab,Agent,MoveState,Moving,Goal,20.00,0.00,20.00,17.96,0.00,17.86,18.30,0.00,18.20,AStar,
2766,17.96,AgentPrefab,Agent,MoveState,Moving,Goal,20.00,0.00,20.00,17.97,0.00,17.87,18.30,0.00,18.20,AStar,
2767,17.97,AgentPrefab,Agent,MoveState,Moving,Goal,20.00,0.00,20.00,17.98,0.00,17.88,18.30,0.00,18.20,AStar,
2768,17.98,AgentPrefab,Agent,MoveState,Moving,Goal,20.00,0.00,20.00,17.99,0.00,17.89,18.30,0.00,18.20,AStar,
2769,17.98,AgentPrefab,Agent,MoveState,Moving,Goal,20.00,0.00,20.00,18.00,0.00,17.90,18.30,0.00,18.20,AStar,
2770,17.99,AgentPrefab,Agent,MoveState,Moving,Goal,20.00,0.00,20.00,18.01,0.00,17.91,18.30,0.00,18.20,AStar,
2771,18.00,AgentPrefab,Agent,MoveState,Moving,Goal,20.00,0.00,20.00,18.02,0.00,17.92,18.30,0.00,18.20,AStar,
2772,18.00,AgentPrefab,Agent,MoveState,Moving,Goal,20.00,0.00,20.00,18.03,0.00,17.93,18.30,0.00,18.20,AStar,
2773,18.01,AgentPrefab,Agent,MoveState,Moving,Goal,20.00,0.00,20.00,18.04,0.00,17.94,18.30,0.00,18.20,AStar,
2774,18.02,AgentPrefab,Agent,MoveState,Moving,Goal,20.00,0.00,20.00,18.05,0.00,17.95,18.30,0.00,18.20,AStar,
2775,18.02,AgentPrefab,Agent,MoveState,Moving,Goal,20.00,0.00,20.00,18.06,0.00,17.96,18.30,0.00,18.20,AStar,
2776,18.03,AgentPrefab,Agent,MoveState,Moving,Goal,20.00,0.00,20.00,18.07,0.00,17.97,18.30,0.00,18.20,AStar,
2777,18.04,AgentPrefab,Agent,MoveState,Moving,Goal,20.00,0.00,20.00,18.08,0.00,17.98,18.30,0.00,18.20,AStar,
2778,18.04,AgentPrefab,Agent,MoveState,Moving,Goal,20.00,0.00,20.00,18.09,0.00,17.99,18.30,0.00,18.20,AStar,
2779,18.05,AgentPrefab,Agent,MoveState,Moving,Goal,20.00,0.00,20.00,18.10,0.00,18.00,18.30,0.00,18.20,AStar,
2780,18.06,AgentPrefab,Agent,MoveState,Moving,Goal,20.00,0.00,20.00,18.11,0.00,18.01,18.30,0.00,18.20,AStar,
2781,18.07,AgentPrefab,Agent,MoveState,Moving,Goal,20.00,0.00,20.00,18.12,0.00,18.02,18.30,0.00,18.20,AStar,
2782,18.07,AgentPrefab,Agent,MoveState,Moving,Goal,20.00,0.00,20.00,18.13,0.00,18.03,18.30,0.00,18.20,AStar,
2783,18.09,AgentPrefab,Agent,MoveState,Moving,Goal,20.00,0.00,20.00,18.14,0.00,18.04,18.30,0.00,18.20,AStar,
2784,18.10,AgentPrefab,Agent,MoveState,Moving,Goal,20.00,0.00,20.00,18.16,0.00,18.06,18.30,0.00,18.20,AStar,
2785,18.10,AgentPrefab,Agent,MoveState,Moving,Goal,20.00,0.00,20.00,18.17,0.00,18.07,18.30,0.00,18.20,AStar,
2786,18.11,AgentPrefab,Agent,MoveState,Moving,Goal,20.00,0.00,20.00,18.18,0.00,18.08,18.30,0.00,18.20,AStar,
2787,18.12,AgentPrefab,Agent,MoveState,Moving,Goal,20.00,0.00,20.00,18.19,0.00,18.09,18.30,0.00,18.20,AStar,
2788,18.13,AgentPrefab,Agent,MoveState,Moving,Goal,20.00,0.00,20.00,18.20,0.00,18.10,18.30,0.00,18.20,AStar,
2789,18.13,AgentPrefab,Agent,MoveState,Moving,Goal,20.00,0.00,20.00,18.21,0.00,18.11,18.30,0.00,18.20,AStar,
2790,18.14,AgentPrefab,Agent,MoveState,Moving,Goal,20.00,0.00,20.00,18.22,0.00,18.12,18.30,0.00,18.20,AStar,
2791,18.15,AgentPrefab,Agent,MoveState,Moving,Goal,20.00,0.00,20.00,18.23,0.00,18.13,18.30,0.00,18.20,AStar,
2792,18.15,AgentPrefab,Agent,MoveState,Moving,Goal,20.00,0.00,20.00,18.24,0.00,18.14,18.30,0.00,18.20,AStar,
2793,18.16,AgentPrefab,Agent,MoveState,Moving,Goal,20.00,0.00,20.00,18.25,0.00,18.15,18.30,0.00,18.20,AStar,
2794,18.17,AgentPrefab,Agent,MoveState,Moving,Goal,20.00,0.00,20.00,18.26,0.00,18.16,18.30,0.00,18.20,AStar,
2795,18.17,AgentPrefab,Agent,MoveState,Moving,Goal,20.00,0.00,20.00,18.30,0.00,18.20,19.00,0.00,18.90,AStar,
2796,18.18,AgentPrefab,Agent,MoveState,Moving,Goal,20.00,0.00,20.00,18.31,0.00,18.21,19.00,0.00,18.90,AStar,
2797,18.19,AgentPrefab,Agent,MoveState,Moving,Goal,20.00,0.00,20.00,18.32,0.00,18.22,19.00,0.00,18.90,AStar,
2798,18.20,AgentPrefab,Agent,MoveState,Moving,Goal,20.00,0.00,20.00,18.33,0.00,18.23,19.00,0.00,18.90,AStar,
2799,18.20,AgentPrefab,Agent,MoveState,Moving,Goal,20.00,0.00,20.00,18.34,0.00,18.24,19.00,0.00,18.90,AStar,
2800,18.21,AgentPrefab,Agent,MoveState,Moving,Goal,20.00,0.00,20.00,18.35,0.00,18.25,19.00,0.00,18.90,AStar,
2801,18.22,AgentPrefab,Agent,MoveState,Moving,Goal,20.00,0.00,20.00,18.36,0.00,18.26,19.00,0.00,18.90,AStar,
2802,18.22,AgentPrefab,Agent,MoveState,Moving,Goal,20.00,0.00,20.00,18.37,0.00,18.27,19.00,0.00,18.90,AStar,
2803,18.23,AgentPrefab,Agent,MoveState,Moving,Goal,20.00,0.00,20.00,18.38,0.00,18.28,19.00,0.00,18.90,AStar,
2804,18.24,AgentPrefab,Agent,MoveState,Moving,Goal,20.00,0.00,20.00,18.39,0.00,18.29,19.00,0.00,18.90,AStar,
2805,18.24,AgentPrefab,Agent,MoveState,Moving,Goal,20.00,0.00,20.00,18.40,0.00,18.30,19.00,0.00,18.90,AStar,
2806,18.25,AgentPrefab,Agent,MoveState,Moving,Goal,20.00,0.00,20.00,18.41,0.00,18.31,19.00,0.00,18.90,AStar,
2807,18.26,AgentPrefab,Agent,MoveState,Moving,Goal,20.00,0.00,20.00,18.42,0.00,18.32,19.00,0.00,18.90,AStar,
2808,18.26,AgentPrefab,Agent,MoveState,Moving,Goal,20.00,0.00,20.00,18.43,0.00,18.33,19.00,0.00,18.90,AStar,
2809,18.27,AgentPrefab,Agent,MoveState,Moving,Goal,20.00,0.00,20.00,18.44,0.00,18.34,19.00,0.00,18.90,AStar,
2810,18.28,AgentPrefab,Agent,MoveState,Moving,Goal,20.00,0.00,20.00,18.45,0.00,18.35,19.00,0.00,18.90,AStar,
2811,18.28,AgentPrefab,Agent,MoveState,Moving,Goal,20.00,0.00,20.00,18.46,0.00,18.36,19.00,0.00,18.90,AStar,
2812,18.29,AgentPrefab,Agent,MoveState,Moving,Goal,20.00,0.00,20.00,18.47,0.00,18.37,19.00,0.00,18.90,AStar,
2813,18.30,AgentPrefab,Agent,MoveState,Moving,Goal,20.00,0.00,20.00,18.48,0.00,18.38,19.00,0.00,18.90,AStar,
2814,18.31,AgentPrefab,Agent,MoveState,Moving,Goal,20.00,0.00,20.00,18.49,0.00,18.39,19.00,0.00,18.90,AStar,
2815,18.31,AgentPrefab,Agent,MoveState,Moving,Goal,20.00,0.00,20.00,18.50,0.00,18.40,19.00,0.00,18.90,AStar,
2816,18.32,AgentPrefab,Agent,MoveState,Moving,Goal,20.00,0.00,20.00,18.51,0.00,18.41,19.00,0.00,18.90,AStar,
2817,18.33,AgentPrefab,Agent,MoveState,Moving,Goal,20.00,0.00,20.00,18.52,0.00,18.42,19.00,0.00,18.90,AStar,
2818,18.33,AgentPrefab,Agent,MoveState,Moving,Goal,20.00,0.00,20.00,18.53,0.00,18.43,19.00,0.00,18.90,AStar,
2819,18.34,AgentPrefab,Agent,MoveState,Moving,Goal,20.00,0.00,20.00,18.53,0.00,18.43,19.00,0.00,18.90,AStar,
2820,18.35,AgentPrefab,Agent,MoveState,Moving,Goal,20.00,0.00,20.00,18.54,0.00,18.44,19.00,0.00,18.90,AStar,
2821,18.35,AgentPrefab,Agent,MoveState,Moving,Goal,20.00,0.00,20.00,18.55,0.00,18.45,19.00,0.00,18.90,AStar,
2822,18.36,AgentPrefab,Agent,MoveState,Moving,Goal,20.00,0.00,20.00,18.56,0.00,18.46,19.00,0.00,18.90,AStar,
2823,18.37,AgentPrefab,Agent,MoveState,Moving,Goal,20.00,0.00,20.00,18.57,0.00,18.47,19.00,0.00,18.90,AStar,
2824,18.37,AgentPrefab,Agent,MoveState,Moving,Goal,20.00,0.00,20.00,18.58,0.00,18.48,19.00,0.00,18.90,AStar,
2825,18.38,AgentPrefab,Agent,MoveState,Moving,Goal,20.00,0.00,20.00,18.59,0.00,18.49,19.00,0.00,18.90,AStar,
2826,18.39,AgentPrefab,Agent,MoveState,Moving,Goal,20.00,0.00,20.00,18.60,0.00,18.50,19.00,0.00,18.90,AStar,
2827,18.40,AgentPrefab,Agent,MoveState,Moving,Goal,20.00,0.00,20.00,18.61,0.00,18.51,19.00,0.00,18.90,AStar,
2828,18.40,AgentPrefab,Agent,MoveState,Moving,Goal,20.00,0.00,20.00,18.62,0.00,18.52,19.00,0.00,18.90,AStar,
2829,18.41,AgentPrefab,Agent,MoveState,Moving,Goal,20.00,0.00,20.00,18.63,0.00,18.53,19.00,0.00,18.90,AStar,
2830,18.42,AgentPrefab,Agent,MoveState,Moving,Goal,20.00,0.00,20.00,18.64,0.00,18.54,19.00,0.00,18.90,AStar,
2831,18.42,AgentPrefab,Agent,MoveState,Moving,Goal,20.00,0.00,20.00,18.65,0.00,18.55,19.00,0.00,18.90,AStar,
2832,18.43,AgentPrefab,Agent,MoveState,Moving,Goal,20.00,0.00,20.00,18.66,0.00,18.56,19.00,0.00,18.90,AStar,
2833,18.44,AgentPrefab,Agent,MoveState,Moving,Goal,20.00,0.00,20.00,18.67,0.00,18.57,19.00,0.00,18.90,AStar,
2834,18.44,AgentPrefab,Agent,MoveState,Moving,Goal,20.00,0.00,20.00,18.68,0.00,18.58,19.00,0.00,18.90,AStar,
2835,18.45,AgentPrefab,Agent,MoveState,Moving,Goal,20.00,0.00,20.00,18.69,0.00,18.59,19.00,0.00,18.90,AStar,
2836,18.46,AgentPrefab,Agent,MoveState,Moving,Goal,20.00,0.00,20.00,18.70,0.00,18.60,19.00,0.00,18.90,AStar,
2837,18.47,AgentPrefab,Agent,MoveState,Moving,Goal,20.00,0.00,20.00,18.71,0.00,18.61,19.00,0.00,18.90,AStar,
2838,18.47,AgentPrefab,Agent,MoveState,Moving,Goal,20.00,0.00,20.00,18.72,0.00,18.62,19.00,0.00,18.90,AStar,
2839,18.48,AgentPrefab,Agent,MoveState,Moving,Goal,20.00,0.00,20.00,18.73,0.00,18.63,19.00,0.00,18.90,AStar,
2840,18.49,AgentPrefab,Agent,MoveState,Moving,Goal,20.00,0.00,20.00,18.74,0.00,18.64,19.00,0.00,18.90,AStar,
2841,18.49,AgentPrefab,Agent,MoveState,Moving,Goal,20.00,0.00,20.00,18.75,0.00,18.65,19.00,0.00,18.90,AStar,
2842,18.50,AgentPrefab,Agent,MoveState,Moving,Goal,20.00,0.00,20.00,18.76,0.00,18.66,19.00,0.00,18.90,AStar,
2843,18.51,AgentPrefab,Agent,MoveState,Moving,Goal,20.00,0.00,20.00,18.77,0.00,18.67,19.00,0.00,18.90,AStar,
2844,18.51,AgentPrefab,Agent,MoveState,Moving,Goal,20.00,0.00,20.00,18.78,0.00,18.68,19.00,0.00,18.90,AStar,
2845,18.52,AgentPrefab,Agent,MoveState,Moving,Goal,20.00,0.00,20.00,18.79,0.00,18.69,19.00,0.00,18.90,AStar,
2846,18.53,AgentPrefab,Agent,MoveState,Moving,Goal,20.00,0.00,20.00,18.80,0.00,18.70,19.00,0.00,18.90,AStar,
2847,18.53,AgentPrefab,Agent,MoveState,Moving,Goal,20.00,0.00,20.00,18.81,0.00,18.71,19.00,0.00,18.90,AStar,
2848,18.54,AgentPrefab,Agent,MoveState,Moving,Goal,20.00,0.00,20.00,18.82,0.00,18.72,19.00,0.00,18.90,AStar,
2849,18.55,AgentPrefab,Agent,MoveState,Moving,Goal,20.00,0.00,20.00,18.83,0.00,18.73,19.00,0.00,18.90,AStar,
2850,18.56,AgentPrefab,Agent,MoveState,Moving,Goal,20.00,0.00,20.00,18.84,0.00,18.74,19.00,0.00,18.90,AStar,
2851,18.56,AgentPrefab,Agent,MoveState,Moving,Goal,20.00,0.00,20.00,18.85,0.00,18.75,19.00,0.00,18.90,AStar,
2852,18.57,AgentPrefab,Agent,MoveState,Moving,Goal,20.00,0.00,20.00,18.86,0.00,18.76,19.00,0.00,18.90,AStar,
2853,18.57,AgentPrefab,Agent,MoveState,Moving,Goal,20.00,0.00,20.00,18.87,0.00,18.77,19.00,0.00,18.90,AStar,
2854,18.58,AgentPrefab,Agent,MoveState,Moving,Goal,20.00,0.00,20.00,18.88,0.00,18.78,19.00,0.00,18.90,AStar,
2855,18.59,AgentPrefab,Agent,MoveState,Moving,Goal,20.00,0.00,20.00,18.89,0.00,18.79,19.00,0.00,18.90,AStar,
2856,18.59,AgentPrefab,Agent,MoveState,Moving,Goal,20.00,0.00,20.00,18.90,0.00,18.80,19.00,0.00,18.90,AStar,
2857,18.60,AgentPrefab,Agent,MoveState,Moving,Goal,20.00,0.00,20.00,18.90,0.00,18.80,19.00,0.00,18.90,AStar,
2858,18.61,AgentPrefab,Agent,MoveState,Moving,Goal,20.00,0.00,20.00,18.91,0.00,18.81,19.00,0.00,18.90,AStar,
2859,18.61,AgentPrefab,Agent,MoveState,Moving,Goal,20.00,0.00,20.00,18.92,0.00,18.82,19.00,0.00,18.90,AStar,
2860,18.62,AgentPrefab,Agent,MoveState,Moving,Goal,20.00,0.00,20.00,18.93,0.00,18.83,19.00,0.00,18.90,AStar,
2861,18.63,AgentPrefab,Agent,MoveState,Moving,Goal,20.00,0.00,20.00,18.94,0.00,18.84,19.00,0.00,18.90,AStar,
2862,18.64,AgentPrefab,Agent,MoveState,Moving,Goal,20.00,0.00,20.00,18.95,0.00,18.85,19.00,0.00,18.90,AStar,
2863,18.64,AgentPrefab,Agent,MoveState,Moving,Goal,20.00,0.00,20.00,18.96,0.00,18.86,19.00,0.00,18.90,AStar,
2864,18.65,AgentPrefab,Agent,MoveState,Moving,Goal,20.00,0.00,20.00,19.00,0.00,18.90,19.70,0.00,19.60,AStar,
2865,18.66,AgentPrefab,Agent,MoveState,Moving,Goal,20.00,0.00,20.00,19.01,0.00,18.91,19.70,0.00,19.60,AStar,
2866,18.66,AgentPrefab,Agent,MoveState,Moving,Goal,20.00,0.00,20.00,19.02,0.00,18.92,19.70,0.00,19.60,AStar,
2867,18.67,AgentPrefab,Agent,MoveState,Moving,Goal,20.00,0.00,20.00,19.03,0.00,18.93,19.70,0.00,19.60,AStar,
2868,18.68,AgentPrefab,Agent,MoveState,Moving,Goal,20.00,0.00,20.00,19.04,0.00,18.94,19.70,0.00,19.60,AStar,
2869,18.68,AgentPrefab,Agent,MoveState,Moving,Goal,20.00,0.00,20.00,19.05,0.00,18.95,19.70,0.00,19.60,AStar,
2870,18.69,AgentPrefab,Agent,MoveState,Moving,Goal,20.00,0.00,20.00,19.06,0.00,18.96,19.70,0.00,19.60,AStar,
2871,18.70,AgentPrefab,Agent,MoveState,Moving,Goal,20.00,0.00,20.00,19.07,0.00,18.97,19.70,0.00,19.60,AStar,
2872,18.71,AgentPrefab,Agent,MoveState,Moving,Goal,20.00,0.00,20.00,19.08,0.00,18.98,19.70,0.00,19.60,AStar,
2873,18.72,AgentPrefab,Agent,MoveState,Moving,Goal,20.00,0.00,20.00,19.10,0.00,19.00,19.70,0.00,19.60,AStar,
2874,18.73,AgentPrefab,Agent,MoveState,Moving,Goal,20.00,0.00,20.00,19.11,0.00,19.01,19.70,0.00,19.60,AStar,
2875,18.74,AgentPrefab,Agent,MoveState,Moving,Goal,20.00,0.00,20.00,19.12,0.00,19.02,19.70,0.00,19.60,AStar,
2876,18.74,AgentPrefab,Agent,MoveState,Moving,Goal,20.00,0.00,20.00,19.13,0.00,19.03,19.70,0.00,19.60,AStar,
2877,18.75,AgentPrefab,Agent,MoveState,Moving,Goal,20.00,0.00,20.00,19.14,0.00,19.04,19.70,0.00,19.60,AStar,
2878,18.76,AgentPrefab,Agent,MoveState,Moving,Goal,20.00,0.00,20.00,19.15,0.00,19.05,19.70,0.00,19.60,AStar,
2879,18.76,AgentPrefab,Agent,MoveState,Moving,Goal,20.00,0.00,20.00,19.16,0.00,19.06,19.70,0.00,19.60,AStar,
2880,18.77,AgentPrefab,Agent,MoveState,Moving,Goal,20.00,0.00,20.00,19.17,0.00,19.07,19.70,0.00,19.60,AStar,
2881,18.77,AgentPrefab,Agent,MoveState,Moving,Goal,20.00,0.00,20.00,19.18,0.00,19.08,19.70,0.00,19.60,AStar,
2882,18.78,AgentPrefab,Agent,MoveState,Moving,Goal,20.00,0.00,20.00,19.19,0.00,19.09,19.70,0.00,19.60,AStar,
2883,18.79,AgentPrefab,Agent,MoveState,Moving,Goal,20.00,0.00,20.00,19.20,0.00,19.10,19.70,0.00,19.60,AStar,
2884,18.79,AgentPrefab,Agent,MoveState,Moving,Goal,20.00,0.00,20.00,19.21,0.00,19.11,19.70,0.00,19.60,AStar,
2885,18.80,AgentPrefab,Agent,MoveState,Moving,Goal,20.00,0.00,20.00,19.22,0.00,19.12,19.70,0.00,19.60,AStar,
2886,18.81,AgentPrefab,Agent,MoveState,Moving,Goal,20.00,0.00,20.00,19.23,0.00,19.13,19.70,0.00,19.60,AStar,
2887,18.82,AgentPrefab,Agent,MoveState,Moving,Goal,20.00,0.00,20.00,19.24,0.00,19.14,19.70,0.00,19.60,AStar,
2888,18.82,AgentPrefab,Agent,MoveState,Moving,Goal,20.00,0.00,20.00,19.25,0.00,19.15,19.70,0.00,19.60,AStar,
2889,18.83,AgentPrefab,Agent,MoveState,Moving,Goal,20.00,0.00,20.00,19.25,0.00,19.15,19.70,0.00,19.60,AStar,
2890,18.84,AgentPrefab,Agent,MoveState,Moving,Goal,20.00,0.00,20.00,19.26,0.00,19.16,19.70,0.00,19.60,AStar,
2891,18.84,AgentPrefab,Agent,MoveState,Moving,Goal,20.00,0.00,20.00,19.27,0.00,19.17,19.70,0.00,19.60,AStar,
2892,18.85,AgentPrefab,Agent,MoveState,Moving,Goal,20.00,0.00,20.00,19.28,0.00,19.18,19.70,0.00,19.60,AStar,
2893,18.86,AgentPrefab,Agent,MoveState,Moving,Goal,20.00,0.00,20.00,19.29,0.00,19.19,19.70,0.00,19.60,AStar,
2894,18.87,AgentPrefab,Agent,MoveState,Moving,Goal,20.00,0.00,20.00,19.30,0.00,19.20,19.70,0.00,19.60,AStar,
2895,18.87,AgentPrefab,Agent,MoveState,Moving,Goal,20.00,0.00,20.00,19.31,0.00,19.21,19.70,0.00,19.60,AStar,
2896,18.88,AgentPrefab,Agent,MoveState,Moving,Goal,20.00,0.00,20.00,19.32,0.00,19.22,19.70,0.00,19.60,AStar,
2897,18.89,AgentPrefab,Agent,MoveState,Moving,Goal,20.00,0.00,20.00,19.33,0.00,19.23,19.70,0.00,19.60,AStar,
2898,18.89,AgentPrefab,Agent,MoveState,Moving,Goal,20.00,0.00,20.00,19.34,0.00,19.24,19.70,0.00,19.60,AStar,
2899,18.90,AgentPrefab,Agent,MoveState,Moving,Goal,20.00,0.00,20.00,19.35,0.00,19.25,19.70,0.00,19.60,AStar,
2900,18.91,AgentPrefab,Agent,MoveState,Moving,Goal,20.00,0.00,20.00,19.36,0.00,19.26,19.70,0.00,19.60,AStar,
2901,18.91,AgentPrefab,Agent,MoveState,Moving,Goal,20.00,0.00,20.00,19.37,0.00,19.27,19.70,0.00,19.60,AStar,
2902,18.92,AgentPrefab,Agent,MoveState,Moving,Goal,20.00,0.00,20.00,19.38,0.00,19.28,19.70,0.00,19.60,AStar,
2903,18.93,AgentPrefab,Agent,MoveState,Moving,Goal,20.00,0.00,20.00,19.39,0.00,19.29,19.70,0.00,19.60,AStar,
2904,18.93,AgentPrefab,Agent,MoveState,Moving,Goal,20.00,0.00,20.00,19.40,0.00,19.30,19.70,0.00,19.60,AStar,
2905,18.94,AgentPrefab,Agent,MoveState,Moving,Goal,20.00,0.00,20.00,19.41,0.00,19.31,19.70,0.00,19.60,AStar,
2906,18.95,AgentPrefab,Agent,MoveState,Moving,Goal,20.00,0.00,20.00,19.42,0.00,19.32,19.70,0.00,19.60,AStar,
2907,18.95,AgentPrefab,Agent,MoveState,Moving,Goal,20.00,0.00,20.00,19.43,0.00,19.33,19.70,0.00,19.60,AStar,
2908,18.96,AgentPrefab,Agent,MoveState,Moving,Goal,20.00,0.00,20.00,19.44,0.00,19.34,19.70,0.00,19.60,AStar,
2909,18.97,AgentPrefab,Agent,MoveState,Moving,Goal,20.00,0.00,20.00,19.45,0.00,19.35,19.70,0.00,19.60,AStar,
2910,18.97,AgentPrefab,Agent,MoveState,Moving,Goal,20.00,0.00,20.00,19.46,0.00,19.36,19.70,0.00,19.60,AStar,
2911,18.98,AgentPrefab,Agent,MoveState,Moving,Goal,20.00,0.00,20.00,19.47,0.00,19.37,19.70,0.00,19.60,AStar,
2912,18.99,AgentPrefab,Agent,MoveState,Moving,Goal,20.00,0.00,20.00,19.48,0.00,19.38,19.70,0.00,19.60,AStar,
2913,18.99,AgentPrefab,Agent,MoveState,Moving,Goal,20.00,0.00,20.00,19.49,0.00,19.39,19.70,0.00,19.60,AStar,
2914,19.00,AgentPrefab,Agent,MoveState,Moving,Goal,20.00,0.00,20.00,19.50,0.00,19.40,19.70,0.00,19.60,AStar,
2915,19.01,AgentPrefab,Agent,MoveState,Moving,Goal,20.00,0.00,20.00,19.51,0.00,19.41,19.70,0.00,19.60,AStar,
2916,19.01,AgentPrefab,Agent,MoveState,Moving,Goal,20.00,0.00,20.00,19.52,0.00,19.42,19.70,0.00,19.60,AStar,
2917,19.02,AgentPrefab,Agent,MoveState,Moving,Goal,20.00,0.00,20.00,19.52,0.00,19.42,19.70,0.00,19.60,AStar,
2918,19.03,AgentPrefab,Agent,MoveState,Moving,Goal,20.00,0.00,20.00,19.54,0.00,19.44,19.70,0.00,19.60,AStar,
2919,19.03,AgentPrefab,Agent,MoveState,Moving,Goal,20.00,0.00,20.00,19.54,0.00,19.44,19.70,0.00,19.60,AStar,
2920,19.04,AgentPrefab,Agent,MoveState,Moving,Goal,20.00,0.00,20.00,19.55,0.00,19.45,19.70,0.00,19.60,AStar,
2921,19.05,AgentPrefab,Agent,MoveState,Moving,Goal,20.00,0.00,20.00,19.56,0.00,19.46,19.70,0.00,19.60,AStar,
2922,19.06,AgentPrefab,Agent,MoveState,Moving,Goal,20.00,0.00,20.00,19.57,0.00,19.47,19.70,0.00,19.60,AStar,
2923,19.06,AgentPrefab,Agent,MoveState,Moving,Goal,20.00,0.00,20.00,19.58,0.00,19.48,19.70,0.00,19.60,AStar,
2924,19.07,AgentPrefab,Agent,MoveState,Moving,Goal,20.00,0.00,20.00,19.59,0.00,19.49,19.70,0.00,19.60,AStar,
2925,19.08,AgentPrefab,Agent,MoveState,Moving,Goal,20.00,0.00,20.00,19.60,0.00,19.50,19.70,0.00,19.60,AStar,
2926,19.08,AgentPrefab,Agent,MoveState,Moving,Goal,20.00,0.00,20.00,19.61,0.00,19.51,19.70,0.00,19.60,AStar,
2927,19.09,AgentPrefab,Agent,MoveState,Moving,Goal,20.00,0.00,20.00,19.62,0.00,19.52,19.70,0.00,19.60,AStar,
2928,19.10,AgentPrefab,Agent,MoveState,Moving,Goal,20.00,0.00,20.00,19.63,0.00,19.53,19.70,0.00,19.60,AStar,
2929,19.10,AgentPrefab,Agent,MoveState,Moving,Goal,20.00,0.00,20.00,19.64,0.00,19.54,19.70,0.00,19.60,AStar,
2930,19.11,AgentPrefab,Agent,MoveState,Moving,Goal,20.00,0.00,20.00,19.65,0.00,19.55,19.70,0.00,19.60,AStar,
2931,19.12,AgentPrefab,Agent,MoveState,Moving,Goal,20.00,0.00,20.00,19.66,0.00,19.56,19.70,0.00,19.60,AStar,
2932,19.12,AgentPrefab,Agent,MoveState,Moving,Goal,20.00,0.00,20.00,19.70,0.00,19.60,20.00,0.00,20.00,AStar,
2933,19.13,AgentPrefab,Agent,MoveState,Moving,Goal,20.00,0.00,20.00,19.71,0.00,19.61,20.00,0.00,20.00,AStar,
2934,19.14,AgentPrefab,Agent,MoveState,Moving,Goal,20.00,0.00,20.00,19.72,0.00,19.62,20.00,0.00,20.00,AStar,
2935,19.14,AgentPrefab,Agent,MoveState,Moving,Goal,20.00,0.00,20.00,19.73,0.00,19.63,20.00,0.00,20.00,AStar,
2936,19.15,AgentPrefab,Agent,MoveState,Moving,Goal,20.00,0.00,20.00,19.73,0.00,19.64,20.00,0.00,20.00,AStar,
2937,19.16,AgentPrefab,Agent,MoveState,Moving,Goal,20.00,0.00,20.00,19.74,0.00,19.66,20.00,0.00,20.00,AStar,
2938,19.16,AgentPrefab,Agent,MoveState,Moving,Goal,20.00,0.00,20.00,19.75,0.00,19.67,20.00,0.00,20.00,AStar,
2939,19.17,AgentPrefab,Agent,MoveState,Moving,Goal,20.00,0.00,20.00,19.76,0.00,19.68,20.00,0.00,20.00,AStar,
2940,19.18,AgentPrefab,Agent,MoveState,Moving,Goal,20.00,0.00,20.00,19.77,0.00,19.69,20.00,0.00,20.00,AStar,
2941,19.19,AgentPrefab,Agent,MoveState,Moving,Goal,20.00,0.00,20.00,19.77,0.00,19.70,20.00,0.00,20.00,AStar,
2942,19.19,AgentPrefab,Agent,MoveState,Moving,Goal,20.00,0.00,20.00,19.78,0.00,19.71,20.00,0.00,20.00,AStar,
2943,19.20,AgentPrefab,Agent,MoveState,Moving,Goal,20.00,0.00,20.00,19.79,0.00,19.72,20.00,0.00,20.00,AStar,
2944,19.21,AgentPrefab,Agent,MoveState,Moving,Goal,20.00,0.00,20.00,19.80,0.00,19.74,20.00,0.00,20.00,AStar,
2945,19.21,AgentPrefab,Agent,MoveState,Moving,Goal,20.00,0.00,20.00,19.81,0.00,19.75,20.00,0.00,20.00,AStar,
2946,19.22,AgentPrefab,Agent,MoveState,Moving,Goal,20.00,0.00,20.00,19.82,0.00,19.76,20.00,0.00,20.00,AStar,
2947,19.23,AgentPrefab,Agent,MoveState,Moving,Goal,20.00,0.00,20.00,19.83,0.00,19.77,20.00,0.00,20.00,AStar,
2948,19.24,AgentPrefab,Agent,MoveState,Moving,Goal,20.00,0.00,20.00,19.83,0.00,19.78,20.00,0.00,20.00,AStar,
2949,19.24,AgentPrefab,Agent,MoveState,Moving,Goal,20.00,0.00,20.00,19.84,0.00,19.79,20.00,0.00,20.00,AStar,
2950,19.25,AgentPrefab,Agent,MoveState,Moving,Goal,20.00,0.00,20.00,19.85,0.00,19.80,20.00,0.00,20.00,AStar,
2951,19.25,AgentPrefab,Agent,MoveState,Moving,Goal,20.00,0.00,20.00,19.86,0.00,19.81,20.00,0.00,20.00,AStar,
2952,19.26,AgentPrefab,Agent,MoveState,Moving,Goal,20.00,0.00,20.00,19.87,0.00,19.82,20.00,0.00,20.00,AStar,
2953,19.27,AgentPrefab,Agent,MoveState,Moving,Goal,20.00,0.00,20.00,19.87,0.00,19.83,20.00,0.00,20.00,AStar,
2954,19.28,AgentPrefab,Agent,MoveState,Moving,Goal,20.00,0.00,20.00,19.88,0.00,19.84,20.00,0.00,20.00,AStar,
2955,19.28,AgentPrefab,Agent,MoveState,Moving,Goal,20.00,0.00,20.00,19.89,0.00,19.85,20.00,0.00,20.00,AStar,
2956,19.29,AgentPrefab,Agent,MoveState,Moving,Goal,20.00,0.00,20.00,19.90,0.00,19.86,20.00,0.00,20.00,AStar,
2957,19.30,AgentPrefab,Agent,MoveState,Moving,Goal,20.00,0.00,20.00,19.91,0.00,19.88,20.00,0.00,20.00,AStar,
2958,19.31,AgentPrefab,Agent,MoveState,Moving,Goal,20.00,0.00,20.00,19.91,0.00,19.89,20.00,0.00,20.00,AStar,
2959,19.32,AgentPrefab,Agent,MoveState,Moving,Goal,20.00,0.00,20.00,19.94,0.00,19.92,20.00,0.00,20.00,AStar,
2960,19.33,AgentPrefab,Agent,MoveState,Moving,Goal,20.00,0.00,20.00,19.94,0.00,19.92,20.00,0.00,20.00,AStar,
2961,19.33,AgentPrefab,Agent,MoveState,Moving,Goal,20.00,0.00,20.00,19.95,0.00,19.93,20.00,0.00,20.00,AStar,
2962,19.34,AgentPrefab,Agent,MoveState,Moving,Goal,20.00,0.00,20.00,19.96,0.00,19.94,20.00,0.00,20.00,AStar,
2963,19.34,AgentPrefab,Agent,MoveState,Moving,Goal,20.00,0.00,20.00,19.97,0.00,19.95,20.00,0.00,20.00,AStar,
2963,19.34,AgentPrefab,Agent,GoalState,Goal,Goal,20.00,0.00,20.00,20.00,0.00,20.00,20.00,0.00,20.00,AStar,
