Frame,Time,Object,Type,State,Action,Target,TargetX,TargetY,TargetZ,CurrentX,CurrentY,CurrentZ,NextX,NextY,NextZ,AIType
1,0.00,AgentPrefab,Agent,IdleState,Idling,AllyPrefab,9.00,0.00,17.00,0.00,0.00,0.00,0.00,0.00,0.00,DStar
1,0.00,AgentPrefab,Agent,SearchState,Searching Path,AllyPrefab,9.00,0.00,17.00,0.00,0.00,0.00,0.00,0.00,0.00,DStar
1,0.00,AllyPrefab,Ally,AllyIdleState,Idling,AgentPrefab,0.00,0.00,0.00,9.00,0.00,17.00,9.00,0.00,17.00,N/A
2,0.00,AgentPrefab,Agent,MoveState,Moving,AllyPrefab,9.00,0.00,17.00,0.00,0.00,0.00,0.00,0.00,0.00,DStar
2,0.00,AgentPrefab,Agent,MoveState,Moving,Goal,20.00,0.00,20.00,0.00,0.00,0.00,0.00,0.00,0.00,DStar
2,0.00,AllyPrefab,Ally,AllyIdleState,Idling,AgentPrefab,0.00,0.00,0.00,9.00,0.00,17.00,9.00,0.00,17.00,N/A
3,0.00,AgentPrefab,Agent,MoveState,Moving,AllyPrefab,9.00,0.00,17.00,0.00,0.00,0.00,0.00,0.00,0.00,DStar
3,0.00,AgentPrefab,Agent,MoveState,Moving,Goal,20.00,0.00,20.00,0.00,0.00,0.00,0.00,0.00,0.00,DStar
3,0.00,AllyPrefab,Ally,AllyIdleState,Idling,AgentPrefab,0.00,0.00,0.00,9.00,0.00,17.00,9.00,0.00,17.00,N/A
4,0.03,AgentPrefab,Agent,MoveState,Moving,AllyPrefab,9.00,0.00,17.00,0.00,0.00,0.00,0.00,0.00,0.00,DStar
4,0.03,AgentPrefab,Agent,MoveState,Moving,Goal,20.00,0.00,20.00,0.00,0.00,0.00,0.05,0.00,0.05,DStar
4,0.03,AllyPrefab,Ally,AllyIdleState,Idling,AgentPrefab,0.05,0.00,0.05,9.00,0.00,17.00,9.00,0.00,17.00,N/A
5,0.07,AgentPrefab,Agent,MoveState,Moving,AllyPrefab,9.00,0.00,17.00,0.05,0.00,0.05,0.05,0.00,0.05,DStar
5,0.07,AgentPrefab,Agent,MoveState,Moving,Goal,20.00,0.00,20.00,0.05,0.00,0.05,0.09,0.00,0.09,DStar
5,0.07,AllyPrefab,Ally,AllyIdleState,Idling,AgentPrefab,0.09,0.00,0.09,9.00,0.00,17.00,9.00,0.00,17.00,N/A
6,0.10,AgentPrefab,Agent,MoveState,Moving,AllyPrefab,9.00,0.00,17.00,0.09,0.00,0.09,0.09,0.00,0.09,DStar
6,0.10,AgentPrefab,Agent,MoveState,Moving,Goal,20.00,0.00,20.00,0.09,0.00,0.09,0.14,0.00,0.14,DStar
6,0.10,AllyPrefab,Ally,AllyIdleState,Idling,AgentPrefab,0.14,0.00,0.14,9.00,0.00,17.00,9.00,0.00,17.00,N/A
7,0.13,AgentPrefab,Agent,MoveState,Moving,AllyPrefab,9.00,0.00,17.00,0.14,0.00,0.14,0.14,0.00,0.14,DStar
7,0.13,AgentPrefab,Agent,MoveState,Moving,Goal,20.00,0.00,20.00,0.14,0.00,0.14,0.19,0.00,0.19,DStar
7,0.13,AllyPrefab,Ally,AllyIdleState,Idling,AgentPrefab,0.19,0.00,0.19,9.00,0.00,17.00,9.00,0.00,17.00,N/A
8,0.17,AgentPrefab,Agent,MoveState,Moving,AllyPrefab,9.00,0.00,17.00,0.19,0.00,0.19,0.19,0.00,0.19,DStar
8,0.17,AgentPrefab,Agent,MoveState,Moving,Goal,20.00,0.00,20.00,0.19,0.00,0.19,0.24,0.00,0.24,DStar
8,0.17,AllyPrefab,Ally,AllyIdleState,Idling,AgentPrefab,0.24,0.00,0.24,9.00,0.00,17.00,9.00,0.00,17.00,N/A
9,0.20,AgentPrefab,Agent,MoveState,Moving,AllyPrefab,9.00,0.00,17.00,0.24,0.00,0.24,0.24,0.00,0.24,DStar
9,0.20,AgentPrefab,Agent,MoveState,Moving,Goal,20.00,0.00,20.00,0.24,0.00,0.24,0.28,0.00,0.28,DStar
9,0.20,AllyPrefab,Ally,AllyIdleState,Idling,AgentPrefab,0.28,0.00,0.28,9.00,0.00,17.00,9.00,0.00,17.00,N/A
10,0.23,AgentPrefab,Agent,MoveState,Moving,AllyPrefab,9.00,0.00,17.00,0.28,0.00,0.28,0.28,0.00,0.28,DStar
10,0.23,AgentPrefab,Agent,MoveState,Moving,Goal,20.00,0.00,20.00,0.28,0.00,0.28,0.33,0.00,0.33,DStar
10,0.23,AllyPrefab,Ally,AllyIdleState,Idling,AgentPrefab,0.33,0.00,0.33,9.00,0.00,17.00,9.00,0.00,17.00,N/A
11,0.27,AgentPrefab,Agent,MoveState,Moving,AllyPrefab,9.00,0.00,17.00,0.33,0.00,0.33,0.33,0.00,0.33,DStar
11,0.27,AgentPrefab,Agent,MoveState,Moving,Goal,20.00,0.00,20.00,0.33,0.00,0.33,0.38,0.00,0.38,DStar
11,0.27,AllyPrefab,Ally,AllyIdleState,Idling,AgentPrefab,0.38,0.00,0.38,9.00,0.00,17.00,9.00,0.00,17.00,N/A
12,0.30,AgentPrefab,Agent,MoveState,Moving,AllyPrefab,9.00,0.00,17.00,0.38,0.00,0.38,0.38,0.00,0.38,DStar
12,0.30,AgentPrefab,Agent,MoveState,Moving,Goal,20.00,0.00,20.00,0.38,0.00,0.38,0.42,0.00,0.42,DStar
12,0.30,AllyPrefab,Ally,AllyIdleState,Idling,AgentPrefab,0.42,0.00,0.42,9.00,0.00,17.00,9.00,0.00,17.00,N/A
13,0.33,AgentPrefab,Agent,MoveState,Moving,AllyPrefab,9.00,0.00,17.00,0.42,0.00,0.42,0.42,0.00,0.42,DStar
13,0.33,AgentPrefab,Agent,MoveState,Moving,Goal,20.00,0.00,20.00,0.42,0.00,0.42,0.47,0.00,0.47,DStar
13,0.33,AllyPrefab,Ally,AllyIdleState,Idling,AgentPrefab,0.47,0.00,0.47,9.00,0.00,17.00,9.00,0.00,17.00,N/A
14,0.37,AgentPrefab,Agent,MoveState,Moving,AllyPrefab,9.00,0.00,17.00,0.47,0.00,0.47,0.47,0.00,0.47,DStar
14,0.37,AgentPrefab,Agent,MoveState,Moving,Goal,20.00,0.00,20.00,0.47,0.00,0.47,0.52,0.00,0.52,DStar
14,0.37,AllyPrefab,Ally,AllyIdleState,Idling,AgentPrefab,0.52,0.00,0.52,9.00,0.00,17.00,9.00,0.00,17.00,N/A
15,0.40,AgentPrefab,Agent,MoveState,Moving,AllyPrefab,9.00,0.00,17.00,0.52,0.00,0.52,0.52,0.00,0.52,DStar
15,0.40,AgentPrefab,Agent,MoveState,Moving,Goal,20.00,0.00,20.00,0.52,0.00,0.52,0.57,0.00,0.57,DStar
15,0.40,AllyPrefab,Ally,AllyIdleState,Idling,AgentPrefab,0.57,0.00,0.57,9.00,0.00,17.00,9.00,0.00,17.00,N/A
16,0.43,AgentPrefab,Agent,MoveState,Moving,AllyPrefab,9.00,0.00,17.00,0.57,0.00,0.57,0.57,0.00,0.57,DStar
16,0.43,AgentPrefab,Agent,MoveState,Moving,Goal,20.00,0.00,20.00,0.57,0.00,0.57,0.61,0.00,0.61,DStar
16,0.43,AllyPrefab,Ally,AllyIdleState,Idling,AgentPrefab,0.61,0.00,0.61,9.00,0.00,17.00,9.00,0.00,17.00,N/A
17,0.47,AgentPrefab,Agent,MoveState,Moving,AllyPrefab,9.00,0.00,17.00,0.61,0.00,0.61,0.61,0.00,0.61,DStar
17,0.47,AgentPrefab,Agent,MoveState,Moving,Goal,20.00,0.00,20.00,0.61,0.00,0.61,0.66,0.00,0.66,DStar
17,0.47,AllyPrefab,Ally,AllyIdleState,Idling,AgentPrefab,0.66,0.00,0.66,9.00,0.00,17.00,9.00,0.00,17.00,N/A
18,0.50,AgentPrefab,Agent,MoveState,Moving,AllyPrefab,9.00,0.00,17.00,0.66,0.00,0.66,0.66,0.00,0.66,DStar
18,0.50,AgentPrefab,Agent,MoveState,Moving,Goal,20.00,0.00,20.00,0.66,0.00,0.66,0.71,0.00,0.71,DStar
18,0.50,AllyPrefab,Ally,AllyIdleState,Idling,AgentPrefab,0.71,0.00,0.71,9.00,0.00,17.00,9.00,0.00,17.00,N/A
19,0.53,AgentPrefab,Agent,MoveState,Moving,AllyPrefab,9.00,0.00,17.00,0.71,0.00,0.71,0.71,0.00,0.71,DStar
19,0.53,AgentPrefab,Agent,MoveState,Moving,Goal,20.00,0.00,20.00,0.71,0.00,0.71,0.75,0.00,0.75,DStar
19,0.53,AllyPrefab,Ally,AllyIdleState,Idling,AgentPrefab,0.75,0.00,0.75,9.00,0.00,17.00,9.00,0.00,17.00,N/A
20,0.57,AgentPrefab,Agent,MoveState,Moving,AllyPrefab,9.00,0.00,17.00,0.75,0.00,0.75,0.75,0.00,0.75,DStar
20,0.57,AgentPrefab,Agent,MoveState,Moving,Goal,20.00,0.00,20.00,0.75,0.00,0.75,0.80,0.00,0.80,DStar
20,0.57,AllyPrefab,Ally,AllyIdleState,Idling,AgentPrefab,0.80,0.00,0.80,9.00,0.00,17.00,9.00,0.00,17.00,N/A
21,0.60,AgentPrefab,Agent,MoveState,Moving,AllyPrefab,9.00,0.00,17.00,0.80,0.00,0.80,0.80,0.00,0.80,DStar
21,0.60,AgentPrefab,Agent,MoveState,Moving,Goal,20.00,0.00,20.00,0.80,0.00,0.80,0.85,0.00,0.85,DStar
21,0.60,AllyPrefab,Ally,AllyIdleState,Idling,AgentPrefab,0.85,0.00,0.85,9.00,0.00,17.00,9.00,0.00,17.00,N/A
22,0.63,AgentPrefab,Agent,MoveState,Moving,AllyPrefab,9.00,0.00,17.00,0.85,0.00,0.85,0.85,0.00,0.85,DStar
22,0.63,AgentPrefab,Agent,MoveState,Moving,Goal,20.00,0.00,20.00,0.85,0.00,0.85,0.90,0.00,0.90,DStar
22,0.63,AllyPrefab,Ally,AllyIdleState,Idling,AgentPrefab,0.90,0.00,0.90,9.00,0.00,17.00,9.00,0.00,17.00,N/A
23,0.67,AgentPrefab,Agent,MoveState,Moving,AllyPrefab,9.00,0.00,17.00,0.90,0.00,0.90,0.90,0.00,0.90,DStar
23,0.67,AgentPrefab,Agent,MoveState,Moving,Goal,20.00,0.00,20.00,0.90,0.00,0.90,0.94,0.00,0.94,DStar
23,0.67,AllyPrefab,Ally,AllyIdleState,Idling,AgentPrefab,0.94,0.00,0.94,9.00,0.00,17.00,9.00,0.00,17.00,N/A
24,0.70,AgentPrefab,Agent,MoveState,Moving,AllyPrefab,9.00,0.00,17.00,0.94,0.00,0.94,0.94,0.00,0.94,DStar
24,0.70,AgentPrefab,Agent,MoveState,Moving,Goal,20.00,0.00,20.00,0.94,0.00,0.94,0.99,0.00,0.99,DStar
24,0.70,AllyPrefab,Ally,AllyIdleState,Idling,AgentPrefab,0.99,0.00,0.99,9.00,0.00,17.00,9.00,0.00,17.00,N/A
25,0.73,AgentPrefab,Agent,MoveState,Moving,AllyPrefab,9.00,0.00,17.00,0.99,0.00,0.99,0.99,0.00,0.99,DStar
25,0.73,AgentPrefab,Agent,MoveState,Moving,Goal,20.00,0.00,20.00,0.99,0.00,0.99,1.04,0.00,1.04,DStar
25,0.73,AllyPrefab,Ally,AllyIdleState,Idling,AgentPrefab,1.04,0.00,1.04,9.00,0.00,17.00,9.00,0.00,17.00,N/A
26,0.77,AgentPrefab,Agent,MoveState,Moving,AllyPrefab,9.00,0.00,17.00,1.04,0.00,1.04,1.04,0.00,1.04,DStar
26,0.77,AgentPrefab,Agent,MoveState,Moving,Goal,20.00,0.00,20.00,1.04,0.00,1.04,1.08,0.00,1.08,DStar
26,0.77,AllyPrefab,Ally,AllyIdleState,Idling,AgentPrefab,1.08,0.00,1.08,9.00,0.00,17.00,9.00,0.00,17.00,N/A
27,0.80,AgentPrefab,Agent,MoveState,Moving,AllyPrefab,9.00,0.00,17.00,1.08,0.00,1.08,1.08,0.00,1.08,DStar
27,0.80,AgentPrefab,Agent,MoveState,Moving,Goal,20.00,0.00,20.00,1.08,0.00,1.08,1.13,0.00,1.13,DStar
27,0.80,AllyPrefab,Ally,AllyIdleState,Idling,AgentPrefab,1.13,0.00,1.13,9.00,0.00,17.00,9.00,0.00,17.00,N/A
28,0.83,AgentPrefab,Agent,MoveState,Moving,AllyPrefab,9.00,0.00,17.00,1.13,0.00,1.13,1.13,0.00,1.13,DStar
28,0.83,AgentPrefab,Agent,MoveState,Moving,Goal,20.00,0.00,20.00,1.13,0.00,1.13,1.18,0.00,1.18,DStar
28,0.83,AllyPrefab,Ally,AllyIdleState,Idling,AgentPrefab,1.18,0.00,1.18,9.00,0.00,17.00,9.00,0.00,17.00,N/A
29,0.87,AgentPrefab,Agent,MoveState,Moving,AllyPrefab,9.00,0.00,17.00,1.18,0.00,1.18,1.18,0.00,1.18,DStar
29,0.87,AgentPrefab,Agent,MoveState,Moving,Goal,20.00,0.00,20.00,1.18,0.00,1.18,1.23,0.00,1.23,DStar
29,0.87,AllyPrefab,Ally,AllyIdleState,Idling,AgentPrefab,1.23,0.00,1.23,9.00,0.00,17.00,9.00,0.00,17.00,N/A
30,0.90,AgentPrefab,Agent,MoveState,Moving,AllyPrefab,9.00,0.00,17.00,1.23,0.00,1.23,1.23,0.00,1.23,DStar
30,0.90,AgentPrefab,Agent,MoveState,Moving,Goal,20.00,0.00,20.00,1.23,0.00,1.23,1.27,0.00,1.27,DStar
30,0.90,AllyPrefab,Ally,AllyIdleState,Idling,AgentPrefab,1.27,0.00,1.27,9.00,0.00,17.00,9.00,0.00,17.00,N/A
31,0.93,AgentPrefab,Agent,MoveState,Moving,AllyPrefab,9.00,0.00,17.00,1.27,0.00,1.27,1.27,0.00,1.27,DStar
31,0.93,AgentPrefab,Agent,MoveState,Moving,Goal,20.00,0.00,20.00,1.27,0.00,1.27,1.32,0.00,1.32,DStar
31,0.93,AllyPrefab,Ally,AllyIdleState,Idling,AgentPrefab,1.32,0.00,1.32,9.00,0.00,17.00,9.00,0.00,17.00,N/A
32,0.97,AgentPrefab,Agent,MoveState,Moving,AllyPrefab,9.00,0.00,17.00,1.32,0.00,1.32,1.32,0.00,1.32,DStar
32,0.97,AgentPrefab,Agent,MoveState,Moving,Goal,20.00,0.00,20.00,1.32,0.00,1.32,1.37,0.00,1.37,DStar
32,0.97,AllyPrefab,Ally,AllyIdleState,Idling,AgentPrefab,1.37,0.00,1.37,9.00,0.00,17.00,9.00,0.00,17.00,N/A
33,1.00,AgentPrefab,Agent,MoveState,Moving,AllyPrefab,9.00,0.00,17.00,1.37,0.00,1.37,1.37,0.00,1.37,DStar
33,1.00,AgentPrefab,Agent,MoveState,Moving,Goal,20.00,0.00,20.00,1.37,0.00,1.37,1.41,0.00,1.41,DStar
33,1.00,AllyPrefab,Ally,AllyIdleState,Idling,AgentPrefab,1.41,0.00,1.41,9.00,0.00,17.00,9.00,0.00,17.00,N/A
34,1.03,AgentPrefab,Agent,MoveState,Moving,AllyPrefab,9.00,0.00,17.00,1.41,0.00,1.41,1.41,0.00,1.41,DStar
34,1.03,AgentPrefab,Agent,MoveState,Moving,Goal,20.00,0.00,20.00,1.41,0.00,1.41,1.46,0.00,1.46,DStar
34,1.03,AllyPrefab,Ally,AllyIdleState,Idling,AgentPrefab,1.46,0.00,1.46,9.00,0.00,17.00,9.00,0.00,17.00,N/A
35,1.07,AgentPrefab,Agent,MoveState,Moving,AllyPrefab,9.00,0.00,17.00,1.46,0.00,1.46,1.46,0.00,1.46,DStar
35,1.07,AgentPrefab,Agent,MoveState,Moving,Goal,20.00,0.00,20.00,1.46,0.00,1.46,1.51,0.00,1.51,DStar
35,1.07,AllyPrefab,Ally,AllyIdleState,Idling,AgentPrefab,1.51,0.00,1.51,9.00,0.00,17.00,9.00,0.00,17.00,N/A
36,1.10,AgentPrefab,Agent,MoveState,Moving,AllyPrefab,9.00,0.00,17.00,1.51,0.00,1.51,1.51,0.00,1.51,DStar
36,1.10,AgentPrefab,Agent,MoveState,Moving,Goal,20.00,0.00,20.00,1.51,0.00,1.51,1.56,0.00,1.56,DStar
36,1.10,AllyPrefab,Ally,AllyIdleState,Idling,AgentPrefab,1.56,0.00,1.56,9.00,0.00,17.00,9.00,0.00,17.00,N/A
37,1.13,AgentPrefab,Agent,MoveState,Moving,AllyPrefab,9.00,0.00,17.00,1.56,0.00,1.56,1.56,0.00,1.56,DStar
37,1.13,AgentPrefab,Agent,MoveState,Moving,Goal,20.00,0.00,20.00,1.56,0.00,1.56,1.60,0.00,1.60,DStar
37,1.13,AllyPrefab,Ally,AllyIdleState,Idling,AgentPrefab,1.60,0.00,1.60,9.00,0.00,17.00,9.00,0.00,17.00,N/A
38,1.17,AgentPrefab,Agent,MoveState,Moving,AllyPrefab,9.00,0.00,17.00,1.60,0.00,1.60,1.60,0.00,1.60,DStar
38,1.17,AgentPrefab,Agent,MoveState,Moving,Goal,20.00,0.00,20.00,1.60,0.00,1.60,1.65,0.00,1.65,DStar
38,1.17,AllyPrefab,Ally,AllyIdleState,Idling,AgentPrefab,1.65,0.00,1.65,9.00,0.00,17.00,9.00,0.00,17.00,N/A
39,1.20,AgentPrefab,Agent,MoveState,Moving,AllyPrefab,9.00,0.00,17.00,1.65,0.00,1.65,1.65,0.00,1.65,DStar
39,1.20,AgentPrefab,Agent,MoveState,Moving,Goal,20.00,0.00,20.00,1.65,0.00,1.65,1.70,0.00,1.70,DStar
39,1.20,AllyPrefab,Ally,AllyIdleState,Idling,AgentPrefab,1.70,0.00,1.70,9.00,0.00,17.00,9.00,0.00,17.00,N/A
40,1.23,AgentPrefab,Agent,MoveState,Moving,AllyPrefab,9.00,0.00,17.00,1.70,0.00,1.70,1.70,0.00,1.70,DStar
40,1.23,AgentPrefab,Agent,MoveState,Moving,Goal,20.00,0.00,20.00,1.70,0.00,1.70,1.74,0.00,1.74,DStar
40,1.23,AllyPrefab,Ally,AllyIdleState,Idling,AgentPrefab,1.74,0.00,1.74,9.00,0.00,17.00,9.00,0.00,17.00,N/A
41,1.27,AgentPrefab,Agent,MoveState,Moving,AllyPrefab,9.00,0.00,17.00,1.74,0.00,1.74,1.74,0.00,1.74,DStar
41,1.27,AgentPrefab,Agent,MoveState,Moving,Goal,20.00,0.00,20.00,1.74,0.00,1.74,1.79,0.00,1.79,DStar
41,1.27,AllyPrefab,Ally,AllyIdleState,Idling,AgentPrefab,1.79,0.00,1.79,9.00,0.00,17.00,9.00,0.00,17.00,N/A
42,1.30,AgentPrefab,Agent,MoveState,Moving,AllyPrefab,9.00,0.00,17.00,1.79,0.00,1.79,1.79,0.00,1.79,DStar
42,1.30,AgentPrefab,Agent,MoveState,Moving,Goal,20.00,0.00,20.00,1.79,0.00,1.79,1.84,0.00,1.84,DStar
42,1.30,AllyPrefab,Ally,AllyIdleState,Idling,AgentPrefab,1.84,0.00,1.84,9.00,0.00,17.00,9.00,0.00,17.00,N/A
43,1.33,AgentPrefab,Agent,MoveState,Moving,AllyPrefab,9.00,0.00,17.00,1.84,0.00,1.84,1.84,0.00,1.84,DStar
43,1.33,AgentPrefab,Agent,MoveState,Moving,Goal,20.00,0.00,20.00,1.84,0.00,1.84,1.89,0.00,1.89,DStar
43,1.33,AllyPrefab,Ally,AllyIdleState,Idling,AgentPrefab,1.89,0.00,1.89,9.00,0.00,17.00,9.00,0.00,17.00,N/A
44,1.37,AgentPrefab,Agent,MoveState,Moving,AllyPrefab,9.00,0.00,17.00,1.89,0.00,1.89,1.89,0.00,1.89,DStar
44,1.37,AgentPrefab,Agent,MoveState,Moving,Goal,20.00,0.00,20.00,1.89,0.00,1.89,1.93,0.00,1.93,DStar
44,1.37,AllyPrefab,Ally,AllyIdleState,Idling,AgentPrefab,1.93,0.00,1.93,9.00,0.00,17.00,9.00,0.00,17.00,N/A
45,1.40,AgentPrefab,Agent,MoveState,Moving,AllyPrefab,9.00,0.00,17.00,1.93,0.00,1.93,1.93,0.00,1.93,DStar
45,1.40,AgentPrefab,Agent,MoveState,Moving,Goal,20.00,0.00,20.00,1.93,0.00,1.93,1.98,0.00,1.98,DStar
45,1.40,AllyPrefab,Ally,AllyIdleState,Idling,AgentPrefab,1.98,0.00,1.98,9.00,0.00,17.00,9.00,0.00,17.00,N/A
46,1.43,AgentPrefab,Agent,MoveState,Moving,AllyPrefab,9.00,0.00,17.00,1.98,0.00,1.98,1.98,0.00,1.98,DStar
46,1.43,AgentPrefab,Agent,MoveState,Moving,Goal,20.00,0.00,20.00,1.98,0.00,1.98,2.03,0.00,2.03,DStar
46,1.43,AllyPrefab,Ally,AllyIdleState,Idling,AgentPrefab,2.03,0.00,2.03,9.00,0.00,17.00,9.00,0.00,17.00,N/A
47,1.47,AgentPrefab,Agent,MoveState,Moving,AllyPrefab,9.00,0.00,17.00,2.03,0.00,2.03,2.03,0.00,2.03,DStar
47,1.47,AgentPrefab,Agent,MoveState,Moving,Goal,20.00,0.00,20.00,2.03,0.00,2.03,2.07,0.00,2.07,DStar
47,1.47,AllyPrefab,Ally,AllyIdleState,Idling,AgentPrefab,2.07,0.00,2.07,9.00,0.00,17.00,9.00,0.00,17.00,N/A
48,1.50,AgentPrefab,Agent,MoveState,Moving,AllyPrefab,9.00,0.00,17.00,2.07,0.00,2.07,2.07,0.00,2.07,DStar
48,1.50,AgentPrefab,Agent,MoveState,Moving,Goal,20.00,0.00,20.00,2.07,0.00,2.07,2.12,0.00,2.12,DStar
48,1.50,AllyPrefab,Ally,AllyIdleState,Idling,AgentPrefab,2.12,0.00,2.12,9.00,0.00,17.00,9.00,0.00,17.00,N/A
49,1.53,AgentPrefab,Agent,MoveState,Moving,AllyPrefab,9.00,0.00,17.00,2.12,0.00,2.12,2.12,0.00,2.12,DStar
49,1.53,AgentPrefab,Agent,MoveState,Moving,Goal,20.00,0.00,20.00,2.12,0.00,2.12,2.17,0.00,2.17,DStar
49,1.53,AllyPrefab,Ally,AllyIdleState,Idling,AgentPrefab,2.17,0.00,2.17,9.00,0.00,17.00,9.00,0.00,17.00,N/A
50,1.57,AgentPrefab,Agent,MoveState,Moving,AllyPrefab,9.00,0.00,17.00,2.17,0.00,2.17,2.17,0.00,2.17,DStar
50,1.57,AgentPrefab,Agent,MoveState,Moving,Goal,20.00,0.00,20.00,2.17,0.00,2.17,2.22,0.00,2.22,DStar
50,1.57,AllyPrefab,Ally,AllyIdleState,Idling,AgentPrefab,2.22,0.00,2.22,9.00,0.00,17.00,9.00,0.00,17.00,N/A
51,1.60,AgentPrefab,Agent,MoveState,Moving,AllyPrefab,9.00,0.00,17.00,2.22,0.00,2.22,2.22,0.00,2.22,DStar
51,1.60,AgentPrefab,Agent,MoveState,Moving,Goal,20.00,0.00,20.00,2.22,0.00,2.22,2.26,0.00,2.26,DStar
51,1.60,AllyPrefab,Ally,AllyIdleState,Idling,AgentPrefab,2.26,0.00,2.26,9.00,0.00,17.00,9.00,0.00,17.00,N/A
52,1.63,AgentPrefab,Agent,MoveState,Moving,AllyPrefab,9.00,0.00,17.00,2.26,0.00,2.26,2.26,0.00,2.26,DStar
52,1.63,AgentPrefab,Agent,MoveState,Moving,Goal,20.00,0.00,20.00,2.26,0.00,2.26,2.31,0.00,2.31,DStar
52,1.63,AllyPrefab,Ally,AllyIdleState,Idling,AgentPrefab,2.31,0.00,2.31,9.00,0.00,17.00,9.00,0.00,17.00,N/A
53,1.67,AgentPrefab,Agent,MoveState,Moving,AllyPrefab,9.00,0.00,17.00,2.31,0.00,2.31,2.31,0.00,2.31,DStar
53,1.67,AgentPrefab,Agent,MoveState,Moving,Goal,20.00,0.00,20.00,2.31,0.00,2.31,2.36,0.00,2.36,DStar
53,1.67,AllyPrefab,Ally,AllyIdleState,Idling,AgentPrefab,2.36,0.00,2.36,9.00,0.00,17.00,9.00,0.00,17.00,N/A
54,1.70,AgentPrefab,Agent,MoveState,Moving,AllyPrefab,9.00,0.00,17.00,2.36,0.00,2.36,2.36,0.00,2.36,DStar
54,1.70,AgentPrefab,Agent,MoveState,Moving,Goal,20.00,0.00,20.00,2.36,0.00,2.36,2.40,0.00,2.40,DStar
54,1.70,AllyPrefab,Ally,AllyIdleState,Idling,AgentPrefab,2.40,0.00,2.40,9.00,0.00,17.00,9.00,0.00,17.00,N/A
55,1.73,AgentPrefab,Agent,MoveState,Moving,AllyPrefab,9.00,0.00,17.00,2.40,0.00,2.40,2.40,0.00,2.40,DStar
55,1.73,AgentPrefab,Agent,MoveState,Moving,Goal,20.00,0.00,20.00,2.40,0.00,2.40,2.45,0.00,2.45,DStar
55,1.73,AllyPrefab,Ally,AllyIdleState,Idling,AgentPrefab,2.45,0.00,2.45,9.00,0.00,17.00,9.00,0.00,17.00,N/A
56,1.77,AgentPrefab,Agent,MoveState,Moving,AllyPrefab,9.00,0.00,17.00,2.45,0.00,2.45,2.45,0.00,2.45,DStar
56,1.77,AgentPrefab,Agent,MoveState,Moving,Goal,20.00,0.00,20.00,2.45,0.00,2.45,2.50,0.00,2.50,DStar
56,1.77,AllyPrefab,Ally,AllyIdleState,Idling,AgentPrefab,2.50,0.00,2.50,9.00,0.00,17.00,9.00,0.00,17.00,N/A
57,1.80,AgentPrefab,Agent,MoveState,Moving,AllyPrefab,9.00,0.00,17.00,2.50,0.00,2.50,2.50,0.00,2.50,DStar
57,1.80,AgentPrefab,Agent,MoveState,Moving,Goal,20.00,0.00,20.00,2.50,0.00,2.50,2.55,0.00,2.55,DStar
57,1.80,AllyPrefab,Ally,AllyIdleState,Idling,AgentPrefab,2.55,0.00,2.55,9.00,0.00,17.00,9.00,0.00,17.00,N/A
58,1.83,AgentPrefab,Agent,MoveState,Moving,AllyPrefab,9.00,0.00,17.00,2.55,0.00,2.55,2.55,0.00,2.55,DStar
58,1.83,AgentPrefab,Agent,MoveState,Moving,Goal,20.00,0.00,20.00,2.55,0.00,2.55,2.59,0.00,2.59,DStar
58,1.83,AllyPrefab,Ally,AllyIdleState,Idling,AgentPrefab,2.59,0.00,2.59,9.00,0.00,17.00,9.00,0.00,17.00,N/A
59,1.87,AgentPrefab,Agent,MoveState,Moving,AllyPrefab,9.00,0.00,17.00,2.59,0.00,2.59,2.59,0.00,2.59,DStar
59,1.87,AgentPrefab,Agent,MoveState,Moving,Goal,20.00,0.00,20.00,2.59,0.00,2.59,2.64,0.00,2.64,DStar
59,1.87,AllyPrefab,Ally,AllyIdleState,Idling,AgentPrefab,2.64,0.00,2.64,9.00,0.00,17.00,9.00,0.00,17.00,N/A
60,1.90,AgentPrefab,Agent,MoveState,Moving,AllyPrefab,9.00,0.00,17.00,2.64,0.00,2.64,2.64,0.00,2.64,DStar
60,1.90,AgentPrefab,Agent,MoveState,Moving,Goal,20.00,0.00,20.00,2.64,0.00,2.64,2.69,0.00,2.69,DStar
60,1.90,AllyPrefab,Ally,AllyIdleState,Idling,AgentPrefab,2.69,0.00,2.69,9.00,0.00,17.00,9.00,0.00,17.00,N/A
61,1.93,AgentPrefab,Agent,MoveState,Moving,AllyPrefab,9.00,0.00,17.00,2.69,0.00,2.69,2.69,0.00,2.69,DStar
61,1.93,AgentPrefab,Agent,MoveState,Moving,Goal,20.00,0.00,20.00,2.69,0.00,2.69,2.73,0.00,2.73,DStar
61,1.93,AllyPrefab,Ally,AllyIdleState,Idling,AgentPrefab,2.73,0.00,2.73,9.00,0.00,17.00,9.00,0.00,17.00,N/A
62,1.97,AgentPrefab,Agent,MoveState,Moving,AllyPrefab,9.00,0.00,17.00,2.73,0.00,2.73,2.73,0.00,2.73,DStar
62,1.97,AgentPrefab,Agent,MoveState,Moving,Goal,20.00,0.00,20.00,2.73,0.00,2.73,2.78,0.00,2.78,DStar
62,1.97,AllyPrefab,Ally,AllyIdleState,Idling,AgentPrefab,2.78,0.00,2.78,9.00,0.00,17.00,9.00,0.00,17.00,N/A
63,2.00,AgentPrefab,Agent,MoveState,Moving,AllyPrefab,9.00,0.00,17.00,2.78,0.00,2.78,2.78,0.00,2.78,DStar
63,2.00,AgentPrefab,Agent,MoveState,Moving,Goal,20.00,0.00,20.00,2.78,0.00,2.78,2.83,0.00,2.83,DStar
63,2.00,AllyPrefab,Ally,AllyIdleState,Idling,AgentPrefab,2.83,0.00,2.83,9.00,0.00,17.00,9.00,0.00,17.00,N/A
64,2.03,AgentPrefab,Agent,MoveState,Moving,AllyPrefab,9.00,0.00,17.00,2.83,0.00,2.83,2.83,0.00,2.83,DStar
64,2.03,AgentPrefab,Agent,MoveState,Moving,Goal,20.00,0.00,20.00,2.83,0.00,2.83,2.83,0.00,2.83,DStar
64,2.03,AllyPrefab,Ally,AllyIdleState,Idling,AgentPrefab,2.83,0.00,2.83,9.00,0.00,17.00,9.00,0.00,17.00,N/A
65,2.07,AgentPrefab,Agent,MoveState,Moving,AllyPrefab,9.00,0.00,17.00,2.83,0.00,2.83,2.83,0.00,2.83,DStar
65,2.07,AgentPrefab,Agent,MoveState,Moving,Goal,20.00,0.00,20.00,2.83,0.00,2.83,2.88,0.00,2.87,DStar
65,2.07,AllyPrefab,Ally,AllyIdleState,Idling,AgentPrefab,2.88,0.00,2.87,9.00,0.00,17.00,9.00,0.00,17.00,N/A
66,2.10,AgentPrefab,Agent,MoveState,Moving,AllyPrefab,9.00,0.00,17.00,2.88,0.00,2.87,2.88,0.00,2.87,DStar
66,2.10,AgentPrefab,Agent,MoveState,Moving,Goal,20.00,0.00,20.00,2.88,0.00,2.87,2.93,0.00,2.91,DStar
66,2.10,AllyPrefab,Ally,AllyIdleState,Idling,AgentPrefab,2.93,0.00,2.91,9.00,0.00,17.00,9.00,0.00,17.00,N/A
67,2.13,AgentPrefab,Agent,MoveState,Moving,AllyPrefab,9.00,0.00,17.00,2.93,0.00,2.91,2.93,0.00,2.91,DStar
67,2.13,AgentPrefab,Agent,MoveState,Moving,Goal,20.00,0.00,20.00,2.93,0.00,2.91,2.98,0.00,2.96,DStar
67,2.13,AllyPrefab,Ally,AllyIdleState,Idling,AgentPrefab,2.98,0.00,2.96,9.00,0.00,17.00,9.00,0.00,17.00,N/A
68,2.17,AgentPrefab,Agent,MoveState,Moving,AllyPrefab,9.00,0.00,17.00,2.98,0.00,2.96,2.98,0.00,2.96,DStar
68,2.17,AgentPrefab,Agent,MoveState,Moving,Goal,20.00,0.00,20.00,2.98,0.00,2.96,3.03,0.00,3.00,DStar
68,2.17,AllyPrefab,Ally,AllyIdleState,Idling,AgentPrefab,3.03,0.00,3.00,9.00,0.00,17.00,9.00,0.00,17.00,N/A
69,2.20,AgentPrefab,Agent,MoveState,Moving,AllyPrefab,9.00,0.00,17.00,3.03,0.00,3.00,3.03,0.00,3.00,DStar
69,2.20,AgentPrefab,Agent,MoveState,Moving,Goal,20.00,0.00,20.00,3.03,0.00,3.00,3.08,0.00,3.04,DStar
69,2.20,AllyPrefab,Ally,AllyIdleState,Idling,AgentPrefab,3.08,0.00,3.04,9.00,0.00,17.00,9.00,0.00,17.00,N/A
70,2.23,AgentPrefab,Agent,MoveState,Moving,AllyPrefab,9.00,0.00,17.00,3.08,0.00,3.04,3.08,0.00,3.04,DStar
70,2.23,AgentPrefab,Agent,MoveState,Moving,Goal,20.00,0.00,20.00,3.08,0.00,3.04,3.13,0.00,3.09,DStar
70,2.23,AllyPrefab,Ally,AllyIdleState,Idling,AgentPrefab,3.13,0.00,3.09,9.00,0.00,17.00,9.00,0.00,17.00,N/A
71,2.27,AgentPrefab,Agent,MoveState,Moving,AllyPrefab,9.00,0.00,17.00,3.13,0.00,3.09,3.13,0.00,3.09,DStar
71,2.27,AgentPrefab,Agent,MoveState,Moving,Goal,20.00,0.00,20.00,3.13,0.00,3.09,3.19,0.00,3.13,DStar
71,2.27,AllyPrefab,Ally,AllyIdleState,Idling,AgentPrefab,3.19,0.00,3.13,9.00,0.00,17.00,9.00,0.00,17.00,N/A
72,2.30,AgentPrefab,Agent,MoveState,Moving,AllyPrefab,9.00,0.00,17.00,3.19,0.00,3.13,3.19,0.00,3.13,DStar
72,2.30,AgentPrefab,Agent,MoveState,Moving,Goal,20.00,0.00,20.00,3.19,0.00,3.13,3.24,0.00,3.17,DStar
72,2.30,AllyPrefab,Ally,AllyIdleState,Idling,AgentPrefab,3.24,0.00,3.17,9.00,0.00,17.00,9.00,0.00,17.00,N/A
73,2.33,AgentPrefab,Agent,MoveState,Moving,AllyPrefab,9.00,0.00,17.00,3.24,0.00,3.17,3.24,0.00,3.17,DStar
73,2.33,AgentPrefab,Agent,MoveState,Moving,Goal,20.00,0.00,20.00,3.24,0.00,3.17,3.29,0.00,3.21,DStar
73,2.33,AllyPrefab,Ally,AllyIdleState,Idling,AgentPrefab,3.29,0.00,3.21,9.00,0.00,17.00,9.00,0.00,17.00,N/A
74,2.37,AgentPrefab,Agent,MoveState,Moving,AllyPrefab,9.00,0.00,17.00,3.29,0.00,3.21,3.29,0.00,3.21,DStar
74,2.37,AgentPrefab,Agent,MoveState,Moving,Goal,20.00,0.00,20.00,3.29,0.00,3.21,3.34,0.00,3.26,DStar
74,2.37,AllyPrefab,Ally,AllyIdleState,Idling,AgentPrefab,3.34,0.00,3.26,9.00,0.00,17.00,9.00,0.00,17.00,N/A
75,2.40,AgentPrefab,Agent,MoveState,Moving,AllyPrefab,9.00,0.00,17.00,3.34,0.00,3.26,3.34,0.00,3.26,DStar
75,2.40,AgentPrefab,Agent,MoveState,Moving,Goal,20.00,0.00,20.00,3.34,0.00,3.26,3.39,0.00,3.30,DStar
75,2.40,AllyPrefab,Ally,AllyIdleState,Idling,AgentPrefab,3.39,0.00,3.30,9.00,0.00,17.00,9.00,0.00,17.00,N/A
76,2.43,AgentPrefab,Agent,MoveState,Moving,AllyPrefab,9.00,0.00,17.00,3.39,0.00,3.30,3.39,0.00,3.30,DStar
76,2.43,AgentPrefab,Agent,MoveState,Moving,Goal,20.00,0.00,20.00,3.39,0.00,3.30,3.44,0.00,3.34,DStar
76,2.43,AllyPrefab,Ally,AllyIdleState,Idling,AgentPrefab,3.44,0.00,3.34,9.00,0.00,17.00,9.00,0.00,17.00,N/A
77,2.47,AgentPrefab,Agent,MoveState,Moving,AllyPrefab,9.00,0.00,17.00,3.44,0.00,3.34,3.44,0.00,3.34,DStar
77,2.47,AgentPrefab,Agent,MoveState,Moving,Goal,20.00,0.00,20.00,3.44,0.00,3.34,3.49,0.00,3.39,DStar
77,2.47,AllyPrefab,Ally,AllyIdleState,Idling,AgentPrefab,3.49,0.00,3.39,9.00,0.00,17.00,9.00,0.00,17.00,N/A
78,2.50,AgentPrefab,Agent,MoveState,Moving,AllyPrefab,9.00,0.00,17.00,3.49,0.00,3.39,3.49,0.00,3.39,DStar
78,2.50,AgentPrefab,Agent,MoveState,Moving,Goal,20.00,0.00,20.00,3.49,0.00,3.39,3.54,0.00,3.43,DStar
78,2.50,AllyPrefab,Ally,AllyIdleState,Idling,AgentPrefab,3.54,0.00,3.43,9.00,0.00,17.00,9.00,0.00,17.00,N/A
79,2.53,AgentPrefab,Agent,MoveState,Moving,AllyPrefab,9.00,0.00,17.00,3.54,0.00,3.43,3.54,0.00,3.43,DStar
79,2.53,AgentPrefab,Agent,MoveState,Moving,Goal,20.00,0.00,20.00,3.54,0.00,3.43,3.59,0.00,3.47,DStar
79,2.53,AllyPrefab,Ally,AllyIdleState,Idling,AgentPrefab,3.59,0.00,3.47,9.00,0.00,17.00,9.00,0.00,17.00,N/A
80,2.57,AgentPrefab,Agent,MoveState,Moving,AllyPrefab,9.00,0.00,17.00,3.59,0.00,3.47,3.59,0.00,3.47,DStar
80,2.57,AgentPrefab,Agent,MoveState,Moving,Goal,20.00,0.00,20.00,3.59,0.00,3.47,3.64,0.00,3.52,DStar
80,2.57,AllyPrefab,Ally,AllyIdleState,Idling,AgentPrefab,3.64,0.00,3.52,9.00,0.00,17.00,9.00,0.00,17.00,N/A
81,2.60,AgentPrefab,Agent,MoveState,Moving,AllyPrefab,9.00,0.00,17.00,3.64,0.00,3.52,3.64,0.00,3.52,DStar
81,2.60,AgentPrefab,Agent,MoveState,Moving,Goal,20.00,0.00,20.00,3.64,0.00,3.52,3.68,0.00,3.57,DStar
81,2.60,AllyPrefab,Ally,AllyIdleState,Idling,AgentPrefab,3.68,0.00,3.57,9.00,0.00,17.00,9.00,0.00,17.00,N/A
82,2.63,AgentPrefab,Agent,MoveState,Moving,AllyPrefab,9.00,0.00,17.00,3.68,0.00,3.57,3.68,0.00,3.57,DStar
82,2.63,AgentPrefab,Agent,MoveState,Moving,Goal,20.00,0.00,20.00,3.68,0.00,3.57,3.72,0.00,3.62,DStar
82,2.63,AllyPrefab,Ally,AllyIdleState,Idling,AgentPrefab,3.72,0.00,3.62,9.00,0.00,17.00,9.00,0.00,17.00,N/A
83,2.67,AgentPrefab,Agent,MoveState,Moving,AllyPrefab,9.00,0.00,17.00,3.72,0.00,3.62,3.72,0.00,3.62,DStar
83,2.67,AgentPrefab,Agent,MoveState,Moving,Goal,20.00,0.00,20.00,3.72,0.00,3.62,3.77,0.00,3.68,DStar
83,2.67,AllyPrefab,Ally,AllyIdleState,Idling,AgentPrefab,3.77,0.00,3.68,9.00,0.00,17.00,9.00,0.00,17.00,N/A
84,2.70,AgentPrefab,Agent,MoveState,Moving,AllyPrefab,9.00,0.00,17.00,3.77,0.00,3.68,3.77,0.00,3.68,DStar
84,2.70,AgentPrefab,Agent,MoveState,Moving,Goal,20.00,0.00,20.00,3.77,0.00,3.68,3.81,0.00,3.73,DStar
84,2.70,AllyPrefab,Ally,AllyIdleState,Idling,AgentPrefab,3.81,0.00,3.73,9.00,0.00,17.00,9.00,0.00,17.00,N/A
85,2.73,AgentPrefab,Agent,MoveState,Moving,AllyPrefab,9.00,0.00,17.00,3.81,0.00,3.73,3.81,0.00,3.73,DStar
85,2.73,AgentPrefab,Agent,MoveState,Moving,Goal,20.00,0.00,20.00,3.81,0.00,3.73,3.85,0.00,3.78,DStar
85,2.73,AllyPrefab,Ally,AllyIdleState,Idling,AgentPrefab,3.85,0.00,3.78,9.00,0.00,17.00,9.00,0.00,17.00,N/A
86,2.77,AgentPrefab,Agent,MoveState,Moving,AllyPrefab,9.00,0.00,17.00,3.85,0.00,3.78,3.85,0.00,3.78,DStar
86,2.77,AgentPrefab,Agent,MoveState,Moving,Goal,20.00,0.00,20.00,3.85,0.00,3.78,3.89,0.00,3.83,DStar
86,2.77,AllyPrefab,Ally,AllyIdleState,Idling,AgentPrefab,3.89,0.00,3.83,9.00,0.00,17.00,9.00,0.00,17.00,N/A
87,2.80,AgentPrefab,Agent,MoveState,Moving,AllyPrefab,9.00,0.00,17.00,3.89,0.00,3.83,3.89,0.00,3.83,DStar
87,2.80,AgentPrefab,Agent,MoveState,Moving,Goal,20.00,0.00,20.00,3.89,0.00,3.83,3.94,0.00,3.88,DStar
87,2.80,AllyPrefab,Ally,AllyIdleState,Idling,AgentPrefab,3.94,0.00,3.88,9.00,0.00,17.00,9.00,0.00,17.00,N/A
88,2.83,AgentPrefab,Agent,MoveState,Moving,AllyPrefab,9.00,0.00,17.00,3.94,0.00,3.88,3.94,0.00,3.88,DStar
88,2.83,AgentPrefab,Agent,MoveState,Moving,Goal,20.00,0.00,20.00,3.94,0.00,3.88,3.98,0.00,3.93,DStar
88,2.83,AllyPrefab,Ally,AllyIdleState,Idling,AgentPrefab,3.98,0.00,3.93,9.00,0.00,17.00,9.00,0.00,17.00,N/A
89,2.87,AgentPrefab,Agent,MoveState,Moving,AllyPrefab,9.00,0.00,17.00,3.98,0.00,3.93,3.98,0.00,3.93,DStar
89,2.87,AgentPrefab,Agent,MoveState,Moving,Goal,20.00,0.00,20.00,3.98,0.00,3.93,4.02,0.00,3.98,DStar
89,2.87,AllyPrefab,Ally,AllyIdleState,Idling,AgentPrefab,4.02,0.00,3.98,9.00,0.00,17.00,9.00,0.00,17.00,N/A
90,2.90,AgentPrefab,Agent,MoveState,Moving,AllyPrefab,9.00,0.00,17.00,4.02,0.00,3.98,4.02,0.00,3.98,DStar
90,2.90,AgentPrefab,Agent,MoveState,Moving,Goal,20.00,0.00,20.00,4.02,0.00,3.98,4.07,0.00,4.03,DStar
90,2.90,AllyPrefab,Ally,AllyIdleState,Idling,AgentPrefab,4.07,0.00,4.03,9.00,0.00,17.00,9.00,0.00,17.00,N/A
91,2.93,AgentPrefab,Agent,MoveState,Moving,AllyPrefab,9.00,0.00,17.00,4.07,0.00,4.03,4.07,0.00,4.03,DStar
91,2.93,AgentPrefab,Agent,MoveState,Moving,Goal,20.00,0.00,20.00,4.07,0.00,4.03,4.11,0.00,4.08,DStar
91,2.93,AllyPrefab,Ally,AllyIdleState,Idling,AgentPrefab,4.11,0.00,4.08,9.00,0.00,17.00,9.00,0.00,17.00,N/A
92,2.97,AgentPrefab,Agent,MoveState,Moving,AllyPrefab,9.00,0.00,17.00,4.11,0.00,4.08,4.11,0.00,4.08,DStar
92,2.97,AgentPrefab,Agent,MoveState,Moving,Goal,20.00,0.00,20.00,4.11,0.00,4.08,4.15,0.00,4.14,DStar
92,2.97,AllyPrefab,Ally,AllyIdleState,Idling,AgentPrefab,4.15,0.00,4.14,9.00,0.00,17.00,9.00,0.00,17.00,N/A
93,3.00,AgentPrefab,Agent,MoveState,Moving,AllyPrefab,9.00,0.00,17.00,4.15,0.00,4.14,4.15,0.00,4.14,DStar
93,3.00,AgentPrefab,Agent,MoveState,Moving,Goal,20.00,0.00,20.00,4.15,0.00,4.14,4.19,0.00,4.19,DStar
93,3.00,AllyPrefab,Ally,AllyIdleState,Idling,AgentPrefab,4.19,0.00,4.19,9.00,0.00,17.00,9.00,0.00,17.00,N/A
94,3.03,AgentPrefab,Agent,MoveState,Moving,AllyPrefab,9.00,0.00,17.00,4.19,0.00,4.19,4.19,0.00,4.19,DStar
94,3.03,AgentPrefab,Agent,MoveState,Moving,Goal,20.00,0.00,20.00,4.19,0.00,4.19,4.24,0.00,4.24,DStar
94,3.03,AllyPrefab,Ally,AllyIdleState,Idling,AgentPrefab,4.24,0.00,4.24,9.00,0.00,17.00,9.00,0.00,17.00,N/A
95,3.07,AgentPrefab,Agent,MoveState,Moving,AllyPrefab,9.00,0.00,17.00,4.24,0.00,4.24,4.24,0.00,4.24,DStar
95,3.07,AgentPrefab,Agent,MoveState,Moving,Goal,20.00,0.00,20.00,4.24,0.00,4.24,4.28,0.00,4.28,DStar
95,3.07,AllyPrefab,Ally,AllyIdleState,Idling,AgentPrefab,4.28,0.00,4.28,9.00,0.00,17.00,9.00,0.00,17.00,N/A
96,3.10,AgentPrefab,Agent,MoveState,Moving,AllyPrefab,9.00,0.00,17.00,4.28,0.00,4.28,4.28,0.00,4.28,DStar
96,3.10,AgentPrefab,Agent,MoveState,Moving,Goal,20.00,0.00,20.00,4.28,0.00,4.28,4.33,0.00,4.33,DStar
96,3.10,AllyPrefab,Ally,AllyIdleState,Idling,AgentPrefab,4.33,0.00,4.33,9.00,0.00,17.00,9.00,0.00,17.00,N/A
97,3.13,AgentPrefab,Agent,MoveState,Moving,AllyPrefab,9.00,0.00,17.00,4.33,0.00,4.33,4.33,0.00,4.33,DStar
97,3.13,AgentPrefab,Agent,MoveState,Moving,Goal,20.00,0.00,20.00,4.33,0.00,4.33,4.38,0.00,4.38,DStar
97,3.13,AllyPrefab,Ally,AllyIdleState,Idling,AgentPrefab,4.38,0.00,4.38,9.00,0.00,17.00,9.00,0.00,17.00,N/A
98,3.17,AgentPrefab,Agent,MoveState,Moving,AllyPrefab,9.00,0.00,17.00,4.38,0.00,4.38,4.38,0.00,4.38,DStar
98,3.17,AgentPrefab,Agent,MoveState,Moving,Goal,20.00,0.00,20.00,4.38,0.00,4.38,4.43,0.00,4.43,DStar
98,3.17,AllyPrefab,Ally,AllyIdleState,Idling,AgentPrefab,4.43,0.00,4.43,9.00,0.00,17.00,9.00,0.00,17.00,N/A
99,3.20,AgentPrefab,Agent,MoveState,Moving,AllyPrefab,9.00,0.00,17.00,4.43,0.00,4.43,4.43,0.00,4.43,DStar
99,3.20,AgentPrefab,Agent,MoveState,Moving,Goal,20.00,0.00,20.00,4.43,0.00,4.43,4.47,0.00,4.47,DStar
99,3.20,AllyPrefab,Ally,AllyIdleState,Idling,AgentPrefab,4.47,0.00,4.47,9.00,0.00,17.00,9.00,0.00,17.00,N/A
100,3.23,AgentPrefab,Agent,MoveState,Moving,AllyPrefab,9.00,0.00,17.00,4.47,0.00,4.47,4.47,0.00,4.47,DStar
100,3.23,AgentPrefab,Agent,MoveState,Moving,Goal,20.00,0.00,20.00,4.47,0.00,4.47,4.52,0.00,4.52,DStar
100,3.23,AllyPrefab,Ally,AllyIdleState,Idling,AgentPrefab,4.52,0.00,4.52,9.00,0.00,17.00,9.00,0.00,17.00,N/A
101,3.27,AgentPrefab,Agent,MoveState,Moving,AllyPrefab,9.00,0.00,17.00,4.52,0.00,4.52,4.52,0.00,4.52,DStar
101,3.27,AgentPrefab,Agent,MoveState,Moving,Goal,20.00,0.00,20.00,4.52,0.00,4.52,4.57,0.00,4.57,DStar
101,3.27,AllyPrefab,Ally,AllyIdleState,Idling,AgentPrefab,4.57,0.00,4.57,9.00,0.00,17.00,9.00,0.00,17.00,N/A
102,3.30,AgentPrefab,Agent,MoveState,Moving,AllyPrefab,9.00,0.00,17.00,4.57,0.00,4.57,4.57,0.00,4.57,DStar
102,3.30,AgentPrefab,Agent,MoveState,Moving,Goal,20.00,0.00,20.00,4.57,0.00,4.57,4.61,0.00,4.61,DStar
102,3.30,AllyPrefab,Ally,AllyIdleState,Idling,AgentPrefab,4.61,0.00,4.61,9.00,0.00,17.00,9.00,0.00,17.00,N/A
103,3.33,AgentPrefab,Agent,MoveState,Moving,AllyPrefab,9.00,0.00,17.00,4.61,0.00,4.61,4.61,0.00,4.61,DStar
103,3.33,AgentPrefab,Agent,MoveState,Moving,Goal,20.00,0.00,20.00,4.61,0.00,4.61,4.66,0.00,4.66,DStar
103,3.33,AllyPrefab,Ally,AllyIdleState,Idling,AgentPrefab,4.66,0.00,4.66,9.00,0.00,17.00,9.00,0.00,17.00,N/A
104,3.37,AgentPrefab,Agent,MoveState,Moving,AllyPrefab,9.00,0.00,17.00,4.66,0.00,4.66,4.66,0.00,4.66,DStar
104,3.37,AgentPrefab,Agent,MoveState,Moving,Goal,20.00,0.00,20.00,4.66,0.00,4.66,4.71,0.00,4.71,DStar
104,3.37,AllyPrefab,Ally,AllyIdleState,Idling,AgentPrefab,4.71,0.00,4.71,9.00,0.00,17.00,9.00,0.00,17.00,N/A
105,3.40,AgentPrefab,Agent,MoveState,Moving,AllyPrefab,9.00,0.00,17.00,4.71,0.00,4.71,4.71,0.00,4.71,DStar
105,3.40,AgentPrefab,Agent,MoveState,Moving,Goal,20.00,0.00,20.00,4.71,0.00,4.71,4.76,0.00,4.76,DStar
105,3.40,AllyPrefab,Ally,AllyIdleState,Idling,AgentPrefab,4.76,0.00,4.76,9.00,0.00,17.00,9.00,0.00,17.00,N/A
106,3.43,AgentPrefab,Agent,MoveState,Moving,AllyPrefab,9.00,0.00,17.00,4.76,0.00,4.76,4.76,0.00,4.76,DStar
106,3.43,AgentPrefab,Agent,MoveState,Moving,Goal,20.00,0.00,20.00,4.76,0.00,4.76,4.80,0.00,4.80,DStar
106,3.43,AllyPrefab,Ally,AllyIdleState,Idling,AgentPrefab,4.80,0.00,4.80,9.00,0.00,17.00,9.00,0.00,17.00,N/A
107,3.47,AgentPrefab,Agent,MoveState,Moving,AllyPrefab,9.00,0.00,17.00,4.80,0.00,4.80,4.80,0.00,4.80,DStar
107,3.47,AgentPrefab,Agent,MoveState,Moving,Goal,20.00,0.00,20.00,4.80,0.00,4.80,4.85,0.00,4.85,DStar
107,3.47,AllyPrefab,Ally,AllyIdleState,Idling,AgentPrefab,4.85,0.00,4.85,9.00,0.00,17.00,9.00,0.00,17.00,N/A
108,3.50,AgentPrefab,Agent,MoveState,Moving,AllyPrefab,9.00,0.00,17.00,4.85,0.00,4.85,4.85,0.00,4.85,DStar
108,3.50,AgentPrefab,Agent,MoveState,Moving,Goal,20.00,0.00,20.00,4.85,0.00,4.85,4.90,0.00,4.90,DStar
108,3.50,AllyPrefab,Ally,AllyIdleState,Idling,AgentPrefab,4.90,0.00,4.90,9.00,0.00,17.00,9.00,0.00,17.00,N/A
109,3.53,AgentPrefab,Agent,MoveState,Moving,AllyPrefab,9.00,0.00,17.00,4.90,0.00,4.90,4.90,0.00,4.90,DStar
109,3.53,AgentPrefab,Agent,MoveState,Moving,Goal,20.00,0.00,20.00,4.90,0.00,4.90,4.94,0.00,4.94,DStar
109,3.53,AllyPrefab,Ally,AllyIdleState,Idling,AgentPrefab,4.94,0.00,4.94,9.00,0.00,17.00,9.00,0.00,17.00,N/A
110,3.57,AgentPrefab,Agent,MoveState,Moving,AllyPrefab,9.00,0.00,17.00,4.94,0.00,4.94,4.94,0.00,4.94,DStar
110,3.57,AgentPrefab,Agent,MoveState,Moving,Goal,20.00,0.00,20.00,4.94,0.00,4.94,4.99,0.00,4.99,DStar
110,3.57,AllyPrefab,Ally,AllyIdleState,Idling,AgentPrefab,4.99,0.00,4.99,9.00,0.00,17.00,9.00,0.00,17.00,N/A
111,3.60,AgentPrefab,Agent,MoveState,Moving,AllyPrefab,9.00,0.00,17.00,4.99,0.00,4.99,4.99,0.00,4.99,DStar
111,3.60,AgentPrefab,Agent,MoveState,Moving,Goal,20.00,0.00,20.00,4.99,0.00,4.99,5.04,0.00,5.04,DStar
111,3.60,AllyPrefab,Ally,AllyIdleState,Idling,AgentPrefab,5.04,0.00,5.04,9.00,0.00,17.00,9.00,0.00,17.00,N/A
112,3.63,AgentPrefab,Agent,MoveState,Moving,AllyPrefab,9.00,0.00,17.00,5.04,0.00,5.04,5.04,0.00,5.04,DStar
112,3.63,AgentPrefab,Agent,MoveState,Moving,Goal,20.00,0.00,20.00,5.04,0.00,5.04,5.09,0.00,5.09,DStar
112,3.63,AllyPrefab,Ally,AllyIdleState,Idling,AgentPrefab,5.09,0.00,5.09,9.00,0.00,17.00,9.00,0.00,17.00,N/A
113,3.67,AgentPrefab,Agent,MoveState,Moving,AllyPrefab,9.00,0.00,17.00,5.09,0.00,5.09,5.09,0.00,5.09,DStar
113,3.67,AgentPrefab,Agent,MoveState,Moving,Goal,20.00,0.00,20.00,5.09,0.00,5.09,5.13,0.00,5.13,DStar
113,3.67,AllyPrefab,Ally,AllyIdleState,Idling,AgentPrefab,5.13,0.00,5.13,9.00,0.00,17.00,9.00,0.00,17.00,N/A
114,3.70,AgentPrefab,Agent,MoveState,Moving,AllyPrefab,9.00,0.00,17.00,5.13,0.00,5.13,5.13,0.00,5.13,DStar
114,3.70,AgentPrefab,Agent,MoveState,Moving,Goal,20.00,0.00,20.00,5.13,0.00,5.13,5.18,0.00,5.18,DStar
114,3.70,AllyPrefab,Ally,AllyIdleState,Idling,AgentPrefab,5.18,0.00,5.18,9.00,0.00,17.00,9.00,0.00,17.00,N/A
115,3.73,AgentPrefab,Agent,MoveState,Moving,AllyPrefab,9.00,0.00,17.00,5.18,0.00,5.18,5.18,0.00,5.18,DStar
115,3.73,AgentPrefab,Agent,MoveState,Moving,Goal,20.00,0.00,20.00,5.18,0.00,5.18,5.23,0.00,5.23,DStar
115,3.73,AllyPrefab,Ally,AllyIdleState,Idling,AgentPrefab,5.23,0.00,5.23,9.00,0.00,17.00,9.00,0.00,17.00,N/A
116,3.77,AgentPrefab,Agent,MoveState,Moving,AllyPrefab,9.00,0.00,17.00,5.23,0.00,5.23,5.23,0.00,5.23,DStar
116,3.77,AgentPrefab,Agent,MoveState,Moving,Goal,20.00,0.00,20.00,5.23,0.00,5.23,5.27,0.00,5.27,DStar
116,3.77,AllyPrefab,Ally,AllyIdleState,Idling,AgentPrefab,5.27,0.00,5.27,9.00,0.00,17.00,9.00,0.00,17.00,N/A
117,3.80,AgentPrefab,Agent,MoveState,Moving,AllyPrefab,9.00,0.00,17.00,5.27,0.00,5.27,5.27,0.00,5.27,DStar
117,3.80,AgentPrefab,Agent,MoveState,Moving,Goal,20.00,0.00,20.00,5.27,0.00,5.27,5.32,0.00,5.32,DStar
117,3.80,AllyPrefab,Ally,AllyIdleState,Idling,AgentPrefab,5.32,0.00,5.32,9.00,0.00,17.00,9.00,0.00,17.00,N/A
118,3.83,AgentPrefab,Agent,MoveState,Moving,AllyPrefab,9.00,0.00,17.00,5.32,0.00,5.32,5.32,0.00,5.32,DStar
118,3.83,AgentPrefab,Agent,MoveState,Moving,Goal,20.00,0.00,20.00,5.32,0.00,5.32,5.37,0.00,5.37,DStar
118,3.83,AllyPrefab,Ally,AllyIdleState,Idling,AgentPrefab,5.37,0.00,5.37,9.00,0.00,17.00,9.00,0.00,17.00,N/A
119,3.87,AgentPrefab,Agent,MoveState,Moving,AllyPrefab,9.00,0.00,17.00,5.37,0.00,5.37,5.37,0.00,5.37,DStar
119,3.87,AgentPrefab,Agent,MoveState,Moving,Goal,20.00,0.00,20.00,5.37,0.00,5.37,5.42,0.00,5.42,DStar
119,3.87,AllyPrefab,Ally,AllyIdleState,Idling,AgentPrefab,5.42,0.00,5.42,9.00,0.00,17.00,9.00,0.00,17.00,N/A
120,3.90,AgentPrefab,Agent,MoveState,Moving,AllyPrefab,9.00,0.00,17.00,5.42,0.00,5.42,5.42,0.00,5.42,DStar
120,3.90,AgentPrefab,Agent,MoveState,Moving,Goal,20.00,0.00,20.00,5.42,0.00,5.42,5.46,0.00,5.46,DStar
120,3.90,AllyPrefab,Ally,AllyIdleState,Idling,AgentPrefab,5.46,0.00,5.46,9.00,0.00,17.00,9.00,0.00,17.00,N/A
121,3.93,AgentPrefab,Agent,MoveState,Moving,AllyPrefab,9.00,0.00,17.00,5.46,0.00,5.46,5.46,0.00,5.46,DStar
121,3.93,AgentPrefab,Agent,MoveState,Moving,Goal,20.00,0.00,20.00,5.46,0.00,5.46,5.51,0.00,5.51,DStar
121,3.93,AllyPrefab,Ally,AllyIdleState,Idling,AgentPrefab,5.51,0.00,5.51,9.00,0.00,17.00,9.00,0.00,17.00,N/A
122,3.97,AgentPrefab,Agent,MoveState,Moving,AllyPrefab,9.00,0.00,17.00,5.51,0.00,5.51,5.51,0.00,5.51,DStar
122,3.97,AgentPrefab,Agent,MoveState,Moving,Goal,20.00,0.00,20.00,5.51,0.00,5.51,5.56,0.00,5.56,DStar
122,3.97,AllyPrefab,Ally,AllyIdleState,Idling,AgentPrefab,5.56,0.00,5.56,9.00,0.00,17.00,9.00,0.00,17.00,N/A
123,4.00,AgentPrefab,Agent,MoveState,Moving,AllyPrefab,9.00,0.00,17.00,5.56,0.00,5.56,5.56,0.00,5.56,DStar
123,4.00,AgentPrefab,Agent,MoveState,Moving,Goal,20.00,0.00,20.00,5.56,0.00,5.56,5.60,0.00,5.60,DStar
123,4.00,AllyPrefab,Ally,AllyIdleState,Idling,AgentPrefab,5.60,0.00,5.60,9.00,0.00,17.00,9.00,0.00,17.00,N/A
124,4.03,AgentPrefab,Agent,MoveState,Moving,AllyPrefab,9.00,0.00,17.00,5.60,0.00,5.60,5.60,0.00,5.60,DStar
124,4.03,AgentPrefab,Agent,MoveState,Moving,Goal,20.00,0.00,20.00,5.60,0.00,5.60,5.65,0.00,5.65,DStar
124,4.03,AllyPrefab,Ally,AllyIdleState,Idling,AgentPrefab,5.65,0.00,5.65,9.00,0.00,17.00,9.00,0.00,17.00,N/A
125,4.07,AgentPrefab,Agent,MoveState,Moving,AllyPrefab,9.00,0.00,17.00,5.65,0.00,5.65,5.65,0.00,5.65,DStar
125,4.07,AgentPrefab,Agent,MoveState,Moving,Goal,20.00,0.00,20.00,5.65,0.00,5.65,5.65,0.00,5.65,DStar
125,4.07,AllyPrefab,Ally,AllyIdleState,Idling,AgentPrefab,5.65,0.00,5.65,9.00,0.00,17.00,9.00,0.00,17.00,N/A
126,4.10,AgentPrefab,Agent,MoveState,Moving,AllyPrefab,9.00,0.00,17.00,5.65,0.00,5.65,5.65,0.00,5.65,DStar
126,4.10,AgentPrefab,Agent,MoveState,Moving,Goal,20.00,0.00,20.00,5.65,0.00,5.65,5.65,0.00,5.65,DStar
126,4.10,AllyPrefab,Ally,AllyIdleState,Idling,AgentPrefab,5.65,0.00,5.65,9.00,0.00,17.00,9.00,0.00,17.00,N/A
127,4.13,AgentPrefab,Agent,MoveState,Moving,AllyPrefab,9.00,0.00,17.00,5.65,0.00,5.65,5.65,0.00,5.65,DStar
127,4.13,AgentPrefab,Agent,MoveState,Moving,Goal,20.00,0.00,20.00,5.65,0.00,5.65,5.65,0.00,5.65,DStar
127,4.13,AllyPrefab,Ally,AllyIdleState,Idling,AgentPrefab,5.65,0.00,5.65,9.00,0.00,17.00,9.00,0.00,17.00,N/A
128,4.17,AgentPrefab,Agent,MoveState,Moving,AllyPrefab,9.00,0.00,17.00,5.65,0.00,5.65,5.65,0.00,5.65,DStar
128,4.17,AgentPrefab,Agent,MoveState,Moving,Goal,20.00,0.00,20.00,5.65,0.00,5.65,5.65,0.00,5.65,DStar
128,4.17,AllyPrefab,Ally,AllyIdleState,Idling,AgentPrefab,5.65,0.00,5.65,9.00,0.00,17.00,9.00,0.00,17.00,N/A
129,4.20,AgentPrefab,Agent,MoveState,Moving,AllyPrefab,9.00,0.00,17.00,5.65,0.00,5.65,5.65,0.00,5.65,DStar
129,4.20,AgentPrefab,Agent,MoveState,Moving,Goal,20.00,0.00,20.00,5.65,0.00,5.65,5.65,0.00,5.65,DStar
129,4.20,AllyPrefab,Ally,AllyIdleState,Idling,AgentPrefab,5.65,0.00,5.65,9.00,0.00,17.00,9.00,0.00,17.00,N/A
130,4.23,AgentPrefab,Agent,MoveState,Moving,AllyPrefab,9.00,0.00,17.00,5.65,0.00,5.65,5.65,0.00,5.65,DStar
130,4.23,AgentPrefab,Agent,MoveState,Moving,Goal,20.00,0.00,20.00,5.65,0.00,5.65,5.65,0.00,5.65,DStar
130,4.23,AllyPrefab,Ally,AllyIdleState,Idling,AgentPrefab,5.65,0.00,5.65,9.00,0.00,17.00,9.00,0.00,17.00,N/A
131,4.27,AgentPrefab,Agent,MoveState,Moving,AllyPrefab,9.00,0.00,17.00,5.65,0.00,5.65,5.65,0.00,5.65,DStar
131,4.27,AgentPrefab,Agent,MoveState,Moving,Goal,20.00,0.00,20.00,5.65,0.00,5.65,5.65,0.00,5.65,DStar
131,4.27,AllyPrefab,Ally,AllyIdleState,Idling,AgentPrefab,5.65,0.00,5.65,9.00,0.00,17.00,9.00,0.00,17.00,N/A
132,4.30,AgentPrefab,Agent,MoveState,Moving,AllyPrefab,9.00,0.00,17.00,5.65,0.00,5.65,5.65,0.00,5.65,DStar
132,4.30,AgentPrefab,Agent,MoveState,Moving,Goal,20.00,0.00,20.00,5.65,0.00,5.65,5.65,0.00,5.65,DStar
132,4.30,AllyPrefab,Ally,AllyIdleState,Idling,AgentPrefab,5.65,0.00,5.65,9.00,0.00,17.00,9.00,0.00,17.00,N/A
133,4.33,AgentPrefab,Agent,MoveState,Moving,AllyPrefab,9.00,0.00,17.00,5.65,0.00,5.65,5.65,0.00,5.65,DStar
133,4.33,AgentPrefab,Agent,MoveState,Moving,Goal,20.00,0.00,20.00,5.65,0.00,5.65,5.65,0.00,5.65,DStar
133,4.33,AllyPrefab,Ally,AllyIdleState,Idling,AgentPrefab,5.65,0.00,5.65,9.00,0.00,17.00,9.00,0.00,17.00,N/A
134,4.37,AgentPrefab,Agent,MoveState,Moving,AllyPrefab,9.00,0.00,17.00,5.65,0.00,5.65,5.65,0.00,5.65,DStar
134,4.37,AgentPrefab,Agent,MoveState,Moving,Goal,20.00,0.00,20.00,5.65,0.00,5.65,5.65,0.00,5.65,DStar
134,4.37,AllyPrefab,Ally,AllyIdleState,Idling,AgentPrefab,5.65,0.00,5.65,9.00,0.00,17.00,9.00,0.00,17.00,N/A
135,4.40,AgentPrefab,Agent,MoveState,Moving,AllyPrefab,9.00,0.00,17.00,5.65,0.00,5.65,5.65,0.00,5.65,DStar
135,4.40,AgentPrefab,Agent,MoveState,Moving,Goal,20.00,0.00,20.00,5.65,0.00,5.65,5.65,0.00,5.65,DStar
135,4.40,AllyPrefab,Ally,AllyIdleState,Idling,AgentPrefab,5.65,0.00,5.65,9.00,0.00,17.00,9.00,0.00,17.00,N/A
136,4.43,AgentPrefab,Agent,MoveState,Moving,AllyPrefab,9.00,0.00,17.00,5.65,0.00,5.65,5.65,0.00,5.65,DStar
136,4.43,AgentPrefab,Agent,MoveState,Moving,Goal,20.00,0.00,20.00,5.65,0.00,5.65,5.65,0.00,5.65,DStar
136,4.43,AllyPrefab,Ally,AllyIdleState,Idling,AgentPrefab,5.65,0.00,5.65,9.00,0.00,17.00,9.00,0.00,17.00,N/A
137,4.47,AgentPrefab,Agent,MoveState,Moving,AllyPrefab,9.00,0.00,17.00,5.65,0.00,5.65,5.65,0.00,5.65,DStar
137,4.47,AgentPrefab,Agent,MoveState,Moving,Goal,20.00,0.00,20.00,5.65,0.00,5.65,5.65,0.00,5.65,DStar
137,4.47,AllyPrefab,Ally,AllyIdleState,Idling,AgentPrefab,5.65,0.00,5.65,9.00,0.00,17.00,9.00,0.00,17.00,N/A
138,4.50,AgentPrefab,Agent,MoveState,Moving,AllyPrefab,9.00,0.00,17.00,5.65,0.00,5.65,5.65,0.00,5.65,DStar
138,4.50,AgentPrefab,Agent,MoveState,Moving,Goal,20.00,0.00,20.00,5.65,0.00,5.65,5.65,0.00,5.65,DStar
138,4.50,AllyPrefab,Ally,AllyIdleState,Idling,AgentPrefab,5.65,0.00,5.65,9.00,0.00,17.00,9.00,0.00,17.00,N/A
139,4.53,AgentPrefab,Agent,MoveState,Moving,AllyPrefab,9.00,0.00,17.00,5.65,0.00,5.65,5.65,0.00,5.65,DStar
139,4.53,AgentPrefab,Agent,MoveState,Moving,Goal,20.00,0.00,20.00,5.65,0.00,5.65,5.65,0.00,5.65,DStar
139,4.53,AllyPrefab,Ally,AllyIdleState,Idling,AgentPrefab,5.65,0.00,5.65,9.00,0.00,17.00,9.00,0.00,17.00,N/A
140,4.57,AgentPrefab,Agent,MoveState,Moving,AllyPrefab,9.00,0.00,17.00,5.65,0.00,5.65,5.65,0.00,5.65,DStar
140,4.57,AgentPrefab,Agent,MoveState,Moving,Goal,20.00,0.00,20.00,5.65,0.00,5.65,5.65,0.00,5.65,DStar
140,4.57,AllyPrefab,Ally,AllyIdleState,Idling,AgentPrefab,5.65,0.00,5.65,9.00,0.00,17.00,9.00,0.00,17.00,N/A
141,4.60,AgentPrefab,Agent,MoveState,Moving,AllyPrefab,9.00,0.00,17.00,5.65,0.00,5.65,5.65,0.00,5.65,DStar
141,4.60,AgentPrefab,Agent,MoveState,Moving,Goal,20.00,0.00,20.00,5.65,0.00,5.65,5.65,0.00,5.65,DStar
141,4.60,AllyPrefab,Ally,AllyIdleState,Idling,AgentPrefab,5.65,0.00,5.65,9.00,0.00,17.00,9.00,0.00,17.00,N/A
142,4.63,AgentPrefab,Agent,MoveState,Moving,AllyPrefab,9.00,0.00,17.00,5.65,0.00,5.65,5.65,0.00,5.65,DStar
142,4.63,AgentPrefab,Agent,MoveState,Moving,Goal,20.00,0.00,20.00,5.65,0.00,5.65,5.65,0.00,5.65,DStar
142,4.63,AllyPrefab,Ally,AllyIdleState,Idling,AgentPrefab,5.65,0.00,5.65,9.00,0.00,17.00,9.00,0.00,17.00,N/A
143,4.67,AgentPrefab,Agent,MoveState,Moving,AllyPrefab,9.00,0.00,17.00,5.65,0.00,5.65,5.65,0.00,5.65,DStar
143,4.67,AgentPrefab,Agent,MoveState,Moving,Goal,20.00,0.00,20.00,5.65,0.00,5.65,5.65,0.00,5.65,DStar
143,4.67,AllyPrefab,Ally,AllyIdleState,Idling,AgentPrefab,5.65,0.00,5.65,9.00,0.00,17.00,9.00,0.00,17.00,N/A
144,4.70,AgentPrefab,Agent,MoveState,Moving,AllyPrefab,9.00,0.00,17.00,5.65,0.00,5.65,5.65,0.00,5.65,DStar
144,4.70,AgentPrefab,Agent,MoveState,Moving,Goal,20.00,0.00,20.00,5.65,0.00,5.65,5.65,0.00,5.65,DStar
144,4.70,AllyPrefab,Ally,AllyIdleState,Idling,AgentPrefab,5.65,0.00,5.65,9.00,0.00,17.00,9.00,0.00,17.00,N/A
145,4.73,AgentPrefab,Agent,MoveState,Moving,AllyPrefab,9.00,0.00,17.00,5.65,0.00,5.65,5.65,0.00,5.65,DStar
145,4.73,AgentPrefab,Agent,MoveState,Moving,Goal,20.00,0.00,20.00,5.65,0.00,5.65,5.65,0.00,5.65,DStar
145,4.73,AllyPrefab,Ally,AllyIdleState,Idling,AgentPrefab,5.65,0.00,5.65,9.00,0.00,17.00,9.00,0.00,17.00,N/A
146,4.77,AgentPrefab,Agent,MoveState,Moving,AllyPrefab,9.00,0.00,17.00,5.65,0.00,5.65,5.65,0.00,5.65,DStar
146,4.77,AgentPrefab,Agent,MoveState,Moving,Goal,20.00,0.00,20.00,5.65,0.00,5.65,5.65,0.00,5.65,DStar
146,4.77,AllyPrefab,Ally,AllyIdleState,Idling,AgentPrefab,5.65,0.00,5.65,9.00,0.00,17.00,9.00,0.00,17.00,N/A
147,4.80,AgentPrefab,Agent,MoveState,Moving,AllyPrefab,9.00,0.00,17.00,5.65,0.00,5.65,5.65,0.00,5.65,DStar
147,4.80,AgentPrefab,Agent,MoveState,Moving,Goal,20.00,0.00,20.00,5.65,0.00,5.65,5.65,0.00,5.65,DStar
147,4.80,AllyPrefab,Ally,AllyIdleState,Idling,AgentPrefab,5.65,0.00,5.65,9.00,0.00,17.00,9.00,0.00,17.00,N/A
148,4.83,AgentPrefab,Agent,MoveState,Moving,AllyPrefab,9.00,0.00,17.00,5.65,0.00,5.65,5.65,0.00,5.65,DStar
148,4.83,AgentPrefab,Agent,MoveState,Moving,Goal,20.00,0.00,20.00,5.65,0.00,5.65,5.65,0.00,5.65,DStar
148,4.83,AllyPrefab,Ally,AllyIdleState,Idling,AgentPrefab,5.65,0.00,5.65,9.00,0.00,17.00,9.00,0.00,17.00,N/A
149,4.87,AgentPrefab,Agent,MoveState,Moving,AllyPrefab,9.00,0.00,17.00,5.65,0.00,5.65,5.65,0.00,5.65,DStar
149,4.87,AgentPrefab,Agent,MoveState,Moving,Goal,20.00,0.00,20.00,5.65,0.00,5.65,5.65,0.00,5.65,DStar
149,4.87,AllyPrefab,Ally,AllyIdleState,Idling,AgentPrefab,5.65,0.00,5.65,9.00,0.00,17.00,9.00,0.00,17.00,N/A
150,4.90,AgentPrefab,Agent,MoveState,Moving,AllyPrefab,9.00,0.00,17.00,5.65,0.00,5.65,5.65,0.00,5.65,DStar
150,4.90,AgentPrefab,Agent,MoveState,Moving,Goal,20.00,0.00,20.00,5.65,0.00,5.65,5.65,0.00,5.65,DStar
150,4.90,AllyPrefab,Ally,AllyIdleState,Idling,AgentPrefab,5.65,0.00,5.65,9.00,0.00,17.00,9.00,0.00,17.00,N/A
151,4.93,AgentPrefab,Agent,MoveState,Moving,AllyPrefab,9.00,0.00,17.00,5.65,0.00,5.65,5.65,0.00,5.65,DStar
151,4.93,AgentPrefab,Agent,MoveState,Moving,Goal,20.00,0.00,20.00,5.65,0.00,5.65,5.65,0.00,5.65,DStar
151,4.93,AllyPrefab,Ally,AllyIdleState,Idling,AgentPrefab,5.65,0.00,5.65,9.00,0.00,17.00,9.00,0.00,17.00,N/A
152,4.97,AgentPrefab,Agent,MoveState,Moving,AllyPrefab,9.00,0.00,17.00,5.65,0.00,5.65,5.65,0.00,5.65,DStar
152,4.97,AgentPrefab,Agent,MoveState,Moving,Goal,20.00,0.00,20.00,5.65,0.00,5.65,5.65,0.00,5.65,DStar
152,4.97,AllyPrefab,Ally,AllyIdleState,Idling,AgentPrefab,5.65,0.00,5.65,9.00,0.00,17.00,9.00,0.00,17.00,N/A
153,5.00,AgentPrefab,Agent,MoveState,Moving,AllyPrefab,9.00,0.00,17.00,5.65,0.00,5.65,5.65,0.00,5.65,DStar
153,5.00,AgentPrefab,Agent,MoveState,Moving,Goal,20.00,0.00,20.00,5.65,0.00,5.65,5.65,0.00,5.65,DStar
153,5.00,AllyPrefab,Ally,AllyIdleState,Idling,AgentPrefab,5.65,0.00,5.65,9.00,0.00,17.00,9.00,0.00,17.00,N/A
154,5.03,AgentPrefab,Agent,MoveState,Moving,AllyPrefab,9.00,0.00,17.00,5.65,0.00,5.65,5.65,0.00,5.65,DStar
154,5.03,AgentPrefab,Agent,MoveState,Moving,Goal,20.00,0.00,20.00,5.65,0.00,5.65,5.65,0.00,5.65,DStar
154,5.03,AllyPrefab,Ally,AllyIdleState,Idling,AgentPrefab,5.65,0.00,5.65,9.00,0.00,17.00,9.00,0.00,17.00,N/A
155,5.07,AgentPrefab,Agent,MoveState,Moving,AllyPrefab,9.00,0.00,17.00,5.65,0.00,5.65,5.65,0.00,5.65,DStar
155,5.07,AgentPrefab,Agent,MoveState,Moving,Goal,20.00,0.00,20.00,5.65,0.00,5.65,5.65,0.00,5.65,DStar
155,5.07,AllyPrefab,Ally,AllyIdleState,Idling,AgentPrefab,5.65,0.00,5.65,9.00,0.00,17.00,9.00,0.00,17.00,N/A
156,5.10,AgentPrefab,Agent,MoveState,Moving,AllyPrefab,9.00,0.00,17.00,5.65,0.00,5.65,5.65,0.00,5.65,DStar
156,5.10,AgentPrefab,Agent,MoveState,Moving,Goal,20.00,0.00,20.00,5.65,0.00,5.65,5.65,0.00,5.65,DStar
156,5.10,AllyPrefab,Ally,AllyIdleState,Idling,AgentPrefab,5.65,0.00,5.65,9.00,0.00,17.00,9.00,0.00,17.00,N/A
157,5.13,AgentPrefab,Agent,MoveState,Moving,AllyPrefab,9.00,0.00,17.00,5.65,0.00,5.65,5.65,0.00,5.65,DStar
157,5.13,AgentPrefab,Agent,MoveState,Moving,Goal,20.00,0.00,20.00,5.65,0.00,5.65,5.65,0.00,5.65,DStar
157,5.13,AllyPrefab,Ally,AllyIdleState,Idling,AgentPrefab,5.65,0.00,5.65,9.00,0.00,17.00,9.00,0.00,17.00,N/A
158,5.17,AgentPrefab,Agent,MoveState,Moving,AllyPrefab,9.00,0.00,17.00,5.65,0.00,5.65,5.65,0.00,5.65,DStar
158,5.17,AgentPrefab,Agent,MoveState,Moving,Goal,20.00,0.00,20.00,5.65,0.00,5.65,5.65,0.00,5.65,DStar
158,5.17,AllyPrefab,Ally,AllyIdleState,Idling,AgentPrefab,5.65,0.00,5.65,9.00,0.00,17.00,9.00,0.00,17.00,N/A
159,5.20,AgentPrefab,Agent,MoveState,Moving,AllyPrefab,9.00,0.00,17.00,5.65,0.00,5.65,5.65,0.00,5.65,DStar
159,5.20,AgentPrefab,Agent,MoveState,Moving,Goal,20.00,0.00,20.00,5.65,0.00,5.65,5.65,0.00,5.65,DStar
159,5.20,AllyPrefab,Ally,AllyIdleState,Idling,AgentPrefab,5.65,0.00,5.65,9.00,0.00,17.00,9.00,0.00,17.00,N/A
160,5.23,AgentPrefab,Agent,MoveState,Moving,AllyPrefab,9.00,0.00,17.00,5.65,0.00,5.65,5.65,0.00,5.65,DStar
160,5.23,AgentPrefab,Agent,MoveState,Moving,Goal,20.00,0.00,20.00,5.65,0.00,5.65,5.65,0.00,5.65,DStar
160,5.23,AllyPrefab,Ally,AllyIdleState,Idling,AgentPrefab,5.65,0.00,5.65,9.00,0.00,17.00,9.00,0.00,17.00,N/A
161,5.27,AgentPrefab,Agent,MoveState,Moving,AllyPrefab,9.00,0.00,17.00,5.65,0.00,5.65,5.65,0.00,5.65,DStar
161,5.27,AgentPrefab,Agent,MoveState,Moving,Goal,20.00,0.00,20.00,5.65,0.00,5.65,5.65,0.00,5.65,DStar
161,5.27,AllyPrefab,Ally,AllyIdleState,Idling,AgentPrefab,5.65,0.00,5.65,9.00,0.00,17.00,9.00,0.00,17.00,N/A
162,5.30,AgentPrefab,Agent,MoveState,Moving,AllyPrefab,9.00,0.00,17.00,5.65,0.00,5.65,5.65,0.00,5.65,DStar
162,5.30,AgentPrefab,Agent,MoveState,Moving,Goal,20.00,0.00,20.00,5.65,0.00,5.65,5.65,0.00,5.65,DStar
162,5.30,AllyPrefab,Ally,AllyIdleState,Idling,AgentPrefab,5.65,0.00,5.65,9.00,0.00,17.00,9.00,0.00,17.00,N/A
163,5.33,AgentPrefab,Agent,MoveState,Moving,AllyPrefab,9.00,0.00,17.00,5.65,0.00,5.65,5.65,0.00,5.65,DStar
163,5.33,AgentPrefab,Agent,MoveState,Moving,Goal,20.00,0.00,20.00,5.65,0.00,5.65,5.65,0.00,5.65,DStar
163,5.33,AllyPrefab,Ally,AllyIdleState,Idling,AgentPrefab,5.65,0.00,5.65,9.00,0.00,17.00,9.00,0.00,17.00,N/A
164,5.37,AgentPrefab,Agent,MoveState,Moving,AllyPrefab,9.00,0.00,17.00,5.65,0.00,5.65,5.65,0.00,5.65,DStar
164,5.37,AgentPrefab,Agent,MoveState,Moving,Goal,20.00,0.00,20.00,5.65,0.00,5.65,5.65,0.00,5.65,DStar
164,5.37,AllyPrefab,Ally,AllyIdleState,Idling,AgentPrefab,5.65,0.00,5.65,9.00,0.00,17.00,9.00,0.00,17.00,N/A
165,5.40,AgentPrefab,Agent,MoveState,Moving,AllyPrefab,9.00,0.00,17.00,5.65,0.00,5.65,5.65,0.00,5.65,DStar
165,5.40,AgentPrefab,Agent,MoveState,Moving,Goal,20.00,0.00,20.00,5.65,0.00,5.65,5.65,0.00,5.65,DStar
165,5.40,AllyPrefab,Ally,AllyIdleState,Idling,AgentPrefab,5.65,0.00,5.65,9.00,0.00,17.00,9.00,0.00,17.00,N/A
166,5.43,AgentPrefab,Agent,MoveState,Moving,AllyPrefab,9.00,0.00,17.00,5.65,0.00,5.65,5.65,0.00,5.65,DStar
166,5.43,AgentPrefab,Agent,MoveState,Moving,Goal,20.00,0.00,20.00,5.65,0.00,5.65,5.65,0.00,5.65,DStar
166,5.43,AllyPrefab,Ally,AllyIdleState,Idling,AgentPrefab,5.65,0.00,5.65,9.00,0.00,17.00,9.00,0.00,17.00,N/A
167,5.47,AgentPrefab,Agent,MoveState,Moving,AllyPrefab,9.00,0.00,17.00,5.65,0.00,5.65,5.65,0.00,5.65,DStar
167,5.47,AgentPrefab,Agent,MoveState,Moving,Goal,20.00,0.00,20.00,5.65,0.00,5.65,5.65,0.00,5.65,DStar
167,5.47,AllyPrefab,Ally,AllyIdleState,Idling,AgentPrefab,5.65,0.00,5.65,9.00,0.00,17.00,9.00,0.00,17.00,N/A
168,5.50,AgentPrefab,Agent,MoveState,Moving,AllyPrefab,9.00,0.00,17.00,5.65,0.00,5.65,5.65,0.00,5.65,DStar
168,5.50,AgentPrefab,Agent,MoveState,Moving,Goal,20.00,0.00,20.00,5.65,0.00,5.65,5.65,0.00,5.65,DStar
168,5.50,AllyPrefab,Ally,AllyIdleState,Idling,AgentPrefab,5.65,0.00,5.65,9.00,0.00,17.00,9.00,0.00,17.00,N/A
169,5.53,AgentPrefab,Agent,MoveState,Moving,AllyPrefab,9.00,0.00,17.00,5.65,0.00,5.65,5.65,0.00,5.65,DStar
169,5.53,AgentPrefab,Agent,MoveState,Moving,Goal,20.00,0.00,20.00,5.65,0.00,5.65,5.65,0.00,5.65,DStar
169,5.53,AllyPrefab,Ally,AllyIdleState,Idling,AgentPrefab,5.65,0.00,5.65,9.00,0.00,17.00,9.00,0.00,17.00,N/A
170,5.57,AgentPrefab,Agent,MoveState,Moving,AllyPrefab,9.00,0.00,17.00,5.65,0.00,5.65,5.65,0.00,5.65,DStar
170,5.57,AgentPrefab,Agent,MoveState,Moving,Goal,20.00,0.00,20.00,5.65,0.00,5.65,5.65,0.00,5.65,DStar
170,5.57,AllyPrefab,Ally,AllyIdleState,Idling,AgentPrefab,5.65,0.00,5.65,9.00,0.00,17.00,9.00,0.00,17.00,N/A
171,5.60,AgentPrefab,Agent,MoveState,Moving,AllyPrefab,9.00,0.00,17.00,5.65,0.00,5.65,5.65,0.00,5.65,DStar
171,5.60,AgentPrefab,Agent,MoveState,Moving,Goal,20.00,0.00,20.00,5.65,0.00,5.65,5.65,0.00,5.65,DStar
171,5.60,AllyPrefab,Ally,AllyIdleState,Idling,AgentPrefab,5.65,0.00,5.65,9.00,0.00,17.00,9.00,0.00,17.00,N/A
172,5.63,AgentPrefab,Agent,MoveState,Moving,AllyPrefab,9.00,0.00,17.00,5.65,0.00,5.65,5.65,0.00,5.65,DStar
172,5.63,AgentPrefab,Agent,MoveState,Moving,Goal,20.00,0.00,20.00,5.65,0.00,5.65,5.65,0.00,5.65,DStar
172,5.63,AllyPrefab,Ally,AllyIdleState,Idling,AgentPrefab,5.65,0.00,5.65,9.00,0.00,17.00,9.00,0.00,17.00,N/A
173,5.67,AgentPrefab,Agent,MoveState,Moving,AllyPrefab,9.00,0.00,17.00,5.65,0.00,5.65,5.65,0.00,5.65,DStar
173,5.67,AgentPrefab,Agent,MoveState,Moving,Goal,20.00,0.00,20.00,5.65,0.00,5.65,5.65,0.00,5.65,DStar
173,5.67,AllyPrefab,Ally,AllyIdleState,Idling,AgentPrefab,5.65,0.00,5.65,9.00,0.00,17.00,9.00,0.00,17.00,N/A
174,5.70,AgentPrefab,Agent,MoveState,Moving,AllyPrefab,9.00,0.00,17.00,5.65,0.00,5.65,5.65,0.00,5.65,DStar
174,5.70,AgentPrefab,Agent,MoveState,Moving,Goal,20.00,0.00,20.00,5.65,0.00,5.65,5.65,0.00,5.65,DStar
174,5.70,AllyPrefab,Ally,AllyIdleState,Idling,AgentPrefab,5.65,0.00,5.65,9.00,0.00,17.00,9.00,0.00,17.00,N/A
175,5.73,AgentPrefab,Agent,MoveState,Moving,AllyPrefab,9.00,0.00,17.00,5.65,0.00,5.65,5.65,0.00,5.65,DStar
175,5.73,AgentPrefab,Agent,MoveState,Moving,Goal,20.00,0.00,20.00,5.65,0.00,5.65,5.65,0.00,5.65,DStar
175,5.73,AllyPrefab,Ally,AllyIdleState,Idling,AgentPrefab,5.65,0.00,5.65,9.00,0.00,17.00,9.00,0.00,17.00,N/A
176,5.77,AgentPrefab,Agent,MoveState,Moving,AllyPrefab,9.00,0.00,17.00,5.65,0.00,5.65,5.65,0.00,5.65,DStar
176,5.77,AgentPrefab,Agent,MoveState,Moving,Goal,20.00,0.00,20.00,5.65,0.00,5.65,5.65,0.00,5.65,DStar
176,5.77,AllyPrefab,Ally,AllyIdleState,Idling,AgentPrefab,5.65,0.00,5.65,9.00,0.00,17.00,9.00,0.00,17.00,N/A
177,5.80,AgentPrefab,Agent,MoveState,Moving,AllyPrefab,9.00,0.00,17.00,5.65,0.00,5.65,5.65,0.00,5.65,DStar
177,5.80,AgentPrefab,Agent,MoveState,Moving,Goal,20.00,0.00,20.00,5.65,0.00,5.65,5.65,0.00,5.65,DStar
177,5.80,AllyPrefab,Ally,AllyIdleState,Idling,AgentPrefab,5.65,0.00,5.65,9.00,0.00,17.00,9.00,0.00,17.00,N/A
178,5.83,AgentPrefab,Agent,MoveState,Moving,AllyPrefab,9.00,0.00,17.00,5.65,0.00,5.65,5.65,0.00,5.65,DStar
178,5.83,AgentPrefab,Agent,MoveState,Moving,Goal,20.00,0.00,20.00,5.65,0.00,5.65,5.65,0.00,5.65,DStar
178,5.83,AllyPrefab,Ally,AllyIdleState,Idling,AgentPrefab,5.65,0.00,5.65,9.00,0.00,17.00,9.00,0.00,17.00,N/A
179,5.87,AgentPrefab,Agent,MoveState,Moving,AllyPrefab,9.00,0.00,17.00,5.65,0.00,5.65,5.65,0.00,5.65,DStar
179,5.87,AgentPrefab,Agent,MoveState,Moving,Goal,20.00,0.00,20.00,5.65,0.00,5.65,5.65,0.00,5.65,DStar
179,5.87,AllyPrefab,Ally,AllyIdleState,Idling,AgentPrefab,5.65,0.00,5.65,9.00,0.00,17.00,9.00,0.00,17.00,N/A
180,5.90,AgentPrefab,Agent,MoveState,Moving,AllyPrefab,9.00,0.00,17.00,5.65,0.00,5.65,5.65,0.00,5.65,DStar
180,5.90,AgentPrefab,Agent,MoveState,Moving,Goal,20.00,0.00,20.00,5.65,0.00,5.65,5.65,0.00,5.65,DStar
180,5.90,AllyPrefab,Ally,AllyIdleState,Idling,AgentPrefab,5.65,0.00,5.65,9.00,0.00,17.00,9.00,0.00,17.00,N/A
181,5.93,AgentPrefab,Agent,MoveState,Moving,AllyPrefab,9.00,0.00,17.00,5.65,0.00,5.65,5.65,0.00,5.65,DStar
181,5.93,AgentPrefab,Agent,MoveState,Moving,Goal,20.00,0.00,20.00,5.65,0.00,5.65,5.65,0.00,5.65,DStar
181,5.93,AllyPrefab,Ally,AllyIdleState,Idling,AgentPrefab,5.65,0.00,5.65,9.00,0.00,17.00,9.00,0.00,17.00,N/A
182,5.97,AgentPrefab,Agent,MoveState,Moving,AllyPrefab,9.00,0.00,17.00,5.65,0.00,5.65,5.65,0.00,5.65,DStar
182,5.97,AgentPrefab,Agent,MoveState,Moving,Goal,20.00,0.00,20.00,5.65,0.00,5.65,5.65,0.00,5.65,DStar
182,5.97,AllyPrefab,Ally,AllyIdleState,Idling,AgentPrefab,5.65,0.00,5.65,9.00,0.00,17.00,9.00,0.00,17.00,N/A
183,6.00,AgentPrefab,Agent,MoveState,Moving,AllyPrefab,9.00,0.00,17.00,5.65,0.00,5.65,5.65,0.00,5.65,DStar
183,6.00,AgentPrefab,Agent,MoveState,Moving,Goal,20.00,0.00,20.00,5.65,0.00,5.65,5.65,0.00,5.65,DStar
183,6.00,AllyPrefab,Ally,AllyIdleState,Idling,AgentPrefab,5.65,0.00,5.65,9.00,0.00,17.00,9.00,0.00,17.00,N/A
184,6.03,AgentPrefab,Agent,MoveState,Moving,AllyPrefab,9.00,0.00,17.00,5.65,0.00,5.65,5.65,0.00,5.65,DStar
184,6.03,AgentPrefab,Agent,MoveState,Moving,Goal,20.00,0.00,20.00,5.65,0.00,5.65,5.65,0.00,5.65,DStar
184,6.03,AllyPrefab,Ally,AllyIdleState,Idling,AgentPrefab,5.65,0.00,5.65,9.00,0.00,17.00,9.00,0.00,17.00,N/A
185,6.07,AgentPrefab,Agent,MoveState,Moving,AllyPrefab,9.00,0.00,17.00,5.65,0.00,5.65,5.65,0.00,5.65,DStar
185,6.07,AgentPrefab,Agent,MoveState,Moving,Goal,20.00,0.00,20.00,5.65,0.00,5.65,5.65,0.00,5.65,DStar
185,6.07,AllyPrefab,Ally,AllyIdleState,Idling,AgentPrefab,5.65,0.00,5.65,9.00,0.00,17.00,9.00,0.00,17.00,N/A
186,6.10,AgentPrefab,Agent,MoveState,Moving,AllyPrefab,9.00,0.00,17.00,5.65,0.00,5.65,5.65,0.00,5.65,DStar
186,6.10,AgentPrefab,Agent,MoveState,Moving,Goal,20.00,0.00,20.00,5.65,0.00,5.65,5.65,0.00,5.65,DStar
186,6.10,AllyPrefab,Ally,AllyIdleState,Idling,AgentPrefab,5.65,0.00,5.65,9.00,0.00,17.00,9.00,0.00,17.00,N/A
187,6.13,AgentPrefab,Agent,MoveState,Moving,AllyPrefab,9.00,0.00,17.00,5.65,0.00,5.65,5.65,0.00,5.65,DStar
187,6.13,AgentPrefab,Agent,MoveState,Moving,Goal,20.00,0.00,20.00,5.65,0.00,5.65,5.70,0.00,5.70,DStar
187,6.13,AllyPrefab,Ally,AllyIdleState,Idling,AgentPrefab,5.70,0.00,5.70,9.00,0.00,17.00,9.00,0.00,17.00,N/A
188,6.17,AgentPrefab,Agent,MoveState,Moving,AllyPrefab,9.00,0.00,17.00,5.70,0.00,5.70,5.70,0.00,5.70,DStar
188,6.17,AgentPrefab,Agent,MoveState,Moving,Goal,20.00,0.00,20.00,5.70,0.00,5.70,5.75,0.00,5.75,DStar
188,6.17,AllyPrefab,Ally,AllyIdleState,Idling,AgentPrefab,5.75,0.00,5.75,9.00,0.00,17.00,9.00,0.00,17.00,N/A
189,6.20,AgentPrefab,Agent,MoveState,Moving,AllyPrefab,9.00,0.00,17.00,5.75,0.00,5.75,5.75,0.00,5.75,DStar
189,6.20,AgentPrefab,Agent,MoveState,Moving,Goal,20.00,0.00,20.00,5.75,0.00,5.75,5.79,0.00,5.79,DStar
189,6.20,AllyPrefab,Ally,AllyIdleState,Idling,AgentPrefab,5.79,0.00,5.79,9.00,0.00,17.00,9.00,0.00,17.00,N/A
190,6.23,AgentPrefab,Agent,MoveState,Moving,AllyPrefab,9.00,0.00,17.00,5.79,0.00,5.79,5.79,0.00,5.79,DStar
190,6.23,AgentPrefab,Agent,MoveState,Moving,Goal,20.00,0.00,20.00,5.79,0.00,5.79,5.84,0.00,5.84,DStar
190,6.23,AllyPrefab,Ally,AllyIdleState,Idling,AgentPrefab,5.84,0.00,5.84,9.00,0.00,17.00,9.00,0.00,17.00,N/A
191,6.27,AgentPrefab,Agent,MoveState,Moving,AllyPrefab,9.00,0.00,17.00,5.84,0.00,5.84,5.84,0.00,5.84,DStar
191,6.27,AgentPrefab,Agent,MoveState,Moving,Goal,20.00,0.00,20.00,5.84,0.00,5.84,5.89,0.00,5.89,DStar
191,6.27,AllyPrefab,Ally,AllyIdleState,Idling,AgentPrefab,5.89,0.00,5.89,9.00,0.00,17.00,9.00,0.00,17.00,N/A
192,6.30,AgentPrefab,Agent,MoveState,Moving,AllyPrefab,9.00,0.00,17.00,5.89,0.00,5.89,5.89,0.00,5.89,DStar
192,6.30,AgentPrefab,Agent,MoveState,Moving,Goal,20.00,0.00,20.00,5.89,0.00,5.89,5.93,0.00,5.93,DStar
192,6.30,AllyPrefab,Ally,AllyIdleState,Idling,AgentPrefab,5.93,0.00,5.93,9.00,0.00,17.00,9.00,0.00,17.00,N/A
193,6.33,AgentPrefab,Agent,MoveState,Moving,AllyPrefab,9.00,0.00,17.00,5.93,0.00,5.93,5.93,0.00,5.93,DStar
193,6.33,AgentPrefab,Agent,MoveState,Moving,Goal,20.00,0.00,20.00,5.93,0.00,5.93,5.98,0.00,5.98,DStar
193,6.33,AllyPrefab,Ally,AllyIdleState,Idling,AgentPrefab,5.98,0.00,5.98,9.00,0.00,17.00,9.00,0.00,17.00,N/A
194,6.37,AgentPrefab,Agent,MoveState,Moving,AllyPrefab,9.00,0.00,17.00,5.98,0.00,5.98,5.98,0.00,5.98,DStar
194,6.37,AgentPrefab,Agent,MoveState,Moving,Goal,20.00,0.00,20.00,5.98,0.00,5.98,6.03,0.00,6.03,DStar
194,6.37,AllyPrefab,Ally,AllyIdleState,Idling,AgentPrefab,6.03,0.00,6.03,9.00,0.00,17.00,9.00,0.00,17.00,N/A
195,6.40,AgentPrefab,Agent,MoveState,Moving,AllyPrefab,9.00,0.00,17.00,6.03,0.00,6.03,6.03,0.00,6.03,DStar
195,6.40,AgentPrefab,Agent,MoveState,Moving,Goal,20.00,0.00,20.00,6.03,0.00,6.03,6.08,0.00,6.08,DStar
195,6.40,AllyPrefab,Ally,AllyIdleState,Idling,AgentPrefab,6.08,0.00,6.08,9.00,0.00,17.00,9.00,0.00,17.00,N/A
196,6.43,AgentPrefab,Agent,MoveState,Moving,AllyPrefab,9.00,0.00,17.00,6.08,0.00,6.08,6.08,0.00,6.08,DStar
196,6.43,AgentPrefab,Agent,MoveState,Moving,Goal,20.00,0.00,20.00,6.08,0.00,6.08,6.12,0.00,6.12,DStar
196,6.43,AllyPrefab,Ally,AllyIdleState,Idling,AgentPrefab,6.12,0.00,6.12,9.00,0.00,17.00,9.00,0.00,17.00,N/A
197,6.47,AgentPrefab,Agent,MoveState,Moving,AllyPrefab,9.00,0.00,17.00,6.12,0.00,6.12,6.12,0.00,6.12,DStar
197,6.47,AgentPrefab,Agent,MoveState,Moving,Goal,20.00,0.00,20.00,6.12,0.00,6.12,6.17,0.00,6.17,DStar
197,6.47,AllyPrefab,Ally,AllyIdleState,Idling,AgentPrefab,6.17,0.00,6.17,9.00,0.00,17.00,9.00,0.00,17.00,N/A
198,6.50,AgentPrefab,Agent,MoveState,Moving,AllyPrefab,9.00,0.00,17.00,6.17,0.00,6.17,6.17,0.00,6.17,DStar
198,6.50,AgentPrefab,Agent,MoveState,Moving,Goal,20.00,0.00,20.00,6.17,0.00,6.17,6.22,0.00,6.22,DStar
198,6.50,AllyPrefab,Ally,AllyIdleState,Idling,AgentPrefab,6.22,0.00,6.22,9.00,0.00,17.00,9.00,0.00,17.00,N/A
199,6.53,AgentPrefab,Agent,MoveState,Moving,AllyPrefab,9.00,0.00,17.00,6.22,0.00,6.22,6.22,0.00,6.22,DStar
199,6.53,AgentPrefab,Agent,MoveState,Moving,Goal,20.00,0.00,20.00,6.22,0.00,6.22,6.26,0.00,6.26,DStar
199,6.53,AllyPrefab,Ally,AllyIdleState,Idling,AgentPrefab,6.26,0.00,6.26,9.00,0.00,17.00,9.00,0.00,17.00,N/A
200,6.57,AgentPrefab,Agent,MoveState,Moving,AllyPrefab,9.00,0.00,17.00,6.26,0.00,6.26,6.26,0.00,6.26,DStar
200,6.57,AgentPrefab,Agent,MoveState,Moving,Goal,20.00,0.00,20.00,6.26,0.00,6.26,6.31,0.00,6.31,DStar
200,6.57,AllyPrefab,Ally,AllyIdleState,Idling,AgentPrefab,6.31,0.00,6.31,9.00,0.00,17.00,9.00,0.00,17.00,N/A
201,6.60,AgentPrefab,Agent,MoveState,Moving,AllyPrefab,9.00,0.00,17.00,6.31,0.00,6.31,6.31,0.00,6.31,DStar
201,6.60,AgentPrefab,Agent,MoveState,Moving,Goal,20.00,0.00,20.00,6.31,0.00,6.31,6.36,0.00,6.36,DStar
201,6.60,AllyPrefab,Ally,AllyIdleState,Idling,AgentPrefab,6.36,0.00,6.36,9.00,0.00,17.00,9.00,0.00,17.00,N/A
202,6.63,AgentPrefab,Agent,MoveState,Moving,AllyPrefab,9.00,0.00,17.00,6.36,0.00,6.36,6.36,0.00,6.36,DStar
202,6.63,AgentPrefab,Agent,MoveState,Moving,Goal,20.00,0.00,20.00,6.36,0.00,6.36,6.41,0.00,6.41,DStar
202,6.63,AllyPrefab,Ally,AllyIdleState,Idling,AgentPrefab,6.41,0.00,6.41,9.00,0.00,17.00,9.00,0.00,17.00,N/A
203,6.67,AgentPrefab,Agent,MoveState,Moving,AllyPrefab,9.00,0.00,17.00,6.41,0.00,6.41,6.41,0.00,6.41,DStar
203,6.67,AgentPrefab,Agent,MoveState,Moving,Goal,20.00,0.00,20.00,6.41,0.00,6.41,6.45,0.00,6.45,DStar
203,6.67,AllyPrefab,Ally,AllyIdleState,Idling,AgentPrefab,6.45,0.00,6.45,9.00,0.00,17.00,9.00,0.00,17.00,N/A
204,6.70,AgentPrefab,Agent,MoveState,Moving,AllyPrefab,9.00,0.00,17.00,6.45,0.00,6.45,6.45,0.00,6.45,DStar
204,6.70,AgentPrefab,Agent,MoveState,Moving,Goal,20.00,0.00,20.00,6.45,0.00,6.45,6.50,0.00,6.50,DStar
204,6.70,AllyPrefab,Ally,AllyIdleState,Idling,AgentPrefab,6.50,0.00,6.50,9.00,0.00,17.00,9.00,0.00,17.00,N/A
205,6.73,AgentPrefab,Agent,MoveState,Moving,AllyPrefab,9.00,0.00,17.00,6.50,0.00,6.50,6.50,0.00,6.50,DStar
205,6.73,AgentPrefab,Agent,MoveState,Moving,Goal,20.00,0.00,20.00,6.50,0.00,6.50,6.55,0.00,6.55,DStar
205,6.73,AllyPrefab,Ally,AllyIdleState,Idling,AgentPrefab,6.55,0.00,6.55,9.00,0.00,17.00,9.00,0.00,17.00,N/A
206,6.77,AgentPrefab,Agent,MoveState,Moving,AllyPrefab,9.00,0.00,17.00,6.55,0.00,6.55,6.55,0.00,6.55,DStar
206,6.77,AgentPrefab,Agent,MoveState,Moving,Goal,20.00,0.00,20.00,6.55,0.00,6.55,6.59,0.00,6.59,DStar
206,6.77,AllyPrefab,Ally,AllyIdleState,Idling,AgentPrefab,6.59,0.00,6.59,9.00,0.00,17.00,9.00,0.00,17.00,N/A
207,6.80,AgentPrefab,Agent,MoveState,Moving,AllyPrefab,9.00,0.00,17.00,6.59,0.00,6.59,6.59,0.00,6.59,DStar
207,6.80,AgentPrefab,Agent,MoveState,Moving,Goal,20.00,0.00,20.00,6.59,0.00,6.59,6.64,0.00,6.64,DStar
207,6.80,AllyPrefab,Ally,AllyIdleState,Idling,AgentPrefab,6.64,0.00,6.64,9.00,0.00,17.00,9.00,0.00,17.00,N/A
208,6.83,AgentPrefab,Agent,MoveState,Moving,AllyPrefab,9.00,0.00,17.00,6.64,0.00,6.64,6.64,0.00,6.64,DStar
208,6.83,AgentPrefab,Agent,MoveState,Moving,Goal,20.00,0.00,20.00,6.64,0.00,6.64,6.69,0.00,6.69,DStar
208,6.83,AllyPrefab,Ally,AllyIdleState,Idling,AgentPrefab,6.69,0.00,6.69,9.00,0.00,17.00,9.00,0.00,17.00,N/A
209,6.87,AgentPrefab,Agent,MoveState,Moving,AllyPrefab,9.00,0.00,17.00,6.69,0.00,6.69,6.69,0.00,6.69,DStar
209,6.87,AgentPrefab,Agent,MoveState,Moving,Goal,20.00,0.00,20.00,6.69,0.00,6.69,6.74,0.00,6.74,DStar
209,6.87,AllyPrefab,Ally,AllyIdleState,Idling,AgentPrefab,6.74,0.00,6.74,9.00,0.00,17.00,9.00,0.00,17.00,N/A
210,6.90,AgentPrefab,Agent,MoveState,Moving,AllyPrefab,9.00,0.00,17.00,6.74,0.00,6.74,6.74,0.00,6.74,DStar
210,6.90,AgentPrefab,Agent,MoveState,Moving,Goal,20.00,0.00,20.00,6.74,0.00,6.74,6.78,0.00,6.78,DStar
210,6.90,AllyPrefab,Ally,AllyIdleState,Idling,AgentPrefab,6.78,0.00,6.78,9.00,0.00,17.00,9.00,0.00,17.00,N/A
211,6.93,AgentPrefab,Agent,MoveState,Moving,AllyPrefab,9.00,0.00,17.00,6.78,0.00,6.78,6.78,0.00,6.78,DStar
211,6.93,AgentPrefab,Agent,MoveState,Moving,Goal,20.00,0.00,20.00,6.78,0.00,6.78,6.83,0.00,6.83,DStar
211,6.93,AllyPrefab,Ally,AllyIdleState,Idling,AgentPrefab,6.83,0.00,6.83,9.00,0.00,17.00,9.00,0.00,17.00,N/A
212,6.97,AgentPrefab,Agent,MoveState,Moving,AllyPrefab,9.00,0.00,17.00,6.83,0.00,6.83,6.83,0.00,6.83,DStar
212,6.97,AgentPrefab,Agent,MoveState,Moving,Goal,20.00,0.00,20.00,6.83,0.00,6.83,6.88,0.00,6.88,DStar
212,6.97,AllyPrefab,Ally,AllyIdleState,Idling,AgentPrefab,6.88,0.00,6.88,9.00,0.00,17.00,9.00,0.00,17.00,N/A
213,7.00,AgentPrefab,Agent,MoveState,Moving,AllyPrefab,9.00,0.00,17.00,6.88,0.00,6.88,6.88,0.00,6.88,DStar
213,7.00,AgentPrefab,Agent,MoveState,Moving,Goal,20.00,0.00,20.00,6.88,0.00,6.88,6.92,0.00,6.92,DStar
213,7.00,AllyPrefab,Ally,AllyIdleState,Idling,AgentPrefab,6.92,0.00,6.92,9.00,0.00,17.00,9.00,0.00,17.00,N/A
214,7.03,AgentPrefab,Agent,MoveState,Moving,AllyPrefab,9.00,0.00,17.00,6.92,0.00,6.92,6.92,0.00,6.92,DStar
214,7.03,AgentPrefab,Agent,MoveState,Moving,Goal,20.00,0.00,20.00,6.92,0.00,6.92,6.97,0.00,6.97,DStar
214,7.03,AllyPrefab,Ally,AllyIdleState,Idling,AgentPrefab,6.97,0.00,6.97,9.00,0.00,17.00,9.00,0.00,17.00,N/A
215,7.07,AgentPrefab,Agent,MoveState,Moving,AllyPrefab,9.00,0.00,17.00,6.97,0.00,6.97,6.97,0.00,6.97,DStar
215,7.07,AgentPrefab,Agent,MoveState,Moving,Goal,20.00,0.00,20.00,6.97,0.00,6.97,7.02,0.00,7.02,DStar
215,7.07,AllyPrefab,Ally,AllyIdleState,Idling,AgentPrefab,7.02,0.00,7.02,9.00,0.00,17.00,9.00,0.00,17.00,N/A
216,7.10,AgentPrefab,Agent,MoveState,Moving,AllyPrefab,9.00,0.00,17.00,7.02,0.00,7.02,7.02,0.00,7.02,DStar
216,7.10,AgentPrefab,Agent,MoveState,Moving,Goal,20.00,0.00,20.00,7.02,0.00,7.02,7.07,0.00,7.07,DStar
216,7.10,AllyPrefab,Ally,AllyIdleState,Idling,AgentPrefab,7.07,0.00,7.07,9.00,0.00,17.00,9.00,0.00,17.00,N/A
217,7.13,AgentPrefab,Agent,MoveState,Moving,AllyPrefab,9.00,0.00,17.00,7.07,0.00,7.07,7.07,0.00,7.07,DStar
217,7.13,AgentPrefab,Agent,MoveState,Moving,Goal,20.00,0.00,20.00,7.07,0.00,7.07,7.11,0.00,7.11,DStar
217,7.13,AllyPrefab,Ally,AllyIdleState,Idling,AgentPrefab,7.11,0.00,7.11,9.00,0.00,17.00,9.00,0.00,17.00,N/A
218,7.17,AgentPrefab,Agent,MoveState,Moving,AllyPrefab,9.00,0.00,17.00,7.11,0.00,7.11,7.11,0.00,7.11,DStar
218,7.17,AgentPrefab,Agent,MoveState,Moving,Goal,20.00,0.00,20.00,7.11,0.00,7.11,7.16,0.00,7.16,DStar
218,7.17,AllyPrefab,Ally,AllyIdleState,Idling,AgentPrefab,7.16,0.00,7.16,9.00,0.00,17.00,9.00,0.00,17.00,N/A
219,7.20,AgentPrefab,Agent,MoveState,Moving,AllyPrefab,9.00,0.00,17.00,7.16,0.00,7.16,7.16,0.00,7.16,DStar
219,7.20,AgentPrefab,Agent,MoveState,Moving,Goal,20.00,0.00,20.00,7.16,0.00,7.16,7.21,0.00,7.21,DStar
219,7.20,AllyPrefab,Ally,AllyIdleState,Idling,AgentPrefab,7.21,0.00,7.21,9.00,0.00,17.00,9.00,0.00,17.00,N/A
220,7.23,AgentPrefab,Agent,MoveState,Moving,AllyPrefab,9.00,0.00,17.00,7.21,0.00,7.21,7.21,0.00,7.21,DStar
220,7.23,AgentPrefab,Agent,MoveState,Moving,Goal,20.00,0.00,20.00,7.21,0.00,7.21,7.25,0.00,7.25,DStar
220,7.23,AllyPrefab,Ally,AllyIdleState,Idling,AgentPrefab,7.25,0.00,7.25,9.00,0.00,17.00,9.00,0.00,17.00,N/A
221,7.27,AgentPrefab,Agent,MoveState,Moving,AllyPrefab,9.00,0.00,17.00,7.25,0.00,7.25,7.25,0.00,7.25,DStar
221,7.27,AgentPrefab,Agent,MoveState,Moving,Goal,20.00,0.00,20.00,7.25,0.00,7.25,7.30,0.00,7.30,DStar
221,7.27,AllyPrefab,Ally,AllyIdleState,Idling,AgentPrefab,7.30,0.00,7.30,9.00,0.00,17.00,9.00,0.00,17.00,N/A
222,7.30,AgentPrefab,Agent,MoveState,Moving,AllyPrefab,9.00,0.00,17.00,7.30,0.00,7.30,7.30,0.00,7.30,DStar
222,7.30,AgentPrefab,Agent,MoveState,Moving,Goal,20.00,0.00,20.00,7.30,0.00,7.30,7.35,0.00,7.35,DStar
222,7.30,AllyPrefab,Ally,AllyIdleState,Idling,AgentPrefab,7.35,0.00,7.35,9.00,0.00,17.00,9.00,0.00,17.00,N/A
223,7.33,AgentPrefab,Agent,MoveState,Moving,AllyPrefab,9.00,0.00,17.00,7.35,0.00,7.35,7.35,0.00,7.35,DStar
223,7.33,AgentPrefab,Agent,MoveState,Moving,Goal,20.00,0.00,20.00,7.35,0.00,7.35,7.40,0.00,7.40,DStar
223,7.33,AllyPrefab,Ally,AllyIdleState,Idling,AgentPrefab,7.40,0.00,7.40,9.00,0.00,17.00,9.00,0.00,17.00,N/A
224,7.37,AgentPrefab,Agent,MoveState,Moving,AllyPrefab,9.00,0.00,17.00,7.40,0.00,7.40,7.40,0.00,7.40,DStar
224,7.37,AgentPrefab,Agent,MoveState,Moving,Goal,20.00,0.00,20.00,7.40,0.00,7.40,7.44,0.00,7.44,DStar
224,7.37,AllyPrefab,Ally,AllyIdleState,Idling,AgentPrefab,7.44,0.00,7.44,9.00,0.00,17.00,9.00,0.00,17.00,N/A
225,7.40,AgentPrefab,Agent,MoveState,Moving,AllyPrefab,9.00,0.00,17.00,7.44,0.00,7.44,7.44,0.00,7.44,DStar
225,7.40,AgentPrefab,Agent,MoveState,Moving,Goal,20.00,0.00,20.00,7.44,0.00,7.44,7.49,0.00,7.49,DStar
225,7.40,AllyPrefab,Ally,AllyIdleState,Idling,AgentPrefab,7.49,0.00,7.49,9.00,0.00,17.00,9.00,0.00,17.00,N/A
226,7.43,AgentPrefab,Agent,MoveState,Moving,AllyPrefab,9.00,0.00,17.00,7.49,0.00,7.49,7.49,0.00,7.49,DStar
226,7.43,AgentPrefab,Agent,MoveState,Moving,Goal,20.00,0.00,20.00,7.49,0.00,7.49,7.54,0.00,7.54,DStar
226,7.43,AllyPrefab,Ally,AllyIdleState,Idling,AgentPrefab,7.54,0.00,7.54,9.00,0.00,17.00,9.00,0.00,17.00,N/A
227,7.47,AgentPrefab,Agent,MoveState,Moving,AllyPrefab,9.00,0.00,17.00,7.54,0.00,7.54,7.54,0.00,7.54,DStar
227,7.47,AgentPrefab,Agent,MoveState,Moving,Goal,20.00,0.00,20.00,7.54,0.00,7.54,7.58,0.00,7.58,DStar
227,7.47,AllyPrefab,Ally,AllyIdleState,Idling,AgentPrefab,7.58,0.00,7.58,9.00,0.00,17.00,9.00,0.00,17.00,N/A
228,7.50,AgentPrefab,Agent,MoveState,Moving,AllyPrefab,9.00,0.00,17.00,7.58,0.00,7.58,7.58,0.00,7.58,DStar
228,7.50,AgentPrefab,Agent,MoveState,Moving,Goal,20.00,0.00,20.00,7.58,0.00,7.58,7.63,0.00,7.63,DStar
228,7.50,AllyPrefab,Ally,AllyIdleState,Idling,AgentPrefab,7.63,0.00,7.63,9.00,0.00,17.00,9.00,0.00,17.00,N/A
229,7.53,AgentPrefab,Agent,MoveState,Moving,AllyPrefab,9.00,0.00,17.00,7.63,0.00,7.63,7.63,0.00,7.63,DStar
229,7.53,AgentPrefab,Agent,MoveState,Moving,Goal,20.00,0.00,20.00,7.63,0.00,7.63,7.68,0.00,7.68,DStar
229,7.53,AllyPrefab,Ally,AllyIdleState,Idling,AgentPrefab,7.68,0.00,7.68,9.00,0.00,17.00,9.00,0.00,17.00,N/A
230,7.57,AgentPrefab,Agent,MoveState,Moving,AllyPrefab,9.00,0.00,17.00,7.68,0.00,7.68,7.68,0.00,7.68,DStar
230,7.57,AgentPrefab,Agent,MoveState,Moving,Goal,20.00,0.00,20.00,7.68,0.00,7.68,7.73,0.00,7.73,DStar
230,7.57,AllyPrefab,Ally,AllyIdleState,Idling,AgentPrefab,7.73,0.00,7.73,9.00,0.00,17.00,9.00,0.00,17.00,N/A
231,7.60,AgentPrefab,Agent,MoveState,Moving,AllyPrefab,9.00,0.00,17.00,7.73,0.00,7.73,7.73,0.00,7.73,DStar
231,7.60,AgentPrefab,Agent,MoveState,Moving,Goal,20.00,0.00,20.00,7.73,0.00,7.73,7.77,0.00,7.77,DStar
231,7.60,AllyPrefab,Ally,AllyIdleState,Idling,AgentPrefab,7.77,0.00,7.77,9.00,0.00,17.00,9.00,0.00,17.00,N/A
232,7.63,AgentPrefab,Agent,MoveState,Moving,AllyPrefab,9.00,0.00,17.00,7.77,0.00,7.77,7.77,0.00,7.77,DStar
232,7.63,AgentPrefab,Agent,MoveState,Moving,Goal,20.00,0.00,20.00,7.77,0.00,7.77,7.82,0.00,7.82,DStar
232,7.63,AllyPrefab,Ally,AllyIdleState,Idling,AgentPrefab,7.82,0.00,7.82,9.00,0.00,17.00,9.00,0.00,17.00,N/A
233,7.67,AgentPrefab,Agent,MoveState,Moving,AllyPrefab,9.00,0.00,17.00,7.82,0.00,7.82,7.82,0.00,7.82,DStar
233,7.67,AgentPrefab,Agent,MoveState,Moving,Goal,20.00,0.00,20.00,7.82,0.00,7.82,7.82,0.00,7.82,DStar
233,7.67,AllyPrefab,Ally,AllyIdleState,Idling,AgentPrefab,7.82,0.00,7.82,9.00,0.00,17.00,9.00,0.00,17.00,N/A
234,7.70,AgentPrefab,Agent,MoveState,Moving,AllyPrefab,9.00,0.00,17.00,7.82,0.00,7.82,7.82,0.00,7.82,DStar
234,7.70,AgentPrefab,Agent,MoveState,Moving,Goal,20.00,0.00,20.00,7.82,0.00,7.82,7.87,0.00,7.86,DStar
234,7.70,AllyPrefab,Ally,AllyIdleState,Idling,AgentPrefab,7.87,0.00,7.86,9.00,0.00,17.00,9.00,0.00,17.00,N/A
235,7.73,AgentPrefab,Agent,MoveState,Moving,AllyPrefab,9.00,0.00,17.00,7.87,0.00,7.86,7.87,0.00,7.86,DStar
235,7.73,AgentPrefab,Agent,MoveState,Moving,Goal,20.00,0.00,20.00,7.87,0.00,7.86,7.92,0.00,7.91,DStar
235,7.73,AllyPrefab,Ally,AllyIdleState,Idling,AgentPrefab,7.92,0.00,7.91,9.00,0.00,17.00,9.00,0.00,17.00,N/A
236,7.77,AgentPrefab,Agent,MoveState,Moving,AllyPrefab,9.00,0.00,17.00,7.92,0.00,7.91,7.92,0.00,7.91,DStar
236,7.77,AgentPrefab,Agent,MoveState,Moving,Goal,20.00,0.00,20.00,7.92,0.00,7.91,7.97,0.00,7.95,DStar
236,7.77,AllyPrefab,Ally,AllyIdleState,Idling,AgentPrefab,7.97,0.00,7.95,9.00,0.00,17.00,9.00,0.00,17.00,N/A
237,7.80,AgentPrefab,Agent,MoveState,Moving,AllyPrefab,9.00,0.00,17.00,7.97,0.00,7.95,7.97,0.00,7.95,DStar
237,7.80,AgentPrefab,Agent,MoveState,Moving,Goal,20.00,0.00,20.00,7.97,0.00,7.95,8.02,0.00,7.99,DStar
237,7.80,AllyPrefab,Ally,AllyIdleState,Idling,AgentPrefab,8.02,0.00,7.99,9.00,0.00,17.00,9.00,0.00,17.00,N/A
238,7.83,AgentPrefab,Agent,MoveState,Moving,AllyPrefab,9.00,0.00,17.00,8.02,0.00,7.99,8.02,0.00,7.99,DStar
238,7.83,AgentPrefab,Agent,MoveState,Moving,Goal,20.00,0.00,20.00,8.02,0.00,7.99,8.08,0.00,8.03,DStar
238,7.83,AllyPrefab,Ally,AllyIdleState,Idling,AgentPrefab,8.08,0.00,8.03,9.00,0.00,17.00,9.00,0.00,17.00,N/A
239,7.87,AgentPrefab,Agent,MoveState,Moving,AllyPrefab,9.00,0.00,17.00,8.08,0.00,8.03,8.08,0.00,8.03,DStar
239,7.87,AgentPrefab,Agent,MoveState,Moving,Goal,20.00,0.00,20.00,8.08,0.00,8.03,8.13,0.00,8.08,DStar
239,7.87,AllyPrefab,Ally,AllyIdleState,Idling,AgentPrefab,8.13,0.00,8.08,9.00,0.00,17.00,9.00,0.00,17.00,N/A
240,7.90,AgentPrefab,Agent,MoveState,Moving,AllyPrefab,9.00,0.00,17.00,8.13,0.00,8.08,8.13,0.00,8.08,DStar
240,7.90,AgentPrefab,Agent,MoveState,Moving,Goal,20.00,0.00,20.00,8.13,0.00,8.08,8.18,0.00,8.12,DStar
240,7.90,AllyPrefab,Ally,AllyIdleState,Idling,AgentPrefab,8.18,0.00,8.12,9.00,0.00,17.00,9.00,0.00,17.00,N/A
241,7.93,AgentPrefab,Agent,MoveState,Moving,AllyPrefab,9.00,0.00,17.00,8.18,0.00,8.12,8.18,0.00,8.12,DStar
241,7.93,AgentPrefab,Agent,MoveState,Moving,Goal,20.00,0.00,20.00,8.18,0.00,8.12,8.23,0.00,8.16,DStar
241,7.93,AllyPrefab,Ally,AllyIdleState,Idling,AgentPrefab,8.23,0.00,8.16,9.00,0.00,17.00,9.00,0.00,17.00,N/A
242,7.97,AgentPrefab,Agent,MoveState,Moving,AllyPrefab,9.00,0.00,17.00,8.23,0.00,8.16,8.23,0.00,8.16,DStar
242,7.97,AgentPrefab,Agent,MoveState,Moving,Goal,20.00,0.00,20.00,8.23,0.00,8.16,8.28,0.00,8.21,DStar
242,7.97,AllyPrefab,Ally,AllyIdleState,Idling,AgentPrefab,8.28,0.00,8.21,9.00,0.00,17.00,9.00,0.00,17.00,N/A
243,8.00,AgentPrefab,Agent,MoveState,Moving,AllyPrefab,9.00,0.00,17.00,8.28,0.00,8.21,8.28,0.00,8.21,DStar
243,8.00,AgentPrefab,Agent,MoveState,Moving,Goal,20.00,0.00,20.00,8.28,0.00,8.21,8.33,0.00,8.25,DStar
243,8.00,AllyPrefab,Ally,AllyIdleState,Idling,AgentPrefab,8.33,0.00,8.25,9.00,0.00,17.00,9.00,0.00,17.00,N/A
244,8.03,AgentPrefab,Agent,MoveState,Moving,AllyPrefab,9.00,0.00,17.00,8.33,0.00,8.25,8.33,0.00,8.25,DStar
244,8.03,AgentPrefab,Agent,MoveState,Moving,Goal,20.00,0.00,20.00,8.33,0.00,8.25,8.38,0.00,8.29,DStar
244,8.03,AllyPrefab,Ally,AllyIdleState,Idling,AgentPrefab,8.38,0.00,8.29,9.00,0.00,17.00,9.00,0.00,17.00,N/A
245,8.07,AgentPrefab,Agent,MoveState,Moving,AllyPrefab,9.00,0.00,17.00,8.38,0.00,8.29,8.38,0.00,8.29,DStar
245,8.07,AgentPrefab,Agent,MoveState,Moving,Goal,20.00,0.00,20.00,8.38,0.00,8.29,8.43,0.00,8.33,DStar
245,8.07,AllyPrefab,Ally,AllyIdleState,Idling,AgentPrefab,8.43,0.00,8.33,9.00,0.00,17.00,9.00,0.00,17.00,N/A
246,8.10,AgentPrefab,Agent,MoveState,Moving,AllyPrefab,9.00,0.00,17.00,8.43,0.00,8.33,8.43,0.00,8.33,DStar
246,8.10,AgentPrefab,Agent,MoveState,Moving,Goal,20.00,0.00,20.00,8.43,0.00,8.33,8.48,0.00,8.38,DStar
246,8.10,AllyPrefab,Ally,AllyIdleState,Idling,AgentPrefab,8.48,0.00,8.38,9.00,0.00,17.00,9.00,0.00,17.00,N/A
247,8.13,AgentPrefab,Agent,MoveState,Moving,AllyPrefab,9.00,0.00,17.00,8.48,0.00,8.38,8.48,0.00,8.38,DStar
247,8.13,AgentPrefab,Agent,MoveState,Moving,Goal,20.00,0.00,20.00,8.48,0.00,8.38,8.48,0.00,8.38,DStar
247,8.13,AllyPrefab,Ally,AllyIdleState,Idling,AgentPrefab,8.48,0.00,8.38,9.00,0.00,17.00,9.00,0.00,17.00,N/A
248,8.17,AgentPrefab,Agent,MoveState,Moving,AllyPrefab,9.00,0.00,17.00,8.48,0.00,8.38,8.48,0.00,8.38,DStar
248,8.17,AgentPrefab,Agent,MoveState,Moving,Goal,20.00,0.00,20.00,8.48,0.00,8.38,8.53,0.00,8.43,DStar
248,8.17,AllyPrefab,Ally,AllyIdleState,Idling,AgentPrefab,8.53,0.00,8.43,9.00,0.00,17.00,9.00,0.00,17.00,N/A
249,8.20,AgentPrefab,Agent,MoveState,Moving,AllyPrefab,9.00,0.00,17.00,8.53,0.00,8.43,8.53,0.00,8.43,DStar
249,8.20,AgentPrefab,Agent,MoveState,Moving,Goal,20.00,0.00,20.00,8.53,0.00,8.43,8.57,0.00,8.48,DStar
249,8.20,AllyPrefab,Ally,AllyIdleState,Idling,AgentPrefab,8.57,0.00,8.48,9.00,0.00,17.00,9.00,0.00,17.00,N/A
250,8.23,AgentPrefab,Agent,MoveState,Moving,AllyPrefab,9.00,0.00,17.00,8.57,0.00,8.48,8.57,0.00,8.48,DStar
250,8.23,AgentPrefab,Agent,MoveState,Moving,Goal,20.00,0.00,20.00,8.57,0.00,8.48,8.61,0.00,8.53,DStar
250,8.23,AllyPrefab,Ally,AllyIdleState,Idling,AgentPrefab,8.61,0.00,8.53,9.00,0.00,17.00,9.00,0.00,17.00,N/A
251,8.27,AgentPrefab,Agent,MoveState,Moving,AllyPrefab,9.00,0.00,17.00,8.61,0.00,8.53,8.61,0.00,8.53,DStar
251,8.27,AgentPrefab,Agent,MoveState,Moving,Goal,20.00,0.00,20.00,8.61,0.00,8.53,8.66,0.00,8.58,DStar
251,8.27,AllyPrefab,Ally,AllyIdleState,Idling,AgentPrefab,8.66,0.00,8.58,9.00,0.00,17.00,9.00,0.00,17.00,N/A
252,8.30,AgentPrefab,Agent,MoveState,Moving,AllyPrefab,9.00,0.00,17.00,8.66,0.00,8.58,8.66,0.00,8.58,DStar
252,8.30,AgentPrefab,Agent,MoveState,Moving,Goal,20.00,0.00,20.00,8.66,0.00,8.58,8.70,0.00,8.63,DStar
252,8.30,AllyPrefab,Ally,AllyIdleState,Idling,AgentPrefab,8.70,0.00,8.63,9.00,0.00,17.00,9.00,0.00,17.00,N/A
253,8.33,AgentPrefab,Agent,MoveState,Moving,AllyPrefab,9.00,0.00,17.00,8.70,0.00,8.63,8.70,0.00,8.63,DStar
253,8.33,AgentPrefab,Agent,MoveState,Moving,Goal,20.00,0.00,20.00,8.70,0.00,8.63,8.74,0.00,8.68,DStar
253,8.33,AllyPrefab,Ally,AllyIdleState,Idling,AgentPrefab,8.74,0.00,8.68,9.00,0.00,17.00,9.00,0.00,17.00,N/A
254,8.37,AgentPrefab,Agent,MoveState,Moving,AllyPrefab,9.00,0.00,17.00,8.74,0.00,8.68,8.74,0.00,8.68,DStar
254,8.37,AgentPrefab,Agent,MoveState,Moving,Goal,20.00,0.00,20.00,8.74,0.00,8.68,8.78,0.00,8.73,DStar
254,8.37,AllyPrefab,Ally,AllyIdleState,Idling,AgentPrefab,8.78,0.00,8.73,9.00,0.00,17.00,9.00,0.00,17.00,N/A
255,8.40,AgentPrefab,Agent,MoveState,Moving,AllyPrefab,9.00,0.00,17.00,8.78,0.00,8.73,8.78,0.00,8.73,DStar
255,8.40,AgentPrefab,Agent,MoveState,Moving,Goal,20.00,0.00,20.00,8.78,0.00,8.73,8.83,0.00,8.79,DStar
255,8.40,AllyPrefab,Ally,AllyIdleState,Idling,AgentPrefab,8.83,0.00,8.79,9.00,0.00,17.00,9.00,0.00,17.00,N/A
256,8.43,AgentPrefab,Agent,MoveState,Moving,AllyPrefab,9.00,0.00,17.00,8.83,0.00,8.79,8.83,0.00,8.79,DStar
256,8.43,AgentPrefab,Agent,MoveState,Moving,Goal,20.00,0.00,20.00,8.83,0.00,8.79,8.87,0.00,8.84,DStar
256,8.43,AllyPrefab,Ally,AllyIdleState,Idling,AgentPrefab,8.87,0.00,8.84,9.00,0.00,17.00,9.00,0.00,17.00,N/A
257,8.47,AgentPrefab,Agent,MoveState,Moving,AllyPrefab,9.00,0.00,17.00,8.87,0.00,8.84,8.87,0.00,8.84,DStar
257,8.47,AgentPrefab,Agent,MoveState,Moving,Goal,20.00,0.00,20.00,8.87,0.00,8.84,8.91,0.00,8.89,DStar
257,8.47,AllyPrefab,Ally,AllyIdleState,Idling,AgentPrefab,8.91,0.00,8.89,9.00,0.00,17.00,9.00,0.00,17.00,N/A
258,8.50,AgentPrefab,Agent,MoveState,Moving,AllyPrefab,9.00,0.00,17.00,8.91,0.00,8.89,8.91,0.00,8.89,DStar
258,8.50,AgentPrefab,Agent,MoveState,Moving,Goal,20.00,0.00,20.00,8.91,0.00,8.89,8.96,0.00,8.94,DStar
258,8.50,AllyPrefab,Ally,AllyIdleState,Idling,AgentPrefab,8.96,0.00,8.94,9.00,0.00,17.00,9.00,0.00,17.00,N/A
259,8.53,AgentPrefab,Agent,MoveState,Moving,AllyPrefab,9.00,0.00,17.00,8.96,0.00,8.94,8.96,0.00,8.94,DStar
259,8.53,AgentPrefab,Agent,MoveState,Moving,Goal,20.00,0.00,20.00,8.96,0.00,8.94,9.00,0.00,8.99,DStar
259,8.53,AllyPrefab,Ally,AllyIdleState,Idling,AgentPrefab,9.00,0.00,8.99,9.00,0.00,17.00,9.00,0.00,17.00,N/A
260,8.57,AgentPrefab,Agent,MoveState,Moving,AllyPrefab,9.00,0.00,17.00,9.00,0.00,8.99,9.00,0.00,8.99,DStar
260,8.57,AgentPrefab,Agent,MoveState,Moving,Goal,20.00,0.00,20.00,9.00,0.00,8.99,9.04,0.00,9.04,DStar
260,8.57,AllyPrefab,Ally,AllyIdleState,Idling,AgentPrefab,9.04,0.00,9.04,9.00,0.00,17.00,9.00,0.00,17.00,N/A
261,8.60,AgentPrefab,Agent,MoveState,Moving,AllyPrefab,9.00,0.00,17.00,9.04,0.00,9.04,9.04,0.00,9.04,DStar
261,8.60,AgentPrefab,Agent,MoveState,Moving,Goal,20.00,0.00,20.00,9.04,0.00,9.04,9.08,0.00,9.09,DStar
261,8.60,AllyPrefab,Ally,AllyMoveState,Moving,AgentPrefab,9.08,0.00,9.09,9.00,0.00,17.00,9.00,0.00,17.00,N/A
262,8.63,AgentPrefab,Agent,MoveState,Moving,AllyPrefab,9.00,0.00,16.93,9.08,0.00,9.09,9.08,0.00,9.09,DStar
262,8.63,AgentPrefab,Agent,MoveState,Moving,Goal,20.00,0.00,20.00,9.08,0.00,9.09,9.13,0.00,9.14,DStar
262,8.63,AllyPrefab,Ally,AllyMoveState,Moving,AgentPrefab,9.13,0.00,9.14,9.00,0.00,16.93,9.00,0.00,16.93,N/A
263,8.67,AgentPrefab,Agent,MoveState,Moving,AllyPrefab,9.00,0.00,16.87,9.13,0.00,9.14,9.13,0.00,9.14,DStar
263,8.67,AgentPrefab,Agent,MoveState,Moving,Goal,20.00,0.00,20.00,9.13,0.00,9.14,9.18,0.00,9.19,DStar
263,8.67,AllyPrefab,Ally,AllyMoveState,Moving,AgentPrefab,9.18,0.00,9.19,9.00,0.00,16.87,9.00,0.00,16.87,N/A
264,8.70,AgentPrefab,Agent,MoveState,Moving,AllyPrefab,9.00,0.00,16.80,9.18,0.00,9.19,9.18,0.00,9.19,DStar
264,8.70,AgentPrefab,Agent,MoveState,Moving,Goal,20.00,0.00,20.00,9.18,0.00,9.19,9.23,0.00,9.23,DStar
264,8.70,AllyPrefab,Ally,AllyMoveState,Moving,AgentPrefab,9.23,0.00,9.23,9.00,0.00,16.80,9.00,0.00,16.80,N/A
265,8.73,AgentPrefab,Agent,MoveState,Moving,AllyPrefab,9.01,0.00,16.73,9.23,0.00,9.23,9.23,0.00,9.23,DStar
265,8.73,AgentPrefab,Agent,MoveState,Moving,Goal,20.00,0.00,20.00,9.23,0.00,9.23,9.28,0.00,9.27,DStar
265,8.73,AllyPrefab,Ally,AllyMoveState,Moving,AgentPrefab,9.28,0.00,9.27,9.01,0.00,16.73,9.01,0.00,16.73,N/A
266,8.77,AgentPrefab,Agent,MoveState,Moving,AllyPrefab,9.01,0.00,16.67,9.28,0.00,9.27,9.28,0.00,9.27,DStar
266,8.77,AgentPrefab,Agent,MoveState,Moving,Goal,20.00,0.00,20.00,9.28,0.00,9.27,9.33,0.00,9.31,DStar
266,8.77,AllyPrefab,Ally,AllyMoveState,Moving,AgentPrefab,9.33,0.00,9.31,9.01,0.00,16.67,9.01,0.00,16.67,N/A
267,8.80,AgentPrefab,Agent,MoveState,Moving,AllyPrefab,9.01,0.00,16.60,9.33,0.00,9.31,9.33,0.00,9.31,DStar
267,8.80,AgentPrefab,Agent,MoveState,Moving,Goal,20.00,0.00,20.00,9.33,0.00,9.31,9.38,0.00,9.36,DStar
267,8.80,AllyPrefab,Ally,AllyMoveState,Moving,AgentPrefab,9.38,0.00,9.36,9.01,0.00,16.60,9.01,0.00,16.60,N/A
268,8.83,AgentPrefab,Agent,MoveState,Moving,AllyPrefab,9.01,0.00,16.53,9.38,0.00,9.36,9.38,0.00,9.36,DStar
268,8.83,AgentPrefab,Agent,MoveState,Moving,Goal,20.00,0.00,20.00,9.38,0.00,9.36,9.43,0.00,9.40,DStar
268,8.83,AllyPrefab,Ally,AllyMoveState,Moving,AgentPrefab,9.43,0.00,9.40,9.01,0.00,16.53,9.01,0.00,16.53,N/A
269,8.87,AgentPrefab,Agent,MoveState,Moving,AllyPrefab,9.02,0.00,16.47,9.43,0.00,9.40,9.43,0.00,9.40,DStar
269,8.87,AgentPrefab,Agent,MoveState,Moving,Goal,20.00,0.00,20.00,9.43,0.00,9.40,9.48,0.00,9.44,DStar
269,8.87,AllyPrefab,Ally,AllyMoveState,Moving,AgentPrefab,9.48,0.00,9.44,9.02,0.00,16.47,9.02,0.00,16.47,N/A
270,8.90,AgentPrefab,Agent,MoveState,Moving,AllyPrefab,9.02,0.00,16.40,9.48,0.00,9.44,9.48,0.00,9.44,DStar
270,8.90,AgentPrefab,Agent,MoveState,Moving,Goal,20.00,0.00,20.00,9.48,0.00,9.44,9.54,0.00,9.49,DStar
270,8.90,AllyPrefab,Ally,AllyMoveState,Moving,AgentPrefab,9.54,0.00,9.49,9.02,0.00,16.40,9.02,0.00,16.40,N/A
271,8.93,AgentPrefab,Agent,MoveState,Moving,AllyPrefab,9.03,0.00,16.33,9.54,0.00,9.49,9.54,0.00,9.49,DStar
271,8.93,AgentPrefab,Agent,MoveState,Moving,Goal,20.00,0.00,20.00,9.54,0.00,9.49,9.59,0.00,9.53,DStar
271,8.93,AllyPrefab,Ally,AllyMoveState,Moving,AgentPrefab,9.59,0.00,9.53,9.03,0.00,16.33,9.03,0.00,16.33,N/A
272,8.97,AgentPrefab,Agent,MoveState,Moving,AllyPrefab,9.03,0.00,16.27,9.59,0.00,9.53,9.59,0.00,9.53,DStar
272,8.97,AgentPrefab,Agent,MoveState,Moving,Goal,20.00,0.00,20.00,9.59,0.00,9.53,9.64,0.00,9.57,DStar
272,8.97,AllyPrefab,Ally,AllyMoveState,Moving,AgentPrefab,9.64,0.00,9.57,9.03,0.00,16.27,9.03,0.00,16.27,N/A
273,9.00,AgentPrefab,Agent,MoveState,Moving,AllyPrefab,9.04,0.00,16.20,9.64,0.00,9.57,9.64,0.00,9.57,DStar
273,9.00,AgentPrefab,Agent,MoveState,Moving,Goal,20.00,0.00,20.00,9.64,0.00,9.57,9.69,0.00,9.61,DStar
273,9.00,AllyPrefab,Ally,AllyMoveState,Moving,AgentPrefab,9.69,0.00,9.61,9.04,0.00,16.20,9.04,0.00,16.20,N/A
274,9.03,AgentPrefab,Agent,MoveState,Moving,AllyPrefab,9.05,0.00,16.13,9.69,0.00,9.61,9.69,0.00,9.61,DStar
274,9.03,AgentPrefab,Agent,MoveState,Moving,Goal,20.00,0.00,20.00,9.69,0.00,9.61,9.74,0.00,9.66,DStar
274,9.03,AllyPrefab,Ally,AllyMoveState,Moving,AgentPrefab,9.74,0.00,9.66,9.05,0.00,16.13,9.05,0.00,16.13,N/A
275,9.07,AgentPrefab,Agent,MoveState,Moving,AllyPrefab,9.05,0.00,16.07,9.74,0.00,9.66,9.74,0.00,9.66,DStar
275,9.07,AgentPrefab,Agent,MoveState,Moving,Goal,20.00,0.00,20.00,9.74,0.00,9.66,9.79,0.00,9.70,DStar
275,9.07,AllyPrefab,Ally,AllyMoveState,Moving,AgentPrefab,9.79,0.00,9.70,9.05,0.00,16.07,9.05,0.00,16.07,N/A
276,9.10,AgentPrefab,Agent,MoveState,Moving,AllyPrefab,9.06,0.00,16.00,9.79,0.00,9.70,9.79,0.00,9.70,DStar
276,9.10,AgentPrefab,Agent,MoveState,Moving,Goal,20.00,0.00,20.00,9.79,0.00,9.70,9.84,0.00,9.74,DStar
276,9.10,AllyPrefab,Ally,AllyMoveState,Moving,AgentPrefab,9.84,0.00,9.74,9.06,0.00,16.00,9.06,0.00,16.00,N/A
277,9.13,AgentPrefab,Agent,MoveState,Moving,AllyPrefab,9.07,0.00,15.94,9.84,0.00,9.74,9.84,0.00,9.74,DStar
277,9.13,AgentPrefab,Agent,MoveState,Moving,Goal,20.00,0.00,20.00,9.84,0.00,9.74,9.89,0.00,9.79,DStar
277,9.13,AllyPrefab,Ally,AllyMoveState,Moving,AgentPrefab,9.89,0.00,9.79,9.07,0.00,15.94,9.07,0.00,15.94,N/A
278,9.17,AgentPrefab,Agent,MoveState,Moving,AllyPrefab,9.08,0.00,15.87,9.89,0.00,9.79,9.89,0.00,9.79,DStar
278,9.17,AgentPrefab,Agent,MoveState,Moving,Goal,20.00,0.00,20.00,9.89,0.00,9.79,9.94,0.00,9.84,DStar
278,9.17,AllyPrefab,Ally,AllyMoveState,Moving,AgentPrefab,9.94,0.00,9.84,9.08,0.00,15.87,9.08,0.00,15.87,N/A
279,9.20,AgentPrefab,Agent,MoveState,Moving,AllyPrefab,9.09,0.00,15.80,9.94,0.00,9.84,9.94,0.00,9.84,DStar
279,9.20,AgentPrefab,Agent,MoveState,Moving,Goal,20.00,0.00,20.00,9.94,0.00,9.84,9.98,0.00,9.88,DStar
279,9.20,AllyPrefab,Ally,AllyMoveState,Moving,AgentPrefab,9.98,0.00,9.88,9.09,0.00,15.80,9.09,0.00,15.80,N/A
280,9.23,AgentPrefab,Agent,MoveState,Moving,AllyPrefab,9.10,0.00,15.74,9.98,0.00,9.88,9.98,0.00,9.88,DStar
280,9.23,AgentPrefab,Agent,MoveState,Moving,Goal,20.00,0.00,20.00,9.98,0.00,9.88,10.03,0.00,9.93,DStar
280,9.23,AllyPrefab,Ally,AllyMoveState,Moving,AgentPrefab,10.03,0.00,9.93,9.10,0.00,15.74,9.10,0.00,15.74,N/A
281,9.27,AgentPrefab,Agent,MoveState,Moving,AllyPrefab,9.11,0.00,15.67,10.03,0.00,9.93,10.03,0.00,9.93,DStar
281,9.27,AgentPrefab,Agent,MoveState,Moving,Goal,20.00,0.00,20.00,10.03,0.00,9.93,10.08,0.00,9.98,DStar
281,9.27,AllyPrefab,Ally,AllyMoveState,Moving,AgentPrefab,10.08,0.00,9.98,9.11,0.00,15.67,9.11,0.00,15.67,N/A
282,9.30,AgentPrefab,Agent,MoveState,Moving,AllyPrefab,9.12,0.00,15.61,10.08,0.00,9.98,10.08,0.00,9.98,DStar
282,9.30,AgentPrefab,Agent,MoveState,Moving,Goal,20.00,0.00,20.00,10.08,0.00,9.98,10.12,0.00,10.03,DStar
282,9.30,AllyPrefab,Ally,AllyMoveState,Moving,AgentPrefab,10.12,0.00,10.03,9.12,0.00,15.61,9.12,0.00,15.61,N/A
283,9.33,AgentPrefab,Agent,MoveState,Moving,AllyPrefab,9.13,0.00,15.54,10.12,0.00,10.03,10.12,0.00,10.03,DStar
283,9.33,AgentPrefab,Agent,MoveState,Moving,Goal,20.00,0.00,20.00,10.12,0.00,10.03,10.17,0.00,10.07,DStar
283,9.33,AllyPrefab,Ally,AllyMoveState,Moving,AgentPrefab,10.17,0.00,10.07,9.13,0.00,15.54,9.13,0.00,15.54,N/A
284,9.37,AgentPrefab,Agent,MoveState,Moving,AllyPrefab,9.14,0.00,15.48,10.17,0.00,10.07,10.17,0.00,10.07,DStar
284,9.37,AgentPrefab,Agent,MoveState,Moving,Goal,20.00,0.00,20.00,10.17,0.00,10.07,10.22,0.00,10.12,DStar
284,9.37,AllyPrefab,Ally,AllyMoveState,Moving,AgentPrefab,10.22,0.00,10.12,9.14,0.00,15.48,9.14,0.00,15.48,N/A
285,9.40,AgentPrefab,Agent,MoveState,Moving,AllyPrefab,9.16,0.00,15.41,10.22,0.00,10.12,10.22,0.00,10.12,DStar
285,9.40,AgentPrefab,Agent,MoveState,Moving,Goal,20.00,0.00,20.00,10.22,0.00,10.12,10.26,0.00,10.17,DStar
285,9.40,AllyPrefab,Ally,AllyMoveState,Moving,AgentPrefab,10.26,0.00,10.17,9.16,0.00,15.41,9.16,0.00,15.41,N/A
286,9.43,AgentPrefab,Agent,MoveState,Moving,AllyPrefab,9.17,0.00,15.34,10.26,0.00,10.17,10.26,0.00,10.17,DStar
286,9.43,AgentPrefab,Agent,MoveState,Moving,Goal,20.00,0.00,20.00,10.26,0.00,10.17,10.31,0.00,10.22,DStar
286,9.43,AllyPrefab,Ally,AllyMoveState,Moving,AgentPrefab,10.31,0.00,10.22,9.17,0.00,15.34,9.17,0.00,15.34,N/A
287,9.47,AgentPrefab,Agent,MoveState,Moving,AllyPrefab,9.18,0.00,15.28,10.31,0.00,10.22,10.31,0.00,10.22,DStar
287,9.47,AgentPrefab,Agent,MoveState,Moving,Goal,20.00,0.00,20.00,10.31,0.00,10.22,10.36,0.00,10.26,DStar
287,9.47,AllyPrefab,Ally,AllyMoveState,Moving,AgentPrefab,10.36,0.00,10.26,9.18,0.00,15.28,9.18,0.00,15.28,N/A
288,9.50,AgentPrefab,Agent,MoveState,Moving,AllyPrefab,9.20,0.00,15.21,10.36,0.00,10.26,10.36,0.00,10.26,DStar
288,9.50,AgentPrefab,Agent,MoveState,Moving,Goal,20.00,0.00,20.00,10.36,0.00,10.26,10.40,0.00,10.31,DStar
288,9.50,AllyPrefab,Ally,AllyMoveState,Moving,AgentPrefab,10.40,0.00,10.31,9.20,0.00,15.21,9.20,0.00,15.21,N/A
289,9.53,AgentPrefab,Agent,MoveState,Moving,AllyPrefab,9.22,0.00,15.15,10.40,0.00,10.31,10.40,0.00,10.31,DStar
289,9.53,AgentPrefab,Agent,MoveState,Moving,Goal,20.00,0.00,20.00,10.40,0.00,10.31,10.45,0.00,10.36,DStar
289,9.53,AllyPrefab,Ally,AllyMoveState,Moving,AgentPrefab,10.45,0.00,10.36,9.22,0.00,15.15,9.22,0.00,15.15,N/A
290,9.57,AgentPrefab,Agent,MoveState,Moving,AllyPrefab,9.23,0.00,15.09,10.45,0.00,10.36,10.45,0.00,10.36,DStar
290,9.57,AgentPrefab,Agent,MoveState,Moving,Goal,20.00,0.00,20.00,10.45,0.00,10.36,10.50,0.00,10.41,DStar
290,9.57,AllyPrefab,Ally,AllyMoveState,Moving,AgentPrefab,10.50,0.00,10.41,9.23,0.00,15.09,9.23,0.00,15.09,N/A
291,9.60,AgentPrefab,Agent,MoveState,Moving,AllyPrefab,9.25,0.00,15.02,10.50,0.00,10.41,10.50,0.00,10.41,DStar
291,9.60,AgentPrefab,Agent,MoveState,Moving,Goal,20.00,0.00,20.00,10.50,0.00,10.41,10.55,0.00,10.45,DStar
291,9.60,AllyPrefab,Ally,AllyMoveState,Moving,AgentPrefab,10.55,0.00,10.45,9.25,0.00,15.02,9.25,0.00,15.02,N/A
292,9.63,AgentPrefab,Agent,MoveState,Moving,AllyPrefab,9.27,0.00,14.96,10.55,0.00,10.45,10.55,0.00,10.45,DStar
292,9.63,AgentPrefab,Agent,MoveState,Moving,Goal,20.00,0.00,20.00,10.55,0.00,10.45,10.59,0.00,10.50,DStar
292,9.63,AllyPrefab,Ally,AllyMoveState,Moving,AgentPrefab,10.59,0.00,10.50,9.27,0.00,14.96,9.27,0.00,14.96,N/A
293,9.67,AgentPrefab,Agent,MoveState,Moving,AllyPrefab,9.29,0.00,14.89,10.59,0.00,10.50,10.59,0.00,10.50,DStar
293,9.67,AgentPrefab,Agent,MoveState,Moving,Goal,20.00,0.00,20.00,10.59,0.00,10.50,10.64,0.00,10.55,DStar
293,9.67,AllyPrefab,Ally,AllyMoveState,Moving,AgentPrefab,10.64,0.00,10.55,9.29,0.00,14.89,9.29,0.00,14.89,N/A
294,9.70,AgentPrefab,Agent,MoveState,Moving,AllyPrefab,9.31,0.00,14.83,10.64,0.00,10.55,10.64,0.00,10.55,DStar
294,9.70,AgentPrefab,Agent,MoveState,Moving,Goal,20.00,0.00,20.00,10.64,0.00,10.55,10.69,0.00,10.59,DStar
294,9.70,AllyPrefab,Ally,AllyMoveState,Moving,AgentPrefab,10.69,0.00,10.59,9.31,0.00,14.83,9.31,0.00,14.83,N/A
295,9.73,AgentPrefab,Agent,MoveState,Moving,AllyPrefab,9.33,0.00,14.77,10.69,0.00,10.59,10.69,0.00,10.59,DStar
295,9.73,AgentPrefab,Agent,MoveState,Moving,Goal,20.00,0.00,20.00,10.69,0.00,10.59,10.73,0.00,10.64,DStar
295,9.73,AllyPrefab,Ally,AllyMoveState,Moving,AgentPrefab,10.73,0.00,10.64,9.33,0.00,14.77,9.33,0.00,14.77,N/A
296,9.77,AgentPrefab,Agent,MoveState,Moving,AllyPrefab,9.35,0.00,14.70,10.73,0.00,10.64,10.73,0.00,10.64,DStar
296,9.77,AgentPrefab,Agent,MoveState,Moving,Goal,20.00,0.00,20.00,10.73,0.00,10.64,10.78,0.00,10.69,DStar
296,9.77,AllyPrefab,Ally,AllyMoveState,Moving,AgentPrefab,10.78,0.00,10.69,9.35,0.00,14.70,9.35,0.00,14.70,N/A
297,9.80,AgentPrefab,Agent,MoveState,Moving,AllyPrefab,9.37,0.00,14.64,10.78,0.00,10.69,10.78,0.00,10.69,DStar
297,9.80,AgentPrefab,Agent,MoveState,Moving,Goal,20.00,0.00,20.00,10.78,0.00,10.69,10.83,0.00,10.74,DStar
297,9.80,AllyPrefab,Ally,AllyMoveState,Moving,AgentPrefab,10.83,0.00,10.74,9.37,0.00,14.64,9.37,0.00,14.64,N/A
298,9.83,AgentPrefab,Agent,MoveState,Moving,AllyPrefab,9.39,0.00,14.58,10.83,0.00,10.74,10.83,0.00,10.74,DStar
298,9.83,AgentPrefab,Agent,MoveState,Moving,Goal,20.00,0.00,20.00,10.83,0.00,10.74,10.87,0.00,10.78,DStar
298,9.83,AllyPrefab,Ally,AllyMoveState,Moving,AgentPrefab,10.87,0.00,10.78,9.39,0.00,14.58,9.39,0.00,14.58,N/A
299,9.87,AgentPrefab,Agent,MoveState,Moving,AllyPrefab,9.42,0.00,14.52,10.87,0.00,10.78,10.87,0.00,10.78,DStar
299,9.87,AgentPrefab,Agent,MoveState,Moving,Goal,20.00,0.00,20.00,10.87,0.00,10.78,10.92,0.00,10.83,DStar
299,9.87,AllyPrefab,Ally,AllyMoveState,Moving,AgentPrefab,10.92,0.00,10.83,9.42,0.00,14.52,9.42,0.00,14.52,N/A
300,9.90,AgentPrefab,Agent,MoveState,Moving,AllyPrefab,9.44,0.00,14.45,10.92,0.00,10.83,10.92,0.00,10.83,DStar
300,9.90,AgentPrefab,Agent,MoveState,Moving,Goal,20.00,0.00,20.00,10.92,0.00,10.83,10.97,0.00,10.88,DStar
300,9.90,AllyPrefab,Ally,AllyMoveState,Moving,AgentPrefab,10.97,0.00,10.88,9.44,0.00,14.45,9.44,0.00,14.45,N/A
301,9.93,AgentPrefab,Agent,MoveState,Moving,AllyPrefab,9.47,0.00,14.39,10.97,0.00,10.88,10.97,0.00,10.88,DStar
301,9.93,AgentPrefab,Agent,MoveState,Moving,Goal,20.00,0.00,20.00,10.97,0.00,10.88,11.01,0.00,10.93,DStar
301,9.93,AllyPrefab,Ally,AllyMoveState,Moving,AgentPrefab,11.01,0.00,10.93,9.47,0.00,14.39,9.47,0.00,14.39,N/A
302,9.97,AgentPrefab,Agent,MoveState,Moving,AllyPrefab,9.50,0.00,14.33,11.01,0.00,10.93,11.01,0.00,10.93,DStar
302,9.97,AgentPrefab,Agent,MoveState,Moving,Goal,20.00,0.00,20.00,11.01,0.00,10.93,11.06,0.00,10.97,DStar
302,9.97,AllyPrefab,Ally,AllyMoveState,Moving,AgentPrefab,11.06,0.00,10.97,9.50,0.00,14.33,9.50,0.00,14.33,N/A
303,10.00,AgentPrefab,Agent,MoveState,Moving,AllyPrefab,9.52,0.00,14.27,11.06,0.00,10.97,11.06,0.00,10.97,DStar
303,10.00,AgentPrefab,Agent,MoveState,Moving,Goal,20.00,0.00,20.00,11.06,0.00,10.97,11.11,0.00,11.02,DStar
303,10.00,AllyPrefab,Ally,AllyMoveState,Moving,AgentPrefab,11.11,0.00,11.02,9.52,0.00,14.27,9.52,0.00,14.27,N/A
304,10.03,AgentPrefab,Agent,MoveState,Moving,AllyPrefab,9.55,0.00,14.21,11.11,0.00,11.02,11.11,0.00,11.02,DStar
304,10.03,AgentPrefab,Agent,MoveState,Moving,Goal,20.00,0.00,20.00,11.11,0.00,11.02,11.16,0.00,11.07,DStar
304,10.03,AllyPrefab,Ally,AllyMoveState,Moving,AgentPrefab,11.16,0.00,11.07,9.55,0.00,14.21,9.55,0.00,14.21,N/A
305,10.07,AgentPrefab,Agent,MoveState,Moving,AllyPrefab,9.58,0.00,14.15,11.16,0.00,11.07,11.16,0.00,11.07,DStar
305,10.07,AgentPrefab,Agent,MoveState,Moving,Goal,20.00,0.00,20.00,11.16,0.00,11.07,11.20,0.00,11.12,DStar
305,10.07,AllyPrefab,Ally,AllyMoveState,Moving,AgentPrefab,11.20,0.00,11.12,9.58,0.00,14.15,9.58,0.00,14.15,N/A
306,10.10,AgentPrefab,Agent,MoveState,Moving,AllyPrefab,9.62,0.00,14.09,11.20,0.00,11.12,11.20,0.00,11.12,DStar
306,10.10,AgentPrefab,Agent,MoveState,Moving,Goal,20.00,0.00,20.00,11.20,0.00,11.12,11.25,0.00,11.16,DStar
306,10.10,AllyPrefab,Ally,AllyMoveState,Moving,AgentPrefab,11.25,0.00,11.16,9.62,0.00,14.09,9.62,0.00,14.09,N/A
307,10.13,AgentPrefab,Agent,MoveState,Moving,AllyPrefab,9.65,0.00,14.04,11.25,0.00,11.16,11.25,0.00,11.16,DStar
307,10.13,AgentPrefab,Agent,MoveState,Moving,Goal,20.00,0.00,20.00,11.25,0.00,11.16,11.30,0.00,11.21,DStar
307,10.13,AllyPrefab,Ally,AllyMoveState,Moving,AgentPrefab,11.30,0.00,11.21,9.65,0.00,14.04,9.65,0.00,14.04,N/A
308,10.17,AgentPrefab,Agent,MoveState,Moving,AllyPrefab,9.68,0.00,13.98,11.30,0.00,11.21,11.30,0.00,11.21,DStar
308,10.17,AgentPrefab,Agent,MoveState,Moving,Goal,20.00,0.00,20.00,11.30,0.00,11.21,11.30,0.00,11.21,DStar
308,10.17,AllyPrefab,Ally,AllyMoveState,Moving,AgentPrefab,11.30,0.00,11.21,9.68,0.00,13.98,9.68,0.00,13.98,N/A
309,10.20,AgentPrefab,Agent,MoveState,Moving,AllyPrefab,9.72,0.00,13.92,11.30,0.00,11.21,11.30,0.00,11.21,DStar
309,10.20,AgentPrefab,Agent,MoveState,Moving,Goal,20.00,0.00,20.00,11.30,0.00,11.21,11.35,0.00,11.24,DStar
309,10.20,AllyPrefab,Ally,AllyMoveState,Moving,AgentPrefab,11.35,0.00,11.24,9.72,0.00,13.92,9.72,0.00,13.92,N/A
310,10.23,AgentPrefab,Agent,MoveState,Moving,AllyPrefab,9.75,0.00,13.86,11.35,0.00,11.24,11.35,0.00,11.24,DStar
310,10.23,AgentPrefab,Agent,MoveState,Moving,Goal,20.00,0.00,20.00,11.35,0.00,11.24,11.41,0.00,11.28,DStar
310,10.23,AllyPrefab,Ally,AllyMoveState,Moving,AgentPrefab,11.41,0.00,11.28,9.75,0.00,13.86,9.75,0.00,13.86,N/A
311,10.27,AgentPrefab,Agent,MoveState,Moving,AllyPrefab,9.79,0.00,13.81,11.41,0.00,11.28,11.41,0.00,11.28,DStar
311,10.27,AgentPrefab,Agent,MoveState,Moving,Goal,20.00,0.00,20.00,11.41,0.00,11.28,11.47,0.00,11.31,DStar
311,10.27,AllyPrefab,Ally,AllyMoveState,Moving,AgentPrefab,11.47,0.00,11.31,9.79,0.00,13.81,9.79,0.00,13.81,N/A
312,10.30,AgentPrefab,Agent,MoveState,Moving,AllyPrefab,9.82,0.00,13.75,11.47,0.00,11.31,11.47,0.00,11.31,DStar
312,10.30,AgentPrefab,Agent,MoveState,Moving,Goal,20.00,0.00,20.00,11.47,0.00,11.31,11.53,0.00,11.34,DStar
312,10.30,AllyPrefab,Ally,AllyMoveState,Moving,AgentPrefab,11.53,0.00,11.34,9.82,0.00,13.75,9.82,0.00,13.75,N/A
313,10.33,AgentPrefab,Agent,MoveState,Moving,AllyPrefab,9.86,0.00,13.70,11.53,0.00,11.34,11.53,0.00,11.34,DStar
313,10.33,AgentPrefab,Agent,MoveState,Moving,Goal,20.00,0.00,20.00,11.53,0.00,11.34,11.58,0.00,11.38,DStar
313,10.33,AllyPrefab,Ally,AllyMoveState,Moving,AgentPrefab,11.58,0.00,11.38,9.86,0.00,13.70,9.86,0.00,13.70,N/A
314,10.37,AgentPrefab,Agent,MoveState,Moving,AllyPrefab,9.90,0.00,13.64,11.58,0.00,11.38,11.58,0.00,11.38,DStar
314,10.37,AgentPrefab,Agent,MoveState,Moving,Goal,20.00,0.00,20.00,11.58,0.00,11.38,11.64,0.00,11.41,DStar
314,10.37,AllyPrefab,Ally,AllyMoveState,Moving,AgentPrefab,11.64,0.00,11.41,9.90,0.00,13.64,9.90,0.00,13.64,N/A
315,10.40,AgentPrefab,Agent,MoveState,Moving,AllyPrefab,9.94,0.00,13.59,11.64,0.00,11.41,11.64,0.00,11.41,DStar
315,10.40,AgentPrefab,Agent,MoveState,Moving,Goal,20.00,0.00,20.00,11.64,0.00,11.41,11.70,0.00,11.44,DStar
315,10.40,AllyPrefab,Ally,AllyMoveState,Moving,AgentPrefab,11.70,0.00,11.44,9.94,0.00,13.59,9.94,0.00,13.59,N/A
316,10.43,AgentPrefab,Agent,MoveState,Moving,AllyPrefab,9.98,0.00,13.54,11.70,0.00,11.44,11.70,0.00,11.44,DStar
316,10.43,AgentPrefab,Agent,MoveState,Moving,Goal,20.00,0.00,20.00,11.70,0.00,11.44,11.76,0.00,11.48,DStar
316,10.43,AllyPrefab,Ally,AllyMoveState,Moving,AgentPrefab,11.76,0.00,11.48,9.98,0.00,13.54,9.98,0.00,13.54,N/A
317,10.47,AgentPrefab,Agent,MoveState,Moving,AllyPrefab,10.03,0.00,13.49,11.76,0.00,11.48,11.76,0.00,11.48,DStar
317,10.47,AgentPrefab,Agent,MoveState,Moving,Goal,20.00,0.00,20.00,11.76,0.00,11.48,11.82,0.00,11.51,DStar
317,10.47,AllyPrefab,Ally,AllyMoveState,Moving,AgentPrefab,11.82,0.00,11.51,10.03,0.00,13.49,10.03,0.00,13.49,N/A
318,10.50,AgentPrefab,Agent,MoveState,Moving,AllyPrefab,10.07,0.00,13.44,11.82,0.00,11.51,11.82,0.00,11.51,DStar
318,10.50,AgentPrefab,Agent,MoveState,Moving,Goal,20.00,0.00,20.00,11.82,0.00,11.51,11.87,0.00,11.54,DStar
318,10.50,AllyPrefab,Ally,AllyMoveState,Moving,AgentPrefab,11.87,0.00,11.54,10.07,0.00,13.44,10.07,0.00,13.44,N/A
319,10.53,AgentPrefab,Agent,MoveState,Moving,AllyPrefab,10.12,0.00,13.39,11.87,0.00,11.54,11.87,0.00,11.54,DStar
319,10.53,AgentPrefab,Agent,MoveState,Moving,Goal,20.00,0.00,20.00,11.87,0.00,11.54,11.93,0.00,11.58,DStar
319,10.53,AllyPrefab,Ally,AllyMoveState,Moving,AgentPrefab,11.93,0.00,11.58,10.12,0.00,13.39,10.12,0.00,13.39,N/A
320,10.57,AgentPrefab,Agent,MoveState,Moving,AllyPrefab,10.17,0.00,13.34,11.93,0.00,11.58,11.93,0.00,11.58,DStar
320,10.57,AgentPrefab,Agent,MoveState,Moving,Goal,20.00,0.00,20.00,11.93,0.00,11.58,11.99,0.00,11.61,DStar
320,10.57,AllyPrefab,Ally,AllyMoveState,Moving,AgentPrefab,11.99,0.00,11.61,10.17,0.00,13.34,10.17,0.00,13.34,N/A
321,10.60,AgentPrefab,Agent,MoveState,Moving,AllyPrefab,10.21,0.00,13.30,11.99,0.00,11.61,11.99,0.00,11.61,DStar
321,10.60,AgentPrefab,Agent,MoveState,Moving,Goal,20.00,0.00,20.00,11.99,0.00,11.61,12.05,0.00,11.64,DStar
321,10.60,AllyPrefab,Ally,AllyMoveState,Moving,AgentPrefab,12.05,0.00,11.64,10.21,0.00,13.30,10.21,0.00,13.30,N/A
322,10.63,AgentPrefab,Agent,MoveState,Moving,AllyPrefab,10.26,0.00,13.25,12.05,0.00,11.64,12.05,0.00,11.64,DStar
322,10.63,AgentPrefab,Agent,MoveState,Moving,Goal,20.00,0.00,20.00,12.05,0.00,11.64,12.10,0.00,11.68,DStar
322,10.63,AllyPrefab,Ally,AllyMoveState,Moving,AgentPrefab,12.10,0.00,11.68,10.26,0.00,13.25,10.26,0.00,13.25,N/A
323,10.67,AgentPrefab,Agent,MoveState,Moving,AllyPrefab,10.31,0.00,13.21,12.10,0.00,11.68,12.10,0.00,11.68,DStar
323,10.67,AgentPrefab,Agent,MoveState,Moving,Goal,20.00,0.00,20.00,12.10,0.00,11.68,12.16,0.00,11.71,DStar
323,10.67,AllyPrefab,Ally,AllyMoveState,Moving,AgentPrefab,12.16,0.00,11.71,10.31,0.00,13.21,10.31,0.00,13.21,N/A
324,10.70,AgentPrefab,Agent,MoveState,Moving,AllyPrefab,10.37,0.00,13.17,12.16,0.00,11.71,12.16,0.00,11.71,DStar
324,10.70,AgentPrefab,Agent,MoveState,Moving,Goal,20.00,0.00,20.00,12.16,0.00,11.71,12.22,0.00,11.73,DStar
324,10.70,AllyPrefab,Ally,AllyMoveState,Moving,AgentPrefab,12.22,0.00,11.73,10.37,0.00,13.17,10.37,0.00,13.17,N/A
325,10.73,AgentPrefab,Agent,MoveState,Moving,AllyPrefab,10.42,0.00,13.13,12.22,0.00,11.73,12.22,0.00,11.73,DStar
325,10.73,AgentPrefab,Agent,MoveState,Moving,Goal,20.00,0.00,20.00,12.22,0.00,11.73,12.22,0.00,11.73,DStar
325,10.73,AllyPrefab,Ally,AllyMoveState,Moving,AgentPrefab,12.22,0.00,11.73,10.42,0.00,13.13,10.42,0.00,13.13,N/A
326,10.77,AgentPrefab,Agent,MoveState,Moving,AllyPrefab,10.47,0.00,13.09,12.22,0.00,11.73,12.22,0.00,11.73,DStar
326,10.77,AgentPrefab,Agent,MoveState,Moving,Goal,20.00,0.00,20.00,12.22,0.00,11.73,12.27,0.00,11.78,DStar
326,10.77,AllyPrefab,Ally,AllyMoveState,Moving,AgentPrefab,12.27,0.00,11.78,10.47,0.00,13.09,10.47,0.00,13.09,N/A
327,10.80,AgentPrefab,Agent,MoveState,Moving,AllyPrefab,10.53,0.00,13.05,12.27,0.00,11.78,12.27,0.00,11.78,DStar
327,10.80,AgentPrefab,Agent,MoveState,Moving,Goal,20.00,0.00,20.00,12.27,0.00,11.78,12.31,0.00,11.84,DStar
327,10.80,AllyPrefab,Ally,AllyMoveState,Moving,AgentPrefab,12.31,0.00,11.84,10.53,0.00,13.05,10.53,0.00,13.05,N/A
328,10.83,AgentPrefab,Agent,MoveState,Moving,AllyPrefab,10.58,0.00,13.01,12.31,0.00,11.84,12.31,0.00,11.84,DStar
328,10.83,AgentPrefab,Agent,MoveState,Moving,Goal,20.00,0.00,20.00,12.31,0.00,11.84,12.35,0.00,11.89,DStar
328,10.83,AllyPrefab,Ally,AllyMoveState,Moving,AgentPrefab,12.35,0.00,11.89,10.58,0.00,13.01,10.58,0.00,13.01,N/A
329,10.87,AgentPrefab,Agent,MoveState,Moving,AllyPrefab,10.64,0.00,12.97,12.35,0.00,11.89,12.35,0.00,11.89,DStar
329,10.87,AgentPrefab,Agent,MoveState,Moving,Goal,20.00,0.00,20.00,12.35,0.00,11.89,12.40,0.00,11.94,DStar
329,10.87,AllyPrefab,Ally,AllyMoveState,Moving,AgentPrefab,12.40,0.00,11.94,10.64,0.00,12.97,10.64,0.00,12.97,N/A
330,10.90,AgentPrefab,Agent,MoveState,Moving,AllyPrefab,10.69,0.00,12.94,12.40,0.00,11.94,12.40,0.00,11.94,DStar
330,10.90,AllyPrefab,Ally,AllyMoveState,Moving,AgentPrefab,12.40,0.00,11.94,10.69,0.00,12.94,10.69,0.00,12.94,N/A
331,10.93,AllyPrefab,Ally,AllyAttackState,Attacking,AgentPrefab,12.40,0.00,11.94,10.69,0.00,12.94,10.69,0.00,12.94,N/A
332,10.97,AllyPrefab,Ally,AllyAttackState,Attacking,AgentPrefab,12.40,0.00,11.94,10.69,0.00,12.94,10.69,0.00,12.94,N/A
333,11.00,AllyPrefab,Ally,AllyAttackState,Attacking,AgentPrefab,12.40,0.00,11.94,10.69,0.00,12.94,10.69,0.00,12.94,N/A
334,11.03,AllyPrefab,Ally,AllyAttackState,Attacking,AgentPrefab,12.40,0.00,11.94,10.69,0.00,12.94,10.69,0.00,12.94,N/A
335,11.07,AllyPrefab,Ally,AllyAttackState,Attacking,AgentPrefab,12.40,0.00,11.94,10.69,0.00,12.94,10.69,0.00,12.94,N/A
336,11.10,AllyPrefab,Ally,AllyAttackState,Attacking,AgentPrefab,12.40,0.00,11.94,10.69,0.00,12.94,10.69,0.00,12.94,N/A
337,11.13,AllyPrefab,Ally,AllyAttackState,Attacking,AgentPrefab,12.40,0.00,11.94,10.69,0.00,12.94,10.69,0.00,12.94,N/A
338,11.17,AllyPrefab,Ally,AllyAttackState,Attacking,AgentPrefab,12.40,0.00,11.94,10.69,0.00,12.94,10.69,0.00,12.94,N/A
339,11.20,AllyPrefab,Ally,AllyAttackState,Attacking,AgentPrefab,12.40,0.00,11.94,10.69,0.00,12.94,10.69,0.00,12.94,N/A
340,11.23,AllyPrefab,Ally,AllyAttackState,Attacking,AgentPrefab,12.40,0.00,11.94,10.69,0.00,12.94,10.69,0.00,12.94,N/A
341,11.27,AllyPrefab,Ally,AllyAttackState,Attacking,AgentPrefab,12.40,0.00,11.94,10.69,0.00,12.94,10.69,0.00,12.94,N/A
342,11.30,AllyPrefab,Ally,AllyAttackState,Attacking,AgentPrefab,12.40,0.00,11.94,10.69,0.00,12.94,10.69,0.00,12.94,N/A
343,11.33,AllyPrefab,Ally,AllyAttackState,Attacking,AgentPrefab,12.40,0.00,11.94,10.69,0.00,12.94,10.69,0.00,12.94,N/A
344,11.37,AllyPrefab,Ally,AllyAttackState,Attacking,AgentPrefab,12.40,0.00,11.94,10.69,0.00,12.94,10.69,0.00,12.94,N/A
345,11.40,AllyPrefab,Ally,AllyAttackState,Attacking,AgentPrefab,12.40,0.00,11.94,10.69,0.00,12.94,10.69,0.00,12.94,N/A
346,11.43,AllyPrefab,Ally,AllyAttackState,Attacking,AgentPrefab,12.40,0.00,11.94,10.69,0.00,12.94,10.69,0.00,12.94,N/A
347,11.47,AllyPrefab,Ally,AllyAttackState,Attacking,AgentPrefab,12.40,0.00,11.94,10.69,0.00,12.94,10.69,0.00,12.94,N/A
348,11.50,AllyPrefab,Ally,AllyAttackState,Attacking,AgentPrefab,12.40,0.00,11.94,10.69,0.00,12.94,10.69,0.00,12.94,N/A
349,11.53,AllyPrefab,Ally,AllyAttackState,Attacking,AgentPrefab,12.40,0.00,11.94,10.69,0.00,12.94,10.69,0.00,12.94,N/A
350,11.57,AllyPrefab,Ally,AllyAttackState,Attacking,AgentPrefab,12.40,0.00,11.94,10.69,0.00,12.94,10.69,0.00,12.94,N/A
351,11.60,AllyPrefab,Ally,AllyAttackState,Attacking,AgentPrefab,12.40,0.00,11.94,10.69,0.00,12.94,10.69,0.00,12.94,N/A
352,11.63,AllyPrefab,Ally,AllyAttackState,Attacking,AgentPrefab,12.40,0.00,11.94,10.69,0.00,12.94,10.69,0.00,12.94,N/A
353,11.67,AllyPrefab,Ally,AllyAttackState,Attacking,AgentPrefab,12.40,0.00,11.94,10.69,0.00,12.94,10.69,0.00,12.94,N/A
354,11.70,AllyPrefab,Ally,AllyAttackState,Attacking,AgentPrefab,12.40,0.00,11.94,10.69,0.00,12.94,10.69,0.00,12.94,N/A
355,11.73,AllyPrefab,Ally,AllyAttackState,Attacking,AgentPrefab,12.40,0.00,11.94,10.69,0.00,12.94,10.69,0.00,12.94,N/A
356,11.77,AllyPrefab,Ally,AllyAttackState,Attacking,AgentPrefab,12.40,0.00,11.94,10.69,0.00,12.94,10.69,0.00,12.94,N/A
357,11.80,AllyPrefab,Ally,AllyAttackState,Attacking,AgentPrefab,12.40,0.00,11.94,10.69,0.00,12.94,10.69,0.00,12.94,N/A
358,11.83,AllyPrefab,Ally,AllyAttackState,Attacking,AgentPrefab,12.40,0.00,11.94,10.69,0.00,12.94,10.69,0.00,12.94,N/A
359,11.87,AllyPrefab,Ally,AllyAttackState,Attacking,AgentPrefab,12.40,0.00,11.94,10.69,0.00,12.94,10.69,0.00,12.94,N/A
360,11.90,AllyPrefab,Ally,AllyAttackState,Attacking,AgentPrefab,12.40,0.00,11.94,10.69,0.00,12.94,10.69,0.00,12.94,N/A
361,11.93,AllyPrefab,Ally,AllyAttackState,Attacking,AgentPrefab,12.40,0.00,11.94,10.69,0.00,12.94,10.69,0.00,12.94,N/A
362,11.97,AllyPrefab,Ally,AllyAttackState,Attacking,AgentPrefab,12.40,0.00,11.94,10.69,0.00,12.94,10.69,0.00,12.94,N/A
363,12.00,AllyPrefab,Ally,AllyAttackState,Attacking,AgentPrefab,12.40,0.00,11.94,10.69,0.00,12.94,10.69,0.00,12.94,N/A
364,12.03,AllyPrefab,Ally,AllyAttackState,Attacking,AgentPrefab,12.40,0.00,11.94,10.69,0.00,12.94,10.69,0.00,12.94,N/A
365,12.07,AllyPrefab,Ally,AllyAttackState,Attacking,AgentPrefab,12.40,0.00,11.94,10.69,0.00,12.94,10.69,0.00,12.94,N/A
366,12.10,AllyPrefab,Ally,AllyAttackState,Attacking,AgentPrefab,12.40,0.00,11.94,10.69,0.00,12.94,10.69,0.00,12.94,N/A
367,12.13,AllyPrefab,Ally,AllyAttackState,Attacking,AgentPrefab,12.40,0.00,11.94,10.69,0.00,12.94,10.69,0.00,12.94,N/A
368,12.17,AllyPrefab,Ally,AllyAttackState,Attacking,AgentPrefab,12.40,0.00,11.94,10.69,0.00,12.94,10.69,0.00,12.94,N/A
369,12.20,AllyPrefab,Ally,AllyAttackState,Attacking,AgentPrefab,12.40,0.00,11.94,10.69,0.00,12.94,10.69,0.00,12.94,N/A
370,12.23,AllyPrefab,Ally,AllyAttackState,Attacking,AgentPrefab,12.40,0.00,11.94,10.69,0.00,12.94,10.69,0.00,12.94,N/A
371,12.27,AllyPrefab,Ally,AllyAttackState,Attacking,AgentPrefab,12.40,0.00,11.94,10.69,0.00,12.94,10.69,0.00,12.94,N/A
372,12.30,AllyPrefab,Ally,AllyAttackState,Attacking,AgentPrefab,12.40,0.00,11.94,10.69,0.00,12.94,10.69,0.00,12.94,N/A
373,12.33,AllyPrefab,Ally,AllyAttackState,Attacking,AgentPrefab,12.40,0.00,11.94,10.69,0.00,12.94,10.69,0.00,12.94,N/A
374,12.37,AllyPrefab,Ally,AllyAttackState,Attacking,AgentPrefab,12.40,0.00,11.94,10.69,0.00,12.94,10.69,0.00,12.94,N/A
375,12.40,AllyPrefab,Ally,AllyAttackState,Attacking,AgentPrefab,12.40,0.00,11.94,10.69,0.00,12.94,10.69,0.00,12.94,N/A
376,12.43,AllyPrefab,Ally,AllyAttackState,Attacking,AgentPrefab,12.40,0.00,11.94,10.69,0.00,12.94,10.69,0.00,12.94,N/A
377,12.47,AllyPrefab,Ally,AllyAttackState,Attacking,AgentPrefab,12.40,0.00,11.94,10.69,0.00,12.94,10.69,0.00,12.94,N/A
378,12.50,AllyPrefab,Ally,AllyAttackState,Attacking,AgentPrefab,12.40,0.00,11.94,10.69,0.00,12.94,10.69,0.00,12.94,N/A
379,12.53,AllyPrefab,Ally,AllyAttackState,Attacking,AgentPrefab,12.40,0.00,11.94,10.69,0.00,12.94,10.69,0.00,12.94,N/A
380,12.57,AllyPrefab,Ally,AllyAttackState,Attacking,AgentPrefab,12.40,0.00,11.94,10.69,0.00,12.94,10.69,0.00,12.94,N/A
381,12.60,AllyPrefab,Ally,AllyAttackState,Attacking,AgentPrefab,12.40,0.00,11.94,10.69,0.00,12.94,10.69,0.00,12.94,N/A
382,12.63,AllyPrefab,Ally,AllyAttackState,Attacking,AgentPrefab,12.40,0.00,11.94,10.69,0.00,12.94,10.69,0.00,12.94,N/A
383,12.67,AllyPrefab,Ally,AllyAttackState,Attacking,AgentPrefab,12.40,0.00,11.94,10.69,0.00,12.94,10.69,0.00,12.94,N/A
384,12.70,AllyPrefab,Ally,AllyAttackState,Attacking,AgentPrefab,12.40,0.00,11.94,10.69,0.00,12.94,10.69,0.00,12.94,N/A
385,12.73,AllyPrefab,Ally,AllyAttackState,Attacking,AgentPrefab,12.40,0.00,11.94,10.69,0.00,12.94,10.69,0.00,12.94,N/A
386,12.77,AllyPrefab,Ally,AllyAttackState,Attacking,AgentPrefab,12.40,0.00,11.94,10.69,0.00,12.94,10.69,0.00,12.94,N/A
387,12.80,AllyPrefab,Ally,AllyAttackState,Attacking,AgentPrefab,12.40,0.00,11.94,10.69,0.00,12.94,10.69,0.00,12.94,N/A
388,12.83,AllyPrefab,Ally,AllyAttackState,Attacking,AgentPrefab,12.40,0.00,11.94,10.69,0.00,12.94,10.69,0.00,12.94,N/A
389,12.87,AllyPrefab,Ally,AllyAttackState,Attacking,AgentPrefab,12.40,0.00,11.94,10.69,0.00,12.94,10.69,0.00,12.94,N/A
390,12.90,AllyPrefab,Ally,AllyAttackState,Attacking,AgentPrefab,12.40,0.00,11.94,10.69,0.00,12.94,10.69,0.00,12.94,N/A
391,12.93,AllyPrefab,Ally,AllyAttackState,Attacking,AgentPrefab,12.40,0.00,11.94,10.69,0.00,12.94,10.69,0.00,12.94,N/A
392,12.97,AllyPrefab,Ally,AllyAttackState,Attacking,AgentPrefab,12.40,0.00,11.94,10.69,0.00,12.94,10.69,0.00,12.94,N/A
393,13.00,AllyPrefab,Ally,AllyAttackState,Attacking,AgentPrefab,12.40,0.00,11.94,10.69,0.00,12.94,10.69,0.00,12.94,N/A
394,13.03,AllyPrefab,Ally,AllyAttackState,Attacking,AgentPrefab,12.40,0.00,11.94,10.69,0.00,12.94,10.69,0.00,12.94,N/A
395,13.07,AllyPrefab,Ally,AllyAttackState,Attacking,AgentPrefab,12.40,0.00,11.94,10.69,0.00,12.94,10.69,0.00,12.94,N/A
396,13.10,AllyPrefab,Ally,AllyAttackState,Attacking,AgentPrefab,12.40,0.00,11.94,10.69,0.00,12.94,10.69,0.00,12.94,N/A
397,13.13,AllyPrefab,Ally,AllyAttackState,Attacking,AgentPrefab,12.40,0.00,11.94,10.69,0.00,12.94,10.69,0.00,12.94,N/A
398,13.17,AllyPrefab,Ally,AllyAttackState,Attacking,AgentPrefab,12.40,0.00,11.94,10.69,0.00,12.94,10.69,0.00,12.94,N/A
399,13.20,AllyPrefab,Ally,AllyAttackState,Attacking,AgentPrefab,12.40,0.00,11.94,10.69,0.00,12.94,10.69,0.00,12.94,N/A
400,13.23,AllyPrefab,Ally,AllyAttackState,Attacking,AgentPrefab,12.40,0.00,11.94,10.69,0.00,12.94,10.69,0.00,12.94,N/A
401,13.27,AllyPrefab,Ally,AllyAttackState,Attacking,AgentPrefab,12.40,0.00,11.94,10.69,0.00,12.94,10.69,0.00,12.94,N/A
402,13.30,AllyPrefab,Ally,AllyAttackState,Attacking,AgentPrefab,12.40,0.00,11.94,10.69,0.00,12.94,10.69,0.00,12.94,N/A
403,13.33,AllyPrefab,Ally,AllyAttackState,Attacking,AgentPrefab,12.40,0.00,11.94,10.69,0.00,12.94,10.69,0.00,12.94,N/A
404,13.37,AllyPrefab,Ally,AllyAttackState,Attacking,AgentPrefab,12.40,0.00,11.94,10.69,0.00,12.94,10.69,0.00,12.94,N/A
405,13.40,AllyPrefab,Ally,AllyAttackState,Attacking,AgentPrefab,12.40,0.00,11.94,10.69,0.00,12.94,10.69,0.00,12.94,N/A
406,13.43,AllyPrefab,Ally,AllyAttackState,Attacking,AgentPrefab,12.40,0.00,11.94,10.69,0.00,12.94,10.69,0.00,12.94,N/A
407,13.47,AllyPrefab,Ally,AllyAttackState,Attacking,AgentPrefab,12.40,0.00,11.94,10.69,0.00,12.94,10.69,0.00,12.94,N/A
408,13.50,AllyPrefab,Ally,AllyAttackState,Attacking,AgentPrefab,12.40,0.00,11.94,10.69,0.00,12.94,10.69,0.00,12.94,N/A
409,13.53,AllyPrefab,Ally,AllyAttackState,Attacking,AgentPrefab,12.40,0.00,11.94,10.69,0.00,12.94,10.69,0.00,12.94,N/A
410,13.57,AllyPrefab,Ally,AllyAttackState,Attacking,AgentPrefab,12.40,0.00,11.94,10.69,0.00,12.94,10.69,0.00,12.94,N/A
411,13.60,AllyPrefab,Ally,AllyAttackState,Attacking,AgentPrefab,12.40,0.00,11.94,10.69,0.00,12.94,10.69,0.00,12.94,N/A
412,13.63,AllyPrefab,Ally,AllyAttackState,Attacking,AgentPrefab,12.40,0.00,11.94,10.69,0.00,12.94,10.69,0.00,12.94,N/A
413,13.67,AllyPrefab,Ally,AllyAttackState,Attacking,AgentPrefab,12.40,0.00,11.94,10.69,0.00,12.94,10.69,0.00,12.94,N/A
414,13.70,AllyPrefab,Ally,AllyAttackState,Attacking,AgentPrefab,12.40,0.00,11.94,10.69,0.00,12.94,10.69,0.00,12.94,N/A
415,13.73,AllyPrefab,Ally,AllyAttackState,Attacking,AgentPrefab,12.40,0.00,11.94,10.69,0.00,12.94,10.69,0.00,12.94,N/A
416,13.77,AllyPrefab,Ally,AllyAttackState,Attacking,AgentPrefab,12.40,0.00,11.94,10.69,0.00,12.94,10.69,0.00,12.94,N/A
417,13.80,AllyPrefab,Ally,AllyAttackState,Attacking,AgentPrefab,12.40,0.00,11.94,10.69,0.00,12.94,10.69,0.00,12.94,N/A
418,13.83,AllyPrefab,Ally,AllyAttackState,Attacking,AgentPrefab,12.40,0.00,11.94,10.69,0.00,12.94,10.69,0.00,12.94,N/A
419,13.87,AllyPrefab,Ally,AllyAttackState,Attacking,AgentPrefab,12.40,0.00,11.94,10.69,0.00,12.94,10.69,0.00,12.94,N/A
420,13.90,AllyPrefab,Ally,AllyAttackState,Attacking,AgentPrefab,12.40,0.00,11.94,10.69,0.00,12.94,10.69,0.00,12.94,N/A
421,13.93,AllyPrefab,Ally,AllyAttackState,Attacking,AgentPrefab,12.40,0.00,11.94,10.69,0.00,12.94,10.69,0.00,12.94,N/A
422,13.97,AllyPrefab,Ally,AllyAttackState,Attacking,AgentPrefab,12.40,0.00,11.94,10.69,0.00,12.94,10.69,0.00,12.94,N/A
423,14.00,AllyPrefab,Ally,AllyAttackState,Attacking,AgentPrefab,12.40,0.00,11.94,10.69,0.00,12.94,10.69,0.00,12.94,N/A
424,14.03,AllyPrefab,Ally,AllyAttackState,Attacking,AgentPrefab,12.40,0.00,11.94,10.69,0.00,12.94,10.69,0.00,12.94,N/A
425,14.07,AllyPrefab,Ally,AllyAttackState,Attacking,AgentPrefab,12.40,0.00,11.94,10.69,0.00,12.94,10.69,0.00,12.94,N/A
426,14.10,AllyPrefab,Ally,AllyAttackState,Attacking,AgentPrefab,12.40,0.00,11.94,10.69,0.00,12.94,10.69,0.00,12.94,N/A
427,14.13,AllyPrefab,Ally,AllyAttackState,Attacking,AgentPrefab,12.40,0.00,11.94,10.69,0.00,12.94,10.69,0.00,12.94,N/A
428,14.17,AllyPrefab,Ally,AllyAttackState,Attacking,AgentPrefab,12.40,0.00,11.94,10.69,0.00,12.94,10.69,0.00,12.94,N/A
429,14.20,AllyPrefab,Ally,AllyAttackState,Attacking,AgentPrefab,12.40,0.00,11.94,10.69,0.00,12.94,10.69,0.00,12.94,N/A
430,14.23,AllyPrefab,Ally,AllyAttackState,Attacking,AgentPrefab,12.40,0.00,11.94,10.69,0.00,12.94,10.69,0.00,12.94,N/A
431,14.27,AllyPrefab,Ally,AllyAttackState,Attacking,AgentPrefab,12.40,0.00,11.94,10.69,0.00,12.94,10.69,0.00,12.94,N/A
432,14.30,AllyPrefab,Ally,AllyAttackState,Attacking,AgentPrefab,12.40,0.00,11.94,10.69,0.00,12.94,10.69,0.00,12.94,N/A
433,14.33,AllyPrefab,Ally,AllyAttackState,Attacking,AgentPrefab,12.40,0.00,11.94,10.69,0.00,12.94,10.69,0.00,12.94,N/A
434,14.37,AllyPrefab,Ally,AllyAttackState,Attacking,AgentPrefab,12.40,0.00,11.94,10.69,0.00,12.94,10.69,0.00,12.94,N/A
435,14.40,AllyPrefab,Ally,AllyAttackState,Attacking,AgentPrefab,12.40,0.00,11.94,10.69,0.00,12.94,10.69,0.00,12.94,N/A
436,14.43,AllyPrefab,Ally,AllyAttackState,Attacking,AgentPrefab,12.40,0.00,11.94,10.69,0.00,12.94,10.69,0.00,12.94,N/A
437,14.47,AllyPrefab,Ally,AllyAttackState,Attacking,AgentPrefab,12.40,0.00,11.94,10.69,0.00,12.94,10.69,0.00,12.94,N/A
438,14.50,AllyPrefab,Ally,AllyAttackState,Attacking,AgentPrefab,12.40,0.00,11.94,10.69,0.00,12.94,10.69,0.00,12.94,N/A
439,14.53,AllyPrefab,Ally,AllyAttackState,Attacking,AgentPrefab,12.40,0.00,11.94,10.69,0.00,12.94,10.69,0.00,12.94,N/A
440,14.57,AllyPrefab,Ally,AllyAttackState,Attacking,AgentPrefab,12.40,0.00,11.94,10.69,0.00,12.94,10.69,0.00,12.94,N/A
441,14.60,AllyPrefab,Ally,AllyAttackState,Attacking,AgentPrefab,12.40,0.00,11.94,10.69,0.00,12.94,10.69,0.00,12.94,N/A
442,14.63,AllyPrefab,Ally,AllyAttackState,Attacking,AgentPrefab,12.40,0.00,11.94,10.69,0.00,12.94,10.69,0.00,12.94,N/A
443,14.67,AllyPrefab,Ally,AllyAttackState,Attacking,AgentPrefab,12.40,0.00,11.94,10.69,0.00,12.94,10.69,0.00,12.94,N/A
444,14.70,AllyPrefab,Ally,AllyAttackState,Attacking,AgentPrefab,12.40,0.00,11.94,10.69,0.00,12.94,10.69,0.00,12.94,N/A
445,14.73,AllyPrefab,Ally,AllyAttackState,Attacking,AgentPrefab,12.40,0.00,11.94,10.69,0.00,12.94,10.69,0.00,12.94,N/A
446,14.77,AllyPrefab,Ally,AllyAttackState,Attacking,AgentPrefab,12.40,0.00,11.94,10.69,0.00,12.94,10.69,0.00,12.94,N/A
447,14.80,AllyPrefab,Ally,AllyAttackState,Attacking,AgentPrefab,12.40,0.00,11.94,10.69,0.00,12.94,10.69,0.00,12.94,N/A
448,14.83,AllyPrefab,Ally,AllyAttackState,Attacking,AgentPrefab,12.40,0.00,11.94,10.69,0.00,12.94,10.69,0.00,12.94,N/A
449,14.87,AllyPrefab,Ally,AllyAttackState,Attacking,AgentPrefab,12.40,0.00,11.94,10.69,0.00,12.94,10.69,0.00,12.94,N/A
450,14.90,AllyPrefab,Ally,AllyAttackState,Attacking,AgentPrefab,12.40,0.00,11.94,10.69,0.00,12.94,10.69,0.00,12.94,N/A
451,14.93,AllyPrefab,Ally,AllyAttackState,Attacking,AgentPrefab,12.40,0.00,11.94,10.69,0.00,12.94,10.69,0.00,12.94,N/A
452,14.97,AllyPrefab,Ally,AllyAttackState,Attacking,AgentPrefab,12.40,0.00,11.94,10.69,0.00,12.94,10.69,0.00,12.94,N/A
453,15.00,AllyPrefab,Ally,AllyAttackState,Attacking,AgentPrefab,12.40,0.00,11.94,10.69,0.00,12.94,10.69,0.00,12.94,N/A
454,15.03,AllyPrefab,Ally,AllyAttackState,Attacking,AgentPrefab,12.40,0.00,11.94,10.69,0.00,12.94,10.69,0.00,12.94,N/A
455,15.07,AllyPrefab,Ally,AllyAttackState,Attacking,AgentPrefab,12.40,0.00,11.94,10.69,0.00,12.94,10.69,0.00,12.94,N/A
456,15.10,AllyPrefab,Ally,AllyAttackState,Attacking,AgentPrefab,12.40,0.00,11.94,10.69,0.00,12.94,10.69,0.00,12.94,N/A
457,15.13,AllyPrefab,Ally,AllyAttackState,Attacking,AgentPrefab,12.40,0.00,11.94,10.69,0.00,12.94,10.69,0.00,12.94,N/A
458,15.17,AllyPrefab,Ally,AllyAttackState,Attacking,AgentPrefab,12.40,0.00,11.94,10.69,0.00,12.94,10.69,0.00,12.94,N/A
459,15.20,AllyPrefab,Ally,AllyAttackState,Attacking,AgentPrefab,12.40,0.00,11.94,10.69,0.00,12.94,10.69,0.00,12.94,N/A
460,15.23,AllyPrefab,Ally,AllyAttackState,Attacking,AgentPrefab,12.40,0.00,11.94,10.69,0.00,12.94,10.69,0.00,12.94,N/A
461,15.27,AllyPrefab,Ally,AllyAttackState,Attacking,AgentPrefab,12.40,0.00,11.94,10.69,0.00,12.94,10.69,0.00,12.94,N/A
462,15.30,AllyPrefab,Ally,AllyAttackState,Attacking,AgentPrefab,12.40,0.00,11.94,10.69,0.00,12.94,10.69,0.00,12.94,N/A
463,15.33,AllyPrefab,Ally,AllyAttackState,Attacking,AgentPrefab,12.40,0.00,11.94,10.69,0.00,12.94,10.69,0.00,12.94,N/A
464,15.37,AllyPrefab,Ally,AllyAttackState,Attacking,AgentPrefab,12.40,0.00,11.94,10.69,0.00,12.94,10.69,0.00,12.94,N/A
465,15.40,AllyPrefab,Ally,AllyAttackState,Attacking,AgentPrefab,12.40,0.00,11.94,10.69,0.00,12.94,10.69,0.00,12.94,N/A
466,15.43,AllyPrefab,Ally,AllyAttackState,Attacking,AgentPrefab,12.40,0.00,11.94,10.69,0.00,12.94,10.69,0.00,12.94,N/A
467,15.47,AllyPrefab,Ally,AllyAttackState,Attacking,AgentPrefab,12.40,0.00,11.94,10.69,0.00,12.94,10.69,0.00,12.94,N/A
468,15.50,AllyPrefab,Ally,AllyAttackState,Attacking,AgentPrefab,12.40,0.00,11.94,10.69,0.00,12.94,10.69,0.00,12.94,N/A
469,15.53,AllyPrefab,Ally,AllyAttackState,Attacking,AgentPrefab,12.40,0.00,11.94,10.69,0.00,12.94,10.69,0.00,12.94,N/A
470,15.57,AllyPrefab,Ally,AllyAttackState,Attacking,AgentPrefab,12.40,0.00,11.94,10.69,0.00,12.94,10.69,0.00,12.94,N/A
471,15.60,AllyPrefab,Ally,AllyAttackState,Attacking,AgentPrefab,12.40,0.00,11.94,10.69,0.00,12.94,10.69,0.00,12.94,N/A
472,15.63,AllyPrefab,Ally,AllyAttackState,Attacking,AgentPrefab,12.40,0.00,11.94,10.69,0.00,12.94,10.69,0.00,12.94,N/A
473,15.67,AllyPrefab,Ally,AllyAttackState,Attacking,AgentPrefab,12.40,0.00,11.94,10.69,0.00,12.94,10.69,0.00,12.94,N/A
474,15.70,AllyPrefab,Ally,AllyAttackState,Attacking,AgentPrefab,12.40,0.00,11.94,10.69,0.00,12.94,10.69,0.00,12.94,N/A
475,15.73,AllyPrefab,Ally,AllyAttackState,Attacking,AgentPrefab,12.40,0.00,11.94,10.69,0.00,12.94,10.69,0.00,12.94,N/A
476,15.77,AllyPrefab,Ally,AllyAttackState,Attacking,AgentPrefab,12.40,0.00,11.94,10.69,0.00,12.94,10.69,0.00,12.94,N/A
477,15.80,AllyPrefab,Ally,AllyAttackState,Attacking,AgentPrefab,12.40,0.00,11.94,10.69,0.00,12.94,10.69,0.00,12.94,N/A
478,15.83,AllyPrefab,Ally,AllyAttackState,Attacking,AgentPrefab,12.40,0.00,11.94,10.69,0.00,12.94,10.69,0.00,12.94,N/A
479,15.87,AllyPrefab,Ally,AllyAttackState,Attacking,AgentPrefab,12.40,0.00,11.94,10.69,0.00,12.94,10.69,0.00,12.94,N/A
480,15.90,AllyPrefab,Ally,AllyAttackState,Attacking,AgentPrefab,12.40,0.00,11.94,10.69,0.00,12.94,10.69,0.00,12.94,N/A
481,15.93,AllyPrefab,Ally,AllyAttackState,Attacking,AgentPrefab,12.40,0.00,11.94,10.69,0.00,12.94,10.69,0.00,12.94,N/A
482,15.97,AllyPrefab,Ally,AllyAttackState,Attacking,AgentPrefab,12.40,0.00,11.94,10.69,0.00,12.94,10.69,0.00,12.94,N/A
483,16.00,AllyPrefab,Ally,AllyAttackState,Attacking,AgentPrefab,12.40,0.00,11.94,10.69,0.00,12.94,10.69,0.00,12.94,N/A
484,16.03,AllyPrefab,Ally,AllyAttackState,Attacking,AgentPrefab,12.40,0.00,11.94,10.69,0.00,12.94,10.69,0.00,12.94,N/A
485,16.07,AllyPrefab,Ally,AllyAttackState,Attacking,AgentPrefab,12.40,0.00,11.94,10.69,0.00,12.94,10.69,0.00,12.94,N/A
486,16.10,AllyPrefab,Ally,AllyAttackState,Attacking,AgentPrefab,12.40,0.00,11.94,10.69,0.00,12.94,10.69,0.00,12.94,N/A
487,16.13,AllyPrefab,Ally,AllyAttackState,Attacking,AgentPrefab,12.40,0.00,11.94,10.69,0.00,12.94,10.69,0.00,12.94,N/A
488,16.17,AllyPrefab,Ally,AllyAttackState,Attacking,AgentPrefab,12.40,0.00,11.94,10.69,0.00,12.94,10.69,0.00,12.94,N/A
489,16.20,AllyPrefab,Ally,AllyAttackState,Attacking,AgentPrefab,12.40,0.00,11.94,10.69,0.00,12.94,10.69,0.00,12.94,N/A
490,16.23,AllyPrefab,Ally,AllyAttackState,Attacking,AgentPrefab,12.40,0.00,11.94,10.69,0.00,12.94,10.69,0.00,12.94,N/A
491,16.27,AllyPrefab,Ally,AllyAttackState,Attacking,AgentPrefab,12.40,0.00,11.94,10.69,0.00,12.94,10.69,0.00,12.94,N/A
492,16.30,AllyPrefab,Ally,AllyAttackState,Attacking,AgentPrefab,12.40,0.00,11.94,10.69,0.00,12.94,10.69,0.00,12.94,N/A
493,16.33,AllyPrefab,Ally,AllyAttackState,Attacking,AgentPrefab,12.40,0.00,11.94,10.69,0.00,12.94,10.69,0.00,12.94,N/A
494,16.37,AllyPrefab,Ally,AllyAttackState,Attacking,AgentPrefab,12.40,0.00,11.94,10.69,0.00,12.94,10.69,0.00,12.94,N/A
495,16.40,AllyPrefab,Ally,AllyAttackState,Attacking,AgentPrefab,12.40,0.00,11.94,10.69,0.00,12.94,10.69,0.00,12.94,N/A
496,16.43,AllyPrefab,Ally,AllyAttackState,Attacking,AgentPrefab,12.40,0.00,11.94,10.69,0.00,12.94,10.69,0.00,12.94,N/A
497,16.47,AllyPrefab,Ally,AllyAttackState,Attacking,AgentPrefab,12.40,0.00,11.94,10.69,0.00,12.94,10.69,0.00,12.94,N/A
498,16.50,AllyPrefab,Ally,AllyAttackState,Attacking,AgentPrefab,12.40,0.00,11.94,10.69,0.00,12.94,10.69,0.00,12.94,N/A
499,16.53,AllyPrefab,Ally,AllyAttackState,Attacking,AgentPrefab,12.40,0.00,11.94,10.69,0.00,12.94,10.69,0.00,12.94,N/A
500,16.57,AllyPrefab,Ally,AllyAttackState,Attacking,AgentPrefab,12.40,0.00,11.94,10.69,0.00,12.94,10.69,0.00,12.94,N/A
501,16.60,AllyPrefab,Ally,AllyAttackState,Attacking,AgentPrefab,12.40,0.00,11.94,10.69,0.00,12.94,10.69,0.00,12.94,N/A
502,16.63,AllyPrefab,Ally,AllyAttackState,Attacking,AgentPrefab,12.40,0.00,11.94,10.69,0.00,12.94,10.69,0.00,12.94,N/A
503,16.67,AllyPrefab,Ally,AllyAttackState,Attacking,AgentPrefab,12.40,0.00,11.94,10.69,0.00,12.94,10.69,0.00,12.94,N/A
504,16.70,AllyPrefab,Ally,AllyAttackState,Attacking,AgentPrefab,12.40,0.00,11.94,10.69,0.00,12.94,10.69,0.00,12.94,N/A
505,16.73,AllyPrefab,Ally,AllyAttackState,Attacking,AgentPrefab,12.40,0.00,11.94,10.69,0.00,12.94,10.69,0.00,12.94,N/A
506,16.77,AllyPrefab,Ally,AllyAttackState,Attacking,AgentPrefab,12.40,0.00,11.94,10.69,0.00,12.94,10.69,0.00,12.94,N/A
507,16.80,AllyPrefab,Ally,AllyAttackState,Attacking,AgentPrefab,12.40,0.00,11.94,10.69,0.00,12.94,10.69,0.00,12.94,N/A
508,16.83,AllyPrefab,Ally,AllyAttackState,Attacking,AgentPrefab,12.40,0.00,11.94,10.69,0.00,12.94,10.69,0.00,12.94,N/A
509,16.87,AllyPrefab,Ally,AllyAttackState,Attacking,AgentPrefab,12.40,0.00,11.94,10.69,0.00,12.94,10.69,0.00,12.94,N/A
510,16.90,AllyPrefab,Ally,AllyAttackState,Attacking,AgentPrefab,12.40,0.00,11.94,10.69,0.00,12.94,10.69,0.00,12.94,N/A
511,16.93,AllyPrefab,Ally,AllyAttackState,Attacking,AgentPrefab,12.40,0.00,11.94,10.69,0.00,12.94,10.69,0.00,12.94,N/A
512,16.97,AllyPrefab,Ally,AllyAttackState,Attacking,AgentPrefab,12.40,0.00,11.94,10.69,0.00,12.94,10.69,0.00,12.94,N/A
513,17.00,AllyPrefab,Ally,AllyAttackState,Attacking,AgentPrefab,12.40,0.00,11.94,10.69,0.00,12.94,10.69,0.00,12.94,N/A
514,17.03,AllyPrefab,Ally,AllyAttackState,Attacking,AgentPrefab,12.40,0.00,11.94,10.69,0.00,12.94,10.69,0.00,12.94,N/A
515,17.07,AllyPrefab,Ally,AllyAttackState,Attacking,AgentPrefab,12.40,0.00,11.94,10.69,0.00,12.94,10.69,0.00,12.94,N/A
516,17.10,AllyPrefab,Ally,AllyAttackState,Attacking,AgentPrefab,12.40,0.00,11.94,10.69,0.00,12.94,10.69,0.00,12.94,N/A
517,17.13,AllyPrefab,Ally,AllyAttackState,Attacking,AgentPrefab,12.40,0.00,11.94,10.69,0.00,12.94,10.69,0.00,12.94,N/A
518,17.17,AllyPrefab,Ally,AllyAttackState,Attacking,AgentPrefab,12.40,0.00,11.94,10.69,0.00,12.94,10.69,0.00,12.94,N/A
519,17.20,AllyPrefab,Ally,AllyAttackState,Attacking,AgentPrefab,12.40,0.00,11.94,10.69,0.00,12.94,10.69,0.00,12.94,N/A
520,17.23,AllyPrefab,Ally,AllyAttackState,Attacking,AgentPrefab,12.40,0.00,11.94,10.69,0.00,12.94,10.69,0.00,12.94,N/A
521,17.27,AllyPrefab,Ally,AllyAttackState,Attacking,AgentPrefab,12.40,0.00,11.94,10.69,0.00,12.94,10.69,0.00,12.94,N/A
522,17.30,AllyPrefab,Ally,AllyAttackState,Attacking,AgentPrefab,12.40,0.00,11.94,10.69,0.00,12.94,10.69,0.00,12.94,N/A
523,17.33,AllyPrefab,Ally,AllyAttackState,Attacking,AgentPrefab,12.40,0.00,11.94,10.69,0.00,12.94,10.69,0.00,12.94,N/A
524,17.37,AllyPrefab,Ally,AllyAttackState,Attacking,AgentPrefab,12.40,0.00,11.94,10.69,0.00,12.94,10.69,0.00,12.94,N/A
525,17.40,AllyPrefab,Ally,AllyAttackState,Attacking,AgentPrefab,12.40,0.00,11.94,10.69,0.00,12.94,10.69,0.00,12.94,N/A
526,17.43,AllyPrefab,Ally,AllyAttackState,Attacking,AgentPrefab,12.40,0.00,11.94,10.69,0.00,12.94,10.69,0.00,12.94,N/A
527,17.47,AllyPrefab,Ally,AllyAttackState,Attacking,AgentPrefab,12.40,0.00,11.94,10.69,0.00,12.94,10.69,0.00,12.94,N/A
528,17.50,AllyPrefab,Ally,AllyAttackState,Attacking,AgentPrefab,12.40,0.00,11.94,10.69,0.00,12.94,10.69,0.00,12.94,N/A
529,17.53,AllyPrefab,Ally,AllyAttackState,Attacking,AgentPrefab,12.40,0.00,11.94,10.69,0.00,12.94,10.69,0.00,12.94,N/A
530,17.57,AllyPrefab,Ally,AllyAttackState,Attacking,AgentPrefab,12.40,0.00,11.94,10.69,0.00,12.94,10.69,0.00,12.94,N/A
531,17.60,AllyPrefab,Ally,AllyAttackState,Attacking,AgentPrefab,12.40,0.00,11.94,10.69,0.00,12.94,10.69,0.00,12.94,N/A
532,17.63,AllyPrefab,Ally,AllyAttackState,Attacking,AgentPrefab,12.40,0.00,11.94,10.69,0.00,12.94,10.69,0.00,12.94,N/A
533,17.67,AllyPrefab,Ally,AllyAttackState,Attacking,AgentPrefab,12.40,0.00,11.94,10.69,0.00,12.94,10.69,0.00,12.94,N/A
534,17.70,AllyPrefab,Ally,AllyAttackState,Attacking,AgentPrefab,12.40,0.00,11.94,10.69,0.00,12.94,10.69,0.00,12.94,N/A
535,17.73,AllyPrefab,Ally,AllyAttackState,Attacking,AgentPrefab,12.40,0.00,11.94,10.69,0.00,12.94,10.69,0.00,12.94,N/A
536,17.77,AllyPrefab,Ally,AllyAttackState,Attacking,AgentPrefab,12.40,0.00,11.94,10.69,0.00,12.94,10.69,0.00,12.94,N/A
537,17.80,AllyPrefab,Ally,AllyAttackState,Attacking,AgentPrefab,12.40,0.00,11.94,10.69,0.00,12.94,10.69,0.00,12.94,N/A
538,17.83,AllyPrefab,Ally,AllyAttackState,Attacking,AgentPrefab,12.40,0.00,11.94,10.69,0.00,12.94,10.69,0.00,12.94,N/A
539,17.87,AllyPrefab,Ally,AllyAttackState,Attacking,AgentPrefab,12.40,0.00,11.94,10.69,0.00,12.94,10.69,0.00,12.94,N/A
540,17.90,AllyPrefab,Ally,AllyAttackState,Attacking,AgentPrefab,12.40,0.00,11.94,10.69,0.00,12.94,10.69,0.00,12.94,N/A
541,17.93,AllyPrefab,Ally,AllyAttackState,Attacking,AgentPrefab,12.40,0.00,11.94,10.69,0.00,12.94,10.69,0.00,12.94,N/A
542,17.97,AllyPrefab,Ally,AllyAttackState,Attacking,AgentPrefab,12.40,0.00,11.94,10.69,0.00,12.94,10.69,0.00,12.94,N/A
543,18.00,AllyPrefab,Ally,AllyAttackState,Attacking,AgentPrefab,12.40,0.00,11.94,10.69,0.00,12.94,10.69,0.00,12.94,N/A
544,18.03,AllyPrefab,Ally,AllyAttackState,Attacking,AgentPrefab,12.40,0.00,11.94,10.69,0.00,12.94,10.69,0.00,12.94,N/A
545,18.07,AllyPrefab,Ally,AllyAttackState,Attacking,AgentPrefab,12.40,0.00,11.94,10.69,0.00,12.94,10.69,0.00,12.94,N/A
546,18.10,AllyPrefab,Ally,AllyAttackState,Attacking,AgentPrefab,12.40,0.00,11.94,10.69,0.00,12.94,10.69,0.00,12.94,N/A
547,18.13,AllyPrefab,Ally,AllyAttackState,Attacking,AgentPrefab,12.40,0.00,11.94,10.69,0.00,12.94,10.69,0.00,12.94,N/A
548,18.17,AllyPrefab,Ally,AllyAttackState,Attacking,AgentPrefab,12.40,0.00,11.94,10.69,0.00,12.94,10.69,0.00,12.94,N/A
549,18.20,AllyPrefab,Ally,AllyAttackState,Attacking,AgentPrefab,12.40,0.00,11.94,10.69,0.00,12.94,10.69,0.00,12.94,N/A
550,18.23,AllyPrefab,Ally,AllyAttackState,Attacking,AgentPrefab,12.40,0.00,11.94,10.69,0.00,12.94,10.69,0.00,12.94,N/A
551,18.27,AllyPrefab,Ally,AllyAttackState,Attacking,AgentPrefab,12.40,0.00,11.94,10.69,0.00,12.94,10.69,0.00,12.94,N/A
552,18.30,AllyPrefab,Ally,AllyAttackState,Attacking,AgentPrefab,12.40,0.00,11.94,10.69,0.00,12.94,10.69,0.00,12.94,N/A
553,18.33,AllyPrefab,Ally,AllyAttackState,Attacking,AgentPrefab,12.40,0.00,11.94,10.69,0.00,12.94,10.69,0.00,12.94,N/A
554,18.37,AllyPrefab,Ally,AllyAttackState,Attacking,AgentPrefab,12.40,0.00,11.94,10.69,0.00,12.94,10.69,0.00,12.94,N/A
555,18.40,AllyPrefab,Ally,AllyAttackState,Attacking,AgentPrefab,12.40,0.00,11.94,10.69,0.00,12.94,10.69,0.00,12.94,N/A
556,18.43,AllyPrefab,Ally,AllyAttackState,Attacking,AgentPrefab,12.40,0.00,11.94,10.69,0.00,12.94,10.69,0.00,12.94,N/A
557,18.47,AllyPrefab,Ally,AllyAttackState,Attacking,AgentPrefab,12.40,0.00,11.94,10.69,0.00,12.94,10.69,0.00,12.94,N/A
558,18.50,AllyPrefab,Ally,AllyAttackState,Attacking,AgentPrefab,12.40,0.00,11.94,10.69,0.00,12.94,10.69,0.00,12.94,N/A
559,18.53,AllyPrefab,Ally,AllyAttackState,Attacking,AgentPrefab,12.40,0.00,11.94,10.69,0.00,12.94,10.69,0.00,12.94,N/A
560,18.57,AllyPrefab,Ally,AllyAttackState,Attacking,AgentPrefab,12.40,0.00,11.94,10.69,0.00,12.94,10.69,0.00,12.94,N/A
561,18.60,AllyPrefab,Ally,AllyAttackState,Attacking,AgentPrefab,12.40,0.00,11.94,10.69,0.00,12.94,10.69,0.00,12.94,N/A
562,18.63,AllyPrefab,Ally,AllyAttackState,Attacking,AgentPrefab,12.40,0.00,11.94,10.69,0.00,12.94,10.69,0.00,12.94,N/A
563,18.67,AllyPrefab,Ally,AllyAttackState,Attacking,AgentPrefab,12.40,0.00,11.94,10.69,0.00,12.94,10.69,0.00,12.94,N/A
564,18.70,AllyPrefab,Ally,AllyAttackState,Attacking,AgentPrefab,12.40,0.00,11.94,10.69,0.00,12.94,10.69,0.00,12.94,N/A
565,18.73,AllyPrefab,Ally,AllyAttackState,Attacking,AgentPrefab,12.40,0.00,11.94,10.69,0.00,12.94,10.69,0.00,12.94,N/A
566,18.77,AllyPrefab,Ally,AllyAttackState,Attacking,AgentPrefab,12.40,0.00,11.94,10.69,0.00,12.94,10.69,0.00,12.94,N/A
567,18.80,AllyPrefab,Ally,AllyAttackState,Attacking,AgentPrefab,12.40,0.00,11.94,10.69,0.00,12.94,10.69,0.00,12.94,N/A
568,18.83,AllyPrefab,Ally,AllyAttackState,Attacking,AgentPrefab,12.40,0.00,11.94,10.69,0.00,12.94,10.69,0.00,12.94,N/A
569,18.87,AllyPrefab,Ally,AllyAttackState,Attacking,AgentPrefab,12.40,0.00,11.94,10.69,0.00,12.94,10.69,0.00,12.94,N/A
570,18.90,AllyPrefab,Ally,AllyAttackState,Attacking,AgentPrefab,12.40,0.00,11.94,10.69,0.00,12.94,10.69,0.00,12.94,N/A
571,18.93,AllyPrefab,Ally,AllyAttackState,Attacking,AgentPrefab,12.40,0.00,11.94,10.69,0.00,12.94,10.69,0.00,12.94,N/A
572,18.97,AllyPrefab,Ally,AllyAttackState,Attacking,AgentPrefab,12.40,0.00,11.94,10.69,0.00,12.94,10.69,0.00,12.94,N/A
573,19.00,AllyPrefab,Ally,AllyAttackState,Attacking,AgentPrefab,12.40,0.00,11.94,10.69,0.00,12.94,10.69,0.00,12.94,N/A
574,19.03,AllyPrefab,Ally,AllyAttackState,Attacking,AgentPrefab,12.40,0.00,11.94,10.69,0.00,12.94,10.69,0.00,12.94,N/A
575,19.07,AllyPrefab,Ally,AllyAttackState,Attacking,AgentPrefab,12.40,0.00,11.94,10.69,0.00,12.94,10.69,0.00,12.94,N/A
576,19.10,AllyPrefab,Ally,AllyAttackState,Attacking,AgentPrefab,12.40,0.00,11.94,10.69,0.00,12.94,10.69,0.00,12.94,N/A
577,19.13,AllyPrefab,Ally,AllyAttackState,Attacking,AgentPrefab,12.40,0.00,11.94,10.69,0.00,12.94,10.69,0.00,12.94,N/A
578,19.17,AllyPrefab,Ally,AllyAttackState,Attacking,AgentPrefab,12.40,0.00,11.94,10.69,0.00,12.94,10.69,0.00,12.94,N/A
579,19.20,AllyPrefab,Ally,AllyAttackState,Attacking,AgentPrefab,12.40,0.00,11.94,10.69,0.00,12.94,10.69,0.00,12.94,N/A
580,19.23,AllyPrefab,Ally,AllyAttackState,Attacking,AgentPrefab,12.40,0.00,11.94,10.69,0.00,12.94,10.69,0.00,12.94,N/A
581,19.27,AllyPrefab,Ally,AllyAttackState,Attacking,AgentPrefab,12.40,0.00,11.94,10.69,0.00,12.94,10.69,0.00,12.94,N/A
582,19.30,AllyPrefab,Ally,AllyAttackState,Attacking,AgentPrefab,12.40,0.00,11.94,10.69,0.00,12.94,10.69,0.00,12.94,N/A
583,19.33,AllyPrefab,Ally,AllyAttackState,Attacking,AgentPrefab,12.40,0.00,11.94,10.69,0.00,12.94,10.69,0.00,12.94,N/A
584,19.37,AllyPrefab,Ally,AllyAttackState,Attacking,AgentPrefab,12.40,0.00,11.94,10.69,0.00,12.94,10.69,0.00,12.94,N/A
585,19.40,AllyPrefab,Ally,AllyAttackState,Attacking,AgentPrefab,12.40,0.00,11.94,10.69,0.00,12.94,10.69,0.00,12.94,N/A
586,19.43,AllyPrefab,Ally,AllyAttackState,Attacking,AgentPrefab,12.40,0.00,11.94,10.69,0.00,12.94,10.69,0.00,12.94,N/A
587,19.47,AllyPrefab,Ally,AllyAttackState,Attacking,AgentPrefab,12.40,0.00,11.94,10.69,0.00,12.94,10.69,0.00,12.94,N/A
588,19.50,AllyPrefab,Ally,AllyAttackState,Attacking,AgentPrefab,12.40,0.00,11.94,10.69,0.00,12.94,10.69,0.00,12.94,N/A
589,19.53,AllyPrefab,Ally,AllyAttackState,Attacking,AgentPrefab,12.40,0.00,11.94,10.69,0.00,12.94,10.69,0.00,12.94,N/A
590,19.57,AllyPrefab,Ally,AllyAttackState,Attacking,AgentPrefab,12.40,0.00,11.94,10.69,0.00,12.94,10.69,0.00,12.94,N/A
591,19.60,AllyPrefab,Ally,AllyAttackState,Attacking,AgentPrefab,12.40,0.00,11.94,10.69,0.00,12.94,10.69,0.00,12.94,N/A
592,19.63,AllyPrefab,Ally,AllyAttackState,Attacking,AgentPrefab,12.40,0.00,11.94,10.69,0.00,12.94,10.69,0.00,12.94,N/A
593,19.67,AllyPrefab,Ally,AllyAttackState,Attacking,AgentPrefab,12.40,0.00,11.94,10.69,0.00,12.94,10.69,0.00,12.94,N/A
594,19.70,AllyPrefab,Ally,AllyAttackState,Attacking,AgentPrefab,12.40,0.00,11.94,10.69,0.00,12.94,10.69,0.00,12.94,N/A
595,19.73,AllyPrefab,Ally,AllyAttackState,Attacking,AgentPrefab,12.40,0.00,11.94,10.69,0.00,12.94,10.69,0.00,12.94,N/A
596,19.77,AllyPrefab,Ally,AllyAttackState,Attacking,AgentPrefab,12.40,0.00,11.94,10.69,0.00,12.94,10.69,0.00,12.94,N/A
597,19.80,AllyPrefab,Ally,AllyAttackState,Attacking,AgentPrefab,12.40,0.00,11.94,10.69,0.00,12.94,10.69,0.00,12.94,N/A
598,19.83,AllyPrefab,Ally,AllyAttackState,Attacking,AgentPrefab,12.40,0.00,11.94,10.69,0.00,12.94,10.69,0.00,12.94,N/A
599,19.87,AllyPrefab,Ally,AllyAttackState,Attacking,AgentPrefab,12.40,0.00,11.94,10.69,0.00,12.94,10.69,0.00,12.94,N/A
600,19.90,AllyPrefab,Ally,AllyAttackState,Attacking,AgentPrefab,12.40,0.00,11.94,10.69,0.00,12.94,10.69,0.00,12.94,N/A
601,19.93,AllyPrefab,Ally,AllyAttackState,Attacking,AgentPrefab,12.40,0.00,11.94,10.69,0.00,12.94,10.69,0.00,12.94,N/A
602,19.97,AllyPrefab,Ally,AllyAttackState,Attacking,AgentPrefab,12.40,0.00,11.94,10.69,0.00,12.94,10.69,0.00,12.94,N/A
603,20.00,AllyPrefab,Ally,AllyAttackState,Attacking,AgentPrefab,12.40,0.00,11.94,10.69,0.00,12.94,10.69,0.00,12.94,N/A
604,20.03,AllyPrefab,Ally,AllyAttackState,Attacking,AgentPrefab,12.40,0.00,11.94,10.69,0.00,12.94,10.69,0.00,12.94,N/A
605,20.07,AllyPrefab,Ally,AllyAttackState,Attacking,AgentPrefab,12.40,0.00,11.94,10.69,0.00,12.94,10.69,0.00,12.94,N/A
606,20.10,AllyPrefab,Ally,AllyAttackState,Attacking,AgentPrefab,12.40,0.00,11.94,10.69,0.00,12.94,10.69,0.00,12.94,N/A
607,20.13,AllyPrefab,Ally,AllyAttackState,Attacking,AgentPrefab,12.40,0.00,11.94,10.69,0.00,12.94,10.69,0.00,12.94,N/A
608,20.17,AllyPrefab,Ally,AllyAttackState,Attacking,AgentPrefab,12.40,0.00,11.94,10.69,0.00,12.94,10.69,0.00,12.94,N/A
609,20.20,AllyPrefab,Ally,AllyAttackState,Attacking,AgentPrefab,12.40,0.00,11.94,10.69,0.00,12.94,10.69,0.00,12.94,N/A
610,20.23,AllyPrefab,Ally,AllyAttackState,Attacking,AgentPrefab,12.40,0.00,11.94,10.69,0.00,12.94,10.69,0.00,12.94,N/A
611,20.27,AllyPrefab,Ally,AllyAttackState,Attacking,AgentPrefab,12.40,0.00,11.94,10.69,0.00,12.94,10.69,0.00,12.94,N/A
612,20.30,AllyPrefab,Ally,AllyAttackState,Attacking,AgentPrefab,12.40,0.00,11.94,10.69,0.00,12.94,10.69,0.00,12.94,N/A
613,20.33,AllyPrefab,Ally,AllyAttackState,Attacking,AgentPrefab,12.40,0.00,11.94,10.69,0.00,12.94,10.69,0.00,12.94,N/A
614,20.37,AllyPrefab,Ally,AllyAttackState,Attacking,AgentPrefab,12.40,0.00,11.94,10.69,0.00,12.94,10.69,0.00,12.94,N/A
615,20.40,AllyPrefab,Ally,AllyAttackState,Attacking,AgentPrefab,12.40,0.00,11.94,10.69,0.00,12.94,10.69,0.00,12.94,N/A
616,20.43,AllyPrefab,Ally,AllyAttackState,Attacking,AgentPrefab,12.40,0.00,11.94,10.69,0.00,12.94,10.69,0.00,12.94,N/A
617,20.47,AllyPrefab,Ally,AllyAttackState,Attacking,AgentPrefab,12.40,0.00,11.94,10.69,0.00,12.94,10.69,0.00,12.94,N/A
618,20.50,AllyPrefab,Ally,AllyAttackState,Attacking,AgentPrefab,12.40,0.00,11.94,10.69,0.00,12.94,10.69,0.00,12.94,N/A
619,20.53,AllyPrefab,Ally,AllyAttackState,Attacking,AgentPrefab,12.40,0.00,11.94,10.69,0.00,12.94,10.69,0.00,12.94,N/A
620,20.57,AllyPrefab,Ally,AllyAttackState,Attacking,AgentPrefab,12.40,0.00,11.94,10.69,0.00,12.94,10.69,0.00,12.94,N/A
621,20.60,AllyPrefab,Ally,AllyAttackState,Attacking,AgentPrefab,12.40,0.00,11.94,10.69,0.00,12.94,10.69,0.00,12.94,N/A
622,20.63,AllyPrefab,Ally,AllyAttackState,Attacking,AgentPrefab,12.40,0.00,11.94,10.69,0.00,12.94,10.69,0.00,12.94,N/A
623,20.67,AllyPrefab,Ally,AllyAttackState,Attacking,AgentPrefab,12.40,0.00,11.94,10.69,0.00,12.94,10.69,0.00,12.94,N/A
624,20.70,AllyPrefab,Ally,AllyAttackState,Attacking,AgentPrefab,12.40,0.00,11.94,10.69,0.00,12.94,10.69,0.00,12.94,N/A
625,20.73,AllyPrefab,Ally,AllyAttackState,Attacking,AgentPrefab,12.40,0.00,11.94,10.69,0.00,12.94,10.69,0.00,12.94,N/A
626,20.77,AllyPrefab,Ally,AllyAttackState,Attacking,AgentPrefab,12.40,0.00,11.94,10.69,0.00,12.94,10.69,0.00,12.94,N/A
627,20.80,AllyPrefab,Ally,AllyAttackState,Attacking,AgentPrefab,12.40,0.00,11.94,10.69,0.00,12.94,10.69,0.00,12.94,N/A
628,20.83,AllyPrefab,Ally,AllyAttackState,Attacking,AgentPrefab,12.40,0.00,11.94,10.69,0.00,12.94,10.69,0.00,12.94,N/A
629,20.87,AllyPrefab,Ally,AllyAttackState,Attacking,AgentPrefab,12.40,0.00,11.94,10.69,0.00,12.94,10.69,0.00,12.94,N/A
630,20.90,AllyPrefab,Ally,AllyAttackState,Attacking,AgentPrefab,12.40,0.00,11.94,10.69,0.00,12.94,10.69,0.00,12.94,N/A
631,20.93,AllyPrefab,Ally,AllyAttackState,Attacking,AgentPrefab,12.40,0.00,11.94,10.69,0.00,12.94,10.69,0.00,12.94,N/A
632,20.97,AllyPrefab,Ally,AllyAttackState,Attacking,AgentPrefab,12.40,0.00,11.94,10.69,0.00,12.94,10.69,0.00,12.94,N/A
633,21.00,AllyPrefab,Ally,AllyAttackState,Attacking,AgentPrefab,12.40,0.00,11.94,10.69,0.00,12.94,10.69,0.00,12.94,N/A
634,21.03,AllyPrefab,Ally,AllyAttackState,Attacking,AgentPrefab,12.40,0.00,11.94,10.69,0.00,12.94,10.69,0.00,12.94,N/A
635,21.07,AllyPrefab,Ally,AllyAttackState,Attacking,AgentPrefab,12.40,0.00,11.94,10.69,0.00,12.94,10.69,0.00,12.94,N/A
636,21.10,AllyPrefab,Ally,AllyAttackState,Attacking,AgentPrefab,12.40,0.00,11.94,10.69,0.00,12.94,10.69,0.00,12.94,N/A
637,21.13,AllyPrefab,Ally,AllyAttackState,Attacking,AgentPrefab,12.40,0.00,11.94,10.69,0.00,12.94,10.69,0.00,12.94,N/A
638,21.17,AllyPrefab,Ally,AllyAttackState,Attacking,AgentPrefab,12.40,0.00,11.94,10.69,0.00,12.94,10.69,0.00,12.94,N/A
639,21.20,AllyPrefab,Ally,AllyAttackState,Attacking,AgentPrefab,12.40,0.00,11.94,10.69,0.00,12.94,10.69,0.00,12.94,N/A
640,21.23,AllyPrefab,Ally,AllyAttackState,Attacking,AgentPrefab,12.40,0.00,11.94,10.69,0.00,12.94,10.69,0.00,12.94,N/A
641,21.27,AllyPrefab,Ally,AllyAttackState,Attacking,AgentPrefab,12.40,0.00,11.94,10.69,0.00,12.94,10.69,0.00,12.94,N/A
642,21.30,AllyPrefab,Ally,AllyAttackState,Attacking,AgentPrefab,12.40,0.00,11.94,10.69,0.00,12.94,10.69,0.00,12.94,N/A
643,21.33,AllyPrefab,Ally,AllyAttackState,Attacking,AgentPrefab,12.40,0.00,11.94,10.69,0.00,12.94,10.69,0.00,12.94,N/A
644,21.37,AllyPrefab,Ally,AllyAttackState,Attacking,AgentPrefab,12.40,0.00,11.94,10.69,0.00,12.94,10.69,0.00,12.94,N/A
645,21.40,AllyPrefab,Ally,AllyAttackState,Attacking,AgentPrefab,12.40,0.00,11.94,10.69,0.00,12.94,10.69,0.00,12.94,N/A
646,21.43,AgentPrefab,Agent,SearchState,Searching Path,Goal,20.00,0.00,20.00,12.40,0.00,11.94,12.40,0.00,11.94,DStar
647,21.47,AgentPrefab,Agent,MoveState,Moving,Goal,20.00,0.00,20.00,12.40,0.00,11.94,12.40,0.00,11.94,DStar
647,21.47,AgentPrefab,Agent,MoveState,Moving,Goal,20.00,0.00,20.00,12.40,0.00,11.94,12.40,0.00,11.94,DStar
648,21.50,AgentPrefab,Agent,MoveState,Moving,Goal,20.00,0.00,20.00,12.40,0.00,11.94,12.40,0.00,11.94,DStar
648,21.50,AgentPrefab,Agent,MoveState,Moving,Goal,20.00,0.00,20.00,12.40,0.00,11.94,12.46,0.00,11.96,DStar
649,21.53,AgentPrefab,Agent,MoveState,Moving,Goal,20.00,0.00,20.00,12.46,0.00,11.96,12.46,0.00,11.96,DStar
649,21.53,AgentPrefab,Agent,MoveState,Moving,Goal,20.00,0.00,20.00,12.46,0.00,11.96,12.53,0.00,11.99,DStar
650,21.57,AgentPrefab,Agent,MoveState,Moving,Goal,20.00,0.00,20.00,12.53,0.00,11.99,12.53,0.00,11.99,DStar
650,21.57,AgentPrefab,Agent,MoveState,Moving,Goal,20.00,0.00,20.00,12.53,0.00,11.99,12.59,0.00,12.01,DStar
651,21.60,AgentPrefab,Agent,MoveState,Moving,Goal,20.00,0.00,20.00,12.59,0.00,12.01,12.59,0.00,12.01,DStar
651,21.60,AgentPrefab,Agent,MoveState,Moving,Goal,20.00,0.00,20.00,12.59,0.00,12.01,12.65,0.00,12.03,DStar
652,21.63,AgentPrefab,Agent,MoveState,Moving,Goal,20.00,0.00,20.00,12.65,0.00,12.03,12.65,0.00,12.03,DStar
652,21.63,AgentPrefab,Agent,MoveState,Moving,Goal,20.00,0.00,20.00,12.65,0.00,12.03,12.71,0.00,12.05,DStar
653,21.67,AgentPrefab,Agent,MoveState,Moving,Goal,20.00,0.00,20.00,12.71,0.00,12.05,12.71,0.00,12.05,DStar
653,21.67,AgentPrefab,Agent,MoveState,Moving,Goal,20.00,0.00,20.00,12.71,0.00,12.05,12.78,0.00,12.08,DStar
654,21.70,AgentPrefab,Agent,MoveState,Moving,Goal,20.00,0.00,20.00,12.78,0.00,12.08,12.78,0.00,12.08,DStar
654,21.70,AgentPrefab,Agent,MoveState,Moving,Goal,20.00,0.00,20.00,12.78,0.00,12.08,12.84,0.00,12.10,DStar
655,21.73,AgentPrefab,Agent,MoveState,Moving,Goal,20.00,0.00,20.00,12.84,0.00,12.10,12.84,0.00,12.10,DStar
655,21.73,AgentPrefab,Agent,MoveState,Moving,Goal,20.00,0.00,20.00,12.84,0.00,12.10,12.90,0.00,12.12,DStar
656,21.77,AgentPrefab,Agent,MoveState,Moving,Goal,20.00,0.00,20.00,12.90,0.00,12.12,12.90,0.00,12.12,DStar
656,21.77,AgentPrefab,Agent,MoveState,Moving,Goal,20.00,0.00,20.00,12.90,0.00,12.12,12.96,0.00,12.15,DStar
657,21.80,AgentPrefab,Agent,MoveState,Moving,Goal,20.00,0.00,20.00,12.96,0.00,12.15,12.96,0.00,12.15,DStar
657,21.80,AgentPrefab,Agent,MoveState,Moving,Goal,20.00,0.00,20.00,12.96,0.00,12.15,13.03,0.00,12.17,DStar
658,21.83,AgentPrefab,Agent,MoveState,Moving,Goal,20.00,0.00,20.00,13.03,0.00,12.17,13.03,0.00,12.17,DStar
658,21.83,AgentPrefab,Agent,MoveState,Moving,Goal,20.00,0.00,20.00,13.03,0.00,12.17,13.09,0.00,12.19,DStar
659,21.87,AgentPrefab,Agent,MoveState,Moving,Goal,20.00,0.00,20.00,13.09,0.00,12.19,13.09,0.00,12.19,DStar
659,21.87,AgentPrefab,Agent,MoveState,Moving,Goal,20.00,0.00,20.00,13.09,0.00,12.19,13.15,0.00,12.21,DStar
660,21.90,AgentPrefab,Agent,MoveState,Moving,Goal,20.00,0.00,20.00,13.15,0.00,12.21,13.15,0.00,12.21,DStar
660,21.90,AgentPrefab,Agent,MoveState,Moving,Goal,20.00,0.00,20.00,13.15,0.00,12.21,13.21,0.00,12.24,DStar
661,21.93,AgentPrefab,Agent,MoveState,Moving,Goal,20.00,0.00,20.00,13.21,0.00,12.24,13.21,0.00,12.24,DStar
661,21.93,AgentPrefab,Agent,MoveState,Moving,Goal,20.00,0.00,20.00,13.21,0.00,12.24,13.28,0.00,12.26,DStar
662,21.97,AgentPrefab,Agent,MoveState,Moving,Goal,20.00,0.00,20.00,13.28,0.00,12.26,13.28,0.00,12.26,DStar
662,21.97,AgentPrefab,Agent,MoveState,Moving,Goal,20.00,0.00,20.00,13.28,0.00,12.26,13.34,0.00,12.28,DStar
663,22.00,AgentPrefab,Agent,MoveState,Moving,Goal,20.00,0.00,20.00,13.34,0.00,12.28,13.34,0.00,12.28,DStar
663,22.00,AgentPrefab,Agent,MoveState,Moving,Goal,20.00,0.00,20.00,13.34,0.00,12.28,13.40,0.00,12.30,DStar
664,22.03,AgentPrefab,Agent,MoveState,Moving,Goal,20.00,0.00,20.00,13.40,0.00,12.30,13.40,0.00,12.30,DStar
664,22.03,AgentPrefab,Agent,MoveState,Moving,Goal,20.00,0.00,20.00,13.40,0.00,12.30,13.46,0.00,12.33,DStar
665,22.07,AgentPrefab,Agent,MoveState,Moving,Goal,20.00,0.00,20.00,13.46,0.00,12.33,13.46,0.00,12.33,DStar
665,22.07,AgentPrefab,Agent,MoveState,Moving,Goal,20.00,0.00,20.00,13.46,0.00,12.33,13.53,0.00,12.35,DStar
666,22.10,AgentPrefab,Agent,MoveState,Moving,Goal,20.00,0.00,20.00,13.53,0.00,12.35,13.53,0.00,12.35,DStar
666,22.10,AgentPrefab,Agent,MoveState,Moving,Goal,20.00,0.00,20.00,13.53,0.00,12.35,13.59,0.00,12.37,DStar
667,22.13,AgentPrefab,Agent,MoveState,Moving,Goal,20.00,0.00,20.00,13.59,0.00,12.37,13.59,0.00,12.37,DStar
667,22.13,AgentPrefab,Agent,MoveState,Moving,Goal,20.00,0.00,20.00,13.59,0.00,12.37,13.65,0.00,12.40,DStar
668,22.17,AgentPrefab,Agent,MoveState,Moving,Goal,20.00,0.00,20.00,13.65,0.00,12.40,13.65,0.00,12.40,DStar
668,22.17,AgentPrefab,Agent,MoveState,Moving,Goal,20.00,0.00,20.00,13.65,0.00,12.40,13.72,0.00,12.42,DStar
669,22.20,AgentPrefab,Agent,MoveState,Moving,Goal,20.00,0.00,20.00,13.72,0.00,12.42,13.72,0.00,12.42,DStar
669,22.20,AgentPrefab,Agent,MoveState,Moving,Goal,20.00,0.00,20.00,13.72,0.00,12.42,13.78,0.00,12.44,DStar
670,22.23,AgentPrefab,Agent,MoveState,Moving,Goal,20.00,0.00,20.00,13.78,0.00,12.44,13.78,0.00,12.44,DStar
670,22.23,AgentPrefab,Agent,MoveState,Moving,Goal,20.00,0.00,20.00,13.78,0.00,12.44,13.84,0.00,12.46,DStar
671,22.27,AgentPrefab,Agent,MoveState,Moving,Goal,20.00,0.00,20.00,13.84,0.00,12.46,13.84,0.00,12.46,DStar
671,22.27,AgentPrefab,Agent,MoveState,Moving,Goal,20.00,0.00,20.00,13.84,0.00,12.46,13.90,0.00,12.49,DStar
672,22.30,AgentPrefab,Agent,MoveState,Moving,Goal,20.00,0.00,20.00,13.90,0.00,12.49,13.90,0.00,12.49,DStar
672,22.30,AgentPrefab,Agent,MoveState,Moving,Goal,20.00,0.00,20.00,13.90,0.00,12.49,13.97,0.00,12.51,DStar
673,22.33,AgentPrefab,Agent,MoveState,Moving,Goal,20.00,0.00,20.00,13.97,0.00,12.51,13.97,0.00,12.51,DStar
673,22.33,AgentPrefab,Agent,MoveState,Moving,Goal,20.00,0.00,20.00,13.97,0.00,12.51,14.03,0.00,12.53,DStar
674,22.37,AgentPrefab,Agent,MoveState,Moving,Goal,20.00,0.00,20.00,14.03,0.00,12.53,14.03,0.00,12.53,DStar
674,22.37,AgentPrefab,Agent,MoveState,Moving,Goal,20.00,0.00,20.00,14.03,0.00,12.53,14.03,0.00,12.53,DStar
675,22.40,AgentPrefab,Agent,MoveState,Moving,Goal,20.00,0.00,20.00,14.03,0.00,12.53,14.03,0.00,12.53,DStar
675,22.40,AgentPrefab,Agent,MoveState,Moving,Goal,20.00,0.00,20.00,14.03,0.00,12.53,14.09,0.00,12.56,DStar
676,22.43,AgentPrefab,Agent,MoveState,Moving,Goal,20.00,0.00,20.00,14.09,0.00,12.56,14.09,0.00,12.56,DStar
676,22.43,AgentPrefab,Agent,MoveState,Moving,Goal,20.00,0.00,20.00,14.09,0.00,12.56,14.15,0.00,12.58,DStar
677,22.47,AgentPrefab,Agent,MoveState,Moving,Goal,20.00,0.00,20.00,14.15,0.00,12.58,14.15,0.00,12.58,DStar
677,22.47,AgentPrefab,Agent,MoveState,Moving,Goal,20.00,0.00,20.00,14.15,0.00,12.58,14.22,0.00,12.60,DStar
678,22.50,AgentPrefab,Agent,MoveState,Moving,Goal,20.00,0.00,20.00,14.22,0.00,12.60,14.22,0.00,12.60,DStar
678,22.50,AgentPrefab,Agent,MoveState,Moving,Goal,20.00,0.00,20.00,14.22,0.00,12.60,14.28,0.00,12.62,DStar
679,22.53,AgentPrefab,Agent,MoveState,Moving,Goal,20.00,0.00,20.00,14.28,0.00,12.62,14.28,0.00,12.62,DStar
679,22.53,AgentPrefab,Agent,MoveState,Moving,Goal,20.00,0.00,20.00,14.28,0.00,12.62,14.34,0.00,12.65,DStar
680,22.57,AgentPrefab,Agent,MoveState,Moving,Goal,20.00,0.00,20.00,14.34,0.00,12.65,14.34,0.00,12.65,DStar
680,22.57,AgentPrefab,Agent,MoveState,Moving,Goal,20.00,0.00,20.00,14.34,0.00,12.65,14.40,0.00,12.67,DStar
681,22.60,AgentPrefab,Agent,MoveState,Moving,Goal,20.00,0.00,20.00,14.40,0.00,12.67,14.40,0.00,12.67,DStar
681,22.60,AgentPrefab,Agent,MoveState,Moving,Goal,20.00,0.00,20.00,14.40,0.00,12.67,14.47,0.00,12.69,DStar
682,22.63,AgentPrefab,Agent,MoveState,Moving,Goal,20.00,0.00,20.00,14.47,0.00,12.69,14.47,0.00,12.69,DStar
682,22.63,AgentPrefab,Agent,MoveState,Moving,Goal,20.00,0.00,20.00,14.47,0.00,12.69,14.53,0.00,12.72,DStar
683,22.67,AgentPrefab,Agent,MoveState,Moving,Goal,20.00,0.00,20.00,14.53,0.00,12.72,14.53,0.00,12.72,DStar
683,22.67,AgentPrefab,Agent,MoveState,Moving,Goal,20.00,0.00,20.00,14.53,0.00,12.72,14.59,0.00,12.74,DStar
684,22.70,AgentPrefab,Agent,MoveState,Moving,Goal,20.00,0.00,20.00,14.59,0.00,12.74,14.59,0.00,12.74,DStar
684,22.70,AgentPrefab,Agent,MoveState,Moving,Goal,20.00,0.00,20.00,14.59,0.00,12.74,14.66,0.00,12.76,DStar
685,22.73,AgentPrefab,Agent,MoveState,Moving,Goal,20.00,0.00,20.00,14.66,0.00,12.76,14.66,0.00,12.76,DStar
685,22.73,AgentPrefab,Agent,MoveState,Moving,Goal,20.00,0.00,20.00,14.66,0.00,12.76,14.72,0.00,12.78,DStar
686,22.77,AgentPrefab,Agent,MoveState,Moving,Goal,20.00,0.00,20.00,14.72,0.00,12.78,14.72,0.00,12.78,DStar
686,22.77,AgentPrefab,Agent,MoveState,Moving,Goal,20.00,0.00,20.00,14.72,0.00,12.78,14.78,0.00,12.81,DStar
687,22.80,AgentPrefab,Agent,MoveState,Moving,Goal,20.00,0.00,20.00,14.78,0.00,12.81,14.78,0.00,12.81,DStar
687,22.80,AgentPrefab,Agent,MoveState,Moving,Goal,20.00,0.00,20.00,14.78,0.00,12.81,14.84,0.00,12.83,DStar
688,22.83,AgentPrefab,Agent,MoveState,Moving,Goal,20.00,0.00,20.00,14.84,0.00,12.83,14.84,0.00,12.83,DStar
688,22.83,AgentPrefab,Agent,MoveState,Moving,Goal,20.00,0.00,20.00,14.84,0.00,12.83,14.91,0.00,12.85,DStar
689,22.87,AgentPrefab,Agent,MoveState,Moving,Goal,20.00,0.00,20.00,14.91,0.00,12.85,14.91,0.00,12.85,DStar
689,22.87,AgentPrefab,Agent,MoveState,Moving,Goal,20.00,0.00,20.00,14.91,0.00,12.85,14.97,0.00,12.87,DStar
690,22.90,AgentPrefab,Agent,MoveState,Moving,Goal,20.00,0.00,20.00,14.97,0.00,12.87,14.97,0.00,12.87,DStar
690,22.90,AgentPrefab,Agent,MoveState,Moving,Goal,20.00,0.00,20.00,14.97,0.00,12.87,15.03,0.00,12.89,DStar
691,22.93,AgentPrefab,Agent,MoveState,Moving,Goal,20.00,0.00,20.00,15.03,0.00,12.89,15.03,0.00,12.89,DStar
691,22.93,AgentPrefab,Agent,MoveState,Moving,Goal,20.00,0.00,20.00,15.03,0.00,12.89,15.10,0.00,12.90,DStar
692,22.97,AgentPrefab,Agent,MoveState,Moving,Goal,20.00,0.00,20.00,15.10,0.00,12.90,15.10,0.00,12.90,DStar
692,22.97,AgentPrefab,Agent,MoveState,Moving,Goal,20.00,0.00,20.00,15.10,0.00,12.90,15.17,0.00,12.91,DStar
693,23.00,AgentPrefab,Agent,MoveState,Moving,Goal,20.00,0.00,20.00,15.17,0.00,12.91,15.17,0.00,12.91,DStar
693,23.00,AgentPrefab,Agent,MoveState,Moving,Goal,20.00,0.00,20.00,15.17,0.00,12.91,15.17,0.00,12.91,DStar
694,23.03,AgentPrefab,Agent,MoveState,Moving,Goal,20.00,0.00,20.00,15.17,0.00,12.91,15.17,0.00,12.91,DStar
694,23.03,AgentPrefab,Agent,MoveState,Moving,Goal,20.00,0.00,20.00,15.17,0.00,12.91,15.20,0.00,12.97,DStar
695,23.07,AgentPrefab,Agent,MoveState,Moving,Goal,20.00,0.00,20.00,15.20,0.00,12.97,15.20,0.00,12.97,DStar
695,23.07,AgentPrefab,Agent,MoveState,Moving,Goal,20.00,0.00,20.00,15.20,0.00,12.97,15.23,0.00,13.03,DStar
696,23.10,AgentPrefab,Agent,MoveState,Moving,Goal,20.00,0.00,20.00,15.23,0.00,13.03,15.23,0.00,13.03,DStar
696,23.10,AgentPrefab,Agent,MoveState,Moving,Goal,20.00,0.00,20.00,15.23,0.00,13.03,15.27,0.00,13.08,DStar
697,23.13,AgentPrefab,Agent,MoveState,Moving,Goal,20.00,0.00,20.00,15.27,0.00,13.08,15.27,0.00,13.08,DStar
697,23.13,AgentPrefab,Agent,MoveState,Moving,Goal,20.00,0.00,20.00,15.27,0.00,13.08,15.30,0.00,13.14,DStar
698,23.17,AgentPrefab,Agent,MoveState,Moving,Goal,20.00,0.00,20.00,15.30,0.00,13.14,15.30,0.00,13.14,DStar
698,23.17,AgentPrefab,Agent,MoveState,Moving,Goal,20.00,0.00,20.00,15.30,0.00,13.14,15.33,0.00,13.20,DStar
699,23.20,AgentPrefab,Agent,MoveState,Moving,Goal,20.00,0.00,20.00,15.33,0.00,13.20,15.33,0.00,13.20,DStar
699,23.20,AgentPrefab,Agent,MoveState,Moving,Goal,20.00,0.00,20.00,15.33,0.00,13.20,15.37,0.00,13.26,DStar
700,23.23,AgentPrefab,Agent,MoveState,Moving,Goal,20.00,0.00,20.00,15.37,0.00,13.26,15.37,0.00,13.26,DStar
700,23.23,AgentPrefab,Agent,MoveState,Moving,Goal,20.00,0.00,20.00,15.37,0.00,13.26,15.40,0.00,13.31,DStar
701,23.27,AgentPrefab,Agent,MoveState,Moving,Goal,20.00,0.00,20.00,15.40,0.00,13.31,15.40,0.00,13.31,DStar
701,23.27,AgentPrefab,Agent,MoveState,Moving,Goal,20.00,0.00,20.00,15.40,0.00,13.31,15.43,0.00,13.37,DStar
702,23.30,AgentPrefab,Agent,MoveState,Moving,Goal,20.00,0.00,20.00,15.43,0.00,13.37,15.43,0.00,13.37,DStar
702,23.30,AgentPrefab,Agent,MoveState,Moving,Goal,20.00,0.00,20.00,15.43,0.00,13.37,15.47,0.00,13.43,DStar
703,23.33,AgentPrefab,Agent,MoveState,Moving,Goal,20.00,0.00,20.00,15.47,0.00,13.43,15.47,0.00,13.43,DStar
703,23.33,AgentPrefab,Agent,MoveState,Moving,Goal,20.00,0.00,20.00,15.47,0.00,13.43,15.50,0.00,13.49,DStar
704,23.37,AgentPrefab,Agent,MoveState,Moving,Goal,20.00,0.00,20.00,15.50,0.00,13.49,15.50,0.00,13.49,DStar
704,23.37,AgentPrefab,Agent,MoveState,Moving,Goal,20.00,0.00,20.00,15.50,0.00,13.49,15.53,0.00,13.54,DStar
705,23.40,AgentPrefab,Agent,MoveState,Moving,Goal,20.00,0.00,20.00,15.53,0.00,13.54,15.53,0.00,13.54,DStar
705,23.40,AgentPrefab,Agent,MoveState,Moving,Goal,20.00,0.00,20.00,15.53,0.00,13.54,15.57,0.00,13.60,DStar
706,23.43,AgentPrefab,Agent,MoveState,Moving,Goal,20.00,0.00,20.00,15.57,0.00,13.60,15.57,0.00,13.60,DStar
706,23.43,AgentPrefab,Agent,MoveState,Moving,Goal,20.00,0.00,20.00,15.57,0.00,13.60,15.60,0.00,13.66,DStar
707,23.47,AgentPrefab,Agent,MoveState,Moving,Goal,20.00,0.00,20.00,15.60,0.00,13.66,15.60,0.00,13.66,DStar
707,23.47,AgentPrefab,Agent,MoveState,Moving,Goal,20.00,0.00,20.00,15.60,0.00,13.66,15.63,0.00,13.72,DStar
708,23.50,AgentPrefab,Agent,MoveState,Moving,Goal,20.00,0.00,20.00,15.63,0.00,13.72,15.63,0.00,13.72,DStar
708,23.50,AgentPrefab,Agent,MoveState,Moving,Goal,20.00,0.00,20.00,15.63,0.00,13.72,15.67,0.00,13.78,DStar
709,23.53,AgentPrefab,Agent,MoveState,Moving,Goal,20.00,0.00,20.00,15.67,0.00,13.78,15.67,0.00,13.78,DStar
709,23.53,AgentPrefab,Agent,MoveState,Moving,Goal,20.00,0.00,20.00,15.67,0.00,13.78,15.70,0.00,13.83,DStar
710,23.57,AgentPrefab,Agent,MoveState,Moving,Goal,20.00,0.00,20.00,15.70,0.00,13.83,15.70,0.00,13.83,DStar
710,23.57,AgentPrefab,Agent,MoveState,Moving,Goal,20.00,0.00,20.00,15.70,0.00,13.83,15.73,0.00,13.89,DStar
711,23.60,AgentPrefab,Agent,MoveState,Moving,Goal,20.00,0.00,20.00,15.73,0.00,13.89,15.73,0.00,13.89,DStar
711,23.60,AgentPrefab,Agent,MoveState,Moving,Goal,20.00,0.00,20.00,15.73,0.00,13.89,15.77,0.00,13.95,DStar
712,23.63,AgentPrefab,Agent,MoveState,Moving,Goal,20.00,0.00,20.00,15.77,0.00,13.95,15.77,0.00,13.95,DStar
712,23.63,AgentPrefab,Agent,MoveState,Moving,Goal,20.00,0.00,20.00,15.77,0.00,13.95,15.80,0.00,14.01,DStar
713,23.67,AgentPrefab,Agent,MoveState,Moving,Goal,20.00,0.00,20.00,15.80,0.00,14.01,15.80,0.00,14.01,DStar
713,23.67,AgentPrefab,Agent,MoveState,Moving,Goal,20.00,0.00,20.00,15.80,0.00,14.01,15.83,0.00,14.06,DStar
714,23.70,AgentPrefab,Agent,MoveState,Moving,Goal,20.00,0.00,20.00,15.83,0.00,14.06,15.83,0.00,14.06,DStar
714,23.70,AgentPrefab,Agent,MoveState,Moving,Goal,20.00,0.00,20.00,15.83,0.00,14.06,15.87,0.00,14.12,DStar
715,23.73,AgentPrefab,Agent,MoveState,Moving,Goal,20.00,0.00,20.00,15.87,0.00,14.12,15.87,0.00,14.12,DStar
715,23.73,AgentPrefab,Agent,MoveState,Moving,Goal,20.00,0.00,20.00,15.87,0.00,14.12,15.90,0.00,14.18,DStar
716,23.77,AgentPrefab,Agent,MoveState,Moving,Goal,20.00,0.00,20.00,15.90,0.00,14.18,15.90,0.00,14.18,DStar
716,23.77,AgentPrefab,Agent,MoveState,Moving,Goal,20.00,0.00,20.00,15.90,0.00,14.18,15.93,0.00,14.24,DStar
717,23.80,AgentPrefab,Agent,MoveState,Moving,Goal,20.00,0.00,20.00,15.93,0.00,14.24,15.93,0.00,14.24,DStar
717,23.80,AgentPrefab,Agent,MoveState,Moving,Goal,20.00,0.00,20.00,15.93,0.00,14.24,15.97,0.00,14.30,DStar
718,23.83,AgentPrefab,Agent,MoveState,Moving,Goal,20.00,0.00,20.00,15.97,0.00,14.30,15.97,0.00,14.30,DStar
718,23.83,AgentPrefab,Agent,MoveState,Moving,Goal,20.00,0.00,20.00,15.97,0.00,14.30,16.00,0.00,14.35,DStar
719,23.87,AgentPrefab,Agent,MoveState,Moving,Goal,20.00,0.00,20.00,16.00,0.00,14.35,16.00,0.00,14.35,DStar
719,23.87,AgentPrefab,Agent,MoveState,Moving,Goal,20.00,0.00,20.00,16.00,0.00,14.35,16.03,0.00,14.41,DStar
720,23.90,AgentPrefab,Agent,MoveState,Moving,Goal,20.00,0.00,20.00,16.03,0.00,14.41,16.03,0.00,14.41,DStar
720,23.90,AgentPrefab,Agent,MoveState,Moving,Goal,20.00,0.00,20.00,16.03,0.00,14.41,16.07,0.00,14.47,DStar
721,23.93,AgentPrefab,Agent,MoveState,Moving,Goal,20.00,0.00,20.00,16.07,0.00,14.47,16.07,0.00,14.47,DStar
721,23.93,AgentPrefab,Agent,MoveState,Moving,Goal,20.00,0.00,20.00,16.07,0.00,14.47,16.10,0.00,14.53,DStar
722,23.97,AgentPrefab,Agent,MoveState,Moving,Goal,20.00,0.00,20.00,16.10,0.00,14.53,16.10,0.00,14.53,DStar
722,23.97,AgentPrefab,Agent,MoveState,Moving,Goal,20.00,0.00,20.00,16.10,0.00,14.53,16.13,0.00,14.58,DStar
723,24.00,AgentPrefab,Agent,MoveState,Moving,Goal,20.00,0.00,20.00,16.13,0.00,14.58,16.13,0.00,14.58,DStar
723,24.00,AgentPrefab,Agent,MoveState,Moving,Goal,20.00,0.00,20.00,16.13,0.00,14.58,16.17,0.00,14.64,DStar
724,24.03,AgentPrefab,Agent,MoveState,Moving,Goal,20.00,0.00,20.00,16.17,0.00,14.64,16.17,0.00,14.64,DStar
724,24.03,AgentPrefab,Agent,MoveState,Moving,Goal,20.00,0.00,20.00,16.17,0.00,14.64,16.21,0.00,14.69,DStar
725,24.07,AgentPrefab,Agent,MoveState,Moving,Goal,20.00,0.00,20.00,16.21,0.00,14.69,16.21,0.00,14.69,DStar
725,24.07,AgentPrefab,Agent,MoveState,Moving,Goal,20.00,0.00,20.00,16.21,0.00,14.69,16.25,0.00,14.74,DStar
726,24.10,AgentPrefab,Agent,MoveState,Moving,Goal,20.00,0.00,20.00,16.25,0.00,14.74,16.25,0.00,14.74,DStar
726,24.10,AgentPrefab,Agent,MoveState,Moving,Goal,20.00,0.00,20.00,16.25,0.00,14.74,16.29,0.00,14.79,DStar
727,24.13,AgentPrefab,Agent,MoveState,Moving,Goal,20.00,0.00,20.00,16.29,0.00,14.79,16.29,0.00,14.79,DStar
727,24.13,AgentPrefab,Agent,MoveState,Moving,Goal,20.00,0.00,20.00,16.29,0.00,14.79,16.34,0.00,14.85,DStar
728,24.17,AgentPrefab,Agent,MoveState,Moving,Goal,20.00,0.00,20.00,16.34,0.00,14.85,16.34,0.00,14.85,DStar
728,24.17,AgentPrefab,Agent,MoveState,Moving,Goal,20.00,0.00,20.00,16.34,0.00,14.85,16.38,0.00,14.90,DStar
729,24.20,AgentPrefab,Agent,MoveState,Moving,Goal,20.00,0.00,20.00,16.38,0.00,14.90,16.38,0.00,14.90,DStar
729,24.20,AgentPrefab,Agent,MoveState,Moving,Goal,20.00,0.00,20.00,16.38,0.00,14.90,16.42,0.00,14.95,DStar
730,24.23,AgentPrefab,Agent,MoveState,Moving,Goal,20.00,0.00,20.00,16.42,0.00,14.95,16.42,0.00,14.95,DStar
730,24.23,AgentPrefab,Agent,MoveState,Moving,Goal,20.00,0.00,20.00,16.42,0.00,14.95,16.47,0.00,15.00,DStar
731,24.27,AgentPrefab,Agent,MoveState,Moving,Goal,20.00,0.00,20.00,16.47,0.00,15.00,16.47,0.00,15.00,DStar
731,24.27,AgentPrefab,Agent,MoveState,Moving,Goal,20.00,0.00,20.00,16.47,0.00,15.00,16.51,0.00,15.05,DStar
732,24.30,AgentPrefab,Agent,MoveState,Moving,Goal,20.00,0.00,20.00,16.51,0.00,15.05,16.51,0.00,15.05,DStar
732,24.30,AgentPrefab,Agent,MoveState,Moving,Goal,20.00,0.00,20.00,16.51,0.00,15.05,16.55,0.00,15.10,DStar
733,24.33,AgentPrefab,Agent,MoveState,Moving,Goal,20.00,0.00,20.00,16.55,0.00,15.10,16.55,0.00,15.10,DStar
733,24.33,AgentPrefab,Agent,MoveState,Moving,Goal,20.00,0.00,20.00,16.55,0.00,15.10,16.59,0.00,15.15,DStar
734,24.37,AgentPrefab,Agent,MoveState,Moving,Goal,20.00,0.00,20.00,16.59,0.00,15.15,16.59,0.00,15.15,DStar
734,24.37,AgentPrefab,Agent,MoveState,Moving,Goal,20.00,0.00,20.00,16.59,0.00,15.15,16.64,0.00,15.20,DStar
735,24.40,AgentPrefab,Agent,MoveState,Moving,Goal,20.00,0.00,20.00,16.64,0.00,15.20,16.64,0.00,15.20,DStar
735,24.40,AgentPrefab,Agent,MoveState,Moving,Goal,20.00,0.00,20.00,16.64,0.00,15.20,16.64,0.00,15.20,DStar
736,24.43,AgentPrefab,Agent,MoveState,Moving,Goal,20.00,0.00,20.00,16.64,0.00,15.20,16.64,0.00,15.20,DStar
736,24.43,AgentPrefab,Agent,MoveState,Moving,Goal,20.00,0.00,20.00,16.64,0.00,15.20,16.68,0.00,15.25,DStar
737,24.47,AgentPrefab,Agent,MoveState,Moving,Goal,20.00,0.00,20.00,16.68,0.00,15.25,16.68,0.00,15.25,DStar
737,24.47,AgentPrefab,Agent,MoveState,Moving,Goal,20.00,0.00,20.00,16.68,0.00,15.25,16.72,0.00,15.31,DStar
738,24.50,AgentPrefab,Agent,MoveState,Moving,Goal,20.00,0.00,20.00,16.72,0.00,15.31,16.72,0.00,15.31,DStar
738,24.50,AgentPrefab,Agent,MoveState,Moving,Goal,20.00,0.00,20.00,16.72,0.00,15.31,16.77,0.00,15.36,DStar
739,24.53,AgentPrefab,Agent,MoveState,Moving,Goal,20.00,0.00,20.00,16.77,0.00,15.36,16.77,0.00,15.36,DStar
739,24.53,AgentPrefab,Agent,MoveState,Moving,Goal,20.00,0.00,20.00,16.77,0.00,15.36,16.77,0.00,15.36,DStar
740,24.57,AgentPrefab,Agent,MoveState,Moving,Goal,20.00,0.00,20.00,16.77,0.00,15.36,16.77,0.00,15.36,DStar
740,24.57,AgentPrefab,Agent,MoveState,Moving,Goal,20.00,0.00,20.00,16.77,0.00,15.36,16.77,0.00,15.36,DStar
741,24.60,AgentPrefab,Agent,MoveState,Moving,Goal,20.00,0.00,20.00,16.77,0.00,15.36,16.77,0.00,15.36,DStar
741,24.60,AgentPrefab,Agent,MoveState,Moving,Goal,20.00,0.00,20.00,16.77,0.00,15.36,16.77,0.00,15.36,DStar
742,24.63,AgentPrefab,Agent,MoveState,Moving,Goal,20.00,0.00,20.00,16.77,0.00,15.36,16.77,0.00,15.36,DStar
742,24.63,AgentPrefab,Agent,MoveState,Moving,Goal,20.00,0.00,20.00,16.77,0.00,15.36,16.77,0.00,15.36,DStar
743,24.67,AgentPrefab,Agent,MoveState,Moving,Goal,20.00,0.00,20.00,16.77,0.00,15.36,16.77,0.00,15.36,DStar
743,24.67,AgentPrefab,Agent,MoveState,Moving,Goal,20.00,0.00,20.00,16.77,0.00,15.36,16.77,0.00,15.36,DStar
744,24.70,AgentPrefab,Agent,MoveState,Moving,Goal,20.00,0.00,20.00,16.77,0.00,15.36,16.77,0.00,15.36,DStar
744,24.70,AgentPrefab,Agent,MoveState,Moving,Goal,20.00,0.00,20.00,16.77,0.00,15.36,16.77,0.00,15.36,DStar
745,24.73,AgentPrefab,Agent,MoveState,Moving,Goal,20.00,0.00,20.00,16.77,0.00,15.36,16.77,0.00,15.36,DStar
745,24.73,AgentPrefab,Agent,MoveState,Moving,Goal,20.00,0.00,20.00,16.77,0.00,15.36,16.77,0.00,15.36,DStar
746,24.77,AgentPrefab,Agent,MoveState,Moving,Goal,20.00,0.00,20.00,16.77,0.00,15.36,16.77,0.00,15.36,DStar
746,24.77,AgentPrefab,Agent,MoveState,Moving,Goal,20.00,0.00,20.00,16.77,0.00,15.36,16.77,0.00,15.36,DStar
747,24.80,AgentPrefab,Agent,MoveState,Moving,Goal,20.00,0.00,20.00,16.77,0.00,15.36,16.77,0.00,15.36,DStar
747,24.80,AgentPrefab,Agent,MoveState,Moving,Goal,20.00,0.00,20.00,16.77,0.00,15.36,16.77,0.00,15.36,DStar
748,24.83,AgentPrefab,Agent,MoveState,Moving,Goal,20.00,0.00,20.00,16.77,0.00,15.36,16.77,0.00,15.36,DStar
748,24.83,AgentPrefab,Agent,MoveState,Moving,Goal,20.00,0.00,20.00,16.77,0.00,15.36,16.77,0.00,15.36,DStar
749,24.87,AgentPrefab,Agent,MoveState,Moving,Goal,20.00,0.00,20.00,16.77,0.00,15.36,16.77,0.00,15.36,DStar
749,24.87,AgentPrefab,Agent,MoveState,Moving,Goal,20.00,0.00,20.00,16.77,0.00,15.36,16.77,0.00,15.36,DStar
750,24.90,AgentPrefab,Agent,MoveState,Moving,Goal,20.00,0.00,20.00,16.77,0.00,15.36,16.77,0.00,15.36,DStar
750,24.90,AgentPrefab,Agent,MoveState,Moving,Goal,20.00,0.00,20.00,16.77,0.00,15.36,16.77,0.00,15.36,DStar
751,24.93,AgentPrefab,Agent,MoveState,Moving,Goal,20.00,0.00,20.00,16.77,0.00,15.36,16.77,0.00,15.36,DStar
751,24.93,AgentPrefab,Agent,MoveState,Moving,Goal,20.00,0.00,20.00,16.77,0.00,15.36,16.77,0.00,15.36,DStar
752,24.97,AgentPrefab,Agent,MoveState,Moving,Goal,20.00,0.00,20.00,16.77,0.00,15.36,16.77,0.00,15.36,DStar
752,24.97,AgentPrefab,Agent,MoveState,Moving,Goal,20.00,0.00,20.00,16.77,0.00,15.36,16.77,0.00,15.36,DStar
753,25.00,AgentPrefab,Agent,MoveState,Moving,Goal,20.00,0.00,20.00,16.77,0.00,15.36,16.77,0.00,15.36,DStar
753,25.00,AgentPrefab,Agent,MoveState,Moving,Goal,20.00,0.00,20.00,16.77,0.00,15.36,16.77,0.00,15.36,DStar
754,25.03,AgentPrefab,Agent,MoveState,Moving,Goal,20.00,0.00,20.00,16.77,0.00,15.36,16.77,0.00,15.36,DStar
754,25.03,AgentPrefab,Agent,MoveState,Moving,Goal,20.00,0.00,20.00,16.77,0.00,15.36,16.77,0.00,15.36,DStar
755,25.07,AgentPrefab,Agent,MoveState,Moving,Goal,20.00,0.00,20.00,16.77,0.00,15.36,16.77,0.00,15.36,DStar
755,25.07,AgentPrefab,Agent,MoveState,Moving,Goal,20.00,0.00,20.00,16.77,0.00,15.36,16.77,0.00,15.36,DStar
756,25.10,AgentPrefab,Agent,MoveState,Moving,Goal,20.00,0.00,20.00,16.77,0.00,15.36,16.77,0.00,15.36,DStar
756,25.10,AgentPrefab,Agent,MoveState,Moving,Goal,20.00,0.00,20.00,16.77,0.00,15.36,16.77,0.00,15.36,DStar
757,25.13,AgentPrefab,Agent,MoveState,Moving,Goal,20.00,0.00,20.00,16.77,0.00,15.36,16.77,0.00,15.36,DStar
757,25.13,AgentPrefab,Agent,MoveState,Moving,Goal,20.00,0.00,20.00,16.77,0.00,15.36,16.77,0.00,15.36,DStar
758,25.17,AgentPrefab,Agent,MoveState,Moving,Goal,20.00,0.00,20.00,16.77,0.00,15.36,16.77,0.00,15.36,DStar
758,25.17,AgentPrefab,Agent,MoveState,Moving,Goal,20.00,0.00,20.00,16.77,0.00,15.36,16.77,0.00,15.36,DStar
759,25.20,AgentPrefab,Agent,MoveState,Moving,Goal,20.00,0.00,20.00,16.77,0.00,15.36,16.77,0.00,15.36,DStar
759,25.20,AgentPrefab,Agent,MoveState,Moving,Goal,20.00,0.00,20.00,16.77,0.00,15.36,16.77,0.00,15.36,DStar
760,25.23,AgentPrefab,Agent,MoveState,Moving,Goal,20.00,0.00,20.00,16.77,0.00,15.36,16.77,0.00,15.36,DStar
760,25.23,AgentPrefab,Agent,MoveState,Moving,Goal,20.00,0.00,20.00,16.77,0.00,15.36,16.77,0.00,15.36,DStar
761,25.27,AgentPrefab,Agent,MoveState,Moving,Goal,20.00,0.00,20.00,16.77,0.00,15.36,16.77,0.00,15.36,DStar
761,25.27,AgentPrefab,Agent,MoveState,Moving,Goal,20.00,0.00,20.00,16.77,0.00,15.36,16.77,0.00,15.36,DStar
762,25.30,AgentPrefab,Agent,MoveState,Moving,Goal,20.00,0.00,20.00,16.77,0.00,15.36,16.77,0.00,15.36,DStar
762,25.30,AgentPrefab,Agent,MoveState,Moving,Goal,20.00,0.00,20.00,16.77,0.00,15.36,16.77,0.00,15.36,DStar
763,25.33,AgentPrefab,Agent,MoveState,Moving,Goal,20.00,0.00,20.00,16.77,0.00,15.36,16.77,0.00,15.36,DStar
763,25.33,AgentPrefab,Agent,MoveState,Moving,Goal,20.00,0.00,20.00,16.77,0.00,15.36,16.77,0.00,15.36,DStar
764,25.37,AgentPrefab,Agent,MoveState,Moving,Goal,20.00,0.00,20.00,16.77,0.00,15.36,16.77,0.00,15.36,DStar
764,25.37,AgentPrefab,Agent,MoveState,Moving,Goal,20.00,0.00,20.00,16.77,0.00,15.36,16.77,0.00,15.36,DStar
765,25.40,AgentPrefab,Agent,MoveState,Moving,Goal,20.00,0.00,20.00,16.77,0.00,15.36,16.77,0.00,15.36,DStar
765,25.40,AgentPrefab,Agent,MoveState,Moving,Goal,20.00,0.00,20.00,16.77,0.00,15.36,16.77,0.00,15.36,DStar
766,25.43,AgentPrefab,Agent,MoveState,Moving,Goal,20.00,0.00,20.00,16.77,0.00,15.36,16.77,0.00,15.36,DStar
766,25.43,AgentPrefab,Agent,MoveState,Moving,Goal,20.00,0.00,20.00,16.77,0.00,15.36,16.77,0.00,15.36,DStar
767,25.47,AgentPrefab,Agent,MoveState,Moving,Goal,20.00,0.00,20.00,16.77,0.00,15.36,16.77,0.00,15.36,DStar
767,25.47,AgentPrefab,Agent,MoveState,Moving,Goal,20.00,0.00,20.00,16.77,0.00,15.36,16.77,0.00,15.36,DStar
768,25.50,AgentPrefab,Agent,MoveState,Moving,Goal,20.00,0.00,20.00,16.77,0.00,15.36,16.77,0.00,15.36,DStar
768,25.50,AgentPrefab,Agent,MoveState,Moving,Goal,20.00,0.00,20.00,16.77,0.00,15.36,16.77,0.00,15.36,DStar
769,25.53,AgentPrefab,Agent,MoveState,Moving,Goal,20.00,0.00,20.00,16.77,0.00,15.36,16.77,0.00,15.36,DStar
769,25.53,AgentPrefab,Agent,MoveState,Moving,Goal,20.00,0.00,20.00,16.77,0.00,15.36,16.77,0.00,15.36,DStar
770,25.57,AgentPrefab,Agent,MoveState,Moving,Goal,20.00,0.00,20.00,16.77,0.00,15.36,16.77,0.00,15.36,DStar
770,25.57,AgentPrefab,Agent,MoveState,Moving,Goal,20.00,0.00,20.00,16.77,0.00,15.36,16.77,0.00,15.36,DStar
771,25.60,AgentPrefab,Agent,MoveState,Moving,Goal,20.00,0.00,20.00,16.77,0.00,15.36,16.77,0.00,15.36,DStar
771,25.60,AgentPrefab,Agent,MoveState,Moving,Goal,20.00,0.00,20.00,16.77,0.00,15.36,16.77,0.00,15.36,DStar
772,25.63,AgentPrefab,Agent,MoveState,Moving,Goal,20.00,0.00,20.00,16.77,0.00,15.36,16.77,0.00,15.36,DStar
772,25.63,AgentPrefab,Agent,MoveState,Moving,Goal,20.00,0.00,20.00,16.77,0.00,15.36,16.77,0.00,15.36,DStar
773,25.67,AgentPrefab,Agent,MoveState,Moving,Goal,20.00,0.00,20.00,16.77,0.00,15.36,16.77,0.00,15.36,DStar
773,25.67,AgentPrefab,Agent,MoveState,Moving,Goal,20.00,0.00,20.00,16.77,0.00,15.36,16.77,0.00,15.36,DStar
774,25.70,AgentPrefab,Agent,MoveState,Moving,Goal,20.00,0.00,20.00,16.77,0.00,15.36,16.77,0.00,15.36,DStar
774,25.70,AgentPrefab,Agent,MoveState,Moving,Goal,20.00,0.00,20.00,16.77,0.00,15.36,16.77,0.00,15.36,DStar
775,25.73,AgentPrefab,Agent,MoveState,Moving,Goal,20.00,0.00,20.00,16.77,0.00,15.36,16.77,0.00,15.36,DStar
775,25.73,AgentPrefab,Agent,MoveState,Moving,Goal,20.00,0.00,20.00,16.77,0.00,15.36,16.77,0.00,15.36,DStar
776,25.77,AgentPrefab,Agent,MoveState,Moving,Goal,20.00,0.00,20.00,16.77,0.00,15.36,16.77,0.00,15.36,DStar
776,25.77,AgentPrefab,Agent,MoveState,Moving,Goal,20.00,0.00,20.00,16.77,0.00,15.36,16.77,0.00,15.36,DStar
777,25.80,AgentPrefab,Agent,MoveState,Moving,Goal,20.00,0.00,20.00,16.77,0.00,15.36,16.77,0.00,15.36,DStar
777,25.80,AgentPrefab,Agent,MoveState,Moving,Goal,20.00,0.00,20.00,16.77,0.00,15.36,16.77,0.00,15.36,DStar
778,25.83,AgentPrefab,Agent,MoveState,Moving,Goal,20.00,0.00,20.00,16.77,0.00,15.36,16.77,0.00,15.36,DStar
778,25.83,AgentPrefab,Agent,MoveState,Moving,Goal,20.00,0.00,20.00,16.77,0.00,15.36,16.77,0.00,15.36,DStar
779,25.87,AgentPrefab,Agent,MoveState,Moving,Goal,20.00,0.00,20.00,16.77,0.00,15.36,16.77,0.00,15.36,DStar
779,25.87,AgentPrefab,Agent,MoveState,Moving,Goal,20.00,0.00,20.00,16.77,0.00,15.36,16.77,0.00,15.36,DStar
780,25.90,AgentPrefab,Agent,MoveState,Moving,Goal,20.00,0.00,20.00,16.77,0.00,15.36,16.77,0.00,15.36,DStar
780,25.90,AgentPrefab,Agent,MoveState,Moving,Goal,20.00,0.00,20.00,16.77,0.00,15.36,16.77,0.00,15.36,DStar
781,25.93,AgentPrefab,Agent,MoveState,Moving,Goal,20.00,0.00,20.00,16.77,0.00,15.36,16.77,0.00,15.36,DStar
781,25.93,AgentPrefab,Agent,MoveState,Moving,Goal,20.00,0.00,20.00,16.77,0.00,15.36,16.77,0.00,15.36,DStar
782,25.97,AgentPrefab,Agent,MoveState,Moving,Goal,20.00,0.00,20.00,16.77,0.00,15.36,16.77,0.00,15.36,DStar
782,25.97,AgentPrefab,Agent,MoveState,Moving,Goal,20.00,0.00,20.00,16.77,0.00,15.36,16.77,0.00,15.36,DStar
783,26.00,AgentPrefab,Agent,MoveState,Moving,Goal,20.00,0.00,20.00,16.77,0.00,15.36,16.77,0.00,15.36,DStar
783,26.00,AgentPrefab,Agent,MoveState,Moving,Goal,20.00,0.00,20.00,16.77,0.00,15.36,16.77,0.00,15.36,DStar
784,26.03,AgentPrefab,Agent,MoveState,Moving,Goal,20.00,0.00,20.00,16.77,0.00,15.36,16.77,0.00,15.36,DStar
784,26.03,AgentPrefab,Agent,MoveState,Moving,Goal,20.00,0.00,20.00,16.77,0.00,15.36,16.77,0.00,15.36,DStar
785,26.07,AgentPrefab,Agent,MoveState,Moving,Goal,20.00,0.00,20.00,16.77,0.00,15.36,16.77,0.00,15.36,DStar
785,26.07,AgentPrefab,Agent,MoveState,Moving,Goal,20.00,0.00,20.00,16.77,0.00,15.36,16.77,0.00,15.36,DStar
786,26.10,AgentPrefab,Agent,MoveState,Moving,Goal,20.00,0.00,20.00,16.77,0.00,15.36,16.77,0.00,15.36,DStar
786,26.10,AgentPrefab,Agent,MoveState,Moving,Goal,20.00,0.00,20.00,16.77,0.00,15.36,16.80,0.00,15.41,DStar
787,26.13,AgentPrefab,Agent,MoveState,Moving,Goal,20.00,0.00,20.00,16.80,0.00,15.41,16.80,0.00,15.41,DStar
787,26.13,AgentPrefab,Agent,MoveState,Moving,Goal,20.00,0.00,20.00,16.80,0.00,15.41,16.83,0.00,15.47,DStar
788,26.17,AgentPrefab,Agent,MoveState,Moving,Goal,20.00,0.00,20.00,16.83,0.00,15.47,16.83,0.00,15.47,DStar
788,26.17,AgentPrefab,Agent,MoveState,Moving,Goal,20.00,0.00,20.00,16.83,0.00,15.47,16.87,0.00,15.53,DStar
789,26.20,AgentPrefab,Agent,MoveState,Moving,Goal,20.00,0.00,20.00,16.87,0.00,15.53,16.87,0.00,15.53,DStar
789,26.20,AgentPrefab,Agent,MoveState,Moving,Goal,20.00,0.00,20.00,16.87,0.00,15.53,16.90,0.00,15.59,DStar
790,26.23,AgentPrefab,Agent,MoveState,Moving,Goal,20.00,0.00,20.00,16.90,0.00,15.59,16.90,0.00,15.59,DStar
790,26.23,AgentPrefab,Agent,MoveState,Moving,Goal,20.00,0.00,20.00,16.90,0.00,15.59,16.93,0.00,15.65,DStar
791,26.27,AgentPrefab,Agent,MoveState,Moving,Goal,20.00,0.00,20.00,16.93,0.00,15.65,16.93,0.00,15.65,DStar
791,26.27,AgentPrefab,Agent,MoveState,Moving,Goal,20.00,0.00,20.00,16.93,0.00,15.65,16.97,0.00,15.70,DStar
792,26.30,AgentPrefab,Agent,MoveState,Moving,Goal,20.00,0.00,20.00,16.97,0.00,15.70,16.97,0.00,15.70,DStar
792,26.30,AgentPrefab,Agent,MoveState,Moving,Goal,20.00,0.00,20.00,16.97,0.00,15.70,17.00,0.00,15.76,DStar
793,26.33,AgentPrefab,Agent,MoveState,Moving,Goal,20.00,0.00,20.00,17.00,0.00,15.76,17.00,0.00,15.76,DStar
793,26.33,AgentPrefab,Agent,MoveState,Moving,Goal,20.00,0.00,20.00,17.00,0.00,15.76,17.03,0.00,15.82,DStar
794,26.37,AgentPrefab,Agent,MoveState,Moving,Goal,20.00,0.00,20.00,17.03,0.00,15.82,17.03,0.00,15.82,DStar
794,26.37,AgentPrefab,Agent,MoveState,Moving,Goal,20.00,0.00,20.00,17.03,0.00,15.82,17.07,0.00,15.88,DStar
795,26.40,AgentPrefab,Agent,MoveState,Moving,Goal,20.00,0.00,20.00,17.07,0.00,15.88,17.07,0.00,15.88,DStar
795,26.40,AgentPrefab,Agent,MoveState,Moving,Goal,20.00,0.00,20.00,17.07,0.00,15.88,17.10,0.00,15.93,DStar
796,26.43,AgentPrefab,Agent,MoveState,Moving,Goal,20.00,0.00,20.00,17.10,0.00,15.93,17.10,0.00,15.93,DStar
796,26.43,AgentPrefab,Agent,MoveState,Moving,Goal,20.00,0.00,20.00,17.10,0.00,15.93,17.10,0.00,15.93,DStar
797,26.47,AgentPrefab,Agent,MoveState,Moving,Goal,20.00,0.00,20.00,17.10,0.00,15.93,17.10,0.00,15.93,DStar
797,26.47,AgentPrefab,Agent,MoveState,Moving,Goal,20.00,0.00,20.00,17.10,0.00,15.93,17.14,0.00,15.99,DStar
798,26.50,AgentPrefab,Agent,MoveState,Moving,Goal,20.00,0.00,20.00,17.14,0.00,15.99,17.14,0.00,15.99,DStar
798,26.50,AgentPrefab,Agent,MoveState,Moving,Goal,20.00,0.00,20.00,17.14,0.00,15.99,17.18,0.00,16.04,DStar
799,26.53,AgentPrefab,Agent,MoveState,Moving,Goal,20.00,0.00,20.00,17.18,0.00,16.04,17.18,0.00,16.04,DStar
799,26.53,AgentPrefab,Agent,MoveState,Moving,Goal,20.00,0.00,20.00,17.18,0.00,16.04,17.23,0.00,16.09,DStar
800,26.57,AgentPrefab,Agent,MoveState,Moving,Goal,20.00,0.00,20.00,17.23,0.00,16.09,17.23,0.00,16.09,DStar
800,26.57,AgentPrefab,Agent,MoveState,Moving,Goal,20.00,0.00,20.00,17.23,0.00,16.09,17.27,0.00,16.14,DStar
801,26.60,AgentPrefab,Agent,MoveState,Moving,Goal,20.00,0.00,20.00,17.27,0.00,16.14,17.27,0.00,16.14,DStar
801,26.60,AgentPrefab,Agent,MoveState,Moving,Goal,20.00,0.00,20.00,17.27,0.00,16.14,17.31,0.00,16.19,DStar
802,26.63,AgentPrefab,Agent,MoveState,Moving,Goal,20.00,0.00,20.00,17.31,0.00,16.19,17.31,0.00,16.19,DStar
802,26.63,AgentPrefab,Agent,MoveState,Moving,Goal,20.00,0.00,20.00,17.31,0.00,16.19,17.36,0.00,16.24,DStar
803,26.67,AgentPrefab,Agent,MoveState,Moving,Goal,20.00,0.00,20.00,17.36,0.00,16.24,17.36,0.00,16.24,DStar
803,26.67,AgentPrefab,Agent,MoveState,Moving,Goal,20.00,0.00,20.00,17.36,0.00,16.24,17.40,0.00,16.29,DStar
804,26.70,AgentPrefab,Agent,MoveState,Moving,Goal,20.00,0.00,20.00,17.40,0.00,16.29,17.40,0.00,16.29,DStar
804,26.70,AgentPrefab,Agent,MoveState,Moving,Goal,20.00,0.00,20.00,17.40,0.00,16.29,17.44,0.00,16.34,DStar
805,26.73,AgentPrefab,Agent,MoveState,Moving,Goal,20.00,0.00,20.00,17.44,0.00,16.34,17.44,0.00,16.34,DStar
805,26.73,AgentPrefab,Agent,MoveState,Moving,Goal,20.00,0.00,20.00,17.44,0.00,16.34,17.48,0.00,16.39,DStar
806,26.77,AgentPrefab,Agent,MoveState,Moving,Goal,20.00,0.00,20.00,17.48,0.00,16.39,17.48,0.00,16.39,DStar
806,26.77,AgentPrefab,Agent,MoveState,Moving,Goal,20.00,0.00,20.00,17.48,0.00,16.39,17.53,0.00,16.44,DStar
807,26.80,AgentPrefab,Agent,MoveState,Moving,Goal,20.00,0.00,20.00,17.53,0.00,16.44,17.53,0.00,16.44,DStar
807,26.80,AgentPrefab,Agent,MoveState,Moving,Goal,20.00,0.00,20.00,17.53,0.00,16.44,17.57,0.00,16.50,DStar
808,26.83,AgentPrefab,Agent,MoveState,Moving,Goal,20.00,0.00,20.00,17.57,0.00,16.50,17.57,0.00,16.50,DStar
808,26.83,AgentPrefab,Agent,MoveState,Moving,Goal,20.00,0.00,20.00,17.57,0.00,16.50,17.61,0.00,16.55,DStar
809,26.87,AgentPrefab,Agent,MoveState,Moving,Goal,20.00,0.00,20.00,17.61,0.00,16.55,17.61,0.00,16.55,DStar
809,26.87,AgentPrefab,Agent,MoveState,Moving,Goal,20.00,0.00,20.00,17.61,0.00,16.55,17.66,0.00,16.60,DStar
810,26.90,AgentPrefab,Agent,MoveState,Moving,Goal,20.00,0.00,20.00,17.66,0.00,16.60,17.66,0.00,16.60,DStar
810,26.90,AgentPrefab,Agent,MoveState,Moving,Goal,20.00,0.00,20.00,17.66,0.00,16.60,17.70,0.00,16.65,DStar
811,26.93,AgentPrefab,Agent,MoveState,Moving,Goal,20.00,0.00,20.00,17.70,0.00,16.65,17.70,0.00,16.65,DStar
811,26.93,AgentPrefab,Agent,MoveState,Moving,Goal,20.00,0.00,20.00,17.70,0.00,16.65,17.74,0.00,16.70,DStar
812,26.97,AgentPrefab,Agent,MoveState,Moving,Goal,20.00,0.00,20.00,17.74,0.00,16.70,17.74,0.00,16.70,DStar
812,26.97,AgentPrefab,Agent,MoveState,Moving,Goal,20.00,0.00,20.00,17.74,0.00,16.70,17.77,0.00,16.76,DStar
813,27.00,AgentPrefab,Agent,MoveState,Moving,Goal,20.00,0.00,20.00,17.77,0.00,16.76,17.77,0.00,16.76,DStar
813,27.00,AgentPrefab,Agent,MoveState,Moving,Goal,20.00,0.00,20.00,17.77,0.00,16.76,17.81,0.00,16.82,DStar
814,27.03,AgentPrefab,Agent,MoveState,Moving,Goal,20.00,0.00,20.00,17.81,0.00,16.82,17.81,0.00,16.82,DStar
814,27.03,AgentPrefab,Agent,MoveState,Moving,Goal,20.00,0.00,20.00,17.81,0.00,16.82,17.84,0.00,16.87,DStar
815,27.07,AgentPrefab,Agent,MoveState,Moving,Goal,20.00,0.00,20.00,17.84,0.00,16.87,17.84,0.00,16.87,DStar
815,27.07,AgentPrefab,Agent,MoveState,Moving,Goal,20.00,0.00,20.00,17.84,0.00,16.87,17.87,0.00,16.93,DStar
816,27.10,AgentPrefab,Agent,MoveState,Moving,Goal,20.00,0.00,20.00,17.87,0.00,16.93,17.87,0.00,16.93,DStar
816,27.10,AgentPrefab,Agent,MoveState,Moving,Goal,20.00,0.00,20.00,17.87,0.00,16.93,17.91,0.00,16.99,DStar
817,27.13,AgentPrefab,Agent,MoveState,Moving,Goal,20.00,0.00,20.00,17.91,0.00,16.99,17.91,0.00,16.99,DStar
817,27.13,AgentPrefab,Agent,MoveState,Moving,Goal,20.00,0.00,20.00,17.91,0.00,16.99,17.94,0.00,17.05,DStar
818,27.17,AgentPrefab,Agent,MoveState,Moving,Goal,20.00,0.00,20.00,17.94,0.00,17.05,17.94,0.00,17.05,DStar
818,27.17,AgentPrefab,Agent,MoveState,Moving,Goal,20.00,0.00,20.00,17.94,0.00,17.05,17.97,0.00,17.10,DStar
819,27.20,AgentPrefab,Agent,MoveState,Moving,Goal,20.00,0.00,20.00,17.97,0.00,17.10,17.97,0.00,17.10,DStar
819,27.20,AgentPrefab,Agent,MoveState,Moving,Goal,20.00,0.00,20.00,17.97,0.00,17.10,18.01,0.00,17.16,DStar
820,27.23,AgentPrefab,Agent,MoveState,Moving,Goal,20.00,0.00,20.00,18.01,0.00,17.16,18.01,0.00,17.16,DStar
820,27.23,AgentPrefab,Agent,MoveState,Moving,Goal,20.00,0.00,20.00,18.01,0.00,17.16,18.04,0.00,17.22,DStar
821,27.27,AgentPrefab,Agent,MoveState,Moving,Goal,20.00,0.00,20.00,18.04,0.00,17.22,18.04,0.00,17.22,DStar
821,27.27,AgentPrefab,Agent,MoveState,Moving,Goal,20.00,0.00,20.00,18.04,0.00,17.22,18.07,0.00,17.28,DStar
822,27.30,AgentPrefab,Agent,MoveState,Moving,Goal,20.00,0.00,20.00,18.07,0.00,17.28,18.07,0.00,17.28,DStar
822,27.30,AgentPrefab,Agent,MoveState,Moving,Goal,20.00,0.00,20.00,18.07,0.00,17.28,18.11,0.00,17.34,DStar
823,27.33,AgentPrefab,Agent,MoveState,Moving,Goal,20.00,0.00,20.00,18.11,0.00,17.34,18.11,0.00,17.34,DStar
823,27.33,AgentPrefab,Agent,MoveState,Moving,Goal,20.00,0.00,20.00,18.11,0.00,17.34,18.14,0.00,17.39,DStar
824,27.37,AgentPrefab,Agent,MoveState,Moving,Goal,20.00,0.00,20.00,18.14,0.00,17.39,18.14,0.00,17.39,DStar
824,27.37,AgentPrefab,Agent,MoveState,Moving,Goal,20.00,0.00,20.00,18.14,0.00,17.39,18.17,0.00,17.45,DStar
825,27.40,AgentPrefab,Agent,MoveState,Moving,Goal,20.00,0.00,20.00,18.17,0.00,17.45,18.17,0.00,17.45,DStar
825,27.40,AgentPrefab,Agent,MoveState,Moving,Goal,20.00,0.00,20.00,18.17,0.00,17.45,18.21,0.00,17.51,DStar
826,27.43,AgentPrefab,Agent,MoveState,Moving,Goal,20.00,0.00,20.00,18.21,0.00,17.51,18.21,0.00,17.51,DStar
826,27.43,AgentPrefab,Agent,MoveState,Moving,Goal,20.00,0.00,20.00,18.21,0.00,17.51,18.24,0.00,17.57,DStar
827,27.47,AgentPrefab,Agent,MoveState,Moving,Goal,20.00,0.00,20.00,18.24,0.00,17.57,18.24,0.00,17.57,DStar
827,27.47,AgentPrefab,Agent,MoveState,Moving,Goal,20.00,0.00,20.00,18.24,0.00,17.57,18.28,0.00,17.62,DStar
828,27.50,AgentPrefab,Agent,MoveState,Moving,Goal,20.00,0.00,20.00,18.28,0.00,17.62,18.28,0.00,17.62,DStar
828,27.50,AgentPrefab,Agent,MoveState,Moving,Goal,20.00,0.00,20.00,18.28,0.00,17.62,18.33,0.00,17.67,DStar
829,27.53,AgentPrefab,Agent,MoveState,Moving,Goal,20.00,0.00,20.00,18.33,0.00,17.67,18.33,0.00,17.67,DStar
829,27.53,AgentPrefab,Agent,MoveState,Moving,Goal,20.00,0.00,20.00,18.33,0.00,17.67,18.37,0.00,17.72,DStar
830,27.57,AgentPrefab,Agent,MoveState,Moving,Goal,20.00,0.00,20.00,18.37,0.00,17.72,18.37,0.00,17.72,DStar
830,27.57,AgentPrefab,Agent,MoveState,Moving,Goal,20.00,0.00,20.00,18.37,0.00,17.72,18.41,0.00,17.77,DStar
831,27.60,AgentPrefab,Agent,MoveState,Moving,Goal,20.00,0.00,20.00,18.41,0.00,17.77,18.41,0.00,17.77,DStar
831,27.60,AgentPrefab,Agent,MoveState,Moving,Goal,20.00,0.00,20.00,18.41,0.00,17.77,18.41,0.00,17.77,DStar
832,27.63,AgentPrefab,Agent,MoveState,Moving,Goal,20.00,0.00,20.00,18.41,0.00,17.77,18.41,0.00,17.77,DStar
832,27.63,AgentPrefab,Agent,MoveState,Moving,Goal,20.00,0.00,20.00,18.41,0.00,17.77,18.46,0.00,17.82,DStar
833,27.67,AgentPrefab,Agent,MoveState,Moving,Goal,20.00,0.00,20.00,18.46,0.00,17.82,18.46,0.00,17.82,DStar
833,27.67,AgentPrefab,Agent,MoveState,Moving,Goal,20.00,0.00,20.00,18.46,0.00,17.82,18.50,0.00,17.87,DStar
834,27.70,AgentPrefab,Agent,MoveState,Moving,Goal,20.00,0.00,20.00,18.50,0.00,17.87,18.50,0.00,17.87,DStar
834,27.70,AgentPrefab,Agent,MoveState,Moving,Goal,20.00,0.00,20.00,18.50,0.00,17.87,18.54,0.00,17.92,DStar
835,27.73,AgentPrefab,Agent,MoveState,Moving,Goal,20.00,0.00,20.00,18.54,0.00,17.92,18.54,0.00,17.92,DStar
835,27.73,AgentPrefab,Agent,MoveState,Moving,Goal,20.00,0.00,20.00,18.54,0.00,17.92,18.58,0.00,17.97,DStar
836,27.77,AgentPrefab,Agent,MoveState,Moving,Goal,20.00,0.00,20.00,18.58,0.00,17.97,18.58,0.00,17.97,DStar
836,27.77,AgentPrefab,Agent,MoveState,Moving,Goal,20.00,0.00,20.00,18.58,0.00,17.97,18.63,0.00,18.03,DStar
837,27.80,AgentPrefab,Agent,MoveState,Moving,Goal,20.00,0.00,20.00,18.63,0.00,18.03,18.63,0.00,18.03,DStar
837,27.80,AgentPrefab,Agent,MoveState,Moving,Goal,20.00,0.00,20.00,18.63,0.00,18.03,18.67,0.00,18.08,DStar
838,27.83,AgentPrefab,Agent,MoveState,Moving,Goal,20.00,0.00,20.00,18.67,0.00,18.08,18.67,0.00,18.08,DStar
838,27.83,AgentPrefab,Agent,MoveState,Moving,Goal,20.00,0.00,20.00,18.67,0.00,18.08,18.71,0.00,18.13,DStar
839,27.87,AgentPrefab,Agent,MoveState,Moving,Goal,20.00,0.00,20.00,18.71,0.00,18.13,18.71,0.00,18.13,DStar
839,27.87,AgentPrefab,Agent,MoveState,Moving,Goal,20.00,0.00,20.00,18.71,0.00,18.13,18.76,0.00,18.18,DStar
840,27.90,AgentPrefab,Agent,MoveState,Moving,Goal,20.00,0.00,20.00,18.76,0.00,18.18,18.76,0.00,18.18,DStar
840,27.90,AgentPrefab,Agent,MoveState,Moving,Goal,20.00,0.00,20.00,18.76,0.00,18.18,18.80,0.00,18.23,DStar
841,27.93,AgentPrefab,Agent,MoveState,Moving,Goal,20.00,0.00,20.00,18.80,0.00,18.23,18.80,0.00,18.23,DStar
841,27.93,AgentPrefab,Agent,MoveState,Moving,Goal,20.00,0.00,20.00,18.80,0.00,18.23,18.84,0.00,18.28,DStar
842,27.97,AgentPrefab,Agent,MoveState,Moving,Goal,20.00,0.00,20.00,18.84,0.00,18.28,18.84,0.00,18.28,DStar
842,27.97,AgentPrefab,Agent,MoveState,Moving,Goal,20.00,0.00,20.00,18.84,0.00,18.28,18.88,0.00,18.33,DStar
843,28.00,AgentPrefab,Agent,MoveState,Moving,Goal,20.00,0.00,20.00,18.88,0.00,18.33,18.88,0.00,18.33,DStar
843,28.00,AgentPrefab,Agent,MoveState,Moving,Goal,20.00,0.00,20.00,18.88,0.00,18.33,18.93,0.00,18.38,DStar
844,28.03,AgentPrefab,Agent,MoveState,Moving,Goal,20.00,0.00,20.00,18.93,0.00,18.38,18.93,0.00,18.38,DStar
844,28.03,AgentPrefab,Agent,MoveState,Moving,Goal,20.00,0.00,20.00,18.93,0.00,18.38,18.97,0.00,18.43,DStar
845,28.07,AgentPrefab,Agent,MoveState,Moving,Goal,20.00,0.00,20.00,18.97,0.00,18.43,18.97,0.00,18.43,DStar
845,28.07,AgentPrefab,Agent,MoveState,Moving,Goal,20.00,0.00,20.00,18.97,0.00,18.43,19.01,0.00,18.49,DStar
846,28.10,AgentPrefab,Agent,MoveState,Moving,Goal,20.00,0.00,20.00,19.01,0.00,18.49,19.01,0.00,18.49,DStar
846,28.10,AgentPrefab,Agent,MoveState,Moving,Goal,20.00,0.00,20.00,19.01,0.00,18.49,19.06,0.00,18.54,DStar
847,28.13,AgentPrefab,Agent,MoveState,Moving,Goal,20.00,0.00,20.00,19.06,0.00,18.54,19.06,0.00,18.54,DStar
847,28.13,AgentPrefab,Agent,MoveState,Moving,Goal,20.00,0.00,20.00,19.06,0.00,18.54,19.09,0.00,18.59,DStar
848,28.17,AgentPrefab,Agent,MoveState,Moving,Goal,20.00,0.00,20.00,19.09,0.00,18.59,19.09,0.00,18.59,DStar
848,28.17,AgentPrefab,Agent,MoveState,Moving,Goal,20.00,0.00,20.00,19.09,0.00,18.59,19.12,0.00,18.65,DStar
849,28.20,AgentPrefab,Agent,MoveState,Moving,Goal,20.00,0.00,20.00,19.12,0.00,18.65,19.12,0.00,18.65,DStar
849,28.20,AgentPrefab,Agent,MoveState,Moving,Goal,20.00,0.00,20.00,19.12,0.00,18.65,19.16,0.00,18.71,DStar
850,28.23,AgentPrefab,Agent,MoveState,Moving,Goal,20.00,0.00,20.00,19.16,0.00,18.71,19.16,0.00,18.71,DStar
850,28.23,AgentPrefab,Agent,MoveState,Moving,Goal,20.00,0.00,20.00,19.16,0.00,18.71,19.19,0.00,18.77,DStar
851,28.27,AgentPrefab,Agent,MoveState,Moving,Goal,20.00,0.00,20.00,19.19,0.00,18.77,19.19,0.00,18.77,DStar
851,28.27,AgentPrefab,Agent,MoveState,Moving,Goal,20.00,0.00,20.00,19.19,0.00,18.77,19.22,0.00,18.83,DStar
852,28.30,AgentPrefab,Agent,MoveState,Moving,Goal,20.00,0.00,20.00,19.22,0.00,18.83,19.22,0.00,18.83,DStar
852,28.30,AgentPrefab,Agent,MoveState,Moving,Goal,20.00,0.00,20.00,19.22,0.00,18.83,19.26,0.00,18.88,DStar
853,28.33,AgentPrefab,Agent,MoveState,Moving,Goal,20.00,0.00,20.00,19.26,0.00,18.88,19.26,0.00,18.88,DStar
853,28.33,AgentPrefab,Agent,MoveState,Moving,Goal,20.00,0.00,20.00,19.26,0.00,18.88,19.29,0.00,18.94,DStar
854,28.37,AgentPrefab,Agent,MoveState,Moving,Goal,20.00,0.00,20.00,19.29,0.00,18.94,19.29,0.00,18.94,DStar
854,28.37,AgentPrefab,Agent,MoveState,Moving,Goal,20.00,0.00,20.00,19.29,0.00,18.94,19.32,0.00,19.00,DStar
855,28.40,AgentPrefab,Agent,MoveState,Moving,Goal,20.00,0.00,20.00,19.32,0.00,19.00,19.32,0.00,19.00,DStar
855,28.40,AgentPrefab,Agent,MoveState,Moving,Goal,20.00,0.00,20.00,19.32,0.00,19.00,19.36,0.00,19.06,DStar
856,28.43,AgentPrefab,Agent,MoveState,Moving,Goal,20.00,0.00,20.00,19.36,0.00,19.06,19.36,0.00,19.06,DStar
856,28.43,AgentPrefab,Agent,MoveState,Moving,Goal,20.00,0.00,20.00,19.36,0.00,19.06,19.39,0.00,19.11,DStar
857,28.47,AgentPrefab,Agent,MoveState,Moving,Goal,20.00,0.00,20.00,19.39,0.00,19.11,19.39,0.00,19.11,DStar
857,28.47,AgentPrefab,Agent,MoveState,Moving,Goal,20.00,0.00,20.00,19.39,0.00,19.11,19.39,0.00,19.11,DStar
858,28.50,AgentPrefab,Agent,MoveState,Moving,Goal,20.00,0.00,20.00,19.39,0.00,19.11,19.39,0.00,19.11,DStar
858,28.50,AgentPrefab,Agent,MoveState,Moving,Goal,20.00,0.00,20.00,19.39,0.00,19.11,19.42,0.00,19.17,DStar
859,28.53,AgentPrefab,Agent,MoveState,Moving,Goal,20.00,0.00,20.00,19.42,0.00,19.17,19.42,0.00,19.17,DStar
859,28.53,AgentPrefab,Agent,MoveState,Moving,Goal,20.00,0.00,20.00,19.42,0.00,19.17,19.46,0.00,19.23,DStar
860,28.57,AgentPrefab,Agent,MoveState,Moving,Goal,20.00,0.00,20.00,19.46,0.00,19.23,19.46,0.00,19.23,DStar
860,28.57,AgentPrefab,Agent,MoveState,Moving,Goal,20.00,0.00,20.00,19.46,0.00,19.23,19.49,0.00,19.29,DStar
861,28.60,AgentPrefab,Agent,MoveState,Moving,Goal,20.00,0.00,20.00,19.49,0.00,19.29,19.49,0.00,19.29,DStar
861,28.60,AgentPrefab,Agent,MoveState,Moving,Goal,20.00,0.00,20.00,19.49,0.00,19.29,19.52,0.00,19.34,DStar
862,28.63,AgentPrefab,Agent,MoveState,Moving,Goal,20.00,0.00,20.00,19.52,0.00,19.34,19.52,0.00,19.34,DStar
862,28.63,AgentPrefab,Agent,MoveState,Moving,Goal,20.00,0.00,20.00,19.52,0.00,19.34,19.56,0.00,19.40,DStar
863,28.67,AgentPrefab,Agent,MoveState,Moving,Goal,20.00,0.00,20.00,19.56,0.00,19.40,19.56,0.00,19.40,DStar
863,28.67,AgentPrefab,Agent,MoveState,Moving,Goal,20.00,0.00,20.00,19.56,0.00,19.40,19.59,0.00,19.46,DStar
864,28.70,AgentPrefab,Agent,MoveState,Moving,Goal,20.00,0.00,20.00,19.59,0.00,19.46,19.59,0.00,19.46,DStar
864,28.70,AgentPrefab,Agent,MoveState,Moving,Goal,20.00,0.00,20.00,19.59,0.00,19.46,19.62,0.00,19.52,DStar
865,28.73,AgentPrefab,Agent,MoveState,Moving,Goal,20.00,0.00,20.00,19.62,0.00,19.52,19.62,0.00,19.52,DStar
865,28.73,AgentPrefab,Agent,MoveState,Moving,Goal,20.00,0.00,20.00,19.62,0.00,19.52,19.66,0.00,19.58,DStar
866,28.77,AgentPrefab,Agent,MoveState,Moving,Goal,20.00,0.00,20.00,19.66,0.00,19.58,19.66,0.00,19.58,DStar
866,28.77,AgentPrefab,Agent,MoveState,Moving,Goal,20.00,0.00,20.00,19.66,0.00,19.58,19.69,0.00,19.63,DStar
867,28.80,AgentPrefab,Agent,MoveState,Moving,Goal,20.00,0.00,20.00,19.69,0.00,19.63,19.69,0.00,19.63,DStar
867,28.80,AgentPrefab,Agent,MoveState,Moving,Goal,20.00,0.00,20.00,19.69,0.00,19.63,19.72,0.00,19.69,DStar
868,28.83,AgentPrefab,Agent,MoveState,Moving,Goal,20.00,0.00,20.00,19.72,0.00,19.69,19.72,0.00,19.69,DStar
868,28.83,AgentPrefab,Agent,MoveState,Moving,Goal,20.00,0.00,20.00,19.72,0.00,19.69,19.76,0.00,19.75,DStar
869,28.87,AgentPrefab,Agent,MoveState,Moving,Goal,20.00,0.00,20.00,19.76,0.00,19.75,19.76,0.00,19.75,DStar
869,28.87,AgentPrefab,Agent,MoveState,Moving,Goal,20.00,0.00,20.00,19.76,0.00,19.75,19.79,0.00,19.81,DStar
870,28.90,AgentPrefab,Agent,MoveState,Moving,Goal,20.00,0.00,20.00,19.79,0.00,19.81,19.79,0.00,19.81,DStar
870,28.90,AgentPrefab,Agent,MoveState,Moving,Goal,20.00,0.00,20.00,19.79,0.00,19.81,19.82,0.00,19.86,DStar
871,28.93,AgentPrefab,Agent,MoveState,Moving,Goal,20.00,0.00,20.00,19.82,0.00,19.86,19.82,0.00,19.86,DStar
871,28.93,AgentPrefab,Agent,MoveState,Moving,Goal,20.00,0.00,20.00,19.82,0.00,19.86,19.86,0.00,19.92,DStar
872,28.97,AgentPrefab,Agent,MoveState,Moving,Goal,20.00,0.00,20.00,19.86,0.00,19.92,19.86,0.00,19.92,DStar
872,28.97,AgentPrefab,Agent,MoveState,Moving,Goal,20.00,0.00,20.00,19.86,0.00,19.92,19.89,0.00,19.98,DStar
873,29.00,AgentPrefab,Agent,MoveState,Moving,Goal,20.00,0.00,20.00,19.89,0.00,19.98,19.89,0.00,19.98,DStar
873,29.00,AgentPrefab,Agent,MoveState,Moving,Goal,20.00,0.00,20.00,19.89,0.00,19.98,19.95,0.00,19.99,DStar
874,29.03,AgentPrefab,Agent,MoveState,Moving,Goal,20.00,0.00,20.00,19.95,0.00,19.99,19.95,0.00,19.99,DStar
874,29.03,AgentPrefab,Agent,GoalState,GoalReached,Goal,20.00,0.00,20.00,20.00,0.00,20.00,20.00,0.00,20.00,DStar
1,0.00,AgentPrefab,Agent,IdleState,Idling,AllyPrefab,9.00,0.00,17.00,0.00,0.00,0.00,0.00,0.00,0.00,DStar
1,0.00,AgentPrefab,Agent,SearchState,Searching Path,AllyPrefab,9.00,0.00,17.00,0.00,0.00,0.00,0.00,0.00,0.00,DStar
2,0.02,AgentPrefab,Agent,MoveState,Moving,AllyPrefab,9.00,0.00,17.00,0.00,0.00,0.00,0.00,0.00,0.00,DStar
2,0.02,AgentPrefab,Agent,GoalState,GoalReached,AllyPrefab,9.00,0.00,17.00,0.00,0.00,0.00,0.00,0.00,0.00,DStar
